# Нови-Сад / Облачность / 0-6ч, 6-24ч, 1-2 дня, 2-3 дня, 3-5 дней / Tomorrow.io
# n=3909, MAE=16.171, RMSE=28.084, bias=-4.900
# skill = 1 - (RMSE/RMSE_персистентности)^2 = 1 - (28.084/28.977)^2 = 0.0607  (RMSE_персистентности по 3909 пар(ам))
# persistence baseline = как вчера в это же время - выбран автоматически как более сильный (ниже RMSE) из двух кандидатов для этого периода, одинаково для всех источников
# «Общий» = объединённый пул пар из периодов: 0-6ч, 6-24ч, 1-2 дня, 2-3 дня, 3-5 дней - метрика посчитана заново по всему пулу, а не усреднена по периодам
#
bucket,fetched_at,valid_time,lead_hours,forecast,observed,persistence,error,abs_error
0-6ч,2026-08-06T11:44:08Z,2026-08-06T12:00:00Z,0.3,3.91,25.0,0.0,-21.09,21.09
0-6ч,2026-08-06T11:44:08Z,2026-08-06T13:00:00Z,1.3,17.19,50.0,0.0,-32.81,32.81
0-6ч,2026-08-06T11:44:08Z,2026-08-06T14:00:00Z,2.3,20.31,62.5,12.5,-42.19,42.19
0-6ч,2026-08-06T11:44:08Z,2026-08-06T15:00:00Z,3.3,55.47,87.5,37.5,-32.03,32.03
0-6ч,2026-08-06T11:44:08Z,2026-08-06T16:00:00Z,4.3,26.56,87.5,50.0,-60.94,60.94
0-6ч,2026-08-06T11:44:08Z,2026-08-06T17:00:00Z,5.3,14.84,87.5,50.0,-72.66,72.66
0-6ч,2026-08-07T01:31:32Z,2026-08-07T06:00:00Z,4.5,0.0,12.5,0.0,-12.5,12.5
0-6ч,2026-08-07T01:31:32Z,2026-08-07T07:00:00Z,5.5,20.31,0.0,0.0,20.31,20.31
0-6ч,2026-08-07T05:36:00Z,2026-08-07T06:00:00Z,0.4,0.0,12.5,0.0,-12.5,12.5
0-6ч,2026-08-07T05:36:00Z,2026-08-07T07:00:00Z,1.4,20.31,0.0,0.0,20.31,20.31
0-6ч,2026-08-07T05:36:00Z,2026-08-07T08:00:00Z,2.4,3.91,0.0,0.0,3.91,3.91
0-6ч,2026-08-07T05:36:00Z,2026-08-07T09:00:00Z,3.4,0.78,0.0,0.0,0.78,0.78
0-6ч,2026-08-07T05:36:00Z,2026-08-07T10:00:00Z,4.4,0.78,0.0,0.0,0.78,0.78
0-6ч,2026-08-07T05:36:00Z,2026-08-07T11:00:00Z,5.4,2.34,0.0,12.5,2.34,2.34
0-6ч,2026-08-07T06:18:59Z,2026-08-07T07:00:00Z,0.7,1.56,0.0,0.0,1.56,1.56
0-6ч,2026-08-07T06:18:59Z,2026-08-07T08:00:00Z,1.7,0.78,0.0,0.0,0.78,0.78
0-6ч,2026-08-07T06:18:59Z,2026-08-07T09:00:00Z,2.7,0.0,0.0,0.0,0.0,0.0
0-6ч,2026-08-07T06:18:59Z,2026-08-07T10:00:00Z,3.7,0.0,0.0,0.0,0.0,0.0
0-6ч,2026-08-07T06:18:59Z,2026-08-07T11:00:00Z,4.7,4.69,0.0,12.5,4.69,4.69
0-6ч,2026-08-07T06:18:59Z,2026-08-07T12:00:00Z,5.7,17.19,0.0,25.0,17.19,17.19
0-6ч,2026-08-07T07:13:52Z,2026-08-07T08:00:00Z,0.8,0.78,0.0,0.0,0.78,0.78
0-6ч,2026-08-07T07:13:52Z,2026-08-07T09:00:00Z,1.8,0.0,0.0,0.0,0.0,0.0
0-6ч,2026-08-07T07:13:52Z,2026-08-07T10:00:00Z,2.8,0.0,0.0,0.0,0.0,0.0
0-6ч,2026-08-07T07:13:52Z,2026-08-07T11:00:00Z,3.8,4.69,0.0,12.5,4.69,4.69
0-6ч,2026-08-07T07:13:52Z,2026-08-07T12:00:00Z,4.8,17.19,0.0,25.0,17.19,17.19
0-6ч,2026-08-07T07:13:52Z,2026-08-07T13:00:00Z,5.8,25.0,12.5,50.0,12.5,12.5
0-6ч,2026-08-07T10:39:14Z,2026-08-07T11:00:00Z,0.3,4.69,0.0,12.5,4.69,4.69
0-6ч,2026-08-07T10:39:14Z,2026-08-07T12:00:00Z,1.3,17.19,0.0,25.0,17.19,17.19
0-6ч,2026-08-07T10:39:14Z,2026-08-07T13:00:00Z,2.3,25.0,12.5,50.0,12.5,12.5
0-6ч,2026-08-07T10:39:14Z,2026-08-07T14:00:00Z,3.3,81.25,25.0,62.5,56.25,56.25
0-6ч,2026-08-07T10:39:14Z,2026-08-07T15:00:00Z,4.3,38.28,25.0,87.5,13.28,13.28
0-6ч,2026-08-07T10:39:14Z,2026-08-07T16:00:00Z,5.3,18.75,37.5,87.5,-18.75,18.75
0-6ч,2026-08-07T16:51:54Z,2026-08-07T17:00:00Z,0.1,14.84,12.5,87.5,2.34,2.34
0-6ч,2026-08-07T16:51:54Z,2026-08-07T18:00:00Z,1.1,2.34,75.0,75.0,-72.66,72.66
0-6ч,2026-08-08T04:50:53Z,2026-08-08T06:00:00Z,1.2,1.56,0.0,12.5,1.56,1.56
0-6ч,2026-08-08T04:50:53Z,2026-08-08T07:00:00Z,2.2,8.59,0.0,0.0,8.59,8.59
0-6ч,2026-08-08T04:50:53Z,2026-08-08T08:00:00Z,3.2,0.78,0.0,0.0,0.78,0.78
0-6ч,2026-08-08T04:50:53Z,2026-08-08T09:00:00Z,4.2,0.0,0.0,0.0,0.0,0.0
0-6ч,2026-08-08T04:50:53Z,2026-08-08T10:00:00Z,5.2,0.0,0.0,0.0,0.0,0.0
0-6ч,2026-08-08T10:18:13Z,2026-08-08T11:00:00Z,0.7,9.38,12.5,0.0,-3.12,3.12
0-6ч,2026-08-08T10:18:13Z,2026-08-08T12:00:00Z,1.7,17.97,12.5,0.0,5.47,5.47
0-6ч,2026-08-08T10:18:13Z,2026-08-08T13:00:00Z,2.7,11.72,12.5,12.5,-0.78,0.78
0-6ч,2026-08-08T10:18:13Z,2026-08-08T14:00:00Z,3.7,14.84,12.5,25.0,2.34,2.34
0-6ч,2026-08-08T10:18:13Z,2026-08-08T15:00:00Z,4.7,5.47,12.5,25.0,-7.03,7.03
0-6ч,2026-08-08T10:18:13Z,2026-08-08T16:00:00Z,5.7,15.62,0.0,37.5,15.62,15.62
0-6ч,2026-08-09T04:59:03Z,2026-08-09T06:00:00Z,1.0,0.0,0.0,0.0,0.0,0.0
0-6ч,2026-08-09T04:59:03Z,2026-08-09T07:00:00Z,2.0,0.0,0.0,0.0,0.0,0.0
0-6ч,2026-08-09T04:59:03Z,2026-08-09T08:00:00Z,3.0,0.0,0.0,0.0,0.0,0.0
0-6ч,2026-08-09T04:59:03Z,2026-08-09T09:00:00Z,4.0,0.0,0.0,0.0,0.0,0.0
0-6ч,2026-08-09T04:59:03Z,2026-08-09T10:00:00Z,5.0,0.0,0.0,0.0,0.0,0.0
0-6ч,2026-08-09T10:19:29Z,2026-08-09T11:00:00Z,0.7,0.0,0.0,12.5,0.0,0.0
0-6ч,2026-08-09T10:19:29Z,2026-08-09T12:00:00Z,1.7,0.0,12.5,12.5,-12.5,12.5
0-6ч,2026-08-09T10:19:29Z,2026-08-09T13:00:00Z,2.7,0.0,12.5,12.5,-12.5,12.5
0-6ч,2026-08-09T10:19:29Z,2026-08-09T14:00:00Z,3.7,0.0,0.0,12.5,0.0,0.0
0-6ч,2026-08-09T10:19:29Z,2026-08-09T15:00:00Z,4.7,0.0,0.0,12.5,0.0,0.0
0-6ч,2026-08-09T10:19:29Z,2026-08-09T16:00:00Z,5.7,0.0,0.0,0.0,0.0,0.0
0-6ч,2026-08-09T12:41:38Z,2026-08-09T13:00:00Z,0.3,0.0,12.5,12.5,-12.5,12.5
0-6ч,2026-08-09T12:41:38Z,2026-08-09T14:00:00Z,1.3,0.0,0.0,12.5,0.0,0.0
0-6ч,2026-08-09T12:41:38Z,2026-08-09T15:00:00Z,2.3,0.0,0.0,12.5,0.0,0.0
0-6ч,2026-08-09T12:41:38Z,2026-08-09T16:00:00Z,3.3,0.0,0.0,0.0,0.0,0.0
0-6ч,2026-08-09T12:41:38Z,2026-08-09T17:00:00Z,4.3,0.0,0.0,0.0,0.0,0.0
0-6ч,2026-08-09T12:41:38Z,2026-08-09T18:00:00Z,5.3,0.0,0.0,0.0,0.0,0.0
0-6ч,2026-08-09T12:45:53Z,2026-08-09T13:00:00Z,0.2,0.0,12.5,12.5,-12.5,12.5
0-6ч,2026-08-09T12:45:53Z,2026-08-09T14:00:00Z,1.2,0.0,0.0,12.5,0.0,0.0
0-6ч,2026-08-09T12:45:53Z,2026-08-09T15:00:00Z,2.2,0.0,0.0,12.5,0.0,0.0
0-6ч,2026-08-09T12:45:53Z,2026-08-09T16:00:00Z,3.2,0.0,0.0,0.0,0.0,0.0
0-6ч,2026-08-09T12:45:53Z,2026-08-09T17:00:00Z,4.2,0.0,0.0,0.0,0.0,0.0
0-6ч,2026-08-09T12:45:53Z,2026-08-09T18:00:00Z,5.2,0.0,0.0,0.0,0.0,0.0
0-6ч,2026-08-09T12:48:15Z,2026-08-09T13:00:00Z,0.2,0.0,12.5,12.5,-12.5,12.5
0-6ч,2026-08-09T12:48:15Z,2026-08-09T14:00:00Z,1.2,0.0,0.0,12.5,0.0,0.0
0-6ч,2026-08-09T12:48:15Z,2026-08-09T15:00:00Z,2.2,0.0,0.0,12.5,0.0,0.0
0-6ч,2026-08-09T12:48:15Z,2026-08-09T16:00:00Z,3.2,0.0,0.0,0.0,0.0,0.0
0-6ч,2026-08-09T12:48:15Z,2026-08-09T17:00:00Z,4.2,0.0,0.0,0.0,0.0,0.0
0-6ч,2026-08-09T12:48:15Z,2026-08-09T18:00:00Z,5.2,0.0,0.0,0.0,0.0,0.0
0-6ч,2026-08-09T16:31:44Z,2026-08-09T17:00:00Z,0.5,0.0,0.0,0.0,0.0,0.0
0-6ч,2026-08-09T16:31:44Z,2026-08-09T18:00:00Z,1.5,0.0,0.0,0.0,0.0,0.0
0-6ч,2026-08-10T05:20:42Z,2026-08-10T06:00:00Z,0.7,0.0,0.0,0.0,0.0,0.0
0-6ч,2026-08-10T05:20:42Z,2026-08-10T07:00:00Z,1.7,0.0,0.0,0.0,0.0,0.0
0-6ч,2026-08-10T05:20:42Z,2026-08-10T08:00:00Z,2.7,0.0,0.0,0.0,0.0,0.0
0-6ч,2026-08-10T05:20:42Z,2026-08-10T09:00:00Z,3.7,0.0,0.0,0.0,0.0,0.0
0-6ч,2026-08-10T05:20:42Z,2026-08-10T10:00:00Z,4.7,0.0,0.0,0.0,0.0,0.0
0-6ч,2026-08-10T05:20:42Z,2026-08-10T11:00:00Z,5.7,0.0,12.5,0.0,-12.5,12.5
0-6ч,2026-08-10T10:53:28Z,2026-08-10T11:00:00Z,0.1,0.0,12.5,0.0,-12.5,12.5
0-6ч,2026-08-10T10:53:28Z,2026-08-10T12:00:00Z,1.1,0.0,0.0,12.5,0.0,0.0
0-6ч,2026-08-10T10:53:28Z,2026-08-10T13:00:00Z,2.1,0.0,0.0,12.5,0.0,0.0
0-6ч,2026-08-10T10:53:28Z,2026-08-10T14:00:00Z,3.1,0.0,0.0,0.0,0.0,0.0
0-6ч,2026-08-10T10:53:28Z,2026-08-10T15:00:00Z,4.1,0.0,0.0,0.0,0.0,0.0
0-6ч,2026-08-10T10:53:28Z,2026-08-10T16:00:00Z,5.1,0.0,0.0,0.0,0.0,0.0
0-6ч,2026-08-10T16:52:05Z,2026-08-10T17:00:00Z,0.1,0.0,0.0,0.0,0.0,0.0
0-6ч,2026-08-10T16:52:05Z,2026-08-10T18:00:00Z,1.1,0.0,0.0,0.0,0.0,0.0
0-6ч,2026-08-11T05:01:49Z,2026-08-11T06:00:00Z,1.0,0.0,0.0,0.0,0.0,0.0
0-6ч,2026-08-11T05:01:49Z,2026-08-11T07:00:00Z,2.0,0.0,0.0,0.0,0.0,0.0
0-6ч,2026-08-11T05:01:49Z,2026-08-11T08:00:00Z,3.0,0.0,0.0,0.0,0.0,0.0
0-6ч,2026-08-11T05:01:49Z,2026-08-11T09:00:00Z,4.0,0.0,0.0,0.0,0.0,0.0
0-6ч,2026-08-11T05:01:49Z,2026-08-11T10:00:00Z,5.0,0.0,0.0,0.0,0.0,0.0
0-6ч,2026-08-11T05:01:49Z,2026-08-11T11:00:00Z,6.0,0.0,0.0,12.5,0.0,0.0
0-6ч,2026-08-11T10:38:45Z,2026-08-11T11:00:00Z,0.4,0.0,0.0,12.5,0.0,0.0
0-6ч,2026-08-11T10:38:45Z,2026-08-11T12:00:00Z,1.4,0.0,0.0,0.0,0.0,0.0
0-6ч,2026-08-11T10:38:45Z,2026-08-11T13:00:00Z,2.4,0.0,0.0,0.0,0.0,0.0
0-6ч,2026-08-11T10:38:45Z,2026-08-11T14:00:00Z,3.4,0.0,0.0,0.0,0.0,0.0
0-6ч,2026-08-11T10:38:45Z,2026-08-11T15:00:00Z,4.4,1.56,0.0,0.0,1.56,1.56
0-6ч,2026-08-11T10:38:45Z,2026-08-11T16:00:00Z,5.4,4.69,0.0,0.0,4.69,4.69
0-6ч,2026-08-12T06:05:22Z,2026-08-12T07:00:00Z,0.9,3.91,75.0,0.0,-71.09,71.09
0-6ч,2026-08-12T06:05:22Z,2026-08-12T08:00:00Z,1.9,1.56,50.0,0.0,-48.44,48.44
0-6ч,2026-08-12T06:05:22Z,2026-08-12T09:00:00Z,2.9,0.0,25.0,0.0,-25.0,25.0
0-6ч,2026-08-12T06:05:22Z,2026-08-12T10:00:00Z,3.9,0.78,25.0,0.0,-24.22,24.22
0-6ч,2026-08-12T06:05:22Z,2026-08-12T11:00:00Z,4.9,0.78,12.5,0.0,-11.72,11.72
0-6ч,2026-08-12T06:05:22Z,2026-08-12T12:00:00Z,5.9,0.78,12.5,0.0,-11.72,11.72
0-6ч,2026-08-12T10:47:03Z,2026-08-12T11:00:00Z,0.2,0.78,12.5,0.0,-11.72,11.72
0-6ч,2026-08-12T10:47:03Z,2026-08-12T12:00:00Z,1.2,0.78,12.5,0.0,-11.72,11.72
0-6ч,2026-08-12T10:47:03Z,2026-08-12T13:00:00Z,2.2,0.0,0.0,0.0,0.0,0.0
0-6ч,2026-08-12T10:47:03Z,2026-08-12T14:00:00Z,3.2,0.0,0.0,0.0,0.0,0.0
0-6ч,2026-08-12T10:47:03Z,2026-08-12T15:00:00Z,4.2,0.0,0.0,0.0,0.0,0.0
0-6ч,2026-08-12T10:47:03Z,2026-08-12T16:00:00Z,5.2,0.0,0.0,0.0,0.0,0.0
0-6ч,2026-08-12T16:54:57Z,2026-08-12T17:00:00Z,0.1,0.0,0.0,0.0,0.0,0.0
0-6ч,2026-08-12T16:54:57Z,2026-08-12T18:00:00Z,1.1,0.0,0.0,0.0,0.0,0.0
0-6ч,2026-08-13T05:30:08Z,2026-08-13T06:00:00Z,0.5,0.0,0.0,75.0,0.0,0.0
0-6ч,2026-08-13T05:30:08Z,2026-08-13T07:00:00Z,1.5,0.0,0.0,75.0,0.0,0.0
0-6ч,2026-08-13T05:30:08Z,2026-08-13T08:00:00Z,2.5,0.0,0.0,50.0,0.0,0.0
0-6ч,2026-08-13T05:30:08Z,2026-08-13T09:00:00Z,3.5,0.0,0.0,25.0,0.0,0.0
0-6ч,2026-08-13T05:30:08Z,2026-08-13T10:00:00Z,4.5,0.0,0.0,25.0,0.0,0.0
0-6ч,2026-08-13T05:30:08Z,2026-08-13T11:00:00Z,5.5,0.0,0.0,12.5,0.0,0.0
0-6ч,2026-08-13T10:49:01Z,2026-08-13T11:00:00Z,0.2,0.0,0.0,12.5,0.0,0.0
0-6ч,2026-08-13T10:49:01Z,2026-08-13T12:00:00Z,1.2,0.0,0.0,12.5,0.0,0.0
0-6ч,2026-08-13T10:49:01Z,2026-08-13T13:00:00Z,2.2,0.0,0.0,0.0,0.0,0.0
0-6ч,2026-08-13T10:49:01Z,2026-08-13T14:00:00Z,3.2,0.0,0.0,0.0,0.0,0.0
0-6ч,2026-08-13T10:49:01Z,2026-08-13T15:00:00Z,4.2,0.0,0.0,0.0,0.0,0.0
0-6ч,2026-08-13T10:49:01Z,2026-08-13T16:00:00Z,5.2,0.0,0.0,0.0,0.0,0.0
0-6ч,2026-08-13T16:36:10Z,2026-08-13T17:00:00Z,0.4,0.0,0.0,0.0,0.0,0.0
0-6ч,2026-08-13T16:36:10Z,2026-08-13T18:00:00Z,1.4,0.0,0.0,0.0,0.0,0.0
0-6ч,2026-08-13T16:42:24Z,2026-08-13T17:00:00Z,0.3,0.0,0.0,0.0,0.0,0.0
0-6ч,2026-08-13T16:42:24Z,2026-08-13T18:00:00Z,1.3,0.0,0.0,0.0,0.0,0.0
0-6ч,2026-08-13T16:54:22Z,2026-08-13T17:00:00Z,0.1,0.0,0.0,0.0,0.0,0.0
0-6ч,2026-08-13T16:54:22Z,2026-08-13T18:00:00Z,1.1,0.0,0.0,0.0,0.0,0.0
0-6ч,2026-08-14T05:28:14Z,2026-08-14T06:00:00Z,0.5,0.0,0.0,0.0,0.0,0.0
0-6ч,2026-08-14T05:28:14Z,2026-08-14T07:00:00Z,1.5,0.0,0.0,0.0,0.0,0.0
0-6ч,2026-08-14T05:28:14Z,2026-08-14T08:00:00Z,2.5,0.0,0.0,0.0,0.0,0.0
0-6ч,2026-08-14T05:28:14Z,2026-08-14T09:00:00Z,3.5,0.0,0.0,0.0,0.0,0.0
0-6ч,2026-08-14T05:28:14Z,2026-08-14T10:00:00Z,4.5,0.0,0.0,0.0,0.0,0.0
0-6ч,2026-08-14T05:28:14Z,2026-08-14T11:00:00Z,5.5,0.0,25.0,0.0,-25.0,25.0
0-6ч,2026-08-14T10:44:54Z,2026-08-14T11:00:00Z,0.3,0.0,25.0,0.0,-25.0,25.0
0-6ч,2026-08-14T10:44:54Z,2026-08-14T12:00:00Z,1.3,0.0,25.0,0.0,-25.0,25.0
0-6ч,2026-08-14T10:44:54Z,2026-08-14T13:00:00Z,2.3,0.0,25.0,0.0,-25.0,25.0
0-6ч,2026-08-14T10:44:54Z,2026-08-14T14:00:00Z,3.3,0.0,25.0,0.0,-25.0,25.0
0-6ч,2026-08-14T10:44:54Z,2026-08-14T15:00:00Z,4.3,0.0,12.5,0.0,-12.5,12.5
0-6ч,2026-08-14T10:44:54Z,2026-08-14T16:00:00Z,5.3,0.0,12.5,0.0,-12.5,12.5
0-6ч,2026-08-14T16:48:33Z,2026-08-14T17:00:00Z,0.2,0.0,12.5,0.0,-12.5,12.5
0-6ч,2026-08-14T16:48:33Z,2026-08-14T18:00:00Z,1.2,0.0,25.0,0.0,-25.0,25.0
0-6ч,2026-08-15T04:24:15Z,2026-08-15T06:00:00Z,1.6,0.0,0.0,0.0,0.0,0.0
0-6ч,2026-08-15T04:24:15Z,2026-08-15T07:00:00Z,2.6,0.0,0.0,0.0,0.0,0.0
0-6ч,2026-08-15T04:24:15Z,2026-08-15T08:00:00Z,3.6,0.0,0.0,0.0,0.0,0.0
0-6ч,2026-08-15T04:24:15Z,2026-08-15T09:00:00Z,4.6,0.0,0.0,0.0,0.0,0.0
0-6ч,2026-08-15T04:24:15Z,2026-08-15T10:00:00Z,5.6,0.0,0.0,0.0,0.0,0.0
0-6ч,2026-08-15T10:09:15Z,2026-08-15T11:00:00Z,0.8,0.0,0.0,25.0,0.0,0.0
0-6ч,2026-08-15T10:09:15Z,2026-08-15T12:00:00Z,1.8,0.0,0.0,25.0,0.0,0.0
0-6ч,2026-08-15T10:09:15Z,2026-08-15T13:00:00Z,2.8,0.0,0.0,25.0,0.0,0.0
0-6ч,2026-08-15T10:09:15Z,2026-08-15T14:00:00Z,3.8,0.0,0.0,25.0,0.0,0.0
0-6ч,2026-08-15T10:09:15Z,2026-08-15T15:00:00Z,4.8,0.0,0.0,12.5,0.0,0.0
0-6ч,2026-08-15T10:09:15Z,2026-08-15T16:00:00Z,5.8,0.0,0.0,12.5,0.0,0.0
0-6ч,2026-08-15T16:20:39Z,2026-08-15T17:00:00Z,0.7,0.0,0.0,12.5,0.0,0.0
0-6ч,2026-08-15T16:20:39Z,2026-08-15T18:00:00Z,1.7,0.0,0.0,25.0,0.0,0.0
0-6ч,2026-08-16T04:29:41Z,2026-08-16T06:00:00Z,1.5,0.0,0.0,0.0,0.0,0.0
0-6ч,2026-08-16T04:29:41Z,2026-08-16T07:00:00Z,2.5,0.0,0.0,0.0,0.0,0.0
0-6ч,2026-08-16T04:29:41Z,2026-08-16T08:00:00Z,3.5,0.0,0.0,0.0,0.0,0.0
0-6ч,2026-08-16T04:29:41Z,2026-08-16T09:00:00Z,4.5,0.0,0.0,0.0,0.0,0.0
0-6ч,2026-08-16T04:29:41Z,2026-08-16T10:00:00Z,5.5,0.0,0.0,0.0,0.0,0.0
0-6ч,2026-08-16T07:21:44Z,2026-08-16T08:00:00Z,0.6,0.0,0.0,0.0,0.0,0.0
0-6ч,2026-08-16T07:21:44Z,2026-08-16T09:00:00Z,1.6,0.0,0.0,0.0,0.0,0.0
0-6ч,2026-08-16T07:21:44Z,2026-08-16T10:00:00Z,2.6,0.0,0.0,0.0,0.0,0.0
0-6ч,2026-08-16T07:21:44Z,2026-08-16T11:00:00Z,3.6,0.0,0.0,0.0,0.0,0.0
0-6ч,2026-08-16T07:21:44Z,2026-08-16T12:00:00Z,4.6,0.0,0.0,0.0,0.0,0.0
0-6ч,2026-08-16T07:21:44Z,2026-08-16T13:00:00Z,5.6,0.0,0.0,0.0,0.0,0.0
0-6ч,2026-08-16T10:09:47Z,2026-08-16T11:00:00Z,0.8,0.0,0.0,0.0,0.0,0.0
0-6ч,2026-08-16T10:09:47Z,2026-08-16T12:00:00Z,1.8,0.0,0.0,0.0,0.0,0.0
0-6ч,2026-08-16T10:09:47Z,2026-08-16T13:00:00Z,2.8,0.0,0.0,0.0,0.0,0.0
0-6ч,2026-08-16T10:09:47Z,2026-08-16T14:00:00Z,3.8,0.0,0.0,0.0,0.0,0.0
0-6ч,2026-08-16T10:09:47Z,2026-08-16T15:00:00Z,4.8,0.0,0.0,0.0,0.0,0.0
0-6ч,2026-08-16T10:09:47Z,2026-08-16T16:00:00Z,5.8,0.0,0.0,0.0,0.0,0.0
0-6ч,2026-08-16T16:21:00Z,2026-08-16T17:00:00Z,0.7,0.0,0.0,0.0,0.0,0.0
0-6ч,2026-08-16T16:21:00Z,2026-08-16T18:00:00Z,1.6,0.0,0.0,0.0,0.0,0.0
0-6ч,2026-08-17T04:35:30Z,2026-08-17T06:00:00Z,1.4,5.47,0.0,0.0,5.47,5.47
0-6ч,2026-08-17T04:35:30Z,2026-08-17T07:00:00Z,2.4,8.59,0.0,0.0,8.59,8.59
0-6ч,2026-08-17T04:35:30Z,2026-08-17T08:00:00Z,3.4,10.16,0.0,0.0,10.16,10.16
0-6ч,2026-08-17T04:35:30Z,2026-08-17T09:00:00Z,4.4,28.91,12.5,0.0,16.41,16.41
0-6ч,2026-08-17T04:35:30Z,2026-08-17T10:00:00Z,5.4,64.84,12.5,0.0,52.34,52.34
0-6ч,2026-08-17T10:18:11Z,2026-08-17T11:00:00Z,0.7,96.88,12.5,0.0,84.38,84.38
0-6ч,2026-08-17T10:18:11Z,2026-08-17T12:00:00Z,1.7,98.44,25.0,0.0,73.44,73.44
0-6ч,2026-08-17T10:18:11Z,2026-08-17T13:00:00Z,2.7,67.19,37.5,0.0,29.69,29.69
0-6ч,2026-08-17T10:18:11Z,2026-08-17T14:00:00Z,3.7,67.19,25.0,0.0,42.19,42.19
0-6ч,2026-08-17T10:18:11Z,2026-08-17T15:00:00Z,4.7,78.91,0.0,0.0,78.91,78.91
0-6ч,2026-08-17T10:18:11Z,2026-08-17T16:00:00Z,5.7,62.5,0.0,0.0,62.5,62.5
0-6ч,2026-08-17T16:23:45Z,2026-08-17T17:00:00Z,0.6,38.28,12.5,0.0,25.78,25.78
0-6ч,2026-08-17T16:23:45Z,2026-08-17T18:00:00Z,1.6,53.12,37.5,0.0,15.62,15.62
0-6ч,2026-08-18T04:30:05Z,2026-08-18T06:00:00Z,1.5,0.78,100.0,0.0,-99.22,99.22
0-6ч,2026-08-18T04:30:05Z,2026-08-18T07:00:00Z,2.5,17.97,87.5,0.0,-69.53,69.53
0-6ч,2026-08-18T04:30:05Z,2026-08-18T08:00:00Z,3.5,17.19,75.0,0.0,-57.81,57.81
0-6ч,2026-08-18T04:30:05Z,2026-08-18T09:00:00Z,4.5,57.81,50.0,12.5,7.81,7.81
0-6ч,2026-08-18T04:30:05Z,2026-08-18T10:00:00Z,5.5,46.88,37.5,12.5,9.38,9.38
0-6ч,2026-08-18T10:14:55Z,2026-08-18T11:00:00Z,0.8,45.31,50.0,12.5,-4.69,4.69
0-6ч,2026-08-18T10:14:55Z,2026-08-18T12:00:00Z,1.8,81.25,75.0,25.0,6.25,6.25
0-6ч,2026-08-18T10:14:55Z,2026-08-18T13:00:00Z,2.8,51.56,75.0,37.5,-23.44,23.44
0-6ч,2026-08-18T10:14:55Z,2026-08-18T14:00:00Z,3.8,16.41,62.5,25.0,-46.09,46.09
0-6ч,2026-08-18T10:14:55Z,2026-08-18T15:00:00Z,4.8,67.97,25.0,0.0,42.97,42.97
0-6ч,2026-08-18T10:14:55Z,2026-08-18T16:00:00Z,5.8,39.06,37.5,0.0,1.56,1.56
0-6ч,2026-08-18T16:27:50Z,2026-08-18T17:00:00Z,0.5,82.03,37.5,12.5,44.53,44.53
0-6ч,2026-08-18T16:27:50Z,2026-08-18T18:00:00Z,1.5,85.16,75.0,37.5,10.16,10.16
0-6ч,2026-08-19T04:31:14Z,2026-08-19T06:00:00Z,1.5,28.12,87.5,100.0,-59.38,59.38
0-6ч,2026-08-19T04:31:14Z,2026-08-19T07:00:00Z,2.5,69.53,87.5,87.5,-17.97,17.97
0-6ч,2026-08-19T04:31:14Z,2026-08-19T08:00:00Z,3.5,85.16,12.5,75.0,72.66,72.66
0-6ч,2026-08-19T04:31:14Z,2026-08-19T09:00:00Z,4.5,42.19,12.5,50.0,29.69,29.69
0-6ч,2026-08-19T04:31:14Z,2026-08-19T10:00:00Z,5.5,76.56,50.0,37.5,26.56,26.56
0-6ч,2026-08-19T10:14:48Z,2026-08-19T11:00:00Z,0.8,25.78,62.5,50.0,-36.72,36.72
0-6ч,2026-08-19T10:14:48Z,2026-08-19T12:00:00Z,1.8,0.78,12.5,75.0,-11.72,11.72
0-6ч,2026-08-19T10:14:48Z,2026-08-19T13:00:00Z,2.8,0.78,0.0,75.0,0.78,0.78
0-6ч,2026-08-19T10:14:48Z,2026-08-19T14:00:00Z,3.8,0.0,0.0,62.5,0.0,0.0
0-6ч,2026-08-19T10:14:48Z,2026-08-19T15:00:00Z,4.8,0.0,0.0,25.0,0.0,0.0
0-6ч,2026-08-19T10:14:48Z,2026-08-19T16:00:00Z,5.8,2.34,0.0,37.5,2.34,2.34
0-6ч,2026-08-19T16:28:17Z,2026-08-19T17:00:00Z,0.5,2.34,12.5,37.5,-10.16,10.16
0-6ч,2026-08-19T16:28:17Z,2026-08-19T18:00:00Z,1.5,3.91,0.0,75.0,3.91,3.91
0-6ч,2026-08-20T04:31:56Z,2026-08-20T06:00:00Z,1.5,12.5,12.5,87.5,0.0,0.0
0-6ч,2026-08-20T04:31:56Z,2026-08-20T07:00:00Z,2.5,47.66,12.5,87.5,35.16,35.16
0-6ч,2026-08-20T04:31:56Z,2026-08-20T08:00:00Z,3.5,78.91,37.5,12.5,41.41,41.41
0-6ч,2026-08-20T04:31:56Z,2026-08-20T09:00:00Z,4.5,11.72,37.5,12.5,-25.78,25.78
0-6ч,2026-08-20T04:31:56Z,2026-08-20T10:00:00Z,5.5,39.84,12.5,50.0,27.34,27.34
0-6ч,2026-08-20T10:16:10Z,2026-08-20T11:00:00Z,0.7,18.75,25.0,62.5,-6.25,6.25
0-6ч,2026-08-20T10:16:10Z,2026-08-20T12:00:00Z,1.7,3.91,12.5,12.5,-8.59,8.59
0-6ч,2026-08-20T10:16:10Z,2026-08-20T13:00:00Z,2.7,1.56,25.0,0.0,-23.44,23.44
0-6ч,2026-08-20T10:16:10Z,2026-08-20T14:00:00Z,3.7,7.03,12.5,0.0,-5.47,5.47
0-6ч,2026-08-20T10:16:10Z,2026-08-20T15:00:00Z,4.7,13.28,0.0,0.0,13.28,13.28
0-6ч,2026-08-20T10:16:10Z,2026-08-20T16:00:00Z,5.7,5.47,12.5,0.0,-7.03,7.03
0-6ч,2026-08-20T16:31:45Z,2026-08-20T17:00:00Z,0.5,12.5,0.0,12.5,12.5,12.5
0-6ч,2026-08-20T16:31:45Z,2026-08-20T18:00:00Z,1.5,9.38,0.0,0.0,9.38,9.38
0-6ч,2026-08-21T04:32:20Z,2026-08-21T06:00:00Z,1.5,63.28,25.0,12.5,38.28,38.28
0-6ч,2026-08-21T04:32:20Z,2026-08-21T07:00:00Z,2.5,9.38,25.0,12.5,-15.62,15.62
0-6ч,2026-08-21T04:32:20Z,2026-08-21T08:00:00Z,3.5,74.22,25.0,37.5,49.22,49.22
0-6ч,2026-08-21T04:32:20Z,2026-08-21T09:00:00Z,4.5,92.97,37.5,37.5,55.47,55.47
0-6ч,2026-08-21T04:32:20Z,2026-08-21T10:00:00Z,5.5,81.25,37.5,12.5,43.75,43.75
0-6ч,2026-08-21T10:16:50Z,2026-08-21T11:00:00Z,0.7,96.88,50.0,25.0,46.88,46.88
0-6ч,2026-08-21T10:16:50Z,2026-08-21T12:00:00Z,1.7,97.66,50.0,12.5,47.66,47.66
0-6ч,2026-08-21T10:16:50Z,2026-08-21T13:00:00Z,2.7,23.44,12.5,25.0,10.94,10.94
0-6ч,2026-08-22T04:26:43Z,2026-08-22T06:00:00Z,1.6,3.91,12.5,25.0,-8.59,8.59
0-6ч,2026-08-22T04:26:43Z,2026-08-22T07:00:00Z,2.6,5.47,25.0,25.0,-19.53,19.53
0-6ч,2026-08-22T04:26:43Z,2026-08-22T08:00:00Z,3.6,10.94,37.5,25.0,-26.56,26.56
0-6ч,2026-08-22T04:26:43Z,2026-08-22T09:00:00Z,4.6,6.25,37.5,37.5,-31.25,31.25
0-6ч,2026-08-22T04:26:43Z,2026-08-22T10:00:00Z,5.6,4.69,37.5,37.5,-32.81,32.81
0-6ч,2026-08-22T10:09:41Z,2026-08-22T11:00:00Z,0.8,10.16,37.5,50.0,-27.34,27.34
0-6ч,2026-08-22T10:09:41Z,2026-08-22T12:00:00Z,1.8,9.38,25.0,50.0,-15.62,15.62
0-6ч,2026-08-22T10:09:41Z,2026-08-22T13:00:00Z,2.8,3.91,25.0,12.5,-21.09,21.09
0-6ч,2026-08-23T04:31:06Z,2026-08-23T06:00:00Z,1.5,91.41,87.5,12.5,3.91,3.91
0-6ч,2026-08-23T04:31:06Z,2026-08-23T07:00:00Z,2.5,31.25,87.5,25.0,-56.25,56.25
0-6ч,2026-08-23T04:31:06Z,2026-08-23T08:00:00Z,3.5,19.53,87.5,37.5,-67.97,67.97
0-6ч,2026-08-23T04:31:06Z,2026-08-23T09:00:00Z,4.5,22.66,87.5,37.5,-64.84,64.84
0-6ч,2026-08-23T04:31:06Z,2026-08-23T10:00:00Z,5.5,16.41,62.5,37.5,-46.09,46.09
0-6ч,2026-08-23T10:10:14Z,2026-08-23T11:00:00Z,0.8,9.38,75.0,37.5,-65.62,65.62
0-6ч,2026-08-23T10:10:14Z,2026-08-23T12:00:00Z,1.8,49.22,75.0,25.0,-25.78,25.78
0-6ч,2026-08-23T10:10:14Z,2026-08-23T13:00:00Z,2.8,3.91,50.0,25.0,-46.09,46.09
6-24ч,2026-08-06T11:44:08Z,2026-08-06T18:00:00Z,6.3,6.25,75.0,50.0,-68.75,68.75
6-24ч,2026-08-06T11:44:08Z,2026-08-07T06:00:00Z,18.3,0.0,12.5,0.0,-12.5,12.5
6-24ч,2026-08-06T11:44:08Z,2026-08-07T07:00:00Z,19.3,0.0,0.0,0.0,0.0,0.0
6-24ч,2026-08-06T11:44:08Z,2026-08-07T08:00:00Z,20.3,0.0,0.0,0.0,0.0,0.0
6-24ч,2026-08-06T11:44:08Z,2026-08-07T09:00:00Z,21.3,0.78,0.0,0.0,0.78,0.78
6-24ч,2026-08-06T11:44:08Z,2026-08-07T10:00:00Z,22.3,0.78,0.0,0.0,0.78,0.78
6-24ч,2026-08-06T11:44:08Z,2026-08-07T11:00:00Z,23.3,4.69,0.0,12.5,4.69,4.69
6-24ч,2026-08-07T01:31:32Z,2026-08-07T08:00:00Z,6.5,3.91,0.0,0.0,3.91,3.91
6-24ч,2026-08-07T01:31:32Z,2026-08-07T09:00:00Z,7.5,0.78,0.0,0.0,0.78,0.78
6-24ч,2026-08-07T01:31:32Z,2026-08-07T10:00:00Z,8.5,0.78,0.0,0.0,0.78,0.78
6-24ч,2026-08-07T01:31:32Z,2026-08-07T11:00:00Z,9.5,2.34,0.0,12.5,2.34,2.34
6-24ч,2026-08-07T01:31:32Z,2026-08-07T12:00:00Z,10.5,40.62,0.0,25.0,40.62,40.62
6-24ч,2026-08-07T01:31:32Z,2026-08-07T13:00:00Z,11.5,40.62,12.5,50.0,28.12,28.12
6-24ч,2026-08-07T01:31:32Z,2026-08-07T14:00:00Z,12.5,50.78,25.0,62.5,25.78,25.78
6-24ч,2026-08-07T01:31:32Z,2026-08-07T15:00:00Z,13.5,53.12,25.0,87.5,28.12,28.12
6-24ч,2026-08-07T01:31:32Z,2026-08-07T16:00:00Z,14.5,25.78,37.5,87.5,-11.72,11.72
6-24ч,2026-08-07T01:31:32Z,2026-08-07T17:00:00Z,15.5,3.91,12.5,87.5,-8.59,8.59
6-24ч,2026-08-07T01:31:32Z,2026-08-07T18:00:00Z,16.5,26.56,75.0,75.0,-48.44,48.44
6-24ч,2026-08-07T05:36:00Z,2026-08-07T12:00:00Z,6.4,40.62,0.0,25.0,40.62,40.62
6-24ч,2026-08-07T05:36:00Z,2026-08-07T13:00:00Z,7.4,40.62,12.5,50.0,28.12,28.12
6-24ч,2026-08-07T05:36:00Z,2026-08-07T14:00:00Z,8.4,50.78,25.0,62.5,25.78,25.78
6-24ч,2026-08-07T05:36:00Z,2026-08-07T15:00:00Z,9.4,53.12,25.0,87.5,28.12,28.12
6-24ч,2026-08-07T05:36:00Z,2026-08-07T16:00:00Z,10.4,25.78,37.5,87.5,-11.72,11.72
6-24ч,2026-08-07T05:36:00Z,2026-08-07T17:00:00Z,11.4,3.91,12.5,87.5,-8.59,8.59
6-24ч,2026-08-07T05:36:00Z,2026-08-07T18:00:00Z,12.4,26.56,75.0,75.0,-48.44,48.44
6-24ч,2026-08-07T06:18:59Z,2026-08-07T13:00:00Z,6.7,25.0,12.5,50.0,12.5,12.5
6-24ч,2026-08-07T06:18:59Z,2026-08-07T14:00:00Z,7.7,81.25,25.0,62.5,56.25,56.25
6-24ч,2026-08-07T06:18:59Z,2026-08-07T15:00:00Z,8.7,38.28,25.0,87.5,13.28,13.28
6-24ч,2026-08-07T06:18:59Z,2026-08-07T16:00:00Z,9.7,18.75,37.5,87.5,-18.75,18.75
6-24ч,2026-08-07T06:18:59Z,2026-08-07T17:00:00Z,10.7,18.75,12.5,87.5,6.25,6.25
6-24ч,2026-08-07T06:18:59Z,2026-08-07T18:00:00Z,11.7,43.75,75.0,75.0,-31.25,31.25
6-24ч,2026-08-07T06:18:59Z,2026-08-08T06:00:00Z,23.7,1.56,0.0,12.5,1.56,1.56
6-24ч,2026-08-07T07:13:52Z,2026-08-07T14:00:00Z,6.8,81.25,25.0,62.5,56.25,56.25
6-24ч,2026-08-07T07:13:52Z,2026-08-07T15:00:00Z,7.8,38.28,25.0,87.5,13.28,13.28
6-24ч,2026-08-07T07:13:52Z,2026-08-07T16:00:00Z,8.8,18.75,37.5,87.5,-18.75,18.75
6-24ч,2026-08-07T07:13:52Z,2026-08-07T17:00:00Z,9.8,18.75,12.5,87.5,6.25,6.25
6-24ч,2026-08-07T07:13:52Z,2026-08-07T18:00:00Z,10.8,43.75,75.0,75.0,-31.25,31.25
6-24ч,2026-08-07T07:13:52Z,2026-08-08T06:00:00Z,22.8,1.56,0.0,12.5,1.56,1.56
6-24ч,2026-08-07T07:13:52Z,2026-08-08T07:00:00Z,23.8,0.0,0.0,0.0,0.0,0.0
6-24ч,2026-08-07T10:39:14Z,2026-08-07T17:00:00Z,6.3,18.75,12.5,87.5,6.25,6.25
6-24ч,2026-08-07T10:39:14Z,2026-08-07T18:00:00Z,7.3,43.75,75.0,75.0,-31.25,31.25
6-24ч,2026-08-07T10:39:14Z,2026-08-08T06:00:00Z,19.3,1.56,0.0,12.5,1.56,1.56
6-24ч,2026-08-07T10:39:14Z,2026-08-08T07:00:00Z,20.3,0.0,0.0,0.0,0.0,0.0
6-24ч,2026-08-07T10:39:14Z,2026-08-08T08:00:00Z,21.3,0.0,0.0,0.0,0.0,0.0
6-24ч,2026-08-07T10:39:14Z,2026-08-08T09:00:00Z,22.3,5.47,0.0,0.0,5.47,5.47
6-24ч,2026-08-07T10:39:14Z,2026-08-08T10:00:00Z,23.3,26.56,0.0,0.0,26.56,26.56
6-24ч,2026-08-07T16:51:54Z,2026-08-08T06:00:00Z,13.1,1.56,0.0,12.5,1.56,1.56
6-24ч,2026-08-07T16:51:54Z,2026-08-08T07:00:00Z,14.1,8.59,0.0,0.0,8.59,8.59
6-24ч,2026-08-07T16:51:54Z,2026-08-08T08:00:00Z,15.1,20.31,0.0,0.0,20.31,20.31
6-24ч,2026-08-07T16:51:54Z,2026-08-08T09:00:00Z,16.1,10.94,0.0,0.0,10.94,10.94
6-24ч,2026-08-07T16:51:54Z,2026-08-08T10:00:00Z,17.1,20.31,0.0,0.0,20.31,20.31
6-24ч,2026-08-07T16:51:54Z,2026-08-08T11:00:00Z,18.1,35.16,12.5,0.0,22.66,22.66
6-24ч,2026-08-07T16:51:54Z,2026-08-08T12:00:00Z,19.1,22.66,12.5,0.0,10.16,10.16
6-24ч,2026-08-07T16:51:54Z,2026-08-08T13:00:00Z,20.1,8.59,12.5,12.5,-3.91,3.91
6-24ч,2026-08-07T16:51:54Z,2026-08-08T14:00:00Z,21.1,3.91,12.5,25.0,-8.59,8.59
6-24ч,2026-08-07T16:51:54Z,2026-08-08T15:00:00Z,22.1,4.69,12.5,25.0,-7.81,7.81
6-24ч,2026-08-07T16:51:54Z,2026-08-08T16:00:00Z,23.1,12.5,0.0,37.5,12.5,12.5
6-24ч,2026-08-07T22:45:57Z,2026-08-08T06:00:00Z,7.2,2.34,0.0,12.5,2.34,2.34
6-24ч,2026-08-07T22:45:57Z,2026-08-08T07:00:00Z,8.2,3.12,0.0,0.0,3.12,3.12
6-24ч,2026-08-07T22:45:57Z,2026-08-08T08:00:00Z,9.2,1.56,0.0,0.0,1.56,1.56
6-24ч,2026-08-07T22:45:57Z,2026-08-08T09:00:00Z,10.2,2.34,0.0,0.0,2.34,2.34
6-24ч,2026-08-07T22:45:57Z,2026-08-08T10:00:00Z,11.2,4.69,0.0,0.0,4.69,4.69
6-24ч,2026-08-07T22:45:57Z,2026-08-08T11:00:00Z,12.2,1.56,12.5,0.0,-10.94,10.94
6-24ч,2026-08-07T22:45:57Z,2026-08-08T12:00:00Z,13.2,4.69,12.5,0.0,-7.81,7.81
6-24ч,2026-08-07T22:45:57Z,2026-08-08T13:00:00Z,14.2,2.34,12.5,12.5,-10.16,10.16
6-24ч,2026-08-07T22:45:57Z,2026-08-08T14:00:00Z,15.2,5.47,12.5,25.0,-7.03,7.03
6-24ч,2026-08-07T22:45:57Z,2026-08-08T15:00:00Z,16.2,17.19,12.5,25.0,4.69,4.69
6-24ч,2026-08-07T22:45:57Z,2026-08-08T16:00:00Z,17.2,20.31,0.0,37.5,20.31,20.31
6-24ч,2026-08-07T22:45:57Z,2026-08-08T17:00:00Z,18.2,32.81,0.0,12.5,32.81,32.81
6-24ч,2026-08-07T22:45:57Z,2026-08-08T18:00:00Z,19.2,26.56,0.0,75.0,26.56,26.56
6-24ч,2026-08-07T23:19:23Z,2026-08-08T06:00:00Z,6.7,2.34,0.0,12.5,2.34,2.34
6-24ч,2026-08-07T23:19:23Z,2026-08-08T07:00:00Z,7.7,3.12,0.0,0.0,3.12,3.12
6-24ч,2026-08-07T23:19:23Z,2026-08-08T08:00:00Z,8.7,1.56,0.0,0.0,1.56,1.56
6-24ч,2026-08-07T23:19:23Z,2026-08-08T09:00:00Z,9.7,2.34,0.0,0.0,2.34,2.34
6-24ч,2026-08-07T23:19:23Z,2026-08-08T10:00:00Z,10.7,4.69,0.0,0.0,4.69,4.69
6-24ч,2026-08-07T23:19:23Z,2026-08-08T11:00:00Z,11.7,1.56,12.5,0.0,-10.94,10.94
6-24ч,2026-08-07T23:19:23Z,2026-08-08T12:00:00Z,12.7,4.69,12.5,0.0,-7.81,7.81
6-24ч,2026-08-07T23:19:23Z,2026-08-08T13:00:00Z,13.7,2.34,12.5,12.5,-10.16,10.16
6-24ч,2026-08-07T23:19:23Z,2026-08-08T14:00:00Z,14.7,5.47,12.5,25.0,-7.03,7.03
6-24ч,2026-08-07T23:19:23Z,2026-08-08T15:00:00Z,15.7,17.19,12.5,25.0,4.69,4.69
6-24ч,2026-08-07T23:19:23Z,2026-08-08T16:00:00Z,16.7,20.31,0.0,37.5,20.31,20.31
6-24ч,2026-08-07T23:19:23Z,2026-08-08T17:00:00Z,17.7,32.81,0.0,12.5,32.81,32.81
6-24ч,2026-08-07T23:19:23Z,2026-08-08T18:00:00Z,18.7,26.56,0.0,75.0,26.56,26.56
6-24ч,2026-08-08T04:50:53Z,2026-08-08T11:00:00Z,6.2,0.0,12.5,0.0,-12.5,12.5
6-24ч,2026-08-08T04:50:53Z,2026-08-08T12:00:00Z,7.2,0.78,12.5,0.0,-11.72,11.72
6-24ч,2026-08-08T04:50:53Z,2026-08-08T13:00:00Z,8.2,5.47,12.5,12.5,-7.03,7.03
6-24ч,2026-08-08T04:50:53Z,2026-08-08T14:00:00Z,9.2,6.25,12.5,25.0,-6.25,6.25
6-24ч,2026-08-08T04:50:53Z,2026-08-08T15:00:00Z,10.2,5.47,12.5,25.0,-7.03,7.03
6-24ч,2026-08-08T04:50:53Z,2026-08-08T16:00:00Z,11.2,3.91,0.0,37.5,3.91,3.91
6-24ч,2026-08-08T04:50:53Z,2026-08-08T17:00:00Z,12.2,7.81,0.0,12.5,7.81,7.81
6-24ч,2026-08-08T04:50:53Z,2026-08-08T18:00:00Z,13.2,17.19,0.0,75.0,17.19,17.19
6-24ч,2026-08-08T10:18:13Z,2026-08-08T17:00:00Z,6.7,17.19,0.0,12.5,17.19,17.19
6-24ч,2026-08-08T10:18:13Z,2026-08-08T18:00:00Z,7.7,9.38,0.0,75.0,9.38,9.38
6-24ч,2026-08-08T10:18:13Z,2026-08-09T06:00:00Z,19.7,0.0,0.0,0.0,0.0,0.0
6-24ч,2026-08-08T10:18:13Z,2026-08-09T07:00:00Z,20.7,0.0,0.0,0.0,0.0,0.0
6-24ч,2026-08-08T10:18:13Z,2026-08-09T08:00:00Z,21.7,0.0,0.0,0.0,0.0,0.0
6-24ч,2026-08-08T10:18:13Z,2026-08-09T09:00:00Z,22.7,0.0,0.0,0.0,0.0,0.0
6-24ч,2026-08-08T10:18:13Z,2026-08-09T10:00:00Z,23.7,0.0,0.0,0.0,0.0,0.0
6-24ч,2026-08-08T22:37:20Z,2026-08-09T06:00:00Z,7.4,0.0,0.0,0.0,0.0,0.0
6-24ч,2026-08-08T22:37:20Z,2026-08-09T07:00:00Z,8.4,0.0,0.0,0.0,0.0,0.0
6-24ч,2026-08-08T22:37:20Z,2026-08-09T08:00:00Z,9.4,0.0,0.0,0.0,0.0,0.0
6-24ч,2026-08-08T22:37:20Z,2026-08-09T09:00:00Z,10.4,0.0,0.0,0.0,0.0,0.0
6-24ч,2026-08-08T22:37:20Z,2026-08-09T10:00:00Z,11.4,0.0,0.0,0.0,0.0,0.0
6-24ч,2026-08-08T22:37:20Z,2026-08-09T11:00:00Z,12.4,0.0,0.0,12.5,0.0,0.0
6-24ч,2026-08-08T22:37:20Z,2026-08-09T12:00:00Z,13.4,0.0,12.5,12.5,-12.5,12.5
6-24ч,2026-08-08T22:37:20Z,2026-08-09T13:00:00Z,14.4,0.0,12.5,12.5,-12.5,12.5
6-24ч,2026-08-08T22:37:20Z,2026-08-09T14:00:00Z,15.4,0.0,0.0,12.5,0.0,0.0
6-24ч,2026-08-08T22:37:20Z,2026-08-09T15:00:00Z,16.4,0.0,0.0,12.5,0.0,0.0
6-24ч,2026-08-08T22:37:20Z,2026-08-09T16:00:00Z,17.4,0.0,0.0,0.0,0.0,0.0
6-24ч,2026-08-08T22:37:20Z,2026-08-09T17:00:00Z,18.4,0.0,0.0,0.0,0.0,0.0
6-24ч,2026-08-08T22:37:20Z,2026-08-09T18:00:00Z,19.4,0.0,0.0,0.0,0.0,0.0
6-24ч,2026-08-09T04:59:03Z,2026-08-09T11:00:00Z,6.0,0.0,0.0,12.5,0.0,0.0
6-24ч,2026-08-09T04:59:03Z,2026-08-09T12:00:00Z,7.0,0.0,12.5,12.5,-12.5,12.5
6-24ч,2026-08-09T04:59:03Z,2026-08-09T13:00:00Z,8.0,0.0,12.5,12.5,-12.5,12.5
6-24ч,2026-08-09T04:59:03Z,2026-08-09T14:00:00Z,9.0,0.0,0.0,12.5,0.0,0.0
6-24ч,2026-08-09T04:59:03Z,2026-08-09T15:00:00Z,10.0,0.0,0.0,12.5,0.0,0.0
6-24ч,2026-08-09T04:59:03Z,2026-08-09T16:00:00Z,11.0,0.0,0.0,0.0,0.0,0.0
6-24ч,2026-08-09T04:59:03Z,2026-08-09T17:00:00Z,12.0,0.0,0.0,0.0,0.0,0.0
6-24ч,2026-08-09T04:59:03Z,2026-08-09T18:00:00Z,13.0,0.0,0.0,0.0,0.0,0.0
6-24ч,2026-08-09T10:19:29Z,2026-08-09T17:00:00Z,6.7,0.0,0.0,0.0,0.0,0.0
6-24ч,2026-08-09T10:19:29Z,2026-08-09T18:00:00Z,7.7,0.0,0.0,0.0,0.0,0.0
6-24ч,2026-08-09T10:19:29Z,2026-08-10T06:00:00Z,19.7,0.0,0.0,0.0,0.0,0.0
6-24ч,2026-08-09T10:19:29Z,2026-08-10T07:00:00Z,20.7,0.0,0.0,0.0,0.0,0.0
6-24ч,2026-08-09T10:19:29Z,2026-08-10T08:00:00Z,21.7,0.0,0.0,0.0,0.0,0.0
6-24ч,2026-08-09T10:19:29Z,2026-08-10T09:00:00Z,22.7,0.0,0.0,0.0,0.0,0.0
6-24ч,2026-08-09T10:19:29Z,2026-08-10T10:00:00Z,23.7,0.0,0.0,0.0,0.0,0.0
6-24ч,2026-08-09T12:41:38Z,2026-08-10T06:00:00Z,17.3,0.0,0.0,0.0,0.0,0.0
6-24ч,2026-08-09T12:41:38Z,2026-08-10T07:00:00Z,18.3,0.0,0.0,0.0,0.0,0.0
6-24ч,2026-08-09T12:41:38Z,2026-08-10T08:00:00Z,19.3,0.0,0.0,0.0,0.0,0.0
6-24ч,2026-08-09T12:41:38Z,2026-08-10T09:00:00Z,20.3,0.0,0.0,0.0,0.0,0.0
6-24ч,2026-08-09T12:41:38Z,2026-08-10T10:00:00Z,21.3,0.0,0.0,0.0,0.0,0.0
6-24ч,2026-08-09T12:41:38Z,2026-08-10T11:00:00Z,22.3,0.0,12.5,0.0,-12.5,12.5
6-24ч,2026-08-09T12:41:38Z,2026-08-10T12:00:00Z,23.3,0.0,0.0,12.5,0.0,0.0
6-24ч,2026-08-09T12:45:53Z,2026-08-10T06:00:00Z,17.2,0.0,0.0,0.0,0.0,0.0
6-24ч,2026-08-09T12:45:53Z,2026-08-10T07:00:00Z,18.2,0.0,0.0,0.0,0.0,0.0
6-24ч,2026-08-09T12:45:53Z,2026-08-10T08:00:00Z,19.2,0.0,0.0,0.0,0.0,0.0
6-24ч,2026-08-09T12:45:53Z,2026-08-10T09:00:00Z,20.2,0.0,0.0,0.0,0.0,0.0
6-24ч,2026-08-09T12:45:53Z,2026-08-10T10:00:00Z,21.2,0.0,0.0,0.0,0.0,0.0
6-24ч,2026-08-09T12:45:53Z,2026-08-10T11:00:00Z,22.2,0.0,12.5,0.0,-12.5,12.5
6-24ч,2026-08-09T12:45:53Z,2026-08-10T12:00:00Z,23.2,0.0,0.0,12.5,0.0,0.0
6-24ч,2026-08-09T12:48:15Z,2026-08-10T06:00:00Z,17.2,0.0,0.0,0.0,0.0,0.0
6-24ч,2026-08-09T12:48:15Z,2026-08-10T07:00:00Z,18.2,0.0,0.0,0.0,0.0,0.0
6-24ч,2026-08-09T12:48:15Z,2026-08-10T08:00:00Z,19.2,0.0,0.0,0.0,0.0,0.0
6-24ч,2026-08-09T12:48:15Z,2026-08-10T09:00:00Z,20.2,0.0,0.0,0.0,0.0,0.0
6-24ч,2026-08-09T12:48:15Z,2026-08-10T10:00:00Z,21.2,0.0,0.0,0.0,0.0,0.0
6-24ч,2026-08-09T12:48:15Z,2026-08-10T11:00:00Z,22.2,0.0,12.5,0.0,-12.5,12.5
6-24ч,2026-08-09T12:48:15Z,2026-08-10T12:00:00Z,23.2,0.0,0.0,12.5,0.0,0.0
6-24ч,2026-08-09T16:31:44Z,2026-08-10T06:00:00Z,13.5,0.0,0.0,0.0,0.0,0.0
6-24ч,2026-08-09T16:31:44Z,2026-08-10T07:00:00Z,14.5,0.0,0.0,0.0,0.0,0.0
6-24ч,2026-08-09T16:31:44Z,2026-08-10T08:00:00Z,15.5,0.0,0.0,0.0,0.0,0.0
6-24ч,2026-08-09T16:31:44Z,2026-08-10T09:00:00Z,16.5,0.0,0.0,0.0,0.0,0.0
6-24ч,2026-08-09T16:31:44Z,2026-08-10T10:00:00Z,17.5,0.0,0.0,0.0,0.0,0.0
6-24ч,2026-08-09T16:31:44Z,2026-08-10T11:00:00Z,18.5,0.0,12.5,0.0,-12.5,12.5
6-24ч,2026-08-09T16:31:44Z,2026-08-10T12:00:00Z,19.5,0.0,0.0,12.5,0.0,0.0
6-24ч,2026-08-09T16:31:44Z,2026-08-10T13:00:00Z,20.5,0.0,0.0,12.5,0.0,0.0
6-24ч,2026-08-09T16:31:44Z,2026-08-10T14:00:00Z,21.5,0.0,0.0,0.0,0.0,0.0
6-24ч,2026-08-09T16:31:44Z,2026-08-10T15:00:00Z,22.5,0.0,0.0,0.0,0.0,0.0
6-24ч,2026-08-09T16:31:44Z,2026-08-10T16:00:00Z,23.5,0.0,0.0,0.0,0.0,0.0
6-24ч,2026-08-09T22:39:09Z,2026-08-10T06:00:00Z,7.3,0.0,0.0,0.0,0.0,0.0
6-24ч,2026-08-09T22:39:09Z,2026-08-10T07:00:00Z,8.3,0.0,0.0,0.0,0.0,0.0
6-24ч,2026-08-09T22:39:09Z,2026-08-10T08:00:00Z,9.3,0.0,0.0,0.0,0.0,0.0
6-24ч,2026-08-09T22:39:09Z,2026-08-10T09:00:00Z,10.3,0.0,0.0,0.0,0.0,0.0
6-24ч,2026-08-09T22:39:09Z,2026-08-10T10:00:00Z,11.3,0.0,0.0,0.0,0.0,0.0
6-24ч,2026-08-09T22:39:09Z,2026-08-10T11:00:00Z,12.3,0.0,12.5,0.0,-12.5,12.5
6-24ч,2026-08-09T22:39:09Z,2026-08-10T12:00:00Z,13.3,0.0,0.0,12.5,0.0,0.0
6-24ч,2026-08-09T22:39:09Z,2026-08-10T13:00:00Z,14.3,0.0,0.0,12.5,0.0,0.0
6-24ч,2026-08-09T22:39:09Z,2026-08-10T14:00:00Z,15.3,0.0,0.0,0.0,0.0,0.0
6-24ч,2026-08-09T22:39:09Z,2026-08-10T15:00:00Z,16.3,0.0,0.0,0.0,0.0,0.0
6-24ч,2026-08-09T22:39:09Z,2026-08-10T16:00:00Z,17.3,0.0,0.0,0.0,0.0,0.0
6-24ч,2026-08-09T22:39:09Z,2026-08-10T17:00:00Z,18.3,0.0,0.0,0.0,0.0,0.0
6-24ч,2026-08-09T22:39:09Z,2026-08-10T18:00:00Z,19.3,0.0,0.0,0.0,0.0,0.0
6-24ч,2026-08-10T05:20:42Z,2026-08-10T12:00:00Z,6.7,0.0,0.0,12.5,0.0,0.0
6-24ч,2026-08-10T05:20:42Z,2026-08-10T13:00:00Z,7.7,0.0,0.0,12.5,0.0,0.0
6-24ч,2026-08-10T05:20:42Z,2026-08-10T14:00:00Z,8.7,0.0,0.0,0.0,0.0,0.0
6-24ч,2026-08-10T05:20:42Z,2026-08-10T15:00:00Z,9.7,0.0,0.0,0.0,0.0,0.0
6-24ч,2026-08-10T05:20:42Z,2026-08-10T16:00:00Z,10.7,0.0,0.0,0.0,0.0,0.0
6-24ч,2026-08-10T05:20:42Z,2026-08-10T17:00:00Z,11.7,0.0,0.0,0.0,0.0,0.0
6-24ч,2026-08-10T05:20:42Z,2026-08-10T18:00:00Z,12.7,0.0,0.0,0.0,0.0,0.0
6-24ч,2026-08-10T10:53:28Z,2026-08-10T17:00:00Z,6.1,0.0,0.0,0.0,0.0,0.0
6-24ч,2026-08-10T10:53:28Z,2026-08-10T18:00:00Z,7.1,0.0,0.0,0.0,0.0,0.0
6-24ч,2026-08-10T10:53:28Z,2026-08-11T06:00:00Z,19.1,0.0,0.0,0.0,0.0,0.0
6-24ч,2026-08-10T10:53:28Z,2026-08-11T07:00:00Z,20.1,0.0,0.0,0.0,0.0,0.0
6-24ч,2026-08-10T10:53:28Z,2026-08-11T08:00:00Z,21.1,0.0,0.0,0.0,0.0,0.0
6-24ч,2026-08-10T10:53:28Z,2026-08-11T09:00:00Z,22.1,0.0,0.0,0.0,0.0,0.0
6-24ч,2026-08-10T10:53:28Z,2026-08-11T10:00:00Z,23.1,0.0,0.0,0.0,0.0,0.0
6-24ч,2026-08-10T16:52:05Z,2026-08-11T06:00:00Z,13.1,0.0,0.0,0.0,0.0,0.0
6-24ч,2026-08-10T16:52:05Z,2026-08-11T07:00:00Z,14.1,0.0,0.0,0.0,0.0,0.0
6-24ч,2026-08-10T16:52:05Z,2026-08-11T08:00:00Z,15.1,0.0,0.0,0.0,0.0,0.0
6-24ч,2026-08-10T16:52:05Z,2026-08-11T09:00:00Z,16.1,0.0,0.0,0.0,0.0,0.0
6-24ч,2026-08-10T16:52:05Z,2026-08-11T10:00:00Z,17.1,0.0,0.0,0.0,0.0,0.0
6-24ч,2026-08-10T16:52:05Z,2026-08-11T11:00:00Z,18.1,0.0,0.0,12.5,0.0,0.0
6-24ч,2026-08-10T16:52:05Z,2026-08-11T12:00:00Z,19.1,0.0,0.0,0.0,0.0,0.0
6-24ч,2026-08-10T16:52:05Z,2026-08-11T13:00:00Z,20.1,0.0,0.0,0.0,0.0,0.0
6-24ч,2026-08-10T16:52:05Z,2026-08-11T14:00:00Z,21.1,0.0,0.0,0.0,0.0,0.0
6-24ч,2026-08-10T16:52:05Z,2026-08-11T15:00:00Z,22.1,0.78,0.0,0.0,0.78,0.78
6-24ч,2026-08-10T16:52:05Z,2026-08-11T16:00:00Z,23.1,7.03,0.0,0.0,7.03,7.03
6-24ч,2026-08-10T22:47:13Z,2026-08-11T06:00:00Z,7.2,0.0,0.0,0.0,0.0,0.0
6-24ч,2026-08-10T22:47:13Z,2026-08-11T07:00:00Z,8.2,0.0,0.0,0.0,0.0,0.0
6-24ч,2026-08-10T22:47:13Z,2026-08-11T08:00:00Z,9.2,0.0,0.0,0.0,0.0,0.0
6-24ч,2026-08-10T22:47:13Z,2026-08-11T09:00:00Z,10.2,0.0,0.0,0.0,0.0,0.0
6-24ч,2026-08-10T22:47:13Z,2026-08-11T10:00:00Z,11.2,0.0,0.0,0.0,0.0,0.0
6-24ч,2026-08-10T22:47:13Z,2026-08-11T11:00:00Z,12.2,0.0,0.0,12.5,0.0,0.0
6-24ч,2026-08-10T22:47:13Z,2026-08-11T12:00:00Z,13.2,0.0,0.0,0.0,0.0,0.0
6-24ч,2026-08-10T22:47:13Z,2026-08-11T13:00:00Z,14.2,0.0,0.0,0.0,0.0,0.0
6-24ч,2026-08-10T22:47:13Z,2026-08-11T14:00:00Z,15.2,0.0,0.0,0.0,0.0,0.0
6-24ч,2026-08-10T22:47:13Z,2026-08-11T15:00:00Z,16.2,1.56,0.0,0.0,1.56,1.56
6-24ч,2026-08-10T22:47:13Z,2026-08-11T16:00:00Z,17.2,11.72,0.0,0.0,11.72,11.72
6-24ч,2026-08-10T22:47:13Z,2026-08-11T17:00:00Z,18.2,21.09,0.0,0.0,21.09,21.09
6-24ч,2026-08-10T22:47:13Z,2026-08-11T18:00:00Z,19.2,25.78,0.0,0.0,25.78,25.78
6-24ч,2026-08-11T05:01:49Z,2026-08-11T12:00:00Z,7.0,0.0,0.0,0.0,0.0,0.0
6-24ч,2026-08-11T05:01:49Z,2026-08-11T13:00:00Z,8.0,0.0,0.0,0.0,0.0,0.0
6-24ч,2026-08-11T05:01:49Z,2026-08-11T14:00:00Z,9.0,0.78,0.0,0.0,0.78,0.78
6-24ч,2026-08-11T05:01:49Z,2026-08-11T15:00:00Z,10.0,11.72,0.0,0.0,11.72,11.72
6-24ч,2026-08-11T05:01:49Z,2026-08-11T16:00:00Z,11.0,12.5,0.0,0.0,12.5,12.5
6-24ч,2026-08-11T05:01:49Z,2026-08-11T17:00:00Z,12.0,18.75,0.0,0.0,18.75,18.75
6-24ч,2026-08-11T05:01:49Z,2026-08-11T18:00:00Z,13.0,28.12,0.0,0.0,28.12,28.12
6-24ч,2026-08-11T10:38:45Z,2026-08-11T17:00:00Z,6.4,10.16,0.0,0.0,10.16,10.16
6-24ч,2026-08-11T10:38:45Z,2026-08-11T18:00:00Z,7.4,54.69,0.0,0.0,54.69,54.69
6-24ч,2026-08-11T10:38:45Z,2026-08-12T06:00:00Z,19.4,4.69,75.0,0.0,-70.31,70.31
6-24ч,2026-08-11T10:38:45Z,2026-08-12T07:00:00Z,20.4,0.78,75.0,0.0,-74.22,74.22
6-24ч,2026-08-11T10:38:45Z,2026-08-12T08:00:00Z,21.4,0.0,50.0,0.0,-50.0,50.0
6-24ч,2026-08-11T10:38:45Z,2026-08-12T09:00:00Z,22.4,0.0,25.0,0.0,-25.0,25.0
6-24ч,2026-08-11T10:38:45Z,2026-08-12T10:00:00Z,23.4,0.0,25.0,0.0,-25.0,25.0
6-24ч,2026-08-12T06:05:22Z,2026-08-12T13:00:00Z,6.9,0.0,0.0,0.0,0.0,0.0
6-24ч,2026-08-12T06:05:22Z,2026-08-12T14:00:00Z,7.9,0.0,0.0,0.0,0.0,0.0
6-24ч,2026-08-12T06:05:22Z,2026-08-12T15:00:00Z,8.9,0.0,0.0,0.0,0.0,0.0
6-24ч,2026-08-12T06:05:22Z,2026-08-12T16:00:00Z,9.9,0.0,0.0,0.0,0.0,0.0
6-24ч,2026-08-12T06:05:22Z,2026-08-12T17:00:00Z,10.9,0.0,0.0,0.0,0.0,0.0
6-24ч,2026-08-12T06:05:22Z,2026-08-12T18:00:00Z,11.9,0.0,0.0,0.0,0.0,0.0
6-24ч,2026-08-12T06:05:22Z,2026-08-13T06:00:00Z,23.9,0.0,0.0,75.0,0.0,0.0
6-24ч,2026-08-12T10:47:03Z,2026-08-12T17:00:00Z,6.2,0.0,0.0,0.0,0.0,0.0
6-24ч,2026-08-12T10:47:03Z,2026-08-12T18:00:00Z,7.2,0.0,0.0,0.0,0.0,0.0
6-24ч,2026-08-12T10:47:03Z,2026-08-13T06:00:00Z,19.2,0.0,0.0,75.0,0.0,0.0
6-24ч,2026-08-12T10:47:03Z,2026-08-13T07:00:00Z,20.2,0.0,0.0,75.0,0.0,0.0
6-24ч,2026-08-12T10:47:03Z,2026-08-13T08:00:00Z,21.2,0.0,0.0,50.0,0.0,0.0
6-24ч,2026-08-12T10:47:03Z,2026-08-13T09:00:00Z,22.2,0.0,0.0,25.0,0.0,0.0
6-24ч,2026-08-12T10:47:03Z,2026-08-13T10:00:00Z,23.2,0.0,0.0,25.0,0.0,0.0
6-24ч,2026-08-12T16:54:57Z,2026-08-13T06:00:00Z,13.1,0.0,0.0,75.0,0.0,0.0
6-24ч,2026-08-12T16:54:57Z,2026-08-13T07:00:00Z,14.1,0.0,0.0,75.0,0.0,0.0
6-24ч,2026-08-12T16:54:57Z,2026-08-13T08:00:00Z,15.1,0.0,0.0,50.0,0.0,0.0
6-24ч,2026-08-12T16:54:57Z,2026-08-13T09:00:00Z,16.1,0.0,0.0,25.0,0.0,0.0
6-24ч,2026-08-12T16:54:57Z,2026-08-13T10:00:00Z,17.1,0.0,0.0,25.0,0.0,0.0
6-24ч,2026-08-12T16:54:57Z,2026-08-13T11:00:00Z,18.1,0.0,0.0,12.5,0.0,0.0
6-24ч,2026-08-12T16:54:57Z,2026-08-13T12:00:00Z,19.1,0.0,0.0,12.5,0.0,0.0
6-24ч,2026-08-12T16:54:57Z,2026-08-13T13:00:00Z,20.1,0.0,0.0,0.0,0.0,0.0
6-24ч,2026-08-12T16:54:57Z,2026-08-13T14:00:00Z,21.1,0.0,0.0,0.0,0.0,0.0
6-24ч,2026-08-12T16:54:57Z,2026-08-13T15:00:00Z,22.1,0.0,0.0,0.0,0.0,0.0
6-24ч,2026-08-12T16:54:57Z,2026-08-13T16:00:00Z,23.1,0.0,0.0,0.0,0.0,0.0
6-24ч,2026-08-12T22:50:47Z,2026-08-13T06:00:00Z,7.2,0.0,0.0,75.0,0.0,0.0
6-24ч,2026-08-12T22:50:47Z,2026-08-13T07:00:00Z,8.2,0.0,0.0,75.0,0.0,0.0
6-24ч,2026-08-12T22:50:47Z,2026-08-13T08:00:00Z,9.2,0.0,0.0,50.0,0.0,0.0
6-24ч,2026-08-12T22:50:47Z,2026-08-13T09:00:00Z,10.2,0.0,0.0,25.0,0.0,0.0
6-24ч,2026-08-12T22:50:47Z,2026-08-13T10:00:00Z,11.2,0.0,0.0,25.0,0.0,0.0
6-24ч,2026-08-12T22:50:47Z,2026-08-13T11:00:00Z,12.2,0.0,0.0,12.5,0.0,0.0
6-24ч,2026-08-12T22:50:47Z,2026-08-13T12:00:00Z,13.2,0.0,0.0,12.5,0.0,0.0
6-24ч,2026-08-12T22:50:47Z,2026-08-13T13:00:00Z,14.2,0.0,0.0,0.0,0.0,0.0
6-24ч,2026-08-12T22:50:47Z,2026-08-13T14:00:00Z,15.2,0.0,0.0,0.0,0.0,0.0
6-24ч,2026-08-12T22:50:47Z,2026-08-13T15:00:00Z,16.2,0.0,0.0,0.0,0.0,0.0
6-24ч,2026-08-12T22:50:47Z,2026-08-13T16:00:00Z,17.2,0.0,0.0,0.0,0.0,0.0
6-24ч,2026-08-12T22:50:47Z,2026-08-13T17:00:00Z,18.2,0.0,0.0,0.0,0.0,0.0
6-24ч,2026-08-12T22:50:47Z,2026-08-13T18:00:00Z,19.2,0.0,0.0,0.0,0.0,0.0
6-24ч,2026-08-13T05:30:08Z,2026-08-13T12:00:00Z,6.5,0.0,0.0,12.5,0.0,0.0
6-24ч,2026-08-13T05:30:08Z,2026-08-13T13:00:00Z,7.5,0.0,0.0,0.0,0.0,0.0
6-24ч,2026-08-13T05:30:08Z,2026-08-13T14:00:00Z,8.5,0.0,0.0,0.0,0.0,0.0
6-24ч,2026-08-13T05:30:08Z,2026-08-13T15:00:00Z,9.5,0.0,0.0,0.0,0.0,0.0
6-24ч,2026-08-13T05:30:08Z,2026-08-13T16:00:00Z,10.5,0.0,0.0,0.0,0.0,0.0
6-24ч,2026-08-13T05:30:08Z,2026-08-13T17:00:00Z,11.5,0.0,0.0,0.0,0.0,0.0
6-24ч,2026-08-13T05:30:08Z,2026-08-13T18:00:00Z,12.5,0.0,0.0,0.0,0.0,0.0
6-24ч,2026-08-13T10:49:01Z,2026-08-13T17:00:00Z,6.2,0.0,0.0,0.0,0.0,0.0
6-24ч,2026-08-13T10:49:01Z,2026-08-13T18:00:00Z,7.2,0.0,0.0,0.0,0.0,0.0
6-24ч,2026-08-13T10:49:01Z,2026-08-14T06:00:00Z,19.2,0.0,0.0,0.0,0.0,0.0
6-24ч,2026-08-13T10:49:01Z,2026-08-14T07:00:00Z,20.2,0.0,0.0,0.0,0.0,0.0
6-24ч,2026-08-13T10:49:01Z,2026-08-14T08:00:00Z,21.2,0.0,0.0,0.0,0.0,0.0
6-24ч,2026-08-13T10:49:01Z,2026-08-14T09:00:00Z,22.2,0.0,0.0,0.0,0.0,0.0
6-24ч,2026-08-13T10:49:01Z,2026-08-14T10:00:00Z,23.2,0.0,0.0,0.0,0.0,0.0
6-24ч,2026-08-13T16:36:10Z,2026-08-14T06:00:00Z,13.4,0.0,0.0,0.0,0.0,0.0
6-24ч,2026-08-13T16:36:10Z,2026-08-14T07:00:00Z,14.4,0.0,0.0,0.0,0.0,0.0
6-24ч,2026-08-13T16:36:10Z,2026-08-14T08:00:00Z,15.4,0.0,0.0,0.0,0.0,0.0
6-24ч,2026-08-13T16:36:10Z,2026-08-14T09:00:00Z,16.4,0.0,0.0,0.0,0.0,0.0
6-24ч,2026-08-13T16:36:10Z,2026-08-14T10:00:00Z,17.4,0.0,0.0,0.0,0.0,0.0
6-24ч,2026-08-13T16:36:10Z,2026-08-14T11:00:00Z,18.4,0.0,25.0,0.0,-25.0,25.0
6-24ч,2026-08-13T16:36:10Z,2026-08-14T12:00:00Z,19.4,0.78,25.0,0.0,-24.22,24.22
6-24ч,2026-08-13T16:36:10Z,2026-08-14T13:00:00Z,20.4,1.56,25.0,0.0,-23.44,23.44
6-24ч,2026-08-13T16:36:10Z,2026-08-14T14:00:00Z,21.4,1.56,25.0,0.0,-23.44,23.44
6-24ч,2026-08-13T16:36:10Z,2026-08-14T15:00:00Z,22.4,1.56,12.5,0.0,-10.94,10.94
6-24ч,2026-08-13T16:36:10Z,2026-08-14T16:00:00Z,23.4,0.78,12.5,0.0,-11.72,11.72
6-24ч,2026-08-13T16:42:24Z,2026-08-14T06:00:00Z,13.3,0.0,0.0,0.0,0.0,0.0
6-24ч,2026-08-13T16:42:24Z,2026-08-14T07:00:00Z,14.3,0.0,0.0,0.0,0.0,0.0
6-24ч,2026-08-13T16:42:24Z,2026-08-14T08:00:00Z,15.3,0.0,0.0,0.0,0.0,0.0
6-24ч,2026-08-13T16:42:24Z,2026-08-14T09:00:00Z,16.3,0.0,0.0,0.0,0.0,0.0
6-24ч,2026-08-13T16:42:24Z,2026-08-14T10:00:00Z,17.3,0.0,0.0,0.0,0.0,0.0
6-24ч,2026-08-13T16:42:24Z,2026-08-14T11:00:00Z,18.3,0.0,25.0,0.0,-25.0,25.0
6-24ч,2026-08-13T16:42:24Z,2026-08-14T12:00:00Z,19.3,0.78,25.0,0.0,-24.22,24.22
6-24ч,2026-08-13T16:42:24Z,2026-08-14T13:00:00Z,20.3,1.56,25.0,0.0,-23.44,23.44
6-24ч,2026-08-13T16:42:24Z,2026-08-14T14:00:00Z,21.3,1.56,25.0,0.0,-23.44,23.44
6-24ч,2026-08-13T16:42:24Z,2026-08-14T15:00:00Z,22.3,1.56,12.5,0.0,-10.94,10.94
6-24ч,2026-08-13T16:42:24Z,2026-08-14T16:00:00Z,23.3,0.78,12.5,0.0,-11.72,11.72
6-24ч,2026-08-13T16:54:22Z,2026-08-14T06:00:00Z,13.1,0.0,0.0,0.0,0.0,0.0
6-24ч,2026-08-13T16:54:22Z,2026-08-14T07:00:00Z,14.1,0.0,0.0,0.0,0.0,0.0
6-24ч,2026-08-13T16:54:22Z,2026-08-14T08:00:00Z,15.1,0.0,0.0,0.0,0.0,0.0
6-24ч,2026-08-13T16:54:22Z,2026-08-14T09:00:00Z,16.1,0.0,0.0,0.0,0.0,0.0
6-24ч,2026-08-13T16:54:22Z,2026-08-14T10:00:00Z,17.1,0.0,0.0,0.0,0.0,0.0
6-24ч,2026-08-13T16:54:22Z,2026-08-14T11:00:00Z,18.1,0.0,25.0,0.0,-25.0,25.0
6-24ч,2026-08-13T16:54:22Z,2026-08-14T12:00:00Z,19.1,0.78,25.0,0.0,-24.22,24.22
6-24ч,2026-08-13T16:54:22Z,2026-08-14T13:00:00Z,20.1,1.56,25.0,0.0,-23.44,23.44
6-24ч,2026-08-13T16:54:22Z,2026-08-14T14:00:00Z,21.1,1.56,25.0,0.0,-23.44,23.44
6-24ч,2026-08-13T16:54:22Z,2026-08-14T15:00:00Z,22.1,1.56,12.5,0.0,-10.94,10.94
6-24ч,2026-08-13T16:54:22Z,2026-08-14T16:00:00Z,23.1,0.78,12.5,0.0,-11.72,11.72
6-24ч,2026-08-13T22:52:17Z,2026-08-14T06:00:00Z,7.1,0.0,0.0,0.0,0.0,0.0
6-24ч,2026-08-13T22:52:17Z,2026-08-14T07:00:00Z,8.1,0.0,0.0,0.0,0.0,0.0
6-24ч,2026-08-13T22:52:17Z,2026-08-14T08:00:00Z,9.1,0.0,0.0,0.0,0.0,0.0
6-24ч,2026-08-13T22:52:17Z,2026-08-14T09:00:00Z,10.1,0.0,0.0,0.0,0.0,0.0
6-24ч,2026-08-13T22:52:17Z,2026-08-14T10:00:00Z,11.1,0.0,0.0,0.0,0.0,0.0
6-24ч,2026-08-13T22:52:17Z,2026-08-14T11:00:00Z,12.1,0.0,25.0,0.0,-25.0,25.0
6-24ч,2026-08-13T22:52:17Z,2026-08-14T12:00:00Z,13.1,0.0,25.0,0.0,-25.0,25.0
6-24ч,2026-08-13T22:52:17Z,2026-08-14T13:00:00Z,14.1,1.56,25.0,0.0,-23.44,23.44
6-24ч,2026-08-13T22:52:17Z,2026-08-14T14:00:00Z,15.1,0.78,25.0,0.0,-24.22,24.22
6-24ч,2026-08-13T22:52:17Z,2026-08-14T15:00:00Z,16.1,0.0,12.5,0.0,-12.5,12.5
6-24ч,2026-08-13T22:52:17Z,2026-08-14T16:00:00Z,17.1,1.56,12.5,0.0,-10.94,10.94
6-24ч,2026-08-13T22:52:17Z,2026-08-14T17:00:00Z,18.1,1.56,12.5,0.0,-10.94,10.94
6-24ч,2026-08-13T22:52:17Z,2026-08-14T18:00:00Z,19.1,0.78,25.0,0.0,-24.22,24.22
6-24ч,2026-08-14T05:28:14Z,2026-08-14T12:00:00Z,6.5,0.0,25.0,0.0,-25.0,25.0
6-24ч,2026-08-14T05:28:14Z,2026-08-14T13:00:00Z,7.5,0.0,25.0,0.0,-25.0,25.0
6-24ч,2026-08-14T05:28:14Z,2026-08-14T14:00:00Z,8.5,0.0,25.0,0.0,-25.0,25.0
6-24ч,2026-08-14T05:28:14Z,2026-08-14T15:00:00Z,9.5,0.0,12.5,0.0,-12.5,12.5
6-24ч,2026-08-14T05:28:14Z,2026-08-14T16:00:00Z,10.5,0.0,12.5,0.0,-12.5,12.5
6-24ч,2026-08-14T05:28:14Z,2026-08-14T17:00:00Z,11.5,0.0,12.5,0.0,-12.5,12.5
6-24ч,2026-08-14T05:28:14Z,2026-08-14T18:00:00Z,12.5,0.0,25.0,0.0,-25.0,25.0
6-24ч,2026-08-14T10:44:54Z,2026-08-14T17:00:00Z,6.3,1.56,12.5,0.0,-10.94,10.94
6-24ч,2026-08-14T10:44:54Z,2026-08-14T18:00:00Z,7.3,0.78,25.0,0.0,-24.22,24.22
6-24ч,2026-08-14T10:44:54Z,2026-08-15T06:00:00Z,19.3,0.0,0.0,0.0,0.0,0.0
6-24ч,2026-08-14T10:44:54Z,2026-08-15T07:00:00Z,20.3,0.0,0.0,0.0,0.0,0.0
6-24ч,2026-08-14T10:44:54Z,2026-08-15T08:00:00Z,21.3,0.0,0.0,0.0,0.0,0.0
6-24ч,2026-08-14T10:44:54Z,2026-08-15T09:00:00Z,22.3,0.0,0.0,0.0,0.0,0.0
6-24ч,2026-08-14T10:44:54Z,2026-08-15T10:00:00Z,23.3,0.0,0.0,0.0,0.0,0.0
6-24ч,2026-08-14T16:48:33Z,2026-08-15T06:00:00Z,13.2,0.0,0.0,0.0,0.0,0.0
6-24ч,2026-08-14T16:48:33Z,2026-08-15T07:00:00Z,14.2,0.0,0.0,0.0,0.0,0.0
6-24ч,2026-08-14T16:48:33Z,2026-08-15T08:00:00Z,15.2,0.0,0.0,0.0,0.0,0.0
6-24ч,2026-08-14T16:48:33Z,2026-08-15T09:00:00Z,16.2,0.0,0.0,0.0,0.0,0.0
6-24ч,2026-08-14T16:48:33Z,2026-08-15T10:00:00Z,17.2,0.0,0.0,0.0,0.0,0.0
6-24ч,2026-08-14T16:48:33Z,2026-08-15T11:00:00Z,18.2,0.0,0.0,25.0,0.0,0.0
6-24ч,2026-08-14T16:48:33Z,2026-08-15T12:00:00Z,19.2,0.0,0.0,25.0,0.0,0.0
6-24ч,2026-08-14T16:48:33Z,2026-08-15T13:00:00Z,20.2,0.0,0.0,25.0,0.0,0.0
6-24ч,2026-08-14T16:48:33Z,2026-08-15T14:00:00Z,21.2,0.0,0.0,25.0,0.0,0.0
6-24ч,2026-08-14T16:48:33Z,2026-08-15T15:00:00Z,22.2,0.0,0.0,12.5,0.0,0.0
6-24ч,2026-08-14T16:48:33Z,2026-08-15T16:00:00Z,23.2,0.0,0.0,12.5,0.0,0.0
6-24ч,2026-08-14T22:30:55Z,2026-08-15T06:00:00Z,7.5,0.0,0.0,0.0,0.0,0.0
6-24ч,2026-08-14T22:30:55Z,2026-08-15T07:00:00Z,8.5,0.0,0.0,0.0,0.0,0.0
6-24ч,2026-08-14T22:30:55Z,2026-08-15T08:00:00Z,9.5,0.0,0.0,0.0,0.0,0.0
6-24ч,2026-08-14T22:30:55Z,2026-08-15T09:00:00Z,10.5,0.0,0.0,0.0,0.0,0.0
6-24ч,2026-08-14T22:30:55Z,2026-08-15T10:00:00Z,11.5,0.0,0.0,0.0,0.0,0.0
6-24ч,2026-08-14T22:30:55Z,2026-08-15T11:00:00Z,12.5,0.0,0.0,25.0,0.0,0.0
6-24ч,2026-08-14T22:30:55Z,2026-08-15T12:00:00Z,13.5,0.0,0.0,25.0,0.0,0.0
6-24ч,2026-08-14T22:30:55Z,2026-08-15T13:00:00Z,14.5,0.0,0.0,25.0,0.0,0.0
6-24ч,2026-08-14T22:30:55Z,2026-08-15T14:00:00Z,15.5,0.0,0.0,25.0,0.0,0.0
6-24ч,2026-08-14T22:30:55Z,2026-08-15T15:00:00Z,16.5,0.0,0.0,12.5,0.0,0.0
6-24ч,2026-08-14T22:30:55Z,2026-08-15T16:00:00Z,17.5,0.0,0.0,12.5,0.0,0.0
6-24ч,2026-08-14T22:30:55Z,2026-08-15T17:00:00Z,18.5,0.0,0.0,12.5,0.0,0.0
6-24ч,2026-08-14T22:30:55Z,2026-08-15T18:00:00Z,19.5,0.0,0.0,25.0,0.0,0.0
6-24ч,2026-08-15T04:24:15Z,2026-08-15T11:00:00Z,6.6,0.0,0.0,25.0,0.0,0.0
6-24ч,2026-08-15T04:24:15Z,2026-08-15T12:00:00Z,7.6,0.0,0.0,25.0,0.0,0.0
6-24ч,2026-08-15T04:24:15Z,2026-08-15T13:00:00Z,8.6,0.0,0.0,25.0,0.0,0.0
6-24ч,2026-08-15T04:24:15Z,2026-08-15T14:00:00Z,9.6,0.0,0.0,25.0,0.0,0.0
6-24ч,2026-08-15T04:24:15Z,2026-08-15T15:00:00Z,10.6,0.0,0.0,12.5,0.0,0.0
6-24ч,2026-08-15T04:24:15Z,2026-08-15T16:00:00Z,11.6,0.0,0.0,12.5,0.0,0.0
6-24ч,2026-08-15T04:24:15Z,2026-08-15T17:00:00Z,12.6,0.0,0.0,12.5,0.0,0.0
6-24ч,2026-08-15T04:24:15Z,2026-08-15T18:00:00Z,13.6,0.0,0.0,25.0,0.0,0.0
6-24ч,2026-08-15T10:09:15Z,2026-08-15T17:00:00Z,6.8,0.0,0.0,12.5,0.0,0.0
6-24ч,2026-08-15T10:09:15Z,2026-08-15T18:00:00Z,7.8,0.0,0.0,25.0,0.0,0.0
6-24ч,2026-08-15T10:09:15Z,2026-08-16T06:00:00Z,19.8,0.0,0.0,0.0,0.0,0.0
6-24ч,2026-08-15T10:09:15Z,2026-08-16T07:00:00Z,20.8,0.0,0.0,0.0,0.0,0.0
6-24ч,2026-08-15T10:09:15Z,2026-08-16T08:00:00Z,21.8,0.0,0.0,0.0,0.0,0.0
6-24ч,2026-08-15T10:09:15Z,2026-08-16T09:00:00Z,22.8,0.0,0.0,0.0,0.0,0.0
6-24ч,2026-08-15T10:09:15Z,2026-08-16T10:00:00Z,23.8,0.0,0.0,0.0,0.0,0.0
6-24ч,2026-08-15T16:20:39Z,2026-08-16T06:00:00Z,13.7,0.0,0.0,0.0,0.0,0.0
6-24ч,2026-08-15T16:20:39Z,2026-08-16T07:00:00Z,14.7,0.0,0.0,0.0,0.0,0.0
6-24ч,2026-08-15T16:20:39Z,2026-08-16T08:00:00Z,15.7,0.0,0.0,0.0,0.0,0.0
6-24ч,2026-08-15T16:20:39Z,2026-08-16T09:00:00Z,16.7,0.0,0.0,0.0,0.0,0.0
6-24ч,2026-08-15T16:20:39Z,2026-08-16T10:00:00Z,17.7,0.0,0.0,0.0,0.0,0.0
6-24ч,2026-08-15T16:20:39Z,2026-08-16T11:00:00Z,18.7,0.0,0.0,0.0,0.0,0.0
6-24ч,2026-08-15T16:20:39Z,2026-08-16T12:00:00Z,19.7,0.0,0.0,0.0,0.0,0.0
6-24ч,2026-08-15T16:20:39Z,2026-08-16T13:00:00Z,20.7,0.0,0.0,0.0,0.0,0.0
6-24ч,2026-08-15T16:20:39Z,2026-08-16T14:00:00Z,21.7,0.0,0.0,0.0,0.0,0.0
6-24ч,2026-08-15T16:20:39Z,2026-08-16T15:00:00Z,22.7,0.0,0.0,0.0,0.0,0.0
6-24ч,2026-08-15T16:20:39Z,2026-08-16T16:00:00Z,23.7,0.0,0.0,0.0,0.0,0.0
6-24ч,2026-08-15T22:29:33Z,2026-08-16T06:00:00Z,7.5,0.0,0.0,0.0,0.0,0.0
6-24ч,2026-08-15T22:29:33Z,2026-08-16T07:00:00Z,8.5,0.0,0.0,0.0,0.0,0.0
6-24ч,2026-08-15T22:29:33Z,2026-08-16T08:00:00Z,9.5,0.0,0.0,0.0,0.0,0.0
6-24ч,2026-08-15T22:29:33Z,2026-08-16T09:00:00Z,10.5,0.0,0.0,0.0,0.0,0.0
6-24ч,2026-08-15T22:29:33Z,2026-08-16T10:00:00Z,11.5,0.0,0.0,0.0,0.0,0.0
6-24ч,2026-08-15T22:29:33Z,2026-08-16T11:00:00Z,12.5,0.0,0.0,0.0,0.0,0.0
6-24ч,2026-08-15T22:29:33Z,2026-08-16T12:00:00Z,13.5,0.0,0.0,0.0,0.0,0.0
6-24ч,2026-08-15T22:29:33Z,2026-08-16T13:00:00Z,14.5,0.0,0.0,0.0,0.0,0.0
6-24ч,2026-08-15T22:29:33Z,2026-08-16T14:00:00Z,15.5,0.0,0.0,0.0,0.0,0.0
6-24ч,2026-08-15T22:29:33Z,2026-08-16T15:00:00Z,16.5,0.0,0.0,0.0,0.0,0.0
6-24ч,2026-08-15T22:29:33Z,2026-08-16T16:00:00Z,17.5,0.0,0.0,0.0,0.0,0.0
6-24ч,2026-08-15T22:29:33Z,2026-08-16T17:00:00Z,18.5,0.0,0.0,0.0,0.0,0.0
6-24ч,2026-08-15T22:29:33Z,2026-08-16T18:00:00Z,19.5,0.0,0.0,0.0,0.0,0.0
6-24ч,2026-08-16T04:29:41Z,2026-08-16T11:00:00Z,6.5,0.0,0.0,0.0,0.0,0.0
6-24ч,2026-08-16T04:29:41Z,2026-08-16T12:00:00Z,7.5,0.0,0.0,0.0,0.0,0.0
6-24ч,2026-08-16T04:29:41Z,2026-08-16T13:00:00Z,8.5,0.0,0.0,0.0,0.0,0.0
6-24ч,2026-08-16T04:29:41Z,2026-08-16T14:00:00Z,9.5,0.0,0.0,0.0,0.0,0.0
6-24ч,2026-08-16T04:29:41Z,2026-08-16T15:00:00Z,10.5,0.0,0.0,0.0,0.0,0.0
6-24ч,2026-08-16T04:29:41Z,2026-08-16T16:00:00Z,11.5,0.0,0.0,0.0,0.0,0.0
6-24ч,2026-08-16T04:29:41Z,2026-08-16T17:00:00Z,12.5,0.0,0.0,0.0,0.0,0.0
6-24ч,2026-08-16T04:29:41Z,2026-08-16T18:00:00Z,13.5,0.0,0.0,0.0,0.0,0.0
6-24ч,2026-08-16T07:21:44Z,2026-08-16T14:00:00Z,6.6,0.0,0.0,0.0,0.0,0.0
6-24ч,2026-08-16T07:21:44Z,2026-08-16T15:00:00Z,7.6,0.0,0.0,0.0,0.0,0.0
6-24ч,2026-08-16T07:21:44Z,2026-08-16T16:00:00Z,8.6,0.0,0.0,0.0,0.0,0.0
6-24ч,2026-08-16T07:21:44Z,2026-08-16T17:00:00Z,9.6,0.0,0.0,0.0,0.0,0.0
6-24ч,2026-08-16T07:21:44Z,2026-08-16T18:00:00Z,10.6,0.0,0.0,0.0,0.0,0.0
6-24ч,2026-08-16T07:21:44Z,2026-08-17T06:00:00Z,22.6,0.0,0.0,0.0,0.0,0.0
6-24ч,2026-08-16T07:21:44Z,2026-08-17T07:00:00Z,23.6,0.0,0.0,0.0,0.0,0.0
6-24ч,2026-08-16T10:09:47Z,2026-08-16T17:00:00Z,6.8,0.0,0.0,0.0,0.0,0.0
6-24ч,2026-08-16T10:09:47Z,2026-08-16T18:00:00Z,7.8,0.0,0.0,0.0,0.0,0.0
6-24ч,2026-08-16T10:09:47Z,2026-08-17T06:00:00Z,19.8,0.0,0.0,0.0,0.0,0.0
6-24ч,2026-08-16T10:09:47Z,2026-08-17T07:00:00Z,20.8,0.0,0.0,0.0,0.0,0.0
6-24ч,2026-08-16T10:09:47Z,2026-08-17T08:00:00Z,21.8,7.81,0.0,0.0,7.81,7.81
6-24ч,2026-08-16T10:09:47Z,2026-08-17T09:00:00Z,22.8,14.06,12.5,0.0,1.56,1.56
6-24ч,2026-08-16T10:09:47Z,2026-08-17T10:00:00Z,23.8,29.69,12.5,0.0,17.19,17.19
6-24ч,2026-08-16T16:21:00Z,2026-08-17T06:00:00Z,13.7,1.56,0.0,0.0,1.56,1.56
6-24ч,2026-08-16T16:21:00Z,2026-08-17T07:00:00Z,14.7,0.0,0.0,0.0,0.0,0.0
6-24ч,2026-08-16T16:21:00Z,2026-08-17T08:00:00Z,15.7,0.0,0.0,0.0,0.0,0.0
6-24ч,2026-08-16T16:21:00Z,2026-08-17T09:00:00Z,16.6,12.5,12.5,0.0,0.0,0.0
6-24ч,2026-08-16T16:21:00Z,2026-08-17T10:00:00Z,17.6,57.81,12.5,0.0,45.31,45.31
6-24ч,2026-08-16T16:21:00Z,2026-08-17T11:00:00Z,18.6,67.97,12.5,0.0,55.47,55.47
6-24ч,2026-08-16T16:21:00Z,2026-08-17T12:00:00Z,19.6,33.59,25.0,0.0,8.59,8.59
6-24ч,2026-08-16T16:21:00Z,2026-08-17T13:00:00Z,20.6,40.62,37.5,0.0,3.12,3.12
6-24ч,2026-08-16T16:21:00Z,2026-08-17T14:00:00Z,21.6,41.41,25.0,0.0,16.41,16.41
6-24ч,2026-08-16T16:21:00Z,2026-08-17T15:00:00Z,22.6,83.59,0.0,0.0,83.59,83.59
6-24ч,2026-08-16T16:21:00Z,2026-08-17T16:00:00Z,23.6,64.84,0.0,0.0,64.84,64.84
6-24ч,2026-08-16T22:29:34Z,2026-08-17T06:00:00Z,7.5,1.56,0.0,0.0,1.56,1.56
6-24ч,2026-08-16T22:29:34Z,2026-08-17T07:00:00Z,8.5,7.03,0.0,0.0,7.03,7.03
6-24ч,2026-08-16T22:29:34Z,2026-08-17T08:00:00Z,9.5,9.38,0.0,0.0,9.38,9.38
6-24ч,2026-08-16T22:29:34Z,2026-08-17T09:00:00Z,10.5,33.59,12.5,0.0,21.09,21.09
6-24ч,2026-08-16T22:29:34Z,2026-08-17T10:00:00Z,11.5,43.75,12.5,0.0,31.25,31.25
6-24ч,2026-08-16T22:29:34Z,2026-08-17T11:00:00Z,12.5,56.25,12.5,0.0,43.75,43.75
6-24ч,2026-08-16T22:29:34Z,2026-08-17T12:00:00Z,13.5,42.19,25.0,0.0,17.19,17.19
6-24ч,2026-08-16T22:29:34Z,2026-08-17T13:00:00Z,14.5,89.06,37.5,0.0,51.56,51.56
6-24ч,2026-08-16T22:29:34Z,2026-08-17T14:00:00Z,15.5,96.09,25.0,0.0,71.09,71.09
6-24ч,2026-08-16T22:29:34Z,2026-08-17T15:00:00Z,16.5,98.44,0.0,0.0,98.44,98.44
6-24ч,2026-08-16T22:29:34Z,2026-08-17T16:00:00Z,17.5,82.81,0.0,0.0,82.81,82.81
6-24ч,2026-08-16T22:29:34Z,2026-08-17T17:00:00Z,18.5,90.62,12.5,0.0,78.12,78.12
6-24ч,2026-08-16T22:29:34Z,2026-08-17T18:00:00Z,19.5,80.47,37.5,0.0,42.97,42.97
6-24ч,2026-08-17T04:35:30Z,2026-08-17T11:00:00Z,6.4,86.72,12.5,0.0,74.22,74.22
6-24ч,2026-08-17T04:35:30Z,2026-08-17T12:00:00Z,7.4,92.19,25.0,0.0,67.19,67.19
6-24ч,2026-08-17T04:35:30Z,2026-08-17T13:00:00Z,8.4,97.66,37.5,0.0,60.16,60.16
6-24ч,2026-08-17T04:35:30Z,2026-08-17T14:00:00Z,9.4,91.41,25.0,0.0,66.41,66.41
6-24ч,2026-08-17T04:35:30Z,2026-08-17T15:00:00Z,10.4,93.75,0.0,0.0,93.75,93.75
6-24ч,2026-08-17T04:35:30Z,2026-08-17T16:00:00Z,11.4,76.56,0.0,0.0,76.56,76.56
6-24ч,2026-08-17T04:35:30Z,2026-08-17T17:00:00Z,12.4,69.53,12.5,0.0,57.03,57.03
6-24ч,2026-08-17T04:35:30Z,2026-08-17T18:00:00Z,13.4,78.12,37.5,0.0,40.62,40.62
6-24ч,2026-08-17T10:18:11Z,2026-08-17T17:00:00Z,6.7,35.16,12.5,0.0,22.66,22.66
6-24ч,2026-08-17T10:18:11Z,2026-08-17T18:00:00Z,7.7,45.31,37.5,0.0,7.81,7.81
6-24ч,2026-08-17T10:18:11Z,2026-08-18T06:00:00Z,19.7,34.38,100.0,0.0,-65.62,65.62
6-24ч,2026-08-17T10:18:11Z,2026-08-18T07:00:00Z,20.7,46.09,87.5,0.0,-41.41,41.41
6-24ч,2026-08-17T10:18:11Z,2026-08-18T08:00:00Z,21.7,37.5,75.0,0.0,-37.5,37.5
6-24ч,2026-08-17T10:18:11Z,2026-08-18T09:00:00Z,22.7,39.84,50.0,12.5,-10.16,10.16
6-24ч,2026-08-17T10:18:11Z,2026-08-18T10:00:00Z,23.7,0.78,37.5,12.5,-36.72,36.72
6-24ч,2026-08-17T16:23:45Z,2026-08-18T06:00:00Z,13.6,65.62,100.0,0.0,-34.38,34.38
6-24ч,2026-08-17T16:23:45Z,2026-08-18T07:00:00Z,14.6,14.84,87.5,0.0,-72.66,72.66
6-24ч,2026-08-17T16:23:45Z,2026-08-18T08:00:00Z,15.6,75.0,75.0,0.0,0.0,0.0
6-24ч,2026-08-17T16:23:45Z,2026-08-18T09:00:00Z,16.6,47.66,50.0,12.5,-2.34,2.34
6-24ч,2026-08-17T16:23:45Z,2026-08-18T10:00:00Z,17.6,0.0,37.5,12.5,-37.5,37.5
6-24ч,2026-08-17T16:23:45Z,2026-08-18T11:00:00Z,18.6,39.06,50.0,12.5,-10.94,10.94
6-24ч,2026-08-17T16:23:45Z,2026-08-18T12:00:00Z,19.6,40.62,75.0,25.0,-34.38,34.38
6-24ч,2026-08-17T16:23:45Z,2026-08-18T13:00:00Z,20.6,90.62,75.0,37.5,15.62,15.62
6-24ч,2026-08-17T16:23:45Z,2026-08-18T14:00:00Z,21.6,63.28,62.5,25.0,0.78,0.78
6-24ч,2026-08-17T16:23:45Z,2026-08-18T15:00:00Z,22.6,67.97,25.0,0.0,42.97,42.97
6-24ч,2026-08-17T16:23:45Z,2026-08-18T16:00:00Z,23.6,87.5,37.5,0.0,50.0,50.0
6-24ч,2026-08-17T22:31:28Z,2026-08-18T06:00:00Z,7.5,50.0,100.0,0.0,-50.0,50.0
6-24ч,2026-08-17T22:31:28Z,2026-08-18T07:00:00Z,8.5,70.31,87.5,0.0,-17.19,17.19
6-24ч,2026-08-17T22:31:28Z,2026-08-18T08:00:00Z,9.5,8.59,75.0,0.0,-66.41,66.41
6-24ч,2026-08-17T22:31:28Z,2026-08-18T09:00:00Z,10.5,78.12,50.0,12.5,28.12,28.12
6-24ч,2026-08-17T22:31:28Z,2026-08-18T10:00:00Z,11.5,32.81,37.5,12.5,-4.69,4.69
6-24ч,2026-08-17T22:31:28Z,2026-08-18T11:00:00Z,12.5,44.53,50.0,12.5,-5.47,5.47
6-24ч,2026-08-17T22:31:28Z,2026-08-18T12:00:00Z,13.5,82.03,75.0,25.0,7.03,7.03
6-24ч,2026-08-17T22:31:28Z,2026-08-18T13:00:00Z,14.5,60.94,75.0,37.5,-14.06,14.06
6-24ч,2026-08-17T22:31:28Z,2026-08-18T14:00:00Z,15.5,32.03,62.5,25.0,-30.47,30.47
6-24ч,2026-08-17T22:31:28Z,2026-08-18T15:00:00Z,16.5,67.97,25.0,0.0,42.97,42.97
6-24ч,2026-08-17T22:31:28Z,2026-08-18T16:00:00Z,17.5,14.84,37.5,0.0,-22.66,22.66
6-24ч,2026-08-17T22:31:28Z,2026-08-18T17:00:00Z,18.5,39.06,37.5,12.5,1.56,1.56
6-24ч,2026-08-17T22:31:28Z,2026-08-18T18:00:00Z,19.5,64.84,75.0,37.5,-10.16,10.16
6-24ч,2026-08-18T04:30:05Z,2026-08-18T11:00:00Z,6.5,76.56,50.0,12.5,26.56,26.56
6-24ч,2026-08-18T04:30:05Z,2026-08-18T12:00:00Z,7.5,32.81,75.0,25.0,-42.19,42.19
6-24ч,2026-08-18T04:30:05Z,2026-08-18T13:00:00Z,8.5,17.97,75.0,37.5,-57.03,57.03
6-24ч,2026-08-18T04:30:05Z,2026-08-18T14:00:00Z,9.5,29.69,62.5,25.0,-32.81,32.81
6-24ч,2026-08-18T04:30:05Z,2026-08-18T15:00:00Z,10.5,53.12,25.0,0.0,28.12,28.12
6-24ч,2026-08-18T04:30:05Z,2026-08-18T16:00:00Z,11.5,22.66,37.5,0.0,-14.84,14.84
6-24ч,2026-08-18T04:30:05Z,2026-08-18T17:00:00Z,12.5,51.56,37.5,12.5,14.06,14.06
6-24ч,2026-08-18T04:30:05Z,2026-08-18T18:00:00Z,13.5,67.19,75.0,37.5,-7.81,7.81
6-24ч,2026-08-18T10:14:55Z,2026-08-18T17:00:00Z,6.8,89.06,37.5,12.5,51.56,51.56
6-24ч,2026-08-18T10:14:55Z,2026-08-18T18:00:00Z,7.8,73.44,75.0,37.5,-1.56,1.56
6-24ч,2026-08-18T10:14:55Z,2026-08-19T06:00:00Z,19.8,92.19,87.5,100.0,4.69,4.69
6-24ч,2026-08-18T10:14:55Z,2026-08-19T07:00:00Z,20.8,59.38,87.5,87.5,-28.12,28.12
6-24ч,2026-08-18T10:14:55Z,2026-08-19T08:00:00Z,21.8,41.41,12.5,75.0,28.91,28.91
6-24ч,2026-08-18T10:14:55Z,2026-08-19T09:00:00Z,22.8,28.91,12.5,50.0,16.41,16.41
6-24ч,2026-08-18T10:14:55Z,2026-08-19T10:00:00Z,23.8,24.22,50.0,37.5,-25.78,25.78
6-24ч,2026-08-18T16:27:50Z,2026-08-19T06:00:00Z,13.5,99.22,87.5,100.0,11.72,11.72
6-24ч,2026-08-18T16:27:50Z,2026-08-19T07:00:00Z,14.5,64.84,87.5,87.5,-22.66,22.66
6-24ч,2026-08-18T16:27:50Z,2026-08-19T08:00:00Z,15.5,23.44,12.5,75.0,10.94,10.94
6-24ч,2026-08-18T16:27:50Z,2026-08-19T09:00:00Z,16.5,32.03,12.5,50.0,19.53,19.53
6-24ч,2026-08-18T16:27:50Z,2026-08-19T10:00:00Z,17.5,9.38,50.0,37.5,-40.62,40.62
6-24ч,2026-08-18T16:27:50Z,2026-08-19T11:00:00Z,18.5,3.91,62.5,50.0,-58.59,58.59
6-24ч,2026-08-18T16:27:50Z,2026-08-19T12:00:00Z,19.5,0.78,12.5,75.0,-11.72,11.72
6-24ч,2026-08-18T16:27:50Z,2026-08-19T13:00:00Z,20.5,0.0,0.0,75.0,0.0,0.0
6-24ч,2026-08-18T16:27:50Z,2026-08-19T14:00:00Z,21.5,1.56,0.0,62.5,1.56,1.56
6-24ч,2026-08-18T16:27:50Z,2026-08-19T15:00:00Z,22.5,46.88,0.0,25.0,46.88,46.88
6-24ч,2026-08-18T16:27:50Z,2026-08-19T16:00:00Z,23.5,1.56,0.0,37.5,1.56,1.56
6-24ч,2026-08-18T22:31:39Z,2026-08-19T06:00:00Z,7.5,93.75,87.5,100.0,6.25,6.25
6-24ч,2026-08-18T22:31:39Z,2026-08-19T07:00:00Z,8.5,97.66,87.5,87.5,10.16,10.16
6-24ч,2026-08-18T22:31:39Z,2026-08-19T08:00:00Z,9.5,71.88,12.5,75.0,59.38,59.38
6-24ч,2026-08-18T22:31:39Z,2026-08-19T09:00:00Z,10.5,44.53,12.5,50.0,32.03,32.03
6-24ч,2026-08-18T22:31:39Z,2026-08-19T10:00:00Z,11.5,92.19,50.0,37.5,42.19,42.19
6-24ч,2026-08-18T22:31:39Z,2026-08-19T11:00:00Z,12.5,96.09,62.5,50.0,33.59,33.59
6-24ч,2026-08-18T22:31:39Z,2026-08-19T12:00:00Z,13.5,5.47,12.5,75.0,-7.03,7.03
6-24ч,2026-08-18T22:31:39Z,2026-08-19T13:00:00Z,14.5,0.78,0.0,75.0,0.78,0.78
6-24ч,2026-08-18T22:31:39Z,2026-08-19T14:00:00Z,15.5,3.12,0.0,62.5,3.12,3.12
6-24ч,2026-08-18T22:31:39Z,2026-08-19T15:00:00Z,16.5,6.25,0.0,25.0,6.25,6.25
6-24ч,2026-08-18T22:31:39Z,2026-08-19T16:00:00Z,17.5,27.34,0.0,37.5,27.34,27.34
6-24ч,2026-08-18T22:31:39Z,2026-08-19T17:00:00Z,18.5,2.34,12.5,37.5,-10.16,10.16
6-24ч,2026-08-18T22:31:39Z,2026-08-19T18:00:00Z,19.5,6.25,0.0,75.0,6.25,6.25
6-24ч,2026-08-19T04:31:14Z,2026-08-19T11:00:00Z,6.5,13.28,62.5,50.0,-49.22,49.22
6-24ч,2026-08-19T04:31:14Z,2026-08-19T12:00:00Z,7.5,3.91,12.5,75.0,-8.59,8.59
6-24ч,2026-08-19T04:31:14Z,2026-08-19T13:00:00Z,8.5,7.81,0.0,75.0,7.81,7.81
6-24ч,2026-08-19T04:31:14Z,2026-08-19T14:00:00Z,9.5,0.0,0.0,62.5,0.0,0.0
6-24ч,2026-08-19T04:31:14Z,2026-08-19T15:00:00Z,10.5,32.03,0.0,25.0,32.03,32.03
6-24ч,2026-08-19T04:31:14Z,2026-08-19T16:00:00Z,11.5,14.84,0.0,37.5,14.84,14.84
6-24ч,2026-08-19T04:31:14Z,2026-08-19T17:00:00Z,12.5,3.12,12.5,37.5,-9.38,9.38
6-24ч,2026-08-19T04:31:14Z,2026-08-19T18:00:00Z,13.5,6.25,0.0,75.0,6.25,6.25
6-24ч,2026-08-19T10:14:48Z,2026-08-19T17:00:00Z,6.8,0.0,12.5,37.5,-12.5,12.5
6-24ч,2026-08-19T10:14:48Z,2026-08-19T18:00:00Z,7.8,1.56,0.0,75.0,1.56,1.56
6-24ч,2026-08-19T10:14:48Z,2026-08-20T06:00:00Z,19.8,28.91,12.5,87.5,16.41,16.41
6-24ч,2026-08-19T10:14:48Z,2026-08-20T07:00:00Z,20.8,60.16,12.5,87.5,47.66,47.66
6-24ч,2026-08-19T10:14:48Z,2026-08-20T08:00:00Z,21.8,42.19,37.5,12.5,4.69,4.69
6-24ч,2026-08-19T10:14:48Z,2026-08-20T09:00:00Z,22.8,46.88,37.5,12.5,9.38,9.38
6-24ч,2026-08-19T10:14:48Z,2026-08-20T10:00:00Z,23.8,53.12,12.5,50.0,40.62,40.62
6-24ч,2026-08-19T16:28:17Z,2026-08-20T06:00:00Z,13.5,23.44,12.5,87.5,10.94,10.94
6-24ч,2026-08-19T16:28:17Z,2026-08-20T07:00:00Z,14.5,65.62,12.5,87.5,53.12,53.12
6-24ч,2026-08-19T16:28:17Z,2026-08-20T08:00:00Z,15.5,35.16,37.5,12.5,-2.34,2.34
6-24ч,2026-08-19T16:28:17Z,2026-08-20T09:00:00Z,16.5,30.47,37.5,12.5,-7.03,7.03
6-24ч,2026-08-19T16:28:17Z,2026-08-20T10:00:00Z,17.5,56.25,12.5,50.0,43.75,43.75
6-24ч,2026-08-19T16:28:17Z,2026-08-20T11:00:00Z,18.5,39.06,25.0,62.5,14.06,14.06
6-24ч,2026-08-19T16:28:17Z,2026-08-20T12:00:00Z,19.5,21.88,12.5,12.5,9.38,9.38
6-24ч,2026-08-19T16:28:17Z,2026-08-20T13:00:00Z,20.5,8.59,25.0,0.0,-16.41,16.41
6-24ч,2026-08-19T16:28:17Z,2026-08-20T14:00:00Z,21.5,25.78,12.5,0.0,13.28,13.28
6-24ч,2026-08-19T16:28:17Z,2026-08-20T15:00:00Z,22.5,7.81,0.0,0.0,7.81,7.81
6-24ч,2026-08-19T16:28:17Z,2026-08-20T16:00:00Z,23.5,4.69,12.5,0.0,-7.81,7.81
6-24ч,2026-08-20T04:31:56Z,2026-08-20T11:00:00Z,6.5,51.56,25.0,62.5,26.56,26.56
6-24ч,2026-08-20T04:31:56Z,2026-08-20T12:00:00Z,7.5,23.44,12.5,12.5,10.94,10.94
6-24ч,2026-08-20T04:31:56Z,2026-08-20T13:00:00Z,8.5,14.84,25.0,0.0,-10.16,10.16
6-24ч,2026-08-20T04:31:56Z,2026-08-20T14:00:00Z,9.5,15.62,12.5,0.0,3.12,3.12
6-24ч,2026-08-20T04:31:56Z,2026-08-20T15:00:00Z,10.5,7.03,0.0,0.0,7.03,7.03
6-24ч,2026-08-20T04:31:56Z,2026-08-20T16:00:00Z,11.5,11.72,12.5,0.0,-0.78,0.78
6-24ч,2026-08-20T04:31:56Z,2026-08-20T17:00:00Z,12.5,14.84,0.0,12.5,14.84,14.84
6-24ч,2026-08-20T04:31:56Z,2026-08-20T18:00:00Z,13.5,16.41,0.0,0.0,16.41,16.41
6-24ч,2026-08-20T10:16:10Z,2026-08-20T17:00:00Z,6.7,8.59,0.0,12.5,8.59,8.59
6-24ч,2026-08-20T10:16:10Z,2026-08-20T18:00:00Z,7.7,6.25,0.0,0.0,6.25,6.25
6-24ч,2026-08-20T10:16:10Z,2026-08-21T06:00:00Z,19.7,75.0,25.0,12.5,50.0,50.0
6-24ч,2026-08-20T10:16:10Z,2026-08-21T07:00:00Z,20.7,21.88,25.0,12.5,-3.12,3.12
6-24ч,2026-08-20T10:16:10Z,2026-08-21T08:00:00Z,21.7,4.69,25.0,37.5,-20.31,20.31
6-24ч,2026-08-20T10:16:10Z,2026-08-21T09:00:00Z,22.7,7.03,37.5,37.5,-30.47,30.47
6-24ч,2026-08-20T10:16:10Z,2026-08-21T10:00:00Z,23.7,10.94,37.5,12.5,-26.56,26.56
6-24ч,2026-08-20T16:31:45Z,2026-08-21T06:00:00Z,13.5,12.5,25.0,12.5,-12.5,12.5
6-24ч,2026-08-20T16:31:45Z,2026-08-21T07:00:00Z,14.5,97.66,25.0,12.5,72.66,72.66
6-24ч,2026-08-20T16:31:45Z,2026-08-21T08:00:00Z,15.5,96.09,25.0,37.5,71.09,71.09
6-24ч,2026-08-20T16:31:45Z,2026-08-21T09:00:00Z,16.5,93.75,37.5,37.5,56.25,56.25
6-24ч,2026-08-20T16:31:45Z,2026-08-21T10:00:00Z,17.5,92.97,37.5,12.5,55.47,55.47
6-24ч,2026-08-20T16:31:45Z,2026-08-21T11:00:00Z,18.5,81.25,50.0,25.0,31.25,31.25
6-24ч,2026-08-20T16:31:45Z,2026-08-21T12:00:00Z,19.5,7.03,50.0,12.5,-42.97,42.97
6-24ч,2026-08-20T16:31:45Z,2026-08-21T13:00:00Z,20.5,35.94,12.5,25.0,23.44,23.44
6-24ч,2026-08-20T22:34:58Z,2026-08-21T06:00:00Z,7.4,1.56,25.0,12.5,-23.44,23.44
6-24ч,2026-08-20T22:34:58Z,2026-08-21T07:00:00Z,8.4,9.38,25.0,12.5,-15.62,15.62
6-24ч,2026-08-20T22:34:58Z,2026-08-21T08:00:00Z,9.4,16.41,25.0,37.5,-8.59,8.59
6-24ч,2026-08-20T22:34:58Z,2026-08-21T09:00:00Z,10.4,50.78,37.5,37.5,13.28,13.28
6-24ч,2026-08-20T22:34:58Z,2026-08-21T10:00:00Z,11.4,82.81,37.5,12.5,45.31,45.31
6-24ч,2026-08-20T22:34:58Z,2026-08-21T11:00:00Z,12.4,27.34,50.0,25.0,-22.66,22.66
6-24ч,2026-08-20T22:34:58Z,2026-08-21T12:00:00Z,13.4,23.44,50.0,12.5,-26.56,26.56
6-24ч,2026-08-20T22:34:58Z,2026-08-21T13:00:00Z,14.4,70.31,12.5,25.0,57.81,57.81
6-24ч,2026-08-21T04:32:20Z,2026-08-21T11:00:00Z,6.5,71.09,50.0,25.0,21.09,21.09
6-24ч,2026-08-21T04:32:20Z,2026-08-21T12:00:00Z,7.5,73.44,50.0,12.5,23.44,23.44
6-24ч,2026-08-21T04:32:20Z,2026-08-21T13:00:00Z,8.5,21.88,12.5,25.0,9.38,9.38
6-24ч,2026-08-21T10:16:50Z,2026-08-22T06:00:00Z,19.7,2.34,12.5,25.0,-10.16,10.16
6-24ч,2026-08-21T10:16:50Z,2026-08-22T07:00:00Z,20.7,0.0,25.0,25.0,-25.0,25.0
6-24ч,2026-08-21T10:16:50Z,2026-08-22T08:00:00Z,21.7,2.34,37.5,25.0,-35.16,35.16
6-24ч,2026-08-21T10:16:50Z,2026-08-22T09:00:00Z,22.7,20.31,37.5,37.5,-17.19,17.19
6-24ч,2026-08-21T10:16:50Z,2026-08-22T10:00:00Z,23.7,14.84,37.5,37.5,-22.66,22.66
6-24ч,2026-08-21T16:30:34Z,2026-08-22T06:00:00Z,13.5,0.0,12.5,25.0,-12.5,12.5
6-24ч,2026-08-21T16:30:34Z,2026-08-22T07:00:00Z,14.5,6.25,25.0,25.0,-18.75,18.75
6-24ч,2026-08-21T16:30:34Z,2026-08-22T08:00:00Z,15.5,7.03,37.5,25.0,-30.47,30.47
6-24ч,2026-08-21T16:30:34Z,2026-08-22T09:00:00Z,16.5,5.47,37.5,37.5,-32.03,32.03
6-24ч,2026-08-21T16:30:34Z,2026-08-22T10:00:00Z,17.5,1.56,37.5,37.5,-35.94,35.94
6-24ч,2026-08-21T16:30:34Z,2026-08-22T11:00:00Z,18.5,2.34,37.5,50.0,-35.16,35.16
6-24ч,2026-08-21T16:30:34Z,2026-08-22T12:00:00Z,19.5,3.12,25.0,50.0,-21.88,21.88
6-24ч,2026-08-21T16:30:34Z,2026-08-22T13:00:00Z,20.5,2.34,25.0,12.5,-22.66,22.66
6-24ч,2026-08-21T22:32:12Z,2026-08-22T06:00:00Z,7.5,5.47,12.5,25.0,-7.03,7.03
6-24ч,2026-08-21T22:32:12Z,2026-08-22T07:00:00Z,8.5,13.28,25.0,25.0,-11.72,11.72
6-24ч,2026-08-21T22:32:12Z,2026-08-22T08:00:00Z,9.5,7.03,37.5,25.0,-30.47,30.47
6-24ч,2026-08-21T22:32:12Z,2026-08-22T09:00:00Z,10.5,1.56,37.5,37.5,-35.94,35.94
6-24ч,2026-08-21T22:32:12Z,2026-08-22T10:00:00Z,11.5,1.56,37.5,37.5,-35.94,35.94
6-24ч,2026-08-21T22:32:12Z,2026-08-22T11:00:00Z,12.5,2.34,37.5,50.0,-35.16,35.16
6-24ч,2026-08-21T22:32:12Z,2026-08-22T12:00:00Z,13.5,2.34,25.0,50.0,-22.66,22.66
6-24ч,2026-08-21T22:32:12Z,2026-08-22T13:00:00Z,14.5,2.34,25.0,12.5,-22.66,22.66
6-24ч,2026-08-22T04:26:43Z,2026-08-22T11:00:00Z,6.6,5.47,37.5,50.0,-32.03,32.03
6-24ч,2026-08-22T04:26:43Z,2026-08-22T12:00:00Z,7.6,3.91,25.0,50.0,-21.09,21.09
6-24ч,2026-08-22T04:26:43Z,2026-08-22T13:00:00Z,8.6,2.34,25.0,12.5,-22.66,22.66
6-24ч,2026-08-22T10:09:41Z,2026-08-23T06:00:00Z,19.8,0.78,87.5,12.5,-86.72,86.72
6-24ч,2026-08-22T10:09:41Z,2026-08-23T07:00:00Z,20.8,3.12,87.5,25.0,-84.38,84.38
6-24ч,2026-08-22T10:09:41Z,2026-08-23T08:00:00Z,21.8,2.34,87.5,37.5,-85.16,85.16
6-24ч,2026-08-22T10:09:41Z,2026-08-23T09:00:00Z,22.8,6.25,87.5,37.5,-81.25,81.25
6-24ч,2026-08-22T10:09:41Z,2026-08-23T10:00:00Z,23.8,2.34,62.5,37.5,-60.16,60.16
6-24ч,2026-08-22T16:20:08Z,2026-08-23T06:00:00Z,13.7,7.81,87.5,12.5,-79.69,79.69
6-24ч,2026-08-22T16:20:08Z,2026-08-23T07:00:00Z,14.7,27.34,87.5,25.0,-60.16,60.16
6-24ч,2026-08-22T16:20:08Z,2026-08-23T08:00:00Z,15.7,11.72,87.5,37.5,-75.78,75.78
6-24ч,2026-08-22T16:20:08Z,2026-08-23T09:00:00Z,16.7,2.34,87.5,37.5,-85.16,85.16
6-24ч,2026-08-22T16:20:08Z,2026-08-23T10:00:00Z,17.7,0.78,62.5,37.5,-61.72,61.72
6-24ч,2026-08-22T16:20:08Z,2026-08-23T11:00:00Z,18.7,1.56,75.0,37.5,-73.44,73.44
6-24ч,2026-08-22T16:20:08Z,2026-08-23T12:00:00Z,19.7,0.78,75.0,25.0,-74.22,74.22
6-24ч,2026-08-22T16:20:08Z,2026-08-23T13:00:00Z,20.7,4.69,50.0,25.0,-45.31,45.31
6-24ч,2026-08-22T22:29:28Z,2026-08-23T06:00:00Z,7.5,74.22,87.5,12.5,-13.28,13.28
6-24ч,2026-08-22T22:29:28Z,2026-08-23T07:00:00Z,8.5,50.0,87.5,25.0,-37.5,37.5
6-24ч,2026-08-22T22:29:28Z,2026-08-23T08:00:00Z,9.5,25.0,87.5,37.5,-62.5,62.5
6-24ч,2026-08-22T22:29:28Z,2026-08-23T09:00:00Z,10.5,7.03,87.5,37.5,-80.47,80.47
6-24ч,2026-08-22T22:29:28Z,2026-08-23T10:00:00Z,11.5,2.34,62.5,37.5,-60.16,60.16
6-24ч,2026-08-22T22:29:28Z,2026-08-23T11:00:00Z,12.5,1.56,75.0,37.5,-73.44,73.44
6-24ч,2026-08-22T22:29:28Z,2026-08-23T12:00:00Z,13.5,0.0,75.0,25.0,-75.0,75.0
6-24ч,2026-08-22T22:29:28Z,2026-08-23T13:00:00Z,14.5,0.0,50.0,25.0,-50.0,50.0
6-24ч,2026-08-23T04:31:06Z,2026-08-23T11:00:00Z,6.5,0.0,75.0,37.5,-75.0,75.0
6-24ч,2026-08-23T04:31:06Z,2026-08-23T12:00:00Z,7.5,0.78,75.0,25.0,-74.22,74.22
6-24ч,2026-08-23T04:31:06Z,2026-08-23T13:00:00Z,8.5,0.0,50.0,25.0,-50.0,50.0
1-2 дня,2026-08-06T11:44:08Z,2026-08-07T12:00:00Z,24.3,19.53,0.0,25.0,19.53,19.53
1-2 дня,2026-08-06T11:44:08Z,2026-08-07T13:00:00Z,25.3,65.62,12.5,50.0,53.12,53.12
1-2 дня,2026-08-06T11:44:08Z,2026-08-07T14:00:00Z,26.3,92.19,25.0,62.5,67.19,67.19
1-2 дня,2026-08-06T11:44:08Z,2026-08-07T15:00:00Z,27.3,16.41,25.0,87.5,-8.59,8.59
1-2 дня,2026-08-06T11:44:08Z,2026-08-07T16:00:00Z,28.3,9.38,37.5,87.5,-28.12,28.12
1-2 дня,2026-08-06T11:44:08Z,2026-08-07T17:00:00Z,29.3,40.62,12.5,87.5,28.12,28.12
1-2 дня,2026-08-06T11:44:08Z,2026-08-07T18:00:00Z,30.3,58.59,75.0,75.0,-16.41,16.41
1-2 дня,2026-08-06T11:44:08Z,2026-08-08T06:00:00Z,42.3,0.78,0.0,12.5,0.78,0.78
1-2 дня,2026-08-06T11:44:08Z,2026-08-08T07:00:00Z,43.3,0.0,0.0,0.0,0.0,0.0
1-2 дня,2026-08-06T11:44:08Z,2026-08-08T08:00:00Z,44.3,0.78,0.0,0.0,0.78,0.78
1-2 дня,2026-08-06T11:44:08Z,2026-08-08T09:00:00Z,45.3,0.78,0.0,0.0,0.78,0.78
1-2 дня,2026-08-06T11:44:08Z,2026-08-08T10:00:00Z,46.3,10.94,0.0,0.0,10.94,10.94
1-2 дня,2026-08-06T11:44:08Z,2026-08-08T11:00:00Z,47.3,13.28,12.5,0.0,0.78,0.78
1-2 дня,2026-08-07T01:31:32Z,2026-08-08T06:00:00Z,28.5,0.0,0.0,12.5,0.0,0.0
1-2 дня,2026-08-07T01:31:32Z,2026-08-08T07:00:00Z,29.5,0.0,0.0,0.0,0.0,0.0
1-2 дня,2026-08-07T01:31:32Z,2026-08-08T08:00:00Z,30.5,0.0,0.0,0.0,0.0,0.0
1-2 дня,2026-08-07T01:31:32Z,2026-08-08T09:00:00Z,31.5,4.69,0.0,0.0,4.69,4.69
1-2 дня,2026-08-07T01:31:32Z,2026-08-08T10:00:00Z,32.5,21.09,0.0,0.0,21.09,21.09
1-2 дня,2026-08-07T01:31:32Z,2026-08-08T11:00:00Z,33.5,30.47,12.5,0.0,17.97,17.97
1-2 дня,2026-08-07T01:31:32Z,2026-08-08T12:00:00Z,34.5,19.53,12.5,0.0,7.03,7.03
1-2 дня,2026-08-07T01:31:32Z,2026-08-08T13:00:00Z,35.5,16.41,12.5,12.5,3.91,3.91
1-2 дня,2026-08-07T01:31:32Z,2026-08-08T14:00:00Z,36.5,14.84,12.5,25.0,2.34,2.34
1-2 дня,2026-08-07T01:31:32Z,2026-08-08T15:00:00Z,37.5,17.97,12.5,25.0,5.47,5.47
1-2 дня,2026-08-07T01:31:32Z,2026-08-08T16:00:00Z,38.5,28.12,0.0,37.5,28.12,28.12
1-2 дня,2026-08-07T01:31:32Z,2026-08-08T17:00:00Z,39.5,54.69,0.0,12.5,54.69,54.69
1-2 дня,2026-08-07T01:31:32Z,2026-08-08T18:00:00Z,40.5,35.94,0.0,75.0,35.94,35.94
1-2 дня,2026-08-07T05:36:00Z,2026-08-08T06:00:00Z,24.4,0.0,0.0,12.5,0.0,0.0
1-2 дня,2026-08-07T05:36:00Z,2026-08-08T07:00:00Z,25.4,0.0,0.0,0.0,0.0,0.0
1-2 дня,2026-08-07T05:36:00Z,2026-08-08T08:00:00Z,26.4,0.0,0.0,0.0,0.0,0.0
1-2 дня,2026-08-07T05:36:00Z,2026-08-08T09:00:00Z,27.4,4.69,0.0,0.0,4.69,4.69
1-2 дня,2026-08-07T05:36:00Z,2026-08-08T10:00:00Z,28.4,21.09,0.0,0.0,21.09,21.09
1-2 дня,2026-08-07T05:36:00Z,2026-08-08T11:00:00Z,29.4,30.47,12.5,0.0,17.97,17.97
1-2 дня,2026-08-07T05:36:00Z,2026-08-08T12:00:00Z,30.4,19.53,12.5,0.0,7.03,7.03
1-2 дня,2026-08-07T05:36:00Z,2026-08-08T13:00:00Z,31.4,16.41,12.5,12.5,3.91,3.91
1-2 дня,2026-08-07T05:36:00Z,2026-08-08T14:00:00Z,32.4,14.84,12.5,25.0,2.34,2.34
1-2 дня,2026-08-07T05:36:00Z,2026-08-08T15:00:00Z,33.4,17.97,12.5,25.0,5.47,5.47
1-2 дня,2026-08-07T05:36:00Z,2026-08-08T16:00:00Z,34.4,28.12,0.0,37.5,28.12,28.12
1-2 дня,2026-08-07T05:36:00Z,2026-08-08T17:00:00Z,35.4,54.69,0.0,12.5,54.69,54.69
1-2 дня,2026-08-07T05:36:00Z,2026-08-08T18:00:00Z,36.4,35.94,0.0,75.0,35.94,35.94
1-2 дня,2026-08-07T06:18:59Z,2026-08-08T07:00:00Z,24.7,0.0,0.0,0.0,0.0,0.0
1-2 дня,2026-08-07T06:18:59Z,2026-08-08T08:00:00Z,25.7,0.0,0.0,0.0,0.0,0.0
1-2 дня,2026-08-07T06:18:59Z,2026-08-08T09:00:00Z,26.7,5.47,0.0,0.0,5.47,5.47
1-2 дня,2026-08-07T06:18:59Z,2026-08-08T10:00:00Z,27.7,26.56,0.0,0.0,26.56,26.56
1-2 дня,2026-08-07T06:18:59Z,2026-08-08T11:00:00Z,28.7,32.03,12.5,0.0,19.53,19.53
1-2 дня,2026-08-07T06:18:59Z,2026-08-08T12:00:00Z,29.7,27.34,12.5,0.0,14.84,14.84
1-2 дня,2026-08-07T06:18:59Z,2026-08-08T13:00:00Z,30.7,18.75,12.5,12.5,6.25,6.25
1-2 дня,2026-08-07T06:18:59Z,2026-08-08T14:00:00Z,31.7,17.97,12.5,25.0,5.47,5.47
1-2 дня,2026-08-07T06:18:59Z,2026-08-08T15:00:00Z,32.7,12.5,12.5,25.0,0.0,0.0
1-2 дня,2026-08-07T06:18:59Z,2026-08-08T16:00:00Z,33.7,18.75,0.0,37.5,18.75,18.75
1-2 дня,2026-08-07T06:18:59Z,2026-08-08T17:00:00Z,34.7,13.28,0.0,12.5,13.28,13.28
1-2 дня,2026-08-07T06:18:59Z,2026-08-08T18:00:00Z,35.7,6.25,0.0,75.0,6.25,6.25
1-2 дня,2026-08-07T06:18:59Z,2026-08-09T06:00:00Z,47.7,0.0,0.0,0.0,0.0,0.0
1-2 дня,2026-08-07T07:13:52Z,2026-08-08T08:00:00Z,24.8,0.0,0.0,0.0,0.0,0.0
1-2 дня,2026-08-07T07:13:52Z,2026-08-08T09:00:00Z,25.8,5.47,0.0,0.0,5.47,5.47
1-2 дня,2026-08-07T07:13:52Z,2026-08-08T10:00:00Z,26.8,26.56,0.0,0.0,26.56,26.56
1-2 дня,2026-08-07T07:13:52Z,2026-08-08T11:00:00Z,27.8,32.03,12.5,0.0,19.53,19.53
1-2 дня,2026-08-07T07:13:52Z,2026-08-08T12:00:00Z,28.8,27.34,12.5,0.0,14.84,14.84
1-2 дня,2026-08-07T07:13:52Z,2026-08-08T13:00:00Z,29.8,18.75,12.5,12.5,6.25,6.25
1-2 дня,2026-08-07T07:13:52Z,2026-08-08T14:00:00Z,30.8,17.97,12.5,25.0,5.47,5.47
1-2 дня,2026-08-07T07:13:52Z,2026-08-08T15:00:00Z,31.8,12.5,12.5,25.0,0.0,0.0
1-2 дня,2026-08-07T07:13:52Z,2026-08-08T16:00:00Z,32.8,18.75,0.0,37.5,18.75,18.75
1-2 дня,2026-08-07T07:13:52Z,2026-08-08T17:00:00Z,33.8,13.28,0.0,12.5,13.28,13.28
1-2 дня,2026-08-07T07:13:52Z,2026-08-08T18:00:00Z,34.8,6.25,0.0,75.0,6.25,6.25
1-2 дня,2026-08-07T07:13:52Z,2026-08-09T06:00:00Z,46.8,0.0,0.0,0.0,0.0,0.0
1-2 дня,2026-08-07T07:13:52Z,2026-08-09T07:00:00Z,47.8,0.0,0.0,0.0,0.0,0.0
1-2 дня,2026-08-07T10:39:14Z,2026-08-08T11:00:00Z,24.3,32.03,12.5,0.0,19.53,19.53
1-2 дня,2026-08-07T10:39:14Z,2026-08-08T12:00:00Z,25.3,27.34,12.5,0.0,14.84,14.84
1-2 дня,2026-08-07T10:39:14Z,2026-08-08T13:00:00Z,26.3,18.75,12.5,12.5,6.25,6.25
1-2 дня,2026-08-07T10:39:14Z,2026-08-08T14:00:00Z,27.3,17.97,12.5,25.0,5.47,5.47
1-2 дня,2026-08-07T10:39:14Z,2026-08-08T15:00:00Z,28.3,12.5,12.5,25.0,0.0,0.0
1-2 дня,2026-08-07T10:39:14Z,2026-08-08T16:00:00Z,29.3,18.75,0.0,37.5,18.75,18.75
1-2 дня,2026-08-07T10:39:14Z,2026-08-08T17:00:00Z,30.3,13.28,0.0,12.5,13.28,13.28
1-2 дня,2026-08-07T10:39:14Z,2026-08-08T18:00:00Z,31.3,6.25,0.0,75.0,6.25,6.25
1-2 дня,2026-08-07T10:39:14Z,2026-08-09T06:00:00Z,43.3,0.0,0.0,0.0,0.0,0.0
1-2 дня,2026-08-07T10:39:14Z,2026-08-09T07:00:00Z,44.3,0.0,0.0,0.0,0.0,0.0
1-2 дня,2026-08-07T10:39:14Z,2026-08-09T08:00:00Z,45.3,0.0,0.0,0.0,0.0,0.0
1-2 дня,2026-08-07T10:39:14Z,2026-08-09T09:00:00Z,46.3,0.0,0.0,0.0,0.0,0.0
1-2 дня,2026-08-07T10:39:14Z,2026-08-09T10:00:00Z,47.3,0.0,0.0,0.0,0.0,0.0
1-2 дня,2026-08-07T16:51:54Z,2026-08-08T17:00:00Z,24.1,11.72,0.0,12.5,11.72,11.72
1-2 дня,2026-08-07T16:51:54Z,2026-08-08T18:00:00Z,25.1,13.28,0.0,75.0,13.28,13.28
1-2 дня,2026-08-07T16:51:54Z,2026-08-09T06:00:00Z,37.1,0.0,0.0,0.0,0.0,0.0
1-2 дня,2026-08-07T16:51:54Z,2026-08-09T07:00:00Z,38.1,0.0,0.0,0.0,0.0,0.0
1-2 дня,2026-08-07T16:51:54Z,2026-08-09T08:00:00Z,39.1,0.0,0.0,0.0,0.0,0.0
1-2 дня,2026-08-07T16:51:54Z,2026-08-09T09:00:00Z,40.1,0.0,0.0,0.0,0.0,0.0
1-2 дня,2026-08-07T16:51:54Z,2026-08-09T10:00:00Z,41.1,0.0,0.0,0.0,0.0,0.0
1-2 дня,2026-08-07T16:51:54Z,2026-08-09T11:00:00Z,42.1,0.0,0.0,12.5,0.0,0.0
1-2 дня,2026-08-07T16:51:54Z,2026-08-09T12:00:00Z,43.1,0.0,12.5,12.5,-12.5,12.5
1-2 дня,2026-08-07T16:51:54Z,2026-08-09T13:00:00Z,44.1,0.0,12.5,12.5,-12.5,12.5
1-2 дня,2026-08-07T16:51:54Z,2026-08-09T14:00:00Z,45.1,0.0,0.0,12.5,0.0,0.0
1-2 дня,2026-08-07T16:51:54Z,2026-08-09T15:00:00Z,46.1,0.0,0.0,12.5,0.0,0.0
1-2 дня,2026-08-07T16:51:54Z,2026-08-09T16:00:00Z,47.1,0.0,0.0,0.0,0.0,0.0
1-2 дня,2026-08-07T22:45:57Z,2026-08-09T06:00:00Z,31.2,0.0,0.0,0.0,0.0,0.0
1-2 дня,2026-08-07T22:45:57Z,2026-08-09T07:00:00Z,32.2,0.0,0.0,0.0,0.0,0.0
1-2 дня,2026-08-07T22:45:57Z,2026-08-09T08:00:00Z,33.2,0.0,0.0,0.0,0.0,0.0
1-2 дня,2026-08-07T22:45:57Z,2026-08-09T09:00:00Z,34.2,0.0,0.0,0.0,0.0,0.0
1-2 дня,2026-08-07T22:45:57Z,2026-08-09T10:00:00Z,35.2,0.0,0.0,0.0,0.0,0.0
1-2 дня,2026-08-07T22:45:57Z,2026-08-09T11:00:00Z,36.2,0.0,0.0,12.5,0.0,0.0
1-2 дня,2026-08-07T22:45:57Z,2026-08-09T12:00:00Z,37.2,0.0,12.5,12.5,-12.5,12.5
1-2 дня,2026-08-07T22:45:57Z,2026-08-09T13:00:00Z,38.2,0.0,12.5,12.5,-12.5,12.5
1-2 дня,2026-08-07T22:45:57Z,2026-08-09T14:00:00Z,39.2,0.0,0.0,12.5,0.0,0.0
1-2 дня,2026-08-07T22:45:57Z,2026-08-09T15:00:00Z,40.2,0.0,0.0,12.5,0.0,0.0
1-2 дня,2026-08-07T22:45:57Z,2026-08-09T16:00:00Z,41.2,0.78,0.0,0.0,0.78,0.78
1-2 дня,2026-08-07T22:45:57Z,2026-08-09T17:00:00Z,42.2,0.0,0.0,0.0,0.0,0.0
1-2 дня,2026-08-07T22:45:57Z,2026-08-09T18:00:00Z,43.2,0.0,0.0,0.0,0.0,0.0
1-2 дня,2026-08-07T23:19:23Z,2026-08-09T06:00:00Z,30.7,0.0,0.0,0.0,0.0,0.0
1-2 дня,2026-08-07T23:19:23Z,2026-08-09T07:00:00Z,31.7,0.0,0.0,0.0,0.0,0.0
1-2 дня,2026-08-07T23:19:23Z,2026-08-09T08:00:00Z,32.7,0.0,0.0,0.0,0.0,0.0
1-2 дня,2026-08-07T23:19:23Z,2026-08-09T09:00:00Z,33.7,0.0,0.0,0.0,0.0,0.0
1-2 дня,2026-08-07T23:19:23Z,2026-08-09T10:00:00Z,34.7,0.0,0.0,0.0,0.0,0.0
1-2 дня,2026-08-07T23:19:23Z,2026-08-09T11:00:00Z,35.7,0.0,0.0,12.5,0.0,0.0
1-2 дня,2026-08-07T23:19:23Z,2026-08-09T12:00:00Z,36.7,0.0,12.5,12.5,-12.5,12.5
1-2 дня,2026-08-07T23:19:23Z,2026-08-09T13:00:00Z,37.7,0.0,12.5,12.5,-12.5,12.5
1-2 дня,2026-08-07T23:19:23Z,2026-08-09T14:00:00Z,38.7,0.0,0.0,12.5,0.0,0.0
1-2 дня,2026-08-07T23:19:23Z,2026-08-09T15:00:00Z,39.7,0.0,0.0,12.5,0.0,0.0
1-2 дня,2026-08-07T23:19:23Z,2026-08-09T16:00:00Z,40.7,0.78,0.0,0.0,0.78,0.78
1-2 дня,2026-08-07T23:19:23Z,2026-08-09T17:00:00Z,41.7,0.0,0.0,0.0,0.0,0.0
1-2 дня,2026-08-07T23:19:23Z,2026-08-09T18:00:00Z,42.7,0.0,0.0,0.0,0.0,0.0
1-2 дня,2026-08-08T04:50:53Z,2026-08-09T06:00:00Z,25.2,0.0,0.0,0.0,0.0,0.0
1-2 дня,2026-08-08T04:50:53Z,2026-08-09T07:00:00Z,26.2,0.0,0.0,0.0,0.0,0.0
1-2 дня,2026-08-08T04:50:53Z,2026-08-09T08:00:00Z,27.2,0.0,0.0,0.0,0.0,0.0
1-2 дня,2026-08-08T04:50:53Z,2026-08-09T09:00:00Z,28.2,0.0,0.0,0.0,0.0,0.0
1-2 дня,2026-08-08T04:50:53Z,2026-08-09T10:00:00Z,29.2,0.0,0.0,0.0,0.0,0.0
1-2 дня,2026-08-08T04:50:53Z,2026-08-09T11:00:00Z,30.2,0.0,0.0,12.5,0.0,0.0
1-2 дня,2026-08-08T04:50:53Z,2026-08-09T12:00:00Z,31.2,0.0,12.5,12.5,-12.5,12.5
1-2 дня,2026-08-08T04:50:53Z,2026-08-09T13:00:00Z,32.2,0.0,12.5,12.5,-12.5,12.5
1-2 дня,2026-08-08T04:50:53Z,2026-08-09T14:00:00Z,33.2,0.0,0.0,12.5,0.0,0.0
1-2 дня,2026-08-08T04:50:53Z,2026-08-09T15:00:00Z,34.2,0.0,0.0,12.5,0.0,0.0
1-2 дня,2026-08-08T04:50:53Z,2026-08-09T16:00:00Z,35.2,0.0,0.0,0.0,0.0,0.0
1-2 дня,2026-08-08T04:50:53Z,2026-08-09T17:00:00Z,36.2,0.0,0.0,0.0,0.0,0.0
1-2 дня,2026-08-08T04:50:53Z,2026-08-09T18:00:00Z,37.2,0.0,0.0,0.0,0.0,0.0
1-2 дня,2026-08-08T10:18:13Z,2026-08-09T11:00:00Z,24.7,0.0,0.0,12.5,0.0,0.0
1-2 дня,2026-08-08T10:18:13Z,2026-08-09T12:00:00Z,25.7,0.0,12.5,12.5,-12.5,12.5
1-2 дня,2026-08-08T10:18:13Z,2026-08-09T13:00:00Z,26.7,0.0,12.5,12.5,-12.5,12.5
1-2 дня,2026-08-08T10:18:13Z,2026-08-09T14:00:00Z,27.7,0.0,0.0,12.5,0.0,0.0
1-2 дня,2026-08-08T10:18:13Z,2026-08-09T15:00:00Z,28.7,0.0,0.0,12.5,0.0,0.0
1-2 дня,2026-08-08T10:18:13Z,2026-08-09T16:00:00Z,29.7,0.0,0.0,0.0,0.0,0.0
1-2 дня,2026-08-08T10:18:13Z,2026-08-09T17:00:00Z,30.7,0.0,0.0,0.0,0.0,0.0
1-2 дня,2026-08-08T10:18:13Z,2026-08-09T18:00:00Z,31.7,0.0,0.0,0.0,0.0,0.0
1-2 дня,2026-08-08T10:18:13Z,2026-08-10T06:00:00Z,43.7,0.0,0.0,0.0,0.0,0.0
1-2 дня,2026-08-08T10:18:13Z,2026-08-10T07:00:00Z,44.7,0.0,0.0,0.0,0.0,0.0
1-2 дня,2026-08-08T10:18:13Z,2026-08-10T08:00:00Z,45.7,0.0,0.0,0.0,0.0,0.0
1-2 дня,2026-08-08T10:18:13Z,2026-08-10T09:00:00Z,46.7,0.0,0.0,0.0,0.0,0.0
1-2 дня,2026-08-08T10:18:13Z,2026-08-10T10:00:00Z,47.7,0.0,0.0,0.0,0.0,0.0
1-2 дня,2026-08-08T22:37:20Z,2026-08-10T06:00:00Z,31.4,0.0,0.0,0.0,0.0,0.0
1-2 дня,2026-08-08T22:37:20Z,2026-08-10T07:00:00Z,32.4,0.0,0.0,0.0,0.0,0.0
1-2 дня,2026-08-08T22:37:20Z,2026-08-10T08:00:00Z,33.4,0.0,0.0,0.0,0.0,0.0
1-2 дня,2026-08-08T22:37:20Z,2026-08-10T09:00:00Z,34.4,0.0,0.0,0.0,0.0,0.0
1-2 дня,2026-08-08T22:37:20Z,2026-08-10T10:00:00Z,35.4,0.0,0.0,0.0,0.0,0.0
1-2 дня,2026-08-08T22:37:20Z,2026-08-10T11:00:00Z,36.4,0.0,12.5,0.0,-12.5,12.5
1-2 дня,2026-08-08T22:37:20Z,2026-08-10T12:00:00Z,37.4,0.0,0.0,12.5,0.0,0.0
1-2 дня,2026-08-08T22:37:20Z,2026-08-10T13:00:00Z,38.4,0.0,0.0,12.5,0.0,0.0
1-2 дня,2026-08-08T22:37:20Z,2026-08-10T14:00:00Z,39.4,0.0,0.0,0.0,0.0,0.0
1-2 дня,2026-08-08T22:37:20Z,2026-08-10T15:00:00Z,40.4,0.0,0.0,0.0,0.0,0.0
1-2 дня,2026-08-08T22:37:20Z,2026-08-10T16:00:00Z,41.4,0.0,0.0,0.0,0.0,0.0
1-2 дня,2026-08-08T22:37:20Z,2026-08-10T17:00:00Z,42.4,0.0,0.0,0.0,0.0,0.0
1-2 дня,2026-08-08T22:37:20Z,2026-08-10T18:00:00Z,43.4,0.0,0.0,0.0,0.0,0.0
1-2 дня,2026-08-09T04:59:03Z,2026-08-10T06:00:00Z,25.0,0.0,0.0,0.0,0.0,0.0
1-2 дня,2026-08-09T04:59:03Z,2026-08-10T07:00:00Z,26.0,0.0,0.0,0.0,0.0,0.0
1-2 дня,2026-08-09T04:59:03Z,2026-08-10T08:00:00Z,27.0,0.0,0.0,0.0,0.0,0.0
1-2 дня,2026-08-09T04:59:03Z,2026-08-10T09:00:00Z,28.0,0.0,0.0,0.0,0.0,0.0
1-2 дня,2026-08-09T04:59:03Z,2026-08-10T10:00:00Z,29.0,0.0,0.0,0.0,0.0,0.0
1-2 дня,2026-08-09T04:59:03Z,2026-08-10T11:00:00Z,30.0,0.0,12.5,0.0,-12.5,12.5
1-2 дня,2026-08-09T04:59:03Z,2026-08-10T12:00:00Z,31.0,0.0,0.0,12.5,0.0,0.0
1-2 дня,2026-08-09T04:59:03Z,2026-08-10T13:00:00Z,32.0,0.0,0.0,12.5,0.0,0.0
1-2 дня,2026-08-09T04:59:03Z,2026-08-10T14:00:00Z,33.0,0.0,0.0,0.0,0.0,0.0
1-2 дня,2026-08-09T04:59:03Z,2026-08-10T15:00:00Z,34.0,0.0,0.0,0.0,0.0,0.0
1-2 дня,2026-08-09T04:59:03Z,2026-08-10T16:00:00Z,35.0,0.0,0.0,0.0,0.0,0.0
1-2 дня,2026-08-09T04:59:03Z,2026-08-10T17:00:00Z,36.0,0.0,0.0,0.0,0.0,0.0
1-2 дня,2026-08-09T04:59:03Z,2026-08-10T18:00:00Z,37.0,0.0,0.0,0.0,0.0,0.0
1-2 дня,2026-08-09T10:19:29Z,2026-08-10T11:00:00Z,24.7,0.0,12.5,0.0,-12.5,12.5
1-2 дня,2026-08-09T10:19:29Z,2026-08-10T12:00:00Z,25.7,0.0,0.0,12.5,0.0,0.0
1-2 дня,2026-08-09T10:19:29Z,2026-08-10T13:00:00Z,26.7,0.0,0.0,12.5,0.0,0.0
1-2 дня,2026-08-09T10:19:29Z,2026-08-10T14:00:00Z,27.7,0.0,0.0,0.0,0.0,0.0
1-2 дня,2026-08-09T10:19:29Z,2026-08-10T15:00:00Z,28.7,0.0,0.0,0.0,0.0,0.0
1-2 дня,2026-08-09T10:19:29Z,2026-08-10T16:00:00Z,29.7,0.0,0.0,0.0,0.0,0.0
1-2 дня,2026-08-09T10:19:29Z,2026-08-10T17:00:00Z,30.7,0.0,0.0,0.0,0.0,0.0
1-2 дня,2026-08-09T10:19:29Z,2026-08-10T18:00:00Z,31.7,0.0,0.0,0.0,0.0,0.0
1-2 дня,2026-08-09T10:19:29Z,2026-08-11T06:00:00Z,43.7,0.0,0.0,0.0,0.0,0.0
1-2 дня,2026-08-09T10:19:29Z,2026-08-11T07:00:00Z,44.7,0.0,0.0,0.0,0.0,0.0
1-2 дня,2026-08-09T10:19:29Z,2026-08-11T08:00:00Z,45.7,0.0,0.0,0.0,0.0,0.0
1-2 дня,2026-08-09T10:19:29Z,2026-08-11T09:00:00Z,46.7,0.0,0.0,0.0,0.0,0.0
1-2 дня,2026-08-09T10:19:29Z,2026-08-11T10:00:00Z,47.7,0.0,0.0,0.0,0.0,0.0
1-2 дня,2026-08-09T12:41:38Z,2026-08-10T13:00:00Z,24.3,0.0,0.0,12.5,0.0,0.0
1-2 дня,2026-08-09T12:41:38Z,2026-08-10T14:00:00Z,25.3,0.0,0.0,0.0,0.0,0.0
1-2 дня,2026-08-09T12:41:38Z,2026-08-10T15:00:00Z,26.3,0.0,0.0,0.0,0.0,0.0
1-2 дня,2026-08-09T12:41:38Z,2026-08-10T16:00:00Z,27.3,0.0,0.0,0.0,0.0,0.0
1-2 дня,2026-08-09T12:41:38Z,2026-08-10T17:00:00Z,28.3,0.0,0.0,0.0,0.0,0.0
1-2 дня,2026-08-09T12:41:38Z,2026-08-10T18:00:00Z,29.3,0.0,0.0,0.0,0.0,0.0
1-2 дня,2026-08-09T12:41:38Z,2026-08-11T06:00:00Z,41.3,0.0,0.0,0.0,0.0,0.0
1-2 дня,2026-08-09T12:41:38Z,2026-08-11T07:00:00Z,42.3,0.0,0.0,0.0,0.0,0.0
1-2 дня,2026-08-09T12:41:38Z,2026-08-11T08:00:00Z,43.3,0.0,0.0,0.0,0.0,0.0
1-2 дня,2026-08-09T12:41:38Z,2026-08-11T09:00:00Z,44.3,0.0,0.0,0.0,0.0,0.0
1-2 дня,2026-08-09T12:41:38Z,2026-08-11T10:00:00Z,45.3,0.0,0.0,0.0,0.0,0.0
1-2 дня,2026-08-09T12:41:38Z,2026-08-11T11:00:00Z,46.3,0.0,0.0,12.5,0.0,0.0
1-2 дня,2026-08-09T12:41:38Z,2026-08-11T12:00:00Z,47.3,0.0,0.0,0.0,0.0,0.0
1-2 дня,2026-08-09T12:45:53Z,2026-08-10T13:00:00Z,24.2,0.0,0.0,12.5,0.0,0.0
1-2 дня,2026-08-09T12:45:53Z,2026-08-10T14:00:00Z,25.2,0.0,0.0,0.0,0.0,0.0
1-2 дня,2026-08-09T12:45:53Z,2026-08-10T15:00:00Z,26.2,0.0,0.0,0.0,0.0,0.0
1-2 дня,2026-08-09T12:45:53Z,2026-08-10T16:00:00Z,27.2,0.0,0.0,0.0,0.0,0.0
1-2 дня,2026-08-09T12:45:53Z,2026-08-10T17:00:00Z,28.2,0.0,0.0,0.0,0.0,0.0
1-2 дня,2026-08-09T12:45:53Z,2026-08-10T18:00:00Z,29.2,0.0,0.0,0.0,0.0,0.0
1-2 дня,2026-08-09T12:45:53Z,2026-08-11T06:00:00Z,41.2,0.0,0.0,0.0,0.0,0.0
1-2 дня,2026-08-09T12:45:53Z,2026-08-11T07:00:00Z,42.2,0.0,0.0,0.0,0.0,0.0
1-2 дня,2026-08-09T12:45:53Z,2026-08-11T08:00:00Z,43.2,0.0,0.0,0.0,0.0,0.0
1-2 дня,2026-08-09T12:45:53Z,2026-08-11T09:00:00Z,44.2,0.0,0.0,0.0,0.0,0.0
1-2 дня,2026-08-09T12:45:53Z,2026-08-11T10:00:00Z,45.2,0.0,0.0,0.0,0.0,0.0
1-2 дня,2026-08-09T12:45:53Z,2026-08-11T11:00:00Z,46.2,0.0,0.0,12.5,0.0,0.0
1-2 дня,2026-08-09T12:45:53Z,2026-08-11T12:00:00Z,47.2,0.0,0.0,0.0,0.0,0.0
1-2 дня,2026-08-09T12:48:15Z,2026-08-10T13:00:00Z,24.2,0.0,0.0,12.5,0.0,0.0
1-2 дня,2026-08-09T12:48:15Z,2026-08-10T14:00:00Z,25.2,0.0,0.0,0.0,0.0,0.0
1-2 дня,2026-08-09T12:48:15Z,2026-08-10T15:00:00Z,26.2,0.0,0.0,0.0,0.0,0.0
1-2 дня,2026-08-09T12:48:15Z,2026-08-10T16:00:00Z,27.2,0.0,0.0,0.0,0.0,0.0
1-2 дня,2026-08-09T12:48:15Z,2026-08-10T17:00:00Z,28.2,0.0,0.0,0.0,0.0,0.0
1-2 дня,2026-08-09T12:48:15Z,2026-08-10T18:00:00Z,29.2,0.0,0.0,0.0,0.0,0.0
1-2 дня,2026-08-09T12:48:15Z,2026-08-11T06:00:00Z,41.2,0.0,0.0,0.0,0.0,0.0
1-2 дня,2026-08-09T12:48:15Z,2026-08-11T07:00:00Z,42.2,0.0,0.0,0.0,0.0,0.0
1-2 дня,2026-08-09T12:48:15Z,2026-08-11T08:00:00Z,43.2,0.0,0.0,0.0,0.0,0.0
1-2 дня,2026-08-09T12:48:15Z,2026-08-11T09:00:00Z,44.2,0.0,0.0,0.0,0.0,0.0
1-2 дня,2026-08-09T12:48:15Z,2026-08-11T10:00:00Z,45.2,0.0,0.0,0.0,0.0,0.0
1-2 дня,2026-08-09T12:48:15Z,2026-08-11T11:00:00Z,46.2,0.0,0.0,12.5,0.0,0.0
1-2 дня,2026-08-09T12:48:15Z,2026-08-11T12:00:00Z,47.2,0.0,0.0,0.0,0.0,0.0
1-2 дня,2026-08-09T16:31:44Z,2026-08-10T17:00:00Z,24.5,0.0,0.0,0.0,0.0,0.0
1-2 дня,2026-08-09T16:31:44Z,2026-08-10T18:00:00Z,25.5,0.0,0.0,0.0,0.0,0.0
1-2 дня,2026-08-09T16:31:44Z,2026-08-11T06:00:00Z,37.5,0.0,0.0,0.0,0.0,0.0
1-2 дня,2026-08-09T16:31:44Z,2026-08-11T07:00:00Z,38.5,0.0,0.0,0.0,0.0,0.0
1-2 дня,2026-08-09T16:31:44Z,2026-08-11T08:00:00Z,39.5,0.0,0.0,0.0,0.0,0.0
1-2 дня,2026-08-09T16:31:44Z,2026-08-11T09:00:00Z,40.5,0.0,0.0,0.0,0.0,0.0
1-2 дня,2026-08-09T16:31:44Z,2026-08-11T10:00:00Z,41.5,0.0,0.0,0.0,0.0,0.0
1-2 дня,2026-08-09T16:31:44Z,2026-08-11T11:00:00Z,42.5,0.0,0.0,12.5,0.0,0.0
1-2 дня,2026-08-09T16:31:44Z,2026-08-11T12:00:00Z,43.5,0.0,0.0,0.0,0.0,0.0
1-2 дня,2026-08-09T16:31:44Z,2026-08-11T13:00:00Z,44.5,0.0,0.0,0.0,0.0,0.0
1-2 дня,2026-08-09T16:31:44Z,2026-08-11T14:00:00Z,45.5,0.0,0.0,0.0,0.0,0.0
1-2 дня,2026-08-09T16:31:44Z,2026-08-11T15:00:00Z,46.5,8.59,0.0,0.0,8.59,8.59
1-2 дня,2026-08-09T16:31:44Z,2026-08-11T16:00:00Z,47.5,21.09,0.0,0.0,21.09,21.09
1-2 дня,2026-08-09T22:39:09Z,2026-08-11T06:00:00Z,31.3,0.0,0.0,0.0,0.0,0.0
1-2 дня,2026-08-09T22:39:09Z,2026-08-11T07:00:00Z,32.3,0.0,0.0,0.0,0.0,0.0
1-2 дня,2026-08-09T22:39:09Z,2026-08-11T08:00:00Z,33.3,0.0,0.0,0.0,0.0,0.0
1-2 дня,2026-08-09T22:39:09Z,2026-08-11T09:00:00Z,34.3,0.0,0.0,0.0,0.0,0.0
1-2 дня,2026-08-09T22:39:09Z,2026-08-11T10:00:00Z,35.3,0.0,0.0,0.0,0.0,0.0
1-2 дня,2026-08-09T22:39:09Z,2026-08-11T11:00:00Z,36.3,0.0,0.0,12.5,0.0,0.0
1-2 дня,2026-08-09T22:39:09Z,2026-08-11T12:00:00Z,37.3,0.0,0.0,0.0,0.0,0.0
1-2 дня,2026-08-09T22:39:09Z,2026-08-11T13:00:00Z,38.3,0.0,0.0,0.0,0.0,0.0
1-2 дня,2026-08-09T22:39:09Z,2026-08-11T14:00:00Z,39.3,0.78,0.0,0.0,0.78,0.78
1-2 дня,2026-08-09T22:39:09Z,2026-08-11T15:00:00Z,40.3,14.06,0.0,0.0,14.06,14.06
1-2 дня,2026-08-09T22:39:09Z,2026-08-11T16:00:00Z,41.3,21.09,0.0,0.0,21.09,21.09
1-2 дня,2026-08-09T22:39:09Z,2026-08-11T17:00:00Z,42.3,24.22,0.0,0.0,24.22,24.22
1-2 дня,2026-08-09T22:39:09Z,2026-08-11T18:00:00Z,43.3,17.19,0.0,0.0,17.19,17.19
1-2 дня,2026-08-10T05:20:42Z,2026-08-11T06:00:00Z,24.7,0.0,0.0,0.0,0.0,0.0
1-2 дня,2026-08-10T05:20:42Z,2026-08-11T07:00:00Z,25.7,0.0,0.0,0.0,0.0,0.0
1-2 дня,2026-08-10T05:20:42Z,2026-08-11T08:00:00Z,26.7,0.0,0.0,0.0,0.0,0.0
1-2 дня,2026-08-10T05:20:42Z,2026-08-11T09:00:00Z,27.7,0.0,0.0,0.0,0.0,0.0
1-2 дня,2026-08-10T05:20:42Z,2026-08-11T10:00:00Z,28.7,0.0,0.0,0.0,0.0,0.0
1-2 дня,2026-08-10T05:20:42Z,2026-08-11T11:00:00Z,29.7,0.0,0.0,12.5,0.0,0.0
1-2 дня,2026-08-10T05:20:42Z,2026-08-11T12:00:00Z,30.7,0.0,0.0,0.0,0.0,0.0
1-2 дня,2026-08-10T05:20:42Z,2026-08-11T13:00:00Z,31.7,0.0,0.0,0.0,0.0,0.0
1-2 дня,2026-08-10T05:20:42Z,2026-08-11T14:00:00Z,32.7,3.12,0.0,0.0,3.12,3.12
1-2 дня,2026-08-10T05:20:42Z,2026-08-11T15:00:00Z,33.7,17.19,0.0,0.0,17.19,17.19
1-2 дня,2026-08-10T05:20:42Z,2026-08-11T16:00:00Z,34.7,45.31,0.0,0.0,45.31,45.31
1-2 дня,2026-08-10T05:20:42Z,2026-08-11T17:00:00Z,35.7,28.91,0.0,0.0,28.91,28.91
1-2 дня,2026-08-10T05:20:42Z,2026-08-11T18:00:00Z,36.7,28.12,0.0,0.0,28.12,28.12
1-2 дня,2026-08-10T10:53:28Z,2026-08-11T11:00:00Z,24.1,0.0,0.0,12.5,0.0,0.0
1-2 дня,2026-08-10T10:53:28Z,2026-08-11T12:00:00Z,25.1,0.0,0.0,0.0,0.0,0.0
1-2 дня,2026-08-10T10:53:28Z,2026-08-11T13:00:00Z,26.1,0.0,0.0,0.0,0.0,0.0
1-2 дня,2026-08-10T10:53:28Z,2026-08-11T14:00:00Z,27.1,0.0,0.0,0.0,0.0,0.0
1-2 дня,2026-08-10T10:53:28Z,2026-08-11T15:00:00Z,28.1,12.5,0.0,0.0,12.5,12.5
1-2 дня,2026-08-10T10:53:28Z,2026-08-11T16:00:00Z,29.1,19.53,0.0,0.0,19.53,19.53
1-2 дня,2026-08-10T10:53:28Z,2026-08-11T17:00:00Z,30.1,23.44,0.0,0.0,23.44,23.44
1-2 дня,2026-08-10T10:53:28Z,2026-08-11T18:00:00Z,31.1,28.12,0.0,0.0,28.12,28.12
1-2 дня,2026-08-10T10:53:28Z,2026-08-12T06:00:00Z,43.1,0.0,75.0,0.0,-75.0,75.0
1-2 дня,2026-08-10T10:53:28Z,2026-08-12T07:00:00Z,44.1,0.0,75.0,0.0,-75.0,75.0
1-2 дня,2026-08-10T10:53:28Z,2026-08-12T08:00:00Z,45.1,0.0,50.0,0.0,-50.0,50.0
1-2 дня,2026-08-10T10:53:28Z,2026-08-12T09:00:00Z,46.1,0.0,25.0,0.0,-25.0,25.0
1-2 дня,2026-08-10T10:53:28Z,2026-08-12T10:00:00Z,47.1,0.0,25.0,0.0,-25.0,25.0
1-2 дня,2026-08-10T16:52:05Z,2026-08-11T17:00:00Z,24.1,17.19,0.0,0.0,17.19,17.19
1-2 дня,2026-08-10T16:52:05Z,2026-08-11T18:00:00Z,25.1,17.97,0.0,0.0,17.97,17.97
1-2 дня,2026-08-10T16:52:05Z,2026-08-12T06:00:00Z,37.1,5.47,75.0,0.0,-69.53,69.53
1-2 дня,2026-08-10T16:52:05Z,2026-08-12T07:00:00Z,38.1,2.34,75.0,0.0,-72.66,72.66
1-2 дня,2026-08-10T16:52:05Z,2026-08-12T08:00:00Z,39.1,0.0,50.0,0.0,-50.0,50.0
1-2 дня,2026-08-10T16:52:05Z,2026-08-12T09:00:00Z,40.1,0.0,25.0,0.0,-25.0,25.0
1-2 дня,2026-08-10T16:52:05Z,2026-08-12T10:00:00Z,41.1,0.0,25.0,0.0,-25.0,25.0
1-2 дня,2026-08-10T16:52:05Z,2026-08-12T11:00:00Z,42.1,0.0,12.5,0.0,-12.5,12.5
1-2 дня,2026-08-10T16:52:05Z,2026-08-12T12:00:00Z,43.1,0.0,12.5,0.0,-12.5,12.5
1-2 дня,2026-08-10T16:52:05Z,2026-08-12T13:00:00Z,44.1,0.0,0.0,0.0,0.0,0.0
1-2 дня,2026-08-10T16:52:05Z,2026-08-12T14:00:00Z,45.1,0.0,0.0,0.0,0.0,0.0
1-2 дня,2026-08-10T16:52:05Z,2026-08-12T15:00:00Z,46.1,0.0,0.0,0.0,0.0,0.0
1-2 дня,2026-08-10T16:52:05Z,2026-08-12T16:00:00Z,47.1,0.0,0.0,0.0,0.0,0.0
1-2 дня,2026-08-10T22:47:13Z,2026-08-12T06:00:00Z,31.2,0.0,75.0,0.0,-75.0,75.0
1-2 дня,2026-08-10T22:47:13Z,2026-08-12T07:00:00Z,32.2,0.0,75.0,0.0,-75.0,75.0
1-2 дня,2026-08-10T22:47:13Z,2026-08-12T08:00:00Z,33.2,0.0,50.0,0.0,-50.0,50.0
1-2 дня,2026-08-10T22:47:13Z,2026-08-12T09:00:00Z,34.2,0.0,25.0,0.0,-25.0,25.0
1-2 дня,2026-08-10T22:47:13Z,2026-08-12T10:00:00Z,35.2,0.0,25.0,0.0,-25.0,25.0
1-2 дня,2026-08-10T22:47:13Z,2026-08-12T11:00:00Z,36.2,0.0,12.5,0.0,-12.5,12.5
1-2 дня,2026-08-10T22:47:13Z,2026-08-12T12:00:00Z,37.2,0.0,12.5,0.0,-12.5,12.5
1-2 дня,2026-08-10T22:47:13Z,2026-08-12T13:00:00Z,38.2,0.0,0.0,0.0,0.0,0.0
1-2 дня,2026-08-10T22:47:13Z,2026-08-12T14:00:00Z,39.2,0.0,0.0,0.0,0.0,0.0
1-2 дня,2026-08-10T22:47:13Z,2026-08-12T15:00:00Z,40.2,0.0,0.0,0.0,0.0,0.0
1-2 дня,2026-08-10T22:47:13Z,2026-08-12T16:00:00Z,41.2,0.0,0.0,0.0,0.0,0.0
1-2 дня,2026-08-10T22:47:13Z,2026-08-12T17:00:00Z,42.2,0.0,0.0,0.0,0.0,0.0
1-2 дня,2026-08-10T22:47:13Z,2026-08-12T18:00:00Z,43.2,0.0,0.0,0.0,0.0,0.0
1-2 дня,2026-08-11T05:01:49Z,2026-08-12T06:00:00Z,25.0,0.0,75.0,0.0,-75.0,75.0
1-2 дня,2026-08-11T05:01:49Z,2026-08-12T07:00:00Z,26.0,0.0,75.0,0.0,-75.0,75.0
1-2 дня,2026-08-11T05:01:49Z,2026-08-12T08:00:00Z,27.0,0.0,50.0,0.0,-50.0,50.0
1-2 дня,2026-08-11T05:01:49Z,2026-08-12T09:00:00Z,28.0,0.0,25.0,0.0,-25.0,25.0
1-2 дня,2026-08-11T05:01:49Z,2026-08-12T10:00:00Z,29.0,0.0,25.0,0.0,-25.0,25.0
1-2 дня,2026-08-11T05:01:49Z,2026-08-12T11:00:00Z,30.0,0.0,12.5,0.0,-12.5,12.5
1-2 дня,2026-08-11T05:01:49Z,2026-08-12T12:00:00Z,31.0,0.0,12.5,0.0,-12.5,12.5
1-2 дня,2026-08-11T05:01:49Z,2026-08-12T13:00:00Z,32.0,0.0,0.0,0.0,0.0,0.0
1-2 дня,2026-08-11T05:01:49Z,2026-08-12T14:00:00Z,33.0,0.0,0.0,0.0,0.0,0.0
1-2 дня,2026-08-11T05:01:49Z,2026-08-12T15:00:00Z,34.0,0.0,0.0,0.0,0.0,0.0
1-2 дня,2026-08-11T05:01:49Z,2026-08-12T16:00:00Z,35.0,0.0,0.0,0.0,0.0,0.0
1-2 дня,2026-08-11T05:01:49Z,2026-08-12T17:00:00Z,36.0,0.0,0.0,0.0,0.0,0.0
1-2 дня,2026-08-11T05:01:49Z,2026-08-12T18:00:00Z,37.0,0.0,0.0,0.0,0.0,0.0
1-2 дня,2026-08-11T10:38:45Z,2026-08-12T11:00:00Z,24.4,0.0,12.5,0.0,-12.5,12.5
1-2 дня,2026-08-11T10:38:45Z,2026-08-12T12:00:00Z,25.4,0.0,12.5,0.0,-12.5,12.5
1-2 дня,2026-08-11T10:38:45Z,2026-08-12T13:00:00Z,26.4,0.0,0.0,0.0,0.0,0.0
1-2 дня,2026-08-11T10:38:45Z,2026-08-12T14:00:00Z,27.4,0.0,0.0,0.0,0.0,0.0
1-2 дня,2026-08-11T10:38:45Z,2026-08-12T15:00:00Z,28.4,0.0,0.0,0.0,0.0,0.0
1-2 дня,2026-08-11T10:38:45Z,2026-08-12T16:00:00Z,29.4,0.0,0.0,0.0,0.0,0.0
1-2 дня,2026-08-11T10:38:45Z,2026-08-12T17:00:00Z,30.4,0.0,0.0,0.0,0.0,0.0
1-2 дня,2026-08-11T10:38:45Z,2026-08-12T18:00:00Z,31.4,0.0,0.0,0.0,0.0,0.0
1-2 дня,2026-08-11T10:38:45Z,2026-08-13T06:00:00Z,43.4,0.0,0.0,75.0,0.0,0.0
1-2 дня,2026-08-11T10:38:45Z,2026-08-13T07:00:00Z,44.4,0.0,0.0,75.0,0.0,0.0
1-2 дня,2026-08-11T10:38:45Z,2026-08-13T08:00:00Z,45.4,0.0,0.0,50.0,0.0,0.0
1-2 дня,2026-08-11T10:38:45Z,2026-08-13T09:00:00Z,46.4,0.0,0.0,25.0,0.0,0.0
1-2 дня,2026-08-11T10:38:45Z,2026-08-13T10:00:00Z,47.4,0.0,0.0,25.0,0.0,0.0
1-2 дня,2026-08-12T06:05:22Z,2026-08-13T07:00:00Z,24.9,0.0,0.0,75.0,0.0,0.0
1-2 дня,2026-08-12T06:05:22Z,2026-08-13T08:00:00Z,25.9,0.0,0.0,50.0,0.0,0.0
1-2 дня,2026-08-12T06:05:22Z,2026-08-13T09:00:00Z,26.9,0.0,0.0,25.0,0.0,0.0
1-2 дня,2026-08-12T06:05:22Z,2026-08-13T10:00:00Z,27.9,0.0,0.0,25.0,0.0,0.0
1-2 дня,2026-08-12T06:05:22Z,2026-08-13T11:00:00Z,28.9,0.0,0.0,12.5,0.0,0.0
1-2 дня,2026-08-12T06:05:22Z,2026-08-13T12:00:00Z,29.9,0.0,0.0,12.5,0.0,0.0
1-2 дня,2026-08-12T06:05:22Z,2026-08-13T13:00:00Z,30.9,0.0,0.0,0.0,0.0,0.0
1-2 дня,2026-08-12T06:05:22Z,2026-08-13T14:00:00Z,31.9,0.0,0.0,0.0,0.0,0.0
1-2 дня,2026-08-12T06:05:22Z,2026-08-13T15:00:00Z,32.9,0.0,0.0,0.0,0.0,0.0
1-2 дня,2026-08-12T06:05:22Z,2026-08-13T16:00:00Z,33.9,0.0,0.0,0.0,0.0,0.0
1-2 дня,2026-08-12T06:05:22Z,2026-08-13T17:00:00Z,34.9,0.0,0.0,0.0,0.0,0.0
1-2 дня,2026-08-12T06:05:22Z,2026-08-13T18:00:00Z,35.9,0.0,0.0,0.0,0.0,0.0
1-2 дня,2026-08-12T06:05:22Z,2026-08-14T06:00:00Z,47.9,0.0,0.0,0.0,0.0,0.0
1-2 дня,2026-08-12T10:47:03Z,2026-08-13T11:00:00Z,24.2,0.0,0.0,12.5,0.0,0.0
1-2 дня,2026-08-12T10:47:03Z,2026-08-13T12:00:00Z,25.2,0.0,0.0,12.5,0.0,0.0
1-2 дня,2026-08-12T10:47:03Z,2026-08-13T13:00:00Z,26.2,0.0,0.0,0.0,0.0,0.0
1-2 дня,2026-08-12T10:47:03Z,2026-08-13T14:00:00Z,27.2,0.0,0.0,0.0,0.0,0.0
1-2 дня,2026-08-12T10:47:03Z,2026-08-13T15:00:00Z,28.2,0.0,0.0,0.0,0.0,0.0
1-2 дня,2026-08-12T10:47:03Z,2026-08-13T16:00:00Z,29.2,0.0,0.0,0.0,0.0,0.0
1-2 дня,2026-08-12T10:47:03Z,2026-08-13T17:00:00Z,30.2,0.0,0.0,0.0,0.0,0.0
1-2 дня,2026-08-12T10:47:03Z,2026-08-13T18:00:00Z,31.2,0.0,0.0,0.0,0.0,0.0
1-2 дня,2026-08-12T10:47:03Z,2026-08-14T06:00:00Z,43.2,0.0,0.0,0.0,0.0,0.0
1-2 дня,2026-08-12T10:47:03Z,2026-08-14T07:00:00Z,44.2,0.0,0.0,0.0,0.0,0.0
1-2 дня,2026-08-12T10:47:03Z,2026-08-14T08:00:00Z,45.2,0.0,0.0,0.0,0.0,0.0
1-2 дня,2026-08-12T10:47:03Z,2026-08-14T09:00:00Z,46.2,0.0,0.0,0.0,0.0,0.0
1-2 дня,2026-08-12T10:47:03Z,2026-08-14T10:00:00Z,47.2,0.0,0.0,0.0,0.0,0.0
1-2 дня,2026-08-12T16:54:57Z,2026-08-13T17:00:00Z,24.1,0.0,0.0,0.0,0.0,0.0
1-2 дня,2026-08-12T16:54:57Z,2026-08-13T18:00:00Z,25.1,0.0,0.0,0.0,0.0,0.0
1-2 дня,2026-08-12T16:54:57Z,2026-08-14T06:00:00Z,37.1,0.0,0.0,0.0,0.0,0.0
1-2 дня,2026-08-12T16:54:57Z,2026-08-14T07:00:00Z,38.1,0.0,0.0,0.0,0.0,0.0
1-2 дня,2026-08-12T16:54:57Z,2026-08-14T08:00:00Z,39.1,0.0,0.0,0.0,0.0,0.0
1-2 дня,2026-08-12T16:54:57Z,2026-08-14T09:00:00Z,40.1,0.0,0.0,0.0,0.0,0.0
1-2 дня,2026-08-12T16:54:57Z,2026-08-14T10:00:00Z,41.1,0.0,0.0,0.0,0.0,0.0
1-2 дня,2026-08-12T16:54:57Z,2026-08-14T11:00:00Z,42.1,0.0,25.0,0.0,-25.0,25.0
1-2 дня,2026-08-12T16:54:57Z,2026-08-14T12:00:00Z,43.1,2.34,25.0,0.0,-22.66,22.66
1-2 дня,2026-08-12T16:54:57Z,2026-08-14T13:00:00Z,44.1,7.03,25.0,0.0,-17.97,17.97
1-2 дня,2026-08-12T16:54:57Z,2026-08-14T14:00:00Z,45.1,6.25,25.0,0.0,-18.75,18.75
1-2 дня,2026-08-12T16:54:57Z,2026-08-14T15:00:00Z,46.1,5.47,12.5,0.0,-7.03,7.03
1-2 дня,2026-08-12T16:54:57Z,2026-08-14T16:00:00Z,47.1,6.25,12.5,0.0,-6.25,6.25
1-2 дня,2026-08-12T22:50:47Z,2026-08-14T06:00:00Z,31.2,0.0,0.0,0.0,0.0,0.0
1-2 дня,2026-08-12T22:50:47Z,2026-08-14T07:00:00Z,32.2,0.0,0.0,0.0,0.0,0.0
1-2 дня,2026-08-12T22:50:47Z,2026-08-14T08:00:00Z,33.2,0.0,0.0,0.0,0.0,0.0
1-2 дня,2026-08-12T22:50:47Z,2026-08-14T09:00:00Z,34.2,0.0,0.0,0.0,0.0,0.0
1-2 дня,2026-08-12T22:50:47Z,2026-08-14T10:00:00Z,35.2,0.0,0.0,0.0,0.0,0.0
1-2 дня,2026-08-12T22:50:47Z,2026-08-14T11:00:00Z,36.2,0.0,25.0,0.0,-25.0,25.0
1-2 дня,2026-08-12T22:50:47Z,2026-08-14T12:00:00Z,37.2,2.34,25.0,0.0,-22.66,22.66
1-2 дня,2026-08-12T22:50:47Z,2026-08-14T13:00:00Z,38.2,5.47,25.0,0.0,-19.53,19.53
1-2 дня,2026-08-12T22:50:47Z,2026-08-14T14:00:00Z,39.2,4.69,25.0,0.0,-20.31,20.31
1-2 дня,2026-08-12T22:50:47Z,2026-08-14T15:00:00Z,40.2,1.56,12.5,0.0,-10.94,10.94
1-2 дня,2026-08-12T22:50:47Z,2026-08-14T16:00:00Z,41.2,1.56,12.5,0.0,-10.94,10.94
1-2 дня,2026-08-12T22:50:47Z,2026-08-14T17:00:00Z,42.2,0.78,12.5,0.0,-11.72,11.72
1-2 дня,2026-08-12T22:50:47Z,2026-08-14T18:00:00Z,43.2,1.56,25.0,0.0,-23.44,23.44
1-2 дня,2026-08-13T05:30:08Z,2026-08-14T06:00:00Z,24.5,0.0,0.0,0.0,0.0,0.0
1-2 дня,2026-08-13T05:30:08Z,2026-08-14T07:00:00Z,25.5,0.0,0.0,0.0,0.0,0.0
1-2 дня,2026-08-13T05:30:08Z,2026-08-14T08:00:00Z,26.5,0.0,0.0,0.0,0.0,0.0
1-2 дня,2026-08-13T05:30:08Z,2026-08-14T09:00:00Z,27.5,0.0,0.0,0.0,0.0,0.0
1-2 дня,2026-08-13T05:30:08Z,2026-08-14T10:00:00Z,28.5,0.0,0.0,0.0,0.0,0.0
1-2 дня,2026-08-13T05:30:08Z,2026-08-14T11:00:00Z,29.5,0.0,25.0,0.0,-25.0,25.0
1-2 дня,2026-08-13T05:30:08Z,2026-08-14T12:00:00Z,30.5,0.0,25.0,0.0,-25.0,25.0
1-2 дня,2026-08-13T05:30:08Z,2026-08-14T13:00:00Z,31.5,0.0,25.0,0.0,-25.0,25.0
1-2 дня,2026-08-13T05:30:08Z,2026-08-14T14:00:00Z,32.5,0.0,25.0,0.0,-25.0,25.0
1-2 дня,2026-08-13T05:30:08Z,2026-08-14T15:00:00Z,33.5,0.0,12.5,0.0,-12.5,12.5
1-2 дня,2026-08-13T05:30:08Z,2026-08-14T16:00:00Z,34.5,0.0,12.5,0.0,-12.5,12.5
1-2 дня,2026-08-13T05:30:08Z,2026-08-14T17:00:00Z,35.5,0.0,12.5,0.0,-12.5,12.5
1-2 дня,2026-08-13T05:30:08Z,2026-08-14T18:00:00Z,36.5,0.0,25.0,0.0,-25.0,25.0
1-2 дня,2026-08-13T10:49:01Z,2026-08-14T11:00:00Z,24.2,0.0,25.0,0.0,-25.0,25.0
1-2 дня,2026-08-13T10:49:01Z,2026-08-14T12:00:00Z,25.2,0.78,25.0,0.0,-24.22,24.22
1-2 дня,2026-08-13T10:49:01Z,2026-08-14T13:00:00Z,26.2,3.12,25.0,0.0,-21.88,21.88
1-2 дня,2026-08-13T10:49:01Z,2026-08-14T14:00:00Z,27.2,3.12,25.0,0.0,-21.88,21.88
1-2 дня,2026-08-13T10:49:01Z,2026-08-14T15:00:00Z,28.2,2.34,12.5,0.0,-10.16,10.16
1-2 дня,2026-08-13T10:49:01Z,2026-08-14T16:00:00Z,29.2,1.56,12.5,0.0,-10.94,10.94
1-2 дня,2026-08-13T10:49:01Z,2026-08-14T17:00:00Z,30.2,1.56,12.5,0.0,-10.94,10.94
1-2 дня,2026-08-13T10:49:01Z,2026-08-14T18:00:00Z,31.2,0.78,25.0,0.0,-24.22,24.22
1-2 дня,2026-08-13T10:49:01Z,2026-08-15T06:00:00Z,43.2,0.0,0.0,0.0,0.0,0.0
1-2 дня,2026-08-13T10:49:01Z,2026-08-15T07:00:00Z,44.2,0.0,0.0,0.0,0.0,0.0
1-2 дня,2026-08-13T10:49:01Z,2026-08-15T08:00:00Z,45.2,0.0,0.0,0.0,0.0,0.0
1-2 дня,2026-08-13T10:49:01Z,2026-08-15T09:00:00Z,46.2,0.0,0.0,0.0,0.0,0.0
1-2 дня,2026-08-13T10:49:01Z,2026-08-15T10:00:00Z,47.2,0.0,0.0,0.0,0.0,0.0
1-2 дня,2026-08-13T16:36:10Z,2026-08-14T17:00:00Z,24.4,0.78,12.5,0.0,-11.72,11.72
1-2 дня,2026-08-13T16:36:10Z,2026-08-14T18:00:00Z,25.4,0.0,25.0,0.0,-25.0,25.0
1-2 дня,2026-08-13T16:36:10Z,2026-08-15T06:00:00Z,37.4,0.0,0.0,0.0,0.0,0.0
1-2 дня,2026-08-13T16:36:10Z,2026-08-15T07:00:00Z,38.4,0.0,0.0,0.0,0.0,0.0
1-2 дня,2026-08-13T16:36:10Z,2026-08-15T08:00:00Z,39.4,0.0,0.0,0.0,0.0,0.0
1-2 дня,2026-08-13T16:36:10Z,2026-08-15T09:00:00Z,40.4,0.0,0.0,0.0,0.0,0.0
1-2 дня,2026-08-13T16:36:10Z,2026-08-15T10:00:00Z,41.4,0.0,0.0,0.0,0.0,0.0
1-2 дня,2026-08-13T16:36:10Z,2026-08-15T11:00:00Z,42.4,0.0,0.0,25.0,0.0,0.0
1-2 дня,2026-08-13T16:36:10Z,2026-08-15T12:00:00Z,43.4,0.0,0.0,25.0,0.0,0.0
1-2 дня,2026-08-13T16:36:10Z,2026-08-15T13:00:00Z,44.4,0.0,0.0,25.0,0.0,0.0
1-2 дня,2026-08-13T16:36:10Z,2026-08-15T14:00:00Z,45.4,0.0,0.0,25.0,0.0,0.0
1-2 дня,2026-08-13T16:36:10Z,2026-08-15T15:00:00Z,46.4,0.0,0.0,12.5,0.0,0.0
1-2 дня,2026-08-13T16:36:10Z,2026-08-15T16:00:00Z,47.4,0.0,0.0,12.5,0.0,0.0
1-2 дня,2026-08-13T16:42:24Z,2026-08-14T17:00:00Z,24.3,0.78,12.5,0.0,-11.72,11.72
1-2 дня,2026-08-13T16:42:24Z,2026-08-14T18:00:00Z,25.3,0.0,25.0,0.0,-25.0,25.0
1-2 дня,2026-08-13T16:42:24Z,2026-08-15T06:00:00Z,37.3,0.0,0.0,0.0,0.0,0.0
1-2 дня,2026-08-13T16:42:24Z,2026-08-15T07:00:00Z,38.3,0.0,0.0,0.0,0.0,0.0
1-2 дня,2026-08-13T16:42:24Z,2026-08-15T08:00:00Z,39.3,0.0,0.0,0.0,0.0,0.0
1-2 дня,2026-08-13T16:42:24Z,2026-08-15T09:00:00Z,40.3,0.0,0.0,0.0,0.0,0.0
1-2 дня,2026-08-13T16:42:24Z,2026-08-15T10:00:00Z,41.3,0.0,0.0,0.0,0.0,0.0
1-2 дня,2026-08-13T16:42:24Z,2026-08-15T11:00:00Z,42.3,0.0,0.0,25.0,0.0,0.0
1-2 дня,2026-08-13T16:42:24Z,2026-08-15T12:00:00Z,43.3,0.0,0.0,25.0,0.0,0.0
1-2 дня,2026-08-13T16:42:24Z,2026-08-15T13:00:00Z,44.3,0.0,0.0,25.0,0.0,0.0
1-2 дня,2026-08-13T16:42:24Z,2026-08-15T14:00:00Z,45.3,0.0,0.0,25.0,0.0,0.0
1-2 дня,2026-08-13T16:42:24Z,2026-08-15T15:00:00Z,46.3,0.0,0.0,12.5,0.0,0.0
1-2 дня,2026-08-13T16:42:24Z,2026-08-15T16:00:00Z,47.3,0.0,0.0,12.5,0.0,0.0
1-2 дня,2026-08-13T16:54:22Z,2026-08-14T17:00:00Z,24.1,0.78,12.5,0.0,-11.72,11.72
1-2 дня,2026-08-13T16:54:22Z,2026-08-14T18:00:00Z,25.1,0.0,25.0,0.0,-25.0,25.0
1-2 дня,2026-08-13T16:54:22Z,2026-08-15T06:00:00Z,37.1,0.0,0.0,0.0,0.0,0.0
1-2 дня,2026-08-13T16:54:22Z,2026-08-15T07:00:00Z,38.1,0.0,0.0,0.0,0.0,0.0
1-2 дня,2026-08-13T16:54:22Z,2026-08-15T08:00:00Z,39.1,0.0,0.0,0.0,0.0,0.0
1-2 дня,2026-08-13T16:54:22Z,2026-08-15T09:00:00Z,40.1,0.0,0.0,0.0,0.0,0.0
1-2 дня,2026-08-13T16:54:22Z,2026-08-15T10:00:00Z,41.1,0.0,0.0,0.0,0.0,0.0
1-2 дня,2026-08-13T16:54:22Z,2026-08-15T11:00:00Z,42.1,0.0,0.0,25.0,0.0,0.0
1-2 дня,2026-08-13T16:54:22Z,2026-08-15T12:00:00Z,43.1,0.0,0.0,25.0,0.0,0.0
1-2 дня,2026-08-13T16:54:22Z,2026-08-15T13:00:00Z,44.1,0.0,0.0,25.0,0.0,0.0
1-2 дня,2026-08-13T16:54:22Z,2026-08-15T14:00:00Z,45.1,0.0,0.0,25.0,0.0,0.0
1-2 дня,2026-08-13T16:54:22Z,2026-08-15T15:00:00Z,46.1,0.0,0.0,12.5,0.0,0.0
1-2 дня,2026-08-13T16:54:22Z,2026-08-15T16:00:00Z,47.1,0.0,0.0,12.5,0.0,0.0
1-2 дня,2026-08-13T22:52:17Z,2026-08-15T06:00:00Z,31.1,0.0,0.0,0.0,0.0,0.0
1-2 дня,2026-08-13T22:52:17Z,2026-08-15T07:00:00Z,32.1,0.0,0.0,0.0,0.0,0.0
1-2 дня,2026-08-13T22:52:17Z,2026-08-15T08:00:00Z,33.1,0.0,0.0,0.0,0.0,0.0
1-2 дня,2026-08-13T22:52:17Z,2026-08-15T09:00:00Z,34.1,0.0,0.0,0.0,0.0,0.0
1-2 дня,2026-08-13T22:52:17Z,2026-08-15T10:00:00Z,35.1,0.0,0.0,0.0,0.0,0.0
1-2 дня,2026-08-13T22:52:17Z,2026-08-15T11:00:00Z,36.1,0.0,0.0,25.0,0.0,0.0
1-2 дня,2026-08-13T22:52:17Z,2026-08-15T12:00:00Z,37.1,0.0,0.0,25.0,0.0,0.0
1-2 дня,2026-08-13T22:52:17Z,2026-08-15T13:00:00Z,38.1,0.0,0.0,25.0,0.0,0.0
1-2 дня,2026-08-13T22:52:17Z,2026-08-15T14:00:00Z,39.1,0.0,0.0,25.0,0.0,0.0
1-2 дня,2026-08-13T22:52:17Z,2026-08-15T15:00:00Z,40.1,0.0,0.0,12.5,0.0,0.0
1-2 дня,2026-08-13T22:52:17Z,2026-08-15T16:00:00Z,41.1,0.0,0.0,12.5,0.0,0.0
1-2 дня,2026-08-13T22:52:17Z,2026-08-15T17:00:00Z,42.1,0.0,0.0,12.5,0.0,0.0
1-2 дня,2026-08-13T22:52:17Z,2026-08-15T18:00:00Z,43.1,0.0,0.0,25.0,0.0,0.0
1-2 дня,2026-08-14T05:28:14Z,2026-08-15T06:00:00Z,24.5,0.0,0.0,0.0,0.0,0.0
1-2 дня,2026-08-14T05:28:14Z,2026-08-15T07:00:00Z,25.5,0.0,0.0,0.0,0.0,0.0
1-2 дня,2026-08-14T05:28:14Z,2026-08-15T08:00:00Z,26.5,0.0,0.0,0.0,0.0,0.0
1-2 дня,2026-08-14T05:28:14Z,2026-08-15T09:00:00Z,27.5,0.0,0.0,0.0,0.0,0.0
1-2 дня,2026-08-14T05:28:14Z,2026-08-15T10:00:00Z,28.5,0.0,0.0,0.0,0.0,0.0
1-2 дня,2026-08-14T05:28:14Z,2026-08-15T11:00:00Z,29.5,0.0,0.0,25.0,0.0,0.0
1-2 дня,2026-08-14T05:28:14Z,2026-08-15T12:00:00Z,30.5,0.0,0.0,25.0,0.0,0.0
1-2 дня,2026-08-14T05:28:14Z,2026-08-15T13:00:00Z,31.5,0.0,0.0,25.0,0.0,0.0
1-2 дня,2026-08-14T05:28:14Z,2026-08-15T14:00:00Z,32.5,0.0,0.0,25.0,0.0,0.0
1-2 дня,2026-08-14T05:28:14Z,2026-08-15T15:00:00Z,33.5,0.0,0.0,12.5,0.0,0.0
1-2 дня,2026-08-14T05:28:14Z,2026-08-15T16:00:00Z,34.5,0.0,0.0,12.5,0.0,0.0
1-2 дня,2026-08-14T05:28:14Z,2026-08-15T17:00:00Z,35.5,0.0,0.0,12.5,0.0,0.0
1-2 дня,2026-08-14T05:28:14Z,2026-08-15T18:00:00Z,36.5,0.0,0.0,25.0,0.0,0.0
1-2 дня,2026-08-14T10:44:54Z,2026-08-15T11:00:00Z,24.3,0.0,0.0,25.0,0.0,0.0
1-2 дня,2026-08-14T10:44:54Z,2026-08-15T12:00:00Z,25.3,0.0,0.0,25.0,0.0,0.0
1-2 дня,2026-08-14T10:44:54Z,2026-08-15T13:00:00Z,26.3,0.0,0.0,25.0,0.0,0.0
1-2 дня,2026-08-14T10:44:54Z,2026-08-15T14:00:00Z,27.3,0.0,0.0,25.0,0.0,0.0
1-2 дня,2026-08-14T10:44:54Z,2026-08-15T15:00:00Z,28.3,0.0,0.0,12.5,0.0,0.0
1-2 дня,2026-08-14T10:44:54Z,2026-08-15T16:00:00Z,29.3,0.0,0.0,12.5,0.0,0.0
1-2 дня,2026-08-14T10:44:54Z,2026-08-15T17:00:00Z,30.3,0.0,0.0,12.5,0.0,0.0
1-2 дня,2026-08-14T10:44:54Z,2026-08-15T18:00:00Z,31.3,0.0,0.0,25.0,0.0,0.0
1-2 дня,2026-08-14T10:44:54Z,2026-08-16T06:00:00Z,43.3,0.0,0.0,0.0,0.0,0.0
1-2 дня,2026-08-14T10:44:54Z,2026-08-16T07:00:00Z,44.3,0.0,0.0,0.0,0.0,0.0
1-2 дня,2026-08-14T10:44:54Z,2026-08-16T08:00:00Z,45.3,0.0,0.0,0.0,0.0,0.0
1-2 дня,2026-08-14T10:44:54Z,2026-08-16T09:00:00Z,46.3,0.0,0.0,0.0,0.0,0.0
1-2 дня,2026-08-14T10:44:54Z,2026-08-16T10:00:00Z,47.3,0.0,0.0,0.0,0.0,0.0
1-2 дня,2026-08-14T16:48:33Z,2026-08-15T17:00:00Z,24.2,0.0,0.0,12.5,0.0,0.0
1-2 дня,2026-08-14T16:48:33Z,2026-08-15T18:00:00Z,25.2,0.0,0.0,25.0,0.0,0.0
1-2 дня,2026-08-14T16:48:33Z,2026-08-16T06:00:00Z,37.2,0.0,0.0,0.0,0.0,0.0
1-2 дня,2026-08-14T16:48:33Z,2026-08-16T07:00:00Z,38.2,0.0,0.0,0.0,0.0,0.0
1-2 дня,2026-08-14T16:48:33Z,2026-08-16T08:00:00Z,39.2,0.0,0.0,0.0,0.0,0.0
1-2 дня,2026-08-14T16:48:33Z,2026-08-16T09:00:00Z,40.2,0.0,0.0,0.0,0.0,0.0
1-2 дня,2026-08-14T16:48:33Z,2026-08-16T10:00:00Z,41.2,0.0,0.0,0.0,0.0,0.0
1-2 дня,2026-08-14T16:48:33Z,2026-08-16T11:00:00Z,42.2,0.0,0.0,0.0,0.0,0.0
1-2 дня,2026-08-14T16:48:33Z,2026-08-16T12:00:00Z,43.2,0.0,0.0,0.0,0.0,0.0
1-2 дня,2026-08-14T16:48:33Z,2026-08-16T13:00:00Z,44.2,0.0,0.0,0.0,0.0,0.0
1-2 дня,2026-08-14T16:48:33Z,2026-08-16T14:00:00Z,45.2,0.0,0.0,0.0,0.0,0.0
1-2 дня,2026-08-14T16:48:33Z,2026-08-16T15:00:00Z,46.2,0.0,0.0,0.0,0.0,0.0
1-2 дня,2026-08-14T16:48:33Z,2026-08-16T16:00:00Z,47.2,0.0,0.0,0.0,0.0,0.0
1-2 дня,2026-08-14T22:30:55Z,2026-08-16T06:00:00Z,31.5,0.0,0.0,0.0,0.0,0.0
1-2 дня,2026-08-14T22:30:55Z,2026-08-16T07:00:00Z,32.5,0.0,0.0,0.0,0.0,0.0
1-2 дня,2026-08-14T22:30:55Z,2026-08-16T08:00:00Z,33.5,0.0,0.0,0.0,0.0,0.0
1-2 дня,2026-08-14T22:30:55Z,2026-08-16T09:00:00Z,34.5,0.0,0.0,0.0,0.0,0.0
1-2 дня,2026-08-14T22:30:55Z,2026-08-16T10:00:00Z,35.5,0.0,0.0,0.0,0.0,0.0
1-2 дня,2026-08-14T22:30:55Z,2026-08-16T11:00:00Z,36.5,0.0,0.0,0.0,0.0,0.0
1-2 дня,2026-08-14T22:30:55Z,2026-08-16T12:00:00Z,37.5,0.0,0.0,0.0,0.0,0.0
1-2 дня,2026-08-14T22:30:55Z,2026-08-16T13:00:00Z,38.5,0.0,0.0,0.0,0.0,0.0
1-2 дня,2026-08-14T22:30:55Z,2026-08-16T14:00:00Z,39.5,0.0,0.0,0.0,0.0,0.0
1-2 дня,2026-08-14T22:30:55Z,2026-08-16T15:00:00Z,40.5,0.0,0.0,0.0,0.0,0.0
1-2 дня,2026-08-14T22:30:55Z,2026-08-16T16:00:00Z,41.5,0.0,0.0,0.0,0.0,0.0
1-2 дня,2026-08-14T22:30:55Z,2026-08-16T17:00:00Z,42.5,0.0,0.0,0.0,0.0,0.0
1-2 дня,2026-08-14T22:30:55Z,2026-08-16T18:00:00Z,43.5,0.0,0.0,0.0,0.0,0.0
1-2 дня,2026-08-15T04:24:15Z,2026-08-16T06:00:00Z,25.6,0.0,0.0,0.0,0.0,0.0
1-2 дня,2026-08-15T04:24:15Z,2026-08-16T07:00:00Z,26.6,0.0,0.0,0.0,0.0,0.0
1-2 дня,2026-08-15T04:24:15Z,2026-08-16T08:00:00Z,27.6,0.0,0.0,0.0,0.0,0.0
1-2 дня,2026-08-15T04:24:15Z,2026-08-16T09:00:00Z,28.6,0.0,0.0,0.0,0.0,0.0
1-2 дня,2026-08-15T04:24:15Z,2026-08-16T10:00:00Z,29.6,0.0,0.0,0.0,0.0,0.0
1-2 дня,2026-08-15T04:24:15Z,2026-08-16T11:00:00Z,30.6,0.0,0.0,0.0,0.0,0.0
1-2 дня,2026-08-15T04:24:15Z,2026-08-16T12:00:00Z,31.6,0.0,0.0,0.0,0.0,0.0
1-2 дня,2026-08-15T04:24:15Z,2026-08-16T13:00:00Z,32.6,0.0,0.0,0.0,0.0,0.0
1-2 дня,2026-08-15T04:24:15Z,2026-08-16T14:00:00Z,33.6,0.0,0.0,0.0,0.0,0.0
1-2 дня,2026-08-15T04:24:15Z,2026-08-16T15:00:00Z,34.6,0.0,0.0,0.0,0.0,0.0
1-2 дня,2026-08-15T04:24:15Z,2026-08-16T16:00:00Z,35.6,0.0,0.0,0.0,0.0,0.0
1-2 дня,2026-08-15T04:24:15Z,2026-08-16T17:00:00Z,36.6,0.0,0.0,0.0,0.0,0.0
1-2 дня,2026-08-15T04:24:15Z,2026-08-16T18:00:00Z,37.6,0.0,0.0,0.0,0.0,0.0
1-2 дня,2026-08-15T10:09:15Z,2026-08-16T11:00:00Z,24.8,0.0,0.0,0.0,0.0,0.0
1-2 дня,2026-08-15T10:09:15Z,2026-08-16T12:00:00Z,25.8,0.0,0.0,0.0,0.0,0.0
1-2 дня,2026-08-15T10:09:15Z,2026-08-16T13:00:00Z,26.8,0.0,0.0,0.0,0.0,0.0
1-2 дня,2026-08-15T10:09:15Z,2026-08-16T14:00:00Z,27.8,0.0,0.0,0.0,0.0,0.0
1-2 дня,2026-08-15T10:09:15Z,2026-08-16T15:00:00Z,28.8,0.0,0.0,0.0,0.0,0.0
1-2 дня,2026-08-15T10:09:15Z,2026-08-16T16:00:00Z,29.8,0.0,0.0,0.0,0.0,0.0
1-2 дня,2026-08-15T10:09:15Z,2026-08-16T17:00:00Z,30.8,0.0,0.0,0.0,0.0,0.0
1-2 дня,2026-08-15T10:09:15Z,2026-08-16T18:00:00Z,31.8,0.0,0.0,0.0,0.0,0.0
1-2 дня,2026-08-15T10:09:15Z,2026-08-17T06:00:00Z,43.8,0.0,0.0,0.0,0.0,0.0
1-2 дня,2026-08-15T10:09:15Z,2026-08-17T07:00:00Z,44.8,0.0,0.0,0.0,0.0,0.0
1-2 дня,2026-08-15T10:09:15Z,2026-08-17T08:00:00Z,45.8,0.0,0.0,0.0,0.0,0.0
1-2 дня,2026-08-15T10:09:15Z,2026-08-17T09:00:00Z,46.8,14.06,12.5,0.0,1.56,1.56
1-2 дня,2026-08-15T10:09:15Z,2026-08-17T10:00:00Z,47.8,28.12,12.5,0.0,15.62,15.62
1-2 дня,2026-08-15T16:20:39Z,2026-08-16T17:00:00Z,24.7,0.0,0.0,0.0,0.0,0.0
1-2 дня,2026-08-15T16:20:39Z,2026-08-16T18:00:00Z,25.7,0.0,0.0,0.0,0.0,0.0
1-2 дня,2026-08-15T16:20:39Z,2026-08-17T06:00:00Z,37.7,0.0,0.0,0.0,0.0,0.0
1-2 дня,2026-08-15T16:20:39Z,2026-08-17T07:00:00Z,38.7,3.91,0.0,0.0,3.91,3.91
1-2 дня,2026-08-15T16:20:39Z,2026-08-17T08:00:00Z,39.7,17.97,0.0,0.0,17.97,17.97
1-2 дня,2026-08-15T16:20:39Z,2026-08-17T09:00:00Z,40.7,21.88,12.5,0.0,9.38,9.38
1-2 дня,2026-08-15T16:20:39Z,2026-08-17T10:00:00Z,41.7,8.59,12.5,0.0,-3.91,3.91
1-2 дня,2026-08-15T16:20:39Z,2026-08-17T11:00:00Z,42.7,42.97,12.5,0.0,30.47,30.47
1-2 дня,2026-08-15T16:20:39Z,2026-08-17T12:00:00Z,43.7,49.22,25.0,0.0,24.22,24.22
1-2 дня,2026-08-15T16:20:39Z,2026-08-17T13:00:00Z,44.7,34.38,37.5,0.0,-3.12,3.12
1-2 дня,2026-08-15T16:20:39Z,2026-08-17T14:00:00Z,45.7,85.16,25.0,0.0,60.16,60.16
1-2 дня,2026-08-15T16:20:39Z,2026-08-17T15:00:00Z,46.7,91.41,0.0,0.0,91.41,91.41
1-2 дня,2026-08-15T16:20:39Z,2026-08-17T16:00:00Z,47.7,95.31,0.0,0.0,95.31,95.31
1-2 дня,2026-08-15T22:29:33Z,2026-08-17T06:00:00Z,31.5,0.0,0.0,0.0,0.0,0.0
1-2 дня,2026-08-15T22:29:33Z,2026-08-17T07:00:00Z,32.5,5.47,0.0,0.0,5.47,5.47
1-2 дня,2026-08-15T22:29:33Z,2026-08-17T08:00:00Z,33.5,14.06,0.0,0.0,14.06,14.06
1-2 дня,2026-08-15T22:29:33Z,2026-08-17T09:00:00Z,34.5,51.56,12.5,0.0,39.06,39.06
1-2 дня,2026-08-15T22:29:33Z,2026-08-17T10:00:00Z,35.5,76.56,12.5,0.0,64.06,64.06
1-2 дня,2026-08-15T22:29:33Z,2026-08-17T11:00:00Z,36.5,92.19,12.5,0.0,79.69,79.69
1-2 дня,2026-08-15T22:29:33Z,2026-08-17T12:00:00Z,37.5,96.88,25.0,0.0,71.88,71.88
1-2 дня,2026-08-15T22:29:33Z,2026-08-17T13:00:00Z,38.5,96.88,37.5,0.0,59.38,59.38
1-2 дня,2026-08-15T22:29:33Z,2026-08-17T14:00:00Z,39.5,82.03,25.0,0.0,57.03,57.03
1-2 дня,2026-08-15T22:29:33Z,2026-08-17T15:00:00Z,40.5,56.25,0.0,0.0,56.25,56.25
1-2 дня,2026-08-15T22:29:33Z,2026-08-17T16:00:00Z,41.5,34.38,0.0,0.0,34.38,34.38
1-2 дня,2026-08-15T22:29:33Z,2026-08-17T17:00:00Z,42.5,61.72,12.5,0.0,49.22,49.22
1-2 дня,2026-08-15T22:29:33Z,2026-08-17T18:00:00Z,43.5,93.75,37.5,0.0,56.25,56.25
1-2 дня,2026-08-16T04:29:41Z,2026-08-17T06:00:00Z,25.5,3.12,0.0,0.0,3.12,3.12
1-2 дня,2026-08-16T04:29:41Z,2026-08-17T07:00:00Z,26.5,1.56,0.0,0.0,1.56,1.56
1-2 дня,2026-08-16T04:29:41Z,2026-08-17T08:00:00Z,27.5,7.03,0.0,0.0,7.03,7.03
1-2 дня,2026-08-16T04:29:41Z,2026-08-17T09:00:00Z,28.5,28.12,12.5,0.0,15.62,15.62
1-2 дня,2026-08-16T04:29:41Z,2026-08-17T10:00:00Z,29.5,60.94,12.5,0.0,48.44,48.44
1-2 дня,2026-08-16T04:29:41Z,2026-08-17T11:00:00Z,30.5,90.62,12.5,0.0,78.12,78.12
1-2 дня,2026-08-16T04:29:41Z,2026-08-17T12:00:00Z,31.5,92.19,25.0,0.0,67.19,67.19
1-2 дня,2026-08-16T04:29:41Z,2026-08-17T13:00:00Z,32.5,83.59,37.5,0.0,46.09,46.09
1-2 дня,2026-08-16T04:29:41Z,2026-08-17T14:00:00Z,33.5,78.91,25.0,0.0,53.91,53.91
1-2 дня,2026-08-16T04:29:41Z,2026-08-17T15:00:00Z,34.5,86.72,0.0,0.0,86.72,86.72
1-2 дня,2026-08-16T04:29:41Z,2026-08-17T16:00:00Z,35.5,92.19,0.0,0.0,92.19,92.19
1-2 дня,2026-08-16T04:29:41Z,2026-08-17T17:00:00Z,36.5,78.12,12.5,0.0,65.62,65.62
1-2 дня,2026-08-16T04:29:41Z,2026-08-17T18:00:00Z,37.5,81.25,37.5,0.0,43.75,43.75
1-2 дня,2026-08-16T07:21:44Z,2026-08-17T08:00:00Z,24.6,7.81,0.0,0.0,7.81,7.81
1-2 дня,2026-08-16T07:21:44Z,2026-08-17T09:00:00Z,25.6,14.06,12.5,0.0,1.56,1.56
1-2 дня,2026-08-16T07:21:44Z,2026-08-17T10:00:00Z,26.6,29.69,12.5,0.0,17.19,17.19
1-2 дня,2026-08-16T07:21:44Z,2026-08-17T11:00:00Z,27.6,55.47,12.5,0.0,42.97,42.97
1-2 дня,2026-08-16T07:21:44Z,2026-08-17T12:00:00Z,28.6,93.75,25.0,0.0,68.75,68.75
1-2 дня,2026-08-16T07:21:44Z,2026-08-17T13:00:00Z,29.6,87.5,37.5,0.0,50.0,50.0
1-2 дня,2026-08-16T07:21:44Z,2026-08-17T14:00:00Z,30.6,67.19,25.0,0.0,42.19,42.19
1-2 дня,2026-08-16T07:21:44Z,2026-08-17T15:00:00Z,31.6,74.22,0.0,0.0,74.22,74.22
1-2 дня,2026-08-16T07:21:44Z,2026-08-17T16:00:00Z,32.6,35.94,0.0,0.0,35.94,35.94
1-2 дня,2026-08-16T07:21:44Z,2026-08-17T17:00:00Z,33.6,77.34,12.5,0.0,64.84,64.84
1-2 дня,2026-08-16T07:21:44Z,2026-08-17T18:00:00Z,34.6,45.31,37.5,0.0,7.81,7.81
1-2 дня,2026-08-16T07:21:44Z,2026-08-18T06:00:00Z,46.6,8.59,100.0,0.0,-91.41,91.41
1-2 дня,2026-08-16T07:21:44Z,2026-08-18T07:00:00Z,47.6,26.56,87.5,0.0,-60.94,60.94
1-2 дня,2026-08-16T10:09:47Z,2026-08-17T11:00:00Z,24.8,55.47,12.5,0.0,42.97,42.97
1-2 дня,2026-08-16T10:09:47Z,2026-08-17T12:00:00Z,25.8,93.75,25.0,0.0,68.75,68.75
1-2 дня,2026-08-16T10:09:47Z,2026-08-17T13:00:00Z,26.8,87.5,37.5,0.0,50.0,50.0
1-2 дня,2026-08-16T10:09:47Z,2026-08-17T14:00:00Z,27.8,67.19,25.0,0.0,42.19,42.19
1-2 дня,2026-08-16T10:09:47Z,2026-08-17T15:00:00Z,28.8,74.22,0.0,0.0,74.22,74.22
1-2 дня,2026-08-16T10:09:47Z,2026-08-17T16:00:00Z,29.8,35.94,0.0,0.0,35.94,35.94
1-2 дня,2026-08-16T10:09:47Z,2026-08-17T17:00:00Z,30.8,77.34,12.5,0.0,64.84,64.84
1-2 дня,2026-08-16T10:09:47Z,2026-08-17T18:00:00Z,31.8,45.31,37.5,0.0,7.81,7.81
1-2 дня,2026-08-16T10:09:47Z,2026-08-18T06:00:00Z,43.8,8.59,100.0,0.0,-91.41,91.41
1-2 дня,2026-08-16T10:09:47Z,2026-08-18T07:00:00Z,44.8,26.56,87.5,0.0,-60.94,60.94
1-2 дня,2026-08-16T10:09:47Z,2026-08-18T08:00:00Z,45.8,49.22,75.0,0.0,-25.78,25.78
1-2 дня,2026-08-16T10:09:47Z,2026-08-18T09:00:00Z,46.8,24.22,50.0,12.5,-25.78,25.78
1-2 дня,2026-08-16T10:09:47Z,2026-08-18T10:00:00Z,47.8,0.0,37.5,12.5,-37.5,37.5
1-2 дня,2026-08-16T16:21:00Z,2026-08-17T17:00:00Z,24.6,84.38,12.5,0.0,71.88,71.88
1-2 дня,2026-08-16T16:21:00Z,2026-08-17T18:00:00Z,25.6,44.53,37.5,0.0,7.03,7.03
1-2 дня,2026-08-16T16:21:00Z,2026-08-18T06:00:00Z,37.6,9.38,100.0,0.0,-90.62,90.62
1-2 дня,2026-08-16T16:21:00Z,2026-08-18T07:00:00Z,38.6,88.28,87.5,0.0,0.78,0.78
1-2 дня,2026-08-16T16:21:00Z,2026-08-18T08:00:00Z,39.6,72.66,75.0,0.0,-2.34,2.34
1-2 дня,2026-08-16T16:21:00Z,2026-08-18T09:00:00Z,40.6,0.0,50.0,12.5,-50.0,50.0
1-2 дня,2026-08-16T16:21:00Z,2026-08-18T10:00:00Z,41.6,0.78,37.5,12.5,-36.72,36.72
1-2 дня,2026-08-16T16:21:00Z,2026-08-18T11:00:00Z,42.6,11.72,50.0,12.5,-38.28,38.28
1-2 дня,2026-08-16T16:21:00Z,2026-08-18T12:00:00Z,43.6,33.59,75.0,25.0,-41.41,41.41
1-2 дня,2026-08-16T16:21:00Z,2026-08-18T13:00:00Z,44.6,35.16,75.0,37.5,-39.84,39.84
1-2 дня,2026-08-16T16:21:00Z,2026-08-18T14:00:00Z,45.6,30.47,62.5,25.0,-32.03,32.03
1-2 дня,2026-08-16T16:21:00Z,2026-08-18T15:00:00Z,46.6,7.81,25.0,0.0,-17.19,17.19
1-2 дня,2026-08-16T16:21:00Z,2026-08-18T16:00:00Z,47.6,9.38,37.5,0.0,-28.12,28.12
1-2 дня,2026-08-16T22:29:34Z,2026-08-18T06:00:00Z,31.5,83.59,100.0,0.0,-16.41,16.41
1-2 дня,2026-08-16T22:29:34Z,2026-08-18T07:00:00Z,32.5,65.62,87.5,0.0,-21.88,21.88
1-2 дня,2026-08-16T22:29:34Z,2026-08-18T08:00:00Z,33.5,24.22,75.0,0.0,-50.78,50.78
1-2 дня,2026-08-16T22:29:34Z,2026-08-18T09:00:00Z,34.5,32.81,50.0,12.5,-17.19,17.19
1-2 дня,2026-08-16T22:29:34Z,2026-08-18T10:00:00Z,35.5,0.78,37.5,12.5,-36.72,36.72
1-2 дня,2026-08-16T22:29:34Z,2026-08-18T11:00:00Z,36.5,40.62,50.0,12.5,-9.38,9.38
1-2 дня,2026-08-16T22:29:34Z,2026-08-18T12:00:00Z,37.5,0.0,75.0,25.0,-75.0,75.0
1-2 дня,2026-08-16T22:29:34Z,2026-08-18T13:00:00Z,38.5,76.56,75.0,37.5,1.56,1.56
1-2 дня,2026-08-16T22:29:34Z,2026-08-18T14:00:00Z,39.5,68.75,62.5,25.0,6.25,6.25
1-2 дня,2026-08-16T22:29:34Z,2026-08-18T15:00:00Z,40.5,43.75,25.0,0.0,18.75,18.75
1-2 дня,2026-08-16T22:29:34Z,2026-08-18T16:00:00Z,41.5,30.47,37.5,0.0,-7.03,7.03
1-2 дня,2026-08-16T22:29:34Z,2026-08-18T17:00:00Z,42.5,16.41,37.5,12.5,-21.09,21.09
1-2 дня,2026-08-16T22:29:34Z,2026-08-18T18:00:00Z,43.5,83.59,75.0,37.5,8.59,8.59
1-2 дня,2026-08-17T04:35:30Z,2026-08-18T06:00:00Z,25.4,82.81,100.0,0.0,-17.19,17.19
1-2 дня,2026-08-17T04:35:30Z,2026-08-18T07:00:00Z,26.4,91.41,87.5,0.0,3.91,3.91
1-2 дня,2026-08-17T04:35:30Z,2026-08-18T08:00:00Z,27.4,42.97,75.0,0.0,-32.03,32.03
1-2 дня,2026-08-17T04:35:30Z,2026-08-18T09:00:00Z,28.4,83.59,50.0,12.5,33.59,33.59
1-2 дня,2026-08-17T04:35:30Z,2026-08-18T10:00:00Z,29.4,84.38,37.5,12.5,46.88,46.88
1-2 дня,2026-08-17T04:35:30Z,2026-08-18T11:00:00Z,30.4,0.78,50.0,12.5,-49.22,49.22
1-2 дня,2026-08-17T04:35:30Z,2026-08-18T12:00:00Z,31.4,0.78,75.0,25.0,-74.22,74.22
1-2 дня,2026-08-17T04:35:30Z,2026-08-18T13:00:00Z,32.4,49.22,75.0,37.5,-25.78,25.78
1-2 дня,2026-08-17T04:35:30Z,2026-08-18T14:00:00Z,33.4,2.34,62.5,25.0,-60.16,60.16
1-2 дня,2026-08-17T04:35:30Z,2026-08-18T15:00:00Z,34.4,34.38,25.0,0.0,9.38,9.38
1-2 дня,2026-08-17T04:35:30Z,2026-08-18T16:00:00Z,35.4,11.72,37.5,0.0,-25.78,25.78
1-2 дня,2026-08-17T04:35:30Z,2026-08-18T17:00:00Z,36.4,30.47,37.5,12.5,-7.03,7.03
1-2 дня,2026-08-17T04:35:30Z,2026-08-18T18:00:00Z,37.4,67.19,75.0,37.5,-7.81,7.81
1-2 дня,2026-08-17T10:18:11Z,2026-08-18T11:00:00Z,24.7,8.59,50.0,12.5,-41.41,41.41
1-2 дня,2026-08-17T10:18:11Z,2026-08-18T12:00:00Z,25.7,43.75,75.0,25.0,-31.25,31.25
1-2 дня,2026-08-17T10:18:11Z,2026-08-18T13:00:00Z,26.7,45.31,75.0,37.5,-29.69,29.69
1-2 дня,2026-08-17T10:18:11Z,2026-08-18T14:00:00Z,27.7,23.44,62.5,25.0,-39.06,39.06
1-2 дня,2026-08-17T10:18:11Z,2026-08-18T15:00:00Z,28.7,33.59,25.0,0.0,8.59,8.59
1-2 дня,2026-08-17T10:18:11Z,2026-08-18T16:00:00Z,29.7,42.19,37.5,0.0,4.69,4.69
1-2 дня,2026-08-17T10:18:11Z,2026-08-18T17:00:00Z,30.7,60.94,37.5,12.5,23.44,23.44
1-2 дня,2026-08-17T10:18:11Z,2026-08-18T18:00:00Z,31.7,75.0,75.0,37.5,0.0,0.0
1-2 дня,2026-08-17T10:18:11Z,2026-08-19T06:00:00Z,43.7,88.28,87.5,100.0,0.78,0.78
1-2 дня,2026-08-17T10:18:11Z,2026-08-19T07:00:00Z,44.7,25.78,87.5,87.5,-61.72,61.72
1-2 дня,2026-08-17T10:18:11Z,2026-08-19T08:00:00Z,45.7,10.16,12.5,75.0,-2.34,2.34
1-2 дня,2026-08-17T10:18:11Z,2026-08-19T09:00:00Z,46.7,0.78,12.5,50.0,-11.72,11.72
1-2 дня,2026-08-17T10:18:11Z,2026-08-19T10:00:00Z,47.7,0.78,50.0,37.5,-49.22,49.22
1-2 дня,2026-08-17T16:23:45Z,2026-08-18T17:00:00Z,24.6,93.75,37.5,12.5,56.25,56.25
1-2 дня,2026-08-17T16:23:45Z,2026-08-18T18:00:00Z,25.6,78.12,75.0,37.5,3.12,3.12
1-2 дня,2026-08-17T16:23:45Z,2026-08-19T06:00:00Z,37.6,35.16,87.5,100.0,-52.34,52.34
1-2 дня,2026-08-17T16:23:45Z,2026-08-19T07:00:00Z,38.6,8.59,87.5,87.5,-78.91,78.91
1-2 дня,2026-08-17T16:23:45Z,2026-08-19T08:00:00Z,39.6,0.78,12.5,75.0,-11.72,11.72
1-2 дня,2026-08-17T16:23:45Z,2026-08-19T09:00:00Z,40.6,0.78,12.5,50.0,-11.72,11.72
1-2 дня,2026-08-17T16:23:45Z,2026-08-19T10:00:00Z,41.6,0.0,50.0,37.5,-50.0,50.0
1-2 дня,2026-08-17T16:23:45Z,2026-08-19T11:00:00Z,42.6,0.78,62.5,50.0,-61.72,61.72
1-2 дня,2026-08-17T16:23:45Z,2026-08-19T12:00:00Z,43.6,0.78,12.5,75.0,-11.72,11.72
1-2 дня,2026-08-17T16:23:45Z,2026-08-19T13:00:00Z,44.6,0.0,0.0,75.0,0.0,0.0
1-2 дня,2026-08-17T16:23:45Z,2026-08-19T14:00:00Z,45.6,0.0,0.0,62.5,0.0,0.0
1-2 дня,2026-08-17T16:23:45Z,2026-08-19T15:00:00Z,46.6,0.0,0.0,25.0,0.0,0.0
1-2 дня,2026-08-17T16:23:45Z,2026-08-19T16:00:00Z,47.6,0.0,0.0,37.5,0.0,0.0
1-2 дня,2026-08-17T22:31:28Z,2026-08-19T06:00:00Z,31.5,9.38,87.5,100.0,-78.12,78.12
1-2 дня,2026-08-17T22:31:28Z,2026-08-19T07:00:00Z,32.5,5.47,87.5,87.5,-82.03,82.03
1-2 дня,2026-08-17T22:31:28Z,2026-08-19T08:00:00Z,33.5,1.56,12.5,75.0,-10.94,10.94
1-2 дня,2026-08-17T22:31:28Z,2026-08-19T09:00:00Z,34.5,0.78,12.5,50.0,-11.72,11.72
1-2 дня,2026-08-17T22:31:28Z,2026-08-19T10:00:00Z,35.5,0.0,50.0,37.5,-50.0,50.0
1-2 дня,2026-08-17T22:31:28Z,2026-08-19T11:00:00Z,36.5,0.0,62.5,50.0,-62.5,62.5
1-2 дня,2026-08-17T22:31:28Z,2026-08-19T12:00:00Z,37.5,0.78,12.5,75.0,-11.72,11.72
1-2 дня,2026-08-17T22:31:28Z,2026-08-19T13:00:00Z,38.5,0.0,0.0,75.0,0.0,0.0
1-2 дня,2026-08-17T22:31:28Z,2026-08-19T14:00:00Z,39.5,7.81,0.0,62.5,7.81,7.81
1-2 дня,2026-08-17T22:31:28Z,2026-08-19T15:00:00Z,40.5,17.97,0.0,25.0,17.97,17.97
1-2 дня,2026-08-17T22:31:28Z,2026-08-19T16:00:00Z,41.5,0.0,0.0,37.5,0.0,0.0
1-2 дня,2026-08-17T22:31:28Z,2026-08-19T17:00:00Z,42.5,0.78,12.5,37.5,-11.72,11.72
1-2 дня,2026-08-17T22:31:28Z,2026-08-19T18:00:00Z,43.5,0.78,0.0,75.0,0.78,0.78
1-2 дня,2026-08-18T04:30:05Z,2026-08-19T06:00:00Z,25.5,46.09,87.5,100.0,-41.41,41.41
1-2 дня,2026-08-18T04:30:05Z,2026-08-19T07:00:00Z,26.5,96.88,87.5,87.5,9.38,9.38
1-2 дня,2026-08-18T04:30:05Z,2026-08-19T08:00:00Z,27.5,10.16,12.5,75.0,-2.34,2.34
1-2 дня,2026-08-18T04:30:05Z,2026-08-19T09:00:00Z,28.5,7.81,12.5,50.0,-4.69,4.69
1-2 дня,2026-08-18T04:30:05Z,2026-08-19T10:00:00Z,29.5,2.34,50.0,37.5,-47.66,47.66
1-2 дня,2026-08-18T04:30:05Z,2026-08-19T11:00:00Z,30.5,0.0,62.5,50.0,-62.5,62.5
1-2 дня,2026-08-18T04:30:05Z,2026-08-19T12:00:00Z,31.5,2.34,12.5,75.0,-10.16,10.16
1-2 дня,2026-08-18T04:30:05Z,2026-08-19T13:00:00Z,32.5,0.0,0.0,75.0,0.0,0.0
1-2 дня,2026-08-18T04:30:05Z,2026-08-19T14:00:00Z,33.5,1.56,0.0,62.5,1.56,1.56
1-2 дня,2026-08-18T04:30:05Z,2026-08-19T15:00:00Z,34.5,10.16,0.0,25.0,10.16,10.16
1-2 дня,2026-08-18T04:30:05Z,2026-08-19T16:00:00Z,35.5,15.62,0.0,37.5,15.62,15.62
1-2 дня,2026-08-18T04:30:05Z,2026-08-19T17:00:00Z,36.5,10.16,12.5,37.5,-2.34,2.34
1-2 дня,2026-08-18T04:30:05Z,2026-08-19T18:00:00Z,37.5,18.75,0.0,75.0,18.75,18.75
1-2 дня,2026-08-18T10:14:55Z,2026-08-19T11:00:00Z,24.8,15.62,62.5,50.0,-46.88,46.88
1-2 дня,2026-08-18T10:14:55Z,2026-08-19T12:00:00Z,25.8,0.78,12.5,75.0,-11.72,11.72
1-2 дня,2026-08-18T10:14:55Z,2026-08-19T13:00:00Z,26.8,0.0,0.0,75.0,0.0,0.0
1-2 дня,2026-08-18T10:14:55Z,2026-08-19T14:00:00Z,27.8,0.0,0.0,62.5,0.0,0.0
1-2 дня,2026-08-18T10:14:55Z,2026-08-19T15:00:00Z,28.8,32.81,0.0,25.0,32.81,32.81
1-2 дня,2026-08-18T10:14:55Z,2026-08-19T16:00:00Z,29.8,3.91,0.0,37.5,3.91,3.91
1-2 дня,2026-08-18T10:14:55Z,2026-08-19T17:00:00Z,30.8,0.78,12.5,37.5,-11.72,11.72
1-2 дня,2026-08-18T10:14:55Z,2026-08-19T18:00:00Z,31.8,0.78,0.0,75.0,0.78,0.78
1-2 дня,2026-08-18T10:14:55Z,2026-08-20T06:00:00Z,43.8,32.81,12.5,87.5,20.31,20.31
1-2 дня,2026-08-18T10:14:55Z,2026-08-20T07:00:00Z,44.8,22.66,12.5,87.5,10.16,10.16
1-2 дня,2026-08-18T10:14:55Z,2026-08-20T08:00:00Z,45.8,31.25,37.5,12.5,-6.25,6.25
1-2 дня,2026-08-18T10:14:55Z,2026-08-20T09:00:00Z,46.8,28.91,37.5,12.5,-8.59,8.59
1-2 дня,2026-08-18T10:14:55Z,2026-08-20T10:00:00Z,47.8,60.94,12.5,50.0,48.44,48.44
1-2 дня,2026-08-18T16:27:50Z,2026-08-19T17:00:00Z,24.5,0.78,12.5,37.5,-11.72,11.72
1-2 дня,2026-08-18T16:27:50Z,2026-08-19T18:00:00Z,25.5,10.16,0.0,75.0,10.16,10.16
1-2 дня,2026-08-18T16:27:50Z,2026-08-20T06:00:00Z,37.5,35.16,12.5,87.5,22.66,22.66
1-2 дня,2026-08-18T16:27:50Z,2026-08-20T07:00:00Z,38.5,46.88,12.5,87.5,34.38,34.38
1-2 дня,2026-08-18T16:27:50Z,2026-08-20T08:00:00Z,39.5,52.34,37.5,12.5,14.84,14.84
1-2 дня,2026-08-18T16:27:50Z,2026-08-20T09:00:00Z,40.5,36.72,37.5,12.5,-0.78,0.78
1-2 дня,2026-08-18T16:27:50Z,2026-08-20T10:00:00Z,41.5,64.06,12.5,50.0,51.56,51.56
1-2 дня,2026-08-18T16:27:50Z,2026-08-20T11:00:00Z,42.5,67.19,25.0,62.5,42.19,42.19
1-2 дня,2026-08-18T16:27:50Z,2026-08-20T12:00:00Z,43.5,40.62,12.5,12.5,28.12,28.12
1-2 дня,2026-08-18T16:27:50Z,2026-08-20T13:00:00Z,44.5,16.41,25.0,0.0,-8.59,8.59
1-2 дня,2026-08-18T16:27:50Z,2026-08-20T14:00:00Z,45.5,46.88,12.5,0.0,34.38,34.38
1-2 дня,2026-08-18T16:27:50Z,2026-08-20T15:00:00Z,46.5,37.5,0.0,0.0,37.5,37.5
1-2 дня,2026-08-18T16:27:50Z,2026-08-20T16:00:00Z,47.5,8.59,12.5,0.0,-3.91,3.91
1-2 дня,2026-08-18T22:31:39Z,2026-08-20T06:00:00Z,31.5,19.53,12.5,87.5,7.03,7.03
1-2 дня,2026-08-18T22:31:39Z,2026-08-20T07:00:00Z,32.5,39.84,12.5,87.5,27.34,27.34
1-2 дня,2026-08-18T22:31:39Z,2026-08-20T08:00:00Z,33.5,59.38,37.5,12.5,21.88,21.88
1-2 дня,2026-08-18T22:31:39Z,2026-08-20T09:00:00Z,34.5,68.75,37.5,12.5,31.25,31.25
1-2 дня,2026-08-18T22:31:39Z,2026-08-20T10:00:00Z,35.5,68.75,12.5,50.0,56.25,56.25
1-2 дня,2026-08-18T22:31:39Z,2026-08-20T11:00:00Z,36.5,61.72,25.0,62.5,36.72,36.72
1-2 дня,2026-08-18T22:31:39Z,2026-08-20T12:00:00Z,37.5,29.69,12.5,12.5,17.19,17.19
1-2 дня,2026-08-18T22:31:39Z,2026-08-20T13:00:00Z,38.5,21.09,25.0,0.0,-3.91,3.91
1-2 дня,2026-08-18T22:31:39Z,2026-08-20T14:00:00Z,39.5,49.22,12.5,0.0,36.72,36.72
1-2 дня,2026-08-18T22:31:39Z,2026-08-20T15:00:00Z,40.5,22.66,0.0,0.0,22.66,22.66
1-2 дня,2026-08-18T22:31:39Z,2026-08-20T16:00:00Z,41.5,11.72,12.5,0.0,-0.78,0.78
1-2 дня,2026-08-18T22:31:39Z,2026-08-20T17:00:00Z,42.5,5.47,0.0,12.5,5.47,5.47
1-2 дня,2026-08-18T22:31:39Z,2026-08-20T18:00:00Z,43.5,10.94,0.0,0.0,10.94,10.94
1-2 дня,2026-08-19T04:31:14Z,2026-08-20T06:00:00Z,25.5,11.72,12.5,87.5,-0.78,0.78
1-2 дня,2026-08-19T04:31:14Z,2026-08-20T07:00:00Z,26.5,43.75,12.5,87.5,31.25,31.25
1-2 дня,2026-08-19T04:31:14Z,2026-08-20T08:00:00Z,27.5,68.75,37.5,12.5,31.25,31.25
1-2 дня,2026-08-19T04:31:14Z,2026-08-20T09:00:00Z,28.5,40.62,37.5,12.5,3.12,3.12
1-2 дня,2026-08-19T04:31:14Z,2026-08-20T10:00:00Z,29.5,63.28,12.5,50.0,50.78,50.78
1-2 дня,2026-08-19T04:31:14Z,2026-08-20T11:00:00Z,30.5,39.84,25.0,62.5,14.84,14.84
1-2 дня,2026-08-19T04:31:14Z,2026-08-20T12:00:00Z,31.5,29.69,12.5,12.5,17.19,17.19
1-2 дня,2026-08-19T04:31:14Z,2026-08-20T13:00:00Z,32.5,3.91,25.0,0.0,-21.09,21.09
1-2 дня,2026-08-19T04:31:14Z,2026-08-20T14:00:00Z,33.5,32.03,12.5,0.0,19.53,19.53
1-2 дня,2026-08-19T04:31:14Z,2026-08-20T15:00:00Z,34.5,25.78,0.0,0.0,25.78,25.78
1-2 дня,2026-08-19T04:31:14Z,2026-08-20T16:00:00Z,35.5,3.12,12.5,0.0,-9.38,9.38
1-2 дня,2026-08-19T04:31:14Z,2026-08-20T17:00:00Z,36.5,5.47,0.0,12.5,5.47,5.47
1-2 дня,2026-08-19T04:31:14Z,2026-08-20T18:00:00Z,37.5,12.5,0.0,0.0,12.5,12.5
1-2 дня,2026-08-19T10:14:48Z,2026-08-20T11:00:00Z,24.8,30.47,25.0,62.5,5.47,5.47
1-2 дня,2026-08-19T10:14:48Z,2026-08-20T12:00:00Z,25.8,24.22,12.5,12.5,11.72,11.72
1-2 дня,2026-08-19T10:14:48Z,2026-08-20T13:00:00Z,26.8,1.56,25.0,0.0,-23.44,23.44
1-2 дня,2026-08-19T10:14:48Z,2026-08-20T14:00:00Z,27.8,0.78,12.5,0.0,-11.72,11.72
1-2 дня,2026-08-19T10:14:48Z,2026-08-20T15:00:00Z,28.8,33.59,0.0,0.0,33.59,33.59
1-2 дня,2026-08-19T10:14:48Z,2026-08-20T16:00:00Z,29.8,23.44,12.5,0.0,10.94,10.94
1-2 дня,2026-08-19T10:14:48Z,2026-08-20T17:00:00Z,30.8,16.41,0.0,12.5,16.41,16.41
1-2 дня,2026-08-19T10:14:48Z,2026-08-20T18:00:00Z,31.8,3.91,0.0,0.0,3.91,3.91
1-2 дня,2026-08-19T10:14:48Z,2026-08-21T06:00:00Z,43.8,2.34,25.0,12.5,-22.66,22.66
1-2 дня,2026-08-19T10:14:48Z,2026-08-21T07:00:00Z,44.8,7.03,25.0,12.5,-17.97,17.97
1-2 дня,2026-08-19T10:14:48Z,2026-08-21T08:00:00Z,45.8,18.75,25.0,37.5,-6.25,6.25
1-2 дня,2026-08-19T10:14:48Z,2026-08-21T09:00:00Z,46.8,42.97,37.5,37.5,5.47,5.47
1-2 дня,2026-08-19T10:14:48Z,2026-08-21T10:00:00Z,47.8,61.72,37.5,12.5,24.22,24.22
1-2 дня,2026-08-19T16:28:17Z,2026-08-20T17:00:00Z,24.5,13.28,0.0,12.5,13.28,13.28
1-2 дня,2026-08-19T16:28:17Z,2026-08-20T18:00:00Z,25.5,16.41,0.0,0.0,16.41,16.41
1-2 дня,2026-08-19T16:28:17Z,2026-08-21T06:00:00Z,37.5,39.84,25.0,12.5,14.84,14.84
1-2 дня,2026-08-19T16:28:17Z,2026-08-21T07:00:00Z,38.5,9.38,25.0,12.5,-15.62,15.62
1-2 дня,2026-08-19T16:28:17Z,2026-08-21T08:00:00Z,39.5,27.34,25.0,37.5,2.34,2.34
1-2 дня,2026-08-19T16:28:17Z,2026-08-21T09:00:00Z,40.5,19.53,37.5,37.5,-17.97,17.97
1-2 дня,2026-08-19T16:28:17Z,2026-08-21T10:00:00Z,41.5,1.56,37.5,12.5,-35.94,35.94
1-2 дня,2026-08-19T16:28:17Z,2026-08-21T11:00:00Z,42.5,21.88,50.0,25.0,-28.12,28.12
1-2 дня,2026-08-19T16:28:17Z,2026-08-21T12:00:00Z,43.5,41.41,50.0,12.5,-8.59,8.59
1-2 дня,2026-08-19T16:28:17Z,2026-08-21T13:00:00Z,44.5,2.34,12.5,25.0,-10.16,10.16
1-2 дня,2026-08-20T04:31:56Z,2026-08-21T06:00:00Z,25.5,3.12,25.0,12.5,-21.88,21.88
1-2 дня,2026-08-20T04:31:56Z,2026-08-21T07:00:00Z,26.5,45.31,25.0,12.5,20.31,20.31
1-2 дня,2026-08-20T04:31:56Z,2026-08-21T08:00:00Z,27.5,7.03,25.0,37.5,-17.97,17.97
1-2 дня,2026-08-20T04:31:56Z,2026-08-21T09:00:00Z,28.5,0.78,37.5,37.5,-36.72,36.72
1-2 дня,2026-08-20T04:31:56Z,2026-08-21T10:00:00Z,29.5,0.78,37.5,12.5,-36.72,36.72
1-2 дня,2026-08-20T04:31:56Z,2026-08-21T11:00:00Z,30.5,16.41,50.0,25.0,-33.59,33.59
1-2 дня,2026-08-20T04:31:56Z,2026-08-21T12:00:00Z,31.5,15.62,50.0,12.5,-34.38,34.38
1-2 дня,2026-08-20T04:31:56Z,2026-08-21T13:00:00Z,32.5,1.56,12.5,25.0,-10.94,10.94
1-2 дня,2026-08-20T10:16:10Z,2026-08-21T11:00:00Z,24.7,75.0,50.0,25.0,25.0,25.0
1-2 дня,2026-08-20T10:16:10Z,2026-08-21T12:00:00Z,25.7,79.69,50.0,12.5,29.69,29.69
1-2 дня,2026-08-20T10:16:10Z,2026-08-21T13:00:00Z,26.7,61.72,12.5,25.0,49.22,49.22
1-2 дня,2026-08-20T10:16:10Z,2026-08-22T06:00:00Z,43.7,0.78,12.5,25.0,-11.72,11.72
1-2 дня,2026-08-20T10:16:10Z,2026-08-22T07:00:00Z,44.7,0.78,25.0,25.0,-24.22,24.22
1-2 дня,2026-08-20T10:16:10Z,2026-08-22T08:00:00Z,45.7,2.34,37.5,25.0,-35.16,35.16
1-2 дня,2026-08-20T10:16:10Z,2026-08-22T09:00:00Z,46.7,6.25,37.5,37.5,-31.25,31.25
1-2 дня,2026-08-20T10:16:10Z,2026-08-22T10:00:00Z,47.7,4.69,37.5,37.5,-32.81,32.81
1-2 дня,2026-08-20T16:31:45Z,2026-08-22T06:00:00Z,37.5,0.78,12.5,25.0,-11.72,11.72
1-2 дня,2026-08-20T16:31:45Z,2026-08-22T07:00:00Z,38.5,0.78,25.0,25.0,-24.22,24.22
1-2 дня,2026-08-20T16:31:45Z,2026-08-22T08:00:00Z,39.5,0.78,37.5,25.0,-36.72,36.72
1-2 дня,2026-08-20T16:31:45Z,2026-08-22T09:00:00Z,40.5,11.72,37.5,37.5,-25.78,25.78
1-2 дня,2026-08-20T16:31:45Z,2026-08-22T10:00:00Z,41.5,7.03,37.5,37.5,-30.47,30.47
1-2 дня,2026-08-20T16:31:45Z,2026-08-22T11:00:00Z,42.5,16.41,37.5,50.0,-21.09,21.09
1-2 дня,2026-08-20T16:31:45Z,2026-08-22T12:00:00Z,43.5,16.41,25.0,50.0,-8.59,8.59
1-2 дня,2026-08-20T16:31:45Z,2026-08-22T13:00:00Z,44.5,10.94,25.0,12.5,-14.06,14.06
1-2 дня,2026-08-20T22:34:58Z,2026-08-22T06:00:00Z,31.4,1.56,12.5,25.0,-10.94,10.94
1-2 дня,2026-08-20T22:34:58Z,2026-08-22T07:00:00Z,32.4,5.47,25.0,25.0,-19.53,19.53
1-2 дня,2026-08-20T22:34:58Z,2026-08-22T08:00:00Z,33.4,1.56,37.5,25.0,-35.94,35.94
1-2 дня,2026-08-20T22:34:58Z,2026-08-22T09:00:00Z,34.4,1.56,37.5,37.5,-35.94,35.94
1-2 дня,2026-08-20T22:34:58Z,2026-08-22T10:00:00Z,35.4,2.34,37.5,37.5,-35.16,35.16
1-2 дня,2026-08-20T22:34:58Z,2026-08-22T11:00:00Z,36.4,3.91,37.5,50.0,-33.59,33.59
1-2 дня,2026-08-20T22:34:58Z,2026-08-22T12:00:00Z,37.4,1.56,25.0,50.0,-23.44,23.44
1-2 дня,2026-08-20T22:34:58Z,2026-08-22T13:00:00Z,38.4,4.69,25.0,12.5,-20.31,20.31
1-2 дня,2026-08-21T04:32:20Z,2026-08-22T06:00:00Z,25.5,0.0,12.5,25.0,-12.5,12.5
1-2 дня,2026-08-21T04:32:20Z,2026-08-22T07:00:00Z,26.5,9.38,25.0,25.0,-15.62,15.62
1-2 дня,2026-08-21T04:32:20Z,2026-08-22T08:00:00Z,27.5,9.38,37.5,25.0,-28.12,28.12
1-2 дня,2026-08-21T04:32:20Z,2026-08-22T09:00:00Z,28.5,10.94,37.5,37.5,-26.56,26.56
1-2 дня,2026-08-21T04:32:20Z,2026-08-22T10:00:00Z,29.5,3.12,37.5,37.5,-34.38,34.38
1-2 дня,2026-08-21T04:32:20Z,2026-08-22T11:00:00Z,30.5,3.91,37.5,50.0,-33.59,33.59
1-2 дня,2026-08-21T04:32:20Z,2026-08-22T12:00:00Z,31.5,5.47,25.0,50.0,-19.53,19.53
1-2 дня,2026-08-21T04:32:20Z,2026-08-22T13:00:00Z,32.5,3.12,25.0,12.5,-21.88,21.88
1-2 дня,2026-08-21T10:16:50Z,2026-08-22T11:00:00Z,24.7,6.25,37.5,50.0,-31.25,31.25
1-2 дня,2026-08-21T10:16:50Z,2026-08-22T12:00:00Z,25.7,4.69,25.0,50.0,-20.31,20.31
1-2 дня,2026-08-21T10:16:50Z,2026-08-22T13:00:00Z,26.7,2.34,25.0,12.5,-22.66,22.66
1-2 дня,2026-08-21T10:16:50Z,2026-08-23T06:00:00Z,43.7,75.0,87.5,12.5,-12.5,12.5
1-2 дня,2026-08-21T10:16:50Z,2026-08-23T07:00:00Z,44.7,3.12,87.5,25.0,-84.38,84.38
1-2 дня,2026-08-21T10:16:50Z,2026-08-23T08:00:00Z,45.7,3.91,87.5,37.5,-83.59,83.59
1-2 дня,2026-08-21T10:16:50Z,2026-08-23T09:00:00Z,46.7,3.12,87.5,37.5,-84.38,84.38
1-2 дня,2026-08-21T10:16:50Z,2026-08-23T10:00:00Z,47.7,3.91,62.5,37.5,-58.59,58.59
1-2 дня,2026-08-21T16:30:34Z,2026-08-23T06:00:00Z,37.5,25.78,87.5,12.5,-61.72,61.72
1-2 дня,2026-08-21T16:30:34Z,2026-08-23T07:00:00Z,38.5,8.59,87.5,25.0,-78.91,78.91
1-2 дня,2026-08-21T16:30:34Z,2026-08-23T08:00:00Z,39.5,6.25,87.5,37.5,-81.25,81.25
1-2 дня,2026-08-21T16:30:34Z,2026-08-23T09:00:00Z,40.5,6.25,87.5,37.5,-81.25,81.25
1-2 дня,2026-08-21T16:30:34Z,2026-08-23T10:00:00Z,41.5,4.69,62.5,37.5,-57.81,57.81
1-2 дня,2026-08-21T16:30:34Z,2026-08-23T11:00:00Z,42.5,1.56,75.0,37.5,-73.44,73.44
1-2 дня,2026-08-21T16:30:34Z,2026-08-23T12:00:00Z,43.5,0.78,75.0,25.0,-74.22,74.22
1-2 дня,2026-08-21T16:30:34Z,2026-08-23T13:00:00Z,44.5,0.78,50.0,25.0,-49.22,49.22
1-2 дня,2026-08-21T22:32:12Z,2026-08-23T06:00:00Z,31.5,90.62,87.5,12.5,3.12,3.12
1-2 дня,2026-08-21T22:32:12Z,2026-08-23T07:00:00Z,32.5,75.0,87.5,25.0,-12.5,12.5
1-2 дня,2026-08-21T22:32:12Z,2026-08-23T08:00:00Z,33.5,32.03,87.5,37.5,-55.47,55.47
1-2 дня,2026-08-21T22:32:12Z,2026-08-23T09:00:00Z,34.5,10.94,87.5,37.5,-76.56,76.56
1-2 дня,2026-08-21T22:32:12Z,2026-08-23T10:00:00Z,35.5,4.69,62.5,37.5,-57.81,57.81
1-2 дня,2026-08-21T22:32:12Z,2026-08-23T11:00:00Z,36.5,3.12,75.0,37.5,-71.88,71.88
1-2 дня,2026-08-21T22:32:12Z,2026-08-23T12:00:00Z,37.5,0.78,75.0,25.0,-74.22,74.22
1-2 дня,2026-08-21T22:32:12Z,2026-08-23T13:00:00Z,38.5,0.78,50.0,25.0,-49.22,49.22
1-2 дня,2026-08-22T04:26:43Z,2026-08-23T06:00:00Z,25.6,15.62,87.5,12.5,-71.88,71.88
1-2 дня,2026-08-22T04:26:43Z,2026-08-23T07:00:00Z,26.6,3.91,87.5,25.0,-83.59,83.59
1-2 дня,2026-08-22T04:26:43Z,2026-08-23T08:00:00Z,27.6,7.81,87.5,37.5,-79.69,79.69
1-2 дня,2026-08-22T04:26:43Z,2026-08-23T09:00:00Z,28.6,4.69,87.5,37.5,-82.81,82.81
1-2 дня,2026-08-22T04:26:43Z,2026-08-23T10:00:00Z,29.6,3.12,62.5,37.5,-59.38,59.38
1-2 дня,2026-08-22T04:26:43Z,2026-08-23T11:00:00Z,30.6,3.12,75.0,37.5,-71.88,71.88
1-2 дня,2026-08-22T04:26:43Z,2026-08-23T12:00:00Z,31.6,1.56,75.0,25.0,-73.44,73.44
1-2 дня,2026-08-22T04:26:43Z,2026-08-23T13:00:00Z,32.6,2.34,50.0,25.0,-47.66,47.66
1-2 дня,2026-08-22T10:09:41Z,2026-08-23T11:00:00Z,24.8,0.78,75.0,37.5,-74.22,74.22
1-2 дня,2026-08-22T10:09:41Z,2026-08-23T12:00:00Z,25.8,0.78,75.0,25.0,-74.22,74.22
1-2 дня,2026-08-22T10:09:41Z,2026-08-23T13:00:00Z,26.8,1.56,50.0,25.0,-48.44,48.44
2-3 дня,2026-08-06T11:44:08Z,2026-08-08T12:00:00Z,48.3,7.81,12.5,0.0,-4.69,4.69
2-3 дня,2026-08-06T11:44:08Z,2026-08-08T13:00:00Z,49.3,5.47,12.5,12.5,-7.03,7.03
2-3 дня,2026-08-06T11:44:08Z,2026-08-08T14:00:00Z,50.3,7.81,12.5,25.0,-4.69,4.69
2-3 дня,2026-08-06T11:44:08Z,2026-08-08T15:00:00Z,51.3,11.72,12.5,25.0,-0.78,0.78
2-3 дня,2026-08-06T11:44:08Z,2026-08-08T16:00:00Z,52.3,32.03,0.0,37.5,32.03,32.03
2-3 дня,2026-08-06T11:44:08Z,2026-08-08T17:00:00Z,53.3,35.16,0.0,12.5,35.16,35.16
2-3 дня,2026-08-06T11:44:08Z,2026-08-08T18:00:00Z,54.3,24.22,0.0,75.0,24.22,24.22
2-3 дня,2026-08-06T11:44:08Z,2026-08-09T06:00:00Z,66.3,0.0,0.0,0.0,0.0,0.0
2-3 дня,2026-08-06T11:44:08Z,2026-08-09T07:00:00Z,67.3,0.0,0.0,0.0,0.0,0.0
2-3 дня,2026-08-06T11:44:08Z,2026-08-09T08:00:00Z,68.3,0.0,0.0,0.0,0.0,0.0
2-3 дня,2026-08-06T11:44:08Z,2026-08-09T09:00:00Z,69.3,0.0,0.0,0.0,0.0,0.0
2-3 дня,2026-08-06T11:44:08Z,2026-08-09T10:00:00Z,70.3,0.0,0.0,0.0,0.0,0.0
2-3 дня,2026-08-06T11:44:08Z,2026-08-09T11:00:00Z,71.3,0.0,0.0,12.5,0.0,0.0
2-3 дня,2026-08-07T01:31:32Z,2026-08-09T06:00:00Z,52.5,0.0,0.0,0.0,0.0,0.0
2-3 дня,2026-08-07T01:31:32Z,2026-08-09T07:00:00Z,53.5,0.0,0.0,0.0,0.0,0.0
2-3 дня,2026-08-07T01:31:32Z,2026-08-09T08:00:00Z,54.5,0.0,0.0,0.0,0.0,0.0
2-3 дня,2026-08-07T01:31:32Z,2026-08-09T09:00:00Z,55.5,0.0,0.0,0.0,0.0,0.0
2-3 дня,2026-08-07T01:31:32Z,2026-08-09T10:00:00Z,56.5,0.0,0.0,0.0,0.0,0.0
2-3 дня,2026-08-07T01:31:32Z,2026-08-09T11:00:00Z,57.5,0.0,0.0,12.5,0.0,0.0
2-3 дня,2026-08-07T01:31:32Z,2026-08-09T12:00:00Z,58.5,0.0,12.5,12.5,-12.5,12.5
2-3 дня,2026-08-07T01:31:32Z,2026-08-09T13:00:00Z,59.5,0.0,12.5,12.5,-12.5,12.5
2-3 дня,2026-08-07T01:31:32Z,2026-08-09T14:00:00Z,60.5,0.0,0.0,12.5,0.0,0.0
2-3 дня,2026-08-07T01:31:32Z,2026-08-09T15:00:00Z,61.5,0.0,0.0,12.5,0.0,0.0
2-3 дня,2026-08-07T01:31:32Z,2026-08-09T16:00:00Z,62.5,0.0,0.0,0.0,0.0,0.0
2-3 дня,2026-08-07T01:31:32Z,2026-08-09T17:00:00Z,63.5,0.0,0.0,0.0,0.0,0.0
2-3 дня,2026-08-07T01:31:32Z,2026-08-09T18:00:00Z,64.5,0.0,0.0,0.0,0.0,0.0
2-3 дня,2026-08-07T05:36:00Z,2026-08-09T06:00:00Z,48.4,0.0,0.0,0.0,0.0,0.0
2-3 дня,2026-08-07T05:36:00Z,2026-08-09T07:00:00Z,49.4,0.0,0.0,0.0,0.0,0.0
2-3 дня,2026-08-07T05:36:00Z,2026-08-09T08:00:00Z,50.4,0.0,0.0,0.0,0.0,0.0
2-3 дня,2026-08-07T05:36:00Z,2026-08-09T09:00:00Z,51.4,0.0,0.0,0.0,0.0,0.0
2-3 дня,2026-08-07T05:36:00Z,2026-08-09T10:00:00Z,52.4,0.0,0.0,0.0,0.0,0.0
2-3 дня,2026-08-07T05:36:00Z,2026-08-09T11:00:00Z,53.4,0.0,0.0,12.5,0.0,0.0
2-3 дня,2026-08-07T05:36:00Z,2026-08-09T12:00:00Z,54.4,0.0,12.5,12.5,-12.5,12.5
2-3 дня,2026-08-07T05:36:00Z,2026-08-09T13:00:00Z,55.4,0.0,12.5,12.5,-12.5,12.5
2-3 дня,2026-08-07T05:36:00Z,2026-08-09T14:00:00Z,56.4,0.0,0.0,12.5,0.0,0.0
2-3 дня,2026-08-07T05:36:00Z,2026-08-09T15:00:00Z,57.4,0.0,0.0,12.5,0.0,0.0
2-3 дня,2026-08-07T05:36:00Z,2026-08-09T16:00:00Z,58.4,0.0,0.0,0.0,0.0,0.0
2-3 дня,2026-08-07T05:36:00Z,2026-08-09T17:00:00Z,59.4,0.0,0.0,0.0,0.0,0.0
2-3 дня,2026-08-07T05:36:00Z,2026-08-09T18:00:00Z,60.4,0.0,0.0,0.0,0.0,0.0
2-3 дня,2026-08-07T06:18:59Z,2026-08-09T07:00:00Z,48.7,0.0,0.0,0.0,0.0,0.0
2-3 дня,2026-08-07T06:18:59Z,2026-08-09T08:00:00Z,49.7,0.0,0.0,0.0,0.0,0.0
2-3 дня,2026-08-07T06:18:59Z,2026-08-09T09:00:00Z,50.7,0.0,0.0,0.0,0.0,0.0
2-3 дня,2026-08-07T06:18:59Z,2026-08-09T10:00:00Z,51.7,0.0,0.0,0.0,0.0,0.0
2-3 дня,2026-08-07T06:18:59Z,2026-08-09T11:00:00Z,52.7,0.0,0.0,12.5,0.0,0.0
2-3 дня,2026-08-07T06:18:59Z,2026-08-09T12:00:00Z,53.7,0.0,12.5,12.5,-12.5,12.5
2-3 дня,2026-08-07T06:18:59Z,2026-08-09T13:00:00Z,54.7,0.0,12.5,12.5,-12.5,12.5
2-3 дня,2026-08-07T06:18:59Z,2026-08-09T14:00:00Z,55.7,0.0,0.0,12.5,0.0,0.0
2-3 дня,2026-08-07T06:18:59Z,2026-08-09T15:00:00Z,56.7,0.0,0.0,12.5,0.0,0.0
2-3 дня,2026-08-07T06:18:59Z,2026-08-09T16:00:00Z,57.7,0.0,0.0,0.0,0.0,0.0
2-3 дня,2026-08-07T06:18:59Z,2026-08-09T17:00:00Z,58.7,0.0,0.0,0.0,0.0,0.0
2-3 дня,2026-08-07T06:18:59Z,2026-08-09T18:00:00Z,59.7,0.0,0.0,0.0,0.0,0.0
2-3 дня,2026-08-07T06:18:59Z,2026-08-10T06:00:00Z,71.7,0.0,0.0,0.0,0.0,0.0
2-3 дня,2026-08-07T07:13:52Z,2026-08-09T08:00:00Z,48.8,0.0,0.0,0.0,0.0,0.0
2-3 дня,2026-08-07T07:13:52Z,2026-08-09T09:00:00Z,49.8,0.0,0.0,0.0,0.0,0.0
2-3 дня,2026-08-07T07:13:52Z,2026-08-09T10:00:00Z,50.8,0.0,0.0,0.0,0.0,0.0
2-3 дня,2026-08-07T07:13:52Z,2026-08-09T11:00:00Z,51.8,0.0,0.0,12.5,0.0,0.0
2-3 дня,2026-08-07T07:13:52Z,2026-08-09T12:00:00Z,52.8,0.0,12.5,12.5,-12.5,12.5
2-3 дня,2026-08-07T07:13:52Z,2026-08-09T13:00:00Z,53.8,0.0,12.5,12.5,-12.5,12.5
2-3 дня,2026-08-07T07:13:52Z,2026-08-09T14:00:00Z,54.8,0.0,0.0,12.5,0.0,0.0
2-3 дня,2026-08-07T07:13:52Z,2026-08-09T15:00:00Z,55.8,0.0,0.0,12.5,0.0,0.0
2-3 дня,2026-08-07T07:13:52Z,2026-08-09T16:00:00Z,56.8,0.0,0.0,0.0,0.0,0.0
2-3 дня,2026-08-07T07:13:52Z,2026-08-09T17:00:00Z,57.8,0.0,0.0,0.0,0.0,0.0
2-3 дня,2026-08-07T07:13:52Z,2026-08-09T18:00:00Z,58.8,0.0,0.0,0.0,0.0,0.0
2-3 дня,2026-08-07T07:13:52Z,2026-08-10T06:00:00Z,70.8,0.0,0.0,0.0,0.0,0.0
2-3 дня,2026-08-07T07:13:52Z,2026-08-10T07:00:00Z,71.8,0.0,0.0,0.0,0.0,0.0
2-3 дня,2026-08-07T10:39:14Z,2026-08-09T11:00:00Z,48.3,0.0,0.0,12.5,0.0,0.0
2-3 дня,2026-08-07T10:39:14Z,2026-08-09T12:00:00Z,49.3,0.0,12.5,12.5,-12.5,12.5
2-3 дня,2026-08-07T10:39:14Z,2026-08-09T13:00:00Z,50.3,0.0,12.5,12.5,-12.5,12.5
2-3 дня,2026-08-07T10:39:14Z,2026-08-09T14:00:00Z,51.3,0.0,0.0,12.5,0.0,0.0
2-3 дня,2026-08-07T10:39:14Z,2026-08-09T15:00:00Z,52.3,0.0,0.0,12.5,0.0,0.0
2-3 дня,2026-08-07T10:39:14Z,2026-08-09T16:00:00Z,53.3,0.0,0.0,0.0,0.0,0.0
2-3 дня,2026-08-07T10:39:14Z,2026-08-09T17:00:00Z,54.3,0.0,0.0,0.0,0.0,0.0
2-3 дня,2026-08-07T10:39:14Z,2026-08-09T18:00:00Z,55.3,0.0,0.0,0.0,0.0,0.0
2-3 дня,2026-08-07T10:39:14Z,2026-08-10T06:00:00Z,67.3,0.0,0.0,0.0,0.0,0.0
2-3 дня,2026-08-07T10:39:14Z,2026-08-10T07:00:00Z,68.3,0.0,0.0,0.0,0.0,0.0
2-3 дня,2026-08-07T10:39:14Z,2026-08-10T08:00:00Z,69.3,0.0,0.0,0.0,0.0,0.0
2-3 дня,2026-08-07T10:39:14Z,2026-08-10T09:00:00Z,70.3,0.0,0.0,0.0,0.0,0.0
2-3 дня,2026-08-07T10:39:14Z,2026-08-10T10:00:00Z,71.3,0.0,0.0,0.0,0.0,0.0
2-3 дня,2026-08-07T16:51:54Z,2026-08-09T17:00:00Z,48.1,0.0,0.0,0.0,0.0,0.0
2-3 дня,2026-08-07T16:51:54Z,2026-08-09T18:00:00Z,49.1,0.0,0.0,0.0,0.0,0.0
2-3 дня,2026-08-07T16:51:54Z,2026-08-10T06:00:00Z,61.1,0.0,0.0,0.0,0.0,0.0
2-3 дня,2026-08-07T16:51:54Z,2026-08-10T07:00:00Z,62.1,0.0,0.0,0.0,0.0,0.0
2-3 дня,2026-08-07T16:51:54Z,2026-08-10T08:00:00Z,63.1,0.0,0.0,0.0,0.0,0.0
2-3 дня,2026-08-07T16:51:54Z,2026-08-10T09:00:00Z,64.1,0.0,0.0,0.0,0.0,0.0
2-3 дня,2026-08-07T16:51:54Z,2026-08-10T10:00:00Z,65.1,0.0,0.0,0.0,0.0,0.0
2-3 дня,2026-08-07T16:51:54Z,2026-08-10T11:00:00Z,66.1,0.0,12.5,0.0,-12.5,12.5
2-3 дня,2026-08-07T16:51:54Z,2026-08-10T12:00:00Z,67.1,0.0,0.0,12.5,0.0,0.0
2-3 дня,2026-08-07T16:51:54Z,2026-08-10T13:00:00Z,68.1,0.0,0.0,12.5,0.0,0.0
2-3 дня,2026-08-07T16:51:54Z,2026-08-10T14:00:00Z,69.1,0.0,0.0,0.0,0.0,0.0
2-3 дня,2026-08-07T16:51:54Z,2026-08-10T15:00:00Z,70.1,0.0,0.0,0.0,0.0,0.0
2-3 дня,2026-08-07T16:51:54Z,2026-08-10T16:00:00Z,71.1,0.0,0.0,0.0,0.0,0.0
2-3 дня,2026-08-07T22:45:57Z,2026-08-10T06:00:00Z,55.2,0.0,0.0,0.0,0.0,0.0
2-3 дня,2026-08-07T22:45:57Z,2026-08-10T07:00:00Z,56.2,0.0,0.0,0.0,0.0,0.0
2-3 дня,2026-08-07T22:45:57Z,2026-08-10T08:00:00Z,57.2,0.0,0.0,0.0,0.0,0.0
2-3 дня,2026-08-07T22:45:57Z,2026-08-10T09:00:00Z,58.2,0.0,0.0,0.0,0.0,0.0
2-3 дня,2026-08-07T22:45:57Z,2026-08-10T10:00:00Z,59.2,0.0,0.0,0.0,0.0,0.0
2-3 дня,2026-08-07T22:45:57Z,2026-08-10T11:00:00Z,60.2,0.0,12.5,0.0,-12.5,12.5
2-3 дня,2026-08-07T22:45:57Z,2026-08-10T12:00:00Z,61.2,0.0,0.0,12.5,0.0,0.0
2-3 дня,2026-08-07T22:45:57Z,2026-08-10T13:00:00Z,62.2,0.0,0.0,12.5,0.0,0.0
2-3 дня,2026-08-07T22:45:57Z,2026-08-10T14:00:00Z,63.2,0.0,0.0,0.0,0.0,0.0
2-3 дня,2026-08-07T22:45:57Z,2026-08-10T15:00:00Z,64.2,0.0,0.0,0.0,0.0,0.0
2-3 дня,2026-08-07T22:45:57Z,2026-08-10T16:00:00Z,65.2,0.0,0.0,0.0,0.0,0.0
2-3 дня,2026-08-07T22:45:57Z,2026-08-10T17:00:00Z,66.2,0.0,0.0,0.0,0.0,0.0
2-3 дня,2026-08-07T22:45:57Z,2026-08-10T18:00:00Z,67.2,0.0,0.0,0.0,0.0,0.0
2-3 дня,2026-08-07T23:19:23Z,2026-08-10T06:00:00Z,54.7,0.0,0.0,0.0,0.0,0.0
2-3 дня,2026-08-07T23:19:23Z,2026-08-10T07:00:00Z,55.7,0.0,0.0,0.0,0.0,0.0
2-3 дня,2026-08-07T23:19:23Z,2026-08-10T08:00:00Z,56.7,0.0,0.0,0.0,0.0,0.0
2-3 дня,2026-08-07T23:19:23Z,2026-08-10T09:00:00Z,57.7,0.0,0.0,0.0,0.0,0.0
2-3 дня,2026-08-07T23:19:23Z,2026-08-10T10:00:00Z,58.7,0.0,0.0,0.0,0.0,0.0
2-3 дня,2026-08-07T23:19:23Z,2026-08-10T11:00:00Z,59.7,0.0,12.5,0.0,-12.5,12.5
2-3 дня,2026-08-07T23:19:23Z,2026-08-10T12:00:00Z,60.7,0.0,0.0,12.5,0.0,0.0
2-3 дня,2026-08-07T23:19:23Z,2026-08-10T13:00:00Z,61.7,0.0,0.0,12.5,0.0,0.0
2-3 дня,2026-08-07T23:19:23Z,2026-08-10T14:00:00Z,62.7,0.0,0.0,0.0,0.0,0.0
2-3 дня,2026-08-07T23:19:23Z,2026-08-10T15:00:00Z,63.7,0.0,0.0,0.0,0.0,0.0
2-3 дня,2026-08-07T23:19:23Z,2026-08-10T16:00:00Z,64.7,0.0,0.0,0.0,0.0,0.0
2-3 дня,2026-08-07T23:19:23Z,2026-08-10T17:00:00Z,65.7,0.0,0.0,0.0,0.0,0.0
2-3 дня,2026-08-07T23:19:23Z,2026-08-10T18:00:00Z,66.7,0.0,0.0,0.0,0.0,0.0
2-3 дня,2026-08-08T04:50:53Z,2026-08-10T06:00:00Z,49.2,0.0,0.0,0.0,0.0,0.0
2-3 дня,2026-08-08T04:50:53Z,2026-08-10T07:00:00Z,50.2,0.0,0.0,0.0,0.0,0.0
2-3 дня,2026-08-08T04:50:53Z,2026-08-10T08:00:00Z,51.2,0.0,0.0,0.0,0.0,0.0
2-3 дня,2026-08-08T04:50:53Z,2026-08-10T09:00:00Z,52.2,0.0,0.0,0.0,0.0,0.0
2-3 дня,2026-08-08T04:50:53Z,2026-08-10T10:00:00Z,53.2,0.0,0.0,0.0,0.0,0.0
2-3 дня,2026-08-08T04:50:53Z,2026-08-10T11:00:00Z,54.2,0.0,12.5,0.0,-12.5,12.5
2-3 дня,2026-08-08T04:50:53Z,2026-08-10T12:00:00Z,55.2,0.0,0.0,12.5,0.0,0.0
2-3 дня,2026-08-08T04:50:53Z,2026-08-10T13:00:00Z,56.2,0.0,0.0,12.5,0.0,0.0
2-3 дня,2026-08-08T04:50:53Z,2026-08-10T14:00:00Z,57.2,0.0,0.0,0.0,0.0,0.0
2-3 дня,2026-08-08T04:50:53Z,2026-08-10T15:00:00Z,58.2,0.0,0.0,0.0,0.0,0.0
2-3 дня,2026-08-08T04:50:53Z,2026-08-10T16:00:00Z,59.2,0.0,0.0,0.0,0.0,0.0
2-3 дня,2026-08-08T04:50:53Z,2026-08-10T17:00:00Z,60.2,0.0,0.0,0.0,0.0,0.0
2-3 дня,2026-08-08T04:50:53Z,2026-08-10T18:00:00Z,61.2,0.0,0.0,0.0,0.0,0.0
2-3 дня,2026-08-08T10:18:13Z,2026-08-10T11:00:00Z,48.7,0.0,12.5,0.0,-12.5,12.5
2-3 дня,2026-08-08T10:18:13Z,2026-08-10T12:00:00Z,49.7,0.0,0.0,12.5,0.0,0.0
2-3 дня,2026-08-08T10:18:13Z,2026-08-10T13:00:00Z,50.7,0.0,0.0,12.5,0.0,0.0
2-3 дня,2026-08-08T10:18:13Z,2026-08-10T14:00:00Z,51.7,0.0,0.0,0.0,0.0,0.0
2-3 дня,2026-08-08T10:18:13Z,2026-08-10T15:00:00Z,52.7,0.0,0.0,0.0,0.0,0.0
2-3 дня,2026-08-08T10:18:13Z,2026-08-10T16:00:00Z,53.7,0.0,0.0,0.0,0.0,0.0
2-3 дня,2026-08-08T10:18:13Z,2026-08-10T17:00:00Z,54.7,0.0,0.0,0.0,0.0,0.0
2-3 дня,2026-08-08T10:18:13Z,2026-08-10T18:00:00Z,55.7,0.0,0.0,0.0,0.0,0.0
2-3 дня,2026-08-08T10:18:13Z,2026-08-11T06:00:00Z,67.7,0.0,0.0,0.0,0.0,0.0
2-3 дня,2026-08-08T10:18:13Z,2026-08-11T07:00:00Z,68.7,0.0,0.0,0.0,0.0,0.0
2-3 дня,2026-08-08T10:18:13Z,2026-08-11T08:00:00Z,69.7,0.0,0.0,0.0,0.0,0.0
2-3 дня,2026-08-08T10:18:13Z,2026-08-11T09:00:00Z,70.7,0.0,0.0,0.0,0.0,0.0
2-3 дня,2026-08-08T10:18:13Z,2026-08-11T10:00:00Z,71.7,0.0,0.0,0.0,0.0,0.0
2-3 дня,2026-08-08T22:37:20Z,2026-08-11T06:00:00Z,55.4,0.0,0.0,0.0,0.0,0.0
2-3 дня,2026-08-08T22:37:20Z,2026-08-11T07:00:00Z,56.4,0.0,0.0,0.0,0.0,0.0
2-3 дня,2026-08-08T22:37:20Z,2026-08-11T08:00:00Z,57.4,0.0,0.0,0.0,0.0,0.0
2-3 дня,2026-08-08T22:37:20Z,2026-08-11T09:00:00Z,58.4,0.0,0.0,0.0,0.0,0.0
2-3 дня,2026-08-08T22:37:20Z,2026-08-11T10:00:00Z,59.4,0.0,0.0,0.0,0.0,0.0
2-3 дня,2026-08-08T22:37:20Z,2026-08-11T11:00:00Z,60.4,0.0,0.0,12.5,0.0,0.0
2-3 дня,2026-08-08T22:37:20Z,2026-08-11T12:00:00Z,61.4,0.0,0.0,0.0,0.0,0.0
2-3 дня,2026-08-08T22:37:20Z,2026-08-11T13:00:00Z,62.4,0.0,0.0,0.0,0.0,0.0
2-3 дня,2026-08-08T22:37:20Z,2026-08-11T14:00:00Z,63.4,2.34,0.0,0.0,2.34,2.34
2-3 дня,2026-08-08T22:37:20Z,2026-08-11T15:00:00Z,64.4,21.88,0.0,0.0,21.88,21.88
2-3 дня,2026-08-08T22:37:20Z,2026-08-11T16:00:00Z,65.4,21.88,0.0,0.0,21.88,21.88
2-3 дня,2026-08-08T22:37:20Z,2026-08-11T17:00:00Z,66.4,39.84,0.0,0.0,39.84,39.84
2-3 дня,2026-08-08T22:37:20Z,2026-08-11T18:00:00Z,67.4,21.88,0.0,0.0,21.88,21.88
2-3 дня,2026-08-09T04:59:03Z,2026-08-11T06:00:00Z,49.0,0.0,0.0,0.0,0.0,0.0
2-3 дня,2026-08-09T04:59:03Z,2026-08-11T07:00:00Z,50.0,0.0,0.0,0.0,0.0,0.0
2-3 дня,2026-08-09T04:59:03Z,2026-08-11T08:00:00Z,51.0,0.0,0.0,0.0,0.0,0.0
2-3 дня,2026-08-09T04:59:03Z,2026-08-11T09:00:00Z,52.0,0.0,0.0,0.0,0.0,0.0
2-3 дня,2026-08-09T04:59:03Z,2026-08-11T10:00:00Z,53.0,0.0,0.0,0.0,0.0,0.0
2-3 дня,2026-08-09T04:59:03Z,2026-08-11T11:00:00Z,54.0,10.16,0.0,12.5,10.16,10.16
2-3 дня,2026-08-09T04:59:03Z,2026-08-11T12:00:00Z,55.0,9.38,0.0,0.0,9.38,9.38
2-3 дня,2026-08-09T04:59:03Z,2026-08-11T13:00:00Z,56.0,0.0,0.0,0.0,0.0,0.0
2-3 дня,2026-08-09T04:59:03Z,2026-08-11T14:00:00Z,57.0,1.56,0.0,0.0,1.56,1.56
2-3 дня,2026-08-09T04:59:03Z,2026-08-11T15:00:00Z,58.0,18.75,0.0,0.0,18.75,18.75
2-3 дня,2026-08-09T04:59:03Z,2026-08-11T16:00:00Z,59.0,24.22,0.0,0.0,24.22,24.22
2-3 дня,2026-08-09T04:59:03Z,2026-08-11T17:00:00Z,60.0,21.09,0.0,0.0,21.09,21.09
2-3 дня,2026-08-09T04:59:03Z,2026-08-11T18:00:00Z,61.0,29.69,0.0,0.0,29.69,29.69
2-3 дня,2026-08-09T10:19:29Z,2026-08-11T11:00:00Z,48.7,0.0,0.0,12.5,0.0,0.0
2-3 дня,2026-08-09T10:19:29Z,2026-08-11T12:00:00Z,49.7,0.0,0.0,0.0,0.0,0.0
2-3 дня,2026-08-09T10:19:29Z,2026-08-11T13:00:00Z,50.7,0.0,0.0,0.0,0.0,0.0
2-3 дня,2026-08-09T10:19:29Z,2026-08-11T14:00:00Z,51.7,1.56,0.0,0.0,1.56,1.56
2-3 дня,2026-08-09T10:19:29Z,2026-08-11T15:00:00Z,52.7,14.06,0.0,0.0,14.06,14.06
2-3 дня,2026-08-09T10:19:29Z,2026-08-11T16:00:00Z,53.7,11.72,0.0,0.0,11.72,11.72
2-3 дня,2026-08-09T10:19:29Z,2026-08-11T17:00:00Z,54.7,14.84,0.0,0.0,14.84,14.84
2-3 дня,2026-08-09T10:19:29Z,2026-08-11T18:00:00Z,55.7,10.94,0.0,0.0,10.94,10.94
2-3 дня,2026-08-09T10:19:29Z,2026-08-12T06:00:00Z,67.7,0.78,75.0,0.0,-74.22,74.22
2-3 дня,2026-08-09T10:19:29Z,2026-08-12T07:00:00Z,68.7,0.78,75.0,0.0,-74.22,74.22
2-3 дня,2026-08-09T10:19:29Z,2026-08-12T08:00:00Z,69.7,1.56,50.0,0.0,-48.44,48.44
2-3 дня,2026-08-09T10:19:29Z,2026-08-12T09:00:00Z,70.7,0.78,25.0,0.0,-24.22,24.22
2-3 дня,2026-08-09T10:19:29Z,2026-08-12T10:00:00Z,71.7,0.0,25.0,0.0,-25.0,25.0
2-3 дня,2026-08-09T12:41:38Z,2026-08-11T13:00:00Z,48.3,0.0,0.0,0.0,0.0,0.0
2-3 дня,2026-08-09T12:41:38Z,2026-08-11T14:00:00Z,49.3,0.0,0.0,0.0,0.0,0.0
2-3 дня,2026-08-09T12:41:38Z,2026-08-11T15:00:00Z,50.3,8.59,0.0,0.0,8.59,8.59
2-3 дня,2026-08-09T12:41:38Z,2026-08-11T16:00:00Z,51.3,21.09,0.0,0.0,21.09,21.09
2-3 дня,2026-08-09T12:41:38Z,2026-08-11T17:00:00Z,52.3,8.59,0.0,0.0,8.59,8.59
2-3 дня,2026-08-09T12:41:38Z,2026-08-11T18:00:00Z,53.3,6.25,0.0,0.0,6.25,6.25
2-3 дня,2026-08-09T12:41:38Z,2026-08-12T06:00:00Z,65.3,7.03,75.0,0.0,-67.97,67.97
2-3 дня,2026-08-09T12:41:38Z,2026-08-12T07:00:00Z,66.3,15.62,75.0,0.0,-59.38,59.38
2-3 дня,2026-08-09T12:41:38Z,2026-08-12T08:00:00Z,67.3,5.47,50.0,0.0,-44.53,44.53
2-3 дня,2026-08-09T12:41:38Z,2026-08-12T09:00:00Z,68.3,1.56,25.0,0.0,-23.44,23.44
2-3 дня,2026-08-09T12:41:38Z,2026-08-12T10:00:00Z,69.3,0.78,25.0,0.0,-24.22,24.22
2-3 дня,2026-08-09T12:41:38Z,2026-08-12T11:00:00Z,70.3,0.0,12.5,0.0,-12.5,12.5
2-3 дня,2026-08-09T12:41:38Z,2026-08-12T12:00:00Z,71.3,0.0,12.5,0.0,-12.5,12.5
2-3 дня,2026-08-09T12:45:53Z,2026-08-11T13:00:00Z,48.2,0.0,0.0,0.0,0.0,0.0
2-3 дня,2026-08-09T12:45:53Z,2026-08-11T14:00:00Z,49.2,0.0,0.0,0.0,0.0,0.0
2-3 дня,2026-08-09T12:45:53Z,2026-08-11T15:00:00Z,50.2,8.59,0.0,0.0,8.59,8.59
2-3 дня,2026-08-09T12:45:53Z,2026-08-11T16:00:00Z,51.2,21.09,0.0,0.0,21.09,21.09
2-3 дня,2026-08-09T12:45:53Z,2026-08-11T17:00:00Z,52.2,8.59,0.0,0.0,8.59,8.59
2-3 дня,2026-08-09T12:45:53Z,2026-08-11T18:00:00Z,53.2,6.25,0.0,0.0,6.25,6.25
2-3 дня,2026-08-09T12:45:53Z,2026-08-12T06:00:00Z,65.2,7.03,75.0,0.0,-67.97,67.97
2-3 дня,2026-08-09T12:45:53Z,2026-08-12T07:00:00Z,66.2,15.62,75.0,0.0,-59.38,59.38
2-3 дня,2026-08-09T12:45:53Z,2026-08-12T08:00:00Z,67.2,5.47,50.0,0.0,-44.53,44.53
2-3 дня,2026-08-09T12:45:53Z,2026-08-12T09:00:00Z,68.2,1.56,25.0,0.0,-23.44,23.44
2-3 дня,2026-08-09T12:45:53Z,2026-08-12T10:00:00Z,69.2,0.78,25.0,0.0,-24.22,24.22
2-3 дня,2026-08-09T12:45:53Z,2026-08-12T11:00:00Z,70.2,0.0,12.5,0.0,-12.5,12.5
2-3 дня,2026-08-09T12:45:53Z,2026-08-12T12:00:00Z,71.2,0.0,12.5,0.0,-12.5,12.5
2-3 дня,2026-08-09T12:48:15Z,2026-08-11T13:00:00Z,48.2,0.0,0.0,0.0,0.0,0.0
2-3 дня,2026-08-09T12:48:15Z,2026-08-11T14:00:00Z,49.2,0.0,0.0,0.0,0.0,0.0
2-3 дня,2026-08-09T12:48:15Z,2026-08-11T15:00:00Z,50.2,8.59,0.0,0.0,8.59,8.59
2-3 дня,2026-08-09T12:48:15Z,2026-08-11T16:00:00Z,51.2,21.09,0.0,0.0,21.09,21.09
2-3 дня,2026-08-09T12:48:15Z,2026-08-11T17:00:00Z,52.2,8.59,0.0,0.0,8.59,8.59
2-3 дня,2026-08-09T12:48:15Z,2026-08-11T18:00:00Z,53.2,6.25,0.0,0.0,6.25,6.25
2-3 дня,2026-08-09T12:48:15Z,2026-08-12T06:00:00Z,65.2,7.03,75.0,0.0,-67.97,67.97
2-3 дня,2026-08-09T12:48:15Z,2026-08-12T07:00:00Z,66.2,15.62,75.0,0.0,-59.38,59.38
2-3 дня,2026-08-09T12:48:15Z,2026-08-12T08:00:00Z,67.2,5.47,50.0,0.0,-44.53,44.53
2-3 дня,2026-08-09T12:48:15Z,2026-08-12T09:00:00Z,68.2,1.56,25.0,0.0,-23.44,23.44
2-3 дня,2026-08-09T12:48:15Z,2026-08-12T10:00:00Z,69.2,0.78,25.0,0.0,-24.22,24.22
2-3 дня,2026-08-09T12:48:15Z,2026-08-12T11:00:00Z,70.2,0.0,12.5,0.0,-12.5,12.5
2-3 дня,2026-08-09T12:48:15Z,2026-08-12T12:00:00Z,71.2,0.0,12.5,0.0,-12.5,12.5
2-3 дня,2026-08-09T16:31:44Z,2026-08-11T17:00:00Z,48.5,8.59,0.0,0.0,8.59,8.59
2-3 дня,2026-08-09T16:31:44Z,2026-08-11T18:00:00Z,49.5,6.25,0.0,0.0,6.25,6.25
2-3 дня,2026-08-09T16:31:44Z,2026-08-12T06:00:00Z,61.5,7.03,75.0,0.0,-67.97,67.97
2-3 дня,2026-08-09T16:31:44Z,2026-08-12T07:00:00Z,62.5,15.62,75.0,0.0,-59.38,59.38
2-3 дня,2026-08-09T16:31:44Z,2026-08-12T08:00:00Z,63.5,5.47,50.0,0.0,-44.53,44.53
2-3 дня,2026-08-09T16:31:44Z,2026-08-12T09:00:00Z,64.5,1.56,25.0,0.0,-23.44,23.44
2-3 дня,2026-08-09T16:31:44Z,2026-08-12T10:00:00Z,65.5,0.78,25.0,0.0,-24.22,24.22
2-3 дня,2026-08-09T16:31:44Z,2026-08-12T11:00:00Z,66.5,0.0,12.5,0.0,-12.5,12.5
2-3 дня,2026-08-09T16:31:44Z,2026-08-12T12:00:00Z,67.5,0.0,12.5,0.0,-12.5,12.5
2-3 дня,2026-08-09T16:31:44Z,2026-08-12T13:00:00Z,68.5,0.0,0.0,0.0,0.0,0.0
2-3 дня,2026-08-09T16:31:44Z,2026-08-12T14:00:00Z,69.5,0.0,0.0,0.0,0.0,0.0
2-3 дня,2026-08-09T16:31:44Z,2026-08-12T15:00:00Z,70.5,0.0,0.0,0.0,0.0,0.0
2-3 дня,2026-08-09T16:31:44Z,2026-08-12T16:00:00Z,71.5,0.0,0.0,0.0,0.0,0.0
2-3 дня,2026-08-09T22:39:09Z,2026-08-12T06:00:00Z,55.3,3.12,75.0,0.0,-71.88,71.88
2-3 дня,2026-08-09T22:39:09Z,2026-08-12T07:00:00Z,56.3,0.0,75.0,0.0,-75.0,75.0
2-3 дня,2026-08-09T22:39:09Z,2026-08-12T08:00:00Z,57.3,0.0,50.0,0.0,-50.0,50.0
2-3 дня,2026-08-09T22:39:09Z,2026-08-12T09:00:00Z,58.3,0.0,25.0,0.0,-25.0,25.0
2-3 дня,2026-08-09T22:39:09Z,2026-08-12T10:00:00Z,59.3,0.0,25.0,0.0,-25.0,25.0
2-3 дня,2026-08-09T22:39:09Z,2026-08-12T11:00:00Z,60.3,0.0,12.5,0.0,-12.5,12.5
2-3 дня,2026-08-09T22:39:09Z,2026-08-12T12:00:00Z,61.3,0.0,12.5,0.0,-12.5,12.5
2-3 дня,2026-08-09T22:39:09Z,2026-08-12T13:00:00Z,62.3,0.0,0.0,0.0,0.0,0.0
2-3 дня,2026-08-09T22:39:09Z,2026-08-12T14:00:00Z,63.3,0.0,0.0,0.0,0.0,0.0
2-3 дня,2026-08-09T22:39:09Z,2026-08-12T15:00:00Z,64.3,0.0,0.0,0.0,0.0,0.0
2-3 дня,2026-08-09T22:39:09Z,2026-08-12T16:00:00Z,65.3,0.0,0.0,0.0,0.0,0.0
2-3 дня,2026-08-09T22:39:09Z,2026-08-12T17:00:00Z,66.3,0.0,0.0,0.0,0.0,0.0
2-3 дня,2026-08-09T22:39:09Z,2026-08-12T18:00:00Z,67.3,0.0,0.0,0.0,0.0,0.0
2-3 дня,2026-08-10T05:20:42Z,2026-08-12T06:00:00Z,48.7,0.78,75.0,0.0,-74.22,74.22
2-3 дня,2026-08-10T05:20:42Z,2026-08-12T07:00:00Z,49.7,1.56,75.0,0.0,-73.44,73.44
2-3 дня,2026-08-10T05:20:42Z,2026-08-12T08:00:00Z,50.7,0.0,50.0,0.0,-50.0,50.0
2-3 дня,2026-08-10T05:20:42Z,2026-08-12T09:00:00Z,51.7,0.0,25.0,0.0,-25.0,25.0
2-3 дня,2026-08-10T05:20:42Z,2026-08-12T10:00:00Z,52.7,0.0,25.0,0.0,-25.0,25.0
2-3 дня,2026-08-10T05:20:42Z,2026-08-12T11:00:00Z,53.7,0.0,12.5,0.0,-12.5,12.5
2-3 дня,2026-08-10T05:20:42Z,2026-08-12T12:00:00Z,54.7,0.0,12.5,0.0,-12.5,12.5
2-3 дня,2026-08-10T05:20:42Z,2026-08-12T13:00:00Z,55.7,0.0,0.0,0.0,0.0,0.0
2-3 дня,2026-08-10T05:20:42Z,2026-08-12T14:00:00Z,56.7,0.0,0.0,0.0,0.0,0.0
2-3 дня,2026-08-10T05:20:42Z,2026-08-12T15:00:00Z,57.7,0.0,0.0,0.0,0.0,0.0
2-3 дня,2026-08-10T05:20:42Z,2026-08-12T16:00:00Z,58.7,0.0,0.0,0.0,0.0,0.0
2-3 дня,2026-08-10T05:20:42Z,2026-08-12T17:00:00Z,59.7,0.0,0.0,0.0,0.0,0.0
2-3 дня,2026-08-10T05:20:42Z,2026-08-12T18:00:00Z,60.7,0.0,0.0,0.0,0.0,0.0
2-3 дня,2026-08-10T10:53:28Z,2026-08-12T11:00:00Z,48.1,0.0,12.5,0.0,-12.5,12.5
2-3 дня,2026-08-10T10:53:28Z,2026-08-12T12:00:00Z,49.1,0.0,12.5,0.0,-12.5,12.5
2-3 дня,2026-08-10T10:53:28Z,2026-08-12T13:00:00Z,50.1,0.0,0.0,0.0,0.0,0.0
2-3 дня,2026-08-10T10:53:28Z,2026-08-12T14:00:00Z,51.1,0.0,0.0,0.0,0.0,0.0
2-3 дня,2026-08-10T10:53:28Z,2026-08-12T15:00:00Z,52.1,0.0,0.0,0.0,0.0,0.0
2-3 дня,2026-08-10T10:53:28Z,2026-08-12T16:00:00Z,53.1,0.0,0.0,0.0,0.0,0.0
2-3 дня,2026-08-10T10:53:28Z,2026-08-12T17:00:00Z,54.1,0.0,0.0,0.0,0.0,0.0
2-3 дня,2026-08-10T10:53:28Z,2026-08-12T18:00:00Z,55.1,0.0,0.0,0.0,0.0,0.0
2-3 дня,2026-08-10T10:53:28Z,2026-08-13T06:00:00Z,67.1,0.0,0.0,75.0,0.0,0.0
2-3 дня,2026-08-10T10:53:28Z,2026-08-13T07:00:00Z,68.1,0.0,0.0,75.0,0.0,0.0
2-3 дня,2026-08-10T10:53:28Z,2026-08-13T08:00:00Z,69.1,0.0,0.0,50.0,0.0,0.0
2-3 дня,2026-08-10T10:53:28Z,2026-08-13T09:00:00Z,70.1,0.0,0.0,25.0,0.0,0.0
2-3 дня,2026-08-10T10:53:28Z,2026-08-13T10:00:00Z,71.1,0.0,0.0,25.0,0.0,0.0
2-3 дня,2026-08-10T16:52:05Z,2026-08-12T17:00:00Z,48.1,0.0,0.0,0.0,0.0,0.0
2-3 дня,2026-08-10T16:52:05Z,2026-08-12T18:00:00Z,49.1,0.0,0.0,0.0,0.0,0.0
2-3 дня,2026-08-10T16:52:05Z,2026-08-13T06:00:00Z,61.1,0.0,0.0,75.0,0.0,0.0
2-3 дня,2026-08-10T16:52:05Z,2026-08-13T07:00:00Z,62.1,0.0,0.0,75.0,0.0,0.0
2-3 дня,2026-08-10T16:52:05Z,2026-08-13T08:00:00Z,63.1,0.0,0.0,50.0,0.0,0.0
2-3 дня,2026-08-10T16:52:05Z,2026-08-13T09:00:00Z,64.1,0.0,0.0,25.0,0.0,0.0
2-3 дня,2026-08-10T16:52:05Z,2026-08-13T10:00:00Z,65.1,0.0,0.0,25.0,0.0,0.0
2-3 дня,2026-08-10T16:52:05Z,2026-08-13T11:00:00Z,66.1,0.0,0.0,12.5,0.0,0.0
2-3 дня,2026-08-10T16:52:05Z,2026-08-13T12:00:00Z,67.1,0.0,0.0,12.5,0.0,0.0
2-3 дня,2026-08-10T16:52:05Z,2026-08-13T13:00:00Z,68.1,0.0,0.0,0.0,0.0,0.0
2-3 дня,2026-08-10T16:52:05Z,2026-08-13T14:00:00Z,69.1,0.0,0.0,0.0,0.0,0.0
2-3 дня,2026-08-10T16:52:05Z,2026-08-13T15:00:00Z,70.1,0.0,0.0,0.0,0.0,0.0
2-3 дня,2026-08-10T16:52:05Z,2026-08-13T16:00:00Z,71.1,0.0,0.0,0.0,0.0,0.0
2-3 дня,2026-08-10T22:47:13Z,2026-08-13T06:00:00Z,55.2,0.0,0.0,75.0,0.0,0.0
2-3 дня,2026-08-10T22:47:13Z,2026-08-13T07:00:00Z,56.2,0.0,0.0,75.0,0.0,0.0
2-3 дня,2026-08-10T22:47:13Z,2026-08-13T08:00:00Z,57.2,0.0,0.0,50.0,0.0,0.0
2-3 дня,2026-08-10T22:47:13Z,2026-08-13T09:00:00Z,58.2,0.0,0.0,25.0,0.0,0.0
2-3 дня,2026-08-10T22:47:13Z,2026-08-13T10:00:00Z,59.2,0.0,0.0,25.0,0.0,0.0
2-3 дня,2026-08-10T22:47:13Z,2026-08-13T11:00:00Z,60.2,0.0,0.0,12.5,0.0,0.0
2-3 дня,2026-08-10T22:47:13Z,2026-08-13T12:00:00Z,61.2,0.0,0.0,12.5,0.0,0.0
2-3 дня,2026-08-10T22:47:13Z,2026-08-13T13:00:00Z,62.2,0.0,0.0,0.0,0.0,0.0
2-3 дня,2026-08-10T22:47:13Z,2026-08-13T14:00:00Z,63.2,0.0,0.0,0.0,0.0,0.0
2-3 дня,2026-08-10T22:47:13Z,2026-08-13T15:00:00Z,64.2,0.0,0.0,0.0,0.0,0.0
2-3 дня,2026-08-10T22:47:13Z,2026-08-13T16:00:00Z,65.2,0.0,0.0,0.0,0.0,0.0
2-3 дня,2026-08-10T22:47:13Z,2026-08-13T17:00:00Z,66.2,0.0,0.0,0.0,0.0,0.0
2-3 дня,2026-08-10T22:47:13Z,2026-08-13T18:00:00Z,67.2,0.0,0.0,0.0,0.0,0.0
2-3 дня,2026-08-11T05:01:49Z,2026-08-13T06:00:00Z,49.0,0.0,0.0,75.0,0.0,0.0
2-3 дня,2026-08-11T05:01:49Z,2026-08-13T07:00:00Z,50.0,0.0,0.0,75.0,0.0,0.0
2-3 дня,2026-08-11T05:01:49Z,2026-08-13T08:00:00Z,51.0,0.0,0.0,50.0,0.0,0.0
2-3 дня,2026-08-11T05:01:49Z,2026-08-13T09:00:00Z,52.0,0.0,0.0,25.0,0.0,0.0
2-3 дня,2026-08-11T05:01:49Z,2026-08-13T10:00:00Z,53.0,0.0,0.0,25.0,0.0,0.0
2-3 дня,2026-08-11T05:01:49Z,2026-08-13T11:00:00Z,54.0,0.0,0.0,12.5,0.0,0.0
2-3 дня,2026-08-11T05:01:49Z,2026-08-13T12:00:00Z,55.0,0.0,0.0,12.5,0.0,0.0
2-3 дня,2026-08-11T05:01:49Z,2026-08-13T13:00:00Z,56.0,0.0,0.0,0.0,0.0,0.0
2-3 дня,2026-08-11T05:01:49Z,2026-08-13T14:00:00Z,57.0,0.0,0.0,0.0,0.0,0.0
2-3 дня,2026-08-11T05:01:49Z,2026-08-13T15:00:00Z,58.0,0.0,0.0,0.0,0.0,0.0
2-3 дня,2026-08-11T05:01:49Z,2026-08-13T16:00:00Z,59.0,0.0,0.0,0.0,0.0,0.0
2-3 дня,2026-08-11T05:01:49Z,2026-08-13T17:00:00Z,60.0,0.0,0.0,0.0,0.0,0.0
2-3 дня,2026-08-11T05:01:49Z,2026-08-13T18:00:00Z,61.0,0.0,0.0,0.0,0.0,0.0
2-3 дня,2026-08-11T10:38:45Z,2026-08-13T11:00:00Z,48.4,0.0,0.0,12.5,0.0,0.0
2-3 дня,2026-08-11T10:38:45Z,2026-08-13T12:00:00Z,49.4,0.0,0.0,12.5,0.0,0.0
2-3 дня,2026-08-11T10:38:45Z,2026-08-13T13:00:00Z,50.4,0.0,0.0,0.0,0.0,0.0
2-3 дня,2026-08-11T10:38:45Z,2026-08-13T14:00:00Z,51.4,0.0,0.0,0.0,0.0,0.0
2-3 дня,2026-08-11T10:38:45Z,2026-08-13T15:00:00Z,52.4,0.0,0.0,0.0,0.0,0.0
2-3 дня,2026-08-11T10:38:45Z,2026-08-13T16:00:00Z,53.4,0.0,0.0,0.0,0.0,0.0
2-3 дня,2026-08-11T10:38:45Z,2026-08-13T17:00:00Z,54.4,0.0,0.0,0.0,0.0,0.0
2-3 дня,2026-08-11T10:38:45Z,2026-08-13T18:00:00Z,55.4,0.0,0.0,0.0,0.0,0.0
2-3 дня,2026-08-11T10:38:45Z,2026-08-14T06:00:00Z,67.4,0.0,0.0,0.0,0.0,0.0
2-3 дня,2026-08-11T10:38:45Z,2026-08-14T07:00:00Z,68.4,0.0,0.0,0.0,0.0,0.0
2-3 дня,2026-08-11T10:38:45Z,2026-08-14T08:00:00Z,69.4,0.0,0.0,0.0,0.0,0.0
2-3 дня,2026-08-11T10:38:45Z,2026-08-14T09:00:00Z,70.4,0.0,0.0,0.0,0.0,0.0
2-3 дня,2026-08-11T10:38:45Z,2026-08-14T10:00:00Z,71.4,0.0,0.0,0.0,0.0,0.0
2-3 дня,2026-08-12T06:05:22Z,2026-08-14T07:00:00Z,48.9,0.0,0.0,0.0,0.0,0.0
2-3 дня,2026-08-12T06:05:22Z,2026-08-14T08:00:00Z,49.9,0.0,0.0,0.0,0.0,0.0
2-3 дня,2026-08-12T06:05:22Z,2026-08-14T09:00:00Z,50.9,0.0,0.0,0.0,0.0,0.0
2-3 дня,2026-08-12T06:05:22Z,2026-08-14T10:00:00Z,51.9,0.0,0.0,0.0,0.0,0.0
2-3 дня,2026-08-12T06:05:22Z,2026-08-14T11:00:00Z,52.9,0.0,25.0,0.0,-25.0,25.0
2-3 дня,2026-08-12T06:05:22Z,2026-08-14T12:00:00Z,53.9,0.0,25.0,0.0,-25.0,25.0
2-3 дня,2026-08-12T06:05:22Z,2026-08-14T13:00:00Z,54.9,0.0,25.0,0.0,-25.0,25.0
2-3 дня,2026-08-12T06:05:22Z,2026-08-14T14:00:00Z,55.9,0.78,25.0,0.0,-24.22,24.22
2-3 дня,2026-08-12T06:05:22Z,2026-08-14T15:00:00Z,56.9,0.78,12.5,0.0,-11.72,11.72
2-3 дня,2026-08-12T06:05:22Z,2026-08-14T16:00:00Z,57.9,0.78,12.5,0.0,-11.72,11.72
2-3 дня,2026-08-12T06:05:22Z,2026-08-14T17:00:00Z,58.9,0.0,12.5,0.0,-12.5,12.5
2-3 дня,2026-08-12T06:05:22Z,2026-08-14T18:00:00Z,59.9,0.0,25.0,0.0,-25.0,25.0
2-3 дня,2026-08-12T06:05:22Z,2026-08-15T06:00:00Z,71.9,0.0,0.0,0.0,0.0,0.0
2-3 дня,2026-08-12T10:47:03Z,2026-08-14T11:00:00Z,48.2,0.0,25.0,0.0,-25.0,25.0
2-3 дня,2026-08-12T10:47:03Z,2026-08-14T12:00:00Z,49.2,2.34,25.0,0.0,-22.66,22.66
2-3 дня,2026-08-12T10:47:03Z,2026-08-14T13:00:00Z,50.2,5.47,25.0,0.0,-19.53,19.53
2-3 дня,2026-08-12T10:47:03Z,2026-08-14T14:00:00Z,51.2,3.91,25.0,0.0,-21.09,21.09
2-3 дня,2026-08-12T10:47:03Z,2026-08-14T15:00:00Z,52.2,6.25,12.5,0.0,-6.25,6.25
2-3 дня,2026-08-12T10:47:03Z,2026-08-14T16:00:00Z,53.2,14.84,12.5,0.0,2.34,2.34
2-3 дня,2026-08-12T10:47:03Z,2026-08-14T17:00:00Z,54.2,11.72,12.5,0.0,-0.78,0.78
2-3 дня,2026-08-12T10:47:03Z,2026-08-14T18:00:00Z,55.2,10.16,25.0,0.0,-14.84,14.84
2-3 дня,2026-08-12T10:47:03Z,2026-08-15T06:00:00Z,67.2,0.0,0.0,0.0,0.0,0.0
2-3 дня,2026-08-12T10:47:03Z,2026-08-15T07:00:00Z,68.2,0.0,0.0,0.0,0.0,0.0
2-3 дня,2026-08-12T10:47:03Z,2026-08-15T08:00:00Z,69.2,0.0,0.0,0.0,0.0,0.0
2-3 дня,2026-08-12T10:47:03Z,2026-08-15T09:00:00Z,70.2,0.0,0.0,0.0,0.0,0.0
2-3 дня,2026-08-12T10:47:03Z,2026-08-15T10:00:00Z,71.2,0.0,0.0,0.0,0.0,0.0
2-3 дня,2026-08-12T16:54:57Z,2026-08-14T17:00:00Z,48.1,3.91,12.5,0.0,-8.59,8.59
2-3 дня,2026-08-12T16:54:57Z,2026-08-14T18:00:00Z,49.1,4.69,25.0,0.0,-20.31,20.31
2-3 дня,2026-08-12T16:54:57Z,2026-08-15T06:00:00Z,61.1,0.0,0.0,0.0,0.0,0.0
2-3 дня,2026-08-12T16:54:57Z,2026-08-15T07:00:00Z,62.1,0.0,0.0,0.0,0.0,0.0
2-3 дня,2026-08-12T16:54:57Z,2026-08-15T08:00:00Z,63.1,0.0,0.0,0.0,0.0,0.0
2-3 дня,2026-08-12T16:54:57Z,2026-08-15T09:00:00Z,64.1,0.0,0.0,0.0,0.0,0.0
2-3 дня,2026-08-12T16:54:57Z,2026-08-15T10:00:00Z,65.1,0.0,0.0,0.0,0.0,0.0
2-3 дня,2026-08-12T16:54:57Z,2026-08-15T11:00:00Z,66.1,0.0,0.0,25.0,0.0,0.0
2-3 дня,2026-08-12T16:54:57Z,2026-08-15T12:00:00Z,67.1,0.0,0.0,25.0,0.0,0.0
2-3 дня,2026-08-12T16:54:57Z,2026-08-15T13:00:00Z,68.1,0.0,0.0,25.0,0.0,0.0
2-3 дня,2026-08-12T16:54:57Z,2026-08-15T14:00:00Z,69.1,0.0,0.0,25.0,0.0,0.0
2-3 дня,2026-08-12T16:54:57Z,2026-08-15T15:00:00Z,70.1,0.0,0.0,12.5,0.0,0.0
2-3 дня,2026-08-12T16:54:57Z,2026-08-15T16:00:00Z,71.1,0.0,0.0,12.5,0.0,0.0
2-3 дня,2026-08-12T22:50:47Z,2026-08-15T06:00:00Z,55.2,0.0,0.0,0.0,0.0,0.0
2-3 дня,2026-08-12T22:50:47Z,2026-08-15T07:00:00Z,56.2,0.0,0.0,0.0,0.0,0.0
2-3 дня,2026-08-12T22:50:47Z,2026-08-15T08:00:00Z,57.2,0.0,0.0,0.0,0.0,0.0
2-3 дня,2026-08-12T22:50:47Z,2026-08-15T09:00:00Z,58.2,0.0,0.0,0.0,0.0,0.0
2-3 дня,2026-08-12T22:50:47Z,2026-08-15T10:00:00Z,59.2,0.0,0.0,0.0,0.0,0.0
2-3 дня,2026-08-12T22:50:47Z,2026-08-15T11:00:00Z,60.2,0.0,0.0,25.0,0.0,0.0
2-3 дня,2026-08-12T22:50:47Z,2026-08-15T12:00:00Z,61.2,0.0,0.0,25.0,0.0,0.0
2-3 дня,2026-08-12T22:50:47Z,2026-08-15T13:00:00Z,62.2,0.0,0.0,25.0,0.0,0.0
2-3 дня,2026-08-12T22:50:47Z,2026-08-15T14:00:00Z,63.2,0.0,0.0,25.0,0.0,0.0
2-3 дня,2026-08-12T22:50:47Z,2026-08-15T15:00:00Z,64.2,0.0,0.0,12.5,0.0,0.0
2-3 дня,2026-08-12T22:50:47Z,2026-08-15T16:00:00Z,65.2,0.0,0.0,12.5,0.0,0.0
2-3 дня,2026-08-12T22:50:47Z,2026-08-15T17:00:00Z,66.2,0.0,0.0,12.5,0.0,0.0
2-3 дня,2026-08-12T22:50:47Z,2026-08-15T18:00:00Z,67.2,0.0,0.0,25.0,0.0,0.0
2-3 дня,2026-08-13T05:30:08Z,2026-08-15T06:00:00Z,48.5,0.0,0.0,0.0,0.0,0.0
2-3 дня,2026-08-13T05:30:08Z,2026-08-15T07:00:00Z,49.5,0.0,0.0,0.0,0.0,0.0
2-3 дня,2026-08-13T05:30:08Z,2026-08-15T08:00:00Z,50.5,0.0,0.0,0.0,0.0,0.0
2-3 дня,2026-08-13T05:30:08Z,2026-08-15T09:00:00Z,51.5,0.0,0.0,0.0,0.0,0.0
2-3 дня,2026-08-13T05:30:08Z,2026-08-15T10:00:00Z,52.5,0.0,0.0,0.0,0.0,0.0
2-3 дня,2026-08-13T05:30:08Z,2026-08-15T11:00:00Z,53.5,0.0,0.0,25.0,0.0,0.0
2-3 дня,2026-08-13T05:30:08Z,2026-08-15T12:00:00Z,54.5,0.0,0.0,25.0,0.0,0.0
2-3 дня,2026-08-13T05:30:08Z,2026-08-15T13:00:00Z,55.5,0.0,0.0,25.0,0.0,0.0
2-3 дня,2026-08-13T05:30:08Z,2026-08-15T14:00:00Z,56.5,0.0,0.0,25.0,0.0,0.0
2-3 дня,2026-08-13T05:30:08Z,2026-08-15T15:00:00Z,57.5,0.0,0.0,12.5,0.0,0.0
2-3 дня,2026-08-13T05:30:08Z,2026-08-15T16:00:00Z,58.5,0.0,0.0,12.5,0.0,0.0
2-3 дня,2026-08-13T05:30:08Z,2026-08-15T17:00:00Z,59.5,0.0,0.0,12.5,0.0,0.0
2-3 дня,2026-08-13T05:30:08Z,2026-08-15T18:00:00Z,60.5,0.0,0.0,25.0,0.0,0.0
2-3 дня,2026-08-13T10:49:01Z,2026-08-15T11:00:00Z,48.2,0.0,0.0,25.0,0.0,0.0
2-3 дня,2026-08-13T10:49:01Z,2026-08-15T12:00:00Z,49.2,0.0,0.0,25.0,0.0,0.0
2-3 дня,2026-08-13T10:49:01Z,2026-08-15T13:00:00Z,50.2,0.0,0.0,25.0,0.0,0.0
2-3 дня,2026-08-13T10:49:01Z,2026-08-15T14:00:00Z,51.2,0.0,0.0,25.0,0.0,0.0
2-3 дня,2026-08-13T10:49:01Z,2026-08-15T15:00:00Z,52.2,0.0,0.0,12.5,0.0,0.0
2-3 дня,2026-08-13T10:49:01Z,2026-08-15T16:00:00Z,53.2,0.0,0.0,12.5,0.0,0.0
2-3 дня,2026-08-13T10:49:01Z,2026-08-15T17:00:00Z,54.2,0.0,0.0,12.5,0.0,0.0
2-3 дня,2026-08-13T10:49:01Z,2026-08-15T18:00:00Z,55.2,0.0,0.0,25.0,0.0,0.0
2-3 дня,2026-08-13T10:49:01Z,2026-08-16T06:00:00Z,67.2,0.0,0.0,0.0,0.0,0.0
2-3 дня,2026-08-13T10:49:01Z,2026-08-16T07:00:00Z,68.2,0.0,0.0,0.0,0.0,0.0
2-3 дня,2026-08-13T10:49:01Z,2026-08-16T08:00:00Z,69.2,0.0,0.0,0.0,0.0,0.0
2-3 дня,2026-08-13T10:49:01Z,2026-08-16T09:00:00Z,70.2,0.0,0.0,0.0,0.0,0.0
2-3 дня,2026-08-13T10:49:01Z,2026-08-16T10:00:00Z,71.2,0.0,0.0,0.0,0.0,0.0
2-3 дня,2026-08-13T16:36:10Z,2026-08-15T17:00:00Z,48.4,0.0,0.0,12.5,0.0,0.0
2-3 дня,2026-08-13T16:36:10Z,2026-08-15T18:00:00Z,49.4,0.0,0.0,25.0,0.0,0.0
2-3 дня,2026-08-13T16:36:10Z,2026-08-16T06:00:00Z,61.4,0.0,0.0,0.0,0.0,0.0
2-3 дня,2026-08-13T16:36:10Z,2026-08-16T07:00:00Z,62.4,0.0,0.0,0.0,0.0,0.0
2-3 дня,2026-08-13T16:36:10Z,2026-08-16T08:00:00Z,63.4,0.0,0.0,0.0,0.0,0.0
2-3 дня,2026-08-13T16:36:10Z,2026-08-16T09:00:00Z,64.4,0.0,0.0,0.0,0.0,0.0
2-3 дня,2026-08-13T16:36:10Z,2026-08-16T10:00:00Z,65.4,0.0,0.0,0.0,0.0,0.0
2-3 дня,2026-08-13T16:36:10Z,2026-08-16T11:00:00Z,66.4,0.0,0.0,0.0,0.0,0.0
2-3 дня,2026-08-13T16:36:10Z,2026-08-16T12:00:00Z,67.4,0.0,0.0,0.0,0.0,0.0
2-3 дня,2026-08-13T16:36:10Z,2026-08-16T13:00:00Z,68.4,0.0,0.0,0.0,0.0,0.0
2-3 дня,2026-08-13T16:36:10Z,2026-08-16T14:00:00Z,69.4,0.0,0.0,0.0,0.0,0.0
2-3 дня,2026-08-13T16:36:10Z,2026-08-16T15:00:00Z,70.4,0.0,0.0,0.0,0.0,0.0
2-3 дня,2026-08-13T16:36:10Z,2026-08-16T16:00:00Z,71.4,0.0,0.0,0.0,0.0,0.0
2-3 дня,2026-08-13T16:42:24Z,2026-08-15T17:00:00Z,48.3,0.0,0.0,12.5,0.0,0.0
2-3 дня,2026-08-13T16:42:24Z,2026-08-15T18:00:00Z,49.3,0.0,0.0,25.0,0.0,0.0
2-3 дня,2026-08-13T16:42:24Z,2026-08-16T06:00:00Z,61.3,0.0,0.0,0.0,0.0,0.0
2-3 дня,2026-08-13T16:42:24Z,2026-08-16T07:00:00Z,62.3,0.0,0.0,0.0,0.0,0.0
2-3 дня,2026-08-13T16:42:24Z,2026-08-16T08:00:00Z,63.3,0.0,0.0,0.0,0.0,0.0
2-3 дня,2026-08-13T16:42:24Z,2026-08-16T09:00:00Z,64.3,0.0,0.0,0.0,0.0,0.0
2-3 дня,2026-08-13T16:42:24Z,2026-08-16T10:00:00Z,65.3,0.0,0.0,0.0,0.0,0.0
2-3 дня,2026-08-13T16:42:24Z,2026-08-16T11:00:00Z,66.3,0.0,0.0,0.0,0.0,0.0
2-3 дня,2026-08-13T16:42:24Z,2026-08-16T12:00:00Z,67.3,0.0,0.0,0.0,0.0,0.0
2-3 дня,2026-08-13T16:42:24Z,2026-08-16T13:00:00Z,68.3,0.0,0.0,0.0,0.0,0.0
2-3 дня,2026-08-13T16:42:24Z,2026-08-16T14:00:00Z,69.3,0.0,0.0,0.0,0.0,0.0
2-3 дня,2026-08-13T16:42:24Z,2026-08-16T15:00:00Z,70.3,0.0,0.0,0.0,0.0,0.0
2-3 дня,2026-08-13T16:42:24Z,2026-08-16T16:00:00Z,71.3,0.0,0.0,0.0,0.0,0.0
2-3 дня,2026-08-13T16:54:22Z,2026-08-15T17:00:00Z,48.1,0.0,0.0,12.5,0.0,0.0
2-3 дня,2026-08-13T16:54:22Z,2026-08-15T18:00:00Z,49.1,0.0,0.0,25.0,0.0,0.0
2-3 дня,2026-08-13T16:54:22Z,2026-08-16T06:00:00Z,61.1,0.0,0.0,0.0,0.0,0.0
2-3 дня,2026-08-13T16:54:22Z,2026-08-16T07:00:00Z,62.1,0.0,0.0,0.0,0.0,0.0
2-3 дня,2026-08-13T16:54:22Z,2026-08-16T08:00:00Z,63.1,0.0,0.0,0.0,0.0,0.0
2-3 дня,2026-08-13T16:54:22Z,2026-08-16T09:00:00Z,64.1,0.0,0.0,0.0,0.0,0.0
2-3 дня,2026-08-13T16:54:22Z,2026-08-16T10:00:00Z,65.1,0.0,0.0,0.0,0.0,0.0
2-3 дня,2026-08-13T16:54:22Z,2026-08-16T11:00:00Z,66.1,0.0,0.0,0.0,0.0,0.0
2-3 дня,2026-08-13T16:54:22Z,2026-08-16T12:00:00Z,67.1,0.0,0.0,0.0,0.0,0.0
2-3 дня,2026-08-13T16:54:22Z,2026-08-16T13:00:00Z,68.1,0.0,0.0,0.0,0.0,0.0
2-3 дня,2026-08-13T16:54:22Z,2026-08-16T14:00:00Z,69.1,0.0,0.0,0.0,0.0,0.0
2-3 дня,2026-08-13T16:54:22Z,2026-08-16T15:00:00Z,70.1,0.0,0.0,0.0,0.0,0.0
2-3 дня,2026-08-13T16:54:22Z,2026-08-16T16:00:00Z,71.1,0.0,0.0,0.0,0.0,0.0
2-3 дня,2026-08-13T22:52:17Z,2026-08-16T06:00:00Z,55.1,0.0,0.0,0.0,0.0,0.0
2-3 дня,2026-08-13T22:52:17Z,2026-08-16T07:00:00Z,56.1,0.0,0.0,0.0,0.0,0.0
2-3 дня,2026-08-13T22:52:17Z,2026-08-16T08:00:00Z,57.1,0.0,0.0,0.0,0.0,0.0
2-3 дня,2026-08-13T22:52:17Z,2026-08-16T09:00:00Z,58.1,0.0,0.0,0.0,0.0,0.0
2-3 дня,2026-08-13T22:52:17Z,2026-08-16T10:00:00Z,59.1,0.0,0.0,0.0,0.0,0.0
2-3 дня,2026-08-13T22:52:17Z,2026-08-16T11:00:00Z,60.1,0.0,0.0,0.0,0.0,0.0
2-3 дня,2026-08-13T22:52:17Z,2026-08-16T12:00:00Z,61.1,0.0,0.0,0.0,0.0,0.0
2-3 дня,2026-08-13T22:52:17Z,2026-08-16T13:00:00Z,62.1,0.0,0.0,0.0,0.0,0.0
2-3 дня,2026-08-13T22:52:17Z,2026-08-16T14:00:00Z,63.1,0.0,0.0,0.0,0.0,0.0
2-3 дня,2026-08-13T22:52:17Z,2026-08-16T15:00:00Z,64.1,0.0,0.0,0.0,0.0,0.0
2-3 дня,2026-08-13T22:52:17Z,2026-08-16T16:00:00Z,65.1,0.0,0.0,0.0,0.0,0.0
2-3 дня,2026-08-13T22:52:17Z,2026-08-16T17:00:00Z,66.1,0.0,0.0,0.0,0.0,0.0
2-3 дня,2026-08-13T22:52:17Z,2026-08-16T18:00:00Z,67.1,0.0,0.0,0.0,0.0,0.0
2-3 дня,2026-08-14T05:28:14Z,2026-08-16T06:00:00Z,48.5,0.0,0.0,0.0,0.0,0.0
2-3 дня,2026-08-14T05:28:14Z,2026-08-16T07:00:00Z,49.5,0.0,0.0,0.0,0.0,0.0
2-3 дня,2026-08-14T05:28:14Z,2026-08-16T08:00:00Z,50.5,0.0,0.0,0.0,0.0,0.0
2-3 дня,2026-08-14T05:28:14Z,2026-08-16T09:00:00Z,51.5,0.0,0.0,0.0,0.0,0.0
2-3 дня,2026-08-14T05:28:14Z,2026-08-16T10:00:00Z,52.5,0.0,0.0,0.0,0.0,0.0
2-3 дня,2026-08-14T05:28:14Z,2026-08-16T11:00:00Z,53.5,0.0,0.0,0.0,0.0,0.0
2-3 дня,2026-08-14T05:28:14Z,2026-08-16T12:00:00Z,54.5,0.0,0.0,0.0,0.0,0.0
2-3 дня,2026-08-14T05:28:14Z,2026-08-16T13:00:00Z,55.5,0.0,0.0,0.0,0.0,0.0
2-3 дня,2026-08-14T05:28:14Z,2026-08-16T14:00:00Z,56.5,0.0,0.0,0.0,0.0,0.0
2-3 дня,2026-08-14T05:28:14Z,2026-08-16T15:00:00Z,57.5,0.0,0.0,0.0,0.0,0.0
2-3 дня,2026-08-14T05:28:14Z,2026-08-16T16:00:00Z,58.5,0.0,0.0,0.0,0.0,0.0
2-3 дня,2026-08-14T05:28:14Z,2026-08-16T17:00:00Z,59.5,0.0,0.0,0.0,0.0,0.0
2-3 дня,2026-08-14T05:28:14Z,2026-08-16T18:00:00Z,60.5,0.0,0.0,0.0,0.0,0.0
2-3 дня,2026-08-14T10:44:54Z,2026-08-16T11:00:00Z,48.3,0.0,0.0,0.0,0.0,0.0
2-3 дня,2026-08-14T10:44:54Z,2026-08-16T12:00:00Z,49.3,0.0,0.0,0.0,0.0,0.0
2-3 дня,2026-08-14T10:44:54Z,2026-08-16T13:00:00Z,50.3,0.0,0.0,0.0,0.0,0.0
2-3 дня,2026-08-14T10:44:54Z,2026-08-16T14:00:00Z,51.3,0.0,0.0,0.0,0.0,0.0
2-3 дня,2026-08-14T10:44:54Z,2026-08-16T15:00:00Z,52.3,0.0,0.0,0.0,0.0,0.0
2-3 дня,2026-08-14T10:44:54Z,2026-08-16T16:00:00Z,53.3,0.0,0.0,0.0,0.0,0.0
2-3 дня,2026-08-14T10:44:54Z,2026-08-16T17:00:00Z,54.3,0.0,0.0,0.0,0.0,0.0
2-3 дня,2026-08-14T10:44:54Z,2026-08-16T18:00:00Z,55.3,0.0,0.0,0.0,0.0,0.0
2-3 дня,2026-08-14T10:44:54Z,2026-08-17T06:00:00Z,67.3,5.47,0.0,0.0,5.47,5.47
2-3 дня,2026-08-14T10:44:54Z,2026-08-17T07:00:00Z,68.3,8.59,0.0,0.0,8.59,8.59
2-3 дня,2026-08-14T10:44:54Z,2026-08-17T08:00:00Z,69.3,21.09,0.0,0.0,21.09,21.09
2-3 дня,2026-08-14T10:44:54Z,2026-08-17T09:00:00Z,70.3,32.81,12.5,0.0,20.31,20.31
2-3 дня,2026-08-14T10:44:54Z,2026-08-17T10:00:00Z,71.3,30.47,12.5,0.0,17.97,17.97
2-3 дня,2026-08-14T16:48:33Z,2026-08-16T17:00:00Z,48.2,0.0,0.0,0.0,0.0,0.0
2-3 дня,2026-08-14T16:48:33Z,2026-08-16T18:00:00Z,49.2,0.0,0.0,0.0,0.0,0.0
2-3 дня,2026-08-14T16:48:33Z,2026-08-17T06:00:00Z,61.2,0.0,0.0,0.0,0.0,0.0
2-3 дня,2026-08-14T16:48:33Z,2026-08-17T07:00:00Z,62.2,0.0,0.0,0.0,0.0,0.0
2-3 дня,2026-08-14T16:48:33Z,2026-08-17T08:00:00Z,63.2,0.0,0.0,0.0,0.0,0.0
2-3 дня,2026-08-14T16:48:33Z,2026-08-17T09:00:00Z,64.2,2.34,12.5,0.0,-10.16,10.16
2-3 дня,2026-08-14T16:48:33Z,2026-08-17T10:00:00Z,65.2,14.84,12.5,0.0,2.34,2.34
2-3 дня,2026-08-14T16:48:33Z,2026-08-17T11:00:00Z,66.2,22.66,12.5,0.0,10.16,10.16
2-3 дня,2026-08-14T16:48:33Z,2026-08-17T12:00:00Z,67.2,10.16,25.0,0.0,-14.84,14.84
2-3 дня,2026-08-14T16:48:33Z,2026-08-17T13:00:00Z,68.2,10.16,37.5,0.0,-27.34,27.34
2-3 дня,2026-08-14T16:48:33Z,2026-08-17T14:00:00Z,69.2,43.75,25.0,0.0,18.75,18.75
2-3 дня,2026-08-14T16:48:33Z,2026-08-17T15:00:00Z,70.2,88.28,0.0,0.0,88.28,88.28
2-3 дня,2026-08-14T16:48:33Z,2026-08-17T16:00:00Z,71.2,76.56,0.0,0.0,76.56,76.56
2-3 дня,2026-08-14T22:30:55Z,2026-08-17T06:00:00Z,55.5,0.0,0.0,0.0,0.0,0.0
2-3 дня,2026-08-14T22:30:55Z,2026-08-17T07:00:00Z,56.5,0.0,0.0,0.0,0.0,0.0
2-3 дня,2026-08-14T22:30:55Z,2026-08-17T08:00:00Z,57.5,0.0,0.0,0.0,0.0,0.0
2-3 дня,2026-08-14T22:30:55Z,2026-08-17T09:00:00Z,58.5,4.69,12.5,0.0,-7.81,7.81
2-3 дня,2026-08-14T22:30:55Z,2026-08-17T10:00:00Z,59.5,35.94,12.5,0.0,23.44,23.44
2-3 дня,2026-08-14T22:30:55Z,2026-08-17T11:00:00Z,60.5,65.62,12.5,0.0,53.12,53.12
2-3 дня,2026-08-14T22:30:55Z,2026-08-17T12:00:00Z,61.5,78.12,25.0,0.0,53.12,53.12
2-3 дня,2026-08-14T22:30:55Z,2026-08-17T13:00:00Z,62.5,43.75,37.5,0.0,6.25,6.25
2-3 дня,2026-08-14T22:30:55Z,2026-08-17T14:00:00Z,63.5,16.41,25.0,0.0,-8.59,8.59
2-3 дня,2026-08-14T22:30:55Z,2026-08-17T15:00:00Z,64.5,81.25,0.0,0.0,81.25,81.25
2-3 дня,2026-08-14T22:30:55Z,2026-08-17T16:00:00Z,65.5,83.59,0.0,0.0,83.59,83.59
2-3 дня,2026-08-14T22:30:55Z,2026-08-17T17:00:00Z,66.5,96.88,12.5,0.0,84.38,84.38
2-3 дня,2026-08-14T22:30:55Z,2026-08-17T18:00:00Z,67.5,100.0,37.5,0.0,62.5,62.5
2-3 дня,2026-08-15T04:24:15Z,2026-08-17T06:00:00Z,49.6,0.0,0.0,0.0,0.0,0.0
2-3 дня,2026-08-15T04:24:15Z,2026-08-17T07:00:00Z,50.6,0.0,0.0,0.0,0.0,0.0
2-3 дня,2026-08-15T04:24:15Z,2026-08-17T08:00:00Z,51.6,20.31,0.0,0.0,20.31,20.31
2-3 дня,2026-08-15T04:24:15Z,2026-08-17T09:00:00Z,52.6,25.0,12.5,0.0,12.5,12.5
2-3 дня,2026-08-15T04:24:15Z,2026-08-17T10:00:00Z,53.6,52.34,12.5,0.0,39.84,39.84
2-3 дня,2026-08-15T04:24:15Z,2026-08-17T11:00:00Z,54.6,92.19,12.5,0.0,79.69,79.69
2-3 дня,2026-08-15T04:24:15Z,2026-08-17T12:00:00Z,55.6,84.38,25.0,0.0,59.38,59.38
2-3 дня,2026-08-15T04:24:15Z,2026-08-17T13:00:00Z,56.6,46.88,37.5,0.0,9.38,9.38
2-3 дня,2026-08-15T04:24:15Z,2026-08-17T14:00:00Z,57.6,42.19,25.0,0.0,17.19,17.19
2-3 дня,2026-08-15T04:24:15Z,2026-08-17T15:00:00Z,58.6,49.22,0.0,0.0,49.22,49.22
2-3 дня,2026-08-15T04:24:15Z,2026-08-17T16:00:00Z,59.6,90.62,0.0,0.0,90.62,90.62
2-3 дня,2026-08-15T04:24:15Z,2026-08-17T17:00:00Z,60.6,100.0,12.5,0.0,87.5,87.5
2-3 дня,2026-08-15T04:24:15Z,2026-08-17T18:00:00Z,61.6,100.0,37.5,0.0,62.5,62.5
2-3 дня,2026-08-15T10:09:15Z,2026-08-17T11:00:00Z,48.8,35.94,12.5,0.0,23.44,23.44
2-3 дня,2026-08-15T10:09:15Z,2026-08-17T12:00:00Z,49.8,39.84,25.0,0.0,14.84,14.84
2-3 дня,2026-08-15T10:09:15Z,2026-08-17T13:00:00Z,50.8,47.66,37.5,0.0,10.16,10.16
2-3 дня,2026-08-15T10:09:15Z,2026-08-17T14:00:00Z,51.8,85.16,25.0,0.0,60.16,60.16
2-3 дня,2026-08-15T10:09:15Z,2026-08-17T15:00:00Z,52.8,84.38,0.0,0.0,84.38,84.38
2-3 дня,2026-08-15T10:09:15Z,2026-08-17T16:00:00Z,53.8,96.09,0.0,0.0,96.09,96.09
2-3 дня,2026-08-15T10:09:15Z,2026-08-17T17:00:00Z,54.8,94.53,12.5,0.0,82.03,82.03
2-3 дня,2026-08-15T10:09:15Z,2026-08-17T18:00:00Z,55.8,71.09,37.5,0.0,33.59,33.59
2-3 дня,2026-08-15T10:09:15Z,2026-08-18T06:00:00Z,67.8,1.56,100.0,0.0,-98.44,98.44
2-3 дня,2026-08-15T10:09:15Z,2026-08-18T07:00:00Z,68.8,0.0,87.5,0.0,-87.5,87.5
2-3 дня,2026-08-15T10:09:15Z,2026-08-18T08:00:00Z,69.8,0.0,75.0,0.0,-75.0,75.0
2-3 дня,2026-08-15T10:09:15Z,2026-08-18T09:00:00Z,70.8,0.0,50.0,12.5,-50.0,50.0
2-3 дня,2026-08-15T10:09:15Z,2026-08-18T10:00:00Z,71.8,14.84,37.5,12.5,-22.66,22.66
2-3 дня,2026-08-15T16:20:39Z,2026-08-17T17:00:00Z,48.7,96.88,12.5,0.0,84.38,84.38
2-3 дня,2026-08-15T16:20:39Z,2026-08-17T18:00:00Z,49.7,87.5,37.5,0.0,50.0,50.0
2-3 дня,2026-08-15T16:20:39Z,2026-08-18T06:00:00Z,61.7,8.59,100.0,0.0,-91.41,91.41
2-3 дня,2026-08-15T16:20:39Z,2026-08-18T07:00:00Z,62.7,6.25,87.5,0.0,-81.25,81.25
2-3 дня,2026-08-15T16:20:39Z,2026-08-18T08:00:00Z,63.7,0.0,75.0,0.0,-75.0,75.0
2-3 дня,2026-08-15T16:20:39Z,2026-08-18T09:00:00Z,64.7,0.78,50.0,12.5,-49.22,49.22
2-3 дня,2026-08-15T16:20:39Z,2026-08-18T10:00:00Z,65.7,0.78,37.5,12.5,-36.72,36.72
2-3 дня,2026-08-15T16:20:39Z,2026-08-18T11:00:00Z,66.7,0.0,50.0,12.5,-50.0,50.0
2-3 дня,2026-08-15T16:20:39Z,2026-08-18T12:00:00Z,67.7,26.56,75.0,25.0,-48.44,48.44
2-3 дня,2026-08-15T16:20:39Z,2026-08-18T13:00:00Z,68.7,7.03,75.0,37.5,-67.97,67.97
2-3 дня,2026-08-15T16:20:39Z,2026-08-18T14:00:00Z,69.7,14.06,62.5,25.0,-48.44,48.44
2-3 дня,2026-08-15T16:20:39Z,2026-08-18T15:00:00Z,70.7,13.28,25.0,0.0,-11.72,11.72
2-3 дня,2026-08-15T16:20:39Z,2026-08-18T16:00:00Z,71.7,62.5,37.5,0.0,25.0,25.0
2-3 дня,2026-08-15T22:29:33Z,2026-08-18T06:00:00Z,55.5,75.78,100.0,0.0,-24.22,24.22
2-3 дня,2026-08-15T22:29:33Z,2026-08-18T07:00:00Z,56.5,3.12,87.5,0.0,-84.38,84.38
2-3 дня,2026-08-15T22:29:33Z,2026-08-18T08:00:00Z,57.5,0.78,75.0,0.0,-74.22,74.22
2-3 дня,2026-08-15T22:29:33Z,2026-08-18T09:00:00Z,58.5,0.0,50.0,12.5,-50.0,50.0
2-3 дня,2026-08-15T22:29:33Z,2026-08-18T10:00:00Z,59.5,0.0,37.5,12.5,-37.5,37.5
2-3 дня,2026-08-15T22:29:33Z,2026-08-18T11:00:00Z,60.5,0.0,50.0,12.5,-50.0,50.0
2-3 дня,2026-08-15T22:29:33Z,2026-08-18T12:00:00Z,61.5,14.06,75.0,25.0,-60.94,60.94
2-3 дня,2026-08-15T22:29:33Z,2026-08-18T13:00:00Z,62.5,10.16,75.0,37.5,-64.84,64.84
2-3 дня,2026-08-15T22:29:33Z,2026-08-18T14:00:00Z,63.5,10.94,62.5,25.0,-51.56,51.56
2-3 дня,2026-08-15T22:29:33Z,2026-08-18T15:00:00Z,64.5,7.03,25.0,0.0,-17.97,17.97
2-3 дня,2026-08-15T22:29:33Z,2026-08-18T16:00:00Z,65.5,20.31,37.5,0.0,-17.19,17.19
2-3 дня,2026-08-15T22:29:33Z,2026-08-18T17:00:00Z,66.5,81.25,37.5,12.5,43.75,43.75
2-3 дня,2026-08-15T22:29:33Z,2026-08-18T18:00:00Z,67.5,79.69,75.0,37.5,4.69,4.69
2-3 дня,2026-08-16T04:29:41Z,2026-08-18T06:00:00Z,49.5,0.78,100.0,0.0,-99.22,99.22
2-3 дня,2026-08-16T04:29:41Z,2026-08-18T07:00:00Z,50.5,0.0,87.5,0.0,-87.5,87.5
2-3 дня,2026-08-16T04:29:41Z,2026-08-18T08:00:00Z,51.5,0.78,75.0,0.0,-74.22,74.22
2-3 дня,2026-08-16T04:29:41Z,2026-08-18T09:00:00Z,52.5,0.78,50.0,12.5,-49.22,49.22
2-3 дня,2026-08-16T04:29:41Z,2026-08-18T10:00:00Z,53.5,0.78,37.5,12.5,-36.72,36.72
2-3 дня,2026-08-16T04:29:41Z,2026-08-18T11:00:00Z,54.5,28.91,50.0,12.5,-21.09,21.09
2-3 дня,2026-08-16T04:29:41Z,2026-08-18T12:00:00Z,55.5,4.69,75.0,25.0,-70.31,70.31
2-3 дня,2026-08-16T04:29:41Z,2026-08-18T13:00:00Z,56.5,67.19,75.0,37.5,-7.81,7.81
2-3 дня,2026-08-16T04:29:41Z,2026-08-18T14:00:00Z,57.5,9.38,62.5,25.0,-53.12,53.12
2-3 дня,2026-08-16T04:29:41Z,2026-08-18T15:00:00Z,58.5,4.69,25.0,0.0,-20.31,20.31
2-3 дня,2026-08-16T04:29:41Z,2026-08-18T16:00:00Z,59.5,32.03,37.5,0.0,-5.47,5.47
2-3 дня,2026-08-16T04:29:41Z,2026-08-18T17:00:00Z,60.5,77.34,37.5,12.5,39.84,39.84
2-3 дня,2026-08-16T04:29:41Z,2026-08-18T18:00:00Z,61.5,95.31,75.0,37.5,20.31,20.31
2-3 дня,2026-08-16T07:21:44Z,2026-08-18T08:00:00Z,48.6,49.22,75.0,0.0,-25.78,25.78
2-3 дня,2026-08-16T07:21:44Z,2026-08-18T09:00:00Z,49.6,24.22,50.0,12.5,-25.78,25.78
2-3 дня,2026-08-16T07:21:44Z,2026-08-18T10:00:00Z,50.6,0.0,37.5,12.5,-37.5,37.5
2-3 дня,2026-08-16T07:21:44Z,2026-08-18T11:00:00Z,51.6,17.97,50.0,12.5,-32.03,32.03
2-3 дня,2026-08-16T07:21:44Z,2026-08-18T12:00:00Z,52.6,50.0,75.0,25.0,-25.0,25.0
2-3 дня,2026-08-16T07:21:44Z,2026-08-18T13:00:00Z,53.6,40.62,75.0,37.5,-34.38,34.38
2-3 дня,2026-08-16T07:21:44Z,2026-08-18T14:00:00Z,54.6,23.44,62.5,25.0,-39.06,39.06
2-3 дня,2026-08-16T07:21:44Z,2026-08-18T15:00:00Z,55.6,52.34,25.0,0.0,27.34,27.34
2-3 дня,2026-08-16T07:21:44Z,2026-08-18T16:00:00Z,56.6,1.56,37.5,0.0,-35.94,35.94
2-3 дня,2026-08-16T07:21:44Z,2026-08-18T17:00:00Z,57.6,3.12,37.5,12.5,-34.38,34.38
2-3 дня,2026-08-16T07:21:44Z,2026-08-18T18:00:00Z,58.6,18.75,75.0,37.5,-56.25,56.25
2-3 дня,2026-08-16T07:21:44Z,2026-08-19T06:00:00Z,70.6,3.91,87.5,100.0,-83.59,83.59
2-3 дня,2026-08-16T07:21:44Z,2026-08-19T07:00:00Z,71.6,3.12,87.5,87.5,-84.38,84.38
2-3 дня,2026-08-16T10:09:47Z,2026-08-18T11:00:00Z,48.8,17.97,50.0,12.5,-32.03,32.03
2-3 дня,2026-08-16T10:09:47Z,2026-08-18T12:00:00Z,49.8,50.0,75.0,25.0,-25.0,25.0
2-3 дня,2026-08-16T10:09:47Z,2026-08-18T13:00:00Z,50.8,40.62,75.0,37.5,-34.38,34.38
2-3 дня,2026-08-16T10:09:47Z,2026-08-18T14:00:00Z,51.8,23.44,62.5,25.0,-39.06,39.06
2-3 дня,2026-08-16T10:09:47Z,2026-08-18T15:00:00Z,52.8,52.34,25.0,0.0,27.34,27.34
2-3 дня,2026-08-16T10:09:47Z,2026-08-18T16:00:00Z,53.8,1.56,37.5,0.0,-35.94,35.94
2-3 дня,2026-08-16T10:09:47Z,2026-08-18T17:00:00Z,54.8,3.12,37.5,12.5,-34.38,34.38
2-3 дня,2026-08-16T10:09:47Z,2026-08-18T18:00:00Z,55.8,18.75,75.0,37.5,-56.25,56.25
2-3 дня,2026-08-16T10:09:47Z,2026-08-19T06:00:00Z,67.8,3.91,87.5,100.0,-83.59,83.59
2-3 дня,2026-08-16T10:09:47Z,2026-08-19T07:00:00Z,68.8,3.12,87.5,87.5,-84.38,84.38
2-3 дня,2026-08-16T10:09:47Z,2026-08-19T08:00:00Z,69.8,0.78,12.5,75.0,-11.72,11.72
2-3 дня,2026-08-16T10:09:47Z,2026-08-19T09:00:00Z,70.8,4.69,12.5,50.0,-7.81,7.81
2-3 дня,2026-08-16T10:09:47Z,2026-08-19T10:00:00Z,71.8,16.41,50.0,37.5,-33.59,33.59
2-3 дня,2026-08-16T16:21:00Z,2026-08-18T17:00:00Z,48.6,6.25,37.5,12.5,-31.25,31.25
2-3 дня,2026-08-16T16:21:00Z,2026-08-18T18:00:00Z,49.6,71.88,75.0,37.5,-3.12,3.12
2-3 дня,2026-08-16T16:21:00Z,2026-08-19T06:00:00Z,61.6,4.69,87.5,100.0,-82.81,82.81
2-3 дня,2026-08-16T16:21:00Z,2026-08-19T07:00:00Z,62.6,7.81,87.5,87.5,-79.69,79.69
2-3 дня,2026-08-16T16:21:00Z,2026-08-19T08:00:00Z,63.6,21.09,12.5,75.0,8.59,8.59
2-3 дня,2026-08-16T16:21:00Z,2026-08-19T09:00:00Z,64.7,48.44,12.5,50.0,35.94,35.94
2-3 дня,2026-08-16T16:21:00Z,2026-08-19T10:00:00Z,65.7,35.16,50.0,37.5,-14.84,14.84
2-3 дня,2026-08-16T16:21:00Z,2026-08-19T11:00:00Z,66.7,41.41,62.5,50.0,-21.09,21.09
2-3 дня,2026-08-16T16:21:00Z,2026-08-19T12:00:00Z,67.7,22.66,12.5,75.0,10.16,10.16
2-3 дня,2026-08-16T16:21:00Z,2026-08-19T13:00:00Z,68.7,21.09,0.0,75.0,21.09,21.09
2-3 дня,2026-08-16T16:21:00Z,2026-08-19T14:00:00Z,69.7,14.84,0.0,62.5,14.84,14.84
2-3 дня,2026-08-16T16:21:00Z,2026-08-19T15:00:00Z,70.7,35.94,0.0,25.0,35.94,35.94
2-3 дня,2026-08-16T16:21:00Z,2026-08-19T16:00:00Z,71.7,14.06,0.0,37.5,14.06,14.06
2-3 дня,2026-08-16T22:29:34Z,2026-08-19T06:00:00Z,55.5,7.03,87.5,100.0,-80.47,80.47
2-3 дня,2026-08-16T22:29:34Z,2026-08-19T07:00:00Z,56.5,6.25,87.5,87.5,-81.25,81.25
2-3 дня,2026-08-16T22:29:34Z,2026-08-19T08:00:00Z,57.5,6.25,12.5,75.0,-6.25,6.25
2-3 дня,2026-08-16T22:29:34Z,2026-08-19T09:00:00Z,58.5,11.72,12.5,50.0,-0.78,0.78
2-3 дня,2026-08-16T22:29:34Z,2026-08-19T10:00:00Z,59.5,7.81,50.0,37.5,-42.19,42.19
2-3 дня,2026-08-16T22:29:34Z,2026-08-19T11:00:00Z,60.5,0.78,62.5,50.0,-61.72,61.72
2-3 дня,2026-08-16T22:29:34Z,2026-08-19T12:00:00Z,61.5,12.5,12.5,75.0,0.0,0.0
2-3 дня,2026-08-16T22:29:34Z,2026-08-19T13:00:00Z,62.5,33.59,0.0,75.0,33.59,33.59
2-3 дня,2026-08-16T22:29:34Z,2026-08-19T14:00:00Z,63.5,10.16,0.0,62.5,10.16,10.16
2-3 дня,2026-08-16T22:29:34Z,2026-08-19T15:00:00Z,64.5,5.47,0.0,25.0,5.47,5.47
2-3 дня,2026-08-16T22:29:34Z,2026-08-19T16:00:00Z,65.5,3.91,0.0,37.5,3.91,3.91
2-3 дня,2026-08-16T22:29:34Z,2026-08-19T17:00:00Z,66.5,5.47,12.5,37.5,-7.03,7.03
2-3 дня,2026-08-16T22:29:34Z,2026-08-19T18:00:00Z,67.5,0.0,0.0,75.0,0.0,0.0
2-3 дня,2026-08-17T04:35:30Z,2026-08-19T06:00:00Z,49.4,92.19,87.5,100.0,4.69,4.69
2-3 дня,2026-08-17T04:35:30Z,2026-08-19T07:00:00Z,50.4,3.91,87.5,87.5,-83.59,83.59
2-3 дня,2026-08-17T04:35:30Z,2026-08-19T08:00:00Z,51.4,1.56,12.5,75.0,-10.94,10.94
2-3 дня,2026-08-17T04:35:30Z,2026-08-19T09:00:00Z,52.4,0.78,12.5,50.0,-11.72,11.72
2-3 дня,2026-08-17T04:35:30Z,2026-08-19T10:00:00Z,53.4,0.78,50.0,37.5,-49.22,49.22
2-3 дня,2026-08-17T04:35:30Z,2026-08-19T11:00:00Z,54.4,0.0,62.5,50.0,-62.5,62.5
2-3 дня,2026-08-17T04:35:30Z,2026-08-19T12:00:00Z,55.4,0.0,12.5,75.0,-12.5,12.5
2-3 дня,2026-08-17T04:35:30Z,2026-08-19T13:00:00Z,56.4,31.25,0.0,75.0,31.25,31.25
2-3 дня,2026-08-17T04:35:30Z,2026-08-19T14:00:00Z,57.4,3.12,0.0,62.5,3.12,3.12
2-3 дня,2026-08-17T04:35:30Z,2026-08-19T15:00:00Z,58.4,0.78,0.0,25.0,0.78,0.78
2-3 дня,2026-08-17T04:35:30Z,2026-08-19T16:00:00Z,59.4,2.34,0.0,37.5,2.34,2.34
2-3 дня,2026-08-17T04:35:30Z,2026-08-19T17:00:00Z,60.4,25.0,12.5,37.5,12.5,12.5
2-3 дня,2026-08-17T04:35:30Z,2026-08-19T18:00:00Z,61.4,10.94,0.0,75.0,10.94,10.94
2-3 дня,2026-08-17T10:18:11Z,2026-08-19T11:00:00Z,48.7,2.34,62.5,50.0,-60.16,60.16
2-3 дня,2026-08-17T10:18:11Z,2026-08-19T12:00:00Z,49.7,2.34,12.5,75.0,-10.16,10.16
2-3 дня,2026-08-17T10:18:11Z,2026-08-19T13:00:00Z,50.7,2.34,0.0,75.0,2.34,2.34
2-3 дня,2026-08-17T10:18:11Z,2026-08-19T14:00:00Z,51.7,3.12,0.0,62.5,3.12,3.12
2-3 дня,2026-08-17T10:18:11Z,2026-08-19T15:00:00Z,52.7,3.91,0.0,25.0,3.91,3.91
2-3 дня,2026-08-17T10:18:11Z,2026-08-19T16:00:00Z,53.7,1.56,0.0,37.5,1.56,1.56
2-3 дня,2026-08-17T10:18:11Z,2026-08-19T17:00:00Z,54.7,0.0,12.5,37.5,-12.5,12.5
2-3 дня,2026-08-17T10:18:11Z,2026-08-19T18:00:00Z,55.7,0.78,0.0,75.0,0.78,0.78
2-3 дня,2026-08-17T10:18:11Z,2026-08-20T06:00:00Z,67.7,34.38,12.5,87.5,21.88,21.88
2-3 дня,2026-08-17T10:18:11Z,2026-08-20T07:00:00Z,68.7,64.06,12.5,87.5,51.56,51.56
2-3 дня,2026-08-17T10:18:11Z,2026-08-20T08:00:00Z,69.7,66.41,37.5,12.5,28.91,28.91
2-3 дня,2026-08-17T10:18:11Z,2026-08-20T09:00:00Z,70.7,83.59,37.5,12.5,46.09,46.09
2-3 дня,2026-08-17T10:18:11Z,2026-08-20T10:00:00Z,71.7,72.66,12.5,50.0,60.16,60.16
2-3 дня,2026-08-17T16:23:45Z,2026-08-19T17:00:00Z,48.6,0.0,12.5,37.5,-12.5,12.5
2-3 дня,2026-08-17T16:23:45Z,2026-08-19T18:00:00Z,49.6,0.0,0.0,75.0,0.0,0.0
2-3 дня,2026-08-17T16:23:45Z,2026-08-20T06:00:00Z,61.6,20.31,12.5,87.5,7.81,7.81
2-3 дня,2026-08-17T16:23:45Z,2026-08-20T07:00:00Z,62.6,30.47,12.5,87.5,17.97,17.97
2-3 дня,2026-08-17T16:23:45Z,2026-08-20T08:00:00Z,63.6,63.28,37.5,12.5,25.78,25.78
2-3 дня,2026-08-17T16:23:45Z,2026-08-20T09:00:00Z,64.6,55.47,37.5,12.5,17.97,17.97
2-3 дня,2026-08-17T16:23:45Z,2026-08-20T10:00:00Z,65.6,58.59,12.5,50.0,46.09,46.09
2-3 дня,2026-08-17T16:23:45Z,2026-08-20T11:00:00Z,66.6,60.16,25.0,62.5,35.16,35.16
2-3 дня,2026-08-17T16:23:45Z,2026-08-20T12:00:00Z,67.6,52.34,12.5,12.5,39.84,39.84
2-3 дня,2026-08-17T16:23:45Z,2026-08-20T13:00:00Z,68.6,46.88,25.0,0.0,21.88,21.88
2-3 дня,2026-08-17T16:23:45Z,2026-08-20T14:00:00Z,69.6,50.78,12.5,0.0,38.28,38.28
2-3 дня,2026-08-17T16:23:45Z,2026-08-20T15:00:00Z,70.6,47.66,0.0,0.0,47.66,47.66
2-3 дня,2026-08-17T16:23:45Z,2026-08-20T16:00:00Z,71.6,32.03,12.5,0.0,19.53,19.53
2-3 дня,2026-08-17T22:31:28Z,2026-08-20T06:00:00Z,55.5,19.53,12.5,87.5,7.03,7.03
2-3 дня,2026-08-17T22:31:28Z,2026-08-20T07:00:00Z,56.5,44.53,12.5,87.5,32.03,32.03
2-3 дня,2026-08-17T22:31:28Z,2026-08-20T08:00:00Z,57.5,47.66,37.5,12.5,10.16,10.16
2-3 дня,2026-08-17T22:31:28Z,2026-08-20T09:00:00Z,58.5,35.16,37.5,12.5,-2.34,2.34
2-3 дня,2026-08-17T22:31:28Z,2026-08-20T10:00:00Z,59.5,40.62,12.5,50.0,28.12,28.12
2-3 дня,2026-08-17T22:31:28Z,2026-08-20T11:00:00Z,60.5,58.59,25.0,62.5,33.59,33.59
2-3 дня,2026-08-17T22:31:28Z,2026-08-20T12:00:00Z,61.5,35.94,12.5,12.5,23.44,23.44
2-3 дня,2026-08-17T22:31:28Z,2026-08-20T13:00:00Z,62.5,33.59,25.0,0.0,8.59,8.59
2-3 дня,2026-08-17T22:31:28Z,2026-08-20T14:00:00Z,63.5,39.06,12.5,0.0,26.56,26.56
2-3 дня,2026-08-17T22:31:28Z,2026-08-20T15:00:00Z,64.5,31.25,0.0,0.0,31.25,31.25
2-3 дня,2026-08-17T22:31:28Z,2026-08-20T16:00:00Z,65.5,11.72,12.5,0.0,-0.78,0.78
2-3 дня,2026-08-17T22:31:28Z,2026-08-20T17:00:00Z,66.5,28.91,0.0,12.5,28.91,28.91
2-3 дня,2026-08-17T22:31:28Z,2026-08-20T18:00:00Z,67.5,10.94,0.0,0.0,10.94,10.94
2-3 дня,2026-08-18T04:30:05Z,2026-08-20T06:00:00Z,49.5,2.34,12.5,87.5,-10.16,10.16
2-3 дня,2026-08-18T04:30:05Z,2026-08-20T07:00:00Z,50.5,14.84,12.5,87.5,2.34,2.34
2-3 дня,2026-08-18T04:30:05Z,2026-08-20T08:00:00Z,51.5,18.75,37.5,12.5,-18.75,18.75
2-3 дня,2026-08-18T04:30:05Z,2026-08-20T09:00:00Z,52.5,3.12,37.5,12.5,-34.38,34.38
2-3 дня,2026-08-18T04:30:05Z,2026-08-20T10:00:00Z,53.5,1.56,12.5,50.0,-10.94,10.94
2-3 дня,2026-08-18T04:30:05Z,2026-08-20T11:00:00Z,54.5,4.69,25.0,62.5,-20.31,20.31
2-3 дня,2026-08-18T04:30:05Z,2026-08-20T12:00:00Z,55.5,17.97,12.5,12.5,5.47,5.47
2-3 дня,2026-08-18T04:30:05Z,2026-08-20T13:00:00Z,56.5,57.81,25.0,0.0,32.81,32.81
2-3 дня,2026-08-18T04:30:05Z,2026-08-20T14:00:00Z,57.5,60.94,12.5,0.0,48.44,48.44
2-3 дня,2026-08-18T04:30:05Z,2026-08-20T15:00:00Z,58.5,39.06,0.0,0.0,39.06,39.06
2-3 дня,2026-08-18T04:30:05Z,2026-08-20T16:00:00Z,59.5,19.53,12.5,0.0,7.03,7.03
2-3 дня,2026-08-18T04:30:05Z,2026-08-20T17:00:00Z,60.5,25.0,0.0,12.5,25.0,25.0
2-3 дня,2026-08-18T04:30:05Z,2026-08-20T18:00:00Z,61.5,9.38,0.0,0.0,9.38,9.38
2-3 дня,2026-08-18T10:14:55Z,2026-08-20T11:00:00Z,48.8,49.22,25.0,62.5,24.22,24.22
2-3 дня,2026-08-18T10:14:55Z,2026-08-20T12:00:00Z,49.8,19.53,12.5,12.5,7.03,7.03
2-3 дня,2026-08-18T10:14:55Z,2026-08-20T13:00:00Z,50.8,34.38,25.0,0.0,9.38,9.38
2-3 дня,2026-08-18T10:14:55Z,2026-08-20T14:00:00Z,51.8,56.25,12.5,0.0,43.75,43.75
2-3 дня,2026-08-18T10:14:55Z,2026-08-20T15:00:00Z,52.8,51.56,0.0,0.0,51.56,51.56
2-3 дня,2026-08-18T10:14:55Z,2026-08-20T16:00:00Z,53.8,45.31,12.5,0.0,32.81,32.81
2-3 дня,2026-08-18T10:14:55Z,2026-08-20T17:00:00Z,54.8,32.03,0.0,12.5,32.03,32.03
2-3 дня,2026-08-18T10:14:55Z,2026-08-20T18:00:00Z,55.8,7.81,0.0,0.0,7.81,7.81
2-3 дня,2026-08-18T10:14:55Z,2026-08-21T06:00:00Z,67.8,3.91,25.0,12.5,-21.09,21.09
2-3 дня,2026-08-18T10:14:55Z,2026-08-21T07:00:00Z,68.8,0.0,25.0,12.5,-25.0,25.0
2-3 дня,2026-08-18T10:14:55Z,2026-08-21T08:00:00Z,69.8,0.0,25.0,37.5,-25.0,25.0
2-3 дня,2026-08-18T10:14:55Z,2026-08-21T09:00:00Z,70.8,0.0,37.5,37.5,-37.5,37.5
2-3 дня,2026-08-18T10:14:55Z,2026-08-21T10:00:00Z,71.8,0.78,37.5,12.5,-36.72,36.72
2-3 дня,2026-08-18T16:27:50Z,2026-08-20T17:00:00Z,48.5,8.59,0.0,12.5,8.59,8.59
2-3 дня,2026-08-18T16:27:50Z,2026-08-20T18:00:00Z,49.5,16.41,0.0,0.0,16.41,16.41
2-3 дня,2026-08-18T16:27:50Z,2026-08-21T06:00:00Z,61.5,17.19,25.0,12.5,-7.81,7.81
2-3 дня,2026-08-18T16:27:50Z,2026-08-21T07:00:00Z,62.5,48.44,25.0,12.5,23.44,23.44
2-3 дня,2026-08-18T16:27:50Z,2026-08-21T08:00:00Z,63.5,52.34,25.0,37.5,27.34,27.34
2-3 дня,2026-08-18T16:27:50Z,2026-08-21T09:00:00Z,64.5,21.09,37.5,37.5,-16.41,16.41
2-3 дня,2026-08-18T16:27:50Z,2026-08-21T10:00:00Z,65.5,14.84,37.5,12.5,-22.66,22.66
2-3 дня,2026-08-18T16:27:50Z,2026-08-21T11:00:00Z,66.5,8.59,50.0,25.0,-41.41,41.41
2-3 дня,2026-08-18T16:27:50Z,2026-08-21T12:00:00Z,67.5,8.59,50.0,12.5,-41.41,41.41
2-3 дня,2026-08-18T16:27:50Z,2026-08-21T13:00:00Z,68.5,52.34,12.5,25.0,39.84,39.84
2-3 дня,2026-08-18T22:31:39Z,2026-08-21T06:00:00Z,55.5,0.0,25.0,12.5,-25.0,25.0
2-3 дня,2026-08-18T22:31:39Z,2026-08-21T07:00:00Z,56.5,0.0,25.0,12.5,-25.0,25.0
2-3 дня,2026-08-18T22:31:39Z,2026-08-21T08:00:00Z,57.5,0.0,25.0,37.5,-25.0,25.0
2-3 дня,2026-08-18T22:31:39Z,2026-08-21T09:00:00Z,58.5,0.78,37.5,37.5,-36.72,36.72
2-3 дня,2026-08-18T22:31:39Z,2026-08-21T10:00:00Z,59.5,1.56,37.5,12.5,-35.94,35.94
2-3 дня,2026-08-18T22:31:39Z,2026-08-21T11:00:00Z,60.5,0.78,50.0,25.0,-49.22,49.22
2-3 дня,2026-08-18T22:31:39Z,2026-08-21T12:00:00Z,61.5,0.0,50.0,12.5,-50.0,50.0
2-3 дня,2026-08-18T22:31:39Z,2026-08-21T13:00:00Z,62.5,5.47,12.5,25.0,-7.03,7.03
2-3 дня,2026-08-19T04:31:14Z,2026-08-21T06:00:00Z,49.5,3.12,25.0,12.5,-21.88,21.88
2-3 дня,2026-08-19T04:31:14Z,2026-08-21T07:00:00Z,50.5,7.81,25.0,12.5,-17.19,17.19
2-3 дня,2026-08-19T04:31:14Z,2026-08-21T08:00:00Z,51.5,0.0,25.0,37.5,-25.0,25.0
2-3 дня,2026-08-19T04:31:14Z,2026-08-21T09:00:00Z,52.5,3.12,37.5,37.5,-34.38,34.38
2-3 дня,2026-08-19T04:31:14Z,2026-08-21T10:00:00Z,53.5,3.91,37.5,12.5,-33.59,33.59
2-3 дня,2026-08-19T04:31:14Z,2026-08-21T11:00:00Z,54.5,3.12,50.0,25.0,-46.88,46.88
2-3 дня,2026-08-19T04:31:14Z,2026-08-21T12:00:00Z,55.5,3.12,50.0,12.5,-46.88,46.88
2-3 дня,2026-08-19T04:31:14Z,2026-08-21T13:00:00Z,56.5,14.06,12.5,25.0,1.56,1.56
2-3 дня,2026-08-19T10:14:48Z,2026-08-21T11:00:00Z,48.8,50.0,50.0,25.0,0.0,0.0
2-3 дня,2026-08-19T10:14:48Z,2026-08-21T12:00:00Z,49.8,21.88,50.0,12.5,-28.12,28.12
2-3 дня,2026-08-19T10:14:48Z,2026-08-21T13:00:00Z,50.8,3.91,12.5,25.0,-8.59,8.59
2-3 дня,2026-08-19T10:14:48Z,2026-08-22T06:00:00Z,67.8,1.56,12.5,25.0,-10.94,10.94
2-3 дня,2026-08-19T10:14:48Z,2026-08-22T07:00:00Z,68.8,9.38,25.0,25.0,-15.62,15.62
2-3 дня,2026-08-19T10:14:48Z,2026-08-22T08:00:00Z,69.8,0.0,37.5,25.0,-37.5,37.5
2-3 дня,2026-08-19T10:14:48Z,2026-08-22T09:00:00Z,70.8,0.0,37.5,37.5,-37.5,37.5
2-3 дня,2026-08-19T10:14:48Z,2026-08-22T10:00:00Z,71.8,0.0,37.5,37.5,-37.5,37.5
2-3 дня,2026-08-19T16:28:17Z,2026-08-22T06:00:00Z,61.5,10.16,12.5,25.0,-2.34,2.34
2-3 дня,2026-08-19T16:28:17Z,2026-08-22T07:00:00Z,62.5,0.0,25.0,25.0,-25.0,25.0
2-3 дня,2026-08-19T16:28:17Z,2026-08-22T08:00:00Z,63.5,0.78,37.5,25.0,-36.72,36.72
2-3 дня,2026-08-19T16:28:17Z,2026-08-22T09:00:00Z,64.5,0.0,37.5,37.5,-37.5,37.5
2-3 дня,2026-08-19T16:28:17Z,2026-08-22T10:00:00Z,65.5,0.78,37.5,37.5,-36.72,36.72
2-3 дня,2026-08-19T16:28:17Z,2026-08-22T11:00:00Z,66.5,2.34,37.5,50.0,-35.16,35.16
2-3 дня,2026-08-19T16:28:17Z,2026-08-22T12:00:00Z,67.5,3.91,25.0,50.0,-21.09,21.09
2-3 дня,2026-08-19T16:28:17Z,2026-08-22T13:00:00Z,68.5,3.91,25.0,12.5,-21.09,21.09
2-3 дня,2026-08-20T04:31:56Z,2026-08-22T06:00:00Z,49.5,0.0,12.5,25.0,-12.5,12.5
2-3 дня,2026-08-20T04:31:56Z,2026-08-22T07:00:00Z,50.5,0.0,25.0,25.0,-25.0,25.0
2-3 дня,2026-08-20T04:31:56Z,2026-08-22T08:00:00Z,51.5,1.56,37.5,25.0,-35.94,35.94
2-3 дня,2026-08-20T04:31:56Z,2026-08-22T09:00:00Z,52.5,28.12,37.5,37.5,-9.38,9.38
2-3 дня,2026-08-20T04:31:56Z,2026-08-22T10:00:00Z,53.5,2.34,37.5,37.5,-35.16,35.16
2-3 дня,2026-08-20T04:31:56Z,2026-08-22T11:00:00Z,54.5,3.12,37.5,50.0,-34.38,34.38
2-3 дня,2026-08-20T04:31:56Z,2026-08-22T12:00:00Z,55.5,1.56,25.0,50.0,-23.44,23.44
2-3 дня,2026-08-20T04:31:56Z,2026-08-22T13:00:00Z,56.5,3.12,25.0,12.5,-21.88,21.88
2-3 дня,2026-08-20T10:16:10Z,2026-08-22T11:00:00Z,48.7,10.16,37.5,50.0,-27.34,27.34
2-3 дня,2026-08-20T10:16:10Z,2026-08-22T12:00:00Z,49.7,17.19,25.0,50.0,-7.81,7.81
2-3 дня,2026-08-20T10:16:10Z,2026-08-22T13:00:00Z,50.7,5.47,25.0,12.5,-19.53,19.53
2-3 дня,2026-08-20T10:16:10Z,2026-08-23T06:00:00Z,67.7,100.0,87.5,12.5,12.5,12.5
2-3 дня,2026-08-20T10:16:10Z,2026-08-23T07:00:00Z,68.7,75.0,87.5,25.0,-12.5,12.5
2-3 дня,2026-08-20T10:16:10Z,2026-08-23T08:00:00Z,69.7,5.47,87.5,37.5,-82.03,82.03
2-3 дня,2026-08-20T10:16:10Z,2026-08-23T09:00:00Z,70.7,5.47,87.5,37.5,-82.03,82.03
2-3 дня,2026-08-20T10:16:10Z,2026-08-23T10:00:00Z,71.7,3.12,62.5,37.5,-59.38,59.38
2-3 дня,2026-08-20T16:31:45Z,2026-08-23T06:00:00Z,61.5,96.09,87.5,12.5,8.59,8.59
2-3 дня,2026-08-20T16:31:45Z,2026-08-23T07:00:00Z,62.5,74.22,87.5,25.0,-13.28,13.28
2-3 дня,2026-08-20T16:31:45Z,2026-08-23T08:00:00Z,63.5,22.66,87.5,37.5,-64.84,64.84
2-3 дня,2026-08-20T16:31:45Z,2026-08-23T09:00:00Z,64.5,7.03,87.5,37.5,-80.47,80.47
2-3 дня,2026-08-20T16:31:45Z,2026-08-23T10:00:00Z,65.5,1.56,62.5,37.5,-60.94,60.94
2-3 дня,2026-08-20T16:31:45Z,2026-08-23T11:00:00Z,66.5,4.69,75.0,37.5,-70.31,70.31
2-3 дня,2026-08-20T16:31:45Z,2026-08-23T12:00:00Z,67.5,3.12,75.0,25.0,-71.88,71.88
2-3 дня,2026-08-20T16:31:45Z,2026-08-23T13:00:00Z,68.5,3.91,50.0,25.0,-46.09,46.09
2-3 дня,2026-08-20T22:34:58Z,2026-08-23T06:00:00Z,55.4,100.0,87.5,12.5,12.5,12.5
2-3 дня,2026-08-20T22:34:58Z,2026-08-23T07:00:00Z,56.4,100.0,87.5,25.0,12.5,12.5
2-3 дня,2026-08-20T22:34:58Z,2026-08-23T08:00:00Z,57.4,100.0,87.5,37.5,12.5,12.5
2-3 дня,2026-08-20T22:34:58Z,2026-08-23T09:00:00Z,58.4,98.44,87.5,37.5,10.94,10.94
2-3 дня,2026-08-20T22:34:58Z,2026-08-23T10:00:00Z,59.4,10.16,62.5,37.5,-52.34,52.34
2-3 дня,2026-08-20T22:34:58Z,2026-08-23T11:00:00Z,60.4,6.25,75.0,37.5,-68.75,68.75
2-3 дня,2026-08-20T22:34:58Z,2026-08-23T12:00:00Z,61.4,3.91,75.0,25.0,-71.09,71.09
2-3 дня,2026-08-20T22:34:58Z,2026-08-23T13:00:00Z,62.4,1.56,50.0,25.0,-48.44,48.44
2-3 дня,2026-08-21T04:32:20Z,2026-08-23T06:00:00Z,49.5,56.25,87.5,12.5,-31.25,31.25
2-3 дня,2026-08-21T04:32:20Z,2026-08-23T07:00:00Z,50.5,29.69,87.5,25.0,-57.81,57.81
2-3 дня,2026-08-21T04:32:20Z,2026-08-23T08:00:00Z,51.5,36.72,87.5,37.5,-50.78,50.78
2-3 дня,2026-08-21T04:32:20Z,2026-08-23T09:00:00Z,52.5,25.0,87.5,37.5,-62.5,62.5
2-3 дня,2026-08-21T04:32:20Z,2026-08-23T10:00:00Z,53.5,3.91,62.5,37.5,-58.59,58.59
2-3 дня,2026-08-21T04:32:20Z,2026-08-23T11:00:00Z,54.5,2.34,75.0,37.5,-72.66,72.66
2-3 дня,2026-08-21T04:32:20Z,2026-08-23T12:00:00Z,55.5,12.5,75.0,25.0,-62.5,62.5
2-3 дня,2026-08-21T04:32:20Z,2026-08-23T13:00:00Z,56.5,2.34,50.0,25.0,-47.66,47.66
2-3 дня,2026-08-21T10:16:50Z,2026-08-23T11:00:00Z,48.7,3.12,75.0,37.5,-71.88,71.88
2-3 дня,2026-08-21T10:16:50Z,2026-08-23T12:00:00Z,49.7,6.25,75.0,25.0,-68.75,68.75
2-3 дня,2026-08-21T10:16:50Z,2026-08-23T13:00:00Z,50.7,9.38,50.0,25.0,-40.62,40.62
3-5 дней,2026-08-06T11:44:08Z,2026-08-09T12:00:00Z,72.3,0.0,12.5,12.5,-12.5,12.5
3-5 дней,2026-08-06T11:44:08Z,2026-08-09T13:00:00Z,73.3,0.0,12.5,12.5,-12.5,12.5
3-5 дней,2026-08-06T11:44:08Z,2026-08-09T14:00:00Z,74.3,0.0,0.0,12.5,0.0,0.0
3-5 дней,2026-08-06T11:44:08Z,2026-08-09T15:00:00Z,75.3,0.0,0.0,12.5,0.0,0.0
3-5 дней,2026-08-06T11:44:08Z,2026-08-09T16:00:00Z,76.3,0.0,0.0,0.0,0.0,0.0
3-5 дней,2026-08-06T11:44:08Z,2026-08-09T17:00:00Z,77.3,0.0,0.0,0.0,0.0,0.0
3-5 дней,2026-08-06T11:44:08Z,2026-08-09T18:00:00Z,78.3,0.0,0.0,0.0,0.0,0.0
3-5 дней,2026-08-06T11:44:08Z,2026-08-10T06:00:00Z,90.3,0.0,0.0,0.0,0.0,0.0
3-5 дней,2026-08-06T11:44:08Z,2026-08-10T07:00:00Z,91.3,0.0,0.0,0.0,0.0,0.0
3-5 дней,2026-08-06T11:44:08Z,2026-08-10T08:00:00Z,92.3,0.0,0.0,0.0,0.0,0.0
3-5 дней,2026-08-06T11:44:08Z,2026-08-10T09:00:00Z,93.3,0.0,0.0,0.0,0.0,0.0
3-5 дней,2026-08-06T11:44:08Z,2026-08-10T10:00:00Z,94.3,0.0,0.0,0.0,0.0,0.0
3-5 дней,2026-08-06T11:44:08Z,2026-08-10T11:00:00Z,95.3,0.0,12.5,0.0,-12.5,12.5
3-5 дней,2026-08-06T11:44:08Z,2026-08-10T12:00:00Z,96.3,0.0,0.0,12.5,0.0,0.0
3-5 дней,2026-08-06T11:44:08Z,2026-08-10T13:00:00Z,97.3,0.0,0.0,12.5,0.0,0.0
3-5 дней,2026-08-06T11:44:08Z,2026-08-10T14:00:00Z,98.3,0.0,0.0,0.0,0.0,0.0
3-5 дней,2026-08-06T11:44:08Z,2026-08-10T15:00:00Z,99.3,0.0,0.0,0.0,0.0,0.0
3-5 дней,2026-08-06T11:44:08Z,2026-08-10T16:00:00Z,100.3,0.0,0.0,0.0,0.0,0.0
3-5 дней,2026-08-06T11:44:08Z,2026-08-10T17:00:00Z,101.3,0.0,0.0,0.0,0.0,0.0
3-5 дней,2026-08-06T11:44:08Z,2026-08-10T18:00:00Z,102.3,0.0,0.0,0.0,0.0,0.0
3-5 дней,2026-08-06T11:44:08Z,2026-08-11T06:00:00Z,114.3,0.0,0.0,0.0,0.0,0.0
3-5 дней,2026-08-06T11:44:08Z,2026-08-11T07:00:00Z,115.3,0.0,0.0,0.0,0.0,0.0
3-5 дней,2026-08-06T11:44:08Z,2026-08-11T08:00:00Z,116.3,0.0,0.0,0.0,0.0,0.0
3-5 дней,2026-08-06T11:44:08Z,2026-08-11T09:00:00Z,117.3,0.0,0.0,0.0,0.0,0.0
3-5 дней,2026-08-06T11:44:08Z,2026-08-11T10:00:00Z,118.3,0.0,0.0,0.0,0.0,0.0
3-5 дней,2026-08-07T01:31:32Z,2026-08-10T06:00:00Z,76.5,0.0,0.0,0.0,0.0,0.0
3-5 дней,2026-08-07T01:31:32Z,2026-08-10T07:00:00Z,77.5,0.0,0.0,0.0,0.0,0.0
3-5 дней,2026-08-07T01:31:32Z,2026-08-10T08:00:00Z,78.5,0.0,0.0,0.0,0.0,0.0
3-5 дней,2026-08-07T01:31:32Z,2026-08-10T09:00:00Z,79.5,0.0,0.0,0.0,0.0,0.0
3-5 дней,2026-08-07T01:31:32Z,2026-08-10T10:00:00Z,80.5,0.0,0.0,0.0,0.0,0.0
3-5 дней,2026-08-07T01:31:32Z,2026-08-10T11:00:00Z,81.5,0.0,12.5,0.0,-12.5,12.5
3-5 дней,2026-08-07T01:31:32Z,2026-08-10T12:00:00Z,82.5,0.0,0.0,12.5,0.0,0.0
3-5 дней,2026-08-07T01:31:32Z,2026-08-10T13:00:00Z,83.5,0.0,0.0,12.5,0.0,0.0
3-5 дней,2026-08-07T01:31:32Z,2026-08-10T14:00:00Z,84.5,0.0,0.0,0.0,0.0,0.0
3-5 дней,2026-08-07T01:31:32Z,2026-08-10T15:00:00Z,85.5,0.0,0.0,0.0,0.0,0.0
3-5 дней,2026-08-07T01:31:32Z,2026-08-10T16:00:00Z,86.5,0.0,0.0,0.0,0.0,0.0
3-5 дней,2026-08-07T01:31:32Z,2026-08-10T17:00:00Z,87.5,0.0,0.0,0.0,0.0,0.0
3-5 дней,2026-08-07T01:31:32Z,2026-08-10T18:00:00Z,88.5,0.0,0.0,0.0,0.0,0.0
3-5 дней,2026-08-07T01:31:32Z,2026-08-11T06:00:00Z,100.5,0.78,0.0,0.0,0.78,0.78
3-5 дней,2026-08-07T01:31:32Z,2026-08-11T07:00:00Z,101.5,0.78,0.0,0.0,0.78,0.78
3-5 дней,2026-08-07T01:31:32Z,2026-08-11T08:00:00Z,102.5,0.0,0.0,0.0,0.0,0.0
3-5 дней,2026-08-07T01:31:32Z,2026-08-11T09:00:00Z,103.5,0.0,0.0,0.0,0.0,0.0
3-5 дней,2026-08-07T01:31:32Z,2026-08-11T10:00:00Z,104.5,0.0,0.0,0.0,0.0,0.0
3-5 дней,2026-08-07T01:31:32Z,2026-08-11T11:00:00Z,105.5,3.12,0.0,12.5,3.12,3.12
3-5 дней,2026-08-07T01:31:32Z,2026-08-11T12:00:00Z,106.5,3.12,0.0,0.0,3.12,3.12
3-5 дней,2026-08-07T01:31:32Z,2026-08-11T13:00:00Z,107.5,3.12,0.0,0.0,3.12,3.12
3-5 дней,2026-08-07T01:31:32Z,2026-08-11T14:00:00Z,108.5,33.59,0.0,0.0,33.59,33.59
3-5 дней,2026-08-07T01:31:32Z,2026-08-11T15:00:00Z,109.5,33.59,0.0,0.0,33.59,33.59
3-5 дней,2026-08-07T01:31:32Z,2026-08-11T16:00:00Z,110.5,33.59,0.0,0.0,33.59,33.59
3-5 дней,2026-08-07T01:31:32Z,2026-08-11T17:00:00Z,111.5,10.94,0.0,0.0,10.94,10.94
3-5 дней,2026-08-07T01:31:32Z,2026-08-11T18:00:00Z,112.5,10.94,0.0,0.0,10.94,10.94
3-5 дней,2026-08-07T05:36:00Z,2026-08-10T06:00:00Z,72.4,0.0,0.0,0.0,0.0,0.0
3-5 дней,2026-08-07T05:36:00Z,2026-08-10T07:00:00Z,73.4,0.0,0.0,0.0,0.0,0.0
3-5 дней,2026-08-07T05:36:00Z,2026-08-10T08:00:00Z,74.4,0.0,0.0,0.0,0.0,0.0
3-5 дней,2026-08-07T05:36:00Z,2026-08-10T09:00:00Z,75.4,0.0,0.0,0.0,0.0,0.0
3-5 дней,2026-08-07T05:36:00Z,2026-08-10T10:00:00Z,76.4,0.0,0.0,0.0,0.0,0.0
3-5 дней,2026-08-07T05:36:00Z,2026-08-10T11:00:00Z,77.4,0.0,12.5,0.0,-12.5,12.5
3-5 дней,2026-08-07T05:36:00Z,2026-08-10T12:00:00Z,78.4,0.0,0.0,12.5,0.0,0.0
3-5 дней,2026-08-07T05:36:00Z,2026-08-10T13:00:00Z,79.4,0.0,0.0,12.5,0.0,0.0
3-5 дней,2026-08-07T05:36:00Z,2026-08-10T14:00:00Z,80.4,0.0,0.0,0.0,0.0,0.0
3-5 дней,2026-08-07T05:36:00Z,2026-08-10T15:00:00Z,81.4,0.0,0.0,0.0,0.0,0.0
3-5 дней,2026-08-07T05:36:00Z,2026-08-10T16:00:00Z,82.4,0.0,0.0,0.0,0.0,0.0
3-5 дней,2026-08-07T05:36:00Z,2026-08-10T17:00:00Z,83.4,0.0,0.0,0.0,0.0,0.0
3-5 дней,2026-08-07T05:36:00Z,2026-08-10T18:00:00Z,84.4,0.0,0.0,0.0,0.0,0.0
3-5 дней,2026-08-07T05:36:00Z,2026-08-11T06:00:00Z,96.4,0.78,0.0,0.0,0.78,0.78
3-5 дней,2026-08-07T05:36:00Z,2026-08-11T07:00:00Z,97.4,0.78,0.0,0.0,0.78,0.78
3-5 дней,2026-08-07T05:36:00Z,2026-08-11T08:00:00Z,98.4,0.0,0.0,0.0,0.0,0.0
3-5 дней,2026-08-07T05:36:00Z,2026-08-11T09:00:00Z,99.4,0.0,0.0,0.0,0.0,0.0
3-5 дней,2026-08-07T05:36:00Z,2026-08-11T10:00:00Z,100.4,0.0,0.0,0.0,0.0,0.0
3-5 дней,2026-08-07T05:36:00Z,2026-08-11T11:00:00Z,101.4,3.12,0.0,12.5,3.12,3.12
3-5 дней,2026-08-07T05:36:00Z,2026-08-11T12:00:00Z,102.4,3.12,0.0,0.0,3.12,3.12
3-5 дней,2026-08-07T05:36:00Z,2026-08-11T13:00:00Z,103.4,3.12,0.0,0.0,3.12,3.12
3-5 дней,2026-08-07T05:36:00Z,2026-08-11T14:00:00Z,104.4,33.59,0.0,0.0,33.59,33.59
3-5 дней,2026-08-07T05:36:00Z,2026-08-11T15:00:00Z,105.4,33.59,0.0,0.0,33.59,33.59
3-5 дней,2026-08-07T05:36:00Z,2026-08-11T16:00:00Z,106.4,33.59,0.0,0.0,33.59,33.59
3-5 дней,2026-08-07T05:36:00Z,2026-08-11T17:00:00Z,107.4,10.94,0.0,0.0,10.94,10.94
3-5 дней,2026-08-07T05:36:00Z,2026-08-11T18:00:00Z,108.4,10.94,0.0,0.0,10.94,10.94
3-5 дней,2026-08-07T06:18:59Z,2026-08-10T07:00:00Z,72.7,0.0,0.0,0.0,0.0,0.0
3-5 дней,2026-08-07T06:18:59Z,2026-08-10T08:00:00Z,73.7,0.0,0.0,0.0,0.0,0.0
3-5 дней,2026-08-07T06:18:59Z,2026-08-10T09:00:00Z,74.7,0.0,0.0,0.0,0.0,0.0
3-5 дней,2026-08-07T06:18:59Z,2026-08-10T10:00:00Z,75.7,0.0,0.0,0.0,0.0,0.0
3-5 дней,2026-08-07T06:18:59Z,2026-08-10T11:00:00Z,76.7,0.0,12.5,0.0,-12.5,12.5
3-5 дней,2026-08-07T06:18:59Z,2026-08-10T12:00:00Z,77.7,0.0,0.0,12.5,0.0,0.0
3-5 дней,2026-08-07T06:18:59Z,2026-08-10T13:00:00Z,78.7,0.0,0.0,12.5,0.0,0.0
3-5 дней,2026-08-07T06:18:59Z,2026-08-10T14:00:00Z,79.7,0.0,0.0,0.0,0.0,0.0
3-5 дней,2026-08-07T06:18:59Z,2026-08-10T15:00:00Z,80.7,0.0,0.0,0.0,0.0,0.0
3-5 дней,2026-08-07T06:18:59Z,2026-08-10T16:00:00Z,81.7,0.0,0.0,0.0,0.0,0.0
3-5 дней,2026-08-07T06:18:59Z,2026-08-10T17:00:00Z,82.7,0.0,0.0,0.0,0.0,0.0
3-5 дней,2026-08-07T06:18:59Z,2026-08-10T18:00:00Z,83.7,0.0,0.0,0.0,0.0,0.0
3-5 дней,2026-08-07T06:18:59Z,2026-08-11T06:00:00Z,95.7,0.78,0.0,0.0,0.78,0.78
3-5 дней,2026-08-07T06:18:59Z,2026-08-11T07:00:00Z,96.7,0.78,0.0,0.0,0.78,0.78
3-5 дней,2026-08-07T06:18:59Z,2026-08-11T08:00:00Z,97.7,0.0,0.0,0.0,0.0,0.0
3-5 дней,2026-08-07T06:18:59Z,2026-08-11T09:00:00Z,98.7,0.0,0.0,0.0,0.0,0.0
3-5 дней,2026-08-07T06:18:59Z,2026-08-11T10:00:00Z,99.7,0.0,0.0,0.0,0.0,0.0
3-5 дней,2026-08-07T06:18:59Z,2026-08-11T11:00:00Z,100.7,3.12,0.0,12.5,3.12,3.12
3-5 дней,2026-08-07T06:18:59Z,2026-08-11T12:00:00Z,101.7,3.12,0.0,0.0,3.12,3.12
3-5 дней,2026-08-07T06:18:59Z,2026-08-11T13:00:00Z,102.7,3.12,0.0,0.0,3.12,3.12
3-5 дней,2026-08-07T06:18:59Z,2026-08-11T14:00:00Z,103.7,33.59,0.0,0.0,33.59,33.59
3-5 дней,2026-08-07T06:18:59Z,2026-08-11T15:00:00Z,104.7,33.59,0.0,0.0,33.59,33.59
3-5 дней,2026-08-07T06:18:59Z,2026-08-11T16:00:00Z,105.7,33.59,0.0,0.0,33.59,33.59
3-5 дней,2026-08-07T06:18:59Z,2026-08-11T17:00:00Z,106.7,10.94,0.0,0.0,10.94,10.94
3-5 дней,2026-08-07T06:18:59Z,2026-08-11T18:00:00Z,107.7,10.94,0.0,0.0,10.94,10.94
3-5 дней,2026-08-07T07:13:52Z,2026-08-10T08:00:00Z,72.8,0.0,0.0,0.0,0.0,0.0
3-5 дней,2026-08-07T07:13:52Z,2026-08-10T09:00:00Z,73.8,0.0,0.0,0.0,0.0,0.0
3-5 дней,2026-08-07T07:13:52Z,2026-08-10T10:00:00Z,74.8,0.0,0.0,0.0,0.0,0.0
3-5 дней,2026-08-07T07:13:52Z,2026-08-10T11:00:00Z,75.8,0.0,12.5,0.0,-12.5,12.5
3-5 дней,2026-08-07T07:13:52Z,2026-08-10T12:00:00Z,76.8,0.0,0.0,12.5,0.0,0.0
3-5 дней,2026-08-07T07:13:52Z,2026-08-10T13:00:00Z,77.8,0.0,0.0,12.5,0.0,0.0
3-5 дней,2026-08-07T07:13:52Z,2026-08-10T14:00:00Z,78.8,0.0,0.0,0.0,0.0,0.0
3-5 дней,2026-08-07T07:13:52Z,2026-08-10T15:00:00Z,79.8,0.0,0.0,0.0,0.0,0.0
3-5 дней,2026-08-07T07:13:52Z,2026-08-10T16:00:00Z,80.8,0.0,0.0,0.0,0.0,0.0
3-5 дней,2026-08-07T07:13:52Z,2026-08-10T17:00:00Z,81.8,0.0,0.0,0.0,0.0,0.0
3-5 дней,2026-08-07T07:13:52Z,2026-08-10T18:00:00Z,82.8,0.0,0.0,0.0,0.0,0.0
3-5 дней,2026-08-07T07:13:52Z,2026-08-11T06:00:00Z,94.8,0.0,0.0,0.0,0.0,0.0
3-5 дней,2026-08-07T07:13:52Z,2026-08-11T07:00:00Z,95.8,0.0,0.0,0.0,0.0,0.0
3-5 дней,2026-08-07T07:13:52Z,2026-08-11T08:00:00Z,96.8,0.0,0.0,0.0,0.0,0.0
3-5 дней,2026-08-07T07:13:52Z,2026-08-11T09:00:00Z,97.8,0.0,0.0,0.0,0.0,0.0
3-5 дней,2026-08-07T07:13:52Z,2026-08-11T10:00:00Z,98.8,0.0,0.0,0.0,0.0,0.0
3-5 дней,2026-08-07T07:13:52Z,2026-08-11T11:00:00Z,99.8,0.0,0.0,12.5,0.0,0.0
3-5 дней,2026-08-07T07:13:52Z,2026-08-11T12:00:00Z,100.8,0.0,0.0,0.0,0.0,0.0
3-5 дней,2026-08-07T07:13:52Z,2026-08-11T13:00:00Z,101.8,0.0,0.0,0.0,0.0,0.0
3-5 дней,2026-08-07T07:13:52Z,2026-08-11T14:00:00Z,102.8,0.0,0.0,0.0,0.0,0.0
3-5 дней,2026-08-07T07:13:52Z,2026-08-11T15:00:00Z,103.8,0.0,0.0,0.0,0.0,0.0
3-5 дней,2026-08-07T07:13:52Z,2026-08-11T16:00:00Z,104.8,0.0,0.0,0.0,0.0,0.0
3-5 дней,2026-08-07T07:13:52Z,2026-08-11T17:00:00Z,105.8,0.0,0.0,0.0,0.0,0.0
3-5 дней,2026-08-07T07:13:52Z,2026-08-11T18:00:00Z,106.8,0.0,0.0,0.0,0.0,0.0
3-5 дней,2026-08-07T07:13:52Z,2026-08-12T06:00:00Z,118.8,5.47,75.0,0.0,-69.53,69.53
3-5 дней,2026-08-07T10:39:14Z,2026-08-10T11:00:00Z,72.3,0.0,12.5,0.0,-12.5,12.5
3-5 дней,2026-08-07T10:39:14Z,2026-08-10T12:00:00Z,73.3,0.0,0.0,12.5,0.0,0.0
3-5 дней,2026-08-07T10:39:14Z,2026-08-10T13:00:00Z,74.3,0.0,0.0,12.5,0.0,0.0
3-5 дней,2026-08-07T10:39:14Z,2026-08-10T14:00:00Z,75.3,0.0,0.0,0.0,0.0,0.0
3-5 дней,2026-08-07T10:39:14Z,2026-08-10T15:00:00Z,76.3,0.0,0.0,0.0,0.0,0.0
3-5 дней,2026-08-07T10:39:14Z,2026-08-10T16:00:00Z,77.3,0.0,0.0,0.0,0.0,0.0
3-5 дней,2026-08-07T10:39:14Z,2026-08-10T17:00:00Z,78.3,0.0,0.0,0.0,0.0,0.0
3-5 дней,2026-08-07T10:39:14Z,2026-08-10T18:00:00Z,79.3,0.0,0.0,0.0,0.0,0.0
3-5 дней,2026-08-07T10:39:14Z,2026-08-11T06:00:00Z,91.3,0.0,0.0,0.0,0.0,0.0
3-5 дней,2026-08-07T10:39:14Z,2026-08-11T07:00:00Z,92.3,0.0,0.0,0.0,0.0,0.0
3-5 дней,2026-08-07T10:39:14Z,2026-08-11T08:00:00Z,93.3,0.0,0.0,0.0,0.0,0.0
3-5 дней,2026-08-07T10:39:14Z,2026-08-11T09:00:00Z,94.3,0.0,0.0,0.0,0.0,0.0
3-5 дней,2026-08-07T10:39:14Z,2026-08-11T10:00:00Z,95.3,0.0,0.0,0.0,0.0,0.0
3-5 дней,2026-08-07T10:39:14Z,2026-08-11T11:00:00Z,96.3,0.0,0.0,12.5,0.0,0.0
3-5 дней,2026-08-07T10:39:14Z,2026-08-11T12:00:00Z,97.3,0.0,0.0,0.0,0.0,0.0
3-5 дней,2026-08-07T10:39:14Z,2026-08-11T13:00:00Z,98.3,0.0,0.0,0.0,0.0,0.0
3-5 дней,2026-08-07T10:39:14Z,2026-08-11T14:00:00Z,99.3,0.0,0.0,0.0,0.0,0.0
3-5 дней,2026-08-07T10:39:14Z,2026-08-11T15:00:00Z,100.3,0.0,0.0,0.0,0.0,0.0
3-5 дней,2026-08-07T10:39:14Z,2026-08-11T16:00:00Z,101.3,0.0,0.0,0.0,0.0,0.0
3-5 дней,2026-08-07T10:39:14Z,2026-08-11T17:00:00Z,102.3,0.0,0.0,0.0,0.0,0.0
3-5 дней,2026-08-07T10:39:14Z,2026-08-11T18:00:00Z,103.3,0.0,0.0,0.0,0.0,0.0
3-5 дней,2026-08-07T10:39:14Z,2026-08-12T06:00:00Z,115.3,5.47,75.0,0.0,-69.53,69.53
3-5 дней,2026-08-07T10:39:14Z,2026-08-12T07:00:00Z,116.3,5.47,75.0,0.0,-69.53,69.53
3-5 дней,2026-08-07T10:39:14Z,2026-08-12T08:00:00Z,117.3,14.84,50.0,0.0,-35.16,35.16
3-5 дней,2026-08-07T10:39:14Z,2026-08-12T09:00:00Z,118.3,14.84,25.0,0.0,-10.16,10.16
3-5 дней,2026-08-07T16:51:54Z,2026-08-10T17:00:00Z,72.1,0.0,0.0,0.0,0.0,0.0
3-5 дней,2026-08-07T16:51:54Z,2026-08-10T18:00:00Z,73.1,0.0,0.0,0.0,0.0,0.0
3-5 дней,2026-08-07T16:51:54Z,2026-08-11T06:00:00Z,85.1,0.0,0.0,0.0,0.0,0.0
3-5 дней,2026-08-07T16:51:54Z,2026-08-11T07:00:00Z,86.1,0.0,0.0,0.0,0.0,0.0
3-5 дней,2026-08-07T16:51:54Z,2026-08-11T08:00:00Z,87.1,0.0,0.0,0.0,0.0,0.0
3-5 дней,2026-08-07T16:51:54Z,2026-08-11T09:00:00Z,88.1,0.0,0.0,0.0,0.0,0.0
3-5 дней,2026-08-07T16:51:54Z,2026-08-11T10:00:00Z,89.1,0.0,0.0,0.0,0.0,0.0
3-5 дней,2026-08-07T16:51:54Z,2026-08-11T11:00:00Z,90.1,0.0,0.0,12.5,0.0,0.0
3-5 дней,2026-08-07T16:51:54Z,2026-08-11T12:00:00Z,91.1,0.0,0.0,0.0,0.0,0.0
3-5 дней,2026-08-07T16:51:54Z,2026-08-11T13:00:00Z,92.1,0.0,0.0,0.0,0.0,0.0
3-5 дней,2026-08-07T16:51:54Z,2026-08-11T14:00:00Z,93.1,0.0,0.0,0.0,0.0,0.0
3-5 дней,2026-08-07T16:51:54Z,2026-08-11T15:00:00Z,94.1,0.0,0.0,0.0,0.0,0.0
3-5 дней,2026-08-07T16:51:54Z,2026-08-11T16:00:00Z,95.1,0.0,0.0,0.0,0.0,0.0
3-5 дней,2026-08-07T16:51:54Z,2026-08-11T17:00:00Z,96.1,0.0,0.0,0.0,0.0,0.0
3-5 дней,2026-08-07T16:51:54Z,2026-08-11T18:00:00Z,97.1,0.0,0.0,0.0,0.0,0.0
3-5 дней,2026-08-07T16:51:54Z,2026-08-12T06:00:00Z,109.1,5.47,75.0,0.0,-69.53,69.53
3-5 дней,2026-08-07T16:51:54Z,2026-08-12T07:00:00Z,110.1,5.47,75.0,0.0,-69.53,69.53
3-5 дней,2026-08-07T16:51:54Z,2026-08-12T08:00:00Z,111.1,14.84,50.0,0.0,-35.16,35.16
3-5 дней,2026-08-07T16:51:54Z,2026-08-12T09:00:00Z,112.1,14.84,25.0,0.0,-10.16,10.16
3-5 дней,2026-08-07T16:51:54Z,2026-08-12T10:00:00Z,113.1,14.84,25.0,0.0,-10.16,10.16
3-5 дней,2026-08-07T16:51:54Z,2026-08-12T11:00:00Z,114.1,1.56,12.5,0.0,-10.94,10.94
3-5 дней,2026-08-07T16:51:54Z,2026-08-12T12:00:00Z,115.1,1.56,12.5,0.0,-10.94,10.94
3-5 дней,2026-08-07T16:51:54Z,2026-08-12T13:00:00Z,116.1,1.56,0.0,0.0,1.56,1.56
3-5 дней,2026-08-07T16:51:54Z,2026-08-12T14:00:00Z,117.1,0.0,0.0,0.0,0.0,0.0
3-5 дней,2026-08-07T16:51:54Z,2026-08-12T15:00:00Z,118.1,0.0,0.0,0.0,0.0,0.0
3-5 дней,2026-08-07T22:45:57Z,2026-08-11T06:00:00Z,79.2,0.0,0.0,0.0,0.0,0.0
3-5 дней,2026-08-07T22:45:57Z,2026-08-11T07:00:00Z,80.2,0.0,0.0,0.0,0.0,0.0
3-5 дней,2026-08-07T22:45:57Z,2026-08-11T08:00:00Z,81.2,0.0,0.0,0.0,0.0,0.0
3-5 дней,2026-08-07T22:45:57Z,2026-08-11T09:00:00Z,82.2,0.0,0.0,0.0,0.0,0.0
3-5 дней,2026-08-07T22:45:57Z,2026-08-11T10:00:00Z,83.2,0.0,0.0,0.0,0.0,0.0
3-5 дней,2026-08-07T22:45:57Z,2026-08-11T11:00:00Z,84.2,0.0,0.0,12.5,0.0,0.0
3-5 дней,2026-08-07T22:45:57Z,2026-08-11T12:00:00Z,85.2,0.0,0.0,0.0,0.0,0.0
3-5 дней,2026-08-07T22:45:57Z,2026-08-11T13:00:00Z,86.2,0.0,0.0,0.0,0.0,0.0
3-5 дней,2026-08-07T22:45:57Z,2026-08-11T14:00:00Z,87.2,64.06,0.0,0.0,64.06,64.06
3-5 дней,2026-08-07T22:45:57Z,2026-08-11T15:00:00Z,88.2,64.06,0.0,0.0,64.06,64.06
3-5 дней,2026-08-07T22:45:57Z,2026-08-11T16:00:00Z,89.2,64.06,0.0,0.0,64.06,64.06
3-5 дней,2026-08-07T22:45:57Z,2026-08-11T17:00:00Z,90.2,61.72,0.0,0.0,61.72,61.72
3-5 дней,2026-08-07T22:45:57Z,2026-08-11T18:00:00Z,91.2,61.72,0.0,0.0,61.72,61.72
3-5 дней,2026-08-07T22:45:57Z,2026-08-12T06:00:00Z,103.2,4.69,75.0,0.0,-70.31,70.31
3-5 дней,2026-08-07T22:45:57Z,2026-08-12T07:00:00Z,104.2,4.69,75.0,0.0,-70.31,70.31
3-5 дней,2026-08-07T22:45:57Z,2026-08-12T08:00:00Z,105.2,0.78,50.0,0.0,-49.22,49.22
3-5 дней,2026-08-07T22:45:57Z,2026-08-12T09:00:00Z,106.2,0.78,25.0,0.0,-24.22,24.22
3-5 дней,2026-08-07T22:45:57Z,2026-08-12T10:00:00Z,107.2,0.78,25.0,0.0,-24.22,24.22
3-5 дней,2026-08-07T22:45:57Z,2026-08-12T11:00:00Z,108.2,0.0,12.5,0.0,-12.5,12.5
3-5 дней,2026-08-07T22:45:57Z,2026-08-12T12:00:00Z,109.2,0.0,12.5,0.0,-12.5,12.5
3-5 дней,2026-08-07T22:45:57Z,2026-08-12T13:00:00Z,110.2,0.0,0.0,0.0,0.0,0.0
3-5 дней,2026-08-07T22:45:57Z,2026-08-12T14:00:00Z,111.2,0.0,0.0,0.0,0.0,0.0
3-5 дней,2026-08-07T22:45:57Z,2026-08-12T15:00:00Z,112.2,0.0,0.0,0.0,0.0,0.0
3-5 дней,2026-08-07T22:45:57Z,2026-08-12T16:00:00Z,113.2,0.0,0.0,0.0,0.0,0.0
3-5 дней,2026-08-07T22:45:57Z,2026-08-12T17:00:00Z,114.2,0.0,0.0,0.0,0.0,0.0
3-5 дней,2026-08-07T22:45:57Z,2026-08-12T18:00:00Z,115.2,0.0,0.0,0.0,0.0,0.0
3-5 дней,2026-08-07T23:19:23Z,2026-08-11T06:00:00Z,78.7,0.0,0.0,0.0,0.0,0.0
3-5 дней,2026-08-07T23:19:23Z,2026-08-11T07:00:00Z,79.7,0.0,0.0,0.0,0.0,0.0
3-5 дней,2026-08-07T23:19:23Z,2026-08-11T08:00:00Z,80.7,0.0,0.0,0.0,0.0,0.0
3-5 дней,2026-08-07T23:19:23Z,2026-08-11T09:00:00Z,81.7,0.0,0.0,0.0,0.0,0.0
3-5 дней,2026-08-07T23:19:23Z,2026-08-11T10:00:00Z,82.7,0.0,0.0,0.0,0.0,0.0
3-5 дней,2026-08-07T23:19:23Z,2026-08-11T11:00:00Z,83.7,0.0,0.0,12.5,0.0,0.0
3-5 дней,2026-08-07T23:19:23Z,2026-08-11T12:00:00Z,84.7,0.0,0.0,0.0,0.0,0.0
3-5 дней,2026-08-07T23:19:23Z,2026-08-11T13:00:00Z,85.7,0.0,0.0,0.0,0.0,0.0
3-5 дней,2026-08-07T23:19:23Z,2026-08-11T14:00:00Z,86.7,64.06,0.0,0.0,64.06,64.06
3-5 дней,2026-08-07T23:19:23Z,2026-08-11T15:00:00Z,87.7,64.06,0.0,0.0,64.06,64.06
3-5 дней,2026-08-07T23:19:23Z,2026-08-11T16:00:00Z,88.7,64.06,0.0,0.0,64.06,64.06
3-5 дней,2026-08-07T23:19:23Z,2026-08-11T17:00:00Z,89.7,61.72,0.0,0.0,61.72,61.72
3-5 дней,2026-08-07T23:19:23Z,2026-08-11T18:00:00Z,90.7,61.72,0.0,0.0,61.72,61.72
3-5 дней,2026-08-07T23:19:23Z,2026-08-12T06:00:00Z,102.7,4.69,75.0,0.0,-70.31,70.31
3-5 дней,2026-08-07T23:19:23Z,2026-08-12T07:00:00Z,103.7,4.69,75.0,0.0,-70.31,70.31
3-5 дней,2026-08-07T23:19:23Z,2026-08-12T08:00:00Z,104.7,0.78,50.0,0.0,-49.22,49.22
3-5 дней,2026-08-07T23:19:23Z,2026-08-12T09:00:00Z,105.7,0.78,25.0,0.0,-24.22,24.22
3-5 дней,2026-08-07T23:19:23Z,2026-08-12T10:00:00Z,106.7,0.78,25.0,0.0,-24.22,24.22
3-5 дней,2026-08-07T23:19:23Z,2026-08-12T11:00:00Z,107.7,0.0,12.5,0.0,-12.5,12.5
3-5 дней,2026-08-07T23:19:23Z,2026-08-12T12:00:00Z,108.7,0.0,12.5,0.0,-12.5,12.5
3-5 дней,2026-08-07T23:19:23Z,2026-08-12T13:00:00Z,109.7,0.0,0.0,0.0,0.0,0.0
3-5 дней,2026-08-07T23:19:23Z,2026-08-12T14:00:00Z,110.7,0.0,0.0,0.0,0.0,0.0
3-5 дней,2026-08-07T23:19:23Z,2026-08-12T15:00:00Z,111.7,0.0,0.0,0.0,0.0,0.0
3-5 дней,2026-08-07T23:19:23Z,2026-08-12T16:00:00Z,112.7,0.0,0.0,0.0,0.0,0.0
3-5 дней,2026-08-07T23:19:23Z,2026-08-12T17:00:00Z,113.7,0.0,0.0,0.0,0.0,0.0
3-5 дней,2026-08-07T23:19:23Z,2026-08-12T18:00:00Z,114.7,0.0,0.0,0.0,0.0,0.0
3-5 дней,2026-08-08T04:50:53Z,2026-08-11T06:00:00Z,73.2,0.0,0.0,0.0,0.0,0.0
3-5 дней,2026-08-08T04:50:53Z,2026-08-11T07:00:00Z,74.2,0.0,0.0,0.0,0.0,0.0
3-5 дней,2026-08-08T04:50:53Z,2026-08-11T08:00:00Z,75.2,0.0,0.0,0.0,0.0,0.0
3-5 дней,2026-08-08T04:50:53Z,2026-08-11T09:00:00Z,76.2,0.0,0.0,0.0,0.0,0.0
3-5 дней,2026-08-08T04:50:53Z,2026-08-11T10:00:00Z,77.2,0.0,0.0,0.0,0.0,0.0
3-5 дней,2026-08-08T04:50:53Z,2026-08-11T11:00:00Z,78.2,0.0,0.0,12.5,0.0,0.0
3-5 дней,2026-08-08T04:50:53Z,2026-08-11T12:00:00Z,79.2,0.0,0.0,0.0,0.0,0.0
3-5 дней,2026-08-08T04:50:53Z,2026-08-11T13:00:00Z,80.2,0.0,0.0,0.0,0.0,0.0
3-5 дней,2026-08-08T04:50:53Z,2026-08-11T14:00:00Z,81.2,64.06,0.0,0.0,64.06,64.06
3-5 дней,2026-08-08T04:50:53Z,2026-08-11T15:00:00Z,82.2,64.06,0.0,0.0,64.06,64.06
3-5 дней,2026-08-08T04:50:53Z,2026-08-11T16:00:00Z,83.2,64.06,0.0,0.0,64.06,64.06
3-5 дней,2026-08-08T04:50:53Z,2026-08-11T17:00:00Z,84.2,61.72,0.0,0.0,61.72,61.72
3-5 дней,2026-08-08T04:50:53Z,2026-08-11T18:00:00Z,85.2,61.72,0.0,0.0,61.72,61.72
3-5 дней,2026-08-08T04:50:53Z,2026-08-12T06:00:00Z,97.2,4.69,75.0,0.0,-70.31,70.31
3-5 дней,2026-08-08T04:50:53Z,2026-08-12T07:00:00Z,98.2,4.69,75.0,0.0,-70.31,70.31
3-5 дней,2026-08-08T04:50:53Z,2026-08-12T08:00:00Z,99.2,0.78,50.0,0.0,-49.22,49.22
3-5 дней,2026-08-08T04:50:53Z,2026-08-12T09:00:00Z,100.2,0.78,25.0,0.0,-24.22,24.22
3-5 дней,2026-08-08T04:50:53Z,2026-08-12T10:00:00Z,101.2,0.78,25.0,0.0,-24.22,24.22
3-5 дней,2026-08-08T04:50:53Z,2026-08-12T11:00:00Z,102.2,0.0,12.5,0.0,-12.5,12.5
3-5 дней,2026-08-08T04:50:53Z,2026-08-12T12:00:00Z,103.2,0.0,12.5,0.0,-12.5,12.5
3-5 дней,2026-08-08T04:50:53Z,2026-08-12T13:00:00Z,104.2,0.0,0.0,0.0,0.0,0.0
3-5 дней,2026-08-08T04:50:53Z,2026-08-12T14:00:00Z,105.2,0.0,0.0,0.0,0.0,0.0
3-5 дней,2026-08-08T04:50:53Z,2026-08-12T15:00:00Z,106.2,0.0,0.0,0.0,0.0,0.0
3-5 дней,2026-08-08T04:50:53Z,2026-08-12T16:00:00Z,107.2,0.0,0.0,0.0,0.0,0.0
3-5 дней,2026-08-08T04:50:53Z,2026-08-12T17:00:00Z,108.2,0.0,0.0,0.0,0.0,0.0
3-5 дней,2026-08-08T04:50:53Z,2026-08-12T18:00:00Z,109.2,0.0,0.0,0.0,0.0,0.0
3-5 дней,2026-08-08T10:18:13Z,2026-08-11T11:00:00Z,72.7,0.0,0.0,12.5,0.0,0.0
3-5 дней,2026-08-08T10:18:13Z,2026-08-11T12:00:00Z,73.7,0.0,0.0,0.0,0.0,0.0
3-5 дней,2026-08-08T10:18:13Z,2026-08-11T13:00:00Z,74.7,0.0,0.0,0.0,0.0,0.0
3-5 дней,2026-08-08T10:18:13Z,2026-08-11T14:00:00Z,75.7,0.78,0.0,0.0,0.78,0.78
3-5 дней,2026-08-08T10:18:13Z,2026-08-11T15:00:00Z,76.7,19.53,0.0,0.0,19.53,19.53
3-5 дней,2026-08-08T10:18:13Z,2026-08-11T16:00:00Z,77.7,36.72,0.0,0.0,36.72,36.72
3-5 дней,2026-08-08T10:18:13Z,2026-08-11T17:00:00Z,78.7,39.84,0.0,0.0,39.84,39.84
3-5 дней,2026-08-08T10:18:13Z,2026-08-11T18:00:00Z,79.7,34.38,0.0,0.0,34.38,34.38
3-5 дней,2026-08-08T10:18:13Z,2026-08-12T06:00:00Z,91.7,2.34,75.0,0.0,-72.66,72.66
3-5 дней,2026-08-08T10:18:13Z,2026-08-12T07:00:00Z,92.7,2.34,75.0,0.0,-72.66,72.66
3-5 дней,2026-08-08T10:18:13Z,2026-08-12T08:00:00Z,93.7,1.56,50.0,0.0,-48.44,48.44
3-5 дней,2026-08-08T10:18:13Z,2026-08-12T09:00:00Z,94.7,1.56,25.0,0.0,-23.44,23.44
3-5 дней,2026-08-08T10:18:13Z,2026-08-12T10:00:00Z,95.7,1.56,25.0,0.0,-23.44,23.44
3-5 дней,2026-08-08T10:18:13Z,2026-08-12T11:00:00Z,96.7,0.0,12.5,0.0,-12.5,12.5
3-5 дней,2026-08-08T10:18:13Z,2026-08-12T12:00:00Z,97.7,0.0,12.5,0.0,-12.5,12.5
3-5 дней,2026-08-08T10:18:13Z,2026-08-12T13:00:00Z,98.7,0.0,0.0,0.0,0.0,0.0
3-5 дней,2026-08-08T10:18:13Z,2026-08-12T14:00:00Z,99.7,0.0,0.0,0.0,0.0,0.0
3-5 дней,2026-08-08T10:18:13Z,2026-08-12T15:00:00Z,100.7,0.0,0.0,0.0,0.0,0.0
3-5 дней,2026-08-08T10:18:13Z,2026-08-12T16:00:00Z,101.7,0.0,0.0,0.0,0.0,0.0
3-5 дней,2026-08-08T10:18:13Z,2026-08-12T17:00:00Z,102.7,0.0,0.0,0.0,0.0,0.0
3-5 дней,2026-08-08T10:18:13Z,2026-08-12T18:00:00Z,103.7,0.0,0.0,0.0,0.0,0.0
3-5 дней,2026-08-08T10:18:13Z,2026-08-13T06:00:00Z,115.7,0.0,0.0,75.0,0.0,0.0
3-5 дней,2026-08-08T10:18:13Z,2026-08-13T07:00:00Z,116.7,0.0,0.0,75.0,0.0,0.0
3-5 дней,2026-08-08T10:18:13Z,2026-08-13T08:00:00Z,117.7,0.0,0.0,50.0,0.0,0.0
3-5 дней,2026-08-08T10:18:13Z,2026-08-13T09:00:00Z,118.7,0.0,0.0,25.0,0.0,0.0
3-5 дней,2026-08-08T22:37:20Z,2026-08-12T06:00:00Z,79.4,0.0,75.0,0.0,-75.0,75.0
3-5 дней,2026-08-08T22:37:20Z,2026-08-12T07:00:00Z,80.4,0.0,75.0,0.0,-75.0,75.0
3-5 дней,2026-08-08T22:37:20Z,2026-08-12T08:00:00Z,81.4,0.78,50.0,0.0,-49.22,49.22
3-5 дней,2026-08-08T22:37:20Z,2026-08-12T09:00:00Z,82.4,0.78,25.0,0.0,-24.22,24.22
3-5 дней,2026-08-08T22:37:20Z,2026-08-12T10:00:00Z,83.4,0.78,25.0,0.0,-24.22,24.22
3-5 дней,2026-08-08T22:37:20Z,2026-08-12T11:00:00Z,84.4,0.0,12.5,0.0,-12.5,12.5
3-5 дней,2026-08-08T22:37:20Z,2026-08-12T12:00:00Z,85.4,0.0,12.5,0.0,-12.5,12.5
3-5 дней,2026-08-08T22:37:20Z,2026-08-12T13:00:00Z,86.4,0.0,0.0,0.0,0.0,0.0
3-5 дней,2026-08-08T22:37:20Z,2026-08-12T14:00:00Z,87.4,0.0,0.0,0.0,0.0,0.0
3-5 дней,2026-08-08T22:37:20Z,2026-08-12T15:00:00Z,88.4,0.0,0.0,0.0,0.0,0.0
3-5 дней,2026-08-08T22:37:20Z,2026-08-12T16:00:00Z,89.4,0.0,0.0,0.0,0.0,0.0
3-5 дней,2026-08-08T22:37:20Z,2026-08-12T17:00:00Z,90.4,0.0,0.0,0.0,0.0,0.0
3-5 дней,2026-08-08T22:37:20Z,2026-08-12T18:00:00Z,91.4,0.0,0.0,0.0,0.0,0.0
3-5 дней,2026-08-08T22:37:20Z,2026-08-13T06:00:00Z,103.4,0.0,0.0,75.0,0.0,0.0
3-5 дней,2026-08-08T22:37:20Z,2026-08-13T07:00:00Z,104.4,0.0,0.0,75.0,0.0,0.0
3-5 дней,2026-08-08T22:37:20Z,2026-08-13T08:00:00Z,105.4,0.0,0.0,50.0,0.0,0.0
3-5 дней,2026-08-08T22:37:20Z,2026-08-13T09:00:00Z,106.4,0.0,0.0,25.0,0.0,0.0
3-5 дней,2026-08-08T22:37:20Z,2026-08-13T10:00:00Z,107.4,0.0,0.0,25.0,0.0,0.0
3-5 дней,2026-08-08T22:37:20Z,2026-08-13T11:00:00Z,108.4,0.0,0.0,12.5,0.0,0.0
3-5 дней,2026-08-08T22:37:20Z,2026-08-13T12:00:00Z,109.4,0.0,0.0,12.5,0.0,0.0
3-5 дней,2026-08-08T22:37:20Z,2026-08-13T13:00:00Z,110.4,0.0,0.0,0.0,0.0,0.0
3-5 дней,2026-08-08T22:37:20Z,2026-08-13T14:00:00Z,111.4,0.0,0.0,0.0,0.0,0.0
3-5 дней,2026-08-08T22:37:20Z,2026-08-13T15:00:00Z,112.4,0.0,0.0,0.0,0.0,0.0
3-5 дней,2026-08-08T22:37:20Z,2026-08-13T16:00:00Z,113.4,0.0,0.0,0.0,0.0,0.0
3-5 дней,2026-08-08T22:37:20Z,2026-08-13T17:00:00Z,114.4,0.0,0.0,0.0,0.0,0.0
3-5 дней,2026-08-08T22:37:20Z,2026-08-13T18:00:00Z,115.4,0.0,0.0,0.0,0.0,0.0
3-5 дней,2026-08-09T04:59:03Z,2026-08-12T06:00:00Z,73.0,0.78,75.0,0.0,-74.22,74.22
3-5 дней,2026-08-09T04:59:03Z,2026-08-12T07:00:00Z,74.0,1.56,75.0,0.0,-73.44,73.44
3-5 дней,2026-08-09T04:59:03Z,2026-08-12T08:00:00Z,75.0,6.25,50.0,0.0,-43.75,43.75
3-5 дней,2026-08-09T04:59:03Z,2026-08-12T09:00:00Z,76.0,3.91,25.0,0.0,-21.09,21.09
3-5 дней,2026-08-09T04:59:03Z,2026-08-12T10:00:00Z,77.0,0.78,25.0,0.0,-24.22,24.22
3-5 дней,2026-08-09T04:59:03Z,2026-08-12T11:00:00Z,78.0,0.0,12.5,0.0,-12.5,12.5
3-5 дней,2026-08-09T04:59:03Z,2026-08-12T12:00:00Z,79.0,0.0,12.5,0.0,-12.5,12.5
3-5 дней,2026-08-09T04:59:03Z,2026-08-12T13:00:00Z,80.0,0.0,0.0,0.0,0.0,0.0
3-5 дней,2026-08-09T04:59:03Z,2026-08-12T14:00:00Z,81.0,0.0,0.0,0.0,0.0,0.0
3-5 дней,2026-08-09T04:59:03Z,2026-08-12T15:00:00Z,82.0,0.0,0.0,0.0,0.0,0.0
3-5 дней,2026-08-09T04:59:03Z,2026-08-12T16:00:00Z,83.0,0.0,0.0,0.0,0.0,0.0
3-5 дней,2026-08-09T04:59:03Z,2026-08-12T17:00:00Z,84.0,0.0,0.0,0.0,0.0,0.0
3-5 дней,2026-08-09T04:59:03Z,2026-08-12T18:00:00Z,85.0,0.0,0.0,0.0,0.0,0.0
3-5 дней,2026-08-09T04:59:03Z,2026-08-13T06:00:00Z,97.0,0.0,0.0,75.0,0.0,0.0
3-5 дней,2026-08-09T04:59:03Z,2026-08-13T07:00:00Z,98.0,0.0,0.0,75.0,0.0,0.0
3-5 дней,2026-08-09T04:59:03Z,2026-08-13T08:00:00Z,99.0,0.0,0.0,50.0,0.0,0.0
3-5 дней,2026-08-09T04:59:03Z,2026-08-13T09:00:00Z,100.0,0.0,0.0,25.0,0.0,0.0
3-5 дней,2026-08-09T04:59:03Z,2026-08-13T10:00:00Z,101.0,0.0,0.0,25.0,0.0,0.0
3-5 дней,2026-08-09T04:59:03Z,2026-08-13T11:00:00Z,102.0,0.0,0.0,12.5,0.0,0.0
3-5 дней,2026-08-09T04:59:03Z,2026-08-13T12:00:00Z,103.0,0.0,0.0,12.5,0.0,0.0
3-5 дней,2026-08-09T04:59:03Z,2026-08-13T13:00:00Z,104.0,0.0,0.0,0.0,0.0,0.0
3-5 дней,2026-08-09T04:59:03Z,2026-08-13T14:00:00Z,105.0,0.0,0.0,0.0,0.0,0.0
3-5 дней,2026-08-09T04:59:03Z,2026-08-13T15:00:00Z,106.0,0.0,0.0,0.0,0.0,0.0
3-5 дней,2026-08-09T04:59:03Z,2026-08-13T16:00:00Z,107.0,0.0,0.0,0.0,0.0,0.0
3-5 дней,2026-08-09T04:59:03Z,2026-08-13T17:00:00Z,108.0,0.0,0.0,0.0,0.0,0.0
3-5 дней,2026-08-09T04:59:03Z,2026-08-13T18:00:00Z,109.0,0.0,0.0,0.0,0.0,0.0
3-5 дней,2026-08-09T10:19:29Z,2026-08-12T11:00:00Z,72.7,0.0,12.5,0.0,-12.5,12.5
3-5 дней,2026-08-09T10:19:29Z,2026-08-12T12:00:00Z,73.7,0.0,12.5,0.0,-12.5,12.5
3-5 дней,2026-08-09T10:19:29Z,2026-08-12T13:00:00Z,74.7,0.0,0.0,0.0,0.0,0.0
3-5 дней,2026-08-09T10:19:29Z,2026-08-12T14:00:00Z,75.7,0.0,0.0,0.0,0.0,0.0
3-5 дней,2026-08-09T10:19:29Z,2026-08-12T15:00:00Z,76.7,0.0,0.0,0.0,0.0,0.0
3-5 дней,2026-08-09T10:19:29Z,2026-08-12T16:00:00Z,77.7,0.0,0.0,0.0,0.0,0.0
3-5 дней,2026-08-09T10:19:29Z,2026-08-12T17:00:00Z,78.7,0.0,0.0,0.0,0.0,0.0
3-5 дней,2026-08-09T10:19:29Z,2026-08-12T18:00:00Z,79.7,0.0,0.0,0.0,0.0,0.0
3-5 дней,2026-08-09T10:19:29Z,2026-08-13T06:00:00Z,91.7,0.0,0.0,75.0,0.0,0.0
3-5 дней,2026-08-09T10:19:29Z,2026-08-13T07:00:00Z,92.7,0.0,0.0,75.0,0.0,0.0
3-5 дней,2026-08-09T10:19:29Z,2026-08-13T08:00:00Z,93.7,0.0,0.0,50.0,0.0,0.0
3-5 дней,2026-08-09T10:19:29Z,2026-08-13T09:00:00Z,94.7,0.0,0.0,25.0,0.0,0.0
3-5 дней,2026-08-09T10:19:29Z,2026-08-13T10:00:00Z,95.7,0.0,0.0,25.0,0.0,0.0
3-5 дней,2026-08-09T10:19:29Z,2026-08-13T11:00:00Z,96.7,0.0,0.0,12.5,0.0,0.0
3-5 дней,2026-08-09T10:19:29Z,2026-08-13T12:00:00Z,97.7,0.0,0.0,12.5,0.0,0.0
3-5 дней,2026-08-09T10:19:29Z,2026-08-13T13:00:00Z,98.7,0.0,0.0,0.0,0.0,0.0
3-5 дней,2026-08-09T10:19:29Z,2026-08-13T14:00:00Z,99.7,0.0,0.0,0.0,0.0,0.0
3-5 дней,2026-08-09T10:19:29Z,2026-08-13T15:00:00Z,100.7,0.0,0.0,0.0,0.0,0.0
3-5 дней,2026-08-09T10:19:29Z,2026-08-13T16:00:00Z,101.7,0.0,0.0,0.0,0.0,0.0
3-5 дней,2026-08-09T10:19:29Z,2026-08-13T17:00:00Z,102.7,0.0,0.0,0.0,0.0,0.0
3-5 дней,2026-08-09T10:19:29Z,2026-08-13T18:00:00Z,103.7,0.0,0.0,0.0,0.0,0.0
3-5 дней,2026-08-09T10:19:29Z,2026-08-14T06:00:00Z,115.7,0.0,0.0,0.0,0.0,0.0
3-5 дней,2026-08-09T10:19:29Z,2026-08-14T07:00:00Z,116.7,0.0,0.0,0.0,0.0,0.0
3-5 дней,2026-08-09T10:19:29Z,2026-08-14T08:00:00Z,117.7,0.0,0.0,0.0,0.0,0.0
3-5 дней,2026-08-09T10:19:29Z,2026-08-14T09:00:00Z,118.7,0.0,0.0,0.0,0.0,0.0
3-5 дней,2026-08-09T12:41:38Z,2026-08-12T13:00:00Z,72.3,0.0,0.0,0.0,0.0,0.0
3-5 дней,2026-08-09T12:41:38Z,2026-08-12T14:00:00Z,73.3,0.0,0.0,0.0,0.0,0.0
3-5 дней,2026-08-09T12:41:38Z,2026-08-12T15:00:00Z,74.3,0.0,0.0,0.0,0.0,0.0
3-5 дней,2026-08-09T12:41:38Z,2026-08-12T16:00:00Z,75.3,0.0,0.0,0.0,0.0,0.0
3-5 дней,2026-08-09T12:41:38Z,2026-08-12T17:00:00Z,76.3,0.0,0.0,0.0,0.0,0.0
3-5 дней,2026-08-09T12:41:38Z,2026-08-12T18:00:00Z,77.3,0.0,0.0,0.0,0.0,0.0
3-5 дней,2026-08-09T12:41:38Z,2026-08-13T06:00:00Z,89.3,0.0,0.0,75.0,0.0,0.0
3-5 дней,2026-08-09T12:41:38Z,2026-08-13T07:00:00Z,90.3,0.0,0.0,75.0,0.0,0.0
3-5 дней,2026-08-09T12:41:38Z,2026-08-13T08:00:00Z,91.3,0.0,0.0,50.0,0.0,0.0
3-5 дней,2026-08-09T12:41:38Z,2026-08-13T09:00:00Z,92.3,0.0,0.0,25.0,0.0,0.0
3-5 дней,2026-08-09T12:41:38Z,2026-08-13T10:00:00Z,93.3,0.0,0.0,25.0,0.0,0.0
3-5 дней,2026-08-09T12:41:38Z,2026-08-13T11:00:00Z,94.3,0.0,0.0,12.5,0.0,0.0
3-5 дней,2026-08-09T12:41:38Z,2026-08-13T12:00:00Z,95.3,0.0,0.0,12.5,0.0,0.0
3-5 дней,2026-08-09T12:41:38Z,2026-08-13T13:00:00Z,96.3,0.0,0.0,0.0,0.0,0.0
3-5 дней,2026-08-09T12:41:38Z,2026-08-13T14:00:00Z,97.3,0.0,0.0,0.0,0.0,0.0
3-5 дней,2026-08-09T12:41:38Z,2026-08-13T15:00:00Z,98.3,0.0,0.0,0.0,0.0,0.0
3-5 дней,2026-08-09T12:41:38Z,2026-08-13T16:00:00Z,99.3,0.0,0.0,0.0,0.0,0.0
3-5 дней,2026-08-09T12:41:38Z,2026-08-13T17:00:00Z,100.3,0.0,0.0,0.0,0.0,0.0
3-5 дней,2026-08-09T12:41:38Z,2026-08-13T18:00:00Z,101.3,0.0,0.0,0.0,0.0,0.0
3-5 дней,2026-08-09T12:41:38Z,2026-08-14T06:00:00Z,113.3,0.0,0.0,0.0,0.0,0.0
3-5 дней,2026-08-09T12:41:38Z,2026-08-14T07:00:00Z,114.3,0.0,0.0,0.0,0.0,0.0
3-5 дней,2026-08-09T12:41:38Z,2026-08-14T08:00:00Z,115.3,0.0,0.0,0.0,0.0,0.0
3-5 дней,2026-08-09T12:41:38Z,2026-08-14T09:00:00Z,116.3,0.0,0.0,0.0,0.0,0.0
3-5 дней,2026-08-09T12:41:38Z,2026-08-14T10:00:00Z,117.3,0.0,0.0,0.0,0.0,0.0
3-5 дней,2026-08-09T12:41:38Z,2026-08-14T11:00:00Z,118.3,0.0,25.0,0.0,-25.0,25.0
3-5 дней,2026-08-09T12:45:53Z,2026-08-12T13:00:00Z,72.2,0.0,0.0,0.0,0.0,0.0
3-5 дней,2026-08-09T12:45:53Z,2026-08-12T14:00:00Z,73.2,0.0,0.0,0.0,0.0,0.0
3-5 дней,2026-08-09T12:45:53Z,2026-08-12T15:00:00Z,74.2,0.0,0.0,0.0,0.0,0.0
3-5 дней,2026-08-09T12:45:53Z,2026-08-12T16:00:00Z,75.2,0.0,0.0,0.0,0.0,0.0
3-5 дней,2026-08-09T12:45:53Z,2026-08-12T17:00:00Z,76.2,0.0,0.0,0.0,0.0,0.0
3-5 дней,2026-08-09T12:45:53Z,2026-08-12T18:00:00Z,77.2,0.0,0.0,0.0,0.0,0.0
3-5 дней,2026-08-09T12:45:53Z,2026-08-13T06:00:00Z,89.2,0.0,0.0,75.0,0.0,0.0
3-5 дней,2026-08-09T12:45:53Z,2026-08-13T07:00:00Z,90.2,0.0,0.0,75.0,0.0,0.0
3-5 дней,2026-08-09T12:45:53Z,2026-08-13T08:00:00Z,91.2,0.0,0.0,50.0,0.0,0.0
3-5 дней,2026-08-09T12:45:53Z,2026-08-13T09:00:00Z,92.2,0.0,0.0,25.0,0.0,0.0
3-5 дней,2026-08-09T12:45:53Z,2026-08-13T10:00:00Z,93.2,0.0,0.0,25.0,0.0,0.0
3-5 дней,2026-08-09T12:45:53Z,2026-08-13T11:00:00Z,94.2,0.0,0.0,12.5,0.0,0.0
3-5 дней,2026-08-09T12:45:53Z,2026-08-13T12:00:00Z,95.2,0.0,0.0,12.5,0.0,0.0
3-5 дней,2026-08-09T12:45:53Z,2026-08-13T13:00:00Z,96.2,0.0,0.0,0.0,0.0,0.0
3-5 дней,2026-08-09T12:45:53Z,2026-08-13T14:00:00Z,97.2,0.0,0.0,0.0,0.0,0.0
3-5 дней,2026-08-09T12:45:53Z,2026-08-13T15:00:00Z,98.2,0.0,0.0,0.0,0.0,0.0
3-5 дней,2026-08-09T12:45:53Z,2026-08-13T16:00:00Z,99.2,0.0,0.0,0.0,0.0,0.0
3-5 дней,2026-08-09T12:45:53Z,2026-08-13T17:00:00Z,100.2,0.0,0.0,0.0,0.0,0.0
3-5 дней,2026-08-09T12:45:53Z,2026-08-13T18:00:00Z,101.2,0.0,0.0,0.0,0.0,0.0
3-5 дней,2026-08-09T12:45:53Z,2026-08-14T06:00:00Z,113.2,0.0,0.0,0.0,0.0,0.0
3-5 дней,2026-08-09T12:45:53Z,2026-08-14T07:00:00Z,114.2,0.0,0.0,0.0,0.0,0.0
3-5 дней,2026-08-09T12:45:53Z,2026-08-14T08:00:00Z,115.2,0.0,0.0,0.0,0.0,0.0
3-5 дней,2026-08-09T12:45:53Z,2026-08-14T09:00:00Z,116.2,0.0,0.0,0.0,0.0,0.0
3-5 дней,2026-08-09T12:45:53Z,2026-08-14T10:00:00Z,117.2,0.0,0.0,0.0,0.0,0.0
3-5 дней,2026-08-09T12:45:53Z,2026-08-14T11:00:00Z,118.2,0.0,25.0,0.0,-25.0,25.0
3-5 дней,2026-08-09T12:48:15Z,2026-08-12T13:00:00Z,72.2,0.0,0.0,0.0,0.0,0.0
3-5 дней,2026-08-09T12:48:15Z,2026-08-12T14:00:00Z,73.2,0.0,0.0,0.0,0.0,0.0
3-5 дней,2026-08-09T12:48:15Z,2026-08-12T15:00:00Z,74.2,0.0,0.0,0.0,0.0,0.0
3-5 дней,2026-08-09T12:48:15Z,2026-08-12T16:00:00Z,75.2,0.0,0.0,0.0,0.0,0.0
3-5 дней,2026-08-09T12:48:15Z,2026-08-12T17:00:00Z,76.2,0.0,0.0,0.0,0.0,0.0
3-5 дней,2026-08-09T12:48:15Z,2026-08-12T18:00:00Z,77.2,0.0,0.0,0.0,0.0,0.0
3-5 дней,2026-08-09T12:48:15Z,2026-08-13T06:00:00Z,89.2,0.0,0.0,75.0,0.0,0.0
3-5 дней,2026-08-09T12:48:15Z,2026-08-13T07:00:00Z,90.2,0.0,0.0,75.0,0.0,0.0
3-5 дней,2026-08-09T12:48:15Z,2026-08-13T08:00:00Z,91.2,0.0,0.0,50.0,0.0,0.0
3-5 дней,2026-08-09T12:48:15Z,2026-08-13T09:00:00Z,92.2,0.0,0.0,25.0,0.0,0.0
3-5 дней,2026-08-09T12:48:15Z,2026-08-13T10:00:00Z,93.2,0.0,0.0,25.0,0.0,0.0
3-5 дней,2026-08-09T12:48:15Z,2026-08-13T11:00:00Z,94.2,0.0,0.0,12.5,0.0,0.0
3-5 дней,2026-08-09T12:48:15Z,2026-08-13T12:00:00Z,95.2,0.0,0.0,12.5,0.0,0.0
3-5 дней,2026-08-09T12:48:15Z,2026-08-13T13:00:00Z,96.2,0.0,0.0,0.0,0.0,0.0
3-5 дней,2026-08-09T12:48:15Z,2026-08-13T14:00:00Z,97.2,0.0,0.0,0.0,0.0,0.0
3-5 дней,2026-08-09T12:48:15Z,2026-08-13T15:00:00Z,98.2,0.0,0.0,0.0,0.0,0.0
3-5 дней,2026-08-09T12:48:15Z,2026-08-13T16:00:00Z,99.2,0.0,0.0,0.0,0.0,0.0
3-5 дней,2026-08-09T12:48:15Z,2026-08-13T17:00:00Z,100.2,0.0,0.0,0.0,0.0,0.0
3-5 дней,2026-08-09T12:48:15Z,2026-08-13T18:00:00Z,101.2,0.0,0.0,0.0,0.0,0.0
3-5 дней,2026-08-09T12:48:15Z,2026-08-14T06:00:00Z,113.2,0.0,0.0,0.0,0.0,0.0
3-5 дней,2026-08-09T12:48:15Z,2026-08-14T07:00:00Z,114.2,0.0,0.0,0.0,0.0,0.0
3-5 дней,2026-08-09T12:48:15Z,2026-08-14T08:00:00Z,115.2,0.0,0.0,0.0,0.0,0.0
3-5 дней,2026-08-09T12:48:15Z,2026-08-14T09:00:00Z,116.2,0.0,0.0,0.0,0.0,0.0
3-5 дней,2026-08-09T12:48:15Z,2026-08-14T10:00:00Z,117.2,0.0,0.0,0.0,0.0,0.0
3-5 дней,2026-08-09T12:48:15Z,2026-08-14T11:00:00Z,118.2,0.0,25.0,0.0,-25.0,25.0
3-5 дней,2026-08-09T16:31:44Z,2026-08-12T17:00:00Z,72.5,0.0,0.0,0.0,0.0,0.0
3-5 дней,2026-08-09T16:31:44Z,2026-08-12T18:00:00Z,73.5,0.0,0.0,0.0,0.0,0.0
3-5 дней,2026-08-09T16:31:44Z,2026-08-13T06:00:00Z,85.5,0.0,0.0,75.0,0.0,0.0
3-5 дней,2026-08-09T16:31:44Z,2026-08-13T07:00:00Z,86.5,0.0,0.0,75.0,0.0,0.0
3-5 дней,2026-08-09T16:31:44Z,2026-08-13T08:00:00Z,87.5,0.0,0.0,50.0,0.0,0.0
3-5 дней,2026-08-09T16:31:44Z,2026-08-13T09:00:00Z,88.5,0.0,0.0,25.0,0.0,0.0
3-5 дней,2026-08-09T16:31:44Z,2026-08-13T10:00:00Z,89.5,0.0,0.0,25.0,0.0,0.0
3-5 дней,2026-08-09T16:31:44Z,2026-08-13T11:00:00Z,90.5,0.0,0.0,12.5,0.0,0.0
3-5 дней,2026-08-09T16:31:44Z,2026-08-13T12:00:00Z,91.5,0.0,0.0,12.5,0.0,0.0
3-5 дней,2026-08-09T16:31:44Z,2026-08-13T13:00:00Z,92.5,0.0,0.0,0.0,0.0,0.0
3-5 дней,2026-08-09T16:31:44Z,2026-08-13T14:00:00Z,93.5,0.0,0.0,0.0,0.0,0.0
3-5 дней,2026-08-09T16:31:44Z,2026-08-13T15:00:00Z,94.5,0.0,0.0,0.0,0.0,0.0
3-5 дней,2026-08-09T16:31:44Z,2026-08-13T16:00:00Z,95.5,0.0,0.0,0.0,0.0,0.0
3-5 дней,2026-08-09T16:31:44Z,2026-08-13T17:00:00Z,96.5,0.0,0.0,0.0,0.0,0.0
3-5 дней,2026-08-09T16:31:44Z,2026-08-13T18:00:00Z,97.5,0.0,0.0,0.0,0.0,0.0
3-5 дней,2026-08-09T16:31:44Z,2026-08-14T06:00:00Z,109.5,0.0,0.0,0.0,0.0,0.0
3-5 дней,2026-08-09T16:31:44Z,2026-08-14T07:00:00Z,110.5,0.0,0.0,0.0,0.0,0.0
3-5 дней,2026-08-09T16:31:44Z,2026-08-14T08:00:00Z,111.5,0.0,0.0,0.0,0.0,0.0
3-5 дней,2026-08-09T16:31:44Z,2026-08-14T09:00:00Z,112.5,0.0,0.0,0.0,0.0,0.0
3-5 дней,2026-08-09T16:31:44Z,2026-08-14T10:00:00Z,113.5,0.0,0.0,0.0,0.0,0.0
3-5 дней,2026-08-09T16:31:44Z,2026-08-14T11:00:00Z,114.5,0.0,25.0,0.0,-25.0,25.0
3-5 дней,2026-08-09T16:31:44Z,2026-08-14T12:00:00Z,115.5,0.0,25.0,0.0,-25.0,25.0
3-5 дней,2026-08-09T16:31:44Z,2026-08-14T13:00:00Z,116.5,0.0,25.0,0.0,-25.0,25.0
3-5 дней,2026-08-09T16:31:44Z,2026-08-14T14:00:00Z,117.5,0.0,25.0,0.0,-25.0,25.0
3-5 дней,2026-08-09T16:31:44Z,2026-08-14T15:00:00Z,118.5,0.0,12.5,0.0,-12.5,12.5
3-5 дней,2026-08-09T22:39:09Z,2026-08-13T06:00:00Z,79.3,0.0,0.0,75.0,0.0,0.0
3-5 дней,2026-08-09T22:39:09Z,2026-08-13T07:00:00Z,80.3,0.0,0.0,75.0,0.0,0.0
3-5 дней,2026-08-09T22:39:09Z,2026-08-13T08:00:00Z,81.3,0.0,0.0,50.0,0.0,0.0
3-5 дней,2026-08-09T22:39:09Z,2026-08-13T09:00:00Z,82.3,0.0,0.0,25.0,0.0,0.0
3-5 дней,2026-08-09T22:39:09Z,2026-08-13T10:00:00Z,83.3,0.0,0.0,25.0,0.0,0.0
3-5 дней,2026-08-09T22:39:09Z,2026-08-13T11:00:00Z,84.3,0.0,0.0,12.5,0.0,0.0
3-5 дней,2026-08-09T22:39:09Z,2026-08-13T12:00:00Z,85.3,0.0,0.0,12.5,0.0,0.0
3-5 дней,2026-08-09T22:39:09Z,2026-08-13T13:00:00Z,86.3,0.0,0.0,0.0,0.0,0.0
3-5 дней,2026-08-09T22:39:09Z,2026-08-13T14:00:00Z,87.3,0.0,0.0,0.0,0.0,0.0
3-5 дней,2026-08-09T22:39:09Z,2026-08-13T15:00:00Z,88.3,0.0,0.0,0.0,0.0,0.0
3-5 дней,2026-08-09T22:39:09Z,2026-08-13T16:00:00Z,89.3,0.0,0.0,0.0,0.0,0.0
3-5 дней,2026-08-09T22:39:09Z,2026-08-13T17:00:00Z,90.3,0.0,0.0,0.0,0.0,0.0
3-5 дней,2026-08-09T22:39:09Z,2026-08-13T18:00:00Z,91.3,0.0,0.0,0.0,0.0,0.0
3-5 дней,2026-08-09T22:39:09Z,2026-08-14T06:00:00Z,103.3,0.0,0.0,0.0,0.0,0.0
3-5 дней,2026-08-09T22:39:09Z,2026-08-14T07:00:00Z,104.3,0.0,0.0,0.0,0.0,0.0
3-5 дней,2026-08-09T22:39:09Z,2026-08-14T08:00:00Z,105.3,0.0,0.0,0.0,0.0,0.0
3-5 дней,2026-08-09T22:39:09Z,2026-08-14T09:00:00Z,106.3,0.0,0.0,0.0,0.0,0.0
3-5 дней,2026-08-09T22:39:09Z,2026-08-14T10:00:00Z,107.3,0.0,0.0,0.0,0.0,0.0
3-5 дней,2026-08-09T22:39:09Z,2026-08-14T11:00:00Z,108.3,0.0,25.0,0.0,-25.0,25.0
3-5 дней,2026-08-09T22:39:09Z,2026-08-14T12:00:00Z,109.3,0.0,25.0,0.0,-25.0,25.0
3-5 дней,2026-08-09T22:39:09Z,2026-08-14T13:00:00Z,110.3,0.0,25.0,0.0,-25.0,25.0
3-5 дней,2026-08-09T22:39:09Z,2026-08-14T14:00:00Z,111.3,0.0,25.0,0.0,-25.0,25.0
3-5 дней,2026-08-09T22:39:09Z,2026-08-14T15:00:00Z,112.3,0.0,12.5,0.0,-12.5,12.5
3-5 дней,2026-08-09T22:39:09Z,2026-08-14T16:00:00Z,113.3,0.0,12.5,0.0,-12.5,12.5
3-5 дней,2026-08-09T22:39:09Z,2026-08-14T17:00:00Z,114.3,0.0,12.5,0.0,-12.5,12.5
3-5 дней,2026-08-09T22:39:09Z,2026-08-14T18:00:00Z,115.3,0.0,25.0,0.0,-25.0,25.0
3-5 дней,2026-08-10T05:20:42Z,2026-08-13T06:00:00Z,72.7,0.0,0.0,75.0,0.0,0.0
3-5 дней,2026-08-10T05:20:42Z,2026-08-13T07:00:00Z,73.7,0.0,0.0,75.0,0.0,0.0
3-5 дней,2026-08-10T05:20:42Z,2026-08-13T08:00:00Z,74.7,0.0,0.0,50.0,0.0,0.0
3-5 дней,2026-08-10T05:20:42Z,2026-08-13T09:00:00Z,75.7,0.0,0.0,25.0,0.0,0.0
3-5 дней,2026-08-10T05:20:42Z,2026-08-13T10:00:00Z,76.7,0.0,0.0,25.0,0.0,0.0
3-5 дней,2026-08-10T05:20:42Z,2026-08-13T11:00:00Z,77.7,0.0,0.0,12.5,0.0,0.0
3-5 дней,2026-08-10T05:20:42Z,2026-08-13T12:00:00Z,78.7,0.0,0.0,12.5,0.0,0.0
3-5 дней,2026-08-10T05:20:42Z,2026-08-13T13:00:00Z,79.7,0.0,0.0,0.0,0.0,0.0
3-5 дней,2026-08-10T05:20:42Z,2026-08-13T14:00:00Z,80.7,0.0,0.0,0.0,0.0,0.0
3-5 дней,2026-08-10T05:20:42Z,2026-08-13T15:00:00Z,81.7,0.0,0.0,0.0,0.0,0.0
3-5 дней,2026-08-10T05:20:42Z,2026-08-13T16:00:00Z,82.7,0.0,0.0,0.0,0.0,0.0
3-5 дней,2026-08-10T05:20:42Z,2026-08-13T17:00:00Z,83.7,0.0,0.0,0.0,0.0,0.0
3-5 дней,2026-08-10T05:20:42Z,2026-08-13T18:00:00Z,84.7,0.0,0.0,0.0,0.0,0.0
3-5 дней,2026-08-10T05:20:42Z,2026-08-14T06:00:00Z,96.7,0.0,0.0,0.0,0.0,0.0
3-5 дней,2026-08-10T05:20:42Z,2026-08-14T07:00:00Z,97.7,0.0,0.0,0.0,0.0,0.0
3-5 дней,2026-08-10T05:20:42Z,2026-08-14T08:00:00Z,98.7,0.0,0.0,0.0,0.0,0.0
3-5 дней,2026-08-10T05:20:42Z,2026-08-14T09:00:00Z,99.7,0.0,0.0,0.0,0.0,0.0
3-5 дней,2026-08-10T05:20:42Z,2026-08-14T10:00:00Z,100.7,0.0,0.0,0.0,0.0,0.0
3-5 дней,2026-08-10T05:20:42Z,2026-08-14T11:00:00Z,101.7,0.0,25.0,0.0,-25.0,25.0
3-5 дней,2026-08-10T05:20:42Z,2026-08-14T12:00:00Z,102.7,0.0,25.0,0.0,-25.0,25.0
3-5 дней,2026-08-10T05:20:42Z,2026-08-14T13:00:00Z,103.7,0.0,25.0,0.0,-25.0,25.0
3-5 дней,2026-08-10T05:20:42Z,2026-08-14T14:00:00Z,104.7,0.0,25.0,0.0,-25.0,25.0
3-5 дней,2026-08-10T05:20:42Z,2026-08-14T15:00:00Z,105.7,0.0,12.5,0.0,-12.5,12.5
3-5 дней,2026-08-10T05:20:42Z,2026-08-14T16:00:00Z,106.7,0.0,12.5,0.0,-12.5,12.5
3-5 дней,2026-08-10T05:20:42Z,2026-08-14T17:00:00Z,107.7,0.0,12.5,0.0,-12.5,12.5
3-5 дней,2026-08-10T05:20:42Z,2026-08-14T18:00:00Z,108.7,0.0,25.0,0.0,-25.0,25.0
3-5 дней,2026-08-10T10:53:28Z,2026-08-13T11:00:00Z,72.1,0.0,0.0,12.5,0.0,0.0
3-5 дней,2026-08-10T10:53:28Z,2026-08-13T12:00:00Z,73.1,0.0,0.0,12.5,0.0,0.0
3-5 дней,2026-08-10T10:53:28Z,2026-08-13T13:00:00Z,74.1,0.0,0.0,0.0,0.0,0.0
3-5 дней,2026-08-10T10:53:28Z,2026-08-13T14:00:00Z,75.1,0.0,0.0,0.0,0.0,0.0
3-5 дней,2026-08-10T10:53:28Z,2026-08-13T15:00:00Z,76.1,0.0,0.0,0.0,0.0,0.0
3-5 дней,2026-08-10T10:53:28Z,2026-08-13T16:00:00Z,77.1,0.0,0.0,0.0,0.0,0.0
3-5 дней,2026-08-10T10:53:28Z,2026-08-13T17:00:00Z,78.1,0.0,0.0,0.0,0.0,0.0
3-5 дней,2026-08-10T10:53:28Z,2026-08-13T18:00:00Z,79.1,0.0,0.0,0.0,0.0,0.0
3-5 дней,2026-08-10T10:53:28Z,2026-08-14T06:00:00Z,91.1,0.0,0.0,0.0,0.0,0.0
3-5 дней,2026-08-10T10:53:28Z,2026-08-14T07:00:00Z,92.1,0.0,0.0,0.0,0.0,0.0
3-5 дней,2026-08-10T10:53:28Z,2026-08-14T08:00:00Z,93.1,0.0,0.0,0.0,0.0,0.0
3-5 дней,2026-08-10T10:53:28Z,2026-08-14T09:00:00Z,94.1,0.0,0.0,0.0,0.0,0.0
3-5 дней,2026-08-10T10:53:28Z,2026-08-14T10:00:00Z,95.1,0.0,0.0,0.0,0.0,0.0
3-5 дней,2026-08-10T10:53:28Z,2026-08-14T11:00:00Z,96.1,0.0,25.0,0.0,-25.0,25.0
3-5 дней,2026-08-10T10:53:28Z,2026-08-14T12:00:00Z,97.1,0.0,25.0,0.0,-25.0,25.0
3-5 дней,2026-08-10T10:53:28Z,2026-08-14T13:00:00Z,98.1,0.0,25.0,0.0,-25.0,25.0
3-5 дней,2026-08-10T10:53:28Z,2026-08-14T14:00:00Z,99.1,0.78,25.0,0.0,-24.22,24.22
3-5 дней,2026-08-10T10:53:28Z,2026-08-14T15:00:00Z,100.1,0.78,12.5,0.0,-11.72,11.72
3-5 дней,2026-08-10T10:53:28Z,2026-08-14T16:00:00Z,101.1,0.78,12.5,0.0,-11.72,11.72
3-5 дней,2026-08-10T10:53:28Z,2026-08-14T17:00:00Z,102.1,0.0,12.5,0.0,-12.5,12.5
3-5 дней,2026-08-10T10:53:28Z,2026-08-14T18:00:00Z,103.1,0.0,25.0,0.0,-25.0,25.0
3-5 дней,2026-08-10T10:53:28Z,2026-08-15T06:00:00Z,115.1,0.0,0.0,0.0,0.0,0.0
3-5 дней,2026-08-10T10:53:28Z,2026-08-15T07:00:00Z,116.1,0.0,0.0,0.0,0.0,0.0
3-5 дней,2026-08-10T10:53:28Z,2026-08-15T08:00:00Z,117.1,0.0,0.0,0.0,0.0,0.0
3-5 дней,2026-08-10T10:53:28Z,2026-08-15T09:00:00Z,118.1,0.0,0.0,0.0,0.0,0.0
3-5 дней,2026-08-10T16:52:05Z,2026-08-13T17:00:00Z,72.1,0.0,0.0,0.0,0.0,0.0
3-5 дней,2026-08-10T16:52:05Z,2026-08-13T18:00:00Z,73.1,0.0,0.0,0.0,0.0,0.0
3-5 дней,2026-08-10T16:52:05Z,2026-08-14T06:00:00Z,85.1,0.0,0.0,0.0,0.0,0.0
3-5 дней,2026-08-10T16:52:05Z,2026-08-14T07:00:00Z,86.1,0.0,0.0,0.0,0.0,0.0
3-5 дней,2026-08-10T16:52:05Z,2026-08-14T08:00:00Z,87.1,0.0,0.0,0.0,0.0,0.0
3-5 дней,2026-08-10T16:52:05Z,2026-08-14T09:00:00Z,88.1,0.0,0.0,0.0,0.0,0.0
3-5 дней,2026-08-10T16:52:05Z,2026-08-14T10:00:00Z,89.1,0.0,0.0,0.0,0.0,0.0
3-5 дней,2026-08-10T16:52:05Z,2026-08-14T11:00:00Z,90.1,0.0,25.0,0.0,-25.0,25.0
3-5 дней,2026-08-10T16:52:05Z,2026-08-14T12:00:00Z,91.1,0.0,25.0,0.0,-25.0,25.0
3-5 дней,2026-08-10T16:52:05Z,2026-08-14T13:00:00Z,92.1,0.0,25.0,0.0,-25.0,25.0
3-5 дней,2026-08-10T16:52:05Z,2026-08-14T14:00:00Z,93.1,0.78,25.0,0.0,-24.22,24.22
3-5 дней,2026-08-10T16:52:05Z,2026-08-14T15:00:00Z,94.1,0.78,12.5,0.0,-11.72,11.72
3-5 дней,2026-08-10T16:52:05Z,2026-08-14T16:00:00Z,95.1,0.78,12.5,0.0,-11.72,11.72
3-5 дней,2026-08-10T16:52:05Z,2026-08-14T17:00:00Z,96.1,0.0,12.5,0.0,-12.5,12.5
3-5 дней,2026-08-10T16:52:05Z,2026-08-14T18:00:00Z,97.1,0.0,25.0,0.0,-25.0,25.0
3-5 дней,2026-08-10T16:52:05Z,2026-08-15T06:00:00Z,109.1,0.0,0.0,0.0,0.0,0.0
3-5 дней,2026-08-10T16:52:05Z,2026-08-15T07:00:00Z,110.1,0.0,0.0,0.0,0.0,0.0
3-5 дней,2026-08-10T16:52:05Z,2026-08-15T08:00:00Z,111.1,0.0,0.0,0.0,0.0,0.0
3-5 дней,2026-08-10T16:52:05Z,2026-08-15T09:00:00Z,112.1,0.0,0.0,0.0,0.0,0.0
3-5 дней,2026-08-10T16:52:05Z,2026-08-15T10:00:00Z,113.1,0.0,0.0,0.0,0.0,0.0
3-5 дней,2026-08-10T16:52:05Z,2026-08-15T11:00:00Z,114.1,0.0,0.0,25.0,0.0,0.0
3-5 дней,2026-08-10T16:52:05Z,2026-08-15T12:00:00Z,115.1,0.0,0.0,25.0,0.0,0.0
3-5 дней,2026-08-10T16:52:05Z,2026-08-15T13:00:00Z,116.1,0.0,0.0,25.0,0.0,0.0
3-5 дней,2026-08-10T16:52:05Z,2026-08-15T14:00:00Z,117.1,0.0,0.0,25.0,0.0,0.0
3-5 дней,2026-08-10T16:52:05Z,2026-08-15T15:00:00Z,118.1,0.0,0.0,12.5,0.0,0.0
3-5 дней,2026-08-10T22:47:13Z,2026-08-14T06:00:00Z,79.2,0.0,0.0,0.0,0.0,0.0
3-5 дней,2026-08-10T22:47:13Z,2026-08-14T07:00:00Z,80.2,0.0,0.0,0.0,0.0,0.0
3-5 дней,2026-08-10T22:47:13Z,2026-08-14T08:00:00Z,81.2,0.0,0.0,0.0,0.0,0.0
3-5 дней,2026-08-10T22:47:13Z,2026-08-14T09:00:00Z,82.2,0.0,0.0,0.0,0.0,0.0
3-5 дней,2026-08-10T22:47:13Z,2026-08-14T10:00:00Z,83.2,0.0,0.0,0.0,0.0,0.0
3-5 дней,2026-08-10T22:47:13Z,2026-08-14T11:00:00Z,84.2,0.0,25.0,0.0,-25.0,25.0
3-5 дней,2026-08-10T22:47:13Z,2026-08-14T12:00:00Z,85.2,0.0,25.0,0.0,-25.0,25.0
3-5 дней,2026-08-10T22:47:13Z,2026-08-14T13:00:00Z,86.2,0.0,25.0,0.0,-25.0,25.0
3-5 дней,2026-08-10T22:47:13Z,2026-08-14T14:00:00Z,87.2,0.0,25.0,0.0,-25.0,25.0
3-5 дней,2026-08-10T22:47:13Z,2026-08-14T15:00:00Z,88.2,0.0,12.5,0.0,-12.5,12.5
3-5 дней,2026-08-10T22:47:13Z,2026-08-14T16:00:00Z,89.2,0.0,12.5,0.0,-12.5,12.5
3-5 дней,2026-08-10T22:47:13Z,2026-08-14T17:00:00Z,90.2,0.0,12.5,0.0,-12.5,12.5
3-5 дней,2026-08-10T22:47:13Z,2026-08-14T18:00:00Z,91.2,0.0,25.0,0.0,-25.0,25.0
3-5 дней,2026-08-10T22:47:13Z,2026-08-15T06:00:00Z,103.2,0.0,0.0,0.0,0.0,0.0
3-5 дней,2026-08-10T22:47:13Z,2026-08-15T07:00:00Z,104.2,0.0,0.0,0.0,0.0,0.0
3-5 дней,2026-08-10T22:47:13Z,2026-08-15T08:00:00Z,105.2,0.0,0.0,0.0,0.0,0.0
3-5 дней,2026-08-10T22:47:13Z,2026-08-15T09:00:00Z,106.2,0.0,0.0,0.0,0.0,0.0
3-5 дней,2026-08-10T22:47:13Z,2026-08-15T10:00:00Z,107.2,0.0,0.0,0.0,0.0,0.0
3-5 дней,2026-08-10T22:47:13Z,2026-08-15T11:00:00Z,108.2,0.0,0.0,25.0,0.0,0.0
3-5 дней,2026-08-10T22:47:13Z,2026-08-15T12:00:00Z,109.2,0.0,0.0,25.0,0.0,0.0
3-5 дней,2026-08-10T22:47:13Z,2026-08-15T13:00:00Z,110.2,0.0,0.0,25.0,0.0,0.0
3-5 дней,2026-08-10T22:47:13Z,2026-08-15T14:00:00Z,111.2,0.0,0.0,25.0,0.0,0.0
3-5 дней,2026-08-10T22:47:13Z,2026-08-15T15:00:00Z,112.2,0.0,0.0,12.5,0.0,0.0
3-5 дней,2026-08-10T22:47:13Z,2026-08-15T16:00:00Z,113.2,0.0,0.0,12.5,0.0,0.0
3-5 дней,2026-08-10T22:47:13Z,2026-08-15T17:00:00Z,114.2,0.0,0.0,12.5,0.0,0.0
3-5 дней,2026-08-10T22:47:13Z,2026-08-15T18:00:00Z,115.2,0.0,0.0,25.0,0.0,0.0
3-5 дней,2026-08-11T05:01:49Z,2026-08-14T06:00:00Z,73.0,0.0,0.0,0.0,0.0,0.0
3-5 дней,2026-08-11T05:01:49Z,2026-08-14T07:00:00Z,74.0,0.0,0.0,0.0,0.0,0.0
3-5 дней,2026-08-11T05:01:49Z,2026-08-14T08:00:00Z,75.0,0.0,0.0,0.0,0.0,0.0
3-5 дней,2026-08-11T05:01:49Z,2026-08-14T09:00:00Z,76.0,0.0,0.0,0.0,0.0,0.0
3-5 дней,2026-08-11T05:01:49Z,2026-08-14T10:00:00Z,77.0,0.0,0.0,0.0,0.0,0.0
3-5 дней,2026-08-11T05:01:49Z,2026-08-14T11:00:00Z,78.0,0.0,25.0,0.0,-25.0,25.0
3-5 дней,2026-08-11T05:01:49Z,2026-08-14T12:00:00Z,79.0,0.0,25.0,0.0,-25.0,25.0
3-5 дней,2026-08-11T05:01:49Z,2026-08-14T13:00:00Z,80.0,0.0,25.0,0.0,-25.0,25.0
3-5 дней,2026-08-11T05:01:49Z,2026-08-14T14:00:00Z,81.0,0.0,25.0,0.0,-25.0,25.0
3-5 дней,2026-08-11T05:01:49Z,2026-08-14T15:00:00Z,82.0,0.0,12.5,0.0,-12.5,12.5
3-5 дней,2026-08-11T05:01:49Z,2026-08-14T16:00:00Z,83.0,0.0,12.5,0.0,-12.5,12.5
3-5 дней,2026-08-11T05:01:49Z,2026-08-14T17:00:00Z,84.0,0.0,12.5,0.0,-12.5,12.5
3-5 дней,2026-08-11T05:01:49Z,2026-08-14T18:00:00Z,85.0,0.0,25.0,0.0,-25.0,25.0
3-5 дней,2026-08-11T05:01:49Z,2026-08-15T06:00:00Z,97.0,0.0,0.0,0.0,0.0,0.0
3-5 дней,2026-08-11T05:01:49Z,2026-08-15T07:00:00Z,98.0,0.0,0.0,0.0,0.0,0.0
3-5 дней,2026-08-11T05:01:49Z,2026-08-15T08:00:00Z,99.0,0.0,0.0,0.0,0.0,0.0
3-5 дней,2026-08-11T05:01:49Z,2026-08-15T09:00:00Z,100.0,0.0,0.0,0.0,0.0,0.0
3-5 дней,2026-08-11T05:01:49Z,2026-08-15T10:00:00Z,101.0,0.0,0.0,0.0,0.0,0.0
3-5 дней,2026-08-11T05:01:49Z,2026-08-15T11:00:00Z,102.0,0.0,0.0,25.0,0.0,0.0
3-5 дней,2026-08-11T05:01:49Z,2026-08-15T12:00:00Z,103.0,0.0,0.0,25.0,0.0,0.0
3-5 дней,2026-08-11T05:01:49Z,2026-08-15T13:00:00Z,104.0,0.0,0.0,25.0,0.0,0.0
3-5 дней,2026-08-11T05:01:49Z,2026-08-15T14:00:00Z,105.0,0.0,0.0,25.0,0.0,0.0
3-5 дней,2026-08-11T05:01:49Z,2026-08-15T15:00:00Z,106.0,0.0,0.0,12.5,0.0,0.0
3-5 дней,2026-08-11T05:01:49Z,2026-08-15T16:00:00Z,107.0,0.0,0.0,12.5,0.0,0.0
3-5 дней,2026-08-11T05:01:49Z,2026-08-15T17:00:00Z,108.0,0.0,0.0,12.5,0.0,0.0
3-5 дней,2026-08-11T05:01:49Z,2026-08-15T18:00:00Z,109.0,0.0,0.0,25.0,0.0,0.0
3-5 дней,2026-08-11T10:38:45Z,2026-08-14T11:00:00Z,72.4,0.0,25.0,0.0,-25.0,25.0
3-5 дней,2026-08-11T10:38:45Z,2026-08-14T12:00:00Z,73.4,0.0,25.0,0.0,-25.0,25.0
3-5 дней,2026-08-11T10:38:45Z,2026-08-14T13:00:00Z,74.4,0.0,25.0,0.0,-25.0,25.0
3-5 дней,2026-08-11T10:38:45Z,2026-08-14T14:00:00Z,75.4,1.56,25.0,0.0,-23.44,23.44
3-5 дней,2026-08-11T10:38:45Z,2026-08-14T15:00:00Z,76.4,1.56,12.5,0.0,-10.94,10.94
3-5 дней,2026-08-11T10:38:45Z,2026-08-14T16:00:00Z,77.4,1.56,12.5,0.0,-10.94,10.94
3-5 дней,2026-08-11T10:38:45Z,2026-08-14T17:00:00Z,78.4,0.78,12.5,0.0,-11.72,11.72
3-5 дней,2026-08-11T10:38:45Z,2026-08-14T18:00:00Z,79.4,1.56,25.0,0.0,-23.44,23.44
3-5 дней,2026-08-11T10:38:45Z,2026-08-15T06:00:00Z,91.4,0.0,0.0,0.0,0.0,0.0
3-5 дней,2026-08-11T10:38:45Z,2026-08-15T07:00:00Z,92.4,0.0,0.0,0.0,0.0,0.0
3-5 дней,2026-08-11T10:38:45Z,2026-08-15T08:00:00Z,93.4,0.0,0.0,0.0,0.0,0.0
3-5 дней,2026-08-11T10:38:45Z,2026-08-15T09:00:00Z,94.4,0.0,0.0,0.0,0.0,0.0
3-5 дней,2026-08-11T10:38:45Z,2026-08-15T10:00:00Z,95.4,0.0,0.0,0.0,0.0,0.0
3-5 дней,2026-08-11T10:38:45Z,2026-08-15T11:00:00Z,96.4,0.0,0.0,25.0,0.0,0.0
3-5 дней,2026-08-11T10:38:45Z,2026-08-15T12:00:00Z,97.4,0.0,0.0,25.0,0.0,0.0
3-5 дней,2026-08-11T10:38:45Z,2026-08-15T13:00:00Z,98.4,0.0,0.0,25.0,0.0,0.0
3-5 дней,2026-08-11T10:38:45Z,2026-08-15T14:00:00Z,99.4,0.0,0.0,25.0,0.0,0.0
3-5 дней,2026-08-11T10:38:45Z,2026-08-15T15:00:00Z,100.4,0.0,0.0,12.5,0.0,0.0
3-5 дней,2026-08-11T10:38:45Z,2026-08-15T16:00:00Z,101.4,0.0,0.0,12.5,0.0,0.0
3-5 дней,2026-08-11T10:38:45Z,2026-08-15T17:00:00Z,102.4,0.0,0.0,12.5,0.0,0.0
3-5 дней,2026-08-11T10:38:45Z,2026-08-15T18:00:00Z,103.4,0.0,0.0,25.0,0.0,0.0
3-5 дней,2026-08-11T10:38:45Z,2026-08-16T06:00:00Z,115.4,0.0,0.0,0.0,0.0,0.0
3-5 дней,2026-08-11T10:38:45Z,2026-08-16T07:00:00Z,116.4,0.0,0.0,0.0,0.0,0.0
3-5 дней,2026-08-11T10:38:45Z,2026-08-16T08:00:00Z,117.4,0.0,0.0,0.0,0.0,0.0
3-5 дней,2026-08-11T10:38:45Z,2026-08-16T09:00:00Z,118.4,0.0,0.0,0.0,0.0,0.0
3-5 дней,2026-08-12T06:05:22Z,2026-08-15T07:00:00Z,72.9,0.0,0.0,0.0,0.0,0.0
3-5 дней,2026-08-12T06:05:22Z,2026-08-15T08:00:00Z,73.9,0.0,0.0,0.0,0.0,0.0
3-5 дней,2026-08-12T06:05:22Z,2026-08-15T09:00:00Z,74.9,0.0,0.0,0.0,0.0,0.0
3-5 дней,2026-08-12T06:05:22Z,2026-08-15T10:00:00Z,75.9,0.0,0.0,0.0,0.0,0.0
3-5 дней,2026-08-12T06:05:22Z,2026-08-15T11:00:00Z,76.9,0.0,0.0,25.0,0.0,0.0
3-5 дней,2026-08-12T06:05:22Z,2026-08-15T12:00:00Z,77.9,0.0,0.0,25.0,0.0,0.0
3-5 дней,2026-08-12T06:05:22Z,2026-08-15T13:00:00Z,78.9,0.0,0.0,25.0,0.0,0.0
3-5 дней,2026-08-12T06:05:22Z,2026-08-15T14:00:00Z,79.9,0.0,0.0,25.0,0.0,0.0
3-5 дней,2026-08-12T06:05:22Z,2026-08-15T15:00:00Z,80.9,0.0,0.0,12.5,0.0,0.0
3-5 дней,2026-08-12T06:05:22Z,2026-08-15T16:00:00Z,81.9,0.0,0.0,12.5,0.0,0.0
3-5 дней,2026-08-12T06:05:22Z,2026-08-15T17:00:00Z,82.9,0.0,0.0,12.5,0.0,0.0
3-5 дней,2026-08-12T06:05:22Z,2026-08-15T18:00:00Z,83.9,0.0,0.0,25.0,0.0,0.0
3-5 дней,2026-08-12T06:05:22Z,2026-08-16T06:00:00Z,95.9,0.0,0.0,0.0,0.0,0.0
3-5 дней,2026-08-12T06:05:22Z,2026-08-16T07:00:00Z,96.9,0.0,0.0,0.0,0.0,0.0
3-5 дней,2026-08-12T06:05:22Z,2026-08-16T08:00:00Z,97.9,0.0,0.0,0.0,0.0,0.0
3-5 дней,2026-08-12T06:05:22Z,2026-08-16T09:00:00Z,98.9,0.0,0.0,0.0,0.0,0.0
3-5 дней,2026-08-12T06:05:22Z,2026-08-16T10:00:00Z,99.9,0.0,0.0,0.0,0.0,0.0
3-5 дней,2026-08-12T06:05:22Z,2026-08-16T11:00:00Z,100.9,0.0,0.0,0.0,0.0,0.0
3-5 дней,2026-08-12T06:05:22Z,2026-08-16T12:00:00Z,101.9,0.0,0.0,0.0,0.0,0.0
3-5 дней,2026-08-12T06:05:22Z,2026-08-16T13:00:00Z,102.9,0.0,0.0,0.0,0.0,0.0
3-5 дней,2026-08-12T06:05:22Z,2026-08-16T14:00:00Z,103.9,0.0,0.0,0.0,0.0,0.0
3-5 дней,2026-08-12T06:05:22Z,2026-08-16T15:00:00Z,104.9,0.0,0.0,0.0,0.0,0.0
3-5 дней,2026-08-12T06:05:22Z,2026-08-16T16:00:00Z,105.9,0.0,0.0,0.0,0.0,0.0
3-5 дней,2026-08-12T06:05:22Z,2026-08-16T17:00:00Z,106.9,0.0,0.0,0.0,0.0,0.0
3-5 дней,2026-08-12T06:05:22Z,2026-08-16T18:00:00Z,107.9,0.0,0.0,0.0,0.0,0.0
3-5 дней,2026-08-12T10:47:03Z,2026-08-15T11:00:00Z,72.2,0.0,0.0,25.0,0.0,0.0
3-5 дней,2026-08-12T10:47:03Z,2026-08-15T12:00:00Z,73.2,0.0,0.0,25.0,0.0,0.0
3-5 дней,2026-08-12T10:47:03Z,2026-08-15T13:00:00Z,74.2,0.0,0.0,25.0,0.0,0.0
3-5 дней,2026-08-12T10:47:03Z,2026-08-15T14:00:00Z,75.2,0.0,0.0,25.0,0.0,0.0
3-5 дней,2026-08-12T10:47:03Z,2026-08-15T15:00:00Z,76.2,0.0,0.0,12.5,0.0,0.0
3-5 дней,2026-08-12T10:47:03Z,2026-08-15T16:00:00Z,77.2,0.0,0.0,12.5,0.0,0.0
3-5 дней,2026-08-12T10:47:03Z,2026-08-15T17:00:00Z,78.2,0.0,0.0,12.5,0.0,0.0
3-5 дней,2026-08-12T10:47:03Z,2026-08-15T18:00:00Z,79.2,0.0,0.0,25.0,0.0,0.0
3-5 дней,2026-08-12T10:47:03Z,2026-08-16T06:00:00Z,91.2,0.0,0.0,0.0,0.0,0.0
3-5 дней,2026-08-12T10:47:03Z,2026-08-16T07:00:00Z,92.2,0.0,0.0,0.0,0.0,0.0
3-5 дней,2026-08-12T10:47:03Z,2026-08-16T08:00:00Z,93.2,0.0,0.0,0.0,0.0,0.0
3-5 дней,2026-08-12T10:47:03Z,2026-08-16T09:00:00Z,94.2,0.0,0.0,0.0,0.0,0.0
3-5 дней,2026-08-12T10:47:03Z,2026-08-16T10:00:00Z,95.2,0.0,0.0,0.0,0.0,0.0
3-5 дней,2026-08-12T10:47:03Z,2026-08-16T11:00:00Z,96.2,0.0,0.0,0.0,0.0,0.0
3-5 дней,2026-08-12T10:47:03Z,2026-08-16T12:00:00Z,97.2,0.0,0.0,0.0,0.0,0.0
3-5 дней,2026-08-12T10:47:03Z,2026-08-16T13:00:00Z,98.2,0.0,0.0,0.0,0.0,0.0
3-5 дней,2026-08-12T10:47:03Z,2026-08-16T14:00:00Z,99.2,0.0,0.0,0.0,0.0,0.0
3-5 дней,2026-08-12T10:47:03Z,2026-08-16T15:00:00Z,100.2,0.0,0.0,0.0,0.0,0.0
3-5 дней,2026-08-12T10:47:03Z,2026-08-16T16:00:00Z,101.2,0.0,0.0,0.0,0.0,0.0
3-5 дней,2026-08-12T10:47:03Z,2026-08-16T17:00:00Z,102.2,0.0,0.0,0.0,0.0,0.0
3-5 дней,2026-08-12T10:47:03Z,2026-08-16T18:00:00Z,103.2,0.0,0.0,0.0,0.0,0.0
3-5 дней,2026-08-12T10:47:03Z,2026-08-17T06:00:00Z,115.2,0.0,0.0,0.0,0.0,0.0
3-5 дней,2026-08-12T10:47:03Z,2026-08-17T07:00:00Z,116.2,0.0,0.0,0.0,0.0,0.0
3-5 дней,2026-08-12T10:47:03Z,2026-08-17T08:00:00Z,117.2,7.03,0.0,0.0,7.03,7.03
3-5 дней,2026-08-12T10:47:03Z,2026-08-17T09:00:00Z,118.2,7.03,12.5,0.0,-5.47,5.47
3-5 дней,2026-08-12T16:54:57Z,2026-08-15T17:00:00Z,72.1,0.0,0.0,12.5,0.0,0.0
3-5 дней,2026-08-12T16:54:57Z,2026-08-15T18:00:00Z,73.1,0.0,0.0,25.0,0.0,0.0
3-5 дней,2026-08-12T16:54:57Z,2026-08-16T06:00:00Z,85.1,0.0,0.0,0.0,0.0,0.0
3-5 дней,2026-08-12T16:54:57Z,2026-08-16T07:00:00Z,86.1,0.0,0.0,0.0,0.0,0.0
3-5 дней,2026-08-12T16:54:57Z,2026-08-16T08:00:00Z,87.1,0.0,0.0,0.0,0.0,0.0
3-5 дней,2026-08-12T16:54:57Z,2026-08-16T09:00:00Z,88.1,0.0,0.0,0.0,0.0,0.0
3-5 дней,2026-08-12T16:54:57Z,2026-08-16T10:00:00Z,89.1,0.0,0.0,0.0,0.0,0.0
3-5 дней,2026-08-12T16:54:57Z,2026-08-16T11:00:00Z,90.1,0.0,0.0,0.0,0.0,0.0
3-5 дней,2026-08-12T16:54:57Z,2026-08-16T12:00:00Z,91.1,0.0,0.0,0.0,0.0,0.0
3-5 дней,2026-08-12T16:54:57Z,2026-08-16T13:00:00Z,92.1,0.0,0.0,0.0,0.0,0.0
3-5 дней,2026-08-12T16:54:57Z,2026-08-16T14:00:00Z,93.1,0.0,0.0,0.0,0.0,0.0
3-5 дней,2026-08-12T16:54:57Z,2026-08-16T15:00:00Z,94.1,0.0,0.0,0.0,0.0,0.0
3-5 дней,2026-08-12T16:54:57Z,2026-08-16T16:00:00Z,95.1,0.0,0.0,0.0,0.0,0.0
3-5 дней,2026-08-12T16:54:57Z,2026-08-16T17:00:00Z,96.1,0.0,0.0,0.0,0.0,0.0
3-5 дней,2026-08-12T16:54:57Z,2026-08-16T18:00:00Z,97.1,0.0,0.0,0.0,0.0,0.0
3-5 дней,2026-08-12T16:54:57Z,2026-08-17T06:00:00Z,109.1,0.0,0.0,0.0,0.0,0.0
3-5 дней,2026-08-12T16:54:57Z,2026-08-17T07:00:00Z,110.1,0.0,0.0,0.0,0.0,0.0
3-5 дней,2026-08-12T16:54:57Z,2026-08-17T08:00:00Z,111.1,7.03,0.0,0.0,7.03,7.03
3-5 дней,2026-08-12T16:54:57Z,2026-08-17T09:00:00Z,112.1,7.03,12.5,0.0,-5.47,5.47
3-5 дней,2026-08-12T16:54:57Z,2026-08-17T10:00:00Z,113.1,7.03,12.5,0.0,-5.47,5.47
3-5 дней,2026-08-12T16:54:57Z,2026-08-17T11:00:00Z,114.1,6.25,12.5,0.0,-6.25,6.25
3-5 дней,2026-08-12T16:54:57Z,2026-08-17T12:00:00Z,115.1,6.25,25.0,0.0,-18.75,18.75
3-5 дней,2026-08-12T16:54:57Z,2026-08-17T13:00:00Z,116.1,6.25,37.5,0.0,-31.25,31.25
3-5 дней,2026-08-12T16:54:57Z,2026-08-17T14:00:00Z,117.1,57.03,25.0,0.0,32.03,32.03
3-5 дней,2026-08-12T16:54:57Z,2026-08-17T15:00:00Z,118.1,57.03,0.0,0.0,57.03,57.03
3-5 дней,2026-08-12T22:50:47Z,2026-08-16T06:00:00Z,79.2,0.0,0.0,0.0,0.0,0.0
3-5 дней,2026-08-12T22:50:47Z,2026-08-16T07:00:00Z,80.2,0.0,0.0,0.0,0.0,0.0
3-5 дней,2026-08-12T22:50:47Z,2026-08-16T08:00:00Z,81.2,0.0,0.0,0.0,0.0,0.0
3-5 дней,2026-08-12T22:50:47Z,2026-08-16T09:00:00Z,82.2,0.0,0.0,0.0,0.0,0.0
3-5 дней,2026-08-12T22:50:47Z,2026-08-16T10:00:00Z,83.2,0.0,0.0,0.0,0.0,0.0
3-5 дней,2026-08-12T22:50:47Z,2026-08-16T11:00:00Z,84.2,0.0,0.0,0.0,0.0,0.0
3-5 дней,2026-08-12T22:50:47Z,2026-08-16T12:00:00Z,85.2,0.0,0.0,0.0,0.0,0.0
3-5 дней,2026-08-12T22:50:47Z,2026-08-16T13:00:00Z,86.2,0.0,0.0,0.0,0.0,0.0
3-5 дней,2026-08-12T22:50:47Z,2026-08-16T14:00:00Z,87.2,0.0,0.0,0.0,0.0,0.0
3-5 дней,2026-08-12T22:50:47Z,2026-08-16T15:00:00Z,88.2,0.0,0.0,0.0,0.0,0.0
3-5 дней,2026-08-12T22:50:47Z,2026-08-16T16:00:00Z,89.2,0.0,0.0,0.0,0.0,0.0
3-5 дней,2026-08-12T22:50:47Z,2026-08-16T17:00:00Z,90.2,0.0,0.0,0.0,0.0,0.0
3-5 дней,2026-08-12T22:50:47Z,2026-08-16T18:00:00Z,91.2,0.0,0.0,0.0,0.0,0.0
3-5 дней,2026-08-12T22:50:47Z,2026-08-17T06:00:00Z,103.2,3.91,0.0,0.0,3.91,3.91
3-5 дней,2026-08-12T22:50:47Z,2026-08-17T07:00:00Z,104.2,3.91,0.0,0.0,3.91,3.91
3-5 дней,2026-08-12T22:50:47Z,2026-08-17T08:00:00Z,105.2,80.47,0.0,0.0,80.47,80.47
3-5 дней,2026-08-12T22:50:47Z,2026-08-17T09:00:00Z,106.2,80.47,12.5,0.0,67.97,67.97
3-5 дней,2026-08-12T22:50:47Z,2026-08-17T10:00:00Z,107.2,80.47,12.5,0.0,67.97,67.97
3-5 дней,2026-08-12T22:50:47Z,2026-08-17T11:00:00Z,108.2,14.06,12.5,0.0,1.56,1.56
3-5 дней,2026-08-12T22:50:47Z,2026-08-17T12:00:00Z,109.2,14.06,25.0,0.0,-10.94,10.94
3-5 дней,2026-08-12T22:50:47Z,2026-08-17T13:00:00Z,110.2,14.06,37.5,0.0,-23.44,23.44
3-5 дней,2026-08-12T22:50:47Z,2026-08-17T14:00:00Z,111.2,15.62,25.0,0.0,-9.38,9.38
3-5 дней,2026-08-12T22:50:47Z,2026-08-17T15:00:00Z,112.2,15.62,0.0,0.0,15.62,15.62
3-5 дней,2026-08-12T22:50:47Z,2026-08-17T16:00:00Z,113.2,15.62,0.0,0.0,15.62,15.62
3-5 дней,2026-08-12T22:50:47Z,2026-08-17T17:00:00Z,114.2,27.34,12.5,0.0,14.84,14.84
3-5 дней,2026-08-12T22:50:47Z,2026-08-17T18:00:00Z,115.2,27.34,37.5,0.0,-10.16,10.16
3-5 дней,2026-08-13T05:30:08Z,2026-08-16T06:00:00Z,72.5,0.0,0.0,0.0,0.0,0.0
3-5 дней,2026-08-13T05:30:08Z,2026-08-16T07:00:00Z,73.5,0.0,0.0,0.0,0.0,0.0
3-5 дней,2026-08-13T05:30:08Z,2026-08-16T08:00:00Z,74.5,0.0,0.0,0.0,0.0,0.0
3-5 дней,2026-08-13T05:30:08Z,2026-08-16T09:00:00Z,75.5,0.0,0.0,0.0,0.0,0.0
3-5 дней,2026-08-13T05:30:08Z,2026-08-16T10:00:00Z,76.5,0.0,0.0,0.0,0.0,0.0
3-5 дней,2026-08-13T05:30:08Z,2026-08-16T11:00:00Z,77.5,0.0,0.0,0.0,0.0,0.0
3-5 дней,2026-08-13T05:30:08Z,2026-08-16T12:00:00Z,78.5,0.0,0.0,0.0,0.0,0.0
3-5 дней,2026-08-13T05:30:08Z,2026-08-16T13:00:00Z,79.5,0.0,0.0,0.0,0.0,0.0
3-5 дней,2026-08-13T05:30:08Z,2026-08-16T14:00:00Z,80.5,0.0,0.0,0.0,0.0,0.0
3-5 дней,2026-08-13T05:30:08Z,2026-08-16T15:00:00Z,81.5,0.0,0.0,0.0,0.0,0.0
3-5 дней,2026-08-13T05:30:08Z,2026-08-16T16:00:00Z,82.5,0.0,0.0,0.0,0.0,0.0
3-5 дней,2026-08-13T05:30:08Z,2026-08-16T17:00:00Z,83.5,0.0,0.0,0.0,0.0,0.0
3-5 дней,2026-08-13T05:30:08Z,2026-08-16T18:00:00Z,84.5,0.0,0.0,0.0,0.0,0.0
3-5 дней,2026-08-13T05:30:08Z,2026-08-17T06:00:00Z,96.5,3.91,0.0,0.0,3.91,3.91
3-5 дней,2026-08-13T05:30:08Z,2026-08-17T07:00:00Z,97.5,3.91,0.0,0.0,3.91,3.91
3-5 дней,2026-08-13T05:30:08Z,2026-08-17T08:00:00Z,98.5,80.47,0.0,0.0,80.47,80.47
3-5 дней,2026-08-13T05:30:08Z,2026-08-17T09:00:00Z,99.5,80.47,12.5,0.0,67.97,67.97
3-5 дней,2026-08-13T05:30:08Z,2026-08-17T10:00:00Z,100.5,80.47,12.5,0.0,67.97,67.97
3-5 дней,2026-08-13T05:30:08Z,2026-08-17T11:00:00Z,101.5,14.06,12.5,0.0,1.56,1.56
3-5 дней,2026-08-13T05:30:08Z,2026-08-17T12:00:00Z,102.5,14.06,25.0,0.0,-10.94,10.94
3-5 дней,2026-08-13T05:30:08Z,2026-08-17T13:00:00Z,103.5,14.06,37.5,0.0,-23.44,23.44
3-5 дней,2026-08-13T05:30:08Z,2026-08-17T14:00:00Z,104.5,15.62,25.0,0.0,-9.38,9.38
3-5 дней,2026-08-13T05:30:08Z,2026-08-17T15:00:00Z,105.5,15.62,0.0,0.0,15.62,15.62
3-5 дней,2026-08-13T05:30:08Z,2026-08-17T16:00:00Z,106.5,15.62,0.0,0.0,15.62,15.62
3-5 дней,2026-08-13T05:30:08Z,2026-08-17T17:00:00Z,107.5,27.34,12.5,0.0,14.84,14.84
3-5 дней,2026-08-13T05:30:08Z,2026-08-17T18:00:00Z,108.5,27.34,37.5,0.0,-10.16,10.16
3-5 дней,2026-08-13T10:49:01Z,2026-08-16T11:00:00Z,72.2,0.0,0.0,0.0,0.0,0.0
3-5 дней,2026-08-13T10:49:01Z,2026-08-16T12:00:00Z,73.2,0.0,0.0,0.0,0.0,0.0
3-5 дней,2026-08-13T10:49:01Z,2026-08-16T13:00:00Z,74.2,0.0,0.0,0.0,0.0,0.0
3-5 дней,2026-08-13T10:49:01Z,2026-08-16T14:00:00Z,75.2,0.0,0.0,0.0,0.0,0.0
3-5 дней,2026-08-13T10:49:01Z,2026-08-16T15:00:00Z,76.2,0.0,0.0,0.0,0.0,0.0
3-5 дней,2026-08-13T10:49:01Z,2026-08-16T16:00:00Z,77.2,0.0,0.0,0.0,0.0,0.0
3-5 дней,2026-08-13T10:49:01Z,2026-08-16T17:00:00Z,78.2,0.0,0.0,0.0,0.0,0.0
3-5 дней,2026-08-13T10:49:01Z,2026-08-16T18:00:00Z,79.2,0.0,0.0,0.0,0.0,0.0
3-5 дней,2026-08-13T10:49:01Z,2026-08-17T06:00:00Z,91.2,0.0,0.0,0.0,0.0,0.0
3-5 дней,2026-08-13T10:49:01Z,2026-08-17T07:00:00Z,92.2,0.0,0.0,0.0,0.0,0.0
3-5 дней,2026-08-13T10:49:01Z,2026-08-17T08:00:00Z,93.2,0.0,0.0,0.0,0.0,0.0
3-5 дней,2026-08-13T10:49:01Z,2026-08-17T09:00:00Z,94.2,0.0,12.5,0.0,-12.5,12.5
3-5 дней,2026-08-13T10:49:01Z,2026-08-17T10:00:00Z,95.2,0.0,12.5,0.0,-12.5,12.5
3-5 дней,2026-08-13T10:49:01Z,2026-08-17T11:00:00Z,96.2,0.0,12.5,0.0,-12.5,12.5
3-5 дней,2026-08-13T10:49:01Z,2026-08-17T12:00:00Z,97.2,0.0,25.0,0.0,-25.0,25.0
3-5 дней,2026-08-13T10:49:01Z,2026-08-17T13:00:00Z,98.2,0.0,37.5,0.0,-37.5,37.5
3-5 дней,2026-08-13T10:49:01Z,2026-08-17T14:00:00Z,99.2,0.0,25.0,0.0,-25.0,25.0
3-5 дней,2026-08-13T10:49:01Z,2026-08-17T15:00:00Z,100.2,0.0,0.0,0.0,0.0,0.0
3-5 дней,2026-08-13T10:49:01Z,2026-08-17T16:00:00Z,101.2,0.0,0.0,0.0,0.0,0.0
3-5 дней,2026-08-13T10:49:01Z,2026-08-17T17:00:00Z,102.2,3.12,12.5,0.0,-9.38,9.38
3-5 дней,2026-08-13T10:49:01Z,2026-08-17T18:00:00Z,103.2,3.12,37.5,0.0,-34.38,34.38
3-5 дней,2026-08-13T10:49:01Z,2026-08-18T06:00:00Z,115.2,92.97,100.0,0.0,-7.03,7.03
3-5 дней,2026-08-13T10:49:01Z,2026-08-18T07:00:00Z,116.2,92.97,87.5,0.0,5.47,5.47
3-5 дней,2026-08-13T10:49:01Z,2026-08-18T08:00:00Z,117.2,100.0,75.0,0.0,25.0,25.0
3-5 дней,2026-08-13T10:49:01Z,2026-08-18T09:00:00Z,118.2,100.0,50.0,12.5,50.0,50.0
3-5 дней,2026-08-13T16:36:10Z,2026-08-16T17:00:00Z,72.4,0.0,0.0,0.0,0.0,0.0
3-5 дней,2026-08-13T16:36:10Z,2026-08-16T18:00:00Z,73.4,0.0,0.0,0.0,0.0,0.0
3-5 дней,2026-08-13T16:36:10Z,2026-08-17T06:00:00Z,85.4,0.0,0.0,0.0,0.0,0.0
3-5 дней,2026-08-13T16:36:10Z,2026-08-17T07:00:00Z,86.4,0.0,0.0,0.0,0.0,0.0
3-5 дней,2026-08-13T16:36:10Z,2026-08-17T08:00:00Z,87.4,0.0,0.0,0.0,0.0,0.0
3-5 дней,2026-08-13T16:36:10Z,2026-08-17T09:00:00Z,88.4,0.0,12.5,0.0,-12.5,12.5
3-5 дней,2026-08-13T16:36:10Z,2026-08-17T10:00:00Z,89.4,0.0,12.5,0.0,-12.5,12.5
3-5 дней,2026-08-13T16:36:10Z,2026-08-17T11:00:00Z,90.4,0.0,12.5,0.0,-12.5,12.5
3-5 дней,2026-08-13T16:36:10Z,2026-08-17T12:00:00Z,91.4,0.0,25.0,0.0,-25.0,25.0
3-5 дней,2026-08-13T16:36:10Z,2026-08-17T13:00:00Z,92.4,0.0,37.5,0.0,-37.5,37.5
3-5 дней,2026-08-13T16:36:10Z,2026-08-17T14:00:00Z,93.4,0.0,25.0,0.0,-25.0,25.0
3-5 дней,2026-08-13T16:36:10Z,2026-08-17T15:00:00Z,94.4,0.0,0.0,0.0,0.0,0.0
3-5 дней,2026-08-13T16:36:10Z,2026-08-17T16:00:00Z,95.4,0.0,0.0,0.0,0.0,0.0
3-5 дней,2026-08-13T16:36:10Z,2026-08-17T17:00:00Z,96.4,3.12,12.5,0.0,-9.38,9.38
3-5 дней,2026-08-13T16:36:10Z,2026-08-17T18:00:00Z,97.4,3.12,37.5,0.0,-34.38,34.38
3-5 дней,2026-08-13T16:36:10Z,2026-08-18T06:00:00Z,109.4,92.97,100.0,0.0,-7.03,7.03
3-5 дней,2026-08-13T16:36:10Z,2026-08-18T07:00:00Z,110.4,92.97,87.5,0.0,5.47,5.47
3-5 дней,2026-08-13T16:36:10Z,2026-08-18T08:00:00Z,111.4,100.0,75.0,0.0,25.0,25.0
3-5 дней,2026-08-13T16:36:10Z,2026-08-18T09:00:00Z,112.4,100.0,50.0,12.5,50.0,50.0
3-5 дней,2026-08-13T16:36:10Z,2026-08-18T10:00:00Z,113.4,100.0,37.5,12.5,62.5,62.5
3-5 дней,2026-08-13T16:36:10Z,2026-08-18T11:00:00Z,114.4,1.56,50.0,12.5,-48.44,48.44
3-5 дней,2026-08-13T16:36:10Z,2026-08-18T12:00:00Z,115.4,1.56,75.0,25.0,-73.44,73.44
3-5 дней,2026-08-13T16:36:10Z,2026-08-18T13:00:00Z,116.4,1.56,75.0,37.5,-73.44,73.44
3-5 дней,2026-08-13T16:36:10Z,2026-08-18T14:00:00Z,117.4,3.12,62.5,25.0,-59.38,59.38
3-5 дней,2026-08-13T16:36:10Z,2026-08-18T15:00:00Z,118.4,3.12,25.0,0.0,-21.88,21.88
3-5 дней,2026-08-13T16:42:24Z,2026-08-16T17:00:00Z,72.3,0.0,0.0,0.0,0.0,0.0
3-5 дней,2026-08-13T16:42:24Z,2026-08-16T18:00:00Z,73.3,0.0,0.0,0.0,0.0,0.0
3-5 дней,2026-08-13T16:42:24Z,2026-08-17T06:00:00Z,85.3,0.0,0.0,0.0,0.0,0.0
3-5 дней,2026-08-13T16:42:24Z,2026-08-17T07:00:00Z,86.3,0.0,0.0,0.0,0.0,0.0
3-5 дней,2026-08-13T16:42:24Z,2026-08-17T08:00:00Z,87.3,0.0,0.0,0.0,0.0,0.0
3-5 дней,2026-08-13T16:42:24Z,2026-08-17T09:00:00Z,88.3,0.0,12.5,0.0,-12.5,12.5
3-5 дней,2026-08-13T16:42:24Z,2026-08-17T10:00:00Z,89.3,0.0,12.5,0.0,-12.5,12.5
3-5 дней,2026-08-13T16:42:24Z,2026-08-17T11:00:00Z,90.3,0.0,12.5,0.0,-12.5,12.5
3-5 дней,2026-08-13T16:42:24Z,2026-08-17T12:00:00Z,91.3,0.0,25.0,0.0,-25.0,25.0
3-5 дней,2026-08-13T16:42:24Z,2026-08-17T13:00:00Z,92.3,0.0,37.5,0.0,-37.5,37.5
3-5 дней,2026-08-13T16:42:24Z,2026-08-17T14:00:00Z,93.3,0.0,25.0,0.0,-25.0,25.0
3-5 дней,2026-08-13T16:42:24Z,2026-08-17T15:00:00Z,94.3,0.0,0.0,0.0,0.0,0.0
3-5 дней,2026-08-13T16:42:24Z,2026-08-17T16:00:00Z,95.3,0.0,0.0,0.0,0.0,0.0
3-5 дней,2026-08-13T16:42:24Z,2026-08-17T17:00:00Z,96.3,3.12,12.5,0.0,-9.38,9.38
3-5 дней,2026-08-13T16:42:24Z,2026-08-17T18:00:00Z,97.3,3.12,37.5,0.0,-34.38,34.38
3-5 дней,2026-08-13T16:42:24Z,2026-08-18T06:00:00Z,109.3,92.97,100.0,0.0,-7.03,7.03
3-5 дней,2026-08-13T16:42:24Z,2026-08-18T07:00:00Z,110.3,92.97,87.5,0.0,5.47,5.47
3-5 дней,2026-08-13T16:42:24Z,2026-08-18T08:00:00Z,111.3,100.0,75.0,0.0,25.0,25.0
3-5 дней,2026-08-13T16:42:24Z,2026-08-18T09:00:00Z,112.3,100.0,50.0,12.5,50.0,50.0
3-5 дней,2026-08-13T16:42:24Z,2026-08-18T10:00:00Z,113.3,100.0,37.5,12.5,62.5,62.5
3-5 дней,2026-08-13T16:42:24Z,2026-08-18T11:00:00Z,114.3,1.56,50.0,12.5,-48.44,48.44
3-5 дней,2026-08-13T16:42:24Z,2026-08-18T12:00:00Z,115.3,1.56,75.0,25.0,-73.44,73.44
3-5 дней,2026-08-13T16:42:24Z,2026-08-18T13:00:00Z,116.3,1.56,75.0,37.5,-73.44,73.44
3-5 дней,2026-08-13T16:42:24Z,2026-08-18T14:00:00Z,117.3,3.12,62.5,25.0,-59.38,59.38
3-5 дней,2026-08-13T16:42:24Z,2026-08-18T15:00:00Z,118.3,3.12,25.0,0.0,-21.88,21.88
3-5 дней,2026-08-13T16:54:22Z,2026-08-16T17:00:00Z,72.1,0.0,0.0,0.0,0.0,0.0
3-5 дней,2026-08-13T16:54:22Z,2026-08-16T18:00:00Z,73.1,0.0,0.0,0.0,0.0,0.0
3-5 дней,2026-08-13T16:54:22Z,2026-08-17T06:00:00Z,85.1,0.0,0.0,0.0,0.0,0.0
3-5 дней,2026-08-13T16:54:22Z,2026-08-17T07:00:00Z,86.1,0.0,0.0,0.0,0.0,0.0
3-5 дней,2026-08-13T16:54:22Z,2026-08-17T08:00:00Z,87.1,0.0,0.0,0.0,0.0,0.0
3-5 дней,2026-08-13T16:54:22Z,2026-08-17T09:00:00Z,88.1,0.0,12.5,0.0,-12.5,12.5
3-5 дней,2026-08-13T16:54:22Z,2026-08-17T10:00:00Z,89.1,0.0,12.5,0.0,-12.5,12.5
3-5 дней,2026-08-13T16:54:22Z,2026-08-17T11:00:00Z,90.1,0.0,12.5,0.0,-12.5,12.5
3-5 дней,2026-08-13T16:54:22Z,2026-08-17T12:00:00Z,91.1,0.0,25.0,0.0,-25.0,25.0
3-5 дней,2026-08-13T16:54:22Z,2026-08-17T13:00:00Z,92.1,0.0,37.5,0.0,-37.5,37.5
3-5 дней,2026-08-13T16:54:22Z,2026-08-17T14:00:00Z,93.1,0.0,25.0,0.0,-25.0,25.0
3-5 дней,2026-08-13T16:54:22Z,2026-08-17T15:00:00Z,94.1,0.0,0.0,0.0,0.0,0.0
3-5 дней,2026-08-13T16:54:22Z,2026-08-17T16:00:00Z,95.1,0.0,0.0,0.0,0.0,0.0
3-5 дней,2026-08-13T16:54:22Z,2026-08-17T17:00:00Z,96.1,3.12,12.5,0.0,-9.38,9.38
3-5 дней,2026-08-13T16:54:22Z,2026-08-17T18:00:00Z,97.1,3.12,37.5,0.0,-34.38,34.38
3-5 дней,2026-08-13T16:54:22Z,2026-08-18T06:00:00Z,109.1,92.97,100.0,0.0,-7.03,7.03
3-5 дней,2026-08-13T16:54:22Z,2026-08-18T07:00:00Z,110.1,92.97,87.5,0.0,5.47,5.47
3-5 дней,2026-08-13T16:54:22Z,2026-08-18T08:00:00Z,111.1,100.0,75.0,0.0,25.0,25.0
3-5 дней,2026-08-13T16:54:22Z,2026-08-18T09:00:00Z,112.1,100.0,50.0,12.5,50.0,50.0
3-5 дней,2026-08-13T16:54:22Z,2026-08-18T10:00:00Z,113.1,100.0,37.5,12.5,62.5,62.5
3-5 дней,2026-08-13T16:54:22Z,2026-08-18T11:00:00Z,114.1,1.56,50.0,12.5,-48.44,48.44
3-5 дней,2026-08-13T16:54:22Z,2026-08-18T12:00:00Z,115.1,1.56,75.0,25.0,-73.44,73.44
3-5 дней,2026-08-13T16:54:22Z,2026-08-18T13:00:00Z,116.1,1.56,75.0,37.5,-73.44,73.44
3-5 дней,2026-08-13T16:54:22Z,2026-08-18T14:00:00Z,117.1,3.12,62.5,25.0,-59.38,59.38
3-5 дней,2026-08-13T16:54:22Z,2026-08-18T15:00:00Z,118.1,3.12,25.0,0.0,-21.88,21.88
3-5 дней,2026-08-13T22:52:17Z,2026-08-17T06:00:00Z,79.1,41.41,0.0,0.0,41.41,41.41
3-5 дней,2026-08-13T22:52:17Z,2026-08-17T07:00:00Z,80.1,41.41,0.0,0.0,41.41,41.41
3-5 дней,2026-08-13T22:52:17Z,2026-08-17T08:00:00Z,81.1,64.84,0.0,0.0,64.84,64.84
3-5 дней,2026-08-13T22:52:17Z,2026-08-17T09:00:00Z,82.1,64.84,12.5,0.0,52.34,52.34
3-5 дней,2026-08-13T22:52:17Z,2026-08-17T10:00:00Z,83.1,64.84,12.5,0.0,52.34,52.34
3-5 дней,2026-08-13T22:52:17Z,2026-08-17T11:00:00Z,84.1,64.84,12.5,0.0,52.34,52.34
3-5 дней,2026-08-13T22:52:17Z,2026-08-17T12:00:00Z,85.1,64.84,25.0,0.0,39.84,39.84
3-5 дней,2026-08-13T22:52:17Z,2026-08-17T13:00:00Z,86.1,64.84,37.5,0.0,27.34,27.34
3-5 дней,2026-08-13T22:52:17Z,2026-08-17T14:00:00Z,87.1,99.22,25.0,0.0,74.22,74.22
3-5 дней,2026-08-13T22:52:17Z,2026-08-17T15:00:00Z,88.1,99.22,0.0,0.0,99.22,99.22
3-5 дней,2026-08-13T22:52:17Z,2026-08-17T16:00:00Z,89.1,99.22,0.0,0.0,99.22,99.22
3-5 дней,2026-08-13T22:52:17Z,2026-08-17T17:00:00Z,90.1,99.22,12.5,0.0,86.72,86.72
3-5 дней,2026-08-13T22:52:17Z,2026-08-17T18:00:00Z,91.1,99.22,37.5,0.0,61.72,61.72
3-5 дней,2026-08-13T22:52:17Z,2026-08-18T06:00:00Z,103.1,0.0,100.0,0.0,-100.0,100.0
3-5 дней,2026-08-13T22:52:17Z,2026-08-18T07:00:00Z,104.1,0.0,87.5,0.0,-87.5,87.5
3-5 дней,2026-08-13T22:52:17Z,2026-08-18T08:00:00Z,105.1,0.78,75.0,0.0,-74.22,74.22
3-5 дней,2026-08-13T22:52:17Z,2026-08-18T09:00:00Z,106.1,0.78,50.0,12.5,-49.22,49.22
3-5 дней,2026-08-13T22:52:17Z,2026-08-18T10:00:00Z,107.1,0.78,37.5,12.5,-36.72,36.72
3-5 дней,2026-08-13T22:52:17Z,2026-08-18T11:00:00Z,108.1,42.97,50.0,12.5,-7.03,7.03
3-5 дней,2026-08-13T22:52:17Z,2026-08-18T12:00:00Z,109.1,42.97,75.0,25.0,-32.03,32.03
3-5 дней,2026-08-13T22:52:17Z,2026-08-18T13:00:00Z,110.1,42.97,75.0,37.5,-32.03,32.03
3-5 дней,2026-08-13T22:52:17Z,2026-08-18T14:00:00Z,111.1,22.66,62.5,25.0,-39.84,39.84
3-5 дней,2026-08-13T22:52:17Z,2026-08-18T15:00:00Z,112.1,22.66,25.0,0.0,-2.34,2.34
3-5 дней,2026-08-13T22:52:17Z,2026-08-18T16:00:00Z,113.1,22.66,37.5,0.0,-14.84,14.84
3-5 дней,2026-08-13T22:52:17Z,2026-08-18T17:00:00Z,114.1,67.19,37.5,12.5,29.69,29.69
3-5 дней,2026-08-13T22:52:17Z,2026-08-18T18:00:00Z,115.1,67.19,75.0,37.5,-7.81,7.81
3-5 дней,2026-08-14T05:28:14Z,2026-08-17T06:00:00Z,72.5,0.0,0.0,0.0,0.0,0.0
3-5 дней,2026-08-14T05:28:14Z,2026-08-17T07:00:00Z,73.5,0.0,0.0,0.0,0.0,0.0
3-5 дней,2026-08-14T05:28:14Z,2026-08-17T08:00:00Z,74.5,21.09,0.0,0.0,21.09,21.09
3-5 дней,2026-08-14T05:28:14Z,2026-08-17T09:00:00Z,75.5,26.56,12.5,0.0,14.06,14.06
3-5 дней,2026-08-14T05:28:14Z,2026-08-17T10:00:00Z,76.5,28.91,12.5,0.0,16.41,16.41
3-5 дней,2026-08-14T05:28:14Z,2026-08-17T11:00:00Z,77.5,34.38,12.5,0.0,21.88,21.88
3-5 дней,2026-08-14T05:28:14Z,2026-08-17T12:00:00Z,78.5,68.75,25.0,0.0,43.75,43.75
3-5 дней,2026-08-14T05:28:14Z,2026-08-17T13:00:00Z,79.5,68.75,37.5,0.0,31.25,31.25
3-5 дней,2026-08-14T05:28:14Z,2026-08-17T14:00:00Z,80.5,99.22,25.0,0.0,74.22,74.22
3-5 дней,2026-08-14T05:28:14Z,2026-08-17T15:00:00Z,81.5,99.22,0.0,0.0,99.22,99.22
3-5 дней,2026-08-14T05:28:14Z,2026-08-17T16:00:00Z,82.5,99.22,0.0,0.0,99.22,99.22
3-5 дней,2026-08-14T05:28:14Z,2026-08-17T17:00:00Z,83.5,99.22,12.5,0.0,86.72,86.72
3-5 дней,2026-08-14T05:28:14Z,2026-08-17T18:00:00Z,84.5,99.22,37.5,0.0,61.72,61.72
3-5 дней,2026-08-14T05:28:14Z,2026-08-18T06:00:00Z,96.5,0.0,100.0,0.0,-100.0,100.0
3-5 дней,2026-08-14T05:28:14Z,2026-08-18T07:00:00Z,97.5,0.0,87.5,0.0,-87.5,87.5
3-5 дней,2026-08-14T05:28:14Z,2026-08-18T08:00:00Z,98.5,0.78,75.0,0.0,-74.22,74.22
3-5 дней,2026-08-14T05:28:14Z,2026-08-18T09:00:00Z,99.5,0.78,50.0,12.5,-49.22,49.22
3-5 дней,2026-08-14T05:28:14Z,2026-08-18T10:00:00Z,100.5,0.78,37.5,12.5,-36.72,36.72
3-5 дней,2026-08-14T05:28:14Z,2026-08-18T11:00:00Z,101.5,42.97,50.0,12.5,-7.03,7.03
3-5 дней,2026-08-14T05:28:14Z,2026-08-18T12:00:00Z,102.5,42.97,75.0,25.0,-32.03,32.03
3-5 дней,2026-08-14T05:28:14Z,2026-08-18T13:00:00Z,103.5,42.97,75.0,37.5,-32.03,32.03
3-5 дней,2026-08-14T05:28:14Z,2026-08-18T14:00:00Z,104.5,22.66,62.5,25.0,-39.84,39.84
3-5 дней,2026-08-14T05:28:14Z,2026-08-18T15:00:00Z,105.5,22.66,25.0,0.0,-2.34,2.34
3-5 дней,2026-08-14T05:28:14Z,2026-08-18T16:00:00Z,106.5,22.66,37.5,0.0,-14.84,14.84
3-5 дней,2026-08-14T05:28:14Z,2026-08-18T17:00:00Z,107.5,67.19,37.5,12.5,29.69,29.69
3-5 дней,2026-08-14T05:28:14Z,2026-08-18T18:00:00Z,108.5,67.19,75.0,37.5,-7.81,7.81
3-5 дней,2026-08-14T10:44:54Z,2026-08-17T11:00:00Z,72.3,33.59,12.5,0.0,21.09,21.09
3-5 дней,2026-08-14T10:44:54Z,2026-08-17T12:00:00Z,73.3,32.81,25.0,0.0,7.81,7.81
3-5 дней,2026-08-14T10:44:54Z,2026-08-17T13:00:00Z,74.3,62.5,37.5,0.0,25.0,25.0
3-5 дней,2026-08-14T10:44:54Z,2026-08-17T14:00:00Z,75.3,43.75,25.0,0.0,18.75,18.75
3-5 дней,2026-08-14T10:44:54Z,2026-08-17T15:00:00Z,76.3,86.72,0.0,0.0,86.72,86.72
3-5 дней,2026-08-14T10:44:54Z,2026-08-17T16:00:00Z,77.3,99.22,0.0,0.0,99.22,99.22
3-5 дней,2026-08-14T10:44:54Z,2026-08-17T17:00:00Z,78.3,100.0,12.5,0.0,87.5,87.5
3-5 дней,2026-08-14T10:44:54Z,2026-08-17T18:00:00Z,79.3,100.0,37.5,0.0,62.5,62.5
3-5 дней,2026-08-14T10:44:54Z,2026-08-18T06:00:00Z,91.3,3.91,100.0,0.0,-96.09,96.09
3-5 дней,2026-08-14T10:44:54Z,2026-08-18T07:00:00Z,92.3,3.91,87.5,0.0,-83.59,83.59
3-5 дней,2026-08-14T10:44:54Z,2026-08-18T08:00:00Z,93.3,23.44,75.0,0.0,-51.56,51.56
3-5 дней,2026-08-14T10:44:54Z,2026-08-18T09:00:00Z,94.3,23.44,50.0,12.5,-26.56,26.56
3-5 дней,2026-08-14T10:44:54Z,2026-08-18T10:00:00Z,95.3,23.44,37.5,12.5,-14.06,14.06
3-5 дней,2026-08-14T10:44:54Z,2026-08-18T11:00:00Z,96.3,0.0,50.0,12.5,-50.0,50.0
3-5 дней,2026-08-14T10:44:54Z,2026-08-18T12:00:00Z,97.3,0.0,75.0,25.0,-75.0,75.0
3-5 дней,2026-08-14T10:44:54Z,2026-08-18T13:00:00Z,98.3,0.0,75.0,37.5,-75.0,75.0
3-5 дней,2026-08-14T10:44:54Z,2026-08-18T14:00:00Z,99.3,3.12,62.5,25.0,-59.38,59.38
3-5 дней,2026-08-14T10:44:54Z,2026-08-18T15:00:00Z,100.3,3.12,25.0,0.0,-21.88,21.88
3-5 дней,2026-08-14T10:44:54Z,2026-08-18T16:00:00Z,101.3,3.12,37.5,0.0,-34.38,34.38
3-5 дней,2026-08-14T10:44:54Z,2026-08-18T17:00:00Z,102.3,99.22,37.5,12.5,61.72,61.72
3-5 дней,2026-08-14T10:44:54Z,2026-08-18T18:00:00Z,103.3,99.22,75.0,37.5,24.22,24.22
3-5 дней,2026-08-14T10:44:54Z,2026-08-19T06:00:00Z,115.3,96.09,87.5,100.0,8.59,8.59
3-5 дней,2026-08-14T10:44:54Z,2026-08-19T07:00:00Z,116.3,96.09,87.5,87.5,8.59,8.59
3-5 дней,2026-08-14T10:44:54Z,2026-08-19T08:00:00Z,117.3,19.53,12.5,75.0,7.03,7.03
3-5 дней,2026-08-14T10:44:54Z,2026-08-19T09:00:00Z,118.3,19.53,12.5,50.0,7.03,7.03
3-5 дней,2026-08-14T16:48:33Z,2026-08-17T17:00:00Z,72.2,99.22,12.5,0.0,86.72,86.72
3-5 дней,2026-08-14T16:48:33Z,2026-08-17T18:00:00Z,73.2,100.0,37.5,0.0,62.5,62.5
3-5 дней,2026-08-14T16:48:33Z,2026-08-18T06:00:00Z,85.2,3.91,100.0,0.0,-96.09,96.09
3-5 дней,2026-08-14T16:48:33Z,2026-08-18T07:00:00Z,86.2,3.91,87.5,0.0,-83.59,83.59
3-5 дней,2026-08-14T16:48:33Z,2026-08-18T08:00:00Z,87.2,23.44,75.0,0.0,-51.56,51.56
3-5 дней,2026-08-14T16:48:33Z,2026-08-18T09:00:00Z,88.2,23.44,50.0,12.5,-26.56,26.56
3-5 дней,2026-08-14T16:48:33Z,2026-08-18T10:00:00Z,89.2,23.44,37.5,12.5,-14.06,14.06
3-5 дней,2026-08-14T16:48:33Z,2026-08-18T11:00:00Z,90.2,0.0,50.0,12.5,-50.0,50.0
3-5 дней,2026-08-14T16:48:33Z,2026-08-18T12:00:00Z,91.2,0.0,75.0,25.0,-75.0,75.0
3-5 дней,2026-08-14T16:48:33Z,2026-08-18T13:00:00Z,92.2,0.0,75.0,37.5,-75.0,75.0
3-5 дней,2026-08-14T16:48:33Z,2026-08-18T14:00:00Z,93.2,3.12,62.5,25.0,-59.38,59.38
3-5 дней,2026-08-14T16:48:33Z,2026-08-18T15:00:00Z,94.2,3.12,25.0,0.0,-21.88,21.88
3-5 дней,2026-08-14T16:48:33Z,2026-08-18T16:00:00Z,95.2,3.12,37.5,0.0,-34.38,34.38
3-5 дней,2026-08-14T16:48:33Z,2026-08-18T17:00:00Z,96.2,99.22,37.5,12.5,61.72,61.72
3-5 дней,2026-08-14T16:48:33Z,2026-08-18T18:00:00Z,97.2,99.22,75.0,37.5,24.22,24.22
3-5 дней,2026-08-14T16:48:33Z,2026-08-19T06:00:00Z,109.2,96.09,87.5,100.0,8.59,8.59
3-5 дней,2026-08-14T16:48:33Z,2026-08-19T07:00:00Z,110.2,96.09,87.5,87.5,8.59,8.59
3-5 дней,2026-08-14T16:48:33Z,2026-08-19T08:00:00Z,111.2,19.53,12.5,75.0,7.03,7.03
3-5 дней,2026-08-14T16:48:33Z,2026-08-19T09:00:00Z,112.2,19.53,12.5,50.0,7.03,7.03
3-5 дней,2026-08-14T16:48:33Z,2026-08-19T10:00:00Z,113.2,19.53,50.0,37.5,-30.47,30.47
3-5 дней,2026-08-14T16:48:33Z,2026-08-19T11:00:00Z,114.2,4.69,62.5,50.0,-57.81,57.81
3-5 дней,2026-08-14T16:48:33Z,2026-08-19T12:00:00Z,115.2,4.69,12.5,75.0,-7.81,7.81
3-5 дней,2026-08-14T16:48:33Z,2026-08-19T13:00:00Z,116.2,4.69,0.0,75.0,4.69,4.69
3-5 дней,2026-08-14T16:48:33Z,2026-08-19T14:00:00Z,117.2,0.0,0.0,62.5,0.0,0.0
3-5 дней,2026-08-14T16:48:33Z,2026-08-19T15:00:00Z,118.2,0.0,0.0,25.0,0.0,0.0
3-5 дней,2026-08-14T22:30:55Z,2026-08-18T06:00:00Z,79.5,57.03,100.0,0.0,-42.97,42.97
3-5 дней,2026-08-14T22:30:55Z,2026-08-18T07:00:00Z,80.5,57.03,87.5,0.0,-30.47,30.47
3-5 дней,2026-08-14T22:30:55Z,2026-08-18T08:00:00Z,81.5,3.91,75.0,0.0,-71.09,71.09
3-5 дней,2026-08-14T22:30:55Z,2026-08-18T09:00:00Z,82.5,3.91,50.0,12.5,-46.09,46.09
3-5 дней,2026-08-14T22:30:55Z,2026-08-18T10:00:00Z,83.5,3.91,37.5,12.5,-33.59,33.59
3-5 дней,2026-08-14T22:30:55Z,2026-08-18T11:00:00Z,84.5,16.41,50.0,12.5,-33.59,33.59
3-5 дней,2026-08-14T22:30:55Z,2026-08-18T12:00:00Z,85.5,16.41,75.0,25.0,-58.59,58.59
3-5 дней,2026-08-14T22:30:55Z,2026-08-18T13:00:00Z,86.5,16.41,75.0,37.5,-58.59,58.59
3-5 дней,2026-08-14T22:30:55Z,2026-08-18T14:00:00Z,87.5,5.47,62.5,25.0,-57.03,57.03
3-5 дней,2026-08-14T22:30:55Z,2026-08-18T15:00:00Z,88.5,5.47,25.0,0.0,-19.53,19.53
3-5 дней,2026-08-14T22:30:55Z,2026-08-18T16:00:00Z,89.5,5.47,37.5,0.0,-32.03,32.03
3-5 дней,2026-08-14T22:30:55Z,2026-08-18T17:00:00Z,90.5,61.72,37.5,12.5,24.22,24.22
3-5 дней,2026-08-14T22:30:55Z,2026-08-18T18:00:00Z,91.5,61.72,75.0,37.5,-13.28,13.28
3-5 дней,2026-08-14T22:30:55Z,2026-08-19T06:00:00Z,103.5,17.97,87.5,100.0,-69.53,69.53
3-5 дней,2026-08-14T22:30:55Z,2026-08-19T07:00:00Z,104.5,17.97,87.5,87.5,-69.53,69.53
3-5 дней,2026-08-14T22:30:55Z,2026-08-19T08:00:00Z,105.5,39.84,12.5,75.0,27.34,27.34
3-5 дней,2026-08-14T22:30:55Z,2026-08-19T09:00:00Z,106.5,39.84,12.5,50.0,27.34,27.34
3-5 дней,2026-08-14T22:30:55Z,2026-08-19T10:00:00Z,107.5,39.84,50.0,37.5,-10.16,10.16
3-5 дней,2026-08-14T22:30:55Z,2026-08-19T11:00:00Z,108.5,32.03,62.5,50.0,-30.47,30.47
3-5 дней,2026-08-14T22:30:55Z,2026-08-19T12:00:00Z,109.5,32.03,12.5,75.0,19.53,19.53
3-5 дней,2026-08-14T22:30:55Z,2026-08-19T13:00:00Z,110.5,32.03,0.0,75.0,32.03,32.03
3-5 дней,2026-08-14T22:30:55Z,2026-08-19T14:00:00Z,111.5,0.0,0.0,62.5,0.0,0.0
3-5 дней,2026-08-14T22:30:55Z,2026-08-19T15:00:00Z,112.5,0.0,0.0,25.0,0.0,0.0
3-5 дней,2026-08-14T22:30:55Z,2026-08-19T16:00:00Z,113.5,0.0,0.0,37.5,0.0,0.0
3-5 дней,2026-08-14T22:30:55Z,2026-08-19T17:00:00Z,114.5,2.34,12.5,37.5,-10.16,10.16
3-5 дней,2026-08-14T22:30:55Z,2026-08-19T18:00:00Z,115.5,2.34,0.0,75.0,2.34,2.34
3-5 дней,2026-08-15T04:24:15Z,2026-08-18T06:00:00Z,73.6,99.22,100.0,0.0,-0.78,0.78
3-5 дней,2026-08-15T04:24:15Z,2026-08-18T07:00:00Z,74.6,27.34,87.5,0.0,-60.16,60.16
3-5 дней,2026-08-15T04:24:15Z,2026-08-18T08:00:00Z,75.6,100.0,75.0,0.0,25.0,25.0
3-5 дней,2026-08-15T04:24:15Z,2026-08-18T09:00:00Z,76.6,100.0,50.0,12.5,50.0,50.0
3-5 дней,2026-08-15T04:24:15Z,2026-08-18T10:00:00Z,77.6,64.84,37.5,12.5,27.34,27.34
3-5 дней,2026-08-15T04:24:15Z,2026-08-18T11:00:00Z,78.6,15.62,50.0,12.5,-34.38,34.38
3-5 дней,2026-08-15T04:24:15Z,2026-08-18T12:00:00Z,79.6,57.03,75.0,25.0,-17.97,17.97
3-5 дней,2026-08-15T04:24:15Z,2026-08-18T13:00:00Z,80.6,57.03,75.0,37.5,-17.97,17.97
3-5 дней,2026-08-15T04:24:15Z,2026-08-18T14:00:00Z,81.6,5.47,62.5,25.0,-57.03,57.03
3-5 дней,2026-08-15T04:24:15Z,2026-08-18T15:00:00Z,82.6,5.47,25.0,0.0,-19.53,19.53
3-5 дней,2026-08-15T04:24:15Z,2026-08-18T16:00:00Z,83.6,5.47,37.5,0.0,-32.03,32.03
3-5 дней,2026-08-15T04:24:15Z,2026-08-18T17:00:00Z,84.6,61.72,37.5,12.5,24.22,24.22
3-5 дней,2026-08-15T04:24:15Z,2026-08-18T18:00:00Z,85.6,61.72,75.0,37.5,-13.28,13.28
3-5 дней,2026-08-15T04:24:15Z,2026-08-19T06:00:00Z,97.6,17.97,87.5,100.0,-69.53,69.53
3-5 дней,2026-08-15T04:24:15Z,2026-08-19T07:00:00Z,98.6,17.97,87.5,87.5,-69.53,69.53
3-5 дней,2026-08-15T04:24:15Z,2026-08-19T08:00:00Z,99.6,39.84,12.5,75.0,27.34,27.34
3-5 дней,2026-08-15T04:24:15Z,2026-08-19T09:00:00Z,100.6,39.84,12.5,50.0,27.34,27.34
3-5 дней,2026-08-15T04:24:15Z,2026-08-19T10:00:00Z,101.6,39.84,50.0,37.5,-10.16,10.16
3-5 дней,2026-08-15T04:24:15Z,2026-08-19T11:00:00Z,102.6,32.03,62.5,50.0,-30.47,30.47
3-5 дней,2026-08-15T04:24:15Z,2026-08-19T12:00:00Z,103.6,32.03,12.5,75.0,19.53,19.53
3-5 дней,2026-08-15T04:24:15Z,2026-08-19T13:00:00Z,104.6,32.03,0.0,75.0,32.03,32.03
3-5 дней,2026-08-15T04:24:15Z,2026-08-19T14:00:00Z,105.6,0.0,0.0,62.5,0.0,0.0
3-5 дней,2026-08-15T04:24:15Z,2026-08-19T15:00:00Z,106.6,0.0,0.0,25.0,0.0,0.0
3-5 дней,2026-08-15T04:24:15Z,2026-08-19T16:00:00Z,107.6,0.0,0.0,37.5,0.0,0.0
3-5 дней,2026-08-15T04:24:15Z,2026-08-19T17:00:00Z,108.6,2.34,12.5,37.5,-10.16,10.16
3-5 дней,2026-08-15T04:24:15Z,2026-08-19T18:00:00Z,109.6,2.34,0.0,75.0,2.34,2.34
3-5 дней,2026-08-15T10:09:15Z,2026-08-18T11:00:00Z,72.8,25.0,50.0,12.5,-25.0,25.0
3-5 дней,2026-08-15T10:09:15Z,2026-08-18T12:00:00Z,73.8,29.69,75.0,25.0,-45.31,45.31
3-5 дней,2026-08-15T10:09:15Z,2026-08-18T13:00:00Z,74.8,28.12,75.0,37.5,-46.88,46.88
3-5 дней,2026-08-15T10:09:15Z,2026-08-18T14:00:00Z,75.8,40.62,62.5,25.0,-21.88,21.88
3-5 дней,2026-08-15T10:09:15Z,2026-08-18T15:00:00Z,76.8,11.72,25.0,0.0,-13.28,13.28
3-5 дней,2026-08-15T10:09:15Z,2026-08-18T16:00:00Z,77.8,6.25,37.5,0.0,-31.25,31.25
3-5 дней,2026-08-15T10:09:15Z,2026-08-18T17:00:00Z,78.8,6.25,37.5,12.5,-31.25,31.25
3-5 дней,2026-08-15T10:09:15Z,2026-08-18T18:00:00Z,79.8,10.94,75.0,37.5,-64.06,64.06
3-5 дней,2026-08-15T10:09:15Z,2026-08-19T06:00:00Z,91.8,75.78,87.5,100.0,-11.72,11.72
3-5 дней,2026-08-15T10:09:15Z,2026-08-19T07:00:00Z,92.8,75.78,87.5,87.5,-11.72,11.72
3-5 дней,2026-08-15T10:09:15Z,2026-08-19T08:00:00Z,93.8,7.81,12.5,75.0,-4.69,4.69
3-5 дней,2026-08-15T10:09:15Z,2026-08-19T09:00:00Z,94.8,7.81,12.5,50.0,-4.69,4.69
3-5 дней,2026-08-15T10:09:15Z,2026-08-19T10:00:00Z,95.8,7.81,50.0,37.5,-42.19,42.19
3-5 дней,2026-08-15T10:09:15Z,2026-08-19T11:00:00Z,96.8,0.0,62.5,50.0,-62.5,62.5
3-5 дней,2026-08-15T10:09:15Z,2026-08-19T12:00:00Z,97.8,0.0,12.5,75.0,-12.5,12.5
3-5 дней,2026-08-15T10:09:15Z,2026-08-19T13:00:00Z,98.8,0.0,0.0,75.0,0.0,0.0
3-5 дней,2026-08-15T10:09:15Z,2026-08-19T14:00:00Z,99.8,0.78,0.0,62.5,0.78,0.78
3-5 дней,2026-08-15T10:09:15Z,2026-08-19T15:00:00Z,100.8,0.78,0.0,25.0,0.78,0.78
3-5 дней,2026-08-15T10:09:15Z,2026-08-19T16:00:00Z,101.8,0.78,0.0,37.5,0.78,0.78
3-5 дней,2026-08-15T10:09:15Z,2026-08-19T17:00:00Z,102.8,0.0,12.5,37.5,-12.5,12.5
3-5 дней,2026-08-15T10:09:15Z,2026-08-19T18:00:00Z,103.8,0.0,0.0,75.0,0.0,0.0
3-5 дней,2026-08-15T10:09:15Z,2026-08-20T06:00:00Z,115.8,0.0,12.5,87.5,-12.5,12.5
3-5 дней,2026-08-15T10:09:15Z,2026-08-20T07:00:00Z,116.8,0.0,12.5,87.5,-12.5,12.5
3-5 дней,2026-08-15T10:09:15Z,2026-08-20T08:00:00Z,117.8,0.0,37.5,12.5,-37.5,37.5
3-5 дней,2026-08-15T10:09:15Z,2026-08-20T09:00:00Z,118.8,0.0,37.5,12.5,-37.5,37.5
3-5 дней,2026-08-15T16:20:39Z,2026-08-18T17:00:00Z,72.7,21.09,37.5,12.5,-16.41,16.41
3-5 дней,2026-08-15T16:20:39Z,2026-08-18T18:00:00Z,73.7,39.06,75.0,37.5,-35.94,35.94
3-5 дней,2026-08-15T16:20:39Z,2026-08-19T06:00:00Z,85.7,75.78,87.5,100.0,-11.72,11.72
3-5 дней,2026-08-15T16:20:39Z,2026-08-19T07:00:00Z,86.7,75.78,87.5,87.5,-11.72,11.72
3-5 дней,2026-08-15T16:20:39Z,2026-08-19T08:00:00Z,87.7,7.81,12.5,75.0,-4.69,4.69
3-5 дней,2026-08-15T16:20:39Z,2026-08-19T09:00:00Z,88.7,7.81,12.5,50.0,-4.69,4.69
3-5 дней,2026-08-15T16:20:39Z,2026-08-19T10:00:00Z,89.7,7.81,50.0,37.5,-42.19,42.19
3-5 дней,2026-08-15T16:20:39Z,2026-08-19T11:00:00Z,90.7,0.0,62.5,50.0,-62.5,62.5
3-5 дней,2026-08-15T16:20:39Z,2026-08-19T12:00:00Z,91.7,0.0,12.5,75.0,-12.5,12.5
3-5 дней,2026-08-15T16:20:39Z,2026-08-19T13:00:00Z,92.7,0.0,0.0,75.0,0.0,0.0
3-5 дней,2026-08-15T16:20:39Z,2026-08-19T14:00:00Z,93.7,0.78,0.0,62.5,0.78,0.78
3-5 дней,2026-08-15T16:20:39Z,2026-08-19T15:00:00Z,94.7,0.78,0.0,25.0,0.78,0.78
3-5 дней,2026-08-15T16:20:39Z,2026-08-19T16:00:00Z,95.7,0.78,0.0,37.5,0.78,0.78
3-5 дней,2026-08-15T16:20:39Z,2026-08-19T17:00:00Z,96.7,0.0,12.5,37.5,-12.5,12.5
3-5 дней,2026-08-15T16:20:39Z,2026-08-19T18:00:00Z,97.7,0.0,0.0,75.0,0.0,0.0
3-5 дней,2026-08-15T16:20:39Z,2026-08-20T06:00:00Z,109.7,0.0,12.5,87.5,-12.5,12.5
3-5 дней,2026-08-15T16:20:39Z,2026-08-20T07:00:00Z,110.7,0.0,12.5,87.5,-12.5,12.5
3-5 дней,2026-08-15T16:20:39Z,2026-08-20T08:00:00Z,111.7,0.0,37.5,12.5,-37.5,37.5
3-5 дней,2026-08-15T16:20:39Z,2026-08-20T09:00:00Z,112.7,0.0,37.5,12.5,-37.5,37.5
3-5 дней,2026-08-15T16:20:39Z,2026-08-20T10:00:00Z,113.7,0.0,12.5,50.0,-12.5,12.5
3-5 дней,2026-08-15T16:20:39Z,2026-08-20T11:00:00Z,114.7,0.0,25.0,62.5,-25.0,25.0
3-5 дней,2026-08-15T16:20:39Z,2026-08-20T12:00:00Z,115.7,0.0,12.5,12.5,-12.5,12.5
3-5 дней,2026-08-15T16:20:39Z,2026-08-20T13:00:00Z,116.7,0.0,25.0,0.0,-25.0,25.0
3-5 дней,2026-08-15T16:20:39Z,2026-08-20T14:00:00Z,117.7,0.78,12.5,0.0,-11.72,11.72
3-5 дней,2026-08-15T16:20:39Z,2026-08-20T15:00:00Z,118.7,0.78,0.0,0.0,0.78,0.78
3-5 дней,2026-08-15T22:29:33Z,2026-08-19T06:00:00Z,79.5,4.69,87.5,100.0,-82.81,82.81
3-5 дней,2026-08-15T22:29:33Z,2026-08-19T07:00:00Z,80.5,4.69,87.5,87.5,-82.81,82.81
3-5 дней,2026-08-15T22:29:33Z,2026-08-19T08:00:00Z,81.5,21.88,12.5,75.0,9.38,9.38
3-5 дней,2026-08-15T22:29:33Z,2026-08-19T09:00:00Z,82.5,21.88,12.5,50.0,9.38,9.38
3-5 дней,2026-08-15T22:29:33Z,2026-08-19T10:00:00Z,83.5,21.88,50.0,37.5,-28.12,28.12
3-5 дней,2026-08-15T22:29:33Z,2026-08-19T11:00:00Z,84.5,11.72,62.5,50.0,-50.78,50.78
3-5 дней,2026-08-15T22:29:33Z,2026-08-19T12:00:00Z,85.5,11.72,12.5,75.0,-0.78,0.78
3-5 дней,2026-08-15T22:29:33Z,2026-08-19T13:00:00Z,86.5,11.72,0.0,75.0,11.72,11.72
3-5 дней,2026-08-15T22:29:33Z,2026-08-19T14:00:00Z,87.5,31.25,0.0,62.5,31.25,31.25
3-5 дней,2026-08-15T22:29:33Z,2026-08-19T15:00:00Z,88.5,31.25,0.0,25.0,31.25,31.25
3-5 дней,2026-08-15T22:29:33Z,2026-08-19T16:00:00Z,89.5,31.25,0.0,37.5,31.25,31.25
3-5 дней,2026-08-15T22:29:33Z,2026-08-19T17:00:00Z,90.5,47.66,12.5,37.5,35.16,35.16
3-5 дней,2026-08-15T22:29:33Z,2026-08-19T18:00:00Z,91.5,47.66,0.0,75.0,47.66,47.66
3-5 дней,2026-08-15T22:29:33Z,2026-08-20T06:00:00Z,103.5,0.0,12.5,87.5,-12.5,12.5
3-5 дней,2026-08-15T22:29:33Z,2026-08-20T07:00:00Z,104.5,0.0,12.5,87.5,-12.5,12.5
3-5 дней,2026-08-15T22:29:33Z,2026-08-20T08:00:00Z,105.5,0.0,37.5,12.5,-37.5,37.5
3-5 дней,2026-08-15T22:29:33Z,2026-08-20T09:00:00Z,106.5,0.0,37.5,12.5,-37.5,37.5
3-5 дней,2026-08-15T22:29:33Z,2026-08-20T10:00:00Z,107.5,0.0,12.5,50.0,-12.5,12.5
3-5 дней,2026-08-15T22:29:33Z,2026-08-20T11:00:00Z,108.5,0.0,25.0,62.5,-25.0,25.0
3-5 дней,2026-08-15T22:29:33Z,2026-08-20T12:00:00Z,109.5,0.0,12.5,12.5,-12.5,12.5
3-5 дней,2026-08-15T22:29:33Z,2026-08-20T13:00:00Z,110.5,0.0,25.0,0.0,-25.0,25.0
3-5 дней,2026-08-15T22:29:33Z,2026-08-20T14:00:00Z,111.5,18.75,12.5,0.0,6.25,6.25
3-5 дней,2026-08-15T22:29:33Z,2026-08-20T15:00:00Z,112.5,18.75,0.0,0.0,18.75,18.75
3-5 дней,2026-08-15T22:29:33Z,2026-08-20T16:00:00Z,113.5,18.75,12.5,0.0,6.25,6.25
3-5 дней,2026-08-15T22:29:33Z,2026-08-20T17:00:00Z,114.5,30.47,0.0,12.5,30.47,30.47
3-5 дней,2026-08-15T22:29:33Z,2026-08-20T18:00:00Z,115.5,30.47,0.0,0.0,30.47,30.47
3-5 дней,2026-08-16T04:29:41Z,2026-08-19T06:00:00Z,73.5,0.78,87.5,100.0,-86.72,86.72
3-5 дней,2026-08-16T04:29:41Z,2026-08-19T07:00:00Z,74.5,1.56,87.5,87.5,-85.94,85.94
3-5 дней,2026-08-16T04:29:41Z,2026-08-19T08:00:00Z,75.5,2.34,12.5,75.0,-10.16,10.16
3-5 дней,2026-08-16T04:29:41Z,2026-08-19T09:00:00Z,76.5,0.78,12.5,50.0,-11.72,11.72
3-5 дней,2026-08-16T04:29:41Z,2026-08-19T10:00:00Z,77.5,0.0,50.0,37.5,-50.0,50.0
3-5 дней,2026-08-16T04:29:41Z,2026-08-19T11:00:00Z,78.5,0.0,62.5,50.0,-62.5,62.5
3-5 дней,2026-08-16T04:29:41Z,2026-08-19T12:00:00Z,79.5,0.0,12.5,75.0,-12.5,12.5
3-5 дней,2026-08-16T04:29:41Z,2026-08-19T13:00:00Z,80.5,0.0,0.0,75.0,0.0,0.0
3-5 дней,2026-08-16T04:29:41Z,2026-08-19T14:00:00Z,81.5,31.25,0.0,62.5,31.25,31.25
3-5 дней,2026-08-16T04:29:41Z,2026-08-19T15:00:00Z,82.5,31.25,0.0,25.0,31.25,31.25
3-5 дней,2026-08-16T04:29:41Z,2026-08-19T16:00:00Z,83.5,31.25,0.0,37.5,31.25,31.25
3-5 дней,2026-08-16T04:29:41Z,2026-08-19T17:00:00Z,84.5,47.66,12.5,37.5,35.16,35.16
3-5 дней,2026-08-16T04:29:41Z,2026-08-19T18:00:00Z,85.5,47.66,0.0,75.0,47.66,47.66
3-5 дней,2026-08-16T04:29:41Z,2026-08-20T06:00:00Z,97.5,0.0,12.5,87.5,-12.5,12.5
3-5 дней,2026-08-16T04:29:41Z,2026-08-20T07:00:00Z,98.5,0.0,12.5,87.5,-12.5,12.5
3-5 дней,2026-08-16T04:29:41Z,2026-08-20T08:00:00Z,99.5,0.0,37.5,12.5,-37.5,37.5
3-5 дней,2026-08-16T04:29:41Z,2026-08-20T09:00:00Z,100.5,0.0,37.5,12.5,-37.5,37.5
3-5 дней,2026-08-16T04:29:41Z,2026-08-20T10:00:00Z,101.5,0.0,12.5,50.0,-12.5,12.5
3-5 дней,2026-08-16T04:29:41Z,2026-08-20T11:00:00Z,102.5,0.0,25.0,62.5,-25.0,25.0
3-5 дней,2026-08-16T04:29:41Z,2026-08-20T12:00:00Z,103.5,0.0,12.5,12.5,-12.5,12.5
3-5 дней,2026-08-16T04:29:41Z,2026-08-20T13:00:00Z,104.5,0.0,25.0,0.0,-25.0,25.0
3-5 дней,2026-08-16T04:29:41Z,2026-08-20T14:00:00Z,105.5,18.75,12.5,0.0,6.25,6.25
3-5 дней,2026-08-16T04:29:41Z,2026-08-20T15:00:00Z,106.5,18.75,0.0,0.0,18.75,18.75
3-5 дней,2026-08-16T04:29:41Z,2026-08-20T16:00:00Z,107.5,18.75,12.5,0.0,6.25,6.25
3-5 дней,2026-08-16T04:29:41Z,2026-08-20T17:00:00Z,108.5,30.47,0.0,12.5,30.47,30.47
3-5 дней,2026-08-16T04:29:41Z,2026-08-20T18:00:00Z,109.5,30.47,0.0,0.0,30.47,30.47
3-5 дней,2026-08-16T07:21:44Z,2026-08-19T08:00:00Z,72.6,0.78,12.5,75.0,-11.72,11.72
3-5 дней,2026-08-16T07:21:44Z,2026-08-19T09:00:00Z,73.6,4.69,12.5,50.0,-7.81,7.81
3-5 дней,2026-08-16T07:21:44Z,2026-08-19T10:00:00Z,74.6,16.41,50.0,37.5,-33.59,33.59
3-5 дней,2026-08-16T07:21:44Z,2026-08-19T11:00:00Z,75.6,10.94,62.5,50.0,-51.56,51.56
3-5 дней,2026-08-16T07:21:44Z,2026-08-19T12:00:00Z,76.6,2.34,12.5,75.0,-10.16,10.16
3-5 дней,2026-08-16T07:21:44Z,2026-08-19T13:00:00Z,77.6,0.0,0.0,75.0,0.0,0.0
3-5 дней,2026-08-16T07:21:44Z,2026-08-19T14:00:00Z,78.6,0.0,0.0,62.5,0.0,0.0
3-5 дней,2026-08-16T07:21:44Z,2026-08-19T15:00:00Z,79.6,0.0,0.0,25.0,0.0,0.0
3-5 дней,2026-08-16T07:21:44Z,2026-08-19T16:00:00Z,80.6,0.0,0.0,37.5,0.0,0.0
3-5 дней,2026-08-16T07:21:44Z,2026-08-19T17:00:00Z,81.6,5.47,12.5,37.5,-7.03,7.03
3-5 дней,2026-08-16T07:21:44Z,2026-08-19T18:00:00Z,82.6,0.0,0.0,75.0,0.0,0.0
3-5 дней,2026-08-16T07:21:44Z,2026-08-20T06:00:00Z,94.6,0.0,12.5,87.5,-12.5,12.5
3-5 дней,2026-08-16T07:21:44Z,2026-08-20T07:00:00Z,95.6,0.0,12.5,87.5,-12.5,12.5
3-5 дней,2026-08-16T07:21:44Z,2026-08-20T08:00:00Z,96.6,0.0,37.5,12.5,-37.5,37.5
3-5 дней,2026-08-16T07:21:44Z,2026-08-20T09:00:00Z,97.6,0.0,37.5,12.5,-37.5,37.5
3-5 дней,2026-08-16T07:21:44Z,2026-08-20T10:00:00Z,98.6,0.0,12.5,50.0,-12.5,12.5
3-5 дней,2026-08-16T07:21:44Z,2026-08-20T11:00:00Z,99.6,0.0,25.0,62.5,-25.0,25.0
3-5 дней,2026-08-16T07:21:44Z,2026-08-20T12:00:00Z,100.6,0.0,12.5,12.5,-12.5,12.5
3-5 дней,2026-08-16T07:21:44Z,2026-08-20T13:00:00Z,101.6,0.0,25.0,0.0,-25.0,25.0
3-5 дней,2026-08-16T07:21:44Z,2026-08-20T14:00:00Z,102.6,2.34,12.5,0.0,-10.16,10.16
3-5 дней,2026-08-16T07:21:44Z,2026-08-20T15:00:00Z,103.6,2.34,0.0,0.0,2.34,2.34
3-5 дней,2026-08-16T07:21:44Z,2026-08-20T16:00:00Z,104.6,2.34,12.5,0.0,-10.16,10.16
3-5 дней,2026-08-16T07:21:44Z,2026-08-20T17:00:00Z,105.6,3.12,0.0,12.5,3.12,3.12
3-5 дней,2026-08-16T07:21:44Z,2026-08-20T18:00:00Z,106.6,3.12,0.0,0.0,3.12,3.12
3-5 дней,2026-08-16T07:21:44Z,2026-08-21T06:00:00Z,118.6,50.78,25.0,12.5,25.78,25.78
3-5 дней,2026-08-16T10:09:47Z,2026-08-19T11:00:00Z,72.8,10.94,62.5,50.0,-51.56,51.56
3-5 дней,2026-08-16T10:09:47Z,2026-08-19T12:00:00Z,73.8,2.34,12.5,75.0,-10.16,10.16
3-5 дней,2026-08-16T10:09:47Z,2026-08-19T13:00:00Z,74.8,0.0,0.0,75.0,0.0,0.0
3-5 дней,2026-08-16T10:09:47Z,2026-08-19T14:00:00Z,75.8,0.0,0.0,62.5,0.0,0.0
3-5 дней,2026-08-16T10:09:47Z,2026-08-19T15:00:00Z,76.8,0.0,0.0,25.0,0.0,0.0
3-5 дней,2026-08-16T10:09:47Z,2026-08-19T16:00:00Z,77.8,0.0,0.0,37.5,0.0,0.0
3-5 дней,2026-08-16T10:09:47Z,2026-08-19T17:00:00Z,78.8,5.47,12.5,37.5,-7.03,7.03
3-5 дней,2026-08-16T10:09:47Z,2026-08-19T18:00:00Z,79.8,0.0,0.0,75.0,0.0,0.0
3-5 дней,2026-08-16T10:09:47Z,2026-08-20T06:00:00Z,91.8,0.0,12.5,87.5,-12.5,12.5
3-5 дней,2026-08-16T10:09:47Z,2026-08-20T07:00:00Z,92.8,0.0,12.5,87.5,-12.5,12.5
3-5 дней,2026-08-16T10:09:47Z,2026-08-20T08:00:00Z,93.8,0.0,37.5,12.5,-37.5,37.5
3-5 дней,2026-08-16T10:09:47Z,2026-08-20T09:00:00Z,94.8,0.0,37.5,12.5,-37.5,37.5
3-5 дней,2026-08-16T10:09:47Z,2026-08-20T10:00:00Z,95.8,0.0,12.5,50.0,-12.5,12.5
3-5 дней,2026-08-16T10:09:47Z,2026-08-20T11:00:00Z,96.8,0.0,25.0,62.5,-25.0,25.0
3-5 дней,2026-08-16T10:09:47Z,2026-08-20T12:00:00Z,97.8,0.0,12.5,12.5,-12.5,12.5
3-5 дней,2026-08-16T10:09:47Z,2026-08-20T13:00:00Z,98.8,0.0,25.0,0.0,-25.0,25.0
3-5 дней,2026-08-16T10:09:47Z,2026-08-20T14:00:00Z,99.8,2.34,12.5,0.0,-10.16,10.16
3-5 дней,2026-08-16T10:09:47Z,2026-08-20T15:00:00Z,100.8,2.34,0.0,0.0,2.34,2.34
3-5 дней,2026-08-16T10:09:47Z,2026-08-20T16:00:00Z,101.8,2.34,12.5,0.0,-10.16,10.16
3-5 дней,2026-08-16T10:09:47Z,2026-08-20T17:00:00Z,102.8,3.12,0.0,12.5,3.12,3.12
3-5 дней,2026-08-16T10:09:47Z,2026-08-20T18:00:00Z,103.8,3.12,0.0,0.0,3.12,3.12
3-5 дней,2026-08-16T10:09:47Z,2026-08-21T06:00:00Z,115.8,50.78,25.0,12.5,25.78,25.78
3-5 дней,2026-08-16T10:09:47Z,2026-08-21T07:00:00Z,116.8,50.78,25.0,12.5,25.78,25.78
3-5 дней,2026-08-16T10:09:47Z,2026-08-21T08:00:00Z,117.8,11.72,25.0,37.5,-13.28,13.28
3-5 дней,2026-08-16T10:09:47Z,2026-08-21T09:00:00Z,118.8,11.72,37.5,37.5,-25.78,25.78
3-5 дней,2026-08-16T16:21:00Z,2026-08-19T17:00:00Z,72.7,1.56,12.5,37.5,-10.94,10.94
3-5 дней,2026-08-16T16:21:00Z,2026-08-19T18:00:00Z,73.7,0.0,0.0,75.0,0.0,0.0
3-5 дней,2026-08-16T16:21:00Z,2026-08-20T06:00:00Z,85.7,0.0,12.5,87.5,-12.5,12.5
3-5 дней,2026-08-16T16:21:00Z,2026-08-20T07:00:00Z,86.7,0.0,12.5,87.5,-12.5,12.5
3-5 дней,2026-08-16T16:21:00Z,2026-08-20T08:00:00Z,87.7,0.0,37.5,12.5,-37.5,37.5
3-5 дней,2026-08-16T16:21:00Z,2026-08-20T09:00:00Z,88.7,0.0,37.5,12.5,-37.5,37.5
3-5 дней,2026-08-16T16:21:00Z,2026-08-20T10:00:00Z,89.7,0.0,12.5,50.0,-12.5,12.5
3-5 дней,2026-08-16T16:21:00Z,2026-08-20T11:00:00Z,90.7,0.0,25.0,62.5,-25.0,25.0
3-5 дней,2026-08-16T16:21:00Z,2026-08-20T12:00:00Z,91.7,0.0,12.5,12.5,-12.5,12.5
3-5 дней,2026-08-16T16:21:00Z,2026-08-20T13:00:00Z,92.7,0.0,25.0,0.0,-25.0,25.0
3-5 дней,2026-08-16T16:21:00Z,2026-08-20T14:00:00Z,93.7,2.34,12.5,0.0,-10.16,10.16
3-5 дней,2026-08-16T16:21:00Z,2026-08-20T15:00:00Z,94.7,2.34,0.0,0.0,2.34,2.34
3-5 дней,2026-08-16T16:21:00Z,2026-08-20T16:00:00Z,95.7,2.34,12.5,0.0,-10.16,10.16
3-5 дней,2026-08-16T16:21:00Z,2026-08-20T17:00:00Z,96.7,3.12,0.0,12.5,3.12,3.12
3-5 дней,2026-08-16T16:21:00Z,2026-08-20T18:00:00Z,97.7,3.12,0.0,0.0,3.12,3.12
3-5 дней,2026-08-16T16:21:00Z,2026-08-21T06:00:00Z,109.7,50.78,25.0,12.5,25.78,25.78
3-5 дней,2026-08-16T16:21:00Z,2026-08-21T07:00:00Z,110.7,50.78,25.0,12.5,25.78,25.78
3-5 дней,2026-08-16T16:21:00Z,2026-08-21T08:00:00Z,111.7,11.72,25.0,37.5,-13.28,13.28
3-5 дней,2026-08-16T16:21:00Z,2026-08-21T09:00:00Z,112.7,11.72,37.5,37.5,-25.78,25.78
3-5 дней,2026-08-16T16:21:00Z,2026-08-21T10:00:00Z,113.7,11.72,37.5,12.5,-25.78,25.78
3-5 дней,2026-08-16T16:21:00Z,2026-08-21T11:00:00Z,114.7,8.59,50.0,25.0,-41.41,41.41
3-5 дней,2026-08-16T16:21:00Z,2026-08-21T12:00:00Z,115.7,8.59,50.0,12.5,-41.41,41.41
3-5 дней,2026-08-16T16:21:00Z,2026-08-21T13:00:00Z,116.7,8.59,12.5,25.0,-3.91,3.91
3-5 дней,2026-08-16T22:29:34Z,2026-08-20T06:00:00Z,79.5,59.38,12.5,87.5,46.88,46.88
3-5 дней,2026-08-16T22:29:34Z,2026-08-20T07:00:00Z,80.5,59.38,12.5,87.5,46.88,46.88
3-5 дней,2026-08-16T22:29:34Z,2026-08-20T08:00:00Z,81.5,39.06,37.5,12.5,1.56,1.56
3-5 дней,2026-08-16T22:29:34Z,2026-08-20T09:00:00Z,82.5,39.06,37.5,12.5,1.56,1.56
3-5 дней,2026-08-16T22:29:34Z,2026-08-20T10:00:00Z,83.5,39.06,12.5,50.0,26.56,26.56
3-5 дней,2026-08-16T22:29:34Z,2026-08-20T11:00:00Z,84.5,51.56,25.0,62.5,26.56,26.56
3-5 дней,2026-08-16T22:29:34Z,2026-08-20T12:00:00Z,85.5,51.56,12.5,12.5,39.06,39.06
3-5 дней,2026-08-16T22:29:34Z,2026-08-20T13:00:00Z,86.5,51.56,25.0,0.0,26.56,26.56
3-5 дней,2026-08-16T22:29:34Z,2026-08-20T14:00:00Z,87.5,18.75,12.5,0.0,6.25,6.25
3-5 дней,2026-08-16T22:29:34Z,2026-08-20T15:00:00Z,88.5,18.75,0.0,0.0,18.75,18.75
3-5 дней,2026-08-16T22:29:34Z,2026-08-20T16:00:00Z,89.5,18.75,12.5,0.0,6.25,6.25
3-5 дней,2026-08-16T22:29:34Z,2026-08-20T17:00:00Z,90.5,21.09,0.0,12.5,21.09,21.09
3-5 дней,2026-08-16T22:29:34Z,2026-08-20T18:00:00Z,91.5,21.09,0.0,0.0,21.09,21.09
3-5 дней,2026-08-16T22:29:34Z,2026-08-21T06:00:00Z,103.5,5.47,25.0,12.5,-19.53,19.53
3-5 дней,2026-08-16T22:29:34Z,2026-08-21T07:00:00Z,104.5,5.47,25.0,12.5,-19.53,19.53
3-5 дней,2026-08-16T22:29:34Z,2026-08-21T08:00:00Z,105.5,9.38,25.0,37.5,-15.62,15.62
3-5 дней,2026-08-16T22:29:34Z,2026-08-21T09:00:00Z,106.5,9.38,37.5,37.5,-28.12,28.12
3-5 дней,2026-08-16T22:29:34Z,2026-08-21T10:00:00Z,107.5,9.38,37.5,12.5,-28.12,28.12
3-5 дней,2026-08-16T22:29:34Z,2026-08-21T11:00:00Z,108.5,9.38,50.0,25.0,-40.62,40.62
3-5 дней,2026-08-16T22:29:34Z,2026-08-21T12:00:00Z,109.5,9.38,50.0,12.5,-40.62,40.62
3-5 дней,2026-08-16T22:29:34Z,2026-08-21T13:00:00Z,110.5,9.38,12.5,25.0,-3.12,3.12
3-5 дней,2026-08-17T04:35:30Z,2026-08-20T06:00:00Z,73.4,60.94,12.5,87.5,48.44,48.44
3-5 дней,2026-08-17T04:35:30Z,2026-08-20T07:00:00Z,74.4,43.75,12.5,87.5,31.25,31.25
3-5 дней,2026-08-17T04:35:30Z,2026-08-20T08:00:00Z,75.4,43.75,37.5,12.5,6.25,6.25
3-5 дней,2026-08-17T04:35:30Z,2026-08-20T09:00:00Z,76.4,21.09,37.5,12.5,-16.41,16.41
3-5 дней,2026-08-17T04:35:30Z,2026-08-20T10:00:00Z,77.4,27.34,12.5,50.0,14.84,14.84
3-5 дней,2026-08-17T04:35:30Z,2026-08-20T11:00:00Z,78.4,25.0,25.0,62.5,0.0,0.0
3-5 дней,2026-08-17T04:35:30Z,2026-08-20T12:00:00Z,79.4,34.38,12.5,12.5,21.88,21.88
3-5 дней,2026-08-17T04:35:30Z,2026-08-20T13:00:00Z,80.4,34.38,25.0,0.0,9.38,9.38
3-5 дней,2026-08-17T04:35:30Z,2026-08-20T14:00:00Z,81.4,18.75,12.5,0.0,6.25,6.25
3-5 дней,2026-08-17T04:35:30Z,2026-08-20T15:00:00Z,82.4,18.75,0.0,0.0,18.75,18.75
3-5 дней,2026-08-17T04:35:30Z,2026-08-20T16:00:00Z,83.4,18.75,12.5,0.0,6.25,6.25
3-5 дней,2026-08-17T04:35:30Z,2026-08-20T17:00:00Z,84.4,21.09,0.0,12.5,21.09,21.09
3-5 дней,2026-08-17T04:35:30Z,2026-08-20T18:00:00Z,85.4,21.09,0.0,0.0,21.09,21.09
3-5 дней,2026-08-17T04:35:30Z,2026-08-21T06:00:00Z,97.4,5.47,25.0,12.5,-19.53,19.53
3-5 дней,2026-08-17T04:35:30Z,2026-08-21T07:00:00Z,98.4,5.47,25.0,12.5,-19.53,19.53
3-5 дней,2026-08-17T04:35:30Z,2026-08-21T08:00:00Z,99.4,9.38,25.0,37.5,-15.62,15.62
3-5 дней,2026-08-17T04:35:30Z,2026-08-21T09:00:00Z,100.4,9.38,37.5,37.5,-28.12,28.12
3-5 дней,2026-08-17T04:35:30Z,2026-08-21T10:00:00Z,101.4,9.38,37.5,12.5,-28.12,28.12
3-5 дней,2026-08-17T04:35:30Z,2026-08-21T11:00:00Z,102.4,9.38,50.0,25.0,-40.62,40.62
3-5 дней,2026-08-17T04:35:30Z,2026-08-21T12:00:00Z,103.4,9.38,50.0,12.5,-40.62,40.62
3-5 дней,2026-08-17T04:35:30Z,2026-08-21T13:00:00Z,104.4,9.38,12.5,25.0,-3.12,3.12
3-5 дней,2026-08-17T10:18:11Z,2026-08-20T11:00:00Z,72.7,45.31,25.0,62.5,20.31,20.31
3-5 дней,2026-08-17T10:18:11Z,2026-08-20T12:00:00Z,73.7,25.0,12.5,12.5,12.5,12.5
3-5 дней,2026-08-17T10:18:11Z,2026-08-20T13:00:00Z,74.7,30.47,25.0,0.0,5.47,5.47
3-5 дней,2026-08-17T10:18:11Z,2026-08-20T14:00:00Z,75.7,39.84,12.5,0.0,27.34,27.34
3-5 дней,2026-08-17T10:18:11Z,2026-08-20T15:00:00Z,76.7,61.72,0.0,0.0,61.72,61.72
3-5 дней,2026-08-17T10:18:11Z,2026-08-20T16:00:00Z,77.7,39.06,12.5,0.0,26.56,26.56
3-5 дней,2026-08-17T10:18:11Z,2026-08-20T17:00:00Z,78.7,37.5,0.0,12.5,37.5,37.5
3-5 дней,2026-08-17T10:18:11Z,2026-08-20T18:00:00Z,79.7,15.62,0.0,0.0,15.62,15.62
3-5 дней,2026-08-17T10:18:11Z,2026-08-21T06:00:00Z,91.7,0.0,25.0,12.5,-25.0,25.0
3-5 дней,2026-08-17T10:18:11Z,2026-08-21T07:00:00Z,92.7,0.0,25.0,12.5,-25.0,25.0
3-5 дней,2026-08-17T10:18:11Z,2026-08-21T08:00:00Z,93.7,20.31,25.0,37.5,-4.69,4.69
3-5 дней,2026-08-17T10:18:11Z,2026-08-21T09:00:00Z,94.7,20.31,37.5,37.5,-17.19,17.19
3-5 дней,2026-08-17T10:18:11Z,2026-08-21T10:00:00Z,95.7,20.31,37.5,12.5,-17.19,17.19
3-5 дней,2026-08-17T10:18:11Z,2026-08-21T11:00:00Z,96.7,48.44,50.0,25.0,-1.56,1.56
3-5 дней,2026-08-17T10:18:11Z,2026-08-21T12:00:00Z,97.7,48.44,50.0,12.5,-1.56,1.56
3-5 дней,2026-08-17T10:18:11Z,2026-08-21T13:00:00Z,98.7,48.44,12.5,25.0,35.94,35.94
3-5 дней,2026-08-17T10:18:11Z,2026-08-22T06:00:00Z,115.7,12.5,12.5,25.0,0.0,0.0
3-5 дней,2026-08-17T10:18:11Z,2026-08-22T07:00:00Z,116.7,12.5,25.0,25.0,-12.5,12.5
3-5 дней,2026-08-17T10:18:11Z,2026-08-22T08:00:00Z,117.7,0.0,37.5,25.0,-37.5,37.5
3-5 дней,2026-08-17T10:18:11Z,2026-08-22T09:00:00Z,118.7,0.0,37.5,37.5,-37.5,37.5
3-5 дней,2026-08-17T16:23:45Z,2026-08-20T17:00:00Z,72.6,10.94,0.0,12.5,10.94,10.94
3-5 дней,2026-08-17T16:23:45Z,2026-08-20T18:00:00Z,73.6,6.25,0.0,0.0,6.25,6.25
3-5 дней,2026-08-17T16:23:45Z,2026-08-21T06:00:00Z,85.6,0.0,25.0,12.5,-25.0,25.0
3-5 дней,2026-08-17T16:23:45Z,2026-08-21T07:00:00Z,86.6,0.0,25.0,12.5,-25.0,25.0
3-5 дней,2026-08-17T16:23:45Z,2026-08-21T08:00:00Z,87.6,20.31,25.0,37.5,-4.69,4.69
3-5 дней,2026-08-17T16:23:45Z,2026-08-21T09:00:00Z,88.6,20.31,37.5,37.5,-17.19,17.19
3-5 дней,2026-08-17T16:23:45Z,2026-08-21T10:00:00Z,89.6,20.31,37.5,12.5,-17.19,17.19
3-5 дней,2026-08-17T16:23:45Z,2026-08-21T11:00:00Z,90.6,48.44,50.0,25.0,-1.56,1.56
3-5 дней,2026-08-17T16:23:45Z,2026-08-21T12:00:00Z,91.6,48.44,50.0,12.5,-1.56,1.56
3-5 дней,2026-08-17T16:23:45Z,2026-08-21T13:00:00Z,92.6,48.44,12.5,25.0,35.94,35.94
3-5 дней,2026-08-17T16:23:45Z,2026-08-22T06:00:00Z,109.6,12.5,12.5,25.0,0.0,0.0
3-5 дней,2026-08-17T16:23:45Z,2026-08-22T07:00:00Z,110.6,12.5,25.0,25.0,-12.5,12.5
3-5 дней,2026-08-17T16:23:45Z,2026-08-22T08:00:00Z,111.6,0.0,37.5,25.0,-37.5,37.5
3-5 дней,2026-08-17T16:23:45Z,2026-08-22T09:00:00Z,112.6,0.0,37.5,37.5,-37.5,37.5
3-5 дней,2026-08-17T16:23:45Z,2026-08-22T10:00:00Z,113.6,0.0,37.5,37.5,-37.5,37.5
3-5 дней,2026-08-17T16:23:45Z,2026-08-22T11:00:00Z,114.6,0.78,37.5,50.0,-36.72,36.72
3-5 дней,2026-08-17T16:23:45Z,2026-08-22T12:00:00Z,115.6,0.78,25.0,50.0,-24.22,24.22
3-5 дней,2026-08-17T16:23:45Z,2026-08-22T13:00:00Z,116.6,0.78,25.0,12.5,-24.22,24.22
3-5 дней,2026-08-17T22:31:28Z,2026-08-21T06:00:00Z,79.5,86.72,25.0,12.5,61.72,61.72
3-5 дней,2026-08-17T22:31:28Z,2026-08-21T07:00:00Z,80.5,86.72,25.0,12.5,61.72,61.72
3-5 дней,2026-08-17T22:31:28Z,2026-08-21T08:00:00Z,81.5,10.94,25.0,37.5,-14.06,14.06
3-5 дней,2026-08-17T22:31:28Z,2026-08-21T09:00:00Z,82.5,10.94,37.5,37.5,-26.56,26.56
3-5 дней,2026-08-17T22:31:28Z,2026-08-21T10:00:00Z,83.5,10.94,37.5,12.5,-26.56,26.56
3-5 дней,2026-08-17T22:31:28Z,2026-08-21T11:00:00Z,84.5,50.0,50.0,25.0,0.0,0.0
3-5 дней,2026-08-17T22:31:28Z,2026-08-21T12:00:00Z,85.5,50.0,50.0,12.5,0.0,0.0
3-5 дней,2026-08-17T22:31:28Z,2026-08-21T13:00:00Z,86.5,50.0,12.5,25.0,37.5,37.5
3-5 дней,2026-08-17T22:31:28Z,2026-08-22T06:00:00Z,103.5,30.47,12.5,25.0,17.97,17.97
3-5 дней,2026-08-17T22:31:28Z,2026-08-22T07:00:00Z,104.5,30.47,25.0,25.0,5.47,5.47
3-5 дней,2026-08-17T22:31:28Z,2026-08-22T08:00:00Z,105.5,3.91,37.5,25.0,-33.59,33.59
3-5 дней,2026-08-17T22:31:28Z,2026-08-22T09:00:00Z,106.5,3.91,37.5,37.5,-33.59,33.59
3-5 дней,2026-08-17T22:31:28Z,2026-08-22T10:00:00Z,107.5,3.91,37.5,37.5,-33.59,33.59
3-5 дней,2026-08-17T22:31:28Z,2026-08-22T11:00:00Z,108.5,48.44,37.5,50.0,10.94,10.94
3-5 дней,2026-08-17T22:31:28Z,2026-08-22T12:00:00Z,109.5,48.44,25.0,50.0,23.44,23.44
3-5 дней,2026-08-17T22:31:28Z,2026-08-22T13:00:00Z,110.5,48.44,25.0,12.5,23.44,23.44
3-5 дней,2026-08-18T04:30:05Z,2026-08-21T06:00:00Z,73.5,10.94,25.0,12.5,-14.06,14.06
3-5 дней,2026-08-18T04:30:05Z,2026-08-21T07:00:00Z,74.5,46.09,25.0,12.5,21.09,21.09
3-5 дней,2026-08-18T04:30:05Z,2026-08-21T08:00:00Z,75.5,49.22,25.0,37.5,24.22,24.22
3-5 дней,2026-08-18T04:30:05Z,2026-08-21T09:00:00Z,76.5,84.38,37.5,37.5,46.88,46.88
3-5 дней,2026-08-18T04:30:05Z,2026-08-21T10:00:00Z,77.5,80.47,37.5,12.5,42.97,42.97
3-5 дней,2026-08-18T04:30:05Z,2026-08-21T11:00:00Z,78.5,40.62,50.0,25.0,-9.38,9.38
3-5 дней,2026-08-18T04:30:05Z,2026-08-21T12:00:00Z,79.5,21.09,50.0,12.5,-28.91,28.91
3-5 дней,2026-08-18T04:30:05Z,2026-08-21T13:00:00Z,80.5,21.09,12.5,25.0,8.59,8.59
3-5 дней,2026-08-18T04:30:05Z,2026-08-22T06:00:00Z,97.5,30.47,12.5,25.0,17.97,17.97
3-5 дней,2026-08-18T04:30:05Z,2026-08-22T07:00:00Z,98.5,30.47,25.0,25.0,5.47,5.47
3-5 дней,2026-08-18T04:30:05Z,2026-08-22T08:00:00Z,99.5,3.91,37.5,25.0,-33.59,33.59
3-5 дней,2026-08-18T04:30:05Z,2026-08-22T09:00:00Z,100.5,3.91,37.5,37.5,-33.59,33.59
3-5 дней,2026-08-18T04:30:05Z,2026-08-22T10:00:00Z,101.5,3.91,37.5,37.5,-33.59,33.59
3-5 дней,2026-08-18T04:30:05Z,2026-08-22T11:00:00Z,102.5,48.44,37.5,50.0,10.94,10.94
3-5 дней,2026-08-18T04:30:05Z,2026-08-22T12:00:00Z,103.5,48.44,25.0,50.0,23.44,23.44
3-5 дней,2026-08-18T04:30:05Z,2026-08-22T13:00:00Z,104.5,48.44,25.0,12.5,23.44,23.44
3-5 дней,2026-08-18T10:14:55Z,2026-08-21T11:00:00Z,72.8,0.0,50.0,25.0,-50.0,50.0
3-5 дней,2026-08-18T10:14:55Z,2026-08-21T12:00:00Z,73.8,10.94,50.0,12.5,-39.06,39.06
3-5 дней,2026-08-18T10:14:55Z,2026-08-21T13:00:00Z,74.8,17.97,12.5,25.0,5.47,5.47
3-5 дней,2026-08-18T10:14:55Z,2026-08-22T06:00:00Z,91.8,0.78,12.5,25.0,-11.72,11.72
3-5 дней,2026-08-18T10:14:55Z,2026-08-22T07:00:00Z,92.8,0.78,25.0,25.0,-24.22,24.22
3-5 дней,2026-08-18T10:14:55Z,2026-08-22T08:00:00Z,93.8,33.59,37.5,25.0,-3.91,3.91
3-5 дней,2026-08-18T10:14:55Z,2026-08-22T09:00:00Z,94.8,33.59,37.5,37.5,-3.91,3.91
3-5 дней,2026-08-18T10:14:55Z,2026-08-22T10:00:00Z,95.8,33.59,37.5,37.5,-3.91,3.91
3-5 дней,2026-08-18T10:14:55Z,2026-08-22T11:00:00Z,96.8,30.47,37.5,50.0,-7.03,7.03
3-5 дней,2026-08-18T10:14:55Z,2026-08-22T12:00:00Z,97.8,30.47,25.0,50.0,5.47,5.47
3-5 дней,2026-08-18T10:14:55Z,2026-08-22T13:00:00Z,98.8,30.47,25.0,12.5,5.47,5.47
3-5 дней,2026-08-18T10:14:55Z,2026-08-23T06:00:00Z,115.8,0.0,87.5,12.5,-87.5,87.5
3-5 дней,2026-08-18T10:14:55Z,2026-08-23T07:00:00Z,116.8,0.0,87.5,25.0,-87.5,87.5
3-5 дней,2026-08-18T10:14:55Z,2026-08-23T08:00:00Z,117.8,0.0,87.5,37.5,-87.5,87.5
3-5 дней,2026-08-18T10:14:55Z,2026-08-23T09:00:00Z,118.8,0.0,87.5,37.5,-87.5,87.5
3-5 дней,2026-08-18T16:27:50Z,2026-08-22T06:00:00Z,85.5,0.78,12.5,25.0,-11.72,11.72
3-5 дней,2026-08-18T16:27:50Z,2026-08-22T07:00:00Z,86.5,0.78,25.0,25.0,-24.22,24.22
3-5 дней,2026-08-18T16:27:50Z,2026-08-22T08:00:00Z,87.5,33.59,37.5,25.0,-3.91,3.91
3-5 дней,2026-08-18T16:27:50Z,2026-08-22T09:00:00Z,88.5,33.59,37.5,37.5,-3.91,3.91
3-5 дней,2026-08-18T16:27:50Z,2026-08-22T10:00:00Z,89.5,33.59,37.5,37.5,-3.91,3.91
3-5 дней,2026-08-18T16:27:50Z,2026-08-22T11:00:00Z,90.5,30.47,37.5,50.0,-7.03,7.03
3-5 дней,2026-08-18T16:27:50Z,2026-08-22T12:00:00Z,91.5,30.47,25.0,50.0,5.47,5.47
3-5 дней,2026-08-18T16:27:50Z,2026-08-22T13:00:00Z,92.5,30.47,25.0,12.5,5.47,5.47
3-5 дней,2026-08-18T16:27:50Z,2026-08-23T06:00:00Z,109.5,0.0,87.5,12.5,-87.5,87.5
3-5 дней,2026-08-18T16:27:50Z,2026-08-23T07:00:00Z,110.5,0.0,87.5,25.0,-87.5,87.5
3-5 дней,2026-08-18T16:27:50Z,2026-08-23T08:00:00Z,111.5,0.0,87.5,37.5,-87.5,87.5
3-5 дней,2026-08-18T16:27:50Z,2026-08-23T09:00:00Z,112.5,0.0,87.5,37.5,-87.5,87.5
3-5 дней,2026-08-18T16:27:50Z,2026-08-23T10:00:00Z,113.5,0.0,62.5,37.5,-62.5,62.5
3-5 дней,2026-08-18T16:27:50Z,2026-08-23T11:00:00Z,114.5,14.06,75.0,37.5,-60.94,60.94
3-5 дней,2026-08-18T16:27:50Z,2026-08-23T12:00:00Z,115.5,14.06,75.0,25.0,-60.94,60.94
3-5 дней,2026-08-18T16:27:50Z,2026-08-23T13:00:00Z,116.5,14.06,50.0,25.0,-35.94,35.94
3-5 дней,2026-08-18T22:31:39Z,2026-08-22T06:00:00Z,79.5,1.56,12.5,25.0,-10.94,10.94
3-5 дней,2026-08-18T22:31:39Z,2026-08-22T07:00:00Z,80.5,1.56,25.0,25.0,-23.44,23.44
3-5 дней,2026-08-18T22:31:39Z,2026-08-22T08:00:00Z,81.5,0.0,37.5,25.0,-37.5,37.5
3-5 дней,2026-08-18T22:31:39Z,2026-08-22T09:00:00Z,82.5,0.0,37.5,37.5,-37.5,37.5
3-5 дней,2026-08-18T22:31:39Z,2026-08-22T10:00:00Z,83.5,0.0,37.5,37.5,-37.5,37.5
3-5 дней,2026-08-18T22:31:39Z,2026-08-22T11:00:00Z,84.5,0.0,37.5,50.0,-37.5,37.5
3-5 дней,2026-08-18T22:31:39Z,2026-08-22T12:00:00Z,85.5,0.0,25.0,50.0,-25.0,25.0
3-5 дней,2026-08-18T22:31:39Z,2026-08-22T13:00:00Z,86.5,0.0,25.0,12.5,-25.0,25.0
3-5 дней,2026-08-18T22:31:39Z,2026-08-23T06:00:00Z,103.5,0.0,87.5,12.5,-87.5,87.5
3-5 дней,2026-08-18T22:31:39Z,2026-08-23T07:00:00Z,104.5,0.0,87.5,25.0,-87.5,87.5
3-5 дней,2026-08-18T22:31:39Z,2026-08-23T08:00:00Z,105.5,0.0,87.5,37.5,-87.5,87.5
3-5 дней,2026-08-18T22:31:39Z,2026-08-23T09:00:00Z,106.5,0.0,87.5,37.5,-87.5,87.5
3-5 дней,2026-08-18T22:31:39Z,2026-08-23T10:00:00Z,107.5,0.0,62.5,37.5,-62.5,62.5
3-5 дней,2026-08-18T22:31:39Z,2026-08-23T11:00:00Z,108.5,0.0,75.0,37.5,-75.0,75.0
3-5 дней,2026-08-18T22:31:39Z,2026-08-23T12:00:00Z,109.5,0.0,75.0,25.0,-75.0,75.0
3-5 дней,2026-08-18T22:31:39Z,2026-08-23T13:00:00Z,110.5,0.0,50.0,25.0,-50.0,50.0
3-5 дней,2026-08-19T04:31:14Z,2026-08-22T06:00:00Z,73.5,6.25,12.5,25.0,-6.25,6.25
3-5 дней,2026-08-19T04:31:14Z,2026-08-22T07:00:00Z,74.5,5.47,25.0,25.0,-19.53,19.53
3-5 дней,2026-08-19T04:31:14Z,2026-08-22T08:00:00Z,75.5,3.91,37.5,25.0,-33.59,33.59
3-5 дней,2026-08-19T04:31:14Z,2026-08-22T09:00:00Z,76.5,0.0,37.5,37.5,-37.5,37.5
3-5 дней,2026-08-19T04:31:14Z,2026-08-22T10:00:00Z,77.5,0.0,37.5,37.5,-37.5,37.5
3-5 дней,2026-08-19T04:31:14Z,2026-08-22T11:00:00Z,78.5,0.78,37.5,50.0,-36.72,36.72
3-5 дней,2026-08-19T04:31:14Z,2026-08-22T12:00:00Z,79.5,2.34,25.0,50.0,-22.66,22.66
3-5 дней,2026-08-19T04:31:14Z,2026-08-22T13:00:00Z,80.5,2.34,25.0,12.5,-22.66,22.66
3-5 дней,2026-08-19T04:31:14Z,2026-08-23T06:00:00Z,97.5,0.0,87.5,12.5,-87.5,87.5
3-5 дней,2026-08-19T04:31:14Z,2026-08-23T07:00:00Z,98.5,0.0,87.5,25.0,-87.5,87.5
3-5 дней,2026-08-19T04:31:14Z,2026-08-23T08:00:00Z,99.5,0.0,87.5,37.5,-87.5,87.5
3-5 дней,2026-08-19T04:31:14Z,2026-08-23T09:00:00Z,100.5,0.0,87.5,37.5,-87.5,87.5
3-5 дней,2026-08-19T04:31:14Z,2026-08-23T10:00:00Z,101.5,0.0,62.5,37.5,-62.5,62.5
3-5 дней,2026-08-19T04:31:14Z,2026-08-23T11:00:00Z,102.5,0.0,75.0,37.5,-75.0,75.0
3-5 дней,2026-08-19T04:31:14Z,2026-08-23T12:00:00Z,103.5,0.0,75.0,25.0,-75.0,75.0
3-5 дней,2026-08-19T04:31:14Z,2026-08-23T13:00:00Z,104.5,0.0,50.0,25.0,-50.0,50.0
3-5 дней,2026-08-19T10:14:48Z,2026-08-22T11:00:00Z,72.8,1.56,37.5,50.0,-35.94,35.94
3-5 дней,2026-08-19T10:14:48Z,2026-08-22T12:00:00Z,73.8,4.69,25.0,50.0,-20.31,20.31
3-5 дней,2026-08-19T10:14:48Z,2026-08-22T13:00:00Z,74.8,4.69,25.0,12.5,-20.31,20.31
3-5 дней,2026-08-19T10:14:48Z,2026-08-23T06:00:00Z,91.8,2.34,87.5,12.5,-85.16,85.16
3-5 дней,2026-08-19T10:14:48Z,2026-08-23T07:00:00Z,92.8,2.34,87.5,25.0,-85.16,85.16
3-5 дней,2026-08-19T10:14:48Z,2026-08-23T08:00:00Z,93.8,0.78,87.5,37.5,-86.72,86.72
3-5 дней,2026-08-19T10:14:48Z,2026-08-23T09:00:00Z,94.8,0.78,87.5,37.5,-86.72,86.72
3-5 дней,2026-08-19T10:14:48Z,2026-08-23T10:00:00Z,95.8,0.78,62.5,37.5,-61.72,61.72
3-5 дней,2026-08-19T10:14:48Z,2026-08-23T11:00:00Z,96.8,0.0,75.0,37.5,-75.0,75.0
3-5 дней,2026-08-19T10:14:48Z,2026-08-23T12:00:00Z,97.8,0.0,75.0,25.0,-75.0,75.0
3-5 дней,2026-08-19T10:14:48Z,2026-08-23T13:00:00Z,98.8,0.0,50.0,25.0,-50.0,50.0
3-5 дней,2026-08-19T16:28:17Z,2026-08-23T06:00:00Z,85.5,2.34,87.5,12.5,-85.16,85.16
3-5 дней,2026-08-19T16:28:17Z,2026-08-23T07:00:00Z,86.5,2.34,87.5,25.0,-85.16,85.16
3-5 дней,2026-08-19T16:28:17Z,2026-08-23T08:00:00Z,87.5,0.78,87.5,37.5,-86.72,86.72
3-5 дней,2026-08-19T16:28:17Z,2026-08-23T09:00:00Z,88.5,0.78,87.5,37.5,-86.72,86.72
3-5 дней,2026-08-19T16:28:17Z,2026-08-23T10:00:00Z,89.5,0.78,62.5,37.5,-61.72,61.72
3-5 дней,2026-08-19T16:28:17Z,2026-08-23T11:00:00Z,90.5,0.0,75.0,37.5,-75.0,75.0
3-5 дней,2026-08-19T16:28:17Z,2026-08-23T12:00:00Z,91.5,0.0,75.0,25.0,-75.0,75.0
3-5 дней,2026-08-19T16:28:17Z,2026-08-23T13:00:00Z,92.5,0.0,50.0,25.0,-50.0,50.0
3-5 дней,2026-08-20T04:31:56Z,2026-08-23T06:00:00Z,73.5,100.0,87.5,12.5,12.5,12.5
3-5 дней,2026-08-20T04:31:56Z,2026-08-23T07:00:00Z,74.5,90.62,87.5,25.0,3.12,3.12
3-5 дней,2026-08-20T04:31:56Z,2026-08-23T08:00:00Z,75.5,8.59,87.5,37.5,-78.91,78.91
3-5 дней,2026-08-20T04:31:56Z,2026-08-23T09:00:00Z,76.5,9.38,87.5,37.5,-78.12,78.12
3-5 дней,2026-08-20T04:31:56Z,2026-08-23T10:00:00Z,77.5,9.38,62.5,37.5,-53.12,53.12
3-5 дней,2026-08-20T04:31:56Z,2026-08-23T11:00:00Z,78.5,3.12,75.0,37.5,-71.88,71.88
3-5 дней,2026-08-20T04:31:56Z,2026-08-23T12:00:00Z,79.5,3.91,75.0,25.0,-71.09,71.09
3-5 дней,2026-08-20T04:31:56Z,2026-08-23T13:00:00Z,80.5,3.91,50.0,25.0,-46.09,46.09
3-5 дней,2026-08-20T10:16:10Z,2026-08-23T11:00:00Z,72.7,1.56,75.0,37.5,-73.44,73.44
3-5 дней,2026-08-20T10:16:10Z,2026-08-23T12:00:00Z,73.7,1.56,75.0,25.0,-73.44,73.44
3-5 дней,2026-08-20T10:16:10Z,2026-08-23T13:00:00Z,74.7,1.56,50.0,25.0,-48.44,48.44
