# Нови-Сад / Облачность / 0-6ч, 6-24ч, 1-2 дня, 2-3 дня, 3-5 дней, 5-10 дней / GEM (Канада)
# n=2047, MAE=11.957, RMSE=23.308, bias=+0.828
# skill = 1 - (RMSE/RMSE_персистентности)^2 = 1 - (23.308/26.396)^2 = 0.2203  (RMSE_персистентности по 2047 пар(ам))
# persistence baseline = смешанный (разный по периодам в пуле) - выбран автоматически как более сильный (ниже RMSE) из двух кандидатов для этого периода, одинаково для всех источников
# «Общий» = объединённый пул пар из периодов: 0-6ч, 6-24ч, 1-2 дня, 2-3 дня, 3-5 дней, 5-10 дней - метрика посчитана заново по всему пулу, а не усреднена по периодам
#
bucket,fetched_at,valid_time,lead_hours,forecast,observed,persistence,error,abs_error
0-6ч,2026-08-06T09:50:07Z,2026-08-06T10:00:00Z,0.2,0.0,0.0,0.0,0.0,0.0
0-6ч,2026-08-06T09:50:07Z,2026-08-06T11:00:00Z,1.2,0.0,12.5,0.0,-12.5,12.5
0-6ч,2026-08-06T09:50:07Z,2026-08-06T12:00:00Z,2.2,0.0,25.0,0.0,-25.0,25.0
0-6ч,2026-08-06T09:50:07Z,2026-08-06T13:00:00Z,3.2,0.0,50.0,0.0,-50.0,50.0
0-6ч,2026-08-06T09:50:07Z,2026-08-06T14:00:00Z,4.2,8.0,62.5,12.5,-54.5,54.5
0-6ч,2026-08-06T09:50:07Z,2026-08-06T15:00:00Z,5.2,12.0,87.5,37.5,-75.5,75.5
0-6ч,2026-08-06T09:59:18Z,2026-08-06T10:00:00Z,0.0,0.0,0.0,0.0,0.0,0.0
0-6ч,2026-08-06T09:59:18Z,2026-08-06T11:00:00Z,1.0,0.0,12.5,0.0,-12.5,12.5
0-6ч,2026-08-06T09:59:18Z,2026-08-06T12:00:00Z,2.0,0.0,25.0,0.0,-25.0,25.0
0-6ч,2026-08-06T09:59:18Z,2026-08-06T13:00:00Z,3.0,0.0,50.0,0.0,-50.0,50.0
0-6ч,2026-08-06T09:59:18Z,2026-08-06T14:00:00Z,4.0,8.0,62.5,12.5,-54.5,54.5
0-6ч,2026-08-06T09:59:18Z,2026-08-06T15:00:00Z,5.0,12.0,87.5,37.5,-75.5,75.5
0-6ч,2026-08-06T10:08:26Z,2026-08-06T11:00:00Z,0.9,0.0,12.5,0.0,-12.5,12.5
0-6ч,2026-08-06T10:08:26Z,2026-08-06T12:00:00Z,1.9,0.0,25.0,0.0,-25.0,25.0
0-6ч,2026-08-06T10:08:26Z,2026-08-06T13:00:00Z,2.9,0.0,50.0,0.0,-50.0,50.0
0-6ч,2026-08-06T10:08:26Z,2026-08-06T14:00:00Z,3.9,8.0,62.5,12.5,-54.5,54.5
0-6ч,2026-08-06T10:08:26Z,2026-08-06T15:00:00Z,4.9,12.0,87.5,37.5,-75.5,75.5
0-6ч,2026-08-06T10:08:26Z,2026-08-06T16:00:00Z,5.9,12.0,87.5,50.0,-75.5,75.5
0-6ч,2026-08-06T10:47:54Z,2026-08-06T11:00:00Z,0.2,0.0,12.5,0.0,-12.5,12.5
0-6ч,2026-08-06T10:47:54Z,2026-08-06T12:00:00Z,1.2,0.0,25.0,0.0,-25.0,25.0
0-6ч,2026-08-06T10:47:54Z,2026-08-06T13:00:00Z,2.2,0.0,50.0,0.0,-50.0,50.0
0-6ч,2026-08-06T10:47:54Z,2026-08-06T14:00:00Z,3.2,8.0,62.5,12.5,-54.5,54.5
0-6ч,2026-08-06T10:47:54Z,2026-08-06T15:00:00Z,4.2,12.0,87.5,37.5,-75.5,75.5
0-6ч,2026-08-06T10:47:54Z,2026-08-06T16:00:00Z,5.2,12.0,87.5,50.0,-75.5,75.5
0-6ч,2026-08-06T11:30:42Z,2026-08-06T12:00:00Z,0.5,0.0,25.0,0.0,-25.0,25.0
0-6ч,2026-08-06T11:30:42Z,2026-08-06T13:00:00Z,1.5,0.0,50.0,0.0,-50.0,50.0
0-6ч,2026-08-06T11:30:42Z,2026-08-06T14:00:00Z,2.5,8.0,62.5,12.5,-54.5,54.5
0-6ч,2026-08-06T11:30:42Z,2026-08-06T15:00:00Z,3.5,12.0,87.5,37.5,-75.5,75.5
0-6ч,2026-08-06T11:30:42Z,2026-08-06T16:00:00Z,4.5,12.0,87.5,50.0,-75.5,75.5
0-6ч,2026-08-06T11:30:42Z,2026-08-06T17:00:00Z,5.5,12.0,87.5,50.0,-75.5,75.5
0-6ч,2026-08-06T11:36:01Z,2026-08-06T12:00:00Z,0.4,0.0,25.0,0.0,-25.0,25.0
0-6ч,2026-08-06T11:36:01Z,2026-08-06T13:00:00Z,1.4,0.0,50.0,0.0,-50.0,50.0
0-6ч,2026-08-06T11:36:01Z,2026-08-06T14:00:00Z,2.4,8.0,62.5,12.5,-54.5,54.5
0-6ч,2026-08-06T11:36:01Z,2026-08-06T15:00:00Z,3.4,12.0,87.5,37.5,-75.5,75.5
0-6ч,2026-08-06T11:36:01Z,2026-08-06T16:00:00Z,4.4,12.0,87.5,50.0,-75.5,75.5
0-6ч,2026-08-06T11:36:01Z,2026-08-06T17:00:00Z,5.4,12.0,87.5,50.0,-75.5,75.5
0-6ч,2026-08-06T11:44:08Z,2026-08-06T12:00:00Z,0.3,0.0,25.0,0.0,-25.0,25.0
0-6ч,2026-08-06T11:44:08Z,2026-08-06T13:00:00Z,1.3,0.0,50.0,0.0,-50.0,50.0
0-6ч,2026-08-06T11:44:08Z,2026-08-06T14:00:00Z,2.3,8.0,62.5,12.5,-54.5,54.5
0-6ч,2026-08-06T11:44:08Z,2026-08-06T15:00:00Z,3.3,12.0,87.5,37.5,-75.5,75.5
0-6ч,2026-08-06T11:44:08Z,2026-08-06T16:00:00Z,4.3,12.0,87.5,50.0,-75.5,75.5
0-6ч,2026-08-06T11:44:08Z,2026-08-06T17:00:00Z,5.3,12.0,87.5,50.0,-75.5,75.5
0-6ч,2026-08-07T01:31:32Z,2026-08-07T06:00:00Z,4.5,48.0,12.5,0.0,35.5,35.5
0-6ч,2026-08-07T01:31:32Z,2026-08-07T07:00:00Z,5.5,56.0,0.0,0.0,56.0,56.0
0-6ч,2026-08-07T05:36:00Z,2026-08-07T06:00:00Z,0.4,48.0,12.5,0.0,35.5,35.5
0-6ч,2026-08-07T05:36:00Z,2026-08-07T07:00:00Z,1.4,56.0,0.0,0.0,56.0,56.0
0-6ч,2026-08-07T05:36:00Z,2026-08-07T08:00:00Z,2.4,68.0,0.0,0.0,68.0,68.0
0-6ч,2026-08-07T05:36:00Z,2026-08-07T09:00:00Z,3.4,80.0,0.0,0.0,80.0,80.0
0-6ч,2026-08-07T05:36:00Z,2026-08-07T10:00:00Z,4.4,80.0,0.0,0.0,80.0,80.0
0-6ч,2026-08-07T05:36:00Z,2026-08-07T11:00:00Z,5.4,92.0,0.0,12.5,92.0,92.0
0-6ч,2026-08-07T06:18:59Z,2026-08-07T07:00:00Z,0.7,0.0,0.0,0.0,0.0,0.0
0-6ч,2026-08-07T06:18:59Z,2026-08-07T08:00:00Z,1.7,0.0,0.0,0.0,0.0,0.0
0-6ч,2026-08-07T06:18:59Z,2026-08-07T09:00:00Z,2.7,0.0,0.0,0.0,0.0,0.0
0-6ч,2026-08-07T06:18:59Z,2026-08-07T10:00:00Z,3.7,0.0,0.0,0.0,0.0,0.0
0-6ч,2026-08-07T06:18:59Z,2026-08-07T11:00:00Z,4.7,0.0,0.0,12.5,0.0,0.0
0-6ч,2026-08-07T06:18:59Z,2026-08-07T12:00:00Z,5.7,0.0,0.0,25.0,0.0,0.0
0-6ч,2026-08-07T07:13:52Z,2026-08-07T08:00:00Z,0.8,0.0,0.0,0.0,0.0,0.0
0-6ч,2026-08-07T07:13:52Z,2026-08-07T09:00:00Z,1.8,0.0,0.0,0.0,0.0,0.0
0-6ч,2026-08-07T07:13:52Z,2026-08-07T10:00:00Z,2.8,0.0,0.0,0.0,0.0,0.0
0-6ч,2026-08-07T07:13:52Z,2026-08-07T11:00:00Z,3.8,0.0,0.0,12.5,0.0,0.0
0-6ч,2026-08-07T07:13:52Z,2026-08-07T12:00:00Z,4.8,0.0,0.0,25.0,0.0,0.0
0-6ч,2026-08-07T07:13:52Z,2026-08-07T13:00:00Z,5.8,0.0,12.5,50.0,-12.5,12.5
0-6ч,2026-08-07T10:39:14Z,2026-08-07T11:00:00Z,0.3,0.0,0.0,12.5,0.0,0.0
0-6ч,2026-08-07T10:39:14Z,2026-08-07T12:00:00Z,1.3,0.0,0.0,25.0,0.0,0.0
0-6ч,2026-08-07T10:39:14Z,2026-08-07T13:00:00Z,2.3,0.0,12.5,50.0,-12.5,12.5
0-6ч,2026-08-07T10:39:14Z,2026-08-07T14:00:00Z,3.3,20.0,25.0,62.5,-5.0,5.0
0-6ч,2026-08-07T10:39:14Z,2026-08-07T15:00:00Z,4.3,20.0,25.0,87.5,-5.0,5.0
0-6ч,2026-08-07T10:39:14Z,2026-08-07T16:00:00Z,5.3,36.0,37.5,87.5,-1.5,1.5
0-6ч,2026-08-07T16:51:54Z,2026-08-07T17:00:00Z,0.1,56.0,12.5,87.5,43.5,43.5
0-6ч,2026-08-07T16:51:54Z,2026-08-07T18:00:00Z,1.1,88.0,75.0,75.0,13.0,13.0
0-6ч,2026-08-08T04:50:53Z,2026-08-08T06:00:00Z,1.2,12.0,0.0,12.5,12.0,12.0
0-6ч,2026-08-08T04:50:53Z,2026-08-08T07:00:00Z,2.2,20.0,0.0,0.0,20.0,20.0
0-6ч,2026-08-08T04:50:53Z,2026-08-08T08:00:00Z,3.2,20.0,0.0,0.0,20.0,20.0
0-6ч,2026-08-08T04:50:53Z,2026-08-08T09:00:00Z,4.2,8.0,0.0,0.0,8.0,8.0
0-6ч,2026-08-08T04:50:53Z,2026-08-08T10:00:00Z,5.2,0.0,0.0,0.0,0.0,0.0
0-6ч,2026-08-08T10:18:13Z,2026-08-08T11:00:00Z,0.7,0.0,12.5,0.0,-12.5,12.5
0-6ч,2026-08-08T10:18:13Z,2026-08-08T12:00:00Z,1.7,0.0,12.5,0.0,-12.5,12.5
0-6ч,2026-08-08T10:18:13Z,2026-08-08T13:00:00Z,2.7,0.0,12.5,12.5,-12.5,12.5
0-6ч,2026-08-08T10:18:13Z,2026-08-08T14:00:00Z,3.7,0.0,12.5,25.0,-12.5,12.5
0-6ч,2026-08-08T10:18:13Z,2026-08-08T15:00:00Z,4.7,0.0,12.5,25.0,-12.5,12.5
0-6ч,2026-08-08T10:18:13Z,2026-08-08T16:00:00Z,5.7,0.0,0.0,37.5,0.0,0.0
0-6ч,2026-08-09T04:59:03Z,2026-08-09T06:00:00Z,1.0,0.0,0.0,0.0,0.0,0.0
0-6ч,2026-08-09T04:59:03Z,2026-08-09T07:00:00Z,2.0,0.0,0.0,0.0,0.0,0.0
0-6ч,2026-08-09T04:59:03Z,2026-08-09T08:00:00Z,3.0,0.0,0.0,0.0,0.0,0.0
0-6ч,2026-08-09T04:59:03Z,2026-08-09T09:00:00Z,4.0,0.0,0.0,0.0,0.0,0.0
0-6ч,2026-08-09T04:59:03Z,2026-08-09T10:00:00Z,5.0,0.0,0.0,0.0,0.0,0.0
0-6ч,2026-08-09T10:19:29Z,2026-08-09T11:00:00Z,0.7,0.0,0.0,12.5,0.0,0.0
0-6ч,2026-08-09T10:19:29Z,2026-08-09T12:00:00Z,1.7,0.0,12.5,12.5,-12.5,12.5
0-6ч,2026-08-09T10:19:29Z,2026-08-09T13:00:00Z,2.7,0.0,12.5,12.5,-12.5,12.5
0-6ч,2026-08-09T10:19:29Z,2026-08-09T14:00:00Z,3.7,0.0,0.0,12.5,0.0,0.0
0-6ч,2026-08-09T10:19:29Z,2026-08-09T15:00:00Z,4.7,0.0,0.0,12.5,0.0,0.0
0-6ч,2026-08-09T10:19:29Z,2026-08-09T16:00:00Z,5.7,0.0,0.0,0.0,0.0,0.0
0-6ч,2026-08-09T12:41:38Z,2026-08-09T13:00:00Z,0.3,0.0,12.5,12.5,-12.5,12.5
0-6ч,2026-08-09T12:41:38Z,2026-08-09T14:00:00Z,1.3,0.0,0.0,12.5,0.0,0.0
0-6ч,2026-08-09T12:41:38Z,2026-08-09T15:00:00Z,2.3,0.0,0.0,12.5,0.0,0.0
0-6ч,2026-08-09T12:41:38Z,2026-08-09T16:00:00Z,3.3,0.0,0.0,0.0,0.0,0.0
0-6ч,2026-08-09T12:41:38Z,2026-08-09T17:00:00Z,4.3,0.0,0.0,0.0,0.0,0.0
0-6ч,2026-08-09T12:41:38Z,2026-08-09T18:00:00Z,5.3,0.0,0.0,0.0,0.0,0.0
0-6ч,2026-08-09T12:45:53Z,2026-08-09T13:00:00Z,0.2,0.0,12.5,12.5,-12.5,12.5
0-6ч,2026-08-09T12:45:53Z,2026-08-09T14:00:00Z,1.2,0.0,0.0,12.5,0.0,0.0
0-6ч,2026-08-09T12:45:53Z,2026-08-09T15:00:00Z,2.2,0.0,0.0,12.5,0.0,0.0
0-6ч,2026-08-09T12:45:53Z,2026-08-09T16:00:00Z,3.2,0.0,0.0,0.0,0.0,0.0
0-6ч,2026-08-09T12:45:53Z,2026-08-09T17:00:00Z,4.2,0.0,0.0,0.0,0.0,0.0
0-6ч,2026-08-09T12:45:53Z,2026-08-09T18:00:00Z,5.2,0.0,0.0,0.0,0.0,0.0
0-6ч,2026-08-09T12:48:15Z,2026-08-09T13:00:00Z,0.2,0.0,12.5,12.5,-12.5,12.5
0-6ч,2026-08-09T12:48:15Z,2026-08-09T14:00:00Z,1.2,0.0,0.0,12.5,0.0,0.0
0-6ч,2026-08-09T12:48:15Z,2026-08-09T15:00:00Z,2.2,0.0,0.0,12.5,0.0,0.0
0-6ч,2026-08-09T12:48:15Z,2026-08-09T16:00:00Z,3.2,0.0,0.0,0.0,0.0,0.0
0-6ч,2026-08-09T12:48:15Z,2026-08-09T17:00:00Z,4.2,0.0,0.0,0.0,0.0,0.0
0-6ч,2026-08-09T12:48:15Z,2026-08-09T18:00:00Z,5.2,0.0,0.0,0.0,0.0,0.0
0-6ч,2026-08-09T16:31:44Z,2026-08-09T17:00:00Z,0.5,0.0,0.0,0.0,0.0,0.0
0-6ч,2026-08-09T16:31:44Z,2026-08-09T18:00:00Z,1.5,0.0,0.0,0.0,0.0,0.0
0-6ч,2026-08-10T05:20:42Z,2026-08-10T06:00:00Z,0.7,0.0,0.0,0.0,0.0,0.0
0-6ч,2026-08-10T05:20:42Z,2026-08-10T07:00:00Z,1.7,0.0,0.0,0.0,0.0,0.0
0-6ч,2026-08-10T05:20:42Z,2026-08-10T08:00:00Z,2.7,0.0,0.0,0.0,0.0,0.0
0-6ч,2026-08-10T05:20:42Z,2026-08-10T09:00:00Z,3.7,0.0,0.0,0.0,0.0,0.0
0-6ч,2026-08-10T05:20:42Z,2026-08-10T10:00:00Z,4.7,0.0,0.0,0.0,0.0,0.0
0-6ч,2026-08-10T05:20:42Z,2026-08-10T11:00:00Z,5.7,0.0,12.5,0.0,-12.5,12.5
0-6ч,2026-08-10T10:53:28Z,2026-08-10T11:00:00Z,0.1,0.0,12.5,0.0,-12.5,12.5
0-6ч,2026-08-10T10:53:28Z,2026-08-10T12:00:00Z,1.1,0.0,0.0,12.5,0.0,0.0
0-6ч,2026-08-10T10:53:28Z,2026-08-10T13:00:00Z,2.1,0.0,0.0,12.5,0.0,0.0
0-6ч,2026-08-10T10:53:28Z,2026-08-10T14:00:00Z,3.1,0.0,0.0,0.0,0.0,0.0
0-6ч,2026-08-10T10:53:28Z,2026-08-10T15:00:00Z,4.1,0.0,0.0,0.0,0.0,0.0
0-6ч,2026-08-10T10:53:28Z,2026-08-10T16:00:00Z,5.1,0.0,0.0,0.0,0.0,0.0
0-6ч,2026-08-10T16:52:05Z,2026-08-10T17:00:00Z,0.1,0.0,0.0,0.0,0.0,0.0
0-6ч,2026-08-10T16:52:05Z,2026-08-10T18:00:00Z,1.1,0.0,0.0,0.0,0.0,0.0
0-6ч,2026-08-11T05:01:49Z,2026-08-11T06:00:00Z,1.0,0.0,0.0,0.0,0.0,0.0
0-6ч,2026-08-11T05:01:49Z,2026-08-11T07:00:00Z,2.0,0.0,0.0,0.0,0.0,0.0
0-6ч,2026-08-11T05:01:49Z,2026-08-11T08:00:00Z,3.0,0.0,0.0,0.0,0.0,0.0
0-6ч,2026-08-11T05:01:49Z,2026-08-11T09:00:00Z,4.0,0.0,0.0,0.0,0.0,0.0
0-6ч,2026-08-11T05:01:49Z,2026-08-11T10:00:00Z,5.0,0.0,0.0,0.0,0.0,0.0
0-6ч,2026-08-11T05:01:49Z,2026-08-11T11:00:00Z,6.0,0.0,0.0,12.5,0.0,0.0
0-6ч,2026-08-11T10:38:45Z,2026-08-11T11:00:00Z,0.4,0.0,0.0,12.5,0.0,0.0
0-6ч,2026-08-11T10:38:45Z,2026-08-11T12:00:00Z,1.4,0.0,0.0,0.0,0.0,0.0
0-6ч,2026-08-11T10:38:45Z,2026-08-11T13:00:00Z,2.4,0.0,0.0,0.0,0.0,0.0
0-6ч,2026-08-11T10:38:45Z,2026-08-11T14:00:00Z,3.4,0.0,0.0,0.0,0.0,0.0
0-6ч,2026-08-11T10:38:45Z,2026-08-11T15:00:00Z,4.4,0.0,0.0,0.0,0.0,0.0
0-6ч,2026-08-11T10:38:45Z,2026-08-11T16:00:00Z,5.4,0.0,0.0,0.0,0.0,0.0
0-6ч,2026-08-12T06:05:22Z,2026-08-12T07:00:00Z,0.9,0.0,75.0,0.0,-75.0,75.0
0-6ч,2026-08-12T06:05:22Z,2026-08-12T08:00:00Z,1.9,0.0,50.0,0.0,-50.0,50.0
0-6ч,2026-08-12T06:05:22Z,2026-08-12T09:00:00Z,2.9,0.0,25.0,0.0,-25.0,25.0
0-6ч,2026-08-12T06:05:22Z,2026-08-12T10:00:00Z,3.9,0.0,25.0,0.0,-25.0,25.0
0-6ч,2026-08-12T06:05:22Z,2026-08-12T11:00:00Z,4.9,0.0,12.5,0.0,-12.5,12.5
0-6ч,2026-08-12T06:05:22Z,2026-08-12T12:00:00Z,5.9,0.0,12.5,0.0,-12.5,12.5
0-6ч,2026-08-12T10:47:03Z,2026-08-12T11:00:00Z,0.2,0.0,12.5,0.0,-12.5,12.5
0-6ч,2026-08-12T10:47:03Z,2026-08-12T12:00:00Z,1.2,0.0,12.5,0.0,-12.5,12.5
0-6ч,2026-08-12T10:47:03Z,2026-08-12T13:00:00Z,2.2,0.0,0.0,0.0,0.0,0.0
0-6ч,2026-08-12T10:47:03Z,2026-08-12T14:00:00Z,3.2,0.0,0.0,0.0,0.0,0.0
0-6ч,2026-08-12T10:47:03Z,2026-08-12T15:00:00Z,4.2,0.0,0.0,0.0,0.0,0.0
0-6ч,2026-08-12T10:47:03Z,2026-08-12T16:00:00Z,5.2,0.0,0.0,0.0,0.0,0.0
0-6ч,2026-08-12T16:54:57Z,2026-08-12T17:00:00Z,0.1,0.0,0.0,0.0,0.0,0.0
0-6ч,2026-08-12T16:54:57Z,2026-08-12T18:00:00Z,1.1,0.0,0.0,0.0,0.0,0.0
0-6ч,2026-08-13T05:30:08Z,2026-08-13T06:00:00Z,0.5,0.0,0.0,75.0,0.0,0.0
0-6ч,2026-08-13T05:30:08Z,2026-08-13T07:00:00Z,1.5,0.0,0.0,75.0,0.0,0.0
0-6ч,2026-08-13T05:30:08Z,2026-08-13T08:00:00Z,2.5,0.0,0.0,50.0,0.0,0.0
0-6ч,2026-08-13T05:30:08Z,2026-08-13T09:00:00Z,3.5,0.0,0.0,25.0,0.0,0.0
0-6ч,2026-08-13T05:30:08Z,2026-08-13T10:00:00Z,4.5,0.0,0.0,25.0,0.0,0.0
6-24ч,2026-08-06T09:50:07Z,2026-08-06T16:00:00Z,6.2,12.0,87.5,50.0,-75.5,75.5
6-24ч,2026-08-06T09:50:07Z,2026-08-06T17:00:00Z,7.2,12.0,87.5,50.0,-75.5,75.5
6-24ч,2026-08-06T09:50:07Z,2026-08-06T18:00:00Z,8.2,12.0,75.0,50.0,-63.0,63.0
6-24ч,2026-08-06T09:50:07Z,2026-08-07T06:00:00Z,20.2,68.0,12.5,0.0,55.5,55.5
6-24ч,2026-08-06T09:50:07Z,2026-08-07T07:00:00Z,21.2,76.0,0.0,0.0,76.0,76.0
6-24ч,2026-08-06T09:50:07Z,2026-08-07T08:00:00Z,22.2,68.0,0.0,0.0,68.0,68.0
6-24ч,2026-08-06T09:50:07Z,2026-08-07T09:00:00Z,23.2,8.0,0.0,0.0,8.0,8.0
6-24ч,2026-08-06T09:59:18Z,2026-08-06T16:00:00Z,6.0,12.0,87.5,50.0,-75.5,75.5
6-24ч,2026-08-06T09:59:18Z,2026-08-06T17:00:00Z,7.0,12.0,87.5,50.0,-75.5,75.5
6-24ч,2026-08-06T09:59:18Z,2026-08-06T18:00:00Z,8.0,12.0,75.0,50.0,-63.0,63.0
6-24ч,2026-08-06T09:59:18Z,2026-08-07T06:00:00Z,20.0,68.0,12.5,0.0,55.5,55.5
6-24ч,2026-08-06T09:59:18Z,2026-08-07T07:00:00Z,21.0,76.0,0.0,0.0,76.0,76.0
6-24ч,2026-08-06T09:59:18Z,2026-08-07T08:00:00Z,22.0,68.0,0.0,0.0,68.0,68.0
6-24ч,2026-08-06T09:59:18Z,2026-08-07T09:00:00Z,23.0,8.0,0.0,0.0,8.0,8.0
6-24ч,2026-08-06T10:08:26Z,2026-08-06T17:00:00Z,6.9,12.0,87.5,50.0,-75.5,75.5
6-24ч,2026-08-06T10:08:26Z,2026-08-06T18:00:00Z,7.9,12.0,75.0,50.0,-63.0,63.0
6-24ч,2026-08-06T10:08:26Z,2026-08-07T06:00:00Z,19.9,68.0,12.5,0.0,55.5,55.5
6-24ч,2026-08-06T10:08:26Z,2026-08-07T07:00:00Z,20.9,76.0,0.0,0.0,76.0,76.0
6-24ч,2026-08-06T10:08:26Z,2026-08-07T08:00:00Z,21.9,68.0,0.0,0.0,68.0,68.0
6-24ч,2026-08-06T10:08:26Z,2026-08-07T09:00:00Z,22.9,8.0,0.0,0.0,8.0,8.0
6-24ч,2026-08-06T10:08:26Z,2026-08-07T10:00:00Z,23.9,0.0,0.0,0.0,0.0,0.0
6-24ч,2026-08-06T10:47:54Z,2026-08-06T17:00:00Z,6.2,12.0,87.5,50.0,-75.5,75.5
6-24ч,2026-08-06T10:47:54Z,2026-08-06T18:00:00Z,7.2,12.0,75.0,50.0,-63.0,63.0
6-24ч,2026-08-06T10:47:54Z,2026-08-07T06:00:00Z,19.2,68.0,12.5,0.0,55.5,55.5
6-24ч,2026-08-06T10:47:54Z,2026-08-07T07:00:00Z,20.2,76.0,0.0,0.0,76.0,76.0
6-24ч,2026-08-06T10:47:54Z,2026-08-07T08:00:00Z,21.2,68.0,0.0,0.0,68.0,68.0
6-24ч,2026-08-06T10:47:54Z,2026-08-07T09:00:00Z,22.2,8.0,0.0,0.0,8.0,8.0
6-24ч,2026-08-06T10:47:54Z,2026-08-07T10:00:00Z,23.2,0.0,0.0,0.0,0.0,0.0
6-24ч,2026-08-06T11:30:42Z,2026-08-06T18:00:00Z,6.5,12.0,75.0,50.0,-63.0,63.0
6-24ч,2026-08-06T11:30:42Z,2026-08-07T06:00:00Z,18.5,68.0,12.5,0.0,55.5,55.5
6-24ч,2026-08-06T11:30:42Z,2026-08-07T07:00:00Z,19.5,76.0,0.0,0.0,76.0,76.0
6-24ч,2026-08-06T11:30:42Z,2026-08-07T08:00:00Z,20.5,68.0,0.0,0.0,68.0,68.0
6-24ч,2026-08-06T11:30:42Z,2026-08-07T09:00:00Z,21.5,8.0,0.0,0.0,8.0,8.0
6-24ч,2026-08-06T11:30:42Z,2026-08-07T10:00:00Z,22.5,0.0,0.0,0.0,0.0,0.0
6-24ч,2026-08-06T11:30:42Z,2026-08-07T11:00:00Z,23.5,8.0,0.0,12.5,8.0,8.0
6-24ч,2026-08-06T11:36:01Z,2026-08-06T18:00:00Z,6.4,12.0,75.0,50.0,-63.0,63.0
6-24ч,2026-08-06T11:36:01Z,2026-08-07T06:00:00Z,18.4,68.0,12.5,0.0,55.5,55.5
6-24ч,2026-08-06T11:36:01Z,2026-08-07T07:00:00Z,19.4,76.0,0.0,0.0,76.0,76.0
6-24ч,2026-08-06T11:36:01Z,2026-08-07T08:00:00Z,20.4,68.0,0.0,0.0,68.0,68.0
6-24ч,2026-08-06T11:36:01Z,2026-08-07T09:00:00Z,21.4,8.0,0.0,0.0,8.0,8.0
6-24ч,2026-08-06T11:36:01Z,2026-08-07T10:00:00Z,22.4,0.0,0.0,0.0,0.0,0.0
6-24ч,2026-08-06T11:36:01Z,2026-08-07T11:00:00Z,23.4,8.0,0.0,12.5,8.0,8.0
6-24ч,2026-08-06T11:44:08Z,2026-08-06T18:00:00Z,6.3,12.0,75.0,50.0,-63.0,63.0
6-24ч,2026-08-06T11:44:08Z,2026-08-07T06:00:00Z,18.3,68.0,12.5,0.0,55.5,55.5
6-24ч,2026-08-06T11:44:08Z,2026-08-07T07:00:00Z,19.3,76.0,0.0,0.0,76.0,76.0
6-24ч,2026-08-06T11:44:08Z,2026-08-07T08:00:00Z,20.3,68.0,0.0,0.0,68.0,68.0
6-24ч,2026-08-06T11:44:08Z,2026-08-07T09:00:00Z,21.3,8.0,0.0,0.0,8.0,8.0
6-24ч,2026-08-06T11:44:08Z,2026-08-07T10:00:00Z,22.3,0.0,0.0,0.0,0.0,0.0
6-24ч,2026-08-06T11:44:08Z,2026-08-07T11:00:00Z,23.3,8.0,0.0,12.5,8.0,8.0
6-24ч,2026-08-07T01:31:32Z,2026-08-07T08:00:00Z,6.5,68.0,0.0,0.0,68.0,68.0
6-24ч,2026-08-07T01:31:32Z,2026-08-07T09:00:00Z,7.5,80.0,0.0,0.0,80.0,80.0
6-24ч,2026-08-07T01:31:32Z,2026-08-07T10:00:00Z,8.5,80.0,0.0,0.0,80.0,80.0
6-24ч,2026-08-07T01:31:32Z,2026-08-07T11:00:00Z,9.5,92.0,0.0,12.5,92.0,92.0
6-24ч,2026-08-07T01:31:32Z,2026-08-07T12:00:00Z,10.5,92.0,0.0,25.0,92.0,92.0
6-24ч,2026-08-07T01:31:32Z,2026-08-07T13:00:00Z,11.5,64.0,12.5,50.0,51.5,51.5
6-24ч,2026-08-07T01:31:32Z,2026-08-07T14:00:00Z,12.5,0.0,25.0,62.5,-25.0,25.0
6-24ч,2026-08-07T01:31:32Z,2026-08-07T15:00:00Z,13.5,48.0,25.0,87.5,23.0,23.0
6-24ч,2026-08-07T01:31:32Z,2026-08-07T16:00:00Z,14.5,68.0,37.5,87.5,30.5,30.5
6-24ч,2026-08-07T01:31:32Z,2026-08-07T17:00:00Z,15.5,48.0,12.5,87.5,35.5,35.5
6-24ч,2026-08-07T01:31:32Z,2026-08-07T18:00:00Z,16.5,0.0,75.0,75.0,-75.0,75.0
6-24ч,2026-08-07T05:36:00Z,2026-08-07T12:00:00Z,6.4,92.0,0.0,25.0,92.0,92.0
6-24ч,2026-08-07T05:36:00Z,2026-08-07T13:00:00Z,7.4,64.0,12.5,50.0,51.5,51.5
6-24ч,2026-08-07T05:36:00Z,2026-08-07T14:00:00Z,8.4,0.0,25.0,62.5,-25.0,25.0
6-24ч,2026-08-07T05:36:00Z,2026-08-07T15:00:00Z,9.4,48.0,25.0,87.5,23.0,23.0
6-24ч,2026-08-07T05:36:00Z,2026-08-07T16:00:00Z,10.4,68.0,37.5,87.5,30.5,30.5
6-24ч,2026-08-07T05:36:00Z,2026-08-07T17:00:00Z,11.4,48.0,12.5,87.5,35.5,35.5
6-24ч,2026-08-07T05:36:00Z,2026-08-07T18:00:00Z,12.4,0.0,75.0,75.0,-75.0,75.0
6-24ч,2026-08-07T06:18:59Z,2026-08-07T13:00:00Z,6.7,0.0,12.5,50.0,-12.5,12.5
6-24ч,2026-08-07T06:18:59Z,2026-08-07T14:00:00Z,7.7,20.0,25.0,62.5,-5.0,5.0
6-24ч,2026-08-07T06:18:59Z,2026-08-07T15:00:00Z,8.7,20.0,25.0,87.5,-5.0,5.0
6-24ч,2026-08-07T06:18:59Z,2026-08-07T16:00:00Z,9.7,36.0,37.5,87.5,-1.5,1.5
6-24ч,2026-08-07T06:18:59Z,2026-08-07T17:00:00Z,10.7,56.0,12.5,87.5,43.5,43.5
6-24ч,2026-08-07T06:18:59Z,2026-08-07T18:00:00Z,11.7,88.0,75.0,75.0,13.0,13.0
6-24ч,2026-08-07T06:18:59Z,2026-08-08T06:00:00Z,23.7,0.0,0.0,12.5,0.0,0.0
6-24ч,2026-08-07T07:13:52Z,2026-08-07T14:00:00Z,6.8,20.0,25.0,62.5,-5.0,5.0
6-24ч,2026-08-07T07:13:52Z,2026-08-07T15:00:00Z,7.8,20.0,25.0,87.5,-5.0,5.0
6-24ч,2026-08-07T07:13:52Z,2026-08-07T16:00:00Z,8.8,36.0,37.5,87.5,-1.5,1.5
6-24ч,2026-08-07T07:13:52Z,2026-08-07T17:00:00Z,9.8,56.0,12.5,87.5,43.5,43.5
6-24ч,2026-08-07T07:13:52Z,2026-08-07T18:00:00Z,10.8,88.0,75.0,75.0,13.0,13.0
6-24ч,2026-08-07T07:13:52Z,2026-08-08T06:00:00Z,22.8,0.0,0.0,12.5,0.0,0.0
6-24ч,2026-08-07T07:13:52Z,2026-08-08T07:00:00Z,23.8,0.0,0.0,0.0,0.0,0.0
6-24ч,2026-08-07T10:39:14Z,2026-08-07T17:00:00Z,6.3,56.0,12.5,87.5,43.5,43.5
6-24ч,2026-08-07T10:39:14Z,2026-08-07T18:00:00Z,7.3,88.0,75.0,75.0,13.0,13.0
6-24ч,2026-08-07T10:39:14Z,2026-08-08T06:00:00Z,19.3,0.0,0.0,12.5,0.0,0.0
6-24ч,2026-08-07T10:39:14Z,2026-08-08T07:00:00Z,20.3,0.0,0.0,0.0,0.0,0.0
6-24ч,2026-08-07T10:39:14Z,2026-08-08T08:00:00Z,21.3,0.0,0.0,0.0,0.0,0.0
6-24ч,2026-08-07T10:39:14Z,2026-08-08T09:00:00Z,22.3,0.0,0.0,0.0,0.0,0.0
6-24ч,2026-08-07T10:39:14Z,2026-08-08T10:00:00Z,23.3,20.0,0.0,0.0,20.0,20.0
6-24ч,2026-08-07T16:51:54Z,2026-08-08T06:00:00Z,13.1,0.0,0.0,12.5,0.0,0.0
6-24ч,2026-08-07T16:51:54Z,2026-08-08T07:00:00Z,14.1,0.0,0.0,0.0,0.0,0.0
6-24ч,2026-08-07T16:51:54Z,2026-08-08T08:00:00Z,15.1,0.0,0.0,0.0,0.0,0.0
6-24ч,2026-08-07T16:51:54Z,2026-08-08T09:00:00Z,16.1,0.0,0.0,0.0,0.0,0.0
6-24ч,2026-08-07T16:51:54Z,2026-08-08T10:00:00Z,17.1,20.0,0.0,0.0,20.0,20.0
6-24ч,2026-08-07T16:51:54Z,2026-08-08T11:00:00Z,18.1,44.0,12.5,0.0,31.5,31.5
6-24ч,2026-08-07T16:51:54Z,2026-08-08T12:00:00Z,19.1,56.0,12.5,0.0,43.5,43.5
6-24ч,2026-08-07T16:51:54Z,2026-08-08T13:00:00Z,20.1,56.0,12.5,12.5,43.5,43.5
6-24ч,2026-08-07T16:51:54Z,2026-08-08T14:00:00Z,21.1,8.0,12.5,25.0,-4.5,4.5
6-24ч,2026-08-07T16:51:54Z,2026-08-08T15:00:00Z,22.1,24.0,12.5,25.0,11.5,11.5
6-24ч,2026-08-07T16:51:54Z,2026-08-08T16:00:00Z,23.1,56.0,0.0,37.5,56.0,56.0
6-24ч,2026-08-07T22:45:57Z,2026-08-08T06:00:00Z,7.2,12.0,0.0,12.5,12.0,12.0
6-24ч,2026-08-07T22:45:57Z,2026-08-08T07:00:00Z,8.2,20.0,0.0,0.0,20.0,20.0
6-24ч,2026-08-07T22:45:57Z,2026-08-08T08:00:00Z,9.2,20.0,0.0,0.0,20.0,20.0
6-24ч,2026-08-07T22:45:57Z,2026-08-08T09:00:00Z,10.2,8.0,0.0,0.0,8.0,8.0
6-24ч,2026-08-07T22:45:57Z,2026-08-08T10:00:00Z,11.2,0.0,0.0,0.0,0.0,0.0
6-24ч,2026-08-07T22:45:57Z,2026-08-08T11:00:00Z,12.2,0.0,12.5,0.0,-12.5,12.5
6-24ч,2026-08-07T22:45:57Z,2026-08-08T12:00:00Z,13.2,0.0,12.5,0.0,-12.5,12.5
6-24ч,2026-08-07T22:45:57Z,2026-08-08T13:00:00Z,14.2,0.0,12.5,12.5,-12.5,12.5
6-24ч,2026-08-07T22:45:57Z,2026-08-08T14:00:00Z,15.2,8.0,12.5,25.0,-4.5,4.5
6-24ч,2026-08-07T22:45:57Z,2026-08-08T15:00:00Z,16.2,24.0,12.5,25.0,11.5,11.5
6-24ч,2026-08-07T22:45:57Z,2026-08-08T16:00:00Z,17.2,32.0,0.0,37.5,32.0,32.0
6-24ч,2026-08-07T22:45:57Z,2026-08-08T17:00:00Z,18.2,12.0,0.0,12.5,12.0,12.0
6-24ч,2026-08-07T22:45:57Z,2026-08-08T18:00:00Z,19.2,8.0,0.0,75.0,8.0,8.0
6-24ч,2026-08-07T23:19:23Z,2026-08-08T06:00:00Z,6.7,12.0,0.0,12.5,12.0,12.0
6-24ч,2026-08-07T23:19:23Z,2026-08-08T07:00:00Z,7.7,20.0,0.0,0.0,20.0,20.0
6-24ч,2026-08-07T23:19:23Z,2026-08-08T08:00:00Z,8.7,20.0,0.0,0.0,20.0,20.0
6-24ч,2026-08-07T23:19:23Z,2026-08-08T09:00:00Z,9.7,8.0,0.0,0.0,8.0,8.0
6-24ч,2026-08-07T23:19:23Z,2026-08-08T10:00:00Z,10.7,0.0,0.0,0.0,0.0,0.0
6-24ч,2026-08-07T23:19:23Z,2026-08-08T11:00:00Z,11.7,0.0,12.5,0.0,-12.5,12.5
6-24ч,2026-08-07T23:19:23Z,2026-08-08T12:00:00Z,12.7,0.0,12.5,0.0,-12.5,12.5
6-24ч,2026-08-07T23:19:23Z,2026-08-08T13:00:00Z,13.7,0.0,12.5,12.5,-12.5,12.5
6-24ч,2026-08-07T23:19:23Z,2026-08-08T14:00:00Z,14.7,8.0,12.5,25.0,-4.5,4.5
6-24ч,2026-08-07T23:19:23Z,2026-08-08T15:00:00Z,15.7,24.0,12.5,25.0,11.5,11.5
6-24ч,2026-08-07T23:19:23Z,2026-08-08T16:00:00Z,16.7,32.0,0.0,37.5,32.0,32.0
6-24ч,2026-08-07T23:19:23Z,2026-08-08T17:00:00Z,17.7,12.0,0.0,12.5,12.0,12.0
6-24ч,2026-08-07T23:19:23Z,2026-08-08T18:00:00Z,18.7,8.0,0.0,75.0,8.0,8.0
6-24ч,2026-08-08T04:50:53Z,2026-08-08T11:00:00Z,6.2,0.0,12.5,0.0,-12.5,12.5
6-24ч,2026-08-08T04:50:53Z,2026-08-08T12:00:00Z,7.2,0.0,12.5,0.0,-12.5,12.5
6-24ч,2026-08-08T04:50:53Z,2026-08-08T13:00:00Z,8.2,0.0,12.5,12.5,-12.5,12.5
6-24ч,2026-08-08T04:50:53Z,2026-08-08T14:00:00Z,9.2,8.0,12.5,25.0,-4.5,4.5
6-24ч,2026-08-08T04:50:53Z,2026-08-08T15:00:00Z,10.2,24.0,12.5,25.0,11.5,11.5
6-24ч,2026-08-08T04:50:53Z,2026-08-08T16:00:00Z,11.2,32.0,0.0,37.5,32.0,32.0
6-24ч,2026-08-08T04:50:53Z,2026-08-08T17:00:00Z,12.2,12.0,0.0,12.5,12.0,12.0
6-24ч,2026-08-08T04:50:53Z,2026-08-08T18:00:00Z,13.2,8.0,0.0,75.0,8.0,8.0
6-24ч,2026-08-08T10:18:13Z,2026-08-08T17:00:00Z,6.7,8.0,0.0,12.5,8.0,8.0
6-24ч,2026-08-08T10:18:13Z,2026-08-08T18:00:00Z,7.7,0.0,0.0,75.0,0.0,0.0
6-24ч,2026-08-08T10:18:13Z,2026-08-09T06:00:00Z,19.7,0.0,0.0,0.0,0.0,0.0
6-24ч,2026-08-08T10:18:13Z,2026-08-09T07:00:00Z,20.7,0.0,0.0,0.0,0.0,0.0
6-24ч,2026-08-08T10:18:13Z,2026-08-09T08:00:00Z,21.7,0.0,0.0,0.0,0.0,0.0
6-24ч,2026-08-08T10:18:13Z,2026-08-09T09:00:00Z,22.7,0.0,0.0,0.0,0.0,0.0
6-24ч,2026-08-08T10:18:13Z,2026-08-09T10:00:00Z,23.7,0.0,0.0,0.0,0.0,0.0
6-24ч,2026-08-08T22:37:20Z,2026-08-09T06:00:00Z,7.4,0.0,0.0,0.0,0.0,0.0
6-24ч,2026-08-08T22:37:20Z,2026-08-09T07:00:00Z,8.4,0.0,0.0,0.0,0.0,0.0
6-24ч,2026-08-08T22:37:20Z,2026-08-09T08:00:00Z,9.4,0.0,0.0,0.0,0.0,0.0
6-24ч,2026-08-08T22:37:20Z,2026-08-09T09:00:00Z,10.4,0.0,0.0,0.0,0.0,0.0
6-24ч,2026-08-08T22:37:20Z,2026-08-09T10:00:00Z,11.4,0.0,0.0,0.0,0.0,0.0
6-24ч,2026-08-08T22:37:20Z,2026-08-09T11:00:00Z,12.4,0.0,0.0,12.5,0.0,0.0
6-24ч,2026-08-08T22:37:20Z,2026-08-09T12:00:00Z,13.4,0.0,12.5,12.5,-12.5,12.5
6-24ч,2026-08-08T22:37:20Z,2026-08-09T13:00:00Z,14.4,0.0,12.5,12.5,-12.5,12.5
6-24ч,2026-08-08T22:37:20Z,2026-08-09T14:00:00Z,15.4,0.0,0.0,12.5,0.0,0.0
6-24ч,2026-08-08T22:37:20Z,2026-08-09T15:00:00Z,16.4,0.0,0.0,12.5,0.0,0.0
6-24ч,2026-08-08T22:37:20Z,2026-08-09T16:00:00Z,17.4,0.0,0.0,0.0,0.0,0.0
6-24ч,2026-08-08T22:37:20Z,2026-08-09T17:00:00Z,18.4,0.0,0.0,0.0,0.0,0.0
6-24ч,2026-08-08T22:37:20Z,2026-08-09T18:00:00Z,19.4,0.0,0.0,0.0,0.0,0.0
6-24ч,2026-08-09T04:59:03Z,2026-08-09T11:00:00Z,6.0,0.0,0.0,12.5,0.0,0.0
6-24ч,2026-08-09T04:59:03Z,2026-08-09T12:00:00Z,7.0,0.0,12.5,12.5,-12.5,12.5
6-24ч,2026-08-09T04:59:03Z,2026-08-09T13:00:00Z,8.0,0.0,12.5,12.5,-12.5,12.5
6-24ч,2026-08-09T04:59:03Z,2026-08-09T14:00:00Z,9.0,0.0,0.0,12.5,0.0,0.0
6-24ч,2026-08-09T04:59:03Z,2026-08-09T15:00:00Z,10.0,0.0,0.0,12.5,0.0,0.0
6-24ч,2026-08-09T04:59:03Z,2026-08-09T16:00:00Z,11.0,0.0,0.0,0.0,0.0,0.0
6-24ч,2026-08-09T04:59:03Z,2026-08-09T17:00:00Z,12.0,0.0,0.0,0.0,0.0,0.0
6-24ч,2026-08-09T04:59:03Z,2026-08-09T18:00:00Z,13.0,0.0,0.0,0.0,0.0,0.0
6-24ч,2026-08-09T10:19:29Z,2026-08-09T17:00:00Z,6.7,0.0,0.0,0.0,0.0,0.0
6-24ч,2026-08-09T10:19:29Z,2026-08-09T18:00:00Z,7.7,0.0,0.0,0.0,0.0,0.0
6-24ч,2026-08-09T10:19:29Z,2026-08-10T06:00:00Z,19.7,0.0,0.0,0.0,0.0,0.0
6-24ч,2026-08-09T10:19:29Z,2026-08-10T07:00:00Z,20.7,0.0,0.0,0.0,0.0,0.0
6-24ч,2026-08-09T10:19:29Z,2026-08-10T08:00:00Z,21.7,0.0,0.0,0.0,0.0,0.0
6-24ч,2026-08-09T10:19:29Z,2026-08-10T09:00:00Z,22.7,0.0,0.0,0.0,0.0,0.0
6-24ч,2026-08-09T10:19:29Z,2026-08-10T10:00:00Z,23.7,0.0,0.0,0.0,0.0,0.0
6-24ч,2026-08-09T12:41:38Z,2026-08-10T06:00:00Z,17.3,0.0,0.0,0.0,0.0,0.0
6-24ч,2026-08-09T12:41:38Z,2026-08-10T07:00:00Z,18.3,0.0,0.0,0.0,0.0,0.0
6-24ч,2026-08-09T12:41:38Z,2026-08-10T08:00:00Z,19.3,0.0,0.0,0.0,0.0,0.0
6-24ч,2026-08-09T12:41:38Z,2026-08-10T09:00:00Z,20.3,0.0,0.0,0.0,0.0,0.0
6-24ч,2026-08-09T12:41:38Z,2026-08-10T10:00:00Z,21.3,0.0,0.0,0.0,0.0,0.0
6-24ч,2026-08-09T12:41:38Z,2026-08-10T11:00:00Z,22.3,0.0,12.5,0.0,-12.5,12.5
6-24ч,2026-08-09T12:41:38Z,2026-08-10T12:00:00Z,23.3,0.0,0.0,12.5,0.0,0.0
6-24ч,2026-08-09T12:45:53Z,2026-08-10T06:00:00Z,17.2,0.0,0.0,0.0,0.0,0.0
6-24ч,2026-08-09T12:45:53Z,2026-08-10T07:00:00Z,18.2,0.0,0.0,0.0,0.0,0.0
6-24ч,2026-08-09T12:45:53Z,2026-08-10T08:00:00Z,19.2,0.0,0.0,0.0,0.0,0.0
6-24ч,2026-08-09T12:45:53Z,2026-08-10T09:00:00Z,20.2,0.0,0.0,0.0,0.0,0.0
6-24ч,2026-08-09T12:45:53Z,2026-08-10T10:00:00Z,21.2,0.0,0.0,0.0,0.0,0.0
6-24ч,2026-08-09T12:45:53Z,2026-08-10T11:00:00Z,22.2,0.0,12.5,0.0,-12.5,12.5
6-24ч,2026-08-09T12:45:53Z,2026-08-10T12:00:00Z,23.2,0.0,0.0,12.5,0.0,0.0
6-24ч,2026-08-09T12:48:15Z,2026-08-10T06:00:00Z,17.2,0.0,0.0,0.0,0.0,0.0
6-24ч,2026-08-09T12:48:15Z,2026-08-10T07:00:00Z,18.2,0.0,0.0,0.0,0.0,0.0
6-24ч,2026-08-09T12:48:15Z,2026-08-10T08:00:00Z,19.2,0.0,0.0,0.0,0.0,0.0
6-24ч,2026-08-09T12:48:15Z,2026-08-10T09:00:00Z,20.2,0.0,0.0,0.0,0.0,0.0
6-24ч,2026-08-09T12:48:15Z,2026-08-10T10:00:00Z,21.2,0.0,0.0,0.0,0.0,0.0
6-24ч,2026-08-09T12:48:15Z,2026-08-10T11:00:00Z,22.2,0.0,12.5,0.0,-12.5,12.5
6-24ч,2026-08-09T12:48:15Z,2026-08-10T12:00:00Z,23.2,0.0,0.0,12.5,0.0,0.0
6-24ч,2026-08-09T16:31:44Z,2026-08-10T06:00:00Z,13.5,0.0,0.0,0.0,0.0,0.0
6-24ч,2026-08-09T16:31:44Z,2026-08-10T07:00:00Z,14.5,0.0,0.0,0.0,0.0,0.0
6-24ч,2026-08-09T16:31:44Z,2026-08-10T08:00:00Z,15.5,0.0,0.0,0.0,0.0,0.0
6-24ч,2026-08-09T16:31:44Z,2026-08-10T09:00:00Z,16.5,0.0,0.0,0.0,0.0,0.0
6-24ч,2026-08-09T16:31:44Z,2026-08-10T10:00:00Z,17.5,0.0,0.0,0.0,0.0,0.0
6-24ч,2026-08-09T16:31:44Z,2026-08-10T11:00:00Z,18.5,0.0,12.5,0.0,-12.5,12.5
6-24ч,2026-08-09T16:31:44Z,2026-08-10T12:00:00Z,19.5,0.0,0.0,12.5,0.0,0.0
6-24ч,2026-08-09T16:31:44Z,2026-08-10T13:00:00Z,20.5,0.0,0.0,12.5,0.0,0.0
6-24ч,2026-08-09T16:31:44Z,2026-08-10T14:00:00Z,21.5,0.0,0.0,0.0,0.0,0.0
6-24ч,2026-08-09T16:31:44Z,2026-08-10T15:00:00Z,22.5,0.0,0.0,0.0,0.0,0.0
6-24ч,2026-08-09T16:31:44Z,2026-08-10T16:00:00Z,23.5,0.0,0.0,0.0,0.0,0.0
6-24ч,2026-08-09T22:39:09Z,2026-08-10T06:00:00Z,7.3,0.0,0.0,0.0,0.0,0.0
6-24ч,2026-08-09T22:39:09Z,2026-08-10T07:00:00Z,8.3,0.0,0.0,0.0,0.0,0.0
6-24ч,2026-08-09T22:39:09Z,2026-08-10T08:00:00Z,9.3,0.0,0.0,0.0,0.0,0.0
6-24ч,2026-08-09T22:39:09Z,2026-08-10T09:00:00Z,10.3,0.0,0.0,0.0,0.0,0.0
6-24ч,2026-08-09T22:39:09Z,2026-08-10T10:00:00Z,11.3,0.0,0.0,0.0,0.0,0.0
6-24ч,2026-08-09T22:39:09Z,2026-08-10T11:00:00Z,12.3,0.0,12.5,0.0,-12.5,12.5
6-24ч,2026-08-09T22:39:09Z,2026-08-10T12:00:00Z,13.3,0.0,0.0,12.5,0.0,0.0
6-24ч,2026-08-09T22:39:09Z,2026-08-10T13:00:00Z,14.3,0.0,0.0,12.5,0.0,0.0
6-24ч,2026-08-09T22:39:09Z,2026-08-10T14:00:00Z,15.3,0.0,0.0,0.0,0.0,0.0
6-24ч,2026-08-09T22:39:09Z,2026-08-10T15:00:00Z,16.3,0.0,0.0,0.0,0.0,0.0
6-24ч,2026-08-09T22:39:09Z,2026-08-10T16:00:00Z,17.3,0.0,0.0,0.0,0.0,0.0
6-24ч,2026-08-09T22:39:09Z,2026-08-10T17:00:00Z,18.3,0.0,0.0,0.0,0.0,0.0
6-24ч,2026-08-09T22:39:09Z,2026-08-10T18:00:00Z,19.3,0.0,0.0,0.0,0.0,0.0
6-24ч,2026-08-10T05:20:42Z,2026-08-10T12:00:00Z,6.7,0.0,0.0,12.5,0.0,0.0
6-24ч,2026-08-10T05:20:42Z,2026-08-10T13:00:00Z,7.7,0.0,0.0,12.5,0.0,0.0
6-24ч,2026-08-10T05:20:42Z,2026-08-10T14:00:00Z,8.7,0.0,0.0,0.0,0.0,0.0
6-24ч,2026-08-10T05:20:42Z,2026-08-10T15:00:00Z,9.7,0.0,0.0,0.0,0.0,0.0
6-24ч,2026-08-10T05:20:42Z,2026-08-10T16:00:00Z,10.7,0.0,0.0,0.0,0.0,0.0
6-24ч,2026-08-10T05:20:42Z,2026-08-10T17:00:00Z,11.7,0.0,0.0,0.0,0.0,0.0
6-24ч,2026-08-10T05:20:42Z,2026-08-10T18:00:00Z,12.7,0.0,0.0,0.0,0.0,0.0
6-24ч,2026-08-10T10:53:28Z,2026-08-10T17:00:00Z,6.1,0.0,0.0,0.0,0.0,0.0
6-24ч,2026-08-10T10:53:28Z,2026-08-10T18:00:00Z,7.1,0.0,0.0,0.0,0.0,0.0
6-24ч,2026-08-10T10:53:28Z,2026-08-11T06:00:00Z,19.1,0.0,0.0,0.0,0.0,0.0
6-24ч,2026-08-10T10:53:28Z,2026-08-11T07:00:00Z,20.1,0.0,0.0,0.0,0.0,0.0
6-24ч,2026-08-10T10:53:28Z,2026-08-11T08:00:00Z,21.1,0.0,0.0,0.0,0.0,0.0
6-24ч,2026-08-10T10:53:28Z,2026-08-11T09:00:00Z,22.1,0.0,0.0,0.0,0.0,0.0
6-24ч,2026-08-10T10:53:28Z,2026-08-11T10:00:00Z,23.1,0.0,0.0,0.0,0.0,0.0
6-24ч,2026-08-10T16:52:05Z,2026-08-11T06:00:00Z,13.1,0.0,0.0,0.0,0.0,0.0
6-24ч,2026-08-10T16:52:05Z,2026-08-11T07:00:00Z,14.1,0.0,0.0,0.0,0.0,0.0
6-24ч,2026-08-10T16:52:05Z,2026-08-11T08:00:00Z,15.1,0.0,0.0,0.0,0.0,0.0
6-24ч,2026-08-10T16:52:05Z,2026-08-11T09:00:00Z,16.1,0.0,0.0,0.0,0.0,0.0
6-24ч,2026-08-10T16:52:05Z,2026-08-11T10:00:00Z,17.1,0.0,0.0,0.0,0.0,0.0
6-24ч,2026-08-10T16:52:05Z,2026-08-11T11:00:00Z,18.1,0.0,0.0,12.5,0.0,0.0
6-24ч,2026-08-10T16:52:05Z,2026-08-11T12:00:00Z,19.1,0.0,0.0,0.0,0.0,0.0
6-24ч,2026-08-10T16:52:05Z,2026-08-11T13:00:00Z,20.1,0.0,0.0,0.0,0.0,0.0
6-24ч,2026-08-10T16:52:05Z,2026-08-11T14:00:00Z,21.1,0.0,0.0,0.0,0.0,0.0
6-24ч,2026-08-10T16:52:05Z,2026-08-11T15:00:00Z,22.1,0.0,0.0,0.0,0.0,0.0
6-24ч,2026-08-10T16:52:05Z,2026-08-11T16:00:00Z,23.1,12.0,0.0,0.0,12.0,12.0
6-24ч,2026-08-10T22:47:13Z,2026-08-11T06:00:00Z,7.2,0.0,0.0,0.0,0.0,0.0
6-24ч,2026-08-10T22:47:13Z,2026-08-11T07:00:00Z,8.2,0.0,0.0,0.0,0.0,0.0
6-24ч,2026-08-10T22:47:13Z,2026-08-11T08:00:00Z,9.2,0.0,0.0,0.0,0.0,0.0
6-24ч,2026-08-10T22:47:13Z,2026-08-11T09:00:00Z,10.2,0.0,0.0,0.0,0.0,0.0
6-24ч,2026-08-10T22:47:13Z,2026-08-11T10:00:00Z,11.2,0.0,0.0,0.0,0.0,0.0
6-24ч,2026-08-10T22:47:13Z,2026-08-11T11:00:00Z,12.2,0.0,0.0,12.5,0.0,0.0
6-24ч,2026-08-10T22:47:13Z,2026-08-11T12:00:00Z,13.2,0.0,0.0,0.0,0.0,0.0
6-24ч,2026-08-10T22:47:13Z,2026-08-11T13:00:00Z,14.2,0.0,0.0,0.0,0.0,0.0
6-24ч,2026-08-10T22:47:13Z,2026-08-11T14:00:00Z,15.2,0.0,0.0,0.0,0.0,0.0
6-24ч,2026-08-10T22:47:13Z,2026-08-11T15:00:00Z,16.2,12.0,0.0,0.0,12.0,12.0
6-24ч,2026-08-10T22:47:13Z,2026-08-11T16:00:00Z,17.2,8.0,0.0,0.0,8.0,8.0
6-24ч,2026-08-10T22:47:13Z,2026-08-11T17:00:00Z,18.2,20.0,0.0,0.0,20.0,20.0
6-24ч,2026-08-10T22:47:13Z,2026-08-11T18:00:00Z,19.2,24.0,0.0,0.0,24.0,24.0
6-24ч,2026-08-11T05:01:49Z,2026-08-11T12:00:00Z,7.0,0.0,0.0,0.0,0.0,0.0
6-24ч,2026-08-11T05:01:49Z,2026-08-11T13:00:00Z,8.0,0.0,0.0,0.0,0.0,0.0
6-24ч,2026-08-11T05:01:49Z,2026-08-11T14:00:00Z,9.0,0.0,0.0,0.0,0.0,0.0
6-24ч,2026-08-11T05:01:49Z,2026-08-11T15:00:00Z,10.0,12.0,0.0,0.0,12.0,12.0
6-24ч,2026-08-11T05:01:49Z,2026-08-11T16:00:00Z,11.0,8.0,0.0,0.0,8.0,8.0
6-24ч,2026-08-11T05:01:49Z,2026-08-11T17:00:00Z,12.0,20.0,0.0,0.0,20.0,20.0
6-24ч,2026-08-11T05:01:49Z,2026-08-11T18:00:00Z,13.0,24.0,0.0,0.0,24.0,24.0
6-24ч,2026-08-11T10:38:45Z,2026-08-11T17:00:00Z,6.4,32.0,0.0,0.0,32.0,32.0
6-24ч,2026-08-11T10:38:45Z,2026-08-11T18:00:00Z,7.4,64.0,0.0,0.0,64.0,64.0
6-24ч,2026-08-11T10:38:45Z,2026-08-12T06:00:00Z,19.4,32.0,75.0,0.0,-43.0,43.0
6-24ч,2026-08-11T10:38:45Z,2026-08-12T07:00:00Z,20.4,36.0,75.0,0.0,-39.0,39.0
6-24ч,2026-08-11T10:38:45Z,2026-08-12T08:00:00Z,21.4,20.0,50.0,0.0,-30.0,30.0
6-24ч,2026-08-11T10:38:45Z,2026-08-12T09:00:00Z,22.4,0.0,25.0,0.0,-25.0,25.0
6-24ч,2026-08-11T10:38:45Z,2026-08-12T10:00:00Z,23.4,0.0,25.0,0.0,-25.0,25.0
6-24ч,2026-08-12T06:05:22Z,2026-08-12T13:00:00Z,6.9,0.0,0.0,0.0,0.0,0.0
6-24ч,2026-08-12T06:05:22Z,2026-08-12T14:00:00Z,7.9,0.0,0.0,0.0,0.0,0.0
6-24ч,2026-08-12T06:05:22Z,2026-08-12T15:00:00Z,8.9,0.0,0.0,0.0,0.0,0.0
6-24ч,2026-08-12T06:05:22Z,2026-08-12T16:00:00Z,9.9,0.0,0.0,0.0,0.0,0.0
6-24ч,2026-08-12T06:05:22Z,2026-08-12T17:00:00Z,10.9,0.0,0.0,0.0,0.0,0.0
6-24ч,2026-08-12T06:05:22Z,2026-08-12T18:00:00Z,11.9,0.0,0.0,0.0,0.0,0.0
6-24ч,2026-08-12T06:05:22Z,2026-08-13T06:00:00Z,23.9,0.0,0.0,75.0,0.0,0.0
6-24ч,2026-08-12T10:47:03Z,2026-08-12T17:00:00Z,6.2,0.0,0.0,0.0,0.0,0.0
6-24ч,2026-08-12T10:47:03Z,2026-08-12T18:00:00Z,7.2,0.0,0.0,0.0,0.0,0.0
6-24ч,2026-08-12T10:47:03Z,2026-08-13T06:00:00Z,19.2,0.0,0.0,75.0,0.0,0.0
6-24ч,2026-08-12T10:47:03Z,2026-08-13T07:00:00Z,20.2,0.0,0.0,75.0,0.0,0.0
6-24ч,2026-08-12T10:47:03Z,2026-08-13T08:00:00Z,21.2,0.0,0.0,50.0,0.0,0.0
6-24ч,2026-08-12T10:47:03Z,2026-08-13T09:00:00Z,22.2,0.0,0.0,25.0,0.0,0.0
6-24ч,2026-08-12T10:47:03Z,2026-08-13T10:00:00Z,23.2,0.0,0.0,25.0,0.0,0.0
6-24ч,2026-08-12T16:54:57Z,2026-08-13T06:00:00Z,13.1,0.0,0.0,75.0,0.0,0.0
6-24ч,2026-08-12T16:54:57Z,2026-08-13T07:00:00Z,14.1,0.0,0.0,75.0,0.0,0.0
6-24ч,2026-08-12T16:54:57Z,2026-08-13T08:00:00Z,15.1,0.0,0.0,50.0,0.0,0.0
6-24ч,2026-08-12T16:54:57Z,2026-08-13T09:00:00Z,16.1,0.0,0.0,25.0,0.0,0.0
6-24ч,2026-08-12T16:54:57Z,2026-08-13T10:00:00Z,17.1,0.0,0.0,25.0,0.0,0.0
6-24ч,2026-08-12T22:50:47Z,2026-08-13T06:00:00Z,7.2,0.0,0.0,75.0,0.0,0.0
6-24ч,2026-08-12T22:50:47Z,2026-08-13T07:00:00Z,8.2,0.0,0.0,75.0,0.0,0.0
6-24ч,2026-08-12T22:50:47Z,2026-08-13T08:00:00Z,9.2,0.0,0.0,50.0,0.0,0.0
6-24ч,2026-08-12T22:50:47Z,2026-08-13T09:00:00Z,10.2,0.0,0.0,25.0,0.0,0.0
6-24ч,2026-08-12T22:50:47Z,2026-08-13T10:00:00Z,11.2,0.0,0.0,25.0,0.0,0.0
1-2 дня,2026-08-06T09:50:07Z,2026-08-07T10:00:00Z,24.2,0.0,0.0,0.0,0.0,0.0
1-2 дня,2026-08-06T09:50:07Z,2026-08-07T11:00:00Z,25.2,8.0,0.0,12.5,8.0,8.0
1-2 дня,2026-08-06T09:50:07Z,2026-08-07T12:00:00Z,26.2,8.0,0.0,25.0,8.0,8.0
1-2 дня,2026-08-06T09:50:07Z,2026-08-07T13:00:00Z,27.2,8.0,12.5,50.0,-4.5,4.5
1-2 дня,2026-08-06T09:50:07Z,2026-08-07T14:00:00Z,28.2,12.0,25.0,62.5,-13.0,13.0
1-2 дня,2026-08-06T09:50:07Z,2026-08-07T15:00:00Z,29.2,0.0,25.0,87.5,-25.0,25.0
1-2 дня,2026-08-06T09:50:07Z,2026-08-07T16:00:00Z,30.2,8.0,37.5,87.5,-29.5,29.5
1-2 дня,2026-08-06T09:50:07Z,2026-08-07T17:00:00Z,31.2,80.0,12.5,87.5,67.5,67.5
1-2 дня,2026-08-06T09:50:07Z,2026-08-07T18:00:00Z,32.2,64.0,75.0,75.0,-11.0,11.0
1-2 дня,2026-08-06T09:50:07Z,2026-08-08T06:00:00Z,44.2,0.0,0.0,12.5,0.0,0.0
1-2 дня,2026-08-06T09:50:07Z,2026-08-08T07:00:00Z,45.2,0.0,0.0,0.0,0.0,0.0
1-2 дня,2026-08-06T09:50:07Z,2026-08-08T08:00:00Z,46.2,12.0,0.0,0.0,12.0,12.0
1-2 дня,2026-08-06T09:50:07Z,2026-08-08T09:00:00Z,47.2,8.0,0.0,0.0,8.0,8.0
1-2 дня,2026-08-06T09:59:18Z,2026-08-07T10:00:00Z,24.0,0.0,0.0,0.0,0.0,0.0
1-2 дня,2026-08-06T09:59:18Z,2026-08-07T11:00:00Z,25.0,8.0,0.0,12.5,8.0,8.0
1-2 дня,2026-08-06T09:59:18Z,2026-08-07T12:00:00Z,26.0,8.0,0.0,25.0,8.0,8.0
1-2 дня,2026-08-06T09:59:18Z,2026-08-07T13:00:00Z,27.0,8.0,12.5,50.0,-4.5,4.5
1-2 дня,2026-08-06T09:59:18Z,2026-08-07T14:00:00Z,28.0,12.0,25.0,62.5,-13.0,13.0
1-2 дня,2026-08-06T09:59:18Z,2026-08-07T15:00:00Z,29.0,0.0,25.0,87.5,-25.0,25.0
1-2 дня,2026-08-06T09:59:18Z,2026-08-07T16:00:00Z,30.0,8.0,37.5,87.5,-29.5,29.5
1-2 дня,2026-08-06T09:59:18Z,2026-08-07T17:00:00Z,31.0,80.0,12.5,87.5,67.5,67.5
1-2 дня,2026-08-06T09:59:18Z,2026-08-07T18:00:00Z,32.0,64.0,75.0,75.0,-11.0,11.0
1-2 дня,2026-08-06T09:59:18Z,2026-08-08T06:00:00Z,44.0,0.0,0.0,12.5,0.0,0.0
1-2 дня,2026-08-06T09:59:18Z,2026-08-08T07:00:00Z,45.0,0.0,0.0,0.0,0.0,0.0
1-2 дня,2026-08-06T09:59:18Z,2026-08-08T08:00:00Z,46.0,12.0,0.0,0.0,12.0,12.0
1-2 дня,2026-08-06T09:59:18Z,2026-08-08T09:00:00Z,47.0,8.0,0.0,0.0,8.0,8.0
1-2 дня,2026-08-06T10:08:26Z,2026-08-07T11:00:00Z,24.9,8.0,0.0,12.5,8.0,8.0
1-2 дня,2026-08-06T10:08:26Z,2026-08-07T12:00:00Z,25.9,8.0,0.0,25.0,8.0,8.0
1-2 дня,2026-08-06T10:08:26Z,2026-08-07T13:00:00Z,26.9,8.0,12.5,50.0,-4.5,4.5
1-2 дня,2026-08-06T10:08:26Z,2026-08-07T14:00:00Z,27.9,12.0,25.0,62.5,-13.0,13.0
1-2 дня,2026-08-06T10:08:26Z,2026-08-07T15:00:00Z,28.9,0.0,25.0,87.5,-25.0,25.0
1-2 дня,2026-08-06T10:08:26Z,2026-08-07T16:00:00Z,29.9,8.0,37.5,87.5,-29.5,29.5
1-2 дня,2026-08-06T10:08:26Z,2026-08-07T17:00:00Z,30.9,80.0,12.5,87.5,67.5,67.5
1-2 дня,2026-08-06T10:08:26Z,2026-08-07T18:00:00Z,31.9,64.0,75.0,75.0,-11.0,11.0
1-2 дня,2026-08-06T10:08:26Z,2026-08-08T06:00:00Z,43.9,0.0,0.0,12.5,0.0,0.0
1-2 дня,2026-08-06T10:08:26Z,2026-08-08T07:00:00Z,44.9,0.0,0.0,0.0,0.0,0.0
1-2 дня,2026-08-06T10:08:26Z,2026-08-08T08:00:00Z,45.9,12.0,0.0,0.0,12.0,12.0
1-2 дня,2026-08-06T10:08:26Z,2026-08-08T09:00:00Z,46.9,8.0,0.0,0.0,8.0,8.0
1-2 дня,2026-08-06T10:08:26Z,2026-08-08T10:00:00Z,47.9,8.0,0.0,0.0,8.0,8.0
1-2 дня,2026-08-06T10:47:54Z,2026-08-07T11:00:00Z,24.2,8.0,0.0,12.5,8.0,8.0
1-2 дня,2026-08-06T10:47:54Z,2026-08-07T12:00:00Z,25.2,8.0,0.0,25.0,8.0,8.0
1-2 дня,2026-08-06T10:47:54Z,2026-08-07T13:00:00Z,26.2,8.0,12.5,50.0,-4.5,4.5
1-2 дня,2026-08-06T10:47:54Z,2026-08-07T14:00:00Z,27.2,12.0,25.0,62.5,-13.0,13.0
1-2 дня,2026-08-06T10:47:54Z,2026-08-07T15:00:00Z,28.2,0.0,25.0,87.5,-25.0,25.0
1-2 дня,2026-08-06T10:47:54Z,2026-08-07T16:00:00Z,29.2,8.0,37.5,87.5,-29.5,29.5
1-2 дня,2026-08-06T10:47:54Z,2026-08-07T17:00:00Z,30.2,80.0,12.5,87.5,67.5,67.5
1-2 дня,2026-08-06T10:47:54Z,2026-08-07T18:00:00Z,31.2,64.0,75.0,75.0,-11.0,11.0
1-2 дня,2026-08-06T10:47:54Z,2026-08-08T06:00:00Z,43.2,0.0,0.0,12.5,0.0,0.0
1-2 дня,2026-08-06T10:47:54Z,2026-08-08T07:00:00Z,44.2,0.0,0.0,0.0,0.0,0.0
1-2 дня,2026-08-06T10:47:54Z,2026-08-08T08:00:00Z,45.2,12.0,0.0,0.0,12.0,12.0
1-2 дня,2026-08-06T10:47:54Z,2026-08-08T09:00:00Z,46.2,8.0,0.0,0.0,8.0,8.0
1-2 дня,2026-08-06T10:47:54Z,2026-08-08T10:00:00Z,47.2,8.0,0.0,0.0,8.0,8.0
1-2 дня,2026-08-06T11:30:42Z,2026-08-07T12:00:00Z,24.5,8.0,0.0,25.0,8.0,8.0
1-2 дня,2026-08-06T11:30:42Z,2026-08-07T13:00:00Z,25.5,8.0,12.5,50.0,-4.5,4.5
1-2 дня,2026-08-06T11:30:42Z,2026-08-07T14:00:00Z,26.5,12.0,25.0,62.5,-13.0,13.0
1-2 дня,2026-08-06T11:30:42Z,2026-08-07T15:00:00Z,27.5,0.0,25.0,87.5,-25.0,25.0
1-2 дня,2026-08-06T11:30:42Z,2026-08-07T16:00:00Z,28.5,8.0,37.5,87.5,-29.5,29.5
1-2 дня,2026-08-06T11:30:42Z,2026-08-07T17:00:00Z,29.5,80.0,12.5,87.5,67.5,67.5
1-2 дня,2026-08-06T11:30:42Z,2026-08-07T18:00:00Z,30.5,64.0,75.0,75.0,-11.0,11.0
1-2 дня,2026-08-06T11:30:42Z,2026-08-08T06:00:00Z,42.5,0.0,0.0,12.5,0.0,0.0
1-2 дня,2026-08-06T11:30:42Z,2026-08-08T07:00:00Z,43.5,0.0,0.0,0.0,0.0,0.0
1-2 дня,2026-08-06T11:30:42Z,2026-08-08T08:00:00Z,44.5,12.0,0.0,0.0,12.0,12.0
1-2 дня,2026-08-06T11:30:42Z,2026-08-08T09:00:00Z,45.5,8.0,0.0,0.0,8.0,8.0
1-2 дня,2026-08-06T11:30:42Z,2026-08-08T10:00:00Z,46.5,8.0,0.0,0.0,8.0,8.0
1-2 дня,2026-08-06T11:30:42Z,2026-08-08T11:00:00Z,47.5,8.0,12.5,0.0,-4.5,4.5
1-2 дня,2026-08-06T11:36:01Z,2026-08-07T12:00:00Z,24.4,8.0,0.0,25.0,8.0,8.0
1-2 дня,2026-08-06T11:36:01Z,2026-08-07T13:00:00Z,25.4,8.0,12.5,50.0,-4.5,4.5
1-2 дня,2026-08-06T11:36:01Z,2026-08-07T14:00:00Z,26.4,12.0,25.0,62.5,-13.0,13.0
1-2 дня,2026-08-06T11:36:01Z,2026-08-07T15:00:00Z,27.4,0.0,25.0,87.5,-25.0,25.0
1-2 дня,2026-08-06T11:36:01Z,2026-08-07T16:00:00Z,28.4,8.0,37.5,87.5,-29.5,29.5
1-2 дня,2026-08-06T11:36:01Z,2026-08-07T17:00:00Z,29.4,80.0,12.5,87.5,67.5,67.5
1-2 дня,2026-08-06T11:36:01Z,2026-08-07T18:00:00Z,30.4,64.0,75.0,75.0,-11.0,11.0
1-2 дня,2026-08-06T11:36:01Z,2026-08-08T06:00:00Z,42.4,0.0,0.0,12.5,0.0,0.0
1-2 дня,2026-08-06T11:36:01Z,2026-08-08T07:00:00Z,43.4,0.0,0.0,0.0,0.0,0.0
1-2 дня,2026-08-06T11:36:01Z,2026-08-08T08:00:00Z,44.4,12.0,0.0,0.0,12.0,12.0
1-2 дня,2026-08-06T11:36:01Z,2026-08-08T09:00:00Z,45.4,8.0,0.0,0.0,8.0,8.0
1-2 дня,2026-08-06T11:36:01Z,2026-08-08T10:00:00Z,46.4,8.0,0.0,0.0,8.0,8.0
1-2 дня,2026-08-06T11:36:01Z,2026-08-08T11:00:00Z,47.4,8.0,12.5,0.0,-4.5,4.5
1-2 дня,2026-08-06T11:44:08Z,2026-08-07T12:00:00Z,24.3,8.0,0.0,25.0,8.0,8.0
1-2 дня,2026-08-06T11:44:08Z,2026-08-07T13:00:00Z,25.3,8.0,12.5,50.0,-4.5,4.5
1-2 дня,2026-08-06T11:44:08Z,2026-08-07T14:00:00Z,26.3,12.0,25.0,62.5,-13.0,13.0
1-2 дня,2026-08-06T11:44:08Z,2026-08-07T15:00:00Z,27.3,0.0,25.0,87.5,-25.0,25.0
1-2 дня,2026-08-06T11:44:08Z,2026-08-07T16:00:00Z,28.3,8.0,37.5,87.5,-29.5,29.5
1-2 дня,2026-08-06T11:44:08Z,2026-08-07T17:00:00Z,29.3,80.0,12.5,87.5,67.5,67.5
1-2 дня,2026-08-06T11:44:08Z,2026-08-07T18:00:00Z,30.3,64.0,75.0,75.0,-11.0,11.0
1-2 дня,2026-08-06T11:44:08Z,2026-08-08T06:00:00Z,42.3,0.0,0.0,12.5,0.0,0.0
1-2 дня,2026-08-06T11:44:08Z,2026-08-08T07:00:00Z,43.3,0.0,0.0,0.0,0.0,0.0
1-2 дня,2026-08-06T11:44:08Z,2026-08-08T08:00:00Z,44.3,12.0,0.0,0.0,12.0,12.0
1-2 дня,2026-08-06T11:44:08Z,2026-08-08T09:00:00Z,45.3,8.0,0.0,0.0,8.0,8.0
1-2 дня,2026-08-06T11:44:08Z,2026-08-08T10:00:00Z,46.3,8.0,0.0,0.0,8.0,8.0
1-2 дня,2026-08-06T11:44:08Z,2026-08-08T11:00:00Z,47.3,8.0,12.5,0.0,-4.5,4.5
1-2 дня,2026-08-07T01:31:32Z,2026-08-08T06:00:00Z,28.5,36.0,0.0,12.5,36.0,36.0
1-2 дня,2026-08-07T01:31:32Z,2026-08-08T07:00:00Z,29.5,48.0,0.0,0.0,48.0,48.0
1-2 дня,2026-08-07T01:31:32Z,2026-08-08T08:00:00Z,30.5,12.0,0.0,0.0,12.0,12.0
1-2 дня,2026-08-07T01:31:32Z,2026-08-08T09:00:00Z,31.5,20.0,0.0,0.0,20.0,20.0
1-2 дня,2026-08-07T01:31:32Z,2026-08-08T10:00:00Z,32.5,64.0,0.0,0.0,64.0,64.0
1-2 дня,2026-08-07T01:31:32Z,2026-08-08T11:00:00Z,33.5,64.0,12.5,0.0,51.5,51.5
1-2 дня,2026-08-07T01:31:32Z,2026-08-08T12:00:00Z,34.5,48.0,12.5,0.0,35.5,35.5
1-2 дня,2026-08-07T01:31:32Z,2026-08-08T13:00:00Z,35.5,48.0,12.5,12.5,35.5,35.5
1-2 дня,2026-08-07T01:31:32Z,2026-08-08T14:00:00Z,36.5,64.0,12.5,25.0,51.5,51.5
1-2 дня,2026-08-07T01:31:32Z,2026-08-08T15:00:00Z,37.5,12.0,12.5,25.0,-0.5,0.5
1-2 дня,2026-08-07T01:31:32Z,2026-08-08T16:00:00Z,38.5,36.0,0.0,37.5,36.0,36.0
1-2 дня,2026-08-07T01:31:32Z,2026-08-08T17:00:00Z,39.5,48.0,0.0,12.5,48.0,48.0
1-2 дня,2026-08-07T01:31:32Z,2026-08-08T18:00:00Z,40.5,48.0,0.0,75.0,48.0,48.0
1-2 дня,2026-08-07T05:36:00Z,2026-08-08T06:00:00Z,24.4,36.0,0.0,12.5,36.0,36.0
1-2 дня,2026-08-07T05:36:00Z,2026-08-08T07:00:00Z,25.4,48.0,0.0,0.0,48.0,48.0
1-2 дня,2026-08-07T05:36:00Z,2026-08-08T08:00:00Z,26.4,12.0,0.0,0.0,12.0,12.0
1-2 дня,2026-08-07T05:36:00Z,2026-08-08T09:00:00Z,27.4,20.0,0.0,0.0,20.0,20.0
1-2 дня,2026-08-07T05:36:00Z,2026-08-08T10:00:00Z,28.4,64.0,0.0,0.0,64.0,64.0
1-2 дня,2026-08-07T05:36:00Z,2026-08-08T11:00:00Z,29.4,64.0,12.5,0.0,51.5,51.5
1-2 дня,2026-08-07T05:36:00Z,2026-08-08T12:00:00Z,30.4,48.0,12.5,0.0,35.5,35.5
1-2 дня,2026-08-07T05:36:00Z,2026-08-08T13:00:00Z,31.4,48.0,12.5,12.5,35.5,35.5
1-2 дня,2026-08-07T05:36:00Z,2026-08-08T14:00:00Z,32.4,64.0,12.5,25.0,51.5,51.5
1-2 дня,2026-08-07T05:36:00Z,2026-08-08T15:00:00Z,33.4,12.0,12.5,25.0,-0.5,0.5
1-2 дня,2026-08-07T05:36:00Z,2026-08-08T16:00:00Z,34.4,36.0,0.0,37.5,36.0,36.0
1-2 дня,2026-08-07T05:36:00Z,2026-08-08T17:00:00Z,35.4,48.0,0.0,12.5,48.0,48.0
1-2 дня,2026-08-07T05:36:00Z,2026-08-08T18:00:00Z,36.4,48.0,0.0,75.0,48.0,48.0
1-2 дня,2026-08-07T06:18:59Z,2026-08-08T07:00:00Z,24.7,0.0,0.0,0.0,0.0,0.0
1-2 дня,2026-08-07T06:18:59Z,2026-08-08T08:00:00Z,25.7,0.0,0.0,0.0,0.0,0.0
1-2 дня,2026-08-07T06:18:59Z,2026-08-08T09:00:00Z,26.7,0.0,0.0,0.0,0.0,0.0
1-2 дня,2026-08-07T06:18:59Z,2026-08-08T10:00:00Z,27.7,20.0,0.0,0.0,20.0,20.0
1-2 дня,2026-08-07T06:18:59Z,2026-08-08T11:00:00Z,28.7,44.0,12.5,0.0,31.5,31.5
1-2 дня,2026-08-07T06:18:59Z,2026-08-08T12:00:00Z,29.7,56.0,12.5,0.0,43.5,43.5
1-2 дня,2026-08-07T06:18:59Z,2026-08-08T13:00:00Z,30.7,56.0,12.5,12.5,43.5,43.5
1-2 дня,2026-08-07T06:18:59Z,2026-08-08T14:00:00Z,31.7,8.0,12.5,25.0,-4.5,4.5
1-2 дня,2026-08-07T06:18:59Z,2026-08-08T15:00:00Z,32.7,24.0,12.5,25.0,11.5,11.5
1-2 дня,2026-08-07T06:18:59Z,2026-08-08T16:00:00Z,33.7,56.0,0.0,37.5,56.0,56.0
1-2 дня,2026-08-07T06:18:59Z,2026-08-08T17:00:00Z,34.7,36.0,0.0,12.5,36.0,36.0
1-2 дня,2026-08-07T06:18:59Z,2026-08-08T18:00:00Z,35.7,32.0,0.0,75.0,32.0,32.0
1-2 дня,2026-08-07T06:18:59Z,2026-08-09T06:00:00Z,47.7,64.0,0.0,0.0,64.0,64.0
1-2 дня,2026-08-07T07:13:52Z,2026-08-08T08:00:00Z,24.8,0.0,0.0,0.0,0.0,0.0
1-2 дня,2026-08-07T07:13:52Z,2026-08-08T09:00:00Z,25.8,0.0,0.0,0.0,0.0,0.0
1-2 дня,2026-08-07T07:13:52Z,2026-08-08T10:00:00Z,26.8,20.0,0.0,0.0,20.0,20.0
1-2 дня,2026-08-07T07:13:52Z,2026-08-08T11:00:00Z,27.8,44.0,12.5,0.0,31.5,31.5
1-2 дня,2026-08-07T07:13:52Z,2026-08-08T12:00:00Z,28.8,56.0,12.5,0.0,43.5,43.5
1-2 дня,2026-08-07T07:13:52Z,2026-08-08T13:00:00Z,29.8,56.0,12.5,12.5,43.5,43.5
1-2 дня,2026-08-07T07:13:52Z,2026-08-08T14:00:00Z,30.8,8.0,12.5,25.0,-4.5,4.5
1-2 дня,2026-08-07T07:13:52Z,2026-08-08T15:00:00Z,31.8,24.0,12.5,25.0,11.5,11.5
1-2 дня,2026-08-07T07:13:52Z,2026-08-08T16:00:00Z,32.8,56.0,0.0,37.5,56.0,56.0
1-2 дня,2026-08-07T07:13:52Z,2026-08-08T17:00:00Z,33.8,36.0,0.0,12.5,36.0,36.0
1-2 дня,2026-08-07T07:13:52Z,2026-08-08T18:00:00Z,34.8,32.0,0.0,75.0,32.0,32.0
1-2 дня,2026-08-07T07:13:52Z,2026-08-09T06:00:00Z,46.8,64.0,0.0,0.0,64.0,64.0
1-2 дня,2026-08-07T07:13:52Z,2026-08-09T07:00:00Z,47.8,68.0,0.0,0.0,68.0,68.0
1-2 дня,2026-08-07T10:39:14Z,2026-08-08T11:00:00Z,24.3,44.0,12.5,0.0,31.5,31.5
1-2 дня,2026-08-07T10:39:14Z,2026-08-08T12:00:00Z,25.3,56.0,12.5,0.0,43.5,43.5
1-2 дня,2026-08-07T10:39:14Z,2026-08-08T13:00:00Z,26.3,56.0,12.5,12.5,43.5,43.5
1-2 дня,2026-08-07T10:39:14Z,2026-08-08T14:00:00Z,27.3,8.0,12.5,25.0,-4.5,4.5
1-2 дня,2026-08-07T10:39:14Z,2026-08-08T15:00:00Z,28.3,24.0,12.5,25.0,11.5,11.5
1-2 дня,2026-08-07T10:39:14Z,2026-08-08T16:00:00Z,29.3,56.0,0.0,37.5,56.0,56.0
1-2 дня,2026-08-07T10:39:14Z,2026-08-08T17:00:00Z,30.3,36.0,0.0,12.5,36.0,36.0
1-2 дня,2026-08-07T10:39:14Z,2026-08-08T18:00:00Z,31.3,32.0,0.0,75.0,32.0,32.0
1-2 дня,2026-08-07T10:39:14Z,2026-08-09T06:00:00Z,43.3,64.0,0.0,0.0,64.0,64.0
1-2 дня,2026-08-07T10:39:14Z,2026-08-09T07:00:00Z,44.3,68.0,0.0,0.0,68.0,68.0
1-2 дня,2026-08-07T10:39:14Z,2026-08-09T08:00:00Z,45.3,64.0,0.0,0.0,64.0,64.0
1-2 дня,2026-08-07T10:39:14Z,2026-08-09T09:00:00Z,46.3,36.0,0.0,0.0,36.0,36.0
1-2 дня,2026-08-07T10:39:14Z,2026-08-09T10:00:00Z,47.3,20.0,0.0,0.0,20.0,20.0
1-2 дня,2026-08-07T16:51:54Z,2026-08-08T17:00:00Z,24.1,36.0,0.0,12.5,36.0,36.0
1-2 дня,2026-08-07T16:51:54Z,2026-08-08T18:00:00Z,25.1,32.0,0.0,75.0,32.0,32.0
1-2 дня,2026-08-07T16:51:54Z,2026-08-09T06:00:00Z,37.1,64.0,0.0,0.0,64.0,64.0
1-2 дня,2026-08-07T16:51:54Z,2026-08-09T07:00:00Z,38.1,68.0,0.0,0.0,68.0,68.0
1-2 дня,2026-08-07T16:51:54Z,2026-08-09T08:00:00Z,39.1,64.0,0.0,0.0,64.0,64.0
1-2 дня,2026-08-07T16:51:54Z,2026-08-09T09:00:00Z,40.1,36.0,0.0,0.0,36.0,36.0
1-2 дня,2026-08-07T16:51:54Z,2026-08-09T10:00:00Z,41.1,20.0,0.0,0.0,20.0,20.0
1-2 дня,2026-08-07T16:51:54Z,2026-08-09T11:00:00Z,42.1,8.0,0.0,12.5,8.0,8.0
1-2 дня,2026-08-07T16:51:54Z,2026-08-09T12:00:00Z,43.1,8.0,12.5,12.5,-4.5,4.5
1-2 дня,2026-08-07T16:51:54Z,2026-08-09T13:00:00Z,44.1,0.0,12.5,12.5,-12.5,12.5
1-2 дня,2026-08-07T16:51:54Z,2026-08-09T14:00:00Z,45.1,8.0,0.0,12.5,8.0,8.0
1-2 дня,2026-08-07T16:51:54Z,2026-08-09T15:00:00Z,46.1,20.0,0.0,12.5,20.0,20.0
1-2 дня,2026-08-07T16:51:54Z,2026-08-09T16:00:00Z,47.1,12.0,0.0,0.0,12.0,12.0
1-2 дня,2026-08-07T22:45:57Z,2026-08-09T06:00:00Z,31.2,12.0,0.0,0.0,12.0,12.0
1-2 дня,2026-08-07T22:45:57Z,2026-08-09T07:00:00Z,32.2,12.0,0.0,0.0,12.0,12.0
1-2 дня,2026-08-07T22:45:57Z,2026-08-09T08:00:00Z,33.2,56.0,0.0,0.0,56.0,56.0
1-2 дня,2026-08-07T22:45:57Z,2026-08-09T09:00:00Z,34.2,80.0,0.0,0.0,80.0,80.0
1-2 дня,2026-08-07T22:45:57Z,2026-08-09T10:00:00Z,35.2,68.0,0.0,0.0,68.0,68.0
1-2 дня,2026-08-07T22:45:57Z,2026-08-09T11:00:00Z,36.2,12.0,0.0,12.5,12.0,12.0
1-2 дня,2026-08-07T22:45:57Z,2026-08-09T12:00:00Z,37.2,0.0,12.5,12.5,-12.5,12.5
1-2 дня,2026-08-07T22:45:57Z,2026-08-09T13:00:00Z,38.2,0.0,12.5,12.5,-12.5,12.5
1-2 дня,2026-08-07T22:45:57Z,2026-08-09T14:00:00Z,39.2,0.0,0.0,12.5,0.0,0.0
1-2 дня,2026-08-07T22:45:57Z,2026-08-09T15:00:00Z,40.2,0.0,0.0,12.5,0.0,0.0
1-2 дня,2026-08-07T22:45:57Z,2026-08-09T16:00:00Z,41.2,0.0,0.0,0.0,0.0,0.0
1-2 дня,2026-08-07T22:45:57Z,2026-08-09T17:00:00Z,42.2,0.0,0.0,0.0,0.0,0.0
1-2 дня,2026-08-07T22:45:57Z,2026-08-09T18:00:00Z,43.2,0.0,0.0,0.0,0.0,0.0
1-2 дня,2026-08-07T23:19:23Z,2026-08-09T06:00:00Z,30.7,12.0,0.0,0.0,12.0,12.0
1-2 дня,2026-08-07T23:19:23Z,2026-08-09T07:00:00Z,31.7,12.0,0.0,0.0,12.0,12.0
1-2 дня,2026-08-07T23:19:23Z,2026-08-09T08:00:00Z,32.7,56.0,0.0,0.0,56.0,56.0
1-2 дня,2026-08-07T23:19:23Z,2026-08-09T09:00:00Z,33.7,80.0,0.0,0.0,80.0,80.0
1-2 дня,2026-08-07T23:19:23Z,2026-08-09T10:00:00Z,34.7,68.0,0.0,0.0,68.0,68.0
1-2 дня,2026-08-07T23:19:23Z,2026-08-09T11:00:00Z,35.7,12.0,0.0,12.5,12.0,12.0
1-2 дня,2026-08-07T23:19:23Z,2026-08-09T12:00:00Z,36.7,0.0,12.5,12.5,-12.5,12.5
1-2 дня,2026-08-07T23:19:23Z,2026-08-09T13:00:00Z,37.7,0.0,12.5,12.5,-12.5,12.5
1-2 дня,2026-08-07T23:19:23Z,2026-08-09T14:00:00Z,38.7,0.0,0.0,12.5,0.0,0.0
1-2 дня,2026-08-07T23:19:23Z,2026-08-09T15:00:00Z,39.7,0.0,0.0,12.5,0.0,0.0
1-2 дня,2026-08-07T23:19:23Z,2026-08-09T16:00:00Z,40.7,0.0,0.0,0.0,0.0,0.0
1-2 дня,2026-08-07T23:19:23Z,2026-08-09T17:00:00Z,41.7,0.0,0.0,0.0,0.0,0.0
1-2 дня,2026-08-07T23:19:23Z,2026-08-09T18:00:00Z,42.7,0.0,0.0,0.0,0.0,0.0
1-2 дня,2026-08-08T04:50:53Z,2026-08-09T06:00:00Z,25.2,12.0,0.0,0.0,12.0,12.0
1-2 дня,2026-08-08T04:50:53Z,2026-08-09T07:00:00Z,26.2,12.0,0.0,0.0,12.0,12.0
1-2 дня,2026-08-08T04:50:53Z,2026-08-09T08:00:00Z,27.2,56.0,0.0,0.0,56.0,56.0
1-2 дня,2026-08-08T04:50:53Z,2026-08-09T09:00:00Z,28.2,80.0,0.0,0.0,80.0,80.0
1-2 дня,2026-08-08T04:50:53Z,2026-08-09T10:00:00Z,29.2,68.0,0.0,0.0,68.0,68.0
1-2 дня,2026-08-08T04:50:53Z,2026-08-09T11:00:00Z,30.2,12.0,0.0,12.5,12.0,12.0
1-2 дня,2026-08-08T04:50:53Z,2026-08-09T12:00:00Z,31.2,0.0,12.5,12.5,-12.5,12.5
1-2 дня,2026-08-08T04:50:53Z,2026-08-09T13:00:00Z,32.2,0.0,12.5,12.5,-12.5,12.5
1-2 дня,2026-08-08T04:50:53Z,2026-08-09T14:00:00Z,33.2,0.0,0.0,12.5,0.0,0.0
1-2 дня,2026-08-08T04:50:53Z,2026-08-09T15:00:00Z,34.2,0.0,0.0,12.5,0.0,0.0
1-2 дня,2026-08-08T04:50:53Z,2026-08-09T16:00:00Z,35.2,0.0,0.0,0.0,0.0,0.0
1-2 дня,2026-08-08T04:50:53Z,2026-08-09T17:00:00Z,36.2,0.0,0.0,0.0,0.0,0.0
1-2 дня,2026-08-08T04:50:53Z,2026-08-09T18:00:00Z,37.2,0.0,0.0,0.0,0.0,0.0
1-2 дня,2026-08-08T10:18:13Z,2026-08-09T11:00:00Z,24.7,0.0,0.0,12.5,0.0,0.0
1-2 дня,2026-08-08T10:18:13Z,2026-08-09T12:00:00Z,25.7,0.0,12.5,12.5,-12.5,12.5
1-2 дня,2026-08-08T10:18:13Z,2026-08-09T13:00:00Z,26.7,0.0,12.5,12.5,-12.5,12.5
1-2 дня,2026-08-08T10:18:13Z,2026-08-09T14:00:00Z,27.7,0.0,0.0,12.5,0.0,0.0
1-2 дня,2026-08-08T10:18:13Z,2026-08-09T15:00:00Z,28.7,0.0,0.0,12.5,0.0,0.0
1-2 дня,2026-08-08T10:18:13Z,2026-08-09T16:00:00Z,29.7,0.0,0.0,0.0,0.0,0.0
1-2 дня,2026-08-08T10:18:13Z,2026-08-09T17:00:00Z,30.7,0.0,0.0,0.0,0.0,0.0
1-2 дня,2026-08-08T10:18:13Z,2026-08-09T18:00:00Z,31.7,0.0,0.0,0.0,0.0,0.0
1-2 дня,2026-08-08T10:18:13Z,2026-08-10T06:00:00Z,43.7,0.0,0.0,0.0,0.0,0.0
1-2 дня,2026-08-08T10:18:13Z,2026-08-10T07:00:00Z,44.7,0.0,0.0,0.0,0.0,0.0
1-2 дня,2026-08-08T10:18:13Z,2026-08-10T08:00:00Z,45.7,0.0,0.0,0.0,0.0,0.0
1-2 дня,2026-08-08T10:18:13Z,2026-08-10T09:00:00Z,46.7,0.0,0.0,0.0,0.0,0.0
1-2 дня,2026-08-08T10:18:13Z,2026-08-10T10:00:00Z,47.7,0.0,0.0,0.0,0.0,0.0
1-2 дня,2026-08-08T22:37:20Z,2026-08-10T06:00:00Z,31.4,0.0,0.0,0.0,0.0,0.0
1-2 дня,2026-08-08T22:37:20Z,2026-08-10T07:00:00Z,32.4,0.0,0.0,0.0,0.0,0.0
1-2 дня,2026-08-08T22:37:20Z,2026-08-10T08:00:00Z,33.4,0.0,0.0,0.0,0.0,0.0
1-2 дня,2026-08-08T22:37:20Z,2026-08-10T09:00:00Z,34.4,0.0,0.0,0.0,0.0,0.0
1-2 дня,2026-08-08T22:37:20Z,2026-08-10T10:00:00Z,35.4,0.0,0.0,0.0,0.0,0.0
1-2 дня,2026-08-08T22:37:20Z,2026-08-10T11:00:00Z,36.4,0.0,12.5,0.0,-12.5,12.5
1-2 дня,2026-08-08T22:37:20Z,2026-08-10T12:00:00Z,37.4,0.0,0.0,12.5,0.0,0.0
1-2 дня,2026-08-08T22:37:20Z,2026-08-10T13:00:00Z,38.4,0.0,0.0,12.5,0.0,0.0
1-2 дня,2026-08-08T22:37:20Z,2026-08-10T14:00:00Z,39.4,0.0,0.0,0.0,0.0,0.0
1-2 дня,2026-08-08T22:37:20Z,2026-08-10T15:00:00Z,40.4,0.0,0.0,0.0,0.0,0.0
1-2 дня,2026-08-08T22:37:20Z,2026-08-10T16:00:00Z,41.4,0.0,0.0,0.0,0.0,0.0
1-2 дня,2026-08-08T22:37:20Z,2026-08-10T17:00:00Z,42.4,0.0,0.0,0.0,0.0,0.0
1-2 дня,2026-08-08T22:37:20Z,2026-08-10T18:00:00Z,43.4,0.0,0.0,0.0,0.0,0.0
1-2 дня,2026-08-09T04:59:03Z,2026-08-10T06:00:00Z,25.0,0.0,0.0,0.0,0.0,0.0
1-2 дня,2026-08-09T04:59:03Z,2026-08-10T07:00:00Z,26.0,0.0,0.0,0.0,0.0,0.0
1-2 дня,2026-08-09T04:59:03Z,2026-08-10T08:00:00Z,27.0,0.0,0.0,0.0,0.0,0.0
1-2 дня,2026-08-09T04:59:03Z,2026-08-10T09:00:00Z,28.0,0.0,0.0,0.0,0.0,0.0
1-2 дня,2026-08-09T04:59:03Z,2026-08-10T10:00:00Z,29.0,0.0,0.0,0.0,0.0,0.0
1-2 дня,2026-08-09T04:59:03Z,2026-08-10T11:00:00Z,30.0,0.0,12.5,0.0,-12.5,12.5
1-2 дня,2026-08-09T04:59:03Z,2026-08-10T12:00:00Z,31.0,0.0,0.0,12.5,0.0,0.0
1-2 дня,2026-08-09T04:59:03Z,2026-08-10T13:00:00Z,32.0,0.0,0.0,12.5,0.0,0.0
1-2 дня,2026-08-09T04:59:03Z,2026-08-10T14:00:00Z,33.0,0.0,0.0,0.0,0.0,0.0
1-2 дня,2026-08-09T04:59:03Z,2026-08-10T15:00:00Z,34.0,0.0,0.0,0.0,0.0,0.0
1-2 дня,2026-08-09T04:59:03Z,2026-08-10T16:00:00Z,35.0,0.0,0.0,0.0,0.0,0.0
1-2 дня,2026-08-09T04:59:03Z,2026-08-10T17:00:00Z,36.0,0.0,0.0,0.0,0.0,0.0
1-2 дня,2026-08-09T04:59:03Z,2026-08-10T18:00:00Z,37.0,0.0,0.0,0.0,0.0,0.0
1-2 дня,2026-08-09T10:19:29Z,2026-08-10T11:00:00Z,24.7,0.0,12.5,0.0,-12.5,12.5
1-2 дня,2026-08-09T10:19:29Z,2026-08-10T12:00:00Z,25.7,0.0,0.0,12.5,0.0,0.0
1-2 дня,2026-08-09T10:19:29Z,2026-08-10T13:00:00Z,26.7,0.0,0.0,12.5,0.0,0.0
1-2 дня,2026-08-09T10:19:29Z,2026-08-10T14:00:00Z,27.7,0.0,0.0,0.0,0.0,0.0
1-2 дня,2026-08-09T10:19:29Z,2026-08-10T15:00:00Z,28.7,0.0,0.0,0.0,0.0,0.0
1-2 дня,2026-08-09T10:19:29Z,2026-08-10T16:00:00Z,29.7,0.0,0.0,0.0,0.0,0.0
1-2 дня,2026-08-09T10:19:29Z,2026-08-10T17:00:00Z,30.7,0.0,0.0,0.0,0.0,0.0
1-2 дня,2026-08-09T10:19:29Z,2026-08-10T18:00:00Z,31.7,0.0,0.0,0.0,0.0,0.0
1-2 дня,2026-08-09T10:19:29Z,2026-08-11T06:00:00Z,43.7,0.0,0.0,0.0,0.0,0.0
1-2 дня,2026-08-09T10:19:29Z,2026-08-11T07:00:00Z,44.7,0.0,0.0,0.0,0.0,0.0
1-2 дня,2026-08-09T10:19:29Z,2026-08-11T08:00:00Z,45.7,0.0,0.0,0.0,0.0,0.0
1-2 дня,2026-08-09T10:19:29Z,2026-08-11T09:00:00Z,46.7,0.0,0.0,0.0,0.0,0.0
1-2 дня,2026-08-09T10:19:29Z,2026-08-11T10:00:00Z,47.7,0.0,0.0,0.0,0.0,0.0
1-2 дня,2026-08-09T12:41:38Z,2026-08-10T13:00:00Z,24.3,0.0,0.0,12.5,0.0,0.0
1-2 дня,2026-08-09T12:41:38Z,2026-08-10T14:00:00Z,25.3,0.0,0.0,0.0,0.0,0.0
1-2 дня,2026-08-09T12:41:38Z,2026-08-10T15:00:00Z,26.3,0.0,0.0,0.0,0.0,0.0
1-2 дня,2026-08-09T12:41:38Z,2026-08-10T16:00:00Z,27.3,0.0,0.0,0.0,0.0,0.0
1-2 дня,2026-08-09T12:41:38Z,2026-08-10T17:00:00Z,28.3,0.0,0.0,0.0,0.0,0.0
1-2 дня,2026-08-09T12:41:38Z,2026-08-10T18:00:00Z,29.3,0.0,0.0,0.0,0.0,0.0
1-2 дня,2026-08-09T12:41:38Z,2026-08-11T06:00:00Z,41.3,0.0,0.0,0.0,0.0,0.0
1-2 дня,2026-08-09T12:41:38Z,2026-08-11T07:00:00Z,42.3,0.0,0.0,0.0,0.0,0.0
1-2 дня,2026-08-09T12:41:38Z,2026-08-11T08:00:00Z,43.3,0.0,0.0,0.0,0.0,0.0
1-2 дня,2026-08-09T12:41:38Z,2026-08-11T09:00:00Z,44.3,0.0,0.0,0.0,0.0,0.0
1-2 дня,2026-08-09T12:41:38Z,2026-08-11T10:00:00Z,45.3,0.0,0.0,0.0,0.0,0.0
1-2 дня,2026-08-09T12:41:38Z,2026-08-11T11:00:00Z,46.3,0.0,0.0,12.5,0.0,0.0
1-2 дня,2026-08-09T12:41:38Z,2026-08-11T12:00:00Z,47.3,0.0,0.0,0.0,0.0,0.0
1-2 дня,2026-08-09T12:45:53Z,2026-08-10T13:00:00Z,24.2,0.0,0.0,12.5,0.0,0.0
1-2 дня,2026-08-09T12:45:53Z,2026-08-10T14:00:00Z,25.2,0.0,0.0,0.0,0.0,0.0
1-2 дня,2026-08-09T12:45:53Z,2026-08-10T15:00:00Z,26.2,0.0,0.0,0.0,0.0,0.0
1-2 дня,2026-08-09T12:45:53Z,2026-08-10T16:00:00Z,27.2,0.0,0.0,0.0,0.0,0.0
1-2 дня,2026-08-09T12:45:53Z,2026-08-10T17:00:00Z,28.2,0.0,0.0,0.0,0.0,0.0
1-2 дня,2026-08-09T12:45:53Z,2026-08-10T18:00:00Z,29.2,0.0,0.0,0.0,0.0,0.0
1-2 дня,2026-08-09T12:45:53Z,2026-08-11T06:00:00Z,41.2,0.0,0.0,0.0,0.0,0.0
1-2 дня,2026-08-09T12:45:53Z,2026-08-11T07:00:00Z,42.2,0.0,0.0,0.0,0.0,0.0
1-2 дня,2026-08-09T12:45:53Z,2026-08-11T08:00:00Z,43.2,0.0,0.0,0.0,0.0,0.0
1-2 дня,2026-08-09T12:45:53Z,2026-08-11T09:00:00Z,44.2,0.0,0.0,0.0,0.0,0.0
1-2 дня,2026-08-09T12:45:53Z,2026-08-11T10:00:00Z,45.2,0.0,0.0,0.0,0.0,0.0
1-2 дня,2026-08-09T12:45:53Z,2026-08-11T11:00:00Z,46.2,0.0,0.0,12.5,0.0,0.0
1-2 дня,2026-08-09T12:45:53Z,2026-08-11T12:00:00Z,47.2,0.0,0.0,0.0,0.0,0.0
1-2 дня,2026-08-09T12:48:15Z,2026-08-10T13:00:00Z,24.2,0.0,0.0,12.5,0.0,0.0
1-2 дня,2026-08-09T12:48:15Z,2026-08-10T14:00:00Z,25.2,0.0,0.0,0.0,0.0,0.0
1-2 дня,2026-08-09T12:48:15Z,2026-08-10T15:00:00Z,26.2,0.0,0.0,0.0,0.0,0.0
1-2 дня,2026-08-09T12:48:15Z,2026-08-10T16:00:00Z,27.2,0.0,0.0,0.0,0.0,0.0
1-2 дня,2026-08-09T12:48:15Z,2026-08-10T17:00:00Z,28.2,0.0,0.0,0.0,0.0,0.0
1-2 дня,2026-08-09T12:48:15Z,2026-08-10T18:00:00Z,29.2,0.0,0.0,0.0,0.0,0.0
1-2 дня,2026-08-09T12:48:15Z,2026-08-11T06:00:00Z,41.2,0.0,0.0,0.0,0.0,0.0
1-2 дня,2026-08-09T12:48:15Z,2026-08-11T07:00:00Z,42.2,0.0,0.0,0.0,0.0,0.0
1-2 дня,2026-08-09T12:48:15Z,2026-08-11T08:00:00Z,43.2,0.0,0.0,0.0,0.0,0.0
1-2 дня,2026-08-09T12:48:15Z,2026-08-11T09:00:00Z,44.2,0.0,0.0,0.0,0.0,0.0
1-2 дня,2026-08-09T12:48:15Z,2026-08-11T10:00:00Z,45.2,0.0,0.0,0.0,0.0,0.0
1-2 дня,2026-08-09T12:48:15Z,2026-08-11T11:00:00Z,46.2,0.0,0.0,12.5,0.0,0.0
1-2 дня,2026-08-09T12:48:15Z,2026-08-11T12:00:00Z,47.2,0.0,0.0,0.0,0.0,0.0
1-2 дня,2026-08-09T16:31:44Z,2026-08-10T17:00:00Z,24.5,0.0,0.0,0.0,0.0,0.0
1-2 дня,2026-08-09T16:31:44Z,2026-08-10T18:00:00Z,25.5,0.0,0.0,0.0,0.0,0.0
1-2 дня,2026-08-09T16:31:44Z,2026-08-11T06:00:00Z,37.5,0.0,0.0,0.0,0.0,0.0
1-2 дня,2026-08-09T16:31:44Z,2026-08-11T07:00:00Z,38.5,0.0,0.0,0.0,0.0,0.0
1-2 дня,2026-08-09T16:31:44Z,2026-08-11T08:00:00Z,39.5,0.0,0.0,0.0,0.0,0.0
1-2 дня,2026-08-09T16:31:44Z,2026-08-11T09:00:00Z,40.5,0.0,0.0,0.0,0.0,0.0
1-2 дня,2026-08-09T16:31:44Z,2026-08-11T10:00:00Z,41.5,0.0,0.0,0.0,0.0,0.0
1-2 дня,2026-08-09T16:31:44Z,2026-08-11T11:00:00Z,42.5,0.0,0.0,12.5,0.0,0.0
1-2 дня,2026-08-09T16:31:44Z,2026-08-11T12:00:00Z,43.5,0.0,0.0,0.0,0.0,0.0
1-2 дня,2026-08-09T16:31:44Z,2026-08-11T13:00:00Z,44.5,0.0,0.0,0.0,0.0,0.0
1-2 дня,2026-08-09T16:31:44Z,2026-08-11T14:00:00Z,45.5,0.0,0.0,0.0,0.0,0.0
1-2 дня,2026-08-09T16:31:44Z,2026-08-11T15:00:00Z,46.5,0.0,0.0,0.0,0.0,0.0
1-2 дня,2026-08-09T16:31:44Z,2026-08-11T16:00:00Z,47.5,0.0,0.0,0.0,0.0,0.0
1-2 дня,2026-08-09T22:39:09Z,2026-08-11T06:00:00Z,31.3,0.0,0.0,0.0,0.0,0.0
1-2 дня,2026-08-09T22:39:09Z,2026-08-11T07:00:00Z,32.3,0.0,0.0,0.0,0.0,0.0
1-2 дня,2026-08-09T22:39:09Z,2026-08-11T08:00:00Z,33.3,0.0,0.0,0.0,0.0,0.0
1-2 дня,2026-08-09T22:39:09Z,2026-08-11T09:00:00Z,34.3,0.0,0.0,0.0,0.0,0.0
1-2 дня,2026-08-09T22:39:09Z,2026-08-11T10:00:00Z,35.3,0.0,0.0,0.0,0.0,0.0
1-2 дня,2026-08-09T22:39:09Z,2026-08-11T11:00:00Z,36.3,0.0,0.0,12.5,0.0,0.0
1-2 дня,2026-08-09T22:39:09Z,2026-08-11T12:00:00Z,37.3,0.0,0.0,0.0,0.0,0.0
1-2 дня,2026-08-09T22:39:09Z,2026-08-11T13:00:00Z,38.3,0.0,0.0,0.0,0.0,0.0
1-2 дня,2026-08-09T22:39:09Z,2026-08-11T14:00:00Z,39.3,0.0,0.0,0.0,0.0,0.0
1-2 дня,2026-08-09T22:39:09Z,2026-08-11T15:00:00Z,40.3,24.0,0.0,0.0,24.0,24.0
1-2 дня,2026-08-09T22:39:09Z,2026-08-11T16:00:00Z,41.3,48.0,0.0,0.0,48.0,48.0
1-2 дня,2026-08-09T22:39:09Z,2026-08-11T17:00:00Z,42.3,36.0,0.0,0.0,36.0,36.0
1-2 дня,2026-08-09T22:39:09Z,2026-08-11T18:00:00Z,43.3,8.0,0.0,0.0,8.0,8.0
1-2 дня,2026-08-10T05:20:42Z,2026-08-11T06:00:00Z,24.7,0.0,0.0,0.0,0.0,0.0
1-2 дня,2026-08-10T05:20:42Z,2026-08-11T07:00:00Z,25.7,0.0,0.0,0.0,0.0,0.0
1-2 дня,2026-08-10T05:20:42Z,2026-08-11T08:00:00Z,26.7,0.0,0.0,0.0,0.0,0.0
1-2 дня,2026-08-10T05:20:42Z,2026-08-11T09:00:00Z,27.7,0.0,0.0,0.0,0.0,0.0
1-2 дня,2026-08-10T05:20:42Z,2026-08-11T10:00:00Z,28.7,0.0,0.0,0.0,0.0,0.0
1-2 дня,2026-08-10T05:20:42Z,2026-08-11T11:00:00Z,29.7,0.0,0.0,12.5,0.0,0.0
1-2 дня,2026-08-10T05:20:42Z,2026-08-11T12:00:00Z,30.7,0.0,0.0,0.0,0.0,0.0
1-2 дня,2026-08-10T05:20:42Z,2026-08-11T13:00:00Z,31.7,0.0,0.0,0.0,0.0,0.0
1-2 дня,2026-08-10T05:20:42Z,2026-08-11T14:00:00Z,32.7,0.0,0.0,0.0,0.0,0.0
1-2 дня,2026-08-10T05:20:42Z,2026-08-11T15:00:00Z,33.7,24.0,0.0,0.0,24.0,24.0
1-2 дня,2026-08-10T05:20:42Z,2026-08-11T16:00:00Z,34.7,48.0,0.0,0.0,48.0,48.0
1-2 дня,2026-08-10T05:20:42Z,2026-08-11T17:00:00Z,35.7,36.0,0.0,0.0,36.0,36.0
1-2 дня,2026-08-10T05:20:42Z,2026-08-11T18:00:00Z,36.7,8.0,0.0,0.0,8.0,8.0
1-2 дня,2026-08-10T10:53:28Z,2026-08-11T11:00:00Z,24.1,0.0,0.0,12.5,0.0,0.0
1-2 дня,2026-08-10T10:53:28Z,2026-08-11T12:00:00Z,25.1,0.0,0.0,0.0,0.0,0.0
1-2 дня,2026-08-10T10:53:28Z,2026-08-11T13:00:00Z,26.1,0.0,0.0,0.0,0.0,0.0
1-2 дня,2026-08-10T10:53:28Z,2026-08-11T14:00:00Z,27.1,0.0,0.0,0.0,0.0,0.0
1-2 дня,2026-08-10T10:53:28Z,2026-08-11T15:00:00Z,28.1,0.0,0.0,0.0,0.0,0.0
1-2 дня,2026-08-10T10:53:28Z,2026-08-11T16:00:00Z,29.1,12.0,0.0,0.0,12.0,12.0
1-2 дня,2026-08-10T10:53:28Z,2026-08-11T17:00:00Z,30.1,32.0,0.0,0.0,32.0,32.0
1-2 дня,2026-08-10T10:53:28Z,2026-08-11T18:00:00Z,31.1,92.0,0.0,0.0,92.0,92.0
1-2 дня,2026-08-10T10:53:28Z,2026-08-12T06:00:00Z,43.1,0.0,75.0,0.0,-75.0,75.0
1-2 дня,2026-08-10T10:53:28Z,2026-08-12T07:00:00Z,44.1,0.0,75.0,0.0,-75.0,75.0
1-2 дня,2026-08-10T10:53:28Z,2026-08-12T08:00:00Z,45.1,0.0,50.0,0.0,-50.0,50.0
1-2 дня,2026-08-10T10:53:28Z,2026-08-12T09:00:00Z,46.1,0.0,25.0,0.0,-25.0,25.0
1-2 дня,2026-08-10T10:53:28Z,2026-08-12T10:00:00Z,47.1,0.0,25.0,0.0,-25.0,25.0
1-2 дня,2026-08-10T16:52:05Z,2026-08-11T17:00:00Z,24.1,32.0,0.0,0.0,32.0,32.0
1-2 дня,2026-08-10T16:52:05Z,2026-08-11T18:00:00Z,25.1,92.0,0.0,0.0,92.0,92.0
1-2 дня,2026-08-10T16:52:05Z,2026-08-12T06:00:00Z,37.1,0.0,75.0,0.0,-75.0,75.0
1-2 дня,2026-08-10T16:52:05Z,2026-08-12T07:00:00Z,38.1,0.0,75.0,0.0,-75.0,75.0
1-2 дня,2026-08-10T16:52:05Z,2026-08-12T08:00:00Z,39.1,0.0,50.0,0.0,-50.0,50.0
1-2 дня,2026-08-10T16:52:05Z,2026-08-12T09:00:00Z,40.1,0.0,25.0,0.0,-25.0,25.0
1-2 дня,2026-08-10T16:52:05Z,2026-08-12T10:00:00Z,41.1,0.0,25.0,0.0,-25.0,25.0
1-2 дня,2026-08-10T16:52:05Z,2026-08-12T11:00:00Z,42.1,0.0,12.5,0.0,-12.5,12.5
1-2 дня,2026-08-10T16:52:05Z,2026-08-12T12:00:00Z,43.1,0.0,12.5,0.0,-12.5,12.5
1-2 дня,2026-08-10T16:52:05Z,2026-08-12T13:00:00Z,44.1,0.0,0.0,0.0,0.0,0.0
1-2 дня,2026-08-10T16:52:05Z,2026-08-12T14:00:00Z,45.1,0.0,0.0,0.0,0.0,0.0
1-2 дня,2026-08-10T16:52:05Z,2026-08-12T15:00:00Z,46.1,0.0,0.0,0.0,0.0,0.0
1-2 дня,2026-08-10T16:52:05Z,2026-08-12T16:00:00Z,47.1,0.0,0.0,0.0,0.0,0.0
1-2 дня,2026-08-10T22:47:13Z,2026-08-12T06:00:00Z,31.2,0.0,75.0,0.0,-75.0,75.0
1-2 дня,2026-08-10T22:47:13Z,2026-08-12T07:00:00Z,32.2,0.0,75.0,0.0,-75.0,75.0
1-2 дня,2026-08-10T22:47:13Z,2026-08-12T08:00:00Z,33.2,0.0,50.0,0.0,-50.0,50.0
1-2 дня,2026-08-10T22:47:13Z,2026-08-12T09:00:00Z,34.2,0.0,25.0,0.0,-25.0,25.0
1-2 дня,2026-08-10T22:47:13Z,2026-08-12T10:00:00Z,35.2,0.0,25.0,0.0,-25.0,25.0
1-2 дня,2026-08-10T22:47:13Z,2026-08-12T11:00:00Z,36.2,0.0,12.5,0.0,-12.5,12.5
1-2 дня,2026-08-10T22:47:13Z,2026-08-12T12:00:00Z,37.2,0.0,12.5,0.0,-12.5,12.5
1-2 дня,2026-08-10T22:47:13Z,2026-08-12T13:00:00Z,38.2,0.0,0.0,0.0,0.0,0.0
1-2 дня,2026-08-10T22:47:13Z,2026-08-12T14:00:00Z,39.2,0.0,0.0,0.0,0.0,0.0
1-2 дня,2026-08-10T22:47:13Z,2026-08-12T15:00:00Z,40.2,0.0,0.0,0.0,0.0,0.0
1-2 дня,2026-08-10T22:47:13Z,2026-08-12T16:00:00Z,41.2,0.0,0.0,0.0,0.0,0.0
1-2 дня,2026-08-10T22:47:13Z,2026-08-12T17:00:00Z,42.2,0.0,0.0,0.0,0.0,0.0
1-2 дня,2026-08-10T22:47:13Z,2026-08-12T18:00:00Z,43.2,0.0,0.0,0.0,0.0,0.0
1-2 дня,2026-08-11T05:01:49Z,2026-08-12T06:00:00Z,25.0,0.0,75.0,0.0,-75.0,75.0
1-2 дня,2026-08-11T05:01:49Z,2026-08-12T07:00:00Z,26.0,0.0,75.0,0.0,-75.0,75.0
1-2 дня,2026-08-11T05:01:49Z,2026-08-12T08:00:00Z,27.0,0.0,50.0,0.0,-50.0,50.0
1-2 дня,2026-08-11T05:01:49Z,2026-08-12T09:00:00Z,28.0,0.0,25.0,0.0,-25.0,25.0
1-2 дня,2026-08-11T05:01:49Z,2026-08-12T10:00:00Z,29.0,0.0,25.0,0.0,-25.0,25.0
1-2 дня,2026-08-11T05:01:49Z,2026-08-12T11:00:00Z,30.0,0.0,12.5,0.0,-12.5,12.5
1-2 дня,2026-08-11T05:01:49Z,2026-08-12T12:00:00Z,31.0,0.0,12.5,0.0,-12.5,12.5
1-2 дня,2026-08-11T05:01:49Z,2026-08-12T13:00:00Z,32.0,0.0,0.0,0.0,0.0,0.0
1-2 дня,2026-08-11T05:01:49Z,2026-08-12T14:00:00Z,33.0,0.0,0.0,0.0,0.0,0.0
1-2 дня,2026-08-11T05:01:49Z,2026-08-12T15:00:00Z,34.0,0.0,0.0,0.0,0.0,0.0
1-2 дня,2026-08-11T05:01:49Z,2026-08-12T16:00:00Z,35.0,0.0,0.0,0.0,0.0,0.0
1-2 дня,2026-08-11T05:01:49Z,2026-08-12T17:00:00Z,36.0,0.0,0.0,0.0,0.0,0.0
1-2 дня,2026-08-11T05:01:49Z,2026-08-12T18:00:00Z,37.0,0.0,0.0,0.0,0.0,0.0
1-2 дня,2026-08-11T10:38:45Z,2026-08-12T11:00:00Z,24.4,0.0,12.5,0.0,-12.5,12.5
1-2 дня,2026-08-11T10:38:45Z,2026-08-12T12:00:00Z,25.4,0.0,12.5,0.0,-12.5,12.5
1-2 дня,2026-08-11T10:38:45Z,2026-08-12T13:00:00Z,26.4,0.0,0.0,0.0,0.0,0.0
1-2 дня,2026-08-11T10:38:45Z,2026-08-12T14:00:00Z,27.4,0.0,0.0,0.0,0.0,0.0
1-2 дня,2026-08-11T10:38:45Z,2026-08-12T15:00:00Z,28.4,0.0,0.0,0.0,0.0,0.0
1-2 дня,2026-08-11T10:38:45Z,2026-08-12T16:00:00Z,29.4,0.0,0.0,0.0,0.0,0.0
1-2 дня,2026-08-11T10:38:45Z,2026-08-12T17:00:00Z,30.4,0.0,0.0,0.0,0.0,0.0
1-2 дня,2026-08-11T10:38:45Z,2026-08-12T18:00:00Z,31.4,0.0,0.0,0.0,0.0,0.0
1-2 дня,2026-08-11T10:38:45Z,2026-08-13T06:00:00Z,43.4,0.0,0.0,75.0,0.0,0.0
1-2 дня,2026-08-11T10:38:45Z,2026-08-13T07:00:00Z,44.4,0.0,0.0,75.0,0.0,0.0
1-2 дня,2026-08-11T10:38:45Z,2026-08-13T08:00:00Z,45.4,0.0,0.0,50.0,0.0,0.0
1-2 дня,2026-08-11T10:38:45Z,2026-08-13T09:00:00Z,46.4,0.0,0.0,25.0,0.0,0.0
1-2 дня,2026-08-11T10:38:45Z,2026-08-13T10:00:00Z,47.4,0.0,0.0,25.0,0.0,0.0
1-2 дня,2026-08-12T06:05:22Z,2026-08-13T07:00:00Z,24.9,0.0,0.0,75.0,0.0,0.0
1-2 дня,2026-08-12T06:05:22Z,2026-08-13T08:00:00Z,25.9,0.0,0.0,50.0,0.0,0.0
1-2 дня,2026-08-12T06:05:22Z,2026-08-13T09:00:00Z,26.9,0.0,0.0,25.0,0.0,0.0
1-2 дня,2026-08-12T06:05:22Z,2026-08-13T10:00:00Z,27.9,0.0,0.0,25.0,0.0,0.0
2-3 дня,2026-08-06T09:50:07Z,2026-08-08T10:00:00Z,48.2,8.0,0.0,0.0,8.0,8.0
2-3 дня,2026-08-06T09:50:07Z,2026-08-08T11:00:00Z,49.2,8.0,12.5,0.0,-4.5,4.5
2-3 дня,2026-08-06T09:50:07Z,2026-08-08T12:00:00Z,50.2,0.0,12.5,0.0,-12.5,12.5
2-3 дня,2026-08-06T09:50:07Z,2026-08-08T13:00:00Z,51.2,0.0,12.5,12.5,-12.5,12.5
2-3 дня,2026-08-06T09:50:07Z,2026-08-08T14:00:00Z,52.2,0.0,12.5,25.0,-12.5,12.5
2-3 дня,2026-08-06T09:50:07Z,2026-08-08T15:00:00Z,53.2,0.0,12.5,25.0,-12.5,12.5
2-3 дня,2026-08-06T09:50:07Z,2026-08-08T16:00:00Z,54.2,12.0,0.0,37.5,12.0,12.0
2-3 дня,2026-08-06T09:50:07Z,2026-08-08T17:00:00Z,55.2,32.0,0.0,12.5,32.0,32.0
2-3 дня,2026-08-06T09:50:07Z,2026-08-08T18:00:00Z,56.2,20.0,0.0,75.0,20.0,20.0
2-3 дня,2026-08-06T09:50:07Z,2026-08-09T06:00:00Z,68.2,32.0,0.0,0.0,32.0,32.0
2-3 дня,2026-08-06T09:50:07Z,2026-08-09T07:00:00Z,69.2,36.0,0.0,0.0,36.0,36.0
2-3 дня,2026-08-06T09:50:07Z,2026-08-09T08:00:00Z,70.2,20.0,0.0,0.0,20.0,20.0
2-3 дня,2026-08-06T09:50:07Z,2026-08-09T09:00:00Z,71.2,0.0,0.0,0.0,0.0,0.0
2-3 дня,2026-08-06T09:59:18Z,2026-08-08T10:00:00Z,48.0,8.0,0.0,0.0,8.0,8.0
2-3 дня,2026-08-06T09:59:18Z,2026-08-08T11:00:00Z,49.0,8.0,12.5,0.0,-4.5,4.5
2-3 дня,2026-08-06T09:59:18Z,2026-08-08T12:00:00Z,50.0,0.0,12.5,0.0,-12.5,12.5
2-3 дня,2026-08-06T09:59:18Z,2026-08-08T13:00:00Z,51.0,0.0,12.5,12.5,-12.5,12.5
2-3 дня,2026-08-06T09:59:18Z,2026-08-08T14:00:00Z,52.0,0.0,12.5,25.0,-12.5,12.5
2-3 дня,2026-08-06T09:59:18Z,2026-08-08T15:00:00Z,53.0,0.0,12.5,25.0,-12.5,12.5
2-3 дня,2026-08-06T09:59:18Z,2026-08-08T16:00:00Z,54.0,12.0,0.0,37.5,12.0,12.0
2-3 дня,2026-08-06T09:59:18Z,2026-08-08T17:00:00Z,55.0,32.0,0.0,12.5,32.0,32.0
2-3 дня,2026-08-06T09:59:18Z,2026-08-08T18:00:00Z,56.0,20.0,0.0,75.0,20.0,20.0
2-3 дня,2026-08-06T09:59:18Z,2026-08-09T06:00:00Z,68.0,32.0,0.0,0.0,32.0,32.0
2-3 дня,2026-08-06T09:59:18Z,2026-08-09T07:00:00Z,69.0,36.0,0.0,0.0,36.0,36.0
2-3 дня,2026-08-06T09:59:18Z,2026-08-09T08:00:00Z,70.0,20.0,0.0,0.0,20.0,20.0
2-3 дня,2026-08-06T09:59:18Z,2026-08-09T09:00:00Z,71.0,0.0,0.0,0.0,0.0,0.0
2-3 дня,2026-08-06T10:08:26Z,2026-08-08T11:00:00Z,48.9,8.0,12.5,0.0,-4.5,4.5
2-3 дня,2026-08-06T10:08:26Z,2026-08-08T12:00:00Z,49.9,0.0,12.5,0.0,-12.5,12.5
2-3 дня,2026-08-06T10:08:26Z,2026-08-08T13:00:00Z,50.9,0.0,12.5,12.5,-12.5,12.5
2-3 дня,2026-08-06T10:08:26Z,2026-08-08T14:00:00Z,51.9,0.0,12.5,25.0,-12.5,12.5
2-3 дня,2026-08-06T10:08:26Z,2026-08-08T15:00:00Z,52.9,0.0,12.5,25.0,-12.5,12.5
2-3 дня,2026-08-06T10:08:26Z,2026-08-08T16:00:00Z,53.9,12.0,0.0,37.5,12.0,12.0
2-3 дня,2026-08-06T10:08:26Z,2026-08-08T17:00:00Z,54.9,32.0,0.0,12.5,32.0,32.0
2-3 дня,2026-08-06T10:08:26Z,2026-08-08T18:00:00Z,55.9,20.0,0.0,75.0,20.0,20.0
2-3 дня,2026-08-06T10:08:26Z,2026-08-09T06:00:00Z,67.9,32.0,0.0,0.0,32.0,32.0
2-3 дня,2026-08-06T10:08:26Z,2026-08-09T07:00:00Z,68.9,36.0,0.0,0.0,36.0,36.0
2-3 дня,2026-08-06T10:08:26Z,2026-08-09T08:00:00Z,69.9,20.0,0.0,0.0,20.0,20.0
2-3 дня,2026-08-06T10:08:26Z,2026-08-09T09:00:00Z,70.9,0.0,0.0,0.0,0.0,0.0
2-3 дня,2026-08-06T10:08:26Z,2026-08-09T10:00:00Z,71.9,0.0,0.0,0.0,0.0,0.0
2-3 дня,2026-08-06T10:47:54Z,2026-08-08T11:00:00Z,48.2,8.0,12.5,0.0,-4.5,4.5
2-3 дня,2026-08-06T10:47:54Z,2026-08-08T12:00:00Z,49.2,0.0,12.5,0.0,-12.5,12.5
2-3 дня,2026-08-06T10:47:54Z,2026-08-08T13:00:00Z,50.2,0.0,12.5,12.5,-12.5,12.5
2-3 дня,2026-08-06T10:47:54Z,2026-08-08T14:00:00Z,51.2,0.0,12.5,25.0,-12.5,12.5
2-3 дня,2026-08-06T10:47:54Z,2026-08-08T15:00:00Z,52.2,0.0,12.5,25.0,-12.5,12.5
2-3 дня,2026-08-06T10:47:54Z,2026-08-08T16:00:00Z,53.2,12.0,0.0,37.5,12.0,12.0
2-3 дня,2026-08-06T10:47:54Z,2026-08-08T17:00:00Z,54.2,32.0,0.0,12.5,32.0,32.0
2-3 дня,2026-08-06T10:47:54Z,2026-08-08T18:00:00Z,55.2,20.0,0.0,75.0,20.0,20.0
2-3 дня,2026-08-06T10:47:54Z,2026-08-09T06:00:00Z,67.2,32.0,0.0,0.0,32.0,32.0
2-3 дня,2026-08-06T10:47:54Z,2026-08-09T07:00:00Z,68.2,36.0,0.0,0.0,36.0,36.0
2-3 дня,2026-08-06T10:47:54Z,2026-08-09T08:00:00Z,69.2,20.0,0.0,0.0,20.0,20.0
2-3 дня,2026-08-06T10:47:54Z,2026-08-09T09:00:00Z,70.2,0.0,0.0,0.0,0.0,0.0
2-3 дня,2026-08-06T10:47:54Z,2026-08-09T10:00:00Z,71.2,0.0,0.0,0.0,0.0,0.0
2-3 дня,2026-08-06T11:30:42Z,2026-08-08T12:00:00Z,48.5,0.0,12.5,0.0,-12.5,12.5
2-3 дня,2026-08-06T11:30:42Z,2026-08-08T13:00:00Z,49.5,0.0,12.5,12.5,-12.5,12.5
2-3 дня,2026-08-06T11:30:42Z,2026-08-08T14:00:00Z,50.5,0.0,12.5,25.0,-12.5,12.5
2-3 дня,2026-08-06T11:30:42Z,2026-08-08T15:00:00Z,51.5,0.0,12.5,25.0,-12.5,12.5
2-3 дня,2026-08-06T11:30:42Z,2026-08-08T16:00:00Z,52.5,12.0,0.0,37.5,12.0,12.0
2-3 дня,2026-08-06T11:30:42Z,2026-08-08T17:00:00Z,53.5,32.0,0.0,12.5,32.0,32.0
2-3 дня,2026-08-06T11:30:42Z,2026-08-08T18:00:00Z,54.5,20.0,0.0,75.0,20.0,20.0
2-3 дня,2026-08-06T11:30:42Z,2026-08-09T06:00:00Z,66.5,32.0,0.0,0.0,32.0,32.0
2-3 дня,2026-08-06T11:30:42Z,2026-08-09T07:00:00Z,67.5,36.0,0.0,0.0,36.0,36.0
2-3 дня,2026-08-06T11:30:42Z,2026-08-09T08:00:00Z,68.5,20.0,0.0,0.0,20.0,20.0
2-3 дня,2026-08-06T11:30:42Z,2026-08-09T09:00:00Z,69.5,0.0,0.0,0.0,0.0,0.0
2-3 дня,2026-08-06T11:30:42Z,2026-08-09T10:00:00Z,70.5,0.0,0.0,0.0,0.0,0.0
2-3 дня,2026-08-06T11:30:42Z,2026-08-09T11:00:00Z,71.5,0.0,0.0,12.5,0.0,0.0
2-3 дня,2026-08-06T11:36:01Z,2026-08-08T12:00:00Z,48.4,0.0,12.5,0.0,-12.5,12.5
2-3 дня,2026-08-06T11:36:01Z,2026-08-08T13:00:00Z,49.4,0.0,12.5,12.5,-12.5,12.5
2-3 дня,2026-08-06T11:36:01Z,2026-08-08T14:00:00Z,50.4,0.0,12.5,25.0,-12.5,12.5
2-3 дня,2026-08-06T11:36:01Z,2026-08-08T15:00:00Z,51.4,0.0,12.5,25.0,-12.5,12.5
2-3 дня,2026-08-06T11:36:01Z,2026-08-08T16:00:00Z,52.4,12.0,0.0,37.5,12.0,12.0
2-3 дня,2026-08-06T11:36:01Z,2026-08-08T17:00:00Z,53.4,32.0,0.0,12.5,32.0,32.0
2-3 дня,2026-08-06T11:36:01Z,2026-08-08T18:00:00Z,54.4,20.0,0.0,75.0,20.0,20.0
2-3 дня,2026-08-06T11:36:01Z,2026-08-09T06:00:00Z,66.4,32.0,0.0,0.0,32.0,32.0
2-3 дня,2026-08-06T11:36:01Z,2026-08-09T07:00:00Z,67.4,36.0,0.0,0.0,36.0,36.0
2-3 дня,2026-08-06T11:36:01Z,2026-08-09T08:00:00Z,68.4,20.0,0.0,0.0,20.0,20.0
2-3 дня,2026-08-06T11:36:01Z,2026-08-09T09:00:00Z,69.4,0.0,0.0,0.0,0.0,0.0
2-3 дня,2026-08-06T11:36:01Z,2026-08-09T10:00:00Z,70.4,0.0,0.0,0.0,0.0,0.0
2-3 дня,2026-08-06T11:36:01Z,2026-08-09T11:00:00Z,71.4,0.0,0.0,12.5,0.0,0.0
2-3 дня,2026-08-06T11:44:08Z,2026-08-08T12:00:00Z,48.3,0.0,12.5,0.0,-12.5,12.5
2-3 дня,2026-08-06T11:44:08Z,2026-08-08T13:00:00Z,49.3,0.0,12.5,12.5,-12.5,12.5
2-3 дня,2026-08-06T11:44:08Z,2026-08-08T14:00:00Z,50.3,0.0,12.5,25.0,-12.5,12.5
2-3 дня,2026-08-06T11:44:08Z,2026-08-08T15:00:00Z,51.3,0.0,12.5,25.0,-12.5,12.5
2-3 дня,2026-08-06T11:44:08Z,2026-08-08T16:00:00Z,52.3,12.0,0.0,37.5,12.0,12.0
2-3 дня,2026-08-06T11:44:08Z,2026-08-08T17:00:00Z,53.3,32.0,0.0,12.5,32.0,32.0
2-3 дня,2026-08-06T11:44:08Z,2026-08-08T18:00:00Z,54.3,20.0,0.0,75.0,20.0,20.0
2-3 дня,2026-08-06T11:44:08Z,2026-08-09T06:00:00Z,66.3,32.0,0.0,0.0,32.0,32.0
2-3 дня,2026-08-06T11:44:08Z,2026-08-09T07:00:00Z,67.3,36.0,0.0,0.0,36.0,36.0
2-3 дня,2026-08-06T11:44:08Z,2026-08-09T08:00:00Z,68.3,20.0,0.0,0.0,20.0,20.0
2-3 дня,2026-08-06T11:44:08Z,2026-08-09T09:00:00Z,69.3,0.0,0.0,0.0,0.0,0.0
2-3 дня,2026-08-06T11:44:08Z,2026-08-09T10:00:00Z,70.3,0.0,0.0,0.0,0.0,0.0
2-3 дня,2026-08-06T11:44:08Z,2026-08-09T11:00:00Z,71.3,0.0,0.0,12.5,0.0,0.0
2-3 дня,2026-08-07T01:31:32Z,2026-08-09T06:00:00Z,52.5,8.0,0.0,0.0,8.0,8.0
2-3 дня,2026-08-07T01:31:32Z,2026-08-09T07:00:00Z,53.5,0.0,0.0,0.0,0.0,0.0
2-3 дня,2026-08-07T01:31:32Z,2026-08-09T08:00:00Z,54.5,0.0,0.0,0.0,0.0,0.0
2-3 дня,2026-08-07T01:31:32Z,2026-08-09T09:00:00Z,55.5,0.0,0.0,0.0,0.0,0.0
2-3 дня,2026-08-07T01:31:32Z,2026-08-09T10:00:00Z,56.5,0.0,0.0,0.0,0.0,0.0
2-3 дня,2026-08-07T01:31:32Z,2026-08-09T11:00:00Z,57.5,0.0,0.0,12.5,0.0,0.0
2-3 дня,2026-08-07T01:31:32Z,2026-08-09T12:00:00Z,58.5,0.0,12.5,12.5,-12.5,12.5
2-3 дня,2026-08-07T01:31:32Z,2026-08-09T13:00:00Z,59.5,0.0,12.5,12.5,-12.5,12.5
2-3 дня,2026-08-07T01:31:32Z,2026-08-09T14:00:00Z,60.5,0.0,0.0,12.5,0.0,0.0
2-3 дня,2026-08-07T01:31:32Z,2026-08-09T15:00:00Z,61.5,0.0,0.0,12.5,0.0,0.0
2-3 дня,2026-08-07T01:31:32Z,2026-08-09T16:00:00Z,62.5,0.0,0.0,0.0,0.0,0.0
2-3 дня,2026-08-07T01:31:32Z,2026-08-09T17:00:00Z,63.5,0.0,0.0,0.0,0.0,0.0
2-3 дня,2026-08-07T01:31:32Z,2026-08-09T18:00:00Z,64.5,0.0,0.0,0.0,0.0,0.0
2-3 дня,2026-08-07T05:36:00Z,2026-08-09T06:00:00Z,48.4,8.0,0.0,0.0,8.0,8.0
2-3 дня,2026-08-07T05:36:00Z,2026-08-09T07:00:00Z,49.4,0.0,0.0,0.0,0.0,0.0
2-3 дня,2026-08-07T05:36:00Z,2026-08-09T08:00:00Z,50.4,0.0,0.0,0.0,0.0,0.0
2-3 дня,2026-08-07T05:36:00Z,2026-08-09T09:00:00Z,51.4,0.0,0.0,0.0,0.0,0.0
2-3 дня,2026-08-07T05:36:00Z,2026-08-09T10:00:00Z,52.4,0.0,0.0,0.0,0.0,0.0
2-3 дня,2026-08-07T05:36:00Z,2026-08-09T11:00:00Z,53.4,0.0,0.0,12.5,0.0,0.0
2-3 дня,2026-08-07T05:36:00Z,2026-08-09T12:00:00Z,54.4,0.0,12.5,12.5,-12.5,12.5
2-3 дня,2026-08-07T05:36:00Z,2026-08-09T13:00:00Z,55.4,0.0,12.5,12.5,-12.5,12.5
2-3 дня,2026-08-07T05:36:00Z,2026-08-09T14:00:00Z,56.4,0.0,0.0,12.5,0.0,0.0
2-3 дня,2026-08-07T05:36:00Z,2026-08-09T15:00:00Z,57.4,0.0,0.0,12.5,0.0,0.0
2-3 дня,2026-08-07T05:36:00Z,2026-08-09T16:00:00Z,58.4,0.0,0.0,0.0,0.0,0.0
2-3 дня,2026-08-07T05:36:00Z,2026-08-09T17:00:00Z,59.4,0.0,0.0,0.0,0.0,0.0
2-3 дня,2026-08-07T05:36:00Z,2026-08-09T18:00:00Z,60.4,0.0,0.0,0.0,0.0,0.0
2-3 дня,2026-08-07T06:18:59Z,2026-08-09T07:00:00Z,48.7,68.0,0.0,0.0,68.0,68.0
2-3 дня,2026-08-07T06:18:59Z,2026-08-09T08:00:00Z,49.7,64.0,0.0,0.0,64.0,64.0
2-3 дня,2026-08-07T06:18:59Z,2026-08-09T09:00:00Z,50.7,36.0,0.0,0.0,36.0,36.0
2-3 дня,2026-08-07T06:18:59Z,2026-08-09T10:00:00Z,51.7,20.0,0.0,0.0,20.0,20.0
2-3 дня,2026-08-07T06:18:59Z,2026-08-09T11:00:00Z,52.7,8.0,0.0,12.5,8.0,8.0
2-3 дня,2026-08-07T06:18:59Z,2026-08-09T12:00:00Z,53.7,8.0,12.5,12.5,-4.5,4.5
2-3 дня,2026-08-07T06:18:59Z,2026-08-09T13:00:00Z,54.7,0.0,12.5,12.5,-12.5,12.5
2-3 дня,2026-08-07T06:18:59Z,2026-08-09T14:00:00Z,55.7,8.0,0.0,12.5,8.0,8.0
2-3 дня,2026-08-07T06:18:59Z,2026-08-09T15:00:00Z,56.7,20.0,0.0,12.5,20.0,20.0
2-3 дня,2026-08-07T06:18:59Z,2026-08-09T16:00:00Z,57.7,12.0,0.0,0.0,12.0,12.0
2-3 дня,2026-08-07T06:18:59Z,2026-08-09T17:00:00Z,58.7,0.0,0.0,0.0,0.0,0.0
2-3 дня,2026-08-07T06:18:59Z,2026-08-09T18:00:00Z,59.7,0.0,0.0,0.0,0.0,0.0
2-3 дня,2026-08-07T06:18:59Z,2026-08-10T06:00:00Z,71.7,0.0,0.0,0.0,0.0,0.0
2-3 дня,2026-08-07T07:13:52Z,2026-08-09T08:00:00Z,48.8,64.0,0.0,0.0,64.0,64.0
2-3 дня,2026-08-07T07:13:52Z,2026-08-09T09:00:00Z,49.8,36.0,0.0,0.0,36.0,36.0
2-3 дня,2026-08-07T07:13:52Z,2026-08-09T10:00:00Z,50.8,20.0,0.0,0.0,20.0,20.0
2-3 дня,2026-08-07T07:13:52Z,2026-08-09T11:00:00Z,51.8,8.0,0.0,12.5,8.0,8.0
2-3 дня,2026-08-07T07:13:52Z,2026-08-09T12:00:00Z,52.8,8.0,12.5,12.5,-4.5,4.5
2-3 дня,2026-08-07T07:13:52Z,2026-08-09T13:00:00Z,53.8,0.0,12.5,12.5,-12.5,12.5
2-3 дня,2026-08-07T07:13:52Z,2026-08-09T14:00:00Z,54.8,8.0,0.0,12.5,8.0,8.0
2-3 дня,2026-08-07T07:13:52Z,2026-08-09T15:00:00Z,55.8,20.0,0.0,12.5,20.0,20.0
2-3 дня,2026-08-07T07:13:52Z,2026-08-09T16:00:00Z,56.8,12.0,0.0,0.0,12.0,12.0
2-3 дня,2026-08-07T07:13:52Z,2026-08-09T17:00:00Z,57.8,0.0,0.0,0.0,0.0,0.0
2-3 дня,2026-08-07T07:13:52Z,2026-08-09T18:00:00Z,58.8,0.0,0.0,0.0,0.0,0.0
2-3 дня,2026-08-07T07:13:52Z,2026-08-10T06:00:00Z,70.8,0.0,0.0,0.0,0.0,0.0
2-3 дня,2026-08-07T07:13:52Z,2026-08-10T07:00:00Z,71.8,0.0,0.0,0.0,0.0,0.0
2-3 дня,2026-08-07T10:39:14Z,2026-08-09T11:00:00Z,48.3,8.0,0.0,12.5,8.0,8.0
2-3 дня,2026-08-07T10:39:14Z,2026-08-09T12:00:00Z,49.3,8.0,12.5,12.5,-4.5,4.5
2-3 дня,2026-08-07T10:39:14Z,2026-08-09T13:00:00Z,50.3,0.0,12.5,12.5,-12.5,12.5
2-3 дня,2026-08-07T10:39:14Z,2026-08-09T14:00:00Z,51.3,8.0,0.0,12.5,8.0,8.0
2-3 дня,2026-08-07T10:39:14Z,2026-08-09T15:00:00Z,52.3,20.0,0.0,12.5,20.0,20.0
2-3 дня,2026-08-07T10:39:14Z,2026-08-09T16:00:00Z,53.3,12.0,0.0,0.0,12.0,12.0
2-3 дня,2026-08-07T10:39:14Z,2026-08-09T17:00:00Z,54.3,0.0,0.0,0.0,0.0,0.0
2-3 дня,2026-08-07T10:39:14Z,2026-08-09T18:00:00Z,55.3,0.0,0.0,0.0,0.0,0.0
2-3 дня,2026-08-07T10:39:14Z,2026-08-10T06:00:00Z,67.3,0.0,0.0,0.0,0.0,0.0
2-3 дня,2026-08-07T10:39:14Z,2026-08-10T07:00:00Z,68.3,0.0,0.0,0.0,0.0,0.0
2-3 дня,2026-08-07T10:39:14Z,2026-08-10T08:00:00Z,69.3,0.0,0.0,0.0,0.0,0.0
2-3 дня,2026-08-07T10:39:14Z,2026-08-10T09:00:00Z,70.3,0.0,0.0,0.0,0.0,0.0
2-3 дня,2026-08-07T10:39:14Z,2026-08-10T10:00:00Z,71.3,0.0,0.0,0.0,0.0,0.0
2-3 дня,2026-08-07T16:51:54Z,2026-08-09T17:00:00Z,48.1,0.0,0.0,0.0,0.0,0.0
2-3 дня,2026-08-07T16:51:54Z,2026-08-09T18:00:00Z,49.1,0.0,0.0,0.0,0.0,0.0
2-3 дня,2026-08-07T16:51:54Z,2026-08-10T06:00:00Z,61.1,0.0,0.0,0.0,0.0,0.0
2-3 дня,2026-08-07T16:51:54Z,2026-08-10T07:00:00Z,62.1,0.0,0.0,0.0,0.0,0.0
2-3 дня,2026-08-07T16:51:54Z,2026-08-10T08:00:00Z,63.1,0.0,0.0,0.0,0.0,0.0
2-3 дня,2026-08-07T16:51:54Z,2026-08-10T09:00:00Z,64.1,0.0,0.0,0.0,0.0,0.0
2-3 дня,2026-08-07T16:51:54Z,2026-08-10T10:00:00Z,65.1,0.0,0.0,0.0,0.0,0.0
2-3 дня,2026-08-07T16:51:54Z,2026-08-10T11:00:00Z,66.1,0.0,12.5,0.0,-12.5,12.5
2-3 дня,2026-08-07T16:51:54Z,2026-08-10T12:00:00Z,67.1,0.0,0.0,12.5,0.0,0.0
2-3 дня,2026-08-07T16:51:54Z,2026-08-10T13:00:00Z,68.1,0.0,0.0,12.5,0.0,0.0
2-3 дня,2026-08-07T16:51:54Z,2026-08-10T14:00:00Z,69.1,0.0,0.0,0.0,0.0,0.0
2-3 дня,2026-08-07T16:51:54Z,2026-08-10T15:00:00Z,70.1,0.0,0.0,0.0,0.0,0.0
2-3 дня,2026-08-07T16:51:54Z,2026-08-10T16:00:00Z,71.1,0.0,0.0,0.0,0.0,0.0
2-3 дня,2026-08-07T22:45:57Z,2026-08-10T06:00:00Z,55.2,0.0,0.0,0.0,0.0,0.0
2-3 дня,2026-08-07T22:45:57Z,2026-08-10T07:00:00Z,56.2,0.0,0.0,0.0,0.0,0.0
2-3 дня,2026-08-07T22:45:57Z,2026-08-10T08:00:00Z,57.2,0.0,0.0,0.0,0.0,0.0
2-3 дня,2026-08-07T22:45:57Z,2026-08-10T09:00:00Z,58.2,0.0,0.0,0.0,0.0,0.0
2-3 дня,2026-08-07T22:45:57Z,2026-08-10T10:00:00Z,59.2,0.0,0.0,0.0,0.0,0.0
2-3 дня,2026-08-07T22:45:57Z,2026-08-10T11:00:00Z,60.2,0.0,12.5,0.0,-12.5,12.5
2-3 дня,2026-08-07T22:45:57Z,2026-08-10T12:00:00Z,61.2,0.0,0.0,12.5,0.0,0.0
2-3 дня,2026-08-07T22:45:57Z,2026-08-10T13:00:00Z,62.2,0.0,0.0,12.5,0.0,0.0
2-3 дня,2026-08-07T22:45:57Z,2026-08-10T14:00:00Z,63.2,0.0,0.0,0.0,0.0,0.0
2-3 дня,2026-08-07T22:45:57Z,2026-08-10T15:00:00Z,64.2,0.0,0.0,0.0,0.0,0.0
2-3 дня,2026-08-07T22:45:57Z,2026-08-10T16:00:00Z,65.2,0.0,0.0,0.0,0.0,0.0
2-3 дня,2026-08-07T22:45:57Z,2026-08-10T17:00:00Z,66.2,0.0,0.0,0.0,0.0,0.0
2-3 дня,2026-08-07T22:45:57Z,2026-08-10T18:00:00Z,67.2,0.0,0.0,0.0,0.0,0.0
2-3 дня,2026-08-07T23:19:23Z,2026-08-10T06:00:00Z,54.7,0.0,0.0,0.0,0.0,0.0
2-3 дня,2026-08-07T23:19:23Z,2026-08-10T07:00:00Z,55.7,0.0,0.0,0.0,0.0,0.0
2-3 дня,2026-08-07T23:19:23Z,2026-08-10T08:00:00Z,56.7,0.0,0.0,0.0,0.0,0.0
2-3 дня,2026-08-07T23:19:23Z,2026-08-10T09:00:00Z,57.7,0.0,0.0,0.0,0.0,0.0
2-3 дня,2026-08-07T23:19:23Z,2026-08-10T10:00:00Z,58.7,0.0,0.0,0.0,0.0,0.0
2-3 дня,2026-08-07T23:19:23Z,2026-08-10T11:00:00Z,59.7,0.0,12.5,0.0,-12.5,12.5
2-3 дня,2026-08-07T23:19:23Z,2026-08-10T12:00:00Z,60.7,0.0,0.0,12.5,0.0,0.0
2-3 дня,2026-08-07T23:19:23Z,2026-08-10T13:00:00Z,61.7,0.0,0.0,12.5,0.0,0.0
2-3 дня,2026-08-07T23:19:23Z,2026-08-10T14:00:00Z,62.7,0.0,0.0,0.0,0.0,0.0
2-3 дня,2026-08-07T23:19:23Z,2026-08-10T15:00:00Z,63.7,0.0,0.0,0.0,0.0,0.0
2-3 дня,2026-08-07T23:19:23Z,2026-08-10T16:00:00Z,64.7,0.0,0.0,0.0,0.0,0.0
2-3 дня,2026-08-07T23:19:23Z,2026-08-10T17:00:00Z,65.7,0.0,0.0,0.0,0.0,0.0
2-3 дня,2026-08-07T23:19:23Z,2026-08-10T18:00:00Z,66.7,0.0,0.0,0.0,0.0,0.0
2-3 дня,2026-08-08T04:50:53Z,2026-08-10T06:00:00Z,49.2,0.0,0.0,0.0,0.0,0.0
2-3 дня,2026-08-08T04:50:53Z,2026-08-10T07:00:00Z,50.2,0.0,0.0,0.0,0.0,0.0
2-3 дня,2026-08-08T04:50:53Z,2026-08-10T08:00:00Z,51.2,0.0,0.0,0.0,0.0,0.0
2-3 дня,2026-08-08T04:50:53Z,2026-08-10T09:00:00Z,52.2,0.0,0.0,0.0,0.0,0.0
2-3 дня,2026-08-08T04:50:53Z,2026-08-10T10:00:00Z,53.2,0.0,0.0,0.0,0.0,0.0
2-3 дня,2026-08-08T04:50:53Z,2026-08-10T11:00:00Z,54.2,0.0,12.5,0.0,-12.5,12.5
2-3 дня,2026-08-08T04:50:53Z,2026-08-10T12:00:00Z,55.2,0.0,0.0,12.5,0.0,0.0
2-3 дня,2026-08-08T04:50:53Z,2026-08-10T13:00:00Z,56.2,0.0,0.0,12.5,0.0,0.0
2-3 дня,2026-08-08T04:50:53Z,2026-08-10T14:00:00Z,57.2,0.0,0.0,0.0,0.0,0.0
2-3 дня,2026-08-08T04:50:53Z,2026-08-10T15:00:00Z,58.2,0.0,0.0,0.0,0.0,0.0
2-3 дня,2026-08-08T04:50:53Z,2026-08-10T16:00:00Z,59.2,0.0,0.0,0.0,0.0,0.0
2-3 дня,2026-08-08T04:50:53Z,2026-08-10T17:00:00Z,60.2,0.0,0.0,0.0,0.0,0.0
2-3 дня,2026-08-08T04:50:53Z,2026-08-10T18:00:00Z,61.2,0.0,0.0,0.0,0.0,0.0
2-3 дня,2026-08-08T10:18:13Z,2026-08-10T11:00:00Z,48.7,0.0,12.5,0.0,-12.5,12.5
2-3 дня,2026-08-08T10:18:13Z,2026-08-10T12:00:00Z,49.7,0.0,0.0,12.5,0.0,0.0
2-3 дня,2026-08-08T10:18:13Z,2026-08-10T13:00:00Z,50.7,0.0,0.0,12.5,0.0,0.0
2-3 дня,2026-08-08T10:18:13Z,2026-08-10T14:00:00Z,51.7,0.0,0.0,0.0,0.0,0.0
2-3 дня,2026-08-08T10:18:13Z,2026-08-10T15:00:00Z,52.7,0.0,0.0,0.0,0.0,0.0
2-3 дня,2026-08-08T10:18:13Z,2026-08-10T16:00:00Z,53.7,0.0,0.0,0.0,0.0,0.0
2-3 дня,2026-08-08T10:18:13Z,2026-08-10T17:00:00Z,54.7,0.0,0.0,0.0,0.0,0.0
2-3 дня,2026-08-08T10:18:13Z,2026-08-10T18:00:00Z,55.7,0.0,0.0,0.0,0.0,0.0
2-3 дня,2026-08-08T10:18:13Z,2026-08-11T06:00:00Z,67.7,0.0,0.0,0.0,0.0,0.0
2-3 дня,2026-08-08T10:18:13Z,2026-08-11T07:00:00Z,68.7,0.0,0.0,0.0,0.0,0.0
2-3 дня,2026-08-08T10:18:13Z,2026-08-11T08:00:00Z,69.7,0.0,0.0,0.0,0.0,0.0
2-3 дня,2026-08-08T10:18:13Z,2026-08-11T09:00:00Z,70.7,0.0,0.0,0.0,0.0,0.0
2-3 дня,2026-08-08T10:18:13Z,2026-08-11T10:00:00Z,71.7,0.0,0.0,0.0,0.0,0.0
2-3 дня,2026-08-08T22:37:20Z,2026-08-11T06:00:00Z,55.4,0.0,0.0,0.0,0.0,0.0
2-3 дня,2026-08-08T22:37:20Z,2026-08-11T07:00:00Z,56.4,0.0,0.0,0.0,0.0,0.0
2-3 дня,2026-08-08T22:37:20Z,2026-08-11T08:00:00Z,57.4,0.0,0.0,0.0,0.0,0.0
2-3 дня,2026-08-08T22:37:20Z,2026-08-11T09:00:00Z,58.4,0.0,0.0,0.0,0.0,0.0
2-3 дня,2026-08-08T22:37:20Z,2026-08-11T10:00:00Z,59.4,0.0,0.0,0.0,0.0,0.0
2-3 дня,2026-08-08T22:37:20Z,2026-08-11T11:00:00Z,60.4,0.0,0.0,12.5,0.0,0.0
2-3 дня,2026-08-08T22:37:20Z,2026-08-11T12:00:00Z,61.4,0.0,0.0,0.0,0.0,0.0
2-3 дня,2026-08-08T22:37:20Z,2026-08-11T13:00:00Z,62.4,0.0,0.0,0.0,0.0,0.0
2-3 дня,2026-08-08T22:37:20Z,2026-08-11T14:00:00Z,63.4,0.0,0.0,0.0,0.0,0.0
2-3 дня,2026-08-08T22:37:20Z,2026-08-11T15:00:00Z,64.4,0.0,0.0,0.0,0.0,0.0
2-3 дня,2026-08-08T22:37:20Z,2026-08-11T16:00:00Z,65.4,0.0,0.0,0.0,0.0,0.0
2-3 дня,2026-08-08T22:37:20Z,2026-08-11T17:00:00Z,66.4,0.0,0.0,0.0,0.0,0.0
2-3 дня,2026-08-08T22:37:20Z,2026-08-11T18:00:00Z,67.4,0.0,0.0,0.0,0.0,0.0
2-3 дня,2026-08-09T04:59:03Z,2026-08-11T06:00:00Z,49.0,0.0,0.0,0.0,0.0,0.0
2-3 дня,2026-08-09T04:59:03Z,2026-08-11T07:00:00Z,50.0,0.0,0.0,0.0,0.0,0.0
2-3 дня,2026-08-09T04:59:03Z,2026-08-11T08:00:00Z,51.0,0.0,0.0,0.0,0.0,0.0
2-3 дня,2026-08-09T04:59:03Z,2026-08-11T09:00:00Z,52.0,0.0,0.0,0.0,0.0,0.0
2-3 дня,2026-08-09T04:59:03Z,2026-08-11T10:00:00Z,53.0,0.0,0.0,0.0,0.0,0.0
2-3 дня,2026-08-09T04:59:03Z,2026-08-11T11:00:00Z,54.0,0.0,0.0,12.5,0.0,0.0
2-3 дня,2026-08-09T04:59:03Z,2026-08-11T12:00:00Z,55.0,0.0,0.0,0.0,0.0,0.0
2-3 дня,2026-08-09T04:59:03Z,2026-08-11T13:00:00Z,56.0,0.0,0.0,0.0,0.0,0.0
2-3 дня,2026-08-09T04:59:03Z,2026-08-11T14:00:00Z,57.0,0.0,0.0,0.0,0.0,0.0
2-3 дня,2026-08-09T04:59:03Z,2026-08-11T15:00:00Z,58.0,0.0,0.0,0.0,0.0,0.0
2-3 дня,2026-08-09T04:59:03Z,2026-08-11T16:00:00Z,59.0,0.0,0.0,0.0,0.0,0.0
2-3 дня,2026-08-09T04:59:03Z,2026-08-11T17:00:00Z,60.0,0.0,0.0,0.0,0.0,0.0
2-3 дня,2026-08-09T04:59:03Z,2026-08-11T18:00:00Z,61.0,0.0,0.0,0.0,0.0,0.0
2-3 дня,2026-08-09T10:19:29Z,2026-08-11T11:00:00Z,48.7,0.0,0.0,12.5,0.0,0.0
2-3 дня,2026-08-09T10:19:29Z,2026-08-11T12:00:00Z,49.7,0.0,0.0,0.0,0.0,0.0
2-3 дня,2026-08-09T10:19:29Z,2026-08-11T13:00:00Z,50.7,0.0,0.0,0.0,0.0,0.0
2-3 дня,2026-08-09T10:19:29Z,2026-08-11T14:00:00Z,51.7,0.0,0.0,0.0,0.0,0.0
2-3 дня,2026-08-09T10:19:29Z,2026-08-11T15:00:00Z,52.7,0.0,0.0,0.0,0.0,0.0
2-3 дня,2026-08-09T10:19:29Z,2026-08-11T16:00:00Z,53.7,0.0,0.0,0.0,0.0,0.0
2-3 дня,2026-08-09T10:19:29Z,2026-08-11T17:00:00Z,54.7,0.0,0.0,0.0,0.0,0.0
2-3 дня,2026-08-09T10:19:29Z,2026-08-11T18:00:00Z,55.7,0.0,0.0,0.0,0.0,0.0
2-3 дня,2026-08-09T10:19:29Z,2026-08-12T06:00:00Z,67.7,0.0,75.0,0.0,-75.0,75.0
2-3 дня,2026-08-09T10:19:29Z,2026-08-12T07:00:00Z,68.7,0.0,75.0,0.0,-75.0,75.0
2-3 дня,2026-08-09T10:19:29Z,2026-08-12T08:00:00Z,69.7,0.0,50.0,0.0,-50.0,50.0
2-3 дня,2026-08-09T10:19:29Z,2026-08-12T09:00:00Z,70.7,0.0,25.0,0.0,-25.0,25.0
2-3 дня,2026-08-09T10:19:29Z,2026-08-12T10:00:00Z,71.7,0.0,25.0,0.0,-25.0,25.0
2-3 дня,2026-08-09T12:41:38Z,2026-08-11T13:00:00Z,48.3,0.0,0.0,0.0,0.0,0.0
2-3 дня,2026-08-09T12:41:38Z,2026-08-11T14:00:00Z,49.3,0.0,0.0,0.0,0.0,0.0
2-3 дня,2026-08-09T12:41:38Z,2026-08-11T15:00:00Z,50.3,0.0,0.0,0.0,0.0,0.0
2-3 дня,2026-08-09T12:41:38Z,2026-08-11T16:00:00Z,51.3,0.0,0.0,0.0,0.0,0.0
2-3 дня,2026-08-09T12:41:38Z,2026-08-11T17:00:00Z,52.3,0.0,0.0,0.0,0.0,0.0
2-3 дня,2026-08-09T12:41:38Z,2026-08-11T18:00:00Z,53.3,0.0,0.0,0.0,0.0,0.0
2-3 дня,2026-08-09T12:41:38Z,2026-08-12T06:00:00Z,65.3,0.0,75.0,0.0,-75.0,75.0
2-3 дня,2026-08-09T12:41:38Z,2026-08-12T07:00:00Z,66.3,0.0,75.0,0.0,-75.0,75.0
2-3 дня,2026-08-09T12:41:38Z,2026-08-12T08:00:00Z,67.3,0.0,50.0,0.0,-50.0,50.0
2-3 дня,2026-08-09T12:41:38Z,2026-08-12T09:00:00Z,68.3,0.0,25.0,0.0,-25.0,25.0
2-3 дня,2026-08-09T12:41:38Z,2026-08-12T10:00:00Z,69.3,0.0,25.0,0.0,-25.0,25.0
2-3 дня,2026-08-09T12:41:38Z,2026-08-12T11:00:00Z,70.3,0.0,12.5,0.0,-12.5,12.5
2-3 дня,2026-08-09T12:41:38Z,2026-08-12T12:00:00Z,71.3,0.0,12.5,0.0,-12.5,12.5
2-3 дня,2026-08-09T12:45:53Z,2026-08-11T13:00:00Z,48.2,0.0,0.0,0.0,0.0,0.0
2-3 дня,2026-08-09T12:45:53Z,2026-08-11T14:00:00Z,49.2,0.0,0.0,0.0,0.0,0.0
2-3 дня,2026-08-09T12:45:53Z,2026-08-11T15:00:00Z,50.2,0.0,0.0,0.0,0.0,0.0
2-3 дня,2026-08-09T12:45:53Z,2026-08-11T16:00:00Z,51.2,0.0,0.0,0.0,0.0,0.0
2-3 дня,2026-08-09T12:45:53Z,2026-08-11T17:00:00Z,52.2,0.0,0.0,0.0,0.0,0.0
2-3 дня,2026-08-09T12:45:53Z,2026-08-11T18:00:00Z,53.2,0.0,0.0,0.0,0.0,0.0
2-3 дня,2026-08-09T12:45:53Z,2026-08-12T06:00:00Z,65.2,0.0,75.0,0.0,-75.0,75.0
2-3 дня,2026-08-09T12:45:53Z,2026-08-12T07:00:00Z,66.2,0.0,75.0,0.0,-75.0,75.0
2-3 дня,2026-08-09T12:45:53Z,2026-08-12T08:00:00Z,67.2,0.0,50.0,0.0,-50.0,50.0
2-3 дня,2026-08-09T12:45:53Z,2026-08-12T09:00:00Z,68.2,0.0,25.0,0.0,-25.0,25.0
2-3 дня,2026-08-09T12:45:53Z,2026-08-12T10:00:00Z,69.2,0.0,25.0,0.0,-25.0,25.0
2-3 дня,2026-08-09T12:45:53Z,2026-08-12T11:00:00Z,70.2,0.0,12.5,0.0,-12.5,12.5
2-3 дня,2026-08-09T12:45:53Z,2026-08-12T12:00:00Z,71.2,0.0,12.5,0.0,-12.5,12.5
2-3 дня,2026-08-09T12:48:15Z,2026-08-11T13:00:00Z,48.2,0.0,0.0,0.0,0.0,0.0
2-3 дня,2026-08-09T12:48:15Z,2026-08-11T14:00:00Z,49.2,0.0,0.0,0.0,0.0,0.0
2-3 дня,2026-08-09T12:48:15Z,2026-08-11T15:00:00Z,50.2,0.0,0.0,0.0,0.0,0.0
2-3 дня,2026-08-09T12:48:15Z,2026-08-11T16:00:00Z,51.2,0.0,0.0,0.0,0.0,0.0
2-3 дня,2026-08-09T12:48:15Z,2026-08-11T17:00:00Z,52.2,0.0,0.0,0.0,0.0,0.0
2-3 дня,2026-08-09T12:48:15Z,2026-08-11T18:00:00Z,53.2,0.0,0.0,0.0,0.0,0.0
2-3 дня,2026-08-09T12:48:15Z,2026-08-12T06:00:00Z,65.2,0.0,75.0,0.0,-75.0,75.0
2-3 дня,2026-08-09T12:48:15Z,2026-08-12T07:00:00Z,66.2,0.0,75.0,0.0,-75.0,75.0
2-3 дня,2026-08-09T12:48:15Z,2026-08-12T08:00:00Z,67.2,0.0,50.0,0.0,-50.0,50.0
2-3 дня,2026-08-09T12:48:15Z,2026-08-12T09:00:00Z,68.2,0.0,25.0,0.0,-25.0,25.0
2-3 дня,2026-08-09T12:48:15Z,2026-08-12T10:00:00Z,69.2,0.0,25.0,0.0,-25.0,25.0
2-3 дня,2026-08-09T12:48:15Z,2026-08-12T11:00:00Z,70.2,0.0,12.5,0.0,-12.5,12.5
2-3 дня,2026-08-09T12:48:15Z,2026-08-12T12:00:00Z,71.2,0.0,12.5,0.0,-12.5,12.5
2-3 дня,2026-08-09T16:31:44Z,2026-08-11T17:00:00Z,48.5,0.0,0.0,0.0,0.0,0.0
2-3 дня,2026-08-09T16:31:44Z,2026-08-11T18:00:00Z,49.5,0.0,0.0,0.0,0.0,0.0
2-3 дня,2026-08-09T16:31:44Z,2026-08-12T06:00:00Z,61.5,0.0,75.0,0.0,-75.0,75.0
2-3 дня,2026-08-09T16:31:44Z,2026-08-12T07:00:00Z,62.5,0.0,75.0,0.0,-75.0,75.0
2-3 дня,2026-08-09T16:31:44Z,2026-08-12T08:00:00Z,63.5,0.0,50.0,0.0,-50.0,50.0
2-3 дня,2026-08-09T16:31:44Z,2026-08-12T09:00:00Z,64.5,0.0,25.0,0.0,-25.0,25.0
2-3 дня,2026-08-09T16:31:44Z,2026-08-12T10:00:00Z,65.5,0.0,25.0,0.0,-25.0,25.0
2-3 дня,2026-08-09T16:31:44Z,2026-08-12T11:00:00Z,66.5,0.0,12.5,0.0,-12.5,12.5
2-3 дня,2026-08-09T16:31:44Z,2026-08-12T12:00:00Z,67.5,0.0,12.5,0.0,-12.5,12.5
2-3 дня,2026-08-09T16:31:44Z,2026-08-12T13:00:00Z,68.5,0.0,0.0,0.0,0.0,0.0
2-3 дня,2026-08-09T16:31:44Z,2026-08-12T14:00:00Z,69.5,0.0,0.0,0.0,0.0,0.0
2-3 дня,2026-08-09T16:31:44Z,2026-08-12T15:00:00Z,70.5,0.0,0.0,0.0,0.0,0.0
2-3 дня,2026-08-09T16:31:44Z,2026-08-12T16:00:00Z,71.5,0.0,0.0,0.0,0.0,0.0
2-3 дня,2026-08-09T22:39:09Z,2026-08-12T06:00:00Z,55.3,24.0,75.0,0.0,-51.0,51.0
2-3 дня,2026-08-09T22:39:09Z,2026-08-12T07:00:00Z,56.3,0.0,75.0,0.0,-75.0,75.0
2-3 дня,2026-08-09T22:39:09Z,2026-08-12T08:00:00Z,57.3,0.0,50.0,0.0,-50.0,50.0
2-3 дня,2026-08-09T22:39:09Z,2026-08-12T09:00:00Z,58.3,0.0,25.0,0.0,-25.0,25.0
2-3 дня,2026-08-09T22:39:09Z,2026-08-12T10:00:00Z,59.3,0.0,25.0,0.0,-25.0,25.0
2-3 дня,2026-08-09T22:39:09Z,2026-08-12T11:00:00Z,60.3,20.0,12.5,0.0,7.5,7.5
2-3 дня,2026-08-09T22:39:09Z,2026-08-12T12:00:00Z,61.3,0.0,12.5,0.0,-12.5,12.5
2-3 дня,2026-08-09T22:39:09Z,2026-08-12T13:00:00Z,62.3,12.0,0.0,0.0,12.0,12.0
2-3 дня,2026-08-09T22:39:09Z,2026-08-12T14:00:00Z,63.3,24.0,0.0,0.0,24.0,24.0
2-3 дня,2026-08-09T22:39:09Z,2026-08-12T15:00:00Z,64.3,48.0,0.0,0.0,48.0,48.0
2-3 дня,2026-08-09T22:39:09Z,2026-08-12T16:00:00Z,65.3,24.0,0.0,0.0,24.0,24.0
2-3 дня,2026-08-09T22:39:09Z,2026-08-12T17:00:00Z,66.3,0.0,0.0,0.0,0.0,0.0
2-3 дня,2026-08-09T22:39:09Z,2026-08-12T18:00:00Z,67.3,0.0,0.0,0.0,0.0,0.0
2-3 дня,2026-08-10T05:20:42Z,2026-08-12T06:00:00Z,48.7,24.0,75.0,0.0,-51.0,51.0
2-3 дня,2026-08-10T05:20:42Z,2026-08-12T07:00:00Z,49.7,0.0,75.0,0.0,-75.0,75.0
2-3 дня,2026-08-10T05:20:42Z,2026-08-12T08:00:00Z,50.7,0.0,50.0,0.0,-50.0,50.0
2-3 дня,2026-08-10T05:20:42Z,2026-08-12T09:00:00Z,51.7,0.0,25.0,0.0,-25.0,25.0
2-3 дня,2026-08-10T05:20:42Z,2026-08-12T10:00:00Z,52.7,0.0,25.0,0.0,-25.0,25.0
2-3 дня,2026-08-10T05:20:42Z,2026-08-12T11:00:00Z,53.7,20.0,12.5,0.0,7.5,7.5
2-3 дня,2026-08-10T05:20:42Z,2026-08-12T12:00:00Z,54.7,0.0,12.5,0.0,-12.5,12.5
2-3 дня,2026-08-10T05:20:42Z,2026-08-12T13:00:00Z,55.7,12.0,0.0,0.0,12.0,12.0
2-3 дня,2026-08-10T05:20:42Z,2026-08-12T14:00:00Z,56.7,24.0,0.0,0.0,24.0,24.0
2-3 дня,2026-08-10T05:20:42Z,2026-08-12T15:00:00Z,57.7,48.0,0.0,0.0,48.0,48.0
2-3 дня,2026-08-10T05:20:42Z,2026-08-12T16:00:00Z,58.7,24.0,0.0,0.0,24.0,24.0
2-3 дня,2026-08-10T05:20:42Z,2026-08-12T17:00:00Z,59.7,0.0,0.0,0.0,0.0,0.0
2-3 дня,2026-08-10T05:20:42Z,2026-08-12T18:00:00Z,60.7,0.0,0.0,0.0,0.0,0.0
2-3 дня,2026-08-10T10:53:28Z,2026-08-12T11:00:00Z,48.1,0.0,12.5,0.0,-12.5,12.5
2-3 дня,2026-08-10T10:53:28Z,2026-08-12T12:00:00Z,49.1,0.0,12.5,0.0,-12.5,12.5
2-3 дня,2026-08-10T10:53:28Z,2026-08-12T13:00:00Z,50.1,0.0,0.0,0.0,0.0,0.0
2-3 дня,2026-08-10T10:53:28Z,2026-08-12T14:00:00Z,51.1,0.0,0.0,0.0,0.0,0.0
2-3 дня,2026-08-10T10:53:28Z,2026-08-12T15:00:00Z,52.1,0.0,0.0,0.0,0.0,0.0
2-3 дня,2026-08-10T10:53:28Z,2026-08-12T16:00:00Z,53.1,0.0,0.0,0.0,0.0,0.0
2-3 дня,2026-08-10T10:53:28Z,2026-08-12T17:00:00Z,54.1,0.0,0.0,0.0,0.0,0.0
2-3 дня,2026-08-10T10:53:28Z,2026-08-12T18:00:00Z,55.1,0.0,0.0,0.0,0.0,0.0
2-3 дня,2026-08-10T10:53:28Z,2026-08-13T06:00:00Z,67.1,0.0,0.0,75.0,0.0,0.0
2-3 дня,2026-08-10T10:53:28Z,2026-08-13T07:00:00Z,68.1,0.0,0.0,75.0,0.0,0.0
2-3 дня,2026-08-10T10:53:28Z,2026-08-13T08:00:00Z,69.1,0.0,0.0,50.0,0.0,0.0
2-3 дня,2026-08-10T10:53:28Z,2026-08-13T09:00:00Z,70.1,0.0,0.0,25.0,0.0,0.0
2-3 дня,2026-08-10T10:53:28Z,2026-08-13T10:00:00Z,71.1,0.0,0.0,25.0,0.0,0.0
2-3 дня,2026-08-10T16:52:05Z,2026-08-12T17:00:00Z,48.1,0.0,0.0,0.0,0.0,0.0
2-3 дня,2026-08-10T16:52:05Z,2026-08-12T18:00:00Z,49.1,0.0,0.0,0.0,0.0,0.0
2-3 дня,2026-08-10T16:52:05Z,2026-08-13T06:00:00Z,61.1,0.0,0.0,75.0,0.0,0.0
2-3 дня,2026-08-10T16:52:05Z,2026-08-13T07:00:00Z,62.1,0.0,0.0,75.0,0.0,0.0
2-3 дня,2026-08-10T16:52:05Z,2026-08-13T08:00:00Z,63.1,0.0,0.0,50.0,0.0,0.0
2-3 дня,2026-08-10T16:52:05Z,2026-08-13T09:00:00Z,64.1,0.0,0.0,25.0,0.0,0.0
2-3 дня,2026-08-10T16:52:05Z,2026-08-13T10:00:00Z,65.1,0.0,0.0,25.0,0.0,0.0
2-3 дня,2026-08-10T22:47:13Z,2026-08-13T06:00:00Z,55.2,0.0,0.0,75.0,0.0,0.0
2-3 дня,2026-08-10T22:47:13Z,2026-08-13T07:00:00Z,56.2,0.0,0.0,75.0,0.0,0.0
2-3 дня,2026-08-10T22:47:13Z,2026-08-13T08:00:00Z,57.2,0.0,0.0,50.0,0.0,0.0
2-3 дня,2026-08-10T22:47:13Z,2026-08-13T09:00:00Z,58.2,0.0,0.0,25.0,0.0,0.0
2-3 дня,2026-08-10T22:47:13Z,2026-08-13T10:00:00Z,59.2,0.0,0.0,25.0,0.0,0.0
2-3 дня,2026-08-11T05:01:49Z,2026-08-13T06:00:00Z,49.0,0.0,0.0,75.0,0.0,0.0
2-3 дня,2026-08-11T05:01:49Z,2026-08-13T07:00:00Z,50.0,0.0,0.0,75.0,0.0,0.0
2-3 дня,2026-08-11T05:01:49Z,2026-08-13T08:00:00Z,51.0,0.0,0.0,50.0,0.0,0.0
2-3 дня,2026-08-11T05:01:49Z,2026-08-13T09:00:00Z,52.0,0.0,0.0,25.0,0.0,0.0
2-3 дня,2026-08-11T05:01:49Z,2026-08-13T10:00:00Z,53.0,0.0,0.0,25.0,0.0,0.0
3-5 дней,2026-08-06T09:50:07Z,2026-08-09T10:00:00Z,72.2,0.0,0.0,0.0,0.0,0.0
3-5 дней,2026-08-06T09:50:07Z,2026-08-09T11:00:00Z,73.2,0.0,0.0,12.5,0.0,0.0
3-5 дней,2026-08-06T09:50:07Z,2026-08-09T12:00:00Z,74.2,0.0,12.5,12.5,-12.5,12.5
3-5 дней,2026-08-06T09:50:07Z,2026-08-09T13:00:00Z,75.2,0.0,12.5,12.5,-12.5,12.5
3-5 дней,2026-08-06T09:50:07Z,2026-08-09T14:00:00Z,76.2,0.0,0.0,12.5,0.0,0.0
3-5 дней,2026-08-06T09:50:07Z,2026-08-09T15:00:00Z,77.2,0.0,0.0,12.5,0.0,0.0
3-5 дней,2026-08-06T09:50:07Z,2026-08-09T16:00:00Z,78.2,0.0,0.0,0.0,0.0,0.0
3-5 дней,2026-08-06T09:50:07Z,2026-08-09T17:00:00Z,79.2,0.0,0.0,0.0,0.0,0.0
3-5 дней,2026-08-06T09:50:07Z,2026-08-09T18:00:00Z,80.2,0.0,0.0,0.0,0.0,0.0
3-5 дней,2026-08-06T09:50:07Z,2026-08-10T06:00:00Z,92.2,0.0,0.0,0.0,0.0,0.0
3-5 дней,2026-08-06T09:50:07Z,2026-08-10T07:00:00Z,93.2,0.0,0.0,0.0,0.0,0.0
3-5 дней,2026-08-06T09:50:07Z,2026-08-10T08:00:00Z,94.2,0.0,0.0,0.0,0.0,0.0
3-5 дней,2026-08-06T09:50:07Z,2026-08-10T09:00:00Z,95.2,0.0,0.0,0.0,0.0,0.0
3-5 дней,2026-08-06T09:50:07Z,2026-08-10T10:00:00Z,96.2,0.0,0.0,0.0,0.0,0.0
3-5 дней,2026-08-06T09:50:07Z,2026-08-10T11:00:00Z,97.2,0.0,12.5,0.0,-12.5,12.5
3-5 дней,2026-08-06T09:50:07Z,2026-08-10T12:00:00Z,98.2,0.0,0.0,12.5,0.0,0.0
3-5 дней,2026-08-06T09:50:07Z,2026-08-10T13:00:00Z,99.2,0.0,0.0,12.5,0.0,0.0
3-5 дней,2026-08-06T09:50:07Z,2026-08-10T14:00:00Z,100.2,0.0,0.0,0.0,0.0,0.0
3-5 дней,2026-08-06T09:50:07Z,2026-08-10T15:00:00Z,101.2,0.0,0.0,0.0,0.0,0.0
3-5 дней,2026-08-06T09:50:07Z,2026-08-10T16:00:00Z,102.2,0.0,0.0,0.0,0.0,0.0
3-5 дней,2026-08-06T09:50:07Z,2026-08-10T17:00:00Z,103.2,0.0,0.0,0.0,0.0,0.0
3-5 дней,2026-08-06T09:50:07Z,2026-08-10T18:00:00Z,104.2,0.0,0.0,0.0,0.0,0.0
3-5 дней,2026-08-06T09:50:07Z,2026-08-11T06:00:00Z,116.2,0.0,0.0,0.0,0.0,0.0
3-5 дней,2026-08-06T09:50:07Z,2026-08-11T07:00:00Z,117.2,0.0,0.0,0.0,0.0,0.0
3-5 дней,2026-08-06T09:50:07Z,2026-08-11T08:00:00Z,118.2,0.0,0.0,0.0,0.0,0.0
3-5 дней,2026-08-06T09:50:07Z,2026-08-11T09:00:00Z,119.2,0.0,0.0,0.0,0.0,0.0
3-5 дней,2026-08-06T09:59:18Z,2026-08-09T10:00:00Z,72.0,0.0,0.0,0.0,0.0,0.0
3-5 дней,2026-08-06T09:59:18Z,2026-08-09T11:00:00Z,73.0,0.0,0.0,12.5,0.0,0.0
3-5 дней,2026-08-06T09:59:18Z,2026-08-09T12:00:00Z,74.0,0.0,12.5,12.5,-12.5,12.5
3-5 дней,2026-08-06T09:59:18Z,2026-08-09T13:00:00Z,75.0,0.0,12.5,12.5,-12.5,12.5
3-5 дней,2026-08-06T09:59:18Z,2026-08-09T14:00:00Z,76.0,0.0,0.0,12.5,0.0,0.0
3-5 дней,2026-08-06T09:59:18Z,2026-08-09T15:00:00Z,77.0,0.0,0.0,12.5,0.0,0.0
3-5 дней,2026-08-06T09:59:18Z,2026-08-09T16:00:00Z,78.0,0.0,0.0,0.0,0.0,0.0
3-5 дней,2026-08-06T09:59:18Z,2026-08-09T17:00:00Z,79.0,0.0,0.0,0.0,0.0,0.0
3-5 дней,2026-08-06T09:59:18Z,2026-08-09T18:00:00Z,80.0,0.0,0.0,0.0,0.0,0.0
3-5 дней,2026-08-06T09:59:18Z,2026-08-10T06:00:00Z,92.0,0.0,0.0,0.0,0.0,0.0
3-5 дней,2026-08-06T09:59:18Z,2026-08-10T07:00:00Z,93.0,0.0,0.0,0.0,0.0,0.0
3-5 дней,2026-08-06T09:59:18Z,2026-08-10T08:00:00Z,94.0,0.0,0.0,0.0,0.0,0.0
3-5 дней,2026-08-06T09:59:18Z,2026-08-10T09:00:00Z,95.0,0.0,0.0,0.0,0.0,0.0
3-5 дней,2026-08-06T09:59:18Z,2026-08-10T10:00:00Z,96.0,0.0,0.0,0.0,0.0,0.0
3-5 дней,2026-08-06T09:59:18Z,2026-08-10T11:00:00Z,97.0,0.0,12.5,0.0,-12.5,12.5
3-5 дней,2026-08-06T09:59:18Z,2026-08-10T12:00:00Z,98.0,0.0,0.0,12.5,0.0,0.0
3-5 дней,2026-08-06T09:59:18Z,2026-08-10T13:00:00Z,99.0,0.0,0.0,12.5,0.0,0.0
3-5 дней,2026-08-06T09:59:18Z,2026-08-10T14:00:00Z,100.0,0.0,0.0,0.0,0.0,0.0
3-5 дней,2026-08-06T09:59:18Z,2026-08-10T15:00:00Z,101.0,0.0,0.0,0.0,0.0,0.0
3-5 дней,2026-08-06T09:59:18Z,2026-08-10T16:00:00Z,102.0,0.0,0.0,0.0,0.0,0.0
3-5 дней,2026-08-06T09:59:18Z,2026-08-10T17:00:00Z,103.0,0.0,0.0,0.0,0.0,0.0
3-5 дней,2026-08-06T09:59:18Z,2026-08-10T18:00:00Z,104.0,0.0,0.0,0.0,0.0,0.0
3-5 дней,2026-08-06T09:59:18Z,2026-08-11T06:00:00Z,116.0,0.0,0.0,0.0,0.0,0.0
3-5 дней,2026-08-06T09:59:18Z,2026-08-11T07:00:00Z,117.0,0.0,0.0,0.0,0.0,0.0
3-5 дней,2026-08-06T09:59:18Z,2026-08-11T08:00:00Z,118.0,0.0,0.0,0.0,0.0,0.0
3-5 дней,2026-08-06T09:59:18Z,2026-08-11T09:00:00Z,119.0,0.0,0.0,0.0,0.0,0.0
3-5 дней,2026-08-06T10:08:26Z,2026-08-09T11:00:00Z,72.9,0.0,0.0,12.5,0.0,0.0
3-5 дней,2026-08-06T10:08:26Z,2026-08-09T12:00:00Z,73.9,0.0,12.5,12.5,-12.5,12.5
3-5 дней,2026-08-06T10:08:26Z,2026-08-09T13:00:00Z,74.9,0.0,12.5,12.5,-12.5,12.5
3-5 дней,2026-08-06T10:08:26Z,2026-08-09T14:00:00Z,75.9,0.0,0.0,12.5,0.0,0.0
3-5 дней,2026-08-06T10:08:26Z,2026-08-09T15:00:00Z,76.9,0.0,0.0,12.5,0.0,0.0
3-5 дней,2026-08-06T10:08:26Z,2026-08-09T16:00:00Z,77.9,0.0,0.0,0.0,0.0,0.0
3-5 дней,2026-08-06T10:08:26Z,2026-08-09T17:00:00Z,78.9,0.0,0.0,0.0,0.0,0.0
3-5 дней,2026-08-06T10:08:26Z,2026-08-09T18:00:00Z,79.9,0.0,0.0,0.0,0.0,0.0
3-5 дней,2026-08-06T10:08:26Z,2026-08-10T06:00:00Z,91.9,0.0,0.0,0.0,0.0,0.0
3-5 дней,2026-08-06T10:08:26Z,2026-08-10T07:00:00Z,92.9,0.0,0.0,0.0,0.0,0.0
3-5 дней,2026-08-06T10:08:26Z,2026-08-10T08:00:00Z,93.9,0.0,0.0,0.0,0.0,0.0
3-5 дней,2026-08-06T10:08:26Z,2026-08-10T09:00:00Z,94.9,0.0,0.0,0.0,0.0,0.0
3-5 дней,2026-08-06T10:08:26Z,2026-08-10T10:00:00Z,95.9,0.0,0.0,0.0,0.0,0.0
3-5 дней,2026-08-06T10:08:26Z,2026-08-10T11:00:00Z,96.9,0.0,12.5,0.0,-12.5,12.5
3-5 дней,2026-08-06T10:08:26Z,2026-08-10T12:00:00Z,97.9,0.0,0.0,12.5,0.0,0.0
3-5 дней,2026-08-06T10:08:26Z,2026-08-10T13:00:00Z,98.9,0.0,0.0,12.5,0.0,0.0
3-5 дней,2026-08-06T10:08:26Z,2026-08-10T14:00:00Z,99.9,0.0,0.0,0.0,0.0,0.0
3-5 дней,2026-08-06T10:08:26Z,2026-08-10T15:00:00Z,100.9,0.0,0.0,0.0,0.0,0.0
3-5 дней,2026-08-06T10:08:26Z,2026-08-10T16:00:00Z,101.9,0.0,0.0,0.0,0.0,0.0
3-5 дней,2026-08-06T10:08:26Z,2026-08-10T17:00:00Z,102.9,0.0,0.0,0.0,0.0,0.0
3-5 дней,2026-08-06T10:08:26Z,2026-08-10T18:00:00Z,103.9,0.0,0.0,0.0,0.0,0.0
3-5 дней,2026-08-06T10:08:26Z,2026-08-11T06:00:00Z,115.9,0.0,0.0,0.0,0.0,0.0
3-5 дней,2026-08-06T10:08:26Z,2026-08-11T07:00:00Z,116.9,0.0,0.0,0.0,0.0,0.0
3-5 дней,2026-08-06T10:08:26Z,2026-08-11T08:00:00Z,117.9,0.0,0.0,0.0,0.0,0.0
3-5 дней,2026-08-06T10:08:26Z,2026-08-11T09:00:00Z,118.9,0.0,0.0,0.0,0.0,0.0
3-5 дней,2026-08-06T10:08:26Z,2026-08-11T10:00:00Z,119.9,0.0,0.0,0.0,0.0,0.0
3-5 дней,2026-08-06T10:47:54Z,2026-08-09T11:00:00Z,72.2,0.0,0.0,12.5,0.0,0.0
3-5 дней,2026-08-06T10:47:54Z,2026-08-09T12:00:00Z,73.2,0.0,12.5,12.5,-12.5,12.5
3-5 дней,2026-08-06T10:47:54Z,2026-08-09T13:00:00Z,74.2,0.0,12.5,12.5,-12.5,12.5
3-5 дней,2026-08-06T10:47:54Z,2026-08-09T14:00:00Z,75.2,0.0,0.0,12.5,0.0,0.0
3-5 дней,2026-08-06T10:47:54Z,2026-08-09T15:00:00Z,76.2,0.0,0.0,12.5,0.0,0.0
3-5 дней,2026-08-06T10:47:54Z,2026-08-09T16:00:00Z,77.2,0.0,0.0,0.0,0.0,0.0
3-5 дней,2026-08-06T10:47:54Z,2026-08-09T17:00:00Z,78.2,0.0,0.0,0.0,0.0,0.0
3-5 дней,2026-08-06T10:47:54Z,2026-08-09T18:00:00Z,79.2,0.0,0.0,0.0,0.0,0.0
3-5 дней,2026-08-06T10:47:54Z,2026-08-10T06:00:00Z,91.2,0.0,0.0,0.0,0.0,0.0
3-5 дней,2026-08-06T10:47:54Z,2026-08-10T07:00:00Z,92.2,0.0,0.0,0.0,0.0,0.0
3-5 дней,2026-08-06T10:47:54Z,2026-08-10T08:00:00Z,93.2,0.0,0.0,0.0,0.0,0.0
3-5 дней,2026-08-06T10:47:54Z,2026-08-10T09:00:00Z,94.2,0.0,0.0,0.0,0.0,0.0
3-5 дней,2026-08-06T10:47:54Z,2026-08-10T10:00:00Z,95.2,0.0,0.0,0.0,0.0,0.0
3-5 дней,2026-08-06T10:47:54Z,2026-08-10T11:00:00Z,96.2,0.0,12.5,0.0,-12.5,12.5
3-5 дней,2026-08-06T10:47:54Z,2026-08-10T12:00:00Z,97.2,0.0,0.0,12.5,0.0,0.0
3-5 дней,2026-08-06T10:47:54Z,2026-08-10T13:00:00Z,98.2,0.0,0.0,12.5,0.0,0.0
3-5 дней,2026-08-06T10:47:54Z,2026-08-10T14:00:00Z,99.2,0.0,0.0,0.0,0.0,0.0
3-5 дней,2026-08-06T10:47:54Z,2026-08-10T15:00:00Z,100.2,0.0,0.0,0.0,0.0,0.0
3-5 дней,2026-08-06T10:47:54Z,2026-08-10T16:00:00Z,101.2,0.0,0.0,0.0,0.0,0.0
3-5 дней,2026-08-06T10:47:54Z,2026-08-10T17:00:00Z,102.2,0.0,0.0,0.0,0.0,0.0
3-5 дней,2026-08-06T10:47:54Z,2026-08-10T18:00:00Z,103.2,0.0,0.0,0.0,0.0,0.0
3-5 дней,2026-08-06T10:47:54Z,2026-08-11T06:00:00Z,115.2,0.0,0.0,0.0,0.0,0.0
3-5 дней,2026-08-06T10:47:54Z,2026-08-11T07:00:00Z,116.2,0.0,0.0,0.0,0.0,0.0
3-5 дней,2026-08-06T10:47:54Z,2026-08-11T08:00:00Z,117.2,0.0,0.0,0.0,0.0,0.0
3-5 дней,2026-08-06T10:47:54Z,2026-08-11T09:00:00Z,118.2,0.0,0.0,0.0,0.0,0.0
3-5 дней,2026-08-06T10:47:54Z,2026-08-11T10:00:00Z,119.2,0.0,0.0,0.0,0.0,0.0
3-5 дней,2026-08-06T11:30:42Z,2026-08-09T12:00:00Z,72.5,0.0,12.5,12.5,-12.5,12.5
3-5 дней,2026-08-06T11:30:42Z,2026-08-09T13:00:00Z,73.5,0.0,12.5,12.5,-12.5,12.5
3-5 дней,2026-08-06T11:30:42Z,2026-08-09T14:00:00Z,74.5,0.0,0.0,12.5,0.0,0.0
3-5 дней,2026-08-06T11:30:42Z,2026-08-09T15:00:00Z,75.5,0.0,0.0,12.5,0.0,0.0
3-5 дней,2026-08-06T11:30:42Z,2026-08-09T16:00:00Z,76.5,0.0,0.0,0.0,0.0,0.0
3-5 дней,2026-08-06T11:30:42Z,2026-08-09T17:00:00Z,77.5,0.0,0.0,0.0,0.0,0.0
3-5 дней,2026-08-06T11:30:42Z,2026-08-09T18:00:00Z,78.5,0.0,0.0,0.0,0.0,0.0
3-5 дней,2026-08-06T11:30:42Z,2026-08-10T06:00:00Z,90.5,0.0,0.0,0.0,0.0,0.0
3-5 дней,2026-08-06T11:30:42Z,2026-08-10T07:00:00Z,91.5,0.0,0.0,0.0,0.0,0.0
3-5 дней,2026-08-06T11:30:42Z,2026-08-10T08:00:00Z,92.5,0.0,0.0,0.0,0.0,0.0
3-5 дней,2026-08-06T11:30:42Z,2026-08-10T09:00:00Z,93.5,0.0,0.0,0.0,0.0,0.0
3-5 дней,2026-08-06T11:30:42Z,2026-08-10T10:00:00Z,94.5,0.0,0.0,0.0,0.0,0.0
3-5 дней,2026-08-06T11:30:42Z,2026-08-10T11:00:00Z,95.5,0.0,12.5,0.0,-12.5,12.5
3-5 дней,2026-08-06T11:30:42Z,2026-08-10T12:00:00Z,96.5,0.0,0.0,12.5,0.0,0.0
3-5 дней,2026-08-06T11:30:42Z,2026-08-10T13:00:00Z,97.5,0.0,0.0,12.5,0.0,0.0
3-5 дней,2026-08-06T11:30:42Z,2026-08-10T14:00:00Z,98.5,0.0,0.0,0.0,0.0,0.0
3-5 дней,2026-08-06T11:30:42Z,2026-08-10T15:00:00Z,99.5,0.0,0.0,0.0,0.0,0.0
3-5 дней,2026-08-06T11:30:42Z,2026-08-10T16:00:00Z,100.5,0.0,0.0,0.0,0.0,0.0
3-5 дней,2026-08-06T11:30:42Z,2026-08-10T17:00:00Z,101.5,0.0,0.0,0.0,0.0,0.0
3-5 дней,2026-08-06T11:30:42Z,2026-08-10T18:00:00Z,102.5,0.0,0.0,0.0,0.0,0.0
3-5 дней,2026-08-06T11:30:42Z,2026-08-11T06:00:00Z,114.5,0.0,0.0,0.0,0.0,0.0
3-5 дней,2026-08-06T11:30:42Z,2026-08-11T07:00:00Z,115.5,0.0,0.0,0.0,0.0,0.0
3-5 дней,2026-08-06T11:30:42Z,2026-08-11T08:00:00Z,116.5,0.0,0.0,0.0,0.0,0.0
3-5 дней,2026-08-06T11:30:42Z,2026-08-11T09:00:00Z,117.5,0.0,0.0,0.0,0.0,0.0
3-5 дней,2026-08-06T11:30:42Z,2026-08-11T10:00:00Z,118.5,0.0,0.0,0.0,0.0,0.0
3-5 дней,2026-08-06T11:30:42Z,2026-08-11T11:00:00Z,119.5,0.0,0.0,12.5,0.0,0.0
3-5 дней,2026-08-06T11:36:01Z,2026-08-09T12:00:00Z,72.4,0.0,12.5,12.5,-12.5,12.5
3-5 дней,2026-08-06T11:36:01Z,2026-08-09T13:00:00Z,73.4,0.0,12.5,12.5,-12.5,12.5
3-5 дней,2026-08-06T11:36:01Z,2026-08-09T14:00:00Z,74.4,0.0,0.0,12.5,0.0,0.0
3-5 дней,2026-08-06T11:36:01Z,2026-08-09T15:00:00Z,75.4,0.0,0.0,12.5,0.0,0.0
3-5 дней,2026-08-06T11:36:01Z,2026-08-09T16:00:00Z,76.4,0.0,0.0,0.0,0.0,0.0
3-5 дней,2026-08-06T11:36:01Z,2026-08-09T17:00:00Z,77.4,0.0,0.0,0.0,0.0,0.0
3-5 дней,2026-08-06T11:36:01Z,2026-08-09T18:00:00Z,78.4,0.0,0.0,0.0,0.0,0.0
3-5 дней,2026-08-06T11:36:01Z,2026-08-10T06:00:00Z,90.4,0.0,0.0,0.0,0.0,0.0
3-5 дней,2026-08-06T11:36:01Z,2026-08-10T07:00:00Z,91.4,0.0,0.0,0.0,0.0,0.0
3-5 дней,2026-08-06T11:36:01Z,2026-08-10T08:00:00Z,92.4,0.0,0.0,0.0,0.0,0.0
3-5 дней,2026-08-06T11:36:01Z,2026-08-10T09:00:00Z,93.4,0.0,0.0,0.0,0.0,0.0
3-5 дней,2026-08-06T11:36:01Z,2026-08-10T10:00:00Z,94.4,0.0,0.0,0.0,0.0,0.0
3-5 дней,2026-08-06T11:36:01Z,2026-08-10T11:00:00Z,95.4,0.0,12.5,0.0,-12.5,12.5
3-5 дней,2026-08-06T11:36:01Z,2026-08-10T12:00:00Z,96.4,0.0,0.0,12.5,0.0,0.0
3-5 дней,2026-08-06T11:36:01Z,2026-08-10T13:00:00Z,97.4,0.0,0.0,12.5,0.0,0.0
3-5 дней,2026-08-06T11:36:01Z,2026-08-10T14:00:00Z,98.4,0.0,0.0,0.0,0.0,0.0
3-5 дней,2026-08-06T11:36:01Z,2026-08-10T15:00:00Z,99.4,0.0,0.0,0.0,0.0,0.0
3-5 дней,2026-08-06T11:36:01Z,2026-08-10T16:00:00Z,100.4,0.0,0.0,0.0,0.0,0.0
3-5 дней,2026-08-06T11:36:01Z,2026-08-10T17:00:00Z,101.4,0.0,0.0,0.0,0.0,0.0
3-5 дней,2026-08-06T11:36:01Z,2026-08-10T18:00:00Z,102.4,0.0,0.0,0.0,0.0,0.0
3-5 дней,2026-08-06T11:36:01Z,2026-08-11T06:00:00Z,114.4,0.0,0.0,0.0,0.0,0.0
3-5 дней,2026-08-06T11:36:01Z,2026-08-11T07:00:00Z,115.4,0.0,0.0,0.0,0.0,0.0
3-5 дней,2026-08-06T11:36:01Z,2026-08-11T08:00:00Z,116.4,0.0,0.0,0.0,0.0,0.0
3-5 дней,2026-08-06T11:36:01Z,2026-08-11T09:00:00Z,117.4,0.0,0.0,0.0,0.0,0.0
3-5 дней,2026-08-06T11:36:01Z,2026-08-11T10:00:00Z,118.4,0.0,0.0,0.0,0.0,0.0
3-5 дней,2026-08-06T11:36:01Z,2026-08-11T11:00:00Z,119.4,0.0,0.0,12.5,0.0,0.0
3-5 дней,2026-08-06T11:44:08Z,2026-08-09T12:00:00Z,72.3,0.0,12.5,12.5,-12.5,12.5
3-5 дней,2026-08-06T11:44:08Z,2026-08-09T13:00:00Z,73.3,0.0,12.5,12.5,-12.5,12.5
3-5 дней,2026-08-06T11:44:08Z,2026-08-09T14:00:00Z,74.3,0.0,0.0,12.5,0.0,0.0
3-5 дней,2026-08-06T11:44:08Z,2026-08-09T15:00:00Z,75.3,0.0,0.0,12.5,0.0,0.0
3-5 дней,2026-08-06T11:44:08Z,2026-08-09T16:00:00Z,76.3,0.0,0.0,0.0,0.0,0.0
3-5 дней,2026-08-06T11:44:08Z,2026-08-09T17:00:00Z,77.3,0.0,0.0,0.0,0.0,0.0
3-5 дней,2026-08-06T11:44:08Z,2026-08-09T18:00:00Z,78.3,0.0,0.0,0.0,0.0,0.0
3-5 дней,2026-08-06T11:44:08Z,2026-08-10T06:00:00Z,90.3,0.0,0.0,0.0,0.0,0.0
3-5 дней,2026-08-06T11:44:08Z,2026-08-10T07:00:00Z,91.3,0.0,0.0,0.0,0.0,0.0
3-5 дней,2026-08-06T11:44:08Z,2026-08-10T08:00:00Z,92.3,0.0,0.0,0.0,0.0,0.0
3-5 дней,2026-08-06T11:44:08Z,2026-08-10T09:00:00Z,93.3,0.0,0.0,0.0,0.0,0.0
3-5 дней,2026-08-06T11:44:08Z,2026-08-10T10:00:00Z,94.3,0.0,0.0,0.0,0.0,0.0
3-5 дней,2026-08-06T11:44:08Z,2026-08-10T11:00:00Z,95.3,0.0,12.5,0.0,-12.5,12.5
3-5 дней,2026-08-06T11:44:08Z,2026-08-10T12:00:00Z,96.3,0.0,0.0,12.5,0.0,0.0
3-5 дней,2026-08-06T11:44:08Z,2026-08-10T13:00:00Z,97.3,0.0,0.0,12.5,0.0,0.0
3-5 дней,2026-08-06T11:44:08Z,2026-08-10T14:00:00Z,98.3,0.0,0.0,0.0,0.0,0.0
3-5 дней,2026-08-06T11:44:08Z,2026-08-10T15:00:00Z,99.3,0.0,0.0,0.0,0.0,0.0
3-5 дней,2026-08-06T11:44:08Z,2026-08-10T16:00:00Z,100.3,0.0,0.0,0.0,0.0,0.0
3-5 дней,2026-08-06T11:44:08Z,2026-08-10T17:00:00Z,101.3,0.0,0.0,0.0,0.0,0.0
3-5 дней,2026-08-06T11:44:08Z,2026-08-10T18:00:00Z,102.3,0.0,0.0,0.0,0.0,0.0
3-5 дней,2026-08-06T11:44:08Z,2026-08-11T06:00:00Z,114.3,0.0,0.0,0.0,0.0,0.0
3-5 дней,2026-08-06T11:44:08Z,2026-08-11T07:00:00Z,115.3,0.0,0.0,0.0,0.0,0.0
3-5 дней,2026-08-06T11:44:08Z,2026-08-11T08:00:00Z,116.3,0.0,0.0,0.0,0.0,0.0
3-5 дней,2026-08-06T11:44:08Z,2026-08-11T09:00:00Z,117.3,0.0,0.0,0.0,0.0,0.0
3-5 дней,2026-08-06T11:44:08Z,2026-08-11T10:00:00Z,118.3,0.0,0.0,0.0,0.0,0.0
3-5 дней,2026-08-06T11:44:08Z,2026-08-11T11:00:00Z,119.3,0.0,0.0,12.5,0.0,0.0
3-5 дней,2026-08-07T01:31:32Z,2026-08-10T06:00:00Z,76.5,0.0,0.0,0.0,0.0,0.0
3-5 дней,2026-08-07T01:31:32Z,2026-08-10T07:00:00Z,77.5,0.0,0.0,0.0,0.0,0.0
3-5 дней,2026-08-07T01:31:32Z,2026-08-10T08:00:00Z,78.5,0.0,0.0,0.0,0.0,0.0
3-5 дней,2026-08-07T01:31:32Z,2026-08-10T09:00:00Z,79.5,0.0,0.0,0.0,0.0,0.0
3-5 дней,2026-08-07T01:31:32Z,2026-08-10T10:00:00Z,80.5,0.0,0.0,0.0,0.0,0.0
3-5 дней,2026-08-07T01:31:32Z,2026-08-10T11:00:00Z,81.5,0.0,12.5,0.0,-12.5,12.5
3-5 дней,2026-08-07T01:31:32Z,2026-08-10T12:00:00Z,82.5,0.0,0.0,12.5,0.0,0.0
3-5 дней,2026-08-07T01:31:32Z,2026-08-10T13:00:00Z,83.5,0.0,0.0,12.5,0.0,0.0
3-5 дней,2026-08-07T01:31:32Z,2026-08-10T14:00:00Z,84.5,0.0,0.0,0.0,0.0,0.0
3-5 дней,2026-08-07T01:31:32Z,2026-08-10T15:00:00Z,85.5,0.0,0.0,0.0,0.0,0.0
3-5 дней,2026-08-07T01:31:32Z,2026-08-10T16:00:00Z,86.5,0.0,0.0,0.0,0.0,0.0
3-5 дней,2026-08-07T01:31:32Z,2026-08-10T17:00:00Z,87.5,0.0,0.0,0.0,0.0,0.0
3-5 дней,2026-08-07T01:31:32Z,2026-08-10T18:00:00Z,88.5,0.0,0.0,0.0,0.0,0.0
3-5 дней,2026-08-07T01:31:32Z,2026-08-11T06:00:00Z,100.5,0.0,0.0,0.0,0.0,0.0
3-5 дней,2026-08-07T01:31:32Z,2026-08-11T07:00:00Z,101.5,0.0,0.0,0.0,0.0,0.0
3-5 дней,2026-08-07T01:31:32Z,2026-08-11T08:00:00Z,102.5,0.0,0.0,0.0,0.0,0.0
3-5 дней,2026-08-07T01:31:32Z,2026-08-11T09:00:00Z,103.5,0.0,0.0,0.0,0.0,0.0
3-5 дней,2026-08-07T01:31:32Z,2026-08-11T10:00:00Z,104.5,0.0,0.0,0.0,0.0,0.0
3-5 дней,2026-08-07T01:31:32Z,2026-08-11T11:00:00Z,105.5,0.0,0.0,12.5,0.0,0.0
3-5 дней,2026-08-07T01:31:32Z,2026-08-11T12:00:00Z,106.5,0.0,0.0,0.0,0.0,0.0
3-5 дней,2026-08-07T01:31:32Z,2026-08-11T13:00:00Z,107.5,5.0,0.0,0.0,5.0,5.0
3-5 дней,2026-08-07T01:31:32Z,2026-08-11T14:00:00Z,108.5,13.0,0.0,0.0,13.0,13.0
3-5 дней,2026-08-07T01:31:32Z,2026-08-11T15:00:00Z,109.5,20.0,0.0,0.0,20.0,20.0
3-5 дней,2026-08-07T01:31:32Z,2026-08-11T16:00:00Z,110.5,26.0,0.0,0.0,26.0,26.0
3-5 дней,2026-08-07T01:31:32Z,2026-08-11T17:00:00Z,111.5,32.0,0.0,0.0,32.0,32.0
3-5 дней,2026-08-07T01:31:32Z,2026-08-11T18:00:00Z,112.5,32.0,0.0,0.0,32.0,32.0
3-5 дней,2026-08-07T05:36:00Z,2026-08-10T06:00:00Z,72.4,0.0,0.0,0.0,0.0,0.0
3-5 дней,2026-08-07T05:36:00Z,2026-08-10T07:00:00Z,73.4,0.0,0.0,0.0,0.0,0.0
3-5 дней,2026-08-07T05:36:00Z,2026-08-10T08:00:00Z,74.4,0.0,0.0,0.0,0.0,0.0
3-5 дней,2026-08-07T05:36:00Z,2026-08-10T09:00:00Z,75.4,0.0,0.0,0.0,0.0,0.0
3-5 дней,2026-08-07T05:36:00Z,2026-08-10T10:00:00Z,76.4,0.0,0.0,0.0,0.0,0.0
3-5 дней,2026-08-07T05:36:00Z,2026-08-10T11:00:00Z,77.4,0.0,12.5,0.0,-12.5,12.5
3-5 дней,2026-08-07T05:36:00Z,2026-08-10T12:00:00Z,78.4,0.0,0.0,12.5,0.0,0.0
3-5 дней,2026-08-07T05:36:00Z,2026-08-10T13:00:00Z,79.4,0.0,0.0,12.5,0.0,0.0
3-5 дней,2026-08-07T05:36:00Z,2026-08-10T14:00:00Z,80.4,0.0,0.0,0.0,0.0,0.0
3-5 дней,2026-08-07T05:36:00Z,2026-08-10T15:00:00Z,81.4,0.0,0.0,0.0,0.0,0.0
3-5 дней,2026-08-07T05:36:00Z,2026-08-10T16:00:00Z,82.4,0.0,0.0,0.0,0.0,0.0
3-5 дней,2026-08-07T05:36:00Z,2026-08-10T17:00:00Z,83.4,0.0,0.0,0.0,0.0,0.0
3-5 дней,2026-08-07T05:36:00Z,2026-08-10T18:00:00Z,84.4,0.0,0.0,0.0,0.0,0.0
3-5 дней,2026-08-07T05:36:00Z,2026-08-11T06:00:00Z,96.4,0.0,0.0,0.0,0.0,0.0
3-5 дней,2026-08-07T05:36:00Z,2026-08-11T07:00:00Z,97.4,0.0,0.0,0.0,0.0,0.0
3-5 дней,2026-08-07T05:36:00Z,2026-08-11T08:00:00Z,98.4,0.0,0.0,0.0,0.0,0.0
3-5 дней,2026-08-07T05:36:00Z,2026-08-11T09:00:00Z,99.4,0.0,0.0,0.0,0.0,0.0
3-5 дней,2026-08-07T05:36:00Z,2026-08-11T10:00:00Z,100.4,0.0,0.0,0.0,0.0,0.0
3-5 дней,2026-08-07T05:36:00Z,2026-08-11T11:00:00Z,101.4,0.0,0.0,12.5,0.0,0.0
3-5 дней,2026-08-07T05:36:00Z,2026-08-11T12:00:00Z,102.4,0.0,0.0,0.0,0.0,0.0
3-5 дней,2026-08-07T05:36:00Z,2026-08-11T13:00:00Z,103.4,5.0,0.0,0.0,5.0,5.0
3-5 дней,2026-08-07T05:36:00Z,2026-08-11T14:00:00Z,104.4,13.0,0.0,0.0,13.0,13.0
3-5 дней,2026-08-07T05:36:00Z,2026-08-11T15:00:00Z,105.4,20.0,0.0,0.0,20.0,20.0
3-5 дней,2026-08-07T05:36:00Z,2026-08-11T16:00:00Z,106.4,26.0,0.0,0.0,26.0,26.0
3-5 дней,2026-08-07T05:36:00Z,2026-08-11T17:00:00Z,107.4,32.0,0.0,0.0,32.0,32.0
3-5 дней,2026-08-07T05:36:00Z,2026-08-11T18:00:00Z,108.4,32.0,0.0,0.0,32.0,32.0
3-5 дней,2026-08-07T06:18:59Z,2026-08-10T07:00:00Z,72.7,0.0,0.0,0.0,0.0,0.0
3-5 дней,2026-08-07T06:18:59Z,2026-08-10T08:00:00Z,73.7,0.0,0.0,0.0,0.0,0.0
3-5 дней,2026-08-07T06:18:59Z,2026-08-10T09:00:00Z,74.7,0.0,0.0,0.0,0.0,0.0
3-5 дней,2026-08-07T06:18:59Z,2026-08-10T10:00:00Z,75.7,0.0,0.0,0.0,0.0,0.0
3-5 дней,2026-08-07T06:18:59Z,2026-08-10T11:00:00Z,76.7,0.0,12.5,0.0,-12.5,12.5
3-5 дней,2026-08-07T06:18:59Z,2026-08-10T12:00:00Z,77.7,0.0,0.0,12.5,0.0,0.0
3-5 дней,2026-08-07T06:18:59Z,2026-08-10T13:00:00Z,78.7,0.0,0.0,12.5,0.0,0.0
3-5 дней,2026-08-07T06:18:59Z,2026-08-10T14:00:00Z,79.7,0.0,0.0,0.0,0.0,0.0
3-5 дней,2026-08-07T06:18:59Z,2026-08-10T15:00:00Z,80.7,0.0,0.0,0.0,0.0,0.0
3-5 дней,2026-08-07T06:18:59Z,2026-08-10T16:00:00Z,81.7,0.0,0.0,0.0,0.0,0.0
3-5 дней,2026-08-07T06:18:59Z,2026-08-10T17:00:00Z,82.7,0.0,0.0,0.0,0.0,0.0
3-5 дней,2026-08-07T06:18:59Z,2026-08-10T18:00:00Z,83.7,0.0,0.0,0.0,0.0,0.0
3-5 дней,2026-08-07T06:18:59Z,2026-08-11T06:00:00Z,95.7,0.0,0.0,0.0,0.0,0.0
3-5 дней,2026-08-07T06:18:59Z,2026-08-11T07:00:00Z,96.7,0.0,0.0,0.0,0.0,0.0
3-5 дней,2026-08-07T06:18:59Z,2026-08-11T08:00:00Z,97.7,0.0,0.0,0.0,0.0,0.0
3-5 дней,2026-08-07T06:18:59Z,2026-08-11T09:00:00Z,98.7,0.0,0.0,0.0,0.0,0.0
3-5 дней,2026-08-07T06:18:59Z,2026-08-11T10:00:00Z,99.7,0.0,0.0,0.0,0.0,0.0
3-5 дней,2026-08-07T06:18:59Z,2026-08-11T11:00:00Z,100.7,0.0,0.0,12.5,0.0,0.0
3-5 дней,2026-08-07T06:18:59Z,2026-08-11T12:00:00Z,101.7,0.0,0.0,0.0,0.0,0.0
3-5 дней,2026-08-07T06:18:59Z,2026-08-11T13:00:00Z,102.7,0.0,0.0,0.0,0.0,0.0
3-5 дней,2026-08-07T06:18:59Z,2026-08-11T14:00:00Z,103.7,0.0,0.0,0.0,0.0,0.0
3-5 дней,2026-08-07T06:18:59Z,2026-08-11T15:00:00Z,104.7,0.0,0.0,0.0,0.0,0.0
3-5 дней,2026-08-07T06:18:59Z,2026-08-11T16:00:00Z,105.7,0.0,0.0,0.0,0.0,0.0
3-5 дней,2026-08-07T06:18:59Z,2026-08-11T17:00:00Z,106.7,0.0,0.0,0.0,0.0,0.0
3-5 дней,2026-08-07T06:18:59Z,2026-08-11T18:00:00Z,107.7,0.0,0.0,0.0,0.0,0.0
3-5 дней,2026-08-07T06:18:59Z,2026-08-12T06:00:00Z,119.7,8.0,75.0,0.0,-67.0,67.0
3-5 дней,2026-08-07T07:13:52Z,2026-08-10T08:00:00Z,72.8,0.0,0.0,0.0,0.0,0.0
3-5 дней,2026-08-07T07:13:52Z,2026-08-10T09:00:00Z,73.8,0.0,0.0,0.0,0.0,0.0
3-5 дней,2026-08-07T07:13:52Z,2026-08-10T10:00:00Z,74.8,0.0,0.0,0.0,0.0,0.0
3-5 дней,2026-08-07T07:13:52Z,2026-08-10T11:00:00Z,75.8,0.0,12.5,0.0,-12.5,12.5
3-5 дней,2026-08-07T07:13:52Z,2026-08-10T12:00:00Z,76.8,0.0,0.0,12.5,0.0,0.0
3-5 дней,2026-08-07T07:13:52Z,2026-08-10T13:00:00Z,77.8,0.0,0.0,12.5,0.0,0.0
3-5 дней,2026-08-07T07:13:52Z,2026-08-10T14:00:00Z,78.8,0.0,0.0,0.0,0.0,0.0
3-5 дней,2026-08-07T07:13:52Z,2026-08-10T15:00:00Z,79.8,0.0,0.0,0.0,0.0,0.0
3-5 дней,2026-08-07T07:13:52Z,2026-08-10T16:00:00Z,80.8,0.0,0.0,0.0,0.0,0.0
3-5 дней,2026-08-07T07:13:52Z,2026-08-10T17:00:00Z,81.8,0.0,0.0,0.0,0.0,0.0
3-5 дней,2026-08-07T07:13:52Z,2026-08-10T18:00:00Z,82.8,0.0,0.0,0.0,0.0,0.0
3-5 дней,2026-08-07T07:13:52Z,2026-08-11T06:00:00Z,94.8,0.0,0.0,0.0,0.0,0.0
3-5 дней,2026-08-07T07:13:52Z,2026-08-11T07:00:00Z,95.8,0.0,0.0,0.0,0.0,0.0
3-5 дней,2026-08-07T07:13:52Z,2026-08-11T08:00:00Z,96.8,0.0,0.0,0.0,0.0,0.0
3-5 дней,2026-08-07T07:13:52Z,2026-08-11T09:00:00Z,97.8,0.0,0.0,0.0,0.0,0.0
3-5 дней,2026-08-07T07:13:52Z,2026-08-11T10:00:00Z,98.8,0.0,0.0,0.0,0.0,0.0
3-5 дней,2026-08-07T07:13:52Z,2026-08-11T11:00:00Z,99.8,0.0,0.0,12.5,0.0,0.0
3-5 дней,2026-08-07T07:13:52Z,2026-08-11T12:00:00Z,100.8,0.0,0.0,0.0,0.0,0.0
3-5 дней,2026-08-07T07:13:52Z,2026-08-11T13:00:00Z,101.8,0.0,0.0,0.0,0.0,0.0
3-5 дней,2026-08-07T07:13:52Z,2026-08-11T14:00:00Z,102.8,0.0,0.0,0.0,0.0,0.0
3-5 дней,2026-08-07T07:13:52Z,2026-08-11T15:00:00Z,103.8,0.0,0.0,0.0,0.0,0.0
3-5 дней,2026-08-07T07:13:52Z,2026-08-11T16:00:00Z,104.8,0.0,0.0,0.0,0.0,0.0
3-5 дней,2026-08-07T07:13:52Z,2026-08-11T17:00:00Z,105.8,0.0,0.0,0.0,0.0,0.0
3-5 дней,2026-08-07T07:13:52Z,2026-08-11T18:00:00Z,106.8,0.0,0.0,0.0,0.0,0.0
3-5 дней,2026-08-07T07:13:52Z,2026-08-12T06:00:00Z,118.8,8.0,75.0,0.0,-67.0,67.0
3-5 дней,2026-08-07T07:13:52Z,2026-08-12T07:00:00Z,119.8,10.0,75.0,0.0,-65.0,65.0
3-5 дней,2026-08-07T10:39:14Z,2026-08-10T11:00:00Z,72.3,0.0,12.5,0.0,-12.5,12.5
3-5 дней,2026-08-07T10:39:14Z,2026-08-10T12:00:00Z,73.3,0.0,0.0,12.5,0.0,0.0
3-5 дней,2026-08-07T10:39:14Z,2026-08-10T13:00:00Z,74.3,0.0,0.0,12.5,0.0,0.0
3-5 дней,2026-08-07T10:39:14Z,2026-08-10T14:00:00Z,75.3,0.0,0.0,0.0,0.0,0.0
3-5 дней,2026-08-07T10:39:14Z,2026-08-10T15:00:00Z,76.3,0.0,0.0,0.0,0.0,0.0
3-5 дней,2026-08-07T10:39:14Z,2026-08-10T16:00:00Z,77.3,0.0,0.0,0.0,0.0,0.0
3-5 дней,2026-08-07T10:39:14Z,2026-08-10T17:00:00Z,78.3,0.0,0.0,0.0,0.0,0.0
3-5 дней,2026-08-07T10:39:14Z,2026-08-10T18:00:00Z,79.3,0.0,0.0,0.0,0.0,0.0
3-5 дней,2026-08-07T10:39:14Z,2026-08-11T06:00:00Z,91.3,0.0,0.0,0.0,0.0,0.0
3-5 дней,2026-08-07T10:39:14Z,2026-08-11T07:00:00Z,92.3,0.0,0.0,0.0,0.0,0.0
3-5 дней,2026-08-07T10:39:14Z,2026-08-11T08:00:00Z,93.3,0.0,0.0,0.0,0.0,0.0
3-5 дней,2026-08-07T10:39:14Z,2026-08-11T09:00:00Z,94.3,0.0,0.0,0.0,0.0,0.0
3-5 дней,2026-08-07T10:39:14Z,2026-08-11T10:00:00Z,95.3,0.0,0.0,0.0,0.0,0.0
3-5 дней,2026-08-07T10:39:14Z,2026-08-11T11:00:00Z,96.3,0.0,0.0,12.5,0.0,0.0
3-5 дней,2026-08-07T10:39:14Z,2026-08-11T12:00:00Z,97.3,0.0,0.0,0.0,0.0,0.0
3-5 дней,2026-08-07T10:39:14Z,2026-08-11T13:00:00Z,98.3,0.0,0.0,0.0,0.0,0.0
3-5 дней,2026-08-07T10:39:14Z,2026-08-11T14:00:00Z,99.3,0.0,0.0,0.0,0.0,0.0
3-5 дней,2026-08-07T10:39:14Z,2026-08-11T15:00:00Z,100.3,0.0,0.0,0.0,0.0,0.0
3-5 дней,2026-08-07T10:39:14Z,2026-08-11T16:00:00Z,101.3,0.0,0.0,0.0,0.0,0.0
3-5 дней,2026-08-07T10:39:14Z,2026-08-11T17:00:00Z,102.3,0.0,0.0,0.0,0.0,0.0
3-5 дней,2026-08-07T10:39:14Z,2026-08-11T18:00:00Z,103.3,0.0,0.0,0.0,0.0,0.0
3-5 дней,2026-08-07T10:39:14Z,2026-08-12T06:00:00Z,115.3,8.0,75.0,0.0,-67.0,67.0
3-5 дней,2026-08-07T10:39:14Z,2026-08-12T07:00:00Z,116.3,10.0,75.0,0.0,-65.0,65.0
3-5 дней,2026-08-07T10:39:14Z,2026-08-12T08:00:00Z,117.3,11.0,50.0,0.0,-39.0,39.0
3-5 дней,2026-08-07T10:39:14Z,2026-08-12T09:00:00Z,118.3,12.0,25.0,0.0,-13.0,13.0
3-5 дней,2026-08-07T10:39:14Z,2026-08-12T10:00:00Z,119.3,12.0,25.0,0.0,-13.0,13.0
3-5 дней,2026-08-07T16:51:54Z,2026-08-10T17:00:00Z,72.1,0.0,0.0,0.0,0.0,0.0
3-5 дней,2026-08-07T16:51:54Z,2026-08-10T18:00:00Z,73.1,0.0,0.0,0.0,0.0,0.0
3-5 дней,2026-08-07T16:51:54Z,2026-08-11T06:00:00Z,85.1,0.0,0.0,0.0,0.0,0.0
3-5 дней,2026-08-07T16:51:54Z,2026-08-11T07:00:00Z,86.1,0.0,0.0,0.0,0.0,0.0
3-5 дней,2026-08-07T16:51:54Z,2026-08-11T08:00:00Z,87.1,0.0,0.0,0.0,0.0,0.0
3-5 дней,2026-08-07T16:51:54Z,2026-08-11T09:00:00Z,88.1,0.0,0.0,0.0,0.0,0.0
3-5 дней,2026-08-07T16:51:54Z,2026-08-11T10:00:00Z,89.1,0.0,0.0,0.0,0.0,0.0
3-5 дней,2026-08-07T16:51:54Z,2026-08-11T11:00:00Z,90.1,0.0,0.0,12.5,0.0,0.0
3-5 дней,2026-08-07T16:51:54Z,2026-08-11T12:00:00Z,91.1,0.0,0.0,0.0,0.0,0.0
3-5 дней,2026-08-07T16:51:54Z,2026-08-11T13:00:00Z,92.1,0.0,0.0,0.0,0.0,0.0
3-5 дней,2026-08-07T16:51:54Z,2026-08-11T14:00:00Z,93.1,0.0,0.0,0.0,0.0,0.0
3-5 дней,2026-08-07T16:51:54Z,2026-08-11T15:00:00Z,94.1,0.0,0.0,0.0,0.0,0.0
3-5 дней,2026-08-07T16:51:54Z,2026-08-11T16:00:00Z,95.1,0.0,0.0,0.0,0.0,0.0
3-5 дней,2026-08-07T16:51:54Z,2026-08-11T17:00:00Z,96.1,0.0,0.0,0.0,0.0,0.0
3-5 дней,2026-08-07T16:51:54Z,2026-08-11T18:00:00Z,97.1,0.0,0.0,0.0,0.0,0.0
3-5 дней,2026-08-07T16:51:54Z,2026-08-12T06:00:00Z,109.1,8.0,75.0,0.0,-67.0,67.0
3-5 дней,2026-08-07T16:51:54Z,2026-08-12T07:00:00Z,110.1,10.0,75.0,0.0,-65.0,65.0
3-5 дней,2026-08-07T16:51:54Z,2026-08-12T08:00:00Z,111.1,11.0,50.0,0.0,-39.0,39.0
3-5 дней,2026-08-07T16:51:54Z,2026-08-12T09:00:00Z,112.1,12.0,25.0,0.0,-13.0,13.0
3-5 дней,2026-08-07T16:51:54Z,2026-08-12T10:00:00Z,113.1,12.0,25.0,0.0,-13.0,13.0
3-5 дней,2026-08-07T16:51:54Z,2026-08-12T11:00:00Z,114.1,12.0,12.5,0.0,-0.5,0.5
3-5 дней,2026-08-07T16:51:54Z,2026-08-12T12:00:00Z,115.1,12.0,12.5,0.0,-0.5,0.5
3-5 дней,2026-08-07T16:51:54Z,2026-08-12T13:00:00Z,116.1,12.0,0.0,0.0,12.0,12.0
3-5 дней,2026-08-07T16:51:54Z,2026-08-12T14:00:00Z,117.1,11.0,0.0,0.0,11.0,11.0
3-5 дней,2026-08-07T16:51:54Z,2026-08-12T15:00:00Z,118.1,12.0,0.0,0.0,12.0,12.0
3-5 дней,2026-08-07T16:51:54Z,2026-08-12T16:00:00Z,119.1,15.0,0.0,0.0,15.0,15.0
3-5 дней,2026-08-07T22:45:57Z,2026-08-11T06:00:00Z,79.2,0.0,0.0,0.0,0.0,0.0
3-5 дней,2026-08-07T22:45:57Z,2026-08-11T07:00:00Z,80.2,0.0,0.0,0.0,0.0,0.0
3-5 дней,2026-08-07T22:45:57Z,2026-08-11T08:00:00Z,81.2,0.0,0.0,0.0,0.0,0.0
3-5 дней,2026-08-07T22:45:57Z,2026-08-11T09:00:00Z,82.2,0.0,0.0,0.0,0.0,0.0
3-5 дней,2026-08-07T22:45:57Z,2026-08-11T10:00:00Z,83.2,0.0,0.0,0.0,0.0,0.0
3-5 дней,2026-08-07T22:45:57Z,2026-08-11T11:00:00Z,84.2,0.0,0.0,12.5,0.0,0.0
3-5 дней,2026-08-07T22:45:57Z,2026-08-11T12:00:00Z,85.2,0.0,0.0,0.0,0.0,0.0
3-5 дней,2026-08-07T22:45:57Z,2026-08-11T13:00:00Z,86.2,0.0,0.0,0.0,0.0,0.0
3-5 дней,2026-08-07T22:45:57Z,2026-08-11T14:00:00Z,87.2,0.0,0.0,0.0,0.0,0.0
3-5 дней,2026-08-07T22:45:57Z,2026-08-11T15:00:00Z,88.2,0.0,0.0,0.0,0.0,0.0
3-5 дней,2026-08-07T22:45:57Z,2026-08-11T16:00:00Z,89.2,15.0,0.0,0.0,15.0,15.0
3-5 дней,2026-08-07T22:45:57Z,2026-08-11T17:00:00Z,90.2,35.0,0.0,0.0,35.0,35.0
3-5 дней,2026-08-07T22:45:57Z,2026-08-11T18:00:00Z,91.2,48.0,0.0,0.0,48.0,48.0
3-5 дней,2026-08-07T22:45:57Z,2026-08-12T06:00:00Z,103.2,24.0,75.0,0.0,-51.0,51.0
3-5 дней,2026-08-07T22:45:57Z,2026-08-12T07:00:00Z,104.2,34.0,75.0,0.0,-41.0,41.0
3-5 дней,2026-08-07T22:45:57Z,2026-08-12T08:00:00Z,105.2,44.0,50.0,0.0,-6.0,6.0
3-5 дней,2026-08-07T22:45:57Z,2026-08-12T09:00:00Z,106.2,48.0,25.0,0.0,23.0,23.0
3-5 дней,2026-08-07T22:45:57Z,2026-08-12T10:00:00Z,107.2,43.0,25.0,0.0,18.0,18.0
3-5 дней,2026-08-07T22:45:57Z,2026-08-12T11:00:00Z,108.2,33.0,12.5,0.0,20.5,20.5
3-5 дней,2026-08-07T22:45:57Z,2026-08-12T12:00:00Z,109.2,24.0,12.5,0.0,11.5,11.5
3-5 дней,2026-08-07T22:45:57Z,2026-08-12T13:00:00Z,110.2,19.0,0.0,0.0,19.0,19.0
3-5 дней,2026-08-07T22:45:57Z,2026-08-12T14:00:00Z,111.2,15.0,0.0,0.0,15.0,15.0
3-5 дней,2026-08-07T22:45:57Z,2026-08-12T15:00:00Z,112.2,12.0,0.0,0.0,12.0,12.0
3-5 дней,2026-08-07T22:45:57Z,2026-08-12T16:00:00Z,113.2,10.0,0.0,0.0,10.0,10.0
3-5 дней,2026-08-07T22:45:57Z,2026-08-12T17:00:00Z,114.2,9.0,0.0,0.0,9.0,9.0
3-5 дней,2026-08-07T22:45:57Z,2026-08-12T18:00:00Z,115.2,8.0,0.0,0.0,8.0,8.0
3-5 дней,2026-08-07T23:19:23Z,2026-08-11T06:00:00Z,78.7,0.0,0.0,0.0,0.0,0.0
3-5 дней,2026-08-07T23:19:23Z,2026-08-11T07:00:00Z,79.7,0.0,0.0,0.0,0.0,0.0
3-5 дней,2026-08-07T23:19:23Z,2026-08-11T08:00:00Z,80.7,0.0,0.0,0.0,0.0,0.0
3-5 дней,2026-08-07T23:19:23Z,2026-08-11T09:00:00Z,81.7,0.0,0.0,0.0,0.0,0.0
3-5 дней,2026-08-07T23:19:23Z,2026-08-11T10:00:00Z,82.7,0.0,0.0,0.0,0.0,0.0
3-5 дней,2026-08-07T23:19:23Z,2026-08-11T11:00:00Z,83.7,0.0,0.0,12.5,0.0,0.0
3-5 дней,2026-08-07T23:19:23Z,2026-08-11T12:00:00Z,84.7,0.0,0.0,0.0,0.0,0.0
3-5 дней,2026-08-07T23:19:23Z,2026-08-11T13:00:00Z,85.7,0.0,0.0,0.0,0.0,0.0
3-5 дней,2026-08-07T23:19:23Z,2026-08-11T14:00:00Z,86.7,0.0,0.0,0.0,0.0,0.0
3-5 дней,2026-08-07T23:19:23Z,2026-08-11T15:00:00Z,87.7,0.0,0.0,0.0,0.0,0.0
3-5 дней,2026-08-07T23:19:23Z,2026-08-11T16:00:00Z,88.7,15.0,0.0,0.0,15.0,15.0
3-5 дней,2026-08-07T23:19:23Z,2026-08-11T17:00:00Z,89.7,35.0,0.0,0.0,35.0,35.0
3-5 дней,2026-08-07T23:19:23Z,2026-08-11T18:00:00Z,90.7,48.0,0.0,0.0,48.0,48.0
3-5 дней,2026-08-07T23:19:23Z,2026-08-12T06:00:00Z,102.7,24.0,75.0,0.0,-51.0,51.0
3-5 дней,2026-08-07T23:19:23Z,2026-08-12T07:00:00Z,103.7,34.0,75.0,0.0,-41.0,41.0
3-5 дней,2026-08-07T23:19:23Z,2026-08-12T08:00:00Z,104.7,44.0,50.0,0.0,-6.0,6.0
3-5 дней,2026-08-07T23:19:23Z,2026-08-12T09:00:00Z,105.7,48.0,25.0,0.0,23.0,23.0
3-5 дней,2026-08-07T23:19:23Z,2026-08-12T10:00:00Z,106.7,43.0,25.0,0.0,18.0,18.0
3-5 дней,2026-08-07T23:19:23Z,2026-08-12T11:00:00Z,107.7,33.0,12.5,0.0,20.5,20.5
3-5 дней,2026-08-07T23:19:23Z,2026-08-12T12:00:00Z,108.7,24.0,12.5,0.0,11.5,11.5
3-5 дней,2026-08-07T23:19:23Z,2026-08-12T13:00:00Z,109.7,19.0,0.0,0.0,19.0,19.0
3-5 дней,2026-08-07T23:19:23Z,2026-08-12T14:00:00Z,110.7,15.0,0.0,0.0,15.0,15.0
3-5 дней,2026-08-07T23:19:23Z,2026-08-12T15:00:00Z,111.7,12.0,0.0,0.0,12.0,12.0
3-5 дней,2026-08-07T23:19:23Z,2026-08-12T16:00:00Z,112.7,10.0,0.0,0.0,10.0,10.0
3-5 дней,2026-08-07T23:19:23Z,2026-08-12T17:00:00Z,113.7,9.0,0.0,0.0,9.0,9.0
3-5 дней,2026-08-07T23:19:23Z,2026-08-12T18:00:00Z,114.7,8.0,0.0,0.0,8.0,8.0
3-5 дней,2026-08-08T04:50:53Z,2026-08-11T06:00:00Z,73.2,0.0,0.0,0.0,0.0,0.0
3-5 дней,2026-08-08T04:50:53Z,2026-08-11T07:00:00Z,74.2,0.0,0.0,0.0,0.0,0.0
3-5 дней,2026-08-08T04:50:53Z,2026-08-11T08:00:00Z,75.2,0.0,0.0,0.0,0.0,0.0
3-5 дней,2026-08-08T04:50:53Z,2026-08-11T09:00:00Z,76.2,0.0,0.0,0.0,0.0,0.0
3-5 дней,2026-08-08T04:50:53Z,2026-08-11T10:00:00Z,77.2,0.0,0.0,0.0,0.0,0.0
3-5 дней,2026-08-08T04:50:53Z,2026-08-11T11:00:00Z,78.2,0.0,0.0,12.5,0.0,0.0
3-5 дней,2026-08-08T04:50:53Z,2026-08-11T12:00:00Z,79.2,0.0,0.0,0.0,0.0,0.0
3-5 дней,2026-08-08T04:50:53Z,2026-08-11T13:00:00Z,80.2,0.0,0.0,0.0,0.0,0.0
3-5 дней,2026-08-08T04:50:53Z,2026-08-11T14:00:00Z,81.2,0.0,0.0,0.0,0.0,0.0
3-5 дней,2026-08-08T04:50:53Z,2026-08-11T15:00:00Z,82.2,0.0,0.0,0.0,0.0,0.0
3-5 дней,2026-08-08T04:50:53Z,2026-08-11T16:00:00Z,83.2,15.0,0.0,0.0,15.0,15.0
3-5 дней,2026-08-08T04:50:53Z,2026-08-11T17:00:00Z,84.2,35.0,0.0,0.0,35.0,35.0
3-5 дней,2026-08-08T04:50:53Z,2026-08-11T18:00:00Z,85.2,48.0,0.0,0.0,48.0,48.0
3-5 дней,2026-08-08T04:50:53Z,2026-08-12T06:00:00Z,97.2,24.0,75.0,0.0,-51.0,51.0
3-5 дней,2026-08-08T04:50:53Z,2026-08-12T07:00:00Z,98.2,34.0,75.0,0.0,-41.0,41.0
3-5 дней,2026-08-08T04:50:53Z,2026-08-12T08:00:00Z,99.2,44.0,50.0,0.0,-6.0,6.0
3-5 дней,2026-08-08T04:50:53Z,2026-08-12T09:00:00Z,100.2,48.0,25.0,0.0,23.0,23.0
3-5 дней,2026-08-08T04:50:53Z,2026-08-12T10:00:00Z,101.2,43.0,25.0,0.0,18.0,18.0
3-5 дней,2026-08-08T04:50:53Z,2026-08-12T11:00:00Z,102.2,33.0,12.5,0.0,20.5,20.5
3-5 дней,2026-08-08T04:50:53Z,2026-08-12T12:00:00Z,103.2,24.0,12.5,0.0,11.5,11.5
3-5 дней,2026-08-08T04:50:53Z,2026-08-12T13:00:00Z,104.2,19.0,0.0,0.0,19.0,19.0
3-5 дней,2026-08-08T04:50:53Z,2026-08-12T14:00:00Z,105.2,15.0,0.0,0.0,15.0,15.0
3-5 дней,2026-08-08T04:50:53Z,2026-08-12T15:00:00Z,106.2,12.0,0.0,0.0,12.0,12.0
3-5 дней,2026-08-08T04:50:53Z,2026-08-12T16:00:00Z,107.2,10.0,0.0,0.0,10.0,10.0
3-5 дней,2026-08-08T04:50:53Z,2026-08-12T17:00:00Z,108.2,9.0,0.0,0.0,9.0,9.0
3-5 дней,2026-08-08T04:50:53Z,2026-08-12T18:00:00Z,109.2,8.0,0.0,0.0,8.0,8.0
3-5 дней,2026-08-08T10:18:13Z,2026-08-11T11:00:00Z,72.7,0.0,0.0,12.5,0.0,0.0
3-5 дней,2026-08-08T10:18:13Z,2026-08-11T12:00:00Z,73.7,0.0,0.0,0.0,0.0,0.0
3-5 дней,2026-08-08T10:18:13Z,2026-08-11T13:00:00Z,74.7,5.0,0.0,0.0,5.0,5.0
3-5 дней,2026-08-08T10:18:13Z,2026-08-11T14:00:00Z,75.7,12.0,0.0,0.0,12.0,12.0
3-5 дней,2026-08-08T10:18:13Z,2026-08-11T15:00:00Z,76.7,20.0,0.0,0.0,20.0,20.0
3-5 дней,2026-08-08T10:18:13Z,2026-08-11T16:00:00Z,77.7,30.0,0.0,0.0,30.0,30.0
3-5 дней,2026-08-08T10:18:13Z,2026-08-11T17:00:00Z,78.7,41.0,0.0,0.0,41.0,41.0
3-5 дней,2026-08-08T10:18:13Z,2026-08-11T18:00:00Z,79.7,44.0,0.0,0.0,44.0,44.0
3-5 дней,2026-08-08T10:18:13Z,2026-08-12T06:00:00Z,91.7,48.0,75.0,0.0,-27.0,27.0
3-5 дней,2026-08-08T10:18:13Z,2026-08-12T07:00:00Z,92.7,53.0,75.0,0.0,-22.0,22.0
3-5 дней,2026-08-08T10:18:13Z,2026-08-12T08:00:00Z,93.7,55.0,50.0,0.0,5.0,5.0
3-5 дней,2026-08-08T10:18:13Z,2026-08-12T09:00:00Z,94.7,56.0,25.0,0.0,31.0,31.0
3-5 дней,2026-08-08T10:18:13Z,2026-08-12T10:00:00Z,95.7,60.0,25.0,0.0,35.0,35.0
3-5 дней,2026-08-08T10:18:13Z,2026-08-12T11:00:00Z,96.7,64.0,12.5,0.0,51.5,51.5
3-5 дней,2026-08-08T10:18:13Z,2026-08-12T12:00:00Z,97.7,68.0,12.5,0.0,55.5,55.5
3-5 дней,2026-08-08T10:18:13Z,2026-08-12T13:00:00Z,98.7,73.0,0.0,0.0,73.0,73.0
3-5 дней,2026-08-08T10:18:13Z,2026-08-12T14:00:00Z,99.7,77.0,0.0,0.0,77.0,77.0
3-5 дней,2026-08-08T10:18:13Z,2026-08-12T15:00:00Z,100.7,76.0,0.0,0.0,76.0,76.0
3-5 дней,2026-08-08T10:18:13Z,2026-08-12T16:00:00Z,101.7,64.0,0.0,0.0,64.0,64.0
3-5 дней,2026-08-08T10:18:13Z,2026-08-12T17:00:00Z,102.7,47.0,0.0,0.0,47.0,47.0
3-5 дней,2026-08-08T10:18:13Z,2026-08-12T18:00:00Z,103.7,32.0,0.0,0.0,32.0,32.0
3-5 дней,2026-08-08T10:18:13Z,2026-08-13T06:00:00Z,115.7,0.0,0.0,75.0,0.0,0.0
3-5 дней,2026-08-08T10:18:13Z,2026-08-13T07:00:00Z,116.7,0.0,0.0,75.0,0.0,0.0
3-5 дней,2026-08-08T10:18:13Z,2026-08-13T08:00:00Z,117.7,0.0,0.0,50.0,0.0,0.0
3-5 дней,2026-08-08T10:18:13Z,2026-08-13T09:00:00Z,118.7,0.0,0.0,25.0,0.0,0.0
3-5 дней,2026-08-08T10:18:13Z,2026-08-13T10:00:00Z,119.7,0.0,0.0,25.0,0.0,0.0
3-5 дней,2026-08-08T22:37:20Z,2026-08-12T06:00:00Z,79.4,0.0,75.0,0.0,-75.0,75.0
3-5 дней,2026-08-08T22:37:20Z,2026-08-12T07:00:00Z,80.4,0.0,75.0,0.0,-75.0,75.0
3-5 дней,2026-08-08T22:37:20Z,2026-08-12T08:00:00Z,81.4,0.0,50.0,0.0,-50.0,50.0
3-5 дней,2026-08-08T22:37:20Z,2026-08-12T09:00:00Z,82.4,0.0,25.0,0.0,-25.0,25.0
3-5 дней,2026-08-08T22:37:20Z,2026-08-12T10:00:00Z,83.4,0.0,25.0,0.0,-25.0,25.0
3-5 дней,2026-08-08T22:37:20Z,2026-08-12T11:00:00Z,84.4,0.0,12.5,0.0,-12.5,12.5
3-5 дней,2026-08-08T22:37:20Z,2026-08-12T12:00:00Z,85.4,0.0,12.5,0.0,-12.5,12.5
3-5 дней,2026-08-08T22:37:20Z,2026-08-12T13:00:00Z,86.4,0.0,0.0,0.0,0.0,0.0
3-5 дней,2026-08-08T22:37:20Z,2026-08-12T14:00:00Z,87.4,0.0,0.0,0.0,0.0,0.0
3-5 дней,2026-08-08T22:37:20Z,2026-08-12T15:00:00Z,88.4,0.0,0.0,0.0,0.0,0.0
3-5 дней,2026-08-08T22:37:20Z,2026-08-12T16:00:00Z,89.4,0.0,0.0,0.0,0.0,0.0
3-5 дней,2026-08-08T22:37:20Z,2026-08-12T17:00:00Z,90.4,0.0,0.0,0.0,0.0,0.0
3-5 дней,2026-08-08T22:37:20Z,2026-08-12T18:00:00Z,91.4,0.0,0.0,0.0,0.0,0.0
3-5 дней,2026-08-08T22:37:20Z,2026-08-13T06:00:00Z,103.4,0.0,0.0,75.0,0.0,0.0
3-5 дней,2026-08-08T22:37:20Z,2026-08-13T07:00:00Z,104.4,0.0,0.0,75.0,0.0,0.0
3-5 дней,2026-08-08T22:37:20Z,2026-08-13T08:00:00Z,105.4,0.0,0.0,50.0,0.0,0.0
3-5 дней,2026-08-08T22:37:20Z,2026-08-13T09:00:00Z,106.4,0.0,0.0,25.0,0.0,0.0
3-5 дней,2026-08-08T22:37:20Z,2026-08-13T10:00:00Z,107.4,0.0,0.0,25.0,0.0,0.0
3-5 дней,2026-08-09T04:59:03Z,2026-08-12T06:00:00Z,73.0,0.0,75.0,0.0,-75.0,75.0
3-5 дней,2026-08-09T04:59:03Z,2026-08-12T07:00:00Z,74.0,0.0,75.0,0.0,-75.0,75.0
3-5 дней,2026-08-09T04:59:03Z,2026-08-12T08:00:00Z,75.0,0.0,50.0,0.0,-50.0,50.0
3-5 дней,2026-08-09T04:59:03Z,2026-08-12T09:00:00Z,76.0,0.0,25.0,0.0,-25.0,25.0
3-5 дней,2026-08-09T04:59:03Z,2026-08-12T10:00:00Z,77.0,0.0,25.0,0.0,-25.0,25.0
3-5 дней,2026-08-09T04:59:03Z,2026-08-12T11:00:00Z,78.0,0.0,12.5,0.0,-12.5,12.5
3-5 дней,2026-08-09T04:59:03Z,2026-08-12T12:00:00Z,79.0,0.0,12.5,0.0,-12.5,12.5
3-5 дней,2026-08-09T04:59:03Z,2026-08-12T13:00:00Z,80.0,0.0,0.0,0.0,0.0,0.0
3-5 дней,2026-08-09T04:59:03Z,2026-08-12T14:00:00Z,81.0,0.0,0.0,0.0,0.0,0.0
3-5 дней,2026-08-09T04:59:03Z,2026-08-12T15:00:00Z,82.0,0.0,0.0,0.0,0.0,0.0
3-5 дней,2026-08-09T04:59:03Z,2026-08-12T16:00:00Z,83.0,0.0,0.0,0.0,0.0,0.0
3-5 дней,2026-08-09T04:59:03Z,2026-08-12T17:00:00Z,84.0,0.0,0.0,0.0,0.0,0.0
3-5 дней,2026-08-09T04:59:03Z,2026-08-12T18:00:00Z,85.0,0.0,0.0,0.0,0.0,0.0
3-5 дней,2026-08-09T04:59:03Z,2026-08-13T06:00:00Z,97.0,0.0,0.0,75.0,0.0,0.0
3-5 дней,2026-08-09T04:59:03Z,2026-08-13T07:00:00Z,98.0,0.0,0.0,75.0,0.0,0.0
3-5 дней,2026-08-09T04:59:03Z,2026-08-13T08:00:00Z,99.0,0.0,0.0,50.0,0.0,0.0
3-5 дней,2026-08-09T04:59:03Z,2026-08-13T09:00:00Z,100.0,0.0,0.0,25.0,0.0,0.0
3-5 дней,2026-08-09T04:59:03Z,2026-08-13T10:00:00Z,101.0,0.0,0.0,25.0,0.0,0.0
3-5 дней,2026-08-09T10:19:29Z,2026-08-12T11:00:00Z,72.7,0.0,12.5,0.0,-12.5,12.5
3-5 дней,2026-08-09T10:19:29Z,2026-08-12T12:00:00Z,73.7,0.0,12.5,0.0,-12.5,12.5
3-5 дней,2026-08-09T10:19:29Z,2026-08-12T13:00:00Z,74.7,0.0,0.0,0.0,0.0,0.0
3-5 дней,2026-08-09T10:19:29Z,2026-08-12T14:00:00Z,75.7,0.0,0.0,0.0,0.0,0.0
3-5 дней,2026-08-09T10:19:29Z,2026-08-12T15:00:00Z,76.7,0.0,0.0,0.0,0.0,0.0
3-5 дней,2026-08-09T10:19:29Z,2026-08-12T16:00:00Z,77.7,0.0,0.0,0.0,0.0,0.0
3-5 дней,2026-08-09T10:19:29Z,2026-08-12T17:00:00Z,78.7,0.0,0.0,0.0,0.0,0.0
3-5 дней,2026-08-09T10:19:29Z,2026-08-12T18:00:00Z,79.7,0.0,0.0,0.0,0.0,0.0
3-5 дней,2026-08-09T10:19:29Z,2026-08-13T06:00:00Z,91.7,0.0,0.0,75.0,0.0,0.0
3-5 дней,2026-08-09T10:19:29Z,2026-08-13T07:00:00Z,92.7,0.0,0.0,75.0,0.0,0.0
3-5 дней,2026-08-09T10:19:29Z,2026-08-13T08:00:00Z,93.7,0.0,0.0,50.0,0.0,0.0
3-5 дней,2026-08-09T10:19:29Z,2026-08-13T09:00:00Z,94.7,0.0,0.0,25.0,0.0,0.0
3-5 дней,2026-08-09T10:19:29Z,2026-08-13T10:00:00Z,95.7,0.0,0.0,25.0,0.0,0.0
3-5 дней,2026-08-09T12:41:38Z,2026-08-12T13:00:00Z,72.3,0.0,0.0,0.0,0.0,0.0
3-5 дней,2026-08-09T12:41:38Z,2026-08-12T14:00:00Z,73.3,0.0,0.0,0.0,0.0,0.0
3-5 дней,2026-08-09T12:41:38Z,2026-08-12T15:00:00Z,74.3,0.0,0.0,0.0,0.0,0.0
3-5 дней,2026-08-09T12:41:38Z,2026-08-12T16:00:00Z,75.3,0.0,0.0,0.0,0.0,0.0
3-5 дней,2026-08-09T12:41:38Z,2026-08-12T17:00:00Z,76.3,0.0,0.0,0.0,0.0,0.0
3-5 дней,2026-08-09T12:41:38Z,2026-08-12T18:00:00Z,77.3,0.0,0.0,0.0,0.0,0.0
3-5 дней,2026-08-09T12:41:38Z,2026-08-13T06:00:00Z,89.3,0.0,0.0,75.0,0.0,0.0
3-5 дней,2026-08-09T12:41:38Z,2026-08-13T07:00:00Z,90.3,0.0,0.0,75.0,0.0,0.0
3-5 дней,2026-08-09T12:41:38Z,2026-08-13T08:00:00Z,91.3,0.0,0.0,50.0,0.0,0.0
3-5 дней,2026-08-09T12:41:38Z,2026-08-13T09:00:00Z,92.3,0.0,0.0,25.0,0.0,0.0
3-5 дней,2026-08-09T12:41:38Z,2026-08-13T10:00:00Z,93.3,0.0,0.0,25.0,0.0,0.0
3-5 дней,2026-08-09T12:45:53Z,2026-08-12T13:00:00Z,72.2,0.0,0.0,0.0,0.0,0.0
3-5 дней,2026-08-09T12:45:53Z,2026-08-12T14:00:00Z,73.2,0.0,0.0,0.0,0.0,0.0
3-5 дней,2026-08-09T12:45:53Z,2026-08-12T15:00:00Z,74.2,0.0,0.0,0.0,0.0,0.0
3-5 дней,2026-08-09T12:45:53Z,2026-08-12T16:00:00Z,75.2,0.0,0.0,0.0,0.0,0.0
3-5 дней,2026-08-09T12:45:53Z,2026-08-12T17:00:00Z,76.2,0.0,0.0,0.0,0.0,0.0
3-5 дней,2026-08-09T12:45:53Z,2026-08-12T18:00:00Z,77.2,0.0,0.0,0.0,0.0,0.0
3-5 дней,2026-08-09T12:45:53Z,2026-08-13T06:00:00Z,89.2,0.0,0.0,75.0,0.0,0.0
3-5 дней,2026-08-09T12:45:53Z,2026-08-13T07:00:00Z,90.2,0.0,0.0,75.0,0.0,0.0
3-5 дней,2026-08-09T12:45:53Z,2026-08-13T08:00:00Z,91.2,0.0,0.0,50.0,0.0,0.0
3-5 дней,2026-08-09T12:45:53Z,2026-08-13T09:00:00Z,92.2,0.0,0.0,25.0,0.0,0.0
3-5 дней,2026-08-09T12:45:53Z,2026-08-13T10:00:00Z,93.2,0.0,0.0,25.0,0.0,0.0
3-5 дней,2026-08-09T12:48:15Z,2026-08-12T13:00:00Z,72.2,0.0,0.0,0.0,0.0,0.0
3-5 дней,2026-08-09T12:48:15Z,2026-08-12T14:00:00Z,73.2,0.0,0.0,0.0,0.0,0.0
3-5 дней,2026-08-09T12:48:15Z,2026-08-12T15:00:00Z,74.2,0.0,0.0,0.0,0.0,0.0
3-5 дней,2026-08-09T12:48:15Z,2026-08-12T16:00:00Z,75.2,0.0,0.0,0.0,0.0,0.0
3-5 дней,2026-08-09T12:48:15Z,2026-08-12T17:00:00Z,76.2,0.0,0.0,0.0,0.0,0.0
3-5 дней,2026-08-09T12:48:15Z,2026-08-12T18:00:00Z,77.2,0.0,0.0,0.0,0.0,0.0
3-5 дней,2026-08-09T12:48:15Z,2026-08-13T06:00:00Z,89.2,0.0,0.0,75.0,0.0,0.0
3-5 дней,2026-08-09T12:48:15Z,2026-08-13T07:00:00Z,90.2,0.0,0.0,75.0,0.0,0.0
3-5 дней,2026-08-09T12:48:15Z,2026-08-13T08:00:00Z,91.2,0.0,0.0,50.0,0.0,0.0
3-5 дней,2026-08-09T12:48:15Z,2026-08-13T09:00:00Z,92.2,0.0,0.0,25.0,0.0,0.0
3-5 дней,2026-08-09T12:48:15Z,2026-08-13T10:00:00Z,93.2,0.0,0.0,25.0,0.0,0.0
3-5 дней,2026-08-09T16:31:44Z,2026-08-12T17:00:00Z,72.5,0.0,0.0,0.0,0.0,0.0
3-5 дней,2026-08-09T16:31:44Z,2026-08-12T18:00:00Z,73.5,0.0,0.0,0.0,0.0,0.0
3-5 дней,2026-08-09T16:31:44Z,2026-08-13T06:00:00Z,85.5,0.0,0.0,75.0,0.0,0.0
3-5 дней,2026-08-09T16:31:44Z,2026-08-13T07:00:00Z,86.5,0.0,0.0,75.0,0.0,0.0
3-5 дней,2026-08-09T16:31:44Z,2026-08-13T08:00:00Z,87.5,0.0,0.0,50.0,0.0,0.0
3-5 дней,2026-08-09T16:31:44Z,2026-08-13T09:00:00Z,88.5,0.0,0.0,25.0,0.0,0.0
3-5 дней,2026-08-09T16:31:44Z,2026-08-13T10:00:00Z,89.5,0.0,0.0,25.0,0.0,0.0
3-5 дней,2026-08-09T22:39:09Z,2026-08-13T06:00:00Z,79.3,0.0,0.0,75.0,0.0,0.0
3-5 дней,2026-08-09T22:39:09Z,2026-08-13T07:00:00Z,80.3,0.0,0.0,75.0,0.0,0.0
3-5 дней,2026-08-09T22:39:09Z,2026-08-13T08:00:00Z,81.3,0.0,0.0,50.0,0.0,0.0
3-5 дней,2026-08-09T22:39:09Z,2026-08-13T09:00:00Z,82.3,0.0,0.0,25.0,0.0,0.0
3-5 дней,2026-08-09T22:39:09Z,2026-08-13T10:00:00Z,83.3,0.0,0.0,25.0,0.0,0.0
3-5 дней,2026-08-10T05:20:42Z,2026-08-13T06:00:00Z,72.7,0.0,0.0,75.0,0.0,0.0
3-5 дней,2026-08-10T05:20:42Z,2026-08-13T07:00:00Z,73.7,0.0,0.0,75.0,0.0,0.0
3-5 дней,2026-08-10T05:20:42Z,2026-08-13T08:00:00Z,74.7,0.0,0.0,50.0,0.0,0.0
3-5 дней,2026-08-10T05:20:42Z,2026-08-13T09:00:00Z,75.7,0.0,0.0,25.0,0.0,0.0
3-5 дней,2026-08-10T05:20:42Z,2026-08-13T10:00:00Z,76.7,0.0,0.0,25.0,0.0,0.0
5-10 дней,2026-08-06T09:50:07Z,2026-08-11T10:00:00Z,120.2,0.0,0.0,0.0,0.0,0.0
5-10 дней,2026-08-06T09:50:07Z,2026-08-11T11:00:00Z,121.2,0.0,0.0,0.0,0.0,0.0
5-10 дней,2026-08-06T09:50:07Z,2026-08-11T12:00:00Z,122.2,0.0,0.0,0.0,0.0,0.0
5-10 дней,2026-08-06T09:50:07Z,2026-08-11T13:00:00Z,123.2,3.0,0.0,0.0,3.0,3.0
5-10 дней,2026-08-06T09:50:07Z,2026-08-11T14:00:00Z,124.2,8.0,0.0,0.0,8.0,8.0
5-10 дней,2026-08-06T09:50:07Z,2026-08-11T15:00:00Z,125.2,12.0,0.0,0.0,12.0,12.0
5-10 дней,2026-08-06T09:50:07Z,2026-08-11T16:00:00Z,126.2,16.0,0.0,0.0,16.0,16.0
5-10 дней,2026-08-06T09:50:07Z,2026-08-11T17:00:00Z,127.2,19.0,0.0,0.0,19.0,19.0
5-10 дней,2026-08-06T09:50:07Z,2026-08-11T18:00:00Z,128.2,20.0,0.0,0.0,20.0,20.0
5-10 дней,2026-08-06T09:50:07Z,2026-08-12T06:00:00Z,140.2,88.0,75.0,0.0,13.0,13.0
5-10 дней,2026-08-06T09:50:07Z,2026-08-12T07:00:00Z,141.2,68.0,75.0,0.0,-7.0,7.0
5-10 дней,2026-08-06T09:50:07Z,2026-08-12T08:00:00Z,142.2,36.0,50.0,0.0,-14.0,14.0
5-10 дней,2026-08-06T09:50:07Z,2026-08-12T09:00:00Z,143.2,12.0,25.0,0.0,-13.0,13.0
5-10 дней,2026-08-06T09:50:07Z,2026-08-12T10:00:00Z,144.2,3.0,25.0,0.0,-22.0,22.0
5-10 дней,2026-08-06T09:50:07Z,2026-08-12T11:00:00Z,145.2,0.0,12.5,0.0,-12.5,12.5
5-10 дней,2026-08-06T09:50:07Z,2026-08-12T12:00:00Z,146.2,0.0,12.5,0.0,-12.5,12.5
5-10 дней,2026-08-06T09:50:07Z,2026-08-12T13:00:00Z,147.2,2.0,0.0,0.0,2.0,2.0
5-10 дней,2026-08-06T09:50:07Z,2026-08-12T14:00:00Z,148.2,6.0,0.0,0.0,6.0,6.0
5-10 дней,2026-08-06T09:50:07Z,2026-08-12T15:00:00Z,149.2,8.0,0.0,0.0,8.0,8.0
5-10 дней,2026-08-06T09:50:07Z,2026-08-12T16:00:00Z,150.2,6.0,0.0,0.0,6.0,6.0
5-10 дней,2026-08-06T09:50:07Z,2026-08-12T17:00:00Z,151.2,3.0,0.0,0.0,3.0,3.0
5-10 дней,2026-08-06T09:50:07Z,2026-08-12T18:00:00Z,152.2,0.0,0.0,0.0,0.0,0.0
5-10 дней,2026-08-06T09:50:07Z,2026-08-13T06:00:00Z,164.2,0.0,0.0,0.0,0.0,0.0
5-10 дней,2026-08-06T09:50:07Z,2026-08-13T07:00:00Z,165.2,0.0,0.0,0.0,0.0,0.0
5-10 дней,2026-08-06T09:50:07Z,2026-08-13T08:00:00Z,166.2,0.0,0.0,0.0,0.0,0.0
5-10 дней,2026-08-06T09:50:07Z,2026-08-13T09:00:00Z,167.2,0.0,0.0,0.0,0.0,0.0
5-10 дней,2026-08-06T09:50:07Z,2026-08-13T10:00:00Z,168.2,0.0,0.0,0.0,0.0,0.0
5-10 дней,2026-08-06T09:59:18Z,2026-08-11T10:00:00Z,120.0,0.0,0.0,0.0,0.0,0.0
5-10 дней,2026-08-06T09:59:18Z,2026-08-11T11:00:00Z,121.0,0.0,0.0,0.0,0.0,0.0
5-10 дней,2026-08-06T09:59:18Z,2026-08-11T12:00:00Z,122.0,0.0,0.0,0.0,0.0,0.0
5-10 дней,2026-08-06T09:59:18Z,2026-08-11T13:00:00Z,123.0,3.0,0.0,0.0,3.0,3.0
5-10 дней,2026-08-06T09:59:18Z,2026-08-11T14:00:00Z,124.0,8.0,0.0,0.0,8.0,8.0
5-10 дней,2026-08-06T09:59:18Z,2026-08-11T15:00:00Z,125.0,12.0,0.0,0.0,12.0,12.0
5-10 дней,2026-08-06T09:59:18Z,2026-08-11T16:00:00Z,126.0,16.0,0.0,0.0,16.0,16.0
5-10 дней,2026-08-06T09:59:18Z,2026-08-11T17:00:00Z,127.0,19.0,0.0,0.0,19.0,19.0
5-10 дней,2026-08-06T09:59:18Z,2026-08-11T18:00:00Z,128.0,20.0,0.0,0.0,20.0,20.0
5-10 дней,2026-08-06T09:59:18Z,2026-08-12T06:00:00Z,140.0,88.0,75.0,0.0,13.0,13.0
5-10 дней,2026-08-06T09:59:18Z,2026-08-12T07:00:00Z,141.0,68.0,75.0,0.0,-7.0,7.0
5-10 дней,2026-08-06T09:59:18Z,2026-08-12T08:00:00Z,142.0,36.0,50.0,0.0,-14.0,14.0
5-10 дней,2026-08-06T09:59:18Z,2026-08-12T09:00:00Z,143.0,12.0,25.0,0.0,-13.0,13.0
5-10 дней,2026-08-06T09:59:18Z,2026-08-12T10:00:00Z,144.0,3.0,25.0,0.0,-22.0,22.0
5-10 дней,2026-08-06T09:59:18Z,2026-08-12T11:00:00Z,145.0,0.0,12.5,0.0,-12.5,12.5
5-10 дней,2026-08-06T09:59:18Z,2026-08-12T12:00:00Z,146.0,0.0,12.5,0.0,-12.5,12.5
5-10 дней,2026-08-06T09:59:18Z,2026-08-12T13:00:00Z,147.0,2.0,0.0,0.0,2.0,2.0
5-10 дней,2026-08-06T09:59:18Z,2026-08-12T14:00:00Z,148.0,6.0,0.0,0.0,6.0,6.0
5-10 дней,2026-08-06T09:59:18Z,2026-08-12T15:00:00Z,149.0,8.0,0.0,0.0,8.0,8.0
5-10 дней,2026-08-06T09:59:18Z,2026-08-12T16:00:00Z,150.0,6.0,0.0,0.0,6.0,6.0
5-10 дней,2026-08-06T09:59:18Z,2026-08-12T17:00:00Z,151.0,3.0,0.0,0.0,3.0,3.0
5-10 дней,2026-08-06T09:59:18Z,2026-08-12T18:00:00Z,152.0,0.0,0.0,0.0,0.0,0.0
5-10 дней,2026-08-06T09:59:18Z,2026-08-13T06:00:00Z,164.0,0.0,0.0,0.0,0.0,0.0
5-10 дней,2026-08-06T09:59:18Z,2026-08-13T07:00:00Z,165.0,0.0,0.0,0.0,0.0,0.0
5-10 дней,2026-08-06T09:59:18Z,2026-08-13T08:00:00Z,166.0,0.0,0.0,0.0,0.0,0.0
5-10 дней,2026-08-06T09:59:18Z,2026-08-13T09:00:00Z,167.0,0.0,0.0,0.0,0.0,0.0
5-10 дней,2026-08-06T09:59:18Z,2026-08-13T10:00:00Z,168.0,0.0,0.0,0.0,0.0,0.0
5-10 дней,2026-08-06T10:08:26Z,2026-08-11T11:00:00Z,120.9,0.0,0.0,0.0,0.0,0.0
5-10 дней,2026-08-06T10:08:26Z,2026-08-11T12:00:00Z,121.9,0.0,0.0,0.0,0.0,0.0
5-10 дней,2026-08-06T10:08:26Z,2026-08-11T13:00:00Z,122.9,3.0,0.0,0.0,3.0,3.0
5-10 дней,2026-08-06T10:08:26Z,2026-08-11T14:00:00Z,123.9,8.0,0.0,0.0,8.0,8.0
5-10 дней,2026-08-06T10:08:26Z,2026-08-11T15:00:00Z,124.9,12.0,0.0,0.0,12.0,12.0
5-10 дней,2026-08-06T10:08:26Z,2026-08-11T16:00:00Z,125.9,16.0,0.0,0.0,16.0,16.0
5-10 дней,2026-08-06T10:08:26Z,2026-08-11T17:00:00Z,126.9,19.0,0.0,0.0,19.0,19.0
5-10 дней,2026-08-06T10:08:26Z,2026-08-11T18:00:00Z,127.9,20.0,0.0,0.0,20.0,20.0
5-10 дней,2026-08-06T10:08:26Z,2026-08-12T06:00:00Z,139.9,88.0,75.0,0.0,13.0,13.0
5-10 дней,2026-08-06T10:08:26Z,2026-08-12T07:00:00Z,140.9,68.0,75.0,0.0,-7.0,7.0
5-10 дней,2026-08-06T10:08:26Z,2026-08-12T08:00:00Z,141.9,36.0,50.0,0.0,-14.0,14.0
5-10 дней,2026-08-06T10:08:26Z,2026-08-12T09:00:00Z,142.9,12.0,25.0,0.0,-13.0,13.0
5-10 дней,2026-08-06T10:08:26Z,2026-08-12T10:00:00Z,143.9,3.0,25.0,0.0,-22.0,22.0
5-10 дней,2026-08-06T10:08:26Z,2026-08-12T11:00:00Z,144.9,0.0,12.5,0.0,-12.5,12.5
5-10 дней,2026-08-06T10:08:26Z,2026-08-12T12:00:00Z,145.9,0.0,12.5,0.0,-12.5,12.5
5-10 дней,2026-08-06T10:08:26Z,2026-08-12T13:00:00Z,146.9,2.0,0.0,0.0,2.0,2.0
5-10 дней,2026-08-06T10:08:26Z,2026-08-12T14:00:00Z,147.9,6.0,0.0,0.0,6.0,6.0
5-10 дней,2026-08-06T10:08:26Z,2026-08-12T15:00:00Z,148.9,8.0,0.0,0.0,8.0,8.0
5-10 дней,2026-08-06T10:08:26Z,2026-08-12T16:00:00Z,149.9,6.0,0.0,0.0,6.0,6.0
5-10 дней,2026-08-06T10:08:26Z,2026-08-12T17:00:00Z,150.9,3.0,0.0,0.0,3.0,3.0
5-10 дней,2026-08-06T10:08:26Z,2026-08-12T18:00:00Z,151.9,0.0,0.0,0.0,0.0,0.0
5-10 дней,2026-08-06T10:08:26Z,2026-08-13T06:00:00Z,163.9,0.0,0.0,0.0,0.0,0.0
5-10 дней,2026-08-06T10:08:26Z,2026-08-13T07:00:00Z,164.9,0.0,0.0,0.0,0.0,0.0
5-10 дней,2026-08-06T10:08:26Z,2026-08-13T08:00:00Z,165.9,0.0,0.0,0.0,0.0,0.0
5-10 дней,2026-08-06T10:08:26Z,2026-08-13T09:00:00Z,166.9,0.0,0.0,0.0,0.0,0.0
5-10 дней,2026-08-06T10:08:26Z,2026-08-13T10:00:00Z,167.9,0.0,0.0,0.0,0.0,0.0
5-10 дней,2026-08-06T10:47:54Z,2026-08-11T11:00:00Z,120.2,0.0,0.0,0.0,0.0,0.0
5-10 дней,2026-08-06T10:47:54Z,2026-08-11T12:00:00Z,121.2,0.0,0.0,0.0,0.0,0.0
5-10 дней,2026-08-06T10:47:54Z,2026-08-11T13:00:00Z,122.2,3.0,0.0,0.0,3.0,3.0
5-10 дней,2026-08-06T10:47:54Z,2026-08-11T14:00:00Z,123.2,8.0,0.0,0.0,8.0,8.0
5-10 дней,2026-08-06T10:47:54Z,2026-08-11T15:00:00Z,124.2,12.0,0.0,0.0,12.0,12.0
5-10 дней,2026-08-06T10:47:54Z,2026-08-11T16:00:00Z,125.2,16.0,0.0,0.0,16.0,16.0
5-10 дней,2026-08-06T10:47:54Z,2026-08-11T17:00:00Z,126.2,19.0,0.0,0.0,19.0,19.0
5-10 дней,2026-08-06T10:47:54Z,2026-08-11T18:00:00Z,127.2,20.0,0.0,0.0,20.0,20.0
5-10 дней,2026-08-06T10:47:54Z,2026-08-12T06:00:00Z,139.2,88.0,75.0,0.0,13.0,13.0
5-10 дней,2026-08-06T10:47:54Z,2026-08-12T07:00:00Z,140.2,68.0,75.0,0.0,-7.0,7.0
5-10 дней,2026-08-06T10:47:54Z,2026-08-12T08:00:00Z,141.2,36.0,50.0,0.0,-14.0,14.0
5-10 дней,2026-08-06T10:47:54Z,2026-08-12T09:00:00Z,142.2,12.0,25.0,0.0,-13.0,13.0
5-10 дней,2026-08-06T10:47:54Z,2026-08-12T10:00:00Z,143.2,3.0,25.0,0.0,-22.0,22.0
5-10 дней,2026-08-06T10:47:54Z,2026-08-12T11:00:00Z,144.2,0.0,12.5,0.0,-12.5,12.5
5-10 дней,2026-08-06T10:47:54Z,2026-08-12T12:00:00Z,145.2,0.0,12.5,0.0,-12.5,12.5
5-10 дней,2026-08-06T10:47:54Z,2026-08-12T13:00:00Z,146.2,2.0,0.0,0.0,2.0,2.0
5-10 дней,2026-08-06T10:47:54Z,2026-08-12T14:00:00Z,147.2,6.0,0.0,0.0,6.0,6.0
5-10 дней,2026-08-06T10:47:54Z,2026-08-12T15:00:00Z,148.2,8.0,0.0,0.0,8.0,8.0
5-10 дней,2026-08-06T10:47:54Z,2026-08-12T16:00:00Z,149.2,6.0,0.0,0.0,6.0,6.0
5-10 дней,2026-08-06T10:47:54Z,2026-08-12T17:00:00Z,150.2,3.0,0.0,0.0,3.0,3.0
5-10 дней,2026-08-06T10:47:54Z,2026-08-12T18:00:00Z,151.2,0.0,0.0,0.0,0.0,0.0
5-10 дней,2026-08-06T10:47:54Z,2026-08-13T06:00:00Z,163.2,0.0,0.0,0.0,0.0,0.0
5-10 дней,2026-08-06T10:47:54Z,2026-08-13T07:00:00Z,164.2,0.0,0.0,0.0,0.0,0.0
5-10 дней,2026-08-06T10:47:54Z,2026-08-13T08:00:00Z,165.2,0.0,0.0,0.0,0.0,0.0
5-10 дней,2026-08-06T10:47:54Z,2026-08-13T09:00:00Z,166.2,0.0,0.0,0.0,0.0,0.0
5-10 дней,2026-08-06T10:47:54Z,2026-08-13T10:00:00Z,167.2,0.0,0.0,0.0,0.0,0.0
5-10 дней,2026-08-06T11:30:42Z,2026-08-11T12:00:00Z,120.5,0.0,0.0,12.5,0.0,0.0
5-10 дней,2026-08-06T11:30:42Z,2026-08-11T13:00:00Z,121.5,3.0,0.0,12.5,3.0,3.0
5-10 дней,2026-08-06T11:30:42Z,2026-08-11T14:00:00Z,122.5,8.0,0.0,12.5,8.0,8.0
5-10 дней,2026-08-06T11:30:42Z,2026-08-11T15:00:00Z,123.5,12.0,0.0,12.5,12.0,12.0
5-10 дней,2026-08-06T11:30:42Z,2026-08-11T16:00:00Z,124.5,16.0,0.0,12.5,16.0,16.0
5-10 дней,2026-08-06T11:30:42Z,2026-08-11T17:00:00Z,125.5,19.0,0.0,12.5,19.0,19.0
5-10 дней,2026-08-06T11:30:42Z,2026-08-11T18:00:00Z,126.5,20.0,0.0,12.5,20.0,20.0
5-10 дней,2026-08-06T11:30:42Z,2026-08-12T06:00:00Z,138.5,88.0,75.0,12.5,13.0,13.0
5-10 дней,2026-08-06T11:30:42Z,2026-08-12T07:00:00Z,139.5,68.0,75.0,12.5,-7.0,7.0
5-10 дней,2026-08-06T11:30:42Z,2026-08-12T08:00:00Z,140.5,36.0,50.0,12.5,-14.0,14.0
5-10 дней,2026-08-06T11:30:42Z,2026-08-12T09:00:00Z,141.5,12.0,25.0,12.5,-13.0,13.0
5-10 дней,2026-08-06T11:30:42Z,2026-08-12T10:00:00Z,142.5,3.0,25.0,12.5,-22.0,22.0
5-10 дней,2026-08-06T11:30:42Z,2026-08-12T11:00:00Z,143.5,0.0,12.5,12.5,-12.5,12.5
5-10 дней,2026-08-06T11:30:42Z,2026-08-12T12:00:00Z,144.5,0.0,12.5,12.5,-12.5,12.5
5-10 дней,2026-08-06T11:30:42Z,2026-08-12T13:00:00Z,145.5,2.0,0.0,12.5,2.0,2.0
5-10 дней,2026-08-06T11:30:42Z,2026-08-12T14:00:00Z,146.5,6.0,0.0,12.5,6.0,6.0
5-10 дней,2026-08-06T11:30:42Z,2026-08-12T15:00:00Z,147.5,8.0,0.0,12.5,8.0,8.0
5-10 дней,2026-08-06T11:30:42Z,2026-08-12T16:00:00Z,148.5,6.0,0.0,12.5,6.0,6.0
5-10 дней,2026-08-06T11:30:42Z,2026-08-12T17:00:00Z,149.5,3.0,0.0,12.5,3.0,3.0
5-10 дней,2026-08-06T11:30:42Z,2026-08-12T18:00:00Z,150.5,0.0,0.0,12.5,0.0,0.0
5-10 дней,2026-08-06T11:30:42Z,2026-08-13T06:00:00Z,162.5,0.0,0.0,12.5,0.0,0.0
5-10 дней,2026-08-06T11:30:42Z,2026-08-13T07:00:00Z,163.5,0.0,0.0,12.5,0.0,0.0
5-10 дней,2026-08-06T11:30:42Z,2026-08-13T08:00:00Z,164.5,0.0,0.0,12.5,0.0,0.0
5-10 дней,2026-08-06T11:30:42Z,2026-08-13T09:00:00Z,165.5,0.0,0.0,12.5,0.0,0.0
5-10 дней,2026-08-06T11:30:42Z,2026-08-13T10:00:00Z,166.5,0.0,0.0,12.5,0.0,0.0
5-10 дней,2026-08-06T11:36:01Z,2026-08-11T12:00:00Z,120.4,0.0,0.0,12.5,0.0,0.0
5-10 дней,2026-08-06T11:36:01Z,2026-08-11T13:00:00Z,121.4,3.0,0.0,12.5,3.0,3.0
5-10 дней,2026-08-06T11:36:01Z,2026-08-11T14:00:00Z,122.4,8.0,0.0,12.5,8.0,8.0
5-10 дней,2026-08-06T11:36:01Z,2026-08-11T15:00:00Z,123.4,12.0,0.0,12.5,12.0,12.0
5-10 дней,2026-08-06T11:36:01Z,2026-08-11T16:00:00Z,124.4,16.0,0.0,12.5,16.0,16.0
5-10 дней,2026-08-06T11:36:01Z,2026-08-11T17:00:00Z,125.4,19.0,0.0,12.5,19.0,19.0
5-10 дней,2026-08-06T11:36:01Z,2026-08-11T18:00:00Z,126.4,20.0,0.0,12.5,20.0,20.0
5-10 дней,2026-08-06T11:36:01Z,2026-08-12T06:00:00Z,138.4,88.0,75.0,12.5,13.0,13.0
5-10 дней,2026-08-06T11:36:01Z,2026-08-12T07:00:00Z,139.4,68.0,75.0,12.5,-7.0,7.0
5-10 дней,2026-08-06T11:36:01Z,2026-08-12T08:00:00Z,140.4,36.0,50.0,12.5,-14.0,14.0
5-10 дней,2026-08-06T11:36:01Z,2026-08-12T09:00:00Z,141.4,12.0,25.0,12.5,-13.0,13.0
5-10 дней,2026-08-06T11:36:01Z,2026-08-12T10:00:00Z,142.4,3.0,25.0,12.5,-22.0,22.0
5-10 дней,2026-08-06T11:36:01Z,2026-08-12T11:00:00Z,143.4,0.0,12.5,12.5,-12.5,12.5
5-10 дней,2026-08-06T11:36:01Z,2026-08-12T12:00:00Z,144.4,0.0,12.5,12.5,-12.5,12.5
5-10 дней,2026-08-06T11:36:01Z,2026-08-12T13:00:00Z,145.4,2.0,0.0,12.5,2.0,2.0
5-10 дней,2026-08-06T11:36:01Z,2026-08-12T14:00:00Z,146.4,6.0,0.0,12.5,6.0,6.0
5-10 дней,2026-08-06T11:36:01Z,2026-08-12T15:00:00Z,147.4,8.0,0.0,12.5,8.0,8.0
5-10 дней,2026-08-06T11:36:01Z,2026-08-12T16:00:00Z,148.4,6.0,0.0,12.5,6.0,6.0
5-10 дней,2026-08-06T11:36:01Z,2026-08-12T17:00:00Z,149.4,3.0,0.0,12.5,3.0,3.0
5-10 дней,2026-08-06T11:36:01Z,2026-08-12T18:00:00Z,150.4,0.0,0.0,12.5,0.0,0.0
5-10 дней,2026-08-06T11:36:01Z,2026-08-13T06:00:00Z,162.4,0.0,0.0,12.5,0.0,0.0
5-10 дней,2026-08-06T11:36:01Z,2026-08-13T07:00:00Z,163.4,0.0,0.0,12.5,0.0,0.0
5-10 дней,2026-08-06T11:36:01Z,2026-08-13T08:00:00Z,164.4,0.0,0.0,12.5,0.0,0.0
5-10 дней,2026-08-06T11:36:01Z,2026-08-13T09:00:00Z,165.4,0.0,0.0,12.5,0.0,0.0
5-10 дней,2026-08-06T11:36:01Z,2026-08-13T10:00:00Z,166.4,0.0,0.0,12.5,0.0,0.0
5-10 дней,2026-08-06T11:44:08Z,2026-08-11T12:00:00Z,120.3,0.0,0.0,12.5,0.0,0.0
5-10 дней,2026-08-06T11:44:08Z,2026-08-11T13:00:00Z,121.3,3.0,0.0,12.5,3.0,3.0
5-10 дней,2026-08-06T11:44:08Z,2026-08-11T14:00:00Z,122.3,8.0,0.0,12.5,8.0,8.0
5-10 дней,2026-08-06T11:44:08Z,2026-08-11T15:00:00Z,123.3,12.0,0.0,12.5,12.0,12.0
5-10 дней,2026-08-06T11:44:08Z,2026-08-11T16:00:00Z,124.3,16.0,0.0,12.5,16.0,16.0
5-10 дней,2026-08-06T11:44:08Z,2026-08-11T17:00:00Z,125.3,19.0,0.0,12.5,19.0,19.0
5-10 дней,2026-08-06T11:44:08Z,2026-08-11T18:00:00Z,126.3,20.0,0.0,12.5,20.0,20.0
5-10 дней,2026-08-06T11:44:08Z,2026-08-12T06:00:00Z,138.3,88.0,75.0,12.5,13.0,13.0
5-10 дней,2026-08-06T11:44:08Z,2026-08-12T07:00:00Z,139.3,68.0,75.0,12.5,-7.0,7.0
5-10 дней,2026-08-06T11:44:08Z,2026-08-12T08:00:00Z,140.3,36.0,50.0,12.5,-14.0,14.0
5-10 дней,2026-08-06T11:44:08Z,2026-08-12T09:00:00Z,141.3,12.0,25.0,12.5,-13.0,13.0
5-10 дней,2026-08-06T11:44:08Z,2026-08-12T10:00:00Z,142.3,3.0,25.0,12.5,-22.0,22.0
5-10 дней,2026-08-06T11:44:08Z,2026-08-12T11:00:00Z,143.3,0.0,12.5,12.5,-12.5,12.5
5-10 дней,2026-08-06T11:44:08Z,2026-08-12T12:00:00Z,144.3,0.0,12.5,12.5,-12.5,12.5
5-10 дней,2026-08-06T11:44:08Z,2026-08-12T13:00:00Z,145.3,2.0,0.0,12.5,2.0,2.0
5-10 дней,2026-08-06T11:44:08Z,2026-08-12T14:00:00Z,146.3,6.0,0.0,12.5,6.0,6.0
5-10 дней,2026-08-06T11:44:08Z,2026-08-12T15:00:00Z,147.3,8.0,0.0,12.5,8.0,8.0
5-10 дней,2026-08-06T11:44:08Z,2026-08-12T16:00:00Z,148.3,6.0,0.0,12.5,6.0,6.0
5-10 дней,2026-08-06T11:44:08Z,2026-08-12T17:00:00Z,149.3,3.0,0.0,12.5,3.0,3.0
5-10 дней,2026-08-06T11:44:08Z,2026-08-12T18:00:00Z,150.3,0.0,0.0,12.5,0.0,0.0
5-10 дней,2026-08-06T11:44:08Z,2026-08-13T06:00:00Z,162.3,0.0,0.0,12.5,0.0,0.0
5-10 дней,2026-08-06T11:44:08Z,2026-08-13T07:00:00Z,163.3,0.0,0.0,12.5,0.0,0.0
5-10 дней,2026-08-06T11:44:08Z,2026-08-13T08:00:00Z,164.3,0.0,0.0,12.5,0.0,0.0
5-10 дней,2026-08-06T11:44:08Z,2026-08-13T09:00:00Z,165.3,0.0,0.0,12.5,0.0,0.0
5-10 дней,2026-08-06T11:44:08Z,2026-08-13T10:00:00Z,166.3,0.0,0.0,12.5,0.0,0.0
5-10 дней,2026-08-07T01:31:32Z,2026-08-12T06:00:00Z,124.5,0.0,75.0,75.0,-75.0,75.0
5-10 дней,2026-08-07T01:31:32Z,2026-08-12T07:00:00Z,125.5,1.0,75.0,75.0,-74.0,74.0
5-10 дней,2026-08-07T01:31:32Z,2026-08-12T08:00:00Z,126.5,5.0,50.0,75.0,-45.0,45.0
5-10 дней,2026-08-07T01:31:32Z,2026-08-12T09:00:00Z,127.5,8.0,25.0,75.0,-17.0,17.0
5-10 дней,2026-08-07T01:31:32Z,2026-08-12T10:00:00Z,128.5,6.0,25.0,75.0,-19.0,19.0
5-10 дней,2026-08-07T01:31:32Z,2026-08-12T11:00:00Z,129.5,2.0,12.5,75.0,-10.5,10.5
5-10 дней,2026-08-07T01:31:32Z,2026-08-12T12:00:00Z,130.5,0.0,12.5,75.0,-12.5,12.5
5-10 дней,2026-08-07T01:31:32Z,2026-08-12T13:00:00Z,131.5,2.0,0.0,75.0,2.0,2.0
5-10 дней,2026-08-07T01:31:32Z,2026-08-12T14:00:00Z,132.5,5.0,0.0,75.0,5.0,5.0
5-10 дней,2026-08-07T01:31:32Z,2026-08-12T15:00:00Z,133.5,8.0,0.0,75.0,8.0,8.0
5-10 дней,2026-08-07T01:31:32Z,2026-08-12T16:00:00Z,134.5,9.0,0.0,75.0,9.0,9.0
5-10 дней,2026-08-07T01:31:32Z,2026-08-12T17:00:00Z,135.5,9.0,0.0,75.0,9.0,9.0
5-10 дней,2026-08-07T01:31:32Z,2026-08-12T18:00:00Z,136.5,8.0,0.0,75.0,8.0,8.0
5-10 дней,2026-08-07T01:31:32Z,2026-08-13T06:00:00Z,148.5,0.0,0.0,75.0,0.0,0.0
5-10 дней,2026-08-07T01:31:32Z,2026-08-13T07:00:00Z,149.5,0.0,0.0,75.0,0.0,0.0
5-10 дней,2026-08-07T01:31:32Z,2026-08-13T08:00:00Z,150.5,0.0,0.0,75.0,0.0,0.0
5-10 дней,2026-08-07T01:31:32Z,2026-08-13T09:00:00Z,151.5,0.0,0.0,75.0,0.0,0.0
5-10 дней,2026-08-07T01:31:32Z,2026-08-13T10:00:00Z,152.5,0.0,0.0,75.0,0.0,0.0
5-10 дней,2026-08-07T05:36:00Z,2026-08-12T06:00:00Z,120.4,0.0,75.0,75.0,-75.0,75.0
5-10 дней,2026-08-07T05:36:00Z,2026-08-12T07:00:00Z,121.4,1.0,75.0,75.0,-74.0,74.0
5-10 дней,2026-08-07T05:36:00Z,2026-08-12T08:00:00Z,122.4,5.0,50.0,75.0,-45.0,45.0
5-10 дней,2026-08-07T05:36:00Z,2026-08-12T09:00:00Z,123.4,8.0,25.0,75.0,-17.0,17.0
5-10 дней,2026-08-07T05:36:00Z,2026-08-12T10:00:00Z,124.4,6.0,25.0,75.0,-19.0,19.0
5-10 дней,2026-08-07T05:36:00Z,2026-08-12T11:00:00Z,125.4,2.0,12.5,75.0,-10.5,10.5
5-10 дней,2026-08-07T05:36:00Z,2026-08-12T12:00:00Z,126.4,0.0,12.5,75.0,-12.5,12.5
5-10 дней,2026-08-07T05:36:00Z,2026-08-12T13:00:00Z,127.4,2.0,0.0,75.0,2.0,2.0
5-10 дней,2026-08-07T05:36:00Z,2026-08-12T14:00:00Z,128.4,5.0,0.0,75.0,5.0,5.0
5-10 дней,2026-08-07T05:36:00Z,2026-08-12T15:00:00Z,129.4,8.0,0.0,75.0,8.0,8.0
5-10 дней,2026-08-07T05:36:00Z,2026-08-12T16:00:00Z,130.4,9.0,0.0,75.0,9.0,9.0
5-10 дней,2026-08-07T05:36:00Z,2026-08-12T17:00:00Z,131.4,9.0,0.0,75.0,9.0,9.0
5-10 дней,2026-08-07T05:36:00Z,2026-08-12T18:00:00Z,132.4,8.0,0.0,75.0,8.0,8.0
5-10 дней,2026-08-07T05:36:00Z,2026-08-13T06:00:00Z,144.4,0.0,0.0,75.0,0.0,0.0
5-10 дней,2026-08-07T05:36:00Z,2026-08-13T07:00:00Z,145.4,0.0,0.0,75.0,0.0,0.0
5-10 дней,2026-08-07T05:36:00Z,2026-08-13T08:00:00Z,146.4,0.0,0.0,75.0,0.0,0.0
5-10 дней,2026-08-07T05:36:00Z,2026-08-13T09:00:00Z,147.4,0.0,0.0,75.0,0.0,0.0
5-10 дней,2026-08-07T05:36:00Z,2026-08-13T10:00:00Z,148.4,0.0,0.0,75.0,0.0,0.0
5-10 дней,2026-08-07T06:18:59Z,2026-08-12T07:00:00Z,120.7,10.0,75.0,12.5,-65.0,65.0
5-10 дней,2026-08-07T06:18:59Z,2026-08-12T08:00:00Z,121.7,11.0,50.0,12.5,-39.0,39.0
5-10 дней,2026-08-07T06:18:59Z,2026-08-12T09:00:00Z,122.7,12.0,25.0,12.5,-13.0,13.0
5-10 дней,2026-08-07T06:18:59Z,2026-08-12T10:00:00Z,123.7,12.0,25.0,12.5,-13.0,13.0
5-10 дней,2026-08-07T06:18:59Z,2026-08-12T11:00:00Z,124.7,12.0,12.5,12.5,-0.5,0.5
5-10 дней,2026-08-07T06:18:59Z,2026-08-12T12:00:00Z,125.7,12.0,12.5,12.5,-0.5,0.5
5-10 дней,2026-08-07T06:18:59Z,2026-08-12T13:00:00Z,126.7,12.0,0.0,12.5,12.0,12.0
5-10 дней,2026-08-07T06:18:59Z,2026-08-12T14:00:00Z,127.7,11.0,0.0,12.5,11.0,11.0
5-10 дней,2026-08-07T06:18:59Z,2026-08-12T15:00:00Z,128.7,12.0,0.0,12.5,12.0,12.0
5-10 дней,2026-08-07T06:18:59Z,2026-08-12T16:00:00Z,129.7,15.0,0.0,12.5,15.0,15.0
5-10 дней,2026-08-07T06:18:59Z,2026-08-12T17:00:00Z,130.7,18.0,0.0,12.5,18.0,18.0
5-10 дней,2026-08-07T06:18:59Z,2026-08-12T18:00:00Z,131.7,20.0,0.0,12.5,20.0,20.0
5-10 дней,2026-08-07T06:18:59Z,2026-08-13T06:00:00Z,143.7,0.0,0.0,12.5,0.0,0.0
5-10 дней,2026-08-07T06:18:59Z,2026-08-13T07:00:00Z,144.7,0.0,0.0,12.5,0.0,0.0
5-10 дней,2026-08-07T06:18:59Z,2026-08-13T08:00:00Z,145.7,0.0,0.0,12.5,0.0,0.0
5-10 дней,2026-08-07T06:18:59Z,2026-08-13T09:00:00Z,146.7,0.0,0.0,12.5,0.0,0.0
5-10 дней,2026-08-07T06:18:59Z,2026-08-13T10:00:00Z,147.7,0.0,0.0,12.5,0.0,0.0
5-10 дней,2026-08-07T07:13:52Z,2026-08-12T08:00:00Z,120.8,11.0,50.0,0.0,-39.0,39.0
5-10 дней,2026-08-07T07:13:52Z,2026-08-12T09:00:00Z,121.8,12.0,25.0,0.0,-13.0,13.0
5-10 дней,2026-08-07T07:13:52Z,2026-08-12T10:00:00Z,122.8,12.0,25.0,0.0,-13.0,13.0
5-10 дней,2026-08-07T07:13:52Z,2026-08-12T11:00:00Z,123.8,12.0,12.5,0.0,-0.5,0.5
5-10 дней,2026-08-07T07:13:52Z,2026-08-12T12:00:00Z,124.8,12.0,12.5,0.0,-0.5,0.5
5-10 дней,2026-08-07T07:13:52Z,2026-08-12T13:00:00Z,125.8,12.0,0.0,0.0,12.0,12.0
5-10 дней,2026-08-07T07:13:52Z,2026-08-12T14:00:00Z,126.8,11.0,0.0,0.0,11.0,11.0
5-10 дней,2026-08-07T07:13:52Z,2026-08-12T15:00:00Z,127.8,12.0,0.0,0.0,12.0,12.0
5-10 дней,2026-08-07T07:13:52Z,2026-08-12T16:00:00Z,128.8,15.0,0.0,0.0,15.0,15.0
5-10 дней,2026-08-07T07:13:52Z,2026-08-12T17:00:00Z,129.8,18.0,0.0,0.0,18.0,18.0
5-10 дней,2026-08-07T07:13:52Z,2026-08-12T18:00:00Z,130.8,20.0,0.0,0.0,20.0,20.0
5-10 дней,2026-08-07T07:13:52Z,2026-08-13T06:00:00Z,142.8,0.0,0.0,0.0,0.0,0.0
5-10 дней,2026-08-07T07:13:52Z,2026-08-13T07:00:00Z,143.8,0.0,0.0,0.0,0.0,0.0
5-10 дней,2026-08-07T07:13:52Z,2026-08-13T08:00:00Z,144.8,0.0,0.0,0.0,0.0,0.0
5-10 дней,2026-08-07T07:13:52Z,2026-08-13T09:00:00Z,145.8,0.0,0.0,0.0,0.0,0.0
5-10 дней,2026-08-07T07:13:52Z,2026-08-13T10:00:00Z,146.8,0.0,0.0,0.0,0.0,0.0
5-10 дней,2026-08-07T10:39:14Z,2026-08-12T11:00:00Z,120.3,12.0,12.5,0.0,-0.5,0.5
5-10 дней,2026-08-07T10:39:14Z,2026-08-12T12:00:00Z,121.3,12.0,12.5,0.0,-0.5,0.5
5-10 дней,2026-08-07T10:39:14Z,2026-08-12T13:00:00Z,122.3,12.0,0.0,0.0,12.0,12.0
5-10 дней,2026-08-07T10:39:14Z,2026-08-12T14:00:00Z,123.3,11.0,0.0,0.0,11.0,11.0
5-10 дней,2026-08-07T10:39:14Z,2026-08-12T15:00:00Z,124.3,12.0,0.0,0.0,12.0,12.0
5-10 дней,2026-08-07T10:39:14Z,2026-08-12T16:00:00Z,125.3,15.0,0.0,0.0,15.0,15.0
5-10 дней,2026-08-07T10:39:14Z,2026-08-12T17:00:00Z,126.3,18.0,0.0,0.0,18.0,18.0
5-10 дней,2026-08-07T10:39:14Z,2026-08-12T18:00:00Z,127.3,20.0,0.0,0.0,20.0,20.0
5-10 дней,2026-08-07T10:39:14Z,2026-08-13T06:00:00Z,139.3,0.0,0.0,0.0,0.0,0.0
5-10 дней,2026-08-07T10:39:14Z,2026-08-13T07:00:00Z,140.3,0.0,0.0,0.0,0.0,0.0
5-10 дней,2026-08-07T10:39:14Z,2026-08-13T08:00:00Z,141.3,0.0,0.0,0.0,0.0,0.0
5-10 дней,2026-08-07T10:39:14Z,2026-08-13T09:00:00Z,142.3,0.0,0.0,0.0,0.0,0.0
5-10 дней,2026-08-07T10:39:14Z,2026-08-13T10:00:00Z,143.3,0.0,0.0,0.0,0.0,0.0
5-10 дней,2026-08-07T16:51:54Z,2026-08-12T17:00:00Z,120.1,18.0,0.0,37.5,18.0,18.0
5-10 дней,2026-08-07T16:51:54Z,2026-08-12T18:00:00Z,121.1,20.0,0.0,37.5,20.0,20.0
5-10 дней,2026-08-07T16:51:54Z,2026-08-13T06:00:00Z,133.1,0.0,0.0,37.5,0.0,0.0
5-10 дней,2026-08-07T16:51:54Z,2026-08-13T07:00:00Z,134.1,0.0,0.0,37.5,0.0,0.0
5-10 дней,2026-08-07T16:51:54Z,2026-08-13T08:00:00Z,135.1,0.0,0.0,37.5,0.0,0.0
5-10 дней,2026-08-07T16:51:54Z,2026-08-13T09:00:00Z,136.1,0.0,0.0,37.5,0.0,0.0
5-10 дней,2026-08-07T16:51:54Z,2026-08-13T10:00:00Z,137.1,0.0,0.0,37.5,0.0,0.0
5-10 дней,2026-08-07T22:45:57Z,2026-08-13T06:00:00Z,127.2,0.0,0.0,75.0,0.0,0.0
5-10 дней,2026-08-07T22:45:57Z,2026-08-13T07:00:00Z,128.2,0.0,0.0,75.0,0.0,0.0
5-10 дней,2026-08-07T22:45:57Z,2026-08-13T08:00:00Z,129.2,0.0,0.0,75.0,0.0,0.0
5-10 дней,2026-08-07T22:45:57Z,2026-08-13T09:00:00Z,130.2,0.0,0.0,75.0,0.0,0.0
5-10 дней,2026-08-07T22:45:57Z,2026-08-13T10:00:00Z,131.2,0.0,0.0,75.0,0.0,0.0
5-10 дней,2026-08-07T23:19:23Z,2026-08-13T06:00:00Z,126.7,0.0,0.0,75.0,0.0,0.0
5-10 дней,2026-08-07T23:19:23Z,2026-08-13T07:00:00Z,127.7,0.0,0.0,75.0,0.0,0.0
5-10 дней,2026-08-07T23:19:23Z,2026-08-13T08:00:00Z,128.7,0.0,0.0,75.0,0.0,0.0
5-10 дней,2026-08-07T23:19:23Z,2026-08-13T09:00:00Z,129.7,0.0,0.0,75.0,0.0,0.0
5-10 дней,2026-08-07T23:19:23Z,2026-08-13T10:00:00Z,130.7,0.0,0.0,75.0,0.0,0.0
5-10 дней,2026-08-08T04:50:53Z,2026-08-13T06:00:00Z,121.2,0.0,0.0,75.0,0.0,0.0
5-10 дней,2026-08-08T04:50:53Z,2026-08-13T07:00:00Z,122.2,0.0,0.0,75.0,0.0,0.0
5-10 дней,2026-08-08T04:50:53Z,2026-08-13T08:00:00Z,123.2,0.0,0.0,75.0,0.0,0.0
5-10 дней,2026-08-08T04:50:53Z,2026-08-13T09:00:00Z,124.2,0.0,0.0,75.0,0.0,0.0
5-10 дней,2026-08-08T04:50:53Z,2026-08-13T10:00:00Z,125.2,0.0,0.0,75.0,0.0,0.0
