# Нови-Сад / Облачность / 0-6ч, 6-24ч, 1-2 дня, 2-3 дня, 3-5 дней, 5-10 дней / ECMWF IFS
# n=4093, MAE=6.153, RMSE=14.665, bias=-2.923
# skill = 1 - (RMSE/RMSE_персистентности)^2 = 1 - (14.665/20.974)^2 = 0.5111  (RMSE_персистентности по 4093 пар(ам))
# persistence baseline = как вчера в это же время - выбран автоматически как более сильный (ниже RMSE) из двух кандидатов для этого периода, одинаково для всех источников
# «Общий» = объединённый пул пар из периодов: 0-6ч, 6-24ч, 1-2 дня, 2-3 дня, 3-5 дней, 5-10 дней - метрика посчитана заново по всему пулу, а не усреднена по периодам
#
bucket,fetched_at,valid_time,lead_hours,forecast,observed,persistence,error,abs_error
0-6ч,2026-08-06T09:50:07Z,2026-08-06T10:00:00Z,0.2,0.0,0.0,0.0,0.0,0.0
0-6ч,2026-08-06T09:50:07Z,2026-08-06T11:00:00Z,1.2,0.0,12.5,0.0,-12.5,12.5
0-6ч,2026-08-06T09:50:07Z,2026-08-06T12:00:00Z,2.2,3.0,25.0,0.0,-22.0,22.0
0-6ч,2026-08-06T09:50:07Z,2026-08-06T13:00:00Z,3.2,12.0,50.0,0.0,-38.0,38.0
0-6ч,2026-08-06T09:50:07Z,2026-08-06T14:00:00Z,4.2,25.0,62.5,12.5,-37.5,37.5
0-6ч,2026-08-06T09:50:07Z,2026-08-06T15:00:00Z,5.2,32.0,87.5,37.5,-55.5,55.5
0-6ч,2026-08-06T09:59:18Z,2026-08-06T10:00:00Z,0.0,0.0,0.0,0.0,0.0,0.0
0-6ч,2026-08-06T09:59:18Z,2026-08-06T11:00:00Z,1.0,0.0,12.5,0.0,-12.5,12.5
0-6ч,2026-08-06T09:59:18Z,2026-08-06T12:00:00Z,2.0,3.0,25.0,0.0,-22.0,22.0
0-6ч,2026-08-06T09:59:18Z,2026-08-06T13:00:00Z,3.0,12.0,50.0,0.0,-38.0,38.0
0-6ч,2026-08-06T09:59:18Z,2026-08-06T14:00:00Z,4.0,25.0,62.5,12.5,-37.5,37.5
0-6ч,2026-08-06T09:59:18Z,2026-08-06T15:00:00Z,5.0,32.0,87.5,37.5,-55.5,55.5
0-6ч,2026-08-06T10:08:26Z,2026-08-06T11:00:00Z,0.9,0.0,12.5,0.0,-12.5,12.5
0-6ч,2026-08-06T10:08:26Z,2026-08-06T12:00:00Z,1.9,3.0,25.0,0.0,-22.0,22.0
0-6ч,2026-08-06T10:08:26Z,2026-08-06T13:00:00Z,2.9,12.0,50.0,0.0,-38.0,38.0
0-6ч,2026-08-06T10:08:26Z,2026-08-06T14:00:00Z,3.9,25.0,62.5,12.5,-37.5,37.5
0-6ч,2026-08-06T10:08:26Z,2026-08-06T15:00:00Z,4.9,32.0,87.5,37.5,-55.5,55.5
0-6ч,2026-08-06T10:08:26Z,2026-08-06T16:00:00Z,5.9,30.0,87.5,50.0,-57.5,57.5
0-6ч,2026-08-06T10:47:54Z,2026-08-06T11:00:00Z,0.2,0.0,12.5,0.0,-12.5,12.5
0-6ч,2026-08-06T10:47:54Z,2026-08-06T12:00:00Z,1.2,3.0,25.0,0.0,-22.0,22.0
0-6ч,2026-08-06T10:47:54Z,2026-08-06T13:00:00Z,2.2,12.0,50.0,0.0,-38.0,38.0
0-6ч,2026-08-06T10:47:54Z,2026-08-06T14:00:00Z,3.2,25.0,62.5,12.5,-37.5,37.5
0-6ч,2026-08-06T10:47:54Z,2026-08-06T15:00:00Z,4.2,32.0,87.5,37.5,-55.5,55.5
0-6ч,2026-08-06T10:47:54Z,2026-08-06T16:00:00Z,5.2,30.0,87.5,50.0,-57.5,57.5
0-6ч,2026-08-06T11:30:42Z,2026-08-06T12:00:00Z,0.5,3.0,25.0,0.0,-22.0,22.0
0-6ч,2026-08-06T11:30:42Z,2026-08-06T13:00:00Z,1.5,12.0,50.0,0.0,-38.0,38.0
0-6ч,2026-08-06T11:30:42Z,2026-08-06T14:00:00Z,2.5,25.0,62.5,12.5,-37.5,37.5
0-6ч,2026-08-06T11:30:42Z,2026-08-06T15:00:00Z,3.5,32.0,87.5,37.5,-55.5,55.5
0-6ч,2026-08-06T11:30:42Z,2026-08-06T16:00:00Z,4.5,30.0,87.5,50.0,-57.5,57.5
0-6ч,2026-08-06T11:30:42Z,2026-08-06T17:00:00Z,5.5,23.0,87.5,50.0,-64.5,64.5
0-6ч,2026-08-06T11:36:01Z,2026-08-06T12:00:00Z,0.4,3.0,25.0,0.0,-22.0,22.0
0-6ч,2026-08-06T11:36:01Z,2026-08-06T13:00:00Z,1.4,12.0,50.0,0.0,-38.0,38.0
0-6ч,2026-08-06T11:36:01Z,2026-08-06T14:00:00Z,2.4,25.0,62.5,12.5,-37.5,37.5
0-6ч,2026-08-06T11:36:01Z,2026-08-06T15:00:00Z,3.4,32.0,87.5,37.5,-55.5,55.5
0-6ч,2026-08-06T11:36:01Z,2026-08-06T16:00:00Z,4.4,30.0,87.5,50.0,-57.5,57.5
0-6ч,2026-08-06T11:36:01Z,2026-08-06T17:00:00Z,5.4,23.0,87.5,50.0,-64.5,64.5
0-6ч,2026-08-06T11:44:08Z,2026-08-06T12:00:00Z,0.3,3.0,25.0,0.0,-22.0,22.0
0-6ч,2026-08-06T11:44:08Z,2026-08-06T13:00:00Z,1.3,12.0,50.0,0.0,-38.0,38.0
0-6ч,2026-08-06T11:44:08Z,2026-08-06T14:00:00Z,2.3,25.0,62.5,12.5,-37.5,37.5
0-6ч,2026-08-06T11:44:08Z,2026-08-06T15:00:00Z,3.3,32.0,87.5,37.5,-55.5,55.5
0-6ч,2026-08-06T11:44:08Z,2026-08-06T16:00:00Z,4.3,30.0,87.5,50.0,-57.5,57.5
0-6ч,2026-08-06T11:44:08Z,2026-08-06T17:00:00Z,5.3,23.0,87.5,50.0,-64.5,64.5
0-6ч,2026-08-07T01:31:32Z,2026-08-07T06:00:00Z,4.5,0.0,12.5,0.0,-12.5,12.5
0-6ч,2026-08-07T01:31:32Z,2026-08-07T07:00:00Z,5.5,0.0,0.0,0.0,0.0,0.0
0-6ч,2026-08-07T05:36:00Z,2026-08-07T06:00:00Z,0.4,0.0,12.5,0.0,-12.5,12.5
0-6ч,2026-08-07T05:36:00Z,2026-08-07T07:00:00Z,1.4,0.0,0.0,0.0,0.0,0.0
0-6ч,2026-08-07T05:36:00Z,2026-08-07T08:00:00Z,2.4,0.0,0.0,0.0,0.0,0.0
0-6ч,2026-08-07T05:36:00Z,2026-08-07T09:00:00Z,3.4,0.0,0.0,0.0,0.0,0.0
0-6ч,2026-08-07T05:36:00Z,2026-08-07T10:00:00Z,4.4,15.0,0.0,0.0,15.0,15.0
0-6ч,2026-08-07T05:36:00Z,2026-08-07T11:00:00Z,5.4,36.0,0.0,12.5,36.0,36.0
0-6ч,2026-08-07T06:18:59Z,2026-08-07T07:00:00Z,0.7,0.0,0.0,0.0,0.0,0.0
0-6ч,2026-08-07T06:18:59Z,2026-08-07T08:00:00Z,1.7,0.0,0.0,0.0,0.0,0.0
0-6ч,2026-08-07T06:18:59Z,2026-08-07T09:00:00Z,2.7,0.0,0.0,0.0,0.0,0.0
0-6ч,2026-08-07T06:18:59Z,2026-08-07T10:00:00Z,3.7,15.0,0.0,0.0,15.0,15.0
0-6ч,2026-08-07T06:18:59Z,2026-08-07T11:00:00Z,4.7,36.0,0.0,12.5,36.0,36.0
0-6ч,2026-08-07T06:18:59Z,2026-08-07T12:00:00Z,5.7,51.0,0.0,25.0,51.0,51.0
0-6ч,2026-08-07T07:13:52Z,2026-08-07T08:00:00Z,0.8,0.0,0.0,0.0,0.0,0.0
0-6ч,2026-08-07T07:13:52Z,2026-08-07T09:00:00Z,1.8,0.0,0.0,0.0,0.0,0.0
0-6ч,2026-08-07T07:13:52Z,2026-08-07T10:00:00Z,2.8,15.0,0.0,0.0,15.0,15.0
0-6ч,2026-08-07T07:13:52Z,2026-08-07T11:00:00Z,3.8,36.0,0.0,12.5,36.0,36.0
0-6ч,2026-08-07T07:13:52Z,2026-08-07T12:00:00Z,4.8,51.0,0.0,25.0,51.0,51.0
0-6ч,2026-08-07T07:13:52Z,2026-08-07T13:00:00Z,5.8,54.0,12.5,50.0,41.5,41.5
0-6ч,2026-08-07T10:39:14Z,2026-08-07T11:00:00Z,0.3,8.0,0.0,12.5,8.0,8.0
0-6ч,2026-08-07T10:39:14Z,2026-08-07T12:00:00Z,1.3,16.0,0.0,25.0,16.0,16.0
0-6ч,2026-08-07T10:39:14Z,2026-08-07T13:00:00Z,2.3,29.0,12.5,50.0,16.5,16.5
0-6ч,2026-08-07T10:39:14Z,2026-08-07T14:00:00Z,3.3,44.0,25.0,62.5,19.0,19.0
0-6ч,2026-08-07T10:39:14Z,2026-08-07T15:00:00Z,4.3,53.0,25.0,87.5,28.0,28.0
0-6ч,2026-08-07T10:39:14Z,2026-08-07T16:00:00Z,5.3,53.0,37.5,87.5,15.5,15.5
0-6ч,2026-08-07T16:51:54Z,2026-08-07T17:00:00Z,0.1,14.0,12.5,87.5,1.5,1.5
0-6ч,2026-08-07T16:51:54Z,2026-08-07T18:00:00Z,1.1,4.0,75.0,75.0,-71.0,71.0
0-6ч,2026-08-08T04:50:53Z,2026-08-08T06:00:00Z,1.2,2.0,0.0,12.5,2.0,2.0
0-6ч,2026-08-08T04:50:53Z,2026-08-08T07:00:00Z,2.2,2.0,0.0,0.0,2.0,2.0
0-6ч,2026-08-08T04:50:53Z,2026-08-08T08:00:00Z,3.2,1.0,0.0,0.0,1.0,1.0
0-6ч,2026-08-08T04:50:53Z,2026-08-08T09:00:00Z,4.2,0.0,0.0,0.0,0.0,0.0
0-6ч,2026-08-08T04:50:53Z,2026-08-08T10:00:00Z,5.2,0.0,0.0,0.0,0.0,0.0
0-6ч,2026-08-08T10:18:13Z,2026-08-08T11:00:00Z,0.7,16.0,12.5,0.0,3.5,3.5
0-6ч,2026-08-08T10:18:13Z,2026-08-08T12:00:00Z,1.7,20.0,12.5,0.0,7.5,7.5
0-6ч,2026-08-08T10:18:13Z,2026-08-08T13:00:00Z,2.7,18.0,12.5,12.5,5.5,5.5
0-6ч,2026-08-08T10:18:13Z,2026-08-08T14:00:00Z,3.7,13.0,12.5,25.0,0.5,0.5
0-6ч,2026-08-08T10:18:13Z,2026-08-08T15:00:00Z,4.7,10.0,12.5,25.0,-2.5,2.5
0-6ч,2026-08-08T10:18:13Z,2026-08-08T16:00:00Z,5.7,11.0,0.0,37.5,11.0,11.0
0-6ч,2026-08-09T04:59:03Z,2026-08-09T06:00:00Z,1.0,0.0,0.0,0.0,0.0,0.0
0-6ч,2026-08-09T04:59:03Z,2026-08-09T07:00:00Z,2.0,0.0,0.0,0.0,0.0,0.0
0-6ч,2026-08-09T04:59:03Z,2026-08-09T08:00:00Z,3.0,0.0,0.0,0.0,0.0,0.0
0-6ч,2026-08-09T04:59:03Z,2026-08-09T09:00:00Z,4.0,0.0,0.0,0.0,0.0,0.0
0-6ч,2026-08-09T04:59:03Z,2026-08-09T10:00:00Z,5.0,0.0,0.0,0.0,0.0,0.0
0-6ч,2026-08-09T10:19:29Z,2026-08-09T11:00:00Z,0.7,0.0,0.0,12.5,0.0,0.0
0-6ч,2026-08-09T10:19:29Z,2026-08-09T12:00:00Z,1.7,0.0,12.5,12.5,-12.5,12.5
0-6ч,2026-08-09T10:19:29Z,2026-08-09T13:00:00Z,2.7,0.0,12.5,12.5,-12.5,12.5
0-6ч,2026-08-09T10:19:29Z,2026-08-09T14:00:00Z,3.7,0.0,0.0,12.5,0.0,0.0
0-6ч,2026-08-09T10:19:29Z,2026-08-09T15:00:00Z,4.7,0.0,0.0,12.5,0.0,0.0
0-6ч,2026-08-09T10:19:29Z,2026-08-09T16:00:00Z,5.7,0.0,0.0,0.0,0.0,0.0
0-6ч,2026-08-09T12:41:38Z,2026-08-09T13:00:00Z,0.3,0.0,12.5,12.5,-12.5,12.5
0-6ч,2026-08-09T12:41:38Z,2026-08-09T14:00:00Z,1.3,0.0,0.0,12.5,0.0,0.0
0-6ч,2026-08-09T12:41:38Z,2026-08-09T15:00:00Z,2.3,0.0,0.0,12.5,0.0,0.0
0-6ч,2026-08-09T12:41:38Z,2026-08-09T16:00:00Z,3.3,0.0,0.0,0.0,0.0,0.0
0-6ч,2026-08-09T12:41:38Z,2026-08-09T17:00:00Z,4.3,0.0,0.0,0.0,0.0,0.0
0-6ч,2026-08-09T12:41:38Z,2026-08-09T18:00:00Z,5.3,0.0,0.0,0.0,0.0,0.0
0-6ч,2026-08-09T12:45:53Z,2026-08-09T13:00:00Z,0.2,0.0,12.5,12.5,-12.5,12.5
0-6ч,2026-08-09T12:45:53Z,2026-08-09T14:00:00Z,1.2,0.0,0.0,12.5,0.0,0.0
0-6ч,2026-08-09T12:45:53Z,2026-08-09T15:00:00Z,2.2,0.0,0.0,12.5,0.0,0.0
0-6ч,2026-08-09T12:45:53Z,2026-08-09T16:00:00Z,3.2,0.0,0.0,0.0,0.0,0.0
0-6ч,2026-08-09T12:45:53Z,2026-08-09T17:00:00Z,4.2,0.0,0.0,0.0,0.0,0.0
0-6ч,2026-08-09T12:45:53Z,2026-08-09T18:00:00Z,5.2,0.0,0.0,0.0,0.0,0.0
0-6ч,2026-08-09T12:48:15Z,2026-08-09T13:00:00Z,0.2,0.0,12.5,12.5,-12.5,12.5
0-6ч,2026-08-09T12:48:15Z,2026-08-09T14:00:00Z,1.2,0.0,0.0,12.5,0.0,0.0
0-6ч,2026-08-09T12:48:15Z,2026-08-09T15:00:00Z,2.2,0.0,0.0,12.5,0.0,0.0
0-6ч,2026-08-09T12:48:15Z,2026-08-09T16:00:00Z,3.2,0.0,0.0,0.0,0.0,0.0
0-6ч,2026-08-09T12:48:15Z,2026-08-09T17:00:00Z,4.2,0.0,0.0,0.0,0.0,0.0
0-6ч,2026-08-09T12:48:15Z,2026-08-09T18:00:00Z,5.2,0.0,0.0,0.0,0.0,0.0
0-6ч,2026-08-09T16:31:44Z,2026-08-09T17:00:00Z,0.5,0.0,0.0,0.0,0.0,0.0
0-6ч,2026-08-09T16:31:44Z,2026-08-09T18:00:00Z,1.5,0.0,0.0,0.0,0.0,0.0
0-6ч,2026-08-10T05:20:42Z,2026-08-10T06:00:00Z,0.7,0.0,0.0,0.0,0.0,0.0
0-6ч,2026-08-10T05:20:42Z,2026-08-10T07:00:00Z,1.7,0.0,0.0,0.0,0.0,0.0
0-6ч,2026-08-10T05:20:42Z,2026-08-10T08:00:00Z,2.7,0.0,0.0,0.0,0.0,0.0
0-6ч,2026-08-10T05:20:42Z,2026-08-10T09:00:00Z,3.7,0.0,0.0,0.0,0.0,0.0
0-6ч,2026-08-10T05:20:42Z,2026-08-10T10:00:00Z,4.7,0.0,0.0,0.0,0.0,0.0
0-6ч,2026-08-10T05:20:42Z,2026-08-10T11:00:00Z,5.7,0.0,12.5,0.0,-12.5,12.5
0-6ч,2026-08-10T10:53:28Z,2026-08-10T11:00:00Z,0.1,0.0,12.5,0.0,-12.5,12.5
0-6ч,2026-08-10T10:53:28Z,2026-08-10T12:00:00Z,1.1,0.0,0.0,12.5,0.0,0.0
0-6ч,2026-08-10T10:53:28Z,2026-08-10T13:00:00Z,2.1,0.0,0.0,12.5,0.0,0.0
0-6ч,2026-08-10T10:53:28Z,2026-08-10T14:00:00Z,3.1,0.0,0.0,0.0,0.0,0.0
0-6ч,2026-08-10T10:53:28Z,2026-08-10T15:00:00Z,4.1,0.0,0.0,0.0,0.0,0.0
0-6ч,2026-08-10T10:53:28Z,2026-08-10T16:00:00Z,5.1,0.0,0.0,0.0,0.0,0.0
0-6ч,2026-08-10T16:52:05Z,2026-08-10T17:00:00Z,0.1,0.0,0.0,0.0,0.0,0.0
0-6ч,2026-08-10T16:52:05Z,2026-08-10T18:00:00Z,1.1,0.0,0.0,0.0,0.0,0.0
0-6ч,2026-08-11T05:01:49Z,2026-08-11T06:00:00Z,1.0,0.0,0.0,0.0,0.0,0.0
0-6ч,2026-08-11T05:01:49Z,2026-08-11T07:00:00Z,2.0,0.0,0.0,0.0,0.0,0.0
0-6ч,2026-08-11T05:01:49Z,2026-08-11T08:00:00Z,3.0,0.0,0.0,0.0,0.0,0.0
0-6ч,2026-08-11T05:01:49Z,2026-08-11T09:00:00Z,4.0,0.0,0.0,0.0,0.0,0.0
0-6ч,2026-08-11T05:01:49Z,2026-08-11T10:00:00Z,5.0,0.0,0.0,0.0,0.0,0.0
0-6ч,2026-08-11T05:01:49Z,2026-08-11T11:00:00Z,6.0,0.0,0.0,12.5,0.0,0.0
0-6ч,2026-08-11T10:38:45Z,2026-08-11T11:00:00Z,0.4,0.0,0.0,12.5,0.0,0.0
0-6ч,2026-08-11T10:38:45Z,2026-08-11T12:00:00Z,1.4,0.0,0.0,0.0,0.0,0.0
0-6ч,2026-08-11T10:38:45Z,2026-08-11T13:00:00Z,2.4,0.0,0.0,0.0,0.0,0.0
0-6ч,2026-08-11T10:38:45Z,2026-08-11T14:00:00Z,3.4,0.0,0.0,0.0,0.0,0.0
0-6ч,2026-08-11T10:38:45Z,2026-08-11T15:00:00Z,4.4,2.0,0.0,0.0,2.0,2.0
0-6ч,2026-08-11T10:38:45Z,2026-08-11T16:00:00Z,5.4,14.0,0.0,0.0,14.0,14.0
0-6ч,2026-08-12T06:05:22Z,2026-08-12T07:00:00Z,0.9,0.0,75.0,0.0,-75.0,75.0
0-6ч,2026-08-12T06:05:22Z,2026-08-12T08:00:00Z,1.9,0.0,50.0,0.0,-50.0,50.0
0-6ч,2026-08-12T06:05:22Z,2026-08-12T09:00:00Z,2.9,0.0,25.0,0.0,-25.0,25.0
0-6ч,2026-08-12T06:05:22Z,2026-08-12T10:00:00Z,3.9,0.0,25.0,0.0,-25.0,25.0
0-6ч,2026-08-12T06:05:22Z,2026-08-12T11:00:00Z,4.9,0.0,12.5,0.0,-12.5,12.5
0-6ч,2026-08-12T06:05:22Z,2026-08-12T12:00:00Z,5.9,0.0,12.5,0.0,-12.5,12.5
0-6ч,2026-08-12T10:47:03Z,2026-08-12T11:00:00Z,0.2,1.0,12.5,0.0,-11.5,11.5
0-6ч,2026-08-12T10:47:03Z,2026-08-12T12:00:00Z,1.2,1.0,12.5,0.0,-11.5,11.5
0-6ч,2026-08-12T10:47:03Z,2026-08-12T13:00:00Z,2.2,1.0,0.0,0.0,1.0,1.0
0-6ч,2026-08-12T10:47:03Z,2026-08-12T14:00:00Z,3.2,0.0,0.0,0.0,0.0,0.0
0-6ч,2026-08-12T10:47:03Z,2026-08-12T15:00:00Z,4.2,0.0,0.0,0.0,0.0,0.0
0-6ч,2026-08-12T10:47:03Z,2026-08-12T16:00:00Z,5.2,0.0,0.0,0.0,0.0,0.0
0-6ч,2026-08-12T16:54:57Z,2026-08-12T17:00:00Z,0.1,0.0,0.0,0.0,0.0,0.0
0-6ч,2026-08-12T16:54:57Z,2026-08-12T18:00:00Z,1.1,0.0,0.0,0.0,0.0,0.0
0-6ч,2026-08-13T05:30:08Z,2026-08-13T06:00:00Z,0.5,0.0,0.0,75.0,0.0,0.0
0-6ч,2026-08-13T05:30:08Z,2026-08-13T07:00:00Z,1.5,0.0,0.0,75.0,0.0,0.0
0-6ч,2026-08-13T05:30:08Z,2026-08-13T08:00:00Z,2.5,0.0,0.0,50.0,0.0,0.0
0-6ч,2026-08-13T05:30:08Z,2026-08-13T09:00:00Z,3.5,0.0,0.0,25.0,0.0,0.0
0-6ч,2026-08-13T05:30:08Z,2026-08-13T10:00:00Z,4.5,0.0,0.0,25.0,0.0,0.0
0-6ч,2026-08-13T05:30:08Z,2026-08-13T11:00:00Z,5.5,0.0,0.0,12.5,0.0,0.0
0-6ч,2026-08-13T10:49:01Z,2026-08-13T11:00:00Z,0.2,0.0,0.0,12.5,0.0,0.0
0-6ч,2026-08-13T10:49:01Z,2026-08-13T12:00:00Z,1.2,0.0,0.0,12.5,0.0,0.0
0-6ч,2026-08-13T10:49:01Z,2026-08-13T13:00:00Z,2.2,0.0,0.0,0.0,0.0,0.0
0-6ч,2026-08-13T10:49:01Z,2026-08-13T14:00:00Z,3.2,0.0,0.0,0.0,0.0,0.0
0-6ч,2026-08-13T10:49:01Z,2026-08-13T15:00:00Z,4.2,0.0,0.0,0.0,0.0,0.0
0-6ч,2026-08-13T10:49:01Z,2026-08-13T16:00:00Z,5.2,0.0,0.0,0.0,0.0,0.0
0-6ч,2026-08-13T16:36:10Z,2026-08-13T17:00:00Z,0.4,0.0,0.0,0.0,0.0,0.0
0-6ч,2026-08-13T16:36:10Z,2026-08-13T18:00:00Z,1.4,0.0,0.0,0.0,0.0,0.0
0-6ч,2026-08-13T16:42:24Z,2026-08-13T17:00:00Z,0.3,0.0,0.0,0.0,0.0,0.0
0-6ч,2026-08-13T16:42:24Z,2026-08-13T18:00:00Z,1.3,0.0,0.0,0.0,0.0,0.0
0-6ч,2026-08-13T16:54:22Z,2026-08-13T17:00:00Z,0.1,0.0,0.0,0.0,0.0,0.0
0-6ч,2026-08-13T16:54:22Z,2026-08-13T18:00:00Z,1.1,0.0,0.0,0.0,0.0,0.0
0-6ч,2026-08-14T05:28:14Z,2026-08-14T06:00:00Z,0.5,0.0,0.0,0.0,0.0,0.0
0-6ч,2026-08-14T05:28:14Z,2026-08-14T07:00:00Z,1.5,0.0,0.0,0.0,0.0,0.0
0-6ч,2026-08-14T05:28:14Z,2026-08-14T08:00:00Z,2.5,0.0,0.0,0.0,0.0,0.0
0-6ч,2026-08-14T05:28:14Z,2026-08-14T09:00:00Z,3.5,0.0,0.0,0.0,0.0,0.0
0-6ч,2026-08-14T05:28:14Z,2026-08-14T10:00:00Z,4.5,0.0,0.0,0.0,0.0,0.0
0-6ч,2026-08-14T05:28:14Z,2026-08-14T11:00:00Z,5.5,0.0,25.0,0.0,-25.0,25.0
0-6ч,2026-08-14T10:44:54Z,2026-08-14T11:00:00Z,0.3,0.0,25.0,0.0,-25.0,25.0
0-6ч,2026-08-14T10:44:54Z,2026-08-14T12:00:00Z,1.3,0.0,25.0,0.0,-25.0,25.0
0-6ч,2026-08-14T10:44:54Z,2026-08-14T13:00:00Z,2.3,0.0,25.0,0.0,-25.0,25.0
0-6ч,2026-08-14T10:44:54Z,2026-08-14T14:00:00Z,3.3,0.0,25.0,0.0,-25.0,25.0
0-6ч,2026-08-14T10:44:54Z,2026-08-14T15:00:00Z,4.3,0.0,12.5,0.0,-12.5,12.5
0-6ч,2026-08-14T10:44:54Z,2026-08-14T16:00:00Z,5.3,0.0,12.5,0.0,-12.5,12.5
0-6ч,2026-08-14T16:48:33Z,2026-08-14T17:00:00Z,0.2,0.0,12.5,0.0,-12.5,12.5
0-6ч,2026-08-14T16:48:33Z,2026-08-14T18:00:00Z,1.2,0.0,25.0,0.0,-25.0,25.0
0-6ч,2026-08-15T04:24:15Z,2026-08-15T06:00:00Z,1.6,0.0,0.0,0.0,0.0,0.0
0-6ч,2026-08-15T04:24:15Z,2026-08-15T07:00:00Z,2.6,0.0,0.0,0.0,0.0,0.0
0-6ч,2026-08-15T04:24:15Z,2026-08-15T08:00:00Z,3.6,0.0,0.0,0.0,0.0,0.0
0-6ч,2026-08-15T04:24:15Z,2026-08-15T09:00:00Z,4.6,0.0,0.0,0.0,0.0,0.0
0-6ч,2026-08-15T04:24:15Z,2026-08-15T10:00:00Z,5.6,0.0,0.0,0.0,0.0,0.0
0-6ч,2026-08-15T10:09:15Z,2026-08-15T11:00:00Z,0.8,0.0,0.0,25.0,0.0,0.0
0-6ч,2026-08-15T10:09:15Z,2026-08-15T12:00:00Z,1.8,0.0,0.0,25.0,0.0,0.0
0-6ч,2026-08-15T10:09:15Z,2026-08-15T13:00:00Z,2.8,0.0,0.0,25.0,0.0,0.0
0-6ч,2026-08-15T10:09:15Z,2026-08-15T14:00:00Z,3.8,0.0,0.0,25.0,0.0,0.0
0-6ч,2026-08-15T10:09:15Z,2026-08-15T15:00:00Z,4.8,0.0,0.0,12.5,0.0,0.0
0-6ч,2026-08-15T10:09:15Z,2026-08-15T16:00:00Z,5.8,0.0,0.0,12.5,0.0,0.0
0-6ч,2026-08-15T16:20:39Z,2026-08-15T17:00:00Z,0.7,0.0,0.0,12.5,0.0,0.0
0-6ч,2026-08-15T16:20:39Z,2026-08-15T18:00:00Z,1.7,0.0,0.0,25.0,0.0,0.0
0-6ч,2026-08-16T04:29:41Z,2026-08-16T06:00:00Z,1.5,0.0,0.0,0.0,0.0,0.0
0-6ч,2026-08-16T04:29:41Z,2026-08-16T07:00:00Z,2.5,0.0,0.0,0.0,0.0,0.0
0-6ч,2026-08-16T04:29:41Z,2026-08-16T08:00:00Z,3.5,0.0,0.0,0.0,0.0,0.0
0-6ч,2026-08-16T04:29:41Z,2026-08-16T09:00:00Z,4.5,0.0,0.0,0.0,0.0,0.0
0-6ч,2026-08-16T04:29:41Z,2026-08-16T10:00:00Z,5.5,0.0,0.0,0.0,0.0,0.0
0-6ч,2026-08-16T07:21:44Z,2026-08-16T08:00:00Z,0.6,0.0,0.0,0.0,0.0,0.0
0-6ч,2026-08-16T07:21:44Z,2026-08-16T09:00:00Z,1.6,0.0,0.0,0.0,0.0,0.0
0-6ч,2026-08-16T07:21:44Z,2026-08-16T10:00:00Z,2.6,0.0,0.0,0.0,0.0,0.0
0-6ч,2026-08-16T07:21:44Z,2026-08-16T11:00:00Z,3.6,0.0,0.0,0.0,0.0,0.0
0-6ч,2026-08-16T07:21:44Z,2026-08-16T12:00:00Z,4.6,0.0,0.0,0.0,0.0,0.0
0-6ч,2026-08-16T07:21:44Z,2026-08-16T13:00:00Z,5.6,0.0,0.0,0.0,0.0,0.0
0-6ч,2026-08-16T10:09:47Z,2026-08-16T11:00:00Z,0.8,0.0,0.0,0.0,0.0,0.0
0-6ч,2026-08-16T10:09:47Z,2026-08-16T12:00:00Z,1.8,0.0,0.0,0.0,0.0,0.0
0-6ч,2026-08-16T10:09:47Z,2026-08-16T13:00:00Z,2.8,0.0,0.0,0.0,0.0,0.0
0-6ч,2026-08-16T10:09:47Z,2026-08-16T14:00:00Z,3.8,0.0,0.0,0.0,0.0,0.0
0-6ч,2026-08-16T10:09:47Z,2026-08-16T15:00:00Z,4.8,0.0,0.0,0.0,0.0,0.0
0-6ч,2026-08-16T10:09:47Z,2026-08-16T16:00:00Z,5.8,0.0,0.0,0.0,0.0,0.0
0-6ч,2026-08-16T16:21:00Z,2026-08-16T17:00:00Z,0.7,0.0,0.0,0.0,0.0,0.0
0-6ч,2026-08-16T16:21:00Z,2026-08-16T18:00:00Z,1.6,0.0,0.0,0.0,0.0,0.0
6-24ч,2026-08-06T09:50:07Z,2026-08-06T16:00:00Z,6.2,30.0,87.5,50.0,-57.5,57.5
6-24ч,2026-08-06T09:50:07Z,2026-08-06T17:00:00Z,7.2,23.0,87.5,50.0,-64.5,64.5
6-24ч,2026-08-06T09:50:07Z,2026-08-06T18:00:00Z,8.2,16.0,75.0,50.0,-59.0,59.0
6-24ч,2026-08-06T09:50:07Z,2026-08-07T06:00:00Z,20.2,1.0,12.5,0.0,-11.5,11.5
6-24ч,2026-08-06T09:50:07Z,2026-08-07T07:00:00Z,21.2,0.0,0.0,0.0,0.0,0.0
6-24ч,2026-08-06T09:50:07Z,2026-08-07T08:00:00Z,22.2,0.0,0.0,0.0,0.0,0.0
6-24ч,2026-08-06T09:50:07Z,2026-08-07T09:00:00Z,23.2,1.0,0.0,0.0,1.0,1.0
6-24ч,2026-08-06T09:59:18Z,2026-08-06T16:00:00Z,6.0,30.0,87.5,50.0,-57.5,57.5
6-24ч,2026-08-06T09:59:18Z,2026-08-06T17:00:00Z,7.0,23.0,87.5,50.0,-64.5,64.5
6-24ч,2026-08-06T09:59:18Z,2026-08-06T18:00:00Z,8.0,16.0,75.0,50.0,-59.0,59.0
6-24ч,2026-08-06T09:59:18Z,2026-08-07T06:00:00Z,20.0,1.0,12.5,0.0,-11.5,11.5
6-24ч,2026-08-06T09:59:18Z,2026-08-07T07:00:00Z,21.0,0.0,0.0,0.0,0.0,0.0
6-24ч,2026-08-06T09:59:18Z,2026-08-07T08:00:00Z,22.0,0.0,0.0,0.0,0.0,0.0
6-24ч,2026-08-06T09:59:18Z,2026-08-07T09:00:00Z,23.0,1.0,0.0,0.0,1.0,1.0
6-24ч,2026-08-06T10:08:26Z,2026-08-06T17:00:00Z,6.9,23.0,87.5,50.0,-64.5,64.5
6-24ч,2026-08-06T10:08:26Z,2026-08-06T18:00:00Z,7.9,16.0,75.0,50.0,-59.0,59.0
6-24ч,2026-08-06T10:08:26Z,2026-08-07T06:00:00Z,19.9,1.0,12.5,0.0,-11.5,11.5
6-24ч,2026-08-06T10:08:26Z,2026-08-07T07:00:00Z,20.9,0.0,0.0,0.0,0.0,0.0
6-24ч,2026-08-06T10:08:26Z,2026-08-07T08:00:00Z,21.9,0.0,0.0,0.0,0.0,0.0
6-24ч,2026-08-06T10:08:26Z,2026-08-07T09:00:00Z,22.9,1.0,0.0,0.0,1.0,1.0
6-24ч,2026-08-06T10:08:26Z,2026-08-07T10:00:00Z,23.9,6.0,0.0,0.0,6.0,6.0
6-24ч,2026-08-06T10:47:54Z,2026-08-06T17:00:00Z,6.2,23.0,87.5,50.0,-64.5,64.5
6-24ч,2026-08-06T10:47:54Z,2026-08-06T18:00:00Z,7.2,16.0,75.0,50.0,-59.0,59.0
6-24ч,2026-08-06T10:47:54Z,2026-08-07T06:00:00Z,19.2,1.0,12.5,0.0,-11.5,11.5
6-24ч,2026-08-06T10:47:54Z,2026-08-07T07:00:00Z,20.2,0.0,0.0,0.0,0.0,0.0
6-24ч,2026-08-06T10:47:54Z,2026-08-07T08:00:00Z,21.2,0.0,0.0,0.0,0.0,0.0
6-24ч,2026-08-06T10:47:54Z,2026-08-07T09:00:00Z,22.2,1.0,0.0,0.0,1.0,1.0
6-24ч,2026-08-06T10:47:54Z,2026-08-07T10:00:00Z,23.2,6.0,0.0,0.0,6.0,6.0
6-24ч,2026-08-06T11:30:42Z,2026-08-06T18:00:00Z,6.5,16.0,75.0,50.0,-59.0,59.0
6-24ч,2026-08-06T11:30:42Z,2026-08-07T06:00:00Z,18.5,1.0,12.5,0.0,-11.5,11.5
6-24ч,2026-08-06T11:30:42Z,2026-08-07T07:00:00Z,19.5,0.0,0.0,0.0,0.0,0.0
6-24ч,2026-08-06T11:30:42Z,2026-08-07T08:00:00Z,20.5,0.0,0.0,0.0,0.0,0.0
6-24ч,2026-08-06T11:30:42Z,2026-08-07T09:00:00Z,21.5,1.0,0.0,0.0,1.0,1.0
6-24ч,2026-08-06T11:30:42Z,2026-08-07T10:00:00Z,22.5,6.0,0.0,0.0,6.0,6.0
6-24ч,2026-08-06T11:30:42Z,2026-08-07T11:00:00Z,23.5,13.0,0.0,12.5,13.0,13.0
6-24ч,2026-08-06T11:36:01Z,2026-08-06T18:00:00Z,6.4,16.0,75.0,50.0,-59.0,59.0
6-24ч,2026-08-06T11:36:01Z,2026-08-07T06:00:00Z,18.4,1.0,12.5,0.0,-11.5,11.5
6-24ч,2026-08-06T11:36:01Z,2026-08-07T07:00:00Z,19.4,0.0,0.0,0.0,0.0,0.0
6-24ч,2026-08-06T11:36:01Z,2026-08-07T08:00:00Z,20.4,0.0,0.0,0.0,0.0,0.0
6-24ч,2026-08-06T11:36:01Z,2026-08-07T09:00:00Z,21.4,1.0,0.0,0.0,1.0,1.0
6-24ч,2026-08-06T11:36:01Z,2026-08-07T10:00:00Z,22.4,6.0,0.0,0.0,6.0,6.0
6-24ч,2026-08-06T11:36:01Z,2026-08-07T11:00:00Z,23.4,13.0,0.0,12.5,13.0,13.0
6-24ч,2026-08-06T11:44:08Z,2026-08-06T18:00:00Z,6.3,16.0,75.0,50.0,-59.0,59.0
6-24ч,2026-08-06T11:44:08Z,2026-08-07T06:00:00Z,18.3,1.0,12.5,0.0,-11.5,11.5
6-24ч,2026-08-06T11:44:08Z,2026-08-07T07:00:00Z,19.3,0.0,0.0,0.0,0.0,0.0
6-24ч,2026-08-06T11:44:08Z,2026-08-07T08:00:00Z,20.3,0.0,0.0,0.0,0.0,0.0
6-24ч,2026-08-06T11:44:08Z,2026-08-07T09:00:00Z,21.3,1.0,0.0,0.0,1.0,1.0
6-24ч,2026-08-06T11:44:08Z,2026-08-07T10:00:00Z,22.3,6.0,0.0,0.0,6.0,6.0
6-24ч,2026-08-06T11:44:08Z,2026-08-07T11:00:00Z,23.3,13.0,0.0,12.5,13.0,13.0
6-24ч,2026-08-07T01:31:32Z,2026-08-07T08:00:00Z,6.5,0.0,0.0,0.0,0.0,0.0
6-24ч,2026-08-07T01:31:32Z,2026-08-07T09:00:00Z,7.5,0.0,0.0,0.0,0.0,0.0
6-24ч,2026-08-07T01:31:32Z,2026-08-07T10:00:00Z,8.5,15.0,0.0,0.0,15.0,15.0
6-24ч,2026-08-07T01:31:32Z,2026-08-07T11:00:00Z,9.5,36.0,0.0,12.5,36.0,36.0
6-24ч,2026-08-07T01:31:32Z,2026-08-07T12:00:00Z,10.5,51.0,0.0,25.0,51.0,51.0
6-24ч,2026-08-07T01:31:32Z,2026-08-07T13:00:00Z,11.5,54.0,12.5,50.0,41.5,41.5
6-24ч,2026-08-07T01:31:32Z,2026-08-07T14:00:00Z,12.5,50.0,25.0,62.5,25.0,25.0
6-24ч,2026-08-07T01:31:32Z,2026-08-07T15:00:00Z,13.5,45.0,25.0,87.5,20.0,20.0
6-24ч,2026-08-07T01:31:32Z,2026-08-07T16:00:00Z,14.5,41.0,37.5,87.5,3.5,3.5
6-24ч,2026-08-07T01:31:32Z,2026-08-07T17:00:00Z,15.5,37.0,12.5,87.5,24.5,24.5
6-24ч,2026-08-07T01:31:32Z,2026-08-07T18:00:00Z,16.5,31.0,75.0,75.0,-44.0,44.0
6-24ч,2026-08-07T05:36:00Z,2026-08-07T12:00:00Z,6.4,51.0,0.0,25.0,51.0,51.0
6-24ч,2026-08-07T05:36:00Z,2026-08-07T13:00:00Z,7.4,54.0,12.5,50.0,41.5,41.5
6-24ч,2026-08-07T05:36:00Z,2026-08-07T14:00:00Z,8.4,50.0,25.0,62.5,25.0,25.0
6-24ч,2026-08-07T05:36:00Z,2026-08-07T15:00:00Z,9.4,45.0,25.0,87.5,20.0,20.0
6-24ч,2026-08-07T05:36:00Z,2026-08-07T16:00:00Z,10.4,41.0,37.5,87.5,3.5,3.5
6-24ч,2026-08-07T05:36:00Z,2026-08-07T17:00:00Z,11.4,37.0,12.5,87.5,24.5,24.5
6-24ч,2026-08-07T05:36:00Z,2026-08-07T18:00:00Z,12.4,31.0,75.0,75.0,-44.0,44.0
6-24ч,2026-08-07T06:18:59Z,2026-08-07T13:00:00Z,6.7,54.0,12.5,50.0,41.5,41.5
6-24ч,2026-08-07T06:18:59Z,2026-08-07T14:00:00Z,7.7,50.0,25.0,62.5,25.0,25.0
6-24ч,2026-08-07T06:18:59Z,2026-08-07T15:00:00Z,8.7,45.0,25.0,87.5,20.0,20.0
6-24ч,2026-08-07T06:18:59Z,2026-08-07T16:00:00Z,9.7,41.0,37.5,87.5,3.5,3.5
6-24ч,2026-08-07T06:18:59Z,2026-08-07T17:00:00Z,10.7,37.0,12.5,87.5,24.5,24.5
6-24ч,2026-08-07T06:18:59Z,2026-08-07T18:00:00Z,11.7,31.0,75.0,75.0,-44.0,44.0
6-24ч,2026-08-07T06:18:59Z,2026-08-08T06:00:00Z,23.7,0.0,0.0,12.5,0.0,0.0
6-24ч,2026-08-07T07:13:52Z,2026-08-07T14:00:00Z,6.8,50.0,25.0,62.5,25.0,25.0
6-24ч,2026-08-07T07:13:52Z,2026-08-07T15:00:00Z,7.8,45.0,25.0,87.5,20.0,20.0
6-24ч,2026-08-07T07:13:52Z,2026-08-07T16:00:00Z,8.8,41.0,37.5,87.5,3.5,3.5
6-24ч,2026-08-07T07:13:52Z,2026-08-07T17:00:00Z,9.8,37.0,12.5,87.5,24.5,24.5
6-24ч,2026-08-07T07:13:52Z,2026-08-07T18:00:00Z,10.8,31.0,75.0,75.0,-44.0,44.0
6-24ч,2026-08-07T07:13:52Z,2026-08-08T06:00:00Z,22.8,0.0,0.0,12.5,0.0,0.0
6-24ч,2026-08-07T07:13:52Z,2026-08-08T07:00:00Z,23.8,2.0,0.0,0.0,2.0,2.0
6-24ч,2026-08-07T10:39:14Z,2026-08-07T17:00:00Z,6.3,48.0,12.5,87.5,35.5,35.5
6-24ч,2026-08-07T10:39:14Z,2026-08-07T18:00:00Z,7.3,40.0,75.0,75.0,-35.0,35.0
6-24ч,2026-08-07T10:39:14Z,2026-08-08T06:00:00Z,19.3,1.0,0.0,12.5,1.0,1.0
6-24ч,2026-08-07T10:39:14Z,2026-08-08T07:00:00Z,20.3,2.0,0.0,0.0,2.0,2.0
6-24ч,2026-08-07T10:39:14Z,2026-08-08T08:00:00Z,21.3,3.0,0.0,0.0,3.0,3.0
6-24ч,2026-08-07T10:39:14Z,2026-08-08T09:00:00Z,22.3,6.0,0.0,0.0,6.0,6.0
6-24ч,2026-08-07T10:39:14Z,2026-08-08T10:00:00Z,23.3,12.0,0.0,0.0,12.0,12.0
6-24ч,2026-08-07T16:51:54Z,2026-08-08T06:00:00Z,13.1,5.0,0.0,12.5,5.0,5.0
6-24ч,2026-08-07T16:51:54Z,2026-08-08T07:00:00Z,14.1,6.0,0.0,0.0,6.0,6.0
6-24ч,2026-08-07T16:51:54Z,2026-08-08T08:00:00Z,15.1,7.0,0.0,0.0,7.0,7.0
6-24ч,2026-08-07T16:51:54Z,2026-08-08T09:00:00Z,16.1,9.0,0.0,0.0,9.0,9.0
6-24ч,2026-08-07T16:51:54Z,2026-08-08T10:00:00Z,17.1,14.0,0.0,0.0,14.0,14.0
6-24ч,2026-08-07T16:51:54Z,2026-08-08T11:00:00Z,18.1,21.0,12.5,0.0,8.5,8.5
6-24ч,2026-08-07T16:51:54Z,2026-08-08T12:00:00Z,19.1,24.0,12.5,0.0,11.5,11.5
6-24ч,2026-08-07T16:51:54Z,2026-08-08T13:00:00Z,20.1,20.0,12.5,12.5,7.5,7.5
6-24ч,2026-08-07T16:51:54Z,2026-08-08T14:00:00Z,21.1,13.0,12.5,25.0,0.5,0.5
6-24ч,2026-08-07T16:51:54Z,2026-08-08T15:00:00Z,22.1,7.0,12.5,25.0,-5.5,5.5
6-24ч,2026-08-07T16:51:54Z,2026-08-08T16:00:00Z,23.1,6.0,0.0,37.5,6.0,6.0
6-24ч,2026-08-07T22:45:57Z,2026-08-08T06:00:00Z,7.2,2.0,0.0,12.5,2.0,2.0
6-24ч,2026-08-07T22:45:57Z,2026-08-08T07:00:00Z,8.2,2.0,0.0,0.0,2.0,2.0
6-24ч,2026-08-07T22:45:57Z,2026-08-08T08:00:00Z,9.2,2.0,0.0,0.0,2.0,2.0
6-24ч,2026-08-07T22:45:57Z,2026-08-08T09:00:00Z,10.2,2.0,0.0,0.0,2.0,2.0
6-24ч,2026-08-07T22:45:57Z,2026-08-08T10:00:00Z,11.2,3.0,0.0,0.0,3.0,3.0
6-24ч,2026-08-07T22:45:57Z,2026-08-08T11:00:00Z,12.2,4.0,12.5,0.0,-8.5,8.5
6-24ч,2026-08-07T22:45:57Z,2026-08-08T12:00:00Z,13.2,6.0,12.5,0.0,-6.5,6.5
6-24ч,2026-08-07T22:45:57Z,2026-08-08T13:00:00Z,14.2,9.0,12.5,12.5,-3.5,3.5
6-24ч,2026-08-07T22:45:57Z,2026-08-08T14:00:00Z,15.2,12.0,12.5,25.0,-0.5,0.5
6-24ч,2026-08-07T22:45:57Z,2026-08-08T15:00:00Z,16.2,16.0,12.5,25.0,3.5,3.5
6-24ч,2026-08-07T22:45:57Z,2026-08-08T16:00:00Z,17.2,21.0,0.0,37.5,21.0,21.0
6-24ч,2026-08-07T22:45:57Z,2026-08-08T17:00:00Z,18.2,27.0,0.0,12.5,27.0,27.0
6-24ч,2026-08-07T22:45:57Z,2026-08-08T18:00:00Z,19.2,28.0,0.0,75.0,28.0,28.0
6-24ч,2026-08-07T23:19:23Z,2026-08-08T06:00:00Z,6.7,2.0,0.0,12.5,2.0,2.0
6-24ч,2026-08-07T23:19:23Z,2026-08-08T07:00:00Z,7.7,2.0,0.0,0.0,2.0,2.0
6-24ч,2026-08-07T23:19:23Z,2026-08-08T08:00:00Z,8.7,2.0,0.0,0.0,2.0,2.0
6-24ч,2026-08-07T23:19:23Z,2026-08-08T09:00:00Z,9.7,2.0,0.0,0.0,2.0,2.0
6-24ч,2026-08-07T23:19:23Z,2026-08-08T10:00:00Z,10.7,3.0,0.0,0.0,3.0,3.0
6-24ч,2026-08-07T23:19:23Z,2026-08-08T11:00:00Z,11.7,4.0,12.5,0.0,-8.5,8.5
6-24ч,2026-08-07T23:19:23Z,2026-08-08T12:00:00Z,12.7,6.0,12.5,0.0,-6.5,6.5
6-24ч,2026-08-07T23:19:23Z,2026-08-08T13:00:00Z,13.7,9.0,12.5,12.5,-3.5,3.5
6-24ч,2026-08-07T23:19:23Z,2026-08-08T14:00:00Z,14.7,12.0,12.5,25.0,-0.5,0.5
6-24ч,2026-08-07T23:19:23Z,2026-08-08T15:00:00Z,15.7,16.0,12.5,25.0,3.5,3.5
6-24ч,2026-08-07T23:19:23Z,2026-08-08T16:00:00Z,16.7,21.0,0.0,37.5,21.0,21.0
6-24ч,2026-08-07T23:19:23Z,2026-08-08T17:00:00Z,17.7,27.0,0.0,12.5,27.0,27.0
6-24ч,2026-08-07T23:19:23Z,2026-08-08T18:00:00Z,18.7,28.0,0.0,75.0,28.0,28.0
6-24ч,2026-08-08T04:50:53Z,2026-08-08T11:00:00Z,6.2,0.0,12.5,0.0,-12.5,12.5
6-24ч,2026-08-08T04:50:53Z,2026-08-08T12:00:00Z,7.2,1.0,12.5,0.0,-11.5,11.5
6-24ч,2026-08-08T04:50:53Z,2026-08-08T13:00:00Z,8.2,2.0,12.5,12.5,-10.5,10.5
6-24ч,2026-08-08T04:50:53Z,2026-08-08T14:00:00Z,9.2,3.0,12.5,25.0,-9.5,9.5
6-24ч,2026-08-08T04:50:53Z,2026-08-08T15:00:00Z,10.2,5.0,12.5,25.0,-7.5,7.5
6-24ч,2026-08-08T04:50:53Z,2026-08-08T16:00:00Z,11.2,10.0,0.0,37.5,10.0,10.0
6-24ч,2026-08-08T04:50:53Z,2026-08-08T17:00:00Z,12.2,17.0,0.0,12.5,17.0,17.0
6-24ч,2026-08-08T04:50:53Z,2026-08-08T18:00:00Z,13.2,20.0,0.0,75.0,20.0,20.0
6-24ч,2026-08-08T10:18:13Z,2026-08-08T17:00:00Z,6.7,13.0,0.0,12.5,13.0,13.0
6-24ч,2026-08-08T10:18:13Z,2026-08-08T18:00:00Z,7.7,13.0,0.0,75.0,13.0,13.0
6-24ч,2026-08-08T10:18:13Z,2026-08-09T06:00:00Z,19.7,0.0,0.0,0.0,0.0,0.0
6-24ч,2026-08-08T10:18:13Z,2026-08-09T07:00:00Z,20.7,0.0,0.0,0.0,0.0,0.0
6-24ч,2026-08-08T10:18:13Z,2026-08-09T08:00:00Z,21.7,0.0,0.0,0.0,0.0,0.0
6-24ч,2026-08-08T10:18:13Z,2026-08-09T09:00:00Z,22.7,0.0,0.0,0.0,0.0,0.0
6-24ч,2026-08-08T10:18:13Z,2026-08-09T10:00:00Z,23.7,0.0,0.0,0.0,0.0,0.0
6-24ч,2026-08-08T22:37:20Z,2026-08-09T06:00:00Z,7.4,0.0,0.0,0.0,0.0,0.0
6-24ч,2026-08-08T22:37:20Z,2026-08-09T07:00:00Z,8.4,0.0,0.0,0.0,0.0,0.0
6-24ч,2026-08-08T22:37:20Z,2026-08-09T08:00:00Z,9.4,0.0,0.0,0.0,0.0,0.0
6-24ч,2026-08-08T22:37:20Z,2026-08-09T09:00:00Z,10.4,0.0,0.0,0.0,0.0,0.0
6-24ч,2026-08-08T22:37:20Z,2026-08-09T10:00:00Z,11.4,0.0,0.0,0.0,0.0,0.0
6-24ч,2026-08-08T22:37:20Z,2026-08-09T11:00:00Z,12.4,0.0,0.0,12.5,0.0,0.0
6-24ч,2026-08-08T22:37:20Z,2026-08-09T12:00:00Z,13.4,0.0,12.5,12.5,-12.5,12.5
6-24ч,2026-08-08T22:37:20Z,2026-08-09T13:00:00Z,14.4,0.0,12.5,12.5,-12.5,12.5
6-24ч,2026-08-08T22:37:20Z,2026-08-09T14:00:00Z,15.4,0.0,0.0,12.5,0.0,0.0
6-24ч,2026-08-08T22:37:20Z,2026-08-09T15:00:00Z,16.4,0.0,0.0,12.5,0.0,0.0
6-24ч,2026-08-08T22:37:20Z,2026-08-09T16:00:00Z,17.4,0.0,0.0,0.0,0.0,0.0
6-24ч,2026-08-08T22:37:20Z,2026-08-09T17:00:00Z,18.4,0.0,0.0,0.0,0.0,0.0
6-24ч,2026-08-08T22:37:20Z,2026-08-09T18:00:00Z,19.4,0.0,0.0,0.0,0.0,0.0
6-24ч,2026-08-09T04:59:03Z,2026-08-09T11:00:00Z,6.0,0.0,0.0,12.5,0.0,0.0
6-24ч,2026-08-09T04:59:03Z,2026-08-09T12:00:00Z,7.0,0.0,12.5,12.5,-12.5,12.5
6-24ч,2026-08-09T04:59:03Z,2026-08-09T13:00:00Z,8.0,0.0,12.5,12.5,-12.5,12.5
6-24ч,2026-08-09T04:59:03Z,2026-08-09T14:00:00Z,9.0,0.0,0.0,12.5,0.0,0.0
6-24ч,2026-08-09T04:59:03Z,2026-08-09T15:00:00Z,10.0,0.0,0.0,12.5,0.0,0.0
6-24ч,2026-08-09T04:59:03Z,2026-08-09T16:00:00Z,11.0,0.0,0.0,0.0,0.0,0.0
6-24ч,2026-08-09T04:59:03Z,2026-08-09T17:00:00Z,12.0,0.0,0.0,0.0,0.0,0.0
6-24ч,2026-08-09T04:59:03Z,2026-08-09T18:00:00Z,13.0,0.0,0.0,0.0,0.0,0.0
6-24ч,2026-08-09T10:19:29Z,2026-08-09T17:00:00Z,6.7,0.0,0.0,0.0,0.0,0.0
6-24ч,2026-08-09T10:19:29Z,2026-08-09T18:00:00Z,7.7,0.0,0.0,0.0,0.0,0.0
6-24ч,2026-08-09T10:19:29Z,2026-08-10T06:00:00Z,19.7,0.0,0.0,0.0,0.0,0.0
6-24ч,2026-08-09T10:19:29Z,2026-08-10T07:00:00Z,20.7,0.0,0.0,0.0,0.0,0.0
6-24ч,2026-08-09T10:19:29Z,2026-08-10T08:00:00Z,21.7,0.0,0.0,0.0,0.0,0.0
6-24ч,2026-08-09T10:19:29Z,2026-08-10T09:00:00Z,22.7,0.0,0.0,0.0,0.0,0.0
6-24ч,2026-08-09T10:19:29Z,2026-08-10T10:00:00Z,23.7,0.0,0.0,0.0,0.0,0.0
6-24ч,2026-08-09T12:41:38Z,2026-08-10T06:00:00Z,17.3,0.0,0.0,0.0,0.0,0.0
6-24ч,2026-08-09T12:41:38Z,2026-08-10T07:00:00Z,18.3,0.0,0.0,0.0,0.0,0.0
6-24ч,2026-08-09T12:41:38Z,2026-08-10T08:00:00Z,19.3,0.0,0.0,0.0,0.0,0.0
6-24ч,2026-08-09T12:41:38Z,2026-08-10T09:00:00Z,20.3,0.0,0.0,0.0,0.0,0.0
6-24ч,2026-08-09T12:41:38Z,2026-08-10T10:00:00Z,21.3,0.0,0.0,0.0,0.0,0.0
6-24ч,2026-08-09T12:41:38Z,2026-08-10T11:00:00Z,22.3,0.0,12.5,0.0,-12.5,12.5
6-24ч,2026-08-09T12:41:38Z,2026-08-10T12:00:00Z,23.3,0.0,0.0,12.5,0.0,0.0
6-24ч,2026-08-09T12:45:53Z,2026-08-10T06:00:00Z,17.2,0.0,0.0,0.0,0.0,0.0
6-24ч,2026-08-09T12:45:53Z,2026-08-10T07:00:00Z,18.2,0.0,0.0,0.0,0.0,0.0
6-24ч,2026-08-09T12:45:53Z,2026-08-10T08:00:00Z,19.2,0.0,0.0,0.0,0.0,0.0
6-24ч,2026-08-09T12:45:53Z,2026-08-10T09:00:00Z,20.2,0.0,0.0,0.0,0.0,0.0
6-24ч,2026-08-09T12:45:53Z,2026-08-10T10:00:00Z,21.2,0.0,0.0,0.0,0.0,0.0
6-24ч,2026-08-09T12:45:53Z,2026-08-10T11:00:00Z,22.2,0.0,12.5,0.0,-12.5,12.5
6-24ч,2026-08-09T12:45:53Z,2026-08-10T12:00:00Z,23.2,0.0,0.0,12.5,0.0,0.0
6-24ч,2026-08-09T12:48:15Z,2026-08-10T06:00:00Z,17.2,0.0,0.0,0.0,0.0,0.0
6-24ч,2026-08-09T12:48:15Z,2026-08-10T07:00:00Z,18.2,0.0,0.0,0.0,0.0,0.0
6-24ч,2026-08-09T12:48:15Z,2026-08-10T08:00:00Z,19.2,0.0,0.0,0.0,0.0,0.0
6-24ч,2026-08-09T12:48:15Z,2026-08-10T09:00:00Z,20.2,0.0,0.0,0.0,0.0,0.0
6-24ч,2026-08-09T12:48:15Z,2026-08-10T10:00:00Z,21.2,0.0,0.0,0.0,0.0,0.0
6-24ч,2026-08-09T12:48:15Z,2026-08-10T11:00:00Z,22.2,0.0,12.5,0.0,-12.5,12.5
6-24ч,2026-08-09T12:48:15Z,2026-08-10T12:00:00Z,23.2,0.0,0.0,12.5,0.0,0.0
6-24ч,2026-08-09T16:31:44Z,2026-08-10T06:00:00Z,13.5,0.0,0.0,0.0,0.0,0.0
6-24ч,2026-08-09T16:31:44Z,2026-08-10T07:00:00Z,14.5,0.0,0.0,0.0,0.0,0.0
6-24ч,2026-08-09T16:31:44Z,2026-08-10T08:00:00Z,15.5,0.0,0.0,0.0,0.0,0.0
6-24ч,2026-08-09T16:31:44Z,2026-08-10T09:00:00Z,16.5,0.0,0.0,0.0,0.0,0.0
6-24ч,2026-08-09T16:31:44Z,2026-08-10T10:00:00Z,17.5,0.0,0.0,0.0,0.0,0.0
6-24ч,2026-08-09T16:31:44Z,2026-08-10T11:00:00Z,18.5,0.0,12.5,0.0,-12.5,12.5
6-24ч,2026-08-09T16:31:44Z,2026-08-10T12:00:00Z,19.5,0.0,0.0,12.5,0.0,0.0
6-24ч,2026-08-09T16:31:44Z,2026-08-10T13:00:00Z,20.5,0.0,0.0,12.5,0.0,0.0
6-24ч,2026-08-09T16:31:44Z,2026-08-10T14:00:00Z,21.5,0.0,0.0,0.0,0.0,0.0
6-24ч,2026-08-09T16:31:44Z,2026-08-10T15:00:00Z,22.5,0.0,0.0,0.0,0.0,0.0
6-24ч,2026-08-09T16:31:44Z,2026-08-10T16:00:00Z,23.5,0.0,0.0,0.0,0.0,0.0
6-24ч,2026-08-09T22:39:09Z,2026-08-10T06:00:00Z,7.3,0.0,0.0,0.0,0.0,0.0
6-24ч,2026-08-09T22:39:09Z,2026-08-10T07:00:00Z,8.3,0.0,0.0,0.0,0.0,0.0
6-24ч,2026-08-09T22:39:09Z,2026-08-10T08:00:00Z,9.3,0.0,0.0,0.0,0.0,0.0
6-24ч,2026-08-09T22:39:09Z,2026-08-10T09:00:00Z,10.3,0.0,0.0,0.0,0.0,0.0
6-24ч,2026-08-09T22:39:09Z,2026-08-10T10:00:00Z,11.3,0.0,0.0,0.0,0.0,0.0
6-24ч,2026-08-09T22:39:09Z,2026-08-10T11:00:00Z,12.3,0.0,12.5,0.0,-12.5,12.5
6-24ч,2026-08-09T22:39:09Z,2026-08-10T12:00:00Z,13.3,0.0,0.0,12.5,0.0,0.0
6-24ч,2026-08-09T22:39:09Z,2026-08-10T13:00:00Z,14.3,0.0,0.0,12.5,0.0,0.0
6-24ч,2026-08-09T22:39:09Z,2026-08-10T14:00:00Z,15.3,0.0,0.0,0.0,0.0,0.0
6-24ч,2026-08-09T22:39:09Z,2026-08-10T15:00:00Z,16.3,0.0,0.0,0.0,0.0,0.0
6-24ч,2026-08-09T22:39:09Z,2026-08-10T16:00:00Z,17.3,0.0,0.0,0.0,0.0,0.0
6-24ч,2026-08-09T22:39:09Z,2026-08-10T17:00:00Z,18.3,0.0,0.0,0.0,0.0,0.0
6-24ч,2026-08-09T22:39:09Z,2026-08-10T18:00:00Z,19.3,0.0,0.0,0.0,0.0,0.0
6-24ч,2026-08-10T05:20:42Z,2026-08-10T12:00:00Z,6.7,0.0,0.0,12.5,0.0,0.0
6-24ч,2026-08-10T05:20:42Z,2026-08-10T13:00:00Z,7.7,0.0,0.0,12.5,0.0,0.0
6-24ч,2026-08-10T05:20:42Z,2026-08-10T14:00:00Z,8.7,0.0,0.0,0.0,0.0,0.0
6-24ч,2026-08-10T05:20:42Z,2026-08-10T15:00:00Z,9.7,0.0,0.0,0.0,0.0,0.0
6-24ч,2026-08-10T05:20:42Z,2026-08-10T16:00:00Z,10.7,0.0,0.0,0.0,0.0,0.0
6-24ч,2026-08-10T05:20:42Z,2026-08-10T17:00:00Z,11.7,0.0,0.0,0.0,0.0,0.0
6-24ч,2026-08-10T05:20:42Z,2026-08-10T18:00:00Z,12.7,0.0,0.0,0.0,0.0,0.0
6-24ч,2026-08-10T10:53:28Z,2026-08-10T17:00:00Z,6.1,0.0,0.0,0.0,0.0,0.0
6-24ч,2026-08-10T10:53:28Z,2026-08-10T18:00:00Z,7.1,0.0,0.0,0.0,0.0,0.0
6-24ч,2026-08-10T10:53:28Z,2026-08-11T06:00:00Z,19.1,0.0,0.0,0.0,0.0,0.0
6-24ч,2026-08-10T10:53:28Z,2026-08-11T07:00:00Z,20.1,0.0,0.0,0.0,0.0,0.0
6-24ч,2026-08-10T10:53:28Z,2026-08-11T08:00:00Z,21.1,0.0,0.0,0.0,0.0,0.0
6-24ч,2026-08-10T10:53:28Z,2026-08-11T09:00:00Z,22.1,0.0,0.0,0.0,0.0,0.0
6-24ч,2026-08-10T10:53:28Z,2026-08-11T10:00:00Z,23.1,0.0,0.0,0.0,0.0,0.0
6-24ч,2026-08-10T16:52:05Z,2026-08-11T06:00:00Z,13.1,0.0,0.0,0.0,0.0,0.0
6-24ч,2026-08-10T16:52:05Z,2026-08-11T07:00:00Z,14.1,0.0,0.0,0.0,0.0,0.0
6-24ч,2026-08-10T16:52:05Z,2026-08-11T08:00:00Z,15.1,0.0,0.0,0.0,0.0,0.0
6-24ч,2026-08-10T16:52:05Z,2026-08-11T09:00:00Z,16.1,0.0,0.0,0.0,0.0,0.0
6-24ч,2026-08-10T16:52:05Z,2026-08-11T10:00:00Z,17.1,0.0,0.0,0.0,0.0,0.0
6-24ч,2026-08-10T16:52:05Z,2026-08-11T11:00:00Z,18.1,0.0,0.0,12.5,0.0,0.0
6-24ч,2026-08-10T16:52:05Z,2026-08-11T12:00:00Z,19.1,0.0,0.0,0.0,0.0,0.0
6-24ч,2026-08-10T16:52:05Z,2026-08-11T13:00:00Z,20.1,0.0,0.0,0.0,0.0,0.0
6-24ч,2026-08-10T16:52:05Z,2026-08-11T14:00:00Z,21.1,0.0,0.0,0.0,0.0,0.0
6-24ч,2026-08-10T16:52:05Z,2026-08-11T15:00:00Z,22.1,1.0,0.0,0.0,1.0,1.0
6-24ч,2026-08-10T16:52:05Z,2026-08-11T16:00:00Z,23.1,6.0,0.0,0.0,6.0,6.0
6-24ч,2026-08-10T22:47:13Z,2026-08-11T06:00:00Z,7.2,0.0,0.0,0.0,0.0,0.0
6-24ч,2026-08-10T22:47:13Z,2026-08-11T07:00:00Z,8.2,0.0,0.0,0.0,0.0,0.0
6-24ч,2026-08-10T22:47:13Z,2026-08-11T08:00:00Z,9.2,0.0,0.0,0.0,0.0,0.0
6-24ч,2026-08-10T22:47:13Z,2026-08-11T09:00:00Z,10.2,0.0,0.0,0.0,0.0,0.0
6-24ч,2026-08-10T22:47:13Z,2026-08-11T10:00:00Z,11.2,0.0,0.0,0.0,0.0,0.0
6-24ч,2026-08-10T22:47:13Z,2026-08-11T11:00:00Z,12.2,0.0,0.0,12.5,0.0,0.0
6-24ч,2026-08-10T22:47:13Z,2026-08-11T12:00:00Z,13.2,0.0,0.0,0.0,0.0,0.0
6-24ч,2026-08-10T22:47:13Z,2026-08-11T13:00:00Z,14.2,0.0,0.0,0.0,0.0,0.0
6-24ч,2026-08-10T22:47:13Z,2026-08-11T14:00:00Z,15.2,0.0,0.0,0.0,0.0,0.0
6-24ч,2026-08-10T22:47:13Z,2026-08-11T15:00:00Z,16.2,2.0,0.0,0.0,2.0,2.0
6-24ч,2026-08-10T22:47:13Z,2026-08-11T16:00:00Z,17.2,9.0,0.0,0.0,9.0,9.0
6-24ч,2026-08-10T22:47:13Z,2026-08-11T17:00:00Z,18.2,18.0,0.0,0.0,18.0,18.0
6-24ч,2026-08-10T22:47:13Z,2026-08-11T18:00:00Z,19.2,24.0,0.0,0.0,24.0,24.0
6-24ч,2026-08-11T05:01:49Z,2026-08-11T12:00:00Z,7.0,0.0,0.0,0.0,0.0,0.0
6-24ч,2026-08-11T05:01:49Z,2026-08-11T13:00:00Z,8.0,0.0,0.0,0.0,0.0,0.0
6-24ч,2026-08-11T05:01:49Z,2026-08-11T14:00:00Z,9.0,2.0,0.0,0.0,2.0,2.0
6-24ч,2026-08-11T05:01:49Z,2026-08-11T15:00:00Z,10.0,5.0,0.0,0.0,5.0,5.0
6-24ч,2026-08-11T05:01:49Z,2026-08-11T16:00:00Z,11.0,14.0,0.0,0.0,14.0,14.0
6-24ч,2026-08-11T05:01:49Z,2026-08-11T17:00:00Z,12.0,26.0,0.0,0.0,26.0,26.0
6-24ч,2026-08-11T05:01:49Z,2026-08-11T18:00:00Z,13.0,32.0,0.0,0.0,32.0,32.0
6-24ч,2026-08-11T10:38:45Z,2026-08-11T17:00:00Z,6.4,29.0,0.0,0.0,29.0,29.0
6-24ч,2026-08-11T10:38:45Z,2026-08-11T18:00:00Z,7.4,38.0,0.0,0.0,38.0,38.0
6-24ч,2026-08-11T10:38:45Z,2026-08-12T06:00:00Z,19.4,6.0,75.0,0.0,-69.0,69.0
6-24ч,2026-08-11T10:38:45Z,2026-08-12T07:00:00Z,20.4,5.0,75.0,0.0,-70.0,70.0
6-24ч,2026-08-11T10:38:45Z,2026-08-12T08:00:00Z,21.4,2.0,50.0,0.0,-48.0,48.0
6-24ч,2026-08-11T10:38:45Z,2026-08-12T09:00:00Z,22.4,0.0,25.0,0.0,-25.0,25.0
6-24ч,2026-08-11T10:38:45Z,2026-08-12T10:00:00Z,23.4,0.0,25.0,0.0,-25.0,25.0
6-24ч,2026-08-12T06:05:22Z,2026-08-12T13:00:00Z,6.9,0.0,0.0,0.0,0.0,0.0
6-24ч,2026-08-12T06:05:22Z,2026-08-12T14:00:00Z,7.9,0.0,0.0,0.0,0.0,0.0
6-24ч,2026-08-12T06:05:22Z,2026-08-12T15:00:00Z,8.9,0.0,0.0,0.0,0.0,0.0
6-24ч,2026-08-12T06:05:22Z,2026-08-12T16:00:00Z,9.9,0.0,0.0,0.0,0.0,0.0
6-24ч,2026-08-12T06:05:22Z,2026-08-12T17:00:00Z,10.9,0.0,0.0,0.0,0.0,0.0
6-24ч,2026-08-12T06:05:22Z,2026-08-12T18:00:00Z,11.9,0.0,0.0,0.0,0.0,0.0
6-24ч,2026-08-12T06:05:22Z,2026-08-13T06:00:00Z,23.9,0.0,0.0,75.0,0.0,0.0
6-24ч,2026-08-12T10:47:03Z,2026-08-12T17:00:00Z,6.2,0.0,0.0,0.0,0.0,0.0
6-24ч,2026-08-12T10:47:03Z,2026-08-12T18:00:00Z,7.2,0.0,0.0,0.0,0.0,0.0
6-24ч,2026-08-12T10:47:03Z,2026-08-13T06:00:00Z,19.2,0.0,0.0,75.0,0.0,0.0
6-24ч,2026-08-12T10:47:03Z,2026-08-13T07:00:00Z,20.2,0.0,0.0,75.0,0.0,0.0
6-24ч,2026-08-12T10:47:03Z,2026-08-13T08:00:00Z,21.2,0.0,0.0,50.0,0.0,0.0
6-24ч,2026-08-12T10:47:03Z,2026-08-13T09:00:00Z,22.2,0.0,0.0,25.0,0.0,0.0
6-24ч,2026-08-12T10:47:03Z,2026-08-13T10:00:00Z,23.2,0.0,0.0,25.0,0.0,0.0
6-24ч,2026-08-12T16:54:57Z,2026-08-13T06:00:00Z,13.1,0.0,0.0,75.0,0.0,0.0
6-24ч,2026-08-12T16:54:57Z,2026-08-13T07:00:00Z,14.1,0.0,0.0,75.0,0.0,0.0
6-24ч,2026-08-12T16:54:57Z,2026-08-13T08:00:00Z,15.1,0.0,0.0,50.0,0.0,0.0
6-24ч,2026-08-12T16:54:57Z,2026-08-13T09:00:00Z,16.1,0.0,0.0,25.0,0.0,0.0
6-24ч,2026-08-12T16:54:57Z,2026-08-13T10:00:00Z,17.1,0.0,0.0,25.0,0.0,0.0
6-24ч,2026-08-12T16:54:57Z,2026-08-13T11:00:00Z,18.1,0.0,0.0,12.5,0.0,0.0
6-24ч,2026-08-12T16:54:57Z,2026-08-13T12:00:00Z,19.1,0.0,0.0,12.5,0.0,0.0
6-24ч,2026-08-12T16:54:57Z,2026-08-13T13:00:00Z,20.1,0.0,0.0,0.0,0.0,0.0
6-24ч,2026-08-12T16:54:57Z,2026-08-13T14:00:00Z,21.1,0.0,0.0,0.0,0.0,0.0
6-24ч,2026-08-12T16:54:57Z,2026-08-13T15:00:00Z,22.1,0.0,0.0,0.0,0.0,0.0
6-24ч,2026-08-12T16:54:57Z,2026-08-13T16:00:00Z,23.1,0.0,0.0,0.0,0.0,0.0
6-24ч,2026-08-12T22:50:47Z,2026-08-13T06:00:00Z,7.2,0.0,0.0,75.0,0.0,0.0
6-24ч,2026-08-12T22:50:47Z,2026-08-13T07:00:00Z,8.2,0.0,0.0,75.0,0.0,0.0
6-24ч,2026-08-12T22:50:47Z,2026-08-13T08:00:00Z,9.2,0.0,0.0,50.0,0.0,0.0
6-24ч,2026-08-12T22:50:47Z,2026-08-13T09:00:00Z,10.2,0.0,0.0,25.0,0.0,0.0
6-24ч,2026-08-12T22:50:47Z,2026-08-13T10:00:00Z,11.2,0.0,0.0,25.0,0.0,0.0
6-24ч,2026-08-12T22:50:47Z,2026-08-13T11:00:00Z,12.2,0.0,0.0,12.5,0.0,0.0
6-24ч,2026-08-12T22:50:47Z,2026-08-13T12:00:00Z,13.2,0.0,0.0,12.5,0.0,0.0
6-24ч,2026-08-12T22:50:47Z,2026-08-13T13:00:00Z,14.2,0.0,0.0,0.0,0.0,0.0
6-24ч,2026-08-12T22:50:47Z,2026-08-13T14:00:00Z,15.2,0.0,0.0,0.0,0.0,0.0
6-24ч,2026-08-12T22:50:47Z,2026-08-13T15:00:00Z,16.2,0.0,0.0,0.0,0.0,0.0
6-24ч,2026-08-12T22:50:47Z,2026-08-13T16:00:00Z,17.2,0.0,0.0,0.0,0.0,0.0
6-24ч,2026-08-12T22:50:47Z,2026-08-13T17:00:00Z,18.2,0.0,0.0,0.0,0.0,0.0
6-24ч,2026-08-12T22:50:47Z,2026-08-13T18:00:00Z,19.2,0.0,0.0,0.0,0.0,0.0
6-24ч,2026-08-13T05:30:08Z,2026-08-13T12:00:00Z,6.5,0.0,0.0,12.5,0.0,0.0
6-24ч,2026-08-13T05:30:08Z,2026-08-13T13:00:00Z,7.5,0.0,0.0,0.0,0.0,0.0
6-24ч,2026-08-13T05:30:08Z,2026-08-13T14:00:00Z,8.5,0.0,0.0,0.0,0.0,0.0
6-24ч,2026-08-13T05:30:08Z,2026-08-13T15:00:00Z,9.5,0.0,0.0,0.0,0.0,0.0
6-24ч,2026-08-13T05:30:08Z,2026-08-13T16:00:00Z,10.5,0.0,0.0,0.0,0.0,0.0
6-24ч,2026-08-13T05:30:08Z,2026-08-13T17:00:00Z,11.5,0.0,0.0,0.0,0.0,0.0
6-24ч,2026-08-13T05:30:08Z,2026-08-13T18:00:00Z,12.5,0.0,0.0,0.0,0.0,0.0
6-24ч,2026-08-13T10:49:01Z,2026-08-13T17:00:00Z,6.2,0.0,0.0,0.0,0.0,0.0
6-24ч,2026-08-13T10:49:01Z,2026-08-13T18:00:00Z,7.2,0.0,0.0,0.0,0.0,0.0
6-24ч,2026-08-13T10:49:01Z,2026-08-14T06:00:00Z,19.2,0.0,0.0,0.0,0.0,0.0
6-24ч,2026-08-13T10:49:01Z,2026-08-14T07:00:00Z,20.2,0.0,0.0,0.0,0.0,0.0
6-24ч,2026-08-13T10:49:01Z,2026-08-14T08:00:00Z,21.2,0.0,0.0,0.0,0.0,0.0
6-24ч,2026-08-13T10:49:01Z,2026-08-14T09:00:00Z,22.2,0.0,0.0,0.0,0.0,0.0
6-24ч,2026-08-13T10:49:01Z,2026-08-14T10:00:00Z,23.2,0.0,0.0,0.0,0.0,0.0
6-24ч,2026-08-13T16:36:10Z,2026-08-14T06:00:00Z,13.4,0.0,0.0,0.0,0.0,0.0
6-24ч,2026-08-13T16:36:10Z,2026-08-14T07:00:00Z,14.4,0.0,0.0,0.0,0.0,0.0
6-24ч,2026-08-13T16:36:10Z,2026-08-14T08:00:00Z,15.4,0.0,0.0,0.0,0.0,0.0
6-24ч,2026-08-13T16:36:10Z,2026-08-14T09:00:00Z,16.4,0.0,0.0,0.0,0.0,0.0
6-24ч,2026-08-13T16:36:10Z,2026-08-14T10:00:00Z,17.4,0.0,0.0,0.0,0.0,0.0
6-24ч,2026-08-13T16:36:10Z,2026-08-14T11:00:00Z,18.4,0.0,25.0,0.0,-25.0,25.0
6-24ч,2026-08-13T16:36:10Z,2026-08-14T12:00:00Z,19.4,0.0,25.0,0.0,-25.0,25.0
6-24ч,2026-08-13T16:36:10Z,2026-08-14T13:00:00Z,20.4,1.0,25.0,0.0,-24.0,24.0
6-24ч,2026-08-13T16:36:10Z,2026-08-14T14:00:00Z,21.4,1.0,25.0,0.0,-24.0,24.0
6-24ч,2026-08-13T16:36:10Z,2026-08-14T15:00:00Z,22.4,2.0,12.5,0.0,-10.5,10.5
6-24ч,2026-08-13T16:36:10Z,2026-08-14T16:00:00Z,23.4,2.0,12.5,0.0,-10.5,10.5
6-24ч,2026-08-13T16:42:24Z,2026-08-14T06:00:00Z,13.3,0.0,0.0,0.0,0.0,0.0
6-24ч,2026-08-13T16:42:24Z,2026-08-14T07:00:00Z,14.3,0.0,0.0,0.0,0.0,0.0
6-24ч,2026-08-13T16:42:24Z,2026-08-14T08:00:00Z,15.3,0.0,0.0,0.0,0.0,0.0
6-24ч,2026-08-13T16:42:24Z,2026-08-14T09:00:00Z,16.3,0.0,0.0,0.0,0.0,0.0
6-24ч,2026-08-13T16:42:24Z,2026-08-14T10:00:00Z,17.3,0.0,0.0,0.0,0.0,0.0
6-24ч,2026-08-13T16:42:24Z,2026-08-14T11:00:00Z,18.3,0.0,25.0,0.0,-25.0,25.0
6-24ч,2026-08-13T16:42:24Z,2026-08-14T12:00:00Z,19.3,0.0,25.0,0.0,-25.0,25.0
6-24ч,2026-08-13T16:42:24Z,2026-08-14T13:00:00Z,20.3,1.0,25.0,0.0,-24.0,24.0
6-24ч,2026-08-13T16:42:24Z,2026-08-14T14:00:00Z,21.3,1.0,25.0,0.0,-24.0,24.0
6-24ч,2026-08-13T16:42:24Z,2026-08-14T15:00:00Z,22.3,2.0,12.5,0.0,-10.5,10.5
6-24ч,2026-08-13T16:42:24Z,2026-08-14T16:00:00Z,23.3,2.0,12.5,0.0,-10.5,10.5
6-24ч,2026-08-13T16:54:22Z,2026-08-14T06:00:00Z,13.1,0.0,0.0,0.0,0.0,0.0
6-24ч,2026-08-13T16:54:22Z,2026-08-14T07:00:00Z,14.1,0.0,0.0,0.0,0.0,0.0
6-24ч,2026-08-13T16:54:22Z,2026-08-14T08:00:00Z,15.1,0.0,0.0,0.0,0.0,0.0
6-24ч,2026-08-13T16:54:22Z,2026-08-14T09:00:00Z,16.1,0.0,0.0,0.0,0.0,0.0
6-24ч,2026-08-13T16:54:22Z,2026-08-14T10:00:00Z,17.1,0.0,0.0,0.0,0.0,0.0
6-24ч,2026-08-13T16:54:22Z,2026-08-14T11:00:00Z,18.1,0.0,25.0,0.0,-25.0,25.0
6-24ч,2026-08-13T16:54:22Z,2026-08-14T12:00:00Z,19.1,0.0,25.0,0.0,-25.0,25.0
6-24ч,2026-08-13T16:54:22Z,2026-08-14T13:00:00Z,20.1,1.0,25.0,0.0,-24.0,24.0
6-24ч,2026-08-13T16:54:22Z,2026-08-14T14:00:00Z,21.1,1.0,25.0,0.0,-24.0,24.0
6-24ч,2026-08-13T16:54:22Z,2026-08-14T15:00:00Z,22.1,2.0,12.5,0.0,-10.5,10.5
6-24ч,2026-08-13T16:54:22Z,2026-08-14T16:00:00Z,23.1,2.0,12.5,0.0,-10.5,10.5
6-24ч,2026-08-13T22:52:17Z,2026-08-14T06:00:00Z,7.1,0.0,0.0,0.0,0.0,0.0
6-24ч,2026-08-13T22:52:17Z,2026-08-14T07:00:00Z,8.1,0.0,0.0,0.0,0.0,0.0
6-24ч,2026-08-13T22:52:17Z,2026-08-14T08:00:00Z,9.1,0.0,0.0,0.0,0.0,0.0
6-24ч,2026-08-13T22:52:17Z,2026-08-14T09:00:00Z,10.1,0.0,0.0,0.0,0.0,0.0
6-24ч,2026-08-13T22:52:17Z,2026-08-14T10:00:00Z,11.1,0.0,0.0,0.0,0.0,0.0
6-24ч,2026-08-13T22:52:17Z,2026-08-14T11:00:00Z,12.1,0.0,25.0,0.0,-25.0,25.0
6-24ч,2026-08-13T22:52:17Z,2026-08-14T12:00:00Z,13.1,0.0,25.0,0.0,-25.0,25.0
6-24ч,2026-08-13T22:52:17Z,2026-08-14T13:00:00Z,14.1,0.0,25.0,0.0,-25.0,25.0
6-24ч,2026-08-13T22:52:17Z,2026-08-14T14:00:00Z,15.1,0.0,25.0,0.0,-25.0,25.0
6-24ч,2026-08-13T22:52:17Z,2026-08-14T15:00:00Z,16.1,0.0,12.5,0.0,-12.5,12.5
6-24ч,2026-08-13T22:52:17Z,2026-08-14T16:00:00Z,17.1,1.0,12.5,0.0,-11.5,11.5
6-24ч,2026-08-13T22:52:17Z,2026-08-14T17:00:00Z,18.1,2.0,12.5,0.0,-10.5,10.5
6-24ч,2026-08-13T22:52:17Z,2026-08-14T18:00:00Z,19.1,2.0,25.0,0.0,-23.0,23.0
6-24ч,2026-08-14T05:28:14Z,2026-08-14T12:00:00Z,6.5,0.0,25.0,0.0,-25.0,25.0
6-24ч,2026-08-14T05:28:14Z,2026-08-14T13:00:00Z,7.5,0.0,25.0,0.0,-25.0,25.0
6-24ч,2026-08-14T05:28:14Z,2026-08-14T14:00:00Z,8.5,0.0,25.0,0.0,-25.0,25.0
6-24ч,2026-08-14T05:28:14Z,2026-08-14T15:00:00Z,9.5,0.0,12.5,0.0,-12.5,12.5
6-24ч,2026-08-14T05:28:14Z,2026-08-14T16:00:00Z,10.5,0.0,12.5,0.0,-12.5,12.5
6-24ч,2026-08-14T05:28:14Z,2026-08-14T17:00:00Z,11.5,0.0,12.5,0.0,-12.5,12.5
6-24ч,2026-08-14T05:28:14Z,2026-08-14T18:00:00Z,12.5,0.0,25.0,0.0,-25.0,25.0
6-24ч,2026-08-14T10:44:54Z,2026-08-14T17:00:00Z,6.3,1.0,12.5,0.0,-11.5,11.5
6-24ч,2026-08-14T10:44:54Z,2026-08-14T18:00:00Z,7.3,1.0,25.0,0.0,-24.0,24.0
6-24ч,2026-08-14T10:44:54Z,2026-08-15T06:00:00Z,19.3,0.0,0.0,0.0,0.0,0.0
6-24ч,2026-08-14T10:44:54Z,2026-08-15T07:00:00Z,20.3,0.0,0.0,0.0,0.0,0.0
6-24ч,2026-08-14T10:44:54Z,2026-08-15T08:00:00Z,21.3,0.0,0.0,0.0,0.0,0.0
6-24ч,2026-08-14T10:44:54Z,2026-08-15T09:00:00Z,22.3,0.0,0.0,0.0,0.0,0.0
6-24ч,2026-08-14T10:44:54Z,2026-08-15T10:00:00Z,23.3,0.0,0.0,0.0,0.0,0.0
6-24ч,2026-08-14T16:48:33Z,2026-08-15T06:00:00Z,13.2,0.0,0.0,0.0,0.0,0.0
6-24ч,2026-08-14T16:48:33Z,2026-08-15T07:00:00Z,14.2,0.0,0.0,0.0,0.0,0.0
6-24ч,2026-08-14T16:48:33Z,2026-08-15T08:00:00Z,15.2,0.0,0.0,0.0,0.0,0.0
6-24ч,2026-08-14T16:48:33Z,2026-08-15T09:00:00Z,16.2,0.0,0.0,0.0,0.0,0.0
6-24ч,2026-08-14T16:48:33Z,2026-08-15T10:00:00Z,17.2,0.0,0.0,0.0,0.0,0.0
6-24ч,2026-08-14T16:48:33Z,2026-08-15T11:00:00Z,18.2,0.0,0.0,25.0,0.0,0.0
6-24ч,2026-08-14T16:48:33Z,2026-08-15T12:00:00Z,19.2,0.0,0.0,25.0,0.0,0.0
6-24ч,2026-08-14T16:48:33Z,2026-08-15T13:00:00Z,20.2,0.0,0.0,25.0,0.0,0.0
6-24ч,2026-08-14T16:48:33Z,2026-08-15T14:00:00Z,21.2,0.0,0.0,25.0,0.0,0.0
6-24ч,2026-08-14T16:48:33Z,2026-08-15T15:00:00Z,22.2,0.0,0.0,12.5,0.0,0.0
6-24ч,2026-08-14T16:48:33Z,2026-08-15T16:00:00Z,23.2,0.0,0.0,12.5,0.0,0.0
6-24ч,2026-08-14T22:30:55Z,2026-08-15T06:00:00Z,7.5,0.0,0.0,0.0,0.0,0.0
6-24ч,2026-08-14T22:30:55Z,2026-08-15T07:00:00Z,8.5,0.0,0.0,0.0,0.0,0.0
6-24ч,2026-08-14T22:30:55Z,2026-08-15T08:00:00Z,9.5,0.0,0.0,0.0,0.0,0.0
6-24ч,2026-08-14T22:30:55Z,2026-08-15T09:00:00Z,10.5,0.0,0.0,0.0,0.0,0.0
6-24ч,2026-08-14T22:30:55Z,2026-08-15T10:00:00Z,11.5,0.0,0.0,0.0,0.0,0.0
6-24ч,2026-08-14T22:30:55Z,2026-08-15T11:00:00Z,12.5,0.0,0.0,25.0,0.0,0.0
6-24ч,2026-08-14T22:30:55Z,2026-08-15T12:00:00Z,13.5,0.0,0.0,25.0,0.0,0.0
6-24ч,2026-08-14T22:30:55Z,2026-08-15T13:00:00Z,14.5,0.0,0.0,25.0,0.0,0.0
6-24ч,2026-08-14T22:30:55Z,2026-08-15T14:00:00Z,15.5,0.0,0.0,25.0,0.0,0.0
6-24ч,2026-08-14T22:30:55Z,2026-08-15T15:00:00Z,16.5,0.0,0.0,12.5,0.0,0.0
6-24ч,2026-08-14T22:30:55Z,2026-08-15T16:00:00Z,17.5,0.0,0.0,12.5,0.0,0.0
6-24ч,2026-08-14T22:30:55Z,2026-08-15T17:00:00Z,18.5,0.0,0.0,12.5,0.0,0.0
6-24ч,2026-08-14T22:30:55Z,2026-08-15T18:00:00Z,19.5,0.0,0.0,25.0,0.0,0.0
6-24ч,2026-08-15T04:24:15Z,2026-08-15T11:00:00Z,6.6,0.0,0.0,25.0,0.0,0.0
6-24ч,2026-08-15T04:24:15Z,2026-08-15T12:00:00Z,7.6,0.0,0.0,25.0,0.0,0.0
6-24ч,2026-08-15T04:24:15Z,2026-08-15T13:00:00Z,8.6,0.0,0.0,25.0,0.0,0.0
6-24ч,2026-08-15T04:24:15Z,2026-08-15T14:00:00Z,9.6,0.0,0.0,25.0,0.0,0.0
6-24ч,2026-08-15T04:24:15Z,2026-08-15T15:00:00Z,10.6,0.0,0.0,12.5,0.0,0.0
6-24ч,2026-08-15T04:24:15Z,2026-08-15T16:00:00Z,11.6,0.0,0.0,12.5,0.0,0.0
6-24ч,2026-08-15T04:24:15Z,2026-08-15T17:00:00Z,12.6,0.0,0.0,12.5,0.0,0.0
6-24ч,2026-08-15T04:24:15Z,2026-08-15T18:00:00Z,13.6,0.0,0.0,25.0,0.0,0.0
6-24ч,2026-08-15T10:09:15Z,2026-08-15T17:00:00Z,6.8,0.0,0.0,12.5,0.0,0.0
6-24ч,2026-08-15T10:09:15Z,2026-08-15T18:00:00Z,7.8,0.0,0.0,25.0,0.0,0.0
6-24ч,2026-08-15T10:09:15Z,2026-08-16T06:00:00Z,19.8,0.0,0.0,0.0,0.0,0.0
6-24ч,2026-08-15T10:09:15Z,2026-08-16T07:00:00Z,20.8,0.0,0.0,0.0,0.0,0.0
6-24ч,2026-08-15T10:09:15Z,2026-08-16T08:00:00Z,21.8,0.0,0.0,0.0,0.0,0.0
6-24ч,2026-08-15T10:09:15Z,2026-08-16T09:00:00Z,22.8,0.0,0.0,0.0,0.0,0.0
6-24ч,2026-08-15T10:09:15Z,2026-08-16T10:00:00Z,23.8,0.0,0.0,0.0,0.0,0.0
6-24ч,2026-08-15T16:20:39Z,2026-08-16T06:00:00Z,13.7,0.0,0.0,0.0,0.0,0.0
6-24ч,2026-08-15T16:20:39Z,2026-08-16T07:00:00Z,14.7,0.0,0.0,0.0,0.0,0.0
6-24ч,2026-08-15T16:20:39Z,2026-08-16T08:00:00Z,15.7,0.0,0.0,0.0,0.0,0.0
6-24ч,2026-08-15T16:20:39Z,2026-08-16T09:00:00Z,16.7,0.0,0.0,0.0,0.0,0.0
6-24ч,2026-08-15T16:20:39Z,2026-08-16T10:00:00Z,17.7,0.0,0.0,0.0,0.0,0.0
6-24ч,2026-08-15T16:20:39Z,2026-08-16T11:00:00Z,18.7,0.0,0.0,0.0,0.0,0.0
6-24ч,2026-08-15T16:20:39Z,2026-08-16T12:00:00Z,19.7,0.0,0.0,0.0,0.0,0.0
6-24ч,2026-08-15T16:20:39Z,2026-08-16T13:00:00Z,20.7,0.0,0.0,0.0,0.0,0.0
6-24ч,2026-08-15T16:20:39Z,2026-08-16T14:00:00Z,21.7,0.0,0.0,0.0,0.0,0.0
6-24ч,2026-08-15T16:20:39Z,2026-08-16T15:00:00Z,22.7,0.0,0.0,0.0,0.0,0.0
6-24ч,2026-08-15T16:20:39Z,2026-08-16T16:00:00Z,23.7,0.0,0.0,0.0,0.0,0.0
6-24ч,2026-08-15T22:29:33Z,2026-08-16T06:00:00Z,7.5,0.0,0.0,0.0,0.0,0.0
6-24ч,2026-08-15T22:29:33Z,2026-08-16T07:00:00Z,8.5,0.0,0.0,0.0,0.0,0.0
6-24ч,2026-08-15T22:29:33Z,2026-08-16T08:00:00Z,9.5,0.0,0.0,0.0,0.0,0.0
6-24ч,2026-08-15T22:29:33Z,2026-08-16T09:00:00Z,10.5,0.0,0.0,0.0,0.0,0.0
6-24ч,2026-08-15T22:29:33Z,2026-08-16T10:00:00Z,11.5,0.0,0.0,0.0,0.0,0.0
6-24ч,2026-08-15T22:29:33Z,2026-08-16T11:00:00Z,12.5,0.0,0.0,0.0,0.0,0.0
6-24ч,2026-08-15T22:29:33Z,2026-08-16T12:00:00Z,13.5,0.0,0.0,0.0,0.0,0.0
6-24ч,2026-08-15T22:29:33Z,2026-08-16T13:00:00Z,14.5,0.0,0.0,0.0,0.0,0.0
6-24ч,2026-08-15T22:29:33Z,2026-08-16T14:00:00Z,15.5,0.0,0.0,0.0,0.0,0.0
6-24ч,2026-08-15T22:29:33Z,2026-08-16T15:00:00Z,16.5,0.0,0.0,0.0,0.0,0.0
6-24ч,2026-08-15T22:29:33Z,2026-08-16T16:00:00Z,17.5,0.0,0.0,0.0,0.0,0.0
6-24ч,2026-08-15T22:29:33Z,2026-08-16T17:00:00Z,18.5,0.0,0.0,0.0,0.0,0.0
6-24ч,2026-08-15T22:29:33Z,2026-08-16T18:00:00Z,19.5,0.0,0.0,0.0,0.0,0.0
6-24ч,2026-08-16T04:29:41Z,2026-08-16T11:00:00Z,6.5,0.0,0.0,0.0,0.0,0.0
6-24ч,2026-08-16T04:29:41Z,2026-08-16T12:00:00Z,7.5,0.0,0.0,0.0,0.0,0.0
6-24ч,2026-08-16T04:29:41Z,2026-08-16T13:00:00Z,8.5,0.0,0.0,0.0,0.0,0.0
6-24ч,2026-08-16T04:29:41Z,2026-08-16T14:00:00Z,9.5,0.0,0.0,0.0,0.0,0.0
6-24ч,2026-08-16T04:29:41Z,2026-08-16T15:00:00Z,10.5,0.0,0.0,0.0,0.0,0.0
6-24ч,2026-08-16T04:29:41Z,2026-08-16T16:00:00Z,11.5,0.0,0.0,0.0,0.0,0.0
6-24ч,2026-08-16T04:29:41Z,2026-08-16T17:00:00Z,12.5,0.0,0.0,0.0,0.0,0.0
6-24ч,2026-08-16T04:29:41Z,2026-08-16T18:00:00Z,13.5,0.0,0.0,0.0,0.0,0.0
6-24ч,2026-08-16T07:21:44Z,2026-08-16T14:00:00Z,6.6,0.0,0.0,0.0,0.0,0.0
6-24ч,2026-08-16T07:21:44Z,2026-08-16T15:00:00Z,7.6,0.0,0.0,0.0,0.0,0.0
6-24ч,2026-08-16T07:21:44Z,2026-08-16T16:00:00Z,8.6,0.0,0.0,0.0,0.0,0.0
6-24ч,2026-08-16T07:21:44Z,2026-08-16T17:00:00Z,9.6,0.0,0.0,0.0,0.0,0.0
6-24ч,2026-08-16T07:21:44Z,2026-08-16T18:00:00Z,10.6,0.0,0.0,0.0,0.0,0.0
6-24ч,2026-08-16T10:09:47Z,2026-08-16T17:00:00Z,6.8,0.0,0.0,0.0,0.0,0.0
6-24ч,2026-08-16T10:09:47Z,2026-08-16T18:00:00Z,7.8,0.0,0.0,0.0,0.0,0.0
1-2 дня,2026-08-06T09:50:07Z,2026-08-07T10:00:00Z,24.2,6.0,0.0,0.0,6.0,6.0
1-2 дня,2026-08-06T09:50:07Z,2026-08-07T11:00:00Z,25.2,13.0,0.0,12.5,13.0,13.0
1-2 дня,2026-08-06T09:50:07Z,2026-08-07T12:00:00Z,26.2,18.0,0.0,25.0,18.0,18.0
1-2 дня,2026-08-06T09:50:07Z,2026-08-07T13:00:00Z,27.2,18.0,12.5,50.0,5.5,5.5
1-2 дня,2026-08-06T09:50:07Z,2026-08-07T14:00:00Z,28.2,17.0,25.0,62.5,-8.0,8.0
1-2 дня,2026-08-06T09:50:07Z,2026-08-07T15:00:00Z,29.2,20.0,25.0,87.5,-5.0,5.0
1-2 дня,2026-08-06T09:50:07Z,2026-08-07T16:00:00Z,30.2,33.0,37.5,87.5,-4.5,4.5
1-2 дня,2026-08-06T09:50:07Z,2026-08-07T17:00:00Z,31.2,50.0,12.5,87.5,37.5,37.5
1-2 дня,2026-08-06T09:50:07Z,2026-08-07T18:00:00Z,32.2,57.0,75.0,75.0,-18.0,18.0
1-2 дня,2026-08-06T09:50:07Z,2026-08-08T06:00:00Z,44.2,1.0,0.0,12.5,1.0,1.0
1-2 дня,2026-08-06T09:50:07Z,2026-08-08T07:00:00Z,45.2,0.0,0.0,0.0,0.0,0.0
1-2 дня,2026-08-06T09:50:07Z,2026-08-08T08:00:00Z,46.2,0.0,0.0,0.0,0.0,0.0
1-2 дня,2026-08-06T09:50:07Z,2026-08-08T09:00:00Z,47.2,1.0,0.0,0.0,1.0,1.0
1-2 дня,2026-08-06T09:59:18Z,2026-08-07T10:00:00Z,24.0,6.0,0.0,0.0,6.0,6.0
1-2 дня,2026-08-06T09:59:18Z,2026-08-07T11:00:00Z,25.0,13.0,0.0,12.5,13.0,13.0
1-2 дня,2026-08-06T09:59:18Z,2026-08-07T12:00:00Z,26.0,18.0,0.0,25.0,18.0,18.0
1-2 дня,2026-08-06T09:59:18Z,2026-08-07T13:00:00Z,27.0,18.0,12.5,50.0,5.5,5.5
1-2 дня,2026-08-06T09:59:18Z,2026-08-07T14:00:00Z,28.0,17.0,25.0,62.5,-8.0,8.0
1-2 дня,2026-08-06T09:59:18Z,2026-08-07T15:00:00Z,29.0,20.0,25.0,87.5,-5.0,5.0
1-2 дня,2026-08-06T09:59:18Z,2026-08-07T16:00:00Z,30.0,33.0,37.5,87.5,-4.5,4.5
1-2 дня,2026-08-06T09:59:18Z,2026-08-07T17:00:00Z,31.0,50.0,12.5,87.5,37.5,37.5
1-2 дня,2026-08-06T09:59:18Z,2026-08-07T18:00:00Z,32.0,57.0,75.0,75.0,-18.0,18.0
1-2 дня,2026-08-06T09:59:18Z,2026-08-08T06:00:00Z,44.0,1.0,0.0,12.5,1.0,1.0
1-2 дня,2026-08-06T09:59:18Z,2026-08-08T07:00:00Z,45.0,0.0,0.0,0.0,0.0,0.0
1-2 дня,2026-08-06T09:59:18Z,2026-08-08T08:00:00Z,46.0,0.0,0.0,0.0,0.0,0.0
1-2 дня,2026-08-06T09:59:18Z,2026-08-08T09:00:00Z,47.0,1.0,0.0,0.0,1.0,1.0
1-2 дня,2026-08-06T10:08:26Z,2026-08-07T11:00:00Z,24.9,13.0,0.0,12.5,13.0,13.0
1-2 дня,2026-08-06T10:08:26Z,2026-08-07T12:00:00Z,25.9,18.0,0.0,25.0,18.0,18.0
1-2 дня,2026-08-06T10:08:26Z,2026-08-07T13:00:00Z,26.9,18.0,12.5,50.0,5.5,5.5
1-2 дня,2026-08-06T10:08:26Z,2026-08-07T14:00:00Z,27.9,17.0,25.0,62.5,-8.0,8.0
1-2 дня,2026-08-06T10:08:26Z,2026-08-07T15:00:00Z,28.9,20.0,25.0,87.5,-5.0,5.0
1-2 дня,2026-08-06T10:08:26Z,2026-08-07T16:00:00Z,29.9,33.0,37.5,87.5,-4.5,4.5
1-2 дня,2026-08-06T10:08:26Z,2026-08-07T17:00:00Z,30.9,50.0,12.5,87.5,37.5,37.5
1-2 дня,2026-08-06T10:08:26Z,2026-08-07T18:00:00Z,31.9,57.0,75.0,75.0,-18.0,18.0
1-2 дня,2026-08-06T10:08:26Z,2026-08-08T06:00:00Z,43.9,1.0,0.0,12.5,1.0,1.0
1-2 дня,2026-08-06T10:08:26Z,2026-08-08T07:00:00Z,44.9,0.0,0.0,0.0,0.0,0.0
1-2 дня,2026-08-06T10:08:26Z,2026-08-08T08:00:00Z,45.9,0.0,0.0,0.0,0.0,0.0
1-2 дня,2026-08-06T10:08:26Z,2026-08-08T09:00:00Z,46.9,1.0,0.0,0.0,1.0,1.0
1-2 дня,2026-08-06T10:08:26Z,2026-08-08T10:00:00Z,47.9,3.0,0.0,0.0,3.0,3.0
1-2 дня,2026-08-06T10:47:54Z,2026-08-07T11:00:00Z,24.2,13.0,0.0,12.5,13.0,13.0
1-2 дня,2026-08-06T10:47:54Z,2026-08-07T12:00:00Z,25.2,18.0,0.0,25.0,18.0,18.0
1-2 дня,2026-08-06T10:47:54Z,2026-08-07T13:00:00Z,26.2,18.0,12.5,50.0,5.5,5.5
1-2 дня,2026-08-06T10:47:54Z,2026-08-07T14:00:00Z,27.2,17.0,25.0,62.5,-8.0,8.0
1-2 дня,2026-08-06T10:47:54Z,2026-08-07T15:00:00Z,28.2,20.0,25.0,87.5,-5.0,5.0
1-2 дня,2026-08-06T10:47:54Z,2026-08-07T16:00:00Z,29.2,33.0,37.5,87.5,-4.5,4.5
1-2 дня,2026-08-06T10:47:54Z,2026-08-07T17:00:00Z,30.2,50.0,12.5,87.5,37.5,37.5
1-2 дня,2026-08-06T10:47:54Z,2026-08-07T18:00:00Z,31.2,57.0,75.0,75.0,-18.0,18.0
1-2 дня,2026-08-06T10:47:54Z,2026-08-08T06:00:00Z,43.2,1.0,0.0,12.5,1.0,1.0
1-2 дня,2026-08-06T10:47:54Z,2026-08-08T07:00:00Z,44.2,0.0,0.0,0.0,0.0,0.0
1-2 дня,2026-08-06T10:47:54Z,2026-08-08T08:00:00Z,45.2,0.0,0.0,0.0,0.0,0.0
1-2 дня,2026-08-06T10:47:54Z,2026-08-08T09:00:00Z,46.2,1.0,0.0,0.0,1.0,1.0
1-2 дня,2026-08-06T10:47:54Z,2026-08-08T10:00:00Z,47.2,3.0,0.0,0.0,3.0,3.0
1-2 дня,2026-08-06T11:30:42Z,2026-08-07T12:00:00Z,24.5,18.0,0.0,25.0,18.0,18.0
1-2 дня,2026-08-06T11:30:42Z,2026-08-07T13:00:00Z,25.5,18.0,12.5,50.0,5.5,5.5
1-2 дня,2026-08-06T11:30:42Z,2026-08-07T14:00:00Z,26.5,17.0,25.0,62.5,-8.0,8.0
1-2 дня,2026-08-06T11:30:42Z,2026-08-07T15:00:00Z,27.5,20.0,25.0,87.5,-5.0,5.0
1-2 дня,2026-08-06T11:30:42Z,2026-08-07T16:00:00Z,28.5,33.0,37.5,87.5,-4.5,4.5
1-2 дня,2026-08-06T11:30:42Z,2026-08-07T17:00:00Z,29.5,50.0,12.5,87.5,37.5,37.5
1-2 дня,2026-08-06T11:30:42Z,2026-08-07T18:00:00Z,30.5,57.0,75.0,75.0,-18.0,18.0
1-2 дня,2026-08-06T11:30:42Z,2026-08-08T06:00:00Z,42.5,1.0,0.0,12.5,1.0,1.0
1-2 дня,2026-08-06T11:30:42Z,2026-08-08T07:00:00Z,43.5,0.0,0.0,0.0,0.0,0.0
1-2 дня,2026-08-06T11:30:42Z,2026-08-08T08:00:00Z,44.5,0.0,0.0,0.0,0.0,0.0
1-2 дня,2026-08-06T11:30:42Z,2026-08-08T09:00:00Z,45.5,1.0,0.0,0.0,1.0,1.0
1-2 дня,2026-08-06T11:30:42Z,2026-08-08T10:00:00Z,46.5,3.0,0.0,0.0,3.0,3.0
1-2 дня,2026-08-06T11:30:42Z,2026-08-08T11:00:00Z,47.5,6.0,12.5,0.0,-6.5,6.5
1-2 дня,2026-08-06T11:36:01Z,2026-08-07T12:00:00Z,24.4,18.0,0.0,25.0,18.0,18.0
1-2 дня,2026-08-06T11:36:01Z,2026-08-07T13:00:00Z,25.4,18.0,12.5,50.0,5.5,5.5
1-2 дня,2026-08-06T11:36:01Z,2026-08-07T14:00:00Z,26.4,17.0,25.0,62.5,-8.0,8.0
1-2 дня,2026-08-06T11:36:01Z,2026-08-07T15:00:00Z,27.4,20.0,25.0,87.5,-5.0,5.0
1-2 дня,2026-08-06T11:36:01Z,2026-08-07T16:00:00Z,28.4,33.0,37.5,87.5,-4.5,4.5
1-2 дня,2026-08-06T11:36:01Z,2026-08-07T17:00:00Z,29.4,50.0,12.5,87.5,37.5,37.5
1-2 дня,2026-08-06T11:36:01Z,2026-08-07T18:00:00Z,30.4,57.0,75.0,75.0,-18.0,18.0
1-2 дня,2026-08-06T11:36:01Z,2026-08-08T06:00:00Z,42.4,1.0,0.0,12.5,1.0,1.0
1-2 дня,2026-08-06T11:36:01Z,2026-08-08T07:00:00Z,43.4,0.0,0.0,0.0,0.0,0.0
1-2 дня,2026-08-06T11:36:01Z,2026-08-08T08:00:00Z,44.4,0.0,0.0,0.0,0.0,0.0
1-2 дня,2026-08-06T11:36:01Z,2026-08-08T09:00:00Z,45.4,1.0,0.0,0.0,1.0,1.0
1-2 дня,2026-08-06T11:36:01Z,2026-08-08T10:00:00Z,46.4,3.0,0.0,0.0,3.0,3.0
1-2 дня,2026-08-06T11:36:01Z,2026-08-08T11:00:00Z,47.4,6.0,12.5,0.0,-6.5,6.5
1-2 дня,2026-08-06T11:44:08Z,2026-08-07T12:00:00Z,24.3,18.0,0.0,25.0,18.0,18.0
1-2 дня,2026-08-06T11:44:08Z,2026-08-07T13:00:00Z,25.3,18.0,12.5,50.0,5.5,5.5
1-2 дня,2026-08-06T11:44:08Z,2026-08-07T14:00:00Z,26.3,17.0,25.0,62.5,-8.0,8.0
1-2 дня,2026-08-06T11:44:08Z,2026-08-07T15:00:00Z,27.3,20.0,25.0,87.5,-5.0,5.0
1-2 дня,2026-08-06T11:44:08Z,2026-08-07T16:00:00Z,28.3,33.0,37.5,87.5,-4.5,4.5
1-2 дня,2026-08-06T11:44:08Z,2026-08-07T17:00:00Z,29.3,50.0,12.5,87.5,37.5,37.5
1-2 дня,2026-08-06T11:44:08Z,2026-08-07T18:00:00Z,30.3,57.0,75.0,75.0,-18.0,18.0
1-2 дня,2026-08-06T11:44:08Z,2026-08-08T06:00:00Z,42.3,1.0,0.0,12.5,1.0,1.0
1-2 дня,2026-08-06T11:44:08Z,2026-08-08T07:00:00Z,43.3,0.0,0.0,0.0,0.0,0.0
1-2 дня,2026-08-06T11:44:08Z,2026-08-08T08:00:00Z,44.3,0.0,0.0,0.0,0.0,0.0
1-2 дня,2026-08-06T11:44:08Z,2026-08-08T09:00:00Z,45.3,1.0,0.0,0.0,1.0,1.0
1-2 дня,2026-08-06T11:44:08Z,2026-08-08T10:00:00Z,46.3,3.0,0.0,0.0,3.0,3.0
1-2 дня,2026-08-06T11:44:08Z,2026-08-08T11:00:00Z,47.3,6.0,12.5,0.0,-6.5,6.5
1-2 дня,2026-08-07T01:31:32Z,2026-08-08T06:00:00Z,28.5,0.0,0.0,12.5,0.0,0.0
1-2 дня,2026-08-07T01:31:32Z,2026-08-08T07:00:00Z,29.5,2.0,0.0,0.0,2.0,2.0
1-2 дня,2026-08-07T01:31:32Z,2026-08-08T08:00:00Z,30.5,6.0,0.0,0.0,6.0,6.0
1-2 дня,2026-08-07T01:31:32Z,2026-08-08T09:00:00Z,31.5,9.0,0.0,0.0,9.0,9.0
1-2 дня,2026-08-07T01:31:32Z,2026-08-08T10:00:00Z,32.5,13.0,0.0,0.0,13.0,13.0
1-2 дня,2026-08-07T01:31:32Z,2026-08-08T11:00:00Z,33.5,17.0,12.5,0.0,4.5,4.5
1-2 дня,2026-08-07T01:31:32Z,2026-08-08T12:00:00Z,34.5,20.0,12.5,0.0,7.5,7.5
1-2 дня,2026-08-07T01:31:32Z,2026-08-08T13:00:00Z,35.5,19.0,12.5,12.5,6.5,6.5
1-2 дня,2026-08-07T01:31:32Z,2026-08-08T14:00:00Z,36.5,17.0,12.5,25.0,4.5,4.5
1-2 дня,2026-08-07T01:31:32Z,2026-08-08T15:00:00Z,37.5,17.0,12.5,25.0,4.5,4.5
1-2 дня,2026-08-07T01:31:32Z,2026-08-08T16:00:00Z,38.5,25.0,0.0,37.5,25.0,25.0
1-2 дня,2026-08-07T01:31:32Z,2026-08-08T17:00:00Z,39.5,35.0,0.0,12.5,35.0,35.0
1-2 дня,2026-08-07T01:31:32Z,2026-08-08T18:00:00Z,40.5,39.0,0.0,75.0,39.0,39.0
1-2 дня,2026-08-07T05:36:00Z,2026-08-08T06:00:00Z,24.4,0.0,0.0,12.5,0.0,0.0
1-2 дня,2026-08-07T05:36:00Z,2026-08-08T07:00:00Z,25.4,2.0,0.0,0.0,2.0,2.0
1-2 дня,2026-08-07T05:36:00Z,2026-08-08T08:00:00Z,26.4,6.0,0.0,0.0,6.0,6.0
1-2 дня,2026-08-07T05:36:00Z,2026-08-08T09:00:00Z,27.4,9.0,0.0,0.0,9.0,9.0
1-2 дня,2026-08-07T05:36:00Z,2026-08-08T10:00:00Z,28.4,13.0,0.0,0.0,13.0,13.0
1-2 дня,2026-08-07T05:36:00Z,2026-08-08T11:00:00Z,29.4,17.0,12.5,0.0,4.5,4.5
1-2 дня,2026-08-07T05:36:00Z,2026-08-08T12:00:00Z,30.4,20.0,12.5,0.0,7.5,7.5
1-2 дня,2026-08-07T05:36:00Z,2026-08-08T13:00:00Z,31.4,19.0,12.5,12.5,6.5,6.5
1-2 дня,2026-08-07T05:36:00Z,2026-08-08T14:00:00Z,32.4,17.0,12.5,25.0,4.5,4.5
1-2 дня,2026-08-07T05:36:00Z,2026-08-08T15:00:00Z,33.4,17.0,12.5,25.0,4.5,4.5
1-2 дня,2026-08-07T05:36:00Z,2026-08-08T16:00:00Z,34.4,25.0,0.0,37.5,25.0,25.0
1-2 дня,2026-08-07T05:36:00Z,2026-08-08T17:00:00Z,35.4,35.0,0.0,12.5,35.0,35.0
1-2 дня,2026-08-07T05:36:00Z,2026-08-08T18:00:00Z,36.4,39.0,0.0,75.0,39.0,39.0
1-2 дня,2026-08-07T06:18:59Z,2026-08-08T07:00:00Z,24.7,2.0,0.0,0.0,2.0,2.0
1-2 дня,2026-08-07T06:18:59Z,2026-08-08T08:00:00Z,25.7,6.0,0.0,0.0,6.0,6.0
1-2 дня,2026-08-07T06:18:59Z,2026-08-08T09:00:00Z,26.7,9.0,0.0,0.0,9.0,9.0
1-2 дня,2026-08-07T06:18:59Z,2026-08-08T10:00:00Z,27.7,13.0,0.0,0.0,13.0,13.0
1-2 дня,2026-08-07T06:18:59Z,2026-08-08T11:00:00Z,28.7,17.0,12.5,0.0,4.5,4.5
1-2 дня,2026-08-07T06:18:59Z,2026-08-08T12:00:00Z,29.7,20.0,12.5,0.0,7.5,7.5
1-2 дня,2026-08-07T06:18:59Z,2026-08-08T13:00:00Z,30.7,19.0,12.5,12.5,6.5,6.5
1-2 дня,2026-08-07T06:18:59Z,2026-08-08T14:00:00Z,31.7,17.0,12.5,25.0,4.5,4.5
1-2 дня,2026-08-07T06:18:59Z,2026-08-08T15:00:00Z,32.7,17.0,12.5,25.0,4.5,4.5
1-2 дня,2026-08-07T06:18:59Z,2026-08-08T16:00:00Z,33.7,25.0,0.0,37.5,25.0,25.0
1-2 дня,2026-08-07T06:18:59Z,2026-08-08T17:00:00Z,34.7,35.0,0.0,12.5,35.0,35.0
1-2 дня,2026-08-07T06:18:59Z,2026-08-08T18:00:00Z,35.7,39.0,0.0,75.0,39.0,39.0
1-2 дня,2026-08-07T06:18:59Z,2026-08-09T06:00:00Z,47.7,0.0,0.0,0.0,0.0,0.0
1-2 дня,2026-08-07T07:13:52Z,2026-08-08T08:00:00Z,24.8,6.0,0.0,0.0,6.0,6.0
1-2 дня,2026-08-07T07:13:52Z,2026-08-08T09:00:00Z,25.8,9.0,0.0,0.0,9.0,9.0
1-2 дня,2026-08-07T07:13:52Z,2026-08-08T10:00:00Z,26.8,13.0,0.0,0.0,13.0,13.0
1-2 дня,2026-08-07T07:13:52Z,2026-08-08T11:00:00Z,27.8,17.0,12.5,0.0,4.5,4.5
1-2 дня,2026-08-07T07:13:52Z,2026-08-08T12:00:00Z,28.8,20.0,12.5,0.0,7.5,7.5
1-2 дня,2026-08-07T07:13:52Z,2026-08-08T13:00:00Z,29.8,19.0,12.5,12.5,6.5,6.5
1-2 дня,2026-08-07T07:13:52Z,2026-08-08T14:00:00Z,30.8,17.0,12.5,25.0,4.5,4.5
1-2 дня,2026-08-07T07:13:52Z,2026-08-08T15:00:00Z,31.8,17.0,12.5,25.0,4.5,4.5
1-2 дня,2026-08-07T07:13:52Z,2026-08-08T16:00:00Z,32.8,25.0,0.0,37.5,25.0,25.0
1-2 дня,2026-08-07T07:13:52Z,2026-08-08T17:00:00Z,33.8,35.0,0.0,12.5,35.0,35.0
1-2 дня,2026-08-07T07:13:52Z,2026-08-08T18:00:00Z,34.8,39.0,0.0,75.0,39.0,39.0
1-2 дня,2026-08-07T07:13:52Z,2026-08-09T06:00:00Z,46.8,0.0,0.0,0.0,0.0,0.0
1-2 дня,2026-08-07T07:13:52Z,2026-08-09T07:00:00Z,47.8,0.0,0.0,0.0,0.0,0.0
1-2 дня,2026-08-07T10:39:14Z,2026-08-08T11:00:00Z,24.3,19.0,12.5,0.0,6.5,6.5
1-2 дня,2026-08-07T10:39:14Z,2026-08-08T12:00:00Z,25.3,23.0,12.5,0.0,10.5,10.5
1-2 дня,2026-08-07T10:39:14Z,2026-08-08T13:00:00Z,26.3,22.0,12.5,12.5,9.5,9.5
1-2 дня,2026-08-07T10:39:14Z,2026-08-08T14:00:00Z,27.3,19.0,12.5,25.0,6.5,6.5
1-2 дня,2026-08-07T10:39:14Z,2026-08-08T15:00:00Z,28.3,16.0,12.5,25.0,3.5,3.5
1-2 дня,2026-08-07T10:39:14Z,2026-08-08T16:00:00Z,29.3,15.0,0.0,37.5,15.0,15.0
1-2 дня,2026-08-07T10:39:14Z,2026-08-08T17:00:00Z,30.3,13.0,0.0,12.5,13.0,13.0
1-2 дня,2026-08-07T10:39:14Z,2026-08-08T18:00:00Z,31.3,12.0,0.0,75.0,12.0,12.0
1-2 дня,2026-08-07T10:39:14Z,2026-08-09T06:00:00Z,43.3,0.0,0.0,0.0,0.0,0.0
1-2 дня,2026-08-07T10:39:14Z,2026-08-09T07:00:00Z,44.3,0.0,0.0,0.0,0.0,0.0
1-2 дня,2026-08-07T10:39:14Z,2026-08-09T08:00:00Z,45.3,0.0,0.0,0.0,0.0,0.0
1-2 дня,2026-08-07T10:39:14Z,2026-08-09T09:00:00Z,46.3,0.0,0.0,0.0,0.0,0.0
1-2 дня,2026-08-07T10:39:14Z,2026-08-09T10:00:00Z,47.3,0.0,0.0,0.0,0.0,0.0
1-2 дня,2026-08-07T16:51:54Z,2026-08-08T17:00:00Z,24.1,8.0,0.0,12.5,8.0,8.0
1-2 дня,2026-08-07T16:51:54Z,2026-08-08T18:00:00Z,25.1,8.0,0.0,75.0,8.0,8.0
1-2 дня,2026-08-07T16:51:54Z,2026-08-09T06:00:00Z,37.1,0.0,0.0,0.0,0.0,0.0
1-2 дня,2026-08-07T16:51:54Z,2026-08-09T07:00:00Z,38.1,0.0,0.0,0.0,0.0,0.0
1-2 дня,2026-08-07T16:51:54Z,2026-08-09T08:00:00Z,39.1,0.0,0.0,0.0,0.0,0.0
1-2 дня,2026-08-07T16:51:54Z,2026-08-09T09:00:00Z,40.1,0.0,0.0,0.0,0.0,0.0
1-2 дня,2026-08-07T16:51:54Z,2026-08-09T10:00:00Z,41.1,0.0,0.0,0.0,0.0,0.0
1-2 дня,2026-08-07T16:51:54Z,2026-08-09T11:00:00Z,42.1,0.0,0.0,12.5,0.0,0.0
1-2 дня,2026-08-07T16:51:54Z,2026-08-09T12:00:00Z,43.1,0.0,12.5,12.5,-12.5,12.5
1-2 дня,2026-08-07T16:51:54Z,2026-08-09T13:00:00Z,44.1,0.0,12.5,12.5,-12.5,12.5
1-2 дня,2026-08-07T16:51:54Z,2026-08-09T14:00:00Z,45.1,0.0,0.0,12.5,0.0,0.0
1-2 дня,2026-08-07T16:51:54Z,2026-08-09T15:00:00Z,46.1,0.0,0.0,12.5,0.0,0.0
1-2 дня,2026-08-07T16:51:54Z,2026-08-09T16:00:00Z,47.1,0.0,0.0,0.0,0.0,0.0
1-2 дня,2026-08-07T22:45:57Z,2026-08-09T06:00:00Z,31.2,0.0,0.0,0.0,0.0,0.0
1-2 дня,2026-08-07T22:45:57Z,2026-08-09T07:00:00Z,32.2,0.0,0.0,0.0,0.0,0.0
1-2 дня,2026-08-07T22:45:57Z,2026-08-09T08:00:00Z,33.2,0.0,0.0,0.0,0.0,0.0
1-2 дня,2026-08-07T22:45:57Z,2026-08-09T09:00:00Z,34.2,0.0,0.0,0.0,0.0,0.0
1-2 дня,2026-08-07T22:45:57Z,2026-08-09T10:00:00Z,35.2,0.0,0.0,0.0,0.0,0.0
1-2 дня,2026-08-07T22:45:57Z,2026-08-09T11:00:00Z,36.2,0.0,0.0,12.5,0.0,0.0
1-2 дня,2026-08-07T22:45:57Z,2026-08-09T12:00:00Z,37.2,0.0,12.5,12.5,-12.5,12.5
1-2 дня,2026-08-07T22:45:57Z,2026-08-09T13:00:00Z,38.2,0.0,12.5,12.5,-12.5,12.5
1-2 дня,2026-08-07T22:45:57Z,2026-08-09T14:00:00Z,39.2,0.0,0.0,12.5,0.0,0.0
1-2 дня,2026-08-07T22:45:57Z,2026-08-09T15:00:00Z,40.2,0.0,0.0,12.5,0.0,0.0
1-2 дня,2026-08-07T22:45:57Z,2026-08-09T16:00:00Z,41.2,0.0,0.0,0.0,0.0,0.0
1-2 дня,2026-08-07T22:45:57Z,2026-08-09T17:00:00Z,42.2,0.0,0.0,0.0,0.0,0.0
1-2 дня,2026-08-07T22:45:57Z,2026-08-09T18:00:00Z,43.2,0.0,0.0,0.0,0.0,0.0
1-2 дня,2026-08-07T23:19:23Z,2026-08-09T06:00:00Z,30.7,0.0,0.0,0.0,0.0,0.0
1-2 дня,2026-08-07T23:19:23Z,2026-08-09T07:00:00Z,31.7,0.0,0.0,0.0,0.0,0.0
1-2 дня,2026-08-07T23:19:23Z,2026-08-09T08:00:00Z,32.7,0.0,0.0,0.0,0.0,0.0
1-2 дня,2026-08-07T23:19:23Z,2026-08-09T09:00:00Z,33.7,0.0,0.0,0.0,0.0,0.0
1-2 дня,2026-08-07T23:19:23Z,2026-08-09T10:00:00Z,34.7,0.0,0.0,0.0,0.0,0.0
1-2 дня,2026-08-07T23:19:23Z,2026-08-09T11:00:00Z,35.7,0.0,0.0,12.5,0.0,0.0
1-2 дня,2026-08-07T23:19:23Z,2026-08-09T12:00:00Z,36.7,0.0,12.5,12.5,-12.5,12.5
1-2 дня,2026-08-07T23:19:23Z,2026-08-09T13:00:00Z,37.7,0.0,12.5,12.5,-12.5,12.5
1-2 дня,2026-08-07T23:19:23Z,2026-08-09T14:00:00Z,38.7,0.0,0.0,12.5,0.0,0.0
1-2 дня,2026-08-07T23:19:23Z,2026-08-09T15:00:00Z,39.7,0.0,0.0,12.5,0.0,0.0
1-2 дня,2026-08-07T23:19:23Z,2026-08-09T16:00:00Z,40.7,0.0,0.0,0.0,0.0,0.0
1-2 дня,2026-08-07T23:19:23Z,2026-08-09T17:00:00Z,41.7,0.0,0.0,0.0,0.0,0.0
1-2 дня,2026-08-07T23:19:23Z,2026-08-09T18:00:00Z,42.7,0.0,0.0,0.0,0.0,0.0
1-2 дня,2026-08-08T04:50:53Z,2026-08-09T06:00:00Z,25.2,0.0,0.0,0.0,0.0,0.0
1-2 дня,2026-08-08T04:50:53Z,2026-08-09T07:00:00Z,26.2,0.0,0.0,0.0,0.0,0.0
1-2 дня,2026-08-08T04:50:53Z,2026-08-09T08:00:00Z,27.2,0.0,0.0,0.0,0.0,0.0
1-2 дня,2026-08-08T04:50:53Z,2026-08-09T09:00:00Z,28.2,0.0,0.0,0.0,0.0,0.0
1-2 дня,2026-08-08T04:50:53Z,2026-08-09T10:00:00Z,29.2,0.0,0.0,0.0,0.0,0.0
1-2 дня,2026-08-08T04:50:53Z,2026-08-09T11:00:00Z,30.2,0.0,0.0,12.5,0.0,0.0
1-2 дня,2026-08-08T04:50:53Z,2026-08-09T12:00:00Z,31.2,0.0,12.5,12.5,-12.5,12.5
1-2 дня,2026-08-08T04:50:53Z,2026-08-09T13:00:00Z,32.2,0.0,12.5,12.5,-12.5,12.5
1-2 дня,2026-08-08T04:50:53Z,2026-08-09T14:00:00Z,33.2,0.0,0.0,12.5,0.0,0.0
1-2 дня,2026-08-08T04:50:53Z,2026-08-09T15:00:00Z,34.2,0.0,0.0,12.5,0.0,0.0
1-2 дня,2026-08-08T04:50:53Z,2026-08-09T16:00:00Z,35.2,0.0,0.0,0.0,0.0,0.0
1-2 дня,2026-08-08T04:50:53Z,2026-08-09T17:00:00Z,36.2,0.0,0.0,0.0,0.0,0.0
1-2 дня,2026-08-08T04:50:53Z,2026-08-09T18:00:00Z,37.2,0.0,0.0,0.0,0.0,0.0
1-2 дня,2026-08-08T10:18:13Z,2026-08-09T11:00:00Z,24.7,0.0,0.0,12.5,0.0,0.0
1-2 дня,2026-08-08T10:18:13Z,2026-08-09T12:00:00Z,25.7,0.0,12.5,12.5,-12.5,12.5
1-2 дня,2026-08-08T10:18:13Z,2026-08-09T13:00:00Z,26.7,0.0,12.5,12.5,-12.5,12.5
1-2 дня,2026-08-08T10:18:13Z,2026-08-09T14:00:00Z,27.7,0.0,0.0,12.5,0.0,0.0
1-2 дня,2026-08-08T10:18:13Z,2026-08-09T15:00:00Z,28.7,0.0,0.0,12.5,0.0,0.0
1-2 дня,2026-08-08T10:18:13Z,2026-08-09T16:00:00Z,29.7,0.0,0.0,0.0,0.0,0.0
1-2 дня,2026-08-08T10:18:13Z,2026-08-09T17:00:00Z,30.7,0.0,0.0,0.0,0.0,0.0
1-2 дня,2026-08-08T10:18:13Z,2026-08-09T18:00:00Z,31.7,0.0,0.0,0.0,0.0,0.0
1-2 дня,2026-08-08T10:18:13Z,2026-08-10T06:00:00Z,43.7,0.0,0.0,0.0,0.0,0.0
1-2 дня,2026-08-08T10:18:13Z,2026-08-10T07:00:00Z,44.7,0.0,0.0,0.0,0.0,0.0
1-2 дня,2026-08-08T10:18:13Z,2026-08-10T08:00:00Z,45.7,0.0,0.0,0.0,0.0,0.0
1-2 дня,2026-08-08T10:18:13Z,2026-08-10T09:00:00Z,46.7,0.0,0.0,0.0,0.0,0.0
1-2 дня,2026-08-08T10:18:13Z,2026-08-10T10:00:00Z,47.7,0.0,0.0,0.0,0.0,0.0
1-2 дня,2026-08-08T22:37:20Z,2026-08-10T06:00:00Z,31.4,0.0,0.0,0.0,0.0,0.0
1-2 дня,2026-08-08T22:37:20Z,2026-08-10T07:00:00Z,32.4,0.0,0.0,0.0,0.0,0.0
1-2 дня,2026-08-08T22:37:20Z,2026-08-10T08:00:00Z,33.4,0.0,0.0,0.0,0.0,0.0
1-2 дня,2026-08-08T22:37:20Z,2026-08-10T09:00:00Z,34.4,0.0,0.0,0.0,0.0,0.0
1-2 дня,2026-08-08T22:37:20Z,2026-08-10T10:00:00Z,35.4,0.0,0.0,0.0,0.0,0.0
1-2 дня,2026-08-08T22:37:20Z,2026-08-10T11:00:00Z,36.4,0.0,12.5,0.0,-12.5,12.5
1-2 дня,2026-08-08T22:37:20Z,2026-08-10T12:00:00Z,37.4,0.0,0.0,12.5,0.0,0.0
1-2 дня,2026-08-08T22:37:20Z,2026-08-10T13:00:00Z,38.4,0.0,0.0,12.5,0.0,0.0
1-2 дня,2026-08-08T22:37:20Z,2026-08-10T14:00:00Z,39.4,0.0,0.0,0.0,0.0,0.0
1-2 дня,2026-08-08T22:37:20Z,2026-08-10T15:00:00Z,40.4,0.0,0.0,0.0,0.0,0.0
1-2 дня,2026-08-08T22:37:20Z,2026-08-10T16:00:00Z,41.4,0.0,0.0,0.0,0.0,0.0
1-2 дня,2026-08-08T22:37:20Z,2026-08-10T17:00:00Z,42.4,0.0,0.0,0.0,0.0,0.0
1-2 дня,2026-08-08T22:37:20Z,2026-08-10T18:00:00Z,43.4,0.0,0.0,0.0,0.0,0.0
1-2 дня,2026-08-09T04:59:03Z,2026-08-10T06:00:00Z,25.0,0.0,0.0,0.0,0.0,0.0
1-2 дня,2026-08-09T04:59:03Z,2026-08-10T07:00:00Z,26.0,0.0,0.0,0.0,0.0,0.0
1-2 дня,2026-08-09T04:59:03Z,2026-08-10T08:00:00Z,27.0,0.0,0.0,0.0,0.0,0.0
1-2 дня,2026-08-09T04:59:03Z,2026-08-10T09:00:00Z,28.0,0.0,0.0,0.0,0.0,0.0
1-2 дня,2026-08-09T04:59:03Z,2026-08-10T10:00:00Z,29.0,0.0,0.0,0.0,0.0,0.0
1-2 дня,2026-08-09T04:59:03Z,2026-08-10T11:00:00Z,30.0,0.0,12.5,0.0,-12.5,12.5
1-2 дня,2026-08-09T04:59:03Z,2026-08-10T12:00:00Z,31.0,0.0,0.0,12.5,0.0,0.0
1-2 дня,2026-08-09T04:59:03Z,2026-08-10T13:00:00Z,32.0,0.0,0.0,12.5,0.0,0.0
1-2 дня,2026-08-09T04:59:03Z,2026-08-10T14:00:00Z,33.0,0.0,0.0,0.0,0.0,0.0
1-2 дня,2026-08-09T04:59:03Z,2026-08-10T15:00:00Z,34.0,0.0,0.0,0.0,0.0,0.0
1-2 дня,2026-08-09T04:59:03Z,2026-08-10T16:00:00Z,35.0,0.0,0.0,0.0,0.0,0.0
1-2 дня,2026-08-09T04:59:03Z,2026-08-10T17:00:00Z,36.0,0.0,0.0,0.0,0.0,0.0
1-2 дня,2026-08-09T04:59:03Z,2026-08-10T18:00:00Z,37.0,0.0,0.0,0.0,0.0,0.0
1-2 дня,2026-08-09T10:19:29Z,2026-08-10T11:00:00Z,24.7,0.0,12.5,0.0,-12.5,12.5
1-2 дня,2026-08-09T10:19:29Z,2026-08-10T12:00:00Z,25.7,0.0,0.0,12.5,0.0,0.0
1-2 дня,2026-08-09T10:19:29Z,2026-08-10T13:00:00Z,26.7,0.0,0.0,12.5,0.0,0.0
1-2 дня,2026-08-09T10:19:29Z,2026-08-10T14:00:00Z,27.7,0.0,0.0,0.0,0.0,0.0
1-2 дня,2026-08-09T10:19:29Z,2026-08-10T15:00:00Z,28.7,0.0,0.0,0.0,0.0,0.0
1-2 дня,2026-08-09T10:19:29Z,2026-08-10T16:00:00Z,29.7,0.0,0.0,0.0,0.0,0.0
1-2 дня,2026-08-09T10:19:29Z,2026-08-10T17:00:00Z,30.7,0.0,0.0,0.0,0.0,0.0
1-2 дня,2026-08-09T10:19:29Z,2026-08-10T18:00:00Z,31.7,0.0,0.0,0.0,0.0,0.0
1-2 дня,2026-08-09T10:19:29Z,2026-08-11T06:00:00Z,43.7,0.0,0.0,0.0,0.0,0.0
1-2 дня,2026-08-09T10:19:29Z,2026-08-11T07:00:00Z,44.7,0.0,0.0,0.0,0.0,0.0
1-2 дня,2026-08-09T10:19:29Z,2026-08-11T08:00:00Z,45.7,0.0,0.0,0.0,0.0,0.0
1-2 дня,2026-08-09T10:19:29Z,2026-08-11T09:00:00Z,46.7,0.0,0.0,0.0,0.0,0.0
1-2 дня,2026-08-09T10:19:29Z,2026-08-11T10:00:00Z,47.7,0.0,0.0,0.0,0.0,0.0
1-2 дня,2026-08-09T12:41:38Z,2026-08-10T13:00:00Z,24.3,0.0,0.0,12.5,0.0,0.0
1-2 дня,2026-08-09T12:41:38Z,2026-08-10T14:00:00Z,25.3,0.0,0.0,0.0,0.0,0.0
1-2 дня,2026-08-09T12:41:38Z,2026-08-10T15:00:00Z,26.3,0.0,0.0,0.0,0.0,0.0
1-2 дня,2026-08-09T12:41:38Z,2026-08-10T16:00:00Z,27.3,0.0,0.0,0.0,0.0,0.0
1-2 дня,2026-08-09T12:41:38Z,2026-08-10T17:00:00Z,28.3,0.0,0.0,0.0,0.0,0.0
1-2 дня,2026-08-09T12:41:38Z,2026-08-10T18:00:00Z,29.3,0.0,0.0,0.0,0.0,0.0
1-2 дня,2026-08-09T12:41:38Z,2026-08-11T06:00:00Z,41.3,0.0,0.0,0.0,0.0,0.0
1-2 дня,2026-08-09T12:41:38Z,2026-08-11T07:00:00Z,42.3,0.0,0.0,0.0,0.0,0.0
1-2 дня,2026-08-09T12:41:38Z,2026-08-11T08:00:00Z,43.3,0.0,0.0,0.0,0.0,0.0
1-2 дня,2026-08-09T12:41:38Z,2026-08-11T09:00:00Z,44.3,0.0,0.0,0.0,0.0,0.0
1-2 дня,2026-08-09T12:41:38Z,2026-08-11T10:00:00Z,45.3,0.0,0.0,0.0,0.0,0.0
1-2 дня,2026-08-09T12:41:38Z,2026-08-11T11:00:00Z,46.3,0.0,0.0,12.5,0.0,0.0
1-2 дня,2026-08-09T12:41:38Z,2026-08-11T12:00:00Z,47.3,0.0,0.0,0.0,0.0,0.0
1-2 дня,2026-08-09T12:45:53Z,2026-08-10T13:00:00Z,24.2,0.0,0.0,12.5,0.0,0.0
1-2 дня,2026-08-09T12:45:53Z,2026-08-10T14:00:00Z,25.2,0.0,0.0,0.0,0.0,0.0
1-2 дня,2026-08-09T12:45:53Z,2026-08-10T15:00:00Z,26.2,0.0,0.0,0.0,0.0,0.0
1-2 дня,2026-08-09T12:45:53Z,2026-08-10T16:00:00Z,27.2,0.0,0.0,0.0,0.0,0.0
1-2 дня,2026-08-09T12:45:53Z,2026-08-10T17:00:00Z,28.2,0.0,0.0,0.0,0.0,0.0
1-2 дня,2026-08-09T12:45:53Z,2026-08-10T18:00:00Z,29.2,0.0,0.0,0.0,0.0,0.0
1-2 дня,2026-08-09T12:45:53Z,2026-08-11T06:00:00Z,41.2,0.0,0.0,0.0,0.0,0.0
1-2 дня,2026-08-09T12:45:53Z,2026-08-11T07:00:00Z,42.2,0.0,0.0,0.0,0.0,0.0
1-2 дня,2026-08-09T12:45:53Z,2026-08-11T08:00:00Z,43.2,0.0,0.0,0.0,0.0,0.0
1-2 дня,2026-08-09T12:45:53Z,2026-08-11T09:00:00Z,44.2,0.0,0.0,0.0,0.0,0.0
1-2 дня,2026-08-09T12:45:53Z,2026-08-11T10:00:00Z,45.2,0.0,0.0,0.0,0.0,0.0
1-2 дня,2026-08-09T12:45:53Z,2026-08-11T11:00:00Z,46.2,0.0,0.0,12.5,0.0,0.0
1-2 дня,2026-08-09T12:45:53Z,2026-08-11T12:00:00Z,47.2,0.0,0.0,0.0,0.0,0.0
1-2 дня,2026-08-09T12:48:15Z,2026-08-10T13:00:00Z,24.2,0.0,0.0,12.5,0.0,0.0
1-2 дня,2026-08-09T12:48:15Z,2026-08-10T14:00:00Z,25.2,0.0,0.0,0.0,0.0,0.0
1-2 дня,2026-08-09T12:48:15Z,2026-08-10T15:00:00Z,26.2,0.0,0.0,0.0,0.0,0.0
1-2 дня,2026-08-09T12:48:15Z,2026-08-10T16:00:00Z,27.2,0.0,0.0,0.0,0.0,0.0
1-2 дня,2026-08-09T12:48:15Z,2026-08-10T17:00:00Z,28.2,0.0,0.0,0.0,0.0,0.0
1-2 дня,2026-08-09T12:48:15Z,2026-08-10T18:00:00Z,29.2,0.0,0.0,0.0,0.0,0.0
1-2 дня,2026-08-09T12:48:15Z,2026-08-11T06:00:00Z,41.2,0.0,0.0,0.0,0.0,0.0
1-2 дня,2026-08-09T12:48:15Z,2026-08-11T07:00:00Z,42.2,0.0,0.0,0.0,0.0,0.0
1-2 дня,2026-08-09T12:48:15Z,2026-08-11T08:00:00Z,43.2,0.0,0.0,0.0,0.0,0.0
1-2 дня,2026-08-09T12:48:15Z,2026-08-11T09:00:00Z,44.2,0.0,0.0,0.0,0.0,0.0
1-2 дня,2026-08-09T12:48:15Z,2026-08-11T10:00:00Z,45.2,0.0,0.0,0.0,0.0,0.0
1-2 дня,2026-08-09T12:48:15Z,2026-08-11T11:00:00Z,46.2,0.0,0.0,12.5,0.0,0.0
1-2 дня,2026-08-09T12:48:15Z,2026-08-11T12:00:00Z,47.2,0.0,0.0,0.0,0.0,0.0
1-2 дня,2026-08-09T16:31:44Z,2026-08-10T17:00:00Z,24.5,0.0,0.0,0.0,0.0,0.0
1-2 дня,2026-08-09T16:31:44Z,2026-08-10T18:00:00Z,25.5,0.0,0.0,0.0,0.0,0.0
1-2 дня,2026-08-09T16:31:44Z,2026-08-11T06:00:00Z,37.5,0.0,0.0,0.0,0.0,0.0
1-2 дня,2026-08-09T16:31:44Z,2026-08-11T07:00:00Z,38.5,0.0,0.0,0.0,0.0,0.0
1-2 дня,2026-08-09T16:31:44Z,2026-08-11T08:00:00Z,39.5,0.0,0.0,0.0,0.0,0.0
1-2 дня,2026-08-09T16:31:44Z,2026-08-11T09:00:00Z,40.5,0.0,0.0,0.0,0.0,0.0
1-2 дня,2026-08-09T16:31:44Z,2026-08-11T10:00:00Z,41.5,0.0,0.0,0.0,0.0,0.0
1-2 дня,2026-08-09T16:31:44Z,2026-08-11T11:00:00Z,42.5,0.0,0.0,12.5,0.0,0.0
1-2 дня,2026-08-09T16:31:44Z,2026-08-11T12:00:00Z,43.5,0.0,0.0,0.0,0.0,0.0
1-2 дня,2026-08-09T16:31:44Z,2026-08-11T13:00:00Z,44.5,1.0,0.0,0.0,1.0,1.0
1-2 дня,2026-08-09T16:31:44Z,2026-08-11T14:00:00Z,45.5,3.0,0.0,0.0,3.0,3.0
1-2 дня,2026-08-09T16:31:44Z,2026-08-11T15:00:00Z,46.5,4.0,0.0,0.0,4.0,4.0
1-2 дня,2026-08-09T16:31:44Z,2026-08-11T16:00:00Z,47.5,5.0,0.0,0.0,5.0,5.0
1-2 дня,2026-08-09T22:39:09Z,2026-08-11T06:00:00Z,31.3,0.0,0.0,0.0,0.0,0.0
1-2 дня,2026-08-09T22:39:09Z,2026-08-11T07:00:00Z,32.3,0.0,0.0,0.0,0.0,0.0
1-2 дня,2026-08-09T22:39:09Z,2026-08-11T08:00:00Z,33.3,0.0,0.0,0.0,0.0,0.0
1-2 дня,2026-08-09T22:39:09Z,2026-08-11T09:00:00Z,34.3,0.0,0.0,0.0,0.0,0.0
1-2 дня,2026-08-09T22:39:09Z,2026-08-11T10:00:00Z,35.3,0.0,0.0,0.0,0.0,0.0
1-2 дня,2026-08-09T22:39:09Z,2026-08-11T11:00:00Z,36.3,0.0,0.0,12.5,0.0,0.0
1-2 дня,2026-08-09T22:39:09Z,2026-08-11T12:00:00Z,37.3,0.0,0.0,0.0,0.0,0.0
1-2 дня,2026-08-09T22:39:09Z,2026-08-11T13:00:00Z,38.3,4.0,0.0,0.0,4.0,4.0
1-2 дня,2026-08-09T22:39:09Z,2026-08-11T14:00:00Z,39.3,9.0,0.0,0.0,9.0,9.0
1-2 дня,2026-08-09T22:39:09Z,2026-08-11T15:00:00Z,40.3,13.0,0.0,0.0,13.0,13.0
1-2 дня,2026-08-09T22:39:09Z,2026-08-11T16:00:00Z,41.3,15.0,0.0,0.0,15.0,15.0
1-2 дня,2026-08-09T22:39:09Z,2026-08-11T17:00:00Z,42.3,16.0,0.0,0.0,16.0,16.0
1-2 дня,2026-08-09T22:39:09Z,2026-08-11T18:00:00Z,43.3,16.0,0.0,0.0,16.0,16.0
1-2 дня,2026-08-10T05:20:42Z,2026-08-11T06:00:00Z,24.7,0.0,0.0,0.0,0.0,0.0
1-2 дня,2026-08-10T05:20:42Z,2026-08-11T07:00:00Z,25.7,0.0,0.0,0.0,0.0,0.0
1-2 дня,2026-08-10T05:20:42Z,2026-08-11T08:00:00Z,26.7,0.0,0.0,0.0,0.0,0.0
1-2 дня,2026-08-10T05:20:42Z,2026-08-11T09:00:00Z,27.7,0.0,0.0,0.0,0.0,0.0
1-2 дня,2026-08-10T05:20:42Z,2026-08-11T10:00:00Z,28.7,0.0,0.0,0.0,0.0,0.0
1-2 дня,2026-08-10T05:20:42Z,2026-08-11T11:00:00Z,29.7,0.0,0.0,12.5,0.0,0.0
1-2 дня,2026-08-10T05:20:42Z,2026-08-11T12:00:00Z,30.7,0.0,0.0,0.0,0.0,0.0
1-2 дня,2026-08-10T05:20:42Z,2026-08-11T13:00:00Z,31.7,3.0,0.0,0.0,3.0,3.0
1-2 дня,2026-08-10T05:20:42Z,2026-08-11T14:00:00Z,32.7,7.0,0.0,0.0,7.0,7.0
1-2 дня,2026-08-10T05:20:42Z,2026-08-11T15:00:00Z,33.7,12.0,0.0,0.0,12.0,12.0
1-2 дня,2026-08-10T05:20:42Z,2026-08-11T16:00:00Z,34.7,18.0,0.0,0.0,18.0,18.0
1-2 дня,2026-08-10T05:20:42Z,2026-08-11T17:00:00Z,35.7,23.0,0.0,0.0,23.0,23.0
1-2 дня,2026-08-10T05:20:42Z,2026-08-11T18:00:00Z,36.7,25.0,0.0,0.0,25.0,25.0
1-2 дня,2026-08-10T10:53:28Z,2026-08-11T11:00:00Z,24.1,0.0,0.0,12.5,0.0,0.0
1-2 дня,2026-08-10T10:53:28Z,2026-08-11T12:00:00Z,25.1,0.0,0.0,0.0,0.0,0.0
1-2 дня,2026-08-10T10:53:28Z,2026-08-11T13:00:00Z,26.1,3.0,0.0,0.0,3.0,3.0
1-2 дня,2026-08-10T10:53:28Z,2026-08-11T14:00:00Z,27.1,7.0,0.0,0.0,7.0,7.0
1-2 дня,2026-08-10T10:53:28Z,2026-08-11T15:00:00Z,28.1,10.0,0.0,0.0,10.0,10.0
1-2 дня,2026-08-10T10:53:28Z,2026-08-11T16:00:00Z,29.1,13.0,0.0,0.0,13.0,13.0
1-2 дня,2026-08-10T10:53:28Z,2026-08-11T17:00:00Z,30.1,16.0,0.0,0.0,16.0,16.0
1-2 дня,2026-08-10T10:53:28Z,2026-08-11T18:00:00Z,31.1,17.0,0.0,0.0,17.0,17.0
1-2 дня,2026-08-10T10:53:28Z,2026-08-12T06:00:00Z,43.1,0.0,75.0,0.0,-75.0,75.0
1-2 дня,2026-08-10T10:53:28Z,2026-08-12T07:00:00Z,44.1,0.0,75.0,0.0,-75.0,75.0
1-2 дня,2026-08-10T10:53:28Z,2026-08-12T08:00:00Z,45.1,0.0,50.0,0.0,-50.0,50.0
1-2 дня,2026-08-10T10:53:28Z,2026-08-12T09:00:00Z,46.1,0.0,25.0,0.0,-25.0,25.0
1-2 дня,2026-08-10T10:53:28Z,2026-08-12T10:00:00Z,47.1,0.0,25.0,0.0,-25.0,25.0
1-2 дня,2026-08-10T16:52:05Z,2026-08-11T17:00:00Z,24.1,13.0,0.0,0.0,13.0,13.0
1-2 дня,2026-08-10T16:52:05Z,2026-08-11T18:00:00Z,25.1,17.0,0.0,0.0,17.0,17.0
1-2 дня,2026-08-10T16:52:05Z,2026-08-12T06:00:00Z,37.1,5.0,75.0,0.0,-70.0,70.0
1-2 дня,2026-08-10T16:52:05Z,2026-08-12T07:00:00Z,38.1,2.0,75.0,0.0,-73.0,73.0
1-2 дня,2026-08-10T16:52:05Z,2026-08-12T08:00:00Z,39.1,1.0,50.0,0.0,-49.0,49.0
1-2 дня,2026-08-10T16:52:05Z,2026-08-12T09:00:00Z,40.1,0.0,25.0,0.0,-25.0,25.0
1-2 дня,2026-08-10T16:52:05Z,2026-08-12T10:00:00Z,41.1,0.0,25.0,0.0,-25.0,25.0
1-2 дня,2026-08-10T16:52:05Z,2026-08-12T11:00:00Z,42.1,0.0,12.5,0.0,-12.5,12.5
1-2 дня,2026-08-10T16:52:05Z,2026-08-12T12:00:00Z,43.1,0.0,12.5,0.0,-12.5,12.5
1-2 дня,2026-08-10T16:52:05Z,2026-08-12T13:00:00Z,44.1,0.0,0.0,0.0,0.0,0.0
1-2 дня,2026-08-10T16:52:05Z,2026-08-12T14:00:00Z,45.1,0.0,0.0,0.0,0.0,0.0
1-2 дня,2026-08-10T16:52:05Z,2026-08-12T15:00:00Z,46.1,0.0,0.0,0.0,0.0,0.0
1-2 дня,2026-08-10T16:52:05Z,2026-08-12T16:00:00Z,47.1,0.0,0.0,0.0,0.0,0.0
1-2 дня,2026-08-10T22:47:13Z,2026-08-12T06:00:00Z,31.2,1.0,75.0,0.0,-74.0,74.0
1-2 дня,2026-08-10T22:47:13Z,2026-08-12T07:00:00Z,32.2,0.0,75.0,0.0,-75.0,75.0
1-2 дня,2026-08-10T22:47:13Z,2026-08-12T08:00:00Z,33.2,0.0,50.0,0.0,-50.0,50.0
1-2 дня,2026-08-10T22:47:13Z,2026-08-12T09:00:00Z,34.2,0.0,25.0,0.0,-25.0,25.0
1-2 дня,2026-08-10T22:47:13Z,2026-08-12T10:00:00Z,35.2,0.0,25.0,0.0,-25.0,25.0
1-2 дня,2026-08-10T22:47:13Z,2026-08-12T11:00:00Z,36.2,0.0,12.5,0.0,-12.5,12.5
1-2 дня,2026-08-10T22:47:13Z,2026-08-12T12:00:00Z,37.2,0.0,12.5,0.0,-12.5,12.5
1-2 дня,2026-08-10T22:47:13Z,2026-08-12T13:00:00Z,38.2,0.0,0.0,0.0,0.0,0.0
1-2 дня,2026-08-10T22:47:13Z,2026-08-12T14:00:00Z,39.2,0.0,0.0,0.0,0.0,0.0
1-2 дня,2026-08-10T22:47:13Z,2026-08-12T15:00:00Z,40.2,0.0,0.0,0.0,0.0,0.0
1-2 дня,2026-08-10T22:47:13Z,2026-08-12T16:00:00Z,41.2,0.0,0.0,0.0,0.0,0.0
1-2 дня,2026-08-10T22:47:13Z,2026-08-12T17:00:00Z,42.2,0.0,0.0,0.0,0.0,0.0
1-2 дня,2026-08-10T22:47:13Z,2026-08-12T18:00:00Z,43.2,0.0,0.0,0.0,0.0,0.0
1-2 дня,2026-08-11T05:01:49Z,2026-08-12T06:00:00Z,25.0,0.0,75.0,0.0,-75.0,75.0
1-2 дня,2026-08-11T05:01:49Z,2026-08-12T07:00:00Z,26.0,0.0,75.0,0.0,-75.0,75.0
1-2 дня,2026-08-11T05:01:49Z,2026-08-12T08:00:00Z,27.0,0.0,50.0,0.0,-50.0,50.0
1-2 дня,2026-08-11T05:01:49Z,2026-08-12T09:00:00Z,28.0,0.0,25.0,0.0,-25.0,25.0
1-2 дня,2026-08-11T05:01:49Z,2026-08-12T10:00:00Z,29.0,0.0,25.0,0.0,-25.0,25.0
1-2 дня,2026-08-11T05:01:49Z,2026-08-12T11:00:00Z,30.0,0.0,12.5,0.0,-12.5,12.5
1-2 дня,2026-08-11T05:01:49Z,2026-08-12T12:00:00Z,31.0,0.0,12.5,0.0,-12.5,12.5
1-2 дня,2026-08-11T05:01:49Z,2026-08-12T13:00:00Z,32.0,0.0,0.0,0.0,0.0,0.0
1-2 дня,2026-08-11T05:01:49Z,2026-08-12T14:00:00Z,33.0,0.0,0.0,0.0,0.0,0.0
1-2 дня,2026-08-11T05:01:49Z,2026-08-12T15:00:00Z,34.0,0.0,0.0,0.0,0.0,0.0
1-2 дня,2026-08-11T05:01:49Z,2026-08-12T16:00:00Z,35.0,0.0,0.0,0.0,0.0,0.0
1-2 дня,2026-08-11T05:01:49Z,2026-08-12T17:00:00Z,36.0,0.0,0.0,0.0,0.0,0.0
1-2 дня,2026-08-11T05:01:49Z,2026-08-12T18:00:00Z,37.0,0.0,0.0,0.0,0.0,0.0
1-2 дня,2026-08-11T10:38:45Z,2026-08-12T11:00:00Z,24.4,0.0,12.5,0.0,-12.5,12.5
1-2 дня,2026-08-11T10:38:45Z,2026-08-12T12:00:00Z,25.4,0.0,12.5,0.0,-12.5,12.5
1-2 дня,2026-08-11T10:38:45Z,2026-08-12T13:00:00Z,26.4,0.0,0.0,0.0,0.0,0.0
1-2 дня,2026-08-11T10:38:45Z,2026-08-12T14:00:00Z,27.4,0.0,0.0,0.0,0.0,0.0
1-2 дня,2026-08-11T10:38:45Z,2026-08-12T15:00:00Z,28.4,0.0,0.0,0.0,0.0,0.0
1-2 дня,2026-08-11T10:38:45Z,2026-08-12T16:00:00Z,29.4,0.0,0.0,0.0,0.0,0.0
1-2 дня,2026-08-11T10:38:45Z,2026-08-12T17:00:00Z,30.4,0.0,0.0,0.0,0.0,0.0
1-2 дня,2026-08-11T10:38:45Z,2026-08-12T18:00:00Z,31.4,0.0,0.0,0.0,0.0,0.0
1-2 дня,2026-08-11T10:38:45Z,2026-08-13T06:00:00Z,43.4,0.0,0.0,75.0,0.0,0.0
1-2 дня,2026-08-11T10:38:45Z,2026-08-13T07:00:00Z,44.4,0.0,0.0,75.0,0.0,0.0
1-2 дня,2026-08-11T10:38:45Z,2026-08-13T08:00:00Z,45.4,0.0,0.0,50.0,0.0,0.0
1-2 дня,2026-08-11T10:38:45Z,2026-08-13T09:00:00Z,46.4,0.0,0.0,25.0,0.0,0.0
1-2 дня,2026-08-11T10:38:45Z,2026-08-13T10:00:00Z,47.4,0.0,0.0,25.0,0.0,0.0
1-2 дня,2026-08-12T06:05:22Z,2026-08-13T07:00:00Z,24.9,0.0,0.0,75.0,0.0,0.0
1-2 дня,2026-08-12T06:05:22Z,2026-08-13T08:00:00Z,25.9,0.0,0.0,50.0,0.0,0.0
1-2 дня,2026-08-12T06:05:22Z,2026-08-13T09:00:00Z,26.9,0.0,0.0,25.0,0.0,0.0
1-2 дня,2026-08-12T06:05:22Z,2026-08-13T10:00:00Z,27.9,0.0,0.0,25.0,0.0,0.0
1-2 дня,2026-08-12T06:05:22Z,2026-08-13T11:00:00Z,28.9,0.0,0.0,12.5,0.0,0.0
1-2 дня,2026-08-12T06:05:22Z,2026-08-13T12:00:00Z,29.9,0.0,0.0,12.5,0.0,0.0
1-2 дня,2026-08-12T06:05:22Z,2026-08-13T13:00:00Z,30.9,0.0,0.0,0.0,0.0,0.0
1-2 дня,2026-08-12T06:05:22Z,2026-08-13T14:00:00Z,31.9,0.0,0.0,0.0,0.0,0.0
1-2 дня,2026-08-12T06:05:22Z,2026-08-13T15:00:00Z,32.9,0.0,0.0,0.0,0.0,0.0
1-2 дня,2026-08-12T06:05:22Z,2026-08-13T16:00:00Z,33.9,0.0,0.0,0.0,0.0,0.0
1-2 дня,2026-08-12T06:05:22Z,2026-08-13T17:00:00Z,34.9,0.0,0.0,0.0,0.0,0.0
1-2 дня,2026-08-12T06:05:22Z,2026-08-13T18:00:00Z,35.9,0.0,0.0,0.0,0.0,0.0
1-2 дня,2026-08-12T06:05:22Z,2026-08-14T06:00:00Z,47.9,0.0,0.0,0.0,0.0,0.0
1-2 дня,2026-08-12T10:47:03Z,2026-08-13T11:00:00Z,24.2,0.0,0.0,12.5,0.0,0.0
1-2 дня,2026-08-12T10:47:03Z,2026-08-13T12:00:00Z,25.2,0.0,0.0,12.5,0.0,0.0
1-2 дня,2026-08-12T10:47:03Z,2026-08-13T13:00:00Z,26.2,0.0,0.0,0.0,0.0,0.0
1-2 дня,2026-08-12T10:47:03Z,2026-08-13T14:00:00Z,27.2,0.0,0.0,0.0,0.0,0.0
1-2 дня,2026-08-12T10:47:03Z,2026-08-13T15:00:00Z,28.2,0.0,0.0,0.0,0.0,0.0
1-2 дня,2026-08-12T10:47:03Z,2026-08-13T16:00:00Z,29.2,0.0,0.0,0.0,0.0,0.0
1-2 дня,2026-08-12T10:47:03Z,2026-08-13T17:00:00Z,30.2,0.0,0.0,0.0,0.0,0.0
1-2 дня,2026-08-12T10:47:03Z,2026-08-13T18:00:00Z,31.2,0.0,0.0,0.0,0.0,0.0
1-2 дня,2026-08-12T10:47:03Z,2026-08-14T06:00:00Z,43.2,0.0,0.0,0.0,0.0,0.0
1-2 дня,2026-08-12T10:47:03Z,2026-08-14T07:00:00Z,44.2,0.0,0.0,0.0,0.0,0.0
1-2 дня,2026-08-12T10:47:03Z,2026-08-14T08:00:00Z,45.2,0.0,0.0,0.0,0.0,0.0
1-2 дня,2026-08-12T10:47:03Z,2026-08-14T09:00:00Z,46.2,0.0,0.0,0.0,0.0,0.0
1-2 дня,2026-08-12T10:47:03Z,2026-08-14T10:00:00Z,47.2,0.0,0.0,0.0,0.0,0.0
1-2 дня,2026-08-12T16:54:57Z,2026-08-13T17:00:00Z,24.1,0.0,0.0,0.0,0.0,0.0
1-2 дня,2026-08-12T16:54:57Z,2026-08-13T18:00:00Z,25.1,0.0,0.0,0.0,0.0,0.0
1-2 дня,2026-08-12T16:54:57Z,2026-08-14T06:00:00Z,37.1,0.0,0.0,0.0,0.0,0.0
1-2 дня,2026-08-12T16:54:57Z,2026-08-14T07:00:00Z,38.1,0.0,0.0,0.0,0.0,0.0
1-2 дня,2026-08-12T16:54:57Z,2026-08-14T08:00:00Z,39.1,0.0,0.0,0.0,0.0,0.0
1-2 дня,2026-08-12T16:54:57Z,2026-08-14T09:00:00Z,40.1,0.0,0.0,0.0,0.0,0.0
1-2 дня,2026-08-12T16:54:57Z,2026-08-14T10:00:00Z,41.1,3.0,0.0,0.0,3.0,3.0
1-2 дня,2026-08-12T16:54:57Z,2026-08-14T11:00:00Z,42.1,6.0,25.0,0.0,-19.0,19.0
1-2 дня,2026-08-12T16:54:57Z,2026-08-14T12:00:00Z,43.1,9.0,25.0,0.0,-16.0,16.0
1-2 дня,2026-08-12T16:54:57Z,2026-08-14T13:00:00Z,44.1,10.0,25.0,0.0,-15.0,15.0
1-2 дня,2026-08-12T16:54:57Z,2026-08-14T14:00:00Z,45.1,10.0,25.0,0.0,-15.0,15.0
1-2 дня,2026-08-12T16:54:57Z,2026-08-14T15:00:00Z,46.1,10.0,12.5,0.0,-2.5,2.5
1-2 дня,2026-08-12T16:54:57Z,2026-08-14T16:00:00Z,47.1,10.0,12.5,0.0,-2.5,2.5
1-2 дня,2026-08-12T22:50:47Z,2026-08-14T06:00:00Z,31.2,0.0,0.0,0.0,0.0,0.0
1-2 дня,2026-08-12T22:50:47Z,2026-08-14T07:00:00Z,32.2,0.0,0.0,0.0,0.0,0.0
1-2 дня,2026-08-12T22:50:47Z,2026-08-14T08:00:00Z,33.2,0.0,0.0,0.0,0.0,0.0
1-2 дня,2026-08-12T22:50:47Z,2026-08-14T09:00:00Z,34.2,0.0,0.0,0.0,0.0,0.0
1-2 дня,2026-08-12T22:50:47Z,2026-08-14T10:00:00Z,35.2,1.0,0.0,0.0,1.0,1.0
1-2 дня,2026-08-12T22:50:47Z,2026-08-14T11:00:00Z,36.2,1.0,25.0,0.0,-24.0,24.0
1-2 дня,2026-08-12T22:50:47Z,2026-08-14T12:00:00Z,37.2,2.0,25.0,0.0,-23.0,23.0
1-2 дня,2026-08-12T22:50:47Z,2026-08-14T13:00:00Z,38.2,2.0,25.0,0.0,-23.0,23.0
1-2 дня,2026-08-12T22:50:47Z,2026-08-14T14:00:00Z,39.2,3.0,25.0,0.0,-22.0,22.0
1-2 дня,2026-08-12T22:50:47Z,2026-08-14T15:00:00Z,40.2,3.0,12.5,0.0,-9.5,9.5
1-2 дня,2026-08-12T22:50:47Z,2026-08-14T16:00:00Z,41.2,3.0,12.5,0.0,-9.5,9.5
1-2 дня,2026-08-12T22:50:47Z,2026-08-14T17:00:00Z,42.2,2.0,12.5,0.0,-10.5,10.5
1-2 дня,2026-08-12T22:50:47Z,2026-08-14T18:00:00Z,43.2,2.0,25.0,0.0,-23.0,23.0
1-2 дня,2026-08-13T05:30:08Z,2026-08-14T06:00:00Z,24.5,0.0,0.0,0.0,0.0,0.0
1-2 дня,2026-08-13T05:30:08Z,2026-08-14T07:00:00Z,25.5,0.0,0.0,0.0,0.0,0.0
1-2 дня,2026-08-13T05:30:08Z,2026-08-14T08:00:00Z,26.5,0.0,0.0,0.0,0.0,0.0
1-2 дня,2026-08-13T05:30:08Z,2026-08-14T09:00:00Z,27.5,0.0,0.0,0.0,0.0,0.0
1-2 дня,2026-08-13T05:30:08Z,2026-08-14T10:00:00Z,28.5,0.0,0.0,0.0,0.0,0.0
1-2 дня,2026-08-13T05:30:08Z,2026-08-14T11:00:00Z,29.5,0.0,25.0,0.0,-25.0,25.0
1-2 дня,2026-08-13T05:30:08Z,2026-08-14T12:00:00Z,30.5,0.0,25.0,0.0,-25.0,25.0
1-2 дня,2026-08-13T05:30:08Z,2026-08-14T13:00:00Z,31.5,0.0,25.0,0.0,-25.0,25.0
1-2 дня,2026-08-13T05:30:08Z,2026-08-14T14:00:00Z,32.5,0.0,25.0,0.0,-25.0,25.0
1-2 дня,2026-08-13T05:30:08Z,2026-08-14T15:00:00Z,33.5,0.0,12.5,0.0,-12.5,12.5
1-2 дня,2026-08-13T05:30:08Z,2026-08-14T16:00:00Z,34.5,0.0,12.5,0.0,-12.5,12.5
1-2 дня,2026-08-13T05:30:08Z,2026-08-14T17:00:00Z,35.5,1.0,12.5,0.0,-11.5,11.5
1-2 дня,2026-08-13T05:30:08Z,2026-08-14T18:00:00Z,36.5,1.0,25.0,0.0,-24.0,24.0
1-2 дня,2026-08-13T10:49:01Z,2026-08-14T11:00:00Z,24.2,0.0,25.0,0.0,-25.0,25.0
1-2 дня,2026-08-13T10:49:01Z,2026-08-14T12:00:00Z,25.2,0.0,25.0,0.0,-25.0,25.0
1-2 дня,2026-08-13T10:49:01Z,2026-08-14T13:00:00Z,26.2,1.0,25.0,0.0,-24.0,24.0
1-2 дня,2026-08-13T10:49:01Z,2026-08-14T14:00:00Z,27.2,1.0,25.0,0.0,-24.0,24.0
1-2 дня,2026-08-13T10:49:01Z,2026-08-14T15:00:00Z,28.2,2.0,12.5,0.0,-10.5,10.5
1-2 дня,2026-08-13T10:49:01Z,2026-08-14T16:00:00Z,29.2,2.0,12.5,0.0,-10.5,10.5
1-2 дня,2026-08-13T10:49:01Z,2026-08-14T17:00:00Z,30.2,1.0,12.5,0.0,-11.5,11.5
1-2 дня,2026-08-13T10:49:01Z,2026-08-14T18:00:00Z,31.2,1.0,25.0,0.0,-24.0,24.0
1-2 дня,2026-08-13T10:49:01Z,2026-08-15T06:00:00Z,43.2,0.0,0.0,0.0,0.0,0.0
1-2 дня,2026-08-13T10:49:01Z,2026-08-15T07:00:00Z,44.2,0.0,0.0,0.0,0.0,0.0
1-2 дня,2026-08-13T10:49:01Z,2026-08-15T08:00:00Z,45.2,0.0,0.0,0.0,0.0,0.0
1-2 дня,2026-08-13T10:49:01Z,2026-08-15T09:00:00Z,46.2,0.0,0.0,0.0,0.0,0.0
1-2 дня,2026-08-13T10:49:01Z,2026-08-15T10:00:00Z,47.2,0.0,0.0,0.0,0.0,0.0
1-2 дня,2026-08-13T16:36:10Z,2026-08-14T17:00:00Z,24.4,1.0,12.5,0.0,-11.5,11.5
1-2 дня,2026-08-13T16:36:10Z,2026-08-14T18:00:00Z,25.4,1.0,25.0,0.0,-24.0,24.0
1-2 дня,2026-08-13T16:36:10Z,2026-08-15T06:00:00Z,37.4,0.0,0.0,0.0,0.0,0.0
1-2 дня,2026-08-13T16:36:10Z,2026-08-15T07:00:00Z,38.4,0.0,0.0,0.0,0.0,0.0
1-2 дня,2026-08-13T16:36:10Z,2026-08-15T08:00:00Z,39.4,0.0,0.0,0.0,0.0,0.0
1-2 дня,2026-08-13T16:36:10Z,2026-08-15T09:00:00Z,40.4,0.0,0.0,0.0,0.0,0.0
1-2 дня,2026-08-13T16:36:10Z,2026-08-15T10:00:00Z,41.4,0.0,0.0,0.0,0.0,0.0
1-2 дня,2026-08-13T16:36:10Z,2026-08-15T11:00:00Z,42.4,0.0,0.0,25.0,0.0,0.0
1-2 дня,2026-08-13T16:36:10Z,2026-08-15T12:00:00Z,43.4,0.0,0.0,25.0,0.0,0.0
1-2 дня,2026-08-13T16:36:10Z,2026-08-15T13:00:00Z,44.4,0.0,0.0,25.0,0.0,0.0
1-2 дня,2026-08-13T16:36:10Z,2026-08-15T14:00:00Z,45.4,0.0,0.0,25.0,0.0,0.0
1-2 дня,2026-08-13T16:36:10Z,2026-08-15T15:00:00Z,46.4,0.0,0.0,12.5,0.0,0.0
1-2 дня,2026-08-13T16:36:10Z,2026-08-15T16:00:00Z,47.4,0.0,0.0,12.5,0.0,0.0
1-2 дня,2026-08-13T16:42:24Z,2026-08-14T17:00:00Z,24.3,1.0,12.5,0.0,-11.5,11.5
1-2 дня,2026-08-13T16:42:24Z,2026-08-14T18:00:00Z,25.3,1.0,25.0,0.0,-24.0,24.0
1-2 дня,2026-08-13T16:42:24Z,2026-08-15T06:00:00Z,37.3,0.0,0.0,0.0,0.0,0.0
1-2 дня,2026-08-13T16:42:24Z,2026-08-15T07:00:00Z,38.3,0.0,0.0,0.0,0.0,0.0
1-2 дня,2026-08-13T16:42:24Z,2026-08-15T08:00:00Z,39.3,0.0,0.0,0.0,0.0,0.0
1-2 дня,2026-08-13T16:42:24Z,2026-08-15T09:00:00Z,40.3,0.0,0.0,0.0,0.0,0.0
1-2 дня,2026-08-13T16:42:24Z,2026-08-15T10:00:00Z,41.3,0.0,0.0,0.0,0.0,0.0
1-2 дня,2026-08-13T16:42:24Z,2026-08-15T11:00:00Z,42.3,0.0,0.0,25.0,0.0,0.0
1-2 дня,2026-08-13T16:42:24Z,2026-08-15T12:00:00Z,43.3,0.0,0.0,25.0,0.0,0.0
1-2 дня,2026-08-13T16:42:24Z,2026-08-15T13:00:00Z,44.3,0.0,0.0,25.0,0.0,0.0
1-2 дня,2026-08-13T16:42:24Z,2026-08-15T14:00:00Z,45.3,0.0,0.0,25.0,0.0,0.0
1-2 дня,2026-08-13T16:42:24Z,2026-08-15T15:00:00Z,46.3,0.0,0.0,12.5,0.0,0.0
1-2 дня,2026-08-13T16:42:24Z,2026-08-15T16:00:00Z,47.3,0.0,0.0,12.5,0.0,0.0
1-2 дня,2026-08-13T16:54:22Z,2026-08-14T17:00:00Z,24.1,1.0,12.5,0.0,-11.5,11.5
1-2 дня,2026-08-13T16:54:22Z,2026-08-14T18:00:00Z,25.1,1.0,25.0,0.0,-24.0,24.0
1-2 дня,2026-08-13T16:54:22Z,2026-08-15T06:00:00Z,37.1,0.0,0.0,0.0,0.0,0.0
1-2 дня,2026-08-13T16:54:22Z,2026-08-15T07:00:00Z,38.1,0.0,0.0,0.0,0.0,0.0
1-2 дня,2026-08-13T16:54:22Z,2026-08-15T08:00:00Z,39.1,0.0,0.0,0.0,0.0,0.0
1-2 дня,2026-08-13T16:54:22Z,2026-08-15T09:00:00Z,40.1,0.0,0.0,0.0,0.0,0.0
1-2 дня,2026-08-13T16:54:22Z,2026-08-15T10:00:00Z,41.1,0.0,0.0,0.0,0.0,0.0
1-2 дня,2026-08-13T16:54:22Z,2026-08-15T11:00:00Z,42.1,0.0,0.0,25.0,0.0,0.0
1-2 дня,2026-08-13T16:54:22Z,2026-08-15T12:00:00Z,43.1,0.0,0.0,25.0,0.0,0.0
1-2 дня,2026-08-13T16:54:22Z,2026-08-15T13:00:00Z,44.1,0.0,0.0,25.0,0.0,0.0
1-2 дня,2026-08-13T16:54:22Z,2026-08-15T14:00:00Z,45.1,0.0,0.0,25.0,0.0,0.0
1-2 дня,2026-08-13T16:54:22Z,2026-08-15T15:00:00Z,46.1,0.0,0.0,12.5,0.0,0.0
1-2 дня,2026-08-13T16:54:22Z,2026-08-15T16:00:00Z,47.1,0.0,0.0,12.5,0.0,0.0
1-2 дня,2026-08-13T22:52:17Z,2026-08-15T06:00:00Z,31.1,0.0,0.0,0.0,0.0,0.0
1-2 дня,2026-08-13T22:52:17Z,2026-08-15T07:00:00Z,32.1,0.0,0.0,0.0,0.0,0.0
1-2 дня,2026-08-13T22:52:17Z,2026-08-15T08:00:00Z,33.1,0.0,0.0,0.0,0.0,0.0
1-2 дня,2026-08-13T22:52:17Z,2026-08-15T09:00:00Z,34.1,0.0,0.0,0.0,0.0,0.0
1-2 дня,2026-08-13T22:52:17Z,2026-08-15T10:00:00Z,35.1,0.0,0.0,0.0,0.0,0.0
1-2 дня,2026-08-13T22:52:17Z,2026-08-15T11:00:00Z,36.1,0.0,0.0,25.0,0.0,0.0
1-2 дня,2026-08-13T22:52:17Z,2026-08-15T12:00:00Z,37.1,0.0,0.0,25.0,0.0,0.0
1-2 дня,2026-08-13T22:52:17Z,2026-08-15T13:00:00Z,38.1,0.0,0.0,25.0,0.0,0.0
1-2 дня,2026-08-13T22:52:17Z,2026-08-15T14:00:00Z,39.1,0.0,0.0,25.0,0.0,0.0
1-2 дня,2026-08-13T22:52:17Z,2026-08-15T15:00:00Z,40.1,0.0,0.0,12.5,0.0,0.0
1-2 дня,2026-08-13T22:52:17Z,2026-08-15T16:00:00Z,41.1,0.0,0.0,12.5,0.0,0.0
1-2 дня,2026-08-13T22:52:17Z,2026-08-15T17:00:00Z,42.1,0.0,0.0,12.5,0.0,0.0
1-2 дня,2026-08-13T22:52:17Z,2026-08-15T18:00:00Z,43.1,0.0,0.0,25.0,0.0,0.0
1-2 дня,2026-08-14T05:28:14Z,2026-08-15T06:00:00Z,24.5,0.0,0.0,0.0,0.0,0.0
1-2 дня,2026-08-14T05:28:14Z,2026-08-15T07:00:00Z,25.5,0.0,0.0,0.0,0.0,0.0
1-2 дня,2026-08-14T05:28:14Z,2026-08-15T08:00:00Z,26.5,0.0,0.0,0.0,0.0,0.0
1-2 дня,2026-08-14T05:28:14Z,2026-08-15T09:00:00Z,27.5,0.0,0.0,0.0,0.0,0.0
1-2 дня,2026-08-14T05:28:14Z,2026-08-15T10:00:00Z,28.5,0.0,0.0,0.0,0.0,0.0
1-2 дня,2026-08-14T05:28:14Z,2026-08-15T11:00:00Z,29.5,0.0,0.0,25.0,0.0,0.0
1-2 дня,2026-08-14T05:28:14Z,2026-08-15T12:00:00Z,30.5,0.0,0.0,25.0,0.0,0.0
1-2 дня,2026-08-14T05:28:14Z,2026-08-15T13:00:00Z,31.5,0.0,0.0,25.0,0.0,0.0
1-2 дня,2026-08-14T05:28:14Z,2026-08-15T14:00:00Z,32.5,0.0,0.0,25.0,0.0,0.0
1-2 дня,2026-08-14T05:28:14Z,2026-08-15T15:00:00Z,33.5,0.0,0.0,12.5,0.0,0.0
1-2 дня,2026-08-14T05:28:14Z,2026-08-15T16:00:00Z,34.5,0.0,0.0,12.5,0.0,0.0
1-2 дня,2026-08-14T05:28:14Z,2026-08-15T17:00:00Z,35.5,0.0,0.0,12.5,0.0,0.0
1-2 дня,2026-08-14T05:28:14Z,2026-08-15T18:00:00Z,36.5,0.0,0.0,25.0,0.0,0.0
1-2 дня,2026-08-14T10:44:54Z,2026-08-15T11:00:00Z,24.3,0.0,0.0,25.0,0.0,0.0
1-2 дня,2026-08-14T10:44:54Z,2026-08-15T12:00:00Z,25.3,0.0,0.0,25.0,0.0,0.0
1-2 дня,2026-08-14T10:44:54Z,2026-08-15T13:00:00Z,26.3,0.0,0.0,25.0,0.0,0.0
1-2 дня,2026-08-14T10:44:54Z,2026-08-15T14:00:00Z,27.3,0.0,0.0,25.0,0.0,0.0
1-2 дня,2026-08-14T10:44:54Z,2026-08-15T15:00:00Z,28.3,0.0,0.0,12.5,0.0,0.0
1-2 дня,2026-08-14T10:44:54Z,2026-08-15T16:00:00Z,29.3,0.0,0.0,12.5,0.0,0.0
1-2 дня,2026-08-14T10:44:54Z,2026-08-15T17:00:00Z,30.3,0.0,0.0,12.5,0.0,0.0
1-2 дня,2026-08-14T10:44:54Z,2026-08-15T18:00:00Z,31.3,0.0,0.0,25.0,0.0,0.0
1-2 дня,2026-08-14T10:44:54Z,2026-08-16T06:00:00Z,43.3,0.0,0.0,0.0,0.0,0.0
1-2 дня,2026-08-14T10:44:54Z,2026-08-16T07:00:00Z,44.3,0.0,0.0,0.0,0.0,0.0
1-2 дня,2026-08-14T10:44:54Z,2026-08-16T08:00:00Z,45.3,0.0,0.0,0.0,0.0,0.0
1-2 дня,2026-08-14T10:44:54Z,2026-08-16T09:00:00Z,46.3,0.0,0.0,0.0,0.0,0.0
1-2 дня,2026-08-14T10:44:54Z,2026-08-16T10:00:00Z,47.3,0.0,0.0,0.0,0.0,0.0
1-2 дня,2026-08-14T16:48:33Z,2026-08-15T17:00:00Z,24.2,0.0,0.0,12.5,0.0,0.0
1-2 дня,2026-08-14T16:48:33Z,2026-08-15T18:00:00Z,25.2,0.0,0.0,25.0,0.0,0.0
1-2 дня,2026-08-14T16:48:33Z,2026-08-16T06:00:00Z,37.2,0.0,0.0,0.0,0.0,0.0
1-2 дня,2026-08-14T16:48:33Z,2026-08-16T07:00:00Z,38.2,0.0,0.0,0.0,0.0,0.0
1-2 дня,2026-08-14T16:48:33Z,2026-08-16T08:00:00Z,39.2,0.0,0.0,0.0,0.0,0.0
1-2 дня,2026-08-14T16:48:33Z,2026-08-16T09:00:00Z,40.2,0.0,0.0,0.0,0.0,0.0
1-2 дня,2026-08-14T16:48:33Z,2026-08-16T10:00:00Z,41.2,0.0,0.0,0.0,0.0,0.0
1-2 дня,2026-08-14T16:48:33Z,2026-08-16T11:00:00Z,42.2,0.0,0.0,0.0,0.0,0.0
1-2 дня,2026-08-14T16:48:33Z,2026-08-16T12:00:00Z,43.2,0.0,0.0,0.0,0.0,0.0
1-2 дня,2026-08-14T16:48:33Z,2026-08-16T13:00:00Z,44.2,0.0,0.0,0.0,0.0,0.0
1-2 дня,2026-08-14T16:48:33Z,2026-08-16T14:00:00Z,45.2,0.0,0.0,0.0,0.0,0.0
1-2 дня,2026-08-14T16:48:33Z,2026-08-16T15:00:00Z,46.2,0.0,0.0,0.0,0.0,0.0
1-2 дня,2026-08-14T16:48:33Z,2026-08-16T16:00:00Z,47.2,0.0,0.0,0.0,0.0,0.0
1-2 дня,2026-08-14T22:30:55Z,2026-08-16T06:00:00Z,31.5,0.0,0.0,0.0,0.0,0.0
1-2 дня,2026-08-14T22:30:55Z,2026-08-16T07:00:00Z,32.5,0.0,0.0,0.0,0.0,0.0
1-2 дня,2026-08-14T22:30:55Z,2026-08-16T08:00:00Z,33.5,0.0,0.0,0.0,0.0,0.0
1-2 дня,2026-08-14T22:30:55Z,2026-08-16T09:00:00Z,34.5,0.0,0.0,0.0,0.0,0.0
1-2 дня,2026-08-14T22:30:55Z,2026-08-16T10:00:00Z,35.5,0.0,0.0,0.0,0.0,0.0
1-2 дня,2026-08-14T22:30:55Z,2026-08-16T11:00:00Z,36.5,0.0,0.0,0.0,0.0,0.0
1-2 дня,2026-08-14T22:30:55Z,2026-08-16T12:00:00Z,37.5,0.0,0.0,0.0,0.0,0.0
1-2 дня,2026-08-14T22:30:55Z,2026-08-16T13:00:00Z,38.5,0.0,0.0,0.0,0.0,0.0
1-2 дня,2026-08-14T22:30:55Z,2026-08-16T14:00:00Z,39.5,0.0,0.0,0.0,0.0,0.0
1-2 дня,2026-08-14T22:30:55Z,2026-08-16T15:00:00Z,40.5,0.0,0.0,0.0,0.0,0.0
1-2 дня,2026-08-14T22:30:55Z,2026-08-16T16:00:00Z,41.5,0.0,0.0,0.0,0.0,0.0
1-2 дня,2026-08-14T22:30:55Z,2026-08-16T17:00:00Z,42.5,0.0,0.0,0.0,0.0,0.0
1-2 дня,2026-08-14T22:30:55Z,2026-08-16T18:00:00Z,43.5,0.0,0.0,0.0,0.0,0.0
1-2 дня,2026-08-15T04:24:15Z,2026-08-16T06:00:00Z,25.6,0.0,0.0,0.0,0.0,0.0
1-2 дня,2026-08-15T04:24:15Z,2026-08-16T07:00:00Z,26.6,0.0,0.0,0.0,0.0,0.0
1-2 дня,2026-08-15T04:24:15Z,2026-08-16T08:00:00Z,27.6,0.0,0.0,0.0,0.0,0.0
1-2 дня,2026-08-15T04:24:15Z,2026-08-16T09:00:00Z,28.6,0.0,0.0,0.0,0.0,0.0
1-2 дня,2026-08-15T04:24:15Z,2026-08-16T10:00:00Z,29.6,0.0,0.0,0.0,0.0,0.0
1-2 дня,2026-08-15T04:24:15Z,2026-08-16T11:00:00Z,30.6,0.0,0.0,0.0,0.0,0.0
1-2 дня,2026-08-15T04:24:15Z,2026-08-16T12:00:00Z,31.6,0.0,0.0,0.0,0.0,0.0
1-2 дня,2026-08-15T04:24:15Z,2026-08-16T13:00:00Z,32.6,0.0,0.0,0.0,0.0,0.0
1-2 дня,2026-08-15T04:24:15Z,2026-08-16T14:00:00Z,33.6,0.0,0.0,0.0,0.0,0.0
1-2 дня,2026-08-15T04:24:15Z,2026-08-16T15:00:00Z,34.6,0.0,0.0,0.0,0.0,0.0
1-2 дня,2026-08-15T04:24:15Z,2026-08-16T16:00:00Z,35.6,0.0,0.0,0.0,0.0,0.0
1-2 дня,2026-08-15T04:24:15Z,2026-08-16T17:00:00Z,36.6,0.0,0.0,0.0,0.0,0.0
1-2 дня,2026-08-15T04:24:15Z,2026-08-16T18:00:00Z,37.6,0.0,0.0,0.0,0.0,0.0
1-2 дня,2026-08-15T10:09:15Z,2026-08-16T11:00:00Z,24.8,0.0,0.0,0.0,0.0,0.0
1-2 дня,2026-08-15T10:09:15Z,2026-08-16T12:00:00Z,25.8,0.0,0.0,0.0,0.0,0.0
1-2 дня,2026-08-15T10:09:15Z,2026-08-16T13:00:00Z,26.8,0.0,0.0,0.0,0.0,0.0
1-2 дня,2026-08-15T10:09:15Z,2026-08-16T14:00:00Z,27.8,0.0,0.0,0.0,0.0,0.0
1-2 дня,2026-08-15T10:09:15Z,2026-08-16T15:00:00Z,28.8,0.0,0.0,0.0,0.0,0.0
1-2 дня,2026-08-15T10:09:15Z,2026-08-16T16:00:00Z,29.8,0.0,0.0,0.0,0.0,0.0
1-2 дня,2026-08-15T10:09:15Z,2026-08-16T17:00:00Z,30.8,0.0,0.0,0.0,0.0,0.0
1-2 дня,2026-08-15T10:09:15Z,2026-08-16T18:00:00Z,31.8,0.0,0.0,0.0,0.0,0.0
1-2 дня,2026-08-15T16:20:39Z,2026-08-16T17:00:00Z,24.7,0.0,0.0,0.0,0.0,0.0
1-2 дня,2026-08-15T16:20:39Z,2026-08-16T18:00:00Z,25.7,0.0,0.0,0.0,0.0,0.0
2-3 дня,2026-08-06T09:50:07Z,2026-08-08T10:00:00Z,48.2,3.0,0.0,0.0,3.0,3.0
2-3 дня,2026-08-06T09:50:07Z,2026-08-08T11:00:00Z,49.2,6.0,12.5,0.0,-6.5,6.5
2-3 дня,2026-08-06T09:50:07Z,2026-08-08T12:00:00Z,50.2,8.0,12.5,0.0,-4.5,4.5
2-3 дня,2026-08-06T09:50:07Z,2026-08-08T13:00:00Z,51.2,9.0,12.5,12.5,-3.5,3.5
2-3 дня,2026-08-06T09:50:07Z,2026-08-08T14:00:00Z,52.2,10.0,12.5,25.0,-2.5,2.5
2-3 дня,2026-08-06T09:50:07Z,2026-08-08T15:00:00Z,53.2,12.0,12.5,25.0,-0.5,0.5
2-3 дня,2026-08-06T09:50:07Z,2026-08-08T16:00:00Z,54.2,16.0,0.0,37.5,16.0,16.0
2-3 дня,2026-08-06T09:50:07Z,2026-08-08T17:00:00Z,55.2,20.0,0.0,12.5,20.0,20.0
2-3 дня,2026-08-06T09:50:07Z,2026-08-08T18:00:00Z,56.2,21.0,0.0,75.0,21.0,21.0
2-3 дня,2026-08-06T09:50:07Z,2026-08-09T06:00:00Z,68.2,0.0,0.0,0.0,0.0,0.0
2-3 дня,2026-08-06T09:50:07Z,2026-08-09T07:00:00Z,69.2,0.0,0.0,0.0,0.0,0.0
2-3 дня,2026-08-06T09:50:07Z,2026-08-09T08:00:00Z,70.2,0.0,0.0,0.0,0.0,0.0
2-3 дня,2026-08-06T09:50:07Z,2026-08-09T09:00:00Z,71.2,0.0,0.0,0.0,0.0,0.0
2-3 дня,2026-08-06T09:59:18Z,2026-08-08T10:00:00Z,48.0,3.0,0.0,0.0,3.0,3.0
2-3 дня,2026-08-06T09:59:18Z,2026-08-08T11:00:00Z,49.0,6.0,12.5,0.0,-6.5,6.5
2-3 дня,2026-08-06T09:59:18Z,2026-08-08T12:00:00Z,50.0,8.0,12.5,0.0,-4.5,4.5
2-3 дня,2026-08-06T09:59:18Z,2026-08-08T13:00:00Z,51.0,9.0,12.5,12.5,-3.5,3.5
2-3 дня,2026-08-06T09:59:18Z,2026-08-08T14:00:00Z,52.0,10.0,12.5,25.0,-2.5,2.5
2-3 дня,2026-08-06T09:59:18Z,2026-08-08T15:00:00Z,53.0,12.0,12.5,25.0,-0.5,0.5
2-3 дня,2026-08-06T09:59:18Z,2026-08-08T16:00:00Z,54.0,16.0,0.0,37.5,16.0,16.0
2-3 дня,2026-08-06T09:59:18Z,2026-08-08T17:00:00Z,55.0,20.0,0.0,12.5,20.0,20.0
2-3 дня,2026-08-06T09:59:18Z,2026-08-08T18:00:00Z,56.0,21.0,0.0,75.0,21.0,21.0
2-3 дня,2026-08-06T09:59:18Z,2026-08-09T06:00:00Z,68.0,0.0,0.0,0.0,0.0,0.0
2-3 дня,2026-08-06T09:59:18Z,2026-08-09T07:00:00Z,69.0,0.0,0.0,0.0,0.0,0.0
2-3 дня,2026-08-06T09:59:18Z,2026-08-09T08:00:00Z,70.0,0.0,0.0,0.0,0.0,0.0
2-3 дня,2026-08-06T09:59:18Z,2026-08-09T09:00:00Z,71.0,0.0,0.0,0.0,0.0,0.0
2-3 дня,2026-08-06T10:08:26Z,2026-08-08T11:00:00Z,48.9,6.0,12.5,0.0,-6.5,6.5
2-3 дня,2026-08-06T10:08:26Z,2026-08-08T12:00:00Z,49.9,8.0,12.5,0.0,-4.5,4.5
2-3 дня,2026-08-06T10:08:26Z,2026-08-08T13:00:00Z,50.9,9.0,12.5,12.5,-3.5,3.5
2-3 дня,2026-08-06T10:08:26Z,2026-08-08T14:00:00Z,51.9,10.0,12.5,25.0,-2.5,2.5
2-3 дня,2026-08-06T10:08:26Z,2026-08-08T15:00:00Z,52.9,12.0,12.5,25.0,-0.5,0.5
2-3 дня,2026-08-06T10:08:26Z,2026-08-08T16:00:00Z,53.9,16.0,0.0,37.5,16.0,16.0
2-3 дня,2026-08-06T10:08:26Z,2026-08-08T17:00:00Z,54.9,20.0,0.0,12.5,20.0,20.0
2-3 дня,2026-08-06T10:08:26Z,2026-08-08T18:00:00Z,55.9,21.0,0.0,75.0,21.0,21.0
2-3 дня,2026-08-06T10:08:26Z,2026-08-09T06:00:00Z,67.9,0.0,0.0,0.0,0.0,0.0
2-3 дня,2026-08-06T10:08:26Z,2026-08-09T07:00:00Z,68.9,0.0,0.0,0.0,0.0,0.0
2-3 дня,2026-08-06T10:08:26Z,2026-08-09T08:00:00Z,69.9,0.0,0.0,0.0,0.0,0.0
2-3 дня,2026-08-06T10:08:26Z,2026-08-09T09:00:00Z,70.9,0.0,0.0,0.0,0.0,0.0
2-3 дня,2026-08-06T10:08:26Z,2026-08-09T10:00:00Z,71.9,0.0,0.0,0.0,0.0,0.0
2-3 дня,2026-08-06T10:47:54Z,2026-08-08T11:00:00Z,48.2,6.0,12.5,0.0,-6.5,6.5
2-3 дня,2026-08-06T10:47:54Z,2026-08-08T12:00:00Z,49.2,8.0,12.5,0.0,-4.5,4.5
2-3 дня,2026-08-06T10:47:54Z,2026-08-08T13:00:00Z,50.2,9.0,12.5,12.5,-3.5,3.5
2-3 дня,2026-08-06T10:47:54Z,2026-08-08T14:00:00Z,51.2,10.0,12.5,25.0,-2.5,2.5
2-3 дня,2026-08-06T10:47:54Z,2026-08-08T15:00:00Z,52.2,12.0,12.5,25.0,-0.5,0.5
2-3 дня,2026-08-06T10:47:54Z,2026-08-08T16:00:00Z,53.2,16.0,0.0,37.5,16.0,16.0
2-3 дня,2026-08-06T10:47:54Z,2026-08-08T17:00:00Z,54.2,20.0,0.0,12.5,20.0,20.0
2-3 дня,2026-08-06T10:47:54Z,2026-08-08T18:00:00Z,55.2,21.0,0.0,75.0,21.0,21.0
2-3 дня,2026-08-06T10:47:54Z,2026-08-09T06:00:00Z,67.2,0.0,0.0,0.0,0.0,0.0
2-3 дня,2026-08-06T10:47:54Z,2026-08-09T07:00:00Z,68.2,0.0,0.0,0.0,0.0,0.0
2-3 дня,2026-08-06T10:47:54Z,2026-08-09T08:00:00Z,69.2,0.0,0.0,0.0,0.0,0.0
2-3 дня,2026-08-06T10:47:54Z,2026-08-09T09:00:00Z,70.2,0.0,0.0,0.0,0.0,0.0
2-3 дня,2026-08-06T10:47:54Z,2026-08-09T10:00:00Z,71.2,0.0,0.0,0.0,0.0,0.0
2-3 дня,2026-08-06T11:30:42Z,2026-08-08T12:00:00Z,48.5,8.0,12.5,0.0,-4.5,4.5
2-3 дня,2026-08-06T11:30:42Z,2026-08-08T13:00:00Z,49.5,9.0,12.5,12.5,-3.5,3.5
2-3 дня,2026-08-06T11:30:42Z,2026-08-08T14:00:00Z,50.5,10.0,12.5,25.0,-2.5,2.5
2-3 дня,2026-08-06T11:30:42Z,2026-08-08T15:00:00Z,51.5,12.0,12.5,25.0,-0.5,0.5
2-3 дня,2026-08-06T11:30:42Z,2026-08-08T16:00:00Z,52.5,16.0,0.0,37.5,16.0,16.0
2-3 дня,2026-08-06T11:30:42Z,2026-08-08T17:00:00Z,53.5,20.0,0.0,12.5,20.0,20.0
2-3 дня,2026-08-06T11:30:42Z,2026-08-08T18:00:00Z,54.5,21.0,0.0,75.0,21.0,21.0
2-3 дня,2026-08-06T11:30:42Z,2026-08-09T06:00:00Z,66.5,0.0,0.0,0.0,0.0,0.0
2-3 дня,2026-08-06T11:30:42Z,2026-08-09T07:00:00Z,67.5,0.0,0.0,0.0,0.0,0.0
2-3 дня,2026-08-06T11:30:42Z,2026-08-09T08:00:00Z,68.5,0.0,0.0,0.0,0.0,0.0
2-3 дня,2026-08-06T11:30:42Z,2026-08-09T09:00:00Z,69.5,0.0,0.0,0.0,0.0,0.0
2-3 дня,2026-08-06T11:30:42Z,2026-08-09T10:00:00Z,70.5,0.0,0.0,0.0,0.0,0.0
2-3 дня,2026-08-06T11:30:42Z,2026-08-09T11:00:00Z,71.5,0.0,0.0,12.5,0.0,0.0
2-3 дня,2026-08-06T11:36:01Z,2026-08-08T12:00:00Z,48.4,8.0,12.5,0.0,-4.5,4.5
2-3 дня,2026-08-06T11:36:01Z,2026-08-08T13:00:00Z,49.4,9.0,12.5,12.5,-3.5,3.5
2-3 дня,2026-08-06T11:36:01Z,2026-08-08T14:00:00Z,50.4,10.0,12.5,25.0,-2.5,2.5
2-3 дня,2026-08-06T11:36:01Z,2026-08-08T15:00:00Z,51.4,12.0,12.5,25.0,-0.5,0.5
2-3 дня,2026-08-06T11:36:01Z,2026-08-08T16:00:00Z,52.4,16.0,0.0,37.5,16.0,16.0
2-3 дня,2026-08-06T11:36:01Z,2026-08-08T17:00:00Z,53.4,20.0,0.0,12.5,20.0,20.0
2-3 дня,2026-08-06T11:36:01Z,2026-08-08T18:00:00Z,54.4,21.0,0.0,75.0,21.0,21.0
2-3 дня,2026-08-06T11:36:01Z,2026-08-09T06:00:00Z,66.4,0.0,0.0,0.0,0.0,0.0
2-3 дня,2026-08-06T11:36:01Z,2026-08-09T07:00:00Z,67.4,0.0,0.0,0.0,0.0,0.0
2-3 дня,2026-08-06T11:36:01Z,2026-08-09T08:00:00Z,68.4,0.0,0.0,0.0,0.0,0.0
2-3 дня,2026-08-06T11:36:01Z,2026-08-09T09:00:00Z,69.4,0.0,0.0,0.0,0.0,0.0
2-3 дня,2026-08-06T11:36:01Z,2026-08-09T10:00:00Z,70.4,0.0,0.0,0.0,0.0,0.0
2-3 дня,2026-08-06T11:36:01Z,2026-08-09T11:00:00Z,71.4,0.0,0.0,12.5,0.0,0.0
2-3 дня,2026-08-06T11:44:08Z,2026-08-08T12:00:00Z,48.3,8.0,12.5,0.0,-4.5,4.5
2-3 дня,2026-08-06T11:44:08Z,2026-08-08T13:00:00Z,49.3,9.0,12.5,12.5,-3.5,3.5
2-3 дня,2026-08-06T11:44:08Z,2026-08-08T14:00:00Z,50.3,10.0,12.5,25.0,-2.5,2.5
2-3 дня,2026-08-06T11:44:08Z,2026-08-08T15:00:00Z,51.3,12.0,12.5,25.0,-0.5,0.5
2-3 дня,2026-08-06T11:44:08Z,2026-08-08T16:00:00Z,52.3,16.0,0.0,37.5,16.0,16.0
2-3 дня,2026-08-06T11:44:08Z,2026-08-08T17:00:00Z,53.3,20.0,0.0,12.5,20.0,20.0
2-3 дня,2026-08-06T11:44:08Z,2026-08-08T18:00:00Z,54.3,21.0,0.0,75.0,21.0,21.0
2-3 дня,2026-08-06T11:44:08Z,2026-08-09T06:00:00Z,66.3,0.0,0.0,0.0,0.0,0.0
2-3 дня,2026-08-06T11:44:08Z,2026-08-09T07:00:00Z,67.3,0.0,0.0,0.0,0.0,0.0
2-3 дня,2026-08-06T11:44:08Z,2026-08-09T08:00:00Z,68.3,0.0,0.0,0.0,0.0,0.0
2-3 дня,2026-08-06T11:44:08Z,2026-08-09T09:00:00Z,69.3,0.0,0.0,0.0,0.0,0.0
2-3 дня,2026-08-06T11:44:08Z,2026-08-09T10:00:00Z,70.3,0.0,0.0,0.0,0.0,0.0
2-3 дня,2026-08-06T11:44:08Z,2026-08-09T11:00:00Z,71.3,0.0,0.0,12.5,0.0,0.0
2-3 дня,2026-08-07T01:31:32Z,2026-08-09T06:00:00Z,52.5,0.0,0.0,0.0,0.0,0.0
2-3 дня,2026-08-07T01:31:32Z,2026-08-09T07:00:00Z,53.5,0.0,0.0,0.0,0.0,0.0
2-3 дня,2026-08-07T01:31:32Z,2026-08-09T08:00:00Z,54.5,0.0,0.0,0.0,0.0,0.0
2-3 дня,2026-08-07T01:31:32Z,2026-08-09T09:00:00Z,55.5,0.0,0.0,0.0,0.0,0.0
2-3 дня,2026-08-07T01:31:32Z,2026-08-09T10:00:00Z,56.5,0.0,0.0,0.0,0.0,0.0
2-3 дня,2026-08-07T01:31:32Z,2026-08-09T11:00:00Z,57.5,0.0,0.0,12.5,0.0,0.0
2-3 дня,2026-08-07T01:31:32Z,2026-08-09T12:00:00Z,58.5,0.0,12.5,12.5,-12.5,12.5
2-3 дня,2026-08-07T01:31:32Z,2026-08-09T13:00:00Z,59.5,0.0,12.5,12.5,-12.5,12.5
2-3 дня,2026-08-07T01:31:32Z,2026-08-09T14:00:00Z,60.5,0.0,0.0,12.5,0.0,0.0
2-3 дня,2026-08-07T01:31:32Z,2026-08-09T15:00:00Z,61.5,0.0,0.0,12.5,0.0,0.0
2-3 дня,2026-08-07T01:31:32Z,2026-08-09T16:00:00Z,62.5,0.0,0.0,0.0,0.0,0.0
2-3 дня,2026-08-07T01:31:32Z,2026-08-09T17:00:00Z,63.5,0.0,0.0,0.0,0.0,0.0
2-3 дня,2026-08-07T01:31:32Z,2026-08-09T18:00:00Z,64.5,0.0,0.0,0.0,0.0,0.0
2-3 дня,2026-08-07T05:36:00Z,2026-08-09T06:00:00Z,48.4,0.0,0.0,0.0,0.0,0.0
2-3 дня,2026-08-07T05:36:00Z,2026-08-09T07:00:00Z,49.4,0.0,0.0,0.0,0.0,0.0
2-3 дня,2026-08-07T05:36:00Z,2026-08-09T08:00:00Z,50.4,0.0,0.0,0.0,0.0,0.0
2-3 дня,2026-08-07T05:36:00Z,2026-08-09T09:00:00Z,51.4,0.0,0.0,0.0,0.0,0.0
2-3 дня,2026-08-07T05:36:00Z,2026-08-09T10:00:00Z,52.4,0.0,0.0,0.0,0.0,0.0
2-3 дня,2026-08-07T05:36:00Z,2026-08-09T11:00:00Z,53.4,0.0,0.0,12.5,0.0,0.0
2-3 дня,2026-08-07T05:36:00Z,2026-08-09T12:00:00Z,54.4,0.0,12.5,12.5,-12.5,12.5
2-3 дня,2026-08-07T05:36:00Z,2026-08-09T13:00:00Z,55.4,0.0,12.5,12.5,-12.5,12.5
2-3 дня,2026-08-07T05:36:00Z,2026-08-09T14:00:00Z,56.4,0.0,0.0,12.5,0.0,0.0
2-3 дня,2026-08-07T05:36:00Z,2026-08-09T15:00:00Z,57.4,0.0,0.0,12.5,0.0,0.0
2-3 дня,2026-08-07T05:36:00Z,2026-08-09T16:00:00Z,58.4,0.0,0.0,0.0,0.0,0.0
2-3 дня,2026-08-07T05:36:00Z,2026-08-09T17:00:00Z,59.4,0.0,0.0,0.0,0.0,0.0
2-3 дня,2026-08-07T05:36:00Z,2026-08-09T18:00:00Z,60.4,0.0,0.0,0.0,0.0,0.0
2-3 дня,2026-08-07T06:18:59Z,2026-08-09T07:00:00Z,48.7,0.0,0.0,0.0,0.0,0.0
2-3 дня,2026-08-07T06:18:59Z,2026-08-09T08:00:00Z,49.7,0.0,0.0,0.0,0.0,0.0
2-3 дня,2026-08-07T06:18:59Z,2026-08-09T09:00:00Z,50.7,0.0,0.0,0.0,0.0,0.0
2-3 дня,2026-08-07T06:18:59Z,2026-08-09T10:00:00Z,51.7,0.0,0.0,0.0,0.0,0.0
2-3 дня,2026-08-07T06:18:59Z,2026-08-09T11:00:00Z,52.7,0.0,0.0,12.5,0.0,0.0
2-3 дня,2026-08-07T06:18:59Z,2026-08-09T12:00:00Z,53.7,0.0,12.5,12.5,-12.5,12.5
2-3 дня,2026-08-07T06:18:59Z,2026-08-09T13:00:00Z,54.7,0.0,12.5,12.5,-12.5,12.5
2-3 дня,2026-08-07T06:18:59Z,2026-08-09T14:00:00Z,55.7,0.0,0.0,12.5,0.0,0.0
2-3 дня,2026-08-07T06:18:59Z,2026-08-09T15:00:00Z,56.7,0.0,0.0,12.5,0.0,0.0
2-3 дня,2026-08-07T06:18:59Z,2026-08-09T16:00:00Z,57.7,0.0,0.0,0.0,0.0,0.0
2-3 дня,2026-08-07T06:18:59Z,2026-08-09T17:00:00Z,58.7,0.0,0.0,0.0,0.0,0.0
2-3 дня,2026-08-07T06:18:59Z,2026-08-09T18:00:00Z,59.7,0.0,0.0,0.0,0.0,0.0
2-3 дня,2026-08-07T06:18:59Z,2026-08-10T06:00:00Z,71.7,0.0,0.0,0.0,0.0,0.0
2-3 дня,2026-08-07T07:13:52Z,2026-08-09T08:00:00Z,48.8,0.0,0.0,0.0,0.0,0.0
2-3 дня,2026-08-07T07:13:52Z,2026-08-09T09:00:00Z,49.8,0.0,0.0,0.0,0.0,0.0
2-3 дня,2026-08-07T07:13:52Z,2026-08-09T10:00:00Z,50.8,0.0,0.0,0.0,0.0,0.0
2-3 дня,2026-08-07T07:13:52Z,2026-08-09T11:00:00Z,51.8,0.0,0.0,12.5,0.0,0.0
2-3 дня,2026-08-07T07:13:52Z,2026-08-09T12:00:00Z,52.8,0.0,12.5,12.5,-12.5,12.5
2-3 дня,2026-08-07T07:13:52Z,2026-08-09T13:00:00Z,53.8,0.0,12.5,12.5,-12.5,12.5
2-3 дня,2026-08-07T07:13:52Z,2026-08-09T14:00:00Z,54.8,0.0,0.0,12.5,0.0,0.0
2-3 дня,2026-08-07T07:13:52Z,2026-08-09T15:00:00Z,55.8,0.0,0.0,12.5,0.0,0.0
2-3 дня,2026-08-07T07:13:52Z,2026-08-09T16:00:00Z,56.8,0.0,0.0,0.0,0.0,0.0
2-3 дня,2026-08-07T07:13:52Z,2026-08-09T17:00:00Z,57.8,0.0,0.0,0.0,0.0,0.0
2-3 дня,2026-08-07T07:13:52Z,2026-08-09T18:00:00Z,58.8,0.0,0.0,0.0,0.0,0.0
2-3 дня,2026-08-07T07:13:52Z,2026-08-10T06:00:00Z,70.8,0.0,0.0,0.0,0.0,0.0
2-3 дня,2026-08-07T07:13:52Z,2026-08-10T07:00:00Z,71.8,0.0,0.0,0.0,0.0,0.0
2-3 дня,2026-08-07T10:39:14Z,2026-08-09T11:00:00Z,48.3,0.0,0.0,12.5,0.0,0.0
2-3 дня,2026-08-07T10:39:14Z,2026-08-09T12:00:00Z,49.3,0.0,12.5,12.5,-12.5,12.5
2-3 дня,2026-08-07T10:39:14Z,2026-08-09T13:00:00Z,50.3,0.0,12.5,12.5,-12.5,12.5
2-3 дня,2026-08-07T10:39:14Z,2026-08-09T14:00:00Z,51.3,0.0,0.0,12.5,0.0,0.0
2-3 дня,2026-08-07T10:39:14Z,2026-08-09T15:00:00Z,52.3,0.0,0.0,12.5,0.0,0.0
2-3 дня,2026-08-07T10:39:14Z,2026-08-09T16:00:00Z,53.3,0.0,0.0,0.0,0.0,0.0
2-3 дня,2026-08-07T10:39:14Z,2026-08-09T17:00:00Z,54.3,0.0,0.0,0.0,0.0,0.0
2-3 дня,2026-08-07T10:39:14Z,2026-08-09T18:00:00Z,55.3,0.0,0.0,0.0,0.0,0.0
2-3 дня,2026-08-07T10:39:14Z,2026-08-10T06:00:00Z,67.3,0.0,0.0,0.0,0.0,0.0
2-3 дня,2026-08-07T10:39:14Z,2026-08-10T07:00:00Z,68.3,0.0,0.0,0.0,0.0,0.0
2-3 дня,2026-08-07T10:39:14Z,2026-08-10T08:00:00Z,69.3,0.0,0.0,0.0,0.0,0.0
2-3 дня,2026-08-07T10:39:14Z,2026-08-10T09:00:00Z,70.3,0.0,0.0,0.0,0.0,0.0
2-3 дня,2026-08-07T10:39:14Z,2026-08-10T10:00:00Z,71.3,0.0,0.0,0.0,0.0,0.0
2-3 дня,2026-08-07T16:51:54Z,2026-08-09T17:00:00Z,48.1,0.0,0.0,0.0,0.0,0.0
2-3 дня,2026-08-07T16:51:54Z,2026-08-09T18:00:00Z,49.1,0.0,0.0,0.0,0.0,0.0
2-3 дня,2026-08-07T16:51:54Z,2026-08-10T06:00:00Z,61.1,0.0,0.0,0.0,0.0,0.0
2-3 дня,2026-08-07T16:51:54Z,2026-08-10T07:00:00Z,62.1,0.0,0.0,0.0,0.0,0.0
2-3 дня,2026-08-07T16:51:54Z,2026-08-10T08:00:00Z,63.1,0.0,0.0,0.0,0.0,0.0
2-3 дня,2026-08-07T16:51:54Z,2026-08-10T09:00:00Z,64.1,0.0,0.0,0.0,0.0,0.0
2-3 дня,2026-08-07T16:51:54Z,2026-08-10T10:00:00Z,65.1,0.0,0.0,0.0,0.0,0.0
2-3 дня,2026-08-07T16:51:54Z,2026-08-10T11:00:00Z,66.1,0.0,12.5,0.0,-12.5,12.5
2-3 дня,2026-08-07T16:51:54Z,2026-08-10T12:00:00Z,67.1,0.0,0.0,12.5,0.0,0.0
2-3 дня,2026-08-07T16:51:54Z,2026-08-10T13:00:00Z,68.1,0.0,0.0,12.5,0.0,0.0
2-3 дня,2026-08-07T16:51:54Z,2026-08-10T14:00:00Z,69.1,0.0,0.0,0.0,0.0,0.0
2-3 дня,2026-08-07T16:51:54Z,2026-08-10T15:00:00Z,70.1,0.0,0.0,0.0,0.0,0.0
2-3 дня,2026-08-07T16:51:54Z,2026-08-10T16:00:00Z,71.1,0.0,0.0,0.0,0.0,0.0
2-3 дня,2026-08-07T22:45:57Z,2026-08-10T06:00:00Z,55.2,0.0,0.0,0.0,0.0,0.0
2-3 дня,2026-08-07T22:45:57Z,2026-08-10T07:00:00Z,56.2,0.0,0.0,0.0,0.0,0.0
2-3 дня,2026-08-07T22:45:57Z,2026-08-10T08:00:00Z,57.2,0.0,0.0,0.0,0.0,0.0
2-3 дня,2026-08-07T22:45:57Z,2026-08-10T09:00:00Z,58.2,0.0,0.0,0.0,0.0,0.0
2-3 дня,2026-08-07T22:45:57Z,2026-08-10T10:00:00Z,59.2,0.0,0.0,0.0,0.0,0.0
2-3 дня,2026-08-07T22:45:57Z,2026-08-10T11:00:00Z,60.2,0.0,12.5,0.0,-12.5,12.5
2-3 дня,2026-08-07T22:45:57Z,2026-08-10T12:00:00Z,61.2,0.0,0.0,12.5,0.0,0.0
2-3 дня,2026-08-07T22:45:57Z,2026-08-10T13:00:00Z,62.2,0.0,0.0,12.5,0.0,0.0
2-3 дня,2026-08-07T22:45:57Z,2026-08-10T14:00:00Z,63.2,0.0,0.0,0.0,0.0,0.0
2-3 дня,2026-08-07T22:45:57Z,2026-08-10T15:00:00Z,64.2,0.0,0.0,0.0,0.0,0.0
2-3 дня,2026-08-07T22:45:57Z,2026-08-10T16:00:00Z,65.2,0.0,0.0,0.0,0.0,0.0
2-3 дня,2026-08-07T22:45:57Z,2026-08-10T17:00:00Z,66.2,0.0,0.0,0.0,0.0,0.0
2-3 дня,2026-08-07T22:45:57Z,2026-08-10T18:00:00Z,67.2,0.0,0.0,0.0,0.0,0.0
2-3 дня,2026-08-07T23:19:23Z,2026-08-10T06:00:00Z,54.7,0.0,0.0,0.0,0.0,0.0
2-3 дня,2026-08-07T23:19:23Z,2026-08-10T07:00:00Z,55.7,0.0,0.0,0.0,0.0,0.0
2-3 дня,2026-08-07T23:19:23Z,2026-08-10T08:00:00Z,56.7,0.0,0.0,0.0,0.0,0.0
2-3 дня,2026-08-07T23:19:23Z,2026-08-10T09:00:00Z,57.7,0.0,0.0,0.0,0.0,0.0
2-3 дня,2026-08-07T23:19:23Z,2026-08-10T10:00:00Z,58.7,0.0,0.0,0.0,0.0,0.0
2-3 дня,2026-08-07T23:19:23Z,2026-08-10T11:00:00Z,59.7,0.0,12.5,0.0,-12.5,12.5
2-3 дня,2026-08-07T23:19:23Z,2026-08-10T12:00:00Z,60.7,0.0,0.0,12.5,0.0,0.0
2-3 дня,2026-08-07T23:19:23Z,2026-08-10T13:00:00Z,61.7,0.0,0.0,12.5,0.0,0.0
2-3 дня,2026-08-07T23:19:23Z,2026-08-10T14:00:00Z,62.7,0.0,0.0,0.0,0.0,0.0
2-3 дня,2026-08-07T23:19:23Z,2026-08-10T15:00:00Z,63.7,0.0,0.0,0.0,0.0,0.0
2-3 дня,2026-08-07T23:19:23Z,2026-08-10T16:00:00Z,64.7,0.0,0.0,0.0,0.0,0.0
2-3 дня,2026-08-07T23:19:23Z,2026-08-10T17:00:00Z,65.7,0.0,0.0,0.0,0.0,0.0
2-3 дня,2026-08-07T23:19:23Z,2026-08-10T18:00:00Z,66.7,0.0,0.0,0.0,0.0,0.0
2-3 дня,2026-08-08T04:50:53Z,2026-08-10T06:00:00Z,49.2,0.0,0.0,0.0,0.0,0.0
2-3 дня,2026-08-08T04:50:53Z,2026-08-10T07:00:00Z,50.2,0.0,0.0,0.0,0.0,0.0
2-3 дня,2026-08-08T04:50:53Z,2026-08-10T08:00:00Z,51.2,0.0,0.0,0.0,0.0,0.0
2-3 дня,2026-08-08T04:50:53Z,2026-08-10T09:00:00Z,52.2,0.0,0.0,0.0,0.0,0.0
2-3 дня,2026-08-08T04:50:53Z,2026-08-10T10:00:00Z,53.2,0.0,0.0,0.0,0.0,0.0
2-3 дня,2026-08-08T04:50:53Z,2026-08-10T11:00:00Z,54.2,0.0,12.5,0.0,-12.5,12.5
2-3 дня,2026-08-08T04:50:53Z,2026-08-10T12:00:00Z,55.2,0.0,0.0,12.5,0.0,0.0
2-3 дня,2026-08-08T04:50:53Z,2026-08-10T13:00:00Z,56.2,0.0,0.0,12.5,0.0,0.0
2-3 дня,2026-08-08T04:50:53Z,2026-08-10T14:00:00Z,57.2,0.0,0.0,0.0,0.0,0.0
2-3 дня,2026-08-08T04:50:53Z,2026-08-10T15:00:00Z,58.2,0.0,0.0,0.0,0.0,0.0
2-3 дня,2026-08-08T04:50:53Z,2026-08-10T16:00:00Z,59.2,0.0,0.0,0.0,0.0,0.0
2-3 дня,2026-08-08T04:50:53Z,2026-08-10T17:00:00Z,60.2,0.0,0.0,0.0,0.0,0.0
2-3 дня,2026-08-08T04:50:53Z,2026-08-10T18:00:00Z,61.2,0.0,0.0,0.0,0.0,0.0
2-3 дня,2026-08-08T10:18:13Z,2026-08-10T11:00:00Z,48.7,0.0,12.5,0.0,-12.5,12.5
2-3 дня,2026-08-08T10:18:13Z,2026-08-10T12:00:00Z,49.7,0.0,0.0,12.5,0.0,0.0
2-3 дня,2026-08-08T10:18:13Z,2026-08-10T13:00:00Z,50.7,0.0,0.0,12.5,0.0,0.0
2-3 дня,2026-08-08T10:18:13Z,2026-08-10T14:00:00Z,51.7,0.0,0.0,0.0,0.0,0.0
2-3 дня,2026-08-08T10:18:13Z,2026-08-10T15:00:00Z,52.7,0.0,0.0,0.0,0.0,0.0
2-3 дня,2026-08-08T10:18:13Z,2026-08-10T16:00:00Z,53.7,0.0,0.0,0.0,0.0,0.0
2-3 дня,2026-08-08T10:18:13Z,2026-08-10T17:00:00Z,54.7,0.0,0.0,0.0,0.0,0.0
2-3 дня,2026-08-08T10:18:13Z,2026-08-10T18:00:00Z,55.7,0.0,0.0,0.0,0.0,0.0
2-3 дня,2026-08-08T10:18:13Z,2026-08-11T06:00:00Z,67.7,0.0,0.0,0.0,0.0,0.0
2-3 дня,2026-08-08T10:18:13Z,2026-08-11T07:00:00Z,68.7,0.0,0.0,0.0,0.0,0.0
2-3 дня,2026-08-08T10:18:13Z,2026-08-11T08:00:00Z,69.7,0.0,0.0,0.0,0.0,0.0
2-3 дня,2026-08-08T10:18:13Z,2026-08-11T09:00:00Z,70.7,0.0,0.0,0.0,0.0,0.0
2-3 дня,2026-08-08T10:18:13Z,2026-08-11T10:00:00Z,71.7,0.0,0.0,0.0,0.0,0.0
2-3 дня,2026-08-08T22:37:20Z,2026-08-11T06:00:00Z,55.4,0.0,0.0,0.0,0.0,0.0
2-3 дня,2026-08-08T22:37:20Z,2026-08-11T07:00:00Z,56.4,0.0,0.0,0.0,0.0,0.0
2-3 дня,2026-08-08T22:37:20Z,2026-08-11T08:00:00Z,57.4,0.0,0.0,0.0,0.0,0.0
2-3 дня,2026-08-08T22:37:20Z,2026-08-11T09:00:00Z,58.4,0.0,0.0,0.0,0.0,0.0
2-3 дня,2026-08-08T22:37:20Z,2026-08-11T10:00:00Z,59.4,0.0,0.0,0.0,0.0,0.0
2-3 дня,2026-08-08T22:37:20Z,2026-08-11T11:00:00Z,60.4,0.0,0.0,12.5,0.0,0.0
2-3 дня,2026-08-08T22:37:20Z,2026-08-11T12:00:00Z,61.4,0.0,0.0,0.0,0.0,0.0
2-3 дня,2026-08-08T22:37:20Z,2026-08-11T13:00:00Z,62.4,5.0,0.0,0.0,5.0,5.0
2-3 дня,2026-08-08T22:37:20Z,2026-08-11T14:00:00Z,63.4,11.0,0.0,0.0,11.0,11.0
2-3 дня,2026-08-08T22:37:20Z,2026-08-11T15:00:00Z,64.4,16.0,0.0,0.0,16.0,16.0
2-3 дня,2026-08-08T22:37:20Z,2026-08-11T16:00:00Z,65.4,19.0,0.0,0.0,19.0,19.0
2-3 дня,2026-08-08T22:37:20Z,2026-08-11T17:00:00Z,66.4,21.0,0.0,0.0,21.0,21.0
2-3 дня,2026-08-08T22:37:20Z,2026-08-11T18:00:00Z,67.4,22.0,0.0,0.0,22.0,22.0
2-3 дня,2026-08-09T04:59:03Z,2026-08-11T06:00:00Z,49.0,0.0,0.0,0.0,0.0,0.0
2-3 дня,2026-08-09T04:59:03Z,2026-08-11T07:00:00Z,50.0,0.0,0.0,0.0,0.0,0.0
2-3 дня,2026-08-09T04:59:03Z,2026-08-11T08:00:00Z,51.0,0.0,0.0,0.0,0.0,0.0
2-3 дня,2026-08-09T04:59:03Z,2026-08-11T09:00:00Z,52.0,0.0,0.0,0.0,0.0,0.0
2-3 дня,2026-08-09T04:59:03Z,2026-08-11T10:00:00Z,53.0,0.0,0.0,0.0,0.0,0.0
2-3 дня,2026-08-09T04:59:03Z,2026-08-11T11:00:00Z,54.0,0.0,0.0,12.5,0.0,0.0
2-3 дня,2026-08-09T04:59:03Z,2026-08-11T12:00:00Z,55.0,2.0,0.0,0.0,2.0,2.0
2-3 дня,2026-08-09T04:59:03Z,2026-08-11T13:00:00Z,56.0,6.0,0.0,0.0,6.0,6.0
2-3 дня,2026-08-09T04:59:03Z,2026-08-11T14:00:00Z,57.0,11.0,0.0,0.0,11.0,11.0
2-3 дня,2026-08-09T04:59:03Z,2026-08-11T15:00:00Z,58.0,16.0,0.0,0.0,16.0,16.0
2-3 дня,2026-08-09T04:59:03Z,2026-08-11T16:00:00Z,59.0,21.0,0.0,0.0,21.0,21.0
2-3 дня,2026-08-09T04:59:03Z,2026-08-11T17:00:00Z,60.0,25.0,0.0,0.0,25.0,25.0
2-3 дня,2026-08-09T04:59:03Z,2026-08-11T18:00:00Z,61.0,25.0,0.0,0.0,25.0,25.0
2-3 дня,2026-08-09T10:19:29Z,2026-08-11T11:00:00Z,48.7,0.0,0.0,12.5,0.0,0.0
2-3 дня,2026-08-09T10:19:29Z,2026-08-11T12:00:00Z,49.7,0.0,0.0,0.0,0.0,0.0
2-3 дня,2026-08-09T10:19:29Z,2026-08-11T13:00:00Z,50.7,5.0,0.0,0.0,5.0,5.0
2-3 дня,2026-08-09T10:19:29Z,2026-08-11T14:00:00Z,51.7,11.0,0.0,0.0,11.0,11.0
2-3 дня,2026-08-09T10:19:29Z,2026-08-11T15:00:00Z,52.7,15.0,0.0,0.0,15.0,15.0
2-3 дня,2026-08-09T10:19:29Z,2026-08-11T16:00:00Z,53.7,14.0,0.0,0.0,14.0,14.0
2-3 дня,2026-08-09T10:19:29Z,2026-08-11T17:00:00Z,54.7,12.0,0.0,0.0,12.0,12.0
2-3 дня,2026-08-09T10:19:29Z,2026-08-11T18:00:00Z,55.7,9.0,0.0,0.0,9.0,9.0
2-3 дня,2026-08-09T10:19:29Z,2026-08-12T06:00:00Z,67.7,1.0,75.0,0.0,-74.0,74.0
2-3 дня,2026-08-09T10:19:29Z,2026-08-12T07:00:00Z,68.7,1.0,75.0,0.0,-74.0,74.0
2-3 дня,2026-08-09T10:19:29Z,2026-08-12T08:00:00Z,69.7,1.0,50.0,0.0,-49.0,49.0
2-3 дня,2026-08-09T10:19:29Z,2026-08-12T09:00:00Z,70.7,1.0,25.0,0.0,-24.0,24.0
2-3 дня,2026-08-09T10:19:29Z,2026-08-12T10:00:00Z,71.7,1.0,25.0,0.0,-24.0,24.0
2-3 дня,2026-08-09T12:41:38Z,2026-08-11T13:00:00Z,48.3,5.0,0.0,0.0,5.0,5.0
2-3 дня,2026-08-09T12:41:38Z,2026-08-11T14:00:00Z,49.3,11.0,0.0,0.0,11.0,11.0
2-3 дня,2026-08-09T12:41:38Z,2026-08-11T15:00:00Z,50.3,15.0,0.0,0.0,15.0,15.0
2-3 дня,2026-08-09T12:41:38Z,2026-08-11T16:00:00Z,51.3,14.0,0.0,0.0,14.0,14.0
2-3 дня,2026-08-09T12:41:38Z,2026-08-11T17:00:00Z,52.3,12.0,0.0,0.0,12.0,12.0
2-3 дня,2026-08-09T12:41:38Z,2026-08-11T18:00:00Z,53.3,9.0,0.0,0.0,9.0,9.0
2-3 дня,2026-08-09T12:41:38Z,2026-08-12T06:00:00Z,65.3,1.0,75.0,0.0,-74.0,74.0
2-3 дня,2026-08-09T12:41:38Z,2026-08-12T07:00:00Z,66.3,1.0,75.0,0.0,-74.0,74.0
2-3 дня,2026-08-09T12:41:38Z,2026-08-12T08:00:00Z,67.3,1.0,50.0,0.0,-49.0,49.0
2-3 дня,2026-08-09T12:41:38Z,2026-08-12T09:00:00Z,68.3,1.0,25.0,0.0,-24.0,24.0
2-3 дня,2026-08-09T12:41:38Z,2026-08-12T10:00:00Z,69.3,1.0,25.0,0.0,-24.0,24.0
2-3 дня,2026-08-09T12:41:38Z,2026-08-12T11:00:00Z,70.3,0.0,12.5,0.0,-12.5,12.5
2-3 дня,2026-08-09T12:41:38Z,2026-08-12T12:00:00Z,71.3,0.0,12.5,0.0,-12.5,12.5
2-3 дня,2026-08-09T12:45:53Z,2026-08-11T13:00:00Z,48.2,5.0,0.0,0.0,5.0,5.0
2-3 дня,2026-08-09T12:45:53Z,2026-08-11T14:00:00Z,49.2,11.0,0.0,0.0,11.0,11.0
2-3 дня,2026-08-09T12:45:53Z,2026-08-11T15:00:00Z,50.2,15.0,0.0,0.0,15.0,15.0
2-3 дня,2026-08-09T12:45:53Z,2026-08-11T16:00:00Z,51.2,14.0,0.0,0.0,14.0,14.0
2-3 дня,2026-08-09T12:45:53Z,2026-08-11T17:00:00Z,52.2,12.0,0.0,0.0,12.0,12.0
2-3 дня,2026-08-09T12:45:53Z,2026-08-11T18:00:00Z,53.2,9.0,0.0,0.0,9.0,9.0
2-3 дня,2026-08-09T12:45:53Z,2026-08-12T06:00:00Z,65.2,1.0,75.0,0.0,-74.0,74.0
2-3 дня,2026-08-09T12:45:53Z,2026-08-12T07:00:00Z,66.2,1.0,75.0,0.0,-74.0,74.0
2-3 дня,2026-08-09T12:45:53Z,2026-08-12T08:00:00Z,67.2,1.0,50.0,0.0,-49.0,49.0
2-3 дня,2026-08-09T12:45:53Z,2026-08-12T09:00:00Z,68.2,1.0,25.0,0.0,-24.0,24.0
2-3 дня,2026-08-09T12:45:53Z,2026-08-12T10:00:00Z,69.2,1.0,25.0,0.0,-24.0,24.0
2-3 дня,2026-08-09T12:45:53Z,2026-08-12T11:00:00Z,70.2,0.0,12.5,0.0,-12.5,12.5
2-3 дня,2026-08-09T12:45:53Z,2026-08-12T12:00:00Z,71.2,0.0,12.5,0.0,-12.5,12.5
2-3 дня,2026-08-09T12:48:15Z,2026-08-11T13:00:00Z,48.2,5.0,0.0,0.0,5.0,5.0
2-3 дня,2026-08-09T12:48:15Z,2026-08-11T14:00:00Z,49.2,11.0,0.0,0.0,11.0,11.0
2-3 дня,2026-08-09T12:48:15Z,2026-08-11T15:00:00Z,50.2,15.0,0.0,0.0,15.0,15.0
2-3 дня,2026-08-09T12:48:15Z,2026-08-11T16:00:00Z,51.2,14.0,0.0,0.0,14.0,14.0
2-3 дня,2026-08-09T12:48:15Z,2026-08-11T17:00:00Z,52.2,12.0,0.0,0.0,12.0,12.0
2-3 дня,2026-08-09T12:48:15Z,2026-08-11T18:00:00Z,53.2,9.0,0.0,0.0,9.0,9.0
2-3 дня,2026-08-09T12:48:15Z,2026-08-12T06:00:00Z,65.2,1.0,75.0,0.0,-74.0,74.0
2-3 дня,2026-08-09T12:48:15Z,2026-08-12T07:00:00Z,66.2,1.0,75.0,0.0,-74.0,74.0
2-3 дня,2026-08-09T12:48:15Z,2026-08-12T08:00:00Z,67.2,1.0,50.0,0.0,-49.0,49.0
2-3 дня,2026-08-09T12:48:15Z,2026-08-12T09:00:00Z,68.2,1.0,25.0,0.0,-24.0,24.0
2-3 дня,2026-08-09T12:48:15Z,2026-08-12T10:00:00Z,69.2,1.0,25.0,0.0,-24.0,24.0
2-3 дня,2026-08-09T12:48:15Z,2026-08-12T11:00:00Z,70.2,0.0,12.5,0.0,-12.5,12.5
2-3 дня,2026-08-09T12:48:15Z,2026-08-12T12:00:00Z,71.2,0.0,12.5,0.0,-12.5,12.5
2-3 дня,2026-08-09T16:31:44Z,2026-08-11T17:00:00Z,48.5,5.0,0.0,0.0,5.0,5.0
2-3 дня,2026-08-09T16:31:44Z,2026-08-11T18:00:00Z,49.5,5.0,0.0,0.0,5.0,5.0
2-3 дня,2026-08-09T16:31:44Z,2026-08-12T06:00:00Z,61.5,7.0,75.0,0.0,-68.0,68.0
2-3 дня,2026-08-09T16:31:44Z,2026-08-12T07:00:00Z,62.5,6.0,75.0,0.0,-69.0,69.0
2-3 дня,2026-08-09T16:31:44Z,2026-08-12T08:00:00Z,63.5,5.0,50.0,0.0,-45.0,45.0
2-3 дня,2026-08-09T16:31:44Z,2026-08-12T09:00:00Z,64.5,3.0,25.0,0.0,-22.0,22.0
2-3 дня,2026-08-09T16:31:44Z,2026-08-12T10:00:00Z,65.5,2.0,25.0,0.0,-23.0,23.0
2-3 дня,2026-08-09T16:31:44Z,2026-08-12T11:00:00Z,66.5,1.0,12.5,0.0,-11.5,11.5
2-3 дня,2026-08-09T16:31:44Z,2026-08-12T12:00:00Z,67.5,0.0,12.5,0.0,-12.5,12.5
2-3 дня,2026-08-09T16:31:44Z,2026-08-12T13:00:00Z,68.5,0.0,0.0,0.0,0.0,0.0
2-3 дня,2026-08-09T16:31:44Z,2026-08-12T14:00:00Z,69.5,0.0,0.0,0.0,0.0,0.0
2-3 дня,2026-08-09T16:31:44Z,2026-08-12T15:00:00Z,70.5,0.0,0.0,0.0,0.0,0.0
2-3 дня,2026-08-09T16:31:44Z,2026-08-12T16:00:00Z,71.5,0.0,0.0,0.0,0.0,0.0
2-3 дня,2026-08-09T22:39:09Z,2026-08-12T06:00:00Z,55.3,3.0,75.0,0.0,-72.0,72.0
2-3 дня,2026-08-09T22:39:09Z,2026-08-12T07:00:00Z,56.3,2.0,75.0,0.0,-73.0,73.0
2-3 дня,2026-08-09T22:39:09Z,2026-08-12T08:00:00Z,57.3,1.0,50.0,0.0,-49.0,49.0
2-3 дня,2026-08-09T22:39:09Z,2026-08-12T09:00:00Z,58.3,0.0,25.0,0.0,-25.0,25.0
2-3 дня,2026-08-09T22:39:09Z,2026-08-12T10:00:00Z,59.3,0.0,25.0,0.0,-25.0,25.0
2-3 дня,2026-08-09T22:39:09Z,2026-08-12T11:00:00Z,60.3,0.0,12.5,0.0,-12.5,12.5
2-3 дня,2026-08-09T22:39:09Z,2026-08-12T12:00:00Z,61.3,0.0,12.5,0.0,-12.5,12.5
2-3 дня,2026-08-09T22:39:09Z,2026-08-12T13:00:00Z,62.3,0.0,0.0,0.0,0.0,0.0
2-3 дня,2026-08-09T22:39:09Z,2026-08-12T14:00:00Z,63.3,0.0,0.0,0.0,0.0,0.0
2-3 дня,2026-08-09T22:39:09Z,2026-08-12T15:00:00Z,64.3,0.0,0.0,0.0,0.0,0.0
2-3 дня,2026-08-09T22:39:09Z,2026-08-12T16:00:00Z,65.3,0.0,0.0,0.0,0.0,0.0
2-3 дня,2026-08-09T22:39:09Z,2026-08-12T17:00:00Z,66.3,0.0,0.0,0.0,0.0,0.0
2-3 дня,2026-08-09T22:39:09Z,2026-08-12T18:00:00Z,67.3,0.0,0.0,0.0,0.0,0.0
2-3 дня,2026-08-10T05:20:42Z,2026-08-12T06:00:00Z,48.7,1.0,75.0,0.0,-74.0,74.0
2-3 дня,2026-08-10T05:20:42Z,2026-08-12T07:00:00Z,49.7,1.0,75.0,0.0,-74.0,74.0
2-3 дня,2026-08-10T05:20:42Z,2026-08-12T08:00:00Z,50.7,0.0,50.0,0.0,-50.0,50.0
2-3 дня,2026-08-10T05:20:42Z,2026-08-12T09:00:00Z,51.7,0.0,25.0,0.0,-25.0,25.0
2-3 дня,2026-08-10T05:20:42Z,2026-08-12T10:00:00Z,52.7,0.0,25.0,0.0,-25.0,25.0
2-3 дня,2026-08-10T05:20:42Z,2026-08-12T11:00:00Z,53.7,0.0,12.5,0.0,-12.5,12.5
2-3 дня,2026-08-10T05:20:42Z,2026-08-12T12:00:00Z,54.7,0.0,12.5,0.0,-12.5,12.5
2-3 дня,2026-08-10T05:20:42Z,2026-08-12T13:00:00Z,55.7,0.0,0.0,0.0,0.0,0.0
2-3 дня,2026-08-10T05:20:42Z,2026-08-12T14:00:00Z,56.7,0.0,0.0,0.0,0.0,0.0
2-3 дня,2026-08-10T05:20:42Z,2026-08-12T15:00:00Z,57.7,0.0,0.0,0.0,0.0,0.0
2-3 дня,2026-08-10T05:20:42Z,2026-08-12T16:00:00Z,58.7,0.0,0.0,0.0,0.0,0.0
2-3 дня,2026-08-10T05:20:42Z,2026-08-12T17:00:00Z,59.7,0.0,0.0,0.0,0.0,0.0
2-3 дня,2026-08-10T05:20:42Z,2026-08-12T18:00:00Z,60.7,0.0,0.0,0.0,0.0,0.0
2-3 дня,2026-08-10T10:53:28Z,2026-08-12T11:00:00Z,48.1,0.0,12.5,0.0,-12.5,12.5
2-3 дня,2026-08-10T10:53:28Z,2026-08-12T12:00:00Z,49.1,0.0,12.5,0.0,-12.5,12.5
2-3 дня,2026-08-10T10:53:28Z,2026-08-12T13:00:00Z,50.1,0.0,0.0,0.0,0.0,0.0
2-3 дня,2026-08-10T10:53:28Z,2026-08-12T14:00:00Z,51.1,0.0,0.0,0.0,0.0,0.0
2-3 дня,2026-08-10T10:53:28Z,2026-08-12T15:00:00Z,52.1,0.0,0.0,0.0,0.0,0.0
2-3 дня,2026-08-10T10:53:28Z,2026-08-12T16:00:00Z,53.1,0.0,0.0,0.0,0.0,0.0
2-3 дня,2026-08-10T10:53:28Z,2026-08-12T17:00:00Z,54.1,0.0,0.0,0.0,0.0,0.0
2-3 дня,2026-08-10T10:53:28Z,2026-08-12T18:00:00Z,55.1,0.0,0.0,0.0,0.0,0.0
2-3 дня,2026-08-10T10:53:28Z,2026-08-13T06:00:00Z,67.1,0.0,0.0,75.0,0.0,0.0
2-3 дня,2026-08-10T10:53:28Z,2026-08-13T07:00:00Z,68.1,0.0,0.0,75.0,0.0,0.0
2-3 дня,2026-08-10T10:53:28Z,2026-08-13T08:00:00Z,69.1,0.0,0.0,50.0,0.0,0.0
2-3 дня,2026-08-10T10:53:28Z,2026-08-13T09:00:00Z,70.1,0.0,0.0,25.0,0.0,0.0
2-3 дня,2026-08-10T10:53:28Z,2026-08-13T10:00:00Z,71.1,0.0,0.0,25.0,0.0,0.0
2-3 дня,2026-08-10T16:52:05Z,2026-08-12T17:00:00Z,48.1,0.0,0.0,0.0,0.0,0.0
2-3 дня,2026-08-10T16:52:05Z,2026-08-12T18:00:00Z,49.1,0.0,0.0,0.0,0.0,0.0
2-3 дня,2026-08-10T16:52:05Z,2026-08-13T06:00:00Z,61.1,0.0,0.0,75.0,0.0,0.0
2-3 дня,2026-08-10T16:52:05Z,2026-08-13T07:00:00Z,62.1,0.0,0.0,75.0,0.0,0.0
2-3 дня,2026-08-10T16:52:05Z,2026-08-13T08:00:00Z,63.1,0.0,0.0,50.0,0.0,0.0
2-3 дня,2026-08-10T16:52:05Z,2026-08-13T09:00:00Z,64.1,0.0,0.0,25.0,0.0,0.0
2-3 дня,2026-08-10T16:52:05Z,2026-08-13T10:00:00Z,65.1,0.0,0.0,25.0,0.0,0.0
2-3 дня,2026-08-10T16:52:05Z,2026-08-13T11:00:00Z,66.1,0.0,0.0,12.5,0.0,0.0
2-3 дня,2026-08-10T16:52:05Z,2026-08-13T12:00:00Z,67.1,0.0,0.0,12.5,0.0,0.0
2-3 дня,2026-08-10T16:52:05Z,2026-08-13T13:00:00Z,68.1,0.0,0.0,0.0,0.0,0.0
2-3 дня,2026-08-10T16:52:05Z,2026-08-13T14:00:00Z,69.1,0.0,0.0,0.0,0.0,0.0
2-3 дня,2026-08-10T16:52:05Z,2026-08-13T15:00:00Z,70.1,0.0,0.0,0.0,0.0,0.0
2-3 дня,2026-08-10T16:52:05Z,2026-08-13T16:00:00Z,71.1,0.0,0.0,0.0,0.0,0.0
2-3 дня,2026-08-10T22:47:13Z,2026-08-13T06:00:00Z,55.2,0.0,0.0,75.0,0.0,0.0
2-3 дня,2026-08-10T22:47:13Z,2026-08-13T07:00:00Z,56.2,0.0,0.0,75.0,0.0,0.0
2-3 дня,2026-08-10T22:47:13Z,2026-08-13T08:00:00Z,57.2,0.0,0.0,50.0,0.0,0.0
2-3 дня,2026-08-10T22:47:13Z,2026-08-13T09:00:00Z,58.2,0.0,0.0,25.0,0.0,0.0
2-3 дня,2026-08-10T22:47:13Z,2026-08-13T10:00:00Z,59.2,0.0,0.0,25.0,0.0,0.0
2-3 дня,2026-08-10T22:47:13Z,2026-08-13T11:00:00Z,60.2,0.0,0.0,12.5,0.0,0.0
2-3 дня,2026-08-10T22:47:13Z,2026-08-13T12:00:00Z,61.2,0.0,0.0,12.5,0.0,0.0
2-3 дня,2026-08-10T22:47:13Z,2026-08-13T13:00:00Z,62.2,0.0,0.0,0.0,0.0,0.0
2-3 дня,2026-08-10T22:47:13Z,2026-08-13T14:00:00Z,63.2,0.0,0.0,0.0,0.0,0.0
2-3 дня,2026-08-10T22:47:13Z,2026-08-13T15:00:00Z,64.2,0.0,0.0,0.0,0.0,0.0
2-3 дня,2026-08-10T22:47:13Z,2026-08-13T16:00:00Z,65.2,0.0,0.0,0.0,0.0,0.0
2-3 дня,2026-08-10T22:47:13Z,2026-08-13T17:00:00Z,66.2,0.0,0.0,0.0,0.0,0.0
2-3 дня,2026-08-10T22:47:13Z,2026-08-13T18:00:00Z,67.2,0.0,0.0,0.0,0.0,0.0
2-3 дня,2026-08-11T05:01:49Z,2026-08-13T06:00:00Z,49.0,0.0,0.0,75.0,0.0,0.0
2-3 дня,2026-08-11T05:01:49Z,2026-08-13T07:00:00Z,50.0,0.0,0.0,75.0,0.0,0.0
2-3 дня,2026-08-11T05:01:49Z,2026-08-13T08:00:00Z,51.0,0.0,0.0,50.0,0.0,0.0
2-3 дня,2026-08-11T05:01:49Z,2026-08-13T09:00:00Z,52.0,0.0,0.0,25.0,0.0,0.0
2-3 дня,2026-08-11T05:01:49Z,2026-08-13T10:00:00Z,53.0,0.0,0.0,25.0,0.0,0.0
2-3 дня,2026-08-11T05:01:49Z,2026-08-13T11:00:00Z,54.0,0.0,0.0,12.5,0.0,0.0
2-3 дня,2026-08-11T05:01:49Z,2026-08-13T12:00:00Z,55.0,0.0,0.0,12.5,0.0,0.0
2-3 дня,2026-08-11T05:01:49Z,2026-08-13T13:00:00Z,56.0,0.0,0.0,0.0,0.0,0.0
2-3 дня,2026-08-11T05:01:49Z,2026-08-13T14:00:00Z,57.0,0.0,0.0,0.0,0.0,0.0
2-3 дня,2026-08-11T05:01:49Z,2026-08-13T15:00:00Z,58.0,0.0,0.0,0.0,0.0,0.0
2-3 дня,2026-08-11T05:01:49Z,2026-08-13T16:00:00Z,59.0,0.0,0.0,0.0,0.0,0.0
2-3 дня,2026-08-11T05:01:49Z,2026-08-13T17:00:00Z,60.0,0.0,0.0,0.0,0.0,0.0
2-3 дня,2026-08-11T05:01:49Z,2026-08-13T18:00:00Z,61.0,0.0,0.0,0.0,0.0,0.0
2-3 дня,2026-08-11T10:38:45Z,2026-08-13T11:00:00Z,48.4,0.0,0.0,12.5,0.0,0.0
2-3 дня,2026-08-11T10:38:45Z,2026-08-13T12:00:00Z,49.4,0.0,0.0,12.5,0.0,0.0
2-3 дня,2026-08-11T10:38:45Z,2026-08-13T13:00:00Z,50.4,0.0,0.0,0.0,0.0,0.0
2-3 дня,2026-08-11T10:38:45Z,2026-08-13T14:00:00Z,51.4,0.0,0.0,0.0,0.0,0.0
2-3 дня,2026-08-11T10:38:45Z,2026-08-13T15:00:00Z,52.4,0.0,0.0,0.0,0.0,0.0
2-3 дня,2026-08-11T10:38:45Z,2026-08-13T16:00:00Z,53.4,0.0,0.0,0.0,0.0,0.0
2-3 дня,2026-08-11T10:38:45Z,2026-08-13T17:00:00Z,54.4,0.0,0.0,0.0,0.0,0.0
2-3 дня,2026-08-11T10:38:45Z,2026-08-13T18:00:00Z,55.4,0.0,0.0,0.0,0.0,0.0
2-3 дня,2026-08-11T10:38:45Z,2026-08-14T06:00:00Z,67.4,0.0,0.0,0.0,0.0,0.0
2-3 дня,2026-08-11T10:38:45Z,2026-08-14T07:00:00Z,68.4,0.0,0.0,0.0,0.0,0.0
2-3 дня,2026-08-11T10:38:45Z,2026-08-14T08:00:00Z,69.4,0.0,0.0,0.0,0.0,0.0
2-3 дня,2026-08-11T10:38:45Z,2026-08-14T09:00:00Z,70.4,0.0,0.0,0.0,0.0,0.0
2-3 дня,2026-08-11T10:38:45Z,2026-08-14T10:00:00Z,71.4,0.0,0.0,0.0,0.0,0.0
2-3 дня,2026-08-12T06:05:22Z,2026-08-14T07:00:00Z,48.9,0.0,0.0,0.0,0.0,0.0
2-3 дня,2026-08-12T06:05:22Z,2026-08-14T08:00:00Z,49.9,0.0,0.0,0.0,0.0,0.0
2-3 дня,2026-08-12T06:05:22Z,2026-08-14T09:00:00Z,50.9,0.0,0.0,0.0,0.0,0.0
2-3 дня,2026-08-12T06:05:22Z,2026-08-14T10:00:00Z,51.9,0.0,0.0,0.0,0.0,0.0
2-3 дня,2026-08-12T06:05:22Z,2026-08-14T11:00:00Z,52.9,0.0,25.0,0.0,-25.0,25.0
2-3 дня,2026-08-12T06:05:22Z,2026-08-14T12:00:00Z,53.9,0.0,25.0,0.0,-25.0,25.0
2-3 дня,2026-08-12T06:05:22Z,2026-08-14T13:00:00Z,54.9,0.0,25.0,0.0,-25.0,25.0
2-3 дня,2026-08-12T06:05:22Z,2026-08-14T14:00:00Z,55.9,1.0,25.0,0.0,-24.0,24.0
2-3 дня,2026-08-12T06:05:22Z,2026-08-14T15:00:00Z,56.9,1.0,12.5,0.0,-11.5,11.5
2-3 дня,2026-08-12T06:05:22Z,2026-08-14T16:00:00Z,57.9,1.0,12.5,0.0,-11.5,11.5
2-3 дня,2026-08-12T06:05:22Z,2026-08-14T17:00:00Z,58.9,0.0,12.5,0.0,-12.5,12.5
2-3 дня,2026-08-12T06:05:22Z,2026-08-14T18:00:00Z,59.9,0.0,25.0,0.0,-25.0,25.0
2-3 дня,2026-08-12T06:05:22Z,2026-08-15T06:00:00Z,71.9,0.0,0.0,0.0,0.0,0.0
2-3 дня,2026-08-12T10:47:03Z,2026-08-14T11:00:00Z,48.2,1.0,25.0,0.0,-24.0,24.0
2-3 дня,2026-08-12T10:47:03Z,2026-08-14T12:00:00Z,49.2,2.0,25.0,0.0,-23.0,23.0
2-3 дня,2026-08-12T10:47:03Z,2026-08-14T13:00:00Z,50.2,3.0,25.0,0.0,-22.0,22.0
2-3 дня,2026-08-12T10:47:03Z,2026-08-14T14:00:00Z,51.2,5.0,25.0,0.0,-20.0,20.0
2-3 дня,2026-08-12T10:47:03Z,2026-08-14T15:00:00Z,52.2,7.0,12.5,0.0,-5.5,5.5
2-3 дня,2026-08-12T10:47:03Z,2026-08-14T16:00:00Z,53.2,10.0,12.5,0.0,-2.5,2.5
2-3 дня,2026-08-12T10:47:03Z,2026-08-14T17:00:00Z,54.2,13.0,12.5,0.0,0.5,0.5
2-3 дня,2026-08-12T10:47:03Z,2026-08-14T18:00:00Z,55.2,14.0,25.0,0.0,-11.0,11.0
2-3 дня,2026-08-12T10:47:03Z,2026-08-15T06:00:00Z,67.2,0.0,0.0,0.0,0.0,0.0
2-3 дня,2026-08-12T10:47:03Z,2026-08-15T07:00:00Z,68.2,0.0,0.0,0.0,0.0,0.0
2-3 дня,2026-08-12T10:47:03Z,2026-08-15T08:00:00Z,69.2,0.0,0.0,0.0,0.0,0.0
2-3 дня,2026-08-12T10:47:03Z,2026-08-15T09:00:00Z,70.2,0.0,0.0,0.0,0.0,0.0
2-3 дня,2026-08-12T10:47:03Z,2026-08-15T10:00:00Z,71.2,0.0,0.0,0.0,0.0,0.0
2-3 дня,2026-08-12T16:54:57Z,2026-08-14T17:00:00Z,48.1,9.0,12.5,0.0,-3.5,3.5
2-3 дня,2026-08-12T16:54:57Z,2026-08-14T18:00:00Z,49.1,8.0,25.0,0.0,-17.0,17.0
2-3 дня,2026-08-12T16:54:57Z,2026-08-15T06:00:00Z,61.1,0.0,0.0,0.0,0.0,0.0
2-3 дня,2026-08-12T16:54:57Z,2026-08-15T07:00:00Z,62.1,0.0,0.0,0.0,0.0,0.0
2-3 дня,2026-08-12T16:54:57Z,2026-08-15T08:00:00Z,63.1,0.0,0.0,0.0,0.0,0.0
2-3 дня,2026-08-12T16:54:57Z,2026-08-15T09:00:00Z,64.1,0.0,0.0,0.0,0.0,0.0
2-3 дня,2026-08-12T16:54:57Z,2026-08-15T10:00:00Z,65.1,0.0,0.0,0.0,0.0,0.0
2-3 дня,2026-08-12T16:54:57Z,2026-08-15T11:00:00Z,66.1,0.0,0.0,25.0,0.0,0.0
2-3 дня,2026-08-12T16:54:57Z,2026-08-15T12:00:00Z,67.1,0.0,0.0,25.0,0.0,0.0
2-3 дня,2026-08-12T16:54:57Z,2026-08-15T13:00:00Z,68.1,0.0,0.0,25.0,0.0,0.0
2-3 дня,2026-08-12T16:54:57Z,2026-08-15T14:00:00Z,69.1,0.0,0.0,25.0,0.0,0.0
2-3 дня,2026-08-12T16:54:57Z,2026-08-15T15:00:00Z,70.1,0.0,0.0,12.5,0.0,0.0
2-3 дня,2026-08-12T16:54:57Z,2026-08-15T16:00:00Z,71.1,0.0,0.0,12.5,0.0,0.0
2-3 дня,2026-08-12T22:50:47Z,2026-08-15T06:00:00Z,55.2,0.0,0.0,0.0,0.0,0.0
2-3 дня,2026-08-12T22:50:47Z,2026-08-15T07:00:00Z,56.2,0.0,0.0,0.0,0.0,0.0
2-3 дня,2026-08-12T22:50:47Z,2026-08-15T08:00:00Z,57.2,0.0,0.0,0.0,0.0,0.0
2-3 дня,2026-08-12T22:50:47Z,2026-08-15T09:00:00Z,58.2,0.0,0.0,0.0,0.0,0.0
2-3 дня,2026-08-12T22:50:47Z,2026-08-15T10:00:00Z,59.2,0.0,0.0,0.0,0.0,0.0
2-3 дня,2026-08-12T22:50:47Z,2026-08-15T11:00:00Z,60.2,0.0,0.0,25.0,0.0,0.0
2-3 дня,2026-08-12T22:50:47Z,2026-08-15T12:00:00Z,61.2,0.0,0.0,25.0,0.0,0.0
2-3 дня,2026-08-12T22:50:47Z,2026-08-15T13:00:00Z,62.2,0.0,0.0,25.0,0.0,0.0
2-3 дня,2026-08-12T22:50:47Z,2026-08-15T14:00:00Z,63.2,0.0,0.0,25.0,0.0,0.0
2-3 дня,2026-08-12T22:50:47Z,2026-08-15T15:00:00Z,64.2,0.0,0.0,12.5,0.0,0.0
2-3 дня,2026-08-12T22:50:47Z,2026-08-15T16:00:00Z,65.2,0.0,0.0,12.5,0.0,0.0
2-3 дня,2026-08-12T22:50:47Z,2026-08-15T17:00:00Z,66.2,0.0,0.0,12.5,0.0,0.0
2-3 дня,2026-08-12T22:50:47Z,2026-08-15T18:00:00Z,67.2,0.0,0.0,25.0,0.0,0.0
2-3 дня,2026-08-13T05:30:08Z,2026-08-15T06:00:00Z,48.5,0.0,0.0,0.0,0.0,0.0
2-3 дня,2026-08-13T05:30:08Z,2026-08-15T07:00:00Z,49.5,0.0,0.0,0.0,0.0,0.0
2-3 дня,2026-08-13T05:30:08Z,2026-08-15T08:00:00Z,50.5,0.0,0.0,0.0,0.0,0.0
2-3 дня,2026-08-13T05:30:08Z,2026-08-15T09:00:00Z,51.5,0.0,0.0,0.0,0.0,0.0
2-3 дня,2026-08-13T05:30:08Z,2026-08-15T10:00:00Z,52.5,0.0,0.0,0.0,0.0,0.0
2-3 дня,2026-08-13T05:30:08Z,2026-08-15T11:00:00Z,53.5,0.0,0.0,25.0,0.0,0.0
2-3 дня,2026-08-13T05:30:08Z,2026-08-15T12:00:00Z,54.5,0.0,0.0,25.0,0.0,0.0
2-3 дня,2026-08-13T05:30:08Z,2026-08-15T13:00:00Z,55.5,0.0,0.0,25.0,0.0,0.0
2-3 дня,2026-08-13T05:30:08Z,2026-08-15T14:00:00Z,56.5,0.0,0.0,25.0,0.0,0.0
2-3 дня,2026-08-13T05:30:08Z,2026-08-15T15:00:00Z,57.5,0.0,0.0,12.5,0.0,0.0
2-3 дня,2026-08-13T05:30:08Z,2026-08-15T16:00:00Z,58.5,0.0,0.0,12.5,0.0,0.0
2-3 дня,2026-08-13T05:30:08Z,2026-08-15T17:00:00Z,59.5,0.0,0.0,12.5,0.0,0.0
2-3 дня,2026-08-13T05:30:08Z,2026-08-15T18:00:00Z,60.5,0.0,0.0,25.0,0.0,0.0
2-3 дня,2026-08-13T10:49:01Z,2026-08-15T11:00:00Z,48.2,0.0,0.0,25.0,0.0,0.0
2-3 дня,2026-08-13T10:49:01Z,2026-08-15T12:00:00Z,49.2,0.0,0.0,25.0,0.0,0.0
2-3 дня,2026-08-13T10:49:01Z,2026-08-15T13:00:00Z,50.2,0.0,0.0,25.0,0.0,0.0
2-3 дня,2026-08-13T10:49:01Z,2026-08-15T14:00:00Z,51.2,0.0,0.0,25.0,0.0,0.0
2-3 дня,2026-08-13T10:49:01Z,2026-08-15T15:00:00Z,52.2,0.0,0.0,12.5,0.0,0.0
2-3 дня,2026-08-13T10:49:01Z,2026-08-15T16:00:00Z,53.2,0.0,0.0,12.5,0.0,0.0
2-3 дня,2026-08-13T10:49:01Z,2026-08-15T17:00:00Z,54.2,0.0,0.0,12.5,0.0,0.0
2-3 дня,2026-08-13T10:49:01Z,2026-08-15T18:00:00Z,55.2,0.0,0.0,25.0,0.0,0.0
2-3 дня,2026-08-13T10:49:01Z,2026-08-16T06:00:00Z,67.2,0.0,0.0,0.0,0.0,0.0
2-3 дня,2026-08-13T10:49:01Z,2026-08-16T07:00:00Z,68.2,0.0,0.0,0.0,0.0,0.0
2-3 дня,2026-08-13T10:49:01Z,2026-08-16T08:00:00Z,69.2,0.0,0.0,0.0,0.0,0.0
2-3 дня,2026-08-13T10:49:01Z,2026-08-16T09:00:00Z,70.2,0.0,0.0,0.0,0.0,0.0
2-3 дня,2026-08-13T10:49:01Z,2026-08-16T10:00:00Z,71.2,0.0,0.0,0.0,0.0,0.0
2-3 дня,2026-08-13T16:36:10Z,2026-08-15T17:00:00Z,48.4,0.0,0.0,12.5,0.0,0.0
2-3 дня,2026-08-13T16:36:10Z,2026-08-15T18:00:00Z,49.4,0.0,0.0,25.0,0.0,0.0
2-3 дня,2026-08-13T16:36:10Z,2026-08-16T06:00:00Z,61.4,0.0,0.0,0.0,0.0,0.0
2-3 дня,2026-08-13T16:36:10Z,2026-08-16T07:00:00Z,62.4,0.0,0.0,0.0,0.0,0.0
2-3 дня,2026-08-13T16:36:10Z,2026-08-16T08:00:00Z,63.4,0.0,0.0,0.0,0.0,0.0
2-3 дня,2026-08-13T16:36:10Z,2026-08-16T09:00:00Z,64.4,0.0,0.0,0.0,0.0,0.0
2-3 дня,2026-08-13T16:36:10Z,2026-08-16T10:00:00Z,65.4,0.0,0.0,0.0,0.0,0.0
2-3 дня,2026-08-13T16:36:10Z,2026-08-16T11:00:00Z,66.4,0.0,0.0,0.0,0.0,0.0
2-3 дня,2026-08-13T16:36:10Z,2026-08-16T12:00:00Z,67.4,0.0,0.0,0.0,0.0,0.0
2-3 дня,2026-08-13T16:36:10Z,2026-08-16T13:00:00Z,68.4,0.0,0.0,0.0,0.0,0.0
2-3 дня,2026-08-13T16:36:10Z,2026-08-16T14:00:00Z,69.4,0.0,0.0,0.0,0.0,0.0
2-3 дня,2026-08-13T16:36:10Z,2026-08-16T15:00:00Z,70.4,0.0,0.0,0.0,0.0,0.0
2-3 дня,2026-08-13T16:36:10Z,2026-08-16T16:00:00Z,71.4,0.0,0.0,0.0,0.0,0.0
2-3 дня,2026-08-13T16:42:24Z,2026-08-15T17:00:00Z,48.3,0.0,0.0,12.5,0.0,0.0
2-3 дня,2026-08-13T16:42:24Z,2026-08-15T18:00:00Z,49.3,0.0,0.0,25.0,0.0,0.0
2-3 дня,2026-08-13T16:42:24Z,2026-08-16T06:00:00Z,61.3,0.0,0.0,0.0,0.0,0.0
2-3 дня,2026-08-13T16:42:24Z,2026-08-16T07:00:00Z,62.3,0.0,0.0,0.0,0.0,0.0
2-3 дня,2026-08-13T16:42:24Z,2026-08-16T08:00:00Z,63.3,0.0,0.0,0.0,0.0,0.0
2-3 дня,2026-08-13T16:42:24Z,2026-08-16T09:00:00Z,64.3,0.0,0.0,0.0,0.0,0.0
2-3 дня,2026-08-13T16:42:24Z,2026-08-16T10:00:00Z,65.3,0.0,0.0,0.0,0.0,0.0
2-3 дня,2026-08-13T16:42:24Z,2026-08-16T11:00:00Z,66.3,0.0,0.0,0.0,0.0,0.0
2-3 дня,2026-08-13T16:42:24Z,2026-08-16T12:00:00Z,67.3,0.0,0.0,0.0,0.0,0.0
2-3 дня,2026-08-13T16:42:24Z,2026-08-16T13:00:00Z,68.3,0.0,0.0,0.0,0.0,0.0
2-3 дня,2026-08-13T16:42:24Z,2026-08-16T14:00:00Z,69.3,0.0,0.0,0.0,0.0,0.0
2-3 дня,2026-08-13T16:42:24Z,2026-08-16T15:00:00Z,70.3,0.0,0.0,0.0,0.0,0.0
2-3 дня,2026-08-13T16:42:24Z,2026-08-16T16:00:00Z,71.3,0.0,0.0,0.0,0.0,0.0
2-3 дня,2026-08-13T16:54:22Z,2026-08-15T17:00:00Z,48.1,0.0,0.0,12.5,0.0,0.0
2-3 дня,2026-08-13T16:54:22Z,2026-08-15T18:00:00Z,49.1,0.0,0.0,25.0,0.0,0.0
2-3 дня,2026-08-13T16:54:22Z,2026-08-16T06:00:00Z,61.1,0.0,0.0,0.0,0.0,0.0
2-3 дня,2026-08-13T16:54:22Z,2026-08-16T07:00:00Z,62.1,0.0,0.0,0.0,0.0,0.0
2-3 дня,2026-08-13T16:54:22Z,2026-08-16T08:00:00Z,63.1,0.0,0.0,0.0,0.0,0.0
2-3 дня,2026-08-13T16:54:22Z,2026-08-16T09:00:00Z,64.1,0.0,0.0,0.0,0.0,0.0
2-3 дня,2026-08-13T16:54:22Z,2026-08-16T10:00:00Z,65.1,0.0,0.0,0.0,0.0,0.0
2-3 дня,2026-08-13T16:54:22Z,2026-08-16T11:00:00Z,66.1,0.0,0.0,0.0,0.0,0.0
2-3 дня,2026-08-13T16:54:22Z,2026-08-16T12:00:00Z,67.1,0.0,0.0,0.0,0.0,0.0
2-3 дня,2026-08-13T16:54:22Z,2026-08-16T13:00:00Z,68.1,0.0,0.0,0.0,0.0,0.0
2-3 дня,2026-08-13T16:54:22Z,2026-08-16T14:00:00Z,69.1,0.0,0.0,0.0,0.0,0.0
2-3 дня,2026-08-13T16:54:22Z,2026-08-16T15:00:00Z,70.1,0.0,0.0,0.0,0.0,0.0
2-3 дня,2026-08-13T16:54:22Z,2026-08-16T16:00:00Z,71.1,0.0,0.0,0.0,0.0,0.0
2-3 дня,2026-08-13T22:52:17Z,2026-08-16T06:00:00Z,55.1,0.0,0.0,0.0,0.0,0.0
2-3 дня,2026-08-13T22:52:17Z,2026-08-16T07:00:00Z,56.1,0.0,0.0,0.0,0.0,0.0
2-3 дня,2026-08-13T22:52:17Z,2026-08-16T08:00:00Z,57.1,0.0,0.0,0.0,0.0,0.0
2-3 дня,2026-08-13T22:52:17Z,2026-08-16T09:00:00Z,58.1,0.0,0.0,0.0,0.0,0.0
2-3 дня,2026-08-13T22:52:17Z,2026-08-16T10:00:00Z,59.1,0.0,0.0,0.0,0.0,0.0
2-3 дня,2026-08-13T22:52:17Z,2026-08-16T11:00:00Z,60.1,0.0,0.0,0.0,0.0,0.0
2-3 дня,2026-08-13T22:52:17Z,2026-08-16T12:00:00Z,61.1,0.0,0.0,0.0,0.0,0.0
2-3 дня,2026-08-13T22:52:17Z,2026-08-16T13:00:00Z,62.1,0.0,0.0,0.0,0.0,0.0
2-3 дня,2026-08-13T22:52:17Z,2026-08-16T14:00:00Z,63.1,0.0,0.0,0.0,0.0,0.0
2-3 дня,2026-08-13T22:52:17Z,2026-08-16T15:00:00Z,64.1,0.0,0.0,0.0,0.0,0.0
2-3 дня,2026-08-13T22:52:17Z,2026-08-16T16:00:00Z,65.1,0.0,0.0,0.0,0.0,0.0
2-3 дня,2026-08-13T22:52:17Z,2026-08-16T17:00:00Z,66.1,0.0,0.0,0.0,0.0,0.0
2-3 дня,2026-08-13T22:52:17Z,2026-08-16T18:00:00Z,67.1,0.0,0.0,0.0,0.0,0.0
2-3 дня,2026-08-14T05:28:14Z,2026-08-16T06:00:00Z,48.5,0.0,0.0,0.0,0.0,0.0
2-3 дня,2026-08-14T05:28:14Z,2026-08-16T07:00:00Z,49.5,0.0,0.0,0.0,0.0,0.0
2-3 дня,2026-08-14T05:28:14Z,2026-08-16T08:00:00Z,50.5,0.0,0.0,0.0,0.0,0.0
2-3 дня,2026-08-14T05:28:14Z,2026-08-16T09:00:00Z,51.5,0.0,0.0,0.0,0.0,0.0
2-3 дня,2026-08-14T05:28:14Z,2026-08-16T10:00:00Z,52.5,0.0,0.0,0.0,0.0,0.0
2-3 дня,2026-08-14T05:28:14Z,2026-08-16T11:00:00Z,53.5,0.0,0.0,0.0,0.0,0.0
2-3 дня,2026-08-14T05:28:14Z,2026-08-16T12:00:00Z,54.5,0.0,0.0,0.0,0.0,0.0
2-3 дня,2026-08-14T05:28:14Z,2026-08-16T13:00:00Z,55.5,0.0,0.0,0.0,0.0,0.0
2-3 дня,2026-08-14T05:28:14Z,2026-08-16T14:00:00Z,56.5,0.0,0.0,0.0,0.0,0.0
2-3 дня,2026-08-14T05:28:14Z,2026-08-16T15:00:00Z,57.5,0.0,0.0,0.0,0.0,0.0
2-3 дня,2026-08-14T05:28:14Z,2026-08-16T16:00:00Z,58.5,0.0,0.0,0.0,0.0,0.0
2-3 дня,2026-08-14T05:28:14Z,2026-08-16T17:00:00Z,59.5,0.0,0.0,0.0,0.0,0.0
2-3 дня,2026-08-14T05:28:14Z,2026-08-16T18:00:00Z,60.5,0.0,0.0,0.0,0.0,0.0
2-3 дня,2026-08-14T10:44:54Z,2026-08-16T11:00:00Z,48.3,0.0,0.0,0.0,0.0,0.0
2-3 дня,2026-08-14T10:44:54Z,2026-08-16T12:00:00Z,49.3,0.0,0.0,0.0,0.0,0.0
2-3 дня,2026-08-14T10:44:54Z,2026-08-16T13:00:00Z,50.3,0.0,0.0,0.0,0.0,0.0
2-3 дня,2026-08-14T10:44:54Z,2026-08-16T14:00:00Z,51.3,0.0,0.0,0.0,0.0,0.0
2-3 дня,2026-08-14T10:44:54Z,2026-08-16T15:00:00Z,52.3,0.0,0.0,0.0,0.0,0.0
2-3 дня,2026-08-14T10:44:54Z,2026-08-16T16:00:00Z,53.3,0.0,0.0,0.0,0.0,0.0
2-3 дня,2026-08-14T10:44:54Z,2026-08-16T17:00:00Z,54.3,0.0,0.0,0.0,0.0,0.0
2-3 дня,2026-08-14T10:44:54Z,2026-08-16T18:00:00Z,55.3,0.0,0.0,0.0,0.0,0.0
2-3 дня,2026-08-14T16:48:33Z,2026-08-16T17:00:00Z,48.2,0.0,0.0,0.0,0.0,0.0
2-3 дня,2026-08-14T16:48:33Z,2026-08-16T18:00:00Z,49.2,0.0,0.0,0.0,0.0,0.0
3-5 дней,2026-08-06T09:50:07Z,2026-08-09T10:00:00Z,72.2,0.0,0.0,0.0,0.0,0.0
3-5 дней,2026-08-06T09:50:07Z,2026-08-09T11:00:00Z,73.2,0.0,0.0,12.5,0.0,0.0
3-5 дней,2026-08-06T09:50:07Z,2026-08-09T12:00:00Z,74.2,0.0,12.5,12.5,-12.5,12.5
3-5 дней,2026-08-06T09:50:07Z,2026-08-09T13:00:00Z,75.2,0.0,12.5,12.5,-12.5,12.5
3-5 дней,2026-08-06T09:50:07Z,2026-08-09T14:00:00Z,76.2,0.0,0.0,12.5,0.0,0.0
3-5 дней,2026-08-06T09:50:07Z,2026-08-09T15:00:00Z,77.2,0.0,0.0,12.5,0.0,0.0
3-5 дней,2026-08-06T09:50:07Z,2026-08-09T16:00:00Z,78.2,0.0,0.0,0.0,0.0,0.0
3-5 дней,2026-08-06T09:50:07Z,2026-08-09T17:00:00Z,79.2,0.0,0.0,0.0,0.0,0.0
3-5 дней,2026-08-06T09:50:07Z,2026-08-09T18:00:00Z,80.2,0.0,0.0,0.0,0.0,0.0
3-5 дней,2026-08-06T09:50:07Z,2026-08-10T06:00:00Z,92.2,0.0,0.0,0.0,0.0,0.0
3-5 дней,2026-08-06T09:50:07Z,2026-08-10T07:00:00Z,93.2,0.0,0.0,0.0,0.0,0.0
3-5 дней,2026-08-06T09:50:07Z,2026-08-10T08:00:00Z,94.2,0.0,0.0,0.0,0.0,0.0
3-5 дней,2026-08-06T09:50:07Z,2026-08-10T09:00:00Z,95.2,0.0,0.0,0.0,0.0,0.0
3-5 дней,2026-08-06T09:50:07Z,2026-08-10T10:00:00Z,96.2,0.0,0.0,0.0,0.0,0.0
3-5 дней,2026-08-06T09:50:07Z,2026-08-10T11:00:00Z,97.2,0.0,12.5,0.0,-12.5,12.5
3-5 дней,2026-08-06T09:50:07Z,2026-08-10T12:00:00Z,98.2,0.0,0.0,12.5,0.0,0.0
3-5 дней,2026-08-06T09:50:07Z,2026-08-10T13:00:00Z,99.2,0.0,0.0,12.5,0.0,0.0
3-5 дней,2026-08-06T09:50:07Z,2026-08-10T14:00:00Z,100.2,0.0,0.0,0.0,0.0,0.0
3-5 дней,2026-08-06T09:50:07Z,2026-08-10T15:00:00Z,101.2,0.0,0.0,0.0,0.0,0.0
3-5 дней,2026-08-06T09:50:07Z,2026-08-10T16:00:00Z,102.2,0.0,0.0,0.0,0.0,0.0
3-5 дней,2026-08-06T09:50:07Z,2026-08-10T17:00:00Z,103.2,0.0,0.0,0.0,0.0,0.0
3-5 дней,2026-08-06T09:50:07Z,2026-08-10T18:00:00Z,104.2,0.0,0.0,0.0,0.0,0.0
3-5 дней,2026-08-06T09:50:07Z,2026-08-11T06:00:00Z,116.2,0.0,0.0,0.0,0.0,0.0
3-5 дней,2026-08-06T09:50:07Z,2026-08-11T07:00:00Z,117.2,0.0,0.0,0.0,0.0,0.0
3-5 дней,2026-08-06T09:50:07Z,2026-08-11T08:00:00Z,118.2,0.0,0.0,0.0,0.0,0.0
3-5 дней,2026-08-06T09:50:07Z,2026-08-11T09:00:00Z,119.2,0.0,0.0,0.0,0.0,0.0
3-5 дней,2026-08-06T09:59:18Z,2026-08-09T10:00:00Z,72.0,0.0,0.0,0.0,0.0,0.0
3-5 дней,2026-08-06T09:59:18Z,2026-08-09T11:00:00Z,73.0,0.0,0.0,12.5,0.0,0.0
3-5 дней,2026-08-06T09:59:18Z,2026-08-09T12:00:00Z,74.0,0.0,12.5,12.5,-12.5,12.5
3-5 дней,2026-08-06T09:59:18Z,2026-08-09T13:00:00Z,75.0,0.0,12.5,12.5,-12.5,12.5
3-5 дней,2026-08-06T09:59:18Z,2026-08-09T14:00:00Z,76.0,0.0,0.0,12.5,0.0,0.0
3-5 дней,2026-08-06T09:59:18Z,2026-08-09T15:00:00Z,77.0,0.0,0.0,12.5,0.0,0.0
3-5 дней,2026-08-06T09:59:18Z,2026-08-09T16:00:00Z,78.0,0.0,0.0,0.0,0.0,0.0
3-5 дней,2026-08-06T09:59:18Z,2026-08-09T17:00:00Z,79.0,0.0,0.0,0.0,0.0,0.0
3-5 дней,2026-08-06T09:59:18Z,2026-08-09T18:00:00Z,80.0,0.0,0.0,0.0,0.0,0.0
3-5 дней,2026-08-06T09:59:18Z,2026-08-10T06:00:00Z,92.0,0.0,0.0,0.0,0.0,0.0
3-5 дней,2026-08-06T09:59:18Z,2026-08-10T07:00:00Z,93.0,0.0,0.0,0.0,0.0,0.0
3-5 дней,2026-08-06T09:59:18Z,2026-08-10T08:00:00Z,94.0,0.0,0.0,0.0,0.0,0.0
3-5 дней,2026-08-06T09:59:18Z,2026-08-10T09:00:00Z,95.0,0.0,0.0,0.0,0.0,0.0
3-5 дней,2026-08-06T09:59:18Z,2026-08-10T10:00:00Z,96.0,0.0,0.0,0.0,0.0,0.0
3-5 дней,2026-08-06T09:59:18Z,2026-08-10T11:00:00Z,97.0,0.0,12.5,0.0,-12.5,12.5
3-5 дней,2026-08-06T09:59:18Z,2026-08-10T12:00:00Z,98.0,0.0,0.0,12.5,0.0,0.0
3-5 дней,2026-08-06T09:59:18Z,2026-08-10T13:00:00Z,99.0,0.0,0.0,12.5,0.0,0.0
3-5 дней,2026-08-06T09:59:18Z,2026-08-10T14:00:00Z,100.0,0.0,0.0,0.0,0.0,0.0
3-5 дней,2026-08-06T09:59:18Z,2026-08-10T15:00:00Z,101.0,0.0,0.0,0.0,0.0,0.0
3-5 дней,2026-08-06T09:59:18Z,2026-08-10T16:00:00Z,102.0,0.0,0.0,0.0,0.0,0.0
3-5 дней,2026-08-06T09:59:18Z,2026-08-10T17:00:00Z,103.0,0.0,0.0,0.0,0.0,0.0
3-5 дней,2026-08-06T09:59:18Z,2026-08-10T18:00:00Z,104.0,0.0,0.0,0.0,0.0,0.0
3-5 дней,2026-08-06T09:59:18Z,2026-08-11T06:00:00Z,116.0,0.0,0.0,0.0,0.0,0.0
3-5 дней,2026-08-06T09:59:18Z,2026-08-11T07:00:00Z,117.0,0.0,0.0,0.0,0.0,0.0
3-5 дней,2026-08-06T09:59:18Z,2026-08-11T08:00:00Z,118.0,0.0,0.0,0.0,0.0,0.0
3-5 дней,2026-08-06T09:59:18Z,2026-08-11T09:00:00Z,119.0,0.0,0.0,0.0,0.0,0.0
3-5 дней,2026-08-06T10:08:26Z,2026-08-09T11:00:00Z,72.9,0.0,0.0,12.5,0.0,0.0
3-5 дней,2026-08-06T10:08:26Z,2026-08-09T12:00:00Z,73.9,0.0,12.5,12.5,-12.5,12.5
3-5 дней,2026-08-06T10:08:26Z,2026-08-09T13:00:00Z,74.9,0.0,12.5,12.5,-12.5,12.5
3-5 дней,2026-08-06T10:08:26Z,2026-08-09T14:00:00Z,75.9,0.0,0.0,12.5,0.0,0.0
3-5 дней,2026-08-06T10:08:26Z,2026-08-09T15:00:00Z,76.9,0.0,0.0,12.5,0.0,0.0
3-5 дней,2026-08-06T10:08:26Z,2026-08-09T16:00:00Z,77.9,0.0,0.0,0.0,0.0,0.0
3-5 дней,2026-08-06T10:08:26Z,2026-08-09T17:00:00Z,78.9,0.0,0.0,0.0,0.0,0.0
3-5 дней,2026-08-06T10:08:26Z,2026-08-09T18:00:00Z,79.9,0.0,0.0,0.0,0.0,0.0
3-5 дней,2026-08-06T10:08:26Z,2026-08-10T06:00:00Z,91.9,0.0,0.0,0.0,0.0,0.0
3-5 дней,2026-08-06T10:08:26Z,2026-08-10T07:00:00Z,92.9,0.0,0.0,0.0,0.0,0.0
3-5 дней,2026-08-06T10:08:26Z,2026-08-10T08:00:00Z,93.9,0.0,0.0,0.0,0.0,0.0
3-5 дней,2026-08-06T10:08:26Z,2026-08-10T09:00:00Z,94.9,0.0,0.0,0.0,0.0,0.0
3-5 дней,2026-08-06T10:08:26Z,2026-08-10T10:00:00Z,95.9,0.0,0.0,0.0,0.0,0.0
3-5 дней,2026-08-06T10:08:26Z,2026-08-10T11:00:00Z,96.9,0.0,12.5,0.0,-12.5,12.5
3-5 дней,2026-08-06T10:08:26Z,2026-08-10T12:00:00Z,97.9,0.0,0.0,12.5,0.0,0.0
3-5 дней,2026-08-06T10:08:26Z,2026-08-10T13:00:00Z,98.9,0.0,0.0,12.5,0.0,0.0
3-5 дней,2026-08-06T10:08:26Z,2026-08-10T14:00:00Z,99.9,0.0,0.0,0.0,0.0,0.0
3-5 дней,2026-08-06T10:08:26Z,2026-08-10T15:00:00Z,100.9,0.0,0.0,0.0,0.0,0.0
3-5 дней,2026-08-06T10:08:26Z,2026-08-10T16:00:00Z,101.9,0.0,0.0,0.0,0.0,0.0
3-5 дней,2026-08-06T10:08:26Z,2026-08-10T17:00:00Z,102.9,0.0,0.0,0.0,0.0,0.0
3-5 дней,2026-08-06T10:08:26Z,2026-08-10T18:00:00Z,103.9,0.0,0.0,0.0,0.0,0.0
3-5 дней,2026-08-06T10:08:26Z,2026-08-11T06:00:00Z,115.9,0.0,0.0,0.0,0.0,0.0
3-5 дней,2026-08-06T10:08:26Z,2026-08-11T07:00:00Z,116.9,0.0,0.0,0.0,0.0,0.0
3-5 дней,2026-08-06T10:08:26Z,2026-08-11T08:00:00Z,117.9,0.0,0.0,0.0,0.0,0.0
3-5 дней,2026-08-06T10:08:26Z,2026-08-11T09:00:00Z,118.9,0.0,0.0,0.0,0.0,0.0
3-5 дней,2026-08-06T10:08:26Z,2026-08-11T10:00:00Z,119.9,0.0,0.0,0.0,0.0,0.0
3-5 дней,2026-08-06T10:47:54Z,2026-08-09T11:00:00Z,72.2,0.0,0.0,12.5,0.0,0.0
3-5 дней,2026-08-06T10:47:54Z,2026-08-09T12:00:00Z,73.2,0.0,12.5,12.5,-12.5,12.5
3-5 дней,2026-08-06T10:47:54Z,2026-08-09T13:00:00Z,74.2,0.0,12.5,12.5,-12.5,12.5
3-5 дней,2026-08-06T10:47:54Z,2026-08-09T14:00:00Z,75.2,0.0,0.0,12.5,0.0,0.0
3-5 дней,2026-08-06T10:47:54Z,2026-08-09T15:00:00Z,76.2,0.0,0.0,12.5,0.0,0.0
3-5 дней,2026-08-06T10:47:54Z,2026-08-09T16:00:00Z,77.2,0.0,0.0,0.0,0.0,0.0
3-5 дней,2026-08-06T10:47:54Z,2026-08-09T17:00:00Z,78.2,0.0,0.0,0.0,0.0,0.0
3-5 дней,2026-08-06T10:47:54Z,2026-08-09T18:00:00Z,79.2,0.0,0.0,0.0,0.0,0.0
3-5 дней,2026-08-06T10:47:54Z,2026-08-10T06:00:00Z,91.2,0.0,0.0,0.0,0.0,0.0
3-5 дней,2026-08-06T10:47:54Z,2026-08-10T07:00:00Z,92.2,0.0,0.0,0.0,0.0,0.0
3-5 дней,2026-08-06T10:47:54Z,2026-08-10T08:00:00Z,93.2,0.0,0.0,0.0,0.0,0.0
3-5 дней,2026-08-06T10:47:54Z,2026-08-10T09:00:00Z,94.2,0.0,0.0,0.0,0.0,0.0
3-5 дней,2026-08-06T10:47:54Z,2026-08-10T10:00:00Z,95.2,0.0,0.0,0.0,0.0,0.0
3-5 дней,2026-08-06T10:47:54Z,2026-08-10T11:00:00Z,96.2,0.0,12.5,0.0,-12.5,12.5
3-5 дней,2026-08-06T10:47:54Z,2026-08-10T12:00:00Z,97.2,0.0,0.0,12.5,0.0,0.0
3-5 дней,2026-08-06T10:47:54Z,2026-08-10T13:00:00Z,98.2,0.0,0.0,12.5,0.0,0.0
3-5 дней,2026-08-06T10:47:54Z,2026-08-10T14:00:00Z,99.2,0.0,0.0,0.0,0.0,0.0
3-5 дней,2026-08-06T10:47:54Z,2026-08-10T15:00:00Z,100.2,0.0,0.0,0.0,0.0,0.0
3-5 дней,2026-08-06T10:47:54Z,2026-08-10T16:00:00Z,101.2,0.0,0.0,0.0,0.0,0.0
3-5 дней,2026-08-06T10:47:54Z,2026-08-10T17:00:00Z,102.2,0.0,0.0,0.0,0.0,0.0
3-5 дней,2026-08-06T10:47:54Z,2026-08-10T18:00:00Z,103.2,0.0,0.0,0.0,0.0,0.0
3-5 дней,2026-08-06T10:47:54Z,2026-08-11T06:00:00Z,115.2,0.0,0.0,0.0,0.0,0.0
3-5 дней,2026-08-06T10:47:54Z,2026-08-11T07:00:00Z,116.2,0.0,0.0,0.0,0.0,0.0
3-5 дней,2026-08-06T10:47:54Z,2026-08-11T08:00:00Z,117.2,0.0,0.0,0.0,0.0,0.0
3-5 дней,2026-08-06T10:47:54Z,2026-08-11T09:00:00Z,118.2,0.0,0.0,0.0,0.0,0.0
3-5 дней,2026-08-06T10:47:54Z,2026-08-11T10:00:00Z,119.2,0.0,0.0,0.0,0.0,0.0
3-5 дней,2026-08-06T11:30:42Z,2026-08-09T12:00:00Z,72.5,0.0,12.5,12.5,-12.5,12.5
3-5 дней,2026-08-06T11:30:42Z,2026-08-09T13:00:00Z,73.5,0.0,12.5,12.5,-12.5,12.5
3-5 дней,2026-08-06T11:30:42Z,2026-08-09T14:00:00Z,74.5,0.0,0.0,12.5,0.0,0.0
3-5 дней,2026-08-06T11:30:42Z,2026-08-09T15:00:00Z,75.5,0.0,0.0,12.5,0.0,0.0
3-5 дней,2026-08-06T11:30:42Z,2026-08-09T16:00:00Z,76.5,0.0,0.0,0.0,0.0,0.0
3-5 дней,2026-08-06T11:30:42Z,2026-08-09T17:00:00Z,77.5,0.0,0.0,0.0,0.0,0.0
3-5 дней,2026-08-06T11:30:42Z,2026-08-09T18:00:00Z,78.5,0.0,0.0,0.0,0.0,0.0
3-5 дней,2026-08-06T11:30:42Z,2026-08-10T06:00:00Z,90.5,0.0,0.0,0.0,0.0,0.0
3-5 дней,2026-08-06T11:30:42Z,2026-08-10T07:00:00Z,91.5,0.0,0.0,0.0,0.0,0.0
3-5 дней,2026-08-06T11:30:42Z,2026-08-10T08:00:00Z,92.5,0.0,0.0,0.0,0.0,0.0
3-5 дней,2026-08-06T11:30:42Z,2026-08-10T09:00:00Z,93.5,0.0,0.0,0.0,0.0,0.0
3-5 дней,2026-08-06T11:30:42Z,2026-08-10T10:00:00Z,94.5,0.0,0.0,0.0,0.0,0.0
3-5 дней,2026-08-06T11:30:42Z,2026-08-10T11:00:00Z,95.5,0.0,12.5,0.0,-12.5,12.5
3-5 дней,2026-08-06T11:30:42Z,2026-08-10T12:00:00Z,96.5,0.0,0.0,12.5,0.0,0.0
3-5 дней,2026-08-06T11:30:42Z,2026-08-10T13:00:00Z,97.5,0.0,0.0,12.5,0.0,0.0
3-5 дней,2026-08-06T11:30:42Z,2026-08-10T14:00:00Z,98.5,0.0,0.0,0.0,0.0,0.0
3-5 дней,2026-08-06T11:30:42Z,2026-08-10T15:00:00Z,99.5,0.0,0.0,0.0,0.0,0.0
3-5 дней,2026-08-06T11:30:42Z,2026-08-10T16:00:00Z,100.5,0.0,0.0,0.0,0.0,0.0
3-5 дней,2026-08-06T11:30:42Z,2026-08-10T17:00:00Z,101.5,0.0,0.0,0.0,0.0,0.0
3-5 дней,2026-08-06T11:30:42Z,2026-08-10T18:00:00Z,102.5,0.0,0.0,0.0,0.0,0.0
3-5 дней,2026-08-06T11:30:42Z,2026-08-11T06:00:00Z,114.5,0.0,0.0,0.0,0.0,0.0
3-5 дней,2026-08-06T11:30:42Z,2026-08-11T07:00:00Z,115.5,0.0,0.0,0.0,0.0,0.0
3-5 дней,2026-08-06T11:30:42Z,2026-08-11T08:00:00Z,116.5,0.0,0.0,0.0,0.0,0.0
3-5 дней,2026-08-06T11:30:42Z,2026-08-11T09:00:00Z,117.5,0.0,0.0,0.0,0.0,0.0
3-5 дней,2026-08-06T11:30:42Z,2026-08-11T10:00:00Z,118.5,0.0,0.0,0.0,0.0,0.0
3-5 дней,2026-08-06T11:30:42Z,2026-08-11T11:00:00Z,119.5,0.0,0.0,12.5,0.0,0.0
3-5 дней,2026-08-06T11:36:01Z,2026-08-09T12:00:00Z,72.4,0.0,12.5,12.5,-12.5,12.5
3-5 дней,2026-08-06T11:36:01Z,2026-08-09T13:00:00Z,73.4,0.0,12.5,12.5,-12.5,12.5
3-5 дней,2026-08-06T11:36:01Z,2026-08-09T14:00:00Z,74.4,0.0,0.0,12.5,0.0,0.0
3-5 дней,2026-08-06T11:36:01Z,2026-08-09T15:00:00Z,75.4,0.0,0.0,12.5,0.0,0.0
3-5 дней,2026-08-06T11:36:01Z,2026-08-09T16:00:00Z,76.4,0.0,0.0,0.0,0.0,0.0
3-5 дней,2026-08-06T11:36:01Z,2026-08-09T17:00:00Z,77.4,0.0,0.0,0.0,0.0,0.0
3-5 дней,2026-08-06T11:36:01Z,2026-08-09T18:00:00Z,78.4,0.0,0.0,0.0,0.0,0.0
3-5 дней,2026-08-06T11:36:01Z,2026-08-10T06:00:00Z,90.4,0.0,0.0,0.0,0.0,0.0
3-5 дней,2026-08-06T11:36:01Z,2026-08-10T07:00:00Z,91.4,0.0,0.0,0.0,0.0,0.0
3-5 дней,2026-08-06T11:36:01Z,2026-08-10T08:00:00Z,92.4,0.0,0.0,0.0,0.0,0.0
3-5 дней,2026-08-06T11:36:01Z,2026-08-10T09:00:00Z,93.4,0.0,0.0,0.0,0.0,0.0
3-5 дней,2026-08-06T11:36:01Z,2026-08-10T10:00:00Z,94.4,0.0,0.0,0.0,0.0,0.0
3-5 дней,2026-08-06T11:36:01Z,2026-08-10T11:00:00Z,95.4,0.0,12.5,0.0,-12.5,12.5
3-5 дней,2026-08-06T11:36:01Z,2026-08-10T12:00:00Z,96.4,0.0,0.0,12.5,0.0,0.0
3-5 дней,2026-08-06T11:36:01Z,2026-08-10T13:00:00Z,97.4,0.0,0.0,12.5,0.0,0.0
3-5 дней,2026-08-06T11:36:01Z,2026-08-10T14:00:00Z,98.4,0.0,0.0,0.0,0.0,0.0
3-5 дней,2026-08-06T11:36:01Z,2026-08-10T15:00:00Z,99.4,0.0,0.0,0.0,0.0,0.0
3-5 дней,2026-08-06T11:36:01Z,2026-08-10T16:00:00Z,100.4,0.0,0.0,0.0,0.0,0.0
3-5 дней,2026-08-06T11:36:01Z,2026-08-10T17:00:00Z,101.4,0.0,0.0,0.0,0.0,0.0
3-5 дней,2026-08-06T11:36:01Z,2026-08-10T18:00:00Z,102.4,0.0,0.0,0.0,0.0,0.0
3-5 дней,2026-08-06T11:36:01Z,2026-08-11T06:00:00Z,114.4,0.0,0.0,0.0,0.0,0.0
3-5 дней,2026-08-06T11:36:01Z,2026-08-11T07:00:00Z,115.4,0.0,0.0,0.0,0.0,0.0
3-5 дней,2026-08-06T11:36:01Z,2026-08-11T08:00:00Z,116.4,0.0,0.0,0.0,0.0,0.0
3-5 дней,2026-08-06T11:36:01Z,2026-08-11T09:00:00Z,117.4,0.0,0.0,0.0,0.0,0.0
3-5 дней,2026-08-06T11:36:01Z,2026-08-11T10:00:00Z,118.4,0.0,0.0,0.0,0.0,0.0
3-5 дней,2026-08-06T11:36:01Z,2026-08-11T11:00:00Z,119.4,0.0,0.0,12.5,0.0,0.0
3-5 дней,2026-08-06T11:44:08Z,2026-08-09T12:00:00Z,72.3,0.0,12.5,12.5,-12.5,12.5
3-5 дней,2026-08-06T11:44:08Z,2026-08-09T13:00:00Z,73.3,0.0,12.5,12.5,-12.5,12.5
3-5 дней,2026-08-06T11:44:08Z,2026-08-09T14:00:00Z,74.3,0.0,0.0,12.5,0.0,0.0
3-5 дней,2026-08-06T11:44:08Z,2026-08-09T15:00:00Z,75.3,0.0,0.0,12.5,0.0,0.0
3-5 дней,2026-08-06T11:44:08Z,2026-08-09T16:00:00Z,76.3,0.0,0.0,0.0,0.0,0.0
3-5 дней,2026-08-06T11:44:08Z,2026-08-09T17:00:00Z,77.3,0.0,0.0,0.0,0.0,0.0
3-5 дней,2026-08-06T11:44:08Z,2026-08-09T18:00:00Z,78.3,0.0,0.0,0.0,0.0,0.0
3-5 дней,2026-08-06T11:44:08Z,2026-08-10T06:00:00Z,90.3,0.0,0.0,0.0,0.0,0.0
3-5 дней,2026-08-06T11:44:08Z,2026-08-10T07:00:00Z,91.3,0.0,0.0,0.0,0.0,0.0
3-5 дней,2026-08-06T11:44:08Z,2026-08-10T08:00:00Z,92.3,0.0,0.0,0.0,0.0,0.0
3-5 дней,2026-08-06T11:44:08Z,2026-08-10T09:00:00Z,93.3,0.0,0.0,0.0,0.0,0.0
3-5 дней,2026-08-06T11:44:08Z,2026-08-10T10:00:00Z,94.3,0.0,0.0,0.0,0.0,0.0
3-5 дней,2026-08-06T11:44:08Z,2026-08-10T11:00:00Z,95.3,0.0,12.5,0.0,-12.5,12.5
3-5 дней,2026-08-06T11:44:08Z,2026-08-10T12:00:00Z,96.3,0.0,0.0,12.5,0.0,0.0
3-5 дней,2026-08-06T11:44:08Z,2026-08-10T13:00:00Z,97.3,0.0,0.0,12.5,0.0,0.0
3-5 дней,2026-08-06T11:44:08Z,2026-08-10T14:00:00Z,98.3,0.0,0.0,0.0,0.0,0.0
3-5 дней,2026-08-06T11:44:08Z,2026-08-10T15:00:00Z,99.3,0.0,0.0,0.0,0.0,0.0
3-5 дней,2026-08-06T11:44:08Z,2026-08-10T16:00:00Z,100.3,0.0,0.0,0.0,0.0,0.0
3-5 дней,2026-08-06T11:44:08Z,2026-08-10T17:00:00Z,101.3,0.0,0.0,0.0,0.0,0.0
3-5 дней,2026-08-06T11:44:08Z,2026-08-10T18:00:00Z,102.3,0.0,0.0,0.0,0.0,0.0
3-5 дней,2026-08-06T11:44:08Z,2026-08-11T06:00:00Z,114.3,0.0,0.0,0.0,0.0,0.0
3-5 дней,2026-08-06T11:44:08Z,2026-08-11T07:00:00Z,115.3,0.0,0.0,0.0,0.0,0.0
3-5 дней,2026-08-06T11:44:08Z,2026-08-11T08:00:00Z,116.3,0.0,0.0,0.0,0.0,0.0
3-5 дней,2026-08-06T11:44:08Z,2026-08-11T09:00:00Z,117.3,0.0,0.0,0.0,0.0,0.0
3-5 дней,2026-08-06T11:44:08Z,2026-08-11T10:00:00Z,118.3,0.0,0.0,0.0,0.0,0.0
3-5 дней,2026-08-06T11:44:08Z,2026-08-11T11:00:00Z,119.3,0.0,0.0,12.5,0.0,0.0
3-5 дней,2026-08-07T01:31:32Z,2026-08-10T06:00:00Z,76.5,0.0,0.0,0.0,0.0,0.0
3-5 дней,2026-08-07T01:31:32Z,2026-08-10T07:00:00Z,77.5,0.0,0.0,0.0,0.0,0.0
3-5 дней,2026-08-07T01:31:32Z,2026-08-10T08:00:00Z,78.5,0.0,0.0,0.0,0.0,0.0
3-5 дней,2026-08-07T01:31:32Z,2026-08-10T09:00:00Z,79.5,0.0,0.0,0.0,0.0,0.0
3-5 дней,2026-08-07T01:31:32Z,2026-08-10T10:00:00Z,80.5,0.0,0.0,0.0,0.0,0.0
3-5 дней,2026-08-07T01:31:32Z,2026-08-10T11:00:00Z,81.5,0.0,12.5,0.0,-12.5,12.5
3-5 дней,2026-08-07T01:31:32Z,2026-08-10T12:00:00Z,82.5,0.0,0.0,12.5,0.0,0.0
3-5 дней,2026-08-07T01:31:32Z,2026-08-10T13:00:00Z,83.5,0.0,0.0,12.5,0.0,0.0
3-5 дней,2026-08-07T01:31:32Z,2026-08-10T14:00:00Z,84.5,0.0,0.0,0.0,0.0,0.0
3-5 дней,2026-08-07T01:31:32Z,2026-08-10T15:00:00Z,85.5,0.0,0.0,0.0,0.0,0.0
3-5 дней,2026-08-07T01:31:32Z,2026-08-10T16:00:00Z,86.5,0.0,0.0,0.0,0.0,0.0
3-5 дней,2026-08-07T01:31:32Z,2026-08-10T17:00:00Z,87.5,0.0,0.0,0.0,0.0,0.0
3-5 дней,2026-08-07T01:31:32Z,2026-08-10T18:00:00Z,88.5,0.0,0.0,0.0,0.0,0.0
3-5 дней,2026-08-07T01:31:32Z,2026-08-11T06:00:00Z,100.5,0.0,0.0,0.0,0.0,0.0
3-5 дней,2026-08-07T01:31:32Z,2026-08-11T07:00:00Z,101.5,0.0,0.0,0.0,0.0,0.0
3-5 дней,2026-08-07T01:31:32Z,2026-08-11T08:00:00Z,102.5,0.0,0.0,0.0,0.0,0.0
3-5 дней,2026-08-07T01:31:32Z,2026-08-11T09:00:00Z,103.5,0.0,0.0,0.0,0.0,0.0
3-5 дней,2026-08-07T01:31:32Z,2026-08-11T10:00:00Z,104.5,0.0,0.0,0.0,0.0,0.0
3-5 дней,2026-08-07T01:31:32Z,2026-08-11T11:00:00Z,105.5,0.0,0.0,12.5,0.0,0.0
3-5 дней,2026-08-07T01:31:32Z,2026-08-11T12:00:00Z,106.5,0.0,0.0,0.0,0.0,0.0
3-5 дней,2026-08-07T01:31:32Z,2026-08-11T13:00:00Z,107.5,0.0,0.0,0.0,0.0,0.0
3-5 дней,2026-08-07T01:31:32Z,2026-08-11T14:00:00Z,108.5,0.0,0.0,0.0,0.0,0.0
3-5 дней,2026-08-07T01:31:32Z,2026-08-11T15:00:00Z,109.5,1.0,0.0,0.0,1.0,1.0
3-5 дней,2026-08-07T01:31:32Z,2026-08-11T16:00:00Z,110.5,5.0,0.0,0.0,5.0,5.0
3-5 дней,2026-08-07T01:31:32Z,2026-08-11T17:00:00Z,111.5,10.0,0.0,0.0,10.0,10.0
3-5 дней,2026-08-07T01:31:32Z,2026-08-11T18:00:00Z,112.5,15.0,0.0,0.0,15.0,15.0
3-5 дней,2026-08-07T05:36:00Z,2026-08-10T06:00:00Z,72.4,0.0,0.0,0.0,0.0,0.0
3-5 дней,2026-08-07T05:36:00Z,2026-08-10T07:00:00Z,73.4,0.0,0.0,0.0,0.0,0.0
3-5 дней,2026-08-07T05:36:00Z,2026-08-10T08:00:00Z,74.4,0.0,0.0,0.0,0.0,0.0
3-5 дней,2026-08-07T05:36:00Z,2026-08-10T09:00:00Z,75.4,0.0,0.0,0.0,0.0,0.0
3-5 дней,2026-08-07T05:36:00Z,2026-08-10T10:00:00Z,76.4,0.0,0.0,0.0,0.0,0.0
3-5 дней,2026-08-07T05:36:00Z,2026-08-10T11:00:00Z,77.4,0.0,12.5,0.0,-12.5,12.5
3-5 дней,2026-08-07T05:36:00Z,2026-08-10T12:00:00Z,78.4,0.0,0.0,12.5,0.0,0.0
3-5 дней,2026-08-07T05:36:00Z,2026-08-10T13:00:00Z,79.4,0.0,0.0,12.5,0.0,0.0
3-5 дней,2026-08-07T05:36:00Z,2026-08-10T14:00:00Z,80.4,0.0,0.0,0.0,0.0,0.0
3-5 дней,2026-08-07T05:36:00Z,2026-08-10T15:00:00Z,81.4,0.0,0.0,0.0,0.0,0.0
3-5 дней,2026-08-07T05:36:00Z,2026-08-10T16:00:00Z,82.4,0.0,0.0,0.0,0.0,0.0
3-5 дней,2026-08-07T05:36:00Z,2026-08-10T17:00:00Z,83.4,0.0,0.0,0.0,0.0,0.0
3-5 дней,2026-08-07T05:36:00Z,2026-08-10T18:00:00Z,84.4,0.0,0.0,0.0,0.0,0.0
3-5 дней,2026-08-07T05:36:00Z,2026-08-11T06:00:00Z,96.4,0.0,0.0,0.0,0.0,0.0
3-5 дней,2026-08-07T05:36:00Z,2026-08-11T07:00:00Z,97.4,0.0,0.0,0.0,0.0,0.0
3-5 дней,2026-08-07T05:36:00Z,2026-08-11T08:00:00Z,98.4,0.0,0.0,0.0,0.0,0.0
3-5 дней,2026-08-07T05:36:00Z,2026-08-11T09:00:00Z,99.4,0.0,0.0,0.0,0.0,0.0
3-5 дней,2026-08-07T05:36:00Z,2026-08-11T10:00:00Z,100.4,0.0,0.0,0.0,0.0,0.0
3-5 дней,2026-08-07T05:36:00Z,2026-08-11T11:00:00Z,101.4,0.0,0.0,12.5,0.0,0.0
3-5 дней,2026-08-07T05:36:00Z,2026-08-11T12:00:00Z,102.4,0.0,0.0,0.0,0.0,0.0
3-5 дней,2026-08-07T05:36:00Z,2026-08-11T13:00:00Z,103.4,0.0,0.0,0.0,0.0,0.0
3-5 дней,2026-08-07T05:36:00Z,2026-08-11T14:00:00Z,104.4,0.0,0.0,0.0,0.0,0.0
3-5 дней,2026-08-07T05:36:00Z,2026-08-11T15:00:00Z,105.4,1.0,0.0,0.0,1.0,1.0
3-5 дней,2026-08-07T05:36:00Z,2026-08-11T16:00:00Z,106.4,5.0,0.0,0.0,5.0,5.0
3-5 дней,2026-08-07T05:36:00Z,2026-08-11T17:00:00Z,107.4,10.0,0.0,0.0,10.0,10.0
3-5 дней,2026-08-07T05:36:00Z,2026-08-11T18:00:00Z,108.4,15.0,0.0,0.0,15.0,15.0
3-5 дней,2026-08-07T06:18:59Z,2026-08-10T07:00:00Z,72.7,0.0,0.0,0.0,0.0,0.0
3-5 дней,2026-08-07T06:18:59Z,2026-08-10T08:00:00Z,73.7,0.0,0.0,0.0,0.0,0.0
3-5 дней,2026-08-07T06:18:59Z,2026-08-10T09:00:00Z,74.7,0.0,0.0,0.0,0.0,0.0
3-5 дней,2026-08-07T06:18:59Z,2026-08-10T10:00:00Z,75.7,0.0,0.0,0.0,0.0,0.0
3-5 дней,2026-08-07T06:18:59Z,2026-08-10T11:00:00Z,76.7,0.0,12.5,0.0,-12.5,12.5
3-5 дней,2026-08-07T06:18:59Z,2026-08-10T12:00:00Z,77.7,0.0,0.0,12.5,0.0,0.0
3-5 дней,2026-08-07T06:18:59Z,2026-08-10T13:00:00Z,78.7,0.0,0.0,12.5,0.0,0.0
3-5 дней,2026-08-07T06:18:59Z,2026-08-10T14:00:00Z,79.7,0.0,0.0,0.0,0.0,0.0
3-5 дней,2026-08-07T06:18:59Z,2026-08-10T15:00:00Z,80.7,0.0,0.0,0.0,0.0,0.0
3-5 дней,2026-08-07T06:18:59Z,2026-08-10T16:00:00Z,81.7,0.0,0.0,0.0,0.0,0.0
3-5 дней,2026-08-07T06:18:59Z,2026-08-10T17:00:00Z,82.7,0.0,0.0,0.0,0.0,0.0
3-5 дней,2026-08-07T06:18:59Z,2026-08-10T18:00:00Z,83.7,0.0,0.0,0.0,0.0,0.0
3-5 дней,2026-08-07T06:18:59Z,2026-08-11T06:00:00Z,95.7,0.0,0.0,0.0,0.0,0.0
3-5 дней,2026-08-07T06:18:59Z,2026-08-11T07:00:00Z,96.7,0.0,0.0,0.0,0.0,0.0
3-5 дней,2026-08-07T06:18:59Z,2026-08-11T08:00:00Z,97.7,0.0,0.0,0.0,0.0,0.0
3-5 дней,2026-08-07T06:18:59Z,2026-08-11T09:00:00Z,98.7,0.0,0.0,0.0,0.0,0.0
3-5 дней,2026-08-07T06:18:59Z,2026-08-11T10:00:00Z,99.7,0.0,0.0,0.0,0.0,0.0
3-5 дней,2026-08-07T06:18:59Z,2026-08-11T11:00:00Z,100.7,0.0,0.0,12.5,0.0,0.0
3-5 дней,2026-08-07T06:18:59Z,2026-08-11T12:00:00Z,101.7,0.0,0.0,0.0,0.0,0.0
3-5 дней,2026-08-07T06:18:59Z,2026-08-11T13:00:00Z,102.7,0.0,0.0,0.0,0.0,0.0
3-5 дней,2026-08-07T06:18:59Z,2026-08-11T14:00:00Z,103.7,0.0,0.0,0.0,0.0,0.0
3-5 дней,2026-08-07T06:18:59Z,2026-08-11T15:00:00Z,104.7,1.0,0.0,0.0,1.0,1.0
3-5 дней,2026-08-07T06:18:59Z,2026-08-11T16:00:00Z,105.7,5.0,0.0,0.0,5.0,5.0
3-5 дней,2026-08-07T06:18:59Z,2026-08-11T17:00:00Z,106.7,10.0,0.0,0.0,10.0,10.0
3-5 дней,2026-08-07T06:18:59Z,2026-08-11T18:00:00Z,107.7,15.0,0.0,0.0,15.0,15.0
3-5 дней,2026-08-07T06:18:59Z,2026-08-12T06:00:00Z,119.7,0.0,75.0,0.0,-75.0,75.0
3-5 дней,2026-08-07T07:13:52Z,2026-08-10T08:00:00Z,72.8,0.0,0.0,0.0,0.0,0.0
3-5 дней,2026-08-07T07:13:52Z,2026-08-10T09:00:00Z,73.8,0.0,0.0,0.0,0.0,0.0
3-5 дней,2026-08-07T07:13:52Z,2026-08-10T10:00:00Z,74.8,0.0,0.0,0.0,0.0,0.0
3-5 дней,2026-08-07T07:13:52Z,2026-08-10T11:00:00Z,75.8,0.0,12.5,0.0,-12.5,12.5
3-5 дней,2026-08-07T07:13:52Z,2026-08-10T12:00:00Z,76.8,0.0,0.0,12.5,0.0,0.0
3-5 дней,2026-08-07T07:13:52Z,2026-08-10T13:00:00Z,77.8,0.0,0.0,12.5,0.0,0.0
3-5 дней,2026-08-07T07:13:52Z,2026-08-10T14:00:00Z,78.8,0.0,0.0,0.0,0.0,0.0
3-5 дней,2026-08-07T07:13:52Z,2026-08-10T15:00:00Z,79.8,0.0,0.0,0.0,0.0,0.0
3-5 дней,2026-08-07T07:13:52Z,2026-08-10T16:00:00Z,80.8,0.0,0.0,0.0,0.0,0.0
3-5 дней,2026-08-07T07:13:52Z,2026-08-10T17:00:00Z,81.8,0.0,0.0,0.0,0.0,0.0
3-5 дней,2026-08-07T07:13:52Z,2026-08-10T18:00:00Z,82.8,0.0,0.0,0.0,0.0,0.0
3-5 дней,2026-08-07T07:13:52Z,2026-08-11T06:00:00Z,94.8,0.0,0.0,0.0,0.0,0.0
3-5 дней,2026-08-07T07:13:52Z,2026-08-11T07:00:00Z,95.8,0.0,0.0,0.0,0.0,0.0
3-5 дней,2026-08-07T07:13:52Z,2026-08-11T08:00:00Z,96.8,0.0,0.0,0.0,0.0,0.0
3-5 дней,2026-08-07T07:13:52Z,2026-08-11T09:00:00Z,97.8,0.0,0.0,0.0,0.0,0.0
3-5 дней,2026-08-07T07:13:52Z,2026-08-11T10:00:00Z,98.8,0.0,0.0,0.0,0.0,0.0
3-5 дней,2026-08-07T07:13:52Z,2026-08-11T11:00:00Z,99.8,0.0,0.0,12.5,0.0,0.0
3-5 дней,2026-08-07T07:13:52Z,2026-08-11T12:00:00Z,100.8,0.0,0.0,0.0,0.0,0.0
3-5 дней,2026-08-07T07:13:52Z,2026-08-11T13:00:00Z,101.8,0.0,0.0,0.0,0.0,0.0
3-5 дней,2026-08-07T07:13:52Z,2026-08-11T14:00:00Z,102.8,0.0,0.0,0.0,0.0,0.0
3-5 дней,2026-08-07T07:13:52Z,2026-08-11T15:00:00Z,103.8,1.0,0.0,0.0,1.0,1.0
3-5 дней,2026-08-07T07:13:52Z,2026-08-11T16:00:00Z,104.8,5.0,0.0,0.0,5.0,5.0
3-5 дней,2026-08-07T07:13:52Z,2026-08-11T17:00:00Z,105.8,10.0,0.0,0.0,10.0,10.0
3-5 дней,2026-08-07T07:13:52Z,2026-08-11T18:00:00Z,106.8,15.0,0.0,0.0,15.0,15.0
3-5 дней,2026-08-07T07:13:52Z,2026-08-12T06:00:00Z,118.8,0.0,75.0,0.0,-75.0,75.0
3-5 дней,2026-08-07T07:13:52Z,2026-08-12T07:00:00Z,119.8,0.0,75.0,0.0,-75.0,75.0
3-5 дней,2026-08-07T10:39:14Z,2026-08-10T11:00:00Z,72.3,0.0,12.5,0.0,-12.5,12.5
3-5 дней,2026-08-07T10:39:14Z,2026-08-10T12:00:00Z,73.3,0.0,0.0,12.5,0.0,0.0
3-5 дней,2026-08-07T10:39:14Z,2026-08-10T13:00:00Z,74.3,0.0,0.0,12.5,0.0,0.0
3-5 дней,2026-08-07T10:39:14Z,2026-08-10T14:00:00Z,75.3,0.0,0.0,0.0,0.0,0.0
3-5 дней,2026-08-07T10:39:14Z,2026-08-10T15:00:00Z,76.3,0.0,0.0,0.0,0.0,0.0
3-5 дней,2026-08-07T10:39:14Z,2026-08-10T16:00:00Z,77.3,0.0,0.0,0.0,0.0,0.0
3-5 дней,2026-08-07T10:39:14Z,2026-08-10T17:00:00Z,78.3,0.0,0.0,0.0,0.0,0.0
3-5 дней,2026-08-07T10:39:14Z,2026-08-10T18:00:00Z,79.3,0.0,0.0,0.0,0.0,0.0
3-5 дней,2026-08-07T10:39:14Z,2026-08-11T06:00:00Z,91.3,0.0,0.0,0.0,0.0,0.0
3-5 дней,2026-08-07T10:39:14Z,2026-08-11T07:00:00Z,92.3,0.0,0.0,0.0,0.0,0.0
3-5 дней,2026-08-07T10:39:14Z,2026-08-11T08:00:00Z,93.3,0.0,0.0,0.0,0.0,0.0
3-5 дней,2026-08-07T10:39:14Z,2026-08-11T09:00:00Z,94.3,0.0,0.0,0.0,0.0,0.0
3-5 дней,2026-08-07T10:39:14Z,2026-08-11T10:00:00Z,95.3,0.0,0.0,0.0,0.0,0.0
3-5 дней,2026-08-07T10:39:14Z,2026-08-11T11:00:00Z,96.3,0.0,0.0,12.5,0.0,0.0
3-5 дней,2026-08-07T10:39:14Z,2026-08-11T12:00:00Z,97.3,0.0,0.0,0.0,0.0,0.0
3-5 дней,2026-08-07T10:39:14Z,2026-08-11T13:00:00Z,98.3,0.0,0.0,0.0,0.0,0.0
3-5 дней,2026-08-07T10:39:14Z,2026-08-11T14:00:00Z,99.3,0.0,0.0,0.0,0.0,0.0
3-5 дней,2026-08-07T10:39:14Z,2026-08-11T15:00:00Z,100.3,0.0,0.0,0.0,0.0,0.0
3-5 дней,2026-08-07T10:39:14Z,2026-08-11T16:00:00Z,101.3,0.0,0.0,0.0,0.0,0.0
3-5 дней,2026-08-07T10:39:14Z,2026-08-11T17:00:00Z,102.3,0.0,0.0,0.0,0.0,0.0
3-5 дней,2026-08-07T10:39:14Z,2026-08-11T18:00:00Z,103.3,0.0,0.0,0.0,0.0,0.0
3-5 дней,2026-08-07T10:39:14Z,2026-08-12T06:00:00Z,115.3,2.0,75.0,0.0,-73.0,73.0
3-5 дней,2026-08-07T10:39:14Z,2026-08-12T07:00:00Z,116.3,10.0,75.0,0.0,-65.0,65.0
3-5 дней,2026-08-07T10:39:14Z,2026-08-12T08:00:00Z,117.3,21.0,50.0,0.0,-29.0,29.0
3-5 дней,2026-08-07T10:39:14Z,2026-08-12T09:00:00Z,118.3,26.0,25.0,0.0,1.0,1.0
3-5 дней,2026-08-07T10:39:14Z,2026-08-12T10:00:00Z,119.3,21.0,25.0,0.0,-4.0,4.0
3-5 дней,2026-08-07T16:51:54Z,2026-08-10T17:00:00Z,72.1,0.0,0.0,0.0,0.0,0.0
3-5 дней,2026-08-07T16:51:54Z,2026-08-10T18:00:00Z,73.1,0.0,0.0,0.0,0.0,0.0
3-5 дней,2026-08-07T16:51:54Z,2026-08-11T06:00:00Z,85.1,0.0,0.0,0.0,0.0,0.0
3-5 дней,2026-08-07T16:51:54Z,2026-08-11T07:00:00Z,86.1,0.0,0.0,0.0,0.0,0.0
3-5 дней,2026-08-07T16:51:54Z,2026-08-11T08:00:00Z,87.1,0.0,0.0,0.0,0.0,0.0
3-5 дней,2026-08-07T16:51:54Z,2026-08-11T09:00:00Z,88.1,0.0,0.0,0.0,0.0,0.0
3-5 дней,2026-08-07T16:51:54Z,2026-08-11T10:00:00Z,89.1,0.0,0.0,0.0,0.0,0.0
3-5 дней,2026-08-07T16:51:54Z,2026-08-11T11:00:00Z,90.1,0.0,0.0,12.5,0.0,0.0
3-5 дней,2026-08-07T16:51:54Z,2026-08-11T12:00:00Z,91.1,0.0,0.0,0.0,0.0,0.0
3-5 дней,2026-08-07T16:51:54Z,2026-08-11T13:00:00Z,92.1,0.0,0.0,0.0,0.0,0.0
3-5 дней,2026-08-07T16:51:54Z,2026-08-11T14:00:00Z,93.1,0.0,0.0,0.0,0.0,0.0
3-5 дней,2026-08-07T16:51:54Z,2026-08-11T15:00:00Z,94.1,0.0,0.0,0.0,0.0,0.0
3-5 дней,2026-08-07T16:51:54Z,2026-08-11T16:00:00Z,95.1,1.0,0.0,0.0,1.0,1.0
3-5 дней,2026-08-07T16:51:54Z,2026-08-11T17:00:00Z,96.1,3.0,0.0,0.0,3.0,3.0
3-5 дней,2026-08-07T16:51:54Z,2026-08-11T18:00:00Z,97.1,4.0,0.0,0.0,4.0,4.0
3-5 дней,2026-08-07T16:51:54Z,2026-08-12T06:00:00Z,109.1,0.0,75.0,0.0,-75.0,75.0
3-5 дней,2026-08-07T16:51:54Z,2026-08-12T07:00:00Z,110.1,0.0,75.0,0.0,-75.0,75.0
3-5 дней,2026-08-07T16:51:54Z,2026-08-12T08:00:00Z,111.1,0.0,50.0,0.0,-50.0,50.0
3-5 дней,2026-08-07T16:51:54Z,2026-08-12T09:00:00Z,112.1,0.0,25.0,0.0,-25.0,25.0
3-5 дней,2026-08-07T16:51:54Z,2026-08-12T10:00:00Z,113.1,0.0,25.0,0.0,-25.0,25.0
3-5 дней,2026-08-07T16:51:54Z,2026-08-12T11:00:00Z,114.1,0.0,12.5,0.0,-12.5,12.5
3-5 дней,2026-08-07T16:51:54Z,2026-08-12T12:00:00Z,115.1,0.0,12.5,0.0,-12.5,12.5
3-5 дней,2026-08-07T16:51:54Z,2026-08-12T13:00:00Z,116.1,0.0,0.0,0.0,0.0,0.0
3-5 дней,2026-08-07T16:51:54Z,2026-08-12T14:00:00Z,117.1,0.0,0.0,0.0,0.0,0.0
3-5 дней,2026-08-07T16:51:54Z,2026-08-12T15:00:00Z,118.1,0.0,0.0,0.0,0.0,0.0
3-5 дней,2026-08-07T16:51:54Z,2026-08-12T16:00:00Z,119.1,0.0,0.0,0.0,0.0,0.0
3-5 дней,2026-08-07T22:45:57Z,2026-08-11T06:00:00Z,79.2,0.0,0.0,0.0,0.0,0.0
3-5 дней,2026-08-07T22:45:57Z,2026-08-11T07:00:00Z,80.2,0.0,0.0,0.0,0.0,0.0
3-5 дней,2026-08-07T22:45:57Z,2026-08-11T08:00:00Z,81.2,0.0,0.0,0.0,0.0,0.0
3-5 дней,2026-08-07T22:45:57Z,2026-08-11T09:00:00Z,82.2,0.0,0.0,0.0,0.0,0.0
3-5 дней,2026-08-07T22:45:57Z,2026-08-11T10:00:00Z,83.2,0.0,0.0,0.0,0.0,0.0
3-5 дней,2026-08-07T22:45:57Z,2026-08-11T11:00:00Z,84.2,0.0,0.0,12.5,0.0,0.0
3-5 дней,2026-08-07T22:45:57Z,2026-08-11T12:00:00Z,85.2,0.0,0.0,0.0,0.0,0.0
3-5 дней,2026-08-07T22:45:57Z,2026-08-11T13:00:00Z,86.2,21.0,0.0,0.0,21.0,21.0
3-5 дней,2026-08-07T22:45:57Z,2026-08-11T14:00:00Z,87.2,49.0,0.0,0.0,49.0,49.0
3-5 дней,2026-08-07T22:45:57Z,2026-08-11T15:00:00Z,88.2,67.0,0.0,0.0,67.0,67.0
3-5 дней,2026-08-07T22:45:57Z,2026-08-11T16:00:00Z,89.2,65.0,0.0,0.0,65.0,65.0
3-5 дней,2026-08-07T22:45:57Z,2026-08-11T17:00:00Z,90.2,52.0,0.0,0.0,52.0,52.0
3-5 дней,2026-08-07T22:45:57Z,2026-08-11T18:00:00Z,91.2,38.0,0.0,0.0,38.0,38.0
3-5 дней,2026-08-07T22:45:57Z,2026-08-12T06:00:00Z,103.2,4.0,75.0,0.0,-71.0,71.0
3-5 дней,2026-08-07T22:45:57Z,2026-08-12T07:00:00Z,104.2,3.0,75.0,0.0,-72.0,72.0
3-5 дней,2026-08-07T22:45:57Z,2026-08-12T08:00:00Z,105.2,1.0,50.0,0.0,-49.0,49.0
3-5 дней,2026-08-07T22:45:57Z,2026-08-12T09:00:00Z,106.2,0.0,25.0,0.0,-25.0,25.0
3-5 дней,2026-08-07T22:45:57Z,2026-08-12T10:00:00Z,107.2,0.0,25.0,0.0,-25.0,25.0
3-5 дней,2026-08-07T22:45:57Z,2026-08-12T11:00:00Z,108.2,0.0,12.5,0.0,-12.5,12.5
3-5 дней,2026-08-07T22:45:57Z,2026-08-12T12:00:00Z,109.2,0.0,12.5,0.0,-12.5,12.5
3-5 дней,2026-08-07T22:45:57Z,2026-08-12T13:00:00Z,110.2,0.0,0.0,0.0,0.0,0.0
3-5 дней,2026-08-07T22:45:57Z,2026-08-12T14:00:00Z,111.2,0.0,0.0,0.0,0.0,0.0
3-5 дней,2026-08-07T22:45:57Z,2026-08-12T15:00:00Z,112.2,0.0,0.0,0.0,0.0,0.0
3-5 дней,2026-08-07T22:45:57Z,2026-08-12T16:00:00Z,113.2,0.0,0.0,0.0,0.0,0.0
3-5 дней,2026-08-07T22:45:57Z,2026-08-12T17:00:00Z,114.2,0.0,0.0,0.0,0.0,0.0
3-5 дней,2026-08-07T22:45:57Z,2026-08-12T18:00:00Z,115.2,0.0,0.0,0.0,0.0,0.0
3-5 дней,2026-08-07T23:19:23Z,2026-08-11T06:00:00Z,78.7,0.0,0.0,0.0,0.0,0.0
3-5 дней,2026-08-07T23:19:23Z,2026-08-11T07:00:00Z,79.7,0.0,0.0,0.0,0.0,0.0
3-5 дней,2026-08-07T23:19:23Z,2026-08-11T08:00:00Z,80.7,0.0,0.0,0.0,0.0,0.0
3-5 дней,2026-08-07T23:19:23Z,2026-08-11T09:00:00Z,81.7,0.0,0.0,0.0,0.0,0.0
3-5 дней,2026-08-07T23:19:23Z,2026-08-11T10:00:00Z,82.7,0.0,0.0,0.0,0.0,0.0
3-5 дней,2026-08-07T23:19:23Z,2026-08-11T11:00:00Z,83.7,0.0,0.0,12.5,0.0,0.0
3-5 дней,2026-08-07T23:19:23Z,2026-08-11T12:00:00Z,84.7,0.0,0.0,0.0,0.0,0.0
3-5 дней,2026-08-07T23:19:23Z,2026-08-11T13:00:00Z,85.7,21.0,0.0,0.0,21.0,21.0
3-5 дней,2026-08-07T23:19:23Z,2026-08-11T14:00:00Z,86.7,49.0,0.0,0.0,49.0,49.0
3-5 дней,2026-08-07T23:19:23Z,2026-08-11T15:00:00Z,87.7,67.0,0.0,0.0,67.0,67.0
3-5 дней,2026-08-07T23:19:23Z,2026-08-11T16:00:00Z,88.7,65.0,0.0,0.0,65.0,65.0
3-5 дней,2026-08-07T23:19:23Z,2026-08-11T17:00:00Z,89.7,52.0,0.0,0.0,52.0,52.0
3-5 дней,2026-08-07T23:19:23Z,2026-08-11T18:00:00Z,90.7,38.0,0.0,0.0,38.0,38.0
3-5 дней,2026-08-07T23:19:23Z,2026-08-12T06:00:00Z,102.7,4.0,75.0,0.0,-71.0,71.0
3-5 дней,2026-08-07T23:19:23Z,2026-08-12T07:00:00Z,103.7,3.0,75.0,0.0,-72.0,72.0
3-5 дней,2026-08-07T23:19:23Z,2026-08-12T08:00:00Z,104.7,1.0,50.0,0.0,-49.0,49.0
3-5 дней,2026-08-07T23:19:23Z,2026-08-12T09:00:00Z,105.7,0.0,25.0,0.0,-25.0,25.0
3-5 дней,2026-08-07T23:19:23Z,2026-08-12T10:00:00Z,106.7,0.0,25.0,0.0,-25.0,25.0
3-5 дней,2026-08-07T23:19:23Z,2026-08-12T11:00:00Z,107.7,0.0,12.5,0.0,-12.5,12.5
3-5 дней,2026-08-07T23:19:23Z,2026-08-12T12:00:00Z,108.7,0.0,12.5,0.0,-12.5,12.5
3-5 дней,2026-08-07T23:19:23Z,2026-08-12T13:00:00Z,109.7,0.0,0.0,0.0,0.0,0.0
3-5 дней,2026-08-07T23:19:23Z,2026-08-12T14:00:00Z,110.7,0.0,0.0,0.0,0.0,0.0
3-5 дней,2026-08-07T23:19:23Z,2026-08-12T15:00:00Z,111.7,0.0,0.0,0.0,0.0,0.0
3-5 дней,2026-08-07T23:19:23Z,2026-08-12T16:00:00Z,112.7,0.0,0.0,0.0,0.0,0.0
3-5 дней,2026-08-07T23:19:23Z,2026-08-12T17:00:00Z,113.7,0.0,0.0,0.0,0.0,0.0
3-5 дней,2026-08-07T23:19:23Z,2026-08-12T18:00:00Z,114.7,0.0,0.0,0.0,0.0,0.0
3-5 дней,2026-08-08T04:50:53Z,2026-08-11T06:00:00Z,73.2,0.0,0.0,0.0,0.0,0.0
3-5 дней,2026-08-08T04:50:53Z,2026-08-11T07:00:00Z,74.2,0.0,0.0,0.0,0.0,0.0
3-5 дней,2026-08-08T04:50:53Z,2026-08-11T08:00:00Z,75.2,0.0,0.0,0.0,0.0,0.0
3-5 дней,2026-08-08T04:50:53Z,2026-08-11T09:00:00Z,76.2,0.0,0.0,0.0,0.0,0.0
3-5 дней,2026-08-08T04:50:53Z,2026-08-11T10:00:00Z,77.2,0.0,0.0,0.0,0.0,0.0
3-5 дней,2026-08-08T04:50:53Z,2026-08-11T11:00:00Z,78.2,0.0,0.0,12.5,0.0,0.0
3-5 дней,2026-08-08T04:50:53Z,2026-08-11T12:00:00Z,79.2,0.0,0.0,0.0,0.0,0.0
3-5 дней,2026-08-08T04:50:53Z,2026-08-11T13:00:00Z,80.2,1.0,0.0,0.0,1.0,1.0
3-5 дней,2026-08-08T04:50:53Z,2026-08-11T14:00:00Z,81.2,3.0,0.0,0.0,3.0,3.0
3-5 дней,2026-08-08T04:50:53Z,2026-08-11T15:00:00Z,82.2,7.0,0.0,0.0,7.0,7.0
3-5 дней,2026-08-08T04:50:53Z,2026-08-11T16:00:00Z,83.2,17.0,0.0,0.0,17.0,17.0
3-5 дней,2026-08-08T04:50:53Z,2026-08-11T17:00:00Z,84.2,30.0,0.0,0.0,30.0,30.0
3-5 дней,2026-08-08T04:50:53Z,2026-08-11T18:00:00Z,85.2,36.0,0.0,0.0,36.0,36.0
3-5 дней,2026-08-08T04:50:53Z,2026-08-12T06:00:00Z,97.2,2.0,75.0,0.0,-73.0,73.0
3-5 дней,2026-08-08T04:50:53Z,2026-08-12T07:00:00Z,98.2,1.0,75.0,0.0,-74.0,74.0
3-5 дней,2026-08-08T04:50:53Z,2026-08-12T08:00:00Z,99.2,0.0,50.0,0.0,-50.0,50.0
3-5 дней,2026-08-08T04:50:53Z,2026-08-12T09:00:00Z,100.2,0.0,25.0,0.0,-25.0,25.0
3-5 дней,2026-08-08T04:50:53Z,2026-08-12T10:00:00Z,101.2,0.0,25.0,0.0,-25.0,25.0
3-5 дней,2026-08-08T04:50:53Z,2026-08-12T11:00:00Z,102.2,0.0,12.5,0.0,-12.5,12.5
3-5 дней,2026-08-08T04:50:53Z,2026-08-12T12:00:00Z,103.2,0.0,12.5,0.0,-12.5,12.5
3-5 дней,2026-08-08T04:50:53Z,2026-08-12T13:00:00Z,104.2,0.0,0.0,0.0,0.0,0.0
3-5 дней,2026-08-08T04:50:53Z,2026-08-12T14:00:00Z,105.2,0.0,0.0,0.0,0.0,0.0
3-5 дней,2026-08-08T04:50:53Z,2026-08-12T15:00:00Z,106.2,0.0,0.0,0.0,0.0,0.0
3-5 дней,2026-08-08T04:50:53Z,2026-08-12T16:00:00Z,107.2,0.0,0.0,0.0,0.0,0.0
3-5 дней,2026-08-08T04:50:53Z,2026-08-12T17:00:00Z,108.2,0.0,0.0,0.0,0.0,0.0
3-5 дней,2026-08-08T04:50:53Z,2026-08-12T18:00:00Z,109.2,0.0,0.0,0.0,0.0,0.0
3-5 дней,2026-08-08T10:18:13Z,2026-08-11T11:00:00Z,72.7,0.0,0.0,12.5,0.0,0.0
3-5 дней,2026-08-08T10:18:13Z,2026-08-11T12:00:00Z,73.7,0.0,0.0,0.0,0.0,0.0
3-5 дней,2026-08-08T10:18:13Z,2026-08-11T13:00:00Z,74.7,2.0,0.0,0.0,2.0,2.0
3-5 дней,2026-08-08T10:18:13Z,2026-08-11T14:00:00Z,75.7,5.0,0.0,0.0,5.0,5.0
3-5 дней,2026-08-08T10:18:13Z,2026-08-11T15:00:00Z,76.7,12.0,0.0,0.0,12.0,12.0
3-5 дней,2026-08-08T10:18:13Z,2026-08-11T16:00:00Z,77.7,26.0,0.0,0.0,26.0,26.0
3-5 дней,2026-08-08T10:18:13Z,2026-08-11T17:00:00Z,78.7,44.0,0.0,0.0,44.0,44.0
3-5 дней,2026-08-08T10:18:13Z,2026-08-11T18:00:00Z,79.7,52.0,0.0,0.0,52.0,52.0
3-5 дней,2026-08-08T10:18:13Z,2026-08-12T06:00:00Z,91.7,2.0,75.0,0.0,-73.0,73.0
3-5 дней,2026-08-08T10:18:13Z,2026-08-12T07:00:00Z,92.7,2.0,75.0,0.0,-73.0,73.0
3-5 дней,2026-08-08T10:18:13Z,2026-08-12T08:00:00Z,93.7,2.0,50.0,0.0,-48.0,48.0
3-5 дней,2026-08-08T10:18:13Z,2026-08-12T09:00:00Z,94.7,2.0,25.0,0.0,-23.0,23.0
3-5 дней,2026-08-08T10:18:13Z,2026-08-12T10:00:00Z,95.7,1.0,25.0,0.0,-24.0,24.0
3-5 дней,2026-08-08T10:18:13Z,2026-08-12T11:00:00Z,96.7,1.0,12.5,0.0,-11.5,11.5
3-5 дней,2026-08-08T10:18:13Z,2026-08-12T12:00:00Z,97.7,0.0,12.5,0.0,-12.5,12.5
3-5 дней,2026-08-08T10:18:13Z,2026-08-12T13:00:00Z,98.7,0.0,0.0,0.0,0.0,0.0
3-5 дней,2026-08-08T10:18:13Z,2026-08-12T14:00:00Z,99.7,0.0,0.0,0.0,0.0,0.0
3-5 дней,2026-08-08T10:18:13Z,2026-08-12T15:00:00Z,100.7,0.0,0.0,0.0,0.0,0.0
3-5 дней,2026-08-08T10:18:13Z,2026-08-12T16:00:00Z,101.7,0.0,0.0,0.0,0.0,0.0
3-5 дней,2026-08-08T10:18:13Z,2026-08-12T17:00:00Z,102.7,0.0,0.0,0.0,0.0,0.0
3-5 дней,2026-08-08T10:18:13Z,2026-08-12T18:00:00Z,103.7,0.0,0.0,0.0,0.0,0.0
3-5 дней,2026-08-08T10:18:13Z,2026-08-13T06:00:00Z,115.7,0.0,0.0,75.0,0.0,0.0
3-5 дней,2026-08-08T10:18:13Z,2026-08-13T07:00:00Z,116.7,0.0,0.0,75.0,0.0,0.0
3-5 дней,2026-08-08T10:18:13Z,2026-08-13T08:00:00Z,117.7,0.0,0.0,50.0,0.0,0.0
3-5 дней,2026-08-08T10:18:13Z,2026-08-13T09:00:00Z,118.7,0.0,0.0,25.0,0.0,0.0
3-5 дней,2026-08-08T10:18:13Z,2026-08-13T10:00:00Z,119.7,0.0,0.0,25.0,0.0,0.0
3-5 дней,2026-08-08T22:37:20Z,2026-08-12T06:00:00Z,79.4,0.0,75.0,0.0,-75.0,75.0
3-5 дней,2026-08-08T22:37:20Z,2026-08-12T07:00:00Z,80.4,0.0,75.0,0.0,-75.0,75.0
3-5 дней,2026-08-08T22:37:20Z,2026-08-12T08:00:00Z,81.4,1.0,50.0,0.0,-49.0,49.0
3-5 дней,2026-08-08T22:37:20Z,2026-08-12T09:00:00Z,82.4,1.0,25.0,0.0,-24.0,24.0
3-5 дней,2026-08-08T22:37:20Z,2026-08-12T10:00:00Z,83.4,1.0,25.0,0.0,-24.0,24.0
3-5 дней,2026-08-08T22:37:20Z,2026-08-12T11:00:00Z,84.4,0.0,12.5,0.0,-12.5,12.5
3-5 дней,2026-08-08T22:37:20Z,2026-08-12T12:00:00Z,85.4,0.0,12.5,0.0,-12.5,12.5
3-5 дней,2026-08-08T22:37:20Z,2026-08-12T13:00:00Z,86.4,0.0,0.0,0.0,0.0,0.0
3-5 дней,2026-08-08T22:37:20Z,2026-08-12T14:00:00Z,87.4,0.0,0.0,0.0,0.0,0.0
3-5 дней,2026-08-08T22:37:20Z,2026-08-12T15:00:00Z,88.4,0.0,0.0,0.0,0.0,0.0
3-5 дней,2026-08-08T22:37:20Z,2026-08-12T16:00:00Z,89.4,0.0,0.0,0.0,0.0,0.0
3-5 дней,2026-08-08T22:37:20Z,2026-08-12T17:00:00Z,90.4,0.0,0.0,0.0,0.0,0.0
3-5 дней,2026-08-08T22:37:20Z,2026-08-12T18:00:00Z,91.4,0.0,0.0,0.0,0.0,0.0
3-5 дней,2026-08-08T22:37:20Z,2026-08-13T06:00:00Z,103.4,0.0,0.0,75.0,0.0,0.0
3-5 дней,2026-08-08T22:37:20Z,2026-08-13T07:00:00Z,104.4,0.0,0.0,75.0,0.0,0.0
3-5 дней,2026-08-08T22:37:20Z,2026-08-13T08:00:00Z,105.4,0.0,0.0,50.0,0.0,0.0
3-5 дней,2026-08-08T22:37:20Z,2026-08-13T09:00:00Z,106.4,0.0,0.0,25.0,0.0,0.0
3-5 дней,2026-08-08T22:37:20Z,2026-08-13T10:00:00Z,107.4,0.0,0.0,25.0,0.0,0.0
3-5 дней,2026-08-08T22:37:20Z,2026-08-13T11:00:00Z,108.4,0.0,0.0,12.5,0.0,0.0
3-5 дней,2026-08-08T22:37:20Z,2026-08-13T12:00:00Z,109.4,0.0,0.0,12.5,0.0,0.0
3-5 дней,2026-08-08T22:37:20Z,2026-08-13T13:00:00Z,110.4,0.0,0.0,0.0,0.0,0.0
3-5 дней,2026-08-08T22:37:20Z,2026-08-13T14:00:00Z,111.4,0.0,0.0,0.0,0.0,0.0
3-5 дней,2026-08-08T22:37:20Z,2026-08-13T15:00:00Z,112.4,0.0,0.0,0.0,0.0,0.0
3-5 дней,2026-08-08T22:37:20Z,2026-08-13T16:00:00Z,113.4,0.0,0.0,0.0,0.0,0.0
3-5 дней,2026-08-08T22:37:20Z,2026-08-13T17:00:00Z,114.4,0.0,0.0,0.0,0.0,0.0
3-5 дней,2026-08-08T22:37:20Z,2026-08-13T18:00:00Z,115.4,0.0,0.0,0.0,0.0,0.0
3-5 дней,2026-08-09T04:59:03Z,2026-08-12T06:00:00Z,73.0,1.0,75.0,0.0,-74.0,74.0
3-5 дней,2026-08-09T04:59:03Z,2026-08-12T07:00:00Z,74.0,2.0,75.0,0.0,-73.0,73.0
3-5 дней,2026-08-09T04:59:03Z,2026-08-12T08:00:00Z,75.0,4.0,50.0,0.0,-46.0,46.0
3-5 дней,2026-08-09T04:59:03Z,2026-08-12T09:00:00Z,76.0,5.0,25.0,0.0,-20.0,20.0
3-5 дней,2026-08-09T04:59:03Z,2026-08-12T10:00:00Z,77.0,4.0,25.0,0.0,-21.0,21.0
3-5 дней,2026-08-09T04:59:03Z,2026-08-12T11:00:00Z,78.0,2.0,12.5,0.0,-10.5,10.5
3-5 дней,2026-08-09T04:59:03Z,2026-08-12T12:00:00Z,79.0,0.0,12.5,0.0,-12.5,12.5
3-5 дней,2026-08-09T04:59:03Z,2026-08-12T13:00:00Z,80.0,0.0,0.0,0.0,0.0,0.0
3-5 дней,2026-08-09T04:59:03Z,2026-08-12T14:00:00Z,81.0,0.0,0.0,0.0,0.0,0.0
3-5 дней,2026-08-09T04:59:03Z,2026-08-12T15:00:00Z,82.0,0.0,0.0,0.0,0.0,0.0
3-5 дней,2026-08-09T04:59:03Z,2026-08-12T16:00:00Z,83.0,0.0,0.0,0.0,0.0,0.0
3-5 дней,2026-08-09T04:59:03Z,2026-08-12T17:00:00Z,84.0,0.0,0.0,0.0,0.0,0.0
3-5 дней,2026-08-09T04:59:03Z,2026-08-12T18:00:00Z,85.0,0.0,0.0,0.0,0.0,0.0
3-5 дней,2026-08-09T04:59:03Z,2026-08-13T06:00:00Z,97.0,0.0,0.0,75.0,0.0,0.0
3-5 дней,2026-08-09T04:59:03Z,2026-08-13T07:00:00Z,98.0,0.0,0.0,75.0,0.0,0.0
3-5 дней,2026-08-09T04:59:03Z,2026-08-13T08:00:00Z,99.0,0.0,0.0,50.0,0.0,0.0
3-5 дней,2026-08-09T04:59:03Z,2026-08-13T09:00:00Z,100.0,0.0,0.0,25.0,0.0,0.0
3-5 дней,2026-08-09T04:59:03Z,2026-08-13T10:00:00Z,101.0,0.0,0.0,25.0,0.0,0.0
3-5 дней,2026-08-09T04:59:03Z,2026-08-13T11:00:00Z,102.0,0.0,0.0,12.5,0.0,0.0
3-5 дней,2026-08-09T04:59:03Z,2026-08-13T12:00:00Z,103.0,0.0,0.0,12.5,0.0,0.0
3-5 дней,2026-08-09T04:59:03Z,2026-08-13T13:00:00Z,104.0,0.0,0.0,0.0,0.0,0.0
3-5 дней,2026-08-09T04:59:03Z,2026-08-13T14:00:00Z,105.0,0.0,0.0,0.0,0.0,0.0
3-5 дней,2026-08-09T04:59:03Z,2026-08-13T15:00:00Z,106.0,0.0,0.0,0.0,0.0,0.0
3-5 дней,2026-08-09T04:59:03Z,2026-08-13T16:00:00Z,107.0,0.0,0.0,0.0,0.0,0.0
3-5 дней,2026-08-09T04:59:03Z,2026-08-13T17:00:00Z,108.0,0.0,0.0,0.0,0.0,0.0
3-5 дней,2026-08-09T04:59:03Z,2026-08-13T18:00:00Z,109.0,0.0,0.0,0.0,0.0,0.0
3-5 дней,2026-08-09T10:19:29Z,2026-08-12T11:00:00Z,72.7,0.0,12.5,0.0,-12.5,12.5
3-5 дней,2026-08-09T10:19:29Z,2026-08-12T12:00:00Z,73.7,0.0,12.5,0.0,-12.5,12.5
3-5 дней,2026-08-09T10:19:29Z,2026-08-12T13:00:00Z,74.7,0.0,0.0,0.0,0.0,0.0
3-5 дней,2026-08-09T10:19:29Z,2026-08-12T14:00:00Z,75.7,0.0,0.0,0.0,0.0,0.0
3-5 дней,2026-08-09T10:19:29Z,2026-08-12T15:00:00Z,76.7,0.0,0.0,0.0,0.0,0.0
3-5 дней,2026-08-09T10:19:29Z,2026-08-12T16:00:00Z,77.7,0.0,0.0,0.0,0.0,0.0
3-5 дней,2026-08-09T10:19:29Z,2026-08-12T17:00:00Z,78.7,0.0,0.0,0.0,0.0,0.0
3-5 дней,2026-08-09T10:19:29Z,2026-08-12T18:00:00Z,79.7,0.0,0.0,0.0,0.0,0.0
3-5 дней,2026-08-09T10:19:29Z,2026-08-13T06:00:00Z,91.7,0.0,0.0,75.0,0.0,0.0
3-5 дней,2026-08-09T10:19:29Z,2026-08-13T07:00:00Z,92.7,0.0,0.0,75.0,0.0,0.0
3-5 дней,2026-08-09T10:19:29Z,2026-08-13T08:00:00Z,93.7,0.0,0.0,50.0,0.0,0.0
3-5 дней,2026-08-09T10:19:29Z,2026-08-13T09:00:00Z,94.7,0.0,0.0,25.0,0.0,0.0
3-5 дней,2026-08-09T10:19:29Z,2026-08-13T10:00:00Z,95.7,0.0,0.0,25.0,0.0,0.0
3-5 дней,2026-08-09T10:19:29Z,2026-08-13T11:00:00Z,96.7,0.0,0.0,12.5,0.0,0.0
3-5 дней,2026-08-09T10:19:29Z,2026-08-13T12:00:00Z,97.7,0.0,0.0,12.5,0.0,0.0
3-5 дней,2026-08-09T10:19:29Z,2026-08-13T13:00:00Z,98.7,0.0,0.0,0.0,0.0,0.0
3-5 дней,2026-08-09T10:19:29Z,2026-08-13T14:00:00Z,99.7,0.0,0.0,0.0,0.0,0.0
3-5 дней,2026-08-09T10:19:29Z,2026-08-13T15:00:00Z,100.7,0.0,0.0,0.0,0.0,0.0
3-5 дней,2026-08-09T10:19:29Z,2026-08-13T16:00:00Z,101.7,0.0,0.0,0.0,0.0,0.0
3-5 дней,2026-08-09T10:19:29Z,2026-08-13T17:00:00Z,102.7,0.0,0.0,0.0,0.0,0.0
3-5 дней,2026-08-09T10:19:29Z,2026-08-13T18:00:00Z,103.7,0.0,0.0,0.0,0.0,0.0
3-5 дней,2026-08-09T10:19:29Z,2026-08-14T06:00:00Z,115.7,0.0,0.0,0.0,0.0,0.0
3-5 дней,2026-08-09T10:19:29Z,2026-08-14T07:00:00Z,116.7,0.0,0.0,0.0,0.0,0.0
3-5 дней,2026-08-09T10:19:29Z,2026-08-14T08:00:00Z,117.7,0.0,0.0,0.0,0.0,0.0
3-5 дней,2026-08-09T10:19:29Z,2026-08-14T09:00:00Z,118.7,0.0,0.0,0.0,0.0,0.0
3-5 дней,2026-08-09T10:19:29Z,2026-08-14T10:00:00Z,119.7,0.0,0.0,0.0,0.0,0.0
3-5 дней,2026-08-09T12:41:38Z,2026-08-12T13:00:00Z,72.3,0.0,0.0,0.0,0.0,0.0
3-5 дней,2026-08-09T12:41:38Z,2026-08-12T14:00:00Z,73.3,0.0,0.0,0.0,0.0,0.0
3-5 дней,2026-08-09T12:41:38Z,2026-08-12T15:00:00Z,74.3,0.0,0.0,0.0,0.0,0.0
3-5 дней,2026-08-09T12:41:38Z,2026-08-12T16:00:00Z,75.3,0.0,0.0,0.0,0.0,0.0
3-5 дней,2026-08-09T12:41:38Z,2026-08-12T17:00:00Z,76.3,0.0,0.0,0.0,0.0,0.0
3-5 дней,2026-08-09T12:41:38Z,2026-08-12T18:00:00Z,77.3,0.0,0.0,0.0,0.0,0.0
3-5 дней,2026-08-09T12:41:38Z,2026-08-13T06:00:00Z,89.3,0.0,0.0,75.0,0.0,0.0
3-5 дней,2026-08-09T12:41:38Z,2026-08-13T07:00:00Z,90.3,0.0,0.0,75.0,0.0,0.0
3-5 дней,2026-08-09T12:41:38Z,2026-08-13T08:00:00Z,91.3,0.0,0.0,50.0,0.0,0.0
3-5 дней,2026-08-09T12:41:38Z,2026-08-13T09:00:00Z,92.3,0.0,0.0,25.0,0.0,0.0
3-5 дней,2026-08-09T12:41:38Z,2026-08-13T10:00:00Z,93.3,0.0,0.0,25.0,0.0,0.0
3-5 дней,2026-08-09T12:41:38Z,2026-08-13T11:00:00Z,94.3,0.0,0.0,12.5,0.0,0.0
3-5 дней,2026-08-09T12:41:38Z,2026-08-13T12:00:00Z,95.3,0.0,0.0,12.5,0.0,0.0
3-5 дней,2026-08-09T12:41:38Z,2026-08-13T13:00:00Z,96.3,0.0,0.0,0.0,0.0,0.0
3-5 дней,2026-08-09T12:41:38Z,2026-08-13T14:00:00Z,97.3,0.0,0.0,0.0,0.0,0.0
3-5 дней,2026-08-09T12:41:38Z,2026-08-13T15:00:00Z,98.3,0.0,0.0,0.0,0.0,0.0
3-5 дней,2026-08-09T12:41:38Z,2026-08-13T16:00:00Z,99.3,0.0,0.0,0.0,0.0,0.0
3-5 дней,2026-08-09T12:41:38Z,2026-08-13T17:00:00Z,100.3,0.0,0.0,0.0,0.0,0.0
3-5 дней,2026-08-09T12:41:38Z,2026-08-13T18:00:00Z,101.3,0.0,0.0,0.0,0.0,0.0
3-5 дней,2026-08-09T12:41:38Z,2026-08-14T06:00:00Z,113.3,0.0,0.0,0.0,0.0,0.0
3-5 дней,2026-08-09T12:41:38Z,2026-08-14T07:00:00Z,114.3,0.0,0.0,0.0,0.0,0.0
3-5 дней,2026-08-09T12:41:38Z,2026-08-14T08:00:00Z,115.3,0.0,0.0,0.0,0.0,0.0
3-5 дней,2026-08-09T12:41:38Z,2026-08-14T09:00:00Z,116.3,0.0,0.0,0.0,0.0,0.0
3-5 дней,2026-08-09T12:41:38Z,2026-08-14T10:00:00Z,117.3,0.0,0.0,0.0,0.0,0.0
3-5 дней,2026-08-09T12:41:38Z,2026-08-14T11:00:00Z,118.3,0.0,25.0,0.0,-25.0,25.0
3-5 дней,2026-08-09T12:41:38Z,2026-08-14T12:00:00Z,119.3,0.0,25.0,0.0,-25.0,25.0
3-5 дней,2026-08-09T12:45:53Z,2026-08-12T13:00:00Z,72.2,0.0,0.0,0.0,0.0,0.0
3-5 дней,2026-08-09T12:45:53Z,2026-08-12T14:00:00Z,73.2,0.0,0.0,0.0,0.0,0.0
3-5 дней,2026-08-09T12:45:53Z,2026-08-12T15:00:00Z,74.2,0.0,0.0,0.0,0.0,0.0
3-5 дней,2026-08-09T12:45:53Z,2026-08-12T16:00:00Z,75.2,0.0,0.0,0.0,0.0,0.0
3-5 дней,2026-08-09T12:45:53Z,2026-08-12T17:00:00Z,76.2,0.0,0.0,0.0,0.0,0.0
3-5 дней,2026-08-09T12:45:53Z,2026-08-12T18:00:00Z,77.2,0.0,0.0,0.0,0.0,0.0
3-5 дней,2026-08-09T12:45:53Z,2026-08-13T06:00:00Z,89.2,0.0,0.0,75.0,0.0,0.0
3-5 дней,2026-08-09T12:45:53Z,2026-08-13T07:00:00Z,90.2,0.0,0.0,75.0,0.0,0.0
3-5 дней,2026-08-09T12:45:53Z,2026-08-13T08:00:00Z,91.2,0.0,0.0,50.0,0.0,0.0
3-5 дней,2026-08-09T12:45:53Z,2026-08-13T09:00:00Z,92.2,0.0,0.0,25.0,0.0,0.0
3-5 дней,2026-08-09T12:45:53Z,2026-08-13T10:00:00Z,93.2,0.0,0.0,25.0,0.0,0.0
3-5 дней,2026-08-09T12:45:53Z,2026-08-13T11:00:00Z,94.2,0.0,0.0,12.5,0.0,0.0
3-5 дней,2026-08-09T12:45:53Z,2026-08-13T12:00:00Z,95.2,0.0,0.0,12.5,0.0,0.0
3-5 дней,2026-08-09T12:45:53Z,2026-08-13T13:00:00Z,96.2,0.0,0.0,0.0,0.0,0.0
3-5 дней,2026-08-09T12:45:53Z,2026-08-13T14:00:00Z,97.2,0.0,0.0,0.0,0.0,0.0
3-5 дней,2026-08-09T12:45:53Z,2026-08-13T15:00:00Z,98.2,0.0,0.0,0.0,0.0,0.0
3-5 дней,2026-08-09T12:45:53Z,2026-08-13T16:00:00Z,99.2,0.0,0.0,0.0,0.0,0.0
3-5 дней,2026-08-09T12:45:53Z,2026-08-13T17:00:00Z,100.2,0.0,0.0,0.0,0.0,0.0
3-5 дней,2026-08-09T12:45:53Z,2026-08-13T18:00:00Z,101.2,0.0,0.0,0.0,0.0,0.0
3-5 дней,2026-08-09T12:45:53Z,2026-08-14T06:00:00Z,113.2,0.0,0.0,0.0,0.0,0.0
3-5 дней,2026-08-09T12:45:53Z,2026-08-14T07:00:00Z,114.2,0.0,0.0,0.0,0.0,0.0
3-5 дней,2026-08-09T12:45:53Z,2026-08-14T08:00:00Z,115.2,0.0,0.0,0.0,0.0,0.0
3-5 дней,2026-08-09T12:45:53Z,2026-08-14T09:00:00Z,116.2,0.0,0.0,0.0,0.0,0.0
3-5 дней,2026-08-09T12:45:53Z,2026-08-14T10:00:00Z,117.2,0.0,0.0,0.0,0.0,0.0
3-5 дней,2026-08-09T12:45:53Z,2026-08-14T11:00:00Z,118.2,0.0,25.0,0.0,-25.0,25.0
3-5 дней,2026-08-09T12:45:53Z,2026-08-14T12:00:00Z,119.2,0.0,25.0,0.0,-25.0,25.0
3-5 дней,2026-08-09T12:48:15Z,2026-08-12T13:00:00Z,72.2,0.0,0.0,0.0,0.0,0.0
3-5 дней,2026-08-09T12:48:15Z,2026-08-12T14:00:00Z,73.2,0.0,0.0,0.0,0.0,0.0
3-5 дней,2026-08-09T12:48:15Z,2026-08-12T15:00:00Z,74.2,0.0,0.0,0.0,0.0,0.0
3-5 дней,2026-08-09T12:48:15Z,2026-08-12T16:00:00Z,75.2,0.0,0.0,0.0,0.0,0.0
3-5 дней,2026-08-09T12:48:15Z,2026-08-12T17:00:00Z,76.2,0.0,0.0,0.0,0.0,0.0
3-5 дней,2026-08-09T12:48:15Z,2026-08-12T18:00:00Z,77.2,0.0,0.0,0.0,0.0,0.0
3-5 дней,2026-08-09T12:48:15Z,2026-08-13T06:00:00Z,89.2,0.0,0.0,75.0,0.0,0.0
3-5 дней,2026-08-09T12:48:15Z,2026-08-13T07:00:00Z,90.2,0.0,0.0,75.0,0.0,0.0
3-5 дней,2026-08-09T12:48:15Z,2026-08-13T08:00:00Z,91.2,0.0,0.0,50.0,0.0,0.0
3-5 дней,2026-08-09T12:48:15Z,2026-08-13T09:00:00Z,92.2,0.0,0.0,25.0,0.0,0.0
3-5 дней,2026-08-09T12:48:15Z,2026-08-13T10:00:00Z,93.2,0.0,0.0,25.0,0.0,0.0
3-5 дней,2026-08-09T12:48:15Z,2026-08-13T11:00:00Z,94.2,0.0,0.0,12.5,0.0,0.0
3-5 дней,2026-08-09T12:48:15Z,2026-08-13T12:00:00Z,95.2,0.0,0.0,12.5,0.0,0.0
3-5 дней,2026-08-09T12:48:15Z,2026-08-13T13:00:00Z,96.2,0.0,0.0,0.0,0.0,0.0
3-5 дней,2026-08-09T12:48:15Z,2026-08-13T14:00:00Z,97.2,0.0,0.0,0.0,0.0,0.0
3-5 дней,2026-08-09T12:48:15Z,2026-08-13T15:00:00Z,98.2,0.0,0.0,0.0,0.0,0.0
3-5 дней,2026-08-09T12:48:15Z,2026-08-13T16:00:00Z,99.2,0.0,0.0,0.0,0.0,0.0
3-5 дней,2026-08-09T12:48:15Z,2026-08-13T17:00:00Z,100.2,0.0,0.0,0.0,0.0,0.0
3-5 дней,2026-08-09T12:48:15Z,2026-08-13T18:00:00Z,101.2,0.0,0.0,0.0,0.0,0.0
3-5 дней,2026-08-09T12:48:15Z,2026-08-14T06:00:00Z,113.2,0.0,0.0,0.0,0.0,0.0
3-5 дней,2026-08-09T12:48:15Z,2026-08-14T07:00:00Z,114.2,0.0,0.0,0.0,0.0,0.0
3-5 дней,2026-08-09T12:48:15Z,2026-08-14T08:00:00Z,115.2,0.0,0.0,0.0,0.0,0.0
3-5 дней,2026-08-09T12:48:15Z,2026-08-14T09:00:00Z,116.2,0.0,0.0,0.0,0.0,0.0
3-5 дней,2026-08-09T12:48:15Z,2026-08-14T10:00:00Z,117.2,0.0,0.0,0.0,0.0,0.0
3-5 дней,2026-08-09T12:48:15Z,2026-08-14T11:00:00Z,118.2,0.0,25.0,0.0,-25.0,25.0
3-5 дней,2026-08-09T12:48:15Z,2026-08-14T12:00:00Z,119.2,0.0,25.0,0.0,-25.0,25.0
3-5 дней,2026-08-09T16:31:44Z,2026-08-12T17:00:00Z,72.5,0.0,0.0,0.0,0.0,0.0
3-5 дней,2026-08-09T16:31:44Z,2026-08-12T18:00:00Z,73.5,0.0,0.0,0.0,0.0,0.0
3-5 дней,2026-08-09T16:31:44Z,2026-08-13T06:00:00Z,85.5,0.0,0.0,75.0,0.0,0.0
3-5 дней,2026-08-09T16:31:44Z,2026-08-13T07:00:00Z,86.5,0.0,0.0,75.0,0.0,0.0
3-5 дней,2026-08-09T16:31:44Z,2026-08-13T08:00:00Z,87.5,0.0,0.0,50.0,0.0,0.0
3-5 дней,2026-08-09T16:31:44Z,2026-08-13T09:00:00Z,88.5,0.0,0.0,25.0,0.0,0.0
3-5 дней,2026-08-09T16:31:44Z,2026-08-13T10:00:00Z,89.5,0.0,0.0,25.0,0.0,0.0
3-5 дней,2026-08-09T16:31:44Z,2026-08-13T11:00:00Z,90.5,0.0,0.0,12.5,0.0,0.0
3-5 дней,2026-08-09T16:31:44Z,2026-08-13T12:00:00Z,91.5,0.0,0.0,12.5,0.0,0.0
3-5 дней,2026-08-09T16:31:44Z,2026-08-13T13:00:00Z,92.5,0.0,0.0,0.0,0.0,0.0
3-5 дней,2026-08-09T16:31:44Z,2026-08-13T14:00:00Z,93.5,0.0,0.0,0.0,0.0,0.0
3-5 дней,2026-08-09T16:31:44Z,2026-08-13T15:00:00Z,94.5,0.0,0.0,0.0,0.0,0.0
3-5 дней,2026-08-09T16:31:44Z,2026-08-13T16:00:00Z,95.5,0.0,0.0,0.0,0.0,0.0
3-5 дней,2026-08-09T16:31:44Z,2026-08-13T17:00:00Z,96.5,0.0,0.0,0.0,0.0,0.0
3-5 дней,2026-08-09T16:31:44Z,2026-08-13T18:00:00Z,97.5,0.0,0.0,0.0,0.0,0.0
3-5 дней,2026-08-09T16:31:44Z,2026-08-14T06:00:00Z,109.5,0.0,0.0,0.0,0.0,0.0
3-5 дней,2026-08-09T16:31:44Z,2026-08-14T07:00:00Z,110.5,0.0,0.0,0.0,0.0,0.0
3-5 дней,2026-08-09T16:31:44Z,2026-08-14T08:00:00Z,111.5,0.0,0.0,0.0,0.0,0.0
3-5 дней,2026-08-09T16:31:44Z,2026-08-14T09:00:00Z,112.5,0.0,0.0,0.0,0.0,0.0
3-5 дней,2026-08-09T16:31:44Z,2026-08-14T10:00:00Z,113.5,0.0,0.0,0.0,0.0,0.0
3-5 дней,2026-08-09T16:31:44Z,2026-08-14T11:00:00Z,114.5,0.0,25.0,0.0,-25.0,25.0
3-5 дней,2026-08-09T16:31:44Z,2026-08-14T12:00:00Z,115.5,0.0,25.0,0.0,-25.0,25.0
3-5 дней,2026-08-09T16:31:44Z,2026-08-14T13:00:00Z,116.5,0.0,25.0,0.0,-25.0,25.0
3-5 дней,2026-08-09T16:31:44Z,2026-08-14T14:00:00Z,117.5,1.0,25.0,0.0,-24.0,24.0
3-5 дней,2026-08-09T16:31:44Z,2026-08-14T15:00:00Z,118.5,1.0,12.5,0.0,-11.5,11.5
3-5 дней,2026-08-09T16:31:44Z,2026-08-14T16:00:00Z,119.5,1.0,12.5,0.0,-11.5,11.5
3-5 дней,2026-08-09T22:39:09Z,2026-08-13T06:00:00Z,79.3,0.0,0.0,75.0,0.0,0.0
3-5 дней,2026-08-09T22:39:09Z,2026-08-13T07:00:00Z,80.3,0.0,0.0,75.0,0.0,0.0
3-5 дней,2026-08-09T22:39:09Z,2026-08-13T08:00:00Z,81.3,0.0,0.0,50.0,0.0,0.0
3-5 дней,2026-08-09T22:39:09Z,2026-08-13T09:00:00Z,82.3,0.0,0.0,25.0,0.0,0.0
3-5 дней,2026-08-09T22:39:09Z,2026-08-13T10:00:00Z,83.3,0.0,0.0,25.0,0.0,0.0
3-5 дней,2026-08-09T22:39:09Z,2026-08-13T11:00:00Z,84.3,0.0,0.0,12.5,0.0,0.0
3-5 дней,2026-08-09T22:39:09Z,2026-08-13T12:00:00Z,85.3,0.0,0.0,12.5,0.0,0.0
3-5 дней,2026-08-09T22:39:09Z,2026-08-13T13:00:00Z,86.3,0.0,0.0,0.0,0.0,0.0
3-5 дней,2026-08-09T22:39:09Z,2026-08-13T14:00:00Z,87.3,0.0,0.0,0.0,0.0,0.0
3-5 дней,2026-08-09T22:39:09Z,2026-08-13T15:00:00Z,88.3,0.0,0.0,0.0,0.0,0.0
3-5 дней,2026-08-09T22:39:09Z,2026-08-13T16:00:00Z,89.3,0.0,0.0,0.0,0.0,0.0
3-5 дней,2026-08-09T22:39:09Z,2026-08-13T17:00:00Z,90.3,0.0,0.0,0.0,0.0,0.0
3-5 дней,2026-08-09T22:39:09Z,2026-08-13T18:00:00Z,91.3,0.0,0.0,0.0,0.0,0.0
3-5 дней,2026-08-09T22:39:09Z,2026-08-14T06:00:00Z,103.3,0.0,0.0,0.0,0.0,0.0
3-5 дней,2026-08-09T22:39:09Z,2026-08-14T07:00:00Z,104.3,0.0,0.0,0.0,0.0,0.0
3-5 дней,2026-08-09T22:39:09Z,2026-08-14T08:00:00Z,105.3,0.0,0.0,0.0,0.0,0.0
3-5 дней,2026-08-09T22:39:09Z,2026-08-14T09:00:00Z,106.3,0.0,0.0,0.0,0.0,0.0
3-5 дней,2026-08-09T22:39:09Z,2026-08-14T10:00:00Z,107.3,0.0,0.0,0.0,0.0,0.0
3-5 дней,2026-08-09T22:39:09Z,2026-08-14T11:00:00Z,108.3,0.0,25.0,0.0,-25.0,25.0
3-5 дней,2026-08-09T22:39:09Z,2026-08-14T12:00:00Z,109.3,0.0,25.0,0.0,-25.0,25.0
3-5 дней,2026-08-09T22:39:09Z,2026-08-14T13:00:00Z,110.3,0.0,25.0,0.0,-25.0,25.0
3-5 дней,2026-08-09T22:39:09Z,2026-08-14T14:00:00Z,111.3,0.0,25.0,0.0,-25.0,25.0
3-5 дней,2026-08-09T22:39:09Z,2026-08-14T15:00:00Z,112.3,0.0,12.5,0.0,-12.5,12.5
3-5 дней,2026-08-09T22:39:09Z,2026-08-14T16:00:00Z,113.3,0.0,12.5,0.0,-12.5,12.5
3-5 дней,2026-08-09T22:39:09Z,2026-08-14T17:00:00Z,114.3,0.0,12.5,0.0,-12.5,12.5
3-5 дней,2026-08-09T22:39:09Z,2026-08-14T18:00:00Z,115.3,0.0,25.0,0.0,-25.0,25.0
3-5 дней,2026-08-10T05:20:42Z,2026-08-13T06:00:00Z,72.7,0.0,0.0,75.0,0.0,0.0
3-5 дней,2026-08-10T05:20:42Z,2026-08-13T07:00:00Z,73.7,0.0,0.0,75.0,0.0,0.0
3-5 дней,2026-08-10T05:20:42Z,2026-08-13T08:00:00Z,74.7,0.0,0.0,50.0,0.0,0.0
3-5 дней,2026-08-10T05:20:42Z,2026-08-13T09:00:00Z,75.7,0.0,0.0,25.0,0.0,0.0
3-5 дней,2026-08-10T05:20:42Z,2026-08-13T10:00:00Z,76.7,0.0,0.0,25.0,0.0,0.0
3-5 дней,2026-08-10T05:20:42Z,2026-08-13T11:00:00Z,77.7,0.0,0.0,12.5,0.0,0.0
3-5 дней,2026-08-10T05:20:42Z,2026-08-13T12:00:00Z,78.7,0.0,0.0,12.5,0.0,0.0
3-5 дней,2026-08-10T05:20:42Z,2026-08-13T13:00:00Z,79.7,0.0,0.0,0.0,0.0,0.0
3-5 дней,2026-08-10T05:20:42Z,2026-08-13T14:00:00Z,80.7,0.0,0.0,0.0,0.0,0.0
3-5 дней,2026-08-10T05:20:42Z,2026-08-13T15:00:00Z,81.7,0.0,0.0,0.0,0.0,0.0
3-5 дней,2026-08-10T05:20:42Z,2026-08-13T16:00:00Z,82.7,0.0,0.0,0.0,0.0,0.0
3-5 дней,2026-08-10T05:20:42Z,2026-08-13T17:00:00Z,83.7,0.0,0.0,0.0,0.0,0.0
3-5 дней,2026-08-10T05:20:42Z,2026-08-13T18:00:00Z,84.7,0.0,0.0,0.0,0.0,0.0
3-5 дней,2026-08-10T05:20:42Z,2026-08-14T06:00:00Z,96.7,0.0,0.0,0.0,0.0,0.0
3-5 дней,2026-08-10T05:20:42Z,2026-08-14T07:00:00Z,97.7,0.0,0.0,0.0,0.0,0.0
3-5 дней,2026-08-10T05:20:42Z,2026-08-14T08:00:00Z,98.7,0.0,0.0,0.0,0.0,0.0
3-5 дней,2026-08-10T05:20:42Z,2026-08-14T09:00:00Z,99.7,0.0,0.0,0.0,0.0,0.0
3-5 дней,2026-08-10T05:20:42Z,2026-08-14T10:00:00Z,100.7,0.0,0.0,0.0,0.0,0.0
3-5 дней,2026-08-10T05:20:42Z,2026-08-14T11:00:00Z,101.7,0.0,25.0,0.0,-25.0,25.0
3-5 дней,2026-08-10T05:20:42Z,2026-08-14T12:00:00Z,102.7,0.0,25.0,0.0,-25.0,25.0
3-5 дней,2026-08-10T05:20:42Z,2026-08-14T13:00:00Z,103.7,0.0,25.0,0.0,-25.0,25.0
3-5 дней,2026-08-10T05:20:42Z,2026-08-14T14:00:00Z,104.7,0.0,25.0,0.0,-25.0,25.0
3-5 дней,2026-08-10T05:20:42Z,2026-08-14T15:00:00Z,105.7,0.0,12.5,0.0,-12.5,12.5
3-5 дней,2026-08-10T05:20:42Z,2026-08-14T16:00:00Z,106.7,0.0,12.5,0.0,-12.5,12.5
3-5 дней,2026-08-10T05:20:42Z,2026-08-14T17:00:00Z,107.7,0.0,12.5,0.0,-12.5,12.5
3-5 дней,2026-08-10T05:20:42Z,2026-08-14T18:00:00Z,108.7,0.0,25.0,0.0,-25.0,25.0
3-5 дней,2026-08-10T10:53:28Z,2026-08-13T11:00:00Z,72.1,0.0,0.0,12.5,0.0,0.0
3-5 дней,2026-08-10T10:53:28Z,2026-08-13T12:00:00Z,73.1,0.0,0.0,12.5,0.0,0.0
3-5 дней,2026-08-10T10:53:28Z,2026-08-13T13:00:00Z,74.1,0.0,0.0,0.0,0.0,0.0
3-5 дней,2026-08-10T10:53:28Z,2026-08-13T14:00:00Z,75.1,0.0,0.0,0.0,0.0,0.0
3-5 дней,2026-08-10T10:53:28Z,2026-08-13T15:00:00Z,76.1,0.0,0.0,0.0,0.0,0.0
3-5 дней,2026-08-10T10:53:28Z,2026-08-13T16:00:00Z,77.1,0.0,0.0,0.0,0.0,0.0
3-5 дней,2026-08-10T10:53:28Z,2026-08-13T17:00:00Z,78.1,0.0,0.0,0.0,0.0,0.0
3-5 дней,2026-08-10T10:53:28Z,2026-08-13T18:00:00Z,79.1,0.0,0.0,0.0,0.0,0.0
3-5 дней,2026-08-10T10:53:28Z,2026-08-14T06:00:00Z,91.1,0.0,0.0,0.0,0.0,0.0
3-5 дней,2026-08-10T10:53:28Z,2026-08-14T07:00:00Z,92.1,0.0,0.0,0.0,0.0,0.0
3-5 дней,2026-08-10T10:53:28Z,2026-08-14T08:00:00Z,93.1,0.0,0.0,0.0,0.0,0.0
3-5 дней,2026-08-10T10:53:28Z,2026-08-14T09:00:00Z,94.1,0.0,0.0,0.0,0.0,0.0
3-5 дней,2026-08-10T10:53:28Z,2026-08-14T10:00:00Z,95.1,0.0,0.0,0.0,0.0,0.0
3-5 дней,2026-08-10T10:53:28Z,2026-08-14T11:00:00Z,96.1,0.0,25.0,0.0,-25.0,25.0
3-5 дней,2026-08-10T10:53:28Z,2026-08-14T12:00:00Z,97.1,0.0,25.0,0.0,-25.0,25.0
3-5 дней,2026-08-10T10:53:28Z,2026-08-14T13:00:00Z,98.1,0.0,25.0,0.0,-25.0,25.0
3-5 дней,2026-08-10T10:53:28Z,2026-08-14T14:00:00Z,99.1,1.0,25.0,0.0,-24.0,24.0
3-5 дней,2026-08-10T10:53:28Z,2026-08-14T15:00:00Z,100.1,1.0,12.5,0.0,-11.5,11.5
3-5 дней,2026-08-10T10:53:28Z,2026-08-14T16:00:00Z,101.1,1.0,12.5,0.0,-11.5,11.5
3-5 дней,2026-08-10T10:53:28Z,2026-08-14T17:00:00Z,102.1,0.0,12.5,0.0,-12.5,12.5
3-5 дней,2026-08-10T10:53:28Z,2026-08-14T18:00:00Z,103.1,0.0,25.0,0.0,-25.0,25.0
3-5 дней,2026-08-10T10:53:28Z,2026-08-15T06:00:00Z,115.1,0.0,0.0,0.0,0.0,0.0
3-5 дней,2026-08-10T10:53:28Z,2026-08-15T07:00:00Z,116.1,0.0,0.0,0.0,0.0,0.0
3-5 дней,2026-08-10T10:53:28Z,2026-08-15T08:00:00Z,117.1,0.0,0.0,0.0,0.0,0.0
3-5 дней,2026-08-10T10:53:28Z,2026-08-15T09:00:00Z,118.1,0.0,0.0,0.0,0.0,0.0
3-5 дней,2026-08-10T10:53:28Z,2026-08-15T10:00:00Z,119.1,0.0,0.0,0.0,0.0,0.0
3-5 дней,2026-08-10T16:52:05Z,2026-08-13T17:00:00Z,72.1,0.0,0.0,0.0,0.0,0.0
3-5 дней,2026-08-10T16:52:05Z,2026-08-13T18:00:00Z,73.1,0.0,0.0,0.0,0.0,0.0
3-5 дней,2026-08-10T16:52:05Z,2026-08-14T06:00:00Z,85.1,0.0,0.0,0.0,0.0,0.0
3-5 дней,2026-08-10T16:52:05Z,2026-08-14T07:00:00Z,86.1,0.0,0.0,0.0,0.0,0.0
3-5 дней,2026-08-10T16:52:05Z,2026-08-14T08:00:00Z,87.1,0.0,0.0,0.0,0.0,0.0
3-5 дней,2026-08-10T16:52:05Z,2026-08-14T09:00:00Z,88.1,0.0,0.0,0.0,0.0,0.0
3-5 дней,2026-08-10T16:52:05Z,2026-08-14T10:00:00Z,89.1,0.0,0.0,0.0,0.0,0.0
3-5 дней,2026-08-10T16:52:05Z,2026-08-14T11:00:00Z,90.1,0.0,25.0,0.0,-25.0,25.0
3-5 дней,2026-08-10T16:52:05Z,2026-08-14T12:00:00Z,91.1,0.0,25.0,0.0,-25.0,25.0
3-5 дней,2026-08-10T16:52:05Z,2026-08-14T13:00:00Z,92.1,0.0,25.0,0.0,-25.0,25.0
3-5 дней,2026-08-10T16:52:05Z,2026-08-14T14:00:00Z,93.1,1.0,25.0,0.0,-24.0,24.0
3-5 дней,2026-08-10T16:52:05Z,2026-08-14T15:00:00Z,94.1,1.0,12.5,0.0,-11.5,11.5
3-5 дней,2026-08-10T16:52:05Z,2026-08-14T16:00:00Z,95.1,1.0,12.5,0.0,-11.5,11.5
3-5 дней,2026-08-10T16:52:05Z,2026-08-14T17:00:00Z,96.1,0.0,12.5,0.0,-12.5,12.5
3-5 дней,2026-08-10T16:52:05Z,2026-08-14T18:00:00Z,97.1,0.0,25.0,0.0,-25.0,25.0
3-5 дней,2026-08-10T16:52:05Z,2026-08-15T06:00:00Z,109.1,0.0,0.0,0.0,0.0,0.0
3-5 дней,2026-08-10T16:52:05Z,2026-08-15T07:00:00Z,110.1,0.0,0.0,0.0,0.0,0.0
3-5 дней,2026-08-10T16:52:05Z,2026-08-15T08:00:00Z,111.1,0.0,0.0,0.0,0.0,0.0
3-5 дней,2026-08-10T16:52:05Z,2026-08-15T09:00:00Z,112.1,0.0,0.0,0.0,0.0,0.0
3-5 дней,2026-08-10T16:52:05Z,2026-08-15T10:00:00Z,113.1,0.0,0.0,0.0,0.0,0.0
3-5 дней,2026-08-10T16:52:05Z,2026-08-15T11:00:00Z,114.1,0.0,0.0,25.0,0.0,0.0
3-5 дней,2026-08-10T16:52:05Z,2026-08-15T12:00:00Z,115.1,0.0,0.0,25.0,0.0,0.0
3-5 дней,2026-08-10T16:52:05Z,2026-08-15T13:00:00Z,116.1,0.0,0.0,25.0,0.0,0.0
3-5 дней,2026-08-10T16:52:05Z,2026-08-15T14:00:00Z,117.1,0.0,0.0,25.0,0.0,0.0
3-5 дней,2026-08-10T16:52:05Z,2026-08-15T15:00:00Z,118.1,0.0,0.0,12.5,0.0,0.0
3-5 дней,2026-08-10T16:52:05Z,2026-08-15T16:00:00Z,119.1,0.0,0.0,12.5,0.0,0.0
3-5 дней,2026-08-10T22:47:13Z,2026-08-14T06:00:00Z,79.2,0.0,0.0,0.0,0.0,0.0
3-5 дней,2026-08-10T22:47:13Z,2026-08-14T07:00:00Z,80.2,0.0,0.0,0.0,0.0,0.0
3-5 дней,2026-08-10T22:47:13Z,2026-08-14T08:00:00Z,81.2,0.0,0.0,0.0,0.0,0.0
3-5 дней,2026-08-10T22:47:13Z,2026-08-14T09:00:00Z,82.2,0.0,0.0,0.0,0.0,0.0
3-5 дней,2026-08-10T22:47:13Z,2026-08-14T10:00:00Z,83.2,0.0,0.0,0.0,0.0,0.0
3-5 дней,2026-08-10T22:47:13Z,2026-08-14T11:00:00Z,84.2,0.0,25.0,0.0,-25.0,25.0
3-5 дней,2026-08-10T22:47:13Z,2026-08-14T12:00:00Z,85.2,0.0,25.0,0.0,-25.0,25.0
3-5 дней,2026-08-10T22:47:13Z,2026-08-14T13:00:00Z,86.2,0.0,25.0,0.0,-25.0,25.0
3-5 дней,2026-08-10T22:47:13Z,2026-08-14T14:00:00Z,87.2,0.0,25.0,0.0,-25.0,25.0
3-5 дней,2026-08-10T22:47:13Z,2026-08-14T15:00:00Z,88.2,0.0,12.5,0.0,-12.5,12.5
3-5 дней,2026-08-10T22:47:13Z,2026-08-14T16:00:00Z,89.2,0.0,12.5,0.0,-12.5,12.5
3-5 дней,2026-08-10T22:47:13Z,2026-08-14T17:00:00Z,90.2,0.0,12.5,0.0,-12.5,12.5
3-5 дней,2026-08-10T22:47:13Z,2026-08-14T18:00:00Z,91.2,0.0,25.0,0.0,-25.0,25.0
3-5 дней,2026-08-10T22:47:13Z,2026-08-15T06:00:00Z,103.2,0.0,0.0,0.0,0.0,0.0
3-5 дней,2026-08-10T22:47:13Z,2026-08-15T07:00:00Z,104.2,0.0,0.0,0.0,0.0,0.0
3-5 дней,2026-08-10T22:47:13Z,2026-08-15T08:00:00Z,105.2,0.0,0.0,0.0,0.0,0.0
3-5 дней,2026-08-10T22:47:13Z,2026-08-15T09:00:00Z,106.2,0.0,0.0,0.0,0.0,0.0
3-5 дней,2026-08-10T22:47:13Z,2026-08-15T10:00:00Z,107.2,0.0,0.0,0.0,0.0,0.0
3-5 дней,2026-08-10T22:47:13Z,2026-08-15T11:00:00Z,108.2,0.0,0.0,25.0,0.0,0.0
3-5 дней,2026-08-10T22:47:13Z,2026-08-15T12:00:00Z,109.2,0.0,0.0,25.0,0.0,0.0
3-5 дней,2026-08-10T22:47:13Z,2026-08-15T13:00:00Z,110.2,0.0,0.0,25.0,0.0,0.0
3-5 дней,2026-08-10T22:47:13Z,2026-08-15T14:00:00Z,111.2,0.0,0.0,25.0,0.0,0.0
3-5 дней,2026-08-10T22:47:13Z,2026-08-15T15:00:00Z,112.2,0.0,0.0,12.5,0.0,0.0
3-5 дней,2026-08-10T22:47:13Z,2026-08-15T16:00:00Z,113.2,0.0,0.0,12.5,0.0,0.0
3-5 дней,2026-08-10T22:47:13Z,2026-08-15T17:00:00Z,114.2,0.0,0.0,12.5,0.0,0.0
3-5 дней,2026-08-10T22:47:13Z,2026-08-15T18:00:00Z,115.2,0.0,0.0,25.0,0.0,0.0
3-5 дней,2026-08-11T05:01:49Z,2026-08-14T06:00:00Z,73.0,0.0,0.0,0.0,0.0,0.0
3-5 дней,2026-08-11T05:01:49Z,2026-08-14T07:00:00Z,74.0,0.0,0.0,0.0,0.0,0.0
3-5 дней,2026-08-11T05:01:49Z,2026-08-14T08:00:00Z,75.0,0.0,0.0,0.0,0.0,0.0
3-5 дней,2026-08-11T05:01:49Z,2026-08-14T09:00:00Z,76.0,0.0,0.0,0.0,0.0,0.0
3-5 дней,2026-08-11T05:01:49Z,2026-08-14T10:00:00Z,77.0,0.0,0.0,0.0,0.0,0.0
3-5 дней,2026-08-11T05:01:49Z,2026-08-14T11:00:00Z,78.0,0.0,25.0,0.0,-25.0,25.0
3-5 дней,2026-08-11T05:01:49Z,2026-08-14T12:00:00Z,79.0,0.0,25.0,0.0,-25.0,25.0
3-5 дней,2026-08-11T05:01:49Z,2026-08-14T13:00:00Z,80.0,0.0,25.0,0.0,-25.0,25.0
3-5 дней,2026-08-11T05:01:49Z,2026-08-14T14:00:00Z,81.0,0.0,25.0,0.0,-25.0,25.0
3-5 дней,2026-08-11T05:01:49Z,2026-08-14T15:00:00Z,82.0,0.0,12.5,0.0,-12.5,12.5
3-5 дней,2026-08-11T05:01:49Z,2026-08-14T16:00:00Z,83.0,0.0,12.5,0.0,-12.5,12.5
3-5 дней,2026-08-11T05:01:49Z,2026-08-14T17:00:00Z,84.0,0.0,12.5,0.0,-12.5,12.5
3-5 дней,2026-08-11T05:01:49Z,2026-08-14T18:00:00Z,85.0,0.0,25.0,0.0,-25.0,25.0
3-5 дней,2026-08-11T05:01:49Z,2026-08-15T06:00:00Z,97.0,0.0,0.0,0.0,0.0,0.0
3-5 дней,2026-08-11T05:01:49Z,2026-08-15T07:00:00Z,98.0,0.0,0.0,0.0,0.0,0.0
3-5 дней,2026-08-11T05:01:49Z,2026-08-15T08:00:00Z,99.0,0.0,0.0,0.0,0.0,0.0
3-5 дней,2026-08-11T05:01:49Z,2026-08-15T09:00:00Z,100.0,0.0,0.0,0.0,0.0,0.0
3-5 дней,2026-08-11T05:01:49Z,2026-08-15T10:00:00Z,101.0,0.0,0.0,0.0,0.0,0.0
3-5 дней,2026-08-11T05:01:49Z,2026-08-15T11:00:00Z,102.0,0.0,0.0,25.0,0.0,0.0
3-5 дней,2026-08-11T05:01:49Z,2026-08-15T12:00:00Z,103.0,0.0,0.0,25.0,0.0,0.0
3-5 дней,2026-08-11T05:01:49Z,2026-08-15T13:00:00Z,104.0,0.0,0.0,25.0,0.0,0.0
3-5 дней,2026-08-11T05:01:49Z,2026-08-15T14:00:00Z,105.0,0.0,0.0,25.0,0.0,0.0
3-5 дней,2026-08-11T05:01:49Z,2026-08-15T15:00:00Z,106.0,0.0,0.0,12.5,0.0,0.0
3-5 дней,2026-08-11T05:01:49Z,2026-08-15T16:00:00Z,107.0,0.0,0.0,12.5,0.0,0.0
3-5 дней,2026-08-11T05:01:49Z,2026-08-15T17:00:00Z,108.0,0.0,0.0,12.5,0.0,0.0
3-5 дней,2026-08-11T05:01:49Z,2026-08-15T18:00:00Z,109.0,0.0,0.0,25.0,0.0,0.0
3-5 дней,2026-08-11T10:38:45Z,2026-08-14T11:00:00Z,72.4,0.0,25.0,0.0,-25.0,25.0
3-5 дней,2026-08-11T10:38:45Z,2026-08-14T12:00:00Z,73.4,0.0,25.0,0.0,-25.0,25.0
3-5 дней,2026-08-11T10:38:45Z,2026-08-14T13:00:00Z,74.4,1.0,25.0,0.0,-24.0,24.0
3-5 дней,2026-08-11T10:38:45Z,2026-08-14T14:00:00Z,75.4,1.0,25.0,0.0,-24.0,24.0
3-5 дней,2026-08-11T10:38:45Z,2026-08-14T15:00:00Z,76.4,2.0,12.5,0.0,-10.5,10.5
3-5 дней,2026-08-11T10:38:45Z,2026-08-14T16:00:00Z,77.4,2.0,12.5,0.0,-10.5,10.5
3-5 дней,2026-08-11T10:38:45Z,2026-08-14T17:00:00Z,78.4,2.0,12.5,0.0,-10.5,10.5
3-5 дней,2026-08-11T10:38:45Z,2026-08-14T18:00:00Z,79.4,2.0,25.0,0.0,-23.0,23.0
3-5 дней,2026-08-11T10:38:45Z,2026-08-15T06:00:00Z,91.4,0.0,0.0,0.0,0.0,0.0
3-5 дней,2026-08-11T10:38:45Z,2026-08-15T07:00:00Z,92.4,0.0,0.0,0.0,0.0,0.0
3-5 дней,2026-08-11T10:38:45Z,2026-08-15T08:00:00Z,93.4,0.0,0.0,0.0,0.0,0.0
3-5 дней,2026-08-11T10:38:45Z,2026-08-15T09:00:00Z,94.4,0.0,0.0,0.0,0.0,0.0
3-5 дней,2026-08-11T10:38:45Z,2026-08-15T10:00:00Z,95.4,0.0,0.0,0.0,0.0,0.0
3-5 дней,2026-08-11T10:38:45Z,2026-08-15T11:00:00Z,96.4,0.0,0.0,25.0,0.0,0.0
3-5 дней,2026-08-11T10:38:45Z,2026-08-15T12:00:00Z,97.4,0.0,0.0,25.0,0.0,0.0
3-5 дней,2026-08-11T10:38:45Z,2026-08-15T13:00:00Z,98.4,0.0,0.0,25.0,0.0,0.0
3-5 дней,2026-08-11T10:38:45Z,2026-08-15T14:00:00Z,99.4,0.0,0.0,25.0,0.0,0.0
3-5 дней,2026-08-11T10:38:45Z,2026-08-15T15:00:00Z,100.4,0.0,0.0,12.5,0.0,0.0
3-5 дней,2026-08-11T10:38:45Z,2026-08-15T16:00:00Z,101.4,0.0,0.0,12.5,0.0,0.0
3-5 дней,2026-08-11T10:38:45Z,2026-08-15T17:00:00Z,102.4,0.0,0.0,12.5,0.0,0.0
3-5 дней,2026-08-11T10:38:45Z,2026-08-15T18:00:00Z,103.4,0.0,0.0,25.0,0.0,0.0
3-5 дней,2026-08-11T10:38:45Z,2026-08-16T06:00:00Z,115.4,0.0,0.0,0.0,0.0,0.0
3-5 дней,2026-08-11T10:38:45Z,2026-08-16T07:00:00Z,116.4,0.0,0.0,0.0,0.0,0.0
3-5 дней,2026-08-11T10:38:45Z,2026-08-16T08:00:00Z,117.4,0.0,0.0,0.0,0.0,0.0
3-5 дней,2026-08-11T10:38:45Z,2026-08-16T09:00:00Z,118.4,0.0,0.0,0.0,0.0,0.0
3-5 дней,2026-08-11T10:38:45Z,2026-08-16T10:00:00Z,119.4,0.0,0.0,0.0,0.0,0.0
3-5 дней,2026-08-12T06:05:22Z,2026-08-15T07:00:00Z,72.9,0.0,0.0,0.0,0.0,0.0
3-5 дней,2026-08-12T06:05:22Z,2026-08-15T08:00:00Z,73.9,0.0,0.0,0.0,0.0,0.0
3-5 дней,2026-08-12T06:05:22Z,2026-08-15T09:00:00Z,74.9,0.0,0.0,0.0,0.0,0.0
3-5 дней,2026-08-12T06:05:22Z,2026-08-15T10:00:00Z,75.9,0.0,0.0,0.0,0.0,0.0
3-5 дней,2026-08-12T06:05:22Z,2026-08-15T11:00:00Z,76.9,0.0,0.0,25.0,0.0,0.0
3-5 дней,2026-08-12T06:05:22Z,2026-08-15T12:00:00Z,77.9,0.0,0.0,25.0,0.0,0.0
3-5 дней,2026-08-12T06:05:22Z,2026-08-15T13:00:00Z,78.9,0.0,0.0,25.0,0.0,0.0
3-5 дней,2026-08-12T06:05:22Z,2026-08-15T14:00:00Z,79.9,0.0,0.0,25.0,0.0,0.0
3-5 дней,2026-08-12T06:05:22Z,2026-08-15T15:00:00Z,80.9,0.0,0.0,12.5,0.0,0.0
3-5 дней,2026-08-12T06:05:22Z,2026-08-15T16:00:00Z,81.9,0.0,0.0,12.5,0.0,0.0
3-5 дней,2026-08-12T06:05:22Z,2026-08-15T17:00:00Z,82.9,0.0,0.0,12.5,0.0,0.0
3-5 дней,2026-08-12T06:05:22Z,2026-08-15T18:00:00Z,83.9,0.0,0.0,25.0,0.0,0.0
3-5 дней,2026-08-12T06:05:22Z,2026-08-16T06:00:00Z,95.9,0.0,0.0,0.0,0.0,0.0
3-5 дней,2026-08-12T06:05:22Z,2026-08-16T07:00:00Z,96.9,0.0,0.0,0.0,0.0,0.0
3-5 дней,2026-08-12T06:05:22Z,2026-08-16T08:00:00Z,97.9,0.0,0.0,0.0,0.0,0.0
3-5 дней,2026-08-12T06:05:22Z,2026-08-16T09:00:00Z,98.9,0.0,0.0,0.0,0.0,0.0
3-5 дней,2026-08-12T06:05:22Z,2026-08-16T10:00:00Z,99.9,0.0,0.0,0.0,0.0,0.0
3-5 дней,2026-08-12T06:05:22Z,2026-08-16T11:00:00Z,100.9,0.0,0.0,0.0,0.0,0.0
3-5 дней,2026-08-12T06:05:22Z,2026-08-16T12:00:00Z,101.9,0.0,0.0,0.0,0.0,0.0
3-5 дней,2026-08-12T06:05:22Z,2026-08-16T13:00:00Z,102.9,0.0,0.0,0.0,0.0,0.0
3-5 дней,2026-08-12T06:05:22Z,2026-08-16T14:00:00Z,103.9,0.0,0.0,0.0,0.0,0.0
3-5 дней,2026-08-12T06:05:22Z,2026-08-16T15:00:00Z,104.9,0.0,0.0,0.0,0.0,0.0
3-5 дней,2026-08-12T06:05:22Z,2026-08-16T16:00:00Z,105.9,0.0,0.0,0.0,0.0,0.0
3-5 дней,2026-08-12T06:05:22Z,2026-08-16T17:00:00Z,106.9,0.0,0.0,0.0,0.0,0.0
3-5 дней,2026-08-12T06:05:22Z,2026-08-16T18:00:00Z,107.9,0.0,0.0,0.0,0.0,0.0
3-5 дней,2026-08-12T10:47:03Z,2026-08-15T11:00:00Z,72.2,0.0,0.0,25.0,0.0,0.0
3-5 дней,2026-08-12T10:47:03Z,2026-08-15T12:00:00Z,73.2,0.0,0.0,25.0,0.0,0.0
3-5 дней,2026-08-12T10:47:03Z,2026-08-15T13:00:00Z,74.2,0.0,0.0,25.0,0.0,0.0
3-5 дней,2026-08-12T10:47:03Z,2026-08-15T14:00:00Z,75.2,0.0,0.0,25.0,0.0,0.0
3-5 дней,2026-08-12T10:47:03Z,2026-08-15T15:00:00Z,76.2,0.0,0.0,12.5,0.0,0.0
3-5 дней,2026-08-12T10:47:03Z,2026-08-15T16:00:00Z,77.2,0.0,0.0,12.5,0.0,0.0
3-5 дней,2026-08-12T10:47:03Z,2026-08-15T17:00:00Z,78.2,0.0,0.0,12.5,0.0,0.0
3-5 дней,2026-08-12T10:47:03Z,2026-08-15T18:00:00Z,79.2,0.0,0.0,25.0,0.0,0.0
3-5 дней,2026-08-12T10:47:03Z,2026-08-16T06:00:00Z,91.2,0.0,0.0,0.0,0.0,0.0
3-5 дней,2026-08-12T10:47:03Z,2026-08-16T07:00:00Z,92.2,0.0,0.0,0.0,0.0,0.0
3-5 дней,2026-08-12T10:47:03Z,2026-08-16T08:00:00Z,93.2,0.0,0.0,0.0,0.0,0.0
3-5 дней,2026-08-12T10:47:03Z,2026-08-16T09:00:00Z,94.2,0.0,0.0,0.0,0.0,0.0
3-5 дней,2026-08-12T10:47:03Z,2026-08-16T10:00:00Z,95.2,0.0,0.0,0.0,0.0,0.0
3-5 дней,2026-08-12T10:47:03Z,2026-08-16T11:00:00Z,96.2,0.0,0.0,0.0,0.0,0.0
3-5 дней,2026-08-12T10:47:03Z,2026-08-16T12:00:00Z,97.2,0.0,0.0,0.0,0.0,0.0
3-5 дней,2026-08-12T10:47:03Z,2026-08-16T13:00:00Z,98.2,0.0,0.0,0.0,0.0,0.0
3-5 дней,2026-08-12T10:47:03Z,2026-08-16T14:00:00Z,99.2,0.0,0.0,0.0,0.0,0.0
3-5 дней,2026-08-12T10:47:03Z,2026-08-16T15:00:00Z,100.2,0.0,0.0,0.0,0.0,0.0
3-5 дней,2026-08-12T10:47:03Z,2026-08-16T16:00:00Z,101.2,0.0,0.0,0.0,0.0,0.0
3-5 дней,2026-08-12T10:47:03Z,2026-08-16T17:00:00Z,102.2,0.0,0.0,0.0,0.0,0.0
3-5 дней,2026-08-12T10:47:03Z,2026-08-16T18:00:00Z,103.2,0.0,0.0,0.0,0.0,0.0
3-5 дней,2026-08-12T16:54:57Z,2026-08-15T17:00:00Z,72.1,0.0,0.0,12.5,0.0,0.0
3-5 дней,2026-08-12T16:54:57Z,2026-08-15T18:00:00Z,73.1,0.0,0.0,25.0,0.0,0.0
3-5 дней,2026-08-12T16:54:57Z,2026-08-16T06:00:00Z,85.1,0.0,0.0,0.0,0.0,0.0
3-5 дней,2026-08-12T16:54:57Z,2026-08-16T07:00:00Z,86.1,0.0,0.0,0.0,0.0,0.0
3-5 дней,2026-08-12T16:54:57Z,2026-08-16T08:00:00Z,87.1,0.0,0.0,0.0,0.0,0.0
3-5 дней,2026-08-12T16:54:57Z,2026-08-16T09:00:00Z,88.1,0.0,0.0,0.0,0.0,0.0
3-5 дней,2026-08-12T16:54:57Z,2026-08-16T10:00:00Z,89.1,0.0,0.0,0.0,0.0,0.0
3-5 дней,2026-08-12T16:54:57Z,2026-08-16T11:00:00Z,90.1,0.0,0.0,0.0,0.0,0.0
3-5 дней,2026-08-12T16:54:57Z,2026-08-16T12:00:00Z,91.1,0.0,0.0,0.0,0.0,0.0
3-5 дней,2026-08-12T16:54:57Z,2026-08-16T13:00:00Z,92.1,0.0,0.0,0.0,0.0,0.0
3-5 дней,2026-08-12T16:54:57Z,2026-08-16T14:00:00Z,93.1,0.0,0.0,0.0,0.0,0.0
3-5 дней,2026-08-12T16:54:57Z,2026-08-16T15:00:00Z,94.1,0.0,0.0,0.0,0.0,0.0
3-5 дней,2026-08-12T16:54:57Z,2026-08-16T16:00:00Z,95.1,0.0,0.0,0.0,0.0,0.0
3-5 дней,2026-08-12T16:54:57Z,2026-08-16T17:00:00Z,96.1,0.0,0.0,0.0,0.0,0.0
3-5 дней,2026-08-12T16:54:57Z,2026-08-16T18:00:00Z,97.1,0.0,0.0,0.0,0.0,0.0
3-5 дней,2026-08-12T22:50:47Z,2026-08-16T06:00:00Z,79.2,0.0,0.0,0.0,0.0,0.0
3-5 дней,2026-08-12T22:50:47Z,2026-08-16T07:00:00Z,80.2,0.0,0.0,0.0,0.0,0.0
3-5 дней,2026-08-12T22:50:47Z,2026-08-16T08:00:00Z,81.2,0.0,0.0,0.0,0.0,0.0
3-5 дней,2026-08-12T22:50:47Z,2026-08-16T09:00:00Z,82.2,0.0,0.0,0.0,0.0,0.0
3-5 дней,2026-08-12T22:50:47Z,2026-08-16T10:00:00Z,83.2,0.0,0.0,0.0,0.0,0.0
3-5 дней,2026-08-12T22:50:47Z,2026-08-16T11:00:00Z,84.2,0.0,0.0,0.0,0.0,0.0
3-5 дней,2026-08-12T22:50:47Z,2026-08-16T12:00:00Z,85.2,0.0,0.0,0.0,0.0,0.0
3-5 дней,2026-08-12T22:50:47Z,2026-08-16T13:00:00Z,86.2,0.0,0.0,0.0,0.0,0.0
3-5 дней,2026-08-12T22:50:47Z,2026-08-16T14:00:00Z,87.2,0.0,0.0,0.0,0.0,0.0
3-5 дней,2026-08-12T22:50:47Z,2026-08-16T15:00:00Z,88.2,0.0,0.0,0.0,0.0,0.0
3-5 дней,2026-08-12T22:50:47Z,2026-08-16T16:00:00Z,89.2,0.0,0.0,0.0,0.0,0.0
3-5 дней,2026-08-12T22:50:47Z,2026-08-16T17:00:00Z,90.2,0.0,0.0,0.0,0.0,0.0
3-5 дней,2026-08-12T22:50:47Z,2026-08-16T18:00:00Z,91.2,0.0,0.0,0.0,0.0,0.0
3-5 дней,2026-08-13T05:30:08Z,2026-08-16T06:00:00Z,72.5,0.0,0.0,0.0,0.0,0.0
3-5 дней,2026-08-13T05:30:08Z,2026-08-16T07:00:00Z,73.5,0.0,0.0,0.0,0.0,0.0
3-5 дней,2026-08-13T05:30:08Z,2026-08-16T08:00:00Z,74.5,0.0,0.0,0.0,0.0,0.0
3-5 дней,2026-08-13T05:30:08Z,2026-08-16T09:00:00Z,75.5,0.0,0.0,0.0,0.0,0.0
3-5 дней,2026-08-13T05:30:08Z,2026-08-16T10:00:00Z,76.5,0.0,0.0,0.0,0.0,0.0
3-5 дней,2026-08-13T05:30:08Z,2026-08-16T11:00:00Z,77.5,0.0,0.0,0.0,0.0,0.0
3-5 дней,2026-08-13T05:30:08Z,2026-08-16T12:00:00Z,78.5,0.0,0.0,0.0,0.0,0.0
3-5 дней,2026-08-13T05:30:08Z,2026-08-16T13:00:00Z,79.5,0.0,0.0,0.0,0.0,0.0
3-5 дней,2026-08-13T05:30:08Z,2026-08-16T14:00:00Z,80.5,0.0,0.0,0.0,0.0,0.0
3-5 дней,2026-08-13T05:30:08Z,2026-08-16T15:00:00Z,81.5,0.0,0.0,0.0,0.0,0.0
3-5 дней,2026-08-13T05:30:08Z,2026-08-16T16:00:00Z,82.5,0.0,0.0,0.0,0.0,0.0
3-5 дней,2026-08-13T05:30:08Z,2026-08-16T17:00:00Z,83.5,0.0,0.0,0.0,0.0,0.0
3-5 дней,2026-08-13T05:30:08Z,2026-08-16T18:00:00Z,84.5,0.0,0.0,0.0,0.0,0.0
3-5 дней,2026-08-13T10:49:01Z,2026-08-16T11:00:00Z,72.2,0.0,0.0,0.0,0.0,0.0
3-5 дней,2026-08-13T10:49:01Z,2026-08-16T12:00:00Z,73.2,0.0,0.0,0.0,0.0,0.0
3-5 дней,2026-08-13T10:49:01Z,2026-08-16T13:00:00Z,74.2,0.0,0.0,0.0,0.0,0.0
3-5 дней,2026-08-13T10:49:01Z,2026-08-16T14:00:00Z,75.2,0.0,0.0,0.0,0.0,0.0
3-5 дней,2026-08-13T10:49:01Z,2026-08-16T15:00:00Z,76.2,0.0,0.0,0.0,0.0,0.0
3-5 дней,2026-08-13T10:49:01Z,2026-08-16T16:00:00Z,77.2,0.0,0.0,0.0,0.0,0.0
3-5 дней,2026-08-13T10:49:01Z,2026-08-16T17:00:00Z,78.2,0.0,0.0,0.0,0.0,0.0
3-5 дней,2026-08-13T10:49:01Z,2026-08-16T18:00:00Z,79.2,0.0,0.0,0.0,0.0,0.0
3-5 дней,2026-08-13T16:36:10Z,2026-08-16T17:00:00Z,72.4,0.0,0.0,0.0,0.0,0.0
3-5 дней,2026-08-13T16:36:10Z,2026-08-16T18:00:00Z,73.4,0.0,0.0,0.0,0.0,0.0
3-5 дней,2026-08-13T16:42:24Z,2026-08-16T17:00:00Z,72.3,0.0,0.0,0.0,0.0,0.0
3-5 дней,2026-08-13T16:42:24Z,2026-08-16T18:00:00Z,73.3,0.0,0.0,0.0,0.0,0.0
3-5 дней,2026-08-13T16:54:22Z,2026-08-16T17:00:00Z,72.1,0.0,0.0,0.0,0.0,0.0
3-5 дней,2026-08-13T16:54:22Z,2026-08-16T18:00:00Z,73.1,0.0,0.0,0.0,0.0,0.0
5-10 дней,2026-08-06T09:50:07Z,2026-08-11T10:00:00Z,120.2,0.0,0.0,0.0,0.0,0.0
5-10 дней,2026-08-06T09:50:07Z,2026-08-11T11:00:00Z,121.2,0.0,0.0,12.5,0.0,0.0
5-10 дней,2026-08-06T09:50:07Z,2026-08-11T12:00:00Z,122.2,0.0,0.0,0.0,0.0,0.0
5-10 дней,2026-08-06T09:50:07Z,2026-08-11T13:00:00Z,123.2,0.0,0.0,0.0,0.0,0.0
5-10 дней,2026-08-06T09:50:07Z,2026-08-11T14:00:00Z,124.2,0.0,0.0,0.0,0.0,0.0
5-10 дней,2026-08-06T09:50:07Z,2026-08-11T15:00:00Z,125.2,0.0,0.0,0.0,0.0,0.0
5-10 дней,2026-08-06T09:50:07Z,2026-08-11T16:00:00Z,126.2,0.0,0.0,0.0,0.0,0.0
5-10 дней,2026-08-06T09:50:07Z,2026-08-11T17:00:00Z,127.2,0.0,0.0,0.0,0.0,0.0
5-10 дней,2026-08-06T09:50:07Z,2026-08-11T18:00:00Z,128.2,0.0,0.0,0.0,0.0,0.0
5-10 дней,2026-08-06T09:50:07Z,2026-08-12T06:00:00Z,140.2,7.0,75.0,0.0,-68.0,68.0
5-10 дней,2026-08-06T09:50:07Z,2026-08-12T07:00:00Z,141.2,8.0,75.0,0.0,-67.0,67.0
5-10 дней,2026-08-06T09:50:07Z,2026-08-12T08:00:00Z,142.2,9.0,50.0,0.0,-41.0,41.0
5-10 дней,2026-08-06T09:50:07Z,2026-08-12T09:00:00Z,143.2,10.0,25.0,0.0,-15.0,15.0
5-10 дней,2026-08-06T09:50:07Z,2026-08-12T10:00:00Z,144.2,11.0,25.0,0.0,-14.0,14.0
5-10 дней,2026-08-06T09:50:07Z,2026-08-12T11:00:00Z,145.2,11.0,12.5,0.0,-1.5,1.5
5-10 дней,2026-08-06T09:50:07Z,2026-08-12T12:00:00Z,146.2,12.0,12.5,0.0,-0.5,0.5
5-10 дней,2026-08-06T09:50:07Z,2026-08-12T13:00:00Z,147.2,13.0,0.0,0.0,13.0,13.0
5-10 дней,2026-08-06T09:50:07Z,2026-08-12T14:00:00Z,148.2,15.0,0.0,0.0,15.0,15.0
5-10 дней,2026-08-06T09:50:07Z,2026-08-12T15:00:00Z,149.2,16.0,0.0,0.0,16.0,16.0
5-10 дней,2026-08-06T09:50:07Z,2026-08-12T16:00:00Z,150.2,17.0,0.0,0.0,17.0,17.0
5-10 дней,2026-08-06T09:50:07Z,2026-08-12T17:00:00Z,151.2,18.0,0.0,0.0,18.0,18.0
5-10 дней,2026-08-06T09:50:07Z,2026-08-12T18:00:00Z,152.2,18.0,0.0,0.0,18.0,18.0
5-10 дней,2026-08-06T09:50:07Z,2026-08-13T06:00:00Z,164.2,0.0,0.0,75.0,0.0,0.0
5-10 дней,2026-08-06T09:50:07Z,2026-08-13T07:00:00Z,165.2,0.0,0.0,75.0,0.0,0.0
5-10 дней,2026-08-06T09:50:07Z,2026-08-13T08:00:00Z,166.2,0.0,0.0,50.0,0.0,0.0
5-10 дней,2026-08-06T09:50:07Z,2026-08-13T09:00:00Z,167.2,0.0,0.0,25.0,0.0,0.0
5-10 дней,2026-08-06T09:50:07Z,2026-08-13T10:00:00Z,168.2,0.0,0.0,25.0,0.0,0.0
5-10 дней,2026-08-06T09:50:07Z,2026-08-13T11:00:00Z,169.2,0.0,0.0,12.5,0.0,0.0
5-10 дней,2026-08-06T09:50:07Z,2026-08-13T12:00:00Z,170.2,0.0,0.0,12.5,0.0,0.0
5-10 дней,2026-08-06T09:50:07Z,2026-08-13T13:00:00Z,171.2,0.0,0.0,0.0,0.0,0.0
5-10 дней,2026-08-06T09:50:07Z,2026-08-13T14:00:00Z,172.2,0.0,0.0,0.0,0.0,0.0
5-10 дней,2026-08-06T09:50:07Z,2026-08-13T15:00:00Z,173.2,0.0,0.0,0.0,0.0,0.0
5-10 дней,2026-08-06T09:50:07Z,2026-08-13T16:00:00Z,174.2,0.0,0.0,0.0,0.0,0.0
5-10 дней,2026-08-06T09:50:07Z,2026-08-13T17:00:00Z,175.2,0.0,0.0,0.0,0.0,0.0
5-10 дней,2026-08-06T09:50:07Z,2026-08-13T18:00:00Z,176.2,0.0,0.0,0.0,0.0,0.0
5-10 дней,2026-08-06T09:50:07Z,2026-08-14T06:00:00Z,188.2,0.0,0.0,0.0,0.0,0.0
5-10 дней,2026-08-06T09:50:07Z,2026-08-14T07:00:00Z,189.2,0.0,0.0,0.0,0.0,0.0
5-10 дней,2026-08-06T09:50:07Z,2026-08-14T08:00:00Z,190.2,0.0,0.0,0.0,0.0,0.0
5-10 дней,2026-08-06T09:50:07Z,2026-08-14T09:00:00Z,191.2,0.0,0.0,0.0,0.0,0.0
5-10 дней,2026-08-06T09:50:07Z,2026-08-14T10:00:00Z,192.2,0.0,0.0,0.0,0.0,0.0
5-10 дней,2026-08-06T09:50:07Z,2026-08-14T11:00:00Z,193.2,0.0,25.0,0.0,-25.0,25.0
5-10 дней,2026-08-06T09:50:07Z,2026-08-14T12:00:00Z,194.2,0.0,25.0,0.0,-25.0,25.0
5-10 дней,2026-08-06T09:50:07Z,2026-08-14T13:00:00Z,195.2,1.0,25.0,0.0,-24.0,24.0
5-10 дней,2026-08-06T09:50:07Z,2026-08-14T14:00:00Z,196.2,3.0,25.0,0.0,-22.0,22.0
5-10 дней,2026-08-06T09:50:07Z,2026-08-14T15:00:00Z,197.2,5.0,12.5,0.0,-7.5,7.5
5-10 дней,2026-08-06T09:50:07Z,2026-08-14T16:00:00Z,198.2,7.0,12.5,0.0,-5.5,5.5
5-10 дней,2026-08-06T09:50:07Z,2026-08-14T17:00:00Z,199.2,8.0,12.5,0.0,-4.5,4.5
5-10 дней,2026-08-06T09:50:07Z,2026-08-14T18:00:00Z,200.2,9.0,25.0,0.0,-16.0,16.0
5-10 дней,2026-08-06T09:50:07Z,2026-08-15T06:00:00Z,212.2,0.0,0.0,0.0,0.0,0.0
5-10 дней,2026-08-06T09:50:07Z,2026-08-15T07:00:00Z,213.2,2.0,0.0,0.0,2.0,2.0
5-10 дней,2026-08-06T09:50:07Z,2026-08-15T08:00:00Z,214.2,4.0,0.0,0.0,4.0,4.0
5-10 дней,2026-08-06T09:50:07Z,2026-08-15T09:00:00Z,215.2,7.0,0.0,0.0,7.0,7.0
5-10 дней,2026-08-06T09:50:07Z,2026-08-15T10:00:00Z,216.2,9.0,0.0,0.0,9.0,9.0
5-10 дней,2026-08-06T09:50:07Z,2026-08-15T11:00:00Z,217.2,12.0,0.0,25.0,12.0,12.0
5-10 дней,2026-08-06T09:50:07Z,2026-08-15T12:00:00Z,218.2,13.0,0.0,25.0,13.0,13.0
5-10 дней,2026-08-06T09:50:07Z,2026-08-15T13:00:00Z,219.2,13.0,0.0,25.0,13.0,13.0
5-10 дней,2026-08-06T09:50:07Z,2026-08-15T14:00:00Z,220.2,12.0,0.0,25.0,12.0,12.0
5-10 дней,2026-08-06T09:50:07Z,2026-08-15T15:00:00Z,221.2,10.0,0.0,12.5,10.0,10.0
5-10 дней,2026-08-06T09:50:07Z,2026-08-15T16:00:00Z,222.2,8.0,0.0,12.5,8.0,8.0
5-10 дней,2026-08-06T09:50:07Z,2026-08-15T17:00:00Z,223.2,6.0,0.0,12.5,6.0,6.0
5-10 дней,2026-08-06T09:50:07Z,2026-08-15T18:00:00Z,224.2,4.0,0.0,25.0,4.0,4.0
5-10 дней,2026-08-06T09:59:18Z,2026-08-11T10:00:00Z,120.0,0.0,0.0,0.0,0.0,0.0
5-10 дней,2026-08-06T09:59:18Z,2026-08-11T11:00:00Z,121.0,0.0,0.0,12.5,0.0,0.0
5-10 дней,2026-08-06T09:59:18Z,2026-08-11T12:00:00Z,122.0,0.0,0.0,0.0,0.0,0.0
5-10 дней,2026-08-06T09:59:18Z,2026-08-11T13:00:00Z,123.0,0.0,0.0,0.0,0.0,0.0
5-10 дней,2026-08-06T09:59:18Z,2026-08-11T14:00:00Z,124.0,0.0,0.0,0.0,0.0,0.0
5-10 дней,2026-08-06T09:59:18Z,2026-08-11T15:00:00Z,125.0,0.0,0.0,0.0,0.0,0.0
5-10 дней,2026-08-06T09:59:18Z,2026-08-11T16:00:00Z,126.0,0.0,0.0,0.0,0.0,0.0
5-10 дней,2026-08-06T09:59:18Z,2026-08-11T17:00:00Z,127.0,0.0,0.0,0.0,0.0,0.0
5-10 дней,2026-08-06T09:59:18Z,2026-08-11T18:00:00Z,128.0,0.0,0.0,0.0,0.0,0.0
5-10 дней,2026-08-06T09:59:18Z,2026-08-12T06:00:00Z,140.0,7.0,75.0,0.0,-68.0,68.0
5-10 дней,2026-08-06T09:59:18Z,2026-08-12T07:00:00Z,141.0,8.0,75.0,0.0,-67.0,67.0
5-10 дней,2026-08-06T09:59:18Z,2026-08-12T08:00:00Z,142.0,9.0,50.0,0.0,-41.0,41.0
5-10 дней,2026-08-06T09:59:18Z,2026-08-12T09:00:00Z,143.0,10.0,25.0,0.0,-15.0,15.0
5-10 дней,2026-08-06T09:59:18Z,2026-08-12T10:00:00Z,144.0,11.0,25.0,0.0,-14.0,14.0
5-10 дней,2026-08-06T09:59:18Z,2026-08-12T11:00:00Z,145.0,11.0,12.5,0.0,-1.5,1.5
5-10 дней,2026-08-06T09:59:18Z,2026-08-12T12:00:00Z,146.0,12.0,12.5,0.0,-0.5,0.5
5-10 дней,2026-08-06T09:59:18Z,2026-08-12T13:00:00Z,147.0,13.0,0.0,0.0,13.0,13.0
5-10 дней,2026-08-06T09:59:18Z,2026-08-12T14:00:00Z,148.0,15.0,0.0,0.0,15.0,15.0
5-10 дней,2026-08-06T09:59:18Z,2026-08-12T15:00:00Z,149.0,16.0,0.0,0.0,16.0,16.0
5-10 дней,2026-08-06T09:59:18Z,2026-08-12T16:00:00Z,150.0,17.0,0.0,0.0,17.0,17.0
5-10 дней,2026-08-06T09:59:18Z,2026-08-12T17:00:00Z,151.0,18.0,0.0,0.0,18.0,18.0
5-10 дней,2026-08-06T09:59:18Z,2026-08-12T18:00:00Z,152.0,18.0,0.0,0.0,18.0,18.0
5-10 дней,2026-08-06T09:59:18Z,2026-08-13T06:00:00Z,164.0,0.0,0.0,75.0,0.0,0.0
5-10 дней,2026-08-06T09:59:18Z,2026-08-13T07:00:00Z,165.0,0.0,0.0,75.0,0.0,0.0
5-10 дней,2026-08-06T09:59:18Z,2026-08-13T08:00:00Z,166.0,0.0,0.0,50.0,0.0,0.0
5-10 дней,2026-08-06T09:59:18Z,2026-08-13T09:00:00Z,167.0,0.0,0.0,25.0,0.0,0.0
5-10 дней,2026-08-06T09:59:18Z,2026-08-13T10:00:00Z,168.0,0.0,0.0,25.0,0.0,0.0
5-10 дней,2026-08-06T09:59:18Z,2026-08-13T11:00:00Z,169.0,0.0,0.0,12.5,0.0,0.0
5-10 дней,2026-08-06T09:59:18Z,2026-08-13T12:00:00Z,170.0,0.0,0.0,12.5,0.0,0.0
5-10 дней,2026-08-06T09:59:18Z,2026-08-13T13:00:00Z,171.0,0.0,0.0,0.0,0.0,0.0
5-10 дней,2026-08-06T09:59:18Z,2026-08-13T14:00:00Z,172.0,0.0,0.0,0.0,0.0,0.0
5-10 дней,2026-08-06T09:59:18Z,2026-08-13T15:00:00Z,173.0,0.0,0.0,0.0,0.0,0.0
5-10 дней,2026-08-06T09:59:18Z,2026-08-13T16:00:00Z,174.0,0.0,0.0,0.0,0.0,0.0
5-10 дней,2026-08-06T09:59:18Z,2026-08-13T17:00:00Z,175.0,0.0,0.0,0.0,0.0,0.0
5-10 дней,2026-08-06T09:59:18Z,2026-08-13T18:00:00Z,176.0,0.0,0.0,0.0,0.0,0.0
5-10 дней,2026-08-06T09:59:18Z,2026-08-14T06:00:00Z,188.0,0.0,0.0,0.0,0.0,0.0
5-10 дней,2026-08-06T09:59:18Z,2026-08-14T07:00:00Z,189.0,0.0,0.0,0.0,0.0,0.0
5-10 дней,2026-08-06T09:59:18Z,2026-08-14T08:00:00Z,190.0,0.0,0.0,0.0,0.0,0.0
5-10 дней,2026-08-06T09:59:18Z,2026-08-14T09:00:00Z,191.0,0.0,0.0,0.0,0.0,0.0
5-10 дней,2026-08-06T09:59:18Z,2026-08-14T10:00:00Z,192.0,0.0,0.0,0.0,0.0,0.0
5-10 дней,2026-08-06T09:59:18Z,2026-08-14T11:00:00Z,193.0,0.0,25.0,0.0,-25.0,25.0
5-10 дней,2026-08-06T09:59:18Z,2026-08-14T12:00:00Z,194.0,0.0,25.0,0.0,-25.0,25.0
5-10 дней,2026-08-06T09:59:18Z,2026-08-14T13:00:00Z,195.0,1.0,25.0,0.0,-24.0,24.0
5-10 дней,2026-08-06T09:59:18Z,2026-08-14T14:00:00Z,196.0,3.0,25.0,0.0,-22.0,22.0
5-10 дней,2026-08-06T09:59:18Z,2026-08-14T15:00:00Z,197.0,5.0,12.5,0.0,-7.5,7.5
5-10 дней,2026-08-06T09:59:18Z,2026-08-14T16:00:00Z,198.0,7.0,12.5,0.0,-5.5,5.5
5-10 дней,2026-08-06T09:59:18Z,2026-08-14T17:00:00Z,199.0,8.0,12.5,0.0,-4.5,4.5
5-10 дней,2026-08-06T09:59:18Z,2026-08-14T18:00:00Z,200.0,9.0,25.0,0.0,-16.0,16.0
5-10 дней,2026-08-06T09:59:18Z,2026-08-15T06:00:00Z,212.0,0.0,0.0,0.0,0.0,0.0
5-10 дней,2026-08-06T09:59:18Z,2026-08-15T07:00:00Z,213.0,2.0,0.0,0.0,2.0,2.0
5-10 дней,2026-08-06T09:59:18Z,2026-08-15T08:00:00Z,214.0,4.0,0.0,0.0,4.0,4.0
5-10 дней,2026-08-06T09:59:18Z,2026-08-15T09:00:00Z,215.0,7.0,0.0,0.0,7.0,7.0
5-10 дней,2026-08-06T09:59:18Z,2026-08-15T10:00:00Z,216.0,9.0,0.0,0.0,9.0,9.0
5-10 дней,2026-08-06T09:59:18Z,2026-08-15T11:00:00Z,217.0,12.0,0.0,25.0,12.0,12.0
5-10 дней,2026-08-06T09:59:18Z,2026-08-15T12:00:00Z,218.0,13.0,0.0,25.0,13.0,13.0
5-10 дней,2026-08-06T09:59:18Z,2026-08-15T13:00:00Z,219.0,13.0,0.0,25.0,13.0,13.0
5-10 дней,2026-08-06T09:59:18Z,2026-08-15T14:00:00Z,220.0,12.0,0.0,25.0,12.0,12.0
5-10 дней,2026-08-06T09:59:18Z,2026-08-15T15:00:00Z,221.0,10.0,0.0,12.5,10.0,10.0
5-10 дней,2026-08-06T09:59:18Z,2026-08-15T16:00:00Z,222.0,8.0,0.0,12.5,8.0,8.0
5-10 дней,2026-08-06T09:59:18Z,2026-08-15T17:00:00Z,223.0,6.0,0.0,12.5,6.0,6.0
5-10 дней,2026-08-06T09:59:18Z,2026-08-15T18:00:00Z,224.0,4.0,0.0,25.0,4.0,4.0
5-10 дней,2026-08-06T10:08:26Z,2026-08-11T11:00:00Z,120.9,0.0,0.0,12.5,0.0,0.0
5-10 дней,2026-08-06T10:08:26Z,2026-08-11T12:00:00Z,121.9,0.0,0.0,0.0,0.0,0.0
5-10 дней,2026-08-06T10:08:26Z,2026-08-11T13:00:00Z,122.9,0.0,0.0,0.0,0.0,0.0
5-10 дней,2026-08-06T10:08:26Z,2026-08-11T14:00:00Z,123.9,0.0,0.0,0.0,0.0,0.0
5-10 дней,2026-08-06T10:08:26Z,2026-08-11T15:00:00Z,124.9,0.0,0.0,0.0,0.0,0.0
5-10 дней,2026-08-06T10:08:26Z,2026-08-11T16:00:00Z,125.9,0.0,0.0,0.0,0.0,0.0
5-10 дней,2026-08-06T10:08:26Z,2026-08-11T17:00:00Z,126.9,0.0,0.0,0.0,0.0,0.0
5-10 дней,2026-08-06T10:08:26Z,2026-08-11T18:00:00Z,127.9,0.0,0.0,0.0,0.0,0.0
5-10 дней,2026-08-06T10:08:26Z,2026-08-12T06:00:00Z,139.9,7.0,75.0,0.0,-68.0,68.0
5-10 дней,2026-08-06T10:08:26Z,2026-08-12T07:00:00Z,140.9,8.0,75.0,0.0,-67.0,67.0
5-10 дней,2026-08-06T10:08:26Z,2026-08-12T08:00:00Z,141.9,9.0,50.0,0.0,-41.0,41.0
5-10 дней,2026-08-06T10:08:26Z,2026-08-12T09:00:00Z,142.9,10.0,25.0,0.0,-15.0,15.0
5-10 дней,2026-08-06T10:08:26Z,2026-08-12T10:00:00Z,143.9,11.0,25.0,0.0,-14.0,14.0
5-10 дней,2026-08-06T10:08:26Z,2026-08-12T11:00:00Z,144.9,11.0,12.5,0.0,-1.5,1.5
5-10 дней,2026-08-06T10:08:26Z,2026-08-12T12:00:00Z,145.9,12.0,12.5,0.0,-0.5,0.5
5-10 дней,2026-08-06T10:08:26Z,2026-08-12T13:00:00Z,146.9,13.0,0.0,0.0,13.0,13.0
5-10 дней,2026-08-06T10:08:26Z,2026-08-12T14:00:00Z,147.9,15.0,0.0,0.0,15.0,15.0
5-10 дней,2026-08-06T10:08:26Z,2026-08-12T15:00:00Z,148.9,16.0,0.0,0.0,16.0,16.0
5-10 дней,2026-08-06T10:08:26Z,2026-08-12T16:00:00Z,149.9,17.0,0.0,0.0,17.0,17.0
5-10 дней,2026-08-06T10:08:26Z,2026-08-12T17:00:00Z,150.9,18.0,0.0,0.0,18.0,18.0
5-10 дней,2026-08-06T10:08:26Z,2026-08-12T18:00:00Z,151.9,18.0,0.0,0.0,18.0,18.0
5-10 дней,2026-08-06T10:08:26Z,2026-08-13T06:00:00Z,163.9,0.0,0.0,75.0,0.0,0.0
5-10 дней,2026-08-06T10:08:26Z,2026-08-13T07:00:00Z,164.9,0.0,0.0,75.0,0.0,0.0
5-10 дней,2026-08-06T10:08:26Z,2026-08-13T08:00:00Z,165.9,0.0,0.0,50.0,0.0,0.0
5-10 дней,2026-08-06T10:08:26Z,2026-08-13T09:00:00Z,166.9,0.0,0.0,25.0,0.0,0.0
5-10 дней,2026-08-06T10:08:26Z,2026-08-13T10:00:00Z,167.9,0.0,0.0,25.0,0.0,0.0
5-10 дней,2026-08-06T10:08:26Z,2026-08-13T11:00:00Z,168.9,0.0,0.0,12.5,0.0,0.0
5-10 дней,2026-08-06T10:08:26Z,2026-08-13T12:00:00Z,169.9,0.0,0.0,12.5,0.0,0.0
5-10 дней,2026-08-06T10:08:26Z,2026-08-13T13:00:00Z,170.9,0.0,0.0,0.0,0.0,0.0
5-10 дней,2026-08-06T10:08:26Z,2026-08-13T14:00:00Z,171.9,0.0,0.0,0.0,0.0,0.0
5-10 дней,2026-08-06T10:08:26Z,2026-08-13T15:00:00Z,172.9,0.0,0.0,0.0,0.0,0.0
5-10 дней,2026-08-06T10:08:26Z,2026-08-13T16:00:00Z,173.9,0.0,0.0,0.0,0.0,0.0
5-10 дней,2026-08-06T10:08:26Z,2026-08-13T17:00:00Z,174.9,0.0,0.0,0.0,0.0,0.0
5-10 дней,2026-08-06T10:08:26Z,2026-08-13T18:00:00Z,175.9,0.0,0.0,0.0,0.0,0.0
5-10 дней,2026-08-06T10:08:26Z,2026-08-14T06:00:00Z,187.9,0.0,0.0,0.0,0.0,0.0
5-10 дней,2026-08-06T10:08:26Z,2026-08-14T07:00:00Z,188.9,0.0,0.0,0.0,0.0,0.0
5-10 дней,2026-08-06T10:08:26Z,2026-08-14T08:00:00Z,189.9,0.0,0.0,0.0,0.0,0.0
5-10 дней,2026-08-06T10:08:26Z,2026-08-14T09:00:00Z,190.9,0.0,0.0,0.0,0.0,0.0
5-10 дней,2026-08-06T10:08:26Z,2026-08-14T10:00:00Z,191.9,0.0,0.0,0.0,0.0,0.0
5-10 дней,2026-08-06T10:08:26Z,2026-08-14T11:00:00Z,192.9,0.0,25.0,0.0,-25.0,25.0
5-10 дней,2026-08-06T10:08:26Z,2026-08-14T12:00:00Z,193.9,0.0,25.0,0.0,-25.0,25.0
5-10 дней,2026-08-06T10:08:26Z,2026-08-14T13:00:00Z,194.9,1.0,25.0,0.0,-24.0,24.0
5-10 дней,2026-08-06T10:08:26Z,2026-08-14T14:00:00Z,195.9,3.0,25.0,0.0,-22.0,22.0
5-10 дней,2026-08-06T10:08:26Z,2026-08-14T15:00:00Z,196.9,5.0,12.5,0.0,-7.5,7.5
5-10 дней,2026-08-06T10:08:26Z,2026-08-14T16:00:00Z,197.9,7.0,12.5,0.0,-5.5,5.5
5-10 дней,2026-08-06T10:08:26Z,2026-08-14T17:00:00Z,198.9,8.0,12.5,0.0,-4.5,4.5
5-10 дней,2026-08-06T10:08:26Z,2026-08-14T18:00:00Z,199.9,9.0,25.0,0.0,-16.0,16.0
5-10 дней,2026-08-06T10:08:26Z,2026-08-15T06:00:00Z,211.9,0.0,0.0,0.0,0.0,0.0
5-10 дней,2026-08-06T10:08:26Z,2026-08-15T07:00:00Z,212.9,2.0,0.0,0.0,2.0,2.0
5-10 дней,2026-08-06T10:08:26Z,2026-08-15T08:00:00Z,213.9,4.0,0.0,0.0,4.0,4.0
5-10 дней,2026-08-06T10:08:26Z,2026-08-15T09:00:00Z,214.9,7.0,0.0,0.0,7.0,7.0
5-10 дней,2026-08-06T10:08:26Z,2026-08-15T10:00:00Z,215.9,9.0,0.0,0.0,9.0,9.0
5-10 дней,2026-08-06T10:08:26Z,2026-08-15T11:00:00Z,216.9,12.0,0.0,25.0,12.0,12.0
5-10 дней,2026-08-06T10:08:26Z,2026-08-15T12:00:00Z,217.9,13.0,0.0,25.0,13.0,13.0
5-10 дней,2026-08-06T10:08:26Z,2026-08-15T13:00:00Z,218.9,13.0,0.0,25.0,13.0,13.0
5-10 дней,2026-08-06T10:08:26Z,2026-08-15T14:00:00Z,219.9,12.0,0.0,25.0,12.0,12.0
5-10 дней,2026-08-06T10:08:26Z,2026-08-15T15:00:00Z,220.9,10.0,0.0,12.5,10.0,10.0
5-10 дней,2026-08-06T10:08:26Z,2026-08-15T16:00:00Z,221.9,8.0,0.0,12.5,8.0,8.0
5-10 дней,2026-08-06T10:08:26Z,2026-08-15T17:00:00Z,222.9,6.0,0.0,12.5,6.0,6.0
5-10 дней,2026-08-06T10:08:26Z,2026-08-15T18:00:00Z,223.9,4.0,0.0,25.0,4.0,4.0
5-10 дней,2026-08-06T10:47:54Z,2026-08-11T11:00:00Z,120.2,0.0,0.0,12.5,0.0,0.0
5-10 дней,2026-08-06T10:47:54Z,2026-08-11T12:00:00Z,121.2,0.0,0.0,0.0,0.0,0.0
5-10 дней,2026-08-06T10:47:54Z,2026-08-11T13:00:00Z,122.2,0.0,0.0,0.0,0.0,0.0
5-10 дней,2026-08-06T10:47:54Z,2026-08-11T14:00:00Z,123.2,0.0,0.0,0.0,0.0,0.0
5-10 дней,2026-08-06T10:47:54Z,2026-08-11T15:00:00Z,124.2,0.0,0.0,0.0,0.0,0.0
5-10 дней,2026-08-06T10:47:54Z,2026-08-11T16:00:00Z,125.2,0.0,0.0,0.0,0.0,0.0
5-10 дней,2026-08-06T10:47:54Z,2026-08-11T17:00:00Z,126.2,0.0,0.0,0.0,0.0,0.0
5-10 дней,2026-08-06T10:47:54Z,2026-08-11T18:00:00Z,127.2,0.0,0.0,0.0,0.0,0.0
5-10 дней,2026-08-06T10:47:54Z,2026-08-12T06:00:00Z,139.2,7.0,75.0,0.0,-68.0,68.0
5-10 дней,2026-08-06T10:47:54Z,2026-08-12T07:00:00Z,140.2,8.0,75.0,0.0,-67.0,67.0
5-10 дней,2026-08-06T10:47:54Z,2026-08-12T08:00:00Z,141.2,9.0,50.0,0.0,-41.0,41.0
5-10 дней,2026-08-06T10:47:54Z,2026-08-12T09:00:00Z,142.2,10.0,25.0,0.0,-15.0,15.0
5-10 дней,2026-08-06T10:47:54Z,2026-08-12T10:00:00Z,143.2,11.0,25.0,0.0,-14.0,14.0
5-10 дней,2026-08-06T10:47:54Z,2026-08-12T11:00:00Z,144.2,11.0,12.5,0.0,-1.5,1.5
5-10 дней,2026-08-06T10:47:54Z,2026-08-12T12:00:00Z,145.2,12.0,12.5,0.0,-0.5,0.5
5-10 дней,2026-08-06T10:47:54Z,2026-08-12T13:00:00Z,146.2,13.0,0.0,0.0,13.0,13.0
5-10 дней,2026-08-06T10:47:54Z,2026-08-12T14:00:00Z,147.2,15.0,0.0,0.0,15.0,15.0
5-10 дней,2026-08-06T10:47:54Z,2026-08-12T15:00:00Z,148.2,16.0,0.0,0.0,16.0,16.0
5-10 дней,2026-08-06T10:47:54Z,2026-08-12T16:00:00Z,149.2,17.0,0.0,0.0,17.0,17.0
5-10 дней,2026-08-06T10:47:54Z,2026-08-12T17:00:00Z,150.2,18.0,0.0,0.0,18.0,18.0
5-10 дней,2026-08-06T10:47:54Z,2026-08-12T18:00:00Z,151.2,18.0,0.0,0.0,18.0,18.0
5-10 дней,2026-08-06T10:47:54Z,2026-08-13T06:00:00Z,163.2,0.0,0.0,75.0,0.0,0.0
5-10 дней,2026-08-06T10:47:54Z,2026-08-13T07:00:00Z,164.2,0.0,0.0,75.0,0.0,0.0
5-10 дней,2026-08-06T10:47:54Z,2026-08-13T08:00:00Z,165.2,0.0,0.0,50.0,0.0,0.0
5-10 дней,2026-08-06T10:47:54Z,2026-08-13T09:00:00Z,166.2,0.0,0.0,25.0,0.0,0.0
5-10 дней,2026-08-06T10:47:54Z,2026-08-13T10:00:00Z,167.2,0.0,0.0,25.0,0.0,0.0
5-10 дней,2026-08-06T10:47:54Z,2026-08-13T11:00:00Z,168.2,0.0,0.0,12.5,0.0,0.0
5-10 дней,2026-08-06T10:47:54Z,2026-08-13T12:00:00Z,169.2,0.0,0.0,12.5,0.0,0.0
5-10 дней,2026-08-06T10:47:54Z,2026-08-13T13:00:00Z,170.2,0.0,0.0,0.0,0.0,0.0
5-10 дней,2026-08-06T10:47:54Z,2026-08-13T14:00:00Z,171.2,0.0,0.0,0.0,0.0,0.0
5-10 дней,2026-08-06T10:47:54Z,2026-08-13T15:00:00Z,172.2,0.0,0.0,0.0,0.0,0.0
5-10 дней,2026-08-06T10:47:54Z,2026-08-13T16:00:00Z,173.2,0.0,0.0,0.0,0.0,0.0
5-10 дней,2026-08-06T10:47:54Z,2026-08-13T17:00:00Z,174.2,0.0,0.0,0.0,0.0,0.0
5-10 дней,2026-08-06T10:47:54Z,2026-08-13T18:00:00Z,175.2,0.0,0.0,0.0,0.0,0.0
5-10 дней,2026-08-06T10:47:54Z,2026-08-14T06:00:00Z,187.2,0.0,0.0,0.0,0.0,0.0
5-10 дней,2026-08-06T10:47:54Z,2026-08-14T07:00:00Z,188.2,0.0,0.0,0.0,0.0,0.0
5-10 дней,2026-08-06T10:47:54Z,2026-08-14T08:00:00Z,189.2,0.0,0.0,0.0,0.0,0.0
5-10 дней,2026-08-06T10:47:54Z,2026-08-14T09:00:00Z,190.2,0.0,0.0,0.0,0.0,0.0
5-10 дней,2026-08-06T10:47:54Z,2026-08-14T10:00:00Z,191.2,0.0,0.0,0.0,0.0,0.0
5-10 дней,2026-08-06T10:47:54Z,2026-08-14T11:00:00Z,192.2,0.0,25.0,0.0,-25.0,25.0
5-10 дней,2026-08-06T10:47:54Z,2026-08-14T12:00:00Z,193.2,0.0,25.0,0.0,-25.0,25.0
5-10 дней,2026-08-06T10:47:54Z,2026-08-14T13:00:00Z,194.2,1.0,25.0,0.0,-24.0,24.0
5-10 дней,2026-08-06T10:47:54Z,2026-08-14T14:00:00Z,195.2,3.0,25.0,0.0,-22.0,22.0
5-10 дней,2026-08-06T10:47:54Z,2026-08-14T15:00:00Z,196.2,5.0,12.5,0.0,-7.5,7.5
5-10 дней,2026-08-06T10:47:54Z,2026-08-14T16:00:00Z,197.2,7.0,12.5,0.0,-5.5,5.5
5-10 дней,2026-08-06T10:47:54Z,2026-08-14T17:00:00Z,198.2,8.0,12.5,0.0,-4.5,4.5
5-10 дней,2026-08-06T10:47:54Z,2026-08-14T18:00:00Z,199.2,9.0,25.0,0.0,-16.0,16.0
5-10 дней,2026-08-06T10:47:54Z,2026-08-15T06:00:00Z,211.2,0.0,0.0,0.0,0.0,0.0
5-10 дней,2026-08-06T10:47:54Z,2026-08-15T07:00:00Z,212.2,2.0,0.0,0.0,2.0,2.0
5-10 дней,2026-08-06T10:47:54Z,2026-08-15T08:00:00Z,213.2,4.0,0.0,0.0,4.0,4.0
5-10 дней,2026-08-06T10:47:54Z,2026-08-15T09:00:00Z,214.2,7.0,0.0,0.0,7.0,7.0
5-10 дней,2026-08-06T10:47:54Z,2026-08-15T10:00:00Z,215.2,9.0,0.0,0.0,9.0,9.0
5-10 дней,2026-08-06T10:47:54Z,2026-08-15T11:00:00Z,216.2,12.0,0.0,25.0,12.0,12.0
5-10 дней,2026-08-06T10:47:54Z,2026-08-15T12:00:00Z,217.2,13.0,0.0,25.0,13.0,13.0
5-10 дней,2026-08-06T10:47:54Z,2026-08-15T13:00:00Z,218.2,13.0,0.0,25.0,13.0,13.0
5-10 дней,2026-08-06T10:47:54Z,2026-08-15T14:00:00Z,219.2,12.0,0.0,25.0,12.0,12.0
5-10 дней,2026-08-06T10:47:54Z,2026-08-15T15:00:00Z,220.2,10.0,0.0,12.5,10.0,10.0
5-10 дней,2026-08-06T10:47:54Z,2026-08-15T16:00:00Z,221.2,8.0,0.0,12.5,8.0,8.0
5-10 дней,2026-08-06T10:47:54Z,2026-08-15T17:00:00Z,222.2,6.0,0.0,12.5,6.0,6.0
5-10 дней,2026-08-06T10:47:54Z,2026-08-15T18:00:00Z,223.2,4.0,0.0,25.0,4.0,4.0
5-10 дней,2026-08-06T11:30:42Z,2026-08-11T12:00:00Z,120.5,0.0,0.0,0.0,0.0,0.0
5-10 дней,2026-08-06T11:30:42Z,2026-08-11T13:00:00Z,121.5,0.0,0.0,0.0,0.0,0.0
5-10 дней,2026-08-06T11:30:42Z,2026-08-11T14:00:00Z,122.5,0.0,0.0,0.0,0.0,0.0
5-10 дней,2026-08-06T11:30:42Z,2026-08-11T15:00:00Z,123.5,0.0,0.0,0.0,0.0,0.0
5-10 дней,2026-08-06T11:30:42Z,2026-08-11T16:00:00Z,124.5,0.0,0.0,0.0,0.0,0.0
5-10 дней,2026-08-06T11:30:42Z,2026-08-11T17:00:00Z,125.5,0.0,0.0,0.0,0.0,0.0
5-10 дней,2026-08-06T11:30:42Z,2026-08-11T18:00:00Z,126.5,0.0,0.0,0.0,0.0,0.0
5-10 дней,2026-08-06T11:30:42Z,2026-08-12T06:00:00Z,138.5,7.0,75.0,0.0,-68.0,68.0
5-10 дней,2026-08-06T11:30:42Z,2026-08-12T07:00:00Z,139.5,8.0,75.0,0.0,-67.0,67.0
5-10 дней,2026-08-06T11:30:42Z,2026-08-12T08:00:00Z,140.5,9.0,50.0,0.0,-41.0,41.0
5-10 дней,2026-08-06T11:30:42Z,2026-08-12T09:00:00Z,141.5,10.0,25.0,0.0,-15.0,15.0
5-10 дней,2026-08-06T11:30:42Z,2026-08-12T10:00:00Z,142.5,11.0,25.0,0.0,-14.0,14.0
5-10 дней,2026-08-06T11:30:42Z,2026-08-12T11:00:00Z,143.5,11.0,12.5,0.0,-1.5,1.5
5-10 дней,2026-08-06T11:30:42Z,2026-08-12T12:00:00Z,144.5,12.0,12.5,0.0,-0.5,0.5
5-10 дней,2026-08-06T11:30:42Z,2026-08-12T13:00:00Z,145.5,13.0,0.0,0.0,13.0,13.0
5-10 дней,2026-08-06T11:30:42Z,2026-08-12T14:00:00Z,146.5,15.0,0.0,0.0,15.0,15.0
5-10 дней,2026-08-06T11:30:42Z,2026-08-12T15:00:00Z,147.5,16.0,0.0,0.0,16.0,16.0
5-10 дней,2026-08-06T11:30:42Z,2026-08-12T16:00:00Z,148.5,17.0,0.0,0.0,17.0,17.0
5-10 дней,2026-08-06T11:30:42Z,2026-08-12T17:00:00Z,149.5,18.0,0.0,0.0,18.0,18.0
5-10 дней,2026-08-06T11:30:42Z,2026-08-12T18:00:00Z,150.5,18.0,0.0,0.0,18.0,18.0
5-10 дней,2026-08-06T11:30:42Z,2026-08-13T06:00:00Z,162.5,0.0,0.0,75.0,0.0,0.0
5-10 дней,2026-08-06T11:30:42Z,2026-08-13T07:00:00Z,163.5,0.0,0.0,75.0,0.0,0.0
5-10 дней,2026-08-06T11:30:42Z,2026-08-13T08:00:00Z,164.5,0.0,0.0,50.0,0.0,0.0
5-10 дней,2026-08-06T11:30:42Z,2026-08-13T09:00:00Z,165.5,0.0,0.0,25.0,0.0,0.0
5-10 дней,2026-08-06T11:30:42Z,2026-08-13T10:00:00Z,166.5,0.0,0.0,25.0,0.0,0.0
5-10 дней,2026-08-06T11:30:42Z,2026-08-13T11:00:00Z,167.5,0.0,0.0,12.5,0.0,0.0
5-10 дней,2026-08-06T11:30:42Z,2026-08-13T12:00:00Z,168.5,0.0,0.0,12.5,0.0,0.0
5-10 дней,2026-08-06T11:30:42Z,2026-08-13T13:00:00Z,169.5,0.0,0.0,0.0,0.0,0.0
5-10 дней,2026-08-06T11:30:42Z,2026-08-13T14:00:00Z,170.5,0.0,0.0,0.0,0.0,0.0
5-10 дней,2026-08-06T11:30:42Z,2026-08-13T15:00:00Z,171.5,0.0,0.0,0.0,0.0,0.0
5-10 дней,2026-08-06T11:30:42Z,2026-08-13T16:00:00Z,172.5,0.0,0.0,0.0,0.0,0.0
5-10 дней,2026-08-06T11:30:42Z,2026-08-13T17:00:00Z,173.5,0.0,0.0,0.0,0.0,0.0
5-10 дней,2026-08-06T11:30:42Z,2026-08-13T18:00:00Z,174.5,0.0,0.0,0.0,0.0,0.0
5-10 дней,2026-08-06T11:30:42Z,2026-08-14T06:00:00Z,186.5,0.0,0.0,0.0,0.0,0.0
5-10 дней,2026-08-06T11:30:42Z,2026-08-14T07:00:00Z,187.5,0.0,0.0,0.0,0.0,0.0
5-10 дней,2026-08-06T11:30:42Z,2026-08-14T08:00:00Z,188.5,0.0,0.0,0.0,0.0,0.0
5-10 дней,2026-08-06T11:30:42Z,2026-08-14T09:00:00Z,189.5,0.0,0.0,0.0,0.0,0.0
5-10 дней,2026-08-06T11:30:42Z,2026-08-14T10:00:00Z,190.5,0.0,0.0,0.0,0.0,0.0
5-10 дней,2026-08-06T11:30:42Z,2026-08-14T11:00:00Z,191.5,0.0,25.0,0.0,-25.0,25.0
5-10 дней,2026-08-06T11:30:42Z,2026-08-14T12:00:00Z,192.5,0.0,25.0,0.0,-25.0,25.0
5-10 дней,2026-08-06T11:30:42Z,2026-08-14T13:00:00Z,193.5,1.0,25.0,0.0,-24.0,24.0
5-10 дней,2026-08-06T11:30:42Z,2026-08-14T14:00:00Z,194.5,3.0,25.0,0.0,-22.0,22.0
5-10 дней,2026-08-06T11:30:42Z,2026-08-14T15:00:00Z,195.5,5.0,12.5,0.0,-7.5,7.5
5-10 дней,2026-08-06T11:30:42Z,2026-08-14T16:00:00Z,196.5,7.0,12.5,0.0,-5.5,5.5
5-10 дней,2026-08-06T11:30:42Z,2026-08-14T17:00:00Z,197.5,8.0,12.5,0.0,-4.5,4.5
5-10 дней,2026-08-06T11:30:42Z,2026-08-14T18:00:00Z,198.5,9.0,25.0,0.0,-16.0,16.0
5-10 дней,2026-08-06T11:30:42Z,2026-08-15T06:00:00Z,210.5,0.0,0.0,0.0,0.0,0.0
5-10 дней,2026-08-06T11:30:42Z,2026-08-15T07:00:00Z,211.5,2.0,0.0,0.0,2.0,2.0
5-10 дней,2026-08-06T11:30:42Z,2026-08-15T08:00:00Z,212.5,4.0,0.0,0.0,4.0,4.0
5-10 дней,2026-08-06T11:30:42Z,2026-08-15T09:00:00Z,213.5,7.0,0.0,0.0,7.0,7.0
5-10 дней,2026-08-06T11:30:42Z,2026-08-15T10:00:00Z,214.5,9.0,0.0,0.0,9.0,9.0
5-10 дней,2026-08-06T11:30:42Z,2026-08-15T11:00:00Z,215.5,12.0,0.0,25.0,12.0,12.0
5-10 дней,2026-08-06T11:30:42Z,2026-08-15T12:00:00Z,216.5,13.0,0.0,25.0,13.0,13.0
5-10 дней,2026-08-06T11:30:42Z,2026-08-15T13:00:00Z,217.5,13.0,0.0,25.0,13.0,13.0
5-10 дней,2026-08-06T11:30:42Z,2026-08-15T14:00:00Z,218.5,12.0,0.0,25.0,12.0,12.0
5-10 дней,2026-08-06T11:30:42Z,2026-08-15T15:00:00Z,219.5,10.0,0.0,12.5,10.0,10.0
5-10 дней,2026-08-06T11:30:42Z,2026-08-15T16:00:00Z,220.5,8.0,0.0,12.5,8.0,8.0
5-10 дней,2026-08-06T11:30:42Z,2026-08-15T17:00:00Z,221.5,6.0,0.0,12.5,6.0,6.0
5-10 дней,2026-08-06T11:30:42Z,2026-08-15T18:00:00Z,222.5,4.0,0.0,25.0,4.0,4.0
5-10 дней,2026-08-06T11:36:01Z,2026-08-11T12:00:00Z,120.4,0.0,0.0,0.0,0.0,0.0
5-10 дней,2026-08-06T11:36:01Z,2026-08-11T13:00:00Z,121.4,0.0,0.0,0.0,0.0,0.0
5-10 дней,2026-08-06T11:36:01Z,2026-08-11T14:00:00Z,122.4,0.0,0.0,0.0,0.0,0.0
5-10 дней,2026-08-06T11:36:01Z,2026-08-11T15:00:00Z,123.4,0.0,0.0,0.0,0.0,0.0
5-10 дней,2026-08-06T11:36:01Z,2026-08-11T16:00:00Z,124.4,0.0,0.0,0.0,0.0,0.0
5-10 дней,2026-08-06T11:36:01Z,2026-08-11T17:00:00Z,125.4,0.0,0.0,0.0,0.0,0.0
5-10 дней,2026-08-06T11:36:01Z,2026-08-11T18:00:00Z,126.4,0.0,0.0,0.0,0.0,0.0
5-10 дней,2026-08-06T11:36:01Z,2026-08-12T06:00:00Z,138.4,7.0,75.0,0.0,-68.0,68.0
5-10 дней,2026-08-06T11:36:01Z,2026-08-12T07:00:00Z,139.4,8.0,75.0,0.0,-67.0,67.0
5-10 дней,2026-08-06T11:36:01Z,2026-08-12T08:00:00Z,140.4,9.0,50.0,0.0,-41.0,41.0
5-10 дней,2026-08-06T11:36:01Z,2026-08-12T09:00:00Z,141.4,10.0,25.0,0.0,-15.0,15.0
5-10 дней,2026-08-06T11:36:01Z,2026-08-12T10:00:00Z,142.4,11.0,25.0,0.0,-14.0,14.0
5-10 дней,2026-08-06T11:36:01Z,2026-08-12T11:00:00Z,143.4,11.0,12.5,0.0,-1.5,1.5
5-10 дней,2026-08-06T11:36:01Z,2026-08-12T12:00:00Z,144.4,12.0,12.5,0.0,-0.5,0.5
5-10 дней,2026-08-06T11:36:01Z,2026-08-12T13:00:00Z,145.4,13.0,0.0,0.0,13.0,13.0
5-10 дней,2026-08-06T11:36:01Z,2026-08-12T14:00:00Z,146.4,15.0,0.0,0.0,15.0,15.0
5-10 дней,2026-08-06T11:36:01Z,2026-08-12T15:00:00Z,147.4,16.0,0.0,0.0,16.0,16.0
5-10 дней,2026-08-06T11:36:01Z,2026-08-12T16:00:00Z,148.4,17.0,0.0,0.0,17.0,17.0
5-10 дней,2026-08-06T11:36:01Z,2026-08-12T17:00:00Z,149.4,18.0,0.0,0.0,18.0,18.0
5-10 дней,2026-08-06T11:36:01Z,2026-08-12T18:00:00Z,150.4,18.0,0.0,0.0,18.0,18.0
5-10 дней,2026-08-06T11:36:01Z,2026-08-13T06:00:00Z,162.4,0.0,0.0,75.0,0.0,0.0
5-10 дней,2026-08-06T11:36:01Z,2026-08-13T07:00:00Z,163.4,0.0,0.0,75.0,0.0,0.0
5-10 дней,2026-08-06T11:36:01Z,2026-08-13T08:00:00Z,164.4,0.0,0.0,50.0,0.0,0.0
5-10 дней,2026-08-06T11:36:01Z,2026-08-13T09:00:00Z,165.4,0.0,0.0,25.0,0.0,0.0
5-10 дней,2026-08-06T11:36:01Z,2026-08-13T10:00:00Z,166.4,0.0,0.0,25.0,0.0,0.0
5-10 дней,2026-08-06T11:36:01Z,2026-08-13T11:00:00Z,167.4,0.0,0.0,12.5,0.0,0.0
5-10 дней,2026-08-06T11:36:01Z,2026-08-13T12:00:00Z,168.4,0.0,0.0,12.5,0.0,0.0
5-10 дней,2026-08-06T11:36:01Z,2026-08-13T13:00:00Z,169.4,0.0,0.0,0.0,0.0,0.0
5-10 дней,2026-08-06T11:36:01Z,2026-08-13T14:00:00Z,170.4,0.0,0.0,0.0,0.0,0.0
5-10 дней,2026-08-06T11:36:01Z,2026-08-13T15:00:00Z,171.4,0.0,0.0,0.0,0.0,0.0
5-10 дней,2026-08-06T11:36:01Z,2026-08-13T16:00:00Z,172.4,0.0,0.0,0.0,0.0,0.0
5-10 дней,2026-08-06T11:36:01Z,2026-08-13T17:00:00Z,173.4,0.0,0.0,0.0,0.0,0.0
5-10 дней,2026-08-06T11:36:01Z,2026-08-13T18:00:00Z,174.4,0.0,0.0,0.0,0.0,0.0
5-10 дней,2026-08-06T11:36:01Z,2026-08-14T06:00:00Z,186.4,0.0,0.0,0.0,0.0,0.0
5-10 дней,2026-08-06T11:36:01Z,2026-08-14T07:00:00Z,187.4,0.0,0.0,0.0,0.0,0.0
5-10 дней,2026-08-06T11:36:01Z,2026-08-14T08:00:00Z,188.4,0.0,0.0,0.0,0.0,0.0
5-10 дней,2026-08-06T11:36:01Z,2026-08-14T09:00:00Z,189.4,0.0,0.0,0.0,0.0,0.0
5-10 дней,2026-08-06T11:36:01Z,2026-08-14T10:00:00Z,190.4,0.0,0.0,0.0,0.0,0.0
5-10 дней,2026-08-06T11:36:01Z,2026-08-14T11:00:00Z,191.4,0.0,25.0,0.0,-25.0,25.0
5-10 дней,2026-08-06T11:36:01Z,2026-08-14T12:00:00Z,192.4,0.0,25.0,0.0,-25.0,25.0
5-10 дней,2026-08-06T11:36:01Z,2026-08-14T13:00:00Z,193.4,1.0,25.0,0.0,-24.0,24.0
5-10 дней,2026-08-06T11:36:01Z,2026-08-14T14:00:00Z,194.4,3.0,25.0,0.0,-22.0,22.0
5-10 дней,2026-08-06T11:36:01Z,2026-08-14T15:00:00Z,195.4,5.0,12.5,0.0,-7.5,7.5
5-10 дней,2026-08-06T11:36:01Z,2026-08-14T16:00:00Z,196.4,7.0,12.5,0.0,-5.5,5.5
5-10 дней,2026-08-06T11:36:01Z,2026-08-14T17:00:00Z,197.4,8.0,12.5,0.0,-4.5,4.5
5-10 дней,2026-08-06T11:36:01Z,2026-08-14T18:00:00Z,198.4,9.0,25.0,0.0,-16.0,16.0
5-10 дней,2026-08-06T11:36:01Z,2026-08-15T06:00:00Z,210.4,0.0,0.0,0.0,0.0,0.0
5-10 дней,2026-08-06T11:36:01Z,2026-08-15T07:00:00Z,211.4,2.0,0.0,0.0,2.0,2.0
5-10 дней,2026-08-06T11:36:01Z,2026-08-15T08:00:00Z,212.4,4.0,0.0,0.0,4.0,4.0
5-10 дней,2026-08-06T11:36:01Z,2026-08-15T09:00:00Z,213.4,7.0,0.0,0.0,7.0,7.0
5-10 дней,2026-08-06T11:36:01Z,2026-08-15T10:00:00Z,214.4,9.0,0.0,0.0,9.0,9.0
5-10 дней,2026-08-06T11:36:01Z,2026-08-15T11:00:00Z,215.4,12.0,0.0,25.0,12.0,12.0
5-10 дней,2026-08-06T11:36:01Z,2026-08-15T12:00:00Z,216.4,13.0,0.0,25.0,13.0,13.0
5-10 дней,2026-08-06T11:36:01Z,2026-08-15T13:00:00Z,217.4,13.0,0.0,25.0,13.0,13.0
5-10 дней,2026-08-06T11:36:01Z,2026-08-15T14:00:00Z,218.4,12.0,0.0,25.0,12.0,12.0
5-10 дней,2026-08-06T11:36:01Z,2026-08-15T15:00:00Z,219.4,10.0,0.0,12.5,10.0,10.0
5-10 дней,2026-08-06T11:36:01Z,2026-08-15T16:00:00Z,220.4,8.0,0.0,12.5,8.0,8.0
5-10 дней,2026-08-06T11:36:01Z,2026-08-15T17:00:00Z,221.4,6.0,0.0,12.5,6.0,6.0
5-10 дней,2026-08-06T11:36:01Z,2026-08-15T18:00:00Z,222.4,4.0,0.0,25.0,4.0,4.0
5-10 дней,2026-08-06T11:44:08Z,2026-08-11T12:00:00Z,120.3,0.0,0.0,0.0,0.0,0.0
5-10 дней,2026-08-06T11:44:08Z,2026-08-11T13:00:00Z,121.3,0.0,0.0,0.0,0.0,0.0
5-10 дней,2026-08-06T11:44:08Z,2026-08-11T14:00:00Z,122.3,0.0,0.0,0.0,0.0,0.0
5-10 дней,2026-08-06T11:44:08Z,2026-08-11T15:00:00Z,123.3,0.0,0.0,0.0,0.0,0.0
5-10 дней,2026-08-06T11:44:08Z,2026-08-11T16:00:00Z,124.3,0.0,0.0,0.0,0.0,0.0
5-10 дней,2026-08-06T11:44:08Z,2026-08-11T17:00:00Z,125.3,0.0,0.0,0.0,0.0,0.0
5-10 дней,2026-08-06T11:44:08Z,2026-08-11T18:00:00Z,126.3,0.0,0.0,0.0,0.0,0.0
5-10 дней,2026-08-06T11:44:08Z,2026-08-12T06:00:00Z,138.3,7.0,75.0,0.0,-68.0,68.0
5-10 дней,2026-08-06T11:44:08Z,2026-08-12T07:00:00Z,139.3,8.0,75.0,0.0,-67.0,67.0
5-10 дней,2026-08-06T11:44:08Z,2026-08-12T08:00:00Z,140.3,9.0,50.0,0.0,-41.0,41.0
5-10 дней,2026-08-06T11:44:08Z,2026-08-12T09:00:00Z,141.3,10.0,25.0,0.0,-15.0,15.0
5-10 дней,2026-08-06T11:44:08Z,2026-08-12T10:00:00Z,142.3,11.0,25.0,0.0,-14.0,14.0
5-10 дней,2026-08-06T11:44:08Z,2026-08-12T11:00:00Z,143.3,11.0,12.5,0.0,-1.5,1.5
5-10 дней,2026-08-06T11:44:08Z,2026-08-12T12:00:00Z,144.3,12.0,12.5,0.0,-0.5,0.5
5-10 дней,2026-08-06T11:44:08Z,2026-08-12T13:00:00Z,145.3,13.0,0.0,0.0,13.0,13.0
5-10 дней,2026-08-06T11:44:08Z,2026-08-12T14:00:00Z,146.3,15.0,0.0,0.0,15.0,15.0
5-10 дней,2026-08-06T11:44:08Z,2026-08-12T15:00:00Z,147.3,16.0,0.0,0.0,16.0,16.0
5-10 дней,2026-08-06T11:44:08Z,2026-08-12T16:00:00Z,148.3,17.0,0.0,0.0,17.0,17.0
5-10 дней,2026-08-06T11:44:08Z,2026-08-12T17:00:00Z,149.3,18.0,0.0,0.0,18.0,18.0
5-10 дней,2026-08-06T11:44:08Z,2026-08-12T18:00:00Z,150.3,18.0,0.0,0.0,18.0,18.0
5-10 дней,2026-08-06T11:44:08Z,2026-08-13T06:00:00Z,162.3,0.0,0.0,75.0,0.0,0.0
5-10 дней,2026-08-06T11:44:08Z,2026-08-13T07:00:00Z,163.3,0.0,0.0,75.0,0.0,0.0
5-10 дней,2026-08-06T11:44:08Z,2026-08-13T08:00:00Z,164.3,0.0,0.0,50.0,0.0,0.0
5-10 дней,2026-08-06T11:44:08Z,2026-08-13T09:00:00Z,165.3,0.0,0.0,25.0,0.0,0.0
5-10 дней,2026-08-06T11:44:08Z,2026-08-13T10:00:00Z,166.3,0.0,0.0,25.0,0.0,0.0
5-10 дней,2026-08-06T11:44:08Z,2026-08-13T11:00:00Z,167.3,0.0,0.0,12.5,0.0,0.0
5-10 дней,2026-08-06T11:44:08Z,2026-08-13T12:00:00Z,168.3,0.0,0.0,12.5,0.0,0.0
5-10 дней,2026-08-06T11:44:08Z,2026-08-13T13:00:00Z,169.3,0.0,0.0,0.0,0.0,0.0
5-10 дней,2026-08-06T11:44:08Z,2026-08-13T14:00:00Z,170.3,0.0,0.0,0.0,0.0,0.0
5-10 дней,2026-08-06T11:44:08Z,2026-08-13T15:00:00Z,171.3,0.0,0.0,0.0,0.0,0.0
5-10 дней,2026-08-06T11:44:08Z,2026-08-13T16:00:00Z,172.3,0.0,0.0,0.0,0.0,0.0
5-10 дней,2026-08-06T11:44:08Z,2026-08-13T17:00:00Z,173.3,0.0,0.0,0.0,0.0,0.0
5-10 дней,2026-08-06T11:44:08Z,2026-08-13T18:00:00Z,174.3,0.0,0.0,0.0,0.0,0.0
5-10 дней,2026-08-06T11:44:08Z,2026-08-14T06:00:00Z,186.3,0.0,0.0,0.0,0.0,0.0
5-10 дней,2026-08-06T11:44:08Z,2026-08-14T07:00:00Z,187.3,0.0,0.0,0.0,0.0,0.0
5-10 дней,2026-08-06T11:44:08Z,2026-08-14T08:00:00Z,188.3,0.0,0.0,0.0,0.0,0.0
5-10 дней,2026-08-06T11:44:08Z,2026-08-14T09:00:00Z,189.3,0.0,0.0,0.0,0.0,0.0
5-10 дней,2026-08-06T11:44:08Z,2026-08-14T10:00:00Z,190.3,0.0,0.0,0.0,0.0,0.0
5-10 дней,2026-08-06T11:44:08Z,2026-08-14T11:00:00Z,191.3,0.0,25.0,0.0,-25.0,25.0
5-10 дней,2026-08-06T11:44:08Z,2026-08-14T12:00:00Z,192.3,0.0,25.0,0.0,-25.0,25.0
5-10 дней,2026-08-06T11:44:08Z,2026-08-14T13:00:00Z,193.3,1.0,25.0,0.0,-24.0,24.0
5-10 дней,2026-08-06T11:44:08Z,2026-08-14T14:00:00Z,194.3,3.0,25.0,0.0,-22.0,22.0
5-10 дней,2026-08-06T11:44:08Z,2026-08-14T15:00:00Z,195.3,5.0,12.5,0.0,-7.5,7.5
5-10 дней,2026-08-06T11:44:08Z,2026-08-14T16:00:00Z,196.3,7.0,12.5,0.0,-5.5,5.5
5-10 дней,2026-08-06T11:44:08Z,2026-08-14T17:00:00Z,197.3,8.0,12.5,0.0,-4.5,4.5
5-10 дней,2026-08-06T11:44:08Z,2026-08-14T18:00:00Z,198.3,9.0,25.0,0.0,-16.0,16.0
5-10 дней,2026-08-06T11:44:08Z,2026-08-15T06:00:00Z,210.3,0.0,0.0,0.0,0.0,0.0
5-10 дней,2026-08-06T11:44:08Z,2026-08-15T07:00:00Z,211.3,2.0,0.0,0.0,2.0,2.0
5-10 дней,2026-08-06T11:44:08Z,2026-08-15T08:00:00Z,212.3,4.0,0.0,0.0,4.0,4.0
5-10 дней,2026-08-06T11:44:08Z,2026-08-15T09:00:00Z,213.3,7.0,0.0,0.0,7.0,7.0
5-10 дней,2026-08-06T11:44:08Z,2026-08-15T10:00:00Z,214.3,9.0,0.0,0.0,9.0,9.0
5-10 дней,2026-08-06T11:44:08Z,2026-08-15T11:00:00Z,215.3,12.0,0.0,25.0,12.0,12.0
5-10 дней,2026-08-06T11:44:08Z,2026-08-15T12:00:00Z,216.3,13.0,0.0,25.0,13.0,13.0
5-10 дней,2026-08-06T11:44:08Z,2026-08-15T13:00:00Z,217.3,13.0,0.0,25.0,13.0,13.0
5-10 дней,2026-08-06T11:44:08Z,2026-08-15T14:00:00Z,218.3,12.0,0.0,25.0,12.0,12.0
5-10 дней,2026-08-06T11:44:08Z,2026-08-15T15:00:00Z,219.3,10.0,0.0,12.5,10.0,10.0
5-10 дней,2026-08-06T11:44:08Z,2026-08-15T16:00:00Z,220.3,8.0,0.0,12.5,8.0,8.0
5-10 дней,2026-08-06T11:44:08Z,2026-08-15T17:00:00Z,221.3,6.0,0.0,12.5,6.0,6.0
5-10 дней,2026-08-06T11:44:08Z,2026-08-15T18:00:00Z,222.3,4.0,0.0,25.0,4.0,4.0
5-10 дней,2026-08-07T01:31:32Z,2026-08-12T06:00:00Z,124.5,0.0,75.0,0.0,-75.0,75.0
5-10 дней,2026-08-07T01:31:32Z,2026-08-12T07:00:00Z,125.5,0.0,75.0,0.0,-75.0,75.0
5-10 дней,2026-08-07T01:31:32Z,2026-08-12T08:00:00Z,126.5,0.0,50.0,0.0,-50.0,50.0
5-10 дней,2026-08-07T01:31:32Z,2026-08-12T09:00:00Z,127.5,0.0,25.0,0.0,-25.0,25.0
5-10 дней,2026-08-07T01:31:32Z,2026-08-12T10:00:00Z,128.5,0.0,25.0,0.0,-25.0,25.0
5-10 дней,2026-08-07T01:31:32Z,2026-08-12T11:00:00Z,129.5,0.0,12.5,0.0,-12.5,12.5
5-10 дней,2026-08-07T01:31:32Z,2026-08-12T12:00:00Z,130.5,0.0,12.5,0.0,-12.5,12.5
5-10 дней,2026-08-07T01:31:32Z,2026-08-12T13:00:00Z,131.5,0.0,0.0,0.0,0.0,0.0
5-10 дней,2026-08-07T01:31:32Z,2026-08-12T14:00:00Z,132.5,0.0,0.0,0.0,0.0,0.0
5-10 дней,2026-08-07T01:31:32Z,2026-08-12T15:00:00Z,133.5,0.0,0.0,0.0,0.0,0.0
5-10 дней,2026-08-07T01:31:32Z,2026-08-12T16:00:00Z,134.5,0.0,0.0,0.0,0.0,0.0
5-10 дней,2026-08-07T01:31:32Z,2026-08-12T17:00:00Z,135.5,0.0,0.0,0.0,0.0,0.0
5-10 дней,2026-08-07T01:31:32Z,2026-08-12T18:00:00Z,136.5,0.0,0.0,0.0,0.0,0.0
5-10 дней,2026-08-07T01:31:32Z,2026-08-13T06:00:00Z,148.5,0.0,0.0,75.0,0.0,0.0
5-10 дней,2026-08-07T01:31:32Z,2026-08-13T07:00:00Z,149.5,0.0,0.0,75.0,0.0,0.0
5-10 дней,2026-08-07T01:31:32Z,2026-08-13T08:00:00Z,150.5,0.0,0.0,50.0,0.0,0.0
5-10 дней,2026-08-07T01:31:32Z,2026-08-13T09:00:00Z,151.5,0.0,0.0,25.0,0.0,0.0
5-10 дней,2026-08-07T01:31:32Z,2026-08-13T10:00:00Z,152.5,0.0,0.0,25.0,0.0,0.0
5-10 дней,2026-08-07T01:31:32Z,2026-08-13T11:00:00Z,153.5,0.0,0.0,12.5,0.0,0.0
5-10 дней,2026-08-07T01:31:32Z,2026-08-13T12:00:00Z,154.5,0.0,0.0,12.5,0.0,0.0
5-10 дней,2026-08-07T01:31:32Z,2026-08-13T13:00:00Z,155.5,0.0,0.0,0.0,0.0,0.0
5-10 дней,2026-08-07T01:31:32Z,2026-08-13T14:00:00Z,156.5,0.0,0.0,0.0,0.0,0.0
5-10 дней,2026-08-07T01:31:32Z,2026-08-13T15:00:00Z,157.5,0.0,0.0,0.0,0.0,0.0
5-10 дней,2026-08-07T01:31:32Z,2026-08-13T16:00:00Z,158.5,0.0,0.0,0.0,0.0,0.0
5-10 дней,2026-08-07T01:31:32Z,2026-08-13T17:00:00Z,159.5,0.0,0.0,0.0,0.0,0.0
5-10 дней,2026-08-07T01:31:32Z,2026-08-13T18:00:00Z,160.5,0.0,0.0,0.0,0.0,0.0
5-10 дней,2026-08-07T01:31:32Z,2026-08-14T06:00:00Z,172.5,0.0,0.0,0.0,0.0,0.0
5-10 дней,2026-08-07T01:31:32Z,2026-08-14T07:00:00Z,173.5,0.0,0.0,0.0,0.0,0.0
5-10 дней,2026-08-07T01:31:32Z,2026-08-14T08:00:00Z,174.5,0.0,0.0,0.0,0.0,0.0
5-10 дней,2026-08-07T01:31:32Z,2026-08-14T09:00:00Z,175.5,0.0,0.0,0.0,0.0,0.0
5-10 дней,2026-08-07T01:31:32Z,2026-08-14T10:00:00Z,176.5,0.0,0.0,0.0,0.0,0.0
5-10 дней,2026-08-07T01:31:32Z,2026-08-14T11:00:00Z,177.5,0.0,25.0,0.0,-25.0,25.0
5-10 дней,2026-08-07T01:31:32Z,2026-08-14T12:00:00Z,178.5,0.0,25.0,0.0,-25.0,25.0
5-10 дней,2026-08-07T01:31:32Z,2026-08-14T13:00:00Z,179.5,0.0,25.0,0.0,-25.0,25.0
5-10 дней,2026-08-07T01:31:32Z,2026-08-14T14:00:00Z,180.5,0.0,25.0,0.0,-25.0,25.0
5-10 дней,2026-08-07T01:31:32Z,2026-08-14T15:00:00Z,181.5,0.0,12.5,0.0,-12.5,12.5
5-10 дней,2026-08-07T01:31:32Z,2026-08-14T16:00:00Z,182.5,0.0,12.5,0.0,-12.5,12.5
5-10 дней,2026-08-07T01:31:32Z,2026-08-14T17:00:00Z,183.5,0.0,12.5,0.0,-12.5,12.5
5-10 дней,2026-08-07T01:31:32Z,2026-08-14T18:00:00Z,184.5,0.0,25.0,0.0,-25.0,25.0
5-10 дней,2026-08-07T01:31:32Z,2026-08-15T06:00:00Z,196.5,0.0,0.0,0.0,0.0,0.0
5-10 дней,2026-08-07T01:31:32Z,2026-08-15T07:00:00Z,197.5,0.0,0.0,0.0,0.0,0.0
5-10 дней,2026-08-07T01:31:32Z,2026-08-15T08:00:00Z,198.5,0.0,0.0,0.0,0.0,0.0
5-10 дней,2026-08-07T01:31:32Z,2026-08-15T09:00:00Z,199.5,0.0,0.0,0.0,0.0,0.0
5-10 дней,2026-08-07T01:31:32Z,2026-08-15T10:00:00Z,200.5,0.0,0.0,0.0,0.0,0.0
5-10 дней,2026-08-07T01:31:32Z,2026-08-15T11:00:00Z,201.5,0.0,0.0,25.0,0.0,0.0
5-10 дней,2026-08-07T01:31:32Z,2026-08-15T12:00:00Z,202.5,0.0,0.0,25.0,0.0,0.0
5-10 дней,2026-08-07T01:31:32Z,2026-08-15T13:00:00Z,203.5,0.0,0.0,25.0,0.0,0.0
5-10 дней,2026-08-07T01:31:32Z,2026-08-15T14:00:00Z,204.5,0.0,0.0,25.0,0.0,0.0
5-10 дней,2026-08-07T01:31:32Z,2026-08-15T15:00:00Z,205.5,0.0,0.0,12.5,0.0,0.0
5-10 дней,2026-08-07T01:31:32Z,2026-08-15T16:00:00Z,206.5,0.0,0.0,12.5,0.0,0.0
5-10 дней,2026-08-07T01:31:32Z,2026-08-15T17:00:00Z,207.5,0.0,0.0,12.5,0.0,0.0
5-10 дней,2026-08-07T01:31:32Z,2026-08-15T18:00:00Z,208.5,0.0,0.0,25.0,0.0,0.0
5-10 дней,2026-08-07T01:31:32Z,2026-08-16T06:00:00Z,220.5,0.0,0.0,0.0,0.0,0.0
5-10 дней,2026-08-07T01:31:32Z,2026-08-16T07:00:00Z,221.5,0.0,0.0,0.0,0.0,0.0
5-10 дней,2026-08-07T01:31:32Z,2026-08-16T08:00:00Z,222.5,0.0,0.0,0.0,0.0,0.0
5-10 дней,2026-08-07T01:31:32Z,2026-08-16T09:00:00Z,223.5,0.0,0.0,0.0,0.0,0.0
5-10 дней,2026-08-07T01:31:32Z,2026-08-16T10:00:00Z,224.5,0.0,0.0,0.0,0.0,0.0
5-10 дней,2026-08-07T01:31:32Z,2026-08-16T11:00:00Z,225.5,0.0,0.0,0.0,0.0,0.0
5-10 дней,2026-08-07T01:31:32Z,2026-08-16T12:00:00Z,226.5,0.0,0.0,0.0,0.0,0.0
5-10 дней,2026-08-07T01:31:32Z,2026-08-16T13:00:00Z,227.5,0.0,0.0,0.0,0.0,0.0
5-10 дней,2026-08-07T01:31:32Z,2026-08-16T14:00:00Z,228.5,0.0,0.0,0.0,0.0,0.0
5-10 дней,2026-08-07T01:31:32Z,2026-08-16T15:00:00Z,229.5,0.0,0.0,0.0,0.0,0.0
5-10 дней,2026-08-07T01:31:32Z,2026-08-16T16:00:00Z,230.5,0.0,0.0,0.0,0.0,0.0
5-10 дней,2026-08-07T01:31:32Z,2026-08-16T17:00:00Z,231.5,0.0,0.0,0.0,0.0,0.0
5-10 дней,2026-08-07T01:31:32Z,2026-08-16T18:00:00Z,232.5,0.0,0.0,0.0,0.0,0.0
5-10 дней,2026-08-07T05:36:00Z,2026-08-12T06:00:00Z,120.4,0.0,75.0,0.0,-75.0,75.0
5-10 дней,2026-08-07T05:36:00Z,2026-08-12T07:00:00Z,121.4,0.0,75.0,0.0,-75.0,75.0
5-10 дней,2026-08-07T05:36:00Z,2026-08-12T08:00:00Z,122.4,0.0,50.0,0.0,-50.0,50.0
5-10 дней,2026-08-07T05:36:00Z,2026-08-12T09:00:00Z,123.4,0.0,25.0,0.0,-25.0,25.0
5-10 дней,2026-08-07T05:36:00Z,2026-08-12T10:00:00Z,124.4,0.0,25.0,0.0,-25.0,25.0
5-10 дней,2026-08-07T05:36:00Z,2026-08-12T11:00:00Z,125.4,0.0,12.5,0.0,-12.5,12.5
5-10 дней,2026-08-07T05:36:00Z,2026-08-12T12:00:00Z,126.4,0.0,12.5,0.0,-12.5,12.5
5-10 дней,2026-08-07T05:36:00Z,2026-08-12T13:00:00Z,127.4,0.0,0.0,0.0,0.0,0.0
5-10 дней,2026-08-07T05:36:00Z,2026-08-12T14:00:00Z,128.4,0.0,0.0,0.0,0.0,0.0
5-10 дней,2026-08-07T05:36:00Z,2026-08-12T15:00:00Z,129.4,0.0,0.0,0.0,0.0,0.0
5-10 дней,2026-08-07T05:36:00Z,2026-08-12T16:00:00Z,130.4,0.0,0.0,0.0,0.0,0.0
5-10 дней,2026-08-07T05:36:00Z,2026-08-12T17:00:00Z,131.4,0.0,0.0,0.0,0.0,0.0
5-10 дней,2026-08-07T05:36:00Z,2026-08-12T18:00:00Z,132.4,0.0,0.0,0.0,0.0,0.0
5-10 дней,2026-08-07T05:36:00Z,2026-08-13T06:00:00Z,144.4,0.0,0.0,75.0,0.0,0.0
5-10 дней,2026-08-07T05:36:00Z,2026-08-13T07:00:00Z,145.4,0.0,0.0,75.0,0.0,0.0
5-10 дней,2026-08-07T05:36:00Z,2026-08-13T08:00:00Z,146.4,0.0,0.0,50.0,0.0,0.0
5-10 дней,2026-08-07T05:36:00Z,2026-08-13T09:00:00Z,147.4,0.0,0.0,25.0,0.0,0.0
5-10 дней,2026-08-07T05:36:00Z,2026-08-13T10:00:00Z,148.4,0.0,0.0,25.0,0.0,0.0
5-10 дней,2026-08-07T05:36:00Z,2026-08-13T11:00:00Z,149.4,0.0,0.0,12.5,0.0,0.0
5-10 дней,2026-08-07T05:36:00Z,2026-08-13T12:00:00Z,150.4,0.0,0.0,12.5,0.0,0.0
5-10 дней,2026-08-07T05:36:00Z,2026-08-13T13:00:00Z,151.4,0.0,0.0,0.0,0.0,0.0
5-10 дней,2026-08-07T05:36:00Z,2026-08-13T14:00:00Z,152.4,0.0,0.0,0.0,0.0,0.0
5-10 дней,2026-08-07T05:36:00Z,2026-08-13T15:00:00Z,153.4,0.0,0.0,0.0,0.0,0.0
5-10 дней,2026-08-07T05:36:00Z,2026-08-13T16:00:00Z,154.4,0.0,0.0,0.0,0.0,0.0
5-10 дней,2026-08-07T05:36:00Z,2026-08-13T17:00:00Z,155.4,0.0,0.0,0.0,0.0,0.0
5-10 дней,2026-08-07T05:36:00Z,2026-08-13T18:00:00Z,156.4,0.0,0.0,0.0,0.0,0.0
5-10 дней,2026-08-07T05:36:00Z,2026-08-14T06:00:00Z,168.4,0.0,0.0,0.0,0.0,0.0
5-10 дней,2026-08-07T05:36:00Z,2026-08-14T07:00:00Z,169.4,0.0,0.0,0.0,0.0,0.0
5-10 дней,2026-08-07T05:36:00Z,2026-08-14T08:00:00Z,170.4,0.0,0.0,0.0,0.0,0.0
5-10 дней,2026-08-07T05:36:00Z,2026-08-14T09:00:00Z,171.4,0.0,0.0,0.0,0.0,0.0
5-10 дней,2026-08-07T05:36:00Z,2026-08-14T10:00:00Z,172.4,0.0,0.0,0.0,0.0,0.0
5-10 дней,2026-08-07T05:36:00Z,2026-08-14T11:00:00Z,173.4,0.0,25.0,0.0,-25.0,25.0
5-10 дней,2026-08-07T05:36:00Z,2026-08-14T12:00:00Z,174.4,0.0,25.0,0.0,-25.0,25.0
5-10 дней,2026-08-07T05:36:00Z,2026-08-14T13:00:00Z,175.4,0.0,25.0,0.0,-25.0,25.0
5-10 дней,2026-08-07T05:36:00Z,2026-08-14T14:00:00Z,176.4,0.0,25.0,0.0,-25.0,25.0
5-10 дней,2026-08-07T05:36:00Z,2026-08-14T15:00:00Z,177.4,0.0,12.5,0.0,-12.5,12.5
5-10 дней,2026-08-07T05:36:00Z,2026-08-14T16:00:00Z,178.4,0.0,12.5,0.0,-12.5,12.5
5-10 дней,2026-08-07T05:36:00Z,2026-08-14T17:00:00Z,179.4,0.0,12.5,0.0,-12.5,12.5
5-10 дней,2026-08-07T05:36:00Z,2026-08-14T18:00:00Z,180.4,0.0,25.0,0.0,-25.0,25.0
5-10 дней,2026-08-07T05:36:00Z,2026-08-15T06:00:00Z,192.4,0.0,0.0,0.0,0.0,0.0
5-10 дней,2026-08-07T05:36:00Z,2026-08-15T07:00:00Z,193.4,0.0,0.0,0.0,0.0,0.0
5-10 дней,2026-08-07T05:36:00Z,2026-08-15T08:00:00Z,194.4,0.0,0.0,0.0,0.0,0.0
5-10 дней,2026-08-07T05:36:00Z,2026-08-15T09:00:00Z,195.4,0.0,0.0,0.0,0.0,0.0
5-10 дней,2026-08-07T05:36:00Z,2026-08-15T10:00:00Z,196.4,0.0,0.0,0.0,0.0,0.0
5-10 дней,2026-08-07T05:36:00Z,2026-08-15T11:00:00Z,197.4,0.0,0.0,25.0,0.0,0.0
5-10 дней,2026-08-07T05:36:00Z,2026-08-15T12:00:00Z,198.4,0.0,0.0,25.0,0.0,0.0
5-10 дней,2026-08-07T05:36:00Z,2026-08-15T13:00:00Z,199.4,0.0,0.0,25.0,0.0,0.0
5-10 дней,2026-08-07T05:36:00Z,2026-08-15T14:00:00Z,200.4,0.0,0.0,25.0,0.0,0.0
5-10 дней,2026-08-07T05:36:00Z,2026-08-15T15:00:00Z,201.4,0.0,0.0,12.5,0.0,0.0
5-10 дней,2026-08-07T05:36:00Z,2026-08-15T16:00:00Z,202.4,0.0,0.0,12.5,0.0,0.0
5-10 дней,2026-08-07T05:36:00Z,2026-08-15T17:00:00Z,203.4,0.0,0.0,12.5,0.0,0.0
5-10 дней,2026-08-07T05:36:00Z,2026-08-15T18:00:00Z,204.4,0.0,0.0,25.0,0.0,0.0
5-10 дней,2026-08-07T05:36:00Z,2026-08-16T06:00:00Z,216.4,0.0,0.0,0.0,0.0,0.0
5-10 дней,2026-08-07T05:36:00Z,2026-08-16T07:00:00Z,217.4,0.0,0.0,0.0,0.0,0.0
5-10 дней,2026-08-07T05:36:00Z,2026-08-16T08:00:00Z,218.4,0.0,0.0,0.0,0.0,0.0
5-10 дней,2026-08-07T05:36:00Z,2026-08-16T09:00:00Z,219.4,0.0,0.0,0.0,0.0,0.0
5-10 дней,2026-08-07T05:36:00Z,2026-08-16T10:00:00Z,220.4,0.0,0.0,0.0,0.0,0.0
5-10 дней,2026-08-07T05:36:00Z,2026-08-16T11:00:00Z,221.4,0.0,0.0,0.0,0.0,0.0
5-10 дней,2026-08-07T05:36:00Z,2026-08-16T12:00:00Z,222.4,0.0,0.0,0.0,0.0,0.0
5-10 дней,2026-08-07T05:36:00Z,2026-08-16T13:00:00Z,223.4,0.0,0.0,0.0,0.0,0.0
5-10 дней,2026-08-07T05:36:00Z,2026-08-16T14:00:00Z,224.4,0.0,0.0,0.0,0.0,0.0
5-10 дней,2026-08-07T05:36:00Z,2026-08-16T15:00:00Z,225.4,0.0,0.0,0.0,0.0,0.0
5-10 дней,2026-08-07T05:36:00Z,2026-08-16T16:00:00Z,226.4,0.0,0.0,0.0,0.0,0.0
5-10 дней,2026-08-07T05:36:00Z,2026-08-16T17:00:00Z,227.4,0.0,0.0,0.0,0.0,0.0
5-10 дней,2026-08-07T05:36:00Z,2026-08-16T18:00:00Z,228.4,0.0,0.0,0.0,0.0,0.0
5-10 дней,2026-08-07T06:18:59Z,2026-08-12T07:00:00Z,120.7,0.0,75.0,0.0,-75.0,75.0
5-10 дней,2026-08-07T06:18:59Z,2026-08-12T08:00:00Z,121.7,0.0,50.0,0.0,-50.0,50.0
5-10 дней,2026-08-07T06:18:59Z,2026-08-12T09:00:00Z,122.7,0.0,25.0,0.0,-25.0,25.0
5-10 дней,2026-08-07T06:18:59Z,2026-08-12T10:00:00Z,123.7,0.0,25.0,0.0,-25.0,25.0
5-10 дней,2026-08-07T06:18:59Z,2026-08-12T11:00:00Z,124.7,0.0,12.5,0.0,-12.5,12.5
5-10 дней,2026-08-07T06:18:59Z,2026-08-12T12:00:00Z,125.7,0.0,12.5,0.0,-12.5,12.5
5-10 дней,2026-08-07T06:18:59Z,2026-08-12T13:00:00Z,126.7,0.0,0.0,0.0,0.0,0.0
5-10 дней,2026-08-07T06:18:59Z,2026-08-12T14:00:00Z,127.7,0.0,0.0,0.0,0.0,0.0
5-10 дней,2026-08-07T06:18:59Z,2026-08-12T15:00:00Z,128.7,0.0,0.0,0.0,0.0,0.0
5-10 дней,2026-08-07T06:18:59Z,2026-08-12T16:00:00Z,129.7,0.0,0.0,0.0,0.0,0.0
5-10 дней,2026-08-07T06:18:59Z,2026-08-12T17:00:00Z,130.7,0.0,0.0,0.0,0.0,0.0
5-10 дней,2026-08-07T06:18:59Z,2026-08-12T18:00:00Z,131.7,0.0,0.0,0.0,0.0,0.0
5-10 дней,2026-08-07T06:18:59Z,2026-08-13T06:00:00Z,143.7,0.0,0.0,75.0,0.0,0.0
5-10 дней,2026-08-07T06:18:59Z,2026-08-13T07:00:00Z,144.7,0.0,0.0,75.0,0.0,0.0
5-10 дней,2026-08-07T06:18:59Z,2026-08-13T08:00:00Z,145.7,0.0,0.0,50.0,0.0,0.0
5-10 дней,2026-08-07T06:18:59Z,2026-08-13T09:00:00Z,146.7,0.0,0.0,25.0,0.0,0.0
5-10 дней,2026-08-07T06:18:59Z,2026-08-13T10:00:00Z,147.7,0.0,0.0,25.0,0.0,0.0
5-10 дней,2026-08-07T06:18:59Z,2026-08-13T11:00:00Z,148.7,0.0,0.0,12.5,0.0,0.0
5-10 дней,2026-08-07T06:18:59Z,2026-08-13T12:00:00Z,149.7,0.0,0.0,12.5,0.0,0.0
5-10 дней,2026-08-07T06:18:59Z,2026-08-13T13:00:00Z,150.7,0.0,0.0,0.0,0.0,0.0
5-10 дней,2026-08-07T06:18:59Z,2026-08-13T14:00:00Z,151.7,0.0,0.0,0.0,0.0,0.0
5-10 дней,2026-08-07T06:18:59Z,2026-08-13T15:00:00Z,152.7,0.0,0.0,0.0,0.0,0.0
5-10 дней,2026-08-07T06:18:59Z,2026-08-13T16:00:00Z,153.7,0.0,0.0,0.0,0.0,0.0
5-10 дней,2026-08-07T06:18:59Z,2026-08-13T17:00:00Z,154.7,0.0,0.0,0.0,0.0,0.0
5-10 дней,2026-08-07T06:18:59Z,2026-08-13T18:00:00Z,155.7,0.0,0.0,0.0,0.0,0.0
5-10 дней,2026-08-07T06:18:59Z,2026-08-14T06:00:00Z,167.7,0.0,0.0,0.0,0.0,0.0
5-10 дней,2026-08-07T06:18:59Z,2026-08-14T07:00:00Z,168.7,0.0,0.0,0.0,0.0,0.0
5-10 дней,2026-08-07T06:18:59Z,2026-08-14T08:00:00Z,169.7,0.0,0.0,0.0,0.0,0.0
5-10 дней,2026-08-07T06:18:59Z,2026-08-14T09:00:00Z,170.7,0.0,0.0,0.0,0.0,0.0
5-10 дней,2026-08-07T06:18:59Z,2026-08-14T10:00:00Z,171.7,0.0,0.0,0.0,0.0,0.0
5-10 дней,2026-08-07T06:18:59Z,2026-08-14T11:00:00Z,172.7,0.0,25.0,0.0,-25.0,25.0
5-10 дней,2026-08-07T06:18:59Z,2026-08-14T12:00:00Z,173.7,0.0,25.0,0.0,-25.0,25.0
5-10 дней,2026-08-07T06:18:59Z,2026-08-14T13:00:00Z,174.7,0.0,25.0,0.0,-25.0,25.0
5-10 дней,2026-08-07T06:18:59Z,2026-08-14T14:00:00Z,175.7,0.0,25.0,0.0,-25.0,25.0
5-10 дней,2026-08-07T06:18:59Z,2026-08-14T15:00:00Z,176.7,0.0,12.5,0.0,-12.5,12.5
5-10 дней,2026-08-07T06:18:59Z,2026-08-14T16:00:00Z,177.7,0.0,12.5,0.0,-12.5,12.5
5-10 дней,2026-08-07T06:18:59Z,2026-08-14T17:00:00Z,178.7,0.0,12.5,0.0,-12.5,12.5
5-10 дней,2026-08-07T06:18:59Z,2026-08-14T18:00:00Z,179.7,0.0,25.0,0.0,-25.0,25.0
5-10 дней,2026-08-07T06:18:59Z,2026-08-15T06:00:00Z,191.7,0.0,0.0,0.0,0.0,0.0
5-10 дней,2026-08-07T06:18:59Z,2026-08-15T07:00:00Z,192.7,0.0,0.0,0.0,0.0,0.0
5-10 дней,2026-08-07T06:18:59Z,2026-08-15T08:00:00Z,193.7,0.0,0.0,0.0,0.0,0.0
5-10 дней,2026-08-07T06:18:59Z,2026-08-15T09:00:00Z,194.7,0.0,0.0,0.0,0.0,0.0
5-10 дней,2026-08-07T06:18:59Z,2026-08-15T10:00:00Z,195.7,0.0,0.0,0.0,0.0,0.0
5-10 дней,2026-08-07T06:18:59Z,2026-08-15T11:00:00Z,196.7,0.0,0.0,25.0,0.0,0.0
5-10 дней,2026-08-07T06:18:59Z,2026-08-15T12:00:00Z,197.7,0.0,0.0,25.0,0.0,0.0
5-10 дней,2026-08-07T06:18:59Z,2026-08-15T13:00:00Z,198.7,0.0,0.0,25.0,0.0,0.0
5-10 дней,2026-08-07T06:18:59Z,2026-08-15T14:00:00Z,199.7,0.0,0.0,25.0,0.0,0.0
5-10 дней,2026-08-07T06:18:59Z,2026-08-15T15:00:00Z,200.7,0.0,0.0,12.5,0.0,0.0
5-10 дней,2026-08-07T06:18:59Z,2026-08-15T16:00:00Z,201.7,0.0,0.0,12.5,0.0,0.0
5-10 дней,2026-08-07T06:18:59Z,2026-08-15T17:00:00Z,202.7,0.0,0.0,12.5,0.0,0.0
5-10 дней,2026-08-07T06:18:59Z,2026-08-15T18:00:00Z,203.7,0.0,0.0,25.0,0.0,0.0
5-10 дней,2026-08-07T06:18:59Z,2026-08-16T06:00:00Z,215.7,0.0,0.0,0.0,0.0,0.0
5-10 дней,2026-08-07T06:18:59Z,2026-08-16T07:00:00Z,216.7,0.0,0.0,0.0,0.0,0.0
5-10 дней,2026-08-07T06:18:59Z,2026-08-16T08:00:00Z,217.7,0.0,0.0,0.0,0.0,0.0
5-10 дней,2026-08-07T06:18:59Z,2026-08-16T09:00:00Z,218.7,0.0,0.0,0.0,0.0,0.0
5-10 дней,2026-08-07T06:18:59Z,2026-08-16T10:00:00Z,219.7,0.0,0.0,0.0,0.0,0.0
5-10 дней,2026-08-07T06:18:59Z,2026-08-16T11:00:00Z,220.7,0.0,0.0,0.0,0.0,0.0
5-10 дней,2026-08-07T06:18:59Z,2026-08-16T12:00:00Z,221.7,0.0,0.0,0.0,0.0,0.0
5-10 дней,2026-08-07T06:18:59Z,2026-08-16T13:00:00Z,222.7,0.0,0.0,0.0,0.0,0.0
5-10 дней,2026-08-07T06:18:59Z,2026-08-16T14:00:00Z,223.7,0.0,0.0,0.0,0.0,0.0
5-10 дней,2026-08-07T06:18:59Z,2026-08-16T15:00:00Z,224.7,0.0,0.0,0.0,0.0,0.0
5-10 дней,2026-08-07T06:18:59Z,2026-08-16T16:00:00Z,225.7,0.0,0.0,0.0,0.0,0.0
5-10 дней,2026-08-07T06:18:59Z,2026-08-16T17:00:00Z,226.7,0.0,0.0,0.0,0.0,0.0
5-10 дней,2026-08-07T06:18:59Z,2026-08-16T18:00:00Z,227.7,0.0,0.0,0.0,0.0,0.0
5-10 дней,2026-08-07T07:13:52Z,2026-08-12T08:00:00Z,120.8,0.0,50.0,0.0,-50.0,50.0
5-10 дней,2026-08-07T07:13:52Z,2026-08-12T09:00:00Z,121.8,0.0,25.0,0.0,-25.0,25.0
5-10 дней,2026-08-07T07:13:52Z,2026-08-12T10:00:00Z,122.8,0.0,25.0,0.0,-25.0,25.0
5-10 дней,2026-08-07T07:13:52Z,2026-08-12T11:00:00Z,123.8,0.0,12.5,0.0,-12.5,12.5
5-10 дней,2026-08-07T07:13:52Z,2026-08-12T12:00:00Z,124.8,0.0,12.5,0.0,-12.5,12.5
5-10 дней,2026-08-07T07:13:52Z,2026-08-12T13:00:00Z,125.8,0.0,0.0,0.0,0.0,0.0
5-10 дней,2026-08-07T07:13:52Z,2026-08-12T14:00:00Z,126.8,0.0,0.0,0.0,0.0,0.0
5-10 дней,2026-08-07T07:13:52Z,2026-08-12T15:00:00Z,127.8,0.0,0.0,0.0,0.0,0.0
5-10 дней,2026-08-07T07:13:52Z,2026-08-12T16:00:00Z,128.8,0.0,0.0,0.0,0.0,0.0
5-10 дней,2026-08-07T07:13:52Z,2026-08-12T17:00:00Z,129.8,0.0,0.0,0.0,0.0,0.0
5-10 дней,2026-08-07T07:13:52Z,2026-08-12T18:00:00Z,130.8,0.0,0.0,0.0,0.0,0.0
5-10 дней,2026-08-07T07:13:52Z,2026-08-13T06:00:00Z,142.8,0.0,0.0,75.0,0.0,0.0
5-10 дней,2026-08-07T07:13:52Z,2026-08-13T07:00:00Z,143.8,0.0,0.0,75.0,0.0,0.0
5-10 дней,2026-08-07T07:13:52Z,2026-08-13T08:00:00Z,144.8,0.0,0.0,50.0,0.0,0.0
5-10 дней,2026-08-07T07:13:52Z,2026-08-13T09:00:00Z,145.8,0.0,0.0,25.0,0.0,0.0
5-10 дней,2026-08-07T07:13:52Z,2026-08-13T10:00:00Z,146.8,0.0,0.0,25.0,0.0,0.0
5-10 дней,2026-08-07T07:13:52Z,2026-08-13T11:00:00Z,147.8,0.0,0.0,12.5,0.0,0.0
5-10 дней,2026-08-07T07:13:52Z,2026-08-13T12:00:00Z,148.8,0.0,0.0,12.5,0.0,0.0
5-10 дней,2026-08-07T07:13:52Z,2026-08-13T13:00:00Z,149.8,0.0,0.0,0.0,0.0,0.0
5-10 дней,2026-08-07T07:13:52Z,2026-08-13T14:00:00Z,150.8,0.0,0.0,0.0,0.0,0.0
5-10 дней,2026-08-07T07:13:52Z,2026-08-13T15:00:00Z,151.8,0.0,0.0,0.0,0.0,0.0
5-10 дней,2026-08-07T07:13:52Z,2026-08-13T16:00:00Z,152.8,0.0,0.0,0.0,0.0,0.0
5-10 дней,2026-08-07T07:13:52Z,2026-08-13T17:00:00Z,153.8,0.0,0.0,0.0,0.0,0.0
5-10 дней,2026-08-07T07:13:52Z,2026-08-13T18:00:00Z,154.8,0.0,0.0,0.0,0.0,0.0
5-10 дней,2026-08-07T07:13:52Z,2026-08-14T06:00:00Z,166.8,0.0,0.0,0.0,0.0,0.0
5-10 дней,2026-08-07T07:13:52Z,2026-08-14T07:00:00Z,167.8,0.0,0.0,0.0,0.0,0.0
5-10 дней,2026-08-07T07:13:52Z,2026-08-14T08:00:00Z,168.8,0.0,0.0,0.0,0.0,0.0
5-10 дней,2026-08-07T07:13:52Z,2026-08-14T09:00:00Z,169.8,0.0,0.0,0.0,0.0,0.0
5-10 дней,2026-08-07T07:13:52Z,2026-08-14T10:00:00Z,170.8,0.0,0.0,0.0,0.0,0.0
5-10 дней,2026-08-07T07:13:52Z,2026-08-14T11:00:00Z,171.8,0.0,25.0,0.0,-25.0,25.0
5-10 дней,2026-08-07T07:13:52Z,2026-08-14T12:00:00Z,172.8,0.0,25.0,0.0,-25.0,25.0
5-10 дней,2026-08-07T07:13:52Z,2026-08-14T13:00:00Z,173.8,0.0,25.0,0.0,-25.0,25.0
5-10 дней,2026-08-07T07:13:52Z,2026-08-14T14:00:00Z,174.8,0.0,25.0,0.0,-25.0,25.0
5-10 дней,2026-08-07T07:13:52Z,2026-08-14T15:00:00Z,175.8,0.0,12.5,0.0,-12.5,12.5
5-10 дней,2026-08-07T07:13:52Z,2026-08-14T16:00:00Z,176.8,0.0,12.5,0.0,-12.5,12.5
5-10 дней,2026-08-07T07:13:52Z,2026-08-14T17:00:00Z,177.8,0.0,12.5,0.0,-12.5,12.5
5-10 дней,2026-08-07T07:13:52Z,2026-08-14T18:00:00Z,178.8,0.0,25.0,0.0,-25.0,25.0
5-10 дней,2026-08-07T07:13:52Z,2026-08-15T06:00:00Z,190.8,0.0,0.0,0.0,0.0,0.0
5-10 дней,2026-08-07T07:13:52Z,2026-08-15T07:00:00Z,191.8,0.0,0.0,0.0,0.0,0.0
5-10 дней,2026-08-07T07:13:52Z,2026-08-15T08:00:00Z,192.8,0.0,0.0,0.0,0.0,0.0
5-10 дней,2026-08-07T07:13:52Z,2026-08-15T09:00:00Z,193.8,0.0,0.0,0.0,0.0,0.0
5-10 дней,2026-08-07T07:13:52Z,2026-08-15T10:00:00Z,194.8,0.0,0.0,0.0,0.0,0.0
5-10 дней,2026-08-07T07:13:52Z,2026-08-15T11:00:00Z,195.8,0.0,0.0,25.0,0.0,0.0
5-10 дней,2026-08-07T07:13:52Z,2026-08-15T12:00:00Z,196.8,0.0,0.0,25.0,0.0,0.0
5-10 дней,2026-08-07T07:13:52Z,2026-08-15T13:00:00Z,197.8,0.0,0.0,25.0,0.0,0.0
5-10 дней,2026-08-07T07:13:52Z,2026-08-15T14:00:00Z,198.8,0.0,0.0,25.0,0.0,0.0
5-10 дней,2026-08-07T07:13:52Z,2026-08-15T15:00:00Z,199.8,0.0,0.0,12.5,0.0,0.0
5-10 дней,2026-08-07T07:13:52Z,2026-08-15T16:00:00Z,200.8,0.0,0.0,12.5,0.0,0.0
5-10 дней,2026-08-07T07:13:52Z,2026-08-15T17:00:00Z,201.8,0.0,0.0,12.5,0.0,0.0
5-10 дней,2026-08-07T07:13:52Z,2026-08-15T18:00:00Z,202.8,0.0,0.0,25.0,0.0,0.0
5-10 дней,2026-08-07T07:13:52Z,2026-08-16T06:00:00Z,214.8,0.0,0.0,0.0,0.0,0.0
5-10 дней,2026-08-07T07:13:52Z,2026-08-16T07:00:00Z,215.8,0.0,0.0,0.0,0.0,0.0
5-10 дней,2026-08-07T07:13:52Z,2026-08-16T08:00:00Z,216.8,0.0,0.0,0.0,0.0,0.0
5-10 дней,2026-08-07T07:13:52Z,2026-08-16T09:00:00Z,217.8,0.0,0.0,0.0,0.0,0.0
5-10 дней,2026-08-07T07:13:52Z,2026-08-16T10:00:00Z,218.8,0.0,0.0,0.0,0.0,0.0
5-10 дней,2026-08-07T07:13:52Z,2026-08-16T11:00:00Z,219.8,0.0,0.0,0.0,0.0,0.0
5-10 дней,2026-08-07T07:13:52Z,2026-08-16T12:00:00Z,220.8,0.0,0.0,0.0,0.0,0.0
5-10 дней,2026-08-07T07:13:52Z,2026-08-16T13:00:00Z,221.8,0.0,0.0,0.0,0.0,0.0
5-10 дней,2026-08-07T07:13:52Z,2026-08-16T14:00:00Z,222.8,0.0,0.0,0.0,0.0,0.0
5-10 дней,2026-08-07T07:13:52Z,2026-08-16T15:00:00Z,223.8,0.0,0.0,0.0,0.0,0.0
5-10 дней,2026-08-07T07:13:52Z,2026-08-16T16:00:00Z,224.8,0.0,0.0,0.0,0.0,0.0
5-10 дней,2026-08-07T07:13:52Z,2026-08-16T17:00:00Z,225.8,0.0,0.0,0.0,0.0,0.0
5-10 дней,2026-08-07T07:13:52Z,2026-08-16T18:00:00Z,226.8,0.0,0.0,0.0,0.0,0.0
5-10 дней,2026-08-07T10:39:14Z,2026-08-12T11:00:00Z,120.3,10.0,12.5,0.0,-2.5,2.5
5-10 дней,2026-08-07T10:39:14Z,2026-08-12T12:00:00Z,121.3,2.0,12.5,0.0,-10.5,10.5
5-10 дней,2026-08-07T10:39:14Z,2026-08-12T13:00:00Z,122.3,0.0,0.0,0.0,0.0,0.0
5-10 дней,2026-08-07T10:39:14Z,2026-08-12T14:00:00Z,123.3,0.0,0.0,0.0,0.0,0.0
5-10 дней,2026-08-07T10:39:14Z,2026-08-12T15:00:00Z,124.3,0.0,0.0,0.0,0.0,0.0
5-10 дней,2026-08-07T10:39:14Z,2026-08-12T16:00:00Z,125.3,0.0,0.0,0.0,0.0,0.0
5-10 дней,2026-08-07T10:39:14Z,2026-08-12T17:00:00Z,126.3,0.0,0.0,0.0,0.0,0.0
5-10 дней,2026-08-07T10:39:14Z,2026-08-12T18:00:00Z,127.3,0.0,0.0,0.0,0.0,0.0
5-10 дней,2026-08-07T10:39:14Z,2026-08-13T06:00:00Z,139.3,0.0,0.0,75.0,0.0,0.0
5-10 дней,2026-08-07T10:39:14Z,2026-08-13T07:00:00Z,140.3,0.0,0.0,75.0,0.0,0.0
5-10 дней,2026-08-07T10:39:14Z,2026-08-13T08:00:00Z,141.3,0.0,0.0,50.0,0.0,0.0
5-10 дней,2026-08-07T10:39:14Z,2026-08-13T09:00:00Z,142.3,0.0,0.0,25.0,0.0,0.0
5-10 дней,2026-08-07T10:39:14Z,2026-08-13T10:00:00Z,143.3,0.0,0.0,25.0,0.0,0.0
5-10 дней,2026-08-07T10:39:14Z,2026-08-13T11:00:00Z,144.3,0.0,0.0,12.5,0.0,0.0
5-10 дней,2026-08-07T10:39:14Z,2026-08-13T12:00:00Z,145.3,0.0,0.0,12.5,0.0,0.0
5-10 дней,2026-08-07T10:39:14Z,2026-08-13T13:00:00Z,146.3,0.0,0.0,0.0,0.0,0.0
5-10 дней,2026-08-07T10:39:14Z,2026-08-13T14:00:00Z,147.3,0.0,0.0,0.0,0.0,0.0
5-10 дней,2026-08-07T10:39:14Z,2026-08-13T15:00:00Z,148.3,0.0,0.0,0.0,0.0,0.0
5-10 дней,2026-08-07T10:39:14Z,2026-08-13T16:00:00Z,149.3,0.0,0.0,0.0,0.0,0.0
5-10 дней,2026-08-07T10:39:14Z,2026-08-13T17:00:00Z,150.3,0.0,0.0,0.0,0.0,0.0
5-10 дней,2026-08-07T10:39:14Z,2026-08-13T18:00:00Z,151.3,0.0,0.0,0.0,0.0,0.0
5-10 дней,2026-08-07T10:39:14Z,2026-08-14T06:00:00Z,163.3,8.0,0.0,0.0,8.0,8.0
5-10 дней,2026-08-07T10:39:14Z,2026-08-14T07:00:00Z,164.3,8.0,0.0,0.0,8.0,8.0
5-10 дней,2026-08-07T10:39:14Z,2026-08-14T08:00:00Z,165.3,8.0,0.0,0.0,8.0,8.0
5-10 дней,2026-08-07T10:39:14Z,2026-08-14T09:00:00Z,166.3,7.0,0.0,0.0,7.0,7.0
5-10 дней,2026-08-07T10:39:14Z,2026-08-14T10:00:00Z,167.3,6.0,0.0,0.0,6.0,6.0
5-10 дней,2026-08-07T10:39:14Z,2026-08-14T11:00:00Z,168.3,6.0,25.0,0.0,-19.0,19.0
5-10 дней,2026-08-07T10:39:14Z,2026-08-14T12:00:00Z,169.3,5.0,25.0,0.0,-20.0,20.0
5-10 дней,2026-08-07T10:39:14Z,2026-08-14T13:00:00Z,170.3,4.0,25.0,0.0,-21.0,21.0
5-10 дней,2026-08-07T10:39:14Z,2026-08-14T14:00:00Z,171.3,3.0,25.0,0.0,-22.0,22.0
5-10 дней,2026-08-07T10:39:14Z,2026-08-14T15:00:00Z,172.3,2.0,12.5,0.0,-10.5,10.5
5-10 дней,2026-08-07T10:39:14Z,2026-08-14T16:00:00Z,173.3,1.0,12.5,0.0,-11.5,11.5
5-10 дней,2026-08-07T10:39:14Z,2026-08-14T17:00:00Z,174.3,0.0,12.5,0.0,-12.5,12.5
5-10 дней,2026-08-07T10:39:14Z,2026-08-14T18:00:00Z,175.3,0.0,25.0,0.0,-25.0,25.0
5-10 дней,2026-08-07T10:39:14Z,2026-08-15T06:00:00Z,187.3,0.0,0.0,0.0,0.0,0.0
5-10 дней,2026-08-07T10:39:14Z,2026-08-15T07:00:00Z,188.3,0.0,0.0,0.0,0.0,0.0
5-10 дней,2026-08-07T10:39:14Z,2026-08-15T08:00:00Z,189.3,0.0,0.0,0.0,0.0,0.0
5-10 дней,2026-08-07T10:39:14Z,2026-08-15T09:00:00Z,190.3,0.0,0.0,0.0,0.0,0.0
5-10 дней,2026-08-07T10:39:14Z,2026-08-15T10:00:00Z,191.3,0.0,0.0,0.0,0.0,0.0
5-10 дней,2026-08-07T10:39:14Z,2026-08-15T11:00:00Z,192.3,0.0,0.0,25.0,0.0,0.0
5-10 дней,2026-08-07T10:39:14Z,2026-08-15T12:00:00Z,193.3,0.0,0.0,25.0,0.0,0.0
5-10 дней,2026-08-07T10:39:14Z,2026-08-15T13:00:00Z,194.3,0.0,0.0,25.0,0.0,0.0
5-10 дней,2026-08-07T10:39:14Z,2026-08-15T14:00:00Z,195.3,0.0,0.0,25.0,0.0,0.0
5-10 дней,2026-08-07T10:39:14Z,2026-08-15T15:00:00Z,196.3,0.0,0.0,12.5,0.0,0.0
5-10 дней,2026-08-07T10:39:14Z,2026-08-15T16:00:00Z,197.3,0.0,0.0,12.5,0.0,0.0
5-10 дней,2026-08-07T10:39:14Z,2026-08-15T17:00:00Z,198.3,0.0,0.0,12.5,0.0,0.0
5-10 дней,2026-08-07T10:39:14Z,2026-08-15T18:00:00Z,199.3,0.0,0.0,25.0,0.0,0.0
5-10 дней,2026-08-07T10:39:14Z,2026-08-16T06:00:00Z,211.3,0.0,0.0,0.0,0.0,0.0
5-10 дней,2026-08-07T10:39:14Z,2026-08-16T07:00:00Z,212.3,0.0,0.0,0.0,0.0,0.0
5-10 дней,2026-08-07T10:39:14Z,2026-08-16T08:00:00Z,213.3,0.0,0.0,0.0,0.0,0.0
5-10 дней,2026-08-07T10:39:14Z,2026-08-16T09:00:00Z,214.3,0.0,0.0,0.0,0.0,0.0
5-10 дней,2026-08-07T10:39:14Z,2026-08-16T10:00:00Z,215.3,0.0,0.0,0.0,0.0,0.0
5-10 дней,2026-08-07T10:39:14Z,2026-08-16T11:00:00Z,216.3,0.0,0.0,0.0,0.0,0.0
5-10 дней,2026-08-07T10:39:14Z,2026-08-16T12:00:00Z,217.3,0.0,0.0,0.0,0.0,0.0
5-10 дней,2026-08-07T10:39:14Z,2026-08-16T13:00:00Z,218.3,0.0,0.0,0.0,0.0,0.0
5-10 дней,2026-08-07T10:39:14Z,2026-08-16T14:00:00Z,219.3,0.0,0.0,0.0,0.0,0.0
5-10 дней,2026-08-07T10:39:14Z,2026-08-16T15:00:00Z,220.3,0.0,0.0,0.0,0.0,0.0
5-10 дней,2026-08-07T10:39:14Z,2026-08-16T16:00:00Z,221.3,0.0,0.0,0.0,0.0,0.0
5-10 дней,2026-08-07T10:39:14Z,2026-08-16T17:00:00Z,222.3,0.0,0.0,0.0,0.0,0.0
5-10 дней,2026-08-07T10:39:14Z,2026-08-16T18:00:00Z,223.3,0.0,0.0,0.0,0.0,0.0
5-10 дней,2026-08-07T16:51:54Z,2026-08-12T17:00:00Z,120.1,0.0,0.0,0.0,0.0,0.0
5-10 дней,2026-08-07T16:51:54Z,2026-08-12T18:00:00Z,121.1,0.0,0.0,0.0,0.0,0.0
5-10 дней,2026-08-07T16:51:54Z,2026-08-13T06:00:00Z,133.1,0.0,0.0,75.0,0.0,0.0
5-10 дней,2026-08-07T16:51:54Z,2026-08-13T07:00:00Z,134.1,0.0,0.0,75.0,0.0,0.0
5-10 дней,2026-08-07T16:51:54Z,2026-08-13T08:00:00Z,135.1,0.0,0.0,50.0,0.0,0.0
5-10 дней,2026-08-07T16:51:54Z,2026-08-13T09:00:00Z,136.1,0.0,0.0,25.0,0.0,0.0
5-10 дней,2026-08-07T16:51:54Z,2026-08-13T10:00:00Z,137.1,0.0,0.0,25.0,0.0,0.0
5-10 дней,2026-08-07T16:51:54Z,2026-08-13T11:00:00Z,138.1,0.0,0.0,12.5,0.0,0.0
5-10 дней,2026-08-07T16:51:54Z,2026-08-13T12:00:00Z,139.1,0.0,0.0,12.5,0.0,0.0
5-10 дней,2026-08-07T16:51:54Z,2026-08-13T13:00:00Z,140.1,0.0,0.0,0.0,0.0,0.0
5-10 дней,2026-08-07T16:51:54Z,2026-08-13T14:00:00Z,141.1,0.0,0.0,0.0,0.0,0.0
5-10 дней,2026-08-07T16:51:54Z,2026-08-13T15:00:00Z,142.1,0.0,0.0,0.0,0.0,0.0
5-10 дней,2026-08-07T16:51:54Z,2026-08-13T16:00:00Z,143.1,0.0,0.0,0.0,0.0,0.0
5-10 дней,2026-08-07T16:51:54Z,2026-08-13T17:00:00Z,144.1,0.0,0.0,0.0,0.0,0.0
5-10 дней,2026-08-07T16:51:54Z,2026-08-13T18:00:00Z,145.1,0.0,0.0,0.0,0.0,0.0
5-10 дней,2026-08-07T16:51:54Z,2026-08-14T06:00:00Z,157.1,8.0,0.0,0.0,8.0,8.0
5-10 дней,2026-08-07T16:51:54Z,2026-08-14T07:00:00Z,158.1,8.0,0.0,0.0,8.0,8.0
5-10 дней,2026-08-07T16:51:54Z,2026-08-14T08:00:00Z,159.1,8.0,0.0,0.0,8.0,8.0
5-10 дней,2026-08-07T16:51:54Z,2026-08-14T09:00:00Z,160.1,7.0,0.0,0.0,7.0,7.0
5-10 дней,2026-08-07T16:51:54Z,2026-08-14T10:00:00Z,161.1,6.0,0.0,0.0,6.0,6.0
5-10 дней,2026-08-07T16:51:54Z,2026-08-14T11:00:00Z,162.1,6.0,25.0,0.0,-19.0,19.0
5-10 дней,2026-08-07T16:51:54Z,2026-08-14T12:00:00Z,163.1,5.0,25.0,0.0,-20.0,20.0
5-10 дней,2026-08-07T16:51:54Z,2026-08-14T13:00:00Z,164.1,4.0,25.0,0.0,-21.0,21.0
5-10 дней,2026-08-07T16:51:54Z,2026-08-14T14:00:00Z,165.1,3.0,25.0,0.0,-22.0,22.0
5-10 дней,2026-08-07T16:51:54Z,2026-08-14T15:00:00Z,166.1,2.0,12.5,0.0,-10.5,10.5
5-10 дней,2026-08-07T16:51:54Z,2026-08-14T16:00:00Z,167.1,1.0,12.5,0.0,-11.5,11.5
5-10 дней,2026-08-07T16:51:54Z,2026-08-14T17:00:00Z,168.1,0.0,12.5,0.0,-12.5,12.5
5-10 дней,2026-08-07T16:51:54Z,2026-08-14T18:00:00Z,169.1,0.0,25.0,0.0,-25.0,25.0
5-10 дней,2026-08-07T16:51:54Z,2026-08-15T06:00:00Z,181.1,0.0,0.0,0.0,0.0,0.0
5-10 дней,2026-08-07T16:51:54Z,2026-08-15T07:00:00Z,182.1,0.0,0.0,0.0,0.0,0.0
5-10 дней,2026-08-07T16:51:54Z,2026-08-15T08:00:00Z,183.1,0.0,0.0,0.0,0.0,0.0
5-10 дней,2026-08-07T16:51:54Z,2026-08-15T09:00:00Z,184.1,0.0,0.0,0.0,0.0,0.0
5-10 дней,2026-08-07T16:51:54Z,2026-08-15T10:00:00Z,185.1,0.0,0.0,0.0,0.0,0.0
5-10 дней,2026-08-07T16:51:54Z,2026-08-15T11:00:00Z,186.1,0.0,0.0,25.0,0.0,0.0
5-10 дней,2026-08-07T16:51:54Z,2026-08-15T12:00:00Z,187.1,0.0,0.0,25.0,0.0,0.0
5-10 дней,2026-08-07T16:51:54Z,2026-08-15T13:00:00Z,188.1,0.0,0.0,25.0,0.0,0.0
5-10 дней,2026-08-07T16:51:54Z,2026-08-15T14:00:00Z,189.1,0.0,0.0,25.0,0.0,0.0
5-10 дней,2026-08-07T16:51:54Z,2026-08-15T15:00:00Z,190.1,0.0,0.0,12.5,0.0,0.0
5-10 дней,2026-08-07T16:51:54Z,2026-08-15T16:00:00Z,191.1,0.0,0.0,12.5,0.0,0.0
5-10 дней,2026-08-07T16:51:54Z,2026-08-15T17:00:00Z,192.1,0.0,0.0,12.5,0.0,0.0
5-10 дней,2026-08-07T16:51:54Z,2026-08-15T18:00:00Z,193.1,0.0,0.0,25.0,0.0,0.0
5-10 дней,2026-08-07T16:51:54Z,2026-08-16T06:00:00Z,205.1,0.0,0.0,0.0,0.0,0.0
5-10 дней,2026-08-07T16:51:54Z,2026-08-16T07:00:00Z,206.1,0.0,0.0,0.0,0.0,0.0
5-10 дней,2026-08-07T16:51:54Z,2026-08-16T08:00:00Z,207.1,0.0,0.0,0.0,0.0,0.0
5-10 дней,2026-08-07T16:51:54Z,2026-08-16T09:00:00Z,208.1,0.0,0.0,0.0,0.0,0.0
5-10 дней,2026-08-07T16:51:54Z,2026-08-16T10:00:00Z,209.1,0.0,0.0,0.0,0.0,0.0
5-10 дней,2026-08-07T16:51:54Z,2026-08-16T11:00:00Z,210.1,0.0,0.0,0.0,0.0,0.0
5-10 дней,2026-08-07T16:51:54Z,2026-08-16T12:00:00Z,211.1,0.0,0.0,0.0,0.0,0.0
5-10 дней,2026-08-07T16:51:54Z,2026-08-16T13:00:00Z,212.1,0.0,0.0,0.0,0.0,0.0
5-10 дней,2026-08-07T16:51:54Z,2026-08-16T14:00:00Z,213.1,0.0,0.0,0.0,0.0,0.0
5-10 дней,2026-08-07T16:51:54Z,2026-08-16T15:00:00Z,214.1,0.0,0.0,0.0,0.0,0.0
5-10 дней,2026-08-07T16:51:54Z,2026-08-16T16:00:00Z,215.1,0.0,0.0,0.0,0.0,0.0
5-10 дней,2026-08-07T16:51:54Z,2026-08-16T17:00:00Z,216.1,0.0,0.0,0.0,0.0,0.0
5-10 дней,2026-08-07T16:51:54Z,2026-08-16T18:00:00Z,217.1,0.0,0.0,0.0,0.0,0.0
5-10 дней,2026-08-07T22:45:57Z,2026-08-13T06:00:00Z,127.2,0.0,0.0,75.0,0.0,0.0
5-10 дней,2026-08-07T22:45:57Z,2026-08-13T07:00:00Z,128.2,0.0,0.0,75.0,0.0,0.0
5-10 дней,2026-08-07T22:45:57Z,2026-08-13T08:00:00Z,129.2,0.0,0.0,50.0,0.0,0.0
5-10 дней,2026-08-07T22:45:57Z,2026-08-13T09:00:00Z,130.2,0.0,0.0,25.0,0.0,0.0
5-10 дней,2026-08-07T22:45:57Z,2026-08-13T10:00:00Z,131.2,0.0,0.0,25.0,0.0,0.0
5-10 дней,2026-08-07T22:45:57Z,2026-08-13T11:00:00Z,132.2,0.0,0.0,12.5,0.0,0.0
5-10 дней,2026-08-07T22:45:57Z,2026-08-13T12:00:00Z,133.2,0.0,0.0,12.5,0.0,0.0
5-10 дней,2026-08-07T22:45:57Z,2026-08-13T13:00:00Z,134.2,2.0,0.0,0.0,2.0,2.0
5-10 дней,2026-08-07T22:45:57Z,2026-08-13T14:00:00Z,135.2,4.0,0.0,0.0,4.0,4.0
5-10 дней,2026-08-07T22:45:57Z,2026-08-13T15:00:00Z,136.2,6.0,0.0,0.0,6.0,6.0
5-10 дней,2026-08-07T22:45:57Z,2026-08-13T16:00:00Z,137.2,8.0,0.0,0.0,8.0,8.0
5-10 дней,2026-08-07T22:45:57Z,2026-08-13T17:00:00Z,138.2,11.0,0.0,0.0,11.0,11.0
5-10 дней,2026-08-07T22:45:57Z,2026-08-13T18:00:00Z,139.2,13.0,0.0,0.0,13.0,13.0
5-10 дней,2026-08-07T22:45:57Z,2026-08-14T06:00:00Z,151.2,1.0,0.0,0.0,1.0,1.0
5-10 дней,2026-08-07T22:45:57Z,2026-08-14T07:00:00Z,152.2,0.0,0.0,0.0,0.0,0.0
5-10 дней,2026-08-07T22:45:57Z,2026-08-14T08:00:00Z,153.2,0.0,0.0,0.0,0.0,0.0
5-10 дней,2026-08-07T22:45:57Z,2026-08-14T09:00:00Z,154.2,0.0,0.0,0.0,0.0,0.0
5-10 дней,2026-08-07T22:45:57Z,2026-08-14T10:00:00Z,155.2,0.0,0.0,0.0,0.0,0.0
5-10 дней,2026-08-07T22:45:57Z,2026-08-14T11:00:00Z,156.2,1.0,25.0,0.0,-24.0,24.0
5-10 дней,2026-08-07T22:45:57Z,2026-08-14T12:00:00Z,157.2,1.0,25.0,0.0,-24.0,24.0
5-10 дней,2026-08-07T22:45:57Z,2026-08-14T13:00:00Z,158.2,1.0,25.0,0.0,-24.0,24.0
5-10 дней,2026-08-07T22:45:57Z,2026-08-14T14:00:00Z,159.2,1.0,25.0,0.0,-24.0,24.0
5-10 дней,2026-08-07T22:45:57Z,2026-08-14T15:00:00Z,160.2,1.0,12.5,0.0,-11.5,11.5
5-10 дней,2026-08-07T22:45:57Z,2026-08-14T16:00:00Z,161.2,1.0,12.5,0.0,-11.5,11.5
5-10 дней,2026-08-07T22:45:57Z,2026-08-14T17:00:00Z,162.2,0.0,12.5,0.0,-12.5,12.5
5-10 дней,2026-08-07T22:45:57Z,2026-08-14T18:00:00Z,163.2,0.0,25.0,0.0,-25.0,25.0
5-10 дней,2026-08-07T22:45:57Z,2026-08-15T06:00:00Z,175.2,0.0,0.0,0.0,0.0,0.0
5-10 дней,2026-08-07T22:45:57Z,2026-08-15T07:00:00Z,176.2,0.0,0.0,0.0,0.0,0.0
5-10 дней,2026-08-07T22:45:57Z,2026-08-15T08:00:00Z,177.2,0.0,0.0,0.0,0.0,0.0
5-10 дней,2026-08-07T22:45:57Z,2026-08-15T09:00:00Z,178.2,0.0,0.0,0.0,0.0,0.0
5-10 дней,2026-08-07T22:45:57Z,2026-08-15T10:00:00Z,179.2,0.0,0.0,0.0,0.0,0.0
5-10 дней,2026-08-07T22:45:57Z,2026-08-15T11:00:00Z,180.2,0.0,0.0,25.0,0.0,0.0
5-10 дней,2026-08-07T22:45:57Z,2026-08-15T12:00:00Z,181.2,0.0,0.0,25.0,0.0,0.0
5-10 дней,2026-08-07T22:45:57Z,2026-08-15T13:00:00Z,182.2,0.0,0.0,25.0,0.0,0.0
5-10 дней,2026-08-07T22:45:57Z,2026-08-15T14:00:00Z,183.2,0.0,0.0,25.0,0.0,0.0
5-10 дней,2026-08-07T22:45:57Z,2026-08-15T15:00:00Z,184.2,0.0,0.0,12.5,0.0,0.0
5-10 дней,2026-08-07T22:45:57Z,2026-08-15T16:00:00Z,185.2,0.0,0.0,12.5,0.0,0.0
5-10 дней,2026-08-07T22:45:57Z,2026-08-15T17:00:00Z,186.2,0.0,0.0,12.5,0.0,0.0
5-10 дней,2026-08-07T22:45:57Z,2026-08-15T18:00:00Z,187.2,0.0,0.0,25.0,0.0,0.0
5-10 дней,2026-08-07T22:45:57Z,2026-08-16T06:00:00Z,199.2,0.0,0.0,0.0,0.0,0.0
5-10 дней,2026-08-07T22:45:57Z,2026-08-16T07:00:00Z,200.2,0.0,0.0,0.0,0.0,0.0
5-10 дней,2026-08-07T22:45:57Z,2026-08-16T08:00:00Z,201.2,0.0,0.0,0.0,0.0,0.0
5-10 дней,2026-08-07T22:45:57Z,2026-08-16T09:00:00Z,202.2,0.0,0.0,0.0,0.0,0.0
5-10 дней,2026-08-07T22:45:57Z,2026-08-16T10:00:00Z,203.2,0.0,0.0,0.0,0.0,0.0
5-10 дней,2026-08-07T22:45:57Z,2026-08-16T11:00:00Z,204.2,0.0,0.0,0.0,0.0,0.0
5-10 дней,2026-08-07T22:45:57Z,2026-08-16T12:00:00Z,205.2,0.0,0.0,0.0,0.0,0.0
5-10 дней,2026-08-07T22:45:57Z,2026-08-16T13:00:00Z,206.2,0.0,0.0,0.0,0.0,0.0
5-10 дней,2026-08-07T22:45:57Z,2026-08-16T14:00:00Z,207.2,0.0,0.0,0.0,0.0,0.0
5-10 дней,2026-08-07T22:45:57Z,2026-08-16T15:00:00Z,208.2,0.0,0.0,0.0,0.0,0.0
5-10 дней,2026-08-07T22:45:57Z,2026-08-16T16:00:00Z,209.2,0.0,0.0,0.0,0.0,0.0
5-10 дней,2026-08-07T22:45:57Z,2026-08-16T17:00:00Z,210.2,0.0,0.0,0.0,0.0,0.0
5-10 дней,2026-08-07T22:45:57Z,2026-08-16T18:00:00Z,211.2,0.0,0.0,0.0,0.0,0.0
5-10 дней,2026-08-07T23:19:23Z,2026-08-13T06:00:00Z,126.7,0.0,0.0,75.0,0.0,0.0
5-10 дней,2026-08-07T23:19:23Z,2026-08-13T07:00:00Z,127.7,0.0,0.0,75.0,0.0,0.0
5-10 дней,2026-08-07T23:19:23Z,2026-08-13T08:00:00Z,128.7,0.0,0.0,50.0,0.0,0.0
5-10 дней,2026-08-07T23:19:23Z,2026-08-13T09:00:00Z,129.7,0.0,0.0,25.0,0.0,0.0
5-10 дней,2026-08-07T23:19:23Z,2026-08-13T10:00:00Z,130.7,0.0,0.0,25.0,0.0,0.0
5-10 дней,2026-08-07T23:19:23Z,2026-08-13T11:00:00Z,131.7,0.0,0.0,12.5,0.0,0.0
5-10 дней,2026-08-07T23:19:23Z,2026-08-13T12:00:00Z,132.7,0.0,0.0,12.5,0.0,0.0
5-10 дней,2026-08-07T23:19:23Z,2026-08-13T13:00:00Z,133.7,2.0,0.0,0.0,2.0,2.0
5-10 дней,2026-08-07T23:19:23Z,2026-08-13T14:00:00Z,134.7,4.0,0.0,0.0,4.0,4.0
5-10 дней,2026-08-07T23:19:23Z,2026-08-13T15:00:00Z,135.7,6.0,0.0,0.0,6.0,6.0
5-10 дней,2026-08-07T23:19:23Z,2026-08-13T16:00:00Z,136.7,8.0,0.0,0.0,8.0,8.0
5-10 дней,2026-08-07T23:19:23Z,2026-08-13T17:00:00Z,137.7,11.0,0.0,0.0,11.0,11.0
5-10 дней,2026-08-07T23:19:23Z,2026-08-13T18:00:00Z,138.7,13.0,0.0,0.0,13.0,13.0
5-10 дней,2026-08-07T23:19:23Z,2026-08-14T06:00:00Z,150.7,1.0,0.0,0.0,1.0,1.0
5-10 дней,2026-08-07T23:19:23Z,2026-08-14T07:00:00Z,151.7,0.0,0.0,0.0,0.0,0.0
5-10 дней,2026-08-07T23:19:23Z,2026-08-14T08:00:00Z,152.7,0.0,0.0,0.0,0.0,0.0
5-10 дней,2026-08-07T23:19:23Z,2026-08-14T09:00:00Z,153.7,0.0,0.0,0.0,0.0,0.0
5-10 дней,2026-08-07T23:19:23Z,2026-08-14T10:00:00Z,154.7,0.0,0.0,0.0,0.0,0.0
5-10 дней,2026-08-07T23:19:23Z,2026-08-14T11:00:00Z,155.7,1.0,25.0,0.0,-24.0,24.0
5-10 дней,2026-08-07T23:19:23Z,2026-08-14T12:00:00Z,156.7,1.0,25.0,0.0,-24.0,24.0
5-10 дней,2026-08-07T23:19:23Z,2026-08-14T13:00:00Z,157.7,1.0,25.0,0.0,-24.0,24.0
5-10 дней,2026-08-07T23:19:23Z,2026-08-14T14:00:00Z,158.7,1.0,25.0,0.0,-24.0,24.0
5-10 дней,2026-08-07T23:19:23Z,2026-08-14T15:00:00Z,159.7,1.0,12.5,0.0,-11.5,11.5
5-10 дней,2026-08-07T23:19:23Z,2026-08-14T16:00:00Z,160.7,1.0,12.5,0.0,-11.5,11.5
5-10 дней,2026-08-07T23:19:23Z,2026-08-14T17:00:00Z,161.7,0.0,12.5,0.0,-12.5,12.5
5-10 дней,2026-08-07T23:19:23Z,2026-08-14T18:00:00Z,162.7,0.0,25.0,0.0,-25.0,25.0
5-10 дней,2026-08-07T23:19:23Z,2026-08-15T06:00:00Z,174.7,0.0,0.0,0.0,0.0,0.0
5-10 дней,2026-08-07T23:19:23Z,2026-08-15T07:00:00Z,175.7,0.0,0.0,0.0,0.0,0.0
5-10 дней,2026-08-07T23:19:23Z,2026-08-15T08:00:00Z,176.7,0.0,0.0,0.0,0.0,0.0
5-10 дней,2026-08-07T23:19:23Z,2026-08-15T09:00:00Z,177.7,0.0,0.0,0.0,0.0,0.0
5-10 дней,2026-08-07T23:19:23Z,2026-08-15T10:00:00Z,178.7,0.0,0.0,0.0,0.0,0.0
5-10 дней,2026-08-07T23:19:23Z,2026-08-15T11:00:00Z,179.7,0.0,0.0,25.0,0.0,0.0
5-10 дней,2026-08-07T23:19:23Z,2026-08-15T12:00:00Z,180.7,0.0,0.0,25.0,0.0,0.0
5-10 дней,2026-08-07T23:19:23Z,2026-08-15T13:00:00Z,181.7,0.0,0.0,25.0,0.0,0.0
5-10 дней,2026-08-07T23:19:23Z,2026-08-15T14:00:00Z,182.7,0.0,0.0,25.0,0.0,0.0
5-10 дней,2026-08-07T23:19:23Z,2026-08-15T15:00:00Z,183.7,0.0,0.0,12.5,0.0,0.0
5-10 дней,2026-08-07T23:19:23Z,2026-08-15T16:00:00Z,184.7,0.0,0.0,12.5,0.0,0.0
5-10 дней,2026-08-07T23:19:23Z,2026-08-15T17:00:00Z,185.7,0.0,0.0,12.5,0.0,0.0
5-10 дней,2026-08-07T23:19:23Z,2026-08-15T18:00:00Z,186.7,0.0,0.0,25.0,0.0,0.0
5-10 дней,2026-08-07T23:19:23Z,2026-08-16T06:00:00Z,198.7,0.0,0.0,0.0,0.0,0.0
5-10 дней,2026-08-07T23:19:23Z,2026-08-16T07:00:00Z,199.7,0.0,0.0,0.0,0.0,0.0
5-10 дней,2026-08-07T23:19:23Z,2026-08-16T08:00:00Z,200.7,0.0,0.0,0.0,0.0,0.0
5-10 дней,2026-08-07T23:19:23Z,2026-08-16T09:00:00Z,201.7,0.0,0.0,0.0,0.0,0.0
5-10 дней,2026-08-07T23:19:23Z,2026-08-16T10:00:00Z,202.7,0.0,0.0,0.0,0.0,0.0
5-10 дней,2026-08-07T23:19:23Z,2026-08-16T11:00:00Z,203.7,0.0,0.0,0.0,0.0,0.0
5-10 дней,2026-08-07T23:19:23Z,2026-08-16T12:00:00Z,204.7,0.0,0.0,0.0,0.0,0.0
5-10 дней,2026-08-07T23:19:23Z,2026-08-16T13:00:00Z,205.7,0.0,0.0,0.0,0.0,0.0
5-10 дней,2026-08-07T23:19:23Z,2026-08-16T14:00:00Z,206.7,0.0,0.0,0.0,0.0,0.0
5-10 дней,2026-08-07T23:19:23Z,2026-08-16T15:00:00Z,207.7,0.0,0.0,0.0,0.0,0.0
5-10 дней,2026-08-07T23:19:23Z,2026-08-16T16:00:00Z,208.7,0.0,0.0,0.0,0.0,0.0
5-10 дней,2026-08-07T23:19:23Z,2026-08-16T17:00:00Z,209.7,0.0,0.0,0.0,0.0,0.0
5-10 дней,2026-08-07T23:19:23Z,2026-08-16T18:00:00Z,210.7,0.0,0.0,0.0,0.0,0.0
5-10 дней,2026-08-08T04:50:53Z,2026-08-13T06:00:00Z,121.2,0.0,0.0,75.0,0.0,0.0
5-10 дней,2026-08-08T04:50:53Z,2026-08-13T07:00:00Z,122.2,0.0,0.0,75.0,0.0,0.0
5-10 дней,2026-08-08T04:50:53Z,2026-08-13T08:00:00Z,123.2,0.0,0.0,50.0,0.0,0.0
5-10 дней,2026-08-08T04:50:53Z,2026-08-13T09:00:00Z,124.2,0.0,0.0,25.0,0.0,0.0
5-10 дней,2026-08-08T04:50:53Z,2026-08-13T10:00:00Z,125.2,0.0,0.0,25.0,0.0,0.0
5-10 дней,2026-08-08T04:50:53Z,2026-08-13T11:00:00Z,126.2,0.0,0.0,12.5,0.0,0.0
5-10 дней,2026-08-08T04:50:53Z,2026-08-13T12:00:00Z,127.2,0.0,0.0,12.5,0.0,0.0
5-10 дней,2026-08-08T04:50:53Z,2026-08-13T13:00:00Z,128.2,0.0,0.0,0.0,0.0,0.0
5-10 дней,2026-08-08T04:50:53Z,2026-08-13T14:00:00Z,129.2,0.0,0.0,0.0,0.0,0.0
5-10 дней,2026-08-08T04:50:53Z,2026-08-13T15:00:00Z,130.2,0.0,0.0,0.0,0.0,0.0
5-10 дней,2026-08-08T04:50:53Z,2026-08-13T16:00:00Z,131.2,0.0,0.0,0.0,0.0,0.0
5-10 дней,2026-08-08T04:50:53Z,2026-08-13T17:00:00Z,132.2,0.0,0.0,0.0,0.0,0.0
5-10 дней,2026-08-08T04:50:53Z,2026-08-13T18:00:00Z,133.2,0.0,0.0,0.0,0.0,0.0
5-10 дней,2026-08-08T04:50:53Z,2026-08-14T06:00:00Z,145.2,1.0,0.0,0.0,1.0,1.0
5-10 дней,2026-08-08T04:50:53Z,2026-08-14T07:00:00Z,146.2,0.0,0.0,0.0,0.0,0.0
5-10 дней,2026-08-08T04:50:53Z,2026-08-14T08:00:00Z,147.2,0.0,0.0,0.0,0.0,0.0
5-10 дней,2026-08-08T04:50:53Z,2026-08-14T09:00:00Z,148.2,0.0,0.0,0.0,0.0,0.0
5-10 дней,2026-08-08T04:50:53Z,2026-08-14T10:00:00Z,149.2,0.0,0.0,0.0,0.0,0.0
5-10 дней,2026-08-08T04:50:53Z,2026-08-14T11:00:00Z,150.2,1.0,25.0,0.0,-24.0,24.0
5-10 дней,2026-08-08T04:50:53Z,2026-08-14T12:00:00Z,151.2,1.0,25.0,0.0,-24.0,24.0
5-10 дней,2026-08-08T04:50:53Z,2026-08-14T13:00:00Z,152.2,1.0,25.0,0.0,-24.0,24.0
5-10 дней,2026-08-08T04:50:53Z,2026-08-14T14:00:00Z,153.2,1.0,25.0,0.0,-24.0,24.0
5-10 дней,2026-08-08T04:50:53Z,2026-08-14T15:00:00Z,154.2,1.0,12.5,0.0,-11.5,11.5
5-10 дней,2026-08-08T04:50:53Z,2026-08-14T16:00:00Z,155.2,1.0,12.5,0.0,-11.5,11.5
5-10 дней,2026-08-08T04:50:53Z,2026-08-14T17:00:00Z,156.2,0.0,12.5,0.0,-12.5,12.5
5-10 дней,2026-08-08T04:50:53Z,2026-08-14T18:00:00Z,157.2,0.0,25.0,0.0,-25.0,25.0
5-10 дней,2026-08-08T04:50:53Z,2026-08-15T06:00:00Z,169.2,0.0,0.0,0.0,0.0,0.0
5-10 дней,2026-08-08T04:50:53Z,2026-08-15T07:00:00Z,170.2,0.0,0.0,0.0,0.0,0.0
5-10 дней,2026-08-08T04:50:53Z,2026-08-15T08:00:00Z,171.2,0.0,0.0,0.0,0.0,0.0
5-10 дней,2026-08-08T04:50:53Z,2026-08-15T09:00:00Z,172.2,0.0,0.0,0.0,0.0,0.0
5-10 дней,2026-08-08T04:50:53Z,2026-08-15T10:00:00Z,173.2,0.0,0.0,0.0,0.0,0.0
5-10 дней,2026-08-08T04:50:53Z,2026-08-15T11:00:00Z,174.2,0.0,0.0,25.0,0.0,0.0
5-10 дней,2026-08-08T04:50:53Z,2026-08-15T12:00:00Z,175.2,0.0,0.0,25.0,0.0,0.0
5-10 дней,2026-08-08T04:50:53Z,2026-08-15T13:00:00Z,176.2,0.0,0.0,25.0,0.0,0.0
5-10 дней,2026-08-08T04:50:53Z,2026-08-15T14:00:00Z,177.2,0.0,0.0,25.0,0.0,0.0
5-10 дней,2026-08-08T04:50:53Z,2026-08-15T15:00:00Z,178.2,0.0,0.0,12.5,0.0,0.0
5-10 дней,2026-08-08T04:50:53Z,2026-08-15T16:00:00Z,179.2,0.0,0.0,12.5,0.0,0.0
5-10 дней,2026-08-08T04:50:53Z,2026-08-15T17:00:00Z,180.2,0.0,0.0,12.5,0.0,0.0
5-10 дней,2026-08-08T04:50:53Z,2026-08-15T18:00:00Z,181.2,0.0,0.0,25.0,0.0,0.0
5-10 дней,2026-08-08T04:50:53Z,2026-08-16T06:00:00Z,193.2,0.0,0.0,0.0,0.0,0.0
5-10 дней,2026-08-08T04:50:53Z,2026-08-16T07:00:00Z,194.2,0.0,0.0,0.0,0.0,0.0
5-10 дней,2026-08-08T04:50:53Z,2026-08-16T08:00:00Z,195.2,0.0,0.0,0.0,0.0,0.0
5-10 дней,2026-08-08T04:50:53Z,2026-08-16T09:00:00Z,196.2,0.0,0.0,0.0,0.0,0.0
5-10 дней,2026-08-08T04:50:53Z,2026-08-16T10:00:00Z,197.2,0.0,0.0,0.0,0.0,0.0
5-10 дней,2026-08-08T04:50:53Z,2026-08-16T11:00:00Z,198.2,0.0,0.0,0.0,0.0,0.0
5-10 дней,2026-08-08T04:50:53Z,2026-08-16T12:00:00Z,199.2,0.0,0.0,0.0,0.0,0.0
5-10 дней,2026-08-08T04:50:53Z,2026-08-16T13:00:00Z,200.2,0.0,0.0,0.0,0.0,0.0
5-10 дней,2026-08-08T04:50:53Z,2026-08-16T14:00:00Z,201.2,0.0,0.0,0.0,0.0,0.0
5-10 дней,2026-08-08T04:50:53Z,2026-08-16T15:00:00Z,202.2,0.0,0.0,0.0,0.0,0.0
5-10 дней,2026-08-08T04:50:53Z,2026-08-16T16:00:00Z,203.2,0.0,0.0,0.0,0.0,0.0
5-10 дней,2026-08-08T04:50:53Z,2026-08-16T17:00:00Z,204.2,0.0,0.0,0.0,0.0,0.0
5-10 дней,2026-08-08T04:50:53Z,2026-08-16T18:00:00Z,205.2,0.0,0.0,0.0,0.0,0.0
5-10 дней,2026-08-08T10:18:13Z,2026-08-13T11:00:00Z,120.7,0.0,0.0,12.5,0.0,0.0
5-10 дней,2026-08-08T10:18:13Z,2026-08-13T12:00:00Z,121.7,0.0,0.0,12.5,0.0,0.0
5-10 дней,2026-08-08T10:18:13Z,2026-08-13T13:00:00Z,122.7,0.0,0.0,0.0,0.0,0.0
5-10 дней,2026-08-08T10:18:13Z,2026-08-13T14:00:00Z,123.7,0.0,0.0,0.0,0.0,0.0
5-10 дней,2026-08-08T10:18:13Z,2026-08-13T15:00:00Z,124.7,0.0,0.0,0.0,0.0,0.0
5-10 дней,2026-08-08T10:18:13Z,2026-08-13T16:00:00Z,125.7,0.0,0.0,0.0,0.0,0.0
5-10 дней,2026-08-08T10:18:13Z,2026-08-13T17:00:00Z,126.7,0.0,0.0,0.0,0.0,0.0
5-10 дней,2026-08-08T10:18:13Z,2026-08-13T18:00:00Z,127.7,0.0,0.0,0.0,0.0,0.0
5-10 дней,2026-08-08T10:18:13Z,2026-08-14T06:00:00Z,139.7,0.0,0.0,0.0,0.0,0.0
5-10 дней,2026-08-08T10:18:13Z,2026-08-14T07:00:00Z,140.7,0.0,0.0,0.0,0.0,0.0
5-10 дней,2026-08-08T10:18:13Z,2026-08-14T08:00:00Z,141.7,0.0,0.0,0.0,0.0,0.0
5-10 дней,2026-08-08T10:18:13Z,2026-08-14T09:00:00Z,142.7,0.0,0.0,0.0,0.0,0.0
5-10 дней,2026-08-08T10:18:13Z,2026-08-14T10:00:00Z,143.7,0.0,0.0,0.0,0.0,0.0
5-10 дней,2026-08-08T10:18:13Z,2026-08-14T11:00:00Z,144.7,0.0,25.0,0.0,-25.0,25.0
5-10 дней,2026-08-08T10:18:13Z,2026-08-14T12:00:00Z,145.7,0.0,25.0,0.0,-25.0,25.0
5-10 дней,2026-08-08T10:18:13Z,2026-08-14T13:00:00Z,146.7,0.0,25.0,0.0,-25.0,25.0
5-10 дней,2026-08-08T10:18:13Z,2026-08-14T14:00:00Z,147.7,0.0,25.0,0.0,-25.0,25.0
5-10 дней,2026-08-08T10:18:13Z,2026-08-14T15:00:00Z,148.7,0.0,12.5,0.0,-12.5,12.5
5-10 дней,2026-08-08T10:18:13Z,2026-08-14T16:00:00Z,149.7,0.0,12.5,0.0,-12.5,12.5
5-10 дней,2026-08-08T10:18:13Z,2026-08-14T17:00:00Z,150.7,0.0,12.5,0.0,-12.5,12.5
5-10 дней,2026-08-08T10:18:13Z,2026-08-14T18:00:00Z,151.7,0.0,25.0,0.0,-25.0,25.0
5-10 дней,2026-08-08T10:18:13Z,2026-08-15T06:00:00Z,163.7,0.0,0.0,0.0,0.0,0.0
5-10 дней,2026-08-08T10:18:13Z,2026-08-15T07:00:00Z,164.7,0.0,0.0,0.0,0.0,0.0
5-10 дней,2026-08-08T10:18:13Z,2026-08-15T08:00:00Z,165.7,0.0,0.0,0.0,0.0,0.0
5-10 дней,2026-08-08T10:18:13Z,2026-08-15T09:00:00Z,166.7,0.0,0.0,0.0,0.0,0.0
5-10 дней,2026-08-08T10:18:13Z,2026-08-15T10:00:00Z,167.7,0.0,0.0,0.0,0.0,0.0
5-10 дней,2026-08-08T10:18:13Z,2026-08-15T11:00:00Z,168.7,0.0,0.0,25.0,0.0,0.0
5-10 дней,2026-08-08T10:18:13Z,2026-08-15T12:00:00Z,169.7,0.0,0.0,25.0,0.0,0.0
5-10 дней,2026-08-08T10:18:13Z,2026-08-15T13:00:00Z,170.7,0.0,0.0,25.0,0.0,0.0
5-10 дней,2026-08-08T10:18:13Z,2026-08-15T14:00:00Z,171.7,0.0,0.0,25.0,0.0,0.0
5-10 дней,2026-08-08T10:18:13Z,2026-08-15T15:00:00Z,172.7,0.0,0.0,12.5,0.0,0.0
5-10 дней,2026-08-08T10:18:13Z,2026-08-15T16:00:00Z,173.7,0.0,0.0,12.5,0.0,0.0
5-10 дней,2026-08-08T10:18:13Z,2026-08-15T17:00:00Z,174.7,0.0,0.0,12.5,0.0,0.0
5-10 дней,2026-08-08T10:18:13Z,2026-08-15T18:00:00Z,175.7,0.0,0.0,25.0,0.0,0.0
5-10 дней,2026-08-08T10:18:13Z,2026-08-16T06:00:00Z,187.7,0.0,0.0,0.0,0.0,0.0
5-10 дней,2026-08-08T10:18:13Z,2026-08-16T07:00:00Z,188.7,0.0,0.0,0.0,0.0,0.0
5-10 дней,2026-08-08T10:18:13Z,2026-08-16T08:00:00Z,189.7,0.0,0.0,0.0,0.0,0.0
5-10 дней,2026-08-08T10:18:13Z,2026-08-16T09:00:00Z,190.7,0.0,0.0,0.0,0.0,0.0
5-10 дней,2026-08-08T10:18:13Z,2026-08-16T10:00:00Z,191.7,0.0,0.0,0.0,0.0,0.0
5-10 дней,2026-08-08T10:18:13Z,2026-08-16T11:00:00Z,192.7,0.0,0.0,0.0,0.0,0.0
5-10 дней,2026-08-08T10:18:13Z,2026-08-16T12:00:00Z,193.7,0.0,0.0,0.0,0.0,0.0
5-10 дней,2026-08-08T10:18:13Z,2026-08-16T13:00:00Z,194.7,0.0,0.0,0.0,0.0,0.0
5-10 дней,2026-08-08T10:18:13Z,2026-08-16T14:00:00Z,195.7,0.0,0.0,0.0,0.0,0.0
5-10 дней,2026-08-08T10:18:13Z,2026-08-16T15:00:00Z,196.7,0.0,0.0,0.0,0.0,0.0
5-10 дней,2026-08-08T10:18:13Z,2026-08-16T16:00:00Z,197.7,0.0,0.0,0.0,0.0,0.0
5-10 дней,2026-08-08T10:18:13Z,2026-08-16T17:00:00Z,198.7,0.0,0.0,0.0,0.0,0.0
5-10 дней,2026-08-08T10:18:13Z,2026-08-16T18:00:00Z,199.7,0.0,0.0,0.0,0.0,0.0
5-10 дней,2026-08-08T22:37:20Z,2026-08-14T06:00:00Z,127.4,0.0,0.0,0.0,0.0,0.0
5-10 дней,2026-08-08T22:37:20Z,2026-08-14T07:00:00Z,128.4,0.0,0.0,0.0,0.0,0.0
5-10 дней,2026-08-08T22:37:20Z,2026-08-14T08:00:00Z,129.4,0.0,0.0,0.0,0.0,0.0
5-10 дней,2026-08-08T22:37:20Z,2026-08-14T09:00:00Z,130.4,0.0,0.0,0.0,0.0,0.0
5-10 дней,2026-08-08T22:37:20Z,2026-08-14T10:00:00Z,131.4,3.0,0.0,0.0,3.0,3.0
5-10 дней,2026-08-08T22:37:20Z,2026-08-14T11:00:00Z,132.4,8.0,25.0,0.0,-17.0,17.0
5-10 дней,2026-08-08T22:37:20Z,2026-08-14T12:00:00Z,133.4,11.0,25.0,0.0,-14.0,14.0
5-10 дней,2026-08-08T22:37:20Z,2026-08-14T13:00:00Z,134.4,13.0,25.0,0.0,-12.0,12.0
5-10 дней,2026-08-08T22:37:20Z,2026-08-14T14:00:00Z,135.4,14.0,25.0,0.0,-11.0,11.0
5-10 дней,2026-08-08T22:37:20Z,2026-08-14T15:00:00Z,136.4,14.0,12.5,0.0,1.5,1.5
5-10 дней,2026-08-08T22:37:20Z,2026-08-14T16:00:00Z,137.4,14.0,12.5,0.0,1.5,1.5
5-10 дней,2026-08-08T22:37:20Z,2026-08-14T17:00:00Z,138.4,14.0,12.5,0.0,1.5,1.5
5-10 дней,2026-08-08T22:37:20Z,2026-08-14T18:00:00Z,139.4,13.0,25.0,0.0,-12.0,12.0
5-10 дней,2026-08-08T22:37:20Z,2026-08-15T06:00:00Z,151.4,0.0,0.0,0.0,0.0,0.0
5-10 дней,2026-08-08T22:37:20Z,2026-08-15T07:00:00Z,152.4,0.0,0.0,0.0,0.0,0.0
5-10 дней,2026-08-08T22:37:20Z,2026-08-15T08:00:00Z,153.4,1.0,0.0,0.0,1.0,1.0
5-10 дней,2026-08-08T22:37:20Z,2026-08-15T09:00:00Z,154.4,1.0,0.0,0.0,1.0,1.0
5-10 дней,2026-08-08T22:37:20Z,2026-08-15T10:00:00Z,155.4,1.0,0.0,0.0,1.0,1.0
5-10 дней,2026-08-08T22:37:20Z,2026-08-15T11:00:00Z,156.4,2.0,0.0,25.0,2.0,2.0
5-10 дней,2026-08-08T22:37:20Z,2026-08-15T12:00:00Z,157.4,2.0,0.0,25.0,2.0,2.0
5-10 дней,2026-08-08T22:37:20Z,2026-08-15T13:00:00Z,158.4,2.0,0.0,25.0,2.0,2.0
5-10 дней,2026-08-08T22:37:20Z,2026-08-15T14:00:00Z,159.4,1.0,0.0,25.0,1.0,1.0
5-10 дней,2026-08-08T22:37:20Z,2026-08-15T15:00:00Z,160.4,1.0,0.0,12.5,1.0,1.0
5-10 дней,2026-08-08T22:37:20Z,2026-08-15T16:00:00Z,161.4,1.0,0.0,12.5,1.0,1.0
5-10 дней,2026-08-08T22:37:20Z,2026-08-15T17:00:00Z,162.4,0.0,0.0,12.5,0.0,0.0
5-10 дней,2026-08-08T22:37:20Z,2026-08-15T18:00:00Z,163.4,0.0,0.0,25.0,0.0,0.0
5-10 дней,2026-08-08T22:37:20Z,2026-08-16T06:00:00Z,175.4,0.0,0.0,0.0,0.0,0.0
5-10 дней,2026-08-08T22:37:20Z,2026-08-16T07:00:00Z,176.4,0.0,0.0,0.0,0.0,0.0
5-10 дней,2026-08-08T22:37:20Z,2026-08-16T08:00:00Z,177.4,0.0,0.0,0.0,0.0,0.0
5-10 дней,2026-08-08T22:37:20Z,2026-08-16T09:00:00Z,178.4,0.0,0.0,0.0,0.0,0.0
5-10 дней,2026-08-08T22:37:20Z,2026-08-16T10:00:00Z,179.4,0.0,0.0,0.0,0.0,0.0
5-10 дней,2026-08-08T22:37:20Z,2026-08-16T11:00:00Z,180.4,0.0,0.0,0.0,0.0,0.0
5-10 дней,2026-08-08T22:37:20Z,2026-08-16T12:00:00Z,181.4,0.0,0.0,0.0,0.0,0.0
5-10 дней,2026-08-08T22:37:20Z,2026-08-16T13:00:00Z,182.4,0.0,0.0,0.0,0.0,0.0
5-10 дней,2026-08-08T22:37:20Z,2026-08-16T14:00:00Z,183.4,0.0,0.0,0.0,0.0,0.0
5-10 дней,2026-08-08T22:37:20Z,2026-08-16T15:00:00Z,184.4,0.0,0.0,0.0,0.0,0.0
5-10 дней,2026-08-08T22:37:20Z,2026-08-16T16:00:00Z,185.4,0.0,0.0,0.0,0.0,0.0
5-10 дней,2026-08-08T22:37:20Z,2026-08-16T17:00:00Z,186.4,0.0,0.0,0.0,0.0,0.0
5-10 дней,2026-08-08T22:37:20Z,2026-08-16T18:00:00Z,187.4,0.0,0.0,0.0,0.0,0.0
5-10 дней,2026-08-09T04:59:03Z,2026-08-14T06:00:00Z,121.0,0.0,0.0,0.0,0.0,0.0
5-10 дней,2026-08-09T04:59:03Z,2026-08-14T07:00:00Z,122.0,0.0,0.0,0.0,0.0,0.0
5-10 дней,2026-08-09T04:59:03Z,2026-08-14T08:00:00Z,123.0,0.0,0.0,0.0,0.0,0.0
5-10 дней,2026-08-09T04:59:03Z,2026-08-14T09:00:00Z,124.0,0.0,0.0,0.0,0.0,0.0
5-10 дней,2026-08-09T04:59:03Z,2026-08-14T10:00:00Z,125.0,0.0,0.0,0.0,0.0,0.0
5-10 дней,2026-08-09T04:59:03Z,2026-08-14T11:00:00Z,126.0,0.0,25.0,0.0,-25.0,25.0
5-10 дней,2026-08-09T04:59:03Z,2026-08-14T12:00:00Z,127.0,0.0,25.0,0.0,-25.0,25.0
5-10 дней,2026-08-09T04:59:03Z,2026-08-14T13:00:00Z,128.0,0.0,25.0,0.0,-25.0,25.0
5-10 дней,2026-08-09T04:59:03Z,2026-08-14T14:00:00Z,129.0,0.0,25.0,0.0,-25.0,25.0
5-10 дней,2026-08-09T04:59:03Z,2026-08-14T15:00:00Z,130.0,0.0,12.5,0.0,-12.5,12.5
5-10 дней,2026-08-09T04:59:03Z,2026-08-14T16:00:00Z,131.0,0.0,12.5,0.0,-12.5,12.5
5-10 дней,2026-08-09T04:59:03Z,2026-08-14T17:00:00Z,132.0,0.0,12.5,0.0,-12.5,12.5
5-10 дней,2026-08-09T04:59:03Z,2026-08-14T18:00:00Z,133.0,0.0,25.0,0.0,-25.0,25.0
5-10 дней,2026-08-09T04:59:03Z,2026-08-15T06:00:00Z,145.0,0.0,0.0,0.0,0.0,0.0
5-10 дней,2026-08-09T04:59:03Z,2026-08-15T07:00:00Z,146.0,0.0,0.0,0.0,0.0,0.0
5-10 дней,2026-08-09T04:59:03Z,2026-08-15T08:00:00Z,147.0,1.0,0.0,0.0,1.0,1.0
5-10 дней,2026-08-09T04:59:03Z,2026-08-15T09:00:00Z,148.0,1.0,0.0,0.0,1.0,1.0
5-10 дней,2026-08-09T04:59:03Z,2026-08-15T10:00:00Z,149.0,1.0,0.0,0.0,1.0,1.0
5-10 дней,2026-08-09T04:59:03Z,2026-08-15T11:00:00Z,150.0,2.0,0.0,25.0,2.0,2.0
5-10 дней,2026-08-09T04:59:03Z,2026-08-15T12:00:00Z,151.0,2.0,0.0,25.0,2.0,2.0
5-10 дней,2026-08-09T04:59:03Z,2026-08-15T13:00:00Z,152.0,2.0,0.0,25.0,2.0,2.0
5-10 дней,2026-08-09T04:59:03Z,2026-08-15T14:00:00Z,153.0,1.0,0.0,25.0,1.0,1.0
5-10 дней,2026-08-09T04:59:03Z,2026-08-15T15:00:00Z,154.0,1.0,0.0,12.5,1.0,1.0
5-10 дней,2026-08-09T04:59:03Z,2026-08-15T16:00:00Z,155.0,1.0,0.0,12.5,1.0,1.0
5-10 дней,2026-08-09T04:59:03Z,2026-08-15T17:00:00Z,156.0,0.0,0.0,12.5,0.0,0.0
5-10 дней,2026-08-09T04:59:03Z,2026-08-15T18:00:00Z,157.0,0.0,0.0,25.0,0.0,0.0
5-10 дней,2026-08-09T04:59:03Z,2026-08-16T06:00:00Z,169.0,0.0,0.0,0.0,0.0,0.0
5-10 дней,2026-08-09T04:59:03Z,2026-08-16T07:00:00Z,170.0,0.0,0.0,0.0,0.0,0.0
5-10 дней,2026-08-09T04:59:03Z,2026-08-16T08:00:00Z,171.0,0.0,0.0,0.0,0.0,0.0
5-10 дней,2026-08-09T04:59:03Z,2026-08-16T09:00:00Z,172.0,0.0,0.0,0.0,0.0,0.0
5-10 дней,2026-08-09T04:59:03Z,2026-08-16T10:00:00Z,173.0,0.0,0.0,0.0,0.0,0.0
5-10 дней,2026-08-09T04:59:03Z,2026-08-16T11:00:00Z,174.0,0.0,0.0,0.0,0.0,0.0
5-10 дней,2026-08-09T04:59:03Z,2026-08-16T12:00:00Z,175.0,0.0,0.0,0.0,0.0,0.0
5-10 дней,2026-08-09T04:59:03Z,2026-08-16T13:00:00Z,176.0,0.0,0.0,0.0,0.0,0.0
5-10 дней,2026-08-09T04:59:03Z,2026-08-16T14:00:00Z,177.0,0.0,0.0,0.0,0.0,0.0
5-10 дней,2026-08-09T04:59:03Z,2026-08-16T15:00:00Z,178.0,0.0,0.0,0.0,0.0,0.0
5-10 дней,2026-08-09T04:59:03Z,2026-08-16T16:00:00Z,179.0,0.0,0.0,0.0,0.0,0.0
5-10 дней,2026-08-09T04:59:03Z,2026-08-16T17:00:00Z,180.0,0.0,0.0,0.0,0.0,0.0
5-10 дней,2026-08-09T04:59:03Z,2026-08-16T18:00:00Z,181.0,0.0,0.0,0.0,0.0,0.0
5-10 дней,2026-08-09T10:19:29Z,2026-08-14T11:00:00Z,120.7,0.0,25.0,0.0,-25.0,25.0
5-10 дней,2026-08-09T10:19:29Z,2026-08-14T12:00:00Z,121.7,0.0,25.0,0.0,-25.0,25.0
5-10 дней,2026-08-09T10:19:29Z,2026-08-14T13:00:00Z,122.7,1.0,25.0,0.0,-24.0,24.0
5-10 дней,2026-08-09T10:19:29Z,2026-08-14T14:00:00Z,123.7,1.0,25.0,0.0,-24.0,24.0
5-10 дней,2026-08-09T10:19:29Z,2026-08-14T15:00:00Z,124.7,2.0,12.5,0.0,-10.5,10.5
5-10 дней,2026-08-09T10:19:29Z,2026-08-14T16:00:00Z,125.7,2.0,12.5,0.0,-10.5,10.5
5-10 дней,2026-08-09T10:19:29Z,2026-08-14T17:00:00Z,126.7,1.0,12.5,0.0,-11.5,11.5
5-10 дней,2026-08-09T10:19:29Z,2026-08-14T18:00:00Z,127.7,1.0,25.0,0.0,-24.0,24.0
5-10 дней,2026-08-09T10:19:29Z,2026-08-15T06:00:00Z,139.7,0.0,0.0,0.0,0.0,0.0
5-10 дней,2026-08-09T10:19:29Z,2026-08-15T07:00:00Z,140.7,0.0,0.0,0.0,0.0,0.0
5-10 дней,2026-08-09T10:19:29Z,2026-08-15T08:00:00Z,141.7,0.0,0.0,0.0,0.0,0.0
5-10 дней,2026-08-09T10:19:29Z,2026-08-15T09:00:00Z,142.7,0.0,0.0,0.0,0.0,0.0
5-10 дней,2026-08-09T10:19:29Z,2026-08-15T10:00:00Z,143.7,0.0,0.0,0.0,0.0,0.0
5-10 дней,2026-08-09T10:19:29Z,2026-08-15T11:00:00Z,144.7,0.0,0.0,25.0,0.0,0.0
5-10 дней,2026-08-09T10:19:29Z,2026-08-15T12:00:00Z,145.7,0.0,0.0,25.0,0.0,0.0
5-10 дней,2026-08-09T10:19:29Z,2026-08-15T13:00:00Z,146.7,0.0,0.0,25.0,0.0,0.0
5-10 дней,2026-08-09T10:19:29Z,2026-08-15T14:00:00Z,147.7,0.0,0.0,25.0,0.0,0.0
5-10 дней,2026-08-09T10:19:29Z,2026-08-15T15:00:00Z,148.7,0.0,0.0,12.5,0.0,0.0
5-10 дней,2026-08-09T10:19:29Z,2026-08-15T16:00:00Z,149.7,0.0,0.0,12.5,0.0,0.0
5-10 дней,2026-08-09T10:19:29Z,2026-08-15T17:00:00Z,150.7,0.0,0.0,12.5,0.0,0.0
5-10 дней,2026-08-09T10:19:29Z,2026-08-15T18:00:00Z,151.7,0.0,0.0,25.0,0.0,0.0
5-10 дней,2026-08-09T10:19:29Z,2026-08-16T06:00:00Z,163.7,0.0,0.0,0.0,0.0,0.0
5-10 дней,2026-08-09T10:19:29Z,2026-08-16T07:00:00Z,164.7,0.0,0.0,0.0,0.0,0.0
5-10 дней,2026-08-09T10:19:29Z,2026-08-16T08:00:00Z,165.7,0.0,0.0,0.0,0.0,0.0
5-10 дней,2026-08-09T10:19:29Z,2026-08-16T09:00:00Z,166.7,0.0,0.0,0.0,0.0,0.0
5-10 дней,2026-08-09T10:19:29Z,2026-08-16T10:00:00Z,167.7,0.0,0.0,0.0,0.0,0.0
5-10 дней,2026-08-09T10:19:29Z,2026-08-16T11:00:00Z,168.7,0.0,0.0,0.0,0.0,0.0
5-10 дней,2026-08-09T10:19:29Z,2026-08-16T12:00:00Z,169.7,0.0,0.0,0.0,0.0,0.0
5-10 дней,2026-08-09T10:19:29Z,2026-08-16T13:00:00Z,170.7,0.0,0.0,0.0,0.0,0.0
5-10 дней,2026-08-09T10:19:29Z,2026-08-16T14:00:00Z,171.7,0.0,0.0,0.0,0.0,0.0
5-10 дней,2026-08-09T10:19:29Z,2026-08-16T15:00:00Z,172.7,0.0,0.0,0.0,0.0,0.0
5-10 дней,2026-08-09T10:19:29Z,2026-08-16T16:00:00Z,173.7,0.0,0.0,0.0,0.0,0.0
5-10 дней,2026-08-09T10:19:29Z,2026-08-16T17:00:00Z,174.7,0.0,0.0,0.0,0.0,0.0
5-10 дней,2026-08-09T10:19:29Z,2026-08-16T18:00:00Z,175.7,0.0,0.0,0.0,0.0,0.0
5-10 дней,2026-08-09T12:41:38Z,2026-08-14T13:00:00Z,120.3,1.0,25.0,0.0,-24.0,24.0
5-10 дней,2026-08-09T12:41:38Z,2026-08-14T14:00:00Z,121.3,1.0,25.0,0.0,-24.0,24.0
5-10 дней,2026-08-09T12:41:38Z,2026-08-14T15:00:00Z,122.3,2.0,12.5,0.0,-10.5,10.5
5-10 дней,2026-08-09T12:41:38Z,2026-08-14T16:00:00Z,123.3,2.0,12.5,0.0,-10.5,10.5
5-10 дней,2026-08-09T12:41:38Z,2026-08-14T17:00:00Z,124.3,1.0,12.5,0.0,-11.5,11.5
5-10 дней,2026-08-09T12:41:38Z,2026-08-14T18:00:00Z,125.3,1.0,25.0,0.0,-24.0,24.0
5-10 дней,2026-08-09T12:41:38Z,2026-08-15T06:00:00Z,137.3,0.0,0.0,0.0,0.0,0.0
5-10 дней,2026-08-09T12:41:38Z,2026-08-15T07:00:00Z,138.3,0.0,0.0,0.0,0.0,0.0
5-10 дней,2026-08-09T12:41:38Z,2026-08-15T08:00:00Z,139.3,0.0,0.0,0.0,0.0,0.0
5-10 дней,2026-08-09T12:41:38Z,2026-08-15T09:00:00Z,140.3,0.0,0.0,0.0,0.0,0.0
5-10 дней,2026-08-09T12:41:38Z,2026-08-15T10:00:00Z,141.3,0.0,0.0,0.0,0.0,0.0
5-10 дней,2026-08-09T12:41:38Z,2026-08-15T11:00:00Z,142.3,0.0,0.0,25.0,0.0,0.0
5-10 дней,2026-08-09T12:41:38Z,2026-08-15T12:00:00Z,143.3,0.0,0.0,25.0,0.0,0.0
5-10 дней,2026-08-09T12:41:38Z,2026-08-15T13:00:00Z,144.3,0.0,0.0,25.0,0.0,0.0
5-10 дней,2026-08-09T12:41:38Z,2026-08-15T14:00:00Z,145.3,0.0,0.0,25.0,0.0,0.0
5-10 дней,2026-08-09T12:41:38Z,2026-08-15T15:00:00Z,146.3,0.0,0.0,12.5,0.0,0.0
5-10 дней,2026-08-09T12:41:38Z,2026-08-15T16:00:00Z,147.3,0.0,0.0,12.5,0.0,0.0
5-10 дней,2026-08-09T12:41:38Z,2026-08-15T17:00:00Z,148.3,0.0,0.0,12.5,0.0,0.0
5-10 дней,2026-08-09T12:41:38Z,2026-08-15T18:00:00Z,149.3,0.0,0.0,25.0,0.0,0.0
5-10 дней,2026-08-09T12:41:38Z,2026-08-16T06:00:00Z,161.3,0.0,0.0,0.0,0.0,0.0
5-10 дней,2026-08-09T12:41:38Z,2026-08-16T07:00:00Z,162.3,0.0,0.0,0.0,0.0,0.0
5-10 дней,2026-08-09T12:41:38Z,2026-08-16T08:00:00Z,163.3,0.0,0.0,0.0,0.0,0.0
5-10 дней,2026-08-09T12:41:38Z,2026-08-16T09:00:00Z,164.3,0.0,0.0,0.0,0.0,0.0
5-10 дней,2026-08-09T12:41:38Z,2026-08-16T10:00:00Z,165.3,0.0,0.0,0.0,0.0,0.0
5-10 дней,2026-08-09T12:41:38Z,2026-08-16T11:00:00Z,166.3,0.0,0.0,0.0,0.0,0.0
5-10 дней,2026-08-09T12:41:38Z,2026-08-16T12:00:00Z,167.3,0.0,0.0,0.0,0.0,0.0
5-10 дней,2026-08-09T12:41:38Z,2026-08-16T13:00:00Z,168.3,0.0,0.0,0.0,0.0,0.0
5-10 дней,2026-08-09T12:41:38Z,2026-08-16T14:00:00Z,169.3,0.0,0.0,0.0,0.0,0.0
5-10 дней,2026-08-09T12:41:38Z,2026-08-16T15:00:00Z,170.3,0.0,0.0,0.0,0.0,0.0
5-10 дней,2026-08-09T12:41:38Z,2026-08-16T16:00:00Z,171.3,0.0,0.0,0.0,0.0,0.0
5-10 дней,2026-08-09T12:41:38Z,2026-08-16T17:00:00Z,172.3,0.0,0.0,0.0,0.0,0.0
5-10 дней,2026-08-09T12:41:38Z,2026-08-16T18:00:00Z,173.3,0.0,0.0,0.0,0.0,0.0
5-10 дней,2026-08-09T12:45:53Z,2026-08-14T13:00:00Z,120.2,1.0,25.0,0.0,-24.0,24.0
5-10 дней,2026-08-09T12:45:53Z,2026-08-14T14:00:00Z,121.2,1.0,25.0,0.0,-24.0,24.0
5-10 дней,2026-08-09T12:45:53Z,2026-08-14T15:00:00Z,122.2,2.0,12.5,0.0,-10.5,10.5
5-10 дней,2026-08-09T12:45:53Z,2026-08-14T16:00:00Z,123.2,2.0,12.5,0.0,-10.5,10.5
5-10 дней,2026-08-09T12:45:53Z,2026-08-14T17:00:00Z,124.2,1.0,12.5,0.0,-11.5,11.5
5-10 дней,2026-08-09T12:45:53Z,2026-08-14T18:00:00Z,125.2,1.0,25.0,0.0,-24.0,24.0
5-10 дней,2026-08-09T12:45:53Z,2026-08-15T06:00:00Z,137.2,0.0,0.0,0.0,0.0,0.0
5-10 дней,2026-08-09T12:45:53Z,2026-08-15T07:00:00Z,138.2,0.0,0.0,0.0,0.0,0.0
5-10 дней,2026-08-09T12:45:53Z,2026-08-15T08:00:00Z,139.2,0.0,0.0,0.0,0.0,0.0
5-10 дней,2026-08-09T12:45:53Z,2026-08-15T09:00:00Z,140.2,0.0,0.0,0.0,0.0,0.0
5-10 дней,2026-08-09T12:45:53Z,2026-08-15T10:00:00Z,141.2,0.0,0.0,0.0,0.0,0.0
5-10 дней,2026-08-09T12:45:53Z,2026-08-15T11:00:00Z,142.2,0.0,0.0,25.0,0.0,0.0
5-10 дней,2026-08-09T12:45:53Z,2026-08-15T12:00:00Z,143.2,0.0,0.0,25.0,0.0,0.0
5-10 дней,2026-08-09T12:45:53Z,2026-08-15T13:00:00Z,144.2,0.0,0.0,25.0,0.0,0.0
5-10 дней,2026-08-09T12:45:53Z,2026-08-15T14:00:00Z,145.2,0.0,0.0,25.0,0.0,0.0
5-10 дней,2026-08-09T12:45:53Z,2026-08-15T15:00:00Z,146.2,0.0,0.0,12.5,0.0,0.0
5-10 дней,2026-08-09T12:45:53Z,2026-08-15T16:00:00Z,147.2,0.0,0.0,12.5,0.0,0.0
5-10 дней,2026-08-09T12:45:53Z,2026-08-15T17:00:00Z,148.2,0.0,0.0,12.5,0.0,0.0
5-10 дней,2026-08-09T12:45:53Z,2026-08-15T18:00:00Z,149.2,0.0,0.0,25.0,0.0,0.0
5-10 дней,2026-08-09T12:45:53Z,2026-08-16T06:00:00Z,161.2,0.0,0.0,0.0,0.0,0.0
5-10 дней,2026-08-09T12:45:53Z,2026-08-16T07:00:00Z,162.2,0.0,0.0,0.0,0.0,0.0
5-10 дней,2026-08-09T12:45:53Z,2026-08-16T08:00:00Z,163.2,0.0,0.0,0.0,0.0,0.0
5-10 дней,2026-08-09T12:45:53Z,2026-08-16T09:00:00Z,164.2,0.0,0.0,0.0,0.0,0.0
5-10 дней,2026-08-09T12:45:53Z,2026-08-16T10:00:00Z,165.2,0.0,0.0,0.0,0.0,0.0
5-10 дней,2026-08-09T12:45:53Z,2026-08-16T11:00:00Z,166.2,0.0,0.0,0.0,0.0,0.0
5-10 дней,2026-08-09T12:45:53Z,2026-08-16T12:00:00Z,167.2,0.0,0.0,0.0,0.0,0.0
5-10 дней,2026-08-09T12:45:53Z,2026-08-16T13:00:00Z,168.2,0.0,0.0,0.0,0.0,0.0
5-10 дней,2026-08-09T12:45:53Z,2026-08-16T14:00:00Z,169.2,0.0,0.0,0.0,0.0,0.0
5-10 дней,2026-08-09T12:45:53Z,2026-08-16T15:00:00Z,170.2,0.0,0.0,0.0,0.0,0.0
5-10 дней,2026-08-09T12:45:53Z,2026-08-16T16:00:00Z,171.2,0.0,0.0,0.0,0.0,0.0
5-10 дней,2026-08-09T12:45:53Z,2026-08-16T17:00:00Z,172.2,0.0,0.0,0.0,0.0,0.0
5-10 дней,2026-08-09T12:45:53Z,2026-08-16T18:00:00Z,173.2,0.0,0.0,0.0,0.0,0.0
5-10 дней,2026-08-09T12:48:15Z,2026-08-14T13:00:00Z,120.2,1.0,25.0,0.0,-24.0,24.0
5-10 дней,2026-08-09T12:48:15Z,2026-08-14T14:00:00Z,121.2,1.0,25.0,0.0,-24.0,24.0
5-10 дней,2026-08-09T12:48:15Z,2026-08-14T15:00:00Z,122.2,2.0,12.5,0.0,-10.5,10.5
5-10 дней,2026-08-09T12:48:15Z,2026-08-14T16:00:00Z,123.2,2.0,12.5,0.0,-10.5,10.5
5-10 дней,2026-08-09T12:48:15Z,2026-08-14T17:00:00Z,124.2,1.0,12.5,0.0,-11.5,11.5
5-10 дней,2026-08-09T12:48:15Z,2026-08-14T18:00:00Z,125.2,1.0,25.0,0.0,-24.0,24.0
5-10 дней,2026-08-09T12:48:15Z,2026-08-15T06:00:00Z,137.2,0.0,0.0,0.0,0.0,0.0
5-10 дней,2026-08-09T12:48:15Z,2026-08-15T07:00:00Z,138.2,0.0,0.0,0.0,0.0,0.0
5-10 дней,2026-08-09T12:48:15Z,2026-08-15T08:00:00Z,139.2,0.0,0.0,0.0,0.0,0.0
5-10 дней,2026-08-09T12:48:15Z,2026-08-15T09:00:00Z,140.2,0.0,0.0,0.0,0.0,0.0
5-10 дней,2026-08-09T12:48:15Z,2026-08-15T10:00:00Z,141.2,0.0,0.0,0.0,0.0,0.0
5-10 дней,2026-08-09T12:48:15Z,2026-08-15T11:00:00Z,142.2,0.0,0.0,25.0,0.0,0.0
5-10 дней,2026-08-09T12:48:15Z,2026-08-15T12:00:00Z,143.2,0.0,0.0,25.0,0.0,0.0
5-10 дней,2026-08-09T12:48:15Z,2026-08-15T13:00:00Z,144.2,0.0,0.0,25.0,0.0,0.0
5-10 дней,2026-08-09T12:48:15Z,2026-08-15T14:00:00Z,145.2,0.0,0.0,25.0,0.0,0.0
5-10 дней,2026-08-09T12:48:15Z,2026-08-15T15:00:00Z,146.2,0.0,0.0,12.5,0.0,0.0
5-10 дней,2026-08-09T12:48:15Z,2026-08-15T16:00:00Z,147.2,0.0,0.0,12.5,0.0,0.0
5-10 дней,2026-08-09T12:48:15Z,2026-08-15T17:00:00Z,148.2,0.0,0.0,12.5,0.0,0.0
5-10 дней,2026-08-09T12:48:15Z,2026-08-15T18:00:00Z,149.2,0.0,0.0,25.0,0.0,0.0
5-10 дней,2026-08-09T12:48:15Z,2026-08-16T06:00:00Z,161.2,0.0,0.0,0.0,0.0,0.0
5-10 дней,2026-08-09T12:48:15Z,2026-08-16T07:00:00Z,162.2,0.0,0.0,0.0,0.0,0.0
5-10 дней,2026-08-09T12:48:15Z,2026-08-16T08:00:00Z,163.2,0.0,0.0,0.0,0.0,0.0
5-10 дней,2026-08-09T12:48:15Z,2026-08-16T09:00:00Z,164.2,0.0,0.0,0.0,0.0,0.0
5-10 дней,2026-08-09T12:48:15Z,2026-08-16T10:00:00Z,165.2,0.0,0.0,0.0,0.0,0.0
5-10 дней,2026-08-09T12:48:15Z,2026-08-16T11:00:00Z,166.2,0.0,0.0,0.0,0.0,0.0
5-10 дней,2026-08-09T12:48:15Z,2026-08-16T12:00:00Z,167.2,0.0,0.0,0.0,0.0,0.0
5-10 дней,2026-08-09T12:48:15Z,2026-08-16T13:00:00Z,168.2,0.0,0.0,0.0,0.0,0.0
5-10 дней,2026-08-09T12:48:15Z,2026-08-16T14:00:00Z,169.2,0.0,0.0,0.0,0.0,0.0
5-10 дней,2026-08-09T12:48:15Z,2026-08-16T15:00:00Z,170.2,0.0,0.0,0.0,0.0,0.0
5-10 дней,2026-08-09T12:48:15Z,2026-08-16T16:00:00Z,171.2,0.0,0.0,0.0,0.0,0.0
5-10 дней,2026-08-09T12:48:15Z,2026-08-16T17:00:00Z,172.2,0.0,0.0,0.0,0.0,0.0
5-10 дней,2026-08-09T12:48:15Z,2026-08-16T18:00:00Z,173.2,0.0,0.0,0.0,0.0,0.0
5-10 дней,2026-08-09T16:31:44Z,2026-08-14T17:00:00Z,120.5,0.0,12.5,0.0,-12.5,12.5
5-10 дней,2026-08-09T16:31:44Z,2026-08-14T18:00:00Z,121.5,0.0,25.0,0.0,-25.0,25.0
5-10 дней,2026-08-09T16:31:44Z,2026-08-15T06:00:00Z,133.5,0.0,0.0,0.0,0.0,0.0
5-10 дней,2026-08-09T16:31:44Z,2026-08-15T07:00:00Z,134.5,0.0,0.0,0.0,0.0,0.0
5-10 дней,2026-08-09T16:31:44Z,2026-08-15T08:00:00Z,135.5,0.0,0.0,0.0,0.0,0.0
5-10 дней,2026-08-09T16:31:44Z,2026-08-15T09:00:00Z,136.5,0.0,0.0,0.0,0.0,0.0
5-10 дней,2026-08-09T16:31:44Z,2026-08-15T10:00:00Z,137.5,0.0,0.0,0.0,0.0,0.0
5-10 дней,2026-08-09T16:31:44Z,2026-08-15T11:00:00Z,138.5,0.0,0.0,25.0,0.0,0.0
5-10 дней,2026-08-09T16:31:44Z,2026-08-15T12:00:00Z,139.5,0.0,0.0,25.0,0.0,0.0
5-10 дней,2026-08-09T16:31:44Z,2026-08-15T13:00:00Z,140.5,0.0,0.0,25.0,0.0,0.0
5-10 дней,2026-08-09T16:31:44Z,2026-08-15T14:00:00Z,141.5,0.0,0.0,25.0,0.0,0.0
5-10 дней,2026-08-09T16:31:44Z,2026-08-15T15:00:00Z,142.5,0.0,0.0,12.5,0.0,0.0
5-10 дней,2026-08-09T16:31:44Z,2026-08-15T16:00:00Z,143.5,0.0,0.0,12.5,0.0,0.0
5-10 дней,2026-08-09T16:31:44Z,2026-08-15T17:00:00Z,144.5,0.0,0.0,12.5,0.0,0.0
5-10 дней,2026-08-09T16:31:44Z,2026-08-15T18:00:00Z,145.5,0.0,0.0,25.0,0.0,0.0
5-10 дней,2026-08-09T16:31:44Z,2026-08-16T06:00:00Z,157.5,0.0,0.0,0.0,0.0,0.0
5-10 дней,2026-08-09T16:31:44Z,2026-08-16T07:00:00Z,158.5,0.0,0.0,0.0,0.0,0.0
5-10 дней,2026-08-09T16:31:44Z,2026-08-16T08:00:00Z,159.5,0.0,0.0,0.0,0.0,0.0
5-10 дней,2026-08-09T16:31:44Z,2026-08-16T09:00:00Z,160.5,0.0,0.0,0.0,0.0,0.0
5-10 дней,2026-08-09T16:31:44Z,2026-08-16T10:00:00Z,161.5,0.0,0.0,0.0,0.0,0.0
5-10 дней,2026-08-09T16:31:44Z,2026-08-16T11:00:00Z,162.5,0.0,0.0,0.0,0.0,0.0
5-10 дней,2026-08-09T16:31:44Z,2026-08-16T12:00:00Z,163.5,0.0,0.0,0.0,0.0,0.0
5-10 дней,2026-08-09T16:31:44Z,2026-08-16T13:00:00Z,164.5,0.0,0.0,0.0,0.0,0.0
5-10 дней,2026-08-09T16:31:44Z,2026-08-16T14:00:00Z,165.5,0.0,0.0,0.0,0.0,0.0
5-10 дней,2026-08-09T16:31:44Z,2026-08-16T15:00:00Z,166.5,0.0,0.0,0.0,0.0,0.0
5-10 дней,2026-08-09T16:31:44Z,2026-08-16T16:00:00Z,167.5,0.0,0.0,0.0,0.0,0.0
5-10 дней,2026-08-09T16:31:44Z,2026-08-16T17:00:00Z,168.5,0.0,0.0,0.0,0.0,0.0
5-10 дней,2026-08-09T16:31:44Z,2026-08-16T18:00:00Z,169.5,0.0,0.0,0.0,0.0,0.0
5-10 дней,2026-08-09T22:39:09Z,2026-08-15T06:00:00Z,127.3,0.0,0.0,0.0,0.0,0.0
5-10 дней,2026-08-09T22:39:09Z,2026-08-15T07:00:00Z,128.3,0.0,0.0,0.0,0.0,0.0
5-10 дней,2026-08-09T22:39:09Z,2026-08-15T08:00:00Z,129.3,0.0,0.0,0.0,0.0,0.0
5-10 дней,2026-08-09T22:39:09Z,2026-08-15T09:00:00Z,130.3,0.0,0.0,0.0,0.0,0.0
5-10 дней,2026-08-09T22:39:09Z,2026-08-15T10:00:00Z,131.3,0.0,0.0,0.0,0.0,0.0
5-10 дней,2026-08-09T22:39:09Z,2026-08-15T11:00:00Z,132.3,0.0,0.0,25.0,0.0,0.0
5-10 дней,2026-08-09T22:39:09Z,2026-08-15T12:00:00Z,133.3,0.0,0.0,25.0,0.0,0.0
5-10 дней,2026-08-09T22:39:09Z,2026-08-15T13:00:00Z,134.3,0.0,0.0,25.0,0.0,0.0
5-10 дней,2026-08-09T22:39:09Z,2026-08-15T14:00:00Z,135.3,0.0,0.0,25.0,0.0,0.0
5-10 дней,2026-08-09T22:39:09Z,2026-08-15T15:00:00Z,136.3,0.0,0.0,12.5,0.0,0.0
5-10 дней,2026-08-09T22:39:09Z,2026-08-15T16:00:00Z,137.3,0.0,0.0,12.5,0.0,0.0
5-10 дней,2026-08-09T22:39:09Z,2026-08-15T17:00:00Z,138.3,0.0,0.0,12.5,0.0,0.0
5-10 дней,2026-08-09T22:39:09Z,2026-08-15T18:00:00Z,139.3,0.0,0.0,25.0,0.0,0.0
5-10 дней,2026-08-09T22:39:09Z,2026-08-16T06:00:00Z,151.3,0.0,0.0,0.0,0.0,0.0
5-10 дней,2026-08-09T22:39:09Z,2026-08-16T07:00:00Z,152.3,0.0,0.0,0.0,0.0,0.0
5-10 дней,2026-08-09T22:39:09Z,2026-08-16T08:00:00Z,153.3,0.0,0.0,0.0,0.0,0.0
5-10 дней,2026-08-09T22:39:09Z,2026-08-16T09:00:00Z,154.3,0.0,0.0,0.0,0.0,0.0
5-10 дней,2026-08-09T22:39:09Z,2026-08-16T10:00:00Z,155.3,0.0,0.0,0.0,0.0,0.0
5-10 дней,2026-08-09T22:39:09Z,2026-08-16T11:00:00Z,156.3,0.0,0.0,0.0,0.0,0.0
5-10 дней,2026-08-09T22:39:09Z,2026-08-16T12:00:00Z,157.3,0.0,0.0,0.0,0.0,0.0
5-10 дней,2026-08-09T22:39:09Z,2026-08-16T13:00:00Z,158.3,0.0,0.0,0.0,0.0,0.0
5-10 дней,2026-08-09T22:39:09Z,2026-08-16T14:00:00Z,159.3,0.0,0.0,0.0,0.0,0.0
5-10 дней,2026-08-09T22:39:09Z,2026-08-16T15:00:00Z,160.3,0.0,0.0,0.0,0.0,0.0
5-10 дней,2026-08-09T22:39:09Z,2026-08-16T16:00:00Z,161.3,0.0,0.0,0.0,0.0,0.0
5-10 дней,2026-08-09T22:39:09Z,2026-08-16T17:00:00Z,162.3,0.0,0.0,0.0,0.0,0.0
5-10 дней,2026-08-09T22:39:09Z,2026-08-16T18:00:00Z,163.3,0.0,0.0,0.0,0.0,0.0
5-10 дней,2026-08-10T05:20:42Z,2026-08-15T06:00:00Z,120.7,0.0,0.0,0.0,0.0,0.0
5-10 дней,2026-08-10T05:20:42Z,2026-08-15T07:00:00Z,121.7,0.0,0.0,0.0,0.0,0.0
5-10 дней,2026-08-10T05:20:42Z,2026-08-15T08:00:00Z,122.7,0.0,0.0,0.0,0.0,0.0
5-10 дней,2026-08-10T05:20:42Z,2026-08-15T09:00:00Z,123.7,0.0,0.0,0.0,0.0,0.0
5-10 дней,2026-08-10T05:20:42Z,2026-08-15T10:00:00Z,124.7,0.0,0.0,0.0,0.0,0.0
5-10 дней,2026-08-10T05:20:42Z,2026-08-15T11:00:00Z,125.7,0.0,0.0,25.0,0.0,0.0
5-10 дней,2026-08-10T05:20:42Z,2026-08-15T12:00:00Z,126.7,0.0,0.0,25.0,0.0,0.0
5-10 дней,2026-08-10T05:20:42Z,2026-08-15T13:00:00Z,127.7,0.0,0.0,25.0,0.0,0.0
5-10 дней,2026-08-10T05:20:42Z,2026-08-15T14:00:00Z,128.7,0.0,0.0,25.0,0.0,0.0
5-10 дней,2026-08-10T05:20:42Z,2026-08-15T15:00:00Z,129.7,0.0,0.0,12.5,0.0,0.0
5-10 дней,2026-08-10T05:20:42Z,2026-08-15T16:00:00Z,130.7,0.0,0.0,12.5,0.0,0.0
5-10 дней,2026-08-10T05:20:42Z,2026-08-15T17:00:00Z,131.7,0.0,0.0,12.5,0.0,0.0
5-10 дней,2026-08-10T05:20:42Z,2026-08-15T18:00:00Z,132.7,0.0,0.0,25.0,0.0,0.0
5-10 дней,2026-08-10T05:20:42Z,2026-08-16T06:00:00Z,144.7,0.0,0.0,0.0,0.0,0.0
5-10 дней,2026-08-10T05:20:42Z,2026-08-16T07:00:00Z,145.7,0.0,0.0,0.0,0.0,0.0
5-10 дней,2026-08-10T05:20:42Z,2026-08-16T08:00:00Z,146.7,0.0,0.0,0.0,0.0,0.0
5-10 дней,2026-08-10T05:20:42Z,2026-08-16T09:00:00Z,147.7,0.0,0.0,0.0,0.0,0.0
5-10 дней,2026-08-10T05:20:42Z,2026-08-16T10:00:00Z,148.7,0.0,0.0,0.0,0.0,0.0
5-10 дней,2026-08-10T05:20:42Z,2026-08-16T11:00:00Z,149.7,0.0,0.0,0.0,0.0,0.0
5-10 дней,2026-08-10T05:20:42Z,2026-08-16T12:00:00Z,150.7,0.0,0.0,0.0,0.0,0.0
5-10 дней,2026-08-10T05:20:42Z,2026-08-16T13:00:00Z,151.7,0.0,0.0,0.0,0.0,0.0
5-10 дней,2026-08-10T05:20:42Z,2026-08-16T14:00:00Z,152.7,0.0,0.0,0.0,0.0,0.0
5-10 дней,2026-08-10T05:20:42Z,2026-08-16T15:00:00Z,153.7,0.0,0.0,0.0,0.0,0.0
5-10 дней,2026-08-10T05:20:42Z,2026-08-16T16:00:00Z,154.7,0.0,0.0,0.0,0.0,0.0
5-10 дней,2026-08-10T05:20:42Z,2026-08-16T17:00:00Z,155.7,0.0,0.0,0.0,0.0,0.0
5-10 дней,2026-08-10T05:20:42Z,2026-08-16T18:00:00Z,156.7,0.0,0.0,0.0,0.0,0.0
5-10 дней,2026-08-10T10:53:28Z,2026-08-15T11:00:00Z,120.1,0.0,0.0,25.0,0.0,0.0
5-10 дней,2026-08-10T10:53:28Z,2026-08-15T12:00:00Z,121.1,0.0,0.0,25.0,0.0,0.0
5-10 дней,2026-08-10T10:53:28Z,2026-08-15T13:00:00Z,122.1,0.0,0.0,25.0,0.0,0.0
5-10 дней,2026-08-10T10:53:28Z,2026-08-15T14:00:00Z,123.1,0.0,0.0,25.0,0.0,0.0
5-10 дней,2026-08-10T10:53:28Z,2026-08-15T15:00:00Z,124.1,0.0,0.0,12.5,0.0,0.0
5-10 дней,2026-08-10T10:53:28Z,2026-08-15T16:00:00Z,125.1,0.0,0.0,12.5,0.0,0.0
5-10 дней,2026-08-10T10:53:28Z,2026-08-15T17:00:00Z,126.1,0.0,0.0,12.5,0.0,0.0
5-10 дней,2026-08-10T10:53:28Z,2026-08-15T18:00:00Z,127.1,0.0,0.0,25.0,0.0,0.0
5-10 дней,2026-08-10T10:53:28Z,2026-08-16T06:00:00Z,139.1,0.0,0.0,0.0,0.0,0.0
5-10 дней,2026-08-10T10:53:28Z,2026-08-16T07:00:00Z,140.1,0.0,0.0,0.0,0.0,0.0
5-10 дней,2026-08-10T10:53:28Z,2026-08-16T08:00:00Z,141.1,0.0,0.0,0.0,0.0,0.0
5-10 дней,2026-08-10T10:53:28Z,2026-08-16T09:00:00Z,142.1,0.0,0.0,0.0,0.0,0.0
5-10 дней,2026-08-10T10:53:28Z,2026-08-16T10:00:00Z,143.1,0.0,0.0,0.0,0.0,0.0
5-10 дней,2026-08-10T10:53:28Z,2026-08-16T11:00:00Z,144.1,0.0,0.0,0.0,0.0,0.0
5-10 дней,2026-08-10T10:53:28Z,2026-08-16T12:00:00Z,145.1,0.0,0.0,0.0,0.0,0.0
5-10 дней,2026-08-10T10:53:28Z,2026-08-16T13:00:00Z,146.1,0.0,0.0,0.0,0.0,0.0
5-10 дней,2026-08-10T10:53:28Z,2026-08-16T14:00:00Z,147.1,0.0,0.0,0.0,0.0,0.0
5-10 дней,2026-08-10T10:53:28Z,2026-08-16T15:00:00Z,148.1,0.0,0.0,0.0,0.0,0.0
5-10 дней,2026-08-10T10:53:28Z,2026-08-16T16:00:00Z,149.1,0.0,0.0,0.0,0.0,0.0
5-10 дней,2026-08-10T10:53:28Z,2026-08-16T17:00:00Z,150.1,0.0,0.0,0.0,0.0,0.0
5-10 дней,2026-08-10T10:53:28Z,2026-08-16T18:00:00Z,151.1,0.0,0.0,0.0,0.0,0.0
5-10 дней,2026-08-10T16:52:05Z,2026-08-15T17:00:00Z,120.1,0.0,0.0,12.5,0.0,0.0
5-10 дней,2026-08-10T16:52:05Z,2026-08-15T18:00:00Z,121.1,0.0,0.0,25.0,0.0,0.0
5-10 дней,2026-08-10T16:52:05Z,2026-08-16T06:00:00Z,133.1,0.0,0.0,0.0,0.0,0.0
5-10 дней,2026-08-10T16:52:05Z,2026-08-16T07:00:00Z,134.1,0.0,0.0,0.0,0.0,0.0
5-10 дней,2026-08-10T16:52:05Z,2026-08-16T08:00:00Z,135.1,0.0,0.0,0.0,0.0,0.0
5-10 дней,2026-08-10T16:52:05Z,2026-08-16T09:00:00Z,136.1,0.0,0.0,0.0,0.0,0.0
5-10 дней,2026-08-10T16:52:05Z,2026-08-16T10:00:00Z,137.1,0.0,0.0,0.0,0.0,0.0
5-10 дней,2026-08-10T16:52:05Z,2026-08-16T11:00:00Z,138.1,0.0,0.0,0.0,0.0,0.0
5-10 дней,2026-08-10T16:52:05Z,2026-08-16T12:00:00Z,139.1,0.0,0.0,0.0,0.0,0.0
5-10 дней,2026-08-10T16:52:05Z,2026-08-16T13:00:00Z,140.1,0.0,0.0,0.0,0.0,0.0
5-10 дней,2026-08-10T16:52:05Z,2026-08-16T14:00:00Z,141.1,0.0,0.0,0.0,0.0,0.0
5-10 дней,2026-08-10T16:52:05Z,2026-08-16T15:00:00Z,142.1,0.0,0.0,0.0,0.0,0.0
5-10 дней,2026-08-10T16:52:05Z,2026-08-16T16:00:00Z,143.1,0.0,0.0,0.0,0.0,0.0
5-10 дней,2026-08-10T16:52:05Z,2026-08-16T17:00:00Z,144.1,0.0,0.0,0.0,0.0,0.0
5-10 дней,2026-08-10T16:52:05Z,2026-08-16T18:00:00Z,145.1,0.0,0.0,0.0,0.0,0.0
5-10 дней,2026-08-10T22:47:13Z,2026-08-16T06:00:00Z,127.2,0.0,0.0,0.0,0.0,0.0
5-10 дней,2026-08-10T22:47:13Z,2026-08-16T07:00:00Z,128.2,0.0,0.0,0.0,0.0,0.0
5-10 дней,2026-08-10T22:47:13Z,2026-08-16T08:00:00Z,129.2,0.0,0.0,0.0,0.0,0.0
5-10 дней,2026-08-10T22:47:13Z,2026-08-16T09:00:00Z,130.2,0.0,0.0,0.0,0.0,0.0
5-10 дней,2026-08-10T22:47:13Z,2026-08-16T10:00:00Z,131.2,0.0,0.0,0.0,0.0,0.0
5-10 дней,2026-08-10T22:47:13Z,2026-08-16T11:00:00Z,132.2,0.0,0.0,0.0,0.0,0.0
5-10 дней,2026-08-10T22:47:13Z,2026-08-16T12:00:00Z,133.2,0.0,0.0,0.0,0.0,0.0
5-10 дней,2026-08-10T22:47:13Z,2026-08-16T13:00:00Z,134.2,0.0,0.0,0.0,0.0,0.0
5-10 дней,2026-08-10T22:47:13Z,2026-08-16T14:00:00Z,135.2,0.0,0.0,0.0,0.0,0.0
5-10 дней,2026-08-10T22:47:13Z,2026-08-16T15:00:00Z,136.2,0.0,0.0,0.0,0.0,0.0
5-10 дней,2026-08-10T22:47:13Z,2026-08-16T16:00:00Z,137.2,0.0,0.0,0.0,0.0,0.0
5-10 дней,2026-08-10T22:47:13Z,2026-08-16T17:00:00Z,138.2,0.0,0.0,0.0,0.0,0.0
5-10 дней,2026-08-10T22:47:13Z,2026-08-16T18:00:00Z,139.2,0.0,0.0,0.0,0.0,0.0
5-10 дней,2026-08-11T05:01:49Z,2026-08-16T06:00:00Z,121.0,0.0,0.0,0.0,0.0,0.0
5-10 дней,2026-08-11T05:01:49Z,2026-08-16T07:00:00Z,122.0,0.0,0.0,0.0,0.0,0.0
5-10 дней,2026-08-11T05:01:49Z,2026-08-16T08:00:00Z,123.0,0.0,0.0,0.0,0.0,0.0
5-10 дней,2026-08-11T05:01:49Z,2026-08-16T09:00:00Z,124.0,0.0,0.0,0.0,0.0,0.0
5-10 дней,2026-08-11T05:01:49Z,2026-08-16T10:00:00Z,125.0,0.0,0.0,0.0,0.0,0.0
5-10 дней,2026-08-11T05:01:49Z,2026-08-16T11:00:00Z,126.0,0.0,0.0,0.0,0.0,0.0
5-10 дней,2026-08-11T05:01:49Z,2026-08-16T12:00:00Z,127.0,0.0,0.0,0.0,0.0,0.0
5-10 дней,2026-08-11T05:01:49Z,2026-08-16T13:00:00Z,128.0,0.0,0.0,0.0,0.0,0.0
5-10 дней,2026-08-11T05:01:49Z,2026-08-16T14:00:00Z,129.0,0.0,0.0,0.0,0.0,0.0
5-10 дней,2026-08-11T05:01:49Z,2026-08-16T15:00:00Z,130.0,0.0,0.0,0.0,0.0,0.0
5-10 дней,2026-08-11T05:01:49Z,2026-08-16T16:00:00Z,131.0,0.0,0.0,0.0,0.0,0.0
5-10 дней,2026-08-11T05:01:49Z,2026-08-16T17:00:00Z,132.0,0.0,0.0,0.0,0.0,0.0
5-10 дней,2026-08-11T05:01:49Z,2026-08-16T18:00:00Z,133.0,0.0,0.0,0.0,0.0,0.0
5-10 дней,2026-08-11T10:38:45Z,2026-08-16T11:00:00Z,120.4,0.0,0.0,0.0,0.0,0.0
5-10 дней,2026-08-11T10:38:45Z,2026-08-16T12:00:00Z,121.4,0.0,0.0,0.0,0.0,0.0
5-10 дней,2026-08-11T10:38:45Z,2026-08-16T13:00:00Z,122.4,0.0,0.0,0.0,0.0,0.0
5-10 дней,2026-08-11T10:38:45Z,2026-08-16T14:00:00Z,123.4,0.0,0.0,0.0,0.0,0.0
5-10 дней,2026-08-11T10:38:45Z,2026-08-16T15:00:00Z,124.4,0.0,0.0,0.0,0.0,0.0
5-10 дней,2026-08-11T10:38:45Z,2026-08-16T16:00:00Z,125.4,0.0,0.0,0.0,0.0,0.0
5-10 дней,2026-08-11T10:38:45Z,2026-08-16T17:00:00Z,126.4,0.0,0.0,0.0,0.0,0.0
5-10 дней,2026-08-11T10:38:45Z,2026-08-16T18:00:00Z,127.4,0.0,0.0,0.0,0.0,0.0
