# Нови-Сад / Осадки / 0-6ч, 6-24ч, 1-2 дня, 2-3 дня, 3-5 дней, 5-10 дней / UKMO (Британия)
# n=1775, порог дождя = 0.2 мм
# POD=0.9322033898305084, FAR=0.8135593220338984, CSI=0.18394648829431437, MAE=0.209 мм, bias=+0.204 мм
# CSI = hits / (hits + misses + false_alarms); hit = прогноз>=порога И факт>=порога
# «Общий» = объединённый пул пар из периодов: 0-6ч, 6-24ч, 1-2 дня, 2-3 дня, 3-5 дней, 5-10 дней - метрика посчитана заново по всему пулу, а не усреднена по периодам
#
bucket,fetched_at,valid_time,lead_hours,forecast,observed,error
0-6ч,2026-08-06T09:50:07Z,2026-08-06T12:00:00Z,2.2,0.1,0.0,0.1
0-6ч,2026-08-06T09:59:18Z,2026-08-06T12:00:00Z,2.0,0.1,0.0,0.1
0-6ч,2026-08-06T10:08:26Z,2026-08-06T12:00:00Z,1.9,0.1,0.0,0.1
0-6ч,2026-08-06T10:47:54Z,2026-08-06T12:00:00Z,1.2,0.1,0.0,0.1
0-6ч,2026-08-06T11:30:42Z,2026-08-06T12:00:00Z,0.5,0.1,0.0,0.1
0-6ч,2026-08-06T11:36:01Z,2026-08-06T12:00:00Z,0.4,0.1,0.0,0.1
0-6ч,2026-08-06T11:44:08Z,2026-08-06T12:00:00Z,0.3,0.1,0.0,0.1
0-6ч,2026-08-07T16:51:54Z,2026-08-07T18:00:00Z,1.1,0.3,0.0,0.3
0-6ч,2026-08-08T10:18:13Z,2026-08-08T12:00:00Z,1.7,0.0,0.0,0.0
0-6ч,2026-08-09T10:19:29Z,2026-08-09T12:00:00Z,1.7,0.0,0.0,0.0
0-6ч,2026-08-09T12:41:38Z,2026-08-09T18:00:00Z,5.3,0.0,0.0,0.0
0-6ч,2026-08-09T12:45:53Z,2026-08-09T18:00:00Z,5.2,0.0,0.0,0.0
0-6ч,2026-08-09T12:48:15Z,2026-08-09T18:00:00Z,5.2,0.0,0.0,0.0
0-6ч,2026-08-09T16:31:44Z,2026-08-09T18:00:00Z,1.5,0.0,0.0,0.0
0-6ч,2026-08-10T16:52:05Z,2026-08-10T18:00:00Z,1.1,0.0,0.0,0.0
0-6ч,2026-08-12T06:05:22Z,2026-08-12T12:00:00Z,5.9,0.0,0.0,0.0
0-6ч,2026-08-12T10:47:03Z,2026-08-12T12:00:00Z,1.2,0.0,0.0,0.0
0-6ч,2026-08-12T16:54:57Z,2026-08-12T18:00:00Z,1.1,0.0,0.0,0.0
0-6ч,2026-08-13T16:36:10Z,2026-08-13T18:00:00Z,1.4,0.0,0.0,0.0
0-6ч,2026-08-13T16:42:24Z,2026-08-13T18:00:00Z,1.3,0.0,0.0,0.0
0-6ч,2026-08-13T16:54:22Z,2026-08-13T18:00:00Z,1.1,0.0,0.0,0.0
0-6ч,2026-08-14T10:44:54Z,2026-08-14T12:00:00Z,1.3,0.0,0.0,0.0
0-6ч,2026-08-14T16:48:33Z,2026-08-14T18:00:00Z,1.2,0.0,0.0,0.0
0-6ч,2026-08-15T16:20:39Z,2026-08-15T18:00:00Z,1.7,0.0,0.0,0.0
0-6ч,2026-08-16T16:21:00Z,2026-08-16T18:00:00Z,1.6,0.0,0.0,0.0
0-6ч,2026-08-17T10:18:11Z,2026-08-17T12:00:00Z,1.7,0.0,0.0,0.0
0-6ч,2026-08-17T16:23:45Z,2026-08-17T18:00:00Z,1.6,0.0,0.0,0.0
0-6ч,2026-08-18T10:14:55Z,2026-08-18T12:00:00Z,1.8,0.2,0.1,0.1
0-6ч,2026-08-18T16:27:50Z,2026-08-18T18:00:00Z,1.5,0.0,0.1,-0.1
0-6ч,2026-08-19T10:14:48Z,2026-08-19T12:00:00Z,1.8,0.0,0.0,0.0
0-6ч,2026-08-19T16:28:17Z,2026-08-19T18:00:00Z,1.5,0.0,0.0,0.0
0-6ч,2026-08-20T10:16:10Z,2026-08-20T12:00:00Z,1.7,0.2,0.0,0.2
0-6ч,2026-08-20T16:31:45Z,2026-08-20T18:00:00Z,1.5,0.4,0.0,0.4
0-6ч,2026-08-21T10:16:50Z,2026-08-21T12:00:00Z,1.7,0.0,0.0,0.0
0-6ч,2026-08-21T16:30:34Z,2026-08-21T18:00:00Z,1.5,0.0,0.0,0.0
0-6ч,2026-08-22T10:09:41Z,2026-08-22T12:00:00Z,1.8,0.0,0.0,0.0
0-6ч,2026-08-22T16:20:08Z,2026-08-22T18:00:00Z,1.7,0.4,0.0,0.4
0-6ч,2026-08-23T10:10:14Z,2026-08-23T12:00:00Z,1.8,0.0,0.0,0.0
0-6ч,2026-08-23T16:21:17Z,2026-08-23T18:00:00Z,1.6,0.0,0.0,0.0
0-6ч,2026-08-24T16:34:00Z,2026-08-24T18:00:00Z,1.4,0.0,0.0,0.0
0-6ч,2026-08-25T10:18:20Z,2026-08-25T12:00:00Z,1.7,0.0,0.0,0.0
0-6ч,2026-08-25T16:33:53Z,2026-08-25T18:00:00Z,1.4,0.3,0.0,0.3
0-6ч,2026-08-26T10:21:58Z,2026-08-26T12:00:00Z,1.6,0.4,0.0,0.4
0-6ч,2026-08-26T16:46:17Z,2026-08-26T18:00:00Z,1.2,0.4,0.0,0.4
0-6ч,2026-08-27T14:55:44Z,2026-08-27T18:00:00Z,3.1,0.0,0.0,0.0
0-6ч,2026-08-28T06:03:31Z,2026-08-28T12:00:00Z,5.9,0.0,0.0,0.0
0-6ч,2026-08-28T15:51:06Z,2026-08-28T18:00:00Z,2.1,0.0,0.0,0.0
0-6ч,2026-08-28T21:00:50Z,2026-08-29T00:00:00Z,3.0,0.0,0.0,0.0
0-6ч,2026-08-29T10:40:21Z,2026-08-29T12:00:00Z,1.3,0.0,0.0,0.0
0-6ч,2026-08-29T14:43:22Z,2026-08-29T18:00:00Z,3.3,0.1,0.2,-0.1
0-6ч,2026-08-30T09:40:19Z,2026-08-30T12:00:00Z,2.3,0.0,0.0,0.0
0-6ч,2026-08-30T14:32:26Z,2026-08-30T18:00:00Z,3.5,0.0,0.0,0.0
0-6ч,2026-08-31T10:22:36Z,2026-08-31T12:00:00Z,1.6,0.0,0.0,0.0
0-6ч,2026-08-31T17:15:19Z,2026-08-31T18:00:00Z,0.7,0.2,0.0,0.2
6-24ч,2026-08-06T09:50:07Z,2026-08-06T18:00:00Z,8.2,0.4,0.3,0.1
6-24ч,2026-08-06T09:59:18Z,2026-08-06T18:00:00Z,8.0,0.4,0.3,0.1
6-24ч,2026-08-06T10:08:26Z,2026-08-06T18:00:00Z,7.9,0.4,0.3,0.1
6-24ч,2026-08-06T10:47:54Z,2026-08-06T18:00:00Z,7.2,0.4,0.3,0.1
6-24ч,2026-08-06T11:30:42Z,2026-08-06T18:00:00Z,6.5,0.4,0.3,0.1
6-24ч,2026-08-06T11:36:01Z,2026-08-06T18:00:00Z,6.4,0.4,0.3,0.1
6-24ч,2026-08-06T11:44:08Z,2026-08-06T18:00:00Z,6.3,0.4,0.3,0.1
6-24ч,2026-08-06T09:50:07Z,2026-08-07T06:00:00Z,20.2,0.2,0.0,0.2
6-24ч,2026-08-06T09:59:18Z,2026-08-07T06:00:00Z,20.0,0.2,0.0,0.2
6-24ч,2026-08-06T10:08:26Z,2026-08-07T06:00:00Z,19.9,0.2,0.0,0.2
6-24ч,2026-08-06T10:47:54Z,2026-08-07T06:00:00Z,19.2,0.2,0.0,0.2
6-24ч,2026-08-06T11:30:42Z,2026-08-07T06:00:00Z,18.5,0.2,0.0,0.2
6-24ч,2026-08-06T11:36:01Z,2026-08-07T06:00:00Z,18.4,0.2,0.0,0.2
6-24ч,2026-08-06T11:44:08Z,2026-08-07T06:00:00Z,18.3,0.2,0.0,0.2
6-24ч,2026-08-07T01:31:32Z,2026-08-07T18:00:00Z,16.5,0.2,0.0,0.2
6-24ч,2026-08-07T05:36:00Z,2026-08-07T18:00:00Z,12.4,0.2,0.0,0.2
6-24ч,2026-08-07T06:18:59Z,2026-08-07T18:00:00Z,11.7,0.2,0.0,0.2
6-24ч,2026-08-07T07:13:52Z,2026-08-07T18:00:00Z,10.8,0.2,0.0,0.2
6-24ч,2026-08-07T10:39:14Z,2026-08-07T18:00:00Z,7.3,0.2,0.0,0.2
6-24ч,2026-08-07T06:18:59Z,2026-08-08T06:00:00Z,23.7,0.0,0.0,0.0
6-24ч,2026-08-07T07:13:52Z,2026-08-08T06:00:00Z,22.8,0.0,0.0,0.0
6-24ч,2026-08-07T10:39:14Z,2026-08-08T06:00:00Z,19.3,0.0,0.0,0.0
6-24ч,2026-08-07T16:51:54Z,2026-08-08T06:00:00Z,13.1,0.0,0.0,0.0
6-24ч,2026-08-07T22:45:57Z,2026-08-08T06:00:00Z,7.2,0.4,0.0,0.4
6-24ч,2026-08-07T23:19:23Z,2026-08-08T06:00:00Z,6.7,0.4,0.0,0.4
6-24ч,2026-08-07T16:51:54Z,2026-08-08T12:00:00Z,19.1,0.0,0.0,0.0
6-24ч,2026-08-07T22:45:57Z,2026-08-08T12:00:00Z,13.2,0.0,0.0,0.0
6-24ч,2026-08-07T23:19:23Z,2026-08-08T12:00:00Z,12.7,0.0,0.0,0.0
6-24ч,2026-08-08T04:50:53Z,2026-08-08T12:00:00Z,7.2,0.0,0.0,0.0
6-24ч,2026-08-07T22:45:57Z,2026-08-08T18:00:00Z,19.2,0.0,0.0,0.0
6-24ч,2026-08-07T23:19:23Z,2026-08-08T18:00:00Z,18.7,0.0,0.0,0.0
6-24ч,2026-08-08T04:50:53Z,2026-08-08T18:00:00Z,13.2,0.0,0.0,0.0
6-24ч,2026-08-08T10:18:13Z,2026-08-08T18:00:00Z,7.7,0.0,0.0,0.0
6-24ч,2026-08-08T10:18:13Z,2026-08-09T06:00:00Z,19.7,0.0,0.0,0.0
6-24ч,2026-08-08T22:37:20Z,2026-08-09T06:00:00Z,7.4,0.0,0.0,0.0
6-24ч,2026-08-08T22:37:20Z,2026-08-09T12:00:00Z,13.4,0.0,0.0,0.0
6-24ч,2026-08-09T04:59:03Z,2026-08-09T12:00:00Z,7.0,0.0,0.0,0.0
6-24ч,2026-08-08T22:37:20Z,2026-08-09T18:00:00Z,19.4,0.0,0.0,0.0
6-24ч,2026-08-09T04:59:03Z,2026-08-09T18:00:00Z,13.0,0.0,0.0,0.0
6-24ч,2026-08-09T10:19:29Z,2026-08-09T18:00:00Z,7.7,0.0,0.0,0.0
6-24ч,2026-08-09T10:19:29Z,2026-08-10T06:00:00Z,19.7,0.0,0.0,0.0
6-24ч,2026-08-09T12:41:38Z,2026-08-10T06:00:00Z,17.3,0.0,0.0,0.0
6-24ч,2026-08-09T12:45:53Z,2026-08-10T06:00:00Z,17.2,0.0,0.0,0.0
6-24ч,2026-08-09T12:48:15Z,2026-08-10T06:00:00Z,17.2,0.0,0.0,0.0
6-24ч,2026-08-09T16:31:44Z,2026-08-10T06:00:00Z,13.5,0.0,0.0,0.0
6-24ч,2026-08-09T22:39:09Z,2026-08-10T06:00:00Z,7.3,0.0,0.0,0.0
6-24ч,2026-08-09T22:39:09Z,2026-08-10T18:00:00Z,19.3,0.0,0.0,0.0
6-24ч,2026-08-10T05:20:42Z,2026-08-10T18:00:00Z,12.7,0.0,0.0,0.0
6-24ч,2026-08-10T10:53:28Z,2026-08-10T18:00:00Z,7.1,0.0,0.0,0.0
6-24ч,2026-08-10T10:53:28Z,2026-08-11T06:00:00Z,19.1,0.0,0.0,0.0
6-24ч,2026-08-10T16:52:05Z,2026-08-11T06:00:00Z,13.1,0.0,0.0,0.0
6-24ч,2026-08-10T22:47:13Z,2026-08-11T06:00:00Z,7.2,0.0,0.0,0.0
6-24ч,2026-08-10T22:47:13Z,2026-08-11T18:00:00Z,19.2,0.0,0.0,0.0
6-24ч,2026-08-11T05:01:49Z,2026-08-11T18:00:00Z,13.0,0.0,0.0,0.0
6-24ч,2026-08-11T10:38:45Z,2026-08-11T18:00:00Z,7.4,0.0,0.0,0.0
6-24ч,2026-08-11T10:38:45Z,2026-08-12T06:00:00Z,19.4,0.0,0.0,0.0
6-24ч,2026-08-12T06:05:22Z,2026-08-12T18:00:00Z,11.9,0.0,0.0,0.0
6-24ч,2026-08-12T10:47:03Z,2026-08-12T18:00:00Z,7.2,0.0,0.0,0.0
6-24ч,2026-08-12T06:05:22Z,2026-08-13T06:00:00Z,23.9,0.0,0.0,0.0
6-24ч,2026-08-12T10:47:03Z,2026-08-13T06:00:00Z,19.2,0.0,0.0,0.0
6-24ч,2026-08-12T16:54:57Z,2026-08-13T06:00:00Z,13.1,0.0,0.0,0.0
6-24ч,2026-08-12T22:50:47Z,2026-08-13T06:00:00Z,7.2,0.0,0.0,0.0
6-24ч,2026-08-12T22:50:47Z,2026-08-13T18:00:00Z,19.2,0.0,0.0,0.0
6-24ч,2026-08-13T05:30:08Z,2026-08-13T18:00:00Z,12.5,0.0,0.0,0.0
6-24ч,2026-08-13T10:49:01Z,2026-08-13T18:00:00Z,7.2,0.0,0.0,0.0
6-24ч,2026-08-13T10:49:01Z,2026-08-14T06:00:00Z,19.2,0.0,0.0,0.0
6-24ч,2026-08-13T16:36:10Z,2026-08-14T06:00:00Z,13.4,0.0,0.0,0.0
6-24ч,2026-08-13T16:42:24Z,2026-08-14T06:00:00Z,13.3,0.0,0.0,0.0
6-24ч,2026-08-13T16:54:22Z,2026-08-14T06:00:00Z,13.1,0.0,0.0,0.0
6-24ч,2026-08-13T22:52:17Z,2026-08-14T06:00:00Z,7.1,0.0,0.0,0.0
6-24ч,2026-08-13T16:36:10Z,2026-08-14T12:00:00Z,19.4,0.0,0.0,0.0
6-24ч,2026-08-13T16:42:24Z,2026-08-14T12:00:00Z,19.3,0.0,0.0,0.0
6-24ч,2026-08-13T16:54:22Z,2026-08-14T12:00:00Z,19.1,0.0,0.0,0.0
6-24ч,2026-08-13T22:52:17Z,2026-08-14T12:00:00Z,13.1,0.0,0.0,0.0
6-24ч,2026-08-14T05:28:14Z,2026-08-14T12:00:00Z,6.5,0.0,0.0,0.0
6-24ч,2026-08-13T22:52:17Z,2026-08-14T18:00:00Z,19.1,0.0,0.0,0.0
6-24ч,2026-08-14T05:28:14Z,2026-08-14T18:00:00Z,12.5,0.0,0.0,0.0
6-24ч,2026-08-14T10:44:54Z,2026-08-14T18:00:00Z,7.3,0.0,0.0,0.0
6-24ч,2026-08-14T10:44:54Z,2026-08-15T06:00:00Z,19.3,0.0,0.0,0.0
6-24ч,2026-08-14T16:48:33Z,2026-08-15T06:00:00Z,13.2,0.0,0.0,0.0
6-24ч,2026-08-14T22:30:55Z,2026-08-15T06:00:00Z,7.5,0.0,0.0,0.0
6-24ч,2026-08-14T22:30:55Z,2026-08-15T18:00:00Z,19.5,0.0,0.0,0.0
6-24ч,2026-08-15T04:24:15Z,2026-08-15T18:00:00Z,13.6,0.0,0.0,0.0
6-24ч,2026-08-15T10:09:15Z,2026-08-15T18:00:00Z,7.8,0.0,0.0,0.0
6-24ч,2026-08-15T10:09:15Z,2026-08-16T06:00:00Z,19.8,0.0,0.0,0.0
6-24ч,2026-08-15T16:20:39Z,2026-08-16T06:00:00Z,13.7,0.0,0.0,0.0
6-24ч,2026-08-15T22:29:33Z,2026-08-16T06:00:00Z,7.5,0.0,0.0,0.0
6-24ч,2026-08-15T22:29:33Z,2026-08-16T18:00:00Z,19.5,0.0,0.0,0.0
6-24ч,2026-08-16T04:29:41Z,2026-08-16T18:00:00Z,13.5,0.0,0.0,0.0
6-24ч,2026-08-16T07:21:44Z,2026-08-16T18:00:00Z,10.6,0.0,0.0,0.0
6-24ч,2026-08-16T10:09:47Z,2026-08-16T18:00:00Z,7.8,0.0,0.0,0.0
6-24ч,2026-08-16T07:21:44Z,2026-08-17T06:00:00Z,22.6,0.0,0.0,0.0
6-24ч,2026-08-16T10:09:47Z,2026-08-17T06:00:00Z,19.8,0.0,0.0,0.0
6-24ч,2026-08-16T16:21:00Z,2026-08-17T06:00:00Z,13.7,0.0,0.0,0.0
6-24ч,2026-08-16T22:29:34Z,2026-08-17T06:00:00Z,7.5,0.0,0.0,0.0
6-24ч,2026-08-16T16:21:00Z,2026-08-17T12:00:00Z,19.6,0.0,0.0,0.0
6-24ч,2026-08-16T22:29:34Z,2026-08-17T12:00:00Z,13.5,0.0,0.0,0.0
6-24ч,2026-08-17T04:35:30Z,2026-08-17T12:00:00Z,7.4,0.0,0.0,0.0
6-24ч,2026-08-16T22:29:34Z,2026-08-17T18:00:00Z,19.5,0.0,0.0,0.0
6-24ч,2026-08-17T04:35:30Z,2026-08-17T18:00:00Z,13.4,0.0,0.0,0.0
6-24ч,2026-08-17T10:18:11Z,2026-08-17T18:00:00Z,7.7,0.0,0.0,0.0
6-24ч,2026-08-17T10:18:11Z,2026-08-18T06:00:00Z,19.7,2.3,0.6,1.7
6-24ч,2026-08-17T16:23:45Z,2026-08-18T06:00:00Z,13.6,2.3,0.6,1.7
6-24ч,2026-08-17T22:31:28Z,2026-08-18T06:00:00Z,7.5,2.3,0.6,1.7
6-24ч,2026-08-17T16:23:45Z,2026-08-18T12:00:00Z,19.6,0.2,0.1,0.1
6-24ч,2026-08-17T22:31:28Z,2026-08-18T12:00:00Z,13.5,0.2,0.1,0.1
6-24ч,2026-08-18T04:30:05Z,2026-08-18T12:00:00Z,7.5,0.2,0.1,0.1
6-24ч,2026-08-17T22:31:28Z,2026-08-18T18:00:00Z,19.5,0.4,0.1,0.3
6-24ч,2026-08-18T04:30:05Z,2026-08-18T18:00:00Z,13.5,0.4,0.1,0.3
6-24ч,2026-08-18T10:14:55Z,2026-08-18T18:00:00Z,7.8,0.4,0.1,0.3
6-24ч,2026-08-18T10:14:55Z,2026-08-19T06:00:00Z,19.8,0.1,0.0,0.1
6-24ч,2026-08-18T16:27:50Z,2026-08-19T06:00:00Z,13.5,0.1,0.0,0.1
6-24ч,2026-08-18T22:31:39Z,2026-08-19T06:00:00Z,7.5,0.0,0.0,0.0
6-24ч,2026-08-18T16:27:50Z,2026-08-19T12:00:00Z,19.5,0.0,0.0,0.0
6-24ч,2026-08-18T22:31:39Z,2026-08-19T12:00:00Z,13.5,0.0,0.0,0.0
6-24ч,2026-08-19T04:31:14Z,2026-08-19T12:00:00Z,7.5,0.0,0.0,0.0
6-24ч,2026-08-18T22:31:39Z,2026-08-19T18:00:00Z,19.5,0.0,0.0,0.0
6-24ч,2026-08-19T04:31:14Z,2026-08-19T18:00:00Z,13.5,0.0,0.0,0.0
6-24ч,2026-08-19T10:14:48Z,2026-08-19T18:00:00Z,7.8,0.0,0.0,0.0
6-24ч,2026-08-19T10:14:48Z,2026-08-20T06:00:00Z,19.8,0.0,0.0,0.0
6-24ч,2026-08-19T16:28:17Z,2026-08-20T06:00:00Z,13.5,0.0,0.0,0.0
6-24ч,2026-08-19T16:28:17Z,2026-08-20T12:00:00Z,19.5,0.1,0.0,0.1
6-24ч,2026-08-20T04:31:56Z,2026-08-20T12:00:00Z,7.5,0.0,0.0,0.0
6-24ч,2026-08-20T04:31:56Z,2026-08-20T18:00:00Z,13.5,0.0,0.0,0.0
6-24ч,2026-08-20T10:16:10Z,2026-08-20T18:00:00Z,7.7,0.2,0.0,0.2
6-24ч,2026-08-20T10:16:10Z,2026-08-21T06:00:00Z,19.7,0.0,0.0,0.0
6-24ч,2026-08-20T16:31:45Z,2026-08-21T06:00:00Z,13.5,0.0,0.0,0.0
6-24ч,2026-08-20T22:34:58Z,2026-08-21T06:00:00Z,7.4,0.0,0.0,0.0
6-24ч,2026-08-20T16:31:45Z,2026-08-21T12:00:00Z,19.5,0.0,0.0,0.0
6-24ч,2026-08-20T22:34:58Z,2026-08-21T12:00:00Z,13.4,0.0,0.0,0.0
6-24ч,2026-08-21T04:32:20Z,2026-08-21T12:00:00Z,7.5,0.0,0.0,0.0
6-24ч,2026-08-20T22:34:58Z,2026-08-21T18:00:00Z,19.4,0.0,0.0,0.0
6-24ч,2026-08-21T04:32:20Z,2026-08-21T18:00:00Z,13.5,0.0,0.0,0.0
6-24ч,2026-08-21T10:16:50Z,2026-08-21T18:00:00Z,7.7,0.0,0.0,0.0
6-24ч,2026-08-21T10:16:50Z,2026-08-22T06:00:00Z,19.7,0.0,0.0,0.0
6-24ч,2026-08-21T16:30:34Z,2026-08-22T06:00:00Z,13.5,0.0,0.0,0.0
6-24ч,2026-08-21T22:32:12Z,2026-08-22T06:00:00Z,7.5,0.0,0.0,0.0
6-24ч,2026-08-21T16:30:34Z,2026-08-22T12:00:00Z,19.5,0.2,0.0,0.2
6-24ч,2026-08-21T22:32:12Z,2026-08-22T12:00:00Z,13.5,0.2,0.0,0.2
6-24ч,2026-08-22T04:26:43Z,2026-08-22T12:00:00Z,7.6,0.2,0.0,0.2
6-24ч,2026-08-21T22:32:12Z,2026-08-22T18:00:00Z,19.5,0.2,0.0,0.2
6-24ч,2026-08-22T04:26:43Z,2026-08-22T18:00:00Z,13.6,0.2,0.0,0.2
6-24ч,2026-08-22T10:09:41Z,2026-08-22T18:00:00Z,7.8,0.1,0.0,0.1
6-24ч,2026-08-22T10:09:41Z,2026-08-23T06:00:00Z,19.8,0.0,0.0,0.0
6-24ч,2026-08-22T16:20:08Z,2026-08-23T06:00:00Z,13.7,0.0,0.0,0.0
6-24ч,2026-08-22T22:29:28Z,2026-08-23T06:00:00Z,7.5,0.0,0.0,0.0
6-24ч,2026-08-22T16:20:08Z,2026-08-23T12:00:00Z,19.7,0.0,0.0,0.0
6-24ч,2026-08-22T22:29:28Z,2026-08-23T12:00:00Z,13.5,0.0,0.0,0.0
6-24ч,2026-08-23T04:31:06Z,2026-08-23T12:00:00Z,7.5,0.0,0.0,0.0
6-24ч,2026-08-22T22:29:28Z,2026-08-23T18:00:00Z,19.5,0.0,0.0,0.0
6-24ч,2026-08-23T04:31:06Z,2026-08-23T18:00:00Z,13.5,0.0,0.0,0.0
6-24ч,2026-08-23T10:10:14Z,2026-08-23T18:00:00Z,7.8,0.0,0.0,0.0
6-24ч,2026-08-23T10:10:14Z,2026-08-24T06:00:00Z,19.8,0.0,0.0,0.0
6-24ч,2026-08-23T16:21:17Z,2026-08-24T06:00:00Z,13.6,0.0,0.0,0.0
6-24ч,2026-08-23T22:29:36Z,2026-08-24T06:00:00Z,7.5,0.0,0.0,0.0
6-24ч,2026-08-23T22:29:36Z,2026-08-24T18:00:00Z,19.5,0.0,0.0,0.0
6-24ч,2026-08-24T04:38:48Z,2026-08-24T18:00:00Z,13.4,0.0,0.0,0.0
6-24ч,2026-08-24T10:24:38Z,2026-08-24T18:00:00Z,7.6,0.0,0.0,0.0
6-24ч,2026-08-24T10:24:38Z,2026-08-25T06:00:00Z,19.6,0.0,0.0,0.0
6-24ч,2026-08-24T16:34:00Z,2026-08-25T06:00:00Z,13.4,0.0,0.0,0.0
6-24ч,2026-08-24T22:34:40Z,2026-08-25T06:00:00Z,7.4,0.0,0.0,0.0
6-24ч,2026-08-24T16:34:00Z,2026-08-25T12:00:00Z,19.4,0.0,0.0,0.0
6-24ч,2026-08-24T22:34:40Z,2026-08-25T12:00:00Z,13.4,0.0,0.0,0.0
6-24ч,2026-08-25T04:33:15Z,2026-08-25T12:00:00Z,7.4,0.0,0.0,0.0
6-24ч,2026-08-24T22:34:40Z,2026-08-25T18:00:00Z,19.4,2.1,0.0,2.1
6-24ч,2026-08-25T04:33:15Z,2026-08-25T18:00:00Z,13.4,0.1,0.0,0.1
6-24ч,2026-08-25T10:18:20Z,2026-08-25T18:00:00Z,7.7,0.8,0.0,0.8
6-24ч,2026-08-25T10:18:20Z,2026-08-26T06:00:00Z,19.7,2.4,0.0,2.4
6-24ч,2026-08-25T16:33:53Z,2026-08-26T06:00:00Z,13.4,4.5,0.0,4.5
6-24ч,2026-08-25T22:34:48Z,2026-08-26T06:00:00Z,7.4,3.1,0.0,3.1
6-24ч,2026-08-25T16:33:53Z,2026-08-26T12:00:00Z,19.4,0.0,0.0,0.0
6-24ч,2026-08-25T22:34:48Z,2026-08-26T12:00:00Z,13.4,0.0,0.0,0.0
6-24ч,2026-08-26T04:34:15Z,2026-08-26T12:00:00Z,7.4,0.0,0.0,0.0
6-24ч,2026-08-25T22:34:48Z,2026-08-26T18:00:00Z,19.4,0.0,0.0,0.0
6-24ч,2026-08-26T04:34:15Z,2026-08-26T18:00:00Z,13.4,0.0,0.0,0.0
6-24ч,2026-08-26T10:21:58Z,2026-08-26T18:00:00Z,7.6,0.4,0.0,0.4
6-24ч,2026-08-26T10:21:58Z,2026-08-27T06:00:00Z,19.6,0.0,0.0,0.0
6-24ч,2026-08-26T16:46:17Z,2026-08-27T06:00:00Z,13.2,0.0,0.0,0.0
6-24ч,2026-08-26T16:46:17Z,2026-08-27T12:00:00Z,19.2,0.0,0.0,0.0
6-24ч,2026-08-27T03:02:51Z,2026-08-27T12:00:00Z,9.0,0.0,0.0,0.0
6-24ч,2026-08-27T03:02:51Z,2026-08-27T18:00:00Z,15.0,0.0,0.0,0.0
6-24ч,2026-08-27T14:55:44Z,2026-08-28T06:00:00Z,15.1,0.0,0.0,0.0
6-24ч,2026-08-27T20:01:22Z,2026-08-28T06:00:00Z,10.0,0.0,0.0,0.0
6-24ч,2026-08-27T14:55:44Z,2026-08-28T12:00:00Z,21.1,0.0,0.0,0.0
6-24ч,2026-08-27T20:01:22Z,2026-08-28T12:00:00Z,16.0,0.0,0.0,0.0
6-24ч,2026-08-28T00:44:37Z,2026-08-28T12:00:00Z,11.3,0.0,0.0,0.0
6-24ч,2026-08-27T20:01:22Z,2026-08-28T18:00:00Z,22.0,0.0,0.0,0.0
6-24ч,2026-08-28T00:44:37Z,2026-08-28T18:00:00Z,17.3,0.0,0.0,0.0
6-24ч,2026-08-28T06:03:31Z,2026-08-28T18:00:00Z,11.9,0.0,0.0,0.0
6-24ч,2026-08-28T00:44:37Z,2026-08-29T00:00:00Z,23.3,0.0,0.0,0.0
6-24ч,2026-08-28T06:03:31Z,2026-08-29T00:00:00Z,17.9,0.0,0.0,0.0
6-24ч,2026-08-28T15:51:06Z,2026-08-29T00:00:00Z,8.1,0.0,0.0,0.0
6-24ч,2026-08-28T06:03:31Z,2026-08-29T06:00:00Z,23.9,0.0,0.0,0.0
6-24ч,2026-08-28T15:51:06Z,2026-08-29T06:00:00Z,14.1,0.0,0.0,0.0
6-24ч,2026-08-28T21:00:50Z,2026-08-29T06:00:00Z,9.0,0.0,0.0,0.0
6-24ч,2026-08-28T15:51:06Z,2026-08-29T12:00:00Z,20.1,0.0,0.0,0.0
6-24ч,2026-08-28T21:00:50Z,2026-08-29T12:00:00Z,15.0,0.0,0.0,0.0
6-24ч,2026-08-29T00:23:24Z,2026-08-29T12:00:00Z,11.6,0.0,0.0,0.0
6-24ч,2026-08-29T03:37:28Z,2026-08-29T12:00:00Z,8.4,0.0,0.0,0.0
6-24ч,2026-08-28T21:00:50Z,2026-08-29T18:00:00Z,21.0,0.0,0.2,-0.2
6-24ч,2026-08-29T00:23:24Z,2026-08-29T18:00:00Z,17.6,0.0,0.2,-0.2
6-24ч,2026-08-29T03:37:28Z,2026-08-29T18:00:00Z,14.4,1.3,0.2,1.1
6-24ч,2026-08-29T10:40:21Z,2026-08-29T18:00:00Z,7.3,2.9,0.2,2.7
6-24ч,2026-08-29T10:40:21Z,2026-08-30T06:00:00Z,19.3,2.2,0.0,2.2
6-24ч,2026-08-29T14:43:22Z,2026-08-30T06:00:00Z,15.3,0.3,0.0,0.3
6-24ч,2026-08-29T19:10:40Z,2026-08-30T06:00:00Z,10.8,0.3,0.0,0.3
6-24ч,2026-08-29T14:43:22Z,2026-08-30T12:00:00Z,21.3,0.1,0.0,0.1
6-24ч,2026-08-29T19:10:40Z,2026-08-30T12:00:00Z,16.8,0.1,0.0,0.1
6-24ч,2026-08-30T00:04:13Z,2026-08-30T12:00:00Z,11.9,0.0,0.0,0.0
6-24ч,2026-08-29T19:10:40Z,2026-08-30T18:00:00Z,22.8,0.1,0.0,0.1
6-24ч,2026-08-30T00:04:13Z,2026-08-30T18:00:00Z,17.9,0.0,0.0,0.0
6-24ч,2026-08-30T09:40:19Z,2026-08-30T18:00:00Z,8.3,0.0,0.0,0.0
6-24ч,2026-08-30T09:40:19Z,2026-08-31T06:00:00Z,20.3,0.0,0.0,0.0
6-24ч,2026-08-30T14:32:26Z,2026-08-31T06:00:00Z,15.5,0.0,0.0,0.0
6-24ч,2026-08-30T19:02:03Z,2026-08-31T06:00:00Z,11.0,0.0,0.0,0.0
6-24ч,2026-08-30T14:32:26Z,2026-08-31T12:00:00Z,21.5,0.0,0.0,0.0
6-24ч,2026-08-30T19:02:03Z,2026-08-31T12:00:00Z,17.0,0.0,0.0,0.0
6-24ч,2026-08-31T00:22:13Z,2026-08-31T12:00:00Z,11.6,0.0,0.0,0.0
6-24ч,2026-08-30T19:02:03Z,2026-08-31T18:00:00Z,23.0,0.2,0.0,0.2
6-24ч,2026-08-31T00:22:13Z,2026-08-31T18:00:00Z,17.6,0.0,0.0,0.0
6-24ч,2026-08-31T10:22:36Z,2026-08-31T18:00:00Z,7.6,0.0,0.0,0.0
6-24ч,2026-08-31T10:22:36Z,2026-09-01T06:00:00Z,19.6,1.0,0.0,1.0
6-24ч,2026-08-31T17:15:19Z,2026-09-01T06:00:00Z,12.7,0.3,0.0,0.3
6-24ч,2026-08-31T21:17:52Z,2026-09-01T06:00:00Z,8.7,0.2,0.0,0.2
1-2 дня,2026-08-06T09:50:07Z,2026-08-07T18:00:00Z,32.2,0.7,0.0,0.7
1-2 дня,2026-08-06T09:59:18Z,2026-08-07T18:00:00Z,32.0,0.7,0.0,0.7
1-2 дня,2026-08-06T10:08:26Z,2026-08-07T18:00:00Z,31.9,0.7,0.0,0.7
1-2 дня,2026-08-06T10:47:54Z,2026-08-07T18:00:00Z,31.2,0.7,0.0,0.7
1-2 дня,2026-08-06T11:30:42Z,2026-08-07T18:00:00Z,30.5,0.7,0.0,0.7
1-2 дня,2026-08-06T11:36:01Z,2026-08-07T18:00:00Z,30.4,0.7,0.0,0.7
1-2 дня,2026-08-06T11:44:08Z,2026-08-07T18:00:00Z,30.3,0.7,0.0,0.7
1-2 дня,2026-08-06T09:50:07Z,2026-08-08T06:00:00Z,44.2,0.0,0.0,0.0
1-2 дня,2026-08-06T09:59:18Z,2026-08-08T06:00:00Z,44.0,0.0,0.0,0.0
1-2 дня,2026-08-06T10:08:26Z,2026-08-08T06:00:00Z,43.9,0.0,0.0,0.0
1-2 дня,2026-08-06T10:47:54Z,2026-08-08T06:00:00Z,43.2,0.0,0.0,0.0
1-2 дня,2026-08-06T11:30:42Z,2026-08-08T06:00:00Z,42.5,0.0,0.0,0.0
1-2 дня,2026-08-06T11:36:01Z,2026-08-08T06:00:00Z,42.4,0.0,0.0,0.0
1-2 дня,2026-08-06T11:44:08Z,2026-08-08T06:00:00Z,42.3,0.0,0.0,0.0
1-2 дня,2026-08-07T01:31:32Z,2026-08-08T06:00:00Z,28.5,0.0,0.0,0.0
1-2 дня,2026-08-07T05:36:00Z,2026-08-08T06:00:00Z,24.4,0.0,0.0,0.0
1-2 дня,2026-08-07T01:31:32Z,2026-08-08T12:00:00Z,34.5,0.1,0.0,0.1
1-2 дня,2026-08-07T05:36:00Z,2026-08-08T12:00:00Z,30.4,0.1,0.0,0.1
1-2 дня,2026-08-07T06:18:59Z,2026-08-08T12:00:00Z,29.7,0.1,0.0,0.1
1-2 дня,2026-08-07T07:13:52Z,2026-08-08T12:00:00Z,28.8,0.1,0.0,0.1
1-2 дня,2026-08-07T10:39:14Z,2026-08-08T12:00:00Z,25.3,0.0,0.0,0.0
1-2 дня,2026-08-07T01:31:32Z,2026-08-08T18:00:00Z,40.5,0.1,0.0,0.1
1-2 дня,2026-08-07T05:36:00Z,2026-08-08T18:00:00Z,36.4,0.1,0.0,0.1
1-2 дня,2026-08-07T06:18:59Z,2026-08-08T18:00:00Z,35.7,0.1,0.0,0.1
1-2 дня,2026-08-07T07:13:52Z,2026-08-08T18:00:00Z,34.8,0.1,0.0,0.1
1-2 дня,2026-08-07T10:39:14Z,2026-08-08T18:00:00Z,31.3,0.0,0.0,0.0
1-2 дня,2026-08-07T16:51:54Z,2026-08-08T18:00:00Z,25.1,0.0,0.0,0.0
1-2 дня,2026-08-07T06:18:59Z,2026-08-09T06:00:00Z,47.7,0.0,0.0,0.0
1-2 дня,2026-08-07T07:13:52Z,2026-08-09T06:00:00Z,46.8,0.0,0.0,0.0
1-2 дня,2026-08-07T10:39:14Z,2026-08-09T06:00:00Z,43.3,0.0,0.0,0.0
1-2 дня,2026-08-07T16:51:54Z,2026-08-09T06:00:00Z,37.1,0.0,0.0,0.0
1-2 дня,2026-08-07T22:45:57Z,2026-08-09T06:00:00Z,31.2,0.0,0.0,0.0
1-2 дня,2026-08-07T23:19:23Z,2026-08-09T06:00:00Z,30.7,0.0,0.0,0.0
1-2 дня,2026-08-08T04:50:53Z,2026-08-09T06:00:00Z,25.2,0.0,0.0,0.0
1-2 дня,2026-08-07T16:51:54Z,2026-08-09T12:00:00Z,43.1,0.0,0.0,0.0
1-2 дня,2026-08-07T22:45:57Z,2026-08-09T12:00:00Z,37.2,0.0,0.0,0.0
1-2 дня,2026-08-07T23:19:23Z,2026-08-09T12:00:00Z,36.7,0.0,0.0,0.0
1-2 дня,2026-08-08T04:50:53Z,2026-08-09T12:00:00Z,31.2,0.0,0.0,0.0
1-2 дня,2026-08-08T10:18:13Z,2026-08-09T12:00:00Z,25.7,0.0,0.0,0.0
1-2 дня,2026-08-07T22:45:57Z,2026-08-09T18:00:00Z,43.2,0.0,0.0,0.0
1-2 дня,2026-08-07T23:19:23Z,2026-08-09T18:00:00Z,42.7,0.0,0.0,0.0
1-2 дня,2026-08-08T04:50:53Z,2026-08-09T18:00:00Z,37.2,0.0,0.0,0.0
1-2 дня,2026-08-08T10:18:13Z,2026-08-09T18:00:00Z,31.7,0.0,0.0,0.0
1-2 дня,2026-08-08T10:18:13Z,2026-08-10T06:00:00Z,43.7,0.0,0.0,0.0
1-2 дня,2026-08-08T22:37:20Z,2026-08-10T06:00:00Z,31.4,0.0,0.0,0.0
1-2 дня,2026-08-09T04:59:03Z,2026-08-10T06:00:00Z,25.0,0.0,0.0,0.0
1-2 дня,2026-08-08T22:37:20Z,2026-08-10T18:00:00Z,43.4,0.0,0.0,0.0
1-2 дня,2026-08-09T04:59:03Z,2026-08-10T18:00:00Z,37.0,0.0,0.0,0.0
1-2 дня,2026-08-09T10:19:29Z,2026-08-10T18:00:00Z,31.7,0.0,0.0,0.0
1-2 дня,2026-08-09T12:41:38Z,2026-08-10T18:00:00Z,29.3,0.0,0.0,0.0
1-2 дня,2026-08-09T12:45:53Z,2026-08-10T18:00:00Z,29.2,0.0,0.0,0.0
1-2 дня,2026-08-09T12:48:15Z,2026-08-10T18:00:00Z,29.2,0.0,0.0,0.0
1-2 дня,2026-08-09T16:31:44Z,2026-08-10T18:00:00Z,25.5,0.0,0.0,0.0
1-2 дня,2026-08-09T10:19:29Z,2026-08-11T06:00:00Z,43.7,0.0,0.0,0.0
1-2 дня,2026-08-09T12:41:38Z,2026-08-11T06:00:00Z,41.3,0.0,0.0,0.0
1-2 дня,2026-08-09T12:45:53Z,2026-08-11T06:00:00Z,41.2,0.0,0.0,0.0
1-2 дня,2026-08-09T12:48:15Z,2026-08-11T06:00:00Z,41.2,0.0,0.0,0.0
1-2 дня,2026-08-09T16:31:44Z,2026-08-11T06:00:00Z,37.5,0.0,0.0,0.0
1-2 дня,2026-08-09T22:39:09Z,2026-08-11T06:00:00Z,31.3,0.0,0.0,0.0
1-2 дня,2026-08-10T05:20:42Z,2026-08-11T06:00:00Z,24.7,0.0,0.0,0.0
1-2 дня,2026-08-09T22:39:09Z,2026-08-11T18:00:00Z,43.3,0.0,0.0,0.0
1-2 дня,2026-08-10T05:20:42Z,2026-08-11T18:00:00Z,36.7,0.0,0.0,0.0
1-2 дня,2026-08-10T10:53:28Z,2026-08-11T18:00:00Z,31.1,0.0,0.0,0.0
1-2 дня,2026-08-10T16:52:05Z,2026-08-11T18:00:00Z,25.1,0.0,0.0,0.0
1-2 дня,2026-08-10T10:53:28Z,2026-08-12T06:00:00Z,43.1,0.0,0.0,0.0
1-2 дня,2026-08-10T16:52:05Z,2026-08-12T06:00:00Z,37.1,0.0,0.0,0.0
1-2 дня,2026-08-10T22:47:13Z,2026-08-12T06:00:00Z,31.2,0.0,0.0,0.0
1-2 дня,2026-08-11T05:01:49Z,2026-08-12T06:00:00Z,25.0,0.0,0.0,0.0
1-2 дня,2026-08-10T16:52:05Z,2026-08-12T12:00:00Z,43.1,0.0,0.0,0.0
1-2 дня,2026-08-10T22:47:13Z,2026-08-12T12:00:00Z,37.2,0.0,0.0,0.0
1-2 дня,2026-08-11T05:01:49Z,2026-08-12T12:00:00Z,31.0,0.0,0.0,0.0
1-2 дня,2026-08-11T10:38:45Z,2026-08-12T12:00:00Z,25.4,0.0,0.0,0.0
1-2 дня,2026-08-10T22:47:13Z,2026-08-12T18:00:00Z,43.2,0.0,0.0,0.0
1-2 дня,2026-08-11T05:01:49Z,2026-08-12T18:00:00Z,37.0,0.0,0.0,0.0
1-2 дня,2026-08-11T10:38:45Z,2026-08-12T18:00:00Z,31.4,0.0,0.0,0.0
1-2 дня,2026-08-11T10:38:45Z,2026-08-13T06:00:00Z,43.4,0.0,0.0,0.0
1-2 дня,2026-08-12T06:05:22Z,2026-08-13T18:00:00Z,35.9,0.0,0.0,0.0
1-2 дня,2026-08-12T10:47:03Z,2026-08-13T18:00:00Z,31.2,0.0,0.0,0.0
1-2 дня,2026-08-12T16:54:57Z,2026-08-13T18:00:00Z,25.1,0.0,0.0,0.0
1-2 дня,2026-08-12T06:05:22Z,2026-08-14T06:00:00Z,47.9,0.0,0.0,0.0
1-2 дня,2026-08-12T10:47:03Z,2026-08-14T06:00:00Z,43.2,0.0,0.0,0.0
1-2 дня,2026-08-12T16:54:57Z,2026-08-14T06:00:00Z,37.1,0.0,0.0,0.0
1-2 дня,2026-08-12T22:50:47Z,2026-08-14T06:00:00Z,31.2,0.0,0.0,0.0
1-2 дня,2026-08-13T05:30:08Z,2026-08-14T06:00:00Z,24.5,0.0,0.0,0.0
1-2 дня,2026-08-12T16:54:57Z,2026-08-14T12:00:00Z,43.1,0.0,0.0,0.0
1-2 дня,2026-08-12T22:50:47Z,2026-08-14T12:00:00Z,37.2,0.1,0.0,0.1
1-2 дня,2026-08-13T05:30:08Z,2026-08-14T12:00:00Z,30.5,0.0,0.0,0.0
1-2 дня,2026-08-13T10:49:01Z,2026-08-14T12:00:00Z,25.2,0.0,0.0,0.0
1-2 дня,2026-08-12T22:50:47Z,2026-08-14T18:00:00Z,43.2,0.1,0.0,0.1
1-2 дня,2026-08-13T05:30:08Z,2026-08-14T18:00:00Z,36.5,0.0,0.0,0.0
1-2 дня,2026-08-13T10:49:01Z,2026-08-14T18:00:00Z,31.2,0.0,0.0,0.0
1-2 дня,2026-08-13T16:36:10Z,2026-08-14T18:00:00Z,25.4,0.0,0.0,0.0
1-2 дня,2026-08-13T16:42:24Z,2026-08-14T18:00:00Z,25.3,0.0,0.0,0.0
1-2 дня,2026-08-13T16:54:22Z,2026-08-14T18:00:00Z,25.1,0.0,0.0,0.0
1-2 дня,2026-08-13T10:49:01Z,2026-08-15T06:00:00Z,43.2,0.0,0.0,0.0
1-2 дня,2026-08-13T16:36:10Z,2026-08-15T06:00:00Z,37.4,0.0,0.0,0.0
1-2 дня,2026-08-13T16:42:24Z,2026-08-15T06:00:00Z,37.3,0.0,0.0,0.0
1-2 дня,2026-08-13T16:54:22Z,2026-08-15T06:00:00Z,37.1,0.0,0.0,0.0
1-2 дня,2026-08-13T22:52:17Z,2026-08-15T06:00:00Z,31.1,0.0,0.0,0.0
1-2 дня,2026-08-14T05:28:14Z,2026-08-15T06:00:00Z,24.5,0.0,0.0,0.0
1-2 дня,2026-08-13T22:52:17Z,2026-08-15T18:00:00Z,43.1,0.0,0.0,0.0
1-2 дня,2026-08-14T05:28:14Z,2026-08-15T18:00:00Z,36.5,0.0,0.0,0.0
1-2 дня,2026-08-14T10:44:54Z,2026-08-15T18:00:00Z,31.3,0.0,0.0,0.0
1-2 дня,2026-08-14T16:48:33Z,2026-08-15T18:00:00Z,25.2,0.0,0.0,0.0
1-2 дня,2026-08-14T10:44:54Z,2026-08-16T06:00:00Z,43.3,0.0,0.0,0.0
1-2 дня,2026-08-14T16:48:33Z,2026-08-16T06:00:00Z,37.2,0.0,0.0,0.0
1-2 дня,2026-08-14T22:30:55Z,2026-08-16T06:00:00Z,31.5,0.0,0.0,0.0
1-2 дня,2026-08-15T04:24:15Z,2026-08-16T06:00:00Z,25.6,0.0,0.0,0.0
1-2 дня,2026-08-14T22:30:55Z,2026-08-16T18:00:00Z,43.5,0.0,0.0,0.0
1-2 дня,2026-08-15T04:24:15Z,2026-08-16T18:00:00Z,37.6,0.0,0.0,0.0
1-2 дня,2026-08-15T10:09:15Z,2026-08-16T18:00:00Z,31.8,0.0,0.0,0.0
1-2 дня,2026-08-15T16:20:39Z,2026-08-16T18:00:00Z,25.7,0.0,0.0,0.0
1-2 дня,2026-08-15T10:09:15Z,2026-08-17T06:00:00Z,43.8,0.0,0.0,0.0
1-2 дня,2026-08-15T16:20:39Z,2026-08-17T06:00:00Z,37.7,0.0,0.0,0.0
1-2 дня,2026-08-15T22:29:33Z,2026-08-17T06:00:00Z,31.5,0.0,0.0,0.0
1-2 дня,2026-08-16T04:29:41Z,2026-08-17T06:00:00Z,25.5,0.0,0.0,0.0
1-2 дня,2026-08-15T16:20:39Z,2026-08-17T12:00:00Z,43.7,0.0,0.0,0.0
1-2 дня,2026-08-15T22:29:33Z,2026-08-17T12:00:00Z,37.5,0.3,0.0,0.3
1-2 дня,2026-08-16T04:29:41Z,2026-08-17T12:00:00Z,31.5,0.0,0.0,0.0
1-2 дня,2026-08-16T07:21:44Z,2026-08-17T12:00:00Z,28.6,0.0,0.0,0.0
1-2 дня,2026-08-16T10:09:47Z,2026-08-17T12:00:00Z,25.8,0.0,0.0,0.0
1-2 дня,2026-08-15T22:29:33Z,2026-08-17T18:00:00Z,43.5,1.8,0.0,1.8
1-2 дня,2026-08-16T04:29:41Z,2026-08-17T18:00:00Z,37.5,0.2,0.0,0.2
1-2 дня,2026-08-16T07:21:44Z,2026-08-17T18:00:00Z,34.6,0.2,0.0,0.2
1-2 дня,2026-08-16T10:09:47Z,2026-08-17T18:00:00Z,31.8,0.0,0.0,0.0
1-2 дня,2026-08-16T16:21:00Z,2026-08-17T18:00:00Z,25.6,0.0,0.0,0.0
1-2 дня,2026-08-16T07:21:44Z,2026-08-18T06:00:00Z,46.6,9.5,0.6,8.9
1-2 дня,2026-08-16T10:09:47Z,2026-08-18T06:00:00Z,43.8,7.2,0.6,6.6
1-2 дня,2026-08-16T16:21:00Z,2026-08-18T06:00:00Z,37.6,1.8,0.6,1.2
1-2 дня,2026-08-16T22:29:34Z,2026-08-18T06:00:00Z,31.5,2.4,0.6,1.8
1-2 дня,2026-08-17T04:35:30Z,2026-08-18T06:00:00Z,25.4,0.8,0.6,0.2
1-2 дня,2026-08-16T16:21:00Z,2026-08-18T12:00:00Z,43.6,0.0,0.1,-0.1
1-2 дня,2026-08-16T22:29:34Z,2026-08-18T12:00:00Z,37.5,0.0,0.1,-0.1
1-2 дня,2026-08-17T04:35:30Z,2026-08-18T12:00:00Z,31.4,0.0,0.1,-0.1
1-2 дня,2026-08-17T10:18:11Z,2026-08-18T12:00:00Z,25.7,0.2,0.1,0.1
1-2 дня,2026-08-16T22:29:34Z,2026-08-18T18:00:00Z,43.5,0.0,0.1,-0.1
1-2 дня,2026-08-17T04:35:30Z,2026-08-18T18:00:00Z,37.4,0.0,0.1,-0.1
1-2 дня,2026-08-17T10:18:11Z,2026-08-18T18:00:00Z,31.7,0.4,0.1,0.3
1-2 дня,2026-08-17T16:23:45Z,2026-08-18T18:00:00Z,25.6,0.4,0.1,0.3
1-2 дня,2026-08-17T10:18:11Z,2026-08-19T06:00:00Z,43.7,0.1,0.0,0.1
1-2 дня,2026-08-17T16:23:45Z,2026-08-19T06:00:00Z,37.6,0.1,0.0,0.1
1-2 дня,2026-08-17T22:31:28Z,2026-08-19T06:00:00Z,31.5,0.1,0.0,0.1
1-2 дня,2026-08-18T04:30:05Z,2026-08-19T06:00:00Z,25.5,0.1,0.0,0.1
1-2 дня,2026-08-17T16:23:45Z,2026-08-19T12:00:00Z,43.6,0.0,0.0,0.0
1-2 дня,2026-08-17T22:31:28Z,2026-08-19T12:00:00Z,37.5,0.0,0.0,0.0
1-2 дня,2026-08-18T04:30:05Z,2026-08-19T12:00:00Z,31.5,0.0,0.0,0.0
1-2 дня,2026-08-18T10:14:55Z,2026-08-19T12:00:00Z,25.8,0.0,0.0,0.0
1-2 дня,2026-08-17T22:31:28Z,2026-08-19T18:00:00Z,43.5,0.0,0.0,0.0
1-2 дня,2026-08-18T04:30:05Z,2026-08-19T18:00:00Z,37.5,0.0,0.0,0.0
1-2 дня,2026-08-18T10:14:55Z,2026-08-19T18:00:00Z,31.8,0.0,0.0,0.0
1-2 дня,2026-08-18T16:27:50Z,2026-08-19T18:00:00Z,25.5,0.0,0.0,0.0
1-2 дня,2026-08-18T10:14:55Z,2026-08-20T06:00:00Z,43.8,0.0,0.0,0.0
1-2 дня,2026-08-18T16:27:50Z,2026-08-20T06:00:00Z,37.5,0.0,0.0,0.0
1-2 дня,2026-08-18T22:31:39Z,2026-08-20T06:00:00Z,31.5,0.0,0.0,0.0
1-2 дня,2026-08-19T04:31:14Z,2026-08-20T06:00:00Z,25.5,0.0,0.0,0.0
1-2 дня,2026-08-18T16:27:50Z,2026-08-20T12:00:00Z,43.5,0.0,0.0,0.0
1-2 дня,2026-08-18T22:31:39Z,2026-08-20T12:00:00Z,37.5,0.0,0.0,0.0
1-2 дня,2026-08-19T04:31:14Z,2026-08-20T12:00:00Z,31.5,0.0,0.0,0.0
1-2 дня,2026-08-19T10:14:48Z,2026-08-20T12:00:00Z,25.8,0.9,0.0,0.9
1-2 дня,2026-08-18T22:31:39Z,2026-08-20T18:00:00Z,43.5,0.0,0.0,0.0
1-2 дня,2026-08-19T04:31:14Z,2026-08-20T18:00:00Z,37.5,0.0,0.0,0.0
1-2 дня,2026-08-19T10:14:48Z,2026-08-20T18:00:00Z,31.8,0.9,0.0,0.9
1-2 дня,2026-08-19T16:28:17Z,2026-08-20T18:00:00Z,25.5,0.1,0.0,0.1
1-2 дня,2026-08-19T10:14:48Z,2026-08-21T06:00:00Z,43.8,0.0,0.0,0.0
1-2 дня,2026-08-19T16:28:17Z,2026-08-21T06:00:00Z,37.5,0.0,0.0,0.0
1-2 дня,2026-08-20T04:31:56Z,2026-08-21T06:00:00Z,25.5,0.0,0.0,0.0
1-2 дня,2026-08-19T16:28:17Z,2026-08-21T12:00:00Z,43.5,0.0,0.0,0.0
1-2 дня,2026-08-20T04:31:56Z,2026-08-21T12:00:00Z,31.5,0.0,0.0,0.0
1-2 дня,2026-08-20T10:16:10Z,2026-08-21T12:00:00Z,25.7,0.0,0.0,0.0
1-2 дня,2026-08-20T04:31:56Z,2026-08-21T18:00:00Z,37.5,0.0,0.0,0.0
1-2 дня,2026-08-20T10:16:10Z,2026-08-21T18:00:00Z,31.7,0.0,0.0,0.0
1-2 дня,2026-08-20T16:31:45Z,2026-08-21T18:00:00Z,25.5,0.0,0.0,0.0
1-2 дня,2026-08-20T10:16:10Z,2026-08-22T06:00:00Z,43.7,0.0,0.0,0.0
1-2 дня,2026-08-20T16:31:45Z,2026-08-22T06:00:00Z,37.5,0.0,0.0,0.0
1-2 дня,2026-08-20T22:34:58Z,2026-08-22T06:00:00Z,31.4,0.0,0.0,0.0
1-2 дня,2026-08-21T04:32:20Z,2026-08-22T06:00:00Z,25.5,0.0,0.0,0.0
1-2 дня,2026-08-20T16:31:45Z,2026-08-22T12:00:00Z,43.5,0.0,0.0,0.0
1-2 дня,2026-08-20T22:34:58Z,2026-08-22T12:00:00Z,37.4,0.0,0.0,0.0
1-2 дня,2026-08-21T04:32:20Z,2026-08-22T12:00:00Z,31.5,0.0,0.0,0.0
1-2 дня,2026-08-21T10:16:50Z,2026-08-22T12:00:00Z,25.7,0.0,0.0,0.0
1-2 дня,2026-08-20T22:34:58Z,2026-08-22T18:00:00Z,43.4,0.2,0.0,0.2
1-2 дня,2026-08-21T04:32:20Z,2026-08-22T18:00:00Z,37.5,0.0,0.0,0.0
1-2 дня,2026-08-21T10:16:50Z,2026-08-22T18:00:00Z,31.7,0.0,0.0,0.0
1-2 дня,2026-08-21T16:30:34Z,2026-08-22T18:00:00Z,25.5,0.2,0.0,0.2
1-2 дня,2026-08-21T10:16:50Z,2026-08-23T06:00:00Z,43.7,0.0,0.0,0.0
1-2 дня,2026-08-21T16:30:34Z,2026-08-23T06:00:00Z,37.5,0.0,0.0,0.0
1-2 дня,2026-08-21T22:32:12Z,2026-08-23T06:00:00Z,31.5,0.0,0.0,0.0
1-2 дня,2026-08-22T04:26:43Z,2026-08-23T06:00:00Z,25.6,0.0,0.0,0.0
1-2 дня,2026-08-21T16:30:34Z,2026-08-23T12:00:00Z,43.5,0.0,0.0,0.0
1-2 дня,2026-08-21T22:32:12Z,2026-08-23T12:00:00Z,37.5,0.0,0.0,0.0
1-2 дня,2026-08-22T04:26:43Z,2026-08-23T12:00:00Z,31.6,0.0,0.0,0.0
1-2 дня,2026-08-22T10:09:41Z,2026-08-23T12:00:00Z,25.8,0.0,0.0,0.0
1-2 дня,2026-08-21T22:32:12Z,2026-08-23T18:00:00Z,43.5,0.0,0.0,0.0
1-2 дня,2026-08-22T04:26:43Z,2026-08-23T18:00:00Z,37.6,0.0,0.0,0.0
1-2 дня,2026-08-22T10:09:41Z,2026-08-23T18:00:00Z,31.8,0.0,0.0,0.0
1-2 дня,2026-08-22T16:20:08Z,2026-08-23T18:00:00Z,25.7,0.0,0.0,0.0
1-2 дня,2026-08-22T10:09:41Z,2026-08-24T06:00:00Z,43.8,0.0,0.0,0.0
1-2 дня,2026-08-22T16:20:08Z,2026-08-24T06:00:00Z,37.7,0.0,0.0,0.0
1-2 дня,2026-08-22T22:29:28Z,2026-08-24T06:00:00Z,31.5,0.0,0.0,0.0
1-2 дня,2026-08-23T04:31:06Z,2026-08-24T06:00:00Z,25.5,0.0,0.0,0.0
1-2 дня,2026-08-22T22:29:28Z,2026-08-24T18:00:00Z,43.5,0.0,0.0,0.0
1-2 дня,2026-08-23T04:31:06Z,2026-08-24T18:00:00Z,37.5,0.0,0.0,0.0
1-2 дня,2026-08-23T10:10:14Z,2026-08-24T18:00:00Z,31.8,0.0,0.0,0.0
1-2 дня,2026-08-23T16:21:17Z,2026-08-24T18:00:00Z,25.6,0.0,0.0,0.0
1-2 дня,2026-08-23T10:10:14Z,2026-08-25T06:00:00Z,43.8,0.0,0.0,0.0
1-2 дня,2026-08-23T16:21:17Z,2026-08-25T06:00:00Z,37.6,0.0,0.0,0.0
1-2 дня,2026-08-23T22:29:36Z,2026-08-25T06:00:00Z,31.5,0.0,0.0,0.0
1-2 дня,2026-08-24T04:38:48Z,2026-08-25T06:00:00Z,25.4,0.0,0.0,0.0
1-2 дня,2026-08-23T16:21:17Z,2026-08-25T12:00:00Z,43.6,0.0,0.0,0.0
1-2 дня,2026-08-23T22:29:36Z,2026-08-25T12:00:00Z,37.5,0.0,0.0,0.0
1-2 дня,2026-08-24T04:38:48Z,2026-08-25T12:00:00Z,31.4,0.0,0.0,0.0
1-2 дня,2026-08-24T10:24:38Z,2026-08-25T12:00:00Z,25.6,0.1,0.0,0.1
1-2 дня,2026-08-23T22:29:36Z,2026-08-25T18:00:00Z,43.5,1.1,0.0,1.1
1-2 дня,2026-08-24T04:38:48Z,2026-08-25T18:00:00Z,37.4,3.2,0.0,3.2
1-2 дня,2026-08-24T10:24:38Z,2026-08-25T18:00:00Z,31.6,2.3,0.0,2.3
1-2 дня,2026-08-24T16:34:00Z,2026-08-25T18:00:00Z,25.4,0.0,0.0,0.0
1-2 дня,2026-08-24T10:24:38Z,2026-08-26T06:00:00Z,43.6,2.7,0.0,2.7
1-2 дня,2026-08-24T16:34:00Z,2026-08-26T06:00:00Z,37.4,0.7,0.0,0.7
1-2 дня,2026-08-24T22:34:40Z,2026-08-26T06:00:00Z,31.4,1.8,0.0,1.8
1-2 дня,2026-08-25T04:33:15Z,2026-08-26T06:00:00Z,25.4,0.4,0.0,0.4
1-2 дня,2026-08-24T16:34:00Z,2026-08-26T12:00:00Z,43.4,0.2,0.0,0.2
1-2 дня,2026-08-24T22:34:40Z,2026-08-26T12:00:00Z,37.4,0.0,0.0,0.0
1-2 дня,2026-08-25T04:33:15Z,2026-08-26T12:00:00Z,31.4,0.0,0.0,0.0
1-2 дня,2026-08-25T10:18:20Z,2026-08-26T12:00:00Z,25.7,0.0,0.0,0.0
1-2 дня,2026-08-24T22:34:40Z,2026-08-26T18:00:00Z,43.4,0.0,0.0,0.0
1-2 дня,2026-08-25T04:33:15Z,2026-08-26T18:00:00Z,37.4,0.0,0.0,0.0
1-2 дня,2026-08-25T10:18:20Z,2026-08-26T18:00:00Z,31.7,0.0,0.0,0.0
1-2 дня,2026-08-25T16:33:53Z,2026-08-26T18:00:00Z,25.4,0.1,0.0,0.1
1-2 дня,2026-08-25T10:18:20Z,2026-08-27T06:00:00Z,43.7,0.0,0.0,0.0
1-2 дня,2026-08-25T16:33:53Z,2026-08-27T06:00:00Z,37.4,0.0,0.0,0.0
1-2 дня,2026-08-25T22:34:48Z,2026-08-27T06:00:00Z,31.4,0.0,0.0,0.0
1-2 дня,2026-08-26T04:34:15Z,2026-08-27T06:00:00Z,25.4,0.0,0.0,0.0
1-2 дня,2026-08-25T16:33:53Z,2026-08-27T12:00:00Z,43.4,0.0,0.0,0.0
1-2 дня,2026-08-25T22:34:48Z,2026-08-27T12:00:00Z,37.4,0.0,0.0,0.0
1-2 дня,2026-08-26T04:34:15Z,2026-08-27T12:00:00Z,31.4,0.0,0.0,0.0
1-2 дня,2026-08-26T10:21:58Z,2026-08-27T12:00:00Z,25.6,0.0,0.0,0.0
1-2 дня,2026-08-25T22:34:48Z,2026-08-27T18:00:00Z,43.4,0.0,0.0,0.0
1-2 дня,2026-08-26T04:34:15Z,2026-08-27T18:00:00Z,37.4,0.0,0.0,0.0
1-2 дня,2026-08-26T10:21:58Z,2026-08-27T18:00:00Z,31.6,0.0,0.0,0.0
1-2 дня,2026-08-26T16:46:17Z,2026-08-27T18:00:00Z,25.2,0.0,0.0,0.0
1-2 дня,2026-08-26T10:21:58Z,2026-08-28T06:00:00Z,43.6,0.0,0.0,0.0
1-2 дня,2026-08-26T16:46:17Z,2026-08-28T06:00:00Z,37.2,0.0,0.0,0.0
1-2 дня,2026-08-27T03:02:51Z,2026-08-28T06:00:00Z,27.0,0.0,0.0,0.0
1-2 дня,2026-08-26T16:46:17Z,2026-08-28T12:00:00Z,43.2,0.0,0.0,0.0
1-2 дня,2026-08-27T03:02:51Z,2026-08-28T12:00:00Z,33.0,0.0,0.0,0.0
1-2 дня,2026-08-27T03:02:51Z,2026-08-28T18:00:00Z,39.0,0.0,0.0,0.0
1-2 дня,2026-08-27T14:55:44Z,2026-08-28T18:00:00Z,27.1,0.0,0.0,0.0
1-2 дня,2026-08-27T03:02:51Z,2026-08-29T00:00:00Z,45.0,0.0,0.0,0.0
1-2 дня,2026-08-27T14:55:44Z,2026-08-29T00:00:00Z,33.1,0.0,0.0,0.0
1-2 дня,2026-08-27T20:01:22Z,2026-08-29T00:00:00Z,28.0,0.0,0.0,0.0
1-2 дня,2026-08-27T14:55:44Z,2026-08-29T06:00:00Z,39.1,0.0,0.0,0.0
1-2 дня,2026-08-27T20:01:22Z,2026-08-29T06:00:00Z,34.0,0.0,0.0,0.0
1-2 дня,2026-08-28T00:44:37Z,2026-08-29T06:00:00Z,29.3,0.0,0.0,0.0
1-2 дня,2026-08-27T14:55:44Z,2026-08-29T12:00:00Z,45.1,5.7,0.0,5.7
1-2 дня,2026-08-27T20:01:22Z,2026-08-29T12:00:00Z,40.0,0.0,0.0,0.0
1-2 дня,2026-08-28T00:44:37Z,2026-08-29T12:00:00Z,35.3,0.0,0.0,0.0
1-2 дня,2026-08-28T06:03:31Z,2026-08-29T12:00:00Z,29.9,1.1,0.0,1.1
1-2 дня,2026-08-27T20:01:22Z,2026-08-29T18:00:00Z,46.0,3.0,0.2,2.8
1-2 дня,2026-08-28T00:44:37Z,2026-08-29T18:00:00Z,41.3,3.0,0.2,2.8
1-2 дня,2026-08-28T06:03:31Z,2026-08-29T18:00:00Z,35.9,1.6,0.2,1.4
1-2 дня,2026-08-28T15:51:06Z,2026-08-29T18:00:00Z,26.1,4.4,0.2,4.2
1-2 дня,2026-08-28T06:03:31Z,2026-08-30T06:00:00Z,47.9,0.0,0.0,0.0
1-2 дня,2026-08-28T15:51:06Z,2026-08-30T06:00:00Z,38.1,1.6,0.0,1.6
1-2 дня,2026-08-28T21:00:50Z,2026-08-30T06:00:00Z,33.0,2.1,0.0,2.1
1-2 дня,2026-08-29T00:23:24Z,2026-08-30T06:00:00Z,29.6,2.1,0.0,2.1
1-2 дня,2026-08-29T03:37:28Z,2026-08-30T06:00:00Z,26.4,0.0,0.0,0.0
1-2 дня,2026-08-28T15:51:06Z,2026-08-30T12:00:00Z,44.1,0.0,0.0,0.0
1-2 дня,2026-08-28T21:00:50Z,2026-08-30T12:00:00Z,39.0,0.0,0.0,0.0
1-2 дня,2026-08-29T00:23:24Z,2026-08-30T12:00:00Z,35.6,0.0,0.0,0.0
1-2 дня,2026-08-29T03:37:28Z,2026-08-30T12:00:00Z,32.4,0.3,0.0,0.3
1-2 дня,2026-08-29T10:40:21Z,2026-08-30T12:00:00Z,25.3,0.0,0.0,0.0
1-2 дня,2026-08-28T21:00:50Z,2026-08-30T18:00:00Z,45.0,0.0,0.0,0.0
1-2 дня,2026-08-29T00:23:24Z,2026-08-30T18:00:00Z,41.6,0.0,0.0,0.0
1-2 дня,2026-08-29T03:37:28Z,2026-08-30T18:00:00Z,38.4,0.4,0.0,0.4
1-2 дня,2026-08-29T10:40:21Z,2026-08-30T18:00:00Z,31.3,0.0,0.0,0.0
1-2 дня,2026-08-29T14:43:22Z,2026-08-30T18:00:00Z,27.3,0.1,0.0,0.1
1-2 дня,2026-08-29T10:40:21Z,2026-08-31T06:00:00Z,43.3,0.0,0.0,0.0
1-2 дня,2026-08-29T14:43:22Z,2026-08-31T06:00:00Z,39.3,0.0,0.0,0.0
1-2 дня,2026-08-29T19:10:40Z,2026-08-31T06:00:00Z,34.8,0.0,0.0,0.0
1-2 дня,2026-08-30T00:04:13Z,2026-08-31T06:00:00Z,29.9,0.0,0.0,0.0
1-2 дня,2026-08-29T14:43:22Z,2026-08-31T12:00:00Z,45.3,0.0,0.0,0.0
1-2 дня,2026-08-29T19:10:40Z,2026-08-31T12:00:00Z,40.8,0.0,0.0,0.0
1-2 дня,2026-08-30T00:04:13Z,2026-08-31T12:00:00Z,35.9,0.0,0.0,0.0
1-2 дня,2026-08-30T09:40:19Z,2026-08-31T12:00:00Z,26.3,0.3,0.0,0.3
1-2 дня,2026-08-29T19:10:40Z,2026-08-31T18:00:00Z,46.8,0.0,0.0,0.0
1-2 дня,2026-08-30T00:04:13Z,2026-08-31T18:00:00Z,41.9,0.1,0.0,0.1
1-2 дня,2026-08-30T09:40:19Z,2026-08-31T18:00:00Z,32.3,0.3,0.0,0.3
1-2 дня,2026-08-30T14:32:26Z,2026-08-31T18:00:00Z,27.5,0.2,0.0,0.2
1-2 дня,2026-08-30T09:40:19Z,2026-09-01T06:00:00Z,44.3,0.0,0.0,0.0
1-2 дня,2026-08-30T14:32:26Z,2026-09-01T06:00:00Z,39.5,0.0,0.0,0.0
1-2 дня,2026-08-30T19:02:03Z,2026-09-01T06:00:00Z,35.0,0.0,0.0,0.0
1-2 дня,2026-08-31T00:22:13Z,2026-09-01T06:00:00Z,29.6,0.0,0.0,0.0
2-3 дня,2026-08-06T09:50:07Z,2026-08-08T12:00:00Z,50.2,0.3,0.0,0.3
2-3 дня,2026-08-06T09:59:18Z,2026-08-08T12:00:00Z,50.0,0.3,0.0,0.3
2-3 дня,2026-08-06T10:08:26Z,2026-08-08T12:00:00Z,49.9,0.3,0.0,0.3
2-3 дня,2026-08-06T10:47:54Z,2026-08-08T12:00:00Z,49.2,0.3,0.0,0.3
2-3 дня,2026-08-06T11:30:42Z,2026-08-08T12:00:00Z,48.5,0.3,0.0,0.3
2-3 дня,2026-08-06T11:36:01Z,2026-08-08T12:00:00Z,48.4,0.3,0.0,0.3
2-3 дня,2026-08-06T11:44:08Z,2026-08-08T12:00:00Z,48.3,0.3,0.0,0.3
2-3 дня,2026-08-06T09:50:07Z,2026-08-08T18:00:00Z,56.2,0.3,0.0,0.3
2-3 дня,2026-08-06T09:59:18Z,2026-08-08T18:00:00Z,56.0,0.3,0.0,0.3
2-3 дня,2026-08-06T10:08:26Z,2026-08-08T18:00:00Z,55.9,0.3,0.0,0.3
2-3 дня,2026-08-06T10:47:54Z,2026-08-08T18:00:00Z,55.2,0.3,0.0,0.3
2-3 дня,2026-08-06T11:30:42Z,2026-08-08T18:00:00Z,54.5,0.3,0.0,0.3
2-3 дня,2026-08-06T11:36:01Z,2026-08-08T18:00:00Z,54.4,0.3,0.0,0.3
2-3 дня,2026-08-06T11:44:08Z,2026-08-08T18:00:00Z,54.3,0.3,0.0,0.3
2-3 дня,2026-08-06T09:50:07Z,2026-08-09T06:00:00Z,68.2,0.0,0.0,0.0
2-3 дня,2026-08-06T09:59:18Z,2026-08-09T06:00:00Z,68.0,0.0,0.0,0.0
2-3 дня,2026-08-06T10:08:26Z,2026-08-09T06:00:00Z,67.9,0.0,0.0,0.0
2-3 дня,2026-08-06T10:47:54Z,2026-08-09T06:00:00Z,67.2,0.0,0.0,0.0
2-3 дня,2026-08-06T11:30:42Z,2026-08-09T06:00:00Z,66.5,0.0,0.0,0.0
2-3 дня,2026-08-06T11:36:01Z,2026-08-09T06:00:00Z,66.4,0.0,0.0,0.0
2-3 дня,2026-08-06T11:44:08Z,2026-08-09T06:00:00Z,66.3,0.0,0.0,0.0
2-3 дня,2026-08-07T01:31:32Z,2026-08-09T06:00:00Z,52.5,0.0,0.0,0.0
2-3 дня,2026-08-07T05:36:00Z,2026-08-09T06:00:00Z,48.4,0.0,0.0,0.0
2-3 дня,2026-08-07T01:31:32Z,2026-08-09T12:00:00Z,58.5,0.0,0.0,0.0
2-3 дня,2026-08-07T05:36:00Z,2026-08-09T12:00:00Z,54.4,0.0,0.0,0.0
2-3 дня,2026-08-07T06:18:59Z,2026-08-09T12:00:00Z,53.7,0.0,0.0,0.0
2-3 дня,2026-08-07T07:13:52Z,2026-08-09T12:00:00Z,52.8,0.0,0.0,0.0
2-3 дня,2026-08-07T10:39:14Z,2026-08-09T12:00:00Z,49.3,0.0,0.0,0.0
2-3 дня,2026-08-07T01:31:32Z,2026-08-09T18:00:00Z,64.5,0.0,0.0,0.0
2-3 дня,2026-08-07T05:36:00Z,2026-08-09T18:00:00Z,60.4,0.0,0.0,0.0
2-3 дня,2026-08-07T06:18:59Z,2026-08-09T18:00:00Z,59.7,0.0,0.0,0.0
2-3 дня,2026-08-07T07:13:52Z,2026-08-09T18:00:00Z,58.8,0.0,0.0,0.0
2-3 дня,2026-08-07T10:39:14Z,2026-08-09T18:00:00Z,55.3,0.0,0.0,0.0
2-3 дня,2026-08-07T16:51:54Z,2026-08-09T18:00:00Z,49.1,0.0,0.0,0.0
2-3 дня,2026-08-07T06:18:59Z,2026-08-10T06:00:00Z,71.7,0.0,0.0,0.0
2-3 дня,2026-08-07T07:13:52Z,2026-08-10T06:00:00Z,70.8,0.0,0.0,0.0
2-3 дня,2026-08-07T10:39:14Z,2026-08-10T06:00:00Z,67.3,0.0,0.0,0.0
2-3 дня,2026-08-07T16:51:54Z,2026-08-10T06:00:00Z,61.1,0.0,0.0,0.0
2-3 дня,2026-08-07T22:45:57Z,2026-08-10T06:00:00Z,55.2,0.0,0.0,0.0
2-3 дня,2026-08-07T23:19:23Z,2026-08-10T06:00:00Z,54.7,0.0,0.0,0.0
2-3 дня,2026-08-08T04:50:53Z,2026-08-10T06:00:00Z,49.2,0.0,0.0,0.0
2-3 дня,2026-08-07T22:45:57Z,2026-08-10T18:00:00Z,67.2,0.0,0.0,0.0
2-3 дня,2026-08-07T23:19:23Z,2026-08-10T18:00:00Z,66.7,0.0,0.0,0.0
2-3 дня,2026-08-08T04:50:53Z,2026-08-10T18:00:00Z,61.2,0.0,0.0,0.0
2-3 дня,2026-08-08T10:18:13Z,2026-08-10T18:00:00Z,55.7,0.0,0.0,0.0
2-3 дня,2026-08-08T10:18:13Z,2026-08-11T06:00:00Z,67.7,0.0,0.0,0.0
2-3 дня,2026-08-08T22:37:20Z,2026-08-11T06:00:00Z,55.4,0.0,0.0,0.0
2-3 дня,2026-08-09T04:59:03Z,2026-08-11T06:00:00Z,49.0,0.0,0.0,0.0
2-3 дня,2026-08-08T22:37:20Z,2026-08-11T18:00:00Z,67.4,0.0,0.0,0.0
2-3 дня,2026-08-09T04:59:03Z,2026-08-11T18:00:00Z,61.0,0.0,0.0,0.0
2-3 дня,2026-08-09T10:19:29Z,2026-08-11T18:00:00Z,55.7,0.0,0.0,0.0
2-3 дня,2026-08-09T12:41:38Z,2026-08-11T18:00:00Z,53.3,0.0,0.0,0.0
2-3 дня,2026-08-09T12:45:53Z,2026-08-11T18:00:00Z,53.2,0.0,0.0,0.0
2-3 дня,2026-08-09T12:48:15Z,2026-08-11T18:00:00Z,53.2,0.0,0.0,0.0
2-3 дня,2026-08-09T16:31:44Z,2026-08-11T18:00:00Z,49.5,0.0,0.0,0.0
2-3 дня,2026-08-09T10:19:29Z,2026-08-12T06:00:00Z,67.7,0.0,0.0,0.0
2-3 дня,2026-08-09T12:41:38Z,2026-08-12T06:00:00Z,65.3,0.0,0.0,0.0
2-3 дня,2026-08-09T12:45:53Z,2026-08-12T06:00:00Z,65.2,0.0,0.0,0.0
2-3 дня,2026-08-09T12:48:15Z,2026-08-12T06:00:00Z,65.2,0.0,0.0,0.0
2-3 дня,2026-08-09T16:31:44Z,2026-08-12T06:00:00Z,61.5,0.0,0.0,0.0
2-3 дня,2026-08-09T22:39:09Z,2026-08-12T06:00:00Z,55.3,0.0,0.0,0.0
2-3 дня,2026-08-10T05:20:42Z,2026-08-12T06:00:00Z,48.7,0.0,0.0,0.0
2-3 дня,2026-08-09T12:41:38Z,2026-08-12T12:00:00Z,71.3,0.0,0.0,0.0
2-3 дня,2026-08-09T12:45:53Z,2026-08-12T12:00:00Z,71.2,0.0,0.0,0.0
2-3 дня,2026-08-09T12:48:15Z,2026-08-12T12:00:00Z,71.2,0.0,0.0,0.0
2-3 дня,2026-08-09T16:31:44Z,2026-08-12T12:00:00Z,67.5,0.0,0.0,0.0
2-3 дня,2026-08-09T22:39:09Z,2026-08-12T12:00:00Z,61.3,0.0,0.0,0.0
2-3 дня,2026-08-10T05:20:42Z,2026-08-12T12:00:00Z,54.7,0.0,0.0,0.0
2-3 дня,2026-08-10T10:53:28Z,2026-08-12T12:00:00Z,49.1,0.0,0.0,0.0
2-3 дня,2026-08-09T22:39:09Z,2026-08-12T18:00:00Z,67.3,0.0,0.0,0.0
2-3 дня,2026-08-10T05:20:42Z,2026-08-12T18:00:00Z,60.7,0.0,0.0,0.0
2-3 дня,2026-08-10T10:53:28Z,2026-08-12T18:00:00Z,55.1,0.0,0.0,0.0
2-3 дня,2026-08-10T16:52:05Z,2026-08-12T18:00:00Z,49.1,0.0,0.0,0.0
2-3 дня,2026-08-10T10:53:28Z,2026-08-13T06:00:00Z,67.1,0.0,0.0,0.0
2-3 дня,2026-08-10T16:52:05Z,2026-08-13T06:00:00Z,61.1,0.0,0.0,0.0
2-3 дня,2026-08-10T22:47:13Z,2026-08-13T06:00:00Z,55.2,0.0,0.0,0.0
2-3 дня,2026-08-11T05:01:49Z,2026-08-13T06:00:00Z,49.0,0.0,0.0,0.0
2-3 дня,2026-08-10T22:47:13Z,2026-08-13T18:00:00Z,67.2,0.0,0.0,0.0
2-3 дня,2026-08-11T05:01:49Z,2026-08-13T18:00:00Z,61.0,0.0,0.0,0.0
2-3 дня,2026-08-11T10:38:45Z,2026-08-13T18:00:00Z,55.4,0.0,0.0,0.0
2-3 дня,2026-08-11T10:38:45Z,2026-08-14T06:00:00Z,67.4,0.0,0.0,0.0
2-3 дня,2026-08-12T06:05:22Z,2026-08-14T12:00:00Z,53.9,0.0,0.0,0.0
2-3 дня,2026-08-12T10:47:03Z,2026-08-14T12:00:00Z,49.2,0.0,0.0,0.0
2-3 дня,2026-08-12T06:05:22Z,2026-08-14T18:00:00Z,59.9,0.0,0.0,0.0
2-3 дня,2026-08-12T10:47:03Z,2026-08-14T18:00:00Z,55.2,0.0,0.0,0.0
2-3 дня,2026-08-12T16:54:57Z,2026-08-14T18:00:00Z,49.1,0.0,0.0,0.0
2-3 дня,2026-08-12T06:05:22Z,2026-08-15T06:00:00Z,71.9,0.0,0.0,0.0
2-3 дня,2026-08-12T10:47:03Z,2026-08-15T06:00:00Z,67.2,0.0,0.0,0.0
2-3 дня,2026-08-12T16:54:57Z,2026-08-15T06:00:00Z,61.1,0.0,0.0,0.0
2-3 дня,2026-08-12T22:50:47Z,2026-08-15T06:00:00Z,55.2,0.0,0.0,0.0
2-3 дня,2026-08-13T05:30:08Z,2026-08-15T06:00:00Z,48.5,0.0,0.0,0.0
2-3 дня,2026-08-12T22:50:47Z,2026-08-15T18:00:00Z,67.2,0.0,0.0,0.0
2-3 дня,2026-08-13T05:30:08Z,2026-08-15T18:00:00Z,60.5,0.0,0.0,0.0
2-3 дня,2026-08-13T10:49:01Z,2026-08-15T18:00:00Z,55.2,0.0,0.0,0.0
2-3 дня,2026-08-13T16:36:10Z,2026-08-15T18:00:00Z,49.4,0.0,0.0,0.0
2-3 дня,2026-08-13T16:42:24Z,2026-08-15T18:00:00Z,49.3,0.0,0.0,0.0
2-3 дня,2026-08-13T16:54:22Z,2026-08-15T18:00:00Z,49.1,0.0,0.0,0.0
2-3 дня,2026-08-13T10:49:01Z,2026-08-16T06:00:00Z,67.2,0.0,0.0,0.0
2-3 дня,2026-08-13T16:36:10Z,2026-08-16T06:00:00Z,61.4,0.0,0.0,0.0
2-3 дня,2026-08-13T16:42:24Z,2026-08-16T06:00:00Z,61.3,0.0,0.0,0.0
2-3 дня,2026-08-13T16:54:22Z,2026-08-16T06:00:00Z,61.1,0.0,0.0,0.0
2-3 дня,2026-08-13T22:52:17Z,2026-08-16T06:00:00Z,55.1,0.0,0.0,0.0
2-3 дня,2026-08-14T05:28:14Z,2026-08-16T06:00:00Z,48.5,0.0,0.0,0.0
2-3 дня,2026-08-13T22:52:17Z,2026-08-16T18:00:00Z,67.1,0.0,0.0,0.0
2-3 дня,2026-08-14T05:28:14Z,2026-08-16T18:00:00Z,60.5,0.0,0.0,0.0
2-3 дня,2026-08-14T10:44:54Z,2026-08-16T18:00:00Z,55.3,0.0,0.0,0.0
2-3 дня,2026-08-14T16:48:33Z,2026-08-16T18:00:00Z,49.2,0.0,0.0,0.0
2-3 дня,2026-08-14T10:44:54Z,2026-08-17T06:00:00Z,67.3,0.0,0.0,0.0
2-3 дня,2026-08-14T16:48:33Z,2026-08-17T06:00:00Z,61.2,0.0,0.0,0.0
2-3 дня,2026-08-14T22:30:55Z,2026-08-17T06:00:00Z,55.5,0.0,0.0,0.0
2-3 дня,2026-08-15T04:24:15Z,2026-08-17T06:00:00Z,49.6,0.0,0.0,0.0
2-3 дня,2026-08-14T16:48:33Z,2026-08-17T12:00:00Z,67.2,0.0,0.0,0.0
2-3 дня,2026-08-14T22:30:55Z,2026-08-17T12:00:00Z,61.5,0.0,0.0,0.0
2-3 дня,2026-08-15T04:24:15Z,2026-08-17T12:00:00Z,55.6,0.0,0.0,0.0
2-3 дня,2026-08-15T10:09:15Z,2026-08-17T12:00:00Z,49.8,0.0,0.0,0.0
2-3 дня,2026-08-14T22:30:55Z,2026-08-17T18:00:00Z,67.5,0.0,0.0,0.0
2-3 дня,2026-08-15T04:24:15Z,2026-08-17T18:00:00Z,61.6,0.0,0.0,0.0
2-3 дня,2026-08-15T10:09:15Z,2026-08-17T18:00:00Z,55.8,3.3,0.0,3.3
2-3 дня,2026-08-15T16:20:39Z,2026-08-17T18:00:00Z,49.7,2.1,0.0,2.1
2-3 дня,2026-08-15T10:09:15Z,2026-08-18T06:00:00Z,67.8,0.6,0.6,0.0
2-3 дня,2026-08-15T16:20:39Z,2026-08-18T06:00:00Z,61.7,0.6,0.6,0.0
2-3 дня,2026-08-15T22:29:33Z,2026-08-18T06:00:00Z,55.5,8.7,0.6,8.1
2-3 дня,2026-08-16T04:29:41Z,2026-08-18T06:00:00Z,49.5,9.5,0.6,8.9
2-3 дня,2026-08-15T16:20:39Z,2026-08-18T12:00:00Z,67.7,0.0,0.1,-0.1
2-3 дня,2026-08-15T22:29:33Z,2026-08-18T12:00:00Z,61.5,0.0,0.1,-0.1
2-3 дня,2026-08-16T04:29:41Z,2026-08-18T12:00:00Z,55.5,0.0,0.1,-0.1
2-3 дня,2026-08-16T07:21:44Z,2026-08-18T12:00:00Z,52.6,0.0,0.1,-0.1
2-3 дня,2026-08-16T10:09:47Z,2026-08-18T12:00:00Z,49.8,0.0,0.1,-0.1
2-3 дня,2026-08-15T22:29:33Z,2026-08-18T18:00:00Z,67.5,0.0,0.1,-0.1
2-3 дня,2026-08-16T04:29:41Z,2026-08-18T18:00:00Z,61.5,0.0,0.1,-0.1
2-3 дня,2026-08-16T07:21:44Z,2026-08-18T18:00:00Z,58.6,0.0,0.1,-0.1
2-3 дня,2026-08-16T10:09:47Z,2026-08-18T18:00:00Z,55.8,0.0,0.1,-0.1
2-3 дня,2026-08-16T16:21:00Z,2026-08-18T18:00:00Z,49.6,0.0,0.1,-0.1
2-3 дня,2026-08-16T07:21:44Z,2026-08-19T06:00:00Z,70.6,0.0,0.0,0.0
2-3 дня,2026-08-16T10:09:47Z,2026-08-19T06:00:00Z,67.8,0.0,0.0,0.0
2-3 дня,2026-08-16T16:21:00Z,2026-08-19T06:00:00Z,61.6,0.0,0.0,0.0
2-3 дня,2026-08-16T22:29:34Z,2026-08-19T06:00:00Z,55.5,0.0,0.0,0.0
2-3 дня,2026-08-17T04:35:30Z,2026-08-19T06:00:00Z,49.4,0.0,0.0,0.0
2-3 дня,2026-08-16T16:21:00Z,2026-08-19T12:00:00Z,67.7,0.0,0.0,0.0
2-3 дня,2026-08-16T22:29:34Z,2026-08-19T12:00:00Z,61.5,0.0,0.0,0.0
2-3 дня,2026-08-17T04:35:30Z,2026-08-19T12:00:00Z,55.4,0.0,0.0,0.0
2-3 дня,2026-08-17T10:18:11Z,2026-08-19T12:00:00Z,49.7,0.0,0.0,0.0
2-3 дня,2026-08-16T22:29:34Z,2026-08-19T18:00:00Z,67.5,0.0,0.0,0.0
2-3 дня,2026-08-17T04:35:30Z,2026-08-19T18:00:00Z,61.4,0.0,0.0,0.0
2-3 дня,2026-08-17T10:18:11Z,2026-08-19T18:00:00Z,55.7,0.0,0.0,0.0
2-3 дня,2026-08-17T16:23:45Z,2026-08-19T18:00:00Z,49.6,0.0,0.0,0.0
2-3 дня,2026-08-17T10:18:11Z,2026-08-20T06:00:00Z,67.7,0.0,0.0,0.0
2-3 дня,2026-08-17T16:23:45Z,2026-08-20T06:00:00Z,61.6,0.0,0.0,0.0
2-3 дня,2026-08-17T22:31:28Z,2026-08-20T06:00:00Z,55.5,0.0,0.0,0.0
2-3 дня,2026-08-18T04:30:05Z,2026-08-20T06:00:00Z,49.5,0.0,0.0,0.0
2-3 дня,2026-08-17T16:23:45Z,2026-08-20T12:00:00Z,67.6,0.0,0.0,0.0
2-3 дня,2026-08-17T22:31:28Z,2026-08-20T12:00:00Z,61.5,0.0,0.0,0.0
2-3 дня,2026-08-18T04:30:05Z,2026-08-20T12:00:00Z,55.5,0.0,0.0,0.0
2-3 дня,2026-08-18T10:14:55Z,2026-08-20T12:00:00Z,49.8,0.0,0.0,0.0
2-3 дня,2026-08-17T22:31:28Z,2026-08-20T18:00:00Z,67.5,0.0,0.0,0.0
2-3 дня,2026-08-18T04:30:05Z,2026-08-20T18:00:00Z,61.5,0.0,0.0,0.0
2-3 дня,2026-08-18T10:14:55Z,2026-08-20T18:00:00Z,55.8,0.0,0.0,0.0
2-3 дня,2026-08-18T16:27:50Z,2026-08-20T18:00:00Z,49.5,0.0,0.0,0.0
2-3 дня,2026-08-18T10:14:55Z,2026-08-21T06:00:00Z,67.8,0.0,0.0,0.0
2-3 дня,2026-08-18T16:27:50Z,2026-08-21T06:00:00Z,61.5,0.0,0.0,0.0
2-3 дня,2026-08-18T22:31:39Z,2026-08-21T06:00:00Z,55.5,0.0,0.0,0.0
2-3 дня,2026-08-19T04:31:14Z,2026-08-21T06:00:00Z,49.5,0.0,0.0,0.0
2-3 дня,2026-08-18T16:27:50Z,2026-08-21T12:00:00Z,67.5,0.0,0.0,0.0
2-3 дня,2026-08-18T22:31:39Z,2026-08-21T12:00:00Z,61.5,0.0,0.0,0.0
2-3 дня,2026-08-19T04:31:14Z,2026-08-21T12:00:00Z,55.5,0.0,0.0,0.0
2-3 дня,2026-08-19T10:14:48Z,2026-08-21T12:00:00Z,49.8,0.0,0.0,0.0
2-3 дня,2026-08-18T22:31:39Z,2026-08-21T18:00:00Z,67.5,0.0,0.0,0.0
2-3 дня,2026-08-19T04:31:14Z,2026-08-21T18:00:00Z,61.5,0.0,0.0,0.0
2-3 дня,2026-08-19T10:14:48Z,2026-08-21T18:00:00Z,55.8,0.0,0.0,0.0
2-3 дня,2026-08-19T16:28:17Z,2026-08-21T18:00:00Z,49.5,0.0,0.0,0.0
2-3 дня,2026-08-19T10:14:48Z,2026-08-22T06:00:00Z,67.8,0.0,0.0,0.0
2-3 дня,2026-08-19T16:28:17Z,2026-08-22T06:00:00Z,61.5,0.0,0.0,0.0
2-3 дня,2026-08-20T04:31:56Z,2026-08-22T06:00:00Z,49.5,0.0,0.0,0.0
2-3 дня,2026-08-19T16:28:17Z,2026-08-22T12:00:00Z,67.5,0.0,0.0,0.0
2-3 дня,2026-08-20T04:31:56Z,2026-08-22T12:00:00Z,55.5,0.0,0.0,0.0
2-3 дня,2026-08-20T10:16:10Z,2026-08-22T12:00:00Z,49.7,0.0,0.0,0.0
2-3 дня,2026-08-20T04:31:56Z,2026-08-22T18:00:00Z,61.5,0.0,0.0,0.0
2-3 дня,2026-08-20T10:16:10Z,2026-08-22T18:00:00Z,55.7,0.0,0.0,0.0
2-3 дня,2026-08-20T16:31:45Z,2026-08-22T18:00:00Z,49.5,0.0,0.0,0.0
2-3 дня,2026-08-20T10:16:10Z,2026-08-23T06:00:00Z,67.7,2.7,0.0,2.7
2-3 дня,2026-08-20T16:31:45Z,2026-08-23T06:00:00Z,61.5,2.7,0.0,2.7
2-3 дня,2026-08-20T22:34:58Z,2026-08-23T06:00:00Z,55.4,3.6,0.0,3.6
2-3 дня,2026-08-21T04:32:20Z,2026-08-23T06:00:00Z,49.5,0.0,0.0,0.0
2-3 дня,2026-08-20T16:31:45Z,2026-08-23T12:00:00Z,67.5,0.0,0.0,0.0
2-3 дня,2026-08-20T22:34:58Z,2026-08-23T12:00:00Z,61.4,0.0,0.0,0.0
2-3 дня,2026-08-21T04:32:20Z,2026-08-23T12:00:00Z,55.5,0.0,0.0,0.0
2-3 дня,2026-08-21T10:16:50Z,2026-08-23T12:00:00Z,49.7,0.0,0.0,0.0
2-3 дня,2026-08-20T22:34:58Z,2026-08-23T18:00:00Z,67.4,0.0,0.0,0.0
2-3 дня,2026-08-21T04:32:20Z,2026-08-23T18:00:00Z,61.5,0.0,0.0,0.0
2-3 дня,2026-08-21T10:16:50Z,2026-08-23T18:00:00Z,55.7,0.0,0.0,0.0
2-3 дня,2026-08-21T16:30:34Z,2026-08-23T18:00:00Z,49.5,0.0,0.0,0.0
2-3 дня,2026-08-21T10:16:50Z,2026-08-24T06:00:00Z,67.7,0.0,0.0,0.0
2-3 дня,2026-08-21T16:30:34Z,2026-08-24T06:00:00Z,61.5,0.0,0.0,0.0
2-3 дня,2026-08-21T22:32:12Z,2026-08-24T06:00:00Z,55.5,0.0,0.0,0.0
2-3 дня,2026-08-22T04:26:43Z,2026-08-24T06:00:00Z,49.6,0.0,0.0,0.0
2-3 дня,2026-08-21T22:32:12Z,2026-08-24T18:00:00Z,67.5,0.0,0.0,0.0
2-3 дня,2026-08-22T04:26:43Z,2026-08-24T18:00:00Z,61.6,0.0,0.0,0.0
2-3 дня,2026-08-22T10:09:41Z,2026-08-24T18:00:00Z,55.8,0.0,0.0,0.0
2-3 дня,2026-08-22T16:20:08Z,2026-08-24T18:00:00Z,49.7,0.0,0.0,0.0
2-3 дня,2026-08-22T10:09:41Z,2026-08-25T06:00:00Z,67.8,0.0,0.0,0.0
2-3 дня,2026-08-22T16:20:08Z,2026-08-25T06:00:00Z,61.7,0.0,0.0,0.0
2-3 дня,2026-08-22T22:29:28Z,2026-08-25T06:00:00Z,55.5,0.0,0.0,0.0
2-3 дня,2026-08-23T04:31:06Z,2026-08-25T06:00:00Z,49.5,0.0,0.0,0.0
2-3 дня,2026-08-22T16:20:08Z,2026-08-25T12:00:00Z,67.7,0.0,0.0,0.0
2-3 дня,2026-08-22T22:29:28Z,2026-08-25T12:00:00Z,61.5,0.0,0.0,0.0
2-3 дня,2026-08-23T04:31:06Z,2026-08-25T12:00:00Z,55.5,0.0,0.0,0.0
2-3 дня,2026-08-23T10:10:14Z,2026-08-25T12:00:00Z,49.8,0.0,0.0,0.0
2-3 дня,2026-08-22T22:29:28Z,2026-08-25T18:00:00Z,67.5,1.2,0.0,1.2
2-3 дня,2026-08-23T04:31:06Z,2026-08-25T18:00:00Z,61.5,1.2,0.0,1.2
2-3 дня,2026-08-23T10:10:14Z,2026-08-25T18:00:00Z,55.8,0.6,0.0,0.6
2-3 дня,2026-08-23T16:21:17Z,2026-08-25T18:00:00Z,49.6,1.5,0.0,1.5
2-3 дня,2026-08-23T10:10:14Z,2026-08-26T06:00:00Z,67.8,1.2,0.0,1.2
2-3 дня,2026-08-23T16:21:17Z,2026-08-26T06:00:00Z,61.6,1.2,0.0,1.2
2-3 дня,2026-08-23T22:29:36Z,2026-08-26T06:00:00Z,55.5,0.0,0.0,0.0
2-3 дня,2026-08-24T04:38:48Z,2026-08-26T06:00:00Z,49.4,1.6,0.0,1.6
2-3 дня,2026-08-23T16:21:17Z,2026-08-26T12:00:00Z,67.6,0.0,0.0,0.0
2-3 дня,2026-08-23T22:29:36Z,2026-08-26T12:00:00Z,61.5,0.0,0.0,0.0
2-3 дня,2026-08-24T04:38:48Z,2026-08-26T12:00:00Z,55.4,0.0,0.0,0.0
2-3 дня,2026-08-24T10:24:38Z,2026-08-26T12:00:00Z,49.6,0.0,0.0,0.0
2-3 дня,2026-08-23T22:29:36Z,2026-08-26T18:00:00Z,67.5,0.0,0.0,0.0
2-3 дня,2026-08-24T04:38:48Z,2026-08-26T18:00:00Z,61.4,0.0,0.0,0.0
2-3 дня,2026-08-24T10:24:38Z,2026-08-26T18:00:00Z,55.6,0.0,0.0,0.0
2-3 дня,2026-08-24T16:34:00Z,2026-08-26T18:00:00Z,49.4,0.5,0.0,0.5
2-3 дня,2026-08-24T10:24:38Z,2026-08-27T06:00:00Z,67.6,0.0,0.0,0.0
2-3 дня,2026-08-24T16:34:00Z,2026-08-27T06:00:00Z,61.4,0.0,0.0,0.0
2-3 дня,2026-08-24T22:34:40Z,2026-08-27T06:00:00Z,55.4,0.0,0.0,0.0
2-3 дня,2026-08-25T04:33:15Z,2026-08-27T06:00:00Z,49.4,0.0,0.0,0.0
2-3 дня,2026-08-24T16:34:00Z,2026-08-27T12:00:00Z,67.4,0.0,0.0,0.0
2-3 дня,2026-08-24T22:34:40Z,2026-08-27T12:00:00Z,61.4,0.0,0.0,0.0
2-3 дня,2026-08-25T04:33:15Z,2026-08-27T12:00:00Z,55.4,0.0,0.0,0.0
2-3 дня,2026-08-25T10:18:20Z,2026-08-27T12:00:00Z,49.7,0.0,0.0,0.0
2-3 дня,2026-08-24T22:34:40Z,2026-08-27T18:00:00Z,67.4,0.0,0.0,0.0
2-3 дня,2026-08-25T04:33:15Z,2026-08-27T18:00:00Z,61.4,0.0,0.0,0.0
2-3 дня,2026-08-25T10:18:20Z,2026-08-27T18:00:00Z,55.7,0.0,0.0,0.0
2-3 дня,2026-08-25T16:33:53Z,2026-08-27T18:00:00Z,49.4,0.0,0.0,0.0
2-3 дня,2026-08-25T10:18:20Z,2026-08-28T06:00:00Z,67.7,0.0,0.0,0.0
2-3 дня,2026-08-25T16:33:53Z,2026-08-28T06:00:00Z,61.4,0.0,0.0,0.0
2-3 дня,2026-08-25T22:34:48Z,2026-08-28T06:00:00Z,55.4,0.0,0.0,0.0
2-3 дня,2026-08-26T04:34:15Z,2026-08-28T06:00:00Z,49.4,0.0,0.0,0.0
2-3 дня,2026-08-25T16:33:53Z,2026-08-28T12:00:00Z,67.4,0.0,0.0,0.0
2-3 дня,2026-08-25T22:34:48Z,2026-08-28T12:00:00Z,61.4,0.0,0.0,0.0
2-3 дня,2026-08-26T04:34:15Z,2026-08-28T12:00:00Z,55.4,0.0,0.0,0.0
2-3 дня,2026-08-26T10:21:58Z,2026-08-28T12:00:00Z,49.6,0.0,0.0,0.0
2-3 дня,2026-08-25T22:34:48Z,2026-08-28T18:00:00Z,67.4,0.0,0.0,0.0
2-3 дня,2026-08-26T04:34:15Z,2026-08-28T18:00:00Z,61.4,0.0,0.0,0.0
2-3 дня,2026-08-26T10:21:58Z,2026-08-28T18:00:00Z,55.6,0.0,0.0,0.0
2-3 дня,2026-08-26T16:46:17Z,2026-08-28T18:00:00Z,49.2,0.0,0.0,0.0
2-3 дня,2026-08-26T04:34:15Z,2026-08-29T00:00:00Z,67.4,0.0,0.0,0.0
2-3 дня,2026-08-26T10:21:58Z,2026-08-29T00:00:00Z,61.6,0.0,0.0,0.0
2-3 дня,2026-08-26T16:46:17Z,2026-08-29T00:00:00Z,55.2,0.0,0.0,0.0
2-3 дня,2026-08-26T10:21:58Z,2026-08-29T06:00:00Z,67.6,0.0,0.0,0.0
2-3 дня,2026-08-26T16:46:17Z,2026-08-29T06:00:00Z,61.2,0.0,0.0,0.0
2-3 дня,2026-08-27T03:02:51Z,2026-08-29T06:00:00Z,51.0,0.0,0.0,0.0
2-3 дня,2026-08-26T16:46:17Z,2026-08-29T12:00:00Z,67.2,0.0,0.0,0.0
2-3 дня,2026-08-27T03:02:51Z,2026-08-29T12:00:00Z,57.0,0.3,0.0,0.3
2-3 дня,2026-08-27T03:02:51Z,2026-08-29T18:00:00Z,63.0,3.3,0.2,3.1
2-3 дня,2026-08-27T14:55:44Z,2026-08-29T18:00:00Z,51.1,6.9,0.2,6.7
2-3 дня,2026-08-27T14:55:44Z,2026-08-30T06:00:00Z,63.1,0.3,0.0,0.3
2-3 дня,2026-08-27T20:01:22Z,2026-08-30T06:00:00Z,58.0,0.0,0.0,0.0
2-3 дня,2026-08-28T00:44:37Z,2026-08-30T06:00:00Z,53.3,0.0,0.0,0.0
2-3 дня,2026-08-27T14:55:44Z,2026-08-30T12:00:00Z,69.1,0.0,0.0,0.0
2-3 дня,2026-08-27T20:01:22Z,2026-08-30T12:00:00Z,64.0,0.0,0.0,0.0
2-3 дня,2026-08-28T00:44:37Z,2026-08-30T12:00:00Z,59.3,0.0,0.0,0.0
2-3 дня,2026-08-28T06:03:31Z,2026-08-30T12:00:00Z,53.9,0.0,0.0,0.0
2-3 дня,2026-08-27T20:01:22Z,2026-08-30T18:00:00Z,70.0,0.6,0.0,0.6
2-3 дня,2026-08-28T00:44:37Z,2026-08-30T18:00:00Z,65.3,0.6,0.0,0.6
2-3 дня,2026-08-28T06:03:31Z,2026-08-30T18:00:00Z,59.9,0.6,0.0,0.6
2-3 дня,2026-08-28T15:51:06Z,2026-08-30T18:00:00Z,50.1,0.0,0.0,0.0
2-3 дня,2026-08-28T06:03:31Z,2026-08-31T06:00:00Z,71.9,0.0,0.0,0.0
2-3 дня,2026-08-28T15:51:06Z,2026-08-31T06:00:00Z,62.1,0.0,0.0,0.0
2-3 дня,2026-08-28T21:00:50Z,2026-08-31T06:00:00Z,57.0,0.0,0.0,0.0
2-3 дня,2026-08-29T00:23:24Z,2026-08-31T06:00:00Z,53.6,0.0,0.0,0.0
2-3 дня,2026-08-29T03:37:28Z,2026-08-31T06:00:00Z,50.4,0.0,0.0,0.0
2-3 дня,2026-08-28T15:51:06Z,2026-08-31T12:00:00Z,68.1,0.3,0.0,0.3
2-3 дня,2026-08-28T21:00:50Z,2026-08-31T12:00:00Z,63.0,0.0,0.0,0.0
2-3 дня,2026-08-29T00:23:24Z,2026-08-31T12:00:00Z,59.6,0.0,0.0,0.0
2-3 дня,2026-08-29T03:37:28Z,2026-08-31T12:00:00Z,56.4,0.0,0.0,0.0
2-3 дня,2026-08-29T10:40:21Z,2026-08-31T12:00:00Z,49.3,0.0,0.0,0.0
2-3 дня,2026-08-28T21:00:50Z,2026-08-31T18:00:00Z,69.0,0.0,0.0,0.0
2-3 дня,2026-08-29T00:23:24Z,2026-08-31T18:00:00Z,65.6,0.0,0.0,0.0
2-3 дня,2026-08-29T03:37:28Z,2026-08-31T18:00:00Z,62.4,0.0,0.0,0.0
2-3 дня,2026-08-29T10:40:21Z,2026-08-31T18:00:00Z,55.3,0.0,0.0,0.0
2-3 дня,2026-08-29T14:43:22Z,2026-08-31T18:00:00Z,51.3,0.0,0.0,0.0
2-3 дня,2026-08-29T10:40:21Z,2026-09-01T06:00:00Z,67.3,0.0,0.0,0.0
2-3 дня,2026-08-29T14:43:22Z,2026-09-01T06:00:00Z,63.3,0.0,0.0,0.0
2-3 дня,2026-08-29T19:10:40Z,2026-09-01T06:00:00Z,58.8,0.0,0.0,0.0
2-3 дня,2026-08-30T00:04:13Z,2026-09-01T06:00:00Z,53.9,0.0,0.0,0.0
3-5 дней,2026-08-06T09:50:07Z,2026-08-09T12:00:00Z,74.2,0.3,0.0,0.3
3-5 дней,2026-08-06T09:59:18Z,2026-08-09T12:00:00Z,74.0,0.3,0.0,0.3
3-5 дней,2026-08-06T10:08:26Z,2026-08-09T12:00:00Z,73.9,0.3,0.0,0.3
3-5 дней,2026-08-06T10:47:54Z,2026-08-09T12:00:00Z,73.2,0.3,0.0,0.3
3-5 дней,2026-08-06T11:30:42Z,2026-08-09T12:00:00Z,72.5,0.3,0.0,0.3
3-5 дней,2026-08-06T11:36:01Z,2026-08-09T12:00:00Z,72.4,0.3,0.0,0.3
3-5 дней,2026-08-06T11:44:08Z,2026-08-09T12:00:00Z,72.3,0.3,0.0,0.3
3-5 дней,2026-08-06T09:50:07Z,2026-08-09T18:00:00Z,80.2,0.3,0.0,0.3
3-5 дней,2026-08-06T09:59:18Z,2026-08-09T18:00:00Z,80.0,0.3,0.0,0.3
3-5 дней,2026-08-06T10:08:26Z,2026-08-09T18:00:00Z,79.9,0.3,0.0,0.3
3-5 дней,2026-08-06T10:47:54Z,2026-08-09T18:00:00Z,79.2,0.3,0.0,0.3
3-5 дней,2026-08-06T11:30:42Z,2026-08-09T18:00:00Z,78.5,0.3,0.0,0.3
3-5 дней,2026-08-06T11:36:01Z,2026-08-09T18:00:00Z,78.4,0.3,0.0,0.3
3-5 дней,2026-08-06T11:44:08Z,2026-08-09T18:00:00Z,78.3,0.3,0.0,0.3
3-5 дней,2026-08-06T09:50:07Z,2026-08-10T06:00:00Z,92.2,0.0,0.0,0.0
3-5 дней,2026-08-06T09:59:18Z,2026-08-10T06:00:00Z,92.0,0.0,0.0,0.0
3-5 дней,2026-08-06T10:08:26Z,2026-08-10T06:00:00Z,91.9,0.0,0.0,0.0
3-5 дней,2026-08-06T10:47:54Z,2026-08-10T06:00:00Z,91.2,0.0,0.0,0.0
3-5 дней,2026-08-06T11:30:42Z,2026-08-10T06:00:00Z,90.5,0.0,0.0,0.0
3-5 дней,2026-08-06T11:36:01Z,2026-08-10T06:00:00Z,90.4,0.0,0.0,0.0
3-5 дней,2026-08-06T11:44:08Z,2026-08-10T06:00:00Z,90.3,0.0,0.0,0.0
3-5 дней,2026-08-07T01:31:32Z,2026-08-10T06:00:00Z,76.5,0.0,0.0,0.0
3-5 дней,2026-08-07T05:36:00Z,2026-08-10T06:00:00Z,72.4,0.0,0.0,0.0
3-5 дней,2026-08-06T09:50:07Z,2026-08-10T18:00:00Z,104.2,0.0,0.0,0.0
3-5 дней,2026-08-06T09:59:18Z,2026-08-10T18:00:00Z,104.0,0.0,0.0,0.0
3-5 дней,2026-08-06T10:08:26Z,2026-08-10T18:00:00Z,103.9,0.0,0.0,0.0
3-5 дней,2026-08-06T10:47:54Z,2026-08-10T18:00:00Z,103.2,0.0,0.0,0.0
3-5 дней,2026-08-06T11:30:42Z,2026-08-10T18:00:00Z,102.5,0.0,0.0,0.0
3-5 дней,2026-08-06T11:36:01Z,2026-08-10T18:00:00Z,102.4,0.0,0.0,0.0
3-5 дней,2026-08-06T11:44:08Z,2026-08-10T18:00:00Z,102.3,0.0,0.0,0.0
3-5 дней,2026-08-07T01:31:32Z,2026-08-10T18:00:00Z,88.5,0.0,0.0,0.0
3-5 дней,2026-08-07T05:36:00Z,2026-08-10T18:00:00Z,84.4,0.0,0.0,0.0
3-5 дней,2026-08-07T06:18:59Z,2026-08-10T18:00:00Z,83.7,0.0,0.0,0.0
3-5 дней,2026-08-07T07:13:52Z,2026-08-10T18:00:00Z,82.8,0.0,0.0,0.0
3-5 дней,2026-08-07T10:39:14Z,2026-08-10T18:00:00Z,79.3,0.0,0.0,0.0
3-5 дней,2026-08-07T16:51:54Z,2026-08-10T18:00:00Z,73.1,0.0,0.0,0.0
3-5 дней,2026-08-06T09:50:07Z,2026-08-11T06:00:00Z,116.2,0.0,0.0,0.0
3-5 дней,2026-08-06T09:59:18Z,2026-08-11T06:00:00Z,116.0,0.0,0.0,0.0
3-5 дней,2026-08-06T10:08:26Z,2026-08-11T06:00:00Z,115.9,0.0,0.0,0.0
3-5 дней,2026-08-06T10:47:54Z,2026-08-11T06:00:00Z,115.2,0.0,0.0,0.0
3-5 дней,2026-08-06T11:30:42Z,2026-08-11T06:00:00Z,114.5,0.0,0.0,0.0
3-5 дней,2026-08-06T11:36:01Z,2026-08-11T06:00:00Z,114.4,0.0,0.0,0.0
3-5 дней,2026-08-06T11:44:08Z,2026-08-11T06:00:00Z,114.3,0.0,0.0,0.0
3-5 дней,2026-08-07T01:31:32Z,2026-08-11T06:00:00Z,100.5,0.0,0.0,0.0
3-5 дней,2026-08-07T05:36:00Z,2026-08-11T06:00:00Z,96.4,0.0,0.0,0.0
3-5 дней,2026-08-07T06:18:59Z,2026-08-11T06:00:00Z,95.7,0.0,0.0,0.0
3-5 дней,2026-08-07T07:13:52Z,2026-08-11T06:00:00Z,94.8,0.0,0.0,0.0
3-5 дней,2026-08-07T10:39:14Z,2026-08-11T06:00:00Z,91.3,0.0,0.0,0.0
3-5 дней,2026-08-07T16:51:54Z,2026-08-11T06:00:00Z,85.1,0.0,0.0,0.0
3-5 дней,2026-08-07T22:45:57Z,2026-08-11T06:00:00Z,79.2,0.0,0.0,0.0
3-5 дней,2026-08-07T23:19:23Z,2026-08-11T06:00:00Z,78.7,0.0,0.0,0.0
3-5 дней,2026-08-08T04:50:53Z,2026-08-11T06:00:00Z,73.2,0.0,0.0,0.0
3-5 дней,2026-08-07T01:31:32Z,2026-08-11T18:00:00Z,112.5,0.0,0.0,0.0
3-5 дней,2026-08-07T05:36:00Z,2026-08-11T18:00:00Z,108.4,0.0,0.0,0.0
3-5 дней,2026-08-07T06:18:59Z,2026-08-11T18:00:00Z,107.7,0.0,0.0,0.0
3-5 дней,2026-08-07T07:13:52Z,2026-08-11T18:00:00Z,106.8,0.0,0.0,0.0
3-5 дней,2026-08-07T10:39:14Z,2026-08-11T18:00:00Z,103.3,0.0,0.0,0.0
3-5 дней,2026-08-07T16:51:54Z,2026-08-11T18:00:00Z,97.1,0.0,0.0,0.0
3-5 дней,2026-08-07T22:45:57Z,2026-08-11T18:00:00Z,91.2,0.0,0.0,0.0
3-5 дней,2026-08-07T23:19:23Z,2026-08-11T18:00:00Z,90.7,0.0,0.0,0.0
3-5 дней,2026-08-08T04:50:53Z,2026-08-11T18:00:00Z,85.2,0.0,0.0,0.0
3-5 дней,2026-08-08T10:18:13Z,2026-08-11T18:00:00Z,79.7,0.0,0.0,0.0
3-5 дней,2026-08-07T06:18:59Z,2026-08-12T06:00:00Z,119.7,0.6,0.0,0.6
3-5 дней,2026-08-07T07:13:52Z,2026-08-12T06:00:00Z,118.8,0.6,0.0,0.6
3-5 дней,2026-08-07T10:39:14Z,2026-08-12T06:00:00Z,115.3,0.0,0.0,0.0
3-5 дней,2026-08-07T16:51:54Z,2026-08-12T06:00:00Z,109.1,0.0,0.0,0.0
3-5 дней,2026-08-07T22:45:57Z,2026-08-12T06:00:00Z,103.2,0.0,0.0,0.0
3-5 дней,2026-08-07T23:19:23Z,2026-08-12T06:00:00Z,102.7,0.0,0.0,0.0
3-5 дней,2026-08-08T04:50:53Z,2026-08-12T06:00:00Z,97.2,0.0,0.0,0.0
3-5 дней,2026-08-08T10:18:13Z,2026-08-12T06:00:00Z,91.7,0.0,0.0,0.0
3-5 дней,2026-08-08T22:37:20Z,2026-08-12T06:00:00Z,79.4,0.0,0.0,0.0
3-5 дней,2026-08-09T04:59:03Z,2026-08-12T06:00:00Z,73.0,0.0,0.0,0.0
3-5 дней,2026-08-07T16:51:54Z,2026-08-12T12:00:00Z,115.1,0.0,0.0,0.0
3-5 дней,2026-08-07T22:45:57Z,2026-08-12T12:00:00Z,109.2,0.0,0.0,0.0
3-5 дней,2026-08-07T23:19:23Z,2026-08-12T12:00:00Z,108.7,0.0,0.0,0.0
3-5 дней,2026-08-08T04:50:53Z,2026-08-12T12:00:00Z,103.2,0.0,0.0,0.0
3-5 дней,2026-08-08T10:18:13Z,2026-08-12T12:00:00Z,97.7,0.0,0.0,0.0
3-5 дней,2026-08-08T22:37:20Z,2026-08-12T12:00:00Z,85.4,0.0,0.0,0.0
3-5 дней,2026-08-09T04:59:03Z,2026-08-12T12:00:00Z,79.0,0.0,0.0,0.0
3-5 дней,2026-08-09T10:19:29Z,2026-08-12T12:00:00Z,73.7,0.0,0.0,0.0
3-5 дней,2026-08-07T22:45:57Z,2026-08-12T18:00:00Z,115.2,0.0,0.0,0.0
3-5 дней,2026-08-07T23:19:23Z,2026-08-12T18:00:00Z,114.7,0.0,0.0,0.0
3-5 дней,2026-08-08T04:50:53Z,2026-08-12T18:00:00Z,109.2,0.0,0.0,0.0
3-5 дней,2026-08-08T10:18:13Z,2026-08-12T18:00:00Z,103.7,0.0,0.0,0.0
3-5 дней,2026-08-08T22:37:20Z,2026-08-12T18:00:00Z,91.4,0.0,0.0,0.0
3-5 дней,2026-08-09T04:59:03Z,2026-08-12T18:00:00Z,85.0,0.0,0.0,0.0
3-5 дней,2026-08-09T10:19:29Z,2026-08-12T18:00:00Z,79.7,0.0,0.0,0.0
3-5 дней,2026-08-09T12:41:38Z,2026-08-12T18:00:00Z,77.3,0.0,0.0,0.0
3-5 дней,2026-08-09T12:45:53Z,2026-08-12T18:00:00Z,77.2,0.0,0.0,0.0
3-5 дней,2026-08-09T12:48:15Z,2026-08-12T18:00:00Z,77.2,0.0,0.0,0.0
3-5 дней,2026-08-09T16:31:44Z,2026-08-12T18:00:00Z,73.5,0.0,0.0,0.0
3-5 дней,2026-08-08T10:18:13Z,2026-08-13T06:00:00Z,115.7,0.0,0.0,0.0
3-5 дней,2026-08-08T22:37:20Z,2026-08-13T06:00:00Z,103.4,0.0,0.0,0.0
3-5 дней,2026-08-09T04:59:03Z,2026-08-13T06:00:00Z,97.0,0.0,0.0,0.0
3-5 дней,2026-08-09T10:19:29Z,2026-08-13T06:00:00Z,91.7,0.0,0.0,0.0
3-5 дней,2026-08-09T12:41:38Z,2026-08-13T06:00:00Z,89.3,0.0,0.0,0.0
3-5 дней,2026-08-09T12:45:53Z,2026-08-13T06:00:00Z,89.2,0.0,0.0,0.0
3-5 дней,2026-08-09T12:48:15Z,2026-08-13T06:00:00Z,89.2,0.0,0.0,0.0
3-5 дней,2026-08-09T16:31:44Z,2026-08-13T06:00:00Z,85.5,0.0,0.0,0.0
3-5 дней,2026-08-09T22:39:09Z,2026-08-13T06:00:00Z,79.3,0.0,0.0,0.0
3-5 дней,2026-08-10T05:20:42Z,2026-08-13T06:00:00Z,72.7,0.0,0.0,0.0
3-5 дней,2026-08-08T22:37:20Z,2026-08-13T18:00:00Z,115.4,0.0,0.0,0.0
3-5 дней,2026-08-09T04:59:03Z,2026-08-13T18:00:00Z,109.0,0.0,0.0,0.0
3-5 дней,2026-08-09T10:19:29Z,2026-08-13T18:00:00Z,103.7,0.0,0.0,0.0
3-5 дней,2026-08-09T12:41:38Z,2026-08-13T18:00:00Z,101.3,0.0,0.0,0.0
3-5 дней,2026-08-09T12:45:53Z,2026-08-13T18:00:00Z,101.2,0.0,0.0,0.0
3-5 дней,2026-08-09T12:48:15Z,2026-08-13T18:00:00Z,101.2,0.0,0.0,0.0
3-5 дней,2026-08-09T16:31:44Z,2026-08-13T18:00:00Z,97.5,0.0,0.0,0.0
3-5 дней,2026-08-09T22:39:09Z,2026-08-13T18:00:00Z,91.3,0.0,0.0,0.0
3-5 дней,2026-08-10T05:20:42Z,2026-08-13T18:00:00Z,84.7,0.0,0.0,0.0
3-5 дней,2026-08-10T10:53:28Z,2026-08-13T18:00:00Z,79.1,0.0,0.0,0.0
3-5 дней,2026-08-10T16:52:05Z,2026-08-13T18:00:00Z,73.1,0.0,0.0,0.0
3-5 дней,2026-08-09T10:19:29Z,2026-08-14T06:00:00Z,115.7,0.0,0.0,0.0
3-5 дней,2026-08-09T12:41:38Z,2026-08-14T06:00:00Z,113.3,0.0,0.0,0.0
3-5 дней,2026-08-09T12:45:53Z,2026-08-14T06:00:00Z,113.2,0.0,0.0,0.0
3-5 дней,2026-08-09T12:48:15Z,2026-08-14T06:00:00Z,113.2,0.0,0.0,0.0
3-5 дней,2026-08-09T16:31:44Z,2026-08-14T06:00:00Z,109.5,0.0,0.0,0.0
3-5 дней,2026-08-09T22:39:09Z,2026-08-14T06:00:00Z,103.3,0.0,0.0,0.0
3-5 дней,2026-08-10T05:20:42Z,2026-08-14T06:00:00Z,96.7,0.0,0.0,0.0
3-5 дней,2026-08-10T10:53:28Z,2026-08-14T06:00:00Z,91.1,0.0,0.0,0.0
3-5 дней,2026-08-10T16:52:05Z,2026-08-14T06:00:00Z,85.1,0.0,0.0,0.0
3-5 дней,2026-08-10T22:47:13Z,2026-08-14T06:00:00Z,79.2,0.0,0.0,0.0
3-5 дней,2026-08-11T05:01:49Z,2026-08-14T06:00:00Z,73.0,0.0,0.0,0.0
3-5 дней,2026-08-09T12:41:38Z,2026-08-14T12:00:00Z,119.3,0.0,0.0,0.0
3-5 дней,2026-08-09T12:45:53Z,2026-08-14T12:00:00Z,119.2,0.0,0.0,0.0
3-5 дней,2026-08-09T12:48:15Z,2026-08-14T12:00:00Z,119.2,0.0,0.0,0.0
3-5 дней,2026-08-09T16:31:44Z,2026-08-14T12:00:00Z,115.5,0.0,0.0,0.0
3-5 дней,2026-08-09T22:39:09Z,2026-08-14T12:00:00Z,109.3,0.0,0.0,0.0
3-5 дней,2026-08-10T05:20:42Z,2026-08-14T12:00:00Z,102.7,0.0,0.0,0.0
3-5 дней,2026-08-10T10:53:28Z,2026-08-14T12:00:00Z,97.1,0.0,0.0,0.0
3-5 дней,2026-08-10T16:52:05Z,2026-08-14T12:00:00Z,91.1,0.0,0.0,0.0
3-5 дней,2026-08-10T22:47:13Z,2026-08-14T12:00:00Z,85.2,0.0,0.0,0.0
3-5 дней,2026-08-11T05:01:49Z,2026-08-14T12:00:00Z,79.0,0.0,0.0,0.0
3-5 дней,2026-08-11T10:38:45Z,2026-08-14T12:00:00Z,73.4,0.0,0.0,0.0
3-5 дней,2026-08-09T22:39:09Z,2026-08-14T18:00:00Z,115.3,0.0,0.0,0.0
3-5 дней,2026-08-10T05:20:42Z,2026-08-14T18:00:00Z,108.7,0.0,0.0,0.0
3-5 дней,2026-08-10T10:53:28Z,2026-08-14T18:00:00Z,103.1,0.0,0.0,0.0
3-5 дней,2026-08-10T16:52:05Z,2026-08-14T18:00:00Z,97.1,0.0,0.0,0.0
3-5 дней,2026-08-10T22:47:13Z,2026-08-14T18:00:00Z,91.2,0.0,0.0,0.0
3-5 дней,2026-08-11T05:01:49Z,2026-08-14T18:00:00Z,85.0,0.0,0.0,0.0
3-5 дней,2026-08-11T10:38:45Z,2026-08-14T18:00:00Z,79.4,0.0,0.0,0.0
3-5 дней,2026-08-10T10:53:28Z,2026-08-15T06:00:00Z,115.1,0.0,0.0,0.0
3-5 дней,2026-08-10T16:52:05Z,2026-08-15T06:00:00Z,109.1,0.0,0.0,0.0
3-5 дней,2026-08-10T22:47:13Z,2026-08-15T06:00:00Z,103.2,0.0,0.0,0.0
3-5 дней,2026-08-11T05:01:49Z,2026-08-15T06:00:00Z,97.0,0.0,0.0,0.0
3-5 дней,2026-08-11T10:38:45Z,2026-08-15T06:00:00Z,91.4,0.0,0.0,0.0
3-5 дней,2026-08-10T22:47:13Z,2026-08-15T18:00:00Z,115.2,0.0,0.0,0.0
3-5 дней,2026-08-11T05:01:49Z,2026-08-15T18:00:00Z,109.0,0.0,0.0,0.0
3-5 дней,2026-08-11T10:38:45Z,2026-08-15T18:00:00Z,103.4,0.0,0.0,0.0
3-5 дней,2026-08-12T06:05:22Z,2026-08-15T18:00:00Z,83.9,0.0,0.0,0.0
3-5 дней,2026-08-12T10:47:03Z,2026-08-15T18:00:00Z,79.2,0.0,0.0,0.0
3-5 дней,2026-08-12T16:54:57Z,2026-08-15T18:00:00Z,73.1,0.0,0.0,0.0
3-5 дней,2026-08-11T10:38:45Z,2026-08-16T06:00:00Z,115.4,0.0,0.0,0.0
3-5 дней,2026-08-12T06:05:22Z,2026-08-16T06:00:00Z,95.9,0.0,0.0,0.0
3-5 дней,2026-08-12T10:47:03Z,2026-08-16T06:00:00Z,91.2,0.0,0.0,0.0
3-5 дней,2026-08-12T16:54:57Z,2026-08-16T06:00:00Z,85.1,0.0,0.0,0.0
3-5 дней,2026-08-12T22:50:47Z,2026-08-16T06:00:00Z,79.2,0.0,0.0,0.0
3-5 дней,2026-08-13T05:30:08Z,2026-08-16T06:00:00Z,72.5,0.0,0.0,0.0
3-5 дней,2026-08-12T06:05:22Z,2026-08-16T18:00:00Z,107.9,0.0,0.0,0.0
3-5 дней,2026-08-12T10:47:03Z,2026-08-16T18:00:00Z,103.2,0.0,0.0,0.0
3-5 дней,2026-08-12T16:54:57Z,2026-08-16T18:00:00Z,97.1,0.0,0.0,0.0
3-5 дней,2026-08-12T22:50:47Z,2026-08-16T18:00:00Z,91.2,0.0,0.0,0.0
3-5 дней,2026-08-13T05:30:08Z,2026-08-16T18:00:00Z,84.5,0.0,0.0,0.0
3-5 дней,2026-08-13T10:49:01Z,2026-08-16T18:00:00Z,79.2,0.0,0.0,0.0
3-5 дней,2026-08-13T16:36:10Z,2026-08-16T18:00:00Z,73.4,0.0,0.0,0.0
3-5 дней,2026-08-13T16:42:24Z,2026-08-16T18:00:00Z,73.3,0.0,0.0,0.0
3-5 дней,2026-08-13T16:54:22Z,2026-08-16T18:00:00Z,73.1,0.0,0.0,0.0
3-5 дней,2026-08-12T06:05:22Z,2026-08-17T06:00:00Z,119.9,0.0,0.0,0.0
3-5 дней,2026-08-12T10:47:03Z,2026-08-17T06:00:00Z,115.2,0.0,0.0,0.0
3-5 дней,2026-08-12T16:54:57Z,2026-08-17T06:00:00Z,109.1,0.0,0.0,0.0
3-5 дней,2026-08-12T22:50:47Z,2026-08-17T06:00:00Z,103.2,0.0,0.0,0.0
3-5 дней,2026-08-13T05:30:08Z,2026-08-17T06:00:00Z,96.5,0.0,0.0,0.0
3-5 дней,2026-08-13T10:49:01Z,2026-08-17T06:00:00Z,91.2,0.0,0.0,0.0
3-5 дней,2026-08-13T16:36:10Z,2026-08-17T06:00:00Z,85.4,0.0,0.0,0.0
3-5 дней,2026-08-13T16:42:24Z,2026-08-17T06:00:00Z,85.3,0.0,0.0,0.0
3-5 дней,2026-08-13T16:54:22Z,2026-08-17T06:00:00Z,85.1,0.0,0.0,0.0
3-5 дней,2026-08-13T22:52:17Z,2026-08-17T06:00:00Z,79.1,0.0,0.0,0.0
3-5 дней,2026-08-14T05:28:14Z,2026-08-17T06:00:00Z,72.5,0.0,0.0,0.0
3-5 дней,2026-08-12T16:54:57Z,2026-08-17T12:00:00Z,115.1,0.0,0.0,0.0
3-5 дней,2026-08-12T22:50:47Z,2026-08-17T12:00:00Z,109.2,0.0,0.0,0.0
3-5 дней,2026-08-13T05:30:08Z,2026-08-17T12:00:00Z,102.5,0.0,0.0,0.0
3-5 дней,2026-08-13T10:49:01Z,2026-08-17T12:00:00Z,97.2,0.0,0.0,0.0
3-5 дней,2026-08-13T16:36:10Z,2026-08-17T12:00:00Z,91.4,0.0,0.0,0.0
3-5 дней,2026-08-13T16:42:24Z,2026-08-17T12:00:00Z,91.3,0.0,0.0,0.0
3-5 дней,2026-08-13T16:54:22Z,2026-08-17T12:00:00Z,91.1,0.0,0.0,0.0
3-5 дней,2026-08-13T22:52:17Z,2026-08-17T12:00:00Z,85.1,0.0,0.0,0.0
3-5 дней,2026-08-14T05:28:14Z,2026-08-17T12:00:00Z,78.5,0.0,0.0,0.0
3-5 дней,2026-08-14T10:44:54Z,2026-08-17T12:00:00Z,73.3,0.0,0.0,0.0
3-5 дней,2026-08-12T22:50:47Z,2026-08-17T18:00:00Z,115.2,0.0,0.0,0.0
3-5 дней,2026-08-13T05:30:08Z,2026-08-17T18:00:00Z,108.5,0.0,0.0,0.0
3-5 дней,2026-08-13T10:49:01Z,2026-08-17T18:00:00Z,103.2,0.0,0.0,0.0
3-5 дней,2026-08-13T16:36:10Z,2026-08-17T18:00:00Z,97.4,0.0,0.0,0.0
3-5 дней,2026-08-13T16:42:24Z,2026-08-17T18:00:00Z,97.3,0.0,0.0,0.0
3-5 дней,2026-08-13T16:54:22Z,2026-08-17T18:00:00Z,97.1,0.0,0.0,0.0
3-5 дней,2026-08-13T22:52:17Z,2026-08-17T18:00:00Z,91.1,0.0,0.0,0.0
3-5 дней,2026-08-14T05:28:14Z,2026-08-17T18:00:00Z,84.5,0.0,0.0,0.0
3-5 дней,2026-08-14T10:44:54Z,2026-08-17T18:00:00Z,79.3,0.0,0.0,0.0
3-5 дней,2026-08-14T16:48:33Z,2026-08-17T18:00:00Z,73.2,0.0,0.0,0.0
3-5 дней,2026-08-13T10:49:01Z,2026-08-18T06:00:00Z,115.2,1.2,0.6,0.6
3-5 дней,2026-08-13T16:36:10Z,2026-08-18T06:00:00Z,109.4,1.2,0.6,0.6
3-5 дней,2026-08-13T16:42:24Z,2026-08-18T06:00:00Z,109.3,1.2,0.6,0.6
3-5 дней,2026-08-13T16:54:22Z,2026-08-18T06:00:00Z,109.1,1.2,0.6,0.6
3-5 дней,2026-08-13T22:52:17Z,2026-08-18T06:00:00Z,103.1,9.9,0.6,9.3
3-5 дней,2026-08-14T05:28:14Z,2026-08-18T06:00:00Z,96.5,9.9,0.6,9.3
3-5 дней,2026-08-14T10:44:54Z,2026-08-18T06:00:00Z,91.3,3.0,0.6,2.4
3-5 дней,2026-08-14T16:48:33Z,2026-08-18T06:00:00Z,85.2,3.0,0.6,2.4
3-5 дней,2026-08-14T22:30:55Z,2026-08-18T06:00:00Z,79.5,3.0,0.6,2.4
3-5 дней,2026-08-15T04:24:15Z,2026-08-18T06:00:00Z,73.6,3.0,0.6,2.4
3-5 дней,2026-08-13T16:36:10Z,2026-08-18T12:00:00Z,115.4,3.3,0.1,3.2
3-5 дней,2026-08-13T16:42:24Z,2026-08-18T12:00:00Z,115.3,3.3,0.1,3.2
3-5 дней,2026-08-13T16:54:22Z,2026-08-18T12:00:00Z,115.1,3.3,0.1,3.2
3-5 дней,2026-08-13T22:52:17Z,2026-08-18T12:00:00Z,109.1,2.4,0.1,2.3
3-5 дней,2026-08-14T05:28:14Z,2026-08-18T12:00:00Z,102.5,2.4,0.1,2.3
3-5 дней,2026-08-14T10:44:54Z,2026-08-18T12:00:00Z,97.3,0.3,0.1,0.2
3-5 дней,2026-08-14T16:48:33Z,2026-08-18T12:00:00Z,91.2,0.3,0.1,0.2
3-5 дней,2026-08-14T22:30:55Z,2026-08-18T12:00:00Z,85.5,0.3,0.1,0.2
3-5 дней,2026-08-15T04:24:15Z,2026-08-18T12:00:00Z,79.6,0.3,0.1,0.2
3-5 дней,2026-08-15T10:09:15Z,2026-08-18T12:00:00Z,73.8,0.0,0.1,-0.1
3-5 дней,2026-08-13T22:52:17Z,2026-08-18T18:00:00Z,115.1,3.3,0.1,3.2
3-5 дней,2026-08-14T05:28:14Z,2026-08-18T18:00:00Z,108.5,3.3,0.1,3.2
3-5 дней,2026-08-14T10:44:54Z,2026-08-18T18:00:00Z,103.3,0.3,0.1,0.2
3-5 дней,2026-08-14T16:48:33Z,2026-08-18T18:00:00Z,97.2,0.3,0.1,0.2
3-5 дней,2026-08-14T22:30:55Z,2026-08-18T18:00:00Z,91.5,0.3,0.1,0.2
3-5 дней,2026-08-15T04:24:15Z,2026-08-18T18:00:00Z,85.6,0.3,0.1,0.2
3-5 дней,2026-08-15T10:09:15Z,2026-08-18T18:00:00Z,79.8,0.0,0.1,-0.1
3-5 дней,2026-08-15T16:20:39Z,2026-08-18T18:00:00Z,73.7,0.0,0.1,-0.1
3-5 дней,2026-08-14T10:44:54Z,2026-08-19T06:00:00Z,115.3,0.0,0.0,0.0
3-5 дней,2026-08-14T16:48:33Z,2026-08-19T06:00:00Z,109.2,0.0,0.0,0.0
3-5 дней,2026-08-14T22:30:55Z,2026-08-19T06:00:00Z,103.5,0.0,0.0,0.0
3-5 дней,2026-08-15T04:24:15Z,2026-08-19T06:00:00Z,97.6,0.0,0.0,0.0
3-5 дней,2026-08-15T10:09:15Z,2026-08-19T06:00:00Z,91.8,0.0,0.0,0.0
3-5 дней,2026-08-15T16:20:39Z,2026-08-19T06:00:00Z,85.7,0.0,0.0,0.0
3-5 дней,2026-08-15T22:29:33Z,2026-08-19T06:00:00Z,79.5,0.0,0.0,0.0
3-5 дней,2026-08-16T04:29:41Z,2026-08-19T06:00:00Z,73.5,0.0,0.0,0.0
3-5 дней,2026-08-14T16:48:33Z,2026-08-19T12:00:00Z,115.2,0.0,0.0,0.0
3-5 дней,2026-08-14T22:30:55Z,2026-08-19T12:00:00Z,109.5,0.0,0.0,0.0
3-5 дней,2026-08-15T04:24:15Z,2026-08-19T12:00:00Z,103.6,0.0,0.0,0.0
3-5 дней,2026-08-15T10:09:15Z,2026-08-19T12:00:00Z,97.8,0.0,0.0,0.0
3-5 дней,2026-08-15T16:20:39Z,2026-08-19T12:00:00Z,91.7,0.0,0.0,0.0
3-5 дней,2026-08-15T22:29:33Z,2026-08-19T12:00:00Z,85.5,0.0,0.0,0.0
3-5 дней,2026-08-16T04:29:41Z,2026-08-19T12:00:00Z,79.5,0.0,0.0,0.0
3-5 дней,2026-08-16T07:21:44Z,2026-08-19T12:00:00Z,76.6,0.0,0.0,0.0
3-5 дней,2026-08-16T10:09:47Z,2026-08-19T12:00:00Z,73.8,0.0,0.0,0.0
3-5 дней,2026-08-14T22:30:55Z,2026-08-19T18:00:00Z,115.5,0.0,0.0,0.0
3-5 дней,2026-08-15T04:24:15Z,2026-08-19T18:00:00Z,109.6,0.0,0.0,0.0
3-5 дней,2026-08-15T10:09:15Z,2026-08-19T18:00:00Z,103.8,0.0,0.0,0.0
3-5 дней,2026-08-15T16:20:39Z,2026-08-19T18:00:00Z,97.7,0.0,0.0,0.0
3-5 дней,2026-08-15T22:29:33Z,2026-08-19T18:00:00Z,91.5,0.0,0.0,0.0
3-5 дней,2026-08-16T04:29:41Z,2026-08-19T18:00:00Z,85.5,0.0,0.0,0.0
3-5 дней,2026-08-16T07:21:44Z,2026-08-19T18:00:00Z,82.6,0.0,0.0,0.0
3-5 дней,2026-08-16T10:09:47Z,2026-08-19T18:00:00Z,79.8,0.0,0.0,0.0
3-5 дней,2026-08-16T16:21:00Z,2026-08-19T18:00:00Z,73.7,0.0,0.0,0.0
3-5 дней,2026-08-15T10:09:15Z,2026-08-20T06:00:00Z,115.8,0.0,0.0,0.0
3-5 дней,2026-08-15T16:20:39Z,2026-08-20T06:00:00Z,109.7,0.0,0.0,0.0
3-5 дней,2026-08-15T22:29:33Z,2026-08-20T06:00:00Z,103.5,0.0,0.0,0.0
3-5 дней,2026-08-16T04:29:41Z,2026-08-20T06:00:00Z,97.5,0.0,0.0,0.0
3-5 дней,2026-08-16T07:21:44Z,2026-08-20T06:00:00Z,94.6,0.0,0.0,0.0
3-5 дней,2026-08-16T10:09:47Z,2026-08-20T06:00:00Z,91.8,0.0,0.0,0.0
3-5 дней,2026-08-16T16:21:00Z,2026-08-20T06:00:00Z,85.7,0.0,0.0,0.0
3-5 дней,2026-08-16T22:29:34Z,2026-08-20T06:00:00Z,79.5,0.0,0.0,0.0
3-5 дней,2026-08-17T04:35:30Z,2026-08-20T06:00:00Z,73.4,0.0,0.0,0.0
3-5 дней,2026-08-15T16:20:39Z,2026-08-20T12:00:00Z,115.7,0.0,0.0,0.0
3-5 дней,2026-08-15T22:29:33Z,2026-08-20T12:00:00Z,109.5,0.0,0.0,0.0
3-5 дней,2026-08-16T04:29:41Z,2026-08-20T12:00:00Z,103.5,0.0,0.0,0.0
3-5 дней,2026-08-16T07:21:44Z,2026-08-20T12:00:00Z,100.6,0.0,0.0,0.0
3-5 дней,2026-08-16T10:09:47Z,2026-08-20T12:00:00Z,97.8,0.0,0.0,0.0
3-5 дней,2026-08-16T16:21:00Z,2026-08-20T12:00:00Z,91.7,0.0,0.0,0.0
3-5 дней,2026-08-16T22:29:34Z,2026-08-20T12:00:00Z,85.5,0.6,0.0,0.6
3-5 дней,2026-08-17T04:35:30Z,2026-08-20T12:00:00Z,79.4,0.6,0.0,0.6
3-5 дней,2026-08-17T10:18:11Z,2026-08-20T12:00:00Z,73.7,0.0,0.0,0.0
3-5 дней,2026-08-15T22:29:33Z,2026-08-20T18:00:00Z,115.5,0.0,0.0,0.0
3-5 дней,2026-08-16T04:29:41Z,2026-08-20T18:00:00Z,109.5,0.0,0.0,0.0
3-5 дней,2026-08-16T07:21:44Z,2026-08-20T18:00:00Z,106.6,0.0,0.0,0.0
3-5 дней,2026-08-16T10:09:47Z,2026-08-20T18:00:00Z,103.8,0.0,0.0,0.0
3-5 дней,2026-08-16T16:21:00Z,2026-08-20T18:00:00Z,97.7,0.0,0.0,0.0
3-5 дней,2026-08-16T22:29:34Z,2026-08-20T18:00:00Z,91.5,0.6,0.0,0.6
3-5 дней,2026-08-17T04:35:30Z,2026-08-20T18:00:00Z,85.4,0.6,0.0,0.6
3-5 дней,2026-08-17T10:18:11Z,2026-08-20T18:00:00Z,79.7,0.0,0.0,0.0
3-5 дней,2026-08-17T16:23:45Z,2026-08-20T18:00:00Z,73.6,0.0,0.0,0.0
3-5 дней,2026-08-16T07:21:44Z,2026-08-21T06:00:00Z,118.6,0.0,0.0,0.0
3-5 дней,2026-08-16T10:09:47Z,2026-08-21T06:00:00Z,115.8,0.0,0.0,0.0
3-5 дней,2026-08-16T16:21:00Z,2026-08-21T06:00:00Z,109.7,0.0,0.0,0.0
3-5 дней,2026-08-16T22:29:34Z,2026-08-21T06:00:00Z,103.5,0.0,0.0,0.0
3-5 дней,2026-08-17T04:35:30Z,2026-08-21T06:00:00Z,97.4,0.0,0.0,0.0
3-5 дней,2026-08-17T10:18:11Z,2026-08-21T06:00:00Z,91.7,0.0,0.0,0.0
3-5 дней,2026-08-17T16:23:45Z,2026-08-21T06:00:00Z,85.6,0.0,0.0,0.0
3-5 дней,2026-08-17T22:31:28Z,2026-08-21T06:00:00Z,79.5,0.0,0.0,0.0
3-5 дней,2026-08-18T04:30:05Z,2026-08-21T06:00:00Z,73.5,0.0,0.0,0.0
3-5 дней,2026-08-16T16:21:00Z,2026-08-21T12:00:00Z,115.7,0.0,0.0,0.0
3-5 дней,2026-08-16T22:29:34Z,2026-08-21T12:00:00Z,109.5,0.0,0.0,0.0
3-5 дней,2026-08-17T04:35:30Z,2026-08-21T12:00:00Z,103.4,0.0,0.0,0.0
3-5 дней,2026-08-17T10:18:11Z,2026-08-21T12:00:00Z,97.7,0.6,0.0,0.6
3-5 дней,2026-08-17T16:23:45Z,2026-08-21T12:00:00Z,91.6,0.6,0.0,0.6
3-5 дней,2026-08-17T22:31:28Z,2026-08-21T12:00:00Z,85.5,0.6,0.0,0.6
3-5 дней,2026-08-18T04:30:05Z,2026-08-21T12:00:00Z,79.5,0.6,0.0,0.6
3-5 дней,2026-08-18T10:14:55Z,2026-08-21T12:00:00Z,73.8,0.6,0.0,0.6
3-5 дней,2026-08-16T22:29:34Z,2026-08-21T18:00:00Z,115.5,0.3,0.0,0.3
3-5 дней,2026-08-17T04:35:30Z,2026-08-21T18:00:00Z,109.4,0.3,0.0,0.3
3-5 дней,2026-08-17T10:18:11Z,2026-08-21T18:00:00Z,103.7,0.6,0.0,0.6
3-5 дней,2026-08-17T16:23:45Z,2026-08-21T18:00:00Z,97.6,0.6,0.0,0.6
3-5 дней,2026-08-17T22:31:28Z,2026-08-21T18:00:00Z,91.5,0.6,0.0,0.6
3-5 дней,2026-08-18T04:30:05Z,2026-08-21T18:00:00Z,85.5,0.6,0.0,0.6
3-5 дней,2026-08-18T10:14:55Z,2026-08-21T18:00:00Z,79.8,0.6,0.0,0.6
3-5 дней,2026-08-18T16:27:50Z,2026-08-21T18:00:00Z,73.5,0.0,0.0,0.0
3-5 дней,2026-08-17T10:18:11Z,2026-08-22T06:00:00Z,115.7,0.0,0.0,0.0
3-5 дней,2026-08-17T16:23:45Z,2026-08-22T06:00:00Z,109.6,0.0,0.0,0.0
3-5 дней,2026-08-17T22:31:28Z,2026-08-22T06:00:00Z,103.5,0.0,0.0,0.0
3-5 дней,2026-08-18T04:30:05Z,2026-08-22T06:00:00Z,97.5,0.0,0.0,0.0
3-5 дней,2026-08-18T10:14:55Z,2026-08-22T06:00:00Z,91.8,0.0,0.0,0.0
3-5 дней,2026-08-18T16:27:50Z,2026-08-22T06:00:00Z,85.5,0.0,0.0,0.0
3-5 дней,2026-08-18T22:31:39Z,2026-08-22T06:00:00Z,79.5,0.0,0.0,0.0
3-5 дней,2026-08-19T04:31:14Z,2026-08-22T06:00:00Z,73.5,0.0,0.0,0.0
3-5 дней,2026-08-17T16:23:45Z,2026-08-22T12:00:00Z,115.6,0.6,0.0,0.6
3-5 дней,2026-08-17T22:31:28Z,2026-08-22T12:00:00Z,109.5,0.6,0.0,0.6
3-5 дней,2026-08-18T04:30:05Z,2026-08-22T12:00:00Z,103.5,0.6,0.0,0.6
3-5 дней,2026-08-18T10:14:55Z,2026-08-22T12:00:00Z,97.8,0.6,0.0,0.6
3-5 дней,2026-08-18T16:27:50Z,2026-08-22T12:00:00Z,91.5,0.0,0.0,0.0
3-5 дней,2026-08-18T22:31:39Z,2026-08-22T12:00:00Z,85.5,0.0,0.0,0.0
3-5 дней,2026-08-19T04:31:14Z,2026-08-22T12:00:00Z,79.5,0.0,0.0,0.0
3-5 дней,2026-08-19T10:14:48Z,2026-08-22T12:00:00Z,73.8,0.0,0.0,0.0
3-5 дней,2026-08-17T22:31:28Z,2026-08-22T18:00:00Z,115.5,0.6,0.0,0.6
3-5 дней,2026-08-18T04:30:05Z,2026-08-22T18:00:00Z,109.5,0.6,0.0,0.6
3-5 дней,2026-08-18T10:14:55Z,2026-08-22T18:00:00Z,103.8,0.6,0.0,0.6
3-5 дней,2026-08-18T16:27:50Z,2026-08-22T18:00:00Z,97.5,0.0,0.0,0.0
3-5 дней,2026-08-18T22:31:39Z,2026-08-22T18:00:00Z,91.5,0.0,0.0,0.0
3-5 дней,2026-08-19T04:31:14Z,2026-08-22T18:00:00Z,85.5,0.0,0.0,0.0
3-5 дней,2026-08-19T10:14:48Z,2026-08-22T18:00:00Z,79.8,0.0,0.0,0.0
3-5 дней,2026-08-19T16:28:17Z,2026-08-22T18:00:00Z,73.5,0.0,0.0,0.0
3-5 дней,2026-08-18T10:14:55Z,2026-08-23T06:00:00Z,115.8,0.0,0.0,0.0
3-5 дней,2026-08-18T16:27:50Z,2026-08-23T06:00:00Z,109.5,0.0,0.0,0.0
3-5 дней,2026-08-18T22:31:39Z,2026-08-23T06:00:00Z,103.5,0.0,0.0,0.0
3-5 дней,2026-08-19T04:31:14Z,2026-08-23T06:00:00Z,97.5,0.0,0.0,0.0
3-5 дней,2026-08-19T10:14:48Z,2026-08-23T06:00:00Z,91.8,0.0,0.0,0.0
3-5 дней,2026-08-19T16:28:17Z,2026-08-23T06:00:00Z,85.5,0.0,0.0,0.0
3-5 дней,2026-08-20T04:31:56Z,2026-08-23T06:00:00Z,73.5,0.0,0.0,0.0
3-5 дней,2026-08-18T16:27:50Z,2026-08-23T12:00:00Z,115.5,0.0,0.0,0.0
3-5 дней,2026-08-18T22:31:39Z,2026-08-23T12:00:00Z,109.5,0.0,0.0,0.0
3-5 дней,2026-08-19T04:31:14Z,2026-08-23T12:00:00Z,103.5,0.0,0.0,0.0
3-5 дней,2026-08-19T10:14:48Z,2026-08-23T12:00:00Z,97.8,0.0,0.0,0.0
3-5 дней,2026-08-19T16:28:17Z,2026-08-23T12:00:00Z,91.5,0.0,0.0,0.0
3-5 дней,2026-08-20T04:31:56Z,2026-08-23T12:00:00Z,79.5,0.0,0.0,0.0
3-5 дней,2026-08-20T10:16:10Z,2026-08-23T12:00:00Z,73.7,0.0,0.0,0.0
3-5 дней,2026-08-18T22:31:39Z,2026-08-23T18:00:00Z,115.5,0.0,0.0,0.0
3-5 дней,2026-08-19T04:31:14Z,2026-08-23T18:00:00Z,109.5,0.0,0.0,0.0
3-5 дней,2026-08-19T10:14:48Z,2026-08-23T18:00:00Z,103.8,0.0,0.0,0.0
3-5 дней,2026-08-19T16:28:17Z,2026-08-23T18:00:00Z,97.5,0.0,0.0,0.0
3-5 дней,2026-08-20T04:31:56Z,2026-08-23T18:00:00Z,85.5,0.0,0.0,0.0
3-5 дней,2026-08-20T10:16:10Z,2026-08-23T18:00:00Z,79.7,0.0,0.0,0.0
3-5 дней,2026-08-20T16:31:45Z,2026-08-23T18:00:00Z,73.5,0.0,0.0,0.0
3-5 дней,2026-08-19T10:14:48Z,2026-08-24T06:00:00Z,115.8,0.0,0.0,0.0
3-5 дней,2026-08-19T16:28:17Z,2026-08-24T06:00:00Z,109.5,0.0,0.0,0.0
3-5 дней,2026-08-20T04:31:56Z,2026-08-24T06:00:00Z,97.5,0.0,0.0,0.0
3-5 дней,2026-08-20T10:16:10Z,2026-08-24T06:00:00Z,91.7,0.0,0.0,0.0
3-5 дней,2026-08-20T16:31:45Z,2026-08-24T06:00:00Z,85.5,0.0,0.0,0.0
3-5 дней,2026-08-20T22:34:58Z,2026-08-24T06:00:00Z,79.4,0.0,0.0,0.0
3-5 дней,2026-08-21T04:32:20Z,2026-08-24T06:00:00Z,73.5,0.0,0.0,0.0
3-5 дней,2026-08-20T04:31:56Z,2026-08-24T18:00:00Z,109.5,0.0,0.0,0.0
3-5 дней,2026-08-20T10:16:10Z,2026-08-24T18:00:00Z,103.7,0.0,0.0,0.0
3-5 дней,2026-08-20T16:31:45Z,2026-08-24T18:00:00Z,97.5,0.0,0.0,0.0
3-5 дней,2026-08-20T22:34:58Z,2026-08-24T18:00:00Z,91.4,0.0,0.0,0.0
3-5 дней,2026-08-21T04:32:20Z,2026-08-24T18:00:00Z,85.5,0.0,0.0,0.0
3-5 дней,2026-08-21T10:16:50Z,2026-08-24T18:00:00Z,79.7,0.0,0.0,0.0
3-5 дней,2026-08-21T16:30:34Z,2026-08-24T18:00:00Z,73.5,0.0,0.0,0.0
3-5 дней,2026-08-20T10:16:10Z,2026-08-25T06:00:00Z,115.7,0.0,0.0,0.0
3-5 дней,2026-08-20T16:31:45Z,2026-08-25T06:00:00Z,109.5,0.0,0.0,0.0
3-5 дней,2026-08-20T22:34:58Z,2026-08-25T06:00:00Z,103.4,0.0,0.0,0.0
3-5 дней,2026-08-21T04:32:20Z,2026-08-25T06:00:00Z,97.5,0.0,0.0,0.0
3-5 дней,2026-08-21T10:16:50Z,2026-08-25T06:00:00Z,91.7,0.0,0.0,0.0
3-5 дней,2026-08-21T16:30:34Z,2026-08-25T06:00:00Z,85.5,0.0,0.0,0.0
3-5 дней,2026-08-21T22:32:12Z,2026-08-25T06:00:00Z,79.5,0.0,0.0,0.0
3-5 дней,2026-08-22T04:26:43Z,2026-08-25T06:00:00Z,73.6,0.0,0.0,0.0
3-5 дней,2026-08-20T16:31:45Z,2026-08-25T12:00:00Z,115.5,0.0,0.0,0.0
3-5 дней,2026-08-20T22:34:58Z,2026-08-25T12:00:00Z,109.4,0.0,0.0,0.0
3-5 дней,2026-08-21T04:32:20Z,2026-08-25T12:00:00Z,103.5,0.0,0.0,0.0
3-5 дней,2026-08-21T10:16:50Z,2026-08-25T12:00:00Z,97.7,0.0,0.0,0.0
3-5 дней,2026-08-21T16:30:34Z,2026-08-25T12:00:00Z,91.5,0.0,0.0,0.0
3-5 дней,2026-08-21T22:32:12Z,2026-08-25T12:00:00Z,85.5,0.0,0.0,0.0
3-5 дней,2026-08-22T04:26:43Z,2026-08-25T12:00:00Z,79.6,0.0,0.0,0.0
3-5 дней,2026-08-22T10:09:41Z,2026-08-25T12:00:00Z,73.8,0.0,0.0,0.0
3-5 дней,2026-08-20T22:34:58Z,2026-08-25T18:00:00Z,115.4,0.6,0.0,0.6
3-5 дней,2026-08-21T04:32:20Z,2026-08-25T18:00:00Z,109.5,0.6,0.0,0.6
3-5 дней,2026-08-21T10:16:50Z,2026-08-25T18:00:00Z,103.7,0.0,0.0,0.0
3-5 дней,2026-08-21T16:30:34Z,2026-08-25T18:00:00Z,97.5,0.0,0.0,0.0
3-5 дней,2026-08-21T22:32:12Z,2026-08-25T18:00:00Z,91.5,0.9,0.0,0.9
3-5 дней,2026-08-22T04:26:43Z,2026-08-25T18:00:00Z,85.6,0.9,0.0,0.9
3-5 дней,2026-08-22T10:09:41Z,2026-08-25T18:00:00Z,79.8,0.9,0.0,0.9
3-5 дней,2026-08-22T16:20:08Z,2026-08-25T18:00:00Z,73.7,0.9,0.0,0.9
3-5 дней,2026-08-21T10:16:50Z,2026-08-26T06:00:00Z,115.7,0.0,0.0,0.0
3-5 дней,2026-08-21T16:30:34Z,2026-08-26T06:00:00Z,109.5,0.0,0.0,0.0
3-5 дней,2026-08-21T22:32:12Z,2026-08-26T06:00:00Z,103.5,0.6,0.0,0.6
3-5 дней,2026-08-22T04:26:43Z,2026-08-26T06:00:00Z,97.6,0.6,0.0,0.6
3-5 дней,2026-08-22T10:09:41Z,2026-08-26T06:00:00Z,91.8,0.0,0.0,0.0
3-5 дней,2026-08-22T16:20:08Z,2026-08-26T06:00:00Z,85.7,0.0,0.0,0.0
3-5 дней,2026-08-22T22:29:28Z,2026-08-26T06:00:00Z,79.5,2.1,0.0,2.1
3-5 дней,2026-08-23T04:31:06Z,2026-08-26T06:00:00Z,73.5,2.1,0.0,2.1
3-5 дней,2026-08-21T16:30:34Z,2026-08-26T12:00:00Z,115.5,0.0,0.0,0.0
3-5 дней,2026-08-21T22:32:12Z,2026-08-26T12:00:00Z,109.5,0.0,0.0,0.0
3-5 дней,2026-08-22T04:26:43Z,2026-08-26T12:00:00Z,103.6,0.0,0.0,0.0
3-5 дней,2026-08-22T10:09:41Z,2026-08-26T12:00:00Z,97.8,0.0,0.0,0.0
3-5 дней,2026-08-22T16:20:08Z,2026-08-26T12:00:00Z,91.7,0.0,0.0,0.0
3-5 дней,2026-08-22T22:29:28Z,2026-08-26T12:00:00Z,85.5,0.0,0.0,0.0
3-5 дней,2026-08-23T04:31:06Z,2026-08-26T12:00:00Z,79.5,0.0,0.0,0.0
3-5 дней,2026-08-23T10:10:14Z,2026-08-26T12:00:00Z,73.8,0.0,0.0,0.0
3-5 дней,2026-08-21T22:32:12Z,2026-08-26T18:00:00Z,115.5,0.0,0.0,0.0
3-5 дней,2026-08-22T04:26:43Z,2026-08-26T18:00:00Z,109.6,0.0,0.0,0.0
3-5 дней,2026-08-22T10:09:41Z,2026-08-26T18:00:00Z,103.8,0.0,0.0,0.0
3-5 дней,2026-08-22T16:20:08Z,2026-08-26T18:00:00Z,97.7,0.0,0.0,0.0
3-5 дней,2026-08-22T22:29:28Z,2026-08-26T18:00:00Z,91.5,0.0,0.0,0.0
3-5 дней,2026-08-23T04:31:06Z,2026-08-26T18:00:00Z,85.5,0.0,0.0,0.0
3-5 дней,2026-08-23T10:10:14Z,2026-08-26T18:00:00Z,79.8,0.0,0.0,0.0
3-5 дней,2026-08-23T16:21:17Z,2026-08-26T18:00:00Z,73.6,0.0,0.0,0.0
3-5 дней,2026-08-22T10:09:41Z,2026-08-27T06:00:00Z,115.8,0.0,0.0,0.0
3-5 дней,2026-08-22T16:20:08Z,2026-08-27T06:00:00Z,109.7,0.0,0.0,0.0
3-5 дней,2026-08-22T22:29:28Z,2026-08-27T06:00:00Z,103.5,0.0,0.0,0.0
3-5 дней,2026-08-23T04:31:06Z,2026-08-27T06:00:00Z,97.5,0.0,0.0,0.0
3-5 дней,2026-08-23T10:10:14Z,2026-08-27T06:00:00Z,91.8,0.0,0.0,0.0
3-5 дней,2026-08-23T16:21:17Z,2026-08-27T06:00:00Z,85.6,0.0,0.0,0.0
3-5 дней,2026-08-23T22:29:36Z,2026-08-27T06:00:00Z,79.5,0.0,0.0,0.0
3-5 дней,2026-08-24T04:38:48Z,2026-08-27T06:00:00Z,73.4,0.0,0.0,0.0
3-5 дней,2026-08-22T16:20:08Z,2026-08-27T12:00:00Z,115.7,0.0,0.0,0.0
3-5 дней,2026-08-22T22:29:28Z,2026-08-27T12:00:00Z,109.5,0.0,0.0,0.0
3-5 дней,2026-08-23T04:31:06Z,2026-08-27T12:00:00Z,103.5,0.0,0.0,0.0
3-5 дней,2026-08-23T10:10:14Z,2026-08-27T12:00:00Z,97.8,0.0,0.0,0.0
3-5 дней,2026-08-23T16:21:17Z,2026-08-27T12:00:00Z,91.6,0.0,0.0,0.0
3-5 дней,2026-08-23T22:29:36Z,2026-08-27T12:00:00Z,85.5,0.0,0.0,0.0
3-5 дней,2026-08-24T04:38:48Z,2026-08-27T12:00:00Z,79.4,0.0,0.0,0.0
3-5 дней,2026-08-24T10:24:38Z,2026-08-27T12:00:00Z,73.6,0.0,0.0,0.0
3-5 дней,2026-08-22T22:29:28Z,2026-08-27T18:00:00Z,115.5,0.0,0.0,0.0
3-5 дней,2026-08-23T04:31:06Z,2026-08-27T18:00:00Z,109.5,0.0,0.0,0.0
3-5 дней,2026-08-23T10:10:14Z,2026-08-27T18:00:00Z,103.8,0.0,0.0,0.0
3-5 дней,2026-08-23T16:21:17Z,2026-08-27T18:00:00Z,97.6,0.0,0.0,0.0
3-5 дней,2026-08-23T22:29:36Z,2026-08-27T18:00:00Z,91.5,0.0,0.0,0.0
3-5 дней,2026-08-24T04:38:48Z,2026-08-27T18:00:00Z,85.4,0.0,0.0,0.0
3-5 дней,2026-08-24T10:24:38Z,2026-08-27T18:00:00Z,79.6,0.0,0.0,0.0
3-5 дней,2026-08-24T16:34:00Z,2026-08-27T18:00:00Z,73.4,0.0,0.0,0.0
3-5 дней,2026-08-23T10:10:14Z,2026-08-28T06:00:00Z,115.8,0.0,0.0,0.0
3-5 дней,2026-08-23T16:21:17Z,2026-08-28T06:00:00Z,109.6,0.0,0.0,0.0
3-5 дней,2026-08-23T22:29:36Z,2026-08-28T06:00:00Z,103.5,0.0,0.0,0.0
3-5 дней,2026-08-24T04:38:48Z,2026-08-28T06:00:00Z,97.4,0.0,0.0,0.0
3-5 дней,2026-08-24T10:24:38Z,2026-08-28T06:00:00Z,91.6,0.0,0.0,0.0
3-5 дней,2026-08-24T16:34:00Z,2026-08-28T06:00:00Z,85.4,0.0,0.0,0.0
3-5 дней,2026-08-24T22:34:40Z,2026-08-28T06:00:00Z,79.4,0.0,0.0,0.0
3-5 дней,2026-08-25T04:33:15Z,2026-08-28T06:00:00Z,73.4,0.0,0.0,0.0
3-5 дней,2026-08-23T16:21:17Z,2026-08-28T12:00:00Z,115.6,0.0,0.0,0.0
3-5 дней,2026-08-23T22:29:36Z,2026-08-28T12:00:00Z,109.5,0.0,0.0,0.0
3-5 дней,2026-08-24T04:38:48Z,2026-08-28T12:00:00Z,103.4,0.0,0.0,0.0
3-5 дней,2026-08-24T10:24:38Z,2026-08-28T12:00:00Z,97.6,0.0,0.0,0.0
3-5 дней,2026-08-24T16:34:00Z,2026-08-28T12:00:00Z,91.4,0.0,0.0,0.0
3-5 дней,2026-08-24T22:34:40Z,2026-08-28T12:00:00Z,85.4,0.0,0.0,0.0
3-5 дней,2026-08-25T04:33:15Z,2026-08-28T12:00:00Z,79.4,0.0,0.0,0.0
3-5 дней,2026-08-25T10:18:20Z,2026-08-28T12:00:00Z,73.7,0.0,0.0,0.0
3-5 дней,2026-08-23T22:29:36Z,2026-08-28T18:00:00Z,115.5,0.0,0.0,0.0
3-5 дней,2026-08-24T04:38:48Z,2026-08-28T18:00:00Z,109.4,0.0,0.0,0.0
3-5 дней,2026-08-24T10:24:38Z,2026-08-28T18:00:00Z,103.6,0.0,0.0,0.0
3-5 дней,2026-08-24T16:34:00Z,2026-08-28T18:00:00Z,97.4,0.0,0.0,0.0
3-5 дней,2026-08-24T22:34:40Z,2026-08-28T18:00:00Z,91.4,0.0,0.0,0.0
3-5 дней,2026-08-25T04:33:15Z,2026-08-28T18:00:00Z,85.4,0.0,0.0,0.0
3-5 дней,2026-08-25T10:18:20Z,2026-08-28T18:00:00Z,79.7,0.0,0.0,0.0
3-5 дней,2026-08-25T16:33:53Z,2026-08-28T18:00:00Z,73.4,0.0,0.0,0.0
3-5 дней,2026-08-24T04:38:48Z,2026-08-29T00:00:00Z,115.4,0.0,0.0,0.0
3-5 дней,2026-08-24T10:24:38Z,2026-08-29T00:00:00Z,109.6,0.0,0.0,0.0
3-5 дней,2026-08-24T16:34:00Z,2026-08-29T00:00:00Z,103.4,0.0,0.0,0.0
3-5 дней,2026-08-24T22:34:40Z,2026-08-29T00:00:00Z,97.4,0.0,0.0,0.0
3-5 дней,2026-08-25T04:33:15Z,2026-08-29T00:00:00Z,91.4,0.0,0.0,0.0
3-5 дней,2026-08-25T10:18:20Z,2026-08-29T00:00:00Z,85.7,0.0,0.0,0.0
3-5 дней,2026-08-25T16:33:53Z,2026-08-29T00:00:00Z,79.4,0.0,0.0,0.0
3-5 дней,2026-08-25T22:34:48Z,2026-08-29T00:00:00Z,73.4,0.0,0.0,0.0
3-5 дней,2026-08-24T10:24:38Z,2026-08-29T06:00:00Z,115.6,0.0,0.0,0.0
3-5 дней,2026-08-24T16:34:00Z,2026-08-29T06:00:00Z,109.4,0.0,0.0,0.0
3-5 дней,2026-08-24T22:34:40Z,2026-08-29T06:00:00Z,103.4,0.0,0.0,0.0
3-5 дней,2026-08-25T04:33:15Z,2026-08-29T06:00:00Z,97.4,0.0,0.0,0.0
3-5 дней,2026-08-25T10:18:20Z,2026-08-29T06:00:00Z,91.7,0.0,0.0,0.0
3-5 дней,2026-08-25T16:33:53Z,2026-08-29T06:00:00Z,85.4,0.0,0.0,0.0
3-5 дней,2026-08-25T22:34:48Z,2026-08-29T06:00:00Z,79.4,0.0,0.0,0.0
3-5 дней,2026-08-26T04:34:15Z,2026-08-29T06:00:00Z,73.4,0.0,0.0,0.0
3-5 дней,2026-08-24T16:34:00Z,2026-08-29T12:00:00Z,115.4,0.3,0.0,0.3
3-5 дней,2026-08-24T22:34:40Z,2026-08-29T12:00:00Z,109.4,0.0,0.0,0.0
3-5 дней,2026-08-25T04:33:15Z,2026-08-29T12:00:00Z,103.4,0.0,0.0,0.0
3-5 дней,2026-08-25T10:18:20Z,2026-08-29T12:00:00Z,97.7,0.6,0.0,0.6
3-5 дней,2026-08-25T16:33:53Z,2026-08-29T12:00:00Z,91.4,0.6,0.0,0.6
3-5 дней,2026-08-25T22:34:48Z,2026-08-29T12:00:00Z,85.4,0.3,0.0,0.3
3-5 дней,2026-08-26T04:34:15Z,2026-08-29T12:00:00Z,79.4,0.3,0.0,0.3
3-5 дней,2026-08-26T10:21:58Z,2026-08-29T12:00:00Z,73.6,0.0,0.0,0.0
3-5 дней,2026-08-24T22:34:40Z,2026-08-29T18:00:00Z,115.4,2.4,0.2,2.2
3-5 дней,2026-08-25T04:33:15Z,2026-08-29T18:00:00Z,109.4,2.4,0.2,2.2
3-5 дней,2026-08-25T10:18:20Z,2026-08-29T18:00:00Z,103.7,4.8,0.2,4.6
3-5 дней,2026-08-25T16:33:53Z,2026-08-29T18:00:00Z,97.4,4.8,0.2,4.6
3-5 дней,2026-08-25T22:34:48Z,2026-08-29T18:00:00Z,91.4,4.5,0.2,4.3
3-5 дней,2026-08-26T04:34:15Z,2026-08-29T18:00:00Z,85.4,4.5,0.2,4.3
3-5 дней,2026-08-26T10:21:58Z,2026-08-29T18:00:00Z,79.6,2.7,0.2,2.5
3-5 дней,2026-08-26T16:46:17Z,2026-08-29T18:00:00Z,73.2,2.7,0.2,2.5
3-5 дней,2026-08-25T10:18:20Z,2026-08-30T06:00:00Z,115.7,0.0,0.0,0.0
3-5 дней,2026-08-25T16:33:53Z,2026-08-30T06:00:00Z,109.4,0.0,0.0,0.0
3-5 дней,2026-08-25T22:34:48Z,2026-08-30T06:00:00Z,103.4,0.0,0.0,0.0
3-5 дней,2026-08-26T04:34:15Z,2026-08-30T06:00:00Z,97.4,0.0,0.0,0.0
3-5 дней,2026-08-26T10:21:58Z,2026-08-30T06:00:00Z,91.6,0.0,0.0,0.0
3-5 дней,2026-08-26T16:46:17Z,2026-08-30T06:00:00Z,85.2,0.0,0.0,0.0
3-5 дней,2026-08-27T03:02:51Z,2026-08-30T06:00:00Z,75.0,0.0,0.0,0.0
3-5 дней,2026-08-25T16:33:53Z,2026-08-30T12:00:00Z,115.4,0.0,0.0,0.0
3-5 дней,2026-08-25T22:34:48Z,2026-08-30T12:00:00Z,109.4,0.0,0.0,0.0
3-5 дней,2026-08-26T04:34:15Z,2026-08-30T12:00:00Z,103.4,0.0,0.0,0.0
3-5 дней,2026-08-26T10:21:58Z,2026-08-30T12:00:00Z,97.6,0.0,0.0,0.0
3-5 дней,2026-08-26T16:46:17Z,2026-08-30T12:00:00Z,91.2,0.0,0.0,0.0
3-5 дней,2026-08-27T03:02:51Z,2026-08-30T12:00:00Z,81.0,0.0,0.0,0.0
3-5 дней,2026-08-25T22:34:48Z,2026-08-30T18:00:00Z,115.4,0.0,0.0,0.0
3-5 дней,2026-08-26T04:34:15Z,2026-08-30T18:00:00Z,109.4,0.0,0.0,0.0
3-5 дней,2026-08-26T10:21:58Z,2026-08-30T18:00:00Z,103.6,0.0,0.0,0.0
3-5 дней,2026-08-26T16:46:17Z,2026-08-30T18:00:00Z,97.2,0.0,0.0,0.0
3-5 дней,2026-08-27T03:02:51Z,2026-08-30T18:00:00Z,87.0,0.0,0.0,0.0
3-5 дней,2026-08-27T14:55:44Z,2026-08-30T18:00:00Z,75.1,0.0,0.0,0.0
3-5 дней,2026-08-26T10:21:58Z,2026-08-31T06:00:00Z,115.6,0.0,0.0,0.0
3-5 дней,2026-08-26T16:46:17Z,2026-08-31T06:00:00Z,109.2,0.0,0.0,0.0
3-5 дней,2026-08-27T03:02:51Z,2026-08-31T06:00:00Z,99.0,0.0,0.0,0.0
3-5 дней,2026-08-27T14:55:44Z,2026-08-31T06:00:00Z,87.1,0.0,0.0,0.0
3-5 дней,2026-08-27T20:01:22Z,2026-08-31T06:00:00Z,82.0,0.0,0.0,0.0
3-5 дней,2026-08-28T00:44:37Z,2026-08-31T06:00:00Z,77.3,0.0,0.0,0.0
3-5 дней,2026-08-26T16:46:17Z,2026-08-31T12:00:00Z,115.2,0.0,0.0,0.0
3-5 дней,2026-08-27T03:02:51Z,2026-08-31T12:00:00Z,105.0,0.0,0.0,0.0
3-5 дней,2026-08-27T14:55:44Z,2026-08-31T12:00:00Z,93.1,0.0,0.0,0.0
3-5 дней,2026-08-27T20:01:22Z,2026-08-31T12:00:00Z,88.0,0.6,0.0,0.6
3-5 дней,2026-08-28T00:44:37Z,2026-08-31T12:00:00Z,83.3,0.6,0.0,0.6
3-5 дней,2026-08-28T06:03:31Z,2026-08-31T12:00:00Z,77.9,0.6,0.0,0.6
3-5 дней,2026-08-27T03:02:51Z,2026-08-31T18:00:00Z,111.0,0.0,0.0,0.0
3-5 дней,2026-08-27T14:55:44Z,2026-08-31T18:00:00Z,99.1,0.0,0.0,0.0
3-5 дней,2026-08-27T20:01:22Z,2026-08-31T18:00:00Z,94.0,0.9,0.0,0.9
3-5 дней,2026-08-28T00:44:37Z,2026-08-31T18:00:00Z,89.3,0.9,0.0,0.9
3-5 дней,2026-08-28T06:03:31Z,2026-08-31T18:00:00Z,83.9,0.9,0.0,0.9
3-5 дней,2026-08-28T15:51:06Z,2026-08-31T18:00:00Z,74.1,0.6,0.0,0.6
3-5 дней,2026-08-27T14:55:44Z,2026-09-01T06:00:00Z,111.1,0.0,0.0,0.0
3-5 дней,2026-08-27T20:01:22Z,2026-09-01T06:00:00Z,106.0,0.0,0.0,0.0
3-5 дней,2026-08-28T00:44:37Z,2026-09-01T06:00:00Z,101.3,0.0,0.0,0.0
3-5 дней,2026-08-28T06:03:31Z,2026-09-01T06:00:00Z,95.9,0.0,0.0,0.0
3-5 дней,2026-08-28T15:51:06Z,2026-09-01T06:00:00Z,86.1,0.0,0.0,0.0
3-5 дней,2026-08-28T21:00:50Z,2026-09-01T06:00:00Z,81.0,0.0,0.0,0.0
3-5 дней,2026-08-29T00:23:24Z,2026-09-01T06:00:00Z,77.6,0.0,0.0,0.0
3-5 дней,2026-08-29T03:37:28Z,2026-09-01T06:00:00Z,74.4,0.0,0.0,0.0
5-10 дней,2026-08-06T09:50:07Z,2026-08-11T18:00:00Z,128.2,0.0,0.0,0.0
5-10 дней,2026-08-06T09:59:18Z,2026-08-11T18:00:00Z,128.0,0.0,0.0,0.0
5-10 дней,2026-08-06T10:08:26Z,2026-08-11T18:00:00Z,127.9,0.0,0.0,0.0
5-10 дней,2026-08-06T10:47:54Z,2026-08-11T18:00:00Z,127.2,0.0,0.0,0.0
5-10 дней,2026-08-06T11:30:42Z,2026-08-11T18:00:00Z,126.5,0.0,0.0,0.0
5-10 дней,2026-08-06T11:36:01Z,2026-08-11T18:00:00Z,126.4,0.0,0.0,0.0
5-10 дней,2026-08-06T11:44:08Z,2026-08-11T18:00:00Z,126.3,0.0,0.0,0.0
5-10 дней,2026-08-06T09:50:07Z,2026-08-12T06:00:00Z,140.2,0.0,0.0,0.0
5-10 дней,2026-08-06T09:59:18Z,2026-08-12T06:00:00Z,140.0,0.0,0.0,0.0
5-10 дней,2026-08-06T10:08:26Z,2026-08-12T06:00:00Z,139.9,0.0,0.0,0.0
5-10 дней,2026-08-06T10:47:54Z,2026-08-12T06:00:00Z,139.2,0.0,0.0,0.0
5-10 дней,2026-08-06T11:30:42Z,2026-08-12T06:00:00Z,138.5,0.0,0.0,0.0
5-10 дней,2026-08-06T11:36:01Z,2026-08-12T06:00:00Z,138.4,0.0,0.0,0.0
5-10 дней,2026-08-06T11:44:08Z,2026-08-12T06:00:00Z,138.3,0.0,0.0,0.0
5-10 дней,2026-08-07T01:31:32Z,2026-08-12T06:00:00Z,124.5,0.6,0.0,0.6
5-10 дней,2026-08-07T05:36:00Z,2026-08-12T06:00:00Z,120.4,0.6,0.0,0.6
5-10 дней,2026-08-06T09:50:07Z,2026-08-12T12:00:00Z,146.2,0.0,0.0,0.0
5-10 дней,2026-08-06T09:59:18Z,2026-08-12T12:00:00Z,146.0,0.0,0.0,0.0
5-10 дней,2026-08-06T10:08:26Z,2026-08-12T12:00:00Z,145.9,0.0,0.0,0.0
5-10 дней,2026-08-06T10:47:54Z,2026-08-12T12:00:00Z,145.2,0.0,0.0,0.0
5-10 дней,2026-08-06T11:30:42Z,2026-08-12T12:00:00Z,144.5,0.0,0.0,0.0
5-10 дней,2026-08-06T11:36:01Z,2026-08-12T12:00:00Z,144.4,0.0,0.0,0.0
5-10 дней,2026-08-06T11:44:08Z,2026-08-12T12:00:00Z,144.3,0.0,0.0,0.0
5-10 дней,2026-08-07T01:31:32Z,2026-08-12T12:00:00Z,130.5,0.0,0.0,0.0
5-10 дней,2026-08-07T05:36:00Z,2026-08-12T12:00:00Z,126.4,0.0,0.0,0.0
5-10 дней,2026-08-07T06:18:59Z,2026-08-12T12:00:00Z,125.7,0.0,0.0,0.0
5-10 дней,2026-08-07T07:13:52Z,2026-08-12T12:00:00Z,124.8,0.0,0.0,0.0
5-10 дней,2026-08-07T10:39:14Z,2026-08-12T12:00:00Z,121.3,0.0,0.0,0.0
5-10 дней,2026-08-06T09:50:07Z,2026-08-12T18:00:00Z,152.2,0.0,0.0,0.0
5-10 дней,2026-08-06T09:59:18Z,2026-08-12T18:00:00Z,152.0,0.0,0.0,0.0
5-10 дней,2026-08-06T10:08:26Z,2026-08-12T18:00:00Z,151.9,0.0,0.0,0.0
5-10 дней,2026-08-06T10:47:54Z,2026-08-12T18:00:00Z,151.2,0.0,0.0,0.0
5-10 дней,2026-08-06T11:30:42Z,2026-08-12T18:00:00Z,150.5,0.0,0.0,0.0
5-10 дней,2026-08-06T11:36:01Z,2026-08-12T18:00:00Z,150.4,0.0,0.0,0.0
5-10 дней,2026-08-06T11:44:08Z,2026-08-12T18:00:00Z,150.3,0.0,0.0,0.0
5-10 дней,2026-08-07T01:31:32Z,2026-08-12T18:00:00Z,136.5,0.0,0.0,0.0
5-10 дней,2026-08-07T05:36:00Z,2026-08-12T18:00:00Z,132.4,0.0,0.0,0.0
5-10 дней,2026-08-07T06:18:59Z,2026-08-12T18:00:00Z,131.7,0.0,0.0,0.0
5-10 дней,2026-08-07T07:13:52Z,2026-08-12T18:00:00Z,130.8,0.0,0.0,0.0
5-10 дней,2026-08-07T10:39:14Z,2026-08-12T18:00:00Z,127.3,0.0,0.0,0.0
5-10 дней,2026-08-07T16:51:54Z,2026-08-12T18:00:00Z,121.1,0.0,0.0,0.0
5-10 дней,2026-08-07T01:31:32Z,2026-08-13T06:00:00Z,148.5,0.0,0.0,0.0
5-10 дней,2026-08-07T05:36:00Z,2026-08-13T06:00:00Z,144.4,0.0,0.0,0.0
5-10 дней,2026-08-07T06:18:59Z,2026-08-13T06:00:00Z,143.7,0.0,0.0,0.0
5-10 дней,2026-08-07T07:13:52Z,2026-08-13T06:00:00Z,142.8,0.0,0.0,0.0
5-10 дней,2026-08-07T10:39:14Z,2026-08-13T06:00:00Z,139.3,0.0,0.0,0.0
5-10 дней,2026-08-07T16:51:54Z,2026-08-13T06:00:00Z,133.1,0.0,0.0,0.0
5-10 дней,2026-08-07T22:45:57Z,2026-08-13T06:00:00Z,127.2,0.0,0.0,0.0
5-10 дней,2026-08-07T23:19:23Z,2026-08-13T06:00:00Z,126.7,0.0,0.0,0.0
5-10 дней,2026-08-08T04:50:53Z,2026-08-13T06:00:00Z,121.2,0.0,0.0,0.0
5-10 дней,2026-08-07T10:39:14Z,2026-08-13T18:00:00Z,151.3,0.0,0.0,0.0
5-10 дней,2026-08-07T16:51:54Z,2026-08-13T18:00:00Z,145.1,0.0,0.0,0.0
5-10 дней,2026-08-07T22:45:57Z,2026-08-13T18:00:00Z,139.2,0.0,0.0,0.0
5-10 дней,2026-08-07T23:19:23Z,2026-08-13T18:00:00Z,138.7,0.0,0.0,0.0
5-10 дней,2026-08-08T04:50:53Z,2026-08-13T18:00:00Z,133.2,0.0,0.0,0.0
5-10 дней,2026-08-08T10:18:13Z,2026-08-13T18:00:00Z,127.7,0.0,0.0,0.0
5-10 дней,2026-08-07T22:45:57Z,2026-08-14T06:00:00Z,151.2,0.0,0.0,0.0
5-10 дней,2026-08-07T23:19:23Z,2026-08-14T06:00:00Z,150.7,0.0,0.0,0.0
5-10 дней,2026-08-08T04:50:53Z,2026-08-14T06:00:00Z,145.2,0.0,0.0,0.0
5-10 дней,2026-08-08T10:18:13Z,2026-08-14T06:00:00Z,139.7,0.0,0.0,0.0
5-10 дней,2026-08-08T22:37:20Z,2026-08-14T06:00:00Z,127.4,0.0,0.0,0.0
5-10 дней,2026-08-09T04:59:03Z,2026-08-14T06:00:00Z,121.0,0.0,0.0,0.0
5-10 дней,2026-08-07T22:45:57Z,2026-08-14T12:00:00Z,157.2,0.0,0.0,0.0
5-10 дней,2026-08-07T23:19:23Z,2026-08-14T12:00:00Z,156.7,0.0,0.0,0.0
5-10 дней,2026-08-08T04:50:53Z,2026-08-14T12:00:00Z,151.2,0.0,0.0,0.0
5-10 дней,2026-08-08T10:18:13Z,2026-08-14T12:00:00Z,145.7,0.0,0.0,0.0
5-10 дней,2026-08-08T22:37:20Z,2026-08-14T12:00:00Z,133.4,0.0,0.0,0.0
5-10 дней,2026-08-09T04:59:03Z,2026-08-14T12:00:00Z,127.0,0.0,0.0,0.0
5-10 дней,2026-08-09T10:19:29Z,2026-08-14T12:00:00Z,121.7,0.0,0.0,0.0
5-10 дней,2026-08-08T10:18:13Z,2026-08-14T18:00:00Z,151.7,0.0,0.0,0.0
5-10 дней,2026-08-08T22:37:20Z,2026-08-14T18:00:00Z,139.4,0.0,0.0,0.0
5-10 дней,2026-08-09T04:59:03Z,2026-08-14T18:00:00Z,133.0,0.0,0.0,0.0
5-10 дней,2026-08-09T10:19:29Z,2026-08-14T18:00:00Z,127.7,0.0,0.0,0.0
5-10 дней,2026-08-09T12:41:38Z,2026-08-14T18:00:00Z,125.3,0.0,0.0,0.0
5-10 дней,2026-08-09T12:45:53Z,2026-08-14T18:00:00Z,125.2,0.0,0.0,0.0
5-10 дней,2026-08-09T12:48:15Z,2026-08-14T18:00:00Z,125.2,0.0,0.0,0.0
5-10 дней,2026-08-09T16:31:44Z,2026-08-14T18:00:00Z,121.5,0.0,0.0,0.0
5-10 дней,2026-08-08T22:37:20Z,2026-08-15T06:00:00Z,151.4,0.0,0.0,0.0
5-10 дней,2026-08-09T04:59:03Z,2026-08-15T06:00:00Z,145.0,0.0,0.0,0.0
5-10 дней,2026-08-09T10:19:29Z,2026-08-15T06:00:00Z,139.7,0.0,0.0,0.0
5-10 дней,2026-08-09T12:41:38Z,2026-08-15T06:00:00Z,137.3,0.0,0.0,0.0
5-10 дней,2026-08-09T12:45:53Z,2026-08-15T06:00:00Z,137.2,0.0,0.0,0.0
5-10 дней,2026-08-09T12:48:15Z,2026-08-15T06:00:00Z,137.2,0.0,0.0,0.0
5-10 дней,2026-08-09T16:31:44Z,2026-08-15T06:00:00Z,133.5,0.0,0.0,0.0
5-10 дней,2026-08-09T22:39:09Z,2026-08-15T06:00:00Z,127.3,0.0,0.0,0.0
5-10 дней,2026-08-10T05:20:42Z,2026-08-15T06:00:00Z,120.7,0.0,0.0,0.0
5-10 дней,2026-08-09T16:31:44Z,2026-08-15T18:00:00Z,145.5,0.0,0.0,0.0
5-10 дней,2026-08-09T22:39:09Z,2026-08-15T18:00:00Z,139.3,0.0,0.0,0.0
5-10 дней,2026-08-10T05:20:42Z,2026-08-15T18:00:00Z,132.7,0.0,0.0,0.0
5-10 дней,2026-08-10T10:53:28Z,2026-08-15T18:00:00Z,127.1,0.0,0.0,0.0
5-10 дней,2026-08-10T16:52:05Z,2026-08-15T18:00:00Z,121.1,0.0,0.0,0.0
5-10 дней,2026-08-09T22:39:09Z,2026-08-16T06:00:00Z,151.3,0.0,0.0,0.0
5-10 дней,2026-08-10T05:20:42Z,2026-08-16T06:00:00Z,144.7,0.0,0.0,0.0
5-10 дней,2026-08-10T10:53:28Z,2026-08-16T06:00:00Z,139.1,0.0,0.0,0.0
5-10 дней,2026-08-10T16:52:05Z,2026-08-16T06:00:00Z,133.1,0.0,0.0,0.0
5-10 дней,2026-08-10T22:47:13Z,2026-08-16T06:00:00Z,127.2,0.0,0.0,0.0
5-10 дней,2026-08-11T05:01:49Z,2026-08-16T06:00:00Z,121.0,0.0,0.0,0.0
5-10 дней,2026-08-10T10:53:28Z,2026-08-16T18:00:00Z,151.1,0.0,0.0,0.0
5-10 дней,2026-08-10T16:52:05Z,2026-08-16T18:00:00Z,145.1,0.0,0.0,0.0
5-10 дней,2026-08-10T22:47:13Z,2026-08-16T18:00:00Z,139.2,0.0,0.0,0.0
5-10 дней,2026-08-11T05:01:49Z,2026-08-16T18:00:00Z,133.0,0.0,0.0,0.0
5-10 дней,2026-08-11T10:38:45Z,2026-08-16T18:00:00Z,127.4,0.0,0.0,0.0
5-10 дней,2026-08-10T22:47:13Z,2026-08-17T06:00:00Z,151.2,0.0,0.0,0.0
5-10 дней,2026-08-11T05:01:49Z,2026-08-17T06:00:00Z,145.0,0.0,0.0,0.0
5-10 дней,2026-08-11T10:38:45Z,2026-08-17T06:00:00Z,139.4,0.0,0.0,0.0
5-10 дней,2026-08-10T22:47:13Z,2026-08-17T12:00:00Z,157.2,0.0,0.0,0.0
5-10 дней,2026-08-11T05:01:49Z,2026-08-17T12:00:00Z,151.0,0.0,0.0,0.0
5-10 дней,2026-08-11T10:38:45Z,2026-08-17T12:00:00Z,145.4,0.0,0.0,0.0
5-10 дней,2026-08-12T06:05:22Z,2026-08-17T12:00:00Z,125.9,0.0,0.0,0.0
5-10 дней,2026-08-12T10:47:03Z,2026-08-17T12:00:00Z,121.2,0.0,0.0,0.0
5-10 дней,2026-08-11T10:38:45Z,2026-08-17T18:00:00Z,151.4,0.0,0.0,0.0
5-10 дней,2026-08-12T06:05:22Z,2026-08-17T18:00:00Z,131.9,0.0,0.0,0.0
5-10 дней,2026-08-12T10:47:03Z,2026-08-17T18:00:00Z,127.2,0.0,0.0,0.0
5-10 дней,2026-08-12T16:54:57Z,2026-08-17T18:00:00Z,121.1,0.0,0.0,0.0
5-10 дней,2026-08-12T06:05:22Z,2026-08-18T06:00:00Z,143.9,0.0,0.6,-0.6
5-10 дней,2026-08-12T10:47:03Z,2026-08-18T06:00:00Z,139.2,2.7,0.6,2.1
5-10 дней,2026-08-12T16:54:57Z,2026-08-18T06:00:00Z,133.1,2.7,0.6,2.1
5-10 дней,2026-08-12T22:50:47Z,2026-08-18T06:00:00Z,127.2,0.3,0.6,-0.3
5-10 дней,2026-08-13T05:30:08Z,2026-08-18T06:00:00Z,120.5,0.3,0.6,-0.3
5-10 дней,2026-08-12T06:05:22Z,2026-08-18T12:00:00Z,149.9,0.0,0.1,-0.1
5-10 дней,2026-08-12T10:47:03Z,2026-08-18T12:00:00Z,145.2,0.0,0.1,-0.1
5-10 дней,2026-08-12T16:54:57Z,2026-08-18T12:00:00Z,139.1,0.0,0.1,-0.1
5-10 дней,2026-08-12T22:50:47Z,2026-08-18T12:00:00Z,133.2,0.3,0.1,0.2
5-10 дней,2026-08-13T05:30:08Z,2026-08-18T12:00:00Z,126.5,0.3,0.1,0.2
5-10 дней,2026-08-13T10:49:01Z,2026-08-18T12:00:00Z,121.2,3.3,0.1,3.2
5-10 дней,2026-08-12T10:47:03Z,2026-08-18T18:00:00Z,151.2,0.0,0.1,-0.1
5-10 дней,2026-08-12T16:54:57Z,2026-08-18T18:00:00Z,145.1,0.0,0.1,-0.1
5-10 дней,2026-08-12T22:50:47Z,2026-08-18T18:00:00Z,139.2,0.3,0.1,0.2
5-10 дней,2026-08-13T05:30:08Z,2026-08-18T18:00:00Z,132.5,0.3,0.1,0.2
5-10 дней,2026-08-13T10:49:01Z,2026-08-18T18:00:00Z,127.2,3.3,0.1,3.2
5-10 дней,2026-08-13T16:36:10Z,2026-08-18T18:00:00Z,121.4,3.3,0.1,3.2
5-10 дней,2026-08-13T16:42:24Z,2026-08-18T18:00:00Z,121.3,3.3,0.1,3.2
5-10 дней,2026-08-13T16:54:22Z,2026-08-18T18:00:00Z,121.1,3.3,0.1,3.2
5-10 дней,2026-08-12T22:50:47Z,2026-08-19T06:00:00Z,151.2,0.6,0.0,0.6
5-10 дней,2026-08-13T05:30:08Z,2026-08-19T06:00:00Z,144.5,0.6,0.0,0.6
5-10 дней,2026-08-13T10:49:01Z,2026-08-19T06:00:00Z,139.2,0.0,0.0,0.0
5-10 дней,2026-08-13T16:36:10Z,2026-08-19T06:00:00Z,133.4,0.0,0.0,0.0
5-10 дней,2026-08-13T16:42:24Z,2026-08-19T06:00:00Z,133.3,0.0,0.0,0.0
5-10 дней,2026-08-13T16:54:22Z,2026-08-19T06:00:00Z,133.1,0.0,0.0,0.0
5-10 дней,2026-08-13T22:52:17Z,2026-08-19T06:00:00Z,127.1,0.0,0.0,0.0
5-10 дней,2026-08-14T05:28:14Z,2026-08-19T06:00:00Z,120.5,0.0,0.0,0.0
5-10 дней,2026-08-12T22:50:47Z,2026-08-19T12:00:00Z,157.2,0.6,0.0,0.6
5-10 дней,2026-08-13T05:30:08Z,2026-08-19T12:00:00Z,150.5,0.6,0.0,0.6
5-10 дней,2026-08-13T10:49:01Z,2026-08-19T12:00:00Z,145.2,0.0,0.0,0.0
5-10 дней,2026-08-13T16:36:10Z,2026-08-19T12:00:00Z,139.4,0.0,0.0,0.0
5-10 дней,2026-08-13T16:42:24Z,2026-08-19T12:00:00Z,139.3,0.0,0.0,0.0
5-10 дней,2026-08-13T16:54:22Z,2026-08-19T12:00:00Z,139.1,0.0,0.0,0.0
5-10 дней,2026-08-13T22:52:17Z,2026-08-19T12:00:00Z,133.1,0.0,0.0,0.0
5-10 дней,2026-08-14T05:28:14Z,2026-08-19T12:00:00Z,126.5,0.0,0.0,0.0
5-10 дней,2026-08-14T10:44:54Z,2026-08-19T12:00:00Z,121.3,0.0,0.0,0.0
5-10 дней,2026-08-13T10:49:01Z,2026-08-19T18:00:00Z,151.2,0.0,0.0,0.0
5-10 дней,2026-08-13T16:36:10Z,2026-08-19T18:00:00Z,145.4,0.0,0.0,0.0
5-10 дней,2026-08-13T16:42:24Z,2026-08-19T18:00:00Z,145.3,0.0,0.0,0.0
5-10 дней,2026-08-13T16:54:22Z,2026-08-19T18:00:00Z,145.1,0.0,0.0,0.0
5-10 дней,2026-08-13T22:52:17Z,2026-08-19T18:00:00Z,139.1,0.0,0.0,0.0
5-10 дней,2026-08-14T05:28:14Z,2026-08-19T18:00:00Z,132.5,0.0,0.0,0.0
5-10 дней,2026-08-14T10:44:54Z,2026-08-19T18:00:00Z,127.3,0.0,0.0,0.0
5-10 дней,2026-08-14T16:48:33Z,2026-08-19T18:00:00Z,121.2,0.0,0.0,0.0
5-10 дней,2026-08-13T22:52:17Z,2026-08-20T06:00:00Z,151.1,0.0,0.0,0.0
5-10 дней,2026-08-14T05:28:14Z,2026-08-20T06:00:00Z,144.5,0.0,0.0,0.0
5-10 дней,2026-08-14T10:44:54Z,2026-08-20T06:00:00Z,139.3,0.0,0.0,0.0
5-10 дней,2026-08-14T16:48:33Z,2026-08-20T06:00:00Z,133.2,0.0,0.0,0.0
5-10 дней,2026-08-14T22:30:55Z,2026-08-20T06:00:00Z,127.5,0.0,0.0,0.0
5-10 дней,2026-08-15T04:24:15Z,2026-08-20T06:00:00Z,121.6,0.0,0.0,0.0
5-10 дней,2026-08-13T22:52:17Z,2026-08-20T12:00:00Z,157.1,0.0,0.0,0.0
5-10 дней,2026-08-14T05:28:14Z,2026-08-20T12:00:00Z,150.5,0.0,0.0,0.0
5-10 дней,2026-08-14T10:44:54Z,2026-08-20T12:00:00Z,145.3,0.0,0.0,0.0
5-10 дней,2026-08-14T16:48:33Z,2026-08-20T12:00:00Z,139.2,0.0,0.0,0.0
5-10 дней,2026-08-14T22:30:55Z,2026-08-20T12:00:00Z,133.5,0.0,0.0,0.0
5-10 дней,2026-08-15T04:24:15Z,2026-08-20T12:00:00Z,127.6,0.0,0.0,0.0
5-10 дней,2026-08-15T10:09:15Z,2026-08-20T12:00:00Z,121.8,0.0,0.0,0.0
5-10 дней,2026-08-14T10:44:54Z,2026-08-20T18:00:00Z,151.3,0.0,0.0,0.0
5-10 дней,2026-08-14T16:48:33Z,2026-08-20T18:00:00Z,145.2,0.0,0.0,0.0
5-10 дней,2026-08-14T22:30:55Z,2026-08-20T18:00:00Z,139.5,0.0,0.0,0.0
5-10 дней,2026-08-15T04:24:15Z,2026-08-20T18:00:00Z,133.6,0.0,0.0,0.0
5-10 дней,2026-08-15T10:09:15Z,2026-08-20T18:00:00Z,127.8,0.0,0.0,0.0
5-10 дней,2026-08-15T16:20:39Z,2026-08-20T18:00:00Z,121.7,0.0,0.0,0.0
5-10 дней,2026-08-15T10:09:15Z,2026-08-21T06:00:00Z,139.8,0.0,0.0,0.0
5-10 дней,2026-08-15T16:20:39Z,2026-08-21T06:00:00Z,133.7,0.0,0.0,0.0
5-10 дней,2026-08-15T22:29:33Z,2026-08-21T06:00:00Z,127.5,0.0,0.0,0.0
5-10 дней,2026-08-16T04:29:41Z,2026-08-21T06:00:00Z,121.5,0.0,0.0,0.0
5-10 дней,2026-08-15T10:09:15Z,2026-08-21T12:00:00Z,145.8,0.0,0.0,0.0
5-10 дней,2026-08-15T16:20:39Z,2026-08-21T12:00:00Z,139.7,0.0,0.0,0.0
5-10 дней,2026-08-15T22:29:33Z,2026-08-21T12:00:00Z,133.5,0.0,0.0,0.0
5-10 дней,2026-08-16T04:29:41Z,2026-08-21T12:00:00Z,127.5,0.0,0.0,0.0
5-10 дней,2026-08-16T07:21:44Z,2026-08-21T12:00:00Z,124.6,0.0,0.0,0.0
5-10 дней,2026-08-16T10:09:47Z,2026-08-21T12:00:00Z,121.8,0.0,0.0,0.0
5-10 дней,2026-08-15T10:09:15Z,2026-08-21T18:00:00Z,151.8,0.0,0.0,0.0
5-10 дней,2026-08-15T16:20:39Z,2026-08-21T18:00:00Z,145.7,0.0,0.0,0.0
5-10 дней,2026-08-15T22:29:33Z,2026-08-21T18:00:00Z,139.5,0.0,0.0,0.0
5-10 дней,2026-08-16T04:29:41Z,2026-08-21T18:00:00Z,133.5,0.0,0.0,0.0
5-10 дней,2026-08-16T07:21:44Z,2026-08-21T18:00:00Z,130.6,0.0,0.0,0.0
5-10 дней,2026-08-16T10:09:47Z,2026-08-21T18:00:00Z,127.8,0.0,0.0,0.0
5-10 дней,2026-08-16T16:21:00Z,2026-08-21T18:00:00Z,121.7,0.0,0.0,0.0
5-10 дней,2026-08-15T22:29:33Z,2026-08-22T06:00:00Z,151.5,0.0,0.0,0.0
5-10 дней,2026-08-16T04:29:41Z,2026-08-22T06:00:00Z,145.5,0.0,0.0,0.0
5-10 дней,2026-08-16T07:21:44Z,2026-08-22T06:00:00Z,142.6,0.0,0.0,0.0
5-10 дней,2026-08-16T10:09:47Z,2026-08-22T06:00:00Z,139.8,2.4,0.0,2.4
5-10 дней,2026-08-16T16:21:00Z,2026-08-22T06:00:00Z,133.7,2.4,0.0,2.4
5-10 дней,2026-08-16T22:29:34Z,2026-08-22T06:00:00Z,127.5,0.0,0.0,0.0
5-10 дней,2026-08-17T04:35:30Z,2026-08-22T06:00:00Z,121.4,0.0,0.0,0.0
5-10 дней,2026-08-15T22:29:33Z,2026-08-22T12:00:00Z,157.5,5.4,0.0,5.4
5-10 дней,2026-08-16T04:29:41Z,2026-08-22T12:00:00Z,151.5,5.4,0.0,5.4
5-10 дней,2026-08-16T07:21:44Z,2026-08-22T12:00:00Z,148.6,5.4,0.0,5.4
5-10 дней,2026-08-16T10:09:47Z,2026-08-22T12:00:00Z,145.8,0.0,0.0,0.0
5-10 дней,2026-08-16T16:21:00Z,2026-08-22T12:00:00Z,139.7,0.0,0.0,0.0
5-10 дней,2026-08-16T22:29:34Z,2026-08-22T12:00:00Z,133.5,0.0,0.0,0.0
5-10 дней,2026-08-17T04:35:30Z,2026-08-22T12:00:00Z,127.4,0.0,0.0,0.0
5-10 дней,2026-08-17T10:18:11Z,2026-08-22T12:00:00Z,121.7,0.6,0.0,0.6
5-10 дней,2026-08-16T10:09:47Z,2026-08-22T18:00:00Z,151.8,0.0,0.0,0.0
5-10 дней,2026-08-16T16:21:00Z,2026-08-22T18:00:00Z,145.7,0.0,0.0,0.0
5-10 дней,2026-08-16T22:29:34Z,2026-08-22T18:00:00Z,139.5,0.6,0.0,0.6
5-10 дней,2026-08-17T04:35:30Z,2026-08-22T18:00:00Z,133.4,0.6,0.0,0.6
5-10 дней,2026-08-17T10:18:11Z,2026-08-22T18:00:00Z,127.7,0.6,0.0,0.6
5-10 дней,2026-08-17T16:23:45Z,2026-08-22T18:00:00Z,121.6,0.6,0.0,0.6
5-10 дней,2026-08-16T22:29:34Z,2026-08-23T06:00:00Z,151.5,0.0,0.0,0.0
5-10 дней,2026-08-17T04:35:30Z,2026-08-23T06:00:00Z,145.4,0.0,0.0,0.0
5-10 дней,2026-08-17T10:18:11Z,2026-08-23T06:00:00Z,139.7,0.0,0.0,0.0
5-10 дней,2026-08-17T16:23:45Z,2026-08-23T06:00:00Z,133.6,0.0,0.0,0.0
5-10 дней,2026-08-17T22:31:28Z,2026-08-23T06:00:00Z,127.5,0.0,0.0,0.0
5-10 дней,2026-08-18T04:30:05Z,2026-08-23T06:00:00Z,121.5,0.0,0.0,0.0
5-10 дней,2026-08-16T22:29:34Z,2026-08-23T12:00:00Z,157.5,0.0,0.0,0.0
5-10 дней,2026-08-17T04:35:30Z,2026-08-23T12:00:00Z,151.4,0.0,0.0,0.0
5-10 дней,2026-08-17T10:18:11Z,2026-08-23T12:00:00Z,145.7,0.0,0.0,0.0
5-10 дней,2026-08-17T16:23:45Z,2026-08-23T12:00:00Z,139.6,0.0,0.0,0.0
5-10 дней,2026-08-17T22:31:28Z,2026-08-23T12:00:00Z,133.5,0.0,0.0,0.0
5-10 дней,2026-08-18T04:30:05Z,2026-08-23T12:00:00Z,127.5,0.0,0.0,0.0
5-10 дней,2026-08-18T10:14:55Z,2026-08-23T12:00:00Z,121.8,0.0,0.0,0.0
5-10 дней,2026-08-17T10:18:11Z,2026-08-23T18:00:00Z,151.7,0.0,0.0,0.0
5-10 дней,2026-08-17T16:23:45Z,2026-08-23T18:00:00Z,145.6,0.0,0.0,0.0
5-10 дней,2026-08-17T22:31:28Z,2026-08-23T18:00:00Z,139.5,0.0,0.0,0.0
5-10 дней,2026-08-18T04:30:05Z,2026-08-23T18:00:00Z,133.5,0.0,0.0,0.0
5-10 дней,2026-08-18T10:14:55Z,2026-08-23T18:00:00Z,127.8,0.0,0.0,0.0
5-10 дней,2026-08-18T16:27:50Z,2026-08-23T18:00:00Z,121.5,0.0,0.0,0.0
5-10 дней,2026-08-18T16:27:50Z,2026-08-24T06:00:00Z,133.5,0.0,0.0,0.0
5-10 дней,2026-08-18T22:31:39Z,2026-08-24T06:00:00Z,127.5,0.0,0.0,0.0
5-10 дней,2026-08-19T04:31:14Z,2026-08-24T06:00:00Z,121.5,0.0,0.0,0.0
5-10 дней,2026-08-18T16:27:50Z,2026-08-24T18:00:00Z,145.5,0.0,0.0,0.0
5-10 дней,2026-08-18T22:31:39Z,2026-08-24T18:00:00Z,139.5,0.0,0.0,0.0
5-10 дней,2026-08-19T04:31:14Z,2026-08-24T18:00:00Z,133.5,0.0,0.0,0.0
5-10 дней,2026-08-19T10:14:48Z,2026-08-24T18:00:00Z,127.8,0.0,0.0,0.0
5-10 дней,2026-08-19T16:28:17Z,2026-08-24T18:00:00Z,121.5,0.0,0.0,0.0
5-10 дней,2026-08-18T22:31:39Z,2026-08-25T06:00:00Z,151.5,0.0,0.0,0.0
5-10 дней,2026-08-19T04:31:14Z,2026-08-25T06:00:00Z,145.5,0.0,0.0,0.0
5-10 дней,2026-08-19T10:14:48Z,2026-08-25T06:00:00Z,139.8,0.0,0.0,0.0
5-10 дней,2026-08-19T16:28:17Z,2026-08-25T06:00:00Z,133.5,0.0,0.0,0.0
5-10 дней,2026-08-20T04:31:56Z,2026-08-25T06:00:00Z,121.5,0.0,0.0,0.0
5-10 дней,2026-08-18T22:31:39Z,2026-08-25T12:00:00Z,157.5,0.0,0.0,0.0
5-10 дней,2026-08-19T04:31:14Z,2026-08-25T12:00:00Z,151.5,0.0,0.0,0.0
5-10 дней,2026-08-19T10:14:48Z,2026-08-25T12:00:00Z,145.8,0.0,0.0,0.0
5-10 дней,2026-08-19T16:28:17Z,2026-08-25T12:00:00Z,139.5,0.0,0.0,0.0
5-10 дней,2026-08-20T04:31:56Z,2026-08-25T12:00:00Z,127.5,0.0,0.0,0.0
5-10 дней,2026-08-20T10:16:10Z,2026-08-25T12:00:00Z,121.7,0.0,0.0,0.0
5-10 дней,2026-08-19T10:14:48Z,2026-08-25T18:00:00Z,151.8,0.0,0.0,0.0
5-10 дней,2026-08-19T16:28:17Z,2026-08-25T18:00:00Z,145.5,0.0,0.0,0.0
5-10 дней,2026-08-20T04:31:56Z,2026-08-25T18:00:00Z,133.5,0.0,0.0,0.0
5-10 дней,2026-08-20T10:16:10Z,2026-08-25T18:00:00Z,127.7,0.0,0.0,0.0
5-10 дней,2026-08-20T16:31:45Z,2026-08-25T18:00:00Z,121.5,0.0,0.0,0.0
5-10 дней,2026-08-20T04:31:56Z,2026-08-26T06:00:00Z,145.5,1.2,0.0,1.2
5-10 дней,2026-08-20T10:16:10Z,2026-08-26T06:00:00Z,139.7,0.6,0.0,0.6
5-10 дней,2026-08-20T16:31:45Z,2026-08-26T06:00:00Z,133.5,0.6,0.0,0.6
5-10 дней,2026-08-20T22:34:58Z,2026-08-26T06:00:00Z,127.4,1.2,0.0,1.2
5-10 дней,2026-08-21T04:32:20Z,2026-08-26T06:00:00Z,121.5,1.2,0.0,1.2
5-10 дней,2026-08-20T04:31:56Z,2026-08-26T12:00:00Z,151.5,0.0,0.0,0.0
5-10 дней,2026-08-20T10:16:10Z,2026-08-26T12:00:00Z,145.7,0.0,0.0,0.0
5-10 дней,2026-08-20T16:31:45Z,2026-08-26T12:00:00Z,139.5,0.0,0.0,0.0
5-10 дней,2026-08-20T22:34:58Z,2026-08-26T12:00:00Z,133.4,0.9,0.0,0.9
5-10 дней,2026-08-21T04:32:20Z,2026-08-26T12:00:00Z,127.5,0.9,0.0,0.9
5-10 дней,2026-08-21T10:16:50Z,2026-08-26T12:00:00Z,121.7,0.0,0.0,0.0
5-10 дней,2026-08-20T10:16:10Z,2026-08-26T18:00:00Z,151.7,0.6,0.0,0.6
5-10 дней,2026-08-20T16:31:45Z,2026-08-26T18:00:00Z,145.5,0.6,0.0,0.6
5-10 дней,2026-08-20T22:34:58Z,2026-08-26T18:00:00Z,139.4,2.1,0.0,2.1
5-10 дней,2026-08-21T04:32:20Z,2026-08-26T18:00:00Z,133.5,2.1,0.0,2.1
5-10 дней,2026-08-21T10:16:50Z,2026-08-26T18:00:00Z,127.7,0.0,0.0,0.0
5-10 дней,2026-08-21T16:30:34Z,2026-08-26T18:00:00Z,121.5,0.0,0.0,0.0
5-10 дней,2026-08-20T22:34:58Z,2026-08-27T06:00:00Z,151.4,0.0,0.0,0.0
5-10 дней,2026-08-21T04:32:20Z,2026-08-27T06:00:00Z,145.5,0.0,0.0,0.0
5-10 дней,2026-08-21T10:16:50Z,2026-08-27T06:00:00Z,139.7,0.0,0.0,0.0
5-10 дней,2026-08-21T16:30:34Z,2026-08-27T06:00:00Z,133.5,0.0,0.0,0.0
5-10 дней,2026-08-21T22:32:12Z,2026-08-27T06:00:00Z,127.5,0.0,0.0,0.0
5-10 дней,2026-08-22T04:26:43Z,2026-08-27T06:00:00Z,121.6,0.0,0.0,0.0
5-10 дней,2026-08-20T22:34:58Z,2026-08-27T12:00:00Z,157.4,0.6,0.0,0.6
5-10 дней,2026-08-21T04:32:20Z,2026-08-27T12:00:00Z,151.5,0.6,0.0,0.6
5-10 дней,2026-08-21T10:16:50Z,2026-08-27T12:00:00Z,145.7,0.0,0.0,0.0
5-10 дней,2026-08-21T16:30:34Z,2026-08-27T12:00:00Z,139.5,0.0,0.0,0.0
5-10 дней,2026-08-21T22:32:12Z,2026-08-27T12:00:00Z,133.5,0.0,0.0,0.0
5-10 дней,2026-08-22T04:26:43Z,2026-08-27T12:00:00Z,127.6,0.0,0.0,0.0
5-10 дней,2026-08-22T10:09:41Z,2026-08-27T12:00:00Z,121.8,0.0,0.0,0.0
5-10 дней,2026-08-21T10:16:50Z,2026-08-27T18:00:00Z,151.7,0.6,0.0,0.6
5-10 дней,2026-08-21T16:30:34Z,2026-08-27T18:00:00Z,145.5,0.6,0.0,0.6
5-10 дней,2026-08-21T22:32:12Z,2026-08-27T18:00:00Z,139.5,0.0,0.0,0.0
5-10 дней,2026-08-22T04:26:43Z,2026-08-27T18:00:00Z,133.6,0.0,0.0,0.0
5-10 дней,2026-08-22T10:09:41Z,2026-08-27T18:00:00Z,127.8,0.0,0.0,0.0
5-10 дней,2026-08-22T16:20:08Z,2026-08-27T18:00:00Z,121.7,0.0,0.0,0.0
5-10 дней,2026-08-21T22:32:12Z,2026-08-28T06:00:00Z,151.5,0.0,0.0,0.0
5-10 дней,2026-08-22T04:26:43Z,2026-08-28T06:00:00Z,145.6,0.0,0.0,0.0
5-10 дней,2026-08-22T10:09:41Z,2026-08-28T06:00:00Z,139.8,0.0,0.0,0.0
5-10 дней,2026-08-22T16:20:08Z,2026-08-28T06:00:00Z,133.7,0.0,0.0,0.0
5-10 дней,2026-08-22T22:29:28Z,2026-08-28T06:00:00Z,127.5,0.0,0.0,0.0
5-10 дней,2026-08-23T04:31:06Z,2026-08-28T06:00:00Z,121.5,0.0,0.0,0.0
5-10 дней,2026-08-21T22:32:12Z,2026-08-28T12:00:00Z,157.5,0.0,0.0,0.0
5-10 дней,2026-08-22T04:26:43Z,2026-08-28T12:00:00Z,151.6,0.0,0.0,0.0
5-10 дней,2026-08-22T10:09:41Z,2026-08-28T12:00:00Z,145.8,0.0,0.0,0.0
5-10 дней,2026-08-22T16:20:08Z,2026-08-28T12:00:00Z,139.7,0.0,0.0,0.0
5-10 дней,2026-08-22T22:29:28Z,2026-08-28T12:00:00Z,133.5,0.0,0.0,0.0
5-10 дней,2026-08-23T04:31:06Z,2026-08-28T12:00:00Z,127.5,0.0,0.0,0.0
5-10 дней,2026-08-23T10:10:14Z,2026-08-28T12:00:00Z,121.8,0.0,0.0,0.0
5-10 дней,2026-08-22T10:09:41Z,2026-08-28T18:00:00Z,151.8,0.0,0.0,0.0
5-10 дней,2026-08-22T16:20:08Z,2026-08-28T18:00:00Z,145.7,0.0,0.0,0.0
5-10 дней,2026-08-22T22:29:28Z,2026-08-28T18:00:00Z,139.5,0.0,0.0,0.0
5-10 дней,2026-08-23T04:31:06Z,2026-08-28T18:00:00Z,133.5,0.0,0.0,0.0
5-10 дней,2026-08-23T10:10:14Z,2026-08-28T18:00:00Z,127.8,0.0,0.0,0.0
5-10 дней,2026-08-23T16:21:17Z,2026-08-28T18:00:00Z,121.6,0.0,0.0,0.0
5-10 дней,2026-08-22T10:09:41Z,2026-08-29T00:00:00Z,157.8,0.0,0.0,0.0
5-10 дней,2026-08-22T16:20:08Z,2026-08-29T00:00:00Z,151.7,0.0,0.0,0.0
5-10 дней,2026-08-22T22:29:28Z,2026-08-29T00:00:00Z,145.5,0.0,0.0,0.0
5-10 дней,2026-08-23T04:31:06Z,2026-08-29T00:00:00Z,139.5,0.0,0.0,0.0
5-10 дней,2026-08-23T10:10:14Z,2026-08-29T00:00:00Z,133.8,0.0,0.0,0.0
5-10 дней,2026-08-23T16:21:17Z,2026-08-29T00:00:00Z,127.6,0.0,0.0,0.0
5-10 дней,2026-08-23T22:29:36Z,2026-08-29T00:00:00Z,121.5,0.0,0.0,0.0
5-10 дней,2026-08-22T22:29:28Z,2026-08-29T06:00:00Z,151.5,0.0,0.0,0.0
5-10 дней,2026-08-23T04:31:06Z,2026-08-29T06:00:00Z,145.5,0.0,0.0,0.0
5-10 дней,2026-08-23T10:10:14Z,2026-08-29T06:00:00Z,139.8,0.0,0.0,0.0
5-10 дней,2026-08-23T16:21:17Z,2026-08-29T06:00:00Z,133.6,0.0,0.0,0.0
5-10 дней,2026-08-23T22:29:36Z,2026-08-29T06:00:00Z,127.5,0.0,0.0,0.0
5-10 дней,2026-08-24T04:38:48Z,2026-08-29T06:00:00Z,121.4,0.0,0.0,0.0
5-10 дней,2026-08-22T22:29:28Z,2026-08-29T12:00:00Z,157.5,0.6,0.0,0.6
5-10 дней,2026-08-23T04:31:06Z,2026-08-29T12:00:00Z,151.5,0.6,0.0,0.6
5-10 дней,2026-08-23T10:10:14Z,2026-08-29T12:00:00Z,145.8,0.0,0.0,0.0
5-10 дней,2026-08-23T16:21:17Z,2026-08-29T12:00:00Z,139.6,0.0,0.0,0.0
5-10 дней,2026-08-23T22:29:36Z,2026-08-29T12:00:00Z,133.5,0.3,0.0,0.3
5-10 дней,2026-08-24T04:38:48Z,2026-08-29T12:00:00Z,127.4,0.3,0.0,0.3
5-10 дней,2026-08-24T10:24:38Z,2026-08-29T12:00:00Z,121.6,0.3,0.0,0.3
5-10 дней,2026-08-23T10:10:14Z,2026-08-29T18:00:00Z,151.8,3.0,0.2,2.8
5-10 дней,2026-08-23T16:21:17Z,2026-08-29T18:00:00Z,145.6,3.0,0.2,2.8
5-10 дней,2026-08-23T22:29:36Z,2026-08-29T18:00:00Z,139.5,0.9,0.2,0.7
5-10 дней,2026-08-24T04:38:48Z,2026-08-29T18:00:00Z,133.4,0.9,0.2,0.7
5-10 дней,2026-08-24T10:24:38Z,2026-08-29T18:00:00Z,127.6,1.2,0.2,1.0
5-10 дней,2026-08-24T16:34:00Z,2026-08-29T18:00:00Z,121.4,1.2,0.2,1.0
5-10 дней,2026-08-23T22:29:36Z,2026-08-30T06:00:00Z,151.5,0.0,0.0,0.0
5-10 дней,2026-08-24T04:38:48Z,2026-08-30T06:00:00Z,145.4,0.0,0.0,0.0
5-10 дней,2026-08-24T10:24:38Z,2026-08-30T06:00:00Z,139.6,0.0,0.0,0.0
5-10 дней,2026-08-24T16:34:00Z,2026-08-30T06:00:00Z,133.4,0.0,0.0,0.0
5-10 дней,2026-08-24T22:34:40Z,2026-08-30T06:00:00Z,127.4,6.9,0.0,6.9
5-10 дней,2026-08-25T04:33:15Z,2026-08-30T06:00:00Z,121.4,6.9,0.0,6.9
5-10 дней,2026-08-23T22:29:36Z,2026-08-30T12:00:00Z,157.5,0.0,0.0,0.0
5-10 дней,2026-08-24T04:38:48Z,2026-08-30T12:00:00Z,151.4,0.0,0.0,0.0
5-10 дней,2026-08-24T10:24:38Z,2026-08-30T12:00:00Z,145.6,0.0,0.0,0.0
5-10 дней,2026-08-24T16:34:00Z,2026-08-30T12:00:00Z,139.4,0.0,0.0,0.0
5-10 дней,2026-08-24T22:34:40Z,2026-08-30T12:00:00Z,133.4,0.0,0.0,0.0
5-10 дней,2026-08-25T04:33:15Z,2026-08-30T12:00:00Z,127.4,0.0,0.0,0.0
5-10 дней,2026-08-25T10:18:20Z,2026-08-30T12:00:00Z,121.7,0.0,0.0,0.0
5-10 дней,2026-08-24T10:24:38Z,2026-08-30T18:00:00Z,151.6,0.0,0.0,0.0
5-10 дней,2026-08-24T16:34:00Z,2026-08-30T18:00:00Z,145.4,0.0,0.0,0.0
5-10 дней,2026-08-24T22:34:40Z,2026-08-30T18:00:00Z,139.4,0.0,0.0,0.0
5-10 дней,2026-08-25T04:33:15Z,2026-08-30T18:00:00Z,133.4,0.0,0.0,0.0
5-10 дней,2026-08-25T10:18:20Z,2026-08-30T18:00:00Z,127.7,0.0,0.0,0.0
5-10 дней,2026-08-25T16:33:53Z,2026-08-30T18:00:00Z,121.4,0.0,0.0,0.0
5-10 дней,2026-08-24T22:34:40Z,2026-08-31T06:00:00Z,151.4,0.0,0.0,0.0
5-10 дней,2026-08-25T04:33:15Z,2026-08-31T06:00:00Z,145.4,0.0,0.0,0.0
5-10 дней,2026-08-25T10:18:20Z,2026-08-31T06:00:00Z,139.7,0.0,0.0,0.0
5-10 дней,2026-08-25T16:33:53Z,2026-08-31T06:00:00Z,133.4,0.0,0.0,0.0
5-10 дней,2026-08-25T22:34:48Z,2026-08-31T06:00:00Z,127.4,0.0,0.0,0.0
5-10 дней,2026-08-26T04:34:15Z,2026-08-31T06:00:00Z,121.4,0.0,0.0,0.0
5-10 дней,2026-08-24T22:34:40Z,2026-08-31T12:00:00Z,157.4,0.0,0.0,0.0
5-10 дней,2026-08-25T04:33:15Z,2026-08-31T12:00:00Z,151.4,0.0,0.0,0.0
5-10 дней,2026-08-25T10:18:20Z,2026-08-31T12:00:00Z,145.7,0.0,0.0,0.0
5-10 дней,2026-08-25T16:33:53Z,2026-08-31T12:00:00Z,139.4,0.0,0.0,0.0
5-10 дней,2026-08-25T22:34:48Z,2026-08-31T12:00:00Z,133.4,0.0,0.0,0.0
5-10 дней,2026-08-26T04:34:15Z,2026-08-31T12:00:00Z,127.4,0.0,0.0,0.0
5-10 дней,2026-08-26T10:21:58Z,2026-08-31T12:00:00Z,121.6,0.0,0.0,0.0
5-10 дней,2026-08-25T10:18:20Z,2026-08-31T18:00:00Z,151.7,0.0,0.0,0.0
5-10 дней,2026-08-25T16:33:53Z,2026-08-31T18:00:00Z,145.4,0.0,0.0,0.0
5-10 дней,2026-08-25T22:34:48Z,2026-08-31T18:00:00Z,139.4,0.0,0.0,0.0
5-10 дней,2026-08-26T04:34:15Z,2026-08-31T18:00:00Z,133.4,0.0,0.0,0.0
5-10 дней,2026-08-26T10:21:58Z,2026-08-31T18:00:00Z,127.6,0.0,0.0,0.0
5-10 дней,2026-08-26T16:46:17Z,2026-08-31T18:00:00Z,121.2,0.0,0.0,0.0
5-10 дней,2026-08-25T22:34:48Z,2026-09-01T06:00:00Z,151.4,0.0,0.0,0.0
5-10 дней,2026-08-26T04:34:15Z,2026-09-01T06:00:00Z,145.4,0.0,0.0,0.0
5-10 дней,2026-08-26T10:21:58Z,2026-09-01T06:00:00Z,139.6,0.0,0.0,0.0
5-10 дней,2026-08-26T16:46:17Z,2026-09-01T06:00:00Z,133.2,0.0,0.0,0.0
5-10 дней,2026-08-27T03:02:51Z,2026-09-01T06:00:00Z,123.0,0.0,0.0,0.0
