# Нови-Сад / Температура / 0-6ч, 6-24ч, 1-2 дня, 2-3 дня, 3-5 дней / JMA (Япония)
# n=1400, MAE=1.421, RMSE=1.740, bias=+0.072
# skill = 1 - (RMSE/RMSE_персистентности)^2 = 1 - (1.740/2.337)^2 = 0.4457  (RMSE_персистентности по 1400 пар(ам))
# persistence baseline = как вчера в это же время - выбран автоматически как более сильный (ниже RMSE) из двух кандидатов для этого периода, одинаково для всех источников
# «Общий» = объединённый пул пар из периодов: 0-6ч, 6-24ч, 1-2 дня, 2-3 дня, 3-5 дней - метрика посчитана заново по всему пулу, а не усреднена по периодам
#
bucket,fetched_at,valid_time,lead_hours,forecast,observed,persistence,error,abs_error
0-6ч,2026-08-06T09:50:07Z,2026-08-06T10:00:00Z,0.2,35.4,37.2,37.0,-1.8,1.8
0-6ч,2026-08-06T09:50:07Z,2026-08-06T11:00:00Z,1.2,37.4,37.6,37.6,-0.2,0.2
0-6ч,2026-08-06T09:50:07Z,2026-08-06T12:00:00Z,2.2,38.4,37.5,37.1,0.9,0.9
0-6ч,2026-08-06T09:50:07Z,2026-08-06T13:00:00Z,3.2,38.3,38.3,37.8,0.0,0.0
0-6ч,2026-08-06T09:50:07Z,2026-08-06T14:00:00Z,4.2,37.5,38.0,37.7,-0.5,0.5
0-6ч,2026-08-06T09:50:07Z,2026-08-06T15:00:00Z,5.2,36.2,36.8,38.0,-0.6,0.6
0-6ч,2026-08-06T09:59:18Z,2026-08-06T10:00:00Z,0.0,35.4,37.2,37.0,-1.8,1.8
0-6ч,2026-08-06T09:59:18Z,2026-08-06T11:00:00Z,1.0,37.4,37.6,37.6,-0.2,0.2
0-6ч,2026-08-06T09:59:18Z,2026-08-06T12:00:00Z,2.0,38.4,37.5,37.1,0.9,0.9
0-6ч,2026-08-06T09:59:18Z,2026-08-06T13:00:00Z,3.0,38.3,38.3,37.8,0.0,0.0
0-6ч,2026-08-06T09:59:18Z,2026-08-06T14:00:00Z,4.0,37.5,38.0,37.7,-0.5,0.5
0-6ч,2026-08-06T09:59:18Z,2026-08-06T15:00:00Z,5.0,36.2,36.8,38.0,-0.6,0.6
0-6ч,2026-08-06T10:08:26Z,2026-08-06T11:00:00Z,0.9,37.4,37.6,37.6,-0.2,0.2
0-6ч,2026-08-06T10:08:26Z,2026-08-06T12:00:00Z,1.9,38.4,37.5,37.1,0.9,0.9
0-6ч,2026-08-06T10:08:26Z,2026-08-06T13:00:00Z,2.9,38.3,38.3,37.8,0.0,0.0
0-6ч,2026-08-06T10:08:26Z,2026-08-06T14:00:00Z,3.9,37.5,38.0,37.7,-0.5,0.5
0-6ч,2026-08-06T10:08:26Z,2026-08-06T15:00:00Z,4.9,36.2,36.8,38.0,-0.6,0.6
0-6ч,2026-08-06T10:08:26Z,2026-08-06T16:00:00Z,5.9,34.7,30.8,37.0,3.9,3.9
0-6ч,2026-08-06T10:47:54Z,2026-08-06T11:00:00Z,0.2,37.4,37.6,37.6,-0.2,0.2
0-6ч,2026-08-06T10:47:54Z,2026-08-06T12:00:00Z,1.2,38.4,37.5,37.1,0.9,0.9
0-6ч,2026-08-06T10:47:54Z,2026-08-06T13:00:00Z,2.2,38.3,38.3,37.8,0.0,0.0
0-6ч,2026-08-06T10:47:54Z,2026-08-06T14:00:00Z,3.2,37.5,38.0,37.7,-0.5,0.5
0-6ч,2026-08-06T10:47:54Z,2026-08-06T15:00:00Z,4.2,36.2,36.8,38.0,-0.6,0.6
0-6ч,2026-08-06T10:47:54Z,2026-08-06T16:00:00Z,5.2,34.7,30.8,37.0,3.9,3.9
0-6ч,2026-08-06T11:30:42Z,2026-08-06T12:00:00Z,0.5,38.4,37.5,37.1,0.9,0.9
0-6ч,2026-08-06T11:30:42Z,2026-08-06T13:00:00Z,1.5,38.3,38.3,37.8,0.0,0.0
0-6ч,2026-08-06T11:30:42Z,2026-08-06T14:00:00Z,2.5,37.5,38.0,37.7,-0.5,0.5
0-6ч,2026-08-06T11:30:42Z,2026-08-06T15:00:00Z,3.5,36.2,36.8,38.0,-0.6,0.6
0-6ч,2026-08-06T11:30:42Z,2026-08-06T16:00:00Z,4.5,34.7,30.8,37.0,3.9,3.9
0-6ч,2026-08-06T11:30:42Z,2026-08-06T17:00:00Z,5.5,33.1,31.2,35.4,1.9,1.9
0-6ч,2026-08-06T11:36:01Z,2026-08-06T12:00:00Z,0.4,38.4,37.5,37.1,0.9,0.9
0-6ч,2026-08-06T11:36:01Z,2026-08-06T13:00:00Z,1.4,38.3,38.3,37.8,0.0,0.0
0-6ч,2026-08-06T11:36:01Z,2026-08-06T14:00:00Z,2.4,37.5,38.0,37.7,-0.5,0.5
0-6ч,2026-08-06T11:36:01Z,2026-08-06T15:00:00Z,3.4,36.2,36.8,38.0,-0.6,0.6
0-6ч,2026-08-06T11:36:01Z,2026-08-06T16:00:00Z,4.4,34.7,30.8,37.0,3.9,3.9
0-6ч,2026-08-06T11:36:01Z,2026-08-06T17:00:00Z,5.4,33.1,31.2,35.4,1.9,1.9
0-6ч,2026-08-06T11:44:08Z,2026-08-06T12:00:00Z,0.3,38.4,37.5,37.1,0.9,0.9
0-6ч,2026-08-06T11:44:08Z,2026-08-06T13:00:00Z,1.3,38.3,38.3,37.8,0.0,0.0
0-6ч,2026-08-06T11:44:08Z,2026-08-06T14:00:00Z,2.3,37.5,38.0,37.7,-0.5,0.5
0-6ч,2026-08-06T11:44:08Z,2026-08-06T15:00:00Z,3.3,36.2,36.8,38.0,-0.6,0.6
0-6ч,2026-08-06T11:44:08Z,2026-08-06T16:00:00Z,4.3,34.7,30.8,37.0,3.9,3.9
0-6ч,2026-08-06T11:44:08Z,2026-08-06T17:00:00Z,5.3,33.1,31.2,35.4,1.9,1.9
0-6ч,2026-08-07T01:31:32Z,2026-08-07T02:00:00Z,0.5,25.5,24.8,26.5,0.7,0.7
0-6ч,2026-08-07T01:31:32Z,2026-08-07T03:00:00Z,1.5,25.3,24.6,27.2,0.7,0.7
0-6ч,2026-08-07T01:31:32Z,2026-08-07T04:00:00Z,2.5,25.3,24.9,27.5,0.4,0.4
0-6ч,2026-08-07T01:31:32Z,2026-08-07T05:00:00Z,3.5,25.6,26.1,28.4,-0.5,0.5
0-6ч,2026-08-07T01:31:32Z,2026-08-07T06:00:00Z,4.5,26.2,27.0,29.0,-0.8,0.8
0-6ч,2026-08-07T01:31:32Z,2026-08-07T07:00:00Z,5.5,27.4,28.0,31.2,-0.6,0.6
0-6ч,2026-08-07T05:36:00Z,2026-08-07T06:00:00Z,0.4,26.6,27.0,29.0,-0.4,0.4
0-6ч,2026-08-07T05:36:00Z,2026-08-07T07:00:00Z,1.4,27.5,28.0,31.2,-0.5,0.5
0-6ч,2026-08-07T05:36:00Z,2026-08-07T08:00:00Z,2.4,28.8,30.5,33.8,-1.7,1.7
0-6ч,2026-08-07T05:36:00Z,2026-08-07T09:00:00Z,3.4,30.5,33.0,35.7,-2.5,2.5
0-6ч,2026-08-07T05:36:00Z,2026-08-07T10:00:00Z,4.4,32.1,35.0,37.2,-2.9,2.9
0-6ч,2026-08-07T05:36:00Z,2026-08-07T11:00:00Z,5.4,33.4,35.9,37.6,-2.5,2.5
0-6ч,2026-08-07T06:18:59Z,2026-08-07T07:00:00Z,0.7,27.5,28.0,31.2,-0.5,0.5
0-6ч,2026-08-07T06:18:59Z,2026-08-07T08:00:00Z,1.7,28.8,30.5,33.8,-1.7,1.7
0-6ч,2026-08-07T06:18:59Z,2026-08-07T09:00:00Z,2.7,30.5,33.0,35.7,-2.5,2.5
0-6ч,2026-08-07T06:18:59Z,2026-08-07T10:00:00Z,3.7,32.1,35.0,37.2,-2.9,2.9
0-6ч,2026-08-07T06:18:59Z,2026-08-07T11:00:00Z,4.7,33.4,35.9,37.6,-2.5,2.5
0-6ч,2026-08-07T06:18:59Z,2026-08-07T12:00:00Z,5.7,34.2,36.6,37.5,-2.4,2.4
0-6ч,2026-08-07T07:13:52Z,2026-08-07T08:00:00Z,0.8,28.8,30.5,33.8,-1.7,1.7
0-6ч,2026-08-07T07:13:52Z,2026-08-07T09:00:00Z,1.8,30.5,33.0,35.7,-2.5,2.5
0-6ч,2026-08-07T07:13:52Z,2026-08-07T10:00:00Z,2.8,32.1,35.0,37.2,-2.9,2.9
0-6ч,2026-08-07T07:13:52Z,2026-08-07T11:00:00Z,3.8,33.4,35.9,37.6,-2.5,2.5
0-6ч,2026-08-07T07:13:52Z,2026-08-07T12:00:00Z,4.8,34.2,36.6,37.5,-2.4,2.4
0-6ч,2026-08-07T07:13:52Z,2026-08-07T13:00:00Z,5.8,34.3,36.9,38.3,-2.6,2.6
0-6ч,2026-08-07T10:39:14Z,2026-08-07T11:00:00Z,0.3,33.3,35.9,37.6,-2.6,2.6
0-6ч,2026-08-07T10:39:14Z,2026-08-07T12:00:00Z,1.3,33.9,36.6,37.5,-2.7,2.7
0-6ч,2026-08-07T10:39:14Z,2026-08-07T13:00:00Z,2.3,33.9,36.9,38.3,-3.0,3.0
0-6ч,2026-08-07T10:39:14Z,2026-08-07T14:00:00Z,3.3,33.5,37.2,38.0,-3.7,3.7
0-6ч,2026-08-07T10:39:14Z,2026-08-07T15:00:00Z,4.3,32.9,36.4,36.8,-3.5,3.5
0-6ч,2026-08-07T10:39:14Z,2026-08-07T16:00:00Z,5.3,32.0,34.4,30.8,-2.4,2.4
0-6ч,2026-08-07T16:51:54Z,2026-08-07T17:00:00Z,0.1,32.6,34.2,31.2,-1.6,1.6
0-6ч,2026-08-07T16:51:54Z,2026-08-07T18:00:00Z,1.1,32.0,32.0,30.4,0.0,0.0
0-6ч,2026-08-07T16:51:54Z,2026-08-07T19:00:00Z,2.1,31.2,29.3,28.6,1.9,1.9
0-6ч,2026-08-07T16:51:54Z,2026-08-07T20:00:00Z,3.1,30.3,28.2,28.8,2.1,2.1
0-6ч,2026-08-07T16:51:54Z,2026-08-07T21:00:00Z,4.1,29.3,27.2,27.6,2.1,2.1
0-6ч,2026-08-07T16:51:54Z,2026-08-07T22:00:00Z,5.1,28.3,27.1,27.1,1.2,1.2
0-6ч,2026-08-07T22:45:57Z,2026-08-07T23:00:00Z,0.2,27.1,25.7,26.3,1.4,1.4
0-6ч,2026-08-07T22:45:57Z,2026-08-08T00:00:00Z,1.2,26.4,25.6,25.6,0.8,0.8
0-6ч,2026-08-07T22:45:57Z,2026-08-08T01:00:00Z,2.2,25.7,25.1,25.3,0.6,0.6
0-6ч,2026-08-07T22:45:57Z,2026-08-08T02:00:00Z,3.2,24.9,23.0,24.8,1.9,1.9
0-6ч,2026-08-07T22:45:57Z,2026-08-08T03:00:00Z,4.2,24.2,21.4,24.6,2.8,2.8
0-6ч,2026-08-07T22:45:57Z,2026-08-08T04:00:00Z,5.2,23.7,21.2,24.9,2.5,2.5
0-6ч,2026-08-07T23:19:23Z,2026-08-08T00:00:00Z,0.7,26.4,25.6,25.6,0.8,0.8
0-6ч,2026-08-07T23:19:23Z,2026-08-08T01:00:00Z,1.7,25.7,25.1,25.3,0.6,0.6
0-6ч,2026-08-07T23:19:23Z,2026-08-08T02:00:00Z,2.7,24.9,23.0,24.8,1.9,1.9
0-6ч,2026-08-07T23:19:23Z,2026-08-08T03:00:00Z,3.7,24.2,21.4,24.6,2.8,2.8
0-6ч,2026-08-07T23:19:23Z,2026-08-08T04:00:00Z,4.7,23.7,21.2,24.9,2.5,2.5
0-6ч,2026-08-07T23:19:23Z,2026-08-08T05:00:00Z,5.7,23.4,21.7,26.1,1.7,1.7
0-6ч,2026-08-08T04:50:53Z,2026-08-08T05:00:00Z,0.2,24.1,21.7,26.1,2.4,2.4
0-6ч,2026-08-08T04:50:53Z,2026-08-08T06:00:00Z,1.2,24.3,22.6,27.0,1.7,1.7
0-6ч,2026-08-08T04:50:53Z,2026-08-08T07:00:00Z,2.2,25.2,24.4,28.0,0.8,0.8
0-6ч,2026-08-08T04:50:53Z,2026-08-08T08:00:00Z,3.2,26.7,25.6,30.5,1.1,1.1
0-6ч,2026-08-08T04:50:53Z,2026-08-08T09:00:00Z,4.2,28.5,28.1,33.0,0.4,0.4
0-6ч,2026-08-08T04:50:53Z,2026-08-08T10:00:00Z,5.2,30.3,29.7,35.0,0.6,0.6
0-6ч,2026-08-08T10:18:13Z,2026-08-08T11:00:00Z,0.7,28.1,30.9,35.9,-2.8,2.8
0-6ч,2026-08-08T10:18:13Z,2026-08-08T12:00:00Z,1.7,28.7,31.4,36.6,-2.7,2.7
0-6ч,2026-08-08T10:18:13Z,2026-08-08T13:00:00Z,2.7,28.9,32.0,36.9,-3.1,3.1
0-6ч,2026-08-08T10:18:13Z,2026-08-08T14:00:00Z,3.7,29.0,31.3,37.2,-2.3,2.3
0-6ч,2026-08-08T10:18:13Z,2026-08-08T15:00:00Z,4.7,28.9,32.0,36.4,-3.1,3.1
0-6ч,2026-08-08T10:18:13Z,2026-08-08T16:00:00Z,5.7,28.6,31.3,34.4,-2.7,2.7
0-6ч,2026-08-08T22:37:20Z,2026-08-08T23:00:00Z,0.4,25.5,24.9,25.7,0.6,0.6
0-6ч,2026-08-08T22:37:20Z,2026-08-09T00:00:00Z,1.4,24.8,24.2,25.6,0.6,0.6
0-6ч,2026-08-08T22:37:20Z,2026-08-09T01:00:00Z,2.4,24.2,23.8,25.1,0.4,0.4
0-6ч,2026-08-08T22:37:20Z,2026-08-09T02:00:00Z,3.4,23.5,22.8,23.0,0.7,0.7
0-6ч,2026-08-08T22:37:20Z,2026-08-09T03:00:00Z,4.4,22.9,21.3,21.4,1.6,1.6
0-6ч,2026-08-08T22:37:20Z,2026-08-09T04:00:00Z,5.4,22.4,20.7,21.2,1.7,1.7
0-6ч,2026-08-09T04:59:03Z,2026-08-09T05:00:00Z,0.0,22.4,21.8,21.7,0.6,0.6
0-6ч,2026-08-09T04:59:03Z,2026-08-09T06:00:00Z,1.0,22.8,23.2,22.6,-0.4,0.4
0-6ч,2026-08-09T04:59:03Z,2026-08-09T07:00:00Z,2.0,23.8,24.7,24.4,-0.9,0.9
0-6ч,2026-08-09T04:59:03Z,2026-08-09T08:00:00Z,3.0,25.6,27.1,25.6,-1.5,1.5
0-6ч,2026-08-09T04:59:03Z,2026-08-09T09:00:00Z,4.0,27.7,28.8,28.1,-1.1,1.1
0-6ч,2026-08-09T04:59:03Z,2026-08-09T10:00:00Z,5.0,29.7,30.1,29.7,-0.4,0.4
0-6ч,2026-08-09T10:19:29Z,2026-08-09T11:00:00Z,0.7,31.4,30.8,30.9,0.6,0.6
0-6ч,2026-08-09T10:19:29Z,2026-08-09T12:00:00Z,1.7,32.3,32.4,31.4,-0.1,0.1
0-6ч,2026-08-09T10:19:29Z,2026-08-09T13:00:00Z,2.7,32.3,32.7,32.0,-0.4,0.4
0-6ч,2026-08-09T10:19:29Z,2026-08-09T14:00:00Z,3.7,31.7,33.2,31.3,-1.5,1.5
0-6ч,2026-08-09T10:19:29Z,2026-08-09T15:00:00Z,4.7,30.7,33.1,32.0,-2.4,2.4
0-6ч,2026-08-09T10:19:29Z,2026-08-09T16:00:00Z,5.7,29.5,32.2,31.3,-2.7,2.7
0-6ч,2026-08-09T12:41:38Z,2026-08-09T13:00:00Z,0.3,32.3,32.7,32.0,-0.4,0.4
0-6ч,2026-08-09T12:41:38Z,2026-08-09T14:00:00Z,1.3,31.7,33.2,31.3,-1.5,1.5
0-6ч,2026-08-09T12:41:38Z,2026-08-09T15:00:00Z,2.3,30.7,33.1,32.0,-2.4,2.4
0-6ч,2026-08-09T12:41:38Z,2026-08-09T16:00:00Z,3.3,29.5,32.2,31.3,-2.7,2.7
0-6ч,2026-08-09T12:41:38Z,2026-08-09T17:00:00Z,4.3,28.2,30.8,30.0,-2.6,2.6
0-6ч,2026-08-09T12:41:38Z,2026-08-09T18:00:00Z,5.3,27.1,29.7,29.2,-2.6,2.6
0-6ч,2026-08-09T12:45:53Z,2026-08-09T13:00:00Z,0.2,32.3,32.7,32.0,-0.4,0.4
0-6ч,2026-08-09T12:45:53Z,2026-08-09T14:00:00Z,1.2,31.7,33.2,31.3,-1.5,1.5
0-6ч,2026-08-09T12:45:53Z,2026-08-09T15:00:00Z,2.2,30.7,33.1,32.0,-2.4,2.4
0-6ч,2026-08-09T12:45:53Z,2026-08-09T16:00:00Z,3.2,29.5,32.2,31.3,-2.7,2.7
0-6ч,2026-08-09T12:45:53Z,2026-08-09T17:00:00Z,4.2,28.2,30.8,30.0,-2.6,2.6
0-6ч,2026-08-09T12:45:53Z,2026-08-09T18:00:00Z,5.2,27.1,29.7,29.2,-2.6,2.6
0-6ч,2026-08-09T12:48:15Z,2026-08-09T13:00:00Z,0.2,32.3,32.7,32.0,-0.4,0.4
0-6ч,2026-08-09T12:48:15Z,2026-08-09T14:00:00Z,1.2,31.7,33.2,31.3,-1.5,1.5
0-6ч,2026-08-09T12:48:15Z,2026-08-09T15:00:00Z,2.2,30.7,33.1,32.0,-2.4,2.4
0-6ч,2026-08-09T12:48:15Z,2026-08-09T16:00:00Z,3.2,29.5,32.2,31.3,-2.7,2.7
0-6ч,2026-08-09T12:48:15Z,2026-08-09T17:00:00Z,4.2,28.2,30.8,30.0,-2.6,2.6
0-6ч,2026-08-09T12:48:15Z,2026-08-09T18:00:00Z,5.2,27.1,29.7,29.2,-2.6,2.6
0-6ч,2026-08-09T16:31:44Z,2026-08-09T17:00:00Z,0.5,28.2,30.8,30.0,-2.6,2.6
0-6ч,2026-08-09T16:31:44Z,2026-08-09T18:00:00Z,1.5,27.1,29.7,29.2,-2.6,2.6
0-6ч,2026-08-09T16:31:44Z,2026-08-09T19:00:00Z,2.5,25.9,28.3,28.4,-2.4,2.4
0-6ч,2026-08-09T16:31:44Z,2026-08-09T20:00:00Z,3.5,24.5,27.3,27.6,-2.8,2.8
0-6ч,2026-08-09T16:31:44Z,2026-08-09T21:00:00Z,4.5,23.0,26.6,26.6,-3.6,3.6
0-6ч,2026-08-09T16:31:44Z,2026-08-09T22:00:00Z,5.5,21.7,24.9,25.4,-3.2,3.2
0-6ч,2026-08-09T22:39:09Z,2026-08-09T23:00:00Z,0.3,20.5,24.0,24.9,-3.5,3.5
0-6ч,2026-08-09T22:39:09Z,2026-08-10T00:00:00Z,1.3,19.9,23.3,24.2,-3.4,3.4
0-6ч,2026-08-09T22:39:09Z,2026-08-10T01:00:00Z,2.3,19.8,22.9,23.8,-3.1,3.1
0-6ч,2026-08-09T22:39:09Z,2026-08-10T02:00:00Z,3.3,20.0,23.1,22.8,-3.1,3.1
0-6ч,2026-08-09T22:39:09Z,2026-08-10T03:00:00Z,4.3,20.4,22.6,21.3,-2.2,2.2
0-6ч,2026-08-09T22:39:09Z,2026-08-10T04:00:00Z,5.3,21.1,21.3,20.7,-0.2,0.2
6-24ч,2026-08-06T09:50:07Z,2026-08-06T16:00:00Z,6.2,34.7,30.8,37.0,3.9,3.9
6-24ч,2026-08-06T09:50:07Z,2026-08-06T17:00:00Z,7.2,33.1,31.2,35.4,1.9,1.9
6-24ч,2026-08-06T09:50:07Z,2026-08-06T18:00:00Z,8.2,31.9,30.4,33.6,1.5,1.5
6-24ч,2026-08-06T09:50:07Z,2026-08-06T19:00:00Z,9.2,30.9,28.6,31.3,2.3,2.3
6-24ч,2026-08-06T09:50:07Z,2026-08-06T20:00:00Z,10.2,29.9,28.8,30.3,1.1,1.1
6-24ч,2026-08-06T09:50:07Z,2026-08-06T21:00:00Z,11.2,28.8,27.6,29.3,1.2,1.2
6-24ч,2026-08-06T09:50:07Z,2026-08-06T22:00:00Z,12.2,27.9,27.1,28.5,0.8,0.8
6-24ч,2026-08-06T09:50:07Z,2026-08-06T23:00:00Z,13.2,27.1,26.3,28.0,0.8,0.8
6-24ч,2026-08-06T09:50:07Z,2026-08-07T00:00:00Z,14.2,26.5,25.6,27.4,0.9,0.9
6-24ч,2026-08-06T09:50:07Z,2026-08-07T01:00:00Z,15.2,26.1,25.3,27.2,0.8,0.8
6-24ч,2026-08-06T09:50:07Z,2026-08-07T02:00:00Z,16.2,25.7,24.8,26.5,0.9,0.9
6-24ч,2026-08-06T09:50:07Z,2026-08-07T03:00:00Z,17.2,25.5,24.6,27.2,0.9,0.9
6-24ч,2026-08-06T09:50:07Z,2026-08-07T04:00:00Z,18.2,25.4,24.9,27.5,0.5,0.5
6-24ч,2026-08-06T09:50:07Z,2026-08-07T05:00:00Z,19.2,25.7,26.1,28.4,-0.4,0.4
6-24ч,2026-08-06T09:50:07Z,2026-08-07T06:00:00Z,20.2,26.3,27.0,29.0,-0.7,0.7
6-24ч,2026-08-06T09:50:07Z,2026-08-07T07:00:00Z,21.2,27.5,28.0,31.2,-0.5,0.5
6-24ч,2026-08-06T09:50:07Z,2026-08-07T08:00:00Z,22.2,29.3,30.5,33.8,-1.2,1.2
6-24ч,2026-08-06T09:50:07Z,2026-08-07T09:00:00Z,23.2,31.4,33.0,35.7,-1.6,1.6
6-24ч,2026-08-06T09:59:18Z,2026-08-06T16:00:00Z,6.0,34.7,30.8,37.0,3.9,3.9
6-24ч,2026-08-06T09:59:18Z,2026-08-06T17:00:00Z,7.0,33.1,31.2,35.4,1.9,1.9
6-24ч,2026-08-06T09:59:18Z,2026-08-06T18:00:00Z,8.0,31.9,30.4,33.6,1.5,1.5
6-24ч,2026-08-06T09:59:18Z,2026-08-06T19:00:00Z,9.0,30.9,28.6,31.3,2.3,2.3
6-24ч,2026-08-06T09:59:18Z,2026-08-06T20:00:00Z,10.0,29.9,28.8,30.3,1.1,1.1
6-24ч,2026-08-06T09:59:18Z,2026-08-06T21:00:00Z,11.0,28.8,27.6,29.3,1.2,1.2
6-24ч,2026-08-06T09:59:18Z,2026-08-06T22:00:00Z,12.0,27.9,27.1,28.5,0.8,0.8
6-24ч,2026-08-06T09:59:18Z,2026-08-06T23:00:00Z,13.0,27.1,26.3,28.0,0.8,0.8
6-24ч,2026-08-06T09:59:18Z,2026-08-07T00:00:00Z,14.0,26.5,25.6,27.4,0.9,0.9
6-24ч,2026-08-06T09:59:18Z,2026-08-07T01:00:00Z,15.0,26.1,25.3,27.2,0.8,0.8
6-24ч,2026-08-06T09:59:18Z,2026-08-07T02:00:00Z,16.0,25.7,24.8,26.5,0.9,0.9
6-24ч,2026-08-06T09:59:18Z,2026-08-07T03:00:00Z,17.0,25.5,24.6,27.2,0.9,0.9
6-24ч,2026-08-06T09:59:18Z,2026-08-07T04:00:00Z,18.0,25.4,24.9,27.5,0.5,0.5
6-24ч,2026-08-06T09:59:18Z,2026-08-07T05:00:00Z,19.0,25.7,26.1,28.4,-0.4,0.4
6-24ч,2026-08-06T09:59:18Z,2026-08-07T06:00:00Z,20.0,26.3,27.0,29.0,-0.7,0.7
6-24ч,2026-08-06T09:59:18Z,2026-08-07T07:00:00Z,21.0,27.5,28.0,31.2,-0.5,0.5
6-24ч,2026-08-06T09:59:18Z,2026-08-07T08:00:00Z,22.0,29.3,30.5,33.8,-1.2,1.2
6-24ч,2026-08-06T09:59:18Z,2026-08-07T09:00:00Z,23.0,31.4,33.0,35.7,-1.6,1.6
6-24ч,2026-08-06T10:08:26Z,2026-08-06T17:00:00Z,6.9,33.1,31.2,35.4,1.9,1.9
6-24ч,2026-08-06T10:08:26Z,2026-08-06T18:00:00Z,7.9,31.9,30.4,33.6,1.5,1.5
6-24ч,2026-08-06T10:08:26Z,2026-08-06T19:00:00Z,8.9,30.9,28.6,31.3,2.3,2.3
6-24ч,2026-08-06T10:08:26Z,2026-08-06T20:00:00Z,9.9,29.9,28.8,30.3,1.1,1.1
6-24ч,2026-08-06T10:08:26Z,2026-08-06T21:00:00Z,10.9,28.8,27.6,29.3,1.2,1.2
6-24ч,2026-08-06T10:08:26Z,2026-08-06T22:00:00Z,11.9,27.9,27.1,28.5,0.8,0.8
6-24ч,2026-08-06T10:08:26Z,2026-08-06T23:00:00Z,12.9,27.1,26.3,28.0,0.8,0.8
6-24ч,2026-08-06T10:08:26Z,2026-08-07T00:00:00Z,13.9,26.5,25.6,27.4,0.9,0.9
6-24ч,2026-08-06T10:08:26Z,2026-08-07T01:00:00Z,14.9,26.1,25.3,27.2,0.8,0.8
6-24ч,2026-08-06T10:08:26Z,2026-08-07T02:00:00Z,15.9,25.7,24.8,26.5,0.9,0.9
6-24ч,2026-08-06T10:08:26Z,2026-08-07T03:00:00Z,16.9,25.5,24.6,27.2,0.9,0.9
6-24ч,2026-08-06T10:08:26Z,2026-08-07T04:00:00Z,17.9,25.4,24.9,27.5,0.5,0.5
6-24ч,2026-08-06T10:08:26Z,2026-08-07T05:00:00Z,18.9,25.7,26.1,28.4,-0.4,0.4
6-24ч,2026-08-06T10:08:26Z,2026-08-07T06:00:00Z,19.9,26.3,27.0,29.0,-0.7,0.7
6-24ч,2026-08-06T10:08:26Z,2026-08-07T07:00:00Z,20.9,27.5,28.0,31.2,-0.5,0.5
6-24ч,2026-08-06T10:08:26Z,2026-08-07T08:00:00Z,21.9,29.3,30.5,33.8,-1.2,1.2
6-24ч,2026-08-06T10:08:26Z,2026-08-07T09:00:00Z,22.9,31.4,33.0,35.7,-1.6,1.6
6-24ч,2026-08-06T10:08:26Z,2026-08-07T10:00:00Z,23.9,33.4,35.0,37.2,-1.6,1.6
6-24ч,2026-08-06T10:47:54Z,2026-08-06T17:00:00Z,6.2,33.1,31.2,35.4,1.9,1.9
6-24ч,2026-08-06T10:47:54Z,2026-08-06T18:00:00Z,7.2,31.9,30.4,33.6,1.5,1.5
6-24ч,2026-08-06T10:47:54Z,2026-08-06T19:00:00Z,8.2,30.9,28.6,31.3,2.3,2.3
6-24ч,2026-08-06T10:47:54Z,2026-08-06T20:00:00Z,9.2,29.9,28.8,30.3,1.1,1.1
6-24ч,2026-08-06T10:47:54Z,2026-08-06T21:00:00Z,10.2,28.8,27.6,29.3,1.2,1.2
6-24ч,2026-08-06T10:47:54Z,2026-08-06T22:00:00Z,11.2,27.9,27.1,28.5,0.8,0.8
6-24ч,2026-08-06T10:47:54Z,2026-08-06T23:00:00Z,12.2,27.1,26.3,28.0,0.8,0.8
6-24ч,2026-08-06T10:47:54Z,2026-08-07T00:00:00Z,13.2,26.5,25.6,27.4,0.9,0.9
6-24ч,2026-08-06T10:47:54Z,2026-08-07T01:00:00Z,14.2,26.1,25.3,27.2,0.8,0.8
6-24ч,2026-08-06T10:47:54Z,2026-08-07T02:00:00Z,15.2,25.7,24.8,26.5,0.9,0.9
6-24ч,2026-08-06T10:47:54Z,2026-08-07T03:00:00Z,16.2,25.5,24.6,27.2,0.9,0.9
6-24ч,2026-08-06T10:47:54Z,2026-08-07T04:00:00Z,17.2,25.4,24.9,27.5,0.5,0.5
6-24ч,2026-08-06T10:47:54Z,2026-08-07T05:00:00Z,18.2,25.7,26.1,28.4,-0.4,0.4
6-24ч,2026-08-06T10:47:54Z,2026-08-07T06:00:00Z,19.2,26.3,27.0,29.0,-0.7,0.7
6-24ч,2026-08-06T10:47:54Z,2026-08-07T07:00:00Z,20.2,27.5,28.0,31.2,-0.5,0.5
6-24ч,2026-08-06T10:47:54Z,2026-08-07T08:00:00Z,21.2,29.3,30.5,33.8,-1.2,1.2
6-24ч,2026-08-06T10:47:54Z,2026-08-07T09:00:00Z,22.2,31.4,33.0,35.7,-1.6,1.6
6-24ч,2026-08-06T10:47:54Z,2026-08-07T10:00:00Z,23.2,33.4,35.0,37.2,-1.6,1.6
6-24ч,2026-08-06T11:30:42Z,2026-08-06T18:00:00Z,6.5,31.9,30.4,33.6,1.5,1.5
6-24ч,2026-08-06T11:30:42Z,2026-08-06T19:00:00Z,7.5,30.9,28.6,31.3,2.3,2.3
6-24ч,2026-08-06T11:30:42Z,2026-08-06T20:00:00Z,8.5,29.9,28.8,30.3,1.1,1.1
6-24ч,2026-08-06T11:30:42Z,2026-08-06T21:00:00Z,9.5,28.8,27.6,29.3,1.2,1.2
6-24ч,2026-08-06T11:30:42Z,2026-08-06T22:00:00Z,10.5,27.9,27.1,28.5,0.8,0.8
6-24ч,2026-08-06T11:30:42Z,2026-08-06T23:00:00Z,11.5,27.1,26.3,28.0,0.8,0.8
6-24ч,2026-08-06T11:30:42Z,2026-08-07T00:00:00Z,12.5,26.5,25.6,27.4,0.9,0.9
6-24ч,2026-08-06T11:30:42Z,2026-08-07T01:00:00Z,13.5,26.1,25.3,27.2,0.8,0.8
6-24ч,2026-08-06T11:30:42Z,2026-08-07T02:00:00Z,14.5,25.7,24.8,26.5,0.9,0.9
6-24ч,2026-08-06T11:30:42Z,2026-08-07T03:00:00Z,15.5,25.5,24.6,27.2,0.9,0.9
6-24ч,2026-08-06T11:30:42Z,2026-08-07T04:00:00Z,16.5,25.4,24.9,27.5,0.5,0.5
6-24ч,2026-08-06T11:30:42Z,2026-08-07T05:00:00Z,17.5,25.7,26.1,28.4,-0.4,0.4
6-24ч,2026-08-06T11:30:42Z,2026-08-07T06:00:00Z,18.5,26.3,27.0,29.0,-0.7,0.7
6-24ч,2026-08-06T11:30:42Z,2026-08-07T07:00:00Z,19.5,27.5,28.0,31.2,-0.5,0.5
6-24ч,2026-08-06T11:30:42Z,2026-08-07T08:00:00Z,20.5,29.3,30.5,33.8,-1.2,1.2
6-24ч,2026-08-06T11:30:42Z,2026-08-07T09:00:00Z,21.5,31.4,33.0,35.7,-1.6,1.6
6-24ч,2026-08-06T11:30:42Z,2026-08-07T10:00:00Z,22.5,33.4,35.0,37.2,-1.6,1.6
6-24ч,2026-08-06T11:30:42Z,2026-08-07T11:00:00Z,23.5,35.0,35.9,37.6,-0.9,0.9
6-24ч,2026-08-06T11:36:01Z,2026-08-06T18:00:00Z,6.4,31.9,30.4,33.6,1.5,1.5
6-24ч,2026-08-06T11:36:01Z,2026-08-06T19:00:00Z,7.4,30.9,28.6,31.3,2.3,2.3
6-24ч,2026-08-06T11:36:01Z,2026-08-06T20:00:00Z,8.4,29.9,28.8,30.3,1.1,1.1
6-24ч,2026-08-06T11:36:01Z,2026-08-06T21:00:00Z,9.4,28.8,27.6,29.3,1.2,1.2
6-24ч,2026-08-06T11:36:01Z,2026-08-06T22:00:00Z,10.4,27.9,27.1,28.5,0.8,0.8
6-24ч,2026-08-06T11:36:01Z,2026-08-06T23:00:00Z,11.4,27.1,26.3,28.0,0.8,0.8
6-24ч,2026-08-06T11:36:01Z,2026-08-07T00:00:00Z,12.4,26.5,25.6,27.4,0.9,0.9
6-24ч,2026-08-06T11:36:01Z,2026-08-07T01:00:00Z,13.4,26.1,25.3,27.2,0.8,0.8
6-24ч,2026-08-06T11:36:01Z,2026-08-07T02:00:00Z,14.4,25.7,24.8,26.5,0.9,0.9
6-24ч,2026-08-06T11:36:01Z,2026-08-07T03:00:00Z,15.4,25.5,24.6,27.2,0.9,0.9
6-24ч,2026-08-06T11:36:01Z,2026-08-07T04:00:00Z,16.4,25.4,24.9,27.5,0.5,0.5
6-24ч,2026-08-06T11:36:01Z,2026-08-07T05:00:00Z,17.4,25.7,26.1,28.4,-0.4,0.4
6-24ч,2026-08-06T11:36:01Z,2026-08-07T06:00:00Z,18.4,26.3,27.0,29.0,-0.7,0.7
6-24ч,2026-08-06T11:36:01Z,2026-08-07T07:00:00Z,19.4,27.5,28.0,31.2,-0.5,0.5
6-24ч,2026-08-06T11:36:01Z,2026-08-07T08:00:00Z,20.4,29.3,30.5,33.8,-1.2,1.2
6-24ч,2026-08-06T11:36:01Z,2026-08-07T09:00:00Z,21.4,31.4,33.0,35.7,-1.6,1.6
6-24ч,2026-08-06T11:36:01Z,2026-08-07T10:00:00Z,22.4,33.4,35.0,37.2,-1.6,1.6
6-24ч,2026-08-06T11:36:01Z,2026-08-07T11:00:00Z,23.4,35.0,35.9,37.6,-0.9,0.9
6-24ч,2026-08-06T11:44:08Z,2026-08-06T18:00:00Z,6.3,31.9,30.4,33.6,1.5,1.5
6-24ч,2026-08-06T11:44:08Z,2026-08-06T19:00:00Z,7.3,30.9,28.6,31.3,2.3,2.3
6-24ч,2026-08-06T11:44:08Z,2026-08-06T20:00:00Z,8.3,29.9,28.8,30.3,1.1,1.1
6-24ч,2026-08-06T11:44:08Z,2026-08-06T21:00:00Z,9.3,28.8,27.6,29.3,1.2,1.2
6-24ч,2026-08-06T11:44:08Z,2026-08-06T22:00:00Z,10.3,27.9,27.1,28.5,0.8,0.8
6-24ч,2026-08-06T11:44:08Z,2026-08-06T23:00:00Z,11.3,27.1,26.3,28.0,0.8,0.8
6-24ч,2026-08-06T11:44:08Z,2026-08-07T00:00:00Z,12.3,26.5,25.6,27.4,0.9,0.9
6-24ч,2026-08-06T11:44:08Z,2026-08-07T01:00:00Z,13.3,26.1,25.3,27.2,0.8,0.8
6-24ч,2026-08-06T11:44:08Z,2026-08-07T02:00:00Z,14.3,25.7,24.8,26.5,0.9,0.9
6-24ч,2026-08-06T11:44:08Z,2026-08-07T03:00:00Z,15.3,25.5,24.6,27.2,0.9,0.9
6-24ч,2026-08-06T11:44:08Z,2026-08-07T04:00:00Z,16.3,25.4,24.9,27.5,0.5,0.5
6-24ч,2026-08-06T11:44:08Z,2026-08-07T05:00:00Z,17.3,25.7,26.1,28.4,-0.4,0.4
6-24ч,2026-08-06T11:44:08Z,2026-08-07T06:00:00Z,18.3,26.3,27.0,29.0,-0.7,0.7
6-24ч,2026-08-06T11:44:08Z,2026-08-07T07:00:00Z,19.3,27.5,28.0,31.2,-0.5,0.5
6-24ч,2026-08-06T11:44:08Z,2026-08-07T08:00:00Z,20.3,29.3,30.5,33.8,-1.2,1.2
6-24ч,2026-08-06T11:44:08Z,2026-08-07T09:00:00Z,21.3,31.4,33.0,35.7,-1.6,1.6
6-24ч,2026-08-06T11:44:08Z,2026-08-07T10:00:00Z,22.3,33.4,35.0,37.2,-1.6,1.6
6-24ч,2026-08-06T11:44:08Z,2026-08-07T11:00:00Z,23.3,35.0,35.9,37.6,-0.9,0.9
6-24ч,2026-08-07T01:31:32Z,2026-08-07T08:00:00Z,6.5,29.2,30.5,33.8,-1.3,1.3
6-24ч,2026-08-07T01:31:32Z,2026-08-07T09:00:00Z,7.5,31.3,33.0,35.7,-1.7,1.7
6-24ч,2026-08-07T01:31:32Z,2026-08-07T10:00:00Z,8.5,33.3,35.0,37.2,-1.7,1.7
6-24ч,2026-08-07T01:31:32Z,2026-08-07T11:00:00Z,9.5,35.0,35.9,37.6,-0.9,0.9
6-24ч,2026-08-07T01:31:32Z,2026-08-07T12:00:00Z,10.5,36.0,36.6,37.5,-0.6,0.6
6-24ч,2026-08-07T01:31:32Z,2026-08-07T13:00:00Z,11.5,36.3,36.9,38.3,-0.6,0.6
6-24ч,2026-08-07T01:31:32Z,2026-08-07T14:00:00Z,12.5,36.1,37.2,38.0,-1.1,1.1
6-24ч,2026-08-07T01:31:32Z,2026-08-07T15:00:00Z,13.5,35.6,36.4,36.8,-0.8,0.8
6-24ч,2026-08-07T01:31:32Z,2026-08-07T16:00:00Z,14.5,34.8,34.4,30.8,0.4,0.4
6-24ч,2026-08-07T01:31:32Z,2026-08-07T17:00:00Z,15.5,33.9,34.2,31.2,-0.3,0.3
6-24ч,2026-08-07T01:31:32Z,2026-08-07T18:00:00Z,16.5,33.0,32.0,30.4,1.0,1.0
6-24ч,2026-08-07T01:31:32Z,2026-08-07T19:00:00Z,17.5,31.9,29.3,28.6,2.6,2.6
6-24ч,2026-08-07T01:31:32Z,2026-08-07T20:00:00Z,18.5,30.5,28.2,28.8,2.3,2.3
6-24ч,2026-08-07T01:31:32Z,2026-08-07T21:00:00Z,19.5,29.0,27.2,27.6,1.8,1.8
6-24ч,2026-08-07T01:31:32Z,2026-08-07T22:00:00Z,20.5,27.5,27.1,27.1,0.4,0.4
6-24ч,2026-08-07T01:31:32Z,2026-08-07T23:00:00Z,21.5,26.2,25.7,26.3,0.5,0.5
6-24ч,2026-08-07T01:31:32Z,2026-08-08T00:00:00Z,22.5,25.3,25.6,25.6,-0.3,0.3
6-24ч,2026-08-07T01:31:32Z,2026-08-08T01:00:00Z,23.5,24.7,25.1,25.3,-0.4,0.4
6-24ч,2026-08-07T05:36:00Z,2026-08-07T12:00:00Z,6.4,34.2,36.6,37.5,-2.4,2.4
6-24ч,2026-08-07T05:36:00Z,2026-08-07T13:00:00Z,7.4,34.3,36.9,38.3,-2.6,2.6
6-24ч,2026-08-07T05:36:00Z,2026-08-07T14:00:00Z,8.4,34.1,37.2,38.0,-3.1,3.1
6-24ч,2026-08-07T05:36:00Z,2026-08-07T15:00:00Z,9.4,33.6,36.4,36.8,-2.8,2.8
6-24ч,2026-08-07T05:36:00Z,2026-08-07T16:00:00Z,10.4,32.9,34.4,30.8,-1.5,1.5
6-24ч,2026-08-07T05:36:00Z,2026-08-07T17:00:00Z,11.4,32.2,34.2,31.2,-2.0,2.0
6-24ч,2026-08-07T05:36:00Z,2026-08-07T18:00:00Z,12.4,31.5,32.0,30.4,-0.5,0.5
6-24ч,2026-08-07T05:36:00Z,2026-08-07T19:00:00Z,13.4,30.8,29.3,28.6,1.5,1.5
6-24ч,2026-08-07T05:36:00Z,2026-08-07T20:00:00Z,14.4,30.1,28.2,28.8,1.9,1.9
6-24ч,2026-08-07T05:36:00Z,2026-08-07T21:00:00Z,15.4,29.2,27.2,27.6,2.0,2.0
6-24ч,2026-08-07T05:36:00Z,2026-08-07T22:00:00Z,16.4,28.4,27.1,27.1,1.3,1.3
6-24ч,2026-08-07T05:36:00Z,2026-08-07T23:00:00Z,17.4,27.6,25.7,26.3,1.9,1.9
6-24ч,2026-08-07T05:36:00Z,2026-08-08T00:00:00Z,18.4,26.9,25.6,25.6,1.3,1.3
6-24ч,2026-08-07T05:36:00Z,2026-08-08T01:00:00Z,19.4,26.2,25.1,25.3,1.1,1.1
6-24ч,2026-08-07T05:36:00Z,2026-08-08T02:00:00Z,20.4,25.4,23.0,24.8,2.4,2.4
6-24ч,2026-08-07T05:36:00Z,2026-08-08T03:00:00Z,21.4,24.7,21.4,24.6,3.3,3.3
6-24ч,2026-08-07T05:36:00Z,2026-08-08T04:00:00Z,22.4,24.2,21.2,24.9,3.0,3.0
6-24ч,2026-08-07T05:36:00Z,2026-08-08T05:00:00Z,23.4,23.9,21.7,26.1,2.2,2.2
6-24ч,2026-08-07T06:18:59Z,2026-08-07T13:00:00Z,6.7,34.3,36.9,38.3,-2.6,2.6
6-24ч,2026-08-07T06:18:59Z,2026-08-07T14:00:00Z,7.7,34.1,37.2,38.0,-3.1,3.1
6-24ч,2026-08-07T06:18:59Z,2026-08-07T15:00:00Z,8.7,33.6,36.4,36.8,-2.8,2.8
6-24ч,2026-08-07T06:18:59Z,2026-08-07T16:00:00Z,9.7,32.9,34.4,30.8,-1.5,1.5
6-24ч,2026-08-07T06:18:59Z,2026-08-07T17:00:00Z,10.7,32.2,34.2,31.2,-2.0,2.0
6-24ч,2026-08-07T06:18:59Z,2026-08-07T18:00:00Z,11.7,31.5,32.0,30.4,-0.5,0.5
6-24ч,2026-08-07T06:18:59Z,2026-08-07T19:00:00Z,12.7,30.8,29.3,28.6,1.5,1.5
6-24ч,2026-08-07T06:18:59Z,2026-08-07T20:00:00Z,13.7,30.1,28.2,28.8,1.9,1.9
6-24ч,2026-08-07T06:18:59Z,2026-08-07T21:00:00Z,14.7,29.2,27.2,27.6,2.0,2.0
6-24ч,2026-08-07T06:18:59Z,2026-08-07T22:00:00Z,15.7,28.4,27.1,27.1,1.3,1.3
6-24ч,2026-08-07T06:18:59Z,2026-08-07T23:00:00Z,16.7,27.6,25.7,26.3,1.9,1.9
6-24ч,2026-08-07T06:18:59Z,2026-08-08T00:00:00Z,17.7,26.9,25.6,25.6,1.3,1.3
6-24ч,2026-08-07T06:18:59Z,2026-08-08T01:00:00Z,18.7,26.2,25.1,25.3,1.1,1.1
6-24ч,2026-08-07T06:18:59Z,2026-08-08T02:00:00Z,19.7,25.4,23.0,24.8,2.4,2.4
6-24ч,2026-08-07T06:18:59Z,2026-08-08T03:00:00Z,20.7,24.7,21.4,24.6,3.3,3.3
6-24ч,2026-08-07T06:18:59Z,2026-08-08T04:00:00Z,21.7,24.2,21.2,24.9,3.0,3.0
6-24ч,2026-08-07T06:18:59Z,2026-08-08T05:00:00Z,22.7,23.9,21.7,26.1,2.2,2.2
6-24ч,2026-08-07T06:18:59Z,2026-08-08T06:00:00Z,23.7,24.2,22.6,27.0,1.6,1.6
6-24ч,2026-08-07T07:13:52Z,2026-08-07T14:00:00Z,6.8,34.1,37.2,38.0,-3.1,3.1
6-24ч,2026-08-07T07:13:52Z,2026-08-07T15:00:00Z,7.8,33.6,36.4,36.8,-2.8,2.8
6-24ч,2026-08-07T07:13:52Z,2026-08-07T16:00:00Z,8.8,32.9,34.4,30.8,-1.5,1.5
6-24ч,2026-08-07T07:13:52Z,2026-08-07T17:00:00Z,9.8,32.2,34.2,31.2,-2.0,2.0
6-24ч,2026-08-07T07:13:52Z,2026-08-07T18:00:00Z,10.8,31.5,32.0,30.4,-0.5,0.5
6-24ч,2026-08-07T07:13:52Z,2026-08-07T19:00:00Z,11.8,30.8,29.3,28.6,1.5,1.5
6-24ч,2026-08-07T07:13:52Z,2026-08-07T20:00:00Z,12.8,30.1,28.2,28.8,1.9,1.9
6-24ч,2026-08-07T07:13:52Z,2026-08-07T21:00:00Z,13.8,29.2,27.2,27.6,2.0,2.0
6-24ч,2026-08-07T07:13:52Z,2026-08-07T22:00:00Z,14.8,28.4,27.1,27.1,1.3,1.3
6-24ч,2026-08-07T07:13:52Z,2026-08-07T23:00:00Z,15.8,27.6,25.7,26.3,1.9,1.9
6-24ч,2026-08-07T07:13:52Z,2026-08-08T00:00:00Z,16.8,26.9,25.6,25.6,1.3,1.3
6-24ч,2026-08-07T07:13:52Z,2026-08-08T01:00:00Z,17.8,26.2,25.1,25.3,1.1,1.1
6-24ч,2026-08-07T07:13:52Z,2026-08-08T02:00:00Z,18.8,25.4,23.0,24.8,2.4,2.4
6-24ч,2026-08-07T07:13:52Z,2026-08-08T03:00:00Z,19.8,24.7,21.4,24.6,3.3,3.3
6-24ч,2026-08-07T07:13:52Z,2026-08-08T04:00:00Z,20.8,24.2,21.2,24.9,3.0,3.0
6-24ч,2026-08-07T07:13:52Z,2026-08-08T05:00:00Z,21.8,23.9,21.7,26.1,2.2,2.2
6-24ч,2026-08-07T07:13:52Z,2026-08-08T06:00:00Z,22.8,24.2,22.6,27.0,1.6,1.6
6-24ч,2026-08-07T07:13:52Z,2026-08-08T07:00:00Z,23.8,25.1,24.4,28.0,0.7,0.7
6-24ч,2026-08-07T10:39:14Z,2026-08-07T17:00:00Z,6.3,31.2,34.2,31.2,-3.0,3.0
6-24ч,2026-08-07T10:39:14Z,2026-08-07T18:00:00Z,7.3,30.5,32.0,30.4,-1.5,1.5
6-24ч,2026-08-07T10:39:14Z,2026-08-07T19:00:00Z,8.3,29.8,29.3,28.6,0.5,0.5
6-24ч,2026-08-07T10:39:14Z,2026-08-07T20:00:00Z,9.3,29.1,28.2,28.8,0.9,0.9
6-24ч,2026-08-07T10:39:14Z,2026-08-07T21:00:00Z,10.3,28.4,27.2,27.6,1.2,1.2
6-24ч,2026-08-07T10:39:14Z,2026-08-07T22:00:00Z,11.3,27.7,27.1,27.1,0.6,0.6
6-24ч,2026-08-07T10:39:14Z,2026-08-07T23:00:00Z,12.3,27.1,25.7,26.3,1.4,1.4
6-24ч,2026-08-07T10:39:14Z,2026-08-08T00:00:00Z,13.3,26.5,25.6,25.6,0.9,0.9
6-24ч,2026-08-07T10:39:14Z,2026-08-08T01:00:00Z,14.3,25.9,25.1,25.3,0.8,0.8
6-24ч,2026-08-07T10:39:14Z,2026-08-08T02:00:00Z,15.3,25.3,23.0,24.8,2.3,2.3
6-24ч,2026-08-07T10:39:14Z,2026-08-08T03:00:00Z,16.3,24.6,21.4,24.6,3.2,3.2
6-24ч,2026-08-07T10:39:14Z,2026-08-08T04:00:00Z,17.3,24.2,21.2,24.9,3.0,3.0
6-24ч,2026-08-07T10:39:14Z,2026-08-08T05:00:00Z,18.3,24.1,21.7,26.1,2.4,2.4
6-24ч,2026-08-07T10:39:14Z,2026-08-08T06:00:00Z,19.3,24.4,22.6,27.0,1.8,1.8
6-24ч,2026-08-07T10:39:14Z,2026-08-08T07:00:00Z,20.3,25.4,24.4,28.0,1.0,1.0
6-24ч,2026-08-07T10:39:14Z,2026-08-08T08:00:00Z,21.3,27.0,25.6,30.5,1.4,1.4
6-24ч,2026-08-07T10:39:14Z,2026-08-08T09:00:00Z,22.3,28.9,28.1,33.0,0.8,0.8
6-24ч,2026-08-07T10:39:14Z,2026-08-08T10:00:00Z,23.3,30.8,29.7,35.0,1.1,1.1
6-24ч,2026-08-07T16:51:54Z,2026-08-07T23:00:00Z,6.1,27.4,25.7,26.3,1.7,1.7
6-24ч,2026-08-07T16:51:54Z,2026-08-08T00:00:00Z,7.1,26.6,25.6,25.6,1.0,1.0
6-24ч,2026-08-07T16:51:54Z,2026-08-08T01:00:00Z,8.1,25.9,25.1,25.3,0.8,0.8
6-24ч,2026-08-07T16:51:54Z,2026-08-08T02:00:00Z,9.1,25.1,23.0,24.8,2.1,2.1
6-24ч,2026-08-07T16:51:54Z,2026-08-08T03:00:00Z,10.1,24.4,21.4,24.6,3.0,3.0
6-24ч,2026-08-07T16:51:54Z,2026-08-08T04:00:00Z,11.1,23.9,21.2,24.9,2.7,2.7
6-24ч,2026-08-07T16:51:54Z,2026-08-08T05:00:00Z,12.1,23.7,21.7,26.1,2.0,2.0
6-24ч,2026-08-07T16:51:54Z,2026-08-08T06:00:00Z,13.1,23.9,22.6,27.0,1.3,1.3
6-24ч,2026-08-07T16:51:54Z,2026-08-08T07:00:00Z,14.1,24.9,24.4,28.0,0.5,0.5
6-24ч,2026-08-07T16:51:54Z,2026-08-08T08:00:00Z,15.1,26.5,25.6,30.5,0.9,0.9
6-24ч,2026-08-07T16:51:54Z,2026-08-08T09:00:00Z,16.1,28.4,28.1,33.0,0.3,0.3
6-24ч,2026-08-07T16:51:54Z,2026-08-08T10:00:00Z,17.1,30.4,29.7,35.0,0.7,0.7
6-24ч,2026-08-07T16:51:54Z,2026-08-08T11:00:00Z,18.1,32.0,30.9,35.9,1.1,1.1
6-24ч,2026-08-07T16:51:54Z,2026-08-08T12:00:00Z,19.1,32.9,31.4,36.6,1.5,1.5
6-24ч,2026-08-07T16:51:54Z,2026-08-08T13:00:00Z,20.1,33.0,32.0,36.9,1.0,1.0
6-24ч,2026-08-07T16:51:54Z,2026-08-08T14:00:00Z,21.1,32.7,31.3,37.2,1.4,1.4
6-24ч,2026-08-07T16:51:54Z,2026-08-08T15:00:00Z,22.1,32.0,32.0,36.4,0.0,0.0
6-24ч,2026-08-07T16:51:54Z,2026-08-08T16:00:00Z,23.1,31.1,31.3,34.4,-0.2,0.2
6-24ч,2026-08-07T22:45:57Z,2026-08-08T05:00:00Z,6.2,23.4,21.7,26.1,1.7,1.7
6-24ч,2026-08-07T22:45:57Z,2026-08-08T06:00:00Z,7.2,23.6,22.6,27.0,1.0,1.0
6-24ч,2026-08-07T22:45:57Z,2026-08-08T07:00:00Z,8.2,24.5,24.4,28.0,0.1,0.1
6-24ч,2026-08-07T22:45:57Z,2026-08-08T08:00:00Z,9.2,25.9,25.6,30.5,0.3,0.3
6-24ч,2026-08-07T22:45:57Z,2026-08-08T09:00:00Z,10.2,27.6,28.1,33.0,-0.5,0.5
6-24ч,2026-08-07T22:45:57Z,2026-08-08T10:00:00Z,11.2,29.4,29.7,35.0,-0.3,0.3
6-24ч,2026-08-07T22:45:57Z,2026-08-08T11:00:00Z,12.2,30.8,30.9,35.9,-0.1,0.1
6-24ч,2026-08-07T22:45:57Z,2026-08-08T12:00:00Z,13.2,31.7,31.4,36.6,0.3,0.3
6-24ч,2026-08-07T22:45:57Z,2026-08-08T13:00:00Z,14.2,31.9,32.0,36.9,-0.1,0.1
6-24ч,2026-08-07T22:45:57Z,2026-08-08T14:00:00Z,15.2,31.7,31.3,37.2,0.4,0.4
6-24ч,2026-08-07T22:45:57Z,2026-08-08T15:00:00Z,16.2,31.2,32.0,36.4,-0.8,0.8
6-24ч,2026-08-07T22:45:57Z,2026-08-08T16:00:00Z,17.2,30.5,31.3,34.4,-0.8,0.8
6-24ч,2026-08-07T22:45:57Z,2026-08-08T17:00:00Z,18.2,29.8,30.0,34.2,-0.2,0.2
6-24ч,2026-08-07T22:45:57Z,2026-08-08T18:00:00Z,19.2,29.2,29.2,32.0,0.0,0.0
6-24ч,2026-08-07T22:45:57Z,2026-08-08T19:00:00Z,20.2,28.5,28.4,29.3,0.1,0.1
6-24ч,2026-08-07T22:45:57Z,2026-08-08T20:00:00Z,21.2,27.7,27.6,28.2,0.1,0.1
6-24ч,2026-08-07T22:45:57Z,2026-08-08T21:00:00Z,22.2,26.9,26.6,27.2,0.3,0.3
6-24ч,2026-08-07T22:45:57Z,2026-08-08T22:00:00Z,23.2,26.1,25.4,27.1,0.7,0.7
6-24ч,2026-08-07T23:19:23Z,2026-08-08T06:00:00Z,6.7,23.6,22.6,27.0,1.0,1.0
6-24ч,2026-08-07T23:19:23Z,2026-08-08T07:00:00Z,7.7,24.5,24.4,28.0,0.1,0.1
6-24ч,2026-08-07T23:19:23Z,2026-08-08T08:00:00Z,8.7,25.9,25.6,30.5,0.3,0.3
6-24ч,2026-08-07T23:19:23Z,2026-08-08T09:00:00Z,9.7,27.6,28.1,33.0,-0.5,0.5
6-24ч,2026-08-07T23:19:23Z,2026-08-08T10:00:00Z,10.7,29.4,29.7,35.0,-0.3,0.3
6-24ч,2026-08-07T23:19:23Z,2026-08-08T11:00:00Z,11.7,30.8,30.9,35.9,-0.1,0.1
6-24ч,2026-08-07T23:19:23Z,2026-08-08T12:00:00Z,12.7,31.7,31.4,36.6,0.3,0.3
6-24ч,2026-08-07T23:19:23Z,2026-08-08T13:00:00Z,13.7,31.9,32.0,36.9,-0.1,0.1
6-24ч,2026-08-07T23:19:23Z,2026-08-08T14:00:00Z,14.7,31.7,31.3,37.2,0.4,0.4
6-24ч,2026-08-07T23:19:23Z,2026-08-08T15:00:00Z,15.7,31.2,32.0,36.4,-0.8,0.8
6-24ч,2026-08-07T23:19:23Z,2026-08-08T16:00:00Z,16.7,30.5,31.3,34.4,-0.8,0.8
6-24ч,2026-08-07T23:19:23Z,2026-08-08T17:00:00Z,17.7,29.8,30.0,34.2,-0.2,0.2
6-24ч,2026-08-07T23:19:23Z,2026-08-08T18:00:00Z,18.7,29.2,29.2,32.0,0.0,0.0
6-24ч,2026-08-07T23:19:23Z,2026-08-08T19:00:00Z,19.7,28.5,28.4,29.3,0.1,0.1
6-24ч,2026-08-07T23:19:23Z,2026-08-08T20:00:00Z,20.7,27.7,27.6,28.2,0.1,0.1
6-24ч,2026-08-07T23:19:23Z,2026-08-08T21:00:00Z,21.7,26.9,26.6,27.2,0.3,0.3
6-24ч,2026-08-07T23:19:23Z,2026-08-08T22:00:00Z,22.7,26.1,25.4,27.1,0.7,0.7
6-24ч,2026-08-07T23:19:23Z,2026-08-08T23:00:00Z,23.7,25.3,24.9,25.7,0.4,0.4
6-24ч,2026-08-08T04:50:53Z,2026-08-08T11:00:00Z,6.2,31.7,30.9,35.9,0.8,0.8
6-24ч,2026-08-08T04:50:53Z,2026-08-08T12:00:00Z,7.2,32.6,31.4,36.6,1.2,1.2
6-24ч,2026-08-08T04:50:53Z,2026-08-08T13:00:00Z,8.2,32.7,32.0,36.9,0.7,0.7
6-24ч,2026-08-08T04:50:53Z,2026-08-08T14:00:00Z,9.2,32.4,31.3,37.2,1.1,1.1
6-24ч,2026-08-08T04:50:53Z,2026-08-08T15:00:00Z,10.2,31.8,32.0,36.4,-0.2,0.2
6-24ч,2026-08-08T04:50:53Z,2026-08-08T16:00:00Z,11.2,31.0,31.3,34.4,-0.3,0.3
6-24ч,2026-08-08T04:50:53Z,2026-08-08T17:00:00Z,12.2,30.2,30.0,34.2,0.2,0.2
6-24ч,2026-08-08T04:50:53Z,2026-08-08T18:00:00Z,13.2,29.4,29.2,32.0,0.2,0.2
6-24ч,2026-08-08T04:50:53Z,2026-08-08T19:00:00Z,14.2,28.7,28.4,29.3,0.3,0.3
6-24ч,2026-08-08T04:50:53Z,2026-08-08T20:00:00Z,15.2,27.9,27.6,28.2,0.3,0.3
6-24ч,2026-08-08T04:50:53Z,2026-08-08T21:00:00Z,16.2,27.0,26.6,27.2,0.4,0.4
6-24ч,2026-08-08T04:50:53Z,2026-08-08T22:00:00Z,17.2,26.1,25.4,27.1,0.7,0.7
6-24ч,2026-08-08T04:50:53Z,2026-08-08T23:00:00Z,18.2,25.3,24.9,25.7,0.4,0.4
6-24ч,2026-08-08T04:50:53Z,2026-08-09T00:00:00Z,19.2,24.7,24.2,25.6,0.5,0.5
6-24ч,2026-08-08T04:50:53Z,2026-08-09T01:00:00Z,20.2,24.0,23.8,25.1,0.2,0.2
6-24ч,2026-08-08T04:50:53Z,2026-08-09T02:00:00Z,21.2,23.3,22.8,23.0,0.5,0.5
6-24ч,2026-08-08T04:50:53Z,2026-08-09T03:00:00Z,22.2,22.6,21.3,21.4,1.3,1.3
6-24ч,2026-08-08T04:50:53Z,2026-08-09T04:00:00Z,23.2,22.1,20.7,21.2,1.4,1.4
6-24ч,2026-08-08T10:18:13Z,2026-08-08T17:00:00Z,6.7,28.3,30.0,34.2,-1.7,1.7
6-24ч,2026-08-08T10:18:13Z,2026-08-08T18:00:00Z,7.7,28.0,29.2,32.0,-1.2,1.2
6-24ч,2026-08-08T10:18:13Z,2026-08-08T19:00:00Z,8.7,27.5,28.4,29.3,-0.9,0.9
6-24ч,2026-08-08T10:18:13Z,2026-08-08T20:00:00Z,9.7,26.9,27.6,28.2,-0.7,0.7
6-24ч,2026-08-08T10:18:13Z,2026-08-08T21:00:00Z,10.7,26.2,26.6,27.2,-0.4,0.4
6-24ч,2026-08-08T10:18:13Z,2026-08-08T22:00:00Z,11.7,25.5,25.4,27.1,0.1,0.1
6-24ч,2026-08-08T10:18:13Z,2026-08-08T23:00:00Z,12.7,24.8,24.9,25.7,-0.1,0.1
6-24ч,2026-08-08T10:18:13Z,2026-08-09T00:00:00Z,13.7,24.3,24.2,25.6,0.1,0.1
6-24ч,2026-08-08T10:18:13Z,2026-08-09T01:00:00Z,14.7,23.7,23.8,25.1,-0.1,0.1
6-24ч,2026-08-08T10:18:13Z,2026-08-09T02:00:00Z,15.7,23.0,22.8,23.0,0.2,0.2
6-24ч,2026-08-08T10:18:13Z,2026-08-09T03:00:00Z,16.7,22.4,21.3,21.4,1.1,1.1
6-24ч,2026-08-08T10:18:13Z,2026-08-09T04:00:00Z,17.7,21.9,20.7,21.2,1.2,1.2
6-24ч,2026-08-08T10:18:13Z,2026-08-09T05:00:00Z,18.7,21.8,21.8,21.7,0.0,0.0
6-24ч,2026-08-08T10:18:13Z,2026-08-09T06:00:00Z,19.7,22.1,23.2,22.6,-1.1,1.1
6-24ч,2026-08-08T10:18:13Z,2026-08-09T07:00:00Z,20.7,23.2,24.7,24.4,-1.5,1.5
6-24ч,2026-08-08T10:18:13Z,2026-08-09T08:00:00Z,21.7,25.0,27.1,25.6,-2.1,2.1
6-24ч,2026-08-08T10:18:13Z,2026-08-09T09:00:00Z,22.7,27.1,28.8,28.1,-1.7,1.7
6-24ч,2026-08-08T10:18:13Z,2026-08-09T10:00:00Z,23.7,29.1,30.1,29.7,-1.0,1.0
6-24ч,2026-08-08T22:37:20Z,2026-08-09T05:00:00Z,6.4,22.3,21.8,21.7,0.5,0.5
6-24ч,2026-08-08T22:37:20Z,2026-08-09T06:00:00Z,7.4,22.6,23.2,22.6,-0.6,0.6
6-24ч,2026-08-08T22:37:20Z,2026-08-09T07:00:00Z,8.4,23.7,24.7,24.4,-1.0,1.0
6-24ч,2026-08-08T22:37:20Z,2026-08-09T08:00:00Z,9.4,25.4,27.1,25.6,-1.7,1.7
6-24ч,2026-08-08T22:37:20Z,2026-08-09T09:00:00Z,10.4,27.4,28.8,28.1,-1.4,1.4
6-24ч,2026-08-08T22:37:20Z,2026-08-09T10:00:00Z,11.4,29.4,30.1,29.7,-0.7,0.7
6-24ч,2026-08-08T22:37:20Z,2026-08-09T11:00:00Z,12.4,31.0,30.8,30.9,0.2,0.2
6-24ч,2026-08-08T22:37:20Z,2026-08-09T12:00:00Z,13.4,31.9,32.4,31.4,-0.5,0.5
6-24ч,2026-08-08T22:37:20Z,2026-08-09T13:00:00Z,14.4,31.9,32.7,32.0,-0.8,0.8
6-24ч,2026-08-08T22:37:20Z,2026-08-09T14:00:00Z,15.4,31.3,33.2,31.3,-1.9,1.9
6-24ч,2026-08-08T22:37:20Z,2026-08-09T15:00:00Z,16.4,30.4,33.1,32.0,-2.7,2.7
6-24ч,2026-08-08T22:37:20Z,2026-08-09T16:00:00Z,17.4,29.2,32.2,31.3,-3.0,3.0
6-24ч,2026-08-08T22:37:20Z,2026-08-09T17:00:00Z,18.4,28.0,30.8,30.0,-2.8,2.8
6-24ч,2026-08-08T22:37:20Z,2026-08-09T18:00:00Z,19.4,26.9,29.7,29.2,-2.8,2.8
6-24ч,2026-08-08T22:37:20Z,2026-08-09T19:00:00Z,20.4,25.7,28.3,28.4,-2.6,2.6
6-24ч,2026-08-08T22:37:20Z,2026-08-09T20:00:00Z,21.4,24.4,27.3,27.6,-2.9,2.9
6-24ч,2026-08-08T22:37:20Z,2026-08-09T21:00:00Z,22.4,23.0,26.6,26.6,-3.6,3.6
6-24ч,2026-08-08T22:37:20Z,2026-08-09T22:00:00Z,23.4,21.7,24.9,25.4,-3.2,3.2
6-24ч,2026-08-09T04:59:03Z,2026-08-09T11:00:00Z,6.0,31.3,30.8,30.9,0.5,0.5
6-24ч,2026-08-09T04:59:03Z,2026-08-09T12:00:00Z,7.0,32.1,32.4,31.4,-0.3,0.3
6-24ч,2026-08-09T04:59:03Z,2026-08-09T13:00:00Z,8.0,32.1,32.7,32.0,-0.6,0.6
6-24ч,2026-08-09T04:59:03Z,2026-08-09T14:00:00Z,9.0,31.5,33.2,31.3,-1.7,1.7
6-24ч,2026-08-09T04:59:03Z,2026-08-09T15:00:00Z,10.0,30.5,33.1,32.0,-2.6,2.6
6-24ч,2026-08-09T04:59:03Z,2026-08-09T16:00:00Z,11.0,29.3,32.2,31.3,-2.9,2.9
6-24ч,2026-08-09T04:59:03Z,2026-08-09T17:00:00Z,12.0,28.0,30.8,30.0,-2.8,2.8
6-24ч,2026-08-09T04:59:03Z,2026-08-09T18:00:00Z,13.0,26.8,29.7,29.2,-2.9,2.9
6-24ч,2026-08-09T04:59:03Z,2026-08-09T19:00:00Z,14.0,25.6,28.3,28.4,-2.7,2.7
6-24ч,2026-08-09T04:59:03Z,2026-08-09T20:00:00Z,15.0,24.1,27.3,27.6,-3.2,3.2
6-24ч,2026-08-09T04:59:03Z,2026-08-09T21:00:00Z,16.0,22.6,26.6,26.6,-4.0,4.0
6-24ч,2026-08-09T04:59:03Z,2026-08-09T22:00:00Z,17.0,21.1,24.9,25.4,-3.8,3.8
6-24ч,2026-08-09T04:59:03Z,2026-08-09T23:00:00Z,18.0,20.0,24.0,24.9,-4.0,4.0
6-24ч,2026-08-09T04:59:03Z,2026-08-10T00:00:00Z,19.0,19.3,23.3,24.2,-4.0,4.0
6-24ч,2026-08-09T04:59:03Z,2026-08-10T01:00:00Z,20.0,19.1,22.9,23.8,-3.8,3.8
6-24ч,2026-08-09T04:59:03Z,2026-08-10T02:00:00Z,21.0,19.2,23.1,22.8,-3.9,3.9
6-24ч,2026-08-09T04:59:03Z,2026-08-10T03:00:00Z,22.0,19.6,22.6,21.3,-3.0,3.0
6-24ч,2026-08-09T04:59:03Z,2026-08-10T04:00:00Z,23.0,20.3,21.3,20.7,-1.0,1.0
6-24ч,2026-08-09T10:19:29Z,2026-08-09T17:00:00Z,6.7,28.2,30.8,30.0,-2.6,2.6
6-24ч,2026-08-09T10:19:29Z,2026-08-09T18:00:00Z,7.7,27.1,29.7,29.2,-2.6,2.6
6-24ч,2026-08-09T10:19:29Z,2026-08-09T19:00:00Z,8.7,25.9,28.3,28.4,-2.4,2.4
6-24ч,2026-08-09T10:19:29Z,2026-08-09T20:00:00Z,9.7,24.4,27.3,27.6,-2.9,2.9
6-24ч,2026-08-09T10:19:29Z,2026-08-09T21:00:00Z,10.7,22.9,26.6,26.6,-3.7,3.7
6-24ч,2026-08-09T10:19:29Z,2026-08-09T22:00:00Z,11.7,21.6,24.9,25.4,-3.3,3.3
6-24ч,2026-08-09T10:19:29Z,2026-08-09T23:00:00Z,12.7,20.4,24.0,24.9,-3.6,3.6
6-24ч,2026-08-09T10:19:29Z,2026-08-10T00:00:00Z,13.7,19.8,23.3,24.2,-3.5,3.5
6-24ч,2026-08-09T10:19:29Z,2026-08-10T01:00:00Z,14.7,19.5,22.9,23.8,-3.4,3.4
6-24ч,2026-08-09T10:19:29Z,2026-08-10T02:00:00Z,15.7,19.6,23.1,22.8,-3.5,3.5
6-24ч,2026-08-09T10:19:29Z,2026-08-10T03:00:00Z,16.7,19.9,22.6,21.3,-2.7,2.7
6-24ч,2026-08-09T10:19:29Z,2026-08-10T04:00:00Z,17.7,20.4,21.3,20.7,-0.9,0.9
6-24ч,2026-08-09T10:19:29Z,2026-08-10T05:00:00Z,18.7,21.2,24.9,21.8,-3.7,3.7
6-24ч,2026-08-09T12:41:38Z,2026-08-09T19:00:00Z,6.3,25.9,28.3,28.4,-2.4,2.4
6-24ч,2026-08-09T12:41:38Z,2026-08-09T20:00:00Z,7.3,24.4,27.3,27.6,-2.9,2.9
6-24ч,2026-08-09T12:41:38Z,2026-08-09T21:00:00Z,8.3,22.9,26.6,26.6,-3.7,3.7
6-24ч,2026-08-09T12:41:38Z,2026-08-09T22:00:00Z,9.3,21.6,24.9,25.4,-3.3,3.3
6-24ч,2026-08-09T12:41:38Z,2026-08-09T23:00:00Z,10.3,20.4,24.0,24.9,-3.6,3.6
6-24ч,2026-08-09T12:41:38Z,2026-08-10T00:00:00Z,11.3,19.8,23.3,24.2,-3.5,3.5
6-24ч,2026-08-09T12:41:38Z,2026-08-10T01:00:00Z,12.3,19.5,22.9,23.8,-3.4,3.4
6-24ч,2026-08-09T12:41:38Z,2026-08-10T02:00:00Z,13.3,19.6,23.1,22.8,-3.5,3.5
6-24ч,2026-08-09T12:41:38Z,2026-08-10T03:00:00Z,14.3,19.9,22.6,21.3,-2.7,2.7
6-24ч,2026-08-09T12:41:38Z,2026-08-10T04:00:00Z,15.3,20.4,21.3,20.7,-0.9,0.9
6-24ч,2026-08-09T12:41:38Z,2026-08-10T05:00:00Z,16.3,21.2,24.9,21.8,-3.7,3.7
6-24ч,2026-08-09T12:45:53Z,2026-08-09T19:00:00Z,6.2,25.9,28.3,28.4,-2.4,2.4
6-24ч,2026-08-09T12:45:53Z,2026-08-09T20:00:00Z,7.2,24.4,27.3,27.6,-2.9,2.9
6-24ч,2026-08-09T12:45:53Z,2026-08-09T21:00:00Z,8.2,22.9,26.6,26.6,-3.7,3.7
6-24ч,2026-08-09T12:45:53Z,2026-08-09T22:00:00Z,9.2,21.6,24.9,25.4,-3.3,3.3
6-24ч,2026-08-09T12:45:53Z,2026-08-09T23:00:00Z,10.2,20.4,24.0,24.9,-3.6,3.6
6-24ч,2026-08-09T12:45:53Z,2026-08-10T00:00:00Z,11.2,19.8,23.3,24.2,-3.5,3.5
6-24ч,2026-08-09T12:45:53Z,2026-08-10T01:00:00Z,12.2,19.5,22.9,23.8,-3.4,3.4
6-24ч,2026-08-09T12:45:53Z,2026-08-10T02:00:00Z,13.2,19.6,23.1,22.8,-3.5,3.5
6-24ч,2026-08-09T12:45:53Z,2026-08-10T03:00:00Z,14.2,19.9,22.6,21.3,-2.7,2.7
6-24ч,2026-08-09T12:45:53Z,2026-08-10T04:00:00Z,15.2,20.4,21.3,20.7,-0.9,0.9
6-24ч,2026-08-09T12:45:53Z,2026-08-10T05:00:00Z,16.2,21.2,24.9,21.8,-3.7,3.7
6-24ч,2026-08-09T12:48:15Z,2026-08-09T19:00:00Z,6.2,25.9,28.3,28.4,-2.4,2.4
6-24ч,2026-08-09T12:48:15Z,2026-08-09T20:00:00Z,7.2,24.4,27.3,27.6,-2.9,2.9
6-24ч,2026-08-09T12:48:15Z,2026-08-09T21:00:00Z,8.2,22.9,26.6,26.6,-3.7,3.7
6-24ч,2026-08-09T12:48:15Z,2026-08-09T22:00:00Z,9.2,21.6,24.9,25.4,-3.3,3.3
6-24ч,2026-08-09T12:48:15Z,2026-08-09T23:00:00Z,10.2,20.4,24.0,24.9,-3.6,3.6
6-24ч,2026-08-09T12:48:15Z,2026-08-10T00:00:00Z,11.2,19.8,23.3,24.2,-3.5,3.5
6-24ч,2026-08-09T12:48:15Z,2026-08-10T01:00:00Z,12.2,19.5,22.9,23.8,-3.4,3.4
6-24ч,2026-08-09T12:48:15Z,2026-08-10T02:00:00Z,13.2,19.6,23.1,22.8,-3.5,3.5
6-24ч,2026-08-09T12:48:15Z,2026-08-10T03:00:00Z,14.2,19.9,22.6,21.3,-2.7,2.7
6-24ч,2026-08-09T12:48:15Z,2026-08-10T04:00:00Z,15.2,20.4,21.3,20.7,-0.9,0.9
6-24ч,2026-08-09T12:48:15Z,2026-08-10T05:00:00Z,16.2,21.2,24.9,21.8,-3.7,3.7
6-24ч,2026-08-09T16:31:44Z,2026-08-09T23:00:00Z,6.5,20.6,24.0,24.9,-3.4,3.4
6-24ч,2026-08-09T16:31:44Z,2026-08-10T00:00:00Z,7.5,20.0,23.3,24.2,-3.3,3.3
6-24ч,2026-08-09T16:31:44Z,2026-08-10T01:00:00Z,8.5,19.7,22.9,23.8,-3.2,3.2
6-24ч,2026-08-09T16:31:44Z,2026-08-10T02:00:00Z,9.5,19.8,23.1,22.8,-3.3,3.3
6-24ч,2026-08-09T16:31:44Z,2026-08-10T03:00:00Z,10.5,20.1,22.6,21.3,-2.5,2.5
6-24ч,2026-08-09T16:31:44Z,2026-08-10T04:00:00Z,11.5,20.7,21.3,20.7,-0.6,0.6
6-24ч,2026-08-09T16:31:44Z,2026-08-10T05:00:00Z,12.5,21.5,24.9,21.8,-3.4,3.4
6-24ч,2026-08-09T22:39:09Z,2026-08-10T05:00:00Z,6.3,22.0,24.9,21.8,-2.9,2.9
1-2 дня,2026-08-06T09:50:07Z,2026-08-07T10:00:00Z,24.2,33.4,35.0,37.2,-1.6,1.6
1-2 дня,2026-08-06T09:50:07Z,2026-08-07T11:00:00Z,25.2,35.0,35.9,37.6,-0.9,0.9
1-2 дня,2026-08-06T09:50:07Z,2026-08-07T12:00:00Z,26.2,35.9,36.6,37.5,-0.7,0.7
1-2 дня,2026-08-06T09:50:07Z,2026-08-07T13:00:00Z,27.2,35.9,36.9,38.3,-1.0,1.0
1-2 дня,2026-08-06T09:50:07Z,2026-08-07T14:00:00Z,28.2,35.4,37.2,38.0,-1.8,1.8
1-2 дня,2026-08-06T09:50:07Z,2026-08-07T15:00:00Z,29.2,34.4,36.4,36.8,-2.0,2.0
1-2 дня,2026-08-06T09:50:07Z,2026-08-07T16:00:00Z,30.2,33.2,34.4,30.8,-1.2,1.2
1-2 дня,2026-08-06T09:50:07Z,2026-08-07T17:00:00Z,31.2,32.0,34.2,31.2,-2.2,2.2
1-2 дня,2026-08-06T09:50:07Z,2026-08-07T18:00:00Z,32.2,31.0,32.0,30.4,-1.0,1.0
1-2 дня,2026-08-06T09:50:07Z,2026-08-07T19:00:00Z,33.2,30.1,29.3,28.6,0.8,0.8
1-2 дня,2026-08-06T09:50:07Z,2026-08-07T20:00:00Z,34.2,29.1,28.2,28.8,0.9,0.9
1-2 дня,2026-08-06T09:50:07Z,2026-08-07T21:00:00Z,35.2,28.1,27.2,27.6,0.9,0.9
1-2 дня,2026-08-06T09:50:07Z,2026-08-07T22:00:00Z,36.2,27.1,27.1,27.1,0.0,0.0
1-2 дня,2026-08-06T09:50:07Z,2026-08-07T23:00:00Z,37.2,26.3,25.7,26.3,0.6,0.6
1-2 дня,2026-08-06T09:50:07Z,2026-08-08T00:00:00Z,38.2,25.6,25.6,25.6,0.0,0.0
1-2 дня,2026-08-06T09:50:07Z,2026-08-08T01:00:00Z,39.2,25.1,25.1,25.3,0.0,0.0
1-2 дня,2026-08-06T09:50:07Z,2026-08-08T02:00:00Z,40.2,24.5,23.0,24.8,1.5,1.5
1-2 дня,2026-08-06T09:50:07Z,2026-08-08T03:00:00Z,41.2,24.1,21.4,24.6,2.7,2.7
1-2 дня,2026-08-06T09:50:07Z,2026-08-08T04:00:00Z,42.2,23.9,21.2,24.9,2.7,2.7
1-2 дня,2026-08-06T09:50:07Z,2026-08-08T05:00:00Z,43.2,23.9,21.7,26.1,2.2,2.2
1-2 дня,2026-08-06T09:50:07Z,2026-08-08T06:00:00Z,44.2,24.3,22.6,27.0,1.7,1.7
1-2 дня,2026-08-06T09:50:07Z,2026-08-08T07:00:00Z,45.2,25.2,24.4,28.0,0.8,0.8
1-2 дня,2026-08-06T09:50:07Z,2026-08-08T08:00:00Z,46.2,26.8,25.6,30.5,1.2,1.2
1-2 дня,2026-08-06T09:50:07Z,2026-08-08T09:00:00Z,47.2,28.6,28.1,33.0,0.5,0.5
1-2 дня,2026-08-06T09:59:18Z,2026-08-07T10:00:00Z,24.0,33.4,35.0,37.2,-1.6,1.6
1-2 дня,2026-08-06T09:59:18Z,2026-08-07T11:00:00Z,25.0,35.0,35.9,37.6,-0.9,0.9
1-2 дня,2026-08-06T09:59:18Z,2026-08-07T12:00:00Z,26.0,35.9,36.6,37.5,-0.7,0.7
1-2 дня,2026-08-06T09:59:18Z,2026-08-07T13:00:00Z,27.0,35.9,36.9,38.3,-1.0,1.0
1-2 дня,2026-08-06T09:59:18Z,2026-08-07T14:00:00Z,28.0,35.4,37.2,38.0,-1.8,1.8
1-2 дня,2026-08-06T09:59:18Z,2026-08-07T15:00:00Z,29.0,34.4,36.4,36.8,-2.0,2.0
1-2 дня,2026-08-06T09:59:18Z,2026-08-07T16:00:00Z,30.0,33.2,34.4,30.8,-1.2,1.2
1-2 дня,2026-08-06T09:59:18Z,2026-08-07T17:00:00Z,31.0,32.0,34.2,31.2,-2.2,2.2
1-2 дня,2026-08-06T09:59:18Z,2026-08-07T18:00:00Z,32.0,31.0,32.0,30.4,-1.0,1.0
1-2 дня,2026-08-06T09:59:18Z,2026-08-07T19:00:00Z,33.0,30.1,29.3,28.6,0.8,0.8
1-2 дня,2026-08-06T09:59:18Z,2026-08-07T20:00:00Z,34.0,29.1,28.2,28.8,0.9,0.9
1-2 дня,2026-08-06T09:59:18Z,2026-08-07T21:00:00Z,35.0,28.1,27.2,27.6,0.9,0.9
1-2 дня,2026-08-06T09:59:18Z,2026-08-07T22:00:00Z,36.0,27.1,27.1,27.1,0.0,0.0
1-2 дня,2026-08-06T09:59:18Z,2026-08-07T23:00:00Z,37.0,26.3,25.7,26.3,0.6,0.6
1-2 дня,2026-08-06T09:59:18Z,2026-08-08T00:00:00Z,38.0,25.6,25.6,25.6,0.0,0.0
1-2 дня,2026-08-06T09:59:18Z,2026-08-08T01:00:00Z,39.0,25.1,25.1,25.3,0.0,0.0
1-2 дня,2026-08-06T09:59:18Z,2026-08-08T02:00:00Z,40.0,24.5,23.0,24.8,1.5,1.5
1-2 дня,2026-08-06T09:59:18Z,2026-08-08T03:00:00Z,41.0,24.1,21.4,24.6,2.7,2.7
1-2 дня,2026-08-06T09:59:18Z,2026-08-08T04:00:00Z,42.0,23.9,21.2,24.9,2.7,2.7
1-2 дня,2026-08-06T09:59:18Z,2026-08-08T05:00:00Z,43.0,23.9,21.7,26.1,2.2,2.2
1-2 дня,2026-08-06T09:59:18Z,2026-08-08T06:00:00Z,44.0,24.3,22.6,27.0,1.7,1.7
1-2 дня,2026-08-06T09:59:18Z,2026-08-08T07:00:00Z,45.0,25.2,24.4,28.0,0.8,0.8
1-2 дня,2026-08-06T09:59:18Z,2026-08-08T08:00:00Z,46.0,26.8,25.6,30.5,1.2,1.2
1-2 дня,2026-08-06T09:59:18Z,2026-08-08T09:00:00Z,47.0,28.6,28.1,33.0,0.5,0.5
1-2 дня,2026-08-06T10:08:26Z,2026-08-07T11:00:00Z,24.9,35.0,35.9,37.6,-0.9,0.9
1-2 дня,2026-08-06T10:08:26Z,2026-08-07T12:00:00Z,25.9,35.9,36.6,37.5,-0.7,0.7
1-2 дня,2026-08-06T10:08:26Z,2026-08-07T13:00:00Z,26.9,35.9,36.9,38.3,-1.0,1.0
1-2 дня,2026-08-06T10:08:26Z,2026-08-07T14:00:00Z,27.9,35.4,37.2,38.0,-1.8,1.8
1-2 дня,2026-08-06T10:08:26Z,2026-08-07T15:00:00Z,28.9,34.4,36.4,36.8,-2.0,2.0
1-2 дня,2026-08-06T10:08:26Z,2026-08-07T16:00:00Z,29.9,33.2,34.4,30.8,-1.2,1.2
1-2 дня,2026-08-06T10:08:26Z,2026-08-07T17:00:00Z,30.9,32.0,34.2,31.2,-2.2,2.2
1-2 дня,2026-08-06T10:08:26Z,2026-08-07T18:00:00Z,31.9,31.0,32.0,30.4,-1.0,1.0
1-2 дня,2026-08-06T10:08:26Z,2026-08-07T19:00:00Z,32.9,30.1,29.3,28.6,0.8,0.8
1-2 дня,2026-08-06T10:08:26Z,2026-08-07T20:00:00Z,33.9,29.1,28.2,28.8,0.9,0.9
1-2 дня,2026-08-06T10:08:26Z,2026-08-07T21:00:00Z,34.9,28.1,27.2,27.6,0.9,0.9
1-2 дня,2026-08-06T10:08:26Z,2026-08-07T22:00:00Z,35.9,27.1,27.1,27.1,0.0,0.0
1-2 дня,2026-08-06T10:08:26Z,2026-08-07T23:00:00Z,36.9,26.3,25.7,26.3,0.6,0.6
1-2 дня,2026-08-06T10:08:26Z,2026-08-08T00:00:00Z,37.9,25.6,25.6,25.6,0.0,0.0
1-2 дня,2026-08-06T10:08:26Z,2026-08-08T01:00:00Z,38.9,25.1,25.1,25.3,0.0,0.0
1-2 дня,2026-08-06T10:08:26Z,2026-08-08T02:00:00Z,39.9,24.5,23.0,24.8,1.5,1.5
1-2 дня,2026-08-06T10:08:26Z,2026-08-08T03:00:00Z,40.9,24.1,21.4,24.6,2.7,2.7
1-2 дня,2026-08-06T10:08:26Z,2026-08-08T04:00:00Z,41.9,23.9,21.2,24.9,2.7,2.7
1-2 дня,2026-08-06T10:08:26Z,2026-08-08T05:00:00Z,42.9,23.9,21.7,26.1,2.2,2.2
1-2 дня,2026-08-06T10:08:26Z,2026-08-08T06:00:00Z,43.9,24.3,22.6,27.0,1.7,1.7
1-2 дня,2026-08-06T10:08:26Z,2026-08-08T07:00:00Z,44.9,25.2,24.4,28.0,0.8,0.8
1-2 дня,2026-08-06T10:08:26Z,2026-08-08T08:00:00Z,45.9,26.8,25.6,30.5,1.2,1.2
1-2 дня,2026-08-06T10:08:26Z,2026-08-08T09:00:00Z,46.9,28.6,28.1,33.0,0.5,0.5
1-2 дня,2026-08-06T10:08:26Z,2026-08-08T10:00:00Z,47.9,30.3,29.7,35.0,0.6,0.6
1-2 дня,2026-08-06T10:47:54Z,2026-08-07T11:00:00Z,24.2,35.0,35.9,37.6,-0.9,0.9
1-2 дня,2026-08-06T10:47:54Z,2026-08-07T12:00:00Z,25.2,35.9,36.6,37.5,-0.7,0.7
1-2 дня,2026-08-06T10:47:54Z,2026-08-07T13:00:00Z,26.2,35.9,36.9,38.3,-1.0,1.0
1-2 дня,2026-08-06T10:47:54Z,2026-08-07T14:00:00Z,27.2,35.4,37.2,38.0,-1.8,1.8
1-2 дня,2026-08-06T10:47:54Z,2026-08-07T15:00:00Z,28.2,34.4,36.4,36.8,-2.0,2.0
1-2 дня,2026-08-06T10:47:54Z,2026-08-07T16:00:00Z,29.2,33.2,34.4,30.8,-1.2,1.2
1-2 дня,2026-08-06T10:47:54Z,2026-08-07T17:00:00Z,30.2,32.0,34.2,31.2,-2.2,2.2
1-2 дня,2026-08-06T10:47:54Z,2026-08-07T18:00:00Z,31.2,31.0,32.0,30.4,-1.0,1.0
1-2 дня,2026-08-06T10:47:54Z,2026-08-07T19:00:00Z,32.2,30.1,29.3,28.6,0.8,0.8
1-2 дня,2026-08-06T10:47:54Z,2026-08-07T20:00:00Z,33.2,29.1,28.2,28.8,0.9,0.9
1-2 дня,2026-08-06T10:47:54Z,2026-08-07T21:00:00Z,34.2,28.1,27.2,27.6,0.9,0.9
1-2 дня,2026-08-06T10:47:54Z,2026-08-07T22:00:00Z,35.2,27.1,27.1,27.1,0.0,0.0
1-2 дня,2026-08-06T10:47:54Z,2026-08-07T23:00:00Z,36.2,26.3,25.7,26.3,0.6,0.6
1-2 дня,2026-08-06T10:47:54Z,2026-08-08T00:00:00Z,37.2,25.6,25.6,25.6,0.0,0.0
1-2 дня,2026-08-06T10:47:54Z,2026-08-08T01:00:00Z,38.2,25.1,25.1,25.3,0.0,0.0
1-2 дня,2026-08-06T10:47:54Z,2026-08-08T02:00:00Z,39.2,24.5,23.0,24.8,1.5,1.5
1-2 дня,2026-08-06T10:47:54Z,2026-08-08T03:00:00Z,40.2,24.1,21.4,24.6,2.7,2.7
1-2 дня,2026-08-06T10:47:54Z,2026-08-08T04:00:00Z,41.2,23.9,21.2,24.9,2.7,2.7
1-2 дня,2026-08-06T10:47:54Z,2026-08-08T05:00:00Z,42.2,23.9,21.7,26.1,2.2,2.2
1-2 дня,2026-08-06T10:47:54Z,2026-08-08T06:00:00Z,43.2,24.3,22.6,27.0,1.7,1.7
1-2 дня,2026-08-06T10:47:54Z,2026-08-08T07:00:00Z,44.2,25.2,24.4,28.0,0.8,0.8
1-2 дня,2026-08-06T10:47:54Z,2026-08-08T08:00:00Z,45.2,26.8,25.6,30.5,1.2,1.2
1-2 дня,2026-08-06T10:47:54Z,2026-08-08T09:00:00Z,46.2,28.6,28.1,33.0,0.5,0.5
1-2 дня,2026-08-06T10:47:54Z,2026-08-08T10:00:00Z,47.2,30.3,29.7,35.0,0.6,0.6
1-2 дня,2026-08-06T11:30:42Z,2026-08-07T12:00:00Z,24.5,35.9,36.6,37.5,-0.7,0.7
1-2 дня,2026-08-06T11:30:42Z,2026-08-07T13:00:00Z,25.5,35.9,36.9,38.3,-1.0,1.0
1-2 дня,2026-08-06T11:30:42Z,2026-08-07T14:00:00Z,26.5,35.4,37.2,38.0,-1.8,1.8
1-2 дня,2026-08-06T11:30:42Z,2026-08-07T15:00:00Z,27.5,34.4,36.4,36.8,-2.0,2.0
1-2 дня,2026-08-06T11:30:42Z,2026-08-07T16:00:00Z,28.5,33.2,34.4,30.8,-1.2,1.2
1-2 дня,2026-08-06T11:30:42Z,2026-08-07T17:00:00Z,29.5,32.0,34.2,31.2,-2.2,2.2
1-2 дня,2026-08-06T11:30:42Z,2026-08-07T18:00:00Z,30.5,31.0,32.0,30.4,-1.0,1.0
1-2 дня,2026-08-06T11:30:42Z,2026-08-07T19:00:00Z,31.5,30.1,29.3,28.6,0.8,0.8
1-2 дня,2026-08-06T11:30:42Z,2026-08-07T20:00:00Z,32.5,29.1,28.2,28.8,0.9,0.9
1-2 дня,2026-08-06T11:30:42Z,2026-08-07T21:00:00Z,33.5,28.1,27.2,27.6,0.9,0.9
1-2 дня,2026-08-06T11:30:42Z,2026-08-07T22:00:00Z,34.5,27.1,27.1,27.1,0.0,0.0
1-2 дня,2026-08-06T11:30:42Z,2026-08-07T23:00:00Z,35.5,26.3,25.7,26.3,0.6,0.6
1-2 дня,2026-08-06T11:30:42Z,2026-08-08T00:00:00Z,36.5,25.6,25.6,25.6,0.0,0.0
1-2 дня,2026-08-06T11:30:42Z,2026-08-08T01:00:00Z,37.5,25.1,25.1,25.3,0.0,0.0
1-2 дня,2026-08-06T11:30:42Z,2026-08-08T02:00:00Z,38.5,24.5,23.0,24.8,1.5,1.5
1-2 дня,2026-08-06T11:30:42Z,2026-08-08T03:00:00Z,39.5,24.1,21.4,24.6,2.7,2.7
1-2 дня,2026-08-06T11:30:42Z,2026-08-08T04:00:00Z,40.5,23.9,21.2,24.9,2.7,2.7
1-2 дня,2026-08-06T11:30:42Z,2026-08-08T05:00:00Z,41.5,23.9,21.7,26.1,2.2,2.2
1-2 дня,2026-08-06T11:30:42Z,2026-08-08T06:00:00Z,42.5,24.3,22.6,27.0,1.7,1.7
1-2 дня,2026-08-06T11:30:42Z,2026-08-08T07:00:00Z,43.5,25.2,24.4,28.0,0.8,0.8
1-2 дня,2026-08-06T11:30:42Z,2026-08-08T08:00:00Z,44.5,26.8,25.6,30.5,1.2,1.2
1-2 дня,2026-08-06T11:30:42Z,2026-08-08T09:00:00Z,45.5,28.6,28.1,33.0,0.5,0.5
1-2 дня,2026-08-06T11:30:42Z,2026-08-08T10:00:00Z,46.5,30.3,29.7,35.0,0.6,0.6
1-2 дня,2026-08-06T11:30:42Z,2026-08-08T11:00:00Z,47.5,31.8,30.9,35.9,0.9,0.9
1-2 дня,2026-08-06T11:36:01Z,2026-08-07T12:00:00Z,24.4,35.9,36.6,37.5,-0.7,0.7
1-2 дня,2026-08-06T11:36:01Z,2026-08-07T13:00:00Z,25.4,35.9,36.9,38.3,-1.0,1.0
1-2 дня,2026-08-06T11:36:01Z,2026-08-07T14:00:00Z,26.4,35.4,37.2,38.0,-1.8,1.8
1-2 дня,2026-08-06T11:36:01Z,2026-08-07T15:00:00Z,27.4,34.4,36.4,36.8,-2.0,2.0
1-2 дня,2026-08-06T11:36:01Z,2026-08-07T16:00:00Z,28.4,33.2,34.4,30.8,-1.2,1.2
1-2 дня,2026-08-06T11:36:01Z,2026-08-07T17:00:00Z,29.4,32.0,34.2,31.2,-2.2,2.2
1-2 дня,2026-08-06T11:36:01Z,2026-08-07T18:00:00Z,30.4,31.0,32.0,30.4,-1.0,1.0
1-2 дня,2026-08-06T11:36:01Z,2026-08-07T19:00:00Z,31.4,30.1,29.3,28.6,0.8,0.8
1-2 дня,2026-08-06T11:36:01Z,2026-08-07T20:00:00Z,32.4,29.1,28.2,28.8,0.9,0.9
1-2 дня,2026-08-06T11:36:01Z,2026-08-07T21:00:00Z,33.4,28.1,27.2,27.6,0.9,0.9
1-2 дня,2026-08-06T11:36:01Z,2026-08-07T22:00:00Z,34.4,27.1,27.1,27.1,0.0,0.0
1-2 дня,2026-08-06T11:36:01Z,2026-08-07T23:00:00Z,35.4,26.3,25.7,26.3,0.6,0.6
1-2 дня,2026-08-06T11:36:01Z,2026-08-08T00:00:00Z,36.4,25.6,25.6,25.6,0.0,0.0
1-2 дня,2026-08-06T11:36:01Z,2026-08-08T01:00:00Z,37.4,25.1,25.1,25.3,0.0,0.0
1-2 дня,2026-08-06T11:36:01Z,2026-08-08T02:00:00Z,38.4,24.5,23.0,24.8,1.5,1.5
1-2 дня,2026-08-06T11:36:01Z,2026-08-08T03:00:00Z,39.4,24.1,21.4,24.6,2.7,2.7
1-2 дня,2026-08-06T11:36:01Z,2026-08-08T04:00:00Z,40.4,23.9,21.2,24.9,2.7,2.7
1-2 дня,2026-08-06T11:36:01Z,2026-08-08T05:00:00Z,41.4,23.9,21.7,26.1,2.2,2.2
1-2 дня,2026-08-06T11:36:01Z,2026-08-08T06:00:00Z,42.4,24.3,22.6,27.0,1.7,1.7
1-2 дня,2026-08-06T11:36:01Z,2026-08-08T07:00:00Z,43.4,25.2,24.4,28.0,0.8,0.8
1-2 дня,2026-08-06T11:36:01Z,2026-08-08T08:00:00Z,44.4,26.8,25.6,30.5,1.2,1.2
1-2 дня,2026-08-06T11:36:01Z,2026-08-08T09:00:00Z,45.4,28.6,28.1,33.0,0.5,0.5
1-2 дня,2026-08-06T11:36:01Z,2026-08-08T10:00:00Z,46.4,30.3,29.7,35.0,0.6,0.6
1-2 дня,2026-08-06T11:36:01Z,2026-08-08T11:00:00Z,47.4,31.8,30.9,35.9,0.9,0.9
1-2 дня,2026-08-06T11:44:08Z,2026-08-07T12:00:00Z,24.3,35.9,36.6,37.5,-0.7,0.7
1-2 дня,2026-08-06T11:44:08Z,2026-08-07T13:00:00Z,25.3,35.9,36.9,38.3,-1.0,1.0
1-2 дня,2026-08-06T11:44:08Z,2026-08-07T14:00:00Z,26.3,35.4,37.2,38.0,-1.8,1.8
1-2 дня,2026-08-06T11:44:08Z,2026-08-07T15:00:00Z,27.3,34.4,36.4,36.8,-2.0,2.0
1-2 дня,2026-08-06T11:44:08Z,2026-08-07T16:00:00Z,28.3,33.2,34.4,30.8,-1.2,1.2
1-2 дня,2026-08-06T11:44:08Z,2026-08-07T17:00:00Z,29.3,32.0,34.2,31.2,-2.2,2.2
1-2 дня,2026-08-06T11:44:08Z,2026-08-07T18:00:00Z,30.3,31.0,32.0,30.4,-1.0,1.0
1-2 дня,2026-08-06T11:44:08Z,2026-08-07T19:00:00Z,31.3,30.1,29.3,28.6,0.8,0.8
1-2 дня,2026-08-06T11:44:08Z,2026-08-07T20:00:00Z,32.3,29.1,28.2,28.8,0.9,0.9
1-2 дня,2026-08-06T11:44:08Z,2026-08-07T21:00:00Z,33.3,28.1,27.2,27.6,0.9,0.9
1-2 дня,2026-08-06T11:44:08Z,2026-08-07T22:00:00Z,34.3,27.1,27.1,27.1,0.0,0.0
1-2 дня,2026-08-06T11:44:08Z,2026-08-07T23:00:00Z,35.3,26.3,25.7,26.3,0.6,0.6
1-2 дня,2026-08-06T11:44:08Z,2026-08-08T00:00:00Z,36.3,25.6,25.6,25.6,0.0,0.0
1-2 дня,2026-08-06T11:44:08Z,2026-08-08T01:00:00Z,37.3,25.1,25.1,25.3,0.0,0.0
1-2 дня,2026-08-06T11:44:08Z,2026-08-08T02:00:00Z,38.3,24.5,23.0,24.8,1.5,1.5
1-2 дня,2026-08-06T11:44:08Z,2026-08-08T03:00:00Z,39.3,24.1,21.4,24.6,2.7,2.7
1-2 дня,2026-08-06T11:44:08Z,2026-08-08T04:00:00Z,40.3,23.9,21.2,24.9,2.7,2.7
1-2 дня,2026-08-06T11:44:08Z,2026-08-08T05:00:00Z,41.3,23.9,21.7,26.1,2.2,2.2
1-2 дня,2026-08-06T11:44:08Z,2026-08-08T06:00:00Z,42.3,24.3,22.6,27.0,1.7,1.7
1-2 дня,2026-08-06T11:44:08Z,2026-08-08T07:00:00Z,43.3,25.2,24.4,28.0,0.8,0.8
1-2 дня,2026-08-06T11:44:08Z,2026-08-08T08:00:00Z,44.3,26.8,25.6,30.5,1.2,1.2
1-2 дня,2026-08-06T11:44:08Z,2026-08-08T09:00:00Z,45.3,28.6,28.1,33.0,0.5,0.5
1-2 дня,2026-08-06T11:44:08Z,2026-08-08T10:00:00Z,46.3,30.3,29.7,35.0,0.6,0.6
1-2 дня,2026-08-06T11:44:08Z,2026-08-08T11:00:00Z,47.3,31.8,30.9,35.9,0.9,0.9
1-2 дня,2026-08-07T01:31:32Z,2026-08-08T02:00:00Z,24.5,24.3,23.0,24.8,1.3,1.3
1-2 дня,2026-08-07T01:31:32Z,2026-08-08T03:00:00Z,25.5,24.1,21.4,24.6,2.7,2.7
1-2 дня,2026-08-07T01:31:32Z,2026-08-08T04:00:00Z,26.5,24.1,21.2,24.9,2.9,2.9
1-2 дня,2026-08-07T01:31:32Z,2026-08-08T05:00:00Z,27.5,24.3,21.7,26.1,2.6,2.6
1-2 дня,2026-08-07T01:31:32Z,2026-08-08T06:00:00Z,28.5,24.8,22.6,27.0,2.2,2.2
1-2 дня,2026-08-07T01:31:32Z,2026-08-08T07:00:00Z,29.5,25.7,24.4,28.0,1.3,1.3
1-2 дня,2026-08-07T01:31:32Z,2026-08-08T08:00:00Z,30.5,27.1,25.6,30.5,1.5,1.5
1-2 дня,2026-08-07T01:31:32Z,2026-08-08T09:00:00Z,31.5,28.7,28.1,33.0,0.6,0.6
1-2 дня,2026-08-07T01:31:32Z,2026-08-08T10:00:00Z,32.5,30.4,29.7,35.0,0.7,0.7
1-2 дня,2026-08-07T01:31:32Z,2026-08-08T11:00:00Z,33.5,31.7,30.9,35.9,0.8,0.8
1-2 дня,2026-08-07T01:31:32Z,2026-08-08T12:00:00Z,34.5,32.5,31.4,36.6,1.1,1.1
1-2 дня,2026-08-07T01:31:32Z,2026-08-08T13:00:00Z,35.5,32.8,32.0,36.9,0.8,0.8
1-2 дня,2026-08-07T01:31:32Z,2026-08-08T14:00:00Z,36.5,32.6,31.3,37.2,1.3,1.3
1-2 дня,2026-08-07T01:31:32Z,2026-08-08T15:00:00Z,37.5,32.2,32.0,36.4,0.2,0.2
1-2 дня,2026-08-07T01:31:32Z,2026-08-08T16:00:00Z,38.5,31.6,31.3,34.4,0.3,0.3
1-2 дня,2026-08-07T01:31:32Z,2026-08-08T17:00:00Z,39.5,30.9,30.0,34.2,0.9,0.9
1-2 дня,2026-08-07T01:31:32Z,2026-08-08T18:00:00Z,40.5,30.4,29.2,32.0,1.2,1.2
1-2 дня,2026-08-07T01:31:32Z,2026-08-08T19:00:00Z,41.5,29.8,28.4,29.3,1.4,1.4
1-2 дня,2026-08-07T01:31:32Z,2026-08-08T20:00:00Z,42.5,29.2,27.6,28.2,1.6,1.6
1-2 дня,2026-08-07T01:31:32Z,2026-08-08T21:00:00Z,43.5,28.5,26.6,27.2,1.9,1.9
1-2 дня,2026-08-07T01:31:32Z,2026-08-08T22:00:00Z,44.5,27.8,25.4,27.1,2.4,2.4
1-2 дня,2026-08-07T01:31:32Z,2026-08-08T23:00:00Z,45.5,27.1,24.9,25.7,2.2,2.2
1-2 дня,2026-08-07T01:31:32Z,2026-08-09T00:00:00Z,46.5,26.5,24.2,25.6,2.3,2.3
1-2 дня,2026-08-07T01:31:32Z,2026-08-09T01:00:00Z,47.5,25.9,23.8,25.1,2.1,2.1
1-2 дня,2026-08-07T05:36:00Z,2026-08-08T06:00:00Z,24.4,24.2,22.6,27.0,1.6,1.6
1-2 дня,2026-08-07T05:36:00Z,2026-08-08T07:00:00Z,25.4,25.1,24.4,28.0,0.7,0.7
1-2 дня,2026-08-07T05:36:00Z,2026-08-08T08:00:00Z,26.4,26.7,25.6,30.5,1.1,1.1
1-2 дня,2026-08-07T05:36:00Z,2026-08-08T09:00:00Z,27.4,28.6,28.1,33.0,0.5,0.5
1-2 дня,2026-08-07T05:36:00Z,2026-08-08T10:00:00Z,28.4,30.4,29.7,35.0,0.7,0.7
1-2 дня,2026-08-07T05:36:00Z,2026-08-08T11:00:00Z,29.4,32.0,30.9,35.9,1.1,1.1
1-2 дня,2026-08-07T05:36:00Z,2026-08-08T12:00:00Z,30.4,33.0,31.4,36.6,1.6,1.6
1-2 дня,2026-08-07T05:36:00Z,2026-08-08T13:00:00Z,31.4,33.2,32.0,36.9,1.2,1.2
1-2 дня,2026-08-07T05:36:00Z,2026-08-08T14:00:00Z,32.4,33.1,31.3,37.2,1.8,1.8
1-2 дня,2026-08-07T05:36:00Z,2026-08-08T15:00:00Z,33.4,32.6,32.0,36.4,0.6,0.6
1-2 дня,2026-08-07T05:36:00Z,2026-08-08T16:00:00Z,34.4,31.9,31.3,34.4,0.6,0.6
1-2 дня,2026-08-07T05:36:00Z,2026-08-08T17:00:00Z,35.4,31.2,30.0,34.2,1.2,1.2
1-2 дня,2026-08-07T05:36:00Z,2026-08-08T18:00:00Z,36.4,30.5,29.2,32.0,1.3,1.3
1-2 дня,2026-08-07T05:36:00Z,2026-08-08T19:00:00Z,37.4,29.9,28.4,29.3,1.5,1.5
1-2 дня,2026-08-07T05:36:00Z,2026-08-08T20:00:00Z,38.4,29.1,27.6,28.2,1.5,1.5
1-2 дня,2026-08-07T05:36:00Z,2026-08-08T21:00:00Z,39.4,28.3,26.6,27.2,1.7,1.7
1-2 дня,2026-08-07T05:36:00Z,2026-08-08T22:00:00Z,40.4,27.5,25.4,27.1,2.1,2.1
1-2 дня,2026-08-07T05:36:00Z,2026-08-08T23:00:00Z,41.4,26.8,24.9,25.7,1.9,1.9
1-2 дня,2026-08-07T05:36:00Z,2026-08-09T00:00:00Z,42.4,26.1,24.2,25.6,1.9,1.9
1-2 дня,2026-08-07T05:36:00Z,2026-08-09T01:00:00Z,43.4,25.5,23.8,25.1,1.7,1.7
1-2 дня,2026-08-07T05:36:00Z,2026-08-09T02:00:00Z,44.4,24.7,22.8,23.0,1.9,1.9
1-2 дня,2026-08-07T05:36:00Z,2026-08-09T03:00:00Z,45.4,24.1,21.3,21.4,2.8,2.8
1-2 дня,2026-08-07T05:36:00Z,2026-08-09T04:00:00Z,46.4,23.6,20.7,21.2,2.9,2.9
1-2 дня,2026-08-07T05:36:00Z,2026-08-09T05:00:00Z,47.4,23.4,21.8,21.7,1.6,1.6
1-2 дня,2026-08-07T06:18:59Z,2026-08-08T07:00:00Z,24.7,25.1,24.4,28.0,0.7,0.7
1-2 дня,2026-08-07T06:18:59Z,2026-08-08T08:00:00Z,25.7,26.7,25.6,30.5,1.1,1.1
1-2 дня,2026-08-07T06:18:59Z,2026-08-08T09:00:00Z,26.7,28.6,28.1,33.0,0.5,0.5
1-2 дня,2026-08-07T06:18:59Z,2026-08-08T10:00:00Z,27.7,30.4,29.7,35.0,0.7,0.7
1-2 дня,2026-08-07T06:18:59Z,2026-08-08T11:00:00Z,28.7,32.0,30.9,35.9,1.1,1.1
1-2 дня,2026-08-07T06:18:59Z,2026-08-08T12:00:00Z,29.7,33.0,31.4,36.6,1.6,1.6
1-2 дня,2026-08-07T06:18:59Z,2026-08-08T13:00:00Z,30.7,33.2,32.0,36.9,1.2,1.2
1-2 дня,2026-08-07T06:18:59Z,2026-08-08T14:00:00Z,31.7,33.1,31.3,37.2,1.8,1.8
1-2 дня,2026-08-07T06:18:59Z,2026-08-08T15:00:00Z,32.7,32.6,32.0,36.4,0.6,0.6
1-2 дня,2026-08-07T06:18:59Z,2026-08-08T16:00:00Z,33.7,31.9,31.3,34.4,0.6,0.6
1-2 дня,2026-08-07T06:18:59Z,2026-08-08T17:00:00Z,34.7,31.2,30.0,34.2,1.2,1.2
1-2 дня,2026-08-07T06:18:59Z,2026-08-08T18:00:00Z,35.7,30.5,29.2,32.0,1.3,1.3
1-2 дня,2026-08-07T06:18:59Z,2026-08-08T19:00:00Z,36.7,29.9,28.4,29.3,1.5,1.5
1-2 дня,2026-08-07T06:18:59Z,2026-08-08T20:00:00Z,37.7,29.1,27.6,28.2,1.5,1.5
1-2 дня,2026-08-07T06:18:59Z,2026-08-08T21:00:00Z,38.7,28.3,26.6,27.2,1.7,1.7
1-2 дня,2026-08-07T06:18:59Z,2026-08-08T22:00:00Z,39.7,27.5,25.4,27.1,2.1,2.1
1-2 дня,2026-08-07T06:18:59Z,2026-08-08T23:00:00Z,40.7,26.8,24.9,25.7,1.9,1.9
1-2 дня,2026-08-07T06:18:59Z,2026-08-09T00:00:00Z,41.7,26.1,24.2,25.6,1.9,1.9
1-2 дня,2026-08-07T06:18:59Z,2026-08-09T01:00:00Z,42.7,25.5,23.8,25.1,1.7,1.7
1-2 дня,2026-08-07T06:18:59Z,2026-08-09T02:00:00Z,43.7,24.7,22.8,23.0,1.9,1.9
1-2 дня,2026-08-07T06:18:59Z,2026-08-09T03:00:00Z,44.7,24.1,21.3,21.4,2.8,2.8
1-2 дня,2026-08-07T06:18:59Z,2026-08-09T04:00:00Z,45.7,23.6,20.7,21.2,2.9,2.9
1-2 дня,2026-08-07T06:18:59Z,2026-08-09T05:00:00Z,46.7,23.4,21.8,21.7,1.6,1.6
1-2 дня,2026-08-07T06:18:59Z,2026-08-09T06:00:00Z,47.7,23.7,23.2,22.6,0.5,0.5
1-2 дня,2026-08-07T07:13:52Z,2026-08-08T08:00:00Z,24.8,26.7,25.6,30.5,1.1,1.1
1-2 дня,2026-08-07T07:13:52Z,2026-08-08T09:00:00Z,25.8,28.6,28.1,33.0,0.5,0.5
1-2 дня,2026-08-07T07:13:52Z,2026-08-08T10:00:00Z,26.8,30.4,29.7,35.0,0.7,0.7
1-2 дня,2026-08-07T07:13:52Z,2026-08-08T11:00:00Z,27.8,32.0,30.9,35.9,1.1,1.1
1-2 дня,2026-08-07T07:13:52Z,2026-08-08T12:00:00Z,28.8,33.0,31.4,36.6,1.6,1.6
1-2 дня,2026-08-07T07:13:52Z,2026-08-08T13:00:00Z,29.8,33.2,32.0,36.9,1.2,1.2
1-2 дня,2026-08-07T07:13:52Z,2026-08-08T14:00:00Z,30.8,33.1,31.3,37.2,1.8,1.8
1-2 дня,2026-08-07T07:13:52Z,2026-08-08T15:00:00Z,31.8,32.6,32.0,36.4,0.6,0.6
1-2 дня,2026-08-07T07:13:52Z,2026-08-08T16:00:00Z,32.8,31.9,31.3,34.4,0.6,0.6
1-2 дня,2026-08-07T07:13:52Z,2026-08-08T17:00:00Z,33.8,31.2,30.0,34.2,1.2,1.2
1-2 дня,2026-08-07T07:13:52Z,2026-08-08T18:00:00Z,34.8,30.5,29.2,32.0,1.3,1.3
1-2 дня,2026-08-07T07:13:52Z,2026-08-08T19:00:00Z,35.8,29.9,28.4,29.3,1.5,1.5
1-2 дня,2026-08-07T07:13:52Z,2026-08-08T20:00:00Z,36.8,29.1,27.6,28.2,1.5,1.5
1-2 дня,2026-08-07T07:13:52Z,2026-08-08T21:00:00Z,37.8,28.3,26.6,27.2,1.7,1.7
1-2 дня,2026-08-07T07:13:52Z,2026-08-08T22:00:00Z,38.8,27.5,25.4,27.1,2.1,2.1
1-2 дня,2026-08-07T07:13:52Z,2026-08-08T23:00:00Z,39.8,26.8,24.9,25.7,1.9,1.9
1-2 дня,2026-08-07T07:13:52Z,2026-08-09T00:00:00Z,40.8,26.1,24.2,25.6,1.9,1.9
1-2 дня,2026-08-07T07:13:52Z,2026-08-09T01:00:00Z,41.8,25.5,23.8,25.1,1.7,1.7
1-2 дня,2026-08-07T07:13:52Z,2026-08-09T02:00:00Z,42.8,24.7,22.8,23.0,1.9,1.9
1-2 дня,2026-08-07T07:13:52Z,2026-08-09T03:00:00Z,43.8,24.1,21.3,21.4,2.8,2.8
1-2 дня,2026-08-07T07:13:52Z,2026-08-09T04:00:00Z,44.8,23.6,20.7,21.2,2.9,2.9
1-2 дня,2026-08-07T07:13:52Z,2026-08-09T05:00:00Z,45.8,23.4,21.8,21.7,1.6,1.6
1-2 дня,2026-08-07T07:13:52Z,2026-08-09T06:00:00Z,46.8,23.7,23.2,22.6,0.5,0.5
1-2 дня,2026-08-07T07:13:52Z,2026-08-09T07:00:00Z,47.8,24.8,24.7,24.4,0.1,0.1
1-2 дня,2026-08-07T10:39:14Z,2026-08-08T11:00:00Z,24.3,32.4,30.9,35.9,1.5,1.5
1-2 дня,2026-08-07T10:39:14Z,2026-08-08T12:00:00Z,25.3,33.3,31.4,36.6,1.9,1.9
1-2 дня,2026-08-07T10:39:14Z,2026-08-08T13:00:00Z,26.3,33.4,32.0,36.9,1.4,1.4
1-2 дня,2026-08-07T10:39:14Z,2026-08-08T14:00:00Z,27.3,33.1,31.3,37.2,1.8,1.8
1-2 дня,2026-08-07T10:39:14Z,2026-08-08T15:00:00Z,28.3,32.4,32.0,36.4,0.4,0.4
1-2 дня,2026-08-07T10:39:14Z,2026-08-08T16:00:00Z,29.3,31.5,31.3,34.4,0.2,0.2
1-2 дня,2026-08-07T10:39:14Z,2026-08-08T17:00:00Z,30.3,30.6,30.0,34.2,0.6,0.6
1-2 дня,2026-08-07T10:39:14Z,2026-08-08T18:00:00Z,31.3,29.8,29.2,32.0,0.6,0.6
1-2 дня,2026-08-07T10:39:14Z,2026-08-08T19:00:00Z,32.3,29.1,28.4,29.3,0.7,0.7
1-2 дня,2026-08-07T10:39:14Z,2026-08-08T20:00:00Z,33.3,28.4,27.6,28.2,0.8,0.8
1-2 дня,2026-08-07T10:39:14Z,2026-08-08T21:00:00Z,34.3,27.6,26.6,27.2,1.0,1.0
1-2 дня,2026-08-07T10:39:14Z,2026-08-08T22:00:00Z,35.3,26.8,25.4,27.1,1.4,1.4
1-2 дня,2026-08-07T10:39:14Z,2026-08-08T23:00:00Z,36.3,26.1,24.9,25.7,1.2,1.2
1-2 дня,2026-08-07T10:39:14Z,2026-08-09T00:00:00Z,37.3,25.4,24.2,25.6,1.2,1.2
1-2 дня,2026-08-07T10:39:14Z,2026-08-09T01:00:00Z,38.3,24.8,23.8,25.1,1.0,1.0
1-2 дня,2026-08-07T10:39:14Z,2026-08-09T02:00:00Z,39.3,24.0,22.8,23.0,1.2,1.2
1-2 дня,2026-08-07T10:39:14Z,2026-08-09T03:00:00Z,40.3,23.4,21.3,21.4,2.1,2.1
1-2 дня,2026-08-07T10:39:14Z,2026-08-09T04:00:00Z,41.3,22.9,20.7,21.2,2.2,2.2
1-2 дня,2026-08-07T10:39:14Z,2026-08-09T05:00:00Z,42.3,22.7,21.8,21.7,0.9,0.9
1-2 дня,2026-08-07T10:39:14Z,2026-08-09T06:00:00Z,43.3,23.1,23.2,22.6,-0.1,0.1
1-2 дня,2026-08-07T10:39:14Z,2026-08-09T07:00:00Z,44.3,24.2,24.7,24.4,-0.5,0.5
1-2 дня,2026-08-07T10:39:14Z,2026-08-09T08:00:00Z,45.3,26.0,27.1,25.6,-1.1,1.1
1-2 дня,2026-08-07T10:39:14Z,2026-08-09T09:00:00Z,46.3,28.1,28.8,28.1,-0.7,0.7
1-2 дня,2026-08-07T10:39:14Z,2026-08-09T10:00:00Z,47.3,30.2,30.1,29.7,0.1,0.1
1-2 дня,2026-08-07T16:51:54Z,2026-08-08T17:00:00Z,24.1,30.2,30.0,34.2,0.2,0.2
1-2 дня,2026-08-07T16:51:54Z,2026-08-08T18:00:00Z,25.1,29.4,29.2,32.0,0.2,0.2
1-2 дня,2026-08-07T16:51:54Z,2026-08-08T19:00:00Z,26.1,28.7,28.4,29.3,0.3,0.3
1-2 дня,2026-08-07T16:51:54Z,2026-08-08T20:00:00Z,27.1,27.9,27.6,28.2,0.3,0.3
1-2 дня,2026-08-07T16:51:54Z,2026-08-08T21:00:00Z,28.1,27.1,26.6,27.2,0.5,0.5
1-2 дня,2026-08-07T16:51:54Z,2026-08-08T22:00:00Z,29.1,26.2,25.4,27.1,0.8,0.8
1-2 дня,2026-08-07T16:51:54Z,2026-08-08T23:00:00Z,30.1,25.5,24.9,25.7,0.6,0.6
1-2 дня,2026-08-07T16:51:54Z,2026-08-09T00:00:00Z,31.1,24.8,24.2,25.6,0.6,0.6
1-2 дня,2026-08-07T16:51:54Z,2026-08-09T01:00:00Z,32.1,24.2,23.8,25.1,0.4,0.4
1-2 дня,2026-08-07T16:51:54Z,2026-08-09T02:00:00Z,33.1,23.5,22.8,23.0,0.7,0.7
1-2 дня,2026-08-07T16:51:54Z,2026-08-09T03:00:00Z,34.1,22.8,21.3,21.4,1.5,1.5
1-2 дня,2026-08-07T16:51:54Z,2026-08-09T04:00:00Z,35.1,22.4,20.7,21.2,1.7,1.7
1-2 дня,2026-08-07T16:51:54Z,2026-08-09T05:00:00Z,36.1,22.3,21.8,21.7,0.5,0.5
1-2 дня,2026-08-07T16:51:54Z,2026-08-09T06:00:00Z,37.1,22.6,23.2,22.6,-0.6,0.6
1-2 дня,2026-08-07T16:51:54Z,2026-08-09T07:00:00Z,38.1,23.6,24.7,24.4,-1.1,1.1
1-2 дня,2026-08-07T16:51:54Z,2026-08-09T08:00:00Z,39.1,25.4,27.1,25.6,-1.7,1.7
1-2 дня,2026-08-07T16:51:54Z,2026-08-09T09:00:00Z,40.1,27.4,28.8,28.1,-1.4,1.4
1-2 дня,2026-08-07T16:51:54Z,2026-08-09T10:00:00Z,41.1,29.4,30.1,29.7,-0.7,0.7
1-2 дня,2026-08-07T16:51:54Z,2026-08-09T11:00:00Z,42.1,31.1,30.8,30.9,0.3,0.3
1-2 дня,2026-08-07T16:51:54Z,2026-08-09T12:00:00Z,43.1,31.9,32.4,31.4,-0.5,0.5
1-2 дня,2026-08-07T16:51:54Z,2026-08-09T13:00:00Z,44.1,31.9,32.7,32.0,-0.8,0.8
1-2 дня,2026-08-07T16:51:54Z,2026-08-09T14:00:00Z,45.1,31.3,33.2,31.3,-1.9,1.9
1-2 дня,2026-08-07T16:51:54Z,2026-08-09T15:00:00Z,46.1,30.4,33.1,32.0,-2.7,2.7
1-2 дня,2026-08-07T16:51:54Z,2026-08-09T16:00:00Z,47.1,29.2,32.2,31.3,-3.0,3.0
1-2 дня,2026-08-07T22:45:57Z,2026-08-08T23:00:00Z,24.2,25.3,24.9,25.7,0.4,0.4
1-2 дня,2026-08-07T22:45:57Z,2026-08-09T00:00:00Z,25.2,24.7,24.2,25.6,0.5,0.5
1-2 дня,2026-08-07T22:45:57Z,2026-08-09T01:00:00Z,26.2,24.0,23.8,25.1,0.2,0.2
1-2 дня,2026-08-07T22:45:57Z,2026-08-09T02:00:00Z,27.2,23.3,22.8,23.0,0.5,0.5
1-2 дня,2026-08-07T22:45:57Z,2026-08-09T03:00:00Z,28.2,22.6,21.3,21.4,1.3,1.3
1-2 дня,2026-08-07T22:45:57Z,2026-08-09T04:00:00Z,29.2,22.2,20.7,21.2,1.5,1.5
1-2 дня,2026-08-07T22:45:57Z,2026-08-09T05:00:00Z,30.2,22.0,21.8,21.7,0.2,0.2
1-2 дня,2026-08-07T22:45:57Z,2026-08-09T06:00:00Z,31.2,22.3,23.2,22.6,-0.9,0.9
1-2 дня,2026-08-07T22:45:57Z,2026-08-09T07:00:00Z,32.2,23.4,24.7,24.4,-1.3,1.3
1-2 дня,2026-08-07T22:45:57Z,2026-08-09T08:00:00Z,33.2,25.1,27.1,25.6,-2.0,2.0
1-2 дня,2026-08-07T22:45:57Z,2026-08-09T09:00:00Z,34.2,27.2,28.8,28.1,-1.6,1.6
1-2 дня,2026-08-07T22:45:57Z,2026-08-09T10:00:00Z,35.2,29.3,30.1,29.7,-0.8,0.8
1-2 дня,2026-08-07T22:45:57Z,2026-08-09T11:00:00Z,36.2,30.9,30.8,30.9,0.1,0.1
1-2 дня,2026-08-07T22:45:57Z,2026-08-09T12:00:00Z,37.2,31.8,32.4,31.4,-0.6,0.6
1-2 дня,2026-08-07T22:45:57Z,2026-08-09T13:00:00Z,38.2,31.9,32.7,32.0,-0.8,0.8
1-2 дня,2026-08-07T22:45:57Z,2026-08-09T14:00:00Z,39.2,31.4,33.2,31.3,-1.8,1.8
1-2 дня,2026-08-07T22:45:57Z,2026-08-09T15:00:00Z,40.2,30.4,33.1,32.0,-2.7,2.7
1-2 дня,2026-08-07T22:45:57Z,2026-08-09T16:00:00Z,41.2,29.3,32.2,31.3,-2.9,2.9
1-2 дня,2026-08-07T22:45:57Z,2026-08-09T17:00:00Z,42.2,28.1,30.8,30.0,-2.7,2.7
1-2 дня,2026-08-07T22:45:57Z,2026-08-09T18:00:00Z,43.2,27.1,29.7,29.2,-2.6,2.6
1-2 дня,2026-08-07T22:45:57Z,2026-08-09T19:00:00Z,44.2,26.0,28.3,28.4,-2.3,2.3
1-2 дня,2026-08-07T22:45:57Z,2026-08-09T20:00:00Z,45.2,24.8,27.3,27.6,-2.5,2.5
1-2 дня,2026-08-07T22:45:57Z,2026-08-09T21:00:00Z,46.2,23.5,26.6,26.6,-3.1,3.1
1-2 дня,2026-08-07T22:45:57Z,2026-08-09T22:00:00Z,47.2,22.3,24.9,25.4,-2.6,2.6
1-2 дня,2026-08-07T23:19:23Z,2026-08-09T00:00:00Z,24.7,24.7,24.2,25.6,0.5,0.5
1-2 дня,2026-08-07T23:19:23Z,2026-08-09T01:00:00Z,25.7,24.0,23.8,25.1,0.2,0.2
1-2 дня,2026-08-07T23:19:23Z,2026-08-09T02:00:00Z,26.7,23.3,22.8,23.0,0.5,0.5
1-2 дня,2026-08-07T23:19:23Z,2026-08-09T03:00:00Z,27.7,22.6,21.3,21.4,1.3,1.3
1-2 дня,2026-08-07T23:19:23Z,2026-08-09T04:00:00Z,28.7,22.2,20.7,21.2,1.5,1.5
1-2 дня,2026-08-07T23:19:23Z,2026-08-09T05:00:00Z,29.7,22.0,21.8,21.7,0.2,0.2
1-2 дня,2026-08-07T23:19:23Z,2026-08-09T06:00:00Z,30.7,22.3,23.2,22.6,-0.9,0.9
1-2 дня,2026-08-07T23:19:23Z,2026-08-09T07:00:00Z,31.7,23.4,24.7,24.4,-1.3,1.3
1-2 дня,2026-08-07T23:19:23Z,2026-08-09T08:00:00Z,32.7,25.1,27.1,25.6,-2.0,2.0
1-2 дня,2026-08-07T23:19:23Z,2026-08-09T09:00:00Z,33.7,27.2,28.8,28.1,-1.6,1.6
1-2 дня,2026-08-07T23:19:23Z,2026-08-09T10:00:00Z,34.7,29.3,30.1,29.7,-0.8,0.8
1-2 дня,2026-08-07T23:19:23Z,2026-08-09T11:00:00Z,35.7,30.9,30.8,30.9,0.1,0.1
1-2 дня,2026-08-07T23:19:23Z,2026-08-09T12:00:00Z,36.7,31.8,32.4,31.4,-0.6,0.6
1-2 дня,2026-08-07T23:19:23Z,2026-08-09T13:00:00Z,37.7,31.9,32.7,32.0,-0.8,0.8
1-2 дня,2026-08-07T23:19:23Z,2026-08-09T14:00:00Z,38.7,31.4,33.2,31.3,-1.8,1.8
1-2 дня,2026-08-07T23:19:23Z,2026-08-09T15:00:00Z,39.7,30.4,33.1,32.0,-2.7,2.7
1-2 дня,2026-08-07T23:19:23Z,2026-08-09T16:00:00Z,40.7,29.3,32.2,31.3,-2.9,2.9
1-2 дня,2026-08-07T23:19:23Z,2026-08-09T17:00:00Z,41.7,28.1,30.8,30.0,-2.7,2.7
1-2 дня,2026-08-07T23:19:23Z,2026-08-09T18:00:00Z,42.7,27.1,29.7,29.2,-2.6,2.6
1-2 дня,2026-08-07T23:19:23Z,2026-08-09T19:00:00Z,43.7,26.0,28.3,28.4,-2.3,2.3
1-2 дня,2026-08-07T23:19:23Z,2026-08-09T20:00:00Z,44.7,24.8,27.3,27.6,-2.5,2.5
1-2 дня,2026-08-07T23:19:23Z,2026-08-09T21:00:00Z,45.7,23.5,26.6,26.6,-3.1,3.1
1-2 дня,2026-08-07T23:19:23Z,2026-08-09T22:00:00Z,46.7,22.3,24.9,25.4,-2.6,2.6
1-2 дня,2026-08-07T23:19:23Z,2026-08-09T23:00:00Z,47.7,21.4,24.0,24.9,-2.6,2.6
1-2 дня,2026-08-08T04:50:53Z,2026-08-09T05:00:00Z,24.2,22.0,21.8,21.7,0.2,0.2
1-2 дня,2026-08-08T04:50:53Z,2026-08-09T06:00:00Z,25.2,22.3,23.2,22.6,-0.9,0.9
1-2 дня,2026-08-08T04:50:53Z,2026-08-09T07:00:00Z,26.2,23.4,24.7,24.4,-1.3,1.3
1-2 дня,2026-08-08T04:50:53Z,2026-08-09T08:00:00Z,27.2,25.1,27.1,25.6,-2.0,2.0
1-2 дня,2026-08-08T04:50:53Z,2026-08-09T09:00:00Z,28.2,27.2,28.8,28.1,-1.6,1.6
1-2 дня,2026-08-08T04:50:53Z,2026-08-09T10:00:00Z,29.2,29.3,30.1,29.7,-0.8,0.8
1-2 дня,2026-08-08T04:50:53Z,2026-08-09T11:00:00Z,30.2,30.9,30.8,30.9,0.1,0.1
1-2 дня,2026-08-08T04:50:53Z,2026-08-09T12:00:00Z,31.2,31.8,32.4,31.4,-0.6,0.6
1-2 дня,2026-08-08T04:50:53Z,2026-08-09T13:00:00Z,32.2,31.8,32.7,32.0,-0.9,0.9
1-2 дня,2026-08-08T04:50:53Z,2026-08-09T14:00:00Z,33.2,31.2,33.2,31.3,-2.0,2.0
1-2 дня,2026-08-08T04:50:53Z,2026-08-09T15:00:00Z,34.2,30.3,33.1,32.0,-2.8,2.8
1-2 дня,2026-08-08T04:50:53Z,2026-08-09T16:00:00Z,35.2,29.1,32.2,31.3,-3.1,3.1
1-2 дня,2026-08-08T04:50:53Z,2026-08-09T17:00:00Z,36.2,27.9,30.8,30.0,-2.9,2.9
1-2 дня,2026-08-08T04:50:53Z,2026-08-09T18:00:00Z,37.2,26.8,29.7,29.2,-2.9,2.9
1-2 дня,2026-08-08T04:50:53Z,2026-08-09T19:00:00Z,38.2,25.7,28.3,28.4,-2.6,2.6
1-2 дня,2026-08-08T04:50:53Z,2026-08-09T20:00:00Z,39.2,24.4,27.3,27.6,-2.9,2.9
1-2 дня,2026-08-08T04:50:53Z,2026-08-09T21:00:00Z,40.2,23.1,26.6,26.6,-3.5,3.5
1-2 дня,2026-08-08T04:50:53Z,2026-08-09T22:00:00Z,41.2,21.9,24.9,25.4,-3.0,3.0
1-2 дня,2026-08-08T04:50:53Z,2026-08-09T23:00:00Z,42.2,20.9,24.0,24.9,-3.1,3.1
1-2 дня,2026-08-08T04:50:53Z,2026-08-10T00:00:00Z,43.2,20.4,23.3,24.2,-2.9,2.9
1-2 дня,2026-08-08T04:50:53Z,2026-08-10T01:00:00Z,44.2,20.2,22.9,23.8,-2.7,2.7
1-2 дня,2026-08-08T04:50:53Z,2026-08-10T02:00:00Z,45.2,20.2,23.1,22.8,-2.9,2.9
1-2 дня,2026-08-08T04:50:53Z,2026-08-10T03:00:00Z,46.2,20.5,22.6,21.3,-2.1,2.1
1-2 дня,2026-08-08T04:50:53Z,2026-08-10T04:00:00Z,47.2,21.0,21.3,20.7,-0.3,0.3
1-2 дня,2026-08-08T10:18:13Z,2026-08-09T11:00:00Z,24.7,30.8,30.8,30.9,0.0,0.0
1-2 дня,2026-08-08T10:18:13Z,2026-08-09T12:00:00Z,25.7,31.7,32.4,31.4,-0.7,0.7
1-2 дня,2026-08-08T10:18:13Z,2026-08-09T13:00:00Z,26.7,31.7,32.7,32.0,-1.0,1.0
1-2 дня,2026-08-08T10:18:13Z,2026-08-09T14:00:00Z,27.7,31.1,33.2,31.3,-2.1,2.1
1-2 дня,2026-08-08T10:18:13Z,2026-08-09T15:00:00Z,28.7,30.2,33.1,32.0,-2.9,2.9
1-2 дня,2026-08-08T10:18:13Z,2026-08-09T16:00:00Z,29.7,29.0,32.2,31.3,-3.2,3.2
1-2 дня,2026-08-08T10:18:13Z,2026-08-09T17:00:00Z,30.7,27.7,30.8,30.0,-3.1,3.1
1-2 дня,2026-08-08T10:18:13Z,2026-08-09T18:00:00Z,31.7,26.6,29.7,29.2,-3.1,3.1
1-2 дня,2026-08-08T10:18:13Z,2026-08-09T19:00:00Z,32.7,25.5,28.3,28.4,-2.8,2.8
1-2 дня,2026-08-08T10:18:13Z,2026-08-09T20:00:00Z,33.7,24.2,27.3,27.6,-3.1,3.1
1-2 дня,2026-08-08T10:18:13Z,2026-08-09T21:00:00Z,34.7,22.8,26.6,26.6,-3.8,3.8
1-2 дня,2026-08-08T10:18:13Z,2026-08-09T22:00:00Z,35.7,21.5,24.9,25.4,-3.4,3.4
1-2 дня,2026-08-08T10:18:13Z,2026-08-09T23:00:00Z,36.7,20.5,24.0,24.9,-3.5,3.5
1-2 дня,2026-08-08T10:18:13Z,2026-08-10T00:00:00Z,37.7,19.9,23.3,24.2,-3.4,3.4
1-2 дня,2026-08-08T10:18:13Z,2026-08-10T01:00:00Z,38.7,19.6,22.9,23.8,-3.3,3.3
1-2 дня,2026-08-08T10:18:13Z,2026-08-10T02:00:00Z,39.7,19.6,23.1,22.8,-3.5,3.5
1-2 дня,2026-08-08T10:18:13Z,2026-08-10T03:00:00Z,40.7,19.9,22.6,21.3,-2.7,2.7
1-2 дня,2026-08-08T10:18:13Z,2026-08-10T04:00:00Z,41.7,20.4,21.3,20.7,-0.9,0.9
1-2 дня,2026-08-08T10:18:13Z,2026-08-10T05:00:00Z,42.7,21.2,24.9,21.8,-3.7,3.7
1-2 дня,2026-08-08T22:37:20Z,2026-08-09T23:00:00Z,24.4,20.7,24.0,24.9,-3.3,3.3
1-2 дня,2026-08-08T22:37:20Z,2026-08-10T00:00:00Z,25.4,20.1,23.3,24.2,-3.2,3.2
1-2 дня,2026-08-08T22:37:20Z,2026-08-10T01:00:00Z,26.4,19.8,22.9,23.8,-3.1,3.1
1-2 дня,2026-08-08T22:37:20Z,2026-08-10T02:00:00Z,27.4,19.8,23.1,22.8,-3.3,3.3
1-2 дня,2026-08-08T22:37:20Z,2026-08-10T03:00:00Z,28.4,20.1,22.6,21.3,-2.5,2.5
1-2 дня,2026-08-08T22:37:20Z,2026-08-10T04:00:00Z,29.4,20.5,21.3,20.7,-0.8,0.8
1-2 дня,2026-08-08T22:37:20Z,2026-08-10T05:00:00Z,30.4,21.3,24.9,21.8,-3.6,3.6
1-2 дня,2026-08-09T04:59:03Z,2026-08-10T05:00:00Z,24.0,21.2,24.9,21.8,-3.7,3.7
2-3 дня,2026-08-06T09:50:07Z,2026-08-08T10:00:00Z,48.2,30.3,29.7,35.0,0.6,0.6
2-3 дня,2026-08-06T09:50:07Z,2026-08-08T11:00:00Z,49.2,31.8,30.9,35.9,0.9,0.9
2-3 дня,2026-08-06T09:50:07Z,2026-08-08T12:00:00Z,50.2,32.7,31.4,36.6,1.3,1.3
2-3 дня,2026-08-06T09:50:07Z,2026-08-08T13:00:00Z,51.2,32.9,32.0,36.9,0.9,0.9
2-3 дня,2026-08-06T09:50:07Z,2026-08-08T14:00:00Z,52.2,32.7,31.3,37.2,1.4,1.4
2-3 дня,2026-08-06T09:50:07Z,2026-08-08T15:00:00Z,53.2,32.1,32.0,36.4,0.1,0.1
2-3 дня,2026-08-06T09:50:07Z,2026-08-08T16:00:00Z,54.2,31.4,31.3,34.4,0.1,0.1
2-3 дня,2026-08-06T09:50:07Z,2026-08-08T17:00:00Z,55.2,30.7,30.0,34.2,0.7,0.7
2-3 дня,2026-08-06T09:50:07Z,2026-08-08T18:00:00Z,56.2,30.1,29.2,32.0,0.9,0.9
2-3 дня,2026-08-06T09:50:07Z,2026-08-08T19:00:00Z,57.2,29.5,28.4,29.3,1.1,1.1
2-3 дня,2026-08-06T09:50:07Z,2026-08-08T20:00:00Z,58.2,28.8,27.6,28.2,1.2,1.2
2-3 дня,2026-08-06T09:50:07Z,2026-08-08T21:00:00Z,59.2,28.1,26.6,27.2,1.5,1.5
2-3 дня,2026-08-06T09:50:07Z,2026-08-08T22:00:00Z,60.2,27.4,25.4,27.1,2.0,2.0
2-3 дня,2026-08-06T09:50:07Z,2026-08-08T23:00:00Z,61.2,26.8,24.9,25.7,1.9,1.9
2-3 дня,2026-08-06T09:50:07Z,2026-08-09T00:00:00Z,62.2,26.2,24.2,25.6,2.0,2.0
2-3 дня,2026-08-06T09:50:07Z,2026-08-09T01:00:00Z,63.2,25.6,23.8,25.1,1.8,1.8
2-3 дня,2026-08-06T09:50:07Z,2026-08-09T02:00:00Z,64.2,24.9,22.8,23.0,2.1,2.1
2-3 дня,2026-08-06T09:50:07Z,2026-08-09T03:00:00Z,65.2,24.3,21.3,21.4,3.0,3.0
2-3 дня,2026-08-06T09:50:07Z,2026-08-09T04:00:00Z,66.2,23.8,20.7,21.2,3.1,3.1
2-3 дня,2026-08-06T09:50:07Z,2026-08-09T05:00:00Z,67.2,23.6,21.8,21.7,1.8,1.8
2-3 дня,2026-08-06T09:50:07Z,2026-08-09T06:00:00Z,68.2,24.0,23.2,22.6,0.8,0.8
2-3 дня,2026-08-06T09:50:07Z,2026-08-09T07:00:00Z,69.2,25.0,24.7,24.4,0.3,0.3
2-3 дня,2026-08-06T09:50:07Z,2026-08-09T08:00:00Z,70.2,26.8,27.1,25.6,-0.3,0.3
2-3 дня,2026-08-06T09:50:07Z,2026-08-09T09:00:00Z,71.2,28.9,28.8,28.1,0.1,0.1
2-3 дня,2026-08-06T09:59:18Z,2026-08-08T10:00:00Z,48.0,30.3,29.7,35.0,0.6,0.6
2-3 дня,2026-08-06T09:59:18Z,2026-08-08T11:00:00Z,49.0,31.8,30.9,35.9,0.9,0.9
2-3 дня,2026-08-06T09:59:18Z,2026-08-08T12:00:00Z,50.0,32.7,31.4,36.6,1.3,1.3
2-3 дня,2026-08-06T09:59:18Z,2026-08-08T13:00:00Z,51.0,32.9,32.0,36.9,0.9,0.9
2-3 дня,2026-08-06T09:59:18Z,2026-08-08T14:00:00Z,52.0,32.7,31.3,37.2,1.4,1.4
2-3 дня,2026-08-06T09:59:18Z,2026-08-08T15:00:00Z,53.0,32.1,32.0,36.4,0.1,0.1
2-3 дня,2026-08-06T09:59:18Z,2026-08-08T16:00:00Z,54.0,31.4,31.3,34.4,0.1,0.1
2-3 дня,2026-08-06T09:59:18Z,2026-08-08T17:00:00Z,55.0,30.7,30.0,34.2,0.7,0.7
2-3 дня,2026-08-06T09:59:18Z,2026-08-08T18:00:00Z,56.0,30.1,29.2,32.0,0.9,0.9
2-3 дня,2026-08-06T09:59:18Z,2026-08-08T19:00:00Z,57.0,29.5,28.4,29.3,1.1,1.1
2-3 дня,2026-08-06T09:59:18Z,2026-08-08T20:00:00Z,58.0,28.8,27.6,28.2,1.2,1.2
2-3 дня,2026-08-06T09:59:18Z,2026-08-08T21:00:00Z,59.0,28.1,26.6,27.2,1.5,1.5
2-3 дня,2026-08-06T09:59:18Z,2026-08-08T22:00:00Z,60.0,27.4,25.4,27.1,2.0,2.0
2-3 дня,2026-08-06T09:59:18Z,2026-08-08T23:00:00Z,61.0,26.8,24.9,25.7,1.9,1.9
2-3 дня,2026-08-06T09:59:18Z,2026-08-09T00:00:00Z,62.0,26.2,24.2,25.6,2.0,2.0
2-3 дня,2026-08-06T09:59:18Z,2026-08-09T01:00:00Z,63.0,25.6,23.8,25.1,1.8,1.8
2-3 дня,2026-08-06T09:59:18Z,2026-08-09T02:00:00Z,64.0,24.9,22.8,23.0,2.1,2.1
2-3 дня,2026-08-06T09:59:18Z,2026-08-09T03:00:00Z,65.0,24.3,21.3,21.4,3.0,3.0
2-3 дня,2026-08-06T09:59:18Z,2026-08-09T04:00:00Z,66.0,23.8,20.7,21.2,3.1,3.1
2-3 дня,2026-08-06T09:59:18Z,2026-08-09T05:00:00Z,67.0,23.6,21.8,21.7,1.8,1.8
2-3 дня,2026-08-06T09:59:18Z,2026-08-09T06:00:00Z,68.0,24.0,23.2,22.6,0.8,0.8
2-3 дня,2026-08-06T09:59:18Z,2026-08-09T07:00:00Z,69.0,25.0,24.7,24.4,0.3,0.3
2-3 дня,2026-08-06T09:59:18Z,2026-08-09T08:00:00Z,70.0,26.8,27.1,25.6,-0.3,0.3
2-3 дня,2026-08-06T09:59:18Z,2026-08-09T09:00:00Z,71.0,28.9,28.8,28.1,0.1,0.1
2-3 дня,2026-08-06T10:08:26Z,2026-08-08T11:00:00Z,48.9,31.8,30.9,35.9,0.9,0.9
2-3 дня,2026-08-06T10:08:26Z,2026-08-08T12:00:00Z,49.9,32.7,31.4,36.6,1.3,1.3
2-3 дня,2026-08-06T10:08:26Z,2026-08-08T13:00:00Z,50.9,32.9,32.0,36.9,0.9,0.9
2-3 дня,2026-08-06T10:08:26Z,2026-08-08T14:00:00Z,51.9,32.7,31.3,37.2,1.4,1.4
2-3 дня,2026-08-06T10:08:26Z,2026-08-08T15:00:00Z,52.9,32.1,32.0,36.4,0.1,0.1
2-3 дня,2026-08-06T10:08:26Z,2026-08-08T16:00:00Z,53.9,31.4,31.3,34.4,0.1,0.1
2-3 дня,2026-08-06T10:08:26Z,2026-08-08T17:00:00Z,54.9,30.7,30.0,34.2,0.7,0.7
2-3 дня,2026-08-06T10:08:26Z,2026-08-08T18:00:00Z,55.9,30.1,29.2,32.0,0.9,0.9
2-3 дня,2026-08-06T10:08:26Z,2026-08-08T19:00:00Z,56.9,29.5,28.4,29.3,1.1,1.1
2-3 дня,2026-08-06T10:08:26Z,2026-08-08T20:00:00Z,57.9,28.8,27.6,28.2,1.2,1.2
2-3 дня,2026-08-06T10:08:26Z,2026-08-08T21:00:00Z,58.9,28.1,26.6,27.2,1.5,1.5
2-3 дня,2026-08-06T10:08:26Z,2026-08-08T22:00:00Z,59.9,27.4,25.4,27.1,2.0,2.0
2-3 дня,2026-08-06T10:08:26Z,2026-08-08T23:00:00Z,60.9,26.8,24.9,25.7,1.9,1.9
2-3 дня,2026-08-06T10:08:26Z,2026-08-09T00:00:00Z,61.9,26.2,24.2,25.6,2.0,2.0
2-3 дня,2026-08-06T10:08:26Z,2026-08-09T01:00:00Z,62.9,25.6,23.8,25.1,1.8,1.8
2-3 дня,2026-08-06T10:08:26Z,2026-08-09T02:00:00Z,63.9,24.9,22.8,23.0,2.1,2.1
2-3 дня,2026-08-06T10:08:26Z,2026-08-09T03:00:00Z,64.9,24.3,21.3,21.4,3.0,3.0
2-3 дня,2026-08-06T10:08:26Z,2026-08-09T04:00:00Z,65.9,23.8,20.7,21.2,3.1,3.1
2-3 дня,2026-08-06T10:08:26Z,2026-08-09T05:00:00Z,66.9,23.6,21.8,21.7,1.8,1.8
2-3 дня,2026-08-06T10:08:26Z,2026-08-09T06:00:00Z,67.9,24.0,23.2,22.6,0.8,0.8
2-3 дня,2026-08-06T10:08:26Z,2026-08-09T07:00:00Z,68.9,25.0,24.7,24.4,0.3,0.3
2-3 дня,2026-08-06T10:08:26Z,2026-08-09T08:00:00Z,69.9,26.8,27.1,25.6,-0.3,0.3
2-3 дня,2026-08-06T10:08:26Z,2026-08-09T09:00:00Z,70.9,28.9,28.8,28.1,0.1,0.1
2-3 дня,2026-08-06T10:08:26Z,2026-08-09T10:00:00Z,71.9,30.9,30.1,29.7,0.8,0.8
2-3 дня,2026-08-06T10:47:54Z,2026-08-08T11:00:00Z,48.2,31.8,30.9,35.9,0.9,0.9
2-3 дня,2026-08-06T10:47:54Z,2026-08-08T12:00:00Z,49.2,32.7,31.4,36.6,1.3,1.3
2-3 дня,2026-08-06T10:47:54Z,2026-08-08T13:00:00Z,50.2,32.9,32.0,36.9,0.9,0.9
2-3 дня,2026-08-06T10:47:54Z,2026-08-08T14:00:00Z,51.2,32.7,31.3,37.2,1.4,1.4
2-3 дня,2026-08-06T10:47:54Z,2026-08-08T15:00:00Z,52.2,32.1,32.0,36.4,0.1,0.1
2-3 дня,2026-08-06T10:47:54Z,2026-08-08T16:00:00Z,53.2,31.4,31.3,34.4,0.1,0.1
2-3 дня,2026-08-06T10:47:54Z,2026-08-08T17:00:00Z,54.2,30.7,30.0,34.2,0.7,0.7
2-3 дня,2026-08-06T10:47:54Z,2026-08-08T18:00:00Z,55.2,30.1,29.2,32.0,0.9,0.9
2-3 дня,2026-08-06T10:47:54Z,2026-08-08T19:00:00Z,56.2,29.5,28.4,29.3,1.1,1.1
2-3 дня,2026-08-06T10:47:54Z,2026-08-08T20:00:00Z,57.2,28.8,27.6,28.2,1.2,1.2
2-3 дня,2026-08-06T10:47:54Z,2026-08-08T21:00:00Z,58.2,28.1,26.6,27.2,1.5,1.5
2-3 дня,2026-08-06T10:47:54Z,2026-08-08T22:00:00Z,59.2,27.4,25.4,27.1,2.0,2.0
2-3 дня,2026-08-06T10:47:54Z,2026-08-08T23:00:00Z,60.2,26.8,24.9,25.7,1.9,1.9
2-3 дня,2026-08-06T10:47:54Z,2026-08-09T00:00:00Z,61.2,26.2,24.2,25.6,2.0,2.0
2-3 дня,2026-08-06T10:47:54Z,2026-08-09T01:00:00Z,62.2,25.6,23.8,25.1,1.8,1.8
2-3 дня,2026-08-06T10:47:54Z,2026-08-09T02:00:00Z,63.2,24.9,22.8,23.0,2.1,2.1
2-3 дня,2026-08-06T10:47:54Z,2026-08-09T03:00:00Z,64.2,24.3,21.3,21.4,3.0,3.0
2-3 дня,2026-08-06T10:47:54Z,2026-08-09T04:00:00Z,65.2,23.8,20.7,21.2,3.1,3.1
2-3 дня,2026-08-06T10:47:54Z,2026-08-09T05:00:00Z,66.2,23.6,21.8,21.7,1.8,1.8
2-3 дня,2026-08-06T10:47:54Z,2026-08-09T06:00:00Z,67.2,24.0,23.2,22.6,0.8,0.8
2-3 дня,2026-08-06T10:47:54Z,2026-08-09T07:00:00Z,68.2,25.0,24.7,24.4,0.3,0.3
2-3 дня,2026-08-06T10:47:54Z,2026-08-09T08:00:00Z,69.2,26.8,27.1,25.6,-0.3,0.3
2-3 дня,2026-08-06T10:47:54Z,2026-08-09T09:00:00Z,70.2,28.9,28.8,28.1,0.1,0.1
2-3 дня,2026-08-06T10:47:54Z,2026-08-09T10:00:00Z,71.2,30.9,30.1,29.7,0.8,0.8
2-3 дня,2026-08-06T11:30:42Z,2026-08-08T12:00:00Z,48.5,32.7,31.4,36.6,1.3,1.3
2-3 дня,2026-08-06T11:30:42Z,2026-08-08T13:00:00Z,49.5,32.9,32.0,36.9,0.9,0.9
2-3 дня,2026-08-06T11:30:42Z,2026-08-08T14:00:00Z,50.5,32.7,31.3,37.2,1.4,1.4
2-3 дня,2026-08-06T11:30:42Z,2026-08-08T15:00:00Z,51.5,32.1,32.0,36.4,0.1,0.1
2-3 дня,2026-08-06T11:30:42Z,2026-08-08T16:00:00Z,52.5,31.4,31.3,34.4,0.1,0.1
2-3 дня,2026-08-06T11:30:42Z,2026-08-08T17:00:00Z,53.5,30.7,30.0,34.2,0.7,0.7
2-3 дня,2026-08-06T11:30:42Z,2026-08-08T18:00:00Z,54.5,30.1,29.2,32.0,0.9,0.9
2-3 дня,2026-08-06T11:30:42Z,2026-08-08T19:00:00Z,55.5,29.5,28.4,29.3,1.1,1.1
2-3 дня,2026-08-06T11:30:42Z,2026-08-08T20:00:00Z,56.5,28.8,27.6,28.2,1.2,1.2
2-3 дня,2026-08-06T11:30:42Z,2026-08-08T21:00:00Z,57.5,28.1,26.6,27.2,1.5,1.5
2-3 дня,2026-08-06T11:30:42Z,2026-08-08T22:00:00Z,58.5,27.4,25.4,27.1,2.0,2.0
2-3 дня,2026-08-06T11:30:42Z,2026-08-08T23:00:00Z,59.5,26.8,24.9,25.7,1.9,1.9
2-3 дня,2026-08-06T11:30:42Z,2026-08-09T00:00:00Z,60.5,26.2,24.2,25.6,2.0,2.0
2-3 дня,2026-08-06T11:30:42Z,2026-08-09T01:00:00Z,61.5,25.6,23.8,25.1,1.8,1.8
2-3 дня,2026-08-06T11:30:42Z,2026-08-09T02:00:00Z,62.5,24.9,22.8,23.0,2.1,2.1
2-3 дня,2026-08-06T11:30:42Z,2026-08-09T03:00:00Z,63.5,24.3,21.3,21.4,3.0,3.0
2-3 дня,2026-08-06T11:30:42Z,2026-08-09T04:00:00Z,64.5,23.8,20.7,21.2,3.1,3.1
2-3 дня,2026-08-06T11:30:42Z,2026-08-09T05:00:00Z,65.5,23.6,21.8,21.7,1.8,1.8
2-3 дня,2026-08-06T11:30:42Z,2026-08-09T06:00:00Z,66.5,24.0,23.2,22.6,0.8,0.8
2-3 дня,2026-08-06T11:30:42Z,2026-08-09T07:00:00Z,67.5,25.0,24.7,24.4,0.3,0.3
2-3 дня,2026-08-06T11:30:42Z,2026-08-09T08:00:00Z,68.5,26.8,27.1,25.6,-0.3,0.3
2-3 дня,2026-08-06T11:30:42Z,2026-08-09T09:00:00Z,69.5,28.9,28.8,28.1,0.1,0.1
2-3 дня,2026-08-06T11:30:42Z,2026-08-09T10:00:00Z,70.5,30.9,30.1,29.7,0.8,0.8
2-3 дня,2026-08-06T11:30:42Z,2026-08-09T11:00:00Z,71.5,32.6,30.8,30.9,1.8,1.8
2-3 дня,2026-08-06T11:36:01Z,2026-08-08T12:00:00Z,48.4,32.7,31.4,36.6,1.3,1.3
2-3 дня,2026-08-06T11:36:01Z,2026-08-08T13:00:00Z,49.4,32.9,32.0,36.9,0.9,0.9
2-3 дня,2026-08-06T11:36:01Z,2026-08-08T14:00:00Z,50.4,32.7,31.3,37.2,1.4,1.4
2-3 дня,2026-08-06T11:36:01Z,2026-08-08T15:00:00Z,51.4,32.1,32.0,36.4,0.1,0.1
2-3 дня,2026-08-06T11:36:01Z,2026-08-08T16:00:00Z,52.4,31.4,31.3,34.4,0.1,0.1
2-3 дня,2026-08-06T11:36:01Z,2026-08-08T17:00:00Z,53.4,30.7,30.0,34.2,0.7,0.7
2-3 дня,2026-08-06T11:36:01Z,2026-08-08T18:00:00Z,54.4,30.1,29.2,32.0,0.9,0.9
2-3 дня,2026-08-06T11:36:01Z,2026-08-08T19:00:00Z,55.4,29.5,28.4,29.3,1.1,1.1
2-3 дня,2026-08-06T11:36:01Z,2026-08-08T20:00:00Z,56.4,28.8,27.6,28.2,1.2,1.2
2-3 дня,2026-08-06T11:36:01Z,2026-08-08T21:00:00Z,57.4,28.1,26.6,27.2,1.5,1.5
2-3 дня,2026-08-06T11:36:01Z,2026-08-08T22:00:00Z,58.4,27.4,25.4,27.1,2.0,2.0
2-3 дня,2026-08-06T11:36:01Z,2026-08-08T23:00:00Z,59.4,26.8,24.9,25.7,1.9,1.9
2-3 дня,2026-08-06T11:36:01Z,2026-08-09T00:00:00Z,60.4,26.2,24.2,25.6,2.0,2.0
2-3 дня,2026-08-06T11:36:01Z,2026-08-09T01:00:00Z,61.4,25.6,23.8,25.1,1.8,1.8
2-3 дня,2026-08-06T11:36:01Z,2026-08-09T02:00:00Z,62.4,24.9,22.8,23.0,2.1,2.1
2-3 дня,2026-08-06T11:36:01Z,2026-08-09T03:00:00Z,63.4,24.3,21.3,21.4,3.0,3.0
2-3 дня,2026-08-06T11:36:01Z,2026-08-09T04:00:00Z,64.4,23.8,20.7,21.2,3.1,3.1
2-3 дня,2026-08-06T11:36:01Z,2026-08-09T05:00:00Z,65.4,23.6,21.8,21.7,1.8,1.8
2-3 дня,2026-08-06T11:36:01Z,2026-08-09T06:00:00Z,66.4,24.0,23.2,22.6,0.8,0.8
2-3 дня,2026-08-06T11:36:01Z,2026-08-09T07:00:00Z,67.4,25.0,24.7,24.4,0.3,0.3
2-3 дня,2026-08-06T11:36:01Z,2026-08-09T08:00:00Z,68.4,26.8,27.1,25.6,-0.3,0.3
2-3 дня,2026-08-06T11:36:01Z,2026-08-09T09:00:00Z,69.4,28.9,28.8,28.1,0.1,0.1
2-3 дня,2026-08-06T11:36:01Z,2026-08-09T10:00:00Z,70.4,30.9,30.1,29.7,0.8,0.8
2-3 дня,2026-08-06T11:36:01Z,2026-08-09T11:00:00Z,71.4,32.6,30.8,30.9,1.8,1.8
2-3 дня,2026-08-06T11:44:08Z,2026-08-08T12:00:00Z,48.3,32.7,31.4,36.6,1.3,1.3
2-3 дня,2026-08-06T11:44:08Z,2026-08-08T13:00:00Z,49.3,32.9,32.0,36.9,0.9,0.9
2-3 дня,2026-08-06T11:44:08Z,2026-08-08T14:00:00Z,50.3,32.7,31.3,37.2,1.4,1.4
2-3 дня,2026-08-06T11:44:08Z,2026-08-08T15:00:00Z,51.3,32.1,32.0,36.4,0.1,0.1
2-3 дня,2026-08-06T11:44:08Z,2026-08-08T16:00:00Z,52.3,31.4,31.3,34.4,0.1,0.1
2-3 дня,2026-08-06T11:44:08Z,2026-08-08T17:00:00Z,53.3,30.7,30.0,34.2,0.7,0.7
2-3 дня,2026-08-06T11:44:08Z,2026-08-08T18:00:00Z,54.3,30.1,29.2,32.0,0.9,0.9
2-3 дня,2026-08-06T11:44:08Z,2026-08-08T19:00:00Z,55.3,29.5,28.4,29.3,1.1,1.1
2-3 дня,2026-08-06T11:44:08Z,2026-08-08T20:00:00Z,56.3,28.8,27.6,28.2,1.2,1.2
2-3 дня,2026-08-06T11:44:08Z,2026-08-08T21:00:00Z,57.3,28.1,26.6,27.2,1.5,1.5
2-3 дня,2026-08-06T11:44:08Z,2026-08-08T22:00:00Z,58.3,27.4,25.4,27.1,2.0,2.0
2-3 дня,2026-08-06T11:44:08Z,2026-08-08T23:00:00Z,59.3,26.8,24.9,25.7,1.9,1.9
2-3 дня,2026-08-06T11:44:08Z,2026-08-09T00:00:00Z,60.3,26.2,24.2,25.6,2.0,2.0
2-3 дня,2026-08-06T11:44:08Z,2026-08-09T01:00:00Z,61.3,25.6,23.8,25.1,1.8,1.8
2-3 дня,2026-08-06T11:44:08Z,2026-08-09T02:00:00Z,62.3,24.9,22.8,23.0,2.1,2.1
2-3 дня,2026-08-06T11:44:08Z,2026-08-09T03:00:00Z,63.3,24.3,21.3,21.4,3.0,3.0
2-3 дня,2026-08-06T11:44:08Z,2026-08-09T04:00:00Z,64.3,23.8,20.7,21.2,3.1,3.1
2-3 дня,2026-08-06T11:44:08Z,2026-08-09T05:00:00Z,65.3,23.6,21.8,21.7,1.8,1.8
2-3 дня,2026-08-06T11:44:08Z,2026-08-09T06:00:00Z,66.3,24.0,23.2,22.6,0.8,0.8
2-3 дня,2026-08-06T11:44:08Z,2026-08-09T07:00:00Z,67.3,25.0,24.7,24.4,0.3,0.3
2-3 дня,2026-08-06T11:44:08Z,2026-08-09T08:00:00Z,68.3,26.8,27.1,25.6,-0.3,0.3
2-3 дня,2026-08-06T11:44:08Z,2026-08-09T09:00:00Z,69.3,28.9,28.8,28.1,0.1,0.1
2-3 дня,2026-08-06T11:44:08Z,2026-08-09T10:00:00Z,70.3,30.9,30.1,29.7,0.8,0.8
2-3 дня,2026-08-06T11:44:08Z,2026-08-09T11:00:00Z,71.3,32.6,30.8,30.9,1.8,1.8
2-3 дня,2026-08-07T01:31:32Z,2026-08-09T02:00:00Z,48.5,25.2,22.8,23.0,2.4,2.4
2-3 дня,2026-08-07T01:31:32Z,2026-08-09T03:00:00Z,49.5,24.5,21.3,21.4,3.2,3.2
2-3 дня,2026-08-07T01:31:32Z,2026-08-09T04:00:00Z,50.5,24.0,20.7,21.2,3.3,3.3
2-3 дня,2026-08-07T01:31:32Z,2026-08-09T05:00:00Z,51.5,23.8,21.8,21.7,2.0,2.0
2-3 дня,2026-08-07T01:31:32Z,2026-08-09T06:00:00Z,52.5,24.1,23.2,22.6,0.9,0.9
2-3 дня,2026-08-07T01:31:32Z,2026-08-09T07:00:00Z,53.5,25.1,24.7,24.4,0.4,0.4
2-3 дня,2026-08-07T01:31:32Z,2026-08-09T08:00:00Z,54.5,26.8,27.1,25.6,-0.3,0.3
2-3 дня,2026-08-07T01:31:32Z,2026-08-09T09:00:00Z,55.5,28.8,28.8,28.1,0.0,0.0
2-3 дня,2026-08-07T01:31:32Z,2026-08-09T10:00:00Z,56.5,30.8,30.1,29.7,0.7,0.7
2-3 дня,2026-08-07T01:31:32Z,2026-08-09T11:00:00Z,57.5,32.4,30.8,30.9,1.6,1.6
2-3 дня,2026-08-07T01:31:32Z,2026-08-09T12:00:00Z,58.5,33.3,32.4,31.4,0.9,0.9
2-3 дня,2026-08-07T01:31:32Z,2026-08-09T13:00:00Z,59.5,33.3,32.7,32.0,0.6,0.6
2-3 дня,2026-08-07T01:31:32Z,2026-08-09T14:00:00Z,60.5,32.8,33.2,31.3,-0.4,0.4
2-3 дня,2026-08-07T01:31:32Z,2026-08-09T15:00:00Z,61.5,32.0,33.1,32.0,-1.1,1.1
2-3 дня,2026-08-07T01:31:32Z,2026-08-09T16:00:00Z,62.5,30.9,32.2,31.3,-1.3,1.3
2-3 дня,2026-08-07T01:31:32Z,2026-08-09T17:00:00Z,63.5,29.8,30.8,30.0,-1.0,1.0
2-3 дня,2026-08-07T01:31:32Z,2026-08-09T18:00:00Z,64.5,29.0,29.7,29.2,-0.7,0.7
2-3 дня,2026-08-07T01:31:32Z,2026-08-09T19:00:00Z,65.5,28.2,28.3,28.4,-0.1,0.1
2-3 дня,2026-08-07T01:31:32Z,2026-08-09T20:00:00Z,66.5,27.3,27.3,27.6,0.0,0.0
2-3 дня,2026-08-07T01:31:32Z,2026-08-09T21:00:00Z,67.5,26.5,26.6,26.6,-0.1,0.1
2-3 дня,2026-08-07T01:31:32Z,2026-08-09T22:00:00Z,68.5,25.7,24.9,25.4,0.8,0.8
2-3 дня,2026-08-07T01:31:32Z,2026-08-09T23:00:00Z,69.5,25.1,24.0,24.9,1.1,1.1
2-3 дня,2026-08-07T01:31:32Z,2026-08-10T00:00:00Z,70.5,24.7,23.3,24.2,1.4,1.4
2-3 дня,2026-08-07T01:31:32Z,2026-08-10T01:00:00Z,71.5,24.5,22.9,23.8,1.6,1.6
2-3 дня,2026-08-07T05:36:00Z,2026-08-09T06:00:00Z,48.4,23.7,23.2,22.6,0.5,0.5
2-3 дня,2026-08-07T05:36:00Z,2026-08-09T07:00:00Z,49.4,24.8,24.7,24.4,0.1,0.1
2-3 дня,2026-08-07T05:36:00Z,2026-08-09T08:00:00Z,50.4,26.5,27.1,25.6,-0.6,0.6
2-3 дня,2026-08-07T05:36:00Z,2026-08-09T09:00:00Z,51.4,28.5,28.8,28.1,-0.3,0.3
2-3 дня,2026-08-07T05:36:00Z,2026-08-09T10:00:00Z,52.4,30.5,30.1,29.7,0.4,0.4
2-3 дня,2026-08-07T05:36:00Z,2026-08-09T11:00:00Z,53.4,32.1,30.8,30.9,1.3,1.3
2-3 дня,2026-08-07T05:36:00Z,2026-08-09T12:00:00Z,54.4,33.1,32.4,31.4,0.7,0.7
2-3 дня,2026-08-07T05:36:00Z,2026-08-09T13:00:00Z,55.4,33.2,32.7,32.0,0.5,0.5
2-3 дня,2026-08-07T05:36:00Z,2026-08-09T14:00:00Z,56.4,32.9,33.2,31.3,-0.3,0.3
2-3 дня,2026-08-07T05:36:00Z,2026-08-09T15:00:00Z,57.4,32.2,33.1,32.0,-0.9,0.9
2-3 дня,2026-08-07T05:36:00Z,2026-08-09T16:00:00Z,58.4,31.3,32.2,31.3,-0.9,0.9
2-3 дня,2026-08-07T05:36:00Z,2026-08-09T17:00:00Z,59.4,30.3,30.8,30.0,-0.5,0.5
2-3 дня,2026-08-07T05:36:00Z,2026-08-09T18:00:00Z,60.4,29.4,29.7,29.2,-0.3,0.3
2-3 дня,2026-08-07T05:36:00Z,2026-08-09T19:00:00Z,61.4,28.5,28.3,28.4,0.2,0.2
2-3 дня,2026-08-07T05:36:00Z,2026-08-09T20:00:00Z,62.4,27.5,27.3,27.6,0.2,0.2
2-3 дня,2026-08-07T05:36:00Z,2026-08-09T21:00:00Z,63.4,26.4,26.6,26.6,-0.2,0.2
2-3 дня,2026-08-07T05:36:00Z,2026-08-09T22:00:00Z,64.4,25.3,24.9,25.4,0.4,0.4
2-3 дня,2026-08-07T05:36:00Z,2026-08-09T23:00:00Z,65.4,24.5,24.0,24.9,0.5,0.5
2-3 дня,2026-08-07T05:36:00Z,2026-08-10T00:00:00Z,66.4,23.8,23.3,24.2,0.5,0.5
2-3 дня,2026-08-07T05:36:00Z,2026-08-10T01:00:00Z,67.4,23.4,22.9,23.8,0.5,0.5
2-3 дня,2026-08-07T05:36:00Z,2026-08-10T02:00:00Z,68.4,23.0,23.1,22.8,-0.1,0.1
2-3 дня,2026-08-07T05:36:00Z,2026-08-10T03:00:00Z,69.4,22.8,22.6,21.3,0.2,0.2
2-3 дня,2026-08-07T05:36:00Z,2026-08-10T04:00:00Z,70.4,22.9,21.3,20.7,1.6,1.6
2-3 дня,2026-08-07T05:36:00Z,2026-08-10T05:00:00Z,71.4,23.2,24.9,21.8,-1.7,1.7
2-3 дня,2026-08-07T06:18:59Z,2026-08-09T07:00:00Z,48.7,24.8,24.7,24.4,0.1,0.1
2-3 дня,2026-08-07T06:18:59Z,2026-08-09T08:00:00Z,49.7,26.5,27.1,25.6,-0.6,0.6
2-3 дня,2026-08-07T06:18:59Z,2026-08-09T09:00:00Z,50.7,28.5,28.8,28.1,-0.3,0.3
2-3 дня,2026-08-07T06:18:59Z,2026-08-09T10:00:00Z,51.7,30.5,30.1,29.7,0.4,0.4
2-3 дня,2026-08-07T06:18:59Z,2026-08-09T11:00:00Z,52.7,32.1,30.8,30.9,1.3,1.3
2-3 дня,2026-08-07T06:18:59Z,2026-08-09T12:00:00Z,53.7,33.1,32.4,31.4,0.7,0.7
2-3 дня,2026-08-07T06:18:59Z,2026-08-09T13:00:00Z,54.7,33.2,32.7,32.0,0.5,0.5
2-3 дня,2026-08-07T06:18:59Z,2026-08-09T14:00:00Z,55.7,32.9,33.2,31.3,-0.3,0.3
2-3 дня,2026-08-07T06:18:59Z,2026-08-09T15:00:00Z,56.7,32.2,33.1,32.0,-0.9,0.9
2-3 дня,2026-08-07T06:18:59Z,2026-08-09T16:00:00Z,57.7,31.3,32.2,31.3,-0.9,0.9
2-3 дня,2026-08-07T06:18:59Z,2026-08-09T17:00:00Z,58.7,30.3,30.8,30.0,-0.5,0.5
2-3 дня,2026-08-07T06:18:59Z,2026-08-09T18:00:00Z,59.7,29.4,29.7,29.2,-0.3,0.3
2-3 дня,2026-08-07T06:18:59Z,2026-08-09T19:00:00Z,60.7,28.5,28.3,28.4,0.2,0.2
2-3 дня,2026-08-07T06:18:59Z,2026-08-09T20:00:00Z,61.7,27.5,27.3,27.6,0.2,0.2
2-3 дня,2026-08-07T06:18:59Z,2026-08-09T21:00:00Z,62.7,26.4,26.6,26.6,-0.2,0.2
2-3 дня,2026-08-07T06:18:59Z,2026-08-09T22:00:00Z,63.7,25.3,24.9,25.4,0.4,0.4
2-3 дня,2026-08-07T06:18:59Z,2026-08-09T23:00:00Z,64.7,24.5,24.0,24.9,0.5,0.5
2-3 дня,2026-08-07T06:18:59Z,2026-08-10T00:00:00Z,65.7,23.8,23.3,24.2,0.5,0.5
2-3 дня,2026-08-07T06:18:59Z,2026-08-10T01:00:00Z,66.7,23.4,22.9,23.8,0.5,0.5
2-3 дня,2026-08-07T06:18:59Z,2026-08-10T02:00:00Z,67.7,23.0,23.1,22.8,-0.1,0.1
2-3 дня,2026-08-07T06:18:59Z,2026-08-10T03:00:00Z,68.7,22.8,22.6,21.3,0.2,0.2
2-3 дня,2026-08-07T06:18:59Z,2026-08-10T04:00:00Z,69.7,22.9,21.3,20.7,1.6,1.6
2-3 дня,2026-08-07T06:18:59Z,2026-08-10T05:00:00Z,70.7,23.2,24.9,21.8,-1.7,1.7
2-3 дня,2026-08-07T07:13:52Z,2026-08-09T08:00:00Z,48.8,26.5,27.1,25.6,-0.6,0.6
2-3 дня,2026-08-07T07:13:52Z,2026-08-09T09:00:00Z,49.8,28.5,28.8,28.1,-0.3,0.3
2-3 дня,2026-08-07T07:13:52Z,2026-08-09T10:00:00Z,50.8,30.5,30.1,29.7,0.4,0.4
2-3 дня,2026-08-07T07:13:52Z,2026-08-09T11:00:00Z,51.8,32.1,30.8,30.9,1.3,1.3
2-3 дня,2026-08-07T07:13:52Z,2026-08-09T12:00:00Z,52.8,33.1,32.4,31.4,0.7,0.7
2-3 дня,2026-08-07T07:13:52Z,2026-08-09T13:00:00Z,53.8,33.2,32.7,32.0,0.5,0.5
2-3 дня,2026-08-07T07:13:52Z,2026-08-09T14:00:00Z,54.8,32.9,33.2,31.3,-0.3,0.3
2-3 дня,2026-08-07T07:13:52Z,2026-08-09T15:00:00Z,55.8,32.2,33.1,32.0,-0.9,0.9
2-3 дня,2026-08-07T07:13:52Z,2026-08-09T16:00:00Z,56.8,31.3,32.2,31.3,-0.9,0.9
2-3 дня,2026-08-07T07:13:52Z,2026-08-09T17:00:00Z,57.8,30.3,30.8,30.0,-0.5,0.5
2-3 дня,2026-08-07T07:13:52Z,2026-08-09T18:00:00Z,58.8,29.4,29.7,29.2,-0.3,0.3
2-3 дня,2026-08-07T07:13:52Z,2026-08-09T19:00:00Z,59.8,28.5,28.3,28.4,0.2,0.2
2-3 дня,2026-08-07T07:13:52Z,2026-08-09T20:00:00Z,60.8,27.5,27.3,27.6,0.2,0.2
2-3 дня,2026-08-07T07:13:52Z,2026-08-09T21:00:00Z,61.8,26.4,26.6,26.6,-0.2,0.2
2-3 дня,2026-08-07T07:13:52Z,2026-08-09T22:00:00Z,62.8,25.3,24.9,25.4,0.4,0.4
2-3 дня,2026-08-07T07:13:52Z,2026-08-09T23:00:00Z,63.8,24.5,24.0,24.9,0.5,0.5
2-3 дня,2026-08-07T07:13:52Z,2026-08-10T00:00:00Z,64.8,23.8,23.3,24.2,0.5,0.5
2-3 дня,2026-08-07T07:13:52Z,2026-08-10T01:00:00Z,65.8,23.4,22.9,23.8,0.5,0.5
2-3 дня,2026-08-07T07:13:52Z,2026-08-10T02:00:00Z,66.8,23.0,23.1,22.8,-0.1,0.1
2-3 дня,2026-08-07T07:13:52Z,2026-08-10T03:00:00Z,67.8,22.8,22.6,21.3,0.2,0.2
2-3 дня,2026-08-07T07:13:52Z,2026-08-10T04:00:00Z,68.8,22.9,21.3,20.7,1.6,1.6
2-3 дня,2026-08-07T07:13:52Z,2026-08-10T05:00:00Z,69.8,23.2,24.9,21.8,-1.7,1.7
2-3 дня,2026-08-07T10:39:14Z,2026-08-09T11:00:00Z,48.3,31.8,30.8,30.9,1.0,1.0
2-3 дня,2026-08-07T10:39:14Z,2026-08-09T12:00:00Z,49.3,32.7,32.4,31.4,0.3,0.3
2-3 дня,2026-08-07T10:39:14Z,2026-08-09T13:00:00Z,50.3,32.7,32.7,32.0,0.0,0.0
2-3 дня,2026-08-07T10:39:14Z,2026-08-09T14:00:00Z,51.3,32.2,33.2,31.3,-1.0,1.0
2-3 дня,2026-08-07T10:39:14Z,2026-08-09T15:00:00Z,52.3,31.2,33.1,32.0,-1.9,1.9
2-3 дня,2026-08-07T10:39:14Z,2026-08-09T16:00:00Z,53.3,30.0,32.2,31.3,-2.2,2.2
2-3 дня,2026-08-07T10:39:14Z,2026-08-09T17:00:00Z,54.3,28.7,30.8,30.0,-2.1,2.1
2-3 дня,2026-08-07T10:39:14Z,2026-08-09T18:00:00Z,55.3,27.6,29.7,29.2,-2.1,2.1
2-3 дня,2026-08-07T10:39:14Z,2026-08-09T19:00:00Z,56.3,26.5,28.3,28.4,-1.8,1.8
2-3 дня,2026-08-07T10:39:14Z,2026-08-09T20:00:00Z,57.3,25.2,27.3,27.6,-2.1,2.1
2-3 дня,2026-08-07T10:39:14Z,2026-08-09T21:00:00Z,58.3,23.8,26.6,26.6,-2.8,2.8
2-3 дня,2026-08-07T10:39:14Z,2026-08-09T22:00:00Z,59.3,22.6,24.9,25.4,-2.3,2.3
2-3 дня,2026-08-07T10:39:14Z,2026-08-09T23:00:00Z,60.3,21.5,24.0,24.9,-2.5,2.5
2-3 дня,2026-08-07T10:39:14Z,2026-08-10T00:00:00Z,61.3,20.9,23.3,24.2,-2.4,2.4
2-3 дня,2026-08-07T10:39:14Z,2026-08-10T01:00:00Z,62.3,20.5,22.9,23.8,-2.4,2.4
2-3 дня,2026-08-07T10:39:14Z,2026-08-10T02:00:00Z,63.3,20.4,23.1,22.8,-2.7,2.7
2-3 дня,2026-08-07T10:39:14Z,2026-08-10T03:00:00Z,64.3,20.5,22.6,21.3,-2.1,2.1
2-3 дня,2026-08-07T10:39:14Z,2026-08-10T04:00:00Z,65.3,20.8,21.3,20.7,-0.5,0.5
2-3 дня,2026-08-07T10:39:14Z,2026-08-10T05:00:00Z,66.3,21.5,24.9,21.8,-3.4,3.4
2-3 дня,2026-08-07T16:51:54Z,2026-08-09T17:00:00Z,48.1,27.9,30.8,30.0,-2.9,2.9
2-3 дня,2026-08-07T16:51:54Z,2026-08-09T18:00:00Z,49.1,26.8,29.7,29.2,-2.9,2.9
2-3 дня,2026-08-07T16:51:54Z,2026-08-09T19:00:00Z,50.1,25.7,28.3,28.4,-2.6,2.6
2-3 дня,2026-08-07T16:51:54Z,2026-08-09T20:00:00Z,51.1,24.4,27.3,27.6,-2.9,2.9
2-3 дня,2026-08-07T16:51:54Z,2026-08-09T21:00:00Z,52.1,23.1,26.6,26.6,-3.5,3.5
2-3 дня,2026-08-07T16:51:54Z,2026-08-09T22:00:00Z,53.1,21.9,24.9,25.4,-3.0,3.0
2-3 дня,2026-08-07T16:51:54Z,2026-08-09T23:00:00Z,54.1,20.9,24.0,24.9,-3.1,3.1
2-3 дня,2026-08-07T16:51:54Z,2026-08-10T00:00:00Z,55.1,20.3,23.3,24.2,-3.0,3.0
2-3 дня,2026-08-07T16:51:54Z,2026-08-10T01:00:00Z,56.1,20.0,22.9,23.8,-2.9,2.9
2-3 дня,2026-08-07T16:51:54Z,2026-08-10T02:00:00Z,57.1,19.9,23.1,22.8,-3.2,3.2
2-3 дня,2026-08-07T16:51:54Z,2026-08-10T03:00:00Z,58.1,20.1,22.6,21.3,-2.5,2.5
2-3 дня,2026-08-07T16:51:54Z,2026-08-10T04:00:00Z,59.1,20.5,21.3,20.7,-0.8,0.8
2-3 дня,2026-08-07T16:51:54Z,2026-08-10T05:00:00Z,60.1,21.2,24.9,21.8,-3.7,3.7
2-3 дня,2026-08-07T22:45:57Z,2026-08-09T23:00:00Z,48.2,21.4,24.0,24.9,-2.6,2.6
2-3 дня,2026-08-07T22:45:57Z,2026-08-10T00:00:00Z,49.2,20.8,23.3,24.2,-2.5,2.5
2-3 дня,2026-08-07T22:45:57Z,2026-08-10T01:00:00Z,50.2,20.5,22.9,23.8,-2.4,2.4
2-3 дня,2026-08-07T22:45:57Z,2026-08-10T02:00:00Z,51.2,20.4,23.1,22.8,-2.7,2.7
2-3 дня,2026-08-07T22:45:57Z,2026-08-10T03:00:00Z,52.2,20.6,22.6,21.3,-2.0,2.0
2-3 дня,2026-08-07T22:45:57Z,2026-08-10T04:00:00Z,53.2,21.0,21.3,20.7,-0.3,0.3
2-3 дня,2026-08-07T22:45:57Z,2026-08-10T05:00:00Z,54.2,21.6,24.9,21.8,-3.3,3.3
2-3 дня,2026-08-07T23:19:23Z,2026-08-10T00:00:00Z,48.7,20.8,23.3,24.2,-2.5,2.5
2-3 дня,2026-08-07T23:19:23Z,2026-08-10T01:00:00Z,49.7,20.5,22.9,23.8,-2.4,2.4
2-3 дня,2026-08-07T23:19:23Z,2026-08-10T02:00:00Z,50.7,20.4,23.1,22.8,-2.7,2.7
2-3 дня,2026-08-07T23:19:23Z,2026-08-10T03:00:00Z,51.7,20.6,22.6,21.3,-2.0,2.0
2-3 дня,2026-08-07T23:19:23Z,2026-08-10T04:00:00Z,52.7,21.0,21.3,20.7,-0.3,0.3
2-3 дня,2026-08-07T23:19:23Z,2026-08-10T05:00:00Z,53.7,21.6,24.9,21.8,-3.3,3.3
2-3 дня,2026-08-08T04:50:53Z,2026-08-10T05:00:00Z,48.2,21.8,24.9,21.8,-3.1,3.1
3-5 дней,2026-08-06T09:50:07Z,2026-08-09T10:00:00Z,72.2,30.9,30.1,29.7,0.8,0.8
3-5 дней,2026-08-06T09:50:07Z,2026-08-09T11:00:00Z,73.2,32.6,30.8,30.9,1.8,1.8
3-5 дней,2026-08-06T09:50:07Z,2026-08-09T12:00:00Z,74.2,33.6,32.4,31.4,1.2,1.2
3-5 дней,2026-08-06T09:50:07Z,2026-08-09T13:00:00Z,75.2,33.7,32.7,32.0,1.0,1.0
3-5 дней,2026-08-06T09:50:07Z,2026-08-09T14:00:00Z,76.2,33.2,33.2,31.3,0.0,0.0
3-5 дней,2026-08-06T09:50:07Z,2026-08-09T15:00:00Z,77.2,32.4,33.1,32.0,-0.7,0.7
3-5 дней,2026-08-06T09:50:07Z,2026-08-09T16:00:00Z,78.2,31.4,32.2,31.3,-0.8,0.8
3-5 дней,2026-08-06T09:50:07Z,2026-08-09T17:00:00Z,79.2,30.3,30.8,30.0,-0.5,0.5
3-5 дней,2026-08-06T09:50:07Z,2026-08-09T18:00:00Z,80.2,29.5,29.7,29.2,-0.2,0.2
3-5 дней,2026-08-06T09:50:07Z,2026-08-09T19:00:00Z,81.2,28.8,28.3,28.4,0.5,0.5
3-5 дней,2026-08-06T09:50:07Z,2026-08-09T20:00:00Z,82.2,28.1,27.3,27.6,0.8,0.8
3-5 дней,2026-08-06T09:50:07Z,2026-08-09T21:00:00Z,83.2,27.4,26.6,26.6,0.8,0.8
3-5 дней,2026-08-06T09:50:07Z,2026-08-09T22:00:00Z,84.2,26.7,24.9,25.4,1.8,1.8
3-5 дней,2026-08-06T09:50:07Z,2026-08-09T23:00:00Z,85.2,26.2,24.0,24.9,2.2,2.2
3-5 дней,2026-08-06T09:50:07Z,2026-08-10T00:00:00Z,86.2,25.8,23.3,24.2,2.5,2.5
3-5 дней,2026-08-06T09:50:07Z,2026-08-10T01:00:00Z,87.2,25.5,22.9,23.8,2.6,2.6
3-5 дней,2026-08-06T09:50:07Z,2026-08-10T02:00:00Z,88.2,25.2,23.1,22.8,2.1,2.1
3-5 дней,2026-08-06T09:50:07Z,2026-08-10T03:00:00Z,89.2,25.0,22.6,21.3,2.4,2.4
3-5 дней,2026-08-06T09:50:07Z,2026-08-10T04:00:00Z,90.2,25.0,21.3,20.7,3.7,3.7
3-5 дней,2026-08-06T09:50:07Z,2026-08-10T05:00:00Z,91.2,25.3,24.9,21.8,0.4,0.4
3-5 дней,2026-08-06T09:59:18Z,2026-08-09T10:00:00Z,72.0,30.9,30.1,29.7,0.8,0.8
3-5 дней,2026-08-06T09:59:18Z,2026-08-09T11:00:00Z,73.0,32.6,30.8,30.9,1.8,1.8
3-5 дней,2026-08-06T09:59:18Z,2026-08-09T12:00:00Z,74.0,33.6,32.4,31.4,1.2,1.2
3-5 дней,2026-08-06T09:59:18Z,2026-08-09T13:00:00Z,75.0,33.7,32.7,32.0,1.0,1.0
3-5 дней,2026-08-06T09:59:18Z,2026-08-09T14:00:00Z,76.0,33.2,33.2,31.3,0.0,0.0
3-5 дней,2026-08-06T09:59:18Z,2026-08-09T15:00:00Z,77.0,32.4,33.1,32.0,-0.7,0.7
3-5 дней,2026-08-06T09:59:18Z,2026-08-09T16:00:00Z,78.0,31.4,32.2,31.3,-0.8,0.8
3-5 дней,2026-08-06T09:59:18Z,2026-08-09T17:00:00Z,79.0,30.3,30.8,30.0,-0.5,0.5
3-5 дней,2026-08-06T09:59:18Z,2026-08-09T18:00:00Z,80.0,29.5,29.7,29.2,-0.2,0.2
3-5 дней,2026-08-06T09:59:18Z,2026-08-09T19:00:00Z,81.0,28.8,28.3,28.4,0.5,0.5
3-5 дней,2026-08-06T09:59:18Z,2026-08-09T20:00:00Z,82.0,28.1,27.3,27.6,0.8,0.8
3-5 дней,2026-08-06T09:59:18Z,2026-08-09T21:00:00Z,83.0,27.4,26.6,26.6,0.8,0.8
3-5 дней,2026-08-06T09:59:18Z,2026-08-09T22:00:00Z,84.0,26.7,24.9,25.4,1.8,1.8
3-5 дней,2026-08-06T09:59:18Z,2026-08-09T23:00:00Z,85.0,26.2,24.0,24.9,2.2,2.2
3-5 дней,2026-08-06T09:59:18Z,2026-08-10T00:00:00Z,86.0,25.8,23.3,24.2,2.5,2.5
3-5 дней,2026-08-06T09:59:18Z,2026-08-10T01:00:00Z,87.0,25.5,22.9,23.8,2.6,2.6
3-5 дней,2026-08-06T09:59:18Z,2026-08-10T02:00:00Z,88.0,25.2,23.1,22.8,2.1,2.1
3-5 дней,2026-08-06T09:59:18Z,2026-08-10T03:00:00Z,89.0,25.0,22.6,21.3,2.4,2.4
3-5 дней,2026-08-06T09:59:18Z,2026-08-10T04:00:00Z,90.0,25.0,21.3,20.7,3.7,3.7
3-5 дней,2026-08-06T09:59:18Z,2026-08-10T05:00:00Z,91.0,25.3,24.9,21.8,0.4,0.4
3-5 дней,2026-08-06T10:08:26Z,2026-08-09T11:00:00Z,72.9,32.6,30.8,30.9,1.8,1.8
3-5 дней,2026-08-06T10:08:26Z,2026-08-09T12:00:00Z,73.9,33.6,32.4,31.4,1.2,1.2
3-5 дней,2026-08-06T10:08:26Z,2026-08-09T13:00:00Z,74.9,33.7,32.7,32.0,1.0,1.0
3-5 дней,2026-08-06T10:08:26Z,2026-08-09T14:00:00Z,75.9,33.2,33.2,31.3,0.0,0.0
3-5 дней,2026-08-06T10:08:26Z,2026-08-09T15:00:00Z,76.9,32.4,33.1,32.0,-0.7,0.7
3-5 дней,2026-08-06T10:08:26Z,2026-08-09T16:00:00Z,77.9,31.4,32.2,31.3,-0.8,0.8
3-5 дней,2026-08-06T10:08:26Z,2026-08-09T17:00:00Z,78.9,30.3,30.8,30.0,-0.5,0.5
3-5 дней,2026-08-06T10:08:26Z,2026-08-09T18:00:00Z,79.9,29.5,29.7,29.2,-0.2,0.2
3-5 дней,2026-08-06T10:08:26Z,2026-08-09T19:00:00Z,80.9,28.8,28.3,28.4,0.5,0.5
3-5 дней,2026-08-06T10:08:26Z,2026-08-09T20:00:00Z,81.9,28.1,27.3,27.6,0.8,0.8
3-5 дней,2026-08-06T10:08:26Z,2026-08-09T21:00:00Z,82.9,27.4,26.6,26.6,0.8,0.8
3-5 дней,2026-08-06T10:08:26Z,2026-08-09T22:00:00Z,83.9,26.7,24.9,25.4,1.8,1.8
3-5 дней,2026-08-06T10:08:26Z,2026-08-09T23:00:00Z,84.9,26.2,24.0,24.9,2.2,2.2
3-5 дней,2026-08-06T10:08:26Z,2026-08-10T00:00:00Z,85.9,25.8,23.3,24.2,2.5,2.5
3-5 дней,2026-08-06T10:08:26Z,2026-08-10T01:00:00Z,86.9,25.5,22.9,23.8,2.6,2.6
3-5 дней,2026-08-06T10:08:26Z,2026-08-10T02:00:00Z,87.9,25.2,23.1,22.8,2.1,2.1
3-5 дней,2026-08-06T10:08:26Z,2026-08-10T03:00:00Z,88.9,25.0,22.6,21.3,2.4,2.4
3-5 дней,2026-08-06T10:08:26Z,2026-08-10T04:00:00Z,89.9,25.0,21.3,20.7,3.7,3.7
3-5 дней,2026-08-06T10:08:26Z,2026-08-10T05:00:00Z,90.9,25.3,24.9,21.8,0.4,0.4
3-5 дней,2026-08-06T10:47:54Z,2026-08-09T11:00:00Z,72.2,32.6,30.8,30.9,1.8,1.8
3-5 дней,2026-08-06T10:47:54Z,2026-08-09T12:00:00Z,73.2,33.6,32.4,31.4,1.2,1.2
3-5 дней,2026-08-06T10:47:54Z,2026-08-09T13:00:00Z,74.2,33.7,32.7,32.0,1.0,1.0
3-5 дней,2026-08-06T10:47:54Z,2026-08-09T14:00:00Z,75.2,33.2,33.2,31.3,0.0,0.0
3-5 дней,2026-08-06T10:47:54Z,2026-08-09T15:00:00Z,76.2,32.4,33.1,32.0,-0.7,0.7
3-5 дней,2026-08-06T10:47:54Z,2026-08-09T16:00:00Z,77.2,31.4,32.2,31.3,-0.8,0.8
3-5 дней,2026-08-06T10:47:54Z,2026-08-09T17:00:00Z,78.2,30.3,30.8,30.0,-0.5,0.5
3-5 дней,2026-08-06T10:47:54Z,2026-08-09T18:00:00Z,79.2,29.5,29.7,29.2,-0.2,0.2
3-5 дней,2026-08-06T10:47:54Z,2026-08-09T19:00:00Z,80.2,28.8,28.3,28.4,0.5,0.5
3-5 дней,2026-08-06T10:47:54Z,2026-08-09T20:00:00Z,81.2,28.1,27.3,27.6,0.8,0.8
3-5 дней,2026-08-06T10:47:54Z,2026-08-09T21:00:00Z,82.2,27.4,26.6,26.6,0.8,0.8
3-5 дней,2026-08-06T10:47:54Z,2026-08-09T22:00:00Z,83.2,26.7,24.9,25.4,1.8,1.8
3-5 дней,2026-08-06T10:47:54Z,2026-08-09T23:00:00Z,84.2,26.2,24.0,24.9,2.2,2.2
3-5 дней,2026-08-06T10:47:54Z,2026-08-10T00:00:00Z,85.2,25.8,23.3,24.2,2.5,2.5
3-5 дней,2026-08-06T10:47:54Z,2026-08-10T01:00:00Z,86.2,25.5,22.9,23.8,2.6,2.6
3-5 дней,2026-08-06T10:47:54Z,2026-08-10T02:00:00Z,87.2,25.2,23.1,22.8,2.1,2.1
3-5 дней,2026-08-06T10:47:54Z,2026-08-10T03:00:00Z,88.2,25.0,22.6,21.3,2.4,2.4
3-5 дней,2026-08-06T10:47:54Z,2026-08-10T04:00:00Z,89.2,25.0,21.3,20.7,3.7,3.7
3-5 дней,2026-08-06T10:47:54Z,2026-08-10T05:00:00Z,90.2,25.3,24.9,21.8,0.4,0.4
3-5 дней,2026-08-06T11:30:42Z,2026-08-09T12:00:00Z,72.5,33.6,32.4,31.4,1.2,1.2
3-5 дней,2026-08-06T11:30:42Z,2026-08-09T13:00:00Z,73.5,33.7,32.7,32.0,1.0,1.0
3-5 дней,2026-08-06T11:30:42Z,2026-08-09T14:00:00Z,74.5,33.2,33.2,31.3,0.0,0.0
3-5 дней,2026-08-06T11:30:42Z,2026-08-09T15:00:00Z,75.5,32.4,33.1,32.0,-0.7,0.7
3-5 дней,2026-08-06T11:30:42Z,2026-08-09T16:00:00Z,76.5,31.4,32.2,31.3,-0.8,0.8
3-5 дней,2026-08-06T11:30:42Z,2026-08-09T17:00:00Z,77.5,30.3,30.8,30.0,-0.5,0.5
3-5 дней,2026-08-06T11:30:42Z,2026-08-09T18:00:00Z,78.5,29.5,29.7,29.2,-0.2,0.2
3-5 дней,2026-08-06T11:30:42Z,2026-08-09T19:00:00Z,79.5,28.8,28.3,28.4,0.5,0.5
3-5 дней,2026-08-06T11:30:42Z,2026-08-09T20:00:00Z,80.5,28.1,27.3,27.6,0.8,0.8
3-5 дней,2026-08-06T11:30:42Z,2026-08-09T21:00:00Z,81.5,27.4,26.6,26.6,0.8,0.8
3-5 дней,2026-08-06T11:30:42Z,2026-08-09T22:00:00Z,82.5,26.7,24.9,25.4,1.8,1.8
3-5 дней,2026-08-06T11:30:42Z,2026-08-09T23:00:00Z,83.5,26.2,24.0,24.9,2.2,2.2
3-5 дней,2026-08-06T11:30:42Z,2026-08-10T00:00:00Z,84.5,25.8,23.3,24.2,2.5,2.5
3-5 дней,2026-08-06T11:30:42Z,2026-08-10T01:00:00Z,85.5,25.5,22.9,23.8,2.6,2.6
3-5 дней,2026-08-06T11:30:42Z,2026-08-10T02:00:00Z,86.5,25.2,23.1,22.8,2.1,2.1
3-5 дней,2026-08-06T11:30:42Z,2026-08-10T03:00:00Z,87.5,25.0,22.6,21.3,2.4,2.4
3-5 дней,2026-08-06T11:30:42Z,2026-08-10T04:00:00Z,88.5,25.0,21.3,20.7,3.7,3.7
3-5 дней,2026-08-06T11:30:42Z,2026-08-10T05:00:00Z,89.5,25.3,24.9,21.8,0.4,0.4
3-5 дней,2026-08-06T11:36:01Z,2026-08-09T12:00:00Z,72.4,33.6,32.4,31.4,1.2,1.2
3-5 дней,2026-08-06T11:36:01Z,2026-08-09T13:00:00Z,73.4,33.7,32.7,32.0,1.0,1.0
3-5 дней,2026-08-06T11:36:01Z,2026-08-09T14:00:00Z,74.4,33.2,33.2,31.3,0.0,0.0
3-5 дней,2026-08-06T11:36:01Z,2026-08-09T15:00:00Z,75.4,32.4,33.1,32.0,-0.7,0.7
3-5 дней,2026-08-06T11:36:01Z,2026-08-09T16:00:00Z,76.4,31.4,32.2,31.3,-0.8,0.8
3-5 дней,2026-08-06T11:36:01Z,2026-08-09T17:00:00Z,77.4,30.3,30.8,30.0,-0.5,0.5
3-5 дней,2026-08-06T11:36:01Z,2026-08-09T18:00:00Z,78.4,29.5,29.7,29.2,-0.2,0.2
3-5 дней,2026-08-06T11:36:01Z,2026-08-09T19:00:00Z,79.4,28.8,28.3,28.4,0.5,0.5
3-5 дней,2026-08-06T11:36:01Z,2026-08-09T20:00:00Z,80.4,28.1,27.3,27.6,0.8,0.8
3-5 дней,2026-08-06T11:36:01Z,2026-08-09T21:00:00Z,81.4,27.4,26.6,26.6,0.8,0.8
3-5 дней,2026-08-06T11:36:01Z,2026-08-09T22:00:00Z,82.4,26.7,24.9,25.4,1.8,1.8
3-5 дней,2026-08-06T11:36:01Z,2026-08-09T23:00:00Z,83.4,26.2,24.0,24.9,2.2,2.2
3-5 дней,2026-08-06T11:36:01Z,2026-08-10T00:00:00Z,84.4,25.8,23.3,24.2,2.5,2.5
3-5 дней,2026-08-06T11:36:01Z,2026-08-10T01:00:00Z,85.4,25.5,22.9,23.8,2.6,2.6
3-5 дней,2026-08-06T11:36:01Z,2026-08-10T02:00:00Z,86.4,25.2,23.1,22.8,2.1,2.1
3-5 дней,2026-08-06T11:36:01Z,2026-08-10T03:00:00Z,87.4,25.0,22.6,21.3,2.4,2.4
3-5 дней,2026-08-06T11:36:01Z,2026-08-10T04:00:00Z,88.4,25.0,21.3,20.7,3.7,3.7
3-5 дней,2026-08-06T11:36:01Z,2026-08-10T05:00:00Z,89.4,25.3,24.9,21.8,0.4,0.4
3-5 дней,2026-08-06T11:44:08Z,2026-08-09T12:00:00Z,72.3,33.6,32.4,31.4,1.2,1.2
3-5 дней,2026-08-06T11:44:08Z,2026-08-09T13:00:00Z,73.3,33.7,32.7,32.0,1.0,1.0
3-5 дней,2026-08-06T11:44:08Z,2026-08-09T14:00:00Z,74.3,33.2,33.2,31.3,0.0,0.0
3-5 дней,2026-08-06T11:44:08Z,2026-08-09T15:00:00Z,75.3,32.4,33.1,32.0,-0.7,0.7
3-5 дней,2026-08-06T11:44:08Z,2026-08-09T16:00:00Z,76.3,31.4,32.2,31.3,-0.8,0.8
3-5 дней,2026-08-06T11:44:08Z,2026-08-09T17:00:00Z,77.3,30.3,30.8,30.0,-0.5,0.5
3-5 дней,2026-08-06T11:44:08Z,2026-08-09T18:00:00Z,78.3,29.5,29.7,29.2,-0.2,0.2
3-5 дней,2026-08-06T11:44:08Z,2026-08-09T19:00:00Z,79.3,28.8,28.3,28.4,0.5,0.5
3-5 дней,2026-08-06T11:44:08Z,2026-08-09T20:00:00Z,80.3,28.1,27.3,27.6,0.8,0.8
3-5 дней,2026-08-06T11:44:08Z,2026-08-09T21:00:00Z,81.3,27.4,26.6,26.6,0.8,0.8
3-5 дней,2026-08-06T11:44:08Z,2026-08-09T22:00:00Z,82.3,26.7,24.9,25.4,1.8,1.8
3-5 дней,2026-08-06T11:44:08Z,2026-08-09T23:00:00Z,83.3,26.2,24.0,24.9,2.2,2.2
3-5 дней,2026-08-06T11:44:08Z,2026-08-10T00:00:00Z,84.3,25.8,23.3,24.2,2.5,2.5
3-5 дней,2026-08-06T11:44:08Z,2026-08-10T01:00:00Z,85.3,25.5,22.9,23.8,2.6,2.6
3-5 дней,2026-08-06T11:44:08Z,2026-08-10T02:00:00Z,86.3,25.2,23.1,22.8,2.1,2.1
3-5 дней,2026-08-06T11:44:08Z,2026-08-10T03:00:00Z,87.3,25.0,22.6,21.3,2.4,2.4
3-5 дней,2026-08-06T11:44:08Z,2026-08-10T04:00:00Z,88.3,25.0,21.3,20.7,3.7,3.7
3-5 дней,2026-08-06T11:44:08Z,2026-08-10T05:00:00Z,89.3,25.3,24.9,21.8,0.4,0.4
3-5 дней,2026-08-07T01:31:32Z,2026-08-10T02:00:00Z,72.5,24.5,23.1,22.8,1.4,1.4
3-5 дней,2026-08-07T01:31:32Z,2026-08-10T03:00:00Z,73.5,24.6,22.6,21.3,2.0,2.0
3-5 дней,2026-08-07T01:31:32Z,2026-08-10T04:00:00Z,74.5,24.9,21.3,20.7,3.6,3.6
3-5 дней,2026-08-07T01:31:32Z,2026-08-10T05:00:00Z,75.5,25.4,24.9,21.8,0.5,0.5
