# Нови-Сад / Температура / 0-6ч, 6-24ч, 1-2 дня, 2-3 дня, 3-5 дней, 5-10 дней / ECMWF IFS
# n=2213, MAE=1.331, RMSE=1.754, bias=-0.868
# skill = 1 - (RMSE/RMSE_персистентности)^2 = 1 - (1.754/2.183)^2 = 0.3541  (RMSE_персистентности по 2213 пар(ам))
# persistence baseline = как вчера в это же время - выбран автоматически как более сильный (ниже RMSE) из двух кандидатов для этого периода, одинаково для всех источников
# «Общий» = объединённый пул пар из периодов: 0-6ч, 6-24ч, 1-2 дня, 2-3 дня, 3-5 дней, 5-10 дней - метрика посчитана заново по всему пулу, а не усреднена по периодам
#
bucket,fetched_at,valid_time,lead_hours,forecast,observed,persistence,error,abs_error
0-6ч,2026-08-06T09:50:07Z,2026-08-06T10:00:00Z,0.2,35.2,37.2,37.0,-2.0,2.0
0-6ч,2026-08-06T09:50:07Z,2026-08-06T11:00:00Z,1.2,35.7,37.6,37.6,-1.9,1.9
0-6ч,2026-08-06T09:50:07Z,2026-08-06T12:00:00Z,2.2,35.9,37.5,37.1,-1.6,1.6
0-6ч,2026-08-06T09:50:07Z,2026-08-06T13:00:00Z,3.2,35.8,38.3,37.8,-2.5,2.5
0-6ч,2026-08-06T09:50:07Z,2026-08-06T14:00:00Z,4.2,35.4,38.0,37.7,-2.6,2.6
0-6ч,2026-08-06T09:50:07Z,2026-08-06T15:00:00Z,5.2,34.6,36.8,38.0,-2.2,2.2
0-6ч,2026-08-06T09:59:18Z,2026-08-06T10:00:00Z,0.0,35.2,37.2,37.0,-2.0,2.0
0-6ч,2026-08-06T09:59:18Z,2026-08-06T11:00:00Z,1.0,35.7,37.6,37.6,-1.9,1.9
0-6ч,2026-08-06T09:59:18Z,2026-08-06T12:00:00Z,2.0,35.9,37.5,37.1,-1.6,1.6
0-6ч,2026-08-06T09:59:18Z,2026-08-06T13:00:00Z,3.0,35.8,38.3,37.8,-2.5,2.5
0-6ч,2026-08-06T09:59:18Z,2026-08-06T14:00:00Z,4.0,35.4,38.0,37.7,-2.6,2.6
0-6ч,2026-08-06T09:59:18Z,2026-08-06T15:00:00Z,5.0,34.6,36.8,38.0,-2.2,2.2
0-6ч,2026-08-06T10:08:26Z,2026-08-06T11:00:00Z,0.9,35.7,37.6,37.6,-1.9,1.9
0-6ч,2026-08-06T10:08:26Z,2026-08-06T12:00:00Z,1.9,35.9,37.5,37.1,-1.6,1.6
0-6ч,2026-08-06T10:08:26Z,2026-08-06T13:00:00Z,2.9,35.8,38.3,37.8,-2.5,2.5
0-6ч,2026-08-06T10:08:26Z,2026-08-06T14:00:00Z,3.9,35.4,38.0,37.7,-2.6,2.6
0-6ч,2026-08-06T10:08:26Z,2026-08-06T15:00:00Z,4.9,34.6,36.8,38.0,-2.2,2.2
0-6ч,2026-08-06T10:08:26Z,2026-08-06T16:00:00Z,5.9,33.4,30.8,37.0,2.6,2.6
0-6ч,2026-08-06T10:47:54Z,2026-08-06T11:00:00Z,0.2,35.7,37.6,37.6,-1.9,1.9
0-6ч,2026-08-06T10:47:54Z,2026-08-06T12:00:00Z,1.2,35.9,37.5,37.1,-1.6,1.6
0-6ч,2026-08-06T10:47:54Z,2026-08-06T13:00:00Z,2.2,35.8,38.3,37.8,-2.5,2.5
0-6ч,2026-08-06T10:47:54Z,2026-08-06T14:00:00Z,3.2,35.4,38.0,37.7,-2.6,2.6
0-6ч,2026-08-06T10:47:54Z,2026-08-06T15:00:00Z,4.2,34.6,36.8,38.0,-2.2,2.2
0-6ч,2026-08-06T10:47:54Z,2026-08-06T16:00:00Z,5.2,33.4,30.8,37.0,2.6,2.6
0-6ч,2026-08-06T11:30:42Z,2026-08-06T12:00:00Z,0.5,35.9,37.5,37.1,-1.6,1.6
0-6ч,2026-08-06T11:30:42Z,2026-08-06T13:00:00Z,1.5,35.8,38.3,37.8,-2.5,2.5
0-6ч,2026-08-06T11:30:42Z,2026-08-06T14:00:00Z,2.5,35.4,38.0,37.7,-2.6,2.6
0-6ч,2026-08-06T11:30:42Z,2026-08-06T15:00:00Z,3.5,34.6,36.8,38.0,-2.2,2.2
0-6ч,2026-08-06T11:30:42Z,2026-08-06T16:00:00Z,4.5,33.4,30.8,37.0,2.6,2.6
0-6ч,2026-08-06T11:30:42Z,2026-08-06T17:00:00Z,5.5,31.8,31.2,35.4,0.6,0.6
0-6ч,2026-08-06T11:36:01Z,2026-08-06T12:00:00Z,0.4,35.9,37.5,37.1,-1.6,1.6
0-6ч,2026-08-06T11:36:01Z,2026-08-06T13:00:00Z,1.4,35.8,38.3,37.8,-2.5,2.5
0-6ч,2026-08-06T11:36:01Z,2026-08-06T14:00:00Z,2.4,35.4,38.0,37.7,-2.6,2.6
0-6ч,2026-08-06T11:36:01Z,2026-08-06T15:00:00Z,3.4,34.6,36.8,38.0,-2.2,2.2
0-6ч,2026-08-06T11:36:01Z,2026-08-06T16:00:00Z,4.4,33.4,30.8,37.0,2.6,2.6
0-6ч,2026-08-06T11:36:01Z,2026-08-06T17:00:00Z,5.4,31.8,31.2,35.4,0.6,0.6
0-6ч,2026-08-06T11:44:08Z,2026-08-06T12:00:00Z,0.3,35.9,37.5,37.1,-1.6,1.6
0-6ч,2026-08-06T11:44:08Z,2026-08-06T13:00:00Z,1.3,35.8,38.3,37.8,-2.5,2.5
0-6ч,2026-08-06T11:44:08Z,2026-08-06T14:00:00Z,2.3,35.4,38.0,37.7,-2.6,2.6
0-6ч,2026-08-06T11:44:08Z,2026-08-06T15:00:00Z,3.3,34.6,36.8,38.0,-2.2,2.2
0-6ч,2026-08-06T11:44:08Z,2026-08-06T16:00:00Z,4.3,33.4,30.8,37.0,2.6,2.6
0-6ч,2026-08-06T11:44:08Z,2026-08-06T17:00:00Z,5.3,31.8,31.2,35.4,0.6,0.6
0-6ч,2026-08-07T01:31:32Z,2026-08-07T02:00:00Z,0.5,24.3,24.8,26.5,-0.5,0.5
0-6ч,2026-08-07T01:31:32Z,2026-08-07T03:00:00Z,1.5,24.3,24.6,27.2,-0.3,0.3
0-6ч,2026-08-07T01:31:32Z,2026-08-07T04:00:00Z,2.5,25.1,24.9,27.5,0.2,0.2
0-6ч,2026-08-07T01:31:32Z,2026-08-07T05:00:00Z,3.5,26.5,26.1,28.4,0.4,0.4
0-6ч,2026-08-07T01:31:32Z,2026-08-07T06:00:00Z,4.5,27.9,27.0,29.0,0.9,0.9
0-6ч,2026-08-07T01:31:32Z,2026-08-07T07:00:00Z,5.5,29.5,28.0,31.2,1.5,1.5
0-6ч,2026-08-07T05:36:00Z,2026-08-07T06:00:00Z,0.4,27.9,27.0,29.0,0.9,0.9
0-6ч,2026-08-07T05:36:00Z,2026-08-07T07:00:00Z,1.4,29.5,28.0,31.2,1.5,1.5
0-6ч,2026-08-07T05:36:00Z,2026-08-07T08:00:00Z,2.4,31.2,30.5,33.8,0.7,0.7
0-6ч,2026-08-07T05:36:00Z,2026-08-07T09:00:00Z,3.4,32.6,33.0,35.7,-0.4,0.4
0-6ч,2026-08-07T05:36:00Z,2026-08-07T10:00:00Z,4.4,33.8,35.0,37.2,-1.2,1.2
0-6ч,2026-08-07T05:36:00Z,2026-08-07T11:00:00Z,5.4,34.8,35.9,37.6,-1.1,1.1
0-6ч,2026-08-07T06:18:59Z,2026-08-07T07:00:00Z,0.7,29.5,28.0,31.2,1.5,1.5
0-6ч,2026-08-07T06:18:59Z,2026-08-07T08:00:00Z,1.7,31.2,30.5,33.8,0.7,0.7
0-6ч,2026-08-07T06:18:59Z,2026-08-07T09:00:00Z,2.7,32.6,33.0,35.7,-0.4,0.4
0-6ч,2026-08-07T06:18:59Z,2026-08-07T10:00:00Z,3.7,33.8,35.0,37.2,-1.2,1.2
0-6ч,2026-08-07T06:18:59Z,2026-08-07T11:00:00Z,4.7,34.8,35.9,37.6,-1.1,1.1
0-6ч,2026-08-07T06:18:59Z,2026-08-07T12:00:00Z,5.7,35.0,36.6,37.5,-1.6,1.6
0-6ч,2026-08-07T07:13:52Z,2026-08-07T08:00:00Z,0.8,31.2,30.5,33.8,0.7,0.7
0-6ч,2026-08-07T07:13:52Z,2026-08-07T09:00:00Z,1.8,32.6,33.0,35.7,-0.4,0.4
0-6ч,2026-08-07T07:13:52Z,2026-08-07T10:00:00Z,2.8,33.8,35.0,37.2,-1.2,1.2
0-6ч,2026-08-07T07:13:52Z,2026-08-07T11:00:00Z,3.8,34.8,35.9,37.6,-1.1,1.1
0-6ч,2026-08-07T07:13:52Z,2026-08-07T12:00:00Z,4.8,35.0,36.6,37.5,-1.6,1.6
0-6ч,2026-08-07T07:13:52Z,2026-08-07T13:00:00Z,5.8,34.2,36.9,38.3,-2.7,2.7
0-6ч,2026-08-07T10:39:14Z,2026-08-07T11:00:00Z,0.3,34.5,35.9,37.6,-1.4,1.4
0-6ч,2026-08-07T10:39:14Z,2026-08-07T12:00:00Z,1.3,34.7,36.6,37.5,-1.9,1.9
0-6ч,2026-08-07T10:39:14Z,2026-08-07T13:00:00Z,2.3,33.2,36.9,38.3,-3.7,3.7
0-6ч,2026-08-07T10:39:14Z,2026-08-07T14:00:00Z,3.3,30.8,37.2,38.0,-6.4,6.4
0-6ч,2026-08-07T10:39:14Z,2026-08-07T15:00:00Z,4.3,28.9,36.4,36.8,-7.5,7.5
0-6ч,2026-08-07T10:39:14Z,2026-08-07T16:00:00Z,5.3,28.1,34.4,30.8,-6.3,6.3
0-6ч,2026-08-07T16:51:54Z,2026-08-07T17:00:00Z,0.1,31.2,34.2,31.2,-3.0,3.0
0-6ч,2026-08-07T16:51:54Z,2026-08-07T18:00:00Z,1.1,30.2,32.0,30.4,-1.8,1.8
0-6ч,2026-08-07T16:51:54Z,2026-08-07T19:00:00Z,2.1,29.0,29.3,28.6,-0.3,0.3
0-6ч,2026-08-07T16:51:54Z,2026-08-07T20:00:00Z,3.1,27.7,28.2,28.8,-0.5,0.5
0-6ч,2026-08-07T16:51:54Z,2026-08-07T21:00:00Z,4.1,26.7,27.2,27.6,-0.5,0.5
0-6ч,2026-08-07T16:51:54Z,2026-08-07T22:00:00Z,5.1,25.9,27.1,27.1,-1.2,1.2
0-6ч,2026-08-07T22:45:57Z,2026-08-07T23:00:00Z,0.2,24.8,25.7,26.3,-0.9,0.9
0-6ч,2026-08-07T22:45:57Z,2026-08-08T00:00:00Z,1.2,24.1,25.6,25.6,-1.5,1.5
0-6ч,2026-08-07T22:45:57Z,2026-08-08T01:00:00Z,2.2,23.4,25.1,25.3,-1.7,1.7
0-6ч,2026-08-07T22:45:57Z,2026-08-08T02:00:00Z,3.2,22.6,23.0,24.8,-0.4,0.4
0-6ч,2026-08-07T22:45:57Z,2026-08-08T03:00:00Z,4.2,22.3,21.4,24.6,0.9,0.9
0-6ч,2026-08-07T22:45:57Z,2026-08-08T04:00:00Z,5.2,22.4,21.2,24.9,1.2,1.2
0-6ч,2026-08-07T23:19:23Z,2026-08-08T00:00:00Z,0.7,24.1,25.6,25.6,-1.5,1.5
0-6ч,2026-08-07T23:19:23Z,2026-08-08T01:00:00Z,1.7,23.4,25.1,25.3,-1.7,1.7
0-6ч,2026-08-07T23:19:23Z,2026-08-08T02:00:00Z,2.7,22.6,23.0,24.8,-0.4,0.4
0-6ч,2026-08-07T23:19:23Z,2026-08-08T03:00:00Z,3.7,22.3,21.4,24.6,0.9,0.9
0-6ч,2026-08-07T23:19:23Z,2026-08-08T04:00:00Z,4.7,22.4,21.2,24.9,1.2,1.2
0-6ч,2026-08-07T23:19:23Z,2026-08-08T05:00:00Z,5.7,22.8,21.7,26.1,1.1,1.1
0-6ч,2026-08-08T04:50:53Z,2026-08-08T05:00:00Z,0.2,22.2,21.7,26.1,0.5,0.5
0-6ч,2026-08-08T04:50:53Z,2026-08-08T06:00:00Z,1.2,23.0,22.6,27.0,0.4,0.4
0-6ч,2026-08-08T04:50:53Z,2026-08-08T07:00:00Z,2.2,24.4,24.4,28.0,0.0,0.0
0-6ч,2026-08-08T04:50:53Z,2026-08-08T08:00:00Z,3.2,26.2,25.6,30.5,0.6,0.6
0-6ч,2026-08-08T04:50:53Z,2026-08-08T09:00:00Z,4.2,27.8,28.1,33.0,-0.3,0.3
0-6ч,2026-08-08T04:50:53Z,2026-08-08T10:00:00Z,5.2,29.0,29.7,35.0,-0.7,0.7
0-6ч,2026-08-08T10:18:13Z,2026-08-08T11:00:00Z,0.7,29.1,30.9,35.9,-1.8,1.8
0-6ч,2026-08-08T10:18:13Z,2026-08-08T12:00:00Z,1.7,30.0,31.4,36.6,-1.4,1.4
0-6ч,2026-08-08T10:18:13Z,2026-08-08T13:00:00Z,2.7,30.5,32.0,36.9,-1.5,1.5
0-6ч,2026-08-08T10:18:13Z,2026-08-08T14:00:00Z,3.7,30.7,31.3,37.2,-0.6,0.6
0-6ч,2026-08-08T10:18:13Z,2026-08-08T15:00:00Z,4.7,30.4,32.0,36.4,-1.6,1.6
0-6ч,2026-08-08T10:18:13Z,2026-08-08T16:00:00Z,5.7,29.6,31.3,34.4,-1.7,1.7
0-6ч,2026-08-08T22:37:20Z,2026-08-08T23:00:00Z,0.4,22.5,24.9,25.7,-2.4,2.4
0-6ч,2026-08-08T22:37:20Z,2026-08-09T00:00:00Z,1.4,21.9,24.2,25.6,-2.3,2.3
0-6ч,2026-08-08T22:37:20Z,2026-08-09T01:00:00Z,2.4,21.2,23.8,25.1,-2.6,2.6
0-6ч,2026-08-08T22:37:20Z,2026-08-09T02:00:00Z,3.4,20.6,22.8,23.0,-2.2,2.2
0-6ч,2026-08-08T22:37:20Z,2026-08-09T03:00:00Z,4.4,20.3,21.3,21.4,-1.0,1.0
0-6ч,2026-08-08T22:37:20Z,2026-08-09T04:00:00Z,5.4,20.5,20.7,21.2,-0.2,0.2
0-6ч,2026-08-09T04:59:03Z,2026-08-09T05:00:00Z,0.0,21.3,21.8,21.7,-0.5,0.5
0-6ч,2026-08-09T04:59:03Z,2026-08-09T06:00:00Z,1.0,22.4,23.2,22.6,-0.8,0.8
0-6ч,2026-08-09T04:59:03Z,2026-08-09T07:00:00Z,2.0,23.8,24.7,24.4,-0.9,0.9
0-6ч,2026-08-09T04:59:03Z,2026-08-09T08:00:00Z,3.0,25.6,27.1,25.6,-1.5,1.5
0-6ч,2026-08-09T04:59:03Z,2026-08-09T09:00:00Z,4.0,27.2,28.8,28.1,-1.6,1.6
0-6ч,2026-08-09T04:59:03Z,2026-08-09T10:00:00Z,5.0,28.3,30.1,29.7,-1.8,1.8
0-6ч,2026-08-09T10:19:29Z,2026-08-09T11:00:00Z,0.7,28.7,30.8,30.9,-2.1,2.1
0-6ч,2026-08-09T10:19:29Z,2026-08-09T12:00:00Z,1.7,29.3,32.4,31.4,-3.1,3.1
0-6ч,2026-08-09T10:19:29Z,2026-08-09T13:00:00Z,2.7,29.7,32.7,32.0,-3.0,3.0
0-6ч,2026-08-09T10:19:29Z,2026-08-09T14:00:00Z,3.7,29.8,33.2,31.3,-3.4,3.4
0-6ч,2026-08-09T10:19:29Z,2026-08-09T15:00:00Z,4.7,29.5,33.1,32.0,-3.6,3.6
0-6ч,2026-08-09T10:19:29Z,2026-08-09T16:00:00Z,5.7,28.2,32.2,31.3,-4.0,4.0
0-6ч,2026-08-09T12:41:38Z,2026-08-09T13:00:00Z,0.3,29.7,32.7,32.0,-3.0,3.0
0-6ч,2026-08-09T12:41:38Z,2026-08-09T14:00:00Z,1.3,29.8,33.2,31.3,-3.4,3.4
0-6ч,2026-08-09T12:41:38Z,2026-08-09T15:00:00Z,2.3,29.5,33.1,32.0,-3.6,3.6
0-6ч,2026-08-09T12:41:38Z,2026-08-09T16:00:00Z,3.3,28.2,32.2,31.3,-4.0,4.0
0-6ч,2026-08-09T12:41:38Z,2026-08-09T17:00:00Z,4.3,26.5,30.8,30.0,-4.3,4.3
0-6ч,2026-08-09T12:41:38Z,2026-08-09T18:00:00Z,5.3,25.0,29.7,29.2,-4.7,4.7
0-6ч,2026-08-09T12:45:53Z,2026-08-09T13:00:00Z,0.2,29.7,32.7,32.0,-3.0,3.0
0-6ч,2026-08-09T12:45:53Z,2026-08-09T14:00:00Z,1.2,29.8,33.2,31.3,-3.4,3.4
0-6ч,2026-08-09T12:45:53Z,2026-08-09T15:00:00Z,2.2,29.5,33.1,32.0,-3.6,3.6
0-6ч,2026-08-09T12:45:53Z,2026-08-09T16:00:00Z,3.2,28.2,32.2,31.3,-4.0,4.0
0-6ч,2026-08-09T12:45:53Z,2026-08-09T17:00:00Z,4.2,26.5,30.8,30.0,-4.3,4.3
0-6ч,2026-08-09T12:45:53Z,2026-08-09T18:00:00Z,5.2,25.0,29.7,29.2,-4.7,4.7
0-6ч,2026-08-09T12:48:15Z,2026-08-09T13:00:00Z,0.2,29.7,32.7,32.0,-3.0,3.0
0-6ч,2026-08-09T12:48:15Z,2026-08-09T14:00:00Z,1.2,29.8,33.2,31.3,-3.4,3.4
0-6ч,2026-08-09T12:48:15Z,2026-08-09T15:00:00Z,2.2,29.5,33.1,32.0,-3.6,3.6
0-6ч,2026-08-09T12:48:15Z,2026-08-09T16:00:00Z,3.2,28.2,32.2,31.3,-4.0,4.0
0-6ч,2026-08-09T12:48:15Z,2026-08-09T17:00:00Z,4.2,26.5,30.8,30.0,-4.3,4.3
0-6ч,2026-08-09T12:48:15Z,2026-08-09T18:00:00Z,5.2,25.0,29.7,29.2,-4.7,4.7
0-6ч,2026-08-09T16:31:44Z,2026-08-09T17:00:00Z,0.5,26.2,30.8,30.0,-4.6,4.6
0-6ч,2026-08-09T16:31:44Z,2026-08-09T18:00:00Z,1.5,24.7,29.7,29.2,-5.0,5.0
0-6ч,2026-08-09T16:31:44Z,2026-08-09T19:00:00Z,2.5,23.8,28.3,28.4,-4.5,4.5
0-6ч,2026-08-09T16:31:44Z,2026-08-09T20:00:00Z,3.5,23.2,27.3,27.6,-4.1,4.1
0-6ч,2026-08-09T16:31:44Z,2026-08-09T21:00:00Z,4.5,22.7,26.6,26.6,-3.9,3.9
0-6ч,2026-08-09T16:31:44Z,2026-08-09T22:00:00Z,5.5,22.5,24.9,25.4,-2.4,2.4
0-6ч,2026-08-09T22:39:09Z,2026-08-09T23:00:00Z,0.3,23.5,24.0,24.9,-0.5,0.5
0-6ч,2026-08-09T22:39:09Z,2026-08-10T00:00:00Z,1.3,23.2,23.3,24.2,-0.1,0.1
0-6ч,2026-08-09T22:39:09Z,2026-08-10T01:00:00Z,2.3,22.6,22.9,23.8,-0.3,0.3
0-6ч,2026-08-09T22:39:09Z,2026-08-10T02:00:00Z,3.3,22.0,23.1,22.8,-1.1,1.1
0-6ч,2026-08-09T22:39:09Z,2026-08-10T03:00:00Z,4.3,21.9,22.6,21.3,-0.7,0.7
0-6ч,2026-08-09T22:39:09Z,2026-08-10T04:00:00Z,5.3,22.7,21.3,20.7,1.4,1.4
0-6ч,2026-08-10T05:20:42Z,2026-08-10T06:00:00Z,0.7,26.0,26.2,23.2,-0.2,0.2
0-6ч,2026-08-10T05:20:42Z,2026-08-10T07:00:00Z,1.7,27.7,28.3,24.7,-0.6,0.6
0-6ч,2026-08-10T05:20:42Z,2026-08-10T08:00:00Z,2.7,29.4,30.6,27.1,-1.2,1.2
0-6ч,2026-08-10T05:20:42Z,2026-08-10T09:00:00Z,3.7,30.8,32.5,28.8,-1.7,1.7
0-6ч,2026-08-10T05:20:42Z,2026-08-10T10:00:00Z,4.7,31.6,32.7,30.1,-1.1,1.1
0-6ч,2026-08-10T05:20:42Z,2026-08-10T11:00:00Z,5.7,32.0,33.2,30.8,-1.2,1.2
0-6ч,2026-08-10T10:53:28Z,2026-08-10T11:00:00Z,0.1,31.7,33.2,30.8,-1.5,1.5
0-6ч,2026-08-10T10:53:28Z,2026-08-10T12:00:00Z,1.1,32.0,34.1,32.4,-2.1,2.1
0-6ч,2026-08-10T10:53:28Z,2026-08-10T13:00:00Z,2.1,32.4,34.1,32.7,-1.7,1.7
0-6ч,2026-08-10T10:53:28Z,2026-08-10T14:00:00Z,3.1,32.6,34.6,33.2,-2.0,2.0
0-6ч,2026-08-10T10:53:28Z,2026-08-10T15:00:00Z,4.1,32.2,34.7,33.1,-2.5,2.5
0-6ч,2026-08-10T10:53:28Z,2026-08-10T16:00:00Z,5.1,30.8,34.0,32.2,-3.2,3.2
0-6ч,2026-08-10T16:52:05Z,2026-08-10T17:00:00Z,0.1,28.6,32.8,30.8,-4.2,4.2
0-6ч,2026-08-10T16:52:05Z,2026-08-10T18:00:00Z,1.1,27.0,31.8,29.7,-4.8,4.8
0-6ч,2026-08-10T16:52:05Z,2026-08-10T19:00:00Z,2.1,26.1,29.7,28.3,-3.6,3.6
0-6ч,2026-08-10T16:52:05Z,2026-08-10T20:00:00Z,3.1,25.5,29.3,27.3,-3.8,3.8
0-6ч,2026-08-10T16:52:05Z,2026-08-10T21:00:00Z,4.1,25.0,27.1,26.6,-2.1,2.1
0-6ч,2026-08-10T16:52:05Z,2026-08-10T22:00:00Z,5.1,24.6,26.6,24.9,-2.0,2.0
0-6ч,2026-08-10T22:47:13Z,2026-08-10T23:00:00Z,0.2,24.7,26.2,24.0,-1.5,1.5
0-6ч,2026-08-10T22:47:13Z,2026-08-11T00:00:00Z,1.2,24.3,25.5,23.3,-1.2,1.2
0-6ч,2026-08-10T22:47:13Z,2026-08-11T01:00:00Z,2.2,23.5,23.9,22.9,-0.4,0.4
0-6ч,2026-08-10T22:47:13Z,2026-08-11T02:00:00Z,3.2,22.6,23.2,23.1,-0.6,0.6
0-6ч,2026-08-10T22:47:13Z,2026-08-11T03:00:00Z,4.2,22.4,22.4,22.6,0.0,0.0
0-6ч,2026-08-10T22:47:13Z,2026-08-11T04:00:00Z,5.2,23.2,22.2,21.3,1.0,1.0
0-6ч,2026-08-11T05:01:49Z,2026-08-11T06:00:00Z,1.0,26.4,26.8,26.2,-0.4,0.4
0-6ч,2026-08-11T05:01:49Z,2026-08-11T07:00:00Z,2.0,28.3,29.0,28.3,-0.7,0.7
0-6ч,2026-08-11T05:01:49Z,2026-08-11T08:00:00Z,3.0,30.6,30.6,30.6,0.0,0.0
0-6ч,2026-08-11T05:01:49Z,2026-08-11T09:00:00Z,4.0,32.4,32.0,32.5,0.4,0.4
0-6ч,2026-08-11T05:01:49Z,2026-08-11T10:00:00Z,5.0,33.5,34.7,32.7,-1.2,1.2
6-24ч,2026-08-06T09:50:07Z,2026-08-06T16:00:00Z,6.2,33.4,30.8,37.0,2.6,2.6
6-24ч,2026-08-06T09:50:07Z,2026-08-06T17:00:00Z,7.2,31.8,31.2,35.4,0.6,0.6
6-24ч,2026-08-06T09:50:07Z,2026-08-06T18:00:00Z,8.2,30.3,30.4,33.6,-0.1,0.1
6-24ч,2026-08-06T09:50:07Z,2026-08-06T19:00:00Z,9.2,29.1,28.6,31.3,0.5,0.5
6-24ч,2026-08-06T09:50:07Z,2026-08-06T20:00:00Z,10.2,28.1,28.8,30.3,-0.7,0.7
6-24ч,2026-08-06T09:50:07Z,2026-08-06T21:00:00Z,11.2,27.2,27.6,29.3,-0.4,0.4
6-24ч,2026-08-06T09:50:07Z,2026-08-06T22:00:00Z,12.2,26.7,27.1,28.5,-0.4,0.4
6-24ч,2026-08-06T09:50:07Z,2026-08-06T23:00:00Z,13.2,26.5,26.3,28.0,0.2,0.2
6-24ч,2026-08-06T09:50:07Z,2026-08-07T00:00:00Z,14.2,26.2,25.6,27.4,0.6,0.6
6-24ч,2026-08-06T09:50:07Z,2026-08-07T01:00:00Z,15.2,25.8,25.3,27.2,0.5,0.5
6-24ч,2026-08-06T09:50:07Z,2026-08-07T02:00:00Z,16.2,25.5,24.8,26.5,0.7,0.7
6-24ч,2026-08-06T09:50:07Z,2026-08-07T03:00:00Z,17.2,25.5,24.6,27.2,0.9,0.9
6-24ч,2026-08-06T09:50:07Z,2026-08-07T04:00:00Z,18.2,26.2,24.9,27.5,1.3,1.3
6-24ч,2026-08-06T09:50:07Z,2026-08-07T05:00:00Z,19.2,27.2,26.1,28.4,1.1,1.1
6-24ч,2026-08-06T09:50:07Z,2026-08-07T06:00:00Z,20.2,28.4,27.0,29.0,1.4,1.4
6-24ч,2026-08-06T09:50:07Z,2026-08-07T07:00:00Z,21.2,29.8,28.0,31.2,1.8,1.8
6-24ч,2026-08-06T09:50:07Z,2026-08-07T08:00:00Z,22.2,31.4,30.5,33.8,0.9,0.9
6-24ч,2026-08-06T09:50:07Z,2026-08-07T09:00:00Z,23.2,32.8,33.0,35.7,-0.2,0.2
6-24ч,2026-08-06T09:59:18Z,2026-08-06T16:00:00Z,6.0,33.4,30.8,37.0,2.6,2.6
6-24ч,2026-08-06T09:59:18Z,2026-08-06T17:00:00Z,7.0,31.8,31.2,35.4,0.6,0.6
6-24ч,2026-08-06T09:59:18Z,2026-08-06T18:00:00Z,8.0,30.3,30.4,33.6,-0.1,0.1
6-24ч,2026-08-06T09:59:18Z,2026-08-06T19:00:00Z,9.0,29.1,28.6,31.3,0.5,0.5
6-24ч,2026-08-06T09:59:18Z,2026-08-06T20:00:00Z,10.0,28.1,28.8,30.3,-0.7,0.7
6-24ч,2026-08-06T09:59:18Z,2026-08-06T21:00:00Z,11.0,27.2,27.6,29.3,-0.4,0.4
6-24ч,2026-08-06T09:59:18Z,2026-08-06T22:00:00Z,12.0,26.7,27.1,28.5,-0.4,0.4
6-24ч,2026-08-06T09:59:18Z,2026-08-06T23:00:00Z,13.0,26.5,26.3,28.0,0.2,0.2
6-24ч,2026-08-06T09:59:18Z,2026-08-07T00:00:00Z,14.0,26.2,25.6,27.4,0.6,0.6
6-24ч,2026-08-06T09:59:18Z,2026-08-07T01:00:00Z,15.0,25.8,25.3,27.2,0.5,0.5
6-24ч,2026-08-06T09:59:18Z,2026-08-07T02:00:00Z,16.0,25.5,24.8,26.5,0.7,0.7
6-24ч,2026-08-06T09:59:18Z,2026-08-07T03:00:00Z,17.0,25.5,24.6,27.2,0.9,0.9
6-24ч,2026-08-06T09:59:18Z,2026-08-07T04:00:00Z,18.0,26.2,24.9,27.5,1.3,1.3
6-24ч,2026-08-06T09:59:18Z,2026-08-07T05:00:00Z,19.0,27.2,26.1,28.4,1.1,1.1
6-24ч,2026-08-06T09:59:18Z,2026-08-07T06:00:00Z,20.0,28.4,27.0,29.0,1.4,1.4
6-24ч,2026-08-06T09:59:18Z,2026-08-07T07:00:00Z,21.0,29.8,28.0,31.2,1.8,1.8
6-24ч,2026-08-06T09:59:18Z,2026-08-07T08:00:00Z,22.0,31.4,30.5,33.8,0.9,0.9
6-24ч,2026-08-06T09:59:18Z,2026-08-07T09:00:00Z,23.0,32.8,33.0,35.7,-0.2,0.2
6-24ч,2026-08-06T10:08:26Z,2026-08-06T17:00:00Z,6.9,31.8,31.2,35.4,0.6,0.6
6-24ч,2026-08-06T10:08:26Z,2026-08-06T18:00:00Z,7.9,30.3,30.4,33.6,-0.1,0.1
6-24ч,2026-08-06T10:08:26Z,2026-08-06T19:00:00Z,8.9,29.1,28.6,31.3,0.5,0.5
6-24ч,2026-08-06T10:08:26Z,2026-08-06T20:00:00Z,9.9,28.1,28.8,30.3,-0.7,0.7
6-24ч,2026-08-06T10:08:26Z,2026-08-06T21:00:00Z,10.9,27.2,27.6,29.3,-0.4,0.4
6-24ч,2026-08-06T10:08:26Z,2026-08-06T22:00:00Z,11.9,26.7,27.1,28.5,-0.4,0.4
6-24ч,2026-08-06T10:08:26Z,2026-08-06T23:00:00Z,12.9,26.5,26.3,28.0,0.2,0.2
6-24ч,2026-08-06T10:08:26Z,2026-08-07T00:00:00Z,13.9,26.2,25.6,27.4,0.6,0.6
6-24ч,2026-08-06T10:08:26Z,2026-08-07T01:00:00Z,14.9,25.8,25.3,27.2,0.5,0.5
6-24ч,2026-08-06T10:08:26Z,2026-08-07T02:00:00Z,15.9,25.5,24.8,26.5,0.7,0.7
6-24ч,2026-08-06T10:08:26Z,2026-08-07T03:00:00Z,16.9,25.5,24.6,27.2,0.9,0.9
6-24ч,2026-08-06T10:08:26Z,2026-08-07T04:00:00Z,17.9,26.2,24.9,27.5,1.3,1.3
6-24ч,2026-08-06T10:08:26Z,2026-08-07T05:00:00Z,18.9,27.2,26.1,28.4,1.1,1.1
6-24ч,2026-08-06T10:08:26Z,2026-08-07T06:00:00Z,19.9,28.4,27.0,29.0,1.4,1.4
6-24ч,2026-08-06T10:08:26Z,2026-08-07T07:00:00Z,20.9,29.8,28.0,31.2,1.8,1.8
6-24ч,2026-08-06T10:08:26Z,2026-08-07T08:00:00Z,21.9,31.4,30.5,33.8,0.9,0.9
6-24ч,2026-08-06T10:08:26Z,2026-08-07T09:00:00Z,22.9,32.8,33.0,35.7,-0.2,0.2
6-24ч,2026-08-06T10:08:26Z,2026-08-07T10:00:00Z,23.9,34.0,35.0,37.2,-1.0,1.0
6-24ч,2026-08-06T10:47:54Z,2026-08-06T17:00:00Z,6.2,31.8,31.2,35.4,0.6,0.6
6-24ч,2026-08-06T10:47:54Z,2026-08-06T18:00:00Z,7.2,30.3,30.4,33.6,-0.1,0.1
6-24ч,2026-08-06T10:47:54Z,2026-08-06T19:00:00Z,8.2,29.1,28.6,31.3,0.5,0.5
6-24ч,2026-08-06T10:47:54Z,2026-08-06T20:00:00Z,9.2,28.1,28.8,30.3,-0.7,0.7
6-24ч,2026-08-06T10:47:54Z,2026-08-06T21:00:00Z,10.2,27.2,27.6,29.3,-0.4,0.4
6-24ч,2026-08-06T10:47:54Z,2026-08-06T22:00:00Z,11.2,26.7,27.1,28.5,-0.4,0.4
6-24ч,2026-08-06T10:47:54Z,2026-08-06T23:00:00Z,12.2,26.5,26.3,28.0,0.2,0.2
6-24ч,2026-08-06T10:47:54Z,2026-08-07T00:00:00Z,13.2,26.2,25.6,27.4,0.6,0.6
6-24ч,2026-08-06T10:47:54Z,2026-08-07T01:00:00Z,14.2,25.8,25.3,27.2,0.5,0.5
6-24ч,2026-08-06T10:47:54Z,2026-08-07T02:00:00Z,15.2,25.5,24.8,26.5,0.7,0.7
6-24ч,2026-08-06T10:47:54Z,2026-08-07T03:00:00Z,16.2,25.5,24.6,27.2,0.9,0.9
6-24ч,2026-08-06T10:47:54Z,2026-08-07T04:00:00Z,17.2,26.2,24.9,27.5,1.3,1.3
6-24ч,2026-08-06T10:47:54Z,2026-08-07T05:00:00Z,18.2,27.2,26.1,28.4,1.1,1.1
6-24ч,2026-08-06T10:47:54Z,2026-08-07T06:00:00Z,19.2,28.4,27.0,29.0,1.4,1.4
6-24ч,2026-08-06T10:47:54Z,2026-08-07T07:00:00Z,20.2,29.8,28.0,31.2,1.8,1.8
6-24ч,2026-08-06T10:47:54Z,2026-08-07T08:00:00Z,21.2,31.4,30.5,33.8,0.9,0.9
6-24ч,2026-08-06T10:47:54Z,2026-08-07T09:00:00Z,22.2,32.8,33.0,35.7,-0.2,0.2
6-24ч,2026-08-06T10:47:54Z,2026-08-07T10:00:00Z,23.2,34.0,35.0,37.2,-1.0,1.0
6-24ч,2026-08-06T11:30:42Z,2026-08-06T18:00:00Z,6.5,30.3,30.4,33.6,-0.1,0.1
6-24ч,2026-08-06T11:30:42Z,2026-08-06T19:00:00Z,7.5,29.1,28.6,31.3,0.5,0.5
6-24ч,2026-08-06T11:30:42Z,2026-08-06T20:00:00Z,8.5,28.1,28.8,30.3,-0.7,0.7
6-24ч,2026-08-06T11:30:42Z,2026-08-06T21:00:00Z,9.5,27.2,27.6,29.3,-0.4,0.4
6-24ч,2026-08-06T11:30:42Z,2026-08-06T22:00:00Z,10.5,26.7,27.1,28.5,-0.4,0.4
6-24ч,2026-08-06T11:30:42Z,2026-08-06T23:00:00Z,11.5,26.5,26.3,28.0,0.2,0.2
6-24ч,2026-08-06T11:30:42Z,2026-08-07T00:00:00Z,12.5,26.2,25.6,27.4,0.6,0.6
6-24ч,2026-08-06T11:30:42Z,2026-08-07T01:00:00Z,13.5,25.8,25.3,27.2,0.5,0.5
6-24ч,2026-08-06T11:30:42Z,2026-08-07T02:00:00Z,14.5,25.5,24.8,26.5,0.7,0.7
6-24ч,2026-08-06T11:30:42Z,2026-08-07T03:00:00Z,15.5,25.5,24.6,27.2,0.9,0.9
6-24ч,2026-08-06T11:30:42Z,2026-08-07T04:00:00Z,16.5,26.2,24.9,27.5,1.3,1.3
6-24ч,2026-08-06T11:30:42Z,2026-08-07T05:00:00Z,17.5,27.2,26.1,28.4,1.1,1.1
6-24ч,2026-08-06T11:30:42Z,2026-08-07T06:00:00Z,18.5,28.4,27.0,29.0,1.4,1.4
6-24ч,2026-08-06T11:30:42Z,2026-08-07T07:00:00Z,19.5,29.8,28.0,31.2,1.8,1.8
6-24ч,2026-08-06T11:30:42Z,2026-08-07T08:00:00Z,20.5,31.4,30.5,33.8,0.9,0.9
6-24ч,2026-08-06T11:30:42Z,2026-08-07T09:00:00Z,21.5,32.8,33.0,35.7,-0.2,0.2
6-24ч,2026-08-06T11:30:42Z,2026-08-07T10:00:00Z,22.5,34.0,35.0,37.2,-1.0,1.0
6-24ч,2026-08-06T11:30:42Z,2026-08-07T11:00:00Z,23.5,35.0,35.9,37.6,-0.9,0.9
6-24ч,2026-08-06T11:36:01Z,2026-08-06T18:00:00Z,6.4,30.3,30.4,33.6,-0.1,0.1
6-24ч,2026-08-06T11:36:01Z,2026-08-06T19:00:00Z,7.4,29.1,28.6,31.3,0.5,0.5
6-24ч,2026-08-06T11:36:01Z,2026-08-06T20:00:00Z,8.4,28.1,28.8,30.3,-0.7,0.7
6-24ч,2026-08-06T11:36:01Z,2026-08-06T21:00:00Z,9.4,27.2,27.6,29.3,-0.4,0.4
6-24ч,2026-08-06T11:36:01Z,2026-08-06T22:00:00Z,10.4,26.7,27.1,28.5,-0.4,0.4
6-24ч,2026-08-06T11:36:01Z,2026-08-06T23:00:00Z,11.4,26.5,26.3,28.0,0.2,0.2
6-24ч,2026-08-06T11:36:01Z,2026-08-07T00:00:00Z,12.4,26.2,25.6,27.4,0.6,0.6
6-24ч,2026-08-06T11:36:01Z,2026-08-07T01:00:00Z,13.4,25.8,25.3,27.2,0.5,0.5
6-24ч,2026-08-06T11:36:01Z,2026-08-07T02:00:00Z,14.4,25.5,24.8,26.5,0.7,0.7
6-24ч,2026-08-06T11:36:01Z,2026-08-07T03:00:00Z,15.4,25.5,24.6,27.2,0.9,0.9
6-24ч,2026-08-06T11:36:01Z,2026-08-07T04:00:00Z,16.4,26.2,24.9,27.5,1.3,1.3
6-24ч,2026-08-06T11:36:01Z,2026-08-07T05:00:00Z,17.4,27.2,26.1,28.4,1.1,1.1
6-24ч,2026-08-06T11:36:01Z,2026-08-07T06:00:00Z,18.4,28.4,27.0,29.0,1.4,1.4
6-24ч,2026-08-06T11:36:01Z,2026-08-07T07:00:00Z,19.4,29.8,28.0,31.2,1.8,1.8
6-24ч,2026-08-06T11:36:01Z,2026-08-07T08:00:00Z,20.4,31.4,30.5,33.8,0.9,0.9
6-24ч,2026-08-06T11:36:01Z,2026-08-07T09:00:00Z,21.4,32.8,33.0,35.7,-0.2,0.2
6-24ч,2026-08-06T11:36:01Z,2026-08-07T10:00:00Z,22.4,34.0,35.0,37.2,-1.0,1.0
6-24ч,2026-08-06T11:36:01Z,2026-08-07T11:00:00Z,23.4,35.0,35.9,37.6,-0.9,0.9
6-24ч,2026-08-06T11:44:08Z,2026-08-06T18:00:00Z,6.3,30.3,30.4,33.6,-0.1,0.1
6-24ч,2026-08-06T11:44:08Z,2026-08-06T19:00:00Z,7.3,29.1,28.6,31.3,0.5,0.5
6-24ч,2026-08-06T11:44:08Z,2026-08-06T20:00:00Z,8.3,28.1,28.8,30.3,-0.7,0.7
6-24ч,2026-08-06T11:44:08Z,2026-08-06T21:00:00Z,9.3,27.2,27.6,29.3,-0.4,0.4
6-24ч,2026-08-06T11:44:08Z,2026-08-06T22:00:00Z,10.3,26.7,27.1,28.5,-0.4,0.4
6-24ч,2026-08-06T11:44:08Z,2026-08-06T23:00:00Z,11.3,26.5,26.3,28.0,0.2,0.2
6-24ч,2026-08-06T11:44:08Z,2026-08-07T00:00:00Z,12.3,26.2,25.6,27.4,0.6,0.6
6-24ч,2026-08-06T11:44:08Z,2026-08-07T01:00:00Z,13.3,25.8,25.3,27.2,0.5,0.5
6-24ч,2026-08-06T11:44:08Z,2026-08-07T02:00:00Z,14.3,25.5,24.8,26.5,0.7,0.7
6-24ч,2026-08-06T11:44:08Z,2026-08-07T03:00:00Z,15.3,25.5,24.6,27.2,0.9,0.9
6-24ч,2026-08-06T11:44:08Z,2026-08-07T04:00:00Z,16.3,26.2,24.9,27.5,1.3,1.3
6-24ч,2026-08-06T11:44:08Z,2026-08-07T05:00:00Z,17.3,27.2,26.1,28.4,1.1,1.1
6-24ч,2026-08-06T11:44:08Z,2026-08-07T06:00:00Z,18.3,28.4,27.0,29.0,1.4,1.4
6-24ч,2026-08-06T11:44:08Z,2026-08-07T07:00:00Z,19.3,29.8,28.0,31.2,1.8,1.8
6-24ч,2026-08-06T11:44:08Z,2026-08-07T08:00:00Z,20.3,31.4,30.5,33.8,0.9,0.9
6-24ч,2026-08-06T11:44:08Z,2026-08-07T09:00:00Z,21.3,32.8,33.0,35.7,-0.2,0.2
6-24ч,2026-08-06T11:44:08Z,2026-08-07T10:00:00Z,22.3,34.0,35.0,37.2,-1.0,1.0
6-24ч,2026-08-06T11:44:08Z,2026-08-07T11:00:00Z,23.3,35.0,35.9,37.6,-0.9,0.9
6-24ч,2026-08-07T01:31:32Z,2026-08-07T08:00:00Z,6.5,31.2,30.5,33.8,0.7,0.7
6-24ч,2026-08-07T01:31:32Z,2026-08-07T09:00:00Z,7.5,32.6,33.0,35.7,-0.4,0.4
6-24ч,2026-08-07T01:31:32Z,2026-08-07T10:00:00Z,8.5,33.8,35.0,37.2,-1.2,1.2
6-24ч,2026-08-07T01:31:32Z,2026-08-07T11:00:00Z,9.5,34.8,35.9,37.6,-1.1,1.1
6-24ч,2026-08-07T01:31:32Z,2026-08-07T12:00:00Z,10.5,35.0,36.6,37.5,-1.6,1.6
6-24ч,2026-08-07T01:31:32Z,2026-08-07T13:00:00Z,11.5,34.2,36.9,38.3,-2.7,2.7
6-24ч,2026-08-07T01:31:32Z,2026-08-07T14:00:00Z,12.5,32.7,37.2,38.0,-4.5,4.5
6-24ч,2026-08-07T01:31:32Z,2026-08-07T15:00:00Z,13.5,31.3,36.4,36.8,-5.1,5.1
6-24ч,2026-08-07T01:31:32Z,2026-08-07T16:00:00Z,14.5,30.2,34.4,30.8,-4.2,4.2
6-24ч,2026-08-07T01:31:32Z,2026-08-07T17:00:00Z,15.5,29.2,34.2,31.2,-5.0,5.0
6-24ч,2026-08-07T01:31:32Z,2026-08-07T18:00:00Z,16.5,28.4,32.0,30.4,-3.6,3.6
6-24ч,2026-08-07T01:31:32Z,2026-08-07T19:00:00Z,17.5,27.8,29.3,28.6,-1.5,1.5
6-24ч,2026-08-07T01:31:32Z,2026-08-07T20:00:00Z,18.5,27.4,28.2,28.8,-0.8,0.8
6-24ч,2026-08-07T01:31:32Z,2026-08-07T21:00:00Z,19.5,27.0,27.2,27.6,-0.2,0.2
6-24ч,2026-08-07T01:31:32Z,2026-08-07T22:00:00Z,20.5,26.3,27.1,27.1,-0.8,0.8
6-24ч,2026-08-07T01:31:32Z,2026-08-07T23:00:00Z,21.5,25.6,25.7,26.3,-0.1,0.1
6-24ч,2026-08-07T01:31:32Z,2026-08-08T00:00:00Z,22.5,25.0,25.6,25.6,-0.6,0.6
6-24ч,2026-08-07T01:31:32Z,2026-08-08T01:00:00Z,23.5,24.2,25.1,25.3,-0.9,0.9
6-24ч,2026-08-07T05:36:00Z,2026-08-07T12:00:00Z,6.4,35.0,36.6,37.5,-1.6,1.6
6-24ч,2026-08-07T05:36:00Z,2026-08-07T13:00:00Z,7.4,34.2,36.9,38.3,-2.7,2.7
6-24ч,2026-08-07T05:36:00Z,2026-08-07T14:00:00Z,8.4,32.7,37.2,38.0,-4.5,4.5
6-24ч,2026-08-07T05:36:00Z,2026-08-07T15:00:00Z,9.4,31.3,36.4,36.8,-5.1,5.1
6-24ч,2026-08-07T05:36:00Z,2026-08-07T16:00:00Z,10.4,30.2,34.4,30.8,-4.2,4.2
6-24ч,2026-08-07T05:36:00Z,2026-08-07T17:00:00Z,11.4,29.2,34.2,31.2,-5.0,5.0
6-24ч,2026-08-07T05:36:00Z,2026-08-07T18:00:00Z,12.4,28.4,32.0,30.4,-3.6,3.6
6-24ч,2026-08-07T05:36:00Z,2026-08-07T19:00:00Z,13.4,27.8,29.3,28.6,-1.5,1.5
6-24ч,2026-08-07T05:36:00Z,2026-08-07T20:00:00Z,14.4,27.4,28.2,28.8,-0.8,0.8
6-24ч,2026-08-07T05:36:00Z,2026-08-07T21:00:00Z,15.4,27.0,27.2,27.6,-0.2,0.2
6-24ч,2026-08-07T05:36:00Z,2026-08-07T22:00:00Z,16.4,26.3,27.1,27.1,-0.8,0.8
6-24ч,2026-08-07T05:36:00Z,2026-08-07T23:00:00Z,17.4,25.6,25.7,26.3,-0.1,0.1
6-24ч,2026-08-07T05:36:00Z,2026-08-08T00:00:00Z,18.4,25.0,25.6,25.6,-0.6,0.6
6-24ч,2026-08-07T05:36:00Z,2026-08-08T01:00:00Z,19.4,24.2,25.1,25.3,-0.9,0.9
6-24ч,2026-08-07T05:36:00Z,2026-08-08T02:00:00Z,20.4,23.5,23.0,24.8,0.5,0.5
6-24ч,2026-08-07T05:36:00Z,2026-08-08T03:00:00Z,21.4,23.2,21.4,24.6,1.8,1.8
6-24ч,2026-08-07T05:36:00Z,2026-08-08T04:00:00Z,22.4,23.2,21.2,24.9,2.0,2.0
6-24ч,2026-08-07T05:36:00Z,2026-08-08T05:00:00Z,23.4,23.7,21.7,26.1,2.0,2.0
6-24ч,2026-08-07T06:18:59Z,2026-08-07T13:00:00Z,6.7,34.2,36.9,38.3,-2.7,2.7
6-24ч,2026-08-07T06:18:59Z,2026-08-07T14:00:00Z,7.7,32.7,37.2,38.0,-4.5,4.5
6-24ч,2026-08-07T06:18:59Z,2026-08-07T15:00:00Z,8.7,31.3,36.4,36.8,-5.1,5.1
6-24ч,2026-08-07T06:18:59Z,2026-08-07T16:00:00Z,9.7,30.2,34.4,30.8,-4.2,4.2
6-24ч,2026-08-07T06:18:59Z,2026-08-07T17:00:00Z,10.7,29.2,34.2,31.2,-5.0,5.0
6-24ч,2026-08-07T06:18:59Z,2026-08-07T18:00:00Z,11.7,28.4,32.0,30.4,-3.6,3.6
6-24ч,2026-08-07T06:18:59Z,2026-08-07T19:00:00Z,12.7,27.8,29.3,28.6,-1.5,1.5
6-24ч,2026-08-07T06:18:59Z,2026-08-07T20:00:00Z,13.7,27.4,28.2,28.8,-0.8,0.8
6-24ч,2026-08-07T06:18:59Z,2026-08-07T21:00:00Z,14.7,27.0,27.2,27.6,-0.2,0.2
6-24ч,2026-08-07T06:18:59Z,2026-08-07T22:00:00Z,15.7,26.3,27.1,27.1,-0.8,0.8
6-24ч,2026-08-07T06:18:59Z,2026-08-07T23:00:00Z,16.7,25.6,25.7,26.3,-0.1,0.1
6-24ч,2026-08-07T06:18:59Z,2026-08-08T00:00:00Z,17.7,25.0,25.6,25.6,-0.6,0.6
6-24ч,2026-08-07T06:18:59Z,2026-08-08T01:00:00Z,18.7,24.2,25.1,25.3,-0.9,0.9
6-24ч,2026-08-07T06:18:59Z,2026-08-08T02:00:00Z,19.7,23.5,23.0,24.8,0.5,0.5
6-24ч,2026-08-07T06:18:59Z,2026-08-08T03:00:00Z,20.7,23.2,21.4,24.6,1.8,1.8
6-24ч,2026-08-07T06:18:59Z,2026-08-08T04:00:00Z,21.7,23.2,21.2,24.9,2.0,2.0
6-24ч,2026-08-07T06:18:59Z,2026-08-08T05:00:00Z,22.7,23.7,21.7,26.1,2.0,2.0
6-24ч,2026-08-07T06:18:59Z,2026-08-08T06:00:00Z,23.7,24.4,22.6,27.0,1.8,1.8
6-24ч,2026-08-07T07:13:52Z,2026-08-07T14:00:00Z,6.8,32.7,37.2,38.0,-4.5,4.5
6-24ч,2026-08-07T07:13:52Z,2026-08-07T15:00:00Z,7.8,31.3,36.4,36.8,-5.1,5.1
6-24ч,2026-08-07T07:13:52Z,2026-08-07T16:00:00Z,8.8,30.2,34.4,30.8,-4.2,4.2
6-24ч,2026-08-07T07:13:52Z,2026-08-07T17:00:00Z,9.8,29.2,34.2,31.2,-5.0,5.0
6-24ч,2026-08-07T07:13:52Z,2026-08-07T18:00:00Z,10.8,28.4,32.0,30.4,-3.6,3.6
6-24ч,2026-08-07T07:13:52Z,2026-08-07T19:00:00Z,11.8,27.8,29.3,28.6,-1.5,1.5
6-24ч,2026-08-07T07:13:52Z,2026-08-07T20:00:00Z,12.8,27.4,28.2,28.8,-0.8,0.8
6-24ч,2026-08-07T07:13:52Z,2026-08-07T21:00:00Z,13.8,27.0,27.2,27.6,-0.2,0.2
6-24ч,2026-08-07T07:13:52Z,2026-08-07T22:00:00Z,14.8,26.3,27.1,27.1,-0.8,0.8
6-24ч,2026-08-07T07:13:52Z,2026-08-07T23:00:00Z,15.8,25.6,25.7,26.3,-0.1,0.1
6-24ч,2026-08-07T07:13:52Z,2026-08-08T00:00:00Z,16.8,25.0,25.6,25.6,-0.6,0.6
6-24ч,2026-08-07T07:13:52Z,2026-08-08T01:00:00Z,17.8,24.2,25.1,25.3,-0.9,0.9
6-24ч,2026-08-07T07:13:52Z,2026-08-08T02:00:00Z,18.8,23.5,23.0,24.8,0.5,0.5
6-24ч,2026-08-07T07:13:52Z,2026-08-08T03:00:00Z,19.8,23.2,21.4,24.6,1.8,1.8
6-24ч,2026-08-07T07:13:52Z,2026-08-08T04:00:00Z,20.8,23.2,21.2,24.9,2.0,2.0
6-24ч,2026-08-07T07:13:52Z,2026-08-08T05:00:00Z,21.8,23.7,21.7,26.1,2.0,2.0
6-24ч,2026-08-07T07:13:52Z,2026-08-08T06:00:00Z,22.8,24.4,22.6,27.0,1.8,1.8
6-24ч,2026-08-07T07:13:52Z,2026-08-08T07:00:00Z,23.8,25.8,24.4,28.0,1.4,1.4
6-24ч,2026-08-07T10:39:14Z,2026-08-07T17:00:00Z,6.3,27.8,34.2,31.2,-6.4,6.4
6-24ч,2026-08-07T10:39:14Z,2026-08-07T18:00:00Z,7.3,27.6,32.0,30.4,-4.4,4.4
6-24ч,2026-08-07T10:39:14Z,2026-08-07T19:00:00Z,8.3,27.4,29.3,28.6,-1.9,1.9
6-24ч,2026-08-07T10:39:14Z,2026-08-07T20:00:00Z,9.3,27.3,28.2,28.8,-0.9,0.9
6-24ч,2026-08-07T10:39:14Z,2026-08-07T21:00:00Z,10.3,27.0,27.2,27.6,-0.2,0.2
6-24ч,2026-08-07T10:39:14Z,2026-08-07T22:00:00Z,11.3,26.4,27.1,27.1,-0.7,0.7
6-24ч,2026-08-07T10:39:14Z,2026-08-07T23:00:00Z,12.3,25.8,25.7,26.3,0.1,0.1
6-24ч,2026-08-07T10:39:14Z,2026-08-08T00:00:00Z,13.3,25.1,25.6,25.6,-0.5,0.5
6-24ч,2026-08-07T10:39:14Z,2026-08-08T01:00:00Z,14.3,24.2,25.1,25.3,-0.9,0.9
6-24ч,2026-08-07T10:39:14Z,2026-08-08T02:00:00Z,15.3,23.3,23.0,24.8,0.3,0.3
6-24ч,2026-08-07T10:39:14Z,2026-08-08T03:00:00Z,16.3,22.8,21.4,24.6,1.4,1.4
6-24ч,2026-08-07T10:39:14Z,2026-08-08T04:00:00Z,17.3,22.9,21.2,24.9,1.7,1.7
6-24ч,2026-08-07T10:39:14Z,2026-08-08T05:00:00Z,18.3,23.5,21.7,26.1,1.8,1.8
6-24ч,2026-08-07T10:39:14Z,2026-08-08T06:00:00Z,19.3,24.4,22.6,27.0,1.8,1.8
6-24ч,2026-08-07T10:39:14Z,2026-08-08T07:00:00Z,20.3,25.8,24.4,28.0,1.4,1.4
6-24ч,2026-08-07T10:39:14Z,2026-08-08T08:00:00Z,21.3,27.5,25.6,30.5,1.9,1.9
6-24ч,2026-08-07T10:39:14Z,2026-08-08T09:00:00Z,22.3,29.1,28.1,33.0,1.0,1.0
6-24ч,2026-08-07T10:39:14Z,2026-08-08T10:00:00Z,23.3,30.2,29.7,35.0,0.5,0.5
6-24ч,2026-08-07T16:51:54Z,2026-08-07T23:00:00Z,6.1,25.4,25.7,26.3,-0.3,0.3
6-24ч,2026-08-07T16:51:54Z,2026-08-08T00:00:00Z,7.1,24.8,25.6,25.6,-0.8,0.8
6-24ч,2026-08-07T16:51:54Z,2026-08-08T01:00:00Z,8.1,24.0,25.1,25.3,-1.1,1.1
6-24ч,2026-08-07T16:51:54Z,2026-08-08T02:00:00Z,9.1,23.2,23.0,24.8,0.2,0.2
6-24ч,2026-08-07T16:51:54Z,2026-08-08T03:00:00Z,10.1,22.8,21.4,24.6,1.4,1.4
6-24ч,2026-08-07T16:51:54Z,2026-08-08T04:00:00Z,11.1,23.0,21.2,24.9,1.8,1.8
6-24ч,2026-08-07T16:51:54Z,2026-08-08T05:00:00Z,12.1,23.6,21.7,26.1,1.9,1.9
6-24ч,2026-08-07T16:51:54Z,2026-08-08T06:00:00Z,13.1,24.5,22.6,27.0,1.9,1.9
6-24ч,2026-08-07T16:51:54Z,2026-08-08T07:00:00Z,14.1,25.7,24.4,28.0,1.3,1.3
6-24ч,2026-08-07T16:51:54Z,2026-08-08T08:00:00Z,15.1,27.3,25.6,30.5,1.7,1.7
6-24ч,2026-08-07T16:51:54Z,2026-08-08T09:00:00Z,16.1,28.7,28.1,33.0,0.6,0.6
6-24ч,2026-08-07T16:51:54Z,2026-08-08T10:00:00Z,17.1,29.8,29.7,35.0,0.1,0.1
6-24ч,2026-08-07T16:51:54Z,2026-08-08T11:00:00Z,18.1,30.8,30.9,35.9,-0.1,0.1
6-24ч,2026-08-07T16:51:54Z,2026-08-08T12:00:00Z,19.1,31.6,31.4,36.6,0.2,0.2
6-24ч,2026-08-07T16:51:54Z,2026-08-08T13:00:00Z,20.1,32.0,32.0,36.9,0.0,0.0
6-24ч,2026-08-07T16:51:54Z,2026-08-08T14:00:00Z,21.1,32.2,31.3,37.2,0.9,0.9
6-24ч,2026-08-07T16:51:54Z,2026-08-08T15:00:00Z,22.1,32.0,32.0,36.4,0.0,0.0
6-24ч,2026-08-07T16:51:54Z,2026-08-08T16:00:00Z,23.1,31.2,31.3,34.4,-0.1,0.1
6-24ч,2026-08-07T22:45:57Z,2026-08-08T05:00:00Z,6.2,22.8,21.7,26.1,1.1,1.1
6-24ч,2026-08-07T22:45:57Z,2026-08-08T06:00:00Z,7.2,23.6,22.6,27.0,1.0,1.0
6-24ч,2026-08-07T22:45:57Z,2026-08-08T07:00:00Z,8.2,25.0,24.4,28.0,0.6,0.6
6-24ч,2026-08-07T22:45:57Z,2026-08-08T08:00:00Z,9.2,26.8,25.6,30.5,1.2,1.2
6-24ч,2026-08-07T22:45:57Z,2026-08-08T09:00:00Z,10.2,28.3,28.1,33.0,0.2,0.2
6-24ч,2026-08-07T22:45:57Z,2026-08-08T10:00:00Z,11.2,29.6,29.7,35.0,-0.1,0.1
6-24ч,2026-08-07T22:45:57Z,2026-08-08T11:00:00Z,12.2,30.6,30.9,35.9,-0.3,0.3
6-24ч,2026-08-07T22:45:57Z,2026-08-08T12:00:00Z,13.2,31.4,31.4,36.6,0.0,0.0
6-24ч,2026-08-07T22:45:57Z,2026-08-08T13:00:00Z,14.2,31.9,32.0,36.9,-0.1,0.1
6-24ч,2026-08-07T22:45:57Z,2026-08-08T14:00:00Z,15.2,32.2,31.3,37.2,0.9,0.9
6-24ч,2026-08-07T22:45:57Z,2026-08-08T15:00:00Z,16.2,32.0,32.0,36.4,0.0,0.0
6-24ч,2026-08-07T22:45:57Z,2026-08-08T16:00:00Z,17.2,31.2,31.3,34.4,-0.1,0.1
6-24ч,2026-08-07T22:45:57Z,2026-08-08T17:00:00Z,18.2,29.9,30.0,34.2,-0.1,0.1
6-24ч,2026-08-07T22:45:57Z,2026-08-08T18:00:00Z,19.2,28.8,29.2,32.0,-0.4,0.4
6-24ч,2026-08-07T22:45:57Z,2026-08-08T19:00:00Z,20.2,28.1,28.4,29.3,-0.3,0.3
6-24ч,2026-08-07T22:45:57Z,2026-08-08T20:00:00Z,21.2,27.5,27.6,28.2,-0.1,0.1
6-24ч,2026-08-07T22:45:57Z,2026-08-08T21:00:00Z,22.2,26.8,26.6,27.2,0.2,0.2
6-24ч,2026-08-07T22:45:57Z,2026-08-08T22:00:00Z,23.2,25.8,25.4,27.1,0.4,0.4
6-24ч,2026-08-07T23:19:23Z,2026-08-08T06:00:00Z,6.7,23.6,22.6,27.0,1.0,1.0
6-24ч,2026-08-07T23:19:23Z,2026-08-08T07:00:00Z,7.7,25.0,24.4,28.0,0.6,0.6
6-24ч,2026-08-07T23:19:23Z,2026-08-08T08:00:00Z,8.7,26.8,25.6,30.5,1.2,1.2
6-24ч,2026-08-07T23:19:23Z,2026-08-08T09:00:00Z,9.7,28.3,28.1,33.0,0.2,0.2
6-24ч,2026-08-07T23:19:23Z,2026-08-08T10:00:00Z,10.7,29.6,29.7,35.0,-0.1,0.1
6-24ч,2026-08-07T23:19:23Z,2026-08-08T11:00:00Z,11.7,30.6,30.9,35.9,-0.3,0.3
6-24ч,2026-08-07T23:19:23Z,2026-08-08T12:00:00Z,12.7,31.4,31.4,36.6,0.0,0.0
6-24ч,2026-08-07T23:19:23Z,2026-08-08T13:00:00Z,13.7,31.9,32.0,36.9,-0.1,0.1
6-24ч,2026-08-07T23:19:23Z,2026-08-08T14:00:00Z,14.7,32.2,31.3,37.2,0.9,0.9
6-24ч,2026-08-07T23:19:23Z,2026-08-08T15:00:00Z,15.7,32.0,32.0,36.4,0.0,0.0
6-24ч,2026-08-07T23:19:23Z,2026-08-08T16:00:00Z,16.7,31.2,31.3,34.4,-0.1,0.1
6-24ч,2026-08-07T23:19:23Z,2026-08-08T17:00:00Z,17.7,29.9,30.0,34.2,-0.1,0.1
6-24ч,2026-08-07T23:19:23Z,2026-08-08T18:00:00Z,18.7,28.8,29.2,32.0,-0.4,0.4
6-24ч,2026-08-07T23:19:23Z,2026-08-08T19:00:00Z,19.7,28.1,28.4,29.3,-0.3,0.3
6-24ч,2026-08-07T23:19:23Z,2026-08-08T20:00:00Z,20.7,27.5,27.6,28.2,-0.1,0.1
6-24ч,2026-08-07T23:19:23Z,2026-08-08T21:00:00Z,21.7,26.8,26.6,27.2,0.2,0.2
6-24ч,2026-08-07T23:19:23Z,2026-08-08T22:00:00Z,22.7,25.8,25.4,27.1,0.4,0.4
6-24ч,2026-08-07T23:19:23Z,2026-08-08T23:00:00Z,23.7,24.8,24.9,25.7,-0.1,0.1
6-24ч,2026-08-08T04:50:53Z,2026-08-08T11:00:00Z,6.2,30.1,30.9,35.9,-0.8,0.8
6-24ч,2026-08-08T04:50:53Z,2026-08-08T12:00:00Z,7.2,30.8,31.4,36.6,-0.6,0.6
6-24ч,2026-08-08T04:50:53Z,2026-08-08T13:00:00Z,8.2,31.4,32.0,36.9,-0.6,0.6
6-24ч,2026-08-08T04:50:53Z,2026-08-08T14:00:00Z,9.2,31.7,31.3,37.2,0.4,0.4
6-24ч,2026-08-08T04:50:53Z,2026-08-08T15:00:00Z,10.2,31.6,32.0,36.4,-0.4,0.4
6-24ч,2026-08-08T04:50:53Z,2026-08-08T16:00:00Z,11.2,30.8,31.3,34.4,-0.5,0.5
6-24ч,2026-08-08T04:50:53Z,2026-08-08T17:00:00Z,12.2,29.5,30.0,34.2,-0.5,0.5
6-24ч,2026-08-08T04:50:53Z,2026-08-08T18:00:00Z,13.2,28.3,29.2,32.0,-0.9,0.9
6-24ч,2026-08-08T04:50:53Z,2026-08-08T19:00:00Z,14.2,27.5,28.4,29.3,-0.9,0.9
6-24ч,2026-08-08T04:50:53Z,2026-08-08T20:00:00Z,15.2,26.8,27.6,28.2,-0.8,0.8
6-24ч,2026-08-08T04:50:53Z,2026-08-08T21:00:00Z,16.2,26.1,26.6,27.2,-0.5,0.5
6-24ч,2026-08-08T04:50:53Z,2026-08-08T22:00:00Z,17.2,25.1,25.4,27.1,-0.3,0.3
6-24ч,2026-08-08T04:50:53Z,2026-08-08T23:00:00Z,18.2,24.1,24.9,25.7,-0.8,0.8
6-24ч,2026-08-08T04:50:53Z,2026-08-09T00:00:00Z,19.2,23.1,24.2,25.6,-1.1,1.1
6-24ч,2026-08-08T04:50:53Z,2026-08-09T01:00:00Z,20.2,22.0,23.8,25.1,-1.8,1.8
6-24ч,2026-08-08T04:50:53Z,2026-08-09T02:00:00Z,21.2,21.0,22.8,23.0,-1.8,1.8
6-24ч,2026-08-08T04:50:53Z,2026-08-09T03:00:00Z,22.2,20.5,21.3,21.4,-0.8,0.8
6-24ч,2026-08-08T04:50:53Z,2026-08-09T04:00:00Z,23.2,20.7,20.7,21.2,0.0,0.0
6-24ч,2026-08-08T10:18:13Z,2026-08-08T17:00:00Z,6.7,28.4,30.0,34.2,-1.6,1.6
6-24ч,2026-08-08T10:18:13Z,2026-08-08T18:00:00Z,7.7,27.2,29.2,32.0,-2.0,2.0
6-24ч,2026-08-08T10:18:13Z,2026-08-08T19:00:00Z,8.7,26.2,28.4,29.3,-2.2,2.2
6-24ч,2026-08-08T10:18:13Z,2026-08-08T20:00:00Z,9.7,25.3,27.6,28.2,-2.3,2.3
6-24ч,2026-08-08T10:18:13Z,2026-08-08T21:00:00Z,10.7,24.4,26.6,27.2,-2.2,2.2
6-24ч,2026-08-08T10:18:13Z,2026-08-08T22:00:00Z,11.7,23.7,25.4,27.1,-1.7,1.7
6-24ч,2026-08-08T10:18:13Z,2026-08-08T23:00:00Z,12.7,23.0,24.9,25.7,-1.9,1.9
6-24ч,2026-08-08T10:18:13Z,2026-08-09T00:00:00Z,13.7,22.3,24.2,25.6,-1.9,1.9
6-24ч,2026-08-08T10:18:13Z,2026-08-09T01:00:00Z,14.7,21.5,23.8,25.1,-2.3,2.3
6-24ч,2026-08-08T10:18:13Z,2026-08-09T02:00:00Z,15.7,20.7,22.8,23.0,-2.1,2.1
6-24ч,2026-08-08T10:18:13Z,2026-08-09T03:00:00Z,16.7,20.3,21.3,21.4,-1.0,1.0
6-24ч,2026-08-08T10:18:13Z,2026-08-09T04:00:00Z,17.7,20.6,20.7,21.2,-0.1,0.1
6-24ч,2026-08-08T10:18:13Z,2026-08-09T05:00:00Z,18.7,21.2,21.8,21.7,-0.6,0.6
6-24ч,2026-08-08T10:18:13Z,2026-08-09T06:00:00Z,19.7,22.2,23.2,22.6,-1.0,1.0
6-24ч,2026-08-08T10:18:13Z,2026-08-09T07:00:00Z,20.7,23.7,24.7,24.4,-1.0,1.0
6-24ч,2026-08-08T10:18:13Z,2026-08-09T08:00:00Z,21.7,25.6,27.1,25.6,-1.5,1.5
6-24ч,2026-08-08T10:18:13Z,2026-08-09T09:00:00Z,22.7,27.2,28.8,28.1,-1.6,1.6
6-24ч,2026-08-08T10:18:13Z,2026-08-09T10:00:00Z,23.7,28.4,30.1,29.7,-1.7,1.7
6-24ч,2026-08-08T22:37:20Z,2026-08-09T05:00:00Z,6.4,21.1,21.8,21.7,-0.7,0.7
6-24ч,2026-08-08T22:37:20Z,2026-08-09T06:00:00Z,7.4,22.1,23.2,22.6,-1.1,1.1
6-24ч,2026-08-08T22:37:20Z,2026-08-09T07:00:00Z,8.4,23.6,24.7,24.4,-1.1,1.1
6-24ч,2026-08-08T22:37:20Z,2026-08-09T08:00:00Z,9.4,25.4,27.1,25.6,-1.7,1.7
6-24ч,2026-08-08T22:37:20Z,2026-08-09T09:00:00Z,10.4,27.1,28.8,28.1,-1.7,1.7
6-24ч,2026-08-08T22:37:20Z,2026-08-09T10:00:00Z,11.4,28.3,30.1,29.7,-1.8,1.8
6-24ч,2026-08-08T22:37:20Z,2026-08-09T11:00:00Z,12.4,29.3,30.8,30.9,-1.5,1.5
6-24ч,2026-08-08T22:37:20Z,2026-08-09T12:00:00Z,13.4,30.0,32.4,31.4,-2.4,2.4
6-24ч,2026-08-08T22:37:20Z,2026-08-09T13:00:00Z,14.4,30.5,32.7,32.0,-2.2,2.2
6-24ч,2026-08-08T22:37:20Z,2026-08-09T14:00:00Z,15.4,30.6,33.2,31.3,-2.6,2.6
6-24ч,2026-08-08T22:37:20Z,2026-08-09T15:00:00Z,16.4,30.3,33.1,32.0,-2.8,2.8
6-24ч,2026-08-08T22:37:20Z,2026-08-09T16:00:00Z,17.4,29.2,32.2,31.3,-3.0,3.0
6-24ч,2026-08-08T22:37:20Z,2026-08-09T17:00:00Z,18.4,27.7,30.8,30.0,-3.1,3.1
6-24ч,2026-08-08T22:37:20Z,2026-08-09T18:00:00Z,19.4,26.3,29.7,29.2,-3.4,3.4
6-24ч,2026-08-08T22:37:20Z,2026-08-09T19:00:00Z,20.4,25.4,28.3,28.4,-2.9,2.9
6-24ч,2026-08-08T22:37:20Z,2026-08-09T20:00:00Z,21.4,24.7,27.3,27.6,-2.6,2.6
6-24ч,2026-08-08T22:37:20Z,2026-08-09T21:00:00Z,22.4,24.1,26.6,26.6,-2.5,2.5
6-24ч,2026-08-08T22:37:20Z,2026-08-09T22:00:00Z,23.4,23.5,24.9,25.4,-1.4,1.4
6-24ч,2026-08-09T04:59:03Z,2026-08-09T11:00:00Z,6.0,29.3,30.8,30.9,-1.5,1.5
6-24ч,2026-08-09T04:59:03Z,2026-08-09T12:00:00Z,7.0,30.0,32.4,31.4,-2.4,2.4
6-24ч,2026-08-09T04:59:03Z,2026-08-09T13:00:00Z,8.0,30.5,32.7,32.0,-2.2,2.2
6-24ч,2026-08-09T04:59:03Z,2026-08-09T14:00:00Z,9.0,30.7,33.2,31.3,-2.5,2.5
6-24ч,2026-08-09T04:59:03Z,2026-08-09T15:00:00Z,10.0,30.4,33.1,32.0,-2.7,2.7
6-24ч,2026-08-09T04:59:03Z,2026-08-09T16:00:00Z,11.0,29.3,32.2,31.3,-2.9,2.9
6-24ч,2026-08-09T04:59:03Z,2026-08-09T17:00:00Z,12.0,27.7,30.8,30.0,-3.1,3.1
6-24ч,2026-08-09T04:59:03Z,2026-08-09T18:00:00Z,13.0,26.3,29.7,29.2,-3.4,3.4
6-24ч,2026-08-09T04:59:03Z,2026-08-09T19:00:00Z,14.0,25.3,28.3,28.4,-3.0,3.0
6-24ч,2026-08-09T04:59:03Z,2026-08-09T20:00:00Z,15.0,24.5,27.3,27.6,-2.8,2.8
6-24ч,2026-08-09T04:59:03Z,2026-08-09T21:00:00Z,16.0,23.8,26.6,26.6,-2.8,2.8
6-24ч,2026-08-09T04:59:03Z,2026-08-09T22:00:00Z,17.0,23.3,24.9,25.4,-1.6,1.6
6-24ч,2026-08-09T04:59:03Z,2026-08-09T23:00:00Z,18.0,23.0,24.0,24.9,-1.0,1.0
6-24ч,2026-08-09T04:59:03Z,2026-08-10T00:00:00Z,19.0,22.7,23.3,24.2,-0.6,0.6
6-24ч,2026-08-09T04:59:03Z,2026-08-10T01:00:00Z,20.0,22.3,22.9,23.8,-0.6,0.6
6-24ч,2026-08-09T04:59:03Z,2026-08-10T02:00:00Z,21.0,21.9,23.1,22.8,-1.2,1.2
6-24ч,2026-08-09T04:59:03Z,2026-08-10T03:00:00Z,22.0,22.1,22.6,21.3,-0.5,0.5
6-24ч,2026-08-09T04:59:03Z,2026-08-10T04:00:00Z,23.0,22.9,21.3,20.7,1.6,1.6
6-24ч,2026-08-09T10:19:29Z,2026-08-09T17:00:00Z,6.7,26.5,30.8,30.0,-4.3,4.3
6-24ч,2026-08-09T10:19:29Z,2026-08-09T18:00:00Z,7.7,25.0,29.7,29.2,-4.7,4.7
6-24ч,2026-08-09T10:19:29Z,2026-08-09T19:00:00Z,8.7,24.0,28.3,28.4,-4.3,4.3
6-24ч,2026-08-09T10:19:29Z,2026-08-09T20:00:00Z,9.7,23.3,27.3,27.6,-4.0,4.0
6-24ч,2026-08-09T10:19:29Z,2026-08-09T21:00:00Z,10.7,22.7,26.6,26.6,-3.9,3.9
6-24ч,2026-08-09T10:19:29Z,2026-08-09T22:00:00Z,11.7,22.4,24.9,25.4,-2.5,2.5
6-24ч,2026-08-09T10:19:29Z,2026-08-09T23:00:00Z,12.7,22.3,24.0,24.9,-1.7,1.7
6-24ч,2026-08-09T10:19:29Z,2026-08-10T00:00:00Z,13.7,22.2,23.3,24.2,-1.1,1.1
6-24ч,2026-08-09T10:19:29Z,2026-08-10T01:00:00Z,14.7,22.0,22.9,23.8,-0.9,0.9
6-24ч,2026-08-09T10:19:29Z,2026-08-10T02:00:00Z,15.7,21.9,23.1,22.8,-1.2,1.2
6-24ч,2026-08-09T10:19:29Z,2026-08-10T03:00:00Z,16.7,22.1,22.6,21.3,-0.5,0.5
6-24ч,2026-08-09T10:19:29Z,2026-08-10T04:00:00Z,17.7,22.9,21.3,20.7,1.6,1.6
6-24ч,2026-08-09T10:19:29Z,2026-08-10T05:00:00Z,18.7,23.9,24.9,21.8,-1.0,1.0
6-24ч,2026-08-09T10:19:29Z,2026-08-10T06:00:00Z,19.7,25.2,26.2,23.2,-1.0,1.0
6-24ч,2026-08-09T10:19:29Z,2026-08-10T07:00:00Z,20.7,26.6,28.3,24.7,-1.7,1.7
6-24ч,2026-08-09T10:19:29Z,2026-08-10T08:00:00Z,21.7,28.2,30.6,27.1,-2.4,2.4
6-24ч,2026-08-09T10:19:29Z,2026-08-10T09:00:00Z,22.7,29.5,32.5,28.8,-3.0,3.0
6-24ч,2026-08-09T10:19:29Z,2026-08-10T10:00:00Z,23.7,30.3,32.7,30.1,-2.4,2.4
6-24ч,2026-08-09T12:41:38Z,2026-08-09T19:00:00Z,6.3,24.0,28.3,28.4,-4.3,4.3
6-24ч,2026-08-09T12:41:38Z,2026-08-09T20:00:00Z,7.3,23.3,27.3,27.6,-4.0,4.0
6-24ч,2026-08-09T12:41:38Z,2026-08-09T21:00:00Z,8.3,22.7,26.6,26.6,-3.9,3.9
6-24ч,2026-08-09T12:41:38Z,2026-08-09T22:00:00Z,9.3,22.4,24.9,25.4,-2.5,2.5
6-24ч,2026-08-09T12:41:38Z,2026-08-09T23:00:00Z,10.3,22.3,24.0,24.9,-1.7,1.7
6-24ч,2026-08-09T12:41:38Z,2026-08-10T00:00:00Z,11.3,22.2,23.3,24.2,-1.1,1.1
6-24ч,2026-08-09T12:41:38Z,2026-08-10T01:00:00Z,12.3,22.0,22.9,23.8,-0.9,0.9
6-24ч,2026-08-09T12:41:38Z,2026-08-10T02:00:00Z,13.3,21.9,23.1,22.8,-1.2,1.2
6-24ч,2026-08-09T12:41:38Z,2026-08-10T03:00:00Z,14.3,22.1,22.6,21.3,-0.5,0.5
6-24ч,2026-08-09T12:41:38Z,2026-08-10T04:00:00Z,15.3,22.9,21.3,20.7,1.6,1.6
6-24ч,2026-08-09T12:41:38Z,2026-08-10T05:00:00Z,16.3,23.9,24.9,21.8,-1.0,1.0
6-24ч,2026-08-09T12:41:38Z,2026-08-10T06:00:00Z,17.3,25.2,26.2,23.2,-1.0,1.0
6-24ч,2026-08-09T12:41:38Z,2026-08-10T07:00:00Z,18.3,26.6,28.3,24.7,-1.7,1.7
6-24ч,2026-08-09T12:41:38Z,2026-08-10T08:00:00Z,19.3,28.2,30.6,27.1,-2.4,2.4
6-24ч,2026-08-09T12:41:38Z,2026-08-10T09:00:00Z,20.3,29.5,32.5,28.8,-3.0,3.0
6-24ч,2026-08-09T12:41:38Z,2026-08-10T10:00:00Z,21.3,30.3,32.7,30.1,-2.4,2.4
6-24ч,2026-08-09T12:41:38Z,2026-08-10T11:00:00Z,22.3,30.9,33.2,30.8,-2.3,2.3
6-24ч,2026-08-09T12:41:38Z,2026-08-10T12:00:00Z,23.3,31.2,34.1,32.4,-2.9,2.9
6-24ч,2026-08-09T12:45:53Z,2026-08-09T19:00:00Z,6.2,24.0,28.3,28.4,-4.3,4.3
6-24ч,2026-08-09T12:45:53Z,2026-08-09T20:00:00Z,7.2,23.3,27.3,27.6,-4.0,4.0
6-24ч,2026-08-09T12:45:53Z,2026-08-09T21:00:00Z,8.2,22.7,26.6,26.6,-3.9,3.9
6-24ч,2026-08-09T12:45:53Z,2026-08-09T22:00:00Z,9.2,22.4,24.9,25.4,-2.5,2.5
6-24ч,2026-08-09T12:45:53Z,2026-08-09T23:00:00Z,10.2,22.3,24.0,24.9,-1.7,1.7
6-24ч,2026-08-09T12:45:53Z,2026-08-10T00:00:00Z,11.2,22.2,23.3,24.2,-1.1,1.1
6-24ч,2026-08-09T12:45:53Z,2026-08-10T01:00:00Z,12.2,22.0,22.9,23.8,-0.9,0.9
6-24ч,2026-08-09T12:45:53Z,2026-08-10T02:00:00Z,13.2,21.9,23.1,22.8,-1.2,1.2
6-24ч,2026-08-09T12:45:53Z,2026-08-10T03:00:00Z,14.2,22.1,22.6,21.3,-0.5,0.5
6-24ч,2026-08-09T12:45:53Z,2026-08-10T04:00:00Z,15.2,22.9,21.3,20.7,1.6,1.6
6-24ч,2026-08-09T12:45:53Z,2026-08-10T05:00:00Z,16.2,23.9,24.9,21.8,-1.0,1.0
6-24ч,2026-08-09T12:45:53Z,2026-08-10T06:00:00Z,17.2,25.2,26.2,23.2,-1.0,1.0
6-24ч,2026-08-09T12:45:53Z,2026-08-10T07:00:00Z,18.2,26.6,28.3,24.7,-1.7,1.7
6-24ч,2026-08-09T12:45:53Z,2026-08-10T08:00:00Z,19.2,28.2,30.6,27.1,-2.4,2.4
6-24ч,2026-08-09T12:45:53Z,2026-08-10T09:00:00Z,20.2,29.5,32.5,28.8,-3.0,3.0
6-24ч,2026-08-09T12:45:53Z,2026-08-10T10:00:00Z,21.2,30.3,32.7,30.1,-2.4,2.4
6-24ч,2026-08-09T12:45:53Z,2026-08-10T11:00:00Z,22.2,30.9,33.2,30.8,-2.3,2.3
6-24ч,2026-08-09T12:45:53Z,2026-08-10T12:00:00Z,23.2,31.2,34.1,32.4,-2.9,2.9
6-24ч,2026-08-09T12:48:15Z,2026-08-09T19:00:00Z,6.2,24.0,28.3,28.4,-4.3,4.3
6-24ч,2026-08-09T12:48:15Z,2026-08-09T20:00:00Z,7.2,23.3,27.3,27.6,-4.0,4.0
6-24ч,2026-08-09T12:48:15Z,2026-08-09T21:00:00Z,8.2,22.7,26.6,26.6,-3.9,3.9
6-24ч,2026-08-09T12:48:15Z,2026-08-09T22:00:00Z,9.2,22.4,24.9,25.4,-2.5,2.5
6-24ч,2026-08-09T12:48:15Z,2026-08-09T23:00:00Z,10.2,22.3,24.0,24.9,-1.7,1.7
6-24ч,2026-08-09T12:48:15Z,2026-08-10T00:00:00Z,11.2,22.2,23.3,24.2,-1.1,1.1
6-24ч,2026-08-09T12:48:15Z,2026-08-10T01:00:00Z,12.2,22.0,22.9,23.8,-0.9,0.9
6-24ч,2026-08-09T12:48:15Z,2026-08-10T02:00:00Z,13.2,21.9,23.1,22.8,-1.2,1.2
6-24ч,2026-08-09T12:48:15Z,2026-08-10T03:00:00Z,14.2,22.1,22.6,21.3,-0.5,0.5
6-24ч,2026-08-09T12:48:15Z,2026-08-10T04:00:00Z,15.2,22.9,21.3,20.7,1.6,1.6
6-24ч,2026-08-09T12:48:15Z,2026-08-10T05:00:00Z,16.2,23.9,24.9,21.8,-1.0,1.0
6-24ч,2026-08-09T12:48:15Z,2026-08-10T06:00:00Z,17.2,25.2,26.2,23.2,-1.0,1.0
6-24ч,2026-08-09T12:48:15Z,2026-08-10T07:00:00Z,18.2,26.6,28.3,24.7,-1.7,1.7
6-24ч,2026-08-09T12:48:15Z,2026-08-10T08:00:00Z,19.2,28.2,30.6,27.1,-2.4,2.4
6-24ч,2026-08-09T12:48:15Z,2026-08-10T09:00:00Z,20.2,29.5,32.5,28.8,-3.0,3.0
6-24ч,2026-08-09T12:48:15Z,2026-08-10T10:00:00Z,21.2,30.3,32.7,30.1,-2.4,2.4
6-24ч,2026-08-09T12:48:15Z,2026-08-10T11:00:00Z,22.2,30.9,33.2,30.8,-2.3,2.3
6-24ч,2026-08-09T12:48:15Z,2026-08-10T12:00:00Z,23.2,31.2,34.1,32.4,-2.9,2.9
6-24ч,2026-08-09T16:31:44Z,2026-08-09T23:00:00Z,6.5,22.4,24.0,24.9,-1.6,1.6
6-24ч,2026-08-09T16:31:44Z,2026-08-10T00:00:00Z,7.5,22.2,23.3,24.2,-1.1,1.1
6-24ч,2026-08-09T16:31:44Z,2026-08-10T01:00:00Z,8.5,21.8,22.9,23.8,-1.1,1.1
6-24ч,2026-08-09T16:31:44Z,2026-08-10T02:00:00Z,9.5,21.4,23.1,22.8,-1.7,1.7
6-24ч,2026-08-09T16:31:44Z,2026-08-10T03:00:00Z,10.5,21.5,22.6,21.3,-1.1,1.1
6-24ч,2026-08-09T16:31:44Z,2026-08-10T04:00:00Z,11.5,22.3,21.3,20.7,1.0,1.0
6-24ч,2026-08-09T16:31:44Z,2026-08-10T05:00:00Z,12.5,23.7,24.9,21.8,-1.2,1.2
6-24ч,2026-08-09T16:31:44Z,2026-08-10T06:00:00Z,13.5,25.1,26.2,23.2,-1.1,1.1
6-24ч,2026-08-09T16:31:44Z,2026-08-10T07:00:00Z,14.5,26.5,28.3,24.7,-1.8,1.8
6-24ч,2026-08-09T16:31:44Z,2026-08-10T08:00:00Z,15.5,28.1,30.6,27.1,-2.5,2.5
6-24ч,2026-08-09T16:31:44Z,2026-08-10T09:00:00Z,16.5,29.3,32.5,28.8,-3.2,3.2
6-24ч,2026-08-09T16:31:44Z,2026-08-10T10:00:00Z,17.5,30.2,32.7,30.1,-2.5,2.5
6-24ч,2026-08-09T16:31:44Z,2026-08-10T11:00:00Z,18.5,30.7,33.2,30.8,-2.5,2.5
6-24ч,2026-08-09T16:31:44Z,2026-08-10T12:00:00Z,19.5,31.1,34.1,32.4,-3.0,3.0
6-24ч,2026-08-09T16:31:44Z,2026-08-10T13:00:00Z,20.5,31.5,34.1,32.7,-2.6,2.6
6-24ч,2026-08-09T16:31:44Z,2026-08-10T14:00:00Z,21.5,31.6,34.6,33.2,-3.0,3.0
6-24ч,2026-08-09T16:31:44Z,2026-08-10T15:00:00Z,22.5,31.3,34.7,33.1,-3.4,3.4
6-24ч,2026-08-09T16:31:44Z,2026-08-10T16:00:00Z,23.5,30.2,34.0,32.2,-3.8,3.8
6-24ч,2026-08-09T22:39:09Z,2026-08-10T05:00:00Z,6.3,24.0,24.9,21.8,-0.9,0.9
6-24ч,2026-08-09T22:39:09Z,2026-08-10T06:00:00Z,7.3,25.5,26.2,23.2,-0.7,0.7
6-24ч,2026-08-09T22:39:09Z,2026-08-10T07:00:00Z,8.3,27.1,28.3,24.7,-1.2,1.2
6-24ч,2026-08-09T22:39:09Z,2026-08-10T08:00:00Z,9.3,28.8,30.6,27.1,-1.8,1.8
6-24ч,2026-08-09T22:39:09Z,2026-08-10T09:00:00Z,10.3,30.2,32.5,28.8,-2.3,2.3
6-24ч,2026-08-09T22:39:09Z,2026-08-10T10:00:00Z,11.3,31.0,32.7,30.1,-1.7,1.7
6-24ч,2026-08-09T22:39:09Z,2026-08-10T11:00:00Z,12.3,31.5,33.2,30.8,-1.7,1.7
6-24ч,2026-08-09T22:39:09Z,2026-08-10T12:00:00Z,13.3,31.8,34.1,32.4,-2.3,2.3
6-24ч,2026-08-09T22:39:09Z,2026-08-10T13:00:00Z,14.3,32.1,34.1,32.7,-2.0,2.0
6-24ч,2026-08-09T22:39:09Z,2026-08-10T14:00:00Z,15.3,32.3,34.6,33.2,-2.3,2.3
6-24ч,2026-08-09T22:39:09Z,2026-08-10T15:00:00Z,16.3,32.0,34.7,33.1,-2.7,2.7
6-24ч,2026-08-09T22:39:09Z,2026-08-10T16:00:00Z,17.3,30.9,34.0,32.2,-3.1,3.1
6-24ч,2026-08-09T22:39:09Z,2026-08-10T17:00:00Z,18.3,29.3,32.8,30.8,-3.5,3.5
6-24ч,2026-08-09T22:39:09Z,2026-08-10T18:00:00Z,19.3,27.8,31.8,29.7,-4.0,4.0
6-24ч,2026-08-09T22:39:09Z,2026-08-10T19:00:00Z,20.3,26.8,29.7,28.3,-2.9,2.9
6-24ч,2026-08-09T22:39:09Z,2026-08-10T20:00:00Z,21.3,25.9,29.3,27.3,-3.4,3.4
6-24ч,2026-08-09T22:39:09Z,2026-08-10T21:00:00Z,22.3,25.2,27.1,26.6,-1.9,1.9
6-24ч,2026-08-09T22:39:09Z,2026-08-10T22:00:00Z,23.3,24.8,26.6,24.9,-1.8,1.8
6-24ч,2026-08-10T05:20:42Z,2026-08-10T12:00:00Z,6.7,32.3,34.1,32.4,-1.8,1.8
6-24ч,2026-08-10T05:20:42Z,2026-08-10T13:00:00Z,7.7,32.6,34.1,32.7,-1.5,1.5
6-24ч,2026-08-10T05:20:42Z,2026-08-10T14:00:00Z,8.7,32.8,34.6,33.2,-1.8,1.8
6-24ч,2026-08-10T05:20:42Z,2026-08-10T15:00:00Z,9.7,32.5,34.7,33.1,-2.2,2.2
6-24ч,2026-08-10T05:20:42Z,2026-08-10T16:00:00Z,10.7,31.4,34.0,32.2,-2.6,2.6
6-24ч,2026-08-10T05:20:42Z,2026-08-10T17:00:00Z,11.7,29.9,32.8,30.8,-2.9,2.9
6-24ч,2026-08-10T05:20:42Z,2026-08-10T18:00:00Z,12.7,28.5,31.8,29.7,-3.3,3.3
6-24ч,2026-08-10T05:20:42Z,2026-08-10T19:00:00Z,13.7,27.4,29.7,28.3,-2.3,2.3
6-24ч,2026-08-10T05:20:42Z,2026-08-10T20:00:00Z,14.7,26.4,29.3,27.3,-2.9,2.9
6-24ч,2026-08-10T05:20:42Z,2026-08-10T21:00:00Z,15.7,25.7,27.1,26.6,-1.4,1.4
6-24ч,2026-08-10T05:20:42Z,2026-08-10T22:00:00Z,16.7,25.4,26.6,24.9,-1.2,1.2
6-24ч,2026-08-10T05:20:42Z,2026-08-10T23:00:00Z,17.7,25.3,26.2,24.0,-0.9,0.9
6-24ч,2026-08-10T05:20:42Z,2026-08-11T00:00:00Z,18.7,25.1,25.5,23.3,-0.4,0.4
6-24ч,2026-08-10T05:20:42Z,2026-08-11T01:00:00Z,19.7,24.3,23.9,22.9,0.4,0.4
6-24ч,2026-08-10T05:20:42Z,2026-08-11T02:00:00Z,20.7,23.4,23.2,23.1,0.2,0.2
6-24ч,2026-08-10T05:20:42Z,2026-08-11T03:00:00Z,21.7,23.0,22.4,22.6,0.6,0.6
6-24ч,2026-08-10T05:20:42Z,2026-08-11T04:00:00Z,22.7,23.6,22.2,21.3,1.4,1.4
6-24ч,2026-08-10T05:20:42Z,2026-08-11T05:00:00Z,23.7,24.7,24.5,24.9,0.2,0.2
6-24ч,2026-08-10T10:53:28Z,2026-08-10T17:00:00Z,6.1,28.8,32.8,30.8,-4.0,4.0
6-24ч,2026-08-10T10:53:28Z,2026-08-10T18:00:00Z,7.1,27.1,31.8,29.7,-4.7,4.7
6-24ч,2026-08-10T10:53:28Z,2026-08-10T19:00:00Z,8.1,26.1,29.7,28.3,-3.6,3.6
6-24ч,2026-08-10T10:53:28Z,2026-08-10T20:00:00Z,9.1,25.5,29.3,27.3,-3.8,3.8
6-24ч,2026-08-10T10:53:28Z,2026-08-10T21:00:00Z,10.1,25.0,27.1,26.6,-2.1,2.1
6-24ч,2026-08-10T10:53:28Z,2026-08-10T22:00:00Z,11.1,24.4,26.6,24.9,-2.2,2.2
6-24ч,2026-08-10T10:53:28Z,2026-08-10T23:00:00Z,12.1,24.0,26.2,24.0,-2.2,2.2
6-24ч,2026-08-10T10:53:28Z,2026-08-11T00:00:00Z,13.1,23.5,25.5,23.3,-2.0,2.0
6-24ч,2026-08-10T10:53:28Z,2026-08-11T01:00:00Z,14.1,22.8,23.9,22.9,-1.1,1.1
6-24ч,2026-08-10T10:53:28Z,2026-08-11T02:00:00Z,15.1,22.0,23.2,23.1,-1.2,1.2
6-24ч,2026-08-10T10:53:28Z,2026-08-11T03:00:00Z,16.1,21.9,22.4,22.6,-0.5,0.5
6-24ч,2026-08-10T10:53:28Z,2026-08-11T04:00:00Z,17.1,22.8,22.2,21.3,0.6,0.6
6-24ч,2026-08-10T10:53:28Z,2026-08-11T05:00:00Z,18.1,24.4,24.5,24.9,-0.1,0.1
6-24ч,2026-08-10T10:53:28Z,2026-08-11T06:00:00Z,19.1,26.1,26.8,26.2,-0.7,0.7
6-24ч,2026-08-10T10:53:28Z,2026-08-11T07:00:00Z,20.1,28.0,29.0,28.3,-1.0,1.0
6-24ч,2026-08-10T10:53:28Z,2026-08-11T08:00:00Z,21.1,30.0,30.6,30.6,-0.6,0.6
6-24ч,2026-08-10T10:53:28Z,2026-08-11T09:00:00Z,22.1,31.7,32.0,32.5,-0.3,0.3
6-24ч,2026-08-10T10:53:28Z,2026-08-11T10:00:00Z,23.1,32.7,34.7,32.7,-2.0,2.0
6-24ч,2026-08-10T16:52:05Z,2026-08-10T23:00:00Z,6.1,24.2,26.2,24.0,-2.0,2.0
6-24ч,2026-08-10T16:52:05Z,2026-08-11T00:00:00Z,7.1,23.8,25.5,23.3,-1.7,1.7
6-24ч,2026-08-10T16:52:05Z,2026-08-11T01:00:00Z,8.1,23.1,23.9,22.9,-0.8,0.8
6-24ч,2026-08-10T16:52:05Z,2026-08-11T02:00:00Z,9.1,22.3,23.2,23.1,-0.9,0.9
6-24ч,2026-08-10T16:52:05Z,2026-08-11T03:00:00Z,10.1,22.1,22.4,22.6,-0.3,0.3
6-24ч,2026-08-10T16:52:05Z,2026-08-11T04:00:00Z,11.1,22.8,22.2,21.3,0.6,0.6
6-24ч,2026-08-10T16:52:05Z,2026-08-11T05:00:00Z,12.1,24.1,24.5,24.9,-0.4,0.4
6-24ч,2026-08-10T16:52:05Z,2026-08-11T06:00:00Z,13.1,25.6,26.8,26.2,-1.2,1.2
6-24ч,2026-08-10T16:52:05Z,2026-08-11T07:00:00Z,14.1,27.5,29.0,28.3,-1.5,1.5
6-24ч,2026-08-10T16:52:05Z,2026-08-11T08:00:00Z,15.1,29.7,30.6,30.6,-0.9,0.9
6-24ч,2026-08-10T16:52:05Z,2026-08-11T09:00:00Z,16.1,31.4,32.0,32.5,-0.6,0.6
6-24ч,2026-08-10T16:52:05Z,2026-08-11T10:00:00Z,17.1,32.5,34.7,32.7,-2.2,2.2
6-24ч,2026-08-10T22:47:13Z,2026-08-11T05:00:00Z,6.2,24.7,24.5,24.9,0.2,0.2
6-24ч,2026-08-10T22:47:13Z,2026-08-11T06:00:00Z,7.2,26.4,26.8,26.2,-0.4,0.4
6-24ч,2026-08-10T22:47:13Z,2026-08-11T07:00:00Z,8.2,28.3,29.0,28.3,-0.7,0.7
6-24ч,2026-08-10T22:47:13Z,2026-08-11T08:00:00Z,9.2,30.4,30.6,30.6,-0.2,0.2
6-24ч,2026-08-10T22:47:13Z,2026-08-11T09:00:00Z,10.2,32.2,32.0,32.5,0.2,0.2
6-24ч,2026-08-10T22:47:13Z,2026-08-11T10:00:00Z,11.2,33.3,34.7,32.7,-1.4,1.4
1-2 дня,2026-08-06T09:50:07Z,2026-08-07T10:00:00Z,24.2,34.0,35.0,37.2,-1.0,1.0
1-2 дня,2026-08-06T09:50:07Z,2026-08-07T11:00:00Z,25.2,35.0,35.9,37.6,-0.9,0.9
1-2 дня,2026-08-06T09:50:07Z,2026-08-07T12:00:00Z,26.2,35.2,36.6,37.5,-1.4,1.4
1-2 дня,2026-08-06T09:50:07Z,2026-08-07T13:00:00Z,27.2,34.1,36.9,38.3,-2.8,2.8
1-2 дня,2026-08-06T09:50:07Z,2026-08-07T14:00:00Z,28.2,32.3,37.2,38.0,-4.9,4.9
1-2 дня,2026-08-06T09:50:07Z,2026-08-07T15:00:00Z,29.2,30.6,36.4,36.8,-5.8,5.8
1-2 дня,2026-08-06T09:50:07Z,2026-08-07T16:00:00Z,30.2,29.4,34.4,30.8,-5.0,5.0
1-2 дня,2026-08-06T09:50:07Z,2026-08-07T17:00:00Z,31.2,28.4,34.2,31.2,-5.8,5.8
1-2 дня,2026-08-06T09:50:07Z,2026-08-07T18:00:00Z,32.2,27.5,32.0,30.4,-4.5,4.5
1-2 дня,2026-08-06T09:50:07Z,2026-08-07T19:00:00Z,33.2,26.9,29.3,28.6,-2.4,2.4
1-2 дня,2026-08-06T09:50:07Z,2026-08-07T20:00:00Z,34.2,26.5,28.2,28.8,-1.7,1.7
1-2 дня,2026-08-06T09:50:07Z,2026-08-07T21:00:00Z,35.2,26.0,27.2,27.6,-1.2,1.2
1-2 дня,2026-08-06T09:50:07Z,2026-08-07T22:00:00Z,36.2,25.3,27.1,27.1,-1.8,1.8
1-2 дня,2026-08-06T09:50:07Z,2026-08-07T23:00:00Z,37.2,24.6,25.7,26.3,-1.1,1.1
1-2 дня,2026-08-06T09:50:07Z,2026-08-08T00:00:00Z,38.2,23.9,25.6,25.6,-1.7,1.7
1-2 дня,2026-08-06T09:50:07Z,2026-08-08T01:00:00Z,39.2,23.3,25.1,25.3,-1.8,1.8
1-2 дня,2026-08-06T09:50:07Z,2026-08-08T02:00:00Z,40.2,22.7,23.0,24.8,-0.3,0.3
1-2 дня,2026-08-06T09:50:07Z,2026-08-08T03:00:00Z,41.2,22.5,21.4,24.6,1.1,1.1
1-2 дня,2026-08-06T09:50:07Z,2026-08-08T04:00:00Z,42.2,22.8,21.2,24.9,1.6,1.6
1-2 дня,2026-08-06T09:50:07Z,2026-08-08T05:00:00Z,43.2,23.5,21.7,26.1,1.8,1.8
1-2 дня,2026-08-06T09:50:07Z,2026-08-08T06:00:00Z,44.2,24.4,22.6,27.0,1.8,1.8
1-2 дня,2026-08-06T09:50:07Z,2026-08-08T07:00:00Z,45.2,25.6,24.4,28.0,1.2,1.2
1-2 дня,2026-08-06T09:50:07Z,2026-08-08T08:00:00Z,46.2,27.0,25.6,30.5,1.4,1.4
1-2 дня,2026-08-06T09:50:07Z,2026-08-08T09:00:00Z,47.2,28.4,28.1,33.0,0.3,0.3
1-2 дня,2026-08-06T09:59:18Z,2026-08-07T10:00:00Z,24.0,34.0,35.0,37.2,-1.0,1.0
1-2 дня,2026-08-06T09:59:18Z,2026-08-07T11:00:00Z,25.0,35.0,35.9,37.6,-0.9,0.9
1-2 дня,2026-08-06T09:59:18Z,2026-08-07T12:00:00Z,26.0,35.2,36.6,37.5,-1.4,1.4
1-2 дня,2026-08-06T09:59:18Z,2026-08-07T13:00:00Z,27.0,34.1,36.9,38.3,-2.8,2.8
1-2 дня,2026-08-06T09:59:18Z,2026-08-07T14:00:00Z,28.0,32.3,37.2,38.0,-4.9,4.9
1-2 дня,2026-08-06T09:59:18Z,2026-08-07T15:00:00Z,29.0,30.6,36.4,36.8,-5.8,5.8
1-2 дня,2026-08-06T09:59:18Z,2026-08-07T16:00:00Z,30.0,29.4,34.4,30.8,-5.0,5.0
1-2 дня,2026-08-06T09:59:18Z,2026-08-07T17:00:00Z,31.0,28.4,34.2,31.2,-5.8,5.8
1-2 дня,2026-08-06T09:59:18Z,2026-08-07T18:00:00Z,32.0,27.5,32.0,30.4,-4.5,4.5
1-2 дня,2026-08-06T09:59:18Z,2026-08-07T19:00:00Z,33.0,26.9,29.3,28.6,-2.4,2.4
1-2 дня,2026-08-06T09:59:18Z,2026-08-07T20:00:00Z,34.0,26.5,28.2,28.8,-1.7,1.7
1-2 дня,2026-08-06T09:59:18Z,2026-08-07T21:00:00Z,35.0,26.0,27.2,27.6,-1.2,1.2
1-2 дня,2026-08-06T09:59:18Z,2026-08-07T22:00:00Z,36.0,25.3,27.1,27.1,-1.8,1.8
1-2 дня,2026-08-06T09:59:18Z,2026-08-07T23:00:00Z,37.0,24.6,25.7,26.3,-1.1,1.1
1-2 дня,2026-08-06T09:59:18Z,2026-08-08T00:00:00Z,38.0,23.9,25.6,25.6,-1.7,1.7
1-2 дня,2026-08-06T09:59:18Z,2026-08-08T01:00:00Z,39.0,23.3,25.1,25.3,-1.8,1.8
1-2 дня,2026-08-06T09:59:18Z,2026-08-08T02:00:00Z,40.0,22.7,23.0,24.8,-0.3,0.3
1-2 дня,2026-08-06T09:59:18Z,2026-08-08T03:00:00Z,41.0,22.5,21.4,24.6,1.1,1.1
1-2 дня,2026-08-06T09:59:18Z,2026-08-08T04:00:00Z,42.0,22.8,21.2,24.9,1.6,1.6
1-2 дня,2026-08-06T09:59:18Z,2026-08-08T05:00:00Z,43.0,23.5,21.7,26.1,1.8,1.8
1-2 дня,2026-08-06T09:59:18Z,2026-08-08T06:00:00Z,44.0,24.4,22.6,27.0,1.8,1.8
1-2 дня,2026-08-06T09:59:18Z,2026-08-08T07:00:00Z,45.0,25.6,24.4,28.0,1.2,1.2
1-2 дня,2026-08-06T09:59:18Z,2026-08-08T08:00:00Z,46.0,27.0,25.6,30.5,1.4,1.4
1-2 дня,2026-08-06T09:59:18Z,2026-08-08T09:00:00Z,47.0,28.4,28.1,33.0,0.3,0.3
1-2 дня,2026-08-06T10:08:26Z,2026-08-07T11:00:00Z,24.9,35.0,35.9,37.6,-0.9,0.9
1-2 дня,2026-08-06T10:08:26Z,2026-08-07T12:00:00Z,25.9,35.2,36.6,37.5,-1.4,1.4
1-2 дня,2026-08-06T10:08:26Z,2026-08-07T13:00:00Z,26.9,34.1,36.9,38.3,-2.8,2.8
1-2 дня,2026-08-06T10:08:26Z,2026-08-07T14:00:00Z,27.9,32.3,37.2,38.0,-4.9,4.9
1-2 дня,2026-08-06T10:08:26Z,2026-08-07T15:00:00Z,28.9,30.6,36.4,36.8,-5.8,5.8
1-2 дня,2026-08-06T10:08:26Z,2026-08-07T16:00:00Z,29.9,29.4,34.4,30.8,-5.0,5.0
1-2 дня,2026-08-06T10:08:26Z,2026-08-07T17:00:00Z,30.9,28.4,34.2,31.2,-5.8,5.8
1-2 дня,2026-08-06T10:08:26Z,2026-08-07T18:00:00Z,31.9,27.5,32.0,30.4,-4.5,4.5
1-2 дня,2026-08-06T10:08:26Z,2026-08-07T19:00:00Z,32.9,26.9,29.3,28.6,-2.4,2.4
1-2 дня,2026-08-06T10:08:26Z,2026-08-07T20:00:00Z,33.9,26.5,28.2,28.8,-1.7,1.7
1-2 дня,2026-08-06T10:08:26Z,2026-08-07T21:00:00Z,34.9,26.0,27.2,27.6,-1.2,1.2
1-2 дня,2026-08-06T10:08:26Z,2026-08-07T22:00:00Z,35.9,25.3,27.1,27.1,-1.8,1.8
1-2 дня,2026-08-06T10:08:26Z,2026-08-07T23:00:00Z,36.9,24.6,25.7,26.3,-1.1,1.1
1-2 дня,2026-08-06T10:08:26Z,2026-08-08T00:00:00Z,37.9,23.9,25.6,25.6,-1.7,1.7
1-2 дня,2026-08-06T10:08:26Z,2026-08-08T01:00:00Z,38.9,23.3,25.1,25.3,-1.8,1.8
1-2 дня,2026-08-06T10:08:26Z,2026-08-08T02:00:00Z,39.9,22.7,23.0,24.8,-0.3,0.3
1-2 дня,2026-08-06T10:08:26Z,2026-08-08T03:00:00Z,40.9,22.5,21.4,24.6,1.1,1.1
1-2 дня,2026-08-06T10:08:26Z,2026-08-08T04:00:00Z,41.9,22.8,21.2,24.9,1.6,1.6
1-2 дня,2026-08-06T10:08:26Z,2026-08-08T05:00:00Z,42.9,23.5,21.7,26.1,1.8,1.8
1-2 дня,2026-08-06T10:08:26Z,2026-08-08T06:00:00Z,43.9,24.4,22.6,27.0,1.8,1.8
1-2 дня,2026-08-06T10:08:26Z,2026-08-08T07:00:00Z,44.9,25.6,24.4,28.0,1.2,1.2
1-2 дня,2026-08-06T10:08:26Z,2026-08-08T08:00:00Z,45.9,27.0,25.6,30.5,1.4,1.4
1-2 дня,2026-08-06T10:08:26Z,2026-08-08T09:00:00Z,46.9,28.4,28.1,33.0,0.3,0.3
1-2 дня,2026-08-06T10:08:26Z,2026-08-08T10:00:00Z,47.9,29.5,29.7,35.0,-0.2,0.2
1-2 дня,2026-08-06T10:47:54Z,2026-08-07T11:00:00Z,24.2,35.0,35.9,37.6,-0.9,0.9
1-2 дня,2026-08-06T10:47:54Z,2026-08-07T12:00:00Z,25.2,35.2,36.6,37.5,-1.4,1.4
1-2 дня,2026-08-06T10:47:54Z,2026-08-07T13:00:00Z,26.2,34.1,36.9,38.3,-2.8,2.8
1-2 дня,2026-08-06T10:47:54Z,2026-08-07T14:00:00Z,27.2,32.3,37.2,38.0,-4.9,4.9
1-2 дня,2026-08-06T10:47:54Z,2026-08-07T15:00:00Z,28.2,30.6,36.4,36.8,-5.8,5.8
1-2 дня,2026-08-06T10:47:54Z,2026-08-07T16:00:00Z,29.2,29.4,34.4,30.8,-5.0,5.0
1-2 дня,2026-08-06T10:47:54Z,2026-08-07T17:00:00Z,30.2,28.4,34.2,31.2,-5.8,5.8
1-2 дня,2026-08-06T10:47:54Z,2026-08-07T18:00:00Z,31.2,27.5,32.0,30.4,-4.5,4.5
1-2 дня,2026-08-06T10:47:54Z,2026-08-07T19:00:00Z,32.2,26.9,29.3,28.6,-2.4,2.4
1-2 дня,2026-08-06T10:47:54Z,2026-08-07T20:00:00Z,33.2,26.5,28.2,28.8,-1.7,1.7
1-2 дня,2026-08-06T10:47:54Z,2026-08-07T21:00:00Z,34.2,26.0,27.2,27.6,-1.2,1.2
1-2 дня,2026-08-06T10:47:54Z,2026-08-07T22:00:00Z,35.2,25.3,27.1,27.1,-1.8,1.8
1-2 дня,2026-08-06T10:47:54Z,2026-08-07T23:00:00Z,36.2,24.6,25.7,26.3,-1.1,1.1
1-2 дня,2026-08-06T10:47:54Z,2026-08-08T00:00:00Z,37.2,23.9,25.6,25.6,-1.7,1.7
1-2 дня,2026-08-06T10:47:54Z,2026-08-08T01:00:00Z,38.2,23.3,25.1,25.3,-1.8,1.8
1-2 дня,2026-08-06T10:47:54Z,2026-08-08T02:00:00Z,39.2,22.7,23.0,24.8,-0.3,0.3
1-2 дня,2026-08-06T10:47:54Z,2026-08-08T03:00:00Z,40.2,22.5,21.4,24.6,1.1,1.1
1-2 дня,2026-08-06T10:47:54Z,2026-08-08T04:00:00Z,41.2,22.8,21.2,24.9,1.6,1.6
1-2 дня,2026-08-06T10:47:54Z,2026-08-08T05:00:00Z,42.2,23.5,21.7,26.1,1.8,1.8
1-2 дня,2026-08-06T10:47:54Z,2026-08-08T06:00:00Z,43.2,24.4,22.6,27.0,1.8,1.8
1-2 дня,2026-08-06T10:47:54Z,2026-08-08T07:00:00Z,44.2,25.6,24.4,28.0,1.2,1.2
1-2 дня,2026-08-06T10:47:54Z,2026-08-08T08:00:00Z,45.2,27.0,25.6,30.5,1.4,1.4
1-2 дня,2026-08-06T10:47:54Z,2026-08-08T09:00:00Z,46.2,28.4,28.1,33.0,0.3,0.3
1-2 дня,2026-08-06T10:47:54Z,2026-08-08T10:00:00Z,47.2,29.5,29.7,35.0,-0.2,0.2
1-2 дня,2026-08-06T11:30:42Z,2026-08-07T12:00:00Z,24.5,35.2,36.6,37.5,-1.4,1.4
1-2 дня,2026-08-06T11:30:42Z,2026-08-07T13:00:00Z,25.5,34.1,36.9,38.3,-2.8,2.8
1-2 дня,2026-08-06T11:30:42Z,2026-08-07T14:00:00Z,26.5,32.3,37.2,38.0,-4.9,4.9
1-2 дня,2026-08-06T11:30:42Z,2026-08-07T15:00:00Z,27.5,30.6,36.4,36.8,-5.8,5.8
1-2 дня,2026-08-06T11:30:42Z,2026-08-07T16:00:00Z,28.5,29.4,34.4,30.8,-5.0,5.0
1-2 дня,2026-08-06T11:30:42Z,2026-08-07T17:00:00Z,29.5,28.4,34.2,31.2,-5.8,5.8
1-2 дня,2026-08-06T11:30:42Z,2026-08-07T18:00:00Z,30.5,27.5,32.0,30.4,-4.5,4.5
1-2 дня,2026-08-06T11:30:42Z,2026-08-07T19:00:00Z,31.5,26.9,29.3,28.6,-2.4,2.4
1-2 дня,2026-08-06T11:30:42Z,2026-08-07T20:00:00Z,32.5,26.5,28.2,28.8,-1.7,1.7
1-2 дня,2026-08-06T11:30:42Z,2026-08-07T21:00:00Z,33.5,26.0,27.2,27.6,-1.2,1.2
1-2 дня,2026-08-06T11:30:42Z,2026-08-07T22:00:00Z,34.5,25.3,27.1,27.1,-1.8,1.8
1-2 дня,2026-08-06T11:30:42Z,2026-08-07T23:00:00Z,35.5,24.6,25.7,26.3,-1.1,1.1
1-2 дня,2026-08-06T11:30:42Z,2026-08-08T00:00:00Z,36.5,23.9,25.6,25.6,-1.7,1.7
1-2 дня,2026-08-06T11:30:42Z,2026-08-08T01:00:00Z,37.5,23.3,25.1,25.3,-1.8,1.8
1-2 дня,2026-08-06T11:30:42Z,2026-08-08T02:00:00Z,38.5,22.7,23.0,24.8,-0.3,0.3
1-2 дня,2026-08-06T11:30:42Z,2026-08-08T03:00:00Z,39.5,22.5,21.4,24.6,1.1,1.1
1-2 дня,2026-08-06T11:30:42Z,2026-08-08T04:00:00Z,40.5,22.8,21.2,24.9,1.6,1.6
1-2 дня,2026-08-06T11:30:42Z,2026-08-08T05:00:00Z,41.5,23.5,21.7,26.1,1.8,1.8
1-2 дня,2026-08-06T11:30:42Z,2026-08-08T06:00:00Z,42.5,24.4,22.6,27.0,1.8,1.8
1-2 дня,2026-08-06T11:30:42Z,2026-08-08T07:00:00Z,43.5,25.6,24.4,28.0,1.2,1.2
1-2 дня,2026-08-06T11:30:42Z,2026-08-08T08:00:00Z,44.5,27.0,25.6,30.5,1.4,1.4
1-2 дня,2026-08-06T11:30:42Z,2026-08-08T09:00:00Z,45.5,28.4,28.1,33.0,0.3,0.3
1-2 дня,2026-08-06T11:30:42Z,2026-08-08T10:00:00Z,46.5,29.5,29.7,35.0,-0.2,0.2
1-2 дня,2026-08-06T11:30:42Z,2026-08-08T11:00:00Z,47.5,30.6,30.9,35.9,-0.3,0.3
1-2 дня,2026-08-06T11:36:01Z,2026-08-07T12:00:00Z,24.4,35.2,36.6,37.5,-1.4,1.4
1-2 дня,2026-08-06T11:36:01Z,2026-08-07T13:00:00Z,25.4,34.1,36.9,38.3,-2.8,2.8
1-2 дня,2026-08-06T11:36:01Z,2026-08-07T14:00:00Z,26.4,32.3,37.2,38.0,-4.9,4.9
1-2 дня,2026-08-06T11:36:01Z,2026-08-07T15:00:00Z,27.4,30.6,36.4,36.8,-5.8,5.8
1-2 дня,2026-08-06T11:36:01Z,2026-08-07T16:00:00Z,28.4,29.4,34.4,30.8,-5.0,5.0
1-2 дня,2026-08-06T11:36:01Z,2026-08-07T17:00:00Z,29.4,28.4,34.2,31.2,-5.8,5.8
1-2 дня,2026-08-06T11:36:01Z,2026-08-07T18:00:00Z,30.4,27.5,32.0,30.4,-4.5,4.5
1-2 дня,2026-08-06T11:36:01Z,2026-08-07T19:00:00Z,31.4,26.9,29.3,28.6,-2.4,2.4
1-2 дня,2026-08-06T11:36:01Z,2026-08-07T20:00:00Z,32.4,26.5,28.2,28.8,-1.7,1.7
1-2 дня,2026-08-06T11:36:01Z,2026-08-07T21:00:00Z,33.4,26.0,27.2,27.6,-1.2,1.2
1-2 дня,2026-08-06T11:36:01Z,2026-08-07T22:00:00Z,34.4,25.3,27.1,27.1,-1.8,1.8
1-2 дня,2026-08-06T11:36:01Z,2026-08-07T23:00:00Z,35.4,24.6,25.7,26.3,-1.1,1.1
1-2 дня,2026-08-06T11:36:01Z,2026-08-08T00:00:00Z,36.4,23.9,25.6,25.6,-1.7,1.7
1-2 дня,2026-08-06T11:36:01Z,2026-08-08T01:00:00Z,37.4,23.3,25.1,25.3,-1.8,1.8
1-2 дня,2026-08-06T11:36:01Z,2026-08-08T02:00:00Z,38.4,22.7,23.0,24.8,-0.3,0.3
1-2 дня,2026-08-06T11:36:01Z,2026-08-08T03:00:00Z,39.4,22.5,21.4,24.6,1.1,1.1
1-2 дня,2026-08-06T11:36:01Z,2026-08-08T04:00:00Z,40.4,22.8,21.2,24.9,1.6,1.6
1-2 дня,2026-08-06T11:36:01Z,2026-08-08T05:00:00Z,41.4,23.5,21.7,26.1,1.8,1.8
1-2 дня,2026-08-06T11:36:01Z,2026-08-08T06:00:00Z,42.4,24.4,22.6,27.0,1.8,1.8
1-2 дня,2026-08-06T11:36:01Z,2026-08-08T07:00:00Z,43.4,25.6,24.4,28.0,1.2,1.2
1-2 дня,2026-08-06T11:36:01Z,2026-08-08T08:00:00Z,44.4,27.0,25.6,30.5,1.4,1.4
1-2 дня,2026-08-06T11:36:01Z,2026-08-08T09:00:00Z,45.4,28.4,28.1,33.0,0.3,0.3
1-2 дня,2026-08-06T11:36:01Z,2026-08-08T10:00:00Z,46.4,29.5,29.7,35.0,-0.2,0.2
1-2 дня,2026-08-06T11:36:01Z,2026-08-08T11:00:00Z,47.4,30.6,30.9,35.9,-0.3,0.3
1-2 дня,2026-08-06T11:44:08Z,2026-08-07T12:00:00Z,24.3,35.2,36.6,37.5,-1.4,1.4
1-2 дня,2026-08-06T11:44:08Z,2026-08-07T13:00:00Z,25.3,34.1,36.9,38.3,-2.8,2.8
1-2 дня,2026-08-06T11:44:08Z,2026-08-07T14:00:00Z,26.3,32.3,37.2,38.0,-4.9,4.9
1-2 дня,2026-08-06T11:44:08Z,2026-08-07T15:00:00Z,27.3,30.6,36.4,36.8,-5.8,5.8
1-2 дня,2026-08-06T11:44:08Z,2026-08-07T16:00:00Z,28.3,29.4,34.4,30.8,-5.0,5.0
1-2 дня,2026-08-06T11:44:08Z,2026-08-07T17:00:00Z,29.3,28.4,34.2,31.2,-5.8,5.8
1-2 дня,2026-08-06T11:44:08Z,2026-08-07T18:00:00Z,30.3,27.5,32.0,30.4,-4.5,4.5
1-2 дня,2026-08-06T11:44:08Z,2026-08-07T19:00:00Z,31.3,26.9,29.3,28.6,-2.4,2.4
1-2 дня,2026-08-06T11:44:08Z,2026-08-07T20:00:00Z,32.3,26.5,28.2,28.8,-1.7,1.7
1-2 дня,2026-08-06T11:44:08Z,2026-08-07T21:00:00Z,33.3,26.0,27.2,27.6,-1.2,1.2
1-2 дня,2026-08-06T11:44:08Z,2026-08-07T22:00:00Z,34.3,25.3,27.1,27.1,-1.8,1.8
1-2 дня,2026-08-06T11:44:08Z,2026-08-07T23:00:00Z,35.3,24.6,25.7,26.3,-1.1,1.1
1-2 дня,2026-08-06T11:44:08Z,2026-08-08T00:00:00Z,36.3,23.9,25.6,25.6,-1.7,1.7
1-2 дня,2026-08-06T11:44:08Z,2026-08-08T01:00:00Z,37.3,23.3,25.1,25.3,-1.8,1.8
1-2 дня,2026-08-06T11:44:08Z,2026-08-08T02:00:00Z,38.3,22.7,23.0,24.8,-0.3,0.3
1-2 дня,2026-08-06T11:44:08Z,2026-08-08T03:00:00Z,39.3,22.5,21.4,24.6,1.1,1.1
1-2 дня,2026-08-06T11:44:08Z,2026-08-08T04:00:00Z,40.3,22.8,21.2,24.9,1.6,1.6
1-2 дня,2026-08-06T11:44:08Z,2026-08-08T05:00:00Z,41.3,23.5,21.7,26.1,1.8,1.8
1-2 дня,2026-08-06T11:44:08Z,2026-08-08T06:00:00Z,42.3,24.4,22.6,27.0,1.8,1.8
1-2 дня,2026-08-06T11:44:08Z,2026-08-08T07:00:00Z,43.3,25.6,24.4,28.0,1.2,1.2
1-2 дня,2026-08-06T11:44:08Z,2026-08-08T08:00:00Z,44.3,27.0,25.6,30.5,1.4,1.4
1-2 дня,2026-08-06T11:44:08Z,2026-08-08T09:00:00Z,45.3,28.4,28.1,33.0,0.3,0.3
1-2 дня,2026-08-06T11:44:08Z,2026-08-08T10:00:00Z,46.3,29.5,29.7,35.0,-0.2,0.2
1-2 дня,2026-08-06T11:44:08Z,2026-08-08T11:00:00Z,47.3,30.6,30.9,35.9,-0.3,0.3
1-2 дня,2026-08-07T01:31:32Z,2026-08-08T02:00:00Z,24.5,23.5,23.0,24.8,0.5,0.5
1-2 дня,2026-08-07T01:31:32Z,2026-08-08T03:00:00Z,25.5,23.2,21.4,24.6,1.8,1.8
1-2 дня,2026-08-07T01:31:32Z,2026-08-08T04:00:00Z,26.5,23.2,21.2,24.9,2.0,2.0
1-2 дня,2026-08-07T01:31:32Z,2026-08-08T05:00:00Z,27.5,23.7,21.7,26.1,2.0,2.0
1-2 дня,2026-08-07T01:31:32Z,2026-08-08T06:00:00Z,28.5,24.4,22.6,27.0,1.8,1.8
1-2 дня,2026-08-07T01:31:32Z,2026-08-08T07:00:00Z,29.5,25.8,24.4,28.0,1.4,1.4
1-2 дня,2026-08-07T01:31:32Z,2026-08-08T08:00:00Z,30.5,27.5,25.6,30.5,1.9,1.9
1-2 дня,2026-08-07T01:31:32Z,2026-08-08T09:00:00Z,31.5,29.0,28.1,33.0,0.9,0.9
1-2 дня,2026-08-07T01:31:32Z,2026-08-08T10:00:00Z,32.5,30.2,29.7,35.0,0.5,0.5
1-2 дня,2026-08-07T01:31:32Z,2026-08-08T11:00:00Z,33.5,31.2,30.9,35.9,0.3,0.3
1-2 дня,2026-08-07T01:31:32Z,2026-08-08T12:00:00Z,34.5,31.9,31.4,36.6,0.5,0.5
1-2 дня,2026-08-07T01:31:32Z,2026-08-08T13:00:00Z,35.5,32.3,32.0,36.9,0.3,0.3
1-2 дня,2026-08-07T01:31:32Z,2026-08-08T14:00:00Z,36.5,32.5,31.3,37.2,1.2,1.2
1-2 дня,2026-08-07T01:31:32Z,2026-08-08T15:00:00Z,37.5,32.3,32.0,36.4,0.3,0.3
1-2 дня,2026-08-07T01:31:32Z,2026-08-08T16:00:00Z,38.5,31.5,31.3,34.4,0.2,0.2
1-2 дня,2026-08-07T01:31:32Z,2026-08-08T17:00:00Z,39.5,30.4,30.0,34.2,0.4,0.4
1-2 дня,2026-08-07T01:31:32Z,2026-08-08T18:00:00Z,40.5,29.3,29.2,32.0,0.1,0.1
1-2 дня,2026-08-07T01:31:32Z,2026-08-08T19:00:00Z,41.5,28.6,28.4,29.3,0.2,0.2
1-2 дня,2026-08-07T01:31:32Z,2026-08-08T20:00:00Z,42.5,28.0,27.6,28.2,0.4,0.4
1-2 дня,2026-08-07T01:31:32Z,2026-08-08T21:00:00Z,43.5,27.2,26.6,27.2,0.6,0.6
1-2 дня,2026-08-07T01:31:32Z,2026-08-08T22:00:00Z,44.5,26.2,25.4,27.1,0.8,0.8
1-2 дня,2026-08-07T01:31:32Z,2026-08-08T23:00:00Z,45.5,25.2,24.9,25.7,0.3,0.3
1-2 дня,2026-08-07T01:31:32Z,2026-08-09T00:00:00Z,46.5,24.2,24.2,25.6,0.0,0.0
1-2 дня,2026-08-07T01:31:32Z,2026-08-09T01:00:00Z,47.5,23.2,23.8,25.1,-0.6,0.6
1-2 дня,2026-08-07T05:36:00Z,2026-08-08T06:00:00Z,24.4,24.4,22.6,27.0,1.8,1.8
1-2 дня,2026-08-07T05:36:00Z,2026-08-08T07:00:00Z,25.4,25.8,24.4,28.0,1.4,1.4
1-2 дня,2026-08-07T05:36:00Z,2026-08-08T08:00:00Z,26.4,27.5,25.6,30.5,1.9,1.9
1-2 дня,2026-08-07T05:36:00Z,2026-08-08T09:00:00Z,27.4,29.0,28.1,33.0,0.9,0.9
1-2 дня,2026-08-07T05:36:00Z,2026-08-08T10:00:00Z,28.4,30.2,29.7,35.0,0.5,0.5
1-2 дня,2026-08-07T05:36:00Z,2026-08-08T11:00:00Z,29.4,31.2,30.9,35.9,0.3,0.3
1-2 дня,2026-08-07T05:36:00Z,2026-08-08T12:00:00Z,30.4,31.9,31.4,36.6,0.5,0.5
1-2 дня,2026-08-07T05:36:00Z,2026-08-08T13:00:00Z,31.4,32.3,32.0,36.9,0.3,0.3
1-2 дня,2026-08-07T05:36:00Z,2026-08-08T14:00:00Z,32.4,32.5,31.3,37.2,1.2,1.2
1-2 дня,2026-08-07T05:36:00Z,2026-08-08T15:00:00Z,33.4,32.3,32.0,36.4,0.3,0.3
1-2 дня,2026-08-07T05:36:00Z,2026-08-08T16:00:00Z,34.4,31.5,31.3,34.4,0.2,0.2
1-2 дня,2026-08-07T05:36:00Z,2026-08-08T17:00:00Z,35.4,30.4,30.0,34.2,0.4,0.4
1-2 дня,2026-08-07T05:36:00Z,2026-08-08T18:00:00Z,36.4,29.3,29.2,32.0,0.1,0.1
1-2 дня,2026-08-07T05:36:00Z,2026-08-08T19:00:00Z,37.4,28.6,28.4,29.3,0.2,0.2
1-2 дня,2026-08-07T05:36:00Z,2026-08-08T20:00:00Z,38.4,28.0,27.6,28.2,0.4,0.4
1-2 дня,2026-08-07T05:36:00Z,2026-08-08T21:00:00Z,39.4,27.2,26.6,27.2,0.6,0.6
1-2 дня,2026-08-07T05:36:00Z,2026-08-08T22:00:00Z,40.4,26.2,25.4,27.1,0.8,0.8
1-2 дня,2026-08-07T05:36:00Z,2026-08-08T23:00:00Z,41.4,25.2,24.9,25.7,0.3,0.3
1-2 дня,2026-08-07T05:36:00Z,2026-08-09T00:00:00Z,42.4,24.2,24.2,25.6,0.0,0.0
1-2 дня,2026-08-07T05:36:00Z,2026-08-09T01:00:00Z,43.4,23.2,23.8,25.1,-0.6,0.6
1-2 дня,2026-08-07T05:36:00Z,2026-08-09T02:00:00Z,44.4,22.4,22.8,23.0,-0.4,0.4
1-2 дня,2026-08-07T05:36:00Z,2026-08-09T03:00:00Z,45.4,22.0,21.3,21.4,0.7,0.7
1-2 дня,2026-08-07T05:36:00Z,2026-08-09T04:00:00Z,46.4,22.1,20.7,21.2,1.4,1.4
1-2 дня,2026-08-07T05:36:00Z,2026-08-09T05:00:00Z,47.4,22.7,21.8,21.7,0.9,0.9
1-2 дня,2026-08-07T06:18:59Z,2026-08-08T07:00:00Z,24.7,25.8,24.4,28.0,1.4,1.4
1-2 дня,2026-08-07T06:18:59Z,2026-08-08T08:00:00Z,25.7,27.5,25.6,30.5,1.9,1.9
1-2 дня,2026-08-07T06:18:59Z,2026-08-08T09:00:00Z,26.7,29.0,28.1,33.0,0.9,0.9
1-2 дня,2026-08-07T06:18:59Z,2026-08-08T10:00:00Z,27.7,30.2,29.7,35.0,0.5,0.5
1-2 дня,2026-08-07T06:18:59Z,2026-08-08T11:00:00Z,28.7,31.2,30.9,35.9,0.3,0.3
1-2 дня,2026-08-07T06:18:59Z,2026-08-08T12:00:00Z,29.7,31.9,31.4,36.6,0.5,0.5
1-2 дня,2026-08-07T06:18:59Z,2026-08-08T13:00:00Z,30.7,32.3,32.0,36.9,0.3,0.3
1-2 дня,2026-08-07T06:18:59Z,2026-08-08T14:00:00Z,31.7,32.5,31.3,37.2,1.2,1.2
1-2 дня,2026-08-07T06:18:59Z,2026-08-08T15:00:00Z,32.7,32.3,32.0,36.4,0.3,0.3
1-2 дня,2026-08-07T06:18:59Z,2026-08-08T16:00:00Z,33.7,31.5,31.3,34.4,0.2,0.2
1-2 дня,2026-08-07T06:18:59Z,2026-08-08T17:00:00Z,34.7,30.4,30.0,34.2,0.4,0.4
1-2 дня,2026-08-07T06:18:59Z,2026-08-08T18:00:00Z,35.7,29.3,29.2,32.0,0.1,0.1
1-2 дня,2026-08-07T06:18:59Z,2026-08-08T19:00:00Z,36.7,28.6,28.4,29.3,0.2,0.2
1-2 дня,2026-08-07T06:18:59Z,2026-08-08T20:00:00Z,37.7,28.0,27.6,28.2,0.4,0.4
1-2 дня,2026-08-07T06:18:59Z,2026-08-08T21:00:00Z,38.7,27.2,26.6,27.2,0.6,0.6
1-2 дня,2026-08-07T06:18:59Z,2026-08-08T22:00:00Z,39.7,26.2,25.4,27.1,0.8,0.8
1-2 дня,2026-08-07T06:18:59Z,2026-08-08T23:00:00Z,40.7,25.2,24.9,25.7,0.3,0.3
1-2 дня,2026-08-07T06:18:59Z,2026-08-09T00:00:00Z,41.7,24.2,24.2,25.6,0.0,0.0
1-2 дня,2026-08-07T06:18:59Z,2026-08-09T01:00:00Z,42.7,23.2,23.8,25.1,-0.6,0.6
1-2 дня,2026-08-07T06:18:59Z,2026-08-09T02:00:00Z,43.7,22.4,22.8,23.0,-0.4,0.4
1-2 дня,2026-08-07T06:18:59Z,2026-08-09T03:00:00Z,44.7,22.0,21.3,21.4,0.7,0.7
1-2 дня,2026-08-07T06:18:59Z,2026-08-09T04:00:00Z,45.7,22.1,20.7,21.2,1.4,1.4
1-2 дня,2026-08-07T06:18:59Z,2026-08-09T05:00:00Z,46.7,22.7,21.8,21.7,0.9,0.9
1-2 дня,2026-08-07T06:18:59Z,2026-08-09T06:00:00Z,47.7,23.6,23.2,22.6,0.4,0.4
1-2 дня,2026-08-07T07:13:52Z,2026-08-08T08:00:00Z,24.8,27.5,25.6,30.5,1.9,1.9
1-2 дня,2026-08-07T07:13:52Z,2026-08-08T09:00:00Z,25.8,29.0,28.1,33.0,0.9,0.9
1-2 дня,2026-08-07T07:13:52Z,2026-08-08T10:00:00Z,26.8,30.2,29.7,35.0,0.5,0.5
1-2 дня,2026-08-07T07:13:52Z,2026-08-08T11:00:00Z,27.8,31.2,30.9,35.9,0.3,0.3
1-2 дня,2026-08-07T07:13:52Z,2026-08-08T12:00:00Z,28.8,31.9,31.4,36.6,0.5,0.5
1-2 дня,2026-08-07T07:13:52Z,2026-08-08T13:00:00Z,29.8,32.3,32.0,36.9,0.3,0.3
1-2 дня,2026-08-07T07:13:52Z,2026-08-08T14:00:00Z,30.8,32.5,31.3,37.2,1.2,1.2
1-2 дня,2026-08-07T07:13:52Z,2026-08-08T15:00:00Z,31.8,32.3,32.0,36.4,0.3,0.3
1-2 дня,2026-08-07T07:13:52Z,2026-08-08T16:00:00Z,32.8,31.5,31.3,34.4,0.2,0.2
1-2 дня,2026-08-07T07:13:52Z,2026-08-08T17:00:00Z,33.8,30.4,30.0,34.2,0.4,0.4
1-2 дня,2026-08-07T07:13:52Z,2026-08-08T18:00:00Z,34.8,29.3,29.2,32.0,0.1,0.1
1-2 дня,2026-08-07T07:13:52Z,2026-08-08T19:00:00Z,35.8,28.6,28.4,29.3,0.2,0.2
1-2 дня,2026-08-07T07:13:52Z,2026-08-08T20:00:00Z,36.8,28.0,27.6,28.2,0.4,0.4
1-2 дня,2026-08-07T07:13:52Z,2026-08-08T21:00:00Z,37.8,27.2,26.6,27.2,0.6,0.6
1-2 дня,2026-08-07T07:13:52Z,2026-08-08T22:00:00Z,38.8,26.2,25.4,27.1,0.8,0.8
1-2 дня,2026-08-07T07:13:52Z,2026-08-08T23:00:00Z,39.8,25.2,24.9,25.7,0.3,0.3
1-2 дня,2026-08-07T07:13:52Z,2026-08-09T00:00:00Z,40.8,24.2,24.2,25.6,0.0,0.0
1-2 дня,2026-08-07T07:13:52Z,2026-08-09T01:00:00Z,41.8,23.2,23.8,25.1,-0.6,0.6
1-2 дня,2026-08-07T07:13:52Z,2026-08-09T02:00:00Z,42.8,22.4,22.8,23.0,-0.4,0.4
1-2 дня,2026-08-07T07:13:52Z,2026-08-09T03:00:00Z,43.8,22.0,21.3,21.4,0.7,0.7
1-2 дня,2026-08-07T07:13:52Z,2026-08-09T04:00:00Z,44.8,22.1,20.7,21.2,1.4,1.4
1-2 дня,2026-08-07T07:13:52Z,2026-08-09T05:00:00Z,45.8,22.7,21.8,21.7,0.9,0.9
1-2 дня,2026-08-07T07:13:52Z,2026-08-09T06:00:00Z,46.8,23.6,23.2,22.6,0.4,0.4
1-2 дня,2026-08-07T07:13:52Z,2026-08-09T07:00:00Z,47.8,25.2,24.7,24.4,0.5,0.5
1-2 дня,2026-08-07T10:39:14Z,2026-08-08T11:00:00Z,24.3,31.1,30.9,35.9,0.2,0.2
1-2 дня,2026-08-07T10:39:14Z,2026-08-08T12:00:00Z,25.3,31.8,31.4,36.6,0.4,0.4
1-2 дня,2026-08-07T10:39:14Z,2026-08-08T13:00:00Z,26.3,32.2,32.0,36.9,0.2,0.2
1-2 дня,2026-08-07T10:39:14Z,2026-08-08T14:00:00Z,27.3,32.4,31.3,37.2,1.1,1.1
1-2 дня,2026-08-07T10:39:14Z,2026-08-08T15:00:00Z,28.3,32.2,32.0,36.4,0.2,0.2
1-2 дня,2026-08-07T10:39:14Z,2026-08-08T16:00:00Z,29.3,31.3,31.3,34.4,0.0,0.0
1-2 дня,2026-08-07T10:39:14Z,2026-08-08T17:00:00Z,30.3,30.0,30.0,34.2,0.0,0.0
1-2 дня,2026-08-07T10:39:14Z,2026-08-08T18:00:00Z,31.3,28.8,29.2,32.0,-0.4,0.4
1-2 дня,2026-08-07T10:39:14Z,2026-08-08T19:00:00Z,32.3,28.1,28.4,29.3,-0.3,0.3
1-2 дня,2026-08-07T10:39:14Z,2026-08-08T20:00:00Z,33.3,27.5,27.6,28.2,-0.1,0.1
1-2 дня,2026-08-07T10:39:14Z,2026-08-08T21:00:00Z,34.3,26.8,26.6,27.2,0.2,0.2
1-2 дня,2026-08-07T10:39:14Z,2026-08-08T22:00:00Z,35.3,25.9,25.4,27.1,0.5,0.5
1-2 дня,2026-08-07T10:39:14Z,2026-08-08T23:00:00Z,36.3,25.0,24.9,25.7,0.1,0.1
1-2 дня,2026-08-07T10:39:14Z,2026-08-09T00:00:00Z,37.3,24.1,24.2,25.6,-0.1,0.1
1-2 дня,2026-08-07T10:39:14Z,2026-08-09T01:00:00Z,38.3,23.2,23.8,25.1,-0.6,0.6
1-2 дня,2026-08-07T10:39:14Z,2026-08-09T02:00:00Z,39.3,22.3,22.8,23.0,-0.5,0.5
1-2 дня,2026-08-07T10:39:14Z,2026-08-09T03:00:00Z,40.3,21.9,21.3,21.4,0.6,0.6
1-2 дня,2026-08-07T10:39:14Z,2026-08-09T04:00:00Z,41.3,22.0,20.7,21.2,1.3,1.3
1-2 дня,2026-08-07T10:39:14Z,2026-08-09T05:00:00Z,42.3,22.5,21.8,21.7,0.7,0.7
1-2 дня,2026-08-07T10:39:14Z,2026-08-09T06:00:00Z,43.3,23.4,23.2,22.6,0.2,0.2
1-2 дня,2026-08-07T10:39:14Z,2026-08-09T07:00:00Z,44.3,25.0,24.7,24.4,0.3,0.3
1-2 дня,2026-08-07T10:39:14Z,2026-08-09T08:00:00Z,45.3,27.0,27.1,25.6,-0.1,0.1
1-2 дня,2026-08-07T10:39:14Z,2026-08-09T09:00:00Z,46.3,28.7,28.8,28.1,-0.1,0.1
1-2 дня,2026-08-07T10:39:14Z,2026-08-09T10:00:00Z,47.3,29.9,30.1,29.7,-0.2,0.2
1-2 дня,2026-08-07T16:51:54Z,2026-08-08T17:00:00Z,24.1,30.0,30.0,34.2,0.0,0.0
1-2 дня,2026-08-07T16:51:54Z,2026-08-08T18:00:00Z,25.1,28.8,29.2,32.0,-0.4,0.4
1-2 дня,2026-08-07T16:51:54Z,2026-08-08T19:00:00Z,26.1,27.9,28.4,29.3,-0.5,0.5
1-2 дня,2026-08-07T16:51:54Z,2026-08-08T20:00:00Z,27.1,27.1,27.6,28.2,-0.5,0.5
1-2 дня,2026-08-07T16:51:54Z,2026-08-08T21:00:00Z,28.1,26.3,26.6,27.2,-0.3,0.3
1-2 дня,2026-08-07T16:51:54Z,2026-08-08T22:00:00Z,29.1,25.4,25.4,27.1,0.0,0.0
1-2 дня,2026-08-07T16:51:54Z,2026-08-08T23:00:00Z,30.1,24.6,24.9,25.7,-0.3,0.3
1-2 дня,2026-08-07T16:51:54Z,2026-08-09T00:00:00Z,31.1,23.8,24.2,25.6,-0.4,0.4
1-2 дня,2026-08-07T16:51:54Z,2026-08-09T01:00:00Z,32.1,22.9,23.8,25.1,-0.9,0.9
1-2 дня,2026-08-07T16:51:54Z,2026-08-09T02:00:00Z,33.1,21.9,22.8,23.0,-0.9,0.9
1-2 дня,2026-08-07T16:51:54Z,2026-08-09T03:00:00Z,34.1,21.4,21.3,21.4,0.1,0.1
1-2 дня,2026-08-07T16:51:54Z,2026-08-09T04:00:00Z,35.1,21.5,20.7,21.2,0.8,0.8
1-2 дня,2026-08-07T16:51:54Z,2026-08-09T05:00:00Z,36.1,21.9,21.8,21.7,0.1,0.1
1-2 дня,2026-08-07T16:51:54Z,2026-08-09T06:00:00Z,37.1,22.8,23.2,22.6,-0.4,0.4
1-2 дня,2026-08-07T16:51:54Z,2026-08-09T07:00:00Z,38.1,24.4,24.7,24.4,-0.3,0.3
1-2 дня,2026-08-07T16:51:54Z,2026-08-09T08:00:00Z,39.1,26.5,27.1,25.6,-0.6,0.6
1-2 дня,2026-08-07T16:51:54Z,2026-08-09T09:00:00Z,40.1,28.2,28.8,28.1,-0.6,0.6
1-2 дня,2026-08-07T16:51:54Z,2026-08-09T10:00:00Z,41.1,29.4,30.1,29.7,-0.7,0.7
1-2 дня,2026-08-07T16:51:54Z,2026-08-09T11:00:00Z,42.1,30.3,30.8,30.9,-0.5,0.5
1-2 дня,2026-08-07T16:51:54Z,2026-08-09T12:00:00Z,43.1,31.0,32.4,31.4,-1.4,1.4
1-2 дня,2026-08-07T16:51:54Z,2026-08-09T13:00:00Z,44.1,31.4,32.7,32.0,-1.3,1.3
1-2 дня,2026-08-07T16:51:54Z,2026-08-09T14:00:00Z,45.1,31.5,33.2,31.3,-1.7,1.7
1-2 дня,2026-08-07T16:51:54Z,2026-08-09T15:00:00Z,46.1,31.2,33.1,32.0,-1.9,1.9
1-2 дня,2026-08-07T16:51:54Z,2026-08-09T16:00:00Z,47.1,30.2,32.2,31.3,-2.0,2.0
1-2 дня,2026-08-07T22:45:57Z,2026-08-08T23:00:00Z,24.2,24.8,24.9,25.7,-0.1,0.1
1-2 дня,2026-08-07T22:45:57Z,2026-08-09T00:00:00Z,25.2,23.8,24.2,25.6,-0.4,0.4
1-2 дня,2026-08-07T22:45:57Z,2026-08-09T01:00:00Z,26.2,22.8,23.8,25.1,-1.0,1.0
1-2 дня,2026-08-07T22:45:57Z,2026-08-09T02:00:00Z,27.2,21.9,22.8,23.0,-0.9,0.9
1-2 дня,2026-08-07T22:45:57Z,2026-08-09T03:00:00Z,28.2,21.5,21.3,21.4,0.2,0.2
1-2 дня,2026-08-07T22:45:57Z,2026-08-09T04:00:00Z,29.2,21.5,20.7,21.2,0.8,0.8
1-2 дня,2026-08-07T22:45:57Z,2026-08-09T05:00:00Z,30.2,22.0,21.8,21.7,0.2,0.2
1-2 дня,2026-08-07T22:45:57Z,2026-08-09T06:00:00Z,31.2,22.9,23.2,22.6,-0.3,0.3
1-2 дня,2026-08-07T22:45:57Z,2026-08-09T07:00:00Z,32.2,24.6,24.7,24.4,-0.1,0.1
1-2 дня,2026-08-07T22:45:57Z,2026-08-09T08:00:00Z,33.2,26.6,27.1,25.6,-0.5,0.5
1-2 дня,2026-08-07T22:45:57Z,2026-08-09T09:00:00Z,34.2,28.4,28.8,28.1,-0.4,0.4
1-2 дня,2026-08-07T22:45:57Z,2026-08-09T10:00:00Z,35.2,29.5,30.1,29.7,-0.6,0.6
1-2 дня,2026-08-07T22:45:57Z,2026-08-09T11:00:00Z,36.2,30.4,30.8,30.9,-0.4,0.4
1-2 дня,2026-08-07T22:45:57Z,2026-08-09T12:00:00Z,37.2,31.0,32.4,31.4,-1.4,1.4
1-2 дня,2026-08-07T22:45:57Z,2026-08-09T13:00:00Z,38.2,31.4,32.7,32.0,-1.3,1.3
1-2 дня,2026-08-07T22:45:57Z,2026-08-09T14:00:00Z,39.2,31.5,33.2,31.3,-1.7,1.7
1-2 дня,2026-08-07T22:45:57Z,2026-08-09T15:00:00Z,40.2,31.3,33.1,32.0,-1.8,1.8
1-2 дня,2026-08-07T22:45:57Z,2026-08-09T16:00:00Z,41.2,30.4,32.2,31.3,-1.8,1.8
1-2 дня,2026-08-07T22:45:57Z,2026-08-09T17:00:00Z,42.2,29.2,30.8,30.0,-1.6,1.6
1-2 дня,2026-08-07T22:45:57Z,2026-08-09T18:00:00Z,43.2,28.0,29.7,29.2,-1.7,1.7
1-2 дня,2026-08-07T22:45:57Z,2026-08-09T19:00:00Z,44.2,27.1,28.3,28.4,-1.2,1.2
1-2 дня,2026-08-07T22:45:57Z,2026-08-09T20:00:00Z,45.2,26.2,27.3,27.6,-1.1,1.1
1-2 дня,2026-08-07T22:45:57Z,2026-08-09T21:00:00Z,46.2,25.3,26.6,26.6,-1.3,1.3
1-2 дня,2026-08-07T22:45:57Z,2026-08-09T22:00:00Z,47.2,24.5,24.9,25.4,-0.4,0.4
1-2 дня,2026-08-07T23:19:23Z,2026-08-09T00:00:00Z,24.7,23.8,24.2,25.6,-0.4,0.4
1-2 дня,2026-08-07T23:19:23Z,2026-08-09T01:00:00Z,25.7,22.8,23.8,25.1,-1.0,1.0
1-2 дня,2026-08-07T23:19:23Z,2026-08-09T02:00:00Z,26.7,21.9,22.8,23.0,-0.9,0.9
1-2 дня,2026-08-07T23:19:23Z,2026-08-09T03:00:00Z,27.7,21.5,21.3,21.4,0.2,0.2
1-2 дня,2026-08-07T23:19:23Z,2026-08-09T04:00:00Z,28.7,21.5,20.7,21.2,0.8,0.8
1-2 дня,2026-08-07T23:19:23Z,2026-08-09T05:00:00Z,29.7,22.0,21.8,21.7,0.2,0.2
1-2 дня,2026-08-07T23:19:23Z,2026-08-09T06:00:00Z,30.7,22.9,23.2,22.6,-0.3,0.3
1-2 дня,2026-08-07T23:19:23Z,2026-08-09T07:00:00Z,31.7,24.6,24.7,24.4,-0.1,0.1
1-2 дня,2026-08-07T23:19:23Z,2026-08-09T08:00:00Z,32.7,26.6,27.1,25.6,-0.5,0.5
1-2 дня,2026-08-07T23:19:23Z,2026-08-09T09:00:00Z,33.7,28.4,28.8,28.1,-0.4,0.4
1-2 дня,2026-08-07T23:19:23Z,2026-08-09T10:00:00Z,34.7,29.5,30.1,29.7,-0.6,0.6
1-2 дня,2026-08-07T23:19:23Z,2026-08-09T11:00:00Z,35.7,30.4,30.8,30.9,-0.4,0.4
1-2 дня,2026-08-07T23:19:23Z,2026-08-09T12:00:00Z,36.7,31.0,32.4,31.4,-1.4,1.4
1-2 дня,2026-08-07T23:19:23Z,2026-08-09T13:00:00Z,37.7,31.4,32.7,32.0,-1.3,1.3
1-2 дня,2026-08-07T23:19:23Z,2026-08-09T14:00:00Z,38.7,31.5,33.2,31.3,-1.7,1.7
1-2 дня,2026-08-07T23:19:23Z,2026-08-09T15:00:00Z,39.7,31.3,33.1,32.0,-1.8,1.8
1-2 дня,2026-08-07T23:19:23Z,2026-08-09T16:00:00Z,40.7,30.4,32.2,31.3,-1.8,1.8
1-2 дня,2026-08-07T23:19:23Z,2026-08-09T17:00:00Z,41.7,29.2,30.8,30.0,-1.6,1.6
1-2 дня,2026-08-07T23:19:23Z,2026-08-09T18:00:00Z,42.7,28.0,29.7,29.2,-1.7,1.7
1-2 дня,2026-08-07T23:19:23Z,2026-08-09T19:00:00Z,43.7,27.1,28.3,28.4,-1.2,1.2
1-2 дня,2026-08-07T23:19:23Z,2026-08-09T20:00:00Z,44.7,26.2,27.3,27.6,-1.1,1.1
1-2 дня,2026-08-07T23:19:23Z,2026-08-09T21:00:00Z,45.7,25.3,26.6,26.6,-1.3,1.3
1-2 дня,2026-08-07T23:19:23Z,2026-08-09T22:00:00Z,46.7,24.5,24.9,25.4,-0.4,0.4
1-2 дня,2026-08-07T23:19:23Z,2026-08-09T23:00:00Z,47.7,23.8,24.0,24.9,-0.2,0.2
1-2 дня,2026-08-08T04:50:53Z,2026-08-09T05:00:00Z,24.2,21.3,21.8,21.7,-0.5,0.5
1-2 дня,2026-08-08T04:50:53Z,2026-08-09T06:00:00Z,25.2,22.4,23.2,22.6,-0.8,0.8
1-2 дня,2026-08-08T04:50:53Z,2026-08-09T07:00:00Z,26.2,23.9,24.7,24.4,-0.8,0.8
1-2 дня,2026-08-08T04:50:53Z,2026-08-09T08:00:00Z,27.2,25.8,27.1,25.6,-1.3,1.3
1-2 дня,2026-08-08T04:50:53Z,2026-08-09T09:00:00Z,28.2,27.5,28.8,28.1,-1.3,1.3
1-2 дня,2026-08-08T04:50:53Z,2026-08-09T10:00:00Z,29.2,28.8,30.1,29.7,-1.3,1.3
1-2 дня,2026-08-08T04:50:53Z,2026-08-09T11:00:00Z,30.2,29.9,30.8,30.9,-0.9,0.9
1-2 дня,2026-08-08T04:50:53Z,2026-08-09T12:00:00Z,31.2,30.7,32.4,31.4,-1.7,1.7
1-2 дня,2026-08-08T04:50:53Z,2026-08-09T13:00:00Z,32.2,31.2,32.7,32.0,-1.5,1.5
1-2 дня,2026-08-08T04:50:53Z,2026-08-09T14:00:00Z,33.2,31.4,33.2,31.3,-1.8,1.8
1-2 дня,2026-08-08T04:50:53Z,2026-08-09T15:00:00Z,34.2,31.1,33.1,32.0,-2.0,2.0
1-2 дня,2026-08-08T04:50:53Z,2026-08-09T16:00:00Z,35.2,30.1,32.2,31.3,-2.1,2.1
1-2 дня,2026-08-08T04:50:53Z,2026-08-09T17:00:00Z,36.2,28.7,30.8,30.0,-2.1,2.1
1-2 дня,2026-08-08T04:50:53Z,2026-08-09T18:00:00Z,37.2,27.3,29.7,29.2,-2.4,2.4
1-2 дня,2026-08-08T04:50:53Z,2026-08-09T19:00:00Z,38.2,26.3,28.3,28.4,-2.0,2.0
1-2 дня,2026-08-08T04:50:53Z,2026-08-09T20:00:00Z,39.2,25.4,27.3,27.6,-1.9,1.9
1-2 дня,2026-08-08T04:50:53Z,2026-08-09T21:00:00Z,40.2,24.6,26.6,26.6,-2.0,2.0
1-2 дня,2026-08-08T04:50:53Z,2026-08-09T22:00:00Z,41.2,24.2,24.9,25.4,-0.7,0.7
1-2 дня,2026-08-08T04:50:53Z,2026-08-09T23:00:00Z,42.2,23.8,24.0,24.9,-0.2,0.2
1-2 дня,2026-08-08T04:50:53Z,2026-08-10T00:00:00Z,43.2,23.5,23.3,24.2,0.2,0.2
1-2 дня,2026-08-08T04:50:53Z,2026-08-10T01:00:00Z,44.2,22.7,22.9,23.8,-0.2,0.2
1-2 дня,2026-08-08T04:50:53Z,2026-08-10T02:00:00Z,45.2,21.9,23.1,22.8,-1.2,1.2
1-2 дня,2026-08-08T04:50:53Z,2026-08-10T03:00:00Z,46.2,21.7,22.6,21.3,-0.9,0.9
1-2 дня,2026-08-08T04:50:53Z,2026-08-10T04:00:00Z,47.2,22.6,21.3,20.7,1.3,1.3
1-2 дня,2026-08-08T10:18:13Z,2026-08-09T11:00:00Z,24.7,29.4,30.8,30.9,-1.4,1.4
1-2 дня,2026-08-08T10:18:13Z,2026-08-09T12:00:00Z,25.7,30.1,32.4,31.4,-2.3,2.3
1-2 дня,2026-08-08T10:18:13Z,2026-08-09T13:00:00Z,26.7,30.6,32.7,32.0,-2.1,2.1
1-2 дня,2026-08-08T10:18:13Z,2026-08-09T14:00:00Z,27.7,30.7,33.2,31.3,-2.5,2.5
1-2 дня,2026-08-08T10:18:13Z,2026-08-09T15:00:00Z,28.7,30.4,33.1,32.0,-2.7,2.7
1-2 дня,2026-08-08T10:18:13Z,2026-08-09T16:00:00Z,29.7,29.3,32.2,31.3,-2.9,2.9
1-2 дня,2026-08-08T10:18:13Z,2026-08-09T17:00:00Z,30.7,27.7,30.8,30.0,-3.1,3.1
1-2 дня,2026-08-08T10:18:13Z,2026-08-09T18:00:00Z,31.7,26.4,29.7,29.2,-3.3,3.3
1-2 дня,2026-08-08T10:18:13Z,2026-08-09T19:00:00Z,32.7,25.5,28.3,28.4,-2.8,2.8
1-2 дня,2026-08-08T10:18:13Z,2026-08-09T20:00:00Z,33.7,24.9,27.3,27.6,-2.4,2.4
1-2 дня,2026-08-08T10:18:13Z,2026-08-09T21:00:00Z,34.7,24.3,26.6,26.6,-2.3,2.3
1-2 дня,2026-08-08T10:18:13Z,2026-08-09T22:00:00Z,35.7,23.9,24.9,25.4,-1.0,1.0
1-2 дня,2026-08-08T10:18:13Z,2026-08-09T23:00:00Z,36.7,23.5,24.0,24.9,-0.5,0.5
1-2 дня,2026-08-08T10:18:13Z,2026-08-10T00:00:00Z,37.7,23.1,23.3,24.2,-0.2,0.2
1-2 дня,2026-08-08T10:18:13Z,2026-08-10T01:00:00Z,38.7,22.4,22.9,23.8,-0.5,0.5
1-2 дня,2026-08-08T10:18:13Z,2026-08-10T02:00:00Z,39.7,21.7,23.1,22.8,-1.4,1.4
1-2 дня,2026-08-08T10:18:13Z,2026-08-10T03:00:00Z,40.7,21.5,22.6,21.3,-1.1,1.1
1-2 дня,2026-08-08T10:18:13Z,2026-08-10T04:00:00Z,41.7,22.3,21.3,20.7,1.0,1.0
1-2 дня,2026-08-08T10:18:13Z,2026-08-10T05:00:00Z,42.7,23.7,24.9,21.8,-1.2,1.2
1-2 дня,2026-08-08T10:18:13Z,2026-08-10T06:00:00Z,43.7,25.2,26.2,23.2,-1.0,1.0
1-2 дня,2026-08-08T10:18:13Z,2026-08-10T07:00:00Z,44.7,26.7,28.3,24.7,-1.6,1.6
1-2 дня,2026-08-08T10:18:13Z,2026-08-10T08:00:00Z,45.7,28.4,30.6,27.1,-2.2,2.2
1-2 дня,2026-08-08T10:18:13Z,2026-08-10T09:00:00Z,46.7,29.8,32.5,28.8,-2.7,2.7
1-2 дня,2026-08-08T10:18:13Z,2026-08-10T10:00:00Z,47.7,30.6,32.7,30.1,-2.1,2.1
1-2 дня,2026-08-08T22:37:20Z,2026-08-09T23:00:00Z,24.4,23.0,24.0,24.9,-1.0,1.0
1-2 дня,2026-08-08T22:37:20Z,2026-08-10T00:00:00Z,25.4,22.6,23.3,24.2,-0.7,0.7
1-2 дня,2026-08-08T22:37:20Z,2026-08-10T01:00:00Z,26.4,22.1,22.9,23.8,-0.8,0.8
1-2 дня,2026-08-08T22:37:20Z,2026-08-10T02:00:00Z,27.4,21.7,23.1,22.8,-1.4,1.4
1-2 дня,2026-08-08T22:37:20Z,2026-08-10T03:00:00Z,28.4,21.8,22.6,21.3,-0.8,0.8
1-2 дня,2026-08-08T22:37:20Z,2026-08-10T04:00:00Z,29.4,22.6,21.3,20.7,1.3,1.3
1-2 дня,2026-08-08T22:37:20Z,2026-08-10T05:00:00Z,30.4,23.9,24.9,21.8,-1.0,1.0
1-2 дня,2026-08-08T22:37:20Z,2026-08-10T06:00:00Z,31.4,25.3,26.2,23.2,-0.9,0.9
1-2 дня,2026-08-08T22:37:20Z,2026-08-10T07:00:00Z,32.4,26.8,28.3,24.7,-1.5,1.5
1-2 дня,2026-08-08T22:37:20Z,2026-08-10T08:00:00Z,33.4,28.4,30.6,27.1,-2.2,2.2
1-2 дня,2026-08-08T22:37:20Z,2026-08-10T09:00:00Z,34.4,29.7,32.5,28.8,-2.8,2.8
1-2 дня,2026-08-08T22:37:20Z,2026-08-10T10:00:00Z,35.4,30.5,32.7,30.1,-2.2,2.2
1-2 дня,2026-08-08T22:37:20Z,2026-08-10T11:00:00Z,36.4,31.0,33.2,30.8,-2.2,2.2
1-2 дня,2026-08-08T22:37:20Z,2026-08-10T12:00:00Z,37.4,31.3,34.1,32.4,-2.8,2.8
1-2 дня,2026-08-08T22:37:20Z,2026-08-10T13:00:00Z,38.4,31.7,34.1,32.7,-2.4,2.4
1-2 дня,2026-08-08T22:37:20Z,2026-08-10T14:00:00Z,39.4,31.8,34.6,33.2,-2.8,2.8
1-2 дня,2026-08-08T22:37:20Z,2026-08-10T15:00:00Z,40.4,31.5,34.7,33.1,-3.2,3.2
1-2 дня,2026-08-08T22:37:20Z,2026-08-10T16:00:00Z,41.4,30.4,34.0,32.2,-3.6,3.6
1-2 дня,2026-08-08T22:37:20Z,2026-08-10T17:00:00Z,42.4,28.9,32.8,30.8,-3.9,3.9
1-2 дня,2026-08-08T22:37:20Z,2026-08-10T18:00:00Z,43.4,27.4,31.8,29.7,-4.4,4.4
1-2 дня,2026-08-08T22:37:20Z,2026-08-10T19:00:00Z,44.4,26.1,29.7,28.3,-3.6,3.6
1-2 дня,2026-08-08T22:37:20Z,2026-08-10T20:00:00Z,45.4,24.9,29.3,27.3,-4.4,4.4
1-2 дня,2026-08-08T22:37:20Z,2026-08-10T21:00:00Z,46.4,24.1,27.1,26.6,-3.0,3.0
1-2 дня,2026-08-08T22:37:20Z,2026-08-10T22:00:00Z,47.4,24.0,26.6,24.9,-2.6,2.6
1-2 дня,2026-08-09T04:59:03Z,2026-08-10T05:00:00Z,24.0,24.3,24.9,21.8,-0.6,0.6
1-2 дня,2026-08-09T04:59:03Z,2026-08-10T06:00:00Z,25.0,25.7,26.2,23.2,-0.5,0.5
1-2 дня,2026-08-09T04:59:03Z,2026-08-10T07:00:00Z,26.0,27.3,28.3,24.7,-1.0,1.0
1-2 дня,2026-08-09T04:59:03Z,2026-08-10T08:00:00Z,27.0,28.9,30.6,27.1,-1.7,1.7
1-2 дня,2026-08-09T04:59:03Z,2026-08-10T09:00:00Z,28.0,30.2,32.5,28.8,-2.3,2.3
1-2 дня,2026-08-09T04:59:03Z,2026-08-10T10:00:00Z,29.0,31.0,32.7,30.1,-1.7,1.7
1-2 дня,2026-08-09T04:59:03Z,2026-08-10T11:00:00Z,30.0,31.5,33.2,30.8,-1.7,1.7
1-2 дня,2026-08-09T04:59:03Z,2026-08-10T12:00:00Z,31.0,31.9,34.1,32.4,-2.2,2.2
1-2 дня,2026-08-09T04:59:03Z,2026-08-10T13:00:00Z,32.0,32.2,34.1,32.7,-1.9,1.9
1-2 дня,2026-08-09T04:59:03Z,2026-08-10T14:00:00Z,33.0,32.3,34.6,33.2,-2.3,2.3
1-2 дня,2026-08-09T04:59:03Z,2026-08-10T15:00:00Z,34.0,32.0,34.7,33.1,-2.7,2.7
1-2 дня,2026-08-09T04:59:03Z,2026-08-10T16:00:00Z,35.0,31.0,34.0,32.2,-3.0,3.0
1-2 дня,2026-08-09T04:59:03Z,2026-08-10T17:00:00Z,36.0,29.6,32.8,30.8,-3.2,3.2
1-2 дня,2026-08-09T04:59:03Z,2026-08-10T18:00:00Z,37.0,28.2,31.8,29.7,-3.6,3.6
1-2 дня,2026-08-09T04:59:03Z,2026-08-10T19:00:00Z,38.0,26.9,29.7,28.3,-2.8,2.8
1-2 дня,2026-08-09T04:59:03Z,2026-08-10T20:00:00Z,39.0,25.6,29.3,27.3,-3.7,3.7
1-2 дня,2026-08-09T04:59:03Z,2026-08-10T21:00:00Z,40.0,24.6,27.1,26.6,-2.5,2.5
1-2 дня,2026-08-09T04:59:03Z,2026-08-10T22:00:00Z,41.0,24.4,26.6,24.9,-2.2,2.2
1-2 дня,2026-08-09T04:59:03Z,2026-08-10T23:00:00Z,42.0,24.5,26.2,24.0,-1.7,1.7
1-2 дня,2026-08-09T04:59:03Z,2026-08-11T00:00:00Z,43.0,24.5,25.5,23.3,-1.0,1.0
1-2 дня,2026-08-09T04:59:03Z,2026-08-11T01:00:00Z,44.0,23.9,23.9,22.9,0.0,0.0
1-2 дня,2026-08-09T04:59:03Z,2026-08-11T02:00:00Z,45.0,23.2,23.2,23.1,0.0,0.0
1-2 дня,2026-08-09T04:59:03Z,2026-08-11T03:00:00Z,46.0,23.1,22.4,22.6,0.7,0.7
1-2 дня,2026-08-09T04:59:03Z,2026-08-11T04:00:00Z,47.0,23.8,22.2,21.3,1.6,1.6
1-2 дня,2026-08-09T10:19:29Z,2026-08-10T11:00:00Z,24.7,30.9,33.2,30.8,-2.3,2.3
1-2 дня,2026-08-09T10:19:29Z,2026-08-10T12:00:00Z,25.7,31.2,34.1,32.4,-2.9,2.9
1-2 дня,2026-08-09T10:19:29Z,2026-08-10T13:00:00Z,26.7,31.6,34.1,32.7,-2.5,2.5
1-2 дня,2026-08-09T10:19:29Z,2026-08-10T14:00:00Z,27.7,31.7,34.6,33.2,-2.9,2.9
1-2 дня,2026-08-09T10:19:29Z,2026-08-10T15:00:00Z,28.7,31.4,34.7,33.1,-3.3,3.3
1-2 дня,2026-08-09T10:19:29Z,2026-08-10T16:00:00Z,29.7,30.4,34.0,32.2,-3.6,3.6
1-2 дня,2026-08-09T10:19:29Z,2026-08-10T17:00:00Z,30.7,28.9,32.8,30.8,-3.9,3.9
1-2 дня,2026-08-09T10:19:29Z,2026-08-10T18:00:00Z,31.7,27.5,31.8,29.7,-4.3,4.3
1-2 дня,2026-08-09T10:19:29Z,2026-08-10T19:00:00Z,32.7,26.3,29.7,28.3,-3.4,3.4
1-2 дня,2026-08-09T10:19:29Z,2026-08-10T20:00:00Z,33.7,25.0,29.3,27.3,-4.3,4.3
1-2 дня,2026-08-09T10:19:29Z,2026-08-10T21:00:00Z,34.7,24.2,27.1,26.6,-2.9,2.9
1-2 дня,2026-08-09T10:19:29Z,2026-08-10T22:00:00Z,35.7,23.9,26.6,24.9,-2.7,2.7
1-2 дня,2026-08-09T10:19:29Z,2026-08-10T23:00:00Z,36.7,24.0,26.2,24.0,-2.2,2.2
1-2 дня,2026-08-09T10:19:29Z,2026-08-11T00:00:00Z,37.7,24.0,25.5,23.3,-1.5,1.5
1-2 дня,2026-08-09T10:19:29Z,2026-08-11T01:00:00Z,38.7,23.5,23.9,22.9,-0.4,0.4
1-2 дня,2026-08-09T10:19:29Z,2026-08-11T02:00:00Z,39.7,22.8,23.2,23.1,-0.4,0.4
1-2 дня,2026-08-09T10:19:29Z,2026-08-11T03:00:00Z,40.7,22.7,22.4,22.6,0.3,0.3
1-2 дня,2026-08-09T10:19:29Z,2026-08-11T04:00:00Z,41.7,23.6,22.2,21.3,1.4,1.4
1-2 дня,2026-08-09T10:19:29Z,2026-08-11T05:00:00Z,42.7,24.9,24.5,24.9,0.4,0.4
1-2 дня,2026-08-09T10:19:29Z,2026-08-11T06:00:00Z,43.7,26.5,26.8,26.2,-0.3,0.3
1-2 дня,2026-08-09T10:19:29Z,2026-08-11T07:00:00Z,44.7,28.1,29.0,28.3,-0.9,0.9
1-2 дня,2026-08-09T10:19:29Z,2026-08-11T08:00:00Z,45.7,30.0,30.6,30.6,-0.6,0.6
1-2 дня,2026-08-09T10:19:29Z,2026-08-11T09:00:00Z,46.7,31.5,32.0,32.5,-0.5,0.5
1-2 дня,2026-08-09T10:19:29Z,2026-08-11T10:00:00Z,47.7,32.6,34.7,32.7,-2.1,2.1
1-2 дня,2026-08-09T12:41:38Z,2026-08-10T13:00:00Z,24.3,31.6,34.1,32.7,-2.5,2.5
1-2 дня,2026-08-09T12:41:38Z,2026-08-10T14:00:00Z,25.3,31.7,34.6,33.2,-2.9,2.9
1-2 дня,2026-08-09T12:41:38Z,2026-08-10T15:00:00Z,26.3,31.4,34.7,33.1,-3.3,3.3
1-2 дня,2026-08-09T12:41:38Z,2026-08-10T16:00:00Z,27.3,30.4,34.0,32.2,-3.6,3.6
1-2 дня,2026-08-09T12:41:38Z,2026-08-10T17:00:00Z,28.3,28.9,32.8,30.8,-3.9,3.9
1-2 дня,2026-08-09T12:41:38Z,2026-08-10T18:00:00Z,29.3,27.5,31.8,29.7,-4.3,4.3
1-2 дня,2026-08-09T12:41:38Z,2026-08-10T19:00:00Z,30.3,26.3,29.7,28.3,-3.4,3.4
1-2 дня,2026-08-09T12:41:38Z,2026-08-10T20:00:00Z,31.3,25.0,29.3,27.3,-4.3,4.3
1-2 дня,2026-08-09T12:41:38Z,2026-08-10T21:00:00Z,32.3,24.2,27.1,26.6,-2.9,2.9
1-2 дня,2026-08-09T12:41:38Z,2026-08-10T22:00:00Z,33.3,23.9,26.6,24.9,-2.7,2.7
1-2 дня,2026-08-09T12:41:38Z,2026-08-10T23:00:00Z,34.3,24.0,26.2,24.0,-2.2,2.2
1-2 дня,2026-08-09T12:41:38Z,2026-08-11T00:00:00Z,35.3,24.0,25.5,23.3,-1.5,1.5
1-2 дня,2026-08-09T12:41:38Z,2026-08-11T01:00:00Z,36.3,23.5,23.9,22.9,-0.4,0.4
1-2 дня,2026-08-09T12:41:38Z,2026-08-11T02:00:00Z,37.3,22.8,23.2,23.1,-0.4,0.4
1-2 дня,2026-08-09T12:41:38Z,2026-08-11T03:00:00Z,38.3,22.7,22.4,22.6,0.3,0.3
1-2 дня,2026-08-09T12:41:38Z,2026-08-11T04:00:00Z,39.3,23.6,22.2,21.3,1.4,1.4
1-2 дня,2026-08-09T12:41:38Z,2026-08-11T05:00:00Z,40.3,24.9,24.5,24.9,0.4,0.4
1-2 дня,2026-08-09T12:41:38Z,2026-08-11T06:00:00Z,41.3,26.5,26.8,26.2,-0.3,0.3
1-2 дня,2026-08-09T12:41:38Z,2026-08-11T07:00:00Z,42.3,28.1,29.0,28.3,-0.9,0.9
1-2 дня,2026-08-09T12:41:38Z,2026-08-11T08:00:00Z,43.3,30.0,30.6,30.6,-0.6,0.6
1-2 дня,2026-08-09T12:41:38Z,2026-08-11T09:00:00Z,44.3,31.5,32.0,32.5,-0.5,0.5
1-2 дня,2026-08-09T12:41:38Z,2026-08-11T10:00:00Z,45.3,32.6,34.7,32.7,-2.1,2.1
1-2 дня,2026-08-09T12:45:53Z,2026-08-10T13:00:00Z,24.2,31.6,34.1,32.7,-2.5,2.5
1-2 дня,2026-08-09T12:45:53Z,2026-08-10T14:00:00Z,25.2,31.7,34.6,33.2,-2.9,2.9
1-2 дня,2026-08-09T12:45:53Z,2026-08-10T15:00:00Z,26.2,31.4,34.7,33.1,-3.3,3.3
1-2 дня,2026-08-09T12:45:53Z,2026-08-10T16:00:00Z,27.2,30.4,34.0,32.2,-3.6,3.6
1-2 дня,2026-08-09T12:45:53Z,2026-08-10T17:00:00Z,28.2,28.9,32.8,30.8,-3.9,3.9
1-2 дня,2026-08-09T12:45:53Z,2026-08-10T18:00:00Z,29.2,27.5,31.8,29.7,-4.3,4.3
1-2 дня,2026-08-09T12:45:53Z,2026-08-10T19:00:00Z,30.2,26.3,29.7,28.3,-3.4,3.4
1-2 дня,2026-08-09T12:45:53Z,2026-08-10T20:00:00Z,31.2,25.0,29.3,27.3,-4.3,4.3
1-2 дня,2026-08-09T12:45:53Z,2026-08-10T21:00:00Z,32.2,24.2,27.1,26.6,-2.9,2.9
1-2 дня,2026-08-09T12:45:53Z,2026-08-10T22:00:00Z,33.2,23.9,26.6,24.9,-2.7,2.7
1-2 дня,2026-08-09T12:45:53Z,2026-08-10T23:00:00Z,34.2,24.0,26.2,24.0,-2.2,2.2
1-2 дня,2026-08-09T12:45:53Z,2026-08-11T00:00:00Z,35.2,24.0,25.5,23.3,-1.5,1.5
1-2 дня,2026-08-09T12:45:53Z,2026-08-11T01:00:00Z,36.2,23.5,23.9,22.9,-0.4,0.4
1-2 дня,2026-08-09T12:45:53Z,2026-08-11T02:00:00Z,37.2,22.8,23.2,23.1,-0.4,0.4
1-2 дня,2026-08-09T12:45:53Z,2026-08-11T03:00:00Z,38.2,22.7,22.4,22.6,0.3,0.3
1-2 дня,2026-08-09T12:45:53Z,2026-08-11T04:00:00Z,39.2,23.6,22.2,21.3,1.4,1.4
1-2 дня,2026-08-09T12:45:53Z,2026-08-11T05:00:00Z,40.2,24.9,24.5,24.9,0.4,0.4
1-2 дня,2026-08-09T12:45:53Z,2026-08-11T06:00:00Z,41.2,26.5,26.8,26.2,-0.3,0.3
1-2 дня,2026-08-09T12:45:53Z,2026-08-11T07:00:00Z,42.2,28.1,29.0,28.3,-0.9,0.9
1-2 дня,2026-08-09T12:45:53Z,2026-08-11T08:00:00Z,43.2,30.0,30.6,30.6,-0.6,0.6
1-2 дня,2026-08-09T12:45:53Z,2026-08-11T09:00:00Z,44.2,31.5,32.0,32.5,-0.5,0.5
1-2 дня,2026-08-09T12:45:53Z,2026-08-11T10:00:00Z,45.2,32.6,34.7,32.7,-2.1,2.1
1-2 дня,2026-08-09T12:48:15Z,2026-08-10T13:00:00Z,24.2,31.6,34.1,32.7,-2.5,2.5
1-2 дня,2026-08-09T12:48:15Z,2026-08-10T14:00:00Z,25.2,31.7,34.6,33.2,-2.9,2.9
1-2 дня,2026-08-09T12:48:15Z,2026-08-10T15:00:00Z,26.2,31.4,34.7,33.1,-3.3,3.3
1-2 дня,2026-08-09T12:48:15Z,2026-08-10T16:00:00Z,27.2,30.4,34.0,32.2,-3.6,3.6
1-2 дня,2026-08-09T12:48:15Z,2026-08-10T17:00:00Z,28.2,28.9,32.8,30.8,-3.9,3.9
1-2 дня,2026-08-09T12:48:15Z,2026-08-10T18:00:00Z,29.2,27.5,31.8,29.7,-4.3,4.3
1-2 дня,2026-08-09T12:48:15Z,2026-08-10T19:00:00Z,30.2,26.3,29.7,28.3,-3.4,3.4
1-2 дня,2026-08-09T12:48:15Z,2026-08-10T20:00:00Z,31.2,25.0,29.3,27.3,-4.3,4.3
1-2 дня,2026-08-09T12:48:15Z,2026-08-10T21:00:00Z,32.2,24.2,27.1,26.6,-2.9,2.9
1-2 дня,2026-08-09T12:48:15Z,2026-08-10T22:00:00Z,33.2,23.9,26.6,24.9,-2.7,2.7
1-2 дня,2026-08-09T12:48:15Z,2026-08-10T23:00:00Z,34.2,24.0,26.2,24.0,-2.2,2.2
1-2 дня,2026-08-09T12:48:15Z,2026-08-11T00:00:00Z,35.2,24.0,25.5,23.3,-1.5,1.5
1-2 дня,2026-08-09T12:48:15Z,2026-08-11T01:00:00Z,36.2,23.5,23.9,22.9,-0.4,0.4
1-2 дня,2026-08-09T12:48:15Z,2026-08-11T02:00:00Z,37.2,22.8,23.2,23.1,-0.4,0.4
1-2 дня,2026-08-09T12:48:15Z,2026-08-11T03:00:00Z,38.2,22.7,22.4,22.6,0.3,0.3
1-2 дня,2026-08-09T12:48:15Z,2026-08-11T04:00:00Z,39.2,23.6,22.2,21.3,1.4,1.4
1-2 дня,2026-08-09T12:48:15Z,2026-08-11T05:00:00Z,40.2,24.9,24.5,24.9,0.4,0.4
1-2 дня,2026-08-09T12:48:15Z,2026-08-11T06:00:00Z,41.2,26.5,26.8,26.2,-0.3,0.3
1-2 дня,2026-08-09T12:48:15Z,2026-08-11T07:00:00Z,42.2,28.1,29.0,28.3,-0.9,0.9
1-2 дня,2026-08-09T12:48:15Z,2026-08-11T08:00:00Z,43.2,30.0,30.6,30.6,-0.6,0.6
1-2 дня,2026-08-09T12:48:15Z,2026-08-11T09:00:00Z,44.2,31.5,32.0,32.5,-0.5,0.5
1-2 дня,2026-08-09T12:48:15Z,2026-08-11T10:00:00Z,45.2,32.6,34.7,32.7,-2.1,2.1
1-2 дня,2026-08-09T16:31:44Z,2026-08-10T17:00:00Z,24.5,28.6,32.8,30.8,-4.2,4.2
1-2 дня,2026-08-09T16:31:44Z,2026-08-10T18:00:00Z,25.5,27.2,31.8,29.7,-4.6,4.6
1-2 дня,2026-08-09T16:31:44Z,2026-08-10T19:00:00Z,26.5,25.9,29.7,28.3,-3.8,3.8
1-2 дня,2026-08-09T16:31:44Z,2026-08-10T20:00:00Z,27.5,24.8,29.3,27.3,-4.5,4.5
1-2 дня,2026-08-09T16:31:44Z,2026-08-10T21:00:00Z,28.5,24.0,27.1,26.6,-3.1,3.1
1-2 дня,2026-08-09T16:31:44Z,2026-08-10T22:00:00Z,29.5,23.8,26.6,24.9,-2.8,2.8
1-2 дня,2026-08-09T16:31:44Z,2026-08-10T23:00:00Z,30.5,24.0,26.2,24.0,-2.2,2.2
1-2 дня,2026-08-09T16:31:44Z,2026-08-11T00:00:00Z,31.5,24.0,25.5,23.3,-1.5,1.5
1-2 дня,2026-08-09T16:31:44Z,2026-08-11T01:00:00Z,32.5,23.5,23.9,22.9,-0.4,0.4
1-2 дня,2026-08-09T16:31:44Z,2026-08-11T02:00:00Z,33.5,22.9,23.2,23.1,-0.3,0.3
1-2 дня,2026-08-09T16:31:44Z,2026-08-11T03:00:00Z,34.5,22.8,22.4,22.6,0.4,0.4
1-2 дня,2026-08-09T16:31:44Z,2026-08-11T04:00:00Z,35.5,23.5,22.2,21.3,1.3,1.3
1-2 дня,2026-08-09T16:31:44Z,2026-08-11T05:00:00Z,36.5,24.8,24.5,24.9,0.3,0.3
1-2 дня,2026-08-09T16:31:44Z,2026-08-11T06:00:00Z,37.5,26.2,26.8,26.2,-0.6,0.6
1-2 дня,2026-08-09T16:31:44Z,2026-08-11T07:00:00Z,38.5,27.9,29.0,28.3,-1.1,1.1
1-2 дня,2026-08-09T16:31:44Z,2026-08-11T08:00:00Z,39.5,29.8,30.6,30.6,-0.8,0.8
1-2 дня,2026-08-09T16:31:44Z,2026-08-11T09:00:00Z,40.5,31.3,32.0,32.5,-0.7,0.7
1-2 дня,2026-08-09T16:31:44Z,2026-08-11T10:00:00Z,41.5,32.4,34.7,32.7,-2.3,2.3
1-2 дня,2026-08-09T22:39:09Z,2026-08-10T23:00:00Z,24.3,24.7,26.2,24.0,-1.5,1.5
1-2 дня,2026-08-09T22:39:09Z,2026-08-11T00:00:00Z,25.3,24.5,25.5,23.3,-1.0,1.0
1-2 дня,2026-08-09T22:39:09Z,2026-08-11T01:00:00Z,26.3,23.8,23.9,22.9,-0.1,0.1
1-2 дня,2026-08-09T22:39:09Z,2026-08-11T02:00:00Z,27.3,23.1,23.2,23.1,-0.1,0.1
1-2 дня,2026-08-09T22:39:09Z,2026-08-11T03:00:00Z,28.3,22.9,22.4,22.6,0.5,0.5
1-2 дня,2026-08-09T22:39:09Z,2026-08-11T04:00:00Z,29.3,23.5,22.2,21.3,1.3,1.3
1-2 дня,2026-08-09T22:39:09Z,2026-08-11T05:00:00Z,30.3,24.6,24.5,24.9,0.1,0.1
1-2 дня,2026-08-09T22:39:09Z,2026-08-11T06:00:00Z,31.3,26.0,26.8,26.2,-0.8,0.8
1-2 дня,2026-08-09T22:39:09Z,2026-08-11T07:00:00Z,32.3,27.9,29.0,28.3,-1.1,1.1
1-2 дня,2026-08-09T22:39:09Z,2026-08-11T08:00:00Z,33.3,30.1,30.6,30.6,-0.5,0.5
1-2 дня,2026-08-09T22:39:09Z,2026-08-11T09:00:00Z,34.3,31.9,32.0,32.5,-0.1,0.1
1-2 дня,2026-08-09T22:39:09Z,2026-08-11T10:00:00Z,35.3,33.0,34.7,32.7,-1.7,1.7
1-2 дня,2026-08-10T05:20:42Z,2026-08-11T06:00:00Z,24.7,26.2,26.8,26.2,-0.6,0.6
1-2 дня,2026-08-10T05:20:42Z,2026-08-11T07:00:00Z,25.7,28.1,29.0,28.3,-0.9,0.9
1-2 дня,2026-08-10T05:20:42Z,2026-08-11T08:00:00Z,26.7,30.5,30.6,30.6,-0.1,0.1
1-2 дня,2026-08-10T05:20:42Z,2026-08-11T09:00:00Z,27.7,32.3,32.0,32.5,0.3,0.3
1-2 дня,2026-08-10T05:20:42Z,2026-08-11T10:00:00Z,28.7,33.4,34.7,32.7,-1.3,1.3
2-3 дня,2026-08-06T09:50:07Z,2026-08-08T10:00:00Z,48.2,29.5,29.7,35.0,-0.2,0.2
2-3 дня,2026-08-06T09:50:07Z,2026-08-08T11:00:00Z,49.2,30.6,30.9,35.9,-0.3,0.3
2-3 дня,2026-08-06T09:50:07Z,2026-08-08T12:00:00Z,50.2,31.3,31.4,36.6,-0.1,0.1
2-3 дня,2026-08-06T09:50:07Z,2026-08-08T13:00:00Z,51.2,31.9,32.0,36.9,-0.1,0.1
2-3 дня,2026-08-06T09:50:07Z,2026-08-08T14:00:00Z,52.2,32.1,31.3,37.2,0.8,0.8
2-3 дня,2026-08-06T09:50:07Z,2026-08-08T15:00:00Z,53.2,32.0,32.0,36.4,0.0,0.0
2-3 дня,2026-08-06T09:50:07Z,2026-08-08T16:00:00Z,54.2,31.1,31.3,34.4,-0.2,0.2
2-3 дня,2026-08-06T09:50:07Z,2026-08-08T17:00:00Z,55.2,29.8,30.0,34.2,-0.2,0.2
2-3 дня,2026-08-06T09:50:07Z,2026-08-08T18:00:00Z,56.2,28.6,29.2,32.0,-0.6,0.6
2-3 дня,2026-08-06T09:50:07Z,2026-08-08T19:00:00Z,57.2,27.7,28.4,29.3,-0.7,0.7
2-3 дня,2026-08-06T09:50:07Z,2026-08-08T20:00:00Z,58.2,26.8,27.6,28.2,-0.8,0.8
2-3 дня,2026-08-06T09:50:07Z,2026-08-08T21:00:00Z,59.2,26.0,26.6,27.2,-0.6,0.6
2-3 дня,2026-08-06T09:50:07Z,2026-08-08T22:00:00Z,60.2,25.2,25.4,27.1,-0.2,0.2
2-3 дня,2026-08-06T09:50:07Z,2026-08-08T23:00:00Z,61.2,24.5,24.9,25.7,-0.4,0.4
2-3 дня,2026-08-06T09:50:07Z,2026-08-09T00:00:00Z,62.2,23.8,24.2,25.6,-0.4,0.4
2-3 дня,2026-08-06T09:50:07Z,2026-08-09T01:00:00Z,63.2,22.9,23.8,25.1,-0.9,0.9
2-3 дня,2026-08-06T09:50:07Z,2026-08-09T02:00:00Z,64.2,22.1,22.8,23.0,-0.7,0.7
2-3 дня,2026-08-06T09:50:07Z,2026-08-09T03:00:00Z,65.2,21.7,21.3,21.4,0.4,0.4
2-3 дня,2026-08-06T09:50:07Z,2026-08-09T04:00:00Z,66.2,21.9,20.7,21.2,1.2,1.2
2-3 дня,2026-08-06T09:50:07Z,2026-08-09T05:00:00Z,67.2,22.6,21.8,21.7,0.8,0.8
2-3 дня,2026-08-06T09:50:07Z,2026-08-09T06:00:00Z,68.2,23.6,23.2,22.6,0.4,0.4
2-3 дня,2026-08-06T09:50:07Z,2026-08-09T07:00:00Z,69.2,25.2,24.7,24.4,0.5,0.5
2-3 дня,2026-08-06T09:50:07Z,2026-08-09T08:00:00Z,70.2,27.2,27.1,25.6,0.1,0.1
2-3 дня,2026-08-06T09:50:07Z,2026-08-09T09:00:00Z,71.2,28.9,28.8,28.1,0.1,0.1
2-3 дня,2026-08-06T09:59:18Z,2026-08-08T10:00:00Z,48.0,29.5,29.7,35.0,-0.2,0.2
2-3 дня,2026-08-06T09:59:18Z,2026-08-08T11:00:00Z,49.0,30.6,30.9,35.9,-0.3,0.3
2-3 дня,2026-08-06T09:59:18Z,2026-08-08T12:00:00Z,50.0,31.3,31.4,36.6,-0.1,0.1
2-3 дня,2026-08-06T09:59:18Z,2026-08-08T13:00:00Z,51.0,31.9,32.0,36.9,-0.1,0.1
2-3 дня,2026-08-06T09:59:18Z,2026-08-08T14:00:00Z,52.0,32.1,31.3,37.2,0.8,0.8
2-3 дня,2026-08-06T09:59:18Z,2026-08-08T15:00:00Z,53.0,32.0,32.0,36.4,0.0,0.0
2-3 дня,2026-08-06T09:59:18Z,2026-08-08T16:00:00Z,54.0,31.1,31.3,34.4,-0.2,0.2
2-3 дня,2026-08-06T09:59:18Z,2026-08-08T17:00:00Z,55.0,29.8,30.0,34.2,-0.2,0.2
2-3 дня,2026-08-06T09:59:18Z,2026-08-08T18:00:00Z,56.0,28.6,29.2,32.0,-0.6,0.6
2-3 дня,2026-08-06T09:59:18Z,2026-08-08T19:00:00Z,57.0,27.7,28.4,29.3,-0.7,0.7
2-3 дня,2026-08-06T09:59:18Z,2026-08-08T20:00:00Z,58.0,26.8,27.6,28.2,-0.8,0.8
2-3 дня,2026-08-06T09:59:18Z,2026-08-08T21:00:00Z,59.0,26.0,26.6,27.2,-0.6,0.6
2-3 дня,2026-08-06T09:59:18Z,2026-08-08T22:00:00Z,60.0,25.2,25.4,27.1,-0.2,0.2
2-3 дня,2026-08-06T09:59:18Z,2026-08-08T23:00:00Z,61.0,24.5,24.9,25.7,-0.4,0.4
2-3 дня,2026-08-06T09:59:18Z,2026-08-09T00:00:00Z,62.0,23.8,24.2,25.6,-0.4,0.4
2-3 дня,2026-08-06T09:59:18Z,2026-08-09T01:00:00Z,63.0,22.9,23.8,25.1,-0.9,0.9
2-3 дня,2026-08-06T09:59:18Z,2026-08-09T02:00:00Z,64.0,22.1,22.8,23.0,-0.7,0.7
2-3 дня,2026-08-06T09:59:18Z,2026-08-09T03:00:00Z,65.0,21.7,21.3,21.4,0.4,0.4
2-3 дня,2026-08-06T09:59:18Z,2026-08-09T04:00:00Z,66.0,21.9,20.7,21.2,1.2,1.2
2-3 дня,2026-08-06T09:59:18Z,2026-08-09T05:00:00Z,67.0,22.6,21.8,21.7,0.8,0.8
2-3 дня,2026-08-06T09:59:18Z,2026-08-09T06:00:00Z,68.0,23.6,23.2,22.6,0.4,0.4
2-3 дня,2026-08-06T09:59:18Z,2026-08-09T07:00:00Z,69.0,25.2,24.7,24.4,0.5,0.5
2-3 дня,2026-08-06T09:59:18Z,2026-08-09T08:00:00Z,70.0,27.2,27.1,25.6,0.1,0.1
2-3 дня,2026-08-06T09:59:18Z,2026-08-09T09:00:00Z,71.0,28.9,28.8,28.1,0.1,0.1
2-3 дня,2026-08-06T10:08:26Z,2026-08-08T11:00:00Z,48.9,30.6,30.9,35.9,-0.3,0.3
2-3 дня,2026-08-06T10:08:26Z,2026-08-08T12:00:00Z,49.9,31.3,31.4,36.6,-0.1,0.1
2-3 дня,2026-08-06T10:08:26Z,2026-08-08T13:00:00Z,50.9,31.9,32.0,36.9,-0.1,0.1
2-3 дня,2026-08-06T10:08:26Z,2026-08-08T14:00:00Z,51.9,32.1,31.3,37.2,0.8,0.8
2-3 дня,2026-08-06T10:08:26Z,2026-08-08T15:00:00Z,52.9,32.0,32.0,36.4,0.0,0.0
2-3 дня,2026-08-06T10:08:26Z,2026-08-08T16:00:00Z,53.9,31.1,31.3,34.4,-0.2,0.2
2-3 дня,2026-08-06T10:08:26Z,2026-08-08T17:00:00Z,54.9,29.8,30.0,34.2,-0.2,0.2
2-3 дня,2026-08-06T10:08:26Z,2026-08-08T18:00:00Z,55.9,28.6,29.2,32.0,-0.6,0.6
2-3 дня,2026-08-06T10:08:26Z,2026-08-08T19:00:00Z,56.9,27.7,28.4,29.3,-0.7,0.7
2-3 дня,2026-08-06T10:08:26Z,2026-08-08T20:00:00Z,57.9,26.8,27.6,28.2,-0.8,0.8
2-3 дня,2026-08-06T10:08:26Z,2026-08-08T21:00:00Z,58.9,26.0,26.6,27.2,-0.6,0.6
2-3 дня,2026-08-06T10:08:26Z,2026-08-08T22:00:00Z,59.9,25.2,25.4,27.1,-0.2,0.2
2-3 дня,2026-08-06T10:08:26Z,2026-08-08T23:00:00Z,60.9,24.5,24.9,25.7,-0.4,0.4
2-3 дня,2026-08-06T10:08:26Z,2026-08-09T00:00:00Z,61.9,23.8,24.2,25.6,-0.4,0.4
2-3 дня,2026-08-06T10:08:26Z,2026-08-09T01:00:00Z,62.9,22.9,23.8,25.1,-0.9,0.9
2-3 дня,2026-08-06T10:08:26Z,2026-08-09T02:00:00Z,63.9,22.1,22.8,23.0,-0.7,0.7
2-3 дня,2026-08-06T10:08:26Z,2026-08-09T03:00:00Z,64.9,21.7,21.3,21.4,0.4,0.4
2-3 дня,2026-08-06T10:08:26Z,2026-08-09T04:00:00Z,65.9,21.9,20.7,21.2,1.2,1.2
2-3 дня,2026-08-06T10:08:26Z,2026-08-09T05:00:00Z,66.9,22.6,21.8,21.7,0.8,0.8
2-3 дня,2026-08-06T10:08:26Z,2026-08-09T06:00:00Z,67.9,23.6,23.2,22.6,0.4,0.4
2-3 дня,2026-08-06T10:08:26Z,2026-08-09T07:00:00Z,68.9,25.2,24.7,24.4,0.5,0.5
2-3 дня,2026-08-06T10:08:26Z,2026-08-09T08:00:00Z,69.9,27.2,27.1,25.6,0.1,0.1
2-3 дня,2026-08-06T10:08:26Z,2026-08-09T09:00:00Z,70.9,28.9,28.8,28.1,0.1,0.1
2-3 дня,2026-08-06T10:08:26Z,2026-08-09T10:00:00Z,71.9,30.1,30.1,29.7,0.0,0.0
2-3 дня,2026-08-06T10:47:54Z,2026-08-08T11:00:00Z,48.2,30.6,30.9,35.9,-0.3,0.3
2-3 дня,2026-08-06T10:47:54Z,2026-08-08T12:00:00Z,49.2,31.3,31.4,36.6,-0.1,0.1
2-3 дня,2026-08-06T10:47:54Z,2026-08-08T13:00:00Z,50.2,31.9,32.0,36.9,-0.1,0.1
2-3 дня,2026-08-06T10:47:54Z,2026-08-08T14:00:00Z,51.2,32.1,31.3,37.2,0.8,0.8
2-3 дня,2026-08-06T10:47:54Z,2026-08-08T15:00:00Z,52.2,32.0,32.0,36.4,0.0,0.0
2-3 дня,2026-08-06T10:47:54Z,2026-08-08T16:00:00Z,53.2,31.1,31.3,34.4,-0.2,0.2
2-3 дня,2026-08-06T10:47:54Z,2026-08-08T17:00:00Z,54.2,29.8,30.0,34.2,-0.2,0.2
2-3 дня,2026-08-06T10:47:54Z,2026-08-08T18:00:00Z,55.2,28.6,29.2,32.0,-0.6,0.6
2-3 дня,2026-08-06T10:47:54Z,2026-08-08T19:00:00Z,56.2,27.7,28.4,29.3,-0.7,0.7
2-3 дня,2026-08-06T10:47:54Z,2026-08-08T20:00:00Z,57.2,26.8,27.6,28.2,-0.8,0.8
2-3 дня,2026-08-06T10:47:54Z,2026-08-08T21:00:00Z,58.2,26.0,26.6,27.2,-0.6,0.6
2-3 дня,2026-08-06T10:47:54Z,2026-08-08T22:00:00Z,59.2,25.2,25.4,27.1,-0.2,0.2
2-3 дня,2026-08-06T10:47:54Z,2026-08-08T23:00:00Z,60.2,24.5,24.9,25.7,-0.4,0.4
2-3 дня,2026-08-06T10:47:54Z,2026-08-09T00:00:00Z,61.2,23.8,24.2,25.6,-0.4,0.4
2-3 дня,2026-08-06T10:47:54Z,2026-08-09T01:00:00Z,62.2,22.9,23.8,25.1,-0.9,0.9
2-3 дня,2026-08-06T10:47:54Z,2026-08-09T02:00:00Z,63.2,22.1,22.8,23.0,-0.7,0.7
2-3 дня,2026-08-06T10:47:54Z,2026-08-09T03:00:00Z,64.2,21.7,21.3,21.4,0.4,0.4
2-3 дня,2026-08-06T10:47:54Z,2026-08-09T04:00:00Z,65.2,21.9,20.7,21.2,1.2,1.2
2-3 дня,2026-08-06T10:47:54Z,2026-08-09T05:00:00Z,66.2,22.6,21.8,21.7,0.8,0.8
2-3 дня,2026-08-06T10:47:54Z,2026-08-09T06:00:00Z,67.2,23.6,23.2,22.6,0.4,0.4
2-3 дня,2026-08-06T10:47:54Z,2026-08-09T07:00:00Z,68.2,25.2,24.7,24.4,0.5,0.5
2-3 дня,2026-08-06T10:47:54Z,2026-08-09T08:00:00Z,69.2,27.2,27.1,25.6,0.1,0.1
2-3 дня,2026-08-06T10:47:54Z,2026-08-09T09:00:00Z,70.2,28.9,28.8,28.1,0.1,0.1
2-3 дня,2026-08-06T10:47:54Z,2026-08-09T10:00:00Z,71.2,30.1,30.1,29.7,0.0,0.0
2-3 дня,2026-08-06T11:30:42Z,2026-08-08T12:00:00Z,48.5,31.3,31.4,36.6,-0.1,0.1
2-3 дня,2026-08-06T11:30:42Z,2026-08-08T13:00:00Z,49.5,31.9,32.0,36.9,-0.1,0.1
2-3 дня,2026-08-06T11:30:42Z,2026-08-08T14:00:00Z,50.5,32.1,31.3,37.2,0.8,0.8
2-3 дня,2026-08-06T11:30:42Z,2026-08-08T15:00:00Z,51.5,32.0,32.0,36.4,0.0,0.0
2-3 дня,2026-08-06T11:30:42Z,2026-08-08T16:00:00Z,52.5,31.1,31.3,34.4,-0.2,0.2
2-3 дня,2026-08-06T11:30:42Z,2026-08-08T17:00:00Z,53.5,29.8,30.0,34.2,-0.2,0.2
2-3 дня,2026-08-06T11:30:42Z,2026-08-08T18:00:00Z,54.5,28.6,29.2,32.0,-0.6,0.6
2-3 дня,2026-08-06T11:30:42Z,2026-08-08T19:00:00Z,55.5,27.7,28.4,29.3,-0.7,0.7
2-3 дня,2026-08-06T11:30:42Z,2026-08-08T20:00:00Z,56.5,26.8,27.6,28.2,-0.8,0.8
2-3 дня,2026-08-06T11:30:42Z,2026-08-08T21:00:00Z,57.5,26.0,26.6,27.2,-0.6,0.6
2-3 дня,2026-08-06T11:30:42Z,2026-08-08T22:00:00Z,58.5,25.2,25.4,27.1,-0.2,0.2
2-3 дня,2026-08-06T11:30:42Z,2026-08-08T23:00:00Z,59.5,24.5,24.9,25.7,-0.4,0.4
2-3 дня,2026-08-06T11:30:42Z,2026-08-09T00:00:00Z,60.5,23.8,24.2,25.6,-0.4,0.4
2-3 дня,2026-08-06T11:30:42Z,2026-08-09T01:00:00Z,61.5,22.9,23.8,25.1,-0.9,0.9
2-3 дня,2026-08-06T11:30:42Z,2026-08-09T02:00:00Z,62.5,22.1,22.8,23.0,-0.7,0.7
2-3 дня,2026-08-06T11:30:42Z,2026-08-09T03:00:00Z,63.5,21.7,21.3,21.4,0.4,0.4
2-3 дня,2026-08-06T11:30:42Z,2026-08-09T04:00:00Z,64.5,21.9,20.7,21.2,1.2,1.2
2-3 дня,2026-08-06T11:30:42Z,2026-08-09T05:00:00Z,65.5,22.6,21.8,21.7,0.8,0.8
2-3 дня,2026-08-06T11:30:42Z,2026-08-09T06:00:00Z,66.5,23.6,23.2,22.6,0.4,0.4
2-3 дня,2026-08-06T11:30:42Z,2026-08-09T07:00:00Z,67.5,25.2,24.7,24.4,0.5,0.5
2-3 дня,2026-08-06T11:30:42Z,2026-08-09T08:00:00Z,68.5,27.2,27.1,25.6,0.1,0.1
2-3 дня,2026-08-06T11:30:42Z,2026-08-09T09:00:00Z,69.5,28.9,28.8,28.1,0.1,0.1
2-3 дня,2026-08-06T11:30:42Z,2026-08-09T10:00:00Z,70.5,30.1,30.1,29.7,0.0,0.0
2-3 дня,2026-08-06T11:30:42Z,2026-08-09T11:00:00Z,71.5,31.0,30.8,30.9,0.2,0.2
2-3 дня,2026-08-06T11:36:01Z,2026-08-08T12:00:00Z,48.4,31.3,31.4,36.6,-0.1,0.1
2-3 дня,2026-08-06T11:36:01Z,2026-08-08T13:00:00Z,49.4,31.9,32.0,36.9,-0.1,0.1
2-3 дня,2026-08-06T11:36:01Z,2026-08-08T14:00:00Z,50.4,32.1,31.3,37.2,0.8,0.8
2-3 дня,2026-08-06T11:36:01Z,2026-08-08T15:00:00Z,51.4,32.0,32.0,36.4,0.0,0.0
2-3 дня,2026-08-06T11:36:01Z,2026-08-08T16:00:00Z,52.4,31.1,31.3,34.4,-0.2,0.2
2-3 дня,2026-08-06T11:36:01Z,2026-08-08T17:00:00Z,53.4,29.8,30.0,34.2,-0.2,0.2
2-3 дня,2026-08-06T11:36:01Z,2026-08-08T18:00:00Z,54.4,28.6,29.2,32.0,-0.6,0.6
2-3 дня,2026-08-06T11:36:01Z,2026-08-08T19:00:00Z,55.4,27.7,28.4,29.3,-0.7,0.7
2-3 дня,2026-08-06T11:36:01Z,2026-08-08T20:00:00Z,56.4,26.8,27.6,28.2,-0.8,0.8
2-3 дня,2026-08-06T11:36:01Z,2026-08-08T21:00:00Z,57.4,26.0,26.6,27.2,-0.6,0.6
2-3 дня,2026-08-06T11:36:01Z,2026-08-08T22:00:00Z,58.4,25.2,25.4,27.1,-0.2,0.2
2-3 дня,2026-08-06T11:36:01Z,2026-08-08T23:00:00Z,59.4,24.5,24.9,25.7,-0.4,0.4
2-3 дня,2026-08-06T11:36:01Z,2026-08-09T00:00:00Z,60.4,23.8,24.2,25.6,-0.4,0.4
2-3 дня,2026-08-06T11:36:01Z,2026-08-09T01:00:00Z,61.4,22.9,23.8,25.1,-0.9,0.9
2-3 дня,2026-08-06T11:36:01Z,2026-08-09T02:00:00Z,62.4,22.1,22.8,23.0,-0.7,0.7
2-3 дня,2026-08-06T11:36:01Z,2026-08-09T03:00:00Z,63.4,21.7,21.3,21.4,0.4,0.4
2-3 дня,2026-08-06T11:36:01Z,2026-08-09T04:00:00Z,64.4,21.9,20.7,21.2,1.2,1.2
2-3 дня,2026-08-06T11:36:01Z,2026-08-09T05:00:00Z,65.4,22.6,21.8,21.7,0.8,0.8
2-3 дня,2026-08-06T11:36:01Z,2026-08-09T06:00:00Z,66.4,23.6,23.2,22.6,0.4,0.4
2-3 дня,2026-08-06T11:36:01Z,2026-08-09T07:00:00Z,67.4,25.2,24.7,24.4,0.5,0.5
2-3 дня,2026-08-06T11:36:01Z,2026-08-09T08:00:00Z,68.4,27.2,27.1,25.6,0.1,0.1
2-3 дня,2026-08-06T11:36:01Z,2026-08-09T09:00:00Z,69.4,28.9,28.8,28.1,0.1,0.1
2-3 дня,2026-08-06T11:36:01Z,2026-08-09T10:00:00Z,70.4,30.1,30.1,29.7,0.0,0.0
2-3 дня,2026-08-06T11:36:01Z,2026-08-09T11:00:00Z,71.4,31.0,30.8,30.9,0.2,0.2
2-3 дня,2026-08-06T11:44:08Z,2026-08-08T12:00:00Z,48.3,31.3,31.4,36.6,-0.1,0.1
2-3 дня,2026-08-06T11:44:08Z,2026-08-08T13:00:00Z,49.3,31.9,32.0,36.9,-0.1,0.1
2-3 дня,2026-08-06T11:44:08Z,2026-08-08T14:00:00Z,50.3,32.1,31.3,37.2,0.8,0.8
2-3 дня,2026-08-06T11:44:08Z,2026-08-08T15:00:00Z,51.3,32.0,32.0,36.4,0.0,0.0
2-3 дня,2026-08-06T11:44:08Z,2026-08-08T16:00:00Z,52.3,31.1,31.3,34.4,-0.2,0.2
2-3 дня,2026-08-06T11:44:08Z,2026-08-08T17:00:00Z,53.3,29.8,30.0,34.2,-0.2,0.2
2-3 дня,2026-08-06T11:44:08Z,2026-08-08T18:00:00Z,54.3,28.6,29.2,32.0,-0.6,0.6
2-3 дня,2026-08-06T11:44:08Z,2026-08-08T19:00:00Z,55.3,27.7,28.4,29.3,-0.7,0.7
2-3 дня,2026-08-06T11:44:08Z,2026-08-08T20:00:00Z,56.3,26.8,27.6,28.2,-0.8,0.8
2-3 дня,2026-08-06T11:44:08Z,2026-08-08T21:00:00Z,57.3,26.0,26.6,27.2,-0.6,0.6
2-3 дня,2026-08-06T11:44:08Z,2026-08-08T22:00:00Z,58.3,25.2,25.4,27.1,-0.2,0.2
2-3 дня,2026-08-06T11:44:08Z,2026-08-08T23:00:00Z,59.3,24.5,24.9,25.7,-0.4,0.4
2-3 дня,2026-08-06T11:44:08Z,2026-08-09T00:00:00Z,60.3,23.8,24.2,25.6,-0.4,0.4
2-3 дня,2026-08-06T11:44:08Z,2026-08-09T01:00:00Z,61.3,22.9,23.8,25.1,-0.9,0.9
2-3 дня,2026-08-06T11:44:08Z,2026-08-09T02:00:00Z,62.3,22.1,22.8,23.0,-0.7,0.7
2-3 дня,2026-08-06T11:44:08Z,2026-08-09T03:00:00Z,63.3,21.7,21.3,21.4,0.4,0.4
2-3 дня,2026-08-06T11:44:08Z,2026-08-09T04:00:00Z,64.3,21.9,20.7,21.2,1.2,1.2
2-3 дня,2026-08-06T11:44:08Z,2026-08-09T05:00:00Z,65.3,22.6,21.8,21.7,0.8,0.8
2-3 дня,2026-08-06T11:44:08Z,2026-08-09T06:00:00Z,66.3,23.6,23.2,22.6,0.4,0.4
2-3 дня,2026-08-06T11:44:08Z,2026-08-09T07:00:00Z,67.3,25.2,24.7,24.4,0.5,0.5
2-3 дня,2026-08-06T11:44:08Z,2026-08-09T08:00:00Z,68.3,27.2,27.1,25.6,0.1,0.1
2-3 дня,2026-08-06T11:44:08Z,2026-08-09T09:00:00Z,69.3,28.9,28.8,28.1,0.1,0.1
2-3 дня,2026-08-06T11:44:08Z,2026-08-09T10:00:00Z,70.3,30.1,30.1,29.7,0.0,0.0
2-3 дня,2026-08-06T11:44:08Z,2026-08-09T11:00:00Z,71.3,31.0,30.8,30.9,0.2,0.2
2-3 дня,2026-08-07T01:31:32Z,2026-08-09T02:00:00Z,48.5,22.4,22.8,23.0,-0.4,0.4
2-3 дня,2026-08-07T01:31:32Z,2026-08-09T03:00:00Z,49.5,22.0,21.3,21.4,0.7,0.7
2-3 дня,2026-08-07T01:31:32Z,2026-08-09T04:00:00Z,50.5,22.1,20.7,21.2,1.4,1.4
2-3 дня,2026-08-07T01:31:32Z,2026-08-09T05:00:00Z,51.5,22.7,21.8,21.7,0.9,0.9
2-3 дня,2026-08-07T01:31:32Z,2026-08-09T06:00:00Z,52.5,23.6,23.2,22.6,0.4,0.4
2-3 дня,2026-08-07T01:31:32Z,2026-08-09T07:00:00Z,53.5,25.2,24.7,24.4,0.5,0.5
2-3 дня,2026-08-07T01:31:32Z,2026-08-09T08:00:00Z,54.5,27.3,27.1,25.6,0.2,0.2
2-3 дня,2026-08-07T01:31:32Z,2026-08-09T09:00:00Z,55.5,29.0,28.8,28.1,0.2,0.2
2-3 дня,2026-08-07T01:31:32Z,2026-08-09T10:00:00Z,56.5,30.1,30.1,29.7,0.0,0.0
2-3 дня,2026-08-07T01:31:32Z,2026-08-09T11:00:00Z,57.5,30.9,30.8,30.9,0.1,0.1
2-3 дня,2026-08-07T01:31:32Z,2026-08-09T12:00:00Z,58.5,31.5,32.4,31.4,-0.9,0.9
2-3 дня,2026-08-07T01:31:32Z,2026-08-09T13:00:00Z,59.5,31.9,32.7,32.0,-0.8,0.8
2-3 дня,2026-08-07T01:31:32Z,2026-08-09T14:00:00Z,60.5,32.1,33.2,31.3,-1.1,1.1
2-3 дня,2026-08-07T01:31:32Z,2026-08-09T15:00:00Z,61.5,31.8,33.1,32.0,-1.3,1.3
2-3 дня,2026-08-07T01:31:32Z,2026-08-09T16:00:00Z,62.5,30.8,32.2,31.3,-1.4,1.4
2-3 дня,2026-08-07T01:31:32Z,2026-08-09T17:00:00Z,63.5,29.4,30.8,30.0,-1.4,1.4
2-3 дня,2026-08-07T01:31:32Z,2026-08-09T18:00:00Z,64.5,28.1,29.7,29.2,-1.6,1.6
2-3 дня,2026-08-07T01:31:32Z,2026-08-09T19:00:00Z,65.5,27.2,28.3,28.4,-1.1,1.1
2-3 дня,2026-08-07T01:31:32Z,2026-08-09T20:00:00Z,66.5,26.3,27.3,27.6,-1.0,1.0
2-3 дня,2026-08-07T01:31:32Z,2026-08-09T21:00:00Z,67.5,25.6,26.6,26.6,-1.0,1.0
2-3 дня,2026-08-07T01:31:32Z,2026-08-09T22:00:00Z,68.5,25.1,24.9,25.4,0.2,0.2
2-3 дня,2026-08-07T01:31:32Z,2026-08-09T23:00:00Z,69.5,24.7,24.0,24.9,0.7,0.7
2-3 дня,2026-08-07T01:31:32Z,2026-08-10T00:00:00Z,70.5,24.3,23.3,24.2,1.0,1.0
2-3 дня,2026-08-07T01:31:32Z,2026-08-10T01:00:00Z,71.5,23.4,22.9,23.8,0.5,0.5
2-3 дня,2026-08-07T05:36:00Z,2026-08-09T06:00:00Z,48.4,23.6,23.2,22.6,0.4,0.4
2-3 дня,2026-08-07T05:36:00Z,2026-08-09T07:00:00Z,49.4,25.2,24.7,24.4,0.5,0.5
2-3 дня,2026-08-07T05:36:00Z,2026-08-09T08:00:00Z,50.4,27.3,27.1,25.6,0.2,0.2
2-3 дня,2026-08-07T05:36:00Z,2026-08-09T09:00:00Z,51.4,29.0,28.8,28.1,0.2,0.2
2-3 дня,2026-08-07T05:36:00Z,2026-08-09T10:00:00Z,52.4,30.1,30.1,29.7,0.0,0.0
2-3 дня,2026-08-07T05:36:00Z,2026-08-09T11:00:00Z,53.4,30.9,30.8,30.9,0.1,0.1
2-3 дня,2026-08-07T05:36:00Z,2026-08-09T12:00:00Z,54.4,31.5,32.4,31.4,-0.9,0.9
2-3 дня,2026-08-07T05:36:00Z,2026-08-09T13:00:00Z,55.4,31.9,32.7,32.0,-0.8,0.8
2-3 дня,2026-08-07T05:36:00Z,2026-08-09T14:00:00Z,56.4,32.1,33.2,31.3,-1.1,1.1
2-3 дня,2026-08-07T05:36:00Z,2026-08-09T15:00:00Z,57.4,31.8,33.1,32.0,-1.3,1.3
2-3 дня,2026-08-07T05:36:00Z,2026-08-09T16:00:00Z,58.4,30.8,32.2,31.3,-1.4,1.4
2-3 дня,2026-08-07T05:36:00Z,2026-08-09T17:00:00Z,59.4,29.4,30.8,30.0,-1.4,1.4
2-3 дня,2026-08-07T05:36:00Z,2026-08-09T18:00:00Z,60.4,28.1,29.7,29.2,-1.6,1.6
2-3 дня,2026-08-07T05:36:00Z,2026-08-09T19:00:00Z,61.4,27.2,28.3,28.4,-1.1,1.1
2-3 дня,2026-08-07T05:36:00Z,2026-08-09T20:00:00Z,62.4,26.3,27.3,27.6,-1.0,1.0
2-3 дня,2026-08-07T05:36:00Z,2026-08-09T21:00:00Z,63.4,25.6,26.6,26.6,-1.0,1.0
2-3 дня,2026-08-07T05:36:00Z,2026-08-09T22:00:00Z,64.4,25.1,24.9,25.4,0.2,0.2
2-3 дня,2026-08-07T05:36:00Z,2026-08-09T23:00:00Z,65.4,24.7,24.0,24.9,0.7,0.7
2-3 дня,2026-08-07T05:36:00Z,2026-08-10T00:00:00Z,66.4,24.3,23.3,24.2,1.0,1.0
2-3 дня,2026-08-07T05:36:00Z,2026-08-10T01:00:00Z,67.4,23.4,22.9,23.8,0.5,0.5
2-3 дня,2026-08-07T05:36:00Z,2026-08-10T02:00:00Z,68.4,22.5,23.1,22.8,-0.6,0.6
2-3 дня,2026-08-07T05:36:00Z,2026-08-10T03:00:00Z,69.4,22.1,22.6,21.3,-0.5,0.5
2-3 дня,2026-08-07T05:36:00Z,2026-08-10T04:00:00Z,70.4,22.6,21.3,20.7,1.3,1.3
2-3 дня,2026-08-07T05:36:00Z,2026-08-10T05:00:00Z,71.4,23.7,24.9,21.8,-1.2,1.2
2-3 дня,2026-08-07T06:18:59Z,2026-08-09T07:00:00Z,48.7,25.2,24.7,24.4,0.5,0.5
2-3 дня,2026-08-07T06:18:59Z,2026-08-09T08:00:00Z,49.7,27.3,27.1,25.6,0.2,0.2
2-3 дня,2026-08-07T06:18:59Z,2026-08-09T09:00:00Z,50.7,29.0,28.8,28.1,0.2,0.2
2-3 дня,2026-08-07T06:18:59Z,2026-08-09T10:00:00Z,51.7,30.1,30.1,29.7,0.0,0.0
2-3 дня,2026-08-07T06:18:59Z,2026-08-09T11:00:00Z,52.7,30.9,30.8,30.9,0.1,0.1
2-3 дня,2026-08-07T06:18:59Z,2026-08-09T12:00:00Z,53.7,31.5,32.4,31.4,-0.9,0.9
2-3 дня,2026-08-07T06:18:59Z,2026-08-09T13:00:00Z,54.7,31.9,32.7,32.0,-0.8,0.8
2-3 дня,2026-08-07T06:18:59Z,2026-08-09T14:00:00Z,55.7,32.1,33.2,31.3,-1.1,1.1
2-3 дня,2026-08-07T06:18:59Z,2026-08-09T15:00:00Z,56.7,31.8,33.1,32.0,-1.3,1.3
2-3 дня,2026-08-07T06:18:59Z,2026-08-09T16:00:00Z,57.7,30.8,32.2,31.3,-1.4,1.4
2-3 дня,2026-08-07T06:18:59Z,2026-08-09T17:00:00Z,58.7,29.4,30.8,30.0,-1.4,1.4
2-3 дня,2026-08-07T06:18:59Z,2026-08-09T18:00:00Z,59.7,28.1,29.7,29.2,-1.6,1.6
2-3 дня,2026-08-07T06:18:59Z,2026-08-09T19:00:00Z,60.7,27.2,28.3,28.4,-1.1,1.1
2-3 дня,2026-08-07T06:18:59Z,2026-08-09T20:00:00Z,61.7,26.3,27.3,27.6,-1.0,1.0
2-3 дня,2026-08-07T06:18:59Z,2026-08-09T21:00:00Z,62.7,25.6,26.6,26.6,-1.0,1.0
2-3 дня,2026-08-07T06:18:59Z,2026-08-09T22:00:00Z,63.7,25.1,24.9,25.4,0.2,0.2
2-3 дня,2026-08-07T06:18:59Z,2026-08-09T23:00:00Z,64.7,24.7,24.0,24.9,0.7,0.7
2-3 дня,2026-08-07T06:18:59Z,2026-08-10T00:00:00Z,65.7,24.3,23.3,24.2,1.0,1.0
2-3 дня,2026-08-07T06:18:59Z,2026-08-10T01:00:00Z,66.7,23.4,22.9,23.8,0.5,0.5
2-3 дня,2026-08-07T06:18:59Z,2026-08-10T02:00:00Z,67.7,22.5,23.1,22.8,-0.6,0.6
2-3 дня,2026-08-07T06:18:59Z,2026-08-10T03:00:00Z,68.7,22.1,22.6,21.3,-0.5,0.5
2-3 дня,2026-08-07T06:18:59Z,2026-08-10T04:00:00Z,69.7,22.6,21.3,20.7,1.3,1.3
2-3 дня,2026-08-07T06:18:59Z,2026-08-10T05:00:00Z,70.7,23.7,24.9,21.8,-1.2,1.2
2-3 дня,2026-08-07T06:18:59Z,2026-08-10T06:00:00Z,71.7,25.1,26.2,23.2,-1.1,1.1
2-3 дня,2026-08-07T07:13:52Z,2026-08-09T08:00:00Z,48.8,27.3,27.1,25.6,0.2,0.2
2-3 дня,2026-08-07T07:13:52Z,2026-08-09T09:00:00Z,49.8,29.0,28.8,28.1,0.2,0.2
2-3 дня,2026-08-07T07:13:52Z,2026-08-09T10:00:00Z,50.8,30.1,30.1,29.7,0.0,0.0
2-3 дня,2026-08-07T07:13:52Z,2026-08-09T11:00:00Z,51.8,30.9,30.8,30.9,0.1,0.1
2-3 дня,2026-08-07T07:13:52Z,2026-08-09T12:00:00Z,52.8,31.5,32.4,31.4,-0.9,0.9
2-3 дня,2026-08-07T07:13:52Z,2026-08-09T13:00:00Z,53.8,31.9,32.7,32.0,-0.8,0.8
2-3 дня,2026-08-07T07:13:52Z,2026-08-09T14:00:00Z,54.8,32.1,33.2,31.3,-1.1,1.1
2-3 дня,2026-08-07T07:13:52Z,2026-08-09T15:00:00Z,55.8,31.8,33.1,32.0,-1.3,1.3
2-3 дня,2026-08-07T07:13:52Z,2026-08-09T16:00:00Z,56.8,30.8,32.2,31.3,-1.4,1.4
2-3 дня,2026-08-07T07:13:52Z,2026-08-09T17:00:00Z,57.8,29.4,30.8,30.0,-1.4,1.4
2-3 дня,2026-08-07T07:13:52Z,2026-08-09T18:00:00Z,58.8,28.1,29.7,29.2,-1.6,1.6
2-3 дня,2026-08-07T07:13:52Z,2026-08-09T19:00:00Z,59.8,27.2,28.3,28.4,-1.1,1.1
2-3 дня,2026-08-07T07:13:52Z,2026-08-09T20:00:00Z,60.8,26.3,27.3,27.6,-1.0,1.0
2-3 дня,2026-08-07T07:13:52Z,2026-08-09T21:00:00Z,61.8,25.6,26.6,26.6,-1.0,1.0
2-3 дня,2026-08-07T07:13:52Z,2026-08-09T22:00:00Z,62.8,25.1,24.9,25.4,0.2,0.2
2-3 дня,2026-08-07T07:13:52Z,2026-08-09T23:00:00Z,63.8,24.7,24.0,24.9,0.7,0.7
2-3 дня,2026-08-07T07:13:52Z,2026-08-10T00:00:00Z,64.8,24.3,23.3,24.2,1.0,1.0
2-3 дня,2026-08-07T07:13:52Z,2026-08-10T01:00:00Z,65.8,23.4,22.9,23.8,0.5,0.5
2-3 дня,2026-08-07T07:13:52Z,2026-08-10T02:00:00Z,66.8,22.5,23.1,22.8,-0.6,0.6
2-3 дня,2026-08-07T07:13:52Z,2026-08-10T03:00:00Z,67.8,22.1,22.6,21.3,-0.5,0.5
2-3 дня,2026-08-07T07:13:52Z,2026-08-10T04:00:00Z,68.8,22.6,21.3,20.7,1.3,1.3
2-3 дня,2026-08-07T07:13:52Z,2026-08-10T05:00:00Z,69.8,23.7,24.9,21.8,-1.2,1.2
2-3 дня,2026-08-07T07:13:52Z,2026-08-10T06:00:00Z,70.8,25.1,26.2,23.2,-1.1,1.1
2-3 дня,2026-08-07T07:13:52Z,2026-08-10T07:00:00Z,71.8,27.0,28.3,24.7,-1.3,1.3
2-3 дня,2026-08-07T10:39:14Z,2026-08-09T11:00:00Z,48.3,30.8,30.8,30.9,0.0,0.0
2-3 дня,2026-08-07T10:39:14Z,2026-08-09T12:00:00Z,49.3,31.5,32.4,31.4,-0.9,0.9
2-3 дня,2026-08-07T10:39:14Z,2026-08-09T13:00:00Z,50.3,31.9,32.7,32.0,-0.8,0.8
2-3 дня,2026-08-07T10:39:14Z,2026-08-09T14:00:00Z,51.3,32.0,33.2,31.3,-1.2,1.2
2-3 дня,2026-08-07T10:39:14Z,2026-08-09T15:00:00Z,52.3,31.6,33.1,32.0,-1.5,1.5
2-3 дня,2026-08-07T10:39:14Z,2026-08-09T16:00:00Z,53.3,30.6,32.2,31.3,-1.6,1.6
2-3 дня,2026-08-07T10:39:14Z,2026-08-09T17:00:00Z,54.3,29.1,30.8,30.0,-1.7,1.7
2-3 дня,2026-08-07T10:39:14Z,2026-08-09T18:00:00Z,55.3,27.8,29.7,29.2,-1.9,1.9
2-3 дня,2026-08-07T10:39:14Z,2026-08-09T19:00:00Z,56.3,26.9,28.3,28.4,-1.4,1.4
2-3 дня,2026-08-07T10:39:14Z,2026-08-09T20:00:00Z,57.3,26.2,27.3,27.6,-1.1,1.1
2-3 дня,2026-08-07T10:39:14Z,2026-08-09T21:00:00Z,58.3,25.5,26.6,26.6,-1.1,1.1
2-3 дня,2026-08-07T10:39:14Z,2026-08-09T22:00:00Z,59.3,24.8,24.9,25.4,-0.1,0.1
2-3 дня,2026-08-07T10:39:14Z,2026-08-09T23:00:00Z,60.3,24.2,24.0,24.9,0.2,0.2
2-3 дня,2026-08-07T10:39:14Z,2026-08-10T00:00:00Z,61.3,23.6,23.3,24.2,0.3,0.3
2-3 дня,2026-08-07T10:39:14Z,2026-08-10T01:00:00Z,62.3,22.8,22.9,23.8,-0.1,0.1
2-3 дня,2026-08-07T10:39:14Z,2026-08-10T02:00:00Z,63.3,21.9,23.1,22.8,-1.2,1.2
2-3 дня,2026-08-07T10:39:14Z,2026-08-10T03:00:00Z,64.3,21.6,22.6,21.3,-1.0,1.0
2-3 дня,2026-08-07T10:39:14Z,2026-08-10T04:00:00Z,65.3,22.0,21.3,20.7,0.7,0.7
2-3 дня,2026-08-07T10:39:14Z,2026-08-10T05:00:00Z,66.3,22.9,24.9,21.8,-2.0,2.0
2-3 дня,2026-08-07T10:39:14Z,2026-08-10T06:00:00Z,67.3,24.1,26.2,23.2,-2.1,2.1
2-3 дня,2026-08-07T10:39:14Z,2026-08-10T07:00:00Z,68.3,26.0,28.3,24.7,-2.3,2.3
2-3 дня,2026-08-07T10:39:14Z,2026-08-10T08:00:00Z,69.3,28.3,30.6,27.1,-2.3,2.3
2-3 дня,2026-08-07T10:39:14Z,2026-08-10T09:00:00Z,70.3,30.1,32.5,28.8,-2.4,2.4
2-3 дня,2026-08-07T10:39:14Z,2026-08-10T10:00:00Z,71.3,31.2,32.7,30.1,-1.5,1.5
2-3 дня,2026-08-07T16:51:54Z,2026-08-09T17:00:00Z,48.1,28.8,30.8,30.0,-2.0,2.0
2-3 дня,2026-08-07T16:51:54Z,2026-08-09T18:00:00Z,49.1,27.5,29.7,29.2,-2.2,2.2
2-3 дня,2026-08-07T16:51:54Z,2026-08-09T19:00:00Z,50.1,26.7,28.3,28.4,-1.6,1.6
2-3 дня,2026-08-07T16:51:54Z,2026-08-09T20:00:00Z,51.1,26.0,27.3,27.6,-1.3,1.3
2-3 дня,2026-08-07T16:51:54Z,2026-08-09T21:00:00Z,52.1,25.4,26.6,26.6,-1.2,1.2
2-3 дня,2026-08-07T16:51:54Z,2026-08-09T22:00:00Z,53.1,24.9,24.9,25.4,0.0,0.0
2-3 дня,2026-08-07T16:51:54Z,2026-08-09T23:00:00Z,54.1,24.5,24.0,24.9,0.5,0.5
2-3 дня,2026-08-07T16:51:54Z,2026-08-10T00:00:00Z,55.1,23.9,23.3,24.2,0.6,0.6
2-3 дня,2026-08-07T16:51:54Z,2026-08-10T01:00:00Z,56.1,22.9,22.9,23.8,0.0,0.0
2-3 дня,2026-08-07T16:51:54Z,2026-08-10T02:00:00Z,57.1,21.8,23.1,22.8,-1.3,1.3
2-3 дня,2026-08-07T16:51:54Z,2026-08-10T03:00:00Z,58.1,21.3,22.6,21.3,-1.3,1.3
2-3 дня,2026-08-07T16:51:54Z,2026-08-10T04:00:00Z,59.1,21.9,21.3,20.7,0.6,0.6
2-3 дня,2026-08-07T16:51:54Z,2026-08-10T05:00:00Z,60.1,23.0,24.9,21.8,-1.9,1.9
2-3 дня,2026-08-07T16:51:54Z,2026-08-10T06:00:00Z,61.1,24.5,26.2,23.2,-1.7,1.7
2-3 дня,2026-08-07T16:51:54Z,2026-08-10T07:00:00Z,62.1,26.3,28.3,24.7,-2.0,2.0
2-3 дня,2026-08-07T16:51:54Z,2026-08-10T08:00:00Z,63.1,28.4,30.6,27.1,-2.2,2.2
2-3 дня,2026-08-07T16:51:54Z,2026-08-10T09:00:00Z,64.1,30.1,32.5,28.8,-2.4,2.4
2-3 дня,2026-08-07T16:51:54Z,2026-08-10T10:00:00Z,65.1,31.1,32.7,30.1,-1.6,1.6
2-3 дня,2026-08-07T16:51:54Z,2026-08-10T11:00:00Z,66.1,31.6,33.2,30.8,-1.6,1.6
2-3 дня,2026-08-07T16:51:54Z,2026-08-10T12:00:00Z,67.1,32.0,34.1,32.4,-2.1,2.1
2-3 дня,2026-08-07T16:51:54Z,2026-08-10T13:00:00Z,68.1,32.3,34.1,32.7,-1.8,1.8
2-3 дня,2026-08-07T16:51:54Z,2026-08-10T14:00:00Z,69.1,32.6,34.6,33.2,-2.0,2.0
2-3 дня,2026-08-07T16:51:54Z,2026-08-10T15:00:00Z,70.1,32.3,34.7,33.1,-2.4,2.4
2-3 дня,2026-08-07T16:51:54Z,2026-08-10T16:00:00Z,71.1,31.2,34.0,32.2,-2.8,2.8
2-3 дня,2026-08-07T22:45:57Z,2026-08-09T23:00:00Z,48.2,23.8,24.0,24.9,-0.2,0.2
2-3 дня,2026-08-07T22:45:57Z,2026-08-10T00:00:00Z,49.2,23.2,23.3,24.2,-0.1,0.1
2-3 дня,2026-08-07T22:45:57Z,2026-08-10T01:00:00Z,50.2,22.6,22.9,23.8,-0.3,0.3
2-3 дня,2026-08-07T22:45:57Z,2026-08-10T02:00:00Z,51.2,22.1,23.1,22.8,-1.0,1.0
2-3 дня,2026-08-07T22:45:57Z,2026-08-10T03:00:00Z,52.2,22.1,22.6,21.3,-0.5,0.5
2-3 дня,2026-08-07T22:45:57Z,2026-08-10T04:00:00Z,53.2,23.0,21.3,20.7,1.7,1.7
2-3 дня,2026-08-07T22:45:57Z,2026-08-10T05:00:00Z,54.2,24.4,24.9,21.8,-0.5,0.5
2-3 дня,2026-08-07T22:45:57Z,2026-08-10T06:00:00Z,55.2,25.9,26.2,23.2,-0.3,0.3
2-3 дня,2026-08-07T22:45:57Z,2026-08-10T07:00:00Z,56.2,27.5,28.3,24.7,-0.8,0.8
2-3 дня,2026-08-07T22:45:57Z,2026-08-10T08:00:00Z,57.2,29.3,30.6,27.1,-1.3,1.3
2-3 дня,2026-08-07T22:45:57Z,2026-08-10T09:00:00Z,58.2,30.8,32.5,28.8,-1.7,1.7
2-3 дня,2026-08-07T22:45:57Z,2026-08-10T10:00:00Z,59.2,31.6,32.7,30.1,-1.1,1.1
2-3 дня,2026-08-07T22:45:57Z,2026-08-10T11:00:00Z,60.2,32.0,33.2,30.8,-1.2,1.2
2-3 дня,2026-08-07T22:45:57Z,2026-08-10T12:00:00Z,61.2,32.3,34.1,32.4,-1.8,1.8
2-3 дня,2026-08-07T22:45:57Z,2026-08-10T13:00:00Z,62.2,32.7,34.1,32.7,-1.4,1.4
2-3 дня,2026-08-07T22:45:57Z,2026-08-10T14:00:00Z,63.2,32.9,34.6,33.2,-1.7,1.7
2-3 дня,2026-08-07T22:45:57Z,2026-08-10T15:00:00Z,64.2,32.7,34.7,33.1,-2.0,2.0
2-3 дня,2026-08-07T22:45:57Z,2026-08-10T16:00:00Z,65.2,31.8,34.0,32.2,-2.2,2.2
2-3 дня,2026-08-07T22:45:57Z,2026-08-10T17:00:00Z,66.2,30.4,32.8,30.8,-2.4,2.4
2-3 дня,2026-08-07T22:45:57Z,2026-08-10T18:00:00Z,67.2,29.1,31.8,29.7,-2.7,2.7
2-3 дня,2026-08-07T22:45:57Z,2026-08-10T19:00:00Z,68.2,27.7,29.7,28.3,-2.0,2.0
2-3 дня,2026-08-07T22:45:57Z,2026-08-10T20:00:00Z,69.2,26.3,29.3,27.3,-3.0,3.0
2-3 дня,2026-08-07T22:45:57Z,2026-08-10T21:00:00Z,70.2,25.3,27.1,26.6,-1.8,1.8
2-3 дня,2026-08-07T22:45:57Z,2026-08-10T22:00:00Z,71.2,24.9,26.6,24.9,-1.7,1.7
2-3 дня,2026-08-07T23:19:23Z,2026-08-10T00:00:00Z,48.7,23.2,23.3,24.2,-0.1,0.1
2-3 дня,2026-08-07T23:19:23Z,2026-08-10T01:00:00Z,49.7,22.6,22.9,23.8,-0.3,0.3
2-3 дня,2026-08-07T23:19:23Z,2026-08-10T02:00:00Z,50.7,22.1,23.1,22.8,-1.0,1.0
2-3 дня,2026-08-07T23:19:23Z,2026-08-10T03:00:00Z,51.7,22.1,22.6,21.3,-0.5,0.5
2-3 дня,2026-08-07T23:19:23Z,2026-08-10T04:00:00Z,52.7,23.0,21.3,20.7,1.7,1.7
2-3 дня,2026-08-07T23:19:23Z,2026-08-10T05:00:00Z,53.7,24.4,24.9,21.8,-0.5,0.5
2-3 дня,2026-08-07T23:19:23Z,2026-08-10T06:00:00Z,54.7,25.9,26.2,23.2,-0.3,0.3
2-3 дня,2026-08-07T23:19:23Z,2026-08-10T07:00:00Z,55.7,27.5,28.3,24.7,-0.8,0.8
2-3 дня,2026-08-07T23:19:23Z,2026-08-10T08:00:00Z,56.7,29.3,30.6,27.1,-1.3,1.3
2-3 дня,2026-08-07T23:19:23Z,2026-08-10T09:00:00Z,57.7,30.8,32.5,28.8,-1.7,1.7
2-3 дня,2026-08-07T23:19:23Z,2026-08-10T10:00:00Z,58.7,31.6,32.7,30.1,-1.1,1.1
2-3 дня,2026-08-07T23:19:23Z,2026-08-10T11:00:00Z,59.7,32.0,33.2,30.8,-1.2,1.2
2-3 дня,2026-08-07T23:19:23Z,2026-08-10T12:00:00Z,60.7,32.3,34.1,32.4,-1.8,1.8
2-3 дня,2026-08-07T23:19:23Z,2026-08-10T13:00:00Z,61.7,32.7,34.1,32.7,-1.4,1.4
2-3 дня,2026-08-07T23:19:23Z,2026-08-10T14:00:00Z,62.7,32.9,34.6,33.2,-1.7,1.7
2-3 дня,2026-08-07T23:19:23Z,2026-08-10T15:00:00Z,63.7,32.7,34.7,33.1,-2.0,2.0
2-3 дня,2026-08-07T23:19:23Z,2026-08-10T16:00:00Z,64.7,31.8,34.0,32.2,-2.2,2.2
2-3 дня,2026-08-07T23:19:23Z,2026-08-10T17:00:00Z,65.7,30.4,32.8,30.8,-2.4,2.4
2-3 дня,2026-08-07T23:19:23Z,2026-08-10T18:00:00Z,66.7,29.1,31.8,29.7,-2.7,2.7
2-3 дня,2026-08-07T23:19:23Z,2026-08-10T19:00:00Z,67.7,27.7,29.7,28.3,-2.0,2.0
2-3 дня,2026-08-07T23:19:23Z,2026-08-10T20:00:00Z,68.7,26.3,29.3,27.3,-3.0,3.0
2-3 дня,2026-08-07T23:19:23Z,2026-08-10T21:00:00Z,69.7,25.3,27.1,26.6,-1.8,1.8
2-3 дня,2026-08-07T23:19:23Z,2026-08-10T22:00:00Z,70.7,24.9,26.6,24.9,-1.7,1.7
2-3 дня,2026-08-07T23:19:23Z,2026-08-10T23:00:00Z,71.7,24.8,26.2,24.0,-1.4,1.4
2-3 дня,2026-08-08T04:50:53Z,2026-08-10T05:00:00Z,48.2,24.1,24.9,21.8,-0.8,0.8
2-3 дня,2026-08-08T04:50:53Z,2026-08-10T06:00:00Z,49.2,25.7,26.2,23.2,-0.5,0.5
2-3 дня,2026-08-08T04:50:53Z,2026-08-10T07:00:00Z,50.2,27.3,28.3,24.7,-1.0,1.0
2-3 дня,2026-08-08T04:50:53Z,2026-08-10T08:00:00Z,51.2,29.0,30.6,27.1,-1.6,1.6
2-3 дня,2026-08-08T04:50:53Z,2026-08-10T09:00:00Z,52.2,30.3,32.5,28.8,-2.2,2.2
2-3 дня,2026-08-08T04:50:53Z,2026-08-10T10:00:00Z,53.2,31.2,32.7,30.1,-1.5,1.5
2-3 дня,2026-08-08T04:50:53Z,2026-08-10T11:00:00Z,54.2,31.7,33.2,30.8,-1.5,1.5
2-3 дня,2026-08-08T04:50:53Z,2026-08-10T12:00:00Z,55.2,32.0,34.1,32.4,-2.1,2.1
2-3 дня,2026-08-08T04:50:53Z,2026-08-10T13:00:00Z,56.2,32.4,34.1,32.7,-1.7,1.7
2-3 дня,2026-08-08T04:50:53Z,2026-08-10T14:00:00Z,57.2,32.6,34.6,33.2,-2.0,2.0
2-3 дня,2026-08-08T04:50:53Z,2026-08-10T15:00:00Z,58.2,32.3,34.7,33.1,-2.4,2.4
2-3 дня,2026-08-08T04:50:53Z,2026-08-10T16:00:00Z,59.2,31.2,34.0,32.2,-2.8,2.8
2-3 дня,2026-08-08T04:50:53Z,2026-08-10T17:00:00Z,60.2,29.7,32.8,30.8,-3.1,3.1
2-3 дня,2026-08-08T04:50:53Z,2026-08-10T18:00:00Z,61.2,28.2,31.8,29.7,-3.6,3.6
2-3 дня,2026-08-08T04:50:53Z,2026-08-10T19:00:00Z,62.2,26.8,29.7,28.3,-2.9,2.9
2-3 дня,2026-08-08T04:50:53Z,2026-08-10T20:00:00Z,63.2,25.3,29.3,27.3,-4.0,4.0
2-3 дня,2026-08-08T04:50:53Z,2026-08-10T21:00:00Z,64.2,24.3,27.1,26.6,-2.8,2.8
2-3 дня,2026-08-08T04:50:53Z,2026-08-10T22:00:00Z,65.2,24.2,26.6,24.9,-2.4,2.4
2-3 дня,2026-08-08T04:50:53Z,2026-08-10T23:00:00Z,66.2,24.6,26.2,24.0,-1.6,1.6
2-3 дня,2026-08-08T04:50:53Z,2026-08-11T00:00:00Z,67.2,24.8,25.5,23.3,-0.7,0.7
2-3 дня,2026-08-08T04:50:53Z,2026-08-11T01:00:00Z,68.2,24.2,23.9,22.9,0.3,0.3
2-3 дня,2026-08-08T04:50:53Z,2026-08-11T02:00:00Z,69.2,23.4,23.2,23.1,0.2,0.2
2-3 дня,2026-08-08T04:50:53Z,2026-08-11T03:00:00Z,70.2,23.2,22.4,22.6,0.8,0.8
2-3 дня,2026-08-08T04:50:53Z,2026-08-11T04:00:00Z,71.2,24.1,22.2,21.3,1.9,1.9
2-3 дня,2026-08-08T10:18:13Z,2026-08-10T11:00:00Z,48.7,31.1,33.2,30.8,-2.1,2.1
2-3 дня,2026-08-08T10:18:13Z,2026-08-10T12:00:00Z,49.7,31.5,34.1,32.4,-2.6,2.6
2-3 дня,2026-08-08T10:18:13Z,2026-08-10T13:00:00Z,50.7,31.8,34.1,32.7,-2.3,2.3
2-3 дня,2026-08-08T10:18:13Z,2026-08-10T14:00:00Z,51.7,32.1,34.6,33.2,-2.5,2.5
2-3 дня,2026-08-08T10:18:13Z,2026-08-10T15:00:00Z,52.7,31.8,34.7,33.1,-2.9,2.9
2-3 дня,2026-08-08T10:18:13Z,2026-08-10T16:00:00Z,53.7,30.7,34.0,32.2,-3.3,3.3
2-3 дня,2026-08-08T10:18:13Z,2026-08-10T17:00:00Z,54.7,29.1,32.8,30.8,-3.7,3.7
2-3 дня,2026-08-08T10:18:13Z,2026-08-10T18:00:00Z,55.7,27.6,31.8,29.7,-4.2,4.2
2-3 дня,2026-08-08T10:18:13Z,2026-08-10T19:00:00Z,56.7,26.3,29.7,28.3,-3.4,3.4
2-3 дня,2026-08-08T10:18:13Z,2026-08-10T20:00:00Z,57.7,25.2,29.3,27.3,-4.1,4.1
2-3 дня,2026-08-08T10:18:13Z,2026-08-10T21:00:00Z,58.7,24.3,27.1,26.6,-2.8,2.8
2-3 дня,2026-08-08T10:18:13Z,2026-08-10T22:00:00Z,59.7,23.9,26.6,24.9,-2.7,2.7
2-3 дня,2026-08-08T10:18:13Z,2026-08-10T23:00:00Z,60.7,23.8,26.2,24.0,-2.4,2.4
2-3 дня,2026-08-08T10:18:13Z,2026-08-11T00:00:00Z,61.7,23.7,25.5,23.3,-1.8,1.8
2-3 дня,2026-08-08T10:18:13Z,2026-08-11T01:00:00Z,62.7,23.2,23.9,22.9,-0.7,0.7
2-3 дня,2026-08-08T10:18:13Z,2026-08-11T02:00:00Z,63.7,22.7,23.2,23.1,-0.5,0.5
2-3 дня,2026-08-08T10:18:13Z,2026-08-11T03:00:00Z,64.7,22.7,22.4,22.6,0.3,0.3
2-3 дня,2026-08-08T10:18:13Z,2026-08-11T04:00:00Z,65.7,23.4,22.2,21.3,1.2,1.2
2-3 дня,2026-08-08T10:18:13Z,2026-08-11T05:00:00Z,66.7,24.6,24.5,24.9,0.1,0.1
2-3 дня,2026-08-08T10:18:13Z,2026-08-11T06:00:00Z,67.7,26.1,26.8,26.2,-0.7,0.7
2-3 дня,2026-08-08T10:18:13Z,2026-08-11T07:00:00Z,68.7,27.8,29.0,28.3,-1.2,1.2
2-3 дня,2026-08-08T10:18:13Z,2026-08-11T08:00:00Z,69.7,29.8,30.6,30.6,-0.8,0.8
2-3 дня,2026-08-08T10:18:13Z,2026-08-11T09:00:00Z,70.7,31.4,32.0,32.5,-0.6,0.6
2-3 дня,2026-08-08T10:18:13Z,2026-08-11T10:00:00Z,71.7,32.5,34.7,32.7,-2.2,2.2
2-3 дня,2026-08-08T22:37:20Z,2026-08-10T23:00:00Z,48.4,24.3,26.2,24.0,-1.9,1.9
2-3 дня,2026-08-08T22:37:20Z,2026-08-11T00:00:00Z,49.4,24.5,25.5,23.3,-1.0,1.0
2-3 дня,2026-08-08T22:37:20Z,2026-08-11T01:00:00Z,50.4,24.0,23.9,22.9,0.1,0.1
2-3 дня,2026-08-08T22:37:20Z,2026-08-11T02:00:00Z,51.4,23.3,23.2,23.1,0.1,0.1
2-3 дня,2026-08-08T22:37:20Z,2026-08-11T03:00:00Z,52.4,23.1,22.4,22.6,0.7,0.7
2-3 дня,2026-08-08T22:37:20Z,2026-08-11T04:00:00Z,53.4,23.8,22.2,21.3,1.6,1.6
2-3 дня,2026-08-08T22:37:20Z,2026-08-11T05:00:00Z,54.4,24.9,24.5,24.9,0.4,0.4
2-3 дня,2026-08-08T22:37:20Z,2026-08-11T06:00:00Z,55.4,26.3,26.8,26.2,-0.5,0.5
2-3 дня,2026-08-08T22:37:20Z,2026-08-11T07:00:00Z,56.4,27.9,29.0,28.3,-1.1,1.1
2-3 дня,2026-08-08T22:37:20Z,2026-08-11T08:00:00Z,57.4,29.8,30.6,30.6,-0.8,0.8
2-3 дня,2026-08-08T22:37:20Z,2026-08-11T09:00:00Z,58.4,31.3,32.0,32.5,-0.7,0.7
2-3 дня,2026-08-08T22:37:20Z,2026-08-11T10:00:00Z,59.4,32.3,34.7,32.7,-2.4,2.4
2-3 дня,2026-08-09T04:59:03Z,2026-08-11T05:00:00Z,48.0,25.1,24.5,24.9,0.6,0.6
2-3 дня,2026-08-09T04:59:03Z,2026-08-11T06:00:00Z,49.0,26.6,26.8,26.2,-0.2,0.2
2-3 дня,2026-08-09T04:59:03Z,2026-08-11T07:00:00Z,50.0,28.3,29.0,28.3,-0.7,0.7
2-3 дня,2026-08-09T04:59:03Z,2026-08-11T08:00:00Z,51.0,30.2,30.6,30.6,-0.4,0.4
2-3 дня,2026-08-09T04:59:03Z,2026-08-11T09:00:00Z,52.0,31.8,32.0,32.5,-0.2,0.2
2-3 дня,2026-08-09T04:59:03Z,2026-08-11T10:00:00Z,53.0,33.0,34.7,32.7,-1.7,1.7
3-5 дней,2026-08-06T09:50:07Z,2026-08-09T10:00:00Z,72.2,30.1,30.1,29.7,0.0,0.0
3-5 дней,2026-08-06T09:50:07Z,2026-08-09T11:00:00Z,73.2,31.0,30.8,30.9,0.2,0.2
3-5 дней,2026-08-06T09:50:07Z,2026-08-09T12:00:00Z,74.2,31.6,32.4,31.4,-0.8,0.8
3-5 дней,2026-08-06T09:50:07Z,2026-08-09T13:00:00Z,75.2,32.0,32.7,32.0,-0.7,0.7
3-5 дней,2026-08-06T09:50:07Z,2026-08-09T14:00:00Z,76.2,32.1,33.2,31.3,-1.1,1.1
3-5 дней,2026-08-06T09:50:07Z,2026-08-09T15:00:00Z,77.2,31.8,33.1,32.0,-1.3,1.3
3-5 дней,2026-08-06T09:50:07Z,2026-08-09T16:00:00Z,78.2,30.8,32.2,31.3,-1.4,1.4
3-5 дней,2026-08-06T09:50:07Z,2026-08-09T17:00:00Z,79.2,29.3,30.8,30.0,-1.5,1.5
3-5 дней,2026-08-06T09:50:07Z,2026-08-09T18:00:00Z,80.2,28.0,29.7,29.2,-1.7,1.7
3-5 дней,2026-08-06T09:50:07Z,2026-08-09T19:00:00Z,81.2,27.2,28.3,28.4,-1.1,1.1
3-5 дней,2026-08-06T09:50:07Z,2026-08-09T20:00:00Z,82.2,26.5,27.3,27.6,-0.8,0.8
3-5 дней,2026-08-06T09:50:07Z,2026-08-09T21:00:00Z,83.2,25.8,26.6,26.6,-0.8,0.8
3-5 дней,2026-08-06T09:50:07Z,2026-08-09T22:00:00Z,84.2,25.2,24.9,25.4,0.3,0.3
3-5 дней,2026-08-06T09:50:07Z,2026-08-09T23:00:00Z,85.2,24.7,24.0,24.9,0.7,0.7
3-5 дней,2026-08-06T09:50:07Z,2026-08-10T00:00:00Z,86.2,24.1,23.3,24.2,0.8,0.8
3-5 дней,2026-08-06T09:50:07Z,2026-08-10T01:00:00Z,87.2,23.2,22.9,23.8,0.3,0.3
3-5 дней,2026-08-06T09:50:07Z,2026-08-10T02:00:00Z,88.2,22.2,23.1,22.8,-0.9,0.9
3-5 дней,2026-08-06T09:50:07Z,2026-08-10T03:00:00Z,89.2,21.8,22.6,21.3,-0.8,0.8
3-5 дней,2026-08-06T09:50:07Z,2026-08-10T04:00:00Z,90.2,22.4,21.3,20.7,1.1,1.1
3-5 дней,2026-08-06T09:50:07Z,2026-08-10T05:00:00Z,91.2,23.5,24.9,21.8,-1.4,1.4
3-5 дней,2026-08-06T09:50:07Z,2026-08-10T06:00:00Z,92.2,24.9,26.2,23.2,-1.3,1.3
3-5 дней,2026-08-06T09:50:07Z,2026-08-10T07:00:00Z,93.2,26.8,28.3,24.7,-1.5,1.5
3-5 дней,2026-08-06T09:50:07Z,2026-08-10T08:00:00Z,94.2,29.0,30.6,27.1,-1.6,1.6
3-5 дней,2026-08-06T09:50:07Z,2026-08-10T09:00:00Z,95.2,30.7,32.5,28.8,-1.8,1.8
3-5 дней,2026-08-06T09:50:07Z,2026-08-10T10:00:00Z,96.2,31.7,32.7,30.1,-1.0,1.0
3-5 дней,2026-08-06T09:50:07Z,2026-08-10T11:00:00Z,97.2,32.3,33.2,30.8,-0.9,0.9
3-5 дней,2026-08-06T09:50:07Z,2026-08-10T12:00:00Z,98.2,32.7,34.1,32.4,-1.4,1.4
3-5 дней,2026-08-06T09:50:07Z,2026-08-10T13:00:00Z,99.2,33.1,34.1,32.7,-1.0,1.0
3-5 дней,2026-08-06T09:50:07Z,2026-08-10T14:00:00Z,100.2,33.2,34.6,33.2,-1.4,1.4
3-5 дней,2026-08-06T09:50:07Z,2026-08-10T15:00:00Z,101.2,32.9,34.7,33.1,-1.8,1.8
3-5 дней,2026-08-06T09:50:07Z,2026-08-10T16:00:00Z,102.2,31.9,34.0,32.2,-2.1,2.1
3-5 дней,2026-08-06T09:50:07Z,2026-08-10T17:00:00Z,103.2,30.5,32.8,30.8,-2.3,2.3
3-5 дней,2026-08-06T09:50:07Z,2026-08-10T18:00:00Z,104.2,29.3,31.8,29.7,-2.5,2.5
3-5 дней,2026-08-06T09:50:07Z,2026-08-10T19:00:00Z,105.2,28.3,29.7,28.3,-1.4,1.4
3-5 дней,2026-08-06T09:50:07Z,2026-08-10T20:00:00Z,106.2,27.3,29.3,27.3,-2.0,2.0
3-5 дней,2026-08-06T09:50:07Z,2026-08-10T21:00:00Z,107.2,26.6,27.1,26.6,-0.5,0.5
3-5 дней,2026-08-06T09:50:07Z,2026-08-10T22:00:00Z,108.2,26.0,26.6,24.9,-0.6,0.6
3-5 дней,2026-08-06T09:50:07Z,2026-08-10T23:00:00Z,109.2,25.6,26.2,24.0,-0.6,0.6
3-5 дней,2026-08-06T09:50:07Z,2026-08-11T00:00:00Z,110.2,25.1,25.5,23.3,-0.4,0.4
3-5 дней,2026-08-06T09:50:07Z,2026-08-11T01:00:00Z,111.2,24.3,23.9,22.9,0.4,0.4
3-5 дней,2026-08-06T09:50:07Z,2026-08-11T02:00:00Z,112.2,23.5,23.2,23.1,0.3,0.3
3-5 дней,2026-08-06T09:50:07Z,2026-08-11T03:00:00Z,113.2,23.3,22.4,22.6,0.9,0.9
3-5 дней,2026-08-06T09:50:07Z,2026-08-11T04:00:00Z,114.2,24.0,22.2,21.3,1.8,1.8
3-5 дней,2026-08-06T09:50:07Z,2026-08-11T05:00:00Z,115.2,25.3,24.5,24.9,0.8,0.8
3-5 дней,2026-08-06T09:50:07Z,2026-08-11T06:00:00Z,116.2,26.8,26.8,26.2,0.0,0.0
3-5 дней,2026-08-06T09:50:07Z,2026-08-11T07:00:00Z,117.2,28.7,29.0,28.3,-0.3,0.3
3-5 дней,2026-08-06T09:50:07Z,2026-08-11T08:00:00Z,118.2,30.7,30.6,30.6,0.1,0.1
3-5 дней,2026-08-06T09:50:07Z,2026-08-11T09:00:00Z,119.2,32.4,32.0,32.5,0.4,0.4
3-5 дней,2026-08-06T09:59:18Z,2026-08-09T10:00:00Z,72.0,30.1,30.1,29.7,0.0,0.0
3-5 дней,2026-08-06T09:59:18Z,2026-08-09T11:00:00Z,73.0,31.0,30.8,30.9,0.2,0.2
3-5 дней,2026-08-06T09:59:18Z,2026-08-09T12:00:00Z,74.0,31.6,32.4,31.4,-0.8,0.8
3-5 дней,2026-08-06T09:59:18Z,2026-08-09T13:00:00Z,75.0,32.0,32.7,32.0,-0.7,0.7
3-5 дней,2026-08-06T09:59:18Z,2026-08-09T14:00:00Z,76.0,32.1,33.2,31.3,-1.1,1.1
3-5 дней,2026-08-06T09:59:18Z,2026-08-09T15:00:00Z,77.0,31.8,33.1,32.0,-1.3,1.3
3-5 дней,2026-08-06T09:59:18Z,2026-08-09T16:00:00Z,78.0,30.8,32.2,31.3,-1.4,1.4
3-5 дней,2026-08-06T09:59:18Z,2026-08-09T17:00:00Z,79.0,29.3,30.8,30.0,-1.5,1.5
3-5 дней,2026-08-06T09:59:18Z,2026-08-09T18:00:00Z,80.0,28.0,29.7,29.2,-1.7,1.7
3-5 дней,2026-08-06T09:59:18Z,2026-08-09T19:00:00Z,81.0,27.2,28.3,28.4,-1.1,1.1
3-5 дней,2026-08-06T09:59:18Z,2026-08-09T20:00:00Z,82.0,26.5,27.3,27.6,-0.8,0.8
3-5 дней,2026-08-06T09:59:18Z,2026-08-09T21:00:00Z,83.0,25.8,26.6,26.6,-0.8,0.8
3-5 дней,2026-08-06T09:59:18Z,2026-08-09T22:00:00Z,84.0,25.2,24.9,25.4,0.3,0.3
3-5 дней,2026-08-06T09:59:18Z,2026-08-09T23:00:00Z,85.0,24.7,24.0,24.9,0.7,0.7
3-5 дней,2026-08-06T09:59:18Z,2026-08-10T00:00:00Z,86.0,24.1,23.3,24.2,0.8,0.8
3-5 дней,2026-08-06T09:59:18Z,2026-08-10T01:00:00Z,87.0,23.2,22.9,23.8,0.3,0.3
3-5 дней,2026-08-06T09:59:18Z,2026-08-10T02:00:00Z,88.0,22.2,23.1,22.8,-0.9,0.9
3-5 дней,2026-08-06T09:59:18Z,2026-08-10T03:00:00Z,89.0,21.8,22.6,21.3,-0.8,0.8
3-5 дней,2026-08-06T09:59:18Z,2026-08-10T04:00:00Z,90.0,22.4,21.3,20.7,1.1,1.1
3-5 дней,2026-08-06T09:59:18Z,2026-08-10T05:00:00Z,91.0,23.5,24.9,21.8,-1.4,1.4
3-5 дней,2026-08-06T09:59:18Z,2026-08-10T06:00:00Z,92.0,24.9,26.2,23.2,-1.3,1.3
3-5 дней,2026-08-06T09:59:18Z,2026-08-10T07:00:00Z,93.0,26.8,28.3,24.7,-1.5,1.5
3-5 дней,2026-08-06T09:59:18Z,2026-08-10T08:00:00Z,94.0,29.0,30.6,27.1,-1.6,1.6
3-5 дней,2026-08-06T09:59:18Z,2026-08-10T09:00:00Z,95.0,30.7,32.5,28.8,-1.8,1.8
3-5 дней,2026-08-06T09:59:18Z,2026-08-10T10:00:00Z,96.0,31.7,32.7,30.1,-1.0,1.0
3-5 дней,2026-08-06T09:59:18Z,2026-08-10T11:00:00Z,97.0,32.3,33.2,30.8,-0.9,0.9
3-5 дней,2026-08-06T09:59:18Z,2026-08-10T12:00:00Z,98.0,32.7,34.1,32.4,-1.4,1.4
3-5 дней,2026-08-06T09:59:18Z,2026-08-10T13:00:00Z,99.0,33.1,34.1,32.7,-1.0,1.0
3-5 дней,2026-08-06T09:59:18Z,2026-08-10T14:00:00Z,100.0,33.2,34.6,33.2,-1.4,1.4
3-5 дней,2026-08-06T09:59:18Z,2026-08-10T15:00:00Z,101.0,32.9,34.7,33.1,-1.8,1.8
3-5 дней,2026-08-06T09:59:18Z,2026-08-10T16:00:00Z,102.0,31.9,34.0,32.2,-2.1,2.1
3-5 дней,2026-08-06T09:59:18Z,2026-08-10T17:00:00Z,103.0,30.5,32.8,30.8,-2.3,2.3
3-5 дней,2026-08-06T09:59:18Z,2026-08-10T18:00:00Z,104.0,29.3,31.8,29.7,-2.5,2.5
3-5 дней,2026-08-06T09:59:18Z,2026-08-10T19:00:00Z,105.0,28.3,29.7,28.3,-1.4,1.4
3-5 дней,2026-08-06T09:59:18Z,2026-08-10T20:00:00Z,106.0,27.3,29.3,27.3,-2.0,2.0
3-5 дней,2026-08-06T09:59:18Z,2026-08-10T21:00:00Z,107.0,26.6,27.1,26.6,-0.5,0.5
3-5 дней,2026-08-06T09:59:18Z,2026-08-10T22:00:00Z,108.0,26.0,26.6,24.9,-0.6,0.6
3-5 дней,2026-08-06T09:59:18Z,2026-08-10T23:00:00Z,109.0,25.6,26.2,24.0,-0.6,0.6
3-5 дней,2026-08-06T09:59:18Z,2026-08-11T00:00:00Z,110.0,25.1,25.5,23.3,-0.4,0.4
3-5 дней,2026-08-06T09:59:18Z,2026-08-11T01:00:00Z,111.0,24.3,23.9,22.9,0.4,0.4
3-5 дней,2026-08-06T09:59:18Z,2026-08-11T02:00:00Z,112.0,23.5,23.2,23.1,0.3,0.3
3-5 дней,2026-08-06T09:59:18Z,2026-08-11T03:00:00Z,113.0,23.3,22.4,22.6,0.9,0.9
3-5 дней,2026-08-06T09:59:18Z,2026-08-11T04:00:00Z,114.0,24.0,22.2,21.3,1.8,1.8
3-5 дней,2026-08-06T09:59:18Z,2026-08-11T05:00:00Z,115.0,25.3,24.5,24.9,0.8,0.8
3-5 дней,2026-08-06T09:59:18Z,2026-08-11T06:00:00Z,116.0,26.8,26.8,26.2,0.0,0.0
3-5 дней,2026-08-06T09:59:18Z,2026-08-11T07:00:00Z,117.0,28.7,29.0,28.3,-0.3,0.3
3-5 дней,2026-08-06T09:59:18Z,2026-08-11T08:00:00Z,118.0,30.7,30.6,30.6,0.1,0.1
3-5 дней,2026-08-06T09:59:18Z,2026-08-11T09:00:00Z,119.0,32.4,32.0,32.5,0.4,0.4
3-5 дней,2026-08-06T10:08:26Z,2026-08-09T11:00:00Z,72.9,31.0,30.8,30.9,0.2,0.2
3-5 дней,2026-08-06T10:08:26Z,2026-08-09T12:00:00Z,73.9,31.6,32.4,31.4,-0.8,0.8
3-5 дней,2026-08-06T10:08:26Z,2026-08-09T13:00:00Z,74.9,32.0,32.7,32.0,-0.7,0.7
3-5 дней,2026-08-06T10:08:26Z,2026-08-09T14:00:00Z,75.9,32.1,33.2,31.3,-1.1,1.1
3-5 дней,2026-08-06T10:08:26Z,2026-08-09T15:00:00Z,76.9,31.8,33.1,32.0,-1.3,1.3
3-5 дней,2026-08-06T10:08:26Z,2026-08-09T16:00:00Z,77.9,30.8,32.2,31.3,-1.4,1.4
3-5 дней,2026-08-06T10:08:26Z,2026-08-09T17:00:00Z,78.9,29.3,30.8,30.0,-1.5,1.5
3-5 дней,2026-08-06T10:08:26Z,2026-08-09T18:00:00Z,79.9,28.0,29.7,29.2,-1.7,1.7
3-5 дней,2026-08-06T10:08:26Z,2026-08-09T19:00:00Z,80.9,27.2,28.3,28.4,-1.1,1.1
3-5 дней,2026-08-06T10:08:26Z,2026-08-09T20:00:00Z,81.9,26.5,27.3,27.6,-0.8,0.8
3-5 дней,2026-08-06T10:08:26Z,2026-08-09T21:00:00Z,82.9,25.8,26.6,26.6,-0.8,0.8
3-5 дней,2026-08-06T10:08:26Z,2026-08-09T22:00:00Z,83.9,25.2,24.9,25.4,0.3,0.3
3-5 дней,2026-08-06T10:08:26Z,2026-08-09T23:00:00Z,84.9,24.7,24.0,24.9,0.7,0.7
3-5 дней,2026-08-06T10:08:26Z,2026-08-10T00:00:00Z,85.9,24.1,23.3,24.2,0.8,0.8
3-5 дней,2026-08-06T10:08:26Z,2026-08-10T01:00:00Z,86.9,23.2,22.9,23.8,0.3,0.3
3-5 дней,2026-08-06T10:08:26Z,2026-08-10T02:00:00Z,87.9,22.2,23.1,22.8,-0.9,0.9
3-5 дней,2026-08-06T10:08:26Z,2026-08-10T03:00:00Z,88.9,21.8,22.6,21.3,-0.8,0.8
3-5 дней,2026-08-06T10:08:26Z,2026-08-10T04:00:00Z,89.9,22.4,21.3,20.7,1.1,1.1
3-5 дней,2026-08-06T10:08:26Z,2026-08-10T05:00:00Z,90.9,23.5,24.9,21.8,-1.4,1.4
3-5 дней,2026-08-06T10:08:26Z,2026-08-10T06:00:00Z,91.9,24.9,26.2,23.2,-1.3,1.3
3-5 дней,2026-08-06T10:08:26Z,2026-08-10T07:00:00Z,92.9,26.8,28.3,24.7,-1.5,1.5
3-5 дней,2026-08-06T10:08:26Z,2026-08-10T08:00:00Z,93.9,29.0,30.6,27.1,-1.6,1.6
3-5 дней,2026-08-06T10:08:26Z,2026-08-10T09:00:00Z,94.9,30.7,32.5,28.8,-1.8,1.8
3-5 дней,2026-08-06T10:08:26Z,2026-08-10T10:00:00Z,95.9,31.7,32.7,30.1,-1.0,1.0
3-5 дней,2026-08-06T10:08:26Z,2026-08-10T11:00:00Z,96.9,32.3,33.2,30.8,-0.9,0.9
3-5 дней,2026-08-06T10:08:26Z,2026-08-10T12:00:00Z,97.9,32.7,34.1,32.4,-1.4,1.4
3-5 дней,2026-08-06T10:08:26Z,2026-08-10T13:00:00Z,98.9,33.1,34.1,32.7,-1.0,1.0
3-5 дней,2026-08-06T10:08:26Z,2026-08-10T14:00:00Z,99.9,33.2,34.6,33.2,-1.4,1.4
3-5 дней,2026-08-06T10:08:26Z,2026-08-10T15:00:00Z,100.9,32.9,34.7,33.1,-1.8,1.8
3-5 дней,2026-08-06T10:08:26Z,2026-08-10T16:00:00Z,101.9,31.9,34.0,32.2,-2.1,2.1
3-5 дней,2026-08-06T10:08:26Z,2026-08-10T17:00:00Z,102.9,30.5,32.8,30.8,-2.3,2.3
3-5 дней,2026-08-06T10:08:26Z,2026-08-10T18:00:00Z,103.9,29.3,31.8,29.7,-2.5,2.5
3-5 дней,2026-08-06T10:08:26Z,2026-08-10T19:00:00Z,104.9,28.3,29.7,28.3,-1.4,1.4
3-5 дней,2026-08-06T10:08:26Z,2026-08-10T20:00:00Z,105.9,27.3,29.3,27.3,-2.0,2.0
3-5 дней,2026-08-06T10:08:26Z,2026-08-10T21:00:00Z,106.9,26.6,27.1,26.6,-0.5,0.5
3-5 дней,2026-08-06T10:08:26Z,2026-08-10T22:00:00Z,107.9,26.0,26.6,24.9,-0.6,0.6
3-5 дней,2026-08-06T10:08:26Z,2026-08-10T23:00:00Z,108.9,25.6,26.2,24.0,-0.6,0.6
3-5 дней,2026-08-06T10:08:26Z,2026-08-11T00:00:00Z,109.9,25.1,25.5,23.3,-0.4,0.4
3-5 дней,2026-08-06T10:08:26Z,2026-08-11T01:00:00Z,110.9,24.3,23.9,22.9,0.4,0.4
3-5 дней,2026-08-06T10:08:26Z,2026-08-11T02:00:00Z,111.9,23.5,23.2,23.1,0.3,0.3
3-5 дней,2026-08-06T10:08:26Z,2026-08-11T03:00:00Z,112.9,23.3,22.4,22.6,0.9,0.9
3-5 дней,2026-08-06T10:08:26Z,2026-08-11T04:00:00Z,113.9,24.0,22.2,21.3,1.8,1.8
3-5 дней,2026-08-06T10:08:26Z,2026-08-11T05:00:00Z,114.9,25.3,24.5,24.9,0.8,0.8
3-5 дней,2026-08-06T10:08:26Z,2026-08-11T06:00:00Z,115.9,26.8,26.8,26.2,0.0,0.0
3-5 дней,2026-08-06T10:08:26Z,2026-08-11T07:00:00Z,116.9,28.7,29.0,28.3,-0.3,0.3
3-5 дней,2026-08-06T10:08:26Z,2026-08-11T08:00:00Z,117.9,30.7,30.6,30.6,0.1,0.1
3-5 дней,2026-08-06T10:08:26Z,2026-08-11T09:00:00Z,118.9,32.4,32.0,32.5,0.4,0.4
3-5 дней,2026-08-06T10:08:26Z,2026-08-11T10:00:00Z,119.9,33.4,34.7,32.7,-1.3,1.3
3-5 дней,2026-08-06T10:47:54Z,2026-08-09T11:00:00Z,72.2,31.0,30.8,30.9,0.2,0.2
3-5 дней,2026-08-06T10:47:54Z,2026-08-09T12:00:00Z,73.2,31.6,32.4,31.4,-0.8,0.8
3-5 дней,2026-08-06T10:47:54Z,2026-08-09T13:00:00Z,74.2,32.0,32.7,32.0,-0.7,0.7
3-5 дней,2026-08-06T10:47:54Z,2026-08-09T14:00:00Z,75.2,32.1,33.2,31.3,-1.1,1.1
3-5 дней,2026-08-06T10:47:54Z,2026-08-09T15:00:00Z,76.2,31.8,33.1,32.0,-1.3,1.3
3-5 дней,2026-08-06T10:47:54Z,2026-08-09T16:00:00Z,77.2,30.8,32.2,31.3,-1.4,1.4
3-5 дней,2026-08-06T10:47:54Z,2026-08-09T17:00:00Z,78.2,29.3,30.8,30.0,-1.5,1.5
3-5 дней,2026-08-06T10:47:54Z,2026-08-09T18:00:00Z,79.2,28.0,29.7,29.2,-1.7,1.7
3-5 дней,2026-08-06T10:47:54Z,2026-08-09T19:00:00Z,80.2,27.2,28.3,28.4,-1.1,1.1
3-5 дней,2026-08-06T10:47:54Z,2026-08-09T20:00:00Z,81.2,26.5,27.3,27.6,-0.8,0.8
3-5 дней,2026-08-06T10:47:54Z,2026-08-09T21:00:00Z,82.2,25.8,26.6,26.6,-0.8,0.8
3-5 дней,2026-08-06T10:47:54Z,2026-08-09T22:00:00Z,83.2,25.2,24.9,25.4,0.3,0.3
3-5 дней,2026-08-06T10:47:54Z,2026-08-09T23:00:00Z,84.2,24.7,24.0,24.9,0.7,0.7
3-5 дней,2026-08-06T10:47:54Z,2026-08-10T00:00:00Z,85.2,24.1,23.3,24.2,0.8,0.8
3-5 дней,2026-08-06T10:47:54Z,2026-08-10T01:00:00Z,86.2,23.2,22.9,23.8,0.3,0.3
3-5 дней,2026-08-06T10:47:54Z,2026-08-10T02:00:00Z,87.2,22.2,23.1,22.8,-0.9,0.9
3-5 дней,2026-08-06T10:47:54Z,2026-08-10T03:00:00Z,88.2,21.8,22.6,21.3,-0.8,0.8
3-5 дней,2026-08-06T10:47:54Z,2026-08-10T04:00:00Z,89.2,22.4,21.3,20.7,1.1,1.1
3-5 дней,2026-08-06T10:47:54Z,2026-08-10T05:00:00Z,90.2,23.5,24.9,21.8,-1.4,1.4
3-5 дней,2026-08-06T10:47:54Z,2026-08-10T06:00:00Z,91.2,24.9,26.2,23.2,-1.3,1.3
3-5 дней,2026-08-06T10:47:54Z,2026-08-10T07:00:00Z,92.2,26.8,28.3,24.7,-1.5,1.5
3-5 дней,2026-08-06T10:47:54Z,2026-08-10T08:00:00Z,93.2,29.0,30.6,27.1,-1.6,1.6
3-5 дней,2026-08-06T10:47:54Z,2026-08-10T09:00:00Z,94.2,30.7,32.5,28.8,-1.8,1.8
3-5 дней,2026-08-06T10:47:54Z,2026-08-10T10:00:00Z,95.2,31.7,32.7,30.1,-1.0,1.0
3-5 дней,2026-08-06T10:47:54Z,2026-08-10T11:00:00Z,96.2,32.3,33.2,30.8,-0.9,0.9
3-5 дней,2026-08-06T10:47:54Z,2026-08-10T12:00:00Z,97.2,32.7,34.1,32.4,-1.4,1.4
3-5 дней,2026-08-06T10:47:54Z,2026-08-10T13:00:00Z,98.2,33.1,34.1,32.7,-1.0,1.0
3-5 дней,2026-08-06T10:47:54Z,2026-08-10T14:00:00Z,99.2,33.2,34.6,33.2,-1.4,1.4
3-5 дней,2026-08-06T10:47:54Z,2026-08-10T15:00:00Z,100.2,32.9,34.7,33.1,-1.8,1.8
3-5 дней,2026-08-06T10:47:54Z,2026-08-10T16:00:00Z,101.2,31.9,34.0,32.2,-2.1,2.1
3-5 дней,2026-08-06T10:47:54Z,2026-08-10T17:00:00Z,102.2,30.5,32.8,30.8,-2.3,2.3
3-5 дней,2026-08-06T10:47:54Z,2026-08-10T18:00:00Z,103.2,29.3,31.8,29.7,-2.5,2.5
3-5 дней,2026-08-06T10:47:54Z,2026-08-10T19:00:00Z,104.2,28.3,29.7,28.3,-1.4,1.4
3-5 дней,2026-08-06T10:47:54Z,2026-08-10T20:00:00Z,105.2,27.3,29.3,27.3,-2.0,2.0
3-5 дней,2026-08-06T10:47:54Z,2026-08-10T21:00:00Z,106.2,26.6,27.1,26.6,-0.5,0.5
3-5 дней,2026-08-06T10:47:54Z,2026-08-10T22:00:00Z,107.2,26.0,26.6,24.9,-0.6,0.6
3-5 дней,2026-08-06T10:47:54Z,2026-08-10T23:00:00Z,108.2,25.6,26.2,24.0,-0.6,0.6
3-5 дней,2026-08-06T10:47:54Z,2026-08-11T00:00:00Z,109.2,25.1,25.5,23.3,-0.4,0.4
3-5 дней,2026-08-06T10:47:54Z,2026-08-11T01:00:00Z,110.2,24.3,23.9,22.9,0.4,0.4
3-5 дней,2026-08-06T10:47:54Z,2026-08-11T02:00:00Z,111.2,23.5,23.2,23.1,0.3,0.3
3-5 дней,2026-08-06T10:47:54Z,2026-08-11T03:00:00Z,112.2,23.3,22.4,22.6,0.9,0.9
3-5 дней,2026-08-06T10:47:54Z,2026-08-11T04:00:00Z,113.2,24.0,22.2,21.3,1.8,1.8
3-5 дней,2026-08-06T10:47:54Z,2026-08-11T05:00:00Z,114.2,25.3,24.5,24.9,0.8,0.8
3-5 дней,2026-08-06T10:47:54Z,2026-08-11T06:00:00Z,115.2,26.8,26.8,26.2,0.0,0.0
3-5 дней,2026-08-06T10:47:54Z,2026-08-11T07:00:00Z,116.2,28.7,29.0,28.3,-0.3,0.3
3-5 дней,2026-08-06T10:47:54Z,2026-08-11T08:00:00Z,117.2,30.7,30.6,30.6,0.1,0.1
3-5 дней,2026-08-06T10:47:54Z,2026-08-11T09:00:00Z,118.2,32.4,32.0,32.5,0.4,0.4
3-5 дней,2026-08-06T10:47:54Z,2026-08-11T10:00:00Z,119.2,33.4,34.7,32.7,-1.3,1.3
3-5 дней,2026-08-06T11:30:42Z,2026-08-09T12:00:00Z,72.5,31.6,32.4,31.4,-0.8,0.8
3-5 дней,2026-08-06T11:30:42Z,2026-08-09T13:00:00Z,73.5,32.0,32.7,32.0,-0.7,0.7
3-5 дней,2026-08-06T11:30:42Z,2026-08-09T14:00:00Z,74.5,32.1,33.2,31.3,-1.1,1.1
3-5 дней,2026-08-06T11:30:42Z,2026-08-09T15:00:00Z,75.5,31.8,33.1,32.0,-1.3,1.3
3-5 дней,2026-08-06T11:30:42Z,2026-08-09T16:00:00Z,76.5,30.8,32.2,31.3,-1.4,1.4
3-5 дней,2026-08-06T11:30:42Z,2026-08-09T17:00:00Z,77.5,29.3,30.8,30.0,-1.5,1.5
3-5 дней,2026-08-06T11:30:42Z,2026-08-09T18:00:00Z,78.5,28.0,29.7,29.2,-1.7,1.7
3-5 дней,2026-08-06T11:30:42Z,2026-08-09T19:00:00Z,79.5,27.2,28.3,28.4,-1.1,1.1
3-5 дней,2026-08-06T11:30:42Z,2026-08-09T20:00:00Z,80.5,26.5,27.3,27.6,-0.8,0.8
3-5 дней,2026-08-06T11:30:42Z,2026-08-09T21:00:00Z,81.5,25.8,26.6,26.6,-0.8,0.8
3-5 дней,2026-08-06T11:30:42Z,2026-08-09T22:00:00Z,82.5,25.2,24.9,25.4,0.3,0.3
3-5 дней,2026-08-06T11:30:42Z,2026-08-09T23:00:00Z,83.5,24.7,24.0,24.9,0.7,0.7
3-5 дней,2026-08-06T11:30:42Z,2026-08-10T00:00:00Z,84.5,24.1,23.3,24.2,0.8,0.8
3-5 дней,2026-08-06T11:30:42Z,2026-08-10T01:00:00Z,85.5,23.2,22.9,23.8,0.3,0.3
3-5 дней,2026-08-06T11:30:42Z,2026-08-10T02:00:00Z,86.5,22.2,23.1,22.8,-0.9,0.9
3-5 дней,2026-08-06T11:30:42Z,2026-08-10T03:00:00Z,87.5,21.8,22.6,21.3,-0.8,0.8
3-5 дней,2026-08-06T11:30:42Z,2026-08-10T04:00:00Z,88.5,22.4,21.3,20.7,1.1,1.1
3-5 дней,2026-08-06T11:30:42Z,2026-08-10T05:00:00Z,89.5,23.5,24.9,21.8,-1.4,1.4
3-5 дней,2026-08-06T11:30:42Z,2026-08-10T06:00:00Z,90.5,24.9,26.2,23.2,-1.3,1.3
3-5 дней,2026-08-06T11:30:42Z,2026-08-10T07:00:00Z,91.5,26.8,28.3,24.7,-1.5,1.5
3-5 дней,2026-08-06T11:30:42Z,2026-08-10T08:00:00Z,92.5,29.0,30.6,27.1,-1.6,1.6
3-5 дней,2026-08-06T11:30:42Z,2026-08-10T09:00:00Z,93.5,30.7,32.5,28.8,-1.8,1.8
3-5 дней,2026-08-06T11:30:42Z,2026-08-10T10:00:00Z,94.5,31.7,32.7,30.1,-1.0,1.0
3-5 дней,2026-08-06T11:30:42Z,2026-08-10T11:00:00Z,95.5,32.3,33.2,30.8,-0.9,0.9
3-5 дней,2026-08-06T11:30:42Z,2026-08-10T12:00:00Z,96.5,32.7,34.1,32.4,-1.4,1.4
3-5 дней,2026-08-06T11:30:42Z,2026-08-10T13:00:00Z,97.5,33.1,34.1,32.7,-1.0,1.0
3-5 дней,2026-08-06T11:30:42Z,2026-08-10T14:00:00Z,98.5,33.2,34.6,33.2,-1.4,1.4
3-5 дней,2026-08-06T11:30:42Z,2026-08-10T15:00:00Z,99.5,32.9,34.7,33.1,-1.8,1.8
3-5 дней,2026-08-06T11:30:42Z,2026-08-10T16:00:00Z,100.5,31.9,34.0,32.2,-2.1,2.1
3-5 дней,2026-08-06T11:30:42Z,2026-08-10T17:00:00Z,101.5,30.5,32.8,30.8,-2.3,2.3
3-5 дней,2026-08-06T11:30:42Z,2026-08-10T18:00:00Z,102.5,29.3,31.8,29.7,-2.5,2.5
3-5 дней,2026-08-06T11:30:42Z,2026-08-10T19:00:00Z,103.5,28.3,29.7,28.3,-1.4,1.4
3-5 дней,2026-08-06T11:30:42Z,2026-08-10T20:00:00Z,104.5,27.3,29.3,27.3,-2.0,2.0
3-5 дней,2026-08-06T11:30:42Z,2026-08-10T21:00:00Z,105.5,26.6,27.1,26.6,-0.5,0.5
3-5 дней,2026-08-06T11:30:42Z,2026-08-10T22:00:00Z,106.5,26.0,26.6,24.9,-0.6,0.6
3-5 дней,2026-08-06T11:30:42Z,2026-08-10T23:00:00Z,107.5,25.6,26.2,24.0,-0.6,0.6
3-5 дней,2026-08-06T11:30:42Z,2026-08-11T00:00:00Z,108.5,25.1,25.5,23.3,-0.4,0.4
3-5 дней,2026-08-06T11:30:42Z,2026-08-11T01:00:00Z,109.5,24.3,23.9,22.9,0.4,0.4
3-5 дней,2026-08-06T11:30:42Z,2026-08-11T02:00:00Z,110.5,23.5,23.2,23.1,0.3,0.3
3-5 дней,2026-08-06T11:30:42Z,2026-08-11T03:00:00Z,111.5,23.3,22.4,22.6,0.9,0.9
3-5 дней,2026-08-06T11:30:42Z,2026-08-11T04:00:00Z,112.5,24.0,22.2,21.3,1.8,1.8
3-5 дней,2026-08-06T11:30:42Z,2026-08-11T05:00:00Z,113.5,25.3,24.5,24.9,0.8,0.8
3-5 дней,2026-08-06T11:30:42Z,2026-08-11T06:00:00Z,114.5,26.8,26.8,26.2,0.0,0.0
3-5 дней,2026-08-06T11:30:42Z,2026-08-11T07:00:00Z,115.5,28.7,29.0,28.3,-0.3,0.3
3-5 дней,2026-08-06T11:30:42Z,2026-08-11T08:00:00Z,116.5,30.7,30.6,30.6,0.1,0.1
3-5 дней,2026-08-06T11:30:42Z,2026-08-11T09:00:00Z,117.5,32.4,32.0,32.5,0.4,0.4
3-5 дней,2026-08-06T11:30:42Z,2026-08-11T10:00:00Z,118.5,33.4,34.7,32.7,-1.3,1.3
3-5 дней,2026-08-06T11:36:01Z,2026-08-09T12:00:00Z,72.4,31.6,32.4,31.4,-0.8,0.8
3-5 дней,2026-08-06T11:36:01Z,2026-08-09T13:00:00Z,73.4,32.0,32.7,32.0,-0.7,0.7
3-5 дней,2026-08-06T11:36:01Z,2026-08-09T14:00:00Z,74.4,32.1,33.2,31.3,-1.1,1.1
3-5 дней,2026-08-06T11:36:01Z,2026-08-09T15:00:00Z,75.4,31.8,33.1,32.0,-1.3,1.3
3-5 дней,2026-08-06T11:36:01Z,2026-08-09T16:00:00Z,76.4,30.8,32.2,31.3,-1.4,1.4
3-5 дней,2026-08-06T11:36:01Z,2026-08-09T17:00:00Z,77.4,29.3,30.8,30.0,-1.5,1.5
3-5 дней,2026-08-06T11:36:01Z,2026-08-09T18:00:00Z,78.4,28.0,29.7,29.2,-1.7,1.7
3-5 дней,2026-08-06T11:36:01Z,2026-08-09T19:00:00Z,79.4,27.2,28.3,28.4,-1.1,1.1
3-5 дней,2026-08-06T11:36:01Z,2026-08-09T20:00:00Z,80.4,26.5,27.3,27.6,-0.8,0.8
3-5 дней,2026-08-06T11:36:01Z,2026-08-09T21:00:00Z,81.4,25.8,26.6,26.6,-0.8,0.8
3-5 дней,2026-08-06T11:36:01Z,2026-08-09T22:00:00Z,82.4,25.2,24.9,25.4,0.3,0.3
3-5 дней,2026-08-06T11:36:01Z,2026-08-09T23:00:00Z,83.4,24.7,24.0,24.9,0.7,0.7
3-5 дней,2026-08-06T11:36:01Z,2026-08-10T00:00:00Z,84.4,24.1,23.3,24.2,0.8,0.8
3-5 дней,2026-08-06T11:36:01Z,2026-08-10T01:00:00Z,85.4,23.2,22.9,23.8,0.3,0.3
3-5 дней,2026-08-06T11:36:01Z,2026-08-10T02:00:00Z,86.4,22.2,23.1,22.8,-0.9,0.9
3-5 дней,2026-08-06T11:36:01Z,2026-08-10T03:00:00Z,87.4,21.8,22.6,21.3,-0.8,0.8
3-5 дней,2026-08-06T11:36:01Z,2026-08-10T04:00:00Z,88.4,22.4,21.3,20.7,1.1,1.1
3-5 дней,2026-08-06T11:36:01Z,2026-08-10T05:00:00Z,89.4,23.5,24.9,21.8,-1.4,1.4
3-5 дней,2026-08-06T11:36:01Z,2026-08-10T06:00:00Z,90.4,24.9,26.2,23.2,-1.3,1.3
3-5 дней,2026-08-06T11:36:01Z,2026-08-10T07:00:00Z,91.4,26.8,28.3,24.7,-1.5,1.5
3-5 дней,2026-08-06T11:36:01Z,2026-08-10T08:00:00Z,92.4,29.0,30.6,27.1,-1.6,1.6
3-5 дней,2026-08-06T11:36:01Z,2026-08-10T09:00:00Z,93.4,30.7,32.5,28.8,-1.8,1.8
3-5 дней,2026-08-06T11:36:01Z,2026-08-10T10:00:00Z,94.4,31.7,32.7,30.1,-1.0,1.0
3-5 дней,2026-08-06T11:36:01Z,2026-08-10T11:00:00Z,95.4,32.3,33.2,30.8,-0.9,0.9
3-5 дней,2026-08-06T11:36:01Z,2026-08-10T12:00:00Z,96.4,32.7,34.1,32.4,-1.4,1.4
3-5 дней,2026-08-06T11:36:01Z,2026-08-10T13:00:00Z,97.4,33.1,34.1,32.7,-1.0,1.0
3-5 дней,2026-08-06T11:36:01Z,2026-08-10T14:00:00Z,98.4,33.2,34.6,33.2,-1.4,1.4
3-5 дней,2026-08-06T11:36:01Z,2026-08-10T15:00:00Z,99.4,32.9,34.7,33.1,-1.8,1.8
3-5 дней,2026-08-06T11:36:01Z,2026-08-10T16:00:00Z,100.4,31.9,34.0,32.2,-2.1,2.1
3-5 дней,2026-08-06T11:36:01Z,2026-08-10T17:00:00Z,101.4,30.5,32.8,30.8,-2.3,2.3
3-5 дней,2026-08-06T11:36:01Z,2026-08-10T18:00:00Z,102.4,29.3,31.8,29.7,-2.5,2.5
3-5 дней,2026-08-06T11:36:01Z,2026-08-10T19:00:00Z,103.4,28.3,29.7,28.3,-1.4,1.4
3-5 дней,2026-08-06T11:36:01Z,2026-08-10T20:00:00Z,104.4,27.3,29.3,27.3,-2.0,2.0
3-5 дней,2026-08-06T11:36:01Z,2026-08-10T21:00:00Z,105.4,26.6,27.1,26.6,-0.5,0.5
3-5 дней,2026-08-06T11:36:01Z,2026-08-10T22:00:00Z,106.4,26.0,26.6,24.9,-0.6,0.6
3-5 дней,2026-08-06T11:36:01Z,2026-08-10T23:00:00Z,107.4,25.6,26.2,24.0,-0.6,0.6
3-5 дней,2026-08-06T11:36:01Z,2026-08-11T00:00:00Z,108.4,25.1,25.5,23.3,-0.4,0.4
3-5 дней,2026-08-06T11:36:01Z,2026-08-11T01:00:00Z,109.4,24.3,23.9,22.9,0.4,0.4
3-5 дней,2026-08-06T11:36:01Z,2026-08-11T02:00:00Z,110.4,23.5,23.2,23.1,0.3,0.3
3-5 дней,2026-08-06T11:36:01Z,2026-08-11T03:00:00Z,111.4,23.3,22.4,22.6,0.9,0.9
3-5 дней,2026-08-06T11:36:01Z,2026-08-11T04:00:00Z,112.4,24.0,22.2,21.3,1.8,1.8
3-5 дней,2026-08-06T11:36:01Z,2026-08-11T05:00:00Z,113.4,25.3,24.5,24.9,0.8,0.8
3-5 дней,2026-08-06T11:36:01Z,2026-08-11T06:00:00Z,114.4,26.8,26.8,26.2,0.0,0.0
3-5 дней,2026-08-06T11:36:01Z,2026-08-11T07:00:00Z,115.4,28.7,29.0,28.3,-0.3,0.3
3-5 дней,2026-08-06T11:36:01Z,2026-08-11T08:00:00Z,116.4,30.7,30.6,30.6,0.1,0.1
3-5 дней,2026-08-06T11:36:01Z,2026-08-11T09:00:00Z,117.4,32.4,32.0,32.5,0.4,0.4
3-5 дней,2026-08-06T11:36:01Z,2026-08-11T10:00:00Z,118.4,33.4,34.7,32.7,-1.3,1.3
3-5 дней,2026-08-06T11:44:08Z,2026-08-09T12:00:00Z,72.3,31.6,32.4,31.4,-0.8,0.8
3-5 дней,2026-08-06T11:44:08Z,2026-08-09T13:00:00Z,73.3,32.0,32.7,32.0,-0.7,0.7
3-5 дней,2026-08-06T11:44:08Z,2026-08-09T14:00:00Z,74.3,32.1,33.2,31.3,-1.1,1.1
3-5 дней,2026-08-06T11:44:08Z,2026-08-09T15:00:00Z,75.3,31.8,33.1,32.0,-1.3,1.3
3-5 дней,2026-08-06T11:44:08Z,2026-08-09T16:00:00Z,76.3,30.8,32.2,31.3,-1.4,1.4
3-5 дней,2026-08-06T11:44:08Z,2026-08-09T17:00:00Z,77.3,29.3,30.8,30.0,-1.5,1.5
3-5 дней,2026-08-06T11:44:08Z,2026-08-09T18:00:00Z,78.3,28.0,29.7,29.2,-1.7,1.7
3-5 дней,2026-08-06T11:44:08Z,2026-08-09T19:00:00Z,79.3,27.2,28.3,28.4,-1.1,1.1
3-5 дней,2026-08-06T11:44:08Z,2026-08-09T20:00:00Z,80.3,26.5,27.3,27.6,-0.8,0.8
3-5 дней,2026-08-06T11:44:08Z,2026-08-09T21:00:00Z,81.3,25.8,26.6,26.6,-0.8,0.8
3-5 дней,2026-08-06T11:44:08Z,2026-08-09T22:00:00Z,82.3,25.2,24.9,25.4,0.3,0.3
3-5 дней,2026-08-06T11:44:08Z,2026-08-09T23:00:00Z,83.3,24.7,24.0,24.9,0.7,0.7
3-5 дней,2026-08-06T11:44:08Z,2026-08-10T00:00:00Z,84.3,24.1,23.3,24.2,0.8,0.8
3-5 дней,2026-08-06T11:44:08Z,2026-08-10T01:00:00Z,85.3,23.2,22.9,23.8,0.3,0.3
3-5 дней,2026-08-06T11:44:08Z,2026-08-10T02:00:00Z,86.3,22.2,23.1,22.8,-0.9,0.9
3-5 дней,2026-08-06T11:44:08Z,2026-08-10T03:00:00Z,87.3,21.8,22.6,21.3,-0.8,0.8
3-5 дней,2026-08-06T11:44:08Z,2026-08-10T04:00:00Z,88.3,22.4,21.3,20.7,1.1,1.1
3-5 дней,2026-08-06T11:44:08Z,2026-08-10T05:00:00Z,89.3,23.5,24.9,21.8,-1.4,1.4
3-5 дней,2026-08-06T11:44:08Z,2026-08-10T06:00:00Z,90.3,24.9,26.2,23.2,-1.3,1.3
3-5 дней,2026-08-06T11:44:08Z,2026-08-10T07:00:00Z,91.3,26.8,28.3,24.7,-1.5,1.5
3-5 дней,2026-08-06T11:44:08Z,2026-08-10T08:00:00Z,92.3,29.0,30.6,27.1,-1.6,1.6
3-5 дней,2026-08-06T11:44:08Z,2026-08-10T09:00:00Z,93.3,30.7,32.5,28.8,-1.8,1.8
3-5 дней,2026-08-06T11:44:08Z,2026-08-10T10:00:00Z,94.3,31.7,32.7,30.1,-1.0,1.0
3-5 дней,2026-08-06T11:44:08Z,2026-08-10T11:00:00Z,95.3,32.3,33.2,30.8,-0.9,0.9
3-5 дней,2026-08-06T11:44:08Z,2026-08-10T12:00:00Z,96.3,32.7,34.1,32.4,-1.4,1.4
3-5 дней,2026-08-06T11:44:08Z,2026-08-10T13:00:00Z,97.3,33.1,34.1,32.7,-1.0,1.0
3-5 дней,2026-08-06T11:44:08Z,2026-08-10T14:00:00Z,98.3,33.2,34.6,33.2,-1.4,1.4
3-5 дней,2026-08-06T11:44:08Z,2026-08-10T15:00:00Z,99.3,32.9,34.7,33.1,-1.8,1.8
3-5 дней,2026-08-06T11:44:08Z,2026-08-10T16:00:00Z,100.3,31.9,34.0,32.2,-2.1,2.1
3-5 дней,2026-08-06T11:44:08Z,2026-08-10T17:00:00Z,101.3,30.5,32.8,30.8,-2.3,2.3
3-5 дней,2026-08-06T11:44:08Z,2026-08-10T18:00:00Z,102.3,29.3,31.8,29.7,-2.5,2.5
3-5 дней,2026-08-06T11:44:08Z,2026-08-10T19:00:00Z,103.3,28.3,29.7,28.3,-1.4,1.4
3-5 дней,2026-08-06T11:44:08Z,2026-08-10T20:00:00Z,104.3,27.3,29.3,27.3,-2.0,2.0
3-5 дней,2026-08-06T11:44:08Z,2026-08-10T21:00:00Z,105.3,26.6,27.1,26.6,-0.5,0.5
3-5 дней,2026-08-06T11:44:08Z,2026-08-10T22:00:00Z,106.3,26.0,26.6,24.9,-0.6,0.6
3-5 дней,2026-08-06T11:44:08Z,2026-08-10T23:00:00Z,107.3,25.6,26.2,24.0,-0.6,0.6
3-5 дней,2026-08-06T11:44:08Z,2026-08-11T00:00:00Z,108.3,25.1,25.5,23.3,-0.4,0.4
3-5 дней,2026-08-06T11:44:08Z,2026-08-11T01:00:00Z,109.3,24.3,23.9,22.9,0.4,0.4
3-5 дней,2026-08-06T11:44:08Z,2026-08-11T02:00:00Z,110.3,23.5,23.2,23.1,0.3,0.3
3-5 дней,2026-08-06T11:44:08Z,2026-08-11T03:00:00Z,111.3,23.3,22.4,22.6,0.9,0.9
3-5 дней,2026-08-06T11:44:08Z,2026-08-11T04:00:00Z,112.3,24.0,22.2,21.3,1.8,1.8
3-5 дней,2026-08-06T11:44:08Z,2026-08-11T05:00:00Z,113.3,25.3,24.5,24.9,0.8,0.8
3-5 дней,2026-08-06T11:44:08Z,2026-08-11T06:00:00Z,114.3,26.8,26.8,26.2,0.0,0.0
3-5 дней,2026-08-06T11:44:08Z,2026-08-11T07:00:00Z,115.3,28.7,29.0,28.3,-0.3,0.3
3-5 дней,2026-08-06T11:44:08Z,2026-08-11T08:00:00Z,116.3,30.7,30.6,30.6,0.1,0.1
3-5 дней,2026-08-06T11:44:08Z,2026-08-11T09:00:00Z,117.3,32.4,32.0,32.5,0.4,0.4
3-5 дней,2026-08-06T11:44:08Z,2026-08-11T10:00:00Z,118.3,33.4,34.7,32.7,-1.3,1.3
3-5 дней,2026-08-07T01:31:32Z,2026-08-10T02:00:00Z,72.5,22.5,23.1,22.8,-0.6,0.6
3-5 дней,2026-08-07T01:31:32Z,2026-08-10T03:00:00Z,73.5,22.1,22.6,21.3,-0.5,0.5
3-5 дней,2026-08-07T01:31:32Z,2026-08-10T04:00:00Z,74.5,22.6,21.3,20.7,1.3,1.3
3-5 дней,2026-08-07T01:31:32Z,2026-08-10T05:00:00Z,75.5,23.7,24.9,21.8,-1.2,1.2
3-5 дней,2026-08-07T01:31:32Z,2026-08-10T06:00:00Z,76.5,25.1,26.2,23.2,-1.1,1.1
3-5 дней,2026-08-07T01:31:32Z,2026-08-10T07:00:00Z,77.5,27.0,28.3,24.7,-1.3,1.3
3-5 дней,2026-08-07T01:31:32Z,2026-08-10T08:00:00Z,78.5,29.2,30.6,27.1,-1.4,1.4
3-5 дней,2026-08-07T01:31:32Z,2026-08-10T09:00:00Z,79.5,30.9,32.5,28.8,-1.6,1.6
3-5 дней,2026-08-07T01:31:32Z,2026-08-10T10:00:00Z,80.5,31.9,32.7,30.1,-0.8,0.8
3-5 дней,2026-08-07T01:31:32Z,2026-08-10T11:00:00Z,81.5,32.4,33.2,30.8,-0.8,0.8
3-5 дней,2026-08-07T01:31:32Z,2026-08-10T12:00:00Z,82.5,32.8,34.1,32.4,-1.3,1.3
3-5 дней,2026-08-07T01:31:32Z,2026-08-10T13:00:00Z,83.5,33.1,34.1,32.7,-1.0,1.0
3-5 дней,2026-08-07T01:31:32Z,2026-08-10T14:00:00Z,84.5,33.3,34.6,33.2,-1.3,1.3
3-5 дней,2026-08-07T01:31:32Z,2026-08-10T15:00:00Z,85.5,33.0,34.7,33.1,-1.7,1.7
3-5 дней,2026-08-07T01:31:32Z,2026-08-10T16:00:00Z,86.5,31.8,34.0,32.2,-2.2,2.2
3-5 дней,2026-08-07T01:31:32Z,2026-08-10T17:00:00Z,87.5,30.1,32.8,30.8,-2.7,2.7
3-5 дней,2026-08-07T01:31:32Z,2026-08-10T18:00:00Z,88.5,28.6,31.8,29.7,-3.2,3.2
3-5 дней,2026-08-07T01:31:32Z,2026-08-10T19:00:00Z,89.5,27.9,29.7,28.3,-1.8,1.8
3-5 дней,2026-08-07T01:31:32Z,2026-08-10T20:00:00Z,90.5,27.4,29.3,27.3,-1.9,1.9
3-5 дней,2026-08-07T01:31:32Z,2026-08-10T21:00:00Z,91.5,27.1,27.1,26.6,0.0,0.0
3-5 дней,2026-08-07T01:31:32Z,2026-08-10T22:00:00Z,92.5,26.8,26.6,24.9,0.2,0.2
3-5 дней,2026-08-07T01:31:32Z,2026-08-10T23:00:00Z,93.5,26.5,26.2,24.0,0.3,0.3
3-5 дней,2026-08-07T01:31:32Z,2026-08-11T00:00:00Z,94.5,26.1,25.5,23.3,0.6,0.6
3-5 дней,2026-08-07T01:31:32Z,2026-08-11T01:00:00Z,95.5,25.3,23.9,22.9,1.4,1.4
3-5 дней,2026-08-07T01:31:32Z,2026-08-11T02:00:00Z,96.5,24.3,23.2,23.1,1.1,1.1
3-5 дней,2026-08-07T01:31:32Z,2026-08-11T03:00:00Z,97.5,23.9,22.4,22.6,1.5,1.5
3-5 дней,2026-08-07T01:31:32Z,2026-08-11T04:00:00Z,98.5,24.4,22.2,21.3,2.2,2.2
3-5 дней,2026-08-07T01:31:32Z,2026-08-11T05:00:00Z,99.5,25.4,24.5,24.9,0.9,0.9
3-5 дней,2026-08-07T01:31:32Z,2026-08-11T06:00:00Z,100.5,26.7,26.8,26.2,-0.1,0.1
3-5 дней,2026-08-07T01:31:32Z,2026-08-11T07:00:00Z,101.5,28.4,29.0,28.3,-0.6,0.6
3-5 дней,2026-08-07T01:31:32Z,2026-08-11T08:00:00Z,102.5,30.5,30.6,30.6,-0.1,0.1
3-5 дней,2026-08-07T01:31:32Z,2026-08-11T09:00:00Z,103.5,32.2,32.0,32.5,0.2,0.2
3-5 дней,2026-08-07T01:31:32Z,2026-08-11T10:00:00Z,104.5,33.3,34.7,32.7,-1.4,1.4
3-5 дней,2026-08-07T05:36:00Z,2026-08-10T06:00:00Z,72.4,25.1,26.2,23.2,-1.1,1.1
3-5 дней,2026-08-07T05:36:00Z,2026-08-10T07:00:00Z,73.4,27.0,28.3,24.7,-1.3,1.3
3-5 дней,2026-08-07T05:36:00Z,2026-08-10T08:00:00Z,74.4,29.2,30.6,27.1,-1.4,1.4
3-5 дней,2026-08-07T05:36:00Z,2026-08-10T09:00:00Z,75.4,30.9,32.5,28.8,-1.6,1.6
3-5 дней,2026-08-07T05:36:00Z,2026-08-10T10:00:00Z,76.4,31.9,32.7,30.1,-0.8,0.8
3-5 дней,2026-08-07T05:36:00Z,2026-08-10T11:00:00Z,77.4,32.4,33.2,30.8,-0.8,0.8
3-5 дней,2026-08-07T05:36:00Z,2026-08-10T12:00:00Z,78.4,32.8,34.1,32.4,-1.3,1.3
3-5 дней,2026-08-07T05:36:00Z,2026-08-10T13:00:00Z,79.4,33.1,34.1,32.7,-1.0,1.0
3-5 дней,2026-08-07T05:36:00Z,2026-08-10T14:00:00Z,80.4,33.3,34.6,33.2,-1.3,1.3
3-5 дней,2026-08-07T05:36:00Z,2026-08-10T15:00:00Z,81.4,33.0,34.7,33.1,-1.7,1.7
3-5 дней,2026-08-07T05:36:00Z,2026-08-10T16:00:00Z,82.4,31.8,34.0,32.2,-2.2,2.2
3-5 дней,2026-08-07T05:36:00Z,2026-08-10T17:00:00Z,83.4,30.1,32.8,30.8,-2.7,2.7
3-5 дней,2026-08-07T05:36:00Z,2026-08-10T18:00:00Z,84.4,28.6,31.8,29.7,-3.2,3.2
3-5 дней,2026-08-07T05:36:00Z,2026-08-10T19:00:00Z,85.4,27.9,29.7,28.3,-1.8,1.8
3-5 дней,2026-08-07T05:36:00Z,2026-08-10T20:00:00Z,86.4,27.4,29.3,27.3,-1.9,1.9
3-5 дней,2026-08-07T05:36:00Z,2026-08-10T21:00:00Z,87.4,27.1,27.1,26.6,0.0,0.0
3-5 дней,2026-08-07T05:36:00Z,2026-08-10T22:00:00Z,88.4,26.8,26.6,24.9,0.2,0.2
3-5 дней,2026-08-07T05:36:00Z,2026-08-10T23:00:00Z,89.4,26.5,26.2,24.0,0.3,0.3
3-5 дней,2026-08-07T05:36:00Z,2026-08-11T00:00:00Z,90.4,26.1,25.5,23.3,0.6,0.6
3-5 дней,2026-08-07T05:36:00Z,2026-08-11T01:00:00Z,91.4,25.3,23.9,22.9,1.4,1.4
3-5 дней,2026-08-07T05:36:00Z,2026-08-11T02:00:00Z,92.4,24.3,23.2,23.1,1.1,1.1
3-5 дней,2026-08-07T05:36:00Z,2026-08-11T03:00:00Z,93.4,23.9,22.4,22.6,1.5,1.5
3-5 дней,2026-08-07T05:36:00Z,2026-08-11T04:00:00Z,94.4,24.4,22.2,21.3,2.2,2.2
3-5 дней,2026-08-07T05:36:00Z,2026-08-11T05:00:00Z,95.4,25.4,24.5,24.9,0.9,0.9
3-5 дней,2026-08-07T05:36:00Z,2026-08-11T06:00:00Z,96.4,26.7,26.8,26.2,-0.1,0.1
3-5 дней,2026-08-07T05:36:00Z,2026-08-11T07:00:00Z,97.4,28.4,29.0,28.3,-0.6,0.6
3-5 дней,2026-08-07T05:36:00Z,2026-08-11T08:00:00Z,98.4,30.5,30.6,30.6,-0.1,0.1
3-5 дней,2026-08-07T05:36:00Z,2026-08-11T09:00:00Z,99.4,32.2,32.0,32.5,0.2,0.2
3-5 дней,2026-08-07T05:36:00Z,2026-08-11T10:00:00Z,100.4,33.3,34.7,32.7,-1.4,1.4
3-5 дней,2026-08-07T06:18:59Z,2026-08-10T07:00:00Z,72.7,27.0,28.3,24.7,-1.3,1.3
3-5 дней,2026-08-07T06:18:59Z,2026-08-10T08:00:00Z,73.7,29.2,30.6,27.1,-1.4,1.4
3-5 дней,2026-08-07T06:18:59Z,2026-08-10T09:00:00Z,74.7,30.9,32.5,28.8,-1.6,1.6
3-5 дней,2026-08-07T06:18:59Z,2026-08-10T10:00:00Z,75.7,31.9,32.7,30.1,-0.8,0.8
3-5 дней,2026-08-07T06:18:59Z,2026-08-10T11:00:00Z,76.7,32.4,33.2,30.8,-0.8,0.8
3-5 дней,2026-08-07T06:18:59Z,2026-08-10T12:00:00Z,77.7,32.8,34.1,32.4,-1.3,1.3
3-5 дней,2026-08-07T06:18:59Z,2026-08-10T13:00:00Z,78.7,33.1,34.1,32.7,-1.0,1.0
3-5 дней,2026-08-07T06:18:59Z,2026-08-10T14:00:00Z,79.7,33.3,34.6,33.2,-1.3,1.3
3-5 дней,2026-08-07T06:18:59Z,2026-08-10T15:00:00Z,80.7,33.0,34.7,33.1,-1.7,1.7
3-5 дней,2026-08-07T06:18:59Z,2026-08-10T16:00:00Z,81.7,31.8,34.0,32.2,-2.2,2.2
3-5 дней,2026-08-07T06:18:59Z,2026-08-10T17:00:00Z,82.7,30.1,32.8,30.8,-2.7,2.7
3-5 дней,2026-08-07T06:18:59Z,2026-08-10T18:00:00Z,83.7,28.6,31.8,29.7,-3.2,3.2
3-5 дней,2026-08-07T06:18:59Z,2026-08-10T19:00:00Z,84.7,27.9,29.7,28.3,-1.8,1.8
3-5 дней,2026-08-07T06:18:59Z,2026-08-10T20:00:00Z,85.7,27.4,29.3,27.3,-1.9,1.9
3-5 дней,2026-08-07T06:18:59Z,2026-08-10T21:00:00Z,86.7,27.1,27.1,26.6,0.0,0.0
3-5 дней,2026-08-07T06:18:59Z,2026-08-10T22:00:00Z,87.7,26.8,26.6,24.9,0.2,0.2
3-5 дней,2026-08-07T06:18:59Z,2026-08-10T23:00:00Z,88.7,26.5,26.2,24.0,0.3,0.3
3-5 дней,2026-08-07T06:18:59Z,2026-08-11T00:00:00Z,89.7,26.1,25.5,23.3,0.6,0.6
3-5 дней,2026-08-07T06:18:59Z,2026-08-11T01:00:00Z,90.7,25.3,23.9,22.9,1.4,1.4
3-5 дней,2026-08-07T06:18:59Z,2026-08-11T02:00:00Z,91.7,24.3,23.2,23.1,1.1,1.1
3-5 дней,2026-08-07T06:18:59Z,2026-08-11T03:00:00Z,92.7,23.9,22.4,22.6,1.5,1.5
3-5 дней,2026-08-07T06:18:59Z,2026-08-11T04:00:00Z,93.7,24.4,22.2,21.3,2.2,2.2
3-5 дней,2026-08-07T06:18:59Z,2026-08-11T05:00:00Z,94.7,25.4,24.5,24.9,0.9,0.9
3-5 дней,2026-08-07T06:18:59Z,2026-08-11T06:00:00Z,95.7,26.7,26.8,26.2,-0.1,0.1
3-5 дней,2026-08-07T06:18:59Z,2026-08-11T07:00:00Z,96.7,28.4,29.0,28.3,-0.6,0.6
3-5 дней,2026-08-07T06:18:59Z,2026-08-11T08:00:00Z,97.7,30.5,30.6,30.6,-0.1,0.1
3-5 дней,2026-08-07T06:18:59Z,2026-08-11T09:00:00Z,98.7,32.2,32.0,32.5,0.2,0.2
3-5 дней,2026-08-07T06:18:59Z,2026-08-11T10:00:00Z,99.7,33.3,34.7,32.7,-1.4,1.4
3-5 дней,2026-08-07T07:13:52Z,2026-08-10T08:00:00Z,72.8,29.2,30.6,27.1,-1.4,1.4
3-5 дней,2026-08-07T07:13:52Z,2026-08-10T09:00:00Z,73.8,30.9,32.5,28.8,-1.6,1.6
3-5 дней,2026-08-07T07:13:52Z,2026-08-10T10:00:00Z,74.8,31.9,32.7,30.1,-0.8,0.8
3-5 дней,2026-08-07T07:13:52Z,2026-08-10T11:00:00Z,75.8,32.4,33.2,30.8,-0.8,0.8
3-5 дней,2026-08-07T07:13:52Z,2026-08-10T12:00:00Z,76.8,32.8,34.1,32.4,-1.3,1.3
3-5 дней,2026-08-07T07:13:52Z,2026-08-10T13:00:00Z,77.8,33.1,34.1,32.7,-1.0,1.0
3-5 дней,2026-08-07T07:13:52Z,2026-08-10T14:00:00Z,78.8,33.3,34.6,33.2,-1.3,1.3
3-5 дней,2026-08-07T07:13:52Z,2026-08-10T15:00:00Z,79.8,33.0,34.7,33.1,-1.7,1.7
3-5 дней,2026-08-07T07:13:52Z,2026-08-10T16:00:00Z,80.8,31.8,34.0,32.2,-2.2,2.2
3-5 дней,2026-08-07T07:13:52Z,2026-08-10T17:00:00Z,81.8,30.1,32.8,30.8,-2.7,2.7
3-5 дней,2026-08-07T07:13:52Z,2026-08-10T18:00:00Z,82.8,28.6,31.8,29.7,-3.2,3.2
3-5 дней,2026-08-07T07:13:52Z,2026-08-10T19:00:00Z,83.8,27.9,29.7,28.3,-1.8,1.8
3-5 дней,2026-08-07T07:13:52Z,2026-08-10T20:00:00Z,84.8,27.4,29.3,27.3,-1.9,1.9
3-5 дней,2026-08-07T07:13:52Z,2026-08-10T21:00:00Z,85.8,27.1,27.1,26.6,0.0,0.0
3-5 дней,2026-08-07T07:13:52Z,2026-08-10T22:00:00Z,86.8,26.8,26.6,24.9,0.2,0.2
3-5 дней,2026-08-07T07:13:52Z,2026-08-10T23:00:00Z,87.8,26.5,26.2,24.0,0.3,0.3
3-5 дней,2026-08-07T07:13:52Z,2026-08-11T00:00:00Z,88.8,26.1,25.5,23.3,0.6,0.6
3-5 дней,2026-08-07T07:13:52Z,2026-08-11T01:00:00Z,89.8,25.3,23.9,22.9,1.4,1.4
3-5 дней,2026-08-07T07:13:52Z,2026-08-11T02:00:00Z,90.8,24.3,23.2,23.1,1.1,1.1
3-5 дней,2026-08-07T07:13:52Z,2026-08-11T03:00:00Z,91.8,23.9,22.4,22.6,1.5,1.5
3-5 дней,2026-08-07T07:13:52Z,2026-08-11T04:00:00Z,92.8,24.4,22.2,21.3,2.2,2.2
3-5 дней,2026-08-07T07:13:52Z,2026-08-11T05:00:00Z,93.8,25.4,24.5,24.9,0.9,0.9
3-5 дней,2026-08-07T07:13:52Z,2026-08-11T06:00:00Z,94.8,26.7,26.8,26.2,-0.1,0.1
3-5 дней,2026-08-07T07:13:52Z,2026-08-11T07:00:00Z,95.8,28.4,29.0,28.3,-0.6,0.6
3-5 дней,2026-08-07T07:13:52Z,2026-08-11T08:00:00Z,96.8,30.5,30.6,30.6,-0.1,0.1
3-5 дней,2026-08-07T07:13:52Z,2026-08-11T09:00:00Z,97.8,32.2,32.0,32.5,0.2,0.2
3-5 дней,2026-08-07T07:13:52Z,2026-08-11T10:00:00Z,98.8,33.3,34.7,32.7,-1.4,1.4
3-5 дней,2026-08-07T10:39:14Z,2026-08-10T11:00:00Z,72.3,32.0,33.2,30.8,-1.2,1.2
3-5 дней,2026-08-07T10:39:14Z,2026-08-10T12:00:00Z,73.3,32.4,34.1,32.4,-1.7,1.7
3-5 дней,2026-08-07T10:39:14Z,2026-08-10T13:00:00Z,74.3,32.8,34.1,32.7,-1.3,1.3
3-5 дней,2026-08-07T10:39:14Z,2026-08-10T14:00:00Z,75.3,33.0,34.6,33.2,-1.6,1.6
3-5 дней,2026-08-07T10:39:14Z,2026-08-10T15:00:00Z,76.3,32.6,34.7,33.1,-2.1,2.1
3-5 дней,2026-08-07T10:39:14Z,2026-08-10T16:00:00Z,77.3,31.5,34.0,32.2,-2.5,2.5
3-5 дней,2026-08-07T10:39:14Z,2026-08-10T17:00:00Z,78.3,29.9,32.8,30.8,-2.9,2.9
3-5 дней,2026-08-07T10:39:14Z,2026-08-10T18:00:00Z,79.3,28.6,31.8,29.7,-3.2,3.2
3-5 дней,2026-08-07T10:39:14Z,2026-08-10T19:00:00Z,80.3,27.8,29.7,28.3,-1.9,1.9
3-5 дней,2026-08-07T10:39:14Z,2026-08-10T20:00:00Z,81.3,27.2,29.3,27.3,-2.1,2.1
3-5 дней,2026-08-07T10:39:14Z,2026-08-10T21:00:00Z,82.3,26.6,27.1,26.6,-0.5,0.5
3-5 дней,2026-08-07T10:39:14Z,2026-08-10T22:00:00Z,83.3,26.1,26.6,24.9,-0.5,0.5
3-5 дней,2026-08-07T10:39:14Z,2026-08-10T23:00:00Z,84.3,25.7,26.2,24.0,-0.5,0.5
3-5 дней,2026-08-07T10:39:14Z,2026-08-11T00:00:00Z,85.3,25.2,25.5,23.3,-0.3,0.3
3-5 дней,2026-08-07T10:39:14Z,2026-08-11T01:00:00Z,86.3,24.4,23.9,22.9,0.5,0.5
3-5 дней,2026-08-07T10:39:14Z,2026-08-11T02:00:00Z,87.3,23.6,23.2,23.1,0.4,0.4
3-5 дней,2026-08-07T10:39:14Z,2026-08-11T03:00:00Z,88.3,23.3,22.4,22.6,0.9,0.9
3-5 дней,2026-08-07T10:39:14Z,2026-08-11T04:00:00Z,89.3,24.0,22.2,21.3,1.8,1.8
3-5 дней,2026-08-07T10:39:14Z,2026-08-11T05:00:00Z,90.3,25.3,24.5,24.9,0.8,0.8
3-5 дней,2026-08-07T10:39:14Z,2026-08-11T06:00:00Z,91.3,26.8,26.8,26.2,0.0,0.0
3-5 дней,2026-08-07T10:39:14Z,2026-08-11T07:00:00Z,92.3,28.6,29.0,28.3,-0.4,0.4
3-5 дней,2026-08-07T10:39:14Z,2026-08-11T08:00:00Z,93.3,30.6,30.6,30.6,0.0,0.0
3-5 дней,2026-08-07T10:39:14Z,2026-08-11T09:00:00Z,94.3,32.3,32.0,32.5,0.3,0.3
3-5 дней,2026-08-07T10:39:14Z,2026-08-11T10:00:00Z,95.3,33.2,34.7,32.7,-1.5,1.5
3-5 дней,2026-08-07T16:51:54Z,2026-08-10T17:00:00Z,72.1,29.7,32.8,30.8,-3.1,3.1
3-5 дней,2026-08-07T16:51:54Z,2026-08-10T18:00:00Z,73.1,28.3,31.8,29.7,-3.5,3.5
3-5 дней,2026-08-07T16:51:54Z,2026-08-10T19:00:00Z,74.1,27.3,29.7,28.3,-2.4,2.4
3-5 дней,2026-08-07T16:51:54Z,2026-08-10T20:00:00Z,75.1,26.4,29.3,27.3,-2.9,2.9
3-5 дней,2026-08-07T16:51:54Z,2026-08-10T21:00:00Z,76.1,25.8,27.1,26.6,-1.3,1.3
3-5 дней,2026-08-07T16:51:54Z,2026-08-10T22:00:00Z,77.1,25.3,26.6,24.9,-1.3,1.3
3-5 дней,2026-08-07T16:51:54Z,2026-08-10T23:00:00Z,78.1,25.1,26.2,24.0,-1.1,1.1
3-5 дней,2026-08-07T16:51:54Z,2026-08-11T00:00:00Z,79.1,24.7,25.5,23.3,-0.8,0.8
3-5 дней,2026-08-07T16:51:54Z,2026-08-11T01:00:00Z,80.1,24.0,23.9,22.9,0.1,0.1
3-5 дней,2026-08-07T16:51:54Z,2026-08-11T02:00:00Z,81.1,23.2,23.2,23.1,0.0,0.0
3-5 дней,2026-08-07T16:51:54Z,2026-08-11T03:00:00Z,82.1,23.0,22.4,22.6,0.6,0.6
3-5 дней,2026-08-07T16:51:54Z,2026-08-11T04:00:00Z,83.1,23.7,22.2,21.3,1.5,1.5
3-5 дней,2026-08-07T16:51:54Z,2026-08-11T05:00:00Z,84.1,25.0,24.5,24.9,0.5,0.5
3-5 дней,2026-08-07T16:51:54Z,2026-08-11T06:00:00Z,85.1,26.6,26.8,26.2,-0.2,0.2
3-5 дней,2026-08-07T16:51:54Z,2026-08-11T07:00:00Z,86.1,28.3,29.0,28.3,-0.7,0.7
3-5 дней,2026-08-07T16:51:54Z,2026-08-11T08:00:00Z,87.1,30.3,30.6,30.6,-0.3,0.3
3-5 дней,2026-08-07T16:51:54Z,2026-08-11T09:00:00Z,88.1,31.9,32.0,32.5,-0.1,0.1
3-5 дней,2026-08-07T16:51:54Z,2026-08-11T10:00:00Z,89.1,33.0,34.7,32.7,-1.7,1.7
3-5 дней,2026-08-07T22:45:57Z,2026-08-10T23:00:00Z,72.2,24.8,26.2,24.0,-1.4,1.4
3-5 дней,2026-08-07T22:45:57Z,2026-08-11T00:00:00Z,73.2,24.7,25.5,23.3,-0.8,0.8
3-5 дней,2026-08-07T22:45:57Z,2026-08-11T01:00:00Z,74.2,24.2,23.9,22.9,0.3,0.3
3-5 дней,2026-08-07T22:45:57Z,2026-08-11T02:00:00Z,75.2,23.7,23.2,23.1,0.5,0.5
3-5 дней,2026-08-07T22:45:57Z,2026-08-11T03:00:00Z,76.2,23.7,22.4,22.6,1.3,1.3
3-5 дней,2026-08-07T22:45:57Z,2026-08-11T04:00:00Z,77.2,24.2,22.2,21.3,2.0,2.0
3-5 дней,2026-08-07T22:45:57Z,2026-08-11T05:00:00Z,78.2,25.2,24.5,24.9,0.7,0.7
3-5 дней,2026-08-07T22:45:57Z,2026-08-11T06:00:00Z,79.2,26.5,26.8,26.2,-0.3,0.3
3-5 дней,2026-08-07T22:45:57Z,2026-08-11T07:00:00Z,80.2,28.4,29.0,28.3,-0.6,0.6
3-5 дней,2026-08-07T22:45:57Z,2026-08-11T08:00:00Z,81.2,30.7,30.6,30.6,0.1,0.1
3-5 дней,2026-08-07T22:45:57Z,2026-08-11T09:00:00Z,82.2,32.6,32.0,32.5,0.6,0.6
3-5 дней,2026-08-07T22:45:57Z,2026-08-11T10:00:00Z,83.2,33.7,34.7,32.7,-1.0,1.0
3-5 дней,2026-08-07T23:19:23Z,2026-08-11T00:00:00Z,72.7,24.7,25.5,23.3,-0.8,0.8
3-5 дней,2026-08-07T23:19:23Z,2026-08-11T01:00:00Z,73.7,24.2,23.9,22.9,0.3,0.3
3-5 дней,2026-08-07T23:19:23Z,2026-08-11T02:00:00Z,74.7,23.7,23.2,23.1,0.5,0.5
3-5 дней,2026-08-07T23:19:23Z,2026-08-11T03:00:00Z,75.7,23.7,22.4,22.6,1.3,1.3
3-5 дней,2026-08-07T23:19:23Z,2026-08-11T04:00:00Z,76.7,24.2,22.2,21.3,2.0,2.0
3-5 дней,2026-08-07T23:19:23Z,2026-08-11T05:00:00Z,77.7,25.2,24.5,24.9,0.7,0.7
3-5 дней,2026-08-07T23:19:23Z,2026-08-11T06:00:00Z,78.7,26.5,26.8,26.2,-0.3,0.3
3-5 дней,2026-08-07T23:19:23Z,2026-08-11T07:00:00Z,79.7,28.4,29.0,28.3,-0.6,0.6
3-5 дней,2026-08-07T23:19:23Z,2026-08-11T08:00:00Z,80.7,30.7,30.6,30.6,0.1,0.1
3-5 дней,2026-08-07T23:19:23Z,2026-08-11T09:00:00Z,81.7,32.6,32.0,32.5,0.6,0.6
3-5 дней,2026-08-07T23:19:23Z,2026-08-11T10:00:00Z,82.7,33.7,34.7,32.7,-1.0,1.0
3-5 дней,2026-08-08T04:50:53Z,2026-08-11T05:00:00Z,72.2,25.5,24.5,24.9,1.0,1.0
3-5 дней,2026-08-08T04:50:53Z,2026-08-11T06:00:00Z,73.2,27.0,26.8,26.2,0.2,0.2
3-5 дней,2026-08-08T04:50:53Z,2026-08-11T07:00:00Z,74.2,28.6,29.0,28.3,-0.4,0.4
3-5 дней,2026-08-08T04:50:53Z,2026-08-11T08:00:00Z,75.2,30.4,30.6,30.6,-0.2,0.2
3-5 дней,2026-08-08T04:50:53Z,2026-08-11T09:00:00Z,76.2,31.8,32.0,32.5,-0.2,0.2
3-5 дней,2026-08-08T04:50:53Z,2026-08-11T10:00:00Z,77.2,32.9,34.7,32.7,-1.8,1.8
5-10 дней,2026-08-06T09:50:07Z,2026-08-11T10:00:00Z,120.2,33.4,34.7,32.7,-1.3,1.3
5-10 дней,2026-08-06T09:59:18Z,2026-08-11T10:00:00Z,120.0,33.4,34.7,32.7,-1.3,1.3
