# Нови-Сад / Температура / 0-6ч, 6-24ч, 1-2 дня, 2-3 дня, 3-5 дней / GFS (США)
# n=1400, MAE=1.935, RMSE=2.399, bias=+1.479
# skill = 1 - (RMSE/RMSE_персистентности)^2 = 1 - (2.399/2.337)^2 = -0.0539  (RMSE_персистентности по 1400 пар(ам))
# persistence baseline = как вчера в это же время - выбран автоматически как более сильный (ниже RMSE) из двух кандидатов для этого периода, одинаково для всех источников
# «Общий» = объединённый пул пар из периодов: 0-6ч, 6-24ч, 1-2 дня, 2-3 дня, 3-5 дней - метрика посчитана заново по всему пулу, а не усреднена по периодам
#
bucket,fetched_at,valid_time,lead_hours,forecast,observed,persistence,error,abs_error
0-6ч,2026-08-06T09:50:07Z,2026-08-06T10:00:00Z,0.2,38.3,37.2,37.0,1.1,1.1
0-6ч,2026-08-06T09:50:07Z,2026-08-06T11:00:00Z,1.2,39.2,37.6,37.6,1.6,1.6
0-6ч,2026-08-06T09:50:07Z,2026-08-06T12:00:00Z,2.2,39.8,37.5,37.1,2.3,2.3
0-6ч,2026-08-06T09:50:07Z,2026-08-06T13:00:00Z,3.2,40.2,38.3,37.8,1.9,1.9
0-6ч,2026-08-06T09:50:07Z,2026-08-06T14:00:00Z,4.2,40.5,38.0,37.7,2.5,2.5
0-6ч,2026-08-06T09:50:07Z,2026-08-06T15:00:00Z,5.2,39.9,36.8,38.0,3.1,3.1
0-6ч,2026-08-06T09:59:18Z,2026-08-06T10:00:00Z,0.0,38.3,37.2,37.0,1.1,1.1
0-6ч,2026-08-06T09:59:18Z,2026-08-06T11:00:00Z,1.0,39.2,37.6,37.6,1.6,1.6
0-6ч,2026-08-06T09:59:18Z,2026-08-06T12:00:00Z,2.0,39.8,37.5,37.1,2.3,2.3
0-6ч,2026-08-06T09:59:18Z,2026-08-06T13:00:00Z,3.0,40.2,38.3,37.8,1.9,1.9
0-6ч,2026-08-06T09:59:18Z,2026-08-06T14:00:00Z,4.0,40.5,38.0,37.7,2.5,2.5
0-6ч,2026-08-06T09:59:18Z,2026-08-06T15:00:00Z,5.0,39.9,36.8,38.0,3.1,3.1
0-6ч,2026-08-06T10:08:26Z,2026-08-06T11:00:00Z,0.9,39.2,37.6,37.6,1.6,1.6
0-6ч,2026-08-06T10:08:26Z,2026-08-06T12:00:00Z,1.9,39.8,37.5,37.1,2.3,2.3
0-6ч,2026-08-06T10:08:26Z,2026-08-06T13:00:00Z,2.9,40.2,38.3,37.8,1.9,1.9
0-6ч,2026-08-06T10:08:26Z,2026-08-06T14:00:00Z,3.9,40.5,38.0,37.7,2.5,2.5
0-6ч,2026-08-06T10:08:26Z,2026-08-06T15:00:00Z,4.9,39.9,36.8,38.0,3.1,3.1
0-6ч,2026-08-06T10:08:26Z,2026-08-06T16:00:00Z,5.9,38.6,30.8,37.0,7.8,7.8
0-6ч,2026-08-06T10:47:54Z,2026-08-06T11:00:00Z,0.2,39.2,37.6,37.6,1.6,1.6
0-6ч,2026-08-06T10:47:54Z,2026-08-06T12:00:00Z,1.2,39.8,37.5,37.1,2.3,2.3
0-6ч,2026-08-06T10:47:54Z,2026-08-06T13:00:00Z,2.2,40.2,38.3,37.8,1.9,1.9
0-6ч,2026-08-06T10:47:54Z,2026-08-06T14:00:00Z,3.2,40.5,38.0,37.7,2.5,2.5
0-6ч,2026-08-06T10:47:54Z,2026-08-06T15:00:00Z,4.2,39.9,36.8,38.0,3.1,3.1
0-6ч,2026-08-06T10:47:54Z,2026-08-06T16:00:00Z,5.2,38.6,30.8,37.0,7.8,7.8
0-6ч,2026-08-06T11:30:42Z,2026-08-06T12:00:00Z,0.5,39.8,37.5,37.1,2.3,2.3
0-6ч,2026-08-06T11:30:42Z,2026-08-06T13:00:00Z,1.5,40.2,38.3,37.8,1.9,1.9
0-6ч,2026-08-06T11:30:42Z,2026-08-06T14:00:00Z,2.5,40.5,38.0,37.7,2.5,2.5
0-6ч,2026-08-06T11:30:42Z,2026-08-06T15:00:00Z,3.5,39.9,36.8,38.0,3.1,3.1
0-6ч,2026-08-06T11:30:42Z,2026-08-06T16:00:00Z,4.5,38.6,30.8,37.0,7.8,7.8
0-6ч,2026-08-06T11:30:42Z,2026-08-06T17:00:00Z,5.5,35.0,31.2,35.4,3.8,3.8
0-6ч,2026-08-06T11:36:01Z,2026-08-06T12:00:00Z,0.4,39.6,37.5,37.1,2.1,2.1
0-6ч,2026-08-06T11:36:01Z,2026-08-06T13:00:00Z,1.4,39.8,38.3,37.8,1.5,1.5
0-6ч,2026-08-06T11:36:01Z,2026-08-06T14:00:00Z,2.4,39.7,38.0,37.7,1.7,1.7
0-6ч,2026-08-06T11:36:01Z,2026-08-06T15:00:00Z,3.4,39.3,36.8,38.0,2.5,2.5
0-6ч,2026-08-06T11:36:01Z,2026-08-06T16:00:00Z,4.4,38.8,30.8,37.0,8.0,8.0
0-6ч,2026-08-06T11:36:01Z,2026-08-06T17:00:00Z,5.4,35.6,31.2,35.4,4.4,4.4
0-6ч,2026-08-06T11:44:08Z,2026-08-06T12:00:00Z,0.3,39.6,37.5,37.1,2.1,2.1
0-6ч,2026-08-06T11:44:08Z,2026-08-06T13:00:00Z,1.3,39.8,38.3,37.8,1.5,1.5
0-6ч,2026-08-06T11:44:08Z,2026-08-06T14:00:00Z,2.3,39.7,38.0,37.7,1.7,1.7
0-6ч,2026-08-06T11:44:08Z,2026-08-06T15:00:00Z,3.3,39.3,36.8,38.0,2.5,2.5
0-6ч,2026-08-06T11:44:08Z,2026-08-06T16:00:00Z,4.3,38.8,30.8,37.0,8.0,8.0
0-6ч,2026-08-06T11:44:08Z,2026-08-06T17:00:00Z,5.3,35.6,31.2,35.4,4.4,4.4
0-6ч,2026-08-07T01:31:32Z,2026-08-07T02:00:00Z,0.5,26.0,24.8,26.5,1.2,1.2
0-6ч,2026-08-07T01:31:32Z,2026-08-07T03:00:00Z,1.5,24.7,24.6,27.2,0.1,0.1
0-6ч,2026-08-07T01:31:32Z,2026-08-07T04:00:00Z,2.5,24.8,24.9,27.5,-0.1,0.1
0-6ч,2026-08-07T01:31:32Z,2026-08-07T05:00:00Z,3.5,26.4,26.1,28.4,0.3,0.3
0-6ч,2026-08-07T01:31:32Z,2026-08-07T06:00:00Z,4.5,28.8,27.0,29.0,1.8,1.8
0-6ч,2026-08-07T01:31:32Z,2026-08-07T07:00:00Z,5.5,31.0,28.0,31.2,3.0,3.0
0-6ч,2026-08-07T05:36:00Z,2026-08-07T06:00:00Z,0.4,29.2,27.0,29.0,2.2,2.2
0-6ч,2026-08-07T05:36:00Z,2026-08-07T07:00:00Z,1.4,31.5,28.0,31.2,3.5,3.5
0-6ч,2026-08-07T05:36:00Z,2026-08-07T08:00:00Z,2.4,33.7,30.5,33.8,3.2,3.2
0-6ч,2026-08-07T05:36:00Z,2026-08-07T09:00:00Z,3.4,35.6,33.0,35.7,2.6,2.6
0-6ч,2026-08-07T05:36:00Z,2026-08-07T10:00:00Z,4.4,37.3,35.0,37.2,2.3,2.3
0-6ч,2026-08-07T05:36:00Z,2026-08-07T11:00:00Z,5.4,38.7,35.9,37.6,2.8,2.8
0-6ч,2026-08-07T06:18:59Z,2026-08-07T07:00:00Z,0.7,31.5,28.0,31.2,3.5,3.5
0-6ч,2026-08-07T06:18:59Z,2026-08-07T08:00:00Z,1.7,33.7,30.5,33.8,3.2,3.2
0-6ч,2026-08-07T06:18:59Z,2026-08-07T09:00:00Z,2.7,35.6,33.0,35.7,2.6,2.6
0-6ч,2026-08-07T06:18:59Z,2026-08-07T10:00:00Z,3.7,37.3,35.0,37.2,2.3,2.3
0-6ч,2026-08-07T06:18:59Z,2026-08-07T11:00:00Z,4.7,38.7,35.9,37.6,2.8,2.8
0-6ч,2026-08-07T06:18:59Z,2026-08-07T12:00:00Z,5.7,39.6,36.6,37.5,3.0,3.0
0-6ч,2026-08-07T07:13:52Z,2026-08-07T08:00:00Z,0.8,33.7,30.5,33.8,3.2,3.2
0-6ч,2026-08-07T07:13:52Z,2026-08-07T09:00:00Z,1.8,35.6,33.0,35.7,2.6,2.6
0-6ч,2026-08-07T07:13:52Z,2026-08-07T10:00:00Z,2.8,37.3,35.0,37.2,2.3,2.3
0-6ч,2026-08-07T07:13:52Z,2026-08-07T11:00:00Z,3.8,38.7,35.9,37.6,2.8,2.8
0-6ч,2026-08-07T07:13:52Z,2026-08-07T12:00:00Z,4.8,39.6,36.6,37.5,3.0,3.0
0-6ч,2026-08-07T07:13:52Z,2026-08-07T13:00:00Z,5.8,39.8,36.9,38.3,2.9,2.9
0-6ч,2026-08-07T10:39:14Z,2026-08-07T11:00:00Z,0.3,38.7,35.9,37.6,2.8,2.8
0-6ч,2026-08-07T10:39:14Z,2026-08-07T12:00:00Z,1.3,39.6,36.6,37.5,3.0,3.0
0-6ч,2026-08-07T10:39:14Z,2026-08-07T13:00:00Z,2.3,39.8,36.9,38.3,2.9,2.9
0-6ч,2026-08-07T10:39:14Z,2026-08-07T14:00:00Z,3.3,39.7,37.2,38.0,2.5,2.5
0-6ч,2026-08-07T10:39:14Z,2026-08-07T15:00:00Z,4.3,39.0,36.4,36.8,2.6,2.6
0-6ч,2026-08-07T10:39:14Z,2026-08-07T16:00:00Z,5.3,36.1,34.4,30.8,1.7,1.7
0-6ч,2026-08-07T16:51:54Z,2026-08-07T17:00:00Z,0.1,35.9,34.2,31.2,1.7,1.7
0-6ч,2026-08-07T16:51:54Z,2026-08-07T18:00:00Z,1.1,33.6,32.0,30.4,1.6,1.6
0-6ч,2026-08-07T16:51:54Z,2026-08-07T19:00:00Z,2.1,30.9,29.3,28.6,1.6,1.6
0-6ч,2026-08-07T16:51:54Z,2026-08-07T20:00:00Z,3.1,27.5,28.2,28.8,-0.7,0.7
0-6ч,2026-08-07T16:51:54Z,2026-08-07T21:00:00Z,4.1,27.0,27.2,27.6,-0.2,0.2
0-6ч,2026-08-07T16:51:54Z,2026-08-07T22:00:00Z,5.1,25.6,27.1,27.1,-1.5,1.5
0-6ч,2026-08-07T22:45:57Z,2026-08-07T23:00:00Z,0.2,24.5,25.7,26.3,-1.2,1.2
0-6ч,2026-08-07T22:45:57Z,2026-08-08T00:00:00Z,1.2,23.4,25.6,25.6,-2.2,2.2
0-6ч,2026-08-07T22:45:57Z,2026-08-08T01:00:00Z,2.2,22.5,25.1,25.3,-2.6,2.6
0-6ч,2026-08-07T22:45:57Z,2026-08-08T02:00:00Z,3.2,21.5,23.0,24.8,-1.5,1.5
0-6ч,2026-08-07T22:45:57Z,2026-08-08T03:00:00Z,4.2,21.1,21.4,24.6,-0.3,0.3
0-6ч,2026-08-07T22:45:57Z,2026-08-08T04:00:00Z,5.2,20.5,21.2,24.9,-0.7,0.7
0-6ч,2026-08-07T23:19:23Z,2026-08-08T00:00:00Z,0.7,23.4,25.6,25.6,-2.2,2.2
0-6ч,2026-08-07T23:19:23Z,2026-08-08T01:00:00Z,1.7,22.5,25.1,25.3,-2.6,2.6
0-6ч,2026-08-07T23:19:23Z,2026-08-08T02:00:00Z,2.7,21.5,23.0,24.8,-1.5,1.5
0-6ч,2026-08-07T23:19:23Z,2026-08-08T03:00:00Z,3.7,21.1,21.4,24.6,-0.3,0.3
0-6ч,2026-08-07T23:19:23Z,2026-08-08T04:00:00Z,4.7,20.5,21.2,24.9,-0.7,0.7
0-6ч,2026-08-07T23:19:23Z,2026-08-08T05:00:00Z,5.7,21.7,21.7,26.1,0.0,0.0
0-6ч,2026-08-08T04:50:53Z,2026-08-08T05:00:00Z,0.2,21.4,21.7,26.1,-0.3,0.3
0-6ч,2026-08-08T04:50:53Z,2026-08-08T06:00:00Z,1.2,23.5,22.6,27.0,0.9,0.9
0-6ч,2026-08-08T04:50:53Z,2026-08-08T07:00:00Z,2.2,25.8,24.4,28.0,1.4,1.4
0-6ч,2026-08-08T04:50:53Z,2026-08-08T08:00:00Z,3.2,28.2,25.6,30.5,2.6,2.6
0-6ч,2026-08-08T04:50:53Z,2026-08-08T09:00:00Z,4.2,30.3,28.1,33.0,2.2,2.2
0-6ч,2026-08-08T04:50:53Z,2026-08-08T10:00:00Z,5.2,32.0,29.7,35.0,2.3,2.3
0-6ч,2026-08-08T10:18:13Z,2026-08-08T11:00:00Z,0.7,33.4,30.9,35.9,2.5,2.5
0-6ч,2026-08-08T10:18:13Z,2026-08-08T12:00:00Z,1.7,34.6,31.4,36.6,3.2,3.2
0-6ч,2026-08-08T10:18:13Z,2026-08-08T13:00:00Z,2.7,35.0,32.0,36.9,3.0,3.0
0-6ч,2026-08-08T10:18:13Z,2026-08-08T14:00:00Z,3.7,35.3,31.3,37.2,4.0,4.0
0-6ч,2026-08-08T10:18:13Z,2026-08-08T15:00:00Z,4.7,35.1,32.0,36.4,3.1,3.1
0-6ч,2026-08-08T10:18:13Z,2026-08-08T16:00:00Z,5.7,34.1,31.3,34.4,2.8,2.8
0-6ч,2026-08-08T22:37:20Z,2026-08-08T23:00:00Z,0.4,22.4,24.9,25.7,-2.5,2.5
0-6ч,2026-08-08T22:37:20Z,2026-08-09T00:00:00Z,1.4,21.9,24.2,25.6,-2.3,2.3
0-6ч,2026-08-08T22:37:20Z,2026-08-09T01:00:00Z,2.4,21.2,23.8,25.1,-2.6,2.6
0-6ч,2026-08-08T22:37:20Z,2026-08-09T02:00:00Z,3.4,20.6,22.8,23.0,-2.2,2.2
0-6ч,2026-08-08T22:37:20Z,2026-08-09T03:00:00Z,4.4,20.0,21.3,21.4,-1.3,1.3
0-6ч,2026-08-08T22:37:20Z,2026-08-09T04:00:00Z,5.4,19.9,20.7,21.2,-0.8,0.8
0-6ч,2026-08-09T04:59:03Z,2026-08-09T05:00:00Z,0.0,21.2,21.8,21.7,-0.6,0.6
0-6ч,2026-08-09T04:59:03Z,2026-08-09T06:00:00Z,1.0,23.5,23.2,22.6,0.3,0.3
0-6ч,2026-08-09T04:59:03Z,2026-08-09T07:00:00Z,2.0,26.0,24.7,24.4,1.3,1.3
0-6ч,2026-08-09T04:59:03Z,2026-08-09T08:00:00Z,3.0,28.5,27.1,25.6,1.4,1.4
0-6ч,2026-08-09T04:59:03Z,2026-08-09T09:00:00Z,4.0,30.6,28.8,28.1,1.8,1.8
0-6ч,2026-08-09T04:59:03Z,2026-08-09T10:00:00Z,5.0,32.2,30.1,29.7,2.1,2.1
0-6ч,2026-08-09T10:19:29Z,2026-08-09T11:00:00Z,0.7,33.4,30.8,30.9,2.6,2.6
0-6ч,2026-08-09T10:19:29Z,2026-08-09T12:00:00Z,1.7,34.4,32.4,31.4,2.0,2.0
0-6ч,2026-08-09T10:19:29Z,2026-08-09T13:00:00Z,2.7,34.9,32.7,32.0,2.2,2.2
0-6ч,2026-08-09T10:19:29Z,2026-08-09T14:00:00Z,3.7,35.1,33.2,31.3,1.9,1.9
0-6ч,2026-08-09T10:19:29Z,2026-08-09T15:00:00Z,4.7,35.0,33.1,32.0,1.9,1.9
0-6ч,2026-08-09T10:19:29Z,2026-08-09T16:00:00Z,5.7,34.5,32.2,31.3,2.3,2.3
0-6ч,2026-08-09T12:41:38Z,2026-08-09T13:00:00Z,0.3,34.9,32.7,32.0,2.2,2.2
0-6ч,2026-08-09T12:41:38Z,2026-08-09T14:00:00Z,1.3,35.1,33.2,31.3,1.9,1.9
0-6ч,2026-08-09T12:41:38Z,2026-08-09T15:00:00Z,2.3,35.0,33.1,32.0,1.9,1.9
0-6ч,2026-08-09T12:41:38Z,2026-08-09T16:00:00Z,3.3,34.5,32.2,31.3,2.3,2.3
0-6ч,2026-08-09T12:41:38Z,2026-08-09T17:00:00Z,4.3,32.7,30.8,30.0,1.9,1.9
0-6ч,2026-08-09T12:41:38Z,2026-08-09T18:00:00Z,5.3,28.9,29.7,29.2,-0.8,0.8
0-6ч,2026-08-09T12:45:53Z,2026-08-09T13:00:00Z,0.2,34.9,32.7,32.0,2.2,2.2
0-6ч,2026-08-09T12:45:53Z,2026-08-09T14:00:00Z,1.2,35.1,33.2,31.3,1.9,1.9
0-6ч,2026-08-09T12:45:53Z,2026-08-09T15:00:00Z,2.2,35.0,33.1,32.0,1.9,1.9
0-6ч,2026-08-09T12:45:53Z,2026-08-09T16:00:00Z,3.2,34.5,32.2,31.3,2.3,2.3
0-6ч,2026-08-09T12:45:53Z,2026-08-09T17:00:00Z,4.2,32.7,30.8,30.0,1.9,1.9
0-6ч,2026-08-09T12:45:53Z,2026-08-09T18:00:00Z,5.2,28.9,29.7,29.2,-0.8,0.8
0-6ч,2026-08-09T12:48:15Z,2026-08-09T13:00:00Z,0.2,34.9,32.7,32.0,2.2,2.2
0-6ч,2026-08-09T12:48:15Z,2026-08-09T14:00:00Z,1.2,35.1,33.2,31.3,1.9,1.9
0-6ч,2026-08-09T12:48:15Z,2026-08-09T15:00:00Z,2.2,35.0,33.1,32.0,1.9,1.9
0-6ч,2026-08-09T12:48:15Z,2026-08-09T16:00:00Z,3.2,34.5,32.2,31.3,2.3,2.3
0-6ч,2026-08-09T12:48:15Z,2026-08-09T17:00:00Z,4.2,32.7,30.8,30.0,1.9,1.9
0-6ч,2026-08-09T12:48:15Z,2026-08-09T18:00:00Z,5.2,28.9,29.7,29.2,-0.8,0.8
0-6ч,2026-08-09T16:31:44Z,2026-08-09T17:00:00Z,0.5,32.7,30.8,30.0,1.9,1.9
0-6ч,2026-08-09T16:31:44Z,2026-08-09T18:00:00Z,1.5,28.9,29.7,29.2,-0.8,0.8
0-6ч,2026-08-09T16:31:44Z,2026-08-09T19:00:00Z,2.5,26.9,28.3,28.4,-1.4,1.4
0-6ч,2026-08-09T16:31:44Z,2026-08-09T20:00:00Z,3.5,25.6,27.3,27.6,-1.7,1.7
0-6ч,2026-08-09T16:31:44Z,2026-08-09T21:00:00Z,4.5,24.6,26.6,26.6,-2.0,2.0
0-6ч,2026-08-09T16:31:44Z,2026-08-09T22:00:00Z,5.5,24.0,24.9,25.4,-0.9,0.9
0-6ч,2026-08-09T22:39:09Z,2026-08-09T23:00:00Z,0.3,23.2,24.0,24.9,-0.8,0.8
0-6ч,2026-08-09T22:39:09Z,2026-08-10T00:00:00Z,1.3,22.6,23.3,24.2,-0.7,0.7
0-6ч,2026-08-09T22:39:09Z,2026-08-10T01:00:00Z,2.3,22.2,22.9,23.8,-0.7,0.7
0-6ч,2026-08-09T22:39:09Z,2026-08-10T02:00:00Z,3.3,21.9,23.1,22.8,-1.2,1.2
0-6ч,2026-08-09T22:39:09Z,2026-08-10T03:00:00Z,4.3,21.6,22.6,21.3,-1.0,1.0
0-6ч,2026-08-09T22:39:09Z,2026-08-10T04:00:00Z,5.3,21.4,21.3,20.7,0.1,0.1
6-24ч,2026-08-06T09:50:07Z,2026-08-06T16:00:00Z,6.2,38.6,30.8,37.0,7.8,7.8
6-24ч,2026-08-06T09:50:07Z,2026-08-06T17:00:00Z,7.2,35.0,31.2,35.4,3.8,3.8
6-24ч,2026-08-06T09:50:07Z,2026-08-06T18:00:00Z,8.2,32.2,30.4,33.6,1.8,1.8
6-24ч,2026-08-06T09:50:07Z,2026-08-06T19:00:00Z,9.2,30.8,28.6,31.3,2.2,2.2
6-24ч,2026-08-06T09:50:07Z,2026-08-06T20:00:00Z,10.2,29.7,28.8,30.3,0.9,0.9
6-24ч,2026-08-06T09:50:07Z,2026-08-06T21:00:00Z,11.2,27.8,27.6,29.3,0.2,0.2
6-24ч,2026-08-06T09:50:07Z,2026-08-06T22:00:00Z,12.2,27.2,27.1,28.5,0.1,0.1
6-24ч,2026-08-06T09:50:07Z,2026-08-06T23:00:00Z,13.2,27.2,26.3,28.0,0.9,0.9
6-24ч,2026-08-06T09:50:07Z,2026-08-07T00:00:00Z,14.2,26.8,25.6,27.4,1.2,1.2
6-24ч,2026-08-06T09:50:07Z,2026-08-07T01:00:00Z,15.2,26.1,25.3,27.2,0.8,0.8
6-24ч,2026-08-06T09:50:07Z,2026-08-07T02:00:00Z,16.2,25.7,24.8,26.5,0.9,0.9
6-24ч,2026-08-06T09:50:07Z,2026-08-07T03:00:00Z,17.2,25.5,24.6,27.2,0.9,0.9
6-24ч,2026-08-06T09:50:07Z,2026-08-07T04:00:00Z,18.2,25.4,24.9,27.5,0.5,0.5
6-24ч,2026-08-06T09:50:07Z,2026-08-07T05:00:00Z,19.2,27.2,26.1,28.4,1.1,1.1
6-24ч,2026-08-06T09:50:07Z,2026-08-07T06:00:00Z,20.2,28.7,27.0,29.0,1.7,1.7
6-24ч,2026-08-06T09:50:07Z,2026-08-07T07:00:00Z,21.2,30.5,28.0,31.2,2.5,2.5
6-24ч,2026-08-06T09:50:07Z,2026-08-07T08:00:00Z,22.2,32.6,30.5,33.8,2.1,2.1
6-24ч,2026-08-06T09:50:07Z,2026-08-07T09:00:00Z,23.2,34.7,33.0,35.7,1.7,1.7
6-24ч,2026-08-06T09:59:18Z,2026-08-06T16:00:00Z,6.0,38.6,30.8,37.0,7.8,7.8
6-24ч,2026-08-06T09:59:18Z,2026-08-06T17:00:00Z,7.0,35.0,31.2,35.4,3.8,3.8
6-24ч,2026-08-06T09:59:18Z,2026-08-06T18:00:00Z,8.0,32.2,30.4,33.6,1.8,1.8
6-24ч,2026-08-06T09:59:18Z,2026-08-06T19:00:00Z,9.0,30.8,28.6,31.3,2.2,2.2
6-24ч,2026-08-06T09:59:18Z,2026-08-06T20:00:00Z,10.0,29.7,28.8,30.3,0.9,0.9
6-24ч,2026-08-06T09:59:18Z,2026-08-06T21:00:00Z,11.0,27.8,27.6,29.3,0.2,0.2
6-24ч,2026-08-06T09:59:18Z,2026-08-06T22:00:00Z,12.0,27.2,27.1,28.5,0.1,0.1
6-24ч,2026-08-06T09:59:18Z,2026-08-06T23:00:00Z,13.0,27.2,26.3,28.0,0.9,0.9
6-24ч,2026-08-06T09:59:18Z,2026-08-07T00:00:00Z,14.0,26.8,25.6,27.4,1.2,1.2
6-24ч,2026-08-06T09:59:18Z,2026-08-07T01:00:00Z,15.0,26.1,25.3,27.2,0.8,0.8
6-24ч,2026-08-06T09:59:18Z,2026-08-07T02:00:00Z,16.0,25.7,24.8,26.5,0.9,0.9
6-24ч,2026-08-06T09:59:18Z,2026-08-07T03:00:00Z,17.0,25.5,24.6,27.2,0.9,0.9
6-24ч,2026-08-06T09:59:18Z,2026-08-07T04:00:00Z,18.0,25.4,24.9,27.5,0.5,0.5
6-24ч,2026-08-06T09:59:18Z,2026-08-07T05:00:00Z,19.0,27.2,26.1,28.4,1.1,1.1
6-24ч,2026-08-06T09:59:18Z,2026-08-07T06:00:00Z,20.0,28.7,27.0,29.0,1.7,1.7
6-24ч,2026-08-06T09:59:18Z,2026-08-07T07:00:00Z,21.0,30.5,28.0,31.2,2.5,2.5
6-24ч,2026-08-06T09:59:18Z,2026-08-07T08:00:00Z,22.0,32.6,30.5,33.8,2.1,2.1
6-24ч,2026-08-06T09:59:18Z,2026-08-07T09:00:00Z,23.0,34.7,33.0,35.7,1.7,1.7
6-24ч,2026-08-06T10:08:26Z,2026-08-06T17:00:00Z,6.9,35.0,31.2,35.4,3.8,3.8
6-24ч,2026-08-06T10:08:26Z,2026-08-06T18:00:00Z,7.9,32.2,30.4,33.6,1.8,1.8
6-24ч,2026-08-06T10:08:26Z,2026-08-06T19:00:00Z,8.9,30.8,28.6,31.3,2.2,2.2
6-24ч,2026-08-06T10:08:26Z,2026-08-06T20:00:00Z,9.9,29.7,28.8,30.3,0.9,0.9
6-24ч,2026-08-06T10:08:26Z,2026-08-06T21:00:00Z,10.9,27.8,27.6,29.3,0.2,0.2
6-24ч,2026-08-06T10:08:26Z,2026-08-06T22:00:00Z,11.9,27.2,27.1,28.5,0.1,0.1
6-24ч,2026-08-06T10:08:26Z,2026-08-06T23:00:00Z,12.9,27.2,26.3,28.0,0.9,0.9
6-24ч,2026-08-06T10:08:26Z,2026-08-07T00:00:00Z,13.9,26.8,25.6,27.4,1.2,1.2
6-24ч,2026-08-06T10:08:26Z,2026-08-07T01:00:00Z,14.9,26.1,25.3,27.2,0.8,0.8
6-24ч,2026-08-06T10:08:26Z,2026-08-07T02:00:00Z,15.9,25.7,24.8,26.5,0.9,0.9
6-24ч,2026-08-06T10:08:26Z,2026-08-07T03:00:00Z,16.9,25.5,24.6,27.2,0.9,0.9
6-24ч,2026-08-06T10:08:26Z,2026-08-07T04:00:00Z,17.9,25.4,24.9,27.5,0.5,0.5
6-24ч,2026-08-06T10:08:26Z,2026-08-07T05:00:00Z,18.9,27.2,26.1,28.4,1.1,1.1
6-24ч,2026-08-06T10:08:26Z,2026-08-07T06:00:00Z,19.9,28.7,27.0,29.0,1.7,1.7
6-24ч,2026-08-06T10:08:26Z,2026-08-07T07:00:00Z,20.9,30.5,28.0,31.2,2.5,2.5
6-24ч,2026-08-06T10:08:26Z,2026-08-07T08:00:00Z,21.9,32.6,30.5,33.8,2.1,2.1
6-24ч,2026-08-06T10:08:26Z,2026-08-07T09:00:00Z,22.9,34.7,33.0,35.7,1.7,1.7
6-24ч,2026-08-06T10:08:26Z,2026-08-07T10:00:00Z,23.9,36.3,35.0,37.2,1.3,1.3
6-24ч,2026-08-06T10:47:54Z,2026-08-06T17:00:00Z,6.2,35.0,31.2,35.4,3.8,3.8
6-24ч,2026-08-06T10:47:54Z,2026-08-06T18:00:00Z,7.2,32.2,30.4,33.6,1.8,1.8
6-24ч,2026-08-06T10:47:54Z,2026-08-06T19:00:00Z,8.2,30.8,28.6,31.3,2.2,2.2
6-24ч,2026-08-06T10:47:54Z,2026-08-06T20:00:00Z,9.2,29.7,28.8,30.3,0.9,0.9
6-24ч,2026-08-06T10:47:54Z,2026-08-06T21:00:00Z,10.2,27.8,27.6,29.3,0.2,0.2
6-24ч,2026-08-06T10:47:54Z,2026-08-06T22:00:00Z,11.2,27.2,27.1,28.5,0.1,0.1
6-24ч,2026-08-06T10:47:54Z,2026-08-06T23:00:00Z,12.2,27.2,26.3,28.0,0.9,0.9
6-24ч,2026-08-06T10:47:54Z,2026-08-07T00:00:00Z,13.2,26.8,25.6,27.4,1.2,1.2
6-24ч,2026-08-06T10:47:54Z,2026-08-07T01:00:00Z,14.2,26.1,25.3,27.2,0.8,0.8
6-24ч,2026-08-06T10:47:54Z,2026-08-07T02:00:00Z,15.2,25.7,24.8,26.5,0.9,0.9
6-24ч,2026-08-06T10:47:54Z,2026-08-07T03:00:00Z,16.2,25.5,24.6,27.2,0.9,0.9
6-24ч,2026-08-06T10:47:54Z,2026-08-07T04:00:00Z,17.2,25.4,24.9,27.5,0.5,0.5
6-24ч,2026-08-06T10:47:54Z,2026-08-07T05:00:00Z,18.2,27.2,26.1,28.4,1.1,1.1
6-24ч,2026-08-06T10:47:54Z,2026-08-07T06:00:00Z,19.2,28.7,27.0,29.0,1.7,1.7
6-24ч,2026-08-06T10:47:54Z,2026-08-07T07:00:00Z,20.2,30.5,28.0,31.2,2.5,2.5
6-24ч,2026-08-06T10:47:54Z,2026-08-07T08:00:00Z,21.2,32.6,30.5,33.8,2.1,2.1
6-24ч,2026-08-06T10:47:54Z,2026-08-07T09:00:00Z,22.2,34.7,33.0,35.7,1.7,1.7
6-24ч,2026-08-06T10:47:54Z,2026-08-07T10:00:00Z,23.2,36.3,35.0,37.2,1.3,1.3
6-24ч,2026-08-06T11:30:42Z,2026-08-06T18:00:00Z,6.5,32.2,30.4,33.6,1.8,1.8
6-24ч,2026-08-06T11:30:42Z,2026-08-06T19:00:00Z,7.5,30.8,28.6,31.3,2.2,2.2
6-24ч,2026-08-06T11:30:42Z,2026-08-06T20:00:00Z,8.5,29.7,28.8,30.3,0.9,0.9
6-24ч,2026-08-06T11:30:42Z,2026-08-06T21:00:00Z,9.5,27.8,27.6,29.3,0.2,0.2
6-24ч,2026-08-06T11:30:42Z,2026-08-06T22:00:00Z,10.5,27.2,27.1,28.5,0.1,0.1
6-24ч,2026-08-06T11:30:42Z,2026-08-06T23:00:00Z,11.5,27.2,26.3,28.0,0.9,0.9
6-24ч,2026-08-06T11:30:42Z,2026-08-07T00:00:00Z,12.5,26.8,25.6,27.4,1.2,1.2
6-24ч,2026-08-06T11:30:42Z,2026-08-07T01:00:00Z,13.5,26.1,25.3,27.2,0.8,0.8
6-24ч,2026-08-06T11:30:42Z,2026-08-07T02:00:00Z,14.5,25.7,24.8,26.5,0.9,0.9
6-24ч,2026-08-06T11:30:42Z,2026-08-07T03:00:00Z,15.5,25.5,24.6,27.2,0.9,0.9
6-24ч,2026-08-06T11:30:42Z,2026-08-07T04:00:00Z,16.5,25.4,24.9,27.5,0.5,0.5
6-24ч,2026-08-06T11:30:42Z,2026-08-07T05:00:00Z,17.5,27.2,26.1,28.4,1.1,1.1
6-24ч,2026-08-06T11:30:42Z,2026-08-07T06:00:00Z,18.5,28.7,27.0,29.0,1.7,1.7
6-24ч,2026-08-06T11:30:42Z,2026-08-07T07:00:00Z,19.5,30.5,28.0,31.2,2.5,2.5
6-24ч,2026-08-06T11:30:42Z,2026-08-07T08:00:00Z,20.5,32.6,30.5,33.8,2.1,2.1
6-24ч,2026-08-06T11:30:42Z,2026-08-07T09:00:00Z,21.5,34.7,33.0,35.7,1.7,1.7
6-24ч,2026-08-06T11:30:42Z,2026-08-07T10:00:00Z,22.5,36.3,35.0,37.2,1.3,1.3
6-24ч,2026-08-06T11:30:42Z,2026-08-07T11:00:00Z,23.5,37.0,35.9,37.6,1.1,1.1
6-24ч,2026-08-06T11:36:01Z,2026-08-06T18:00:00Z,6.4,31.9,30.4,33.6,1.5,1.5
6-24ч,2026-08-06T11:36:01Z,2026-08-06T19:00:00Z,7.4,30.2,28.6,31.3,1.6,1.6
6-24ч,2026-08-06T11:36:01Z,2026-08-06T20:00:00Z,8.4,30.5,28.8,30.3,1.7,1.7
6-24ч,2026-08-06T11:36:01Z,2026-08-06T21:00:00Z,9.4,29.3,27.6,29.3,1.7,1.7
6-24ч,2026-08-06T11:36:01Z,2026-08-06T22:00:00Z,10.4,27.2,27.1,28.5,0.1,0.1
6-24ч,2026-08-06T11:36:01Z,2026-08-06T23:00:00Z,11.4,27.0,26.3,28.0,0.7,0.7
6-24ч,2026-08-06T11:36:01Z,2026-08-07T00:00:00Z,12.4,26.4,25.6,27.4,0.8,0.8
6-24ч,2026-08-06T11:36:01Z,2026-08-07T01:00:00Z,13.4,26.7,25.3,27.2,1.4,1.4
6-24ч,2026-08-06T11:36:01Z,2026-08-07T02:00:00Z,14.4,26.4,24.8,26.5,1.6,1.6
6-24ч,2026-08-06T11:36:01Z,2026-08-07T03:00:00Z,15.4,24.9,24.6,27.2,0.3,0.3
6-24ч,2026-08-06T11:36:01Z,2026-08-07T04:00:00Z,16.4,25.3,24.9,27.5,0.4,0.4
6-24ч,2026-08-06T11:36:01Z,2026-08-07T05:00:00Z,17.4,26.8,26.1,28.4,0.7,0.7
6-24ч,2026-08-06T11:36:01Z,2026-08-07T06:00:00Z,18.4,29.5,27.0,29.0,2.5,2.5
6-24ч,2026-08-06T11:36:01Z,2026-08-07T07:00:00Z,19.4,30.9,28.0,31.2,2.9,2.9
6-24ч,2026-08-06T11:36:01Z,2026-08-07T08:00:00Z,20.4,32.9,30.5,33.8,2.4,2.4
6-24ч,2026-08-06T11:36:01Z,2026-08-07T09:00:00Z,21.4,34.7,33.0,35.7,1.7,1.7
6-24ч,2026-08-06T11:36:01Z,2026-08-07T10:00:00Z,22.4,36.3,35.0,37.2,1.3,1.3
6-24ч,2026-08-06T11:36:01Z,2026-08-07T11:00:00Z,23.4,37.4,35.9,37.6,1.5,1.5
6-24ч,2026-08-06T11:44:08Z,2026-08-06T18:00:00Z,6.3,31.9,30.4,33.6,1.5,1.5
6-24ч,2026-08-06T11:44:08Z,2026-08-06T19:00:00Z,7.3,30.2,28.6,31.3,1.6,1.6
6-24ч,2026-08-06T11:44:08Z,2026-08-06T20:00:00Z,8.3,30.5,28.8,30.3,1.7,1.7
6-24ч,2026-08-06T11:44:08Z,2026-08-06T21:00:00Z,9.3,29.3,27.6,29.3,1.7,1.7
6-24ч,2026-08-06T11:44:08Z,2026-08-06T22:00:00Z,10.3,27.2,27.1,28.5,0.1,0.1
6-24ч,2026-08-06T11:44:08Z,2026-08-06T23:00:00Z,11.3,27.0,26.3,28.0,0.7,0.7
6-24ч,2026-08-06T11:44:08Z,2026-08-07T00:00:00Z,12.3,26.4,25.6,27.4,0.8,0.8
6-24ч,2026-08-06T11:44:08Z,2026-08-07T01:00:00Z,13.3,26.7,25.3,27.2,1.4,1.4
6-24ч,2026-08-06T11:44:08Z,2026-08-07T02:00:00Z,14.3,26.4,24.8,26.5,1.6,1.6
6-24ч,2026-08-06T11:44:08Z,2026-08-07T03:00:00Z,15.3,24.9,24.6,27.2,0.3,0.3
6-24ч,2026-08-06T11:44:08Z,2026-08-07T04:00:00Z,16.3,25.3,24.9,27.5,0.4,0.4
6-24ч,2026-08-06T11:44:08Z,2026-08-07T05:00:00Z,17.3,26.8,26.1,28.4,0.7,0.7
6-24ч,2026-08-06T11:44:08Z,2026-08-07T06:00:00Z,18.3,29.5,27.0,29.0,2.5,2.5
6-24ч,2026-08-06T11:44:08Z,2026-08-07T07:00:00Z,19.3,30.9,28.0,31.2,2.9,2.9
6-24ч,2026-08-06T11:44:08Z,2026-08-07T08:00:00Z,20.3,32.9,30.5,33.8,2.4,2.4
6-24ч,2026-08-06T11:44:08Z,2026-08-07T09:00:00Z,21.3,34.7,33.0,35.7,1.7,1.7
6-24ч,2026-08-06T11:44:08Z,2026-08-07T10:00:00Z,22.3,36.3,35.0,37.2,1.3,1.3
6-24ч,2026-08-06T11:44:08Z,2026-08-07T11:00:00Z,23.3,37.4,35.9,37.6,1.5,1.5
6-24ч,2026-08-07T01:31:32Z,2026-08-07T08:00:00Z,6.5,33.0,30.5,33.8,2.5,2.5
6-24ч,2026-08-07T01:31:32Z,2026-08-07T09:00:00Z,7.5,34.4,33.0,35.7,1.4,1.4
6-24ч,2026-08-07T01:31:32Z,2026-08-07T10:00:00Z,8.5,36.0,35.0,37.2,1.0,1.0
6-24ч,2026-08-07T01:31:32Z,2026-08-07T11:00:00Z,9.5,37.9,35.9,37.6,2.0,2.0
6-24ч,2026-08-07T01:31:32Z,2026-08-07T12:00:00Z,10.5,39.2,36.6,37.5,2.6,2.6
6-24ч,2026-08-07T01:31:32Z,2026-08-07T13:00:00Z,11.5,38.1,36.9,38.3,1.2,1.2
6-24ч,2026-08-07T01:31:32Z,2026-08-07T14:00:00Z,12.5,34.3,37.2,38.0,-2.9,2.9
6-24ч,2026-08-07T01:31:32Z,2026-08-07T15:00:00Z,13.5,34.5,36.4,36.8,-1.9,1.9
6-24ч,2026-08-07T01:31:32Z,2026-08-07T16:00:00Z,14.5,33.4,34.4,30.8,-1.0,1.0
6-24ч,2026-08-07T01:31:32Z,2026-08-07T17:00:00Z,15.5,33.6,34.2,31.2,-0.6,0.6
6-24ч,2026-08-07T01:31:32Z,2026-08-07T18:00:00Z,16.5,31.7,32.0,30.4,-0.3,0.3
6-24ч,2026-08-07T01:31:32Z,2026-08-07T19:00:00Z,17.5,31.9,29.3,28.6,2.6,2.6
6-24ч,2026-08-07T01:31:32Z,2026-08-07T20:00:00Z,18.5,29.4,28.2,28.8,1.2,1.2
6-24ч,2026-08-07T01:31:32Z,2026-08-07T21:00:00Z,19.5,27.6,27.2,27.6,0.4,0.4
6-24ч,2026-08-07T01:31:32Z,2026-08-07T22:00:00Z,20.5,24.1,27.1,27.1,-3.0,3.0
6-24ч,2026-08-07T01:31:32Z,2026-08-07T23:00:00Z,21.5,23.1,25.7,26.3,-2.6,2.6
6-24ч,2026-08-07T01:31:32Z,2026-08-08T00:00:00Z,22.5,22.6,25.6,25.6,-3.0,3.0
6-24ч,2026-08-07T01:31:32Z,2026-08-08T01:00:00Z,23.5,21.9,25.1,25.3,-3.2,3.2
6-24ч,2026-08-07T05:36:00Z,2026-08-07T12:00:00Z,6.4,39.6,36.6,37.5,3.0,3.0
6-24ч,2026-08-07T05:36:00Z,2026-08-07T13:00:00Z,7.4,39.8,36.9,38.3,2.9,2.9
6-24ч,2026-08-07T05:36:00Z,2026-08-07T14:00:00Z,8.4,39.7,37.2,38.0,2.5,2.5
6-24ч,2026-08-07T05:36:00Z,2026-08-07T15:00:00Z,9.4,39.0,36.4,36.8,2.6,2.6
6-24ч,2026-08-07T05:36:00Z,2026-08-07T16:00:00Z,10.4,36.1,34.4,30.8,1.7,1.7
6-24ч,2026-08-07T05:36:00Z,2026-08-07T17:00:00Z,11.4,35.4,34.2,31.2,1.2,1.2
6-24ч,2026-08-07T05:36:00Z,2026-08-07T18:00:00Z,12.4,34.0,32.0,30.4,2.0,2.0
6-24ч,2026-08-07T05:36:00Z,2026-08-07T19:00:00Z,13.4,30.6,29.3,28.6,1.3,1.3
6-24ч,2026-08-07T05:36:00Z,2026-08-07T20:00:00Z,14.4,29.4,28.2,28.8,1.2,1.2
6-24ч,2026-08-07T05:36:00Z,2026-08-07T21:00:00Z,15.4,28.5,27.2,27.6,1.3,1.3
6-24ч,2026-08-07T05:36:00Z,2026-08-07T22:00:00Z,16.4,25.5,27.1,27.1,-1.6,1.6
6-24ч,2026-08-07T05:36:00Z,2026-08-07T23:00:00Z,17.4,24.9,25.7,26.3,-0.8,0.8
6-24ч,2026-08-07T05:36:00Z,2026-08-08T00:00:00Z,18.4,23.8,25.6,25.6,-1.8,1.8
6-24ч,2026-08-07T05:36:00Z,2026-08-08T01:00:00Z,19.4,23.3,25.1,25.3,-1.8,1.8
6-24ч,2026-08-07T05:36:00Z,2026-08-08T02:00:00Z,20.4,23.0,23.0,24.8,0.0,0.0
6-24ч,2026-08-07T05:36:00Z,2026-08-08T03:00:00Z,21.4,21.1,21.4,24.6,-0.3,0.3
6-24ч,2026-08-07T05:36:00Z,2026-08-08T04:00:00Z,22.4,20.7,21.2,24.9,-0.5,0.5
6-24ч,2026-08-07T05:36:00Z,2026-08-08T05:00:00Z,23.4,22.2,21.7,26.1,0.5,0.5
6-24ч,2026-08-07T06:18:59Z,2026-08-07T13:00:00Z,6.7,39.8,36.9,38.3,2.9,2.9
6-24ч,2026-08-07T06:18:59Z,2026-08-07T14:00:00Z,7.7,39.7,37.2,38.0,2.5,2.5
6-24ч,2026-08-07T06:18:59Z,2026-08-07T15:00:00Z,8.7,39.0,36.4,36.8,2.6,2.6
6-24ч,2026-08-07T06:18:59Z,2026-08-07T16:00:00Z,9.7,36.1,34.4,30.8,1.7,1.7
6-24ч,2026-08-07T06:18:59Z,2026-08-07T17:00:00Z,10.7,35.4,34.2,31.2,1.2,1.2
6-24ч,2026-08-07T06:18:59Z,2026-08-07T18:00:00Z,11.7,34.0,32.0,30.4,2.0,2.0
6-24ч,2026-08-07T06:18:59Z,2026-08-07T19:00:00Z,12.7,30.6,29.3,28.6,1.3,1.3
6-24ч,2026-08-07T06:18:59Z,2026-08-07T20:00:00Z,13.7,29.4,28.2,28.8,1.2,1.2
6-24ч,2026-08-07T06:18:59Z,2026-08-07T21:00:00Z,14.7,28.5,27.2,27.6,1.3,1.3
6-24ч,2026-08-07T06:18:59Z,2026-08-07T22:00:00Z,15.7,25.5,27.1,27.1,-1.6,1.6
6-24ч,2026-08-07T06:18:59Z,2026-08-07T23:00:00Z,16.7,24.9,25.7,26.3,-0.8,0.8
6-24ч,2026-08-07T06:18:59Z,2026-08-08T00:00:00Z,17.7,23.8,25.6,25.6,-1.8,1.8
6-24ч,2026-08-07T06:18:59Z,2026-08-08T01:00:00Z,18.7,23.3,25.1,25.3,-1.8,1.8
6-24ч,2026-08-07T06:18:59Z,2026-08-08T02:00:00Z,19.7,23.0,23.0,24.8,0.0,0.0
6-24ч,2026-08-07T06:18:59Z,2026-08-08T03:00:00Z,20.7,21.1,21.4,24.6,-0.3,0.3
6-24ч,2026-08-07T06:18:59Z,2026-08-08T04:00:00Z,21.7,20.7,21.2,24.9,-0.5,0.5
6-24ч,2026-08-07T06:18:59Z,2026-08-08T05:00:00Z,22.7,22.2,21.7,26.1,0.5,0.5
6-24ч,2026-08-07T06:18:59Z,2026-08-08T06:00:00Z,23.7,24.2,22.6,27.0,1.6,1.6
6-24ч,2026-08-07T07:13:52Z,2026-08-07T14:00:00Z,6.8,39.7,37.2,38.0,2.5,2.5
6-24ч,2026-08-07T07:13:52Z,2026-08-07T15:00:00Z,7.8,39.0,36.4,36.8,2.6,2.6
6-24ч,2026-08-07T07:13:52Z,2026-08-07T16:00:00Z,8.8,36.1,34.4,30.8,1.7,1.7
6-24ч,2026-08-07T07:13:52Z,2026-08-07T17:00:00Z,9.8,35.4,34.2,31.2,1.2,1.2
6-24ч,2026-08-07T07:13:52Z,2026-08-07T18:00:00Z,10.8,34.0,32.0,30.4,2.0,2.0
6-24ч,2026-08-07T07:13:52Z,2026-08-07T19:00:00Z,11.8,30.6,29.3,28.6,1.3,1.3
6-24ч,2026-08-07T07:13:52Z,2026-08-07T20:00:00Z,12.8,29.4,28.2,28.8,1.2,1.2
6-24ч,2026-08-07T07:13:52Z,2026-08-07T21:00:00Z,13.8,28.5,27.2,27.6,1.3,1.3
6-24ч,2026-08-07T07:13:52Z,2026-08-07T22:00:00Z,14.8,25.5,27.1,27.1,-1.6,1.6
6-24ч,2026-08-07T07:13:52Z,2026-08-07T23:00:00Z,15.8,24.9,25.7,26.3,-0.8,0.8
6-24ч,2026-08-07T07:13:52Z,2026-08-08T00:00:00Z,16.8,23.8,25.6,25.6,-1.8,1.8
6-24ч,2026-08-07T07:13:52Z,2026-08-08T01:00:00Z,17.8,23.3,25.1,25.3,-1.8,1.8
6-24ч,2026-08-07T07:13:52Z,2026-08-08T02:00:00Z,18.8,23.0,23.0,24.8,0.0,0.0
6-24ч,2026-08-07T07:13:52Z,2026-08-08T03:00:00Z,19.8,21.1,21.4,24.6,-0.3,0.3
6-24ч,2026-08-07T07:13:52Z,2026-08-08T04:00:00Z,20.8,20.7,21.2,24.9,-0.5,0.5
6-24ч,2026-08-07T07:13:52Z,2026-08-08T05:00:00Z,21.8,22.2,21.7,26.1,0.5,0.5
6-24ч,2026-08-07T07:13:52Z,2026-08-08T06:00:00Z,22.8,24.2,22.6,27.0,1.6,1.6
6-24ч,2026-08-07T07:13:52Z,2026-08-08T07:00:00Z,23.8,26.3,24.4,28.0,1.9,1.9
6-24ч,2026-08-07T10:39:14Z,2026-08-07T17:00:00Z,6.3,35.4,34.2,31.2,1.2,1.2
6-24ч,2026-08-07T10:39:14Z,2026-08-07T18:00:00Z,7.3,34.0,32.0,30.4,2.0,2.0
6-24ч,2026-08-07T10:39:14Z,2026-08-07T19:00:00Z,8.3,30.6,29.3,28.6,1.3,1.3
6-24ч,2026-08-07T10:39:14Z,2026-08-07T20:00:00Z,9.3,29.4,28.2,28.8,1.2,1.2
6-24ч,2026-08-07T10:39:14Z,2026-08-07T21:00:00Z,10.3,28.5,27.2,27.6,1.3,1.3
6-24ч,2026-08-07T10:39:14Z,2026-08-07T22:00:00Z,11.3,25.5,27.1,27.1,-1.6,1.6
6-24ч,2026-08-07T10:39:14Z,2026-08-07T23:00:00Z,12.3,24.9,25.7,26.3,-0.8,0.8
6-24ч,2026-08-07T10:39:14Z,2026-08-08T00:00:00Z,13.3,23.8,25.6,25.6,-1.8,1.8
6-24ч,2026-08-07T10:39:14Z,2026-08-08T01:00:00Z,14.3,23.3,25.1,25.3,-1.8,1.8
6-24ч,2026-08-07T10:39:14Z,2026-08-08T02:00:00Z,15.3,23.0,23.0,24.8,0.0,0.0
6-24ч,2026-08-07T10:39:14Z,2026-08-08T03:00:00Z,16.3,21.1,21.4,24.6,-0.3,0.3
6-24ч,2026-08-07T10:39:14Z,2026-08-08T04:00:00Z,17.3,20.7,21.2,24.9,-0.5,0.5
6-24ч,2026-08-07T10:39:14Z,2026-08-08T05:00:00Z,18.3,22.2,21.7,26.1,0.5,0.5
6-24ч,2026-08-07T10:39:14Z,2026-08-08T06:00:00Z,19.3,24.2,22.6,27.0,1.6,1.6
6-24ч,2026-08-07T10:39:14Z,2026-08-08T07:00:00Z,20.3,26.3,24.4,28.0,1.9,1.9
6-24ч,2026-08-07T10:39:14Z,2026-08-08T08:00:00Z,21.3,28.8,25.6,30.5,3.2,3.2
6-24ч,2026-08-07T10:39:14Z,2026-08-08T09:00:00Z,22.3,31.0,28.1,33.0,2.9,2.9
6-24ч,2026-08-07T10:39:14Z,2026-08-08T10:00:00Z,23.3,32.9,29.7,35.0,3.2,3.2
6-24ч,2026-08-07T16:51:54Z,2026-08-07T23:00:00Z,6.1,24.5,25.7,26.3,-1.2,1.2
6-24ч,2026-08-07T16:51:54Z,2026-08-08T00:00:00Z,7.1,23.6,25.6,25.6,-2.0,2.0
6-24ч,2026-08-07T16:51:54Z,2026-08-08T01:00:00Z,8.1,23.3,25.1,25.3,-1.8,1.8
6-24ч,2026-08-07T16:51:54Z,2026-08-08T02:00:00Z,9.1,22.9,23.0,24.8,-0.1,0.1
6-24ч,2026-08-07T16:51:54Z,2026-08-08T03:00:00Z,10.1,21.0,21.4,24.6,-0.4,0.4
6-24ч,2026-08-07T16:51:54Z,2026-08-08T04:00:00Z,11.1,20.3,21.2,24.9,-0.9,0.9
6-24ч,2026-08-07T16:51:54Z,2026-08-08T05:00:00Z,12.1,21.4,21.7,26.1,-0.3,0.3
6-24ч,2026-08-07T16:51:54Z,2026-08-08T06:00:00Z,13.1,23.3,22.6,27.0,0.7,0.7
6-24ч,2026-08-07T16:51:54Z,2026-08-08T07:00:00Z,14.1,25.7,24.4,28.0,1.3,1.3
6-24ч,2026-08-07T16:51:54Z,2026-08-08T08:00:00Z,15.1,28.1,25.6,30.5,2.5,2.5
6-24ч,2026-08-07T16:51:54Z,2026-08-08T09:00:00Z,16.1,30.3,28.1,33.0,2.2,2.2
6-24ч,2026-08-07T16:51:54Z,2026-08-08T10:00:00Z,17.1,32.0,29.7,35.0,2.3,2.3
6-24ч,2026-08-07T16:51:54Z,2026-08-08T11:00:00Z,18.1,31.5,30.9,35.9,0.6,0.6
6-24ч,2026-08-07T16:51:54Z,2026-08-08T12:00:00Z,19.1,32.3,31.4,36.6,0.9,0.9
6-24ч,2026-08-07T16:51:54Z,2026-08-08T13:00:00Z,20.1,35.2,32.0,36.9,3.2,3.2
6-24ч,2026-08-07T16:51:54Z,2026-08-08T14:00:00Z,21.1,35.5,31.3,37.2,4.2,4.2
6-24ч,2026-08-07T16:51:54Z,2026-08-08T15:00:00Z,22.1,34.7,32.0,36.4,2.7,2.7
6-24ч,2026-08-07T16:51:54Z,2026-08-08T16:00:00Z,23.1,33.9,31.3,34.4,2.6,2.6
6-24ч,2026-08-07T22:45:57Z,2026-08-08T05:00:00Z,6.2,21.7,21.7,26.1,0.0,0.0
6-24ч,2026-08-07T22:45:57Z,2026-08-08T06:00:00Z,7.2,23.7,22.6,27.0,1.1,1.1
6-24ч,2026-08-07T22:45:57Z,2026-08-08T07:00:00Z,8.2,26.0,24.4,28.0,1.6,1.6
6-24ч,2026-08-07T22:45:57Z,2026-08-08T08:00:00Z,9.2,28.3,25.6,30.5,2.7,2.7
6-24ч,2026-08-07T22:45:57Z,2026-08-08T09:00:00Z,10.2,30.4,28.1,33.0,2.3,2.3
6-24ч,2026-08-07T22:45:57Z,2026-08-08T10:00:00Z,11.2,32.3,29.7,35.0,2.6,2.6
6-24ч,2026-08-07T22:45:57Z,2026-08-08T11:00:00Z,12.2,33.8,30.9,35.9,2.9,2.9
6-24ч,2026-08-07T22:45:57Z,2026-08-08T12:00:00Z,13.2,34.9,31.4,36.6,3.5,3.5
6-24ч,2026-08-07T22:45:57Z,2026-08-08T13:00:00Z,14.2,35.6,32.0,36.9,3.6,3.6
6-24ч,2026-08-07T22:45:57Z,2026-08-08T14:00:00Z,15.2,35.8,31.3,37.2,4.5,4.5
6-24ч,2026-08-07T22:45:57Z,2026-08-08T15:00:00Z,16.2,35.2,32.0,36.4,3.2,3.2
6-24ч,2026-08-07T22:45:57Z,2026-08-08T16:00:00Z,17.2,34.4,31.3,34.4,3.1,3.1
6-24ч,2026-08-07T22:45:57Z,2026-08-08T17:00:00Z,18.2,33.3,30.0,34.2,3.3,3.3
6-24ч,2026-08-07T22:45:57Z,2026-08-08T18:00:00Z,19.2,30.2,29.2,32.0,1.0,1.0
6-24ч,2026-08-07T22:45:57Z,2026-08-08T19:00:00Z,20.2,28.6,28.4,29.3,0.2,0.2
6-24ч,2026-08-07T22:45:57Z,2026-08-08T20:00:00Z,21.2,27.2,27.6,28.2,-0.4,0.4
6-24ч,2026-08-07T22:45:57Z,2026-08-08T21:00:00Z,22.2,26.1,26.6,27.2,-0.5,0.5
6-24ч,2026-08-07T22:45:57Z,2026-08-08T22:00:00Z,23.2,25.1,25.4,27.1,-0.3,0.3
6-24ч,2026-08-07T23:19:23Z,2026-08-08T06:00:00Z,6.7,23.7,22.6,27.0,1.1,1.1
6-24ч,2026-08-07T23:19:23Z,2026-08-08T07:00:00Z,7.7,26.0,24.4,28.0,1.6,1.6
6-24ч,2026-08-07T23:19:23Z,2026-08-08T08:00:00Z,8.7,28.3,25.6,30.5,2.7,2.7
6-24ч,2026-08-07T23:19:23Z,2026-08-08T09:00:00Z,9.7,30.4,28.1,33.0,2.3,2.3
6-24ч,2026-08-07T23:19:23Z,2026-08-08T10:00:00Z,10.7,32.3,29.7,35.0,2.6,2.6
6-24ч,2026-08-07T23:19:23Z,2026-08-08T11:00:00Z,11.7,33.8,30.9,35.9,2.9,2.9
6-24ч,2026-08-07T23:19:23Z,2026-08-08T12:00:00Z,12.7,34.9,31.4,36.6,3.5,3.5
6-24ч,2026-08-07T23:19:23Z,2026-08-08T13:00:00Z,13.7,35.6,32.0,36.9,3.6,3.6
6-24ч,2026-08-07T23:19:23Z,2026-08-08T14:00:00Z,14.7,35.8,31.3,37.2,4.5,4.5
6-24ч,2026-08-07T23:19:23Z,2026-08-08T15:00:00Z,15.7,35.2,32.0,36.4,3.2,3.2
6-24ч,2026-08-07T23:19:23Z,2026-08-08T16:00:00Z,16.7,34.4,31.3,34.4,3.1,3.1
6-24ч,2026-08-07T23:19:23Z,2026-08-08T17:00:00Z,17.7,33.3,30.0,34.2,3.3,3.3
6-24ч,2026-08-07T23:19:23Z,2026-08-08T18:00:00Z,18.7,30.2,29.2,32.0,1.0,1.0
6-24ч,2026-08-07T23:19:23Z,2026-08-08T19:00:00Z,19.7,28.6,28.4,29.3,0.2,0.2
6-24ч,2026-08-07T23:19:23Z,2026-08-08T20:00:00Z,20.7,27.2,27.6,28.2,-0.4,0.4
6-24ч,2026-08-07T23:19:23Z,2026-08-08T21:00:00Z,21.7,26.1,26.6,27.2,-0.5,0.5
6-24ч,2026-08-07T23:19:23Z,2026-08-08T22:00:00Z,22.7,25.1,25.4,27.1,-0.3,0.3
6-24ч,2026-08-07T23:19:23Z,2026-08-08T23:00:00Z,23.7,24.9,24.9,25.7,0.0,0.0
6-24ч,2026-08-08T04:50:53Z,2026-08-08T11:00:00Z,6.2,33.5,30.9,35.9,2.6,2.6
6-24ч,2026-08-08T04:50:53Z,2026-08-08T12:00:00Z,7.2,34.6,31.4,36.6,3.2,3.2
6-24ч,2026-08-08T04:50:53Z,2026-08-08T13:00:00Z,8.2,35.3,32.0,36.9,3.3,3.3
6-24ч,2026-08-08T04:50:53Z,2026-08-08T14:00:00Z,9.2,35.5,31.3,37.2,4.2,4.2
6-24ч,2026-08-08T04:50:53Z,2026-08-08T15:00:00Z,10.2,35.4,32.0,36.4,3.4,3.4
6-24ч,2026-08-08T04:50:53Z,2026-08-08T16:00:00Z,11.2,34.8,31.3,34.4,3.5,3.5
6-24ч,2026-08-08T04:50:53Z,2026-08-08T17:00:00Z,12.2,33.5,30.0,34.2,3.5,3.5
6-24ч,2026-08-08T04:50:53Z,2026-08-08T18:00:00Z,13.2,30.7,29.2,32.0,1.5,1.5
6-24ч,2026-08-08T04:50:53Z,2026-08-08T19:00:00Z,14.2,28.3,28.4,29.3,-0.1,0.1
6-24ч,2026-08-08T04:50:53Z,2026-08-08T20:00:00Z,15.2,26.8,27.6,28.2,-0.8,0.8
6-24ч,2026-08-08T04:50:53Z,2026-08-08T21:00:00Z,16.2,25.7,26.6,27.2,-0.9,0.9
6-24ч,2026-08-08T04:50:53Z,2026-08-08T22:00:00Z,17.2,24.5,25.4,27.1,-0.9,0.9
6-24ч,2026-08-08T04:50:53Z,2026-08-08T23:00:00Z,18.2,23.6,24.9,25.7,-1.3,1.3
6-24ч,2026-08-08T04:50:53Z,2026-08-09T00:00:00Z,19.2,22.8,24.2,25.6,-1.4,1.4
6-24ч,2026-08-08T04:50:53Z,2026-08-09T01:00:00Z,20.2,22.1,23.8,25.1,-1.7,1.7
6-24ч,2026-08-08T04:50:53Z,2026-08-09T02:00:00Z,21.2,21.2,22.8,23.0,-1.6,1.6
6-24ч,2026-08-08T04:50:53Z,2026-08-09T03:00:00Z,22.2,20.5,21.3,21.4,-0.8,0.8
6-24ч,2026-08-08T04:50:53Z,2026-08-09T04:00:00Z,23.2,20.5,20.7,21.2,-0.2,0.2
6-24ч,2026-08-08T10:18:13Z,2026-08-08T17:00:00Z,6.7,32.3,30.0,34.2,2.3,2.3
6-24ч,2026-08-08T10:18:13Z,2026-08-08T18:00:00Z,7.7,29.6,29.2,32.0,0.4,0.4
6-24ч,2026-08-08T10:18:13Z,2026-08-08T19:00:00Z,8.7,27.4,28.4,29.3,-1.0,1.0
6-24ч,2026-08-08T10:18:13Z,2026-08-08T20:00:00Z,9.7,26.2,27.6,28.2,-1.4,1.4
6-24ч,2026-08-08T10:18:13Z,2026-08-08T21:00:00Z,10.7,24.8,26.6,27.2,-1.8,1.8
6-24ч,2026-08-08T10:18:13Z,2026-08-08T22:00:00Z,11.7,23.5,25.4,27.1,-1.9,1.9
6-24ч,2026-08-08T10:18:13Z,2026-08-08T23:00:00Z,12.7,22.7,24.9,25.7,-2.2,2.2
6-24ч,2026-08-08T10:18:13Z,2026-08-09T00:00:00Z,13.7,22.1,24.2,25.6,-2.1,2.1
6-24ч,2026-08-08T10:18:13Z,2026-08-09T01:00:00Z,14.7,21.1,23.8,25.1,-2.7,2.7
6-24ч,2026-08-08T10:18:13Z,2026-08-09T02:00:00Z,15.7,20.6,22.8,23.0,-2.2,2.2
6-24ч,2026-08-08T10:18:13Z,2026-08-09T03:00:00Z,16.7,20.1,21.3,21.4,-1.2,1.2
6-24ч,2026-08-08T10:18:13Z,2026-08-09T04:00:00Z,17.7,19.9,20.7,21.2,-0.8,0.8
6-24ч,2026-08-08T10:18:13Z,2026-08-09T05:00:00Z,18.7,21.7,21.8,21.7,-0.1,0.1
6-24ч,2026-08-08T10:18:13Z,2026-08-09T06:00:00Z,19.7,24.0,23.2,22.6,0.8,0.8
6-24ч,2026-08-08T10:18:13Z,2026-08-09T07:00:00Z,20.7,26.6,24.7,24.4,1.9,1.9
6-24ч,2026-08-08T10:18:13Z,2026-08-09T08:00:00Z,21.7,29.2,27.1,25.6,2.1,2.1
6-24ч,2026-08-08T10:18:13Z,2026-08-09T09:00:00Z,22.7,31.4,28.8,28.1,2.6,2.6
6-24ч,2026-08-08T10:18:13Z,2026-08-09T10:00:00Z,23.7,33.2,30.1,29.7,3.1,3.1
6-24ч,2026-08-08T22:37:20Z,2026-08-09T05:00:00Z,6.4,21.5,21.8,21.7,-0.3,0.3
6-24ч,2026-08-08T22:37:20Z,2026-08-09T06:00:00Z,7.4,23.8,23.2,22.6,0.6,0.6
6-24ч,2026-08-08T22:37:20Z,2026-08-09T07:00:00Z,8.4,26.3,24.7,24.4,1.6,1.6
6-24ч,2026-08-08T22:37:20Z,2026-08-09T08:00:00Z,9.4,28.7,27.1,25.6,1.6,1.6
6-24ч,2026-08-08T22:37:20Z,2026-08-09T09:00:00Z,10.4,30.9,28.8,28.1,2.1,2.1
6-24ч,2026-08-08T22:37:20Z,2026-08-09T10:00:00Z,11.4,32.5,30.1,29.7,2.4,2.4
6-24ч,2026-08-08T22:37:20Z,2026-08-09T11:00:00Z,12.4,33.8,30.8,30.9,3.0,3.0
6-24ч,2026-08-08T22:37:20Z,2026-08-09T12:00:00Z,13.4,34.8,32.4,31.4,2.4,2.4
6-24ч,2026-08-08T22:37:20Z,2026-08-09T13:00:00Z,14.4,35.4,32.7,32.0,2.7,2.7
6-24ч,2026-08-08T22:37:20Z,2026-08-09T14:00:00Z,15.4,35.6,33.2,31.3,2.4,2.4
6-24ч,2026-08-08T22:37:20Z,2026-08-09T15:00:00Z,16.4,35.4,33.1,32.0,2.3,2.3
6-24ч,2026-08-08T22:37:20Z,2026-08-09T16:00:00Z,17.4,34.9,32.2,31.3,2.7,2.7
6-24ч,2026-08-08T22:37:20Z,2026-08-09T17:00:00Z,18.4,33.0,30.8,30.0,2.2,2.2
6-24ч,2026-08-08T22:37:20Z,2026-08-09T18:00:00Z,19.4,29.3,29.7,29.2,-0.4,0.4
6-24ч,2026-08-08T22:37:20Z,2026-08-09T19:00:00Z,20.4,27.4,28.3,28.4,-0.9,0.9
6-24ч,2026-08-08T22:37:20Z,2026-08-09T20:00:00Z,21.4,26.0,27.3,27.6,-1.3,1.3
6-24ч,2026-08-08T22:37:20Z,2026-08-09T21:00:00Z,22.4,25.1,26.6,26.6,-1.5,1.5
6-24ч,2026-08-08T22:37:20Z,2026-08-09T22:00:00Z,23.4,24.4,24.9,25.4,-0.5,0.5
6-24ч,2026-08-09T04:59:03Z,2026-08-09T11:00:00Z,6.0,33.5,30.8,30.9,2.7,2.7
6-24ч,2026-08-09T04:59:03Z,2026-08-09T12:00:00Z,7.0,34.5,32.4,31.4,2.1,2.1
6-24ч,2026-08-09T04:59:03Z,2026-08-09T13:00:00Z,8.0,35.1,32.7,32.0,2.4,2.4
6-24ч,2026-08-09T04:59:03Z,2026-08-09T14:00:00Z,9.0,35.3,33.2,31.3,2.1,2.1
6-24ч,2026-08-09T04:59:03Z,2026-08-09T15:00:00Z,10.0,35.1,33.1,32.0,2.0,2.0
6-24ч,2026-08-09T04:59:03Z,2026-08-09T16:00:00Z,11.0,34.6,32.2,31.3,2.4,2.4
6-24ч,2026-08-09T04:59:03Z,2026-08-09T17:00:00Z,12.0,32.8,30.8,30.0,2.0,2.0
6-24ч,2026-08-09T04:59:03Z,2026-08-09T18:00:00Z,13.0,29.1,29.7,29.2,-0.6,0.6
6-24ч,2026-08-09T04:59:03Z,2026-08-09T19:00:00Z,14.0,27.2,28.3,28.4,-1.1,1.1
6-24ч,2026-08-09T04:59:03Z,2026-08-09T20:00:00Z,15.0,25.9,27.3,27.6,-1.4,1.4
6-24ч,2026-08-09T04:59:03Z,2026-08-09T21:00:00Z,16.0,24.8,26.6,26.6,-1.8,1.8
6-24ч,2026-08-09T04:59:03Z,2026-08-09T22:00:00Z,17.0,24.1,24.9,25.4,-0.8,0.8
6-24ч,2026-08-09T04:59:03Z,2026-08-09T23:00:00Z,18.0,23.7,24.0,24.9,-0.3,0.3
6-24ч,2026-08-09T04:59:03Z,2026-08-10T00:00:00Z,19.0,23.2,23.3,24.2,-0.1,0.1
6-24ч,2026-08-09T04:59:03Z,2026-08-10T01:00:00Z,20.0,22.7,22.9,23.8,-0.2,0.2
6-24ч,2026-08-09T04:59:03Z,2026-08-10T02:00:00Z,21.0,22.4,23.1,22.8,-0.7,0.7
6-24ч,2026-08-09T04:59:03Z,2026-08-10T03:00:00Z,22.0,22.1,22.6,21.3,-0.5,0.5
6-24ч,2026-08-09T04:59:03Z,2026-08-10T04:00:00Z,23.0,22.0,21.3,20.7,0.7,0.7
6-24ч,2026-08-09T10:19:29Z,2026-08-09T17:00:00Z,6.7,32.7,30.8,30.0,1.9,1.9
6-24ч,2026-08-09T10:19:29Z,2026-08-09T18:00:00Z,7.7,29.0,29.7,29.2,-0.7,0.7
6-24ч,2026-08-09T10:19:29Z,2026-08-09T19:00:00Z,8.7,27.0,28.3,28.4,-1.3,1.3
6-24ч,2026-08-09T10:19:29Z,2026-08-09T20:00:00Z,9.7,25.7,27.3,27.6,-1.6,1.6
6-24ч,2026-08-09T10:19:29Z,2026-08-09T21:00:00Z,10.7,24.7,26.6,26.6,-1.9,1.9
6-24ч,2026-08-09T10:19:29Z,2026-08-09T22:00:00Z,11.7,24.1,24.9,25.4,-0.8,0.8
6-24ч,2026-08-09T10:19:29Z,2026-08-09T23:00:00Z,12.7,23.8,24.0,24.9,-0.2,0.2
6-24ч,2026-08-09T10:19:29Z,2026-08-10T00:00:00Z,13.7,23.3,23.3,24.2,0.0,0.0
6-24ч,2026-08-09T10:19:29Z,2026-08-10T01:00:00Z,14.7,22.7,22.9,23.8,-0.2,0.2
6-24ч,2026-08-09T10:19:29Z,2026-08-10T02:00:00Z,15.7,22.2,23.1,22.8,-0.9,0.9
6-24ч,2026-08-09T10:19:29Z,2026-08-10T03:00:00Z,16.7,22.0,22.6,21.3,-0.6,0.6
6-24ч,2026-08-09T10:19:29Z,2026-08-10T04:00:00Z,17.7,22.0,21.3,20.7,0.7,0.7
6-24ч,2026-08-09T10:19:29Z,2026-08-10T05:00:00Z,18.7,24.1,24.9,21.8,-0.8,0.8
6-24ч,2026-08-09T12:41:38Z,2026-08-09T19:00:00Z,6.3,26.9,28.3,28.4,-1.4,1.4
6-24ч,2026-08-09T12:41:38Z,2026-08-09T20:00:00Z,7.3,25.6,27.3,27.6,-1.7,1.7
6-24ч,2026-08-09T12:41:38Z,2026-08-09T21:00:00Z,8.3,24.6,26.6,26.6,-2.0,2.0
6-24ч,2026-08-09T12:41:38Z,2026-08-09T22:00:00Z,9.3,24.0,24.9,25.4,-0.9,0.9
6-24ч,2026-08-09T12:41:38Z,2026-08-09T23:00:00Z,10.3,23.7,24.0,24.9,-0.3,0.3
6-24ч,2026-08-09T12:41:38Z,2026-08-10T00:00:00Z,11.3,23.2,23.3,24.2,-0.1,0.1
6-24ч,2026-08-09T12:41:38Z,2026-08-10T01:00:00Z,12.3,22.7,22.9,23.8,-0.2,0.2
6-24ч,2026-08-09T12:41:38Z,2026-08-10T02:00:00Z,13.3,22.4,23.1,22.8,-0.7,0.7
6-24ч,2026-08-09T12:41:38Z,2026-08-10T03:00:00Z,14.3,22.1,22.6,21.3,-0.5,0.5
6-24ч,2026-08-09T12:41:38Z,2026-08-10T04:00:00Z,15.3,21.8,21.3,20.7,0.5,0.5
6-24ч,2026-08-09T12:41:38Z,2026-08-10T05:00:00Z,16.3,23.9,24.9,21.8,-1.0,1.0
6-24ч,2026-08-09T12:45:53Z,2026-08-09T19:00:00Z,6.2,26.9,28.3,28.4,-1.4,1.4
6-24ч,2026-08-09T12:45:53Z,2026-08-09T20:00:00Z,7.2,25.6,27.3,27.6,-1.7,1.7
6-24ч,2026-08-09T12:45:53Z,2026-08-09T21:00:00Z,8.2,24.6,26.6,26.6,-2.0,2.0
6-24ч,2026-08-09T12:45:53Z,2026-08-09T22:00:00Z,9.2,24.0,24.9,25.4,-0.9,0.9
6-24ч,2026-08-09T12:45:53Z,2026-08-09T23:00:00Z,10.2,23.7,24.0,24.9,-0.3,0.3
6-24ч,2026-08-09T12:45:53Z,2026-08-10T00:00:00Z,11.2,23.2,23.3,24.2,-0.1,0.1
6-24ч,2026-08-09T12:45:53Z,2026-08-10T01:00:00Z,12.2,22.7,22.9,23.8,-0.2,0.2
6-24ч,2026-08-09T12:45:53Z,2026-08-10T02:00:00Z,13.2,22.4,23.1,22.8,-0.7,0.7
6-24ч,2026-08-09T12:45:53Z,2026-08-10T03:00:00Z,14.2,22.1,22.6,21.3,-0.5,0.5
6-24ч,2026-08-09T12:45:53Z,2026-08-10T04:00:00Z,15.2,21.8,21.3,20.7,0.5,0.5
6-24ч,2026-08-09T12:45:53Z,2026-08-10T05:00:00Z,16.2,23.9,24.9,21.8,-1.0,1.0
6-24ч,2026-08-09T12:48:15Z,2026-08-09T19:00:00Z,6.2,26.9,28.3,28.4,-1.4,1.4
6-24ч,2026-08-09T12:48:15Z,2026-08-09T20:00:00Z,7.2,25.6,27.3,27.6,-1.7,1.7
6-24ч,2026-08-09T12:48:15Z,2026-08-09T21:00:00Z,8.2,24.6,26.6,26.6,-2.0,2.0
6-24ч,2026-08-09T12:48:15Z,2026-08-09T22:00:00Z,9.2,24.0,24.9,25.4,-0.9,0.9
6-24ч,2026-08-09T12:48:15Z,2026-08-09T23:00:00Z,10.2,23.7,24.0,24.9,-0.3,0.3
6-24ч,2026-08-09T12:48:15Z,2026-08-10T00:00:00Z,11.2,23.2,23.3,24.2,-0.1,0.1
6-24ч,2026-08-09T12:48:15Z,2026-08-10T01:00:00Z,12.2,22.7,22.9,23.8,-0.2,0.2
6-24ч,2026-08-09T12:48:15Z,2026-08-10T02:00:00Z,13.2,22.4,23.1,22.8,-0.7,0.7
6-24ч,2026-08-09T12:48:15Z,2026-08-10T03:00:00Z,14.2,22.1,22.6,21.3,-0.5,0.5
6-24ч,2026-08-09T12:48:15Z,2026-08-10T04:00:00Z,15.2,21.8,21.3,20.7,0.5,0.5
6-24ч,2026-08-09T12:48:15Z,2026-08-10T05:00:00Z,16.2,23.9,24.9,21.8,-1.0,1.0
6-24ч,2026-08-09T16:31:44Z,2026-08-09T23:00:00Z,6.5,23.7,24.0,24.9,-0.3,0.3
6-24ч,2026-08-09T16:31:44Z,2026-08-10T00:00:00Z,7.5,23.2,23.3,24.2,-0.1,0.1
6-24ч,2026-08-09T16:31:44Z,2026-08-10T01:00:00Z,8.5,22.7,22.9,23.8,-0.2,0.2
6-24ч,2026-08-09T16:31:44Z,2026-08-10T02:00:00Z,9.5,22.4,23.1,22.8,-0.7,0.7
6-24ч,2026-08-09T16:31:44Z,2026-08-10T03:00:00Z,10.5,22.1,22.6,21.3,-0.5,0.5
6-24ч,2026-08-09T16:31:44Z,2026-08-10T04:00:00Z,11.5,21.8,21.3,20.7,0.5,0.5
6-24ч,2026-08-09T16:31:44Z,2026-08-10T05:00:00Z,12.5,23.9,24.9,21.8,-1.0,1.0
6-24ч,2026-08-09T22:39:09Z,2026-08-10T05:00:00Z,6.3,23.5,24.9,21.8,-1.4,1.4
1-2 дня,2026-08-06T09:50:07Z,2026-08-07T10:00:00Z,24.2,36.3,35.0,37.2,1.3,1.3
1-2 дня,2026-08-06T09:50:07Z,2026-08-07T11:00:00Z,25.2,37.0,35.9,37.6,1.1,1.1
1-2 дня,2026-08-06T09:50:07Z,2026-08-07T12:00:00Z,26.2,38.7,36.6,37.5,2.1,2.1
1-2 дня,2026-08-06T09:50:07Z,2026-08-07T13:00:00Z,27.2,39.4,36.9,38.3,2.5,2.5
1-2 дня,2026-08-06T09:50:07Z,2026-08-07T14:00:00Z,28.2,39.6,37.2,38.0,2.4,2.4
1-2 дня,2026-08-06T09:50:07Z,2026-08-07T15:00:00Z,29.2,39.6,36.4,36.8,3.2,3.2
1-2 дня,2026-08-06T09:50:07Z,2026-08-07T16:00:00Z,30.2,38.6,34.4,30.8,4.2,4.2
1-2 дня,2026-08-06T09:50:07Z,2026-08-07T17:00:00Z,31.2,35.4,34.2,31.2,1.2,1.2
1-2 дня,2026-08-06T09:50:07Z,2026-08-07T18:00:00Z,32.2,34.4,32.0,30.4,2.4,2.4
1-2 дня,2026-08-06T09:50:07Z,2026-08-07T19:00:00Z,33.2,30.7,29.3,28.6,1.4,1.4
1-2 дня,2026-08-06T09:50:07Z,2026-08-07T20:00:00Z,34.2,27.5,28.2,28.8,-0.7,0.7
1-2 дня,2026-08-06T09:50:07Z,2026-08-07T21:00:00Z,35.2,26.7,27.2,27.6,-0.5,0.5
1-2 дня,2026-08-06T09:50:07Z,2026-08-07T22:00:00Z,36.2,26.4,27.1,27.1,-0.7,0.7
1-2 дня,2026-08-06T09:50:07Z,2026-08-07T23:00:00Z,37.2,25.4,25.7,26.3,-0.3,0.3
1-2 дня,2026-08-06T09:50:07Z,2026-08-08T00:00:00Z,38.2,24.3,25.6,25.6,-1.3,1.3
1-2 дня,2026-08-06T09:50:07Z,2026-08-08T01:00:00Z,39.2,23.4,25.1,25.3,-1.7,1.7
1-2 дня,2026-08-06T09:50:07Z,2026-08-08T02:00:00Z,40.2,22.6,23.0,24.8,-0.4,0.4
1-2 дня,2026-08-06T09:50:07Z,2026-08-08T03:00:00Z,41.2,21.4,21.4,24.6,0.0,0.0
1-2 дня,2026-08-06T09:50:07Z,2026-08-08T04:00:00Z,42.2,21.3,21.2,24.9,0.1,0.1
1-2 дня,2026-08-06T09:50:07Z,2026-08-08T05:00:00Z,43.2,22.6,21.7,26.1,0.9,0.9
1-2 дня,2026-08-06T09:50:07Z,2026-08-08T06:00:00Z,44.2,24.6,22.6,27.0,2.0,2.0
1-2 дня,2026-08-06T09:50:07Z,2026-08-08T07:00:00Z,45.2,27.3,24.4,28.0,2.9,2.9
1-2 дня,2026-08-06T09:50:07Z,2026-08-08T08:00:00Z,46.2,30.0,25.6,30.5,4.4,4.4
1-2 дня,2026-08-06T09:50:07Z,2026-08-08T09:00:00Z,47.2,31.8,28.1,33.0,3.7,3.7
1-2 дня,2026-08-06T09:59:18Z,2026-08-07T10:00:00Z,24.0,36.3,35.0,37.2,1.3,1.3
1-2 дня,2026-08-06T09:59:18Z,2026-08-07T11:00:00Z,25.0,37.0,35.9,37.6,1.1,1.1
1-2 дня,2026-08-06T09:59:18Z,2026-08-07T12:00:00Z,26.0,38.7,36.6,37.5,2.1,2.1
1-2 дня,2026-08-06T09:59:18Z,2026-08-07T13:00:00Z,27.0,39.4,36.9,38.3,2.5,2.5
1-2 дня,2026-08-06T09:59:18Z,2026-08-07T14:00:00Z,28.0,39.6,37.2,38.0,2.4,2.4
1-2 дня,2026-08-06T09:59:18Z,2026-08-07T15:00:00Z,29.0,39.6,36.4,36.8,3.2,3.2
1-2 дня,2026-08-06T09:59:18Z,2026-08-07T16:00:00Z,30.0,38.6,34.4,30.8,4.2,4.2
1-2 дня,2026-08-06T09:59:18Z,2026-08-07T17:00:00Z,31.0,35.4,34.2,31.2,1.2,1.2
1-2 дня,2026-08-06T09:59:18Z,2026-08-07T18:00:00Z,32.0,34.4,32.0,30.4,2.4,2.4
1-2 дня,2026-08-06T09:59:18Z,2026-08-07T19:00:00Z,33.0,30.7,29.3,28.6,1.4,1.4
1-2 дня,2026-08-06T09:59:18Z,2026-08-07T20:00:00Z,34.0,27.5,28.2,28.8,-0.7,0.7
1-2 дня,2026-08-06T09:59:18Z,2026-08-07T21:00:00Z,35.0,26.7,27.2,27.6,-0.5,0.5
1-2 дня,2026-08-06T09:59:18Z,2026-08-07T22:00:00Z,36.0,26.4,27.1,27.1,-0.7,0.7
1-2 дня,2026-08-06T09:59:18Z,2026-08-07T23:00:00Z,37.0,25.4,25.7,26.3,-0.3,0.3
1-2 дня,2026-08-06T09:59:18Z,2026-08-08T00:00:00Z,38.0,24.3,25.6,25.6,-1.3,1.3
1-2 дня,2026-08-06T09:59:18Z,2026-08-08T01:00:00Z,39.0,23.4,25.1,25.3,-1.7,1.7
1-2 дня,2026-08-06T09:59:18Z,2026-08-08T02:00:00Z,40.0,22.6,23.0,24.8,-0.4,0.4
1-2 дня,2026-08-06T09:59:18Z,2026-08-08T03:00:00Z,41.0,21.4,21.4,24.6,0.0,0.0
1-2 дня,2026-08-06T09:59:18Z,2026-08-08T04:00:00Z,42.0,21.3,21.2,24.9,0.1,0.1
1-2 дня,2026-08-06T09:59:18Z,2026-08-08T05:00:00Z,43.0,22.6,21.7,26.1,0.9,0.9
1-2 дня,2026-08-06T09:59:18Z,2026-08-08T06:00:00Z,44.0,24.6,22.6,27.0,2.0,2.0
1-2 дня,2026-08-06T09:59:18Z,2026-08-08T07:00:00Z,45.0,27.3,24.4,28.0,2.9,2.9
1-2 дня,2026-08-06T09:59:18Z,2026-08-08T08:00:00Z,46.0,30.0,25.6,30.5,4.4,4.4
1-2 дня,2026-08-06T09:59:18Z,2026-08-08T09:00:00Z,47.0,31.8,28.1,33.0,3.7,3.7
1-2 дня,2026-08-06T10:08:26Z,2026-08-07T11:00:00Z,24.9,37.0,35.9,37.6,1.1,1.1
1-2 дня,2026-08-06T10:08:26Z,2026-08-07T12:00:00Z,25.9,38.7,36.6,37.5,2.1,2.1
1-2 дня,2026-08-06T10:08:26Z,2026-08-07T13:00:00Z,26.9,39.4,36.9,38.3,2.5,2.5
1-2 дня,2026-08-06T10:08:26Z,2026-08-07T14:00:00Z,27.9,39.6,37.2,38.0,2.4,2.4
1-2 дня,2026-08-06T10:08:26Z,2026-08-07T15:00:00Z,28.9,39.6,36.4,36.8,3.2,3.2
1-2 дня,2026-08-06T10:08:26Z,2026-08-07T16:00:00Z,29.9,38.6,34.4,30.8,4.2,4.2
1-2 дня,2026-08-06T10:08:26Z,2026-08-07T17:00:00Z,30.9,35.4,34.2,31.2,1.2,1.2
1-2 дня,2026-08-06T10:08:26Z,2026-08-07T18:00:00Z,31.9,34.4,32.0,30.4,2.4,2.4
1-2 дня,2026-08-06T10:08:26Z,2026-08-07T19:00:00Z,32.9,30.7,29.3,28.6,1.4,1.4
1-2 дня,2026-08-06T10:08:26Z,2026-08-07T20:00:00Z,33.9,27.5,28.2,28.8,-0.7,0.7
1-2 дня,2026-08-06T10:08:26Z,2026-08-07T21:00:00Z,34.9,26.7,27.2,27.6,-0.5,0.5
1-2 дня,2026-08-06T10:08:26Z,2026-08-07T22:00:00Z,35.9,26.4,27.1,27.1,-0.7,0.7
1-2 дня,2026-08-06T10:08:26Z,2026-08-07T23:00:00Z,36.9,25.4,25.7,26.3,-0.3,0.3
1-2 дня,2026-08-06T10:08:26Z,2026-08-08T00:00:00Z,37.9,24.3,25.6,25.6,-1.3,1.3
1-2 дня,2026-08-06T10:08:26Z,2026-08-08T01:00:00Z,38.9,23.4,25.1,25.3,-1.7,1.7
1-2 дня,2026-08-06T10:08:26Z,2026-08-08T02:00:00Z,39.9,22.6,23.0,24.8,-0.4,0.4
1-2 дня,2026-08-06T10:08:26Z,2026-08-08T03:00:00Z,40.9,21.4,21.4,24.6,0.0,0.0
1-2 дня,2026-08-06T10:08:26Z,2026-08-08T04:00:00Z,41.9,21.3,21.2,24.9,0.1,0.1
1-2 дня,2026-08-06T10:08:26Z,2026-08-08T05:00:00Z,42.9,22.6,21.7,26.1,0.9,0.9
1-2 дня,2026-08-06T10:08:26Z,2026-08-08T06:00:00Z,43.9,24.6,22.6,27.0,2.0,2.0
1-2 дня,2026-08-06T10:08:26Z,2026-08-08T07:00:00Z,44.9,27.3,24.4,28.0,2.9,2.9
1-2 дня,2026-08-06T10:08:26Z,2026-08-08T08:00:00Z,45.9,30.0,25.6,30.5,4.4,4.4
1-2 дня,2026-08-06T10:08:26Z,2026-08-08T09:00:00Z,46.9,31.8,28.1,33.0,3.7,3.7
1-2 дня,2026-08-06T10:08:26Z,2026-08-08T10:00:00Z,47.9,33.4,29.7,35.0,3.7,3.7
1-2 дня,2026-08-06T10:47:54Z,2026-08-07T11:00:00Z,24.2,37.0,35.9,37.6,1.1,1.1
1-2 дня,2026-08-06T10:47:54Z,2026-08-07T12:00:00Z,25.2,38.7,36.6,37.5,2.1,2.1
1-2 дня,2026-08-06T10:47:54Z,2026-08-07T13:00:00Z,26.2,39.4,36.9,38.3,2.5,2.5
1-2 дня,2026-08-06T10:47:54Z,2026-08-07T14:00:00Z,27.2,39.6,37.2,38.0,2.4,2.4
1-2 дня,2026-08-06T10:47:54Z,2026-08-07T15:00:00Z,28.2,39.6,36.4,36.8,3.2,3.2
1-2 дня,2026-08-06T10:47:54Z,2026-08-07T16:00:00Z,29.2,38.6,34.4,30.8,4.2,4.2
1-2 дня,2026-08-06T10:47:54Z,2026-08-07T17:00:00Z,30.2,35.4,34.2,31.2,1.2,1.2
1-2 дня,2026-08-06T10:47:54Z,2026-08-07T18:00:00Z,31.2,34.4,32.0,30.4,2.4,2.4
1-2 дня,2026-08-06T10:47:54Z,2026-08-07T19:00:00Z,32.2,30.7,29.3,28.6,1.4,1.4
1-2 дня,2026-08-06T10:47:54Z,2026-08-07T20:00:00Z,33.2,27.5,28.2,28.8,-0.7,0.7
1-2 дня,2026-08-06T10:47:54Z,2026-08-07T21:00:00Z,34.2,26.7,27.2,27.6,-0.5,0.5
1-2 дня,2026-08-06T10:47:54Z,2026-08-07T22:00:00Z,35.2,26.4,27.1,27.1,-0.7,0.7
1-2 дня,2026-08-06T10:47:54Z,2026-08-07T23:00:00Z,36.2,25.4,25.7,26.3,-0.3,0.3
1-2 дня,2026-08-06T10:47:54Z,2026-08-08T00:00:00Z,37.2,24.3,25.6,25.6,-1.3,1.3
1-2 дня,2026-08-06T10:47:54Z,2026-08-08T01:00:00Z,38.2,23.4,25.1,25.3,-1.7,1.7
1-2 дня,2026-08-06T10:47:54Z,2026-08-08T02:00:00Z,39.2,22.6,23.0,24.8,-0.4,0.4
1-2 дня,2026-08-06T10:47:54Z,2026-08-08T03:00:00Z,40.2,21.4,21.4,24.6,0.0,0.0
1-2 дня,2026-08-06T10:47:54Z,2026-08-08T04:00:00Z,41.2,21.3,21.2,24.9,0.1,0.1
1-2 дня,2026-08-06T10:47:54Z,2026-08-08T05:00:00Z,42.2,22.6,21.7,26.1,0.9,0.9
1-2 дня,2026-08-06T10:47:54Z,2026-08-08T06:00:00Z,43.2,24.6,22.6,27.0,2.0,2.0
1-2 дня,2026-08-06T10:47:54Z,2026-08-08T07:00:00Z,44.2,27.3,24.4,28.0,2.9,2.9
1-2 дня,2026-08-06T10:47:54Z,2026-08-08T08:00:00Z,45.2,30.0,25.6,30.5,4.4,4.4
1-2 дня,2026-08-06T10:47:54Z,2026-08-08T09:00:00Z,46.2,31.8,28.1,33.0,3.7,3.7
1-2 дня,2026-08-06T10:47:54Z,2026-08-08T10:00:00Z,47.2,33.4,29.7,35.0,3.7,3.7
1-2 дня,2026-08-06T11:30:42Z,2026-08-07T12:00:00Z,24.5,38.7,36.6,37.5,2.1,2.1
1-2 дня,2026-08-06T11:30:42Z,2026-08-07T13:00:00Z,25.5,39.4,36.9,38.3,2.5,2.5
1-2 дня,2026-08-06T11:30:42Z,2026-08-07T14:00:00Z,26.5,39.6,37.2,38.0,2.4,2.4
1-2 дня,2026-08-06T11:30:42Z,2026-08-07T15:00:00Z,27.5,39.6,36.4,36.8,3.2,3.2
1-2 дня,2026-08-06T11:30:42Z,2026-08-07T16:00:00Z,28.5,38.6,34.4,30.8,4.2,4.2
1-2 дня,2026-08-06T11:30:42Z,2026-08-07T17:00:00Z,29.5,35.4,34.2,31.2,1.2,1.2
1-2 дня,2026-08-06T11:30:42Z,2026-08-07T18:00:00Z,30.5,34.4,32.0,30.4,2.4,2.4
1-2 дня,2026-08-06T11:30:42Z,2026-08-07T19:00:00Z,31.5,30.7,29.3,28.6,1.4,1.4
1-2 дня,2026-08-06T11:30:42Z,2026-08-07T20:00:00Z,32.5,27.5,28.2,28.8,-0.7,0.7
1-2 дня,2026-08-06T11:30:42Z,2026-08-07T21:00:00Z,33.5,26.7,27.2,27.6,-0.5,0.5
1-2 дня,2026-08-06T11:30:42Z,2026-08-07T22:00:00Z,34.5,26.4,27.1,27.1,-0.7,0.7
1-2 дня,2026-08-06T11:30:42Z,2026-08-07T23:00:00Z,35.5,25.4,25.7,26.3,-0.3,0.3
1-2 дня,2026-08-06T11:30:42Z,2026-08-08T00:00:00Z,36.5,24.3,25.6,25.6,-1.3,1.3
1-2 дня,2026-08-06T11:30:42Z,2026-08-08T01:00:00Z,37.5,23.4,25.1,25.3,-1.7,1.7
1-2 дня,2026-08-06T11:30:42Z,2026-08-08T02:00:00Z,38.5,22.6,23.0,24.8,-0.4,0.4
1-2 дня,2026-08-06T11:30:42Z,2026-08-08T03:00:00Z,39.5,21.4,21.4,24.6,0.0,0.0
1-2 дня,2026-08-06T11:30:42Z,2026-08-08T04:00:00Z,40.5,21.3,21.2,24.9,0.1,0.1
1-2 дня,2026-08-06T11:30:42Z,2026-08-08T05:00:00Z,41.5,22.6,21.7,26.1,0.9,0.9
1-2 дня,2026-08-06T11:30:42Z,2026-08-08T06:00:00Z,42.5,24.6,22.6,27.0,2.0,2.0
1-2 дня,2026-08-06T11:30:42Z,2026-08-08T07:00:00Z,43.5,27.3,24.4,28.0,2.9,2.9
1-2 дня,2026-08-06T11:30:42Z,2026-08-08T08:00:00Z,44.5,30.0,25.6,30.5,4.4,4.4
1-2 дня,2026-08-06T11:30:42Z,2026-08-08T09:00:00Z,45.5,31.8,28.1,33.0,3.7,3.7
1-2 дня,2026-08-06T11:30:42Z,2026-08-08T10:00:00Z,46.5,33.4,29.7,35.0,3.7,3.7
1-2 дня,2026-08-06T11:30:42Z,2026-08-08T11:00:00Z,47.5,34.8,30.9,35.9,3.9,3.9
1-2 дня,2026-08-06T11:36:01Z,2026-08-07T12:00:00Z,24.4,38.7,36.6,37.5,2.1,2.1
1-2 дня,2026-08-06T11:36:01Z,2026-08-07T13:00:00Z,25.4,39.6,36.9,38.3,2.7,2.7
1-2 дня,2026-08-06T11:36:01Z,2026-08-07T14:00:00Z,26.4,39.8,37.2,38.0,2.6,2.6
1-2 дня,2026-08-06T11:36:01Z,2026-08-07T15:00:00Z,27.4,39.4,36.4,36.8,3.0,3.0
1-2 дня,2026-08-06T11:36:01Z,2026-08-07T16:00:00Z,28.4,38.4,34.4,30.8,4.0,4.0
1-2 дня,2026-08-06T11:36:01Z,2026-08-07T17:00:00Z,29.4,37.3,34.2,31.2,3.1,3.1
1-2 дня,2026-08-06T11:36:01Z,2026-08-07T18:00:00Z,30.4,32.9,32.0,30.4,0.9,0.9
1-2 дня,2026-08-06T11:36:01Z,2026-08-07T19:00:00Z,31.4,32.3,29.3,28.6,3.0,3.0
1-2 дня,2026-08-06T11:36:01Z,2026-08-07T20:00:00Z,32.4,23.9,28.2,28.8,-4.3,4.3
1-2 дня,2026-08-06T11:36:01Z,2026-08-07T21:00:00Z,33.4,24.3,27.2,27.6,-2.9,2.9
1-2 дня,2026-08-06T11:36:01Z,2026-08-07T22:00:00Z,34.4,22.9,27.1,27.1,-4.2,4.2
1-2 дня,2026-08-06T11:36:01Z,2026-08-07T23:00:00Z,35.4,23.1,25.7,26.3,-2.6,2.6
1-2 дня,2026-08-06T11:36:01Z,2026-08-08T00:00:00Z,36.4,23.1,25.6,25.6,-2.5,2.5
1-2 дня,2026-08-06T11:36:01Z,2026-08-08T01:00:00Z,37.4,22.2,25.1,25.3,-2.9,2.9
1-2 дня,2026-08-06T11:36:01Z,2026-08-08T02:00:00Z,38.4,21.4,23.0,24.8,-1.6,1.6
1-2 дня,2026-08-06T11:36:01Z,2026-08-08T03:00:00Z,39.4,20.5,21.4,24.6,-0.9,0.9
1-2 дня,2026-08-06T11:36:01Z,2026-08-08T04:00:00Z,40.4,20.2,21.2,24.9,-1.0,1.0
1-2 дня,2026-08-06T11:36:01Z,2026-08-08T05:00:00Z,41.4,21.3,21.7,26.1,-0.4,0.4
1-2 дня,2026-08-06T11:36:01Z,2026-08-08T06:00:00Z,42.4,23.2,22.6,27.0,0.6,0.6
1-2 дня,2026-08-06T11:36:01Z,2026-08-08T07:00:00Z,43.4,25.5,24.4,28.0,1.1,1.1
1-2 дня,2026-08-06T11:36:01Z,2026-08-08T08:00:00Z,44.4,28.1,25.6,30.5,2.5,2.5
1-2 дня,2026-08-06T11:36:01Z,2026-08-08T09:00:00Z,45.4,30.4,28.1,33.0,2.3,2.3
1-2 дня,2026-08-06T11:36:01Z,2026-08-08T10:00:00Z,46.4,32.3,29.7,35.0,2.6,2.6
1-2 дня,2026-08-06T11:36:01Z,2026-08-08T11:00:00Z,47.4,33.9,30.9,35.9,3.0,3.0
1-2 дня,2026-08-06T11:44:08Z,2026-08-07T12:00:00Z,24.3,38.7,36.6,37.5,2.1,2.1
1-2 дня,2026-08-06T11:44:08Z,2026-08-07T13:00:00Z,25.3,39.6,36.9,38.3,2.7,2.7
1-2 дня,2026-08-06T11:44:08Z,2026-08-07T14:00:00Z,26.3,39.8,37.2,38.0,2.6,2.6
1-2 дня,2026-08-06T11:44:08Z,2026-08-07T15:00:00Z,27.3,39.4,36.4,36.8,3.0,3.0
1-2 дня,2026-08-06T11:44:08Z,2026-08-07T16:00:00Z,28.3,38.4,34.4,30.8,4.0,4.0
1-2 дня,2026-08-06T11:44:08Z,2026-08-07T17:00:00Z,29.3,37.3,34.2,31.2,3.1,3.1
1-2 дня,2026-08-06T11:44:08Z,2026-08-07T18:00:00Z,30.3,32.9,32.0,30.4,0.9,0.9
1-2 дня,2026-08-06T11:44:08Z,2026-08-07T19:00:00Z,31.3,32.3,29.3,28.6,3.0,3.0
1-2 дня,2026-08-06T11:44:08Z,2026-08-07T20:00:00Z,32.3,23.9,28.2,28.8,-4.3,4.3
1-2 дня,2026-08-06T11:44:08Z,2026-08-07T21:00:00Z,33.3,24.3,27.2,27.6,-2.9,2.9
1-2 дня,2026-08-06T11:44:08Z,2026-08-07T22:00:00Z,34.3,22.9,27.1,27.1,-4.2,4.2
1-2 дня,2026-08-06T11:44:08Z,2026-08-07T23:00:00Z,35.3,23.1,25.7,26.3,-2.6,2.6
1-2 дня,2026-08-06T11:44:08Z,2026-08-08T00:00:00Z,36.3,23.1,25.6,25.6,-2.5,2.5
1-2 дня,2026-08-06T11:44:08Z,2026-08-08T01:00:00Z,37.3,22.2,25.1,25.3,-2.9,2.9
1-2 дня,2026-08-06T11:44:08Z,2026-08-08T02:00:00Z,38.3,21.4,23.0,24.8,-1.6,1.6
1-2 дня,2026-08-06T11:44:08Z,2026-08-08T03:00:00Z,39.3,20.5,21.4,24.6,-0.9,0.9
1-2 дня,2026-08-06T11:44:08Z,2026-08-08T04:00:00Z,40.3,20.2,21.2,24.9,-1.0,1.0
1-2 дня,2026-08-06T11:44:08Z,2026-08-08T05:00:00Z,41.3,21.3,21.7,26.1,-0.4,0.4
1-2 дня,2026-08-06T11:44:08Z,2026-08-08T06:00:00Z,42.3,23.2,22.6,27.0,0.6,0.6
1-2 дня,2026-08-06T11:44:08Z,2026-08-08T07:00:00Z,43.3,25.5,24.4,28.0,1.1,1.1
1-2 дня,2026-08-06T11:44:08Z,2026-08-08T08:00:00Z,44.3,28.1,25.6,30.5,2.5,2.5
1-2 дня,2026-08-06T11:44:08Z,2026-08-08T09:00:00Z,45.3,30.4,28.1,33.0,2.3,2.3
1-2 дня,2026-08-06T11:44:08Z,2026-08-08T10:00:00Z,46.3,32.3,29.7,35.0,2.6,2.6
1-2 дня,2026-08-06T11:44:08Z,2026-08-08T11:00:00Z,47.3,33.9,30.9,35.9,3.0,3.0
1-2 дня,2026-08-07T01:31:32Z,2026-08-08T02:00:00Z,24.5,21.6,23.0,24.8,-1.4,1.4
1-2 дня,2026-08-07T01:31:32Z,2026-08-08T03:00:00Z,25.5,20.8,21.4,24.6,-0.6,0.6
1-2 дня,2026-08-07T01:31:32Z,2026-08-08T04:00:00Z,26.5,20.2,21.2,24.9,-1.0,1.0
1-2 дня,2026-08-07T01:31:32Z,2026-08-08T05:00:00Z,27.5,21.5,21.7,26.1,-0.2,0.2
1-2 дня,2026-08-07T01:31:32Z,2026-08-08T06:00:00Z,28.5,23.8,22.6,27.0,1.2,1.2
1-2 дня,2026-08-07T01:31:32Z,2026-08-08T07:00:00Z,29.5,26.5,24.4,28.0,2.1,2.1
1-2 дня,2026-08-07T01:31:32Z,2026-08-08T08:00:00Z,30.5,29.0,25.6,30.5,3.4,3.4
1-2 дня,2026-08-07T01:31:32Z,2026-08-08T09:00:00Z,31.5,31.2,28.1,33.0,3.1,3.1
1-2 дня,2026-08-07T01:31:32Z,2026-08-08T10:00:00Z,32.5,32.8,29.7,35.0,3.1,3.1
1-2 дня,2026-08-07T01:31:32Z,2026-08-08T11:00:00Z,33.5,34.2,30.9,35.9,3.3,3.3
1-2 дня,2026-08-07T01:31:32Z,2026-08-08T12:00:00Z,34.5,35.1,31.4,36.6,3.7,3.7
1-2 дня,2026-08-07T01:31:32Z,2026-08-08T13:00:00Z,35.5,35.6,32.0,36.9,3.6,3.6
1-2 дня,2026-08-07T01:31:32Z,2026-08-08T14:00:00Z,36.5,35.9,31.3,37.2,4.6,4.6
1-2 дня,2026-08-07T01:31:32Z,2026-08-08T15:00:00Z,37.5,35.7,32.0,36.4,3.7,3.7
1-2 дня,2026-08-07T01:31:32Z,2026-08-08T16:00:00Z,38.5,35.0,31.3,34.4,3.7,3.7
1-2 дня,2026-08-07T01:31:32Z,2026-08-08T17:00:00Z,39.5,33.8,30.0,34.2,3.8,3.8
1-2 дня,2026-08-07T01:31:32Z,2026-08-08T18:00:00Z,40.5,30.8,29.2,32.0,1.6,1.6
1-2 дня,2026-08-07T01:31:32Z,2026-08-08T19:00:00Z,41.5,28.8,28.4,29.3,0.4,0.4
1-2 дня,2026-08-07T01:31:32Z,2026-08-08T20:00:00Z,42.5,27.0,27.6,28.2,-0.6,0.6
1-2 дня,2026-08-07T01:31:32Z,2026-08-08T21:00:00Z,43.5,25.8,26.6,27.2,-0.8,0.8
1-2 дня,2026-08-07T01:31:32Z,2026-08-08T22:00:00Z,44.5,25.3,25.4,27.1,-0.1,0.1
1-2 дня,2026-08-07T01:31:32Z,2026-08-08T23:00:00Z,45.5,24.3,24.9,25.7,-0.6,0.6
1-2 дня,2026-08-07T01:31:32Z,2026-08-09T00:00:00Z,46.5,23.5,24.2,25.6,-0.7,0.7
1-2 дня,2026-08-07T01:31:32Z,2026-08-09T01:00:00Z,47.5,22.7,23.8,25.1,-1.1,1.1
1-2 дня,2026-08-07T05:36:00Z,2026-08-08T06:00:00Z,24.4,24.2,22.6,27.0,1.6,1.6
1-2 дня,2026-08-07T05:36:00Z,2026-08-08T07:00:00Z,25.4,26.3,24.4,28.0,1.9,1.9
1-2 дня,2026-08-07T05:36:00Z,2026-08-08T08:00:00Z,26.4,28.8,25.6,30.5,3.2,3.2
1-2 дня,2026-08-07T05:36:00Z,2026-08-08T09:00:00Z,27.4,31.0,28.1,33.0,2.9,2.9
1-2 дня,2026-08-07T05:36:00Z,2026-08-08T10:00:00Z,28.4,32.9,29.7,35.0,3.2,3.2
1-2 дня,2026-08-07T05:36:00Z,2026-08-08T11:00:00Z,29.4,34.4,30.9,35.9,3.5,3.5
1-2 дня,2026-08-07T05:36:00Z,2026-08-08T12:00:00Z,30.4,35.5,31.4,36.6,4.1,4.1
1-2 дня,2026-08-07T05:36:00Z,2026-08-08T13:00:00Z,31.4,36.0,32.0,36.9,4.0,4.0
1-2 дня,2026-08-07T05:36:00Z,2026-08-08T14:00:00Z,32.4,36.1,31.3,37.2,4.8,4.8
1-2 дня,2026-08-07T05:36:00Z,2026-08-08T15:00:00Z,33.4,35.8,32.0,36.4,3.8,3.8
1-2 дня,2026-08-07T05:36:00Z,2026-08-08T16:00:00Z,34.4,34.7,31.3,34.4,3.4,3.4
1-2 дня,2026-08-07T05:36:00Z,2026-08-08T17:00:00Z,35.4,32.7,30.0,34.2,2.7,2.7
1-2 дня,2026-08-07T05:36:00Z,2026-08-08T18:00:00Z,36.4,30.1,29.2,32.0,0.9,0.9
1-2 дня,2026-08-07T05:36:00Z,2026-08-08T19:00:00Z,37.4,28.2,28.4,29.3,-0.2,0.2
1-2 дня,2026-08-07T05:36:00Z,2026-08-08T20:00:00Z,38.4,26.9,27.6,28.2,-0.7,0.7
1-2 дня,2026-08-07T05:36:00Z,2026-08-08T21:00:00Z,39.4,26.1,26.6,27.2,-0.5,0.5
1-2 дня,2026-08-07T05:36:00Z,2026-08-08T22:00:00Z,40.4,25.3,25.4,27.1,-0.1,0.1
1-2 дня,2026-08-07T05:36:00Z,2026-08-08T23:00:00Z,41.4,24.2,24.9,25.7,-0.7,0.7
1-2 дня,2026-08-07T05:36:00Z,2026-08-09T00:00:00Z,42.4,23.3,24.2,25.6,-0.9,0.9
1-2 дня,2026-08-07T05:36:00Z,2026-08-09T01:00:00Z,43.4,22.6,23.8,25.1,-1.2,1.2
1-2 дня,2026-08-07T05:36:00Z,2026-08-09T02:00:00Z,44.4,23.7,22.8,23.0,0.9,0.9
1-2 дня,2026-08-07T05:36:00Z,2026-08-09T03:00:00Z,45.4,22.4,21.3,21.4,1.1,1.1
1-2 дня,2026-08-07T05:36:00Z,2026-08-09T04:00:00Z,46.4,21.7,20.7,21.2,1.0,1.0
1-2 дня,2026-08-07T05:36:00Z,2026-08-09T05:00:00Z,47.4,23.2,21.8,21.7,1.4,1.4
1-2 дня,2026-08-07T06:18:59Z,2026-08-08T07:00:00Z,24.7,26.3,24.4,28.0,1.9,1.9
1-2 дня,2026-08-07T06:18:59Z,2026-08-08T08:00:00Z,25.7,28.8,25.6,30.5,3.2,3.2
1-2 дня,2026-08-07T06:18:59Z,2026-08-08T09:00:00Z,26.7,31.0,28.1,33.0,2.9,2.9
1-2 дня,2026-08-07T06:18:59Z,2026-08-08T10:00:00Z,27.7,32.9,29.7,35.0,3.2,3.2
1-2 дня,2026-08-07T06:18:59Z,2026-08-08T11:00:00Z,28.7,34.4,30.9,35.9,3.5,3.5
1-2 дня,2026-08-07T06:18:59Z,2026-08-08T12:00:00Z,29.7,35.5,31.4,36.6,4.1,4.1
1-2 дня,2026-08-07T06:18:59Z,2026-08-08T13:00:00Z,30.7,36.0,32.0,36.9,4.0,4.0
1-2 дня,2026-08-07T06:18:59Z,2026-08-08T14:00:00Z,31.7,36.1,31.3,37.2,4.8,4.8
1-2 дня,2026-08-07T06:18:59Z,2026-08-08T15:00:00Z,32.7,35.8,32.0,36.4,3.8,3.8
1-2 дня,2026-08-07T06:18:59Z,2026-08-08T16:00:00Z,33.7,34.7,31.3,34.4,3.4,3.4
1-2 дня,2026-08-07T06:18:59Z,2026-08-08T17:00:00Z,34.7,32.7,30.0,34.2,2.7,2.7
1-2 дня,2026-08-07T06:18:59Z,2026-08-08T18:00:00Z,35.7,30.1,29.2,32.0,0.9,0.9
1-2 дня,2026-08-07T06:18:59Z,2026-08-08T19:00:00Z,36.7,28.2,28.4,29.3,-0.2,0.2
1-2 дня,2026-08-07T06:18:59Z,2026-08-08T20:00:00Z,37.7,26.9,27.6,28.2,-0.7,0.7
1-2 дня,2026-08-07T06:18:59Z,2026-08-08T21:00:00Z,38.7,26.1,26.6,27.2,-0.5,0.5
1-2 дня,2026-08-07T06:18:59Z,2026-08-08T22:00:00Z,39.7,25.3,25.4,27.1,-0.1,0.1
1-2 дня,2026-08-07T06:18:59Z,2026-08-08T23:00:00Z,40.7,24.2,24.9,25.7,-0.7,0.7
1-2 дня,2026-08-07T06:18:59Z,2026-08-09T00:00:00Z,41.7,23.3,24.2,25.6,-0.9,0.9
1-2 дня,2026-08-07T06:18:59Z,2026-08-09T01:00:00Z,42.7,22.6,23.8,25.1,-1.2,1.2
1-2 дня,2026-08-07T06:18:59Z,2026-08-09T02:00:00Z,43.7,23.7,22.8,23.0,0.9,0.9
1-2 дня,2026-08-07T06:18:59Z,2026-08-09T03:00:00Z,44.7,22.4,21.3,21.4,1.1,1.1
1-2 дня,2026-08-07T06:18:59Z,2026-08-09T04:00:00Z,45.7,21.7,20.7,21.2,1.0,1.0
1-2 дня,2026-08-07T06:18:59Z,2026-08-09T05:00:00Z,46.7,23.2,21.8,21.7,1.4,1.4
1-2 дня,2026-08-07T06:18:59Z,2026-08-09T06:00:00Z,47.7,25.5,23.2,22.6,2.3,2.3
1-2 дня,2026-08-07T07:13:52Z,2026-08-08T08:00:00Z,24.8,28.8,25.6,30.5,3.2,3.2
1-2 дня,2026-08-07T07:13:52Z,2026-08-08T09:00:00Z,25.8,31.0,28.1,33.0,2.9,2.9
1-2 дня,2026-08-07T07:13:52Z,2026-08-08T10:00:00Z,26.8,32.9,29.7,35.0,3.2,3.2
1-2 дня,2026-08-07T07:13:52Z,2026-08-08T11:00:00Z,27.8,34.4,30.9,35.9,3.5,3.5
1-2 дня,2026-08-07T07:13:52Z,2026-08-08T12:00:00Z,28.8,35.5,31.4,36.6,4.1,4.1
1-2 дня,2026-08-07T07:13:52Z,2026-08-08T13:00:00Z,29.8,36.0,32.0,36.9,4.0,4.0
1-2 дня,2026-08-07T07:13:52Z,2026-08-08T14:00:00Z,30.8,36.1,31.3,37.2,4.8,4.8
1-2 дня,2026-08-07T07:13:52Z,2026-08-08T15:00:00Z,31.8,35.8,32.0,36.4,3.8,3.8
1-2 дня,2026-08-07T07:13:52Z,2026-08-08T16:00:00Z,32.8,34.7,31.3,34.4,3.4,3.4
1-2 дня,2026-08-07T07:13:52Z,2026-08-08T17:00:00Z,33.8,32.7,30.0,34.2,2.7,2.7
1-2 дня,2026-08-07T07:13:52Z,2026-08-08T18:00:00Z,34.8,30.1,29.2,32.0,0.9,0.9
1-2 дня,2026-08-07T07:13:52Z,2026-08-08T19:00:00Z,35.8,28.2,28.4,29.3,-0.2,0.2
1-2 дня,2026-08-07T07:13:52Z,2026-08-08T20:00:00Z,36.8,26.9,27.6,28.2,-0.7,0.7
1-2 дня,2026-08-07T07:13:52Z,2026-08-08T21:00:00Z,37.8,26.1,26.6,27.2,-0.5,0.5
1-2 дня,2026-08-07T07:13:52Z,2026-08-08T22:00:00Z,38.8,25.3,25.4,27.1,-0.1,0.1
1-2 дня,2026-08-07T07:13:52Z,2026-08-08T23:00:00Z,39.8,24.2,24.9,25.7,-0.7,0.7
1-2 дня,2026-08-07T07:13:52Z,2026-08-09T00:00:00Z,40.8,23.3,24.2,25.6,-0.9,0.9
1-2 дня,2026-08-07T07:13:52Z,2026-08-09T01:00:00Z,41.8,22.6,23.8,25.1,-1.2,1.2
1-2 дня,2026-08-07T07:13:52Z,2026-08-09T02:00:00Z,42.8,23.7,22.8,23.0,0.9,0.9
1-2 дня,2026-08-07T07:13:52Z,2026-08-09T03:00:00Z,43.8,22.4,21.3,21.4,1.1,1.1
1-2 дня,2026-08-07T07:13:52Z,2026-08-09T04:00:00Z,44.8,21.7,20.7,21.2,1.0,1.0
1-2 дня,2026-08-07T07:13:52Z,2026-08-09T05:00:00Z,45.8,23.2,21.8,21.7,1.4,1.4
1-2 дня,2026-08-07T07:13:52Z,2026-08-09T06:00:00Z,46.8,25.5,23.2,22.6,2.3,2.3
1-2 дня,2026-08-07T07:13:52Z,2026-08-09T07:00:00Z,47.8,28.1,24.7,24.4,3.4,3.4
1-2 дня,2026-08-07T10:39:14Z,2026-08-08T11:00:00Z,24.3,34.4,30.9,35.9,3.5,3.5
1-2 дня,2026-08-07T10:39:14Z,2026-08-08T12:00:00Z,25.3,35.5,31.4,36.6,4.1,4.1
1-2 дня,2026-08-07T10:39:14Z,2026-08-08T13:00:00Z,26.3,36.0,32.0,36.9,4.0,4.0
1-2 дня,2026-08-07T10:39:14Z,2026-08-08T14:00:00Z,27.3,36.1,31.3,37.2,4.8,4.8
1-2 дня,2026-08-07T10:39:14Z,2026-08-08T15:00:00Z,28.3,35.8,32.0,36.4,3.8,3.8
1-2 дня,2026-08-07T10:39:14Z,2026-08-08T16:00:00Z,29.3,34.7,31.3,34.4,3.4,3.4
1-2 дня,2026-08-07T10:39:14Z,2026-08-08T17:00:00Z,30.3,32.7,30.0,34.2,2.7,2.7
1-2 дня,2026-08-07T10:39:14Z,2026-08-08T18:00:00Z,31.3,30.1,29.2,32.0,0.9,0.9
1-2 дня,2026-08-07T10:39:14Z,2026-08-08T19:00:00Z,32.3,28.2,28.4,29.3,-0.2,0.2
1-2 дня,2026-08-07T10:39:14Z,2026-08-08T20:00:00Z,33.3,26.9,27.6,28.2,-0.7,0.7
1-2 дня,2026-08-07T10:39:14Z,2026-08-08T21:00:00Z,34.3,26.1,26.6,27.2,-0.5,0.5
1-2 дня,2026-08-07T10:39:14Z,2026-08-08T22:00:00Z,35.3,25.3,25.4,27.1,-0.1,0.1
1-2 дня,2026-08-07T10:39:14Z,2026-08-08T23:00:00Z,36.3,24.2,24.9,25.7,-0.7,0.7
1-2 дня,2026-08-07T10:39:14Z,2026-08-09T00:00:00Z,37.3,23.3,24.2,25.6,-0.9,0.9
1-2 дня,2026-08-07T10:39:14Z,2026-08-09T01:00:00Z,38.3,22.6,23.8,25.1,-1.2,1.2
1-2 дня,2026-08-07T10:39:14Z,2026-08-09T02:00:00Z,39.3,23.7,22.8,23.0,0.9,0.9
1-2 дня,2026-08-07T10:39:14Z,2026-08-09T03:00:00Z,40.3,22.4,21.3,21.4,1.1,1.1
1-2 дня,2026-08-07T10:39:14Z,2026-08-09T04:00:00Z,41.3,21.7,20.7,21.2,1.0,1.0
1-2 дня,2026-08-07T10:39:14Z,2026-08-09T05:00:00Z,42.3,23.2,21.8,21.7,1.4,1.4
1-2 дня,2026-08-07T10:39:14Z,2026-08-09T06:00:00Z,43.3,25.5,23.2,22.6,2.3,2.3
1-2 дня,2026-08-07T10:39:14Z,2026-08-09T07:00:00Z,44.3,28.1,24.7,24.4,3.4,3.4
1-2 дня,2026-08-07T10:39:14Z,2026-08-09T08:00:00Z,45.3,30.6,27.1,25.6,3.5,3.5
1-2 дня,2026-08-07T10:39:14Z,2026-08-09T09:00:00Z,46.3,32.7,28.8,28.1,3.9,3.9
1-2 дня,2026-08-07T10:39:14Z,2026-08-09T10:00:00Z,47.3,34.2,30.1,29.7,4.1,4.1
1-2 дня,2026-08-07T16:51:54Z,2026-08-08T17:00:00Z,24.1,33.0,30.0,34.2,3.0,3.0
1-2 дня,2026-08-07T16:51:54Z,2026-08-08T18:00:00Z,25.1,29.8,29.2,32.0,0.6,0.6
1-2 дня,2026-08-07T16:51:54Z,2026-08-08T19:00:00Z,26.1,27.7,28.4,29.3,-0.7,0.7
1-2 дня,2026-08-07T16:51:54Z,2026-08-08T20:00:00Z,27.1,26.6,27.6,28.2,-1.0,1.0
1-2 дня,2026-08-07T16:51:54Z,2026-08-08T21:00:00Z,28.1,25.5,26.6,27.2,-1.1,1.1
1-2 дня,2026-08-07T16:51:54Z,2026-08-08T22:00:00Z,29.1,24.4,25.4,27.1,-1.0,1.0
1-2 дня,2026-08-07T16:51:54Z,2026-08-08T23:00:00Z,30.1,23.5,24.9,25.7,-1.4,1.4
1-2 дня,2026-08-07T16:51:54Z,2026-08-09T00:00:00Z,31.1,22.6,24.2,25.6,-1.6,1.6
1-2 дня,2026-08-07T16:51:54Z,2026-08-09T01:00:00Z,32.1,22.2,23.8,25.1,-1.6,1.6
1-2 дня,2026-08-07T16:51:54Z,2026-08-09T02:00:00Z,33.1,21.4,22.8,23.0,-1.4,1.4
1-2 дня,2026-08-07T16:51:54Z,2026-08-09T03:00:00Z,34.1,20.9,21.3,21.4,-0.4,0.4
1-2 дня,2026-08-07T16:51:54Z,2026-08-09T04:00:00Z,35.1,20.9,20.7,21.2,0.2,0.2
1-2 дня,2026-08-07T16:51:54Z,2026-08-09T05:00:00Z,36.1,22.5,21.8,21.7,0.7,0.7
1-2 дня,2026-08-07T16:51:54Z,2026-08-09T06:00:00Z,37.1,24.7,23.2,22.6,1.5,1.5
1-2 дня,2026-08-07T16:51:54Z,2026-08-09T07:00:00Z,38.1,27.1,24.7,24.4,2.4,2.4
1-2 дня,2026-08-07T16:51:54Z,2026-08-09T08:00:00Z,39.1,29.6,27.1,25.6,2.5,2.5
1-2 дня,2026-08-07T16:51:54Z,2026-08-09T09:00:00Z,40.1,31.9,28.8,28.1,3.1,3.1
1-2 дня,2026-08-07T16:51:54Z,2026-08-09T10:00:00Z,41.1,33.6,30.1,29.7,3.5,3.5
1-2 дня,2026-08-07T16:51:54Z,2026-08-09T11:00:00Z,42.1,34.7,30.8,30.9,3.9,3.9
1-2 дня,2026-08-07T16:51:54Z,2026-08-09T12:00:00Z,43.1,35.5,32.4,31.4,3.1,3.1
1-2 дня,2026-08-07T16:51:54Z,2026-08-09T13:00:00Z,44.1,36.1,32.7,32.0,3.4,3.4
1-2 дня,2026-08-07T16:51:54Z,2026-08-09T14:00:00Z,45.1,36.4,33.2,31.3,3.2,3.2
1-2 дня,2026-08-07T16:51:54Z,2026-08-09T15:00:00Z,46.1,36.3,33.1,32.0,3.2,3.2
1-2 дня,2026-08-07T16:51:54Z,2026-08-09T16:00:00Z,47.1,35.7,32.2,31.3,3.5,3.5
1-2 дня,2026-08-07T22:45:57Z,2026-08-08T23:00:00Z,24.2,24.9,24.9,25.7,0.0,0.0
1-2 дня,2026-08-07T22:45:57Z,2026-08-09T00:00:00Z,25.2,23.3,24.2,25.6,-0.9,0.9
1-2 дня,2026-08-07T22:45:57Z,2026-08-09T01:00:00Z,26.2,22.4,23.8,25.1,-1.4,1.4
1-2 дня,2026-08-07T22:45:57Z,2026-08-09T02:00:00Z,27.2,21.9,22.8,23.0,-0.9,0.9
1-2 дня,2026-08-07T22:45:57Z,2026-08-09T03:00:00Z,28.2,21.3,21.3,21.4,0.0,0.0
1-2 дня,2026-08-07T22:45:57Z,2026-08-09T04:00:00Z,29.2,20.9,20.7,21.2,0.2,0.2
1-2 дня,2026-08-07T22:45:57Z,2026-08-09T05:00:00Z,30.2,22.4,21.8,21.7,0.6,0.6
1-2 дня,2026-08-07T22:45:57Z,2026-08-09T06:00:00Z,31.2,24.8,23.2,22.6,1.6,1.6
1-2 дня,2026-08-07T22:45:57Z,2026-08-09T07:00:00Z,32.2,27.5,24.7,24.4,2.8,2.8
1-2 дня,2026-08-07T22:45:57Z,2026-08-09T08:00:00Z,33.2,30.1,27.1,25.6,3.0,3.0
1-2 дня,2026-08-07T22:45:57Z,2026-08-09T09:00:00Z,34.2,32.4,28.8,28.1,3.6,3.6
1-2 дня,2026-08-07T22:45:57Z,2026-08-09T10:00:00Z,35.2,34.0,30.1,29.7,3.9,3.9
1-2 дня,2026-08-07T22:45:57Z,2026-08-09T11:00:00Z,36.2,35.1,30.8,30.9,4.3,4.3
1-2 дня,2026-08-07T22:45:57Z,2026-08-09T12:00:00Z,37.2,36.1,32.4,31.4,3.7,3.7
1-2 дня,2026-08-07T22:45:57Z,2026-08-09T13:00:00Z,38.2,36.6,32.7,32.0,3.9,3.9
1-2 дня,2026-08-07T22:45:57Z,2026-08-09T14:00:00Z,39.2,36.9,33.2,31.3,3.7,3.7
1-2 дня,2026-08-07T22:45:57Z,2026-08-09T15:00:00Z,40.2,36.6,33.1,32.0,3.5,3.5
1-2 дня,2026-08-07T22:45:57Z,2026-08-09T16:00:00Z,41.2,36.0,32.2,31.3,3.8,3.8
1-2 дня,2026-08-07T22:45:57Z,2026-08-09T17:00:00Z,42.2,34.5,30.8,30.0,3.7,3.7
1-2 дня,2026-08-07T22:45:57Z,2026-08-09T18:00:00Z,43.2,30.9,29.7,29.2,1.2,1.2
1-2 дня,2026-08-07T22:45:57Z,2026-08-09T19:00:00Z,44.2,28.9,28.3,28.4,0.6,0.6
1-2 дня,2026-08-07T22:45:57Z,2026-08-09T20:00:00Z,45.2,27.5,27.3,27.6,0.2,0.2
1-2 дня,2026-08-07T22:45:57Z,2026-08-09T21:00:00Z,46.2,26.5,26.6,26.6,-0.1,0.1
1-2 дня,2026-08-07T22:45:57Z,2026-08-09T22:00:00Z,47.2,25.8,24.9,25.4,0.9,0.9
1-2 дня,2026-08-07T23:19:23Z,2026-08-09T00:00:00Z,24.7,23.3,24.2,25.6,-0.9,0.9
1-2 дня,2026-08-07T23:19:23Z,2026-08-09T01:00:00Z,25.7,22.4,23.8,25.1,-1.4,1.4
1-2 дня,2026-08-07T23:19:23Z,2026-08-09T02:00:00Z,26.7,21.9,22.8,23.0,-0.9,0.9
1-2 дня,2026-08-07T23:19:23Z,2026-08-09T03:00:00Z,27.7,21.3,21.3,21.4,0.0,0.0
1-2 дня,2026-08-07T23:19:23Z,2026-08-09T04:00:00Z,28.7,20.9,20.7,21.2,0.2,0.2
1-2 дня,2026-08-07T23:19:23Z,2026-08-09T05:00:00Z,29.7,22.4,21.8,21.7,0.6,0.6
1-2 дня,2026-08-07T23:19:23Z,2026-08-09T06:00:00Z,30.7,24.8,23.2,22.6,1.6,1.6
1-2 дня,2026-08-07T23:19:23Z,2026-08-09T07:00:00Z,31.7,27.5,24.7,24.4,2.8,2.8
1-2 дня,2026-08-07T23:19:23Z,2026-08-09T08:00:00Z,32.7,30.1,27.1,25.6,3.0,3.0
1-2 дня,2026-08-07T23:19:23Z,2026-08-09T09:00:00Z,33.7,32.4,28.8,28.1,3.6,3.6
1-2 дня,2026-08-07T23:19:23Z,2026-08-09T10:00:00Z,34.7,34.0,30.1,29.7,3.9,3.9
1-2 дня,2026-08-07T23:19:23Z,2026-08-09T11:00:00Z,35.7,35.1,30.8,30.9,4.3,4.3
1-2 дня,2026-08-07T23:19:23Z,2026-08-09T12:00:00Z,36.7,36.1,32.4,31.4,3.7,3.7
1-2 дня,2026-08-07T23:19:23Z,2026-08-09T13:00:00Z,37.7,36.6,32.7,32.0,3.9,3.9
1-2 дня,2026-08-07T23:19:23Z,2026-08-09T14:00:00Z,38.7,36.9,33.2,31.3,3.7,3.7
1-2 дня,2026-08-07T23:19:23Z,2026-08-09T15:00:00Z,39.7,36.6,33.1,32.0,3.5,3.5
1-2 дня,2026-08-07T23:19:23Z,2026-08-09T16:00:00Z,40.7,36.0,32.2,31.3,3.8,3.8
1-2 дня,2026-08-07T23:19:23Z,2026-08-09T17:00:00Z,41.7,34.5,30.8,30.0,3.7,3.7
1-2 дня,2026-08-07T23:19:23Z,2026-08-09T18:00:00Z,42.7,30.9,29.7,29.2,1.2,1.2
1-2 дня,2026-08-07T23:19:23Z,2026-08-09T19:00:00Z,43.7,28.9,28.3,28.4,0.6,0.6
1-2 дня,2026-08-07T23:19:23Z,2026-08-09T20:00:00Z,44.7,27.5,27.3,27.6,0.2,0.2
1-2 дня,2026-08-07T23:19:23Z,2026-08-09T21:00:00Z,45.7,26.5,26.6,26.6,-0.1,0.1
1-2 дня,2026-08-07T23:19:23Z,2026-08-09T22:00:00Z,46.7,25.8,24.9,25.4,0.9,0.9
1-2 дня,2026-08-07T23:19:23Z,2026-08-09T23:00:00Z,47.7,25.2,24.0,24.9,1.2,1.2
1-2 дня,2026-08-08T04:50:53Z,2026-08-09T05:00:00Z,24.2,22.4,21.8,21.7,0.6,0.6
1-2 дня,2026-08-08T04:50:53Z,2026-08-09T06:00:00Z,25.2,24.5,23.2,22.6,1.3,1.3
1-2 дня,2026-08-08T04:50:53Z,2026-08-09T07:00:00Z,26.2,27.1,24.7,24.4,2.4,2.4
1-2 дня,2026-08-08T04:50:53Z,2026-08-09T08:00:00Z,27.2,29.7,27.1,25.6,2.6,2.6
1-2 дня,2026-08-08T04:50:53Z,2026-08-09T09:00:00Z,28.2,31.9,28.8,28.1,3.1,3.1
1-2 дня,2026-08-08T04:50:53Z,2026-08-09T10:00:00Z,29.2,33.5,30.1,29.7,3.4,3.4
1-2 дня,2026-08-08T04:50:53Z,2026-08-09T11:00:00Z,30.2,34.8,30.8,30.9,4.0,4.0
1-2 дня,2026-08-08T04:50:53Z,2026-08-09T12:00:00Z,31.2,35.7,32.4,31.4,3.3,3.3
1-2 дня,2026-08-08T04:50:53Z,2026-08-09T13:00:00Z,32.2,36.2,32.7,32.0,3.5,3.5
1-2 дня,2026-08-08T04:50:53Z,2026-08-09T14:00:00Z,33.2,36.3,33.2,31.3,3.1,3.1
1-2 дня,2026-08-08T04:50:53Z,2026-08-09T15:00:00Z,34.2,36.1,33.1,32.0,3.0,3.0
1-2 дня,2026-08-08T04:50:53Z,2026-08-09T16:00:00Z,35.2,35.6,32.2,31.3,3.4,3.4
1-2 дня,2026-08-08T04:50:53Z,2026-08-09T17:00:00Z,36.2,34.1,30.8,30.0,3.3,3.3
1-2 дня,2026-08-08T04:50:53Z,2026-08-09T18:00:00Z,37.2,30.2,29.7,29.2,0.5,0.5
1-2 дня,2026-08-08T04:50:53Z,2026-08-09T19:00:00Z,38.2,28.1,28.3,28.4,-0.2,0.2
1-2 дня,2026-08-08T04:50:53Z,2026-08-09T20:00:00Z,39.2,26.7,27.3,27.6,-0.6,0.6
1-2 дня,2026-08-08T04:50:53Z,2026-08-09T21:00:00Z,40.2,25.8,26.6,26.6,-0.8,0.8
1-2 дня,2026-08-08T04:50:53Z,2026-08-09T22:00:00Z,41.2,25.1,24.9,25.4,0.2,0.2
1-2 дня,2026-08-08T04:50:53Z,2026-08-09T23:00:00Z,42.2,24.7,24.0,24.9,0.7,0.7
1-2 дня,2026-08-08T04:50:53Z,2026-08-10T00:00:00Z,43.2,24.5,23.3,24.2,1.2,1.2
1-2 дня,2026-08-08T04:50:53Z,2026-08-10T01:00:00Z,44.2,24.1,22.9,23.8,1.2,1.2
1-2 дня,2026-08-08T04:50:53Z,2026-08-10T02:00:00Z,45.2,23.4,23.1,22.8,0.3,0.3
1-2 дня,2026-08-08T04:50:53Z,2026-08-10T03:00:00Z,46.2,22.9,22.6,21.3,0.3,0.3
1-2 дня,2026-08-08T04:50:53Z,2026-08-10T04:00:00Z,47.2,22.6,21.3,20.7,1.3,1.3
1-2 дня,2026-08-08T10:18:13Z,2026-08-09T11:00:00Z,24.7,34.5,30.8,30.9,3.7,3.7
1-2 дня,2026-08-08T10:18:13Z,2026-08-09T12:00:00Z,25.7,35.4,32.4,31.4,3.0,3.0
1-2 дня,2026-08-08T10:18:13Z,2026-08-09T13:00:00Z,26.7,35.9,32.7,32.0,3.2,3.2
1-2 дня,2026-08-08T10:18:13Z,2026-08-09T14:00:00Z,27.7,36.1,33.2,31.3,2.9,2.9
1-2 дня,2026-08-08T10:18:13Z,2026-08-09T15:00:00Z,28.7,35.9,33.1,32.0,2.8,2.8
1-2 дня,2026-08-08T10:18:13Z,2026-08-09T16:00:00Z,29.7,35.4,32.2,31.3,3.2,3.2
1-2 дня,2026-08-08T10:18:13Z,2026-08-09T17:00:00Z,30.7,33.5,30.8,30.0,2.7,2.7
1-2 дня,2026-08-08T10:18:13Z,2026-08-09T18:00:00Z,31.7,29.6,29.7,29.2,-0.1,0.1
1-2 дня,2026-08-08T10:18:13Z,2026-08-09T19:00:00Z,32.7,27.6,28.3,28.4,-0.7,0.7
1-2 дня,2026-08-08T10:18:13Z,2026-08-09T20:00:00Z,33.7,26.2,27.3,27.6,-1.1,1.1
1-2 дня,2026-08-08T10:18:13Z,2026-08-09T21:00:00Z,34.7,25.4,26.6,26.6,-1.2,1.2
1-2 дня,2026-08-08T10:18:13Z,2026-08-09T22:00:00Z,35.7,24.9,24.9,25.4,0.0,0.0
1-2 дня,2026-08-08T10:18:13Z,2026-08-09T23:00:00Z,36.7,24.5,24.0,24.9,0.5,0.5
1-2 дня,2026-08-08T10:18:13Z,2026-08-10T00:00:00Z,37.7,24.1,23.3,24.2,0.8,0.8
1-2 дня,2026-08-08T10:18:13Z,2026-08-10T01:00:00Z,38.7,23.5,22.9,23.8,0.6,0.6
1-2 дня,2026-08-08T10:18:13Z,2026-08-10T02:00:00Z,39.7,23.0,23.1,22.8,-0.1,0.1
1-2 дня,2026-08-08T10:18:13Z,2026-08-10T03:00:00Z,40.7,22.8,22.6,21.3,0.2,0.2
1-2 дня,2026-08-08T10:18:13Z,2026-08-10T04:00:00Z,41.7,22.7,21.3,20.7,1.4,1.4
1-2 дня,2026-08-08T10:18:13Z,2026-08-10T05:00:00Z,42.7,24.8,24.9,21.8,-0.1,0.1
1-2 дня,2026-08-08T22:37:20Z,2026-08-09T23:00:00Z,24.4,24.0,24.0,24.9,0.0,0.0
1-2 дня,2026-08-08T22:37:20Z,2026-08-10T00:00:00Z,25.4,23.6,23.3,24.2,0.3,0.3
1-2 дня,2026-08-08T22:37:20Z,2026-08-10T01:00:00Z,26.4,23.0,22.9,23.8,0.1,0.1
1-2 дня,2026-08-08T22:37:20Z,2026-08-10T02:00:00Z,27.4,22.6,23.1,22.8,-0.5,0.5
1-2 дня,2026-08-08T22:37:20Z,2026-08-10T03:00:00Z,28.4,22.3,22.6,21.3,-0.3,0.3
1-2 дня,2026-08-08T22:37:20Z,2026-08-10T04:00:00Z,29.4,22.3,21.3,20.7,1.0,1.0
1-2 дня,2026-08-08T22:37:20Z,2026-08-10T05:00:00Z,30.4,24.5,24.9,21.8,-0.4,0.4
1-2 дня,2026-08-09T04:59:03Z,2026-08-10T05:00:00Z,24.0,24.2,24.9,21.8,-0.7,0.7
2-3 дня,2026-08-06T09:50:07Z,2026-08-08T10:00:00Z,48.2,33.4,29.7,35.0,3.7,3.7
2-3 дня,2026-08-06T09:50:07Z,2026-08-08T11:00:00Z,49.2,34.8,30.9,35.9,3.9,3.9
2-3 дня,2026-08-06T09:50:07Z,2026-08-08T12:00:00Z,50.2,35.9,31.4,36.6,4.5,4.5
2-3 дня,2026-08-06T09:50:07Z,2026-08-08T13:00:00Z,51.2,36.5,32.0,36.9,4.5,4.5
2-3 дня,2026-08-06T09:50:07Z,2026-08-08T14:00:00Z,52.2,36.6,31.3,37.2,5.3,5.3
2-3 дня,2026-08-06T09:50:07Z,2026-08-08T15:00:00Z,53.2,36.6,32.0,36.4,4.6,4.6
2-3 дня,2026-08-06T09:50:07Z,2026-08-08T16:00:00Z,54.2,36.0,31.3,34.4,4.7,4.7
2-3 дня,2026-08-06T09:50:07Z,2026-08-08T17:00:00Z,55.2,34.8,30.0,34.2,4.8,4.8
2-3 дня,2026-08-06T09:50:07Z,2026-08-08T18:00:00Z,56.2,31.7,29.2,32.0,2.5,2.5
2-3 дня,2026-08-06T09:50:07Z,2026-08-08T19:00:00Z,57.2,29.8,28.4,29.3,1.4,1.4
2-3 дня,2026-08-06T09:50:07Z,2026-08-08T20:00:00Z,58.2,28.2,27.6,28.2,0.6,0.6
2-3 дня,2026-08-06T09:50:07Z,2026-08-08T21:00:00Z,59.2,27.1,26.6,27.2,0.5,0.5
2-3 дня,2026-08-06T09:50:07Z,2026-08-08T22:00:00Z,60.2,26.1,25.4,27.1,0.7,0.7
2-3 дня,2026-08-06T09:50:07Z,2026-08-08T23:00:00Z,61.2,25.1,24.9,25.7,0.2,0.2
2-3 дня,2026-08-06T09:50:07Z,2026-08-09T00:00:00Z,62.2,23.9,24.2,25.6,-0.3,0.3
2-3 дня,2026-08-06T09:50:07Z,2026-08-09T01:00:00Z,63.2,23.3,23.8,25.1,-0.5,0.5
2-3 дня,2026-08-06T09:50:07Z,2026-08-09T02:00:00Z,64.2,22.9,22.8,23.0,0.1,0.1
2-3 дня,2026-08-06T09:50:07Z,2026-08-09T03:00:00Z,65.2,22.3,21.3,21.4,1.0,1.0
2-3 дня,2026-08-06T09:50:07Z,2026-08-09T04:00:00Z,66.2,21.9,20.7,21.2,1.2,1.2
2-3 дня,2026-08-06T09:50:07Z,2026-08-09T05:00:00Z,67.2,23.4,21.8,21.7,1.6,1.6
2-3 дня,2026-08-06T09:50:07Z,2026-08-09T06:00:00Z,68.2,25.6,23.2,22.6,2.4,2.4
2-3 дня,2026-08-06T09:50:07Z,2026-08-09T07:00:00Z,69.2,28.4,24.7,24.4,3.7,3.7
2-3 дня,2026-08-06T09:50:07Z,2026-08-09T08:00:00Z,70.2,31.1,27.1,25.6,4.0,4.0
2-3 дня,2026-08-06T09:50:07Z,2026-08-09T09:00:00Z,71.2,33.2,28.8,28.1,4.4,4.4
2-3 дня,2026-08-06T09:59:18Z,2026-08-08T10:00:00Z,48.0,33.4,29.7,35.0,3.7,3.7
2-3 дня,2026-08-06T09:59:18Z,2026-08-08T11:00:00Z,49.0,34.8,30.9,35.9,3.9,3.9
2-3 дня,2026-08-06T09:59:18Z,2026-08-08T12:00:00Z,50.0,35.9,31.4,36.6,4.5,4.5
2-3 дня,2026-08-06T09:59:18Z,2026-08-08T13:00:00Z,51.0,36.5,32.0,36.9,4.5,4.5
2-3 дня,2026-08-06T09:59:18Z,2026-08-08T14:00:00Z,52.0,36.6,31.3,37.2,5.3,5.3
2-3 дня,2026-08-06T09:59:18Z,2026-08-08T15:00:00Z,53.0,36.6,32.0,36.4,4.6,4.6
2-3 дня,2026-08-06T09:59:18Z,2026-08-08T16:00:00Z,54.0,36.0,31.3,34.4,4.7,4.7
2-3 дня,2026-08-06T09:59:18Z,2026-08-08T17:00:00Z,55.0,34.8,30.0,34.2,4.8,4.8
2-3 дня,2026-08-06T09:59:18Z,2026-08-08T18:00:00Z,56.0,31.7,29.2,32.0,2.5,2.5
2-3 дня,2026-08-06T09:59:18Z,2026-08-08T19:00:00Z,57.0,29.8,28.4,29.3,1.4,1.4
2-3 дня,2026-08-06T09:59:18Z,2026-08-08T20:00:00Z,58.0,28.2,27.6,28.2,0.6,0.6
2-3 дня,2026-08-06T09:59:18Z,2026-08-08T21:00:00Z,59.0,27.1,26.6,27.2,0.5,0.5
2-3 дня,2026-08-06T09:59:18Z,2026-08-08T22:00:00Z,60.0,26.1,25.4,27.1,0.7,0.7
2-3 дня,2026-08-06T09:59:18Z,2026-08-08T23:00:00Z,61.0,25.1,24.9,25.7,0.2,0.2
2-3 дня,2026-08-06T09:59:18Z,2026-08-09T00:00:00Z,62.0,23.9,24.2,25.6,-0.3,0.3
2-3 дня,2026-08-06T09:59:18Z,2026-08-09T01:00:00Z,63.0,23.3,23.8,25.1,-0.5,0.5
2-3 дня,2026-08-06T09:59:18Z,2026-08-09T02:00:00Z,64.0,22.9,22.8,23.0,0.1,0.1
2-3 дня,2026-08-06T09:59:18Z,2026-08-09T03:00:00Z,65.0,22.3,21.3,21.4,1.0,1.0
2-3 дня,2026-08-06T09:59:18Z,2026-08-09T04:00:00Z,66.0,21.9,20.7,21.2,1.2,1.2
2-3 дня,2026-08-06T09:59:18Z,2026-08-09T05:00:00Z,67.0,23.4,21.8,21.7,1.6,1.6
2-3 дня,2026-08-06T09:59:18Z,2026-08-09T06:00:00Z,68.0,25.6,23.2,22.6,2.4,2.4
2-3 дня,2026-08-06T09:59:18Z,2026-08-09T07:00:00Z,69.0,28.4,24.7,24.4,3.7,3.7
2-3 дня,2026-08-06T09:59:18Z,2026-08-09T08:00:00Z,70.0,31.1,27.1,25.6,4.0,4.0
2-3 дня,2026-08-06T09:59:18Z,2026-08-09T09:00:00Z,71.0,33.2,28.8,28.1,4.4,4.4
2-3 дня,2026-08-06T10:08:26Z,2026-08-08T11:00:00Z,48.9,34.8,30.9,35.9,3.9,3.9
2-3 дня,2026-08-06T10:08:26Z,2026-08-08T12:00:00Z,49.9,35.9,31.4,36.6,4.5,4.5
2-3 дня,2026-08-06T10:08:26Z,2026-08-08T13:00:00Z,50.9,36.5,32.0,36.9,4.5,4.5
2-3 дня,2026-08-06T10:08:26Z,2026-08-08T14:00:00Z,51.9,36.6,31.3,37.2,5.3,5.3
2-3 дня,2026-08-06T10:08:26Z,2026-08-08T15:00:00Z,52.9,36.6,32.0,36.4,4.6,4.6
2-3 дня,2026-08-06T10:08:26Z,2026-08-08T16:00:00Z,53.9,36.0,31.3,34.4,4.7,4.7
2-3 дня,2026-08-06T10:08:26Z,2026-08-08T17:00:00Z,54.9,34.8,30.0,34.2,4.8,4.8
2-3 дня,2026-08-06T10:08:26Z,2026-08-08T18:00:00Z,55.9,31.7,29.2,32.0,2.5,2.5
2-3 дня,2026-08-06T10:08:26Z,2026-08-08T19:00:00Z,56.9,29.8,28.4,29.3,1.4,1.4
2-3 дня,2026-08-06T10:08:26Z,2026-08-08T20:00:00Z,57.9,28.2,27.6,28.2,0.6,0.6
2-3 дня,2026-08-06T10:08:26Z,2026-08-08T21:00:00Z,58.9,27.1,26.6,27.2,0.5,0.5
2-3 дня,2026-08-06T10:08:26Z,2026-08-08T22:00:00Z,59.9,26.1,25.4,27.1,0.7,0.7
2-3 дня,2026-08-06T10:08:26Z,2026-08-08T23:00:00Z,60.9,25.1,24.9,25.7,0.2,0.2
2-3 дня,2026-08-06T10:08:26Z,2026-08-09T00:00:00Z,61.9,23.9,24.2,25.6,-0.3,0.3
2-3 дня,2026-08-06T10:08:26Z,2026-08-09T01:00:00Z,62.9,23.3,23.8,25.1,-0.5,0.5
2-3 дня,2026-08-06T10:08:26Z,2026-08-09T02:00:00Z,63.9,22.9,22.8,23.0,0.1,0.1
2-3 дня,2026-08-06T10:08:26Z,2026-08-09T03:00:00Z,64.9,22.3,21.3,21.4,1.0,1.0
2-3 дня,2026-08-06T10:08:26Z,2026-08-09T04:00:00Z,65.9,21.9,20.7,21.2,1.2,1.2
2-3 дня,2026-08-06T10:08:26Z,2026-08-09T05:00:00Z,66.9,23.4,21.8,21.7,1.6,1.6
2-3 дня,2026-08-06T10:08:26Z,2026-08-09T06:00:00Z,67.9,25.6,23.2,22.6,2.4,2.4
2-3 дня,2026-08-06T10:08:26Z,2026-08-09T07:00:00Z,68.9,28.4,24.7,24.4,3.7,3.7
2-3 дня,2026-08-06T10:08:26Z,2026-08-09T08:00:00Z,69.9,31.1,27.1,25.6,4.0,4.0
2-3 дня,2026-08-06T10:08:26Z,2026-08-09T09:00:00Z,70.9,33.2,28.8,28.1,4.4,4.4
2-3 дня,2026-08-06T10:08:26Z,2026-08-09T10:00:00Z,71.9,34.7,30.1,29.7,4.6,4.6
2-3 дня,2026-08-06T10:47:54Z,2026-08-08T11:00:00Z,48.2,34.8,30.9,35.9,3.9,3.9
2-3 дня,2026-08-06T10:47:54Z,2026-08-08T12:00:00Z,49.2,35.9,31.4,36.6,4.5,4.5
2-3 дня,2026-08-06T10:47:54Z,2026-08-08T13:00:00Z,50.2,36.5,32.0,36.9,4.5,4.5
2-3 дня,2026-08-06T10:47:54Z,2026-08-08T14:00:00Z,51.2,36.6,31.3,37.2,5.3,5.3
2-3 дня,2026-08-06T10:47:54Z,2026-08-08T15:00:00Z,52.2,36.6,32.0,36.4,4.6,4.6
2-3 дня,2026-08-06T10:47:54Z,2026-08-08T16:00:00Z,53.2,36.0,31.3,34.4,4.7,4.7
2-3 дня,2026-08-06T10:47:54Z,2026-08-08T17:00:00Z,54.2,34.8,30.0,34.2,4.8,4.8
2-3 дня,2026-08-06T10:47:54Z,2026-08-08T18:00:00Z,55.2,31.7,29.2,32.0,2.5,2.5
2-3 дня,2026-08-06T10:47:54Z,2026-08-08T19:00:00Z,56.2,29.8,28.4,29.3,1.4,1.4
2-3 дня,2026-08-06T10:47:54Z,2026-08-08T20:00:00Z,57.2,28.2,27.6,28.2,0.6,0.6
2-3 дня,2026-08-06T10:47:54Z,2026-08-08T21:00:00Z,58.2,27.1,26.6,27.2,0.5,0.5
2-3 дня,2026-08-06T10:47:54Z,2026-08-08T22:00:00Z,59.2,26.1,25.4,27.1,0.7,0.7
2-3 дня,2026-08-06T10:47:54Z,2026-08-08T23:00:00Z,60.2,25.1,24.9,25.7,0.2,0.2
2-3 дня,2026-08-06T10:47:54Z,2026-08-09T00:00:00Z,61.2,23.9,24.2,25.6,-0.3,0.3
2-3 дня,2026-08-06T10:47:54Z,2026-08-09T01:00:00Z,62.2,23.3,23.8,25.1,-0.5,0.5
2-3 дня,2026-08-06T10:47:54Z,2026-08-09T02:00:00Z,63.2,22.9,22.8,23.0,0.1,0.1
2-3 дня,2026-08-06T10:47:54Z,2026-08-09T03:00:00Z,64.2,22.3,21.3,21.4,1.0,1.0
2-3 дня,2026-08-06T10:47:54Z,2026-08-09T04:00:00Z,65.2,21.9,20.7,21.2,1.2,1.2
2-3 дня,2026-08-06T10:47:54Z,2026-08-09T05:00:00Z,66.2,23.4,21.8,21.7,1.6,1.6
2-3 дня,2026-08-06T10:47:54Z,2026-08-09T06:00:00Z,67.2,25.6,23.2,22.6,2.4,2.4
2-3 дня,2026-08-06T10:47:54Z,2026-08-09T07:00:00Z,68.2,28.4,24.7,24.4,3.7,3.7
2-3 дня,2026-08-06T10:47:54Z,2026-08-09T08:00:00Z,69.2,31.1,27.1,25.6,4.0,4.0
2-3 дня,2026-08-06T10:47:54Z,2026-08-09T09:00:00Z,70.2,33.2,28.8,28.1,4.4,4.4
2-3 дня,2026-08-06T10:47:54Z,2026-08-09T10:00:00Z,71.2,34.7,30.1,29.7,4.6,4.6
2-3 дня,2026-08-06T11:30:42Z,2026-08-08T12:00:00Z,48.5,35.9,31.4,36.6,4.5,4.5
2-3 дня,2026-08-06T11:30:42Z,2026-08-08T13:00:00Z,49.5,36.5,32.0,36.9,4.5,4.5
2-3 дня,2026-08-06T11:30:42Z,2026-08-08T14:00:00Z,50.5,36.6,31.3,37.2,5.3,5.3
2-3 дня,2026-08-06T11:30:42Z,2026-08-08T15:00:00Z,51.5,36.6,32.0,36.4,4.6,4.6
2-3 дня,2026-08-06T11:30:42Z,2026-08-08T16:00:00Z,52.5,36.0,31.3,34.4,4.7,4.7
2-3 дня,2026-08-06T11:30:42Z,2026-08-08T17:00:00Z,53.5,34.8,30.0,34.2,4.8,4.8
2-3 дня,2026-08-06T11:30:42Z,2026-08-08T18:00:00Z,54.5,31.7,29.2,32.0,2.5,2.5
2-3 дня,2026-08-06T11:30:42Z,2026-08-08T19:00:00Z,55.5,29.8,28.4,29.3,1.4,1.4
2-3 дня,2026-08-06T11:30:42Z,2026-08-08T20:00:00Z,56.5,28.2,27.6,28.2,0.6,0.6
2-3 дня,2026-08-06T11:30:42Z,2026-08-08T21:00:00Z,57.5,27.1,26.6,27.2,0.5,0.5
2-3 дня,2026-08-06T11:30:42Z,2026-08-08T22:00:00Z,58.5,26.1,25.4,27.1,0.7,0.7
2-3 дня,2026-08-06T11:30:42Z,2026-08-08T23:00:00Z,59.5,25.1,24.9,25.7,0.2,0.2
2-3 дня,2026-08-06T11:30:42Z,2026-08-09T00:00:00Z,60.5,23.9,24.2,25.6,-0.3,0.3
2-3 дня,2026-08-06T11:30:42Z,2026-08-09T01:00:00Z,61.5,23.3,23.8,25.1,-0.5,0.5
2-3 дня,2026-08-06T11:30:42Z,2026-08-09T02:00:00Z,62.5,22.9,22.8,23.0,0.1,0.1
2-3 дня,2026-08-06T11:30:42Z,2026-08-09T03:00:00Z,63.5,22.3,21.3,21.4,1.0,1.0
2-3 дня,2026-08-06T11:30:42Z,2026-08-09T04:00:00Z,64.5,21.9,20.7,21.2,1.2,1.2
2-3 дня,2026-08-06T11:30:42Z,2026-08-09T05:00:00Z,65.5,23.4,21.8,21.7,1.6,1.6
2-3 дня,2026-08-06T11:30:42Z,2026-08-09T06:00:00Z,66.5,25.6,23.2,22.6,2.4,2.4
2-3 дня,2026-08-06T11:30:42Z,2026-08-09T07:00:00Z,67.5,28.4,24.7,24.4,3.7,3.7
2-3 дня,2026-08-06T11:30:42Z,2026-08-09T08:00:00Z,68.5,31.1,27.1,25.6,4.0,4.0
2-3 дня,2026-08-06T11:30:42Z,2026-08-09T09:00:00Z,69.5,33.2,28.8,28.1,4.4,4.4
2-3 дня,2026-08-06T11:30:42Z,2026-08-09T10:00:00Z,70.5,34.7,30.1,29.7,4.6,4.6
2-3 дня,2026-08-06T11:30:42Z,2026-08-09T11:00:00Z,71.5,35.8,30.8,30.9,5.0,5.0
2-3 дня,2026-08-06T11:36:01Z,2026-08-08T12:00:00Z,48.4,34.9,31.4,36.6,3.5,3.5
2-3 дня,2026-08-06T11:36:01Z,2026-08-08T13:00:00Z,49.4,35.6,32.0,36.9,3.6,3.6
2-3 дня,2026-08-06T11:36:01Z,2026-08-08T14:00:00Z,50.4,35.9,31.3,37.2,4.6,4.6
2-3 дня,2026-08-06T11:36:01Z,2026-08-08T15:00:00Z,51.4,35.8,32.0,36.4,3.8,3.8
2-3 дня,2026-08-06T11:36:01Z,2026-08-08T16:00:00Z,52.4,35.2,31.3,34.4,3.9,3.9
2-3 дня,2026-08-06T11:36:01Z,2026-08-08T17:00:00Z,53.4,34.0,30.0,34.2,4.0,4.0
2-3 дня,2026-08-06T11:36:01Z,2026-08-08T18:00:00Z,54.4,30.9,29.2,32.0,1.7,1.7
2-3 дня,2026-08-06T11:36:01Z,2026-08-08T19:00:00Z,55.4,29.3,28.4,29.3,0.9,0.9
2-3 дня,2026-08-06T11:36:01Z,2026-08-08T20:00:00Z,56.4,28.2,27.6,28.2,0.6,0.6
2-3 дня,2026-08-06T11:36:01Z,2026-08-08T21:00:00Z,57.4,27.4,26.6,27.2,0.8,0.8
2-3 дня,2026-08-06T11:36:01Z,2026-08-08T22:00:00Z,58.4,25.6,25.4,27.1,0.2,0.2
2-3 дня,2026-08-06T11:36:01Z,2026-08-08T23:00:00Z,59.4,24.2,24.9,25.7,-0.7,0.7
2-3 дня,2026-08-06T11:36:01Z,2026-08-09T00:00:00Z,60.4,23.2,24.2,25.6,-1.0,1.0
2-3 дня,2026-08-06T11:36:01Z,2026-08-09T01:00:00Z,61.4,22.4,23.8,25.1,-1.4,1.4
2-3 дня,2026-08-06T11:36:01Z,2026-08-09T02:00:00Z,62.4,21.7,22.8,23.0,-1.1,1.1
2-3 дня,2026-08-06T11:36:01Z,2026-08-09T03:00:00Z,63.4,21.2,21.3,21.4,-0.1,0.1
2-3 дня,2026-08-06T11:36:01Z,2026-08-09T04:00:00Z,64.4,21.2,20.7,21.2,0.5,0.5
2-3 дня,2026-08-06T11:36:01Z,2026-08-09T05:00:00Z,65.4,22.6,21.8,21.7,0.8,0.8
2-3 дня,2026-08-06T11:36:01Z,2026-08-09T06:00:00Z,66.4,24.8,23.2,22.6,1.6,1.6
2-3 дня,2026-08-06T11:36:01Z,2026-08-09T07:00:00Z,67.4,27.5,24.7,24.4,2.8,2.8
2-3 дня,2026-08-06T11:36:01Z,2026-08-09T08:00:00Z,68.4,30.1,27.1,25.6,3.0,3.0
2-3 дня,2026-08-06T11:36:01Z,2026-08-09T09:00:00Z,69.4,32.3,28.8,28.1,3.5,3.5
2-3 дня,2026-08-06T11:36:01Z,2026-08-09T10:00:00Z,70.4,33.9,30.1,29.7,3.8,3.8
2-3 дня,2026-08-06T11:36:01Z,2026-08-09T11:00:00Z,71.4,35.1,30.8,30.9,4.3,4.3
2-3 дня,2026-08-06T11:44:08Z,2026-08-08T12:00:00Z,48.3,34.9,31.4,36.6,3.5,3.5
2-3 дня,2026-08-06T11:44:08Z,2026-08-08T13:00:00Z,49.3,35.6,32.0,36.9,3.6,3.6
2-3 дня,2026-08-06T11:44:08Z,2026-08-08T14:00:00Z,50.3,35.9,31.3,37.2,4.6,4.6
2-3 дня,2026-08-06T11:44:08Z,2026-08-08T15:00:00Z,51.3,35.8,32.0,36.4,3.8,3.8
2-3 дня,2026-08-06T11:44:08Z,2026-08-08T16:00:00Z,52.3,35.2,31.3,34.4,3.9,3.9
2-3 дня,2026-08-06T11:44:08Z,2026-08-08T17:00:00Z,53.3,34.0,30.0,34.2,4.0,4.0
2-3 дня,2026-08-06T11:44:08Z,2026-08-08T18:00:00Z,54.3,30.9,29.2,32.0,1.7,1.7
2-3 дня,2026-08-06T11:44:08Z,2026-08-08T19:00:00Z,55.3,29.3,28.4,29.3,0.9,0.9
2-3 дня,2026-08-06T11:44:08Z,2026-08-08T20:00:00Z,56.3,28.2,27.6,28.2,0.6,0.6
2-3 дня,2026-08-06T11:44:08Z,2026-08-08T21:00:00Z,57.3,27.4,26.6,27.2,0.8,0.8
2-3 дня,2026-08-06T11:44:08Z,2026-08-08T22:00:00Z,58.3,25.6,25.4,27.1,0.2,0.2
2-3 дня,2026-08-06T11:44:08Z,2026-08-08T23:00:00Z,59.3,24.2,24.9,25.7,-0.7,0.7
2-3 дня,2026-08-06T11:44:08Z,2026-08-09T00:00:00Z,60.3,23.2,24.2,25.6,-1.0,1.0
2-3 дня,2026-08-06T11:44:08Z,2026-08-09T01:00:00Z,61.3,22.4,23.8,25.1,-1.4,1.4
2-3 дня,2026-08-06T11:44:08Z,2026-08-09T02:00:00Z,62.3,21.7,22.8,23.0,-1.1,1.1
2-3 дня,2026-08-06T11:44:08Z,2026-08-09T03:00:00Z,63.3,21.2,21.3,21.4,-0.1,0.1
2-3 дня,2026-08-06T11:44:08Z,2026-08-09T04:00:00Z,64.3,21.2,20.7,21.2,0.5,0.5
2-3 дня,2026-08-06T11:44:08Z,2026-08-09T05:00:00Z,65.3,22.6,21.8,21.7,0.8,0.8
2-3 дня,2026-08-06T11:44:08Z,2026-08-09T06:00:00Z,66.3,24.8,23.2,22.6,1.6,1.6
2-3 дня,2026-08-06T11:44:08Z,2026-08-09T07:00:00Z,67.3,27.5,24.7,24.4,2.8,2.8
2-3 дня,2026-08-06T11:44:08Z,2026-08-09T08:00:00Z,68.3,30.1,27.1,25.6,3.0,3.0
2-3 дня,2026-08-06T11:44:08Z,2026-08-09T09:00:00Z,69.3,32.3,28.8,28.1,3.5,3.5
2-3 дня,2026-08-06T11:44:08Z,2026-08-09T10:00:00Z,70.3,33.9,30.1,29.7,3.8,3.8
2-3 дня,2026-08-06T11:44:08Z,2026-08-09T11:00:00Z,71.3,35.1,30.8,30.9,4.3,4.3
2-3 дня,2026-08-07T01:31:32Z,2026-08-09T02:00:00Z,48.5,22.1,22.8,23.0,-0.7,0.7
2-3 дня,2026-08-07T01:31:32Z,2026-08-09T03:00:00Z,49.5,21.6,21.3,21.4,0.3,0.3
2-3 дня,2026-08-07T01:31:32Z,2026-08-09T04:00:00Z,50.5,21.4,20.7,21.2,0.7,0.7
2-3 дня,2026-08-07T01:31:32Z,2026-08-09T05:00:00Z,51.5,23.0,21.8,21.7,1.2,1.2
2-3 дня,2026-08-07T01:31:32Z,2026-08-09T06:00:00Z,52.5,25.5,23.2,22.6,2.3,2.3
2-3 дня,2026-08-07T01:31:32Z,2026-08-09T07:00:00Z,53.5,28.2,24.7,24.4,3.5,3.5
2-3 дня,2026-08-07T01:31:32Z,2026-08-09T08:00:00Z,54.5,30.8,27.1,25.6,3.7,3.7
2-3 дня,2026-08-07T01:31:32Z,2026-08-09T09:00:00Z,55.5,32.6,28.8,28.1,3.8,3.8
2-3 дня,2026-08-07T01:31:32Z,2026-08-09T10:00:00Z,56.5,34.2,30.1,29.7,4.1,4.1
2-3 дня,2026-08-07T01:31:32Z,2026-08-09T11:00:00Z,57.5,35.5,30.8,30.9,4.7,4.7
2-3 дня,2026-08-07T01:31:32Z,2026-08-09T12:00:00Z,58.5,36.4,32.4,31.4,4.0,4.0
2-3 дня,2026-08-07T01:31:32Z,2026-08-09T13:00:00Z,59.5,37.0,32.7,32.0,4.3,4.3
2-3 дня,2026-08-07T01:31:32Z,2026-08-09T14:00:00Z,60.5,37.2,33.2,31.3,4.0,4.0
2-3 дня,2026-08-07T01:31:32Z,2026-08-09T15:00:00Z,61.5,36.9,33.1,32.0,3.8,3.8
2-3 дня,2026-08-07T01:31:32Z,2026-08-09T16:00:00Z,62.5,36.3,32.2,31.3,4.1,4.1
2-3 дня,2026-08-07T01:31:32Z,2026-08-09T17:00:00Z,63.5,34.5,30.8,30.0,3.7,3.7
2-3 дня,2026-08-07T01:31:32Z,2026-08-09T18:00:00Z,64.5,31.0,29.7,29.2,1.3,1.3
2-3 дня,2026-08-07T01:31:32Z,2026-08-09T19:00:00Z,65.5,29.0,28.3,28.4,0.7,0.7
2-3 дня,2026-08-07T01:31:32Z,2026-08-09T20:00:00Z,66.5,27.6,27.3,27.6,0.3,0.3
2-3 дня,2026-08-07T01:31:32Z,2026-08-09T21:00:00Z,67.5,26.5,26.6,26.6,-0.1,0.1
2-3 дня,2026-08-07T01:31:32Z,2026-08-09T22:00:00Z,68.5,25.7,24.9,25.4,0.8,0.8
2-3 дня,2026-08-07T01:31:32Z,2026-08-09T23:00:00Z,69.5,25.2,24.0,24.9,1.2,1.2
2-3 дня,2026-08-07T01:31:32Z,2026-08-10T00:00:00Z,70.5,24.9,23.3,24.2,1.6,1.6
2-3 дня,2026-08-07T01:31:32Z,2026-08-10T01:00:00Z,71.5,24.5,22.9,23.8,1.6,1.6
2-3 дня,2026-08-07T05:36:00Z,2026-08-09T06:00:00Z,48.4,25.5,23.2,22.6,2.3,2.3
2-3 дня,2026-08-07T05:36:00Z,2026-08-09T07:00:00Z,49.4,28.1,24.7,24.4,3.4,3.4
2-3 дня,2026-08-07T05:36:00Z,2026-08-09T08:00:00Z,50.4,30.6,27.1,25.6,3.5,3.5
2-3 дня,2026-08-07T05:36:00Z,2026-08-09T09:00:00Z,51.4,32.7,28.8,28.1,3.9,3.9
2-3 дня,2026-08-07T05:36:00Z,2026-08-09T10:00:00Z,52.4,34.2,30.1,29.7,4.1,4.1
2-3 дня,2026-08-07T05:36:00Z,2026-08-09T11:00:00Z,53.4,35.3,30.8,30.9,4.5,4.5
2-3 дня,2026-08-07T05:36:00Z,2026-08-09T12:00:00Z,54.4,36.2,32.4,31.4,3.8,3.8
2-3 дня,2026-08-07T05:36:00Z,2026-08-09T13:00:00Z,55.4,36.7,32.7,32.0,4.0,4.0
2-3 дня,2026-08-07T05:36:00Z,2026-08-09T14:00:00Z,56.4,36.9,33.2,31.3,3.7,3.7
2-3 дня,2026-08-07T05:36:00Z,2026-08-09T15:00:00Z,57.4,36.7,33.1,32.0,3.6,3.6
2-3 дня,2026-08-07T05:36:00Z,2026-08-09T16:00:00Z,58.4,36.2,32.2,31.3,4.0,4.0
2-3 дня,2026-08-07T05:36:00Z,2026-08-09T17:00:00Z,59.4,34.6,30.8,30.0,3.8,3.8
2-3 дня,2026-08-07T05:36:00Z,2026-08-09T18:00:00Z,60.4,31.1,29.7,29.2,1.4,1.4
2-3 дня,2026-08-07T05:36:00Z,2026-08-09T19:00:00Z,61.4,29.1,28.3,28.4,0.8,0.8
2-3 дня,2026-08-07T05:36:00Z,2026-08-09T20:00:00Z,62.4,27.7,27.3,27.6,0.4,0.4
2-3 дня,2026-08-07T05:36:00Z,2026-08-09T21:00:00Z,63.4,26.7,26.6,26.6,0.1,0.1
2-3 дня,2026-08-07T05:36:00Z,2026-08-09T22:00:00Z,64.4,25.9,24.9,25.4,1.0,1.0
2-3 дня,2026-08-07T05:36:00Z,2026-08-09T23:00:00Z,65.4,25.3,24.0,24.9,1.3,1.3
2-3 дня,2026-08-07T05:36:00Z,2026-08-10T00:00:00Z,66.4,25.1,23.3,24.2,1.8,1.8
2-3 дня,2026-08-07T05:36:00Z,2026-08-10T01:00:00Z,67.4,24.6,22.9,23.8,1.7,1.7
2-3 дня,2026-08-07T05:36:00Z,2026-08-10T02:00:00Z,68.4,23.9,23.1,22.8,0.8,0.8
2-3 дня,2026-08-07T05:36:00Z,2026-08-10T03:00:00Z,69.4,23.4,22.6,21.3,0.8,0.8
2-3 дня,2026-08-07T05:36:00Z,2026-08-10T04:00:00Z,70.4,23.4,21.3,20.7,2.1,2.1
2-3 дня,2026-08-07T05:36:00Z,2026-08-10T05:00:00Z,71.4,25.6,24.9,21.8,0.7,0.7
2-3 дня,2026-08-07T06:18:59Z,2026-08-09T07:00:00Z,48.7,28.1,24.7,24.4,3.4,3.4
2-3 дня,2026-08-07T06:18:59Z,2026-08-09T08:00:00Z,49.7,30.6,27.1,25.6,3.5,3.5
2-3 дня,2026-08-07T06:18:59Z,2026-08-09T09:00:00Z,50.7,32.7,28.8,28.1,3.9,3.9
2-3 дня,2026-08-07T06:18:59Z,2026-08-09T10:00:00Z,51.7,34.2,30.1,29.7,4.1,4.1
2-3 дня,2026-08-07T06:18:59Z,2026-08-09T11:00:00Z,52.7,35.3,30.8,30.9,4.5,4.5
2-3 дня,2026-08-07T06:18:59Z,2026-08-09T12:00:00Z,53.7,36.2,32.4,31.4,3.8,3.8
2-3 дня,2026-08-07T06:18:59Z,2026-08-09T13:00:00Z,54.7,36.7,32.7,32.0,4.0,4.0
2-3 дня,2026-08-07T06:18:59Z,2026-08-09T14:00:00Z,55.7,36.9,33.2,31.3,3.7,3.7
2-3 дня,2026-08-07T06:18:59Z,2026-08-09T15:00:00Z,56.7,36.7,33.1,32.0,3.6,3.6
2-3 дня,2026-08-07T06:18:59Z,2026-08-09T16:00:00Z,57.7,36.2,32.2,31.3,4.0,4.0
2-3 дня,2026-08-07T06:18:59Z,2026-08-09T17:00:00Z,58.7,34.6,30.8,30.0,3.8,3.8
2-3 дня,2026-08-07T06:18:59Z,2026-08-09T18:00:00Z,59.7,31.1,29.7,29.2,1.4,1.4
2-3 дня,2026-08-07T06:18:59Z,2026-08-09T19:00:00Z,60.7,29.1,28.3,28.4,0.8,0.8
2-3 дня,2026-08-07T06:18:59Z,2026-08-09T20:00:00Z,61.7,27.7,27.3,27.6,0.4,0.4
2-3 дня,2026-08-07T06:18:59Z,2026-08-09T21:00:00Z,62.7,26.7,26.6,26.6,0.1,0.1
2-3 дня,2026-08-07T06:18:59Z,2026-08-09T22:00:00Z,63.7,25.9,24.9,25.4,1.0,1.0
2-3 дня,2026-08-07T06:18:59Z,2026-08-09T23:00:00Z,64.7,25.3,24.0,24.9,1.3,1.3
2-3 дня,2026-08-07T06:18:59Z,2026-08-10T00:00:00Z,65.7,25.1,23.3,24.2,1.8,1.8
2-3 дня,2026-08-07T06:18:59Z,2026-08-10T01:00:00Z,66.7,24.6,22.9,23.8,1.7,1.7
2-3 дня,2026-08-07T06:18:59Z,2026-08-10T02:00:00Z,67.7,23.9,23.1,22.8,0.8,0.8
2-3 дня,2026-08-07T06:18:59Z,2026-08-10T03:00:00Z,68.7,23.4,22.6,21.3,0.8,0.8
2-3 дня,2026-08-07T06:18:59Z,2026-08-10T04:00:00Z,69.7,23.4,21.3,20.7,2.1,2.1
2-3 дня,2026-08-07T06:18:59Z,2026-08-10T05:00:00Z,70.7,25.6,24.9,21.8,0.7,0.7
2-3 дня,2026-08-07T07:13:52Z,2026-08-09T08:00:00Z,48.8,30.6,27.1,25.6,3.5,3.5
2-3 дня,2026-08-07T07:13:52Z,2026-08-09T09:00:00Z,49.8,32.7,28.8,28.1,3.9,3.9
2-3 дня,2026-08-07T07:13:52Z,2026-08-09T10:00:00Z,50.8,34.2,30.1,29.7,4.1,4.1
2-3 дня,2026-08-07T07:13:52Z,2026-08-09T11:00:00Z,51.8,35.3,30.8,30.9,4.5,4.5
2-3 дня,2026-08-07T07:13:52Z,2026-08-09T12:00:00Z,52.8,36.2,32.4,31.4,3.8,3.8
2-3 дня,2026-08-07T07:13:52Z,2026-08-09T13:00:00Z,53.8,36.7,32.7,32.0,4.0,4.0
2-3 дня,2026-08-07T07:13:52Z,2026-08-09T14:00:00Z,54.8,36.9,33.2,31.3,3.7,3.7
2-3 дня,2026-08-07T07:13:52Z,2026-08-09T15:00:00Z,55.8,36.7,33.1,32.0,3.6,3.6
2-3 дня,2026-08-07T07:13:52Z,2026-08-09T16:00:00Z,56.8,36.2,32.2,31.3,4.0,4.0
2-3 дня,2026-08-07T07:13:52Z,2026-08-09T17:00:00Z,57.8,34.6,30.8,30.0,3.8,3.8
2-3 дня,2026-08-07T07:13:52Z,2026-08-09T18:00:00Z,58.8,31.1,29.7,29.2,1.4,1.4
2-3 дня,2026-08-07T07:13:52Z,2026-08-09T19:00:00Z,59.8,29.1,28.3,28.4,0.8,0.8
2-3 дня,2026-08-07T07:13:52Z,2026-08-09T20:00:00Z,60.8,27.7,27.3,27.6,0.4,0.4
2-3 дня,2026-08-07T07:13:52Z,2026-08-09T21:00:00Z,61.8,26.7,26.6,26.6,0.1,0.1
2-3 дня,2026-08-07T07:13:52Z,2026-08-09T22:00:00Z,62.8,25.9,24.9,25.4,1.0,1.0
2-3 дня,2026-08-07T07:13:52Z,2026-08-09T23:00:00Z,63.8,25.3,24.0,24.9,1.3,1.3
2-3 дня,2026-08-07T07:13:52Z,2026-08-10T00:00:00Z,64.8,25.1,23.3,24.2,1.8,1.8
2-3 дня,2026-08-07T07:13:52Z,2026-08-10T01:00:00Z,65.8,24.6,22.9,23.8,1.7,1.7
2-3 дня,2026-08-07T07:13:52Z,2026-08-10T02:00:00Z,66.8,23.9,23.1,22.8,0.8,0.8
2-3 дня,2026-08-07T07:13:52Z,2026-08-10T03:00:00Z,67.8,23.4,22.6,21.3,0.8,0.8
2-3 дня,2026-08-07T07:13:52Z,2026-08-10T04:00:00Z,68.8,23.4,21.3,20.7,2.1,2.1
2-3 дня,2026-08-07T07:13:52Z,2026-08-10T05:00:00Z,69.8,25.6,24.9,21.8,0.7,0.7
2-3 дня,2026-08-07T10:39:14Z,2026-08-09T11:00:00Z,48.3,35.3,30.8,30.9,4.5,4.5
2-3 дня,2026-08-07T10:39:14Z,2026-08-09T12:00:00Z,49.3,36.2,32.4,31.4,3.8,3.8
2-3 дня,2026-08-07T10:39:14Z,2026-08-09T13:00:00Z,50.3,36.7,32.7,32.0,4.0,4.0
2-3 дня,2026-08-07T10:39:14Z,2026-08-09T14:00:00Z,51.3,36.9,33.2,31.3,3.7,3.7
2-3 дня,2026-08-07T10:39:14Z,2026-08-09T15:00:00Z,52.3,36.7,33.1,32.0,3.6,3.6
2-3 дня,2026-08-07T10:39:14Z,2026-08-09T16:00:00Z,53.3,36.2,32.2,31.3,4.0,4.0
2-3 дня,2026-08-07T10:39:14Z,2026-08-09T17:00:00Z,54.3,34.6,30.8,30.0,3.8,3.8
2-3 дня,2026-08-07T10:39:14Z,2026-08-09T18:00:00Z,55.3,31.1,29.7,29.2,1.4,1.4
2-3 дня,2026-08-07T10:39:14Z,2026-08-09T19:00:00Z,56.3,29.1,28.3,28.4,0.8,0.8
2-3 дня,2026-08-07T10:39:14Z,2026-08-09T20:00:00Z,57.3,27.7,27.3,27.6,0.4,0.4
2-3 дня,2026-08-07T10:39:14Z,2026-08-09T21:00:00Z,58.3,26.7,26.6,26.6,0.1,0.1
2-3 дня,2026-08-07T10:39:14Z,2026-08-09T22:00:00Z,59.3,25.9,24.9,25.4,1.0,1.0
2-3 дня,2026-08-07T10:39:14Z,2026-08-09T23:00:00Z,60.3,25.3,24.0,24.9,1.3,1.3
2-3 дня,2026-08-07T10:39:14Z,2026-08-10T00:00:00Z,61.3,25.1,23.3,24.2,1.8,1.8
2-3 дня,2026-08-07T10:39:14Z,2026-08-10T01:00:00Z,62.3,24.6,22.9,23.8,1.7,1.7
2-3 дня,2026-08-07T10:39:14Z,2026-08-10T02:00:00Z,63.3,23.9,23.1,22.8,0.8,0.8
2-3 дня,2026-08-07T10:39:14Z,2026-08-10T03:00:00Z,64.3,23.4,22.6,21.3,0.8,0.8
2-3 дня,2026-08-07T10:39:14Z,2026-08-10T04:00:00Z,65.3,23.4,21.3,20.7,2.1,2.1
2-3 дня,2026-08-07T10:39:14Z,2026-08-10T05:00:00Z,66.3,25.6,24.9,21.8,0.7,0.7
2-3 дня,2026-08-07T16:51:54Z,2026-08-09T17:00:00Z,48.1,34.1,30.8,30.0,3.3,3.3
2-3 дня,2026-08-07T16:51:54Z,2026-08-09T18:00:00Z,49.1,30.4,29.7,29.2,0.7,0.7
2-3 дня,2026-08-07T16:51:54Z,2026-08-09T19:00:00Z,50.1,28.3,28.3,28.4,0.0,0.0
2-3 дня,2026-08-07T16:51:54Z,2026-08-09T20:00:00Z,51.1,26.9,27.3,27.6,-0.4,0.4
2-3 дня,2026-08-07T16:51:54Z,2026-08-09T21:00:00Z,52.1,25.8,26.6,26.6,-0.8,0.8
2-3 дня,2026-08-07T16:51:54Z,2026-08-09T22:00:00Z,53.1,25.1,24.9,25.4,0.2,0.2
2-3 дня,2026-08-07T16:51:54Z,2026-08-09T23:00:00Z,54.1,24.6,24.0,24.9,0.6,0.6
2-3 дня,2026-08-07T16:51:54Z,2026-08-10T00:00:00Z,55.1,24.3,23.3,24.2,1.0,1.0
2-3 дня,2026-08-07T16:51:54Z,2026-08-10T01:00:00Z,56.1,23.8,22.9,23.8,0.9,0.9
2-3 дня,2026-08-07T16:51:54Z,2026-08-10T02:00:00Z,57.1,23.4,23.1,22.8,0.3,0.3
2-3 дня,2026-08-07T16:51:54Z,2026-08-10T03:00:00Z,58.1,22.9,22.6,21.3,0.3,0.3
2-3 дня,2026-08-07T16:51:54Z,2026-08-10T04:00:00Z,59.1,22.6,21.3,20.7,1.3,1.3
2-3 дня,2026-08-07T16:51:54Z,2026-08-10T05:00:00Z,60.1,24.9,24.9,21.8,0.0,0.0
2-3 дня,2026-08-07T22:45:57Z,2026-08-09T23:00:00Z,48.2,25.2,24.0,24.9,1.2,1.2
2-3 дня,2026-08-07T22:45:57Z,2026-08-10T00:00:00Z,49.2,24.8,23.3,24.2,1.5,1.5
2-3 дня,2026-08-07T22:45:57Z,2026-08-10T01:00:00Z,50.2,24.4,22.9,23.8,1.5,1.5
2-3 дня,2026-08-07T22:45:57Z,2026-08-10T02:00:00Z,51.2,24.1,23.1,22.8,1.0,1.0
2-3 дня,2026-08-07T22:45:57Z,2026-08-10T03:00:00Z,52.2,23.8,22.6,21.3,1.2,1.2
2-3 дня,2026-08-07T22:45:57Z,2026-08-10T04:00:00Z,53.2,23.7,21.3,20.7,2.4,2.4
2-3 дня,2026-08-07T22:45:57Z,2026-08-10T05:00:00Z,54.2,25.6,24.9,21.8,0.7,0.7
2-3 дня,2026-08-07T23:19:23Z,2026-08-10T00:00:00Z,48.7,24.8,23.3,24.2,1.5,1.5
2-3 дня,2026-08-07T23:19:23Z,2026-08-10T01:00:00Z,49.7,24.4,22.9,23.8,1.5,1.5
2-3 дня,2026-08-07T23:19:23Z,2026-08-10T02:00:00Z,50.7,24.1,23.1,22.8,1.0,1.0
2-3 дня,2026-08-07T23:19:23Z,2026-08-10T03:00:00Z,51.7,23.8,22.6,21.3,1.2,1.2
2-3 дня,2026-08-07T23:19:23Z,2026-08-10T04:00:00Z,52.7,23.7,21.3,20.7,2.4,2.4
2-3 дня,2026-08-07T23:19:23Z,2026-08-10T05:00:00Z,53.7,25.6,24.9,21.8,0.7,0.7
2-3 дня,2026-08-08T04:50:53Z,2026-08-10T05:00:00Z,48.2,24.8,24.9,21.8,-0.1,0.1
3-5 дней,2026-08-06T09:50:07Z,2026-08-09T10:00:00Z,72.2,34.7,30.1,29.7,4.6,4.6
3-5 дней,2026-08-06T09:50:07Z,2026-08-09T11:00:00Z,73.2,35.8,30.8,30.9,5.0,5.0
3-5 дней,2026-08-06T09:50:07Z,2026-08-09T12:00:00Z,74.2,36.8,32.4,31.4,4.4,4.4
3-5 дней,2026-08-06T09:50:07Z,2026-08-09T13:00:00Z,75.2,37.3,32.7,32.0,4.6,4.6
3-5 дней,2026-08-06T09:50:07Z,2026-08-09T14:00:00Z,76.2,37.4,33.2,31.3,4.2,4.2
3-5 дней,2026-08-06T09:50:07Z,2026-08-09T15:00:00Z,77.2,37.2,33.1,32.0,4.1,4.1
3-5 дней,2026-08-06T09:50:07Z,2026-08-09T16:00:00Z,78.2,36.6,32.2,31.3,4.4,4.4
3-5 дней,2026-08-06T09:50:07Z,2026-08-09T17:00:00Z,79.2,35.0,30.8,30.0,4.2,4.2
3-5 дней,2026-08-06T09:50:07Z,2026-08-09T18:00:00Z,80.2,31.3,29.7,29.2,1.6,1.6
3-5 дней,2026-08-06T09:50:07Z,2026-08-09T19:00:00Z,81.2,29.1,28.3,28.4,0.8,0.8
3-5 дней,2026-08-06T09:50:07Z,2026-08-09T20:00:00Z,82.2,27.7,27.3,27.6,0.4,0.4
3-5 дней,2026-08-06T09:50:07Z,2026-08-09T21:00:00Z,83.2,26.7,26.6,26.6,0.1,0.1
3-5 дней,2026-08-06T09:50:07Z,2026-08-09T22:00:00Z,84.2,25.9,24.9,25.4,1.0,1.0
3-5 дней,2026-08-06T09:50:07Z,2026-08-09T23:00:00Z,85.2,25.3,24.0,24.9,1.3,1.3
3-5 дней,2026-08-06T09:50:07Z,2026-08-10T00:00:00Z,86.2,24.8,23.3,24.2,1.5,1.5
3-5 дней,2026-08-06T09:50:07Z,2026-08-10T01:00:00Z,87.2,24.5,22.9,23.8,1.6,1.6
3-5 дней,2026-08-06T09:50:07Z,2026-08-10T02:00:00Z,88.2,24.2,23.1,22.8,1.1,1.1
3-5 дней,2026-08-06T09:50:07Z,2026-08-10T03:00:00Z,89.2,23.7,22.6,21.3,1.1,1.1
3-5 дней,2026-08-06T09:50:07Z,2026-08-10T04:00:00Z,90.2,23.5,21.3,20.7,2.2,2.2
3-5 дней,2026-08-06T09:50:07Z,2026-08-10T05:00:00Z,91.2,25.7,24.9,21.8,0.8,0.8
3-5 дней,2026-08-06T09:59:18Z,2026-08-09T10:00:00Z,72.0,34.7,30.1,29.7,4.6,4.6
3-5 дней,2026-08-06T09:59:18Z,2026-08-09T11:00:00Z,73.0,35.8,30.8,30.9,5.0,5.0
3-5 дней,2026-08-06T09:59:18Z,2026-08-09T12:00:00Z,74.0,36.8,32.4,31.4,4.4,4.4
3-5 дней,2026-08-06T09:59:18Z,2026-08-09T13:00:00Z,75.0,37.3,32.7,32.0,4.6,4.6
3-5 дней,2026-08-06T09:59:18Z,2026-08-09T14:00:00Z,76.0,37.4,33.2,31.3,4.2,4.2
3-5 дней,2026-08-06T09:59:18Z,2026-08-09T15:00:00Z,77.0,37.2,33.1,32.0,4.1,4.1
3-5 дней,2026-08-06T09:59:18Z,2026-08-09T16:00:00Z,78.0,36.6,32.2,31.3,4.4,4.4
3-5 дней,2026-08-06T09:59:18Z,2026-08-09T17:00:00Z,79.0,35.0,30.8,30.0,4.2,4.2
3-5 дней,2026-08-06T09:59:18Z,2026-08-09T18:00:00Z,80.0,31.3,29.7,29.2,1.6,1.6
3-5 дней,2026-08-06T09:59:18Z,2026-08-09T19:00:00Z,81.0,29.1,28.3,28.4,0.8,0.8
3-5 дней,2026-08-06T09:59:18Z,2026-08-09T20:00:00Z,82.0,27.7,27.3,27.6,0.4,0.4
3-5 дней,2026-08-06T09:59:18Z,2026-08-09T21:00:00Z,83.0,26.7,26.6,26.6,0.1,0.1
3-5 дней,2026-08-06T09:59:18Z,2026-08-09T22:00:00Z,84.0,25.9,24.9,25.4,1.0,1.0
3-5 дней,2026-08-06T09:59:18Z,2026-08-09T23:00:00Z,85.0,25.3,24.0,24.9,1.3,1.3
3-5 дней,2026-08-06T09:59:18Z,2026-08-10T00:00:00Z,86.0,24.8,23.3,24.2,1.5,1.5
3-5 дней,2026-08-06T09:59:18Z,2026-08-10T01:00:00Z,87.0,24.5,22.9,23.8,1.6,1.6
3-5 дней,2026-08-06T09:59:18Z,2026-08-10T02:00:00Z,88.0,24.2,23.1,22.8,1.1,1.1
3-5 дней,2026-08-06T09:59:18Z,2026-08-10T03:00:00Z,89.0,23.7,22.6,21.3,1.1,1.1
3-5 дней,2026-08-06T09:59:18Z,2026-08-10T04:00:00Z,90.0,23.5,21.3,20.7,2.2,2.2
3-5 дней,2026-08-06T09:59:18Z,2026-08-10T05:00:00Z,91.0,25.7,24.9,21.8,0.8,0.8
3-5 дней,2026-08-06T10:08:26Z,2026-08-09T11:00:00Z,72.9,35.8,30.8,30.9,5.0,5.0
3-5 дней,2026-08-06T10:08:26Z,2026-08-09T12:00:00Z,73.9,36.8,32.4,31.4,4.4,4.4
3-5 дней,2026-08-06T10:08:26Z,2026-08-09T13:00:00Z,74.9,37.3,32.7,32.0,4.6,4.6
3-5 дней,2026-08-06T10:08:26Z,2026-08-09T14:00:00Z,75.9,37.4,33.2,31.3,4.2,4.2
3-5 дней,2026-08-06T10:08:26Z,2026-08-09T15:00:00Z,76.9,37.2,33.1,32.0,4.1,4.1
3-5 дней,2026-08-06T10:08:26Z,2026-08-09T16:00:00Z,77.9,36.6,32.2,31.3,4.4,4.4
3-5 дней,2026-08-06T10:08:26Z,2026-08-09T17:00:00Z,78.9,35.0,30.8,30.0,4.2,4.2
3-5 дней,2026-08-06T10:08:26Z,2026-08-09T18:00:00Z,79.9,31.3,29.7,29.2,1.6,1.6
3-5 дней,2026-08-06T10:08:26Z,2026-08-09T19:00:00Z,80.9,29.1,28.3,28.4,0.8,0.8
3-5 дней,2026-08-06T10:08:26Z,2026-08-09T20:00:00Z,81.9,27.7,27.3,27.6,0.4,0.4
3-5 дней,2026-08-06T10:08:26Z,2026-08-09T21:00:00Z,82.9,26.7,26.6,26.6,0.1,0.1
3-5 дней,2026-08-06T10:08:26Z,2026-08-09T22:00:00Z,83.9,25.9,24.9,25.4,1.0,1.0
3-5 дней,2026-08-06T10:08:26Z,2026-08-09T23:00:00Z,84.9,25.3,24.0,24.9,1.3,1.3
3-5 дней,2026-08-06T10:08:26Z,2026-08-10T00:00:00Z,85.9,24.8,23.3,24.2,1.5,1.5
3-5 дней,2026-08-06T10:08:26Z,2026-08-10T01:00:00Z,86.9,24.5,22.9,23.8,1.6,1.6
3-5 дней,2026-08-06T10:08:26Z,2026-08-10T02:00:00Z,87.9,24.2,23.1,22.8,1.1,1.1
3-5 дней,2026-08-06T10:08:26Z,2026-08-10T03:00:00Z,88.9,23.7,22.6,21.3,1.1,1.1
3-5 дней,2026-08-06T10:08:26Z,2026-08-10T04:00:00Z,89.9,23.5,21.3,20.7,2.2,2.2
3-5 дней,2026-08-06T10:08:26Z,2026-08-10T05:00:00Z,90.9,25.7,24.9,21.8,0.8,0.8
3-5 дней,2026-08-06T10:47:54Z,2026-08-09T11:00:00Z,72.2,35.8,30.8,30.9,5.0,5.0
3-5 дней,2026-08-06T10:47:54Z,2026-08-09T12:00:00Z,73.2,36.8,32.4,31.4,4.4,4.4
3-5 дней,2026-08-06T10:47:54Z,2026-08-09T13:00:00Z,74.2,37.3,32.7,32.0,4.6,4.6
3-5 дней,2026-08-06T10:47:54Z,2026-08-09T14:00:00Z,75.2,37.4,33.2,31.3,4.2,4.2
3-5 дней,2026-08-06T10:47:54Z,2026-08-09T15:00:00Z,76.2,37.2,33.1,32.0,4.1,4.1
3-5 дней,2026-08-06T10:47:54Z,2026-08-09T16:00:00Z,77.2,36.6,32.2,31.3,4.4,4.4
3-5 дней,2026-08-06T10:47:54Z,2026-08-09T17:00:00Z,78.2,35.0,30.8,30.0,4.2,4.2
3-5 дней,2026-08-06T10:47:54Z,2026-08-09T18:00:00Z,79.2,31.3,29.7,29.2,1.6,1.6
3-5 дней,2026-08-06T10:47:54Z,2026-08-09T19:00:00Z,80.2,29.1,28.3,28.4,0.8,0.8
3-5 дней,2026-08-06T10:47:54Z,2026-08-09T20:00:00Z,81.2,27.7,27.3,27.6,0.4,0.4
3-5 дней,2026-08-06T10:47:54Z,2026-08-09T21:00:00Z,82.2,26.7,26.6,26.6,0.1,0.1
3-5 дней,2026-08-06T10:47:54Z,2026-08-09T22:00:00Z,83.2,25.9,24.9,25.4,1.0,1.0
3-5 дней,2026-08-06T10:47:54Z,2026-08-09T23:00:00Z,84.2,25.3,24.0,24.9,1.3,1.3
3-5 дней,2026-08-06T10:47:54Z,2026-08-10T00:00:00Z,85.2,24.8,23.3,24.2,1.5,1.5
3-5 дней,2026-08-06T10:47:54Z,2026-08-10T01:00:00Z,86.2,24.5,22.9,23.8,1.6,1.6
3-5 дней,2026-08-06T10:47:54Z,2026-08-10T02:00:00Z,87.2,24.2,23.1,22.8,1.1,1.1
3-5 дней,2026-08-06T10:47:54Z,2026-08-10T03:00:00Z,88.2,23.7,22.6,21.3,1.1,1.1
3-5 дней,2026-08-06T10:47:54Z,2026-08-10T04:00:00Z,89.2,23.5,21.3,20.7,2.2,2.2
3-5 дней,2026-08-06T10:47:54Z,2026-08-10T05:00:00Z,90.2,25.7,24.9,21.8,0.8,0.8
3-5 дней,2026-08-06T11:30:42Z,2026-08-09T12:00:00Z,72.5,36.8,32.4,31.4,4.4,4.4
3-5 дней,2026-08-06T11:30:42Z,2026-08-09T13:00:00Z,73.5,37.3,32.7,32.0,4.6,4.6
3-5 дней,2026-08-06T11:30:42Z,2026-08-09T14:00:00Z,74.5,37.4,33.2,31.3,4.2,4.2
3-5 дней,2026-08-06T11:30:42Z,2026-08-09T15:00:00Z,75.5,37.2,33.1,32.0,4.1,4.1
3-5 дней,2026-08-06T11:30:42Z,2026-08-09T16:00:00Z,76.5,36.6,32.2,31.3,4.4,4.4
3-5 дней,2026-08-06T11:30:42Z,2026-08-09T17:00:00Z,77.5,35.0,30.8,30.0,4.2,4.2
3-5 дней,2026-08-06T11:30:42Z,2026-08-09T18:00:00Z,78.5,31.3,29.7,29.2,1.6,1.6
3-5 дней,2026-08-06T11:30:42Z,2026-08-09T19:00:00Z,79.5,29.1,28.3,28.4,0.8,0.8
3-5 дней,2026-08-06T11:30:42Z,2026-08-09T20:00:00Z,80.5,27.7,27.3,27.6,0.4,0.4
3-5 дней,2026-08-06T11:30:42Z,2026-08-09T21:00:00Z,81.5,26.7,26.6,26.6,0.1,0.1
3-5 дней,2026-08-06T11:30:42Z,2026-08-09T22:00:00Z,82.5,25.9,24.9,25.4,1.0,1.0
3-5 дней,2026-08-06T11:30:42Z,2026-08-09T23:00:00Z,83.5,25.3,24.0,24.9,1.3,1.3
3-5 дней,2026-08-06T11:30:42Z,2026-08-10T00:00:00Z,84.5,24.8,23.3,24.2,1.5,1.5
3-5 дней,2026-08-06T11:30:42Z,2026-08-10T01:00:00Z,85.5,24.5,22.9,23.8,1.6,1.6
3-5 дней,2026-08-06T11:30:42Z,2026-08-10T02:00:00Z,86.5,24.2,23.1,22.8,1.1,1.1
3-5 дней,2026-08-06T11:30:42Z,2026-08-10T03:00:00Z,87.5,23.7,22.6,21.3,1.1,1.1
3-5 дней,2026-08-06T11:30:42Z,2026-08-10T04:00:00Z,88.5,23.5,21.3,20.7,2.2,2.2
3-5 дней,2026-08-06T11:30:42Z,2026-08-10T05:00:00Z,89.5,25.7,24.9,21.8,0.8,0.8
3-5 дней,2026-08-06T11:36:01Z,2026-08-09T12:00:00Z,72.4,36.1,32.4,31.4,3.7,3.7
3-5 дней,2026-08-06T11:36:01Z,2026-08-09T13:00:00Z,73.4,36.8,32.7,32.0,4.1,4.1
3-5 дней,2026-08-06T11:36:01Z,2026-08-09T14:00:00Z,74.4,36.8,33.2,31.3,3.6,3.6
3-5 дней,2026-08-06T11:36:01Z,2026-08-09T15:00:00Z,75.4,36.6,33.1,32.0,3.5,3.5
3-5 дней,2026-08-06T11:36:01Z,2026-08-09T16:00:00Z,76.4,36.0,32.2,31.3,3.8,3.8
3-5 дней,2026-08-06T11:36:01Z,2026-08-09T17:00:00Z,77.4,34.3,30.8,30.0,3.5,3.5
3-5 дней,2026-08-06T11:36:01Z,2026-08-09T18:00:00Z,78.4,30.5,29.7,29.2,0.8,0.8
3-5 дней,2026-08-06T11:36:01Z,2026-08-09T19:00:00Z,79.4,28.4,28.3,28.4,0.1,0.1
3-5 дней,2026-08-06T11:36:01Z,2026-08-09T20:00:00Z,80.4,26.9,27.3,27.6,-0.4,0.4
3-5 дней,2026-08-06T11:36:01Z,2026-08-09T21:00:00Z,81.4,25.9,26.6,26.6,-0.7,0.7
3-5 дней,2026-08-06T11:36:01Z,2026-08-09T22:00:00Z,82.4,25.1,24.9,25.4,0.2,0.2
3-5 дней,2026-08-06T11:36:01Z,2026-08-09T23:00:00Z,83.4,24.5,24.0,24.9,0.5,0.5
3-5 дней,2026-08-06T11:36:01Z,2026-08-10T00:00:00Z,84.4,24.1,23.3,24.2,0.8,0.8
3-5 дней,2026-08-06T11:36:01Z,2026-08-10T01:00:00Z,85.4,23.6,22.9,23.8,0.7,0.7
3-5 дней,2026-08-06T11:36:01Z,2026-08-10T02:00:00Z,86.4,23.0,23.1,22.8,-0.1,0.1
3-5 дней,2026-08-06T11:36:01Z,2026-08-10T03:00:00Z,87.4,22.6,22.6,21.3,0.0,0.0
3-5 дней,2026-08-06T11:36:01Z,2026-08-10T04:00:00Z,88.4,22.3,21.3,20.7,1.0,1.0
3-5 дней,2026-08-06T11:36:01Z,2026-08-10T05:00:00Z,89.4,24.4,24.9,21.8,-0.5,0.5
3-5 дней,2026-08-06T11:44:08Z,2026-08-09T12:00:00Z,72.3,36.1,32.4,31.4,3.7,3.7
3-5 дней,2026-08-06T11:44:08Z,2026-08-09T13:00:00Z,73.3,36.8,32.7,32.0,4.1,4.1
3-5 дней,2026-08-06T11:44:08Z,2026-08-09T14:00:00Z,74.3,36.8,33.2,31.3,3.6,3.6
3-5 дней,2026-08-06T11:44:08Z,2026-08-09T15:00:00Z,75.3,36.6,33.1,32.0,3.5,3.5
3-5 дней,2026-08-06T11:44:08Z,2026-08-09T16:00:00Z,76.3,36.0,32.2,31.3,3.8,3.8
3-5 дней,2026-08-06T11:44:08Z,2026-08-09T17:00:00Z,77.3,34.3,30.8,30.0,3.5,3.5
3-5 дней,2026-08-06T11:44:08Z,2026-08-09T18:00:00Z,78.3,30.5,29.7,29.2,0.8,0.8
3-5 дней,2026-08-06T11:44:08Z,2026-08-09T19:00:00Z,79.3,28.4,28.3,28.4,0.1,0.1
3-5 дней,2026-08-06T11:44:08Z,2026-08-09T20:00:00Z,80.3,26.9,27.3,27.6,-0.4,0.4
3-5 дней,2026-08-06T11:44:08Z,2026-08-09T21:00:00Z,81.3,25.9,26.6,26.6,-0.7,0.7
3-5 дней,2026-08-06T11:44:08Z,2026-08-09T22:00:00Z,82.3,25.1,24.9,25.4,0.2,0.2
3-5 дней,2026-08-06T11:44:08Z,2026-08-09T23:00:00Z,83.3,24.5,24.0,24.9,0.5,0.5
3-5 дней,2026-08-06T11:44:08Z,2026-08-10T00:00:00Z,84.3,24.1,23.3,24.2,0.8,0.8
3-5 дней,2026-08-06T11:44:08Z,2026-08-10T01:00:00Z,85.3,23.6,22.9,23.8,0.7,0.7
3-5 дней,2026-08-06T11:44:08Z,2026-08-10T02:00:00Z,86.3,23.0,23.1,22.8,-0.1,0.1
3-5 дней,2026-08-06T11:44:08Z,2026-08-10T03:00:00Z,87.3,22.6,22.6,21.3,0.0,0.0
3-5 дней,2026-08-06T11:44:08Z,2026-08-10T04:00:00Z,88.3,22.3,21.3,20.7,1.0,1.0
3-5 дней,2026-08-06T11:44:08Z,2026-08-10T05:00:00Z,89.3,24.4,24.9,21.8,-0.5,0.5
3-5 дней,2026-08-07T01:31:32Z,2026-08-10T02:00:00Z,72.5,24.1,23.1,22.8,1.0,1.0
3-5 дней,2026-08-07T01:31:32Z,2026-08-10T03:00:00Z,73.5,23.4,22.6,21.3,0.8,0.8
3-5 дней,2026-08-07T01:31:32Z,2026-08-10T04:00:00Z,74.5,23.1,21.3,20.7,1.8,1.8
3-5 дней,2026-08-07T01:31:32Z,2026-08-10T05:00:00Z,75.5,25.3,24.9,21.8,0.4,0.4
