# Нови-Сад / Температура / 0-6ч, 6-24ч, 1-2 дня, 2-3 дня, 3-5 дней, 5-10 дней / ECMWF AIFS
# n=2213, MAE=2.047, RMSE=2.456, bias=-1.870
# skill = 1 - (RMSE/RMSE_персистентности)^2 = 1 - (2.456/2.183)^2 = -0.2665  (RMSE_персистентности по 2213 пар(ам))
# persistence baseline = как вчера в это же время - выбран автоматически как более сильный (ниже RMSE) из двух кандидатов для этого периода, одинаково для всех источников
# «Общий» = объединённый пул пар из периодов: 0-6ч, 6-24ч, 1-2 дня, 2-3 дня, 3-5 дней, 5-10 дней - метрика посчитана заново по всему пулу, а не усреднена по периодам
#
bucket,fetched_at,valid_time,lead_hours,forecast,observed,persistence,error,abs_error
0-6ч,2026-08-06T09:50:07Z,2026-08-06T10:00:00Z,0.2,34.7,37.2,37.0,-2.5,2.5
0-6ч,2026-08-06T09:50:07Z,2026-08-06T11:00:00Z,1.2,36.8,37.6,37.6,-0.8,0.8
0-6ч,2026-08-06T09:50:07Z,2026-08-06T12:00:00Z,2.2,37.9,37.5,37.1,0.4,0.4
0-6ч,2026-08-06T09:50:07Z,2026-08-06T13:00:00Z,3.2,38.1,38.3,37.8,-0.2,0.2
0-6ч,2026-08-06T09:50:07Z,2026-08-06T14:00:00Z,4.2,37.5,38.0,37.7,-0.5,0.5
0-6ч,2026-08-06T09:50:07Z,2026-08-06T15:00:00Z,5.2,36.5,36.8,38.0,-0.3,0.3
0-6ч,2026-08-06T09:59:18Z,2026-08-06T10:00:00Z,0.0,34.7,37.2,37.0,-2.5,2.5
0-6ч,2026-08-06T09:59:18Z,2026-08-06T11:00:00Z,1.0,36.8,37.6,37.6,-0.8,0.8
0-6ч,2026-08-06T09:59:18Z,2026-08-06T12:00:00Z,2.0,37.9,37.5,37.1,0.4,0.4
0-6ч,2026-08-06T09:59:18Z,2026-08-06T13:00:00Z,3.0,38.1,38.3,37.8,-0.2,0.2
0-6ч,2026-08-06T09:59:18Z,2026-08-06T14:00:00Z,4.0,37.5,38.0,37.7,-0.5,0.5
0-6ч,2026-08-06T09:59:18Z,2026-08-06T15:00:00Z,5.0,36.5,36.8,38.0,-0.3,0.3
0-6ч,2026-08-06T10:08:26Z,2026-08-06T11:00:00Z,0.9,36.8,37.6,37.6,-0.8,0.8
0-6ч,2026-08-06T10:08:26Z,2026-08-06T12:00:00Z,1.9,37.9,37.5,37.1,0.4,0.4
0-6ч,2026-08-06T10:08:26Z,2026-08-06T13:00:00Z,2.9,38.1,38.3,37.8,-0.2,0.2
0-6ч,2026-08-06T10:08:26Z,2026-08-06T14:00:00Z,3.9,37.5,38.0,37.7,-0.5,0.5
0-6ч,2026-08-06T10:08:26Z,2026-08-06T15:00:00Z,4.9,36.5,36.8,38.0,-0.3,0.3
0-6ч,2026-08-06T10:08:26Z,2026-08-06T16:00:00Z,5.9,35.2,30.8,37.0,4.4,4.4
0-6ч,2026-08-06T10:47:54Z,2026-08-06T11:00:00Z,0.2,36.8,37.6,37.6,-0.8,0.8
0-6ч,2026-08-06T10:47:54Z,2026-08-06T12:00:00Z,1.2,37.9,37.5,37.1,0.4,0.4
0-6ч,2026-08-06T10:47:54Z,2026-08-06T13:00:00Z,2.2,38.1,38.3,37.8,-0.2,0.2
0-6ч,2026-08-06T10:47:54Z,2026-08-06T14:00:00Z,3.2,37.5,38.0,37.7,-0.5,0.5
0-6ч,2026-08-06T10:47:54Z,2026-08-06T15:00:00Z,4.2,36.5,36.8,38.0,-0.3,0.3
0-6ч,2026-08-06T10:47:54Z,2026-08-06T16:00:00Z,5.2,35.2,30.8,37.0,4.4,4.4
0-6ч,2026-08-06T11:30:42Z,2026-08-06T12:00:00Z,0.5,37.9,37.5,37.1,0.4,0.4
0-6ч,2026-08-06T11:30:42Z,2026-08-06T13:00:00Z,1.5,38.1,38.3,37.8,-0.2,0.2
0-6ч,2026-08-06T11:30:42Z,2026-08-06T14:00:00Z,2.5,37.5,38.0,37.7,-0.5,0.5
0-6ч,2026-08-06T11:30:42Z,2026-08-06T15:00:00Z,3.5,36.5,36.8,38.0,-0.3,0.3
0-6ч,2026-08-06T11:30:42Z,2026-08-06T16:00:00Z,4.5,35.2,30.8,37.0,4.4,4.4
0-6ч,2026-08-06T11:30:42Z,2026-08-06T17:00:00Z,5.5,33.8,31.2,35.4,2.6,2.6
0-6ч,2026-08-06T11:36:01Z,2026-08-06T12:00:00Z,0.4,37.9,37.5,37.1,0.4,0.4
0-6ч,2026-08-06T11:36:01Z,2026-08-06T13:00:00Z,1.4,38.1,38.3,37.8,-0.2,0.2
0-6ч,2026-08-06T11:36:01Z,2026-08-06T14:00:00Z,2.4,37.5,38.0,37.7,-0.5,0.5
0-6ч,2026-08-06T11:36:01Z,2026-08-06T15:00:00Z,3.4,36.5,36.8,38.0,-0.3,0.3
0-6ч,2026-08-06T11:36:01Z,2026-08-06T16:00:00Z,4.4,35.2,30.8,37.0,4.4,4.4
0-6ч,2026-08-06T11:36:01Z,2026-08-06T17:00:00Z,5.4,33.8,31.2,35.4,2.6,2.6
0-6ч,2026-08-06T11:44:08Z,2026-08-06T12:00:00Z,0.3,38.0,37.5,37.1,0.5,0.5
0-6ч,2026-08-06T11:44:08Z,2026-08-06T13:00:00Z,1.3,38.1,38.3,37.8,-0.2,0.2
0-6ч,2026-08-06T11:44:08Z,2026-08-06T14:00:00Z,2.3,37.5,38.0,37.7,-0.5,0.5
0-6ч,2026-08-06T11:44:08Z,2026-08-06T15:00:00Z,3.3,36.5,36.8,38.0,-0.3,0.3
0-6ч,2026-08-06T11:44:08Z,2026-08-06T16:00:00Z,4.3,35.1,30.8,37.0,4.3,4.3
0-6ч,2026-08-06T11:44:08Z,2026-08-06T17:00:00Z,5.3,33.7,31.2,35.4,2.5,2.5
0-6ч,2026-08-07T01:31:32Z,2026-08-07T02:00:00Z,0.5,23.0,24.8,26.5,-1.8,1.8
0-6ч,2026-08-07T01:31:32Z,2026-08-07T03:00:00Z,1.5,23.2,24.6,27.2,-1.4,1.4
0-6ч,2026-08-07T01:31:32Z,2026-08-07T04:00:00Z,2.5,23.6,24.9,27.5,-1.3,1.3
0-6ч,2026-08-07T01:31:32Z,2026-08-07T05:00:00Z,3.5,24.3,26.1,28.4,-1.8,1.8
0-6ч,2026-08-07T01:31:32Z,2026-08-07T06:00:00Z,4.5,25.2,27.0,29.0,-1.8,1.8
0-6ч,2026-08-07T01:31:32Z,2026-08-07T07:00:00Z,5.5,26.6,28.0,31.2,-1.4,1.4
0-6ч,2026-08-07T05:36:00Z,2026-08-07T06:00:00Z,0.4,25.2,27.0,29.0,-1.8,1.8
0-6ч,2026-08-07T05:36:00Z,2026-08-07T07:00:00Z,1.4,26.6,28.0,31.2,-1.4,1.4
0-6ч,2026-08-07T05:36:00Z,2026-08-07T08:00:00Z,2.4,28.5,30.5,33.8,-2.0,2.0
0-6ч,2026-08-07T05:36:00Z,2026-08-07T09:00:00Z,3.4,30.7,33.0,35.7,-2.3,2.3
0-6ч,2026-08-07T05:36:00Z,2026-08-07T10:00:00Z,4.4,32.7,35.0,37.2,-2.3,2.3
0-6ч,2026-08-07T05:36:00Z,2026-08-07T11:00:00Z,5.4,34.4,35.9,37.6,-1.5,1.5
0-6ч,2026-08-07T06:18:59Z,2026-08-07T07:00:00Z,0.7,26.7,28.0,31.2,-1.3,1.3
0-6ч,2026-08-07T06:18:59Z,2026-08-07T08:00:00Z,1.7,28.6,30.5,33.8,-1.9,1.9
0-6ч,2026-08-07T06:18:59Z,2026-08-07T09:00:00Z,2.7,30.8,33.0,35.7,-2.2,2.2
0-6ч,2026-08-07T06:18:59Z,2026-08-07T10:00:00Z,3.7,32.8,35.0,37.2,-2.2,2.2
0-6ч,2026-08-07T06:18:59Z,2026-08-07T11:00:00Z,4.7,34.5,35.9,37.6,-1.4,1.4
0-6ч,2026-08-07T06:18:59Z,2026-08-07T12:00:00Z,5.7,35.3,36.6,37.5,-1.3,1.3
0-6ч,2026-08-07T07:13:52Z,2026-08-07T08:00:00Z,0.8,28.6,30.5,33.8,-1.9,1.9
0-6ч,2026-08-07T07:13:52Z,2026-08-07T09:00:00Z,1.8,30.8,33.0,35.7,-2.2,2.2
0-6ч,2026-08-07T07:13:52Z,2026-08-07T10:00:00Z,2.8,32.8,35.0,37.2,-2.2,2.2
0-6ч,2026-08-07T07:13:52Z,2026-08-07T11:00:00Z,3.8,34.5,35.9,37.6,-1.4,1.4
0-6ч,2026-08-07T07:13:52Z,2026-08-07T12:00:00Z,4.8,35.3,36.6,37.5,-1.3,1.3
0-6ч,2026-08-07T07:13:52Z,2026-08-07T13:00:00Z,5.8,35.3,36.9,38.3,-1.6,1.6
0-6ч,2026-08-07T10:39:14Z,2026-08-07T11:00:00Z,0.3,34.5,35.9,37.6,-1.4,1.4
0-6ч,2026-08-07T10:39:14Z,2026-08-07T12:00:00Z,1.3,35.3,36.6,37.5,-1.3,1.3
0-6ч,2026-08-07T10:39:14Z,2026-08-07T13:00:00Z,2.3,35.3,36.9,38.3,-1.6,1.6
0-6ч,2026-08-07T10:39:14Z,2026-08-07T14:00:00Z,3.3,34.6,37.2,38.0,-2.6,2.6
0-6ч,2026-08-07T10:39:14Z,2026-08-07T15:00:00Z,4.3,33.5,36.4,36.8,-2.9,2.9
0-6ч,2026-08-07T10:39:14Z,2026-08-07T16:00:00Z,5.3,32.2,34.4,30.8,-2.2,2.2
0-6ч,2026-08-07T16:51:54Z,2026-08-07T17:00:00Z,0.1,30.9,34.2,31.2,-3.3,3.3
0-6ч,2026-08-07T16:51:54Z,2026-08-07T18:00:00Z,1.1,29.7,32.0,30.4,-2.3,2.3
0-6ч,2026-08-07T16:51:54Z,2026-08-07T19:00:00Z,2.1,28.5,29.3,28.6,-0.8,0.8
0-6ч,2026-08-07T16:51:54Z,2026-08-07T20:00:00Z,3.1,27.3,28.2,28.8,-0.9,0.9
0-6ч,2026-08-07T16:51:54Z,2026-08-07T21:00:00Z,4.1,26.0,27.2,27.6,-1.2,1.2
0-6ч,2026-08-07T16:51:54Z,2026-08-07T22:00:00Z,5.1,24.8,27.1,27.1,-2.3,2.3
0-6ч,2026-08-07T22:45:57Z,2026-08-07T23:00:00Z,0.2,23.7,25.7,26.3,-2.0,2.0
0-6ч,2026-08-07T22:45:57Z,2026-08-08T00:00:00Z,1.2,22.9,25.6,25.6,-2.7,2.7
0-6ч,2026-08-07T22:45:57Z,2026-08-08T01:00:00Z,2.2,22.4,25.1,25.3,-2.7,2.7
0-6ч,2026-08-07T22:45:57Z,2026-08-08T02:00:00Z,3.2,22.0,23.0,24.8,-1.0,1.0
0-6ч,2026-08-07T22:45:57Z,2026-08-08T03:00:00Z,4.2,21.8,21.4,24.6,0.4,0.4
0-6ч,2026-08-07T22:45:57Z,2026-08-08T04:00:00Z,5.2,21.8,21.2,24.9,0.6,0.6
0-6ч,2026-08-07T23:19:23Z,2026-08-08T00:00:00Z,0.7,22.9,25.6,25.6,-2.7,2.7
0-6ч,2026-08-07T23:19:23Z,2026-08-08T01:00:00Z,1.7,22.4,25.1,25.3,-2.7,2.7
0-6ч,2026-08-07T23:19:23Z,2026-08-08T02:00:00Z,2.7,22.0,23.0,24.8,-1.0,1.0
0-6ч,2026-08-07T23:19:23Z,2026-08-08T03:00:00Z,3.7,21.8,21.4,24.6,0.4,0.4
0-6ч,2026-08-07T23:19:23Z,2026-08-08T04:00:00Z,4.7,21.8,21.2,24.9,0.6,0.6
0-6ч,2026-08-07T23:19:23Z,2026-08-08T05:00:00Z,5.7,22.0,21.7,26.1,0.3,0.3
0-6ч,2026-08-08T04:50:53Z,2026-08-08T05:00:00Z,0.2,22.1,21.7,26.1,0.4,0.4
0-6ч,2026-08-08T04:50:53Z,2026-08-08T06:00:00Z,1.2,22.6,22.6,27.0,0.0,0.0
0-6ч,2026-08-08T04:50:53Z,2026-08-08T07:00:00Z,2.2,23.6,24.4,28.0,-0.8,0.8
0-6ч,2026-08-08T04:50:53Z,2026-08-08T08:00:00Z,3.2,25.1,25.6,30.5,-0.5,0.5
0-6ч,2026-08-08T04:50:53Z,2026-08-08T09:00:00Z,4.2,26.9,28.1,33.0,-1.2,1.2
0-6ч,2026-08-08T04:50:53Z,2026-08-08T10:00:00Z,5.2,28.6,29.7,35.0,-1.1,1.1
0-6ч,2026-08-08T10:18:13Z,2026-08-08T11:00:00Z,0.7,29.4,30.9,35.9,-1.5,1.5
0-6ч,2026-08-08T10:18:13Z,2026-08-08T12:00:00Z,1.7,30.2,31.4,36.6,-1.2,1.2
0-6ч,2026-08-08T10:18:13Z,2026-08-08T13:00:00Z,2.7,30.3,32.0,36.9,-1.7,1.7
0-6ч,2026-08-08T10:18:13Z,2026-08-08T14:00:00Z,3.7,30.1,31.3,37.2,-1.2,1.2
0-6ч,2026-08-08T10:18:13Z,2026-08-08T15:00:00Z,4.7,29.6,32.0,36.4,-2.4,2.4
0-6ч,2026-08-08T10:18:13Z,2026-08-08T16:00:00Z,5.7,28.9,31.3,34.4,-2.4,2.4
0-6ч,2026-08-08T22:37:20Z,2026-08-08T23:00:00Z,0.4,20.9,24.9,25.7,-4.0,4.0
0-6ч,2026-08-08T22:37:20Z,2026-08-09T00:00:00Z,1.4,20.1,24.2,25.6,-4.1,4.1
0-6ч,2026-08-08T22:37:20Z,2026-08-09T01:00:00Z,2.4,19.8,23.8,25.1,-4.0,4.0
0-6ч,2026-08-08T22:37:20Z,2026-08-09T02:00:00Z,3.4,19.7,22.8,23.0,-3.1,3.1
0-6ч,2026-08-08T22:37:20Z,2026-08-09T03:00:00Z,4.4,19.9,21.3,21.4,-1.4,1.4
0-6ч,2026-08-08T22:37:20Z,2026-08-09T04:00:00Z,5.4,20.3,20.7,21.2,-0.4,0.4
0-6ч,2026-08-09T04:59:03Z,2026-08-09T05:00:00Z,0.0,21.2,21.8,21.7,-0.6,0.6
0-6ч,2026-08-09T04:59:03Z,2026-08-09T06:00:00Z,1.0,22.0,23.2,22.6,-1.2,1.2
0-6ч,2026-08-09T04:59:03Z,2026-08-09T07:00:00Z,2.0,23.3,24.7,24.4,-1.4,1.4
0-6ч,2026-08-09T04:59:03Z,2026-08-09T08:00:00Z,3.0,25.1,27.1,25.6,-2.0,2.0
0-6ч,2026-08-09T04:59:03Z,2026-08-09T09:00:00Z,4.0,27.1,28.8,28.1,-1.7,1.7
0-6ч,2026-08-09T04:59:03Z,2026-08-09T10:00:00Z,5.0,29.0,30.1,29.7,-1.1,1.1
0-6ч,2026-08-09T10:19:29Z,2026-08-09T11:00:00Z,0.7,30.5,30.8,30.9,-0.3,0.3
0-6ч,2026-08-09T10:19:29Z,2026-08-09T12:00:00Z,1.7,31.4,32.4,31.4,-1.0,1.0
0-6ч,2026-08-09T10:19:29Z,2026-08-09T13:00:00Z,2.7,31.6,32.7,32.0,-1.1,1.1
0-6ч,2026-08-09T10:19:29Z,2026-08-09T14:00:00Z,3.7,31.3,33.2,31.3,-1.9,1.9
0-6ч,2026-08-09T10:19:29Z,2026-08-09T15:00:00Z,4.7,30.6,33.1,32.0,-2.5,2.5
0-6ч,2026-08-09T10:19:29Z,2026-08-09T16:00:00Z,5.7,29.7,32.2,31.3,-2.5,2.5
0-6ч,2026-08-09T12:41:38Z,2026-08-09T13:00:00Z,0.3,31.6,32.7,32.0,-1.1,1.1
0-6ч,2026-08-09T12:41:38Z,2026-08-09T14:00:00Z,1.3,31.3,33.2,31.3,-1.9,1.9
0-6ч,2026-08-09T12:41:38Z,2026-08-09T15:00:00Z,2.3,30.6,33.1,32.0,-2.5,2.5
0-6ч,2026-08-09T12:41:38Z,2026-08-09T16:00:00Z,3.3,29.7,32.2,31.3,-2.5,2.5
0-6ч,2026-08-09T12:41:38Z,2026-08-09T17:00:00Z,4.3,28.6,30.8,30.0,-2.2,2.2
0-6ч,2026-08-09T12:41:38Z,2026-08-09T18:00:00Z,5.3,27.4,29.7,29.2,-2.3,2.3
0-6ч,2026-08-09T12:45:53Z,2026-08-09T13:00:00Z,0.2,31.6,32.7,32.0,-1.1,1.1
0-6ч,2026-08-09T12:45:53Z,2026-08-09T14:00:00Z,1.2,31.3,33.2,31.3,-1.9,1.9
0-6ч,2026-08-09T12:45:53Z,2026-08-09T15:00:00Z,2.2,30.6,33.1,32.0,-2.5,2.5
0-6ч,2026-08-09T12:45:53Z,2026-08-09T16:00:00Z,3.2,29.7,32.2,31.3,-2.5,2.5
0-6ч,2026-08-09T12:45:53Z,2026-08-09T17:00:00Z,4.2,28.6,30.8,30.0,-2.2,2.2
0-6ч,2026-08-09T12:45:53Z,2026-08-09T18:00:00Z,5.2,27.4,29.7,29.2,-2.3,2.3
0-6ч,2026-08-09T12:48:15Z,2026-08-09T13:00:00Z,0.2,31.6,32.7,32.0,-1.1,1.1
0-6ч,2026-08-09T12:48:15Z,2026-08-09T14:00:00Z,1.2,31.3,33.2,31.3,-1.9,1.9
0-6ч,2026-08-09T12:48:15Z,2026-08-09T15:00:00Z,2.2,30.6,33.1,32.0,-2.5,2.5
0-6ч,2026-08-09T12:48:15Z,2026-08-09T16:00:00Z,3.2,29.7,32.2,31.3,-2.5,2.5
0-6ч,2026-08-09T12:48:15Z,2026-08-09T17:00:00Z,4.2,28.6,30.8,30.0,-2.2,2.2
0-6ч,2026-08-09T12:48:15Z,2026-08-09T18:00:00Z,5.2,27.4,29.7,29.2,-2.3,2.3
0-6ч,2026-08-09T16:31:44Z,2026-08-09T17:00:00Z,0.5,28.6,30.8,30.0,-2.2,2.2
0-6ч,2026-08-09T16:31:44Z,2026-08-09T18:00:00Z,1.5,27.4,29.7,29.2,-2.3,2.3
0-6ч,2026-08-09T16:31:44Z,2026-08-09T19:00:00Z,2.5,26.0,28.3,28.4,-2.3,2.3
0-6ч,2026-08-09T16:31:44Z,2026-08-09T20:00:00Z,3.5,24.2,27.3,27.6,-3.1,3.1
0-6ч,2026-08-09T16:31:44Z,2026-08-09T21:00:00Z,4.5,22.2,26.6,26.6,-4.4,4.4
0-6ч,2026-08-09T16:31:44Z,2026-08-09T22:00:00Z,5.5,20.4,24.9,25.4,-4.5,4.5
0-6ч,2026-08-09T22:39:09Z,2026-08-09T23:00:00Z,0.3,19.1,24.0,24.9,-4.9,4.9
0-6ч,2026-08-09T22:39:09Z,2026-08-10T00:00:00Z,1.3,18.2,23.3,24.2,-5.1,5.1
0-6ч,2026-08-09T22:39:09Z,2026-08-10T01:00:00Z,2.3,17.9,22.9,23.8,-5.0,5.0
0-6ч,2026-08-09T22:39:09Z,2026-08-10T02:00:00Z,3.3,18.1,23.1,22.8,-5.0,5.0
0-6ч,2026-08-09T22:39:09Z,2026-08-10T03:00:00Z,4.3,18.7,22.6,21.3,-3.9,3.9
0-6ч,2026-08-09T22:39:09Z,2026-08-10T04:00:00Z,5.3,19.6,21.3,20.7,-1.7,1.7
0-6ч,2026-08-10T05:20:42Z,2026-08-10T06:00:00Z,0.7,22.3,26.2,23.2,-3.9,3.9
0-6ч,2026-08-10T05:20:42Z,2026-08-10T07:00:00Z,1.7,23.9,28.3,24.7,-4.4,4.4
0-6ч,2026-08-10T05:20:42Z,2026-08-10T08:00:00Z,2.7,26.1,30.6,27.1,-4.5,4.5
0-6ч,2026-08-10T05:20:42Z,2026-08-10T09:00:00Z,3.7,28.6,32.5,28.8,-3.9,3.9
0-6ч,2026-08-10T05:20:42Z,2026-08-10T10:00:00Z,4.7,30.9,32.7,30.1,-1.8,1.8
0-6ч,2026-08-10T05:20:42Z,2026-08-10T11:00:00Z,5.7,32.7,33.2,30.8,-0.5,0.5
0-6ч,2026-08-10T10:53:28Z,2026-08-10T11:00:00Z,0.1,32.9,33.2,30.8,-0.3,0.3
0-6ч,2026-08-10T10:53:28Z,2026-08-10T12:00:00Z,1.1,34.0,34.1,32.4,-0.1,0.1
0-6ч,2026-08-10T10:53:28Z,2026-08-10T13:00:00Z,2.1,34.3,34.1,32.7,0.2,0.2
0-6ч,2026-08-10T10:53:28Z,2026-08-10T14:00:00Z,3.1,33.9,34.6,33.2,-0.7,0.7
0-6ч,2026-08-10T10:53:28Z,2026-08-10T15:00:00Z,4.1,33.0,34.7,33.1,-1.7,1.7
0-6ч,2026-08-10T10:53:28Z,2026-08-10T16:00:00Z,5.1,31.9,34.0,32.2,-2.1,2.1
0-6ч,2026-08-10T16:52:05Z,2026-08-10T17:00:00Z,0.1,30.6,32.8,30.8,-2.2,2.2
0-6ч,2026-08-10T16:52:05Z,2026-08-10T18:00:00Z,1.1,29.3,31.8,29.7,-2.5,2.5
0-6ч,2026-08-10T16:52:05Z,2026-08-10T19:00:00Z,2.1,27.8,29.7,28.3,-1.9,1.9
0-6ч,2026-08-10T16:52:05Z,2026-08-10T20:00:00Z,3.1,25.9,29.3,27.3,-3.4,3.4
0-6ч,2026-08-10T16:52:05Z,2026-08-10T21:00:00Z,4.1,23.9,27.1,26.6,-3.2,3.2
0-6ч,2026-08-10T16:52:05Z,2026-08-10T22:00:00Z,5.1,22.0,26.6,24.9,-4.6,4.6
0-6ч,2026-08-10T22:47:13Z,2026-08-10T23:00:00Z,0.2,20.7,26.2,24.0,-5.5,5.5
0-6ч,2026-08-10T22:47:13Z,2026-08-11T00:00:00Z,1.2,19.8,25.5,23.3,-5.7,5.7
0-6ч,2026-08-10T22:47:13Z,2026-08-11T01:00:00Z,2.2,19.4,23.9,22.9,-4.5,4.5
0-6ч,2026-08-10T22:47:13Z,2026-08-11T02:00:00Z,3.2,19.4,23.2,23.1,-3.8,3.8
0-6ч,2026-08-10T22:47:13Z,2026-08-11T03:00:00Z,4.2,19.8,22.4,22.6,-2.6,2.6
0-6ч,2026-08-10T22:47:13Z,2026-08-11T04:00:00Z,5.2,20.5,22.2,21.3,-1.7,1.7
0-6ч,2026-08-11T05:01:49Z,2026-08-11T06:00:00Z,1.0,23.0,26.8,26.2,-3.8,3.8
0-6ч,2026-08-11T05:01:49Z,2026-08-11T07:00:00Z,2.0,24.8,29.0,28.3,-4.2,4.2
0-6ч,2026-08-11T05:01:49Z,2026-08-11T08:00:00Z,3.0,27.4,30.6,30.6,-3.2,3.2
0-6ч,2026-08-11T05:01:49Z,2026-08-11T09:00:00Z,4.0,30.3,32.0,32.5,-1.7,1.7
0-6ч,2026-08-11T05:01:49Z,2026-08-11T10:00:00Z,5.0,33.0,34.7,32.7,-1.7,1.7
6-24ч,2026-08-06T09:50:07Z,2026-08-06T16:00:00Z,6.2,35.2,30.8,37.0,4.4,4.4
6-24ч,2026-08-06T09:50:07Z,2026-08-06T17:00:00Z,7.2,33.8,31.2,35.4,2.6,2.6
6-24ч,2026-08-06T09:50:07Z,2026-08-06T18:00:00Z,8.2,32.5,30.4,33.6,2.1,2.1
6-24ч,2026-08-06T09:50:07Z,2026-08-06T19:00:00Z,9.2,31.1,28.6,31.3,2.5,2.5
6-24ч,2026-08-06T09:50:07Z,2026-08-06T20:00:00Z,10.2,29.5,28.8,30.3,0.7,0.7
6-24ч,2026-08-06T09:50:07Z,2026-08-06T21:00:00Z,11.2,27.8,27.6,29.3,0.2,0.2
6-24ч,2026-08-06T09:50:07Z,2026-08-06T22:00:00Z,12.2,26.2,27.1,28.5,-0.9,0.9
6-24ч,2026-08-06T09:50:07Z,2026-08-06T23:00:00Z,13.2,24.9,26.3,28.0,-1.4,1.4
6-24ч,2026-08-06T09:50:07Z,2026-08-07T00:00:00Z,14.2,24.0,25.6,27.4,-1.6,1.6
6-24ч,2026-08-06T09:50:07Z,2026-08-07T01:00:00Z,15.2,23.6,25.3,27.2,-1.7,1.7
6-24ч,2026-08-06T09:50:07Z,2026-08-07T02:00:00Z,16.2,23.4,24.8,26.5,-1.4,1.4
6-24ч,2026-08-06T09:50:07Z,2026-08-07T03:00:00Z,17.2,23.5,24.6,27.2,-1.1,1.1
6-24ч,2026-08-06T09:50:07Z,2026-08-07T04:00:00Z,18.2,23.9,24.9,27.5,-1.0,1.0
6-24ч,2026-08-06T09:50:07Z,2026-08-07T05:00:00Z,19.2,24.5,26.1,28.4,-1.6,1.6
6-24ч,2026-08-06T09:50:07Z,2026-08-07T06:00:00Z,20.2,25.3,27.0,29.0,-1.7,1.7
6-24ч,2026-08-06T09:50:07Z,2026-08-07T07:00:00Z,21.2,26.6,28.0,31.2,-1.4,1.4
6-24ч,2026-08-06T09:50:07Z,2026-08-07T08:00:00Z,22.2,28.4,30.5,33.8,-2.1,2.1
6-24ч,2026-08-06T09:50:07Z,2026-08-07T09:00:00Z,23.2,30.5,33.0,35.7,-2.5,2.5
6-24ч,2026-08-06T09:59:18Z,2026-08-06T16:00:00Z,6.0,35.2,30.8,37.0,4.4,4.4
6-24ч,2026-08-06T09:59:18Z,2026-08-06T17:00:00Z,7.0,33.8,31.2,35.4,2.6,2.6
6-24ч,2026-08-06T09:59:18Z,2026-08-06T18:00:00Z,8.0,32.5,30.4,33.6,2.1,2.1
6-24ч,2026-08-06T09:59:18Z,2026-08-06T19:00:00Z,9.0,31.1,28.6,31.3,2.5,2.5
6-24ч,2026-08-06T09:59:18Z,2026-08-06T20:00:00Z,10.0,29.5,28.8,30.3,0.7,0.7
6-24ч,2026-08-06T09:59:18Z,2026-08-06T21:00:00Z,11.0,27.8,27.6,29.3,0.2,0.2
6-24ч,2026-08-06T09:59:18Z,2026-08-06T22:00:00Z,12.0,26.2,27.1,28.5,-0.9,0.9
6-24ч,2026-08-06T09:59:18Z,2026-08-06T23:00:00Z,13.0,24.9,26.3,28.0,-1.4,1.4
6-24ч,2026-08-06T09:59:18Z,2026-08-07T00:00:00Z,14.0,24.0,25.6,27.4,-1.6,1.6
6-24ч,2026-08-06T09:59:18Z,2026-08-07T01:00:00Z,15.0,23.6,25.3,27.2,-1.7,1.7
6-24ч,2026-08-06T09:59:18Z,2026-08-07T02:00:00Z,16.0,23.4,24.8,26.5,-1.4,1.4
6-24ч,2026-08-06T09:59:18Z,2026-08-07T03:00:00Z,17.0,23.5,24.6,27.2,-1.1,1.1
6-24ч,2026-08-06T09:59:18Z,2026-08-07T04:00:00Z,18.0,23.9,24.9,27.5,-1.0,1.0
6-24ч,2026-08-06T09:59:18Z,2026-08-07T05:00:00Z,19.0,24.5,26.1,28.4,-1.6,1.6
6-24ч,2026-08-06T09:59:18Z,2026-08-07T06:00:00Z,20.0,25.3,27.0,29.0,-1.7,1.7
6-24ч,2026-08-06T09:59:18Z,2026-08-07T07:00:00Z,21.0,26.6,28.0,31.2,-1.4,1.4
6-24ч,2026-08-06T09:59:18Z,2026-08-07T08:00:00Z,22.0,28.4,30.5,33.8,-2.1,2.1
6-24ч,2026-08-06T09:59:18Z,2026-08-07T09:00:00Z,23.0,30.5,33.0,35.7,-2.5,2.5
6-24ч,2026-08-06T10:08:26Z,2026-08-06T17:00:00Z,6.9,33.8,31.2,35.4,2.6,2.6
6-24ч,2026-08-06T10:08:26Z,2026-08-06T18:00:00Z,7.9,32.5,30.4,33.6,2.1,2.1
6-24ч,2026-08-06T10:08:26Z,2026-08-06T19:00:00Z,8.9,31.1,28.6,31.3,2.5,2.5
6-24ч,2026-08-06T10:08:26Z,2026-08-06T20:00:00Z,9.9,29.5,28.8,30.3,0.7,0.7
6-24ч,2026-08-06T10:08:26Z,2026-08-06T21:00:00Z,10.9,27.8,27.6,29.3,0.2,0.2
6-24ч,2026-08-06T10:08:26Z,2026-08-06T22:00:00Z,11.9,26.2,27.1,28.5,-0.9,0.9
6-24ч,2026-08-06T10:08:26Z,2026-08-06T23:00:00Z,12.9,24.9,26.3,28.0,-1.4,1.4
6-24ч,2026-08-06T10:08:26Z,2026-08-07T00:00:00Z,13.9,24.0,25.6,27.4,-1.6,1.6
6-24ч,2026-08-06T10:08:26Z,2026-08-07T01:00:00Z,14.9,23.6,25.3,27.2,-1.7,1.7
6-24ч,2026-08-06T10:08:26Z,2026-08-07T02:00:00Z,15.9,23.4,24.8,26.5,-1.4,1.4
6-24ч,2026-08-06T10:08:26Z,2026-08-07T03:00:00Z,16.9,23.5,24.6,27.2,-1.1,1.1
6-24ч,2026-08-06T10:08:26Z,2026-08-07T04:00:00Z,17.9,23.9,24.9,27.5,-1.0,1.0
6-24ч,2026-08-06T10:08:26Z,2026-08-07T05:00:00Z,18.9,24.5,26.1,28.4,-1.6,1.6
6-24ч,2026-08-06T10:08:26Z,2026-08-07T06:00:00Z,19.9,25.3,27.0,29.0,-1.7,1.7
6-24ч,2026-08-06T10:08:26Z,2026-08-07T07:00:00Z,20.9,26.6,28.0,31.2,-1.4,1.4
6-24ч,2026-08-06T10:08:26Z,2026-08-07T08:00:00Z,21.9,28.4,30.5,33.8,-2.1,2.1
6-24ч,2026-08-06T10:08:26Z,2026-08-07T09:00:00Z,22.9,30.5,33.0,35.7,-2.5,2.5
6-24ч,2026-08-06T10:08:26Z,2026-08-07T10:00:00Z,23.9,32.5,35.0,37.2,-2.5,2.5
6-24ч,2026-08-06T10:47:54Z,2026-08-06T17:00:00Z,6.2,33.8,31.2,35.4,2.6,2.6
6-24ч,2026-08-06T10:47:54Z,2026-08-06T18:00:00Z,7.2,32.5,30.4,33.6,2.1,2.1
6-24ч,2026-08-06T10:47:54Z,2026-08-06T19:00:00Z,8.2,31.1,28.6,31.3,2.5,2.5
6-24ч,2026-08-06T10:47:54Z,2026-08-06T20:00:00Z,9.2,29.5,28.8,30.3,0.7,0.7
6-24ч,2026-08-06T10:47:54Z,2026-08-06T21:00:00Z,10.2,27.8,27.6,29.3,0.2,0.2
6-24ч,2026-08-06T10:47:54Z,2026-08-06T22:00:00Z,11.2,26.2,27.1,28.5,-0.9,0.9
6-24ч,2026-08-06T10:47:54Z,2026-08-06T23:00:00Z,12.2,24.9,26.3,28.0,-1.4,1.4
6-24ч,2026-08-06T10:47:54Z,2026-08-07T00:00:00Z,13.2,24.0,25.6,27.4,-1.6,1.6
6-24ч,2026-08-06T10:47:54Z,2026-08-07T01:00:00Z,14.2,23.6,25.3,27.2,-1.7,1.7
6-24ч,2026-08-06T10:47:54Z,2026-08-07T02:00:00Z,15.2,23.4,24.8,26.5,-1.4,1.4
6-24ч,2026-08-06T10:47:54Z,2026-08-07T03:00:00Z,16.2,23.5,24.6,27.2,-1.1,1.1
6-24ч,2026-08-06T10:47:54Z,2026-08-07T04:00:00Z,17.2,23.9,24.9,27.5,-1.0,1.0
6-24ч,2026-08-06T10:47:54Z,2026-08-07T05:00:00Z,18.2,24.5,26.1,28.4,-1.6,1.6
6-24ч,2026-08-06T10:47:54Z,2026-08-07T06:00:00Z,19.2,25.3,27.0,29.0,-1.7,1.7
6-24ч,2026-08-06T10:47:54Z,2026-08-07T07:00:00Z,20.2,26.6,28.0,31.2,-1.4,1.4
6-24ч,2026-08-06T10:47:54Z,2026-08-07T08:00:00Z,21.2,28.4,30.5,33.8,-2.1,2.1
6-24ч,2026-08-06T10:47:54Z,2026-08-07T09:00:00Z,22.2,30.5,33.0,35.7,-2.5,2.5
6-24ч,2026-08-06T10:47:54Z,2026-08-07T10:00:00Z,23.2,32.5,35.0,37.2,-2.5,2.5
6-24ч,2026-08-06T11:30:42Z,2026-08-06T18:00:00Z,6.5,32.5,30.4,33.6,2.1,2.1
6-24ч,2026-08-06T11:30:42Z,2026-08-06T19:00:00Z,7.5,31.1,28.6,31.3,2.5,2.5
6-24ч,2026-08-06T11:30:42Z,2026-08-06T20:00:00Z,8.5,29.5,28.8,30.3,0.7,0.7
6-24ч,2026-08-06T11:30:42Z,2026-08-06T21:00:00Z,9.5,27.8,27.6,29.3,0.2,0.2
6-24ч,2026-08-06T11:30:42Z,2026-08-06T22:00:00Z,10.5,26.2,27.1,28.5,-0.9,0.9
6-24ч,2026-08-06T11:30:42Z,2026-08-06T23:00:00Z,11.5,24.9,26.3,28.0,-1.4,1.4
6-24ч,2026-08-06T11:30:42Z,2026-08-07T00:00:00Z,12.5,24.0,25.6,27.4,-1.6,1.6
6-24ч,2026-08-06T11:30:42Z,2026-08-07T01:00:00Z,13.5,23.6,25.3,27.2,-1.7,1.7
6-24ч,2026-08-06T11:30:42Z,2026-08-07T02:00:00Z,14.5,23.4,24.8,26.5,-1.4,1.4
6-24ч,2026-08-06T11:30:42Z,2026-08-07T03:00:00Z,15.5,23.5,24.6,27.2,-1.1,1.1
6-24ч,2026-08-06T11:30:42Z,2026-08-07T04:00:00Z,16.5,23.9,24.9,27.5,-1.0,1.0
6-24ч,2026-08-06T11:30:42Z,2026-08-07T05:00:00Z,17.5,24.5,26.1,28.4,-1.6,1.6
6-24ч,2026-08-06T11:30:42Z,2026-08-07T06:00:00Z,18.5,25.3,27.0,29.0,-1.7,1.7
6-24ч,2026-08-06T11:30:42Z,2026-08-07T07:00:00Z,19.5,26.6,28.0,31.2,-1.4,1.4
6-24ч,2026-08-06T11:30:42Z,2026-08-07T08:00:00Z,20.5,28.4,30.5,33.8,-2.1,2.1
6-24ч,2026-08-06T11:30:42Z,2026-08-07T09:00:00Z,21.5,30.5,33.0,35.7,-2.5,2.5
6-24ч,2026-08-06T11:30:42Z,2026-08-07T10:00:00Z,22.5,32.5,35.0,37.2,-2.5,2.5
6-24ч,2026-08-06T11:30:42Z,2026-08-07T11:00:00Z,23.5,34.1,35.9,37.6,-1.8,1.8
6-24ч,2026-08-06T11:36:01Z,2026-08-06T18:00:00Z,6.4,32.5,30.4,33.6,2.1,2.1
6-24ч,2026-08-06T11:36:01Z,2026-08-06T19:00:00Z,7.4,31.1,28.6,31.3,2.5,2.5
6-24ч,2026-08-06T11:36:01Z,2026-08-06T20:00:00Z,8.4,29.5,28.8,30.3,0.7,0.7
6-24ч,2026-08-06T11:36:01Z,2026-08-06T21:00:00Z,9.4,27.8,27.6,29.3,0.2,0.2
6-24ч,2026-08-06T11:36:01Z,2026-08-06T22:00:00Z,10.4,26.2,27.1,28.5,-0.9,0.9
6-24ч,2026-08-06T11:36:01Z,2026-08-06T23:00:00Z,11.4,24.9,26.3,28.0,-1.4,1.4
6-24ч,2026-08-06T11:36:01Z,2026-08-07T00:00:00Z,12.4,24.0,25.6,27.4,-1.6,1.6
6-24ч,2026-08-06T11:36:01Z,2026-08-07T01:00:00Z,13.4,23.6,25.3,27.2,-1.7,1.7
6-24ч,2026-08-06T11:36:01Z,2026-08-07T02:00:00Z,14.4,23.4,24.8,26.5,-1.4,1.4
6-24ч,2026-08-06T11:36:01Z,2026-08-07T03:00:00Z,15.4,23.5,24.6,27.2,-1.1,1.1
6-24ч,2026-08-06T11:36:01Z,2026-08-07T04:00:00Z,16.4,23.9,24.9,27.5,-1.0,1.0
6-24ч,2026-08-06T11:36:01Z,2026-08-07T05:00:00Z,17.4,24.5,26.1,28.4,-1.6,1.6
6-24ч,2026-08-06T11:36:01Z,2026-08-07T06:00:00Z,18.4,25.3,27.0,29.0,-1.7,1.7
6-24ч,2026-08-06T11:36:01Z,2026-08-07T07:00:00Z,19.4,26.6,28.0,31.2,-1.4,1.4
6-24ч,2026-08-06T11:36:01Z,2026-08-07T08:00:00Z,20.4,28.4,30.5,33.8,-2.1,2.1
6-24ч,2026-08-06T11:36:01Z,2026-08-07T09:00:00Z,21.4,30.5,33.0,35.7,-2.5,2.5
6-24ч,2026-08-06T11:36:01Z,2026-08-07T10:00:00Z,22.4,32.5,35.0,37.2,-2.5,2.5
6-24ч,2026-08-06T11:36:01Z,2026-08-07T11:00:00Z,23.4,34.1,35.9,37.6,-1.8,1.8
6-24ч,2026-08-06T11:44:08Z,2026-08-06T18:00:00Z,6.3,32.4,30.4,33.6,2.0,2.0
6-24ч,2026-08-06T11:44:08Z,2026-08-06T19:00:00Z,7.3,31.1,28.6,31.3,2.5,2.5
6-24ч,2026-08-06T11:44:08Z,2026-08-06T20:00:00Z,8.3,29.5,28.8,30.3,0.7,0.7
6-24ч,2026-08-06T11:44:08Z,2026-08-06T21:00:00Z,9.3,27.8,27.6,29.3,0.2,0.2
6-24ч,2026-08-06T11:44:08Z,2026-08-06T22:00:00Z,10.3,26.3,27.1,28.5,-0.8,0.8
6-24ч,2026-08-06T11:44:08Z,2026-08-06T23:00:00Z,11.3,24.9,26.3,28.0,-1.4,1.4
6-24ч,2026-08-06T11:44:08Z,2026-08-07T00:00:00Z,12.3,24.1,25.6,27.4,-1.5,1.5
6-24ч,2026-08-06T11:44:08Z,2026-08-07T01:00:00Z,13.3,23.6,25.3,27.2,-1.7,1.7
6-24ч,2026-08-06T11:44:08Z,2026-08-07T02:00:00Z,14.3,23.5,24.8,26.5,-1.3,1.3
6-24ч,2026-08-06T11:44:08Z,2026-08-07T03:00:00Z,15.3,23.5,24.6,27.2,-1.1,1.1
6-24ч,2026-08-06T11:44:08Z,2026-08-07T04:00:00Z,16.3,23.9,24.9,27.5,-1.0,1.0
6-24ч,2026-08-06T11:44:08Z,2026-08-07T05:00:00Z,17.3,24.5,26.1,28.4,-1.6,1.6
6-24ч,2026-08-06T11:44:08Z,2026-08-07T06:00:00Z,18.3,25.3,27.0,29.0,-1.7,1.7
6-24ч,2026-08-06T11:44:08Z,2026-08-07T07:00:00Z,19.3,26.6,28.0,31.2,-1.4,1.4
6-24ч,2026-08-06T11:44:08Z,2026-08-07T08:00:00Z,20.3,28.5,30.5,33.8,-2.0,2.0
6-24ч,2026-08-06T11:44:08Z,2026-08-07T09:00:00Z,21.3,30.6,33.0,35.7,-2.4,2.4
6-24ч,2026-08-06T11:44:08Z,2026-08-07T10:00:00Z,22.3,32.6,35.0,37.2,-2.4,2.4
6-24ч,2026-08-06T11:44:08Z,2026-08-07T11:00:00Z,23.3,34.2,35.9,37.6,-1.7,1.7
6-24ч,2026-08-07T01:31:32Z,2026-08-07T08:00:00Z,6.5,28.5,30.5,33.8,-2.0,2.0
6-24ч,2026-08-07T01:31:32Z,2026-08-07T09:00:00Z,7.5,30.7,33.0,35.7,-2.3,2.3
6-24ч,2026-08-07T01:31:32Z,2026-08-07T10:00:00Z,8.5,32.7,35.0,37.2,-2.3,2.3
6-24ч,2026-08-07T01:31:32Z,2026-08-07T11:00:00Z,9.5,34.4,35.9,37.6,-1.5,1.5
6-24ч,2026-08-07T01:31:32Z,2026-08-07T12:00:00Z,10.5,35.2,36.6,37.5,-1.4,1.4
6-24ч,2026-08-07T01:31:32Z,2026-08-07T13:00:00Z,11.5,35.2,36.9,38.3,-1.7,1.7
6-24ч,2026-08-07T01:31:32Z,2026-08-07T14:00:00Z,12.5,34.5,37.2,38.0,-2.7,2.7
6-24ч,2026-08-07T01:31:32Z,2026-08-07T15:00:00Z,13.5,33.4,36.4,36.8,-3.0,3.0
6-24ч,2026-08-07T01:31:32Z,2026-08-07T16:00:00Z,14.5,32.0,34.4,30.8,-2.4,2.4
6-24ч,2026-08-07T01:31:32Z,2026-08-07T17:00:00Z,15.5,30.6,34.2,31.2,-3.6,3.6
6-24ч,2026-08-07T01:31:32Z,2026-08-07T18:00:00Z,16.5,29.4,32.0,30.4,-2.6,2.6
6-24ч,2026-08-07T01:31:32Z,2026-08-07T19:00:00Z,17.5,28.3,29.3,28.6,-1.0,1.0
6-24ч,2026-08-07T01:31:32Z,2026-08-07T20:00:00Z,18.5,27.1,28.2,28.8,-1.1,1.1
6-24ч,2026-08-07T01:31:32Z,2026-08-07T21:00:00Z,19.5,25.8,27.2,27.6,-1.4,1.4
6-24ч,2026-08-07T01:31:32Z,2026-08-07T22:00:00Z,20.5,24.6,27.1,27.1,-2.5,2.5
6-24ч,2026-08-07T01:31:32Z,2026-08-07T23:00:00Z,21.5,23.7,25.7,26.3,-2.0,2.0
6-24ч,2026-08-07T01:31:32Z,2026-08-08T00:00:00Z,22.5,23.0,25.6,25.6,-2.6,2.6
6-24ч,2026-08-07T01:31:32Z,2026-08-08T01:00:00Z,23.5,22.6,25.1,25.3,-2.5,2.5
6-24ч,2026-08-07T05:36:00Z,2026-08-07T12:00:00Z,6.4,35.2,36.6,37.5,-1.4,1.4
6-24ч,2026-08-07T05:36:00Z,2026-08-07T13:00:00Z,7.4,35.2,36.9,38.3,-1.7,1.7
6-24ч,2026-08-07T05:36:00Z,2026-08-07T14:00:00Z,8.4,34.5,37.2,38.0,-2.7,2.7
6-24ч,2026-08-07T05:36:00Z,2026-08-07T15:00:00Z,9.4,33.4,36.4,36.8,-3.0,3.0
6-24ч,2026-08-07T05:36:00Z,2026-08-07T16:00:00Z,10.4,32.0,34.4,30.8,-2.4,2.4
6-24ч,2026-08-07T05:36:00Z,2026-08-07T17:00:00Z,11.4,30.6,34.2,31.2,-3.6,3.6
6-24ч,2026-08-07T05:36:00Z,2026-08-07T18:00:00Z,12.4,29.4,32.0,30.4,-2.6,2.6
6-24ч,2026-08-07T05:36:00Z,2026-08-07T19:00:00Z,13.4,28.3,29.3,28.6,-1.0,1.0
6-24ч,2026-08-07T05:36:00Z,2026-08-07T20:00:00Z,14.4,27.1,28.2,28.8,-1.1,1.1
6-24ч,2026-08-07T05:36:00Z,2026-08-07T21:00:00Z,15.4,25.8,27.2,27.6,-1.4,1.4
6-24ч,2026-08-07T05:36:00Z,2026-08-07T22:00:00Z,16.4,24.6,27.1,27.1,-2.5,2.5
6-24ч,2026-08-07T05:36:00Z,2026-08-07T23:00:00Z,17.4,23.7,25.7,26.3,-2.0,2.0
6-24ч,2026-08-07T05:36:00Z,2026-08-08T00:00:00Z,18.4,23.0,25.6,25.6,-2.6,2.6
6-24ч,2026-08-07T05:36:00Z,2026-08-08T01:00:00Z,19.4,22.6,25.1,25.3,-2.5,2.5
6-24ч,2026-08-07T05:36:00Z,2026-08-08T02:00:00Z,20.4,22.3,23.0,24.8,-0.7,0.7
6-24ч,2026-08-07T05:36:00Z,2026-08-08T03:00:00Z,21.4,22.3,21.4,24.6,0.9,0.9
6-24ч,2026-08-07T05:36:00Z,2026-08-08T04:00:00Z,22.4,22.5,21.2,24.9,1.3,1.3
6-24ч,2026-08-07T05:36:00Z,2026-08-08T05:00:00Z,23.4,22.9,21.7,26.1,1.2,1.2
6-24ч,2026-08-07T06:18:59Z,2026-08-07T13:00:00Z,6.7,35.3,36.9,38.3,-1.6,1.6
6-24ч,2026-08-07T06:18:59Z,2026-08-07T14:00:00Z,7.7,34.6,37.2,38.0,-2.6,2.6
6-24ч,2026-08-07T06:18:59Z,2026-08-07T15:00:00Z,8.7,33.5,36.4,36.8,-2.9,2.9
6-24ч,2026-08-07T06:18:59Z,2026-08-07T16:00:00Z,9.7,32.2,34.4,30.8,-2.2,2.2
6-24ч,2026-08-07T06:18:59Z,2026-08-07T17:00:00Z,10.7,30.9,34.2,31.2,-3.3,3.3
6-24ч,2026-08-07T06:18:59Z,2026-08-07T18:00:00Z,11.7,29.7,32.0,30.4,-2.3,2.3
6-24ч,2026-08-07T06:18:59Z,2026-08-07T19:00:00Z,12.7,28.5,29.3,28.6,-0.8,0.8
6-24ч,2026-08-07T06:18:59Z,2026-08-07T20:00:00Z,13.7,27.2,28.2,28.8,-1.0,1.0
6-24ч,2026-08-07T06:18:59Z,2026-08-07T21:00:00Z,14.7,25.9,27.2,27.6,-1.3,1.3
6-24ч,2026-08-07T06:18:59Z,2026-08-07T22:00:00Z,15.7,24.7,27.1,27.1,-2.4,2.4
6-24ч,2026-08-07T06:18:59Z,2026-08-07T23:00:00Z,16.7,23.6,25.7,26.3,-2.1,2.1
6-24ч,2026-08-07T06:18:59Z,2026-08-08T00:00:00Z,17.7,22.9,25.6,25.6,-2.7,2.7
6-24ч,2026-08-07T06:18:59Z,2026-08-08T01:00:00Z,18.7,22.5,25.1,25.3,-2.6,2.6
6-24ч,2026-08-07T06:18:59Z,2026-08-08T02:00:00Z,19.7,22.3,23.0,24.8,-0.7,0.7
6-24ч,2026-08-07T06:18:59Z,2026-08-08T03:00:00Z,20.7,22.2,21.4,24.6,0.8,0.8
6-24ч,2026-08-07T06:18:59Z,2026-08-08T04:00:00Z,21.7,22.4,21.2,24.9,1.2,1.2
6-24ч,2026-08-07T06:18:59Z,2026-08-08T05:00:00Z,22.7,22.8,21.7,26.1,1.1,1.1
6-24ч,2026-08-07T06:18:59Z,2026-08-08T06:00:00Z,23.7,23.4,22.6,27.0,0.8,0.8
6-24ч,2026-08-07T07:13:52Z,2026-08-07T14:00:00Z,6.8,34.6,37.2,38.0,-2.6,2.6
6-24ч,2026-08-07T07:13:52Z,2026-08-07T15:00:00Z,7.8,33.5,36.4,36.8,-2.9,2.9
6-24ч,2026-08-07T07:13:52Z,2026-08-07T16:00:00Z,8.8,32.2,34.4,30.8,-2.2,2.2
6-24ч,2026-08-07T07:13:52Z,2026-08-07T17:00:00Z,9.8,30.9,34.2,31.2,-3.3,3.3
6-24ч,2026-08-07T07:13:52Z,2026-08-07T18:00:00Z,10.8,29.7,32.0,30.4,-2.3,2.3
6-24ч,2026-08-07T07:13:52Z,2026-08-07T19:00:00Z,11.8,28.5,29.3,28.6,-0.8,0.8
6-24ч,2026-08-07T07:13:52Z,2026-08-07T20:00:00Z,12.8,27.2,28.2,28.8,-1.0,1.0
6-24ч,2026-08-07T07:13:52Z,2026-08-07T21:00:00Z,13.8,25.9,27.2,27.6,-1.3,1.3
6-24ч,2026-08-07T07:13:52Z,2026-08-07T22:00:00Z,14.8,24.7,27.1,27.1,-2.4,2.4
6-24ч,2026-08-07T07:13:52Z,2026-08-07T23:00:00Z,15.8,23.6,25.7,26.3,-2.1,2.1
6-24ч,2026-08-07T07:13:52Z,2026-08-08T00:00:00Z,16.8,22.9,25.6,25.6,-2.7,2.7
6-24ч,2026-08-07T07:13:52Z,2026-08-08T01:00:00Z,17.8,22.5,25.1,25.3,-2.6,2.6
6-24ч,2026-08-07T07:13:52Z,2026-08-08T02:00:00Z,18.8,22.3,23.0,24.8,-0.7,0.7
6-24ч,2026-08-07T07:13:52Z,2026-08-08T03:00:00Z,19.8,22.2,21.4,24.6,0.8,0.8
6-24ч,2026-08-07T07:13:52Z,2026-08-08T04:00:00Z,20.8,22.4,21.2,24.9,1.2,1.2
6-24ч,2026-08-07T07:13:52Z,2026-08-08T05:00:00Z,21.8,22.8,21.7,26.1,1.1,1.1
6-24ч,2026-08-07T07:13:52Z,2026-08-08T06:00:00Z,22.8,23.4,22.6,27.0,0.8,0.8
6-24ч,2026-08-07T07:13:52Z,2026-08-08T07:00:00Z,23.8,24.5,24.4,28.0,0.1,0.1
6-24ч,2026-08-07T10:39:14Z,2026-08-07T17:00:00Z,6.3,30.9,34.2,31.2,-3.3,3.3
6-24ч,2026-08-07T10:39:14Z,2026-08-07T18:00:00Z,7.3,29.7,32.0,30.4,-2.3,2.3
6-24ч,2026-08-07T10:39:14Z,2026-08-07T19:00:00Z,8.3,28.5,29.3,28.6,-0.8,0.8
6-24ч,2026-08-07T10:39:14Z,2026-08-07T20:00:00Z,9.3,27.2,28.2,28.8,-1.0,1.0
6-24ч,2026-08-07T10:39:14Z,2026-08-07T21:00:00Z,10.3,25.9,27.2,27.6,-1.3,1.3
6-24ч,2026-08-07T10:39:14Z,2026-08-07T22:00:00Z,11.3,24.7,27.1,27.1,-2.4,2.4
6-24ч,2026-08-07T10:39:14Z,2026-08-07T23:00:00Z,12.3,23.6,25.7,26.3,-2.1,2.1
6-24ч,2026-08-07T10:39:14Z,2026-08-08T00:00:00Z,13.3,22.9,25.6,25.6,-2.7,2.7
6-24ч,2026-08-07T10:39:14Z,2026-08-08T01:00:00Z,14.3,22.5,25.1,25.3,-2.6,2.6
6-24ч,2026-08-07T10:39:14Z,2026-08-08T02:00:00Z,15.3,22.3,23.0,24.8,-0.7,0.7
6-24ч,2026-08-07T10:39:14Z,2026-08-08T03:00:00Z,16.3,22.2,21.4,24.6,0.8,0.8
6-24ч,2026-08-07T10:39:14Z,2026-08-08T04:00:00Z,17.3,22.4,21.2,24.9,1.2,1.2
6-24ч,2026-08-07T10:39:14Z,2026-08-08T05:00:00Z,18.3,22.8,21.7,26.1,1.1,1.1
6-24ч,2026-08-07T10:39:14Z,2026-08-08T06:00:00Z,19.3,23.4,22.6,27.0,0.8,0.8
6-24ч,2026-08-07T10:39:14Z,2026-08-08T07:00:00Z,20.3,24.5,24.4,28.0,0.1,0.1
6-24ч,2026-08-07T10:39:14Z,2026-08-08T08:00:00Z,21.3,26.2,25.6,30.5,0.6,0.6
6-24ч,2026-08-07T10:39:14Z,2026-08-08T09:00:00Z,22.3,28.0,28.1,33.0,-0.1,0.1
6-24ч,2026-08-07T10:39:14Z,2026-08-08T10:00:00Z,23.3,29.8,29.7,35.0,0.1,0.1
6-24ч,2026-08-07T16:51:54Z,2026-08-07T23:00:00Z,6.1,23.8,25.7,26.3,-1.9,1.9
6-24ч,2026-08-07T16:51:54Z,2026-08-08T00:00:00Z,7.1,23.0,25.6,25.6,-2.6,2.6
6-24ч,2026-08-07T16:51:54Z,2026-08-08T01:00:00Z,8.1,22.6,25.1,25.3,-2.5,2.5
6-24ч,2026-08-07T16:51:54Z,2026-08-08T02:00:00Z,9.1,22.3,23.0,24.8,-0.7,0.7
6-24ч,2026-08-07T16:51:54Z,2026-08-08T03:00:00Z,10.1,22.2,21.4,24.6,0.8,0.8
6-24ч,2026-08-07T16:51:54Z,2026-08-08T04:00:00Z,11.1,22.3,21.2,24.9,1.1,1.1
6-24ч,2026-08-07T16:51:54Z,2026-08-08T05:00:00Z,12.1,22.6,21.7,26.1,0.9,0.9
6-24ч,2026-08-07T16:51:54Z,2026-08-08T06:00:00Z,13.1,23.2,22.6,27.0,0.6,0.6
6-24ч,2026-08-07T16:51:54Z,2026-08-08T07:00:00Z,14.1,24.2,24.4,28.0,-0.2,0.2
6-24ч,2026-08-07T16:51:54Z,2026-08-08T08:00:00Z,15.1,25.8,25.6,30.5,0.2,0.2
6-24ч,2026-08-07T16:51:54Z,2026-08-08T09:00:00Z,16.1,27.5,28.1,33.0,-0.6,0.6
6-24ч,2026-08-07T16:51:54Z,2026-08-08T10:00:00Z,17.1,29.3,29.7,35.0,-0.4,0.4
6-24ч,2026-08-07T16:51:54Z,2026-08-08T11:00:00Z,18.1,30.7,30.9,35.9,-0.2,0.2
6-24ч,2026-08-07T16:51:54Z,2026-08-08T12:00:00Z,19.1,31.5,31.4,36.6,0.1,0.1
6-24ч,2026-08-07T16:51:54Z,2026-08-08T13:00:00Z,20.1,31.7,32.0,36.9,-0.3,0.3
6-24ч,2026-08-07T16:51:54Z,2026-08-08T14:00:00Z,21.1,31.4,31.3,37.2,0.1,0.1
6-24ч,2026-08-07T16:51:54Z,2026-08-08T15:00:00Z,22.1,30.8,32.0,36.4,-1.2,1.2
6-24ч,2026-08-07T16:51:54Z,2026-08-08T16:00:00Z,23.1,30.1,31.3,34.4,-1.2,1.2
6-24ч,2026-08-07T22:45:57Z,2026-08-08T05:00:00Z,6.2,22.0,21.7,26.1,0.3,0.3
6-24ч,2026-08-07T22:45:57Z,2026-08-08T06:00:00Z,7.2,22.5,22.6,27.0,-0.1,0.1
6-24ч,2026-08-07T22:45:57Z,2026-08-08T07:00:00Z,8.2,23.6,24.4,28.0,-0.8,0.8
6-24ч,2026-08-07T22:45:57Z,2026-08-08T08:00:00Z,9.2,25.2,25.6,30.5,-0.4,0.4
6-24ч,2026-08-07T22:45:57Z,2026-08-08T09:00:00Z,10.2,27.0,28.1,33.0,-1.1,1.1
6-24ч,2026-08-07T22:45:57Z,2026-08-08T10:00:00Z,11.2,28.8,29.7,35.0,-0.9,0.9
6-24ч,2026-08-07T22:45:57Z,2026-08-08T11:00:00Z,12.2,30.3,30.9,35.9,-0.6,0.6
6-24ч,2026-08-07T22:45:57Z,2026-08-08T12:00:00Z,13.2,31.1,31.4,36.6,-0.3,0.3
6-24ч,2026-08-07T22:45:57Z,2026-08-08T13:00:00Z,14.2,31.3,32.0,36.9,-0.7,0.7
6-24ч,2026-08-07T22:45:57Z,2026-08-08T14:00:00Z,15.2,31.1,31.3,37.2,-0.2,0.2
6-24ч,2026-08-07T22:45:57Z,2026-08-08T15:00:00Z,16.2,30.6,32.0,36.4,-1.4,1.4
6-24ч,2026-08-07T22:45:57Z,2026-08-08T16:00:00Z,17.2,29.9,31.3,34.4,-1.4,1.4
6-24ч,2026-08-07T22:45:57Z,2026-08-08T17:00:00Z,18.2,29.0,30.0,34.2,-1.0,1.0
6-24ч,2026-08-07T22:45:57Z,2026-08-08T18:00:00Z,19.2,28.1,29.2,32.0,-1.1,1.1
6-24ч,2026-08-07T22:45:57Z,2026-08-08T19:00:00Z,20.2,27.0,28.4,29.3,-1.4,1.4
6-24ч,2026-08-07T22:45:57Z,2026-08-08T20:00:00Z,21.2,25.6,27.6,28.2,-2.0,2.0
6-24ч,2026-08-07T22:45:57Z,2026-08-08T21:00:00Z,22.2,24.1,26.6,27.2,-2.5,2.5
6-24ч,2026-08-07T22:45:57Z,2026-08-08T22:00:00Z,23.2,22.6,25.4,27.1,-2.8,2.8
6-24ч,2026-08-07T23:19:23Z,2026-08-08T06:00:00Z,6.7,22.5,22.6,27.0,-0.1,0.1
6-24ч,2026-08-07T23:19:23Z,2026-08-08T07:00:00Z,7.7,23.6,24.4,28.0,-0.8,0.8
6-24ч,2026-08-07T23:19:23Z,2026-08-08T08:00:00Z,8.7,25.2,25.6,30.5,-0.4,0.4
6-24ч,2026-08-07T23:19:23Z,2026-08-08T09:00:00Z,9.7,27.0,28.1,33.0,-1.1,1.1
6-24ч,2026-08-07T23:19:23Z,2026-08-08T10:00:00Z,10.7,28.8,29.7,35.0,-0.9,0.9
6-24ч,2026-08-07T23:19:23Z,2026-08-08T11:00:00Z,11.7,30.3,30.9,35.9,-0.6,0.6
6-24ч,2026-08-07T23:19:23Z,2026-08-08T12:00:00Z,12.7,31.1,31.4,36.6,-0.3,0.3
6-24ч,2026-08-07T23:19:23Z,2026-08-08T13:00:00Z,13.7,31.3,32.0,36.9,-0.7,0.7
6-24ч,2026-08-07T23:19:23Z,2026-08-08T14:00:00Z,14.7,31.1,31.3,37.2,-0.2,0.2
6-24ч,2026-08-07T23:19:23Z,2026-08-08T15:00:00Z,15.7,30.6,32.0,36.4,-1.4,1.4
6-24ч,2026-08-07T23:19:23Z,2026-08-08T16:00:00Z,16.7,29.9,31.3,34.4,-1.4,1.4
6-24ч,2026-08-07T23:19:23Z,2026-08-08T17:00:00Z,17.7,29.0,30.0,34.2,-1.0,1.0
6-24ч,2026-08-07T23:19:23Z,2026-08-08T18:00:00Z,18.7,28.1,29.2,32.0,-1.1,1.1
6-24ч,2026-08-07T23:19:23Z,2026-08-08T19:00:00Z,19.7,27.0,28.4,29.3,-1.4,1.4
6-24ч,2026-08-07T23:19:23Z,2026-08-08T20:00:00Z,20.7,25.6,27.6,28.2,-2.0,2.0
6-24ч,2026-08-07T23:19:23Z,2026-08-08T21:00:00Z,21.7,24.1,26.6,27.2,-2.5,2.5
6-24ч,2026-08-07T23:19:23Z,2026-08-08T22:00:00Z,22.7,22.6,25.4,27.1,-2.8,2.8
6-24ч,2026-08-07T23:19:23Z,2026-08-08T23:00:00Z,23.7,21.4,24.9,25.7,-3.5,3.5
6-24ч,2026-08-08T04:50:53Z,2026-08-08T11:00:00Z,6.2,30.0,30.9,35.9,-0.9,0.9
6-24ч,2026-08-08T04:50:53Z,2026-08-08T12:00:00Z,7.2,30.8,31.4,36.6,-0.6,0.6
6-24ч,2026-08-08T04:50:53Z,2026-08-08T13:00:00Z,8.2,31.0,32.0,36.9,-1.0,1.0
6-24ч,2026-08-08T04:50:53Z,2026-08-08T14:00:00Z,9.2,30.8,31.3,37.2,-0.5,0.5
6-24ч,2026-08-08T04:50:53Z,2026-08-08T15:00:00Z,10.2,30.2,32.0,36.4,-1.8,1.8
6-24ч,2026-08-08T04:50:53Z,2026-08-08T16:00:00Z,11.2,29.5,31.3,34.4,-1.8,1.8
6-24ч,2026-08-08T04:50:53Z,2026-08-08T17:00:00Z,12.2,28.6,30.0,34.2,-1.4,1.4
6-24ч,2026-08-08T04:50:53Z,2026-08-08T18:00:00Z,13.2,27.7,29.2,32.0,-1.5,1.5
6-24ч,2026-08-08T04:50:53Z,2026-08-08T19:00:00Z,14.2,26.6,28.4,29.3,-1.8,1.8
6-24ч,2026-08-08T04:50:53Z,2026-08-08T20:00:00Z,15.2,25.2,27.6,28.2,-2.4,2.4
6-24ч,2026-08-08T04:50:53Z,2026-08-08T21:00:00Z,16.2,23.6,26.6,27.2,-3.0,3.0
6-24ч,2026-08-08T04:50:53Z,2026-08-08T22:00:00Z,17.2,22.2,25.4,27.1,-3.2,3.2
6-24ч,2026-08-08T04:50:53Z,2026-08-08T23:00:00Z,18.2,21.0,24.9,25.7,-3.9,3.9
6-24ч,2026-08-08T04:50:53Z,2026-08-09T00:00:00Z,19.2,20.2,24.2,25.6,-4.0,4.0
6-24ч,2026-08-08T04:50:53Z,2026-08-09T01:00:00Z,20.2,19.8,23.8,25.1,-4.0,4.0
6-24ч,2026-08-08T04:50:53Z,2026-08-09T02:00:00Z,21.2,19.7,22.8,23.0,-3.1,3.1
6-24ч,2026-08-08T04:50:53Z,2026-08-09T03:00:00Z,22.2,19.8,21.3,21.4,-1.5,1.5
6-24ч,2026-08-08T04:50:53Z,2026-08-09T04:00:00Z,23.2,20.2,20.7,21.2,-0.5,0.5
6-24ч,2026-08-08T10:18:13Z,2026-08-08T17:00:00Z,6.7,28.0,30.0,34.2,-2.0,2.0
6-24ч,2026-08-08T10:18:13Z,2026-08-08T18:00:00Z,7.7,27.1,29.2,32.0,-2.1,2.1
6-24ч,2026-08-08T10:18:13Z,2026-08-08T19:00:00Z,8.7,26.0,28.4,29.3,-2.4,2.4
6-24ч,2026-08-08T10:18:13Z,2026-08-08T20:00:00Z,9.7,24.6,27.6,28.2,-3.0,3.0
6-24ч,2026-08-08T10:18:13Z,2026-08-08T21:00:00Z,10.7,23.1,26.6,27.2,-3.5,3.5
6-24ч,2026-08-08T10:18:13Z,2026-08-08T22:00:00Z,11.7,21.7,25.4,27.1,-3.7,3.7
6-24ч,2026-08-08T10:18:13Z,2026-08-08T23:00:00Z,12.7,20.5,24.9,25.7,-4.4,4.4
6-24ч,2026-08-08T10:18:13Z,2026-08-09T00:00:00Z,13.7,19.7,24.2,25.6,-4.5,4.5
6-24ч,2026-08-08T10:18:13Z,2026-08-09T01:00:00Z,14.7,19.4,23.8,25.1,-4.4,4.4
6-24ч,2026-08-08T10:18:13Z,2026-08-09T02:00:00Z,15.7,19.3,22.8,23.0,-3.5,3.5
6-24ч,2026-08-08T10:18:13Z,2026-08-09T03:00:00Z,16.7,19.5,21.3,21.4,-1.8,1.8
6-24ч,2026-08-08T10:18:13Z,2026-08-09T04:00:00Z,17.7,19.9,20.7,21.2,-0.8,0.8
6-24ч,2026-08-08T10:18:13Z,2026-08-09T05:00:00Z,18.7,20.6,21.8,21.7,-1.2,1.2
6-24ч,2026-08-08T10:18:13Z,2026-08-09T06:00:00Z,19.7,21.4,23.2,22.6,-1.8,1.8
6-24ч,2026-08-08T10:18:13Z,2026-08-09T07:00:00Z,20.7,22.6,24.7,24.4,-2.1,2.1
6-24ч,2026-08-08T10:18:13Z,2026-08-09T08:00:00Z,21.7,24.4,27.1,25.6,-2.7,2.7
6-24ч,2026-08-08T10:18:13Z,2026-08-09T09:00:00Z,22.7,26.4,28.8,28.1,-2.4,2.4
6-24ч,2026-08-08T10:18:13Z,2026-08-09T10:00:00Z,23.7,28.3,30.1,29.7,-1.8,1.8
6-24ч,2026-08-08T22:37:20Z,2026-08-09T05:00:00Z,6.4,21.0,21.8,21.7,-0.8,0.8
6-24ч,2026-08-08T22:37:20Z,2026-08-09T06:00:00Z,7.4,21.8,23.2,22.6,-1.4,1.4
6-24ч,2026-08-08T22:37:20Z,2026-08-09T07:00:00Z,8.4,23.1,24.7,24.4,-1.6,1.6
6-24ч,2026-08-08T22:37:20Z,2026-08-09T08:00:00Z,9.4,24.9,27.1,25.6,-2.2,2.2
6-24ч,2026-08-08T22:37:20Z,2026-08-09T09:00:00Z,10.4,26.9,28.8,28.1,-1.9,1.9
6-24ч,2026-08-08T22:37:20Z,2026-08-09T10:00:00Z,11.4,28.8,30.1,29.7,-1.3,1.3
6-24ч,2026-08-08T22:37:20Z,2026-08-09T11:00:00Z,12.4,30.4,30.8,30.9,-0.4,0.4
6-24ч,2026-08-08T22:37:20Z,2026-08-09T12:00:00Z,13.4,31.3,32.4,31.4,-1.1,1.1
6-24ч,2026-08-08T22:37:20Z,2026-08-09T13:00:00Z,14.4,31.5,32.7,32.0,-1.2,1.2
6-24ч,2026-08-08T22:37:20Z,2026-08-09T14:00:00Z,15.4,31.2,33.2,31.3,-2.0,2.0
6-24ч,2026-08-08T22:37:20Z,2026-08-09T15:00:00Z,16.4,30.6,33.1,32.0,-2.5,2.5
6-24ч,2026-08-08T22:37:20Z,2026-08-09T16:00:00Z,17.4,29.7,32.2,31.3,-2.5,2.5
6-24ч,2026-08-08T22:37:20Z,2026-08-09T17:00:00Z,18.4,28.6,30.8,30.0,-2.2,2.2
6-24ч,2026-08-08T22:37:20Z,2026-08-09T18:00:00Z,19.4,27.5,29.7,29.2,-2.2,2.2
6-24ч,2026-08-08T22:37:20Z,2026-08-09T19:00:00Z,20.4,26.2,28.3,28.4,-2.1,2.1
6-24ч,2026-08-08T22:37:20Z,2026-08-09T20:00:00Z,21.4,24.4,27.3,27.6,-2.9,2.9
6-24ч,2026-08-08T22:37:20Z,2026-08-09T21:00:00Z,22.4,22.6,26.6,26.6,-4.0,4.0
6-24ч,2026-08-08T22:37:20Z,2026-08-09T22:00:00Z,23.4,20.8,24.9,25.4,-4.1,4.1
6-24ч,2026-08-09T04:59:03Z,2026-08-09T11:00:00Z,6.0,30.6,30.8,30.9,-0.2,0.2
6-24ч,2026-08-09T04:59:03Z,2026-08-09T12:00:00Z,7.0,31.5,32.4,31.4,-0.9,0.9
6-24ч,2026-08-09T04:59:03Z,2026-08-09T13:00:00Z,8.0,31.7,32.7,32.0,-1.0,1.0
6-24ч,2026-08-09T04:59:03Z,2026-08-09T14:00:00Z,9.0,31.4,33.2,31.3,-1.8,1.8
6-24ч,2026-08-09T04:59:03Z,2026-08-09T15:00:00Z,10.0,30.8,33.1,32.0,-2.3,2.3
6-24ч,2026-08-09T04:59:03Z,2026-08-09T16:00:00Z,11.0,29.9,32.2,31.3,-2.3,2.3
6-24ч,2026-08-09T04:59:03Z,2026-08-09T17:00:00Z,12.0,28.9,30.8,30.0,-1.9,1.9
6-24ч,2026-08-09T04:59:03Z,2026-08-09T18:00:00Z,13.0,27.8,29.7,29.2,-1.9,1.9
6-24ч,2026-08-09T04:59:03Z,2026-08-09T19:00:00Z,14.0,26.4,28.3,28.4,-1.9,1.9
6-24ч,2026-08-09T04:59:03Z,2026-08-09T20:00:00Z,15.0,24.6,27.3,27.6,-2.7,2.7
6-24ч,2026-08-09T04:59:03Z,2026-08-09T21:00:00Z,16.0,22.7,26.6,26.6,-3.9,3.9
6-24ч,2026-08-09T04:59:03Z,2026-08-09T22:00:00Z,17.0,20.9,24.9,25.4,-4.0,4.0
6-24ч,2026-08-09T04:59:03Z,2026-08-09T23:00:00Z,18.0,19.4,24.0,24.9,-4.6,4.6
6-24ч,2026-08-09T04:59:03Z,2026-08-10T00:00:00Z,19.0,18.5,23.3,24.2,-4.8,4.8
6-24ч,2026-08-09T04:59:03Z,2026-08-10T01:00:00Z,20.0,18.3,22.9,23.8,-4.6,4.6
6-24ч,2026-08-09T04:59:03Z,2026-08-10T02:00:00Z,21.0,18.5,23.1,22.8,-4.6,4.6
6-24ч,2026-08-09T04:59:03Z,2026-08-10T03:00:00Z,22.0,19.0,22.6,21.3,-3.6,3.6
6-24ч,2026-08-09T04:59:03Z,2026-08-10T04:00:00Z,23.0,19.8,21.3,20.7,-1.5,1.5
6-24ч,2026-08-09T10:19:29Z,2026-08-09T17:00:00Z,6.7,28.6,30.8,30.0,-2.2,2.2
6-24ч,2026-08-09T10:19:29Z,2026-08-09T18:00:00Z,7.7,27.5,29.7,29.2,-2.2,2.2
6-24ч,2026-08-09T10:19:29Z,2026-08-09T19:00:00Z,8.7,26.1,28.3,28.4,-2.2,2.2
6-24ч,2026-08-09T10:19:29Z,2026-08-09T20:00:00Z,9.7,24.3,27.3,27.6,-3.0,3.0
6-24ч,2026-08-09T10:19:29Z,2026-08-09T21:00:00Z,10.7,22.4,26.6,26.6,-4.2,4.2
6-24ч,2026-08-09T10:19:29Z,2026-08-09T22:00:00Z,11.7,20.5,24.9,25.4,-4.4,4.4
6-24ч,2026-08-09T10:19:29Z,2026-08-09T23:00:00Z,12.7,19.0,24.0,24.9,-5.0,5.0
6-24ч,2026-08-09T10:19:29Z,2026-08-10T00:00:00Z,13.7,18.2,23.3,24.2,-5.1,5.1
6-24ч,2026-08-09T10:19:29Z,2026-08-10T01:00:00Z,14.7,17.9,22.9,23.8,-5.0,5.0
6-24ч,2026-08-09T10:19:29Z,2026-08-10T02:00:00Z,15.7,18.1,23.1,22.8,-5.0,5.0
6-24ч,2026-08-09T10:19:29Z,2026-08-10T03:00:00Z,16.7,18.7,22.6,21.3,-3.9,3.9
6-24ч,2026-08-09T10:19:29Z,2026-08-10T04:00:00Z,17.7,19.5,21.3,20.7,-1.8,1.8
6-24ч,2026-08-09T10:19:29Z,2026-08-10T05:00:00Z,18.7,20.6,24.9,21.8,-4.3,4.3
6-24ч,2026-08-09T10:19:29Z,2026-08-10T06:00:00Z,19.7,21.8,26.2,23.2,-4.4,4.4
6-24ч,2026-08-09T10:19:29Z,2026-08-10T07:00:00Z,20.7,23.4,28.3,24.7,-4.9,4.9
6-24ч,2026-08-09T10:19:29Z,2026-08-10T08:00:00Z,21.7,25.6,30.6,27.1,-5.0,5.0
6-24ч,2026-08-09T10:19:29Z,2026-08-10T09:00:00Z,22.7,28.0,32.5,28.8,-4.5,4.5
6-24ч,2026-08-09T10:19:29Z,2026-08-10T10:00:00Z,23.7,30.3,32.7,30.1,-2.4,2.4
6-24ч,2026-08-09T12:41:38Z,2026-08-09T19:00:00Z,6.3,26.0,28.3,28.4,-2.3,2.3
6-24ч,2026-08-09T12:41:38Z,2026-08-09T20:00:00Z,7.3,24.2,27.3,27.6,-3.1,3.1
6-24ч,2026-08-09T12:41:38Z,2026-08-09T21:00:00Z,8.3,22.2,26.6,26.6,-4.4,4.4
6-24ч,2026-08-09T12:41:38Z,2026-08-09T22:00:00Z,9.3,20.4,24.9,25.4,-4.5,4.5
6-24ч,2026-08-09T12:41:38Z,2026-08-09T23:00:00Z,10.3,18.9,24.0,24.9,-5.1,5.1
6-24ч,2026-08-09T12:41:38Z,2026-08-10T00:00:00Z,11.3,18.0,23.3,24.2,-5.3,5.3
6-24ч,2026-08-09T12:41:38Z,2026-08-10T01:00:00Z,12.3,17.8,22.9,23.8,-5.1,5.1
6-24ч,2026-08-09T12:41:38Z,2026-08-10T02:00:00Z,13.3,18.0,23.1,22.8,-5.1,5.1
6-24ч,2026-08-09T12:41:38Z,2026-08-10T03:00:00Z,14.3,18.6,22.6,21.3,-4.0,4.0
6-24ч,2026-08-09T12:41:38Z,2026-08-10T04:00:00Z,15.3,19.4,21.3,20.7,-1.9,1.9
6-24ч,2026-08-09T12:41:38Z,2026-08-10T05:00:00Z,16.3,20.5,24.9,21.8,-4.4,4.4
6-24ч,2026-08-09T12:41:38Z,2026-08-10T06:00:00Z,17.3,21.7,26.2,23.2,-4.5,4.5
6-24ч,2026-08-09T12:41:38Z,2026-08-10T07:00:00Z,18.3,23.4,28.3,24.7,-4.9,4.9
6-24ч,2026-08-09T12:41:38Z,2026-08-10T08:00:00Z,19.3,25.6,30.6,27.1,-5.0,5.0
6-24ч,2026-08-09T12:41:38Z,2026-08-10T09:00:00Z,20.3,28.0,32.5,28.8,-4.5,4.5
6-24ч,2026-08-09T12:41:38Z,2026-08-10T10:00:00Z,21.3,30.3,32.7,30.1,-2.4,2.4
6-24ч,2026-08-09T12:41:38Z,2026-08-10T11:00:00Z,22.3,32.2,33.2,30.8,-1.0,1.0
6-24ч,2026-08-09T12:41:38Z,2026-08-10T12:00:00Z,23.3,33.3,34.1,32.4,-0.8,0.8
6-24ч,2026-08-09T12:45:53Z,2026-08-09T19:00:00Z,6.2,26.0,28.3,28.4,-2.3,2.3
6-24ч,2026-08-09T12:45:53Z,2026-08-09T20:00:00Z,7.2,24.2,27.3,27.6,-3.1,3.1
6-24ч,2026-08-09T12:45:53Z,2026-08-09T21:00:00Z,8.2,22.2,26.6,26.6,-4.4,4.4
6-24ч,2026-08-09T12:45:53Z,2026-08-09T22:00:00Z,9.2,20.4,24.9,25.4,-4.5,4.5
6-24ч,2026-08-09T12:45:53Z,2026-08-09T23:00:00Z,10.2,18.9,24.0,24.9,-5.1,5.1
6-24ч,2026-08-09T12:45:53Z,2026-08-10T00:00:00Z,11.2,18.0,23.3,24.2,-5.3,5.3
6-24ч,2026-08-09T12:45:53Z,2026-08-10T01:00:00Z,12.2,17.8,22.9,23.8,-5.1,5.1
6-24ч,2026-08-09T12:45:53Z,2026-08-10T02:00:00Z,13.2,18.0,23.1,22.8,-5.1,5.1
6-24ч,2026-08-09T12:45:53Z,2026-08-10T03:00:00Z,14.2,18.6,22.6,21.3,-4.0,4.0
6-24ч,2026-08-09T12:45:53Z,2026-08-10T04:00:00Z,15.2,19.4,21.3,20.7,-1.9,1.9
6-24ч,2026-08-09T12:45:53Z,2026-08-10T05:00:00Z,16.2,20.5,24.9,21.8,-4.4,4.4
6-24ч,2026-08-09T12:45:53Z,2026-08-10T06:00:00Z,17.2,21.7,26.2,23.2,-4.5,4.5
6-24ч,2026-08-09T12:45:53Z,2026-08-10T07:00:00Z,18.2,23.4,28.3,24.7,-4.9,4.9
6-24ч,2026-08-09T12:45:53Z,2026-08-10T08:00:00Z,19.2,25.6,30.6,27.1,-5.0,5.0
6-24ч,2026-08-09T12:45:53Z,2026-08-10T09:00:00Z,20.2,28.0,32.5,28.8,-4.5,4.5
6-24ч,2026-08-09T12:45:53Z,2026-08-10T10:00:00Z,21.2,30.3,32.7,30.1,-2.4,2.4
6-24ч,2026-08-09T12:45:53Z,2026-08-10T11:00:00Z,22.2,32.2,33.2,30.8,-1.0,1.0
6-24ч,2026-08-09T12:45:53Z,2026-08-10T12:00:00Z,23.2,33.3,34.1,32.4,-0.8,0.8
6-24ч,2026-08-09T12:48:15Z,2026-08-09T19:00:00Z,6.2,26.0,28.3,28.4,-2.3,2.3
6-24ч,2026-08-09T12:48:15Z,2026-08-09T20:00:00Z,7.2,24.2,27.3,27.6,-3.1,3.1
6-24ч,2026-08-09T12:48:15Z,2026-08-09T21:00:00Z,8.2,22.2,26.6,26.6,-4.4,4.4
6-24ч,2026-08-09T12:48:15Z,2026-08-09T22:00:00Z,9.2,20.4,24.9,25.4,-4.5,4.5
6-24ч,2026-08-09T12:48:15Z,2026-08-09T23:00:00Z,10.2,18.9,24.0,24.9,-5.1,5.1
6-24ч,2026-08-09T12:48:15Z,2026-08-10T00:00:00Z,11.2,18.0,23.3,24.2,-5.3,5.3
6-24ч,2026-08-09T12:48:15Z,2026-08-10T01:00:00Z,12.2,17.8,22.9,23.8,-5.1,5.1
6-24ч,2026-08-09T12:48:15Z,2026-08-10T02:00:00Z,13.2,18.0,23.1,22.8,-5.1,5.1
6-24ч,2026-08-09T12:48:15Z,2026-08-10T03:00:00Z,14.2,18.6,22.6,21.3,-4.0,4.0
6-24ч,2026-08-09T12:48:15Z,2026-08-10T04:00:00Z,15.2,19.4,21.3,20.7,-1.9,1.9
6-24ч,2026-08-09T12:48:15Z,2026-08-10T05:00:00Z,16.2,20.5,24.9,21.8,-4.4,4.4
6-24ч,2026-08-09T12:48:15Z,2026-08-10T06:00:00Z,17.2,21.7,26.2,23.2,-4.5,4.5
6-24ч,2026-08-09T12:48:15Z,2026-08-10T07:00:00Z,18.2,23.4,28.3,24.7,-4.9,4.9
6-24ч,2026-08-09T12:48:15Z,2026-08-10T08:00:00Z,19.2,25.6,30.6,27.1,-5.0,5.0
6-24ч,2026-08-09T12:48:15Z,2026-08-10T09:00:00Z,20.2,28.0,32.5,28.8,-4.5,4.5
6-24ч,2026-08-09T12:48:15Z,2026-08-10T10:00:00Z,21.2,30.3,32.7,30.1,-2.4,2.4
6-24ч,2026-08-09T12:48:15Z,2026-08-10T11:00:00Z,22.2,32.2,33.2,30.8,-1.0,1.0
6-24ч,2026-08-09T12:48:15Z,2026-08-10T12:00:00Z,23.2,33.3,34.1,32.4,-0.8,0.8
6-24ч,2026-08-09T16:31:44Z,2026-08-09T23:00:00Z,6.5,18.9,24.0,24.9,-5.1,5.1
6-24ч,2026-08-09T16:31:44Z,2026-08-10T00:00:00Z,7.5,18.0,23.3,24.2,-5.3,5.3
6-24ч,2026-08-09T16:31:44Z,2026-08-10T01:00:00Z,8.5,17.8,22.9,23.8,-5.1,5.1
6-24ч,2026-08-09T16:31:44Z,2026-08-10T02:00:00Z,9.5,18.0,23.1,22.8,-5.1,5.1
6-24ч,2026-08-09T16:31:44Z,2026-08-10T03:00:00Z,10.5,18.6,22.6,21.3,-4.0,4.0
6-24ч,2026-08-09T16:31:44Z,2026-08-10T04:00:00Z,11.5,19.4,21.3,20.7,-1.9,1.9
6-24ч,2026-08-09T16:31:44Z,2026-08-10T05:00:00Z,12.5,20.5,24.9,21.8,-4.4,4.4
6-24ч,2026-08-09T16:31:44Z,2026-08-10T06:00:00Z,13.5,21.7,26.2,23.2,-4.5,4.5
6-24ч,2026-08-09T16:31:44Z,2026-08-10T07:00:00Z,14.5,23.4,28.3,24.7,-4.9,4.9
6-24ч,2026-08-09T16:31:44Z,2026-08-10T08:00:00Z,15.5,25.6,30.6,27.1,-5.0,5.0
6-24ч,2026-08-09T16:31:44Z,2026-08-10T09:00:00Z,16.5,28.0,32.5,28.8,-4.5,4.5
6-24ч,2026-08-09T16:31:44Z,2026-08-10T10:00:00Z,17.5,30.3,32.7,30.1,-2.4,2.4
6-24ч,2026-08-09T16:31:44Z,2026-08-10T11:00:00Z,18.5,32.2,33.2,30.8,-1.0,1.0
6-24ч,2026-08-09T16:31:44Z,2026-08-10T12:00:00Z,19.5,33.3,34.1,32.4,-0.8,0.8
6-24ч,2026-08-09T16:31:44Z,2026-08-10T13:00:00Z,20.5,33.5,34.1,32.7,-0.6,0.6
6-24ч,2026-08-09T16:31:44Z,2026-08-10T14:00:00Z,21.5,33.1,34.6,33.2,-1.5,1.5
6-24ч,2026-08-09T16:31:44Z,2026-08-10T15:00:00Z,22.5,32.3,34.7,33.1,-2.4,2.4
6-24ч,2026-08-09T16:31:44Z,2026-08-10T16:00:00Z,23.5,31.2,34.0,32.2,-2.8,2.8
6-24ч,2026-08-09T22:39:09Z,2026-08-10T05:00:00Z,6.3,20.7,24.9,21.8,-4.2,4.2
6-24ч,2026-08-09T22:39:09Z,2026-08-10T06:00:00Z,7.3,22.0,26.2,23.2,-4.2,4.2
6-24ч,2026-08-09T22:39:09Z,2026-08-10T07:00:00Z,8.3,23.6,28.3,24.7,-4.7,4.7
6-24ч,2026-08-09T22:39:09Z,2026-08-10T08:00:00Z,9.3,25.8,30.6,27.1,-4.8,4.8
6-24ч,2026-08-09T22:39:09Z,2026-08-10T09:00:00Z,10.3,28.2,32.5,28.8,-4.3,4.3
6-24ч,2026-08-09T22:39:09Z,2026-08-10T10:00:00Z,11.3,30.5,32.7,30.1,-2.2,2.2
6-24ч,2026-08-09T22:39:09Z,2026-08-10T11:00:00Z,12.3,32.4,33.2,30.8,-0.8,0.8
6-24ч,2026-08-09T22:39:09Z,2026-08-10T12:00:00Z,13.3,33.5,34.1,32.4,-0.6,0.6
6-24ч,2026-08-09T22:39:09Z,2026-08-10T13:00:00Z,14.3,33.7,34.1,32.7,-0.4,0.4
6-24ч,2026-08-09T22:39:09Z,2026-08-10T14:00:00Z,15.3,33.4,34.6,33.2,-1.2,1.2
6-24ч,2026-08-09T22:39:09Z,2026-08-10T15:00:00Z,16.3,32.5,34.7,33.1,-2.2,2.2
6-24ч,2026-08-09T22:39:09Z,2026-08-10T16:00:00Z,17.3,31.5,34.0,32.2,-2.5,2.5
6-24ч,2026-08-09T22:39:09Z,2026-08-10T17:00:00Z,18.3,30.2,32.8,30.8,-2.6,2.6
6-24ч,2026-08-09T22:39:09Z,2026-08-10T18:00:00Z,19.3,29.0,31.8,29.7,-2.8,2.8
6-24ч,2026-08-09T22:39:09Z,2026-08-10T19:00:00Z,20.3,27.6,29.7,28.3,-2.1,2.1
6-24ч,2026-08-09T22:39:09Z,2026-08-10T20:00:00Z,21.3,25.8,29.3,27.3,-3.5,3.5
6-24ч,2026-08-09T22:39:09Z,2026-08-10T21:00:00Z,22.3,23.9,27.1,26.6,-3.2,3.2
6-24ч,2026-08-09T22:39:09Z,2026-08-10T22:00:00Z,23.3,22.1,26.6,24.9,-4.5,4.5
6-24ч,2026-08-10T05:20:42Z,2026-08-10T12:00:00Z,6.7,33.8,34.1,32.4,-0.3,0.3
6-24ч,2026-08-10T05:20:42Z,2026-08-10T13:00:00Z,7.7,34.1,34.1,32.7,0.0,0.0
6-24ч,2026-08-10T05:20:42Z,2026-08-10T14:00:00Z,8.7,33.7,34.6,33.2,-0.9,0.9
6-24ч,2026-08-10T05:20:42Z,2026-08-10T15:00:00Z,9.7,32.9,34.7,33.1,-1.8,1.8
6-24ч,2026-08-10T05:20:42Z,2026-08-10T16:00:00Z,10.7,31.9,34.0,32.2,-2.1,2.1
6-24ч,2026-08-10T05:20:42Z,2026-08-10T17:00:00Z,11.7,30.6,32.8,30.8,-2.2,2.2
6-24ч,2026-08-10T05:20:42Z,2026-08-10T18:00:00Z,12.7,29.4,31.8,29.7,-2.4,2.4
6-24ч,2026-08-10T05:20:42Z,2026-08-10T19:00:00Z,13.7,28.0,29.7,28.3,-1.7,1.7
6-24ч,2026-08-10T05:20:42Z,2026-08-10T20:00:00Z,14.7,26.1,29.3,27.3,-3.2,3.2
6-24ч,2026-08-10T05:20:42Z,2026-08-10T21:00:00Z,15.7,24.2,27.1,26.6,-2.9,2.9
6-24ч,2026-08-10T05:20:42Z,2026-08-10T22:00:00Z,16.7,22.3,26.6,24.9,-4.3,4.3
6-24ч,2026-08-10T05:20:42Z,2026-08-10T23:00:00Z,17.7,20.7,26.2,24.0,-5.5,5.5
6-24ч,2026-08-10T05:20:42Z,2026-08-11T00:00:00Z,18.7,19.8,25.5,23.3,-5.7,5.7
6-24ч,2026-08-10T05:20:42Z,2026-08-11T01:00:00Z,19.7,19.5,23.9,22.9,-4.4,4.4
6-24ч,2026-08-10T05:20:42Z,2026-08-11T02:00:00Z,20.7,19.6,23.2,23.1,-3.6,3.6
6-24ч,2026-08-10T05:20:42Z,2026-08-11T03:00:00Z,21.7,20.0,22.4,22.6,-2.4,2.4
6-24ч,2026-08-10T05:20:42Z,2026-08-11T04:00:00Z,22.7,20.7,22.2,21.3,-1.5,1.5
6-24ч,2026-08-10T05:20:42Z,2026-08-11T05:00:00Z,23.7,21.7,24.5,24.9,-2.8,2.8
6-24ч,2026-08-10T10:53:28Z,2026-08-10T17:00:00Z,6.1,30.6,32.8,30.8,-2.2,2.2
6-24ч,2026-08-10T10:53:28Z,2026-08-10T18:00:00Z,7.1,29.3,31.8,29.7,-2.5,2.5
6-24ч,2026-08-10T10:53:28Z,2026-08-10T19:00:00Z,8.1,27.8,29.7,28.3,-1.9,1.9
6-24ч,2026-08-10T10:53:28Z,2026-08-10T20:00:00Z,9.1,26.0,29.3,27.3,-3.3,3.3
6-24ч,2026-08-10T10:53:28Z,2026-08-10T21:00:00Z,10.1,24.0,27.1,26.6,-3.1,3.1
6-24ч,2026-08-10T10:53:28Z,2026-08-10T22:00:00Z,11.1,22.1,26.6,24.9,-4.5,4.5
6-24ч,2026-08-10T10:53:28Z,2026-08-10T23:00:00Z,12.1,20.6,26.2,24.0,-5.6,5.6
6-24ч,2026-08-10T10:53:28Z,2026-08-11T00:00:00Z,13.1,19.6,25.5,23.3,-5.9,5.9
6-24ч,2026-08-10T10:53:28Z,2026-08-11T01:00:00Z,14.1,19.3,23.9,22.9,-4.6,4.6
6-24ч,2026-08-10T10:53:28Z,2026-08-11T02:00:00Z,15.1,19.3,23.2,23.1,-3.9,3.9
6-24ч,2026-08-10T10:53:28Z,2026-08-11T03:00:00Z,16.1,19.8,22.4,22.6,-2.6,2.6
6-24ч,2026-08-10T10:53:28Z,2026-08-11T04:00:00Z,17.1,20.5,22.2,21.3,-1.7,1.7
6-24ч,2026-08-10T10:53:28Z,2026-08-11T05:00:00Z,18.1,21.5,24.5,24.9,-3.0,3.0
6-24ч,2026-08-10T10:53:28Z,2026-08-11T06:00:00Z,19.1,22.8,26.8,26.2,-4.0,4.0
6-24ч,2026-08-10T10:53:28Z,2026-08-11T07:00:00Z,20.1,24.6,29.0,28.3,-4.4,4.4
6-24ч,2026-08-10T10:53:28Z,2026-08-11T08:00:00Z,21.1,27.1,30.6,30.6,-3.5,3.5
6-24ч,2026-08-10T10:53:28Z,2026-08-11T09:00:00Z,22.1,29.9,32.0,32.5,-2.1,2.1
6-24ч,2026-08-10T10:53:28Z,2026-08-11T10:00:00Z,23.1,32.5,34.7,32.7,-2.2,2.2
6-24ч,2026-08-10T16:52:05Z,2026-08-10T23:00:00Z,6.1,20.4,26.2,24.0,-5.8,5.8
6-24ч,2026-08-10T16:52:05Z,2026-08-11T00:00:00Z,7.1,19.5,25.5,23.3,-6.0,6.0
6-24ч,2026-08-10T16:52:05Z,2026-08-11T01:00:00Z,8.1,19.1,23.9,22.9,-4.8,4.8
6-24ч,2026-08-10T16:52:05Z,2026-08-11T02:00:00Z,9.1,19.2,23.2,23.1,-4.0,4.0
6-24ч,2026-08-10T16:52:05Z,2026-08-11T03:00:00Z,10.1,19.6,22.4,22.6,-2.8,2.8
6-24ч,2026-08-10T16:52:05Z,2026-08-11T04:00:00Z,11.1,20.3,22.2,21.3,-1.9,1.9
6-24ч,2026-08-10T16:52:05Z,2026-08-11T05:00:00Z,12.1,21.3,24.5,24.9,-3.2,3.2
6-24ч,2026-08-10T16:52:05Z,2026-08-11T06:00:00Z,13.1,22.6,26.8,26.2,-4.2,4.2
6-24ч,2026-08-10T16:52:05Z,2026-08-11T07:00:00Z,14.1,24.5,29.0,28.3,-4.5,4.5
6-24ч,2026-08-10T16:52:05Z,2026-08-11T08:00:00Z,15.1,27.0,30.6,30.6,-3.6,3.6
6-24ч,2026-08-10T16:52:05Z,2026-08-11T09:00:00Z,16.1,29.9,32.0,32.5,-2.1,2.1
6-24ч,2026-08-10T16:52:05Z,2026-08-11T10:00:00Z,17.1,32.6,34.7,32.7,-2.1,2.1
6-24ч,2026-08-10T22:47:13Z,2026-08-11T05:00:00Z,6.2,21.5,24.5,24.9,-3.0,3.0
6-24ч,2026-08-10T22:47:13Z,2026-08-11T06:00:00Z,7.2,22.7,26.8,26.2,-4.1,4.1
6-24ч,2026-08-10T22:47:13Z,2026-08-11T07:00:00Z,8.2,24.6,29.0,28.3,-4.4,4.4
6-24ч,2026-08-10T22:47:13Z,2026-08-11T08:00:00Z,9.2,27.2,30.6,30.6,-3.4,3.4
6-24ч,2026-08-10T22:47:13Z,2026-08-11T09:00:00Z,10.2,30.1,32.0,32.5,-1.9,1.9
6-24ч,2026-08-10T22:47:13Z,2026-08-11T10:00:00Z,11.2,32.8,34.7,32.7,-1.9,1.9
1-2 дня,2026-08-06T09:50:07Z,2026-08-07T10:00:00Z,24.2,32.5,35.0,37.2,-2.5,2.5
1-2 дня,2026-08-06T09:50:07Z,2026-08-07T11:00:00Z,25.2,34.1,35.9,37.6,-1.8,1.8
1-2 дня,2026-08-06T09:50:07Z,2026-08-07T12:00:00Z,26.2,34.9,36.6,37.5,-1.7,1.7
1-2 дня,2026-08-06T09:50:07Z,2026-08-07T13:00:00Z,27.2,34.9,36.9,38.3,-2.0,2.0
1-2 дня,2026-08-06T09:50:07Z,2026-08-07T14:00:00Z,28.2,34.2,37.2,38.0,-3.0,3.0
1-2 дня,2026-08-06T09:50:07Z,2026-08-07T15:00:00Z,29.2,33.0,36.4,36.8,-3.4,3.4
1-2 дня,2026-08-06T09:50:07Z,2026-08-07T16:00:00Z,30.2,31.7,34.4,30.8,-2.7,2.7
1-2 дня,2026-08-06T09:50:07Z,2026-08-07T17:00:00Z,31.2,30.3,34.2,31.2,-3.9,3.9
1-2 дня,2026-08-06T09:50:07Z,2026-08-07T18:00:00Z,32.2,29.1,32.0,30.4,-2.9,2.9
1-2 дня,2026-08-06T09:50:07Z,2026-08-07T19:00:00Z,33.2,28.0,29.3,28.6,-1.3,1.3
1-2 дня,2026-08-06T09:50:07Z,2026-08-07T20:00:00Z,34.2,26.8,28.2,28.8,-1.4,1.4
1-2 дня,2026-08-06T09:50:07Z,2026-08-07T21:00:00Z,35.2,25.6,27.2,27.6,-1.6,1.6
1-2 дня,2026-08-06T09:50:07Z,2026-08-07T22:00:00Z,36.2,24.4,27.1,27.1,-2.7,2.7
1-2 дня,2026-08-06T09:50:07Z,2026-08-07T23:00:00Z,37.2,23.4,25.7,26.3,-2.3,2.3
1-2 дня,2026-08-06T09:50:07Z,2026-08-08T00:00:00Z,38.2,22.8,25.6,25.6,-2.8,2.8
1-2 дня,2026-08-06T09:50:07Z,2026-08-08T01:00:00Z,39.2,22.4,25.1,25.3,-2.7,2.7
1-2 дня,2026-08-06T09:50:07Z,2026-08-08T02:00:00Z,40.2,22.1,23.0,24.8,-0.9,0.9
1-2 дня,2026-08-06T09:50:07Z,2026-08-08T03:00:00Z,41.2,22.1,21.4,24.6,0.7,0.7
1-2 дня,2026-08-06T09:50:07Z,2026-08-08T04:00:00Z,42.2,22.2,21.2,24.9,1.0,1.0
1-2 дня,2026-08-06T09:50:07Z,2026-08-08T05:00:00Z,43.2,22.6,21.7,26.1,0.9,0.9
1-2 дня,2026-08-06T09:50:07Z,2026-08-08T06:00:00Z,44.2,23.2,22.6,27.0,0.6,0.6
1-2 дня,2026-08-06T09:50:07Z,2026-08-08T07:00:00Z,45.2,24.4,24.4,28.0,0.0,0.0
1-2 дня,2026-08-06T09:50:07Z,2026-08-08T08:00:00Z,46.2,26.0,25.6,30.5,0.4,0.4
1-2 дня,2026-08-06T09:50:07Z,2026-08-08T09:00:00Z,47.2,27.9,28.1,33.0,-0.2,0.2
1-2 дня,2026-08-06T09:59:18Z,2026-08-07T10:00:00Z,24.0,32.5,35.0,37.2,-2.5,2.5
1-2 дня,2026-08-06T09:59:18Z,2026-08-07T11:00:00Z,25.0,34.1,35.9,37.6,-1.8,1.8
1-2 дня,2026-08-06T09:59:18Z,2026-08-07T12:00:00Z,26.0,34.9,36.6,37.5,-1.7,1.7
1-2 дня,2026-08-06T09:59:18Z,2026-08-07T13:00:00Z,27.0,34.9,36.9,38.3,-2.0,2.0
1-2 дня,2026-08-06T09:59:18Z,2026-08-07T14:00:00Z,28.0,34.2,37.2,38.0,-3.0,3.0
1-2 дня,2026-08-06T09:59:18Z,2026-08-07T15:00:00Z,29.0,33.0,36.4,36.8,-3.4,3.4
1-2 дня,2026-08-06T09:59:18Z,2026-08-07T16:00:00Z,30.0,31.7,34.4,30.8,-2.7,2.7
1-2 дня,2026-08-06T09:59:18Z,2026-08-07T17:00:00Z,31.0,30.3,34.2,31.2,-3.9,3.9
1-2 дня,2026-08-06T09:59:18Z,2026-08-07T18:00:00Z,32.0,29.1,32.0,30.4,-2.9,2.9
1-2 дня,2026-08-06T09:59:18Z,2026-08-07T19:00:00Z,33.0,28.0,29.3,28.6,-1.3,1.3
1-2 дня,2026-08-06T09:59:18Z,2026-08-07T20:00:00Z,34.0,26.8,28.2,28.8,-1.4,1.4
1-2 дня,2026-08-06T09:59:18Z,2026-08-07T21:00:00Z,35.0,25.6,27.2,27.6,-1.6,1.6
1-2 дня,2026-08-06T09:59:18Z,2026-08-07T22:00:00Z,36.0,24.4,27.1,27.1,-2.7,2.7
1-2 дня,2026-08-06T09:59:18Z,2026-08-07T23:00:00Z,37.0,23.4,25.7,26.3,-2.3,2.3
1-2 дня,2026-08-06T09:59:18Z,2026-08-08T00:00:00Z,38.0,22.8,25.6,25.6,-2.8,2.8
1-2 дня,2026-08-06T09:59:18Z,2026-08-08T01:00:00Z,39.0,22.4,25.1,25.3,-2.7,2.7
1-2 дня,2026-08-06T09:59:18Z,2026-08-08T02:00:00Z,40.0,22.1,23.0,24.8,-0.9,0.9
1-2 дня,2026-08-06T09:59:18Z,2026-08-08T03:00:00Z,41.0,22.1,21.4,24.6,0.7,0.7
1-2 дня,2026-08-06T09:59:18Z,2026-08-08T04:00:00Z,42.0,22.2,21.2,24.9,1.0,1.0
1-2 дня,2026-08-06T09:59:18Z,2026-08-08T05:00:00Z,43.0,22.6,21.7,26.1,0.9,0.9
1-2 дня,2026-08-06T09:59:18Z,2026-08-08T06:00:00Z,44.0,23.2,22.6,27.0,0.6,0.6
1-2 дня,2026-08-06T09:59:18Z,2026-08-08T07:00:00Z,45.0,24.4,24.4,28.0,0.0,0.0
1-2 дня,2026-08-06T09:59:18Z,2026-08-08T08:00:00Z,46.0,26.0,25.6,30.5,0.4,0.4
1-2 дня,2026-08-06T09:59:18Z,2026-08-08T09:00:00Z,47.0,27.9,28.1,33.0,-0.2,0.2
1-2 дня,2026-08-06T10:08:26Z,2026-08-07T11:00:00Z,24.9,34.1,35.9,37.6,-1.8,1.8
1-2 дня,2026-08-06T10:08:26Z,2026-08-07T12:00:00Z,25.9,34.9,36.6,37.5,-1.7,1.7
1-2 дня,2026-08-06T10:08:26Z,2026-08-07T13:00:00Z,26.9,34.9,36.9,38.3,-2.0,2.0
1-2 дня,2026-08-06T10:08:26Z,2026-08-07T14:00:00Z,27.9,34.2,37.2,38.0,-3.0,3.0
1-2 дня,2026-08-06T10:08:26Z,2026-08-07T15:00:00Z,28.9,33.0,36.4,36.8,-3.4,3.4
1-2 дня,2026-08-06T10:08:26Z,2026-08-07T16:00:00Z,29.9,31.7,34.4,30.8,-2.7,2.7
1-2 дня,2026-08-06T10:08:26Z,2026-08-07T17:00:00Z,30.9,30.3,34.2,31.2,-3.9,3.9
1-2 дня,2026-08-06T10:08:26Z,2026-08-07T18:00:00Z,31.9,29.1,32.0,30.4,-2.9,2.9
1-2 дня,2026-08-06T10:08:26Z,2026-08-07T19:00:00Z,32.9,28.0,29.3,28.6,-1.3,1.3
1-2 дня,2026-08-06T10:08:26Z,2026-08-07T20:00:00Z,33.9,26.8,28.2,28.8,-1.4,1.4
1-2 дня,2026-08-06T10:08:26Z,2026-08-07T21:00:00Z,34.9,25.6,27.2,27.6,-1.6,1.6
1-2 дня,2026-08-06T10:08:26Z,2026-08-07T22:00:00Z,35.9,24.4,27.1,27.1,-2.7,2.7
1-2 дня,2026-08-06T10:08:26Z,2026-08-07T23:00:00Z,36.9,23.4,25.7,26.3,-2.3,2.3
1-2 дня,2026-08-06T10:08:26Z,2026-08-08T00:00:00Z,37.9,22.8,25.6,25.6,-2.8,2.8
1-2 дня,2026-08-06T10:08:26Z,2026-08-08T01:00:00Z,38.9,22.4,25.1,25.3,-2.7,2.7
1-2 дня,2026-08-06T10:08:26Z,2026-08-08T02:00:00Z,39.9,22.1,23.0,24.8,-0.9,0.9
1-2 дня,2026-08-06T10:08:26Z,2026-08-08T03:00:00Z,40.9,22.1,21.4,24.6,0.7,0.7
1-2 дня,2026-08-06T10:08:26Z,2026-08-08T04:00:00Z,41.9,22.2,21.2,24.9,1.0,1.0
1-2 дня,2026-08-06T10:08:26Z,2026-08-08T05:00:00Z,42.9,22.6,21.7,26.1,0.9,0.9
1-2 дня,2026-08-06T10:08:26Z,2026-08-08T06:00:00Z,43.9,23.2,22.6,27.0,0.6,0.6
1-2 дня,2026-08-06T10:08:26Z,2026-08-08T07:00:00Z,44.9,24.4,24.4,28.0,0.0,0.0
1-2 дня,2026-08-06T10:08:26Z,2026-08-08T08:00:00Z,45.9,26.0,25.6,30.5,0.4,0.4
1-2 дня,2026-08-06T10:08:26Z,2026-08-08T09:00:00Z,46.9,27.9,28.1,33.0,-0.2,0.2
1-2 дня,2026-08-06T10:08:26Z,2026-08-08T10:00:00Z,47.9,29.7,29.7,35.0,0.0,0.0
1-2 дня,2026-08-06T10:47:54Z,2026-08-07T11:00:00Z,24.2,34.1,35.9,37.6,-1.8,1.8
1-2 дня,2026-08-06T10:47:54Z,2026-08-07T12:00:00Z,25.2,34.9,36.6,37.5,-1.7,1.7
1-2 дня,2026-08-06T10:47:54Z,2026-08-07T13:00:00Z,26.2,34.9,36.9,38.3,-2.0,2.0
1-2 дня,2026-08-06T10:47:54Z,2026-08-07T14:00:00Z,27.2,34.2,37.2,38.0,-3.0,3.0
1-2 дня,2026-08-06T10:47:54Z,2026-08-07T15:00:00Z,28.2,33.0,36.4,36.8,-3.4,3.4
1-2 дня,2026-08-06T10:47:54Z,2026-08-07T16:00:00Z,29.2,31.7,34.4,30.8,-2.7,2.7
1-2 дня,2026-08-06T10:47:54Z,2026-08-07T17:00:00Z,30.2,30.3,34.2,31.2,-3.9,3.9
1-2 дня,2026-08-06T10:47:54Z,2026-08-07T18:00:00Z,31.2,29.1,32.0,30.4,-2.9,2.9
1-2 дня,2026-08-06T10:47:54Z,2026-08-07T19:00:00Z,32.2,28.0,29.3,28.6,-1.3,1.3
1-2 дня,2026-08-06T10:47:54Z,2026-08-07T20:00:00Z,33.2,26.8,28.2,28.8,-1.4,1.4
1-2 дня,2026-08-06T10:47:54Z,2026-08-07T21:00:00Z,34.2,25.6,27.2,27.6,-1.6,1.6
1-2 дня,2026-08-06T10:47:54Z,2026-08-07T22:00:00Z,35.2,24.4,27.1,27.1,-2.7,2.7
1-2 дня,2026-08-06T10:47:54Z,2026-08-07T23:00:00Z,36.2,23.4,25.7,26.3,-2.3,2.3
1-2 дня,2026-08-06T10:47:54Z,2026-08-08T00:00:00Z,37.2,22.8,25.6,25.6,-2.8,2.8
1-2 дня,2026-08-06T10:47:54Z,2026-08-08T01:00:00Z,38.2,22.4,25.1,25.3,-2.7,2.7
1-2 дня,2026-08-06T10:47:54Z,2026-08-08T02:00:00Z,39.2,22.1,23.0,24.8,-0.9,0.9
1-2 дня,2026-08-06T10:47:54Z,2026-08-08T03:00:00Z,40.2,22.1,21.4,24.6,0.7,0.7
1-2 дня,2026-08-06T10:47:54Z,2026-08-08T04:00:00Z,41.2,22.2,21.2,24.9,1.0,1.0
1-2 дня,2026-08-06T10:47:54Z,2026-08-08T05:00:00Z,42.2,22.6,21.7,26.1,0.9,0.9
1-2 дня,2026-08-06T10:47:54Z,2026-08-08T06:00:00Z,43.2,23.2,22.6,27.0,0.6,0.6
1-2 дня,2026-08-06T10:47:54Z,2026-08-08T07:00:00Z,44.2,24.4,24.4,28.0,0.0,0.0
1-2 дня,2026-08-06T10:47:54Z,2026-08-08T08:00:00Z,45.2,26.0,25.6,30.5,0.4,0.4
1-2 дня,2026-08-06T10:47:54Z,2026-08-08T09:00:00Z,46.2,27.9,28.1,33.0,-0.2,0.2
1-2 дня,2026-08-06T10:47:54Z,2026-08-08T10:00:00Z,47.2,29.7,29.7,35.0,0.0,0.0
1-2 дня,2026-08-06T11:30:42Z,2026-08-07T12:00:00Z,24.5,34.9,36.6,37.5,-1.7,1.7
1-2 дня,2026-08-06T11:30:42Z,2026-08-07T13:00:00Z,25.5,34.9,36.9,38.3,-2.0,2.0
1-2 дня,2026-08-06T11:30:42Z,2026-08-07T14:00:00Z,26.5,34.2,37.2,38.0,-3.0,3.0
1-2 дня,2026-08-06T11:30:42Z,2026-08-07T15:00:00Z,27.5,33.0,36.4,36.8,-3.4,3.4
1-2 дня,2026-08-06T11:30:42Z,2026-08-07T16:00:00Z,28.5,31.7,34.4,30.8,-2.7,2.7
1-2 дня,2026-08-06T11:30:42Z,2026-08-07T17:00:00Z,29.5,30.3,34.2,31.2,-3.9,3.9
1-2 дня,2026-08-06T11:30:42Z,2026-08-07T18:00:00Z,30.5,29.1,32.0,30.4,-2.9,2.9
1-2 дня,2026-08-06T11:30:42Z,2026-08-07T19:00:00Z,31.5,28.0,29.3,28.6,-1.3,1.3
1-2 дня,2026-08-06T11:30:42Z,2026-08-07T20:00:00Z,32.5,26.8,28.2,28.8,-1.4,1.4
1-2 дня,2026-08-06T11:30:42Z,2026-08-07T21:00:00Z,33.5,25.6,27.2,27.6,-1.6,1.6
1-2 дня,2026-08-06T11:30:42Z,2026-08-07T22:00:00Z,34.5,24.4,27.1,27.1,-2.7,2.7
1-2 дня,2026-08-06T11:30:42Z,2026-08-07T23:00:00Z,35.5,23.4,25.7,26.3,-2.3,2.3
1-2 дня,2026-08-06T11:30:42Z,2026-08-08T00:00:00Z,36.5,22.8,25.6,25.6,-2.8,2.8
1-2 дня,2026-08-06T11:30:42Z,2026-08-08T01:00:00Z,37.5,22.4,25.1,25.3,-2.7,2.7
1-2 дня,2026-08-06T11:30:42Z,2026-08-08T02:00:00Z,38.5,22.1,23.0,24.8,-0.9,0.9
1-2 дня,2026-08-06T11:30:42Z,2026-08-08T03:00:00Z,39.5,22.1,21.4,24.6,0.7,0.7
1-2 дня,2026-08-06T11:30:42Z,2026-08-08T04:00:00Z,40.5,22.2,21.2,24.9,1.0,1.0
1-2 дня,2026-08-06T11:30:42Z,2026-08-08T05:00:00Z,41.5,22.6,21.7,26.1,0.9,0.9
1-2 дня,2026-08-06T11:30:42Z,2026-08-08T06:00:00Z,42.5,23.2,22.6,27.0,0.6,0.6
1-2 дня,2026-08-06T11:30:42Z,2026-08-08T07:00:00Z,43.5,24.4,24.4,28.0,0.0,0.0
1-2 дня,2026-08-06T11:30:42Z,2026-08-08T08:00:00Z,44.5,26.0,25.6,30.5,0.4,0.4
1-2 дня,2026-08-06T11:30:42Z,2026-08-08T09:00:00Z,45.5,27.9,28.1,33.0,-0.2,0.2
1-2 дня,2026-08-06T11:30:42Z,2026-08-08T10:00:00Z,46.5,29.7,29.7,35.0,0.0,0.0
1-2 дня,2026-08-06T11:30:42Z,2026-08-08T11:00:00Z,47.5,31.2,30.9,35.9,0.3,0.3
1-2 дня,2026-08-06T11:36:01Z,2026-08-07T12:00:00Z,24.4,34.9,36.6,37.5,-1.7,1.7
1-2 дня,2026-08-06T11:36:01Z,2026-08-07T13:00:00Z,25.4,34.9,36.9,38.3,-2.0,2.0
1-2 дня,2026-08-06T11:36:01Z,2026-08-07T14:00:00Z,26.4,34.2,37.2,38.0,-3.0,3.0
1-2 дня,2026-08-06T11:36:01Z,2026-08-07T15:00:00Z,27.4,33.0,36.4,36.8,-3.4,3.4
1-2 дня,2026-08-06T11:36:01Z,2026-08-07T16:00:00Z,28.4,31.7,34.4,30.8,-2.7,2.7
1-2 дня,2026-08-06T11:36:01Z,2026-08-07T17:00:00Z,29.4,30.3,34.2,31.2,-3.9,3.9
1-2 дня,2026-08-06T11:36:01Z,2026-08-07T18:00:00Z,30.4,29.1,32.0,30.4,-2.9,2.9
1-2 дня,2026-08-06T11:36:01Z,2026-08-07T19:00:00Z,31.4,28.0,29.3,28.6,-1.3,1.3
1-2 дня,2026-08-06T11:36:01Z,2026-08-07T20:00:00Z,32.4,26.8,28.2,28.8,-1.4,1.4
1-2 дня,2026-08-06T11:36:01Z,2026-08-07T21:00:00Z,33.4,25.6,27.2,27.6,-1.6,1.6
1-2 дня,2026-08-06T11:36:01Z,2026-08-07T22:00:00Z,34.4,24.4,27.1,27.1,-2.7,2.7
1-2 дня,2026-08-06T11:36:01Z,2026-08-07T23:00:00Z,35.4,23.4,25.7,26.3,-2.3,2.3
1-2 дня,2026-08-06T11:36:01Z,2026-08-08T00:00:00Z,36.4,22.8,25.6,25.6,-2.8,2.8
1-2 дня,2026-08-06T11:36:01Z,2026-08-08T01:00:00Z,37.4,22.4,25.1,25.3,-2.7,2.7
1-2 дня,2026-08-06T11:36:01Z,2026-08-08T02:00:00Z,38.4,22.1,23.0,24.8,-0.9,0.9
1-2 дня,2026-08-06T11:36:01Z,2026-08-08T03:00:00Z,39.4,22.1,21.4,24.6,0.7,0.7
1-2 дня,2026-08-06T11:36:01Z,2026-08-08T04:00:00Z,40.4,22.2,21.2,24.9,1.0,1.0
1-2 дня,2026-08-06T11:36:01Z,2026-08-08T05:00:00Z,41.4,22.6,21.7,26.1,0.9,0.9
1-2 дня,2026-08-06T11:36:01Z,2026-08-08T06:00:00Z,42.4,23.2,22.6,27.0,0.6,0.6
1-2 дня,2026-08-06T11:36:01Z,2026-08-08T07:00:00Z,43.4,24.4,24.4,28.0,0.0,0.0
1-2 дня,2026-08-06T11:36:01Z,2026-08-08T08:00:00Z,44.4,26.0,25.6,30.5,0.4,0.4
1-2 дня,2026-08-06T11:36:01Z,2026-08-08T09:00:00Z,45.4,27.9,28.1,33.0,-0.2,0.2
1-2 дня,2026-08-06T11:36:01Z,2026-08-08T10:00:00Z,46.4,29.7,29.7,35.0,0.0,0.0
1-2 дня,2026-08-06T11:36:01Z,2026-08-08T11:00:00Z,47.4,31.2,30.9,35.9,0.3,0.3
1-2 дня,2026-08-06T11:44:08Z,2026-08-07T12:00:00Z,24.3,35.0,36.6,37.5,-1.6,1.6
1-2 дня,2026-08-06T11:44:08Z,2026-08-07T13:00:00Z,25.3,35.0,36.9,38.3,-1.9,1.9
1-2 дня,2026-08-06T11:44:08Z,2026-08-07T14:00:00Z,26.3,34.3,37.2,38.0,-2.9,2.9
1-2 дня,2026-08-06T11:44:08Z,2026-08-07T15:00:00Z,27.3,33.2,36.4,36.8,-3.2,3.2
1-2 дня,2026-08-06T11:44:08Z,2026-08-07T16:00:00Z,28.3,31.8,34.4,30.8,-2.6,2.6
1-2 дня,2026-08-06T11:44:08Z,2026-08-07T17:00:00Z,29.3,30.5,34.2,31.2,-3.7,3.7
1-2 дня,2026-08-06T11:44:08Z,2026-08-07T18:00:00Z,30.3,29.3,32.0,30.4,-2.7,2.7
1-2 дня,2026-08-06T11:44:08Z,2026-08-07T19:00:00Z,31.3,28.2,29.3,28.6,-1.1,1.1
1-2 дня,2026-08-06T11:44:08Z,2026-08-07T20:00:00Z,32.3,27.0,28.2,28.8,-1.2,1.2
1-2 дня,2026-08-06T11:44:08Z,2026-08-07T21:00:00Z,33.3,25.7,27.2,27.6,-1.5,1.5
1-2 дня,2026-08-06T11:44:08Z,2026-08-07T22:00:00Z,34.3,24.6,27.1,27.1,-2.5,2.5
1-2 дня,2026-08-06T11:44:08Z,2026-08-07T23:00:00Z,35.3,23.6,25.7,26.3,-2.1,2.1
1-2 дня,2026-08-06T11:44:08Z,2026-08-08T00:00:00Z,36.3,22.9,25.6,25.6,-2.7,2.7
1-2 дня,2026-08-06T11:44:08Z,2026-08-08T01:00:00Z,37.3,22.5,25.1,25.3,-2.6,2.6
1-2 дня,2026-08-06T11:44:08Z,2026-08-08T02:00:00Z,38.3,22.3,23.0,24.8,-0.7,0.7
1-2 дня,2026-08-06T11:44:08Z,2026-08-08T03:00:00Z,39.3,22.2,21.4,24.6,0.8,0.8
1-2 дня,2026-08-06T11:44:08Z,2026-08-08T04:00:00Z,40.3,22.4,21.2,24.9,1.2,1.2
1-2 дня,2026-08-06T11:44:08Z,2026-08-08T05:00:00Z,41.3,22.7,21.7,26.1,1.0,1.0
1-2 дня,2026-08-06T11:44:08Z,2026-08-08T06:00:00Z,42.3,23.4,22.6,27.0,0.8,0.8
1-2 дня,2026-08-06T11:44:08Z,2026-08-08T07:00:00Z,43.3,24.5,24.4,28.0,0.1,0.1
1-2 дня,2026-08-06T11:44:08Z,2026-08-08T08:00:00Z,44.3,26.1,25.6,30.5,0.5,0.5
1-2 дня,2026-08-06T11:44:08Z,2026-08-08T09:00:00Z,45.3,28.0,28.1,33.0,-0.1,0.1
1-2 дня,2026-08-06T11:44:08Z,2026-08-08T10:00:00Z,46.3,29.8,29.7,35.0,0.1,0.1
1-2 дня,2026-08-06T11:44:08Z,2026-08-08T11:00:00Z,47.3,31.3,30.9,35.9,0.4,0.4
1-2 дня,2026-08-07T01:31:32Z,2026-08-08T02:00:00Z,24.5,22.3,23.0,24.8,-0.7,0.7
1-2 дня,2026-08-07T01:31:32Z,2026-08-08T03:00:00Z,25.5,22.3,21.4,24.6,0.9,0.9
1-2 дня,2026-08-07T01:31:32Z,2026-08-08T04:00:00Z,26.5,22.5,21.2,24.9,1.3,1.3
1-2 дня,2026-08-07T01:31:32Z,2026-08-08T05:00:00Z,27.5,22.9,21.7,26.1,1.2,1.2
1-2 дня,2026-08-07T01:31:32Z,2026-08-08T06:00:00Z,28.5,23.5,22.6,27.0,0.9,0.9
1-2 дня,2026-08-07T01:31:32Z,2026-08-08T07:00:00Z,29.5,24.6,24.4,28.0,0.2,0.2
1-2 дня,2026-08-07T01:31:32Z,2026-08-08T08:00:00Z,30.5,26.2,25.6,30.5,0.6,0.6
1-2 дня,2026-08-07T01:31:32Z,2026-08-08T09:00:00Z,31.5,28.0,28.1,33.0,-0.1,0.1
1-2 дня,2026-08-07T01:31:32Z,2026-08-08T10:00:00Z,32.5,29.8,29.7,35.0,0.1,0.1
1-2 дня,2026-08-07T01:31:32Z,2026-08-08T11:00:00Z,33.5,31.2,30.9,35.9,0.3,0.3
1-2 дня,2026-08-07T01:31:32Z,2026-08-08T12:00:00Z,34.5,32.0,31.4,36.6,0.6,0.6
1-2 дня,2026-08-07T01:31:32Z,2026-08-08T13:00:00Z,35.5,32.2,32.0,36.9,0.2,0.2
1-2 дня,2026-08-07T01:31:32Z,2026-08-08T14:00:00Z,36.5,31.9,31.3,37.2,0.6,0.6
1-2 дня,2026-08-07T01:31:32Z,2026-08-08T15:00:00Z,37.5,31.4,32.0,36.4,-0.6,0.6
1-2 дня,2026-08-07T01:31:32Z,2026-08-08T16:00:00Z,38.5,30.6,31.3,34.4,-0.7,0.7
1-2 дня,2026-08-07T01:31:32Z,2026-08-08T17:00:00Z,39.5,29.6,30.0,34.2,-0.4,0.4
1-2 дня,2026-08-07T01:31:32Z,2026-08-08T18:00:00Z,40.5,28.7,29.2,32.0,-0.5,0.5
1-2 дня,2026-08-07T01:31:32Z,2026-08-08T19:00:00Z,41.5,27.7,28.4,29.3,-0.7,0.7
1-2 дня,2026-08-07T01:31:32Z,2026-08-08T20:00:00Z,42.5,26.3,27.6,28.2,-1.3,1.3
1-2 дня,2026-08-07T01:31:32Z,2026-08-08T21:00:00Z,43.5,24.8,26.6,27.2,-1.8,1.8
1-2 дня,2026-08-07T01:31:32Z,2026-08-08T22:00:00Z,44.5,23.4,25.4,27.1,-2.0,2.0
1-2 дня,2026-08-07T01:31:32Z,2026-08-08T23:00:00Z,45.5,22.3,24.9,25.7,-2.6,2.6
1-2 дня,2026-08-07T01:31:32Z,2026-08-09T00:00:00Z,46.5,21.5,24.2,25.6,-2.7,2.7
1-2 дня,2026-08-07T01:31:32Z,2026-08-09T01:00:00Z,47.5,21.1,23.8,25.1,-2.7,2.7
1-2 дня,2026-08-07T05:36:00Z,2026-08-08T06:00:00Z,24.4,23.5,22.6,27.0,0.9,0.9
1-2 дня,2026-08-07T05:36:00Z,2026-08-08T07:00:00Z,25.4,24.6,24.4,28.0,0.2,0.2
1-2 дня,2026-08-07T05:36:00Z,2026-08-08T08:00:00Z,26.4,26.2,25.6,30.5,0.6,0.6
1-2 дня,2026-08-07T05:36:00Z,2026-08-08T09:00:00Z,27.4,28.0,28.1,33.0,-0.1,0.1
1-2 дня,2026-08-07T05:36:00Z,2026-08-08T10:00:00Z,28.4,29.8,29.7,35.0,0.1,0.1
1-2 дня,2026-08-07T05:36:00Z,2026-08-08T11:00:00Z,29.4,31.2,30.9,35.9,0.3,0.3
1-2 дня,2026-08-07T05:36:00Z,2026-08-08T12:00:00Z,30.4,32.0,31.4,36.6,0.6,0.6
1-2 дня,2026-08-07T05:36:00Z,2026-08-08T13:00:00Z,31.4,32.2,32.0,36.9,0.2,0.2
1-2 дня,2026-08-07T05:36:00Z,2026-08-08T14:00:00Z,32.4,31.9,31.3,37.2,0.6,0.6
1-2 дня,2026-08-07T05:36:00Z,2026-08-08T15:00:00Z,33.4,31.4,32.0,36.4,-0.6,0.6
1-2 дня,2026-08-07T05:36:00Z,2026-08-08T16:00:00Z,34.4,30.6,31.3,34.4,-0.7,0.7
1-2 дня,2026-08-07T05:36:00Z,2026-08-08T17:00:00Z,35.4,29.6,30.0,34.2,-0.4,0.4
1-2 дня,2026-08-07T05:36:00Z,2026-08-08T18:00:00Z,36.4,28.7,29.2,32.0,-0.5,0.5
1-2 дня,2026-08-07T05:36:00Z,2026-08-08T19:00:00Z,37.4,27.7,28.4,29.3,-0.7,0.7
1-2 дня,2026-08-07T05:36:00Z,2026-08-08T20:00:00Z,38.4,26.3,27.6,28.2,-1.3,1.3
1-2 дня,2026-08-07T05:36:00Z,2026-08-08T21:00:00Z,39.4,24.8,26.6,27.2,-1.8,1.8
1-2 дня,2026-08-07T05:36:00Z,2026-08-08T22:00:00Z,40.4,23.4,25.4,27.1,-2.0,2.0
1-2 дня,2026-08-07T05:36:00Z,2026-08-08T23:00:00Z,41.4,22.3,24.9,25.7,-2.6,2.6
1-2 дня,2026-08-07T05:36:00Z,2026-08-09T00:00:00Z,42.4,21.5,24.2,25.6,-2.7,2.7
1-2 дня,2026-08-07T05:36:00Z,2026-08-09T01:00:00Z,43.4,21.1,23.8,25.1,-2.7,2.7
1-2 дня,2026-08-07T05:36:00Z,2026-08-09T02:00:00Z,44.4,20.9,22.8,23.0,-1.9,1.9
1-2 дня,2026-08-07T05:36:00Z,2026-08-09T03:00:00Z,45.4,20.9,21.3,21.4,-0.4,0.4
1-2 дня,2026-08-07T05:36:00Z,2026-08-09T04:00:00Z,46.4,21.2,20.7,21.2,0.5,0.5
1-2 дня,2026-08-07T05:36:00Z,2026-08-09T05:00:00Z,47.4,21.7,21.8,21.7,-0.1,0.1
1-2 дня,2026-08-07T06:18:59Z,2026-08-08T07:00:00Z,24.7,24.5,24.4,28.0,0.1,0.1
1-2 дня,2026-08-07T06:18:59Z,2026-08-08T08:00:00Z,25.7,26.2,25.6,30.5,0.6,0.6
1-2 дня,2026-08-07T06:18:59Z,2026-08-08T09:00:00Z,26.7,28.0,28.1,33.0,-0.1,0.1
1-2 дня,2026-08-07T06:18:59Z,2026-08-08T10:00:00Z,27.7,29.8,29.7,35.0,0.1,0.1
1-2 дня,2026-08-07T06:18:59Z,2026-08-08T11:00:00Z,28.7,31.2,30.9,35.9,0.3,0.3
1-2 дня,2026-08-07T06:18:59Z,2026-08-08T12:00:00Z,29.7,32.1,31.4,36.6,0.7,0.7
1-2 дня,2026-08-07T06:18:59Z,2026-08-08T13:00:00Z,30.7,32.2,32.0,36.9,0.2,0.2
1-2 дня,2026-08-07T06:18:59Z,2026-08-08T14:00:00Z,31.7,32.0,31.3,37.2,0.7,0.7
1-2 дня,2026-08-07T06:18:59Z,2026-08-08T15:00:00Z,32.7,31.3,32.0,36.4,-0.7,0.7
1-2 дня,2026-08-07T06:18:59Z,2026-08-08T16:00:00Z,33.7,30.5,31.3,34.4,-0.8,0.8
1-2 дня,2026-08-07T06:18:59Z,2026-08-08T17:00:00Z,34.7,29.6,30.0,34.2,-0.4,0.4
1-2 дня,2026-08-07T06:18:59Z,2026-08-08T18:00:00Z,35.7,28.6,29.2,32.0,-0.6,0.6
1-2 дня,2026-08-07T06:18:59Z,2026-08-08T19:00:00Z,36.7,27.5,28.4,29.3,-0.9,0.9
1-2 дня,2026-08-07T06:18:59Z,2026-08-08T20:00:00Z,37.7,26.2,27.6,28.2,-1.4,1.4
1-2 дня,2026-08-07T06:18:59Z,2026-08-08T21:00:00Z,38.7,24.7,26.6,27.2,-1.9,1.9
1-2 дня,2026-08-07T06:18:59Z,2026-08-08T22:00:00Z,39.7,23.4,25.4,27.1,-2.0,2.0
1-2 дня,2026-08-07T06:18:59Z,2026-08-08T23:00:00Z,40.7,22.2,24.9,25.7,-2.7,2.7
1-2 дня,2026-08-07T06:18:59Z,2026-08-09T00:00:00Z,41.7,21.4,24.2,25.6,-2.8,2.8
1-2 дня,2026-08-07T06:18:59Z,2026-08-09T01:00:00Z,42.7,21.0,23.8,25.1,-2.8,2.8
1-2 дня,2026-08-07T06:18:59Z,2026-08-09T02:00:00Z,43.7,20.8,22.8,23.0,-2.0,2.0
1-2 дня,2026-08-07T06:18:59Z,2026-08-09T03:00:00Z,44.7,20.9,21.3,21.4,-0.4,0.4
1-2 дня,2026-08-07T06:18:59Z,2026-08-09T04:00:00Z,45.7,21.2,20.7,21.2,0.5,0.5
1-2 дня,2026-08-07T06:18:59Z,2026-08-09T05:00:00Z,46.7,21.7,21.8,21.7,-0.1,0.1
1-2 дня,2026-08-07T06:18:59Z,2026-08-09T06:00:00Z,47.7,22.5,23.2,22.6,-0.7,0.7
1-2 дня,2026-08-07T07:13:52Z,2026-08-08T08:00:00Z,24.8,26.2,25.6,30.5,0.6,0.6
1-2 дня,2026-08-07T07:13:52Z,2026-08-08T09:00:00Z,25.8,28.0,28.1,33.0,-0.1,0.1
1-2 дня,2026-08-07T07:13:52Z,2026-08-08T10:00:00Z,26.8,29.8,29.7,35.0,0.1,0.1
1-2 дня,2026-08-07T07:13:52Z,2026-08-08T11:00:00Z,27.8,31.2,30.9,35.9,0.3,0.3
1-2 дня,2026-08-07T07:13:52Z,2026-08-08T12:00:00Z,28.8,32.1,31.4,36.6,0.7,0.7
1-2 дня,2026-08-07T07:13:52Z,2026-08-08T13:00:00Z,29.8,32.2,32.0,36.9,0.2,0.2
1-2 дня,2026-08-07T07:13:52Z,2026-08-08T14:00:00Z,30.8,32.0,31.3,37.2,0.7,0.7
1-2 дня,2026-08-07T07:13:52Z,2026-08-08T15:00:00Z,31.8,31.3,32.0,36.4,-0.7,0.7
1-2 дня,2026-08-07T07:13:52Z,2026-08-08T16:00:00Z,32.8,30.5,31.3,34.4,-0.8,0.8
1-2 дня,2026-08-07T07:13:52Z,2026-08-08T17:00:00Z,33.8,29.6,30.0,34.2,-0.4,0.4
1-2 дня,2026-08-07T07:13:52Z,2026-08-08T18:00:00Z,34.8,28.6,29.2,32.0,-0.6,0.6
1-2 дня,2026-08-07T07:13:52Z,2026-08-08T19:00:00Z,35.8,27.5,28.4,29.3,-0.9,0.9
1-2 дня,2026-08-07T07:13:52Z,2026-08-08T20:00:00Z,36.8,26.2,27.6,28.2,-1.4,1.4
1-2 дня,2026-08-07T07:13:52Z,2026-08-08T21:00:00Z,37.8,24.7,26.6,27.2,-1.9,1.9
1-2 дня,2026-08-07T07:13:52Z,2026-08-08T22:00:00Z,38.8,23.4,25.4,27.1,-2.0,2.0
1-2 дня,2026-08-07T07:13:52Z,2026-08-08T23:00:00Z,39.8,22.2,24.9,25.7,-2.7,2.7
1-2 дня,2026-08-07T07:13:52Z,2026-08-09T00:00:00Z,40.8,21.4,24.2,25.6,-2.8,2.8
1-2 дня,2026-08-07T07:13:52Z,2026-08-09T01:00:00Z,41.8,21.0,23.8,25.1,-2.8,2.8
1-2 дня,2026-08-07T07:13:52Z,2026-08-09T02:00:00Z,42.8,20.8,22.8,23.0,-2.0,2.0
1-2 дня,2026-08-07T07:13:52Z,2026-08-09T03:00:00Z,43.8,20.9,21.3,21.4,-0.4,0.4
1-2 дня,2026-08-07T07:13:52Z,2026-08-09T04:00:00Z,44.8,21.2,20.7,21.2,0.5,0.5
1-2 дня,2026-08-07T07:13:52Z,2026-08-09T05:00:00Z,45.8,21.7,21.8,21.7,-0.1,0.1
1-2 дня,2026-08-07T07:13:52Z,2026-08-09T06:00:00Z,46.8,22.5,23.2,22.6,-0.7,0.7
1-2 дня,2026-08-07T07:13:52Z,2026-08-09T07:00:00Z,47.8,23.7,24.7,24.4,-1.0,1.0
1-2 дня,2026-08-07T10:39:14Z,2026-08-08T11:00:00Z,24.3,31.2,30.9,35.9,0.3,0.3
1-2 дня,2026-08-07T10:39:14Z,2026-08-08T12:00:00Z,25.3,32.1,31.4,36.6,0.7,0.7
1-2 дня,2026-08-07T10:39:14Z,2026-08-08T13:00:00Z,26.3,32.2,32.0,36.9,0.2,0.2
1-2 дня,2026-08-07T10:39:14Z,2026-08-08T14:00:00Z,27.3,32.0,31.3,37.2,0.7,0.7
1-2 дня,2026-08-07T10:39:14Z,2026-08-08T15:00:00Z,28.3,31.3,32.0,36.4,-0.7,0.7
1-2 дня,2026-08-07T10:39:14Z,2026-08-08T16:00:00Z,29.3,30.5,31.3,34.4,-0.8,0.8
1-2 дня,2026-08-07T10:39:14Z,2026-08-08T17:00:00Z,30.3,29.6,30.0,34.2,-0.4,0.4
1-2 дня,2026-08-07T10:39:14Z,2026-08-08T18:00:00Z,31.3,28.6,29.2,32.0,-0.6,0.6
1-2 дня,2026-08-07T10:39:14Z,2026-08-08T19:00:00Z,32.3,27.5,28.4,29.3,-0.9,0.9
1-2 дня,2026-08-07T10:39:14Z,2026-08-08T20:00:00Z,33.3,26.2,27.6,28.2,-1.4,1.4
1-2 дня,2026-08-07T10:39:14Z,2026-08-08T21:00:00Z,34.3,24.7,26.6,27.2,-1.9,1.9
1-2 дня,2026-08-07T10:39:14Z,2026-08-08T22:00:00Z,35.3,23.4,25.4,27.1,-2.0,2.0
1-2 дня,2026-08-07T10:39:14Z,2026-08-08T23:00:00Z,36.3,22.2,24.9,25.7,-2.7,2.7
1-2 дня,2026-08-07T10:39:14Z,2026-08-09T00:00:00Z,37.3,21.4,24.2,25.6,-2.8,2.8
1-2 дня,2026-08-07T10:39:14Z,2026-08-09T01:00:00Z,38.3,21.0,23.8,25.1,-2.8,2.8
1-2 дня,2026-08-07T10:39:14Z,2026-08-09T02:00:00Z,39.3,20.8,22.8,23.0,-2.0,2.0
1-2 дня,2026-08-07T10:39:14Z,2026-08-09T03:00:00Z,40.3,20.9,21.3,21.4,-0.4,0.4
1-2 дня,2026-08-07T10:39:14Z,2026-08-09T04:00:00Z,41.3,21.2,20.7,21.2,0.5,0.5
1-2 дня,2026-08-07T10:39:14Z,2026-08-09T05:00:00Z,42.3,21.7,21.8,21.7,-0.1,0.1
1-2 дня,2026-08-07T10:39:14Z,2026-08-09T06:00:00Z,43.3,22.5,23.2,22.6,-0.7,0.7
1-2 дня,2026-08-07T10:39:14Z,2026-08-09T07:00:00Z,44.3,23.7,24.7,24.4,-1.0,1.0
1-2 дня,2026-08-07T10:39:14Z,2026-08-09T08:00:00Z,45.3,25.5,27.1,25.6,-1.6,1.6
1-2 дня,2026-08-07T10:39:14Z,2026-08-09T09:00:00Z,46.3,27.6,28.8,28.1,-1.2,1.2
1-2 дня,2026-08-07T10:39:14Z,2026-08-09T10:00:00Z,47.3,29.6,30.1,29.7,-0.5,0.5
1-2 дня,2026-08-07T16:51:54Z,2026-08-08T17:00:00Z,24.1,29.2,30.0,34.2,-0.8,0.8
1-2 дня,2026-08-07T16:51:54Z,2026-08-08T18:00:00Z,25.1,28.3,29.2,32.0,-0.9,0.9
1-2 дня,2026-08-07T16:51:54Z,2026-08-08T19:00:00Z,26.1,27.2,28.4,29.3,-1.2,1.2
1-2 дня,2026-08-07T16:51:54Z,2026-08-08T20:00:00Z,27.1,25.9,27.6,28.2,-1.7,1.7
1-2 дня,2026-08-07T16:51:54Z,2026-08-08T21:00:00Z,28.1,24.4,26.6,27.2,-2.2,2.2
1-2 дня,2026-08-07T16:51:54Z,2026-08-08T22:00:00Z,29.1,23.1,25.4,27.1,-2.3,2.3
1-2 дня,2026-08-07T16:51:54Z,2026-08-08T23:00:00Z,30.1,21.9,24.9,25.7,-3.0,3.0
1-2 дня,2026-08-07T16:51:54Z,2026-08-09T00:00:00Z,31.1,21.1,24.2,25.6,-3.1,3.1
1-2 дня,2026-08-07T16:51:54Z,2026-08-09T01:00:00Z,32.1,20.7,23.8,25.1,-3.1,3.1
1-2 дня,2026-08-07T16:51:54Z,2026-08-09T02:00:00Z,33.1,20.5,22.8,23.0,-2.3,2.3
1-2 дня,2026-08-07T16:51:54Z,2026-08-09T03:00:00Z,34.1,20.6,21.3,21.4,-0.7,0.7
1-2 дня,2026-08-07T16:51:54Z,2026-08-09T04:00:00Z,35.1,20.9,20.7,21.2,0.2,0.2
1-2 дня,2026-08-07T16:51:54Z,2026-08-09T05:00:00Z,36.1,21.4,21.8,21.7,-0.4,0.4
1-2 дня,2026-08-07T16:51:54Z,2026-08-09T06:00:00Z,37.1,22.1,23.2,22.6,-1.1,1.1
1-2 дня,2026-08-07T16:51:54Z,2026-08-09T07:00:00Z,38.1,23.4,24.7,24.4,-1.3,1.3
1-2 дня,2026-08-07T16:51:54Z,2026-08-09T08:00:00Z,39.1,25.2,27.1,25.6,-1.9,1.9
1-2 дня,2026-08-07T16:51:54Z,2026-08-09T09:00:00Z,40.1,27.2,28.8,28.1,-1.6,1.6
1-2 дня,2026-08-07T16:51:54Z,2026-08-09T10:00:00Z,41.1,29.2,30.1,29.7,-0.9,0.9
1-2 дня,2026-08-07T16:51:54Z,2026-08-09T11:00:00Z,42.1,30.8,30.8,30.9,0.0,0.0
1-2 дня,2026-08-07T16:51:54Z,2026-08-09T12:00:00Z,43.1,31.7,32.4,31.4,-0.7,0.7
1-2 дня,2026-08-07T16:51:54Z,2026-08-09T13:00:00Z,44.1,32.0,32.7,32.0,-0.7,0.7
1-2 дня,2026-08-07T16:51:54Z,2026-08-09T14:00:00Z,45.1,31.7,33.2,31.3,-1.5,1.5
1-2 дня,2026-08-07T16:51:54Z,2026-08-09T15:00:00Z,46.1,31.1,33.1,32.0,-2.0,2.0
1-2 дня,2026-08-07T16:51:54Z,2026-08-09T16:00:00Z,47.1,30.2,32.2,31.3,-2.0,2.0
1-2 дня,2026-08-07T22:45:57Z,2026-08-08T23:00:00Z,24.2,21.4,24.9,25.7,-3.5,3.5
1-2 дня,2026-08-07T22:45:57Z,2026-08-09T00:00:00Z,25.2,20.6,24.2,25.6,-3.6,3.6
1-2 дня,2026-08-07T22:45:57Z,2026-08-09T01:00:00Z,26.2,20.2,23.8,25.1,-3.6,3.6
1-2 дня,2026-08-07T22:45:57Z,2026-08-09T02:00:00Z,27.2,20.0,22.8,23.0,-2.8,2.8
1-2 дня,2026-08-07T22:45:57Z,2026-08-09T03:00:00Z,28.2,20.1,21.3,21.4,-1.2,1.2
1-2 дня,2026-08-07T22:45:57Z,2026-08-09T04:00:00Z,29.2,20.4,20.7,21.2,-0.3,0.3
1-2 дня,2026-08-07T22:45:57Z,2026-08-09T05:00:00Z,30.2,20.9,21.8,21.7,-0.9,0.9
1-2 дня,2026-08-07T22:45:57Z,2026-08-09T06:00:00Z,31.2,21.7,23.2,22.6,-1.5,1.5
1-2 дня,2026-08-07T22:45:57Z,2026-08-09T07:00:00Z,32.2,22.9,24.7,24.4,-1.8,1.8
1-2 дня,2026-08-07T22:45:57Z,2026-08-09T08:00:00Z,33.2,24.7,27.1,25.6,-2.4,2.4
1-2 дня,2026-08-07T22:45:57Z,2026-08-09T09:00:00Z,34.2,26.8,28.8,28.1,-2.0,2.0
1-2 дня,2026-08-07T22:45:57Z,2026-08-09T10:00:00Z,35.2,28.7,30.1,29.7,-1.4,1.4
1-2 дня,2026-08-07T22:45:57Z,2026-08-09T11:00:00Z,36.2,30.3,30.8,30.9,-0.5,0.5
1-2 дня,2026-08-07T22:45:57Z,2026-08-09T12:00:00Z,37.2,31.3,32.4,31.4,-1.1,1.1
1-2 дня,2026-08-07T22:45:57Z,2026-08-09T13:00:00Z,38.2,31.5,32.7,32.0,-1.2,1.2
1-2 дня,2026-08-07T22:45:57Z,2026-08-09T14:00:00Z,39.2,31.3,33.2,31.3,-1.9,1.9
1-2 дня,2026-08-07T22:45:57Z,2026-08-09T15:00:00Z,40.2,30.6,33.1,32.0,-2.5,2.5
1-2 дня,2026-08-07T22:45:57Z,2026-08-09T16:00:00Z,41.2,29.8,32.2,31.3,-2.4,2.4
1-2 дня,2026-08-07T22:45:57Z,2026-08-09T17:00:00Z,42.2,28.7,30.8,30.0,-2.1,2.1
1-2 дня,2026-08-07T22:45:57Z,2026-08-09T18:00:00Z,43.2,27.7,29.7,29.2,-2.0,2.0
1-2 дня,2026-08-07T22:45:57Z,2026-08-09T19:00:00Z,44.2,26.3,28.3,28.4,-2.0,2.0
1-2 дня,2026-08-07T22:45:57Z,2026-08-09T20:00:00Z,45.2,24.6,27.3,27.6,-2.7,2.7
1-2 дня,2026-08-07T22:45:57Z,2026-08-09T21:00:00Z,46.2,22.7,26.6,26.6,-3.9,3.9
1-2 дня,2026-08-07T22:45:57Z,2026-08-09T22:00:00Z,47.2,20.9,24.9,25.4,-4.0,4.0
1-2 дня,2026-08-07T23:19:23Z,2026-08-09T00:00:00Z,24.7,20.6,24.2,25.6,-3.6,3.6
1-2 дня,2026-08-07T23:19:23Z,2026-08-09T01:00:00Z,25.7,20.2,23.8,25.1,-3.6,3.6
1-2 дня,2026-08-07T23:19:23Z,2026-08-09T02:00:00Z,26.7,20.0,22.8,23.0,-2.8,2.8
1-2 дня,2026-08-07T23:19:23Z,2026-08-09T03:00:00Z,27.7,20.1,21.3,21.4,-1.2,1.2
1-2 дня,2026-08-07T23:19:23Z,2026-08-09T04:00:00Z,28.7,20.4,20.7,21.2,-0.3,0.3
1-2 дня,2026-08-07T23:19:23Z,2026-08-09T05:00:00Z,29.7,20.9,21.8,21.7,-0.9,0.9
1-2 дня,2026-08-07T23:19:23Z,2026-08-09T06:00:00Z,30.7,21.7,23.2,22.6,-1.5,1.5
1-2 дня,2026-08-07T23:19:23Z,2026-08-09T07:00:00Z,31.7,22.9,24.7,24.4,-1.8,1.8
1-2 дня,2026-08-07T23:19:23Z,2026-08-09T08:00:00Z,32.7,24.7,27.1,25.6,-2.4,2.4
1-2 дня,2026-08-07T23:19:23Z,2026-08-09T09:00:00Z,33.7,26.8,28.8,28.1,-2.0,2.0
1-2 дня,2026-08-07T23:19:23Z,2026-08-09T10:00:00Z,34.7,28.7,30.1,29.7,-1.4,1.4
1-2 дня,2026-08-07T23:19:23Z,2026-08-09T11:00:00Z,35.7,30.3,30.8,30.9,-0.5,0.5
1-2 дня,2026-08-07T23:19:23Z,2026-08-09T12:00:00Z,36.7,31.3,32.4,31.4,-1.1,1.1
1-2 дня,2026-08-07T23:19:23Z,2026-08-09T13:00:00Z,37.7,31.5,32.7,32.0,-1.2,1.2
1-2 дня,2026-08-07T23:19:23Z,2026-08-09T14:00:00Z,38.7,31.3,33.2,31.3,-1.9,1.9
1-2 дня,2026-08-07T23:19:23Z,2026-08-09T15:00:00Z,39.7,30.6,33.1,32.0,-2.5,2.5
1-2 дня,2026-08-07T23:19:23Z,2026-08-09T16:00:00Z,40.7,29.8,32.2,31.3,-2.4,2.4
1-2 дня,2026-08-07T23:19:23Z,2026-08-09T17:00:00Z,41.7,28.7,30.8,30.0,-2.1,2.1
1-2 дня,2026-08-07T23:19:23Z,2026-08-09T18:00:00Z,42.7,27.7,29.7,29.2,-2.0,2.0
1-2 дня,2026-08-07T23:19:23Z,2026-08-09T19:00:00Z,43.7,26.3,28.3,28.4,-2.0,2.0
1-2 дня,2026-08-07T23:19:23Z,2026-08-09T20:00:00Z,44.7,24.6,27.3,27.6,-2.7,2.7
1-2 дня,2026-08-07T23:19:23Z,2026-08-09T21:00:00Z,45.7,22.7,26.6,26.6,-3.9,3.9
1-2 дня,2026-08-07T23:19:23Z,2026-08-09T22:00:00Z,46.7,20.9,24.9,25.4,-4.0,4.0
1-2 дня,2026-08-07T23:19:23Z,2026-08-09T23:00:00Z,47.7,19.5,24.0,24.9,-4.5,4.5
1-2 дня,2026-08-08T04:50:53Z,2026-08-09T05:00:00Z,24.2,20.8,21.8,21.7,-1.0,1.0
1-2 дня,2026-08-08T04:50:53Z,2026-08-09T06:00:00Z,25.2,21.6,23.2,22.6,-1.6,1.6
1-2 дня,2026-08-08T04:50:53Z,2026-08-09T07:00:00Z,26.2,22.8,24.7,24.4,-1.9,1.9
1-2 дня,2026-08-08T04:50:53Z,2026-08-09T08:00:00Z,27.2,24.6,27.1,25.6,-2.5,2.5
1-2 дня,2026-08-08T04:50:53Z,2026-08-09T09:00:00Z,28.2,26.6,28.8,28.1,-2.2,2.2
1-2 дня,2026-08-08T04:50:53Z,2026-08-09T10:00:00Z,29.2,28.5,30.1,29.7,-1.6,1.6
1-2 дня,2026-08-08T04:50:53Z,2026-08-09T11:00:00Z,30.2,30.0,30.8,30.9,-0.8,0.8
1-2 дня,2026-08-08T04:50:53Z,2026-08-09T12:00:00Z,31.2,30.9,32.4,31.4,-1.5,1.5
1-2 дня,2026-08-08T04:50:53Z,2026-08-09T13:00:00Z,32.2,31.1,32.7,32.0,-1.6,1.6
1-2 дня,2026-08-08T04:50:53Z,2026-08-09T14:00:00Z,33.2,30.9,33.2,31.3,-2.3,2.3
1-2 дня,2026-08-08T04:50:53Z,2026-08-09T15:00:00Z,34.2,30.3,33.1,32.0,-2.8,2.8
1-2 дня,2026-08-08T04:50:53Z,2026-08-09T16:00:00Z,35.2,29.4,32.2,31.3,-2.8,2.8
1-2 дня,2026-08-08T04:50:53Z,2026-08-09T17:00:00Z,36.2,28.4,30.8,30.0,-2.4,2.4
1-2 дня,2026-08-08T04:50:53Z,2026-08-09T18:00:00Z,37.2,27.4,29.7,29.2,-2.3,2.3
1-2 дня,2026-08-08T04:50:53Z,2026-08-09T19:00:00Z,38.2,26.0,28.3,28.4,-2.3,2.3
1-2 дня,2026-08-08T04:50:53Z,2026-08-09T20:00:00Z,39.2,24.3,27.3,27.6,-3.0,3.0
1-2 дня,2026-08-08T04:50:53Z,2026-08-09T21:00:00Z,40.2,22.4,26.6,26.6,-4.2,4.2
1-2 дня,2026-08-08T04:50:53Z,2026-08-09T22:00:00Z,41.2,20.6,24.9,25.4,-4.3,4.3
1-2 дня,2026-08-08T04:50:53Z,2026-08-09T23:00:00Z,42.2,19.2,24.0,24.9,-4.8,4.8
1-2 дня,2026-08-08T04:50:53Z,2026-08-10T00:00:00Z,43.2,18.4,23.3,24.2,-4.9,4.9
1-2 дня,2026-08-08T04:50:53Z,2026-08-10T01:00:00Z,44.2,18.2,22.9,23.8,-4.7,4.7
1-2 дня,2026-08-08T04:50:53Z,2026-08-10T02:00:00Z,45.2,18.3,23.1,22.8,-4.8,4.8
1-2 дня,2026-08-08T04:50:53Z,2026-08-10T03:00:00Z,46.2,18.9,22.6,21.3,-3.7,3.7
1-2 дня,2026-08-08T04:50:53Z,2026-08-10T04:00:00Z,47.2,19.7,21.3,20.7,-1.6,1.6
1-2 дня,2026-08-08T10:18:13Z,2026-08-09T11:00:00Z,24.7,29.8,30.8,30.9,-1.0,1.0
1-2 дня,2026-08-08T10:18:13Z,2026-08-09T12:00:00Z,25.7,30.7,32.4,31.4,-1.7,1.7
1-2 дня,2026-08-08T10:18:13Z,2026-08-09T13:00:00Z,26.7,30.9,32.7,32.0,-1.8,1.8
1-2 дня,2026-08-08T10:18:13Z,2026-08-09T14:00:00Z,27.7,30.6,33.2,31.3,-2.6,2.6
1-2 дня,2026-08-08T10:18:13Z,2026-08-09T15:00:00Z,28.7,30.0,33.1,32.0,-3.1,3.1
1-2 дня,2026-08-08T10:18:13Z,2026-08-09T16:00:00Z,29.7,29.1,32.2,31.3,-3.1,3.1
1-2 дня,2026-08-08T10:18:13Z,2026-08-09T17:00:00Z,30.7,28.1,30.8,30.0,-2.7,2.7
1-2 дня,2026-08-08T10:18:13Z,2026-08-09T18:00:00Z,31.7,27.0,29.7,29.2,-2.7,2.7
1-2 дня,2026-08-08T10:18:13Z,2026-08-09T19:00:00Z,32.7,25.7,28.3,28.4,-2.6,2.6
1-2 дня,2026-08-08T10:18:13Z,2026-08-09T20:00:00Z,33.7,24.0,27.3,27.6,-3.3,3.3
1-2 дня,2026-08-08T10:18:13Z,2026-08-09T21:00:00Z,34.7,22.1,26.6,26.6,-4.5,4.5
1-2 дня,2026-08-08T10:18:13Z,2026-08-09T22:00:00Z,35.7,20.4,24.9,25.4,-4.5,4.5
1-2 дня,2026-08-08T10:18:13Z,2026-08-09T23:00:00Z,36.7,19.0,24.0,24.9,-5.0,5.0
1-2 дня,2026-08-08T10:18:13Z,2026-08-10T00:00:00Z,37.7,18.1,23.3,24.2,-5.2,5.2
1-2 дня,2026-08-08T10:18:13Z,2026-08-10T01:00:00Z,38.7,17.9,22.9,23.8,-5.0,5.0
1-2 дня,2026-08-08T10:18:13Z,2026-08-10T02:00:00Z,39.7,18.1,23.1,22.8,-5.0,5.0
1-2 дня,2026-08-08T10:18:13Z,2026-08-10T03:00:00Z,40.7,18.6,22.6,21.3,-4.0,4.0
1-2 дня,2026-08-08T10:18:13Z,2026-08-10T04:00:00Z,41.7,19.4,21.3,20.7,-1.9,1.9
1-2 дня,2026-08-08T10:18:13Z,2026-08-10T05:00:00Z,42.7,20.5,24.9,21.8,-4.4,4.4
1-2 дня,2026-08-08T10:18:13Z,2026-08-10T06:00:00Z,43.7,21.6,26.2,23.2,-4.6,4.6
1-2 дня,2026-08-08T10:18:13Z,2026-08-10T07:00:00Z,44.7,23.2,28.3,24.7,-5.1,5.1
1-2 дня,2026-08-08T10:18:13Z,2026-08-10T08:00:00Z,45.7,25.4,30.6,27.1,-5.2,5.2
1-2 дня,2026-08-08T10:18:13Z,2026-08-10T09:00:00Z,46.7,27.7,32.5,28.8,-4.8,4.8
1-2 дня,2026-08-08T10:18:13Z,2026-08-10T10:00:00Z,47.7,29.9,32.7,30.1,-2.8,2.8
1-2 дня,2026-08-08T22:37:20Z,2026-08-09T23:00:00Z,24.4,19.3,24.0,24.9,-4.7,4.7
1-2 дня,2026-08-08T22:37:20Z,2026-08-10T00:00:00Z,25.4,18.5,23.3,24.2,-4.8,4.8
1-2 дня,2026-08-08T22:37:20Z,2026-08-10T01:00:00Z,26.4,18.2,22.9,23.8,-4.7,4.7
1-2 дня,2026-08-08T22:37:20Z,2026-08-10T02:00:00Z,27.4,18.4,23.1,22.8,-4.7,4.7
1-2 дня,2026-08-08T22:37:20Z,2026-08-10T03:00:00Z,28.4,18.9,22.6,21.3,-3.7,3.7
1-2 дня,2026-08-08T22:37:20Z,2026-08-10T04:00:00Z,29.4,19.7,21.3,20.7,-1.6,1.6
1-2 дня,2026-08-08T22:37:20Z,2026-08-10T05:00:00Z,30.4,20.7,24.9,21.8,-4.2,4.2
1-2 дня,2026-08-08T22:37:20Z,2026-08-10T06:00:00Z,31.4,21.8,26.2,23.2,-4.4,4.4
1-2 дня,2026-08-08T22:37:20Z,2026-08-10T07:00:00Z,32.4,23.4,28.3,24.7,-4.9,4.9
1-2 дня,2026-08-08T22:37:20Z,2026-08-10T08:00:00Z,33.4,25.6,30.6,27.1,-5.0,5.0
1-2 дня,2026-08-08T22:37:20Z,2026-08-10T09:00:00Z,34.4,28.0,32.5,28.8,-4.5,4.5
1-2 дня,2026-08-08T22:37:20Z,2026-08-10T10:00:00Z,35.4,30.2,32.7,30.1,-2.5,2.5
1-2 дня,2026-08-08T22:37:20Z,2026-08-10T11:00:00Z,36.4,32.0,33.2,30.8,-1.2,1.2
1-2 дня,2026-08-08T22:37:20Z,2026-08-10T12:00:00Z,37.4,33.1,34.1,32.4,-1.0,1.0
1-2 дня,2026-08-08T22:37:20Z,2026-08-10T13:00:00Z,38.4,33.4,34.1,32.7,-0.7,0.7
1-2 дня,2026-08-08T22:37:20Z,2026-08-10T14:00:00Z,39.4,33.0,34.6,33.2,-1.6,1.6
1-2 дня,2026-08-08T22:37:20Z,2026-08-10T15:00:00Z,40.4,32.3,34.7,33.1,-2.4,2.4
1-2 дня,2026-08-08T22:37:20Z,2026-08-10T16:00:00Z,41.4,31.2,34.0,32.2,-2.8,2.8
1-2 дня,2026-08-08T22:37:20Z,2026-08-10T17:00:00Z,42.4,30.0,32.8,30.8,-2.8,2.8
1-2 дня,2026-08-08T22:37:20Z,2026-08-10T18:00:00Z,43.4,28.9,31.8,29.7,-2.9,2.9
1-2 дня,2026-08-08T22:37:20Z,2026-08-10T19:00:00Z,44.4,27.5,29.7,28.3,-2.2,2.2
1-2 дня,2026-08-08T22:37:20Z,2026-08-10T20:00:00Z,45.4,25.8,29.3,27.3,-3.5,3.5
1-2 дня,2026-08-08T22:37:20Z,2026-08-10T21:00:00Z,46.4,23.9,27.1,26.6,-3.2,3.2
1-2 дня,2026-08-08T22:37:20Z,2026-08-10T22:00:00Z,47.4,22.2,26.6,24.9,-4.4,4.4
1-2 дня,2026-08-09T04:59:03Z,2026-08-10T05:00:00Z,24.0,20.9,24.9,21.8,-4.0,4.0
1-2 дня,2026-08-09T04:59:03Z,2026-08-10T06:00:00Z,25.0,22.1,26.2,23.2,-4.1,4.1
1-2 дня,2026-08-09T04:59:03Z,2026-08-10T07:00:00Z,26.0,23.7,28.3,24.7,-4.6,4.6
1-2 дня,2026-08-09T04:59:03Z,2026-08-10T08:00:00Z,27.0,25.9,30.6,27.1,-4.7,4.7
1-2 дня,2026-08-09T04:59:03Z,2026-08-10T09:00:00Z,28.0,28.2,32.5,28.8,-4.3,4.3
1-2 дня,2026-08-09T04:59:03Z,2026-08-10T10:00:00Z,29.0,30.5,32.7,30.1,-2.2,2.2
1-2 дня,2026-08-09T04:59:03Z,2026-08-10T11:00:00Z,30.0,32.3,33.2,30.8,-0.9,0.9
1-2 дня,2026-08-09T04:59:03Z,2026-08-10T12:00:00Z,31.0,33.4,34.1,32.4,-0.7,0.7
1-2 дня,2026-08-09T04:59:03Z,2026-08-10T13:00:00Z,32.0,33.7,34.1,32.7,-0.4,0.4
1-2 дня,2026-08-09T04:59:03Z,2026-08-10T14:00:00Z,33.0,33.4,34.6,33.2,-1.2,1.2
1-2 дня,2026-08-09T04:59:03Z,2026-08-10T15:00:00Z,34.0,32.6,34.7,33.1,-2.1,2.1
1-2 дня,2026-08-09T04:59:03Z,2026-08-10T16:00:00Z,35.0,31.6,34.0,32.2,-2.4,2.4
1-2 дня,2026-08-09T04:59:03Z,2026-08-10T17:00:00Z,36.0,30.4,32.8,30.8,-2.4,2.4
1-2 дня,2026-08-09T04:59:03Z,2026-08-10T18:00:00Z,37.0,29.2,31.8,29.7,-2.6,2.6
1-2 дня,2026-08-09T04:59:03Z,2026-08-10T19:00:00Z,38.0,27.9,29.7,28.3,-1.8,1.8
1-2 дня,2026-08-09T04:59:03Z,2026-08-10T20:00:00Z,39.0,26.1,29.3,27.3,-3.2,3.2
1-2 дня,2026-08-09T04:59:03Z,2026-08-10T21:00:00Z,40.0,24.2,27.1,26.6,-2.9,2.9
1-2 дня,2026-08-09T04:59:03Z,2026-08-10T22:00:00Z,41.0,22.5,26.6,24.9,-4.1,4.1
1-2 дня,2026-08-09T04:59:03Z,2026-08-10T23:00:00Z,42.0,21.0,26.2,24.0,-5.2,5.2
1-2 дня,2026-08-09T04:59:03Z,2026-08-11T00:00:00Z,43.0,20.2,25.5,23.3,-5.3,5.3
1-2 дня,2026-08-09T04:59:03Z,2026-08-11T01:00:00Z,44.0,19.9,23.9,22.9,-4.0,4.0
1-2 дня,2026-08-09T04:59:03Z,2026-08-11T02:00:00Z,45.0,19.9,23.2,23.1,-3.3,3.3
1-2 дня,2026-08-09T04:59:03Z,2026-08-11T03:00:00Z,46.0,20.3,22.4,22.6,-2.1,2.1
1-2 дня,2026-08-09T04:59:03Z,2026-08-11T04:00:00Z,47.0,21.0,22.2,21.3,-1.2,1.2
1-2 дня,2026-08-09T10:19:29Z,2026-08-10T11:00:00Z,24.7,32.1,33.2,30.8,-1.1,1.1
1-2 дня,2026-08-09T10:19:29Z,2026-08-10T12:00:00Z,25.7,33.2,34.1,32.4,-0.9,0.9
1-2 дня,2026-08-09T10:19:29Z,2026-08-10T13:00:00Z,26.7,33.5,34.1,32.7,-0.6,0.6
1-2 дня,2026-08-09T10:19:29Z,2026-08-10T14:00:00Z,27.7,33.1,34.6,33.2,-1.5,1.5
1-2 дня,2026-08-09T10:19:29Z,2026-08-10T15:00:00Z,28.7,32.3,34.7,33.1,-2.4,2.4
1-2 дня,2026-08-09T10:19:29Z,2026-08-10T16:00:00Z,29.7,31.3,34.0,32.2,-2.7,2.7
1-2 дня,2026-08-09T10:19:29Z,2026-08-10T17:00:00Z,30.7,30.1,32.8,30.8,-2.7,2.7
1-2 дня,2026-08-09T10:19:29Z,2026-08-10T18:00:00Z,31.7,28.9,31.8,29.7,-2.9,2.9
1-2 дня,2026-08-09T10:19:29Z,2026-08-10T19:00:00Z,32.7,27.5,29.7,28.3,-2.2,2.2
1-2 дня,2026-08-09T10:19:29Z,2026-08-10T20:00:00Z,33.7,25.8,29.3,27.3,-3.5,3.5
1-2 дня,2026-08-09T10:19:29Z,2026-08-10T21:00:00Z,34.7,23.9,27.1,26.6,-3.2,3.2
1-2 дня,2026-08-09T10:19:29Z,2026-08-10T22:00:00Z,35.7,22.1,26.6,24.9,-4.5,4.5
1-2 дня,2026-08-09T10:19:29Z,2026-08-10T23:00:00Z,36.7,20.7,26.2,24.0,-5.5,5.5
1-2 дня,2026-08-09T10:19:29Z,2026-08-11T00:00:00Z,37.7,19.8,25.5,23.3,-5.7,5.7
1-2 дня,2026-08-09T10:19:29Z,2026-08-11T01:00:00Z,38.7,19.5,23.9,22.9,-4.4,4.4
1-2 дня,2026-08-09T10:19:29Z,2026-08-11T02:00:00Z,39.7,19.6,23.2,23.1,-3.6,3.6
1-2 дня,2026-08-09T10:19:29Z,2026-08-11T03:00:00Z,40.7,20.0,22.4,22.6,-2.4,2.4
1-2 дня,2026-08-09T10:19:29Z,2026-08-11T04:00:00Z,41.7,20.7,22.2,21.3,-1.5,1.5
1-2 дня,2026-08-09T10:19:29Z,2026-08-11T05:00:00Z,42.7,21.7,24.5,24.9,-2.8,2.8
1-2 дня,2026-08-09T10:19:29Z,2026-08-11T06:00:00Z,43.7,22.9,26.8,26.2,-3.9,3.9
1-2 дня,2026-08-09T10:19:29Z,2026-08-11T07:00:00Z,44.7,24.6,29.0,28.3,-4.4,4.4
1-2 дня,2026-08-09T10:19:29Z,2026-08-11T08:00:00Z,45.7,27.0,30.6,30.6,-3.6,3.6
1-2 дня,2026-08-09T10:19:29Z,2026-08-11T09:00:00Z,46.7,29.7,32.0,32.5,-2.3,2.3
1-2 дня,2026-08-09T10:19:29Z,2026-08-11T10:00:00Z,47.7,32.3,34.7,32.7,-2.4,2.4
1-2 дня,2026-08-09T12:41:38Z,2026-08-10T13:00:00Z,24.3,33.5,34.1,32.7,-0.6,0.6
1-2 дня,2026-08-09T12:41:38Z,2026-08-10T14:00:00Z,25.3,33.1,34.6,33.2,-1.5,1.5
1-2 дня,2026-08-09T12:41:38Z,2026-08-10T15:00:00Z,26.3,32.3,34.7,33.1,-2.4,2.4
1-2 дня,2026-08-09T12:41:38Z,2026-08-10T16:00:00Z,27.3,31.2,34.0,32.2,-2.8,2.8
1-2 дня,2026-08-09T12:41:38Z,2026-08-10T17:00:00Z,28.3,30.0,32.8,30.8,-2.8,2.8
1-2 дня,2026-08-09T12:41:38Z,2026-08-10T18:00:00Z,29.3,28.8,31.8,29.7,-3.0,3.0
1-2 дня,2026-08-09T12:41:38Z,2026-08-10T19:00:00Z,30.3,27.4,29.7,28.3,-2.3,2.3
1-2 дня,2026-08-09T12:41:38Z,2026-08-10T20:00:00Z,31.3,25.6,29.3,27.3,-3.7,3.7
1-2 дня,2026-08-09T12:41:38Z,2026-08-10T21:00:00Z,32.3,23.8,27.1,26.6,-3.3,3.3
1-2 дня,2026-08-09T12:41:38Z,2026-08-10T22:00:00Z,33.3,22.0,26.6,24.9,-4.6,4.6
1-2 дня,2026-08-09T12:41:38Z,2026-08-10T23:00:00Z,34.3,20.6,26.2,24.0,-5.6,5.6
1-2 дня,2026-08-09T12:41:38Z,2026-08-11T00:00:00Z,35.3,19.7,25.5,23.3,-5.8,5.8
1-2 дня,2026-08-09T12:41:38Z,2026-08-11T01:00:00Z,36.3,19.4,23.9,22.9,-4.5,4.5
1-2 дня,2026-08-09T12:41:38Z,2026-08-11T02:00:00Z,37.3,19.5,23.2,23.1,-3.7,3.7
1-2 дня,2026-08-09T12:41:38Z,2026-08-11T03:00:00Z,38.3,19.9,22.4,22.6,-2.5,2.5
1-2 дня,2026-08-09T12:41:38Z,2026-08-11T04:00:00Z,39.3,20.6,22.2,21.3,-1.6,1.6
1-2 дня,2026-08-09T12:41:38Z,2026-08-11T05:00:00Z,40.3,21.6,24.5,24.9,-2.9,2.9
1-2 дня,2026-08-09T12:41:38Z,2026-08-11T06:00:00Z,41.3,22.8,26.8,26.2,-4.0,4.0
1-2 дня,2026-08-09T12:41:38Z,2026-08-11T07:00:00Z,42.3,24.6,29.0,28.3,-4.4,4.4
1-2 дня,2026-08-09T12:41:38Z,2026-08-11T08:00:00Z,43.3,27.0,30.6,30.6,-3.6,3.6
1-2 дня,2026-08-09T12:41:38Z,2026-08-11T09:00:00Z,44.3,29.7,32.0,32.5,-2.3,2.3
1-2 дня,2026-08-09T12:41:38Z,2026-08-11T10:00:00Z,45.3,32.3,34.7,32.7,-2.4,2.4
1-2 дня,2026-08-09T12:45:53Z,2026-08-10T13:00:00Z,24.2,33.5,34.1,32.7,-0.6,0.6
1-2 дня,2026-08-09T12:45:53Z,2026-08-10T14:00:00Z,25.2,33.1,34.6,33.2,-1.5,1.5
1-2 дня,2026-08-09T12:45:53Z,2026-08-10T15:00:00Z,26.2,32.3,34.7,33.1,-2.4,2.4
1-2 дня,2026-08-09T12:45:53Z,2026-08-10T16:00:00Z,27.2,31.2,34.0,32.2,-2.8,2.8
1-2 дня,2026-08-09T12:45:53Z,2026-08-10T17:00:00Z,28.2,30.0,32.8,30.8,-2.8,2.8
1-2 дня,2026-08-09T12:45:53Z,2026-08-10T18:00:00Z,29.2,28.8,31.8,29.7,-3.0,3.0
1-2 дня,2026-08-09T12:45:53Z,2026-08-10T19:00:00Z,30.2,27.4,29.7,28.3,-2.3,2.3
1-2 дня,2026-08-09T12:45:53Z,2026-08-10T20:00:00Z,31.2,25.6,29.3,27.3,-3.7,3.7
1-2 дня,2026-08-09T12:45:53Z,2026-08-10T21:00:00Z,32.2,23.8,27.1,26.6,-3.3,3.3
1-2 дня,2026-08-09T12:45:53Z,2026-08-10T22:00:00Z,33.2,22.0,26.6,24.9,-4.6,4.6
1-2 дня,2026-08-09T12:45:53Z,2026-08-10T23:00:00Z,34.2,20.6,26.2,24.0,-5.6,5.6
1-2 дня,2026-08-09T12:45:53Z,2026-08-11T00:00:00Z,35.2,19.7,25.5,23.3,-5.8,5.8
1-2 дня,2026-08-09T12:45:53Z,2026-08-11T01:00:00Z,36.2,19.4,23.9,22.9,-4.5,4.5
1-2 дня,2026-08-09T12:45:53Z,2026-08-11T02:00:00Z,37.2,19.5,23.2,23.1,-3.7,3.7
1-2 дня,2026-08-09T12:45:53Z,2026-08-11T03:00:00Z,38.2,19.9,22.4,22.6,-2.5,2.5
1-2 дня,2026-08-09T12:45:53Z,2026-08-11T04:00:00Z,39.2,20.6,22.2,21.3,-1.6,1.6
1-2 дня,2026-08-09T12:45:53Z,2026-08-11T05:00:00Z,40.2,21.6,24.5,24.9,-2.9,2.9
1-2 дня,2026-08-09T12:45:53Z,2026-08-11T06:00:00Z,41.2,22.8,26.8,26.2,-4.0,4.0
1-2 дня,2026-08-09T12:45:53Z,2026-08-11T07:00:00Z,42.2,24.6,29.0,28.3,-4.4,4.4
1-2 дня,2026-08-09T12:45:53Z,2026-08-11T08:00:00Z,43.2,27.0,30.6,30.6,-3.6,3.6
1-2 дня,2026-08-09T12:45:53Z,2026-08-11T09:00:00Z,44.2,29.7,32.0,32.5,-2.3,2.3
1-2 дня,2026-08-09T12:45:53Z,2026-08-11T10:00:00Z,45.2,32.3,34.7,32.7,-2.4,2.4
1-2 дня,2026-08-09T12:48:15Z,2026-08-10T13:00:00Z,24.2,33.5,34.1,32.7,-0.6,0.6
1-2 дня,2026-08-09T12:48:15Z,2026-08-10T14:00:00Z,25.2,33.1,34.6,33.2,-1.5,1.5
1-2 дня,2026-08-09T12:48:15Z,2026-08-10T15:00:00Z,26.2,32.3,34.7,33.1,-2.4,2.4
1-2 дня,2026-08-09T12:48:15Z,2026-08-10T16:00:00Z,27.2,31.2,34.0,32.2,-2.8,2.8
1-2 дня,2026-08-09T12:48:15Z,2026-08-10T17:00:00Z,28.2,30.0,32.8,30.8,-2.8,2.8
1-2 дня,2026-08-09T12:48:15Z,2026-08-10T18:00:00Z,29.2,28.8,31.8,29.7,-3.0,3.0
1-2 дня,2026-08-09T12:48:15Z,2026-08-10T19:00:00Z,30.2,27.4,29.7,28.3,-2.3,2.3
1-2 дня,2026-08-09T12:48:15Z,2026-08-10T20:00:00Z,31.2,25.6,29.3,27.3,-3.7,3.7
1-2 дня,2026-08-09T12:48:15Z,2026-08-10T21:00:00Z,32.2,23.8,27.1,26.6,-3.3,3.3
1-2 дня,2026-08-09T12:48:15Z,2026-08-10T22:00:00Z,33.2,22.0,26.6,24.9,-4.6,4.6
1-2 дня,2026-08-09T12:48:15Z,2026-08-10T23:00:00Z,34.2,20.6,26.2,24.0,-5.6,5.6
1-2 дня,2026-08-09T12:48:15Z,2026-08-11T00:00:00Z,35.2,19.7,25.5,23.3,-5.8,5.8
1-2 дня,2026-08-09T12:48:15Z,2026-08-11T01:00:00Z,36.2,19.4,23.9,22.9,-4.5,4.5
1-2 дня,2026-08-09T12:48:15Z,2026-08-11T02:00:00Z,37.2,19.5,23.2,23.1,-3.7,3.7
1-2 дня,2026-08-09T12:48:15Z,2026-08-11T03:00:00Z,38.2,19.9,22.4,22.6,-2.5,2.5
1-2 дня,2026-08-09T12:48:15Z,2026-08-11T04:00:00Z,39.2,20.6,22.2,21.3,-1.6,1.6
1-2 дня,2026-08-09T12:48:15Z,2026-08-11T05:00:00Z,40.2,21.6,24.5,24.9,-2.9,2.9
1-2 дня,2026-08-09T12:48:15Z,2026-08-11T06:00:00Z,41.2,22.8,26.8,26.2,-4.0,4.0
1-2 дня,2026-08-09T12:48:15Z,2026-08-11T07:00:00Z,42.2,24.6,29.0,28.3,-4.4,4.4
1-2 дня,2026-08-09T12:48:15Z,2026-08-11T08:00:00Z,43.2,27.0,30.6,30.6,-3.6,3.6
1-2 дня,2026-08-09T12:48:15Z,2026-08-11T09:00:00Z,44.2,29.7,32.0,32.5,-2.3,2.3
1-2 дня,2026-08-09T12:48:15Z,2026-08-11T10:00:00Z,45.2,32.3,34.7,32.7,-2.4,2.4
1-2 дня,2026-08-09T16:31:44Z,2026-08-10T17:00:00Z,24.5,30.0,32.8,30.8,-2.8,2.8
1-2 дня,2026-08-09T16:31:44Z,2026-08-10T18:00:00Z,25.5,28.8,31.8,29.7,-3.0,3.0
1-2 дня,2026-08-09T16:31:44Z,2026-08-10T19:00:00Z,26.5,27.4,29.7,28.3,-2.3,2.3
1-2 дня,2026-08-09T16:31:44Z,2026-08-10T20:00:00Z,27.5,25.6,29.3,27.3,-3.7,3.7
1-2 дня,2026-08-09T16:31:44Z,2026-08-10T21:00:00Z,28.5,23.8,27.1,26.6,-3.3,3.3
1-2 дня,2026-08-09T16:31:44Z,2026-08-10T22:00:00Z,29.5,22.0,26.6,24.9,-4.6,4.6
1-2 дня,2026-08-09T16:31:44Z,2026-08-10T23:00:00Z,30.5,20.6,26.2,24.0,-5.6,5.6
1-2 дня,2026-08-09T16:31:44Z,2026-08-11T00:00:00Z,31.5,19.7,25.5,23.3,-5.8,5.8
1-2 дня,2026-08-09T16:31:44Z,2026-08-11T01:00:00Z,32.5,19.4,23.9,22.9,-4.5,4.5
1-2 дня,2026-08-09T16:31:44Z,2026-08-11T02:00:00Z,33.5,19.5,23.2,23.1,-3.7,3.7
1-2 дня,2026-08-09T16:31:44Z,2026-08-11T03:00:00Z,34.5,19.9,22.4,22.6,-2.5,2.5
1-2 дня,2026-08-09T16:31:44Z,2026-08-11T04:00:00Z,35.5,20.6,22.2,21.3,-1.6,1.6
1-2 дня,2026-08-09T16:31:44Z,2026-08-11T05:00:00Z,36.5,21.6,24.5,24.9,-2.9,2.9
1-2 дня,2026-08-09T16:31:44Z,2026-08-11T06:00:00Z,37.5,22.8,26.8,26.2,-4.0,4.0
1-2 дня,2026-08-09T16:31:44Z,2026-08-11T07:00:00Z,38.5,24.6,29.0,28.3,-4.4,4.4
1-2 дня,2026-08-09T16:31:44Z,2026-08-11T08:00:00Z,39.5,27.0,30.6,30.6,-3.6,3.6
1-2 дня,2026-08-09T16:31:44Z,2026-08-11T09:00:00Z,40.5,29.7,32.0,32.5,-2.3,2.3
1-2 дня,2026-08-09T16:31:44Z,2026-08-11T10:00:00Z,41.5,32.3,34.7,32.7,-2.4,2.4
1-2 дня,2026-08-09T22:39:09Z,2026-08-10T23:00:00Z,24.3,20.7,26.2,24.0,-5.5,5.5
1-2 дня,2026-08-09T22:39:09Z,2026-08-11T00:00:00Z,25.3,19.8,25.5,23.3,-5.7,5.7
1-2 дня,2026-08-09T22:39:09Z,2026-08-11T01:00:00Z,26.3,19.5,23.9,22.9,-4.4,4.4
1-2 дня,2026-08-09T22:39:09Z,2026-08-11T02:00:00Z,27.3,19.5,23.2,23.1,-3.7,3.7
1-2 дня,2026-08-09T22:39:09Z,2026-08-11T03:00:00Z,28.3,20.0,22.4,22.6,-2.4,2.4
1-2 дня,2026-08-09T22:39:09Z,2026-08-11T04:00:00Z,29.3,20.7,22.2,21.3,-1.5,1.5
1-2 дня,2026-08-09T22:39:09Z,2026-08-11T05:00:00Z,30.3,21.7,24.5,24.9,-2.8,2.8
1-2 дня,2026-08-09T22:39:09Z,2026-08-11T06:00:00Z,31.3,22.9,26.8,26.2,-3.9,3.9
1-2 дня,2026-08-09T22:39:09Z,2026-08-11T07:00:00Z,32.3,24.7,29.0,28.3,-4.3,4.3
1-2 дня,2026-08-09T22:39:09Z,2026-08-11T08:00:00Z,33.3,27.1,30.6,30.6,-3.5,3.5
1-2 дня,2026-08-09T22:39:09Z,2026-08-11T09:00:00Z,34.3,29.8,32.0,32.5,-2.2,2.2
1-2 дня,2026-08-09T22:39:09Z,2026-08-11T10:00:00Z,35.3,32.4,34.7,32.7,-2.3,2.3
1-2 дня,2026-08-10T05:20:42Z,2026-08-11T06:00:00Z,24.7,23.0,26.8,26.2,-3.8,3.8
1-2 дня,2026-08-10T05:20:42Z,2026-08-11T07:00:00Z,25.7,24.8,29.0,28.3,-4.2,4.2
1-2 дня,2026-08-10T05:20:42Z,2026-08-11T08:00:00Z,26.7,27.2,30.6,30.6,-3.4,3.4
1-2 дня,2026-08-10T05:20:42Z,2026-08-11T09:00:00Z,27.7,29.9,32.0,32.5,-2.1,2.1
1-2 дня,2026-08-10T05:20:42Z,2026-08-11T10:00:00Z,28.7,32.6,34.7,32.7,-2.1,2.1
2-3 дня,2026-08-06T09:50:07Z,2026-08-08T10:00:00Z,48.2,29.7,29.7,35.0,0.0,0.0
2-3 дня,2026-08-06T09:50:07Z,2026-08-08T11:00:00Z,49.2,31.2,30.9,35.9,0.3,0.3
2-3 дня,2026-08-06T09:50:07Z,2026-08-08T12:00:00Z,50.2,32.1,31.4,36.6,0.7,0.7
2-3 дня,2026-08-06T09:50:07Z,2026-08-08T13:00:00Z,51.2,32.3,32.0,36.9,0.3,0.3
2-3 дня,2026-08-06T09:50:07Z,2026-08-08T14:00:00Z,52.2,32.0,31.3,37.2,0.7,0.7
2-3 дня,2026-08-06T09:50:07Z,2026-08-08T15:00:00Z,53.2,31.4,32.0,36.4,-0.6,0.6
2-3 дня,2026-08-06T09:50:07Z,2026-08-08T16:00:00Z,54.2,30.5,31.3,34.4,-0.8,0.8
2-3 дня,2026-08-06T09:50:07Z,2026-08-08T17:00:00Z,55.2,29.6,30.0,34.2,-0.4,0.4
2-3 дня,2026-08-06T09:50:07Z,2026-08-08T18:00:00Z,56.2,28.7,29.2,32.0,-0.5,0.5
2-3 дня,2026-08-06T09:50:07Z,2026-08-08T19:00:00Z,57.2,27.7,28.4,29.3,-0.7,0.7
2-3 дня,2026-08-06T09:50:07Z,2026-08-08T20:00:00Z,58.2,26.5,27.6,28.2,-1.1,1.1
2-3 дня,2026-08-06T09:50:07Z,2026-08-08T21:00:00Z,59.2,25.2,26.6,27.2,-1.4,1.4
2-3 дня,2026-08-06T09:50:07Z,2026-08-08T22:00:00Z,60.2,23.9,25.4,27.1,-1.5,1.5
2-3 дня,2026-08-06T09:50:07Z,2026-08-08T23:00:00Z,61.2,22.8,24.9,25.7,-2.1,2.1
2-3 дня,2026-08-06T09:50:07Z,2026-08-09T00:00:00Z,62.2,22.1,24.2,25.6,-2.1,2.1
2-3 дня,2026-08-06T09:50:07Z,2026-08-09T01:00:00Z,63.2,21.7,23.8,25.1,-2.1,2.1
2-3 дня,2026-08-06T09:50:07Z,2026-08-09T02:00:00Z,64.2,21.5,22.8,23.0,-1.3,1.3
2-3 дня,2026-08-06T09:50:07Z,2026-08-09T03:00:00Z,65.2,21.5,21.3,21.4,0.2,0.2
2-3 дня,2026-08-06T09:50:07Z,2026-08-09T04:00:00Z,66.2,21.7,20.7,21.2,1.0,1.0
2-3 дня,2026-08-06T09:50:07Z,2026-08-09T05:00:00Z,67.2,22.1,21.8,21.7,0.3,0.3
2-3 дня,2026-08-06T09:50:07Z,2026-08-09T06:00:00Z,68.2,22.8,23.2,22.6,-0.4,0.4
2-3 дня,2026-08-06T09:50:07Z,2026-08-09T07:00:00Z,69.2,24.1,24.7,24.4,-0.6,0.6
2-3 дня,2026-08-06T09:50:07Z,2026-08-09T08:00:00Z,70.2,25.8,27.1,25.6,-1.3,1.3
2-3 дня,2026-08-06T09:50:07Z,2026-08-09T09:00:00Z,71.2,27.8,28.8,28.1,-1.0,1.0
2-3 дня,2026-08-06T09:59:18Z,2026-08-08T10:00:00Z,48.0,29.7,29.7,35.0,0.0,0.0
2-3 дня,2026-08-06T09:59:18Z,2026-08-08T11:00:00Z,49.0,31.2,30.9,35.9,0.3,0.3
2-3 дня,2026-08-06T09:59:18Z,2026-08-08T12:00:00Z,50.0,32.1,31.4,36.6,0.7,0.7
2-3 дня,2026-08-06T09:59:18Z,2026-08-08T13:00:00Z,51.0,32.3,32.0,36.9,0.3,0.3
2-3 дня,2026-08-06T09:59:18Z,2026-08-08T14:00:00Z,52.0,32.0,31.3,37.2,0.7,0.7
2-3 дня,2026-08-06T09:59:18Z,2026-08-08T15:00:00Z,53.0,31.4,32.0,36.4,-0.6,0.6
2-3 дня,2026-08-06T09:59:18Z,2026-08-08T16:00:00Z,54.0,30.5,31.3,34.4,-0.8,0.8
2-3 дня,2026-08-06T09:59:18Z,2026-08-08T17:00:00Z,55.0,29.6,30.0,34.2,-0.4,0.4
2-3 дня,2026-08-06T09:59:18Z,2026-08-08T18:00:00Z,56.0,28.7,29.2,32.0,-0.5,0.5
2-3 дня,2026-08-06T09:59:18Z,2026-08-08T19:00:00Z,57.0,27.7,28.4,29.3,-0.7,0.7
2-3 дня,2026-08-06T09:59:18Z,2026-08-08T20:00:00Z,58.0,26.5,27.6,28.2,-1.1,1.1
2-3 дня,2026-08-06T09:59:18Z,2026-08-08T21:00:00Z,59.0,25.2,26.6,27.2,-1.4,1.4
2-3 дня,2026-08-06T09:59:18Z,2026-08-08T22:00:00Z,60.0,23.9,25.4,27.1,-1.5,1.5
2-3 дня,2026-08-06T09:59:18Z,2026-08-08T23:00:00Z,61.0,22.8,24.9,25.7,-2.1,2.1
2-3 дня,2026-08-06T09:59:18Z,2026-08-09T00:00:00Z,62.0,22.1,24.2,25.6,-2.1,2.1
2-3 дня,2026-08-06T09:59:18Z,2026-08-09T01:00:00Z,63.0,21.7,23.8,25.1,-2.1,2.1
2-3 дня,2026-08-06T09:59:18Z,2026-08-09T02:00:00Z,64.0,21.5,22.8,23.0,-1.3,1.3
2-3 дня,2026-08-06T09:59:18Z,2026-08-09T03:00:00Z,65.0,21.5,21.3,21.4,0.2,0.2
2-3 дня,2026-08-06T09:59:18Z,2026-08-09T04:00:00Z,66.0,21.7,20.7,21.2,1.0,1.0
2-3 дня,2026-08-06T09:59:18Z,2026-08-09T05:00:00Z,67.0,22.1,21.8,21.7,0.3,0.3
2-3 дня,2026-08-06T09:59:18Z,2026-08-09T06:00:00Z,68.0,22.8,23.2,22.6,-0.4,0.4
2-3 дня,2026-08-06T09:59:18Z,2026-08-09T07:00:00Z,69.0,24.1,24.7,24.4,-0.6,0.6
2-3 дня,2026-08-06T09:59:18Z,2026-08-09T08:00:00Z,70.0,25.8,27.1,25.6,-1.3,1.3
2-3 дня,2026-08-06T09:59:18Z,2026-08-09T09:00:00Z,71.0,27.8,28.8,28.1,-1.0,1.0
2-3 дня,2026-08-06T10:08:26Z,2026-08-08T11:00:00Z,48.9,31.2,30.9,35.9,0.3,0.3
2-3 дня,2026-08-06T10:08:26Z,2026-08-08T12:00:00Z,49.9,32.1,31.4,36.6,0.7,0.7
2-3 дня,2026-08-06T10:08:26Z,2026-08-08T13:00:00Z,50.9,32.3,32.0,36.9,0.3,0.3
2-3 дня,2026-08-06T10:08:26Z,2026-08-08T14:00:00Z,51.9,32.0,31.3,37.2,0.7,0.7
2-3 дня,2026-08-06T10:08:26Z,2026-08-08T15:00:00Z,52.9,31.4,32.0,36.4,-0.6,0.6
2-3 дня,2026-08-06T10:08:26Z,2026-08-08T16:00:00Z,53.9,30.5,31.3,34.4,-0.8,0.8
2-3 дня,2026-08-06T10:08:26Z,2026-08-08T17:00:00Z,54.9,29.6,30.0,34.2,-0.4,0.4
2-3 дня,2026-08-06T10:08:26Z,2026-08-08T18:00:00Z,55.9,28.7,29.2,32.0,-0.5,0.5
2-3 дня,2026-08-06T10:08:26Z,2026-08-08T19:00:00Z,56.9,27.7,28.4,29.3,-0.7,0.7
2-3 дня,2026-08-06T10:08:26Z,2026-08-08T20:00:00Z,57.9,26.5,27.6,28.2,-1.1,1.1
2-3 дня,2026-08-06T10:08:26Z,2026-08-08T21:00:00Z,58.9,25.2,26.6,27.2,-1.4,1.4
2-3 дня,2026-08-06T10:08:26Z,2026-08-08T22:00:00Z,59.9,23.9,25.4,27.1,-1.5,1.5
2-3 дня,2026-08-06T10:08:26Z,2026-08-08T23:00:00Z,60.9,22.8,24.9,25.7,-2.1,2.1
2-3 дня,2026-08-06T10:08:26Z,2026-08-09T00:00:00Z,61.9,22.1,24.2,25.6,-2.1,2.1
2-3 дня,2026-08-06T10:08:26Z,2026-08-09T01:00:00Z,62.9,21.7,23.8,25.1,-2.1,2.1
2-3 дня,2026-08-06T10:08:26Z,2026-08-09T02:00:00Z,63.9,21.5,22.8,23.0,-1.3,1.3
2-3 дня,2026-08-06T10:08:26Z,2026-08-09T03:00:00Z,64.9,21.5,21.3,21.4,0.2,0.2
2-3 дня,2026-08-06T10:08:26Z,2026-08-09T04:00:00Z,65.9,21.7,20.7,21.2,1.0,1.0
2-3 дня,2026-08-06T10:08:26Z,2026-08-09T05:00:00Z,66.9,22.1,21.8,21.7,0.3,0.3
2-3 дня,2026-08-06T10:08:26Z,2026-08-09T06:00:00Z,67.9,22.8,23.2,22.6,-0.4,0.4
2-3 дня,2026-08-06T10:08:26Z,2026-08-09T07:00:00Z,68.9,24.1,24.7,24.4,-0.6,0.6
2-3 дня,2026-08-06T10:08:26Z,2026-08-09T08:00:00Z,69.9,25.8,27.1,25.6,-1.3,1.3
2-3 дня,2026-08-06T10:08:26Z,2026-08-09T09:00:00Z,70.9,27.8,28.8,28.1,-1.0,1.0
2-3 дня,2026-08-06T10:08:26Z,2026-08-09T10:00:00Z,71.9,29.8,30.1,29.7,-0.3,0.3
2-3 дня,2026-08-06T10:47:54Z,2026-08-08T11:00:00Z,48.2,31.2,30.9,35.9,0.3,0.3
2-3 дня,2026-08-06T10:47:54Z,2026-08-08T12:00:00Z,49.2,32.1,31.4,36.6,0.7,0.7
2-3 дня,2026-08-06T10:47:54Z,2026-08-08T13:00:00Z,50.2,32.3,32.0,36.9,0.3,0.3
2-3 дня,2026-08-06T10:47:54Z,2026-08-08T14:00:00Z,51.2,32.0,31.3,37.2,0.7,0.7
2-3 дня,2026-08-06T10:47:54Z,2026-08-08T15:00:00Z,52.2,31.4,32.0,36.4,-0.6,0.6
2-3 дня,2026-08-06T10:47:54Z,2026-08-08T16:00:00Z,53.2,30.5,31.3,34.4,-0.8,0.8
2-3 дня,2026-08-06T10:47:54Z,2026-08-08T17:00:00Z,54.2,29.6,30.0,34.2,-0.4,0.4
2-3 дня,2026-08-06T10:47:54Z,2026-08-08T18:00:00Z,55.2,28.7,29.2,32.0,-0.5,0.5
2-3 дня,2026-08-06T10:47:54Z,2026-08-08T19:00:00Z,56.2,27.7,28.4,29.3,-0.7,0.7
2-3 дня,2026-08-06T10:47:54Z,2026-08-08T20:00:00Z,57.2,26.5,27.6,28.2,-1.1,1.1
2-3 дня,2026-08-06T10:47:54Z,2026-08-08T21:00:00Z,58.2,25.2,26.6,27.2,-1.4,1.4
2-3 дня,2026-08-06T10:47:54Z,2026-08-08T22:00:00Z,59.2,23.9,25.4,27.1,-1.5,1.5
2-3 дня,2026-08-06T10:47:54Z,2026-08-08T23:00:00Z,60.2,22.8,24.9,25.7,-2.1,2.1
2-3 дня,2026-08-06T10:47:54Z,2026-08-09T00:00:00Z,61.2,22.1,24.2,25.6,-2.1,2.1
2-3 дня,2026-08-06T10:47:54Z,2026-08-09T01:00:00Z,62.2,21.7,23.8,25.1,-2.1,2.1
2-3 дня,2026-08-06T10:47:54Z,2026-08-09T02:00:00Z,63.2,21.5,22.8,23.0,-1.3,1.3
2-3 дня,2026-08-06T10:47:54Z,2026-08-09T03:00:00Z,64.2,21.5,21.3,21.4,0.2,0.2
2-3 дня,2026-08-06T10:47:54Z,2026-08-09T04:00:00Z,65.2,21.7,20.7,21.2,1.0,1.0
2-3 дня,2026-08-06T10:47:54Z,2026-08-09T05:00:00Z,66.2,22.1,21.8,21.7,0.3,0.3
2-3 дня,2026-08-06T10:47:54Z,2026-08-09T06:00:00Z,67.2,22.8,23.2,22.6,-0.4,0.4
2-3 дня,2026-08-06T10:47:54Z,2026-08-09T07:00:00Z,68.2,24.1,24.7,24.4,-0.6,0.6
2-3 дня,2026-08-06T10:47:54Z,2026-08-09T08:00:00Z,69.2,25.8,27.1,25.6,-1.3,1.3
2-3 дня,2026-08-06T10:47:54Z,2026-08-09T09:00:00Z,70.2,27.8,28.8,28.1,-1.0,1.0
2-3 дня,2026-08-06T10:47:54Z,2026-08-09T10:00:00Z,71.2,29.8,30.1,29.7,-0.3,0.3
2-3 дня,2026-08-06T11:30:42Z,2026-08-08T12:00:00Z,48.5,32.1,31.4,36.6,0.7,0.7
2-3 дня,2026-08-06T11:30:42Z,2026-08-08T13:00:00Z,49.5,32.3,32.0,36.9,0.3,0.3
2-3 дня,2026-08-06T11:30:42Z,2026-08-08T14:00:00Z,50.5,32.0,31.3,37.2,0.7,0.7
2-3 дня,2026-08-06T11:30:42Z,2026-08-08T15:00:00Z,51.5,31.4,32.0,36.4,-0.6,0.6
2-3 дня,2026-08-06T11:30:42Z,2026-08-08T16:00:00Z,52.5,30.5,31.3,34.4,-0.8,0.8
2-3 дня,2026-08-06T11:30:42Z,2026-08-08T17:00:00Z,53.5,29.6,30.0,34.2,-0.4,0.4
2-3 дня,2026-08-06T11:30:42Z,2026-08-08T18:00:00Z,54.5,28.7,29.2,32.0,-0.5,0.5
2-3 дня,2026-08-06T11:30:42Z,2026-08-08T19:00:00Z,55.5,27.7,28.4,29.3,-0.7,0.7
2-3 дня,2026-08-06T11:30:42Z,2026-08-08T20:00:00Z,56.5,26.5,27.6,28.2,-1.1,1.1
2-3 дня,2026-08-06T11:30:42Z,2026-08-08T21:00:00Z,57.5,25.2,26.6,27.2,-1.4,1.4
2-3 дня,2026-08-06T11:30:42Z,2026-08-08T22:00:00Z,58.5,23.9,25.4,27.1,-1.5,1.5
2-3 дня,2026-08-06T11:30:42Z,2026-08-08T23:00:00Z,59.5,22.8,24.9,25.7,-2.1,2.1
2-3 дня,2026-08-06T11:30:42Z,2026-08-09T00:00:00Z,60.5,22.1,24.2,25.6,-2.1,2.1
2-3 дня,2026-08-06T11:30:42Z,2026-08-09T01:00:00Z,61.5,21.7,23.8,25.1,-2.1,2.1
2-3 дня,2026-08-06T11:30:42Z,2026-08-09T02:00:00Z,62.5,21.5,22.8,23.0,-1.3,1.3
2-3 дня,2026-08-06T11:30:42Z,2026-08-09T03:00:00Z,63.5,21.5,21.3,21.4,0.2,0.2
2-3 дня,2026-08-06T11:30:42Z,2026-08-09T04:00:00Z,64.5,21.7,20.7,21.2,1.0,1.0
2-3 дня,2026-08-06T11:30:42Z,2026-08-09T05:00:00Z,65.5,22.1,21.8,21.7,0.3,0.3
2-3 дня,2026-08-06T11:30:42Z,2026-08-09T06:00:00Z,66.5,22.8,23.2,22.6,-0.4,0.4
2-3 дня,2026-08-06T11:30:42Z,2026-08-09T07:00:00Z,67.5,24.1,24.7,24.4,-0.6,0.6
2-3 дня,2026-08-06T11:30:42Z,2026-08-09T08:00:00Z,68.5,25.8,27.1,25.6,-1.3,1.3
2-3 дня,2026-08-06T11:30:42Z,2026-08-09T09:00:00Z,69.5,27.8,28.8,28.1,-1.0,1.0
2-3 дня,2026-08-06T11:30:42Z,2026-08-09T10:00:00Z,70.5,29.8,30.1,29.7,-0.3,0.3
2-3 дня,2026-08-06T11:30:42Z,2026-08-09T11:00:00Z,71.5,31.4,30.8,30.9,0.6,0.6
2-3 дня,2026-08-06T11:36:01Z,2026-08-08T12:00:00Z,48.4,32.1,31.4,36.6,0.7,0.7
2-3 дня,2026-08-06T11:36:01Z,2026-08-08T13:00:00Z,49.4,32.3,32.0,36.9,0.3,0.3
2-3 дня,2026-08-06T11:36:01Z,2026-08-08T14:00:00Z,50.4,32.0,31.3,37.2,0.7,0.7
2-3 дня,2026-08-06T11:36:01Z,2026-08-08T15:00:00Z,51.4,31.4,32.0,36.4,-0.6,0.6
2-3 дня,2026-08-06T11:36:01Z,2026-08-08T16:00:00Z,52.4,30.5,31.3,34.4,-0.8,0.8
2-3 дня,2026-08-06T11:36:01Z,2026-08-08T17:00:00Z,53.4,29.6,30.0,34.2,-0.4,0.4
2-3 дня,2026-08-06T11:36:01Z,2026-08-08T18:00:00Z,54.4,28.7,29.2,32.0,-0.5,0.5
2-3 дня,2026-08-06T11:36:01Z,2026-08-08T19:00:00Z,55.4,27.7,28.4,29.3,-0.7,0.7
2-3 дня,2026-08-06T11:36:01Z,2026-08-08T20:00:00Z,56.4,26.5,27.6,28.2,-1.1,1.1
2-3 дня,2026-08-06T11:36:01Z,2026-08-08T21:00:00Z,57.4,25.2,26.6,27.2,-1.4,1.4
2-3 дня,2026-08-06T11:36:01Z,2026-08-08T22:00:00Z,58.4,23.9,25.4,27.1,-1.5,1.5
2-3 дня,2026-08-06T11:36:01Z,2026-08-08T23:00:00Z,59.4,22.8,24.9,25.7,-2.1,2.1
2-3 дня,2026-08-06T11:36:01Z,2026-08-09T00:00:00Z,60.4,22.1,24.2,25.6,-2.1,2.1
2-3 дня,2026-08-06T11:36:01Z,2026-08-09T01:00:00Z,61.4,21.7,23.8,25.1,-2.1,2.1
2-3 дня,2026-08-06T11:36:01Z,2026-08-09T02:00:00Z,62.4,21.5,22.8,23.0,-1.3,1.3
2-3 дня,2026-08-06T11:36:01Z,2026-08-09T03:00:00Z,63.4,21.5,21.3,21.4,0.2,0.2
2-3 дня,2026-08-06T11:36:01Z,2026-08-09T04:00:00Z,64.4,21.7,20.7,21.2,1.0,1.0
2-3 дня,2026-08-06T11:36:01Z,2026-08-09T05:00:00Z,65.4,22.1,21.8,21.7,0.3,0.3
2-3 дня,2026-08-06T11:36:01Z,2026-08-09T06:00:00Z,66.4,22.8,23.2,22.6,-0.4,0.4
2-3 дня,2026-08-06T11:36:01Z,2026-08-09T07:00:00Z,67.4,24.1,24.7,24.4,-0.6,0.6
2-3 дня,2026-08-06T11:36:01Z,2026-08-09T08:00:00Z,68.4,25.8,27.1,25.6,-1.3,1.3
2-3 дня,2026-08-06T11:36:01Z,2026-08-09T09:00:00Z,69.4,27.8,28.8,28.1,-1.0,1.0
2-3 дня,2026-08-06T11:36:01Z,2026-08-09T10:00:00Z,70.4,29.8,30.1,29.7,-0.3,0.3
2-3 дня,2026-08-06T11:36:01Z,2026-08-09T11:00:00Z,71.4,31.4,30.8,30.9,0.6,0.6
2-3 дня,2026-08-06T11:44:08Z,2026-08-08T12:00:00Z,48.3,32.2,31.4,36.6,0.8,0.8
2-3 дня,2026-08-06T11:44:08Z,2026-08-08T13:00:00Z,49.3,32.4,32.0,36.9,0.4,0.4
2-3 дня,2026-08-06T11:44:08Z,2026-08-08T14:00:00Z,50.3,32.1,31.3,37.2,0.8,0.8
2-3 дня,2026-08-06T11:44:08Z,2026-08-08T15:00:00Z,51.3,31.5,32.0,36.4,-0.5,0.5
2-3 дня,2026-08-06T11:44:08Z,2026-08-08T16:00:00Z,52.3,30.7,31.3,34.4,-0.6,0.6
2-3 дня,2026-08-06T11:44:08Z,2026-08-08T17:00:00Z,53.3,29.8,30.0,34.2,-0.2,0.2
2-3 дня,2026-08-06T11:44:08Z,2026-08-08T18:00:00Z,54.3,28.9,29.2,32.0,-0.3,0.3
2-3 дня,2026-08-06T11:44:08Z,2026-08-08T19:00:00Z,55.3,27.9,28.4,29.3,-0.5,0.5
2-3 дня,2026-08-06T11:44:08Z,2026-08-08T20:00:00Z,56.3,26.6,27.6,28.2,-1.0,1.0
2-3 дня,2026-08-06T11:44:08Z,2026-08-08T21:00:00Z,57.3,25.2,26.6,27.2,-1.4,1.4
2-3 дня,2026-08-06T11:44:08Z,2026-08-08T22:00:00Z,58.3,23.9,25.4,27.1,-1.5,1.5
2-3 дня,2026-08-06T11:44:08Z,2026-08-08T23:00:00Z,59.3,22.8,24.9,25.7,-2.1,2.1
2-3 дня,2026-08-06T11:44:08Z,2026-08-09T00:00:00Z,60.3,22.1,24.2,25.6,-2.1,2.1
2-3 дня,2026-08-06T11:44:08Z,2026-08-09T01:00:00Z,61.3,21.6,23.8,25.1,-2.2,2.2
2-3 дня,2026-08-06T11:44:08Z,2026-08-09T02:00:00Z,62.3,21.4,22.8,23.0,-1.4,1.4
2-3 дня,2026-08-06T11:44:08Z,2026-08-09T03:00:00Z,63.3,21.4,21.3,21.4,0.1,0.1
2-3 дня,2026-08-06T11:44:08Z,2026-08-09T04:00:00Z,64.3,21.5,20.7,21.2,0.8,0.8
2-3 дня,2026-08-06T11:44:08Z,2026-08-09T05:00:00Z,65.3,22.0,21.8,21.7,0.2,0.2
2-3 дня,2026-08-06T11:44:08Z,2026-08-09T06:00:00Z,66.3,22.7,23.2,22.6,-0.5,0.5
2-3 дня,2026-08-06T11:44:08Z,2026-08-09T07:00:00Z,67.3,23.9,24.7,24.4,-0.8,0.8
2-3 дня,2026-08-06T11:44:08Z,2026-08-09T08:00:00Z,68.3,25.7,27.1,25.6,-1.4,1.4
2-3 дня,2026-08-06T11:44:08Z,2026-08-09T09:00:00Z,69.3,27.7,28.8,28.1,-1.1,1.1
2-3 дня,2026-08-06T11:44:08Z,2026-08-09T10:00:00Z,70.3,29.7,30.1,29.7,-0.4,0.4
2-3 дня,2026-08-06T11:44:08Z,2026-08-09T11:00:00Z,71.3,31.3,30.8,30.9,0.5,0.5
2-3 дня,2026-08-07T01:31:32Z,2026-08-09T02:00:00Z,48.5,20.9,22.8,23.0,-1.9,1.9
2-3 дня,2026-08-07T01:31:32Z,2026-08-09T03:00:00Z,49.5,20.9,21.3,21.4,-0.4,0.4
2-3 дня,2026-08-07T01:31:32Z,2026-08-09T04:00:00Z,50.5,21.2,20.7,21.2,0.5,0.5
2-3 дня,2026-08-07T01:31:32Z,2026-08-09T05:00:00Z,51.5,21.7,21.8,21.7,-0.1,0.1
2-3 дня,2026-08-07T01:31:32Z,2026-08-09T06:00:00Z,52.5,22.4,23.2,22.6,-0.8,0.8
2-3 дня,2026-08-07T01:31:32Z,2026-08-09T07:00:00Z,53.5,23.7,24.7,24.4,-1.0,1.0
2-3 дня,2026-08-07T01:31:32Z,2026-08-09T08:00:00Z,54.5,25.5,27.1,25.6,-1.6,1.6
2-3 дня,2026-08-07T01:31:32Z,2026-08-09T09:00:00Z,55.5,27.5,28.8,28.1,-1.3,1.3
2-3 дня,2026-08-07T01:31:32Z,2026-08-09T10:00:00Z,56.5,29.5,30.1,29.7,-0.6,0.6
2-3 дня,2026-08-07T01:31:32Z,2026-08-09T11:00:00Z,57.5,31.1,30.8,30.9,0.3,0.3
2-3 дня,2026-08-07T01:31:32Z,2026-08-09T12:00:00Z,58.5,32.0,32.4,31.4,-0.4,0.4
2-3 дня,2026-08-07T01:31:32Z,2026-08-09T13:00:00Z,59.5,32.2,32.7,32.0,-0.5,0.5
2-3 дня,2026-08-07T01:31:32Z,2026-08-09T14:00:00Z,60.5,31.9,33.2,31.3,-1.3,1.3
2-3 дня,2026-08-07T01:31:32Z,2026-08-09T15:00:00Z,61.5,31.3,33.1,32.0,-1.8,1.8
2-3 дня,2026-08-07T01:31:32Z,2026-08-09T16:00:00Z,62.5,30.4,32.2,31.3,-1.8,1.8
2-3 дня,2026-08-07T01:31:32Z,2026-08-09T17:00:00Z,63.5,29.3,30.8,30.0,-1.5,1.5
2-3 дня,2026-08-07T01:31:32Z,2026-08-09T18:00:00Z,64.5,28.3,29.7,29.2,-1.4,1.4
2-3 дня,2026-08-07T01:31:32Z,2026-08-09T19:00:00Z,65.5,27.0,28.3,28.4,-1.3,1.3
2-3 дня,2026-08-07T01:31:32Z,2026-08-09T20:00:00Z,66.5,25.3,27.3,27.6,-2.0,2.0
2-3 дня,2026-08-07T01:31:32Z,2026-08-09T21:00:00Z,67.5,23.4,26.6,26.6,-3.2,3.2
2-3 дня,2026-08-07T01:31:32Z,2026-08-09T22:00:00Z,68.5,21.7,24.9,25.4,-3.2,3.2
2-3 дня,2026-08-07T01:31:32Z,2026-08-09T23:00:00Z,69.5,20.3,24.0,24.9,-3.7,3.7
2-3 дня,2026-08-07T01:31:32Z,2026-08-10T00:00:00Z,70.5,19.5,23.3,24.2,-3.8,3.8
2-3 дня,2026-08-07T01:31:32Z,2026-08-10T01:00:00Z,71.5,19.3,22.9,23.8,-3.6,3.6
2-3 дня,2026-08-07T05:36:00Z,2026-08-09T06:00:00Z,48.4,22.4,23.2,22.6,-0.8,0.8
2-3 дня,2026-08-07T05:36:00Z,2026-08-09T07:00:00Z,49.4,23.7,24.7,24.4,-1.0,1.0
2-3 дня,2026-08-07T05:36:00Z,2026-08-09T08:00:00Z,50.4,25.5,27.1,25.6,-1.6,1.6
2-3 дня,2026-08-07T05:36:00Z,2026-08-09T09:00:00Z,51.4,27.5,28.8,28.1,-1.3,1.3
2-3 дня,2026-08-07T05:36:00Z,2026-08-09T10:00:00Z,52.4,29.5,30.1,29.7,-0.6,0.6
2-3 дня,2026-08-07T05:36:00Z,2026-08-09T11:00:00Z,53.4,31.1,30.8,30.9,0.3,0.3
2-3 дня,2026-08-07T05:36:00Z,2026-08-09T12:00:00Z,54.4,32.0,32.4,31.4,-0.4,0.4
2-3 дня,2026-08-07T05:36:00Z,2026-08-09T13:00:00Z,55.4,32.2,32.7,32.0,-0.5,0.5
2-3 дня,2026-08-07T05:36:00Z,2026-08-09T14:00:00Z,56.4,31.9,33.2,31.3,-1.3,1.3
2-3 дня,2026-08-07T05:36:00Z,2026-08-09T15:00:00Z,57.4,31.3,33.1,32.0,-1.8,1.8
2-3 дня,2026-08-07T05:36:00Z,2026-08-09T16:00:00Z,58.4,30.4,32.2,31.3,-1.8,1.8
2-3 дня,2026-08-07T05:36:00Z,2026-08-09T17:00:00Z,59.4,29.3,30.8,30.0,-1.5,1.5
2-3 дня,2026-08-07T05:36:00Z,2026-08-09T18:00:00Z,60.4,28.3,29.7,29.2,-1.4,1.4
2-3 дня,2026-08-07T05:36:00Z,2026-08-09T19:00:00Z,61.4,27.0,28.3,28.4,-1.3,1.3
2-3 дня,2026-08-07T05:36:00Z,2026-08-09T20:00:00Z,62.4,25.3,27.3,27.6,-2.0,2.0
2-3 дня,2026-08-07T05:36:00Z,2026-08-09T21:00:00Z,63.4,23.4,26.6,26.6,-3.2,3.2
2-3 дня,2026-08-07T05:36:00Z,2026-08-09T22:00:00Z,64.4,21.7,24.9,25.4,-3.2,3.2
2-3 дня,2026-08-07T05:36:00Z,2026-08-09T23:00:00Z,65.4,20.3,24.0,24.9,-3.7,3.7
2-3 дня,2026-08-07T05:36:00Z,2026-08-10T00:00:00Z,66.4,19.5,23.3,24.2,-3.8,3.8
2-3 дня,2026-08-07T05:36:00Z,2026-08-10T01:00:00Z,67.4,19.3,22.9,23.8,-3.6,3.6
2-3 дня,2026-08-07T05:36:00Z,2026-08-10T02:00:00Z,68.4,19.5,23.1,22.8,-3.6,3.6
2-3 дня,2026-08-07T05:36:00Z,2026-08-10T03:00:00Z,69.4,20.1,22.6,21.3,-2.5,2.5
2-3 дня,2026-08-07T05:36:00Z,2026-08-10T04:00:00Z,70.4,20.9,21.3,20.7,-0.4,0.4
2-3 дня,2026-08-07T05:36:00Z,2026-08-10T05:00:00Z,71.4,21.9,24.9,21.8,-3.0,3.0
2-3 дня,2026-08-07T06:18:59Z,2026-08-09T07:00:00Z,48.7,23.7,24.7,24.4,-1.0,1.0
2-3 дня,2026-08-07T06:18:59Z,2026-08-09T08:00:00Z,49.7,25.5,27.1,25.6,-1.6,1.6
2-3 дня,2026-08-07T06:18:59Z,2026-08-09T09:00:00Z,50.7,27.6,28.8,28.1,-1.2,1.2
2-3 дня,2026-08-07T06:18:59Z,2026-08-09T10:00:00Z,51.7,29.6,30.1,29.7,-0.5,0.5
2-3 дня,2026-08-07T06:18:59Z,2026-08-09T11:00:00Z,52.7,31.2,30.8,30.9,0.4,0.4
2-3 дня,2026-08-07T06:18:59Z,2026-08-09T12:00:00Z,53.7,32.1,32.4,31.4,-0.3,0.3
2-3 дня,2026-08-07T06:18:59Z,2026-08-09T13:00:00Z,54.7,32.3,32.7,32.0,-0.4,0.4
2-3 дня,2026-08-07T06:18:59Z,2026-08-09T14:00:00Z,55.7,32.1,33.2,31.3,-1.1,1.1
2-3 дня,2026-08-07T06:18:59Z,2026-08-09T15:00:00Z,56.7,31.5,33.1,32.0,-1.6,1.6
2-3 дня,2026-08-07T06:18:59Z,2026-08-09T16:00:00Z,57.7,30.6,32.2,31.3,-1.6,1.6
2-3 дня,2026-08-07T06:18:59Z,2026-08-09T17:00:00Z,58.7,29.5,30.8,30.0,-1.3,1.3
2-3 дня,2026-08-07T06:18:59Z,2026-08-09T18:00:00Z,59.7,28.5,29.7,29.2,-1.2,1.2
2-3 дня,2026-08-07T06:18:59Z,2026-08-09T19:00:00Z,60.7,27.1,28.3,28.4,-1.2,1.2
2-3 дня,2026-08-07T06:18:59Z,2026-08-09T20:00:00Z,61.7,25.4,27.3,27.6,-1.9,1.9
2-3 дня,2026-08-07T06:18:59Z,2026-08-09T21:00:00Z,62.7,23.5,26.6,26.6,-3.1,3.1
2-3 дня,2026-08-07T06:18:59Z,2026-08-09T22:00:00Z,63.7,21.8,24.9,25.4,-3.1,3.1
2-3 дня,2026-08-07T06:18:59Z,2026-08-09T23:00:00Z,64.7,20.4,24.0,24.9,-3.6,3.6
2-3 дня,2026-08-07T06:18:59Z,2026-08-10T00:00:00Z,65.7,19.5,23.3,24.2,-3.8,3.8
2-3 дня,2026-08-07T06:18:59Z,2026-08-10T01:00:00Z,66.7,19.3,22.9,23.8,-3.6,3.6
2-3 дня,2026-08-07T06:18:59Z,2026-08-10T02:00:00Z,67.7,19.5,23.1,22.8,-3.6,3.6
2-3 дня,2026-08-07T06:18:59Z,2026-08-10T03:00:00Z,68.7,20.1,22.6,21.3,-2.5,2.5
2-3 дня,2026-08-07T06:18:59Z,2026-08-10T04:00:00Z,69.7,20.9,21.3,20.7,-0.4,0.4
2-3 дня,2026-08-07T06:18:59Z,2026-08-10T05:00:00Z,70.7,21.9,24.9,21.8,-3.0,3.0
2-3 дня,2026-08-07T06:18:59Z,2026-08-10T06:00:00Z,71.7,23.1,26.2,23.2,-3.1,3.1
2-3 дня,2026-08-07T07:13:52Z,2026-08-09T08:00:00Z,48.8,25.5,27.1,25.6,-1.6,1.6
2-3 дня,2026-08-07T07:13:52Z,2026-08-09T09:00:00Z,49.8,27.6,28.8,28.1,-1.2,1.2
2-3 дня,2026-08-07T07:13:52Z,2026-08-09T10:00:00Z,50.8,29.6,30.1,29.7,-0.5,0.5
2-3 дня,2026-08-07T07:13:52Z,2026-08-09T11:00:00Z,51.8,31.2,30.8,30.9,0.4,0.4
2-3 дня,2026-08-07T07:13:52Z,2026-08-09T12:00:00Z,52.8,32.1,32.4,31.4,-0.3,0.3
2-3 дня,2026-08-07T07:13:52Z,2026-08-09T13:00:00Z,53.8,32.3,32.7,32.0,-0.4,0.4
2-3 дня,2026-08-07T07:13:52Z,2026-08-09T14:00:00Z,54.8,32.1,33.2,31.3,-1.1,1.1
2-3 дня,2026-08-07T07:13:52Z,2026-08-09T15:00:00Z,55.8,31.5,33.1,32.0,-1.6,1.6
2-3 дня,2026-08-07T07:13:52Z,2026-08-09T16:00:00Z,56.8,30.6,32.2,31.3,-1.6,1.6
2-3 дня,2026-08-07T07:13:52Z,2026-08-09T17:00:00Z,57.8,29.5,30.8,30.0,-1.3,1.3
2-3 дня,2026-08-07T07:13:52Z,2026-08-09T18:00:00Z,58.8,28.5,29.7,29.2,-1.2,1.2
2-3 дня,2026-08-07T07:13:52Z,2026-08-09T19:00:00Z,59.8,27.1,28.3,28.4,-1.2,1.2
2-3 дня,2026-08-07T07:13:52Z,2026-08-09T20:00:00Z,60.8,25.4,27.3,27.6,-1.9,1.9
2-3 дня,2026-08-07T07:13:52Z,2026-08-09T21:00:00Z,61.8,23.5,26.6,26.6,-3.1,3.1
2-3 дня,2026-08-07T07:13:52Z,2026-08-09T22:00:00Z,62.8,21.8,24.9,25.4,-3.1,3.1
2-3 дня,2026-08-07T07:13:52Z,2026-08-09T23:00:00Z,63.8,20.4,24.0,24.9,-3.6,3.6
2-3 дня,2026-08-07T07:13:52Z,2026-08-10T00:00:00Z,64.8,19.5,23.3,24.2,-3.8,3.8
2-3 дня,2026-08-07T07:13:52Z,2026-08-10T01:00:00Z,65.8,19.3,22.9,23.8,-3.6,3.6
2-3 дня,2026-08-07T07:13:52Z,2026-08-10T02:00:00Z,66.8,19.5,23.1,22.8,-3.6,3.6
2-3 дня,2026-08-07T07:13:52Z,2026-08-10T03:00:00Z,67.8,20.1,22.6,21.3,-2.5,2.5
2-3 дня,2026-08-07T07:13:52Z,2026-08-10T04:00:00Z,68.8,20.9,21.3,20.7,-0.4,0.4
2-3 дня,2026-08-07T07:13:52Z,2026-08-10T05:00:00Z,69.8,21.9,24.9,21.8,-3.0,3.0
2-3 дня,2026-08-07T07:13:52Z,2026-08-10T06:00:00Z,70.8,23.1,26.2,23.2,-3.1,3.1
2-3 дня,2026-08-07T07:13:52Z,2026-08-10T07:00:00Z,71.8,24.7,28.3,24.7,-3.6,3.6
2-3 дня,2026-08-07T10:39:14Z,2026-08-09T11:00:00Z,48.3,31.2,30.8,30.9,0.4,0.4
2-3 дня,2026-08-07T10:39:14Z,2026-08-09T12:00:00Z,49.3,32.1,32.4,31.4,-0.3,0.3
2-3 дня,2026-08-07T10:39:14Z,2026-08-09T13:00:00Z,50.3,32.3,32.7,32.0,-0.4,0.4
2-3 дня,2026-08-07T10:39:14Z,2026-08-09T14:00:00Z,51.3,32.1,33.2,31.3,-1.1,1.1
2-3 дня,2026-08-07T10:39:14Z,2026-08-09T15:00:00Z,52.3,31.5,33.1,32.0,-1.6,1.6
2-3 дня,2026-08-07T10:39:14Z,2026-08-09T16:00:00Z,53.3,30.6,32.2,31.3,-1.6,1.6
2-3 дня,2026-08-07T10:39:14Z,2026-08-09T17:00:00Z,54.3,29.5,30.8,30.0,-1.3,1.3
2-3 дня,2026-08-07T10:39:14Z,2026-08-09T18:00:00Z,55.3,28.5,29.7,29.2,-1.2,1.2
2-3 дня,2026-08-07T10:39:14Z,2026-08-09T19:00:00Z,56.3,27.1,28.3,28.4,-1.2,1.2
2-3 дня,2026-08-07T10:39:14Z,2026-08-09T20:00:00Z,57.3,25.4,27.3,27.6,-1.9,1.9
2-3 дня,2026-08-07T10:39:14Z,2026-08-09T21:00:00Z,58.3,23.5,26.6,26.6,-3.1,3.1
2-3 дня,2026-08-07T10:39:14Z,2026-08-09T22:00:00Z,59.3,21.8,24.9,25.4,-3.1,3.1
2-3 дня,2026-08-07T10:39:14Z,2026-08-09T23:00:00Z,60.3,20.4,24.0,24.9,-3.6,3.6
2-3 дня,2026-08-07T10:39:14Z,2026-08-10T00:00:00Z,61.3,19.5,23.3,24.2,-3.8,3.8
2-3 дня,2026-08-07T10:39:14Z,2026-08-10T01:00:00Z,62.3,19.3,22.9,23.8,-3.6,3.6
2-3 дня,2026-08-07T10:39:14Z,2026-08-10T02:00:00Z,63.3,19.5,23.1,22.8,-3.6,3.6
2-3 дня,2026-08-07T10:39:14Z,2026-08-10T03:00:00Z,64.3,20.1,22.6,21.3,-2.5,2.5
2-3 дня,2026-08-07T10:39:14Z,2026-08-10T04:00:00Z,65.3,20.9,21.3,20.7,-0.4,0.4
2-3 дня,2026-08-07T10:39:14Z,2026-08-10T05:00:00Z,66.3,21.9,24.9,21.8,-3.0,3.0
2-3 дня,2026-08-07T10:39:14Z,2026-08-10T06:00:00Z,67.3,23.1,26.2,23.2,-3.1,3.1
2-3 дня,2026-08-07T10:39:14Z,2026-08-10T07:00:00Z,68.3,24.7,28.3,24.7,-3.6,3.6
2-3 дня,2026-08-07T10:39:14Z,2026-08-10T08:00:00Z,69.3,26.8,30.6,27.1,-3.8,3.8
2-3 дня,2026-08-07T10:39:14Z,2026-08-10T09:00:00Z,70.3,29.2,32.5,28.8,-3.3,3.3
2-3 дня,2026-08-07T10:39:14Z,2026-08-10T10:00:00Z,71.3,31.4,32.7,30.1,-1.3,1.3
2-3 дня,2026-08-07T16:51:54Z,2026-08-09T17:00:00Z,48.1,29.2,30.8,30.0,-1.6,1.6
2-3 дня,2026-08-07T16:51:54Z,2026-08-09T18:00:00Z,49.1,28.1,29.7,29.2,-1.6,1.6
2-3 дня,2026-08-07T16:51:54Z,2026-08-09T19:00:00Z,50.1,26.8,28.3,28.4,-1.5,1.5
2-3 дня,2026-08-07T16:51:54Z,2026-08-09T20:00:00Z,51.1,25.1,27.3,27.6,-2.2,2.2
2-3 дня,2026-08-07T16:51:54Z,2026-08-09T21:00:00Z,52.1,23.2,26.6,26.6,-3.4,3.4
2-3 дня,2026-08-07T16:51:54Z,2026-08-09T22:00:00Z,53.1,21.5,24.9,25.4,-3.4,3.4
2-3 дня,2026-08-07T16:51:54Z,2026-08-09T23:00:00Z,54.1,20.0,24.0,24.9,-4.0,4.0
2-3 дня,2026-08-07T16:51:54Z,2026-08-10T00:00:00Z,55.1,19.2,23.3,24.2,-4.1,4.1
2-3 дня,2026-08-07T16:51:54Z,2026-08-10T01:00:00Z,56.1,19.0,22.9,23.8,-3.9,3.9
2-3 дня,2026-08-07T16:51:54Z,2026-08-10T02:00:00Z,57.1,19.2,23.1,22.8,-3.9,3.9
2-3 дня,2026-08-07T16:51:54Z,2026-08-10T03:00:00Z,58.1,19.7,22.6,21.3,-2.9,2.9
2-3 дня,2026-08-07T16:51:54Z,2026-08-10T04:00:00Z,59.1,20.6,21.3,20.7,-0.7,0.7
2-3 дня,2026-08-07T16:51:54Z,2026-08-10T05:00:00Z,60.1,21.6,24.9,21.8,-3.3,3.3
2-3 дня,2026-08-07T16:51:54Z,2026-08-10T06:00:00Z,61.1,22.8,26.2,23.2,-3.4,3.4
2-3 дня,2026-08-07T16:51:54Z,2026-08-10T07:00:00Z,62.1,24.4,28.3,24.7,-3.9,3.9
2-3 дня,2026-08-07T16:51:54Z,2026-08-10T08:00:00Z,63.1,26.5,30.6,27.1,-4.1,4.1
2-3 дня,2026-08-07T16:51:54Z,2026-08-10T09:00:00Z,64.1,28.9,32.5,28.8,-3.6,3.6
2-3 дня,2026-08-07T16:51:54Z,2026-08-10T10:00:00Z,65.1,31.2,32.7,30.1,-1.5,1.5
2-3 дня,2026-08-07T16:51:54Z,2026-08-10T11:00:00Z,66.1,33.0,33.2,30.8,-0.2,0.2
2-3 дня,2026-08-07T16:51:54Z,2026-08-10T12:00:00Z,67.1,34.1,34.1,32.4,0.0,0.0
2-3 дня,2026-08-07T16:51:54Z,2026-08-10T13:00:00Z,68.1,34.4,34.1,32.7,0.3,0.3
2-3 дня,2026-08-07T16:51:54Z,2026-08-10T14:00:00Z,69.1,34.1,34.6,33.2,-0.5,0.5
2-3 дня,2026-08-07T16:51:54Z,2026-08-10T15:00:00Z,70.1,33.4,34.7,33.1,-1.3,1.3
2-3 дня,2026-08-07T16:51:54Z,2026-08-10T16:00:00Z,71.1,32.4,34.0,32.2,-1.6,1.6
2-3 дня,2026-08-07T22:45:57Z,2026-08-09T23:00:00Z,48.2,19.5,24.0,24.9,-4.5,4.5
2-3 дня,2026-08-07T22:45:57Z,2026-08-10T00:00:00Z,49.2,18.6,23.3,24.2,-4.7,4.7
2-3 дня,2026-08-07T22:45:57Z,2026-08-10T01:00:00Z,50.2,18.4,22.9,23.8,-4.5,4.5
2-3 дня,2026-08-07T22:45:57Z,2026-08-10T02:00:00Z,51.2,18.6,23.1,22.8,-4.5,4.5
2-3 дня,2026-08-07T22:45:57Z,2026-08-10T03:00:00Z,52.2,19.1,22.6,21.3,-3.5,3.5
2-3 дня,2026-08-07T22:45:57Z,2026-08-10T04:00:00Z,53.2,19.9,21.3,20.7,-1.4,1.4
2-3 дня,2026-08-07T22:45:57Z,2026-08-10T05:00:00Z,54.2,20.9,24.9,21.8,-4.0,4.0
2-3 дня,2026-08-07T22:45:57Z,2026-08-10T06:00:00Z,55.2,22.1,26.2,23.2,-4.1,4.1
2-3 дня,2026-08-07T22:45:57Z,2026-08-10T07:00:00Z,56.2,23.8,28.3,24.7,-4.5,4.5
2-3 дня,2026-08-07T22:45:57Z,2026-08-10T08:00:00Z,57.2,25.9,30.6,27.1,-4.7,4.7
2-3 дня,2026-08-07T22:45:57Z,2026-08-10T09:00:00Z,58.2,28.4,32.5,28.8,-4.1,4.1
2-3 дня,2026-08-07T22:45:57Z,2026-08-10T10:00:00Z,59.2,30.7,32.7,30.1,-2.0,2.0
2-3 дня,2026-08-07T22:45:57Z,2026-08-10T11:00:00Z,60.2,32.5,33.2,30.8,-0.7,0.7
2-3 дня,2026-08-07T22:45:57Z,2026-08-10T12:00:00Z,61.2,33.6,34.1,32.4,-0.5,0.5
2-3 дня,2026-08-07T22:45:57Z,2026-08-10T13:00:00Z,62.2,33.9,34.1,32.7,-0.2,0.2
2-3 дня,2026-08-07T22:45:57Z,2026-08-10T14:00:00Z,63.2,33.6,34.6,33.2,-1.0,1.0
2-3 дня,2026-08-07T22:45:57Z,2026-08-10T15:00:00Z,64.2,32.8,34.7,33.1,-1.9,1.9
2-3 дня,2026-08-07T22:45:57Z,2026-08-10T16:00:00Z,65.2,31.8,34.0,32.2,-2.2,2.2
2-3 дня,2026-08-07T22:45:57Z,2026-08-10T17:00:00Z,66.2,30.6,32.8,30.8,-2.2,2.2
2-3 дня,2026-08-07T22:45:57Z,2026-08-10T18:00:00Z,67.2,29.5,31.8,29.7,-2.3,2.3
2-3 дня,2026-08-07T22:45:57Z,2026-08-10T19:00:00Z,68.2,28.1,29.7,28.3,-1.6,1.6
2-3 дня,2026-08-07T22:45:57Z,2026-08-10T20:00:00Z,69.2,26.4,29.3,27.3,-2.9,2.9
2-3 дня,2026-08-07T22:45:57Z,2026-08-10T21:00:00Z,70.2,24.6,27.1,26.6,-2.5,2.5
2-3 дня,2026-08-07T22:45:57Z,2026-08-10T22:00:00Z,71.2,22.8,26.6,24.9,-3.8,3.8
2-3 дня,2026-08-07T23:19:23Z,2026-08-10T00:00:00Z,48.7,18.6,23.3,24.2,-4.7,4.7
2-3 дня,2026-08-07T23:19:23Z,2026-08-10T01:00:00Z,49.7,18.4,22.9,23.8,-4.5,4.5
2-3 дня,2026-08-07T23:19:23Z,2026-08-10T02:00:00Z,50.7,18.6,23.1,22.8,-4.5,4.5
2-3 дня,2026-08-07T23:19:23Z,2026-08-10T03:00:00Z,51.7,19.1,22.6,21.3,-3.5,3.5
2-3 дня,2026-08-07T23:19:23Z,2026-08-10T04:00:00Z,52.7,19.9,21.3,20.7,-1.4,1.4
2-3 дня,2026-08-07T23:19:23Z,2026-08-10T05:00:00Z,53.7,20.9,24.9,21.8,-4.0,4.0
2-3 дня,2026-08-07T23:19:23Z,2026-08-10T06:00:00Z,54.7,22.1,26.2,23.2,-4.1,4.1
2-3 дня,2026-08-07T23:19:23Z,2026-08-10T07:00:00Z,55.7,23.8,28.3,24.7,-4.5,4.5
2-3 дня,2026-08-07T23:19:23Z,2026-08-10T08:00:00Z,56.7,25.9,30.6,27.1,-4.7,4.7
2-3 дня,2026-08-07T23:19:23Z,2026-08-10T09:00:00Z,57.7,28.4,32.5,28.8,-4.1,4.1
2-3 дня,2026-08-07T23:19:23Z,2026-08-10T10:00:00Z,58.7,30.7,32.7,30.1,-2.0,2.0
2-3 дня,2026-08-07T23:19:23Z,2026-08-10T11:00:00Z,59.7,32.5,33.2,30.8,-0.7,0.7
2-3 дня,2026-08-07T23:19:23Z,2026-08-10T12:00:00Z,60.7,33.6,34.1,32.4,-0.5,0.5
2-3 дня,2026-08-07T23:19:23Z,2026-08-10T13:00:00Z,61.7,33.9,34.1,32.7,-0.2,0.2
2-3 дня,2026-08-07T23:19:23Z,2026-08-10T14:00:00Z,62.7,33.6,34.6,33.2,-1.0,1.0
2-3 дня,2026-08-07T23:19:23Z,2026-08-10T15:00:00Z,63.7,32.8,34.7,33.1,-1.9,1.9
2-3 дня,2026-08-07T23:19:23Z,2026-08-10T16:00:00Z,64.7,31.8,34.0,32.2,-2.2,2.2
2-3 дня,2026-08-07T23:19:23Z,2026-08-10T17:00:00Z,65.7,30.6,32.8,30.8,-2.2,2.2
2-3 дня,2026-08-07T23:19:23Z,2026-08-10T18:00:00Z,66.7,29.5,31.8,29.7,-2.3,2.3
2-3 дня,2026-08-07T23:19:23Z,2026-08-10T19:00:00Z,67.7,28.1,29.7,28.3,-1.6,1.6
2-3 дня,2026-08-07T23:19:23Z,2026-08-10T20:00:00Z,68.7,26.4,29.3,27.3,-2.9,2.9
2-3 дня,2026-08-07T23:19:23Z,2026-08-10T21:00:00Z,69.7,24.6,27.1,26.6,-2.5,2.5
2-3 дня,2026-08-07T23:19:23Z,2026-08-10T22:00:00Z,70.7,22.8,26.6,24.9,-3.8,3.8
2-3 дня,2026-08-07T23:19:23Z,2026-08-10T23:00:00Z,71.7,21.4,26.2,24.0,-4.8,4.8
2-3 дня,2026-08-08T04:50:53Z,2026-08-10T05:00:00Z,48.2,20.7,24.9,21.8,-4.2,4.2
2-3 дня,2026-08-08T04:50:53Z,2026-08-10T06:00:00Z,49.2,21.9,26.2,23.2,-4.3,4.3
2-3 дня,2026-08-08T04:50:53Z,2026-08-10T07:00:00Z,50.2,23.5,28.3,24.7,-4.8,4.8
2-3 дня,2026-08-08T04:50:53Z,2026-08-10T08:00:00Z,51.2,25.7,30.6,27.1,-4.9,4.9
2-3 дня,2026-08-08T04:50:53Z,2026-08-10T09:00:00Z,52.2,28.1,32.5,28.8,-4.4,4.4
2-3 дня,2026-08-08T04:50:53Z,2026-08-10T10:00:00Z,53.2,30.4,32.7,30.1,-2.3,2.3
2-3 дня,2026-08-08T04:50:53Z,2026-08-10T11:00:00Z,54.2,32.2,33.2,30.8,-1.0,1.0
2-3 дня,2026-08-08T04:50:53Z,2026-08-10T12:00:00Z,55.2,33.3,34.1,32.4,-0.8,0.8
2-3 дня,2026-08-08T04:50:53Z,2026-08-10T13:00:00Z,56.2,33.5,34.1,32.7,-0.6,0.6
2-3 дня,2026-08-08T04:50:53Z,2026-08-10T14:00:00Z,57.2,33.2,34.6,33.2,-1.4,1.4
2-3 дня,2026-08-08T04:50:53Z,2026-08-10T15:00:00Z,58.2,32.4,34.7,33.1,-2.3,2.3
2-3 дня,2026-08-08T04:50:53Z,2026-08-10T16:00:00Z,59.2,31.4,34.0,32.2,-2.6,2.6
2-3 дня,2026-08-08T04:50:53Z,2026-08-10T17:00:00Z,60.2,30.2,32.8,30.8,-2.6,2.6
2-3 дня,2026-08-08T04:50:53Z,2026-08-10T18:00:00Z,61.2,29.1,31.8,29.7,-2.7,2.7
2-3 дня,2026-08-08T04:50:53Z,2026-08-10T19:00:00Z,62.2,27.7,29.7,28.3,-2.0,2.0
2-3 дня,2026-08-08T04:50:53Z,2026-08-10T20:00:00Z,63.2,26.0,29.3,27.3,-3.3,3.3
2-3 дня,2026-08-08T04:50:53Z,2026-08-10T21:00:00Z,64.2,24.2,27.1,26.6,-2.9,2.9
2-3 дня,2026-08-08T04:50:53Z,2026-08-10T22:00:00Z,65.2,22.4,26.6,24.9,-4.2,4.2
2-3 дня,2026-08-08T04:50:53Z,2026-08-10T23:00:00Z,66.2,21.0,26.2,24.0,-5.2,5.2
2-3 дня,2026-08-08T04:50:53Z,2026-08-11T00:00:00Z,67.2,20.2,25.5,23.3,-5.3,5.3
2-3 дня,2026-08-08T04:50:53Z,2026-08-11T01:00:00Z,68.2,19.9,23.9,22.9,-4.0,4.0
2-3 дня,2026-08-08T04:50:53Z,2026-08-11T02:00:00Z,69.2,19.9,23.2,23.1,-3.3,3.3
2-3 дня,2026-08-08T04:50:53Z,2026-08-11T03:00:00Z,70.2,20.3,22.4,22.6,-2.1,2.1
2-3 дня,2026-08-08T04:50:53Z,2026-08-11T04:00:00Z,71.2,21.0,22.2,21.3,-1.2,1.2
2-3 дня,2026-08-08T10:18:13Z,2026-08-10T11:00:00Z,48.7,31.8,33.2,30.8,-1.4,1.4
2-3 дня,2026-08-08T10:18:13Z,2026-08-10T12:00:00Z,49.7,32.8,34.1,32.4,-1.3,1.3
2-3 дня,2026-08-08T10:18:13Z,2026-08-10T13:00:00Z,50.7,33.1,34.1,32.7,-1.0,1.0
2-3 дня,2026-08-08T10:18:13Z,2026-08-10T14:00:00Z,51.7,32.7,34.6,33.2,-1.9,1.9
2-3 дня,2026-08-08T10:18:13Z,2026-08-10T15:00:00Z,52.7,32.0,34.7,33.1,-2.7,2.7
2-3 дня,2026-08-08T10:18:13Z,2026-08-10T16:00:00Z,53.7,30.9,34.0,32.2,-3.1,3.1
2-3 дня,2026-08-08T10:18:13Z,2026-08-10T17:00:00Z,54.7,29.8,32.8,30.8,-3.0,3.0
2-3 дня,2026-08-08T10:18:13Z,2026-08-10T18:00:00Z,55.7,28.6,31.8,29.7,-3.2,3.2
2-3 дня,2026-08-08T10:18:13Z,2026-08-10T19:00:00Z,56.7,27.3,29.7,28.3,-2.4,2.4
2-3 дня,2026-08-08T10:18:13Z,2026-08-10T20:00:00Z,57.7,25.6,29.3,27.3,-3.7,3.7
2-3 дня,2026-08-08T10:18:13Z,2026-08-10T21:00:00Z,58.7,23.8,27.1,26.6,-3.3,3.3
2-3 дня,2026-08-08T10:18:13Z,2026-08-10T22:00:00Z,59.7,22.1,26.6,24.9,-4.5,4.5
2-3 дня,2026-08-08T10:18:13Z,2026-08-10T23:00:00Z,60.7,20.7,26.2,24.0,-5.5,5.5
2-3 дня,2026-08-08T10:18:13Z,2026-08-11T00:00:00Z,61.7,19.8,25.5,23.3,-5.7,5.7
2-3 дня,2026-08-08T10:18:13Z,2026-08-11T01:00:00Z,62.7,19.5,23.9,22.9,-4.4,4.4
2-3 дня,2026-08-08T10:18:13Z,2026-08-11T02:00:00Z,63.7,19.6,23.2,23.1,-3.6,3.6
2-3 дня,2026-08-08T10:18:13Z,2026-08-11T03:00:00Z,64.7,20.0,22.4,22.6,-2.4,2.4
2-3 дня,2026-08-08T10:18:13Z,2026-08-11T04:00:00Z,65.7,20.7,22.2,21.3,-1.5,1.5
2-3 дня,2026-08-08T10:18:13Z,2026-08-11T05:00:00Z,66.7,21.6,24.5,24.9,-2.9,2.9
2-3 дня,2026-08-08T10:18:13Z,2026-08-11T06:00:00Z,67.7,22.8,26.8,26.2,-4.0,4.0
2-3 дня,2026-08-08T10:18:13Z,2026-08-11T07:00:00Z,68.7,24.5,29.0,28.3,-4.5,4.5
2-3 дня,2026-08-08T10:18:13Z,2026-08-11T08:00:00Z,69.7,26.8,30.6,30.6,-3.8,3.8
2-3 дня,2026-08-08T10:18:13Z,2026-08-11T09:00:00Z,70.7,29.5,32.0,32.5,-2.5,2.5
2-3 дня,2026-08-08T10:18:13Z,2026-08-11T10:00:00Z,71.7,32.0,34.7,32.7,-2.7,2.7
2-3 дня,2026-08-08T22:37:20Z,2026-08-10T23:00:00Z,48.4,20.7,26.2,24.0,-5.5,5.5
2-3 дня,2026-08-08T22:37:20Z,2026-08-11T00:00:00Z,49.4,19.9,25.5,23.3,-5.6,5.6
2-3 дня,2026-08-08T22:37:20Z,2026-08-11T01:00:00Z,50.4,19.6,23.9,22.9,-4.3,4.3
2-3 дня,2026-08-08T22:37:20Z,2026-08-11T02:00:00Z,51.4,19.7,23.2,23.1,-3.5,3.5
2-3 дня,2026-08-08T22:37:20Z,2026-08-11T03:00:00Z,52.4,20.1,22.4,22.6,-2.3,2.3
2-3 дня,2026-08-08T22:37:20Z,2026-08-11T04:00:00Z,53.4,20.8,22.2,21.3,-1.4,1.4
2-3 дня,2026-08-08T22:37:20Z,2026-08-11T05:00:00Z,54.4,21.8,24.5,24.9,-2.7,2.7
2-3 дня,2026-08-08T22:37:20Z,2026-08-11T06:00:00Z,55.4,23.0,26.8,26.2,-3.8,3.8
2-3 дня,2026-08-08T22:37:20Z,2026-08-11T07:00:00Z,56.4,24.7,29.0,28.3,-4.3,4.3
2-3 дня,2026-08-08T22:37:20Z,2026-08-11T08:00:00Z,57.4,27.1,30.6,30.6,-3.5,3.5
2-3 дня,2026-08-08T22:37:20Z,2026-08-11T09:00:00Z,58.4,29.7,32.0,32.5,-2.3,2.3
2-3 дня,2026-08-08T22:37:20Z,2026-08-11T10:00:00Z,59.4,32.3,34.7,32.7,-2.4,2.4
2-3 дня,2026-08-09T04:59:03Z,2026-08-11T05:00:00Z,48.0,22.0,24.5,24.9,-2.5,2.5
2-3 дня,2026-08-09T04:59:03Z,2026-08-11T06:00:00Z,49.0,23.2,26.8,26.2,-3.6,3.6
2-3 дня,2026-08-09T04:59:03Z,2026-08-11T07:00:00Z,50.0,24.9,29.0,28.3,-4.1,4.1
2-3 дня,2026-08-09T04:59:03Z,2026-08-11T08:00:00Z,51.0,27.3,30.6,30.6,-3.3,3.3
2-3 дня,2026-08-09T04:59:03Z,2026-08-11T09:00:00Z,52.0,29.9,32.0,32.5,-2.1,2.1
2-3 дня,2026-08-09T04:59:03Z,2026-08-11T10:00:00Z,53.0,32.5,34.7,32.7,-2.2,2.2
3-5 дней,2026-08-06T09:50:07Z,2026-08-09T10:00:00Z,72.2,29.8,30.1,29.7,-0.3,0.3
3-5 дней,2026-08-06T09:50:07Z,2026-08-09T11:00:00Z,73.2,31.4,30.8,30.9,0.6,0.6
3-5 дней,2026-08-06T09:50:07Z,2026-08-09T12:00:00Z,74.2,32.3,32.4,31.4,-0.1,0.1
3-5 дней,2026-08-06T09:50:07Z,2026-08-09T13:00:00Z,75.2,32.5,32.7,32.0,-0.2,0.2
3-5 дней,2026-08-06T09:50:07Z,2026-08-09T14:00:00Z,76.2,32.3,33.2,31.3,-0.9,0.9
3-5 дней,2026-08-06T09:50:07Z,2026-08-09T15:00:00Z,77.2,31.7,33.1,32.0,-1.4,1.4
3-5 дней,2026-08-06T09:50:07Z,2026-08-09T16:00:00Z,78.2,30.8,32.2,31.3,-1.4,1.4
3-5 дней,2026-08-06T09:50:07Z,2026-08-09T17:00:00Z,79.2,29.8,30.8,30.0,-1.0,1.0
3-5 дней,2026-08-06T09:50:07Z,2026-08-09T18:00:00Z,80.2,28.8,29.7,29.2,-0.9,0.9
3-5 дней,2026-08-06T09:50:07Z,2026-08-09T19:00:00Z,81.2,27.5,28.3,28.4,-0.8,0.8
3-5 дней,2026-08-06T09:50:07Z,2026-08-09T20:00:00Z,82.2,25.9,27.3,27.6,-1.4,1.4
3-5 дней,2026-08-06T09:50:07Z,2026-08-09T21:00:00Z,83.2,24.1,26.6,26.6,-2.5,2.5
3-5 дней,2026-08-06T09:50:07Z,2026-08-09T22:00:00Z,84.2,22.4,24.9,25.4,-2.5,2.5
3-5 дней,2026-08-06T09:50:07Z,2026-08-09T23:00:00Z,85.2,21.1,24.0,24.9,-2.9,2.9
3-5 дней,2026-08-06T09:50:07Z,2026-08-10T00:00:00Z,86.2,20.3,23.3,24.2,-3.0,3.0
3-5 дней,2026-08-06T09:50:07Z,2026-08-10T01:00:00Z,87.2,20.0,22.9,23.8,-2.9,2.9
3-5 дней,2026-08-06T09:50:07Z,2026-08-10T02:00:00Z,88.2,20.2,23.1,22.8,-2.9,2.9
3-5 дней,2026-08-06T09:50:07Z,2026-08-10T03:00:00Z,89.2,20.7,22.6,21.3,-1.9,1.9
3-5 дней,2026-08-06T09:50:07Z,2026-08-10T04:00:00Z,90.2,21.4,21.3,20.7,0.1,0.1
3-5 дней,2026-08-06T09:50:07Z,2026-08-10T05:00:00Z,91.2,22.3,24.9,21.8,-2.6,2.6
3-5 дней,2026-08-06T09:50:07Z,2026-08-10T06:00:00Z,92.2,23.4,26.2,23.2,-2.8,2.8
3-5 дней,2026-08-06T09:50:07Z,2026-08-10T07:00:00Z,93.2,24.9,28.3,24.7,-3.4,3.4
3-5 дней,2026-08-06T09:50:07Z,2026-08-10T08:00:00Z,94.2,27.0,30.6,27.1,-3.6,3.6
3-5 дней,2026-08-06T09:50:07Z,2026-08-10T09:00:00Z,95.2,29.2,32.5,28.8,-3.3,3.3
3-5 дней,2026-08-06T09:50:07Z,2026-08-10T10:00:00Z,96.2,31.4,32.7,30.1,-1.3,1.3
3-5 дней,2026-08-06T09:50:07Z,2026-08-10T11:00:00Z,97.2,33.1,33.2,30.8,-0.1,0.1
3-5 дней,2026-08-06T09:50:07Z,2026-08-10T12:00:00Z,98.2,34.1,34.1,32.4,0.0,0.0
3-5 дней,2026-08-06T09:50:07Z,2026-08-10T13:00:00Z,99.2,34.4,34.1,32.7,0.3,0.3
3-5 дней,2026-08-06T09:50:07Z,2026-08-10T14:00:00Z,100.2,34.0,34.6,33.2,-0.6,0.6
3-5 дней,2026-08-06T09:50:07Z,2026-08-10T15:00:00Z,101.2,33.3,34.7,33.1,-1.4,1.4
3-5 дней,2026-08-06T09:50:07Z,2026-08-10T16:00:00Z,102.2,32.3,34.0,32.2,-1.7,1.7
3-5 дней,2026-08-06T09:50:07Z,2026-08-10T17:00:00Z,103.2,31.2,32.8,30.8,-1.6,1.6
3-5 дней,2026-08-06T09:50:07Z,2026-08-10T18:00:00Z,104.2,30.1,31.8,29.7,-1.7,1.7
3-5 дней,2026-08-06T09:50:07Z,2026-08-10T19:00:00Z,105.2,28.8,29.7,28.3,-0.9,0.9
3-5 дней,2026-08-06T09:50:07Z,2026-08-10T20:00:00Z,106.2,27.2,29.3,27.3,-2.1,2.1
3-5 дней,2026-08-06T09:50:07Z,2026-08-10T21:00:00Z,107.2,25.5,27.1,26.6,-1.6,1.6
3-5 дней,2026-08-06T09:50:07Z,2026-08-10T22:00:00Z,108.2,23.8,26.6,24.9,-2.8,2.8
3-5 дней,2026-08-06T09:50:07Z,2026-08-10T23:00:00Z,109.2,22.5,26.2,24.0,-3.7,3.7
3-5 дней,2026-08-06T09:50:07Z,2026-08-11T00:00:00Z,110.2,21.6,25.5,23.3,-3.9,3.9
3-5 дней,2026-08-06T09:50:07Z,2026-08-11T01:00:00Z,111.2,21.3,23.9,22.9,-2.6,2.6
3-5 дней,2026-08-06T09:50:07Z,2026-08-11T02:00:00Z,112.2,21.4,23.2,23.1,-1.8,1.8
3-5 дней,2026-08-06T09:50:07Z,2026-08-11T03:00:00Z,113.2,21.7,22.4,22.6,-0.7,0.7
3-5 дней,2026-08-06T09:50:07Z,2026-08-11T04:00:00Z,114.2,22.3,22.2,21.3,0.1,0.1
3-5 дней,2026-08-06T09:50:07Z,2026-08-11T05:00:00Z,115.2,23.2,24.5,24.9,-1.3,1.3
3-5 дней,2026-08-06T09:50:07Z,2026-08-11T06:00:00Z,116.2,24.2,26.8,26.2,-2.6,2.6
3-5 дней,2026-08-06T09:50:07Z,2026-08-11T07:00:00Z,117.2,25.8,29.0,28.3,-3.2,3.2
3-5 дней,2026-08-06T09:50:07Z,2026-08-11T08:00:00Z,118.2,27.9,30.6,30.6,-2.7,2.7
3-5 дней,2026-08-06T09:50:07Z,2026-08-11T09:00:00Z,119.2,30.3,32.0,32.5,-1.7,1.7
3-5 дней,2026-08-06T09:59:18Z,2026-08-09T10:00:00Z,72.0,29.8,30.1,29.7,-0.3,0.3
3-5 дней,2026-08-06T09:59:18Z,2026-08-09T11:00:00Z,73.0,31.4,30.8,30.9,0.6,0.6
3-5 дней,2026-08-06T09:59:18Z,2026-08-09T12:00:00Z,74.0,32.3,32.4,31.4,-0.1,0.1
3-5 дней,2026-08-06T09:59:18Z,2026-08-09T13:00:00Z,75.0,32.5,32.7,32.0,-0.2,0.2
3-5 дней,2026-08-06T09:59:18Z,2026-08-09T14:00:00Z,76.0,32.3,33.2,31.3,-0.9,0.9
3-5 дней,2026-08-06T09:59:18Z,2026-08-09T15:00:00Z,77.0,31.7,33.1,32.0,-1.4,1.4
3-5 дней,2026-08-06T09:59:18Z,2026-08-09T16:00:00Z,78.0,30.8,32.2,31.3,-1.4,1.4
3-5 дней,2026-08-06T09:59:18Z,2026-08-09T17:00:00Z,79.0,29.8,30.8,30.0,-1.0,1.0
3-5 дней,2026-08-06T09:59:18Z,2026-08-09T18:00:00Z,80.0,28.8,29.7,29.2,-0.9,0.9
3-5 дней,2026-08-06T09:59:18Z,2026-08-09T19:00:00Z,81.0,27.5,28.3,28.4,-0.8,0.8
3-5 дней,2026-08-06T09:59:18Z,2026-08-09T20:00:00Z,82.0,25.9,27.3,27.6,-1.4,1.4
3-5 дней,2026-08-06T09:59:18Z,2026-08-09T21:00:00Z,83.0,24.1,26.6,26.6,-2.5,2.5
3-5 дней,2026-08-06T09:59:18Z,2026-08-09T22:00:00Z,84.0,22.4,24.9,25.4,-2.5,2.5
3-5 дней,2026-08-06T09:59:18Z,2026-08-09T23:00:00Z,85.0,21.1,24.0,24.9,-2.9,2.9
3-5 дней,2026-08-06T09:59:18Z,2026-08-10T00:00:00Z,86.0,20.3,23.3,24.2,-3.0,3.0
3-5 дней,2026-08-06T09:59:18Z,2026-08-10T01:00:00Z,87.0,20.0,22.9,23.8,-2.9,2.9
3-5 дней,2026-08-06T09:59:18Z,2026-08-10T02:00:00Z,88.0,20.2,23.1,22.8,-2.9,2.9
3-5 дней,2026-08-06T09:59:18Z,2026-08-10T03:00:00Z,89.0,20.7,22.6,21.3,-1.9,1.9
3-5 дней,2026-08-06T09:59:18Z,2026-08-10T04:00:00Z,90.0,21.4,21.3,20.7,0.1,0.1
3-5 дней,2026-08-06T09:59:18Z,2026-08-10T05:00:00Z,91.0,22.3,24.9,21.8,-2.6,2.6
3-5 дней,2026-08-06T09:59:18Z,2026-08-10T06:00:00Z,92.0,23.4,26.2,23.2,-2.8,2.8
3-5 дней,2026-08-06T09:59:18Z,2026-08-10T07:00:00Z,93.0,24.9,28.3,24.7,-3.4,3.4
3-5 дней,2026-08-06T09:59:18Z,2026-08-10T08:00:00Z,94.0,27.0,30.6,27.1,-3.6,3.6
3-5 дней,2026-08-06T09:59:18Z,2026-08-10T09:00:00Z,95.0,29.2,32.5,28.8,-3.3,3.3
3-5 дней,2026-08-06T09:59:18Z,2026-08-10T10:00:00Z,96.0,31.4,32.7,30.1,-1.3,1.3
3-5 дней,2026-08-06T09:59:18Z,2026-08-10T11:00:00Z,97.0,33.1,33.2,30.8,-0.1,0.1
3-5 дней,2026-08-06T09:59:18Z,2026-08-10T12:00:00Z,98.0,34.1,34.1,32.4,0.0,0.0
3-5 дней,2026-08-06T09:59:18Z,2026-08-10T13:00:00Z,99.0,34.4,34.1,32.7,0.3,0.3
3-5 дней,2026-08-06T09:59:18Z,2026-08-10T14:00:00Z,100.0,34.0,34.6,33.2,-0.6,0.6
3-5 дней,2026-08-06T09:59:18Z,2026-08-10T15:00:00Z,101.0,33.3,34.7,33.1,-1.4,1.4
3-5 дней,2026-08-06T09:59:18Z,2026-08-10T16:00:00Z,102.0,32.3,34.0,32.2,-1.7,1.7
3-5 дней,2026-08-06T09:59:18Z,2026-08-10T17:00:00Z,103.0,31.2,32.8,30.8,-1.6,1.6
3-5 дней,2026-08-06T09:59:18Z,2026-08-10T18:00:00Z,104.0,30.1,31.8,29.7,-1.7,1.7
3-5 дней,2026-08-06T09:59:18Z,2026-08-10T19:00:00Z,105.0,28.8,29.7,28.3,-0.9,0.9
3-5 дней,2026-08-06T09:59:18Z,2026-08-10T20:00:00Z,106.0,27.2,29.3,27.3,-2.1,2.1
3-5 дней,2026-08-06T09:59:18Z,2026-08-10T21:00:00Z,107.0,25.5,27.1,26.6,-1.6,1.6
3-5 дней,2026-08-06T09:59:18Z,2026-08-10T22:00:00Z,108.0,23.8,26.6,24.9,-2.8,2.8
3-5 дней,2026-08-06T09:59:18Z,2026-08-10T23:00:00Z,109.0,22.5,26.2,24.0,-3.7,3.7
3-5 дней,2026-08-06T09:59:18Z,2026-08-11T00:00:00Z,110.0,21.6,25.5,23.3,-3.9,3.9
3-5 дней,2026-08-06T09:59:18Z,2026-08-11T01:00:00Z,111.0,21.3,23.9,22.9,-2.6,2.6
3-5 дней,2026-08-06T09:59:18Z,2026-08-11T02:00:00Z,112.0,21.4,23.2,23.1,-1.8,1.8
3-5 дней,2026-08-06T09:59:18Z,2026-08-11T03:00:00Z,113.0,21.7,22.4,22.6,-0.7,0.7
3-5 дней,2026-08-06T09:59:18Z,2026-08-11T04:00:00Z,114.0,22.3,22.2,21.3,0.1,0.1
3-5 дней,2026-08-06T09:59:18Z,2026-08-11T05:00:00Z,115.0,23.2,24.5,24.9,-1.3,1.3
3-5 дней,2026-08-06T09:59:18Z,2026-08-11T06:00:00Z,116.0,24.2,26.8,26.2,-2.6,2.6
3-5 дней,2026-08-06T09:59:18Z,2026-08-11T07:00:00Z,117.0,25.8,29.0,28.3,-3.2,3.2
3-5 дней,2026-08-06T09:59:18Z,2026-08-11T08:00:00Z,118.0,27.9,30.6,30.6,-2.7,2.7
3-5 дней,2026-08-06T09:59:18Z,2026-08-11T09:00:00Z,119.0,30.3,32.0,32.5,-1.7,1.7
3-5 дней,2026-08-06T10:08:26Z,2026-08-09T11:00:00Z,72.9,31.4,30.8,30.9,0.6,0.6
3-5 дней,2026-08-06T10:08:26Z,2026-08-09T12:00:00Z,73.9,32.3,32.4,31.4,-0.1,0.1
3-5 дней,2026-08-06T10:08:26Z,2026-08-09T13:00:00Z,74.9,32.5,32.7,32.0,-0.2,0.2
3-5 дней,2026-08-06T10:08:26Z,2026-08-09T14:00:00Z,75.9,32.3,33.2,31.3,-0.9,0.9
3-5 дней,2026-08-06T10:08:26Z,2026-08-09T15:00:00Z,76.9,31.7,33.1,32.0,-1.4,1.4
3-5 дней,2026-08-06T10:08:26Z,2026-08-09T16:00:00Z,77.9,30.8,32.2,31.3,-1.4,1.4
3-5 дней,2026-08-06T10:08:26Z,2026-08-09T17:00:00Z,78.9,29.8,30.8,30.0,-1.0,1.0
3-5 дней,2026-08-06T10:08:26Z,2026-08-09T18:00:00Z,79.9,28.8,29.7,29.2,-0.9,0.9
3-5 дней,2026-08-06T10:08:26Z,2026-08-09T19:00:00Z,80.9,27.5,28.3,28.4,-0.8,0.8
3-5 дней,2026-08-06T10:08:26Z,2026-08-09T20:00:00Z,81.9,25.9,27.3,27.6,-1.4,1.4
3-5 дней,2026-08-06T10:08:26Z,2026-08-09T21:00:00Z,82.9,24.1,26.6,26.6,-2.5,2.5
3-5 дней,2026-08-06T10:08:26Z,2026-08-09T22:00:00Z,83.9,22.4,24.9,25.4,-2.5,2.5
3-5 дней,2026-08-06T10:08:26Z,2026-08-09T23:00:00Z,84.9,21.1,24.0,24.9,-2.9,2.9
3-5 дней,2026-08-06T10:08:26Z,2026-08-10T00:00:00Z,85.9,20.3,23.3,24.2,-3.0,3.0
3-5 дней,2026-08-06T10:08:26Z,2026-08-10T01:00:00Z,86.9,20.0,22.9,23.8,-2.9,2.9
3-5 дней,2026-08-06T10:08:26Z,2026-08-10T02:00:00Z,87.9,20.2,23.1,22.8,-2.9,2.9
3-5 дней,2026-08-06T10:08:26Z,2026-08-10T03:00:00Z,88.9,20.7,22.6,21.3,-1.9,1.9
3-5 дней,2026-08-06T10:08:26Z,2026-08-10T04:00:00Z,89.9,21.4,21.3,20.7,0.1,0.1
3-5 дней,2026-08-06T10:08:26Z,2026-08-10T05:00:00Z,90.9,22.3,24.9,21.8,-2.6,2.6
3-5 дней,2026-08-06T10:08:26Z,2026-08-10T06:00:00Z,91.9,23.4,26.2,23.2,-2.8,2.8
3-5 дней,2026-08-06T10:08:26Z,2026-08-10T07:00:00Z,92.9,24.9,28.3,24.7,-3.4,3.4
3-5 дней,2026-08-06T10:08:26Z,2026-08-10T08:00:00Z,93.9,27.0,30.6,27.1,-3.6,3.6
3-5 дней,2026-08-06T10:08:26Z,2026-08-10T09:00:00Z,94.9,29.2,32.5,28.8,-3.3,3.3
3-5 дней,2026-08-06T10:08:26Z,2026-08-10T10:00:00Z,95.9,31.4,32.7,30.1,-1.3,1.3
3-5 дней,2026-08-06T10:08:26Z,2026-08-10T11:00:00Z,96.9,33.1,33.2,30.8,-0.1,0.1
3-5 дней,2026-08-06T10:08:26Z,2026-08-10T12:00:00Z,97.9,34.1,34.1,32.4,0.0,0.0
3-5 дней,2026-08-06T10:08:26Z,2026-08-10T13:00:00Z,98.9,34.4,34.1,32.7,0.3,0.3
3-5 дней,2026-08-06T10:08:26Z,2026-08-10T14:00:00Z,99.9,34.0,34.6,33.2,-0.6,0.6
3-5 дней,2026-08-06T10:08:26Z,2026-08-10T15:00:00Z,100.9,33.3,34.7,33.1,-1.4,1.4
3-5 дней,2026-08-06T10:08:26Z,2026-08-10T16:00:00Z,101.9,32.3,34.0,32.2,-1.7,1.7
3-5 дней,2026-08-06T10:08:26Z,2026-08-10T17:00:00Z,102.9,31.2,32.8,30.8,-1.6,1.6
3-5 дней,2026-08-06T10:08:26Z,2026-08-10T18:00:00Z,103.9,30.1,31.8,29.7,-1.7,1.7
3-5 дней,2026-08-06T10:08:26Z,2026-08-10T19:00:00Z,104.9,28.8,29.7,28.3,-0.9,0.9
3-5 дней,2026-08-06T10:08:26Z,2026-08-10T20:00:00Z,105.9,27.2,29.3,27.3,-2.1,2.1
3-5 дней,2026-08-06T10:08:26Z,2026-08-10T21:00:00Z,106.9,25.5,27.1,26.6,-1.6,1.6
3-5 дней,2026-08-06T10:08:26Z,2026-08-10T22:00:00Z,107.9,23.8,26.6,24.9,-2.8,2.8
3-5 дней,2026-08-06T10:08:26Z,2026-08-10T23:00:00Z,108.9,22.5,26.2,24.0,-3.7,3.7
3-5 дней,2026-08-06T10:08:26Z,2026-08-11T00:00:00Z,109.9,21.6,25.5,23.3,-3.9,3.9
3-5 дней,2026-08-06T10:08:26Z,2026-08-11T01:00:00Z,110.9,21.3,23.9,22.9,-2.6,2.6
3-5 дней,2026-08-06T10:08:26Z,2026-08-11T02:00:00Z,111.9,21.4,23.2,23.1,-1.8,1.8
3-5 дней,2026-08-06T10:08:26Z,2026-08-11T03:00:00Z,112.9,21.7,22.4,22.6,-0.7,0.7
3-5 дней,2026-08-06T10:08:26Z,2026-08-11T04:00:00Z,113.9,22.3,22.2,21.3,0.1,0.1
3-5 дней,2026-08-06T10:08:26Z,2026-08-11T05:00:00Z,114.9,23.2,24.5,24.9,-1.3,1.3
3-5 дней,2026-08-06T10:08:26Z,2026-08-11T06:00:00Z,115.9,24.2,26.8,26.2,-2.6,2.6
3-5 дней,2026-08-06T10:08:26Z,2026-08-11T07:00:00Z,116.9,25.8,29.0,28.3,-3.2,3.2
3-5 дней,2026-08-06T10:08:26Z,2026-08-11T08:00:00Z,117.9,27.9,30.6,30.6,-2.7,2.7
3-5 дней,2026-08-06T10:08:26Z,2026-08-11T09:00:00Z,118.9,30.3,32.0,32.5,-1.7,1.7
3-5 дней,2026-08-06T10:08:26Z,2026-08-11T10:00:00Z,119.9,32.5,34.7,32.7,-2.2,2.2
3-5 дней,2026-08-06T10:47:54Z,2026-08-09T11:00:00Z,72.2,31.4,30.8,30.9,0.6,0.6
3-5 дней,2026-08-06T10:47:54Z,2026-08-09T12:00:00Z,73.2,32.3,32.4,31.4,-0.1,0.1
3-5 дней,2026-08-06T10:47:54Z,2026-08-09T13:00:00Z,74.2,32.5,32.7,32.0,-0.2,0.2
3-5 дней,2026-08-06T10:47:54Z,2026-08-09T14:00:00Z,75.2,32.3,33.2,31.3,-0.9,0.9
3-5 дней,2026-08-06T10:47:54Z,2026-08-09T15:00:00Z,76.2,31.7,33.1,32.0,-1.4,1.4
3-5 дней,2026-08-06T10:47:54Z,2026-08-09T16:00:00Z,77.2,30.8,32.2,31.3,-1.4,1.4
3-5 дней,2026-08-06T10:47:54Z,2026-08-09T17:00:00Z,78.2,29.8,30.8,30.0,-1.0,1.0
3-5 дней,2026-08-06T10:47:54Z,2026-08-09T18:00:00Z,79.2,28.8,29.7,29.2,-0.9,0.9
3-5 дней,2026-08-06T10:47:54Z,2026-08-09T19:00:00Z,80.2,27.5,28.3,28.4,-0.8,0.8
3-5 дней,2026-08-06T10:47:54Z,2026-08-09T20:00:00Z,81.2,25.9,27.3,27.6,-1.4,1.4
3-5 дней,2026-08-06T10:47:54Z,2026-08-09T21:00:00Z,82.2,24.1,26.6,26.6,-2.5,2.5
3-5 дней,2026-08-06T10:47:54Z,2026-08-09T22:00:00Z,83.2,22.4,24.9,25.4,-2.5,2.5
3-5 дней,2026-08-06T10:47:54Z,2026-08-09T23:00:00Z,84.2,21.1,24.0,24.9,-2.9,2.9
3-5 дней,2026-08-06T10:47:54Z,2026-08-10T00:00:00Z,85.2,20.3,23.3,24.2,-3.0,3.0
3-5 дней,2026-08-06T10:47:54Z,2026-08-10T01:00:00Z,86.2,20.0,22.9,23.8,-2.9,2.9
3-5 дней,2026-08-06T10:47:54Z,2026-08-10T02:00:00Z,87.2,20.2,23.1,22.8,-2.9,2.9
3-5 дней,2026-08-06T10:47:54Z,2026-08-10T03:00:00Z,88.2,20.7,22.6,21.3,-1.9,1.9
3-5 дней,2026-08-06T10:47:54Z,2026-08-10T04:00:00Z,89.2,21.4,21.3,20.7,0.1,0.1
3-5 дней,2026-08-06T10:47:54Z,2026-08-10T05:00:00Z,90.2,22.3,24.9,21.8,-2.6,2.6
3-5 дней,2026-08-06T10:47:54Z,2026-08-10T06:00:00Z,91.2,23.4,26.2,23.2,-2.8,2.8
3-5 дней,2026-08-06T10:47:54Z,2026-08-10T07:00:00Z,92.2,24.9,28.3,24.7,-3.4,3.4
3-5 дней,2026-08-06T10:47:54Z,2026-08-10T08:00:00Z,93.2,27.0,30.6,27.1,-3.6,3.6
3-5 дней,2026-08-06T10:47:54Z,2026-08-10T09:00:00Z,94.2,29.2,32.5,28.8,-3.3,3.3
3-5 дней,2026-08-06T10:47:54Z,2026-08-10T10:00:00Z,95.2,31.4,32.7,30.1,-1.3,1.3
3-5 дней,2026-08-06T10:47:54Z,2026-08-10T11:00:00Z,96.2,33.1,33.2,30.8,-0.1,0.1
3-5 дней,2026-08-06T10:47:54Z,2026-08-10T12:00:00Z,97.2,34.1,34.1,32.4,0.0,0.0
3-5 дней,2026-08-06T10:47:54Z,2026-08-10T13:00:00Z,98.2,34.4,34.1,32.7,0.3,0.3
3-5 дней,2026-08-06T10:47:54Z,2026-08-10T14:00:00Z,99.2,34.0,34.6,33.2,-0.6,0.6
3-5 дней,2026-08-06T10:47:54Z,2026-08-10T15:00:00Z,100.2,33.3,34.7,33.1,-1.4,1.4
3-5 дней,2026-08-06T10:47:54Z,2026-08-10T16:00:00Z,101.2,32.3,34.0,32.2,-1.7,1.7
3-5 дней,2026-08-06T10:47:54Z,2026-08-10T17:00:00Z,102.2,31.2,32.8,30.8,-1.6,1.6
3-5 дней,2026-08-06T10:47:54Z,2026-08-10T18:00:00Z,103.2,30.1,31.8,29.7,-1.7,1.7
3-5 дней,2026-08-06T10:47:54Z,2026-08-10T19:00:00Z,104.2,28.8,29.7,28.3,-0.9,0.9
3-5 дней,2026-08-06T10:47:54Z,2026-08-10T20:00:00Z,105.2,27.2,29.3,27.3,-2.1,2.1
3-5 дней,2026-08-06T10:47:54Z,2026-08-10T21:00:00Z,106.2,25.5,27.1,26.6,-1.6,1.6
3-5 дней,2026-08-06T10:47:54Z,2026-08-10T22:00:00Z,107.2,23.8,26.6,24.9,-2.8,2.8
3-5 дней,2026-08-06T10:47:54Z,2026-08-10T23:00:00Z,108.2,22.5,26.2,24.0,-3.7,3.7
3-5 дней,2026-08-06T10:47:54Z,2026-08-11T00:00:00Z,109.2,21.6,25.5,23.3,-3.9,3.9
3-5 дней,2026-08-06T10:47:54Z,2026-08-11T01:00:00Z,110.2,21.3,23.9,22.9,-2.6,2.6
3-5 дней,2026-08-06T10:47:54Z,2026-08-11T02:00:00Z,111.2,21.4,23.2,23.1,-1.8,1.8
3-5 дней,2026-08-06T10:47:54Z,2026-08-11T03:00:00Z,112.2,21.7,22.4,22.6,-0.7,0.7
3-5 дней,2026-08-06T10:47:54Z,2026-08-11T04:00:00Z,113.2,22.3,22.2,21.3,0.1,0.1
3-5 дней,2026-08-06T10:47:54Z,2026-08-11T05:00:00Z,114.2,23.2,24.5,24.9,-1.3,1.3
3-5 дней,2026-08-06T10:47:54Z,2026-08-11T06:00:00Z,115.2,24.2,26.8,26.2,-2.6,2.6
3-5 дней,2026-08-06T10:47:54Z,2026-08-11T07:00:00Z,116.2,25.8,29.0,28.3,-3.2,3.2
3-5 дней,2026-08-06T10:47:54Z,2026-08-11T08:00:00Z,117.2,27.9,30.6,30.6,-2.7,2.7
3-5 дней,2026-08-06T10:47:54Z,2026-08-11T09:00:00Z,118.2,30.3,32.0,32.5,-1.7,1.7
3-5 дней,2026-08-06T10:47:54Z,2026-08-11T10:00:00Z,119.2,32.5,34.7,32.7,-2.2,2.2
3-5 дней,2026-08-06T11:30:42Z,2026-08-09T12:00:00Z,72.5,32.3,32.4,31.4,-0.1,0.1
3-5 дней,2026-08-06T11:30:42Z,2026-08-09T13:00:00Z,73.5,32.5,32.7,32.0,-0.2,0.2
3-5 дней,2026-08-06T11:30:42Z,2026-08-09T14:00:00Z,74.5,32.3,33.2,31.3,-0.9,0.9
3-5 дней,2026-08-06T11:30:42Z,2026-08-09T15:00:00Z,75.5,31.7,33.1,32.0,-1.4,1.4
3-5 дней,2026-08-06T11:30:42Z,2026-08-09T16:00:00Z,76.5,30.8,32.2,31.3,-1.4,1.4
3-5 дней,2026-08-06T11:30:42Z,2026-08-09T17:00:00Z,77.5,29.8,30.8,30.0,-1.0,1.0
3-5 дней,2026-08-06T11:30:42Z,2026-08-09T18:00:00Z,78.5,28.8,29.7,29.2,-0.9,0.9
3-5 дней,2026-08-06T11:30:42Z,2026-08-09T19:00:00Z,79.5,27.5,28.3,28.4,-0.8,0.8
3-5 дней,2026-08-06T11:30:42Z,2026-08-09T20:00:00Z,80.5,25.9,27.3,27.6,-1.4,1.4
3-5 дней,2026-08-06T11:30:42Z,2026-08-09T21:00:00Z,81.5,24.1,26.6,26.6,-2.5,2.5
3-5 дней,2026-08-06T11:30:42Z,2026-08-09T22:00:00Z,82.5,22.4,24.9,25.4,-2.5,2.5
3-5 дней,2026-08-06T11:30:42Z,2026-08-09T23:00:00Z,83.5,21.1,24.0,24.9,-2.9,2.9
3-5 дней,2026-08-06T11:30:42Z,2026-08-10T00:00:00Z,84.5,20.3,23.3,24.2,-3.0,3.0
3-5 дней,2026-08-06T11:30:42Z,2026-08-10T01:00:00Z,85.5,20.0,22.9,23.8,-2.9,2.9
3-5 дней,2026-08-06T11:30:42Z,2026-08-10T02:00:00Z,86.5,20.2,23.1,22.8,-2.9,2.9
3-5 дней,2026-08-06T11:30:42Z,2026-08-10T03:00:00Z,87.5,20.7,22.6,21.3,-1.9,1.9
3-5 дней,2026-08-06T11:30:42Z,2026-08-10T04:00:00Z,88.5,21.4,21.3,20.7,0.1,0.1
3-5 дней,2026-08-06T11:30:42Z,2026-08-10T05:00:00Z,89.5,22.3,24.9,21.8,-2.6,2.6
3-5 дней,2026-08-06T11:30:42Z,2026-08-10T06:00:00Z,90.5,23.4,26.2,23.2,-2.8,2.8
3-5 дней,2026-08-06T11:30:42Z,2026-08-10T07:00:00Z,91.5,24.9,28.3,24.7,-3.4,3.4
3-5 дней,2026-08-06T11:30:42Z,2026-08-10T08:00:00Z,92.5,27.0,30.6,27.1,-3.6,3.6
3-5 дней,2026-08-06T11:30:42Z,2026-08-10T09:00:00Z,93.5,29.2,32.5,28.8,-3.3,3.3
3-5 дней,2026-08-06T11:30:42Z,2026-08-10T10:00:00Z,94.5,31.4,32.7,30.1,-1.3,1.3
3-5 дней,2026-08-06T11:30:42Z,2026-08-10T11:00:00Z,95.5,33.1,33.2,30.8,-0.1,0.1
3-5 дней,2026-08-06T11:30:42Z,2026-08-10T12:00:00Z,96.5,34.1,34.1,32.4,0.0,0.0
3-5 дней,2026-08-06T11:30:42Z,2026-08-10T13:00:00Z,97.5,34.4,34.1,32.7,0.3,0.3
3-5 дней,2026-08-06T11:30:42Z,2026-08-10T14:00:00Z,98.5,34.0,34.6,33.2,-0.6,0.6
3-5 дней,2026-08-06T11:30:42Z,2026-08-10T15:00:00Z,99.5,33.3,34.7,33.1,-1.4,1.4
3-5 дней,2026-08-06T11:30:42Z,2026-08-10T16:00:00Z,100.5,32.3,34.0,32.2,-1.7,1.7
3-5 дней,2026-08-06T11:30:42Z,2026-08-10T17:00:00Z,101.5,31.2,32.8,30.8,-1.6,1.6
3-5 дней,2026-08-06T11:30:42Z,2026-08-10T18:00:00Z,102.5,30.1,31.8,29.7,-1.7,1.7
3-5 дней,2026-08-06T11:30:42Z,2026-08-10T19:00:00Z,103.5,28.8,29.7,28.3,-0.9,0.9
3-5 дней,2026-08-06T11:30:42Z,2026-08-10T20:00:00Z,104.5,27.2,29.3,27.3,-2.1,2.1
3-5 дней,2026-08-06T11:30:42Z,2026-08-10T21:00:00Z,105.5,25.5,27.1,26.6,-1.6,1.6
3-5 дней,2026-08-06T11:30:42Z,2026-08-10T22:00:00Z,106.5,23.8,26.6,24.9,-2.8,2.8
3-5 дней,2026-08-06T11:30:42Z,2026-08-10T23:00:00Z,107.5,22.5,26.2,24.0,-3.7,3.7
3-5 дней,2026-08-06T11:30:42Z,2026-08-11T00:00:00Z,108.5,21.6,25.5,23.3,-3.9,3.9
3-5 дней,2026-08-06T11:30:42Z,2026-08-11T01:00:00Z,109.5,21.3,23.9,22.9,-2.6,2.6
3-5 дней,2026-08-06T11:30:42Z,2026-08-11T02:00:00Z,110.5,21.4,23.2,23.1,-1.8,1.8
3-5 дней,2026-08-06T11:30:42Z,2026-08-11T03:00:00Z,111.5,21.7,22.4,22.6,-0.7,0.7
3-5 дней,2026-08-06T11:30:42Z,2026-08-11T04:00:00Z,112.5,22.3,22.2,21.3,0.1,0.1
3-5 дней,2026-08-06T11:30:42Z,2026-08-11T05:00:00Z,113.5,23.2,24.5,24.9,-1.3,1.3
3-5 дней,2026-08-06T11:30:42Z,2026-08-11T06:00:00Z,114.5,24.2,26.8,26.2,-2.6,2.6
3-5 дней,2026-08-06T11:30:42Z,2026-08-11T07:00:00Z,115.5,25.8,29.0,28.3,-3.2,3.2
3-5 дней,2026-08-06T11:30:42Z,2026-08-11T08:00:00Z,116.5,27.9,30.6,30.6,-2.7,2.7
3-5 дней,2026-08-06T11:30:42Z,2026-08-11T09:00:00Z,117.5,30.3,32.0,32.5,-1.7,1.7
3-5 дней,2026-08-06T11:30:42Z,2026-08-11T10:00:00Z,118.5,32.5,34.7,32.7,-2.2,2.2
3-5 дней,2026-08-06T11:36:01Z,2026-08-09T12:00:00Z,72.4,32.3,32.4,31.4,-0.1,0.1
3-5 дней,2026-08-06T11:36:01Z,2026-08-09T13:00:00Z,73.4,32.5,32.7,32.0,-0.2,0.2
3-5 дней,2026-08-06T11:36:01Z,2026-08-09T14:00:00Z,74.4,32.3,33.2,31.3,-0.9,0.9
3-5 дней,2026-08-06T11:36:01Z,2026-08-09T15:00:00Z,75.4,31.7,33.1,32.0,-1.4,1.4
3-5 дней,2026-08-06T11:36:01Z,2026-08-09T16:00:00Z,76.4,30.8,32.2,31.3,-1.4,1.4
3-5 дней,2026-08-06T11:36:01Z,2026-08-09T17:00:00Z,77.4,29.8,30.8,30.0,-1.0,1.0
3-5 дней,2026-08-06T11:36:01Z,2026-08-09T18:00:00Z,78.4,28.8,29.7,29.2,-0.9,0.9
3-5 дней,2026-08-06T11:36:01Z,2026-08-09T19:00:00Z,79.4,27.5,28.3,28.4,-0.8,0.8
3-5 дней,2026-08-06T11:36:01Z,2026-08-09T20:00:00Z,80.4,25.9,27.3,27.6,-1.4,1.4
3-5 дней,2026-08-06T11:36:01Z,2026-08-09T21:00:00Z,81.4,24.1,26.6,26.6,-2.5,2.5
3-5 дней,2026-08-06T11:36:01Z,2026-08-09T22:00:00Z,82.4,22.4,24.9,25.4,-2.5,2.5
3-5 дней,2026-08-06T11:36:01Z,2026-08-09T23:00:00Z,83.4,21.1,24.0,24.9,-2.9,2.9
3-5 дней,2026-08-06T11:36:01Z,2026-08-10T00:00:00Z,84.4,20.3,23.3,24.2,-3.0,3.0
3-5 дней,2026-08-06T11:36:01Z,2026-08-10T01:00:00Z,85.4,20.0,22.9,23.8,-2.9,2.9
3-5 дней,2026-08-06T11:36:01Z,2026-08-10T02:00:00Z,86.4,20.2,23.1,22.8,-2.9,2.9
3-5 дней,2026-08-06T11:36:01Z,2026-08-10T03:00:00Z,87.4,20.7,22.6,21.3,-1.9,1.9
3-5 дней,2026-08-06T11:36:01Z,2026-08-10T04:00:00Z,88.4,21.4,21.3,20.7,0.1,0.1
3-5 дней,2026-08-06T11:36:01Z,2026-08-10T05:00:00Z,89.4,22.3,24.9,21.8,-2.6,2.6
3-5 дней,2026-08-06T11:36:01Z,2026-08-10T06:00:00Z,90.4,23.4,26.2,23.2,-2.8,2.8
3-5 дней,2026-08-06T11:36:01Z,2026-08-10T07:00:00Z,91.4,24.9,28.3,24.7,-3.4,3.4
3-5 дней,2026-08-06T11:36:01Z,2026-08-10T08:00:00Z,92.4,27.0,30.6,27.1,-3.6,3.6
3-5 дней,2026-08-06T11:36:01Z,2026-08-10T09:00:00Z,93.4,29.2,32.5,28.8,-3.3,3.3
3-5 дней,2026-08-06T11:36:01Z,2026-08-10T10:00:00Z,94.4,31.4,32.7,30.1,-1.3,1.3
3-5 дней,2026-08-06T11:36:01Z,2026-08-10T11:00:00Z,95.4,33.1,33.2,30.8,-0.1,0.1
3-5 дней,2026-08-06T11:36:01Z,2026-08-10T12:00:00Z,96.4,34.1,34.1,32.4,0.0,0.0
3-5 дней,2026-08-06T11:36:01Z,2026-08-10T13:00:00Z,97.4,34.4,34.1,32.7,0.3,0.3
3-5 дней,2026-08-06T11:36:01Z,2026-08-10T14:00:00Z,98.4,34.0,34.6,33.2,-0.6,0.6
3-5 дней,2026-08-06T11:36:01Z,2026-08-10T15:00:00Z,99.4,33.3,34.7,33.1,-1.4,1.4
3-5 дней,2026-08-06T11:36:01Z,2026-08-10T16:00:00Z,100.4,32.3,34.0,32.2,-1.7,1.7
3-5 дней,2026-08-06T11:36:01Z,2026-08-10T17:00:00Z,101.4,31.2,32.8,30.8,-1.6,1.6
3-5 дней,2026-08-06T11:36:01Z,2026-08-10T18:00:00Z,102.4,30.1,31.8,29.7,-1.7,1.7
3-5 дней,2026-08-06T11:36:01Z,2026-08-10T19:00:00Z,103.4,28.8,29.7,28.3,-0.9,0.9
3-5 дней,2026-08-06T11:36:01Z,2026-08-10T20:00:00Z,104.4,27.2,29.3,27.3,-2.1,2.1
3-5 дней,2026-08-06T11:36:01Z,2026-08-10T21:00:00Z,105.4,25.5,27.1,26.6,-1.6,1.6
3-5 дней,2026-08-06T11:36:01Z,2026-08-10T22:00:00Z,106.4,23.8,26.6,24.9,-2.8,2.8
3-5 дней,2026-08-06T11:36:01Z,2026-08-10T23:00:00Z,107.4,22.5,26.2,24.0,-3.7,3.7
3-5 дней,2026-08-06T11:36:01Z,2026-08-11T00:00:00Z,108.4,21.6,25.5,23.3,-3.9,3.9
3-5 дней,2026-08-06T11:36:01Z,2026-08-11T01:00:00Z,109.4,21.3,23.9,22.9,-2.6,2.6
3-5 дней,2026-08-06T11:36:01Z,2026-08-11T02:00:00Z,110.4,21.4,23.2,23.1,-1.8,1.8
3-5 дней,2026-08-06T11:36:01Z,2026-08-11T03:00:00Z,111.4,21.7,22.4,22.6,-0.7,0.7
3-5 дней,2026-08-06T11:36:01Z,2026-08-11T04:00:00Z,112.4,22.3,22.2,21.3,0.1,0.1
3-5 дней,2026-08-06T11:36:01Z,2026-08-11T05:00:00Z,113.4,23.2,24.5,24.9,-1.3,1.3
3-5 дней,2026-08-06T11:36:01Z,2026-08-11T06:00:00Z,114.4,24.2,26.8,26.2,-2.6,2.6
3-5 дней,2026-08-06T11:36:01Z,2026-08-11T07:00:00Z,115.4,25.8,29.0,28.3,-3.2,3.2
3-5 дней,2026-08-06T11:36:01Z,2026-08-11T08:00:00Z,116.4,27.9,30.6,30.6,-2.7,2.7
3-5 дней,2026-08-06T11:36:01Z,2026-08-11T09:00:00Z,117.4,30.3,32.0,32.5,-1.7,1.7
3-5 дней,2026-08-06T11:36:01Z,2026-08-11T10:00:00Z,118.4,32.5,34.7,32.7,-2.2,2.2
3-5 дней,2026-08-06T11:44:08Z,2026-08-09T12:00:00Z,72.3,32.2,32.4,31.4,-0.2,0.2
3-5 дней,2026-08-06T11:44:08Z,2026-08-09T13:00:00Z,73.3,32.4,32.7,32.0,-0.3,0.3
3-5 дней,2026-08-06T11:44:08Z,2026-08-09T14:00:00Z,74.3,32.2,33.2,31.3,-1.0,1.0
3-5 дней,2026-08-06T11:44:08Z,2026-08-09T15:00:00Z,75.3,31.5,33.1,32.0,-1.6,1.6
3-5 дней,2026-08-06T11:44:08Z,2026-08-09T16:00:00Z,76.3,30.7,32.2,31.3,-1.5,1.5
3-5 дней,2026-08-06T11:44:08Z,2026-08-09T17:00:00Z,77.3,29.6,30.8,30.0,-1.2,1.2
3-5 дней,2026-08-06T11:44:08Z,2026-08-09T18:00:00Z,78.3,28.6,29.7,29.2,-1.1,1.1
3-5 дней,2026-08-06T11:44:08Z,2026-08-09T19:00:00Z,79.3,27.3,28.3,28.4,-1.0,1.0
3-5 дней,2026-08-06T11:44:08Z,2026-08-09T20:00:00Z,80.3,25.6,27.3,27.6,-1.7,1.7
3-5 дней,2026-08-06T11:44:08Z,2026-08-09T21:00:00Z,81.3,23.8,26.6,26.6,-2.8,2.8
3-5 дней,2026-08-06T11:44:08Z,2026-08-09T22:00:00Z,82.3,22.1,24.9,25.4,-2.8,2.8
3-5 дней,2026-08-06T11:44:08Z,2026-08-09T23:00:00Z,83.3,20.7,24.0,24.9,-3.3,3.3
3-5 дней,2026-08-06T11:44:08Z,2026-08-10T00:00:00Z,84.3,19.9,23.3,24.2,-3.4,3.4
3-5 дней,2026-08-06T11:44:08Z,2026-08-10T01:00:00Z,85.3,19.7,22.9,23.8,-3.2,3.2
3-5 дней,2026-08-06T11:44:08Z,2026-08-10T02:00:00Z,86.3,19.9,23.1,22.8,-3.2,3.2
3-5 дней,2026-08-06T11:44:08Z,2026-08-10T03:00:00Z,87.3,20.3,22.6,21.3,-2.3,2.3
3-5 дней,2026-08-06T11:44:08Z,2026-08-10T04:00:00Z,88.3,21.1,21.3,20.7,-0.2,0.2
3-5 дней,2026-08-06T11:44:08Z,2026-08-10T05:00:00Z,89.3,22.1,24.9,21.8,-2.8,2.8
3-5 дней,2026-08-06T11:44:08Z,2026-08-10T06:00:00Z,90.3,23.2,26.2,23.2,-3.0,3.0
3-5 дней,2026-08-06T11:44:08Z,2026-08-10T07:00:00Z,91.3,24.8,28.3,24.7,-3.5,3.5
3-5 дней,2026-08-06T11:44:08Z,2026-08-10T08:00:00Z,92.3,26.9,30.6,27.1,-3.7,3.7
3-5 дней,2026-08-06T11:44:08Z,2026-08-10T09:00:00Z,93.3,29.2,32.5,28.8,-3.3,3.3
3-5 дней,2026-08-06T11:44:08Z,2026-08-10T10:00:00Z,94.3,31.4,32.7,30.1,-1.3,1.3
3-5 дней,2026-08-06T11:44:08Z,2026-08-10T11:00:00Z,95.3,33.2,33.2,30.8,0.0,0.0
3-5 дней,2026-08-06T11:44:08Z,2026-08-10T12:00:00Z,96.3,34.3,34.1,32.4,0.2,0.2
3-5 дней,2026-08-06T11:44:08Z,2026-08-10T13:00:00Z,97.3,34.5,34.1,32.7,0.4,0.4
3-5 дней,2026-08-06T11:44:08Z,2026-08-10T14:00:00Z,98.3,34.2,34.6,33.2,-0.4,0.4
3-5 дней,2026-08-06T11:44:08Z,2026-08-10T15:00:00Z,99.3,33.5,34.7,33.1,-1.2,1.2
3-5 дней,2026-08-06T11:44:08Z,2026-08-10T16:00:00Z,100.3,32.4,34.0,32.2,-1.6,1.6
3-5 дней,2026-08-06T11:44:08Z,2026-08-10T17:00:00Z,101.3,31.3,32.8,30.8,-1.5,1.5
3-5 дней,2026-08-06T11:44:08Z,2026-08-10T18:00:00Z,102.3,30.2,31.8,29.7,-1.6,1.6
3-5 дней,2026-08-06T11:44:08Z,2026-08-10T19:00:00Z,103.3,28.9,29.7,28.3,-0.8,0.8
3-5 дней,2026-08-06T11:44:08Z,2026-08-10T20:00:00Z,104.3,27.2,29.3,27.3,-2.1,2.1
3-5 дней,2026-08-06T11:44:08Z,2026-08-10T21:00:00Z,105.3,25.5,27.1,26.6,-1.6,1.6
3-5 дней,2026-08-06T11:44:08Z,2026-08-10T22:00:00Z,106.3,23.8,26.6,24.9,-2.8,2.8
3-5 дней,2026-08-06T11:44:08Z,2026-08-10T23:00:00Z,107.3,22.4,26.2,24.0,-3.8,3.8
3-5 дней,2026-08-06T11:44:08Z,2026-08-11T00:00:00Z,108.3,21.6,25.5,23.3,-3.9,3.9
3-5 дней,2026-08-06T11:44:08Z,2026-08-11T01:00:00Z,109.3,21.2,23.9,22.9,-2.7,2.7
3-5 дней,2026-08-06T11:44:08Z,2026-08-11T02:00:00Z,110.3,21.3,23.2,23.1,-1.9,1.9
3-5 дней,2026-08-06T11:44:08Z,2026-08-11T03:00:00Z,111.3,21.6,22.4,22.6,-0.8,0.8
3-5 дней,2026-08-06T11:44:08Z,2026-08-11T04:00:00Z,112.3,22.2,22.2,21.3,0.0,0.0
3-5 дней,2026-08-06T11:44:08Z,2026-08-11T05:00:00Z,113.3,23.0,24.5,24.9,-1.5,1.5
3-5 дней,2026-08-06T11:44:08Z,2026-08-11T06:00:00Z,114.3,24.1,26.8,26.2,-2.7,2.7
3-5 дней,2026-08-06T11:44:08Z,2026-08-11T07:00:00Z,115.3,25.7,29.0,28.3,-3.3,3.3
3-5 дней,2026-08-06T11:44:08Z,2026-08-11T08:00:00Z,116.3,27.9,30.6,30.6,-2.7,2.7
3-5 дней,2026-08-06T11:44:08Z,2026-08-11T09:00:00Z,117.3,30.4,32.0,32.5,-1.6,1.6
3-5 дней,2026-08-06T11:44:08Z,2026-08-11T10:00:00Z,118.3,32.7,34.7,32.7,-2.0,2.0
3-5 дней,2026-08-07T01:31:32Z,2026-08-10T02:00:00Z,72.5,19.5,23.1,22.8,-3.6,3.6
3-5 дней,2026-08-07T01:31:32Z,2026-08-10T03:00:00Z,73.5,20.1,22.6,21.3,-2.5,2.5
3-5 дней,2026-08-07T01:31:32Z,2026-08-10T04:00:00Z,74.5,20.9,21.3,20.7,-0.4,0.4
3-5 дней,2026-08-07T01:31:32Z,2026-08-10T05:00:00Z,75.5,21.9,24.9,21.8,-3.0,3.0
3-5 дней,2026-08-07T01:31:32Z,2026-08-10T06:00:00Z,76.5,23.1,26.2,23.2,-3.1,3.1
3-5 дней,2026-08-07T01:31:32Z,2026-08-10T07:00:00Z,77.5,24.7,28.3,24.7,-3.6,3.6
3-5 дней,2026-08-07T01:31:32Z,2026-08-10T08:00:00Z,78.5,26.7,30.6,27.1,-3.9,3.9
3-5 дней,2026-08-07T01:31:32Z,2026-08-10T09:00:00Z,79.5,29.1,32.5,28.8,-3.4,3.4
3-5 дней,2026-08-07T01:31:32Z,2026-08-10T10:00:00Z,80.5,31.2,32.7,30.1,-1.5,1.5
3-5 дней,2026-08-07T01:31:32Z,2026-08-10T11:00:00Z,81.5,33.0,33.2,30.8,-0.2,0.2
3-5 дней,2026-08-07T01:31:32Z,2026-08-10T12:00:00Z,82.5,34.1,34.1,32.4,0.0,0.0
3-5 дней,2026-08-07T01:31:32Z,2026-08-10T13:00:00Z,83.5,34.3,34.1,32.7,0.2,0.2
3-5 дней,2026-08-07T01:31:32Z,2026-08-10T14:00:00Z,84.5,34.0,34.6,33.2,-0.6,0.6
3-5 дней,2026-08-07T01:31:32Z,2026-08-10T15:00:00Z,85.5,33.3,34.7,33.1,-1.4,1.4
3-5 дней,2026-08-07T01:31:32Z,2026-08-10T16:00:00Z,86.5,32.3,34.0,32.2,-1.7,1.7
3-5 дней,2026-08-07T01:31:32Z,2026-08-10T17:00:00Z,87.5,31.2,32.8,30.8,-1.6,1.6
3-5 дней,2026-08-07T01:31:32Z,2026-08-10T18:00:00Z,88.5,30.0,31.8,29.7,-1.8,1.8
3-5 дней,2026-08-07T01:31:32Z,2026-08-10T19:00:00Z,89.5,28.7,29.7,28.3,-1.0,1.0
3-5 дней,2026-08-07T01:31:32Z,2026-08-10T20:00:00Z,90.5,27.0,29.3,27.3,-2.3,2.3
3-5 дней,2026-08-07T01:31:32Z,2026-08-10T21:00:00Z,91.5,25.2,27.1,26.6,-1.9,1.9
3-5 дней,2026-08-07T01:31:32Z,2026-08-10T22:00:00Z,92.5,23.5,26.6,24.9,-3.1,3.1
3-5 дней,2026-08-07T01:31:32Z,2026-08-10T23:00:00Z,93.5,22.0,26.2,24.0,-4.2,4.2
3-5 дней,2026-08-07T01:31:32Z,2026-08-11T00:00:00Z,94.5,21.2,25.5,23.3,-4.3,4.3
3-5 дней,2026-08-07T01:31:32Z,2026-08-11T01:00:00Z,95.5,20.8,23.9,22.9,-3.1,3.1
3-5 дней,2026-08-07T01:31:32Z,2026-08-11T02:00:00Z,96.5,20.9,23.2,23.1,-2.3,2.3
3-5 дней,2026-08-07T01:31:32Z,2026-08-11T03:00:00Z,97.5,21.2,22.4,22.6,-1.2,1.2
3-5 дней,2026-08-07T01:31:32Z,2026-08-11T04:00:00Z,98.5,21.8,22.2,21.3,-0.4,0.4
3-5 дней,2026-08-07T01:31:32Z,2026-08-11T05:00:00Z,99.5,22.7,24.5,24.9,-1.8,1.8
3-5 дней,2026-08-07T01:31:32Z,2026-08-11T06:00:00Z,100.5,23.8,26.8,26.2,-3.0,3.0
3-5 дней,2026-08-07T01:31:32Z,2026-08-11T07:00:00Z,101.5,25.4,29.0,28.3,-3.6,3.6
3-5 дней,2026-08-07T01:31:32Z,2026-08-11T08:00:00Z,102.5,27.7,30.6,30.6,-2.9,2.9
3-5 дней,2026-08-07T01:31:32Z,2026-08-11T09:00:00Z,103.5,30.2,32.0,32.5,-1.8,1.8
3-5 дней,2026-08-07T01:31:32Z,2026-08-11T10:00:00Z,104.5,32.5,34.7,32.7,-2.2,2.2
3-5 дней,2026-08-07T05:36:00Z,2026-08-10T06:00:00Z,72.4,23.1,26.2,23.2,-3.1,3.1
3-5 дней,2026-08-07T05:36:00Z,2026-08-10T07:00:00Z,73.4,24.7,28.3,24.7,-3.6,3.6
3-5 дней,2026-08-07T05:36:00Z,2026-08-10T08:00:00Z,74.4,26.7,30.6,27.1,-3.9,3.9
3-5 дней,2026-08-07T05:36:00Z,2026-08-10T09:00:00Z,75.4,29.1,32.5,28.8,-3.4,3.4
3-5 дней,2026-08-07T05:36:00Z,2026-08-10T10:00:00Z,76.4,31.2,32.7,30.1,-1.5,1.5
3-5 дней,2026-08-07T05:36:00Z,2026-08-10T11:00:00Z,77.4,33.0,33.2,30.8,-0.2,0.2
3-5 дней,2026-08-07T05:36:00Z,2026-08-10T12:00:00Z,78.4,34.1,34.1,32.4,0.0,0.0
3-5 дней,2026-08-07T05:36:00Z,2026-08-10T13:00:00Z,79.4,34.3,34.1,32.7,0.2,0.2
3-5 дней,2026-08-07T05:36:00Z,2026-08-10T14:00:00Z,80.4,34.0,34.6,33.2,-0.6,0.6
3-5 дней,2026-08-07T05:36:00Z,2026-08-10T15:00:00Z,81.4,33.3,34.7,33.1,-1.4,1.4
3-5 дней,2026-08-07T05:36:00Z,2026-08-10T16:00:00Z,82.4,32.3,34.0,32.2,-1.7,1.7
3-5 дней,2026-08-07T05:36:00Z,2026-08-10T17:00:00Z,83.4,31.2,32.8,30.8,-1.6,1.6
3-5 дней,2026-08-07T05:36:00Z,2026-08-10T18:00:00Z,84.4,30.0,31.8,29.7,-1.8,1.8
3-5 дней,2026-08-07T05:36:00Z,2026-08-10T19:00:00Z,85.4,28.7,29.7,28.3,-1.0,1.0
3-5 дней,2026-08-07T05:36:00Z,2026-08-10T20:00:00Z,86.4,27.0,29.3,27.3,-2.3,2.3
3-5 дней,2026-08-07T05:36:00Z,2026-08-10T21:00:00Z,87.4,25.2,27.1,26.6,-1.9,1.9
3-5 дней,2026-08-07T05:36:00Z,2026-08-10T22:00:00Z,88.4,23.5,26.6,24.9,-3.1,3.1
3-5 дней,2026-08-07T05:36:00Z,2026-08-10T23:00:00Z,89.4,22.0,26.2,24.0,-4.2,4.2
3-5 дней,2026-08-07T05:36:00Z,2026-08-11T00:00:00Z,90.4,21.2,25.5,23.3,-4.3,4.3
3-5 дней,2026-08-07T05:36:00Z,2026-08-11T01:00:00Z,91.4,20.8,23.9,22.9,-3.1,3.1
3-5 дней,2026-08-07T05:36:00Z,2026-08-11T02:00:00Z,92.4,20.9,23.2,23.1,-2.3,2.3
3-5 дней,2026-08-07T05:36:00Z,2026-08-11T03:00:00Z,93.4,21.2,22.4,22.6,-1.2,1.2
3-5 дней,2026-08-07T05:36:00Z,2026-08-11T04:00:00Z,94.4,21.8,22.2,21.3,-0.4,0.4
3-5 дней,2026-08-07T05:36:00Z,2026-08-11T05:00:00Z,95.4,22.7,24.5,24.9,-1.8,1.8
3-5 дней,2026-08-07T05:36:00Z,2026-08-11T06:00:00Z,96.4,23.8,26.8,26.2,-3.0,3.0
3-5 дней,2026-08-07T05:36:00Z,2026-08-11T07:00:00Z,97.4,25.4,29.0,28.3,-3.6,3.6
3-5 дней,2026-08-07T05:36:00Z,2026-08-11T08:00:00Z,98.4,27.7,30.6,30.6,-2.9,2.9
3-5 дней,2026-08-07T05:36:00Z,2026-08-11T09:00:00Z,99.4,30.2,32.0,32.5,-1.8,1.8
3-5 дней,2026-08-07T05:36:00Z,2026-08-11T10:00:00Z,100.4,32.5,34.7,32.7,-2.2,2.2
3-5 дней,2026-08-07T06:18:59Z,2026-08-10T07:00:00Z,72.7,24.7,28.3,24.7,-3.6,3.6
3-5 дней,2026-08-07T06:18:59Z,2026-08-10T08:00:00Z,73.7,26.8,30.6,27.1,-3.8,3.8
3-5 дней,2026-08-07T06:18:59Z,2026-08-10T09:00:00Z,74.7,29.2,32.5,28.8,-3.3,3.3
3-5 дней,2026-08-07T06:18:59Z,2026-08-10T10:00:00Z,75.7,31.4,32.7,30.1,-1.3,1.3
3-5 дней,2026-08-07T06:18:59Z,2026-08-10T11:00:00Z,76.7,33.2,33.2,30.8,0.0,0.0
3-5 дней,2026-08-07T06:18:59Z,2026-08-10T12:00:00Z,77.7,34.3,34.1,32.4,0.2,0.2
3-5 дней,2026-08-07T06:18:59Z,2026-08-10T13:00:00Z,78.7,34.5,34.1,32.7,0.4,0.4
3-5 дней,2026-08-07T06:18:59Z,2026-08-10T14:00:00Z,79.7,34.2,34.6,33.2,-0.4,0.4
3-5 дней,2026-08-07T06:18:59Z,2026-08-10T15:00:00Z,80.7,33.5,34.7,33.1,-1.2,1.2
3-5 дней,2026-08-07T06:18:59Z,2026-08-10T16:00:00Z,81.7,32.5,34.0,32.2,-1.5,1.5
3-5 дней,2026-08-07T06:18:59Z,2026-08-10T17:00:00Z,82.7,31.4,32.8,30.8,-1.4,1.4
3-5 дней,2026-08-07T06:18:59Z,2026-08-10T18:00:00Z,83.7,30.3,31.8,29.7,-1.5,1.5
3-5 дней,2026-08-07T06:18:59Z,2026-08-10T19:00:00Z,84.7,28.9,29.7,28.3,-0.8,0.8
3-5 дней,2026-08-07T06:18:59Z,2026-08-10T20:00:00Z,85.7,27.3,29.3,27.3,-2.0,2.0
3-5 дней,2026-08-07T06:18:59Z,2026-08-10T21:00:00Z,86.7,25.4,27.1,26.6,-1.7,1.7
3-5 дней,2026-08-07T06:18:59Z,2026-08-10T22:00:00Z,87.7,23.7,26.6,24.9,-2.9,2.9
3-5 дней,2026-08-07T06:18:59Z,2026-08-10T23:00:00Z,88.7,22.3,26.2,24.0,-3.9,3.9
3-5 дней,2026-08-07T06:18:59Z,2026-08-11T00:00:00Z,89.7,21.4,25.5,23.3,-4.1,4.1
3-5 дней,2026-08-07T06:18:59Z,2026-08-11T01:00:00Z,90.7,21.1,23.9,22.9,-2.8,2.8
3-5 дней,2026-08-07T06:18:59Z,2026-08-11T02:00:00Z,91.7,21.1,23.2,23.1,-2.1,2.1
3-5 дней,2026-08-07T06:18:59Z,2026-08-11T03:00:00Z,92.7,21.4,22.4,22.6,-1.0,1.0
3-5 дней,2026-08-07T06:18:59Z,2026-08-11T04:00:00Z,93.7,22.0,22.2,21.3,-0.2,0.2
3-5 дней,2026-08-07T06:18:59Z,2026-08-11T05:00:00Z,94.7,22.9,24.5,24.9,-1.6,1.6
3-5 дней,2026-08-07T06:18:59Z,2026-08-11T06:00:00Z,95.7,24.0,26.8,26.2,-2.8,2.8
3-5 дней,2026-08-07T06:18:59Z,2026-08-11T07:00:00Z,96.7,25.6,29.0,28.3,-3.4,3.4
3-5 дней,2026-08-07T06:18:59Z,2026-08-11T08:00:00Z,97.7,27.8,30.6,30.6,-2.8,2.8
3-5 дней,2026-08-07T06:18:59Z,2026-08-11T09:00:00Z,98.7,30.3,32.0,32.5,-1.7,1.7
3-5 дней,2026-08-07T06:18:59Z,2026-08-11T10:00:00Z,99.7,32.7,34.7,32.7,-2.0,2.0
3-5 дней,2026-08-07T07:13:52Z,2026-08-10T08:00:00Z,72.8,26.8,30.6,27.1,-3.8,3.8
3-5 дней,2026-08-07T07:13:52Z,2026-08-10T09:00:00Z,73.8,29.2,32.5,28.8,-3.3,3.3
3-5 дней,2026-08-07T07:13:52Z,2026-08-10T10:00:00Z,74.8,31.4,32.7,30.1,-1.3,1.3
3-5 дней,2026-08-07T07:13:52Z,2026-08-10T11:00:00Z,75.8,33.2,33.2,30.8,0.0,0.0
3-5 дней,2026-08-07T07:13:52Z,2026-08-10T12:00:00Z,76.8,34.3,34.1,32.4,0.2,0.2
3-5 дней,2026-08-07T07:13:52Z,2026-08-10T13:00:00Z,77.8,34.5,34.1,32.7,0.4,0.4
3-5 дней,2026-08-07T07:13:52Z,2026-08-10T14:00:00Z,78.8,34.2,34.6,33.2,-0.4,0.4
3-5 дней,2026-08-07T07:13:52Z,2026-08-10T15:00:00Z,79.8,33.5,34.7,33.1,-1.2,1.2
3-5 дней,2026-08-07T07:13:52Z,2026-08-10T16:00:00Z,80.8,32.5,34.0,32.2,-1.5,1.5
3-5 дней,2026-08-07T07:13:52Z,2026-08-10T17:00:00Z,81.8,31.4,32.8,30.8,-1.4,1.4
3-5 дней,2026-08-07T07:13:52Z,2026-08-10T18:00:00Z,82.8,30.3,31.8,29.7,-1.5,1.5
3-5 дней,2026-08-07T07:13:52Z,2026-08-10T19:00:00Z,83.8,28.9,29.7,28.3,-0.8,0.8
3-5 дней,2026-08-07T07:13:52Z,2026-08-10T20:00:00Z,84.8,27.3,29.3,27.3,-2.0,2.0
3-5 дней,2026-08-07T07:13:52Z,2026-08-10T21:00:00Z,85.8,25.4,27.1,26.6,-1.7,1.7
3-5 дней,2026-08-07T07:13:52Z,2026-08-10T22:00:00Z,86.8,23.7,26.6,24.9,-2.9,2.9
3-5 дней,2026-08-07T07:13:52Z,2026-08-10T23:00:00Z,87.8,22.3,26.2,24.0,-3.9,3.9
3-5 дней,2026-08-07T07:13:52Z,2026-08-11T00:00:00Z,88.8,21.4,25.5,23.3,-4.1,4.1
3-5 дней,2026-08-07T07:13:52Z,2026-08-11T01:00:00Z,89.8,21.1,23.9,22.9,-2.8,2.8
3-5 дней,2026-08-07T07:13:52Z,2026-08-11T02:00:00Z,90.8,21.1,23.2,23.1,-2.1,2.1
3-5 дней,2026-08-07T07:13:52Z,2026-08-11T03:00:00Z,91.8,21.4,22.4,22.6,-1.0,1.0
3-5 дней,2026-08-07T07:13:52Z,2026-08-11T04:00:00Z,92.8,22.0,22.2,21.3,-0.2,0.2
3-5 дней,2026-08-07T07:13:52Z,2026-08-11T05:00:00Z,93.8,22.9,24.5,24.9,-1.6,1.6
3-5 дней,2026-08-07T07:13:52Z,2026-08-11T06:00:00Z,94.8,24.0,26.8,26.2,-2.8,2.8
3-5 дней,2026-08-07T07:13:52Z,2026-08-11T07:00:00Z,95.8,25.6,29.0,28.3,-3.4,3.4
3-5 дней,2026-08-07T07:13:52Z,2026-08-11T08:00:00Z,96.8,27.8,30.6,30.6,-2.8,2.8
3-5 дней,2026-08-07T07:13:52Z,2026-08-11T09:00:00Z,97.8,30.3,32.0,32.5,-1.7,1.7
3-5 дней,2026-08-07T07:13:52Z,2026-08-11T10:00:00Z,98.8,32.7,34.7,32.7,-2.0,2.0
3-5 дней,2026-08-07T10:39:14Z,2026-08-10T11:00:00Z,72.3,33.2,33.2,30.8,0.0,0.0
3-5 дней,2026-08-07T10:39:14Z,2026-08-10T12:00:00Z,73.3,34.3,34.1,32.4,0.2,0.2
3-5 дней,2026-08-07T10:39:14Z,2026-08-10T13:00:00Z,74.3,34.5,34.1,32.7,0.4,0.4
3-5 дней,2026-08-07T10:39:14Z,2026-08-10T14:00:00Z,75.3,34.2,34.6,33.2,-0.4,0.4
3-5 дней,2026-08-07T10:39:14Z,2026-08-10T15:00:00Z,76.3,33.5,34.7,33.1,-1.2,1.2
3-5 дней,2026-08-07T10:39:14Z,2026-08-10T16:00:00Z,77.3,32.5,34.0,32.2,-1.5,1.5
3-5 дней,2026-08-07T10:39:14Z,2026-08-10T17:00:00Z,78.3,31.4,32.8,30.8,-1.4,1.4
3-5 дней,2026-08-07T10:39:14Z,2026-08-10T18:00:00Z,79.3,30.3,31.8,29.7,-1.5,1.5
3-5 дней,2026-08-07T10:39:14Z,2026-08-10T19:00:00Z,80.3,28.9,29.7,28.3,-0.8,0.8
3-5 дней,2026-08-07T10:39:14Z,2026-08-10T20:00:00Z,81.3,27.3,29.3,27.3,-2.0,2.0
3-5 дней,2026-08-07T10:39:14Z,2026-08-10T21:00:00Z,82.3,25.4,27.1,26.6,-1.7,1.7
3-5 дней,2026-08-07T10:39:14Z,2026-08-10T22:00:00Z,83.3,23.7,26.6,24.9,-2.9,2.9
3-5 дней,2026-08-07T10:39:14Z,2026-08-10T23:00:00Z,84.3,22.3,26.2,24.0,-3.9,3.9
3-5 дней,2026-08-07T10:39:14Z,2026-08-11T00:00:00Z,85.3,21.4,25.5,23.3,-4.1,4.1
3-5 дней,2026-08-07T10:39:14Z,2026-08-11T01:00:00Z,86.3,21.1,23.9,22.9,-2.8,2.8
3-5 дней,2026-08-07T10:39:14Z,2026-08-11T02:00:00Z,87.3,21.1,23.2,23.1,-2.1,2.1
3-5 дней,2026-08-07T10:39:14Z,2026-08-11T03:00:00Z,88.3,21.4,22.4,22.6,-1.0,1.0
3-5 дней,2026-08-07T10:39:14Z,2026-08-11T04:00:00Z,89.3,22.0,22.2,21.3,-0.2,0.2
3-5 дней,2026-08-07T10:39:14Z,2026-08-11T05:00:00Z,90.3,22.9,24.5,24.9,-1.6,1.6
3-5 дней,2026-08-07T10:39:14Z,2026-08-11T06:00:00Z,91.3,24.0,26.8,26.2,-2.8,2.8
3-5 дней,2026-08-07T10:39:14Z,2026-08-11T07:00:00Z,92.3,25.6,29.0,28.3,-3.4,3.4
3-5 дней,2026-08-07T10:39:14Z,2026-08-11T08:00:00Z,93.3,27.8,30.6,30.6,-2.8,2.8
3-5 дней,2026-08-07T10:39:14Z,2026-08-11T09:00:00Z,94.3,30.3,32.0,32.5,-1.7,1.7
3-5 дней,2026-08-07T10:39:14Z,2026-08-11T10:00:00Z,95.3,32.7,34.7,32.7,-2.0,2.0
3-5 дней,2026-08-07T16:51:54Z,2026-08-10T17:00:00Z,72.1,31.3,32.8,30.8,-1.5,1.5
3-5 дней,2026-08-07T16:51:54Z,2026-08-10T18:00:00Z,73.1,30.1,31.8,29.7,-1.7,1.7
3-5 дней,2026-08-07T16:51:54Z,2026-08-10T19:00:00Z,74.1,28.8,29.7,28.3,-0.9,0.9
3-5 дней,2026-08-07T16:51:54Z,2026-08-10T20:00:00Z,75.1,27.1,29.3,27.3,-2.2,2.2
3-5 дней,2026-08-07T16:51:54Z,2026-08-10T21:00:00Z,76.1,25.2,27.1,26.6,-1.9,1.9
3-5 дней,2026-08-07T16:51:54Z,2026-08-10T22:00:00Z,77.1,23.5,26.6,24.9,-3.1,3.1
3-5 дней,2026-08-07T16:51:54Z,2026-08-10T23:00:00Z,78.1,22.1,26.2,24.0,-4.1,4.1
3-5 дней,2026-08-07T16:51:54Z,2026-08-11T00:00:00Z,79.1,21.2,25.5,23.3,-4.3,4.3
3-5 дней,2026-08-07T16:51:54Z,2026-08-11T01:00:00Z,80.1,20.8,23.9,22.9,-3.1,3.1
3-5 дней,2026-08-07T16:51:54Z,2026-08-11T02:00:00Z,81.1,20.9,23.2,23.1,-2.3,2.3
3-5 дней,2026-08-07T16:51:54Z,2026-08-11T03:00:00Z,82.1,21.2,22.4,22.6,-1.2,1.2
3-5 дней,2026-08-07T16:51:54Z,2026-08-11T04:00:00Z,83.1,21.8,22.2,21.3,-0.4,0.4
3-5 дней,2026-08-07T16:51:54Z,2026-08-11T05:00:00Z,84.1,22.7,24.5,24.9,-1.8,1.8
3-5 дней,2026-08-07T16:51:54Z,2026-08-11T06:00:00Z,85.1,23.8,26.8,26.2,-3.0,3.0
3-5 дней,2026-08-07T16:51:54Z,2026-08-11T07:00:00Z,86.1,25.5,29.0,28.3,-3.5,3.5
3-5 дней,2026-08-07T16:51:54Z,2026-08-11T08:00:00Z,87.1,27.7,30.6,30.6,-2.9,2.9
3-5 дней,2026-08-07T16:51:54Z,2026-08-11T09:00:00Z,88.1,30.3,32.0,32.5,-1.7,1.7
3-5 дней,2026-08-07T16:51:54Z,2026-08-11T10:00:00Z,89.1,32.7,34.7,32.7,-2.0,2.0
3-5 дней,2026-08-07T22:45:57Z,2026-08-10T23:00:00Z,72.2,21.4,26.2,24.0,-4.8,4.8
3-5 дней,2026-08-07T22:45:57Z,2026-08-11T00:00:00Z,73.2,20.6,25.5,23.3,-4.9,4.9
3-5 дней,2026-08-07T22:45:57Z,2026-08-11T01:00:00Z,74.2,20.3,23.9,22.9,-3.6,3.6
3-5 дней,2026-08-07T22:45:57Z,2026-08-11T02:00:00Z,75.2,20.3,23.2,23.1,-2.9,2.9
3-5 дней,2026-08-07T22:45:57Z,2026-08-11T03:00:00Z,76.2,20.7,22.4,22.6,-1.7,1.7
3-5 дней,2026-08-07T22:45:57Z,2026-08-11T04:00:00Z,77.2,21.4,22.2,21.3,-0.8,0.8
3-5 дней,2026-08-07T22:45:57Z,2026-08-11T05:00:00Z,78.2,22.3,24.5,24.9,-2.2,2.2
3-5 дней,2026-08-07T22:45:57Z,2026-08-11T06:00:00Z,79.2,23.5,26.8,26.2,-3.3,3.3
3-5 дней,2026-08-07T22:45:57Z,2026-08-11T07:00:00Z,80.2,25.2,29.0,28.3,-3.8,3.8
3-5 дней,2026-08-07T22:45:57Z,2026-08-11T08:00:00Z,81.2,27.5,30.6,30.6,-3.1,3.1
3-5 дней,2026-08-07T22:45:57Z,2026-08-11T09:00:00Z,82.2,30.0,32.0,32.5,-2.0,2.0
3-5 дней,2026-08-07T22:45:57Z,2026-08-11T10:00:00Z,83.2,32.5,34.7,32.7,-2.2,2.2
3-5 дней,2026-08-07T23:19:23Z,2026-08-11T00:00:00Z,72.7,20.6,25.5,23.3,-4.9,4.9
3-5 дней,2026-08-07T23:19:23Z,2026-08-11T01:00:00Z,73.7,20.3,23.9,22.9,-3.6,3.6
3-5 дней,2026-08-07T23:19:23Z,2026-08-11T02:00:00Z,74.7,20.3,23.2,23.1,-2.9,2.9
3-5 дней,2026-08-07T23:19:23Z,2026-08-11T03:00:00Z,75.7,20.7,22.4,22.6,-1.7,1.7
3-5 дней,2026-08-07T23:19:23Z,2026-08-11T04:00:00Z,76.7,21.4,22.2,21.3,-0.8,0.8
3-5 дней,2026-08-07T23:19:23Z,2026-08-11T05:00:00Z,77.7,22.3,24.5,24.9,-2.2,2.2
3-5 дней,2026-08-07T23:19:23Z,2026-08-11T06:00:00Z,78.7,23.5,26.8,26.2,-3.3,3.3
3-5 дней,2026-08-07T23:19:23Z,2026-08-11T07:00:00Z,79.7,25.2,29.0,28.3,-3.8,3.8
3-5 дней,2026-08-07T23:19:23Z,2026-08-11T08:00:00Z,80.7,27.5,30.6,30.6,-3.1,3.1
3-5 дней,2026-08-07T23:19:23Z,2026-08-11T09:00:00Z,81.7,30.0,32.0,32.5,-2.0,2.0
3-5 дней,2026-08-07T23:19:23Z,2026-08-11T10:00:00Z,82.7,32.5,34.7,32.7,-2.2,2.2
3-5 дней,2026-08-08T04:50:53Z,2026-08-11T05:00:00Z,72.2,22.0,24.5,24.9,-2.5,2.5
3-5 дней,2026-08-08T04:50:53Z,2026-08-11T06:00:00Z,73.2,23.1,26.8,26.2,-3.7,3.7
3-5 дней,2026-08-08T04:50:53Z,2026-08-11T07:00:00Z,74.2,24.8,29.0,28.3,-4.2,4.2
3-5 дней,2026-08-08T04:50:53Z,2026-08-11T08:00:00Z,75.2,27.1,30.6,30.6,-3.5,3.5
3-5 дней,2026-08-08T04:50:53Z,2026-08-11T09:00:00Z,76.2,29.7,32.0,32.5,-2.3,2.3
3-5 дней,2026-08-08T04:50:53Z,2026-08-11T10:00:00Z,77.2,32.2,34.7,32.7,-2.5,2.5
5-10 дней,2026-08-06T09:50:07Z,2026-08-11T10:00:00Z,120.2,32.5,34.7,32.7,-2.2,2.2
5-10 дней,2026-08-06T09:59:18Z,2026-08-11T10:00:00Z,120.0,32.5,34.7,32.7,-2.2,2.2
