# Нови-Сад / Температура / 0-6ч, 6-24ч, 1-2 дня, 2-3 дня, 3-5 дней, 5-10 дней / ICON (Германия)
# n=4583, MAE=2.231, RMSE=2.806, bias=-1.141
# skill = 1 - (RMSE/RMSE_персистентности)^2 = 1 - (2.806/2.664)^2 = -0.1093  (RMSE_персистентности по 4583 пар(ам))
# persistence baseline = как вчера в это же время - выбран автоматически как более сильный (ниже RMSE) из двух кандидатов для этого периода, одинаково для всех источников
# «Общий» = объединённый пул пар из периодов: 0-6ч, 6-24ч, 1-2 дня, 2-3 дня, 3-5 дней, 5-10 дней - метрика посчитана заново по всему пулу, а не усреднена по периодам
#
bucket,fetched_at,valid_time,lead_hours,forecast,observed,persistence,error,abs_error
0-6ч,2026-08-06T09:50:07Z,2026-08-06T10:00:00Z,0.2,36.7,37.2,37.0,-0.5,0.5
0-6ч,2026-08-06T09:50:07Z,2026-08-06T11:00:00Z,1.2,37.6,37.6,37.6,0.0,0.0
0-6ч,2026-08-06T09:50:07Z,2026-08-06T12:00:00Z,2.2,37.8,37.5,37.1,0.3,0.3
0-6ч,2026-08-06T09:50:07Z,2026-08-06T13:00:00Z,3.2,38.2,38.3,37.8,-0.1,0.1
0-6ч,2026-08-06T09:50:07Z,2026-08-06T14:00:00Z,4.2,37.5,38.0,37.7,-0.5,0.5
0-6ч,2026-08-06T09:50:07Z,2026-08-06T15:00:00Z,5.2,37.2,36.8,38.0,0.4,0.4
0-6ч,2026-08-06T09:59:18Z,2026-08-06T10:00:00Z,0.0,36.7,37.2,37.0,-0.5,0.5
0-6ч,2026-08-06T09:59:18Z,2026-08-06T11:00:00Z,1.0,37.6,37.6,37.6,0.0,0.0
0-6ч,2026-08-06T09:59:18Z,2026-08-06T12:00:00Z,2.0,37.8,37.5,37.1,0.3,0.3
0-6ч,2026-08-06T09:59:18Z,2026-08-06T13:00:00Z,3.0,38.2,38.3,37.8,-0.1,0.1
0-6ч,2026-08-06T09:59:18Z,2026-08-06T14:00:00Z,4.0,37.5,38.0,37.7,-0.5,0.5
0-6ч,2026-08-06T09:59:18Z,2026-08-06T15:00:00Z,5.0,37.2,36.8,38.0,0.4,0.4
0-6ч,2026-08-06T10:08:26Z,2026-08-06T11:00:00Z,0.9,37.6,37.6,37.6,0.0,0.0
0-6ч,2026-08-06T10:08:26Z,2026-08-06T12:00:00Z,1.9,37.8,37.5,37.1,0.3,0.3
0-6ч,2026-08-06T10:08:26Z,2026-08-06T13:00:00Z,2.9,38.2,38.3,37.8,-0.1,0.1
0-6ч,2026-08-06T10:08:26Z,2026-08-06T14:00:00Z,3.9,37.5,38.0,37.7,-0.5,0.5
0-6ч,2026-08-06T10:08:26Z,2026-08-06T15:00:00Z,4.9,37.2,36.8,38.0,0.4,0.4
0-6ч,2026-08-06T10:08:26Z,2026-08-06T16:00:00Z,5.9,36.3,30.8,37.0,5.5,5.5
0-6ч,2026-08-06T10:47:54Z,2026-08-06T11:00:00Z,0.2,37.6,37.6,37.6,0.0,0.0
0-6ч,2026-08-06T10:47:54Z,2026-08-06T12:00:00Z,1.2,37.8,37.5,37.1,0.3,0.3
0-6ч,2026-08-06T10:47:54Z,2026-08-06T13:00:00Z,2.2,38.2,38.3,37.8,-0.1,0.1
0-6ч,2026-08-06T10:47:54Z,2026-08-06T14:00:00Z,3.2,37.5,38.0,37.7,-0.5,0.5
0-6ч,2026-08-06T10:47:54Z,2026-08-06T15:00:00Z,4.2,37.2,36.8,38.0,0.4,0.4
0-6ч,2026-08-06T10:47:54Z,2026-08-06T16:00:00Z,5.2,36.3,30.8,37.0,5.5,5.5
0-6ч,2026-08-06T11:30:42Z,2026-08-06T12:00:00Z,0.5,37.8,37.5,37.1,0.3,0.3
0-6ч,2026-08-06T11:30:42Z,2026-08-06T13:00:00Z,1.5,38.2,38.3,37.8,-0.1,0.1
0-6ч,2026-08-06T11:30:42Z,2026-08-06T14:00:00Z,2.5,37.5,38.0,37.7,-0.5,0.5
0-6ч,2026-08-06T11:30:42Z,2026-08-06T15:00:00Z,3.5,37.2,36.8,38.0,0.4,0.4
0-6ч,2026-08-06T11:30:42Z,2026-08-06T16:00:00Z,4.5,36.3,30.8,37.0,5.5,5.5
0-6ч,2026-08-06T11:30:42Z,2026-08-06T17:00:00Z,5.5,35.1,31.2,35.4,3.9,3.9
0-6ч,2026-08-06T11:36:01Z,2026-08-06T12:00:00Z,0.4,37.8,37.5,37.1,0.3,0.3
0-6ч,2026-08-06T11:36:01Z,2026-08-06T13:00:00Z,1.4,38.2,38.3,37.8,-0.1,0.1
0-6ч,2026-08-06T11:36:01Z,2026-08-06T14:00:00Z,2.4,37.5,38.0,37.7,-0.5,0.5
0-6ч,2026-08-06T11:36:01Z,2026-08-06T15:00:00Z,3.4,37.2,36.8,38.0,0.4,0.4
0-6ч,2026-08-06T11:36:01Z,2026-08-06T16:00:00Z,4.4,36.3,30.8,37.0,5.5,5.5
0-6ч,2026-08-06T11:36:01Z,2026-08-06T17:00:00Z,5.4,35.1,31.2,35.4,3.9,3.9
0-6ч,2026-08-06T11:44:08Z,2026-08-06T12:00:00Z,0.3,37.8,37.5,37.1,0.3,0.3
0-6ч,2026-08-06T11:44:08Z,2026-08-06T13:00:00Z,1.3,38.2,38.3,37.8,-0.1,0.1
0-6ч,2026-08-06T11:44:08Z,2026-08-06T14:00:00Z,2.3,37.5,38.0,37.7,-0.5,0.5
0-6ч,2026-08-06T11:44:08Z,2026-08-06T15:00:00Z,3.3,37.2,36.8,38.0,0.4,0.4
0-6ч,2026-08-06T11:44:08Z,2026-08-06T16:00:00Z,4.3,36.3,30.8,37.0,5.5,5.5
0-6ч,2026-08-06T11:44:08Z,2026-08-06T17:00:00Z,5.3,35.1,31.2,35.4,3.9,3.9
0-6ч,2026-08-07T01:31:32Z,2026-08-07T02:00:00Z,0.5,23.2,24.8,26.5,-1.6,1.6
0-6ч,2026-08-07T01:31:32Z,2026-08-07T03:00:00Z,1.5,22.8,24.6,27.2,-1.8,1.8
0-6ч,2026-08-07T01:31:32Z,2026-08-07T04:00:00Z,2.5,22.6,24.9,27.5,-2.3,2.3
0-6ч,2026-08-07T01:31:32Z,2026-08-07T05:00:00Z,3.5,23.9,26.1,28.4,-2.2,2.2
0-6ч,2026-08-07T01:31:32Z,2026-08-07T06:00:00Z,4.5,26.5,27.0,29.0,-0.5,0.5
0-6ч,2026-08-07T01:31:32Z,2026-08-07T07:00:00Z,5.5,29.6,28.0,31.2,1.6,1.6
0-6ч,2026-08-07T05:36:00Z,2026-08-07T06:00:00Z,0.4,26.2,27.0,29.0,-0.8,0.8
0-6ч,2026-08-07T05:36:00Z,2026-08-07T07:00:00Z,1.4,29.1,28.0,31.2,1.1,1.1
0-6ч,2026-08-07T05:36:00Z,2026-08-07T08:00:00Z,2.4,30.8,30.5,33.8,0.3,0.3
0-6ч,2026-08-07T05:36:00Z,2026-08-07T09:00:00Z,3.4,32.4,33.0,35.7,-0.6,0.6
0-6ч,2026-08-07T05:36:00Z,2026-08-07T10:00:00Z,4.4,33.8,35.0,37.2,-1.2,1.2
0-6ч,2026-08-07T05:36:00Z,2026-08-07T11:00:00Z,5.4,34.9,35.9,37.6,-1.0,1.0
0-6ч,2026-08-07T06:18:59Z,2026-08-07T07:00:00Z,0.7,29.1,28.0,31.2,1.1,1.1
0-6ч,2026-08-07T06:18:59Z,2026-08-07T08:00:00Z,1.7,30.5,30.5,33.8,0.0,0.0
0-6ч,2026-08-07T06:18:59Z,2026-08-07T09:00:00Z,2.7,32.2,33.0,35.7,-0.8,0.8
0-6ч,2026-08-07T06:18:59Z,2026-08-07T10:00:00Z,3.7,33.8,35.0,37.2,-1.2,1.2
0-6ч,2026-08-07T06:18:59Z,2026-08-07T11:00:00Z,4.7,34.4,35.9,37.6,-1.5,1.5
0-6ч,2026-08-07T06:18:59Z,2026-08-07T12:00:00Z,5.7,35.4,36.6,37.5,-1.2,1.2
0-6ч,2026-08-07T07:13:52Z,2026-08-07T08:00:00Z,0.8,30.5,30.5,33.8,0.0,0.0
0-6ч,2026-08-07T07:13:52Z,2026-08-07T09:00:00Z,1.8,32.2,33.0,35.7,-0.8,0.8
0-6ч,2026-08-07T07:13:52Z,2026-08-07T10:00:00Z,2.8,33.8,35.0,37.2,-1.2,1.2
0-6ч,2026-08-07T07:13:52Z,2026-08-07T11:00:00Z,3.8,34.4,35.9,37.6,-1.5,1.5
0-6ч,2026-08-07T07:13:52Z,2026-08-07T12:00:00Z,4.8,35.4,36.6,37.5,-1.2,1.2
0-6ч,2026-08-07T07:13:52Z,2026-08-07T13:00:00Z,5.8,36.3,36.9,38.3,-0.6,0.6
0-6ч,2026-08-07T10:39:14Z,2026-08-07T11:00:00Z,0.3,34.0,35.9,37.6,-1.9,1.9
0-6ч,2026-08-07T10:39:14Z,2026-08-07T12:00:00Z,1.3,34.3,36.6,37.5,-2.3,2.3
0-6ч,2026-08-07T10:39:14Z,2026-08-07T13:00:00Z,2.3,34.9,36.9,38.3,-2.0,2.0
0-6ч,2026-08-07T10:39:14Z,2026-08-07T14:00:00Z,3.3,35.3,37.2,38.0,-1.9,1.9
0-6ч,2026-08-07T10:39:14Z,2026-08-07T15:00:00Z,4.3,34.4,36.4,36.8,-2.0,2.0
0-6ч,2026-08-07T10:39:14Z,2026-08-07T16:00:00Z,5.3,34.7,34.4,30.8,0.3,0.3
0-6ч,2026-08-07T16:51:54Z,2026-08-07T17:00:00Z,0.1,33.4,34.2,31.2,-0.8,0.8
0-6ч,2026-08-07T16:51:54Z,2026-08-07T18:00:00Z,1.1,30.6,32.0,30.4,-1.4,1.4
0-6ч,2026-08-07T16:51:54Z,2026-08-07T19:00:00Z,2.1,28.7,29.3,28.6,-0.6,0.6
0-6ч,2026-08-07T16:51:54Z,2026-08-07T20:00:00Z,3.1,27.1,28.2,28.8,-1.1,1.1
0-6ч,2026-08-07T16:51:54Z,2026-08-07T21:00:00Z,4.1,26.0,27.2,27.6,-1.2,1.2
0-6ч,2026-08-07T16:51:54Z,2026-08-07T22:00:00Z,5.1,24.7,27.1,27.1,-2.4,2.4
0-6ч,2026-08-07T22:45:57Z,2026-08-07T23:00:00Z,0.2,23.2,25.7,26.3,-2.5,2.5
0-6ч,2026-08-07T22:45:57Z,2026-08-08T00:00:00Z,1.2,22.2,25.6,25.6,-3.4,3.4
0-6ч,2026-08-07T22:45:57Z,2026-08-08T01:00:00Z,2.2,21.6,25.1,25.3,-3.5,3.5
0-6ч,2026-08-07T22:45:57Z,2026-08-08T02:00:00Z,3.2,21.0,23.0,24.8,-2.0,2.0
0-6ч,2026-08-07T22:45:57Z,2026-08-08T03:00:00Z,4.2,20.8,21.4,24.6,-0.6,0.6
0-6ч,2026-08-07T22:45:57Z,2026-08-08T04:00:00Z,5.2,20.4,21.2,24.9,-0.8,0.8
0-6ч,2026-08-07T23:19:23Z,2026-08-08T00:00:00Z,0.7,22.2,25.6,25.6,-3.4,3.4
0-6ч,2026-08-07T23:19:23Z,2026-08-08T01:00:00Z,1.7,21.6,25.1,25.3,-3.5,3.5
0-6ч,2026-08-07T23:19:23Z,2026-08-08T02:00:00Z,2.7,21.0,23.0,24.8,-2.0,2.0
0-6ч,2026-08-07T23:19:23Z,2026-08-08T03:00:00Z,3.7,20.8,21.4,24.6,-0.6,0.6
0-6ч,2026-08-07T23:19:23Z,2026-08-08T04:00:00Z,4.7,20.4,21.2,24.9,-0.8,0.8
0-6ч,2026-08-07T23:19:23Z,2026-08-08T05:00:00Z,5.7,21.6,21.7,26.1,-0.1,0.1
0-6ч,2026-08-08T04:50:53Z,2026-08-08T05:00:00Z,0.2,21.5,21.7,26.1,-0.2,0.2
0-6ч,2026-08-08T04:50:53Z,2026-08-08T06:00:00Z,1.2,22.1,22.6,27.0,-0.5,0.5
0-6ч,2026-08-08T04:50:53Z,2026-08-08T07:00:00Z,2.2,22.6,24.4,28.0,-1.8,1.8
0-6ч,2026-08-08T04:50:53Z,2026-08-08T08:00:00Z,3.2,24.5,25.6,30.5,-1.1,1.1
0-6ч,2026-08-08T04:50:53Z,2026-08-08T09:00:00Z,4.2,27.2,28.1,33.0,-0.9,0.9
0-6ч,2026-08-08T04:50:53Z,2026-08-08T10:00:00Z,5.2,28.6,29.7,35.0,-1.1,1.1
0-6ч,2026-08-08T10:18:13Z,2026-08-08T11:00:00Z,0.7,29.9,30.9,35.9,-1.0,1.0
0-6ч,2026-08-08T10:18:13Z,2026-08-08T12:00:00Z,1.7,30.8,31.4,36.6,-0.6,0.6
0-6ч,2026-08-08T10:18:13Z,2026-08-08T13:00:00Z,2.7,31.4,32.0,36.9,-0.6,0.6
0-6ч,2026-08-08T10:18:13Z,2026-08-08T14:00:00Z,3.7,31.7,31.3,37.2,0.4,0.4
0-6ч,2026-08-08T10:18:13Z,2026-08-08T15:00:00Z,4.7,31.4,32.0,36.4,-0.6,0.6
0-6ч,2026-08-08T10:18:13Z,2026-08-08T16:00:00Z,5.7,30.6,31.3,34.4,-0.7,0.7
0-6ч,2026-08-08T22:37:20Z,2026-08-08T23:00:00Z,0.4,22.0,24.9,25.7,-2.9,2.9
0-6ч,2026-08-08T22:37:20Z,2026-08-09T00:00:00Z,1.4,21.6,24.2,25.6,-2.6,2.6
0-6ч,2026-08-08T22:37:20Z,2026-08-09T01:00:00Z,2.4,20.7,23.8,25.1,-3.1,3.1
0-6ч,2026-08-08T22:37:20Z,2026-08-09T02:00:00Z,3.4,19.2,22.8,23.0,-3.6,3.6
0-6ч,2026-08-08T22:37:20Z,2026-08-09T03:00:00Z,4.4,18.4,21.3,21.4,-2.9,2.9
0-6ч,2026-08-08T22:37:20Z,2026-08-09T04:00:00Z,5.4,17.9,20.7,21.2,-2.8,2.8
0-6ч,2026-08-09T04:59:03Z,2026-08-09T05:00:00Z,0.0,19.1,21.8,21.7,-2.7,2.7
0-6ч,2026-08-09T04:59:03Z,2026-08-09T06:00:00Z,1.0,21.7,23.2,22.6,-1.5,1.5
0-6ч,2026-08-09T04:59:03Z,2026-08-09T07:00:00Z,2.0,23.8,24.7,24.4,-0.9,0.9
0-6ч,2026-08-09T04:59:03Z,2026-08-09T08:00:00Z,3.0,25.9,27.1,25.6,-1.2,1.2
0-6ч,2026-08-09T04:59:03Z,2026-08-09T09:00:00Z,4.0,28.0,28.8,28.1,-0.8,0.8
0-6ч,2026-08-09T04:59:03Z,2026-08-09T10:00:00Z,5.0,29.8,30.1,29.7,-0.3,0.3
0-6ч,2026-08-09T10:19:29Z,2026-08-09T11:00:00Z,0.7,30.9,30.8,30.9,0.1,0.1
0-6ч,2026-08-09T10:19:29Z,2026-08-09T12:00:00Z,1.7,31.7,32.4,31.4,-0.7,0.7
0-6ч,2026-08-09T10:19:29Z,2026-08-09T13:00:00Z,2.7,32.0,32.7,32.0,-0.7,0.7
0-6ч,2026-08-09T10:19:29Z,2026-08-09T14:00:00Z,3.7,32.1,33.2,31.3,-1.1,1.1
0-6ч,2026-08-09T10:19:29Z,2026-08-09T15:00:00Z,4.7,31.7,33.1,32.0,-1.4,1.4
0-6ч,2026-08-09T10:19:29Z,2026-08-09T16:00:00Z,5.7,31.1,32.2,31.3,-1.1,1.1
0-6ч,2026-08-09T12:41:38Z,2026-08-09T13:00:00Z,0.3,32.1,32.7,32.0,-0.6,0.6
0-6ч,2026-08-09T12:41:38Z,2026-08-09T14:00:00Z,1.3,32.2,33.2,31.3,-1.0,1.0
0-6ч,2026-08-09T12:41:38Z,2026-08-09T15:00:00Z,2.3,31.9,33.1,32.0,-1.2,1.2
0-6ч,2026-08-09T12:41:38Z,2026-08-09T16:00:00Z,3.3,31.3,32.2,31.3,-0.9,0.9
0-6ч,2026-08-09T12:41:38Z,2026-08-09T17:00:00Z,4.3,29.8,30.8,30.0,-1.0,1.0
0-6ч,2026-08-09T12:41:38Z,2026-08-09T18:00:00Z,5.3,26.8,29.7,29.2,-2.9,2.9
0-6ч,2026-08-09T12:45:53Z,2026-08-09T13:00:00Z,0.2,32.1,32.7,32.0,-0.6,0.6
0-6ч,2026-08-09T12:45:53Z,2026-08-09T14:00:00Z,1.2,32.2,33.2,31.3,-1.0,1.0
0-6ч,2026-08-09T12:45:53Z,2026-08-09T15:00:00Z,2.2,31.9,33.1,32.0,-1.2,1.2
0-6ч,2026-08-09T12:45:53Z,2026-08-09T16:00:00Z,3.2,31.3,32.2,31.3,-0.9,0.9
0-6ч,2026-08-09T12:45:53Z,2026-08-09T17:00:00Z,4.2,29.8,30.8,30.0,-1.0,1.0
0-6ч,2026-08-09T12:45:53Z,2026-08-09T18:00:00Z,5.2,26.8,29.7,29.2,-2.9,2.9
0-6ч,2026-08-09T12:48:15Z,2026-08-09T13:00:00Z,0.2,32.1,32.7,32.0,-0.6,0.6
0-6ч,2026-08-09T12:48:15Z,2026-08-09T14:00:00Z,1.2,32.2,33.2,31.3,-1.0,1.0
0-6ч,2026-08-09T12:48:15Z,2026-08-09T15:00:00Z,2.2,31.9,33.1,32.0,-1.2,1.2
0-6ч,2026-08-09T12:48:15Z,2026-08-09T16:00:00Z,3.2,31.3,32.2,31.3,-0.9,0.9
0-6ч,2026-08-09T12:48:15Z,2026-08-09T17:00:00Z,4.2,29.8,30.8,30.0,-1.0,1.0
0-6ч,2026-08-09T12:48:15Z,2026-08-09T18:00:00Z,5.2,26.8,29.7,29.2,-2.9,2.9
0-6ч,2026-08-09T16:31:44Z,2026-08-09T17:00:00Z,0.5,29.4,30.8,30.0,-1.4,1.4
0-6ч,2026-08-09T16:31:44Z,2026-08-09T18:00:00Z,1.5,26.6,29.7,29.2,-3.1,3.1
0-6ч,2026-08-09T16:31:44Z,2026-08-09T19:00:00Z,2.5,24.7,28.3,28.4,-3.6,3.6
0-6ч,2026-08-09T16:31:44Z,2026-08-09T20:00:00Z,3.5,23.1,27.3,27.6,-4.2,4.2
0-6ч,2026-08-09T16:31:44Z,2026-08-09T21:00:00Z,4.5,21.7,26.6,26.6,-4.9,4.9
0-6ч,2026-08-09T16:31:44Z,2026-08-09T22:00:00Z,5.5,20.7,24.9,25.4,-4.2,4.2
0-6ч,2026-08-09T22:39:09Z,2026-08-09T23:00:00Z,0.3,20.8,24.0,24.9,-3.2,3.2
0-6ч,2026-08-09T22:39:09Z,2026-08-10T00:00:00Z,1.3,20.0,23.3,24.2,-3.3,3.3
0-6ч,2026-08-09T22:39:09Z,2026-08-10T01:00:00Z,2.3,19.7,22.9,23.8,-3.2,3.2
0-6ч,2026-08-09T22:39:09Z,2026-08-10T02:00:00Z,3.3,19.4,23.1,22.8,-3.7,3.7
0-6ч,2026-08-09T22:39:09Z,2026-08-10T03:00:00Z,4.3,19.2,22.6,21.3,-3.4,3.4
0-6ч,2026-08-09T22:39:09Z,2026-08-10T04:00:00Z,5.3,19.1,21.3,20.7,-2.2,2.2
0-6ч,2026-08-10T05:20:42Z,2026-08-10T06:00:00Z,0.7,25.5,26.2,23.2,-0.7,0.7
0-6ч,2026-08-10T05:20:42Z,2026-08-10T07:00:00Z,1.7,28.3,28.3,24.7,0.0,0.0
0-6ч,2026-08-10T05:20:42Z,2026-08-10T08:00:00Z,2.7,30.6,30.6,27.1,0.0,0.0
0-6ч,2026-08-10T05:20:42Z,2026-08-10T09:00:00Z,3.7,32.1,32.5,28.8,-0.4,0.4
0-6ч,2026-08-10T05:20:42Z,2026-08-10T10:00:00Z,4.7,33.0,32.7,30.1,0.3,0.3
0-6ч,2026-08-10T05:20:42Z,2026-08-10T11:00:00Z,5.7,33.8,33.2,30.8,0.6,0.6
0-6ч,2026-08-10T10:53:28Z,2026-08-10T11:00:00Z,0.1,33.9,33.2,30.8,0.7,0.7
0-6ч,2026-08-10T10:53:28Z,2026-08-10T12:00:00Z,1.1,34.4,34.1,32.4,0.3,0.3
0-6ч,2026-08-10T10:53:28Z,2026-08-10T13:00:00Z,2.1,34.6,34.1,32.7,0.5,0.5
0-6ч,2026-08-10T10:53:28Z,2026-08-10T14:00:00Z,3.1,34.7,34.6,33.2,0.1,0.1
0-6ч,2026-08-10T10:53:28Z,2026-08-10T15:00:00Z,4.1,34.5,34.7,33.1,-0.2,0.2
0-6ч,2026-08-10T10:53:28Z,2026-08-10T16:00:00Z,5.1,33.8,34.0,32.2,-0.2,0.2
0-6ч,2026-08-10T16:52:05Z,2026-08-10T17:00:00Z,0.1,31.7,32.8,30.8,-1.1,1.1
0-6ч,2026-08-10T16:52:05Z,2026-08-10T18:00:00Z,1.1,28.4,31.8,29.7,-3.4,3.4
0-6ч,2026-08-10T16:52:05Z,2026-08-10T19:00:00Z,2.1,24.8,29.7,28.3,-4.9,4.9
0-6ч,2026-08-10T16:52:05Z,2026-08-10T20:00:00Z,3.1,23.2,29.3,27.3,-6.1,6.1
0-6ч,2026-08-10T16:52:05Z,2026-08-10T21:00:00Z,4.1,22.4,27.1,26.6,-4.7,4.7
0-6ч,2026-08-10T16:52:05Z,2026-08-10T22:00:00Z,5.1,21.7,26.6,24.9,-4.9,4.9
0-6ч,2026-08-10T22:47:13Z,2026-08-10T23:00:00Z,0.2,21.9,26.2,24.0,-4.3,4.3
0-6ч,2026-08-10T22:47:13Z,2026-08-11T00:00:00Z,1.2,21.4,25.5,23.3,-4.1,4.1
0-6ч,2026-08-10T22:47:13Z,2026-08-11T01:00:00Z,2.2,21.0,23.9,22.9,-2.9,2.9
0-6ч,2026-08-10T22:47:13Z,2026-08-11T02:00:00Z,3.2,20.8,23.2,23.1,-2.4,2.4
0-6ч,2026-08-10T22:47:13Z,2026-08-11T03:00:00Z,4.2,20.6,22.4,22.6,-1.8,1.8
0-6ч,2026-08-10T22:47:13Z,2026-08-11T04:00:00Z,5.2,20.0,22.2,21.3,-2.2,2.2
0-6ч,2026-08-11T05:01:49Z,2026-08-11T06:00:00Z,1.0,25.1,26.8,26.2,-1.7,1.7
0-6ч,2026-08-11T05:01:49Z,2026-08-11T07:00:00Z,2.0,28.4,29.0,28.3,-0.6,0.6
0-6ч,2026-08-11T05:01:49Z,2026-08-11T08:00:00Z,3.0,31.5,30.6,30.6,0.9,0.9
0-6ч,2026-08-11T05:01:49Z,2026-08-11T09:00:00Z,4.0,34.1,32.0,32.5,2.1,2.1
0-6ч,2026-08-11T05:01:49Z,2026-08-11T10:00:00Z,5.0,35.6,34.7,32.7,0.9,0.9
0-6ч,2026-08-11T05:01:49Z,2026-08-11T11:00:00Z,6.0,36.6,35.7,33.2,0.9,0.9
0-6ч,2026-08-11T10:38:45Z,2026-08-11T11:00:00Z,0.4,36.6,35.7,33.2,0.9,0.9
0-6ч,2026-08-11T10:38:45Z,2026-08-11T12:00:00Z,1.4,37.1,36.7,34.1,0.4,0.4
0-6ч,2026-08-11T10:38:45Z,2026-08-11T13:00:00Z,2.4,37.4,37.1,34.1,0.3,0.3
0-6ч,2026-08-11T10:38:45Z,2026-08-11T14:00:00Z,3.4,37.3,37.7,34.6,-0.4,0.4
0-6ч,2026-08-11T10:38:45Z,2026-08-11T15:00:00Z,4.4,36.8,37.3,34.7,-0.5,0.5
0-6ч,2026-08-11T10:38:45Z,2026-08-11T16:00:00Z,5.4,36.1,36.2,34.0,-0.1,0.1
0-6ч,2026-08-12T06:05:22Z,2026-08-12T07:00:00Z,0.9,23.9,24.2,29.0,-0.3,0.3
0-6ч,2026-08-12T06:05:22Z,2026-08-12T08:00:00Z,1.9,25.3,24.7,30.6,0.6,0.6
0-6ч,2026-08-12T06:05:22Z,2026-08-12T09:00:00Z,2.9,27.5,27.9,32.0,-0.4,0.4
0-6ч,2026-08-12T06:05:22Z,2026-08-12T10:00:00Z,3.9,29.3,29.8,34.7,-0.5,0.5
0-6ч,2026-08-12T06:05:22Z,2026-08-12T11:00:00Z,4.9,30.3,31.5,35.7,-1.2,1.2
0-6ч,2026-08-12T06:05:22Z,2026-08-12T12:00:00Z,5.9,31.0,32.1,36.7,-1.1,1.1
0-6ч,2026-08-12T10:47:03Z,2026-08-12T11:00:00Z,0.2,30.4,31.5,35.7,-1.1,1.1
0-6ч,2026-08-12T10:47:03Z,2026-08-12T12:00:00Z,1.2,31.2,32.1,36.7,-0.9,0.9
0-6ч,2026-08-12T10:47:03Z,2026-08-12T13:00:00Z,2.2,31.5,33.2,37.1,-1.7,1.7
0-6ч,2026-08-12T10:47:03Z,2026-08-12T14:00:00Z,3.2,31.6,32.9,37.7,-1.3,1.3
0-6ч,2026-08-12T10:47:03Z,2026-08-12T15:00:00Z,4.2,31.2,32.4,37.3,-1.2,1.2
0-6ч,2026-08-12T10:47:03Z,2026-08-12T16:00:00Z,5.2,30.4,31.3,36.2,-0.9,0.9
0-6ч,2026-08-12T16:54:57Z,2026-08-12T17:00:00Z,0.1,29.2,30.0,34.9,-0.8,0.8
0-6ч,2026-08-12T16:54:57Z,2026-08-12T18:00:00Z,1.1,25.7,28.4,33.0,-2.7,2.7
0-6ч,2026-08-12T16:54:57Z,2026-08-12T19:00:00Z,2.1,23.8,27.0,31.2,-3.2,3.2
0-6ч,2026-08-12T16:54:57Z,2026-08-12T20:00:00Z,3.1,22.5,26.3,29.6,-3.8,3.8
0-6ч,2026-08-12T16:54:57Z,2026-08-12T21:00:00Z,4.1,21.3,25.5,28.3,-4.2,4.2
0-6ч,2026-08-12T16:54:57Z,2026-08-12T22:00:00Z,5.1,20.2,24.8,29.1,-4.6,4.6
0-6ч,2026-08-12T22:50:47Z,2026-08-12T23:00:00Z,0.2,20.0,23.8,29.2,-3.8,3.8
0-6ч,2026-08-12T22:50:47Z,2026-08-13T00:00:00Z,1.2,18.8,23.3,27.7,-4.5,4.5
0-6ч,2026-08-12T22:50:47Z,2026-08-13T01:00:00Z,2.2,18.2,22.0,26.2,-3.8,3.8
0-6ч,2026-08-12T22:50:47Z,2026-08-13T02:00:00Z,3.2,17.6,20.5,25.1,-2.9,2.9
0-6ч,2026-08-12T22:50:47Z,2026-08-13T03:00:00Z,4.2,16.9,19.9,24.0,-3.0,3.0
0-6ч,2026-08-12T22:50:47Z,2026-08-13T04:00:00Z,5.2,16.2,19.1,23.2,-2.9,2.9
0-6ч,2026-08-13T05:30:08Z,2026-08-13T06:00:00Z,0.5,19.5,20.2,23.6,-0.7,0.7
0-6ч,2026-08-13T05:30:08Z,2026-08-13T07:00:00Z,1.5,21.7,22.6,24.2,-0.9,0.9
0-6ч,2026-08-13T05:30:08Z,2026-08-13T08:00:00Z,2.5,24.1,25.6,24.7,-1.5,1.5
0-6ч,2026-08-13T05:30:08Z,2026-08-13T09:00:00Z,3.5,26.4,27.0,27.9,-0.6,0.6
0-6ч,2026-08-13T05:30:08Z,2026-08-13T10:00:00Z,4.5,28.4,27.8,29.8,0.6,0.6
0-6ч,2026-08-13T05:30:08Z,2026-08-13T11:00:00Z,5.5,29.9,28.6,31.5,1.3,1.3
0-6ч,2026-08-13T10:49:01Z,2026-08-13T11:00:00Z,0.2,29.7,28.6,31.5,1.1,1.1
0-6ч,2026-08-13T10:49:01Z,2026-08-13T12:00:00Z,1.2,30.5,29.4,32.1,1.1,1.1
0-6ч,2026-08-13T10:49:01Z,2026-08-13T13:00:00Z,2.2,30.8,31.0,33.2,-0.2,0.2
0-6ч,2026-08-13T10:49:01Z,2026-08-13T14:00:00Z,3.2,30.9,30.7,32.9,0.2,0.2
0-6ч,2026-08-13T10:49:01Z,2026-08-13T15:00:00Z,4.2,30.5,31.2,32.4,-0.7,0.7
0-6ч,2026-08-13T10:49:01Z,2026-08-13T16:00:00Z,5.2,29.8,30.2,31.3,-0.4,0.4
0-6ч,2026-08-13T16:36:10Z,2026-08-13T17:00:00Z,0.4,28.6,29.5,30.0,-0.9,0.9
0-6ч,2026-08-13T16:36:10Z,2026-08-13T18:00:00Z,1.4,25.1,27.7,28.4,-2.6,2.6
0-6ч,2026-08-13T16:36:10Z,2026-08-13T19:00:00Z,2.4,23.0,26.5,27.0,-3.5,3.5
0-6ч,2026-08-13T16:36:10Z,2026-08-13T20:00:00Z,3.4,21.8,26.0,26.3,-4.2,4.2
0-6ч,2026-08-13T16:36:10Z,2026-08-13T21:00:00Z,4.4,21.1,25.0,25.5,-3.9,3.9
0-6ч,2026-08-13T16:36:10Z,2026-08-13T22:00:00Z,5.4,20.6,24.0,24.8,-3.4,3.4
0-6ч,2026-08-13T16:42:24Z,2026-08-13T17:00:00Z,0.3,28.6,29.5,30.0,-0.9,0.9
0-6ч,2026-08-13T16:42:24Z,2026-08-13T18:00:00Z,1.3,25.1,27.7,28.4,-2.6,2.6
0-6ч,2026-08-13T16:42:24Z,2026-08-13T19:00:00Z,2.3,23.0,26.5,27.0,-3.5,3.5
0-6ч,2026-08-13T16:42:24Z,2026-08-13T20:00:00Z,3.3,21.8,26.0,26.3,-4.2,4.2
0-6ч,2026-08-13T16:42:24Z,2026-08-13T21:00:00Z,4.3,21.1,25.0,25.5,-3.9,3.9
0-6ч,2026-08-13T16:42:24Z,2026-08-13T22:00:00Z,5.3,20.6,24.0,24.8,-3.4,3.4
0-6ч,2026-08-13T16:54:22Z,2026-08-13T17:00:00Z,0.1,28.6,29.5,30.0,-0.9,0.9
0-6ч,2026-08-13T16:54:22Z,2026-08-13T18:00:00Z,1.1,25.1,27.7,28.4,-2.6,2.6
0-6ч,2026-08-13T16:54:22Z,2026-08-13T19:00:00Z,2.1,23.0,26.5,27.0,-3.5,3.5
0-6ч,2026-08-13T16:54:22Z,2026-08-13T20:00:00Z,3.1,21.8,26.0,26.3,-4.2,4.2
0-6ч,2026-08-13T16:54:22Z,2026-08-13T21:00:00Z,4.1,21.1,25.0,25.5,-3.9,3.9
0-6ч,2026-08-13T16:54:22Z,2026-08-13T22:00:00Z,5.1,20.6,24.0,24.8,-3.4,3.4
0-6ч,2026-08-13T22:52:17Z,2026-08-13T23:00:00Z,0.1,20.0,22.8,23.8,-2.8,2.8
0-6ч,2026-08-13T22:52:17Z,2026-08-14T00:00:00Z,1.1,19.3,22.0,23.3,-2.7,2.7
0-6ч,2026-08-13T22:52:17Z,2026-08-14T01:00:00Z,2.1,18.0,20.4,22.0,-2.4,2.4
0-6ч,2026-08-13T22:52:17Z,2026-08-14T02:00:00Z,3.1,17.1,21.7,20.5,-4.6,4.6
0-6ч,2026-08-13T22:52:17Z,2026-08-14T03:00:00Z,4.1,16.7,20.9,19.9,-4.2,4.2
0-6ч,2026-08-13T22:52:17Z,2026-08-14T04:00:00Z,5.1,15.9,20.6,19.1,-4.7,4.7
0-6ч,2026-08-14T05:28:14Z,2026-08-14T06:00:00Z,0.5,19.9,23.4,20.2,-3.5,3.5
0-6ч,2026-08-14T05:28:14Z,2026-08-14T07:00:00Z,1.5,22.9,25.4,22.6,-2.5,2.5
0-6ч,2026-08-14T05:28:14Z,2026-08-14T08:00:00Z,2.5,25.8,27.9,25.6,-2.1,2.1
0-6ч,2026-08-14T05:28:14Z,2026-08-14T09:00:00Z,3.5,28.2,28.7,27.0,-0.5,0.5
0-6ч,2026-08-14T05:28:14Z,2026-08-14T10:00:00Z,4.5,29.9,29.9,27.8,0.0,0.0
6-24ч,2026-08-06T09:50:07Z,2026-08-06T16:00:00Z,6.2,36.3,30.8,37.0,5.5,5.5
6-24ч,2026-08-06T09:50:07Z,2026-08-06T17:00:00Z,7.2,35.1,31.2,35.4,3.9,3.9
6-24ч,2026-08-06T09:50:07Z,2026-08-06T18:00:00Z,8.2,31.1,30.4,33.6,0.7,0.7
6-24ч,2026-08-06T09:50:07Z,2026-08-06T19:00:00Z,9.2,28.3,28.6,31.3,-0.3,0.3
6-24ч,2026-08-06T09:50:07Z,2026-08-06T20:00:00Z,10.2,27.1,28.8,30.3,-1.7,1.7
6-24ч,2026-08-06T09:50:07Z,2026-08-06T21:00:00Z,11.2,27.1,27.6,29.3,-0.5,0.5
6-24ч,2026-08-06T09:50:07Z,2026-08-06T22:00:00Z,12.2,26.7,27.1,28.5,-0.4,0.4
6-24ч,2026-08-06T09:50:07Z,2026-08-06T23:00:00Z,13.2,26.3,26.3,28.0,0.0,0.0
6-24ч,2026-08-06T09:50:07Z,2026-08-07T00:00:00Z,14.2,25.4,25.6,27.4,-0.2,0.2
6-24ч,2026-08-06T09:50:07Z,2026-08-07T01:00:00Z,15.2,24.5,25.3,27.2,-0.8,0.8
6-24ч,2026-08-06T09:50:07Z,2026-08-07T02:00:00Z,16.2,23.6,24.8,26.5,-1.2,1.2
6-24ч,2026-08-06T09:50:07Z,2026-08-07T03:00:00Z,17.2,22.6,24.6,27.2,-2.0,2.0
6-24ч,2026-08-06T09:50:07Z,2026-08-07T04:00:00Z,18.2,22.8,24.9,27.5,-2.1,2.1
6-24ч,2026-08-06T09:50:07Z,2026-08-07T05:00:00Z,19.2,24.5,26.1,28.4,-1.6,1.6
6-24ч,2026-08-06T09:50:07Z,2026-08-07T06:00:00Z,20.2,26.3,27.0,29.0,-0.7,0.7
6-24ч,2026-08-06T09:50:07Z,2026-08-07T07:00:00Z,21.2,27.9,28.0,31.2,-0.1,0.1
6-24ч,2026-08-06T09:50:07Z,2026-08-07T08:00:00Z,22.2,30.2,30.5,33.8,-0.3,0.3
6-24ч,2026-08-06T09:50:07Z,2026-08-07T09:00:00Z,23.2,32.6,33.0,35.7,-0.4,0.4
6-24ч,2026-08-06T09:59:18Z,2026-08-06T16:00:00Z,6.0,36.3,30.8,37.0,5.5,5.5
6-24ч,2026-08-06T09:59:18Z,2026-08-06T17:00:00Z,7.0,35.1,31.2,35.4,3.9,3.9
6-24ч,2026-08-06T09:59:18Z,2026-08-06T18:00:00Z,8.0,31.1,30.4,33.6,0.7,0.7
6-24ч,2026-08-06T09:59:18Z,2026-08-06T19:00:00Z,9.0,28.3,28.6,31.3,-0.3,0.3
6-24ч,2026-08-06T09:59:18Z,2026-08-06T20:00:00Z,10.0,27.1,28.8,30.3,-1.7,1.7
6-24ч,2026-08-06T09:59:18Z,2026-08-06T21:00:00Z,11.0,27.1,27.6,29.3,-0.5,0.5
6-24ч,2026-08-06T09:59:18Z,2026-08-06T22:00:00Z,12.0,26.7,27.1,28.5,-0.4,0.4
6-24ч,2026-08-06T09:59:18Z,2026-08-06T23:00:00Z,13.0,26.3,26.3,28.0,0.0,0.0
6-24ч,2026-08-06T09:59:18Z,2026-08-07T00:00:00Z,14.0,25.4,25.6,27.4,-0.2,0.2
6-24ч,2026-08-06T09:59:18Z,2026-08-07T01:00:00Z,15.0,24.5,25.3,27.2,-0.8,0.8
6-24ч,2026-08-06T09:59:18Z,2026-08-07T02:00:00Z,16.0,23.6,24.8,26.5,-1.2,1.2
6-24ч,2026-08-06T09:59:18Z,2026-08-07T03:00:00Z,17.0,22.6,24.6,27.2,-2.0,2.0
6-24ч,2026-08-06T09:59:18Z,2026-08-07T04:00:00Z,18.0,22.8,24.9,27.5,-2.1,2.1
6-24ч,2026-08-06T09:59:18Z,2026-08-07T05:00:00Z,19.0,24.5,26.1,28.4,-1.6,1.6
6-24ч,2026-08-06T09:59:18Z,2026-08-07T06:00:00Z,20.0,26.3,27.0,29.0,-0.7,0.7
6-24ч,2026-08-06T09:59:18Z,2026-08-07T07:00:00Z,21.0,27.9,28.0,31.2,-0.1,0.1
6-24ч,2026-08-06T09:59:18Z,2026-08-07T08:00:00Z,22.0,30.2,30.5,33.8,-0.3,0.3
6-24ч,2026-08-06T09:59:18Z,2026-08-07T09:00:00Z,23.0,32.6,33.0,35.7,-0.4,0.4
6-24ч,2026-08-06T10:08:26Z,2026-08-06T17:00:00Z,6.9,35.1,31.2,35.4,3.9,3.9
6-24ч,2026-08-06T10:08:26Z,2026-08-06T18:00:00Z,7.9,31.1,30.4,33.6,0.7,0.7
6-24ч,2026-08-06T10:08:26Z,2026-08-06T19:00:00Z,8.9,28.3,28.6,31.3,-0.3,0.3
6-24ч,2026-08-06T10:08:26Z,2026-08-06T20:00:00Z,9.9,27.1,28.8,30.3,-1.7,1.7
6-24ч,2026-08-06T10:08:26Z,2026-08-06T21:00:00Z,10.9,27.1,27.6,29.3,-0.5,0.5
6-24ч,2026-08-06T10:08:26Z,2026-08-06T22:00:00Z,11.9,26.7,27.1,28.5,-0.4,0.4
6-24ч,2026-08-06T10:08:26Z,2026-08-06T23:00:00Z,12.9,26.3,26.3,28.0,0.0,0.0
6-24ч,2026-08-06T10:08:26Z,2026-08-07T00:00:00Z,13.9,25.4,25.6,27.4,-0.2,0.2
6-24ч,2026-08-06T10:08:26Z,2026-08-07T01:00:00Z,14.9,24.5,25.3,27.2,-0.8,0.8
6-24ч,2026-08-06T10:08:26Z,2026-08-07T02:00:00Z,15.9,23.6,24.8,26.5,-1.2,1.2
6-24ч,2026-08-06T10:08:26Z,2026-08-07T03:00:00Z,16.9,22.6,24.6,27.2,-2.0,2.0
6-24ч,2026-08-06T10:08:26Z,2026-08-07T04:00:00Z,17.9,22.8,24.9,27.5,-2.1,2.1
6-24ч,2026-08-06T10:08:26Z,2026-08-07T05:00:00Z,18.9,24.5,26.1,28.4,-1.6,1.6
6-24ч,2026-08-06T10:08:26Z,2026-08-07T06:00:00Z,19.9,26.3,27.0,29.0,-0.7,0.7
6-24ч,2026-08-06T10:08:26Z,2026-08-07T07:00:00Z,20.9,27.9,28.0,31.2,-0.1,0.1
6-24ч,2026-08-06T10:08:26Z,2026-08-07T08:00:00Z,21.9,30.2,30.5,33.8,-0.3,0.3
6-24ч,2026-08-06T10:08:26Z,2026-08-07T09:00:00Z,22.9,32.6,33.0,35.7,-0.4,0.4
6-24ч,2026-08-06T10:08:26Z,2026-08-07T10:00:00Z,23.9,34.2,35.0,37.2,-0.8,0.8
6-24ч,2026-08-06T10:47:54Z,2026-08-06T17:00:00Z,6.2,35.1,31.2,35.4,3.9,3.9
6-24ч,2026-08-06T10:47:54Z,2026-08-06T18:00:00Z,7.2,31.1,30.4,33.6,0.7,0.7
6-24ч,2026-08-06T10:47:54Z,2026-08-06T19:00:00Z,8.2,28.3,28.6,31.3,-0.3,0.3
6-24ч,2026-08-06T10:47:54Z,2026-08-06T20:00:00Z,9.2,27.1,28.8,30.3,-1.7,1.7
6-24ч,2026-08-06T10:47:54Z,2026-08-06T21:00:00Z,10.2,27.1,27.6,29.3,-0.5,0.5
6-24ч,2026-08-06T10:47:54Z,2026-08-06T22:00:00Z,11.2,26.7,27.1,28.5,-0.4,0.4
6-24ч,2026-08-06T10:47:54Z,2026-08-06T23:00:00Z,12.2,26.3,26.3,28.0,0.0,0.0
6-24ч,2026-08-06T10:47:54Z,2026-08-07T00:00:00Z,13.2,25.4,25.6,27.4,-0.2,0.2
6-24ч,2026-08-06T10:47:54Z,2026-08-07T01:00:00Z,14.2,24.5,25.3,27.2,-0.8,0.8
6-24ч,2026-08-06T10:47:54Z,2026-08-07T02:00:00Z,15.2,23.6,24.8,26.5,-1.2,1.2
6-24ч,2026-08-06T10:47:54Z,2026-08-07T03:00:00Z,16.2,22.6,24.6,27.2,-2.0,2.0
6-24ч,2026-08-06T10:47:54Z,2026-08-07T04:00:00Z,17.2,22.8,24.9,27.5,-2.1,2.1
6-24ч,2026-08-06T10:47:54Z,2026-08-07T05:00:00Z,18.2,24.5,26.1,28.4,-1.6,1.6
6-24ч,2026-08-06T10:47:54Z,2026-08-07T06:00:00Z,19.2,26.3,27.0,29.0,-0.7,0.7
6-24ч,2026-08-06T10:47:54Z,2026-08-07T07:00:00Z,20.2,27.9,28.0,31.2,-0.1,0.1
6-24ч,2026-08-06T10:47:54Z,2026-08-07T08:00:00Z,21.2,30.2,30.5,33.8,-0.3,0.3
6-24ч,2026-08-06T10:47:54Z,2026-08-07T09:00:00Z,22.2,32.6,33.0,35.7,-0.4,0.4
6-24ч,2026-08-06T10:47:54Z,2026-08-07T10:00:00Z,23.2,34.2,35.0,37.2,-0.8,0.8
6-24ч,2026-08-06T11:30:42Z,2026-08-06T18:00:00Z,6.5,31.1,30.4,33.6,0.7,0.7
6-24ч,2026-08-06T11:30:42Z,2026-08-06T19:00:00Z,7.5,28.3,28.6,31.3,-0.3,0.3
6-24ч,2026-08-06T11:30:42Z,2026-08-06T20:00:00Z,8.5,27.1,28.8,30.3,-1.7,1.7
6-24ч,2026-08-06T11:30:42Z,2026-08-06T21:00:00Z,9.5,27.1,27.6,29.3,-0.5,0.5
6-24ч,2026-08-06T11:30:42Z,2026-08-06T22:00:00Z,10.5,26.7,27.1,28.5,-0.4,0.4
6-24ч,2026-08-06T11:30:42Z,2026-08-06T23:00:00Z,11.5,26.3,26.3,28.0,0.0,0.0
6-24ч,2026-08-06T11:30:42Z,2026-08-07T00:00:00Z,12.5,25.4,25.6,27.4,-0.2,0.2
6-24ч,2026-08-06T11:30:42Z,2026-08-07T01:00:00Z,13.5,24.5,25.3,27.2,-0.8,0.8
6-24ч,2026-08-06T11:30:42Z,2026-08-07T02:00:00Z,14.5,23.6,24.8,26.5,-1.2,1.2
6-24ч,2026-08-06T11:30:42Z,2026-08-07T03:00:00Z,15.5,22.6,24.6,27.2,-2.0,2.0
6-24ч,2026-08-06T11:30:42Z,2026-08-07T04:00:00Z,16.5,22.8,24.9,27.5,-2.1,2.1
6-24ч,2026-08-06T11:30:42Z,2026-08-07T05:00:00Z,17.5,24.5,26.1,28.4,-1.6,1.6
6-24ч,2026-08-06T11:30:42Z,2026-08-07T06:00:00Z,18.5,26.3,27.0,29.0,-0.7,0.7
6-24ч,2026-08-06T11:30:42Z,2026-08-07T07:00:00Z,19.5,27.9,28.0,31.2,-0.1,0.1
6-24ч,2026-08-06T11:30:42Z,2026-08-07T08:00:00Z,20.5,30.2,30.5,33.8,-0.3,0.3
6-24ч,2026-08-06T11:30:42Z,2026-08-07T09:00:00Z,21.5,32.6,33.0,35.7,-0.4,0.4
6-24ч,2026-08-06T11:30:42Z,2026-08-07T10:00:00Z,22.5,34.2,35.0,37.2,-0.8,0.8
6-24ч,2026-08-06T11:30:42Z,2026-08-07T11:00:00Z,23.5,34.7,35.9,37.6,-1.2,1.2
6-24ч,2026-08-06T11:36:01Z,2026-08-06T18:00:00Z,6.4,31.1,30.4,33.6,0.7,0.7
6-24ч,2026-08-06T11:36:01Z,2026-08-06T19:00:00Z,7.4,28.3,28.6,31.3,-0.3,0.3
6-24ч,2026-08-06T11:36:01Z,2026-08-06T20:00:00Z,8.4,27.1,28.8,30.3,-1.7,1.7
6-24ч,2026-08-06T11:36:01Z,2026-08-06T21:00:00Z,9.4,27.1,27.6,29.3,-0.5,0.5
6-24ч,2026-08-06T11:36:01Z,2026-08-06T22:00:00Z,10.4,26.7,27.1,28.5,-0.4,0.4
6-24ч,2026-08-06T11:36:01Z,2026-08-06T23:00:00Z,11.4,26.3,26.3,28.0,0.0,0.0
6-24ч,2026-08-06T11:36:01Z,2026-08-07T00:00:00Z,12.4,25.4,25.6,27.4,-0.2,0.2
6-24ч,2026-08-06T11:36:01Z,2026-08-07T01:00:00Z,13.4,24.5,25.3,27.2,-0.8,0.8
6-24ч,2026-08-06T11:36:01Z,2026-08-07T02:00:00Z,14.4,23.6,24.8,26.5,-1.2,1.2
6-24ч,2026-08-06T11:36:01Z,2026-08-07T03:00:00Z,15.4,22.6,24.6,27.2,-2.0,2.0
6-24ч,2026-08-06T11:36:01Z,2026-08-07T04:00:00Z,16.4,22.8,24.9,27.5,-2.1,2.1
6-24ч,2026-08-06T11:36:01Z,2026-08-07T05:00:00Z,17.4,24.5,26.1,28.4,-1.6,1.6
6-24ч,2026-08-06T11:36:01Z,2026-08-07T06:00:00Z,18.4,26.3,27.0,29.0,-0.7,0.7
6-24ч,2026-08-06T11:36:01Z,2026-08-07T07:00:00Z,19.4,27.9,28.0,31.2,-0.1,0.1
6-24ч,2026-08-06T11:36:01Z,2026-08-07T08:00:00Z,20.4,30.2,30.5,33.8,-0.3,0.3
6-24ч,2026-08-06T11:36:01Z,2026-08-07T09:00:00Z,21.4,32.6,33.0,35.7,-0.4,0.4
6-24ч,2026-08-06T11:36:01Z,2026-08-07T10:00:00Z,22.4,34.2,35.0,37.2,-0.8,0.8
6-24ч,2026-08-06T11:36:01Z,2026-08-07T11:00:00Z,23.4,34.7,35.9,37.6,-1.2,1.2
6-24ч,2026-08-06T11:44:08Z,2026-08-06T18:00:00Z,6.3,31.1,30.4,33.6,0.7,0.7
6-24ч,2026-08-06T11:44:08Z,2026-08-06T19:00:00Z,7.3,28.3,28.6,31.3,-0.3,0.3
6-24ч,2026-08-06T11:44:08Z,2026-08-06T20:00:00Z,8.3,27.1,28.8,30.3,-1.7,1.7
6-24ч,2026-08-06T11:44:08Z,2026-08-06T21:00:00Z,9.3,27.1,27.6,29.3,-0.5,0.5
6-24ч,2026-08-06T11:44:08Z,2026-08-06T22:00:00Z,10.3,26.7,27.1,28.5,-0.4,0.4
6-24ч,2026-08-06T11:44:08Z,2026-08-06T23:00:00Z,11.3,26.3,26.3,28.0,0.0,0.0
6-24ч,2026-08-06T11:44:08Z,2026-08-07T00:00:00Z,12.3,25.4,25.6,27.4,-0.2,0.2
6-24ч,2026-08-06T11:44:08Z,2026-08-07T01:00:00Z,13.3,24.5,25.3,27.2,-0.8,0.8
6-24ч,2026-08-06T11:44:08Z,2026-08-07T02:00:00Z,14.3,23.6,24.8,26.5,-1.2,1.2
6-24ч,2026-08-06T11:44:08Z,2026-08-07T03:00:00Z,15.3,22.6,24.6,27.2,-2.0,2.0
6-24ч,2026-08-06T11:44:08Z,2026-08-07T04:00:00Z,16.3,22.8,24.9,27.5,-2.1,2.1
6-24ч,2026-08-06T11:44:08Z,2026-08-07T05:00:00Z,17.3,24.5,26.1,28.4,-1.6,1.6
6-24ч,2026-08-06T11:44:08Z,2026-08-07T06:00:00Z,18.3,26.3,27.0,29.0,-0.7,0.7
6-24ч,2026-08-06T11:44:08Z,2026-08-07T07:00:00Z,19.3,27.9,28.0,31.2,-0.1,0.1
6-24ч,2026-08-06T11:44:08Z,2026-08-07T08:00:00Z,20.3,30.2,30.5,33.8,-0.3,0.3
6-24ч,2026-08-06T11:44:08Z,2026-08-07T09:00:00Z,21.3,32.6,33.0,35.7,-0.4,0.4
6-24ч,2026-08-06T11:44:08Z,2026-08-07T10:00:00Z,22.3,34.2,35.0,37.2,-0.8,0.8
6-24ч,2026-08-06T11:44:08Z,2026-08-07T11:00:00Z,23.3,34.7,35.9,37.6,-1.2,1.2
6-24ч,2026-08-07T01:31:32Z,2026-08-07T08:00:00Z,6.5,31.6,30.5,33.8,1.1,1.1
6-24ч,2026-08-07T01:31:32Z,2026-08-07T09:00:00Z,7.5,33.0,33.0,35.7,0.0,0.0
6-24ч,2026-08-07T01:31:32Z,2026-08-07T10:00:00Z,8.5,33.8,35.0,37.2,-1.2,1.2
6-24ч,2026-08-07T01:31:32Z,2026-08-07T11:00:00Z,9.5,35.1,35.9,37.6,-0.8,0.8
6-24ч,2026-08-07T01:31:32Z,2026-08-07T12:00:00Z,10.5,36.0,36.6,37.5,-0.6,0.6
6-24ч,2026-08-07T01:31:32Z,2026-08-07T13:00:00Z,11.5,36.6,36.9,38.3,-0.3,0.3
6-24ч,2026-08-07T01:31:32Z,2026-08-07T14:00:00Z,12.5,36.2,37.2,38.0,-1.0,1.0
6-24ч,2026-08-07T01:31:32Z,2026-08-07T15:00:00Z,13.5,36.1,36.4,36.8,-0.3,0.3
6-24ч,2026-08-07T01:31:32Z,2026-08-07T16:00:00Z,14.5,35.8,34.4,30.8,1.4,1.4
6-24ч,2026-08-07T01:31:32Z,2026-08-07T17:00:00Z,15.5,33.5,34.2,31.2,-0.7,0.7
6-24ч,2026-08-07T01:31:32Z,2026-08-07T18:00:00Z,16.5,30.1,32.0,30.4,-1.9,1.9
6-24ч,2026-08-07T01:31:32Z,2026-08-07T19:00:00Z,17.5,28.1,29.3,28.6,-1.2,1.2
6-24ч,2026-08-07T01:31:32Z,2026-08-07T20:00:00Z,18.5,25.9,28.2,28.8,-2.3,2.3
6-24ч,2026-08-07T01:31:32Z,2026-08-07T21:00:00Z,19.5,24.6,27.2,27.6,-2.6,2.6
6-24ч,2026-08-07T01:31:32Z,2026-08-07T22:00:00Z,20.5,23.8,27.1,27.1,-3.3,3.3
6-24ч,2026-08-07T01:31:32Z,2026-08-07T23:00:00Z,21.5,22.9,25.7,26.3,-2.8,2.8
6-24ч,2026-08-07T01:31:32Z,2026-08-08T00:00:00Z,22.5,22.4,25.6,25.6,-3.2,3.2
6-24ч,2026-08-07T01:31:32Z,2026-08-08T01:00:00Z,23.5,21.6,25.1,25.3,-3.5,3.5
6-24ч,2026-08-07T05:36:00Z,2026-08-07T12:00:00Z,6.4,36.1,36.6,37.5,-0.5,0.5
6-24ч,2026-08-07T05:36:00Z,2026-08-07T13:00:00Z,7.4,36.7,36.9,38.3,-0.2,0.2
6-24ч,2026-08-07T05:36:00Z,2026-08-07T14:00:00Z,8.4,35.8,37.2,38.0,-1.4,1.4
6-24ч,2026-08-07T05:36:00Z,2026-08-07T15:00:00Z,9.4,36.1,36.4,36.8,-0.3,0.3
6-24ч,2026-08-07T05:36:00Z,2026-08-07T16:00:00Z,10.4,35.1,34.4,30.8,0.7,0.7
6-24ч,2026-08-07T05:36:00Z,2026-08-07T17:00:00Z,11.4,33.4,34.2,31.2,-0.8,0.8
6-24ч,2026-08-07T05:36:00Z,2026-08-07T18:00:00Z,12.4,30.9,32.0,30.4,-1.1,1.1
6-24ч,2026-08-07T05:36:00Z,2026-08-07T19:00:00Z,13.4,28.6,29.3,28.6,-0.7,0.7
6-24ч,2026-08-07T05:36:00Z,2026-08-07T20:00:00Z,14.4,27.1,28.2,28.8,-1.1,1.1
6-24ч,2026-08-07T05:36:00Z,2026-08-07T21:00:00Z,15.4,25.5,27.2,27.6,-1.7,1.7
6-24ч,2026-08-07T05:36:00Z,2026-08-07T22:00:00Z,16.4,24.1,27.1,27.1,-3.0,3.0
6-24ч,2026-08-07T05:36:00Z,2026-08-07T23:00:00Z,17.4,22.8,25.7,26.3,-2.9,2.9
6-24ч,2026-08-07T05:36:00Z,2026-08-08T00:00:00Z,18.4,22.2,25.6,25.6,-3.4,3.4
6-24ч,2026-08-07T05:36:00Z,2026-08-08T01:00:00Z,19.4,22.2,25.1,25.3,-2.9,2.9
6-24ч,2026-08-07T05:36:00Z,2026-08-08T02:00:00Z,20.4,21.8,23.0,24.8,-1.2,1.2
6-24ч,2026-08-07T05:36:00Z,2026-08-08T03:00:00Z,21.4,21.1,21.4,24.6,-0.3,0.3
6-24ч,2026-08-07T05:36:00Z,2026-08-08T04:00:00Z,22.4,20.8,21.2,24.9,-0.4,0.4
6-24ч,2026-08-07T05:36:00Z,2026-08-08T05:00:00Z,23.4,21.3,21.7,26.1,-0.4,0.4
6-24ч,2026-08-07T06:18:59Z,2026-08-07T13:00:00Z,6.7,36.3,36.9,38.3,-0.6,0.6
6-24ч,2026-08-07T06:18:59Z,2026-08-07T14:00:00Z,7.7,36.3,37.2,38.0,-0.9,0.9
6-24ч,2026-08-07T06:18:59Z,2026-08-07T15:00:00Z,8.7,34.5,36.4,36.8,-1.9,1.9
6-24ч,2026-08-07T06:18:59Z,2026-08-07T16:00:00Z,9.7,34.4,34.4,30.8,0.0,0.0
6-24ч,2026-08-07T06:18:59Z,2026-08-07T17:00:00Z,10.7,33.3,34.2,31.2,-0.9,0.9
6-24ч,2026-08-07T06:18:59Z,2026-08-07T18:00:00Z,11.7,30.2,32.0,30.4,-1.8,1.8
6-24ч,2026-08-07T06:18:59Z,2026-08-07T19:00:00Z,12.7,28.0,29.3,28.6,-1.3,1.3
6-24ч,2026-08-07T06:18:59Z,2026-08-07T20:00:00Z,13.7,26.6,28.2,28.8,-1.6,1.6
6-24ч,2026-08-07T06:18:59Z,2026-08-07T21:00:00Z,14.7,25.3,27.2,27.6,-1.9,1.9
6-24ч,2026-08-07T06:18:59Z,2026-08-07T22:00:00Z,15.7,23.8,27.1,27.1,-3.3,3.3
6-24ч,2026-08-07T06:18:59Z,2026-08-07T23:00:00Z,16.7,22.7,25.7,26.3,-3.0,3.0
6-24ч,2026-08-07T06:18:59Z,2026-08-08T00:00:00Z,17.7,22.0,25.6,25.6,-3.6,3.6
6-24ч,2026-08-07T06:18:59Z,2026-08-08T01:00:00Z,18.7,21.9,25.1,25.3,-3.2,3.2
6-24ч,2026-08-07T06:18:59Z,2026-08-08T02:00:00Z,19.7,21.3,23.0,24.8,-1.7,1.7
6-24ч,2026-08-07T06:18:59Z,2026-08-08T03:00:00Z,20.7,21.0,21.4,24.6,-0.4,0.4
6-24ч,2026-08-07T06:18:59Z,2026-08-08T04:00:00Z,21.7,20.7,21.2,24.9,-0.5,0.5
6-24ч,2026-08-07T06:18:59Z,2026-08-08T05:00:00Z,22.7,22.1,21.7,26.1,0.4,0.4
6-24ч,2026-08-07T06:18:59Z,2026-08-08T06:00:00Z,23.7,23.2,22.6,27.0,0.6,0.6
6-24ч,2026-08-07T07:13:52Z,2026-08-07T14:00:00Z,6.8,36.3,37.2,38.0,-0.9,0.9
6-24ч,2026-08-07T07:13:52Z,2026-08-07T15:00:00Z,7.8,34.5,36.4,36.8,-1.9,1.9
6-24ч,2026-08-07T07:13:52Z,2026-08-07T16:00:00Z,8.8,34.4,34.4,30.8,0.0,0.0
6-24ч,2026-08-07T07:13:52Z,2026-08-07T17:00:00Z,9.8,33.3,34.2,31.2,-0.9,0.9
6-24ч,2026-08-07T07:13:52Z,2026-08-07T18:00:00Z,10.8,30.2,32.0,30.4,-1.8,1.8
6-24ч,2026-08-07T07:13:52Z,2026-08-07T19:00:00Z,11.8,28.0,29.3,28.6,-1.3,1.3
6-24ч,2026-08-07T07:13:52Z,2026-08-07T20:00:00Z,12.8,26.6,28.2,28.8,-1.6,1.6
6-24ч,2026-08-07T07:13:52Z,2026-08-07T21:00:00Z,13.8,25.3,27.2,27.6,-1.9,1.9
6-24ч,2026-08-07T07:13:52Z,2026-08-07T22:00:00Z,14.8,23.8,27.1,27.1,-3.3,3.3
6-24ч,2026-08-07T07:13:52Z,2026-08-07T23:00:00Z,15.8,22.7,25.7,26.3,-3.0,3.0
6-24ч,2026-08-07T07:13:52Z,2026-08-08T00:00:00Z,16.8,22.0,25.6,25.6,-3.6,3.6
6-24ч,2026-08-07T07:13:52Z,2026-08-08T01:00:00Z,17.8,21.9,25.1,25.3,-3.2,3.2
6-24ч,2026-08-07T07:13:52Z,2026-08-08T02:00:00Z,18.8,21.3,23.0,24.8,-1.7,1.7
6-24ч,2026-08-07T07:13:52Z,2026-08-08T03:00:00Z,19.8,21.0,21.4,24.6,-0.4,0.4
6-24ч,2026-08-07T07:13:52Z,2026-08-08T04:00:00Z,20.8,20.7,21.2,24.9,-0.5,0.5
6-24ч,2026-08-07T07:13:52Z,2026-08-08T05:00:00Z,21.8,22.1,21.7,26.1,0.4,0.4
6-24ч,2026-08-07T07:13:52Z,2026-08-08T06:00:00Z,22.8,23.2,22.6,27.0,0.6,0.6
6-24ч,2026-08-07T07:13:52Z,2026-08-08T07:00:00Z,23.8,24.5,24.4,28.0,0.1,0.1
6-24ч,2026-08-07T10:39:14Z,2026-08-07T17:00:00Z,6.3,33.6,34.2,31.2,-0.6,0.6
6-24ч,2026-08-07T10:39:14Z,2026-08-07T18:00:00Z,7.3,30.9,32.0,30.4,-1.1,1.1
6-24ч,2026-08-07T10:39:14Z,2026-08-07T19:00:00Z,8.3,28.6,29.3,28.6,-0.7,0.7
6-24ч,2026-08-07T10:39:14Z,2026-08-07T20:00:00Z,9.3,27.0,28.2,28.8,-1.2,1.2
6-24ч,2026-08-07T10:39:14Z,2026-08-07T21:00:00Z,10.3,25.7,27.2,27.6,-1.5,1.5
6-24ч,2026-08-07T10:39:14Z,2026-08-07T22:00:00Z,11.3,24.2,27.1,27.1,-2.9,2.9
6-24ч,2026-08-07T10:39:14Z,2026-08-07T23:00:00Z,12.3,22.8,25.7,26.3,-2.9,2.9
6-24ч,2026-08-07T10:39:14Z,2026-08-08T00:00:00Z,13.3,22.1,25.6,25.6,-3.5,3.5
6-24ч,2026-08-07T10:39:14Z,2026-08-08T01:00:00Z,14.3,21.8,25.1,25.3,-3.3,3.3
6-24ч,2026-08-07T10:39:14Z,2026-08-08T02:00:00Z,15.3,21.7,23.0,24.8,-1.3,1.3
6-24ч,2026-08-07T10:39:14Z,2026-08-08T03:00:00Z,16.3,21.4,21.4,24.6,0.0,0.0
6-24ч,2026-08-07T10:39:14Z,2026-08-08T04:00:00Z,17.3,21.0,21.2,24.9,-0.2,0.2
6-24ч,2026-08-07T10:39:14Z,2026-08-08T05:00:00Z,18.3,21.1,21.7,26.1,-0.6,0.6
6-24ч,2026-08-07T10:39:14Z,2026-08-08T06:00:00Z,19.3,22.1,22.6,27.0,-0.5,0.5
6-24ч,2026-08-07T10:39:14Z,2026-08-08T07:00:00Z,20.3,23.6,24.4,28.0,-0.8,0.8
6-24ч,2026-08-07T10:39:14Z,2026-08-08T08:00:00Z,21.3,25.2,25.6,30.5,-0.4,0.4
6-24ч,2026-08-07T10:39:14Z,2026-08-08T09:00:00Z,22.3,27.2,28.1,33.0,-0.9,0.9
6-24ч,2026-08-07T10:39:14Z,2026-08-08T10:00:00Z,23.3,29.0,29.7,35.0,-0.7,0.7
6-24ч,2026-08-07T16:51:54Z,2026-08-07T23:00:00Z,6.1,23.3,25.7,26.3,-2.4,2.4
6-24ч,2026-08-07T16:51:54Z,2026-08-08T00:00:00Z,7.1,22.7,25.6,25.6,-2.9,2.9
6-24ч,2026-08-07T16:51:54Z,2026-08-08T01:00:00Z,8.1,22.4,25.1,25.3,-2.7,2.7
6-24ч,2026-08-07T16:51:54Z,2026-08-08T02:00:00Z,9.1,21.8,23.0,24.8,-1.2,1.2
6-24ч,2026-08-07T16:51:54Z,2026-08-08T03:00:00Z,10.1,21.4,21.4,24.6,0.0,0.0
6-24ч,2026-08-07T16:51:54Z,2026-08-08T04:00:00Z,11.1,21.3,21.2,24.9,0.1,0.1
6-24ч,2026-08-07T16:51:54Z,2026-08-08T05:00:00Z,12.1,22.1,21.7,26.1,0.4,0.4
6-24ч,2026-08-07T16:51:54Z,2026-08-08T06:00:00Z,13.1,23.2,22.6,27.0,0.6,0.6
6-24ч,2026-08-07T16:51:54Z,2026-08-08T07:00:00Z,14.1,24.4,24.4,28.0,0.0,0.0
6-24ч,2026-08-07T16:51:54Z,2026-08-08T08:00:00Z,15.1,25.9,25.6,30.5,0.3,0.3
6-24ч,2026-08-07T16:51:54Z,2026-08-08T09:00:00Z,16.1,28.4,28.1,33.0,0.3,0.3
6-24ч,2026-08-07T16:51:54Z,2026-08-08T10:00:00Z,17.1,30.0,29.7,35.0,0.3,0.3
6-24ч,2026-08-07T16:51:54Z,2026-08-08T11:00:00Z,18.1,31.0,30.9,35.9,0.1,0.1
6-24ч,2026-08-07T16:51:54Z,2026-08-08T12:00:00Z,19.1,31.6,31.4,36.6,0.2,0.2
6-24ч,2026-08-07T16:51:54Z,2026-08-08T13:00:00Z,20.1,32.3,32.0,36.9,0.3,0.3
6-24ч,2026-08-07T16:51:54Z,2026-08-08T14:00:00Z,21.1,32.4,31.3,37.2,1.1,1.1
6-24ч,2026-08-07T16:51:54Z,2026-08-08T15:00:00Z,22.1,32.3,32.0,36.4,0.3,0.3
6-24ч,2026-08-07T16:51:54Z,2026-08-08T16:00:00Z,23.1,31.6,31.3,34.4,0.3,0.3
6-24ч,2026-08-07T22:45:57Z,2026-08-08T05:00:00Z,6.2,21.6,21.7,26.1,-0.1,0.1
6-24ч,2026-08-07T22:45:57Z,2026-08-08T06:00:00Z,7.2,22.0,22.6,27.0,-0.6,0.6
6-24ч,2026-08-07T22:45:57Z,2026-08-08T07:00:00Z,8.2,23.5,24.4,28.0,-0.9,0.9
6-24ч,2026-08-07T22:45:57Z,2026-08-08T08:00:00Z,9.2,25.3,25.6,30.5,-0.3,0.3
6-24ч,2026-08-07T22:45:57Z,2026-08-08T09:00:00Z,10.2,27.4,28.1,33.0,-0.7,0.7
6-24ч,2026-08-07T22:45:57Z,2026-08-08T10:00:00Z,11.2,28.9,29.7,35.0,-0.8,0.8
6-24ч,2026-08-07T22:45:57Z,2026-08-08T11:00:00Z,12.2,29.9,30.9,35.9,-1.0,1.0
6-24ч,2026-08-07T22:45:57Z,2026-08-08T12:00:00Z,13.2,30.8,31.4,36.6,-0.6,0.6
6-24ч,2026-08-07T22:45:57Z,2026-08-08T13:00:00Z,14.2,31.3,32.0,36.9,-0.7,0.7
6-24ч,2026-08-07T22:45:57Z,2026-08-08T14:00:00Z,15.2,31.1,31.3,37.2,-0.2,0.2
6-24ч,2026-08-07T22:45:57Z,2026-08-08T15:00:00Z,16.2,30.4,32.0,36.4,-1.6,1.6
6-24ч,2026-08-07T22:45:57Z,2026-08-08T16:00:00Z,17.2,29.5,31.3,34.4,-1.8,1.8
6-24ч,2026-08-07T22:45:57Z,2026-08-08T17:00:00Z,18.2,27.8,30.0,34.2,-2.2,2.2
6-24ч,2026-08-07T22:45:57Z,2026-08-08T18:00:00Z,19.2,25.1,29.2,32.0,-4.1,4.1
6-24ч,2026-08-07T22:45:57Z,2026-08-08T19:00:00Z,20.2,23.2,28.4,29.3,-5.2,5.2
6-24ч,2026-08-07T22:45:57Z,2026-08-08T20:00:00Z,21.2,21.9,27.6,28.2,-5.7,5.7
6-24ч,2026-08-07T22:45:57Z,2026-08-08T21:00:00Z,22.2,20.8,26.6,27.2,-5.8,5.8
6-24ч,2026-08-07T22:45:57Z,2026-08-08T22:00:00Z,23.2,19.9,25.4,27.1,-5.5,5.5
6-24ч,2026-08-07T23:19:23Z,2026-08-08T06:00:00Z,6.7,22.0,22.6,27.0,-0.6,0.6
6-24ч,2026-08-07T23:19:23Z,2026-08-08T07:00:00Z,7.7,23.5,24.4,28.0,-0.9,0.9
6-24ч,2026-08-07T23:19:23Z,2026-08-08T08:00:00Z,8.7,25.3,25.6,30.5,-0.3,0.3
6-24ч,2026-08-07T23:19:23Z,2026-08-08T09:00:00Z,9.7,27.4,28.1,33.0,-0.7,0.7
6-24ч,2026-08-07T23:19:23Z,2026-08-08T10:00:00Z,10.7,28.9,29.7,35.0,-0.8,0.8
6-24ч,2026-08-07T23:19:23Z,2026-08-08T11:00:00Z,11.7,29.9,30.9,35.9,-1.0,1.0
6-24ч,2026-08-07T23:19:23Z,2026-08-08T12:00:00Z,12.7,30.8,31.4,36.6,-0.6,0.6
6-24ч,2026-08-07T23:19:23Z,2026-08-08T13:00:00Z,13.7,31.3,32.0,36.9,-0.7,0.7
6-24ч,2026-08-07T23:19:23Z,2026-08-08T14:00:00Z,14.7,31.1,31.3,37.2,-0.2,0.2
6-24ч,2026-08-07T23:19:23Z,2026-08-08T15:00:00Z,15.7,30.4,32.0,36.4,-1.6,1.6
6-24ч,2026-08-07T23:19:23Z,2026-08-08T16:00:00Z,16.7,29.5,31.3,34.4,-1.8,1.8
6-24ч,2026-08-07T23:19:23Z,2026-08-08T17:00:00Z,17.7,27.8,30.0,34.2,-2.2,2.2
6-24ч,2026-08-07T23:19:23Z,2026-08-08T18:00:00Z,18.7,25.1,29.2,32.0,-4.1,4.1
6-24ч,2026-08-07T23:19:23Z,2026-08-08T19:00:00Z,19.7,23.2,28.4,29.3,-5.2,5.2
6-24ч,2026-08-07T23:19:23Z,2026-08-08T20:00:00Z,20.7,21.9,27.6,28.2,-5.7,5.7
6-24ч,2026-08-07T23:19:23Z,2026-08-08T21:00:00Z,21.7,20.8,26.6,27.2,-5.8,5.8
6-24ч,2026-08-07T23:19:23Z,2026-08-08T22:00:00Z,22.7,19.9,25.4,27.1,-5.5,5.5
6-24ч,2026-08-07T23:19:23Z,2026-08-08T23:00:00Z,23.7,19.4,24.9,25.7,-5.5,5.5
6-24ч,2026-08-08T04:50:53Z,2026-08-08T11:00:00Z,6.2,30.2,30.9,35.9,-0.7,0.7
6-24ч,2026-08-08T04:50:53Z,2026-08-08T12:00:00Z,7.2,31.1,31.4,36.6,-0.3,0.3
6-24ч,2026-08-08T04:50:53Z,2026-08-08T13:00:00Z,8.2,31.6,32.0,36.9,-0.4,0.4
6-24ч,2026-08-08T04:50:53Z,2026-08-08T14:00:00Z,9.2,31.6,31.3,37.2,0.3,0.3
6-24ч,2026-08-08T04:50:53Z,2026-08-08T15:00:00Z,10.2,30.5,32.0,36.4,-1.5,1.5
6-24ч,2026-08-08T04:50:53Z,2026-08-08T16:00:00Z,11.2,29.3,31.3,34.4,-2.0,2.0
6-24ч,2026-08-08T04:50:53Z,2026-08-08T17:00:00Z,12.2,28.2,30.0,34.2,-1.8,1.8
6-24ч,2026-08-08T04:50:53Z,2026-08-08T18:00:00Z,13.2,25.4,29.2,32.0,-3.8,3.8
6-24ч,2026-08-08T04:50:53Z,2026-08-08T19:00:00Z,14.2,23.1,28.4,29.3,-5.3,5.3
6-24ч,2026-08-08T04:50:53Z,2026-08-08T20:00:00Z,15.2,22.0,27.6,28.2,-5.6,5.6
6-24ч,2026-08-08T04:50:53Z,2026-08-08T21:00:00Z,16.2,20.9,26.6,27.2,-5.7,5.7
6-24ч,2026-08-08T04:50:53Z,2026-08-08T22:00:00Z,17.2,20.0,25.4,27.1,-5.4,5.4
6-24ч,2026-08-08T04:50:53Z,2026-08-08T23:00:00Z,18.2,19.3,24.9,25.7,-5.6,5.6
6-24ч,2026-08-08T04:50:53Z,2026-08-09T00:00:00Z,19.2,19.0,24.2,25.6,-5.2,5.2
6-24ч,2026-08-08T04:50:53Z,2026-08-09T01:00:00Z,20.2,18.5,23.8,25.1,-5.3,5.3
6-24ч,2026-08-08T04:50:53Z,2026-08-09T02:00:00Z,21.2,18.0,22.8,23.0,-4.8,4.8
6-24ч,2026-08-08T04:50:53Z,2026-08-09T03:00:00Z,22.2,17.5,21.3,21.4,-3.8,3.8
6-24ч,2026-08-08T04:50:53Z,2026-08-09T04:00:00Z,23.2,17.1,20.7,21.2,-3.6,3.6
6-24ч,2026-08-08T10:18:13Z,2026-08-08T17:00:00Z,6.7,29.2,30.0,34.2,-0.8,0.8
6-24ч,2026-08-08T10:18:13Z,2026-08-08T18:00:00Z,7.7,26.5,29.2,32.0,-2.7,2.7
6-24ч,2026-08-08T10:18:13Z,2026-08-08T19:00:00Z,8.7,24.1,28.4,29.3,-4.3,4.3
6-24ч,2026-08-08T10:18:13Z,2026-08-08T20:00:00Z,9.7,22.7,27.6,28.2,-4.9,4.9
6-24ч,2026-08-08T10:18:13Z,2026-08-08T21:00:00Z,10.7,21.7,26.6,27.2,-4.9,4.9
6-24ч,2026-08-08T10:18:13Z,2026-08-08T22:00:00Z,11.7,20.8,25.4,27.1,-4.6,4.6
6-24ч,2026-08-08T10:18:13Z,2026-08-08T23:00:00Z,12.7,20.0,24.9,25.7,-4.9,4.9
6-24ч,2026-08-08T10:18:13Z,2026-08-09T00:00:00Z,13.7,19.6,24.2,25.6,-4.6,4.6
6-24ч,2026-08-08T10:18:13Z,2026-08-09T01:00:00Z,14.7,18.8,23.8,25.1,-5.0,5.0
6-24ч,2026-08-08T10:18:13Z,2026-08-09T02:00:00Z,15.7,18.3,22.8,23.0,-4.5,4.5
6-24ч,2026-08-08T10:18:13Z,2026-08-09T03:00:00Z,16.7,17.7,21.3,21.4,-3.6,3.6
6-24ч,2026-08-08T10:18:13Z,2026-08-09T04:00:00Z,17.7,17.4,20.7,21.2,-3.3,3.3
6-24ч,2026-08-08T10:18:13Z,2026-08-09T05:00:00Z,18.7,18.9,21.8,21.7,-2.9,2.9
6-24ч,2026-08-08T10:18:13Z,2026-08-09T06:00:00Z,19.7,21.0,23.2,22.6,-2.2,2.2
6-24ч,2026-08-08T10:18:13Z,2026-08-09T07:00:00Z,20.7,23.1,24.7,24.4,-1.6,1.6
6-24ч,2026-08-08T10:18:13Z,2026-08-09T08:00:00Z,21.7,25.5,27.1,25.6,-1.6,1.6
6-24ч,2026-08-08T10:18:13Z,2026-08-09T09:00:00Z,22.7,27.7,28.8,28.1,-1.1,1.1
6-24ч,2026-08-08T10:18:13Z,2026-08-09T10:00:00Z,23.7,29.8,30.1,29.7,-0.3,0.3
6-24ч,2026-08-08T22:37:20Z,2026-08-09T05:00:00Z,6.4,19.4,21.8,21.7,-2.4,2.4
6-24ч,2026-08-08T22:37:20Z,2026-08-09T06:00:00Z,7.4,21.9,23.2,22.6,-1.3,1.3
6-24ч,2026-08-08T22:37:20Z,2026-08-09T07:00:00Z,8.4,24.1,24.7,24.4,-0.6,0.6
6-24ч,2026-08-08T22:37:20Z,2026-08-09T08:00:00Z,9.4,26.2,27.1,25.6,-0.9,0.9
6-24ч,2026-08-08T22:37:20Z,2026-08-09T09:00:00Z,10.4,28.2,28.8,28.1,-0.6,0.6
6-24ч,2026-08-08T22:37:20Z,2026-08-09T10:00:00Z,11.4,30.0,30.1,29.7,-0.1,0.1
6-24ч,2026-08-08T22:37:20Z,2026-08-09T11:00:00Z,12.4,31.2,30.8,30.9,0.4,0.4
6-24ч,2026-08-08T22:37:20Z,2026-08-09T12:00:00Z,13.4,31.9,32.4,31.4,-0.5,0.5
6-24ч,2026-08-08T22:37:20Z,2026-08-09T13:00:00Z,14.4,32.1,32.7,32.0,-0.6,0.6
6-24ч,2026-08-08T22:37:20Z,2026-08-09T14:00:00Z,15.4,32.2,33.2,31.3,-1.0,1.0
6-24ч,2026-08-08T22:37:20Z,2026-08-09T15:00:00Z,16.4,31.9,33.1,32.0,-1.2,1.2
6-24ч,2026-08-08T22:37:20Z,2026-08-09T16:00:00Z,17.4,31.2,32.2,31.3,-1.0,1.0
6-24ч,2026-08-08T22:37:20Z,2026-08-09T17:00:00Z,18.4,29.9,30.8,30.0,-0.9,0.9
6-24ч,2026-08-08T22:37:20Z,2026-08-09T18:00:00Z,19.4,27.1,29.7,29.2,-2.6,2.6
6-24ч,2026-08-08T22:37:20Z,2026-08-09T19:00:00Z,20.4,24.9,28.3,28.4,-3.4,3.4
6-24ч,2026-08-08T22:37:20Z,2026-08-09T20:00:00Z,21.4,23.2,27.3,27.6,-4.1,4.1
6-24ч,2026-08-08T22:37:20Z,2026-08-09T21:00:00Z,22.4,22.0,26.6,26.6,-4.6,4.6
6-24ч,2026-08-08T22:37:20Z,2026-08-09T22:00:00Z,23.4,21.5,24.9,25.4,-3.4,3.4
6-24ч,2026-08-09T04:59:03Z,2026-08-09T11:00:00Z,6.0,31.0,30.8,30.9,0.2,0.2
6-24ч,2026-08-09T04:59:03Z,2026-08-09T12:00:00Z,7.0,31.6,32.4,31.4,-0.8,0.8
6-24ч,2026-08-09T04:59:03Z,2026-08-09T13:00:00Z,8.0,31.9,32.7,32.0,-0.8,0.8
6-24ч,2026-08-09T04:59:03Z,2026-08-09T14:00:00Z,9.0,32.0,33.2,31.3,-1.2,1.2
6-24ч,2026-08-09T04:59:03Z,2026-08-09T15:00:00Z,10.0,31.6,33.1,32.0,-1.5,1.5
6-24ч,2026-08-09T04:59:03Z,2026-08-09T16:00:00Z,11.0,31.0,32.2,31.3,-1.2,1.2
6-24ч,2026-08-09T04:59:03Z,2026-08-09T17:00:00Z,12.0,29.6,30.8,30.0,-1.2,1.2
6-24ч,2026-08-09T04:59:03Z,2026-08-09T18:00:00Z,13.0,26.6,29.7,29.2,-3.1,3.1
6-24ч,2026-08-09T04:59:03Z,2026-08-09T19:00:00Z,14.0,24.8,28.3,28.4,-3.5,3.5
6-24ч,2026-08-09T04:59:03Z,2026-08-09T20:00:00Z,15.0,23.4,27.3,27.6,-3.9,3.9
6-24ч,2026-08-09T04:59:03Z,2026-08-09T21:00:00Z,16.0,21.9,26.6,26.6,-4.7,4.7
6-24ч,2026-08-09T04:59:03Z,2026-08-09T22:00:00Z,17.0,21.0,24.9,25.4,-3.9,3.9
6-24ч,2026-08-09T04:59:03Z,2026-08-09T23:00:00Z,18.0,20.3,24.0,24.9,-3.7,3.7
6-24ч,2026-08-09T04:59:03Z,2026-08-10T00:00:00Z,19.0,19.8,23.3,24.2,-3.5,3.5
6-24ч,2026-08-09T04:59:03Z,2026-08-10T01:00:00Z,20.0,19.2,22.9,23.8,-3.7,3.7
6-24ч,2026-08-09T04:59:03Z,2026-08-10T02:00:00Z,21.0,18.7,23.1,22.8,-4.4,4.4
6-24ч,2026-08-09T04:59:03Z,2026-08-10T03:00:00Z,22.0,18.3,22.6,21.3,-4.3,4.3
6-24ч,2026-08-09T04:59:03Z,2026-08-10T04:00:00Z,23.0,17.9,21.3,20.7,-3.4,3.4
6-24ч,2026-08-09T10:19:29Z,2026-08-09T17:00:00Z,6.7,29.6,30.8,30.0,-1.2,1.2
6-24ч,2026-08-09T10:19:29Z,2026-08-09T18:00:00Z,7.7,26.7,29.7,29.2,-3.0,3.0
6-24ч,2026-08-09T10:19:29Z,2026-08-09T19:00:00Z,8.7,24.7,28.3,28.4,-3.6,3.6
6-24ч,2026-08-09T10:19:29Z,2026-08-09T20:00:00Z,9.7,23.2,27.3,27.6,-4.1,4.1
6-24ч,2026-08-09T10:19:29Z,2026-08-09T21:00:00Z,10.7,21.7,26.6,26.6,-4.9,4.9
6-24ч,2026-08-09T10:19:29Z,2026-08-09T22:00:00Z,11.7,20.7,24.9,25.4,-4.2,4.2
6-24ч,2026-08-09T10:19:29Z,2026-08-09T23:00:00Z,12.7,20.3,24.0,24.9,-3.7,3.7
6-24ч,2026-08-09T10:19:29Z,2026-08-10T00:00:00Z,13.7,19.9,23.3,24.2,-3.4,3.4
6-24ч,2026-08-09T10:19:29Z,2026-08-10T01:00:00Z,14.7,19.3,22.9,23.8,-3.6,3.6
6-24ч,2026-08-09T10:19:29Z,2026-08-10T02:00:00Z,15.7,18.5,23.1,22.8,-4.6,4.6
6-24ч,2026-08-09T10:19:29Z,2026-08-10T03:00:00Z,16.7,18.0,22.6,21.3,-4.6,4.6
6-24ч,2026-08-09T10:19:29Z,2026-08-10T04:00:00Z,17.7,17.9,21.3,20.7,-3.4,3.4
6-24ч,2026-08-09T10:19:29Z,2026-08-10T05:00:00Z,18.7,19.9,24.9,21.8,-5.0,5.0
6-24ч,2026-08-09T10:19:29Z,2026-08-10T06:00:00Z,19.7,23.9,26.2,23.2,-2.3,2.3
6-24ч,2026-08-09T10:19:29Z,2026-08-10T07:00:00Z,20.7,27.2,28.3,24.7,-1.1,1.1
6-24ч,2026-08-09T10:19:29Z,2026-08-10T08:00:00Z,21.7,29.6,30.6,27.1,-1.0,1.0
6-24ч,2026-08-09T10:19:29Z,2026-08-10T09:00:00Z,22.7,31.3,32.5,28.8,-1.2,1.2
6-24ч,2026-08-09T10:19:29Z,2026-08-10T10:00:00Z,23.7,32.4,32.7,30.1,-0.3,0.3
6-24ч,2026-08-09T12:41:38Z,2026-08-09T19:00:00Z,6.3,24.8,28.3,28.4,-3.5,3.5
6-24ч,2026-08-09T12:41:38Z,2026-08-09T20:00:00Z,7.3,23.0,27.3,27.6,-4.3,4.3
6-24ч,2026-08-09T12:41:38Z,2026-08-09T21:00:00Z,8.3,21.6,26.6,26.6,-5.0,5.0
6-24ч,2026-08-09T12:41:38Z,2026-08-09T22:00:00Z,9.3,20.8,24.9,25.4,-4.1,4.1
6-24ч,2026-08-09T12:41:38Z,2026-08-09T23:00:00Z,10.3,20.5,24.0,24.9,-3.5,3.5
6-24ч,2026-08-09T12:41:38Z,2026-08-10T00:00:00Z,11.3,20.1,23.3,24.2,-3.2,3.2
6-24ч,2026-08-09T12:41:38Z,2026-08-10T01:00:00Z,12.3,19.4,22.9,23.8,-3.5,3.5
6-24ч,2026-08-09T12:41:38Z,2026-08-10T02:00:00Z,13.3,18.4,23.1,22.8,-4.7,4.7
6-24ч,2026-08-09T12:41:38Z,2026-08-10T03:00:00Z,14.3,17.8,22.6,21.3,-4.8,4.8
6-24ч,2026-08-09T12:41:38Z,2026-08-10T04:00:00Z,15.3,17.8,21.3,20.7,-3.5,3.5
6-24ч,2026-08-09T12:41:38Z,2026-08-10T05:00:00Z,16.3,20.0,24.9,21.8,-4.9,4.9
6-24ч,2026-08-09T12:41:38Z,2026-08-10T06:00:00Z,17.3,24.1,26.2,23.2,-2.1,2.1
6-24ч,2026-08-09T12:41:38Z,2026-08-10T07:00:00Z,18.3,27.4,28.3,24.7,-0.9,0.9
6-24ч,2026-08-09T12:41:38Z,2026-08-10T08:00:00Z,19.3,30.0,30.6,27.1,-0.6,0.6
6-24ч,2026-08-09T12:41:38Z,2026-08-10T09:00:00Z,20.3,31.6,32.5,28.8,-0.9,0.9
6-24ч,2026-08-09T12:41:38Z,2026-08-10T10:00:00Z,21.3,32.7,32.7,30.1,0.0,0.0
6-24ч,2026-08-09T12:41:38Z,2026-08-10T11:00:00Z,22.3,33.5,33.2,30.8,0.3,0.3
6-24ч,2026-08-09T12:41:38Z,2026-08-10T12:00:00Z,23.3,34.1,34.1,32.4,0.0,0.0
6-24ч,2026-08-09T12:45:53Z,2026-08-09T19:00:00Z,6.2,24.8,28.3,28.4,-3.5,3.5
6-24ч,2026-08-09T12:45:53Z,2026-08-09T20:00:00Z,7.2,23.0,27.3,27.6,-4.3,4.3
6-24ч,2026-08-09T12:45:53Z,2026-08-09T21:00:00Z,8.2,21.6,26.6,26.6,-5.0,5.0
6-24ч,2026-08-09T12:45:53Z,2026-08-09T22:00:00Z,9.2,20.8,24.9,25.4,-4.1,4.1
6-24ч,2026-08-09T12:45:53Z,2026-08-09T23:00:00Z,10.2,20.5,24.0,24.9,-3.5,3.5
6-24ч,2026-08-09T12:45:53Z,2026-08-10T00:00:00Z,11.2,20.1,23.3,24.2,-3.2,3.2
6-24ч,2026-08-09T12:45:53Z,2026-08-10T01:00:00Z,12.2,19.4,22.9,23.8,-3.5,3.5
6-24ч,2026-08-09T12:45:53Z,2026-08-10T02:00:00Z,13.2,18.4,23.1,22.8,-4.7,4.7
6-24ч,2026-08-09T12:45:53Z,2026-08-10T03:00:00Z,14.2,17.8,22.6,21.3,-4.8,4.8
6-24ч,2026-08-09T12:45:53Z,2026-08-10T04:00:00Z,15.2,17.8,21.3,20.7,-3.5,3.5
6-24ч,2026-08-09T12:45:53Z,2026-08-10T05:00:00Z,16.2,20.0,24.9,21.8,-4.9,4.9
6-24ч,2026-08-09T12:45:53Z,2026-08-10T06:00:00Z,17.2,24.1,26.2,23.2,-2.1,2.1
6-24ч,2026-08-09T12:45:53Z,2026-08-10T07:00:00Z,18.2,27.4,28.3,24.7,-0.9,0.9
6-24ч,2026-08-09T12:45:53Z,2026-08-10T08:00:00Z,19.2,30.0,30.6,27.1,-0.6,0.6
6-24ч,2026-08-09T12:45:53Z,2026-08-10T09:00:00Z,20.2,31.6,32.5,28.8,-0.9,0.9
6-24ч,2026-08-09T12:45:53Z,2026-08-10T10:00:00Z,21.2,32.7,32.7,30.1,0.0,0.0
6-24ч,2026-08-09T12:45:53Z,2026-08-10T11:00:00Z,22.2,33.5,33.2,30.8,0.3,0.3
6-24ч,2026-08-09T12:45:53Z,2026-08-10T12:00:00Z,23.2,34.1,34.1,32.4,0.0,0.0
6-24ч,2026-08-09T12:48:15Z,2026-08-09T19:00:00Z,6.2,24.8,28.3,28.4,-3.5,3.5
6-24ч,2026-08-09T12:48:15Z,2026-08-09T20:00:00Z,7.2,23.0,27.3,27.6,-4.3,4.3
6-24ч,2026-08-09T12:48:15Z,2026-08-09T21:00:00Z,8.2,21.6,26.6,26.6,-5.0,5.0
6-24ч,2026-08-09T12:48:15Z,2026-08-09T22:00:00Z,9.2,20.8,24.9,25.4,-4.1,4.1
6-24ч,2026-08-09T12:48:15Z,2026-08-09T23:00:00Z,10.2,20.5,24.0,24.9,-3.5,3.5
6-24ч,2026-08-09T12:48:15Z,2026-08-10T00:00:00Z,11.2,20.1,23.3,24.2,-3.2,3.2
6-24ч,2026-08-09T12:48:15Z,2026-08-10T01:00:00Z,12.2,19.4,22.9,23.8,-3.5,3.5
6-24ч,2026-08-09T12:48:15Z,2026-08-10T02:00:00Z,13.2,18.4,23.1,22.8,-4.7,4.7
6-24ч,2026-08-09T12:48:15Z,2026-08-10T03:00:00Z,14.2,17.8,22.6,21.3,-4.8,4.8
6-24ч,2026-08-09T12:48:15Z,2026-08-10T04:00:00Z,15.2,17.8,21.3,20.7,-3.5,3.5
6-24ч,2026-08-09T12:48:15Z,2026-08-10T05:00:00Z,16.2,20.0,24.9,21.8,-4.9,4.9
6-24ч,2026-08-09T12:48:15Z,2026-08-10T06:00:00Z,17.2,24.1,26.2,23.2,-2.1,2.1
6-24ч,2026-08-09T12:48:15Z,2026-08-10T07:00:00Z,18.2,27.4,28.3,24.7,-0.9,0.9
6-24ч,2026-08-09T12:48:15Z,2026-08-10T08:00:00Z,19.2,30.0,30.6,27.1,-0.6,0.6
6-24ч,2026-08-09T12:48:15Z,2026-08-10T09:00:00Z,20.2,31.6,32.5,28.8,-0.9,0.9
6-24ч,2026-08-09T12:48:15Z,2026-08-10T10:00:00Z,21.2,32.7,32.7,30.1,0.0,0.0
6-24ч,2026-08-09T12:48:15Z,2026-08-10T11:00:00Z,22.2,33.5,33.2,30.8,0.3,0.3
6-24ч,2026-08-09T12:48:15Z,2026-08-10T12:00:00Z,23.2,34.1,34.1,32.4,0.0,0.0
6-24ч,2026-08-09T16:31:44Z,2026-08-09T23:00:00Z,6.5,20.0,24.0,24.9,-4.0,4.0
6-24ч,2026-08-09T16:31:44Z,2026-08-10T00:00:00Z,7.5,19.5,23.3,24.2,-3.8,3.8
6-24ч,2026-08-09T16:31:44Z,2026-08-10T01:00:00Z,8.5,19.0,22.9,23.8,-3.9,3.9
6-24ч,2026-08-09T16:31:44Z,2026-08-10T02:00:00Z,9.5,18.7,23.1,22.8,-4.4,4.4
6-24ч,2026-08-09T16:31:44Z,2026-08-10T03:00:00Z,10.5,18.3,22.6,21.3,-4.3,4.3
6-24ч,2026-08-09T16:31:44Z,2026-08-10T04:00:00Z,11.5,18.1,21.3,20.7,-3.2,3.2
6-24ч,2026-08-09T16:31:44Z,2026-08-10T05:00:00Z,12.5,19.8,24.9,21.8,-5.1,5.1
6-24ч,2026-08-09T16:31:44Z,2026-08-10T06:00:00Z,13.5,24.3,26.2,23.2,-1.9,1.9
6-24ч,2026-08-09T16:31:44Z,2026-08-10T07:00:00Z,14.5,27.5,28.3,24.7,-0.8,0.8
6-24ч,2026-08-09T16:31:44Z,2026-08-10T08:00:00Z,15.5,29.8,30.6,27.1,-0.8,0.8
6-24ч,2026-08-09T16:31:44Z,2026-08-10T09:00:00Z,16.5,31.4,32.5,28.8,-1.1,1.1
6-24ч,2026-08-09T16:31:44Z,2026-08-10T10:00:00Z,17.5,32.4,32.7,30.1,-0.3,0.3
6-24ч,2026-08-09T16:31:44Z,2026-08-10T11:00:00Z,18.5,33.3,33.2,30.8,0.1,0.1
6-24ч,2026-08-09T16:31:44Z,2026-08-10T12:00:00Z,19.5,33.8,34.1,32.4,-0.3,0.3
6-24ч,2026-08-09T16:31:44Z,2026-08-10T13:00:00Z,20.5,34.2,34.1,32.7,0.1,0.1
6-24ч,2026-08-09T16:31:44Z,2026-08-10T14:00:00Z,21.5,34.3,34.6,33.2,-0.3,0.3
6-24ч,2026-08-09T16:31:44Z,2026-08-10T15:00:00Z,22.5,34.0,34.7,33.1,-0.7,0.7
6-24ч,2026-08-09T16:31:44Z,2026-08-10T16:00:00Z,23.5,33.3,34.0,32.2,-0.7,0.7
6-24ч,2026-08-09T22:39:09Z,2026-08-10T05:00:00Z,6.3,21.3,24.9,21.8,-3.6,3.6
6-24ч,2026-08-09T22:39:09Z,2026-08-10T06:00:00Z,7.3,25.7,26.2,23.2,-0.5,0.5
6-24ч,2026-08-09T22:39:09Z,2026-08-10T07:00:00Z,8.3,28.5,28.3,24.7,0.2,0.2
6-24ч,2026-08-09T22:39:09Z,2026-08-10T08:00:00Z,9.3,30.7,30.6,27.1,0.1,0.1
6-24ч,2026-08-09T22:39:09Z,2026-08-10T09:00:00Z,10.3,32.2,32.5,28.8,-0.3,0.3
6-24ч,2026-08-09T22:39:09Z,2026-08-10T10:00:00Z,11.3,33.1,32.7,30.1,0.4,0.4
6-24ч,2026-08-09T22:39:09Z,2026-08-10T11:00:00Z,12.3,33.9,33.2,30.8,0.7,0.7
6-24ч,2026-08-09T22:39:09Z,2026-08-10T12:00:00Z,13.3,34.5,34.1,32.4,0.4,0.4
6-24ч,2026-08-09T22:39:09Z,2026-08-10T13:00:00Z,14.3,34.8,34.1,32.7,0.7,0.7
6-24ч,2026-08-09T22:39:09Z,2026-08-10T14:00:00Z,15.3,34.9,34.6,33.2,0.3,0.3
6-24ч,2026-08-09T22:39:09Z,2026-08-10T15:00:00Z,16.3,34.6,34.7,33.1,-0.1,0.1
6-24ч,2026-08-09T22:39:09Z,2026-08-10T16:00:00Z,17.3,33.9,34.0,32.2,-0.1,0.1
6-24ч,2026-08-09T22:39:09Z,2026-08-10T17:00:00Z,18.3,32.3,32.8,30.8,-0.5,0.5
6-24ч,2026-08-09T22:39:09Z,2026-08-10T18:00:00Z,19.3,28.8,31.8,29.7,-3.0,3.0
6-24ч,2026-08-09T22:39:09Z,2026-08-10T19:00:00Z,20.3,25.8,29.7,28.3,-3.9,3.9
6-24ч,2026-08-09T22:39:09Z,2026-08-10T20:00:00Z,21.3,23.8,29.3,27.3,-5.5,5.5
6-24ч,2026-08-09T22:39:09Z,2026-08-10T21:00:00Z,22.3,23.1,27.1,26.6,-4.0,4.0
6-24ч,2026-08-09T22:39:09Z,2026-08-10T22:00:00Z,23.3,22.8,26.6,24.9,-3.8,3.8
6-24ч,2026-08-10T05:20:42Z,2026-08-10T12:00:00Z,6.7,34.4,34.1,32.4,0.3,0.3
6-24ч,2026-08-10T05:20:42Z,2026-08-10T13:00:00Z,7.7,34.7,34.1,32.7,0.6,0.6
6-24ч,2026-08-10T05:20:42Z,2026-08-10T14:00:00Z,8.7,34.8,34.6,33.2,0.2,0.2
6-24ч,2026-08-10T05:20:42Z,2026-08-10T15:00:00Z,9.7,34.5,34.7,33.1,-0.2,0.2
6-24ч,2026-08-10T05:20:42Z,2026-08-10T16:00:00Z,10.7,33.8,34.0,32.2,-0.2,0.2
6-24ч,2026-08-10T05:20:42Z,2026-08-10T17:00:00Z,11.7,32.2,32.8,30.8,-0.6,0.6
6-24ч,2026-08-10T05:20:42Z,2026-08-10T18:00:00Z,12.7,28.0,31.8,29.7,-3.8,3.8
6-24ч,2026-08-10T05:20:42Z,2026-08-10T19:00:00Z,13.7,25.2,29.7,28.3,-4.5,4.5
6-24ч,2026-08-10T05:20:42Z,2026-08-10T20:00:00Z,14.7,23.4,29.3,27.3,-5.9,5.9
6-24ч,2026-08-10T05:20:42Z,2026-08-10T21:00:00Z,15.7,22.6,27.1,26.6,-4.5,4.5
6-24ч,2026-08-10T05:20:42Z,2026-08-10T22:00:00Z,16.7,22.1,26.6,24.9,-4.5,4.5
6-24ч,2026-08-10T05:20:42Z,2026-08-10T23:00:00Z,17.7,21.6,26.2,24.0,-4.6,4.6
6-24ч,2026-08-10T05:20:42Z,2026-08-11T00:00:00Z,18.7,21.5,25.5,23.3,-4.0,4.0
6-24ч,2026-08-10T05:20:42Z,2026-08-11T01:00:00Z,19.7,21.1,23.9,22.9,-2.8,2.8
6-24ч,2026-08-10T05:20:42Z,2026-08-11T02:00:00Z,20.7,20.5,23.2,23.1,-2.7,2.7
6-24ч,2026-08-10T05:20:42Z,2026-08-11T03:00:00Z,21.7,20.1,22.4,22.6,-2.3,2.3
6-24ч,2026-08-10T05:20:42Z,2026-08-11T04:00:00Z,22.7,19.9,22.2,21.3,-2.3,2.3
6-24ч,2026-08-10T05:20:42Z,2026-08-11T05:00:00Z,23.7,21.9,24.5,24.9,-2.6,2.6
6-24ч,2026-08-10T10:53:28Z,2026-08-10T17:00:00Z,6.1,32.1,32.8,30.8,-0.7,0.7
6-24ч,2026-08-10T10:53:28Z,2026-08-10T18:00:00Z,7.1,28.2,31.8,29.7,-3.6,3.6
6-24ч,2026-08-10T10:53:28Z,2026-08-10T19:00:00Z,8.1,25.1,29.7,28.3,-4.6,4.6
6-24ч,2026-08-10T10:53:28Z,2026-08-10T20:00:00Z,9.1,23.3,29.3,27.3,-6.0,6.0
6-24ч,2026-08-10T10:53:28Z,2026-08-10T21:00:00Z,10.1,22.4,27.1,26.6,-4.7,4.7
6-24ч,2026-08-10T10:53:28Z,2026-08-10T22:00:00Z,11.1,22.2,26.6,24.9,-4.4,4.4
6-24ч,2026-08-10T10:53:28Z,2026-08-10T23:00:00Z,12.1,21.8,26.2,24.0,-4.4,4.4
6-24ч,2026-08-10T10:53:28Z,2026-08-11T00:00:00Z,13.1,21.5,25.5,23.3,-4.0,4.0
6-24ч,2026-08-10T10:53:28Z,2026-08-11T01:00:00Z,14.1,21.1,23.9,22.9,-2.8,2.8
6-24ч,2026-08-10T10:53:28Z,2026-08-11T02:00:00Z,15.1,20.6,23.2,23.1,-2.6,2.6
6-24ч,2026-08-10T10:53:28Z,2026-08-11T03:00:00Z,16.1,19.9,22.4,22.6,-2.5,2.5
6-24ч,2026-08-10T10:53:28Z,2026-08-11T04:00:00Z,17.1,19.7,22.2,21.3,-2.5,2.5
6-24ч,2026-08-10T10:53:28Z,2026-08-11T05:00:00Z,18.1,21.8,24.5,24.9,-2.7,2.7
6-24ч,2026-08-10T10:53:28Z,2026-08-11T06:00:00Z,19.1,26.0,26.8,26.2,-0.8,0.8
6-24ч,2026-08-10T10:53:28Z,2026-08-11T07:00:00Z,20.1,29.4,29.0,28.3,0.4,0.4
6-24ч,2026-08-10T10:53:28Z,2026-08-11T08:00:00Z,21.1,32.0,30.6,30.6,1.4,1.4
6-24ч,2026-08-10T10:53:28Z,2026-08-11T09:00:00Z,22.1,34.3,32.0,32.5,2.3,2.3
6-24ч,2026-08-10T10:53:28Z,2026-08-11T10:00:00Z,23.1,35.8,34.7,32.7,1.1,1.1
6-24ч,2026-08-10T16:52:05Z,2026-08-10T23:00:00Z,6.1,21.1,26.2,24.0,-5.1,5.1
6-24ч,2026-08-10T16:52:05Z,2026-08-11T00:00:00Z,7.1,20.9,25.5,23.3,-4.6,4.6
6-24ч,2026-08-10T16:52:05Z,2026-08-11T01:00:00Z,8.1,20.6,23.9,22.9,-3.3,3.3
6-24ч,2026-08-10T16:52:05Z,2026-08-11T02:00:00Z,9.1,20.2,23.2,23.1,-3.0,3.0
6-24ч,2026-08-10T16:52:05Z,2026-08-11T03:00:00Z,10.1,19.6,22.4,22.6,-2.8,2.8
6-24ч,2026-08-10T16:52:05Z,2026-08-11T04:00:00Z,11.1,19.2,22.2,21.3,-3.0,3.0
6-24ч,2026-08-10T16:52:05Z,2026-08-11T05:00:00Z,12.1,20.8,24.5,24.9,-3.7,3.7
6-24ч,2026-08-10T16:52:05Z,2026-08-11T06:00:00Z,13.1,24.7,26.8,26.2,-2.1,2.1
6-24ч,2026-08-10T16:52:05Z,2026-08-11T07:00:00Z,14.1,28.1,29.0,28.3,-0.9,0.9
6-24ч,2026-08-10T16:52:05Z,2026-08-11T08:00:00Z,15.1,31.0,30.6,30.6,0.4,0.4
6-24ч,2026-08-10T16:52:05Z,2026-08-11T09:00:00Z,16.1,33.5,32.0,32.5,1.5,1.5
6-24ч,2026-08-10T16:52:05Z,2026-08-11T10:00:00Z,17.1,35.1,34.7,32.7,0.4,0.4
6-24ч,2026-08-10T16:52:05Z,2026-08-11T11:00:00Z,18.1,36.1,35.7,33.2,0.4,0.4
6-24ч,2026-08-10T16:52:05Z,2026-08-11T12:00:00Z,19.1,36.8,36.7,34.1,0.1,0.1
6-24ч,2026-08-10T16:52:05Z,2026-08-11T13:00:00Z,20.1,37.1,37.1,34.1,0.0,0.0
6-24ч,2026-08-10T16:52:05Z,2026-08-11T14:00:00Z,21.1,37.1,37.7,34.6,-0.6,0.6
6-24ч,2026-08-10T16:52:05Z,2026-08-11T15:00:00Z,22.1,36.7,37.3,34.7,-0.6,0.6
6-24ч,2026-08-10T16:52:05Z,2026-08-11T16:00:00Z,23.1,36.0,36.2,34.0,-0.2,0.2
6-24ч,2026-08-10T22:47:13Z,2026-08-11T05:00:00Z,6.2,21.3,24.5,24.9,-3.2,3.2
6-24ч,2026-08-10T22:47:13Z,2026-08-11T06:00:00Z,7.2,25.1,26.8,26.2,-1.7,1.7
6-24ч,2026-08-10T22:47:13Z,2026-08-11T07:00:00Z,8.2,28.2,29.0,28.3,-0.8,0.8
6-24ч,2026-08-10T22:47:13Z,2026-08-11T08:00:00Z,9.2,31.3,30.6,30.6,0.7,0.7
6-24ч,2026-08-10T22:47:13Z,2026-08-11T09:00:00Z,10.2,33.9,32.0,32.5,1.9,1.9
6-24ч,2026-08-10T22:47:13Z,2026-08-11T10:00:00Z,11.2,35.5,34.7,32.7,0.8,0.8
6-24ч,2026-08-10T22:47:13Z,2026-08-11T11:00:00Z,12.2,36.5,35.7,33.2,0.8,0.8
6-24ч,2026-08-10T22:47:13Z,2026-08-11T12:00:00Z,13.2,37.1,36.7,34.1,0.4,0.4
6-24ч,2026-08-10T22:47:13Z,2026-08-11T13:00:00Z,14.2,37.4,37.1,34.1,0.3,0.3
6-24ч,2026-08-10T22:47:13Z,2026-08-11T14:00:00Z,15.2,37.3,37.7,34.6,-0.4,0.4
6-24ч,2026-08-10T22:47:13Z,2026-08-11T15:00:00Z,16.2,37.0,37.3,34.7,-0.3,0.3
6-24ч,2026-08-10T22:47:13Z,2026-08-11T16:00:00Z,17.2,36.2,36.2,34.0,0.0,0.0
6-24ч,2026-08-10T22:47:13Z,2026-08-11T17:00:00Z,18.2,34.8,34.9,32.8,-0.1,0.1
6-24ч,2026-08-10T22:47:13Z,2026-08-11T18:00:00Z,19.2,31.5,33.0,31.8,-1.5,1.5
6-24ч,2026-08-10T22:47:13Z,2026-08-11T19:00:00Z,20.2,29.1,31.2,29.7,-2.1,2.1
6-24ч,2026-08-10T22:47:13Z,2026-08-11T20:00:00Z,21.2,27.3,29.6,29.3,-2.3,2.3
6-24ч,2026-08-10T22:47:13Z,2026-08-11T21:00:00Z,22.2,26.4,28.3,27.1,-1.9,1.9
6-24ч,2026-08-10T22:47:13Z,2026-08-11T22:00:00Z,23.2,25.8,29.1,26.6,-3.3,3.3
6-24ч,2026-08-11T05:01:49Z,2026-08-11T12:00:00Z,7.0,37.2,36.7,34.1,0.5,0.5
6-24ч,2026-08-11T05:01:49Z,2026-08-11T13:00:00Z,8.0,37.4,37.1,34.1,0.3,0.3
6-24ч,2026-08-11T05:01:49Z,2026-08-11T14:00:00Z,9.0,37.4,37.7,34.6,-0.3,0.3
6-24ч,2026-08-11T05:01:49Z,2026-08-11T15:00:00Z,10.0,37.0,37.3,34.7,-0.3,0.3
6-24ч,2026-08-11T05:01:49Z,2026-08-11T16:00:00Z,11.0,36.3,36.2,34.0,0.1,0.1
6-24ч,2026-08-11T05:01:49Z,2026-08-11T17:00:00Z,12.0,34.7,34.9,32.8,-0.2,0.2
6-24ч,2026-08-11T05:01:49Z,2026-08-11T18:00:00Z,13.0,31.2,33.0,31.8,-1.8,1.8
6-24ч,2026-08-11T05:01:49Z,2026-08-11T19:00:00Z,14.0,28.7,31.2,29.7,-2.5,2.5
6-24ч,2026-08-11T05:01:49Z,2026-08-11T20:00:00Z,15.0,27.3,29.6,29.3,-2.3,2.3
6-24ч,2026-08-11T05:01:49Z,2026-08-11T21:00:00Z,16.0,26.3,28.3,27.1,-2.0,2.0
6-24ч,2026-08-11T05:01:49Z,2026-08-11T22:00:00Z,17.0,26.1,29.1,26.6,-3.0,3.0
6-24ч,2026-08-11T05:01:49Z,2026-08-11T23:00:00Z,18.0,25.0,29.2,26.2,-4.2,4.2
6-24ч,2026-08-11T05:01:49Z,2026-08-12T00:00:00Z,19.0,23.3,27.7,25.5,-4.4,4.4
6-24ч,2026-08-11T05:01:49Z,2026-08-12T01:00:00Z,20.0,22.2,26.2,23.9,-4.0,4.0
6-24ч,2026-08-11T05:01:49Z,2026-08-12T02:00:00Z,21.0,21.1,25.1,23.2,-4.0,4.0
6-24ч,2026-08-11T05:01:49Z,2026-08-12T03:00:00Z,22.0,19.7,24.0,22.4,-4.3,4.3
6-24ч,2026-08-11T05:01:49Z,2026-08-12T04:00:00Z,23.0,18.7,23.2,22.2,-4.5,4.5
6-24ч,2026-08-11T05:01:49Z,2026-08-12T05:00:00Z,24.0,19.6,23.3,24.5,-3.7,3.7
6-24ч,2026-08-11T10:38:45Z,2026-08-11T17:00:00Z,6.4,34.6,34.9,32.8,-0.3,0.3
6-24ч,2026-08-11T10:38:45Z,2026-08-11T18:00:00Z,7.4,31.2,33.0,31.8,-1.8,1.8
6-24ч,2026-08-11T10:38:45Z,2026-08-11T19:00:00Z,8.4,29.3,31.2,29.7,-1.9,1.9
6-24ч,2026-08-11T10:38:45Z,2026-08-11T20:00:00Z,9.4,27.3,29.6,29.3,-2.3,2.3
6-24ч,2026-08-11T10:38:45Z,2026-08-11T21:00:00Z,10.4,26.1,28.3,27.1,-2.2,2.2
6-24ч,2026-08-11T10:38:45Z,2026-08-11T22:00:00Z,11.4,25.5,29.1,26.6,-3.6,3.6
6-24ч,2026-08-11T10:38:45Z,2026-08-11T23:00:00Z,12.4,24.8,29.2,26.2,-4.4,4.4
6-24ч,2026-08-11T10:38:45Z,2026-08-12T00:00:00Z,13.4,24.2,27.7,25.5,-3.5,3.5
6-24ч,2026-08-11T10:38:45Z,2026-08-12T01:00:00Z,14.4,23.0,26.2,23.9,-3.2,3.2
6-24ч,2026-08-11T10:38:45Z,2026-08-12T02:00:00Z,15.4,21.5,25.1,23.2,-3.6,3.6
6-24ч,2026-08-11T10:38:45Z,2026-08-12T03:00:00Z,16.4,20.1,24.0,22.4,-3.9,3.9
6-24ч,2026-08-11T10:38:45Z,2026-08-12T04:00:00Z,17.4,18.9,23.2,22.2,-4.3,4.3
6-24ч,2026-08-11T10:38:45Z,2026-08-12T05:00:00Z,18.4,19.9,23.3,24.5,-3.4,3.4
6-24ч,2026-08-11T10:38:45Z,2026-08-12T06:00:00Z,19.4,21.8,23.6,26.8,-1.8,1.8
6-24ч,2026-08-11T10:38:45Z,2026-08-12T07:00:00Z,20.4,23.4,24.2,29.0,-0.8,0.8
6-24ч,2026-08-11T10:38:45Z,2026-08-12T08:00:00Z,21.4,25.5,24.7,30.6,0.8,0.8
6-24ч,2026-08-11T10:38:45Z,2026-08-12T09:00:00Z,22.4,27.7,27.9,32.0,-0.2,0.2
6-24ч,2026-08-11T10:38:45Z,2026-08-12T10:00:00Z,23.4,29.4,29.8,34.7,-0.4,0.4
6-24ч,2026-08-12T06:05:22Z,2026-08-12T13:00:00Z,6.9,31.4,33.2,37.1,-1.8,1.8
6-24ч,2026-08-12T06:05:22Z,2026-08-12T14:00:00Z,7.9,31.4,32.9,37.7,-1.5,1.5
6-24ч,2026-08-12T06:05:22Z,2026-08-12T15:00:00Z,8.9,31.0,32.4,37.3,-1.4,1.4
6-24ч,2026-08-12T06:05:22Z,2026-08-12T16:00:00Z,9.9,30.2,31.3,36.2,-1.1,1.1
6-24ч,2026-08-12T06:05:22Z,2026-08-12T17:00:00Z,10.9,29.1,30.0,34.9,-0.9,0.9
6-24ч,2026-08-12T06:05:22Z,2026-08-12T18:00:00Z,11.9,25.6,28.4,33.0,-2.8,2.8
6-24ч,2026-08-12T06:05:22Z,2026-08-12T19:00:00Z,12.9,23.6,27.0,31.2,-3.4,3.4
6-24ч,2026-08-12T06:05:22Z,2026-08-12T20:00:00Z,13.9,22.2,26.3,29.6,-4.1,4.1
6-24ч,2026-08-12T06:05:22Z,2026-08-12T21:00:00Z,14.9,21.1,25.5,28.3,-4.4,4.4
6-24ч,2026-08-12T06:05:22Z,2026-08-12T22:00:00Z,15.9,20.1,24.8,29.1,-4.7,4.7
6-24ч,2026-08-12T06:05:22Z,2026-08-12T23:00:00Z,16.9,19.0,23.8,29.2,-4.8,4.8
6-24ч,2026-08-12T06:05:22Z,2026-08-13T00:00:00Z,17.9,18.3,23.3,27.7,-5.0,5.0
6-24ч,2026-08-12T06:05:22Z,2026-08-13T01:00:00Z,18.9,17.7,22.0,26.2,-4.3,4.3
6-24ч,2026-08-12T06:05:22Z,2026-08-13T02:00:00Z,19.9,17.1,20.5,25.1,-3.4,3.4
6-24ч,2026-08-12T06:05:22Z,2026-08-13T03:00:00Z,20.9,16.2,19.9,24.0,-3.7,3.7
6-24ч,2026-08-12T06:05:22Z,2026-08-13T04:00:00Z,21.9,15.4,19.1,23.2,-3.7,3.7
6-24ч,2026-08-12T06:05:22Z,2026-08-13T05:00:00Z,22.9,16.5,19.0,23.3,-2.5,2.5
6-24ч,2026-08-12T06:05:22Z,2026-08-13T06:00:00Z,23.9,18.9,20.2,23.6,-1.3,1.3
6-24ч,2026-08-12T10:47:03Z,2026-08-12T17:00:00Z,6.2,29.2,30.0,34.9,-0.8,0.8
6-24ч,2026-08-12T10:47:03Z,2026-08-12T18:00:00Z,7.2,25.7,28.4,33.0,-2.7,2.7
6-24ч,2026-08-12T10:47:03Z,2026-08-12T19:00:00Z,8.2,23.8,27.0,31.2,-3.2,3.2
6-24ч,2026-08-12T10:47:03Z,2026-08-12T20:00:00Z,9.2,22.4,26.3,29.6,-3.9,3.9
6-24ч,2026-08-12T10:47:03Z,2026-08-12T21:00:00Z,10.2,21.3,25.5,28.3,-4.2,4.2
6-24ч,2026-08-12T10:47:03Z,2026-08-12T22:00:00Z,11.2,20.3,24.8,29.1,-4.5,4.5
6-24ч,2026-08-12T10:47:03Z,2026-08-12T23:00:00Z,12.2,19.2,23.8,29.2,-4.6,4.6
6-24ч,2026-08-12T10:47:03Z,2026-08-13T00:00:00Z,13.2,18.5,23.3,27.7,-4.8,4.8
6-24ч,2026-08-12T10:47:03Z,2026-08-13T01:00:00Z,14.2,17.9,22.0,26.2,-4.1,4.1
6-24ч,2026-08-12T10:47:03Z,2026-08-13T02:00:00Z,15.2,17.2,20.5,25.1,-3.3,3.3
6-24ч,2026-08-12T10:47:03Z,2026-08-13T03:00:00Z,16.2,16.3,19.9,24.0,-3.6,3.6
6-24ч,2026-08-12T10:47:03Z,2026-08-13T04:00:00Z,17.2,15.7,19.1,23.2,-3.4,3.4
6-24ч,2026-08-12T10:47:03Z,2026-08-13T05:00:00Z,18.2,16.7,19.0,23.3,-2.3,2.3
6-24ч,2026-08-12T10:47:03Z,2026-08-13T06:00:00Z,19.2,19.0,20.2,23.6,-1.2,1.2
6-24ч,2026-08-12T10:47:03Z,2026-08-13T07:00:00Z,20.2,21.0,22.6,24.2,-1.6,1.6
6-24ч,2026-08-12T10:47:03Z,2026-08-13T08:00:00Z,21.2,23.4,25.6,24.7,-2.2,2.2
6-24ч,2026-08-12T10:47:03Z,2026-08-13T09:00:00Z,22.2,25.8,27.0,27.9,-1.2,1.2
6-24ч,2026-08-12T10:47:03Z,2026-08-13T10:00:00Z,23.2,27.8,27.8,29.8,0.0,0.0
6-24ч,2026-08-12T16:54:57Z,2026-08-12T23:00:00Z,6.1,19.2,23.8,29.2,-4.6,4.6
6-24ч,2026-08-12T16:54:57Z,2026-08-13T00:00:00Z,7.1,18.5,23.3,27.7,-4.8,4.8
6-24ч,2026-08-12T16:54:57Z,2026-08-13T01:00:00Z,8.1,17.9,22.0,26.2,-4.1,4.1
6-24ч,2026-08-12T16:54:57Z,2026-08-13T02:00:00Z,9.1,17.3,20.5,25.1,-3.2,3.2
6-24ч,2026-08-12T16:54:57Z,2026-08-13T03:00:00Z,10.1,16.5,19.9,24.0,-3.4,3.4
6-24ч,2026-08-12T16:54:57Z,2026-08-13T04:00:00Z,11.1,15.8,19.1,23.2,-3.3,3.3
6-24ч,2026-08-12T16:54:57Z,2026-08-13T05:00:00Z,12.1,16.8,19.0,23.3,-2.2,2.2
6-24ч,2026-08-12T16:54:57Z,2026-08-13T06:00:00Z,13.1,19.1,20.2,23.6,-1.1,1.1
6-24ч,2026-08-12T16:54:57Z,2026-08-13T07:00:00Z,14.1,21.2,22.6,24.2,-1.4,1.4
6-24ч,2026-08-12T16:54:57Z,2026-08-13T08:00:00Z,15.1,23.6,25.6,24.7,-2.0,2.0
6-24ч,2026-08-12T16:54:57Z,2026-08-13T09:00:00Z,16.1,26.0,27.0,27.9,-1.0,1.0
6-24ч,2026-08-12T16:54:57Z,2026-08-13T10:00:00Z,17.1,27.9,27.8,29.8,0.1,0.1
6-24ч,2026-08-12T16:54:57Z,2026-08-13T11:00:00Z,18.1,29.3,28.6,31.5,0.7,0.7
6-24ч,2026-08-12T16:54:57Z,2026-08-13T12:00:00Z,19.1,30.2,29.4,32.1,0.8,0.8
6-24ч,2026-08-12T16:54:57Z,2026-08-13T13:00:00Z,20.1,30.6,31.0,33.2,-0.4,0.4
6-24ч,2026-08-12T16:54:57Z,2026-08-13T14:00:00Z,21.1,30.7,30.7,32.9,0.0,0.0
6-24ч,2026-08-12T16:54:57Z,2026-08-13T15:00:00Z,22.1,30.4,31.2,32.4,-0.8,0.8
6-24ч,2026-08-12T16:54:57Z,2026-08-13T16:00:00Z,23.1,29.6,30.2,31.3,-0.6,0.6
6-24ч,2026-08-12T22:50:47Z,2026-08-13T05:00:00Z,6.2,17.2,19.0,23.3,-1.8,1.8
6-24ч,2026-08-12T22:50:47Z,2026-08-13T06:00:00Z,7.2,19.5,20.2,23.6,-0.7,0.7
6-24ч,2026-08-12T22:50:47Z,2026-08-13T07:00:00Z,8.2,21.7,22.6,24.2,-0.9,0.9
6-24ч,2026-08-12T22:50:47Z,2026-08-13T08:00:00Z,9.2,24.1,25.6,24.7,-1.5,1.5
6-24ч,2026-08-12T22:50:47Z,2026-08-13T09:00:00Z,10.2,26.4,27.0,27.9,-0.6,0.6
6-24ч,2026-08-12T22:50:47Z,2026-08-13T10:00:00Z,11.2,28.4,27.8,29.8,0.6,0.6
6-24ч,2026-08-12T22:50:47Z,2026-08-13T11:00:00Z,12.2,29.8,28.6,31.5,1.2,1.2
6-24ч,2026-08-12T22:50:47Z,2026-08-13T12:00:00Z,13.2,30.6,29.4,32.1,1.2,1.2
6-24ч,2026-08-12T22:50:47Z,2026-08-13T13:00:00Z,14.2,30.9,31.0,33.2,-0.1,0.1
6-24ч,2026-08-12T22:50:47Z,2026-08-13T14:00:00Z,15.2,31.0,30.7,32.9,0.3,0.3
6-24ч,2026-08-12T22:50:47Z,2026-08-13T15:00:00Z,16.2,30.6,31.2,32.4,-0.6,0.6
6-24ч,2026-08-12T22:50:47Z,2026-08-13T16:00:00Z,17.2,29.8,30.2,31.3,-0.4,0.4
6-24ч,2026-08-12T22:50:47Z,2026-08-13T17:00:00Z,18.2,28.7,29.5,30.0,-0.8,0.8
6-24ч,2026-08-12T22:50:47Z,2026-08-13T18:00:00Z,19.2,25.3,27.7,28.4,-2.4,2.4
6-24ч,2026-08-12T22:50:47Z,2026-08-13T19:00:00Z,20.2,23.2,26.5,27.0,-3.3,3.3
6-24ч,2026-08-12T22:50:47Z,2026-08-13T20:00:00Z,21.2,22.2,26.0,26.3,-3.8,3.8
6-24ч,2026-08-12T22:50:47Z,2026-08-13T21:00:00Z,22.2,21.6,25.0,25.5,-3.4,3.4
6-24ч,2026-08-12T22:50:47Z,2026-08-13T22:00:00Z,23.2,21.0,24.0,24.8,-3.0,3.0
6-24ч,2026-08-13T05:30:08Z,2026-08-13T12:00:00Z,6.5,30.6,29.4,32.1,1.2,1.2
6-24ч,2026-08-13T05:30:08Z,2026-08-13T13:00:00Z,7.5,30.9,31.0,33.2,-0.1,0.1
6-24ч,2026-08-13T05:30:08Z,2026-08-13T14:00:00Z,8.5,31.0,30.7,32.9,0.3,0.3
6-24ч,2026-08-13T05:30:08Z,2026-08-13T15:00:00Z,9.5,30.6,31.2,32.4,-0.6,0.6
6-24ч,2026-08-13T05:30:08Z,2026-08-13T16:00:00Z,10.5,29.9,30.2,31.3,-0.3,0.3
6-24ч,2026-08-13T05:30:08Z,2026-08-13T17:00:00Z,11.5,28.8,29.5,30.0,-0.7,0.7
6-24ч,2026-08-13T05:30:08Z,2026-08-13T18:00:00Z,12.5,25.3,27.7,28.4,-2.4,2.4
6-24ч,2026-08-13T05:30:08Z,2026-08-13T19:00:00Z,13.5,23.2,26.5,27.0,-3.3,3.3
6-24ч,2026-08-13T05:30:08Z,2026-08-13T20:00:00Z,14.5,22.0,26.0,26.3,-4.0,4.0
6-24ч,2026-08-13T05:30:08Z,2026-08-13T21:00:00Z,15.5,21.5,25.0,25.5,-3.5,3.5
6-24ч,2026-08-13T05:30:08Z,2026-08-13T22:00:00Z,16.5,20.8,24.0,24.8,-3.2,3.2
6-24ч,2026-08-13T05:30:08Z,2026-08-13T23:00:00Z,17.5,19.8,22.8,23.8,-3.0,3.0
6-24ч,2026-08-13T05:30:08Z,2026-08-14T00:00:00Z,18.5,19.1,22.0,23.3,-2.9,2.9
6-24ч,2026-08-13T05:30:08Z,2026-08-14T01:00:00Z,19.5,18.5,20.4,22.0,-1.9,1.9
6-24ч,2026-08-13T05:30:08Z,2026-08-14T02:00:00Z,20.5,17.4,21.7,20.5,-4.3,4.3
6-24ч,2026-08-13T05:30:08Z,2026-08-14T03:00:00Z,21.5,16.5,20.9,19.9,-4.4,4.4
6-24ч,2026-08-13T05:30:08Z,2026-08-14T04:00:00Z,22.5,16.0,20.6,19.1,-4.6,4.6
6-24ч,2026-08-13T05:30:08Z,2026-08-14T05:00:00Z,23.5,16.8,22.1,19.0,-5.3,5.3
6-24ч,2026-08-13T10:49:01Z,2026-08-13T17:00:00Z,6.2,28.7,29.5,30.0,-0.8,0.8
6-24ч,2026-08-13T10:49:01Z,2026-08-13T18:00:00Z,7.2,25.1,27.7,28.4,-2.6,2.6
6-24ч,2026-08-13T10:49:01Z,2026-08-13T19:00:00Z,8.2,23.0,26.5,27.0,-3.5,3.5
6-24ч,2026-08-13T10:49:01Z,2026-08-13T20:00:00Z,9.2,21.8,26.0,26.3,-4.2,4.2
6-24ч,2026-08-13T10:49:01Z,2026-08-13T21:00:00Z,10.2,21.2,25.0,25.5,-3.8,3.8
6-24ч,2026-08-13T10:49:01Z,2026-08-13T22:00:00Z,11.2,20.6,24.0,24.8,-3.4,3.4
6-24ч,2026-08-13T10:49:01Z,2026-08-13T23:00:00Z,12.2,19.8,22.8,23.8,-3.0,3.0
6-24ч,2026-08-13T10:49:01Z,2026-08-14T00:00:00Z,13.2,18.8,22.0,23.3,-3.2,3.2
6-24ч,2026-08-13T10:49:01Z,2026-08-14T01:00:00Z,14.2,18.3,20.4,22.0,-2.1,2.1
6-24ч,2026-08-13T10:49:01Z,2026-08-14T02:00:00Z,15.2,17.5,21.7,20.5,-4.2,4.2
6-24ч,2026-08-13T10:49:01Z,2026-08-14T03:00:00Z,16.2,16.5,20.9,19.9,-4.4,4.4
6-24ч,2026-08-13T10:49:01Z,2026-08-14T04:00:00Z,17.2,15.5,20.6,19.1,-5.1,5.1
6-24ч,2026-08-13T10:49:01Z,2026-08-14T05:00:00Z,18.2,16.7,22.1,19.0,-5.4,5.4
6-24ч,2026-08-13T10:49:01Z,2026-08-14T06:00:00Z,19.2,19.6,23.4,20.2,-3.8,3.8
6-24ч,2026-08-13T10:49:01Z,2026-08-14T07:00:00Z,20.2,22.3,25.4,22.6,-3.1,3.1
6-24ч,2026-08-13T10:49:01Z,2026-08-14T08:00:00Z,21.2,25.1,27.9,25.6,-2.8,2.8
6-24ч,2026-08-13T10:49:01Z,2026-08-14T09:00:00Z,22.2,27.6,28.7,27.0,-1.1,1.1
6-24ч,2026-08-13T10:49:01Z,2026-08-14T10:00:00Z,23.2,29.2,29.9,27.8,-0.7,0.7
6-24ч,2026-08-13T16:36:10Z,2026-08-13T23:00:00Z,6.4,19.9,22.8,23.8,-2.9,2.9
6-24ч,2026-08-13T16:36:10Z,2026-08-14T00:00:00Z,7.4,18.7,22.0,23.3,-3.3,3.3
6-24ч,2026-08-13T16:36:10Z,2026-08-14T01:00:00Z,8.4,18.1,20.4,22.0,-2.3,2.3
6-24ч,2026-08-13T16:36:10Z,2026-08-14T02:00:00Z,9.4,17.3,21.7,20.5,-4.4,4.4
6-24ч,2026-08-13T16:36:10Z,2026-08-14T03:00:00Z,10.4,16.6,20.9,19.9,-4.3,4.3
6-24ч,2026-08-13T16:36:10Z,2026-08-14T04:00:00Z,11.4,15.9,20.6,19.1,-4.7,4.7
6-24ч,2026-08-13T16:36:10Z,2026-08-14T05:00:00Z,12.4,16.7,22.1,19.0,-5.4,5.4
6-24ч,2026-08-13T16:36:10Z,2026-08-14T06:00:00Z,13.4,19.6,23.4,20.2,-3.8,3.8
6-24ч,2026-08-13T16:36:10Z,2026-08-14T07:00:00Z,14.4,22.5,25.4,22.6,-2.9,2.9
6-24ч,2026-08-13T16:36:10Z,2026-08-14T08:00:00Z,15.4,25.3,27.9,25.6,-2.6,2.6
6-24ч,2026-08-13T16:36:10Z,2026-08-14T09:00:00Z,16.4,27.7,28.7,27.0,-1.0,1.0
6-24ч,2026-08-13T16:36:10Z,2026-08-14T10:00:00Z,17.4,29.5,29.9,27.8,-0.4,0.4
6-24ч,2026-08-13T16:42:24Z,2026-08-13T23:00:00Z,6.3,19.9,22.8,23.8,-2.9,2.9
6-24ч,2026-08-13T16:42:24Z,2026-08-14T00:00:00Z,7.3,18.7,22.0,23.3,-3.3,3.3
6-24ч,2026-08-13T16:42:24Z,2026-08-14T01:00:00Z,8.3,18.1,20.4,22.0,-2.3,2.3
6-24ч,2026-08-13T16:42:24Z,2026-08-14T02:00:00Z,9.3,17.3,21.7,20.5,-4.4,4.4
6-24ч,2026-08-13T16:42:24Z,2026-08-14T03:00:00Z,10.3,16.6,20.9,19.9,-4.3,4.3
6-24ч,2026-08-13T16:42:24Z,2026-08-14T04:00:00Z,11.3,15.9,20.6,19.1,-4.7,4.7
6-24ч,2026-08-13T16:42:24Z,2026-08-14T05:00:00Z,12.3,16.7,22.1,19.0,-5.4,5.4
6-24ч,2026-08-13T16:42:24Z,2026-08-14T06:00:00Z,13.3,19.6,23.4,20.2,-3.8,3.8
6-24ч,2026-08-13T16:42:24Z,2026-08-14T07:00:00Z,14.3,22.5,25.4,22.6,-2.9,2.9
6-24ч,2026-08-13T16:42:24Z,2026-08-14T08:00:00Z,15.3,25.3,27.9,25.6,-2.6,2.6
6-24ч,2026-08-13T16:42:24Z,2026-08-14T09:00:00Z,16.3,27.7,28.7,27.0,-1.0,1.0
6-24ч,2026-08-13T16:42:24Z,2026-08-14T10:00:00Z,17.3,29.5,29.9,27.8,-0.4,0.4
6-24ч,2026-08-13T16:54:22Z,2026-08-13T23:00:00Z,6.1,19.9,22.8,23.8,-2.9,2.9
6-24ч,2026-08-13T16:54:22Z,2026-08-14T00:00:00Z,7.1,18.7,22.0,23.3,-3.3,3.3
6-24ч,2026-08-13T16:54:22Z,2026-08-14T01:00:00Z,8.1,18.1,20.4,22.0,-2.3,2.3
6-24ч,2026-08-13T16:54:22Z,2026-08-14T02:00:00Z,9.1,17.3,21.7,20.5,-4.4,4.4
6-24ч,2026-08-13T16:54:22Z,2026-08-14T03:00:00Z,10.1,16.6,20.9,19.9,-4.3,4.3
6-24ч,2026-08-13T16:54:22Z,2026-08-14T04:00:00Z,11.1,15.9,20.6,19.1,-4.7,4.7
6-24ч,2026-08-13T16:54:22Z,2026-08-14T05:00:00Z,12.1,16.7,22.1,19.0,-5.4,5.4
6-24ч,2026-08-13T16:54:22Z,2026-08-14T06:00:00Z,13.1,19.6,23.4,20.2,-3.8,3.8
6-24ч,2026-08-13T16:54:22Z,2026-08-14T07:00:00Z,14.1,22.5,25.4,22.6,-2.9,2.9
6-24ч,2026-08-13T16:54:22Z,2026-08-14T08:00:00Z,15.1,25.3,27.9,25.6,-2.6,2.6
6-24ч,2026-08-13T16:54:22Z,2026-08-14T09:00:00Z,16.1,27.7,28.7,27.0,-1.0,1.0
6-24ч,2026-08-13T16:54:22Z,2026-08-14T10:00:00Z,17.1,29.5,29.9,27.8,-0.4,0.4
6-24ч,2026-08-13T22:52:17Z,2026-08-14T05:00:00Z,6.1,16.9,22.1,19.0,-5.2,5.2
6-24ч,2026-08-13T22:52:17Z,2026-08-14T06:00:00Z,7.1,20.0,23.4,20.2,-3.4,3.4
6-24ч,2026-08-13T22:52:17Z,2026-08-14T07:00:00Z,8.1,23.0,25.4,22.6,-2.4,2.4
6-24ч,2026-08-13T22:52:17Z,2026-08-14T08:00:00Z,9.1,25.9,27.9,25.6,-2.0,2.0
6-24ч,2026-08-13T22:52:17Z,2026-08-14T09:00:00Z,10.1,28.4,28.7,27.0,-0.3,0.3
6-24ч,2026-08-13T22:52:17Z,2026-08-14T10:00:00Z,11.1,30.1,29.9,27.8,0.2,0.2
1-2 дня,2026-08-06T09:50:07Z,2026-08-07T10:00:00Z,24.2,34.2,35.0,37.2,-0.8,0.8
1-2 дня,2026-08-06T09:50:07Z,2026-08-07T11:00:00Z,25.2,34.7,35.9,37.6,-1.2,1.2
1-2 дня,2026-08-06T09:50:07Z,2026-08-07T12:00:00Z,26.2,36.2,36.6,37.5,-0.4,0.4
1-2 дня,2026-08-06T09:50:07Z,2026-08-07T13:00:00Z,27.2,36.7,36.9,38.3,-0.2,0.2
1-2 дня,2026-08-06T09:50:07Z,2026-08-07T14:00:00Z,28.2,36.8,37.2,38.0,-0.4,0.4
1-2 дня,2026-08-06T09:50:07Z,2026-08-07T15:00:00Z,29.2,35.8,36.4,36.8,-0.6,0.6
1-2 дня,2026-08-06T09:50:07Z,2026-08-07T16:00:00Z,30.2,34.8,34.4,30.8,0.4,0.4
1-2 дня,2026-08-06T09:50:07Z,2026-08-07T17:00:00Z,31.2,32.9,34.2,31.2,-1.3,1.3
1-2 дня,2026-08-06T09:50:07Z,2026-08-07T18:00:00Z,32.2,29.7,32.0,30.4,-2.3,2.3
1-2 дня,2026-08-06T09:50:07Z,2026-08-07T19:00:00Z,33.2,27.5,29.3,28.6,-1.8,1.8
1-2 дня,2026-08-06T09:50:07Z,2026-08-07T20:00:00Z,34.2,26.4,28.2,28.8,-1.8,1.8
1-2 дня,2026-08-06T09:50:07Z,2026-08-07T21:00:00Z,35.2,25.1,27.2,27.6,-2.1,2.1
1-2 дня,2026-08-06T09:50:07Z,2026-08-07T22:00:00Z,36.2,24.5,27.1,27.1,-2.6,2.6
1-2 дня,2026-08-06T09:50:07Z,2026-08-07T23:00:00Z,37.2,23.9,25.7,26.3,-1.8,1.8
1-2 дня,2026-08-06T09:50:07Z,2026-08-08T00:00:00Z,38.2,23.6,25.6,25.6,-2.0,2.0
1-2 дня,2026-08-06T09:50:07Z,2026-08-08T01:00:00Z,39.2,22.8,25.1,25.3,-2.3,2.3
1-2 дня,2026-08-06T09:50:07Z,2026-08-08T02:00:00Z,40.2,22.1,23.0,24.8,-0.9,0.9
1-2 дня,2026-08-06T09:50:07Z,2026-08-08T03:00:00Z,41.2,21.8,21.4,24.6,0.4,0.4
1-2 дня,2026-08-06T09:50:07Z,2026-08-08T04:00:00Z,42.2,21.3,21.2,24.9,0.1,0.1
1-2 дня,2026-08-06T09:50:07Z,2026-08-08T05:00:00Z,43.2,22.6,21.7,26.1,0.9,0.9
1-2 дня,2026-08-06T09:50:07Z,2026-08-08T06:00:00Z,44.2,24.0,22.6,27.0,1.4,1.4
1-2 дня,2026-08-06T09:50:07Z,2026-08-08T07:00:00Z,45.2,24.9,24.4,28.0,0.5,0.5
1-2 дня,2026-08-06T09:50:07Z,2026-08-08T08:00:00Z,46.2,26.7,25.6,30.5,1.1,1.1
1-2 дня,2026-08-06T09:50:07Z,2026-08-08T09:00:00Z,47.2,28.6,28.1,33.0,0.5,0.5
1-2 дня,2026-08-06T09:59:18Z,2026-08-07T10:00:00Z,24.0,34.2,35.0,37.2,-0.8,0.8
1-2 дня,2026-08-06T09:59:18Z,2026-08-07T11:00:00Z,25.0,34.7,35.9,37.6,-1.2,1.2
1-2 дня,2026-08-06T09:59:18Z,2026-08-07T12:00:00Z,26.0,36.2,36.6,37.5,-0.4,0.4
1-2 дня,2026-08-06T09:59:18Z,2026-08-07T13:00:00Z,27.0,36.7,36.9,38.3,-0.2,0.2
1-2 дня,2026-08-06T09:59:18Z,2026-08-07T14:00:00Z,28.0,36.8,37.2,38.0,-0.4,0.4
1-2 дня,2026-08-06T09:59:18Z,2026-08-07T15:00:00Z,29.0,35.8,36.4,36.8,-0.6,0.6
1-2 дня,2026-08-06T09:59:18Z,2026-08-07T16:00:00Z,30.0,34.8,34.4,30.8,0.4,0.4
1-2 дня,2026-08-06T09:59:18Z,2026-08-07T17:00:00Z,31.0,32.9,34.2,31.2,-1.3,1.3
1-2 дня,2026-08-06T09:59:18Z,2026-08-07T18:00:00Z,32.0,29.7,32.0,30.4,-2.3,2.3
1-2 дня,2026-08-06T09:59:18Z,2026-08-07T19:00:00Z,33.0,27.5,29.3,28.6,-1.8,1.8
1-2 дня,2026-08-06T09:59:18Z,2026-08-07T20:00:00Z,34.0,26.4,28.2,28.8,-1.8,1.8
1-2 дня,2026-08-06T09:59:18Z,2026-08-07T21:00:00Z,35.0,25.1,27.2,27.6,-2.1,2.1
1-2 дня,2026-08-06T09:59:18Z,2026-08-07T22:00:00Z,36.0,24.5,27.1,27.1,-2.6,2.6
1-2 дня,2026-08-06T09:59:18Z,2026-08-07T23:00:00Z,37.0,23.9,25.7,26.3,-1.8,1.8
1-2 дня,2026-08-06T09:59:18Z,2026-08-08T00:00:00Z,38.0,23.6,25.6,25.6,-2.0,2.0
1-2 дня,2026-08-06T09:59:18Z,2026-08-08T01:00:00Z,39.0,22.8,25.1,25.3,-2.3,2.3
1-2 дня,2026-08-06T09:59:18Z,2026-08-08T02:00:00Z,40.0,22.1,23.0,24.8,-0.9,0.9
1-2 дня,2026-08-06T09:59:18Z,2026-08-08T03:00:00Z,41.0,21.8,21.4,24.6,0.4,0.4
1-2 дня,2026-08-06T09:59:18Z,2026-08-08T04:00:00Z,42.0,21.3,21.2,24.9,0.1,0.1
1-2 дня,2026-08-06T09:59:18Z,2026-08-08T05:00:00Z,43.0,22.6,21.7,26.1,0.9,0.9
1-2 дня,2026-08-06T09:59:18Z,2026-08-08T06:00:00Z,44.0,24.0,22.6,27.0,1.4,1.4
1-2 дня,2026-08-06T09:59:18Z,2026-08-08T07:00:00Z,45.0,24.9,24.4,28.0,0.5,0.5
1-2 дня,2026-08-06T09:59:18Z,2026-08-08T08:00:00Z,46.0,26.7,25.6,30.5,1.1,1.1
1-2 дня,2026-08-06T09:59:18Z,2026-08-08T09:00:00Z,47.0,28.6,28.1,33.0,0.5,0.5
1-2 дня,2026-08-06T10:08:26Z,2026-08-07T11:00:00Z,24.9,34.7,35.9,37.6,-1.2,1.2
1-2 дня,2026-08-06T10:08:26Z,2026-08-07T12:00:00Z,25.9,36.2,36.6,37.5,-0.4,0.4
1-2 дня,2026-08-06T10:08:26Z,2026-08-07T13:00:00Z,26.9,36.7,36.9,38.3,-0.2,0.2
1-2 дня,2026-08-06T10:08:26Z,2026-08-07T14:00:00Z,27.9,36.8,37.2,38.0,-0.4,0.4
1-2 дня,2026-08-06T10:08:26Z,2026-08-07T15:00:00Z,28.9,35.8,36.4,36.8,-0.6,0.6
1-2 дня,2026-08-06T10:08:26Z,2026-08-07T16:00:00Z,29.9,34.8,34.4,30.8,0.4,0.4
1-2 дня,2026-08-06T10:08:26Z,2026-08-07T17:00:00Z,30.9,32.9,34.2,31.2,-1.3,1.3
1-2 дня,2026-08-06T10:08:26Z,2026-08-07T18:00:00Z,31.9,29.7,32.0,30.4,-2.3,2.3
1-2 дня,2026-08-06T10:08:26Z,2026-08-07T19:00:00Z,32.9,27.5,29.3,28.6,-1.8,1.8
1-2 дня,2026-08-06T10:08:26Z,2026-08-07T20:00:00Z,33.9,26.4,28.2,28.8,-1.8,1.8
1-2 дня,2026-08-06T10:08:26Z,2026-08-07T21:00:00Z,34.9,25.1,27.2,27.6,-2.1,2.1
1-2 дня,2026-08-06T10:08:26Z,2026-08-07T22:00:00Z,35.9,24.5,27.1,27.1,-2.6,2.6
1-2 дня,2026-08-06T10:08:26Z,2026-08-07T23:00:00Z,36.9,23.9,25.7,26.3,-1.8,1.8
1-2 дня,2026-08-06T10:08:26Z,2026-08-08T00:00:00Z,37.9,23.6,25.6,25.6,-2.0,2.0
1-2 дня,2026-08-06T10:08:26Z,2026-08-08T01:00:00Z,38.9,22.8,25.1,25.3,-2.3,2.3
1-2 дня,2026-08-06T10:08:26Z,2026-08-08T02:00:00Z,39.9,22.1,23.0,24.8,-0.9,0.9
1-2 дня,2026-08-06T10:08:26Z,2026-08-08T03:00:00Z,40.9,21.8,21.4,24.6,0.4,0.4
1-2 дня,2026-08-06T10:08:26Z,2026-08-08T04:00:00Z,41.9,21.3,21.2,24.9,0.1,0.1
1-2 дня,2026-08-06T10:08:26Z,2026-08-08T05:00:00Z,42.9,22.6,21.7,26.1,0.9,0.9
1-2 дня,2026-08-06T10:08:26Z,2026-08-08T06:00:00Z,43.9,24.0,22.6,27.0,1.4,1.4
1-2 дня,2026-08-06T10:08:26Z,2026-08-08T07:00:00Z,44.9,24.9,24.4,28.0,0.5,0.5
1-2 дня,2026-08-06T10:08:26Z,2026-08-08T08:00:00Z,45.9,26.7,25.6,30.5,1.1,1.1
1-2 дня,2026-08-06T10:08:26Z,2026-08-08T09:00:00Z,46.9,28.6,28.1,33.0,0.5,0.5
1-2 дня,2026-08-06T10:08:26Z,2026-08-08T10:00:00Z,47.9,30.4,29.7,35.0,0.7,0.7
1-2 дня,2026-08-06T10:47:54Z,2026-08-07T11:00:00Z,24.2,34.7,35.9,37.6,-1.2,1.2
1-2 дня,2026-08-06T10:47:54Z,2026-08-07T12:00:00Z,25.2,36.2,36.6,37.5,-0.4,0.4
1-2 дня,2026-08-06T10:47:54Z,2026-08-07T13:00:00Z,26.2,36.7,36.9,38.3,-0.2,0.2
1-2 дня,2026-08-06T10:47:54Z,2026-08-07T14:00:00Z,27.2,36.8,37.2,38.0,-0.4,0.4
1-2 дня,2026-08-06T10:47:54Z,2026-08-07T15:00:00Z,28.2,35.8,36.4,36.8,-0.6,0.6
1-2 дня,2026-08-06T10:47:54Z,2026-08-07T16:00:00Z,29.2,34.8,34.4,30.8,0.4,0.4
1-2 дня,2026-08-06T10:47:54Z,2026-08-07T17:00:00Z,30.2,32.9,34.2,31.2,-1.3,1.3
1-2 дня,2026-08-06T10:47:54Z,2026-08-07T18:00:00Z,31.2,29.7,32.0,30.4,-2.3,2.3
1-2 дня,2026-08-06T10:47:54Z,2026-08-07T19:00:00Z,32.2,27.5,29.3,28.6,-1.8,1.8
1-2 дня,2026-08-06T10:47:54Z,2026-08-07T20:00:00Z,33.2,26.4,28.2,28.8,-1.8,1.8
1-2 дня,2026-08-06T10:47:54Z,2026-08-07T21:00:00Z,34.2,25.1,27.2,27.6,-2.1,2.1
1-2 дня,2026-08-06T10:47:54Z,2026-08-07T22:00:00Z,35.2,24.5,27.1,27.1,-2.6,2.6
1-2 дня,2026-08-06T10:47:54Z,2026-08-07T23:00:00Z,36.2,23.9,25.7,26.3,-1.8,1.8
1-2 дня,2026-08-06T10:47:54Z,2026-08-08T00:00:00Z,37.2,23.6,25.6,25.6,-2.0,2.0
1-2 дня,2026-08-06T10:47:54Z,2026-08-08T01:00:00Z,38.2,22.8,25.1,25.3,-2.3,2.3
1-2 дня,2026-08-06T10:47:54Z,2026-08-08T02:00:00Z,39.2,22.1,23.0,24.8,-0.9,0.9
1-2 дня,2026-08-06T10:47:54Z,2026-08-08T03:00:00Z,40.2,21.8,21.4,24.6,0.4,0.4
1-2 дня,2026-08-06T10:47:54Z,2026-08-08T04:00:00Z,41.2,21.3,21.2,24.9,0.1,0.1
1-2 дня,2026-08-06T10:47:54Z,2026-08-08T05:00:00Z,42.2,22.6,21.7,26.1,0.9,0.9
1-2 дня,2026-08-06T10:47:54Z,2026-08-08T06:00:00Z,43.2,24.0,22.6,27.0,1.4,1.4
1-2 дня,2026-08-06T10:47:54Z,2026-08-08T07:00:00Z,44.2,24.9,24.4,28.0,0.5,0.5
1-2 дня,2026-08-06T10:47:54Z,2026-08-08T08:00:00Z,45.2,26.7,25.6,30.5,1.1,1.1
1-2 дня,2026-08-06T10:47:54Z,2026-08-08T09:00:00Z,46.2,28.6,28.1,33.0,0.5,0.5
1-2 дня,2026-08-06T10:47:54Z,2026-08-08T10:00:00Z,47.2,30.4,29.7,35.0,0.7,0.7
1-2 дня,2026-08-06T11:30:42Z,2026-08-07T12:00:00Z,24.5,36.2,36.6,37.5,-0.4,0.4
1-2 дня,2026-08-06T11:30:42Z,2026-08-07T13:00:00Z,25.5,36.7,36.9,38.3,-0.2,0.2
1-2 дня,2026-08-06T11:30:42Z,2026-08-07T14:00:00Z,26.5,36.8,37.2,38.0,-0.4,0.4
1-2 дня,2026-08-06T11:30:42Z,2026-08-07T15:00:00Z,27.5,35.8,36.4,36.8,-0.6,0.6
1-2 дня,2026-08-06T11:30:42Z,2026-08-07T16:00:00Z,28.5,34.8,34.4,30.8,0.4,0.4
1-2 дня,2026-08-06T11:30:42Z,2026-08-07T17:00:00Z,29.5,32.9,34.2,31.2,-1.3,1.3
1-2 дня,2026-08-06T11:30:42Z,2026-08-07T18:00:00Z,30.5,29.7,32.0,30.4,-2.3,2.3
1-2 дня,2026-08-06T11:30:42Z,2026-08-07T19:00:00Z,31.5,27.5,29.3,28.6,-1.8,1.8
1-2 дня,2026-08-06T11:30:42Z,2026-08-07T20:00:00Z,32.5,26.4,28.2,28.8,-1.8,1.8
1-2 дня,2026-08-06T11:30:42Z,2026-08-07T21:00:00Z,33.5,25.1,27.2,27.6,-2.1,2.1
1-2 дня,2026-08-06T11:30:42Z,2026-08-07T22:00:00Z,34.5,24.5,27.1,27.1,-2.6,2.6
1-2 дня,2026-08-06T11:30:42Z,2026-08-07T23:00:00Z,35.5,23.9,25.7,26.3,-1.8,1.8
1-2 дня,2026-08-06T11:30:42Z,2026-08-08T00:00:00Z,36.5,23.6,25.6,25.6,-2.0,2.0
1-2 дня,2026-08-06T11:30:42Z,2026-08-08T01:00:00Z,37.5,22.8,25.1,25.3,-2.3,2.3
1-2 дня,2026-08-06T11:30:42Z,2026-08-08T02:00:00Z,38.5,22.1,23.0,24.8,-0.9,0.9
1-2 дня,2026-08-06T11:30:42Z,2026-08-08T03:00:00Z,39.5,21.8,21.4,24.6,0.4,0.4
1-2 дня,2026-08-06T11:30:42Z,2026-08-08T04:00:00Z,40.5,21.3,21.2,24.9,0.1,0.1
1-2 дня,2026-08-06T11:30:42Z,2026-08-08T05:00:00Z,41.5,22.6,21.7,26.1,0.9,0.9
1-2 дня,2026-08-06T11:30:42Z,2026-08-08T06:00:00Z,42.5,24.0,22.6,27.0,1.4,1.4
1-2 дня,2026-08-06T11:30:42Z,2026-08-08T07:00:00Z,43.5,24.9,24.4,28.0,0.5,0.5
1-2 дня,2026-08-06T11:30:42Z,2026-08-08T08:00:00Z,44.5,26.7,25.6,30.5,1.1,1.1
1-2 дня,2026-08-06T11:30:42Z,2026-08-08T09:00:00Z,45.5,28.6,28.1,33.0,0.5,0.5
1-2 дня,2026-08-06T11:30:42Z,2026-08-08T10:00:00Z,46.5,30.4,29.7,35.0,0.7,0.7
1-2 дня,2026-08-06T11:30:42Z,2026-08-08T11:00:00Z,47.5,32.1,30.9,35.9,1.2,1.2
1-2 дня,2026-08-06T11:36:01Z,2026-08-07T12:00:00Z,24.4,36.2,36.6,37.5,-0.4,0.4
1-2 дня,2026-08-06T11:36:01Z,2026-08-07T13:00:00Z,25.4,36.7,36.9,38.3,-0.2,0.2
1-2 дня,2026-08-06T11:36:01Z,2026-08-07T14:00:00Z,26.4,36.8,37.2,38.0,-0.4,0.4
1-2 дня,2026-08-06T11:36:01Z,2026-08-07T15:00:00Z,27.4,35.8,36.4,36.8,-0.6,0.6
1-2 дня,2026-08-06T11:36:01Z,2026-08-07T16:00:00Z,28.4,34.8,34.4,30.8,0.4,0.4
1-2 дня,2026-08-06T11:36:01Z,2026-08-07T17:00:00Z,29.4,32.9,34.2,31.2,-1.3,1.3
1-2 дня,2026-08-06T11:36:01Z,2026-08-07T18:00:00Z,30.4,29.7,32.0,30.4,-2.3,2.3
1-2 дня,2026-08-06T11:36:01Z,2026-08-07T19:00:00Z,31.4,27.5,29.3,28.6,-1.8,1.8
1-2 дня,2026-08-06T11:36:01Z,2026-08-07T20:00:00Z,32.4,26.4,28.2,28.8,-1.8,1.8
1-2 дня,2026-08-06T11:36:01Z,2026-08-07T21:00:00Z,33.4,25.1,27.2,27.6,-2.1,2.1
1-2 дня,2026-08-06T11:36:01Z,2026-08-07T22:00:00Z,34.4,24.5,27.1,27.1,-2.6,2.6
1-2 дня,2026-08-06T11:36:01Z,2026-08-07T23:00:00Z,35.4,23.9,25.7,26.3,-1.8,1.8
1-2 дня,2026-08-06T11:36:01Z,2026-08-08T00:00:00Z,36.4,23.6,25.6,25.6,-2.0,2.0
1-2 дня,2026-08-06T11:36:01Z,2026-08-08T01:00:00Z,37.4,22.8,25.1,25.3,-2.3,2.3
1-2 дня,2026-08-06T11:36:01Z,2026-08-08T02:00:00Z,38.4,22.1,23.0,24.8,-0.9,0.9
1-2 дня,2026-08-06T11:36:01Z,2026-08-08T03:00:00Z,39.4,21.8,21.4,24.6,0.4,0.4
1-2 дня,2026-08-06T11:36:01Z,2026-08-08T04:00:00Z,40.4,21.3,21.2,24.9,0.1,0.1
1-2 дня,2026-08-06T11:36:01Z,2026-08-08T05:00:00Z,41.4,22.6,21.7,26.1,0.9,0.9
1-2 дня,2026-08-06T11:36:01Z,2026-08-08T06:00:00Z,42.4,24.0,22.6,27.0,1.4,1.4
1-2 дня,2026-08-06T11:36:01Z,2026-08-08T07:00:00Z,43.4,24.9,24.4,28.0,0.5,0.5
1-2 дня,2026-08-06T11:36:01Z,2026-08-08T08:00:00Z,44.4,26.7,25.6,30.5,1.1,1.1
1-2 дня,2026-08-06T11:36:01Z,2026-08-08T09:00:00Z,45.4,28.6,28.1,33.0,0.5,0.5
1-2 дня,2026-08-06T11:36:01Z,2026-08-08T10:00:00Z,46.4,30.4,29.7,35.0,0.7,0.7
1-2 дня,2026-08-06T11:36:01Z,2026-08-08T11:00:00Z,47.4,32.1,30.9,35.9,1.2,1.2
1-2 дня,2026-08-06T11:44:08Z,2026-08-07T12:00:00Z,24.3,36.2,36.6,37.5,-0.4,0.4
1-2 дня,2026-08-06T11:44:08Z,2026-08-07T13:00:00Z,25.3,36.7,36.9,38.3,-0.2,0.2
1-2 дня,2026-08-06T11:44:08Z,2026-08-07T14:00:00Z,26.3,36.8,37.2,38.0,-0.4,0.4
1-2 дня,2026-08-06T11:44:08Z,2026-08-07T15:00:00Z,27.3,35.8,36.4,36.8,-0.6,0.6
1-2 дня,2026-08-06T11:44:08Z,2026-08-07T16:00:00Z,28.3,34.8,34.4,30.8,0.4,0.4
1-2 дня,2026-08-06T11:44:08Z,2026-08-07T17:00:00Z,29.3,32.9,34.2,31.2,-1.3,1.3
1-2 дня,2026-08-06T11:44:08Z,2026-08-07T18:00:00Z,30.3,29.7,32.0,30.4,-2.3,2.3
1-2 дня,2026-08-06T11:44:08Z,2026-08-07T19:00:00Z,31.3,27.5,29.3,28.6,-1.8,1.8
1-2 дня,2026-08-06T11:44:08Z,2026-08-07T20:00:00Z,32.3,26.4,28.2,28.8,-1.8,1.8
1-2 дня,2026-08-06T11:44:08Z,2026-08-07T21:00:00Z,33.3,25.1,27.2,27.6,-2.1,2.1
1-2 дня,2026-08-06T11:44:08Z,2026-08-07T22:00:00Z,34.3,24.5,27.1,27.1,-2.6,2.6
1-2 дня,2026-08-06T11:44:08Z,2026-08-07T23:00:00Z,35.3,23.9,25.7,26.3,-1.8,1.8
1-2 дня,2026-08-06T11:44:08Z,2026-08-08T00:00:00Z,36.3,23.6,25.6,25.6,-2.0,2.0
1-2 дня,2026-08-06T11:44:08Z,2026-08-08T01:00:00Z,37.3,22.8,25.1,25.3,-2.3,2.3
1-2 дня,2026-08-06T11:44:08Z,2026-08-08T02:00:00Z,38.3,22.1,23.0,24.8,-0.9,0.9
1-2 дня,2026-08-06T11:44:08Z,2026-08-08T03:00:00Z,39.3,21.8,21.4,24.6,0.4,0.4
1-2 дня,2026-08-06T11:44:08Z,2026-08-08T04:00:00Z,40.3,21.3,21.2,24.9,0.1,0.1
1-2 дня,2026-08-06T11:44:08Z,2026-08-08T05:00:00Z,41.3,22.6,21.7,26.1,0.9,0.9
1-2 дня,2026-08-06T11:44:08Z,2026-08-08T06:00:00Z,42.3,24.0,22.6,27.0,1.4,1.4
1-2 дня,2026-08-06T11:44:08Z,2026-08-08T07:00:00Z,43.3,24.9,24.4,28.0,0.5,0.5
1-2 дня,2026-08-06T11:44:08Z,2026-08-08T08:00:00Z,44.3,26.7,25.6,30.5,1.1,1.1
1-2 дня,2026-08-06T11:44:08Z,2026-08-08T09:00:00Z,45.3,28.6,28.1,33.0,0.5,0.5
1-2 дня,2026-08-06T11:44:08Z,2026-08-08T10:00:00Z,46.3,30.4,29.7,35.0,0.7,0.7
1-2 дня,2026-08-06T11:44:08Z,2026-08-08T11:00:00Z,47.3,32.1,30.9,35.9,1.2,1.2
1-2 дня,2026-08-07T01:31:32Z,2026-08-08T02:00:00Z,24.5,21.2,23.0,24.8,-1.8,1.8
1-2 дня,2026-08-07T01:31:32Z,2026-08-08T03:00:00Z,25.5,21.1,21.4,24.6,-0.3,0.3
1-2 дня,2026-08-07T01:31:32Z,2026-08-08T04:00:00Z,26.5,21.5,21.2,24.9,0.3,0.3
1-2 дня,2026-08-07T01:31:32Z,2026-08-08T05:00:00Z,27.5,22.8,21.7,26.1,1.1,1.1
1-2 дня,2026-08-07T01:31:32Z,2026-08-08T06:00:00Z,28.5,22.7,22.6,27.0,0.1,0.1
1-2 дня,2026-08-07T01:31:32Z,2026-08-08T07:00:00Z,29.5,24.2,24.4,28.0,-0.2,0.2
1-2 дня,2026-08-07T01:31:32Z,2026-08-08T08:00:00Z,30.5,26.0,25.6,30.5,0.4,0.4
1-2 дня,2026-08-07T01:31:32Z,2026-08-08T09:00:00Z,31.5,27.4,28.1,33.0,-0.7,0.7
1-2 дня,2026-08-07T01:31:32Z,2026-08-08T10:00:00Z,32.5,29.1,29.7,35.0,-0.6,0.6
1-2 дня,2026-08-07T01:31:32Z,2026-08-08T11:00:00Z,33.5,30.2,30.9,35.9,-0.7,0.7
1-2 дня,2026-08-07T01:31:32Z,2026-08-08T12:00:00Z,34.5,31.3,31.4,36.6,-0.1,0.1
1-2 дня,2026-08-07T01:31:32Z,2026-08-08T13:00:00Z,35.5,32.7,32.0,36.9,0.7,0.7
1-2 дня,2026-08-07T01:31:32Z,2026-08-08T14:00:00Z,36.5,32.9,31.3,37.2,1.6,1.6
1-2 дня,2026-08-07T01:31:32Z,2026-08-08T15:00:00Z,37.5,32.5,32.0,36.4,0.5,0.5
1-2 дня,2026-08-07T01:31:32Z,2026-08-08T16:00:00Z,38.5,31.9,31.3,34.4,0.6,0.6
1-2 дня,2026-08-07T01:31:32Z,2026-08-08T17:00:00Z,39.5,30.8,30.0,34.2,0.8,0.8
1-2 дня,2026-08-07T01:31:32Z,2026-08-08T18:00:00Z,40.5,27.5,29.2,32.0,-1.7,1.7
1-2 дня,2026-08-07T01:31:32Z,2026-08-08T19:00:00Z,41.5,25.6,28.4,29.3,-2.8,2.8
1-2 дня,2026-08-07T01:31:32Z,2026-08-08T20:00:00Z,42.5,24.4,27.6,28.2,-3.2,3.2
1-2 дня,2026-08-07T01:31:32Z,2026-08-08T21:00:00Z,43.5,23.3,26.6,27.2,-3.3,3.3
1-2 дня,2026-08-07T01:31:32Z,2026-08-08T22:00:00Z,44.5,22.0,25.4,27.1,-3.4,3.4
1-2 дня,2026-08-07T01:31:32Z,2026-08-08T23:00:00Z,45.5,20.6,24.9,25.7,-4.3,4.3
1-2 дня,2026-08-07T01:31:32Z,2026-08-09T00:00:00Z,46.5,20.4,24.2,25.6,-3.8,3.8
1-2 дня,2026-08-07T01:31:32Z,2026-08-09T01:00:00Z,47.5,21.0,23.8,25.1,-2.8,2.8
1-2 дня,2026-08-07T05:36:00Z,2026-08-08T06:00:00Z,24.4,22.5,22.6,27.0,-0.1,0.1
1-2 дня,2026-08-07T05:36:00Z,2026-08-08T07:00:00Z,25.4,24.5,24.4,28.0,0.1,0.1
1-2 дня,2026-08-07T05:36:00Z,2026-08-08T08:00:00Z,26.4,26.5,25.6,30.5,0.9,0.9
1-2 дня,2026-08-07T05:36:00Z,2026-08-08T09:00:00Z,27.4,28.7,28.1,33.0,0.6,0.6
1-2 дня,2026-08-07T05:36:00Z,2026-08-08T10:00:00Z,28.4,30.4,29.7,35.0,0.7,0.7
1-2 дня,2026-08-07T05:36:00Z,2026-08-08T11:00:00Z,29.4,31.4,30.9,35.9,0.5,0.5
1-2 дня,2026-08-07T05:36:00Z,2026-08-08T12:00:00Z,30.4,32.3,31.4,36.6,0.9,0.9
1-2 дня,2026-08-07T05:36:00Z,2026-08-08T13:00:00Z,31.4,32.9,32.0,36.9,0.9,0.9
1-2 дня,2026-08-07T05:36:00Z,2026-08-08T14:00:00Z,32.4,33.0,31.3,37.2,1.7,1.7
1-2 дня,2026-08-07T05:36:00Z,2026-08-08T15:00:00Z,33.4,32.7,32.0,36.4,0.7,0.7
1-2 дня,2026-08-07T05:36:00Z,2026-08-08T16:00:00Z,34.4,31.9,31.3,34.4,0.6,0.6
1-2 дня,2026-08-07T05:36:00Z,2026-08-08T17:00:00Z,35.4,30.5,30.0,34.2,0.5,0.5
1-2 дня,2026-08-07T05:36:00Z,2026-08-08T18:00:00Z,36.4,27.3,29.2,32.0,-1.9,1.9
1-2 дня,2026-08-07T05:36:00Z,2026-08-08T19:00:00Z,37.4,25.5,28.4,29.3,-2.9,2.9
1-2 дня,2026-08-07T05:36:00Z,2026-08-08T20:00:00Z,38.4,24.3,27.6,28.2,-3.3,3.3
1-2 дня,2026-08-07T05:36:00Z,2026-08-08T21:00:00Z,39.4,23.0,26.6,27.2,-3.6,3.6
1-2 дня,2026-08-07T05:36:00Z,2026-08-08T22:00:00Z,40.4,22.1,25.4,27.1,-3.3,3.3
1-2 дня,2026-08-07T05:36:00Z,2026-08-08T23:00:00Z,41.4,21.1,24.9,25.7,-3.8,3.8
1-2 дня,2026-08-07T05:36:00Z,2026-08-09T00:00:00Z,42.4,20.4,24.2,25.6,-3.8,3.8
1-2 дня,2026-08-07T05:36:00Z,2026-08-09T01:00:00Z,43.4,19.9,23.8,25.1,-3.9,3.9
1-2 дня,2026-08-07T05:36:00Z,2026-08-09T02:00:00Z,44.4,18.8,22.8,23.0,-4.0,4.0
1-2 дня,2026-08-07T05:36:00Z,2026-08-09T03:00:00Z,45.4,17.5,21.3,21.4,-3.8,3.8
1-2 дня,2026-08-07T05:36:00Z,2026-08-09T04:00:00Z,46.4,16.9,20.7,21.2,-3.8,3.8
1-2 дня,2026-08-07T05:36:00Z,2026-08-09T05:00:00Z,47.4,18.9,21.8,21.7,-2.9,2.9
1-2 дня,2026-08-07T06:18:59Z,2026-08-08T07:00:00Z,24.7,24.5,24.4,28.0,0.1,0.1
1-2 дня,2026-08-07T06:18:59Z,2026-08-08T08:00:00Z,25.7,26.2,25.6,30.5,0.6,0.6
1-2 дня,2026-08-07T06:18:59Z,2026-08-08T09:00:00Z,26.7,28.1,28.1,33.0,0.0,0.0
1-2 дня,2026-08-07T06:18:59Z,2026-08-08T10:00:00Z,27.7,30.4,29.7,35.0,0.7,0.7
1-2 дня,2026-08-07T06:18:59Z,2026-08-08T11:00:00Z,28.7,31.4,30.9,35.9,0.5,0.5
1-2 дня,2026-08-07T06:18:59Z,2026-08-08T12:00:00Z,29.7,32.3,31.4,36.6,0.9,0.9
1-2 дня,2026-08-07T06:18:59Z,2026-08-08T13:00:00Z,30.7,32.9,32.0,36.9,0.9,0.9
1-2 дня,2026-08-07T06:18:59Z,2026-08-08T14:00:00Z,31.7,33.0,31.3,37.2,1.7,1.7
1-2 дня,2026-08-07T06:18:59Z,2026-08-08T15:00:00Z,32.7,32.7,32.0,36.4,0.7,0.7
1-2 дня,2026-08-07T06:18:59Z,2026-08-08T16:00:00Z,33.7,31.9,31.3,34.4,0.6,0.6
1-2 дня,2026-08-07T06:18:59Z,2026-08-08T17:00:00Z,34.7,30.5,30.0,34.2,0.5,0.5
1-2 дня,2026-08-07T06:18:59Z,2026-08-08T18:00:00Z,35.7,27.3,29.2,32.0,-1.9,1.9
1-2 дня,2026-08-07T06:18:59Z,2026-08-08T19:00:00Z,36.7,25.5,28.4,29.3,-2.9,2.9
1-2 дня,2026-08-07T06:18:59Z,2026-08-08T20:00:00Z,37.7,24.3,27.6,28.2,-3.3,3.3
1-2 дня,2026-08-07T06:18:59Z,2026-08-08T21:00:00Z,38.7,23.0,26.6,27.2,-3.6,3.6
1-2 дня,2026-08-07T06:18:59Z,2026-08-08T22:00:00Z,39.7,22.1,25.4,27.1,-3.3,3.3
1-2 дня,2026-08-07T06:18:59Z,2026-08-08T23:00:00Z,40.7,21.1,24.9,25.7,-3.8,3.8
1-2 дня,2026-08-07T06:18:59Z,2026-08-09T00:00:00Z,41.7,20.4,24.2,25.6,-3.8,3.8
1-2 дня,2026-08-07T06:18:59Z,2026-08-09T01:00:00Z,42.7,19.9,23.8,25.1,-3.9,3.9
1-2 дня,2026-08-07T06:18:59Z,2026-08-09T02:00:00Z,43.7,18.8,22.8,23.0,-4.0,4.0
1-2 дня,2026-08-07T06:18:59Z,2026-08-09T03:00:00Z,44.7,17.5,21.3,21.4,-3.8,3.8
1-2 дня,2026-08-07T06:18:59Z,2026-08-09T04:00:00Z,45.7,16.9,20.7,21.2,-3.8,3.8
1-2 дня,2026-08-07T06:18:59Z,2026-08-09T05:00:00Z,46.7,18.9,21.8,21.7,-2.9,2.9
1-2 дня,2026-08-07T06:18:59Z,2026-08-09T06:00:00Z,47.7,21.8,23.2,22.6,-1.4,1.4
1-2 дня,2026-08-07T07:13:52Z,2026-08-08T08:00:00Z,24.8,26.2,25.6,30.5,0.6,0.6
1-2 дня,2026-08-07T07:13:52Z,2026-08-08T09:00:00Z,25.8,28.1,28.1,33.0,0.0,0.0
1-2 дня,2026-08-07T07:13:52Z,2026-08-08T10:00:00Z,26.8,30.4,29.7,35.0,0.7,0.7
1-2 дня,2026-08-07T07:13:52Z,2026-08-08T11:00:00Z,27.8,31.4,30.9,35.9,0.5,0.5
1-2 дня,2026-08-07T07:13:52Z,2026-08-08T12:00:00Z,28.8,32.3,31.4,36.6,0.9,0.9
1-2 дня,2026-08-07T07:13:52Z,2026-08-08T13:00:00Z,29.8,32.9,32.0,36.9,0.9,0.9
1-2 дня,2026-08-07T07:13:52Z,2026-08-08T14:00:00Z,30.8,33.0,31.3,37.2,1.7,1.7
1-2 дня,2026-08-07T07:13:52Z,2026-08-08T15:00:00Z,31.8,32.7,32.0,36.4,0.7,0.7
1-2 дня,2026-08-07T07:13:52Z,2026-08-08T16:00:00Z,32.8,31.9,31.3,34.4,0.6,0.6
1-2 дня,2026-08-07T07:13:52Z,2026-08-08T17:00:00Z,33.8,30.5,30.0,34.2,0.5,0.5
1-2 дня,2026-08-07T07:13:52Z,2026-08-08T18:00:00Z,34.8,27.3,29.2,32.0,-1.9,1.9
1-2 дня,2026-08-07T07:13:52Z,2026-08-08T19:00:00Z,35.8,25.5,28.4,29.3,-2.9,2.9
1-2 дня,2026-08-07T07:13:52Z,2026-08-08T20:00:00Z,36.8,24.3,27.6,28.2,-3.3,3.3
1-2 дня,2026-08-07T07:13:52Z,2026-08-08T21:00:00Z,37.8,23.0,26.6,27.2,-3.6,3.6
1-2 дня,2026-08-07T07:13:52Z,2026-08-08T22:00:00Z,38.8,22.1,25.4,27.1,-3.3,3.3
1-2 дня,2026-08-07T07:13:52Z,2026-08-08T23:00:00Z,39.8,21.1,24.9,25.7,-3.8,3.8
1-2 дня,2026-08-07T07:13:52Z,2026-08-09T00:00:00Z,40.8,20.4,24.2,25.6,-3.8,3.8
1-2 дня,2026-08-07T07:13:52Z,2026-08-09T01:00:00Z,41.8,19.9,23.8,25.1,-3.9,3.9
1-2 дня,2026-08-07T07:13:52Z,2026-08-09T02:00:00Z,42.8,18.8,22.8,23.0,-4.0,4.0
1-2 дня,2026-08-07T07:13:52Z,2026-08-09T03:00:00Z,43.8,17.5,21.3,21.4,-3.8,3.8
1-2 дня,2026-08-07T07:13:52Z,2026-08-09T04:00:00Z,44.8,16.9,20.7,21.2,-3.8,3.8
1-2 дня,2026-08-07T07:13:52Z,2026-08-09T05:00:00Z,45.8,18.9,21.8,21.7,-2.9,2.9
1-2 дня,2026-08-07T07:13:52Z,2026-08-09T06:00:00Z,46.8,21.8,23.2,22.6,-1.4,1.4
1-2 дня,2026-08-07T07:13:52Z,2026-08-09T07:00:00Z,47.8,24.2,24.7,24.4,-0.5,0.5
1-2 дня,2026-08-07T10:39:14Z,2026-08-08T11:00:00Z,24.3,30.4,30.9,35.9,-0.5,0.5
1-2 дня,2026-08-07T10:39:14Z,2026-08-08T12:00:00Z,25.3,31.3,31.4,36.6,-0.1,0.1
1-2 дня,2026-08-07T10:39:14Z,2026-08-08T13:00:00Z,26.3,31.8,32.0,36.9,-0.2,0.2
1-2 дня,2026-08-07T10:39:14Z,2026-08-08T14:00:00Z,27.3,32.1,31.3,37.2,0.8,0.8
1-2 дня,2026-08-07T10:39:14Z,2026-08-08T15:00:00Z,28.3,32.0,32.0,36.4,0.0,0.0
1-2 дня,2026-08-07T10:39:14Z,2026-08-08T16:00:00Z,29.3,31.5,31.3,34.4,0.2,0.2
1-2 дня,2026-08-07T10:39:14Z,2026-08-08T17:00:00Z,30.3,30.3,30.0,34.2,0.3,0.3
1-2 дня,2026-08-07T10:39:14Z,2026-08-08T18:00:00Z,31.3,27.2,29.2,32.0,-2.0,2.0
1-2 дня,2026-08-07T10:39:14Z,2026-08-08T19:00:00Z,32.3,25.3,28.4,29.3,-3.1,3.1
1-2 дня,2026-08-07T10:39:14Z,2026-08-08T20:00:00Z,33.3,24.0,27.6,28.2,-3.6,3.6
1-2 дня,2026-08-07T10:39:14Z,2026-08-08T21:00:00Z,34.3,22.8,26.6,27.2,-3.8,3.8
1-2 дня,2026-08-07T10:39:14Z,2026-08-08T22:00:00Z,35.3,21.9,25.4,27.1,-3.5,3.5
1-2 дня,2026-08-07T10:39:14Z,2026-08-08T23:00:00Z,36.3,21.0,24.9,25.7,-3.9,3.9
1-2 дня,2026-08-07T10:39:14Z,2026-08-09T00:00:00Z,37.3,20.4,24.2,25.6,-3.8,3.8
1-2 дня,2026-08-07T10:39:14Z,2026-08-09T01:00:00Z,38.3,19.9,23.8,25.1,-3.9,3.9
1-2 дня,2026-08-07T10:39:14Z,2026-08-09T02:00:00Z,39.3,19.2,22.8,23.0,-3.6,3.6
1-2 дня,2026-08-07T10:39:14Z,2026-08-09T03:00:00Z,40.3,17.5,21.3,21.4,-3.8,3.8
1-2 дня,2026-08-07T10:39:14Z,2026-08-09T04:00:00Z,41.3,17.0,20.7,21.2,-3.7,3.7
1-2 дня,2026-08-07T10:39:14Z,2026-08-09T05:00:00Z,42.3,18.6,21.8,21.7,-3.2,3.2
1-2 дня,2026-08-07T10:39:14Z,2026-08-09T06:00:00Z,43.3,21.7,23.2,22.6,-1.5,1.5
1-2 дня,2026-08-07T10:39:14Z,2026-08-09T07:00:00Z,44.3,24.3,24.7,24.4,-0.4,0.4
1-2 дня,2026-08-07T10:39:14Z,2026-08-09T08:00:00Z,45.3,26.6,27.1,25.6,-0.5,0.5
1-2 дня,2026-08-07T10:39:14Z,2026-08-09T09:00:00Z,46.3,28.8,28.8,28.1,0.0,0.0
1-2 дня,2026-08-07T10:39:14Z,2026-08-09T10:00:00Z,47.3,30.7,30.1,29.7,0.6,0.6
1-2 дня,2026-08-07T16:51:54Z,2026-08-08T17:00:00Z,24.1,30.4,30.0,34.2,0.4,0.4
1-2 дня,2026-08-07T16:51:54Z,2026-08-08T18:00:00Z,25.1,27.2,29.2,32.0,-2.0,2.0
1-2 дня,2026-08-07T16:51:54Z,2026-08-08T19:00:00Z,26.1,25.2,28.4,29.3,-3.2,3.2
1-2 дня,2026-08-07T16:51:54Z,2026-08-08T20:00:00Z,27.1,23.9,27.6,28.2,-3.7,3.7
1-2 дня,2026-08-07T16:51:54Z,2026-08-08T21:00:00Z,28.1,22.9,26.6,27.2,-3.7,3.7
1-2 дня,2026-08-07T16:51:54Z,2026-08-08T22:00:00Z,29.1,22.1,25.4,27.1,-3.3,3.3
1-2 дня,2026-08-07T16:51:54Z,2026-08-08T23:00:00Z,30.1,21.3,24.9,25.7,-3.6,3.6
1-2 дня,2026-08-07T16:51:54Z,2026-08-09T00:00:00Z,31.1,20.7,24.2,25.6,-3.5,3.5
1-2 дня,2026-08-07T16:51:54Z,2026-08-09T01:00:00Z,32.1,20.2,23.8,25.1,-3.6,3.6
1-2 дня,2026-08-07T16:51:54Z,2026-08-09T02:00:00Z,33.1,19.5,22.8,23.0,-3.3,3.3
1-2 дня,2026-08-07T16:51:54Z,2026-08-09T03:00:00Z,34.1,18.4,21.3,21.4,-2.9,2.9
1-2 дня,2026-08-07T16:51:54Z,2026-08-09T04:00:00Z,35.1,17.9,20.7,21.2,-2.8,2.8
1-2 дня,2026-08-07T16:51:54Z,2026-08-09T05:00:00Z,36.1,19.3,21.8,21.7,-2.5,2.5
1-2 дня,2026-08-07T16:51:54Z,2026-08-09T06:00:00Z,37.1,22.0,23.2,22.6,-1.2,1.2
1-2 дня,2026-08-07T16:51:54Z,2026-08-09T07:00:00Z,38.1,24.3,24.7,24.4,-0.4,0.4
1-2 дня,2026-08-07T16:51:54Z,2026-08-09T08:00:00Z,39.1,26.6,27.1,25.6,-0.5,0.5
1-2 дня,2026-08-07T16:51:54Z,2026-08-09T09:00:00Z,40.1,29.1,28.8,28.1,0.3,0.3
1-2 дня,2026-08-07T16:51:54Z,2026-08-09T10:00:00Z,41.1,30.9,30.1,29.7,0.8,0.8
1-2 дня,2026-08-07T16:51:54Z,2026-08-09T11:00:00Z,42.1,31.9,30.8,30.9,1.1,1.1
1-2 дня,2026-08-07T16:51:54Z,2026-08-09T12:00:00Z,43.1,32.6,32.4,31.4,0.2,0.2
1-2 дня,2026-08-07T16:51:54Z,2026-08-09T13:00:00Z,44.1,32.8,32.7,32.0,0.1,0.1
1-2 дня,2026-08-07T16:51:54Z,2026-08-09T14:00:00Z,45.1,32.8,33.2,31.3,-0.4,0.4
1-2 дня,2026-08-07T16:51:54Z,2026-08-09T15:00:00Z,46.1,32.5,33.1,32.0,-0.6,0.6
1-2 дня,2026-08-07T16:51:54Z,2026-08-09T16:00:00Z,47.1,31.8,32.2,31.3,-0.4,0.4
1-2 дня,2026-08-07T22:45:57Z,2026-08-08T23:00:00Z,24.2,19.4,24.9,25.7,-5.5,5.5
1-2 дня,2026-08-07T22:45:57Z,2026-08-09T00:00:00Z,25.2,18.6,24.2,25.6,-5.6,5.6
1-2 дня,2026-08-07T22:45:57Z,2026-08-09T01:00:00Z,26.2,17.6,23.8,25.1,-6.2,6.2
1-2 дня,2026-08-07T22:45:57Z,2026-08-09T02:00:00Z,27.2,16.6,22.8,23.0,-6.2,6.2
1-2 дня,2026-08-07T22:45:57Z,2026-08-09T03:00:00Z,28.2,16.0,21.3,21.4,-5.3,5.3
1-2 дня,2026-08-07T22:45:57Z,2026-08-09T04:00:00Z,29.2,16.0,20.7,21.2,-4.7,4.7
1-2 дня,2026-08-07T22:45:57Z,2026-08-09T05:00:00Z,30.2,17.7,21.8,21.7,-4.1,4.1
1-2 дня,2026-08-07T22:45:57Z,2026-08-09T06:00:00Z,31.2,21.2,23.2,22.6,-2.0,2.0
1-2 дня,2026-08-07T22:45:57Z,2026-08-09T07:00:00Z,32.2,23.4,24.7,24.4,-1.3,1.3
1-2 дня,2026-08-07T22:45:57Z,2026-08-09T08:00:00Z,33.2,26.0,27.1,25.6,-1.1,1.1
1-2 дня,2026-08-07T22:45:57Z,2026-08-09T09:00:00Z,34.2,28.5,28.8,28.1,-0.3,0.3
1-2 дня,2026-08-07T22:45:57Z,2026-08-09T10:00:00Z,35.2,30.3,30.1,29.7,0.2,0.2
1-2 дня,2026-08-07T22:45:57Z,2026-08-09T11:00:00Z,36.2,31.3,30.8,30.9,0.5,0.5
1-2 дня,2026-08-07T22:45:57Z,2026-08-09T12:00:00Z,37.2,31.9,32.4,31.4,-0.5,0.5
1-2 дня,2026-08-07T22:45:57Z,2026-08-09T13:00:00Z,38.2,32.1,32.7,32.0,-0.6,0.6
1-2 дня,2026-08-07T22:45:57Z,2026-08-09T14:00:00Z,39.2,32.0,33.2,31.3,-1.2,1.2
1-2 дня,2026-08-07T22:45:57Z,2026-08-09T15:00:00Z,40.2,31.8,33.1,32.0,-1.3,1.3
1-2 дня,2026-08-07T22:45:57Z,2026-08-09T16:00:00Z,41.2,31.1,32.2,31.3,-1.1,1.1
1-2 дня,2026-08-07T22:45:57Z,2026-08-09T17:00:00Z,42.2,29.8,30.8,30.0,-1.0,1.0
1-2 дня,2026-08-07T22:45:57Z,2026-08-09T18:00:00Z,43.2,27.1,29.7,29.2,-2.6,2.6
1-2 дня,2026-08-07T22:45:57Z,2026-08-09T19:00:00Z,44.2,25.3,28.3,28.4,-3.0,3.0
1-2 дня,2026-08-07T22:45:57Z,2026-08-09T20:00:00Z,45.2,23.1,27.3,27.6,-4.2,4.2
1-2 дня,2026-08-07T22:45:57Z,2026-08-09T21:00:00Z,46.2,22.0,26.6,26.6,-4.6,4.6
1-2 дня,2026-08-07T22:45:57Z,2026-08-09T22:00:00Z,47.2,21.2,24.9,25.4,-3.7,3.7
1-2 дня,2026-08-07T23:19:23Z,2026-08-09T00:00:00Z,24.7,18.6,24.2,25.6,-5.6,5.6
1-2 дня,2026-08-07T23:19:23Z,2026-08-09T01:00:00Z,25.7,17.6,23.8,25.1,-6.2,6.2
1-2 дня,2026-08-07T23:19:23Z,2026-08-09T02:00:00Z,26.7,16.6,22.8,23.0,-6.2,6.2
1-2 дня,2026-08-07T23:19:23Z,2026-08-09T03:00:00Z,27.7,16.0,21.3,21.4,-5.3,5.3
1-2 дня,2026-08-07T23:19:23Z,2026-08-09T04:00:00Z,28.7,16.0,20.7,21.2,-4.7,4.7
1-2 дня,2026-08-07T23:19:23Z,2026-08-09T05:00:00Z,29.7,17.7,21.8,21.7,-4.1,4.1
1-2 дня,2026-08-07T23:19:23Z,2026-08-09T06:00:00Z,30.7,21.2,23.2,22.6,-2.0,2.0
1-2 дня,2026-08-07T23:19:23Z,2026-08-09T07:00:00Z,31.7,23.4,24.7,24.4,-1.3,1.3
1-2 дня,2026-08-07T23:19:23Z,2026-08-09T08:00:00Z,32.7,26.0,27.1,25.6,-1.1,1.1
1-2 дня,2026-08-07T23:19:23Z,2026-08-09T09:00:00Z,33.7,28.5,28.8,28.1,-0.3,0.3
1-2 дня,2026-08-07T23:19:23Z,2026-08-09T10:00:00Z,34.7,30.3,30.1,29.7,0.2,0.2
1-2 дня,2026-08-07T23:19:23Z,2026-08-09T11:00:00Z,35.7,31.3,30.8,30.9,0.5,0.5
1-2 дня,2026-08-07T23:19:23Z,2026-08-09T12:00:00Z,36.7,31.9,32.4,31.4,-0.5,0.5
1-2 дня,2026-08-07T23:19:23Z,2026-08-09T13:00:00Z,37.7,32.1,32.7,32.0,-0.6,0.6
1-2 дня,2026-08-07T23:19:23Z,2026-08-09T14:00:00Z,38.7,32.0,33.2,31.3,-1.2,1.2
1-2 дня,2026-08-07T23:19:23Z,2026-08-09T15:00:00Z,39.7,31.8,33.1,32.0,-1.3,1.3
1-2 дня,2026-08-07T23:19:23Z,2026-08-09T16:00:00Z,40.7,31.1,32.2,31.3,-1.1,1.1
1-2 дня,2026-08-07T23:19:23Z,2026-08-09T17:00:00Z,41.7,29.8,30.8,30.0,-1.0,1.0
1-2 дня,2026-08-07T23:19:23Z,2026-08-09T18:00:00Z,42.7,27.1,29.7,29.2,-2.6,2.6
1-2 дня,2026-08-07T23:19:23Z,2026-08-09T19:00:00Z,43.7,25.3,28.3,28.4,-3.0,3.0
1-2 дня,2026-08-07T23:19:23Z,2026-08-09T20:00:00Z,44.7,23.1,27.3,27.6,-4.2,4.2
1-2 дня,2026-08-07T23:19:23Z,2026-08-09T21:00:00Z,45.7,22.0,26.6,26.6,-4.6,4.6
1-2 дня,2026-08-07T23:19:23Z,2026-08-09T22:00:00Z,46.7,21.2,24.9,25.4,-3.7,3.7
1-2 дня,2026-08-07T23:19:23Z,2026-08-09T23:00:00Z,47.7,20.4,24.0,24.9,-3.6,3.6
1-2 дня,2026-08-08T04:50:53Z,2026-08-09T05:00:00Z,24.2,18.6,21.8,21.7,-3.2,3.2
1-2 дня,2026-08-08T04:50:53Z,2026-08-09T06:00:00Z,25.2,21.1,23.2,22.6,-2.1,2.1
1-2 дня,2026-08-08T04:50:53Z,2026-08-09T07:00:00Z,26.2,23.3,24.7,24.4,-1.4,1.4
1-2 дня,2026-08-08T04:50:53Z,2026-08-09T08:00:00Z,27.2,25.7,27.1,25.6,-1.4,1.4
1-2 дня,2026-08-08T04:50:53Z,2026-08-09T09:00:00Z,28.2,28.0,28.8,28.1,-0.8,0.8
1-2 дня,2026-08-08T04:50:53Z,2026-08-09T10:00:00Z,29.2,29.9,30.1,29.7,-0.2,0.2
1-2 дня,2026-08-08T04:50:53Z,2026-08-09T11:00:00Z,30.2,31.0,30.8,30.9,0.2,0.2
1-2 дня,2026-08-08T04:50:53Z,2026-08-09T12:00:00Z,31.2,31.5,32.4,31.4,-0.9,0.9
1-2 дня,2026-08-08T04:50:53Z,2026-08-09T13:00:00Z,32.2,31.7,32.7,32.0,-1.0,1.0
1-2 дня,2026-08-08T04:50:53Z,2026-08-09T14:00:00Z,33.2,31.7,33.2,31.3,-1.5,1.5
1-2 дня,2026-08-08T04:50:53Z,2026-08-09T15:00:00Z,34.2,31.4,33.1,32.0,-1.7,1.7
1-2 дня,2026-08-08T04:50:53Z,2026-08-09T16:00:00Z,35.2,30.7,32.2,31.3,-1.5,1.5
1-2 дня,2026-08-08T04:50:53Z,2026-08-09T17:00:00Z,36.2,29.4,30.8,30.0,-1.4,1.4
1-2 дня,2026-08-08T04:50:53Z,2026-08-09T18:00:00Z,37.2,26.1,29.7,29.2,-3.6,3.6
1-2 дня,2026-08-08T04:50:53Z,2026-08-09T19:00:00Z,38.2,23.8,28.3,28.4,-4.5,4.5
1-2 дня,2026-08-08T04:50:53Z,2026-08-09T20:00:00Z,39.2,22.0,27.3,27.6,-5.3,5.3
1-2 дня,2026-08-08T04:50:53Z,2026-08-09T21:00:00Z,40.2,21.0,26.6,26.6,-5.6,5.6
1-2 дня,2026-08-08T04:50:53Z,2026-08-09T22:00:00Z,41.2,20.3,24.9,25.4,-4.6,4.6
1-2 дня,2026-08-08T04:50:53Z,2026-08-09T23:00:00Z,42.2,19.9,24.0,24.9,-4.1,4.1
1-2 дня,2026-08-08T04:50:53Z,2026-08-10T00:00:00Z,43.2,19.5,23.3,24.2,-3.8,3.8
1-2 дня,2026-08-08T04:50:53Z,2026-08-10T01:00:00Z,44.2,19.0,22.9,23.8,-3.9,3.9
1-2 дня,2026-08-08T04:50:53Z,2026-08-10T02:00:00Z,45.2,18.3,23.1,22.8,-4.8,4.8
1-2 дня,2026-08-08T04:50:53Z,2026-08-10T03:00:00Z,46.2,17.4,22.6,21.3,-5.2,5.2
1-2 дня,2026-08-08T04:50:53Z,2026-08-10T04:00:00Z,47.2,16.9,21.3,20.7,-4.4,4.4
1-2 дня,2026-08-08T10:18:13Z,2026-08-09T11:00:00Z,24.7,30.9,30.8,30.9,0.1,0.1
1-2 дня,2026-08-08T10:18:13Z,2026-08-09T12:00:00Z,25.7,31.6,32.4,31.4,-0.8,0.8
1-2 дня,2026-08-08T10:18:13Z,2026-08-09T13:00:00Z,26.7,31.9,32.7,32.0,-0.8,0.8
1-2 дня,2026-08-08T10:18:13Z,2026-08-09T14:00:00Z,27.7,31.9,33.2,31.3,-1.3,1.3
1-2 дня,2026-08-08T10:18:13Z,2026-08-09T15:00:00Z,28.7,31.5,33.1,32.0,-1.6,1.6
1-2 дня,2026-08-08T10:18:13Z,2026-08-09T16:00:00Z,29.7,30.8,32.2,31.3,-1.4,1.4
1-2 дня,2026-08-08T10:18:13Z,2026-08-09T17:00:00Z,30.7,29.5,30.8,30.0,-1.3,1.3
1-2 дня,2026-08-08T10:18:13Z,2026-08-09T18:00:00Z,31.7,26.1,29.7,29.2,-3.6,3.6
1-2 дня,2026-08-08T10:18:13Z,2026-08-09T19:00:00Z,32.7,23.7,28.3,28.4,-4.6,4.6
1-2 дня,2026-08-08T10:18:13Z,2026-08-09T20:00:00Z,33.7,22.3,27.3,27.6,-5.0,5.0
1-2 дня,2026-08-08T10:18:13Z,2026-08-09T21:00:00Z,34.7,21.2,26.6,26.6,-5.4,5.4
1-2 дня,2026-08-08T10:18:13Z,2026-08-09T22:00:00Z,35.7,20.4,24.9,25.4,-4.5,4.5
1-2 дня,2026-08-08T10:18:13Z,2026-08-09T23:00:00Z,36.7,19.8,24.0,24.9,-4.2,4.2
1-2 дня,2026-08-08T10:18:13Z,2026-08-10T00:00:00Z,37.7,19.5,23.3,24.2,-3.8,3.8
1-2 дня,2026-08-08T10:18:13Z,2026-08-10T01:00:00Z,38.7,19.2,22.9,23.8,-3.7,3.7
1-2 дня,2026-08-08T10:18:13Z,2026-08-10T02:00:00Z,39.7,18.6,23.1,22.8,-4.5,4.5
1-2 дня,2026-08-08T10:18:13Z,2026-08-10T03:00:00Z,40.7,17.8,22.6,21.3,-4.8,4.8
1-2 дня,2026-08-08T10:18:13Z,2026-08-10T04:00:00Z,41.7,17.2,21.3,20.7,-4.1,4.1
1-2 дня,2026-08-08T10:18:13Z,2026-08-10T05:00:00Z,42.7,19.1,24.9,21.8,-5.8,5.8
1-2 дня,2026-08-08T10:18:13Z,2026-08-10T06:00:00Z,43.7,23.9,26.2,23.2,-2.3,2.3
1-2 дня,2026-08-08T10:18:13Z,2026-08-10T07:00:00Z,44.7,27.2,28.3,24.7,-1.1,1.1
1-2 дня,2026-08-08T10:18:13Z,2026-08-10T08:00:00Z,45.7,29.6,30.6,27.1,-1.0,1.0
1-2 дня,2026-08-08T10:18:13Z,2026-08-10T09:00:00Z,46.7,31.1,32.5,28.8,-1.4,1.4
1-2 дня,2026-08-08T10:18:13Z,2026-08-10T10:00:00Z,47.7,32.1,32.7,30.1,-0.6,0.6
1-2 дня,2026-08-08T22:37:20Z,2026-08-09T23:00:00Z,24.4,20.8,24.0,24.9,-3.2,3.2
1-2 дня,2026-08-08T22:37:20Z,2026-08-10T00:00:00Z,25.4,20.0,23.3,24.2,-3.3,3.3
1-2 дня,2026-08-08T22:37:20Z,2026-08-10T01:00:00Z,26.4,19.5,22.9,23.8,-3.4,3.4
1-2 дня,2026-08-08T22:37:20Z,2026-08-10T02:00:00Z,27.4,19.1,23.1,22.8,-4.0,4.0
1-2 дня,2026-08-08T22:37:20Z,2026-08-10T03:00:00Z,28.4,18.7,22.6,21.3,-3.9,3.9
1-2 дня,2026-08-08T22:37:20Z,2026-08-10T04:00:00Z,29.4,18.3,21.3,20.7,-3.0,3.0
1-2 дня,2026-08-08T22:37:20Z,2026-08-10T05:00:00Z,30.4,20.2,24.9,21.8,-4.7,4.7
1-2 дня,2026-08-08T22:37:20Z,2026-08-10T06:00:00Z,31.4,24.1,26.2,23.2,-2.1,2.1
1-2 дня,2026-08-08T22:37:20Z,2026-08-10T07:00:00Z,32.4,27.4,28.3,24.7,-0.9,0.9
1-2 дня,2026-08-08T22:37:20Z,2026-08-10T08:00:00Z,33.4,29.9,30.6,27.1,-0.7,0.7
1-2 дня,2026-08-08T22:37:20Z,2026-08-10T09:00:00Z,34.4,31.5,32.5,28.8,-1.0,1.0
1-2 дня,2026-08-08T22:37:20Z,2026-08-10T10:00:00Z,35.4,32.5,32.7,30.1,-0.2,0.2
1-2 дня,2026-08-08T22:37:20Z,2026-08-10T11:00:00Z,36.4,33.3,33.2,30.8,0.1,0.1
1-2 дня,2026-08-08T22:37:20Z,2026-08-10T12:00:00Z,37.4,33.9,34.1,32.4,-0.2,0.2
1-2 дня,2026-08-08T22:37:20Z,2026-08-10T13:00:00Z,38.4,34.2,34.1,32.7,0.1,0.1
1-2 дня,2026-08-08T22:37:20Z,2026-08-10T14:00:00Z,39.4,34.2,34.6,33.2,-0.4,0.4
1-2 дня,2026-08-08T22:37:20Z,2026-08-10T15:00:00Z,40.4,34.0,34.7,33.1,-0.7,0.7
1-2 дня,2026-08-08T22:37:20Z,2026-08-10T16:00:00Z,41.4,33.3,34.0,32.2,-0.7,0.7
1-2 дня,2026-08-08T22:37:20Z,2026-08-10T17:00:00Z,42.4,31.7,32.8,30.8,-1.1,1.1
1-2 дня,2026-08-08T22:37:20Z,2026-08-10T18:00:00Z,43.4,28.6,31.8,29.7,-3.2,3.2
1-2 дня,2026-08-08T22:37:20Z,2026-08-10T19:00:00Z,44.4,26.5,29.7,28.3,-3.2,3.2
1-2 дня,2026-08-08T22:37:20Z,2026-08-10T20:00:00Z,45.4,23.9,29.3,27.3,-5.4,5.4
1-2 дня,2026-08-08T22:37:20Z,2026-08-10T21:00:00Z,46.4,22.8,27.1,26.6,-4.3,4.3
1-2 дня,2026-08-08T22:37:20Z,2026-08-10T22:00:00Z,47.4,22.2,26.6,24.9,-4.4,4.4
1-2 дня,2026-08-09T04:59:03Z,2026-08-10T05:00:00Z,24.0,19.8,24.9,21.8,-5.1,5.1
1-2 дня,2026-08-09T04:59:03Z,2026-08-10T06:00:00Z,25.0,23.6,26.2,23.2,-2.6,2.6
1-2 дня,2026-08-09T04:59:03Z,2026-08-10T07:00:00Z,26.0,26.9,28.3,24.7,-1.4,1.4
1-2 дня,2026-08-09T04:59:03Z,2026-08-10T08:00:00Z,27.0,29.3,30.6,27.1,-1.3,1.3
1-2 дня,2026-08-09T04:59:03Z,2026-08-10T09:00:00Z,28.0,31.1,32.5,28.8,-1.4,1.4
1-2 дня,2026-08-09T04:59:03Z,2026-08-10T10:00:00Z,29.0,32.2,32.7,30.1,-0.5,0.5
1-2 дня,2026-08-09T04:59:03Z,2026-08-10T11:00:00Z,30.0,33.0,33.2,30.8,-0.2,0.2
1-2 дня,2026-08-09T04:59:03Z,2026-08-10T12:00:00Z,31.0,33.6,34.1,32.4,-0.5,0.5
1-2 дня,2026-08-09T04:59:03Z,2026-08-10T13:00:00Z,32.0,34.0,34.1,32.7,-0.1,0.1
1-2 дня,2026-08-09T04:59:03Z,2026-08-10T14:00:00Z,33.0,34.0,34.6,33.2,-0.6,0.6
1-2 дня,2026-08-09T04:59:03Z,2026-08-10T15:00:00Z,34.0,33.7,34.7,33.1,-1.0,1.0
1-2 дня,2026-08-09T04:59:03Z,2026-08-10T16:00:00Z,35.0,33.1,34.0,32.2,-0.9,0.9
1-2 дня,2026-08-09T04:59:03Z,2026-08-10T17:00:00Z,36.0,31.4,32.8,30.8,-1.4,1.4
1-2 дня,2026-08-09T04:59:03Z,2026-08-10T18:00:00Z,37.0,28.2,31.8,29.7,-3.6,3.6
1-2 дня,2026-08-09T04:59:03Z,2026-08-10T19:00:00Z,38.0,24.4,29.7,28.3,-5.3,5.3
1-2 дня,2026-08-09T04:59:03Z,2026-08-10T20:00:00Z,39.0,23.3,29.3,27.3,-6.0,6.0
1-2 дня,2026-08-09T04:59:03Z,2026-08-10T21:00:00Z,40.0,22.7,27.1,26.6,-4.4,4.4
1-2 дня,2026-08-09T04:59:03Z,2026-08-10T22:00:00Z,41.0,22.3,26.6,24.9,-4.3,4.3
1-2 дня,2026-08-09T04:59:03Z,2026-08-10T23:00:00Z,42.0,22.1,26.2,24.0,-4.1,4.1
1-2 дня,2026-08-09T04:59:03Z,2026-08-11T00:00:00Z,43.0,21.8,25.5,23.3,-3.7,3.7
1-2 дня,2026-08-09T04:59:03Z,2026-08-11T01:00:00Z,44.0,21.2,23.9,22.9,-2.7,2.7
1-2 дня,2026-08-09T04:59:03Z,2026-08-11T02:00:00Z,45.0,20.7,23.2,23.1,-2.5,2.5
1-2 дня,2026-08-09T04:59:03Z,2026-08-11T03:00:00Z,46.0,20.2,22.4,22.6,-2.2,2.2
1-2 дня,2026-08-09T04:59:03Z,2026-08-11T04:00:00Z,47.0,19.9,22.2,21.3,-2.3,2.3
1-2 дня,2026-08-09T10:19:29Z,2026-08-10T11:00:00Z,24.7,33.2,33.2,30.8,0.0,0.0
1-2 дня,2026-08-09T10:19:29Z,2026-08-10T12:00:00Z,25.7,33.8,34.1,32.4,-0.3,0.3
1-2 дня,2026-08-09T10:19:29Z,2026-08-10T13:00:00Z,26.7,34.1,34.1,32.7,0.0,0.0
1-2 дня,2026-08-09T10:19:29Z,2026-08-10T14:00:00Z,27.7,34.2,34.6,33.2,-0.4,0.4
1-2 дня,2026-08-09T10:19:29Z,2026-08-10T15:00:00Z,28.7,33.9,34.7,33.1,-0.8,0.8
1-2 дня,2026-08-09T10:19:29Z,2026-08-10T16:00:00Z,29.7,33.3,34.0,32.2,-0.7,0.7
1-2 дня,2026-08-09T10:19:29Z,2026-08-10T17:00:00Z,30.7,31.6,32.8,30.8,-1.2,1.2
1-2 дня,2026-08-09T10:19:29Z,2026-08-10T18:00:00Z,31.7,28.4,31.8,29.7,-3.4,3.4
1-2 дня,2026-08-09T10:19:29Z,2026-08-10T19:00:00Z,32.7,25.0,29.7,28.3,-4.7,4.7
1-2 дня,2026-08-09T10:19:29Z,2026-08-10T20:00:00Z,33.7,23.6,29.3,27.3,-5.7,5.7
1-2 дня,2026-08-09T10:19:29Z,2026-08-10T21:00:00Z,34.7,23.2,27.1,26.6,-3.9,3.9
1-2 дня,2026-08-09T10:19:29Z,2026-08-10T22:00:00Z,35.7,22.8,26.6,24.9,-3.8,3.8
1-2 дня,2026-08-09T10:19:29Z,2026-08-10T23:00:00Z,36.7,22.5,26.2,24.0,-3.7,3.7
1-2 дня,2026-08-09T10:19:29Z,2026-08-11T00:00:00Z,37.7,22.3,25.5,23.3,-3.2,3.2
1-2 дня,2026-08-09T10:19:29Z,2026-08-11T01:00:00Z,38.7,21.7,23.9,22.9,-2.2,2.2
1-2 дня,2026-08-09T10:19:29Z,2026-08-11T02:00:00Z,39.7,21.2,23.2,23.1,-2.0,2.0
1-2 дня,2026-08-09T10:19:29Z,2026-08-11T03:00:00Z,40.7,20.8,22.4,22.6,-1.6,1.6
1-2 дня,2026-08-09T10:19:29Z,2026-08-11T04:00:00Z,41.7,20.5,22.2,21.3,-1.7,1.7
1-2 дня,2026-08-09T10:19:29Z,2026-08-11T05:00:00Z,42.7,21.7,24.5,24.9,-2.8,2.8
1-2 дня,2026-08-09T10:19:29Z,2026-08-11T06:00:00Z,43.7,25.5,26.8,26.2,-1.3,1.3
1-2 дня,2026-08-09T10:19:29Z,2026-08-11T07:00:00Z,44.7,28.6,29.0,28.3,-0.4,0.4
1-2 дня,2026-08-09T10:19:29Z,2026-08-11T08:00:00Z,45.7,31.7,30.6,30.6,1.1,1.1
1-2 дня,2026-08-09T10:19:29Z,2026-08-11T09:00:00Z,46.7,33.8,32.0,32.5,1.8,1.8
1-2 дня,2026-08-09T10:19:29Z,2026-08-11T10:00:00Z,47.7,35.2,34.7,32.7,0.5,0.5
1-2 дня,2026-08-09T12:41:38Z,2026-08-10T13:00:00Z,24.3,34.4,34.1,32.7,0.3,0.3
1-2 дня,2026-08-09T12:41:38Z,2026-08-10T14:00:00Z,25.3,34.5,34.6,33.2,-0.1,0.1
1-2 дня,2026-08-09T12:41:38Z,2026-08-10T15:00:00Z,26.3,34.2,34.7,33.1,-0.5,0.5
1-2 дня,2026-08-09T12:41:38Z,2026-08-10T16:00:00Z,27.3,33.3,34.0,32.2,-0.7,0.7
1-2 дня,2026-08-09T12:41:38Z,2026-08-10T17:00:00Z,28.3,31.6,32.8,30.8,-1.2,1.2
1-2 дня,2026-08-09T12:41:38Z,2026-08-10T18:00:00Z,29.3,28.4,31.8,29.7,-3.4,3.4
1-2 дня,2026-08-09T12:41:38Z,2026-08-10T19:00:00Z,30.3,25.0,29.7,28.3,-4.7,4.7
1-2 дня,2026-08-09T12:41:38Z,2026-08-10T20:00:00Z,31.3,23.6,29.3,27.3,-5.7,5.7
1-2 дня,2026-08-09T12:41:38Z,2026-08-10T21:00:00Z,32.3,23.2,27.1,26.6,-3.9,3.9
1-2 дня,2026-08-09T12:41:38Z,2026-08-10T22:00:00Z,33.3,22.8,26.6,24.9,-3.8,3.8
1-2 дня,2026-08-09T12:41:38Z,2026-08-10T23:00:00Z,34.3,22.5,26.2,24.0,-3.7,3.7
1-2 дня,2026-08-09T12:41:38Z,2026-08-11T00:00:00Z,35.3,22.3,25.5,23.3,-3.2,3.2
1-2 дня,2026-08-09T12:41:38Z,2026-08-11T01:00:00Z,36.3,21.7,23.9,22.9,-2.2,2.2
1-2 дня,2026-08-09T12:41:38Z,2026-08-11T02:00:00Z,37.3,21.2,23.2,23.1,-2.0,2.0
1-2 дня,2026-08-09T12:41:38Z,2026-08-11T03:00:00Z,38.3,20.8,22.4,22.6,-1.6,1.6
1-2 дня,2026-08-09T12:41:38Z,2026-08-11T04:00:00Z,39.3,20.5,22.2,21.3,-1.7,1.7
1-2 дня,2026-08-09T12:41:38Z,2026-08-11T05:00:00Z,40.3,21.7,24.5,24.9,-2.8,2.8
1-2 дня,2026-08-09T12:41:38Z,2026-08-11T06:00:00Z,41.3,25.5,26.8,26.2,-1.3,1.3
1-2 дня,2026-08-09T12:41:38Z,2026-08-11T07:00:00Z,42.3,28.6,29.0,28.3,-0.4,0.4
1-2 дня,2026-08-09T12:41:38Z,2026-08-11T08:00:00Z,43.3,31.7,30.6,30.6,1.1,1.1
1-2 дня,2026-08-09T12:41:38Z,2026-08-11T09:00:00Z,44.3,33.8,32.0,32.5,1.8,1.8
1-2 дня,2026-08-09T12:41:38Z,2026-08-11T10:00:00Z,45.3,35.2,34.7,32.7,0.5,0.5
1-2 дня,2026-08-09T12:41:38Z,2026-08-11T11:00:00Z,46.3,36.3,35.7,33.2,0.6,0.6
1-2 дня,2026-08-09T12:41:38Z,2026-08-11T12:00:00Z,47.3,37.0,36.7,34.1,0.3,0.3
1-2 дня,2026-08-09T12:45:53Z,2026-08-10T13:00:00Z,24.2,34.4,34.1,32.7,0.3,0.3
1-2 дня,2026-08-09T12:45:53Z,2026-08-10T14:00:00Z,25.2,34.5,34.6,33.2,-0.1,0.1
1-2 дня,2026-08-09T12:45:53Z,2026-08-10T15:00:00Z,26.2,34.2,34.7,33.1,-0.5,0.5
1-2 дня,2026-08-09T12:45:53Z,2026-08-10T16:00:00Z,27.2,33.3,34.0,32.2,-0.7,0.7
1-2 дня,2026-08-09T12:45:53Z,2026-08-10T17:00:00Z,28.2,31.6,32.8,30.8,-1.2,1.2
1-2 дня,2026-08-09T12:45:53Z,2026-08-10T18:00:00Z,29.2,28.4,31.8,29.7,-3.4,3.4
1-2 дня,2026-08-09T12:45:53Z,2026-08-10T19:00:00Z,30.2,25.0,29.7,28.3,-4.7,4.7
1-2 дня,2026-08-09T12:45:53Z,2026-08-10T20:00:00Z,31.2,23.6,29.3,27.3,-5.7,5.7
1-2 дня,2026-08-09T12:45:53Z,2026-08-10T21:00:00Z,32.2,23.2,27.1,26.6,-3.9,3.9
1-2 дня,2026-08-09T12:45:53Z,2026-08-10T22:00:00Z,33.2,22.8,26.6,24.9,-3.8,3.8
1-2 дня,2026-08-09T12:45:53Z,2026-08-10T23:00:00Z,34.2,22.5,26.2,24.0,-3.7,3.7
1-2 дня,2026-08-09T12:45:53Z,2026-08-11T00:00:00Z,35.2,22.3,25.5,23.3,-3.2,3.2
1-2 дня,2026-08-09T12:45:53Z,2026-08-11T01:00:00Z,36.2,21.7,23.9,22.9,-2.2,2.2
1-2 дня,2026-08-09T12:45:53Z,2026-08-11T02:00:00Z,37.2,21.2,23.2,23.1,-2.0,2.0
1-2 дня,2026-08-09T12:45:53Z,2026-08-11T03:00:00Z,38.2,20.8,22.4,22.6,-1.6,1.6
1-2 дня,2026-08-09T12:45:53Z,2026-08-11T04:00:00Z,39.2,20.5,22.2,21.3,-1.7,1.7
1-2 дня,2026-08-09T12:45:53Z,2026-08-11T05:00:00Z,40.2,21.7,24.5,24.9,-2.8,2.8
1-2 дня,2026-08-09T12:45:53Z,2026-08-11T06:00:00Z,41.2,25.5,26.8,26.2,-1.3,1.3
1-2 дня,2026-08-09T12:45:53Z,2026-08-11T07:00:00Z,42.2,28.6,29.0,28.3,-0.4,0.4
1-2 дня,2026-08-09T12:45:53Z,2026-08-11T08:00:00Z,43.2,31.7,30.6,30.6,1.1,1.1
1-2 дня,2026-08-09T12:45:53Z,2026-08-11T09:00:00Z,44.2,33.8,32.0,32.5,1.8,1.8
1-2 дня,2026-08-09T12:45:53Z,2026-08-11T10:00:00Z,45.2,35.2,34.7,32.7,0.5,0.5
1-2 дня,2026-08-09T12:45:53Z,2026-08-11T11:00:00Z,46.2,36.3,35.7,33.2,0.6,0.6
1-2 дня,2026-08-09T12:45:53Z,2026-08-11T12:00:00Z,47.2,37.0,36.7,34.1,0.3,0.3
1-2 дня,2026-08-09T12:48:15Z,2026-08-10T13:00:00Z,24.2,34.4,34.1,32.7,0.3,0.3
1-2 дня,2026-08-09T12:48:15Z,2026-08-10T14:00:00Z,25.2,34.5,34.6,33.2,-0.1,0.1
1-2 дня,2026-08-09T12:48:15Z,2026-08-10T15:00:00Z,26.2,34.2,34.7,33.1,-0.5,0.5
1-2 дня,2026-08-09T12:48:15Z,2026-08-10T16:00:00Z,27.2,33.3,34.0,32.2,-0.7,0.7
1-2 дня,2026-08-09T12:48:15Z,2026-08-10T17:00:00Z,28.2,31.6,32.8,30.8,-1.2,1.2
1-2 дня,2026-08-09T12:48:15Z,2026-08-10T18:00:00Z,29.2,28.4,31.8,29.7,-3.4,3.4
1-2 дня,2026-08-09T12:48:15Z,2026-08-10T19:00:00Z,30.2,25.0,29.7,28.3,-4.7,4.7
1-2 дня,2026-08-09T12:48:15Z,2026-08-10T20:00:00Z,31.2,23.6,29.3,27.3,-5.7,5.7
1-2 дня,2026-08-09T12:48:15Z,2026-08-10T21:00:00Z,32.2,23.2,27.1,26.6,-3.9,3.9
1-2 дня,2026-08-09T12:48:15Z,2026-08-10T22:00:00Z,33.2,22.8,26.6,24.9,-3.8,3.8
1-2 дня,2026-08-09T12:48:15Z,2026-08-10T23:00:00Z,34.2,22.5,26.2,24.0,-3.7,3.7
1-2 дня,2026-08-09T12:48:15Z,2026-08-11T00:00:00Z,35.2,22.3,25.5,23.3,-3.2,3.2
1-2 дня,2026-08-09T12:48:15Z,2026-08-11T01:00:00Z,36.2,21.7,23.9,22.9,-2.2,2.2
1-2 дня,2026-08-09T12:48:15Z,2026-08-11T02:00:00Z,37.2,21.2,23.2,23.1,-2.0,2.0
1-2 дня,2026-08-09T12:48:15Z,2026-08-11T03:00:00Z,38.2,20.8,22.4,22.6,-1.6,1.6
1-2 дня,2026-08-09T12:48:15Z,2026-08-11T04:00:00Z,39.2,20.5,22.2,21.3,-1.7,1.7
1-2 дня,2026-08-09T12:48:15Z,2026-08-11T05:00:00Z,40.2,21.7,24.5,24.9,-2.8,2.8
1-2 дня,2026-08-09T12:48:15Z,2026-08-11T06:00:00Z,41.2,25.5,26.8,26.2,-1.3,1.3
1-2 дня,2026-08-09T12:48:15Z,2026-08-11T07:00:00Z,42.2,28.6,29.0,28.3,-0.4,0.4
1-2 дня,2026-08-09T12:48:15Z,2026-08-11T08:00:00Z,43.2,31.7,30.6,30.6,1.1,1.1
1-2 дня,2026-08-09T12:48:15Z,2026-08-11T09:00:00Z,44.2,33.8,32.0,32.5,1.8,1.8
1-2 дня,2026-08-09T12:48:15Z,2026-08-11T10:00:00Z,45.2,35.2,34.7,32.7,0.5,0.5
1-2 дня,2026-08-09T12:48:15Z,2026-08-11T11:00:00Z,46.2,36.3,35.7,33.2,0.6,0.6
1-2 дня,2026-08-09T12:48:15Z,2026-08-11T12:00:00Z,47.2,37.0,36.7,34.1,0.3,0.3
1-2 дня,2026-08-09T16:31:44Z,2026-08-10T17:00:00Z,24.5,31.6,32.8,30.8,-1.2,1.2
1-2 дня,2026-08-09T16:31:44Z,2026-08-10T18:00:00Z,25.5,28.8,31.8,29.7,-3.0,3.0
1-2 дня,2026-08-09T16:31:44Z,2026-08-10T19:00:00Z,26.5,26.0,29.7,28.3,-3.7,3.7
1-2 дня,2026-08-09T16:31:44Z,2026-08-10T20:00:00Z,27.5,24.0,29.3,27.3,-5.3,5.3
1-2 дня,2026-08-09T16:31:44Z,2026-08-10T21:00:00Z,28.5,23.1,27.1,26.6,-4.0,4.0
1-2 дня,2026-08-09T16:31:44Z,2026-08-10T22:00:00Z,29.5,22.7,26.6,24.9,-3.9,3.9
1-2 дня,2026-08-09T16:31:44Z,2026-08-10T23:00:00Z,30.5,22.8,26.2,24.0,-3.4,3.4
1-2 дня,2026-08-09T16:31:44Z,2026-08-11T00:00:00Z,31.5,22.7,25.5,23.3,-2.8,2.8
1-2 дня,2026-08-09T16:31:44Z,2026-08-11T01:00:00Z,32.5,22.3,23.9,22.9,-1.6,1.6
1-2 дня,2026-08-09T16:31:44Z,2026-08-11T02:00:00Z,33.5,21.8,23.2,23.1,-1.4,1.4
1-2 дня,2026-08-09T16:31:44Z,2026-08-11T03:00:00Z,34.5,21.3,22.4,22.6,-1.1,1.1
1-2 дня,2026-08-09T16:31:44Z,2026-08-11T04:00:00Z,35.5,21.1,22.2,21.3,-1.1,1.1
1-2 дня,2026-08-09T16:31:44Z,2026-08-11T05:00:00Z,36.5,22.7,24.5,24.9,-1.8,1.8
1-2 дня,2026-08-09T16:31:44Z,2026-08-11T06:00:00Z,37.5,26.1,26.8,26.2,-0.7,0.7
1-2 дня,2026-08-09T16:31:44Z,2026-08-11T07:00:00Z,38.5,29.5,29.0,28.3,0.5,0.5
1-2 дня,2026-08-09T16:31:44Z,2026-08-11T08:00:00Z,39.5,32.1,30.6,30.6,1.5,1.5
1-2 дня,2026-08-09T16:31:44Z,2026-08-11T09:00:00Z,40.5,34.3,32.0,32.5,2.3,2.3
1-2 дня,2026-08-09T16:31:44Z,2026-08-11T10:00:00Z,41.5,35.7,34.7,32.7,1.0,1.0
1-2 дня,2026-08-09T16:31:44Z,2026-08-11T11:00:00Z,42.5,36.8,35.7,33.2,1.1,1.1
1-2 дня,2026-08-09T16:31:44Z,2026-08-11T12:00:00Z,43.5,37.2,36.7,34.1,0.5,0.5
1-2 дня,2026-08-09T16:31:44Z,2026-08-11T13:00:00Z,44.5,37.0,37.1,34.1,-0.1,0.1
1-2 дня,2026-08-09T16:31:44Z,2026-08-11T14:00:00Z,45.5,36.7,37.7,34.6,-1.0,1.0
1-2 дня,2026-08-09T16:31:44Z,2026-08-11T15:00:00Z,46.5,36.0,37.3,34.7,-1.3,1.3
1-2 дня,2026-08-09T16:31:44Z,2026-08-11T16:00:00Z,47.5,35.5,36.2,34.0,-0.7,0.7
1-2 дня,2026-08-09T22:39:09Z,2026-08-10T23:00:00Z,24.3,22.3,26.2,24.0,-3.9,3.9
1-2 дня,2026-08-09T22:39:09Z,2026-08-11T00:00:00Z,25.3,22.2,25.5,23.3,-3.3,3.3
1-2 дня,2026-08-09T22:39:09Z,2026-08-11T01:00:00Z,26.3,21.8,23.9,22.9,-2.1,2.1
1-2 дня,2026-08-09T22:39:09Z,2026-08-11T02:00:00Z,27.3,21.4,23.2,23.1,-1.8,1.8
1-2 дня,2026-08-09T22:39:09Z,2026-08-11T03:00:00Z,28.3,21.2,22.4,22.6,-1.2,1.2
1-2 дня,2026-08-09T22:39:09Z,2026-08-11T04:00:00Z,29.3,21.0,22.2,21.3,-1.2,1.2
1-2 дня,2026-08-09T22:39:09Z,2026-08-11T05:00:00Z,30.3,22.8,24.5,24.9,-1.7,1.7
1-2 дня,2026-08-09T22:39:09Z,2026-08-11T06:00:00Z,31.3,26.1,26.8,26.2,-0.7,0.7
1-2 дня,2026-08-09T22:39:09Z,2026-08-11T07:00:00Z,32.3,29.6,29.0,28.3,0.6,0.6
1-2 дня,2026-08-09T22:39:09Z,2026-08-11T08:00:00Z,33.3,32.4,30.6,30.6,1.8,1.8
1-2 дня,2026-08-09T22:39:09Z,2026-08-11T09:00:00Z,34.3,34.5,32.0,32.5,2.5,2.5
1-2 дня,2026-08-09T22:39:09Z,2026-08-11T10:00:00Z,35.3,35.8,34.7,32.7,1.1,1.1
1-2 дня,2026-08-09T22:39:09Z,2026-08-11T11:00:00Z,36.3,36.8,35.7,33.2,1.1,1.1
1-2 дня,2026-08-09T22:39:09Z,2026-08-11T12:00:00Z,37.3,37.4,36.7,34.1,0.7,0.7
1-2 дня,2026-08-09T22:39:09Z,2026-08-11T13:00:00Z,38.3,37.7,37.1,34.1,0.6,0.6
1-2 дня,2026-08-09T22:39:09Z,2026-08-11T14:00:00Z,39.3,37.7,37.7,34.6,0.0,0.0
1-2 дня,2026-08-09T22:39:09Z,2026-08-11T15:00:00Z,40.3,37.3,37.3,34.7,0.0,0.0
1-2 дня,2026-08-09T22:39:09Z,2026-08-11T16:00:00Z,41.3,36.4,36.2,34.0,0.2,0.2
1-2 дня,2026-08-09T22:39:09Z,2026-08-11T17:00:00Z,42.3,35.0,34.9,32.8,0.1,0.1
1-2 дня,2026-08-09T22:39:09Z,2026-08-11T18:00:00Z,43.3,31.5,33.0,31.8,-1.5,1.5
1-2 дня,2026-08-09T22:39:09Z,2026-08-11T19:00:00Z,44.3,28.6,31.2,29.7,-2.6,2.6
1-2 дня,2026-08-09T22:39:09Z,2026-08-11T20:00:00Z,45.3,27.7,29.6,29.3,-1.9,1.9
1-2 дня,2026-08-09T22:39:09Z,2026-08-11T21:00:00Z,46.3,26.3,28.3,27.1,-2.0,2.0
1-2 дня,2026-08-09T22:39:09Z,2026-08-11T22:00:00Z,47.3,25.3,29.1,26.6,-3.8,3.8
1-2 дня,2026-08-10T05:20:42Z,2026-08-11T06:00:00Z,24.7,26.0,26.8,26.2,-0.8,0.8
1-2 дня,2026-08-10T05:20:42Z,2026-08-11T07:00:00Z,25.7,29.8,29.0,28.3,0.8,0.8
1-2 дня,2026-08-10T05:20:42Z,2026-08-11T08:00:00Z,26.7,32.6,30.6,30.6,2.0,2.0
1-2 дня,2026-08-10T05:20:42Z,2026-08-11T09:00:00Z,27.7,34.5,32.0,32.5,2.5,2.5
1-2 дня,2026-08-10T05:20:42Z,2026-08-11T10:00:00Z,28.7,35.9,34.7,32.7,1.2,1.2
1-2 дня,2026-08-10T05:20:42Z,2026-08-11T11:00:00Z,29.7,36.8,35.7,33.2,1.1,1.1
1-2 дня,2026-08-10T05:20:42Z,2026-08-11T12:00:00Z,30.7,37.3,36.7,34.1,0.6,0.6
1-2 дня,2026-08-10T05:20:42Z,2026-08-11T13:00:00Z,31.7,37.7,37.1,34.1,0.6,0.6
1-2 дня,2026-08-10T05:20:42Z,2026-08-11T14:00:00Z,32.7,37.5,37.7,34.6,-0.2,0.2
1-2 дня,2026-08-10T05:20:42Z,2026-08-11T15:00:00Z,33.7,36.8,37.3,34.7,-0.5,0.5
1-2 дня,2026-08-10T05:20:42Z,2026-08-11T16:00:00Z,34.7,36.1,36.2,34.0,-0.1,0.1
1-2 дня,2026-08-10T05:20:42Z,2026-08-11T17:00:00Z,35.7,34.5,34.9,32.8,-0.4,0.4
1-2 дня,2026-08-10T05:20:42Z,2026-08-11T18:00:00Z,36.7,30.7,33.0,31.8,-2.3,2.3
1-2 дня,2026-08-10T05:20:42Z,2026-08-11T19:00:00Z,37.7,28.2,31.2,29.7,-3.0,3.0
1-2 дня,2026-08-10T05:20:42Z,2026-08-11T20:00:00Z,38.7,27.8,29.6,29.3,-1.8,1.8
1-2 дня,2026-08-10T05:20:42Z,2026-08-11T21:00:00Z,39.7,26.4,28.3,27.1,-1.9,1.9
1-2 дня,2026-08-10T05:20:42Z,2026-08-11T22:00:00Z,40.7,25.0,29.1,26.6,-4.1,4.1
1-2 дня,2026-08-10T05:20:42Z,2026-08-11T23:00:00Z,41.7,23.7,29.2,26.2,-5.5,5.5
1-2 дня,2026-08-10T05:20:42Z,2026-08-12T00:00:00Z,42.7,22.3,27.7,25.5,-5.4,5.4
1-2 дня,2026-08-10T05:20:42Z,2026-08-12T01:00:00Z,43.7,21.4,26.2,23.9,-4.8,4.8
1-2 дня,2026-08-10T05:20:42Z,2026-08-12T02:00:00Z,44.7,20.6,25.1,23.2,-4.5,4.5
1-2 дня,2026-08-10T05:20:42Z,2026-08-12T03:00:00Z,45.7,19.9,24.0,22.4,-4.1,4.1
1-2 дня,2026-08-10T05:20:42Z,2026-08-12T04:00:00Z,46.7,19.0,23.2,22.2,-4.2,4.2
1-2 дня,2026-08-10T05:20:42Z,2026-08-12T05:00:00Z,47.7,19.7,23.3,24.5,-3.6,3.6
1-2 дня,2026-08-10T10:53:28Z,2026-08-11T11:00:00Z,24.1,36.8,35.7,33.2,1.1,1.1
1-2 дня,2026-08-10T10:53:28Z,2026-08-11T12:00:00Z,25.1,37.4,36.7,34.1,0.7,0.7
1-2 дня,2026-08-10T10:53:28Z,2026-08-11T13:00:00Z,26.1,37.6,37.1,34.1,0.5,0.5
1-2 дня,2026-08-10T10:53:28Z,2026-08-11T14:00:00Z,27.1,37.8,37.7,34.6,0.1,0.1
1-2 дня,2026-08-10T10:53:28Z,2026-08-11T15:00:00Z,28.1,36.5,37.3,34.7,-0.8,0.8
1-2 дня,2026-08-10T10:53:28Z,2026-08-11T16:00:00Z,29.1,35.7,36.2,34.0,-0.5,0.5
1-2 дня,2026-08-10T10:53:28Z,2026-08-11T17:00:00Z,30.1,34.4,34.9,32.8,-0.5,0.5
1-2 дня,2026-08-10T10:53:28Z,2026-08-11T18:00:00Z,31.1,30.9,33.0,31.8,-2.1,2.1
1-2 дня,2026-08-10T10:53:28Z,2026-08-11T19:00:00Z,32.1,27.9,31.2,29.7,-3.3,3.3
1-2 дня,2026-08-10T10:53:28Z,2026-08-11T20:00:00Z,33.1,28.0,29.6,29.3,-1.6,1.6
1-2 дня,2026-08-10T10:53:28Z,2026-08-11T21:00:00Z,34.1,27.4,28.3,27.1,-0.9,0.9
1-2 дня,2026-08-10T10:53:28Z,2026-08-11T22:00:00Z,35.1,26.2,29.1,26.6,-2.9,2.9
1-2 дня,2026-08-10T10:53:28Z,2026-08-11T23:00:00Z,36.1,24.8,29.2,26.2,-4.4,4.4
1-2 дня,2026-08-10T10:53:28Z,2026-08-12T00:00:00Z,37.1,23.0,27.7,25.5,-4.7,4.7
1-2 дня,2026-08-10T10:53:28Z,2026-08-12T01:00:00Z,38.1,21.8,26.2,23.9,-4.4,4.4
1-2 дня,2026-08-10T10:53:28Z,2026-08-12T02:00:00Z,39.1,20.6,25.1,23.2,-4.5,4.5
1-2 дня,2026-08-10T10:53:28Z,2026-08-12T03:00:00Z,40.1,19.4,24.0,22.4,-4.6,4.6
1-2 дня,2026-08-10T10:53:28Z,2026-08-12T04:00:00Z,41.1,18.6,23.2,22.2,-4.6,4.6
1-2 дня,2026-08-10T10:53:28Z,2026-08-12T05:00:00Z,42.1,19.7,23.3,24.5,-3.6,3.6
1-2 дня,2026-08-10T10:53:28Z,2026-08-12T06:00:00Z,43.1,21.8,23.6,26.8,-1.8,1.8
1-2 дня,2026-08-10T10:53:28Z,2026-08-12T07:00:00Z,44.1,23.6,24.2,29.0,-0.6,0.6
1-2 дня,2026-08-10T10:53:28Z,2026-08-12T08:00:00Z,45.1,25.9,24.7,30.6,1.2,1.2
1-2 дня,2026-08-10T10:53:28Z,2026-08-12T09:00:00Z,46.1,28.0,27.9,32.0,0.1,0.1
1-2 дня,2026-08-10T10:53:28Z,2026-08-12T10:00:00Z,47.1,29.5,29.8,34.7,-0.3,0.3
1-2 дня,2026-08-10T16:52:05Z,2026-08-11T17:00:00Z,24.1,34.5,34.9,32.8,-0.4,0.4
1-2 дня,2026-08-10T16:52:05Z,2026-08-11T18:00:00Z,25.1,30.6,33.0,31.8,-2.4,2.4
1-2 дня,2026-08-10T16:52:05Z,2026-08-11T19:00:00Z,26.1,29.0,31.2,29.7,-2.2,2.2
1-2 дня,2026-08-10T16:52:05Z,2026-08-11T20:00:00Z,27.1,27.7,29.6,29.3,-1.9,1.9
1-2 дня,2026-08-10T16:52:05Z,2026-08-11T21:00:00Z,28.1,26.8,28.3,27.1,-1.5,1.5
1-2 дня,2026-08-10T16:52:05Z,2026-08-11T22:00:00Z,29.1,26.4,29.1,26.6,-2.7,2.7
1-2 дня,2026-08-10T16:52:05Z,2026-08-11T23:00:00Z,30.1,24.8,29.2,26.2,-4.4,4.4
1-2 дня,2026-08-10T16:52:05Z,2026-08-12T00:00:00Z,31.1,23.5,27.7,25.5,-4.2,4.2
1-2 дня,2026-08-10T16:52:05Z,2026-08-12T01:00:00Z,32.1,22.4,26.2,23.9,-3.8,3.8
1-2 дня,2026-08-10T16:52:05Z,2026-08-12T02:00:00Z,33.1,21.2,25.1,23.2,-3.9,3.9
1-2 дня,2026-08-10T16:52:05Z,2026-08-12T03:00:00Z,34.1,20.1,24.0,22.4,-3.9,3.9
1-2 дня,2026-08-10T16:52:05Z,2026-08-12T04:00:00Z,35.1,18.9,23.2,22.2,-4.3,4.3
1-2 дня,2026-08-10T16:52:05Z,2026-08-12T05:00:00Z,36.1,19.9,23.3,24.5,-3.4,3.4
1-2 дня,2026-08-10T16:52:05Z,2026-08-12T06:00:00Z,37.1,22.0,23.6,26.8,-1.6,1.6
1-2 дня,2026-08-10T16:52:05Z,2026-08-12T07:00:00Z,38.1,23.7,24.2,29.0,-0.5,0.5
1-2 дня,2026-08-10T16:52:05Z,2026-08-12T08:00:00Z,39.1,25.7,24.7,30.6,1.0,1.0
1-2 дня,2026-08-10T16:52:05Z,2026-08-12T09:00:00Z,40.1,27.9,27.9,32.0,0.0,0.0
1-2 дня,2026-08-10T16:52:05Z,2026-08-12T10:00:00Z,41.1,29.5,29.8,34.7,-0.3,0.3
1-2 дня,2026-08-10T16:52:05Z,2026-08-12T11:00:00Z,42.1,30.5,31.5,35.7,-1.0,1.0
1-2 дня,2026-08-10T16:52:05Z,2026-08-12T12:00:00Z,43.1,31.3,32.1,36.7,-0.8,0.8
1-2 дня,2026-08-10T16:52:05Z,2026-08-12T13:00:00Z,44.1,31.7,33.2,37.1,-1.5,1.5
1-2 дня,2026-08-10T16:52:05Z,2026-08-12T14:00:00Z,45.1,31.7,32.9,37.7,-1.2,1.2
1-2 дня,2026-08-10T16:52:05Z,2026-08-12T15:00:00Z,46.1,31.3,32.4,37.3,-1.1,1.1
1-2 дня,2026-08-10T16:52:05Z,2026-08-12T16:00:00Z,47.1,30.4,31.3,36.2,-0.9,0.9
1-2 дня,2026-08-10T22:47:13Z,2026-08-11T23:00:00Z,24.2,25.0,29.2,26.2,-4.2,4.2
1-2 дня,2026-08-10T22:47:13Z,2026-08-12T00:00:00Z,25.2,23.5,27.7,25.5,-4.2,4.2
1-2 дня,2026-08-10T22:47:13Z,2026-08-12T01:00:00Z,26.2,22.5,26.2,23.9,-3.7,3.7
1-2 дня,2026-08-10T22:47:13Z,2026-08-12T02:00:00Z,27.2,21.2,25.1,23.2,-3.9,3.9
1-2 дня,2026-08-10T22:47:13Z,2026-08-12T03:00:00Z,28.2,20.1,24.0,22.4,-3.9,3.9
1-2 дня,2026-08-10T22:47:13Z,2026-08-12T04:00:00Z,29.2,19.1,23.2,22.2,-4.1,4.1
1-2 дня,2026-08-10T22:47:13Z,2026-08-12T05:00:00Z,30.2,19.8,23.3,24.5,-3.5,3.5
1-2 дня,2026-08-10T22:47:13Z,2026-08-12T06:00:00Z,31.2,21.8,23.6,26.8,-1.8,1.8
1-2 дня,2026-08-10T22:47:13Z,2026-08-12T07:00:00Z,32.2,23.6,24.2,29.0,-0.6,0.6
1-2 дня,2026-08-10T22:47:13Z,2026-08-12T08:00:00Z,33.2,25.7,24.7,30.6,1.0,1.0
1-2 дня,2026-08-10T22:47:13Z,2026-08-12T09:00:00Z,34.2,27.7,27.9,32.0,-0.2,0.2
1-2 дня,2026-08-10T22:47:13Z,2026-08-12T10:00:00Z,35.2,29.2,29.8,34.7,-0.6,0.6
1-2 дня,2026-08-10T22:47:13Z,2026-08-12T11:00:00Z,36.2,30.3,31.5,35.7,-1.2,1.2
1-2 дня,2026-08-10T22:47:13Z,2026-08-12T12:00:00Z,37.2,31.1,32.1,36.7,-1.0,1.0
1-2 дня,2026-08-10T22:47:13Z,2026-08-12T13:00:00Z,38.2,31.5,33.2,37.1,-1.7,1.7
1-2 дня,2026-08-10T22:47:13Z,2026-08-12T14:00:00Z,39.2,31.5,32.9,37.7,-1.4,1.4
1-2 дня,2026-08-10T22:47:13Z,2026-08-12T15:00:00Z,40.2,31.1,32.4,37.3,-1.3,1.3
1-2 дня,2026-08-10T22:47:13Z,2026-08-12T16:00:00Z,41.2,30.2,31.3,36.2,-1.1,1.1
1-2 дня,2026-08-10T22:47:13Z,2026-08-12T17:00:00Z,42.2,29.0,30.0,34.9,-1.0,1.0
1-2 дня,2026-08-10T22:47:13Z,2026-08-12T18:00:00Z,43.2,25.0,28.4,33.0,-3.4,3.4
1-2 дня,2026-08-10T22:47:13Z,2026-08-12T19:00:00Z,44.2,22.8,27.0,31.2,-4.2,4.2
1-2 дня,2026-08-10T22:47:13Z,2026-08-12T20:00:00Z,45.2,21.3,26.3,29.6,-5.0,5.0
1-2 дня,2026-08-10T22:47:13Z,2026-08-12T21:00:00Z,46.2,20.2,25.5,28.3,-5.3,5.3
1-2 дня,2026-08-10T22:47:13Z,2026-08-12T22:00:00Z,47.2,19.1,24.8,29.1,-5.7,5.7
1-2 дня,2026-08-11T05:01:49Z,2026-08-12T06:00:00Z,25.0,21.7,23.6,26.8,-1.9,1.9
1-2 дня,2026-08-11T05:01:49Z,2026-08-12T07:00:00Z,26.0,23.4,24.2,29.0,-0.8,0.8
1-2 дня,2026-08-11T05:01:49Z,2026-08-12T08:00:00Z,27.0,25.5,24.7,30.6,0.8,0.8
1-2 дня,2026-08-11T05:01:49Z,2026-08-12T09:00:00Z,28.0,27.5,27.9,32.0,-0.4,0.4
1-2 дня,2026-08-11T05:01:49Z,2026-08-12T10:00:00Z,29.0,29.1,29.8,34.7,-0.7,0.7
1-2 дня,2026-08-11T05:01:49Z,2026-08-12T11:00:00Z,30.0,30.2,31.5,35.7,-1.3,1.3
1-2 дня,2026-08-11T05:01:49Z,2026-08-12T12:00:00Z,31.0,31.0,32.1,36.7,-1.1,1.1
1-2 дня,2026-08-11T05:01:49Z,2026-08-12T13:00:00Z,32.0,31.4,33.2,37.1,-1.8,1.8
1-2 дня,2026-08-11T05:01:49Z,2026-08-12T14:00:00Z,33.0,31.4,32.9,37.7,-1.5,1.5
1-2 дня,2026-08-11T05:01:49Z,2026-08-12T15:00:00Z,34.0,30.9,32.4,37.3,-1.5,1.5
1-2 дня,2026-08-11T05:01:49Z,2026-08-12T16:00:00Z,35.0,30.1,31.3,36.2,-1.2,1.2
1-2 дня,2026-08-11T05:01:49Z,2026-08-12T17:00:00Z,36.0,28.9,30.0,34.9,-1.1,1.1
1-2 дня,2026-08-11T05:01:49Z,2026-08-12T18:00:00Z,37.0,24.7,28.4,33.0,-3.7,3.7
1-2 дня,2026-08-11T05:01:49Z,2026-08-12T19:00:00Z,38.0,22.5,27.0,31.2,-4.5,4.5
1-2 дня,2026-08-11T05:01:49Z,2026-08-12T20:00:00Z,39.0,21.0,26.3,29.6,-5.3,5.3
1-2 дня,2026-08-11T05:01:49Z,2026-08-12T21:00:00Z,40.0,19.9,25.5,28.3,-5.6,5.6
1-2 дня,2026-08-11T05:01:49Z,2026-08-12T22:00:00Z,41.0,18.7,24.8,29.1,-6.1,6.1
1-2 дня,2026-08-11T05:01:49Z,2026-08-12T23:00:00Z,42.0,17.8,23.8,29.2,-6.0,6.0
1-2 дня,2026-08-11T05:01:49Z,2026-08-13T00:00:00Z,43.0,17.3,23.3,27.7,-6.0,6.0
1-2 дня,2026-08-11T05:01:49Z,2026-08-13T01:00:00Z,44.0,16.7,22.0,26.2,-5.3,5.3
1-2 дня,2026-08-11T05:01:49Z,2026-08-13T02:00:00Z,45.0,16.0,20.5,25.1,-4.5,4.5
1-2 дня,2026-08-11T05:01:49Z,2026-08-13T03:00:00Z,46.0,15.1,19.9,24.0,-4.8,4.8
1-2 дня,2026-08-11T05:01:49Z,2026-08-13T04:00:00Z,47.0,14.5,19.1,23.2,-4.6,4.6
1-2 дня,2026-08-11T05:01:49Z,2026-08-13T05:00:00Z,48.0,15.8,19.0,23.3,-3.2,3.2
1-2 дня,2026-08-11T10:38:45Z,2026-08-12T11:00:00Z,24.4,30.4,31.5,35.7,-1.1,1.1
1-2 дня,2026-08-11T10:38:45Z,2026-08-12T12:00:00Z,25.4,31.2,32.1,36.7,-0.9,0.9
1-2 дня,2026-08-11T10:38:45Z,2026-08-12T13:00:00Z,26.4,31.6,33.2,37.1,-1.6,1.6
1-2 дня,2026-08-11T10:38:45Z,2026-08-12T14:00:00Z,27.4,31.6,32.9,37.7,-1.3,1.3
1-2 дня,2026-08-11T10:38:45Z,2026-08-12T15:00:00Z,28.4,31.2,32.4,37.3,-1.2,1.2
1-2 дня,2026-08-11T10:38:45Z,2026-08-12T16:00:00Z,29.4,30.3,31.3,36.2,-1.0,1.0
1-2 дня,2026-08-11T10:38:45Z,2026-08-12T17:00:00Z,30.4,29.1,30.0,34.9,-0.9,0.9
1-2 дня,2026-08-11T10:38:45Z,2026-08-12T18:00:00Z,31.4,24.8,28.4,33.0,-3.6,3.6
1-2 дня,2026-08-11T10:38:45Z,2026-08-12T19:00:00Z,32.4,22.7,27.0,31.2,-4.3,4.3
1-2 дня,2026-08-11T10:38:45Z,2026-08-12T20:00:00Z,33.4,21.2,26.3,29.6,-5.1,5.1
1-2 дня,2026-08-11T10:38:45Z,2026-08-12T21:00:00Z,34.4,20.0,25.5,28.3,-5.5,5.5
1-2 дня,2026-08-11T10:38:45Z,2026-08-12T22:00:00Z,35.4,19.1,24.8,29.1,-5.7,5.7
1-2 дня,2026-08-11T10:38:45Z,2026-08-12T23:00:00Z,36.4,18.4,23.8,29.2,-5.4,5.4
1-2 дня,2026-08-11T10:38:45Z,2026-08-13T00:00:00Z,37.4,17.6,23.3,27.7,-5.7,5.7
1-2 дня,2026-08-11T10:38:45Z,2026-08-13T01:00:00Z,38.4,16.9,22.0,26.2,-5.1,5.1
1-2 дня,2026-08-11T10:38:45Z,2026-08-13T02:00:00Z,39.4,16.3,20.5,25.1,-4.2,4.2
1-2 дня,2026-08-11T10:38:45Z,2026-08-13T03:00:00Z,40.4,15.2,19.9,24.0,-4.7,4.7
1-2 дня,2026-08-11T10:38:45Z,2026-08-13T04:00:00Z,41.4,14.4,19.1,23.2,-4.7,4.7
1-2 дня,2026-08-11T10:38:45Z,2026-08-13T05:00:00Z,42.4,15.4,19.0,23.3,-3.6,3.6
1-2 дня,2026-08-11T10:38:45Z,2026-08-13T06:00:00Z,43.4,18.5,20.2,23.6,-1.7,1.7
1-2 дня,2026-08-11T10:38:45Z,2026-08-13T07:00:00Z,44.4,20.7,22.6,24.2,-1.9,1.9
1-2 дня,2026-08-11T10:38:45Z,2026-08-13T08:00:00Z,45.4,23.2,25.6,24.7,-2.4,2.4
1-2 дня,2026-08-11T10:38:45Z,2026-08-13T09:00:00Z,46.4,25.6,27.0,27.9,-1.4,1.4
1-2 дня,2026-08-11T10:38:45Z,2026-08-13T10:00:00Z,47.4,27.5,27.8,29.8,-0.3,0.3
1-2 дня,2026-08-12T06:05:22Z,2026-08-13T07:00:00Z,24.9,20.9,22.6,24.2,-1.7,1.7
1-2 дня,2026-08-12T06:05:22Z,2026-08-13T08:00:00Z,25.9,23.3,25.6,24.7,-2.3,2.3
1-2 дня,2026-08-12T06:05:22Z,2026-08-13T09:00:00Z,26.9,25.7,27.0,27.9,-1.3,1.3
1-2 дня,2026-08-12T06:05:22Z,2026-08-13T10:00:00Z,27.9,27.4,27.8,29.8,-0.4,0.4
1-2 дня,2026-08-12T06:05:22Z,2026-08-13T11:00:00Z,28.9,28.9,28.6,31.5,0.3,0.3
1-2 дня,2026-08-12T06:05:22Z,2026-08-13T12:00:00Z,29.9,29.9,29.4,32.1,0.5,0.5
1-2 дня,2026-08-12T06:05:22Z,2026-08-13T13:00:00Z,30.9,30.4,31.0,33.2,-0.6,0.6
1-2 дня,2026-08-12T06:05:22Z,2026-08-13T14:00:00Z,31.9,30.6,30.7,32.9,-0.1,0.1
1-2 дня,2026-08-12T06:05:22Z,2026-08-13T15:00:00Z,32.9,30.3,31.2,32.4,-0.9,0.9
1-2 дня,2026-08-12T06:05:22Z,2026-08-13T16:00:00Z,33.9,29.6,30.2,31.3,-0.6,0.6
1-2 дня,2026-08-12T06:05:22Z,2026-08-13T17:00:00Z,34.9,28.4,29.5,30.0,-1.1,1.1
1-2 дня,2026-08-12T06:05:22Z,2026-08-13T18:00:00Z,35.9,24.8,27.7,28.4,-2.9,2.9
1-2 дня,2026-08-12T06:05:22Z,2026-08-13T19:00:00Z,36.9,22.9,26.5,27.0,-3.6,3.6
1-2 дня,2026-08-12T06:05:22Z,2026-08-13T20:00:00Z,37.9,21.7,26.0,26.3,-4.3,4.3
1-2 дня,2026-08-12T06:05:22Z,2026-08-13T21:00:00Z,38.9,21.0,25.0,25.5,-4.0,4.0
1-2 дня,2026-08-12T06:05:22Z,2026-08-13T22:00:00Z,39.9,20.0,24.0,24.8,-4.0,4.0
1-2 дня,2026-08-12T06:05:22Z,2026-08-13T23:00:00Z,40.9,19.1,22.8,23.8,-3.7,3.7
1-2 дня,2026-08-12T06:05:22Z,2026-08-14T00:00:00Z,41.9,18.4,22.0,23.3,-3.6,3.6
1-2 дня,2026-08-12T06:05:22Z,2026-08-14T01:00:00Z,42.9,17.6,20.4,22.0,-2.8,2.8
1-2 дня,2026-08-12T06:05:22Z,2026-08-14T02:00:00Z,43.9,17.1,21.7,20.5,-4.6,4.6
1-2 дня,2026-08-12T06:05:22Z,2026-08-14T03:00:00Z,44.9,16.7,20.9,19.9,-4.2,4.2
1-2 дня,2026-08-12T06:05:22Z,2026-08-14T04:00:00Z,45.9,16.3,20.6,19.1,-4.3,4.3
1-2 дня,2026-08-12T06:05:22Z,2026-08-14T05:00:00Z,46.9,17.2,22.1,19.0,-4.9,4.9
1-2 дня,2026-08-12T06:05:22Z,2026-08-14T06:00:00Z,47.9,19.9,23.4,20.2,-3.5,3.5
1-2 дня,2026-08-12T10:47:03Z,2026-08-13T11:00:00Z,24.2,29.2,28.6,31.5,0.6,0.6
1-2 дня,2026-08-12T10:47:03Z,2026-08-13T12:00:00Z,25.2,30.1,29.4,32.1,0.7,0.7
1-2 дня,2026-08-12T10:47:03Z,2026-08-13T13:00:00Z,26.2,30.6,31.0,33.2,-0.4,0.4
1-2 дня,2026-08-12T10:47:03Z,2026-08-13T14:00:00Z,27.2,30.6,30.7,32.9,-0.1,0.1
1-2 дня,2026-08-12T10:47:03Z,2026-08-13T15:00:00Z,28.2,30.3,31.2,32.4,-0.9,0.9
1-2 дня,2026-08-12T10:47:03Z,2026-08-13T16:00:00Z,29.2,29.6,30.2,31.3,-0.6,0.6
1-2 дня,2026-08-12T10:47:03Z,2026-08-13T17:00:00Z,30.2,28.5,29.5,30.0,-1.0,1.0
1-2 дня,2026-08-12T10:47:03Z,2026-08-13T18:00:00Z,31.2,24.9,27.7,28.4,-2.8,2.8
1-2 дня,2026-08-12T10:47:03Z,2026-08-13T19:00:00Z,32.2,22.9,26.5,27.0,-3.6,3.6
1-2 дня,2026-08-12T10:47:03Z,2026-08-13T20:00:00Z,33.2,21.8,26.0,26.3,-4.2,4.2
1-2 дня,2026-08-12T10:47:03Z,2026-08-13T21:00:00Z,34.2,21.3,25.0,25.5,-3.7,3.7
1-2 дня,2026-08-12T10:47:03Z,2026-08-13T22:00:00Z,35.2,20.6,24.0,24.8,-3.4,3.4
1-2 дня,2026-08-12T10:47:03Z,2026-08-13T23:00:00Z,36.2,19.3,22.8,23.8,-3.5,3.5
1-2 дня,2026-08-12T10:47:03Z,2026-08-14T00:00:00Z,37.2,18.9,22.0,23.3,-3.1,3.1
1-2 дня,2026-08-12T10:47:03Z,2026-08-14T01:00:00Z,38.2,18.2,20.4,22.0,-2.2,2.2
1-2 дня,2026-08-12T10:47:03Z,2026-08-14T02:00:00Z,39.2,17.3,21.7,20.5,-4.4,4.4
1-2 дня,2026-08-12T10:47:03Z,2026-08-14T03:00:00Z,40.2,16.6,20.9,19.9,-4.3,4.3
1-2 дня,2026-08-12T10:47:03Z,2026-08-14T04:00:00Z,41.2,16.0,20.6,19.1,-4.6,4.6
1-2 дня,2026-08-12T10:47:03Z,2026-08-14T05:00:00Z,42.2,17.0,22.1,19.0,-5.1,5.1
1-2 дня,2026-08-12T10:47:03Z,2026-08-14T06:00:00Z,43.2,19.8,23.4,20.2,-3.6,3.6
1-2 дня,2026-08-12T10:47:03Z,2026-08-14T07:00:00Z,44.2,22.9,25.4,22.6,-2.5,2.5
1-2 дня,2026-08-12T10:47:03Z,2026-08-14T08:00:00Z,45.2,25.8,27.9,25.6,-2.1,2.1
1-2 дня,2026-08-12T10:47:03Z,2026-08-14T09:00:00Z,46.2,27.9,28.7,27.0,-0.8,0.8
1-2 дня,2026-08-12T10:47:03Z,2026-08-14T10:00:00Z,47.2,29.3,29.9,27.8,-0.6,0.6
1-2 дня,2026-08-12T16:54:57Z,2026-08-13T17:00:00Z,24.1,28.6,29.5,30.0,-0.9,0.9
1-2 дня,2026-08-12T16:54:57Z,2026-08-13T18:00:00Z,25.1,25.0,27.7,28.4,-2.7,2.7
1-2 дня,2026-08-12T16:54:57Z,2026-08-13T19:00:00Z,26.1,23.0,26.5,27.0,-3.5,3.5
1-2 дня,2026-08-12T16:54:57Z,2026-08-13T20:00:00Z,27.1,21.9,26.0,26.3,-4.1,4.1
1-2 дня,2026-08-12T16:54:57Z,2026-08-13T21:00:00Z,28.1,21.3,25.0,25.5,-3.7,3.7
1-2 дня,2026-08-12T16:54:57Z,2026-08-13T22:00:00Z,29.1,20.8,24.0,24.8,-3.2,3.2
1-2 дня,2026-08-12T16:54:57Z,2026-08-13T23:00:00Z,30.1,19.5,22.8,23.8,-3.3,3.3
1-2 дня,2026-08-12T16:54:57Z,2026-08-14T00:00:00Z,31.1,18.8,22.0,23.3,-3.2,3.2
1-2 дня,2026-08-12T16:54:57Z,2026-08-14T01:00:00Z,32.1,18.3,20.4,22.0,-2.1,2.1
1-2 дня,2026-08-12T16:54:57Z,2026-08-14T02:00:00Z,33.1,17.4,21.7,20.5,-4.3,4.3
1-2 дня,2026-08-12T16:54:57Z,2026-08-14T03:00:00Z,34.1,16.7,20.9,19.9,-4.2,4.2
1-2 дня,2026-08-12T16:54:57Z,2026-08-14T04:00:00Z,35.1,16.2,20.6,19.1,-4.4,4.4
1-2 дня,2026-08-12T16:54:57Z,2026-08-14T05:00:00Z,36.1,17.0,22.1,19.0,-5.1,5.1
1-2 дня,2026-08-12T16:54:57Z,2026-08-14T06:00:00Z,37.1,19.6,23.4,20.2,-3.8,3.8
1-2 дня,2026-08-12T16:54:57Z,2026-08-14T07:00:00Z,38.1,22.6,25.4,22.6,-2.8,2.8
1-2 дня,2026-08-12T16:54:57Z,2026-08-14T08:00:00Z,39.1,25.4,27.9,25.6,-2.5,2.5
1-2 дня,2026-08-12T16:54:57Z,2026-08-14T09:00:00Z,40.1,27.6,28.7,27.0,-1.1,1.1
1-2 дня,2026-08-12T16:54:57Z,2026-08-14T10:00:00Z,41.1,29.2,29.9,27.8,-0.7,0.7
1-2 дня,2026-08-12T22:50:47Z,2026-08-13T23:00:00Z,24.2,19.8,22.8,23.8,-3.0,3.0
1-2 дня,2026-08-12T22:50:47Z,2026-08-14T00:00:00Z,25.2,18.8,22.0,23.3,-3.2,3.2
1-2 дня,2026-08-12T22:50:47Z,2026-08-14T01:00:00Z,26.2,18.4,20.4,22.0,-2.0,2.0
1-2 дня,2026-08-12T22:50:47Z,2026-08-14T02:00:00Z,27.2,17.5,21.7,20.5,-4.2,4.2
1-2 дня,2026-08-12T22:50:47Z,2026-08-14T03:00:00Z,28.2,17.2,20.9,19.9,-3.7,3.7
1-2 дня,2026-08-12T22:50:47Z,2026-08-14T04:00:00Z,29.2,16.2,20.6,19.1,-4.4,4.4
1-2 дня,2026-08-12T22:50:47Z,2026-08-14T05:00:00Z,30.2,17.1,22.1,19.0,-5.0,5.0
1-2 дня,2026-08-12T22:50:47Z,2026-08-14T06:00:00Z,31.2,19.8,23.4,20.2,-3.6,3.6
1-2 дня,2026-08-12T22:50:47Z,2026-08-14T07:00:00Z,32.2,22.3,25.4,22.6,-3.1,3.1
1-2 дня,2026-08-12T22:50:47Z,2026-08-14T08:00:00Z,33.2,24.7,27.9,25.6,-3.2,3.2
1-2 дня,2026-08-12T22:50:47Z,2026-08-14T09:00:00Z,34.2,27.1,28.7,27.0,-1.6,1.6
1-2 дня,2026-08-12T22:50:47Z,2026-08-14T10:00:00Z,35.2,29.1,29.9,27.8,-0.8,0.8
1-2 дня,2026-08-13T05:30:08Z,2026-08-14T06:00:00Z,24.5,19.5,23.4,20.2,-3.9,3.9
1-2 дня,2026-08-13T05:30:08Z,2026-08-14T07:00:00Z,25.5,22.2,25.4,22.6,-3.2,3.2
1-2 дня,2026-08-13T05:30:08Z,2026-08-14T08:00:00Z,26.5,24.8,27.9,25.6,-3.1,3.1
1-2 дня,2026-08-13T05:30:08Z,2026-08-14T09:00:00Z,27.5,27.1,28.7,27.0,-1.6,1.6
1-2 дня,2026-08-13T05:30:08Z,2026-08-14T10:00:00Z,28.5,29.0,29.9,27.8,-0.9,0.9
2-3 дня,2026-08-06T09:50:07Z,2026-08-08T10:00:00Z,48.2,30.4,29.7,35.0,0.7,0.7
2-3 дня,2026-08-06T09:50:07Z,2026-08-08T11:00:00Z,49.2,32.1,30.9,35.9,1.2,1.2
2-3 дня,2026-08-06T09:50:07Z,2026-08-08T12:00:00Z,50.2,33.1,31.4,36.6,1.7,1.7
2-3 дня,2026-08-06T09:50:07Z,2026-08-08T13:00:00Z,51.2,33.7,32.0,36.9,1.7,1.7
2-3 дня,2026-08-06T09:50:07Z,2026-08-08T14:00:00Z,52.2,33.7,31.3,37.2,2.4,2.4
2-3 дня,2026-08-06T09:50:07Z,2026-08-08T15:00:00Z,53.2,33.2,32.0,36.4,1.2,1.2
2-3 дня,2026-08-06T09:50:07Z,2026-08-08T16:00:00Z,54.2,32.9,31.3,34.4,1.6,1.6
2-3 дня,2026-08-06T09:50:07Z,2026-08-08T17:00:00Z,55.2,31.7,30.0,34.2,1.7,1.7
2-3 дня,2026-08-06T09:50:07Z,2026-08-08T18:00:00Z,56.2,28.5,29.2,32.0,-0.7,0.7
2-3 дня,2026-08-06T09:50:07Z,2026-08-08T19:00:00Z,57.2,26.7,28.4,29.3,-1.7,1.7
2-3 дня,2026-08-06T09:50:07Z,2026-08-08T20:00:00Z,58.2,25.7,27.6,28.2,-1.9,1.9
2-3 дня,2026-08-06T09:50:07Z,2026-08-08T21:00:00Z,59.2,24.4,26.6,27.2,-2.2,2.2
2-3 дня,2026-08-06T09:50:07Z,2026-08-08T22:00:00Z,60.2,23.4,25.4,27.1,-2.0,2.0
2-3 дня,2026-08-06T09:50:07Z,2026-08-08T23:00:00Z,61.2,22.5,24.9,25.7,-2.4,2.4
2-3 дня,2026-08-06T09:50:07Z,2026-08-09T00:00:00Z,62.2,21.7,24.2,25.6,-2.5,2.5
2-3 дня,2026-08-06T09:50:07Z,2026-08-09T01:00:00Z,63.2,21.2,23.8,25.1,-2.6,2.6
2-3 дня,2026-08-06T09:50:07Z,2026-08-09T02:00:00Z,64.2,20.3,22.8,23.0,-2.5,2.5
2-3 дня,2026-08-06T09:50:07Z,2026-08-09T03:00:00Z,65.2,19.1,21.3,21.4,-2.2,2.2
2-3 дня,2026-08-06T09:50:07Z,2026-08-09T04:00:00Z,66.2,18.8,20.7,21.2,-1.9,1.9
2-3 дня,2026-08-06T09:50:07Z,2026-08-09T05:00:00Z,67.2,20.2,21.8,21.7,-1.6,1.6
2-3 дня,2026-08-06T09:50:07Z,2026-08-09T06:00:00Z,68.2,22.8,23.2,22.6,-0.4,0.4
2-3 дня,2026-08-06T09:50:07Z,2026-08-09T07:00:00Z,69.2,25.2,24.7,24.4,0.5,0.5
2-3 дня,2026-08-06T09:50:07Z,2026-08-09T08:00:00Z,70.2,27.8,27.1,25.6,0.7,0.7
2-3 дня,2026-08-06T09:50:07Z,2026-08-09T09:00:00Z,71.2,30.6,28.8,28.1,1.8,1.8
2-3 дня,2026-08-06T09:59:18Z,2026-08-08T10:00:00Z,48.0,30.4,29.7,35.0,0.7,0.7
2-3 дня,2026-08-06T09:59:18Z,2026-08-08T11:00:00Z,49.0,32.1,30.9,35.9,1.2,1.2
2-3 дня,2026-08-06T09:59:18Z,2026-08-08T12:00:00Z,50.0,33.1,31.4,36.6,1.7,1.7
2-3 дня,2026-08-06T09:59:18Z,2026-08-08T13:00:00Z,51.0,33.7,32.0,36.9,1.7,1.7
2-3 дня,2026-08-06T09:59:18Z,2026-08-08T14:00:00Z,52.0,33.7,31.3,37.2,2.4,2.4
2-3 дня,2026-08-06T09:59:18Z,2026-08-08T15:00:00Z,53.0,33.2,32.0,36.4,1.2,1.2
2-3 дня,2026-08-06T09:59:18Z,2026-08-08T16:00:00Z,54.0,32.9,31.3,34.4,1.6,1.6
2-3 дня,2026-08-06T09:59:18Z,2026-08-08T17:00:00Z,55.0,31.7,30.0,34.2,1.7,1.7
2-3 дня,2026-08-06T09:59:18Z,2026-08-08T18:00:00Z,56.0,28.5,29.2,32.0,-0.7,0.7
2-3 дня,2026-08-06T09:59:18Z,2026-08-08T19:00:00Z,57.0,26.7,28.4,29.3,-1.7,1.7
2-3 дня,2026-08-06T09:59:18Z,2026-08-08T20:00:00Z,58.0,25.7,27.6,28.2,-1.9,1.9
2-3 дня,2026-08-06T09:59:18Z,2026-08-08T21:00:00Z,59.0,24.4,26.6,27.2,-2.2,2.2
2-3 дня,2026-08-06T09:59:18Z,2026-08-08T22:00:00Z,60.0,23.4,25.4,27.1,-2.0,2.0
2-3 дня,2026-08-06T09:59:18Z,2026-08-08T23:00:00Z,61.0,22.5,24.9,25.7,-2.4,2.4
2-3 дня,2026-08-06T09:59:18Z,2026-08-09T00:00:00Z,62.0,21.7,24.2,25.6,-2.5,2.5
2-3 дня,2026-08-06T09:59:18Z,2026-08-09T01:00:00Z,63.0,21.2,23.8,25.1,-2.6,2.6
2-3 дня,2026-08-06T09:59:18Z,2026-08-09T02:00:00Z,64.0,20.3,22.8,23.0,-2.5,2.5
2-3 дня,2026-08-06T09:59:18Z,2026-08-09T03:00:00Z,65.0,19.1,21.3,21.4,-2.2,2.2
2-3 дня,2026-08-06T09:59:18Z,2026-08-09T04:00:00Z,66.0,18.8,20.7,21.2,-1.9,1.9
2-3 дня,2026-08-06T09:59:18Z,2026-08-09T05:00:00Z,67.0,20.2,21.8,21.7,-1.6,1.6
2-3 дня,2026-08-06T09:59:18Z,2026-08-09T06:00:00Z,68.0,22.8,23.2,22.6,-0.4,0.4
2-3 дня,2026-08-06T09:59:18Z,2026-08-09T07:00:00Z,69.0,25.2,24.7,24.4,0.5,0.5
2-3 дня,2026-08-06T09:59:18Z,2026-08-09T08:00:00Z,70.0,27.8,27.1,25.6,0.7,0.7
2-3 дня,2026-08-06T09:59:18Z,2026-08-09T09:00:00Z,71.0,30.6,28.8,28.1,1.8,1.8
2-3 дня,2026-08-06T10:08:26Z,2026-08-08T11:00:00Z,48.9,32.1,30.9,35.9,1.2,1.2
2-3 дня,2026-08-06T10:08:26Z,2026-08-08T12:00:00Z,49.9,33.1,31.4,36.6,1.7,1.7
2-3 дня,2026-08-06T10:08:26Z,2026-08-08T13:00:00Z,50.9,33.7,32.0,36.9,1.7,1.7
2-3 дня,2026-08-06T10:08:26Z,2026-08-08T14:00:00Z,51.9,33.7,31.3,37.2,2.4,2.4
2-3 дня,2026-08-06T10:08:26Z,2026-08-08T15:00:00Z,52.9,33.2,32.0,36.4,1.2,1.2
2-3 дня,2026-08-06T10:08:26Z,2026-08-08T16:00:00Z,53.9,32.9,31.3,34.4,1.6,1.6
2-3 дня,2026-08-06T10:08:26Z,2026-08-08T17:00:00Z,54.9,31.7,30.0,34.2,1.7,1.7
2-3 дня,2026-08-06T10:08:26Z,2026-08-08T18:00:00Z,55.9,28.5,29.2,32.0,-0.7,0.7
2-3 дня,2026-08-06T10:08:26Z,2026-08-08T19:00:00Z,56.9,26.7,28.4,29.3,-1.7,1.7
2-3 дня,2026-08-06T10:08:26Z,2026-08-08T20:00:00Z,57.9,25.7,27.6,28.2,-1.9,1.9
2-3 дня,2026-08-06T10:08:26Z,2026-08-08T21:00:00Z,58.9,24.4,26.6,27.2,-2.2,2.2
2-3 дня,2026-08-06T10:08:26Z,2026-08-08T22:00:00Z,59.9,23.4,25.4,27.1,-2.0,2.0
2-3 дня,2026-08-06T10:08:26Z,2026-08-08T23:00:00Z,60.9,22.5,24.9,25.7,-2.4,2.4
2-3 дня,2026-08-06T10:08:26Z,2026-08-09T00:00:00Z,61.9,21.7,24.2,25.6,-2.5,2.5
2-3 дня,2026-08-06T10:08:26Z,2026-08-09T01:00:00Z,62.9,21.2,23.8,25.1,-2.6,2.6
2-3 дня,2026-08-06T10:08:26Z,2026-08-09T02:00:00Z,63.9,20.3,22.8,23.0,-2.5,2.5
2-3 дня,2026-08-06T10:08:26Z,2026-08-09T03:00:00Z,64.9,19.1,21.3,21.4,-2.2,2.2
2-3 дня,2026-08-06T10:08:26Z,2026-08-09T04:00:00Z,65.9,18.8,20.7,21.2,-1.9,1.9
2-3 дня,2026-08-06T10:08:26Z,2026-08-09T05:00:00Z,66.9,20.2,21.8,21.7,-1.6,1.6
2-3 дня,2026-08-06T10:08:26Z,2026-08-09T06:00:00Z,67.9,22.8,23.2,22.6,-0.4,0.4
2-3 дня,2026-08-06T10:08:26Z,2026-08-09T07:00:00Z,68.9,25.2,24.7,24.4,0.5,0.5
2-3 дня,2026-08-06T10:08:26Z,2026-08-09T08:00:00Z,69.9,27.8,27.1,25.6,0.7,0.7
2-3 дня,2026-08-06T10:08:26Z,2026-08-09T09:00:00Z,70.9,30.6,28.8,28.1,1.8,1.8
2-3 дня,2026-08-06T10:08:26Z,2026-08-09T10:00:00Z,71.9,32.3,30.1,29.7,2.2,2.2
2-3 дня,2026-08-06T10:47:54Z,2026-08-08T11:00:00Z,48.2,32.1,30.9,35.9,1.2,1.2
2-3 дня,2026-08-06T10:47:54Z,2026-08-08T12:00:00Z,49.2,33.1,31.4,36.6,1.7,1.7
2-3 дня,2026-08-06T10:47:54Z,2026-08-08T13:00:00Z,50.2,33.7,32.0,36.9,1.7,1.7
2-3 дня,2026-08-06T10:47:54Z,2026-08-08T14:00:00Z,51.2,33.7,31.3,37.2,2.4,2.4
2-3 дня,2026-08-06T10:47:54Z,2026-08-08T15:00:00Z,52.2,33.2,32.0,36.4,1.2,1.2
2-3 дня,2026-08-06T10:47:54Z,2026-08-08T16:00:00Z,53.2,32.9,31.3,34.4,1.6,1.6
2-3 дня,2026-08-06T10:47:54Z,2026-08-08T17:00:00Z,54.2,31.7,30.0,34.2,1.7,1.7
2-3 дня,2026-08-06T10:47:54Z,2026-08-08T18:00:00Z,55.2,28.5,29.2,32.0,-0.7,0.7
2-3 дня,2026-08-06T10:47:54Z,2026-08-08T19:00:00Z,56.2,26.7,28.4,29.3,-1.7,1.7
2-3 дня,2026-08-06T10:47:54Z,2026-08-08T20:00:00Z,57.2,25.7,27.6,28.2,-1.9,1.9
2-3 дня,2026-08-06T10:47:54Z,2026-08-08T21:00:00Z,58.2,24.4,26.6,27.2,-2.2,2.2
2-3 дня,2026-08-06T10:47:54Z,2026-08-08T22:00:00Z,59.2,23.4,25.4,27.1,-2.0,2.0
2-3 дня,2026-08-06T10:47:54Z,2026-08-08T23:00:00Z,60.2,22.5,24.9,25.7,-2.4,2.4
2-3 дня,2026-08-06T10:47:54Z,2026-08-09T00:00:00Z,61.2,21.7,24.2,25.6,-2.5,2.5
2-3 дня,2026-08-06T10:47:54Z,2026-08-09T01:00:00Z,62.2,21.2,23.8,25.1,-2.6,2.6
2-3 дня,2026-08-06T10:47:54Z,2026-08-09T02:00:00Z,63.2,20.3,22.8,23.0,-2.5,2.5
2-3 дня,2026-08-06T10:47:54Z,2026-08-09T03:00:00Z,64.2,19.1,21.3,21.4,-2.2,2.2
2-3 дня,2026-08-06T10:47:54Z,2026-08-09T04:00:00Z,65.2,18.8,20.7,21.2,-1.9,1.9
2-3 дня,2026-08-06T10:47:54Z,2026-08-09T05:00:00Z,66.2,20.2,21.8,21.7,-1.6,1.6
2-3 дня,2026-08-06T10:47:54Z,2026-08-09T06:00:00Z,67.2,22.8,23.2,22.6,-0.4,0.4
2-3 дня,2026-08-06T10:47:54Z,2026-08-09T07:00:00Z,68.2,25.2,24.7,24.4,0.5,0.5
2-3 дня,2026-08-06T10:47:54Z,2026-08-09T08:00:00Z,69.2,27.8,27.1,25.6,0.7,0.7
2-3 дня,2026-08-06T10:47:54Z,2026-08-09T09:00:00Z,70.2,30.6,28.8,28.1,1.8,1.8
2-3 дня,2026-08-06T10:47:54Z,2026-08-09T10:00:00Z,71.2,32.3,30.1,29.7,2.2,2.2
2-3 дня,2026-08-06T11:30:42Z,2026-08-08T12:00:00Z,48.5,33.1,31.4,36.6,1.7,1.7
2-3 дня,2026-08-06T11:30:42Z,2026-08-08T13:00:00Z,49.5,33.7,32.0,36.9,1.7,1.7
2-3 дня,2026-08-06T11:30:42Z,2026-08-08T14:00:00Z,50.5,33.7,31.3,37.2,2.4,2.4
2-3 дня,2026-08-06T11:30:42Z,2026-08-08T15:00:00Z,51.5,33.2,32.0,36.4,1.2,1.2
2-3 дня,2026-08-06T11:30:42Z,2026-08-08T16:00:00Z,52.5,32.9,31.3,34.4,1.6,1.6
2-3 дня,2026-08-06T11:30:42Z,2026-08-08T17:00:00Z,53.5,31.7,30.0,34.2,1.7,1.7
2-3 дня,2026-08-06T11:30:42Z,2026-08-08T18:00:00Z,54.5,28.5,29.2,32.0,-0.7,0.7
2-3 дня,2026-08-06T11:30:42Z,2026-08-08T19:00:00Z,55.5,26.7,28.4,29.3,-1.7,1.7
2-3 дня,2026-08-06T11:30:42Z,2026-08-08T20:00:00Z,56.5,25.7,27.6,28.2,-1.9,1.9
2-3 дня,2026-08-06T11:30:42Z,2026-08-08T21:00:00Z,57.5,24.4,26.6,27.2,-2.2,2.2
2-3 дня,2026-08-06T11:30:42Z,2026-08-08T22:00:00Z,58.5,23.4,25.4,27.1,-2.0,2.0
2-3 дня,2026-08-06T11:30:42Z,2026-08-08T23:00:00Z,59.5,22.5,24.9,25.7,-2.4,2.4
2-3 дня,2026-08-06T11:30:42Z,2026-08-09T00:00:00Z,60.5,21.7,24.2,25.6,-2.5,2.5
2-3 дня,2026-08-06T11:30:42Z,2026-08-09T01:00:00Z,61.5,21.2,23.8,25.1,-2.6,2.6
2-3 дня,2026-08-06T11:30:42Z,2026-08-09T02:00:00Z,62.5,20.3,22.8,23.0,-2.5,2.5
2-3 дня,2026-08-06T11:30:42Z,2026-08-09T03:00:00Z,63.5,19.1,21.3,21.4,-2.2,2.2
2-3 дня,2026-08-06T11:30:42Z,2026-08-09T04:00:00Z,64.5,18.8,20.7,21.2,-1.9,1.9
2-3 дня,2026-08-06T11:30:42Z,2026-08-09T05:00:00Z,65.5,20.2,21.8,21.7,-1.6,1.6
2-3 дня,2026-08-06T11:30:42Z,2026-08-09T06:00:00Z,66.5,22.8,23.2,22.6,-0.4,0.4
2-3 дня,2026-08-06T11:30:42Z,2026-08-09T07:00:00Z,67.5,25.2,24.7,24.4,0.5,0.5
2-3 дня,2026-08-06T11:30:42Z,2026-08-09T08:00:00Z,68.5,27.8,27.1,25.6,0.7,0.7
2-3 дня,2026-08-06T11:30:42Z,2026-08-09T09:00:00Z,69.5,30.6,28.8,28.1,1.8,1.8
2-3 дня,2026-08-06T11:30:42Z,2026-08-09T10:00:00Z,70.5,32.3,30.1,29.7,2.2,2.2
2-3 дня,2026-08-06T11:30:42Z,2026-08-09T11:00:00Z,71.5,33.3,30.8,30.9,2.5,2.5
2-3 дня,2026-08-06T11:36:01Z,2026-08-08T12:00:00Z,48.4,33.1,31.4,36.6,1.7,1.7
2-3 дня,2026-08-06T11:36:01Z,2026-08-08T13:00:00Z,49.4,33.7,32.0,36.9,1.7,1.7
2-3 дня,2026-08-06T11:36:01Z,2026-08-08T14:00:00Z,50.4,33.7,31.3,37.2,2.4,2.4
2-3 дня,2026-08-06T11:36:01Z,2026-08-08T15:00:00Z,51.4,33.2,32.0,36.4,1.2,1.2
2-3 дня,2026-08-06T11:36:01Z,2026-08-08T16:00:00Z,52.4,32.9,31.3,34.4,1.6,1.6
2-3 дня,2026-08-06T11:36:01Z,2026-08-08T17:00:00Z,53.4,31.7,30.0,34.2,1.7,1.7
2-3 дня,2026-08-06T11:36:01Z,2026-08-08T18:00:00Z,54.4,28.5,29.2,32.0,-0.7,0.7
2-3 дня,2026-08-06T11:36:01Z,2026-08-08T19:00:00Z,55.4,26.7,28.4,29.3,-1.7,1.7
2-3 дня,2026-08-06T11:36:01Z,2026-08-08T20:00:00Z,56.4,25.7,27.6,28.2,-1.9,1.9
2-3 дня,2026-08-06T11:36:01Z,2026-08-08T21:00:00Z,57.4,24.4,26.6,27.2,-2.2,2.2
2-3 дня,2026-08-06T11:36:01Z,2026-08-08T22:00:00Z,58.4,23.4,25.4,27.1,-2.0,2.0
2-3 дня,2026-08-06T11:36:01Z,2026-08-08T23:00:00Z,59.4,22.5,24.9,25.7,-2.4,2.4
2-3 дня,2026-08-06T11:36:01Z,2026-08-09T00:00:00Z,60.4,21.7,24.2,25.6,-2.5,2.5
2-3 дня,2026-08-06T11:36:01Z,2026-08-09T01:00:00Z,61.4,21.2,23.8,25.1,-2.6,2.6
2-3 дня,2026-08-06T11:36:01Z,2026-08-09T02:00:00Z,62.4,20.3,22.8,23.0,-2.5,2.5
2-3 дня,2026-08-06T11:36:01Z,2026-08-09T03:00:00Z,63.4,19.1,21.3,21.4,-2.2,2.2
2-3 дня,2026-08-06T11:36:01Z,2026-08-09T04:00:00Z,64.4,18.8,20.7,21.2,-1.9,1.9
2-3 дня,2026-08-06T11:36:01Z,2026-08-09T05:00:00Z,65.4,20.2,21.8,21.7,-1.6,1.6
2-3 дня,2026-08-06T11:36:01Z,2026-08-09T06:00:00Z,66.4,22.8,23.2,22.6,-0.4,0.4
2-3 дня,2026-08-06T11:36:01Z,2026-08-09T07:00:00Z,67.4,25.2,24.7,24.4,0.5,0.5
2-3 дня,2026-08-06T11:36:01Z,2026-08-09T08:00:00Z,68.4,27.8,27.1,25.6,0.7,0.7
2-3 дня,2026-08-06T11:36:01Z,2026-08-09T09:00:00Z,69.4,30.6,28.8,28.1,1.8,1.8
2-3 дня,2026-08-06T11:36:01Z,2026-08-09T10:00:00Z,70.4,32.3,30.1,29.7,2.2,2.2
2-3 дня,2026-08-06T11:36:01Z,2026-08-09T11:00:00Z,71.4,33.3,30.8,30.9,2.5,2.5
2-3 дня,2026-08-06T11:44:08Z,2026-08-08T12:00:00Z,48.3,33.1,31.4,36.6,1.7,1.7
2-3 дня,2026-08-06T11:44:08Z,2026-08-08T13:00:00Z,49.3,33.7,32.0,36.9,1.7,1.7
2-3 дня,2026-08-06T11:44:08Z,2026-08-08T14:00:00Z,50.3,33.7,31.3,37.2,2.4,2.4
2-3 дня,2026-08-06T11:44:08Z,2026-08-08T15:00:00Z,51.3,33.2,32.0,36.4,1.2,1.2
2-3 дня,2026-08-06T11:44:08Z,2026-08-08T16:00:00Z,52.3,32.9,31.3,34.4,1.6,1.6
2-3 дня,2026-08-06T11:44:08Z,2026-08-08T17:00:00Z,53.3,31.7,30.0,34.2,1.7,1.7
2-3 дня,2026-08-06T11:44:08Z,2026-08-08T18:00:00Z,54.3,28.5,29.2,32.0,-0.7,0.7
2-3 дня,2026-08-06T11:44:08Z,2026-08-08T19:00:00Z,55.3,26.7,28.4,29.3,-1.7,1.7
2-3 дня,2026-08-06T11:44:08Z,2026-08-08T20:00:00Z,56.3,25.7,27.6,28.2,-1.9,1.9
2-3 дня,2026-08-06T11:44:08Z,2026-08-08T21:00:00Z,57.3,24.4,26.6,27.2,-2.2,2.2
2-3 дня,2026-08-06T11:44:08Z,2026-08-08T22:00:00Z,58.3,23.4,25.4,27.1,-2.0,2.0
2-3 дня,2026-08-06T11:44:08Z,2026-08-08T23:00:00Z,59.3,22.5,24.9,25.7,-2.4,2.4
2-3 дня,2026-08-06T11:44:08Z,2026-08-09T00:00:00Z,60.3,21.7,24.2,25.6,-2.5,2.5
2-3 дня,2026-08-06T11:44:08Z,2026-08-09T01:00:00Z,61.3,21.2,23.8,25.1,-2.6,2.6
2-3 дня,2026-08-06T11:44:08Z,2026-08-09T02:00:00Z,62.3,20.3,22.8,23.0,-2.5,2.5
2-3 дня,2026-08-06T11:44:08Z,2026-08-09T03:00:00Z,63.3,19.1,21.3,21.4,-2.2,2.2
2-3 дня,2026-08-06T11:44:08Z,2026-08-09T04:00:00Z,64.3,18.8,20.7,21.2,-1.9,1.9
2-3 дня,2026-08-06T11:44:08Z,2026-08-09T05:00:00Z,65.3,20.2,21.8,21.7,-1.6,1.6
2-3 дня,2026-08-06T11:44:08Z,2026-08-09T06:00:00Z,66.3,22.8,23.2,22.6,-0.4,0.4
2-3 дня,2026-08-06T11:44:08Z,2026-08-09T07:00:00Z,67.3,25.2,24.7,24.4,0.5,0.5
2-3 дня,2026-08-06T11:44:08Z,2026-08-09T08:00:00Z,68.3,27.8,27.1,25.6,0.7,0.7
2-3 дня,2026-08-06T11:44:08Z,2026-08-09T09:00:00Z,69.3,30.6,28.8,28.1,1.8,1.8
2-3 дня,2026-08-06T11:44:08Z,2026-08-09T10:00:00Z,70.3,32.3,30.1,29.7,2.2,2.2
2-3 дня,2026-08-06T11:44:08Z,2026-08-09T11:00:00Z,71.3,33.3,30.8,30.9,2.5,2.5
2-3 дня,2026-08-07T01:31:32Z,2026-08-09T02:00:00Z,48.5,20.1,22.8,23.0,-2.7,2.7
2-3 дня,2026-08-07T01:31:32Z,2026-08-09T03:00:00Z,49.5,19.1,21.3,21.4,-2.2,2.2
2-3 дня,2026-08-07T01:31:32Z,2026-08-09T04:00:00Z,50.5,18.2,20.7,21.2,-2.5,2.5
2-3 дня,2026-08-07T01:31:32Z,2026-08-09T05:00:00Z,51.5,19.7,21.8,21.7,-2.1,2.1
2-3 дня,2026-08-07T01:31:32Z,2026-08-09T06:00:00Z,52.5,22.6,23.2,22.6,-0.6,0.6
2-3 дня,2026-08-07T01:31:32Z,2026-08-09T07:00:00Z,53.5,25.3,24.7,24.4,0.6,0.6
2-3 дня,2026-08-07T01:31:32Z,2026-08-09T08:00:00Z,54.5,28.0,27.1,25.6,0.9,0.9
2-3 дня,2026-08-07T01:31:32Z,2026-08-09T09:00:00Z,55.5,30.5,28.8,28.1,1.7,1.7
2-3 дня,2026-08-07T01:31:32Z,2026-08-09T10:00:00Z,56.5,32.2,30.1,29.7,2.1,2.1
2-3 дня,2026-08-07T01:31:32Z,2026-08-09T11:00:00Z,57.5,33.2,30.8,30.9,2.4,2.4
2-3 дня,2026-08-07T01:31:32Z,2026-08-09T12:00:00Z,58.5,33.7,32.4,31.4,1.3,1.3
2-3 дня,2026-08-07T01:31:32Z,2026-08-09T13:00:00Z,59.5,34.0,32.7,32.0,1.3,1.3
2-3 дня,2026-08-07T01:31:32Z,2026-08-09T14:00:00Z,60.5,34.0,33.2,31.3,0.8,0.8
2-3 дня,2026-08-07T01:31:32Z,2026-08-09T15:00:00Z,61.5,33.6,33.1,32.0,0.5,0.5
2-3 дня,2026-08-07T01:31:32Z,2026-08-09T16:00:00Z,62.5,32.9,32.2,31.3,0.7,0.7
2-3 дня,2026-08-07T01:31:32Z,2026-08-09T17:00:00Z,63.5,31.5,30.8,30.0,0.7,0.7
2-3 дня,2026-08-07T01:31:32Z,2026-08-09T18:00:00Z,64.5,28.3,29.7,29.2,-1.4,1.4
2-3 дня,2026-08-07T01:31:32Z,2026-08-09T19:00:00Z,65.5,25.8,28.3,28.4,-2.5,2.5
2-3 дня,2026-08-07T01:31:32Z,2026-08-09T20:00:00Z,66.5,24.4,27.3,27.6,-2.9,2.9
2-3 дня,2026-08-07T01:31:32Z,2026-08-09T21:00:00Z,67.5,23.3,26.6,26.6,-3.3,3.3
2-3 дня,2026-08-07T01:31:32Z,2026-08-09T22:00:00Z,68.5,22.4,24.9,25.4,-2.5,2.5
2-3 дня,2026-08-07T01:31:32Z,2026-08-09T23:00:00Z,69.5,21.7,24.0,24.9,-2.3,2.3
2-3 дня,2026-08-07T01:31:32Z,2026-08-10T00:00:00Z,70.5,21.1,23.3,24.2,-2.2,2.2
2-3 дня,2026-08-07T01:31:32Z,2026-08-10T01:00:00Z,71.5,20.4,22.9,23.8,-2.5,2.5
2-3 дня,2026-08-07T05:36:00Z,2026-08-09T06:00:00Z,48.4,21.8,23.2,22.6,-1.4,1.4
2-3 дня,2026-08-07T05:36:00Z,2026-08-09T07:00:00Z,49.4,24.2,24.7,24.4,-0.5,0.5
2-3 дня,2026-08-07T05:36:00Z,2026-08-09T08:00:00Z,50.4,26.8,27.1,25.6,-0.3,0.3
2-3 дня,2026-08-07T05:36:00Z,2026-08-09T09:00:00Z,51.4,29.3,28.8,28.1,0.5,0.5
2-3 дня,2026-08-07T05:36:00Z,2026-08-09T10:00:00Z,52.4,31.1,30.1,29.7,1.0,1.0
2-3 дня,2026-08-07T05:36:00Z,2026-08-09T11:00:00Z,53.4,32.1,30.8,30.9,1.3,1.3
2-3 дня,2026-08-07T05:36:00Z,2026-08-09T12:00:00Z,54.4,32.8,32.4,31.4,0.4,0.4
2-3 дня,2026-08-07T05:36:00Z,2026-08-09T13:00:00Z,55.4,33.0,32.7,32.0,0.3,0.3
2-3 дня,2026-08-07T05:36:00Z,2026-08-09T14:00:00Z,56.4,33.0,33.2,31.3,-0.2,0.2
2-3 дня,2026-08-07T05:36:00Z,2026-08-09T15:00:00Z,57.4,32.7,33.1,32.0,-0.4,0.4
2-3 дня,2026-08-07T05:36:00Z,2026-08-09T16:00:00Z,58.4,32.0,32.2,31.3,-0.2,0.2
2-3 дня,2026-08-07T05:36:00Z,2026-08-09T17:00:00Z,59.4,30.6,30.8,30.0,-0.2,0.2
2-3 дня,2026-08-07T05:36:00Z,2026-08-09T18:00:00Z,60.4,27.7,29.7,29.2,-2.0,2.0
2-3 дня,2026-08-07T05:36:00Z,2026-08-09T19:00:00Z,61.4,24.4,28.3,28.4,-3.9,3.9
2-3 дня,2026-08-07T05:36:00Z,2026-08-09T20:00:00Z,62.4,22.8,27.3,27.6,-4.5,4.5
2-3 дня,2026-08-07T05:36:00Z,2026-08-09T21:00:00Z,63.4,21.9,26.6,26.6,-4.7,4.7
2-3 дня,2026-08-07T05:36:00Z,2026-08-09T22:00:00Z,64.4,21.3,24.9,25.4,-3.6,3.6
2-3 дня,2026-08-07T05:36:00Z,2026-08-09T23:00:00Z,65.4,20.8,24.0,24.9,-3.2,3.2
2-3 дня,2026-08-07T05:36:00Z,2026-08-10T00:00:00Z,66.4,20.3,23.3,24.2,-3.0,3.0
2-3 дня,2026-08-07T05:36:00Z,2026-08-10T01:00:00Z,67.4,19.6,22.9,23.8,-3.3,3.3
2-3 дня,2026-08-07T05:36:00Z,2026-08-10T02:00:00Z,68.4,19.0,23.1,22.8,-4.1,4.1
2-3 дня,2026-08-07T05:36:00Z,2026-08-10T03:00:00Z,69.4,18.6,22.6,21.3,-4.0,4.0
2-3 дня,2026-08-07T05:36:00Z,2026-08-10T04:00:00Z,70.4,18.5,21.3,20.7,-2.8,2.8
2-3 дня,2026-08-07T05:36:00Z,2026-08-10T05:00:00Z,71.4,20.5,24.9,21.8,-4.4,4.4
2-3 дня,2026-08-07T06:18:59Z,2026-08-09T07:00:00Z,48.7,24.2,24.7,24.4,-0.5,0.5
2-3 дня,2026-08-07T06:18:59Z,2026-08-09T08:00:00Z,49.7,26.8,27.1,25.6,-0.3,0.3
2-3 дня,2026-08-07T06:18:59Z,2026-08-09T09:00:00Z,50.7,29.3,28.8,28.1,0.5,0.5
2-3 дня,2026-08-07T06:18:59Z,2026-08-09T10:00:00Z,51.7,31.1,30.1,29.7,1.0,1.0
2-3 дня,2026-08-07T06:18:59Z,2026-08-09T11:00:00Z,52.7,32.1,30.8,30.9,1.3,1.3
2-3 дня,2026-08-07T06:18:59Z,2026-08-09T12:00:00Z,53.7,32.8,32.4,31.4,0.4,0.4
2-3 дня,2026-08-07T06:18:59Z,2026-08-09T13:00:00Z,54.7,33.0,32.7,32.0,0.3,0.3
2-3 дня,2026-08-07T06:18:59Z,2026-08-09T14:00:00Z,55.7,33.0,33.2,31.3,-0.2,0.2
2-3 дня,2026-08-07T06:18:59Z,2026-08-09T15:00:00Z,56.7,32.7,33.1,32.0,-0.4,0.4
2-3 дня,2026-08-07T06:18:59Z,2026-08-09T16:00:00Z,57.7,32.0,32.2,31.3,-0.2,0.2
2-3 дня,2026-08-07T06:18:59Z,2026-08-09T17:00:00Z,58.7,30.6,30.8,30.0,-0.2,0.2
2-3 дня,2026-08-07T06:18:59Z,2026-08-09T18:00:00Z,59.7,27.7,29.7,29.2,-2.0,2.0
2-3 дня,2026-08-07T06:18:59Z,2026-08-09T19:00:00Z,60.7,24.4,28.3,28.4,-3.9,3.9
2-3 дня,2026-08-07T06:18:59Z,2026-08-09T20:00:00Z,61.7,22.8,27.3,27.6,-4.5,4.5
2-3 дня,2026-08-07T06:18:59Z,2026-08-09T21:00:00Z,62.7,21.9,26.6,26.6,-4.7,4.7
2-3 дня,2026-08-07T06:18:59Z,2026-08-09T22:00:00Z,63.7,21.3,24.9,25.4,-3.6,3.6
2-3 дня,2026-08-07T06:18:59Z,2026-08-09T23:00:00Z,64.7,20.8,24.0,24.9,-3.2,3.2
2-3 дня,2026-08-07T06:18:59Z,2026-08-10T00:00:00Z,65.7,20.3,23.3,24.2,-3.0,3.0
2-3 дня,2026-08-07T06:18:59Z,2026-08-10T01:00:00Z,66.7,19.6,22.9,23.8,-3.3,3.3
2-3 дня,2026-08-07T06:18:59Z,2026-08-10T02:00:00Z,67.7,19.0,23.1,22.8,-4.1,4.1
2-3 дня,2026-08-07T06:18:59Z,2026-08-10T03:00:00Z,68.7,18.6,22.6,21.3,-4.0,4.0
2-3 дня,2026-08-07T06:18:59Z,2026-08-10T04:00:00Z,69.7,18.5,21.3,20.7,-2.8,2.8
2-3 дня,2026-08-07T06:18:59Z,2026-08-10T05:00:00Z,70.7,20.5,24.9,21.8,-4.4,4.4
2-3 дня,2026-08-07T06:18:59Z,2026-08-10T06:00:00Z,71.7,25.1,26.2,23.2,-1.1,1.1
2-3 дня,2026-08-07T07:13:52Z,2026-08-09T08:00:00Z,48.8,26.8,27.1,25.6,-0.3,0.3
2-3 дня,2026-08-07T07:13:52Z,2026-08-09T09:00:00Z,49.8,29.3,28.8,28.1,0.5,0.5
2-3 дня,2026-08-07T07:13:52Z,2026-08-09T10:00:00Z,50.8,31.1,30.1,29.7,1.0,1.0
2-3 дня,2026-08-07T07:13:52Z,2026-08-09T11:00:00Z,51.8,32.1,30.8,30.9,1.3,1.3
2-3 дня,2026-08-07T07:13:52Z,2026-08-09T12:00:00Z,52.8,32.8,32.4,31.4,0.4,0.4
2-3 дня,2026-08-07T07:13:52Z,2026-08-09T13:00:00Z,53.8,33.0,32.7,32.0,0.3,0.3
2-3 дня,2026-08-07T07:13:52Z,2026-08-09T14:00:00Z,54.8,33.0,33.2,31.3,-0.2,0.2
2-3 дня,2026-08-07T07:13:52Z,2026-08-09T15:00:00Z,55.8,32.7,33.1,32.0,-0.4,0.4
2-3 дня,2026-08-07T07:13:52Z,2026-08-09T16:00:00Z,56.8,32.0,32.2,31.3,-0.2,0.2
2-3 дня,2026-08-07T07:13:52Z,2026-08-09T17:00:00Z,57.8,30.6,30.8,30.0,-0.2,0.2
2-3 дня,2026-08-07T07:13:52Z,2026-08-09T18:00:00Z,58.8,27.7,29.7,29.2,-2.0,2.0
2-3 дня,2026-08-07T07:13:52Z,2026-08-09T19:00:00Z,59.8,24.4,28.3,28.4,-3.9,3.9
2-3 дня,2026-08-07T07:13:52Z,2026-08-09T20:00:00Z,60.8,22.8,27.3,27.6,-4.5,4.5
2-3 дня,2026-08-07T07:13:52Z,2026-08-09T21:00:00Z,61.8,21.9,26.6,26.6,-4.7,4.7
2-3 дня,2026-08-07T07:13:52Z,2026-08-09T22:00:00Z,62.8,21.3,24.9,25.4,-3.6,3.6
2-3 дня,2026-08-07T07:13:52Z,2026-08-09T23:00:00Z,63.8,20.8,24.0,24.9,-3.2,3.2
2-3 дня,2026-08-07T07:13:52Z,2026-08-10T00:00:00Z,64.8,20.3,23.3,24.2,-3.0,3.0
2-3 дня,2026-08-07T07:13:52Z,2026-08-10T01:00:00Z,65.8,19.6,22.9,23.8,-3.3,3.3
2-3 дня,2026-08-07T07:13:52Z,2026-08-10T02:00:00Z,66.8,19.0,23.1,22.8,-4.1,4.1
2-3 дня,2026-08-07T07:13:52Z,2026-08-10T03:00:00Z,67.8,18.6,22.6,21.3,-4.0,4.0
2-3 дня,2026-08-07T07:13:52Z,2026-08-10T04:00:00Z,68.8,18.5,21.3,20.7,-2.8,2.8
2-3 дня,2026-08-07T07:13:52Z,2026-08-10T05:00:00Z,69.8,20.5,24.9,21.8,-4.4,4.4
2-3 дня,2026-08-07T07:13:52Z,2026-08-10T06:00:00Z,70.8,25.1,26.2,23.2,-1.1,1.1
2-3 дня,2026-08-07T07:13:52Z,2026-08-10T07:00:00Z,71.8,27.6,28.3,24.7,-0.7,0.7
2-3 дня,2026-08-07T10:39:14Z,2026-08-09T11:00:00Z,48.3,31.8,30.8,30.9,1.0,1.0
2-3 дня,2026-08-07T10:39:14Z,2026-08-09T12:00:00Z,49.3,32.4,32.4,31.4,0.0,0.0
2-3 дня,2026-08-07T10:39:14Z,2026-08-09T13:00:00Z,50.3,32.6,32.7,32.0,-0.1,0.1
2-3 дня,2026-08-07T10:39:14Z,2026-08-09T14:00:00Z,51.3,32.6,33.2,31.3,-0.6,0.6
2-3 дня,2026-08-07T10:39:14Z,2026-08-09T15:00:00Z,52.3,32.4,33.1,32.0,-0.7,0.7
2-3 дня,2026-08-07T10:39:14Z,2026-08-09T16:00:00Z,53.3,31.7,32.2,31.3,-0.5,0.5
2-3 дня,2026-08-07T10:39:14Z,2026-08-09T17:00:00Z,54.3,30.3,30.8,30.0,-0.5,0.5
2-3 дня,2026-08-07T10:39:14Z,2026-08-09T18:00:00Z,55.3,27.7,29.7,29.2,-2.0,2.0
2-3 дня,2026-08-07T10:39:14Z,2026-08-09T19:00:00Z,56.3,25.4,28.3,28.4,-2.9,2.9
2-3 дня,2026-08-07T10:39:14Z,2026-08-09T20:00:00Z,57.3,23.2,27.3,27.6,-4.1,4.1
2-3 дня,2026-08-07T10:39:14Z,2026-08-09T21:00:00Z,58.3,22.1,26.6,26.6,-4.5,4.5
2-3 дня,2026-08-07T10:39:14Z,2026-08-09T22:00:00Z,59.3,21.4,24.9,25.4,-3.5,3.5
2-3 дня,2026-08-07T10:39:14Z,2026-08-09T23:00:00Z,60.3,20.9,24.0,24.9,-3.1,3.1
2-3 дня,2026-08-07T10:39:14Z,2026-08-10T00:00:00Z,61.3,20.3,23.3,24.2,-3.0,3.0
2-3 дня,2026-08-07T10:39:14Z,2026-08-10T01:00:00Z,62.3,19.7,22.9,23.8,-3.2,3.2
2-3 дня,2026-08-07T10:39:14Z,2026-08-10T02:00:00Z,63.3,18.9,23.1,22.8,-4.2,4.2
2-3 дня,2026-08-07T10:39:14Z,2026-08-10T03:00:00Z,64.3,18.2,22.6,21.3,-4.4,4.4
2-3 дня,2026-08-07T10:39:14Z,2026-08-10T04:00:00Z,65.3,18.1,21.3,20.7,-3.2,3.2
2-3 дня,2026-08-07T10:39:14Z,2026-08-10T05:00:00Z,66.3,20.0,24.9,21.8,-4.9,4.9
2-3 дня,2026-08-07T10:39:14Z,2026-08-10T06:00:00Z,67.3,24.6,26.2,23.2,-1.6,1.6
2-3 дня,2026-08-07T10:39:14Z,2026-08-10T07:00:00Z,68.3,28.0,28.3,24.7,-0.3,0.3
2-3 дня,2026-08-07T10:39:14Z,2026-08-10T08:00:00Z,69.3,30.4,30.6,27.1,-0.2,0.2
2-3 дня,2026-08-07T10:39:14Z,2026-08-10T09:00:00Z,70.3,32.1,32.5,28.8,-0.4,0.4
2-3 дня,2026-08-07T10:39:14Z,2026-08-10T10:00:00Z,71.3,33.0,32.7,30.1,0.3,0.3
2-3 дня,2026-08-07T16:51:54Z,2026-08-09T17:00:00Z,48.1,30.4,30.8,30.0,-0.4,0.4
2-3 дня,2026-08-07T16:51:54Z,2026-08-09T18:00:00Z,49.1,26.7,29.7,29.2,-3.0,3.0
2-3 дня,2026-08-07T16:51:54Z,2026-08-09T19:00:00Z,50.1,24.5,28.3,28.4,-3.8,3.8
2-3 дня,2026-08-07T16:51:54Z,2026-08-09T20:00:00Z,51.1,23.0,27.3,27.6,-4.3,4.3
2-3 дня,2026-08-07T16:51:54Z,2026-08-09T21:00:00Z,52.1,22.0,26.6,26.6,-4.6,4.6
2-3 дня,2026-08-07T16:51:54Z,2026-08-09T22:00:00Z,53.1,21.4,24.9,25.4,-3.5,3.5
2-3 дня,2026-08-07T16:51:54Z,2026-08-09T23:00:00Z,54.1,20.9,24.0,24.9,-3.1,3.1
2-3 дня,2026-08-07T16:51:54Z,2026-08-10T00:00:00Z,55.1,20.3,23.3,24.2,-3.0,3.0
2-3 дня,2026-08-07T16:51:54Z,2026-08-10T01:00:00Z,56.1,19.6,22.9,23.8,-3.3,3.3
2-3 дня,2026-08-07T16:51:54Z,2026-08-10T02:00:00Z,57.1,18.9,23.1,22.8,-4.2,4.2
2-3 дня,2026-08-07T16:51:54Z,2026-08-10T03:00:00Z,58.1,18.4,22.6,21.3,-4.2,4.2
2-3 дня,2026-08-07T16:51:54Z,2026-08-10T04:00:00Z,59.1,17.7,21.3,20.7,-3.6,3.6
2-3 дня,2026-08-07T16:51:54Z,2026-08-10T05:00:00Z,60.1,19.3,24.9,21.8,-5.6,5.6
2-3 дня,2026-08-07T16:51:54Z,2026-08-10T06:00:00Z,61.1,23.4,26.2,23.2,-2.8,2.8
2-3 дня,2026-08-07T16:51:54Z,2026-08-10T07:00:00Z,62.1,26.8,28.3,24.7,-1.5,1.5
2-3 дня,2026-08-07T16:51:54Z,2026-08-10T08:00:00Z,63.1,29.7,30.6,27.1,-0.9,0.9
2-3 дня,2026-08-07T16:51:54Z,2026-08-10T09:00:00Z,64.1,31.8,32.5,28.8,-0.7,0.7
2-3 дня,2026-08-07T16:51:54Z,2026-08-10T10:00:00Z,65.1,32.8,32.7,30.1,0.1,0.1
2-3 дня,2026-08-07T16:51:54Z,2026-08-10T11:00:00Z,66.1,33.6,33.2,30.8,0.4,0.4
2-3 дня,2026-08-07T16:51:54Z,2026-08-10T12:00:00Z,67.1,34.2,34.1,32.4,0.1,0.1
2-3 дня,2026-08-07T16:51:54Z,2026-08-10T13:00:00Z,68.1,34.5,34.1,32.7,0.4,0.4
2-3 дня,2026-08-07T16:51:54Z,2026-08-10T14:00:00Z,69.1,34.6,34.6,33.2,0.0,0.0
2-3 дня,2026-08-07T16:51:54Z,2026-08-10T15:00:00Z,70.1,34.3,34.7,33.1,-0.4,0.4
2-3 дня,2026-08-07T16:51:54Z,2026-08-10T16:00:00Z,71.1,33.6,34.0,32.2,-0.4,0.4
2-3 дня,2026-08-07T22:45:57Z,2026-08-09T23:00:00Z,48.2,20.4,24.0,24.9,-3.6,3.6
2-3 дня,2026-08-07T22:45:57Z,2026-08-10T00:00:00Z,49.2,19.9,23.3,24.2,-3.4,3.4
2-3 дня,2026-08-07T22:45:57Z,2026-08-10T01:00:00Z,50.2,18.9,22.9,23.8,-4.0,4.0
2-3 дня,2026-08-07T22:45:57Z,2026-08-10T02:00:00Z,51.2,18.3,23.1,22.8,-4.8,4.8
2-3 дня,2026-08-07T22:45:57Z,2026-08-10T03:00:00Z,52.2,17.8,22.6,21.3,-4.8,4.8
2-3 дня,2026-08-07T22:45:57Z,2026-08-10T04:00:00Z,53.2,17.5,21.3,20.7,-3.8,3.8
2-3 дня,2026-08-07T22:45:57Z,2026-08-10T05:00:00Z,54.2,19.3,24.9,21.8,-5.6,5.6
2-3 дня,2026-08-07T22:45:57Z,2026-08-10T06:00:00Z,55.2,23.7,26.2,23.2,-2.5,2.5
2-3 дня,2026-08-07T22:45:57Z,2026-08-10T07:00:00Z,56.2,27.2,28.3,24.7,-1.1,1.1
2-3 дня,2026-08-07T22:45:57Z,2026-08-10T08:00:00Z,57.2,29.9,30.6,27.1,-0.7,0.7
2-3 дня,2026-08-07T22:45:57Z,2026-08-10T09:00:00Z,58.2,31.5,32.5,28.8,-1.0,1.0
2-3 дня,2026-08-07T22:45:57Z,2026-08-10T10:00:00Z,59.2,32.4,32.7,30.1,-0.3,0.3
2-3 дня,2026-08-07T22:45:57Z,2026-08-10T11:00:00Z,60.2,33.2,33.2,30.8,0.0,0.0
2-3 дня,2026-08-07T22:45:57Z,2026-08-10T12:00:00Z,61.2,33.8,34.1,32.4,-0.3,0.3
2-3 дня,2026-08-07T22:45:57Z,2026-08-10T13:00:00Z,62.2,34.1,34.1,32.7,0.0,0.0
2-3 дня,2026-08-07T22:45:57Z,2026-08-10T14:00:00Z,63.2,34.1,34.6,33.2,-0.5,0.5
2-3 дня,2026-08-07T22:45:57Z,2026-08-10T15:00:00Z,64.2,33.8,34.7,33.1,-0.9,0.9
2-3 дня,2026-08-07T22:45:57Z,2026-08-10T16:00:00Z,65.2,33.2,34.0,32.2,-0.8,0.8
2-3 дня,2026-08-07T22:45:57Z,2026-08-10T17:00:00Z,66.2,31.7,32.8,30.8,-1.1,1.1
2-3 дня,2026-08-07T22:45:57Z,2026-08-10T18:00:00Z,67.2,28.5,31.8,29.7,-3.3,3.3
2-3 дня,2026-08-07T22:45:57Z,2026-08-10T19:00:00Z,68.2,25.3,29.7,28.3,-4.4,4.4
2-3 дня,2026-08-07T22:45:57Z,2026-08-10T20:00:00Z,69.2,23.9,29.3,27.3,-5.4,5.4
2-3 дня,2026-08-07T22:45:57Z,2026-08-10T21:00:00Z,70.2,23.1,27.1,26.6,-4.0,4.0
2-3 дня,2026-08-07T22:45:57Z,2026-08-10T22:00:00Z,71.2,22.3,26.6,24.9,-4.3,4.3
2-3 дня,2026-08-07T23:19:23Z,2026-08-10T00:00:00Z,48.7,19.9,23.3,24.2,-3.4,3.4
2-3 дня,2026-08-07T23:19:23Z,2026-08-10T01:00:00Z,49.7,18.9,22.9,23.8,-4.0,4.0
2-3 дня,2026-08-07T23:19:23Z,2026-08-10T02:00:00Z,50.7,18.3,23.1,22.8,-4.8,4.8
2-3 дня,2026-08-07T23:19:23Z,2026-08-10T03:00:00Z,51.7,17.8,22.6,21.3,-4.8,4.8
2-3 дня,2026-08-07T23:19:23Z,2026-08-10T04:00:00Z,52.7,17.5,21.3,20.7,-3.8,3.8
2-3 дня,2026-08-07T23:19:23Z,2026-08-10T05:00:00Z,53.7,19.3,24.9,21.8,-5.6,5.6
2-3 дня,2026-08-07T23:19:23Z,2026-08-10T06:00:00Z,54.7,23.7,26.2,23.2,-2.5,2.5
2-3 дня,2026-08-07T23:19:23Z,2026-08-10T07:00:00Z,55.7,27.2,28.3,24.7,-1.1,1.1
2-3 дня,2026-08-07T23:19:23Z,2026-08-10T08:00:00Z,56.7,29.9,30.6,27.1,-0.7,0.7
2-3 дня,2026-08-07T23:19:23Z,2026-08-10T09:00:00Z,57.7,31.5,32.5,28.8,-1.0,1.0
2-3 дня,2026-08-07T23:19:23Z,2026-08-10T10:00:00Z,58.7,32.4,32.7,30.1,-0.3,0.3
2-3 дня,2026-08-07T23:19:23Z,2026-08-10T11:00:00Z,59.7,33.2,33.2,30.8,0.0,0.0
2-3 дня,2026-08-07T23:19:23Z,2026-08-10T12:00:00Z,60.7,33.8,34.1,32.4,-0.3,0.3
2-3 дня,2026-08-07T23:19:23Z,2026-08-10T13:00:00Z,61.7,34.1,34.1,32.7,0.0,0.0
2-3 дня,2026-08-07T23:19:23Z,2026-08-10T14:00:00Z,62.7,34.1,34.6,33.2,-0.5,0.5
2-3 дня,2026-08-07T23:19:23Z,2026-08-10T15:00:00Z,63.7,33.8,34.7,33.1,-0.9,0.9
2-3 дня,2026-08-07T23:19:23Z,2026-08-10T16:00:00Z,64.7,33.2,34.0,32.2,-0.8,0.8
2-3 дня,2026-08-07T23:19:23Z,2026-08-10T17:00:00Z,65.7,31.7,32.8,30.8,-1.1,1.1
2-3 дня,2026-08-07T23:19:23Z,2026-08-10T18:00:00Z,66.7,28.5,31.8,29.7,-3.3,3.3
2-3 дня,2026-08-07T23:19:23Z,2026-08-10T19:00:00Z,67.7,25.3,29.7,28.3,-4.4,4.4
2-3 дня,2026-08-07T23:19:23Z,2026-08-10T20:00:00Z,68.7,23.9,29.3,27.3,-5.4,5.4
2-3 дня,2026-08-07T23:19:23Z,2026-08-10T21:00:00Z,69.7,23.1,27.1,26.6,-4.0,4.0
2-3 дня,2026-08-07T23:19:23Z,2026-08-10T22:00:00Z,70.7,22.3,26.6,24.9,-4.3,4.3
2-3 дня,2026-08-07T23:19:23Z,2026-08-10T23:00:00Z,71.7,21.8,26.2,24.0,-4.4,4.4
2-3 дня,2026-08-08T04:50:53Z,2026-08-10T05:00:00Z,48.2,18.6,24.9,21.8,-6.3,6.3
2-3 дня,2026-08-08T04:50:53Z,2026-08-10T06:00:00Z,49.2,23.2,26.2,23.2,-3.0,3.0
2-3 дня,2026-08-08T04:50:53Z,2026-08-10T07:00:00Z,50.2,26.6,28.3,24.7,-1.7,1.7
2-3 дня,2026-08-08T04:50:53Z,2026-08-10T08:00:00Z,51.2,29.2,30.6,27.1,-1.4,1.4
2-3 дня,2026-08-08T04:50:53Z,2026-08-10T09:00:00Z,52.2,30.8,32.5,28.8,-1.7,1.7
2-3 дня,2026-08-08T04:50:53Z,2026-08-10T10:00:00Z,53.2,31.8,32.7,30.1,-0.9,0.9
2-3 дня,2026-08-08T04:50:53Z,2026-08-10T11:00:00Z,54.2,32.7,33.2,30.8,-0.5,0.5
2-3 дня,2026-08-08T04:50:53Z,2026-08-10T12:00:00Z,55.2,33.4,34.1,32.4,-0.7,0.7
2-3 дня,2026-08-08T04:50:53Z,2026-08-10T13:00:00Z,56.2,33.8,34.1,32.7,-0.3,0.3
2-3 дня,2026-08-08T04:50:53Z,2026-08-10T14:00:00Z,57.2,33.9,34.6,33.2,-0.7,0.7
2-3 дня,2026-08-08T04:50:53Z,2026-08-10T15:00:00Z,58.2,33.6,34.7,33.1,-1.1,1.1
2-3 дня,2026-08-08T04:50:53Z,2026-08-10T16:00:00Z,59.2,32.9,34.0,32.2,-1.1,1.1
2-3 дня,2026-08-08T04:50:53Z,2026-08-10T17:00:00Z,60.2,31.2,32.8,30.8,-1.6,1.6
2-3 дня,2026-08-08T04:50:53Z,2026-08-10T18:00:00Z,61.2,28.2,31.8,29.7,-3.6,3.6
2-3 дня,2026-08-08T04:50:53Z,2026-08-10T19:00:00Z,62.2,25.3,29.7,28.3,-4.4,4.4
2-3 дня,2026-08-08T04:50:53Z,2026-08-10T20:00:00Z,63.2,22.4,29.3,27.3,-6.9,6.9
2-3 дня,2026-08-08T04:50:53Z,2026-08-10T21:00:00Z,64.2,21.9,27.1,26.6,-5.2,5.2
2-3 дня,2026-08-08T04:50:53Z,2026-08-10T22:00:00Z,65.2,21.1,26.6,24.9,-5.5,5.5
2-3 дня,2026-08-08T04:50:53Z,2026-08-10T23:00:00Z,66.2,20.8,26.2,24.0,-5.4,5.4
2-3 дня,2026-08-08T04:50:53Z,2026-08-11T00:00:00Z,67.2,20.5,25.5,23.3,-5.0,5.0
2-3 дня,2026-08-08T04:50:53Z,2026-08-11T01:00:00Z,68.2,20.4,23.9,22.9,-3.5,3.5
2-3 дня,2026-08-08T04:50:53Z,2026-08-11T02:00:00Z,69.2,19.8,23.2,23.1,-3.4,3.4
2-3 дня,2026-08-08T04:50:53Z,2026-08-11T03:00:00Z,70.2,19.3,22.4,22.6,-3.1,3.1
2-3 дня,2026-08-08T04:50:53Z,2026-08-11T04:00:00Z,71.2,18.7,22.2,21.3,-3.5,3.5
2-3 дня,2026-08-08T10:18:13Z,2026-08-10T11:00:00Z,48.7,33.0,33.2,30.8,-0.2,0.2
2-3 дня,2026-08-08T10:18:13Z,2026-08-10T12:00:00Z,49.7,33.7,34.1,32.4,-0.4,0.4
2-3 дня,2026-08-08T10:18:13Z,2026-08-10T13:00:00Z,50.7,34.0,34.1,32.7,-0.1,0.1
2-3 дня,2026-08-08T10:18:13Z,2026-08-10T14:00:00Z,51.7,34.2,34.6,33.2,-0.4,0.4
2-3 дня,2026-08-08T10:18:13Z,2026-08-10T15:00:00Z,52.7,33.9,34.7,33.1,-0.8,0.8
2-3 дня,2026-08-08T10:18:13Z,2026-08-10T16:00:00Z,53.7,33.2,34.0,32.2,-0.8,0.8
2-3 дня,2026-08-08T10:18:13Z,2026-08-10T17:00:00Z,54.7,31.3,32.8,30.8,-1.5,1.5
2-3 дня,2026-08-08T10:18:13Z,2026-08-10T18:00:00Z,55.7,27.5,31.8,29.7,-4.3,4.3
2-3 дня,2026-08-08T10:18:13Z,2026-08-10T19:00:00Z,56.7,24.7,29.7,28.3,-5.0,5.0
2-3 дня,2026-08-08T10:18:13Z,2026-08-10T20:00:00Z,57.7,22.7,29.3,27.3,-6.6,6.6
2-3 дня,2026-08-08T10:18:13Z,2026-08-10T21:00:00Z,58.7,22.0,27.1,26.6,-5.1,5.1
2-3 дня,2026-08-08T10:18:13Z,2026-08-10T22:00:00Z,59.7,21.5,26.6,24.9,-5.1,5.1
2-3 дня,2026-08-08T10:18:13Z,2026-08-10T23:00:00Z,60.7,21.1,26.2,24.0,-5.1,5.1
2-3 дня,2026-08-08T10:18:13Z,2026-08-11T00:00:00Z,61.7,21.0,25.5,23.3,-4.5,4.5
2-3 дня,2026-08-08T10:18:13Z,2026-08-11T01:00:00Z,62.7,20.5,23.9,22.9,-3.4,3.4
2-3 дня,2026-08-08T10:18:13Z,2026-08-11T02:00:00Z,63.7,19.9,23.2,23.1,-3.3,3.3
2-3 дня,2026-08-08T10:18:13Z,2026-08-11T03:00:00Z,64.7,19.5,22.4,22.6,-2.9,2.9
2-3 дня,2026-08-08T10:18:13Z,2026-08-11T04:00:00Z,65.7,19.6,22.2,21.3,-2.6,2.6
2-3 дня,2026-08-08T10:18:13Z,2026-08-11T05:00:00Z,66.7,21.5,24.5,24.9,-3.0,3.0
2-3 дня,2026-08-08T10:18:13Z,2026-08-11T06:00:00Z,67.7,25.5,26.8,26.2,-1.3,1.3
2-3 дня,2026-08-08T10:18:13Z,2026-08-11T07:00:00Z,68.7,29.5,29.0,28.3,0.5,0.5
2-3 дня,2026-08-08T10:18:13Z,2026-08-11T08:00:00Z,69.7,31.8,30.6,30.6,1.2,1.2
2-3 дня,2026-08-08T10:18:13Z,2026-08-11T09:00:00Z,70.7,33.7,32.0,32.5,1.7,1.7
2-3 дня,2026-08-08T10:18:13Z,2026-08-11T10:00:00Z,71.7,35.2,34.7,32.7,0.5,0.5
2-3 дня,2026-08-08T22:37:20Z,2026-08-10T23:00:00Z,48.4,21.9,26.2,24.0,-4.3,4.3
2-3 дня,2026-08-08T22:37:20Z,2026-08-11T00:00:00Z,49.4,21.8,25.5,23.3,-3.7,3.7
2-3 дня,2026-08-08T22:37:20Z,2026-08-11T01:00:00Z,50.4,21.4,23.9,22.9,-2.5,2.5
2-3 дня,2026-08-08T22:37:20Z,2026-08-11T02:00:00Z,51.4,21.0,23.2,23.1,-2.2,2.2
2-3 дня,2026-08-08T22:37:20Z,2026-08-11T03:00:00Z,52.4,20.6,22.4,22.6,-1.8,1.8
2-3 дня,2026-08-08T22:37:20Z,2026-08-11T04:00:00Z,53.4,20.4,22.2,21.3,-1.8,1.8
2-3 дня,2026-08-08T22:37:20Z,2026-08-11T05:00:00Z,54.4,22.0,24.5,24.9,-2.5,2.5
2-3 дня,2026-08-08T22:37:20Z,2026-08-11T06:00:00Z,55.4,26.1,26.8,26.2,-0.7,0.7
2-3 дня,2026-08-08T22:37:20Z,2026-08-11T07:00:00Z,56.4,29.3,29.0,28.3,0.3,0.3
2-3 дня,2026-08-08T22:37:20Z,2026-08-11T08:00:00Z,57.4,31.6,30.6,30.6,1.0,1.0
2-3 дня,2026-08-08T22:37:20Z,2026-08-11T09:00:00Z,58.4,33.6,32.0,32.5,1.6,1.6
2-3 дня,2026-08-08T22:37:20Z,2026-08-11T10:00:00Z,59.4,35.2,34.7,32.7,0.5,0.5
2-3 дня,2026-08-08T22:37:20Z,2026-08-11T11:00:00Z,60.4,36.3,35.7,33.2,0.6,0.6
2-3 дня,2026-08-08T22:37:20Z,2026-08-11T12:00:00Z,61.4,37.0,36.7,34.1,0.3,0.3
2-3 дня,2026-08-08T22:37:20Z,2026-08-11T13:00:00Z,62.4,37.4,37.1,34.1,0.3,0.3
2-3 дня,2026-08-08T22:37:20Z,2026-08-11T14:00:00Z,63.4,37.5,37.7,34.6,-0.2,0.2
2-3 дня,2026-08-08T22:37:20Z,2026-08-11T15:00:00Z,64.4,37.2,37.3,34.7,-0.1,0.1
2-3 дня,2026-08-08T22:37:20Z,2026-08-11T16:00:00Z,65.4,36.3,36.2,34.0,0.1,0.1
2-3 дня,2026-08-08T22:37:20Z,2026-08-11T17:00:00Z,66.4,35.0,34.9,32.8,0.1,0.1
2-3 дня,2026-08-08T22:37:20Z,2026-08-11T18:00:00Z,67.4,31.1,33.0,31.8,-1.9,1.9
2-3 дня,2026-08-08T22:37:20Z,2026-08-11T19:00:00Z,68.4,28.9,31.2,29.7,-2.3,2.3
2-3 дня,2026-08-08T22:37:20Z,2026-08-11T20:00:00Z,69.4,27.5,29.6,29.3,-2.1,2.1
2-3 дня,2026-08-08T22:37:20Z,2026-08-11T21:00:00Z,70.4,27.1,28.3,27.1,-1.2,1.2
2-3 дня,2026-08-08T22:37:20Z,2026-08-11T22:00:00Z,71.4,26.5,29.1,26.6,-2.6,2.6
2-3 дня,2026-08-09T04:59:03Z,2026-08-11T05:00:00Z,48.0,21.3,24.5,24.9,-3.2,3.2
2-3 дня,2026-08-09T04:59:03Z,2026-08-11T06:00:00Z,49.0,25.6,26.8,26.2,-1.2,1.2
2-3 дня,2026-08-09T04:59:03Z,2026-08-11T07:00:00Z,50.0,28.9,29.0,28.3,-0.1,0.1
2-3 дня,2026-08-09T04:59:03Z,2026-08-11T08:00:00Z,51.0,31.3,30.6,30.6,0.7,0.7
2-3 дня,2026-08-09T04:59:03Z,2026-08-11T09:00:00Z,52.0,33.2,32.0,32.5,1.2,1.2
2-3 дня,2026-08-09T04:59:03Z,2026-08-11T10:00:00Z,53.0,34.7,34.7,32.7,0.0,0.0
2-3 дня,2026-08-09T04:59:03Z,2026-08-11T11:00:00Z,54.0,35.8,35.7,33.2,0.1,0.1
2-3 дня,2026-08-09T04:59:03Z,2026-08-11T12:00:00Z,55.0,36.5,36.7,34.1,-0.2,0.2
2-3 дня,2026-08-09T04:59:03Z,2026-08-11T13:00:00Z,56.0,36.9,37.1,34.1,-0.2,0.2
2-3 дня,2026-08-09T04:59:03Z,2026-08-11T14:00:00Z,57.0,37.0,37.7,34.6,-0.7,0.7
2-3 дня,2026-08-09T04:59:03Z,2026-08-11T15:00:00Z,58.0,36.7,37.3,34.7,-0.6,0.6
2-3 дня,2026-08-09T04:59:03Z,2026-08-11T16:00:00Z,59.0,36.1,36.2,34.0,-0.1,0.1
2-3 дня,2026-08-09T04:59:03Z,2026-08-11T17:00:00Z,60.0,34.5,34.9,32.8,-0.4,0.4
2-3 дня,2026-08-09T04:59:03Z,2026-08-11T18:00:00Z,61.0,30.4,33.0,31.8,-2.6,2.6
2-3 дня,2026-08-09T04:59:03Z,2026-08-11T19:00:00Z,62.0,28.3,31.2,29.7,-2.9,2.9
2-3 дня,2026-08-09T04:59:03Z,2026-08-11T20:00:00Z,63.0,27.5,29.6,29.3,-2.1,2.1
2-3 дня,2026-08-09T04:59:03Z,2026-08-11T21:00:00Z,64.0,26.6,28.3,27.1,-1.7,1.7
2-3 дня,2026-08-09T04:59:03Z,2026-08-11T22:00:00Z,65.0,25.8,29.1,26.6,-3.3,3.3
2-3 дня,2026-08-09T04:59:03Z,2026-08-11T23:00:00Z,66.0,25.2,29.2,26.2,-4.0,4.0
2-3 дня,2026-08-09T04:59:03Z,2026-08-12T00:00:00Z,67.0,24.2,27.7,25.5,-3.5,3.5
2-3 дня,2026-08-09T04:59:03Z,2026-08-12T01:00:00Z,68.0,22.9,26.2,23.9,-3.3,3.3
2-3 дня,2026-08-09T04:59:03Z,2026-08-12T02:00:00Z,69.0,21.6,25.1,23.2,-3.5,3.5
2-3 дня,2026-08-09T04:59:03Z,2026-08-12T03:00:00Z,70.0,21.8,24.0,22.4,-2.2,2.2
2-3 дня,2026-08-09T04:59:03Z,2026-08-12T04:00:00Z,71.0,21.7,23.2,22.2,-1.5,1.5
2-3 дня,2026-08-09T10:19:29Z,2026-08-11T11:00:00Z,48.7,36.3,35.7,33.2,0.6,0.6
2-3 дня,2026-08-09T10:19:29Z,2026-08-11T12:00:00Z,49.7,37.0,36.7,34.1,0.3,0.3
2-3 дня,2026-08-09T10:19:29Z,2026-08-11T13:00:00Z,50.7,37.2,37.1,34.1,0.1,0.1
2-3 дня,2026-08-09T10:19:29Z,2026-08-11T14:00:00Z,51.7,36.5,37.7,34.6,-1.2,1.2
2-3 дня,2026-08-09T10:19:29Z,2026-08-11T15:00:00Z,52.7,35.7,37.3,34.7,-1.6,1.6
2-3 дня,2026-08-09T10:19:29Z,2026-08-11T16:00:00Z,53.7,35.2,36.2,34.0,-1.0,1.0
2-3 дня,2026-08-09T10:19:29Z,2026-08-11T17:00:00Z,54.7,33.9,34.9,32.8,-1.0,1.0
2-3 дня,2026-08-09T10:19:29Z,2026-08-11T18:00:00Z,55.7,31.2,33.0,31.8,-1.8,1.8
2-3 дня,2026-08-09T10:19:29Z,2026-08-11T19:00:00Z,56.7,28.4,31.2,29.7,-2.8,2.8
2-3 дня,2026-08-09T10:19:29Z,2026-08-11T20:00:00Z,57.7,26.4,29.6,29.3,-3.2,3.2
2-3 дня,2026-08-09T10:19:29Z,2026-08-11T21:00:00Z,58.7,25.3,28.3,27.1,-3.0,3.0
2-3 дня,2026-08-09T10:19:29Z,2026-08-11T22:00:00Z,59.7,26.1,29.1,26.6,-3.0,3.0
2-3 дня,2026-08-09T10:19:29Z,2026-08-11T23:00:00Z,60.7,24.7,29.2,26.2,-4.5,4.5
2-3 дня,2026-08-09T10:19:29Z,2026-08-12T00:00:00Z,61.7,23.3,27.7,25.5,-4.4,4.4
2-3 дня,2026-08-09T10:19:29Z,2026-08-12T01:00:00Z,62.7,22.2,26.2,23.9,-4.0,4.0
2-3 дня,2026-08-09T10:19:29Z,2026-08-12T02:00:00Z,63.7,21.1,25.1,23.2,-4.0,4.0
2-3 дня,2026-08-09T10:19:29Z,2026-08-12T03:00:00Z,64.7,20.7,24.0,22.4,-3.3,3.3
2-3 дня,2026-08-09T10:19:29Z,2026-08-12T04:00:00Z,65.7,20.7,23.2,22.2,-2.5,2.5
2-3 дня,2026-08-09T10:19:29Z,2026-08-12T05:00:00Z,66.7,21.2,23.3,24.5,-2.1,2.1
2-3 дня,2026-08-09T10:19:29Z,2026-08-12T06:00:00Z,67.7,23.1,23.6,26.8,-0.5,0.5
2-3 дня,2026-08-09T10:19:29Z,2026-08-12T07:00:00Z,68.7,24.4,24.2,29.0,0.2,0.2
2-3 дня,2026-08-09T10:19:29Z,2026-08-12T08:00:00Z,69.7,26.5,24.7,30.6,1.8,1.8
2-3 дня,2026-08-09T10:19:29Z,2026-08-12T09:00:00Z,70.7,27.9,27.9,32.0,0.0,0.0
2-3 дня,2026-08-09T10:19:29Z,2026-08-12T10:00:00Z,71.7,28.7,29.8,34.7,-1.1,1.1
2-3 дня,2026-08-09T12:41:38Z,2026-08-11T13:00:00Z,48.3,37.2,37.1,34.1,0.1,0.1
2-3 дня,2026-08-09T12:41:38Z,2026-08-11T14:00:00Z,49.3,36.5,37.7,34.6,-1.2,1.2
2-3 дня,2026-08-09T12:41:38Z,2026-08-11T15:00:00Z,50.3,35.7,37.3,34.7,-1.6,1.6
2-3 дня,2026-08-09T12:41:38Z,2026-08-11T16:00:00Z,51.3,35.2,36.2,34.0,-1.0,1.0
2-3 дня,2026-08-09T12:41:38Z,2026-08-11T17:00:00Z,52.3,33.9,34.9,32.8,-1.0,1.0
2-3 дня,2026-08-09T12:41:38Z,2026-08-11T18:00:00Z,53.3,31.2,33.0,31.8,-1.8,1.8
2-3 дня,2026-08-09T12:41:38Z,2026-08-11T19:00:00Z,54.3,28.4,31.2,29.7,-2.8,2.8
2-3 дня,2026-08-09T12:41:38Z,2026-08-11T20:00:00Z,55.3,26.4,29.6,29.3,-3.2,3.2
2-3 дня,2026-08-09T12:41:38Z,2026-08-11T21:00:00Z,56.3,25.3,28.3,27.1,-3.0,3.0
2-3 дня,2026-08-09T12:41:38Z,2026-08-11T22:00:00Z,57.3,26.1,29.1,26.6,-3.0,3.0
2-3 дня,2026-08-09T12:41:38Z,2026-08-11T23:00:00Z,58.3,24.7,29.2,26.2,-4.5,4.5
2-3 дня,2026-08-09T12:41:38Z,2026-08-12T00:00:00Z,59.3,23.3,27.7,25.5,-4.4,4.4
2-3 дня,2026-08-09T12:41:38Z,2026-08-12T01:00:00Z,60.3,22.2,26.2,23.9,-4.0,4.0
2-3 дня,2026-08-09T12:41:38Z,2026-08-12T02:00:00Z,61.3,21.1,25.1,23.2,-4.0,4.0
2-3 дня,2026-08-09T12:41:38Z,2026-08-12T03:00:00Z,62.3,20.7,24.0,22.4,-3.3,3.3
2-3 дня,2026-08-09T12:41:38Z,2026-08-12T04:00:00Z,63.3,20.7,23.2,22.2,-2.5,2.5
2-3 дня,2026-08-09T12:41:38Z,2026-08-12T05:00:00Z,64.3,21.2,23.3,24.5,-2.1,2.1
2-3 дня,2026-08-09T12:41:38Z,2026-08-12T06:00:00Z,65.3,23.1,23.6,26.8,-0.5,0.5
2-3 дня,2026-08-09T12:41:38Z,2026-08-12T07:00:00Z,66.3,24.4,24.2,29.0,0.2,0.2
2-3 дня,2026-08-09T12:41:38Z,2026-08-12T08:00:00Z,67.3,26.5,24.7,30.6,1.8,1.8
2-3 дня,2026-08-09T12:41:38Z,2026-08-12T09:00:00Z,68.3,27.9,27.9,32.0,0.0,0.0
2-3 дня,2026-08-09T12:41:38Z,2026-08-12T10:00:00Z,69.3,28.7,29.8,34.7,-1.1,1.1
2-3 дня,2026-08-09T12:41:38Z,2026-08-12T11:00:00Z,70.3,31.0,31.5,35.7,-0.5,0.5
2-3 дня,2026-08-09T12:41:38Z,2026-08-12T12:00:00Z,71.3,32.8,32.1,36.7,0.7,0.7
2-3 дня,2026-08-09T12:45:53Z,2026-08-11T13:00:00Z,48.2,37.2,37.1,34.1,0.1,0.1
2-3 дня,2026-08-09T12:45:53Z,2026-08-11T14:00:00Z,49.2,36.5,37.7,34.6,-1.2,1.2
2-3 дня,2026-08-09T12:45:53Z,2026-08-11T15:00:00Z,50.2,35.7,37.3,34.7,-1.6,1.6
2-3 дня,2026-08-09T12:45:53Z,2026-08-11T16:00:00Z,51.2,35.2,36.2,34.0,-1.0,1.0
2-3 дня,2026-08-09T12:45:53Z,2026-08-11T17:00:00Z,52.2,33.9,34.9,32.8,-1.0,1.0
2-3 дня,2026-08-09T12:45:53Z,2026-08-11T18:00:00Z,53.2,31.2,33.0,31.8,-1.8,1.8
2-3 дня,2026-08-09T12:45:53Z,2026-08-11T19:00:00Z,54.2,28.4,31.2,29.7,-2.8,2.8
2-3 дня,2026-08-09T12:45:53Z,2026-08-11T20:00:00Z,55.2,26.4,29.6,29.3,-3.2,3.2
2-3 дня,2026-08-09T12:45:53Z,2026-08-11T21:00:00Z,56.2,25.3,28.3,27.1,-3.0,3.0
2-3 дня,2026-08-09T12:45:53Z,2026-08-11T22:00:00Z,57.2,26.1,29.1,26.6,-3.0,3.0
2-3 дня,2026-08-09T12:45:53Z,2026-08-11T23:00:00Z,58.2,24.7,29.2,26.2,-4.5,4.5
2-3 дня,2026-08-09T12:45:53Z,2026-08-12T00:00:00Z,59.2,23.3,27.7,25.5,-4.4,4.4
2-3 дня,2026-08-09T12:45:53Z,2026-08-12T01:00:00Z,60.2,22.2,26.2,23.9,-4.0,4.0
2-3 дня,2026-08-09T12:45:53Z,2026-08-12T02:00:00Z,61.2,21.1,25.1,23.2,-4.0,4.0
2-3 дня,2026-08-09T12:45:53Z,2026-08-12T03:00:00Z,62.2,20.7,24.0,22.4,-3.3,3.3
2-3 дня,2026-08-09T12:45:53Z,2026-08-12T04:00:00Z,63.2,20.7,23.2,22.2,-2.5,2.5
2-3 дня,2026-08-09T12:45:53Z,2026-08-12T05:00:00Z,64.2,21.2,23.3,24.5,-2.1,2.1
2-3 дня,2026-08-09T12:45:53Z,2026-08-12T06:00:00Z,65.2,23.1,23.6,26.8,-0.5,0.5
2-3 дня,2026-08-09T12:45:53Z,2026-08-12T07:00:00Z,66.2,24.4,24.2,29.0,0.2,0.2
2-3 дня,2026-08-09T12:45:53Z,2026-08-12T08:00:00Z,67.2,26.5,24.7,30.6,1.8,1.8
2-3 дня,2026-08-09T12:45:53Z,2026-08-12T09:00:00Z,68.2,27.9,27.9,32.0,0.0,0.0
2-3 дня,2026-08-09T12:45:53Z,2026-08-12T10:00:00Z,69.2,28.7,29.8,34.7,-1.1,1.1
2-3 дня,2026-08-09T12:45:53Z,2026-08-12T11:00:00Z,70.2,31.0,31.5,35.7,-0.5,0.5
2-3 дня,2026-08-09T12:45:53Z,2026-08-12T12:00:00Z,71.2,32.8,32.1,36.7,0.7,0.7
2-3 дня,2026-08-09T12:48:15Z,2026-08-11T13:00:00Z,48.2,37.2,37.1,34.1,0.1,0.1
2-3 дня,2026-08-09T12:48:15Z,2026-08-11T14:00:00Z,49.2,36.5,37.7,34.6,-1.2,1.2
2-3 дня,2026-08-09T12:48:15Z,2026-08-11T15:00:00Z,50.2,35.7,37.3,34.7,-1.6,1.6
2-3 дня,2026-08-09T12:48:15Z,2026-08-11T16:00:00Z,51.2,35.2,36.2,34.0,-1.0,1.0
2-3 дня,2026-08-09T12:48:15Z,2026-08-11T17:00:00Z,52.2,33.9,34.9,32.8,-1.0,1.0
2-3 дня,2026-08-09T12:48:15Z,2026-08-11T18:00:00Z,53.2,31.2,33.0,31.8,-1.8,1.8
2-3 дня,2026-08-09T12:48:15Z,2026-08-11T19:00:00Z,54.2,28.4,31.2,29.7,-2.8,2.8
2-3 дня,2026-08-09T12:48:15Z,2026-08-11T20:00:00Z,55.2,26.4,29.6,29.3,-3.2,3.2
2-3 дня,2026-08-09T12:48:15Z,2026-08-11T21:00:00Z,56.2,25.3,28.3,27.1,-3.0,3.0
2-3 дня,2026-08-09T12:48:15Z,2026-08-11T22:00:00Z,57.2,26.1,29.1,26.6,-3.0,3.0
2-3 дня,2026-08-09T12:48:15Z,2026-08-11T23:00:00Z,58.2,24.7,29.2,26.2,-4.5,4.5
2-3 дня,2026-08-09T12:48:15Z,2026-08-12T00:00:00Z,59.2,23.3,27.7,25.5,-4.4,4.4
2-3 дня,2026-08-09T12:48:15Z,2026-08-12T01:00:00Z,60.2,22.2,26.2,23.9,-4.0,4.0
2-3 дня,2026-08-09T12:48:15Z,2026-08-12T02:00:00Z,61.2,21.1,25.1,23.2,-4.0,4.0
2-3 дня,2026-08-09T12:48:15Z,2026-08-12T03:00:00Z,62.2,20.7,24.0,22.4,-3.3,3.3
2-3 дня,2026-08-09T12:48:15Z,2026-08-12T04:00:00Z,63.2,20.7,23.2,22.2,-2.5,2.5
2-3 дня,2026-08-09T12:48:15Z,2026-08-12T05:00:00Z,64.2,21.2,23.3,24.5,-2.1,2.1
2-3 дня,2026-08-09T12:48:15Z,2026-08-12T06:00:00Z,65.2,23.1,23.6,26.8,-0.5,0.5
2-3 дня,2026-08-09T12:48:15Z,2026-08-12T07:00:00Z,66.2,24.4,24.2,29.0,0.2,0.2
2-3 дня,2026-08-09T12:48:15Z,2026-08-12T08:00:00Z,67.2,26.5,24.7,30.6,1.8,1.8
2-3 дня,2026-08-09T12:48:15Z,2026-08-12T09:00:00Z,68.2,27.9,27.9,32.0,0.0,0.0
2-3 дня,2026-08-09T12:48:15Z,2026-08-12T10:00:00Z,69.2,28.7,29.8,34.7,-1.1,1.1
2-3 дня,2026-08-09T12:48:15Z,2026-08-12T11:00:00Z,70.2,31.0,31.5,35.7,-0.5,0.5
2-3 дня,2026-08-09T12:48:15Z,2026-08-12T12:00:00Z,71.2,32.8,32.1,36.7,0.7,0.7
2-3 дня,2026-08-09T16:31:44Z,2026-08-11T17:00:00Z,48.5,34.2,34.9,32.8,-0.7,0.7
2-3 дня,2026-08-09T16:31:44Z,2026-08-11T18:00:00Z,49.5,30.5,33.0,31.8,-2.5,2.5
2-3 дня,2026-08-09T16:31:44Z,2026-08-11T19:00:00Z,50.5,28.5,31.2,29.7,-2.7,2.7
2-3 дня,2026-08-09T16:31:44Z,2026-08-11T20:00:00Z,51.5,27.1,29.6,29.3,-2.5,2.5
2-3 дня,2026-08-09T16:31:44Z,2026-08-11T21:00:00Z,52.5,26.6,28.3,27.1,-1.7,1.7
2-3 дня,2026-08-09T16:31:44Z,2026-08-11T22:00:00Z,53.5,25.4,29.1,26.6,-3.7,3.7
2-3 дня,2026-08-09T16:31:44Z,2026-08-11T23:00:00Z,54.5,24.4,29.2,26.2,-4.8,4.8
2-3 дня,2026-08-09T16:31:44Z,2026-08-12T00:00:00Z,55.5,23.4,27.7,25.5,-4.3,4.3
2-3 дня,2026-08-09T16:31:44Z,2026-08-12T01:00:00Z,56.5,22.7,26.2,23.9,-3.5,3.5
2-3 дня,2026-08-09T16:31:44Z,2026-08-12T02:00:00Z,57.5,21.7,25.1,23.2,-3.4,3.4
2-3 дня,2026-08-09T16:31:44Z,2026-08-12T03:00:00Z,58.5,20.7,24.0,22.4,-3.3,3.3
2-3 дня,2026-08-09T16:31:44Z,2026-08-12T04:00:00Z,59.5,20.2,23.2,22.2,-3.0,3.0
2-3 дня,2026-08-09T16:31:44Z,2026-08-12T05:00:00Z,60.5,21.1,23.3,24.5,-2.2,2.2
2-3 дня,2026-08-09T16:31:44Z,2026-08-12T06:00:00Z,61.5,23.1,23.6,26.8,-0.5,0.5
2-3 дня,2026-08-09T16:31:44Z,2026-08-12T07:00:00Z,62.5,24.8,24.2,29.0,0.6,0.6
2-3 дня,2026-08-09T16:31:44Z,2026-08-12T08:00:00Z,63.5,26.9,24.7,30.6,2.2,2.2
2-3 дня,2026-08-09T16:31:44Z,2026-08-12T09:00:00Z,64.5,29.1,27.9,32.0,1.2,1.2
2-3 дня,2026-08-09T16:31:44Z,2026-08-12T10:00:00Z,65.5,30.7,29.8,34.7,0.9,0.9
2-3 дня,2026-08-09T16:31:44Z,2026-08-12T11:00:00Z,66.5,31.8,31.5,35.7,0.3,0.3
2-3 дня,2026-08-09T16:31:44Z,2026-08-12T12:00:00Z,67.5,32.4,32.1,36.7,0.3,0.3
2-3 дня,2026-08-09T16:31:44Z,2026-08-12T13:00:00Z,68.5,32.8,33.2,37.1,-0.4,0.4
2-3 дня,2026-08-09T16:31:44Z,2026-08-12T14:00:00Z,69.5,32.7,32.9,37.7,-0.2,0.2
2-3 дня,2026-08-09T16:31:44Z,2026-08-12T15:00:00Z,70.5,32.2,32.4,37.3,-0.2,0.2
2-3 дня,2026-08-09T16:31:44Z,2026-08-12T16:00:00Z,71.5,31.3,31.3,36.2,0.0,0.0
2-3 дня,2026-08-09T22:39:09Z,2026-08-11T23:00:00Z,48.3,24.5,29.2,26.2,-4.7,4.7
2-3 дня,2026-08-09T22:39:09Z,2026-08-12T00:00:00Z,49.3,23.5,27.7,25.5,-4.2,4.2
2-3 дня,2026-08-09T22:39:09Z,2026-08-12T01:00:00Z,50.3,23.2,26.2,23.9,-3.0,3.0
2-3 дня,2026-08-09T22:39:09Z,2026-08-12T02:00:00Z,51.3,23.1,25.1,23.2,-2.0,2.0
2-3 дня,2026-08-09T22:39:09Z,2026-08-12T03:00:00Z,52.3,22.4,24.0,22.4,-1.6,1.6
2-3 дня,2026-08-09T22:39:09Z,2026-08-12T04:00:00Z,53.3,21.4,23.2,22.2,-1.8,1.8
2-3 дня,2026-08-09T22:39:09Z,2026-08-12T05:00:00Z,54.3,21.7,23.3,24.5,-1.6,1.6
2-3 дня,2026-08-09T22:39:09Z,2026-08-12T06:00:00Z,55.3,23.0,23.6,26.8,-0.6,0.6
2-3 дня,2026-08-09T22:39:09Z,2026-08-12T07:00:00Z,56.3,24.4,24.2,29.0,0.2,0.2
2-3 дня,2026-08-09T22:39:09Z,2026-08-12T08:00:00Z,57.3,26.4,24.7,30.6,1.7,1.7
2-3 дня,2026-08-09T22:39:09Z,2026-08-12T09:00:00Z,58.3,28.5,27.9,32.0,0.6,0.6
2-3 дня,2026-08-09T22:39:09Z,2026-08-12T10:00:00Z,59.3,30.2,29.8,34.7,0.4,0.4
2-3 дня,2026-08-09T22:39:09Z,2026-08-12T11:00:00Z,60.3,31.3,31.5,35.7,-0.2,0.2
2-3 дня,2026-08-09T22:39:09Z,2026-08-12T12:00:00Z,61.3,31.9,32.1,36.7,-0.2,0.2
2-3 дня,2026-08-09T22:39:09Z,2026-08-12T13:00:00Z,62.3,32.3,33.2,37.1,-0.9,0.9
2-3 дня,2026-08-09T22:39:09Z,2026-08-12T14:00:00Z,63.3,32.2,32.9,37.7,-0.7,0.7
2-3 дня,2026-08-09T22:39:09Z,2026-08-12T15:00:00Z,64.3,31.7,32.4,37.3,-0.7,0.7
2-3 дня,2026-08-09T22:39:09Z,2026-08-12T16:00:00Z,65.3,30.7,31.3,36.2,-0.6,0.6
2-3 дня,2026-08-09T22:39:09Z,2026-08-12T17:00:00Z,66.3,29.5,30.0,34.9,-0.5,0.5
2-3 дня,2026-08-09T22:39:09Z,2026-08-12T18:00:00Z,67.3,25.6,28.4,33.0,-2.8,2.8
2-3 дня,2026-08-09T22:39:09Z,2026-08-12T19:00:00Z,68.3,23.5,27.0,31.2,-3.5,3.5
2-3 дня,2026-08-09T22:39:09Z,2026-08-12T20:00:00Z,69.3,22.1,26.3,29.6,-4.2,4.2
2-3 дня,2026-08-09T22:39:09Z,2026-08-12T21:00:00Z,70.3,21.0,25.5,28.3,-4.5,4.5
2-3 дня,2026-08-09T22:39:09Z,2026-08-12T22:00:00Z,71.3,20.0,24.8,29.1,-4.8,4.8
2-3 дня,2026-08-10T05:20:42Z,2026-08-12T06:00:00Z,48.7,21.8,23.6,26.8,-1.8,1.8
2-3 дня,2026-08-10T05:20:42Z,2026-08-12T07:00:00Z,49.7,23.6,24.2,29.0,-0.6,0.6
2-3 дня,2026-08-10T05:20:42Z,2026-08-12T08:00:00Z,50.7,25.7,24.7,30.6,1.0,1.0
2-3 дня,2026-08-10T05:20:42Z,2026-08-12T09:00:00Z,51.7,27.9,27.9,32.0,0.0,0.0
2-3 дня,2026-08-10T05:20:42Z,2026-08-12T10:00:00Z,52.7,29.5,29.8,34.7,-0.3,0.3
2-3 дня,2026-08-10T05:20:42Z,2026-08-12T11:00:00Z,53.7,30.6,31.5,35.7,-0.9,0.9
2-3 дня,2026-08-10T05:20:42Z,2026-08-12T12:00:00Z,54.7,31.5,32.1,36.7,-0.6,0.6
2-3 дня,2026-08-10T05:20:42Z,2026-08-12T13:00:00Z,55.7,31.9,33.2,37.1,-1.3,1.3
2-3 дня,2026-08-10T05:20:42Z,2026-08-12T14:00:00Z,56.7,32.0,32.9,37.7,-0.9,0.9
2-3 дня,2026-08-10T05:20:42Z,2026-08-12T15:00:00Z,57.7,31.5,32.4,37.3,-0.9,0.9
2-3 дня,2026-08-10T05:20:42Z,2026-08-12T16:00:00Z,58.7,30.8,31.3,36.2,-0.5,0.5
2-3 дня,2026-08-10T05:20:42Z,2026-08-12T17:00:00Z,59.7,29.5,30.0,34.9,-0.5,0.5
2-3 дня,2026-08-10T05:20:42Z,2026-08-12T18:00:00Z,60.7,25.5,28.4,33.0,-2.9,2.9
2-3 дня,2026-08-10T05:20:42Z,2026-08-12T19:00:00Z,61.7,23.1,27.0,31.2,-3.9,3.9
2-3 дня,2026-08-10T05:20:42Z,2026-08-12T20:00:00Z,62.7,21.4,26.3,29.6,-4.9,4.9
2-3 дня,2026-08-10T05:20:42Z,2026-08-12T21:00:00Z,63.7,20.2,25.5,28.3,-5.3,5.3
2-3 дня,2026-08-10T05:20:42Z,2026-08-12T22:00:00Z,64.7,19.3,24.8,29.1,-5.5,5.5
2-3 дня,2026-08-10T05:20:42Z,2026-08-12T23:00:00Z,65.7,18.3,23.8,29.2,-5.5,5.5
2-3 дня,2026-08-10T05:20:42Z,2026-08-13T00:00:00Z,66.7,17.4,23.3,27.7,-5.9,5.9
2-3 дня,2026-08-10T05:20:42Z,2026-08-13T01:00:00Z,67.7,16.8,22.0,26.2,-5.2,5.2
2-3 дня,2026-08-10T05:20:42Z,2026-08-13T02:00:00Z,68.7,16.1,20.5,25.1,-4.4,4.4
2-3 дня,2026-08-10T05:20:42Z,2026-08-13T03:00:00Z,69.7,14.9,19.9,24.0,-5.0,5.0
2-3 дня,2026-08-10T05:20:42Z,2026-08-13T04:00:00Z,70.7,14.2,19.1,23.2,-4.9,4.9
2-3 дня,2026-08-10T05:20:42Z,2026-08-13T05:00:00Z,71.7,15.8,19.0,23.3,-3.2,3.2
2-3 дня,2026-08-10T10:53:28Z,2026-08-12T11:00:00Z,48.1,30.5,31.5,35.7,-1.0,1.0
2-3 дня,2026-08-10T10:53:28Z,2026-08-12T12:00:00Z,49.1,31.4,32.1,36.7,-0.7,0.7
2-3 дня,2026-08-10T10:53:28Z,2026-08-12T13:00:00Z,50.1,31.7,33.2,37.1,-1.5,1.5
2-3 дня,2026-08-10T10:53:28Z,2026-08-12T14:00:00Z,51.1,31.7,32.9,37.7,-1.2,1.2
2-3 дня,2026-08-10T10:53:28Z,2026-08-12T15:00:00Z,52.1,31.3,32.4,37.3,-1.1,1.1
2-3 дня,2026-08-10T10:53:28Z,2026-08-12T16:00:00Z,53.1,30.5,31.3,36.2,-0.8,0.8
2-3 дня,2026-08-10T10:53:28Z,2026-08-12T17:00:00Z,54.1,29.3,30.0,34.9,-0.7,0.7
2-3 дня,2026-08-10T10:53:28Z,2026-08-12T18:00:00Z,55.1,25.2,28.4,33.0,-3.2,3.2
2-3 дня,2026-08-10T10:53:28Z,2026-08-12T19:00:00Z,56.1,22.7,27.0,31.2,-4.3,4.3
2-3 дня,2026-08-10T10:53:28Z,2026-08-12T20:00:00Z,57.1,21.2,26.3,29.6,-5.1,5.1
2-3 дня,2026-08-10T10:53:28Z,2026-08-12T21:00:00Z,58.1,20.0,25.5,28.3,-5.5,5.5
2-3 дня,2026-08-10T10:53:28Z,2026-08-12T22:00:00Z,59.1,18.9,24.8,29.1,-5.9,5.9
2-3 дня,2026-08-10T10:53:28Z,2026-08-12T23:00:00Z,60.1,17.6,23.8,29.2,-6.2,6.2
2-3 дня,2026-08-10T10:53:28Z,2026-08-13T00:00:00Z,61.1,16.8,23.3,27.7,-6.5,6.5
2-3 дня,2026-08-10T10:53:28Z,2026-08-13T01:00:00Z,62.1,16.4,22.0,26.2,-5.6,5.6
2-3 дня,2026-08-10T10:53:28Z,2026-08-13T02:00:00Z,63.1,15.7,20.5,25.1,-4.8,4.8
2-3 дня,2026-08-10T10:53:28Z,2026-08-13T03:00:00Z,64.1,15.1,19.9,24.0,-4.8,4.8
2-3 дня,2026-08-10T10:53:28Z,2026-08-13T04:00:00Z,65.1,14.3,19.1,23.2,-4.8,4.8
2-3 дня,2026-08-10T10:53:28Z,2026-08-13T05:00:00Z,66.1,15.6,19.0,23.3,-3.4,3.4
2-3 дня,2026-08-10T10:53:28Z,2026-08-13T06:00:00Z,67.1,18.4,20.2,23.6,-1.8,1.8
2-3 дня,2026-08-10T10:53:28Z,2026-08-13T07:00:00Z,68.1,20.7,22.6,24.2,-1.9,1.9
2-3 дня,2026-08-10T10:53:28Z,2026-08-13T08:00:00Z,69.1,23.3,25.6,24.7,-2.3,2.3
2-3 дня,2026-08-10T10:53:28Z,2026-08-13T09:00:00Z,70.1,25.8,27.0,27.9,-1.2,1.2
2-3 дня,2026-08-10T10:53:28Z,2026-08-13T10:00:00Z,71.1,27.8,27.8,29.8,0.0,0.0
2-3 дня,2026-08-10T16:52:05Z,2026-08-12T17:00:00Z,48.1,29.1,30.0,34.9,-0.9,0.9
2-3 дня,2026-08-10T16:52:05Z,2026-08-12T18:00:00Z,49.1,25.0,28.4,33.0,-3.4,3.4
2-3 дня,2026-08-10T16:52:05Z,2026-08-12T19:00:00Z,50.1,22.9,27.0,31.2,-4.1,4.1
2-3 дня,2026-08-10T16:52:05Z,2026-08-12T20:00:00Z,51.1,21.3,26.3,29.6,-5.0,5.0
2-3 дня,2026-08-10T16:52:05Z,2026-08-12T21:00:00Z,52.1,20.1,25.5,28.3,-5.4,5.4
2-3 дня,2026-08-10T16:52:05Z,2026-08-12T22:00:00Z,53.1,19.0,24.8,29.1,-5.8,5.8
2-3 дня,2026-08-10T16:52:05Z,2026-08-12T23:00:00Z,54.1,17.9,23.8,29.2,-5.9,5.9
2-3 дня,2026-08-10T16:52:05Z,2026-08-13T00:00:00Z,55.1,17.3,23.3,27.7,-6.0,6.0
2-3 дня,2026-08-10T16:52:05Z,2026-08-13T01:00:00Z,56.1,16.8,22.0,26.2,-5.2,5.2
2-3 дня,2026-08-10T16:52:05Z,2026-08-13T02:00:00Z,57.1,16.3,20.5,25.1,-4.2,4.2
2-3 дня,2026-08-10T16:52:05Z,2026-08-13T03:00:00Z,58.1,15.3,19.9,24.0,-4.6,4.6
2-3 дня,2026-08-10T16:52:05Z,2026-08-13T04:00:00Z,59.1,14.4,19.1,23.2,-4.7,4.7
2-3 дня,2026-08-10T16:52:05Z,2026-08-13T05:00:00Z,60.1,15.7,19.0,23.3,-3.3,3.3
2-3 дня,2026-08-10T16:52:05Z,2026-08-13T06:00:00Z,61.1,18.6,20.2,23.6,-1.6,1.6
2-3 дня,2026-08-10T16:52:05Z,2026-08-13T07:00:00Z,62.1,20.9,22.6,24.2,-1.7,1.7
2-3 дня,2026-08-10T16:52:05Z,2026-08-13T08:00:00Z,63.1,23.4,25.6,24.7,-2.2,2.2
2-3 дня,2026-08-10T16:52:05Z,2026-08-13T09:00:00Z,64.1,25.9,27.0,27.9,-1.1,1.1
2-3 дня,2026-08-10T16:52:05Z,2026-08-13T10:00:00Z,65.1,27.8,27.8,29.8,0.0,0.0
2-3 дня,2026-08-10T16:52:05Z,2026-08-13T11:00:00Z,66.1,29.2,28.6,31.5,0.6,0.6
2-3 дня,2026-08-10T16:52:05Z,2026-08-13T12:00:00Z,67.1,30.0,29.4,32.1,0.6,0.6
2-3 дня,2026-08-10T16:52:05Z,2026-08-13T13:00:00Z,68.1,30.4,31.0,33.2,-0.6,0.6
2-3 дня,2026-08-10T16:52:05Z,2026-08-13T14:00:00Z,69.1,30.5,30.7,32.9,-0.2,0.2
2-3 дня,2026-08-10T16:52:05Z,2026-08-13T15:00:00Z,70.1,30.1,31.2,32.4,-1.1,1.1
2-3 дня,2026-08-10T16:52:05Z,2026-08-13T16:00:00Z,71.1,29.4,30.2,31.3,-0.8,0.8
2-3 дня,2026-08-10T22:47:13Z,2026-08-12T23:00:00Z,48.2,18.2,23.8,29.2,-5.6,5.6
2-3 дня,2026-08-10T22:47:13Z,2026-08-13T00:00:00Z,49.2,17.5,23.3,27.7,-5.8,5.8
2-3 дня,2026-08-10T22:47:13Z,2026-08-13T01:00:00Z,50.2,16.9,22.0,26.2,-5.1,5.1
2-3 дня,2026-08-10T22:47:13Z,2026-08-13T02:00:00Z,51.2,16.2,20.5,25.1,-4.3,4.3
2-3 дня,2026-08-10T22:47:13Z,2026-08-13T03:00:00Z,52.2,15.1,19.9,24.0,-4.8,4.8
2-3 дня,2026-08-10T22:47:13Z,2026-08-13T04:00:00Z,53.2,14.4,19.1,23.2,-4.7,4.7
2-3 дня,2026-08-10T22:47:13Z,2026-08-13T05:00:00Z,54.2,15.7,19.0,23.3,-3.3,3.3
2-3 дня,2026-08-10T22:47:13Z,2026-08-13T06:00:00Z,55.2,18.5,20.2,23.6,-1.7,1.7
2-3 дня,2026-08-10T22:47:13Z,2026-08-13T07:00:00Z,56.2,20.7,22.6,24.2,-1.9,1.9
2-3 дня,2026-08-10T22:47:13Z,2026-08-13T08:00:00Z,57.2,23.2,25.6,24.7,-2.4,2.4
2-3 дня,2026-08-10T22:47:13Z,2026-08-13T09:00:00Z,58.2,25.5,27.0,27.9,-1.5,1.5
2-3 дня,2026-08-10T22:47:13Z,2026-08-13T10:00:00Z,59.2,27.4,27.8,29.8,-0.4,0.4
2-3 дня,2026-08-10T22:47:13Z,2026-08-13T11:00:00Z,60.2,28.8,28.6,31.5,0.2,0.2
2-3 дня,2026-08-10T22:47:13Z,2026-08-13T12:00:00Z,61.2,29.7,29.4,32.1,0.3,0.3
2-3 дня,2026-08-10T22:47:13Z,2026-08-13T13:00:00Z,62.2,30.1,31.0,33.2,-0.9,0.9
2-3 дня,2026-08-10T22:47:13Z,2026-08-13T14:00:00Z,63.2,30.3,30.7,32.9,-0.4,0.4
2-3 дня,2026-08-10T22:47:13Z,2026-08-13T15:00:00Z,64.2,29.9,31.2,32.4,-1.3,1.3
2-3 дня,2026-08-10T22:47:13Z,2026-08-13T16:00:00Z,65.2,29.1,30.2,31.3,-1.1,1.1
2-3 дня,2026-08-10T22:47:13Z,2026-08-13T17:00:00Z,66.2,27.9,29.5,30.0,-1.6,1.6
2-3 дня,2026-08-10T22:47:13Z,2026-08-13T18:00:00Z,67.2,24.4,27.7,28.4,-3.3,3.3
2-3 дня,2026-08-10T22:47:13Z,2026-08-13T19:00:00Z,68.2,22.7,26.5,27.0,-3.8,3.8
2-3 дня,2026-08-10T22:47:13Z,2026-08-13T20:00:00Z,69.2,21.3,26.0,26.3,-4.7,4.7
2-3 дня,2026-08-10T22:47:13Z,2026-08-13T21:00:00Z,70.2,20.1,25.0,25.5,-4.9,4.9
2-3 дня,2026-08-10T22:47:13Z,2026-08-13T22:00:00Z,71.2,19.2,24.0,24.8,-4.8,4.8
2-3 дня,2026-08-11T05:01:49Z,2026-08-13T06:00:00Z,49.0,18.6,20.2,23.6,-1.6,1.6
2-3 дня,2026-08-11T05:01:49Z,2026-08-13T07:00:00Z,50.0,20.8,22.6,24.2,-1.8,1.8
2-3 дня,2026-08-11T05:01:49Z,2026-08-13T08:00:00Z,51.0,23.3,25.6,24.7,-2.3,2.3
2-3 дня,2026-08-11T05:01:49Z,2026-08-13T09:00:00Z,52.0,25.7,27.0,27.9,-1.3,1.3
2-3 дня,2026-08-11T05:01:49Z,2026-08-13T10:00:00Z,53.0,27.6,27.8,29.8,-0.2,0.2
2-3 дня,2026-08-11T05:01:49Z,2026-08-13T11:00:00Z,54.0,29.0,28.6,31.5,0.4,0.4
2-3 дня,2026-08-11T05:01:49Z,2026-08-13T12:00:00Z,55.0,29.8,29.4,32.1,0.4,0.4
2-3 дня,2026-08-11T05:01:49Z,2026-08-13T13:00:00Z,56.0,30.3,31.0,33.2,-0.7,0.7
2-3 дня,2026-08-11T05:01:49Z,2026-08-13T14:00:00Z,57.0,30.4,30.7,32.9,-0.3,0.3
2-3 дня,2026-08-11T05:01:49Z,2026-08-13T15:00:00Z,58.0,30.1,31.2,32.4,-1.1,1.1
2-3 дня,2026-08-11T05:01:49Z,2026-08-13T16:00:00Z,59.0,29.4,30.2,31.3,-0.8,0.8
2-3 дня,2026-08-11T05:01:49Z,2026-08-13T17:00:00Z,60.0,28.2,29.5,30.0,-1.3,1.3
2-3 дня,2026-08-11T05:01:49Z,2026-08-13T18:00:00Z,61.0,24.2,27.7,28.4,-3.5,3.5
2-3 дня,2026-08-11T05:01:49Z,2026-08-13T19:00:00Z,62.0,22.3,26.5,27.0,-4.2,4.2
2-3 дня,2026-08-11T05:01:49Z,2026-08-13T20:00:00Z,63.0,21.0,26.0,26.3,-5.0,5.0
2-3 дня,2026-08-11T05:01:49Z,2026-08-13T21:00:00Z,64.0,20.0,25.0,25.5,-5.0,5.0
2-3 дня,2026-08-11T05:01:49Z,2026-08-13T22:00:00Z,65.0,19.0,24.0,24.8,-5.0,5.0
2-3 дня,2026-08-11T05:01:49Z,2026-08-13T23:00:00Z,66.0,17.6,22.8,23.8,-5.2,5.2
2-3 дня,2026-08-11T05:01:49Z,2026-08-14T00:00:00Z,67.0,16.8,22.0,23.3,-5.2,5.2
2-3 дня,2026-08-11T05:01:49Z,2026-08-14T01:00:00Z,68.0,16.5,20.4,22.0,-3.9,3.9
2-3 дня,2026-08-11T05:01:49Z,2026-08-14T02:00:00Z,69.0,16.4,21.7,20.5,-5.3,5.3
2-3 дня,2026-08-11T05:01:49Z,2026-08-14T03:00:00Z,70.0,16.5,20.9,19.9,-4.4,4.4
2-3 дня,2026-08-11T05:01:49Z,2026-08-14T04:00:00Z,71.0,16.7,20.6,19.1,-3.9,3.9
2-3 дня,2026-08-11T05:01:49Z,2026-08-14T05:00:00Z,72.0,19.1,22.1,19.0,-3.0,3.0
2-3 дня,2026-08-11T10:38:45Z,2026-08-13T11:00:00Z,48.4,29.0,28.6,31.5,0.4,0.4
2-3 дня,2026-08-11T10:38:45Z,2026-08-13T12:00:00Z,49.4,30.0,29.4,32.1,0.6,0.6
2-3 дня,2026-08-11T10:38:45Z,2026-08-13T13:00:00Z,50.4,30.6,31.0,33.2,-0.4,0.4
2-3 дня,2026-08-11T10:38:45Z,2026-08-13T14:00:00Z,51.4,30.7,30.7,32.9,0.0,0.0
2-3 дня,2026-08-11T10:38:45Z,2026-08-13T15:00:00Z,52.4,30.4,31.2,32.4,-0.8,0.8
2-3 дня,2026-08-11T10:38:45Z,2026-08-13T16:00:00Z,53.4,29.6,30.2,31.3,-0.6,0.6
2-3 дня,2026-08-11T10:38:45Z,2026-08-13T17:00:00Z,54.4,28.3,29.5,30.0,-1.2,1.2
2-3 дня,2026-08-11T10:38:45Z,2026-08-13T18:00:00Z,55.4,24.9,27.7,28.4,-2.8,2.8
2-3 дня,2026-08-11T10:38:45Z,2026-08-13T19:00:00Z,56.4,23.1,26.5,27.0,-3.4,3.4
2-3 дня,2026-08-11T10:38:45Z,2026-08-13T20:00:00Z,57.4,21.2,26.0,26.3,-4.8,4.8
2-3 дня,2026-08-11T10:38:45Z,2026-08-13T21:00:00Z,58.4,19.9,25.0,25.5,-5.1,5.1
2-3 дня,2026-08-11T10:38:45Z,2026-08-13T22:00:00Z,59.4,19.2,24.0,24.8,-4.8,4.8
2-3 дня,2026-08-11T10:38:45Z,2026-08-13T23:00:00Z,60.4,19.2,22.8,23.8,-3.6,3.6
2-3 дня,2026-08-11T10:38:45Z,2026-08-14T00:00:00Z,61.4,18.2,22.0,23.3,-3.8,3.8
2-3 дня,2026-08-11T10:38:45Z,2026-08-14T01:00:00Z,62.4,17.5,20.4,22.0,-2.9,2.9
2-3 дня,2026-08-11T10:38:45Z,2026-08-14T02:00:00Z,63.4,17.0,21.7,20.5,-4.7,4.7
2-3 дня,2026-08-11T10:38:45Z,2026-08-14T03:00:00Z,64.4,16.5,20.9,19.9,-4.4,4.4
2-3 дня,2026-08-11T10:38:45Z,2026-08-14T04:00:00Z,65.4,16.2,20.6,19.1,-4.4,4.4
2-3 дня,2026-08-11T10:38:45Z,2026-08-14T05:00:00Z,66.4,19.0,22.1,19.0,-3.1,3.1
2-3 дня,2026-08-11T10:38:45Z,2026-08-14T06:00:00Z,67.4,22.8,23.4,20.2,-0.6,0.6
2-3 дня,2026-08-11T10:38:45Z,2026-08-14T07:00:00Z,68.4,25.1,25.4,22.6,-0.3,0.3
2-3 дня,2026-08-11T10:38:45Z,2026-08-14T08:00:00Z,69.4,26.9,27.9,25.6,-1.0,1.0
2-3 дня,2026-08-11T10:38:45Z,2026-08-14T09:00:00Z,70.4,28.6,28.7,27.0,-0.1,0.1
2-3 дня,2026-08-11T10:38:45Z,2026-08-14T10:00:00Z,71.4,29.9,29.9,27.8,0.0,0.0
2-3 дня,2026-08-12T06:05:22Z,2026-08-14T07:00:00Z,48.9,23.2,25.4,22.6,-2.2,2.2
2-3 дня,2026-08-12T06:05:22Z,2026-08-14T08:00:00Z,49.9,26.0,27.9,25.6,-1.9,1.9
2-3 дня,2026-08-12T06:05:22Z,2026-08-14T09:00:00Z,50.9,28.1,28.7,27.0,-0.6,0.6
2-3 дня,2026-08-12T06:05:22Z,2026-08-14T10:00:00Z,51.9,29.3,29.9,27.8,-0.6,0.6
3-5 дней,2026-08-06T09:50:07Z,2026-08-09T10:00:00Z,72.2,32.3,30.1,29.7,2.2,2.2
3-5 дней,2026-08-06T09:50:07Z,2026-08-09T11:00:00Z,73.2,33.3,30.8,30.9,2.5,2.5
3-5 дней,2026-08-06T09:50:07Z,2026-08-09T12:00:00Z,74.2,33.8,32.4,31.4,1.4,1.4
3-5 дней,2026-08-06T09:50:07Z,2026-08-09T13:00:00Z,75.2,34.2,32.7,32.0,1.5,1.5
3-5 дней,2026-08-06T09:50:07Z,2026-08-09T14:00:00Z,76.2,34.3,33.2,31.3,1.1,1.1
3-5 дней,2026-08-06T09:50:07Z,2026-08-09T15:00:00Z,77.2,33.7,33.1,32.0,0.6,0.6
3-5 дней,2026-08-06T09:50:07Z,2026-08-09T16:00:00Z,78.2,32.3,32.2,31.3,0.1,0.1
3-5 дней,2026-08-06T09:50:07Z,2026-08-09T17:00:00Z,79.2,30.2,30.8,30.0,-0.6,0.6
3-5 дней,2026-08-06T09:50:07Z,2026-08-09T18:00:00Z,80.2,28.2,29.7,29.2,-1.5,1.5
3-5 дней,2026-08-06T09:50:07Z,2026-08-09T19:00:00Z,81.2,26.3,28.3,28.4,-2.0,2.0
3-5 дней,2026-08-06T09:50:07Z,2026-08-09T20:00:00Z,82.2,24.4,27.3,27.6,-2.9,2.9
3-5 дней,2026-08-06T09:50:07Z,2026-08-09T21:00:00Z,83.2,22.9,26.6,26.6,-3.7,3.7
3-5 дней,2026-08-06T09:50:07Z,2026-08-09T22:00:00Z,84.2,22.1,24.9,25.4,-2.8,2.8
3-5 дней,2026-08-06T09:50:07Z,2026-08-09T23:00:00Z,85.2,21.6,24.0,24.9,-2.4,2.4
3-5 дней,2026-08-06T09:50:07Z,2026-08-10T00:00:00Z,86.2,21.1,23.3,24.2,-2.2,2.2
3-5 дней,2026-08-06T09:50:07Z,2026-08-10T01:00:00Z,87.2,20.3,22.9,23.8,-2.6,2.6
3-5 дней,2026-08-06T09:50:07Z,2026-08-10T02:00:00Z,88.2,19.5,23.1,22.8,-3.6,3.6
3-5 дней,2026-08-06T09:50:07Z,2026-08-10T03:00:00Z,89.2,19.6,22.6,21.3,-3.0,3.0
3-5 дней,2026-08-06T09:50:07Z,2026-08-10T04:00:00Z,90.2,21.2,21.3,20.7,-0.1,0.1
3-5 дней,2026-08-06T09:50:07Z,2026-08-10T05:00:00Z,91.2,23.6,24.9,21.8,-1.3,1.3
3-5 дней,2026-08-06T09:50:07Z,2026-08-10T06:00:00Z,92.2,26.2,26.2,23.2,0.0,0.0
3-5 дней,2026-08-06T09:50:07Z,2026-08-10T07:00:00Z,93.2,28.7,28.3,24.7,0.4,0.4
3-5 дней,2026-08-06T09:50:07Z,2026-08-10T08:00:00Z,94.2,31.2,30.6,27.1,0.6,0.6
3-5 дней,2026-08-06T09:50:07Z,2026-08-10T09:00:00Z,95.2,33.3,32.5,28.8,0.8,0.8
3-5 дней,2026-08-06T09:50:07Z,2026-08-10T10:00:00Z,96.2,34.5,32.7,30.1,1.8,1.8
3-5 дней,2026-08-06T09:50:07Z,2026-08-10T11:00:00Z,97.2,35.3,33.2,30.8,2.1,2.1
3-5 дней,2026-08-06T09:50:07Z,2026-08-10T12:00:00Z,98.2,35.7,34.1,32.4,1.6,1.6
3-5 дней,2026-08-06T09:50:07Z,2026-08-10T13:00:00Z,99.2,36.1,34.1,32.7,2.0,2.0
3-5 дней,2026-08-06T09:50:07Z,2026-08-10T14:00:00Z,100.2,36.2,34.6,33.2,1.6,1.6
3-5 дней,2026-08-06T09:50:07Z,2026-08-10T15:00:00Z,101.2,35.6,34.7,33.1,0.9,0.9
3-5 дней,2026-08-06T09:50:07Z,2026-08-10T16:00:00Z,102.2,33.8,34.0,32.2,-0.2,0.2
3-5 дней,2026-08-06T09:50:07Z,2026-08-10T17:00:00Z,103.2,31.3,32.8,30.8,-1.5,1.5
3-5 дней,2026-08-06T09:50:07Z,2026-08-10T18:00:00Z,104.2,29.0,31.8,29.7,-2.8,2.8
3-5 дней,2026-08-06T09:50:07Z,2026-08-10T19:00:00Z,105.2,27.2,29.7,28.3,-2.5,2.5
3-5 дней,2026-08-06T09:50:07Z,2026-08-10T20:00:00Z,106.2,25.6,29.3,27.3,-3.7,3.7
3-5 дней,2026-08-06T09:50:07Z,2026-08-10T21:00:00Z,107.2,24.5,27.1,26.6,-2.6,2.6
3-5 дней,2026-08-06T09:50:07Z,2026-08-10T22:00:00Z,108.2,24.2,26.6,24.9,-2.4,2.4
3-5 дней,2026-08-06T09:50:07Z,2026-08-10T23:00:00Z,109.2,24.5,26.2,24.0,-1.7,1.7
3-5 дней,2026-08-06T09:50:07Z,2026-08-11T00:00:00Z,110.2,24.5,25.5,23.3,-1.0,1.0
3-5 дней,2026-08-06T09:50:07Z,2026-08-11T01:00:00Z,111.2,23.8,23.9,22.9,-0.1,0.1
3-5 дней,2026-08-06T09:50:07Z,2026-08-11T02:00:00Z,112.2,22.9,23.2,23.1,-0.3,0.3
3-5 дней,2026-08-06T09:50:07Z,2026-08-11T03:00:00Z,113.2,22.6,22.4,22.6,0.2,0.2
3-5 дней,2026-08-06T09:50:07Z,2026-08-11T04:00:00Z,114.2,23.2,22.2,21.3,1.0,1.0
3-5 дней,2026-08-06T09:50:07Z,2026-08-11T05:00:00Z,115.2,24.8,24.5,24.9,0.3,0.3
3-5 дней,2026-08-06T09:50:07Z,2026-08-11T06:00:00Z,116.2,26.3,26.8,26.2,-0.5,0.5
3-5 дней,2026-08-06T09:50:07Z,2026-08-11T07:00:00Z,117.2,30.4,29.0,28.3,1.4,1.4
3-5 дней,2026-08-06T09:50:07Z,2026-08-11T08:00:00Z,118.2,33.9,30.6,30.6,3.3,3.3
3-5 дней,2026-08-06T09:50:07Z,2026-08-11T09:00:00Z,119.2,36.5,32.0,32.5,4.5,4.5
3-5 дней,2026-08-06T09:59:18Z,2026-08-09T10:00:00Z,72.0,32.3,30.1,29.7,2.2,2.2
3-5 дней,2026-08-06T09:59:18Z,2026-08-09T11:00:00Z,73.0,33.3,30.8,30.9,2.5,2.5
3-5 дней,2026-08-06T09:59:18Z,2026-08-09T12:00:00Z,74.0,33.8,32.4,31.4,1.4,1.4
3-5 дней,2026-08-06T09:59:18Z,2026-08-09T13:00:00Z,75.0,34.2,32.7,32.0,1.5,1.5
3-5 дней,2026-08-06T09:59:18Z,2026-08-09T14:00:00Z,76.0,34.3,33.2,31.3,1.1,1.1
3-5 дней,2026-08-06T09:59:18Z,2026-08-09T15:00:00Z,77.0,33.7,33.1,32.0,0.6,0.6
3-5 дней,2026-08-06T09:59:18Z,2026-08-09T16:00:00Z,78.0,32.3,32.2,31.3,0.1,0.1
3-5 дней,2026-08-06T09:59:18Z,2026-08-09T17:00:00Z,79.0,30.2,30.8,30.0,-0.6,0.6
3-5 дней,2026-08-06T09:59:18Z,2026-08-09T18:00:00Z,80.0,28.2,29.7,29.2,-1.5,1.5
3-5 дней,2026-08-06T09:59:18Z,2026-08-09T19:00:00Z,81.0,26.3,28.3,28.4,-2.0,2.0
3-5 дней,2026-08-06T09:59:18Z,2026-08-09T20:00:00Z,82.0,24.4,27.3,27.6,-2.9,2.9
3-5 дней,2026-08-06T09:59:18Z,2026-08-09T21:00:00Z,83.0,22.9,26.6,26.6,-3.7,3.7
3-5 дней,2026-08-06T09:59:18Z,2026-08-09T22:00:00Z,84.0,22.1,24.9,25.4,-2.8,2.8
3-5 дней,2026-08-06T09:59:18Z,2026-08-09T23:00:00Z,85.0,21.6,24.0,24.9,-2.4,2.4
3-5 дней,2026-08-06T09:59:18Z,2026-08-10T00:00:00Z,86.0,21.1,23.3,24.2,-2.2,2.2
3-5 дней,2026-08-06T09:59:18Z,2026-08-10T01:00:00Z,87.0,20.3,22.9,23.8,-2.6,2.6
3-5 дней,2026-08-06T09:59:18Z,2026-08-10T02:00:00Z,88.0,19.5,23.1,22.8,-3.6,3.6
3-5 дней,2026-08-06T09:59:18Z,2026-08-10T03:00:00Z,89.0,19.6,22.6,21.3,-3.0,3.0
3-5 дней,2026-08-06T09:59:18Z,2026-08-10T04:00:00Z,90.0,21.2,21.3,20.7,-0.1,0.1
3-5 дней,2026-08-06T09:59:18Z,2026-08-10T05:00:00Z,91.0,23.6,24.9,21.8,-1.3,1.3
3-5 дней,2026-08-06T09:59:18Z,2026-08-10T06:00:00Z,92.0,26.2,26.2,23.2,0.0,0.0
3-5 дней,2026-08-06T09:59:18Z,2026-08-10T07:00:00Z,93.0,28.7,28.3,24.7,0.4,0.4
3-5 дней,2026-08-06T09:59:18Z,2026-08-10T08:00:00Z,94.0,31.2,30.6,27.1,0.6,0.6
3-5 дней,2026-08-06T09:59:18Z,2026-08-10T09:00:00Z,95.0,33.3,32.5,28.8,0.8,0.8
3-5 дней,2026-08-06T09:59:18Z,2026-08-10T10:00:00Z,96.0,34.5,32.7,30.1,1.8,1.8
3-5 дней,2026-08-06T09:59:18Z,2026-08-10T11:00:00Z,97.0,35.3,33.2,30.8,2.1,2.1
3-5 дней,2026-08-06T09:59:18Z,2026-08-10T12:00:00Z,98.0,35.7,34.1,32.4,1.6,1.6
3-5 дней,2026-08-06T09:59:18Z,2026-08-10T13:00:00Z,99.0,36.1,34.1,32.7,2.0,2.0
3-5 дней,2026-08-06T09:59:18Z,2026-08-10T14:00:00Z,100.0,36.2,34.6,33.2,1.6,1.6
3-5 дней,2026-08-06T09:59:18Z,2026-08-10T15:00:00Z,101.0,35.6,34.7,33.1,0.9,0.9
3-5 дней,2026-08-06T09:59:18Z,2026-08-10T16:00:00Z,102.0,33.8,34.0,32.2,-0.2,0.2
3-5 дней,2026-08-06T09:59:18Z,2026-08-10T17:00:00Z,103.0,31.3,32.8,30.8,-1.5,1.5
3-5 дней,2026-08-06T09:59:18Z,2026-08-10T18:00:00Z,104.0,29.0,31.8,29.7,-2.8,2.8
3-5 дней,2026-08-06T09:59:18Z,2026-08-10T19:00:00Z,105.0,27.2,29.7,28.3,-2.5,2.5
3-5 дней,2026-08-06T09:59:18Z,2026-08-10T20:00:00Z,106.0,25.6,29.3,27.3,-3.7,3.7
3-5 дней,2026-08-06T09:59:18Z,2026-08-10T21:00:00Z,107.0,24.5,27.1,26.6,-2.6,2.6
3-5 дней,2026-08-06T09:59:18Z,2026-08-10T22:00:00Z,108.0,24.2,26.6,24.9,-2.4,2.4
3-5 дней,2026-08-06T09:59:18Z,2026-08-10T23:00:00Z,109.0,24.5,26.2,24.0,-1.7,1.7
3-5 дней,2026-08-06T09:59:18Z,2026-08-11T00:00:00Z,110.0,24.5,25.5,23.3,-1.0,1.0
3-5 дней,2026-08-06T09:59:18Z,2026-08-11T01:00:00Z,111.0,23.8,23.9,22.9,-0.1,0.1
3-5 дней,2026-08-06T09:59:18Z,2026-08-11T02:00:00Z,112.0,22.9,23.2,23.1,-0.3,0.3
3-5 дней,2026-08-06T09:59:18Z,2026-08-11T03:00:00Z,113.0,22.6,22.4,22.6,0.2,0.2
3-5 дней,2026-08-06T09:59:18Z,2026-08-11T04:00:00Z,114.0,23.2,22.2,21.3,1.0,1.0
3-5 дней,2026-08-06T09:59:18Z,2026-08-11T05:00:00Z,115.0,24.8,24.5,24.9,0.3,0.3
3-5 дней,2026-08-06T09:59:18Z,2026-08-11T06:00:00Z,116.0,26.3,26.8,26.2,-0.5,0.5
3-5 дней,2026-08-06T09:59:18Z,2026-08-11T07:00:00Z,117.0,30.4,29.0,28.3,1.4,1.4
3-5 дней,2026-08-06T09:59:18Z,2026-08-11T08:00:00Z,118.0,33.9,30.6,30.6,3.3,3.3
3-5 дней,2026-08-06T09:59:18Z,2026-08-11T09:00:00Z,119.0,36.5,32.0,32.5,4.5,4.5
3-5 дней,2026-08-06T10:08:26Z,2026-08-09T11:00:00Z,72.9,33.3,30.8,30.9,2.5,2.5
3-5 дней,2026-08-06T10:08:26Z,2026-08-09T12:00:00Z,73.9,33.8,32.4,31.4,1.4,1.4
3-5 дней,2026-08-06T10:08:26Z,2026-08-09T13:00:00Z,74.9,34.2,32.7,32.0,1.5,1.5
3-5 дней,2026-08-06T10:08:26Z,2026-08-09T14:00:00Z,75.9,34.3,33.2,31.3,1.1,1.1
3-5 дней,2026-08-06T10:08:26Z,2026-08-09T15:00:00Z,76.9,33.7,33.1,32.0,0.6,0.6
3-5 дней,2026-08-06T10:08:26Z,2026-08-09T16:00:00Z,77.9,32.3,32.2,31.3,0.1,0.1
3-5 дней,2026-08-06T10:08:26Z,2026-08-09T17:00:00Z,78.9,30.2,30.8,30.0,-0.6,0.6
3-5 дней,2026-08-06T10:08:26Z,2026-08-09T18:00:00Z,79.9,28.2,29.7,29.2,-1.5,1.5
3-5 дней,2026-08-06T10:08:26Z,2026-08-09T19:00:00Z,80.9,26.3,28.3,28.4,-2.0,2.0
3-5 дней,2026-08-06T10:08:26Z,2026-08-09T20:00:00Z,81.9,24.4,27.3,27.6,-2.9,2.9
3-5 дней,2026-08-06T10:08:26Z,2026-08-09T21:00:00Z,82.9,22.9,26.6,26.6,-3.7,3.7
3-5 дней,2026-08-06T10:08:26Z,2026-08-09T22:00:00Z,83.9,22.1,24.9,25.4,-2.8,2.8
3-5 дней,2026-08-06T10:08:26Z,2026-08-09T23:00:00Z,84.9,21.6,24.0,24.9,-2.4,2.4
3-5 дней,2026-08-06T10:08:26Z,2026-08-10T00:00:00Z,85.9,21.1,23.3,24.2,-2.2,2.2
3-5 дней,2026-08-06T10:08:26Z,2026-08-10T01:00:00Z,86.9,20.3,22.9,23.8,-2.6,2.6
3-5 дней,2026-08-06T10:08:26Z,2026-08-10T02:00:00Z,87.9,19.5,23.1,22.8,-3.6,3.6
3-5 дней,2026-08-06T10:08:26Z,2026-08-10T03:00:00Z,88.9,19.6,22.6,21.3,-3.0,3.0
3-5 дней,2026-08-06T10:08:26Z,2026-08-10T04:00:00Z,89.9,21.2,21.3,20.7,-0.1,0.1
3-5 дней,2026-08-06T10:08:26Z,2026-08-10T05:00:00Z,90.9,23.6,24.9,21.8,-1.3,1.3
3-5 дней,2026-08-06T10:08:26Z,2026-08-10T06:00:00Z,91.9,26.2,26.2,23.2,0.0,0.0
3-5 дней,2026-08-06T10:08:26Z,2026-08-10T07:00:00Z,92.9,28.7,28.3,24.7,0.4,0.4
3-5 дней,2026-08-06T10:08:26Z,2026-08-10T08:00:00Z,93.9,31.2,30.6,27.1,0.6,0.6
3-5 дней,2026-08-06T10:08:26Z,2026-08-10T09:00:00Z,94.9,33.3,32.5,28.8,0.8,0.8
3-5 дней,2026-08-06T10:08:26Z,2026-08-10T10:00:00Z,95.9,34.5,32.7,30.1,1.8,1.8
3-5 дней,2026-08-06T10:08:26Z,2026-08-10T11:00:00Z,96.9,35.3,33.2,30.8,2.1,2.1
3-5 дней,2026-08-06T10:08:26Z,2026-08-10T12:00:00Z,97.9,35.7,34.1,32.4,1.6,1.6
3-5 дней,2026-08-06T10:08:26Z,2026-08-10T13:00:00Z,98.9,36.1,34.1,32.7,2.0,2.0
3-5 дней,2026-08-06T10:08:26Z,2026-08-10T14:00:00Z,99.9,36.2,34.6,33.2,1.6,1.6
3-5 дней,2026-08-06T10:08:26Z,2026-08-10T15:00:00Z,100.9,35.6,34.7,33.1,0.9,0.9
3-5 дней,2026-08-06T10:08:26Z,2026-08-10T16:00:00Z,101.9,33.8,34.0,32.2,-0.2,0.2
3-5 дней,2026-08-06T10:08:26Z,2026-08-10T17:00:00Z,102.9,31.3,32.8,30.8,-1.5,1.5
3-5 дней,2026-08-06T10:08:26Z,2026-08-10T18:00:00Z,103.9,29.0,31.8,29.7,-2.8,2.8
3-5 дней,2026-08-06T10:08:26Z,2026-08-10T19:00:00Z,104.9,27.2,29.7,28.3,-2.5,2.5
3-5 дней,2026-08-06T10:08:26Z,2026-08-10T20:00:00Z,105.9,25.6,29.3,27.3,-3.7,3.7
3-5 дней,2026-08-06T10:08:26Z,2026-08-10T21:00:00Z,106.9,24.5,27.1,26.6,-2.6,2.6
3-5 дней,2026-08-06T10:08:26Z,2026-08-10T22:00:00Z,107.9,24.2,26.6,24.9,-2.4,2.4
3-5 дней,2026-08-06T10:08:26Z,2026-08-10T23:00:00Z,108.9,24.5,26.2,24.0,-1.7,1.7
3-5 дней,2026-08-06T10:08:26Z,2026-08-11T00:00:00Z,109.9,24.5,25.5,23.3,-1.0,1.0
3-5 дней,2026-08-06T10:08:26Z,2026-08-11T01:00:00Z,110.9,23.8,23.9,22.9,-0.1,0.1
3-5 дней,2026-08-06T10:08:26Z,2026-08-11T02:00:00Z,111.9,22.9,23.2,23.1,-0.3,0.3
3-5 дней,2026-08-06T10:08:26Z,2026-08-11T03:00:00Z,112.9,22.6,22.4,22.6,0.2,0.2
3-5 дней,2026-08-06T10:08:26Z,2026-08-11T04:00:00Z,113.9,23.2,22.2,21.3,1.0,1.0
3-5 дней,2026-08-06T10:08:26Z,2026-08-11T05:00:00Z,114.9,24.8,24.5,24.9,0.3,0.3
3-5 дней,2026-08-06T10:08:26Z,2026-08-11T06:00:00Z,115.9,26.3,26.8,26.2,-0.5,0.5
3-5 дней,2026-08-06T10:08:26Z,2026-08-11T07:00:00Z,116.9,30.4,29.0,28.3,1.4,1.4
3-5 дней,2026-08-06T10:08:26Z,2026-08-11T08:00:00Z,117.9,33.9,30.6,30.6,3.3,3.3
3-5 дней,2026-08-06T10:08:26Z,2026-08-11T09:00:00Z,118.9,36.5,32.0,32.5,4.5,4.5
3-5 дней,2026-08-06T10:08:26Z,2026-08-11T10:00:00Z,119.9,38.0,34.7,32.7,3.3,3.3
3-5 дней,2026-08-06T10:47:54Z,2026-08-09T11:00:00Z,72.2,33.3,30.8,30.9,2.5,2.5
3-5 дней,2026-08-06T10:47:54Z,2026-08-09T12:00:00Z,73.2,33.8,32.4,31.4,1.4,1.4
3-5 дней,2026-08-06T10:47:54Z,2026-08-09T13:00:00Z,74.2,34.2,32.7,32.0,1.5,1.5
3-5 дней,2026-08-06T10:47:54Z,2026-08-09T14:00:00Z,75.2,34.3,33.2,31.3,1.1,1.1
3-5 дней,2026-08-06T10:47:54Z,2026-08-09T15:00:00Z,76.2,33.7,33.1,32.0,0.6,0.6
3-5 дней,2026-08-06T10:47:54Z,2026-08-09T16:00:00Z,77.2,32.3,32.2,31.3,0.1,0.1
3-5 дней,2026-08-06T10:47:54Z,2026-08-09T17:00:00Z,78.2,30.2,30.8,30.0,-0.6,0.6
3-5 дней,2026-08-06T10:47:54Z,2026-08-09T18:00:00Z,79.2,28.2,29.7,29.2,-1.5,1.5
3-5 дней,2026-08-06T10:47:54Z,2026-08-09T19:00:00Z,80.2,26.3,28.3,28.4,-2.0,2.0
3-5 дней,2026-08-06T10:47:54Z,2026-08-09T20:00:00Z,81.2,24.4,27.3,27.6,-2.9,2.9
3-5 дней,2026-08-06T10:47:54Z,2026-08-09T21:00:00Z,82.2,22.9,26.6,26.6,-3.7,3.7
3-5 дней,2026-08-06T10:47:54Z,2026-08-09T22:00:00Z,83.2,22.1,24.9,25.4,-2.8,2.8
3-5 дней,2026-08-06T10:47:54Z,2026-08-09T23:00:00Z,84.2,21.6,24.0,24.9,-2.4,2.4
3-5 дней,2026-08-06T10:47:54Z,2026-08-10T00:00:00Z,85.2,21.1,23.3,24.2,-2.2,2.2
3-5 дней,2026-08-06T10:47:54Z,2026-08-10T01:00:00Z,86.2,20.3,22.9,23.8,-2.6,2.6
3-5 дней,2026-08-06T10:47:54Z,2026-08-10T02:00:00Z,87.2,19.5,23.1,22.8,-3.6,3.6
3-5 дней,2026-08-06T10:47:54Z,2026-08-10T03:00:00Z,88.2,19.6,22.6,21.3,-3.0,3.0
3-5 дней,2026-08-06T10:47:54Z,2026-08-10T04:00:00Z,89.2,21.2,21.3,20.7,-0.1,0.1
3-5 дней,2026-08-06T10:47:54Z,2026-08-10T05:00:00Z,90.2,23.6,24.9,21.8,-1.3,1.3
3-5 дней,2026-08-06T10:47:54Z,2026-08-10T06:00:00Z,91.2,26.2,26.2,23.2,0.0,0.0
3-5 дней,2026-08-06T10:47:54Z,2026-08-10T07:00:00Z,92.2,28.7,28.3,24.7,0.4,0.4
3-5 дней,2026-08-06T10:47:54Z,2026-08-10T08:00:00Z,93.2,31.2,30.6,27.1,0.6,0.6
3-5 дней,2026-08-06T10:47:54Z,2026-08-10T09:00:00Z,94.2,33.3,32.5,28.8,0.8,0.8
3-5 дней,2026-08-06T10:47:54Z,2026-08-10T10:00:00Z,95.2,34.5,32.7,30.1,1.8,1.8
3-5 дней,2026-08-06T10:47:54Z,2026-08-10T11:00:00Z,96.2,35.3,33.2,30.8,2.1,2.1
3-5 дней,2026-08-06T10:47:54Z,2026-08-10T12:00:00Z,97.2,35.7,34.1,32.4,1.6,1.6
3-5 дней,2026-08-06T10:47:54Z,2026-08-10T13:00:00Z,98.2,36.1,34.1,32.7,2.0,2.0
3-5 дней,2026-08-06T10:47:54Z,2026-08-10T14:00:00Z,99.2,36.2,34.6,33.2,1.6,1.6
3-5 дней,2026-08-06T10:47:54Z,2026-08-10T15:00:00Z,100.2,35.6,34.7,33.1,0.9,0.9
3-5 дней,2026-08-06T10:47:54Z,2026-08-10T16:00:00Z,101.2,33.8,34.0,32.2,-0.2,0.2
3-5 дней,2026-08-06T10:47:54Z,2026-08-10T17:00:00Z,102.2,31.3,32.8,30.8,-1.5,1.5
3-5 дней,2026-08-06T10:47:54Z,2026-08-10T18:00:00Z,103.2,29.0,31.8,29.7,-2.8,2.8
3-5 дней,2026-08-06T10:47:54Z,2026-08-10T19:00:00Z,104.2,27.2,29.7,28.3,-2.5,2.5
3-5 дней,2026-08-06T10:47:54Z,2026-08-10T20:00:00Z,105.2,25.6,29.3,27.3,-3.7,3.7
3-5 дней,2026-08-06T10:47:54Z,2026-08-10T21:00:00Z,106.2,24.5,27.1,26.6,-2.6,2.6
3-5 дней,2026-08-06T10:47:54Z,2026-08-10T22:00:00Z,107.2,24.2,26.6,24.9,-2.4,2.4
3-5 дней,2026-08-06T10:47:54Z,2026-08-10T23:00:00Z,108.2,24.5,26.2,24.0,-1.7,1.7
3-5 дней,2026-08-06T10:47:54Z,2026-08-11T00:00:00Z,109.2,24.5,25.5,23.3,-1.0,1.0
3-5 дней,2026-08-06T10:47:54Z,2026-08-11T01:00:00Z,110.2,23.8,23.9,22.9,-0.1,0.1
3-5 дней,2026-08-06T10:47:54Z,2026-08-11T02:00:00Z,111.2,22.9,23.2,23.1,-0.3,0.3
3-5 дней,2026-08-06T10:47:54Z,2026-08-11T03:00:00Z,112.2,22.6,22.4,22.6,0.2,0.2
3-5 дней,2026-08-06T10:47:54Z,2026-08-11T04:00:00Z,113.2,23.2,22.2,21.3,1.0,1.0
3-5 дней,2026-08-06T10:47:54Z,2026-08-11T05:00:00Z,114.2,24.8,24.5,24.9,0.3,0.3
3-5 дней,2026-08-06T10:47:54Z,2026-08-11T06:00:00Z,115.2,26.3,26.8,26.2,-0.5,0.5
3-5 дней,2026-08-06T10:47:54Z,2026-08-11T07:00:00Z,116.2,30.4,29.0,28.3,1.4,1.4
3-5 дней,2026-08-06T10:47:54Z,2026-08-11T08:00:00Z,117.2,33.9,30.6,30.6,3.3,3.3
3-5 дней,2026-08-06T10:47:54Z,2026-08-11T09:00:00Z,118.2,36.5,32.0,32.5,4.5,4.5
3-5 дней,2026-08-06T10:47:54Z,2026-08-11T10:00:00Z,119.2,38.0,34.7,32.7,3.3,3.3
3-5 дней,2026-08-06T11:30:42Z,2026-08-09T12:00:00Z,72.5,33.8,32.4,31.4,1.4,1.4
3-5 дней,2026-08-06T11:30:42Z,2026-08-09T13:00:00Z,73.5,34.2,32.7,32.0,1.5,1.5
3-5 дней,2026-08-06T11:30:42Z,2026-08-09T14:00:00Z,74.5,34.3,33.2,31.3,1.1,1.1
3-5 дней,2026-08-06T11:30:42Z,2026-08-09T15:00:00Z,75.5,33.7,33.1,32.0,0.6,0.6
3-5 дней,2026-08-06T11:30:42Z,2026-08-09T16:00:00Z,76.5,32.3,32.2,31.3,0.1,0.1
3-5 дней,2026-08-06T11:30:42Z,2026-08-09T17:00:00Z,77.5,30.2,30.8,30.0,-0.6,0.6
3-5 дней,2026-08-06T11:30:42Z,2026-08-09T18:00:00Z,78.5,28.2,29.7,29.2,-1.5,1.5
3-5 дней,2026-08-06T11:30:42Z,2026-08-09T19:00:00Z,79.5,26.3,28.3,28.4,-2.0,2.0
3-5 дней,2026-08-06T11:30:42Z,2026-08-09T20:00:00Z,80.5,24.4,27.3,27.6,-2.9,2.9
3-5 дней,2026-08-06T11:30:42Z,2026-08-09T21:00:00Z,81.5,22.9,26.6,26.6,-3.7,3.7
3-5 дней,2026-08-06T11:30:42Z,2026-08-09T22:00:00Z,82.5,22.1,24.9,25.4,-2.8,2.8
3-5 дней,2026-08-06T11:30:42Z,2026-08-09T23:00:00Z,83.5,21.6,24.0,24.9,-2.4,2.4
3-5 дней,2026-08-06T11:30:42Z,2026-08-10T00:00:00Z,84.5,21.1,23.3,24.2,-2.2,2.2
3-5 дней,2026-08-06T11:30:42Z,2026-08-10T01:00:00Z,85.5,20.3,22.9,23.8,-2.6,2.6
3-5 дней,2026-08-06T11:30:42Z,2026-08-10T02:00:00Z,86.5,19.5,23.1,22.8,-3.6,3.6
3-5 дней,2026-08-06T11:30:42Z,2026-08-10T03:00:00Z,87.5,19.6,22.6,21.3,-3.0,3.0
3-5 дней,2026-08-06T11:30:42Z,2026-08-10T04:00:00Z,88.5,21.2,21.3,20.7,-0.1,0.1
3-5 дней,2026-08-06T11:30:42Z,2026-08-10T05:00:00Z,89.5,23.6,24.9,21.8,-1.3,1.3
3-5 дней,2026-08-06T11:30:42Z,2026-08-10T06:00:00Z,90.5,26.2,26.2,23.2,0.0,0.0
3-5 дней,2026-08-06T11:30:42Z,2026-08-10T07:00:00Z,91.5,28.7,28.3,24.7,0.4,0.4
3-5 дней,2026-08-06T11:30:42Z,2026-08-10T08:00:00Z,92.5,31.2,30.6,27.1,0.6,0.6
3-5 дней,2026-08-06T11:30:42Z,2026-08-10T09:00:00Z,93.5,33.3,32.5,28.8,0.8,0.8
3-5 дней,2026-08-06T11:30:42Z,2026-08-10T10:00:00Z,94.5,34.5,32.7,30.1,1.8,1.8
3-5 дней,2026-08-06T11:30:42Z,2026-08-10T11:00:00Z,95.5,35.3,33.2,30.8,2.1,2.1
3-5 дней,2026-08-06T11:30:42Z,2026-08-10T12:00:00Z,96.5,35.7,34.1,32.4,1.6,1.6
3-5 дней,2026-08-06T11:30:42Z,2026-08-10T13:00:00Z,97.5,36.1,34.1,32.7,2.0,2.0
3-5 дней,2026-08-06T11:30:42Z,2026-08-10T14:00:00Z,98.5,36.2,34.6,33.2,1.6,1.6
3-5 дней,2026-08-06T11:30:42Z,2026-08-10T15:00:00Z,99.5,35.6,34.7,33.1,0.9,0.9
3-5 дней,2026-08-06T11:30:42Z,2026-08-10T16:00:00Z,100.5,33.8,34.0,32.2,-0.2,0.2
3-5 дней,2026-08-06T11:30:42Z,2026-08-10T17:00:00Z,101.5,31.3,32.8,30.8,-1.5,1.5
3-5 дней,2026-08-06T11:30:42Z,2026-08-10T18:00:00Z,102.5,29.0,31.8,29.7,-2.8,2.8
3-5 дней,2026-08-06T11:30:42Z,2026-08-10T19:00:00Z,103.5,27.2,29.7,28.3,-2.5,2.5
3-5 дней,2026-08-06T11:30:42Z,2026-08-10T20:00:00Z,104.5,25.6,29.3,27.3,-3.7,3.7
3-5 дней,2026-08-06T11:30:42Z,2026-08-10T21:00:00Z,105.5,24.5,27.1,26.6,-2.6,2.6
3-5 дней,2026-08-06T11:30:42Z,2026-08-10T22:00:00Z,106.5,24.2,26.6,24.9,-2.4,2.4
3-5 дней,2026-08-06T11:30:42Z,2026-08-10T23:00:00Z,107.5,24.5,26.2,24.0,-1.7,1.7
3-5 дней,2026-08-06T11:30:42Z,2026-08-11T00:00:00Z,108.5,24.5,25.5,23.3,-1.0,1.0
3-5 дней,2026-08-06T11:30:42Z,2026-08-11T01:00:00Z,109.5,23.8,23.9,22.9,-0.1,0.1
3-5 дней,2026-08-06T11:30:42Z,2026-08-11T02:00:00Z,110.5,22.9,23.2,23.1,-0.3,0.3
3-5 дней,2026-08-06T11:30:42Z,2026-08-11T03:00:00Z,111.5,22.6,22.4,22.6,0.2,0.2
3-5 дней,2026-08-06T11:30:42Z,2026-08-11T04:00:00Z,112.5,23.2,22.2,21.3,1.0,1.0
3-5 дней,2026-08-06T11:30:42Z,2026-08-11T05:00:00Z,113.5,24.8,24.5,24.9,0.3,0.3
3-5 дней,2026-08-06T11:30:42Z,2026-08-11T06:00:00Z,114.5,26.3,26.8,26.2,-0.5,0.5
3-5 дней,2026-08-06T11:30:42Z,2026-08-11T07:00:00Z,115.5,30.4,29.0,28.3,1.4,1.4
3-5 дней,2026-08-06T11:30:42Z,2026-08-11T08:00:00Z,116.5,33.9,30.6,30.6,3.3,3.3
3-5 дней,2026-08-06T11:30:42Z,2026-08-11T09:00:00Z,117.5,36.5,32.0,32.5,4.5,4.5
3-5 дней,2026-08-06T11:30:42Z,2026-08-11T10:00:00Z,118.5,38.0,34.7,32.7,3.3,3.3
3-5 дней,2026-08-06T11:30:42Z,2026-08-11T11:00:00Z,119.5,38.8,35.7,33.2,3.1,3.1
3-5 дней,2026-08-06T11:36:01Z,2026-08-09T12:00:00Z,72.4,33.8,32.4,31.4,1.4,1.4
3-5 дней,2026-08-06T11:36:01Z,2026-08-09T13:00:00Z,73.4,34.2,32.7,32.0,1.5,1.5
3-5 дней,2026-08-06T11:36:01Z,2026-08-09T14:00:00Z,74.4,34.3,33.2,31.3,1.1,1.1
3-5 дней,2026-08-06T11:36:01Z,2026-08-09T15:00:00Z,75.4,33.7,33.1,32.0,0.6,0.6
3-5 дней,2026-08-06T11:36:01Z,2026-08-09T16:00:00Z,76.4,32.3,32.2,31.3,0.1,0.1
3-5 дней,2026-08-06T11:36:01Z,2026-08-09T17:00:00Z,77.4,30.2,30.8,30.0,-0.6,0.6
3-5 дней,2026-08-06T11:36:01Z,2026-08-09T18:00:00Z,78.4,28.2,29.7,29.2,-1.5,1.5
3-5 дней,2026-08-06T11:36:01Z,2026-08-09T19:00:00Z,79.4,26.3,28.3,28.4,-2.0,2.0
3-5 дней,2026-08-06T11:36:01Z,2026-08-09T20:00:00Z,80.4,24.4,27.3,27.6,-2.9,2.9
3-5 дней,2026-08-06T11:36:01Z,2026-08-09T21:00:00Z,81.4,22.9,26.6,26.6,-3.7,3.7
3-5 дней,2026-08-06T11:36:01Z,2026-08-09T22:00:00Z,82.4,22.1,24.9,25.4,-2.8,2.8
3-5 дней,2026-08-06T11:36:01Z,2026-08-09T23:00:00Z,83.4,21.6,24.0,24.9,-2.4,2.4
3-5 дней,2026-08-06T11:36:01Z,2026-08-10T00:00:00Z,84.4,21.1,23.3,24.2,-2.2,2.2
3-5 дней,2026-08-06T11:36:01Z,2026-08-10T01:00:00Z,85.4,20.3,22.9,23.8,-2.6,2.6
3-5 дней,2026-08-06T11:36:01Z,2026-08-10T02:00:00Z,86.4,19.5,23.1,22.8,-3.6,3.6
3-5 дней,2026-08-06T11:36:01Z,2026-08-10T03:00:00Z,87.4,19.6,22.6,21.3,-3.0,3.0
3-5 дней,2026-08-06T11:36:01Z,2026-08-10T04:00:00Z,88.4,21.2,21.3,20.7,-0.1,0.1
3-5 дней,2026-08-06T11:36:01Z,2026-08-10T05:00:00Z,89.4,23.6,24.9,21.8,-1.3,1.3
3-5 дней,2026-08-06T11:36:01Z,2026-08-10T06:00:00Z,90.4,26.2,26.2,23.2,0.0,0.0
3-5 дней,2026-08-06T11:36:01Z,2026-08-10T07:00:00Z,91.4,28.7,28.3,24.7,0.4,0.4
3-5 дней,2026-08-06T11:36:01Z,2026-08-10T08:00:00Z,92.4,31.2,30.6,27.1,0.6,0.6
3-5 дней,2026-08-06T11:36:01Z,2026-08-10T09:00:00Z,93.4,33.3,32.5,28.8,0.8,0.8
3-5 дней,2026-08-06T11:36:01Z,2026-08-10T10:00:00Z,94.4,34.5,32.7,30.1,1.8,1.8
3-5 дней,2026-08-06T11:36:01Z,2026-08-10T11:00:00Z,95.4,35.3,33.2,30.8,2.1,2.1
3-5 дней,2026-08-06T11:36:01Z,2026-08-10T12:00:00Z,96.4,35.7,34.1,32.4,1.6,1.6
3-5 дней,2026-08-06T11:36:01Z,2026-08-10T13:00:00Z,97.4,36.1,34.1,32.7,2.0,2.0
3-5 дней,2026-08-06T11:36:01Z,2026-08-10T14:00:00Z,98.4,36.2,34.6,33.2,1.6,1.6
3-5 дней,2026-08-06T11:36:01Z,2026-08-10T15:00:00Z,99.4,35.6,34.7,33.1,0.9,0.9
3-5 дней,2026-08-06T11:36:01Z,2026-08-10T16:00:00Z,100.4,33.8,34.0,32.2,-0.2,0.2
3-5 дней,2026-08-06T11:36:01Z,2026-08-10T17:00:00Z,101.4,31.3,32.8,30.8,-1.5,1.5
3-5 дней,2026-08-06T11:36:01Z,2026-08-10T18:00:00Z,102.4,29.0,31.8,29.7,-2.8,2.8
3-5 дней,2026-08-06T11:36:01Z,2026-08-10T19:00:00Z,103.4,27.2,29.7,28.3,-2.5,2.5
3-5 дней,2026-08-06T11:36:01Z,2026-08-10T20:00:00Z,104.4,25.6,29.3,27.3,-3.7,3.7
3-5 дней,2026-08-06T11:36:01Z,2026-08-10T21:00:00Z,105.4,24.5,27.1,26.6,-2.6,2.6
3-5 дней,2026-08-06T11:36:01Z,2026-08-10T22:00:00Z,106.4,24.2,26.6,24.9,-2.4,2.4
3-5 дней,2026-08-06T11:36:01Z,2026-08-10T23:00:00Z,107.4,24.5,26.2,24.0,-1.7,1.7
3-5 дней,2026-08-06T11:36:01Z,2026-08-11T00:00:00Z,108.4,24.5,25.5,23.3,-1.0,1.0
3-5 дней,2026-08-06T11:36:01Z,2026-08-11T01:00:00Z,109.4,23.8,23.9,22.9,-0.1,0.1
3-5 дней,2026-08-06T11:36:01Z,2026-08-11T02:00:00Z,110.4,22.9,23.2,23.1,-0.3,0.3
3-5 дней,2026-08-06T11:36:01Z,2026-08-11T03:00:00Z,111.4,22.6,22.4,22.6,0.2,0.2
3-5 дней,2026-08-06T11:36:01Z,2026-08-11T04:00:00Z,112.4,23.2,22.2,21.3,1.0,1.0
3-5 дней,2026-08-06T11:36:01Z,2026-08-11T05:00:00Z,113.4,24.8,24.5,24.9,0.3,0.3
3-5 дней,2026-08-06T11:36:01Z,2026-08-11T06:00:00Z,114.4,26.3,26.8,26.2,-0.5,0.5
3-5 дней,2026-08-06T11:36:01Z,2026-08-11T07:00:00Z,115.4,30.4,29.0,28.3,1.4,1.4
3-5 дней,2026-08-06T11:36:01Z,2026-08-11T08:00:00Z,116.4,33.9,30.6,30.6,3.3,3.3
3-5 дней,2026-08-06T11:36:01Z,2026-08-11T09:00:00Z,117.4,36.5,32.0,32.5,4.5,4.5
3-5 дней,2026-08-06T11:36:01Z,2026-08-11T10:00:00Z,118.4,38.0,34.7,32.7,3.3,3.3
3-5 дней,2026-08-06T11:36:01Z,2026-08-11T11:00:00Z,119.4,38.8,35.7,33.2,3.1,3.1
3-5 дней,2026-08-06T11:44:08Z,2026-08-09T12:00:00Z,72.3,33.8,32.4,31.4,1.4,1.4
3-5 дней,2026-08-06T11:44:08Z,2026-08-09T13:00:00Z,73.3,34.2,32.7,32.0,1.5,1.5
3-5 дней,2026-08-06T11:44:08Z,2026-08-09T14:00:00Z,74.3,34.3,33.2,31.3,1.1,1.1
3-5 дней,2026-08-06T11:44:08Z,2026-08-09T15:00:00Z,75.3,33.7,33.1,32.0,0.6,0.6
3-5 дней,2026-08-06T11:44:08Z,2026-08-09T16:00:00Z,76.3,32.3,32.2,31.3,0.1,0.1
3-5 дней,2026-08-06T11:44:08Z,2026-08-09T17:00:00Z,77.3,30.2,30.8,30.0,-0.6,0.6
3-5 дней,2026-08-06T11:44:08Z,2026-08-09T18:00:00Z,78.3,28.2,29.7,29.2,-1.5,1.5
3-5 дней,2026-08-06T11:44:08Z,2026-08-09T19:00:00Z,79.3,26.3,28.3,28.4,-2.0,2.0
3-5 дней,2026-08-06T11:44:08Z,2026-08-09T20:00:00Z,80.3,24.4,27.3,27.6,-2.9,2.9
3-5 дней,2026-08-06T11:44:08Z,2026-08-09T21:00:00Z,81.3,22.9,26.6,26.6,-3.7,3.7
3-5 дней,2026-08-06T11:44:08Z,2026-08-09T22:00:00Z,82.3,22.1,24.9,25.4,-2.8,2.8
3-5 дней,2026-08-06T11:44:08Z,2026-08-09T23:00:00Z,83.3,21.6,24.0,24.9,-2.4,2.4
3-5 дней,2026-08-06T11:44:08Z,2026-08-10T00:00:00Z,84.3,21.1,23.3,24.2,-2.2,2.2
3-5 дней,2026-08-06T11:44:08Z,2026-08-10T01:00:00Z,85.3,20.3,22.9,23.8,-2.6,2.6
3-5 дней,2026-08-06T11:44:08Z,2026-08-10T02:00:00Z,86.3,19.5,23.1,22.8,-3.6,3.6
3-5 дней,2026-08-06T11:44:08Z,2026-08-10T03:00:00Z,87.3,19.6,22.6,21.3,-3.0,3.0
3-5 дней,2026-08-06T11:44:08Z,2026-08-10T04:00:00Z,88.3,21.2,21.3,20.7,-0.1,0.1
3-5 дней,2026-08-06T11:44:08Z,2026-08-10T05:00:00Z,89.3,23.6,24.9,21.8,-1.3,1.3
3-5 дней,2026-08-06T11:44:08Z,2026-08-10T06:00:00Z,90.3,26.2,26.2,23.2,0.0,0.0
3-5 дней,2026-08-06T11:44:08Z,2026-08-10T07:00:00Z,91.3,28.7,28.3,24.7,0.4,0.4
3-5 дней,2026-08-06T11:44:08Z,2026-08-10T08:00:00Z,92.3,31.2,30.6,27.1,0.6,0.6
3-5 дней,2026-08-06T11:44:08Z,2026-08-10T09:00:00Z,93.3,33.3,32.5,28.8,0.8,0.8
3-5 дней,2026-08-06T11:44:08Z,2026-08-10T10:00:00Z,94.3,34.5,32.7,30.1,1.8,1.8
3-5 дней,2026-08-06T11:44:08Z,2026-08-10T11:00:00Z,95.3,35.3,33.2,30.8,2.1,2.1
3-5 дней,2026-08-06T11:44:08Z,2026-08-10T12:00:00Z,96.3,35.7,34.1,32.4,1.6,1.6
3-5 дней,2026-08-06T11:44:08Z,2026-08-10T13:00:00Z,97.3,36.1,34.1,32.7,2.0,2.0
3-5 дней,2026-08-06T11:44:08Z,2026-08-10T14:00:00Z,98.3,36.2,34.6,33.2,1.6,1.6
3-5 дней,2026-08-06T11:44:08Z,2026-08-10T15:00:00Z,99.3,35.6,34.7,33.1,0.9,0.9
3-5 дней,2026-08-06T11:44:08Z,2026-08-10T16:00:00Z,100.3,33.8,34.0,32.2,-0.2,0.2
3-5 дней,2026-08-06T11:44:08Z,2026-08-10T17:00:00Z,101.3,31.3,32.8,30.8,-1.5,1.5
3-5 дней,2026-08-06T11:44:08Z,2026-08-10T18:00:00Z,102.3,29.0,31.8,29.7,-2.8,2.8
3-5 дней,2026-08-06T11:44:08Z,2026-08-10T19:00:00Z,103.3,27.2,29.7,28.3,-2.5,2.5
3-5 дней,2026-08-06T11:44:08Z,2026-08-10T20:00:00Z,104.3,25.6,29.3,27.3,-3.7,3.7
3-5 дней,2026-08-06T11:44:08Z,2026-08-10T21:00:00Z,105.3,24.5,27.1,26.6,-2.6,2.6
3-5 дней,2026-08-06T11:44:08Z,2026-08-10T22:00:00Z,106.3,24.2,26.6,24.9,-2.4,2.4
3-5 дней,2026-08-06T11:44:08Z,2026-08-10T23:00:00Z,107.3,24.5,26.2,24.0,-1.7,1.7
3-5 дней,2026-08-06T11:44:08Z,2026-08-11T00:00:00Z,108.3,24.5,25.5,23.3,-1.0,1.0
3-5 дней,2026-08-06T11:44:08Z,2026-08-11T01:00:00Z,109.3,23.8,23.9,22.9,-0.1,0.1
3-5 дней,2026-08-06T11:44:08Z,2026-08-11T02:00:00Z,110.3,22.9,23.2,23.1,-0.3,0.3
3-5 дней,2026-08-06T11:44:08Z,2026-08-11T03:00:00Z,111.3,22.6,22.4,22.6,0.2,0.2
3-5 дней,2026-08-06T11:44:08Z,2026-08-11T04:00:00Z,112.3,23.2,22.2,21.3,1.0,1.0
3-5 дней,2026-08-06T11:44:08Z,2026-08-11T05:00:00Z,113.3,24.8,24.5,24.9,0.3,0.3
3-5 дней,2026-08-06T11:44:08Z,2026-08-11T06:00:00Z,114.3,26.3,26.8,26.2,-0.5,0.5
3-5 дней,2026-08-06T11:44:08Z,2026-08-11T07:00:00Z,115.3,30.4,29.0,28.3,1.4,1.4
3-5 дней,2026-08-06T11:44:08Z,2026-08-11T08:00:00Z,116.3,33.9,30.6,30.6,3.3,3.3
3-5 дней,2026-08-06T11:44:08Z,2026-08-11T09:00:00Z,117.3,36.5,32.0,32.5,4.5,4.5
3-5 дней,2026-08-06T11:44:08Z,2026-08-11T10:00:00Z,118.3,38.0,34.7,32.7,3.3,3.3
3-5 дней,2026-08-06T11:44:08Z,2026-08-11T11:00:00Z,119.3,38.8,35.7,33.2,3.1,3.1
3-5 дней,2026-08-07T01:31:32Z,2026-08-10T02:00:00Z,72.5,20.0,23.1,22.8,-3.1,3.1
3-5 дней,2026-08-07T01:31:32Z,2026-08-10T03:00:00Z,73.5,20.2,22.6,21.3,-2.4,2.4
3-5 дней,2026-08-07T01:31:32Z,2026-08-10T04:00:00Z,74.5,21.6,21.3,20.7,0.3,0.3
3-5 дней,2026-08-07T01:31:32Z,2026-08-10T05:00:00Z,75.5,23.7,24.9,21.8,-1.2,1.2
3-5 дней,2026-08-07T01:31:32Z,2026-08-10T06:00:00Z,76.5,25.9,26.2,23.2,-0.3,0.3
3-5 дней,2026-08-07T01:31:32Z,2026-08-10T07:00:00Z,77.5,28.4,28.3,24.7,0.1,0.1
3-5 дней,2026-08-07T01:31:32Z,2026-08-10T08:00:00Z,78.5,31.1,30.6,27.1,0.5,0.5
3-5 дней,2026-08-07T01:31:32Z,2026-08-10T09:00:00Z,79.5,33.3,32.5,28.8,0.8,0.8
3-5 дней,2026-08-07T01:31:32Z,2026-08-10T10:00:00Z,80.5,34.5,32.7,30.1,1.8,1.8
3-5 дней,2026-08-07T01:31:32Z,2026-08-10T11:00:00Z,81.5,35.2,33.2,30.8,2.0,2.0
3-5 дней,2026-08-07T01:31:32Z,2026-08-10T12:00:00Z,82.5,35.5,34.1,32.4,1.4,1.4
3-5 дней,2026-08-07T01:31:32Z,2026-08-10T13:00:00Z,83.5,35.8,34.1,32.7,1.7,1.7
3-5 дней,2026-08-07T01:31:32Z,2026-08-10T14:00:00Z,84.5,35.8,34.6,33.2,1.2,1.2
3-5 дней,2026-08-07T01:31:32Z,2026-08-10T15:00:00Z,85.5,35.2,34.7,33.1,0.5,0.5
3-5 дней,2026-08-07T01:31:32Z,2026-08-10T16:00:00Z,86.5,33.4,34.0,32.2,-0.6,0.6
3-5 дней,2026-08-07T01:31:32Z,2026-08-10T17:00:00Z,87.5,30.9,32.8,30.8,-1.9,1.9
3-5 дней,2026-08-07T01:31:32Z,2026-08-10T18:00:00Z,88.5,28.7,31.8,29.7,-3.1,3.1
3-5 дней,2026-08-07T01:31:32Z,2026-08-10T19:00:00Z,89.5,27.0,29.7,28.3,-2.7,2.7
3-5 дней,2026-08-07T01:31:32Z,2026-08-10T20:00:00Z,90.5,25.7,29.3,27.3,-3.6,3.6
3-5 дней,2026-08-07T01:31:32Z,2026-08-10T21:00:00Z,91.5,24.7,27.1,26.6,-2.4,2.4
3-5 дней,2026-08-07T01:31:32Z,2026-08-10T22:00:00Z,92.5,24.3,26.6,24.9,-2.3,2.3
3-5 дней,2026-08-07T01:31:32Z,2026-08-10T23:00:00Z,93.5,24.3,26.2,24.0,-1.9,1.9
3-5 дней,2026-08-07T01:31:32Z,2026-08-11T00:00:00Z,94.5,24.1,25.5,23.3,-1.4,1.4
3-5 дней,2026-08-07T01:31:32Z,2026-08-11T01:00:00Z,95.5,23.4,23.9,22.9,-0.5,0.5
3-5 дней,2026-08-07T01:31:32Z,2026-08-11T02:00:00Z,96.5,22.5,23.2,23.1,-0.7,0.7
3-5 дней,2026-08-07T01:31:32Z,2026-08-11T03:00:00Z,97.5,22.2,22.4,22.6,-0.2,0.2
3-5 дней,2026-08-07T01:31:32Z,2026-08-11T04:00:00Z,98.5,22.7,22.2,21.3,0.5,0.5
3-5 дней,2026-08-07T01:31:32Z,2026-08-11T05:00:00Z,99.5,23.7,24.5,24.9,-0.8,0.8
3-5 дней,2026-08-07T01:31:32Z,2026-08-11T06:00:00Z,100.5,25.3,26.8,26.2,-1.5,1.5
3-5 дней,2026-08-07T01:31:32Z,2026-08-11T07:00:00Z,101.5,27.9,29.0,28.3,-1.1,1.1
3-5 дней,2026-08-07T01:31:32Z,2026-08-11T08:00:00Z,102.5,31.0,30.6,30.6,0.4,0.4
3-5 дней,2026-08-07T01:31:32Z,2026-08-11T09:00:00Z,103.5,33.6,32.0,32.5,1.6,1.6
3-5 дней,2026-08-07T01:31:32Z,2026-08-11T10:00:00Z,104.5,35.3,34.7,32.7,0.6,0.6
3-5 дней,2026-08-07T01:31:32Z,2026-08-11T11:00:00Z,105.5,36.5,35.7,33.2,0.8,0.8
3-5 дней,2026-08-07T01:31:32Z,2026-08-11T12:00:00Z,106.5,37.2,36.7,34.1,0.5,0.5
3-5 дней,2026-08-07T01:31:32Z,2026-08-11T13:00:00Z,107.5,37.2,37.1,34.1,0.1,0.1
3-5 дней,2026-08-07T01:31:32Z,2026-08-11T14:00:00Z,108.5,36.6,37.7,34.6,-1.1,1.1
3-5 дней,2026-08-07T01:31:32Z,2026-08-11T15:00:00Z,109.5,35.5,37.3,34.7,-1.8,1.8
3-5 дней,2026-08-07T01:31:32Z,2026-08-11T16:00:00Z,110.5,33.8,36.2,34.0,-2.4,2.4
3-5 дней,2026-08-07T01:31:32Z,2026-08-11T17:00:00Z,111.5,31.7,34.9,32.8,-3.2,3.2
3-5 дней,2026-08-07T01:31:32Z,2026-08-11T18:00:00Z,112.5,30.1,33.0,31.8,-2.9,2.9
3-5 дней,2026-08-07T01:31:32Z,2026-08-11T19:00:00Z,113.5,29.4,31.2,29.7,-1.8,1.8
3-5 дней,2026-08-07T01:31:32Z,2026-08-11T20:00:00Z,114.5,27.8,29.6,29.3,-1.8,1.8
3-5 дней,2026-08-07T01:31:32Z,2026-08-11T21:00:00Z,115.5,26.3,28.3,27.1,-2.0,2.0
3-5 дней,2026-08-07T01:31:32Z,2026-08-11T22:00:00Z,116.5,24.9,29.1,26.6,-4.2,4.2
3-5 дней,2026-08-07T01:31:32Z,2026-08-11T23:00:00Z,117.5,23.5,29.2,26.2,-5.7,5.7
3-5 дней,2026-08-07T01:31:32Z,2026-08-12T00:00:00Z,118.5,22.3,27.7,25.5,-5.4,5.4
3-5 дней,2026-08-07T01:31:32Z,2026-08-12T01:00:00Z,119.5,21.2,26.2,23.9,-5.0,5.0
3-5 дней,2026-08-07T05:36:00Z,2026-08-10T06:00:00Z,72.4,25.1,26.2,23.2,-1.1,1.1
3-5 дней,2026-08-07T05:36:00Z,2026-08-10T07:00:00Z,73.4,27.6,28.3,24.7,-0.7,0.7
3-5 дней,2026-08-07T05:36:00Z,2026-08-10T08:00:00Z,74.4,30.3,30.6,27.1,-0.3,0.3
3-5 дней,2026-08-07T05:36:00Z,2026-08-10T09:00:00Z,75.4,32.4,32.5,28.8,-0.1,0.1
3-5 дней,2026-08-07T05:36:00Z,2026-08-10T10:00:00Z,76.4,33.7,32.7,30.1,1.0,1.0
3-5 дней,2026-08-07T05:36:00Z,2026-08-10T11:00:00Z,77.4,34.4,33.2,30.8,1.2,1.2
3-5 дней,2026-08-07T05:36:00Z,2026-08-10T12:00:00Z,78.4,34.8,34.1,32.4,0.7,0.7
3-5 дней,2026-08-07T05:36:00Z,2026-08-10T13:00:00Z,79.4,35.2,34.1,32.7,1.1,1.1
3-5 дней,2026-08-07T05:36:00Z,2026-08-10T14:00:00Z,80.4,35.3,34.6,33.2,0.7,0.7
3-5 дней,2026-08-07T05:36:00Z,2026-08-10T15:00:00Z,81.4,34.7,34.7,33.1,0.0,0.0
3-5 дней,2026-08-07T05:36:00Z,2026-08-10T16:00:00Z,82.4,32.9,34.0,32.2,-1.1,1.1
3-5 дней,2026-08-07T05:36:00Z,2026-08-10T17:00:00Z,83.4,30.3,32.8,30.8,-2.5,2.5
3-5 дней,2026-08-07T05:36:00Z,2026-08-10T18:00:00Z,84.4,27.9,31.8,29.7,-3.9,3.9
3-5 дней,2026-08-07T05:36:00Z,2026-08-10T19:00:00Z,85.4,26.0,29.7,28.3,-3.7,3.7
3-5 дней,2026-08-07T05:36:00Z,2026-08-10T20:00:00Z,86.4,24.2,29.3,27.3,-5.1,5.1
3-5 дней,2026-08-07T05:36:00Z,2026-08-10T21:00:00Z,87.4,22.9,27.1,26.6,-4.2,4.2
3-5 дней,2026-08-07T05:36:00Z,2026-08-10T22:00:00Z,88.4,22.5,26.6,24.9,-4.1,4.1
3-5 дней,2026-08-07T05:36:00Z,2026-08-10T23:00:00Z,89.4,22.5,26.2,24.0,-3.7,3.7
3-5 дней,2026-08-07T05:36:00Z,2026-08-11T00:00:00Z,90.4,22.3,25.5,23.3,-3.2,3.2
3-5 дней,2026-08-07T05:36:00Z,2026-08-11T01:00:00Z,91.4,21.4,23.9,22.9,-2.5,2.5
3-5 дней,2026-08-07T05:36:00Z,2026-08-11T02:00:00Z,92.4,20.3,23.2,23.1,-2.9,2.9
3-5 дней,2026-08-07T05:36:00Z,2026-08-11T03:00:00Z,93.4,20.2,22.4,22.6,-2.2,2.2
3-5 дней,2026-08-07T05:36:00Z,2026-08-11T04:00:00Z,94.4,21.7,22.2,21.3,-0.5,0.5
3-5 дней,2026-08-07T05:36:00Z,2026-08-11T05:00:00Z,95.4,24.2,24.5,24.9,-0.3,0.3
3-5 дней,2026-08-07T05:36:00Z,2026-08-11T06:00:00Z,96.4,26.8,26.8,26.2,0.0,0.0
3-5 дней,2026-08-07T05:36:00Z,2026-08-11T07:00:00Z,97.4,29.5,29.0,28.3,0.5,0.5
3-5 дней,2026-08-07T05:36:00Z,2026-08-11T08:00:00Z,98.4,32.3,30.6,30.6,1.7,1.7
3-5 дней,2026-08-07T05:36:00Z,2026-08-11T09:00:00Z,99.4,34.6,32.0,32.5,2.6,2.6
3-5 дней,2026-08-07T05:36:00Z,2026-08-11T10:00:00Z,100.4,36.0,34.7,32.7,1.3,1.3
3-5 дней,2026-08-07T05:36:00Z,2026-08-11T11:00:00Z,101.4,36.9,35.7,33.2,1.2,1.2
3-5 дней,2026-08-07T05:36:00Z,2026-08-11T12:00:00Z,102.4,37.5,36.7,34.1,0.8,0.8
3-5 дней,2026-08-07T05:36:00Z,2026-08-11T13:00:00Z,103.4,37.9,37.1,34.1,0.8,0.8
3-5 дней,2026-08-07T05:36:00Z,2026-08-11T14:00:00Z,104.4,37.9,37.7,34.6,0.2,0.2
3-5 дней,2026-08-07T05:36:00Z,2026-08-11T15:00:00Z,105.4,37.2,37.3,34.7,-0.1,0.1
3-5 дней,2026-08-07T05:36:00Z,2026-08-11T16:00:00Z,106.4,35.3,36.2,34.0,-0.9,0.9
3-5 дней,2026-08-07T05:36:00Z,2026-08-11T17:00:00Z,107.4,32.6,34.9,32.8,-2.3,2.3
3-5 дней,2026-08-07T05:36:00Z,2026-08-11T18:00:00Z,108.4,30.3,33.0,31.8,-2.7,2.7
3-5 дней,2026-08-07T05:36:00Z,2026-08-11T19:00:00Z,109.4,28.8,31.2,29.7,-2.4,2.4
3-5 дней,2026-08-07T05:36:00Z,2026-08-11T20:00:00Z,110.4,27.7,29.6,29.3,-1.9,1.9
3-5 дней,2026-08-07T05:36:00Z,2026-08-11T21:00:00Z,111.4,26.6,28.3,27.1,-1.7,1.7
3-5 дней,2026-08-07T05:36:00Z,2026-08-11T22:00:00Z,112.4,24.8,29.1,26.6,-4.3,4.3
3-5 дней,2026-08-07T05:36:00Z,2026-08-11T23:00:00Z,113.4,23.3,29.2,26.2,-5.9,5.9
3-5 дней,2026-08-07T05:36:00Z,2026-08-12T00:00:00Z,114.4,22.2,27.7,25.5,-5.5,5.5
3-5 дней,2026-08-07T05:36:00Z,2026-08-12T01:00:00Z,115.4,21.1,26.2,23.9,-5.1,5.1
3-5 дней,2026-08-07T05:36:00Z,2026-08-12T02:00:00Z,116.4,20.5,25.1,23.2,-4.6,4.6
3-5 дней,2026-08-07T05:36:00Z,2026-08-12T03:00:00Z,117.4,20.7,24.0,22.4,-3.3,3.3
3-5 дней,2026-08-07T05:36:00Z,2026-08-12T04:00:00Z,118.4,21.9,23.2,22.2,-1.3,1.3
3-5 дней,2026-08-07T05:36:00Z,2026-08-12T05:00:00Z,119.4,23.8,23.3,24.5,0.5,0.5
3-5 дней,2026-08-07T06:18:59Z,2026-08-10T07:00:00Z,72.7,27.6,28.3,24.7,-0.7,0.7
3-5 дней,2026-08-07T06:18:59Z,2026-08-10T08:00:00Z,73.7,30.3,30.6,27.1,-0.3,0.3
3-5 дней,2026-08-07T06:18:59Z,2026-08-10T09:00:00Z,74.7,32.4,32.5,28.8,-0.1,0.1
3-5 дней,2026-08-07T06:18:59Z,2026-08-10T10:00:00Z,75.7,33.7,32.7,30.1,1.0,1.0
3-5 дней,2026-08-07T06:18:59Z,2026-08-10T11:00:00Z,76.7,34.4,33.2,30.8,1.2,1.2
3-5 дней,2026-08-07T06:18:59Z,2026-08-10T12:00:00Z,77.7,34.8,34.1,32.4,0.7,0.7
3-5 дней,2026-08-07T06:18:59Z,2026-08-10T13:00:00Z,78.7,35.2,34.1,32.7,1.1,1.1
3-5 дней,2026-08-07T06:18:59Z,2026-08-10T14:00:00Z,79.7,35.3,34.6,33.2,0.7,0.7
3-5 дней,2026-08-07T06:18:59Z,2026-08-10T15:00:00Z,80.7,34.7,34.7,33.1,0.0,0.0
3-5 дней,2026-08-07T06:18:59Z,2026-08-10T16:00:00Z,81.7,32.9,34.0,32.2,-1.1,1.1
3-5 дней,2026-08-07T06:18:59Z,2026-08-10T17:00:00Z,82.7,30.3,32.8,30.8,-2.5,2.5
3-5 дней,2026-08-07T06:18:59Z,2026-08-10T18:00:00Z,83.7,27.9,31.8,29.7,-3.9,3.9
3-5 дней,2026-08-07T06:18:59Z,2026-08-10T19:00:00Z,84.7,26.0,29.7,28.3,-3.7,3.7
3-5 дней,2026-08-07T06:18:59Z,2026-08-10T20:00:00Z,85.7,24.2,29.3,27.3,-5.1,5.1
3-5 дней,2026-08-07T06:18:59Z,2026-08-10T21:00:00Z,86.7,22.9,27.1,26.6,-4.2,4.2
3-5 дней,2026-08-07T06:18:59Z,2026-08-10T22:00:00Z,87.7,22.5,26.6,24.9,-4.1,4.1
3-5 дней,2026-08-07T06:18:59Z,2026-08-10T23:00:00Z,88.7,22.5,26.2,24.0,-3.7,3.7
3-5 дней,2026-08-07T06:18:59Z,2026-08-11T00:00:00Z,89.7,22.3,25.5,23.3,-3.2,3.2
3-5 дней,2026-08-07T06:18:59Z,2026-08-11T01:00:00Z,90.7,21.4,23.9,22.9,-2.5,2.5
3-5 дней,2026-08-07T06:18:59Z,2026-08-11T02:00:00Z,91.7,20.3,23.2,23.1,-2.9,2.9
3-5 дней,2026-08-07T06:18:59Z,2026-08-11T03:00:00Z,92.7,20.2,22.4,22.6,-2.2,2.2
3-5 дней,2026-08-07T06:18:59Z,2026-08-11T04:00:00Z,93.7,21.7,22.2,21.3,-0.5,0.5
3-5 дней,2026-08-07T06:18:59Z,2026-08-11T05:00:00Z,94.7,24.2,24.5,24.9,-0.3,0.3
3-5 дней,2026-08-07T06:18:59Z,2026-08-11T06:00:00Z,95.7,26.8,26.8,26.2,0.0,0.0
3-5 дней,2026-08-07T06:18:59Z,2026-08-11T07:00:00Z,96.7,29.5,29.0,28.3,0.5,0.5
3-5 дней,2026-08-07T06:18:59Z,2026-08-11T08:00:00Z,97.7,32.3,30.6,30.6,1.7,1.7
3-5 дней,2026-08-07T06:18:59Z,2026-08-11T09:00:00Z,98.7,34.6,32.0,32.5,2.6,2.6
3-5 дней,2026-08-07T06:18:59Z,2026-08-11T10:00:00Z,99.7,36.0,34.7,32.7,1.3,1.3
3-5 дней,2026-08-07T06:18:59Z,2026-08-11T11:00:00Z,100.7,36.9,35.7,33.2,1.2,1.2
3-5 дней,2026-08-07T06:18:59Z,2026-08-11T12:00:00Z,101.7,37.5,36.7,34.1,0.8,0.8
3-5 дней,2026-08-07T06:18:59Z,2026-08-11T13:00:00Z,102.7,37.9,37.1,34.1,0.8,0.8
3-5 дней,2026-08-07T06:18:59Z,2026-08-11T14:00:00Z,103.7,37.9,37.7,34.6,0.2,0.2
3-5 дней,2026-08-07T06:18:59Z,2026-08-11T15:00:00Z,104.7,37.2,37.3,34.7,-0.1,0.1
3-5 дней,2026-08-07T06:18:59Z,2026-08-11T16:00:00Z,105.7,35.3,36.2,34.0,-0.9,0.9
3-5 дней,2026-08-07T06:18:59Z,2026-08-11T17:00:00Z,106.7,32.6,34.9,32.8,-2.3,2.3
3-5 дней,2026-08-07T06:18:59Z,2026-08-11T18:00:00Z,107.7,30.3,33.0,31.8,-2.7,2.7
3-5 дней,2026-08-07T06:18:59Z,2026-08-11T19:00:00Z,108.7,28.8,31.2,29.7,-2.4,2.4
3-5 дней,2026-08-07T06:18:59Z,2026-08-11T20:00:00Z,109.7,27.7,29.6,29.3,-1.9,1.9
3-5 дней,2026-08-07T06:18:59Z,2026-08-11T21:00:00Z,110.7,26.6,28.3,27.1,-1.7,1.7
3-5 дней,2026-08-07T06:18:59Z,2026-08-11T22:00:00Z,111.7,24.8,29.1,26.6,-4.3,4.3
3-5 дней,2026-08-07T06:18:59Z,2026-08-11T23:00:00Z,112.7,23.3,29.2,26.2,-5.9,5.9
3-5 дней,2026-08-07T06:18:59Z,2026-08-12T00:00:00Z,113.7,22.2,27.7,25.5,-5.5,5.5
3-5 дней,2026-08-07T06:18:59Z,2026-08-12T01:00:00Z,114.7,21.1,26.2,23.9,-5.1,5.1
3-5 дней,2026-08-07T06:18:59Z,2026-08-12T02:00:00Z,115.7,20.5,25.1,23.2,-4.6,4.6
3-5 дней,2026-08-07T06:18:59Z,2026-08-12T03:00:00Z,116.7,20.7,24.0,22.4,-3.3,3.3
3-5 дней,2026-08-07T06:18:59Z,2026-08-12T04:00:00Z,117.7,21.9,23.2,22.2,-1.3,1.3
3-5 дней,2026-08-07T06:18:59Z,2026-08-12T05:00:00Z,118.7,23.8,23.3,24.5,0.5,0.5
3-5 дней,2026-08-07T06:18:59Z,2026-08-12T06:00:00Z,119.7,25.8,23.6,26.8,2.2,2.2
3-5 дней,2026-08-07T07:13:52Z,2026-08-10T08:00:00Z,72.8,30.3,30.6,27.1,-0.3,0.3
3-5 дней,2026-08-07T07:13:52Z,2026-08-10T09:00:00Z,73.8,32.4,32.5,28.8,-0.1,0.1
3-5 дней,2026-08-07T07:13:52Z,2026-08-10T10:00:00Z,74.8,33.7,32.7,30.1,1.0,1.0
3-5 дней,2026-08-07T07:13:52Z,2026-08-10T11:00:00Z,75.8,34.4,33.2,30.8,1.2,1.2
3-5 дней,2026-08-07T07:13:52Z,2026-08-10T12:00:00Z,76.8,34.8,34.1,32.4,0.7,0.7
3-5 дней,2026-08-07T07:13:52Z,2026-08-10T13:00:00Z,77.8,35.2,34.1,32.7,1.1,1.1
3-5 дней,2026-08-07T07:13:52Z,2026-08-10T14:00:00Z,78.8,35.3,34.6,33.2,0.7,0.7
3-5 дней,2026-08-07T07:13:52Z,2026-08-10T15:00:00Z,79.8,34.7,34.7,33.1,0.0,0.0
3-5 дней,2026-08-07T07:13:52Z,2026-08-10T16:00:00Z,80.8,32.9,34.0,32.2,-1.1,1.1
3-5 дней,2026-08-07T07:13:52Z,2026-08-10T17:00:00Z,81.8,30.3,32.8,30.8,-2.5,2.5
3-5 дней,2026-08-07T07:13:52Z,2026-08-10T18:00:00Z,82.8,27.9,31.8,29.7,-3.9,3.9
3-5 дней,2026-08-07T07:13:52Z,2026-08-10T19:00:00Z,83.8,26.0,29.7,28.3,-3.7,3.7
3-5 дней,2026-08-07T07:13:52Z,2026-08-10T20:00:00Z,84.8,24.2,29.3,27.3,-5.1,5.1
3-5 дней,2026-08-07T07:13:52Z,2026-08-10T21:00:00Z,85.8,22.9,27.1,26.6,-4.2,4.2
3-5 дней,2026-08-07T07:13:52Z,2026-08-10T22:00:00Z,86.8,22.5,26.6,24.9,-4.1,4.1
3-5 дней,2026-08-07T07:13:52Z,2026-08-10T23:00:00Z,87.8,22.5,26.2,24.0,-3.7,3.7
3-5 дней,2026-08-07T07:13:52Z,2026-08-11T00:00:00Z,88.8,22.3,25.5,23.3,-3.2,3.2
3-5 дней,2026-08-07T07:13:52Z,2026-08-11T01:00:00Z,89.8,21.4,23.9,22.9,-2.5,2.5
3-5 дней,2026-08-07T07:13:52Z,2026-08-11T02:00:00Z,90.8,20.3,23.2,23.1,-2.9,2.9
3-5 дней,2026-08-07T07:13:52Z,2026-08-11T03:00:00Z,91.8,20.2,22.4,22.6,-2.2,2.2
3-5 дней,2026-08-07T07:13:52Z,2026-08-11T04:00:00Z,92.8,21.7,22.2,21.3,-0.5,0.5
3-5 дней,2026-08-07T07:13:52Z,2026-08-11T05:00:00Z,93.8,24.2,24.5,24.9,-0.3,0.3
3-5 дней,2026-08-07T07:13:52Z,2026-08-11T06:00:00Z,94.8,26.8,26.8,26.2,0.0,0.0
3-5 дней,2026-08-07T07:13:52Z,2026-08-11T07:00:00Z,95.8,29.5,29.0,28.3,0.5,0.5
3-5 дней,2026-08-07T07:13:52Z,2026-08-11T08:00:00Z,96.8,32.3,30.6,30.6,1.7,1.7
3-5 дней,2026-08-07T07:13:52Z,2026-08-11T09:00:00Z,97.8,34.6,32.0,32.5,2.6,2.6
3-5 дней,2026-08-07T07:13:52Z,2026-08-11T10:00:00Z,98.8,36.0,34.7,32.7,1.3,1.3
3-5 дней,2026-08-07T07:13:52Z,2026-08-11T11:00:00Z,99.8,36.9,35.7,33.2,1.2,1.2
3-5 дней,2026-08-07T07:13:52Z,2026-08-11T12:00:00Z,100.8,37.5,36.7,34.1,0.8,0.8
3-5 дней,2026-08-07T07:13:52Z,2026-08-11T13:00:00Z,101.8,37.9,37.1,34.1,0.8,0.8
3-5 дней,2026-08-07T07:13:52Z,2026-08-11T14:00:00Z,102.8,37.9,37.7,34.6,0.2,0.2
3-5 дней,2026-08-07T07:13:52Z,2026-08-11T15:00:00Z,103.8,37.2,37.3,34.7,-0.1,0.1
3-5 дней,2026-08-07T07:13:52Z,2026-08-11T16:00:00Z,104.8,35.3,36.2,34.0,-0.9,0.9
3-5 дней,2026-08-07T07:13:52Z,2026-08-11T17:00:00Z,105.8,32.6,34.9,32.8,-2.3,2.3
3-5 дней,2026-08-07T07:13:52Z,2026-08-11T18:00:00Z,106.8,30.3,33.0,31.8,-2.7,2.7
3-5 дней,2026-08-07T07:13:52Z,2026-08-11T19:00:00Z,107.8,28.8,31.2,29.7,-2.4,2.4
3-5 дней,2026-08-07T07:13:52Z,2026-08-11T20:00:00Z,108.8,27.7,29.6,29.3,-1.9,1.9
3-5 дней,2026-08-07T07:13:52Z,2026-08-11T21:00:00Z,109.8,26.6,28.3,27.1,-1.7,1.7
3-5 дней,2026-08-07T07:13:52Z,2026-08-11T22:00:00Z,110.8,24.8,29.1,26.6,-4.3,4.3
3-5 дней,2026-08-07T07:13:52Z,2026-08-11T23:00:00Z,111.8,23.3,29.2,26.2,-5.9,5.9
3-5 дней,2026-08-07T07:13:52Z,2026-08-12T00:00:00Z,112.8,22.2,27.7,25.5,-5.5,5.5
3-5 дней,2026-08-07T07:13:52Z,2026-08-12T01:00:00Z,113.8,21.1,26.2,23.9,-5.1,5.1
3-5 дней,2026-08-07T07:13:52Z,2026-08-12T02:00:00Z,114.8,20.5,25.1,23.2,-4.6,4.6
3-5 дней,2026-08-07T07:13:52Z,2026-08-12T03:00:00Z,115.8,20.7,24.0,22.4,-3.3,3.3
3-5 дней,2026-08-07T07:13:52Z,2026-08-12T04:00:00Z,116.8,21.9,23.2,22.2,-1.3,1.3
3-5 дней,2026-08-07T07:13:52Z,2026-08-12T05:00:00Z,117.8,23.8,23.3,24.5,0.5,0.5
3-5 дней,2026-08-07T07:13:52Z,2026-08-12T06:00:00Z,118.8,25.8,23.6,26.8,2.2,2.2
3-5 дней,2026-08-07T07:13:52Z,2026-08-12T07:00:00Z,119.8,27.9,24.2,29.0,3.7,3.7
3-5 дней,2026-08-07T10:39:14Z,2026-08-10T11:00:00Z,72.3,33.8,33.2,30.8,0.6,0.6
3-5 дней,2026-08-07T10:39:14Z,2026-08-10T12:00:00Z,73.3,34.3,34.1,32.4,0.2,0.2
3-5 дней,2026-08-07T10:39:14Z,2026-08-10T13:00:00Z,74.3,34.7,34.1,32.7,0.6,0.6
3-5 дней,2026-08-07T10:39:14Z,2026-08-10T14:00:00Z,75.3,34.8,34.6,33.2,0.2,0.2
3-5 дней,2026-08-07T10:39:14Z,2026-08-10T15:00:00Z,76.3,34.2,34.7,33.1,-0.5,0.5
3-5 дней,2026-08-07T10:39:14Z,2026-08-10T16:00:00Z,77.3,32.4,34.0,32.2,-1.6,1.6
3-5 дней,2026-08-07T10:39:14Z,2026-08-10T17:00:00Z,78.3,29.9,32.8,30.8,-2.9,2.9
3-5 дней,2026-08-07T10:39:14Z,2026-08-10T18:00:00Z,79.3,27.6,31.8,29.7,-4.2,4.2
3-5 дней,2026-08-07T10:39:14Z,2026-08-10T19:00:00Z,80.3,25.7,29.7,28.3,-4.0,4.0
3-5 дней,2026-08-07T10:39:14Z,2026-08-10T20:00:00Z,81.3,24.0,29.3,27.3,-5.3,5.3
3-5 дней,2026-08-07T10:39:14Z,2026-08-10T21:00:00Z,82.3,22.7,27.1,26.6,-4.4,4.4
3-5 дней,2026-08-07T10:39:14Z,2026-08-10T22:00:00Z,83.3,22.2,26.6,24.9,-4.4,4.4
3-5 дней,2026-08-07T10:39:14Z,2026-08-10T23:00:00Z,84.3,22.1,26.2,24.0,-4.1,4.1
3-5 дней,2026-08-07T10:39:14Z,2026-08-11T00:00:00Z,85.3,21.9,25.5,23.3,-3.6,3.6
3-5 дней,2026-08-07T10:39:14Z,2026-08-11T01:00:00Z,86.3,21.0,23.9,22.9,-2.9,2.9
3-5 дней,2026-08-07T10:39:14Z,2026-08-11T02:00:00Z,87.3,19.8,23.2,23.1,-3.4,3.4
3-5 дней,2026-08-07T10:39:14Z,2026-08-11T03:00:00Z,88.3,19.7,22.4,22.6,-2.7,2.7
3-5 дней,2026-08-07T10:39:14Z,2026-08-11T04:00:00Z,89.3,21.1,22.2,21.3,-1.1,1.1
3-5 дней,2026-08-07T10:39:14Z,2026-08-11T05:00:00Z,90.3,23.4,24.5,24.9,-1.1,1.1
3-5 дней,2026-08-07T10:39:14Z,2026-08-11T06:00:00Z,91.3,26.0,26.8,26.2,-0.8,0.8
3-5 дней,2026-08-07T10:39:14Z,2026-08-11T07:00:00Z,92.3,28.7,29.0,28.3,-0.3,0.3
3-5 дней,2026-08-07T10:39:14Z,2026-08-11T08:00:00Z,93.3,31.6,30.6,30.6,1.0,1.0
3-5 дней,2026-08-07T10:39:14Z,2026-08-11T09:00:00Z,94.3,34.0,32.0,32.5,2.0,2.0
3-5 дней,2026-08-07T10:39:14Z,2026-08-11T10:00:00Z,95.3,35.4,34.7,32.7,0.7,0.7
3-5 дней,2026-08-07T10:39:14Z,2026-08-11T11:00:00Z,96.3,36.2,35.7,33.2,0.5,0.5
3-5 дней,2026-08-07T10:39:14Z,2026-08-11T12:00:00Z,97.3,36.7,36.7,34.1,0.0,0.0
3-5 дней,2026-08-07T10:39:14Z,2026-08-11T13:00:00Z,98.3,37.1,37.1,34.1,0.0,0.0
3-5 дней,2026-08-07T10:39:14Z,2026-08-11T14:00:00Z,99.3,37.2,37.7,34.6,-0.5,0.5
3-5 дней,2026-08-07T10:39:14Z,2026-08-11T15:00:00Z,100.3,36.6,37.3,34.7,-0.7,0.7
3-5 дней,2026-08-07T10:39:14Z,2026-08-11T16:00:00Z,101.3,34.8,36.2,34.0,-1.4,1.4
3-5 дней,2026-08-07T10:39:14Z,2026-08-11T17:00:00Z,102.3,32.4,34.9,32.8,-2.5,2.5
3-5 дней,2026-08-07T10:39:14Z,2026-08-11T18:00:00Z,103.3,30.2,33.0,31.8,-2.8,2.8
3-5 дней,2026-08-07T10:39:14Z,2026-08-11T19:00:00Z,104.3,28.6,31.2,29.7,-2.6,2.6
3-5 дней,2026-08-07T10:39:14Z,2026-08-11T20:00:00Z,105.3,27.1,29.6,29.3,-2.5,2.5
3-5 дней,2026-08-07T10:39:14Z,2026-08-11T21:00:00Z,106.3,25.8,28.3,27.1,-2.5,2.5
3-5 дней,2026-08-07T10:39:14Z,2026-08-11T22:00:00Z,107.3,24.7,29.1,26.6,-4.4,4.4
3-5 дней,2026-08-07T10:39:14Z,2026-08-11T23:00:00Z,108.3,23.7,29.2,26.2,-5.5,5.5
3-5 дней,2026-08-07T10:39:14Z,2026-08-12T00:00:00Z,109.3,22.9,27.7,25.5,-4.8,4.8
3-5 дней,2026-08-07T10:39:14Z,2026-08-12T01:00:00Z,110.3,22.0,26.2,23.9,-4.2,4.2
3-5 дней,2026-08-07T10:39:14Z,2026-08-12T02:00:00Z,111.3,21.3,25.1,23.2,-3.8,3.8
3-5 дней,2026-08-07T10:39:14Z,2026-08-12T03:00:00Z,112.3,21.2,24.0,22.4,-2.8,2.8
3-5 дней,2026-08-07T10:39:14Z,2026-08-12T04:00:00Z,113.3,22.1,23.2,22.2,-1.1,1.1
3-5 дней,2026-08-07T10:39:14Z,2026-08-12T05:00:00Z,114.3,23.5,23.3,24.5,0.2,0.2
3-5 дней,2026-08-07T10:39:14Z,2026-08-12T06:00:00Z,115.3,24.6,23.6,26.8,1.0,1.0
3-5 дней,2026-08-07T10:39:14Z,2026-08-12T07:00:00Z,116.3,27.9,24.2,29.0,3.7,3.7
3-5 дней,2026-08-07T10:39:14Z,2026-08-12T08:00:00Z,117.3,30.2,24.7,30.6,5.5,5.5
3-5 дней,2026-08-07T10:39:14Z,2026-08-12T09:00:00Z,118.3,32.2,27.9,32.0,4.3,4.3
3-5 дней,2026-08-07T10:39:14Z,2026-08-12T10:00:00Z,119.3,33.8,29.8,34.7,4.0,4.0
3-5 дней,2026-08-07T16:51:54Z,2026-08-10T17:00:00Z,72.1,32.0,32.8,30.8,-0.8,0.8
3-5 дней,2026-08-07T16:51:54Z,2026-08-10T18:00:00Z,73.1,28.8,31.8,29.7,-3.0,3.0
3-5 дней,2026-08-07T16:51:54Z,2026-08-10T19:00:00Z,74.1,26.7,29.7,28.3,-3.0,3.0
3-5 дней,2026-08-07T16:51:54Z,2026-08-10T20:00:00Z,75.1,24.5,29.3,27.3,-4.8,4.8
3-5 дней,2026-08-07T16:51:54Z,2026-08-10T21:00:00Z,76.1,22.8,27.1,26.6,-4.3,4.3
3-5 дней,2026-08-07T16:51:54Z,2026-08-10T22:00:00Z,77.1,22.1,26.6,24.9,-4.5,4.5
3-5 дней,2026-08-07T16:51:54Z,2026-08-10T23:00:00Z,78.1,21.8,26.2,24.0,-4.4,4.4
3-5 дней,2026-08-07T16:51:54Z,2026-08-11T00:00:00Z,79.1,21.5,25.5,23.3,-4.0,4.0
3-5 дней,2026-08-07T16:51:54Z,2026-08-11T01:00:00Z,80.1,20.7,23.9,22.9,-3.2,3.2
3-5 дней,2026-08-07T16:51:54Z,2026-08-11T02:00:00Z,81.1,19.8,23.2,23.1,-3.4,3.4
3-5 дней,2026-08-07T16:51:54Z,2026-08-11T03:00:00Z,82.1,19.8,22.4,22.6,-2.6,2.6
3-5 дней,2026-08-07T16:51:54Z,2026-08-11T04:00:00Z,83.1,21.1,22.2,21.3,-1.1,1.1
3-5 дней,2026-08-07T16:51:54Z,2026-08-11T05:00:00Z,84.1,23.3,24.5,24.9,-1.2,1.2
3-5 дней,2026-08-07T16:51:54Z,2026-08-11T06:00:00Z,85.1,25.7,26.8,26.2,-1.1,1.1
3-5 дней,2026-08-07T16:51:54Z,2026-08-11T07:00:00Z,86.1,28.4,29.0,28.3,-0.6,0.6
3-5 дней,2026-08-07T16:51:54Z,2026-08-11T08:00:00Z,87.1,31.5,30.6,30.6,0.9,0.9
3-5 дней,2026-08-07T16:51:54Z,2026-08-11T09:00:00Z,88.1,33.9,32.0,32.5,1.9,1.9
3-5 дней,2026-08-07T16:51:54Z,2026-08-11T10:00:00Z,89.1,35.3,34.7,32.7,0.6,0.6
3-5 дней,2026-08-07T16:51:54Z,2026-08-11T11:00:00Z,90.1,36.1,35.7,33.2,0.4,0.4
3-5 дней,2026-08-07T16:51:54Z,2026-08-11T12:00:00Z,91.1,36.6,36.7,34.1,-0.1,0.1
3-5 дней,2026-08-07T16:51:54Z,2026-08-11T13:00:00Z,92.1,37.1,37.1,34.1,0.0,0.0
3-5 дней,2026-08-07T16:51:54Z,2026-08-11T14:00:00Z,93.1,37.3,37.7,34.6,-0.4,0.4
3-5 дней,2026-08-07T16:51:54Z,2026-08-11T15:00:00Z,94.1,36.8,37.3,34.7,-0.5,0.5
3-5 дней,2026-08-07T16:51:54Z,2026-08-11T16:00:00Z,95.1,35.1,36.2,34.0,-1.1,1.1
3-5 дней,2026-08-07T16:51:54Z,2026-08-11T17:00:00Z,96.1,32.6,34.9,32.8,-2.3,2.3
3-5 дней,2026-08-07T16:51:54Z,2026-08-11T18:00:00Z,97.1,30.4,33.0,31.8,-2.6,2.6
3-5 дней,2026-08-07T16:51:54Z,2026-08-11T19:00:00Z,98.1,28.8,31.2,29.7,-2.4,2.4
3-5 дней,2026-08-07T16:51:54Z,2026-08-11T20:00:00Z,99.1,27.5,29.6,29.3,-2.1,2.1
3-5 дней,2026-08-07T16:51:54Z,2026-08-11T21:00:00Z,100.1,26.3,28.3,27.1,-2.0,2.0
3-5 дней,2026-08-07T16:51:54Z,2026-08-11T22:00:00Z,101.1,25.3,29.1,26.6,-3.8,3.8
3-5 дней,2026-08-07T16:51:54Z,2026-08-11T23:00:00Z,102.1,24.4,29.2,26.2,-4.8,4.8
3-5 дней,2026-08-07T16:51:54Z,2026-08-12T00:00:00Z,103.1,23.4,27.7,25.5,-4.3,4.3
3-5 дней,2026-08-07T16:51:54Z,2026-08-12T01:00:00Z,104.1,21.9,26.2,23.9,-4.3,4.3
3-5 дней,2026-08-07T16:51:54Z,2026-08-12T02:00:00Z,105.1,20.3,25.1,23.2,-4.8,4.8
3-5 дней,2026-08-07T16:51:54Z,2026-08-12T03:00:00Z,106.1,19.6,24.0,22.4,-4.4,4.4
3-5 дней,2026-08-07T16:51:54Z,2026-08-12T04:00:00Z,107.1,20.4,23.2,22.2,-2.8,2.8
3-5 дней,2026-08-07T16:51:54Z,2026-08-12T05:00:00Z,108.1,22.2,23.3,24.5,-1.1,1.1
3-5 дней,2026-08-07T16:51:54Z,2026-08-12T06:00:00Z,109.1,24.2,23.6,26.8,0.6,0.6
3-5 дней,2026-08-07T16:51:54Z,2026-08-12T07:00:00Z,110.1,26.4,24.2,29.0,2.2,2.2
3-5 дней,2026-08-07T16:51:54Z,2026-08-12T08:00:00Z,111.1,28.9,24.7,30.6,4.2,4.2
3-5 дней,2026-08-07T16:51:54Z,2026-08-12T09:00:00Z,112.1,31.1,27.9,32.0,3.2,3.2
3-5 дней,2026-08-07T16:51:54Z,2026-08-12T10:00:00Z,113.1,32.9,29.8,34.7,3.1,3.1
3-5 дней,2026-08-07T16:51:54Z,2026-08-12T11:00:00Z,114.1,34.5,31.5,35.7,3.0,3.0
3-5 дней,2026-08-07T16:51:54Z,2026-08-12T12:00:00Z,115.1,35.7,32.1,36.7,3.6,3.6
3-5 дней,2026-08-07T16:51:54Z,2026-08-12T13:00:00Z,116.1,36.4,33.2,37.1,3.2,3.2
3-5 дней,2026-08-07T16:51:54Z,2026-08-12T14:00:00Z,117.1,36.5,32.9,37.7,3.6,3.6
3-5 дней,2026-08-07T16:51:54Z,2026-08-12T15:00:00Z,118.1,35.9,32.4,37.3,3.5,3.5
3-5 дней,2026-08-07T16:51:54Z,2026-08-12T16:00:00Z,119.1,34.4,31.3,36.2,3.1,3.1
3-5 дней,2026-08-07T22:45:57Z,2026-08-10T23:00:00Z,72.2,21.8,26.2,24.0,-4.4,4.4
3-5 дней,2026-08-07T22:45:57Z,2026-08-11T00:00:00Z,73.2,21.3,25.5,23.3,-4.2,4.2
3-5 дней,2026-08-07T22:45:57Z,2026-08-11T01:00:00Z,74.2,20.6,23.9,22.9,-3.3,3.3
3-5 дней,2026-08-07T22:45:57Z,2026-08-11T02:00:00Z,75.2,19.8,23.2,23.1,-3.4,3.4
3-5 дней,2026-08-07T22:45:57Z,2026-08-11T03:00:00Z,76.2,19.9,22.4,22.6,-2.5,2.5
3-5 дней,2026-08-07T22:45:57Z,2026-08-11T04:00:00Z,77.2,21.3,22.2,21.3,-0.9,0.9
3-5 дней,2026-08-07T22:45:57Z,2026-08-11T05:00:00Z,78.2,23.4,24.5,24.9,-1.1,1.1
3-5 дней,2026-08-07T22:45:57Z,2026-08-11T06:00:00Z,79.2,25.8,26.8,26.2,-1.0,1.0
3-5 дней,2026-08-07T22:45:57Z,2026-08-11T07:00:00Z,80.2,28.4,29.0,28.3,-0.6,0.6
3-5 дней,2026-08-07T22:45:57Z,2026-08-11T08:00:00Z,81.2,31.3,30.6,30.6,0.7,0.7
3-5 дней,2026-08-07T22:45:57Z,2026-08-11T09:00:00Z,82.2,33.6,32.0,32.5,1.6,1.6
3-5 дней,2026-08-07T22:45:57Z,2026-08-11T10:00:00Z,83.2,35.0,34.7,32.7,0.3,0.3
3-5 дней,2026-08-07T22:45:57Z,2026-08-11T11:00:00Z,84.2,35.8,35.7,33.2,0.1,0.1
3-5 дней,2026-08-07T22:45:57Z,2026-08-11T12:00:00Z,85.2,36.3,36.7,34.1,-0.4,0.4
3-5 дней,2026-08-07T22:45:57Z,2026-08-11T13:00:00Z,86.2,36.8,37.1,34.1,-0.3,0.3
3-5 дней,2026-08-07T22:45:57Z,2026-08-11T14:00:00Z,87.2,37.1,37.7,34.6,-0.6,0.6
3-5 дней,2026-08-07T22:45:57Z,2026-08-11T15:00:00Z,88.2,36.5,37.3,34.7,-0.8,0.8
3-5 дней,2026-08-07T22:45:57Z,2026-08-11T16:00:00Z,89.2,34.7,36.2,34.0,-1.5,1.5
3-5 дней,2026-08-07T22:45:57Z,2026-08-11T17:00:00Z,90.2,32.2,34.9,32.8,-2.7,2.7
3-5 дней,2026-08-07T22:45:57Z,2026-08-11T18:00:00Z,91.2,29.9,33.0,31.8,-3.1,3.1
3-5 дней,2026-08-07T22:45:57Z,2026-08-11T19:00:00Z,92.2,28.3,31.2,29.7,-2.9,2.9
3-5 дней,2026-08-07T22:45:57Z,2026-08-11T20:00:00Z,93.2,26.9,29.6,29.3,-2.7,2.7
3-5 дней,2026-08-07T22:45:57Z,2026-08-11T21:00:00Z,94.2,25.8,28.3,27.1,-2.5,2.5
3-5 дней,2026-08-07T22:45:57Z,2026-08-11T22:00:00Z,95.2,24.9,29.1,26.6,-4.2,4.2
3-5 дней,2026-08-07T22:45:57Z,2026-08-11T23:00:00Z,96.2,24.3,29.2,26.2,-4.9,4.9
3-5 дней,2026-08-07T22:45:57Z,2026-08-12T00:00:00Z,97.2,23.6,27.7,25.5,-4.1,4.1
3-5 дней,2026-08-07T22:45:57Z,2026-08-12T01:00:00Z,98.2,22.5,26.2,23.9,-3.7,3.7
3-5 дней,2026-08-07T22:45:57Z,2026-08-12T02:00:00Z,99.2,21.3,25.1,23.2,-3.8,3.8
3-5 дней,2026-08-07T22:45:57Z,2026-08-12T03:00:00Z,100.2,20.8,24.0,22.4,-3.2,3.2
3-5 дней,2026-08-07T22:45:57Z,2026-08-12T04:00:00Z,101.2,21.1,23.2,22.2,-2.1,2.1
3-5 дней,2026-08-07T22:45:57Z,2026-08-12T05:00:00Z,102.2,22.0,23.3,24.5,-1.3,1.3
3-5 дней,2026-08-07T22:45:57Z,2026-08-12T06:00:00Z,103.2,23.5,23.6,26.8,-0.1,0.1
3-5 дней,2026-08-07T22:45:57Z,2026-08-12T07:00:00Z,104.2,25.7,24.2,29.0,1.5,1.5
3-5 дней,2026-08-07T22:45:57Z,2026-08-12T08:00:00Z,105.2,28.5,24.7,30.6,3.8,3.8
3-5 дней,2026-08-07T22:45:57Z,2026-08-12T09:00:00Z,106.2,31.0,27.9,32.0,3.1,3.1
3-5 дней,2026-08-07T22:45:57Z,2026-08-12T10:00:00Z,107.2,33.2,29.8,34.7,3.4,3.4
3-5 дней,2026-08-07T22:45:57Z,2026-08-12T11:00:00Z,108.2,35.1,31.5,35.7,3.6,3.6
3-5 дней,2026-08-07T22:45:57Z,2026-08-12T12:00:00Z,109.2,36.4,32.1,36.7,4.3,4.3
3-5 дней,2026-08-07T22:45:57Z,2026-08-12T13:00:00Z,110.2,36.9,33.2,37.1,3.7,3.7
3-5 дней,2026-08-07T22:45:57Z,2026-08-12T14:00:00Z,111.2,36.8,32.9,37.7,3.9,3.9
3-5 дней,2026-08-07T22:45:57Z,2026-08-12T15:00:00Z,112.2,36.1,32.4,37.3,3.7,3.7
3-5 дней,2026-08-07T22:45:57Z,2026-08-12T16:00:00Z,113.2,34.6,31.3,36.2,3.3,3.3
3-5 дней,2026-08-07T22:45:57Z,2026-08-12T17:00:00Z,114.2,32.5,30.0,34.9,2.5,2.5
3-5 дней,2026-08-07T22:45:57Z,2026-08-12T18:00:00Z,115.2,31.0,28.4,33.0,2.6,2.6
3-5 дней,2026-08-07T22:45:57Z,2026-08-12T19:00:00Z,116.2,27.7,27.0,31.2,0.7,0.7
3-5 дней,2026-08-07T22:45:57Z,2026-08-12T20:00:00Z,117.2,25.7,26.3,29.6,-0.6,0.6
3-5 дней,2026-08-07T22:45:57Z,2026-08-12T21:00:00Z,118.2,23.8,25.5,28.3,-1.7,1.7
3-5 дней,2026-08-07T22:45:57Z,2026-08-12T22:00:00Z,119.2,22.4,24.8,29.1,-2.4,2.4
3-5 дней,2026-08-07T23:19:23Z,2026-08-11T00:00:00Z,72.7,21.3,25.5,23.3,-4.2,4.2
3-5 дней,2026-08-07T23:19:23Z,2026-08-11T01:00:00Z,73.7,20.6,23.9,22.9,-3.3,3.3
3-5 дней,2026-08-07T23:19:23Z,2026-08-11T02:00:00Z,74.7,19.8,23.2,23.1,-3.4,3.4
3-5 дней,2026-08-07T23:19:23Z,2026-08-11T03:00:00Z,75.7,19.9,22.4,22.6,-2.5,2.5
3-5 дней,2026-08-07T23:19:23Z,2026-08-11T04:00:00Z,76.7,21.3,22.2,21.3,-0.9,0.9
3-5 дней,2026-08-07T23:19:23Z,2026-08-11T05:00:00Z,77.7,23.4,24.5,24.9,-1.1,1.1
3-5 дней,2026-08-07T23:19:23Z,2026-08-11T06:00:00Z,78.7,25.8,26.8,26.2,-1.0,1.0
3-5 дней,2026-08-07T23:19:23Z,2026-08-11T07:00:00Z,79.7,28.4,29.0,28.3,-0.6,0.6
3-5 дней,2026-08-07T23:19:23Z,2026-08-11T08:00:00Z,80.7,31.3,30.6,30.6,0.7,0.7
3-5 дней,2026-08-07T23:19:23Z,2026-08-11T09:00:00Z,81.7,33.6,32.0,32.5,1.6,1.6
3-5 дней,2026-08-07T23:19:23Z,2026-08-11T10:00:00Z,82.7,35.0,34.7,32.7,0.3,0.3
3-5 дней,2026-08-07T23:19:23Z,2026-08-11T11:00:00Z,83.7,35.8,35.7,33.2,0.1,0.1
3-5 дней,2026-08-07T23:19:23Z,2026-08-11T12:00:00Z,84.7,36.3,36.7,34.1,-0.4,0.4
3-5 дней,2026-08-07T23:19:23Z,2026-08-11T13:00:00Z,85.7,36.8,37.1,34.1,-0.3,0.3
3-5 дней,2026-08-07T23:19:23Z,2026-08-11T14:00:00Z,86.7,37.1,37.7,34.6,-0.6,0.6
3-5 дней,2026-08-07T23:19:23Z,2026-08-11T15:00:00Z,87.7,36.5,37.3,34.7,-0.8,0.8
3-5 дней,2026-08-07T23:19:23Z,2026-08-11T16:00:00Z,88.7,34.7,36.2,34.0,-1.5,1.5
3-5 дней,2026-08-07T23:19:23Z,2026-08-11T17:00:00Z,89.7,32.2,34.9,32.8,-2.7,2.7
3-5 дней,2026-08-07T23:19:23Z,2026-08-11T18:00:00Z,90.7,29.9,33.0,31.8,-3.1,3.1
3-5 дней,2026-08-07T23:19:23Z,2026-08-11T19:00:00Z,91.7,28.3,31.2,29.7,-2.9,2.9
3-5 дней,2026-08-07T23:19:23Z,2026-08-11T20:00:00Z,92.7,26.9,29.6,29.3,-2.7,2.7
3-5 дней,2026-08-07T23:19:23Z,2026-08-11T21:00:00Z,93.7,25.8,28.3,27.1,-2.5,2.5
3-5 дней,2026-08-07T23:19:23Z,2026-08-11T22:00:00Z,94.7,24.9,29.1,26.6,-4.2,4.2
3-5 дней,2026-08-07T23:19:23Z,2026-08-11T23:00:00Z,95.7,24.3,29.2,26.2,-4.9,4.9
3-5 дней,2026-08-07T23:19:23Z,2026-08-12T00:00:00Z,96.7,23.6,27.7,25.5,-4.1,4.1
3-5 дней,2026-08-07T23:19:23Z,2026-08-12T01:00:00Z,97.7,22.5,26.2,23.9,-3.7,3.7
3-5 дней,2026-08-07T23:19:23Z,2026-08-12T02:00:00Z,98.7,21.3,25.1,23.2,-3.8,3.8
3-5 дней,2026-08-07T23:19:23Z,2026-08-12T03:00:00Z,99.7,20.8,24.0,22.4,-3.2,3.2
3-5 дней,2026-08-07T23:19:23Z,2026-08-12T04:00:00Z,100.7,21.1,23.2,22.2,-2.1,2.1
3-5 дней,2026-08-07T23:19:23Z,2026-08-12T05:00:00Z,101.7,22.0,23.3,24.5,-1.3,1.3
3-5 дней,2026-08-07T23:19:23Z,2026-08-12T06:00:00Z,102.7,23.5,23.6,26.8,-0.1,0.1
3-5 дней,2026-08-07T23:19:23Z,2026-08-12T07:00:00Z,103.7,25.7,24.2,29.0,1.5,1.5
3-5 дней,2026-08-07T23:19:23Z,2026-08-12T08:00:00Z,104.7,28.5,24.7,30.6,3.8,3.8
3-5 дней,2026-08-07T23:19:23Z,2026-08-12T09:00:00Z,105.7,31.0,27.9,32.0,3.1,3.1
3-5 дней,2026-08-07T23:19:23Z,2026-08-12T10:00:00Z,106.7,33.2,29.8,34.7,3.4,3.4
3-5 дней,2026-08-07T23:19:23Z,2026-08-12T11:00:00Z,107.7,35.1,31.5,35.7,3.6,3.6
3-5 дней,2026-08-07T23:19:23Z,2026-08-12T12:00:00Z,108.7,36.4,32.1,36.7,4.3,4.3
3-5 дней,2026-08-07T23:19:23Z,2026-08-12T13:00:00Z,109.7,36.9,33.2,37.1,3.7,3.7
3-5 дней,2026-08-07T23:19:23Z,2026-08-12T14:00:00Z,110.7,36.8,32.9,37.7,3.9,3.9
3-5 дней,2026-08-07T23:19:23Z,2026-08-12T15:00:00Z,111.7,36.1,32.4,37.3,3.7,3.7
3-5 дней,2026-08-07T23:19:23Z,2026-08-12T16:00:00Z,112.7,34.6,31.3,36.2,3.3,3.3
3-5 дней,2026-08-07T23:19:23Z,2026-08-12T17:00:00Z,113.7,32.5,30.0,34.9,2.5,2.5
3-5 дней,2026-08-07T23:19:23Z,2026-08-12T18:00:00Z,114.7,31.0,28.4,33.0,2.6,2.6
3-5 дней,2026-08-07T23:19:23Z,2026-08-12T19:00:00Z,115.7,27.7,27.0,31.2,0.7,0.7
3-5 дней,2026-08-07T23:19:23Z,2026-08-12T20:00:00Z,116.7,25.7,26.3,29.6,-0.6,0.6
3-5 дней,2026-08-07T23:19:23Z,2026-08-12T21:00:00Z,117.7,23.8,25.5,28.3,-1.7,1.7
3-5 дней,2026-08-07T23:19:23Z,2026-08-12T22:00:00Z,118.7,22.4,24.8,29.1,-2.4,2.4
3-5 дней,2026-08-07T23:19:23Z,2026-08-12T23:00:00Z,119.7,21.1,23.8,29.2,-2.7,2.7
3-5 дней,2026-08-08T04:50:53Z,2026-08-11T05:00:00Z,72.2,20.2,24.5,24.9,-4.3,4.3
3-5 дней,2026-08-08T04:50:53Z,2026-08-11T06:00:00Z,73.2,24.7,26.8,26.2,-2.1,2.1
3-5 дней,2026-08-08T04:50:53Z,2026-08-11T07:00:00Z,74.2,27.6,29.0,28.3,-1.4,1.4
3-5 дней,2026-08-08T04:50:53Z,2026-08-11T08:00:00Z,75.2,30.9,30.6,30.6,0.3,0.3
3-5 дней,2026-08-08T04:50:53Z,2026-08-11T09:00:00Z,76.2,33.5,32.0,32.5,1.5,1.5
3-5 дней,2026-08-08T04:50:53Z,2026-08-11T10:00:00Z,77.2,35.0,34.7,32.7,0.3,0.3
3-5 дней,2026-08-08T04:50:53Z,2026-08-11T11:00:00Z,78.2,35.9,35.7,33.2,0.2,0.2
3-5 дней,2026-08-08T04:50:53Z,2026-08-11T12:00:00Z,79.2,36.4,36.7,34.1,-0.3,0.3
3-5 дней,2026-08-08T04:50:53Z,2026-08-11T13:00:00Z,80.2,37.0,37.1,34.1,-0.1,0.1
3-5 дней,2026-08-08T04:50:53Z,2026-08-11T14:00:00Z,81.2,37.2,37.7,34.6,-0.5,0.5
3-5 дней,2026-08-08T04:50:53Z,2026-08-11T15:00:00Z,82.2,36.7,37.3,34.7,-0.6,0.6
3-5 дней,2026-08-08T04:50:53Z,2026-08-11T16:00:00Z,83.2,35.0,36.2,34.0,-1.2,1.2
3-5 дней,2026-08-08T04:50:53Z,2026-08-11T17:00:00Z,84.2,32.5,34.9,32.8,-2.4,2.4
3-5 дней,2026-08-08T04:50:53Z,2026-08-11T18:00:00Z,85.2,30.1,33.0,31.8,-2.9,2.9
3-5 дней,2026-08-08T04:50:53Z,2026-08-11T19:00:00Z,86.2,28.2,31.2,29.7,-3.0,3.0
3-5 дней,2026-08-08T04:50:53Z,2026-08-11T20:00:00Z,87.2,26.5,29.6,29.3,-3.1,3.1
3-5 дней,2026-08-08T04:50:53Z,2026-08-11T21:00:00Z,88.2,25.0,28.3,27.1,-3.3,3.3
3-5 дней,2026-08-08T04:50:53Z,2026-08-11T22:00:00Z,89.2,23.7,29.1,26.6,-5.4,5.4
3-5 дней,2026-08-08T04:50:53Z,2026-08-11T23:00:00Z,90.2,22.6,29.2,26.2,-6.6,6.6
3-5 дней,2026-08-08T04:50:53Z,2026-08-12T00:00:00Z,91.2,21.8,27.7,25.5,-5.9,5.9
3-5 дней,2026-08-08T04:50:53Z,2026-08-12T01:00:00Z,92.2,21.3,26.2,23.9,-4.9,4.9
3-5 дней,2026-08-08T04:50:53Z,2026-08-12T02:00:00Z,93.2,20.9,25.1,23.2,-4.2,4.2
3-5 дней,2026-08-08T04:50:53Z,2026-08-12T03:00:00Z,94.2,21.0,24.0,22.4,-3.0,3.0
3-5 дней,2026-08-08T04:50:53Z,2026-08-12T04:00:00Z,95.2,21.6,23.2,22.2,-1.6,1.6
3-5 дней,2026-08-08T04:50:53Z,2026-08-12T05:00:00Z,96.2,22.5,23.3,24.5,-0.8,0.8
3-5 дней,2026-08-08T04:50:53Z,2026-08-12T06:00:00Z,97.2,23.8,23.6,26.8,0.2,0.2
3-5 дней,2026-08-08T04:50:53Z,2026-08-12T07:00:00Z,98.2,25.7,24.2,29.0,1.5,1.5
3-5 дней,2026-08-08T04:50:53Z,2026-08-12T08:00:00Z,99.2,28.0,24.7,30.6,3.3,3.3
3-5 дней,2026-08-08T04:50:53Z,2026-08-12T09:00:00Z,100.2,30.0,27.9,32.0,2.1,2.1
3-5 дней,2026-08-08T04:50:53Z,2026-08-12T10:00:00Z,101.2,31.7,29.8,34.7,1.9,1.9
3-5 дней,2026-08-08T04:50:53Z,2026-08-12T11:00:00Z,102.2,33.1,31.5,35.7,1.6,1.6
3-5 дней,2026-08-08T04:50:53Z,2026-08-12T12:00:00Z,103.2,34.0,32.1,36.7,1.9,1.9
3-5 дней,2026-08-08T04:50:53Z,2026-08-12T13:00:00Z,104.2,34.5,33.2,37.1,1.3,1.3
3-5 дней,2026-08-08T04:50:53Z,2026-08-12T14:00:00Z,105.2,34.5,32.9,37.7,1.6,1.6
3-5 дней,2026-08-08T04:50:53Z,2026-08-12T15:00:00Z,106.2,33.9,32.4,37.3,1.5,1.5
3-5 дней,2026-08-08T04:50:53Z,2026-08-12T16:00:00Z,107.2,32.3,31.3,36.2,1.0,1.0
3-5 дней,2026-08-08T04:50:53Z,2026-08-12T17:00:00Z,108.2,30.2,30.0,34.9,0.2,0.2
3-5 дней,2026-08-08T04:50:53Z,2026-08-12T18:00:00Z,109.2,28.1,28.4,33.0,-0.3,0.3
3-5 дней,2026-08-08T04:50:53Z,2026-08-12T19:00:00Z,110.2,26.3,27.0,31.2,-0.7,0.7
3-5 дней,2026-08-08T04:50:53Z,2026-08-12T20:00:00Z,111.2,24.6,26.3,29.6,-1.7,1.7
3-5 дней,2026-08-08T04:50:53Z,2026-08-12T21:00:00Z,112.2,23.0,25.5,28.3,-2.5,2.5
3-5 дней,2026-08-08T04:50:53Z,2026-08-12T22:00:00Z,113.2,21.3,24.8,29.1,-3.5,3.5
3-5 дней,2026-08-08T04:50:53Z,2026-08-12T23:00:00Z,114.2,19.8,23.8,29.2,-4.0,4.0
3-5 дней,2026-08-08T04:50:53Z,2026-08-13T00:00:00Z,115.2,18.6,23.3,27.7,-4.7,4.7
3-5 дней,2026-08-08T04:50:53Z,2026-08-13T01:00:00Z,116.2,17.2,22.0,26.2,-4.8,4.8
3-5 дней,2026-08-08T04:50:53Z,2026-08-13T02:00:00Z,117.2,16.1,20.5,25.1,-4.4,4.4
3-5 дней,2026-08-08T04:50:53Z,2026-08-13T03:00:00Z,118.2,15.8,19.9,24.0,-4.1,4.1
3-5 дней,2026-08-08T04:50:53Z,2026-08-13T04:00:00Z,119.2,16.5,19.1,23.2,-2.6,2.6
3-5 дней,2026-08-08T10:18:13Z,2026-08-11T11:00:00Z,72.7,36.1,35.7,33.2,0.4,0.4
3-5 дней,2026-08-08T10:18:13Z,2026-08-11T12:00:00Z,73.7,36.8,36.7,34.1,0.1,0.1
3-5 дней,2026-08-08T10:18:13Z,2026-08-11T13:00:00Z,74.7,37.3,37.1,34.1,0.2,0.2
3-5 дней,2026-08-08T10:18:13Z,2026-08-11T14:00:00Z,75.7,37.5,37.7,34.6,-0.2,0.2
3-5 дней,2026-08-08T10:18:13Z,2026-08-11T15:00:00Z,76.7,37.0,37.3,34.7,-0.3,0.3
3-5 дней,2026-08-08T10:18:13Z,2026-08-11T16:00:00Z,77.7,35.7,36.2,34.0,-0.5,0.5
3-5 дней,2026-08-08T10:18:13Z,2026-08-11T17:00:00Z,78.7,33.8,34.9,32.8,-1.1,1.1
3-5 дней,2026-08-08T10:18:13Z,2026-08-11T18:00:00Z,79.7,31.8,33.0,31.8,-1.2,1.2
3-5 дней,2026-08-08T10:18:13Z,2026-08-11T19:00:00Z,80.7,30.0,31.2,29.7,-1.2,1.2
3-5 дней,2026-08-08T10:18:13Z,2026-08-11T20:00:00Z,81.7,28.1,29.6,29.3,-1.5,1.5
3-5 дней,2026-08-08T10:18:13Z,2026-08-11T21:00:00Z,82.7,26.6,28.3,27.1,-1.7,1.7
3-5 дней,2026-08-08T10:18:13Z,2026-08-11T22:00:00Z,83.7,25.7,29.1,26.6,-3.4,3.4
3-5 дней,2026-08-08T10:18:13Z,2026-08-11T23:00:00Z,84.7,25.1,29.2,26.2,-4.1,4.1
3-5 дней,2026-08-08T10:18:13Z,2026-08-12T00:00:00Z,85.7,24.4,27.7,25.5,-3.3,3.3
3-5 дней,2026-08-08T10:18:13Z,2026-08-12T01:00:00Z,86.7,23.2,26.2,23.9,-3.0,3.0
3-5 дней,2026-08-08T10:18:13Z,2026-08-12T02:00:00Z,87.7,21.8,25.1,23.2,-3.3,3.3
3-5 дней,2026-08-08T10:18:13Z,2026-08-12T03:00:00Z,88.7,21.2,24.0,22.4,-2.8,2.8
3-5 дней,2026-08-08T10:18:13Z,2026-08-12T04:00:00Z,89.7,21.5,23.2,22.2,-1.7,1.7
3-5 дней,2026-08-08T10:18:13Z,2026-08-12T05:00:00Z,90.7,22.4,23.3,24.5,-0.9,0.9
3-5 дней,2026-08-08T10:18:13Z,2026-08-12T06:00:00Z,91.7,23.8,23.6,26.8,0.2,0.2
3-5 дней,2026-08-08T10:18:13Z,2026-08-12T07:00:00Z,92.7,25.8,24.2,29.0,1.6,1.6
3-5 дней,2026-08-08T10:18:13Z,2026-08-12T08:00:00Z,93.7,28.4,24.7,30.6,3.7,3.7
3-5 дней,2026-08-08T10:18:13Z,2026-08-12T09:00:00Z,94.7,30.5,27.9,32.0,2.6,2.6
3-5 дней,2026-08-08T10:18:13Z,2026-08-12T10:00:00Z,95.7,32.0,29.8,34.7,2.2,2.2
3-5 дней,2026-08-08T10:18:13Z,2026-08-12T11:00:00Z,96.7,33.1,31.5,35.7,1.6,1.6
3-5 дней,2026-08-08T10:18:13Z,2026-08-12T12:00:00Z,97.7,33.8,32.1,36.7,1.7,1.7
3-5 дней,2026-08-08T10:18:13Z,2026-08-12T13:00:00Z,98.7,34.2,33.2,37.1,1.0,1.0
3-5 дней,2026-08-08T10:18:13Z,2026-08-12T14:00:00Z,99.7,34.2,32.9,37.7,1.3,1.3
3-5 дней,2026-08-08T10:18:13Z,2026-08-12T15:00:00Z,100.7,33.6,32.4,37.3,1.2,1.2
3-5 дней,2026-08-08T10:18:13Z,2026-08-12T16:00:00Z,101.7,32.1,31.3,36.2,0.8,0.8
3-5 дней,2026-08-08T10:18:13Z,2026-08-12T17:00:00Z,102.7,30.1,30.0,34.9,0.1,0.1
3-5 дней,2026-08-08T10:18:13Z,2026-08-12T18:00:00Z,103.7,28.1,28.4,33.0,-0.3,0.3
3-5 дней,2026-08-08T10:18:13Z,2026-08-12T19:00:00Z,104.7,26.3,27.0,31.2,-0.7,0.7
3-5 дней,2026-08-08T10:18:13Z,2026-08-12T20:00:00Z,105.7,24.6,26.3,29.6,-1.7,1.7
3-5 дней,2026-08-08T10:18:13Z,2026-08-12T21:00:00Z,106.7,23.1,25.5,28.3,-2.4,2.4
3-5 дней,2026-08-08T10:18:13Z,2026-08-12T22:00:00Z,107.7,21.7,24.8,29.1,-3.1,3.1
3-5 дней,2026-08-08T10:18:13Z,2026-08-12T23:00:00Z,108.7,20.5,23.8,29.2,-3.3,3.3
3-5 дней,2026-08-08T10:18:13Z,2026-08-13T00:00:00Z,109.7,19.4,23.3,27.7,-3.9,3.9
3-5 дней,2026-08-08T10:18:13Z,2026-08-13T01:00:00Z,110.7,18.2,22.0,26.2,-3.8,3.8
3-5 дней,2026-08-08T10:18:13Z,2026-08-13T02:00:00Z,111.7,17.1,20.5,25.1,-3.4,3.4
3-5 дней,2026-08-08T10:18:13Z,2026-08-13T03:00:00Z,112.7,16.8,19.9,24.0,-3.1,3.1
3-5 дней,2026-08-08T10:18:13Z,2026-08-13T04:00:00Z,113.7,17.6,19.1,23.2,-1.5,1.5
3-5 дней,2026-08-08T10:18:13Z,2026-08-13T05:00:00Z,114.7,19.2,19.0,23.3,0.2,0.2
3-5 дней,2026-08-08T10:18:13Z,2026-08-13T06:00:00Z,115.7,20.4,20.2,23.6,0.2,0.2
3-5 дней,2026-08-08T10:18:13Z,2026-08-13T07:00:00Z,116.7,22.6,22.6,24.2,0.0,0.0
3-5 дней,2026-08-08T10:18:13Z,2026-08-13T08:00:00Z,117.7,25.5,25.6,24.7,-0.1,0.1
3-5 дней,2026-08-08T10:18:13Z,2026-08-13T09:00:00Z,118.7,28.1,27.0,27.9,1.1,1.1
3-5 дней,2026-08-08T10:18:13Z,2026-08-13T10:00:00Z,119.7,29.9,27.8,29.8,2.1,2.1
3-5 дней,2026-08-08T22:37:20Z,2026-08-11T23:00:00Z,72.4,25.7,29.2,26.2,-3.5,3.5
3-5 дней,2026-08-08T22:37:20Z,2026-08-12T00:00:00Z,73.4,24.4,27.7,25.5,-3.3,3.3
3-5 дней,2026-08-08T22:37:20Z,2026-08-12T01:00:00Z,74.4,23.3,26.2,23.9,-2.9,2.9
3-5 дней,2026-08-08T22:37:20Z,2026-08-12T02:00:00Z,75.4,22.3,25.1,23.2,-2.8,2.8
3-5 дней,2026-08-08T22:37:20Z,2026-08-12T03:00:00Z,76.4,21.8,24.0,22.4,-2.2,2.2
3-5 дней,2026-08-08T22:37:20Z,2026-08-12T04:00:00Z,77.4,21.9,23.2,22.2,-1.3,1.3
3-5 дней,2026-08-08T22:37:20Z,2026-08-12T05:00:00Z,78.4,22.5,23.3,24.5,-0.8,0.8
3-5 дней,2026-08-08T22:37:20Z,2026-08-12T06:00:00Z,79.4,23.6,23.6,26.8,0.0,0.0
3-5 дней,2026-08-08T22:37:20Z,2026-08-12T07:00:00Z,80.4,25.6,24.2,29.0,1.4,1.4
3-5 дней,2026-08-08T22:37:20Z,2026-08-12T08:00:00Z,81.4,28.0,24.7,30.6,3.3,3.3
3-5 дней,2026-08-08T22:37:20Z,2026-08-12T09:00:00Z,82.4,30.0,27.9,32.0,2.1,2.1
3-5 дней,2026-08-08T22:37:20Z,2026-08-12T10:00:00Z,83.4,30.9,29.8,34.7,1.1,1.1
3-5 дней,2026-08-08T22:37:20Z,2026-08-12T11:00:00Z,84.4,31.3,31.5,35.7,-0.2,0.2
3-5 дней,2026-08-08T22:37:20Z,2026-08-12T12:00:00Z,85.4,31.7,32.1,36.7,-0.4,0.4
3-5 дней,2026-08-08T22:37:20Z,2026-08-12T13:00:00Z,86.4,32.8,33.2,37.1,-0.4,0.4
3-5 дней,2026-08-08T22:37:20Z,2026-08-12T14:00:00Z,87.4,34.0,32.9,37.7,1.1,1.1
3-5 дней,2026-08-08T22:37:20Z,2026-08-12T15:00:00Z,88.4,34.2,32.4,37.3,1.8,1.8
3-5 дней,2026-08-08T22:37:20Z,2026-08-12T16:00:00Z,89.4,32.9,31.3,36.2,1.6,1.6
3-5 дней,2026-08-08T22:37:20Z,2026-08-12T17:00:00Z,90.4,30.6,30.0,34.9,0.6,0.6
3-5 дней,2026-08-08T22:37:20Z,2026-08-12T18:00:00Z,91.4,28.5,28.4,33.0,0.1,0.1
3-5 дней,2026-08-08T22:37:20Z,2026-08-12T19:00:00Z,92.4,26.8,27.0,31.2,-0.2,0.2
3-5 дней,2026-08-08T22:37:20Z,2026-08-12T20:00:00Z,93.4,25.4,26.3,29.6,-0.9,0.9
3-5 дней,2026-08-08T22:37:20Z,2026-08-12T21:00:00Z,94.4,24.0,25.5,28.3,-1.5,1.5
3-5 дней,2026-08-08T22:37:20Z,2026-08-12T22:00:00Z,95.4,22.7,24.8,29.1,-2.1,2.1
3-5 дней,2026-08-08T22:37:20Z,2026-08-12T23:00:00Z,96.4,21.6,23.8,29.2,-2.2,2.2
3-5 дней,2026-08-08T22:37:20Z,2026-08-13T00:00:00Z,97.4,20.5,23.3,27.7,-2.8,2.8
3-5 дней,2026-08-08T22:37:20Z,2026-08-13T01:00:00Z,98.4,19.2,22.0,26.2,-2.8,2.8
3-5 дней,2026-08-08T22:37:20Z,2026-08-13T02:00:00Z,99.4,18.0,20.5,25.1,-2.5,2.5
3-5 дней,2026-08-08T22:37:20Z,2026-08-13T03:00:00Z,100.4,17.5,19.9,24.0,-2.4,2.4
3-5 дней,2026-08-08T22:37:20Z,2026-08-13T04:00:00Z,101.4,18.1,19.1,23.2,-1.0,1.0
3-5 дней,2026-08-08T22:37:20Z,2026-08-13T05:00:00Z,102.4,19.4,19.0,23.3,0.4,0.4
3-5 дней,2026-08-08T22:37:20Z,2026-08-13T06:00:00Z,103.4,21.1,20.2,23.6,0.9,0.9
3-5 дней,2026-08-08T22:37:20Z,2026-08-13T07:00:00Z,104.4,23.3,22.6,24.2,0.7,0.7
3-5 дней,2026-08-08T22:37:20Z,2026-08-13T08:00:00Z,105.4,25.9,25.6,24.7,0.3,0.3
3-5 дней,2026-08-08T22:37:20Z,2026-08-13T09:00:00Z,106.4,28.3,27.0,27.9,1.3,1.3
3-5 дней,2026-08-08T22:37:20Z,2026-08-13T10:00:00Z,107.4,30.2,27.8,29.8,2.4,2.4
3-5 дней,2026-08-08T22:37:20Z,2026-08-13T11:00:00Z,108.4,31.8,28.6,31.5,3.2,3.2
3-5 дней,2026-08-08T22:37:20Z,2026-08-13T12:00:00Z,109.4,32.9,29.4,32.1,3.5,3.5
3-5 дней,2026-08-08T22:37:20Z,2026-08-13T13:00:00Z,110.4,33.4,31.0,33.2,2.4,2.4
3-5 дней,2026-08-08T22:37:20Z,2026-08-13T14:00:00Z,111.4,33.4,30.7,32.9,2.7,2.7
3-5 дней,2026-08-08T22:37:20Z,2026-08-13T15:00:00Z,112.4,32.8,31.2,32.4,1.6,1.6
3-5 дней,2026-08-08T22:37:20Z,2026-08-13T16:00:00Z,113.4,31.0,30.2,31.3,0.8,0.8
3-5 дней,2026-08-08T22:37:20Z,2026-08-13T17:00:00Z,114.4,28.5,29.5,30.0,-1.0,1.0
3-5 дней,2026-08-08T22:37:20Z,2026-08-13T18:00:00Z,115.4,26.6,27.7,28.4,-1.1,1.1
3-5 дней,2026-08-08T22:37:20Z,2026-08-13T19:00:00Z,116.4,24.1,26.5,27.0,-2.4,2.4
3-5 дней,2026-08-08T22:37:20Z,2026-08-13T20:00:00Z,117.4,22.1,26.0,26.3,-3.9,3.9
3-5 дней,2026-08-08T22:37:20Z,2026-08-13T21:00:00Z,118.4,20.5,25.0,25.5,-4.5,4.5
3-5 дней,2026-08-08T22:37:20Z,2026-08-13T22:00:00Z,119.4,19.5,24.0,24.8,-4.5,4.5
3-5 дней,2026-08-09T04:59:03Z,2026-08-12T05:00:00Z,72.0,22.6,23.3,24.5,-0.7,0.7
3-5 дней,2026-08-09T04:59:03Z,2026-08-12T06:00:00Z,73.0,24.5,23.6,26.8,0.9,0.9
3-5 дней,2026-08-09T04:59:03Z,2026-08-12T07:00:00Z,74.0,26.0,24.2,29.0,1.8,1.8
3-5 дней,2026-08-09T04:59:03Z,2026-08-12T08:00:00Z,75.0,27.9,24.7,30.6,3.2,3.2
3-5 дней,2026-08-09T04:59:03Z,2026-08-12T09:00:00Z,76.0,29.7,27.9,32.0,1.8,1.8
3-5 дней,2026-08-09T04:59:03Z,2026-08-12T10:00:00Z,77.0,31.4,29.8,34.7,1.6,1.6
3-5 дней,2026-08-09T04:59:03Z,2026-08-12T11:00:00Z,78.0,33.1,31.5,35.7,1.6,1.6
3-5 дней,2026-08-09T04:59:03Z,2026-08-12T12:00:00Z,79.0,34.3,32.1,36.7,2.2,2.2
3-5 дней,2026-08-09T04:59:03Z,2026-08-12T13:00:00Z,80.0,34.9,33.2,37.1,1.7,1.7
3-5 дней,2026-08-09T04:59:03Z,2026-08-12T14:00:00Z,81.0,34.9,32.9,37.7,2.0,2.0
3-5 дней,2026-08-09T04:59:03Z,2026-08-12T15:00:00Z,82.0,34.3,32.4,37.3,1.9,1.9
3-5 дней,2026-08-09T04:59:03Z,2026-08-12T16:00:00Z,83.0,32.7,31.3,36.2,1.4,1.4
3-5 дней,2026-08-09T04:59:03Z,2026-08-12T17:00:00Z,84.0,30.5,30.0,34.9,0.5,0.5
3-5 дней,2026-08-09T04:59:03Z,2026-08-12T18:00:00Z,85.0,28.4,28.4,33.0,0.0,0.0
3-5 дней,2026-08-09T04:59:03Z,2026-08-12T19:00:00Z,86.0,26.7,27.0,31.2,-0.3,0.3
3-5 дней,2026-08-09T04:59:03Z,2026-08-12T20:00:00Z,87.0,25.2,26.3,29.6,-1.1,1.1
3-5 дней,2026-08-09T04:59:03Z,2026-08-12T21:00:00Z,88.0,23.7,25.5,28.3,-1.8,1.8
3-5 дней,2026-08-09T04:59:03Z,2026-08-12T22:00:00Z,89.0,22.4,24.8,29.1,-2.4,2.4
3-5 дней,2026-08-09T04:59:03Z,2026-08-12T23:00:00Z,90.0,21.2,23.8,29.2,-2.6,2.6
3-5 дней,2026-08-09T04:59:03Z,2026-08-13T00:00:00Z,91.0,20.0,23.3,27.7,-3.3,3.3
3-5 дней,2026-08-09T04:59:03Z,2026-08-13T01:00:00Z,92.0,18.8,22.0,26.2,-3.2,3.2
3-5 дней,2026-08-09T04:59:03Z,2026-08-13T02:00:00Z,93.0,17.6,20.5,25.1,-2.9,2.9
3-5 дней,2026-08-09T04:59:03Z,2026-08-13T03:00:00Z,94.0,17.1,19.9,24.0,-2.8,2.8
3-5 дней,2026-08-09T04:59:03Z,2026-08-13T04:00:00Z,95.0,17.6,19.1,23.2,-1.5,1.5
3-5 дней,2026-08-09T04:59:03Z,2026-08-13T05:00:00Z,96.0,18.8,19.0,23.3,-0.2,0.2
3-5 дней,2026-08-09T04:59:03Z,2026-08-13T06:00:00Z,97.0,20.3,20.2,23.6,0.1,0.1
3-5 дней,2026-08-09T04:59:03Z,2026-08-13T07:00:00Z,98.0,22.4,22.6,24.2,-0.2,0.2
3-5 дней,2026-08-09T04:59:03Z,2026-08-13T08:00:00Z,99.0,24.9,25.6,24.7,-0.7,0.7
3-5 дней,2026-08-09T04:59:03Z,2026-08-13T09:00:00Z,100.0,27.1,27.0,27.9,0.1,0.1
3-5 дней,2026-08-09T04:59:03Z,2026-08-13T10:00:00Z,101.0,29.0,27.8,29.8,1.2,1.2
3-5 дней,2026-08-09T04:59:03Z,2026-08-13T11:00:00Z,102.0,30.6,28.6,31.5,2.0,2.0
3-5 дней,2026-08-09T04:59:03Z,2026-08-13T12:00:00Z,103.0,31.8,29.4,32.1,2.4,2.4
3-5 дней,2026-08-09T04:59:03Z,2026-08-13T13:00:00Z,104.0,32.4,31.0,33.2,1.4,1.4
3-5 дней,2026-08-09T04:59:03Z,2026-08-13T14:00:00Z,105.0,32.5,30.7,32.9,1.8,1.8
3-5 дней,2026-08-09T04:59:03Z,2026-08-13T15:00:00Z,106.0,31.9,31.2,32.4,0.7,0.7
3-5 дней,2026-08-09T04:59:03Z,2026-08-13T16:00:00Z,107.0,30.2,30.2,31.3,0.0,0.0
3-5 дней,2026-08-09T04:59:03Z,2026-08-13T17:00:00Z,108.0,27.9,29.5,30.0,-1.6,1.6
3-5 дней,2026-08-09T04:59:03Z,2026-08-13T18:00:00Z,109.0,25.7,27.7,28.4,-2.0,2.0
3-5 дней,2026-08-09T04:59:03Z,2026-08-13T19:00:00Z,110.0,24.0,26.5,27.0,-2.5,2.5
3-5 дней,2026-08-09T04:59:03Z,2026-08-13T20:00:00Z,111.0,22.4,26.0,26.3,-3.6,3.6
3-5 дней,2026-08-09T04:59:03Z,2026-08-13T21:00:00Z,112.0,21.1,25.0,25.5,-3.9,3.9
3-5 дней,2026-08-09T04:59:03Z,2026-08-13T22:00:00Z,113.0,19.8,24.0,24.8,-4.2,4.2
3-5 дней,2026-08-09T04:59:03Z,2026-08-13T23:00:00Z,114.0,18.9,22.8,23.8,-3.9,3.9
3-5 дней,2026-08-09T04:59:03Z,2026-08-14T00:00:00Z,115.0,18.0,22.0,23.3,-4.0,4.0
3-5 дней,2026-08-09T04:59:03Z,2026-08-14T01:00:00Z,116.0,16.5,20.4,22.0,-3.9,3.9
3-5 дней,2026-08-09T04:59:03Z,2026-08-14T02:00:00Z,117.0,15.1,21.7,20.5,-6.6,6.6
3-5 дней,2026-08-09T04:59:03Z,2026-08-14T03:00:00Z,118.0,14.7,20.9,19.9,-6.2,6.2
3-5 дней,2026-08-09T04:59:03Z,2026-08-14T04:00:00Z,119.0,15.5,20.6,19.1,-5.1,5.1
3-5 дней,2026-08-09T10:19:29Z,2026-08-12T11:00:00Z,72.7,31.0,31.5,35.7,-0.5,0.5
3-5 дней,2026-08-09T10:19:29Z,2026-08-12T12:00:00Z,73.7,32.8,32.1,36.7,0.7,0.7
3-5 дней,2026-08-09T10:19:29Z,2026-08-12T13:00:00Z,74.7,33.3,33.2,37.1,0.1,0.1
3-5 дней,2026-08-09T10:19:29Z,2026-08-12T14:00:00Z,75.7,33.3,32.9,37.7,0.4,0.4
3-5 дней,2026-08-09T10:19:29Z,2026-08-12T15:00:00Z,76.7,32.6,32.4,37.3,0.2,0.2
3-5 дней,2026-08-09T10:19:29Z,2026-08-12T16:00:00Z,77.7,31.0,31.3,36.2,-0.3,0.3
3-5 дней,2026-08-09T10:19:29Z,2026-08-12T17:00:00Z,78.7,28.7,30.0,34.9,-1.3,1.3
3-5 дней,2026-08-09T10:19:29Z,2026-08-12T18:00:00Z,79.7,26.6,28.4,33.0,-1.8,1.8
3-5 дней,2026-08-09T10:19:29Z,2026-08-12T19:00:00Z,80.7,24.8,27.0,31.2,-2.2,2.2
3-5 дней,2026-08-09T10:19:29Z,2026-08-12T20:00:00Z,81.7,23.2,26.3,29.6,-3.1,3.1
3-5 дней,2026-08-09T10:19:29Z,2026-08-12T21:00:00Z,82.7,21.7,25.5,28.3,-3.8,3.8
3-5 дней,2026-08-09T10:19:29Z,2026-08-12T22:00:00Z,83.7,20.4,24.8,29.1,-4.4,4.4
3-5 дней,2026-08-09T10:19:29Z,2026-08-12T23:00:00Z,84.7,19.3,23.8,29.2,-4.5,4.5
3-5 дней,2026-08-09T10:19:29Z,2026-08-13T00:00:00Z,85.7,18.3,23.3,27.7,-5.0,5.0
3-5 дней,2026-08-09T10:19:29Z,2026-08-13T01:00:00Z,86.7,17.1,22.0,26.2,-4.9,4.9
3-5 дней,2026-08-09T10:19:29Z,2026-08-13T02:00:00Z,87.7,16.0,20.5,25.1,-4.5,4.5
3-5 дней,2026-08-09T10:19:29Z,2026-08-13T03:00:00Z,88.7,15.7,19.9,24.0,-4.2,4.2
3-5 дней,2026-08-09T10:19:29Z,2026-08-13T04:00:00Z,89.7,16.3,19.1,23.2,-2.8,2.8
3-5 дней,2026-08-09T10:19:29Z,2026-08-13T05:00:00Z,90.7,17.6,19.0,23.3,-1.4,1.4
3-5 дней,2026-08-09T10:19:29Z,2026-08-13T06:00:00Z,91.7,19.3,20.2,23.6,-0.9,0.9
3-5 дней,2026-08-09T10:19:29Z,2026-08-13T07:00:00Z,92.7,21.7,22.6,24.2,-0.9,0.9
3-5 дней,2026-08-09T10:19:29Z,2026-08-13T08:00:00Z,93.7,24.4,25.6,24.7,-1.2,1.2
3-5 дней,2026-08-09T10:19:29Z,2026-08-13T09:00:00Z,94.7,26.8,27.0,27.9,-0.2,0.2
3-5 дней,2026-08-09T10:19:29Z,2026-08-13T10:00:00Z,95.7,28.6,27.8,29.8,0.8,0.8
3-5 дней,2026-08-09T10:19:29Z,2026-08-13T11:00:00Z,96.7,30.1,28.6,31.5,1.5,1.5
3-5 дней,2026-08-09T10:19:29Z,2026-08-13T12:00:00Z,97.7,31.1,29.4,32.1,1.7,1.7
3-5 дней,2026-08-09T10:19:29Z,2026-08-13T13:00:00Z,98.7,31.6,31.0,33.2,0.6,0.6
3-5 дней,2026-08-09T10:19:29Z,2026-08-13T14:00:00Z,99.7,31.6,30.7,32.9,0.9,0.9
3-5 дней,2026-08-09T10:19:29Z,2026-08-13T15:00:00Z,100.7,31.0,31.2,32.4,-0.2,0.2
3-5 дней,2026-08-09T10:19:29Z,2026-08-13T16:00:00Z,101.7,29.3,30.2,31.3,-0.9,0.9
3-5 дней,2026-08-09T10:19:29Z,2026-08-13T17:00:00Z,102.7,27.0,29.5,30.0,-2.5,2.5
3-5 дней,2026-08-09T10:19:29Z,2026-08-13T18:00:00Z,103.7,24.8,27.7,28.4,-2.9,2.9
3-5 дней,2026-08-09T10:19:29Z,2026-08-13T19:00:00Z,104.7,23.2,26.5,27.0,-3.3,3.3
3-5 дней,2026-08-09T10:19:29Z,2026-08-13T20:00:00Z,105.7,21.7,26.0,26.3,-4.3,4.3
3-5 дней,2026-08-09T10:19:29Z,2026-08-13T21:00:00Z,106.7,20.4,25.0,25.5,-4.6,4.6
3-5 дней,2026-08-09T10:19:29Z,2026-08-13T22:00:00Z,107.7,19.3,24.0,24.8,-4.7,4.7
3-5 дней,2026-08-09T10:19:29Z,2026-08-13T23:00:00Z,108.7,18.4,22.8,23.8,-4.4,4.4
3-5 дней,2026-08-09T10:19:29Z,2026-08-14T00:00:00Z,109.7,17.6,22.0,23.3,-4.4,4.4
3-5 дней,2026-08-09T10:19:29Z,2026-08-14T01:00:00Z,110.7,16.5,20.4,22.0,-3.9,3.9
3-5 дней,2026-08-09T10:19:29Z,2026-08-14T02:00:00Z,111.7,15.6,21.7,20.5,-6.1,6.1
3-5 дней,2026-08-09T10:19:29Z,2026-08-14T03:00:00Z,112.7,15.4,20.9,19.9,-5.5,5.5
3-5 дней,2026-08-09T10:19:29Z,2026-08-14T04:00:00Z,113.7,16.5,20.6,19.1,-4.1,4.1
3-5 дней,2026-08-09T10:19:29Z,2026-08-14T05:00:00Z,114.7,18.4,22.1,19.0,-3.7,3.7
3-5 дней,2026-08-09T10:19:29Z,2026-08-14T06:00:00Z,115.7,19.8,23.4,20.2,-3.6,3.6
3-5 дней,2026-08-09T10:19:29Z,2026-08-14T07:00:00Z,116.7,22.4,25.4,22.6,-3.0,3.0
3-5 дней,2026-08-09T10:19:29Z,2026-08-14T08:00:00Z,117.7,25.8,27.9,25.6,-2.1,2.1
3-5 дней,2026-08-09T10:19:29Z,2026-08-14T09:00:00Z,118.7,28.6,28.7,27.0,-0.1,0.1
3-5 дней,2026-08-09T10:19:29Z,2026-08-14T10:00:00Z,119.7,30.4,29.9,27.8,0.5,0.5
3-5 дней,2026-08-09T12:41:38Z,2026-08-12T13:00:00Z,72.3,33.3,33.2,37.1,0.1,0.1
3-5 дней,2026-08-09T12:41:38Z,2026-08-12T14:00:00Z,73.3,33.3,32.9,37.7,0.4,0.4
3-5 дней,2026-08-09T12:41:38Z,2026-08-12T15:00:00Z,74.3,32.6,32.4,37.3,0.2,0.2
3-5 дней,2026-08-09T12:41:38Z,2026-08-12T16:00:00Z,75.3,31.0,31.3,36.2,-0.3,0.3
3-5 дней,2026-08-09T12:41:38Z,2026-08-12T17:00:00Z,76.3,28.7,30.0,34.9,-1.3,1.3
3-5 дней,2026-08-09T12:41:38Z,2026-08-12T18:00:00Z,77.3,26.6,28.4,33.0,-1.8,1.8
3-5 дней,2026-08-09T12:41:38Z,2026-08-12T19:00:00Z,78.3,24.8,27.0,31.2,-2.2,2.2
3-5 дней,2026-08-09T12:41:38Z,2026-08-12T20:00:00Z,79.3,23.2,26.3,29.6,-3.1,3.1
3-5 дней,2026-08-09T12:41:38Z,2026-08-12T21:00:00Z,80.3,21.7,25.5,28.3,-3.8,3.8
3-5 дней,2026-08-09T12:41:38Z,2026-08-12T22:00:00Z,81.3,20.4,24.8,29.1,-4.4,4.4
3-5 дней,2026-08-09T12:41:38Z,2026-08-12T23:00:00Z,82.3,19.3,23.8,29.2,-4.5,4.5
3-5 дней,2026-08-09T12:41:38Z,2026-08-13T00:00:00Z,83.3,18.3,23.3,27.7,-5.0,5.0
3-5 дней,2026-08-09T12:41:38Z,2026-08-13T01:00:00Z,84.3,17.1,22.0,26.2,-4.9,4.9
3-5 дней,2026-08-09T12:41:38Z,2026-08-13T02:00:00Z,85.3,16.0,20.5,25.1,-4.5,4.5
3-5 дней,2026-08-09T12:41:38Z,2026-08-13T03:00:00Z,86.3,15.7,19.9,24.0,-4.2,4.2
3-5 дней,2026-08-09T12:41:38Z,2026-08-13T04:00:00Z,87.3,16.3,19.1,23.2,-2.8,2.8
3-5 дней,2026-08-09T12:41:38Z,2026-08-13T05:00:00Z,88.3,17.6,19.0,23.3,-1.4,1.4
3-5 дней,2026-08-09T12:41:38Z,2026-08-13T06:00:00Z,89.3,19.3,20.2,23.6,-0.9,0.9
3-5 дней,2026-08-09T12:41:38Z,2026-08-13T07:00:00Z,90.3,21.7,22.6,24.2,-0.9,0.9
3-5 дней,2026-08-09T12:41:38Z,2026-08-13T08:00:00Z,91.3,24.4,25.6,24.7,-1.2,1.2
3-5 дней,2026-08-09T12:41:38Z,2026-08-13T09:00:00Z,92.3,26.8,27.0,27.9,-0.2,0.2
3-5 дней,2026-08-09T12:41:38Z,2026-08-13T10:00:00Z,93.3,28.6,27.8,29.8,0.8,0.8
3-5 дней,2026-08-09T12:41:38Z,2026-08-13T11:00:00Z,94.3,30.1,28.6,31.5,1.5,1.5
3-5 дней,2026-08-09T12:41:38Z,2026-08-13T12:00:00Z,95.3,31.1,29.4,32.1,1.7,1.7
3-5 дней,2026-08-09T12:41:38Z,2026-08-13T13:00:00Z,96.3,31.6,31.0,33.2,0.6,0.6
3-5 дней,2026-08-09T12:41:38Z,2026-08-13T14:00:00Z,97.3,31.6,30.7,32.9,0.9,0.9
3-5 дней,2026-08-09T12:41:38Z,2026-08-13T15:00:00Z,98.3,31.0,31.2,32.4,-0.2,0.2
3-5 дней,2026-08-09T12:41:38Z,2026-08-13T16:00:00Z,99.3,29.3,30.2,31.3,-0.9,0.9
3-5 дней,2026-08-09T12:41:38Z,2026-08-13T17:00:00Z,100.3,27.0,29.5,30.0,-2.5,2.5
3-5 дней,2026-08-09T12:41:38Z,2026-08-13T18:00:00Z,101.3,24.8,27.7,28.4,-2.9,2.9
3-5 дней,2026-08-09T12:41:38Z,2026-08-13T19:00:00Z,102.3,23.2,26.5,27.0,-3.3,3.3
3-5 дней,2026-08-09T12:41:38Z,2026-08-13T20:00:00Z,103.3,21.7,26.0,26.3,-4.3,4.3
3-5 дней,2026-08-09T12:41:38Z,2026-08-13T21:00:00Z,104.3,20.4,25.0,25.5,-4.6,4.6
3-5 дней,2026-08-09T12:41:38Z,2026-08-13T22:00:00Z,105.3,19.3,24.0,24.8,-4.7,4.7
3-5 дней,2026-08-09T12:41:38Z,2026-08-13T23:00:00Z,106.3,18.4,22.8,23.8,-4.4,4.4
3-5 дней,2026-08-09T12:41:38Z,2026-08-14T00:00:00Z,107.3,17.6,22.0,23.3,-4.4,4.4
3-5 дней,2026-08-09T12:41:38Z,2026-08-14T01:00:00Z,108.3,16.5,20.4,22.0,-3.9,3.9
3-5 дней,2026-08-09T12:41:38Z,2026-08-14T02:00:00Z,109.3,15.6,21.7,20.5,-6.1,6.1
3-5 дней,2026-08-09T12:41:38Z,2026-08-14T03:00:00Z,110.3,15.4,20.9,19.9,-5.5,5.5
3-5 дней,2026-08-09T12:41:38Z,2026-08-14T04:00:00Z,111.3,16.5,20.6,19.1,-4.1,4.1
3-5 дней,2026-08-09T12:41:38Z,2026-08-14T05:00:00Z,112.3,18.4,22.1,19.0,-3.7,3.7
3-5 дней,2026-08-09T12:41:38Z,2026-08-14T06:00:00Z,113.3,19.8,23.4,20.2,-3.6,3.6
3-5 дней,2026-08-09T12:41:38Z,2026-08-14T07:00:00Z,114.3,22.4,25.4,22.6,-3.0,3.0
3-5 дней,2026-08-09T12:41:38Z,2026-08-14T08:00:00Z,115.3,25.8,27.9,25.6,-2.1,2.1
3-5 дней,2026-08-09T12:41:38Z,2026-08-14T09:00:00Z,116.3,28.6,28.7,27.0,-0.1,0.1
3-5 дней,2026-08-09T12:41:38Z,2026-08-14T10:00:00Z,117.3,30.4,29.9,27.8,0.5,0.5
3-5 дней,2026-08-09T12:45:53Z,2026-08-12T13:00:00Z,72.2,33.3,33.2,37.1,0.1,0.1
3-5 дней,2026-08-09T12:45:53Z,2026-08-12T14:00:00Z,73.2,33.3,32.9,37.7,0.4,0.4
3-5 дней,2026-08-09T12:45:53Z,2026-08-12T15:00:00Z,74.2,32.6,32.4,37.3,0.2,0.2
3-5 дней,2026-08-09T12:45:53Z,2026-08-12T16:00:00Z,75.2,31.0,31.3,36.2,-0.3,0.3
3-5 дней,2026-08-09T12:45:53Z,2026-08-12T17:00:00Z,76.2,28.7,30.0,34.9,-1.3,1.3
3-5 дней,2026-08-09T12:45:53Z,2026-08-12T18:00:00Z,77.2,26.6,28.4,33.0,-1.8,1.8
3-5 дней,2026-08-09T12:45:53Z,2026-08-12T19:00:00Z,78.2,24.8,27.0,31.2,-2.2,2.2
3-5 дней,2026-08-09T12:45:53Z,2026-08-12T20:00:00Z,79.2,23.2,26.3,29.6,-3.1,3.1
3-5 дней,2026-08-09T12:45:53Z,2026-08-12T21:00:00Z,80.2,21.7,25.5,28.3,-3.8,3.8
3-5 дней,2026-08-09T12:45:53Z,2026-08-12T22:00:00Z,81.2,20.4,24.8,29.1,-4.4,4.4
3-5 дней,2026-08-09T12:45:53Z,2026-08-12T23:00:00Z,82.2,19.3,23.8,29.2,-4.5,4.5
3-5 дней,2026-08-09T12:45:53Z,2026-08-13T00:00:00Z,83.2,18.3,23.3,27.7,-5.0,5.0
3-5 дней,2026-08-09T12:45:53Z,2026-08-13T01:00:00Z,84.2,17.1,22.0,26.2,-4.9,4.9
3-5 дней,2026-08-09T12:45:53Z,2026-08-13T02:00:00Z,85.2,16.0,20.5,25.1,-4.5,4.5
3-5 дней,2026-08-09T12:45:53Z,2026-08-13T03:00:00Z,86.2,15.7,19.9,24.0,-4.2,4.2
3-5 дней,2026-08-09T12:45:53Z,2026-08-13T04:00:00Z,87.2,16.3,19.1,23.2,-2.8,2.8
3-5 дней,2026-08-09T12:45:53Z,2026-08-13T05:00:00Z,88.2,17.6,19.0,23.3,-1.4,1.4
3-5 дней,2026-08-09T12:45:53Z,2026-08-13T06:00:00Z,89.2,19.3,20.2,23.6,-0.9,0.9
3-5 дней,2026-08-09T12:45:53Z,2026-08-13T07:00:00Z,90.2,21.7,22.6,24.2,-0.9,0.9
3-5 дней,2026-08-09T12:45:53Z,2026-08-13T08:00:00Z,91.2,24.4,25.6,24.7,-1.2,1.2
3-5 дней,2026-08-09T12:45:53Z,2026-08-13T09:00:00Z,92.2,26.8,27.0,27.9,-0.2,0.2
3-5 дней,2026-08-09T12:45:53Z,2026-08-13T10:00:00Z,93.2,28.6,27.8,29.8,0.8,0.8
3-5 дней,2026-08-09T12:45:53Z,2026-08-13T11:00:00Z,94.2,30.1,28.6,31.5,1.5,1.5
3-5 дней,2026-08-09T12:45:53Z,2026-08-13T12:00:00Z,95.2,31.1,29.4,32.1,1.7,1.7
3-5 дней,2026-08-09T12:45:53Z,2026-08-13T13:00:00Z,96.2,31.6,31.0,33.2,0.6,0.6
3-5 дней,2026-08-09T12:45:53Z,2026-08-13T14:00:00Z,97.2,31.6,30.7,32.9,0.9,0.9
3-5 дней,2026-08-09T12:45:53Z,2026-08-13T15:00:00Z,98.2,31.0,31.2,32.4,-0.2,0.2
3-5 дней,2026-08-09T12:45:53Z,2026-08-13T16:00:00Z,99.2,29.3,30.2,31.3,-0.9,0.9
3-5 дней,2026-08-09T12:45:53Z,2026-08-13T17:00:00Z,100.2,27.0,29.5,30.0,-2.5,2.5
3-5 дней,2026-08-09T12:45:53Z,2026-08-13T18:00:00Z,101.2,24.8,27.7,28.4,-2.9,2.9
3-5 дней,2026-08-09T12:45:53Z,2026-08-13T19:00:00Z,102.2,23.2,26.5,27.0,-3.3,3.3
3-5 дней,2026-08-09T12:45:53Z,2026-08-13T20:00:00Z,103.2,21.7,26.0,26.3,-4.3,4.3
3-5 дней,2026-08-09T12:45:53Z,2026-08-13T21:00:00Z,104.2,20.4,25.0,25.5,-4.6,4.6
3-5 дней,2026-08-09T12:45:53Z,2026-08-13T22:00:00Z,105.2,19.3,24.0,24.8,-4.7,4.7
3-5 дней,2026-08-09T12:45:53Z,2026-08-13T23:00:00Z,106.2,18.4,22.8,23.8,-4.4,4.4
3-5 дней,2026-08-09T12:45:53Z,2026-08-14T00:00:00Z,107.2,17.6,22.0,23.3,-4.4,4.4
3-5 дней,2026-08-09T12:45:53Z,2026-08-14T01:00:00Z,108.2,16.5,20.4,22.0,-3.9,3.9
3-5 дней,2026-08-09T12:45:53Z,2026-08-14T02:00:00Z,109.2,15.6,21.7,20.5,-6.1,6.1
3-5 дней,2026-08-09T12:45:53Z,2026-08-14T03:00:00Z,110.2,15.4,20.9,19.9,-5.5,5.5
3-5 дней,2026-08-09T12:45:53Z,2026-08-14T04:00:00Z,111.2,16.5,20.6,19.1,-4.1,4.1
3-5 дней,2026-08-09T12:45:53Z,2026-08-14T05:00:00Z,112.2,18.4,22.1,19.0,-3.7,3.7
3-5 дней,2026-08-09T12:45:53Z,2026-08-14T06:00:00Z,113.2,19.8,23.4,20.2,-3.6,3.6
3-5 дней,2026-08-09T12:45:53Z,2026-08-14T07:00:00Z,114.2,22.4,25.4,22.6,-3.0,3.0
3-5 дней,2026-08-09T12:45:53Z,2026-08-14T08:00:00Z,115.2,25.8,27.9,25.6,-2.1,2.1
3-5 дней,2026-08-09T12:45:53Z,2026-08-14T09:00:00Z,116.2,28.6,28.7,27.0,-0.1,0.1
3-5 дней,2026-08-09T12:45:53Z,2026-08-14T10:00:00Z,117.2,30.4,29.9,27.8,0.5,0.5
3-5 дней,2026-08-09T12:48:15Z,2026-08-12T13:00:00Z,72.2,33.3,33.2,37.1,0.1,0.1
3-5 дней,2026-08-09T12:48:15Z,2026-08-12T14:00:00Z,73.2,33.3,32.9,37.7,0.4,0.4
3-5 дней,2026-08-09T12:48:15Z,2026-08-12T15:00:00Z,74.2,32.6,32.4,37.3,0.2,0.2
3-5 дней,2026-08-09T12:48:15Z,2026-08-12T16:00:00Z,75.2,31.0,31.3,36.2,-0.3,0.3
3-5 дней,2026-08-09T12:48:15Z,2026-08-12T17:00:00Z,76.2,28.7,30.0,34.9,-1.3,1.3
3-5 дней,2026-08-09T12:48:15Z,2026-08-12T18:00:00Z,77.2,26.6,28.4,33.0,-1.8,1.8
3-5 дней,2026-08-09T12:48:15Z,2026-08-12T19:00:00Z,78.2,24.8,27.0,31.2,-2.2,2.2
3-5 дней,2026-08-09T12:48:15Z,2026-08-12T20:00:00Z,79.2,23.2,26.3,29.6,-3.1,3.1
3-5 дней,2026-08-09T12:48:15Z,2026-08-12T21:00:00Z,80.2,21.7,25.5,28.3,-3.8,3.8
3-5 дней,2026-08-09T12:48:15Z,2026-08-12T22:00:00Z,81.2,20.4,24.8,29.1,-4.4,4.4
3-5 дней,2026-08-09T12:48:15Z,2026-08-12T23:00:00Z,82.2,19.3,23.8,29.2,-4.5,4.5
3-5 дней,2026-08-09T12:48:15Z,2026-08-13T00:00:00Z,83.2,18.3,23.3,27.7,-5.0,5.0
3-5 дней,2026-08-09T12:48:15Z,2026-08-13T01:00:00Z,84.2,17.1,22.0,26.2,-4.9,4.9
3-5 дней,2026-08-09T12:48:15Z,2026-08-13T02:00:00Z,85.2,16.0,20.5,25.1,-4.5,4.5
3-5 дней,2026-08-09T12:48:15Z,2026-08-13T03:00:00Z,86.2,15.7,19.9,24.0,-4.2,4.2
3-5 дней,2026-08-09T12:48:15Z,2026-08-13T04:00:00Z,87.2,16.3,19.1,23.2,-2.8,2.8
3-5 дней,2026-08-09T12:48:15Z,2026-08-13T05:00:00Z,88.2,17.6,19.0,23.3,-1.4,1.4
3-5 дней,2026-08-09T12:48:15Z,2026-08-13T06:00:00Z,89.2,19.3,20.2,23.6,-0.9,0.9
3-5 дней,2026-08-09T12:48:15Z,2026-08-13T07:00:00Z,90.2,21.7,22.6,24.2,-0.9,0.9
3-5 дней,2026-08-09T12:48:15Z,2026-08-13T08:00:00Z,91.2,24.4,25.6,24.7,-1.2,1.2
3-5 дней,2026-08-09T12:48:15Z,2026-08-13T09:00:00Z,92.2,26.8,27.0,27.9,-0.2,0.2
3-5 дней,2026-08-09T12:48:15Z,2026-08-13T10:00:00Z,93.2,28.6,27.8,29.8,0.8,0.8
3-5 дней,2026-08-09T12:48:15Z,2026-08-13T11:00:00Z,94.2,30.1,28.6,31.5,1.5,1.5
3-5 дней,2026-08-09T12:48:15Z,2026-08-13T12:00:00Z,95.2,31.1,29.4,32.1,1.7,1.7
3-5 дней,2026-08-09T12:48:15Z,2026-08-13T13:00:00Z,96.2,31.6,31.0,33.2,0.6,0.6
3-5 дней,2026-08-09T12:48:15Z,2026-08-13T14:00:00Z,97.2,31.6,30.7,32.9,0.9,0.9
3-5 дней,2026-08-09T12:48:15Z,2026-08-13T15:00:00Z,98.2,31.0,31.2,32.4,-0.2,0.2
3-5 дней,2026-08-09T12:48:15Z,2026-08-13T16:00:00Z,99.2,29.3,30.2,31.3,-0.9,0.9
3-5 дней,2026-08-09T12:48:15Z,2026-08-13T17:00:00Z,100.2,27.0,29.5,30.0,-2.5,2.5
3-5 дней,2026-08-09T12:48:15Z,2026-08-13T18:00:00Z,101.2,24.8,27.7,28.4,-2.9,2.9
3-5 дней,2026-08-09T12:48:15Z,2026-08-13T19:00:00Z,102.2,23.2,26.5,27.0,-3.3,3.3
3-5 дней,2026-08-09T12:48:15Z,2026-08-13T20:00:00Z,103.2,21.7,26.0,26.3,-4.3,4.3
3-5 дней,2026-08-09T12:48:15Z,2026-08-13T21:00:00Z,104.2,20.4,25.0,25.5,-4.6,4.6
3-5 дней,2026-08-09T12:48:15Z,2026-08-13T22:00:00Z,105.2,19.3,24.0,24.8,-4.7,4.7
3-5 дней,2026-08-09T12:48:15Z,2026-08-13T23:00:00Z,106.2,18.4,22.8,23.8,-4.4,4.4
3-5 дней,2026-08-09T12:48:15Z,2026-08-14T00:00:00Z,107.2,17.6,22.0,23.3,-4.4,4.4
3-5 дней,2026-08-09T12:48:15Z,2026-08-14T01:00:00Z,108.2,16.5,20.4,22.0,-3.9,3.9
3-5 дней,2026-08-09T12:48:15Z,2026-08-14T02:00:00Z,109.2,15.6,21.7,20.5,-6.1,6.1
3-5 дней,2026-08-09T12:48:15Z,2026-08-14T03:00:00Z,110.2,15.4,20.9,19.9,-5.5,5.5
3-5 дней,2026-08-09T12:48:15Z,2026-08-14T04:00:00Z,111.2,16.5,20.6,19.1,-4.1,4.1
3-5 дней,2026-08-09T12:48:15Z,2026-08-14T05:00:00Z,112.2,18.4,22.1,19.0,-3.7,3.7
3-5 дней,2026-08-09T12:48:15Z,2026-08-14T06:00:00Z,113.2,19.8,23.4,20.2,-3.6,3.6
3-5 дней,2026-08-09T12:48:15Z,2026-08-14T07:00:00Z,114.2,22.4,25.4,22.6,-3.0,3.0
3-5 дней,2026-08-09T12:48:15Z,2026-08-14T08:00:00Z,115.2,25.8,27.9,25.6,-2.1,2.1
3-5 дней,2026-08-09T12:48:15Z,2026-08-14T09:00:00Z,116.2,28.6,28.7,27.0,-0.1,0.1
3-5 дней,2026-08-09T12:48:15Z,2026-08-14T10:00:00Z,117.2,30.4,29.9,27.8,0.5,0.5
3-5 дней,2026-08-09T16:31:44Z,2026-08-12T17:00:00Z,72.5,29.8,30.0,34.9,-0.2,0.2
3-5 дней,2026-08-09T16:31:44Z,2026-08-12T18:00:00Z,73.5,26.1,28.4,33.0,-2.3,2.3
3-5 дней,2026-08-09T16:31:44Z,2026-08-12T19:00:00Z,74.5,24.4,27.0,31.2,-2.6,2.6
3-5 дней,2026-08-09T16:31:44Z,2026-08-12T20:00:00Z,75.5,22.8,26.3,29.6,-3.5,3.5
3-5 дней,2026-08-09T16:31:44Z,2026-08-12T21:00:00Z,76.5,21.3,25.5,28.3,-4.2,4.2
3-5 дней,2026-08-09T16:31:44Z,2026-08-12T22:00:00Z,77.5,20.1,24.8,29.1,-4.7,4.7
3-5 дней,2026-08-09T16:31:44Z,2026-08-12T23:00:00Z,78.5,19.0,23.8,29.2,-4.8,4.8
3-5 дней,2026-08-09T16:31:44Z,2026-08-13T00:00:00Z,79.5,18.1,23.3,27.7,-5.2,5.2
3-5 дней,2026-08-09T16:31:44Z,2026-08-13T01:00:00Z,80.5,16.9,22.0,26.2,-5.1,5.1
3-5 дней,2026-08-09T16:31:44Z,2026-08-13T02:00:00Z,81.5,15.9,20.5,25.1,-4.6,4.6
3-5 дней,2026-08-09T16:31:44Z,2026-08-13T03:00:00Z,82.5,15.5,19.9,24.0,-4.4,4.4
3-5 дней,2026-08-09T16:31:44Z,2026-08-13T04:00:00Z,83.5,16.1,19.1,23.2,-3.0,3.0
3-5 дней,2026-08-09T16:31:44Z,2026-08-13T05:00:00Z,84.5,17.4,19.0,23.3,-1.6,1.6
3-5 дней,2026-08-09T16:31:44Z,2026-08-13T06:00:00Z,85.5,19.1,20.2,23.6,-1.1,1.1
3-5 дней,2026-08-09T16:31:44Z,2026-08-13T07:00:00Z,86.5,21.4,22.6,24.2,-1.2,1.2
3-5 дней,2026-08-09T16:31:44Z,2026-08-13T08:00:00Z,87.5,24.0,25.6,24.7,-1.6,1.6
3-5 дней,2026-08-09T16:31:44Z,2026-08-13T09:00:00Z,88.5,26.3,27.0,27.9,-0.7,0.7
3-5 дней,2026-08-09T16:31:44Z,2026-08-13T10:00:00Z,89.5,28.1,27.8,29.8,0.3,0.3
3-5 дней,2026-08-09T16:31:44Z,2026-08-13T11:00:00Z,90.5,29.6,28.6,31.5,1.0,1.0
3-5 дней,2026-08-09T16:31:44Z,2026-08-13T12:00:00Z,91.5,30.6,29.4,32.1,1.2,1.2
3-5 дней,2026-08-09T16:31:44Z,2026-08-13T13:00:00Z,92.5,31.1,31.0,33.2,0.1,0.1
3-5 дней,2026-08-09T16:31:44Z,2026-08-13T14:00:00Z,93.5,31.2,30.7,32.9,0.5,0.5
3-5 дней,2026-08-09T16:31:44Z,2026-08-13T15:00:00Z,94.5,30.6,31.2,32.4,-0.6,0.6
3-5 дней,2026-08-09T16:31:44Z,2026-08-13T16:00:00Z,95.5,29.0,30.2,31.3,-1.2,1.2
3-5 дней,2026-08-09T16:31:44Z,2026-08-13T17:00:00Z,96.5,26.7,29.5,30.0,-2.8,2.8
3-5 дней,2026-08-09T16:31:44Z,2026-08-13T18:00:00Z,97.5,24.6,27.7,28.4,-3.1,3.1
3-5 дней,2026-08-09T16:31:44Z,2026-08-13T19:00:00Z,98.5,23.1,26.5,27.0,-3.4,3.4
3-5 дней,2026-08-09T16:31:44Z,2026-08-13T20:00:00Z,99.5,21.7,26.0,26.3,-4.3,4.3
3-5 дней,2026-08-09T16:31:44Z,2026-08-13T21:00:00Z,100.5,20.4,25.0,25.5,-4.6,4.6
3-5 дней,2026-08-09T16:31:44Z,2026-08-13T22:00:00Z,101.5,19.2,24.0,24.8,-4.8,4.8
3-5 дней,2026-08-09T16:31:44Z,2026-08-13T23:00:00Z,102.5,18.1,22.8,23.8,-4.7,4.7
3-5 дней,2026-08-09T16:31:44Z,2026-08-14T00:00:00Z,103.5,17.1,22.0,23.3,-4.9,4.9
3-5 дней,2026-08-09T16:31:44Z,2026-08-14T01:00:00Z,104.5,16.1,20.4,22.0,-4.3,4.3
3-5 дней,2026-08-09T16:31:44Z,2026-08-14T02:00:00Z,105.5,15.3,21.7,20.5,-6.4,6.4
3-5 дней,2026-08-09T16:31:44Z,2026-08-14T03:00:00Z,106.5,15.3,20.9,19.9,-5.6,5.6
3-5 дней,2026-08-09T16:31:44Z,2026-08-14T04:00:00Z,107.5,16.3,20.6,19.1,-4.3,4.3
3-5 дней,2026-08-09T16:31:44Z,2026-08-14T05:00:00Z,108.5,18.1,22.1,19.0,-4.0,4.0
3-5 дней,2026-08-09T16:31:44Z,2026-08-14T06:00:00Z,109.5,20.3,23.4,20.2,-3.1,3.1
3-5 дней,2026-08-09T16:31:44Z,2026-08-14T07:00:00Z,110.5,22.9,25.4,22.6,-2.5,2.5
3-5 дней,2026-08-09T16:31:44Z,2026-08-14T08:00:00Z,111.5,25.8,27.9,25.6,-2.1,2.1
3-5 дней,2026-08-09T16:31:44Z,2026-08-14T09:00:00Z,112.5,28.2,28.7,27.0,-0.5,0.5
3-5 дней,2026-08-09T16:31:44Z,2026-08-14T10:00:00Z,113.5,29.8,29.9,27.8,-0.1,0.1
3-5 дней,2026-08-09T22:39:09Z,2026-08-12T23:00:00Z,72.3,19.0,23.8,29.2,-4.8,4.8
3-5 дней,2026-08-09T22:39:09Z,2026-08-13T00:00:00Z,73.3,18.4,23.3,27.7,-4.9,4.9
3-5 дней,2026-08-09T22:39:09Z,2026-08-13T01:00:00Z,74.3,17.3,22.0,26.2,-4.7,4.7
3-5 дней,2026-08-09T22:39:09Z,2026-08-13T02:00:00Z,75.3,16.3,20.5,25.1,-4.2,4.2
3-5 дней,2026-08-09T22:39:09Z,2026-08-13T03:00:00Z,76.3,15.9,19.9,24.0,-4.0,4.0
3-5 дней,2026-08-09T22:39:09Z,2026-08-13T04:00:00Z,77.3,16.5,19.1,23.2,-2.6,2.6
3-5 дней,2026-08-09T22:39:09Z,2026-08-13T05:00:00Z,78.3,17.7,19.0,23.3,-1.3,1.3
3-5 дней,2026-08-09T22:39:09Z,2026-08-13T06:00:00Z,79.3,19.4,20.2,23.6,-0.8,0.8
3-5 дней,2026-08-09T22:39:09Z,2026-08-13T07:00:00Z,80.3,21.6,22.6,24.2,-1.0,1.0
3-5 дней,2026-08-09T22:39:09Z,2026-08-13T08:00:00Z,81.3,24.2,25.6,24.7,-1.4,1.4
3-5 дней,2026-08-09T22:39:09Z,2026-08-13T09:00:00Z,82.3,26.5,27.0,27.9,-0.5,0.5
3-5 дней,2026-08-09T22:39:09Z,2026-08-13T10:00:00Z,83.3,28.3,27.8,29.8,0.5,0.5
3-5 дней,2026-08-09T22:39:09Z,2026-08-13T11:00:00Z,84.3,29.7,28.6,31.5,1.1,1.1
3-5 дней,2026-08-09T22:39:09Z,2026-08-13T12:00:00Z,85.3,30.7,29.4,32.1,1.3,1.3
3-5 дней,2026-08-09T22:39:09Z,2026-08-13T13:00:00Z,86.3,31.2,31.0,33.2,0.2,0.2
3-5 дней,2026-08-09T22:39:09Z,2026-08-13T14:00:00Z,87.3,31.3,30.7,32.9,0.6,0.6
3-5 дней,2026-08-09T22:39:09Z,2026-08-13T15:00:00Z,88.3,30.7,31.2,32.4,-0.5,0.5
3-5 дней,2026-08-09T22:39:09Z,2026-08-13T16:00:00Z,89.3,29.1,30.2,31.3,-1.1,1.1
3-5 дней,2026-08-09T22:39:09Z,2026-08-13T17:00:00Z,90.3,27.0,29.5,30.0,-2.5,2.5
3-5 дней,2026-08-09T22:39:09Z,2026-08-13T18:00:00Z,91.3,25.0,27.7,28.4,-2.7,2.7
3-5 дней,2026-08-09T22:39:09Z,2026-08-13T19:00:00Z,92.3,23.3,26.5,27.0,-3.2,3.2
3-5 дней,2026-08-09T22:39:09Z,2026-08-13T20:00:00Z,93.3,21.9,26.0,26.3,-4.1,4.1
3-5 дней,2026-08-09T22:39:09Z,2026-08-13T21:00:00Z,94.3,20.6,25.0,25.5,-4.4,4.4
3-5 дней,2026-08-09T22:39:09Z,2026-08-13T22:00:00Z,95.3,19.8,24.0,24.8,-4.2,4.2
3-5 дней,2026-08-09T22:39:09Z,2026-08-13T23:00:00Z,96.3,19.2,22.8,23.8,-3.6,3.6
3-5 дней,2026-08-09T22:39:09Z,2026-08-14T00:00:00Z,97.3,18.5,22.0,23.3,-3.5,3.5
3-5 дней,2026-08-09T22:39:09Z,2026-08-14T01:00:00Z,98.3,17.3,20.4,22.0,-3.1,3.1
3-5 дней,2026-08-09T22:39:09Z,2026-08-14T02:00:00Z,99.3,16.1,21.7,20.5,-5.6,5.6
3-5 дней,2026-08-09T22:39:09Z,2026-08-14T03:00:00Z,100.3,15.6,20.9,19.9,-5.3,5.3
3-5 дней,2026-08-09T22:39:09Z,2026-08-14T04:00:00Z,101.3,16.2,20.6,19.1,-4.4,4.4
3-5 дней,2026-08-09T22:39:09Z,2026-08-14T05:00:00Z,102.3,17.6,22.1,19.0,-4.5,4.5
3-5 дней,2026-08-09T22:39:09Z,2026-08-14T06:00:00Z,103.3,19.5,23.4,20.2,-3.9,3.9
3-5 дней,2026-08-09T22:39:09Z,2026-08-14T07:00:00Z,104.3,22.1,25.4,22.6,-3.3,3.3
3-5 дней,2026-08-09T22:39:09Z,2026-08-14T08:00:00Z,105.3,25.1,27.9,25.6,-2.8,2.8
3-5 дней,2026-08-09T22:39:09Z,2026-08-14T09:00:00Z,106.3,27.6,28.7,27.0,-1.1,1.1
3-5 дней,2026-08-09T22:39:09Z,2026-08-14T10:00:00Z,107.3,29.4,29.9,27.8,-0.5,0.5
3-5 дней,2026-08-10T05:20:42Z,2026-08-13T06:00:00Z,72.7,18.8,20.2,23.6,-1.4,1.4
3-5 дней,2026-08-10T05:20:42Z,2026-08-13T07:00:00Z,73.7,21.1,22.6,24.2,-1.5,1.5
3-5 дней,2026-08-10T05:20:42Z,2026-08-13T08:00:00Z,74.7,23.9,25.6,24.7,-1.7,1.7
3-5 дней,2026-08-10T05:20:42Z,2026-08-13T09:00:00Z,75.7,26.3,27.0,27.9,-0.7,0.7
3-5 дней,2026-08-10T05:20:42Z,2026-08-13T10:00:00Z,76.7,28.1,27.8,29.8,0.3,0.3
3-5 дней,2026-08-10T05:20:42Z,2026-08-13T11:00:00Z,77.7,29.6,28.6,31.5,1.0,1.0
3-5 дней,2026-08-10T05:20:42Z,2026-08-13T12:00:00Z,78.7,30.6,29.4,32.1,1.2,1.2
3-5 дней,2026-08-10T05:20:42Z,2026-08-13T13:00:00Z,79.7,31.1,31.0,33.2,0.1,0.1
3-5 дней,2026-08-10T05:20:42Z,2026-08-13T14:00:00Z,80.7,31.2,30.7,32.9,0.5,0.5
3-5 дней,2026-08-10T05:20:42Z,2026-08-13T15:00:00Z,81.7,30.6,31.2,32.4,-0.6,0.6
3-5 дней,2026-08-10T05:20:42Z,2026-08-13T16:00:00Z,82.7,29.0,30.2,31.3,-1.2,1.2
3-5 дней,2026-08-10T05:20:42Z,2026-08-13T17:00:00Z,83.7,26.8,29.5,30.0,-2.7,2.7
3-5 дней,2026-08-10T05:20:42Z,2026-08-13T18:00:00Z,84.7,24.7,27.7,28.4,-3.0,3.0
3-5 дней,2026-08-10T05:20:42Z,2026-08-13T19:00:00Z,85.7,23.2,26.5,27.0,-3.3,3.3
3-5 дней,2026-08-10T05:20:42Z,2026-08-13T20:00:00Z,86.7,21.8,26.0,26.3,-4.2,4.2
3-5 дней,2026-08-10T05:20:42Z,2026-08-13T21:00:00Z,87.7,20.5,25.0,25.5,-4.5,4.5
3-5 дней,2026-08-10T05:20:42Z,2026-08-13T22:00:00Z,88.7,19.2,24.0,24.8,-4.8,4.8
3-5 дней,2026-08-10T05:20:42Z,2026-08-13T23:00:00Z,89.7,18.0,22.8,23.8,-4.8,4.8
3-5 дней,2026-08-10T05:20:42Z,2026-08-14T00:00:00Z,90.7,17.0,22.0,23.3,-5.0,5.0
3-5 дней,2026-08-10T05:20:42Z,2026-08-14T01:00:00Z,91.7,16.0,20.4,22.0,-4.4,4.4
3-5 дней,2026-08-10T05:20:42Z,2026-08-14T02:00:00Z,92.7,15.2,21.7,20.5,-6.5,6.5
3-5 дней,2026-08-10T05:20:42Z,2026-08-14T03:00:00Z,93.7,15.3,20.9,19.9,-5.6,5.6
3-5 дней,2026-08-10T05:20:42Z,2026-08-14T04:00:00Z,94.7,16.7,20.6,19.1,-3.9,3.9
3-5 дней,2026-08-10T05:20:42Z,2026-08-14T05:00:00Z,95.7,19.0,22.1,19.0,-3.1,3.1
3-5 дней,2026-08-10T05:20:42Z,2026-08-14T06:00:00Z,96.7,21.5,23.4,20.2,-1.9,1.9
3-5 дней,2026-08-10T05:20:42Z,2026-08-14T07:00:00Z,97.7,24.2,25.4,22.6,-1.2,1.2
3-5 дней,2026-08-10T05:20:42Z,2026-08-14T08:00:00Z,98.7,27.1,27.9,25.6,-0.8,0.8
3-5 дней,2026-08-10T05:20:42Z,2026-08-14T09:00:00Z,99.7,29.4,28.7,27.0,0.7,0.7
3-5 дней,2026-08-10T05:20:42Z,2026-08-14T10:00:00Z,100.7,30.9,29.9,27.8,1.0,1.0
3-5 дней,2026-08-10T10:53:28Z,2026-08-13T11:00:00Z,72.1,29.3,28.6,31.5,0.7,0.7
3-5 дней,2026-08-10T10:53:28Z,2026-08-13T12:00:00Z,73.1,30.1,29.4,32.1,0.7,0.7
3-5 дней,2026-08-10T10:53:28Z,2026-08-13T13:00:00Z,74.1,30.7,31.0,33.2,-0.3,0.3
3-5 дней,2026-08-10T10:53:28Z,2026-08-13T14:00:00Z,75.1,30.9,30.7,32.9,0.2,0.2
3-5 дней,2026-08-10T10:53:28Z,2026-08-13T15:00:00Z,76.1,30.3,31.2,32.4,-0.9,0.9
3-5 дней,2026-08-10T10:53:28Z,2026-08-13T16:00:00Z,77.1,28.7,30.2,31.3,-1.5,1.5
3-5 дней,2026-08-10T10:53:28Z,2026-08-13T17:00:00Z,78.1,26.4,29.5,30.0,-3.1,3.1
3-5 дней,2026-08-10T10:53:28Z,2026-08-13T18:00:00Z,79.1,24.2,27.7,28.4,-3.5,3.5
3-5 дней,2026-08-10T10:53:28Z,2026-08-13T19:00:00Z,80.1,22.3,26.5,27.0,-4.2,4.2
3-5 дней,2026-08-10T10:53:28Z,2026-08-13T20:00:00Z,81.1,20.5,26.0,26.3,-5.5,5.5
3-5 дней,2026-08-10T10:53:28Z,2026-08-13T21:00:00Z,82.1,19.0,25.0,25.5,-6.0,6.0
3-5 дней,2026-08-10T10:53:28Z,2026-08-13T22:00:00Z,83.1,18.1,24.0,24.8,-5.9,5.9
3-5 дней,2026-08-10T10:53:28Z,2026-08-13T23:00:00Z,84.1,17.5,22.8,23.8,-5.3,5.3
3-5 дней,2026-08-10T10:53:28Z,2026-08-14T00:00:00Z,85.1,17.0,22.0,23.3,-5.0,5.0
3-5 дней,2026-08-10T10:53:28Z,2026-08-14T01:00:00Z,86.1,16.4,20.4,22.0,-4.0,4.0
3-5 дней,2026-08-10T10:53:28Z,2026-08-14T02:00:00Z,87.1,15.9,21.7,20.5,-5.8,5.8
3-5 дней,2026-08-10T10:53:28Z,2026-08-14T03:00:00Z,88.1,16.2,20.9,19.9,-4.7,4.7
3-5 дней,2026-08-10T10:53:28Z,2026-08-14T04:00:00Z,89.1,17.8,20.6,19.1,-2.8,2.8
3-5 дней,2026-08-10T10:53:28Z,2026-08-14T05:00:00Z,90.1,20.3,22.1,19.0,-1.8,1.8
3-5 дней,2026-08-10T10:53:28Z,2026-08-14T06:00:00Z,91.1,22.7,23.4,20.2,-0.7,0.7
3-5 дней,2026-08-10T10:53:28Z,2026-08-14T07:00:00Z,92.1,24.8,25.4,22.6,-0.6,0.6
3-5 дней,2026-08-10T10:53:28Z,2026-08-14T08:00:00Z,93.1,26.9,27.9,25.6,-1.0,1.0
3-5 дней,2026-08-10T10:53:28Z,2026-08-14T09:00:00Z,94.1,28.7,28.7,27.0,0.0,0.0
3-5 дней,2026-08-10T10:53:28Z,2026-08-14T10:00:00Z,95.1,30.1,29.9,27.8,0.2,0.2
3-5 дней,2026-08-10T16:52:05Z,2026-08-13T17:00:00Z,72.1,28.1,29.5,30.0,-1.4,1.4
3-5 дней,2026-08-10T16:52:05Z,2026-08-13T18:00:00Z,73.1,24.1,27.7,28.4,-3.6,3.6
3-5 дней,2026-08-10T16:52:05Z,2026-08-13T19:00:00Z,74.1,22.5,26.5,27.0,-4.0,4.0
3-5 дней,2026-08-10T16:52:05Z,2026-08-13T20:00:00Z,75.1,21.2,26.0,26.3,-4.8,4.8
3-5 дней,2026-08-10T16:52:05Z,2026-08-13T21:00:00Z,76.1,20.0,25.0,25.5,-5.0,5.0
3-5 дней,2026-08-10T16:52:05Z,2026-08-13T22:00:00Z,77.1,18.9,24.0,24.8,-5.1,5.1
3-5 дней,2026-08-10T16:52:05Z,2026-08-13T23:00:00Z,78.1,17.9,22.8,23.8,-4.9,4.9
3-5 дней,2026-08-10T16:52:05Z,2026-08-14T00:00:00Z,79.1,17.0,22.0,23.3,-5.0,5.0
3-5 дней,2026-08-10T16:52:05Z,2026-08-14T01:00:00Z,80.1,16.0,20.4,22.0,-4.4,4.4
3-5 дней,2026-08-10T16:52:05Z,2026-08-14T02:00:00Z,81.1,15.1,21.7,20.5,-6.6,6.6
3-5 дней,2026-08-10T16:52:05Z,2026-08-14T03:00:00Z,82.1,15.1,20.9,19.9,-5.8,5.8
3-5 дней,2026-08-10T16:52:05Z,2026-08-14T04:00:00Z,83.1,16.4,20.6,19.1,-4.2,4.2
3-5 дней,2026-08-10T16:52:05Z,2026-08-14T05:00:00Z,84.1,18.6,22.1,19.0,-3.5,3.5
3-5 дней,2026-08-10T16:52:05Z,2026-08-14T06:00:00Z,85.1,21.0,23.4,20.2,-2.4,2.4
3-5 дней,2026-08-10T16:52:05Z,2026-08-14T07:00:00Z,86.1,23.5,25.4,22.6,-1.9,1.9
3-5 дней,2026-08-10T16:52:05Z,2026-08-14T08:00:00Z,87.1,26.3,27.9,25.6,-1.6,1.6
3-5 дней,2026-08-10T16:52:05Z,2026-08-14T09:00:00Z,88.1,28.5,28.7,27.0,-0.2,0.2
3-5 дней,2026-08-10T16:52:05Z,2026-08-14T10:00:00Z,89.1,30.0,29.9,27.8,0.1,0.1
3-5 дней,2026-08-10T22:47:13Z,2026-08-13T23:00:00Z,72.2,18.1,22.8,23.8,-4.7,4.7
3-5 дней,2026-08-10T22:47:13Z,2026-08-14T00:00:00Z,73.2,17.3,22.0,23.3,-4.7,4.7
3-5 дней,2026-08-10T22:47:13Z,2026-08-14T01:00:00Z,74.2,16.8,20.4,22.0,-3.6,3.6
3-5 дней,2026-08-10T22:47:13Z,2026-08-14T02:00:00Z,75.2,16.7,21.7,20.5,-5.0,5.0
3-5 дней,2026-08-10T22:47:13Z,2026-08-14T03:00:00Z,76.2,17.2,20.9,19.9,-3.7,3.7
3-5 дней,2026-08-10T22:47:13Z,2026-08-14T04:00:00Z,77.2,18.6,20.6,19.1,-2.0,2.0
3-5 дней,2026-08-10T22:47:13Z,2026-08-14T05:00:00Z,78.2,20.8,22.1,19.0,-1.3,1.3
3-5 дней,2026-08-10T22:47:13Z,2026-08-14T06:00:00Z,79.2,22.9,23.4,20.2,-0.5,0.5
3-5 дней,2026-08-10T22:47:13Z,2026-08-14T07:00:00Z,80.2,24.9,25.4,22.6,-0.5,0.5
3-5 дней,2026-08-10T22:47:13Z,2026-08-14T08:00:00Z,81.2,26.8,27.9,25.6,-1.1,1.1
3-5 дней,2026-08-10T22:47:13Z,2026-08-14T09:00:00Z,82.2,28.5,28.7,27.0,-0.2,0.2
3-5 дней,2026-08-10T22:47:13Z,2026-08-14T10:00:00Z,83.2,29.9,29.9,27.8,0.0,0.0
3-5 дней,2026-08-11T05:01:49Z,2026-08-14T06:00:00Z,73.0,22.9,23.4,20.2,-0.5,0.5
3-5 дней,2026-08-11T05:01:49Z,2026-08-14T07:00:00Z,74.0,24.9,25.4,22.6,-0.5,0.5
3-5 дней,2026-08-11T05:01:49Z,2026-08-14T08:00:00Z,75.0,26.8,27.9,25.6,-1.1,1.1
3-5 дней,2026-08-11T05:01:49Z,2026-08-14T09:00:00Z,76.0,28.4,28.7,27.0,-0.3,0.3
3-5 дней,2026-08-11T05:01:49Z,2026-08-14T10:00:00Z,77.0,29.8,29.9,27.8,-0.1,0.1
5-10 дней,2026-08-06T09:50:07Z,2026-08-11T10:00:00Z,120.2,38.0,34.7,32.7,3.3,3.3
5-10 дней,2026-08-06T09:50:07Z,2026-08-11T11:00:00Z,121.2,38.8,35.7,33.2,3.1,3.1
5-10 дней,2026-08-06T09:50:07Z,2026-08-11T12:00:00Z,122.2,39.2,36.7,34.1,2.5,2.5
5-10 дней,2026-08-06T09:50:07Z,2026-08-11T13:00:00Z,123.2,39.5,37.1,34.1,2.4,2.4
5-10 дней,2026-08-06T09:50:07Z,2026-08-11T14:00:00Z,124.2,39.5,37.7,34.6,1.8,1.8
5-10 дней,2026-08-06T09:50:07Z,2026-08-11T15:00:00Z,125.2,38.8,37.3,34.7,1.5,1.5
5-10 дней,2026-08-06T09:50:07Z,2026-08-11T16:00:00Z,126.2,36.9,36.2,34.0,0.7,0.7
5-10 дней,2026-08-06T09:50:07Z,2026-08-11T17:00:00Z,127.2,34.4,34.9,32.8,-0.5,0.5
5-10 дней,2026-08-06T09:50:07Z,2026-08-11T18:00:00Z,128.2,32.0,33.0,31.8,-1.0,1.0
5-10 дней,2026-08-06T09:50:07Z,2026-08-11T19:00:00Z,129.2,29.9,31.2,29.7,-1.3,1.3
5-10 дней,2026-08-06T09:50:07Z,2026-08-11T20:00:00Z,130.2,27.9,29.6,29.3,-1.7,1.7
5-10 дней,2026-08-06T09:50:07Z,2026-08-11T21:00:00Z,131.2,26.2,28.3,27.1,-2.1,2.1
5-10 дней,2026-08-06T09:50:07Z,2026-08-11T22:00:00Z,132.2,24.7,29.1,26.6,-4.4,4.4
5-10 дней,2026-08-06T09:50:07Z,2026-08-11T23:00:00Z,133.2,23.4,29.2,26.2,-5.8,5.8
5-10 дней,2026-08-06T09:50:07Z,2026-08-12T00:00:00Z,134.2,22.3,27.7,25.5,-5.4,5.4
5-10 дней,2026-08-06T09:50:07Z,2026-08-12T01:00:00Z,135.2,21.1,26.2,23.9,-5.1,5.1
5-10 дней,2026-08-06T09:50:07Z,2026-08-12T02:00:00Z,136.2,20.1,25.1,23.2,-5.0,5.0
5-10 дней,2026-08-06T09:50:07Z,2026-08-12T03:00:00Z,137.2,19.9,24.0,22.4,-4.1,4.1
5-10 дней,2026-08-06T09:50:07Z,2026-08-12T04:00:00Z,138.2,21.1,23.2,22.2,-2.1,2.1
5-10 дней,2026-08-06T09:50:07Z,2026-08-12T05:00:00Z,139.2,23.3,23.3,24.5,0.0,0.0
5-10 дней,2026-08-06T09:50:07Z,2026-08-12T06:00:00Z,140.2,25.7,23.6,26.8,2.1,2.1
5-10 дней,2026-08-06T09:50:07Z,2026-08-12T07:00:00Z,141.2,28.3,24.2,29.0,4.1,4.1
5-10 дней,2026-08-06T09:50:07Z,2026-08-12T08:00:00Z,142.2,31.3,24.7,30.6,6.6,6.6
5-10 дней,2026-08-06T09:50:07Z,2026-08-12T09:00:00Z,143.2,33.8,27.9,32.0,5.9,5.9
5-10 дней,2026-08-06T09:50:07Z,2026-08-12T10:00:00Z,144.2,35.8,29.8,34.7,6.0,6.0
5-10 дней,2026-08-06T09:50:07Z,2026-08-12T11:00:00Z,145.2,37.4,31.5,35.7,5.9,5.9
5-10 дней,2026-08-06T09:50:07Z,2026-08-12T12:00:00Z,146.2,38.5,32.1,36.7,6.4,6.4
5-10 дней,2026-08-06T09:50:07Z,2026-08-12T13:00:00Z,147.2,38.9,33.2,37.1,5.7,5.7
5-10 дней,2026-08-06T09:50:07Z,2026-08-12T14:00:00Z,148.2,38.8,32.9,37.7,5.9,5.9
5-10 дней,2026-08-06T09:50:07Z,2026-08-12T15:00:00Z,149.2,38.1,32.4,37.3,5.7,5.7
5-10 дней,2026-08-06T09:50:07Z,2026-08-12T16:00:00Z,150.2,36.4,31.3,36.2,5.1,5.1
5-10 дней,2026-08-06T09:50:07Z,2026-08-12T17:00:00Z,151.2,34.0,30.0,34.9,4.0,4.0
5-10 дней,2026-08-06T09:50:07Z,2026-08-12T18:00:00Z,152.2,31.7,28.4,33.0,3.3,3.3
5-10 дней,2026-08-06T09:50:07Z,2026-08-12T19:00:00Z,153.2,29.6,27.0,31.2,2.6,2.6
5-10 дней,2026-08-06T09:50:07Z,2026-08-12T20:00:00Z,154.2,27.6,26.3,29.6,1.3,1.3
5-10 дней,2026-08-06T09:50:07Z,2026-08-12T21:00:00Z,155.2,25.8,25.5,28.3,0.3,0.3
5-10 дней,2026-08-06T09:50:07Z,2026-08-12T22:00:00Z,156.2,24.3,24.8,29.1,-0.5,0.5
5-10 дней,2026-08-06T09:50:07Z,2026-08-12T23:00:00Z,157.2,22.9,23.8,29.2,-0.9,0.9
5-10 дней,2026-08-06T09:50:07Z,2026-08-13T00:00:00Z,158.2,21.8,23.3,27.7,-1.5,1.5
5-10 дней,2026-08-06T09:50:07Z,2026-08-13T01:00:00Z,159.2,20.9,22.0,26.2,-1.1,1.1
5-10 дней,2026-08-06T09:50:07Z,2026-08-13T02:00:00Z,160.2,20.3,20.5,25.1,-0.2,0.2
5-10 дней,2026-08-06T09:50:07Z,2026-08-13T03:00:00Z,161.2,20.2,19.9,24.0,0.3,0.3
5-10 дней,2026-08-06T09:50:07Z,2026-08-13T04:00:00Z,162.2,20.9,19.1,23.2,1.8,1.8
5-10 дней,2026-08-06T09:50:07Z,2026-08-13T05:00:00Z,163.2,22.2,19.0,23.3,3.2,3.2
5-10 дней,2026-08-06T09:50:07Z,2026-08-13T06:00:00Z,164.2,24.0,20.2,23.6,3.8,3.8
5-10 дней,2026-08-06T09:50:07Z,2026-08-13T07:00:00Z,165.2,26.8,22.6,24.2,4.2,4.2
5-10 дней,2026-08-06T09:50:07Z,2026-08-13T08:00:00Z,166.2,30.3,25.6,24.7,4.7,4.7
5-10 дней,2026-08-06T09:50:07Z,2026-08-13T09:00:00Z,167.2,33.1,27.0,27.9,6.1,6.1
5-10 дней,2026-08-06T09:50:07Z,2026-08-13T10:00:00Z,168.2,35.1,27.8,29.8,7.3,7.3
5-10 дней,2026-08-06T09:50:07Z,2026-08-13T11:00:00Z,169.2,36.5,28.6,31.5,7.9,7.9
5-10 дней,2026-08-06T09:50:07Z,2026-08-13T12:00:00Z,170.2,37.4,29.4,32.1,8.0,8.0
5-10 дней,2026-08-06T09:59:18Z,2026-08-11T10:00:00Z,120.0,38.0,34.7,32.7,3.3,3.3
5-10 дней,2026-08-06T09:59:18Z,2026-08-11T11:00:00Z,121.0,38.8,35.7,33.2,3.1,3.1
5-10 дней,2026-08-06T09:59:18Z,2026-08-11T12:00:00Z,122.0,39.2,36.7,34.1,2.5,2.5
5-10 дней,2026-08-06T09:59:18Z,2026-08-11T13:00:00Z,123.0,39.5,37.1,34.1,2.4,2.4
5-10 дней,2026-08-06T09:59:18Z,2026-08-11T14:00:00Z,124.0,39.5,37.7,34.6,1.8,1.8
5-10 дней,2026-08-06T09:59:18Z,2026-08-11T15:00:00Z,125.0,38.8,37.3,34.7,1.5,1.5
5-10 дней,2026-08-06T09:59:18Z,2026-08-11T16:00:00Z,126.0,36.9,36.2,34.0,0.7,0.7
5-10 дней,2026-08-06T09:59:18Z,2026-08-11T17:00:00Z,127.0,34.4,34.9,32.8,-0.5,0.5
5-10 дней,2026-08-06T09:59:18Z,2026-08-11T18:00:00Z,128.0,32.0,33.0,31.8,-1.0,1.0
5-10 дней,2026-08-06T09:59:18Z,2026-08-11T19:00:00Z,129.0,29.9,31.2,29.7,-1.3,1.3
5-10 дней,2026-08-06T09:59:18Z,2026-08-11T20:00:00Z,130.0,27.9,29.6,29.3,-1.7,1.7
5-10 дней,2026-08-06T09:59:18Z,2026-08-11T21:00:00Z,131.0,26.2,28.3,27.1,-2.1,2.1
5-10 дней,2026-08-06T09:59:18Z,2026-08-11T22:00:00Z,132.0,24.7,29.1,26.6,-4.4,4.4
5-10 дней,2026-08-06T09:59:18Z,2026-08-11T23:00:00Z,133.0,23.4,29.2,26.2,-5.8,5.8
5-10 дней,2026-08-06T09:59:18Z,2026-08-12T00:00:00Z,134.0,22.3,27.7,25.5,-5.4,5.4
5-10 дней,2026-08-06T09:59:18Z,2026-08-12T01:00:00Z,135.0,21.1,26.2,23.9,-5.1,5.1
5-10 дней,2026-08-06T09:59:18Z,2026-08-12T02:00:00Z,136.0,20.1,25.1,23.2,-5.0,5.0
5-10 дней,2026-08-06T09:59:18Z,2026-08-12T03:00:00Z,137.0,19.9,24.0,22.4,-4.1,4.1
5-10 дней,2026-08-06T09:59:18Z,2026-08-12T04:00:00Z,138.0,21.1,23.2,22.2,-2.1,2.1
5-10 дней,2026-08-06T09:59:18Z,2026-08-12T05:00:00Z,139.0,23.3,23.3,24.5,0.0,0.0
5-10 дней,2026-08-06T09:59:18Z,2026-08-12T06:00:00Z,140.0,25.7,23.6,26.8,2.1,2.1
5-10 дней,2026-08-06T09:59:18Z,2026-08-12T07:00:00Z,141.0,28.3,24.2,29.0,4.1,4.1
5-10 дней,2026-08-06T09:59:18Z,2026-08-12T08:00:00Z,142.0,31.3,24.7,30.6,6.6,6.6
5-10 дней,2026-08-06T09:59:18Z,2026-08-12T09:00:00Z,143.0,33.8,27.9,32.0,5.9,5.9
5-10 дней,2026-08-06T09:59:18Z,2026-08-12T10:00:00Z,144.0,35.8,29.8,34.7,6.0,6.0
5-10 дней,2026-08-06T09:59:18Z,2026-08-12T11:00:00Z,145.0,37.4,31.5,35.7,5.9,5.9
5-10 дней,2026-08-06T09:59:18Z,2026-08-12T12:00:00Z,146.0,38.5,32.1,36.7,6.4,6.4
5-10 дней,2026-08-06T09:59:18Z,2026-08-12T13:00:00Z,147.0,38.9,33.2,37.1,5.7,5.7
5-10 дней,2026-08-06T09:59:18Z,2026-08-12T14:00:00Z,148.0,38.8,32.9,37.7,5.9,5.9
5-10 дней,2026-08-06T09:59:18Z,2026-08-12T15:00:00Z,149.0,38.1,32.4,37.3,5.7,5.7
5-10 дней,2026-08-06T09:59:18Z,2026-08-12T16:00:00Z,150.0,36.4,31.3,36.2,5.1,5.1
5-10 дней,2026-08-06T09:59:18Z,2026-08-12T17:00:00Z,151.0,34.0,30.0,34.9,4.0,4.0
5-10 дней,2026-08-06T09:59:18Z,2026-08-12T18:00:00Z,152.0,31.7,28.4,33.0,3.3,3.3
5-10 дней,2026-08-06T09:59:18Z,2026-08-12T19:00:00Z,153.0,29.6,27.0,31.2,2.6,2.6
5-10 дней,2026-08-06T09:59:18Z,2026-08-12T20:00:00Z,154.0,27.6,26.3,29.6,1.3,1.3
5-10 дней,2026-08-06T09:59:18Z,2026-08-12T21:00:00Z,155.0,25.8,25.5,28.3,0.3,0.3
5-10 дней,2026-08-06T09:59:18Z,2026-08-12T22:00:00Z,156.0,24.3,24.8,29.1,-0.5,0.5
5-10 дней,2026-08-06T09:59:18Z,2026-08-12T23:00:00Z,157.0,22.9,23.8,29.2,-0.9,0.9
5-10 дней,2026-08-06T09:59:18Z,2026-08-13T00:00:00Z,158.0,21.8,23.3,27.7,-1.5,1.5
5-10 дней,2026-08-06T09:59:18Z,2026-08-13T01:00:00Z,159.0,20.9,22.0,26.2,-1.1,1.1
5-10 дней,2026-08-06T09:59:18Z,2026-08-13T02:00:00Z,160.0,20.3,20.5,25.1,-0.2,0.2
5-10 дней,2026-08-06T09:59:18Z,2026-08-13T03:00:00Z,161.0,20.2,19.9,24.0,0.3,0.3
5-10 дней,2026-08-06T09:59:18Z,2026-08-13T04:00:00Z,162.0,20.9,19.1,23.2,1.8,1.8
5-10 дней,2026-08-06T09:59:18Z,2026-08-13T05:00:00Z,163.0,22.2,19.0,23.3,3.2,3.2
5-10 дней,2026-08-06T09:59:18Z,2026-08-13T06:00:00Z,164.0,24.0,20.2,23.6,3.8,3.8
5-10 дней,2026-08-06T09:59:18Z,2026-08-13T07:00:00Z,165.0,26.8,22.6,24.2,4.2,4.2
5-10 дней,2026-08-06T09:59:18Z,2026-08-13T08:00:00Z,166.0,30.3,25.6,24.7,4.7,4.7
5-10 дней,2026-08-06T09:59:18Z,2026-08-13T09:00:00Z,167.0,33.1,27.0,27.9,6.1,6.1
5-10 дней,2026-08-06T09:59:18Z,2026-08-13T10:00:00Z,168.0,35.1,27.8,29.8,7.3,7.3
5-10 дней,2026-08-06T09:59:18Z,2026-08-13T11:00:00Z,169.0,36.5,28.6,31.5,7.9,7.9
5-10 дней,2026-08-06T09:59:18Z,2026-08-13T12:00:00Z,170.0,37.4,29.4,32.1,8.0,8.0
5-10 дней,2026-08-06T10:08:26Z,2026-08-11T11:00:00Z,120.9,38.8,35.7,33.2,3.1,3.1
5-10 дней,2026-08-06T10:08:26Z,2026-08-11T12:00:00Z,121.9,39.2,36.7,34.1,2.5,2.5
5-10 дней,2026-08-06T10:08:26Z,2026-08-11T13:00:00Z,122.9,39.5,37.1,34.1,2.4,2.4
5-10 дней,2026-08-06T10:08:26Z,2026-08-11T14:00:00Z,123.9,39.5,37.7,34.6,1.8,1.8
5-10 дней,2026-08-06T10:08:26Z,2026-08-11T15:00:00Z,124.9,38.8,37.3,34.7,1.5,1.5
5-10 дней,2026-08-06T10:08:26Z,2026-08-11T16:00:00Z,125.9,36.9,36.2,34.0,0.7,0.7
5-10 дней,2026-08-06T10:08:26Z,2026-08-11T17:00:00Z,126.9,34.4,34.9,32.8,-0.5,0.5
5-10 дней,2026-08-06T10:08:26Z,2026-08-11T18:00:00Z,127.9,32.0,33.0,31.8,-1.0,1.0
5-10 дней,2026-08-06T10:08:26Z,2026-08-11T19:00:00Z,128.9,29.9,31.2,29.7,-1.3,1.3
5-10 дней,2026-08-06T10:08:26Z,2026-08-11T20:00:00Z,129.9,27.9,29.6,29.3,-1.7,1.7
5-10 дней,2026-08-06T10:08:26Z,2026-08-11T21:00:00Z,130.9,26.2,28.3,27.1,-2.1,2.1
5-10 дней,2026-08-06T10:08:26Z,2026-08-11T22:00:00Z,131.9,24.7,29.1,26.6,-4.4,4.4
5-10 дней,2026-08-06T10:08:26Z,2026-08-11T23:00:00Z,132.9,23.4,29.2,26.2,-5.8,5.8
5-10 дней,2026-08-06T10:08:26Z,2026-08-12T00:00:00Z,133.9,22.3,27.7,25.5,-5.4,5.4
5-10 дней,2026-08-06T10:08:26Z,2026-08-12T01:00:00Z,134.9,21.1,26.2,23.9,-5.1,5.1
5-10 дней,2026-08-06T10:08:26Z,2026-08-12T02:00:00Z,135.9,20.1,25.1,23.2,-5.0,5.0
5-10 дней,2026-08-06T10:08:26Z,2026-08-12T03:00:00Z,136.9,19.9,24.0,22.4,-4.1,4.1
5-10 дней,2026-08-06T10:08:26Z,2026-08-12T04:00:00Z,137.9,21.1,23.2,22.2,-2.1,2.1
5-10 дней,2026-08-06T10:08:26Z,2026-08-12T05:00:00Z,138.9,23.3,23.3,24.5,0.0,0.0
5-10 дней,2026-08-06T10:08:26Z,2026-08-12T06:00:00Z,139.9,25.7,23.6,26.8,2.1,2.1
5-10 дней,2026-08-06T10:08:26Z,2026-08-12T07:00:00Z,140.9,28.3,24.2,29.0,4.1,4.1
5-10 дней,2026-08-06T10:08:26Z,2026-08-12T08:00:00Z,141.9,31.3,24.7,30.6,6.6,6.6
5-10 дней,2026-08-06T10:08:26Z,2026-08-12T09:00:00Z,142.9,33.8,27.9,32.0,5.9,5.9
5-10 дней,2026-08-06T10:08:26Z,2026-08-12T10:00:00Z,143.9,35.8,29.8,34.7,6.0,6.0
5-10 дней,2026-08-06T10:08:26Z,2026-08-12T11:00:00Z,144.9,37.4,31.5,35.7,5.9,5.9
5-10 дней,2026-08-06T10:08:26Z,2026-08-12T12:00:00Z,145.9,38.5,32.1,36.7,6.4,6.4
5-10 дней,2026-08-06T10:08:26Z,2026-08-12T13:00:00Z,146.9,38.9,33.2,37.1,5.7,5.7
5-10 дней,2026-08-06T10:08:26Z,2026-08-12T14:00:00Z,147.9,38.8,32.9,37.7,5.9,5.9
5-10 дней,2026-08-06T10:08:26Z,2026-08-12T15:00:00Z,148.9,38.1,32.4,37.3,5.7,5.7
5-10 дней,2026-08-06T10:08:26Z,2026-08-12T16:00:00Z,149.9,36.4,31.3,36.2,5.1,5.1
5-10 дней,2026-08-06T10:08:26Z,2026-08-12T17:00:00Z,150.9,34.0,30.0,34.9,4.0,4.0
5-10 дней,2026-08-06T10:08:26Z,2026-08-12T18:00:00Z,151.9,31.7,28.4,33.0,3.3,3.3
5-10 дней,2026-08-06T10:08:26Z,2026-08-12T19:00:00Z,152.9,29.6,27.0,31.2,2.6,2.6
5-10 дней,2026-08-06T10:08:26Z,2026-08-12T20:00:00Z,153.9,27.6,26.3,29.6,1.3,1.3
5-10 дней,2026-08-06T10:08:26Z,2026-08-12T21:00:00Z,154.9,25.8,25.5,28.3,0.3,0.3
5-10 дней,2026-08-06T10:08:26Z,2026-08-12T22:00:00Z,155.9,24.3,24.8,29.1,-0.5,0.5
5-10 дней,2026-08-06T10:08:26Z,2026-08-12T23:00:00Z,156.9,22.9,23.8,29.2,-0.9,0.9
5-10 дней,2026-08-06T10:08:26Z,2026-08-13T00:00:00Z,157.9,21.8,23.3,27.7,-1.5,1.5
5-10 дней,2026-08-06T10:08:26Z,2026-08-13T01:00:00Z,158.9,20.9,22.0,26.2,-1.1,1.1
5-10 дней,2026-08-06T10:08:26Z,2026-08-13T02:00:00Z,159.9,20.3,20.5,25.1,-0.2,0.2
5-10 дней,2026-08-06T10:08:26Z,2026-08-13T03:00:00Z,160.9,20.2,19.9,24.0,0.3,0.3
5-10 дней,2026-08-06T10:08:26Z,2026-08-13T04:00:00Z,161.9,20.9,19.1,23.2,1.8,1.8
5-10 дней,2026-08-06T10:08:26Z,2026-08-13T05:00:00Z,162.9,22.2,19.0,23.3,3.2,3.2
5-10 дней,2026-08-06T10:08:26Z,2026-08-13T06:00:00Z,163.9,24.0,20.2,23.6,3.8,3.8
5-10 дней,2026-08-06T10:08:26Z,2026-08-13T07:00:00Z,164.9,26.8,22.6,24.2,4.2,4.2
5-10 дней,2026-08-06T10:08:26Z,2026-08-13T08:00:00Z,165.9,30.3,25.6,24.7,4.7,4.7
5-10 дней,2026-08-06T10:08:26Z,2026-08-13T09:00:00Z,166.9,33.1,27.0,27.9,6.1,6.1
5-10 дней,2026-08-06T10:08:26Z,2026-08-13T10:00:00Z,167.9,35.1,27.8,29.8,7.3,7.3
5-10 дней,2026-08-06T10:08:26Z,2026-08-13T11:00:00Z,168.9,36.5,28.6,31.5,7.9,7.9
5-10 дней,2026-08-06T10:08:26Z,2026-08-13T12:00:00Z,169.9,37.4,29.4,32.1,8.0,8.0
5-10 дней,2026-08-06T10:47:54Z,2026-08-11T11:00:00Z,120.2,38.8,35.7,33.2,3.1,3.1
5-10 дней,2026-08-06T10:47:54Z,2026-08-11T12:00:00Z,121.2,39.2,36.7,34.1,2.5,2.5
5-10 дней,2026-08-06T10:47:54Z,2026-08-11T13:00:00Z,122.2,39.5,37.1,34.1,2.4,2.4
5-10 дней,2026-08-06T10:47:54Z,2026-08-11T14:00:00Z,123.2,39.5,37.7,34.6,1.8,1.8
5-10 дней,2026-08-06T10:47:54Z,2026-08-11T15:00:00Z,124.2,38.8,37.3,34.7,1.5,1.5
5-10 дней,2026-08-06T10:47:54Z,2026-08-11T16:00:00Z,125.2,36.9,36.2,34.0,0.7,0.7
5-10 дней,2026-08-06T10:47:54Z,2026-08-11T17:00:00Z,126.2,34.4,34.9,32.8,-0.5,0.5
5-10 дней,2026-08-06T10:47:54Z,2026-08-11T18:00:00Z,127.2,32.0,33.0,31.8,-1.0,1.0
5-10 дней,2026-08-06T10:47:54Z,2026-08-11T19:00:00Z,128.2,29.9,31.2,29.7,-1.3,1.3
5-10 дней,2026-08-06T10:47:54Z,2026-08-11T20:00:00Z,129.2,27.9,29.6,29.3,-1.7,1.7
5-10 дней,2026-08-06T10:47:54Z,2026-08-11T21:00:00Z,130.2,26.2,28.3,27.1,-2.1,2.1
5-10 дней,2026-08-06T10:47:54Z,2026-08-11T22:00:00Z,131.2,24.7,29.1,26.6,-4.4,4.4
5-10 дней,2026-08-06T10:47:54Z,2026-08-11T23:00:00Z,132.2,23.4,29.2,26.2,-5.8,5.8
5-10 дней,2026-08-06T10:47:54Z,2026-08-12T00:00:00Z,133.2,22.3,27.7,25.5,-5.4,5.4
5-10 дней,2026-08-06T10:47:54Z,2026-08-12T01:00:00Z,134.2,21.1,26.2,23.9,-5.1,5.1
5-10 дней,2026-08-06T10:47:54Z,2026-08-12T02:00:00Z,135.2,20.1,25.1,23.2,-5.0,5.0
5-10 дней,2026-08-06T10:47:54Z,2026-08-12T03:00:00Z,136.2,19.9,24.0,22.4,-4.1,4.1
5-10 дней,2026-08-06T10:47:54Z,2026-08-12T04:00:00Z,137.2,21.1,23.2,22.2,-2.1,2.1
5-10 дней,2026-08-06T10:47:54Z,2026-08-12T05:00:00Z,138.2,23.3,23.3,24.5,0.0,0.0
5-10 дней,2026-08-06T10:47:54Z,2026-08-12T06:00:00Z,139.2,25.7,23.6,26.8,2.1,2.1
5-10 дней,2026-08-06T10:47:54Z,2026-08-12T07:00:00Z,140.2,28.3,24.2,29.0,4.1,4.1
5-10 дней,2026-08-06T10:47:54Z,2026-08-12T08:00:00Z,141.2,31.3,24.7,30.6,6.6,6.6
5-10 дней,2026-08-06T10:47:54Z,2026-08-12T09:00:00Z,142.2,33.8,27.9,32.0,5.9,5.9
5-10 дней,2026-08-06T10:47:54Z,2026-08-12T10:00:00Z,143.2,35.8,29.8,34.7,6.0,6.0
5-10 дней,2026-08-06T10:47:54Z,2026-08-12T11:00:00Z,144.2,37.4,31.5,35.7,5.9,5.9
5-10 дней,2026-08-06T10:47:54Z,2026-08-12T12:00:00Z,145.2,38.5,32.1,36.7,6.4,6.4
5-10 дней,2026-08-06T10:47:54Z,2026-08-12T13:00:00Z,146.2,38.9,33.2,37.1,5.7,5.7
5-10 дней,2026-08-06T10:47:54Z,2026-08-12T14:00:00Z,147.2,38.8,32.9,37.7,5.9,5.9
5-10 дней,2026-08-06T10:47:54Z,2026-08-12T15:00:00Z,148.2,38.1,32.4,37.3,5.7,5.7
5-10 дней,2026-08-06T10:47:54Z,2026-08-12T16:00:00Z,149.2,36.4,31.3,36.2,5.1,5.1
5-10 дней,2026-08-06T10:47:54Z,2026-08-12T17:00:00Z,150.2,34.0,30.0,34.9,4.0,4.0
5-10 дней,2026-08-06T10:47:54Z,2026-08-12T18:00:00Z,151.2,31.7,28.4,33.0,3.3,3.3
5-10 дней,2026-08-06T10:47:54Z,2026-08-12T19:00:00Z,152.2,29.6,27.0,31.2,2.6,2.6
5-10 дней,2026-08-06T10:47:54Z,2026-08-12T20:00:00Z,153.2,27.6,26.3,29.6,1.3,1.3
5-10 дней,2026-08-06T10:47:54Z,2026-08-12T21:00:00Z,154.2,25.8,25.5,28.3,0.3,0.3
5-10 дней,2026-08-06T10:47:54Z,2026-08-12T22:00:00Z,155.2,24.3,24.8,29.1,-0.5,0.5
5-10 дней,2026-08-06T10:47:54Z,2026-08-12T23:00:00Z,156.2,22.9,23.8,29.2,-0.9,0.9
5-10 дней,2026-08-06T10:47:54Z,2026-08-13T00:00:00Z,157.2,21.8,23.3,27.7,-1.5,1.5
5-10 дней,2026-08-06T10:47:54Z,2026-08-13T01:00:00Z,158.2,20.9,22.0,26.2,-1.1,1.1
5-10 дней,2026-08-06T10:47:54Z,2026-08-13T02:00:00Z,159.2,20.3,20.5,25.1,-0.2,0.2
5-10 дней,2026-08-06T10:47:54Z,2026-08-13T03:00:00Z,160.2,20.2,19.9,24.0,0.3,0.3
5-10 дней,2026-08-06T10:47:54Z,2026-08-13T04:00:00Z,161.2,20.9,19.1,23.2,1.8,1.8
5-10 дней,2026-08-06T10:47:54Z,2026-08-13T05:00:00Z,162.2,22.2,19.0,23.3,3.2,3.2
5-10 дней,2026-08-06T10:47:54Z,2026-08-13T06:00:00Z,163.2,24.0,20.2,23.6,3.8,3.8
5-10 дней,2026-08-06T10:47:54Z,2026-08-13T07:00:00Z,164.2,26.8,22.6,24.2,4.2,4.2
5-10 дней,2026-08-06T10:47:54Z,2026-08-13T08:00:00Z,165.2,30.3,25.6,24.7,4.7,4.7
5-10 дней,2026-08-06T10:47:54Z,2026-08-13T09:00:00Z,166.2,33.1,27.0,27.9,6.1,6.1
5-10 дней,2026-08-06T10:47:54Z,2026-08-13T10:00:00Z,167.2,35.1,27.8,29.8,7.3,7.3
5-10 дней,2026-08-06T10:47:54Z,2026-08-13T11:00:00Z,168.2,36.5,28.6,31.5,7.9,7.9
5-10 дней,2026-08-06T10:47:54Z,2026-08-13T12:00:00Z,169.2,37.4,29.4,32.1,8.0,8.0
5-10 дней,2026-08-06T11:30:42Z,2026-08-11T12:00:00Z,120.5,39.2,36.7,34.1,2.5,2.5
5-10 дней,2026-08-06T11:30:42Z,2026-08-11T13:00:00Z,121.5,39.5,37.1,34.1,2.4,2.4
5-10 дней,2026-08-06T11:30:42Z,2026-08-11T14:00:00Z,122.5,39.5,37.7,34.6,1.8,1.8
5-10 дней,2026-08-06T11:30:42Z,2026-08-11T15:00:00Z,123.5,38.8,37.3,34.7,1.5,1.5
5-10 дней,2026-08-06T11:30:42Z,2026-08-11T16:00:00Z,124.5,36.9,36.2,34.0,0.7,0.7
5-10 дней,2026-08-06T11:30:42Z,2026-08-11T17:00:00Z,125.5,34.4,34.9,32.8,-0.5,0.5
5-10 дней,2026-08-06T11:30:42Z,2026-08-11T18:00:00Z,126.5,32.0,33.0,31.8,-1.0,1.0
5-10 дней,2026-08-06T11:30:42Z,2026-08-11T19:00:00Z,127.5,29.9,31.2,29.7,-1.3,1.3
5-10 дней,2026-08-06T11:30:42Z,2026-08-11T20:00:00Z,128.5,27.9,29.6,29.3,-1.7,1.7
5-10 дней,2026-08-06T11:30:42Z,2026-08-11T21:00:00Z,129.5,26.2,28.3,27.1,-2.1,2.1
5-10 дней,2026-08-06T11:30:42Z,2026-08-11T22:00:00Z,130.5,24.7,29.1,26.6,-4.4,4.4
5-10 дней,2026-08-06T11:30:42Z,2026-08-11T23:00:00Z,131.5,23.4,29.2,26.2,-5.8,5.8
5-10 дней,2026-08-06T11:30:42Z,2026-08-12T00:00:00Z,132.5,22.3,27.7,25.5,-5.4,5.4
5-10 дней,2026-08-06T11:30:42Z,2026-08-12T01:00:00Z,133.5,21.1,26.2,23.9,-5.1,5.1
5-10 дней,2026-08-06T11:30:42Z,2026-08-12T02:00:00Z,134.5,20.1,25.1,23.2,-5.0,5.0
5-10 дней,2026-08-06T11:30:42Z,2026-08-12T03:00:00Z,135.5,19.9,24.0,22.4,-4.1,4.1
5-10 дней,2026-08-06T11:30:42Z,2026-08-12T04:00:00Z,136.5,21.1,23.2,22.2,-2.1,2.1
5-10 дней,2026-08-06T11:30:42Z,2026-08-12T05:00:00Z,137.5,23.3,23.3,24.5,0.0,0.0
5-10 дней,2026-08-06T11:30:42Z,2026-08-12T06:00:00Z,138.5,25.7,23.6,26.8,2.1,2.1
5-10 дней,2026-08-06T11:30:42Z,2026-08-12T07:00:00Z,139.5,28.3,24.2,29.0,4.1,4.1
5-10 дней,2026-08-06T11:30:42Z,2026-08-12T08:00:00Z,140.5,31.3,24.7,30.6,6.6,6.6
5-10 дней,2026-08-06T11:30:42Z,2026-08-12T09:00:00Z,141.5,33.8,27.9,32.0,5.9,5.9
5-10 дней,2026-08-06T11:30:42Z,2026-08-12T10:00:00Z,142.5,35.8,29.8,34.7,6.0,6.0
5-10 дней,2026-08-06T11:30:42Z,2026-08-12T11:00:00Z,143.5,37.4,31.5,35.7,5.9,5.9
5-10 дней,2026-08-06T11:30:42Z,2026-08-12T12:00:00Z,144.5,38.5,32.1,36.7,6.4,6.4
5-10 дней,2026-08-06T11:30:42Z,2026-08-12T13:00:00Z,145.5,38.9,33.2,37.1,5.7,5.7
5-10 дней,2026-08-06T11:30:42Z,2026-08-12T14:00:00Z,146.5,38.8,32.9,37.7,5.9,5.9
5-10 дней,2026-08-06T11:30:42Z,2026-08-12T15:00:00Z,147.5,38.1,32.4,37.3,5.7,5.7
5-10 дней,2026-08-06T11:30:42Z,2026-08-12T16:00:00Z,148.5,36.4,31.3,36.2,5.1,5.1
5-10 дней,2026-08-06T11:30:42Z,2026-08-12T17:00:00Z,149.5,34.0,30.0,34.9,4.0,4.0
5-10 дней,2026-08-06T11:30:42Z,2026-08-12T18:00:00Z,150.5,31.7,28.4,33.0,3.3,3.3
5-10 дней,2026-08-06T11:30:42Z,2026-08-12T19:00:00Z,151.5,29.6,27.0,31.2,2.6,2.6
5-10 дней,2026-08-06T11:30:42Z,2026-08-12T20:00:00Z,152.5,27.6,26.3,29.6,1.3,1.3
5-10 дней,2026-08-06T11:30:42Z,2026-08-12T21:00:00Z,153.5,25.8,25.5,28.3,0.3,0.3
5-10 дней,2026-08-06T11:30:42Z,2026-08-12T22:00:00Z,154.5,24.3,24.8,29.1,-0.5,0.5
5-10 дней,2026-08-06T11:30:42Z,2026-08-12T23:00:00Z,155.5,22.9,23.8,29.2,-0.9,0.9
5-10 дней,2026-08-06T11:30:42Z,2026-08-13T00:00:00Z,156.5,21.8,23.3,27.7,-1.5,1.5
5-10 дней,2026-08-06T11:30:42Z,2026-08-13T01:00:00Z,157.5,20.9,22.0,26.2,-1.1,1.1
5-10 дней,2026-08-06T11:30:42Z,2026-08-13T02:00:00Z,158.5,20.3,20.5,25.1,-0.2,0.2
5-10 дней,2026-08-06T11:30:42Z,2026-08-13T03:00:00Z,159.5,20.2,19.9,24.0,0.3,0.3
5-10 дней,2026-08-06T11:30:42Z,2026-08-13T04:00:00Z,160.5,20.9,19.1,23.2,1.8,1.8
5-10 дней,2026-08-06T11:30:42Z,2026-08-13T05:00:00Z,161.5,22.2,19.0,23.3,3.2,3.2
5-10 дней,2026-08-06T11:30:42Z,2026-08-13T06:00:00Z,162.5,24.0,20.2,23.6,3.8,3.8
5-10 дней,2026-08-06T11:30:42Z,2026-08-13T07:00:00Z,163.5,26.8,22.6,24.2,4.2,4.2
5-10 дней,2026-08-06T11:30:42Z,2026-08-13T08:00:00Z,164.5,30.3,25.6,24.7,4.7,4.7
5-10 дней,2026-08-06T11:30:42Z,2026-08-13T09:00:00Z,165.5,33.1,27.0,27.9,6.1,6.1
5-10 дней,2026-08-06T11:30:42Z,2026-08-13T10:00:00Z,166.5,35.1,27.8,29.8,7.3,7.3
5-10 дней,2026-08-06T11:30:42Z,2026-08-13T11:00:00Z,167.5,36.5,28.6,31.5,7.9,7.9
5-10 дней,2026-08-06T11:30:42Z,2026-08-13T12:00:00Z,168.5,37.4,29.4,32.1,8.0,8.0
5-10 дней,2026-08-06T11:36:01Z,2026-08-11T12:00:00Z,120.4,39.2,36.7,34.1,2.5,2.5
5-10 дней,2026-08-06T11:36:01Z,2026-08-11T13:00:00Z,121.4,39.5,37.1,34.1,2.4,2.4
5-10 дней,2026-08-06T11:36:01Z,2026-08-11T14:00:00Z,122.4,39.5,37.7,34.6,1.8,1.8
5-10 дней,2026-08-06T11:36:01Z,2026-08-11T15:00:00Z,123.4,38.8,37.3,34.7,1.5,1.5
5-10 дней,2026-08-06T11:36:01Z,2026-08-11T16:00:00Z,124.4,36.9,36.2,34.0,0.7,0.7
5-10 дней,2026-08-06T11:36:01Z,2026-08-11T17:00:00Z,125.4,34.4,34.9,32.8,-0.5,0.5
5-10 дней,2026-08-06T11:36:01Z,2026-08-11T18:00:00Z,126.4,32.0,33.0,31.8,-1.0,1.0
5-10 дней,2026-08-06T11:36:01Z,2026-08-11T19:00:00Z,127.4,29.9,31.2,29.7,-1.3,1.3
5-10 дней,2026-08-06T11:36:01Z,2026-08-11T20:00:00Z,128.4,27.9,29.6,29.3,-1.7,1.7
5-10 дней,2026-08-06T11:36:01Z,2026-08-11T21:00:00Z,129.4,26.2,28.3,27.1,-2.1,2.1
5-10 дней,2026-08-06T11:36:01Z,2026-08-11T22:00:00Z,130.4,24.7,29.1,26.6,-4.4,4.4
5-10 дней,2026-08-06T11:36:01Z,2026-08-11T23:00:00Z,131.4,23.4,29.2,26.2,-5.8,5.8
5-10 дней,2026-08-06T11:36:01Z,2026-08-12T00:00:00Z,132.4,22.3,27.7,25.5,-5.4,5.4
5-10 дней,2026-08-06T11:36:01Z,2026-08-12T01:00:00Z,133.4,21.1,26.2,23.9,-5.1,5.1
5-10 дней,2026-08-06T11:36:01Z,2026-08-12T02:00:00Z,134.4,20.1,25.1,23.2,-5.0,5.0
5-10 дней,2026-08-06T11:36:01Z,2026-08-12T03:00:00Z,135.4,19.9,24.0,22.4,-4.1,4.1
5-10 дней,2026-08-06T11:36:01Z,2026-08-12T04:00:00Z,136.4,21.1,23.2,22.2,-2.1,2.1
5-10 дней,2026-08-06T11:36:01Z,2026-08-12T05:00:00Z,137.4,23.3,23.3,24.5,0.0,0.0
5-10 дней,2026-08-06T11:36:01Z,2026-08-12T06:00:00Z,138.4,25.7,23.6,26.8,2.1,2.1
5-10 дней,2026-08-06T11:36:01Z,2026-08-12T07:00:00Z,139.4,28.3,24.2,29.0,4.1,4.1
5-10 дней,2026-08-06T11:36:01Z,2026-08-12T08:00:00Z,140.4,31.3,24.7,30.6,6.6,6.6
5-10 дней,2026-08-06T11:36:01Z,2026-08-12T09:00:00Z,141.4,33.8,27.9,32.0,5.9,5.9
5-10 дней,2026-08-06T11:36:01Z,2026-08-12T10:00:00Z,142.4,35.8,29.8,34.7,6.0,6.0
5-10 дней,2026-08-06T11:36:01Z,2026-08-12T11:00:00Z,143.4,37.4,31.5,35.7,5.9,5.9
5-10 дней,2026-08-06T11:36:01Z,2026-08-12T12:00:00Z,144.4,38.5,32.1,36.7,6.4,6.4
5-10 дней,2026-08-06T11:36:01Z,2026-08-12T13:00:00Z,145.4,38.9,33.2,37.1,5.7,5.7
5-10 дней,2026-08-06T11:36:01Z,2026-08-12T14:00:00Z,146.4,38.8,32.9,37.7,5.9,5.9
5-10 дней,2026-08-06T11:36:01Z,2026-08-12T15:00:00Z,147.4,38.1,32.4,37.3,5.7,5.7
5-10 дней,2026-08-06T11:36:01Z,2026-08-12T16:00:00Z,148.4,36.4,31.3,36.2,5.1,5.1
5-10 дней,2026-08-06T11:36:01Z,2026-08-12T17:00:00Z,149.4,34.0,30.0,34.9,4.0,4.0
5-10 дней,2026-08-06T11:36:01Z,2026-08-12T18:00:00Z,150.4,31.7,28.4,33.0,3.3,3.3
5-10 дней,2026-08-06T11:36:01Z,2026-08-12T19:00:00Z,151.4,29.6,27.0,31.2,2.6,2.6
5-10 дней,2026-08-06T11:36:01Z,2026-08-12T20:00:00Z,152.4,27.6,26.3,29.6,1.3,1.3
5-10 дней,2026-08-06T11:36:01Z,2026-08-12T21:00:00Z,153.4,25.8,25.5,28.3,0.3,0.3
5-10 дней,2026-08-06T11:36:01Z,2026-08-12T22:00:00Z,154.4,24.3,24.8,29.1,-0.5,0.5
5-10 дней,2026-08-06T11:36:01Z,2026-08-12T23:00:00Z,155.4,22.9,23.8,29.2,-0.9,0.9
5-10 дней,2026-08-06T11:36:01Z,2026-08-13T00:00:00Z,156.4,21.8,23.3,27.7,-1.5,1.5
5-10 дней,2026-08-06T11:36:01Z,2026-08-13T01:00:00Z,157.4,20.9,22.0,26.2,-1.1,1.1
5-10 дней,2026-08-06T11:36:01Z,2026-08-13T02:00:00Z,158.4,20.3,20.5,25.1,-0.2,0.2
5-10 дней,2026-08-06T11:36:01Z,2026-08-13T03:00:00Z,159.4,20.2,19.9,24.0,0.3,0.3
5-10 дней,2026-08-06T11:36:01Z,2026-08-13T04:00:00Z,160.4,20.9,19.1,23.2,1.8,1.8
5-10 дней,2026-08-06T11:36:01Z,2026-08-13T05:00:00Z,161.4,22.2,19.0,23.3,3.2,3.2
5-10 дней,2026-08-06T11:36:01Z,2026-08-13T06:00:00Z,162.4,24.0,20.2,23.6,3.8,3.8
5-10 дней,2026-08-06T11:36:01Z,2026-08-13T07:00:00Z,163.4,26.8,22.6,24.2,4.2,4.2
5-10 дней,2026-08-06T11:36:01Z,2026-08-13T08:00:00Z,164.4,30.3,25.6,24.7,4.7,4.7
5-10 дней,2026-08-06T11:36:01Z,2026-08-13T09:00:00Z,165.4,33.1,27.0,27.9,6.1,6.1
5-10 дней,2026-08-06T11:36:01Z,2026-08-13T10:00:00Z,166.4,35.1,27.8,29.8,7.3,7.3
5-10 дней,2026-08-06T11:36:01Z,2026-08-13T11:00:00Z,167.4,36.5,28.6,31.5,7.9,7.9
5-10 дней,2026-08-06T11:36:01Z,2026-08-13T12:00:00Z,168.4,37.4,29.4,32.1,8.0,8.0
5-10 дней,2026-08-06T11:44:08Z,2026-08-11T12:00:00Z,120.3,39.2,36.7,34.1,2.5,2.5
5-10 дней,2026-08-06T11:44:08Z,2026-08-11T13:00:00Z,121.3,39.5,37.1,34.1,2.4,2.4
5-10 дней,2026-08-06T11:44:08Z,2026-08-11T14:00:00Z,122.3,39.5,37.7,34.6,1.8,1.8
5-10 дней,2026-08-06T11:44:08Z,2026-08-11T15:00:00Z,123.3,38.8,37.3,34.7,1.5,1.5
5-10 дней,2026-08-06T11:44:08Z,2026-08-11T16:00:00Z,124.3,36.9,36.2,34.0,0.7,0.7
5-10 дней,2026-08-06T11:44:08Z,2026-08-11T17:00:00Z,125.3,34.4,34.9,32.8,-0.5,0.5
5-10 дней,2026-08-06T11:44:08Z,2026-08-11T18:00:00Z,126.3,32.0,33.0,31.8,-1.0,1.0
5-10 дней,2026-08-06T11:44:08Z,2026-08-11T19:00:00Z,127.3,29.9,31.2,29.7,-1.3,1.3
5-10 дней,2026-08-06T11:44:08Z,2026-08-11T20:00:00Z,128.3,27.9,29.6,29.3,-1.7,1.7
5-10 дней,2026-08-06T11:44:08Z,2026-08-11T21:00:00Z,129.3,26.2,28.3,27.1,-2.1,2.1
5-10 дней,2026-08-06T11:44:08Z,2026-08-11T22:00:00Z,130.3,24.7,29.1,26.6,-4.4,4.4
5-10 дней,2026-08-06T11:44:08Z,2026-08-11T23:00:00Z,131.3,23.4,29.2,26.2,-5.8,5.8
5-10 дней,2026-08-06T11:44:08Z,2026-08-12T00:00:00Z,132.3,22.3,27.7,25.5,-5.4,5.4
5-10 дней,2026-08-06T11:44:08Z,2026-08-12T01:00:00Z,133.3,21.1,26.2,23.9,-5.1,5.1
5-10 дней,2026-08-06T11:44:08Z,2026-08-12T02:00:00Z,134.3,20.1,25.1,23.2,-5.0,5.0
5-10 дней,2026-08-06T11:44:08Z,2026-08-12T03:00:00Z,135.3,19.9,24.0,22.4,-4.1,4.1
5-10 дней,2026-08-06T11:44:08Z,2026-08-12T04:00:00Z,136.3,21.1,23.2,22.2,-2.1,2.1
5-10 дней,2026-08-06T11:44:08Z,2026-08-12T05:00:00Z,137.3,23.3,23.3,24.5,0.0,0.0
5-10 дней,2026-08-06T11:44:08Z,2026-08-12T06:00:00Z,138.3,25.7,23.6,26.8,2.1,2.1
5-10 дней,2026-08-06T11:44:08Z,2026-08-12T07:00:00Z,139.3,28.3,24.2,29.0,4.1,4.1
5-10 дней,2026-08-06T11:44:08Z,2026-08-12T08:00:00Z,140.3,31.3,24.7,30.6,6.6,6.6
5-10 дней,2026-08-06T11:44:08Z,2026-08-12T09:00:00Z,141.3,33.8,27.9,32.0,5.9,5.9
5-10 дней,2026-08-06T11:44:08Z,2026-08-12T10:00:00Z,142.3,35.8,29.8,34.7,6.0,6.0
5-10 дней,2026-08-06T11:44:08Z,2026-08-12T11:00:00Z,143.3,37.4,31.5,35.7,5.9,5.9
5-10 дней,2026-08-06T11:44:08Z,2026-08-12T12:00:00Z,144.3,38.5,32.1,36.7,6.4,6.4
5-10 дней,2026-08-06T11:44:08Z,2026-08-12T13:00:00Z,145.3,38.9,33.2,37.1,5.7,5.7
5-10 дней,2026-08-06T11:44:08Z,2026-08-12T14:00:00Z,146.3,38.8,32.9,37.7,5.9,5.9
5-10 дней,2026-08-06T11:44:08Z,2026-08-12T15:00:00Z,147.3,38.1,32.4,37.3,5.7,5.7
5-10 дней,2026-08-06T11:44:08Z,2026-08-12T16:00:00Z,148.3,36.4,31.3,36.2,5.1,5.1
5-10 дней,2026-08-06T11:44:08Z,2026-08-12T17:00:00Z,149.3,34.0,30.0,34.9,4.0,4.0
5-10 дней,2026-08-06T11:44:08Z,2026-08-12T18:00:00Z,150.3,31.7,28.4,33.0,3.3,3.3
5-10 дней,2026-08-06T11:44:08Z,2026-08-12T19:00:00Z,151.3,29.6,27.0,31.2,2.6,2.6
5-10 дней,2026-08-06T11:44:08Z,2026-08-12T20:00:00Z,152.3,27.6,26.3,29.6,1.3,1.3
5-10 дней,2026-08-06T11:44:08Z,2026-08-12T21:00:00Z,153.3,25.8,25.5,28.3,0.3,0.3
5-10 дней,2026-08-06T11:44:08Z,2026-08-12T22:00:00Z,154.3,24.3,24.8,29.1,-0.5,0.5
5-10 дней,2026-08-06T11:44:08Z,2026-08-12T23:00:00Z,155.3,22.9,23.8,29.2,-0.9,0.9
5-10 дней,2026-08-06T11:44:08Z,2026-08-13T00:00:00Z,156.3,21.8,23.3,27.7,-1.5,1.5
5-10 дней,2026-08-06T11:44:08Z,2026-08-13T01:00:00Z,157.3,20.9,22.0,26.2,-1.1,1.1
5-10 дней,2026-08-06T11:44:08Z,2026-08-13T02:00:00Z,158.3,20.3,20.5,25.1,-0.2,0.2
5-10 дней,2026-08-06T11:44:08Z,2026-08-13T03:00:00Z,159.3,20.2,19.9,24.0,0.3,0.3
5-10 дней,2026-08-06T11:44:08Z,2026-08-13T04:00:00Z,160.3,20.9,19.1,23.2,1.8,1.8
5-10 дней,2026-08-06T11:44:08Z,2026-08-13T05:00:00Z,161.3,22.2,19.0,23.3,3.2,3.2
5-10 дней,2026-08-06T11:44:08Z,2026-08-13T06:00:00Z,162.3,24.0,20.2,23.6,3.8,3.8
5-10 дней,2026-08-06T11:44:08Z,2026-08-13T07:00:00Z,163.3,26.8,22.6,24.2,4.2,4.2
5-10 дней,2026-08-06T11:44:08Z,2026-08-13T08:00:00Z,164.3,30.3,25.6,24.7,4.7,4.7
5-10 дней,2026-08-06T11:44:08Z,2026-08-13T09:00:00Z,165.3,33.1,27.0,27.9,6.1,6.1
5-10 дней,2026-08-06T11:44:08Z,2026-08-13T10:00:00Z,166.3,35.1,27.8,29.8,7.3,7.3
5-10 дней,2026-08-06T11:44:08Z,2026-08-13T11:00:00Z,167.3,36.5,28.6,31.5,7.9,7.9
5-10 дней,2026-08-06T11:44:08Z,2026-08-13T12:00:00Z,168.3,37.4,29.4,32.1,8.0,8.0
5-10 дней,2026-08-07T01:31:32Z,2026-08-12T02:00:00Z,120.5,20.2,25.1,23.2,-4.9,4.9
5-10 дней,2026-08-07T01:31:32Z,2026-08-12T03:00:00Z,121.5,20.1,24.0,22.4,-3.9,3.9
5-10 дней,2026-08-07T01:31:32Z,2026-08-12T04:00:00Z,122.5,21.3,23.2,22.2,-1.9,1.9
5-10 дней,2026-08-07T01:31:32Z,2026-08-12T05:00:00Z,123.5,23.3,23.3,24.5,0.0,0.0
5-10 дней,2026-08-07T01:31:32Z,2026-08-12T06:00:00Z,124.5,25.6,23.6,26.8,2.0,2.0
5-10 дней,2026-08-07T01:31:32Z,2026-08-12T07:00:00Z,125.5,28.1,24.2,29.0,3.9,3.9
5-10 дней,2026-08-07T01:31:32Z,2026-08-12T08:00:00Z,126.5,30.9,24.7,30.6,6.2,6.2
5-10 дней,2026-08-07T01:31:32Z,2026-08-12T09:00:00Z,127.5,33.2,27.9,32.0,5.3,5.3
5-10 дней,2026-08-07T01:31:32Z,2026-08-12T10:00:00Z,128.5,34.9,29.8,34.7,5.1,5.1
5-10 дней,2026-08-07T01:31:32Z,2026-08-12T11:00:00Z,129.5,36.2,31.5,35.7,4.7,4.7
5-10 дней,2026-08-07T01:31:32Z,2026-08-12T12:00:00Z,130.5,37.0,32.1,36.7,4.9,4.9
5-10 дней,2026-08-07T01:31:32Z,2026-08-12T13:00:00Z,131.5,37.2,33.2,37.1,4.0,4.0
5-10 дней,2026-08-07T01:31:32Z,2026-08-12T14:00:00Z,132.5,37.0,32.9,37.7,4.1,4.1
5-10 дней,2026-08-07T01:31:32Z,2026-08-12T15:00:00Z,133.5,36.2,32.4,37.3,3.8,3.8
5-10 дней,2026-08-07T01:31:32Z,2026-08-12T16:00:00Z,134.5,34.7,31.3,36.2,3.4,3.4
5-10 дней,2026-08-07T01:31:32Z,2026-08-12T17:00:00Z,135.5,32.6,30.0,34.9,2.6,2.6
5-10 дней,2026-08-07T01:31:32Z,2026-08-12T18:00:00Z,136.5,30.5,28.4,33.0,2.1,2.1
5-10 дней,2026-08-07T01:31:32Z,2026-08-12T19:00:00Z,137.5,28.3,27.0,31.2,1.3,1.3
5-10 дней,2026-08-07T01:31:32Z,2026-08-12T20:00:00Z,138.5,26.0,26.3,29.6,-0.3,0.3
5-10 дней,2026-08-07T01:31:32Z,2026-08-12T21:00:00Z,139.5,24.1,25.5,28.3,-1.4,1.4
5-10 дней,2026-08-07T01:31:32Z,2026-08-12T22:00:00Z,140.5,22.7,24.8,29.1,-2.1,2.1
5-10 дней,2026-08-07T01:31:32Z,2026-08-12T23:00:00Z,141.5,21.6,23.8,29.2,-2.2,2.2
5-10 дней,2026-08-07T01:31:32Z,2026-08-13T00:00:00Z,142.5,20.6,23.3,27.7,-2.7,2.7
5-10 дней,2026-08-07T01:31:32Z,2026-08-13T01:00:00Z,143.5,19.2,22.0,26.2,-2.8,2.8
5-10 дней,2026-08-07T01:31:32Z,2026-08-13T02:00:00Z,144.5,17.8,20.5,25.1,-2.7,2.7
5-10 дней,2026-08-07T01:31:32Z,2026-08-13T03:00:00Z,145.5,17.3,19.9,24.0,-2.6,2.6
5-10 дней,2026-08-07T01:31:32Z,2026-08-13T04:00:00Z,146.5,18.3,19.1,23.2,-0.8,0.8
5-10 дней,2026-08-07T01:31:32Z,2026-08-13T05:00:00Z,147.5,20.1,19.0,23.3,1.1,1.1
5-10 дней,2026-08-07T01:31:32Z,2026-08-13T06:00:00Z,148.5,22.5,20.2,23.6,2.3,2.3
5-10 дней,2026-08-07T01:31:32Z,2026-08-13T07:00:00Z,149.5,25.5,22.6,24.2,2.9,2.9
5-10 дней,2026-08-07T01:31:32Z,2026-08-13T08:00:00Z,150.5,29.0,25.6,24.7,3.4,3.4
5-10 дней,2026-08-07T01:31:32Z,2026-08-13T09:00:00Z,151.5,31.8,27.0,27.9,4.8,4.8
5-10 дней,2026-08-07T01:31:32Z,2026-08-13T10:00:00Z,152.5,33.6,27.8,29.8,5.8,5.8
5-10 дней,2026-08-07T01:31:32Z,2026-08-13T11:00:00Z,153.5,34.7,28.6,31.5,6.1,6.1
5-10 дней,2026-08-07T01:31:32Z,2026-08-13T12:00:00Z,154.5,35.3,29.4,32.1,5.9,5.9
5-10 дней,2026-08-07T01:31:32Z,2026-08-13T13:00:00Z,155.5,35.6,31.0,33.2,4.6,4.6
5-10 дней,2026-08-07T01:31:32Z,2026-08-13T14:00:00Z,156.5,35.4,30.7,32.9,4.7,4.7
5-10 дней,2026-08-07T01:31:32Z,2026-08-13T15:00:00Z,157.5,34.5,31.2,32.4,3.3,3.3
5-10 дней,2026-08-07T01:31:32Z,2026-08-13T16:00:00Z,158.5,32.5,30.2,31.3,2.3,2.3
5-10 дней,2026-08-07T01:31:32Z,2026-08-13T17:00:00Z,159.5,29.9,29.5,30.0,0.4,0.4
5-10 дней,2026-08-07T01:31:32Z,2026-08-13T18:00:00Z,160.5,27.5,27.7,28.4,-0.2,0.2
5-10 дней,2026-08-07T01:31:32Z,2026-08-13T19:00:00Z,161.5,25.5,26.5,27.0,-1.0,1.0
5-10 дней,2026-08-07T01:31:32Z,2026-08-13T20:00:00Z,162.5,23.7,26.0,26.3,-2.3,2.3
5-10 дней,2026-08-07T01:31:32Z,2026-08-13T21:00:00Z,163.5,22.1,25.0,25.5,-2.9,2.9
5-10 дней,2026-08-07T01:31:32Z,2026-08-13T22:00:00Z,164.5,20.5,24.0,24.8,-3.5,3.5
5-10 дней,2026-08-07T01:31:32Z,2026-08-13T23:00:00Z,165.5,19.2,22.8,23.8,-3.6,3.6
5-10 дней,2026-08-07T01:31:32Z,2026-08-14T00:00:00Z,166.5,18.3,22.0,23.3,-3.7,3.7
5-10 дней,2026-08-07T05:36:00Z,2026-08-12T06:00:00Z,120.4,25.8,23.6,26.8,2.2,2.2
5-10 дней,2026-08-07T05:36:00Z,2026-08-12T07:00:00Z,121.4,27.9,24.2,29.0,3.7,3.7
5-10 дней,2026-08-07T05:36:00Z,2026-08-12T08:00:00Z,122.4,30.2,24.7,30.6,5.5,5.5
5-10 дней,2026-08-07T05:36:00Z,2026-08-12T09:00:00Z,123.4,32.2,27.9,32.0,4.3,4.3
5-10 дней,2026-08-07T05:36:00Z,2026-08-12T10:00:00Z,124.4,33.8,29.8,34.7,4.0,4.0
5-10 дней,2026-08-07T05:36:00Z,2026-08-12T11:00:00Z,125.4,35.2,31.5,35.7,3.7,3.7
5-10 дней,2026-08-07T05:36:00Z,2026-08-12T12:00:00Z,126.4,36.1,32.1,36.7,4.0,4.0
5-10 дней,2026-08-07T05:36:00Z,2026-08-12T13:00:00Z,127.4,36.3,33.2,37.1,3.1,3.1
5-10 дней,2026-08-07T05:36:00Z,2026-08-12T14:00:00Z,128.4,36.0,32.9,37.7,3.1,3.1
5-10 дней,2026-08-07T05:36:00Z,2026-08-12T15:00:00Z,129.4,35.1,32.4,37.3,2.7,2.7
5-10 дней,2026-08-07T05:36:00Z,2026-08-12T16:00:00Z,130.4,33.5,31.3,36.2,2.2,2.2
5-10 дней,2026-08-07T05:36:00Z,2026-08-12T17:00:00Z,131.4,31.3,30.0,34.9,1.3,1.3
5-10 дней,2026-08-07T05:36:00Z,2026-08-12T18:00:00Z,132.4,29.3,28.4,33.0,0.9,0.9
5-10 дней,2026-08-07T05:36:00Z,2026-08-12T19:00:00Z,133.4,27.6,27.0,31.2,0.6,0.6
5-10 дней,2026-08-07T05:36:00Z,2026-08-12T20:00:00Z,134.4,26.0,26.3,29.6,-0.3,0.3
5-10 дней,2026-08-07T05:36:00Z,2026-08-12T21:00:00Z,135.4,24.5,25.5,28.3,-1.0,1.0
5-10 дней,2026-08-07T05:36:00Z,2026-08-12T22:00:00Z,136.4,22.8,24.8,29.1,-2.0,2.0
5-10 дней,2026-08-07T05:36:00Z,2026-08-12T23:00:00Z,137.4,21.1,23.8,29.2,-2.7,2.7
5-10 дней,2026-08-07T05:36:00Z,2026-08-13T00:00:00Z,138.4,19.6,23.3,27.7,-3.7,3.7
5-10 дней,2026-08-07T05:36:00Z,2026-08-13T01:00:00Z,139.4,18.2,22.0,26.2,-3.8,3.8
5-10 дней,2026-08-07T05:36:00Z,2026-08-13T02:00:00Z,140.4,17.1,20.5,25.1,-3.4,3.4
5-10 дней,2026-08-07T05:36:00Z,2026-08-13T03:00:00Z,141.4,16.7,19.9,24.0,-3.2,3.2
5-10 дней,2026-08-07T05:36:00Z,2026-08-13T04:00:00Z,142.4,17.5,19.1,23.2,-1.6,1.6
5-10 дней,2026-08-07T05:36:00Z,2026-08-13T05:00:00Z,143.4,19.1,19.0,23.3,0.1,0.1
5-10 дней,2026-08-07T05:36:00Z,2026-08-13T06:00:00Z,144.4,21.1,20.2,23.6,0.9,0.9
5-10 дней,2026-08-07T05:36:00Z,2026-08-13T07:00:00Z,145.4,23.6,22.6,24.2,1.0,1.0
5-10 дней,2026-08-07T05:36:00Z,2026-08-13T08:00:00Z,146.4,26.4,25.6,24.7,0.8,0.8
5-10 дней,2026-08-07T05:36:00Z,2026-08-13T09:00:00Z,147.4,28.9,27.0,27.9,1.9,1.9
5-10 дней,2026-08-07T05:36:00Z,2026-08-13T10:00:00Z,148.4,30.7,27.8,29.8,2.9,2.9
5-10 дней,2026-08-07T05:36:00Z,2026-08-13T11:00:00Z,149.4,32.1,28.6,31.5,3.5,3.5
5-10 дней,2026-08-07T05:36:00Z,2026-08-13T12:00:00Z,150.4,33.0,29.4,32.1,3.6,3.6
5-10 дней,2026-08-07T05:36:00Z,2026-08-13T13:00:00Z,151.4,33.6,31.0,33.2,2.6,2.6
5-10 дней,2026-08-07T05:36:00Z,2026-08-13T14:00:00Z,152.4,33.6,30.7,32.9,2.9,2.9
5-10 дней,2026-08-07T05:36:00Z,2026-08-13T15:00:00Z,153.4,32.9,31.2,32.4,1.7,1.7
5-10 дней,2026-08-07T05:36:00Z,2026-08-13T16:00:00Z,154.4,30.9,30.2,31.3,0.7,0.7
5-10 дней,2026-08-07T05:36:00Z,2026-08-13T17:00:00Z,155.4,28.2,29.5,30.0,-1.3,1.3
5-10 дней,2026-08-07T05:36:00Z,2026-08-13T18:00:00Z,156.4,25.7,27.7,28.4,-2.0,2.0
5-10 дней,2026-08-07T05:36:00Z,2026-08-13T19:00:00Z,157.4,23.9,26.5,27.0,-2.6,2.6
5-10 дней,2026-08-07T05:36:00Z,2026-08-13T20:00:00Z,158.4,22.4,26.0,26.3,-3.6,3.6
5-10 дней,2026-08-07T05:36:00Z,2026-08-13T21:00:00Z,159.4,21.3,25.0,25.5,-3.7,3.7
5-10 дней,2026-08-07T05:36:00Z,2026-08-13T22:00:00Z,160.4,20.5,24.0,24.8,-3.5,3.5
5-10 дней,2026-08-07T05:36:00Z,2026-08-13T23:00:00Z,161.4,20.1,22.8,23.8,-2.7,2.7
5-10 дней,2026-08-07T05:36:00Z,2026-08-14T00:00:00Z,162.4,19.8,22.0,23.3,-2.2,2.2
5-10 дней,2026-08-07T05:36:00Z,2026-08-14T01:00:00Z,163.4,19.4,20.4,22.0,-1.0,1.0
5-10 дней,2026-08-07T05:36:00Z,2026-08-14T02:00:00Z,164.4,19.0,21.7,20.5,-2.7,2.7
5-10 дней,2026-08-07T05:36:00Z,2026-08-14T03:00:00Z,165.4,19.2,20.9,19.9,-1.7,1.7
5-10 дней,2026-08-07T05:36:00Z,2026-08-14T04:00:00Z,166.4,20.4,20.6,19.1,-0.2,0.2
5-10 дней,2026-08-07T05:36:00Z,2026-08-14T05:00:00Z,167.4,22.2,22.1,19.0,0.1,0.1
5-10 дней,2026-08-07T05:36:00Z,2026-08-14T06:00:00Z,168.4,24.1,23.4,20.2,0.7,0.7
5-10 дней,2026-08-07T05:36:00Z,2026-08-14T07:00:00Z,169.4,26.1,25.4,22.6,0.7,0.7
5-10 дней,2026-08-07T05:36:00Z,2026-08-14T08:00:00Z,170.4,28.1,27.9,25.6,0.2,0.2
5-10 дней,2026-08-07T05:36:00Z,2026-08-14T09:00:00Z,171.4,29.9,28.7,27.0,1.2,1.2
5-10 дней,2026-08-07T05:36:00Z,2026-08-14T10:00:00Z,172.4,31.3,29.9,27.8,1.4,1.4
5-10 дней,2026-08-07T06:18:59Z,2026-08-12T07:00:00Z,120.7,27.9,24.2,29.0,3.7,3.7
5-10 дней,2026-08-07T06:18:59Z,2026-08-12T08:00:00Z,121.7,30.2,24.7,30.6,5.5,5.5
5-10 дней,2026-08-07T06:18:59Z,2026-08-12T09:00:00Z,122.7,32.2,27.9,32.0,4.3,4.3
5-10 дней,2026-08-07T06:18:59Z,2026-08-12T10:00:00Z,123.7,33.8,29.8,34.7,4.0,4.0
5-10 дней,2026-08-07T06:18:59Z,2026-08-12T11:00:00Z,124.7,35.2,31.5,35.7,3.7,3.7
5-10 дней,2026-08-07T06:18:59Z,2026-08-12T12:00:00Z,125.7,36.1,32.1,36.7,4.0,4.0
5-10 дней,2026-08-07T06:18:59Z,2026-08-12T13:00:00Z,126.7,36.3,33.2,37.1,3.1,3.1
5-10 дней,2026-08-07T06:18:59Z,2026-08-12T14:00:00Z,127.7,36.0,32.9,37.7,3.1,3.1
5-10 дней,2026-08-07T06:18:59Z,2026-08-12T15:00:00Z,128.7,35.1,32.4,37.3,2.7,2.7
5-10 дней,2026-08-07T06:18:59Z,2026-08-12T16:00:00Z,129.7,33.5,31.3,36.2,2.2,2.2
5-10 дней,2026-08-07T06:18:59Z,2026-08-12T17:00:00Z,130.7,31.3,30.0,34.9,1.3,1.3
5-10 дней,2026-08-07T06:18:59Z,2026-08-12T18:00:00Z,131.7,29.3,28.4,33.0,0.9,0.9
5-10 дней,2026-08-07T06:18:59Z,2026-08-12T19:00:00Z,132.7,27.6,27.0,31.2,0.6,0.6
5-10 дней,2026-08-07T06:18:59Z,2026-08-12T20:00:00Z,133.7,26.0,26.3,29.6,-0.3,0.3
5-10 дней,2026-08-07T06:18:59Z,2026-08-12T21:00:00Z,134.7,24.5,25.5,28.3,-1.0,1.0
5-10 дней,2026-08-07T06:18:59Z,2026-08-12T22:00:00Z,135.7,22.8,24.8,29.1,-2.0,2.0
5-10 дней,2026-08-07T06:18:59Z,2026-08-12T23:00:00Z,136.7,21.1,23.8,29.2,-2.7,2.7
5-10 дней,2026-08-07T06:18:59Z,2026-08-13T00:00:00Z,137.7,19.6,23.3,27.7,-3.7,3.7
5-10 дней,2026-08-07T06:18:59Z,2026-08-13T01:00:00Z,138.7,18.2,22.0,26.2,-3.8,3.8
5-10 дней,2026-08-07T06:18:59Z,2026-08-13T02:00:00Z,139.7,17.1,20.5,25.1,-3.4,3.4
5-10 дней,2026-08-07T06:18:59Z,2026-08-13T03:00:00Z,140.7,16.7,19.9,24.0,-3.2,3.2
5-10 дней,2026-08-07T06:18:59Z,2026-08-13T04:00:00Z,141.7,17.5,19.1,23.2,-1.6,1.6
5-10 дней,2026-08-07T06:18:59Z,2026-08-13T05:00:00Z,142.7,19.1,19.0,23.3,0.1,0.1
5-10 дней,2026-08-07T06:18:59Z,2026-08-13T06:00:00Z,143.7,21.1,20.2,23.6,0.9,0.9
5-10 дней,2026-08-07T06:18:59Z,2026-08-13T07:00:00Z,144.7,23.6,22.6,24.2,1.0,1.0
5-10 дней,2026-08-07T06:18:59Z,2026-08-13T08:00:00Z,145.7,26.4,25.6,24.7,0.8,0.8
5-10 дней,2026-08-07T06:18:59Z,2026-08-13T09:00:00Z,146.7,28.9,27.0,27.9,1.9,1.9
5-10 дней,2026-08-07T06:18:59Z,2026-08-13T10:00:00Z,147.7,30.7,27.8,29.8,2.9,2.9
5-10 дней,2026-08-07T06:18:59Z,2026-08-13T11:00:00Z,148.7,32.1,28.6,31.5,3.5,3.5
5-10 дней,2026-08-07T06:18:59Z,2026-08-13T12:00:00Z,149.7,33.0,29.4,32.1,3.6,3.6
5-10 дней,2026-08-07T06:18:59Z,2026-08-13T13:00:00Z,150.7,33.6,31.0,33.2,2.6,2.6
5-10 дней,2026-08-07T06:18:59Z,2026-08-13T14:00:00Z,151.7,33.6,30.7,32.9,2.9,2.9
5-10 дней,2026-08-07T06:18:59Z,2026-08-13T15:00:00Z,152.7,32.9,31.2,32.4,1.7,1.7
5-10 дней,2026-08-07T06:18:59Z,2026-08-13T16:00:00Z,153.7,30.9,30.2,31.3,0.7,0.7
5-10 дней,2026-08-07T06:18:59Z,2026-08-13T17:00:00Z,154.7,28.2,29.5,30.0,-1.3,1.3
5-10 дней,2026-08-07T06:18:59Z,2026-08-13T18:00:00Z,155.7,25.7,27.7,28.4,-2.0,2.0
5-10 дней,2026-08-07T06:18:59Z,2026-08-13T19:00:00Z,156.7,23.9,26.5,27.0,-2.6,2.6
5-10 дней,2026-08-07T06:18:59Z,2026-08-13T20:00:00Z,157.7,22.4,26.0,26.3,-3.6,3.6
5-10 дней,2026-08-07T06:18:59Z,2026-08-13T21:00:00Z,158.7,21.3,25.0,25.5,-3.7,3.7
5-10 дней,2026-08-07T06:18:59Z,2026-08-13T22:00:00Z,159.7,20.5,24.0,24.8,-3.5,3.5
5-10 дней,2026-08-07T06:18:59Z,2026-08-13T23:00:00Z,160.7,20.1,22.8,23.8,-2.7,2.7
5-10 дней,2026-08-07T06:18:59Z,2026-08-14T00:00:00Z,161.7,19.8,22.0,23.3,-2.2,2.2
5-10 дней,2026-08-07T06:18:59Z,2026-08-14T01:00:00Z,162.7,19.4,20.4,22.0,-1.0,1.0
5-10 дней,2026-08-07T06:18:59Z,2026-08-14T02:00:00Z,163.7,19.0,21.7,20.5,-2.7,2.7
5-10 дней,2026-08-07T06:18:59Z,2026-08-14T03:00:00Z,164.7,19.2,20.9,19.9,-1.7,1.7
5-10 дней,2026-08-07T06:18:59Z,2026-08-14T04:00:00Z,165.7,20.4,20.6,19.1,-0.2,0.2
5-10 дней,2026-08-07T06:18:59Z,2026-08-14T05:00:00Z,166.7,22.2,22.1,19.0,0.1,0.1
5-10 дней,2026-08-07T06:18:59Z,2026-08-14T06:00:00Z,167.7,24.1,23.4,20.2,0.7,0.7
5-10 дней,2026-08-07T06:18:59Z,2026-08-14T07:00:00Z,168.7,26.1,25.4,22.6,0.7,0.7
5-10 дней,2026-08-07T06:18:59Z,2026-08-14T08:00:00Z,169.7,28.1,27.9,25.6,0.2,0.2
5-10 дней,2026-08-07T06:18:59Z,2026-08-14T09:00:00Z,170.7,29.9,28.7,27.0,1.2,1.2
5-10 дней,2026-08-07T06:18:59Z,2026-08-14T10:00:00Z,171.7,31.3,29.9,27.8,1.4,1.4
5-10 дней,2026-08-07T07:13:52Z,2026-08-12T08:00:00Z,120.8,30.2,24.7,30.6,5.5,5.5
5-10 дней,2026-08-07T07:13:52Z,2026-08-12T09:00:00Z,121.8,32.2,27.9,32.0,4.3,4.3
5-10 дней,2026-08-07T07:13:52Z,2026-08-12T10:00:00Z,122.8,33.8,29.8,34.7,4.0,4.0
5-10 дней,2026-08-07T07:13:52Z,2026-08-12T11:00:00Z,123.8,35.2,31.5,35.7,3.7,3.7
5-10 дней,2026-08-07T07:13:52Z,2026-08-12T12:00:00Z,124.8,36.1,32.1,36.7,4.0,4.0
5-10 дней,2026-08-07T07:13:52Z,2026-08-12T13:00:00Z,125.8,36.3,33.2,37.1,3.1,3.1
5-10 дней,2026-08-07T07:13:52Z,2026-08-12T14:00:00Z,126.8,36.0,32.9,37.7,3.1,3.1
5-10 дней,2026-08-07T07:13:52Z,2026-08-12T15:00:00Z,127.8,35.1,32.4,37.3,2.7,2.7
5-10 дней,2026-08-07T07:13:52Z,2026-08-12T16:00:00Z,128.8,33.5,31.3,36.2,2.2,2.2
5-10 дней,2026-08-07T07:13:52Z,2026-08-12T17:00:00Z,129.8,31.3,30.0,34.9,1.3,1.3
5-10 дней,2026-08-07T07:13:52Z,2026-08-12T18:00:00Z,130.8,29.3,28.4,33.0,0.9,0.9
5-10 дней,2026-08-07T07:13:52Z,2026-08-12T19:00:00Z,131.8,27.6,27.0,31.2,0.6,0.6
5-10 дней,2026-08-07T07:13:52Z,2026-08-12T20:00:00Z,132.8,26.0,26.3,29.6,-0.3,0.3
5-10 дней,2026-08-07T07:13:52Z,2026-08-12T21:00:00Z,133.8,24.5,25.5,28.3,-1.0,1.0
5-10 дней,2026-08-07T07:13:52Z,2026-08-12T22:00:00Z,134.8,22.8,24.8,29.1,-2.0,2.0
5-10 дней,2026-08-07T07:13:52Z,2026-08-12T23:00:00Z,135.8,21.1,23.8,29.2,-2.7,2.7
5-10 дней,2026-08-07T07:13:52Z,2026-08-13T00:00:00Z,136.8,19.6,23.3,27.7,-3.7,3.7
5-10 дней,2026-08-07T07:13:52Z,2026-08-13T01:00:00Z,137.8,18.2,22.0,26.2,-3.8,3.8
5-10 дней,2026-08-07T07:13:52Z,2026-08-13T02:00:00Z,138.8,17.1,20.5,25.1,-3.4,3.4
5-10 дней,2026-08-07T07:13:52Z,2026-08-13T03:00:00Z,139.8,16.7,19.9,24.0,-3.2,3.2
5-10 дней,2026-08-07T07:13:52Z,2026-08-13T04:00:00Z,140.8,17.5,19.1,23.2,-1.6,1.6
5-10 дней,2026-08-07T07:13:52Z,2026-08-13T05:00:00Z,141.8,19.1,19.0,23.3,0.1,0.1
5-10 дней,2026-08-07T07:13:52Z,2026-08-13T06:00:00Z,142.8,21.1,20.2,23.6,0.9,0.9
5-10 дней,2026-08-07T07:13:52Z,2026-08-13T07:00:00Z,143.8,23.6,22.6,24.2,1.0,1.0
5-10 дней,2026-08-07T07:13:52Z,2026-08-13T08:00:00Z,144.8,26.4,25.6,24.7,0.8,0.8
5-10 дней,2026-08-07T07:13:52Z,2026-08-13T09:00:00Z,145.8,28.9,27.0,27.9,1.9,1.9
5-10 дней,2026-08-07T07:13:52Z,2026-08-13T10:00:00Z,146.8,30.7,27.8,29.8,2.9,2.9
5-10 дней,2026-08-07T07:13:52Z,2026-08-13T11:00:00Z,147.8,32.1,28.6,31.5,3.5,3.5
5-10 дней,2026-08-07T07:13:52Z,2026-08-13T12:00:00Z,148.8,33.0,29.4,32.1,3.6,3.6
5-10 дней,2026-08-07T07:13:52Z,2026-08-13T13:00:00Z,149.8,33.6,31.0,33.2,2.6,2.6
5-10 дней,2026-08-07T07:13:52Z,2026-08-13T14:00:00Z,150.8,33.6,30.7,32.9,2.9,2.9
5-10 дней,2026-08-07T07:13:52Z,2026-08-13T15:00:00Z,151.8,32.9,31.2,32.4,1.7,1.7
5-10 дней,2026-08-07T07:13:52Z,2026-08-13T16:00:00Z,152.8,30.9,30.2,31.3,0.7,0.7
5-10 дней,2026-08-07T07:13:52Z,2026-08-13T17:00:00Z,153.8,28.2,29.5,30.0,-1.3,1.3
5-10 дней,2026-08-07T07:13:52Z,2026-08-13T18:00:00Z,154.8,25.7,27.7,28.4,-2.0,2.0
5-10 дней,2026-08-07T07:13:52Z,2026-08-13T19:00:00Z,155.8,23.9,26.5,27.0,-2.6,2.6
5-10 дней,2026-08-07T07:13:52Z,2026-08-13T20:00:00Z,156.8,22.4,26.0,26.3,-3.6,3.6
5-10 дней,2026-08-07T07:13:52Z,2026-08-13T21:00:00Z,157.8,21.3,25.0,25.5,-3.7,3.7
5-10 дней,2026-08-07T07:13:52Z,2026-08-13T22:00:00Z,158.8,20.5,24.0,24.8,-3.5,3.5
5-10 дней,2026-08-07T07:13:52Z,2026-08-13T23:00:00Z,159.8,20.1,22.8,23.8,-2.7,2.7
5-10 дней,2026-08-07T07:13:52Z,2026-08-14T00:00:00Z,160.8,19.8,22.0,23.3,-2.2,2.2
5-10 дней,2026-08-07T07:13:52Z,2026-08-14T01:00:00Z,161.8,19.4,20.4,22.0,-1.0,1.0
5-10 дней,2026-08-07T07:13:52Z,2026-08-14T02:00:00Z,162.8,19.0,21.7,20.5,-2.7,2.7
5-10 дней,2026-08-07T07:13:52Z,2026-08-14T03:00:00Z,163.8,19.2,20.9,19.9,-1.7,1.7
5-10 дней,2026-08-07T07:13:52Z,2026-08-14T04:00:00Z,164.8,20.4,20.6,19.1,-0.2,0.2
5-10 дней,2026-08-07T07:13:52Z,2026-08-14T05:00:00Z,165.8,22.2,22.1,19.0,0.1,0.1
5-10 дней,2026-08-07T07:13:52Z,2026-08-14T06:00:00Z,166.8,24.1,23.4,20.2,0.7,0.7
5-10 дней,2026-08-07T07:13:52Z,2026-08-14T07:00:00Z,167.8,26.1,25.4,22.6,0.7,0.7
5-10 дней,2026-08-07T07:13:52Z,2026-08-14T08:00:00Z,168.8,28.1,27.9,25.6,0.2,0.2
5-10 дней,2026-08-07T07:13:52Z,2026-08-14T09:00:00Z,169.8,29.9,28.7,27.0,1.2,1.2
5-10 дней,2026-08-07T07:13:52Z,2026-08-14T10:00:00Z,170.8,31.3,29.9,27.8,1.4,1.4
5-10 дней,2026-08-07T10:39:14Z,2026-08-12T11:00:00Z,120.3,35.2,31.5,35.7,3.7,3.7
5-10 дней,2026-08-07T10:39:14Z,2026-08-12T12:00:00Z,121.3,36.1,32.1,36.7,4.0,4.0
5-10 дней,2026-08-07T10:39:14Z,2026-08-12T13:00:00Z,122.3,36.3,33.2,37.1,3.1,3.1
5-10 дней,2026-08-07T10:39:14Z,2026-08-12T14:00:00Z,123.3,36.0,32.9,37.7,3.1,3.1
5-10 дней,2026-08-07T10:39:14Z,2026-08-12T15:00:00Z,124.3,35.1,32.4,37.3,2.7,2.7
5-10 дней,2026-08-07T10:39:14Z,2026-08-12T16:00:00Z,125.3,33.5,31.3,36.2,2.2,2.2
5-10 дней,2026-08-07T10:39:14Z,2026-08-12T17:00:00Z,126.3,31.3,30.0,34.9,1.3,1.3
5-10 дней,2026-08-07T10:39:14Z,2026-08-12T18:00:00Z,127.3,29.3,28.4,33.0,0.9,0.9
5-10 дней,2026-08-07T10:39:14Z,2026-08-12T19:00:00Z,128.3,27.6,27.0,31.2,0.6,0.6
5-10 дней,2026-08-07T10:39:14Z,2026-08-12T20:00:00Z,129.3,26.0,26.3,29.6,-0.3,0.3
5-10 дней,2026-08-07T10:39:14Z,2026-08-12T21:00:00Z,130.3,24.5,25.5,28.3,-1.0,1.0
5-10 дней,2026-08-07T10:39:14Z,2026-08-12T22:00:00Z,131.3,22.8,24.8,29.1,-2.0,2.0
5-10 дней,2026-08-07T10:39:14Z,2026-08-12T23:00:00Z,132.3,21.1,23.8,29.2,-2.7,2.7
5-10 дней,2026-08-07T10:39:14Z,2026-08-13T00:00:00Z,133.3,19.6,23.3,27.7,-3.7,3.7
5-10 дней,2026-08-07T10:39:14Z,2026-08-13T01:00:00Z,134.3,18.2,22.0,26.2,-3.8,3.8
5-10 дней,2026-08-07T10:39:14Z,2026-08-13T02:00:00Z,135.3,17.1,20.5,25.1,-3.4,3.4
5-10 дней,2026-08-07T10:39:14Z,2026-08-13T03:00:00Z,136.3,16.7,19.9,24.0,-3.2,3.2
5-10 дней,2026-08-07T10:39:14Z,2026-08-13T04:00:00Z,137.3,17.5,19.1,23.2,-1.6,1.6
5-10 дней,2026-08-07T10:39:14Z,2026-08-13T05:00:00Z,138.3,19.1,19.0,23.3,0.1,0.1
5-10 дней,2026-08-07T10:39:14Z,2026-08-13T06:00:00Z,139.3,21.1,20.2,23.6,0.9,0.9
5-10 дней,2026-08-07T10:39:14Z,2026-08-13T07:00:00Z,140.3,23.6,22.6,24.2,1.0,1.0
5-10 дней,2026-08-07T10:39:14Z,2026-08-13T08:00:00Z,141.3,26.4,25.6,24.7,0.8,0.8
5-10 дней,2026-08-07T10:39:14Z,2026-08-13T09:00:00Z,142.3,28.9,27.0,27.9,1.9,1.9
5-10 дней,2026-08-07T10:39:14Z,2026-08-13T10:00:00Z,143.3,30.7,27.8,29.8,2.9,2.9
5-10 дней,2026-08-07T10:39:14Z,2026-08-13T11:00:00Z,144.3,32.1,28.6,31.5,3.5,3.5
5-10 дней,2026-08-07T10:39:14Z,2026-08-13T12:00:00Z,145.3,33.0,29.4,32.1,3.6,3.6
5-10 дней,2026-08-07T10:39:14Z,2026-08-13T13:00:00Z,146.3,33.6,31.0,33.2,2.6,2.6
5-10 дней,2026-08-07T10:39:14Z,2026-08-13T14:00:00Z,147.3,33.6,30.7,32.9,2.9,2.9
5-10 дней,2026-08-07T10:39:14Z,2026-08-13T15:00:00Z,148.3,32.9,31.2,32.4,1.7,1.7
5-10 дней,2026-08-07T10:39:14Z,2026-08-13T16:00:00Z,149.3,30.9,30.2,31.3,0.7,0.7
5-10 дней,2026-08-07T10:39:14Z,2026-08-13T17:00:00Z,150.3,28.2,29.5,30.0,-1.3,1.3
5-10 дней,2026-08-07T10:39:14Z,2026-08-13T18:00:00Z,151.3,25.7,27.7,28.4,-2.0,2.0
5-10 дней,2026-08-07T10:39:14Z,2026-08-13T19:00:00Z,152.3,23.9,26.5,27.0,-2.6,2.6
5-10 дней,2026-08-07T10:39:14Z,2026-08-13T20:00:00Z,153.3,22.4,26.0,26.3,-3.6,3.6
5-10 дней,2026-08-07T10:39:14Z,2026-08-13T21:00:00Z,154.3,21.3,25.0,25.5,-3.7,3.7
5-10 дней,2026-08-07T10:39:14Z,2026-08-13T22:00:00Z,155.3,20.5,24.0,24.8,-3.5,3.5
5-10 дней,2026-08-07T10:39:14Z,2026-08-13T23:00:00Z,156.3,20.1,22.8,23.8,-2.7,2.7
5-10 дней,2026-08-07T10:39:14Z,2026-08-14T00:00:00Z,157.3,19.8,22.0,23.3,-2.2,2.2
5-10 дней,2026-08-07T10:39:14Z,2026-08-14T01:00:00Z,158.3,19.4,20.4,22.0,-1.0,1.0
5-10 дней,2026-08-07T10:39:14Z,2026-08-14T02:00:00Z,159.3,19.0,21.7,20.5,-2.7,2.7
5-10 дней,2026-08-07T10:39:14Z,2026-08-14T03:00:00Z,160.3,19.2,20.9,19.9,-1.7,1.7
5-10 дней,2026-08-07T10:39:14Z,2026-08-14T04:00:00Z,161.3,20.4,20.6,19.1,-0.2,0.2
5-10 дней,2026-08-07T10:39:14Z,2026-08-14T05:00:00Z,162.3,22.2,22.1,19.0,0.1,0.1
5-10 дней,2026-08-07T10:39:14Z,2026-08-14T06:00:00Z,163.3,24.1,23.4,20.2,0.7,0.7
5-10 дней,2026-08-07T10:39:14Z,2026-08-14T07:00:00Z,164.3,26.1,25.4,22.6,0.7,0.7
5-10 дней,2026-08-07T10:39:14Z,2026-08-14T08:00:00Z,165.3,28.1,27.9,25.6,0.2,0.2
5-10 дней,2026-08-07T10:39:14Z,2026-08-14T09:00:00Z,166.3,29.9,28.7,27.0,1.2,1.2
5-10 дней,2026-08-07T10:39:14Z,2026-08-14T10:00:00Z,167.3,31.3,29.9,27.8,1.4,1.4
5-10 дней,2026-08-07T16:51:54Z,2026-08-12T17:00:00Z,120.1,32.1,30.0,34.9,2.1,2.1
5-10 дней,2026-08-07T16:51:54Z,2026-08-12T18:00:00Z,121.1,29.8,28.4,33.0,1.4,1.4
5-10 дней,2026-08-07T16:51:54Z,2026-08-12T19:00:00Z,122.1,27.7,27.0,31.2,0.7,0.7
5-10 дней,2026-08-07T16:51:54Z,2026-08-12T20:00:00Z,123.1,25.7,26.3,29.6,-0.6,0.6
5-10 дней,2026-08-07T16:51:54Z,2026-08-12T21:00:00Z,124.1,23.8,25.5,28.3,-1.7,1.7
5-10 дней,2026-08-07T16:51:54Z,2026-08-12T22:00:00Z,125.1,22.4,24.8,29.1,-2.4,2.4
5-10 дней,2026-08-07T16:51:54Z,2026-08-12T23:00:00Z,126.1,21.1,23.8,29.2,-2.7,2.7
5-10 дней,2026-08-07T16:51:54Z,2026-08-13T00:00:00Z,127.1,20.1,23.3,27.7,-3.2,3.2
5-10 дней,2026-08-07T16:51:54Z,2026-08-13T01:00:00Z,128.1,18.9,22.0,26.2,-3.1,3.1
5-10 дней,2026-08-07T16:51:54Z,2026-08-13T02:00:00Z,129.1,18.0,20.5,25.1,-2.5,2.5
5-10 дней,2026-08-07T16:51:54Z,2026-08-13T03:00:00Z,130.1,17.7,19.9,24.0,-2.2,2.2
5-10 дней,2026-08-07T16:51:54Z,2026-08-13T04:00:00Z,131.1,18.6,19.1,23.2,-0.5,0.5
5-10 дней,2026-08-07T16:51:54Z,2026-08-13T05:00:00Z,132.1,20.1,19.0,23.3,1.1,1.1
5-10 дней,2026-08-07T16:51:54Z,2026-08-13T06:00:00Z,133.1,22.2,20.2,23.6,2.0,2.0
5-10 дней,2026-08-07T16:51:54Z,2026-08-13T07:00:00Z,134.1,24.9,22.6,24.2,2.3,2.3
5-10 дней,2026-08-07T16:51:54Z,2026-08-13T08:00:00Z,135.1,28.0,25.6,24.7,2.4,2.4
5-10 дней,2026-08-07T16:51:54Z,2026-08-13T09:00:00Z,136.1,30.7,27.0,27.9,3.7,3.7
5-10 дней,2026-08-07T16:51:54Z,2026-08-13T10:00:00Z,137.1,32.7,27.8,29.8,4.9,4.9
5-10 дней,2026-08-07T16:51:54Z,2026-08-13T11:00:00Z,138.1,34.3,28.6,31.5,5.7,5.7
5-10 дней,2026-08-07T16:51:54Z,2026-08-13T12:00:00Z,139.1,35.4,29.4,32.1,6.0,6.0
5-10 дней,2026-08-07T16:51:54Z,2026-08-13T13:00:00Z,140.1,35.9,31.0,33.2,4.9,4.9
5-10 дней,2026-08-07T16:51:54Z,2026-08-13T14:00:00Z,141.1,35.8,30.7,32.9,5.1,5.1
5-10 дней,2026-08-07T16:51:54Z,2026-08-13T15:00:00Z,142.1,35.1,31.2,32.4,3.9,3.9
5-10 дней,2026-08-07T16:51:54Z,2026-08-13T16:00:00Z,143.1,33.5,30.2,31.3,3.3,3.3
5-10 дней,2026-08-07T16:51:54Z,2026-08-13T17:00:00Z,144.1,31.2,29.5,30.0,1.7,1.7
5-10 дней,2026-08-07T16:51:54Z,2026-08-13T18:00:00Z,145.1,29.0,27.7,28.4,1.3,1.3
5-10 дней,2026-08-07T16:51:54Z,2026-08-13T19:00:00Z,146.1,26.9,26.5,27.0,0.4,0.4
5-10 дней,2026-08-07T16:51:54Z,2026-08-13T20:00:00Z,147.1,24.8,26.0,26.3,-1.2,1.2
5-10 дней,2026-08-07T16:51:54Z,2026-08-13T21:00:00Z,148.1,23.0,25.0,25.5,-2.0,2.0
5-10 дней,2026-08-07T16:51:54Z,2026-08-13T22:00:00Z,149.1,21.8,24.0,24.8,-2.2,2.2
5-10 дней,2026-08-07T16:51:54Z,2026-08-13T23:00:00Z,150.1,20.9,22.8,23.8,-1.9,1.9
5-10 дней,2026-08-07T16:51:54Z,2026-08-14T00:00:00Z,151.1,20.1,22.0,23.3,-1.9,1.9
5-10 дней,2026-08-07T16:51:54Z,2026-08-14T01:00:00Z,152.1,19.0,20.4,22.0,-1.4,1.4
5-10 дней,2026-08-07T16:51:54Z,2026-08-14T02:00:00Z,153.1,18.0,21.7,20.5,-3.7,3.7
5-10 дней,2026-08-07T16:51:54Z,2026-08-14T03:00:00Z,154.1,17.9,20.9,19.9,-3.0,3.0
5-10 дней,2026-08-07T16:51:54Z,2026-08-14T04:00:00Z,155.1,19.5,20.6,19.1,-1.1,1.1
5-10 дней,2026-08-07T16:51:54Z,2026-08-14T05:00:00Z,156.1,22.0,22.1,19.0,-0.1,0.1
5-10 дней,2026-08-07T16:51:54Z,2026-08-14T06:00:00Z,157.1,24.5,23.4,20.2,1.1,1.1
5-10 дней,2026-08-07T16:51:54Z,2026-08-14T07:00:00Z,158.1,27.0,25.4,22.6,1.6,1.6
5-10 дней,2026-08-07T16:51:54Z,2026-08-14T08:00:00Z,159.1,29.6,27.9,25.6,1.7,1.7
5-10 дней,2026-08-07T16:51:54Z,2026-08-14T09:00:00Z,160.1,31.7,28.7,27.0,3.0,3.0
5-10 дней,2026-08-07T16:51:54Z,2026-08-14T10:00:00Z,161.1,33.3,29.9,27.8,3.4,3.4
5-10 дней,2026-08-07T22:45:57Z,2026-08-12T23:00:00Z,120.2,21.1,23.8,29.2,-2.7,2.7
5-10 дней,2026-08-07T22:45:57Z,2026-08-13T00:00:00Z,121.2,20.1,23.3,27.7,-3.2,3.2
5-10 дней,2026-08-07T22:45:57Z,2026-08-13T01:00:00Z,122.2,18.9,22.0,26.2,-3.1,3.1
5-10 дней,2026-08-07T22:45:57Z,2026-08-13T02:00:00Z,123.2,18.0,20.5,25.1,-2.5,2.5
5-10 дней,2026-08-07T22:45:57Z,2026-08-13T03:00:00Z,124.2,17.7,19.9,24.0,-2.2,2.2
5-10 дней,2026-08-07T22:45:57Z,2026-08-13T04:00:00Z,125.2,18.6,19.1,23.2,-0.5,0.5
5-10 дней,2026-08-07T22:45:57Z,2026-08-13T05:00:00Z,126.2,20.1,19.0,23.3,1.1,1.1
5-10 дней,2026-08-07T22:45:57Z,2026-08-13T06:00:00Z,127.2,22.2,20.2,23.6,2.0,2.0
5-10 дней,2026-08-07T22:45:57Z,2026-08-13T07:00:00Z,128.2,24.9,22.6,24.2,2.3,2.3
5-10 дней,2026-08-07T22:45:57Z,2026-08-13T08:00:00Z,129.2,28.0,25.6,24.7,2.4,2.4
5-10 дней,2026-08-07T22:45:57Z,2026-08-13T09:00:00Z,130.2,30.7,27.0,27.9,3.7,3.7
5-10 дней,2026-08-07T22:45:57Z,2026-08-13T10:00:00Z,131.2,32.7,27.8,29.8,4.9,4.9
5-10 дней,2026-08-07T22:45:57Z,2026-08-13T11:00:00Z,132.2,34.3,28.6,31.5,5.7,5.7
5-10 дней,2026-08-07T22:45:57Z,2026-08-13T12:00:00Z,133.2,35.4,29.4,32.1,6.0,6.0
5-10 дней,2026-08-07T22:45:57Z,2026-08-13T13:00:00Z,134.2,35.9,31.0,33.2,4.9,4.9
5-10 дней,2026-08-07T22:45:57Z,2026-08-13T14:00:00Z,135.2,35.8,30.7,32.9,5.1,5.1
5-10 дней,2026-08-07T22:45:57Z,2026-08-13T15:00:00Z,136.2,35.1,31.2,32.4,3.9,3.9
5-10 дней,2026-08-07T22:45:57Z,2026-08-13T16:00:00Z,137.2,33.5,30.2,31.3,3.3,3.3
5-10 дней,2026-08-07T22:45:57Z,2026-08-13T17:00:00Z,138.2,31.2,29.5,30.0,1.7,1.7
5-10 дней,2026-08-07T22:45:57Z,2026-08-13T18:00:00Z,139.2,29.0,27.7,28.4,1.3,1.3
5-10 дней,2026-08-07T22:45:57Z,2026-08-13T19:00:00Z,140.2,26.9,26.5,27.0,0.4,0.4
5-10 дней,2026-08-07T22:45:57Z,2026-08-13T20:00:00Z,141.2,24.8,26.0,26.3,-1.2,1.2
5-10 дней,2026-08-07T22:45:57Z,2026-08-13T21:00:00Z,142.2,23.0,25.0,25.5,-2.0,2.0
5-10 дней,2026-08-07T22:45:57Z,2026-08-13T22:00:00Z,143.2,21.8,24.0,24.8,-2.2,2.2
5-10 дней,2026-08-07T22:45:57Z,2026-08-13T23:00:00Z,144.2,20.9,22.8,23.8,-1.9,1.9
5-10 дней,2026-08-07T22:45:57Z,2026-08-14T00:00:00Z,145.2,20.1,22.0,23.3,-1.9,1.9
5-10 дней,2026-08-07T22:45:57Z,2026-08-14T01:00:00Z,146.2,19.0,20.4,22.0,-1.4,1.4
5-10 дней,2026-08-07T22:45:57Z,2026-08-14T02:00:00Z,147.2,18.0,21.7,20.5,-3.7,3.7
5-10 дней,2026-08-07T22:45:57Z,2026-08-14T03:00:00Z,148.2,17.9,20.9,19.9,-3.0,3.0
5-10 дней,2026-08-07T22:45:57Z,2026-08-14T04:00:00Z,149.2,19.5,20.6,19.1,-1.1,1.1
5-10 дней,2026-08-07T22:45:57Z,2026-08-14T05:00:00Z,150.2,22.0,22.1,19.0,-0.1,0.1
5-10 дней,2026-08-07T22:45:57Z,2026-08-14T06:00:00Z,151.2,24.5,23.4,20.2,1.1,1.1
5-10 дней,2026-08-07T22:45:57Z,2026-08-14T07:00:00Z,152.2,27.0,25.4,22.6,1.6,1.6
5-10 дней,2026-08-07T22:45:57Z,2026-08-14T08:00:00Z,153.2,29.6,27.9,25.6,1.7,1.7
5-10 дней,2026-08-07T22:45:57Z,2026-08-14T09:00:00Z,154.2,31.7,28.7,27.0,3.0,3.0
5-10 дней,2026-08-07T22:45:57Z,2026-08-14T10:00:00Z,155.2,33.3,29.9,27.8,3.4,3.4
5-10 дней,2026-08-07T23:19:23Z,2026-08-13T00:00:00Z,120.7,20.1,23.3,27.7,-3.2,3.2
5-10 дней,2026-08-07T23:19:23Z,2026-08-13T01:00:00Z,121.7,18.9,22.0,26.2,-3.1,3.1
5-10 дней,2026-08-07T23:19:23Z,2026-08-13T02:00:00Z,122.7,18.0,20.5,25.1,-2.5,2.5
5-10 дней,2026-08-07T23:19:23Z,2026-08-13T03:00:00Z,123.7,17.7,19.9,24.0,-2.2,2.2
5-10 дней,2026-08-07T23:19:23Z,2026-08-13T04:00:00Z,124.7,18.6,19.1,23.2,-0.5,0.5
5-10 дней,2026-08-07T23:19:23Z,2026-08-13T05:00:00Z,125.7,20.1,19.0,23.3,1.1,1.1
5-10 дней,2026-08-07T23:19:23Z,2026-08-13T06:00:00Z,126.7,22.2,20.2,23.6,2.0,2.0
5-10 дней,2026-08-07T23:19:23Z,2026-08-13T07:00:00Z,127.7,24.9,22.6,24.2,2.3,2.3
5-10 дней,2026-08-07T23:19:23Z,2026-08-13T08:00:00Z,128.7,28.0,25.6,24.7,2.4,2.4
5-10 дней,2026-08-07T23:19:23Z,2026-08-13T09:00:00Z,129.7,30.7,27.0,27.9,3.7,3.7
5-10 дней,2026-08-07T23:19:23Z,2026-08-13T10:00:00Z,130.7,32.7,27.8,29.8,4.9,4.9
5-10 дней,2026-08-07T23:19:23Z,2026-08-13T11:00:00Z,131.7,34.3,28.6,31.5,5.7,5.7
5-10 дней,2026-08-07T23:19:23Z,2026-08-13T12:00:00Z,132.7,35.4,29.4,32.1,6.0,6.0
5-10 дней,2026-08-07T23:19:23Z,2026-08-13T13:00:00Z,133.7,35.9,31.0,33.2,4.9,4.9
5-10 дней,2026-08-07T23:19:23Z,2026-08-13T14:00:00Z,134.7,35.8,30.7,32.9,5.1,5.1
5-10 дней,2026-08-07T23:19:23Z,2026-08-13T15:00:00Z,135.7,35.1,31.2,32.4,3.9,3.9
5-10 дней,2026-08-07T23:19:23Z,2026-08-13T16:00:00Z,136.7,33.5,30.2,31.3,3.3,3.3
5-10 дней,2026-08-07T23:19:23Z,2026-08-13T17:00:00Z,137.7,31.2,29.5,30.0,1.7,1.7
5-10 дней,2026-08-07T23:19:23Z,2026-08-13T18:00:00Z,138.7,29.0,27.7,28.4,1.3,1.3
5-10 дней,2026-08-07T23:19:23Z,2026-08-13T19:00:00Z,139.7,26.9,26.5,27.0,0.4,0.4
5-10 дней,2026-08-07T23:19:23Z,2026-08-13T20:00:00Z,140.7,24.8,26.0,26.3,-1.2,1.2
5-10 дней,2026-08-07T23:19:23Z,2026-08-13T21:00:00Z,141.7,23.0,25.0,25.5,-2.0,2.0
5-10 дней,2026-08-07T23:19:23Z,2026-08-13T22:00:00Z,142.7,21.8,24.0,24.8,-2.2,2.2
5-10 дней,2026-08-07T23:19:23Z,2026-08-13T23:00:00Z,143.7,20.9,22.8,23.8,-1.9,1.9
5-10 дней,2026-08-07T23:19:23Z,2026-08-14T00:00:00Z,144.7,20.1,22.0,23.3,-1.9,1.9
5-10 дней,2026-08-07T23:19:23Z,2026-08-14T01:00:00Z,145.7,19.0,20.4,22.0,-1.4,1.4
5-10 дней,2026-08-07T23:19:23Z,2026-08-14T02:00:00Z,146.7,18.0,21.7,20.5,-3.7,3.7
5-10 дней,2026-08-07T23:19:23Z,2026-08-14T03:00:00Z,147.7,17.9,20.9,19.9,-3.0,3.0
5-10 дней,2026-08-07T23:19:23Z,2026-08-14T04:00:00Z,148.7,19.5,20.6,19.1,-1.1,1.1
5-10 дней,2026-08-07T23:19:23Z,2026-08-14T05:00:00Z,149.7,22.0,22.1,19.0,-0.1,0.1
5-10 дней,2026-08-07T23:19:23Z,2026-08-14T06:00:00Z,150.7,24.5,23.4,20.2,1.1,1.1
5-10 дней,2026-08-07T23:19:23Z,2026-08-14T07:00:00Z,151.7,27.0,25.4,22.6,1.6,1.6
5-10 дней,2026-08-07T23:19:23Z,2026-08-14T08:00:00Z,152.7,29.6,27.9,25.6,1.7,1.7
5-10 дней,2026-08-07T23:19:23Z,2026-08-14T09:00:00Z,153.7,31.7,28.7,27.0,3.0,3.0
5-10 дней,2026-08-07T23:19:23Z,2026-08-14T10:00:00Z,154.7,33.3,29.9,27.8,3.4,3.4
5-10 дней,2026-08-08T04:50:53Z,2026-08-13T05:00:00Z,120.2,18.1,19.0,23.3,-0.9,0.9
5-10 дней,2026-08-08T04:50:53Z,2026-08-13T06:00:00Z,121.2,20.0,20.2,23.6,-0.2,0.2
5-10 дней,2026-08-08T04:50:53Z,2026-08-13T07:00:00Z,122.2,22.6,22.6,24.2,0.0,0.0
5-10 дней,2026-08-08T04:50:53Z,2026-08-13T08:00:00Z,123.2,25.5,25.6,24.7,-0.1,0.1
5-10 дней,2026-08-08T04:50:53Z,2026-08-13T09:00:00Z,124.2,28.1,27.0,27.9,1.1,1.1
5-10 дней,2026-08-08T04:50:53Z,2026-08-13T10:00:00Z,125.2,29.9,27.8,29.8,2.1,2.1
5-10 дней,2026-08-08T04:50:53Z,2026-08-13T11:00:00Z,126.2,31.3,28.6,31.5,2.7,2.7
5-10 дней,2026-08-08T04:50:53Z,2026-08-13T12:00:00Z,127.2,32.2,29.4,32.1,2.8,2.8
5-10 дней,2026-08-08T04:50:53Z,2026-08-13T13:00:00Z,128.2,32.7,31.0,33.2,1.7,1.7
5-10 дней,2026-08-08T04:50:53Z,2026-08-13T14:00:00Z,129.2,32.7,30.7,32.9,2.0,2.0
5-10 дней,2026-08-08T04:50:53Z,2026-08-13T15:00:00Z,130.2,32.0,31.2,32.4,0.8,0.8
5-10 дней,2026-08-08T04:50:53Z,2026-08-13T16:00:00Z,131.2,30.0,30.2,31.3,-0.2,0.2
5-10 дней,2026-08-08T04:50:53Z,2026-08-13T17:00:00Z,132.2,27.3,29.5,30.0,-2.2,2.2
5-10 дней,2026-08-08T04:50:53Z,2026-08-13T18:00:00Z,133.2,24.8,27.7,28.4,-2.9,2.9
5-10 дней,2026-08-08T04:50:53Z,2026-08-13T19:00:00Z,134.2,23.0,26.5,27.0,-3.5,3.5
5-10 дней,2026-08-08T04:50:53Z,2026-08-13T20:00:00Z,135.2,21.5,26.0,26.3,-4.5,4.5
5-10 дней,2026-08-08T04:50:53Z,2026-08-13T21:00:00Z,136.2,20.0,25.0,25.5,-5.0,5.0
5-10 дней,2026-08-08T04:50:53Z,2026-08-13T22:00:00Z,137.2,18.2,24.0,24.8,-5.8,5.8
5-10 дней,2026-08-08T04:50:53Z,2026-08-13T23:00:00Z,138.2,16.4,22.8,23.8,-6.4,6.4
5-10 дней,2026-08-08T04:50:53Z,2026-08-14T00:00:00Z,139.2,14.9,22.0,23.3,-7.1,7.1
5-10 дней,2026-08-08T04:50:53Z,2026-08-14T01:00:00Z,140.2,13.5,20.4,22.0,-6.9,6.9
5-10 дней,2026-08-08T04:50:53Z,2026-08-14T02:00:00Z,141.2,12.4,21.7,20.5,-9.3,9.3
5-10 дней,2026-08-08T04:50:53Z,2026-08-14T03:00:00Z,142.2,12.4,20.9,19.9,-8.5,8.5
5-10 дней,2026-08-08T04:50:53Z,2026-08-14T04:00:00Z,143.2,14.0,20.6,19.1,-6.6,6.6
5-10 дней,2026-08-08T04:50:53Z,2026-08-14T05:00:00Z,144.2,16.7,22.1,19.0,-5.4,5.4
5-10 дней,2026-08-08T04:50:53Z,2026-08-14T06:00:00Z,145.2,19.6,23.4,20.2,-3.8,3.8
5-10 дней,2026-08-08T04:50:53Z,2026-08-14T07:00:00Z,146.2,22.9,25.4,22.6,-2.5,2.5
5-10 дней,2026-08-08T04:50:53Z,2026-08-14T08:00:00Z,147.2,26.4,27.9,25.6,-1.5,1.5
5-10 дней,2026-08-08T04:50:53Z,2026-08-14T09:00:00Z,148.2,29.3,28.7,27.0,0.6,0.6
5-10 дней,2026-08-08T04:50:53Z,2026-08-14T10:00:00Z,149.2,31.2,29.9,27.8,1.3,1.3
5-10 дней,2026-08-08T10:18:13Z,2026-08-13T11:00:00Z,120.7,31.3,28.6,31.5,2.7,2.7
5-10 дней,2026-08-08T10:18:13Z,2026-08-13T12:00:00Z,121.7,32.2,29.4,32.1,2.8,2.8
5-10 дней,2026-08-08T10:18:13Z,2026-08-13T13:00:00Z,122.7,32.7,31.0,33.2,1.7,1.7
5-10 дней,2026-08-08T10:18:13Z,2026-08-13T14:00:00Z,123.7,32.7,30.7,32.9,2.0,2.0
5-10 дней,2026-08-08T10:18:13Z,2026-08-13T15:00:00Z,124.7,32.0,31.2,32.4,0.8,0.8
5-10 дней,2026-08-08T10:18:13Z,2026-08-13T16:00:00Z,125.7,30.0,30.2,31.3,-0.2,0.2
5-10 дней,2026-08-08T10:18:13Z,2026-08-13T17:00:00Z,126.7,27.3,29.5,30.0,-2.2,2.2
5-10 дней,2026-08-08T10:18:13Z,2026-08-13T18:00:00Z,127.7,24.8,27.7,28.4,-2.9,2.9
5-10 дней,2026-08-08T10:18:13Z,2026-08-13T19:00:00Z,128.7,23.0,26.5,27.0,-3.5,3.5
5-10 дней,2026-08-08T10:18:13Z,2026-08-13T20:00:00Z,129.7,21.5,26.0,26.3,-4.5,4.5
5-10 дней,2026-08-08T10:18:13Z,2026-08-13T21:00:00Z,130.7,20.0,25.0,25.5,-5.0,5.0
5-10 дней,2026-08-08T10:18:13Z,2026-08-13T22:00:00Z,131.7,18.2,24.0,24.8,-5.8,5.8
5-10 дней,2026-08-08T10:18:13Z,2026-08-13T23:00:00Z,132.7,16.4,22.8,23.8,-6.4,6.4
5-10 дней,2026-08-08T10:18:13Z,2026-08-14T00:00:00Z,133.7,14.9,22.0,23.3,-7.1,7.1
5-10 дней,2026-08-08T10:18:13Z,2026-08-14T01:00:00Z,134.7,13.5,20.4,22.0,-6.9,6.9
5-10 дней,2026-08-08T10:18:13Z,2026-08-14T02:00:00Z,135.7,12.4,21.7,20.5,-9.3,9.3
5-10 дней,2026-08-08T10:18:13Z,2026-08-14T03:00:00Z,136.7,12.4,20.9,19.9,-8.5,8.5
5-10 дней,2026-08-08T10:18:13Z,2026-08-14T04:00:00Z,137.7,14.0,20.6,19.1,-6.6,6.6
5-10 дней,2026-08-08T10:18:13Z,2026-08-14T05:00:00Z,138.7,16.7,22.1,19.0,-5.4,5.4
5-10 дней,2026-08-08T10:18:13Z,2026-08-14T06:00:00Z,139.7,19.6,23.4,20.2,-3.8,3.8
5-10 дней,2026-08-08T10:18:13Z,2026-08-14T07:00:00Z,140.7,22.9,25.4,22.6,-2.5,2.5
5-10 дней,2026-08-08T10:18:13Z,2026-08-14T08:00:00Z,141.7,26.4,27.9,25.6,-1.5,1.5
5-10 дней,2026-08-08T10:18:13Z,2026-08-14T09:00:00Z,142.7,29.3,28.7,27.0,0.6,0.6
5-10 дней,2026-08-08T10:18:13Z,2026-08-14T10:00:00Z,143.7,31.2,29.9,27.8,1.3,1.3
5-10 дней,2026-08-08T22:37:20Z,2026-08-13T23:00:00Z,120.4,18.8,22.8,23.8,-4.0,4.0
5-10 дней,2026-08-08T22:37:20Z,2026-08-14T00:00:00Z,121.4,18.1,22.0,23.3,-3.9,3.9
5-10 дней,2026-08-08T22:37:20Z,2026-08-14T01:00:00Z,122.4,17.0,20.4,22.0,-3.4,3.4
5-10 дней,2026-08-08T22:37:20Z,2026-08-14T02:00:00Z,123.4,15.9,21.7,20.5,-5.8,5.8
5-10 дней,2026-08-08T22:37:20Z,2026-08-14T03:00:00Z,124.4,15.6,20.9,19.9,-5.3,5.3
5-10 дней,2026-08-08T22:37:20Z,2026-08-14T04:00:00Z,125.4,16.4,20.6,19.1,-4.2,4.2
5-10 дней,2026-08-08T22:37:20Z,2026-08-14T05:00:00Z,126.4,18.0,22.1,19.0,-4.1,4.1
5-10 дней,2026-08-08T22:37:20Z,2026-08-14T06:00:00Z,127.4,20.2,23.4,20.2,-3.2,3.2
5-10 дней,2026-08-08T22:37:20Z,2026-08-14T07:00:00Z,128.4,23.2,25.4,22.6,-2.2,2.2
5-10 дней,2026-08-08T22:37:20Z,2026-08-14T08:00:00Z,129.4,26.7,27.9,25.6,-1.2,1.2
5-10 дней,2026-08-08T22:37:20Z,2026-08-14T09:00:00Z,130.4,29.6,28.7,27.0,0.9,0.9
5-10 дней,2026-08-08T22:37:20Z,2026-08-14T10:00:00Z,131.4,31.4,29.9,27.8,1.5,1.5
5-10 дней,2026-08-09T04:59:03Z,2026-08-14T05:00:00Z,120.0,17.2,22.1,19.0,-4.9,4.9
5-10 дней,2026-08-09T04:59:03Z,2026-08-14T06:00:00Z,121.0,19.4,23.4,20.2,-4.0,4.0
5-10 дней,2026-08-09T04:59:03Z,2026-08-14T07:00:00Z,122.0,22.4,25.4,22.6,-3.0,3.0
5-10 дней,2026-08-09T04:59:03Z,2026-08-14T08:00:00Z,123.0,25.8,27.9,25.6,-2.1,2.1
5-10 дней,2026-08-09T04:59:03Z,2026-08-14T09:00:00Z,124.0,28.6,28.7,27.0,-0.1,0.1
5-10 дней,2026-08-09T04:59:03Z,2026-08-14T10:00:00Z,125.0,30.4,29.9,27.8,0.5,0.5
