# Нови-Сад / Ветер / 0-6ч, 6-24ч, 1-2 дня, 2-3 дня / WeatherAPI.com
# n=2029, MAE=1.296, RMSE=1.675, bias=+1.045
# skill = 1 - (RMSE/RMSE_персистентности)^2 = 1 - (1.675/1.149)^2 = -1.1242  (RMSE_персистентности по 2029 пар(ам))
# persistence baseline = смешанный (разный по периодам в пуле) - выбран автоматически как более сильный (ниже RMSE) из двух кандидатов для этого периода, одинаково для всех источников
# «Общий» = объединённый пул пар из периодов: 0-6ч, 6-24ч, 1-2 дня, 2-3 дня - метрика посчитана заново по всему пулу, а не усреднена по периодам
#
bucket,fetched_at,valid_time,lead_hours,forecast,observed,persistence,error,abs_error
0-6ч,2026-08-06T10:47:54Z,2026-08-06T11:00:00Z,0.2,3.194,3.0,3.0,0.194,0.194
0-6ч,2026-08-06T10:47:54Z,2026-08-06T12:00:00Z,1.2,3.694,2.0,3.0,1.694,1.694
0-6ч,2026-08-06T10:47:54Z,2026-08-06T13:00:00Z,2.2,4.889,3.0,3.0,1.889,1.889
0-6ч,2026-08-06T10:47:54Z,2026-08-06T14:00:00Z,3.2,4.306,2.0,3.0,2.306,2.306
0-6ч,2026-08-06T10:47:54Z,2026-08-06T15:00:00Z,4.2,2.889,4.0,3.0,-1.111,1.111
0-6ч,2026-08-06T10:47:54Z,2026-08-06T16:00:00Z,5.2,1.694,2.0,3.0,-0.306,0.306
0-6ч,2026-08-06T11:30:42Z,2026-08-06T12:00:00Z,0.5,3.694,2.0,3.0,1.694,1.694
0-6ч,2026-08-06T11:30:42Z,2026-08-06T13:00:00Z,1.5,4.889,3.0,3.0,1.889,1.889
0-6ч,2026-08-06T11:30:42Z,2026-08-06T14:00:00Z,2.5,4.306,2.0,3.0,2.306,2.306
0-6ч,2026-08-06T11:30:42Z,2026-08-06T15:00:00Z,3.5,2.889,4.0,3.0,-1.111,1.111
0-6ч,2026-08-06T11:30:42Z,2026-08-06T16:00:00Z,4.5,1.694,2.0,3.0,-0.306,0.306
0-6ч,2026-08-06T11:30:42Z,2026-08-06T17:00:00Z,5.5,1.611,2.0,3.0,-0.389,0.389
0-6ч,2026-08-06T11:36:01Z,2026-08-06T12:00:00Z,0.4,3.694,2.0,3.0,1.694,1.694
0-6ч,2026-08-06T11:36:01Z,2026-08-06T13:00:00Z,1.4,4.889,3.0,3.0,1.889,1.889
0-6ч,2026-08-06T11:36:01Z,2026-08-06T14:00:00Z,2.4,4.306,2.0,3.0,2.306,2.306
0-6ч,2026-08-06T11:36:01Z,2026-08-06T15:00:00Z,3.4,2.889,4.0,3.0,-1.111,1.111
0-6ч,2026-08-06T11:36:01Z,2026-08-06T16:00:00Z,4.4,1.694,2.0,3.0,-0.306,0.306
0-6ч,2026-08-06T11:36:01Z,2026-08-06T17:00:00Z,5.4,1.611,2.0,3.0,-0.389,0.389
0-6ч,2026-08-06T11:44:08Z,2026-08-06T12:00:00Z,0.3,3.694,2.0,3.0,1.694,1.694
0-6ч,2026-08-06T11:44:08Z,2026-08-06T13:00:00Z,1.3,4.889,3.0,3.0,1.889,1.889
0-6ч,2026-08-06T11:44:08Z,2026-08-06T14:00:00Z,2.3,4.306,2.0,3.0,2.306,2.306
0-6ч,2026-08-06T11:44:08Z,2026-08-06T15:00:00Z,3.3,2.889,4.0,3.0,-1.111,1.111
0-6ч,2026-08-06T11:44:08Z,2026-08-06T16:00:00Z,4.3,1.694,2.0,3.0,-0.306,0.306
0-6ч,2026-08-06T11:44:08Z,2026-08-06T17:00:00Z,5.3,1.611,2.0,3.0,-0.389,0.389
0-6ч,2026-08-07T01:31:32Z,2026-08-07T02:00:00Z,0.5,1.0,1.0,1.0,0.0,0.0
0-6ч,2026-08-07T01:31:32Z,2026-08-07T03:00:00Z,1.5,0.694,0.0,1.0,0.694,0.694
0-6ч,2026-08-07T01:31:32Z,2026-08-07T04:00:00Z,2.5,0.889,1.0,1.0,-0.111,0.111
0-6ч,2026-08-07T01:31:32Z,2026-08-07T05:00:00Z,3.5,1.306,1.0,1.0,0.306,0.306
0-6ч,2026-08-07T01:31:32Z,2026-08-07T06:00:00Z,4.5,1.389,1.0,1.0,0.389,0.389
0-6ч,2026-08-07T01:31:32Z,2026-08-07T07:00:00Z,5.5,2.694,1.0,1.0,1.694,1.694
0-6ч,2026-08-07T05:36:00Z,2026-08-07T06:00:00Z,0.4,2.0,1.0,1.0,1.0,1.0
0-6ч,2026-08-07T05:36:00Z,2026-08-07T07:00:00Z,1.4,1.889,1.0,1.0,0.889,0.889
0-6ч,2026-08-07T05:36:00Z,2026-08-07T08:00:00Z,2.4,2.694,1.0,1.0,1.694,1.694
0-6ч,2026-08-07T05:36:00Z,2026-08-07T09:00:00Z,3.4,3.306,1.0,1.0,2.306,2.306
0-6ч,2026-08-07T05:36:00Z,2026-08-07T10:00:00Z,4.4,3.194,1.0,1.0,2.194,2.194
0-6ч,2026-08-07T05:36:00Z,2026-08-07T11:00:00Z,5.4,3.306,2.0,1.0,1.306,1.306
0-6ч,2026-08-07T06:18:59Z,2026-08-07T07:00:00Z,0.7,1.889,1.0,1.0,0.889,0.889
0-6ч,2026-08-07T06:18:59Z,2026-08-07T08:00:00Z,1.7,2.694,1.0,1.0,1.694,1.694
0-6ч,2026-08-07T06:18:59Z,2026-08-07T09:00:00Z,2.7,3.306,1.0,1.0,2.306,2.306
0-6ч,2026-08-07T06:18:59Z,2026-08-07T10:00:00Z,3.7,3.194,1.0,1.0,2.194,2.194
0-6ч,2026-08-07T06:18:59Z,2026-08-07T11:00:00Z,4.7,3.306,2.0,1.0,1.306,1.306
0-6ч,2026-08-07T06:18:59Z,2026-08-07T12:00:00Z,5.7,3.5,2.0,1.0,1.5,1.5
0-6ч,2026-08-07T07:13:52Z,2026-08-07T08:00:00Z,0.8,2.694,1.0,1.0,1.694,1.694
0-6ч,2026-08-07T07:13:52Z,2026-08-07T09:00:00Z,1.8,3.306,1.0,1.0,2.306,2.306
0-6ч,2026-08-07T07:13:52Z,2026-08-07T10:00:00Z,2.8,3.194,1.0,1.0,2.194,2.194
0-6ч,2026-08-07T07:13:52Z,2026-08-07T11:00:00Z,3.8,3.306,2.0,1.0,1.306,1.306
0-6ч,2026-08-07T07:13:52Z,2026-08-07T12:00:00Z,4.8,3.5,2.0,1.0,1.5,1.5
0-6ч,2026-08-07T07:13:52Z,2026-08-07T13:00:00Z,5.8,4.111,2.0,1.0,2.111,2.111
0-6ч,2026-08-07T10:39:14Z,2026-08-07T11:00:00Z,0.3,2.389,2.0,1.0,0.389,0.389
0-6ч,2026-08-07T10:39:14Z,2026-08-07T12:00:00Z,1.3,2.389,2.0,1.0,0.389,0.389
0-6ч,2026-08-07T10:39:14Z,2026-08-07T13:00:00Z,2.3,2.611,2.0,1.0,0.611,0.611
0-6ч,2026-08-07T10:39:14Z,2026-08-07T14:00:00Z,3.3,2.806,2.0,1.0,0.806,0.806
0-6ч,2026-08-07T10:39:14Z,2026-08-07T15:00:00Z,4.3,3.0,2.0,1.0,1.0,1.0
0-6ч,2026-08-07T10:39:14Z,2026-08-07T16:00:00Z,5.3,2.889,2.0,1.0,0.889,0.889
0-6ч,2026-08-07T16:51:54Z,2026-08-07T17:00:00Z,0.1,4.111,4.0,2.0,0.111,0.111
0-6ч,2026-08-07T16:51:54Z,2026-08-07T18:00:00Z,1.1,2.389,4.0,2.0,-1.611,1.611
0-6ч,2026-08-07T16:51:54Z,2026-08-07T19:00:00Z,2.1,6.611,3.0,2.0,3.611,3.611
0-6ч,2026-08-07T16:51:54Z,2026-08-07T20:00:00Z,3.1,4.889,1.0,2.0,3.889,3.889
0-6ч,2026-08-07T16:51:54Z,2026-08-07T21:00:00Z,4.1,7.389,2.0,2.0,5.389,5.389
0-6ч,2026-08-07T16:51:54Z,2026-08-07T22:00:00Z,5.1,4.194,2.0,2.0,2.194,2.194
0-6ч,2026-08-07T22:45:57Z,2026-08-07T23:00:00Z,0.2,2.111,1.0,2.0,1.111,1.111
0-6ч,2026-08-07T22:45:57Z,2026-08-08T00:00:00Z,1.2,3.0,1.0,2.0,2.0,2.0
0-6ч,2026-08-07T22:45:57Z,2026-08-08T01:00:00Z,2.2,3.194,2.0,2.0,1.194,1.194
0-6ч,2026-08-07T22:45:57Z,2026-08-08T02:00:00Z,3.2,2.611,2.0,2.0,0.611,0.611
0-6ч,2026-08-07T22:45:57Z,2026-08-08T03:00:00Z,4.2,2.889,3.0,2.0,-0.111,0.111
0-6ч,2026-08-07T22:45:57Z,2026-08-08T04:00:00Z,5.2,2.889,3.0,2.0,-0.111,0.111
0-6ч,2026-08-07T23:19:23Z,2026-08-08T00:00:00Z,0.7,3.0,1.0,1.0,2.0,2.0
0-6ч,2026-08-07T23:19:23Z,2026-08-08T01:00:00Z,1.7,3.194,2.0,1.0,1.194,1.194
0-6ч,2026-08-07T23:19:23Z,2026-08-08T02:00:00Z,2.7,2.611,2.0,1.0,0.611,0.611
0-6ч,2026-08-07T23:19:23Z,2026-08-08T03:00:00Z,3.7,2.889,3.0,1.0,-0.111,0.111
0-6ч,2026-08-07T23:19:23Z,2026-08-08T04:00:00Z,4.7,2.889,3.0,1.0,-0.111,0.111
0-6ч,2026-08-07T23:19:23Z,2026-08-08T05:00:00Z,5.7,2.806,1.0,1.0,1.806,1.806
0-6ч,2026-08-08T04:50:53Z,2026-08-08T05:00:00Z,0.2,2.806,1.0,3.0,1.806,1.806
0-6ч,2026-08-08T04:50:53Z,2026-08-08T06:00:00Z,1.2,2.694,2.0,3.0,0.694,0.694
0-6ч,2026-08-08T04:50:53Z,2026-08-08T07:00:00Z,2.2,3.111,2.0,3.0,1.111,1.111
0-6ч,2026-08-08T04:50:53Z,2026-08-08T08:00:00Z,3.2,3.5,2.0,3.0,1.5,1.5
0-6ч,2026-08-08T04:50:53Z,2026-08-08T09:00:00Z,4.2,3.694,1.0,3.0,2.694,2.694
0-6ч,2026-08-08T04:50:53Z,2026-08-08T10:00:00Z,5.2,3.806,2.0,3.0,1.806,1.806
0-6ч,2026-08-08T10:18:13Z,2026-08-08T11:00:00Z,0.7,4.0,2.0,2.0,2.0,2.0
0-6ч,2026-08-08T10:18:13Z,2026-08-08T12:00:00Z,1.7,4.389,2.0,2.0,2.389,2.389
0-6ч,2026-08-08T10:18:13Z,2026-08-08T13:00:00Z,2.7,4.611,2.0,2.0,2.611,2.611
0-6ч,2026-08-08T10:18:13Z,2026-08-08T14:00:00Z,3.7,4.806,2.0,2.0,2.806,2.806
0-6ч,2026-08-08T10:18:13Z,2026-08-08T15:00:00Z,4.7,5.306,2.0,2.0,3.306,3.306
0-6ч,2026-08-08T10:18:13Z,2026-08-08T16:00:00Z,5.7,6.306,2.0,2.0,4.306,4.306
0-6ч,2026-08-08T22:37:20Z,2026-08-08T23:00:00Z,0.4,2.111,2.0,3.0,0.111,0.111
0-6ч,2026-08-08T22:37:20Z,2026-08-09T00:00:00Z,1.4,2.111,3.0,3.0,-0.889,0.889
0-6ч,2026-08-08T22:37:20Z,2026-08-09T01:00:00Z,2.4,1.611,2.0,3.0,-0.389,0.389
0-6ч,2026-08-08T22:37:20Z,2026-08-09T02:00:00Z,3.4,0.889,1.0,3.0,-0.111,0.111
0-6ч,2026-08-08T22:37:20Z,2026-08-09T03:00:00Z,4.4,0.611,1.0,3.0,-0.389,0.389
0-6ч,2026-08-08T22:37:20Z,2026-08-09T04:00:00Z,5.4,0.806,1.0,3.0,-0.194,0.194
0-6ч,2026-08-09T04:59:03Z,2026-08-09T05:00:00Z,0.0,1.0,1.0,1.0,0.0,0.0
0-6ч,2026-08-09T04:59:03Z,2026-08-09T06:00:00Z,1.0,1.611,1.0,1.0,0.611,0.611
0-6ч,2026-08-09T04:59:03Z,2026-08-09T07:00:00Z,2.0,1.889,1.0,1.0,0.889,0.889
0-6ч,2026-08-09T04:59:03Z,2026-08-09T08:00:00Z,3.0,2.389,1.0,1.0,1.389,1.389
0-6ч,2026-08-09T04:59:03Z,2026-08-09T09:00:00Z,4.0,2.611,2.0,1.0,0.611,0.611
0-6ч,2026-08-09T04:59:03Z,2026-08-09T10:00:00Z,5.0,2.611,2.0,1.0,0.611,0.611
0-6ч,2026-08-09T10:19:29Z,2026-08-09T11:00:00Z,0.7,2.194,2.0,2.0,0.194,0.194
0-6ч,2026-08-09T10:19:29Z,2026-08-09T12:00:00Z,1.7,2.306,2.0,2.0,0.306,0.306
0-6ч,2026-08-09T10:19:29Z,2026-08-09T13:00:00Z,2.7,2.194,2.0,2.0,0.194,0.194
0-6ч,2026-08-09T10:19:29Z,2026-08-09T14:00:00Z,3.7,2.306,2.0,2.0,0.306,0.306
0-6ч,2026-08-09T10:19:29Z,2026-08-09T15:00:00Z,4.7,2.194,2.0,2.0,0.194,0.194
0-6ч,2026-08-09T10:19:29Z,2026-08-09T16:00:00Z,5.7,2.194,1.0,2.0,1.194,1.194
0-6ч,2026-08-09T12:41:38Z,2026-08-09T13:00:00Z,0.3,2.194,2.0,2.0,0.194,0.194
0-6ч,2026-08-09T12:41:38Z,2026-08-09T14:00:00Z,1.3,2.306,2.0,2.0,0.306,0.306
0-6ч,2026-08-09T12:41:38Z,2026-08-09T15:00:00Z,2.3,2.194,2.0,2.0,0.194,0.194
0-6ч,2026-08-09T12:41:38Z,2026-08-09T16:00:00Z,3.3,2.194,1.0,2.0,1.194,1.194
0-6ч,2026-08-09T12:41:38Z,2026-08-09T17:00:00Z,4.3,2.194,1.0,2.0,1.194,1.194
0-6ч,2026-08-09T12:41:38Z,2026-08-09T18:00:00Z,5.3,2.306,1.0,2.0,1.306,1.306
0-6ч,2026-08-09T12:45:53Z,2026-08-09T13:00:00Z,0.2,2.194,2.0,2.0,0.194,0.194
0-6ч,2026-08-09T12:45:53Z,2026-08-09T14:00:00Z,1.2,2.306,2.0,2.0,0.306,0.306
0-6ч,2026-08-09T12:45:53Z,2026-08-09T15:00:00Z,2.2,2.194,2.0,2.0,0.194,0.194
0-6ч,2026-08-09T12:45:53Z,2026-08-09T16:00:00Z,3.2,2.194,1.0,2.0,1.194,1.194
0-6ч,2026-08-09T12:45:53Z,2026-08-09T17:00:00Z,4.2,2.194,1.0,2.0,1.194,1.194
0-6ч,2026-08-09T12:45:53Z,2026-08-09T18:00:00Z,5.2,2.306,1.0,2.0,1.306,1.306
0-6ч,2026-08-09T12:48:15Z,2026-08-09T13:00:00Z,0.2,2.194,2.0,2.0,0.194,0.194
0-6ч,2026-08-09T12:48:15Z,2026-08-09T14:00:00Z,1.2,2.306,2.0,2.0,0.306,0.306
0-6ч,2026-08-09T12:48:15Z,2026-08-09T15:00:00Z,2.2,2.194,2.0,2.0,0.194,0.194
0-6ч,2026-08-09T12:48:15Z,2026-08-09T16:00:00Z,3.2,2.194,1.0,2.0,1.194,1.194
0-6ч,2026-08-09T12:48:15Z,2026-08-09T17:00:00Z,4.2,2.194,1.0,2.0,1.194,1.194
0-6ч,2026-08-09T12:48:15Z,2026-08-09T18:00:00Z,5.2,2.306,1.0,2.0,1.306,1.306
0-6ч,2026-08-09T16:31:44Z,2026-08-09T17:00:00Z,0.5,2.0,1.0,1.0,1.0,1.0
0-6ч,2026-08-09T16:31:44Z,2026-08-09T18:00:00Z,1.5,2.194,1.0,1.0,1.194,1.194
0-6ч,2026-08-09T16:31:44Z,2026-08-09T19:00:00Z,2.5,2.306,1.0,1.0,1.306,1.306
0-6ч,2026-08-09T16:31:44Z,2026-08-09T20:00:00Z,3.5,2.111,2.0,1.0,0.111,0.111
0-6ч,2026-08-09T16:31:44Z,2026-08-09T21:00:00Z,4.5,1.889,1.0,1.0,0.889,0.889
0-6ч,2026-08-09T16:31:44Z,2026-08-09T22:00:00Z,5.5,1.889,1.0,1.0,0.889,0.889
0-6ч,2026-08-09T22:39:09Z,2026-08-09T23:00:00Z,0.3,2.0,1.0,1.0,1.0,1.0
0-6ч,2026-08-09T22:39:09Z,2026-08-10T00:00:00Z,1.3,1.889,1.0,1.0,0.889,0.889
0-6ч,2026-08-09T22:39:09Z,2026-08-10T01:00:00Z,2.3,1.694,1.0,1.0,0.694,0.694
0-6ч,2026-08-09T22:39:09Z,2026-08-10T02:00:00Z,3.3,1.806,1.0,1.0,0.806,0.806
0-6ч,2026-08-09T22:39:09Z,2026-08-10T03:00:00Z,4.3,1.806,0.0,1.0,1.806,1.806
0-6ч,2026-08-09T22:39:09Z,2026-08-10T04:00:00Z,5.3,1.889,1.0,1.0,0.889,0.889
0-6ч,2026-08-10T05:20:42Z,2026-08-10T06:00:00Z,0.7,1.611,3.0,2.0,-1.389,1.389
0-6ч,2026-08-10T05:20:42Z,2026-08-10T07:00:00Z,1.7,1.889,2.0,2.0,-0.111,0.111
0-6ч,2026-08-10T05:20:42Z,2026-08-10T08:00:00Z,2.7,2.306,2.0,2.0,0.306,0.306
0-6ч,2026-08-10T05:20:42Z,2026-08-10T09:00:00Z,3.7,2.194,2.0,2.0,0.194,0.194
0-6ч,2026-08-10T05:20:42Z,2026-08-10T10:00:00Z,4.7,2.0,3.0,2.0,-1.0,1.0
0-6ч,2026-08-10T05:20:42Z,2026-08-10T11:00:00Z,5.7,1.611,2.0,2.0,-0.389,0.389
0-6ч,2026-08-10T10:53:28Z,2026-08-10T11:00:00Z,0.1,1.889,2.0,3.0,-0.111,0.111
0-6ч,2026-08-10T10:53:28Z,2026-08-10T12:00:00Z,1.1,1.806,2.0,3.0,-0.194,0.194
0-6ч,2026-08-10T10:53:28Z,2026-08-10T13:00:00Z,2.1,1.389,3.0,3.0,-1.611,1.611
0-6ч,2026-08-10T10:53:28Z,2026-08-10T14:00:00Z,3.1,1.0,3.0,3.0,-2.0,2.0
0-6ч,2026-08-10T10:53:28Z,2026-08-10T15:00:00Z,4.1,0.694,3.0,3.0,-2.306,2.306
0-6ч,2026-08-10T10:53:28Z,2026-08-10T16:00:00Z,5.1,0.806,2.0,3.0,-1.194,1.194
0-6ч,2026-08-10T16:52:05Z,2026-08-10T17:00:00Z,0.1,0.5,1.0,2.0,-0.5,0.5
0-6ч,2026-08-10T16:52:05Z,2026-08-10T18:00:00Z,1.1,1.111,1.0,2.0,0.111,0.111
0-6ч,2026-08-10T16:52:05Z,2026-08-10T19:00:00Z,2.1,2.0,1.0,2.0,1.0,1.0
0-6ч,2026-08-10T16:52:05Z,2026-08-10T20:00:00Z,3.1,1.889,1.0,2.0,0.889,0.889
0-6ч,2026-08-10T16:52:05Z,2026-08-10T21:00:00Z,4.1,2.111,1.0,2.0,1.111,1.111
0-6ч,2026-08-10T16:52:05Z,2026-08-10T22:00:00Z,5.1,2.389,2.0,2.0,0.389,0.389
0-6ч,2026-08-10T22:47:13Z,2026-08-10T23:00:00Z,0.2,2.306,1.0,2.0,1.306,1.306
0-6ч,2026-08-10T22:47:13Z,2026-08-11T00:00:00Z,1.2,2.111,0.0,2.0,2.111,2.111
0-6ч,2026-08-10T22:47:13Z,2026-08-11T01:00:00Z,2.2,1.694,0.0,2.0,1.694,1.694
0-6ч,2026-08-10T22:47:13Z,2026-08-11T02:00:00Z,3.2,2.111,1.0,2.0,1.111,1.111
0-6ч,2026-08-10T22:47:13Z,2026-08-11T03:00:00Z,4.2,0.889,0.0,2.0,0.889,0.889
0-6ч,2026-08-10T22:47:13Z,2026-08-11T04:00:00Z,5.2,0.806,0.0,2.0,0.806,0.806
0-6ч,2026-08-11T05:01:49Z,2026-08-11T06:00:00Z,1.0,0.194,1.0,0.0,-0.806,0.806
0-6ч,2026-08-11T05:01:49Z,2026-08-11T07:00:00Z,2.0,0.389,2.0,0.0,-1.611,1.611
0-6ч,2026-08-11T05:01:49Z,2026-08-11T08:00:00Z,3.0,0.5,2.0,0.0,-1.5,1.5
0-6ч,2026-08-11T05:01:49Z,2026-08-11T09:00:00Z,4.0,1.0,2.0,0.0,-1.0,1.0
0-6ч,2026-08-11T05:01:49Z,2026-08-11T10:00:00Z,5.0,1.5,2.0,0.0,-0.5,0.5
0-6ч,2026-08-11T05:01:49Z,2026-08-11T11:00:00Z,6.0,1.611,2.0,0.0,-0.389,0.389
0-6ч,2026-08-11T10:38:45Z,2026-08-11T11:00:00Z,0.4,2.194,2.0,2.0,0.194,0.194
0-6ч,2026-08-11T10:38:45Z,2026-08-11T12:00:00Z,1.4,1.694,2.0,2.0,-0.306,0.306
0-6ч,2026-08-11T10:38:45Z,2026-08-11T13:00:00Z,2.4,1.194,1.0,2.0,0.194,0.194
0-6ч,2026-08-11T10:38:45Z,2026-08-11T14:00:00Z,3.4,1.389,1.0,2.0,0.389,0.389
0-6ч,2026-08-11T10:38:45Z,2026-08-11T15:00:00Z,4.4,3.0,1.0,2.0,2.0,2.0
0-6ч,2026-08-11T10:38:45Z,2026-08-11T16:00:00Z,5.4,6.111,1.0,2.0,5.111,5.111
0-6ч,2026-08-12T06:05:22Z,2026-08-12T07:00:00Z,0.9,3.889,2.0,1.0,1.889,1.889
0-6ч,2026-08-12T06:05:22Z,2026-08-12T08:00:00Z,1.9,4.306,1.0,1.0,3.306,3.306
0-6ч,2026-08-12T06:05:22Z,2026-08-12T09:00:00Z,2.9,4.694,2.0,1.0,2.694,2.694
0-6ч,2026-08-12T06:05:22Z,2026-08-12T10:00:00Z,3.9,4.889,2.0,1.0,2.889,2.889
0-6ч,2026-08-12T06:05:22Z,2026-08-12T11:00:00Z,4.9,5.194,2.0,1.0,3.194,3.194
0-6ч,2026-08-12T06:05:22Z,2026-08-12T12:00:00Z,5.9,5.194,2.0,1.0,3.194,3.194
0-6ч,2026-08-12T10:47:03Z,2026-08-12T11:00:00Z,0.2,4.806,2.0,2.0,2.806,2.806
0-6ч,2026-08-12T10:47:03Z,2026-08-12T12:00:00Z,1.2,4.806,2.0,2.0,2.806,2.806
0-6ч,2026-08-12T10:47:03Z,2026-08-12T13:00:00Z,2.2,4.889,2.0,2.0,2.889,2.889
0-6ч,2026-08-12T10:47:03Z,2026-08-12T14:00:00Z,3.2,5.111,2.0,2.0,3.111,3.111
0-6ч,2026-08-12T10:47:03Z,2026-08-12T15:00:00Z,4.2,5.111,2.0,2.0,3.111,3.111
0-6ч,2026-08-12T10:47:03Z,2026-08-12T16:00:00Z,5.2,5.194,2.0,2.0,3.194,3.194
0-6ч,2026-08-12T16:54:57Z,2026-08-12T17:00:00Z,0.1,4.306,2.0,2.0,2.306,2.306
0-6ч,2026-08-12T16:54:57Z,2026-08-12T18:00:00Z,1.1,3.389,2.0,2.0,1.389,1.389
0-6ч,2026-08-12T16:54:57Z,2026-08-12T19:00:00Z,2.1,3.306,2.0,2.0,1.306,1.306
0-6ч,2026-08-12T16:54:57Z,2026-08-12T20:00:00Z,3.1,2.694,2.0,2.0,0.694,0.694
0-6ч,2026-08-12T16:54:57Z,2026-08-12T21:00:00Z,4.1,2.194,2.0,2.0,0.194,0.194
0-6ч,2026-08-12T16:54:57Z,2026-08-12T22:00:00Z,5.1,2.194,2.0,2.0,0.194,0.194
0-6ч,2026-08-12T22:50:47Z,2026-08-12T23:00:00Z,0.2,1.806,2.0,2.0,-0.194,0.194
0-6ч,2026-08-12T22:50:47Z,2026-08-13T00:00:00Z,1.2,1.889,3.0,2.0,-1.111,1.111
0-6ч,2026-08-12T22:50:47Z,2026-08-13T01:00:00Z,2.2,1.889,1.0,2.0,0.889,0.889
0-6ч,2026-08-12T22:50:47Z,2026-08-13T02:00:00Z,3.2,1.306,1.0,2.0,0.306,0.306
0-6ч,2026-08-12T22:50:47Z,2026-08-13T03:00:00Z,4.2,1.194,1.0,2.0,0.194,0.194
0-6ч,2026-08-12T22:50:47Z,2026-08-13T04:00:00Z,5.2,1.194,2.0,2.0,-0.806,0.806
0-6ч,2026-08-13T05:30:08Z,2026-08-13T06:00:00Z,0.5,1.389,2.0,3.0,-0.611,0.611
0-6ч,2026-08-13T05:30:08Z,2026-08-13T07:00:00Z,1.5,1.806,1.0,3.0,0.806,0.806
0-6ч,2026-08-13T05:30:08Z,2026-08-13T08:00:00Z,2.5,2.0,2.0,3.0,0.0,0.0
0-6ч,2026-08-13T05:30:08Z,2026-08-13T09:00:00Z,3.5,2.111,2.0,3.0,0.111,0.111
0-6ч,2026-08-13T05:30:08Z,2026-08-13T10:00:00Z,4.5,2.306,2.0,3.0,0.306,0.306
0-6ч,2026-08-13T05:30:08Z,2026-08-13T11:00:00Z,5.5,2.5,2.0,3.0,0.5,0.5
0-6ч,2026-08-13T10:49:01Z,2026-08-13T11:00:00Z,0.2,3.389,2.0,2.0,1.389,1.389
0-6ч,2026-08-13T10:49:01Z,2026-08-13T12:00:00Z,1.2,3.5,3.0,2.0,0.5,0.5
0-6ч,2026-08-13T10:49:01Z,2026-08-13T13:00:00Z,2.2,3.389,2.0,2.0,1.389,1.389
0-6ч,2026-08-13T10:49:01Z,2026-08-13T14:00:00Z,3.2,3.389,3.0,2.0,0.389,0.389
0-6ч,2026-08-13T10:49:01Z,2026-08-13T15:00:00Z,4.2,3.5,2.0,2.0,1.5,1.5
0-6ч,2026-08-13T10:49:01Z,2026-08-13T16:00:00Z,5.2,3.611,3.0,2.0,0.611,0.611
0-6ч,2026-08-13T16:36:10Z,2026-08-13T17:00:00Z,0.4,3.194,2.0,3.0,1.194,1.194
0-6ч,2026-08-13T16:36:10Z,2026-08-13T18:00:00Z,1.4,2.611,1.0,3.0,1.611,1.611
0-6ч,2026-08-13T16:36:10Z,2026-08-13T19:00:00Z,2.4,2.194,0.0,3.0,2.194,2.194
0-6ч,2026-08-13T16:36:10Z,2026-08-13T20:00:00Z,3.4,1.889,1.0,3.0,0.889,0.889
0-6ч,2026-08-13T16:36:10Z,2026-08-13T21:00:00Z,4.4,1.889,2.0,3.0,-0.111,0.111
0-6ч,2026-08-13T16:36:10Z,2026-08-13T22:00:00Z,5.4,1.806,2.0,3.0,-0.194,0.194
0-6ч,2026-08-13T16:42:24Z,2026-08-13T17:00:00Z,0.3,3.194,2.0,3.0,1.194,1.194
0-6ч,2026-08-13T16:42:24Z,2026-08-13T18:00:00Z,1.3,2.611,1.0,3.0,1.611,1.611
0-6ч,2026-08-13T16:42:24Z,2026-08-13T19:00:00Z,2.3,2.194,0.0,3.0,2.194,2.194
0-6ч,2026-08-13T16:42:24Z,2026-08-13T20:00:00Z,3.3,1.889,1.0,3.0,0.889,0.889
0-6ч,2026-08-13T16:42:24Z,2026-08-13T21:00:00Z,4.3,1.889,2.0,3.0,-0.111,0.111
0-6ч,2026-08-13T16:42:24Z,2026-08-13T22:00:00Z,5.3,1.806,2.0,3.0,-0.194,0.194
0-6ч,2026-08-13T16:54:22Z,2026-08-13T17:00:00Z,0.1,3.194,2.0,3.0,1.194,1.194
0-6ч,2026-08-13T16:54:22Z,2026-08-13T18:00:00Z,1.1,2.611,1.0,3.0,1.611,1.611
0-6ч,2026-08-13T16:54:22Z,2026-08-13T19:00:00Z,2.1,2.194,0.0,3.0,2.194,2.194
0-6ч,2026-08-13T16:54:22Z,2026-08-13T20:00:00Z,3.1,1.889,1.0,3.0,0.889,0.889
0-6ч,2026-08-13T16:54:22Z,2026-08-13T21:00:00Z,4.1,1.889,2.0,3.0,-0.111,0.111
0-6ч,2026-08-13T16:54:22Z,2026-08-13T22:00:00Z,5.1,1.806,2.0,3.0,-0.194,0.194
0-6ч,2026-08-13T22:52:17Z,2026-08-13T23:00:00Z,0.1,1.5,2.0,2.0,-0.5,0.5
0-6ч,2026-08-13T22:52:17Z,2026-08-14T00:00:00Z,1.1,1.889,1.0,2.0,0.889,0.889
0-6ч,2026-08-13T22:52:17Z,2026-08-14T01:00:00Z,2.1,1.306,1.0,2.0,0.306,0.306
0-6ч,2026-08-13T22:52:17Z,2026-08-14T02:00:00Z,3.1,1.5,2.0,2.0,-0.5,0.5
0-6ч,2026-08-13T22:52:17Z,2026-08-14T03:00:00Z,4.1,1.5,1.0,2.0,0.5,0.5
0-6ч,2026-08-13T22:52:17Z,2026-08-14T04:00:00Z,5.1,1.5,1.0,2.0,0.5,0.5
0-6ч,2026-08-14T05:28:14Z,2026-08-14T06:00:00Z,0.5,0.694,2.0,1.0,-1.306,1.306
0-6ч,2026-08-14T05:28:14Z,2026-08-14T07:00:00Z,1.5,0.889,3.0,1.0,-2.111,2.111
0-6ч,2026-08-14T05:28:14Z,2026-08-14T08:00:00Z,2.5,0.889,2.0,1.0,-1.111,1.111
0-6ч,2026-08-14T05:28:14Z,2026-08-14T09:00:00Z,3.5,0.611,2.0,1.0,-1.389,1.389
0-6ч,2026-08-14T05:28:14Z,2026-08-14T10:00:00Z,4.5,0.5,1.0,1.0,-0.5,0.5
6-24ч,2026-08-06T10:47:54Z,2026-08-06T17:00:00Z,6.2,1.611,2.0,2.0,-0.389,0.389
6-24ч,2026-08-06T10:47:54Z,2026-08-06T18:00:00Z,7.2,2.5,1.0,2.0,1.5,1.5
6-24ч,2026-08-06T10:47:54Z,2026-08-06T19:00:00Z,8.2,3.111,2.0,1.0,1.111,1.111
6-24ч,2026-08-06T10:47:54Z,2026-08-06T20:00:00Z,9.2,3.389,2.0,2.0,1.389,1.389
6-24ч,2026-08-06T10:47:54Z,2026-08-06T21:00:00Z,10.2,2.194,2.0,1.0,0.194,0.194
6-24ч,2026-08-06T10:47:54Z,2026-08-06T22:00:00Z,11.2,2.111,1.0,1.0,1.111,1.111
6-24ч,2026-08-06T10:47:54Z,2026-08-06T23:00:00Z,12.2,2.389,0.0,1.0,2.389,2.389
6-24ч,2026-08-06T10:47:54Z,2026-08-07T00:00:00Z,13.2,2.611,0.0,2.0,2.611,2.611
6-24ч,2026-08-06T10:47:54Z,2026-08-07T01:00:00Z,14.2,0.889,1.0,1.0,-0.111,0.111
6-24ч,2026-08-06T10:47:54Z,2026-08-07T02:00:00Z,15.2,1.0,1.0,2.0,0.0,0.0
6-24ч,2026-08-06T10:47:54Z,2026-08-07T03:00:00Z,16.2,2.0,0.0,2.0,2.0,2.0
6-24ч,2026-08-06T10:47:54Z,2026-08-07T04:00:00Z,17.2,1.611,1.0,2.0,0.611,0.611
6-24ч,2026-08-06T10:47:54Z,2026-08-07T05:00:00Z,18.2,3.306,1.0,2.0,2.306,2.306
6-24ч,2026-08-06T10:47:54Z,2026-08-07T06:00:00Z,19.2,3.889,1.0,2.0,2.889,2.889
6-24ч,2026-08-06T10:47:54Z,2026-08-07T07:00:00Z,20.2,4.0,1.0,3.0,3.0,3.0
6-24ч,2026-08-06T10:47:54Z,2026-08-07T08:00:00Z,21.2,3.694,1.0,3.0,2.694,2.694
6-24ч,2026-08-06T10:47:54Z,2026-08-07T09:00:00Z,22.2,3.389,1.0,2.0,2.389,2.389
6-24ч,2026-08-06T10:47:54Z,2026-08-07T10:00:00Z,23.2,2.806,1.0,3.0,1.806,1.806
6-24ч,2026-08-06T11:30:42Z,2026-08-06T18:00:00Z,6.5,2.5,1.0,2.0,1.5,1.5
6-24ч,2026-08-06T11:30:42Z,2026-08-06T19:00:00Z,7.5,3.111,2.0,1.0,1.111,1.111
6-24ч,2026-08-06T11:30:42Z,2026-08-06T20:00:00Z,8.5,3.389,2.0,2.0,1.389,1.389
6-24ч,2026-08-06T11:30:42Z,2026-08-06T21:00:00Z,9.5,2.194,2.0,1.0,0.194,0.194
6-24ч,2026-08-06T11:30:42Z,2026-08-06T22:00:00Z,10.5,2.111,1.0,1.0,1.111,1.111
6-24ч,2026-08-06T11:30:42Z,2026-08-06T23:00:00Z,11.5,2.389,0.0,1.0,2.389,2.389
6-24ч,2026-08-06T11:30:42Z,2026-08-07T00:00:00Z,12.5,2.611,0.0,2.0,2.611,2.611
6-24ч,2026-08-06T11:30:42Z,2026-08-07T01:00:00Z,13.5,0.889,1.0,1.0,-0.111,0.111
6-24ч,2026-08-06T11:30:42Z,2026-08-07T02:00:00Z,14.5,1.0,1.0,2.0,0.0,0.0
6-24ч,2026-08-06T11:30:42Z,2026-08-07T03:00:00Z,15.5,2.0,0.0,2.0,2.0,2.0
6-24ч,2026-08-06T11:30:42Z,2026-08-07T04:00:00Z,16.5,1.611,1.0,2.0,0.611,0.611
6-24ч,2026-08-06T11:30:42Z,2026-08-07T05:00:00Z,17.5,3.306,1.0,2.0,2.306,2.306
6-24ч,2026-08-06T11:30:42Z,2026-08-07T06:00:00Z,18.5,3.889,1.0,2.0,2.889,2.889
6-24ч,2026-08-06T11:30:42Z,2026-08-07T07:00:00Z,19.5,4.0,1.0,3.0,3.0,3.0
6-24ч,2026-08-06T11:30:42Z,2026-08-07T08:00:00Z,20.5,3.694,1.0,3.0,2.694,2.694
6-24ч,2026-08-06T11:30:42Z,2026-08-07T09:00:00Z,21.5,3.389,1.0,2.0,2.389,2.389
6-24ч,2026-08-06T11:30:42Z,2026-08-07T10:00:00Z,22.5,2.806,1.0,3.0,1.806,1.806
6-24ч,2026-08-06T11:30:42Z,2026-08-07T11:00:00Z,23.5,2.611,2.0,3.0,0.611,0.611
6-24ч,2026-08-06T11:36:01Z,2026-08-06T18:00:00Z,6.4,2.5,1.0,2.0,1.5,1.5
6-24ч,2026-08-06T11:36:01Z,2026-08-06T19:00:00Z,7.4,3.111,2.0,1.0,1.111,1.111
6-24ч,2026-08-06T11:36:01Z,2026-08-06T20:00:00Z,8.4,3.389,2.0,2.0,1.389,1.389
6-24ч,2026-08-06T11:36:01Z,2026-08-06T21:00:00Z,9.4,2.194,2.0,1.0,0.194,0.194
6-24ч,2026-08-06T11:36:01Z,2026-08-06T22:00:00Z,10.4,2.111,1.0,1.0,1.111,1.111
6-24ч,2026-08-06T11:36:01Z,2026-08-06T23:00:00Z,11.4,2.389,0.0,1.0,2.389,2.389
6-24ч,2026-08-06T11:36:01Z,2026-08-07T00:00:00Z,12.4,2.611,0.0,2.0,2.611,2.611
6-24ч,2026-08-06T11:36:01Z,2026-08-07T01:00:00Z,13.4,0.889,1.0,1.0,-0.111,0.111
6-24ч,2026-08-06T11:36:01Z,2026-08-07T02:00:00Z,14.4,1.0,1.0,2.0,0.0,0.0
6-24ч,2026-08-06T11:36:01Z,2026-08-07T03:00:00Z,15.4,2.0,0.0,2.0,2.0,2.0
6-24ч,2026-08-06T11:36:01Z,2026-08-07T04:00:00Z,16.4,1.611,1.0,2.0,0.611,0.611
6-24ч,2026-08-06T11:36:01Z,2026-08-07T05:00:00Z,17.4,3.306,1.0,2.0,2.306,2.306
6-24ч,2026-08-06T11:36:01Z,2026-08-07T06:00:00Z,18.4,3.889,1.0,2.0,2.889,2.889
6-24ч,2026-08-06T11:36:01Z,2026-08-07T07:00:00Z,19.4,4.0,1.0,3.0,3.0,3.0
6-24ч,2026-08-06T11:36:01Z,2026-08-07T08:00:00Z,20.4,3.694,1.0,3.0,2.694,2.694
6-24ч,2026-08-06T11:36:01Z,2026-08-07T09:00:00Z,21.4,3.389,1.0,2.0,2.389,2.389
6-24ч,2026-08-06T11:36:01Z,2026-08-07T10:00:00Z,22.4,2.806,1.0,3.0,1.806,1.806
6-24ч,2026-08-06T11:36:01Z,2026-08-07T11:00:00Z,23.4,2.611,2.0,3.0,0.611,0.611
6-24ч,2026-08-06T11:44:08Z,2026-08-06T18:00:00Z,6.3,2.5,1.0,2.0,1.5,1.5
6-24ч,2026-08-06T11:44:08Z,2026-08-06T19:00:00Z,7.3,3.111,2.0,1.0,1.111,1.111
6-24ч,2026-08-06T11:44:08Z,2026-08-06T20:00:00Z,8.3,3.389,2.0,2.0,1.389,1.389
6-24ч,2026-08-06T11:44:08Z,2026-08-06T21:00:00Z,9.3,2.194,2.0,1.0,0.194,0.194
6-24ч,2026-08-06T11:44:08Z,2026-08-06T22:00:00Z,10.3,2.111,1.0,1.0,1.111,1.111
6-24ч,2026-08-06T11:44:08Z,2026-08-06T23:00:00Z,11.3,2.389,0.0,1.0,2.389,2.389
6-24ч,2026-08-06T11:44:08Z,2026-08-07T00:00:00Z,12.3,2.611,0.0,2.0,2.611,2.611
6-24ч,2026-08-06T11:44:08Z,2026-08-07T01:00:00Z,13.3,0.889,1.0,1.0,-0.111,0.111
6-24ч,2026-08-06T11:44:08Z,2026-08-07T02:00:00Z,14.3,1.0,1.0,2.0,0.0,0.0
6-24ч,2026-08-06T11:44:08Z,2026-08-07T03:00:00Z,15.3,2.0,0.0,2.0,2.0,2.0
6-24ч,2026-08-06T11:44:08Z,2026-08-07T04:00:00Z,16.3,1.611,1.0,2.0,0.611,0.611
6-24ч,2026-08-06T11:44:08Z,2026-08-07T05:00:00Z,17.3,3.306,1.0,2.0,2.306,2.306
6-24ч,2026-08-06T11:44:08Z,2026-08-07T06:00:00Z,18.3,3.889,1.0,2.0,2.889,2.889
6-24ч,2026-08-06T11:44:08Z,2026-08-07T07:00:00Z,19.3,4.0,1.0,3.0,3.0,3.0
6-24ч,2026-08-06T11:44:08Z,2026-08-07T08:00:00Z,20.3,3.694,1.0,3.0,2.694,2.694
6-24ч,2026-08-06T11:44:08Z,2026-08-07T09:00:00Z,21.3,3.389,1.0,2.0,2.389,2.389
6-24ч,2026-08-06T11:44:08Z,2026-08-07T10:00:00Z,22.3,2.806,1.0,3.0,1.806,1.806
6-24ч,2026-08-06T11:44:08Z,2026-08-07T11:00:00Z,23.3,2.611,2.0,3.0,0.611,0.611
6-24ч,2026-08-07T01:31:32Z,2026-08-07T08:00:00Z,6.5,2.889,1.0,3.0,1.889,1.889
6-24ч,2026-08-07T01:31:32Z,2026-08-07T09:00:00Z,7.5,3.194,1.0,2.0,2.194,2.194
6-24ч,2026-08-07T01:31:32Z,2026-08-07T10:00:00Z,8.5,3.306,1.0,3.0,2.306,2.306
6-24ч,2026-08-07T01:31:32Z,2026-08-07T11:00:00Z,9.5,2.611,2.0,3.0,0.611,0.611
6-24ч,2026-08-07T01:31:32Z,2026-08-07T12:00:00Z,10.5,1.806,2.0,2.0,-0.194,0.194
6-24ч,2026-08-07T01:31:32Z,2026-08-07T13:00:00Z,11.5,3.5,2.0,3.0,1.5,1.5
6-24ч,2026-08-07T01:31:32Z,2026-08-07T14:00:00Z,12.5,4.889,2.0,2.0,2.889,2.889
6-24ч,2026-08-07T01:31:32Z,2026-08-07T15:00:00Z,13.5,3.806,2.0,4.0,1.806,1.806
6-24ч,2026-08-07T01:31:32Z,2026-08-07T16:00:00Z,14.5,3.0,2.0,2.0,1.0,1.0
6-24ч,2026-08-07T01:31:32Z,2026-08-07T17:00:00Z,15.5,5.694,4.0,2.0,1.694,1.694
6-24ч,2026-08-07T01:31:32Z,2026-08-07T18:00:00Z,16.5,3.0,4.0,1.0,-1.0,1.0
6-24ч,2026-08-07T01:31:32Z,2026-08-07T19:00:00Z,17.5,1.0,3.0,2.0,-2.0,2.0
6-24ч,2026-08-07T01:31:32Z,2026-08-07T20:00:00Z,18.5,5.5,1.0,2.0,4.5,4.5
6-24ч,2026-08-07T01:31:32Z,2026-08-07T21:00:00Z,19.5,5.111,2.0,2.0,3.111,3.111
6-24ч,2026-08-07T01:31:32Z,2026-08-07T22:00:00Z,20.5,2.5,2.0,1.0,0.5,0.5
6-24ч,2026-08-07T01:31:32Z,2026-08-07T23:00:00Z,21.5,1.806,1.0,0.0,0.806,0.806
6-24ч,2026-08-07T01:31:32Z,2026-08-08T00:00:00Z,22.5,2.194,1.0,0.0,1.194,1.194
6-24ч,2026-08-07T01:31:32Z,2026-08-08T01:00:00Z,23.5,2.806,2.0,1.0,0.806,0.806
6-24ч,2026-08-07T05:36:00Z,2026-08-07T12:00:00Z,6.4,3.5,2.0,2.0,1.5,1.5
6-24ч,2026-08-07T05:36:00Z,2026-08-07T13:00:00Z,7.4,4.111,2.0,3.0,2.111,2.111
6-24ч,2026-08-07T05:36:00Z,2026-08-07T14:00:00Z,8.4,8.111,2.0,2.0,6.111,6.111
6-24ч,2026-08-07T05:36:00Z,2026-08-07T15:00:00Z,9.4,8.194,2.0,4.0,6.194,6.194
6-24ч,2026-08-07T05:36:00Z,2026-08-07T16:00:00Z,10.4,6.694,2.0,2.0,4.694,4.694
6-24ч,2026-08-07T05:36:00Z,2026-08-07T17:00:00Z,11.4,5.5,4.0,2.0,1.5,1.5
6-24ч,2026-08-07T05:36:00Z,2026-08-07T18:00:00Z,12.4,3.694,4.0,1.0,-0.306,0.306
6-24ч,2026-08-07T05:36:00Z,2026-08-07T19:00:00Z,13.4,6.0,3.0,2.0,3.0,3.0
6-24ч,2026-08-07T05:36:00Z,2026-08-07T20:00:00Z,14.4,6.111,1.0,2.0,5.111,5.111
6-24ч,2026-08-07T05:36:00Z,2026-08-07T21:00:00Z,15.4,6.889,2.0,2.0,4.889,4.889
6-24ч,2026-08-07T05:36:00Z,2026-08-07T22:00:00Z,16.4,3.5,2.0,1.0,1.5,1.5
6-24ч,2026-08-07T05:36:00Z,2026-08-07T23:00:00Z,17.4,2.306,1.0,0.0,1.306,1.306
6-24ч,2026-08-07T05:36:00Z,2026-08-08T00:00:00Z,18.4,3.0,1.0,0.0,2.0,2.0
6-24ч,2026-08-07T05:36:00Z,2026-08-08T01:00:00Z,19.4,2.611,2.0,1.0,0.611,0.611
6-24ч,2026-08-07T05:36:00Z,2026-08-08T02:00:00Z,20.4,2.806,2.0,1.0,0.806,0.806
6-24ч,2026-08-07T05:36:00Z,2026-08-08T03:00:00Z,21.4,2.889,3.0,0.0,-0.111,0.111
6-24ч,2026-08-07T05:36:00Z,2026-08-08T04:00:00Z,22.4,3.111,3.0,1.0,0.111,0.111
6-24ч,2026-08-07T05:36:00Z,2026-08-08T05:00:00Z,23.4,3.389,1.0,1.0,2.389,2.389
6-24ч,2026-08-07T06:18:59Z,2026-08-07T13:00:00Z,6.7,4.111,2.0,3.0,2.111,2.111
6-24ч,2026-08-07T06:18:59Z,2026-08-07T14:00:00Z,7.7,8.111,2.0,2.0,6.111,6.111
6-24ч,2026-08-07T06:18:59Z,2026-08-07T15:00:00Z,8.7,8.194,2.0,4.0,6.194,6.194
6-24ч,2026-08-07T06:18:59Z,2026-08-07T16:00:00Z,9.7,6.694,2.0,2.0,4.694,4.694
6-24ч,2026-08-07T06:18:59Z,2026-08-07T17:00:00Z,10.7,5.5,4.0,2.0,1.5,1.5
6-24ч,2026-08-07T06:18:59Z,2026-08-07T18:00:00Z,11.7,3.694,4.0,1.0,-0.306,0.306
6-24ч,2026-08-07T06:18:59Z,2026-08-07T19:00:00Z,12.7,6.0,3.0,2.0,3.0,3.0
6-24ч,2026-08-07T06:18:59Z,2026-08-07T20:00:00Z,13.7,6.111,1.0,2.0,5.111,5.111
6-24ч,2026-08-07T06:18:59Z,2026-08-07T21:00:00Z,14.7,6.889,2.0,2.0,4.889,4.889
6-24ч,2026-08-07T06:18:59Z,2026-08-07T22:00:00Z,15.7,3.5,2.0,1.0,1.5,1.5
6-24ч,2026-08-07T06:18:59Z,2026-08-07T23:00:00Z,16.7,2.306,1.0,0.0,1.306,1.306
6-24ч,2026-08-07T06:18:59Z,2026-08-08T00:00:00Z,17.7,3.0,1.0,0.0,2.0,2.0
6-24ч,2026-08-07T06:18:59Z,2026-08-08T01:00:00Z,18.7,2.611,2.0,1.0,0.611,0.611
6-24ч,2026-08-07T06:18:59Z,2026-08-08T02:00:00Z,19.7,2.806,2.0,1.0,0.806,0.806
6-24ч,2026-08-07T06:18:59Z,2026-08-08T03:00:00Z,20.7,2.889,3.0,0.0,-0.111,0.111
6-24ч,2026-08-07T06:18:59Z,2026-08-08T04:00:00Z,21.7,3.111,3.0,1.0,0.111,0.111
6-24ч,2026-08-07T06:18:59Z,2026-08-08T05:00:00Z,22.7,3.389,1.0,1.0,2.389,2.389
6-24ч,2026-08-07T06:18:59Z,2026-08-08T06:00:00Z,23.7,3.306,2.0,1.0,1.306,1.306
6-24ч,2026-08-07T07:13:52Z,2026-08-07T14:00:00Z,6.8,8.111,2.0,2.0,6.111,6.111
6-24ч,2026-08-07T07:13:52Z,2026-08-07T15:00:00Z,7.8,8.194,2.0,4.0,6.194,6.194
6-24ч,2026-08-07T07:13:52Z,2026-08-07T16:00:00Z,8.8,6.694,2.0,2.0,4.694,4.694
6-24ч,2026-08-07T07:13:52Z,2026-08-07T17:00:00Z,9.8,5.5,4.0,2.0,1.5,1.5
6-24ч,2026-08-07T07:13:52Z,2026-08-07T18:00:00Z,10.8,3.694,4.0,1.0,-0.306,0.306
6-24ч,2026-08-07T07:13:52Z,2026-08-07T19:00:00Z,11.8,6.0,3.0,2.0,3.0,3.0
6-24ч,2026-08-07T07:13:52Z,2026-08-07T20:00:00Z,12.8,6.111,1.0,2.0,5.111,5.111
6-24ч,2026-08-07T07:13:52Z,2026-08-07T21:00:00Z,13.8,6.889,2.0,2.0,4.889,4.889
6-24ч,2026-08-07T07:13:52Z,2026-08-07T22:00:00Z,14.8,3.5,2.0,1.0,1.5,1.5
6-24ч,2026-08-07T07:13:52Z,2026-08-07T23:00:00Z,15.8,2.306,1.0,0.0,1.306,1.306
6-24ч,2026-08-07T07:13:52Z,2026-08-08T00:00:00Z,16.8,3.0,1.0,0.0,2.0,2.0
6-24ч,2026-08-07T07:13:52Z,2026-08-08T01:00:00Z,17.8,2.611,2.0,1.0,0.611,0.611
6-24ч,2026-08-07T07:13:52Z,2026-08-08T02:00:00Z,18.8,2.806,2.0,1.0,0.806,0.806
6-24ч,2026-08-07T07:13:52Z,2026-08-08T03:00:00Z,19.8,2.889,3.0,0.0,-0.111,0.111
6-24ч,2026-08-07T07:13:52Z,2026-08-08T04:00:00Z,20.8,3.111,3.0,1.0,0.111,0.111
6-24ч,2026-08-07T07:13:52Z,2026-08-08T05:00:00Z,21.8,3.389,1.0,1.0,2.389,2.389
6-24ч,2026-08-07T07:13:52Z,2026-08-08T06:00:00Z,22.8,3.306,2.0,1.0,1.306,1.306
6-24ч,2026-08-07T07:13:52Z,2026-08-08T07:00:00Z,23.8,3.306,2.0,1.0,1.306,1.306
6-24ч,2026-08-07T10:39:14Z,2026-08-07T17:00:00Z,6.3,1.889,4.0,2.0,-2.111,2.111
6-24ч,2026-08-07T10:39:14Z,2026-08-07T18:00:00Z,7.3,4.194,4.0,1.0,0.194,0.194
6-24ч,2026-08-07T10:39:14Z,2026-08-07T19:00:00Z,8.3,5.111,3.0,2.0,2.111,2.111
6-24ч,2026-08-07T10:39:14Z,2026-08-07T20:00:00Z,9.3,4.889,1.0,2.0,3.889,3.889
6-24ч,2026-08-07T10:39:14Z,2026-08-07T21:00:00Z,10.3,3.306,2.0,2.0,1.306,1.306
6-24ч,2026-08-07T10:39:14Z,2026-08-07T22:00:00Z,11.3,2.194,2.0,1.0,0.194,0.194
6-24ч,2026-08-07T10:39:14Z,2026-08-07T23:00:00Z,12.3,2.5,1.0,0.0,1.5,1.5
6-24ч,2026-08-07T10:39:14Z,2026-08-08T00:00:00Z,13.3,2.5,1.0,0.0,1.5,1.5
6-24ч,2026-08-07T10:39:14Z,2026-08-08T01:00:00Z,14.3,2.306,2.0,1.0,0.306,0.306
6-24ч,2026-08-07T10:39:14Z,2026-08-08T02:00:00Z,15.3,2.694,2.0,1.0,0.694,0.694
6-24ч,2026-08-07T10:39:14Z,2026-08-08T03:00:00Z,16.3,2.5,3.0,0.0,-0.5,0.5
6-24ч,2026-08-07T10:39:14Z,2026-08-08T04:00:00Z,17.3,2.111,3.0,1.0,-0.889,0.889
6-24ч,2026-08-07T10:39:14Z,2026-08-08T05:00:00Z,18.3,2.694,1.0,1.0,1.694,1.694
6-24ч,2026-08-07T10:39:14Z,2026-08-08T06:00:00Z,19.3,2.889,2.0,1.0,0.889,0.889
6-24ч,2026-08-07T10:39:14Z,2026-08-08T07:00:00Z,20.3,3.389,2.0,1.0,1.389,1.389
6-24ч,2026-08-07T10:39:14Z,2026-08-08T08:00:00Z,21.3,3.889,2.0,1.0,1.889,1.889
6-24ч,2026-08-07T10:39:14Z,2026-08-08T09:00:00Z,22.3,4.111,1.0,1.0,3.111,3.111
6-24ч,2026-08-07T10:39:14Z,2026-08-08T10:00:00Z,23.3,4.111,2.0,1.0,2.111,2.111
6-24ч,2026-08-07T16:51:54Z,2026-08-07T23:00:00Z,6.1,2.111,1.0,0.0,1.111,1.111
6-24ч,2026-08-07T16:51:54Z,2026-08-08T00:00:00Z,7.1,3.611,1.0,0.0,2.611,2.611
6-24ч,2026-08-07T16:51:54Z,2026-08-08T01:00:00Z,8.1,3.194,2.0,1.0,1.194,1.194
6-24ч,2026-08-07T16:51:54Z,2026-08-08T02:00:00Z,9.1,3.111,2.0,1.0,1.111,1.111
6-24ч,2026-08-07T16:51:54Z,2026-08-08T03:00:00Z,10.1,2.889,3.0,0.0,-0.111,0.111
6-24ч,2026-08-07T16:51:54Z,2026-08-08T04:00:00Z,11.1,2.694,3.0,1.0,-0.306,0.306
6-24ч,2026-08-07T16:51:54Z,2026-08-08T05:00:00Z,12.1,2.611,1.0,1.0,1.611,1.611
6-24ч,2026-08-07T16:51:54Z,2026-08-08T06:00:00Z,13.1,3.0,2.0,1.0,1.0,1.0
6-24ч,2026-08-07T16:51:54Z,2026-08-08T07:00:00Z,14.1,3.611,2.0,1.0,1.611,1.611
6-24ч,2026-08-07T16:51:54Z,2026-08-08T08:00:00Z,15.1,3.611,2.0,1.0,1.611,1.611
6-24ч,2026-08-07T16:51:54Z,2026-08-08T09:00:00Z,16.1,4.0,1.0,1.0,3.0,3.0
6-24ч,2026-08-07T16:51:54Z,2026-08-08T10:00:00Z,17.1,3.889,2.0,1.0,1.889,1.889
6-24ч,2026-08-07T16:51:54Z,2026-08-08T11:00:00Z,18.1,3.389,2.0,2.0,1.389,1.389
6-24ч,2026-08-07T16:51:54Z,2026-08-08T12:00:00Z,19.1,2.806,2.0,2.0,0.806,0.806
6-24ч,2026-08-07T16:51:54Z,2026-08-08T13:00:00Z,20.1,3.889,2.0,2.0,1.889,1.889
6-24ч,2026-08-07T16:51:54Z,2026-08-08T14:00:00Z,21.1,5.306,2.0,2.0,3.306,3.306
6-24ч,2026-08-07T16:51:54Z,2026-08-08T15:00:00Z,22.1,6.0,2.0,2.0,4.0,4.0
6-24ч,2026-08-07T16:51:54Z,2026-08-08T16:00:00Z,23.1,4.889,2.0,2.0,2.889,2.889
6-24ч,2026-08-07T22:45:57Z,2026-08-08T05:00:00Z,6.2,2.806,1.0,1.0,1.806,1.806
6-24ч,2026-08-07T22:45:57Z,2026-08-08T06:00:00Z,7.2,3.0,2.0,1.0,1.0,1.0
6-24ч,2026-08-07T22:45:57Z,2026-08-08T07:00:00Z,8.2,3.0,2.0,1.0,1.0,1.0
6-24ч,2026-08-07T22:45:57Z,2026-08-08T08:00:00Z,9.2,3.5,2.0,1.0,1.5,1.5
6-24ч,2026-08-07T22:45:57Z,2026-08-08T09:00:00Z,10.2,3.694,1.0,1.0,2.694,2.694
6-24ч,2026-08-07T22:45:57Z,2026-08-08T10:00:00Z,11.2,3.889,2.0,1.0,1.889,1.889
6-24ч,2026-08-07T22:45:57Z,2026-08-08T11:00:00Z,12.2,3.889,2.0,2.0,1.889,1.889
6-24ч,2026-08-07T22:45:57Z,2026-08-08T12:00:00Z,13.2,3.806,2.0,2.0,1.806,1.806
6-24ч,2026-08-07T22:45:57Z,2026-08-08T13:00:00Z,14.2,3.806,2.0,2.0,1.806,1.806
6-24ч,2026-08-07T22:45:57Z,2026-08-08T14:00:00Z,15.2,4.611,2.0,2.0,2.611,2.611
6-24ч,2026-08-07T22:45:57Z,2026-08-08T15:00:00Z,16.2,5.306,2.0,2.0,3.306,3.306
6-24ч,2026-08-07T22:45:57Z,2026-08-08T16:00:00Z,17.2,5.194,2.0,2.0,3.194,3.194
6-24ч,2026-08-07T22:45:57Z,2026-08-08T17:00:00Z,18.2,3.611,2.0,4.0,1.611,1.611
6-24ч,2026-08-07T22:45:57Z,2026-08-08T18:00:00Z,19.2,2.694,1.0,4.0,1.694,1.694
6-24ч,2026-08-07T22:45:57Z,2026-08-08T19:00:00Z,20.2,3.111,1.0,3.0,2.111,2.111
6-24ч,2026-08-07T22:45:57Z,2026-08-08T20:00:00Z,21.2,3.889,1.0,1.0,2.889,2.889
6-24ч,2026-08-07T22:45:57Z,2026-08-08T21:00:00Z,22.2,3.389,1.0,2.0,2.389,2.389
6-24ч,2026-08-07T22:45:57Z,2026-08-08T22:00:00Z,23.2,2.806,3.0,2.0,-0.194,0.194
6-24ч,2026-08-07T23:19:23Z,2026-08-08T06:00:00Z,6.7,3.0,2.0,1.0,1.0,1.0
6-24ч,2026-08-07T23:19:23Z,2026-08-08T07:00:00Z,7.7,3.0,2.0,1.0,1.0,1.0
6-24ч,2026-08-07T23:19:23Z,2026-08-08T08:00:00Z,8.7,3.5,2.0,1.0,1.5,1.5
6-24ч,2026-08-07T23:19:23Z,2026-08-08T09:00:00Z,9.7,3.694,1.0,1.0,2.694,2.694
6-24ч,2026-08-07T23:19:23Z,2026-08-08T10:00:00Z,10.7,3.889,2.0,1.0,1.889,1.889
6-24ч,2026-08-07T23:19:23Z,2026-08-08T11:00:00Z,11.7,3.889,2.0,2.0,1.889,1.889
6-24ч,2026-08-07T23:19:23Z,2026-08-08T12:00:00Z,12.7,3.806,2.0,2.0,1.806,1.806
6-24ч,2026-08-07T23:19:23Z,2026-08-08T13:00:00Z,13.7,3.806,2.0,2.0,1.806,1.806
6-24ч,2026-08-07T23:19:23Z,2026-08-08T14:00:00Z,14.7,4.611,2.0,2.0,2.611,2.611
6-24ч,2026-08-07T23:19:23Z,2026-08-08T15:00:00Z,15.7,5.306,2.0,2.0,3.306,3.306
6-24ч,2026-08-07T23:19:23Z,2026-08-08T16:00:00Z,16.7,5.194,2.0,2.0,3.194,3.194
6-24ч,2026-08-07T23:19:23Z,2026-08-08T17:00:00Z,17.7,3.611,2.0,4.0,1.611,1.611
6-24ч,2026-08-07T23:19:23Z,2026-08-08T18:00:00Z,18.7,2.694,1.0,4.0,1.694,1.694
6-24ч,2026-08-07T23:19:23Z,2026-08-08T19:00:00Z,19.7,3.111,1.0,3.0,2.111,2.111
6-24ч,2026-08-07T23:19:23Z,2026-08-08T20:00:00Z,20.7,3.889,1.0,1.0,2.889,2.889
6-24ч,2026-08-07T23:19:23Z,2026-08-08T21:00:00Z,21.7,3.389,1.0,2.0,2.389,2.389
6-24ч,2026-08-07T23:19:23Z,2026-08-08T22:00:00Z,22.7,2.806,3.0,2.0,-0.194,0.194
6-24ч,2026-08-07T23:19:23Z,2026-08-08T23:00:00Z,23.7,2.0,2.0,1.0,0.0,0.0
6-24ч,2026-08-08T04:50:53Z,2026-08-08T11:00:00Z,6.2,3.889,2.0,2.0,1.889,1.889
6-24ч,2026-08-08T04:50:53Z,2026-08-08T12:00:00Z,7.2,4.194,2.0,2.0,2.194,2.194
6-24ч,2026-08-08T04:50:53Z,2026-08-08T13:00:00Z,8.2,4.194,2.0,2.0,2.194,2.194
6-24ч,2026-08-08T04:50:53Z,2026-08-08T14:00:00Z,9.2,4.111,2.0,2.0,2.111,2.111
6-24ч,2026-08-08T04:50:53Z,2026-08-08T15:00:00Z,10.2,4.306,2.0,2.0,2.306,2.306
6-24ч,2026-08-08T04:50:53Z,2026-08-08T16:00:00Z,11.2,4.611,2.0,2.0,2.611,2.611
6-24ч,2026-08-08T04:50:53Z,2026-08-08T17:00:00Z,12.2,4.389,2.0,4.0,2.389,2.389
6-24ч,2026-08-08T04:50:53Z,2026-08-08T18:00:00Z,13.2,4.611,1.0,4.0,3.611,3.611
6-24ч,2026-08-08T04:50:53Z,2026-08-08T19:00:00Z,14.2,3.694,1.0,3.0,2.694,2.694
6-24ч,2026-08-08T04:50:53Z,2026-08-08T20:00:00Z,15.2,3.611,1.0,1.0,2.611,2.611
6-24ч,2026-08-08T04:50:53Z,2026-08-08T21:00:00Z,16.2,3.389,1.0,2.0,2.389,2.389
6-24ч,2026-08-08T04:50:53Z,2026-08-08T22:00:00Z,17.2,3.111,3.0,2.0,0.111,0.111
6-24ч,2026-08-08T04:50:53Z,2026-08-08T23:00:00Z,18.2,2.306,2.0,1.0,0.306,0.306
6-24ч,2026-08-08T04:50:53Z,2026-08-09T00:00:00Z,19.2,1.5,3.0,1.0,-1.5,1.5
6-24ч,2026-08-08T04:50:53Z,2026-08-09T01:00:00Z,20.2,1.389,2.0,2.0,-0.611,0.611
6-24ч,2026-08-08T04:50:53Z,2026-08-09T02:00:00Z,21.2,1.5,1.0,2.0,0.5,0.5
6-24ч,2026-08-08T04:50:53Z,2026-08-09T03:00:00Z,22.2,1.0,1.0,3.0,0.0,0.0
6-24ч,2026-08-08T04:50:53Z,2026-08-09T04:00:00Z,23.2,0.611,1.0,3.0,-0.389,0.389
6-24ч,2026-08-08T10:18:13Z,2026-08-08T17:00:00Z,6.7,5.889,2.0,4.0,3.889,3.889
6-24ч,2026-08-08T10:18:13Z,2026-08-08T18:00:00Z,7.7,5.0,1.0,4.0,4.0,4.0
6-24ч,2026-08-08T10:18:13Z,2026-08-08T19:00:00Z,8.7,4.694,1.0,3.0,3.694,3.694
6-24ч,2026-08-08T10:18:13Z,2026-08-08T20:00:00Z,9.7,3.889,1.0,1.0,2.889,2.889
6-24ч,2026-08-08T10:18:13Z,2026-08-08T21:00:00Z,10.7,3.0,1.0,2.0,2.0,2.0
6-24ч,2026-08-08T10:18:13Z,2026-08-08T22:00:00Z,11.7,3.306,3.0,2.0,0.306,0.306
6-24ч,2026-08-08T10:18:13Z,2026-08-08T23:00:00Z,12.7,2.889,2.0,1.0,0.889,0.889
6-24ч,2026-08-08T10:18:13Z,2026-08-09T00:00:00Z,13.7,2.0,3.0,1.0,-1.0,1.0
6-24ч,2026-08-08T10:18:13Z,2026-08-09T01:00:00Z,14.7,0.611,2.0,2.0,-1.389,1.389
6-24ч,2026-08-08T10:18:13Z,2026-08-09T02:00:00Z,15.7,0.694,1.0,2.0,-0.306,0.306
6-24ч,2026-08-08T10:18:13Z,2026-08-09T03:00:00Z,16.7,1.306,1.0,3.0,0.306,0.306
6-24ч,2026-08-08T10:18:13Z,2026-08-09T04:00:00Z,17.7,1.306,1.0,3.0,0.306,0.306
6-24ч,2026-08-08T10:18:13Z,2026-08-09T05:00:00Z,18.7,1.306,1.0,1.0,0.306,0.306
6-24ч,2026-08-08T10:18:13Z,2026-08-09T06:00:00Z,19.7,1.806,1.0,2.0,0.806,0.806
6-24ч,2026-08-08T10:18:13Z,2026-08-09T07:00:00Z,20.7,2.194,1.0,2.0,1.194,1.194
6-24ч,2026-08-08T10:18:13Z,2026-08-09T08:00:00Z,21.7,2.5,1.0,2.0,1.5,1.5
6-24ч,2026-08-08T10:18:13Z,2026-08-09T09:00:00Z,22.7,2.806,2.0,1.0,0.806,0.806
6-24ч,2026-08-08T10:18:13Z,2026-08-09T10:00:00Z,23.7,2.889,2.0,2.0,0.889,0.889
6-24ч,2026-08-08T22:37:20Z,2026-08-09T05:00:00Z,6.4,1.194,1.0,1.0,0.194,0.194
6-24ч,2026-08-08T22:37:20Z,2026-08-09T06:00:00Z,7.4,1.694,1.0,2.0,0.694,0.694
6-24ч,2026-08-08T22:37:20Z,2026-08-09T07:00:00Z,8.4,2.0,1.0,2.0,1.0,1.0
6-24ч,2026-08-08T22:37:20Z,2026-08-09T08:00:00Z,9.4,2.389,1.0,2.0,1.389,1.389
6-24ч,2026-08-08T22:37:20Z,2026-08-09T09:00:00Z,10.4,2.611,2.0,1.0,0.611,0.611
6-24ч,2026-08-08T22:37:20Z,2026-08-09T10:00:00Z,11.4,2.694,2.0,2.0,0.694,0.694
6-24ч,2026-08-08T22:37:20Z,2026-08-09T11:00:00Z,12.4,2.611,2.0,2.0,0.611,0.611
6-24ч,2026-08-08T22:37:20Z,2026-08-09T12:00:00Z,13.4,2.5,2.0,2.0,0.5,0.5
6-24ч,2026-08-08T22:37:20Z,2026-08-09T13:00:00Z,14.4,2.306,2.0,2.0,0.306,0.306
6-24ч,2026-08-08T22:37:20Z,2026-08-09T14:00:00Z,15.4,2.306,2.0,2.0,0.306,0.306
6-24ч,2026-08-08T22:37:20Z,2026-08-09T15:00:00Z,16.4,2.111,2.0,2.0,0.111,0.111
6-24ч,2026-08-08T22:37:20Z,2026-08-09T16:00:00Z,17.4,2.111,1.0,2.0,1.111,1.111
6-24ч,2026-08-08T22:37:20Z,2026-08-09T17:00:00Z,18.4,2.111,1.0,2.0,1.111,1.111
6-24ч,2026-08-08T22:37:20Z,2026-08-09T18:00:00Z,19.4,2.194,1.0,1.0,1.194,1.194
6-24ч,2026-08-08T22:37:20Z,2026-08-09T19:00:00Z,20.4,2.194,1.0,1.0,1.194,1.194
6-24ч,2026-08-08T22:37:20Z,2026-08-09T20:00:00Z,21.4,2.0,2.0,1.0,0.0,0.0
6-24ч,2026-08-08T22:37:20Z,2026-08-09T21:00:00Z,22.4,2.111,1.0,1.0,1.111,1.111
6-24ч,2026-08-08T22:37:20Z,2026-08-09T22:00:00Z,23.4,2.0,1.0,3.0,1.0,1.0
6-24ч,2026-08-09T04:59:03Z,2026-08-09T11:00:00Z,6.0,2.389,2.0,2.0,0.389,0.389
6-24ч,2026-08-09T04:59:03Z,2026-08-09T12:00:00Z,7.0,2.306,2.0,2.0,0.306,0.306
6-24ч,2026-08-09T04:59:03Z,2026-08-09T13:00:00Z,8.0,2.194,2.0,2.0,0.194,0.194
6-24ч,2026-08-09T04:59:03Z,2026-08-09T14:00:00Z,9.0,2.111,2.0,2.0,0.111,0.111
6-24ч,2026-08-09T04:59:03Z,2026-08-09T15:00:00Z,10.0,2.0,2.0,2.0,0.0,0.0
6-24ч,2026-08-09T04:59:03Z,2026-08-09T16:00:00Z,11.0,2.0,1.0,2.0,1.0,1.0
6-24ч,2026-08-09T04:59:03Z,2026-08-09T17:00:00Z,12.0,2.0,1.0,2.0,1.0,1.0
6-24ч,2026-08-09T04:59:03Z,2026-08-09T18:00:00Z,13.0,2.111,1.0,1.0,1.111,1.111
6-24ч,2026-08-09T04:59:03Z,2026-08-09T19:00:00Z,14.0,2.194,1.0,1.0,1.194,1.194
6-24ч,2026-08-09T04:59:03Z,2026-08-09T20:00:00Z,15.0,2.111,2.0,1.0,0.111,0.111
6-24ч,2026-08-09T04:59:03Z,2026-08-09T21:00:00Z,16.0,1.889,1.0,1.0,0.889,0.889
6-24ч,2026-08-09T04:59:03Z,2026-08-09T22:00:00Z,17.0,1.889,1.0,3.0,0.889,0.889
6-24ч,2026-08-09T04:59:03Z,2026-08-09T23:00:00Z,18.0,1.889,1.0,2.0,0.889,0.889
6-24ч,2026-08-09T04:59:03Z,2026-08-10T00:00:00Z,19.0,1.694,1.0,3.0,0.694,0.694
6-24ч,2026-08-09T04:59:03Z,2026-08-10T01:00:00Z,20.0,1.611,1.0,2.0,0.611,0.611
6-24ч,2026-08-09T04:59:03Z,2026-08-10T02:00:00Z,21.0,1.5,1.0,1.0,0.5,0.5
6-24ч,2026-08-09T04:59:03Z,2026-08-10T03:00:00Z,22.0,1.694,0.0,1.0,1.694,1.694
6-24ч,2026-08-09T04:59:03Z,2026-08-10T04:00:00Z,23.0,1.806,1.0,1.0,0.806,0.806
6-24ч,2026-08-09T10:19:29Z,2026-08-09T17:00:00Z,6.7,2.194,1.0,2.0,1.194,1.194
6-24ч,2026-08-09T10:19:29Z,2026-08-09T18:00:00Z,7.7,2.306,1.0,1.0,1.306,1.306
6-24ч,2026-08-09T10:19:29Z,2026-08-09T19:00:00Z,8.7,2.306,1.0,1.0,1.306,1.306
6-24ч,2026-08-09T10:19:29Z,2026-08-09T20:00:00Z,9.7,2.111,2.0,1.0,0.111,0.111
6-24ч,2026-08-09T10:19:29Z,2026-08-09T21:00:00Z,10.7,1.889,1.0,1.0,0.889,0.889
6-24ч,2026-08-09T10:19:29Z,2026-08-09T22:00:00Z,11.7,1.889,1.0,3.0,0.889,0.889
6-24ч,2026-08-09T10:19:29Z,2026-08-09T23:00:00Z,12.7,1.694,1.0,2.0,0.694,0.694
6-24ч,2026-08-09T10:19:29Z,2026-08-10T00:00:00Z,13.7,1.806,1.0,3.0,0.806,0.806
6-24ч,2026-08-09T10:19:29Z,2026-08-10T01:00:00Z,14.7,1.694,1.0,2.0,0.694,0.694
6-24ч,2026-08-09T10:19:29Z,2026-08-10T02:00:00Z,15.7,1.806,1.0,1.0,0.806,0.806
6-24ч,2026-08-09T10:19:29Z,2026-08-10T03:00:00Z,16.7,1.806,0.0,1.0,1.806,1.806
6-24ч,2026-08-09T10:19:29Z,2026-08-10T04:00:00Z,17.7,1.611,1.0,1.0,0.611,0.611
6-24ч,2026-08-09T10:19:29Z,2026-08-10T05:00:00Z,18.7,1.5,2.0,1.0,-0.5,0.5
6-24ч,2026-08-09T10:19:29Z,2026-08-10T06:00:00Z,19.7,2.111,3.0,1.0,-0.889,0.889
6-24ч,2026-08-09T10:19:29Z,2026-08-10T07:00:00Z,20.7,2.194,2.0,1.0,0.194,0.194
6-24ч,2026-08-09T10:19:29Z,2026-08-10T08:00:00Z,21.7,2.0,2.0,1.0,0.0,0.0
6-24ч,2026-08-09T10:19:29Z,2026-08-10T09:00:00Z,22.7,2.0,2.0,2.0,0.0,0.0
6-24ч,2026-08-09T10:19:29Z,2026-08-10T10:00:00Z,23.7,2.194,3.0,2.0,-0.806,0.806
6-24ч,2026-08-09T12:41:38Z,2026-08-09T19:00:00Z,6.3,2.306,1.0,1.0,1.306,1.306
6-24ч,2026-08-09T12:41:38Z,2026-08-09T20:00:00Z,7.3,2.111,2.0,1.0,0.111,0.111
6-24ч,2026-08-09T12:41:38Z,2026-08-09T21:00:00Z,8.3,1.889,1.0,1.0,0.889,0.889
6-24ч,2026-08-09T12:41:38Z,2026-08-09T22:00:00Z,9.3,1.889,1.0,3.0,0.889,0.889
6-24ч,2026-08-09T12:41:38Z,2026-08-09T23:00:00Z,10.3,1.694,1.0,2.0,0.694,0.694
6-24ч,2026-08-09T12:41:38Z,2026-08-10T00:00:00Z,11.3,1.806,1.0,3.0,0.806,0.806
6-24ч,2026-08-09T12:41:38Z,2026-08-10T01:00:00Z,12.3,1.694,1.0,2.0,0.694,0.694
6-24ч,2026-08-09T12:41:38Z,2026-08-10T02:00:00Z,13.3,1.806,1.0,1.0,0.806,0.806
6-24ч,2026-08-09T12:41:38Z,2026-08-10T03:00:00Z,14.3,1.806,0.0,1.0,1.806,1.806
6-24ч,2026-08-09T12:41:38Z,2026-08-10T04:00:00Z,15.3,1.611,1.0,1.0,0.611,0.611
6-24ч,2026-08-09T12:41:38Z,2026-08-10T05:00:00Z,16.3,1.5,2.0,1.0,-0.5,0.5
6-24ч,2026-08-09T12:41:38Z,2026-08-10T06:00:00Z,17.3,2.111,3.0,1.0,-0.889,0.889
6-24ч,2026-08-09T12:41:38Z,2026-08-10T07:00:00Z,18.3,2.194,2.0,1.0,0.194,0.194
6-24ч,2026-08-09T12:41:38Z,2026-08-10T08:00:00Z,19.3,2.0,2.0,1.0,0.0,0.0
6-24ч,2026-08-09T12:41:38Z,2026-08-10T09:00:00Z,20.3,2.0,2.0,2.0,0.0,0.0
6-24ч,2026-08-09T12:41:38Z,2026-08-10T10:00:00Z,21.3,2.194,3.0,2.0,-0.806,0.806
6-24ч,2026-08-09T12:41:38Z,2026-08-10T11:00:00Z,22.3,2.194,2.0,2.0,0.194,0.194
6-24ч,2026-08-09T12:41:38Z,2026-08-10T12:00:00Z,23.3,2.194,2.0,2.0,0.194,0.194
6-24ч,2026-08-09T12:45:53Z,2026-08-09T19:00:00Z,6.2,2.306,1.0,1.0,1.306,1.306
6-24ч,2026-08-09T12:45:53Z,2026-08-09T20:00:00Z,7.2,2.111,2.0,1.0,0.111,0.111
6-24ч,2026-08-09T12:45:53Z,2026-08-09T21:00:00Z,8.2,1.889,1.0,1.0,0.889,0.889
6-24ч,2026-08-09T12:45:53Z,2026-08-09T22:00:00Z,9.2,1.889,1.0,3.0,0.889,0.889
6-24ч,2026-08-09T12:45:53Z,2026-08-09T23:00:00Z,10.2,1.694,1.0,2.0,0.694,0.694
6-24ч,2026-08-09T12:45:53Z,2026-08-10T00:00:00Z,11.2,1.806,1.0,3.0,0.806,0.806
6-24ч,2026-08-09T12:45:53Z,2026-08-10T01:00:00Z,12.2,1.694,1.0,2.0,0.694,0.694
6-24ч,2026-08-09T12:45:53Z,2026-08-10T02:00:00Z,13.2,1.806,1.0,1.0,0.806,0.806
6-24ч,2026-08-09T12:45:53Z,2026-08-10T03:00:00Z,14.2,1.806,0.0,1.0,1.806,1.806
6-24ч,2026-08-09T12:45:53Z,2026-08-10T04:00:00Z,15.2,1.611,1.0,1.0,0.611,0.611
6-24ч,2026-08-09T12:45:53Z,2026-08-10T05:00:00Z,16.2,1.5,2.0,1.0,-0.5,0.5
6-24ч,2026-08-09T12:45:53Z,2026-08-10T06:00:00Z,17.2,2.111,3.0,1.0,-0.889,0.889
6-24ч,2026-08-09T12:45:53Z,2026-08-10T07:00:00Z,18.2,2.194,2.0,1.0,0.194,0.194
6-24ч,2026-08-09T12:45:53Z,2026-08-10T08:00:00Z,19.2,2.0,2.0,1.0,0.0,0.0
6-24ч,2026-08-09T12:45:53Z,2026-08-10T09:00:00Z,20.2,2.0,2.0,2.0,0.0,0.0
6-24ч,2026-08-09T12:45:53Z,2026-08-10T10:00:00Z,21.2,2.194,3.0,2.0,-0.806,0.806
6-24ч,2026-08-09T12:45:53Z,2026-08-10T11:00:00Z,22.2,2.194,2.0,2.0,0.194,0.194
6-24ч,2026-08-09T12:45:53Z,2026-08-10T12:00:00Z,23.2,2.194,2.0,2.0,0.194,0.194
6-24ч,2026-08-09T12:48:15Z,2026-08-09T19:00:00Z,6.2,2.306,1.0,1.0,1.306,1.306
6-24ч,2026-08-09T12:48:15Z,2026-08-09T20:00:00Z,7.2,2.111,2.0,1.0,0.111,0.111
6-24ч,2026-08-09T12:48:15Z,2026-08-09T21:00:00Z,8.2,1.889,1.0,1.0,0.889,0.889
6-24ч,2026-08-09T12:48:15Z,2026-08-09T22:00:00Z,9.2,1.889,1.0,3.0,0.889,0.889
6-24ч,2026-08-09T12:48:15Z,2026-08-09T23:00:00Z,10.2,1.694,1.0,2.0,0.694,0.694
6-24ч,2026-08-09T12:48:15Z,2026-08-10T00:00:00Z,11.2,1.806,1.0,3.0,0.806,0.806
6-24ч,2026-08-09T12:48:15Z,2026-08-10T01:00:00Z,12.2,1.694,1.0,2.0,0.694,0.694
6-24ч,2026-08-09T12:48:15Z,2026-08-10T02:00:00Z,13.2,1.806,1.0,1.0,0.806,0.806
6-24ч,2026-08-09T12:48:15Z,2026-08-10T03:00:00Z,14.2,1.806,0.0,1.0,1.806,1.806
6-24ч,2026-08-09T12:48:15Z,2026-08-10T04:00:00Z,15.2,1.611,1.0,1.0,0.611,0.611
6-24ч,2026-08-09T12:48:15Z,2026-08-10T05:00:00Z,16.2,1.5,2.0,1.0,-0.5,0.5
6-24ч,2026-08-09T12:48:15Z,2026-08-10T06:00:00Z,17.2,2.111,3.0,1.0,-0.889,0.889
6-24ч,2026-08-09T12:48:15Z,2026-08-10T07:00:00Z,18.2,2.194,2.0,1.0,0.194,0.194
6-24ч,2026-08-09T12:48:15Z,2026-08-10T08:00:00Z,19.2,2.0,2.0,1.0,0.0,0.0
6-24ч,2026-08-09T12:48:15Z,2026-08-10T09:00:00Z,20.2,2.0,2.0,2.0,0.0,0.0
6-24ч,2026-08-09T12:48:15Z,2026-08-10T10:00:00Z,21.2,2.194,3.0,2.0,-0.806,0.806
6-24ч,2026-08-09T12:48:15Z,2026-08-10T11:00:00Z,22.2,2.194,2.0,2.0,0.194,0.194
6-24ч,2026-08-09T12:48:15Z,2026-08-10T12:00:00Z,23.2,2.194,2.0,2.0,0.194,0.194
6-24ч,2026-08-09T16:31:44Z,2026-08-09T23:00:00Z,6.5,1.889,1.0,2.0,0.889,0.889
6-24ч,2026-08-09T16:31:44Z,2026-08-10T00:00:00Z,7.5,1.806,1.0,3.0,0.806,0.806
6-24ч,2026-08-09T16:31:44Z,2026-08-10T01:00:00Z,8.5,1.806,1.0,2.0,0.806,0.806
6-24ч,2026-08-09T16:31:44Z,2026-08-10T02:00:00Z,9.5,1.611,1.0,1.0,0.611,0.611
6-24ч,2026-08-09T16:31:44Z,2026-08-10T03:00:00Z,10.5,1.694,0.0,1.0,1.694,1.694
6-24ч,2026-08-09T16:31:44Z,2026-08-10T04:00:00Z,11.5,1.806,1.0,1.0,0.806,0.806
6-24ч,2026-08-09T16:31:44Z,2026-08-10T05:00:00Z,12.5,1.5,2.0,1.0,-0.5,0.5
6-24ч,2026-08-09T16:31:44Z,2026-08-10T06:00:00Z,13.5,1.889,3.0,1.0,-1.111,1.111
6-24ч,2026-08-09T16:31:44Z,2026-08-10T07:00:00Z,14.5,2.389,2.0,1.0,0.389,0.389
6-24ч,2026-08-09T16:31:44Z,2026-08-10T08:00:00Z,15.5,2.611,2.0,1.0,0.611,0.611
6-24ч,2026-08-09T16:31:44Z,2026-08-10T09:00:00Z,16.5,2.0,2.0,2.0,0.0,0.0
6-24ч,2026-08-09T16:31:44Z,2026-08-10T10:00:00Z,17.5,1.611,3.0,2.0,-1.389,1.389
6-24ч,2026-08-09T16:31:44Z,2026-08-10T11:00:00Z,18.5,1.611,2.0,2.0,-0.389,0.389
6-24ч,2026-08-09T16:31:44Z,2026-08-10T12:00:00Z,19.5,1.611,2.0,2.0,-0.389,0.389
6-24ч,2026-08-09T16:31:44Z,2026-08-10T13:00:00Z,20.5,1.194,3.0,2.0,-1.806,1.806
6-24ч,2026-08-09T16:31:44Z,2026-08-10T14:00:00Z,21.5,0.694,3.0,2.0,-2.306,2.306
6-24ч,2026-08-09T16:31:44Z,2026-08-10T15:00:00Z,22.5,0.306,3.0,2.0,-2.694,2.694
6-24ч,2026-08-09T16:31:44Z,2026-08-10T16:00:00Z,23.5,0.306,2.0,1.0,-1.694,1.694
6-24ч,2026-08-09T22:39:09Z,2026-08-10T05:00:00Z,6.3,1.611,2.0,1.0,-0.389,0.389
6-24ч,2026-08-09T22:39:09Z,2026-08-10T06:00:00Z,7.3,1.611,3.0,1.0,-1.389,1.389
6-24ч,2026-08-09T22:39:09Z,2026-08-10T07:00:00Z,8.3,1.806,2.0,1.0,-0.194,0.194
6-24ч,2026-08-09T22:39:09Z,2026-08-10T08:00:00Z,9.3,2.0,2.0,1.0,0.0,0.0
6-24ч,2026-08-09T22:39:09Z,2026-08-10T09:00:00Z,10.3,1.806,2.0,2.0,-0.194,0.194
6-24ч,2026-08-09T22:39:09Z,2026-08-10T10:00:00Z,11.3,1.694,3.0,2.0,-1.306,1.306
6-24ч,2026-08-09T22:39:09Z,2026-08-10T11:00:00Z,12.3,1.5,2.0,2.0,-0.5,0.5
6-24ч,2026-08-09T22:39:09Z,2026-08-10T12:00:00Z,13.3,1.111,2.0,2.0,-0.889,0.889
6-24ч,2026-08-09T22:39:09Z,2026-08-10T13:00:00Z,14.3,0.889,3.0,2.0,-2.111,2.111
6-24ч,2026-08-09T22:39:09Z,2026-08-10T14:00:00Z,15.3,0.806,3.0,2.0,-2.194,2.194
6-24ч,2026-08-09T22:39:09Z,2026-08-10T15:00:00Z,16.3,0.5,3.0,2.0,-2.5,2.5
6-24ч,2026-08-09T22:39:09Z,2026-08-10T16:00:00Z,17.3,0.194,2.0,1.0,-1.806,1.806
6-24ч,2026-08-09T22:39:09Z,2026-08-10T17:00:00Z,18.3,0.389,1.0,1.0,-0.611,0.611
6-24ч,2026-08-09T22:39:09Z,2026-08-10T18:00:00Z,19.3,1.0,1.0,1.0,0.0,0.0
6-24ч,2026-08-09T22:39:09Z,2026-08-10T19:00:00Z,20.3,1.806,1.0,1.0,0.806,0.806
6-24ч,2026-08-09T22:39:09Z,2026-08-10T20:00:00Z,21.3,1.694,1.0,2.0,0.694,0.694
6-24ч,2026-08-09T22:39:09Z,2026-08-10T21:00:00Z,22.3,1.694,1.0,1.0,0.694,0.694
6-24ч,2026-08-09T22:39:09Z,2026-08-10T22:00:00Z,23.3,2.111,2.0,1.0,0.111,0.111
6-24ч,2026-08-10T05:20:42Z,2026-08-10T12:00:00Z,6.7,1.306,2.0,2.0,-0.694,0.694
6-24ч,2026-08-10T05:20:42Z,2026-08-10T13:00:00Z,7.7,1.0,3.0,2.0,-2.0,2.0
6-24ч,2026-08-10T05:20:42Z,2026-08-10T14:00:00Z,8.7,1.0,3.0,2.0,-2.0,2.0
6-24ч,2026-08-10T05:20:42Z,2026-08-10T15:00:00Z,9.7,0.806,3.0,2.0,-2.194,2.194
6-24ч,2026-08-10T05:20:42Z,2026-08-10T16:00:00Z,10.7,0.694,2.0,1.0,-1.306,1.306
6-24ч,2026-08-10T05:20:42Z,2026-08-10T17:00:00Z,11.7,0.611,1.0,1.0,-0.389,0.389
6-24ч,2026-08-10T05:20:42Z,2026-08-10T18:00:00Z,12.7,1.306,1.0,1.0,0.306,0.306
6-24ч,2026-08-10T05:20:42Z,2026-08-10T19:00:00Z,13.7,1.611,1.0,1.0,0.611,0.611
6-24ч,2026-08-10T05:20:42Z,2026-08-10T20:00:00Z,14.7,1.5,1.0,2.0,0.5,0.5
6-24ч,2026-08-10T05:20:42Z,2026-08-10T21:00:00Z,15.7,1.611,1.0,1.0,0.611,0.611
6-24ч,2026-08-10T05:20:42Z,2026-08-10T22:00:00Z,16.7,2.111,2.0,1.0,0.111,0.111
6-24ч,2026-08-10T05:20:42Z,2026-08-10T23:00:00Z,17.7,2.306,1.0,1.0,1.306,1.306
6-24ч,2026-08-10T05:20:42Z,2026-08-11T00:00:00Z,18.7,1.806,0.0,1.0,1.806,1.806
6-24ч,2026-08-10T05:20:42Z,2026-08-11T01:00:00Z,19.7,1.389,0.0,1.0,1.389,1.389
6-24ч,2026-08-10T05:20:42Z,2026-08-11T02:00:00Z,20.7,1.889,1.0,1.0,0.889,0.889
6-24ч,2026-08-10T05:20:42Z,2026-08-11T03:00:00Z,21.7,1.194,0.0,0.0,1.194,1.194
6-24ч,2026-08-10T05:20:42Z,2026-08-11T04:00:00Z,22.7,1.194,0.0,1.0,1.194,1.194
6-24ч,2026-08-10T05:20:42Z,2026-08-11T05:00:00Z,23.7,0.5,0.0,2.0,0.5,0.5
6-24ч,2026-08-10T10:53:28Z,2026-08-10T17:00:00Z,6.1,0.694,1.0,1.0,-0.306,0.306
6-24ч,2026-08-10T10:53:28Z,2026-08-10T18:00:00Z,7.1,1.389,1.0,1.0,0.389,0.389
6-24ч,2026-08-10T10:53:28Z,2026-08-10T19:00:00Z,8.1,2.111,1.0,1.0,1.111,1.111
6-24ч,2026-08-10T10:53:28Z,2026-08-10T20:00:00Z,9.1,2.111,1.0,2.0,1.111,1.111
6-24ч,2026-08-10T10:53:28Z,2026-08-10T21:00:00Z,10.1,1.889,1.0,1.0,0.889,0.889
6-24ч,2026-08-10T10:53:28Z,2026-08-10T22:00:00Z,11.1,2.111,2.0,1.0,0.111,0.111
6-24ч,2026-08-10T10:53:28Z,2026-08-10T23:00:00Z,12.1,2.194,1.0,1.0,1.194,1.194
6-24ч,2026-08-10T10:53:28Z,2026-08-11T00:00:00Z,13.1,2.111,0.0,1.0,2.111,2.111
6-24ч,2026-08-10T10:53:28Z,2026-08-11T01:00:00Z,14.1,1.694,0.0,1.0,1.694,1.694
6-24ч,2026-08-10T10:53:28Z,2026-08-11T02:00:00Z,15.1,2.0,1.0,1.0,1.0,1.0
6-24ч,2026-08-10T10:53:28Z,2026-08-11T03:00:00Z,16.1,1.306,0.0,0.0,1.306,1.306
6-24ч,2026-08-10T10:53:28Z,2026-08-11T04:00:00Z,17.1,0.611,0.0,1.0,0.611,0.611
6-24ч,2026-08-10T10:53:28Z,2026-08-11T05:00:00Z,18.1,0.889,0.0,2.0,0.889,0.889
6-24ч,2026-08-10T10:53:28Z,2026-08-11T06:00:00Z,19.1,1.389,1.0,3.0,0.389,0.389
6-24ч,2026-08-10T10:53:28Z,2026-08-11T07:00:00Z,20.1,1.889,2.0,2.0,-0.111,0.111
6-24ч,2026-08-10T10:53:28Z,2026-08-11T08:00:00Z,21.1,2.111,2.0,2.0,0.111,0.111
6-24ч,2026-08-10T10:53:28Z,2026-08-11T09:00:00Z,22.1,2.306,2.0,2.0,0.306,0.306
6-24ч,2026-08-10T10:53:28Z,2026-08-11T10:00:00Z,23.1,2.111,2.0,3.0,0.111,0.111
6-24ч,2026-08-10T16:52:05Z,2026-08-10T23:00:00Z,6.1,2.0,1.0,1.0,1.0,1.0
6-24ч,2026-08-10T16:52:05Z,2026-08-11T00:00:00Z,7.1,1.889,0.0,1.0,1.889,1.889
6-24ч,2026-08-10T16:52:05Z,2026-08-11T01:00:00Z,8.1,1.694,0.0,1.0,1.694,1.694
6-24ч,2026-08-10T16:52:05Z,2026-08-11T02:00:00Z,9.1,2.111,1.0,1.0,1.111,1.111
6-24ч,2026-08-10T16:52:05Z,2026-08-11T03:00:00Z,10.1,1.611,0.0,0.0,1.611,1.611
6-24ч,2026-08-10T16:52:05Z,2026-08-11T04:00:00Z,11.1,1.111,0.0,1.0,1.111,1.111
6-24ч,2026-08-10T16:52:05Z,2026-08-11T05:00:00Z,12.1,0.194,0.0,2.0,0.194,0.194
6-24ч,2026-08-10T16:52:05Z,2026-08-11T06:00:00Z,13.1,1.389,1.0,3.0,0.389,0.389
6-24ч,2026-08-10T16:52:05Z,2026-08-11T07:00:00Z,14.1,1.389,2.0,2.0,-0.611,0.611
6-24ч,2026-08-10T16:52:05Z,2026-08-11T08:00:00Z,15.1,1.806,2.0,2.0,-0.194,0.194
6-24ч,2026-08-10T16:52:05Z,2026-08-11T09:00:00Z,16.1,2.389,2.0,2.0,0.389,0.389
6-24ч,2026-08-10T16:52:05Z,2026-08-11T10:00:00Z,17.1,2.5,2.0,3.0,0.5,0.5
6-24ч,2026-08-10T16:52:05Z,2026-08-11T11:00:00Z,18.1,2.111,2.0,2.0,0.111,0.111
6-24ч,2026-08-10T16:52:05Z,2026-08-11T12:00:00Z,19.1,1.611,2.0,2.0,-0.389,0.389
6-24ч,2026-08-10T16:52:05Z,2026-08-11T13:00:00Z,20.1,1.194,1.0,3.0,0.194,0.194
6-24ч,2026-08-10T16:52:05Z,2026-08-11T14:00:00Z,21.1,1.611,1.0,3.0,0.611,0.611
6-24ч,2026-08-10T16:52:05Z,2026-08-11T15:00:00Z,22.1,5.111,1.0,3.0,4.111,4.111
6-24ч,2026-08-10T16:52:05Z,2026-08-11T16:00:00Z,23.1,3.694,1.0,2.0,2.694,2.694
6-24ч,2026-08-10T22:47:13Z,2026-08-11T05:00:00Z,6.2,0.5,0.0,2.0,0.5,0.5
6-24ч,2026-08-10T22:47:13Z,2026-08-11T06:00:00Z,7.2,0.694,1.0,3.0,-0.306,0.306
6-24ч,2026-08-10T22:47:13Z,2026-08-11T07:00:00Z,8.2,1.389,2.0,2.0,-0.611,0.611
6-24ч,2026-08-10T22:47:13Z,2026-08-11T08:00:00Z,9.2,1.806,2.0,2.0,-0.194,0.194
6-24ч,2026-08-10T22:47:13Z,2026-08-11T09:00:00Z,10.2,1.694,2.0,2.0,-0.306,0.306
6-24ч,2026-08-10T22:47:13Z,2026-08-11T10:00:00Z,11.2,2.111,2.0,3.0,0.111,0.111
6-24ч,2026-08-10T22:47:13Z,2026-08-11T11:00:00Z,12.2,1.806,2.0,2.0,-0.194,0.194
6-24ч,2026-08-10T22:47:13Z,2026-08-11T12:00:00Z,13.2,1.889,2.0,2.0,-0.111,0.111
6-24ч,2026-08-10T22:47:13Z,2026-08-11T13:00:00Z,14.2,2.0,1.0,3.0,1.0,1.0
6-24ч,2026-08-10T22:47:13Z,2026-08-11T14:00:00Z,15.2,1.306,1.0,3.0,0.306,0.306
6-24ч,2026-08-10T22:47:13Z,2026-08-11T15:00:00Z,16.2,3.0,1.0,3.0,2.0,2.0
6-24ч,2026-08-10T22:47:13Z,2026-08-11T16:00:00Z,17.2,5.389,1.0,2.0,4.389,4.389
6-24ч,2026-08-10T22:47:13Z,2026-08-11T17:00:00Z,18.2,3.694,1.0,1.0,2.694,2.694
6-24ч,2026-08-10T22:47:13Z,2026-08-11T18:00:00Z,19.2,2.806,1.0,1.0,1.806,1.806
6-24ч,2026-08-10T22:47:13Z,2026-08-11T19:00:00Z,20.2,4.194,1.0,1.0,3.194,3.194
6-24ч,2026-08-10T22:47:13Z,2026-08-11T20:00:00Z,21.2,3.194,1.0,1.0,2.194,2.194
6-24ч,2026-08-10T22:47:13Z,2026-08-11T21:00:00Z,22.2,6.111,1.0,1.0,5.111,5.111
6-24ч,2026-08-10T22:47:13Z,2026-08-11T22:00:00Z,23.2,5.806,1.0,2.0,4.806,4.806
6-24ч,2026-08-11T05:01:49Z,2026-08-11T12:00:00Z,7.0,1.111,2.0,2.0,-0.889,0.889
6-24ч,2026-08-11T05:01:49Z,2026-08-11T13:00:00Z,8.0,0.694,1.0,3.0,-0.306,0.306
6-24ч,2026-08-11T05:01:49Z,2026-08-11T14:00:00Z,9.0,0.389,1.0,3.0,-0.611,0.611
6-24ч,2026-08-11T05:01:49Z,2026-08-11T15:00:00Z,10.0,0.306,1.0,3.0,-0.694,0.694
6-24ч,2026-08-11T05:01:49Z,2026-08-11T16:00:00Z,11.0,0.889,1.0,2.0,-0.111,0.111
6-24ч,2026-08-11T05:01:49Z,2026-08-11T17:00:00Z,12.0,4.194,1.0,1.0,3.194,3.194
6-24ч,2026-08-11T05:01:49Z,2026-08-11T18:00:00Z,13.0,2.694,1.0,1.0,1.694,1.694
6-24ч,2026-08-11T05:01:49Z,2026-08-11T19:00:00Z,14.0,2.694,1.0,1.0,1.694,1.694
6-24ч,2026-08-11T05:01:49Z,2026-08-11T20:00:00Z,15.0,4.194,1.0,1.0,3.194,3.194
6-24ч,2026-08-11T05:01:49Z,2026-08-11T21:00:00Z,16.0,7.111,1.0,1.0,6.111,6.111
6-24ч,2026-08-11T05:01:49Z,2026-08-11T22:00:00Z,17.0,7.0,1.0,2.0,6.0,6.0
6-24ч,2026-08-11T05:01:49Z,2026-08-11T23:00:00Z,18.0,6.389,2.0,1.0,4.389,4.389
6-24ч,2026-08-11T05:01:49Z,2026-08-12T00:00:00Z,19.0,5.306,3.0,0.0,2.306,2.306
6-24ч,2026-08-11T05:01:49Z,2026-08-12T01:00:00Z,20.0,5.194,4.0,0.0,1.194,1.194
6-24ч,2026-08-11T05:01:49Z,2026-08-12T02:00:00Z,21.0,4.806,4.0,1.0,0.806,0.806
6-24ч,2026-08-11T05:01:49Z,2026-08-12T03:00:00Z,22.0,2.889,4.0,0.0,-1.111,1.111
6-24ч,2026-08-11T05:01:49Z,2026-08-12T04:00:00Z,23.0,2.694,2.0,0.0,0.694,0.694
6-24ч,2026-08-11T05:01:49Z,2026-08-12T05:00:00Z,24.0,2.806,1.0,0.0,1.806,1.806
6-24ч,2026-08-11T10:38:45Z,2026-08-11T17:00:00Z,6.4,5.0,1.0,1.0,4.0,4.0
6-24ч,2026-08-11T10:38:45Z,2026-08-11T18:00:00Z,7.4,4.389,1.0,1.0,3.389,3.389
6-24ч,2026-08-11T10:38:45Z,2026-08-11T19:00:00Z,8.4,3.194,1.0,1.0,2.194,2.194
6-24ч,2026-08-11T10:38:45Z,2026-08-11T20:00:00Z,9.4,5.194,1.0,1.0,4.194,4.194
6-24ч,2026-08-11T10:38:45Z,2026-08-11T21:00:00Z,10.4,6.111,1.0,1.0,5.111,5.111
6-24ч,2026-08-11T10:38:45Z,2026-08-11T22:00:00Z,11.4,3.611,1.0,2.0,2.611,2.611
6-24ч,2026-08-11T10:38:45Z,2026-08-11T23:00:00Z,12.4,4.611,2.0,1.0,2.611,2.611
6-24ч,2026-08-11T10:38:45Z,2026-08-12T00:00:00Z,13.4,5.194,3.0,0.0,2.194,2.194
6-24ч,2026-08-11T10:38:45Z,2026-08-12T01:00:00Z,14.4,4.611,4.0,0.0,0.611,0.611
6-24ч,2026-08-11T10:38:45Z,2026-08-12T02:00:00Z,15.4,4.0,4.0,1.0,0.0,0.0
6-24ч,2026-08-11T10:38:45Z,2026-08-12T03:00:00Z,16.4,2.611,4.0,0.0,-1.389,1.389
6-24ч,2026-08-11T10:38:45Z,2026-08-12T04:00:00Z,17.4,2.889,2.0,0.0,0.889,0.889
6-24ч,2026-08-11T10:38:45Z,2026-08-12T05:00:00Z,18.4,3.0,1.0,0.0,2.0,2.0
6-24ч,2026-08-11T10:38:45Z,2026-08-12T06:00:00Z,19.4,3.611,1.0,1.0,2.611,2.611
6-24ч,2026-08-11T10:38:45Z,2026-08-12T07:00:00Z,20.4,3.611,2.0,2.0,1.611,1.611
6-24ч,2026-08-11T10:38:45Z,2026-08-12T08:00:00Z,21.4,4.0,1.0,2.0,3.0,3.0
6-24ч,2026-08-11T10:38:45Z,2026-08-12T09:00:00Z,22.4,4.5,2.0,2.0,2.5,2.5
6-24ч,2026-08-11T10:38:45Z,2026-08-12T10:00:00Z,23.4,4.611,2.0,2.0,2.611,2.611
6-24ч,2026-08-12T06:05:22Z,2026-08-12T13:00:00Z,6.9,5.306,2.0,1.0,3.306,3.306
6-24ч,2026-08-12T06:05:22Z,2026-08-12T14:00:00Z,7.9,5.306,2.0,1.0,3.306,3.306
6-24ч,2026-08-12T06:05:22Z,2026-08-12T15:00:00Z,8.9,5.389,2.0,1.0,3.389,3.389
6-24ч,2026-08-12T06:05:22Z,2026-08-12T16:00:00Z,9.9,5.194,2.0,1.0,3.194,3.194
6-24ч,2026-08-12T06:05:22Z,2026-08-12T17:00:00Z,10.9,4.5,2.0,1.0,2.5,2.5
6-24ч,2026-08-12T06:05:22Z,2026-08-12T18:00:00Z,11.9,3.389,2.0,1.0,1.389,1.389
6-24ч,2026-08-12T06:05:22Z,2026-08-12T19:00:00Z,12.9,3.389,2.0,1.0,1.389,1.389
6-24ч,2026-08-12T06:05:22Z,2026-08-12T20:00:00Z,13.9,3.0,2.0,1.0,1.0,1.0
6-24ч,2026-08-12T06:05:22Z,2026-08-12T21:00:00Z,14.9,2.5,2.0,1.0,0.5,0.5
6-24ч,2026-08-12T06:05:22Z,2026-08-12T22:00:00Z,15.9,2.111,2.0,1.0,0.111,0.111
6-24ч,2026-08-12T06:05:22Z,2026-08-12T23:00:00Z,16.9,2.111,2.0,2.0,0.111,0.111
6-24ч,2026-08-12T06:05:22Z,2026-08-13T00:00:00Z,17.9,2.0,3.0,3.0,-1.0,1.0
6-24ч,2026-08-12T06:05:22Z,2026-08-13T01:00:00Z,18.9,1.611,1.0,4.0,0.611,0.611
6-24ч,2026-08-12T06:05:22Z,2026-08-13T02:00:00Z,19.9,1.306,1.0,4.0,0.306,0.306
6-24ч,2026-08-12T06:05:22Z,2026-08-13T03:00:00Z,20.9,1.306,1.0,4.0,0.306,0.306
6-24ч,2026-08-12T06:05:22Z,2026-08-13T04:00:00Z,21.9,1.306,2.0,2.0,-0.694,0.694
6-24ч,2026-08-12T06:05:22Z,2026-08-13T05:00:00Z,22.9,1.306,3.0,1.0,-1.694,1.694
6-24ч,2026-08-12T06:05:22Z,2026-08-13T06:00:00Z,23.9,1.611,2.0,1.0,-0.389,0.389
6-24ч,2026-08-12T10:47:03Z,2026-08-12T17:00:00Z,6.2,4.611,2.0,1.0,2.611,2.611
6-24ч,2026-08-12T10:47:03Z,2026-08-12T18:00:00Z,7.2,3.694,2.0,1.0,1.694,1.694
6-24ч,2026-08-12T10:47:03Z,2026-08-12T19:00:00Z,8.2,3.5,2.0,1.0,1.5,1.5
6-24ч,2026-08-12T10:47:03Z,2026-08-12T20:00:00Z,9.2,3.194,2.0,1.0,1.194,1.194
6-24ч,2026-08-12T10:47:03Z,2026-08-12T21:00:00Z,10.2,2.806,2.0,1.0,0.806,0.806
6-24ч,2026-08-12T10:47:03Z,2026-08-12T22:00:00Z,11.2,2.5,2.0,1.0,0.5,0.5
6-24ч,2026-08-12T10:47:03Z,2026-08-12T23:00:00Z,12.2,2.5,2.0,2.0,0.5,0.5
6-24ч,2026-08-12T10:47:03Z,2026-08-13T00:00:00Z,13.2,2.389,3.0,3.0,-0.611,0.611
6-24ч,2026-08-12T10:47:03Z,2026-08-13T01:00:00Z,14.2,2.111,1.0,4.0,1.111,1.111
6-24ч,2026-08-12T10:47:03Z,2026-08-13T02:00:00Z,15.2,1.806,1.0,4.0,0.806,0.806
6-24ч,2026-08-12T10:47:03Z,2026-08-13T03:00:00Z,16.2,1.306,1.0,4.0,0.306,0.306
6-24ч,2026-08-12T10:47:03Z,2026-08-13T04:00:00Z,17.2,1.389,2.0,2.0,-0.611,0.611
6-24ч,2026-08-12T10:47:03Z,2026-08-13T05:00:00Z,18.2,1.611,3.0,1.0,-1.389,1.389
6-24ч,2026-08-12T10:47:03Z,2026-08-13T06:00:00Z,19.2,2.0,2.0,1.0,0.0,0.0
6-24ч,2026-08-12T10:47:03Z,2026-08-13T07:00:00Z,20.2,2.111,1.0,2.0,1.111,1.111
6-24ч,2026-08-12T10:47:03Z,2026-08-13T08:00:00Z,21.2,2.306,2.0,1.0,0.306,0.306
6-24ч,2026-08-12T10:47:03Z,2026-08-13T09:00:00Z,22.2,2.694,2.0,2.0,0.694,0.694
6-24ч,2026-08-12T10:47:03Z,2026-08-13T10:00:00Z,23.2,2.889,2.0,2.0,0.889,0.889
6-24ч,2026-08-12T16:54:57Z,2026-08-12T23:00:00Z,6.1,2.306,2.0,2.0,0.306,0.306
6-24ч,2026-08-12T16:54:57Z,2026-08-13T00:00:00Z,7.1,2.194,3.0,3.0,-0.806,0.806
6-24ч,2026-08-12T16:54:57Z,2026-08-13T01:00:00Z,8.1,1.806,1.0,4.0,0.806,0.806
6-24ч,2026-08-12T16:54:57Z,2026-08-13T02:00:00Z,9.1,1.306,1.0,4.0,0.306,0.306
6-24ч,2026-08-12T16:54:57Z,2026-08-13T03:00:00Z,10.1,1.111,1.0,4.0,0.111,0.111
6-24ч,2026-08-12T16:54:57Z,2026-08-13T04:00:00Z,11.1,1.194,2.0,2.0,-0.806,0.806
6-24ч,2026-08-12T16:54:57Z,2026-08-13T05:00:00Z,12.1,1.306,3.0,1.0,-1.694,1.694
6-24ч,2026-08-12T16:54:57Z,2026-08-13T06:00:00Z,13.1,1.806,2.0,1.0,-0.194,0.194
6-24ч,2026-08-12T16:54:57Z,2026-08-13T07:00:00Z,14.1,2.306,1.0,2.0,1.306,1.306
6-24ч,2026-08-12T16:54:57Z,2026-08-13T08:00:00Z,15.1,2.611,2.0,1.0,0.611,0.611
6-24ч,2026-08-12T16:54:57Z,2026-08-13T09:00:00Z,16.1,3.0,2.0,2.0,1.0,1.0
6-24ч,2026-08-12T16:54:57Z,2026-08-13T10:00:00Z,17.1,3.306,2.0,2.0,1.306,1.306
6-24ч,2026-08-12T16:54:57Z,2026-08-13T11:00:00Z,18.1,3.389,2.0,2.0,1.389,1.389
6-24ч,2026-08-12T16:54:57Z,2026-08-13T12:00:00Z,19.1,3.306,3.0,2.0,0.306,0.306
6-24ч,2026-08-12T16:54:57Z,2026-08-13T13:00:00Z,20.1,3.389,2.0,2.0,1.389,1.389
6-24ч,2026-08-12T16:54:57Z,2026-08-13T14:00:00Z,21.1,3.611,3.0,2.0,0.611,0.611
6-24ч,2026-08-12T16:54:57Z,2026-08-13T15:00:00Z,22.1,3.694,2.0,2.0,1.694,1.694
6-24ч,2026-08-12T16:54:57Z,2026-08-13T16:00:00Z,23.1,3.694,3.0,2.0,0.694,0.694
6-24ч,2026-08-12T22:50:47Z,2026-08-13T05:00:00Z,6.2,1.0,3.0,1.0,-2.0,2.0
6-24ч,2026-08-12T22:50:47Z,2026-08-13T06:00:00Z,7.2,1.5,2.0,1.0,-0.5,0.5
6-24ч,2026-08-12T22:50:47Z,2026-08-13T07:00:00Z,8.2,1.889,1.0,2.0,0.889,0.889
6-24ч,2026-08-12T22:50:47Z,2026-08-13T08:00:00Z,9.2,2.194,2.0,1.0,0.194,0.194
6-24ч,2026-08-12T22:50:47Z,2026-08-13T09:00:00Z,10.2,2.5,2.0,2.0,0.5,0.5
6-24ч,2026-08-12T22:50:47Z,2026-08-13T10:00:00Z,11.2,2.694,2.0,2.0,0.694,0.694
6-24ч,2026-08-12T22:50:47Z,2026-08-13T11:00:00Z,12.2,2.806,2.0,2.0,0.806,0.806
6-24ч,2026-08-12T22:50:47Z,2026-08-13T12:00:00Z,13.2,2.806,3.0,2.0,-0.194,0.194
6-24ч,2026-08-12T22:50:47Z,2026-08-13T13:00:00Z,14.2,3.0,2.0,2.0,1.0,1.0
6-24ч,2026-08-12T22:50:47Z,2026-08-13T14:00:00Z,15.2,3.111,3.0,2.0,0.111,0.111
6-24ч,2026-08-12T22:50:47Z,2026-08-13T15:00:00Z,16.2,3.389,2.0,2.0,1.389,1.389
6-24ч,2026-08-12T22:50:47Z,2026-08-13T16:00:00Z,17.2,3.806,3.0,2.0,0.806,0.806
6-24ч,2026-08-12T22:50:47Z,2026-08-13T17:00:00Z,18.2,3.194,2.0,2.0,1.194,1.194
6-24ч,2026-08-12T22:50:47Z,2026-08-13T18:00:00Z,19.2,2.5,1.0,2.0,1.5,1.5
6-24ч,2026-08-12T22:50:47Z,2026-08-13T19:00:00Z,20.2,2.0,0.0,2.0,2.0,2.0
6-24ч,2026-08-12T22:50:47Z,2026-08-13T20:00:00Z,21.2,1.5,1.0,2.0,0.5,0.5
6-24ч,2026-08-12T22:50:47Z,2026-08-13T21:00:00Z,22.2,1.5,2.0,2.0,-0.5,0.5
6-24ч,2026-08-12T22:50:47Z,2026-08-13T22:00:00Z,23.2,1.889,2.0,2.0,-0.111,0.111
6-24ч,2026-08-13T05:30:08Z,2026-08-13T12:00:00Z,6.5,2.694,3.0,2.0,-0.306,0.306
6-24ч,2026-08-13T05:30:08Z,2026-08-13T13:00:00Z,7.5,2.806,2.0,2.0,0.806,0.806
6-24ч,2026-08-13T05:30:08Z,2026-08-13T14:00:00Z,8.5,3.0,3.0,2.0,0.0,0.0
6-24ч,2026-08-13T05:30:08Z,2026-08-13T15:00:00Z,9.5,3.306,2.0,2.0,1.306,1.306
6-24ч,2026-08-13T05:30:08Z,2026-08-13T16:00:00Z,10.5,3.694,3.0,2.0,0.694,0.694
6-24ч,2026-08-13T05:30:08Z,2026-08-13T17:00:00Z,11.5,3.194,2.0,2.0,1.194,1.194
6-24ч,2026-08-13T05:30:08Z,2026-08-13T18:00:00Z,12.5,2.611,1.0,2.0,1.611,1.611
6-24ч,2026-08-13T05:30:08Z,2026-08-13T19:00:00Z,13.5,2.194,0.0,2.0,2.194,2.194
6-24ч,2026-08-13T05:30:08Z,2026-08-13T20:00:00Z,14.5,1.806,1.0,2.0,0.806,0.806
6-24ч,2026-08-13T05:30:08Z,2026-08-13T21:00:00Z,15.5,1.611,2.0,2.0,-0.389,0.389
6-24ч,2026-08-13T05:30:08Z,2026-08-13T22:00:00Z,16.5,1.806,2.0,2.0,-0.194,0.194
6-24ч,2026-08-13T05:30:08Z,2026-08-13T23:00:00Z,17.5,1.5,2.0,2.0,-0.5,0.5
6-24ч,2026-08-13T05:30:08Z,2026-08-14T00:00:00Z,18.5,1.694,1.0,3.0,0.694,0.694
6-24ч,2026-08-13T05:30:08Z,2026-08-14T01:00:00Z,19.5,1.5,1.0,1.0,0.5,0.5
6-24ч,2026-08-13T05:30:08Z,2026-08-14T02:00:00Z,20.5,0.889,2.0,1.0,-1.111,1.111
6-24ч,2026-08-13T05:30:08Z,2026-08-14T03:00:00Z,21.5,1.806,1.0,1.0,0.806,0.806
6-24ч,2026-08-13T05:30:08Z,2026-08-14T04:00:00Z,22.5,1.389,1.0,2.0,0.389,0.389
6-24ч,2026-08-13T05:30:08Z,2026-08-14T05:00:00Z,23.5,1.389,1.0,3.0,0.389,0.389
6-24ч,2026-08-13T10:49:01Z,2026-08-13T17:00:00Z,6.2,2.806,2.0,2.0,0.806,0.806
6-24ч,2026-08-13T10:49:01Z,2026-08-13T18:00:00Z,7.2,2.306,1.0,2.0,1.306,1.306
6-24ч,2026-08-13T10:49:01Z,2026-08-13T19:00:00Z,8.2,2.0,0.0,2.0,2.0,2.0
6-24ч,2026-08-13T10:49:01Z,2026-08-13T20:00:00Z,9.2,1.806,1.0,2.0,0.806,0.806
6-24ч,2026-08-13T10:49:01Z,2026-08-13T21:00:00Z,10.2,1.694,2.0,2.0,-0.306,0.306
6-24ч,2026-08-13T10:49:01Z,2026-08-13T22:00:00Z,11.2,2.194,2.0,2.0,0.194,0.194
6-24ч,2026-08-13T10:49:01Z,2026-08-13T23:00:00Z,12.2,2.194,2.0,2.0,0.194,0.194
6-24ч,2026-08-13T10:49:01Z,2026-08-14T00:00:00Z,13.2,1.806,1.0,3.0,0.806,0.806
6-24ч,2026-08-13T10:49:01Z,2026-08-14T01:00:00Z,14.2,1.389,1.0,1.0,0.389,0.389
6-24ч,2026-08-13T10:49:01Z,2026-08-14T02:00:00Z,15.2,1.389,2.0,1.0,-0.611,0.611
6-24ч,2026-08-13T10:49:01Z,2026-08-14T03:00:00Z,16.2,1.5,1.0,1.0,0.5,0.5
6-24ч,2026-08-13T10:49:01Z,2026-08-14T04:00:00Z,17.2,1.0,1.0,2.0,0.0,0.0
6-24ч,2026-08-13T10:49:01Z,2026-08-14T05:00:00Z,18.2,1.389,1.0,3.0,0.389,0.389
6-24ч,2026-08-13T10:49:01Z,2026-08-14T06:00:00Z,19.2,1.806,2.0,2.0,-0.194,0.194
6-24ч,2026-08-13T10:49:01Z,2026-08-14T07:00:00Z,20.2,2.111,3.0,1.0,-0.889,0.889
6-24ч,2026-08-13T10:49:01Z,2026-08-14T08:00:00Z,21.2,2.389,2.0,2.0,0.389,0.389
6-24ч,2026-08-13T10:49:01Z,2026-08-14T09:00:00Z,22.2,2.806,2.0,2.0,0.806,0.806
6-24ч,2026-08-13T10:49:01Z,2026-08-14T10:00:00Z,23.2,3.111,1.0,2.0,2.111,2.111
6-24ч,2026-08-13T16:36:10Z,2026-08-13T23:00:00Z,6.4,2.111,2.0,2.0,0.111,0.111
6-24ч,2026-08-13T16:36:10Z,2026-08-14T00:00:00Z,7.4,2.111,1.0,3.0,1.111,1.111
6-24ч,2026-08-13T16:36:10Z,2026-08-14T01:00:00Z,8.4,1.806,1.0,1.0,0.806,0.806
6-24ч,2026-08-13T16:36:10Z,2026-08-14T02:00:00Z,9.4,1.806,2.0,1.0,-0.194,0.194
6-24ч,2026-08-13T16:36:10Z,2026-08-14T03:00:00Z,10.4,2.111,1.0,1.0,1.111,1.111
6-24ч,2026-08-13T16:36:10Z,2026-08-14T04:00:00Z,11.4,1.611,1.0,2.0,0.611,0.611
6-24ч,2026-08-13T16:36:10Z,2026-08-14T05:00:00Z,12.4,1.5,1.0,3.0,0.5,0.5
6-24ч,2026-08-13T16:36:10Z,2026-08-14T06:00:00Z,13.4,1.694,2.0,2.0,-0.306,0.306
6-24ч,2026-08-13T16:36:10Z,2026-08-14T07:00:00Z,14.4,2.0,3.0,1.0,-1.0,1.0
6-24ч,2026-08-13T16:36:10Z,2026-08-14T08:00:00Z,15.4,1.806,2.0,2.0,-0.194,0.194
6-24ч,2026-08-13T16:36:10Z,2026-08-14T09:00:00Z,16.4,1.889,2.0,2.0,-0.111,0.111
6-24ч,2026-08-13T16:36:10Z,2026-08-14T10:00:00Z,17.4,2.194,1.0,2.0,1.194,1.194
6-24ч,2026-08-13T16:42:24Z,2026-08-13T23:00:00Z,6.3,2.111,2.0,2.0,0.111,0.111
6-24ч,2026-08-13T16:42:24Z,2026-08-14T00:00:00Z,7.3,2.111,1.0,3.0,1.111,1.111
6-24ч,2026-08-13T16:42:24Z,2026-08-14T01:00:00Z,8.3,1.806,1.0,1.0,0.806,0.806
6-24ч,2026-08-13T16:42:24Z,2026-08-14T02:00:00Z,9.3,1.806,2.0,1.0,-0.194,0.194
6-24ч,2026-08-13T16:42:24Z,2026-08-14T03:00:00Z,10.3,2.111,1.0,1.0,1.111,1.111
6-24ч,2026-08-13T16:42:24Z,2026-08-14T04:00:00Z,11.3,1.611,1.0,2.0,0.611,0.611
6-24ч,2026-08-13T16:42:24Z,2026-08-14T05:00:00Z,12.3,1.5,1.0,3.0,0.5,0.5
6-24ч,2026-08-13T16:42:24Z,2026-08-14T06:00:00Z,13.3,1.694,2.0,2.0,-0.306,0.306
6-24ч,2026-08-13T16:42:24Z,2026-08-14T07:00:00Z,14.3,2.0,3.0,1.0,-1.0,1.0
6-24ч,2026-08-13T16:42:24Z,2026-08-14T08:00:00Z,15.3,1.806,2.0,2.0,-0.194,0.194
6-24ч,2026-08-13T16:42:24Z,2026-08-14T09:00:00Z,16.3,1.889,2.0,2.0,-0.111,0.111
6-24ч,2026-08-13T16:42:24Z,2026-08-14T10:00:00Z,17.3,2.194,1.0,2.0,1.194,1.194
6-24ч,2026-08-13T16:54:22Z,2026-08-13T23:00:00Z,6.1,2.111,2.0,2.0,0.111,0.111
6-24ч,2026-08-13T16:54:22Z,2026-08-14T00:00:00Z,7.1,2.111,1.0,3.0,1.111,1.111
6-24ч,2026-08-13T16:54:22Z,2026-08-14T01:00:00Z,8.1,1.806,1.0,1.0,0.806,0.806
6-24ч,2026-08-13T16:54:22Z,2026-08-14T02:00:00Z,9.1,1.806,2.0,1.0,-0.194,0.194
6-24ч,2026-08-13T16:54:22Z,2026-08-14T03:00:00Z,10.1,2.111,1.0,1.0,1.111,1.111
6-24ч,2026-08-13T16:54:22Z,2026-08-14T04:00:00Z,11.1,1.611,1.0,2.0,0.611,0.611
6-24ч,2026-08-13T16:54:22Z,2026-08-14T05:00:00Z,12.1,1.5,1.0,3.0,0.5,0.5
6-24ч,2026-08-13T16:54:22Z,2026-08-14T06:00:00Z,13.1,1.694,2.0,2.0,-0.306,0.306
6-24ч,2026-08-13T16:54:22Z,2026-08-14T07:00:00Z,14.1,2.0,3.0,1.0,-1.0,1.0
6-24ч,2026-08-13T16:54:22Z,2026-08-14T08:00:00Z,15.1,1.806,2.0,2.0,-0.194,0.194
6-24ч,2026-08-13T16:54:22Z,2026-08-14T09:00:00Z,16.1,1.889,2.0,2.0,-0.111,0.111
6-24ч,2026-08-13T16:54:22Z,2026-08-14T10:00:00Z,17.1,2.194,1.0,2.0,1.194,1.194
6-24ч,2026-08-13T22:52:17Z,2026-08-14T05:00:00Z,6.1,1.194,1.0,3.0,0.194,0.194
6-24ч,2026-08-13T22:52:17Z,2026-08-14T06:00:00Z,7.1,0.694,2.0,2.0,-1.306,1.306
6-24ч,2026-08-13T22:52:17Z,2026-08-14T07:00:00Z,8.1,0.889,3.0,1.0,-2.111,2.111
6-24ч,2026-08-13T22:52:17Z,2026-08-14T08:00:00Z,9.1,0.889,2.0,2.0,-1.111,1.111
6-24ч,2026-08-13T22:52:17Z,2026-08-14T09:00:00Z,10.1,0.611,2.0,2.0,-1.389,1.389
6-24ч,2026-08-13T22:52:17Z,2026-08-14T10:00:00Z,11.1,0.5,1.0,2.0,-0.5,0.5
1-2 дня,2026-08-06T10:47:54Z,2026-08-07T11:00:00Z,24.2,2.611,2.0,3.0,0.611,0.611
1-2 дня,2026-08-06T10:47:54Z,2026-08-07T12:00:00Z,25.2,2.5,2.0,3.0,0.5,0.5
1-2 дня,2026-08-06T10:47:54Z,2026-08-07T13:00:00Z,26.2,3.0,2.0,3.0,1.0,1.0
1-2 дня,2026-08-06T10:47:54Z,2026-08-07T14:00:00Z,27.2,3.389,2.0,3.0,1.389,1.389
1-2 дня,2026-08-06T10:47:54Z,2026-08-07T15:00:00Z,28.2,3.389,2.0,3.0,1.389,1.389
1-2 дня,2026-08-06T10:47:54Z,2026-08-07T16:00:00Z,29.2,4.306,2.0,3.0,2.306,2.306
1-2 дня,2026-08-06T10:47:54Z,2026-08-07T17:00:00Z,30.2,3.694,4.0,3.0,-0.306,0.306
1-2 дня,2026-08-06T10:47:54Z,2026-08-07T18:00:00Z,31.2,6.694,4.0,3.0,2.694,2.694
1-2 дня,2026-08-06T10:47:54Z,2026-08-07T19:00:00Z,32.2,3.694,3.0,3.0,0.694,0.694
1-2 дня,2026-08-06T10:47:54Z,2026-08-07T20:00:00Z,33.2,4.5,1.0,3.0,3.5,3.5
1-2 дня,2026-08-06T10:47:54Z,2026-08-07T21:00:00Z,34.2,3.389,2.0,3.0,1.389,1.389
1-2 дня,2026-08-06T10:47:54Z,2026-08-07T22:00:00Z,35.2,2.694,2.0,3.0,0.694,0.694
1-2 дня,2026-08-06T10:47:54Z,2026-08-07T23:00:00Z,36.2,2.694,1.0,3.0,1.694,1.694
1-2 дня,2026-08-06T10:47:54Z,2026-08-08T00:00:00Z,37.2,3.194,1.0,3.0,2.194,2.194
1-2 дня,2026-08-06T10:47:54Z,2026-08-08T01:00:00Z,38.2,3.306,2.0,3.0,1.306,1.306
1-2 дня,2026-08-06T10:47:54Z,2026-08-08T02:00:00Z,39.2,2.611,2.0,3.0,0.611,0.611
1-2 дня,2026-08-06T10:47:54Z,2026-08-08T03:00:00Z,40.2,2.194,3.0,3.0,-0.806,0.806
1-2 дня,2026-08-06T10:47:54Z,2026-08-08T04:00:00Z,41.2,1.889,3.0,3.0,-1.111,1.111
1-2 дня,2026-08-06T10:47:54Z,2026-08-08T05:00:00Z,42.2,2.111,1.0,3.0,1.111,1.111
1-2 дня,2026-08-06T10:47:54Z,2026-08-08T06:00:00Z,43.2,2.694,2.0,3.0,0.694,0.694
1-2 дня,2026-08-06T10:47:54Z,2026-08-08T07:00:00Z,44.2,3.0,2.0,3.0,1.0,1.0
1-2 дня,2026-08-06T10:47:54Z,2026-08-08T08:00:00Z,45.2,3.194,2.0,3.0,1.194,1.194
1-2 дня,2026-08-06T10:47:54Z,2026-08-08T09:00:00Z,46.2,3.5,1.0,3.0,2.5,2.5
1-2 дня,2026-08-06T10:47:54Z,2026-08-08T10:00:00Z,47.2,3.694,2.0,3.0,1.694,1.694
1-2 дня,2026-08-06T11:30:42Z,2026-08-07T12:00:00Z,24.5,2.5,2.0,3.0,0.5,0.5
1-2 дня,2026-08-06T11:30:42Z,2026-08-07T13:00:00Z,25.5,3.0,2.0,3.0,1.0,1.0
1-2 дня,2026-08-06T11:30:42Z,2026-08-07T14:00:00Z,26.5,3.389,2.0,3.0,1.389,1.389
1-2 дня,2026-08-06T11:30:42Z,2026-08-07T15:00:00Z,27.5,3.389,2.0,3.0,1.389,1.389
1-2 дня,2026-08-06T11:30:42Z,2026-08-07T16:00:00Z,28.5,4.306,2.0,3.0,2.306,2.306
1-2 дня,2026-08-06T11:30:42Z,2026-08-07T17:00:00Z,29.5,3.694,4.0,3.0,-0.306,0.306
1-2 дня,2026-08-06T11:30:42Z,2026-08-07T18:00:00Z,30.5,6.694,4.0,3.0,2.694,2.694
1-2 дня,2026-08-06T11:30:42Z,2026-08-07T19:00:00Z,31.5,3.694,3.0,3.0,0.694,0.694
1-2 дня,2026-08-06T11:30:42Z,2026-08-07T20:00:00Z,32.5,4.5,1.0,3.0,3.5,3.5
1-2 дня,2026-08-06T11:30:42Z,2026-08-07T21:00:00Z,33.5,3.389,2.0,3.0,1.389,1.389
1-2 дня,2026-08-06T11:30:42Z,2026-08-07T22:00:00Z,34.5,2.694,2.0,3.0,0.694,0.694
1-2 дня,2026-08-06T11:30:42Z,2026-08-07T23:00:00Z,35.5,2.694,1.0,3.0,1.694,1.694
1-2 дня,2026-08-06T11:30:42Z,2026-08-08T00:00:00Z,36.5,3.194,1.0,3.0,2.194,2.194
1-2 дня,2026-08-06T11:30:42Z,2026-08-08T01:00:00Z,37.5,3.306,2.0,3.0,1.306,1.306
1-2 дня,2026-08-06T11:30:42Z,2026-08-08T02:00:00Z,38.5,2.611,2.0,3.0,0.611,0.611
1-2 дня,2026-08-06T11:30:42Z,2026-08-08T03:00:00Z,39.5,2.194,3.0,3.0,-0.806,0.806
1-2 дня,2026-08-06T11:30:42Z,2026-08-08T04:00:00Z,40.5,1.889,3.0,3.0,-1.111,1.111
1-2 дня,2026-08-06T11:30:42Z,2026-08-08T05:00:00Z,41.5,2.111,1.0,3.0,1.111,1.111
1-2 дня,2026-08-06T11:30:42Z,2026-08-08T06:00:00Z,42.5,2.694,2.0,3.0,0.694,0.694
1-2 дня,2026-08-06T11:30:42Z,2026-08-08T07:00:00Z,43.5,3.0,2.0,3.0,1.0,1.0
1-2 дня,2026-08-06T11:30:42Z,2026-08-08T08:00:00Z,44.5,3.194,2.0,3.0,1.194,1.194
1-2 дня,2026-08-06T11:30:42Z,2026-08-08T09:00:00Z,45.5,3.5,1.0,3.0,2.5,2.5
1-2 дня,2026-08-06T11:30:42Z,2026-08-08T10:00:00Z,46.5,3.694,2.0,3.0,1.694,1.694
1-2 дня,2026-08-06T11:30:42Z,2026-08-08T11:00:00Z,47.5,3.889,2.0,3.0,1.889,1.889
1-2 дня,2026-08-06T11:36:01Z,2026-08-07T12:00:00Z,24.4,2.5,2.0,3.0,0.5,0.5
1-2 дня,2026-08-06T11:36:01Z,2026-08-07T13:00:00Z,25.4,3.0,2.0,3.0,1.0,1.0
1-2 дня,2026-08-06T11:36:01Z,2026-08-07T14:00:00Z,26.4,3.389,2.0,3.0,1.389,1.389
1-2 дня,2026-08-06T11:36:01Z,2026-08-07T15:00:00Z,27.4,3.389,2.0,3.0,1.389,1.389
1-2 дня,2026-08-06T11:36:01Z,2026-08-07T16:00:00Z,28.4,4.306,2.0,3.0,2.306,2.306
1-2 дня,2026-08-06T11:36:01Z,2026-08-07T17:00:00Z,29.4,3.694,4.0,3.0,-0.306,0.306
1-2 дня,2026-08-06T11:36:01Z,2026-08-07T18:00:00Z,30.4,6.694,4.0,3.0,2.694,2.694
1-2 дня,2026-08-06T11:36:01Z,2026-08-07T19:00:00Z,31.4,3.694,3.0,3.0,0.694,0.694
1-2 дня,2026-08-06T11:36:01Z,2026-08-07T20:00:00Z,32.4,4.5,1.0,3.0,3.5,3.5
1-2 дня,2026-08-06T11:36:01Z,2026-08-07T21:00:00Z,33.4,3.389,2.0,3.0,1.389,1.389
1-2 дня,2026-08-06T11:36:01Z,2026-08-07T22:00:00Z,34.4,2.694,2.0,3.0,0.694,0.694
1-2 дня,2026-08-06T11:36:01Z,2026-08-07T23:00:00Z,35.4,2.694,1.0,3.0,1.694,1.694
1-2 дня,2026-08-06T11:36:01Z,2026-08-08T00:00:00Z,36.4,3.194,1.0,3.0,2.194,2.194
1-2 дня,2026-08-06T11:36:01Z,2026-08-08T01:00:00Z,37.4,3.306,2.0,3.0,1.306,1.306
1-2 дня,2026-08-06T11:36:01Z,2026-08-08T02:00:00Z,38.4,2.611,2.0,3.0,0.611,0.611
1-2 дня,2026-08-06T11:36:01Z,2026-08-08T03:00:00Z,39.4,2.194,3.0,3.0,-0.806,0.806
1-2 дня,2026-08-06T11:36:01Z,2026-08-08T04:00:00Z,40.4,1.889,3.0,3.0,-1.111,1.111
1-2 дня,2026-08-06T11:36:01Z,2026-08-08T05:00:00Z,41.4,2.111,1.0,3.0,1.111,1.111
1-2 дня,2026-08-06T11:36:01Z,2026-08-08T06:00:00Z,42.4,2.694,2.0,3.0,0.694,0.694
1-2 дня,2026-08-06T11:36:01Z,2026-08-08T07:00:00Z,43.4,3.0,2.0,3.0,1.0,1.0
1-2 дня,2026-08-06T11:36:01Z,2026-08-08T08:00:00Z,44.4,3.194,2.0,3.0,1.194,1.194
1-2 дня,2026-08-06T11:36:01Z,2026-08-08T09:00:00Z,45.4,3.5,1.0,3.0,2.5,2.5
1-2 дня,2026-08-06T11:36:01Z,2026-08-08T10:00:00Z,46.4,3.694,2.0,3.0,1.694,1.694
1-2 дня,2026-08-06T11:36:01Z,2026-08-08T11:00:00Z,47.4,3.889,2.0,3.0,1.889,1.889
1-2 дня,2026-08-06T11:44:08Z,2026-08-07T12:00:00Z,24.3,2.5,2.0,3.0,0.5,0.5
1-2 дня,2026-08-06T11:44:08Z,2026-08-07T13:00:00Z,25.3,3.0,2.0,3.0,1.0,1.0
1-2 дня,2026-08-06T11:44:08Z,2026-08-07T14:00:00Z,26.3,3.389,2.0,3.0,1.389,1.389
1-2 дня,2026-08-06T11:44:08Z,2026-08-07T15:00:00Z,27.3,3.389,2.0,3.0,1.389,1.389
1-2 дня,2026-08-06T11:44:08Z,2026-08-07T16:00:00Z,28.3,4.306,2.0,3.0,2.306,2.306
1-2 дня,2026-08-06T11:44:08Z,2026-08-07T17:00:00Z,29.3,3.694,4.0,3.0,-0.306,0.306
1-2 дня,2026-08-06T11:44:08Z,2026-08-07T18:00:00Z,30.3,6.694,4.0,3.0,2.694,2.694
1-2 дня,2026-08-06T11:44:08Z,2026-08-07T19:00:00Z,31.3,3.694,3.0,3.0,0.694,0.694
1-2 дня,2026-08-06T11:44:08Z,2026-08-07T20:00:00Z,32.3,4.5,1.0,3.0,3.5,3.5
1-2 дня,2026-08-06T11:44:08Z,2026-08-07T21:00:00Z,33.3,3.389,2.0,3.0,1.389,1.389
1-2 дня,2026-08-06T11:44:08Z,2026-08-07T22:00:00Z,34.3,2.694,2.0,3.0,0.694,0.694
1-2 дня,2026-08-06T11:44:08Z,2026-08-07T23:00:00Z,35.3,2.694,1.0,3.0,1.694,1.694
1-2 дня,2026-08-06T11:44:08Z,2026-08-08T00:00:00Z,36.3,3.194,1.0,3.0,2.194,2.194
1-2 дня,2026-08-06T11:44:08Z,2026-08-08T01:00:00Z,37.3,3.306,2.0,3.0,1.306,1.306
1-2 дня,2026-08-06T11:44:08Z,2026-08-08T02:00:00Z,38.3,2.611,2.0,3.0,0.611,0.611
1-2 дня,2026-08-06T11:44:08Z,2026-08-08T03:00:00Z,39.3,2.194,3.0,3.0,-0.806,0.806
1-2 дня,2026-08-06T11:44:08Z,2026-08-08T04:00:00Z,40.3,1.889,3.0,3.0,-1.111,1.111
1-2 дня,2026-08-06T11:44:08Z,2026-08-08T05:00:00Z,41.3,2.111,1.0,3.0,1.111,1.111
1-2 дня,2026-08-06T11:44:08Z,2026-08-08T06:00:00Z,42.3,2.694,2.0,3.0,0.694,0.694
1-2 дня,2026-08-06T11:44:08Z,2026-08-08T07:00:00Z,43.3,3.0,2.0,3.0,1.0,1.0
1-2 дня,2026-08-06T11:44:08Z,2026-08-08T08:00:00Z,44.3,3.194,2.0,3.0,1.194,1.194
1-2 дня,2026-08-06T11:44:08Z,2026-08-08T09:00:00Z,45.3,3.5,1.0,3.0,2.5,2.5
1-2 дня,2026-08-06T11:44:08Z,2026-08-08T10:00:00Z,46.3,3.694,2.0,3.0,1.694,1.694
1-2 дня,2026-08-06T11:44:08Z,2026-08-08T11:00:00Z,47.3,3.889,2.0,3.0,1.889,1.889
1-2 дня,2026-08-07T01:31:32Z,2026-08-08T02:00:00Z,24.5,2.806,2.0,1.0,0.806,0.806
1-2 дня,2026-08-07T01:31:32Z,2026-08-08T03:00:00Z,25.5,2.5,3.0,1.0,-0.5,0.5
1-2 дня,2026-08-07T01:31:32Z,2026-08-08T04:00:00Z,26.5,2.389,3.0,1.0,-0.611,0.611
1-2 дня,2026-08-07T01:31:32Z,2026-08-08T05:00:00Z,27.5,2.889,1.0,1.0,1.889,1.889
1-2 дня,2026-08-07T01:31:32Z,2026-08-08T06:00:00Z,28.5,2.806,2.0,1.0,0.806,0.806
1-2 дня,2026-08-07T01:31:32Z,2026-08-08T07:00:00Z,29.5,3.389,2.0,1.0,1.389,1.389
1-2 дня,2026-08-07T01:31:32Z,2026-08-08T08:00:00Z,30.5,3.611,2.0,1.0,1.611,1.611
1-2 дня,2026-08-07T01:31:32Z,2026-08-08T09:00:00Z,31.5,3.806,1.0,1.0,2.806,2.806
1-2 дня,2026-08-07T01:31:32Z,2026-08-08T10:00:00Z,32.5,4.0,2.0,1.0,2.0,2.0
1-2 дня,2026-08-07T01:31:32Z,2026-08-08T11:00:00Z,33.5,3.806,2.0,1.0,1.806,1.806
1-2 дня,2026-08-07T01:31:32Z,2026-08-08T12:00:00Z,34.5,3.889,2.0,1.0,1.889,1.889
1-2 дня,2026-08-07T01:31:32Z,2026-08-08T13:00:00Z,35.5,4.306,2.0,1.0,2.306,2.306
1-2 дня,2026-08-07T01:31:32Z,2026-08-08T14:00:00Z,36.5,4.389,2.0,1.0,2.389,2.389
1-2 дня,2026-08-07T01:31:32Z,2026-08-08T15:00:00Z,37.5,4.694,2.0,1.0,2.694,2.694
1-2 дня,2026-08-07T01:31:32Z,2026-08-08T16:00:00Z,38.5,5.0,2.0,1.0,3.0,3.0
1-2 дня,2026-08-07T01:31:32Z,2026-08-08T17:00:00Z,39.5,4.111,2.0,1.0,2.111,2.111
1-2 дня,2026-08-07T01:31:32Z,2026-08-08T18:00:00Z,40.5,4.694,1.0,1.0,3.694,3.694
1-2 дня,2026-08-07T01:31:32Z,2026-08-08T19:00:00Z,41.5,5.389,1.0,1.0,4.389,4.389
1-2 дня,2026-08-07T01:31:32Z,2026-08-08T20:00:00Z,42.5,4.5,1.0,1.0,3.5,3.5
1-2 дня,2026-08-07T01:31:32Z,2026-08-08T21:00:00Z,43.5,3.306,1.0,1.0,2.306,2.306
1-2 дня,2026-08-07T01:31:32Z,2026-08-08T22:00:00Z,44.5,2.889,3.0,1.0,-0.111,0.111
1-2 дня,2026-08-07T01:31:32Z,2026-08-08T23:00:00Z,45.5,2.5,2.0,1.0,0.5,0.5
1-2 дня,2026-08-07T01:31:32Z,2026-08-09T00:00:00Z,46.5,1.806,3.0,1.0,-1.194,1.194
1-2 дня,2026-08-07T01:31:32Z,2026-08-09T01:00:00Z,47.5,1.111,2.0,1.0,-0.889,0.889
1-2 дня,2026-08-07T05:36:00Z,2026-08-08T06:00:00Z,24.4,3.306,2.0,1.0,1.306,1.306
1-2 дня,2026-08-07T05:36:00Z,2026-08-08T07:00:00Z,25.4,3.306,2.0,1.0,1.306,1.306
1-2 дня,2026-08-07T05:36:00Z,2026-08-08T08:00:00Z,26.4,4.111,2.0,1.0,2.111,2.111
1-2 дня,2026-08-07T05:36:00Z,2026-08-08T09:00:00Z,27.4,4.306,1.0,1.0,3.306,3.306
1-2 дня,2026-08-07T05:36:00Z,2026-08-08T10:00:00Z,28.4,4.389,2.0,1.0,2.389,2.389
1-2 дня,2026-08-07T05:36:00Z,2026-08-08T11:00:00Z,29.4,4.389,2.0,1.0,2.389,2.389
1-2 дня,2026-08-07T05:36:00Z,2026-08-08T12:00:00Z,30.4,4.5,2.0,1.0,2.5,2.5
1-2 дня,2026-08-07T05:36:00Z,2026-08-08T13:00:00Z,31.4,4.389,2.0,1.0,2.389,2.389
1-2 дня,2026-08-07T05:36:00Z,2026-08-08T14:00:00Z,32.4,4.5,2.0,1.0,2.5,2.5
1-2 дня,2026-08-07T05:36:00Z,2026-08-08T15:00:00Z,33.4,4.889,2.0,1.0,2.889,2.889
1-2 дня,2026-08-07T05:36:00Z,2026-08-08T16:00:00Z,34.4,5.0,2.0,1.0,3.0,3.0
1-2 дня,2026-08-07T05:36:00Z,2026-08-08T17:00:00Z,35.4,4.306,2.0,1.0,2.306,2.306
1-2 дня,2026-08-07T05:36:00Z,2026-08-08T18:00:00Z,36.4,5.306,1.0,1.0,4.306,4.306
1-2 дня,2026-08-07T05:36:00Z,2026-08-08T19:00:00Z,37.4,4.194,1.0,1.0,3.194,3.194
1-2 дня,2026-08-07T05:36:00Z,2026-08-08T20:00:00Z,38.4,3.306,1.0,1.0,2.306,2.306
1-2 дня,2026-08-07T05:36:00Z,2026-08-08T21:00:00Z,39.4,2.889,1.0,1.0,1.889,1.889
1-2 дня,2026-08-07T05:36:00Z,2026-08-08T22:00:00Z,40.4,3.0,3.0,1.0,0.0,0.0
1-2 дня,2026-08-07T05:36:00Z,2026-08-08T23:00:00Z,41.4,2.889,2.0,1.0,0.889,0.889
1-2 дня,2026-08-07T05:36:00Z,2026-08-09T00:00:00Z,42.4,2.0,3.0,1.0,-1.0,1.0
1-2 дня,2026-08-07T05:36:00Z,2026-08-09T01:00:00Z,43.4,1.694,2.0,1.0,-0.306,0.306
1-2 дня,2026-08-07T05:36:00Z,2026-08-09T02:00:00Z,44.4,1.111,1.0,1.0,0.111,0.111
1-2 дня,2026-08-07T05:36:00Z,2026-08-09T03:00:00Z,45.4,1.306,1.0,1.0,0.306,0.306
1-2 дня,2026-08-07T05:36:00Z,2026-08-09T04:00:00Z,46.4,1.306,1.0,1.0,0.306,0.306
1-2 дня,2026-08-07T05:36:00Z,2026-08-09T05:00:00Z,47.4,1.5,1.0,1.0,0.5,0.5
1-2 дня,2026-08-07T06:18:59Z,2026-08-08T07:00:00Z,24.7,3.306,2.0,1.0,1.306,1.306
1-2 дня,2026-08-07T06:18:59Z,2026-08-08T08:00:00Z,25.7,4.111,2.0,1.0,2.111,2.111
1-2 дня,2026-08-07T06:18:59Z,2026-08-08T09:00:00Z,26.7,4.306,1.0,1.0,3.306,3.306
1-2 дня,2026-08-07T06:18:59Z,2026-08-08T10:00:00Z,27.7,4.389,2.0,1.0,2.389,2.389
1-2 дня,2026-08-07T06:18:59Z,2026-08-08T11:00:00Z,28.7,4.389,2.0,1.0,2.389,2.389
1-2 дня,2026-08-07T06:18:59Z,2026-08-08T12:00:00Z,29.7,4.5,2.0,1.0,2.5,2.5
1-2 дня,2026-08-07T06:18:59Z,2026-08-08T13:00:00Z,30.7,4.389,2.0,1.0,2.389,2.389
1-2 дня,2026-08-07T06:18:59Z,2026-08-08T14:00:00Z,31.7,4.5,2.0,1.0,2.5,2.5
1-2 дня,2026-08-07T06:18:59Z,2026-08-08T15:00:00Z,32.7,4.889,2.0,1.0,2.889,2.889
1-2 дня,2026-08-07T06:18:59Z,2026-08-08T16:00:00Z,33.7,5.0,2.0,1.0,3.0,3.0
1-2 дня,2026-08-07T06:18:59Z,2026-08-08T17:00:00Z,34.7,4.306,2.0,1.0,2.306,2.306
1-2 дня,2026-08-07T06:18:59Z,2026-08-08T18:00:00Z,35.7,5.306,1.0,1.0,4.306,4.306
1-2 дня,2026-08-07T06:18:59Z,2026-08-08T19:00:00Z,36.7,4.194,1.0,1.0,3.194,3.194
1-2 дня,2026-08-07T06:18:59Z,2026-08-08T20:00:00Z,37.7,3.306,1.0,1.0,2.306,2.306
1-2 дня,2026-08-07T06:18:59Z,2026-08-08T21:00:00Z,38.7,2.889,1.0,1.0,1.889,1.889
1-2 дня,2026-08-07T06:18:59Z,2026-08-08T22:00:00Z,39.7,3.0,3.0,1.0,0.0,0.0
1-2 дня,2026-08-07T06:18:59Z,2026-08-08T23:00:00Z,40.7,2.889,2.0,1.0,0.889,0.889
1-2 дня,2026-08-07T06:18:59Z,2026-08-09T00:00:00Z,41.7,2.0,3.0,1.0,-1.0,1.0
1-2 дня,2026-08-07T06:18:59Z,2026-08-09T01:00:00Z,42.7,1.694,2.0,1.0,-0.306,0.306
1-2 дня,2026-08-07T06:18:59Z,2026-08-09T02:00:00Z,43.7,1.111,1.0,1.0,0.111,0.111
1-2 дня,2026-08-07T06:18:59Z,2026-08-09T03:00:00Z,44.7,1.306,1.0,1.0,0.306,0.306
1-2 дня,2026-08-07T06:18:59Z,2026-08-09T04:00:00Z,45.7,1.306,1.0,1.0,0.306,0.306
1-2 дня,2026-08-07T06:18:59Z,2026-08-09T05:00:00Z,46.7,1.5,1.0,1.0,0.5,0.5
1-2 дня,2026-08-07T06:18:59Z,2026-08-09T06:00:00Z,47.7,2.0,1.0,1.0,1.0,1.0
1-2 дня,2026-08-07T07:13:52Z,2026-08-08T08:00:00Z,24.8,4.111,2.0,1.0,2.111,2.111
1-2 дня,2026-08-07T07:13:52Z,2026-08-08T09:00:00Z,25.8,4.306,1.0,1.0,3.306,3.306
1-2 дня,2026-08-07T07:13:52Z,2026-08-08T10:00:00Z,26.8,4.389,2.0,1.0,2.389,2.389
1-2 дня,2026-08-07T07:13:52Z,2026-08-08T11:00:00Z,27.8,4.389,2.0,1.0,2.389,2.389
1-2 дня,2026-08-07T07:13:52Z,2026-08-08T12:00:00Z,28.8,4.5,2.0,1.0,2.5,2.5
1-2 дня,2026-08-07T07:13:52Z,2026-08-08T13:00:00Z,29.8,4.389,2.0,1.0,2.389,2.389
1-2 дня,2026-08-07T07:13:52Z,2026-08-08T14:00:00Z,30.8,4.5,2.0,1.0,2.5,2.5
1-2 дня,2026-08-07T07:13:52Z,2026-08-08T15:00:00Z,31.8,4.889,2.0,1.0,2.889,2.889
1-2 дня,2026-08-07T07:13:52Z,2026-08-08T16:00:00Z,32.8,5.0,2.0,1.0,3.0,3.0
1-2 дня,2026-08-07T07:13:52Z,2026-08-08T17:00:00Z,33.8,4.306,2.0,1.0,2.306,2.306
1-2 дня,2026-08-07T07:13:52Z,2026-08-08T18:00:00Z,34.8,5.306,1.0,1.0,4.306,4.306
1-2 дня,2026-08-07T07:13:52Z,2026-08-08T19:00:00Z,35.8,4.194,1.0,1.0,3.194,3.194
1-2 дня,2026-08-07T07:13:52Z,2026-08-08T20:00:00Z,36.8,3.306,1.0,1.0,2.306,2.306
1-2 дня,2026-08-07T07:13:52Z,2026-08-08T21:00:00Z,37.8,2.889,1.0,1.0,1.889,1.889
1-2 дня,2026-08-07T07:13:52Z,2026-08-08T22:00:00Z,38.8,3.0,3.0,1.0,0.0,0.0
1-2 дня,2026-08-07T07:13:52Z,2026-08-08T23:00:00Z,39.8,2.889,2.0,1.0,0.889,0.889
1-2 дня,2026-08-07T07:13:52Z,2026-08-09T00:00:00Z,40.8,2.0,3.0,1.0,-1.0,1.0
1-2 дня,2026-08-07T07:13:52Z,2026-08-09T01:00:00Z,41.8,1.694,2.0,1.0,-0.306,0.306
1-2 дня,2026-08-07T07:13:52Z,2026-08-09T02:00:00Z,42.8,1.111,1.0,1.0,0.111,0.111
1-2 дня,2026-08-07T07:13:52Z,2026-08-09T03:00:00Z,43.8,1.306,1.0,1.0,0.306,0.306
1-2 дня,2026-08-07T07:13:52Z,2026-08-09T04:00:00Z,44.8,1.306,1.0,1.0,0.306,0.306
1-2 дня,2026-08-07T07:13:52Z,2026-08-09T05:00:00Z,45.8,1.5,1.0,1.0,0.5,0.5
1-2 дня,2026-08-07T07:13:52Z,2026-08-09T06:00:00Z,46.8,2.0,1.0,1.0,1.0,1.0
1-2 дня,2026-08-07T07:13:52Z,2026-08-09T07:00:00Z,47.8,2.306,1.0,1.0,1.306,1.306
1-2 дня,2026-08-07T10:39:14Z,2026-08-08T11:00:00Z,24.3,4.306,2.0,1.0,2.306,2.306
1-2 дня,2026-08-07T10:39:14Z,2026-08-08T12:00:00Z,25.3,4.306,2.0,1.0,2.306,2.306
1-2 дня,2026-08-07T10:39:14Z,2026-08-08T13:00:00Z,26.3,4.194,2.0,1.0,2.194,2.194
1-2 дня,2026-08-07T10:39:14Z,2026-08-08T14:00:00Z,27.3,4.194,2.0,1.0,2.194,2.194
1-2 дня,2026-08-07T10:39:14Z,2026-08-08T15:00:00Z,28.3,4.111,2.0,1.0,2.111,2.111
1-2 дня,2026-08-07T10:39:14Z,2026-08-08T16:00:00Z,29.3,4.611,2.0,1.0,2.611,2.611
1-2 дня,2026-08-07T10:39:14Z,2026-08-08T17:00:00Z,30.3,4.5,2.0,1.0,2.5,2.5
1-2 дня,2026-08-07T10:39:14Z,2026-08-08T18:00:00Z,31.3,3.306,1.0,1.0,2.306,2.306
1-2 дня,2026-08-07T10:39:14Z,2026-08-08T19:00:00Z,32.3,3.194,1.0,1.0,2.194,2.194
1-2 дня,2026-08-07T10:39:14Z,2026-08-08T20:00:00Z,33.3,2.389,1.0,1.0,1.389,1.389
1-2 дня,2026-08-07T10:39:14Z,2026-08-08T21:00:00Z,34.3,3.306,1.0,1.0,2.306,2.306
1-2 дня,2026-08-07T10:39:14Z,2026-08-08T22:00:00Z,35.3,2.806,3.0,1.0,-0.194,0.194
1-2 дня,2026-08-07T10:39:14Z,2026-08-08T23:00:00Z,36.3,2.194,2.0,1.0,0.194,0.194
1-2 дня,2026-08-07T10:39:14Z,2026-08-09T00:00:00Z,37.3,1.0,3.0,1.0,-2.0,2.0
1-2 дня,2026-08-07T10:39:14Z,2026-08-09T01:00:00Z,38.3,0.889,2.0,1.0,-1.111,1.111
1-2 дня,2026-08-07T10:39:14Z,2026-08-09T02:00:00Z,39.3,1.5,1.0,1.0,0.5,0.5
1-2 дня,2026-08-07T10:39:14Z,2026-08-09T03:00:00Z,40.3,1.611,1.0,1.0,0.611,0.611
1-2 дня,2026-08-07T10:39:14Z,2026-08-09T04:00:00Z,41.3,1.611,1.0,1.0,0.611,0.611
1-2 дня,2026-08-07T10:39:14Z,2026-08-09T05:00:00Z,42.3,1.694,1.0,1.0,0.694,0.694
1-2 дня,2026-08-07T10:39:14Z,2026-08-09T06:00:00Z,43.3,2.111,1.0,1.0,1.111,1.111
1-2 дня,2026-08-07T10:39:14Z,2026-08-09T07:00:00Z,44.3,2.389,1.0,1.0,1.389,1.389
1-2 дня,2026-08-07T10:39:14Z,2026-08-09T08:00:00Z,45.3,2.694,1.0,1.0,1.694,1.694
1-2 дня,2026-08-07T10:39:14Z,2026-08-09T09:00:00Z,46.3,2.806,2.0,1.0,0.806,0.806
1-2 дня,2026-08-07T10:39:14Z,2026-08-09T10:00:00Z,47.3,2.806,2.0,1.0,0.806,0.806
1-2 дня,2026-08-07T16:51:54Z,2026-08-08T17:00:00Z,24.1,3.194,2.0,2.0,1.194,1.194
1-2 дня,2026-08-07T16:51:54Z,2026-08-08T18:00:00Z,25.1,2.889,1.0,2.0,1.889,1.889
1-2 дня,2026-08-07T16:51:54Z,2026-08-08T19:00:00Z,26.1,3.806,1.0,2.0,2.806,2.806
1-2 дня,2026-08-07T16:51:54Z,2026-08-08T20:00:00Z,27.1,3.5,1.0,2.0,2.5,2.5
1-2 дня,2026-08-07T16:51:54Z,2026-08-08T21:00:00Z,28.1,3.194,1.0,2.0,2.194,2.194
1-2 дня,2026-08-07T16:51:54Z,2026-08-08T22:00:00Z,29.1,3.0,3.0,2.0,0.0,0.0
1-2 дня,2026-08-07T16:51:54Z,2026-08-08T23:00:00Z,30.1,2.5,2.0,2.0,0.5,0.5
1-2 дня,2026-08-07T16:51:54Z,2026-08-09T00:00:00Z,31.1,1.611,3.0,2.0,-1.389,1.389
1-2 дня,2026-08-07T16:51:54Z,2026-08-09T01:00:00Z,32.1,1.611,2.0,2.0,-0.389,0.389
1-2 дня,2026-08-07T16:51:54Z,2026-08-09T02:00:00Z,33.1,0.806,1.0,2.0,-0.194,0.194
1-2 дня,2026-08-07T16:51:54Z,2026-08-09T03:00:00Z,34.1,0.5,1.0,2.0,-0.5,0.5
1-2 дня,2026-08-07T16:51:54Z,2026-08-09T04:00:00Z,35.1,1.0,1.0,2.0,0.0,0.0
1-2 дня,2026-08-07T16:51:54Z,2026-08-09T05:00:00Z,36.1,1.306,1.0,2.0,0.306,0.306
1-2 дня,2026-08-07T16:51:54Z,2026-08-09T06:00:00Z,37.1,1.806,1.0,2.0,0.806,0.806
1-2 дня,2026-08-07T16:51:54Z,2026-08-09T07:00:00Z,38.1,2.111,1.0,2.0,1.111,1.111
1-2 дня,2026-08-07T16:51:54Z,2026-08-09T08:00:00Z,39.1,2.306,1.0,2.0,1.306,1.306
1-2 дня,2026-08-07T16:51:54Z,2026-08-09T09:00:00Z,40.1,2.5,2.0,2.0,0.5,0.5
1-2 дня,2026-08-07T16:51:54Z,2026-08-09T10:00:00Z,41.1,2.611,2.0,2.0,0.611,0.611
1-2 дня,2026-08-07T16:51:54Z,2026-08-09T11:00:00Z,42.1,2.694,2.0,2.0,0.694,0.694
1-2 дня,2026-08-07T16:51:54Z,2026-08-09T12:00:00Z,43.1,2.694,2.0,2.0,0.694,0.694
1-2 дня,2026-08-07T16:51:54Z,2026-08-09T13:00:00Z,44.1,2.389,2.0,2.0,0.389,0.389
1-2 дня,2026-08-07T16:51:54Z,2026-08-09T14:00:00Z,45.1,1.889,2.0,2.0,-0.111,0.111
1-2 дня,2026-08-07T16:51:54Z,2026-08-09T15:00:00Z,46.1,1.694,2.0,2.0,-0.306,0.306
1-2 дня,2026-08-07T16:51:54Z,2026-08-09T16:00:00Z,47.1,1.694,1.0,2.0,0.694,0.694
1-2 дня,2026-08-07T22:45:57Z,2026-08-08T23:00:00Z,24.2,2.0,2.0,2.0,0.0,0.0
1-2 дня,2026-08-07T22:45:57Z,2026-08-09T00:00:00Z,25.2,1.389,3.0,2.0,-1.611,1.611
1-2 дня,2026-08-07T22:45:57Z,2026-08-09T01:00:00Z,26.2,0.694,2.0,2.0,-1.306,1.306
1-2 дня,2026-08-07T22:45:57Z,2026-08-09T02:00:00Z,27.2,0.806,1.0,2.0,-0.194,0.194
1-2 дня,2026-08-07T22:45:57Z,2026-08-09T03:00:00Z,28.2,1.389,1.0,2.0,0.389,0.389
1-2 дня,2026-08-07T22:45:57Z,2026-08-09T04:00:00Z,29.2,1.389,1.0,2.0,0.389,0.389
1-2 дня,2026-08-07T22:45:57Z,2026-08-09T05:00:00Z,30.2,1.5,1.0,2.0,0.5,0.5
1-2 дня,2026-08-07T22:45:57Z,2026-08-09T06:00:00Z,31.2,1.806,1.0,2.0,0.806,0.806
1-2 дня,2026-08-07T22:45:57Z,2026-08-09T07:00:00Z,32.2,2.0,1.0,2.0,1.0,1.0
1-2 дня,2026-08-07T22:45:57Z,2026-08-09T08:00:00Z,33.2,2.306,1.0,2.0,1.306,1.306
1-2 дня,2026-08-07T22:45:57Z,2026-08-09T09:00:00Z,34.2,2.611,2.0,2.0,0.611,0.611
1-2 дня,2026-08-07T22:45:57Z,2026-08-09T10:00:00Z,35.2,2.611,2.0,2.0,0.611,0.611
1-2 дня,2026-08-07T22:45:57Z,2026-08-09T11:00:00Z,36.2,2.5,2.0,2.0,0.5,0.5
1-2 дня,2026-08-07T22:45:57Z,2026-08-09T12:00:00Z,37.2,2.389,2.0,2.0,0.389,0.389
1-2 дня,2026-08-07T22:45:57Z,2026-08-09T13:00:00Z,38.2,2.306,2.0,2.0,0.306,0.306
1-2 дня,2026-08-07T22:45:57Z,2026-08-09T14:00:00Z,39.2,2.0,2.0,2.0,0.0,0.0
1-2 дня,2026-08-07T22:45:57Z,2026-08-09T15:00:00Z,40.2,1.889,2.0,2.0,-0.111,0.111
1-2 дня,2026-08-07T22:45:57Z,2026-08-09T16:00:00Z,41.2,1.889,1.0,2.0,0.889,0.889
1-2 дня,2026-08-07T22:45:57Z,2026-08-09T17:00:00Z,42.2,2.194,1.0,2.0,1.194,1.194
1-2 дня,2026-08-07T22:45:57Z,2026-08-09T18:00:00Z,43.2,2.5,1.0,2.0,1.5,1.5
1-2 дня,2026-08-07T22:45:57Z,2026-08-09T19:00:00Z,44.2,2.694,1.0,2.0,1.694,1.694
1-2 дня,2026-08-07T22:45:57Z,2026-08-09T20:00:00Z,45.2,2.806,2.0,2.0,0.806,0.806
1-2 дня,2026-08-07T22:45:57Z,2026-08-09T21:00:00Z,46.2,2.694,1.0,2.0,1.694,1.694
1-2 дня,2026-08-07T22:45:57Z,2026-08-09T22:00:00Z,47.2,2.611,1.0,2.0,1.611,1.611
1-2 дня,2026-08-07T23:19:23Z,2026-08-09T00:00:00Z,24.7,1.389,3.0,1.0,-1.611,1.611
1-2 дня,2026-08-07T23:19:23Z,2026-08-09T01:00:00Z,25.7,0.694,2.0,1.0,-1.306,1.306
1-2 дня,2026-08-07T23:19:23Z,2026-08-09T02:00:00Z,26.7,0.806,1.0,1.0,-0.194,0.194
1-2 дня,2026-08-07T23:19:23Z,2026-08-09T03:00:00Z,27.7,1.389,1.0,1.0,0.389,0.389
1-2 дня,2026-08-07T23:19:23Z,2026-08-09T04:00:00Z,28.7,1.389,1.0,1.0,0.389,0.389
1-2 дня,2026-08-07T23:19:23Z,2026-08-09T05:00:00Z,29.7,1.5,1.0,1.0,0.5,0.5
1-2 дня,2026-08-07T23:19:23Z,2026-08-09T06:00:00Z,30.7,1.806,1.0,1.0,0.806,0.806
1-2 дня,2026-08-07T23:19:23Z,2026-08-09T07:00:00Z,31.7,2.0,1.0,1.0,1.0,1.0
1-2 дня,2026-08-07T23:19:23Z,2026-08-09T08:00:00Z,32.7,2.306,1.0,1.0,1.306,1.306
1-2 дня,2026-08-07T23:19:23Z,2026-08-09T09:00:00Z,33.7,2.611,2.0,1.0,0.611,0.611
1-2 дня,2026-08-07T23:19:23Z,2026-08-09T10:00:00Z,34.7,2.611,2.0,1.0,0.611,0.611
1-2 дня,2026-08-07T23:19:23Z,2026-08-09T11:00:00Z,35.7,2.5,2.0,1.0,0.5,0.5
1-2 дня,2026-08-07T23:19:23Z,2026-08-09T12:00:00Z,36.7,2.389,2.0,1.0,0.389,0.389
1-2 дня,2026-08-07T23:19:23Z,2026-08-09T13:00:00Z,37.7,2.306,2.0,1.0,0.306,0.306
1-2 дня,2026-08-07T23:19:23Z,2026-08-09T14:00:00Z,38.7,2.0,2.0,1.0,0.0,0.0
1-2 дня,2026-08-07T23:19:23Z,2026-08-09T15:00:00Z,39.7,1.889,2.0,1.0,-0.111,0.111
1-2 дня,2026-08-07T23:19:23Z,2026-08-09T16:00:00Z,40.7,1.889,1.0,1.0,0.889,0.889
1-2 дня,2026-08-07T23:19:23Z,2026-08-09T17:00:00Z,41.7,2.194,1.0,1.0,1.194,1.194
1-2 дня,2026-08-07T23:19:23Z,2026-08-09T18:00:00Z,42.7,2.5,1.0,1.0,1.5,1.5
1-2 дня,2026-08-07T23:19:23Z,2026-08-09T19:00:00Z,43.7,2.694,1.0,1.0,1.694,1.694
1-2 дня,2026-08-07T23:19:23Z,2026-08-09T20:00:00Z,44.7,2.806,2.0,1.0,0.806,0.806
1-2 дня,2026-08-07T23:19:23Z,2026-08-09T21:00:00Z,45.7,2.694,1.0,1.0,1.694,1.694
1-2 дня,2026-08-07T23:19:23Z,2026-08-09T22:00:00Z,46.7,2.611,1.0,1.0,1.611,1.611
1-2 дня,2026-08-07T23:19:23Z,2026-08-09T23:00:00Z,47.7,2.306,1.0,1.0,1.306,1.306
1-2 дня,2026-08-08T04:50:53Z,2026-08-09T05:00:00Z,24.2,1.111,1.0,3.0,0.111,0.111
1-2 дня,2026-08-08T04:50:53Z,2026-08-09T06:00:00Z,25.2,1.889,1.0,3.0,0.889,0.889
1-2 дня,2026-08-08T04:50:53Z,2026-08-09T07:00:00Z,26.2,1.889,1.0,3.0,0.889,0.889
1-2 дня,2026-08-08T04:50:53Z,2026-08-09T08:00:00Z,27.2,2.306,1.0,3.0,1.306,1.306
1-2 дня,2026-08-08T04:50:53Z,2026-08-09T09:00:00Z,28.2,2.694,2.0,3.0,0.694,0.694
1-2 дня,2026-08-08T04:50:53Z,2026-08-09T10:00:00Z,29.2,2.611,2.0,3.0,0.611,0.611
1-2 дня,2026-08-08T04:50:53Z,2026-08-09T11:00:00Z,30.2,2.389,2.0,3.0,0.389,0.389
1-2 дня,2026-08-08T04:50:53Z,2026-08-09T12:00:00Z,31.2,2.306,2.0,3.0,0.306,0.306
1-2 дня,2026-08-08T04:50:53Z,2026-08-09T13:00:00Z,32.2,2.306,2.0,3.0,0.306,0.306
1-2 дня,2026-08-08T04:50:53Z,2026-08-09T14:00:00Z,33.2,2.306,2.0,3.0,0.306,0.306
1-2 дня,2026-08-08T04:50:53Z,2026-08-09T15:00:00Z,34.2,2.194,2.0,3.0,0.194,0.194
1-2 дня,2026-08-08T04:50:53Z,2026-08-09T16:00:00Z,35.2,2.389,1.0,3.0,1.389,1.389
1-2 дня,2026-08-08T04:50:53Z,2026-08-09T17:00:00Z,36.2,2.5,1.0,3.0,1.5,1.5
1-2 дня,2026-08-08T04:50:53Z,2026-08-09T18:00:00Z,37.2,2.5,1.0,3.0,1.5,1.5
1-2 дня,2026-08-08T04:50:53Z,2026-08-09T19:00:00Z,38.2,2.389,1.0,3.0,1.389,1.389
1-2 дня,2026-08-08T04:50:53Z,2026-08-09T20:00:00Z,39.2,2.306,2.0,3.0,0.306,0.306
1-2 дня,2026-08-08T04:50:53Z,2026-08-09T21:00:00Z,40.2,2.306,1.0,3.0,1.306,1.306
1-2 дня,2026-08-08T04:50:53Z,2026-08-09T22:00:00Z,41.2,2.306,1.0,3.0,1.306,1.306
1-2 дня,2026-08-08T04:50:53Z,2026-08-09T23:00:00Z,42.2,2.194,1.0,3.0,1.194,1.194
1-2 дня,2026-08-08T04:50:53Z,2026-08-10T00:00:00Z,43.2,2.111,1.0,3.0,1.111,1.111
1-2 дня,2026-08-08T04:50:53Z,2026-08-10T01:00:00Z,44.2,2.0,1.0,3.0,1.0,1.0
1-2 дня,2026-08-08T04:50:53Z,2026-08-10T02:00:00Z,45.2,1.889,1.0,3.0,0.889,0.889
1-2 дня,2026-08-08T04:50:53Z,2026-08-10T03:00:00Z,46.2,2.306,0.0,3.0,2.306,2.306
1-2 дня,2026-08-08T04:50:53Z,2026-08-10T04:00:00Z,47.2,2.306,1.0,3.0,1.306,1.306
1-2 дня,2026-08-08T10:18:13Z,2026-08-09T11:00:00Z,24.7,2.889,2.0,2.0,0.889,0.889
1-2 дня,2026-08-08T10:18:13Z,2026-08-09T12:00:00Z,25.7,2.694,2.0,2.0,0.694,0.694
1-2 дня,2026-08-08T10:18:13Z,2026-08-09T13:00:00Z,26.7,2.611,2.0,2.0,0.611,0.611
1-2 дня,2026-08-08T10:18:13Z,2026-08-09T14:00:00Z,27.7,2.389,2.0,2.0,0.389,0.389
1-2 дня,2026-08-08T10:18:13Z,2026-08-09T15:00:00Z,28.7,2.306,2.0,2.0,0.306,0.306
1-2 дня,2026-08-08T10:18:13Z,2026-08-09T16:00:00Z,29.7,2.389,1.0,2.0,1.389,1.389
1-2 дня,2026-08-08T10:18:13Z,2026-08-09T17:00:00Z,30.7,2.389,1.0,2.0,1.389,1.389
1-2 дня,2026-08-08T10:18:13Z,2026-08-09T18:00:00Z,31.7,2.611,1.0,2.0,1.611,1.611
1-2 дня,2026-08-08T10:18:13Z,2026-08-09T19:00:00Z,32.7,2.694,1.0,2.0,1.694,1.694
1-2 дня,2026-08-08T10:18:13Z,2026-08-09T20:00:00Z,33.7,2.694,2.0,2.0,0.694,0.694
1-2 дня,2026-08-08T10:18:13Z,2026-08-09T21:00:00Z,34.7,2.5,1.0,2.0,1.5,1.5
1-2 дня,2026-08-08T10:18:13Z,2026-08-09T22:00:00Z,35.7,2.306,1.0,2.0,1.306,1.306
1-2 дня,2026-08-08T10:18:13Z,2026-08-09T23:00:00Z,36.7,2.111,1.0,2.0,1.111,1.111
1-2 дня,2026-08-08T10:18:13Z,2026-08-10T00:00:00Z,37.7,2.306,1.0,2.0,1.306,1.306
1-2 дня,2026-08-08T10:18:13Z,2026-08-10T01:00:00Z,38.7,2.194,1.0,2.0,1.194,1.194
1-2 дня,2026-08-08T10:18:13Z,2026-08-10T02:00:00Z,39.7,1.889,1.0,2.0,0.889,0.889
1-2 дня,2026-08-08T10:18:13Z,2026-08-10T03:00:00Z,40.7,1.806,0.0,2.0,1.806,1.806
1-2 дня,2026-08-08T10:18:13Z,2026-08-10T04:00:00Z,41.7,1.694,1.0,2.0,0.694,0.694
1-2 дня,2026-08-08T10:18:13Z,2026-08-10T05:00:00Z,42.7,1.806,2.0,2.0,-0.194,0.194
1-2 дня,2026-08-08T10:18:13Z,2026-08-10T06:00:00Z,43.7,2.389,3.0,2.0,-0.611,0.611
1-2 дня,2026-08-08T10:18:13Z,2026-08-10T07:00:00Z,44.7,2.389,2.0,2.0,0.389,0.389
1-2 дня,2026-08-08T10:18:13Z,2026-08-10T08:00:00Z,45.7,2.611,2.0,2.0,0.611,0.611
1-2 дня,2026-08-08T10:18:13Z,2026-08-10T09:00:00Z,46.7,2.694,2.0,2.0,0.694,0.694
1-2 дня,2026-08-08T10:18:13Z,2026-08-10T10:00:00Z,47.7,3.111,3.0,2.0,0.111,0.111
1-2 дня,2026-08-08T22:37:20Z,2026-08-09T23:00:00Z,24.4,2.0,1.0,3.0,1.0,1.0
1-2 дня,2026-08-08T22:37:20Z,2026-08-10T00:00:00Z,25.4,1.889,1.0,3.0,0.889,0.889
1-2 дня,2026-08-08T22:37:20Z,2026-08-10T01:00:00Z,26.4,1.694,1.0,3.0,0.694,0.694
1-2 дня,2026-08-08T22:37:20Z,2026-08-10T02:00:00Z,27.4,1.806,1.0,3.0,0.806,0.806
1-2 дня,2026-08-08T22:37:20Z,2026-08-10T03:00:00Z,28.4,1.694,0.0,3.0,1.694,1.694
1-2 дня,2026-08-08T22:37:20Z,2026-08-10T04:00:00Z,29.4,2.0,1.0,3.0,1.0,1.0
1-2 дня,2026-08-08T22:37:20Z,2026-08-10T05:00:00Z,30.4,1.806,2.0,3.0,-0.194,0.194
1-2 дня,2026-08-08T22:37:20Z,2026-08-10T06:00:00Z,31.4,2.0,3.0,3.0,-1.0,1.0
1-2 дня,2026-08-08T22:37:20Z,2026-08-10T07:00:00Z,32.4,2.306,2.0,3.0,0.306,0.306
1-2 дня,2026-08-08T22:37:20Z,2026-08-10T08:00:00Z,33.4,2.611,2.0,3.0,0.611,0.611
1-2 дня,2026-08-08T22:37:20Z,2026-08-10T09:00:00Z,34.4,2.194,2.0,3.0,0.194,0.194
1-2 дня,2026-08-08T22:37:20Z,2026-08-10T10:00:00Z,35.4,1.889,3.0,3.0,-1.111,1.111
1-2 дня,2026-08-08T22:37:20Z,2026-08-10T11:00:00Z,36.4,2.0,2.0,3.0,0.0,0.0
1-2 дня,2026-08-08T22:37:20Z,2026-08-10T12:00:00Z,37.4,1.889,2.0,3.0,-0.111,0.111
1-2 дня,2026-08-08T22:37:20Z,2026-08-10T13:00:00Z,38.4,1.806,3.0,3.0,-1.194,1.194
1-2 дня,2026-08-08T22:37:20Z,2026-08-10T14:00:00Z,39.4,1.5,3.0,3.0,-1.5,1.5
1-2 дня,2026-08-08T22:37:20Z,2026-08-10T15:00:00Z,40.4,1.389,3.0,3.0,-1.611,1.611
1-2 дня,2026-08-08T22:37:20Z,2026-08-10T16:00:00Z,41.4,1.389,2.0,3.0,-0.611,0.611
1-2 дня,2026-08-08T22:37:20Z,2026-08-10T17:00:00Z,42.4,1.389,1.0,3.0,0.389,0.389
1-2 дня,2026-08-08T22:37:20Z,2026-08-10T18:00:00Z,43.4,2.111,1.0,3.0,1.111,1.111
1-2 дня,2026-08-08T22:37:20Z,2026-08-10T19:00:00Z,44.4,2.194,1.0,3.0,1.194,1.194
1-2 дня,2026-08-08T22:37:20Z,2026-08-10T20:00:00Z,45.4,2.111,1.0,3.0,1.111,1.111
1-2 дня,2026-08-08T22:37:20Z,2026-08-10T21:00:00Z,46.4,2.306,1.0,3.0,1.306,1.306
1-2 дня,2026-08-08T22:37:20Z,2026-08-10T22:00:00Z,47.4,2.194,2.0,3.0,0.194,0.194
1-2 дня,2026-08-09T04:59:03Z,2026-08-10T05:00:00Z,24.0,1.611,2.0,1.0,-0.389,0.389
1-2 дня,2026-08-09T04:59:03Z,2026-08-10T06:00:00Z,25.0,1.694,3.0,1.0,-1.306,1.306
1-2 дня,2026-08-09T04:59:03Z,2026-08-10T07:00:00Z,26.0,2.111,2.0,1.0,0.111,0.111
1-2 дня,2026-08-09T04:59:03Z,2026-08-10T08:00:00Z,27.0,2.306,2.0,1.0,0.306,0.306
1-2 дня,2026-08-09T04:59:03Z,2026-08-10T09:00:00Z,28.0,1.889,2.0,1.0,-0.111,0.111
1-2 дня,2026-08-09T04:59:03Z,2026-08-10T10:00:00Z,29.0,1.694,3.0,1.0,-1.306,1.306
1-2 дня,2026-08-09T04:59:03Z,2026-08-10T11:00:00Z,30.0,1.611,2.0,1.0,-0.389,0.389
1-2 дня,2026-08-09T04:59:03Z,2026-08-10T12:00:00Z,31.0,1.389,2.0,1.0,-0.611,0.611
1-2 дня,2026-08-09T04:59:03Z,2026-08-10T13:00:00Z,32.0,1.389,3.0,1.0,-1.611,1.611
1-2 дня,2026-08-09T04:59:03Z,2026-08-10T14:00:00Z,33.0,1.306,3.0,1.0,-1.694,1.694
1-2 дня,2026-08-09T04:59:03Z,2026-08-10T15:00:00Z,34.0,1.111,3.0,1.0,-1.889,1.889
1-2 дня,2026-08-09T04:59:03Z,2026-08-10T16:00:00Z,35.0,1.0,2.0,1.0,-1.0,1.0
1-2 дня,2026-08-09T04:59:03Z,2026-08-10T17:00:00Z,36.0,0.889,1.0,1.0,-0.111,0.111
1-2 дня,2026-08-09T04:59:03Z,2026-08-10T18:00:00Z,37.0,1.694,1.0,1.0,0.694,0.694
1-2 дня,2026-08-09T04:59:03Z,2026-08-10T19:00:00Z,38.0,2.306,1.0,1.0,1.306,1.306
1-2 дня,2026-08-09T04:59:03Z,2026-08-10T20:00:00Z,39.0,2.111,1.0,1.0,1.111,1.111
1-2 дня,2026-08-09T04:59:03Z,2026-08-10T21:00:00Z,40.0,2.0,1.0,1.0,1.0,1.0
1-2 дня,2026-08-09T04:59:03Z,2026-08-10T22:00:00Z,41.0,2.111,2.0,1.0,0.111,0.111
1-2 дня,2026-08-09T04:59:03Z,2026-08-10T23:00:00Z,42.0,2.111,1.0,1.0,1.111,1.111
1-2 дня,2026-08-09T04:59:03Z,2026-08-11T00:00:00Z,43.0,2.306,0.0,1.0,2.306,2.306
1-2 дня,2026-08-09T04:59:03Z,2026-08-11T01:00:00Z,44.0,1.5,0.0,1.0,1.5,1.5
1-2 дня,2026-08-09T04:59:03Z,2026-08-11T02:00:00Z,45.0,2.111,1.0,1.0,1.111,1.111
1-2 дня,2026-08-09T04:59:03Z,2026-08-11T03:00:00Z,46.0,1.389,0.0,1.0,1.389,1.389
1-2 дня,2026-08-09T04:59:03Z,2026-08-11T04:00:00Z,47.0,0.806,0.0,1.0,0.806,0.806
1-2 дня,2026-08-09T10:19:29Z,2026-08-10T11:00:00Z,24.7,2.194,2.0,2.0,0.194,0.194
1-2 дня,2026-08-09T10:19:29Z,2026-08-10T12:00:00Z,25.7,2.194,2.0,2.0,0.194,0.194
1-2 дня,2026-08-09T10:19:29Z,2026-08-10T13:00:00Z,26.7,2.111,3.0,2.0,-0.889,0.889
1-2 дня,2026-08-09T10:19:29Z,2026-08-10T14:00:00Z,27.7,2.194,3.0,2.0,-0.806,0.806
1-2 дня,2026-08-09T10:19:29Z,2026-08-10T15:00:00Z,28.7,2.306,3.0,2.0,-0.694,0.694
1-2 дня,2026-08-09T10:19:29Z,2026-08-10T16:00:00Z,29.7,2.389,2.0,2.0,0.389,0.389
1-2 дня,2026-08-09T10:19:29Z,2026-08-10T17:00:00Z,30.7,2.306,1.0,2.0,1.306,1.306
1-2 дня,2026-08-09T10:19:29Z,2026-08-10T18:00:00Z,31.7,2.306,1.0,2.0,1.306,1.306
1-2 дня,2026-08-09T10:19:29Z,2026-08-10T19:00:00Z,32.7,2.306,1.0,2.0,1.306,1.306
1-2 дня,2026-08-09T10:19:29Z,2026-08-10T20:00:00Z,33.7,2.306,1.0,2.0,1.306,1.306
1-2 дня,2026-08-09T10:19:29Z,2026-08-10T21:00:00Z,34.7,2.389,1.0,2.0,1.389,1.389
1-2 дня,2026-08-09T10:19:29Z,2026-08-10T22:00:00Z,35.7,2.5,2.0,2.0,0.5,0.5
1-2 дня,2026-08-09T10:19:29Z,2026-08-10T23:00:00Z,36.7,2.5,1.0,2.0,1.5,1.5
1-2 дня,2026-08-09T10:19:29Z,2026-08-11T00:00:00Z,37.7,2.111,0.0,2.0,2.111,2.111
1-2 дня,2026-08-09T10:19:29Z,2026-08-11T01:00:00Z,38.7,2.5,0.0,2.0,2.5,2.5
1-2 дня,2026-08-09T10:19:29Z,2026-08-11T02:00:00Z,39.7,1.5,1.0,2.0,0.5,0.5
1-2 дня,2026-08-09T10:19:29Z,2026-08-11T03:00:00Z,40.7,1.194,0.0,2.0,1.194,1.194
1-2 дня,2026-08-09T10:19:29Z,2026-08-11T04:00:00Z,41.7,0.806,0.0,2.0,0.806,0.806
1-2 дня,2026-08-09T10:19:29Z,2026-08-11T05:00:00Z,42.7,0.611,0.0,2.0,0.611,0.611
1-2 дня,2026-08-09T10:19:29Z,2026-08-11T06:00:00Z,43.7,1.0,1.0,2.0,0.0,0.0
1-2 дня,2026-08-09T10:19:29Z,2026-08-11T07:00:00Z,44.7,1.306,2.0,2.0,-0.694,0.694
1-2 дня,2026-08-09T10:19:29Z,2026-08-11T08:00:00Z,45.7,1.194,2.0,2.0,-0.806,0.806
1-2 дня,2026-08-09T10:19:29Z,2026-08-11T09:00:00Z,46.7,1.5,2.0,2.0,-0.5,0.5
1-2 дня,2026-08-09T10:19:29Z,2026-08-11T10:00:00Z,47.7,1.889,2.0,2.0,-0.111,0.111
1-2 дня,2026-08-09T12:41:38Z,2026-08-10T13:00:00Z,24.3,2.111,3.0,2.0,-0.889,0.889
1-2 дня,2026-08-09T12:41:38Z,2026-08-10T14:00:00Z,25.3,2.194,3.0,2.0,-0.806,0.806
1-2 дня,2026-08-09T12:41:38Z,2026-08-10T15:00:00Z,26.3,2.306,3.0,2.0,-0.694,0.694
1-2 дня,2026-08-09T12:41:38Z,2026-08-10T16:00:00Z,27.3,2.389,2.0,2.0,0.389,0.389
1-2 дня,2026-08-09T12:41:38Z,2026-08-10T17:00:00Z,28.3,2.306,1.0,2.0,1.306,1.306
1-2 дня,2026-08-09T12:41:38Z,2026-08-10T18:00:00Z,29.3,2.306,1.0,2.0,1.306,1.306
1-2 дня,2026-08-09T12:41:38Z,2026-08-10T19:00:00Z,30.3,2.306,1.0,2.0,1.306,1.306
1-2 дня,2026-08-09T12:41:38Z,2026-08-10T20:00:00Z,31.3,2.306,1.0,2.0,1.306,1.306
1-2 дня,2026-08-09T12:41:38Z,2026-08-10T21:00:00Z,32.3,2.389,1.0,2.0,1.389,1.389
1-2 дня,2026-08-09T12:41:38Z,2026-08-10T22:00:00Z,33.3,2.5,2.0,2.0,0.5,0.5
1-2 дня,2026-08-09T12:41:38Z,2026-08-10T23:00:00Z,34.3,2.5,1.0,2.0,1.5,1.5
1-2 дня,2026-08-09T12:41:38Z,2026-08-11T00:00:00Z,35.3,2.111,0.0,2.0,2.111,2.111
1-2 дня,2026-08-09T12:41:38Z,2026-08-11T01:00:00Z,36.3,2.5,0.0,2.0,2.5,2.5
1-2 дня,2026-08-09T12:41:38Z,2026-08-11T02:00:00Z,37.3,1.5,1.0,2.0,0.5,0.5
1-2 дня,2026-08-09T12:41:38Z,2026-08-11T03:00:00Z,38.3,1.194,0.0,2.0,1.194,1.194
1-2 дня,2026-08-09T12:41:38Z,2026-08-11T04:00:00Z,39.3,0.806,0.0,2.0,0.806,0.806
1-2 дня,2026-08-09T12:41:38Z,2026-08-11T05:00:00Z,40.3,0.611,0.0,2.0,0.611,0.611
1-2 дня,2026-08-09T12:41:38Z,2026-08-11T06:00:00Z,41.3,1.0,1.0,2.0,0.0,0.0
1-2 дня,2026-08-09T12:41:38Z,2026-08-11T07:00:00Z,42.3,1.306,2.0,2.0,-0.694,0.694
1-2 дня,2026-08-09T12:41:38Z,2026-08-11T08:00:00Z,43.3,1.194,2.0,2.0,-0.806,0.806
1-2 дня,2026-08-09T12:41:38Z,2026-08-11T09:00:00Z,44.3,1.5,2.0,2.0,-0.5,0.5
1-2 дня,2026-08-09T12:41:38Z,2026-08-11T10:00:00Z,45.3,1.889,2.0,2.0,-0.111,0.111
1-2 дня,2026-08-09T12:41:38Z,2026-08-11T11:00:00Z,46.3,2.111,2.0,2.0,0.111,0.111
1-2 дня,2026-08-09T12:41:38Z,2026-08-11T12:00:00Z,47.3,2.0,2.0,2.0,0.0,0.0
1-2 дня,2026-08-09T12:45:53Z,2026-08-10T13:00:00Z,24.2,2.111,3.0,2.0,-0.889,0.889
1-2 дня,2026-08-09T12:45:53Z,2026-08-10T14:00:00Z,25.2,2.194,3.0,2.0,-0.806,0.806
1-2 дня,2026-08-09T12:45:53Z,2026-08-10T15:00:00Z,26.2,2.306,3.0,2.0,-0.694,0.694
1-2 дня,2026-08-09T12:45:53Z,2026-08-10T16:00:00Z,27.2,2.389,2.0,2.0,0.389,0.389
1-2 дня,2026-08-09T12:45:53Z,2026-08-10T17:00:00Z,28.2,2.306,1.0,2.0,1.306,1.306
1-2 дня,2026-08-09T12:45:53Z,2026-08-10T18:00:00Z,29.2,2.306,1.0,2.0,1.306,1.306
1-2 дня,2026-08-09T12:45:53Z,2026-08-10T19:00:00Z,30.2,2.306,1.0,2.0,1.306,1.306
1-2 дня,2026-08-09T12:45:53Z,2026-08-10T20:00:00Z,31.2,2.306,1.0,2.0,1.306,1.306
1-2 дня,2026-08-09T12:45:53Z,2026-08-10T21:00:00Z,32.2,2.389,1.0,2.0,1.389,1.389
1-2 дня,2026-08-09T12:45:53Z,2026-08-10T22:00:00Z,33.2,2.5,2.0,2.0,0.5,0.5
1-2 дня,2026-08-09T12:45:53Z,2026-08-10T23:00:00Z,34.2,2.5,1.0,2.0,1.5,1.5
1-2 дня,2026-08-09T12:45:53Z,2026-08-11T00:00:00Z,35.2,2.111,0.0,2.0,2.111,2.111
1-2 дня,2026-08-09T12:45:53Z,2026-08-11T01:00:00Z,36.2,2.5,0.0,2.0,2.5,2.5
1-2 дня,2026-08-09T12:45:53Z,2026-08-11T02:00:00Z,37.2,1.5,1.0,2.0,0.5,0.5
1-2 дня,2026-08-09T12:45:53Z,2026-08-11T03:00:00Z,38.2,1.194,0.0,2.0,1.194,1.194
1-2 дня,2026-08-09T12:45:53Z,2026-08-11T04:00:00Z,39.2,0.806,0.0,2.0,0.806,0.806
1-2 дня,2026-08-09T12:45:53Z,2026-08-11T05:00:00Z,40.2,0.611,0.0,2.0,0.611,0.611
1-2 дня,2026-08-09T12:45:53Z,2026-08-11T06:00:00Z,41.2,1.0,1.0,2.0,0.0,0.0
1-2 дня,2026-08-09T12:45:53Z,2026-08-11T07:00:00Z,42.2,1.306,2.0,2.0,-0.694,0.694
1-2 дня,2026-08-09T12:45:53Z,2026-08-11T08:00:00Z,43.2,1.194,2.0,2.0,-0.806,0.806
1-2 дня,2026-08-09T12:45:53Z,2026-08-11T09:00:00Z,44.2,1.5,2.0,2.0,-0.5,0.5
1-2 дня,2026-08-09T12:45:53Z,2026-08-11T10:00:00Z,45.2,1.889,2.0,2.0,-0.111,0.111
1-2 дня,2026-08-09T12:45:53Z,2026-08-11T11:00:00Z,46.2,2.111,2.0,2.0,0.111,0.111
1-2 дня,2026-08-09T12:45:53Z,2026-08-11T12:00:00Z,47.2,2.0,2.0,2.0,0.0,0.0
1-2 дня,2026-08-09T12:48:15Z,2026-08-10T13:00:00Z,24.2,2.111,3.0,2.0,-0.889,0.889
1-2 дня,2026-08-09T12:48:15Z,2026-08-10T14:00:00Z,25.2,2.194,3.0,2.0,-0.806,0.806
1-2 дня,2026-08-09T12:48:15Z,2026-08-10T15:00:00Z,26.2,2.306,3.0,2.0,-0.694,0.694
1-2 дня,2026-08-09T12:48:15Z,2026-08-10T16:00:00Z,27.2,2.389,2.0,2.0,0.389,0.389
1-2 дня,2026-08-09T12:48:15Z,2026-08-10T17:00:00Z,28.2,2.306,1.0,2.0,1.306,1.306
1-2 дня,2026-08-09T12:48:15Z,2026-08-10T18:00:00Z,29.2,2.306,1.0,2.0,1.306,1.306
1-2 дня,2026-08-09T12:48:15Z,2026-08-10T19:00:00Z,30.2,2.306,1.0,2.0,1.306,1.306
1-2 дня,2026-08-09T12:48:15Z,2026-08-10T20:00:00Z,31.2,2.306,1.0,2.0,1.306,1.306
1-2 дня,2026-08-09T12:48:15Z,2026-08-10T21:00:00Z,32.2,2.389,1.0,2.0,1.389,1.389
1-2 дня,2026-08-09T12:48:15Z,2026-08-10T22:00:00Z,33.2,2.5,2.0,2.0,0.5,0.5
1-2 дня,2026-08-09T12:48:15Z,2026-08-10T23:00:00Z,34.2,2.5,1.0,2.0,1.5,1.5
1-2 дня,2026-08-09T12:48:15Z,2026-08-11T00:00:00Z,35.2,2.111,0.0,2.0,2.111,2.111
1-2 дня,2026-08-09T12:48:15Z,2026-08-11T01:00:00Z,36.2,2.5,0.0,2.0,2.5,2.5
1-2 дня,2026-08-09T12:48:15Z,2026-08-11T02:00:00Z,37.2,1.5,1.0,2.0,0.5,0.5
1-2 дня,2026-08-09T12:48:15Z,2026-08-11T03:00:00Z,38.2,1.194,0.0,2.0,1.194,1.194
1-2 дня,2026-08-09T12:48:15Z,2026-08-11T04:00:00Z,39.2,0.806,0.0,2.0,0.806,0.806
1-2 дня,2026-08-09T12:48:15Z,2026-08-11T05:00:00Z,40.2,0.611,0.0,2.0,0.611,0.611
1-2 дня,2026-08-09T12:48:15Z,2026-08-11T06:00:00Z,41.2,1.0,1.0,2.0,0.0,0.0
1-2 дня,2026-08-09T12:48:15Z,2026-08-11T07:00:00Z,42.2,1.306,2.0,2.0,-0.694,0.694
1-2 дня,2026-08-09T12:48:15Z,2026-08-11T08:00:00Z,43.2,1.194,2.0,2.0,-0.806,0.806
1-2 дня,2026-08-09T12:48:15Z,2026-08-11T09:00:00Z,44.2,1.5,2.0,2.0,-0.5,0.5
1-2 дня,2026-08-09T12:48:15Z,2026-08-11T10:00:00Z,45.2,1.889,2.0,2.0,-0.111,0.111
1-2 дня,2026-08-09T12:48:15Z,2026-08-11T11:00:00Z,46.2,2.111,2.0,2.0,0.111,0.111
1-2 дня,2026-08-09T12:48:15Z,2026-08-11T12:00:00Z,47.2,2.0,2.0,2.0,0.0,0.0
1-2 дня,2026-08-09T16:31:44Z,2026-08-10T17:00:00Z,24.5,0.694,1.0,1.0,-0.306,0.306
1-2 дня,2026-08-09T16:31:44Z,2026-08-10T18:00:00Z,25.5,1.694,1.0,1.0,0.694,0.694
1-2 дня,2026-08-09T16:31:44Z,2026-08-10T19:00:00Z,26.5,2.194,1.0,1.0,1.194,1.194
1-2 дня,2026-08-09T16:31:44Z,2026-08-10T20:00:00Z,27.5,2.194,1.0,1.0,1.194,1.194
1-2 дня,2026-08-09T16:31:44Z,2026-08-10T21:00:00Z,28.5,2.194,1.0,1.0,1.194,1.194
1-2 дня,2026-08-09T16:31:44Z,2026-08-10T22:00:00Z,29.5,2.306,2.0,1.0,0.306,0.306
1-2 дня,2026-08-09T16:31:44Z,2026-08-10T23:00:00Z,30.5,2.306,1.0,1.0,1.306,1.306
1-2 дня,2026-08-09T16:31:44Z,2026-08-11T00:00:00Z,31.5,2.306,0.0,1.0,2.306,2.306
1-2 дня,2026-08-09T16:31:44Z,2026-08-11T01:00:00Z,32.5,1.306,0.0,1.0,1.306,1.306
1-2 дня,2026-08-09T16:31:44Z,2026-08-11T02:00:00Z,33.5,1.611,1.0,1.0,0.611,0.611
1-2 дня,2026-08-09T16:31:44Z,2026-08-11T03:00:00Z,34.5,1.389,0.0,1.0,1.389,1.389
1-2 дня,2026-08-09T16:31:44Z,2026-08-11T04:00:00Z,35.5,0.806,0.0,1.0,0.806,0.806
1-2 дня,2026-08-09T16:31:44Z,2026-08-11T05:00:00Z,36.5,0.5,0.0,1.0,0.5,0.5
1-2 дня,2026-08-09T16:31:44Z,2026-08-11T06:00:00Z,37.5,0.806,1.0,1.0,-0.194,0.194
1-2 дня,2026-08-09T16:31:44Z,2026-08-11T07:00:00Z,38.5,1.306,2.0,1.0,-0.694,0.694
1-2 дня,2026-08-09T16:31:44Z,2026-08-11T08:00:00Z,39.5,1.694,2.0,1.0,-0.306,0.306
1-2 дня,2026-08-09T16:31:44Z,2026-08-11T09:00:00Z,40.5,2.194,2.0,1.0,0.194,0.194
1-2 дня,2026-08-09T16:31:44Z,2026-08-11T10:00:00Z,41.5,2.611,2.0,1.0,0.611,0.611
1-2 дня,2026-08-09T16:31:44Z,2026-08-11T11:00:00Z,42.5,2.611,2.0,1.0,0.611,0.611
1-2 дня,2026-08-09T16:31:44Z,2026-08-11T12:00:00Z,43.5,1.889,2.0,1.0,-0.111,0.111
1-2 дня,2026-08-09T16:31:44Z,2026-08-11T13:00:00Z,44.5,1.306,1.0,1.0,0.306,0.306
1-2 дня,2026-08-09T16:31:44Z,2026-08-11T14:00:00Z,45.5,1.306,1.0,1.0,0.306,0.306
1-2 дня,2026-08-09T16:31:44Z,2026-08-11T15:00:00Z,46.5,4.806,1.0,1.0,3.806,3.806
1-2 дня,2026-08-09T16:31:44Z,2026-08-11T16:00:00Z,47.5,3.611,1.0,1.0,2.611,2.611
1-2 дня,2026-08-09T22:39:09Z,2026-08-10T23:00:00Z,24.3,2.306,1.0,1.0,1.306,1.306
1-2 дня,2026-08-09T22:39:09Z,2026-08-11T00:00:00Z,25.3,1.806,0.0,1.0,1.806,1.806
1-2 дня,2026-08-09T22:39:09Z,2026-08-11T01:00:00Z,26.3,1.389,0.0,1.0,1.389,1.389
1-2 дня,2026-08-09T22:39:09Z,2026-08-11T02:00:00Z,27.3,1.194,1.0,1.0,0.194,0.194
1-2 дня,2026-08-09T22:39:09Z,2026-08-11T03:00:00Z,28.3,1.306,0.0,1.0,1.306,1.306
1-2 дня,2026-08-09T22:39:09Z,2026-08-11T04:00:00Z,29.3,0.694,0.0,1.0,0.694,0.694
1-2 дня,2026-08-09T22:39:09Z,2026-08-11T05:00:00Z,30.3,0.389,0.0,1.0,0.389,0.389
1-2 дня,2026-08-09T22:39:09Z,2026-08-11T06:00:00Z,31.3,0.5,1.0,1.0,-0.5,0.5
1-2 дня,2026-08-09T22:39:09Z,2026-08-11T07:00:00Z,32.3,1.306,2.0,1.0,-0.694,0.694
1-2 дня,2026-08-09T22:39:09Z,2026-08-11T08:00:00Z,33.3,1.806,2.0,1.0,-0.194,0.194
1-2 дня,2026-08-09T22:39:09Z,2026-08-11T09:00:00Z,34.3,2.194,2.0,1.0,0.194,0.194
1-2 дня,2026-08-09T22:39:09Z,2026-08-11T10:00:00Z,35.3,2.111,2.0,1.0,0.111,0.111
1-2 дня,2026-08-09T22:39:09Z,2026-08-11T11:00:00Z,36.3,1.694,2.0,1.0,-0.306,0.306
1-2 дня,2026-08-09T22:39:09Z,2026-08-11T12:00:00Z,37.3,1.306,2.0,1.0,-0.694,0.694
1-2 дня,2026-08-09T22:39:09Z,2026-08-11T13:00:00Z,38.3,0.889,1.0,1.0,-0.111,0.111
1-2 дня,2026-08-09T22:39:09Z,2026-08-11T14:00:00Z,39.3,0.611,1.0,1.0,-0.389,0.389
1-2 дня,2026-08-09T22:39:09Z,2026-08-11T15:00:00Z,40.3,0.194,1.0,1.0,-0.806,0.806
1-2 дня,2026-08-09T22:39:09Z,2026-08-11T16:00:00Z,41.3,1.806,1.0,1.0,0.806,0.806
1-2 дня,2026-08-09T22:39:09Z,2026-08-11T17:00:00Z,42.3,4.5,1.0,1.0,3.5,3.5
1-2 дня,2026-08-09T22:39:09Z,2026-08-11T18:00:00Z,43.3,5.611,1.0,1.0,4.611,4.611
1-2 дня,2026-08-09T22:39:09Z,2026-08-11T19:00:00Z,44.3,6.111,1.0,1.0,5.111,5.111
1-2 дня,2026-08-09T22:39:09Z,2026-08-11T20:00:00Z,45.3,5.889,1.0,1.0,4.889,4.889
1-2 дня,2026-08-09T22:39:09Z,2026-08-11T21:00:00Z,46.3,5.389,1.0,1.0,4.389,4.389
1-2 дня,2026-08-09T22:39:09Z,2026-08-11T22:00:00Z,47.3,6.0,1.0,1.0,5.0,5.0
1-2 дня,2026-08-10T05:20:42Z,2026-08-11T06:00:00Z,24.7,1.194,1.0,2.0,0.194,0.194
1-2 дня,2026-08-10T05:20:42Z,2026-08-11T07:00:00Z,25.7,1.694,2.0,2.0,-0.306,0.306
1-2 дня,2026-08-10T05:20:42Z,2026-08-11T08:00:00Z,26.7,2.111,2.0,2.0,0.111,0.111
1-2 дня,2026-08-10T05:20:42Z,2026-08-11T09:00:00Z,27.7,2.5,2.0,2.0,0.5,0.5
1-2 дня,2026-08-10T05:20:42Z,2026-08-11T10:00:00Z,28.7,2.611,2.0,2.0,0.611,0.611
1-2 дня,2026-08-10T05:20:42Z,2026-08-11T11:00:00Z,29.7,2.194,2.0,2.0,0.194,0.194
1-2 дня,2026-08-10T05:20:42Z,2026-08-11T12:00:00Z,30.7,1.611,2.0,2.0,-0.389,0.389
1-2 дня,2026-08-10T05:20:42Z,2026-08-11T13:00:00Z,31.7,1.389,1.0,2.0,0.389,0.389
1-2 дня,2026-08-10T05:20:42Z,2026-08-11T14:00:00Z,32.7,2.611,1.0,2.0,1.611,1.611
1-2 дня,2026-08-10T05:20:42Z,2026-08-11T15:00:00Z,33.7,5.806,1.0,2.0,4.806,4.806
1-2 дня,2026-08-10T05:20:42Z,2026-08-11T16:00:00Z,34.7,4.194,1.0,2.0,3.194,3.194
1-2 дня,2026-08-10T05:20:42Z,2026-08-11T17:00:00Z,35.7,4.306,1.0,2.0,3.306,3.306
1-2 дня,2026-08-10T05:20:42Z,2026-08-11T18:00:00Z,36.7,4.611,1.0,2.0,3.611,3.611
1-2 дня,2026-08-10T05:20:42Z,2026-08-11T19:00:00Z,37.7,3.806,1.0,2.0,2.806,2.806
1-2 дня,2026-08-10T05:20:42Z,2026-08-11T20:00:00Z,38.7,4.889,1.0,2.0,3.889,3.889
1-2 дня,2026-08-10T05:20:42Z,2026-08-11T21:00:00Z,39.7,6.611,1.0,2.0,5.611,5.611
1-2 дня,2026-08-10T05:20:42Z,2026-08-11T22:00:00Z,40.7,5.694,1.0,2.0,4.694,4.694
1-2 дня,2026-08-10T05:20:42Z,2026-08-11T23:00:00Z,41.7,5.0,2.0,2.0,3.0,3.0
1-2 дня,2026-08-10T05:20:42Z,2026-08-12T00:00:00Z,42.7,4.5,3.0,2.0,1.5,1.5
1-2 дня,2026-08-10T05:20:42Z,2026-08-12T01:00:00Z,43.7,3.611,4.0,2.0,-0.389,0.389
1-2 дня,2026-08-10T05:20:42Z,2026-08-12T02:00:00Z,44.7,3.0,4.0,2.0,-1.0,1.0
1-2 дня,2026-08-10T05:20:42Z,2026-08-12T03:00:00Z,45.7,2.0,4.0,2.0,-2.0,2.0
1-2 дня,2026-08-10T05:20:42Z,2026-08-12T04:00:00Z,46.7,2.611,2.0,2.0,0.611,0.611
1-2 дня,2026-08-10T05:20:42Z,2026-08-12T05:00:00Z,47.7,2.611,1.0,2.0,1.611,1.611
1-2 дня,2026-08-10T10:53:28Z,2026-08-11T11:00:00Z,24.1,1.611,2.0,3.0,-0.389,0.389
1-2 дня,2026-08-10T10:53:28Z,2026-08-11T12:00:00Z,25.1,1.0,2.0,3.0,-1.0,1.0
1-2 дня,2026-08-10T10:53:28Z,2026-08-11T13:00:00Z,26.1,0.889,1.0,3.0,-0.111,0.111
1-2 дня,2026-08-10T10:53:28Z,2026-08-11T14:00:00Z,27.1,2.389,1.0,3.0,1.389,1.389
1-2 дня,2026-08-10T10:53:28Z,2026-08-11T15:00:00Z,28.1,4.194,1.0,3.0,3.194,3.194
1-2 дня,2026-08-10T10:53:28Z,2026-08-11T16:00:00Z,29.1,1.194,1.0,3.0,0.194,0.194
1-2 дня,2026-08-10T10:53:28Z,2026-08-11T17:00:00Z,30.1,2.611,1.0,3.0,1.611,1.611
1-2 дня,2026-08-10T10:53:28Z,2026-08-11T18:00:00Z,31.1,3.5,1.0,3.0,2.5,2.5
1-2 дня,2026-08-10T10:53:28Z,2026-08-11T19:00:00Z,32.1,4.0,1.0,3.0,3.0,3.0
1-2 дня,2026-08-10T10:53:28Z,2026-08-11T20:00:00Z,33.1,5.806,1.0,3.0,4.806,4.806
1-2 дня,2026-08-10T10:53:28Z,2026-08-11T21:00:00Z,34.1,5.889,1.0,3.0,4.889,4.889
1-2 дня,2026-08-10T10:53:28Z,2026-08-11T22:00:00Z,35.1,5.0,1.0,3.0,4.0,4.0
1-2 дня,2026-08-10T10:53:28Z,2026-08-11T23:00:00Z,36.1,4.5,2.0,3.0,2.5,2.5
1-2 дня,2026-08-10T10:53:28Z,2026-08-12T00:00:00Z,37.1,4.389,3.0,3.0,1.389,1.389
1-2 дня,2026-08-10T10:53:28Z,2026-08-12T01:00:00Z,38.1,3.806,4.0,3.0,-0.194,0.194
1-2 дня,2026-08-10T10:53:28Z,2026-08-12T02:00:00Z,39.1,3.694,4.0,3.0,-0.306,0.306
1-2 дня,2026-08-10T10:53:28Z,2026-08-12T03:00:00Z,40.1,2.889,4.0,3.0,-1.111,1.111
1-2 дня,2026-08-10T10:53:28Z,2026-08-12T04:00:00Z,41.1,2.111,2.0,3.0,0.111,0.111
1-2 дня,2026-08-10T10:53:28Z,2026-08-12T05:00:00Z,42.1,2.5,1.0,3.0,1.5,1.5
1-2 дня,2026-08-10T10:53:28Z,2026-08-12T06:00:00Z,43.1,3.194,1.0,3.0,2.194,2.194
1-2 дня,2026-08-10T10:53:28Z,2026-08-12T07:00:00Z,44.1,3.694,2.0,3.0,1.694,1.694
1-2 дня,2026-08-10T10:53:28Z,2026-08-12T08:00:00Z,45.1,4.611,1.0,3.0,3.611,3.611
1-2 дня,2026-08-10T10:53:28Z,2026-08-12T09:00:00Z,46.1,4.694,2.0,3.0,2.694,2.694
1-2 дня,2026-08-10T10:53:28Z,2026-08-12T10:00:00Z,47.1,4.694,2.0,3.0,2.694,2.694
1-2 дня,2026-08-10T16:52:05Z,2026-08-11T17:00:00Z,24.1,2.306,1.0,2.0,1.306,1.306
1-2 дня,2026-08-10T16:52:05Z,2026-08-11T18:00:00Z,25.1,2.889,1.0,2.0,1.889,1.889
1-2 дня,2026-08-10T16:52:05Z,2026-08-11T19:00:00Z,26.1,4.194,1.0,2.0,3.194,3.194
1-2 дня,2026-08-10T16:52:05Z,2026-08-11T20:00:00Z,27.1,3.194,1.0,2.0,2.194,2.194
1-2 дня,2026-08-10T16:52:05Z,2026-08-11T21:00:00Z,28.1,4.611,1.0,2.0,3.611,3.611
1-2 дня,2026-08-10T16:52:05Z,2026-08-11T22:00:00Z,29.1,5.194,1.0,2.0,4.194,4.194
1-2 дня,2026-08-10T16:52:05Z,2026-08-11T23:00:00Z,30.1,5.611,2.0,2.0,3.611,3.611
1-2 дня,2026-08-10T16:52:05Z,2026-08-12T00:00:00Z,31.1,5.806,3.0,2.0,2.806,2.806
1-2 дня,2026-08-10T16:52:05Z,2026-08-12T01:00:00Z,32.1,4.806,4.0,2.0,0.806,0.806
1-2 дня,2026-08-10T16:52:05Z,2026-08-12T02:00:00Z,33.1,3.694,4.0,2.0,-0.306,0.306
1-2 дня,2026-08-10T16:52:05Z,2026-08-12T03:00:00Z,34.1,2.389,4.0,2.0,-1.611,1.611
1-2 дня,2026-08-10T16:52:05Z,2026-08-12T04:00:00Z,35.1,2.5,2.0,2.0,0.5,0.5
1-2 дня,2026-08-10T16:52:05Z,2026-08-12T05:00:00Z,36.1,2.694,1.0,2.0,1.694,1.694
1-2 дня,2026-08-10T16:52:05Z,2026-08-12T06:00:00Z,37.1,3.889,1.0,2.0,2.889,2.889
1-2 дня,2026-08-10T16:52:05Z,2026-08-12T07:00:00Z,38.1,4.194,2.0,2.0,2.194,2.194
1-2 дня,2026-08-10T16:52:05Z,2026-08-12T08:00:00Z,39.1,4.389,1.0,2.0,3.389,3.389
1-2 дня,2026-08-10T16:52:05Z,2026-08-12T09:00:00Z,40.1,4.694,2.0,2.0,2.694,2.694
1-2 дня,2026-08-10T16:52:05Z,2026-08-12T10:00:00Z,41.1,4.889,2.0,2.0,2.889,2.889
1-2 дня,2026-08-10T16:52:05Z,2026-08-12T11:00:00Z,42.1,5.194,2.0,2.0,3.194,3.194
1-2 дня,2026-08-10T16:52:05Z,2026-08-12T12:00:00Z,43.1,5.306,2.0,2.0,3.306,3.306
1-2 дня,2026-08-10T16:52:05Z,2026-08-12T13:00:00Z,44.1,5.194,2.0,2.0,3.194,3.194
1-2 дня,2026-08-10T16:52:05Z,2026-08-12T14:00:00Z,45.1,5.389,2.0,2.0,3.389,3.389
1-2 дня,2026-08-10T16:52:05Z,2026-08-12T15:00:00Z,46.1,5.5,2.0,2.0,3.5,3.5
1-2 дня,2026-08-10T16:52:05Z,2026-08-12T16:00:00Z,47.1,5.389,2.0,2.0,3.389,3.389
1-2 дня,2026-08-10T22:47:13Z,2026-08-11T23:00:00Z,24.2,5.806,2.0,2.0,3.806,3.806
1-2 дня,2026-08-10T22:47:13Z,2026-08-12T00:00:00Z,25.2,5.0,3.0,2.0,2.0,2.0
1-2 дня,2026-08-10T22:47:13Z,2026-08-12T01:00:00Z,26.2,4.806,4.0,2.0,0.806,0.806
1-2 дня,2026-08-10T22:47:13Z,2026-08-12T02:00:00Z,27.2,3.694,4.0,2.0,-0.306,0.306
1-2 дня,2026-08-10T22:47:13Z,2026-08-12T03:00:00Z,28.2,2.889,4.0,2.0,-1.111,1.111
1-2 дня,2026-08-10T22:47:13Z,2026-08-12T04:00:00Z,29.2,2.611,2.0,2.0,0.611,0.611
1-2 дня,2026-08-10T22:47:13Z,2026-08-12T05:00:00Z,30.2,2.806,1.0,2.0,1.806,1.806
1-2 дня,2026-08-10T22:47:13Z,2026-08-12T06:00:00Z,31.2,3.306,1.0,2.0,2.306,2.306
1-2 дня,2026-08-10T22:47:13Z,2026-08-12T07:00:00Z,32.2,3.5,2.0,2.0,1.5,1.5
1-2 дня,2026-08-10T22:47:13Z,2026-08-12T08:00:00Z,33.2,4.0,1.0,2.0,3.0,3.0
1-2 дня,2026-08-10T22:47:13Z,2026-08-12T09:00:00Z,34.2,4.5,2.0,2.0,2.5,2.5
1-2 дня,2026-08-10T22:47:13Z,2026-08-12T10:00:00Z,35.2,4.694,2.0,2.0,2.694,2.694
1-2 дня,2026-08-10T22:47:13Z,2026-08-12T11:00:00Z,36.2,4.889,2.0,2.0,2.889,2.889
1-2 дня,2026-08-10T22:47:13Z,2026-08-12T12:00:00Z,37.2,5.0,2.0,2.0,3.0,3.0
1-2 дня,2026-08-10T22:47:13Z,2026-08-12T13:00:00Z,38.2,5.194,2.0,2.0,3.194,3.194
1-2 дня,2026-08-10T22:47:13Z,2026-08-12T14:00:00Z,39.2,5.389,2.0,2.0,3.389,3.389
1-2 дня,2026-08-10T22:47:13Z,2026-08-12T15:00:00Z,40.2,5.194,2.0,2.0,3.194,3.194
1-2 дня,2026-08-10T22:47:13Z,2026-08-12T16:00:00Z,41.2,5.0,2.0,2.0,3.0,3.0
1-2 дня,2026-08-10T22:47:13Z,2026-08-12T17:00:00Z,42.2,4.306,2.0,2.0,2.306,2.306
1-2 дня,2026-08-10T22:47:13Z,2026-08-12T18:00:00Z,43.2,3.389,2.0,2.0,1.389,1.389
1-2 дня,2026-08-10T22:47:13Z,2026-08-12T19:00:00Z,44.2,3.306,2.0,2.0,1.306,1.306
1-2 дня,2026-08-10T22:47:13Z,2026-08-12T20:00:00Z,45.2,3.0,2.0,2.0,1.0,1.0
1-2 дня,2026-08-10T22:47:13Z,2026-08-12T21:00:00Z,46.2,2.611,2.0,2.0,0.611,0.611
1-2 дня,2026-08-10T22:47:13Z,2026-08-12T22:00:00Z,47.2,2.389,2.0,2.0,0.389,0.389
1-2 дня,2026-08-11T05:01:49Z,2026-08-12T06:00:00Z,25.0,3.5,1.0,0.0,2.5,2.5
1-2 дня,2026-08-11T05:01:49Z,2026-08-12T07:00:00Z,26.0,3.806,2.0,0.0,1.806,1.806
1-2 дня,2026-08-11T05:01:49Z,2026-08-12T08:00:00Z,27.0,4.111,1.0,0.0,3.111,3.111
1-2 дня,2026-08-11T05:01:49Z,2026-08-12T09:00:00Z,28.0,4.389,2.0,0.0,2.389,2.389
1-2 дня,2026-08-11T05:01:49Z,2026-08-12T10:00:00Z,29.0,4.806,2.0,0.0,2.806,2.806
1-2 дня,2026-08-11T05:01:49Z,2026-08-12T11:00:00Z,30.0,4.889,2.0,0.0,2.889,2.889
1-2 дня,2026-08-11T05:01:49Z,2026-08-12T12:00:00Z,31.0,4.889,2.0,0.0,2.889,2.889
1-2 дня,2026-08-11T05:01:49Z,2026-08-12T13:00:00Z,32.0,5.111,2.0,0.0,3.111,3.111
1-2 дня,2026-08-11T05:01:49Z,2026-08-12T14:00:00Z,33.0,5.306,2.0,0.0,3.306,3.306
1-2 дня,2026-08-11T05:01:49Z,2026-08-12T15:00:00Z,34.0,5.389,2.0,0.0,3.389,3.389
1-2 дня,2026-08-11T05:01:49Z,2026-08-12T16:00:00Z,35.0,5.111,2.0,0.0,3.111,3.111
1-2 дня,2026-08-11T05:01:49Z,2026-08-12T17:00:00Z,36.0,4.389,2.0,0.0,2.389,2.389
1-2 дня,2026-08-11T05:01:49Z,2026-08-12T18:00:00Z,37.0,3.611,2.0,0.0,1.611,1.611
1-2 дня,2026-08-11T05:01:49Z,2026-08-12T19:00:00Z,38.0,3.389,2.0,0.0,1.389,1.389
1-2 дня,2026-08-11T05:01:49Z,2026-08-12T20:00:00Z,39.0,3.111,2.0,0.0,1.111,1.111
1-2 дня,2026-08-11T05:01:49Z,2026-08-12T21:00:00Z,40.0,2.806,2.0,0.0,0.806,0.806
1-2 дня,2026-08-11T05:01:49Z,2026-08-12T22:00:00Z,41.0,2.5,2.0,0.0,0.5,0.5
1-2 дня,2026-08-11T05:01:49Z,2026-08-12T23:00:00Z,42.0,2.389,2.0,0.0,0.389,0.389
1-2 дня,2026-08-11T05:01:49Z,2026-08-13T00:00:00Z,43.0,2.194,3.0,0.0,-0.806,0.806
1-2 дня,2026-08-11T05:01:49Z,2026-08-13T01:00:00Z,44.0,2.111,1.0,0.0,1.111,1.111
1-2 дня,2026-08-11T05:01:49Z,2026-08-13T02:00:00Z,45.0,1.694,1.0,0.0,0.694,0.694
1-2 дня,2026-08-11T05:01:49Z,2026-08-13T03:00:00Z,46.0,1.306,1.0,0.0,0.306,0.306
1-2 дня,2026-08-11T05:01:49Z,2026-08-13T04:00:00Z,47.0,1.111,2.0,0.0,-0.889,0.889
1-2 дня,2026-08-11T05:01:49Z,2026-08-13T05:00:00Z,48.0,1.389,3.0,0.0,-1.611,1.611
1-2 дня,2026-08-11T10:38:45Z,2026-08-12T11:00:00Z,24.4,4.694,2.0,2.0,2.694,2.694
1-2 дня,2026-08-11T10:38:45Z,2026-08-12T12:00:00Z,25.4,5.0,2.0,2.0,3.0,3.0
1-2 дня,2026-08-11T10:38:45Z,2026-08-12T13:00:00Z,26.4,5.111,2.0,2.0,3.111,3.111
1-2 дня,2026-08-11T10:38:45Z,2026-08-12T14:00:00Z,27.4,5.306,2.0,2.0,3.306,3.306
1-2 дня,2026-08-11T10:38:45Z,2026-08-12T15:00:00Z,28.4,5.5,2.0,2.0,3.5,3.5
1-2 дня,2026-08-11T10:38:45Z,2026-08-12T16:00:00Z,29.4,5.5,2.0,2.0,3.5,3.5
1-2 дня,2026-08-11T10:38:45Z,2026-08-12T17:00:00Z,30.4,4.889,2.0,2.0,2.889,2.889
1-2 дня,2026-08-11T10:38:45Z,2026-08-12T18:00:00Z,31.4,3.694,2.0,2.0,1.694,1.694
1-2 дня,2026-08-11T10:38:45Z,2026-08-12T19:00:00Z,32.4,3.389,2.0,2.0,1.389,1.389
1-2 дня,2026-08-11T10:38:45Z,2026-08-12T20:00:00Z,33.4,3.194,2.0,2.0,1.194,1.194
1-2 дня,2026-08-11T10:38:45Z,2026-08-12T21:00:00Z,34.4,2.806,2.0,2.0,0.806,0.806
1-2 дня,2026-08-11T10:38:45Z,2026-08-12T22:00:00Z,35.4,2.5,2.0,2.0,0.5,0.5
1-2 дня,2026-08-11T10:38:45Z,2026-08-12T23:00:00Z,36.4,2.389,2.0,2.0,0.389,0.389
1-2 дня,2026-08-11T10:38:45Z,2026-08-13T00:00:00Z,37.4,2.389,3.0,2.0,-0.611,0.611
1-2 дня,2026-08-11T10:38:45Z,2026-08-13T01:00:00Z,38.4,2.194,1.0,2.0,1.194,1.194
1-2 дня,2026-08-11T10:38:45Z,2026-08-13T02:00:00Z,39.4,1.694,1.0,2.0,0.694,0.694
1-2 дня,2026-08-11T10:38:45Z,2026-08-13T03:00:00Z,40.4,1.111,1.0,2.0,0.111,0.111
1-2 дня,2026-08-11T10:38:45Z,2026-08-13T04:00:00Z,41.4,1.111,2.0,2.0,-0.889,0.889
1-2 дня,2026-08-11T10:38:45Z,2026-08-13T05:00:00Z,42.4,1.5,3.0,2.0,-1.5,1.5
1-2 дня,2026-08-11T10:38:45Z,2026-08-13T06:00:00Z,43.4,2.111,2.0,2.0,0.111,0.111
1-2 дня,2026-08-11T10:38:45Z,2026-08-13T07:00:00Z,44.4,2.5,1.0,2.0,1.5,1.5
1-2 дня,2026-08-11T10:38:45Z,2026-08-13T08:00:00Z,45.4,2.611,2.0,2.0,0.611,0.611
1-2 дня,2026-08-11T10:38:45Z,2026-08-13T09:00:00Z,46.4,3.0,2.0,2.0,1.0,1.0
1-2 дня,2026-08-11T10:38:45Z,2026-08-13T10:00:00Z,47.4,3.194,2.0,2.0,1.194,1.194
1-2 дня,2026-08-12T06:05:22Z,2026-08-13T07:00:00Z,24.9,2.194,1.0,1.0,1.194,1.194
1-2 дня,2026-08-12T06:05:22Z,2026-08-13T08:00:00Z,25.9,2.611,2.0,1.0,0.611,0.611
1-2 дня,2026-08-12T06:05:22Z,2026-08-13T09:00:00Z,26.9,2.806,2.0,1.0,0.806,0.806
1-2 дня,2026-08-12T06:05:22Z,2026-08-13T10:00:00Z,27.9,3.111,2.0,1.0,1.111,1.111
1-2 дня,2026-08-12T06:05:22Z,2026-08-13T11:00:00Z,28.9,3.194,2.0,1.0,1.194,1.194
1-2 дня,2026-08-12T06:05:22Z,2026-08-13T12:00:00Z,29.9,3.389,3.0,1.0,0.389,0.389
1-2 дня,2026-08-12T06:05:22Z,2026-08-13T13:00:00Z,30.9,3.5,2.0,1.0,1.5,1.5
1-2 дня,2026-08-12T06:05:22Z,2026-08-13T14:00:00Z,31.9,3.5,3.0,1.0,0.5,0.5
1-2 дня,2026-08-12T06:05:22Z,2026-08-13T15:00:00Z,32.9,3.611,2.0,1.0,1.611,1.611
1-2 дня,2026-08-12T06:05:22Z,2026-08-13T16:00:00Z,33.9,3.694,3.0,1.0,0.694,0.694
1-2 дня,2026-08-12T06:05:22Z,2026-08-13T17:00:00Z,34.9,2.889,2.0,1.0,0.889,0.889
1-2 дня,2026-08-12T06:05:22Z,2026-08-13T18:00:00Z,35.9,2.389,1.0,1.0,1.389,1.389
1-2 дня,2026-08-12T06:05:22Z,2026-08-13T19:00:00Z,36.9,2.111,0.0,1.0,2.111,2.111
1-2 дня,2026-08-12T06:05:22Z,2026-08-13T20:00:00Z,37.9,1.806,1.0,1.0,0.806,0.806
1-2 дня,2026-08-12T06:05:22Z,2026-08-13T21:00:00Z,38.9,1.694,2.0,1.0,-0.306,0.306
1-2 дня,2026-08-12T06:05:22Z,2026-08-13T22:00:00Z,39.9,2.194,2.0,1.0,0.194,0.194
1-2 дня,2026-08-12T06:05:22Z,2026-08-13T23:00:00Z,40.9,2.111,2.0,1.0,0.111,0.111
1-2 дня,2026-08-12T06:05:22Z,2026-08-14T00:00:00Z,41.9,1.694,1.0,1.0,0.694,0.694
1-2 дня,2026-08-12T06:05:22Z,2026-08-14T01:00:00Z,42.9,1.5,1.0,1.0,0.5,0.5
1-2 дня,2026-08-12T06:05:22Z,2026-08-14T02:00:00Z,43.9,1.5,2.0,1.0,-0.5,0.5
1-2 дня,2026-08-12T06:05:22Z,2026-08-14T03:00:00Z,44.9,0.889,1.0,1.0,-0.111,0.111
1-2 дня,2026-08-12T06:05:22Z,2026-08-14T04:00:00Z,45.9,1.194,1.0,1.0,0.194,0.194
1-2 дня,2026-08-12T06:05:22Z,2026-08-14T05:00:00Z,46.9,1.194,1.0,1.0,0.194,0.194
1-2 дня,2026-08-12T06:05:22Z,2026-08-14T06:00:00Z,47.9,1.5,2.0,1.0,-0.5,0.5
1-2 дня,2026-08-12T10:47:03Z,2026-08-13T11:00:00Z,24.2,3.0,2.0,2.0,1.0,1.0
1-2 дня,2026-08-12T10:47:03Z,2026-08-13T12:00:00Z,25.2,3.111,3.0,2.0,0.111,0.111
1-2 дня,2026-08-12T10:47:03Z,2026-08-13T13:00:00Z,26.2,3.306,2.0,2.0,1.306,1.306
1-2 дня,2026-08-12T10:47:03Z,2026-08-13T14:00:00Z,27.2,3.5,3.0,2.0,0.5,0.5
1-2 дня,2026-08-12T10:47:03Z,2026-08-13T15:00:00Z,28.2,3.806,2.0,2.0,1.806,1.806
1-2 дня,2026-08-12T10:47:03Z,2026-08-13T16:00:00Z,29.2,3.889,3.0,2.0,0.889,0.889
1-2 дня,2026-08-12T10:47:03Z,2026-08-13T17:00:00Z,30.2,3.306,2.0,2.0,1.306,1.306
1-2 дня,2026-08-12T10:47:03Z,2026-08-13T18:00:00Z,31.2,2.694,1.0,2.0,1.694,1.694
1-2 дня,2026-08-12T10:47:03Z,2026-08-13T19:00:00Z,32.2,2.5,0.0,2.0,2.5,2.5
1-2 дня,2026-08-12T10:47:03Z,2026-08-13T20:00:00Z,33.2,1.889,1.0,2.0,0.889,0.889
1-2 дня,2026-08-12T10:47:03Z,2026-08-13T21:00:00Z,34.2,1.5,2.0,2.0,-0.5,0.5
1-2 дня,2026-08-12T10:47:03Z,2026-08-13T22:00:00Z,35.2,2.306,2.0,2.0,0.306,0.306
1-2 дня,2026-08-12T10:47:03Z,2026-08-13T23:00:00Z,36.2,1.889,2.0,2.0,-0.111,0.111
1-2 дня,2026-08-12T10:47:03Z,2026-08-14T00:00:00Z,37.2,1.806,1.0,2.0,0.806,0.806
1-2 дня,2026-08-12T10:47:03Z,2026-08-14T01:00:00Z,38.2,1.306,1.0,2.0,0.306,0.306
1-2 дня,2026-08-12T10:47:03Z,2026-08-14T02:00:00Z,39.2,1.111,2.0,2.0,-0.889,0.889
1-2 дня,2026-08-12T10:47:03Z,2026-08-14T03:00:00Z,40.2,1.111,1.0,2.0,0.111,0.111
1-2 дня,2026-08-12T10:47:03Z,2026-08-14T04:00:00Z,41.2,1.194,1.0,2.0,0.194,0.194
1-2 дня,2026-08-12T10:47:03Z,2026-08-14T05:00:00Z,42.2,0.889,1.0,2.0,-0.111,0.111
1-2 дня,2026-08-12T10:47:03Z,2026-08-14T06:00:00Z,43.2,1.5,2.0,2.0,-0.5,0.5
1-2 дня,2026-08-12T10:47:03Z,2026-08-14T07:00:00Z,44.2,2.111,3.0,2.0,-0.889,0.889
1-2 дня,2026-08-12T10:47:03Z,2026-08-14T08:00:00Z,45.2,2.389,2.0,2.0,0.389,0.389
1-2 дня,2026-08-12T10:47:03Z,2026-08-14T09:00:00Z,46.2,2.806,2.0,2.0,0.806,0.806
1-2 дня,2026-08-12T10:47:03Z,2026-08-14T10:00:00Z,47.2,3.111,1.0,2.0,2.111,2.111
1-2 дня,2026-08-12T16:54:57Z,2026-08-13T17:00:00Z,24.1,2.806,2.0,2.0,0.806,0.806
1-2 дня,2026-08-12T16:54:57Z,2026-08-13T18:00:00Z,25.1,2.194,1.0,2.0,1.194,1.194
1-2 дня,2026-08-12T16:54:57Z,2026-08-13T19:00:00Z,26.1,2.0,0.0,2.0,2.0,2.0
1-2 дня,2026-08-12T16:54:57Z,2026-08-13T20:00:00Z,27.1,1.694,1.0,2.0,0.694,0.694
1-2 дня,2026-08-12T16:54:57Z,2026-08-13T21:00:00Z,28.1,2.0,2.0,2.0,0.0,0.0
1-2 дня,2026-08-12T16:54:57Z,2026-08-13T22:00:00Z,29.1,2.5,2.0,2.0,0.5,0.5
1-2 дня,2026-08-12T16:54:57Z,2026-08-13T23:00:00Z,30.1,2.5,2.0,2.0,0.5,0.5
1-2 дня,2026-08-12T16:54:57Z,2026-08-14T00:00:00Z,31.1,1.694,1.0,2.0,0.694,0.694
1-2 дня,2026-08-12T16:54:57Z,2026-08-14T01:00:00Z,32.1,1.389,1.0,2.0,0.389,0.389
1-2 дня,2026-08-12T16:54:57Z,2026-08-14T02:00:00Z,33.1,1.5,2.0,2.0,-0.5,0.5
1-2 дня,2026-08-12T16:54:57Z,2026-08-14T03:00:00Z,34.1,1.306,1.0,2.0,0.306,0.306
1-2 дня,2026-08-12T16:54:57Z,2026-08-14T04:00:00Z,35.1,1.111,1.0,2.0,0.111,0.111
1-2 дня,2026-08-12T16:54:57Z,2026-08-14T05:00:00Z,36.1,1.111,1.0,2.0,0.111,0.111
1-2 дня,2026-08-12T16:54:57Z,2026-08-14T06:00:00Z,37.1,1.889,2.0,2.0,-0.111,0.111
1-2 дня,2026-08-12T16:54:57Z,2026-08-14T07:00:00Z,38.1,2.194,3.0,2.0,-0.806,0.806
1-2 дня,2026-08-12T16:54:57Z,2026-08-14T08:00:00Z,39.1,2.611,2.0,2.0,0.611,0.611
1-2 дня,2026-08-12T16:54:57Z,2026-08-14T09:00:00Z,40.1,3.111,2.0,2.0,1.111,1.111
1-2 дня,2026-08-12T16:54:57Z,2026-08-14T10:00:00Z,41.1,3.389,1.0,2.0,2.389,2.389
1-2 дня,2026-08-12T22:50:47Z,2026-08-13T23:00:00Z,24.2,1.389,2.0,2.0,-0.611,0.611
1-2 дня,2026-08-12T22:50:47Z,2026-08-14T00:00:00Z,25.2,1.694,1.0,2.0,0.694,0.694
1-2 дня,2026-08-12T22:50:47Z,2026-08-14T01:00:00Z,26.2,1.611,1.0,2.0,0.611,0.611
1-2 дня,2026-08-12T22:50:47Z,2026-08-14T02:00:00Z,27.2,1.306,2.0,2.0,-0.694,0.694
1-2 дня,2026-08-12T22:50:47Z,2026-08-14T03:00:00Z,28.2,1.611,1.0,2.0,0.611,0.611
1-2 дня,2026-08-12T22:50:47Z,2026-08-14T04:00:00Z,29.2,1.389,1.0,2.0,0.389,0.389
1-2 дня,2026-08-12T22:50:47Z,2026-08-14T05:00:00Z,30.2,1.389,1.0,2.0,0.389,0.389
1-2 дня,2026-08-12T22:50:47Z,2026-08-14T06:00:00Z,31.2,1.611,2.0,2.0,-0.389,0.389
1-2 дня,2026-08-12T22:50:47Z,2026-08-14T07:00:00Z,32.2,2.194,3.0,2.0,-0.806,0.806
1-2 дня,2026-08-12T22:50:47Z,2026-08-14T08:00:00Z,33.2,2.389,2.0,2.0,0.389,0.389
1-2 дня,2026-08-12T22:50:47Z,2026-08-14T09:00:00Z,34.2,2.694,2.0,2.0,0.694,0.694
1-2 дня,2026-08-12T22:50:47Z,2026-08-14T10:00:00Z,35.2,2.889,1.0,2.0,1.889,1.889
1-2 дня,2026-08-13T05:30:08Z,2026-08-14T06:00:00Z,24.5,1.889,2.0,3.0,-0.111,0.111
1-2 дня,2026-08-13T05:30:08Z,2026-08-14T07:00:00Z,25.5,2.111,3.0,3.0,-0.889,0.889
1-2 дня,2026-08-13T05:30:08Z,2026-08-14T08:00:00Z,26.5,2.194,2.0,3.0,0.194,0.194
1-2 дня,2026-08-13T05:30:08Z,2026-08-14T09:00:00Z,27.5,2.694,2.0,3.0,0.694,0.694
1-2 дня,2026-08-13T05:30:08Z,2026-08-14T10:00:00Z,28.5,3.0,1.0,3.0,2.0,2.0
2-3 дня,2026-08-06T10:47:54Z,2026-08-08T11:00:00Z,48.2,3.889,2.0,3.0,1.889,1.889
2-3 дня,2026-08-06T10:47:54Z,2026-08-08T12:00:00Z,49.2,4.111,2.0,3.0,2.111,2.111
2-3 дня,2026-08-06T10:47:54Z,2026-08-08T13:00:00Z,50.2,4.194,2.0,3.0,2.194,2.194
2-3 дня,2026-08-06T10:47:54Z,2026-08-08T14:00:00Z,51.2,4.306,2.0,3.0,2.306,2.306
2-3 дня,2026-08-06T10:47:54Z,2026-08-08T15:00:00Z,52.2,4.389,2.0,3.0,2.389,2.389
2-3 дня,2026-08-06T10:47:54Z,2026-08-08T16:00:00Z,53.2,4.611,2.0,3.0,2.611,2.611
2-3 дня,2026-08-06T10:47:54Z,2026-08-08T17:00:00Z,54.2,4.306,2.0,3.0,2.306,2.306
2-3 дня,2026-08-06T10:47:54Z,2026-08-08T18:00:00Z,55.2,3.194,1.0,3.0,2.194,2.194
2-3 дня,2026-08-06T10:47:54Z,2026-08-08T19:00:00Z,56.2,3.111,1.0,3.0,2.111,2.111
2-3 дня,2026-08-06T10:47:54Z,2026-08-08T20:00:00Z,57.2,2.806,1.0,3.0,1.806,1.806
2-3 дня,2026-08-06T10:47:54Z,2026-08-08T21:00:00Z,58.2,2.889,1.0,3.0,1.889,1.889
2-3 дня,2026-08-06T11:30:42Z,2026-08-08T12:00:00Z,48.5,4.111,2.0,3.0,2.111,2.111
2-3 дня,2026-08-06T11:30:42Z,2026-08-08T13:00:00Z,49.5,4.194,2.0,3.0,2.194,2.194
2-3 дня,2026-08-06T11:30:42Z,2026-08-08T14:00:00Z,50.5,4.306,2.0,3.0,2.306,2.306
2-3 дня,2026-08-06T11:30:42Z,2026-08-08T15:00:00Z,51.5,4.389,2.0,3.0,2.389,2.389
2-3 дня,2026-08-06T11:30:42Z,2026-08-08T16:00:00Z,52.5,4.611,2.0,3.0,2.611,2.611
2-3 дня,2026-08-06T11:30:42Z,2026-08-08T17:00:00Z,53.5,4.306,2.0,3.0,2.306,2.306
2-3 дня,2026-08-06T11:30:42Z,2026-08-08T18:00:00Z,54.5,3.194,1.0,3.0,2.194,2.194
2-3 дня,2026-08-06T11:30:42Z,2026-08-08T19:00:00Z,55.5,3.111,1.0,3.0,2.111,2.111
2-3 дня,2026-08-06T11:30:42Z,2026-08-08T20:00:00Z,56.5,2.806,1.0,3.0,1.806,1.806
2-3 дня,2026-08-06T11:30:42Z,2026-08-08T21:00:00Z,57.5,2.889,1.0,3.0,1.889,1.889
2-3 дня,2026-08-06T11:36:01Z,2026-08-08T12:00:00Z,48.4,4.111,2.0,3.0,2.111,2.111
2-3 дня,2026-08-06T11:36:01Z,2026-08-08T13:00:00Z,49.4,4.194,2.0,3.0,2.194,2.194
2-3 дня,2026-08-06T11:36:01Z,2026-08-08T14:00:00Z,50.4,4.306,2.0,3.0,2.306,2.306
2-3 дня,2026-08-06T11:36:01Z,2026-08-08T15:00:00Z,51.4,4.389,2.0,3.0,2.389,2.389
2-3 дня,2026-08-06T11:36:01Z,2026-08-08T16:00:00Z,52.4,4.611,2.0,3.0,2.611,2.611
2-3 дня,2026-08-06T11:36:01Z,2026-08-08T17:00:00Z,53.4,4.306,2.0,3.0,2.306,2.306
2-3 дня,2026-08-06T11:36:01Z,2026-08-08T18:00:00Z,54.4,3.194,1.0,3.0,2.194,2.194
2-3 дня,2026-08-06T11:36:01Z,2026-08-08T19:00:00Z,55.4,3.111,1.0,3.0,2.111,2.111
2-3 дня,2026-08-06T11:36:01Z,2026-08-08T20:00:00Z,56.4,2.806,1.0,3.0,1.806,1.806
2-3 дня,2026-08-06T11:36:01Z,2026-08-08T21:00:00Z,57.4,2.889,1.0,3.0,1.889,1.889
2-3 дня,2026-08-06T11:44:08Z,2026-08-08T12:00:00Z,48.3,4.111,2.0,3.0,2.111,2.111
2-3 дня,2026-08-06T11:44:08Z,2026-08-08T13:00:00Z,49.3,4.194,2.0,3.0,2.194,2.194
2-3 дня,2026-08-06T11:44:08Z,2026-08-08T14:00:00Z,50.3,4.306,2.0,3.0,2.306,2.306
2-3 дня,2026-08-06T11:44:08Z,2026-08-08T15:00:00Z,51.3,4.389,2.0,3.0,2.389,2.389
2-3 дня,2026-08-06T11:44:08Z,2026-08-08T16:00:00Z,52.3,4.611,2.0,3.0,2.611,2.611
2-3 дня,2026-08-06T11:44:08Z,2026-08-08T17:00:00Z,53.3,4.306,2.0,3.0,2.306,2.306
2-3 дня,2026-08-06T11:44:08Z,2026-08-08T18:00:00Z,54.3,3.194,1.0,3.0,2.194,2.194
2-3 дня,2026-08-06T11:44:08Z,2026-08-08T19:00:00Z,55.3,3.111,1.0,3.0,2.111,2.111
2-3 дня,2026-08-06T11:44:08Z,2026-08-08T20:00:00Z,56.3,2.806,1.0,3.0,1.806,1.806
2-3 дня,2026-08-06T11:44:08Z,2026-08-08T21:00:00Z,57.3,2.889,1.0,3.0,1.889,1.889
2-3 дня,2026-08-07T01:31:32Z,2026-08-09T02:00:00Z,48.5,1.194,1.0,1.0,0.194,0.194
2-3 дня,2026-08-07T01:31:32Z,2026-08-09T03:00:00Z,49.5,1.306,1.0,1.0,0.306,0.306
2-3 дня,2026-08-07T01:31:32Z,2026-08-09T04:00:00Z,50.5,1.694,1.0,1.0,0.694,0.694
2-3 дня,2026-08-07T01:31:32Z,2026-08-09T05:00:00Z,51.5,1.694,1.0,1.0,0.694,0.694
2-3 дня,2026-08-07T01:31:32Z,2026-08-09T06:00:00Z,52.5,2.0,1.0,1.0,1.0,1.0
2-3 дня,2026-08-07T01:31:32Z,2026-08-09T07:00:00Z,53.5,2.389,1.0,1.0,1.389,1.389
2-3 дня,2026-08-07T01:31:32Z,2026-08-09T08:00:00Z,54.5,2.694,1.0,1.0,1.694,1.694
2-3 дня,2026-08-07T01:31:32Z,2026-08-09T09:00:00Z,55.5,3.0,2.0,1.0,1.0,1.0
2-3 дня,2026-08-07T01:31:32Z,2026-08-09T10:00:00Z,56.5,3.111,2.0,1.0,1.111,1.111
2-3 дня,2026-08-07T01:31:32Z,2026-08-09T11:00:00Z,57.5,2.889,2.0,1.0,0.889,0.889
2-3 дня,2026-08-07T01:31:32Z,2026-08-09T12:00:00Z,58.5,2.694,2.0,1.0,0.694,0.694
2-3 дня,2026-08-07T01:31:32Z,2026-08-09T13:00:00Z,59.5,2.306,2.0,1.0,0.306,0.306
2-3 дня,2026-08-07T01:31:32Z,2026-08-09T14:00:00Z,60.5,2.0,2.0,1.0,0.0,0.0
2-3 дня,2026-08-07T01:31:32Z,2026-08-09T15:00:00Z,61.5,1.694,2.0,1.0,-0.306,0.306
2-3 дня,2026-08-07T01:31:32Z,2026-08-09T16:00:00Z,62.5,1.5,1.0,1.0,0.5,0.5
2-3 дня,2026-08-07T01:31:32Z,2026-08-09T17:00:00Z,63.5,1.611,1.0,1.0,0.611,0.611
2-3 дня,2026-08-07T01:31:32Z,2026-08-09T18:00:00Z,64.5,2.194,1.0,1.0,1.194,1.194
2-3 дня,2026-08-07T01:31:32Z,2026-08-09T19:00:00Z,65.5,2.306,1.0,1.0,1.306,1.306
2-3 дня,2026-08-07T01:31:32Z,2026-08-09T20:00:00Z,66.5,2.306,2.0,1.0,0.306,0.306
2-3 дня,2026-08-07T01:31:32Z,2026-08-09T21:00:00Z,67.5,2.389,1.0,1.0,1.389,1.389
2-3 дня,2026-08-07T05:36:00Z,2026-08-09T06:00:00Z,48.4,2.0,1.0,1.0,1.0,1.0
2-3 дня,2026-08-07T05:36:00Z,2026-08-09T07:00:00Z,49.4,2.306,1.0,1.0,1.306,1.306
2-3 дня,2026-08-07T05:36:00Z,2026-08-09T08:00:00Z,50.4,2.694,1.0,1.0,1.694,1.694
2-3 дня,2026-08-07T05:36:00Z,2026-08-09T09:00:00Z,51.4,2.806,2.0,1.0,0.806,0.806
2-3 дня,2026-08-07T05:36:00Z,2026-08-09T10:00:00Z,52.4,2.611,2.0,1.0,0.611,0.611
2-3 дня,2026-08-07T05:36:00Z,2026-08-09T11:00:00Z,53.4,2.389,2.0,1.0,0.389,0.389
2-3 дня,2026-08-07T05:36:00Z,2026-08-09T12:00:00Z,54.4,2.194,2.0,1.0,0.194,0.194
2-3 дня,2026-08-07T05:36:00Z,2026-08-09T13:00:00Z,55.4,2.194,2.0,1.0,0.194,0.194
2-3 дня,2026-08-07T05:36:00Z,2026-08-09T14:00:00Z,56.4,2.111,2.0,1.0,0.111,0.111
2-3 дня,2026-08-07T05:36:00Z,2026-08-09T15:00:00Z,57.4,1.889,2.0,1.0,-0.111,0.111
2-3 дня,2026-08-07T05:36:00Z,2026-08-09T16:00:00Z,58.4,1.806,1.0,1.0,0.806,0.806
2-3 дня,2026-08-07T05:36:00Z,2026-08-09T17:00:00Z,59.4,1.694,1.0,1.0,0.694,0.694
2-3 дня,2026-08-07T05:36:00Z,2026-08-09T18:00:00Z,60.4,2.194,1.0,1.0,1.194,1.194
2-3 дня,2026-08-07T05:36:00Z,2026-08-09T19:00:00Z,61.4,2.5,1.0,1.0,1.5,1.5
2-3 дня,2026-08-07T05:36:00Z,2026-08-09T20:00:00Z,62.4,2.5,2.0,1.0,0.5,0.5
2-3 дня,2026-08-07T05:36:00Z,2026-08-09T21:00:00Z,63.4,2.389,1.0,1.0,1.389,1.389
2-3 дня,2026-08-07T06:18:59Z,2026-08-09T07:00:00Z,48.7,2.306,1.0,1.0,1.306,1.306
2-3 дня,2026-08-07T06:18:59Z,2026-08-09T08:00:00Z,49.7,2.694,1.0,1.0,1.694,1.694
2-3 дня,2026-08-07T06:18:59Z,2026-08-09T09:00:00Z,50.7,2.806,2.0,1.0,0.806,0.806
2-3 дня,2026-08-07T06:18:59Z,2026-08-09T10:00:00Z,51.7,2.611,2.0,1.0,0.611,0.611
2-3 дня,2026-08-07T06:18:59Z,2026-08-09T11:00:00Z,52.7,2.389,2.0,1.0,0.389,0.389
2-3 дня,2026-08-07T06:18:59Z,2026-08-09T12:00:00Z,53.7,2.194,2.0,1.0,0.194,0.194
2-3 дня,2026-08-07T06:18:59Z,2026-08-09T13:00:00Z,54.7,2.194,2.0,1.0,0.194,0.194
2-3 дня,2026-08-07T06:18:59Z,2026-08-09T14:00:00Z,55.7,2.111,2.0,1.0,0.111,0.111
2-3 дня,2026-08-07T06:18:59Z,2026-08-09T15:00:00Z,56.7,1.889,2.0,1.0,-0.111,0.111
2-3 дня,2026-08-07T06:18:59Z,2026-08-09T16:00:00Z,57.7,1.806,1.0,1.0,0.806,0.806
2-3 дня,2026-08-07T06:18:59Z,2026-08-09T17:00:00Z,58.7,1.694,1.0,1.0,0.694,0.694
2-3 дня,2026-08-07T06:18:59Z,2026-08-09T18:00:00Z,59.7,2.194,1.0,1.0,1.194,1.194
2-3 дня,2026-08-07T06:18:59Z,2026-08-09T19:00:00Z,60.7,2.5,1.0,1.0,1.5,1.5
2-3 дня,2026-08-07T06:18:59Z,2026-08-09T20:00:00Z,61.7,2.5,2.0,1.0,0.5,0.5
2-3 дня,2026-08-07T06:18:59Z,2026-08-09T21:00:00Z,62.7,2.389,1.0,1.0,1.389,1.389
2-3 дня,2026-08-07T07:13:52Z,2026-08-09T08:00:00Z,48.8,2.694,1.0,1.0,1.694,1.694
2-3 дня,2026-08-07T07:13:52Z,2026-08-09T09:00:00Z,49.8,2.806,2.0,1.0,0.806,0.806
2-3 дня,2026-08-07T07:13:52Z,2026-08-09T10:00:00Z,50.8,2.611,2.0,1.0,0.611,0.611
2-3 дня,2026-08-07T07:13:52Z,2026-08-09T11:00:00Z,51.8,2.389,2.0,1.0,0.389,0.389
2-3 дня,2026-08-07T07:13:52Z,2026-08-09T12:00:00Z,52.8,2.194,2.0,1.0,0.194,0.194
2-3 дня,2026-08-07T07:13:52Z,2026-08-09T13:00:00Z,53.8,2.194,2.0,1.0,0.194,0.194
2-3 дня,2026-08-07T07:13:52Z,2026-08-09T14:00:00Z,54.8,2.111,2.0,1.0,0.111,0.111
2-3 дня,2026-08-07T07:13:52Z,2026-08-09T15:00:00Z,55.8,1.889,2.0,1.0,-0.111,0.111
2-3 дня,2026-08-07T07:13:52Z,2026-08-09T16:00:00Z,56.8,1.806,1.0,1.0,0.806,0.806
2-3 дня,2026-08-07T07:13:52Z,2026-08-09T17:00:00Z,57.8,1.694,1.0,1.0,0.694,0.694
2-3 дня,2026-08-07T07:13:52Z,2026-08-09T18:00:00Z,58.8,2.194,1.0,1.0,1.194,1.194
2-3 дня,2026-08-07T07:13:52Z,2026-08-09T19:00:00Z,59.8,2.5,1.0,1.0,1.5,1.5
2-3 дня,2026-08-07T07:13:52Z,2026-08-09T20:00:00Z,60.8,2.5,2.0,1.0,0.5,0.5
2-3 дня,2026-08-07T07:13:52Z,2026-08-09T21:00:00Z,61.8,2.389,1.0,1.0,1.389,1.389
2-3 дня,2026-08-07T10:39:14Z,2026-08-09T11:00:00Z,48.3,2.694,2.0,1.0,0.694,0.694
2-3 дня,2026-08-07T10:39:14Z,2026-08-09T12:00:00Z,49.3,2.389,2.0,1.0,0.389,0.389
2-3 дня,2026-08-07T10:39:14Z,2026-08-09T13:00:00Z,50.3,2.306,2.0,1.0,0.306,0.306
2-3 дня,2026-08-07T10:39:14Z,2026-08-09T14:00:00Z,51.3,2.306,2.0,1.0,0.306,0.306
2-3 дня,2026-08-07T10:39:14Z,2026-08-09T15:00:00Z,52.3,2.306,2.0,1.0,0.306,0.306
2-3 дня,2026-08-07T10:39:14Z,2026-08-09T16:00:00Z,53.3,2.694,1.0,1.0,1.694,1.694
2-3 дня,2026-08-07T10:39:14Z,2026-08-09T17:00:00Z,54.3,3.194,1.0,1.0,2.194,2.194
2-3 дня,2026-08-07T10:39:14Z,2026-08-09T18:00:00Z,55.3,3.194,1.0,1.0,2.194,2.194
2-3 дня,2026-08-07T10:39:14Z,2026-08-09T19:00:00Z,56.3,3.111,1.0,1.0,2.111,2.111
2-3 дня,2026-08-07T10:39:14Z,2026-08-09T20:00:00Z,57.3,2.694,2.0,1.0,0.694,0.694
2-3 дня,2026-08-07T10:39:14Z,2026-08-09T21:00:00Z,58.3,2.5,1.0,1.0,1.5,1.5
2-3 дня,2026-08-07T16:51:54Z,2026-08-09T17:00:00Z,48.1,1.694,1.0,2.0,0.694,0.694
2-3 дня,2026-08-07T16:51:54Z,2026-08-09T18:00:00Z,49.1,2.194,1.0,2.0,1.194,1.194
2-3 дня,2026-08-07T16:51:54Z,2026-08-09T19:00:00Z,50.1,2.389,1.0,2.0,1.389,1.389
2-3 дня,2026-08-07T16:51:54Z,2026-08-09T20:00:00Z,51.1,2.389,2.0,2.0,0.389,0.389
2-3 дня,2026-08-07T16:51:54Z,2026-08-09T21:00:00Z,52.1,2.306,1.0,2.0,1.306,1.306
2-3 дня,2026-08-07T22:45:57Z,2026-08-09T23:00:00Z,48.2,2.306,1.0,2.0,1.306,1.306
2-3 дня,2026-08-07T22:45:57Z,2026-08-10T00:00:00Z,49.2,2.389,1.0,2.0,1.389,1.389
2-3 дня,2026-08-07T22:45:57Z,2026-08-10T01:00:00Z,50.2,2.194,1.0,2.0,1.194,1.194
2-3 дня,2026-08-07T22:45:57Z,2026-08-10T02:00:00Z,51.2,1.806,1.0,2.0,0.806,0.806
2-3 дня,2026-08-07T22:45:57Z,2026-08-10T03:00:00Z,52.2,1.694,0.0,2.0,1.694,1.694
2-3 дня,2026-08-07T22:45:57Z,2026-08-10T04:00:00Z,53.2,2.306,1.0,2.0,1.306,1.306
2-3 дня,2026-08-07T22:45:57Z,2026-08-10T05:00:00Z,54.2,2.194,2.0,2.0,0.194,0.194
2-3 дня,2026-08-07T22:45:57Z,2026-08-10T06:00:00Z,55.2,3.194,3.0,2.0,0.194,0.194
2-3 дня,2026-08-07T22:45:57Z,2026-08-10T07:00:00Z,56.2,3.111,2.0,2.0,1.111,1.111
2-3 дня,2026-08-07T22:45:57Z,2026-08-10T08:00:00Z,57.2,2.889,2.0,2.0,0.889,0.889
2-3 дня,2026-08-07T22:45:57Z,2026-08-10T09:00:00Z,58.2,2.806,2.0,2.0,0.806,0.806
2-3 дня,2026-08-07T22:45:57Z,2026-08-10T10:00:00Z,59.2,2.611,3.0,2.0,-0.389,0.389
2-3 дня,2026-08-07T22:45:57Z,2026-08-10T11:00:00Z,60.2,2.611,2.0,2.0,0.611,0.611
2-3 дня,2026-08-07T22:45:57Z,2026-08-10T12:00:00Z,61.2,2.194,2.0,2.0,0.194,0.194
2-3 дня,2026-08-07T22:45:57Z,2026-08-10T13:00:00Z,62.2,1.889,3.0,2.0,-1.111,1.111
2-3 дня,2026-08-07T22:45:57Z,2026-08-10T14:00:00Z,63.2,1.5,3.0,2.0,-1.5,1.5
2-3 дня,2026-08-07T22:45:57Z,2026-08-10T15:00:00Z,64.2,1.306,3.0,2.0,-1.694,1.694
2-3 дня,2026-08-07T22:45:57Z,2026-08-10T16:00:00Z,65.2,1.306,2.0,2.0,-0.694,0.694
2-3 дня,2026-08-07T22:45:57Z,2026-08-10T17:00:00Z,66.2,1.5,1.0,2.0,0.5,0.5
2-3 дня,2026-08-07T22:45:57Z,2026-08-10T18:00:00Z,67.2,2.611,1.0,2.0,1.611,1.611
2-3 дня,2026-08-07T22:45:57Z,2026-08-10T19:00:00Z,68.2,3.194,1.0,2.0,2.194,2.194
2-3 дня,2026-08-07T22:45:57Z,2026-08-10T20:00:00Z,69.2,3.306,1.0,2.0,2.306,2.306
2-3 дня,2026-08-07T22:45:57Z,2026-08-10T21:00:00Z,70.2,3.306,1.0,2.0,2.306,2.306
2-3 дня,2026-08-07T23:19:23Z,2026-08-10T00:00:00Z,48.7,2.389,1.0,1.0,1.389,1.389
2-3 дня,2026-08-07T23:19:23Z,2026-08-10T01:00:00Z,49.7,2.194,1.0,1.0,1.194,1.194
2-3 дня,2026-08-07T23:19:23Z,2026-08-10T02:00:00Z,50.7,1.806,1.0,1.0,0.806,0.806
2-3 дня,2026-08-07T23:19:23Z,2026-08-10T03:00:00Z,51.7,1.694,0.0,1.0,1.694,1.694
2-3 дня,2026-08-07T23:19:23Z,2026-08-10T04:00:00Z,52.7,2.306,1.0,1.0,1.306,1.306
2-3 дня,2026-08-07T23:19:23Z,2026-08-10T05:00:00Z,53.7,2.194,2.0,1.0,0.194,0.194
2-3 дня,2026-08-07T23:19:23Z,2026-08-10T06:00:00Z,54.7,3.194,3.0,1.0,0.194,0.194
2-3 дня,2026-08-07T23:19:23Z,2026-08-10T07:00:00Z,55.7,3.111,2.0,1.0,1.111,1.111
2-3 дня,2026-08-07T23:19:23Z,2026-08-10T08:00:00Z,56.7,2.889,2.0,1.0,0.889,0.889
2-3 дня,2026-08-07T23:19:23Z,2026-08-10T09:00:00Z,57.7,2.806,2.0,1.0,0.806,0.806
2-3 дня,2026-08-07T23:19:23Z,2026-08-10T10:00:00Z,58.7,2.611,3.0,1.0,-0.389,0.389
2-3 дня,2026-08-07T23:19:23Z,2026-08-10T11:00:00Z,59.7,2.611,2.0,1.0,0.611,0.611
2-3 дня,2026-08-07T23:19:23Z,2026-08-10T12:00:00Z,60.7,2.194,2.0,1.0,0.194,0.194
2-3 дня,2026-08-07T23:19:23Z,2026-08-10T13:00:00Z,61.7,1.889,3.0,1.0,-1.111,1.111
2-3 дня,2026-08-07T23:19:23Z,2026-08-10T14:00:00Z,62.7,1.5,3.0,1.0,-1.5,1.5
2-3 дня,2026-08-07T23:19:23Z,2026-08-10T15:00:00Z,63.7,1.306,3.0,1.0,-1.694,1.694
2-3 дня,2026-08-07T23:19:23Z,2026-08-10T16:00:00Z,64.7,1.306,2.0,1.0,-0.694,0.694
2-3 дня,2026-08-07T23:19:23Z,2026-08-10T17:00:00Z,65.7,1.5,1.0,1.0,0.5,0.5
2-3 дня,2026-08-07T23:19:23Z,2026-08-10T18:00:00Z,66.7,2.611,1.0,1.0,1.611,1.611
2-3 дня,2026-08-07T23:19:23Z,2026-08-10T19:00:00Z,67.7,3.194,1.0,1.0,2.194,2.194
2-3 дня,2026-08-07T23:19:23Z,2026-08-10T20:00:00Z,68.7,3.306,1.0,1.0,2.306,2.306
2-3 дня,2026-08-07T23:19:23Z,2026-08-10T21:00:00Z,69.7,3.306,1.0,1.0,2.306,2.306
2-3 дня,2026-08-08T04:50:53Z,2026-08-10T05:00:00Z,48.2,1.806,2.0,3.0,-0.194,0.194
2-3 дня,2026-08-08T04:50:53Z,2026-08-10T06:00:00Z,49.2,2.694,3.0,3.0,-0.306,0.306
2-3 дня,2026-08-08T04:50:53Z,2026-08-10T07:00:00Z,50.2,2.694,2.0,3.0,0.694,0.694
2-3 дня,2026-08-08T04:50:53Z,2026-08-10T08:00:00Z,51.2,2.611,2.0,3.0,0.611,0.611
2-3 дня,2026-08-08T04:50:53Z,2026-08-10T09:00:00Z,52.2,2.389,2.0,3.0,0.389,0.389
2-3 дня,2026-08-08T04:50:53Z,2026-08-10T10:00:00Z,53.2,2.5,3.0,3.0,-0.5,0.5
2-3 дня,2026-08-08T04:50:53Z,2026-08-10T11:00:00Z,54.2,2.611,2.0,3.0,0.611,0.611
2-3 дня,2026-08-08T04:50:53Z,2026-08-10T12:00:00Z,55.2,2.389,2.0,3.0,0.389,0.389
2-3 дня,2026-08-08T04:50:53Z,2026-08-10T13:00:00Z,56.2,2.306,3.0,3.0,-0.694,0.694
2-3 дня,2026-08-08T04:50:53Z,2026-08-10T14:00:00Z,57.2,2.194,3.0,3.0,-0.806,0.806
2-3 дня,2026-08-08T04:50:53Z,2026-08-10T15:00:00Z,58.2,2.194,3.0,3.0,-0.806,0.806
2-3 дня,2026-08-08T04:50:53Z,2026-08-10T16:00:00Z,59.2,2.5,2.0,3.0,0.5,0.5
2-3 дня,2026-08-08T04:50:53Z,2026-08-10T17:00:00Z,60.2,2.389,1.0,3.0,1.389,1.389
2-3 дня,2026-08-08T04:50:53Z,2026-08-10T18:00:00Z,61.2,2.5,1.0,3.0,1.5,1.5
2-3 дня,2026-08-08T04:50:53Z,2026-08-10T19:00:00Z,62.2,2.611,1.0,3.0,1.611,1.611
2-3 дня,2026-08-08T04:50:53Z,2026-08-10T20:00:00Z,63.2,2.389,1.0,3.0,1.389,1.389
2-3 дня,2026-08-08T04:50:53Z,2026-08-10T21:00:00Z,64.2,2.389,1.0,3.0,1.389,1.389
2-3 дня,2026-08-08T10:18:13Z,2026-08-10T11:00:00Z,48.7,3.194,2.0,2.0,1.194,1.194
2-3 дня,2026-08-08T10:18:13Z,2026-08-10T12:00:00Z,49.7,2.889,2.0,2.0,0.889,0.889
2-3 дня,2026-08-08T10:18:13Z,2026-08-10T13:00:00Z,50.7,2.806,3.0,2.0,-0.194,0.194
2-3 дня,2026-08-08T10:18:13Z,2026-08-10T14:00:00Z,51.7,2.694,3.0,2.0,-0.306,0.306
2-3 дня,2026-08-08T10:18:13Z,2026-08-10T15:00:00Z,52.7,2.889,3.0,2.0,-0.111,0.111
2-3 дня,2026-08-08T10:18:13Z,2026-08-10T16:00:00Z,53.7,3.0,2.0,2.0,1.0,1.0
2-3 дня,2026-08-08T10:18:13Z,2026-08-10T17:00:00Z,54.7,2.611,1.0,2.0,1.611,1.611
2-3 дня,2026-08-08T10:18:13Z,2026-08-10T18:00:00Z,55.7,2.111,1.0,2.0,1.111,1.111
2-3 дня,2026-08-08T10:18:13Z,2026-08-10T19:00:00Z,56.7,1.806,1.0,2.0,0.806,0.806
2-3 дня,2026-08-08T10:18:13Z,2026-08-10T20:00:00Z,57.7,1.806,1.0,2.0,0.806,0.806
2-3 дня,2026-08-08T10:18:13Z,2026-08-10T21:00:00Z,58.7,2.194,1.0,2.0,1.194,1.194
2-3 дня,2026-08-08T22:37:20Z,2026-08-10T23:00:00Z,48.4,2.5,1.0,3.0,1.5,1.5
2-3 дня,2026-08-08T22:37:20Z,2026-08-11T00:00:00Z,49.4,2.194,0.0,3.0,2.194,2.194
2-3 дня,2026-08-08T22:37:20Z,2026-08-11T01:00:00Z,50.4,1.694,0.0,3.0,1.694,1.694
2-3 дня,2026-08-08T22:37:20Z,2026-08-11T02:00:00Z,51.4,2.111,1.0,3.0,1.111,1.111
2-3 дня,2026-08-08T22:37:20Z,2026-08-11T03:00:00Z,52.4,1.389,0.0,3.0,1.389,1.389
2-3 дня,2026-08-08T22:37:20Z,2026-08-11T04:00:00Z,53.4,1.194,0.0,3.0,1.194,1.194
2-3 дня,2026-08-08T22:37:20Z,2026-08-11T05:00:00Z,54.4,1.194,0.0,3.0,1.194,1.194
2-3 дня,2026-08-08T22:37:20Z,2026-08-11T06:00:00Z,55.4,1.889,1.0,3.0,0.889,0.889
2-3 дня,2026-08-08T22:37:20Z,2026-08-11T07:00:00Z,56.4,2.0,2.0,3.0,0.0,0.0
2-3 дня,2026-08-08T22:37:20Z,2026-08-11T08:00:00Z,57.4,2.0,2.0,3.0,0.0,0.0
2-3 дня,2026-08-08T22:37:20Z,2026-08-11T09:00:00Z,58.4,2.194,2.0,3.0,0.194,0.194
2-3 дня,2026-08-08T22:37:20Z,2026-08-11T10:00:00Z,59.4,2.306,2.0,3.0,0.306,0.306
2-3 дня,2026-08-08T22:37:20Z,2026-08-11T11:00:00Z,60.4,2.0,2.0,3.0,0.0,0.0
2-3 дня,2026-08-08T22:37:20Z,2026-08-11T12:00:00Z,61.4,1.889,2.0,3.0,-0.111,0.111
2-3 дня,2026-08-08T22:37:20Z,2026-08-11T13:00:00Z,62.4,1.889,1.0,3.0,0.889,0.889
2-3 дня,2026-08-08T22:37:20Z,2026-08-11T14:00:00Z,63.4,2.194,1.0,3.0,1.194,1.194
2-3 дня,2026-08-08T22:37:20Z,2026-08-11T15:00:00Z,64.4,3.0,1.0,3.0,2.0,2.0
2-3 дня,2026-08-08T22:37:20Z,2026-08-11T16:00:00Z,65.4,3.111,1.0,3.0,2.111,2.111
2-3 дня,2026-08-08T22:37:20Z,2026-08-11T17:00:00Z,66.4,2.889,1.0,3.0,1.889,1.889
2-3 дня,2026-08-08T22:37:20Z,2026-08-11T18:00:00Z,67.4,3.889,1.0,3.0,2.889,2.889
2-3 дня,2026-08-08T22:37:20Z,2026-08-11T19:00:00Z,68.4,4.611,1.0,3.0,3.611,3.611
2-3 дня,2026-08-08T22:37:20Z,2026-08-11T20:00:00Z,69.4,3.889,1.0,3.0,2.889,2.889
2-3 дня,2026-08-08T22:37:20Z,2026-08-11T21:00:00Z,70.4,5.306,1.0,3.0,4.306,4.306
2-3 дня,2026-08-09T04:59:03Z,2026-08-11T05:00:00Z,48.0,1.306,0.0,1.0,1.306,1.306
2-3 дня,2026-08-09T04:59:03Z,2026-08-11T06:00:00Z,49.0,1.611,1.0,1.0,0.611,0.611
2-3 дня,2026-08-09T04:59:03Z,2026-08-11T07:00:00Z,50.0,2.111,2.0,1.0,0.111,0.111
2-3 дня,2026-08-09T04:59:03Z,2026-08-11T08:00:00Z,51.0,2.194,2.0,1.0,0.194,0.194
2-3 дня,2026-08-09T04:59:03Z,2026-08-11T09:00:00Z,52.0,2.306,2.0,1.0,0.306,0.306
2-3 дня,2026-08-09T04:59:03Z,2026-08-11T10:00:00Z,53.0,2.389,2.0,1.0,0.389,0.389
2-3 дня,2026-08-09T04:59:03Z,2026-08-11T11:00:00Z,54.0,1.806,2.0,1.0,-0.194,0.194
2-3 дня,2026-08-09T04:59:03Z,2026-08-11T12:00:00Z,55.0,1.806,2.0,1.0,-0.194,0.194
2-3 дня,2026-08-09T04:59:03Z,2026-08-11T13:00:00Z,56.0,2.0,1.0,1.0,1.0,1.0
2-3 дня,2026-08-09T04:59:03Z,2026-08-11T14:00:00Z,57.0,1.889,1.0,1.0,0.889,0.889
2-3 дня,2026-08-09T04:59:03Z,2026-08-11T15:00:00Z,58.0,5.389,1.0,1.0,4.389,4.389
2-3 дня,2026-08-09T04:59:03Z,2026-08-11T16:00:00Z,59.0,4.806,1.0,1.0,3.806,3.806
2-3 дня,2026-08-09T04:59:03Z,2026-08-11T17:00:00Z,60.0,3.5,1.0,1.0,2.5,2.5
2-3 дня,2026-08-09T04:59:03Z,2026-08-11T18:00:00Z,61.0,2.694,1.0,1.0,1.694,1.694
2-3 дня,2026-08-09T04:59:03Z,2026-08-11T19:00:00Z,62.0,2.389,1.0,1.0,1.389,1.389
2-3 дня,2026-08-09T04:59:03Z,2026-08-11T20:00:00Z,63.0,3.5,1.0,1.0,2.5,2.5
2-3 дня,2026-08-09T04:59:03Z,2026-08-11T21:00:00Z,64.0,5.0,1.0,1.0,4.0,4.0
2-3 дня,2026-08-09T10:19:29Z,2026-08-11T11:00:00Z,48.7,2.111,2.0,2.0,0.111,0.111
2-3 дня,2026-08-09T10:19:29Z,2026-08-11T12:00:00Z,49.7,2.0,2.0,2.0,0.0,0.0
2-3 дня,2026-08-09T10:19:29Z,2026-08-11T13:00:00Z,50.7,1.806,1.0,2.0,0.806,0.806
2-3 дня,2026-08-09T10:19:29Z,2026-08-11T14:00:00Z,51.7,1.5,1.0,2.0,0.5,0.5
2-3 дня,2026-08-09T10:19:29Z,2026-08-11T15:00:00Z,52.7,1.611,1.0,2.0,0.611,0.611
2-3 дня,2026-08-09T10:19:29Z,2026-08-11T16:00:00Z,53.7,1.389,1.0,2.0,0.389,0.389
2-3 дня,2026-08-09T10:19:29Z,2026-08-11T17:00:00Z,54.7,1.694,1.0,2.0,0.694,0.694
2-3 дня,2026-08-09T10:19:29Z,2026-08-11T18:00:00Z,55.7,1.806,1.0,2.0,0.806,0.806
2-3 дня,2026-08-09T10:19:29Z,2026-08-11T19:00:00Z,56.7,1.694,1.0,2.0,0.694,0.694
2-3 дня,2026-08-09T10:19:29Z,2026-08-11T20:00:00Z,57.7,1.389,1.0,2.0,0.389,0.389
2-3 дня,2026-08-09T10:19:29Z,2026-08-11T21:00:00Z,58.7,1.611,1.0,2.0,0.611,0.611
2-3 дня,2026-08-09T12:41:38Z,2026-08-11T13:00:00Z,48.3,1.806,1.0,2.0,0.806,0.806
2-3 дня,2026-08-09T12:41:38Z,2026-08-11T14:00:00Z,49.3,1.5,1.0,2.0,0.5,0.5
2-3 дня,2026-08-09T12:41:38Z,2026-08-11T15:00:00Z,50.3,1.611,1.0,2.0,0.611,0.611
2-3 дня,2026-08-09T12:41:38Z,2026-08-11T16:00:00Z,51.3,1.389,1.0,2.0,0.389,0.389
2-3 дня,2026-08-09T12:41:38Z,2026-08-11T17:00:00Z,52.3,1.694,1.0,2.0,0.694,0.694
2-3 дня,2026-08-09T12:41:38Z,2026-08-11T18:00:00Z,53.3,1.806,1.0,2.0,0.806,0.806
2-3 дня,2026-08-09T12:41:38Z,2026-08-11T19:00:00Z,54.3,1.694,1.0,2.0,0.694,0.694
2-3 дня,2026-08-09T12:41:38Z,2026-08-11T20:00:00Z,55.3,1.389,1.0,2.0,0.389,0.389
2-3 дня,2026-08-09T12:41:38Z,2026-08-11T21:00:00Z,56.3,1.611,1.0,2.0,0.611,0.611
2-3 дня,2026-08-09T12:45:53Z,2026-08-11T13:00:00Z,48.2,1.806,1.0,2.0,0.806,0.806
2-3 дня,2026-08-09T12:45:53Z,2026-08-11T14:00:00Z,49.2,1.5,1.0,2.0,0.5,0.5
2-3 дня,2026-08-09T12:45:53Z,2026-08-11T15:00:00Z,50.2,1.611,1.0,2.0,0.611,0.611
2-3 дня,2026-08-09T12:45:53Z,2026-08-11T16:00:00Z,51.2,1.389,1.0,2.0,0.389,0.389
2-3 дня,2026-08-09T12:45:53Z,2026-08-11T17:00:00Z,52.2,1.694,1.0,2.0,0.694,0.694
2-3 дня,2026-08-09T12:45:53Z,2026-08-11T18:00:00Z,53.2,1.806,1.0,2.0,0.806,0.806
2-3 дня,2026-08-09T12:45:53Z,2026-08-11T19:00:00Z,54.2,1.694,1.0,2.0,0.694,0.694
2-3 дня,2026-08-09T12:45:53Z,2026-08-11T20:00:00Z,55.2,1.389,1.0,2.0,0.389,0.389
2-3 дня,2026-08-09T12:45:53Z,2026-08-11T21:00:00Z,56.2,1.611,1.0,2.0,0.611,0.611
2-3 дня,2026-08-09T12:48:15Z,2026-08-11T13:00:00Z,48.2,1.806,1.0,2.0,0.806,0.806
2-3 дня,2026-08-09T12:48:15Z,2026-08-11T14:00:00Z,49.2,1.5,1.0,2.0,0.5,0.5
2-3 дня,2026-08-09T12:48:15Z,2026-08-11T15:00:00Z,50.2,1.611,1.0,2.0,0.611,0.611
2-3 дня,2026-08-09T12:48:15Z,2026-08-11T16:00:00Z,51.2,1.389,1.0,2.0,0.389,0.389
2-3 дня,2026-08-09T12:48:15Z,2026-08-11T17:00:00Z,52.2,1.694,1.0,2.0,0.694,0.694
2-3 дня,2026-08-09T12:48:15Z,2026-08-11T18:00:00Z,53.2,1.806,1.0,2.0,0.806,0.806
2-3 дня,2026-08-09T12:48:15Z,2026-08-11T19:00:00Z,54.2,1.694,1.0,2.0,0.694,0.694
2-3 дня,2026-08-09T12:48:15Z,2026-08-11T20:00:00Z,55.2,1.389,1.0,2.0,0.389,0.389
2-3 дня,2026-08-09T12:48:15Z,2026-08-11T21:00:00Z,56.2,1.611,1.0,2.0,0.611,0.611
2-3 дня,2026-08-09T16:31:44Z,2026-08-11T17:00:00Z,48.5,2.694,1.0,1.0,1.694,1.694
2-3 дня,2026-08-09T16:31:44Z,2026-08-11T18:00:00Z,49.5,2.111,1.0,1.0,1.111,1.111
2-3 дня,2026-08-09T16:31:44Z,2026-08-11T19:00:00Z,50.5,3.306,1.0,1.0,2.306,2.306
2-3 дня,2026-08-09T16:31:44Z,2026-08-11T20:00:00Z,51.5,4.389,1.0,1.0,3.389,3.389
2-3 дня,2026-08-09T16:31:44Z,2026-08-11T21:00:00Z,52.5,5.0,1.0,1.0,4.0,4.0
2-3 дня,2026-08-09T22:39:09Z,2026-08-11T23:00:00Z,48.3,4.889,2.0,1.0,2.889,2.889
2-3 дня,2026-08-09T22:39:09Z,2026-08-12T00:00:00Z,49.3,4.806,3.0,1.0,1.806,1.806
2-3 дня,2026-08-09T22:39:09Z,2026-08-12T01:00:00Z,50.3,4.694,4.0,1.0,0.694,0.694
2-3 дня,2026-08-09T22:39:09Z,2026-08-12T02:00:00Z,51.3,4.0,4.0,1.0,0.0,0.0
2-3 дня,2026-08-09T22:39:09Z,2026-08-12T03:00:00Z,52.3,2.5,4.0,1.0,-1.5,1.5
2-3 дня,2026-08-09T22:39:09Z,2026-08-12T04:00:00Z,53.3,2.389,2.0,1.0,0.389,0.389
2-3 дня,2026-08-09T22:39:09Z,2026-08-12T05:00:00Z,54.3,3.194,1.0,1.0,2.194,2.194
2-3 дня,2026-08-09T22:39:09Z,2026-08-12T06:00:00Z,55.3,4.0,1.0,1.0,3.0,3.0
2-3 дня,2026-08-09T22:39:09Z,2026-08-12T07:00:00Z,56.3,4.389,2.0,1.0,2.389,2.389
2-3 дня,2026-08-09T22:39:09Z,2026-08-12T08:00:00Z,57.3,5.0,1.0,1.0,4.0,4.0
2-3 дня,2026-08-09T22:39:09Z,2026-08-12T09:00:00Z,58.3,4.194,2.0,1.0,2.194,2.194
2-3 дня,2026-08-09T22:39:09Z,2026-08-12T10:00:00Z,59.3,3.694,2.0,1.0,1.694,1.694
2-3 дня,2026-08-09T22:39:09Z,2026-08-12T11:00:00Z,60.3,4.5,2.0,1.0,2.5,2.5
2-3 дня,2026-08-09T22:39:09Z,2026-08-12T12:00:00Z,61.3,5.111,2.0,1.0,3.111,3.111
2-3 дня,2026-08-09T22:39:09Z,2026-08-12T13:00:00Z,62.3,5.306,2.0,1.0,3.306,3.306
2-3 дня,2026-08-09T22:39:09Z,2026-08-12T14:00:00Z,63.3,5.389,2.0,1.0,3.389,3.389
2-3 дня,2026-08-09T22:39:09Z,2026-08-12T15:00:00Z,64.3,5.389,2.0,1.0,3.389,3.389
2-3 дня,2026-08-09T22:39:09Z,2026-08-12T16:00:00Z,65.3,5.389,2.0,1.0,3.389,3.389
2-3 дня,2026-08-09T22:39:09Z,2026-08-12T17:00:00Z,66.3,4.889,2.0,1.0,2.889,2.889
2-3 дня,2026-08-09T22:39:09Z,2026-08-12T18:00:00Z,67.3,4.111,2.0,1.0,2.111,2.111
2-3 дня,2026-08-09T22:39:09Z,2026-08-12T19:00:00Z,68.3,3.806,2.0,1.0,1.806,1.806
2-3 дня,2026-08-09T22:39:09Z,2026-08-12T20:00:00Z,69.3,3.611,2.0,1.0,1.611,1.611
2-3 дня,2026-08-09T22:39:09Z,2026-08-12T21:00:00Z,70.3,3.389,2.0,1.0,1.389,1.389
2-3 дня,2026-08-10T05:20:42Z,2026-08-12T06:00:00Z,48.7,3.194,1.0,2.0,2.194,2.194
2-3 дня,2026-08-10T05:20:42Z,2026-08-12T07:00:00Z,49.7,3.889,2.0,2.0,1.889,1.889
2-3 дня,2026-08-10T05:20:42Z,2026-08-12T08:00:00Z,50.7,4.194,1.0,2.0,3.194,3.194
2-3 дня,2026-08-10T05:20:42Z,2026-08-12T09:00:00Z,51.7,4.389,2.0,2.0,2.389,2.389
2-3 дня,2026-08-10T05:20:42Z,2026-08-12T10:00:00Z,52.7,4.694,2.0,2.0,2.694,2.694
2-3 дня,2026-08-10T05:20:42Z,2026-08-12T11:00:00Z,53.7,4.889,2.0,2.0,2.889,2.889
2-3 дня,2026-08-10T05:20:42Z,2026-08-12T12:00:00Z,54.7,5.194,2.0,2.0,3.194,3.194
2-3 дня,2026-08-10T05:20:42Z,2026-08-12T13:00:00Z,55.7,5.389,2.0,2.0,3.389,3.389
2-3 дня,2026-08-10T05:20:42Z,2026-08-12T14:00:00Z,56.7,5.611,2.0,2.0,3.611,3.611
2-3 дня,2026-08-10T05:20:42Z,2026-08-12T15:00:00Z,57.7,5.611,2.0,2.0,3.611,3.611
2-3 дня,2026-08-10T05:20:42Z,2026-08-12T16:00:00Z,58.7,5.806,2.0,2.0,3.806,3.806
2-3 дня,2026-08-10T05:20:42Z,2026-08-12T17:00:00Z,59.7,4.889,2.0,2.0,2.889,2.889
2-3 дня,2026-08-10T05:20:42Z,2026-08-12T18:00:00Z,60.7,3.694,2.0,2.0,1.694,1.694
2-3 дня,2026-08-10T05:20:42Z,2026-08-12T19:00:00Z,61.7,3.389,2.0,2.0,1.389,1.389
2-3 дня,2026-08-10T05:20:42Z,2026-08-12T20:00:00Z,62.7,3.111,2.0,2.0,1.111,1.111
2-3 дня,2026-08-10T05:20:42Z,2026-08-12T21:00:00Z,63.7,2.889,2.0,2.0,0.889,0.889
2-3 дня,2026-08-10T10:53:28Z,2026-08-12T11:00:00Z,48.1,5.194,2.0,3.0,3.194,3.194
2-3 дня,2026-08-10T10:53:28Z,2026-08-12T12:00:00Z,49.1,5.194,2.0,3.0,3.194,3.194
2-3 дня,2026-08-10T10:53:28Z,2026-08-12T13:00:00Z,50.1,5.194,2.0,3.0,3.194,3.194
2-3 дня,2026-08-10T10:53:28Z,2026-08-12T14:00:00Z,51.1,5.111,2.0,3.0,3.111,3.111
2-3 дня,2026-08-10T10:53:28Z,2026-08-12T15:00:00Z,52.1,5.194,2.0,3.0,3.194,3.194
2-3 дня,2026-08-10T10:53:28Z,2026-08-12T16:00:00Z,53.1,5.389,2.0,3.0,3.389,3.389
2-3 дня,2026-08-10T10:53:28Z,2026-08-12T17:00:00Z,54.1,4.889,2.0,3.0,2.889,2.889
2-3 дня,2026-08-10T10:53:28Z,2026-08-12T18:00:00Z,55.1,3.806,2.0,3.0,1.806,1.806
2-3 дня,2026-08-10T10:53:28Z,2026-08-12T19:00:00Z,56.1,3.5,2.0,3.0,1.5,1.5
2-3 дня,2026-08-10T10:53:28Z,2026-08-12T20:00:00Z,57.1,3.306,2.0,3.0,1.306,1.306
2-3 дня,2026-08-10T10:53:28Z,2026-08-12T21:00:00Z,58.1,3.194,2.0,3.0,1.194,1.194
2-3 дня,2026-08-10T16:52:05Z,2026-08-12T17:00:00Z,48.1,4.694,2.0,2.0,2.694,2.694
2-3 дня,2026-08-10T16:52:05Z,2026-08-12T18:00:00Z,49.1,3.611,2.0,2.0,1.611,1.611
2-3 дня,2026-08-10T16:52:05Z,2026-08-12T19:00:00Z,50.1,3.306,2.0,2.0,1.306,1.306
2-3 дня,2026-08-10T16:52:05Z,2026-08-12T20:00:00Z,51.1,3.0,2.0,2.0,1.0,1.0
2-3 дня,2026-08-10T16:52:05Z,2026-08-12T21:00:00Z,52.1,2.694,2.0,2.0,0.694,0.694
2-3 дня,2026-08-10T22:47:13Z,2026-08-12T23:00:00Z,48.2,2.306,2.0,2.0,0.306,0.306
2-3 дня,2026-08-10T22:47:13Z,2026-08-13T00:00:00Z,49.2,2.389,3.0,2.0,-0.611,0.611
2-3 дня,2026-08-10T22:47:13Z,2026-08-13T01:00:00Z,50.2,2.111,1.0,2.0,1.111,1.111
2-3 дня,2026-08-10T22:47:13Z,2026-08-13T02:00:00Z,51.2,1.611,1.0,2.0,0.611,0.611
2-3 дня,2026-08-10T22:47:13Z,2026-08-13T03:00:00Z,52.2,1.111,1.0,2.0,0.111,0.111
2-3 дня,2026-08-10T22:47:13Z,2026-08-13T04:00:00Z,53.2,1.306,2.0,2.0,-0.694,0.694
2-3 дня,2026-08-10T22:47:13Z,2026-08-13T05:00:00Z,54.2,1.5,3.0,2.0,-1.5,1.5
2-3 дня,2026-08-10T22:47:13Z,2026-08-13T06:00:00Z,55.2,2.111,2.0,2.0,0.111,0.111
2-3 дня,2026-08-10T22:47:13Z,2026-08-13T07:00:00Z,56.2,2.306,1.0,2.0,1.306,1.306
2-3 дня,2026-08-10T22:47:13Z,2026-08-13T08:00:00Z,57.2,2.5,2.0,2.0,0.5,0.5
2-3 дня,2026-08-10T22:47:13Z,2026-08-13T09:00:00Z,58.2,2.694,2.0,2.0,0.694,0.694
2-3 дня,2026-08-10T22:47:13Z,2026-08-13T10:00:00Z,59.2,2.889,2.0,2.0,0.889,0.889
2-3 дня,2026-08-10T22:47:13Z,2026-08-13T11:00:00Z,60.2,3.0,2.0,2.0,1.0,1.0
2-3 дня,2026-08-10T22:47:13Z,2026-08-13T12:00:00Z,61.2,3.194,3.0,2.0,0.194,0.194
2-3 дня,2026-08-10T22:47:13Z,2026-08-13T13:00:00Z,62.2,3.806,2.0,2.0,1.806,1.806
2-3 дня,2026-08-10T22:47:13Z,2026-08-13T14:00:00Z,63.2,3.889,3.0,2.0,0.889,0.889
2-3 дня,2026-08-10T22:47:13Z,2026-08-13T15:00:00Z,64.2,3.694,2.0,2.0,1.694,1.694
2-3 дня,2026-08-10T22:47:13Z,2026-08-13T16:00:00Z,65.2,4.0,3.0,2.0,1.0,1.0
2-3 дня,2026-08-10T22:47:13Z,2026-08-13T17:00:00Z,66.2,3.389,2.0,2.0,1.389,1.389
2-3 дня,2026-08-10T22:47:13Z,2026-08-13T18:00:00Z,67.2,2.806,1.0,2.0,1.806,1.806
2-3 дня,2026-08-10T22:47:13Z,2026-08-13T19:00:00Z,68.2,2.5,0.0,2.0,2.5,2.5
2-3 дня,2026-08-10T22:47:13Z,2026-08-13T20:00:00Z,69.2,2.0,1.0,2.0,1.0,1.0
2-3 дня,2026-08-10T22:47:13Z,2026-08-13T21:00:00Z,70.2,1.694,2.0,2.0,-0.306,0.306
2-3 дня,2026-08-11T05:01:49Z,2026-08-13T06:00:00Z,49.0,2.0,2.0,0.0,0.0,0.0
2-3 дня,2026-08-11T05:01:49Z,2026-08-13T07:00:00Z,50.0,2.306,1.0,0.0,1.306,1.306
2-3 дня,2026-08-11T05:01:49Z,2026-08-13T08:00:00Z,51.0,2.306,2.0,0.0,0.306,0.306
2-3 дня,2026-08-11T05:01:49Z,2026-08-13T09:00:00Z,52.0,2.611,2.0,0.0,0.611,0.611
2-3 дня,2026-08-11T05:01:49Z,2026-08-13T10:00:00Z,53.0,2.806,2.0,0.0,0.806,0.806
2-3 дня,2026-08-11T05:01:49Z,2026-08-13T11:00:00Z,54.0,2.889,2.0,0.0,0.889,0.889
2-3 дня,2026-08-11T05:01:49Z,2026-08-13T12:00:00Z,55.0,3.0,3.0,0.0,0.0,0.0
2-3 дня,2026-08-11T05:01:49Z,2026-08-13T13:00:00Z,56.0,3.194,2.0,0.0,1.194,1.194
2-3 дня,2026-08-11T05:01:49Z,2026-08-13T14:00:00Z,57.0,3.5,3.0,0.0,0.5,0.5
2-3 дня,2026-08-11T05:01:49Z,2026-08-13T15:00:00Z,58.0,3.889,2.0,0.0,1.889,1.889
2-3 дня,2026-08-11T05:01:49Z,2026-08-13T16:00:00Z,59.0,3.889,3.0,0.0,0.889,0.889
2-3 дня,2026-08-11T05:01:49Z,2026-08-13T17:00:00Z,60.0,3.5,2.0,0.0,1.5,1.5
2-3 дня,2026-08-11T05:01:49Z,2026-08-13T18:00:00Z,61.0,2.806,1.0,0.0,1.806,1.806
2-3 дня,2026-08-11T05:01:49Z,2026-08-13T19:00:00Z,62.0,2.389,0.0,0.0,2.389,2.389
2-3 дня,2026-08-11T05:01:49Z,2026-08-13T20:00:00Z,63.0,1.806,1.0,0.0,0.806,0.806
2-3 дня,2026-08-11T05:01:49Z,2026-08-13T21:00:00Z,64.0,1.5,2.0,0.0,-0.5,0.5
2-3 дня,2026-08-11T10:38:45Z,2026-08-13T11:00:00Z,48.4,3.389,2.0,2.0,1.389,1.389
2-3 дня,2026-08-11T10:38:45Z,2026-08-13T12:00:00Z,49.4,3.611,3.0,2.0,0.611,0.611
2-3 дня,2026-08-11T10:38:45Z,2026-08-13T13:00:00Z,50.4,3.694,2.0,2.0,1.694,1.694
2-3 дня,2026-08-11T10:38:45Z,2026-08-13T14:00:00Z,51.4,3.889,3.0,2.0,0.889,0.889
2-3 дня,2026-08-11T10:38:45Z,2026-08-13T15:00:00Z,52.4,4.0,2.0,2.0,2.0,2.0
2-3 дня,2026-08-11T10:38:45Z,2026-08-13T16:00:00Z,53.4,4.194,3.0,2.0,1.194,1.194
2-3 дня,2026-08-11T10:38:45Z,2026-08-13T17:00:00Z,54.4,3.5,2.0,2.0,1.5,1.5
2-3 дня,2026-08-11T10:38:45Z,2026-08-13T18:00:00Z,55.4,3.0,1.0,2.0,2.0,2.0
2-3 дня,2026-08-11T10:38:45Z,2026-08-13T19:00:00Z,56.4,2.5,0.0,2.0,2.5,2.5
2-3 дня,2026-08-11T10:38:45Z,2026-08-13T20:00:00Z,57.4,2.0,1.0,2.0,1.0,1.0
2-3 дня,2026-08-11T10:38:45Z,2026-08-13T21:00:00Z,58.4,2.194,2.0,2.0,0.194,0.194
2-3 дня,2026-08-12T06:05:22Z,2026-08-14T07:00:00Z,48.9,2.0,3.0,1.0,-1.0,1.0
2-3 дня,2026-08-12T06:05:22Z,2026-08-14T08:00:00Z,49.9,2.389,2.0,1.0,0.389,0.389
2-3 дня,2026-08-12T06:05:22Z,2026-08-14T09:00:00Z,50.9,2.5,2.0,1.0,0.5,0.5
2-3 дня,2026-08-12T06:05:22Z,2026-08-14T10:00:00Z,51.9,2.694,1.0,1.0,1.694,1.694
