# Архангельск / Облачность / 0-6ч, 6-24ч, 1-2 дня, 2-3 дня, 3-5 дней, 5-10 дней / JMA (Япония)
# n=6404, MAE=31.149, RMSE=40.331, bias=-18.966
# skill = 1 - (RMSE/RMSE_персистентности)^2 = 1 - (40.331/35.187)^2 = -0.3138  (RMSE_персистентности по 6404 пар(ам))
# persistence baseline = смешанный (разный по периодам в пуле) - выбран автоматически как более сильный (ниже RMSE) из двух кандидатов для этого периода, одинаково для всех источников
# «Общий» = объединённый пул пар из периодов: 0-6ч, 6-24ч, 1-2 дня, 2-3 дня, 3-5 дней, 5-10 дней - метрика посчитана заново по всему пулу, а не усреднена по периодам
#
bucket,fetched_at,valid_time,lead_hours,forecast,observed,persistence,error,abs_error
0-6ч,2026-08-06T09:50:07Z,2026-08-06T12:00:00Z,2.2,66.0,87.5,87.5,-21.5,21.5
0-6ч,2026-08-06T09:50:07Z,2026-08-06T15:00:00Z,5.2,76.0,87.5,87.5,-11.5,11.5
0-6ч,2026-08-06T09:59:18Z,2026-08-06T12:00:00Z,2.0,66.0,87.5,87.5,-21.5,21.5
0-6ч,2026-08-06T09:59:18Z,2026-08-06T15:00:00Z,5.0,76.0,87.5,87.5,-11.5,11.5
0-6ч,2026-08-06T10:08:26Z,2026-08-06T12:00:00Z,1.9,66.0,87.5,87.5,-21.5,21.5
0-6ч,2026-08-06T10:08:26Z,2026-08-06T15:00:00Z,4.9,76.0,87.5,87.5,-11.5,11.5
0-6ч,2026-08-06T10:47:54Z,2026-08-06T12:00:00Z,1.2,66.0,87.5,87.5,-21.5,21.5
0-6ч,2026-08-06T10:47:54Z,2026-08-06T15:00:00Z,4.2,76.0,87.5,87.5,-11.5,11.5
0-6ч,2026-08-06T11:30:42Z,2026-08-06T12:00:00Z,0.5,66.0,87.5,87.5,-21.5,21.5
0-6ч,2026-08-06T11:30:42Z,2026-08-06T15:00:00Z,3.5,76.0,87.5,87.5,-11.5,11.5
0-6ч,2026-08-06T11:36:01Z,2026-08-06T12:00:00Z,0.4,66.0,87.5,87.5,-21.5,21.5
0-6ч,2026-08-06T11:36:01Z,2026-08-06T15:00:00Z,3.4,76.0,87.5,87.5,-11.5,11.5
0-6ч,2026-08-06T11:44:08Z,2026-08-06T12:00:00Z,0.3,66.0,87.5,87.5,-21.5,21.5
0-6ч,2026-08-06T11:44:08Z,2026-08-06T15:00:00Z,3.3,76.0,87.5,87.5,-11.5,11.5
0-6ч,2026-08-07T01:31:32Z,2026-08-07T03:00:00Z,1.5,97.0,100.0,100.0,-3.0,3.0
0-6ч,2026-08-07T01:31:32Z,2026-08-07T06:00:00Z,4.5,90.0,100.0,100.0,-10.0,10.0
0-6ч,2026-08-07T05:36:00Z,2026-08-07T06:00:00Z,0.4,94.0,100.0,100.0,-6.0,6.0
0-6ч,2026-08-07T05:36:00Z,2026-08-07T09:00:00Z,3.4,88.0,100.0,100.0,-12.0,12.0
0-6ч,2026-08-07T06:18:59Z,2026-08-07T09:00:00Z,2.7,88.0,100.0,100.0,-12.0,12.0
0-6ч,2026-08-07T06:18:59Z,2026-08-07T12:00:00Z,5.7,77.0,87.5,100.0,-10.5,10.5
0-6ч,2026-08-07T07:13:52Z,2026-08-07T09:00:00Z,1.8,88.0,100.0,100.0,-12.0,12.0
0-6ч,2026-08-07T07:13:52Z,2026-08-07T12:00:00Z,4.8,77.0,87.5,100.0,-10.5,10.5
0-6ч,2026-08-07T10:39:14Z,2026-08-07T12:00:00Z,1.3,23.0,87.5,100.0,-64.5,64.5
0-6ч,2026-08-07T10:39:14Z,2026-08-07T15:00:00Z,4.3,23.0,87.5,100.0,-64.5,64.5
0-6ч,2026-08-07T16:51:54Z,2026-08-07T18:00:00Z,1.1,42.0,87.5,87.5,-45.5,45.5
0-6ч,2026-08-07T16:51:54Z,2026-08-07T21:00:00Z,4.1,46.0,87.5,87.5,-41.5,41.5
0-6ч,2026-08-07T22:45:57Z,2026-08-08T00:00:00Z,1.2,57.0,100.0,87.5,-43.0,43.0
0-6ч,2026-08-07T22:45:57Z,2026-08-08T03:00:00Z,4.2,54.0,100.0,87.5,-46.0,46.0
0-6ч,2026-08-07T23:19:23Z,2026-08-08T00:00:00Z,0.7,57.0,100.0,87.5,-43.0,43.0
0-6ч,2026-08-07T23:19:23Z,2026-08-08T03:00:00Z,3.7,54.0,100.0,87.5,-46.0,46.0
0-6ч,2026-08-08T04:50:53Z,2026-08-08T06:00:00Z,1.2,50.0,100.0,100.0,-50.0,50.0
0-6ч,2026-08-08T04:50:53Z,2026-08-08T09:00:00Z,4.2,54.0,100.0,100.0,-46.0,46.0
0-6ч,2026-08-08T10:18:13Z,2026-08-08T12:00:00Z,1.7,69.0,100.0,100.0,-31.0,31.0
0-6ч,2026-08-08T10:18:13Z,2026-08-08T15:00:00Z,4.7,64.0,87.5,100.0,-23.5,23.5
0-6ч,2026-08-08T22:37:20Z,2026-08-09T00:00:00Z,1.4,85.0,87.5,87.5,-2.5,2.5
0-6ч,2026-08-08T22:37:20Z,2026-08-09T03:00:00Z,4.4,59.0,100.0,87.5,-41.0,41.0
0-6ч,2026-08-09T04:59:03Z,2026-08-09T06:00:00Z,1.0,32.0,100.0,100.0,-68.0,68.0
0-6ч,2026-08-09T04:59:03Z,2026-08-09T09:00:00Z,4.0,41.0,75.0,100.0,-34.0,34.0
0-6ч,2026-08-09T10:19:29Z,2026-08-09T12:00:00Z,1.7,61.0,75.0,75.0,-14.0,14.0
0-6ч,2026-08-09T10:19:29Z,2026-08-09T15:00:00Z,4.7,62.0,87.5,75.0,-25.5,25.5
0-6ч,2026-08-09T12:41:38Z,2026-08-09T15:00:00Z,2.3,62.0,87.5,75.0,-25.5,25.5
0-6ч,2026-08-09T12:41:38Z,2026-08-09T18:00:00Z,5.3,56.0,75.0,75.0,-19.0,19.0
0-6ч,2026-08-09T12:45:53Z,2026-08-09T15:00:00Z,2.2,62.0,87.5,75.0,-25.5,25.5
0-6ч,2026-08-09T12:45:53Z,2026-08-09T18:00:00Z,5.2,56.0,75.0,75.0,-19.0,19.0
0-6ч,2026-08-09T12:48:15Z,2026-08-09T15:00:00Z,2.2,62.0,87.5,75.0,-25.5,25.5
0-6ч,2026-08-09T12:48:15Z,2026-08-09T18:00:00Z,5.2,56.0,75.0,75.0,-19.0,19.0
0-6ч,2026-08-09T16:31:44Z,2026-08-09T18:00:00Z,1.5,59.0,75.0,87.5,-16.0,16.0
0-6ч,2026-08-09T16:31:44Z,2026-08-09T21:00:00Z,4.5,37.0,37.5,87.5,-0.5,0.5
0-6ч,2026-08-09T22:39:09Z,2026-08-10T00:00:00Z,1.3,25.0,37.5,37.5,-12.5,12.5
0-6ч,2026-08-09T22:39:09Z,2026-08-10T03:00:00Z,4.3,44.0,87.5,37.5,-43.5,43.5
0-6ч,2026-08-10T05:20:42Z,2026-08-10T06:00:00Z,0.7,66.0,87.5,87.5,-21.5,21.5
0-6ч,2026-08-10T05:20:42Z,2026-08-10T09:00:00Z,3.7,73.0,87.5,87.5,-14.5,14.5
0-6ч,2026-08-10T10:53:28Z,2026-08-10T12:00:00Z,1.1,63.0,87.5,87.5,-24.5,24.5
0-6ч,2026-08-10T10:53:28Z,2026-08-10T15:00:00Z,4.1,58.0,87.5,87.5,-29.5,29.5
0-6ч,2026-08-10T16:52:05Z,2026-08-10T18:00:00Z,1.1,55.0,75.0,87.5,-20.0,20.0
0-6ч,2026-08-10T16:52:05Z,2026-08-10T21:00:00Z,4.1,52.0,100.0,87.5,-48.0,48.0
0-6ч,2026-08-10T22:47:13Z,2026-08-11T00:00:00Z,1.2,66.0,100.0,100.0,-34.0,34.0
0-6ч,2026-08-10T22:47:13Z,2026-08-11T03:00:00Z,4.2,47.0,12.5,100.0,34.5,34.5
0-6ч,2026-08-11T05:01:49Z,2026-08-11T06:00:00Z,1.0,39.0,75.0,12.5,-36.0,36.0
0-6ч,2026-08-11T05:01:49Z,2026-08-11T09:00:00Z,4.0,57.0,87.5,12.5,-30.5,30.5
0-6ч,2026-08-11T10:38:45Z,2026-08-11T12:00:00Z,1.4,75.0,87.5,87.5,-12.5,12.5
0-6ч,2026-08-11T10:38:45Z,2026-08-11T15:00:00Z,4.4,84.0,100.0,87.5,-16.0,16.0
0-6ч,2026-08-12T10:47:03Z,2026-08-12T12:00:00Z,1.2,95.0,100.0,100.0,-5.0,5.0
0-6ч,2026-08-12T10:47:03Z,2026-08-12T15:00:00Z,4.2,91.0,100.0,100.0,-9.0,9.0
0-6ч,2026-08-12T16:54:57Z,2026-08-12T18:00:00Z,1.1,95.0,100.0,100.0,-5.0,5.0
0-6ч,2026-08-12T16:54:57Z,2026-08-12T21:00:00Z,4.1,98.0,100.0,100.0,-2.0,2.0
0-6ч,2026-08-12T22:50:47Z,2026-08-13T00:00:00Z,1.2,98.0,100.0,100.0,-2.0,2.0
0-6ч,2026-08-12T22:50:47Z,2026-08-13T03:00:00Z,4.2,99.0,100.0,100.0,-1.0,1.0
0-6ч,2026-08-13T05:30:08Z,2026-08-13T06:00:00Z,0.5,100.0,100.0,100.0,0.0,0.0
0-6ч,2026-08-13T05:30:08Z,2026-08-13T09:00:00Z,3.5,100.0,100.0,100.0,0.0,0.0
0-6ч,2026-08-13T10:49:01Z,2026-08-13T12:00:00Z,1.2,99.0,100.0,100.0,-1.0,1.0
0-6ч,2026-08-13T10:49:01Z,2026-08-13T15:00:00Z,4.2,97.0,100.0,100.0,-3.0,3.0
0-6ч,2026-08-13T16:36:10Z,2026-08-13T18:00:00Z,1.4,100.0,100.0,100.0,0.0,0.0
0-6ч,2026-08-13T16:36:10Z,2026-08-13T21:00:00Z,4.4,94.0,100.0,100.0,-6.0,6.0
0-6ч,2026-08-13T16:42:24Z,2026-08-13T18:00:00Z,1.3,100.0,100.0,100.0,0.0,0.0
0-6ч,2026-08-13T16:42:24Z,2026-08-13T21:00:00Z,4.3,94.0,100.0,100.0,-6.0,6.0
0-6ч,2026-08-13T16:54:22Z,2026-08-13T18:00:00Z,1.1,100.0,100.0,100.0,0.0,0.0
0-6ч,2026-08-13T16:54:22Z,2026-08-13T21:00:00Z,4.1,94.0,100.0,100.0,-6.0,6.0
0-6ч,2026-08-13T22:52:17Z,2026-08-14T00:00:00Z,1.1,91.0,100.0,100.0,-9.0,9.0
0-6ч,2026-08-13T22:52:17Z,2026-08-14T03:00:00Z,4.1,86.0,100.0,100.0,-14.0,14.0
0-6ч,2026-08-14T05:28:14Z,2026-08-14T06:00:00Z,0.5,78.0,100.0,100.0,-22.0,22.0
0-6ч,2026-08-14T05:28:14Z,2026-08-14T09:00:00Z,3.5,83.0,100.0,100.0,-17.0,17.0
0-6ч,2026-08-14T10:44:54Z,2026-08-14T12:00:00Z,1.3,76.0,100.0,100.0,-24.0,24.0
0-6ч,2026-08-14T10:44:54Z,2026-08-14T15:00:00Z,4.3,53.0,87.5,100.0,-34.5,34.5
0-6ч,2026-08-14T16:48:33Z,2026-08-14T18:00:00Z,1.2,34.0,87.5,87.5,-53.5,53.5
0-6ч,2026-08-14T16:48:33Z,2026-08-14T21:00:00Z,4.2,37.0,87.5,87.5,-50.5,50.5
0-6ч,2026-08-14T22:30:55Z,2026-08-15T00:00:00Z,1.5,79.0,100.0,87.5,-21.0,21.0
0-6ч,2026-08-14T22:30:55Z,2026-08-15T03:00:00Z,4.5,82.0,87.5,87.5,-5.5,5.5
0-6ч,2026-08-15T04:24:15Z,2026-08-15T06:00:00Z,1.6,77.0,100.0,87.5,-23.0,23.0
0-6ч,2026-08-15T04:24:15Z,2026-08-15T09:00:00Z,4.6,79.0,100.0,87.5,-21.0,21.0
0-6ч,2026-08-15T10:09:15Z,2026-08-15T12:00:00Z,1.8,71.0,100.0,100.0,-29.0,29.0
0-6ч,2026-08-15T10:09:15Z,2026-08-15T15:00:00Z,4.8,70.0,100.0,100.0,-30.0,30.0
0-6ч,2026-08-15T22:29:33Z,2026-08-16T00:00:00Z,1.5,98.0,87.5,100.0,10.5,10.5
0-6ч,2026-08-15T22:29:33Z,2026-08-16T03:00:00Z,4.5,98.0,100.0,100.0,-2.0,2.0
0-6ч,2026-08-16T04:29:41Z,2026-08-16T06:00:00Z,1.5,89.0,100.0,100.0,-11.0,11.0
0-6ч,2026-08-16T04:29:41Z,2026-08-16T09:00:00Z,4.5,86.0,100.0,100.0,-14.0,14.0
0-6ч,2026-08-16T07:21:44Z,2026-08-16T09:00:00Z,1.6,86.0,100.0,100.0,-14.0,14.0
0-6ч,2026-08-16T07:21:44Z,2026-08-16T12:00:00Z,4.6,79.0,87.5,100.0,-8.5,8.5
0-6ч,2026-08-16T10:09:47Z,2026-08-16T12:00:00Z,1.8,61.0,87.5,100.0,-26.5,26.5
0-6ч,2026-08-16T10:09:47Z,2026-08-16T15:00:00Z,4.8,46.0,87.5,100.0,-41.5,41.5
0-6ч,2026-08-16T16:21:00Z,2026-08-16T18:00:00Z,1.6,32.0,25.0,87.5,7.0,7.0
0-6ч,2026-08-16T16:21:00Z,2026-08-16T21:00:00Z,4.7,21.0,25.0,87.5,-4.0,4.0
0-6ч,2026-08-16T22:29:34Z,2026-08-17T00:00:00Z,1.5,3.0,12.5,25.0,-9.5,9.5
0-6ч,2026-08-16T22:29:34Z,2026-08-17T03:00:00Z,4.5,0.0,12.5,25.0,-12.5,12.5
0-6ч,2026-08-17T04:35:30Z,2026-08-17T06:00:00Z,1.4,0.0,75.0,12.5,-75.0,75.0
0-6ч,2026-08-17T04:35:30Z,2026-08-17T09:00:00Z,4.4,0.0,75.0,12.5,-75.0,75.0
0-6ч,2026-08-17T10:18:11Z,2026-08-17T12:00:00Z,1.7,0.0,75.0,75.0,-75.0,75.0
0-6ч,2026-08-17T10:18:11Z,2026-08-17T15:00:00Z,4.7,39.0,75.0,75.0,-36.0,36.0
0-6ч,2026-08-17T16:23:45Z,2026-08-17T18:00:00Z,1.6,79.0,87.5,75.0,-8.5,8.5
0-6ч,2026-08-17T16:23:45Z,2026-08-17T21:00:00Z,4.6,90.0,87.5,75.0,2.5,2.5
0-6ч,2026-08-17T22:31:28Z,2026-08-18T00:00:00Z,1.5,87.0,100.0,87.5,-13.0,13.0
0-6ч,2026-08-17T22:31:28Z,2026-08-18T03:00:00Z,4.5,74.0,37.5,87.5,36.5,36.5
0-6ч,2026-08-18T04:30:05Z,2026-08-18T06:00:00Z,1.5,75.0,87.5,37.5,-12.5,12.5
0-6ч,2026-08-18T04:30:05Z,2026-08-18T09:00:00Z,4.5,74.0,87.5,37.5,-13.5,13.5
0-6ч,2026-08-18T10:14:55Z,2026-08-18T12:00:00Z,1.8,70.0,100.0,87.5,-30.0,30.0
0-6ч,2026-08-18T10:14:55Z,2026-08-18T15:00:00Z,4.8,61.0,75.0,87.5,-14.0,14.0
0-6ч,2026-08-18T16:27:50Z,2026-08-18T18:00:00Z,1.5,33.0,25.0,75.0,8.0,8.0
0-6ч,2026-08-18T16:27:50Z,2026-08-18T21:00:00Z,4.5,22.0,12.5,75.0,9.5,9.5
0-6ч,2026-08-18T22:31:39Z,2026-08-19T00:00:00Z,1.5,5.0,87.5,12.5,-82.5,82.5
0-6ч,2026-08-18T22:31:39Z,2026-08-19T03:00:00Z,4.5,43.0,100.0,12.5,-57.0,57.0
0-6ч,2026-08-19T04:31:14Z,2026-08-19T06:00:00Z,1.5,63.0,100.0,100.0,-37.0,37.0
0-6ч,2026-08-19T04:31:14Z,2026-08-19T09:00:00Z,4.5,69.0,87.5,100.0,-18.5,18.5
0-6ч,2026-08-19T10:14:48Z,2026-08-19T12:00:00Z,1.8,69.0,87.5,87.5,-18.5,18.5
0-6ч,2026-08-19T10:14:48Z,2026-08-19T15:00:00Z,4.8,81.0,100.0,87.5,-19.0,19.0
0-6ч,2026-08-19T16:28:17Z,2026-08-19T18:00:00Z,1.5,90.0,100.0,100.0,-10.0,10.0
0-6ч,2026-08-19T16:28:17Z,2026-08-19T21:00:00Z,4.5,91.0,100.0,100.0,-9.0,9.0
0-6ч,2026-08-20T04:31:56Z,2026-08-20T06:00:00Z,1.5,95.0,100.0,75.0,-5.0,5.0
0-6ч,2026-08-20T04:31:56Z,2026-08-20T09:00:00Z,4.5,83.0,100.0,75.0,-17.0,17.0
0-6ч,2026-08-20T10:16:10Z,2026-08-20T12:00:00Z,1.7,76.0,87.5,100.0,-11.5,11.5
0-6ч,2026-08-20T10:16:10Z,2026-08-20T15:00:00Z,4.7,63.0,87.5,100.0,-24.5,24.5
0-6ч,2026-08-20T16:31:45Z,2026-08-20T18:00:00Z,1.5,62.0,100.0,87.5,-38.0,38.0
0-6ч,2026-08-20T16:31:45Z,2026-08-20T21:00:00Z,4.5,75.0,100.0,87.5,-25.0,25.0
0-6ч,2026-08-20T22:34:58Z,2026-08-21T00:00:00Z,1.4,80.0,87.5,100.0,-7.5,7.5
0-6ч,2026-08-20T22:34:58Z,2026-08-21T03:00:00Z,4.4,50.0,87.5,100.0,-37.5,37.5
0-6ч,2026-08-21T04:32:20Z,2026-08-21T06:00:00Z,1.5,25.0,62.5,87.5,-37.5,37.5
0-6ч,2026-08-21T04:32:20Z,2026-08-21T09:00:00Z,4.5,38.0,75.0,87.5,-37.0,37.0
0-6ч,2026-08-21T10:16:50Z,2026-08-21T12:00:00Z,1.7,57.0,87.5,75.0,-30.5,30.5
0-6ч,2026-08-21T10:16:50Z,2026-08-21T15:00:00Z,4.7,70.0,87.5,75.0,-17.5,17.5
0-6ч,2026-08-21T16:30:34Z,2026-08-21T18:00:00Z,1.5,76.0,100.0,87.5,-24.0,24.0
0-6ч,2026-08-21T16:30:34Z,2026-08-21T21:00:00Z,4.5,75.0,100.0,87.5,-25.0,25.0
0-6ч,2026-08-21T22:32:12Z,2026-08-22T00:00:00Z,1.5,85.0,100.0,100.0,-15.0,15.0
0-6ч,2026-08-21T22:32:12Z,2026-08-22T03:00:00Z,4.5,88.0,100.0,100.0,-12.0,12.0
0-6ч,2026-08-22T04:26:43Z,2026-08-22T06:00:00Z,1.6,83.0,100.0,100.0,-17.0,17.0
0-6ч,2026-08-22T04:26:43Z,2026-08-22T09:00:00Z,4.6,79.0,87.5,100.0,-8.5,8.5
0-6ч,2026-08-22T10:09:41Z,2026-08-22T12:00:00Z,1.8,56.0,75.0,87.5,-19.0,19.0
0-6ч,2026-08-22T10:09:41Z,2026-08-22T15:00:00Z,4.8,34.0,87.5,87.5,-53.5,53.5
0-6ч,2026-08-22T16:20:08Z,2026-08-22T18:00:00Z,1.7,27.0,87.5,87.5,-60.5,60.5
0-6ч,2026-08-22T16:20:08Z,2026-08-22T21:00:00Z,4.7,61.0,87.5,87.5,-26.5,26.5
0-6ч,2026-08-22T22:29:28Z,2026-08-23T03:00:00Z,4.5,100.0,37.5,87.5,62.5,62.5
0-6ч,2026-08-23T04:31:06Z,2026-08-23T06:00:00Z,1.5,100.0,87.5,37.5,12.5,12.5
0-6ч,2026-08-23T04:31:06Z,2026-08-23T09:00:00Z,4.5,100.0,87.5,37.5,12.5,12.5
0-6ч,2026-08-23T10:10:14Z,2026-08-23T12:00:00Z,1.8,100.0,100.0,87.5,0.0,0.0
0-6ч,2026-08-23T10:10:14Z,2026-08-23T15:00:00Z,4.8,94.0,100.0,87.5,-6.0,6.0
0-6ч,2026-08-23T16:21:17Z,2026-08-23T18:00:00Z,1.6,88.0,100.0,100.0,-12.0,12.0
0-6ч,2026-08-23T16:21:17Z,2026-08-23T21:00:00Z,4.6,88.0,100.0,100.0,-12.0,12.0
0-6ч,2026-08-23T22:29:36Z,2026-08-24T00:00:00Z,1.5,93.0,100.0,100.0,-7.0,7.0
0-6ч,2026-08-23T22:29:36Z,2026-08-24T03:00:00Z,4.5,97.0,100.0,100.0,-3.0,3.0
0-6ч,2026-08-24T04:38:48Z,2026-08-24T06:00:00Z,1.4,93.0,100.0,100.0,-7.0,7.0
0-6ч,2026-08-24T04:38:48Z,2026-08-24T09:00:00Z,4.4,82.0,100.0,100.0,-18.0,18.0
0-6ч,2026-08-24T10:24:38Z,2026-08-24T12:00:00Z,1.6,75.0,100.0,100.0,-25.0,25.0
0-6ч,2026-08-24T10:24:38Z,2026-08-24T15:00:00Z,4.6,70.0,100.0,100.0,-30.0,30.0
0-6ч,2026-08-24T16:34:00Z,2026-08-24T18:00:00Z,1.4,72.0,100.0,100.0,-28.0,28.0
0-6ч,2026-08-24T16:34:00Z,2026-08-24T21:00:00Z,4.4,75.0,100.0,100.0,-25.0,25.0
0-6ч,2026-08-24T22:34:40Z,2026-08-25T00:00:00Z,1.4,85.0,100.0,100.0,-15.0,15.0
0-6ч,2026-08-24T22:34:40Z,2026-08-25T03:00:00Z,4.4,90.0,100.0,100.0,-10.0,10.0
0-6ч,2026-08-25T04:33:15Z,2026-08-25T06:00:00Z,1.4,86.0,100.0,100.0,-14.0,14.0
0-6ч,2026-08-25T04:33:15Z,2026-08-25T09:00:00Z,4.4,85.0,100.0,100.0,-15.0,15.0
0-6ч,2026-08-25T10:18:20Z,2026-08-25T12:00:00Z,1.7,83.0,87.5,100.0,-4.5,4.5
0-6ч,2026-08-25T10:18:20Z,2026-08-25T15:00:00Z,4.7,67.0,87.5,100.0,-20.5,20.5
0-6ч,2026-08-25T16:33:53Z,2026-08-25T18:00:00Z,1.4,58.0,87.5,87.5,-29.5,29.5
0-6ч,2026-08-25T16:33:53Z,2026-08-25T21:00:00Z,4.4,31.0,12.5,87.5,18.5,18.5
0-6ч,2026-08-25T22:34:48Z,2026-08-26T00:00:00Z,1.4,20.0,75.0,12.5,-55.0,55.0
0-6ч,2026-08-25T22:34:48Z,2026-08-26T03:00:00Z,4.4,45.0,87.5,12.5,-42.5,42.5
0-6ч,2026-08-26T04:34:15Z,2026-08-26T06:00:00Z,1.4,63.0,87.5,87.5,-24.5,24.5
0-6ч,2026-08-26T04:34:15Z,2026-08-26T09:00:00Z,4.4,84.0,100.0,87.5,-16.0,16.0
0-6ч,2026-08-26T10:21:58Z,2026-08-26T12:00:00Z,1.6,92.0,100.0,100.0,-8.0,8.0
0-6ч,2026-08-26T10:21:58Z,2026-08-26T15:00:00Z,4.6,75.0,25.0,100.0,50.0,50.0
0-6ч,2026-08-26T16:46:17Z,2026-08-26T18:00:00Z,1.2,39.0,12.5,25.0,26.5,26.5
0-6ч,2026-08-26T16:46:17Z,2026-08-26T21:00:00Z,4.2,19.0,12.5,25.0,6.5,6.5
0-6ч,2026-08-27T03:02:51Z,2026-08-27T06:00:00Z,3.0,13.0,87.5,87.5,-74.5,74.5
0-6ч,2026-08-27T03:02:51Z,2026-08-27T09:00:00Z,6.0,30.0,87.5,87.5,-57.5,57.5
0-6ч,2026-08-27T14:55:44Z,2026-08-27T15:00:00Z,0.1,40.0,37.5,75.0,2.5,2.5
0-6ч,2026-08-27T14:55:44Z,2026-08-27T18:00:00Z,3.1,67.0,87.5,75.0,-20.5,20.5
0-6ч,2026-08-27T20:01:22Z,2026-08-27T21:00:00Z,1.0,39.0,25.0,87.5,14.0,14.0
0-6ч,2026-08-27T20:01:22Z,2026-08-28T00:00:00Z,4.0,17.0,100.0,87.5,-83.0,83.0
0-6ч,2026-08-28T00:44:37Z,2026-08-28T03:00:00Z,2.3,23.0,12.5,100.0,10.5,10.5
0-6ч,2026-08-28T00:44:37Z,2026-08-28T06:00:00Z,5.3,32.0,87.5,100.0,-55.5,55.5
0-6ч,2026-08-28T06:03:31Z,2026-08-28T09:00:00Z,2.9,50.0,75.0,87.5,-25.0,25.0
0-6ч,2026-08-28T06:03:31Z,2026-08-28T12:00:00Z,5.9,59.0,75.0,87.5,-16.0,16.0
0-6ч,2026-08-28T15:51:06Z,2026-08-28T18:00:00Z,2.1,19.0,0.0,25.0,19.0,19.0
0-6ч,2026-08-28T15:51:06Z,2026-08-28T21:00:00Z,5.1,48.0,50.0,25.0,-2.0,2.0
0-6ч,2026-08-29T00:23:24Z,2026-08-29T03:00:00Z,2.6,48.0,0.0,0.0,48.0,48.0
0-6ч,2026-08-29T00:23:24Z,2026-08-29T06:00:00Z,5.6,17.0,12.5,0.0,4.5,4.5
0-6ч,2026-08-29T03:37:28Z,2026-08-29T06:00:00Z,2.4,17.0,12.5,0.0,4.5,4.5
0-6ч,2026-08-29T03:37:28Z,2026-08-29T09:00:00Z,5.4,18.0,12.5,0.0,5.5,5.5
0-6ч,2026-08-29T10:40:21Z,2026-08-29T12:00:00Z,1.3,7.0,0.0,12.5,7.0,7.0
0-6ч,2026-08-29T10:40:21Z,2026-08-29T15:00:00Z,4.3,5.0,12.5,12.5,-7.5,7.5
0-6ч,2026-08-29T14:43:22Z,2026-08-29T15:00:00Z,0.3,5.0,12.5,0.0,-7.5,7.5
0-6ч,2026-08-29T14:43:22Z,2026-08-29T18:00:00Z,3.3,4.0,12.5,0.0,-8.5,8.5
0-6ч,2026-08-29T19:10:40Z,2026-08-29T21:00:00Z,1.8,10.0,0.0,12.5,10.0,10.0
0-6ч,2026-08-29T19:10:40Z,2026-08-30T00:00:00Z,4.8,25.0,87.5,12.5,-62.5,62.5
0-6ч,2026-08-30T00:04:13Z,2026-08-30T03:00:00Z,2.9,71.0,87.5,87.5,-16.5,16.5
0-6ч,2026-08-30T00:04:13Z,2026-08-30T06:00:00Z,5.9,69.0,87.5,87.5,-18.5,18.5
0-6ч,2026-08-30T09:40:19Z,2026-08-30T12:00:00Z,2.3,43.0,25.0,25.0,18.0,18.0
6-24ч,2026-08-06T09:50:07Z,2026-08-06T18:00:00Z,8.2,82.0,100.0,87.5,-18.0,18.0
6-24ч,2026-08-06T09:50:07Z,2026-08-06T21:00:00Z,11.2,92.0,100.0,87.5,-8.0,8.0
6-24ч,2026-08-06T09:50:07Z,2026-08-07T00:00:00Z,14.2,99.0,100.0,87.5,-1.0,1.0
6-24ч,2026-08-06T09:50:07Z,2026-08-07T03:00:00Z,17.2,96.0,100.0,87.5,-4.0,4.0
6-24ч,2026-08-06T09:50:07Z,2026-08-07T06:00:00Z,20.2,87.0,100.0,87.5,-13.0,13.0
6-24ч,2026-08-06T09:50:07Z,2026-08-07T09:00:00Z,23.2,68.0,100.0,87.5,-32.0,32.0
6-24ч,2026-08-06T09:59:18Z,2026-08-06T18:00:00Z,8.0,82.0,100.0,87.5,-18.0,18.0
6-24ч,2026-08-06T09:59:18Z,2026-08-06T21:00:00Z,11.0,92.0,100.0,87.5,-8.0,8.0
6-24ч,2026-08-06T09:59:18Z,2026-08-07T00:00:00Z,14.0,99.0,100.0,87.5,-1.0,1.0
6-24ч,2026-08-06T09:59:18Z,2026-08-07T03:00:00Z,17.0,96.0,100.0,87.5,-4.0,4.0
6-24ч,2026-08-06T09:59:18Z,2026-08-07T06:00:00Z,20.0,87.0,100.0,87.5,-13.0,13.0
6-24ч,2026-08-06T09:59:18Z,2026-08-07T09:00:00Z,23.0,68.0,100.0,87.5,-32.0,32.0
6-24ч,2026-08-06T10:08:26Z,2026-08-06T18:00:00Z,7.9,82.0,100.0,87.5,-18.0,18.0
6-24ч,2026-08-06T10:08:26Z,2026-08-06T21:00:00Z,10.9,92.0,100.0,87.5,-8.0,8.0
6-24ч,2026-08-06T10:08:26Z,2026-08-07T00:00:00Z,13.9,99.0,100.0,87.5,-1.0,1.0
6-24ч,2026-08-06T10:08:26Z,2026-08-07T03:00:00Z,16.9,96.0,100.0,87.5,-4.0,4.0
6-24ч,2026-08-06T10:08:26Z,2026-08-07T06:00:00Z,19.9,87.0,100.0,87.5,-13.0,13.0
6-24ч,2026-08-06T10:08:26Z,2026-08-07T09:00:00Z,22.9,68.0,100.0,87.5,-32.0,32.0
6-24ч,2026-08-06T10:47:54Z,2026-08-06T18:00:00Z,7.2,82.0,100.0,87.5,-18.0,18.0
6-24ч,2026-08-06T10:47:54Z,2026-08-06T21:00:00Z,10.2,92.0,100.0,87.5,-8.0,8.0
6-24ч,2026-08-06T10:47:54Z,2026-08-07T00:00:00Z,13.2,99.0,100.0,87.5,-1.0,1.0
6-24ч,2026-08-06T10:47:54Z,2026-08-07T03:00:00Z,16.2,96.0,100.0,87.5,-4.0,4.0
6-24ч,2026-08-06T10:47:54Z,2026-08-07T06:00:00Z,19.2,87.0,100.0,87.5,-13.0,13.0
6-24ч,2026-08-06T10:47:54Z,2026-08-07T09:00:00Z,22.2,68.0,100.0,87.5,-32.0,32.0
6-24ч,2026-08-06T11:30:42Z,2026-08-06T18:00:00Z,6.5,82.0,100.0,87.5,-18.0,18.0
6-24ч,2026-08-06T11:30:42Z,2026-08-06T21:00:00Z,9.5,92.0,100.0,87.5,-8.0,8.0
6-24ч,2026-08-06T11:30:42Z,2026-08-07T00:00:00Z,12.5,99.0,100.0,87.5,-1.0,1.0
6-24ч,2026-08-06T11:30:42Z,2026-08-07T03:00:00Z,15.5,96.0,100.0,87.5,-4.0,4.0
6-24ч,2026-08-06T11:30:42Z,2026-08-07T06:00:00Z,18.5,87.0,100.0,87.5,-13.0,13.0
6-24ч,2026-08-06T11:30:42Z,2026-08-07T09:00:00Z,21.5,68.0,100.0,87.5,-32.0,32.0
6-24ч,2026-08-06T11:36:01Z,2026-08-06T18:00:00Z,6.4,82.0,100.0,87.5,-18.0,18.0
6-24ч,2026-08-06T11:36:01Z,2026-08-06T21:00:00Z,9.4,92.0,100.0,87.5,-8.0,8.0
6-24ч,2026-08-06T11:36:01Z,2026-08-07T00:00:00Z,12.4,99.0,100.0,87.5,-1.0,1.0
6-24ч,2026-08-06T11:36:01Z,2026-08-07T03:00:00Z,15.4,96.0,100.0,87.5,-4.0,4.0
6-24ч,2026-08-06T11:36:01Z,2026-08-07T06:00:00Z,18.4,87.0,100.0,87.5,-13.0,13.0
6-24ч,2026-08-06T11:36:01Z,2026-08-07T09:00:00Z,21.4,68.0,100.0,87.5,-32.0,32.0
6-24ч,2026-08-06T11:44:08Z,2026-08-06T18:00:00Z,6.3,82.0,100.0,87.5,-18.0,18.0
6-24ч,2026-08-06T11:44:08Z,2026-08-06T21:00:00Z,9.3,92.0,100.0,87.5,-8.0,8.0
6-24ч,2026-08-06T11:44:08Z,2026-08-07T00:00:00Z,12.3,99.0,100.0,87.5,-1.0,1.0
6-24ч,2026-08-06T11:44:08Z,2026-08-07T03:00:00Z,15.3,96.0,100.0,87.5,-4.0,4.0
6-24ч,2026-08-06T11:44:08Z,2026-08-07T06:00:00Z,18.3,87.0,100.0,87.5,-13.0,13.0
6-24ч,2026-08-06T11:44:08Z,2026-08-07T09:00:00Z,21.3,68.0,100.0,87.5,-32.0,32.0
6-24ч,2026-08-07T01:31:32Z,2026-08-07T09:00:00Z,7.5,62.0,100.0,100.0,-38.0,38.0
6-24ч,2026-08-07T01:31:32Z,2026-08-07T12:00:00Z,10.5,35.0,87.5,100.0,-52.5,52.5
6-24ч,2026-08-07T01:31:32Z,2026-08-07T15:00:00Z,13.5,34.0,87.5,100.0,-53.5,53.5
6-24ч,2026-08-07T01:31:32Z,2026-08-07T18:00:00Z,16.5,40.0,87.5,100.0,-47.5,47.5
6-24ч,2026-08-07T01:31:32Z,2026-08-07T21:00:00Z,19.5,43.0,87.5,100.0,-44.5,44.5
6-24ч,2026-08-07T01:31:32Z,2026-08-08T00:00:00Z,22.5,48.0,100.0,100.0,-52.0,52.0
6-24ч,2026-08-07T05:36:00Z,2026-08-07T12:00:00Z,6.4,77.0,87.5,100.0,-10.5,10.5
6-24ч,2026-08-07T05:36:00Z,2026-08-07T15:00:00Z,9.4,55.0,87.5,100.0,-32.5,32.5
6-24ч,2026-08-07T05:36:00Z,2026-08-07T18:00:00Z,12.4,37.0,87.5,100.0,-50.5,50.5
6-24ч,2026-08-07T05:36:00Z,2026-08-07T21:00:00Z,15.4,37.0,87.5,100.0,-50.5,50.5
6-24ч,2026-08-07T05:36:00Z,2026-08-08T00:00:00Z,18.4,45.0,100.0,100.0,-55.0,55.0
6-24ч,2026-08-07T05:36:00Z,2026-08-08T03:00:00Z,21.4,55.0,100.0,100.0,-45.0,45.0
6-24ч,2026-08-07T06:18:59Z,2026-08-07T15:00:00Z,8.7,55.0,87.5,100.0,-32.5,32.5
6-24ч,2026-08-07T06:18:59Z,2026-08-07T18:00:00Z,11.7,37.0,87.5,100.0,-50.5,50.5
6-24ч,2026-08-07T06:18:59Z,2026-08-07T21:00:00Z,14.7,37.0,87.5,100.0,-50.5,50.5
6-24ч,2026-08-07T06:18:59Z,2026-08-08T00:00:00Z,17.7,45.0,100.0,100.0,-55.0,55.0
6-24ч,2026-08-07T06:18:59Z,2026-08-08T03:00:00Z,20.7,55.0,100.0,100.0,-45.0,45.0
6-24ч,2026-08-07T06:18:59Z,2026-08-08T06:00:00Z,23.7,64.0,100.0,100.0,-36.0,36.0
6-24ч,2026-08-07T07:13:52Z,2026-08-07T15:00:00Z,7.8,55.0,87.5,100.0,-32.5,32.5
6-24ч,2026-08-07T07:13:52Z,2026-08-07T18:00:00Z,10.8,37.0,87.5,100.0,-50.5,50.5
6-24ч,2026-08-07T07:13:52Z,2026-08-07T21:00:00Z,13.8,37.0,87.5,100.0,-50.5,50.5
6-24ч,2026-08-07T07:13:52Z,2026-08-08T00:00:00Z,16.8,45.0,100.0,100.0,-55.0,55.0
6-24ч,2026-08-07T07:13:52Z,2026-08-08T03:00:00Z,19.8,55.0,100.0,100.0,-45.0,45.0
6-24ч,2026-08-07T07:13:52Z,2026-08-08T06:00:00Z,22.8,64.0,100.0,100.0,-36.0,36.0
6-24ч,2026-08-07T10:39:14Z,2026-08-07T18:00:00Z,7.3,34.0,87.5,100.0,-53.5,53.5
6-24ч,2026-08-07T10:39:14Z,2026-08-07T21:00:00Z,10.3,44.0,87.5,100.0,-43.5,43.5
6-24ч,2026-08-07T10:39:14Z,2026-08-08T00:00:00Z,13.3,56.0,100.0,100.0,-44.0,44.0
6-24ч,2026-08-07T10:39:14Z,2026-08-08T03:00:00Z,16.3,71.0,100.0,100.0,-29.0,29.0
6-24ч,2026-08-07T10:39:14Z,2026-08-08T06:00:00Z,19.3,79.0,100.0,100.0,-21.0,21.0
6-24ч,2026-08-07T10:39:14Z,2026-08-08T09:00:00Z,22.3,66.0,100.0,100.0,-34.0,34.0
6-24ч,2026-08-07T16:51:54Z,2026-08-08T00:00:00Z,7.1,54.0,100.0,87.5,-46.0,46.0
6-24ч,2026-08-07T16:51:54Z,2026-08-08T03:00:00Z,10.1,78.0,100.0,87.5,-22.0,22.0
6-24ч,2026-08-07T16:51:54Z,2026-08-08T06:00:00Z,13.1,96.0,100.0,87.5,-4.0,4.0
6-24ч,2026-08-07T16:51:54Z,2026-08-08T09:00:00Z,16.1,77.0,100.0,87.5,-23.0,23.0
6-24ч,2026-08-07T16:51:54Z,2026-08-08T12:00:00Z,19.1,55.0,100.0,87.5,-45.0,45.0
6-24ч,2026-08-07T16:51:54Z,2026-08-08T15:00:00Z,22.1,59.0,87.5,87.5,-28.5,28.5
6-24ч,2026-08-07T22:45:57Z,2026-08-08T06:00:00Z,7.2,52.0,100.0,87.5,-48.0,48.0
6-24ч,2026-08-07T22:45:57Z,2026-08-08T09:00:00Z,10.2,61.0,100.0,87.5,-39.0,39.0
6-24ч,2026-08-07T22:45:57Z,2026-08-08T12:00:00Z,13.2,69.0,100.0,87.5,-31.0,31.0
6-24ч,2026-08-07T22:45:57Z,2026-08-08T15:00:00Z,16.2,67.0,87.5,87.5,-20.5,20.5
6-24ч,2026-08-07T22:45:57Z,2026-08-08T18:00:00Z,19.2,63.0,100.0,87.5,-37.0,37.0
6-24ч,2026-08-07T22:45:57Z,2026-08-08T21:00:00Z,22.2,63.0,87.5,87.5,-24.5,24.5
6-24ч,2026-08-07T23:19:23Z,2026-08-08T06:00:00Z,6.7,52.0,100.0,87.5,-48.0,48.0
6-24ч,2026-08-07T23:19:23Z,2026-08-08T09:00:00Z,9.7,61.0,100.0,87.5,-39.0,39.0
6-24ч,2026-08-07T23:19:23Z,2026-08-08T12:00:00Z,12.7,69.0,100.0,87.5,-31.0,31.0
6-24ч,2026-08-07T23:19:23Z,2026-08-08T15:00:00Z,15.7,67.0,87.5,87.5,-20.5,20.5
6-24ч,2026-08-07T23:19:23Z,2026-08-08T18:00:00Z,18.7,63.0,100.0,87.5,-37.0,37.0
6-24ч,2026-08-07T23:19:23Z,2026-08-08T21:00:00Z,21.7,63.0,87.5,87.5,-24.5,24.5
6-24ч,2026-08-08T04:50:53Z,2026-08-08T12:00:00Z,7.2,60.0,100.0,100.0,-40.0,40.0
6-24ч,2026-08-08T04:50:53Z,2026-08-08T15:00:00Z,10.2,61.0,87.5,100.0,-26.5,26.5
6-24ч,2026-08-08T04:50:53Z,2026-08-08T18:00:00Z,13.2,61.0,100.0,100.0,-39.0,39.0
6-24ч,2026-08-08T04:50:53Z,2026-08-08T21:00:00Z,16.2,60.0,87.5,100.0,-27.5,27.5
6-24ч,2026-08-08T04:50:53Z,2026-08-09T00:00:00Z,19.2,57.0,87.5,100.0,-30.5,30.5
6-24ч,2026-08-08T04:50:53Z,2026-08-09T03:00:00Z,22.2,46.0,100.0,100.0,-54.0,54.0
6-24ч,2026-08-08T10:18:13Z,2026-08-08T18:00:00Z,7.7,57.0,100.0,100.0,-43.0,43.0
6-24ч,2026-08-08T10:18:13Z,2026-08-08T21:00:00Z,10.7,64.0,87.5,100.0,-23.5,23.5
6-24ч,2026-08-08T10:18:13Z,2026-08-09T00:00:00Z,13.7,68.0,87.5,100.0,-19.5,19.5
6-24ч,2026-08-08T10:18:13Z,2026-08-09T03:00:00Z,16.7,52.0,100.0,100.0,-48.0,48.0
6-24ч,2026-08-08T10:18:13Z,2026-08-09T06:00:00Z,19.7,37.0,100.0,100.0,-63.0,63.0
6-24ч,2026-08-08T10:18:13Z,2026-08-09T09:00:00Z,22.7,45.0,75.0,100.0,-30.0,30.0
6-24ч,2026-08-08T22:37:20Z,2026-08-09T06:00:00Z,7.4,33.0,100.0,87.5,-67.0,67.0
6-24ч,2026-08-08T22:37:20Z,2026-08-09T09:00:00Z,10.4,41.0,75.0,87.5,-34.0,34.0
6-24ч,2026-08-08T22:37:20Z,2026-08-09T12:00:00Z,13.4,52.0,75.0,87.5,-23.0,23.0
6-24ч,2026-08-08T22:37:20Z,2026-08-09T15:00:00Z,16.4,42.0,87.5,87.5,-45.5,45.5
6-24ч,2026-08-08T22:37:20Z,2026-08-09T18:00:00Z,19.4,29.0,75.0,87.5,-46.0,46.0
6-24ч,2026-08-08T22:37:20Z,2026-08-09T21:00:00Z,22.4,26.0,37.5,87.5,-11.5,11.5
6-24ч,2026-08-09T04:59:03Z,2026-08-09T12:00:00Z,7.0,54.0,75.0,100.0,-21.0,21.0
6-24ч,2026-08-09T04:59:03Z,2026-08-09T15:00:00Z,10.0,49.0,87.5,100.0,-38.5,38.5
6-24ч,2026-08-09T04:59:03Z,2026-08-09T18:00:00Z,13.0,38.0,75.0,100.0,-37.0,37.0
6-24ч,2026-08-09T04:59:03Z,2026-08-09T21:00:00Z,16.0,25.0,37.5,100.0,-12.5,12.5
6-24ч,2026-08-09T04:59:03Z,2026-08-10T00:00:00Z,19.0,20.0,37.5,100.0,-17.5,17.5
6-24ч,2026-08-09T04:59:03Z,2026-08-10T03:00:00Z,22.0,47.0,87.5,100.0,-40.5,40.5
6-24ч,2026-08-09T10:19:29Z,2026-08-09T18:00:00Z,7.7,56.0,75.0,75.0,-19.0,19.0
6-24ч,2026-08-09T10:19:29Z,2026-08-09T21:00:00Z,10.7,31.0,37.5,75.0,-6.5,6.5
6-24ч,2026-08-09T10:19:29Z,2026-08-10T00:00:00Z,13.7,13.0,37.5,75.0,-24.5,24.5
6-24ч,2026-08-09T10:19:29Z,2026-08-10T03:00:00Z,16.7,40.0,87.5,75.0,-47.5,47.5
6-24ч,2026-08-09T10:19:29Z,2026-08-10T06:00:00Z,19.7,70.0,87.5,75.0,-17.5,17.5
6-24ч,2026-08-09T10:19:29Z,2026-08-10T09:00:00Z,22.7,65.0,87.5,75.0,-22.5,22.5
6-24ч,2026-08-09T12:41:38Z,2026-08-09T21:00:00Z,8.3,31.0,37.5,75.0,-6.5,6.5
6-24ч,2026-08-09T12:41:38Z,2026-08-10T00:00:00Z,11.3,13.0,37.5,75.0,-24.5,24.5
6-24ч,2026-08-09T12:41:38Z,2026-08-10T03:00:00Z,14.3,40.0,87.5,75.0,-47.5,47.5
6-24ч,2026-08-09T12:41:38Z,2026-08-10T06:00:00Z,17.3,70.0,87.5,75.0,-17.5,17.5
6-24ч,2026-08-09T12:41:38Z,2026-08-10T09:00:00Z,20.3,65.0,87.5,75.0,-22.5,22.5
6-24ч,2026-08-09T12:41:38Z,2026-08-10T12:00:00Z,23.3,50.0,87.5,75.0,-37.5,37.5
6-24ч,2026-08-09T12:45:53Z,2026-08-09T21:00:00Z,8.2,31.0,37.5,75.0,-6.5,6.5
6-24ч,2026-08-09T12:45:53Z,2026-08-10T00:00:00Z,11.2,13.0,37.5,75.0,-24.5,24.5
6-24ч,2026-08-09T12:45:53Z,2026-08-10T03:00:00Z,14.2,40.0,87.5,75.0,-47.5,47.5
6-24ч,2026-08-09T12:45:53Z,2026-08-10T06:00:00Z,17.2,70.0,87.5,75.0,-17.5,17.5
6-24ч,2026-08-09T12:45:53Z,2026-08-10T09:00:00Z,20.2,65.0,87.5,75.0,-22.5,22.5
6-24ч,2026-08-09T12:45:53Z,2026-08-10T12:00:00Z,23.2,50.0,87.5,75.0,-37.5,37.5
6-24ч,2026-08-09T12:48:15Z,2026-08-09T21:00:00Z,8.2,31.0,37.5,75.0,-6.5,6.5
6-24ч,2026-08-09T12:48:15Z,2026-08-10T00:00:00Z,11.2,13.0,37.5,75.0,-24.5,24.5
6-24ч,2026-08-09T12:48:15Z,2026-08-10T03:00:00Z,14.2,40.0,87.5,75.0,-47.5,47.5
6-24ч,2026-08-09T12:48:15Z,2026-08-10T06:00:00Z,17.2,70.0,87.5,75.0,-17.5,17.5
6-24ч,2026-08-09T12:48:15Z,2026-08-10T09:00:00Z,20.2,65.0,87.5,75.0,-22.5,22.5
6-24ч,2026-08-09T12:48:15Z,2026-08-10T12:00:00Z,23.2,50.0,87.5,75.0,-37.5,37.5
6-24ч,2026-08-09T16:31:44Z,2026-08-10T00:00:00Z,7.5,21.0,37.5,87.5,-16.5,16.5
6-24ч,2026-08-09T16:31:44Z,2026-08-10T03:00:00Z,10.5,47.0,87.5,87.5,-40.5,40.5
6-24ч,2026-08-09T16:31:44Z,2026-08-10T06:00:00Z,13.5,76.0,87.5,87.5,-11.5,11.5
6-24ч,2026-08-09T16:31:44Z,2026-08-10T09:00:00Z,16.5,70.0,87.5,87.5,-17.5,17.5
6-24ч,2026-08-09T16:31:44Z,2026-08-10T12:00:00Z,19.5,56.0,87.5,87.5,-31.5,31.5
6-24ч,2026-08-09T16:31:44Z,2026-08-10T15:00:00Z,22.5,48.0,87.5,87.5,-39.5,39.5
6-24ч,2026-08-09T22:39:09Z,2026-08-10T06:00:00Z,7.3,66.0,87.5,37.5,-21.5,21.5
6-24ч,2026-08-09T22:39:09Z,2026-08-10T09:00:00Z,10.3,68.0,87.5,37.5,-19.5,19.5
6-24ч,2026-08-09T22:39:09Z,2026-08-10T12:00:00Z,13.3,64.0,87.5,37.5,-23.5,23.5
6-24ч,2026-08-09T22:39:09Z,2026-08-10T15:00:00Z,16.3,58.0,87.5,37.5,-29.5,29.5
6-24ч,2026-08-09T22:39:09Z,2026-08-10T18:00:00Z,19.3,52.0,75.0,37.5,-23.0,23.0
6-24ч,2026-08-09T22:39:09Z,2026-08-10T21:00:00Z,22.3,50.0,100.0,37.5,-50.0,50.0
6-24ч,2026-08-10T05:20:42Z,2026-08-10T12:00:00Z,6.7,71.0,87.5,87.5,-16.5,16.5
6-24ч,2026-08-10T05:20:42Z,2026-08-10T15:00:00Z,9.7,65.0,87.5,87.5,-22.5,22.5
6-24ч,2026-08-10T05:20:42Z,2026-08-10T18:00:00Z,12.7,55.0,75.0,87.5,-20.0,20.0
6-24ч,2026-08-10T05:20:42Z,2026-08-10T21:00:00Z,15.7,41.0,100.0,87.5,-59.0,59.0
6-24ч,2026-08-10T05:20:42Z,2026-08-11T00:00:00Z,18.7,32.0,100.0,87.5,-68.0,68.0
6-24ч,2026-08-10T05:20:42Z,2026-08-11T03:00:00Z,21.7,42.0,12.5,87.5,29.5,29.5
6-24ч,2026-08-10T10:53:28Z,2026-08-10T18:00:00Z,7.1,52.0,75.0,87.5,-23.0,23.0
6-24ч,2026-08-10T10:53:28Z,2026-08-10T21:00:00Z,10.1,45.0,100.0,87.5,-55.0,55.0
6-24ч,2026-08-10T10:53:28Z,2026-08-11T00:00:00Z,13.1,39.0,100.0,87.5,-61.0,61.0
6-24ч,2026-08-10T10:53:28Z,2026-08-11T03:00:00Z,16.1,35.0,12.5,87.5,22.5,22.5
6-24ч,2026-08-10T10:53:28Z,2026-08-11T06:00:00Z,19.1,38.0,75.0,87.5,-37.0,37.0
6-24ч,2026-08-10T10:53:28Z,2026-08-11T09:00:00Z,22.1,56.0,87.5,87.5,-31.5,31.5
6-24ч,2026-08-10T16:52:05Z,2026-08-11T00:00:00Z,7.1,47.0,100.0,87.5,-53.0,53.0
6-24ч,2026-08-10T16:52:05Z,2026-08-11T03:00:00Z,10.1,37.0,12.5,87.5,24.5,24.5
6-24ч,2026-08-10T16:52:05Z,2026-08-11T06:00:00Z,13.1,34.0,75.0,87.5,-41.0,41.0
6-24ч,2026-08-10T16:52:05Z,2026-08-11T09:00:00Z,16.1,56.0,87.5,87.5,-31.5,31.5
6-24ч,2026-08-10T16:52:05Z,2026-08-11T12:00:00Z,19.1,81.0,87.5,87.5,-6.5,6.5
6-24ч,2026-08-10T16:52:05Z,2026-08-11T15:00:00Z,22.1,90.0,100.0,87.5,-10.0,10.0
6-24ч,2026-08-10T22:47:13Z,2026-08-11T06:00:00Z,7.2,33.0,75.0,100.0,-42.0,42.0
6-24ч,2026-08-10T22:47:13Z,2026-08-11T09:00:00Z,10.2,57.0,87.5,100.0,-30.5,30.5
6-24ч,2026-08-10T22:47:13Z,2026-08-11T12:00:00Z,13.2,86.0,87.5,100.0,-1.5,1.5
6-24ч,2026-08-10T22:47:13Z,2026-08-11T15:00:00Z,16.2,94.0,100.0,100.0,-6.0,6.0
6-24ч,2026-08-10T22:47:13Z,2026-08-11T18:00:00Z,19.2,94.0,100.0,100.0,-6.0,6.0
6-24ч,2026-08-10T22:47:13Z,2026-08-11T21:00:00Z,22.2,91.0,100.0,100.0,-9.0,9.0
6-24ч,2026-08-11T05:01:49Z,2026-08-11T12:00:00Z,7.0,79.0,87.5,12.5,-8.5,8.5
6-24ч,2026-08-11T05:01:49Z,2026-08-11T15:00:00Z,10.0,86.0,100.0,12.5,-14.0,14.0
6-24ч,2026-08-11T05:01:49Z,2026-08-11T18:00:00Z,13.0,90.0,100.0,12.5,-10.0,10.0
6-24ч,2026-08-11T05:01:49Z,2026-08-11T21:00:00Z,16.0,96.0,100.0,12.5,-4.0,4.0
6-24ч,2026-08-11T05:01:49Z,2026-08-12T00:00:00Z,19.0,100.0,100.0,12.5,0.0,0.0
6-24ч,2026-08-11T05:01:49Z,2026-08-12T03:00:00Z,22.0,97.0,100.0,12.5,-3.0,3.0
6-24ч,2026-08-11T10:38:45Z,2026-08-11T18:00:00Z,7.4,87.0,100.0,87.5,-13.0,13.0
6-24ч,2026-08-11T10:38:45Z,2026-08-11T21:00:00Z,10.4,95.0,100.0,87.5,-5.0,5.0
6-24ч,2026-08-11T10:38:45Z,2026-08-12T00:00:00Z,13.4,99.0,100.0,87.5,-1.0,1.0
6-24ч,2026-08-11T10:38:45Z,2026-08-12T03:00:00Z,16.4,89.0,100.0,87.5,-11.0,11.0
6-24ч,2026-08-11T10:38:45Z,2026-08-12T06:00:00Z,19.4,77.0,100.0,87.5,-23.0,23.0
6-24ч,2026-08-11T10:38:45Z,2026-08-12T09:00:00Z,22.4,75.0,100.0,87.5,-25.0,25.0
6-24ч,2026-08-12T10:47:03Z,2026-08-12T18:00:00Z,7.2,89.0,100.0,100.0,-11.0,11.0
6-24ч,2026-08-12T10:47:03Z,2026-08-12T21:00:00Z,10.2,93.0,100.0,100.0,-7.0,7.0
6-24ч,2026-08-12T10:47:03Z,2026-08-13T00:00:00Z,13.2,97.0,100.0,100.0,-3.0,3.0
6-24ч,2026-08-12T10:47:03Z,2026-08-13T03:00:00Z,16.2,97.0,100.0,100.0,-3.0,3.0
6-24ч,2026-08-12T10:47:03Z,2026-08-13T06:00:00Z,19.2,96.0,100.0,100.0,-4.0,4.0
6-24ч,2026-08-12T10:47:03Z,2026-08-13T09:00:00Z,22.2,97.0,100.0,100.0,-3.0,3.0
6-24ч,2026-08-12T16:54:57Z,2026-08-13T00:00:00Z,7.1,100.0,100.0,100.0,0.0,0.0
6-24ч,2026-08-12T16:54:57Z,2026-08-13T03:00:00Z,10.1,99.0,100.0,100.0,-1.0,1.0
6-24ч,2026-08-12T16:54:57Z,2026-08-13T06:00:00Z,13.1,98.0,100.0,100.0,-2.0,2.0
6-24ч,2026-08-12T16:54:57Z,2026-08-13T09:00:00Z,16.1,100.0,100.0,100.0,0.0,0.0
6-24ч,2026-08-12T16:54:57Z,2026-08-13T12:00:00Z,19.1,100.0,100.0,100.0,0.0,0.0
6-24ч,2026-08-12T16:54:57Z,2026-08-13T15:00:00Z,22.1,94.0,100.0,100.0,-6.0,6.0
6-24ч,2026-08-12T22:50:47Z,2026-08-13T06:00:00Z,7.2,100.0,100.0,100.0,0.0,0.0
6-24ч,2026-08-12T22:50:47Z,2026-08-13T09:00:00Z,10.2,98.0,100.0,100.0,-2.0,2.0
6-24ч,2026-08-12T22:50:47Z,2026-08-13T12:00:00Z,13.2,96.0,100.0,100.0,-4.0,4.0
6-24ч,2026-08-12T22:50:47Z,2026-08-13T15:00:00Z,16.2,93.0,100.0,100.0,-7.0,7.0
6-24ч,2026-08-12T22:50:47Z,2026-08-13T18:00:00Z,19.2,91.0,100.0,100.0,-9.0,9.0
6-24ч,2026-08-12T22:50:47Z,2026-08-13T21:00:00Z,22.2,90.0,100.0,100.0,-10.0,10.0
6-24ч,2026-08-13T05:30:08Z,2026-08-13T12:00:00Z,6.5,98.0,100.0,100.0,-2.0,2.0
6-24ч,2026-08-13T05:30:08Z,2026-08-13T15:00:00Z,9.5,95.0,100.0,100.0,-5.0,5.0
6-24ч,2026-08-13T05:30:08Z,2026-08-13T18:00:00Z,12.5,93.0,100.0,100.0,-7.0,7.0
6-24ч,2026-08-13T05:30:08Z,2026-08-13T21:00:00Z,15.5,94.0,100.0,100.0,-6.0,6.0
6-24ч,2026-08-13T05:30:08Z,2026-08-14T00:00:00Z,18.5,94.0,100.0,100.0,-6.0,6.0
6-24ч,2026-08-13T05:30:08Z,2026-08-14T03:00:00Z,21.5,92.0,100.0,100.0,-8.0,8.0
6-24ч,2026-08-13T10:49:01Z,2026-08-13T18:00:00Z,7.2,94.0,100.0,100.0,-6.0,6.0
6-24ч,2026-08-13T10:49:01Z,2026-08-13T21:00:00Z,10.2,90.0,100.0,100.0,-10.0,10.0
6-24ч,2026-08-13T10:49:01Z,2026-08-14T00:00:00Z,13.2,86.0,100.0,100.0,-14.0,14.0
6-24ч,2026-08-13T10:49:01Z,2026-08-14T03:00:00Z,16.2,82.0,100.0,100.0,-18.0,18.0
6-24ч,2026-08-13T10:49:01Z,2026-08-14T06:00:00Z,19.2,80.0,100.0,100.0,-20.0,20.0
6-24ч,2026-08-13T10:49:01Z,2026-08-14T09:00:00Z,22.2,85.0,100.0,100.0,-15.0,15.0
6-24ч,2026-08-13T16:36:10Z,2026-08-14T00:00:00Z,7.4,87.0,100.0,100.0,-13.0,13.0
6-24ч,2026-08-13T16:36:10Z,2026-08-14T03:00:00Z,10.4,85.0,100.0,100.0,-15.0,15.0
6-24ч,2026-08-13T16:36:10Z,2026-08-14T06:00:00Z,13.4,85.0,100.0,100.0,-15.0,15.0
6-24ч,2026-08-13T16:36:10Z,2026-08-14T09:00:00Z,16.4,89.0,100.0,100.0,-11.0,11.0
6-24ч,2026-08-13T16:36:10Z,2026-08-14T12:00:00Z,19.4,84.0,100.0,100.0,-16.0,16.0
6-24ч,2026-08-13T16:36:10Z,2026-08-14T15:00:00Z,22.4,48.0,87.5,100.0,-39.5,39.5
6-24ч,2026-08-13T16:42:24Z,2026-08-14T00:00:00Z,7.3,87.0,100.0,100.0,-13.0,13.0
6-24ч,2026-08-13T16:42:24Z,2026-08-14T03:00:00Z,10.3,85.0,100.0,100.0,-15.0,15.0
6-24ч,2026-08-13T16:42:24Z,2026-08-14T06:00:00Z,13.3,85.0,100.0,100.0,-15.0,15.0
6-24ч,2026-08-13T16:42:24Z,2026-08-14T09:00:00Z,16.3,89.0,100.0,100.0,-11.0,11.0
6-24ч,2026-08-13T16:42:24Z,2026-08-14T12:00:00Z,19.3,84.0,100.0,100.0,-16.0,16.0
6-24ч,2026-08-13T16:42:24Z,2026-08-14T15:00:00Z,22.3,48.0,87.5,100.0,-39.5,39.5
6-24ч,2026-08-13T16:54:22Z,2026-08-14T00:00:00Z,7.1,87.0,100.0,100.0,-13.0,13.0
6-24ч,2026-08-13T16:54:22Z,2026-08-14T03:00:00Z,10.1,85.0,100.0,100.0,-15.0,15.0
6-24ч,2026-08-13T16:54:22Z,2026-08-14T06:00:00Z,13.1,85.0,100.0,100.0,-15.0,15.0
6-24ч,2026-08-13T16:54:22Z,2026-08-14T09:00:00Z,16.1,89.0,100.0,100.0,-11.0,11.0
6-24ч,2026-08-13T16:54:22Z,2026-08-14T12:00:00Z,19.1,84.0,100.0,100.0,-16.0,16.0
6-24ч,2026-08-13T16:54:22Z,2026-08-14T15:00:00Z,22.1,48.0,87.5,100.0,-39.5,39.5
6-24ч,2026-08-13T22:52:17Z,2026-08-14T06:00:00Z,7.1,80.0,100.0,100.0,-20.0,20.0
6-24ч,2026-08-13T22:52:17Z,2026-08-14T09:00:00Z,10.1,76.0,100.0,100.0,-24.0,24.0
6-24ч,2026-08-13T22:52:17Z,2026-08-14T12:00:00Z,13.1,66.0,100.0,100.0,-34.0,34.0
6-24ч,2026-08-13T22:52:17Z,2026-08-14T15:00:00Z,16.1,32.0,87.5,100.0,-55.5,55.5
6-24ч,2026-08-13T22:52:17Z,2026-08-14T18:00:00Z,19.1,0.0,87.5,100.0,-87.5,87.5
6-24ч,2026-08-13T22:52:17Z,2026-08-14T21:00:00Z,22.1,0.0,87.5,100.0,-87.5,87.5
6-24ч,2026-08-14T05:28:14Z,2026-08-14T12:00:00Z,6.5,81.0,100.0,100.0,-19.0,19.0
6-24ч,2026-08-14T05:28:14Z,2026-08-14T15:00:00Z,9.5,47.0,87.5,100.0,-40.5,40.5
6-24ч,2026-08-14T05:28:14Z,2026-08-14T18:00:00Z,12.5,11.0,87.5,100.0,-76.5,76.5
6-24ч,2026-08-14T05:28:14Z,2026-08-14T21:00:00Z,15.5,0.0,87.5,100.0,-87.5,87.5
6-24ч,2026-08-14T05:28:14Z,2026-08-15T00:00:00Z,18.5,6.0,100.0,100.0,-94.0,94.0
6-24ч,2026-08-14T05:28:14Z,2026-08-15T03:00:00Z,21.5,36.0,87.5,100.0,-51.5,51.5
6-24ч,2026-08-14T10:44:54Z,2026-08-14T18:00:00Z,7.3,34.0,87.5,100.0,-53.5,53.5
6-24ч,2026-08-14T10:44:54Z,2026-08-14T21:00:00Z,10.3,37.0,87.5,100.0,-50.5,50.5
6-24ч,2026-08-14T10:44:54Z,2026-08-15T00:00:00Z,13.3,46.0,100.0,100.0,-54.0,54.0
6-24ч,2026-08-14T10:44:54Z,2026-08-15T03:00:00Z,16.3,48.0,87.5,100.0,-39.5,39.5
6-24ч,2026-08-14T10:44:54Z,2026-08-15T06:00:00Z,19.3,50.0,100.0,100.0,-50.0,50.0
6-24ч,2026-08-14T10:44:54Z,2026-08-15T09:00:00Z,22.3,58.0,100.0,100.0,-42.0,42.0
6-24ч,2026-08-14T16:48:33Z,2026-08-15T00:00:00Z,7.2,46.0,100.0,87.5,-54.0,54.0
6-24ч,2026-08-14T16:48:33Z,2026-08-15T03:00:00Z,10.2,48.0,87.5,87.5,-39.5,39.5
6-24ч,2026-08-14T16:48:33Z,2026-08-15T06:00:00Z,13.2,50.0,100.0,87.5,-50.0,50.0
6-24ч,2026-08-14T16:48:33Z,2026-08-15T09:00:00Z,16.2,58.0,100.0,87.5,-42.0,42.0
6-24ч,2026-08-14T16:48:33Z,2026-08-15T12:00:00Z,19.2,63.0,100.0,87.5,-37.0,37.0
6-24ч,2026-08-14T16:48:33Z,2026-08-15T15:00:00Z,22.2,48.0,100.0,87.5,-52.0,52.0
6-24ч,2026-08-14T22:30:55Z,2026-08-15T06:00:00Z,7.5,79.0,100.0,87.5,-21.0,21.0
6-24ч,2026-08-14T22:30:55Z,2026-08-15T09:00:00Z,10.5,79.0,100.0,87.5,-21.0,21.0
6-24ч,2026-08-14T22:30:55Z,2026-08-15T12:00:00Z,13.5,80.0,100.0,87.5,-20.0,20.0
6-24ч,2026-08-14T22:30:55Z,2026-08-15T15:00:00Z,16.5,86.0,100.0,87.5,-14.0,14.0
6-24ч,2026-08-14T22:30:55Z,2026-08-15T18:00:00Z,19.5,92.0,100.0,87.5,-8.0,8.0
6-24ч,2026-08-14T22:30:55Z,2026-08-15T21:00:00Z,22.5,97.0,100.0,87.5,-3.0,3.0
6-24ч,2026-08-15T04:24:15Z,2026-08-15T12:00:00Z,7.6,79.0,100.0,87.5,-21.0,21.0
6-24ч,2026-08-15T04:24:15Z,2026-08-15T15:00:00Z,10.6,68.0,100.0,87.5,-32.0,32.0
6-24ч,2026-08-15T04:24:15Z,2026-08-15T18:00:00Z,13.6,61.0,100.0,87.5,-39.0,39.0
6-24ч,2026-08-15T04:24:15Z,2026-08-15T21:00:00Z,16.6,80.0,100.0,87.5,-20.0,20.0
6-24ч,2026-08-15T04:24:15Z,2026-08-16T00:00:00Z,19.6,100.0,87.5,87.5,12.5,12.5
6-24ч,2026-08-15T04:24:15Z,2026-08-16T03:00:00Z,22.6,100.0,100.0,87.5,0.0,0.0
6-24ч,2026-08-15T10:09:15Z,2026-08-15T18:00:00Z,7.8,72.0,100.0,100.0,-28.0,28.0
6-24ч,2026-08-15T10:09:15Z,2026-08-15T21:00:00Z,10.8,87.0,100.0,100.0,-13.0,13.0
6-24ч,2026-08-15T10:09:15Z,2026-08-16T00:00:00Z,13.8,100.0,87.5,100.0,12.5,12.5
6-24ч,2026-08-15T10:09:15Z,2026-08-16T03:00:00Z,16.8,95.0,100.0,100.0,-5.0,5.0
6-24ч,2026-08-15T10:09:15Z,2026-08-16T06:00:00Z,19.8,86.0,100.0,100.0,-14.0,14.0
6-24ч,2026-08-15T10:09:15Z,2026-08-16T09:00:00Z,22.8,83.0,100.0,100.0,-17.0,17.0
6-24ч,2026-08-15T22:29:33Z,2026-08-16T06:00:00Z,7.5,93.0,100.0,100.0,-7.0,7.0
6-24ч,2026-08-15T22:29:33Z,2026-08-16T09:00:00Z,10.5,88.0,100.0,100.0,-12.0,12.0
6-24ч,2026-08-15T22:29:33Z,2026-08-16T12:00:00Z,13.5,81.0,87.5,100.0,-6.5,6.5
6-24ч,2026-08-15T22:29:33Z,2026-08-16T15:00:00Z,16.5,77.0,87.5,100.0,-10.5,10.5
6-24ч,2026-08-15T22:29:33Z,2026-08-16T18:00:00Z,19.5,68.0,25.0,100.0,43.0,43.0
6-24ч,2026-08-15T22:29:33Z,2026-08-16T21:00:00Z,22.5,40.0,25.0,100.0,15.0,15.0
6-24ч,2026-08-16T04:29:41Z,2026-08-16T12:00:00Z,7.5,79.0,87.5,100.0,-8.5,8.5
6-24ч,2026-08-16T04:29:41Z,2026-08-16T15:00:00Z,10.5,60.0,87.5,100.0,-27.5,27.5
6-24ч,2026-08-16T04:29:41Z,2026-08-16T18:00:00Z,13.5,39.0,25.0,100.0,14.0,14.0
6-24ч,2026-08-16T04:29:41Z,2026-08-16T21:00:00Z,16.5,23.0,25.0,100.0,-2.0,2.0
6-24ч,2026-08-16T04:29:41Z,2026-08-17T00:00:00Z,19.5,14.0,12.5,100.0,1.5,1.5
6-24ч,2026-08-16T04:29:41Z,2026-08-17T03:00:00Z,22.5,23.0,12.5,100.0,10.5,10.5
6-24ч,2026-08-16T07:21:44Z,2026-08-16T15:00:00Z,7.6,60.0,87.5,100.0,-27.5,27.5
6-24ч,2026-08-16T07:21:44Z,2026-08-16T18:00:00Z,10.6,39.0,25.0,100.0,14.0,14.0
6-24ч,2026-08-16T07:21:44Z,2026-08-16T21:00:00Z,13.6,23.0,25.0,100.0,-2.0,2.0
6-24ч,2026-08-16T07:21:44Z,2026-08-17T00:00:00Z,16.6,14.0,12.5,100.0,1.5,1.5
6-24ч,2026-08-16T07:21:44Z,2026-08-17T03:00:00Z,19.6,23.0,12.5,100.0,10.5,10.5
6-24ч,2026-08-16T07:21:44Z,2026-08-17T06:00:00Z,22.6,35.0,75.0,100.0,-40.0,40.0
6-24ч,2026-08-16T10:09:47Z,2026-08-16T18:00:00Z,7.8,32.0,25.0,100.0,7.0,7.0
6-24ч,2026-08-16T10:09:47Z,2026-08-16T21:00:00Z,10.8,21.0,25.0,100.0,-4.0,4.0
6-24ч,2026-08-16T10:09:47Z,2026-08-17T00:00:00Z,13.8,20.0,12.5,100.0,7.5,7.5
6-24ч,2026-08-16T10:09:47Z,2026-08-17T03:00:00Z,16.8,45.0,12.5,100.0,32.5,32.5
6-24ч,2026-08-16T10:09:47Z,2026-08-17T06:00:00Z,19.8,69.0,75.0,100.0,-6.0,6.0
6-24ч,2026-08-16T10:09:47Z,2026-08-17T09:00:00Z,22.8,63.0,75.0,100.0,-12.0,12.0
6-24ч,2026-08-16T16:21:00Z,2026-08-17T00:00:00Z,7.7,20.0,12.5,87.5,7.5,7.5
6-24ч,2026-08-16T16:21:00Z,2026-08-17T03:00:00Z,10.7,45.0,12.5,87.5,32.5,32.5
6-24ч,2026-08-16T16:21:00Z,2026-08-17T06:00:00Z,13.7,69.0,75.0,87.5,-6.0,6.0
6-24ч,2026-08-16T16:21:00Z,2026-08-17T09:00:00Z,16.6,63.0,75.0,87.5,-12.0,12.0
6-24ч,2026-08-16T16:21:00Z,2026-08-17T12:00:00Z,19.6,45.0,75.0,87.5,-30.0,30.0
6-24ч,2026-08-16T16:21:00Z,2026-08-17T15:00:00Z,22.6,19.0,75.0,87.5,-56.0,56.0
6-24ч,2026-08-16T22:29:34Z,2026-08-17T06:00:00Z,7.5,0.0,75.0,25.0,-75.0,75.0
6-24ч,2026-08-16T22:29:34Z,2026-08-17T09:00:00Z,10.5,0.0,75.0,25.0,-75.0,75.0
6-24ч,2026-08-16T22:29:34Z,2026-08-17T12:00:00Z,13.5,0.0,75.0,25.0,-75.0,75.0
6-24ч,2026-08-16T22:29:34Z,2026-08-17T15:00:00Z,16.5,37.0,75.0,25.0,-38.0,38.0
6-24ч,2026-08-16T22:29:34Z,2026-08-17T18:00:00Z,19.5,75.0,87.5,25.0,-12.5,12.5
6-24ч,2026-08-16T22:29:34Z,2026-08-17T21:00:00Z,22.5,87.0,87.5,25.0,-0.5,0.5
6-24ч,2026-08-17T04:35:30Z,2026-08-17T12:00:00Z,7.4,0.0,75.0,12.5,-75.0,75.0
6-24ч,2026-08-17T04:35:30Z,2026-08-17T15:00:00Z,10.4,39.0,75.0,12.5,-36.0,36.0
6-24ч,2026-08-17T04:35:30Z,2026-08-17T18:00:00Z,13.4,79.0,87.5,12.5,-8.5,8.5
6-24ч,2026-08-17T04:35:30Z,2026-08-17T21:00:00Z,16.4,90.0,87.5,12.5,2.5,2.5
6-24ч,2026-08-17T04:35:30Z,2026-08-18T00:00:00Z,19.4,87.0,100.0,12.5,-13.0,13.0
6-24ч,2026-08-17T04:35:30Z,2026-08-18T03:00:00Z,22.4,74.0,37.5,12.5,36.5,36.5
6-24ч,2026-08-17T10:18:11Z,2026-08-17T18:00:00Z,7.7,79.0,87.5,75.0,-8.5,8.5
6-24ч,2026-08-17T10:18:11Z,2026-08-17T21:00:00Z,10.7,90.0,87.5,75.0,2.5,2.5
6-24ч,2026-08-17T10:18:11Z,2026-08-18T00:00:00Z,13.7,87.0,100.0,75.0,-13.0,13.0
6-24ч,2026-08-17T10:18:11Z,2026-08-18T03:00:00Z,16.7,74.0,37.5,75.0,36.5,36.5
6-24ч,2026-08-17T10:18:11Z,2026-08-18T06:00:00Z,19.7,60.0,87.5,75.0,-27.5,27.5
6-24ч,2026-08-17T10:18:11Z,2026-08-18T09:00:00Z,22.7,57.0,87.5,75.0,-30.5,30.5
6-24ч,2026-08-17T16:23:45Z,2026-08-18T00:00:00Z,7.6,87.0,100.0,75.0,-13.0,13.0
6-24ч,2026-08-17T16:23:45Z,2026-08-18T03:00:00Z,10.6,74.0,37.5,75.0,36.5,36.5
6-24ч,2026-08-17T16:23:45Z,2026-08-18T06:00:00Z,13.6,60.0,87.5,75.0,-27.5,27.5
6-24ч,2026-08-17T16:23:45Z,2026-08-18T09:00:00Z,16.6,57.0,87.5,75.0,-30.5,30.5
6-24ч,2026-08-17T16:23:45Z,2026-08-18T12:00:00Z,19.6,57.0,100.0,75.0,-43.0,43.0
6-24ч,2026-08-17T16:23:45Z,2026-08-18T15:00:00Z,22.6,57.0,75.0,75.0,-18.0,18.0
6-24ч,2026-08-17T22:31:28Z,2026-08-18T06:00:00Z,7.5,60.0,87.5,87.5,-27.5,27.5
6-24ч,2026-08-17T22:31:28Z,2026-08-18T09:00:00Z,10.5,57.0,87.5,87.5,-30.5,30.5
6-24ч,2026-08-17T22:31:28Z,2026-08-18T12:00:00Z,13.5,57.0,100.0,87.5,-43.0,43.0
6-24ч,2026-08-17T22:31:28Z,2026-08-18T15:00:00Z,16.5,57.0,75.0,87.5,-18.0,18.0
6-24ч,2026-08-17T22:31:28Z,2026-08-18T18:00:00Z,19.5,57.0,25.0,87.5,32.0,32.0
6-24ч,2026-08-17T22:31:28Z,2026-08-18T21:00:00Z,22.5,56.0,12.5,87.5,43.5,43.5
6-24ч,2026-08-18T04:30:05Z,2026-08-18T12:00:00Z,7.5,70.0,100.0,37.5,-30.0,30.0
6-24ч,2026-08-18T04:30:05Z,2026-08-18T15:00:00Z,10.5,61.0,75.0,37.5,-14.0,14.0
6-24ч,2026-08-18T04:30:05Z,2026-08-18T18:00:00Z,13.5,50.0,25.0,37.5,25.0,25.0
6-24ч,2026-08-18T04:30:05Z,2026-08-18T21:00:00Z,16.5,32.0,12.5,37.5,19.5,19.5
6-24ч,2026-08-18T04:30:05Z,2026-08-19T00:00:00Z,19.5,22.0,87.5,37.5,-65.5,65.5
6-24ч,2026-08-18T04:30:05Z,2026-08-19T03:00:00Z,22.5,39.0,100.0,37.5,-61.0,61.0
6-24ч,2026-08-18T10:14:55Z,2026-08-18T18:00:00Z,7.8,50.0,25.0,87.5,25.0,25.0
6-24ч,2026-08-18T10:14:55Z,2026-08-18T21:00:00Z,10.8,32.0,12.5,87.5,19.5,19.5
6-24ч,2026-08-18T10:14:55Z,2026-08-19T00:00:00Z,13.8,22.0,87.5,87.5,-65.5,65.5
6-24ч,2026-08-18T10:14:55Z,2026-08-19T03:00:00Z,16.8,39.0,100.0,87.5,-61.0,61.0
6-24ч,2026-08-18T10:14:55Z,2026-08-19T06:00:00Z,19.8,62.0,100.0,87.5,-38.0,38.0
6-24ч,2026-08-18T10:14:55Z,2026-08-19T09:00:00Z,22.8,71.0,87.5,87.5,-16.5,16.5
6-24ч,2026-08-18T16:27:50Z,2026-08-19T00:00:00Z,7.5,18.0,87.5,75.0,-69.5,69.5
6-24ч,2026-08-18T16:27:50Z,2026-08-19T03:00:00Z,10.5,33.0,100.0,75.0,-67.0,67.0
6-24ч,2026-08-18T16:27:50Z,2026-08-19T06:00:00Z,13.5,52.0,100.0,75.0,-48.0,48.0
6-24ч,2026-08-18T16:27:50Z,2026-08-19T09:00:00Z,16.5,57.0,87.5,75.0,-30.5,30.5
6-24ч,2026-08-18T16:27:50Z,2026-08-19T12:00:00Z,19.5,62.0,87.5,75.0,-25.5,25.5
6-24ч,2026-08-18T16:27:50Z,2026-08-19T15:00:00Z,22.5,76.0,100.0,75.0,-24.0,24.0
6-24ч,2026-08-18T22:31:39Z,2026-08-19T06:00:00Z,7.5,82.0,100.0,12.5,-18.0,18.0
6-24ч,2026-08-18T22:31:39Z,2026-08-19T09:00:00Z,10.5,70.0,87.5,12.5,-17.5,17.5
6-24ч,2026-08-18T22:31:39Z,2026-08-19T12:00:00Z,13.5,54.0,87.5,12.5,-33.5,33.5
6-24ч,2026-08-18T22:31:39Z,2026-08-19T15:00:00Z,16.5,74.0,100.0,12.5,-26.0,26.0
6-24ч,2026-08-18T22:31:39Z,2026-08-19T18:00:00Z,19.5,97.0,100.0,12.5,-3.0,3.0
6-24ч,2026-08-18T22:31:39Z,2026-08-19T21:00:00Z,22.5,95.0,100.0,12.5,-5.0,5.0
6-24ч,2026-08-19T04:31:14Z,2026-08-19T12:00:00Z,7.5,75.0,87.5,100.0,-12.5,12.5
6-24ч,2026-08-19T04:31:14Z,2026-08-19T15:00:00Z,10.5,84.0,100.0,100.0,-16.0,16.0
6-24ч,2026-08-19T04:31:14Z,2026-08-19T18:00:00Z,13.5,91.0,100.0,100.0,-9.0,9.0
6-24ч,2026-08-19T04:31:14Z,2026-08-19T21:00:00Z,16.5,90.0,100.0,100.0,-10.0,10.0
6-24ч,2026-08-19T04:31:14Z,2026-08-20T00:00:00Z,19.5,88.0,100.0,100.0,-12.0,12.0
6-24ч,2026-08-19T04:31:14Z,2026-08-20T03:00:00Z,22.5,91.0,75.0,100.0,16.0,16.0
6-24ч,2026-08-19T10:14:48Z,2026-08-19T18:00:00Z,7.8,92.0,100.0,87.5,-8.0,8.0
6-24ч,2026-08-19T10:14:48Z,2026-08-19T21:00:00Z,10.8,90.0,100.0,87.5,-10.0,10.0
6-24ч,2026-08-19T10:14:48Z,2026-08-20T00:00:00Z,13.8,86.0,100.0,87.5,-14.0,14.0
6-24ч,2026-08-19T10:14:48Z,2026-08-20T03:00:00Z,16.8,88.0,75.0,87.5,13.0,13.0
6-24ч,2026-08-19T10:14:48Z,2026-08-20T06:00:00Z,19.8,90.0,100.0,87.5,-10.0,10.0
6-24ч,2026-08-19T10:14:48Z,2026-08-20T09:00:00Z,22.8,86.0,100.0,87.5,-14.0,14.0
6-24ч,2026-08-19T16:28:17Z,2026-08-20T00:00:00Z,7.5,89.0,100.0,100.0,-11.0,11.0
6-24ч,2026-08-19T16:28:17Z,2026-08-20T03:00:00Z,10.5,92.0,75.0,100.0,17.0,17.0
6-24ч,2026-08-19T16:28:17Z,2026-08-20T06:00:00Z,13.5,93.0,100.0,100.0,-7.0,7.0
6-24ч,2026-08-19T16:28:17Z,2026-08-20T09:00:00Z,16.5,87.0,100.0,100.0,-13.0,13.0
6-24ч,2026-08-19T16:28:17Z,2026-08-20T12:00:00Z,19.5,82.0,87.5,100.0,-5.5,5.5
6-24ч,2026-08-19T16:28:17Z,2026-08-20T15:00:00Z,22.5,85.0,87.5,100.0,-2.5,2.5
6-24ч,2026-08-20T04:31:56Z,2026-08-20T12:00:00Z,7.5,68.0,87.5,75.0,-19.5,19.5
6-24ч,2026-08-20T04:31:56Z,2026-08-20T15:00:00Z,10.5,64.0,87.5,75.0,-23.5,23.5
6-24ч,2026-08-20T04:31:56Z,2026-08-20T18:00:00Z,13.5,64.0,100.0,75.0,-36.0,36.0
6-24ч,2026-08-20T04:31:56Z,2026-08-20T21:00:00Z,16.5,64.0,100.0,75.0,-36.0,36.0
6-24ч,2026-08-20T04:31:56Z,2026-08-21T00:00:00Z,19.5,62.0,87.5,75.0,-25.5,25.5
6-24ч,2026-08-20T04:31:56Z,2026-08-21T03:00:00Z,22.5,51.0,87.5,75.0,-36.5,36.5
6-24ч,2026-08-20T10:16:10Z,2026-08-20T18:00:00Z,7.7,57.0,100.0,100.0,-43.0,43.0
6-24ч,2026-08-20T10:16:10Z,2026-08-20T21:00:00Z,10.7,81.0,100.0,100.0,-19.0,19.0
6-24ч,2026-08-20T10:16:10Z,2026-08-21T00:00:00Z,13.7,99.0,87.5,100.0,11.5,11.5
6-24ч,2026-08-20T10:16:10Z,2026-08-21T03:00:00Z,16.7,69.0,87.5,100.0,-18.5,18.5
6-24ч,2026-08-20T10:16:10Z,2026-08-21T06:00:00Z,19.7,37.0,62.5,100.0,-25.5,25.5
6-24ч,2026-08-20T10:16:10Z,2026-08-21T09:00:00Z,22.7,46.0,75.0,100.0,-29.0,29.0
6-24ч,2026-08-20T16:31:45Z,2026-08-21T00:00:00Z,7.5,83.0,87.5,87.5,-4.5,4.5
6-24ч,2026-08-20T16:31:45Z,2026-08-21T03:00:00Z,10.5,51.0,87.5,87.5,-36.5,36.5
6-24ч,2026-08-20T16:31:45Z,2026-08-21T06:00:00Z,13.5,20.0,62.5,87.5,-42.5,42.5
6-24ч,2026-08-20T16:31:45Z,2026-08-21T09:00:00Z,16.5,32.0,75.0,87.5,-43.0,43.0
6-24ч,2026-08-20T16:31:45Z,2026-08-21T12:00:00Z,19.5,53.0,87.5,87.5,-34.5,34.5
6-24ч,2026-08-20T16:31:45Z,2026-08-21T15:00:00Z,22.5,57.0,87.5,87.5,-30.5,30.5
6-24ч,2026-08-20T22:34:58Z,2026-08-21T06:00:00Z,7.4,23.0,62.5,100.0,-39.5,39.5
6-24ч,2026-08-20T22:34:58Z,2026-08-21T09:00:00Z,10.4,32.0,75.0,100.0,-43.0,43.0
6-24ч,2026-08-20T22:34:58Z,2026-08-21T12:00:00Z,13.4,48.0,87.5,100.0,-39.5,39.5
6-24ч,2026-08-20T22:34:58Z,2026-08-21T15:00:00Z,16.4,48.0,87.5,100.0,-39.5,39.5
6-24ч,2026-08-20T22:34:58Z,2026-08-21T18:00:00Z,19.4,47.0,100.0,100.0,-53.0,53.0
6-24ч,2026-08-20T22:34:58Z,2026-08-21T21:00:00Z,22.4,54.0,100.0,100.0,-46.0,46.0
6-24ч,2026-08-21T04:32:20Z,2026-08-21T12:00:00Z,7.5,57.0,87.5,87.5,-30.5,30.5
6-24ч,2026-08-21T04:32:20Z,2026-08-21T15:00:00Z,10.5,51.0,87.5,87.5,-36.5,36.5
6-24ч,2026-08-21T04:32:20Z,2026-08-21T18:00:00Z,13.5,45.0,100.0,87.5,-55.0,55.0
6-24ч,2026-08-21T04:32:20Z,2026-08-21T21:00:00Z,16.5,56.0,100.0,87.5,-44.0,44.0
6-24ч,2026-08-21T04:32:20Z,2026-08-22T00:00:00Z,19.5,71.0,100.0,87.5,-29.0,29.0
6-24ч,2026-08-21T04:32:20Z,2026-08-22T03:00:00Z,22.5,85.0,100.0,87.5,-15.0,15.0
6-24ч,2026-08-21T10:16:50Z,2026-08-21T18:00:00Z,7.7,78.0,100.0,75.0,-22.0,22.0
6-24ч,2026-08-21T10:16:50Z,2026-08-21T21:00:00Z,10.7,74.0,100.0,75.0,-26.0,26.0
6-24ч,2026-08-21T10:16:50Z,2026-08-22T00:00:00Z,13.7,71.0,100.0,75.0,-29.0,29.0
6-24ч,2026-08-21T10:16:50Z,2026-08-22T03:00:00Z,16.7,83.0,100.0,75.0,-17.0,17.0
6-24ч,2026-08-21T10:16:50Z,2026-08-22T06:00:00Z,19.7,94.0,100.0,75.0,-6.0,6.0
6-24ч,2026-08-21T10:16:50Z,2026-08-22T09:00:00Z,22.7,94.0,87.5,75.0,6.5,6.5
6-24ч,2026-08-21T16:30:34Z,2026-08-22T00:00:00Z,7.5,75.0,100.0,87.5,-25.0,25.0
6-24ч,2026-08-21T16:30:34Z,2026-08-22T03:00:00Z,10.5,85.0,100.0,87.5,-15.0,15.0
6-24ч,2026-08-21T16:30:34Z,2026-08-22T06:00:00Z,13.5,93.0,100.0,87.5,-7.0,7.0
6-24ч,2026-08-21T16:30:34Z,2026-08-22T09:00:00Z,16.5,88.0,87.5,87.5,0.5,0.5
6-24ч,2026-08-21T16:30:34Z,2026-08-22T12:00:00Z,19.5,77.0,75.0,87.5,2.0,2.0
6-24ч,2026-08-21T16:30:34Z,2026-08-22T15:00:00Z,22.5,56.0,87.5,87.5,-31.5,31.5
6-24ч,2026-08-21T22:32:12Z,2026-08-22T06:00:00Z,7.5,87.0,100.0,100.0,-13.0,13.0
6-24ч,2026-08-21T22:32:12Z,2026-08-22T09:00:00Z,10.5,78.0,87.5,100.0,-9.5,9.5
6-24ч,2026-08-21T22:32:12Z,2026-08-22T12:00:00Z,13.5,65.0,75.0,100.0,-10.0,10.0
6-24ч,2026-08-21T22:32:12Z,2026-08-22T15:00:00Z,16.5,44.0,87.5,100.0,-43.5,43.5
6-24ч,2026-08-21T22:32:12Z,2026-08-22T18:00:00Z,19.5,34.0,87.5,100.0,-53.5,53.5
6-24ч,2026-08-21T22:32:12Z,2026-08-22T21:00:00Z,22.5,65.0,87.5,100.0,-22.5,22.5
6-24ч,2026-08-22T04:26:43Z,2026-08-22T12:00:00Z,7.6,68.0,75.0,100.0,-7.0,7.0
6-24ч,2026-08-22T04:26:43Z,2026-08-22T15:00:00Z,10.6,36.0,87.5,100.0,-51.5,51.5
6-24ч,2026-08-22T04:26:43Z,2026-08-22T18:00:00Z,13.6,17.0,87.5,100.0,-70.5,70.5
6-24ч,2026-08-22T04:26:43Z,2026-08-22T21:00:00Z,16.6,55.0,87.5,100.0,-32.5,32.5
6-24ч,2026-08-22T04:26:43Z,2026-08-23T03:00:00Z,22.6,100.0,37.5,100.0,62.5,62.5
6-24ч,2026-08-22T10:09:41Z,2026-08-22T18:00:00Z,7.8,25.0,87.5,87.5,-62.5,62.5
6-24ч,2026-08-22T10:09:41Z,2026-08-22T21:00:00Z,10.8,61.0,87.5,87.5,-26.5,26.5
6-24ч,2026-08-22T10:09:41Z,2026-08-23T03:00:00Z,16.8,100.0,37.5,87.5,62.5,62.5
6-24ч,2026-08-22T10:09:41Z,2026-08-23T06:00:00Z,19.8,100.0,87.5,87.5,12.5,12.5
6-24ч,2026-08-22T10:09:41Z,2026-08-23T09:00:00Z,22.8,97.0,87.5,87.5,9.5,9.5
6-24ч,2026-08-22T16:20:08Z,2026-08-23T03:00:00Z,10.7,100.0,37.5,87.5,62.5,62.5
6-24ч,2026-08-22T16:20:08Z,2026-08-23T06:00:00Z,13.7,100.0,87.5,87.5,12.5,12.5
6-24ч,2026-08-22T16:20:08Z,2026-08-23T09:00:00Z,16.7,100.0,87.5,87.5,12.5,12.5
6-24ч,2026-08-22T16:20:08Z,2026-08-23T12:00:00Z,19.7,100.0,100.0,87.5,0.0,0.0
6-24ч,2026-08-22T16:20:08Z,2026-08-23T15:00:00Z,22.7,90.0,100.0,87.5,-10.0,10.0
6-24ч,2026-08-22T22:29:28Z,2026-08-23T06:00:00Z,7.5,100.0,87.5,87.5,12.5,12.5
6-24ч,2026-08-22T22:29:28Z,2026-08-23T09:00:00Z,10.5,100.0,87.5,87.5,12.5,12.5
6-24ч,2026-08-22T22:29:28Z,2026-08-23T12:00:00Z,13.5,98.0,100.0,87.5,-2.0,2.0
6-24ч,2026-08-22T22:29:28Z,2026-08-23T15:00:00Z,16.5,94.0,100.0,87.5,-6.0,6.0
6-24ч,2026-08-22T22:29:28Z,2026-08-23T18:00:00Z,19.5,90.0,100.0,87.5,-10.0,10.0
6-24ч,2026-08-22T22:29:28Z,2026-08-23T21:00:00Z,22.5,90.0,100.0,87.5,-10.0,10.0
6-24ч,2026-08-23T04:31:06Z,2026-08-23T12:00:00Z,7.5,100.0,100.0,37.5,0.0,0.0
6-24ч,2026-08-23T04:31:06Z,2026-08-23T15:00:00Z,10.5,97.0,100.0,37.5,-3.0,3.0
6-24ч,2026-08-23T04:31:06Z,2026-08-23T18:00:00Z,13.5,94.0,100.0,37.5,-6.0,6.0
6-24ч,2026-08-23T04:31:06Z,2026-08-23T21:00:00Z,16.5,97.0,100.0,37.5,-3.0,3.0
6-24ч,2026-08-23T04:31:06Z,2026-08-24T00:00:00Z,19.5,99.0,100.0,37.5,-1.0,1.0
6-24ч,2026-08-23T04:31:06Z,2026-08-24T03:00:00Z,22.5,97.0,100.0,37.5,-3.0,3.0
6-24ч,2026-08-23T10:10:14Z,2026-08-23T18:00:00Z,7.8,88.0,100.0,87.5,-12.0,12.0
6-24ч,2026-08-23T10:10:14Z,2026-08-23T21:00:00Z,10.8,88.0,100.0,87.5,-12.0,12.0
6-24ч,2026-08-23T10:10:14Z,2026-08-24T00:00:00Z,13.8,90.0,100.0,87.5,-10.0,10.0
6-24ч,2026-08-23T10:10:14Z,2026-08-24T03:00:00Z,16.8,96.0,100.0,87.5,-4.0,4.0
6-24ч,2026-08-23T10:10:14Z,2026-08-24T06:00:00Z,19.8,99.0,100.0,87.5,-1.0,1.0
6-24ч,2026-08-23T10:10:14Z,2026-08-24T09:00:00Z,22.8,87.0,100.0,87.5,-13.0,13.0
6-24ч,2026-08-23T16:21:17Z,2026-08-24T00:00:00Z,7.6,90.0,100.0,100.0,-10.0,10.0
6-24ч,2026-08-23T16:21:17Z,2026-08-24T03:00:00Z,10.6,96.0,100.0,100.0,-4.0,4.0
6-24ч,2026-08-23T16:21:17Z,2026-08-24T06:00:00Z,13.6,98.0,100.0,100.0,-2.0,2.0
6-24ч,2026-08-23T16:21:17Z,2026-08-24T09:00:00Z,16.6,86.0,100.0,100.0,-14.0,14.0
6-24ч,2026-08-23T16:21:17Z,2026-08-24T12:00:00Z,19.6,73.0,100.0,100.0,-27.0,27.0
6-24ч,2026-08-23T16:21:17Z,2026-08-24T15:00:00Z,22.6,72.0,100.0,100.0,-28.0,28.0
6-24ч,2026-08-23T22:29:36Z,2026-08-24T06:00:00Z,7.5,98.0,100.0,100.0,-2.0,2.0
6-24ч,2026-08-23T22:29:36Z,2026-08-24T09:00:00Z,10.5,88.0,100.0,100.0,-12.0,12.0
6-24ч,2026-08-23T22:29:36Z,2026-08-24T12:00:00Z,13.5,76.0,100.0,100.0,-24.0,24.0
6-24ч,2026-08-23T22:29:36Z,2026-08-24T15:00:00Z,16.5,71.0,100.0,100.0,-29.0,29.0
6-24ч,2026-08-23T22:29:36Z,2026-08-24T18:00:00Z,19.5,70.0,100.0,100.0,-30.0,30.0
6-24ч,2026-08-23T22:29:36Z,2026-08-24T21:00:00Z,22.5,74.0,100.0,100.0,-26.0,26.0
6-24ч,2026-08-24T04:38:48Z,2026-08-24T12:00:00Z,7.4,69.0,100.0,100.0,-31.0,31.0
6-24ч,2026-08-24T04:38:48Z,2026-08-24T15:00:00Z,10.4,60.0,100.0,100.0,-40.0,40.0
6-24ч,2026-08-24T04:38:48Z,2026-08-24T18:00:00Z,13.4,57.0,100.0,100.0,-43.0,43.0
6-24ч,2026-08-24T04:38:48Z,2026-08-24T21:00:00Z,16.4,70.0,100.0,100.0,-30.0,30.0
6-24ч,2026-08-24T04:38:48Z,2026-08-25T00:00:00Z,19.4,84.0,100.0,100.0,-16.0,16.0
6-24ч,2026-08-24T04:38:48Z,2026-08-25T03:00:00Z,22.4,87.0,100.0,100.0,-13.0,13.0
6-24ч,2026-08-24T10:24:38Z,2026-08-24T18:00:00Z,7.6,68.0,100.0,100.0,-32.0,32.0
6-24ч,2026-08-24T10:24:38Z,2026-08-24T21:00:00Z,10.6,71.0,100.0,100.0,-29.0,29.0
6-24ч,2026-08-24T10:24:38Z,2026-08-25T00:00:00Z,13.6,78.0,100.0,100.0,-22.0,22.0
6-24ч,2026-08-24T10:24:38Z,2026-08-25T03:00:00Z,16.6,89.0,100.0,100.0,-11.0,11.0
6-24ч,2026-08-24T10:24:38Z,2026-08-25T06:00:00Z,19.6,97.0,100.0,100.0,-3.0,3.0
6-24ч,2026-08-24T10:24:38Z,2026-08-25T09:00:00Z,22.6,96.0,100.0,100.0,-4.0,4.0
6-24ч,2026-08-24T16:34:00Z,2026-08-25T00:00:00Z,7.4,80.0,100.0,100.0,-20.0,20.0
6-24ч,2026-08-24T16:34:00Z,2026-08-25T03:00:00Z,10.4,84.0,100.0,100.0,-16.0,16.0
6-24ч,2026-08-24T16:34:00Z,2026-08-25T06:00:00Z,13.4,87.0,100.0,100.0,-13.0,13.0
6-24ч,2026-08-24T16:34:00Z,2026-08-25T09:00:00Z,16.4,86.0,100.0,100.0,-14.0,14.0
6-24ч,2026-08-24T16:34:00Z,2026-08-25T12:00:00Z,19.4,82.0,87.5,100.0,-5.5,5.5
6-24ч,2026-08-24T16:34:00Z,2026-08-25T15:00:00Z,22.4,72.0,87.5,100.0,-15.5,15.5
6-24ч,2026-08-24T22:34:40Z,2026-08-25T06:00:00Z,7.4,91.0,100.0,100.0,-9.0,9.0
6-24ч,2026-08-24T22:34:40Z,2026-08-25T09:00:00Z,10.4,83.0,100.0,100.0,-17.0,17.0
6-24ч,2026-08-24T22:34:40Z,2026-08-25T12:00:00Z,13.4,72.0,87.5,100.0,-15.5,15.5
6-24ч,2026-08-24T22:34:40Z,2026-08-25T15:00:00Z,16.4,59.0,87.5,100.0,-28.5,28.5
6-24ч,2026-08-24T22:34:40Z,2026-08-25T18:00:00Z,19.4,49.0,87.5,100.0,-38.5,38.5
6-24ч,2026-08-24T22:34:40Z,2026-08-25T21:00:00Z,22.4,48.0,12.5,100.0,35.5,35.5
6-24ч,2026-08-25T04:33:15Z,2026-08-25T12:00:00Z,7.4,79.0,87.5,100.0,-8.5,8.5
6-24ч,2026-08-25T04:33:15Z,2026-08-25T15:00:00Z,10.4,60.0,87.5,100.0,-27.5,27.5
6-24ч,2026-08-25T04:33:15Z,2026-08-25T18:00:00Z,13.4,43.0,87.5,100.0,-44.5,44.5
6-24ч,2026-08-25T04:33:15Z,2026-08-25T21:00:00Z,16.4,39.0,12.5,100.0,26.5,26.5
6-24ч,2026-08-25T04:33:15Z,2026-08-26T00:00:00Z,19.4,45.0,75.0,100.0,-30.0,30.0
6-24ч,2026-08-25T04:33:15Z,2026-08-26T03:00:00Z,22.4,65.0,87.5,100.0,-22.5,22.5
6-24ч,2026-08-25T10:18:20Z,2026-08-25T18:00:00Z,7.7,47.0,87.5,100.0,-40.5,40.5
6-24ч,2026-08-25T10:18:20Z,2026-08-25T21:00:00Z,10.7,28.0,12.5,100.0,15.5,15.5
6-24ч,2026-08-25T10:18:20Z,2026-08-26T00:00:00Z,13.7,21.0,75.0,100.0,-54.0,54.0
6-24ч,2026-08-25T10:18:20Z,2026-08-26T03:00:00Z,16.7,52.0,87.5,100.0,-35.5,35.5
6-24ч,2026-08-25T10:18:20Z,2026-08-26T06:00:00Z,19.7,85.0,87.5,100.0,-2.5,2.5
6-24ч,2026-08-25T10:18:20Z,2026-08-26T09:00:00Z,22.7,88.0,100.0,100.0,-12.0,12.0
6-24ч,2026-08-25T16:33:53Z,2026-08-26T00:00:00Z,7.4,14.0,75.0,87.5,-61.0,61.0
6-24ч,2026-08-25T16:33:53Z,2026-08-26T03:00:00Z,10.4,41.0,87.5,87.5,-46.5,46.5
6-24ч,2026-08-25T16:33:53Z,2026-08-26T06:00:00Z,13.4,75.0,87.5,87.5,-12.5,12.5
6-24ч,2026-08-25T16:33:53Z,2026-08-26T09:00:00Z,16.4,89.0,100.0,87.5,-11.0,11.0
6-24ч,2026-08-25T16:33:53Z,2026-08-26T12:00:00Z,19.4,89.0,100.0,87.5,-11.0,11.0
6-24ч,2026-08-25T16:33:53Z,2026-08-26T15:00:00Z,22.4,66.0,25.0,87.5,41.0,41.0
6-24ч,2026-08-25T22:34:48Z,2026-08-26T06:00:00Z,7.4,77.0,87.5,12.5,-10.5,10.5
6-24ч,2026-08-25T22:34:48Z,2026-08-26T09:00:00Z,10.4,94.0,100.0,12.5,-6.0,6.0
6-24ч,2026-08-25T22:34:48Z,2026-08-26T12:00:00Z,13.4,92.0,100.0,12.5,-8.0,8.0
6-24ч,2026-08-25T22:34:48Z,2026-08-26T15:00:00Z,16.4,48.0,25.0,12.5,23.0,23.0
6-24ч,2026-08-25T22:34:48Z,2026-08-26T18:00:00Z,19.4,4.0,12.5,12.5,-8.5,8.5
6-24ч,2026-08-25T22:34:48Z,2026-08-26T21:00:00Z,22.4,6.0,12.5,12.5,-6.5,6.5
6-24ч,2026-08-26T04:34:15Z,2026-08-26T12:00:00Z,7.4,93.0,100.0,87.5,-7.0,7.0
6-24ч,2026-08-26T04:34:15Z,2026-08-26T15:00:00Z,10.4,65.0,25.0,87.5,40.0,40.0
6-24ч,2026-08-26T04:34:15Z,2026-08-26T18:00:00Z,13.4,31.0,12.5,87.5,18.5,18.5
6-24ч,2026-08-26T04:34:15Z,2026-08-26T21:00:00Z,16.4,14.0,12.5,87.5,1.5,1.5
6-24ч,2026-08-26T04:34:15Z,2026-08-27T00:00:00Z,19.4,8.0,0.0,87.5,8.0,8.0
6-24ч,2026-08-26T04:34:15Z,2026-08-27T03:00:00Z,22.4,18.0,87.5,87.5,-69.5,69.5
6-24ч,2026-08-26T10:21:58Z,2026-08-26T18:00:00Z,7.6,49.0,12.5,100.0,36.5,36.5
6-24ч,2026-08-26T10:21:58Z,2026-08-26T21:00:00Z,10.6,27.0,12.5,100.0,14.5,14.5
6-24ч,2026-08-26T10:21:58Z,2026-08-27T00:00:00Z,13.6,11.0,0.0,100.0,11.0,11.0
6-24ч,2026-08-26T10:21:58Z,2026-08-27T03:00:00Z,16.6,9.0,87.5,100.0,-78.5,78.5
6-24ч,2026-08-26T10:21:58Z,2026-08-27T06:00:00Z,19.6,13.0,87.5,100.0,-74.5,74.5
6-24ч,2026-08-26T10:21:58Z,2026-08-27T09:00:00Z,22.6,21.0,87.5,100.0,-66.5,66.5
6-24ч,2026-08-26T16:46:17Z,2026-08-27T00:00:00Z,7.2,7.0,0.0,25.0,7.0,7.0
6-24ч,2026-08-26T16:46:17Z,2026-08-27T03:00:00Z,10.2,8.0,87.5,25.0,-79.5,79.5
6-24ч,2026-08-26T16:46:17Z,2026-08-27T06:00:00Z,13.2,15.0,87.5,25.0,-72.5,72.5
6-24ч,2026-08-26T16:46:17Z,2026-08-27T09:00:00Z,16.2,27.0,87.5,25.0,-60.5,60.5
6-24ч,2026-08-26T16:46:17Z,2026-08-27T12:00:00Z,19.2,36.0,75.0,25.0,-39.0,39.0
6-24ч,2026-08-26T16:46:17Z,2026-08-27T15:00:00Z,22.2,30.0,37.5,25.0,-7.5,7.5
6-24ч,2026-08-27T03:02:51Z,2026-08-27T12:00:00Z,9.0,45.0,75.0,87.5,-30.0,30.0
6-24ч,2026-08-27T03:02:51Z,2026-08-27T15:00:00Z,12.0,40.0,37.5,87.5,2.5,2.5
6-24ч,2026-08-27T03:02:51Z,2026-08-27T18:00:00Z,15.0,28.0,87.5,87.5,-59.5,59.5
6-24ч,2026-08-27T03:02:51Z,2026-08-27T21:00:00Z,18.0,14.0,25.0,87.5,-11.0,11.0
6-24ч,2026-08-27T03:02:51Z,2026-08-28T00:00:00Z,21.0,3.0,100.0,87.5,-97.0,97.0
6-24ч,2026-08-27T03:02:51Z,2026-08-28T03:00:00Z,24.0,7.0,12.5,87.5,-5.5,5.5
6-24ч,2026-08-27T14:55:44Z,2026-08-27T21:00:00Z,6.1,55.0,25.0,75.0,30.0,30.0
6-24ч,2026-08-27T14:55:44Z,2026-08-28T00:00:00Z,9.1,37.0,100.0,75.0,-63.0,63.0
6-24ч,2026-08-27T14:55:44Z,2026-08-28T03:00:00Z,12.1,35.0,12.5,75.0,22.5,22.5
6-24ч,2026-08-27T14:55:44Z,2026-08-28T06:00:00Z,15.1,40.0,87.5,75.0,-47.5,47.5
6-24ч,2026-08-27T14:55:44Z,2026-08-28T09:00:00Z,18.1,55.0,75.0,75.0,-20.0,20.0
6-24ч,2026-08-27T14:55:44Z,2026-08-28T12:00:00Z,21.1,62.0,75.0,75.0,-13.0,13.0
6-24ч,2026-08-27T20:01:22Z,2026-08-28T03:00:00Z,7.0,23.0,12.5,87.5,10.5,10.5
6-24ч,2026-08-27T20:01:22Z,2026-08-28T06:00:00Z,10.0,38.0,87.5,87.5,-49.5,49.5
6-24ч,2026-08-27T20:01:22Z,2026-08-28T09:00:00Z,13.0,56.0,75.0,87.5,-19.0,19.0
6-24ч,2026-08-27T20:01:22Z,2026-08-28T12:00:00Z,16.0,63.0,75.0,87.5,-12.0,12.0
6-24ч,2026-08-27T20:01:22Z,2026-08-28T15:00:00Z,19.0,32.0,25.0,87.5,7.0,7.0
6-24ч,2026-08-27T20:01:22Z,2026-08-28T18:00:00Z,22.0,1.0,0.0,87.5,1.0,1.0
6-24ч,2026-08-28T00:44:37Z,2026-08-28T09:00:00Z,8.3,48.0,75.0,100.0,-27.0,27.0
6-24ч,2026-08-28T00:44:37Z,2026-08-28T12:00:00Z,11.3,58.0,75.0,100.0,-17.0,17.0
6-24ч,2026-08-28T00:44:37Z,2026-08-28T15:00:00Z,14.3,40.0,25.0,100.0,15.0,15.0
6-24ч,2026-08-28T00:44:37Z,2026-08-28T18:00:00Z,17.3,20.0,0.0,100.0,20.0,20.0
6-24ч,2026-08-28T00:44:37Z,2026-08-28T21:00:00Z,20.3,17.0,50.0,100.0,-33.0,33.0
6-24ч,2026-08-28T00:44:37Z,2026-08-29T00:00:00Z,23.3,26.0,0.0,100.0,26.0,26.0
6-24ч,2026-08-28T06:03:31Z,2026-08-28T15:00:00Z,8.9,48.0,25.0,87.5,23.0,23.0
6-24ч,2026-08-28T06:03:31Z,2026-08-28T18:00:00Z,11.9,38.0,0.0,87.5,38.0,38.0
6-24ч,2026-08-28T06:03:31Z,2026-08-28T21:00:00Z,14.9,59.0,50.0,87.5,9.0,9.0
6-24ч,2026-08-28T06:03:31Z,2026-08-29T00:00:00Z,17.9,74.0,0.0,87.5,74.0,74.0
6-24ч,2026-08-28T06:03:31Z,2026-08-29T03:00:00Z,20.9,42.0,0.0,87.5,42.0,42.0
6-24ч,2026-08-28T06:03:31Z,2026-08-29T06:00:00Z,23.9,9.0,12.5,87.5,-3.5,3.5
6-24ч,2026-08-28T15:51:06Z,2026-08-29T00:00:00Z,8.1,73.0,0.0,25.0,73.0,73.0
6-24ч,2026-08-28T15:51:06Z,2026-08-29T03:00:00Z,11.1,37.0,0.0,25.0,37.0,37.0
6-24ч,2026-08-28T15:51:06Z,2026-08-29T06:00:00Z,14.1,1.0,12.5,25.0,-11.5,11.5
6-24ч,2026-08-28T15:51:06Z,2026-08-29T09:00:00Z,17.1,23.0,12.5,25.0,10.5,10.5
6-24ч,2026-08-28T15:51:06Z,2026-08-29T12:00:00Z,20.1,52.0,0.0,25.0,52.0,52.0
6-24ч,2026-08-28T15:51:06Z,2026-08-29T15:00:00Z,23.1,49.0,12.5,25.0,36.5,36.5
6-24ч,2026-08-29T00:23:24Z,2026-08-29T09:00:00Z,8.6,18.0,12.5,0.0,5.5,5.5
6-24ч,2026-08-29T00:23:24Z,2026-08-29T12:00:00Z,11.6,29.0,0.0,0.0,29.0,29.0
6-24ч,2026-08-29T00:23:24Z,2026-08-29T15:00:00Z,14.6,39.0,12.5,0.0,26.5,26.5
6-24ч,2026-08-29T00:23:24Z,2026-08-29T18:00:00Z,17.6,50.0,12.5,0.0,37.5,37.5
6-24ч,2026-08-29T00:23:24Z,2026-08-29T21:00:00Z,20.6,61.0,0.0,0.0,61.0,61.0
6-24ч,2026-08-29T00:23:24Z,2026-08-30T00:00:00Z,23.6,64.0,87.5,0.0,-23.5,23.5
6-24ч,2026-08-29T03:37:28Z,2026-08-29T12:00:00Z,8.4,29.0,0.0,0.0,29.0,29.0
6-24ч,2026-08-29T03:37:28Z,2026-08-29T15:00:00Z,11.4,39.0,12.5,0.0,26.5,26.5
6-24ч,2026-08-29T03:37:28Z,2026-08-29T18:00:00Z,14.4,50.0,12.5,0.0,37.5,37.5
6-24ч,2026-08-29T03:37:28Z,2026-08-29T21:00:00Z,17.4,61.0,0.0,0.0,61.0,61.0
6-24ч,2026-08-29T03:37:28Z,2026-08-30T00:00:00Z,20.4,64.0,87.5,0.0,-23.5,23.5
6-24ч,2026-08-29T03:37:28Z,2026-08-30T03:00:00Z,23.4,46.0,87.5,0.0,-41.5,41.5
6-24ч,2026-08-29T10:40:21Z,2026-08-29T18:00:00Z,7.3,4.0,12.5,12.5,-8.5,8.5
6-24ч,2026-08-29T10:40:21Z,2026-08-29T21:00:00Z,10.3,13.0,0.0,12.5,13.0,13.0
6-24ч,2026-08-29T10:40:21Z,2026-08-30T00:00:00Z,13.3,25.0,87.5,12.5,-62.5,62.5
6-24ч,2026-08-29T10:40:21Z,2026-08-30T03:00:00Z,16.3,33.0,87.5,12.5,-54.5,54.5
6-24ч,2026-08-29T10:40:21Z,2026-08-30T06:00:00Z,19.3,40.0,87.5,12.5,-47.5,47.5
6-24ч,2026-08-29T10:40:21Z,2026-08-30T09:00:00Z,22.3,49.0,25.0,12.5,24.0,24.0
6-24ч,2026-08-29T14:43:22Z,2026-08-29T21:00:00Z,6.3,13.0,0.0,0.0,13.0,13.0
6-24ч,2026-08-29T14:43:22Z,2026-08-30T00:00:00Z,9.3,25.0,87.5,0.0,-62.5,62.5
6-24ч,2026-08-29T14:43:22Z,2026-08-30T03:00:00Z,12.3,33.0,87.5,0.0,-54.5,54.5
6-24ч,2026-08-29T14:43:22Z,2026-08-30T06:00:00Z,15.3,40.0,87.5,0.0,-47.5,47.5
6-24ч,2026-08-29T14:43:22Z,2026-08-30T09:00:00Z,18.3,49.0,25.0,0.0,24.0,24.0
6-24ч,2026-08-29T14:43:22Z,2026-08-30T12:00:00Z,21.3,56.0,25.0,0.0,31.0,31.0
6-24ч,2026-08-29T19:10:40Z,2026-08-30T03:00:00Z,7.8,38.0,87.5,12.5,-49.5,49.5
6-24ч,2026-08-29T19:10:40Z,2026-08-30T06:00:00Z,10.8,50.0,87.5,12.5,-37.5,37.5
6-24ч,2026-08-29T19:10:40Z,2026-08-30T09:00:00Z,13.8,61.0,25.0,12.5,36.0,36.0
6-24ч,2026-08-29T19:10:40Z,2026-08-30T12:00:00Z,16.8,67.0,25.0,12.5,42.0,42.0
6-24ч,2026-08-30T00:04:13Z,2026-08-30T09:00:00Z,8.9,58.0,25.0,87.5,33.0,33.0
6-24ч,2026-08-30T00:04:13Z,2026-08-30T12:00:00Z,11.9,48.0,25.0,87.5,23.0,23.0
1-2 дня,2026-08-06T09:50:07Z,2026-08-07T12:00:00Z,26.2,50.0,87.5,87.5,-37.5,37.5
1-2 дня,2026-08-06T09:50:07Z,2026-08-07T15:00:00Z,29.2,40.0,87.5,87.5,-47.5,47.5
1-2 дня,2026-08-06T09:50:07Z,2026-08-07T18:00:00Z,32.2,39.0,87.5,100.0,-48.5,48.5
1-2 дня,2026-08-06T09:50:07Z,2026-08-07T21:00:00Z,35.2,53.0,87.5,100.0,-34.5,34.5
1-2 дня,2026-08-06T09:50:07Z,2026-08-08T00:00:00Z,38.2,67.0,100.0,100.0,-33.0,33.0
1-2 дня,2026-08-06T09:50:07Z,2026-08-08T03:00:00Z,41.2,69.0,100.0,100.0,-31.0,31.0
1-2 дня,2026-08-06T09:50:07Z,2026-08-08T06:00:00Z,44.2,63.0,100.0,100.0,-37.0,37.0
1-2 дня,2026-08-06T09:50:07Z,2026-08-08T09:00:00Z,47.2,41.0,100.0,100.0,-59.0,59.0
1-2 дня,2026-08-06T09:59:18Z,2026-08-07T12:00:00Z,26.0,50.0,87.5,87.5,-37.5,37.5
1-2 дня,2026-08-06T09:59:18Z,2026-08-07T15:00:00Z,29.0,40.0,87.5,87.5,-47.5,47.5
1-2 дня,2026-08-06T09:59:18Z,2026-08-07T18:00:00Z,32.0,39.0,87.5,100.0,-48.5,48.5
1-2 дня,2026-08-06T09:59:18Z,2026-08-07T21:00:00Z,35.0,53.0,87.5,100.0,-34.5,34.5
1-2 дня,2026-08-06T09:59:18Z,2026-08-08T00:00:00Z,38.0,67.0,100.0,100.0,-33.0,33.0
1-2 дня,2026-08-06T09:59:18Z,2026-08-08T03:00:00Z,41.0,69.0,100.0,100.0,-31.0,31.0
1-2 дня,2026-08-06T09:59:18Z,2026-08-08T06:00:00Z,44.0,63.0,100.0,100.0,-37.0,37.0
1-2 дня,2026-08-06T09:59:18Z,2026-08-08T09:00:00Z,47.0,41.0,100.0,100.0,-59.0,59.0
1-2 дня,2026-08-06T10:08:26Z,2026-08-07T12:00:00Z,25.9,50.0,87.5,87.5,-37.5,37.5
1-2 дня,2026-08-06T10:08:26Z,2026-08-07T15:00:00Z,28.9,40.0,87.5,87.5,-47.5,47.5
1-2 дня,2026-08-06T10:08:26Z,2026-08-07T18:00:00Z,31.9,39.0,87.5,100.0,-48.5,48.5
1-2 дня,2026-08-06T10:08:26Z,2026-08-07T21:00:00Z,34.9,53.0,87.5,100.0,-34.5,34.5
1-2 дня,2026-08-06T10:08:26Z,2026-08-08T00:00:00Z,37.9,67.0,100.0,100.0,-33.0,33.0
1-2 дня,2026-08-06T10:08:26Z,2026-08-08T03:00:00Z,40.9,69.0,100.0,100.0,-31.0,31.0
1-2 дня,2026-08-06T10:08:26Z,2026-08-08T06:00:00Z,43.9,63.0,100.0,100.0,-37.0,37.0
1-2 дня,2026-08-06T10:08:26Z,2026-08-08T09:00:00Z,46.9,41.0,100.0,100.0,-59.0,59.0
1-2 дня,2026-08-06T10:47:54Z,2026-08-07T12:00:00Z,25.2,50.0,87.5,87.5,-37.5,37.5
1-2 дня,2026-08-06T10:47:54Z,2026-08-07T15:00:00Z,28.2,40.0,87.5,87.5,-47.5,47.5
1-2 дня,2026-08-06T10:47:54Z,2026-08-07T18:00:00Z,31.2,39.0,87.5,100.0,-48.5,48.5
1-2 дня,2026-08-06T10:47:54Z,2026-08-07T21:00:00Z,34.2,53.0,87.5,100.0,-34.5,34.5
1-2 дня,2026-08-06T10:47:54Z,2026-08-08T00:00:00Z,37.2,67.0,100.0,100.0,-33.0,33.0
1-2 дня,2026-08-06T10:47:54Z,2026-08-08T03:00:00Z,40.2,69.0,100.0,100.0,-31.0,31.0
1-2 дня,2026-08-06T10:47:54Z,2026-08-08T06:00:00Z,43.2,63.0,100.0,100.0,-37.0,37.0
1-2 дня,2026-08-06T10:47:54Z,2026-08-08T09:00:00Z,46.2,41.0,100.0,100.0,-59.0,59.0
1-2 дня,2026-08-06T11:30:42Z,2026-08-07T12:00:00Z,24.5,50.0,87.5,87.5,-37.5,37.5
1-2 дня,2026-08-06T11:30:42Z,2026-08-07T15:00:00Z,27.5,40.0,87.5,87.5,-47.5,47.5
1-2 дня,2026-08-06T11:30:42Z,2026-08-07T18:00:00Z,30.5,39.0,87.5,100.0,-48.5,48.5
1-2 дня,2026-08-06T11:30:42Z,2026-08-07T21:00:00Z,33.5,53.0,87.5,100.0,-34.5,34.5
1-2 дня,2026-08-06T11:30:42Z,2026-08-08T00:00:00Z,36.5,67.0,100.0,100.0,-33.0,33.0
1-2 дня,2026-08-06T11:30:42Z,2026-08-08T03:00:00Z,39.5,69.0,100.0,100.0,-31.0,31.0
1-2 дня,2026-08-06T11:30:42Z,2026-08-08T06:00:00Z,42.5,63.0,100.0,100.0,-37.0,37.0
1-2 дня,2026-08-06T11:30:42Z,2026-08-08T09:00:00Z,45.5,41.0,100.0,100.0,-59.0,59.0
1-2 дня,2026-08-06T11:36:01Z,2026-08-07T12:00:00Z,24.4,50.0,87.5,87.5,-37.5,37.5
1-2 дня,2026-08-06T11:36:01Z,2026-08-07T15:00:00Z,27.4,40.0,87.5,87.5,-47.5,47.5
1-2 дня,2026-08-06T11:36:01Z,2026-08-07T18:00:00Z,30.4,39.0,87.5,100.0,-48.5,48.5
1-2 дня,2026-08-06T11:36:01Z,2026-08-07T21:00:00Z,33.4,53.0,87.5,100.0,-34.5,34.5
1-2 дня,2026-08-06T11:36:01Z,2026-08-08T00:00:00Z,36.4,67.0,100.0,100.0,-33.0,33.0
1-2 дня,2026-08-06T11:36:01Z,2026-08-08T03:00:00Z,39.4,69.0,100.0,100.0,-31.0,31.0
1-2 дня,2026-08-06T11:36:01Z,2026-08-08T06:00:00Z,42.4,63.0,100.0,100.0,-37.0,37.0
1-2 дня,2026-08-06T11:36:01Z,2026-08-08T09:00:00Z,45.4,41.0,100.0,100.0,-59.0,59.0
1-2 дня,2026-08-06T11:44:08Z,2026-08-07T12:00:00Z,24.3,50.0,87.5,87.5,-37.5,37.5
1-2 дня,2026-08-06T11:44:08Z,2026-08-07T15:00:00Z,27.3,40.0,87.5,87.5,-47.5,47.5
1-2 дня,2026-08-06T11:44:08Z,2026-08-07T18:00:00Z,30.3,39.0,87.5,100.0,-48.5,48.5
1-2 дня,2026-08-06T11:44:08Z,2026-08-07T21:00:00Z,33.3,53.0,87.5,100.0,-34.5,34.5
1-2 дня,2026-08-06T11:44:08Z,2026-08-08T00:00:00Z,36.3,67.0,100.0,100.0,-33.0,33.0
1-2 дня,2026-08-06T11:44:08Z,2026-08-08T03:00:00Z,39.3,69.0,100.0,100.0,-31.0,31.0
1-2 дня,2026-08-06T11:44:08Z,2026-08-08T06:00:00Z,42.3,63.0,100.0,100.0,-37.0,37.0
1-2 дня,2026-08-06T11:44:08Z,2026-08-08T09:00:00Z,45.3,41.0,100.0,100.0,-59.0,59.0
1-2 дня,2026-08-07T01:31:32Z,2026-08-08T03:00:00Z,25.5,66.0,100.0,100.0,-34.0,34.0
1-2 дня,2026-08-07T01:31:32Z,2026-08-08T06:00:00Z,28.5,77.0,100.0,100.0,-23.0,23.0
1-2 дня,2026-08-07T01:31:32Z,2026-08-08T09:00:00Z,31.5,56.0,100.0,100.0,-44.0,44.0
1-2 дня,2026-08-07T01:31:32Z,2026-08-08T12:00:00Z,34.5,34.0,100.0,87.5,-66.0,66.0
1-2 дня,2026-08-07T01:31:32Z,2026-08-08T15:00:00Z,37.5,43.0,87.5,87.5,-44.5,44.5
1-2 дня,2026-08-07T01:31:32Z,2026-08-08T18:00:00Z,40.5,61.0,100.0,87.5,-39.0,39.0
1-2 дня,2026-08-07T01:31:32Z,2026-08-08T21:00:00Z,43.5,74.0,87.5,87.5,-13.5,13.5
1-2 дня,2026-08-07T01:31:32Z,2026-08-09T00:00:00Z,46.5,85.0,87.5,100.0,-2.5,2.5
1-2 дня,2026-08-07T05:36:00Z,2026-08-08T06:00:00Z,24.4,64.0,100.0,100.0,-36.0,36.0
1-2 дня,2026-08-07T05:36:00Z,2026-08-08T09:00:00Z,27.4,68.0,100.0,100.0,-32.0,32.0
1-2 дня,2026-08-07T05:36:00Z,2026-08-08T12:00:00Z,30.4,68.0,100.0,87.5,-32.0,32.0
1-2 дня,2026-08-07T05:36:00Z,2026-08-08T15:00:00Z,33.4,62.0,87.5,87.5,-25.5,25.5
1-2 дня,2026-08-07T05:36:00Z,2026-08-08T18:00:00Z,36.4,60.0,100.0,87.5,-40.0,40.0
1-2 дня,2026-08-07T05:36:00Z,2026-08-08T21:00:00Z,39.4,79.0,87.5,87.5,-8.5,8.5
1-2 дня,2026-08-07T05:36:00Z,2026-08-09T00:00:00Z,42.4,93.0,87.5,100.0,5.5,5.5
1-2 дня,2026-08-07T05:36:00Z,2026-08-09T03:00:00Z,45.4,72.0,100.0,100.0,-28.0,28.0
1-2 дня,2026-08-07T06:18:59Z,2026-08-08T09:00:00Z,26.7,68.0,100.0,100.0,-32.0,32.0
1-2 дня,2026-08-07T06:18:59Z,2026-08-08T12:00:00Z,29.7,68.0,100.0,87.5,-32.0,32.0
1-2 дня,2026-08-07T06:18:59Z,2026-08-08T15:00:00Z,32.7,62.0,87.5,87.5,-25.5,25.5
1-2 дня,2026-08-07T06:18:59Z,2026-08-08T18:00:00Z,35.7,60.0,100.0,87.5,-40.0,40.0
1-2 дня,2026-08-07T06:18:59Z,2026-08-08T21:00:00Z,38.7,79.0,87.5,87.5,-8.5,8.5
1-2 дня,2026-08-07T06:18:59Z,2026-08-09T00:00:00Z,41.7,93.0,87.5,100.0,5.5,5.5
1-2 дня,2026-08-07T06:18:59Z,2026-08-09T03:00:00Z,44.7,72.0,100.0,100.0,-28.0,28.0
1-2 дня,2026-08-07T06:18:59Z,2026-08-09T06:00:00Z,47.7,51.0,100.0,100.0,-49.0,49.0
1-2 дня,2026-08-07T07:13:52Z,2026-08-08T09:00:00Z,25.8,68.0,100.0,100.0,-32.0,32.0
1-2 дня,2026-08-07T07:13:52Z,2026-08-08T12:00:00Z,28.8,68.0,100.0,87.5,-32.0,32.0
1-2 дня,2026-08-07T07:13:52Z,2026-08-08T15:00:00Z,31.8,62.0,87.5,87.5,-25.5,25.5
1-2 дня,2026-08-07T07:13:52Z,2026-08-08T18:00:00Z,34.8,60.0,100.0,87.5,-40.0,40.0
1-2 дня,2026-08-07T07:13:52Z,2026-08-08T21:00:00Z,37.8,79.0,87.5,87.5,-8.5,8.5
1-2 дня,2026-08-07T07:13:52Z,2026-08-09T00:00:00Z,40.8,93.0,87.5,100.0,5.5,5.5
1-2 дня,2026-08-07T07:13:52Z,2026-08-09T03:00:00Z,43.8,72.0,100.0,100.0,-28.0,28.0
1-2 дня,2026-08-07T07:13:52Z,2026-08-09T06:00:00Z,46.8,51.0,100.0,100.0,-49.0,49.0
1-2 дня,2026-08-07T10:39:14Z,2026-08-08T12:00:00Z,25.3,53.0,100.0,87.5,-47.0,47.0
1-2 дня,2026-08-07T10:39:14Z,2026-08-08T15:00:00Z,28.3,61.0,87.5,87.5,-26.5,26.5
1-2 дня,2026-08-07T10:39:14Z,2026-08-08T18:00:00Z,31.3,70.0,100.0,87.5,-30.0,30.0
1-2 дня,2026-08-07T10:39:14Z,2026-08-08T21:00:00Z,34.3,59.0,87.5,87.5,-28.5,28.5
1-2 дня,2026-08-07T10:39:14Z,2026-08-09T00:00:00Z,37.3,50.0,87.5,100.0,-37.5,37.5
1-2 дня,2026-08-07T10:39:14Z,2026-08-09T03:00:00Z,40.3,65.0,100.0,100.0,-35.0,35.0
1-2 дня,2026-08-07T10:39:14Z,2026-08-09T06:00:00Z,43.3,82.0,100.0,100.0,-18.0,18.0
1-2 дня,2026-08-07T10:39:14Z,2026-08-09T09:00:00Z,46.3,87.0,75.0,100.0,12.0,12.0
1-2 дня,2026-08-07T16:51:54Z,2026-08-08T18:00:00Z,25.1,66.0,100.0,87.5,-34.0,34.0
1-2 дня,2026-08-07T16:51:54Z,2026-08-08T21:00:00Z,28.1,61.0,87.5,87.5,-26.5,26.5
1-2 дня,2026-08-07T16:51:54Z,2026-08-09T00:00:00Z,31.1,57.0,87.5,100.0,-30.5,30.5
1-2 дня,2026-08-07T16:51:54Z,2026-08-09T03:00:00Z,34.1,64.0,100.0,100.0,-36.0,36.0
1-2 дня,2026-08-07T16:51:54Z,2026-08-09T06:00:00Z,37.1,71.0,100.0,100.0,-29.0,29.0
1-2 дня,2026-08-07T16:51:54Z,2026-08-09T09:00:00Z,40.1,72.0,75.0,100.0,-3.0,3.0
1-2 дня,2026-08-07T16:51:54Z,2026-08-09T12:00:00Z,43.1,63.0,75.0,100.0,-12.0,12.0
1-2 дня,2026-08-07T16:51:54Z,2026-08-09T15:00:00Z,46.1,27.0,87.5,87.5,-60.5,60.5
1-2 дня,2026-08-07T22:45:57Z,2026-08-09T00:00:00Z,25.2,63.0,87.5,100.0,-24.5,24.5
1-2 дня,2026-08-07T22:45:57Z,2026-08-09T03:00:00Z,28.2,59.0,100.0,100.0,-41.0,41.0
1-2 дня,2026-08-07T22:45:57Z,2026-08-09T06:00:00Z,31.2,56.0,100.0,100.0,-44.0,44.0
1-2 дня,2026-08-07T22:45:57Z,2026-08-09T09:00:00Z,34.2,63.0,75.0,100.0,-12.0,12.0
1-2 дня,2026-08-07T22:45:57Z,2026-08-09T12:00:00Z,37.2,63.0,75.0,100.0,-12.0,12.0
1-2 дня,2026-08-07T22:45:57Z,2026-08-09T15:00:00Z,40.2,29.0,87.5,87.5,-58.5,58.5
1-2 дня,2026-08-07T22:45:57Z,2026-08-09T18:00:00Z,43.2,2.0,75.0,100.0,-73.0,73.0
1-2 дня,2026-08-07T22:45:57Z,2026-08-09T21:00:00Z,46.2,29.0,37.5,87.5,-8.5,8.5
1-2 дня,2026-08-07T23:19:23Z,2026-08-09T00:00:00Z,24.7,63.0,87.5,100.0,-24.5,24.5
1-2 дня,2026-08-07T23:19:23Z,2026-08-09T03:00:00Z,27.7,59.0,100.0,100.0,-41.0,41.0
1-2 дня,2026-08-07T23:19:23Z,2026-08-09T06:00:00Z,30.7,56.0,100.0,100.0,-44.0,44.0
1-2 дня,2026-08-07T23:19:23Z,2026-08-09T09:00:00Z,33.7,63.0,75.0,100.0,-12.0,12.0
1-2 дня,2026-08-07T23:19:23Z,2026-08-09T12:00:00Z,36.7,63.0,75.0,100.0,-12.0,12.0
1-2 дня,2026-08-07T23:19:23Z,2026-08-09T15:00:00Z,39.7,29.0,87.5,87.5,-58.5,58.5
1-2 дня,2026-08-07T23:19:23Z,2026-08-09T18:00:00Z,42.7,2.0,75.0,100.0,-73.0,73.0
1-2 дня,2026-08-07T23:19:23Z,2026-08-09T21:00:00Z,45.7,29.0,37.5,87.5,-8.5,8.5
1-2 дня,2026-08-08T04:50:53Z,2026-08-09T06:00:00Z,25.2,39.0,100.0,100.0,-61.0,61.0
1-2 дня,2026-08-08T04:50:53Z,2026-08-09T09:00:00Z,28.2,52.0,75.0,100.0,-23.0,23.0
1-2 дня,2026-08-08T04:50:53Z,2026-08-09T12:00:00Z,31.2,61.0,75.0,100.0,-14.0,14.0
1-2 дня,2026-08-08T04:50:53Z,2026-08-09T15:00:00Z,34.2,35.0,87.5,87.5,-52.5,52.5
1-2 дня,2026-08-08T04:50:53Z,2026-08-09T18:00:00Z,37.2,9.0,75.0,100.0,-66.0,66.0
1-2 дня,2026-08-08T04:50:53Z,2026-08-09T21:00:00Z,40.2,17.0,37.5,87.5,-20.5,20.5
1-2 дня,2026-08-08T04:50:53Z,2026-08-10T00:00:00Z,43.2,35.0,37.5,87.5,-2.5,2.5
1-2 дня,2026-08-08T04:50:53Z,2026-08-10T03:00:00Z,46.2,51.0,87.5,100.0,-36.5,36.5
1-2 дня,2026-08-08T10:18:13Z,2026-08-09T12:00:00Z,25.7,54.0,75.0,100.0,-21.0,21.0
1-2 дня,2026-08-08T10:18:13Z,2026-08-09T15:00:00Z,28.7,41.0,87.5,87.5,-46.5,46.5
1-2 дня,2026-08-08T10:18:13Z,2026-08-09T18:00:00Z,31.7,28.0,75.0,100.0,-47.0,47.0
1-2 дня,2026-08-08T10:18:13Z,2026-08-09T21:00:00Z,34.7,32.0,37.5,87.5,-5.5,5.5
1-2 дня,2026-08-08T10:18:13Z,2026-08-10T00:00:00Z,37.7,42.0,37.5,87.5,4.5,4.5
1-2 дня,2026-08-08T10:18:13Z,2026-08-10T03:00:00Z,40.7,56.0,87.5,100.0,-31.5,31.5
1-2 дня,2026-08-08T10:18:13Z,2026-08-10T06:00:00Z,43.7,66.0,87.5,100.0,-21.5,21.5
1-2 дня,2026-08-08T10:18:13Z,2026-08-10T09:00:00Z,46.7,64.0,87.5,75.0,-23.5,23.5
1-2 дня,2026-08-08T22:37:20Z,2026-08-10T00:00:00Z,25.4,31.0,37.5,87.5,-6.5,6.5
1-2 дня,2026-08-08T22:37:20Z,2026-08-10T03:00:00Z,28.4,54.0,87.5,100.0,-33.5,33.5
1-2 дня,2026-08-08T22:37:20Z,2026-08-10T06:00:00Z,31.4,74.0,87.5,100.0,-13.5,13.5
1-2 дня,2026-08-08T22:37:20Z,2026-08-10T09:00:00Z,34.4,69.0,87.5,75.0,-18.5,18.5
1-2 дня,2026-08-08T22:37:20Z,2026-08-10T12:00:00Z,37.4,56.0,87.5,75.0,-31.5,31.5
1-2 дня,2026-08-08T22:37:20Z,2026-08-10T15:00:00Z,40.4,46.0,87.5,87.5,-41.5,41.5
1-2 дня,2026-08-08T22:37:20Z,2026-08-10T18:00:00Z,43.4,35.0,75.0,75.0,-40.0,40.0
1-2 дня,2026-08-08T22:37:20Z,2026-08-10T21:00:00Z,46.4,24.0,100.0,37.5,-76.0,76.0
1-2 дня,2026-08-09T04:59:03Z,2026-08-10T06:00:00Z,25.0,72.0,87.5,100.0,-15.5,15.5
1-2 дня,2026-08-09T04:59:03Z,2026-08-10T09:00:00Z,28.0,60.0,87.5,75.0,-27.5,27.5
1-2 дня,2026-08-09T04:59:03Z,2026-08-10T12:00:00Z,31.0,39.0,87.5,75.0,-48.5,48.5
1-2 дня,2026-08-09T04:59:03Z,2026-08-10T15:00:00Z,34.0,28.0,87.5,87.5,-59.5,59.5
1-2 дня,2026-08-09T04:59:03Z,2026-08-10T18:00:00Z,37.0,25.0,75.0,75.0,-50.0,50.0
1-2 дня,2026-08-09T04:59:03Z,2026-08-10T21:00:00Z,40.0,43.0,100.0,37.5,-57.0,57.0
1-2 дня,2026-08-09T04:59:03Z,2026-08-11T00:00:00Z,43.0,61.0,100.0,37.5,-39.0,39.0
1-2 дня,2026-08-09T04:59:03Z,2026-08-11T03:00:00Z,46.0,52.0,12.5,87.5,39.5,39.5
1-2 дня,2026-08-09T10:19:29Z,2026-08-10T12:00:00Z,25.7,50.0,87.5,75.0,-37.5,37.5
1-2 дня,2026-08-09T10:19:29Z,2026-08-10T15:00:00Z,28.7,40.0,87.5,87.5,-47.5,47.5
1-2 дня,2026-08-09T10:19:29Z,2026-08-10T18:00:00Z,31.7,33.0,75.0,75.0,-42.0,42.0
1-2 дня,2026-08-09T10:19:29Z,2026-08-10T21:00:00Z,34.7,38.0,100.0,37.5,-62.0,62.0
1-2 дня,2026-08-09T10:19:29Z,2026-08-11T00:00:00Z,37.7,42.0,100.0,37.5,-58.0,58.0
1-2 дня,2026-08-09T10:19:29Z,2026-08-11T03:00:00Z,40.7,29.0,12.5,87.5,16.5,16.5
1-2 дня,2026-08-09T10:19:29Z,2026-08-11T06:00:00Z,43.7,21.0,75.0,87.5,-54.0,54.0
1-2 дня,2026-08-09T10:19:29Z,2026-08-11T09:00:00Z,46.7,45.0,87.5,87.5,-42.5,42.5
1-2 дня,2026-08-09T12:41:38Z,2026-08-10T15:00:00Z,26.3,40.0,87.5,87.5,-47.5,47.5
1-2 дня,2026-08-09T12:41:38Z,2026-08-10T18:00:00Z,29.3,33.0,75.0,75.0,-42.0,42.0
1-2 дня,2026-08-09T12:41:38Z,2026-08-10T21:00:00Z,32.3,38.0,100.0,37.5,-62.0,62.0
1-2 дня,2026-08-09T12:41:38Z,2026-08-11T00:00:00Z,35.3,42.0,100.0,37.5,-58.0,58.0
1-2 дня,2026-08-09T12:41:38Z,2026-08-11T03:00:00Z,38.3,29.0,12.5,87.5,16.5,16.5
1-2 дня,2026-08-09T12:41:38Z,2026-08-11T06:00:00Z,41.3,21.0,75.0,87.5,-54.0,54.0
1-2 дня,2026-08-09T12:41:38Z,2026-08-11T09:00:00Z,44.3,45.0,87.5,87.5,-42.5,42.5
1-2 дня,2026-08-09T12:41:38Z,2026-08-11T12:00:00Z,47.3,72.0,87.5,87.5,-15.5,15.5
1-2 дня,2026-08-09T12:45:53Z,2026-08-10T15:00:00Z,26.2,40.0,87.5,87.5,-47.5,47.5
1-2 дня,2026-08-09T12:45:53Z,2026-08-10T18:00:00Z,29.2,33.0,75.0,75.0,-42.0,42.0
1-2 дня,2026-08-09T12:45:53Z,2026-08-10T21:00:00Z,32.2,38.0,100.0,37.5,-62.0,62.0
1-2 дня,2026-08-09T12:45:53Z,2026-08-11T00:00:00Z,35.2,42.0,100.0,37.5,-58.0,58.0
1-2 дня,2026-08-09T12:45:53Z,2026-08-11T03:00:00Z,38.2,29.0,12.5,87.5,16.5,16.5
1-2 дня,2026-08-09T12:45:53Z,2026-08-11T06:00:00Z,41.2,21.0,75.0,87.5,-54.0,54.0
1-2 дня,2026-08-09T12:45:53Z,2026-08-11T09:00:00Z,44.2,45.0,87.5,87.5,-42.5,42.5
1-2 дня,2026-08-09T12:45:53Z,2026-08-11T12:00:00Z,47.2,72.0,87.5,87.5,-15.5,15.5
1-2 дня,2026-08-09T12:48:15Z,2026-08-10T15:00:00Z,26.2,40.0,87.5,87.5,-47.5,47.5
1-2 дня,2026-08-09T12:48:15Z,2026-08-10T18:00:00Z,29.2,33.0,75.0,75.0,-42.0,42.0
1-2 дня,2026-08-09T12:48:15Z,2026-08-10T21:00:00Z,32.2,38.0,100.0,37.5,-62.0,62.0
1-2 дня,2026-08-09T12:48:15Z,2026-08-11T00:00:00Z,35.2,42.0,100.0,37.5,-58.0,58.0
1-2 дня,2026-08-09T12:48:15Z,2026-08-11T03:00:00Z,38.2,29.0,12.5,87.5,16.5,16.5
1-2 дня,2026-08-09T12:48:15Z,2026-08-11T06:00:00Z,41.2,21.0,75.0,87.5,-54.0,54.0
1-2 дня,2026-08-09T12:48:15Z,2026-08-11T09:00:00Z,44.2,45.0,87.5,87.5,-42.5,42.5
1-2 дня,2026-08-09T12:48:15Z,2026-08-11T12:00:00Z,47.2,72.0,87.5,87.5,-15.5,15.5
1-2 дня,2026-08-09T16:31:44Z,2026-08-10T18:00:00Z,25.5,42.0,75.0,75.0,-33.0,33.0
1-2 дня,2026-08-09T16:31:44Z,2026-08-10T21:00:00Z,28.5,39.0,100.0,37.5,-61.0,61.0
1-2 дня,2026-08-09T16:31:44Z,2026-08-11T00:00:00Z,31.5,37.0,100.0,37.5,-63.0,63.0
1-2 дня,2026-08-09T16:31:44Z,2026-08-11T03:00:00Z,34.5,29.0,12.5,87.5,16.5,16.5
1-2 дня,2026-08-09T16:31:44Z,2026-08-11T06:00:00Z,37.5,27.0,75.0,87.5,-48.0,48.0
1-2 дня,2026-08-09T16:31:44Z,2026-08-11T09:00:00Z,40.5,48.0,87.5,87.5,-39.5,39.5
1-2 дня,2026-08-09T16:31:44Z,2026-08-11T12:00:00Z,43.5,71.0,87.5,87.5,-16.5,16.5
1-2 дня,2026-08-09T16:31:44Z,2026-08-11T15:00:00Z,46.5,80.0,100.0,87.5,-20.0,20.0
1-2 дня,2026-08-09T22:39:09Z,2026-08-11T00:00:00Z,25.3,47.0,100.0,37.5,-53.0,53.0
1-2 дня,2026-08-09T22:39:09Z,2026-08-11T03:00:00Z,28.3,33.0,12.5,87.5,20.5,20.5
1-2 дня,2026-08-09T22:39:09Z,2026-08-11T06:00:00Z,31.3,27.0,75.0,87.5,-48.0,48.0
1-2 дня,2026-08-09T22:39:09Z,2026-08-11T09:00:00Z,34.3,59.0,87.5,87.5,-28.5,28.5
1-2 дня,2026-08-09T22:39:09Z,2026-08-11T12:00:00Z,37.3,90.0,87.5,87.5,2.5,2.5
1-2 дня,2026-08-09T22:39:09Z,2026-08-11T15:00:00Z,40.3,81.0,100.0,87.5,-19.0,19.0
1-2 дня,2026-08-09T22:39:09Z,2026-08-11T18:00:00Z,43.3,67.0,100.0,75.0,-33.0,33.0
1-2 дня,2026-08-09T22:39:09Z,2026-08-11T21:00:00Z,46.3,79.0,100.0,100.0,-21.0,21.0
1-2 дня,2026-08-10T05:20:42Z,2026-08-11T06:00:00Z,24.7,58.0,75.0,87.5,-17.0,17.0
1-2 дня,2026-08-10T05:20:42Z,2026-08-11T09:00:00Z,27.7,69.0,87.5,87.5,-18.5,18.5
1-2 дня,2026-08-10T05:20:42Z,2026-08-11T12:00:00Z,30.7,77.0,87.5,87.5,-10.5,10.5
1-2 дня,2026-08-10T05:20:42Z,2026-08-11T15:00:00Z,33.7,84.0,100.0,87.5,-16.0,16.0
1-2 дня,2026-08-10T05:20:42Z,2026-08-11T18:00:00Z,36.7,87.0,100.0,75.0,-13.0,13.0
1-2 дня,2026-08-10T05:20:42Z,2026-08-11T21:00:00Z,39.7,82.0,100.0,100.0,-18.0,18.0
1-2 дня,2026-08-10T05:20:42Z,2026-08-12T00:00:00Z,42.7,76.0,100.0,100.0,-24.0,24.0
1-2 дня,2026-08-10T05:20:42Z,2026-08-12T03:00:00Z,45.7,80.0,100.0,12.5,-20.0,20.0
1-2 дня,2026-08-10T10:53:28Z,2026-08-11T12:00:00Z,25.1,75.0,87.5,87.5,-12.5,12.5
1-2 дня,2026-08-10T10:53:28Z,2026-08-11T15:00:00Z,28.1,79.0,100.0,87.5,-21.0,21.0
1-2 дня,2026-08-10T10:53:28Z,2026-08-11T18:00:00Z,31.1,78.0,100.0,75.0,-22.0,22.0
1-2 дня,2026-08-10T10:53:28Z,2026-08-11T21:00:00Z,34.1,79.0,100.0,100.0,-21.0,21.0
1-2 дня,2026-08-10T10:53:28Z,2026-08-12T00:00:00Z,37.1,79.0,100.0,100.0,-21.0,21.0
1-2 дня,2026-08-10T10:53:28Z,2026-08-12T03:00:00Z,40.1,77.0,100.0,12.5,-23.0,23.0
1-2 дня,2026-08-10T10:53:28Z,2026-08-12T06:00:00Z,43.1,77.0,100.0,75.0,-23.0,23.0
1-2 дня,2026-08-10T10:53:28Z,2026-08-12T09:00:00Z,46.1,82.0,100.0,87.5,-18.0,18.0
1-2 дня,2026-08-10T16:52:05Z,2026-08-11T18:00:00Z,25.1,94.0,100.0,75.0,-6.0,6.0
1-2 дня,2026-08-10T16:52:05Z,2026-08-11T21:00:00Z,28.1,94.0,100.0,100.0,-6.0,6.0
1-2 дня,2026-08-10T16:52:05Z,2026-08-12T00:00:00Z,31.1,94.0,100.0,100.0,-6.0,6.0
1-2 дня,2026-08-10T16:52:05Z,2026-08-12T03:00:00Z,34.1,97.0,100.0,12.5,-3.0,3.0
1-2 дня,2026-08-10T16:52:05Z,2026-08-12T06:00:00Z,37.1,100.0,100.0,75.0,0.0,0.0
1-2 дня,2026-08-10T16:52:05Z,2026-08-12T09:00:00Z,40.1,100.0,100.0,87.5,0.0,0.0
1-2 дня,2026-08-10T16:52:05Z,2026-08-12T12:00:00Z,43.1,100.0,100.0,87.5,0.0,0.0
1-2 дня,2026-08-10T16:52:05Z,2026-08-12T15:00:00Z,46.1,98.0,100.0,100.0,-2.0,2.0
1-2 дня,2026-08-10T22:47:13Z,2026-08-12T00:00:00Z,25.2,88.0,100.0,100.0,-12.0,12.0
1-2 дня,2026-08-10T22:47:13Z,2026-08-12T03:00:00Z,28.2,90.0,100.0,12.5,-10.0,10.0
1-2 дня,2026-08-10T22:47:13Z,2026-08-12T06:00:00Z,31.2,94.0,100.0,75.0,-6.0,6.0
1-2 дня,2026-08-10T22:47:13Z,2026-08-12T09:00:00Z,34.2,97.0,100.0,87.5,-3.0,3.0
1-2 дня,2026-08-10T22:47:13Z,2026-08-12T12:00:00Z,37.2,97.0,100.0,87.5,-3.0,3.0
1-2 дня,2026-08-10T22:47:13Z,2026-08-12T15:00:00Z,40.2,84.0,100.0,100.0,-16.0,16.0
1-2 дня,2026-08-10T22:47:13Z,2026-08-12T18:00:00Z,43.2,73.0,100.0,100.0,-27.0,27.0
1-2 дня,2026-08-10T22:47:13Z,2026-08-12T21:00:00Z,46.2,83.0,100.0,100.0,-17.0,17.0
1-2 дня,2026-08-11T05:01:49Z,2026-08-12T06:00:00Z,25.0,91.0,100.0,75.0,-9.0,9.0
1-2 дня,2026-08-11T05:01:49Z,2026-08-12T09:00:00Z,28.0,84.0,100.0,87.5,-16.0,16.0
1-2 дня,2026-08-11T05:01:49Z,2026-08-12T12:00:00Z,31.0,80.0,100.0,87.5,-20.0,20.0
1-2 дня,2026-08-11T05:01:49Z,2026-08-12T15:00:00Z,34.0,85.0,100.0,100.0,-15.0,15.0
1-2 дня,2026-08-11T05:01:49Z,2026-08-12T18:00:00Z,37.0,91.0,100.0,100.0,-9.0,9.0
1-2 дня,2026-08-11T05:01:49Z,2026-08-12T21:00:00Z,40.0,89.0,100.0,100.0,-11.0,11.0
1-2 дня,2026-08-11T05:01:49Z,2026-08-13T00:00:00Z,43.0,86.0,100.0,100.0,-14.0,14.0
1-2 дня,2026-08-11T05:01:49Z,2026-08-13T03:00:00Z,46.0,87.0,100.0,100.0,-13.0,13.0
1-2 дня,2026-08-11T10:38:45Z,2026-08-12T12:00:00Z,25.4,76.0,100.0,87.5,-24.0,24.0
1-2 дня,2026-08-11T10:38:45Z,2026-08-12T15:00:00Z,28.4,78.0,100.0,100.0,-22.0,22.0
1-2 дня,2026-08-11T10:38:45Z,2026-08-12T18:00:00Z,31.4,80.0,100.0,100.0,-20.0,20.0
1-2 дня,2026-08-11T10:38:45Z,2026-08-12T21:00:00Z,34.4,84.0,100.0,100.0,-16.0,16.0
1-2 дня,2026-08-11T10:38:45Z,2026-08-13T00:00:00Z,37.4,86.0,100.0,100.0,-14.0,14.0
1-2 дня,2026-08-11T10:38:45Z,2026-08-13T03:00:00Z,40.4,81.0,100.0,100.0,-19.0,19.0
1-2 дня,2026-08-11T10:38:45Z,2026-08-13T06:00:00Z,43.4,77.0,100.0,100.0,-23.0,23.0
1-2 дня,2026-08-11T10:38:45Z,2026-08-13T09:00:00Z,46.4,86.0,100.0,100.0,-14.0,14.0
1-2 дня,2026-08-12T10:47:03Z,2026-08-13T12:00:00Z,25.2,96.0,100.0,100.0,-4.0,4.0
1-2 дня,2026-08-12T10:47:03Z,2026-08-13T15:00:00Z,28.2,91.0,100.0,100.0,-9.0,9.0
1-2 дня,2026-08-12T10:47:03Z,2026-08-13T18:00:00Z,31.2,86.0,100.0,100.0,-14.0,14.0
1-2 дня,2026-08-12T10:47:03Z,2026-08-13T21:00:00Z,34.2,86.0,100.0,100.0,-14.0,14.0
1-2 дня,2026-08-12T10:47:03Z,2026-08-14T00:00:00Z,37.2,86.0,100.0,100.0,-14.0,14.0
1-2 дня,2026-08-12T10:47:03Z,2026-08-14T03:00:00Z,40.2,82.0,100.0,100.0,-18.0,18.0
1-2 дня,2026-08-12T10:47:03Z,2026-08-14T06:00:00Z,43.2,75.0,100.0,100.0,-25.0,25.0
1-2 дня,2026-08-12T10:47:03Z,2026-08-14T09:00:00Z,46.2,63.0,100.0,100.0,-37.0,37.0
1-2 дня,2026-08-12T16:54:57Z,2026-08-13T18:00:00Z,25.1,88.0,100.0,100.0,-12.0,12.0
1-2 дня,2026-08-12T16:54:57Z,2026-08-13T21:00:00Z,28.1,86.0,100.0,100.0,-14.0,14.0
1-2 дня,2026-08-12T16:54:57Z,2026-08-14T00:00:00Z,31.1,86.0,100.0,100.0,-14.0,14.0
1-2 дня,2026-08-12T16:54:57Z,2026-08-14T03:00:00Z,34.1,87.0,100.0,100.0,-13.0,13.0
1-2 дня,2026-08-12T16:54:57Z,2026-08-14T06:00:00Z,37.1,84.0,100.0,100.0,-16.0,16.0
1-2 дня,2026-08-12T16:54:57Z,2026-08-14T09:00:00Z,40.1,72.0,100.0,100.0,-28.0,28.0
1-2 дня,2026-08-12T16:54:57Z,2026-08-14T12:00:00Z,43.1,54.0,100.0,100.0,-46.0,46.0
1-2 дня,2026-08-12T16:54:57Z,2026-08-14T15:00:00Z,46.1,25.0,87.5,100.0,-62.5,62.5
1-2 дня,2026-08-12T22:50:47Z,2026-08-14T00:00:00Z,25.2,89.0,100.0,100.0,-11.0,11.0
1-2 дня,2026-08-12T22:50:47Z,2026-08-14T03:00:00Z,28.2,91.0,100.0,100.0,-9.0,9.0
1-2 дня,2026-08-12T22:50:47Z,2026-08-14T06:00:00Z,31.2,92.0,100.0,100.0,-8.0,8.0
1-2 дня,2026-08-12T22:50:47Z,2026-08-14T09:00:00Z,34.2,88.0,100.0,100.0,-12.0,12.0
1-2 дня,2026-08-12T22:50:47Z,2026-08-14T12:00:00Z,37.2,76.0,100.0,100.0,-24.0,24.0
1-2 дня,2026-08-12T22:50:47Z,2026-08-14T15:00:00Z,40.2,42.0,87.5,100.0,-45.5,45.5
1-2 дня,2026-08-12T22:50:47Z,2026-08-14T18:00:00Z,43.2,9.0,87.5,100.0,-78.5,78.5
1-2 дня,2026-08-12T22:50:47Z,2026-08-14T21:00:00Z,46.2,0.0,87.5,100.0,-87.5,87.5
1-2 дня,2026-08-13T05:30:08Z,2026-08-14T06:00:00Z,24.5,89.0,100.0,100.0,-11.0,11.0
1-2 дня,2026-08-13T05:30:08Z,2026-08-14T09:00:00Z,27.5,87.0,100.0,100.0,-13.0,13.0
1-2 дня,2026-08-13T05:30:08Z,2026-08-14T12:00:00Z,30.5,77.0,100.0,100.0,-23.0,23.0
1-2 дня,2026-08-13T05:30:08Z,2026-08-14T15:00:00Z,33.5,39.0,87.5,100.0,-48.5,48.5
1-2 дня,2026-08-13T05:30:08Z,2026-08-14T18:00:00Z,36.5,2.0,87.5,100.0,-85.5,85.5
1-2 дня,2026-08-13T05:30:08Z,2026-08-14T21:00:00Z,39.5,0.0,87.5,100.0,-87.5,87.5
1-2 дня,2026-08-13T05:30:08Z,2026-08-15T00:00:00Z,42.5,3.0,100.0,100.0,-97.0,97.0
1-2 дня,2026-08-13T05:30:08Z,2026-08-15T03:00:00Z,45.5,16.0,87.5,100.0,-71.5,71.5
1-2 дня,2026-08-13T10:49:01Z,2026-08-14T12:00:00Z,25.2,84.0,100.0,100.0,-16.0,16.0
1-2 дня,2026-08-13T10:49:01Z,2026-08-14T15:00:00Z,28.2,57.0,87.5,100.0,-30.5,30.5
1-2 дня,2026-08-13T10:49:01Z,2026-08-14T18:00:00Z,31.2,27.0,87.5,100.0,-60.5,60.5
1-2 дня,2026-08-13T10:49:01Z,2026-08-14T21:00:00Z,34.2,13.0,87.5,100.0,-74.5,74.5
1-2 дня,2026-08-13T10:49:01Z,2026-08-15T00:00:00Z,37.2,12.0,100.0,100.0,-88.0,88.0
1-2 дня,2026-08-13T10:49:01Z,2026-08-15T03:00:00Z,40.2,36.0,87.5,100.0,-51.5,51.5
1-2 дня,2026-08-13T10:49:01Z,2026-08-15T06:00:00Z,43.2,64.0,100.0,100.0,-36.0,36.0
1-2 дня,2026-08-13T10:49:01Z,2026-08-15T09:00:00Z,46.2,77.0,100.0,100.0,-23.0,23.0
1-2 дня,2026-08-13T16:36:10Z,2026-08-14T18:00:00Z,25.4,13.0,87.5,100.0,-74.5,74.5
1-2 дня,2026-08-13T16:36:10Z,2026-08-14T21:00:00Z,28.4,9.0,87.5,100.0,-78.5,78.5
1-2 дня,2026-08-13T16:36:10Z,2026-08-15T00:00:00Z,31.4,14.0,100.0,100.0,-86.0,86.0
1-2 дня,2026-08-13T16:36:10Z,2026-08-15T03:00:00Z,34.4,9.0,87.5,100.0,-78.5,78.5
1-2 дня,2026-08-13T16:36:10Z,2026-08-15T06:00:00Z,37.4,12.0,100.0,100.0,-88.0,88.0
1-2 дня,2026-08-13T16:36:10Z,2026-08-15T09:00:00Z,40.4,44.0,100.0,100.0,-56.0,56.0
1-2 дня,2026-08-13T16:36:10Z,2026-08-15T12:00:00Z,43.4,75.0,100.0,100.0,-25.0,25.0
1-2 дня,2026-08-13T16:36:10Z,2026-08-15T15:00:00Z,46.4,76.0,100.0,87.5,-24.0,24.0
1-2 дня,2026-08-13T16:42:24Z,2026-08-14T18:00:00Z,25.3,13.0,87.5,100.0,-74.5,74.5
1-2 дня,2026-08-13T16:42:24Z,2026-08-14T21:00:00Z,28.3,9.0,87.5,100.0,-78.5,78.5
1-2 дня,2026-08-13T16:42:24Z,2026-08-15T00:00:00Z,31.3,14.0,100.0,100.0,-86.0,86.0
1-2 дня,2026-08-13T16:42:24Z,2026-08-15T03:00:00Z,34.3,9.0,87.5,100.0,-78.5,78.5
1-2 дня,2026-08-13T16:42:24Z,2026-08-15T06:00:00Z,37.3,12.0,100.0,100.0,-88.0,88.0
1-2 дня,2026-08-13T16:42:24Z,2026-08-15T09:00:00Z,40.3,44.0,100.0,100.0,-56.0,56.0
1-2 дня,2026-08-13T16:42:24Z,2026-08-15T12:00:00Z,43.3,75.0,100.0,100.0,-25.0,25.0
1-2 дня,2026-08-13T16:42:24Z,2026-08-15T15:00:00Z,46.3,76.0,100.0,87.5,-24.0,24.0
1-2 дня,2026-08-13T16:54:22Z,2026-08-14T18:00:00Z,25.1,13.0,87.5,100.0,-74.5,74.5
1-2 дня,2026-08-13T16:54:22Z,2026-08-14T21:00:00Z,28.1,9.0,87.5,100.0,-78.5,78.5
1-2 дня,2026-08-13T16:54:22Z,2026-08-15T00:00:00Z,31.1,14.0,100.0,100.0,-86.0,86.0
1-2 дня,2026-08-13T16:54:22Z,2026-08-15T03:00:00Z,34.1,9.0,87.5,100.0,-78.5,78.5
1-2 дня,2026-08-13T16:54:22Z,2026-08-15T06:00:00Z,37.1,12.0,100.0,100.0,-88.0,88.0
1-2 дня,2026-08-13T16:54:22Z,2026-08-15T09:00:00Z,40.1,44.0,100.0,100.0,-56.0,56.0
1-2 дня,2026-08-13T16:54:22Z,2026-08-15T12:00:00Z,43.1,75.0,100.0,100.0,-25.0,25.0
1-2 дня,2026-08-13T16:54:22Z,2026-08-15T15:00:00Z,46.1,76.0,100.0,87.5,-24.0,24.0
1-2 дня,2026-08-13T22:52:17Z,2026-08-15T00:00:00Z,25.1,4.0,100.0,100.0,-96.0,96.0
1-2 дня,2026-08-13T22:52:17Z,2026-08-15T03:00:00Z,28.1,22.0,87.5,100.0,-65.5,65.5
1-2 дня,2026-08-13T22:52:17Z,2026-08-15T06:00:00Z,31.1,42.0,100.0,100.0,-58.0,58.0
1-2 дня,2026-08-13T22:52:17Z,2026-08-15T09:00:00Z,34.1,56.0,100.0,100.0,-44.0,44.0
1-2 дня,2026-08-13T22:52:17Z,2026-08-15T12:00:00Z,37.1,64.0,100.0,100.0,-36.0,36.0
1-2 дня,2026-08-13T22:52:17Z,2026-08-15T15:00:00Z,40.1,63.0,100.0,87.5,-37.0,37.0
1-2 дня,2026-08-13T22:52:17Z,2026-08-15T18:00:00Z,43.1,59.0,100.0,87.5,-41.0,41.0
1-2 дня,2026-08-13T22:52:17Z,2026-08-15T21:00:00Z,46.1,55.0,100.0,87.5,-45.0,45.0
1-2 дня,2026-08-14T05:28:14Z,2026-08-15T06:00:00Z,24.5,67.0,100.0,100.0,-33.0,33.0
1-2 дня,2026-08-14T05:28:14Z,2026-08-15T09:00:00Z,27.5,79.0,100.0,100.0,-21.0,21.0
1-2 дня,2026-08-14T05:28:14Z,2026-08-15T12:00:00Z,30.5,77.0,100.0,100.0,-23.0,23.0
1-2 дня,2026-08-14T05:28:14Z,2026-08-15T15:00:00Z,33.5,54.0,100.0,87.5,-46.0,46.0
1-2 дня,2026-08-14T05:28:14Z,2026-08-15T18:00:00Z,36.5,29.0,100.0,87.5,-71.0,71.0
1-2 дня,2026-08-14T05:28:14Z,2026-08-15T21:00:00Z,39.5,20.0,100.0,87.5,-80.0,80.0
1-2 дня,2026-08-14T05:28:14Z,2026-08-16T00:00:00Z,42.5,26.0,87.5,100.0,-61.5,61.5
1-2 дня,2026-08-14T05:28:14Z,2026-08-16T03:00:00Z,45.5,63.0,100.0,87.5,-37.0,37.0
1-2 дня,2026-08-14T10:44:54Z,2026-08-15T12:00:00Z,25.3,63.0,100.0,100.0,-37.0,37.0
1-2 дня,2026-08-14T10:44:54Z,2026-08-15T15:00:00Z,28.3,48.0,100.0,87.5,-52.0,52.0
1-2 дня,2026-08-14T10:44:54Z,2026-08-15T18:00:00Z,31.3,39.0,100.0,87.5,-61.0,61.0
1-2 дня,2026-08-14T10:44:54Z,2026-08-15T21:00:00Z,34.3,68.0,100.0,87.5,-32.0,32.0
1-2 дня,2026-08-14T10:44:54Z,2026-08-16T00:00:00Z,37.3,100.0,87.5,100.0,12.5,12.5
1-2 дня,2026-08-14T10:44:54Z,2026-08-16T03:00:00Z,40.3,100.0,100.0,87.5,0.0,0.0
1-2 дня,2026-08-14T10:44:54Z,2026-08-16T06:00:00Z,43.3,95.0,100.0,100.0,-5.0,5.0
1-2 дня,2026-08-14T10:44:54Z,2026-08-16T09:00:00Z,46.3,84.0,100.0,100.0,-16.0,16.0
1-2 дня,2026-08-14T16:48:33Z,2026-08-15T18:00:00Z,25.2,39.0,100.0,87.5,-61.0,61.0
1-2 дня,2026-08-14T16:48:33Z,2026-08-15T21:00:00Z,28.2,68.0,100.0,87.5,-32.0,32.0
1-2 дня,2026-08-14T16:48:33Z,2026-08-16T00:00:00Z,31.2,100.0,87.5,100.0,12.5,12.5
1-2 дня,2026-08-14T16:48:33Z,2026-08-16T03:00:00Z,34.2,100.0,100.0,87.5,0.0,0.0
1-2 дня,2026-08-14T16:48:33Z,2026-08-16T06:00:00Z,37.2,95.0,100.0,100.0,-5.0,5.0
1-2 дня,2026-08-14T16:48:33Z,2026-08-16T09:00:00Z,40.2,84.0,100.0,100.0,-16.0,16.0
1-2 дня,2026-08-14T16:48:33Z,2026-08-16T12:00:00Z,43.2,68.0,87.5,100.0,-19.5,19.5
1-2 дня,2026-08-14T16:48:33Z,2026-08-16T15:00:00Z,46.2,41.0,87.5,100.0,-46.5,46.5
1-2 дня,2026-08-14T22:30:55Z,2026-08-16T00:00:00Z,25.5,100.0,87.5,100.0,12.5,12.5
1-2 дня,2026-08-14T22:30:55Z,2026-08-16T03:00:00Z,28.5,99.0,100.0,87.5,-1.0,1.0
1-2 дня,2026-08-14T22:30:55Z,2026-08-16T06:00:00Z,31.5,93.0,100.0,100.0,-7.0,7.0
1-2 дня,2026-08-14T22:30:55Z,2026-08-16T09:00:00Z,34.5,78.0,100.0,100.0,-22.0,22.0
1-2 дня,2026-08-14T22:30:55Z,2026-08-16T12:00:00Z,37.5,56.0,87.5,100.0,-31.5,31.5
1-2 дня,2026-08-14T22:30:55Z,2026-08-16T15:00:00Z,40.5,25.0,87.5,100.0,-62.5,62.5
1-2 дня,2026-08-14T22:30:55Z,2026-08-16T18:00:00Z,43.5,0.0,25.0,100.0,-25.0,25.0
1-2 дня,2026-08-14T22:30:55Z,2026-08-16T21:00:00Z,46.5,2.0,25.0,100.0,-23.0,23.0
1-2 дня,2026-08-15T04:24:15Z,2026-08-16T06:00:00Z,25.6,91.0,100.0,100.0,-9.0,9.0
1-2 дня,2026-08-15T04:24:15Z,2026-08-16T09:00:00Z,28.6,82.0,100.0,100.0,-18.0,18.0
1-2 дня,2026-08-15T04:24:15Z,2026-08-16T12:00:00Z,31.6,66.0,87.5,100.0,-21.5,21.5
1-2 дня,2026-08-15T04:24:15Z,2026-08-16T15:00:00Z,34.6,27.0,87.5,100.0,-60.5,60.5
1-2 дня,2026-08-15T04:24:15Z,2026-08-16T18:00:00Z,37.6,0.0,25.0,100.0,-25.0,25.0
1-2 дня,2026-08-15T04:24:15Z,2026-08-16T21:00:00Z,40.6,35.0,25.0,100.0,10.0,10.0
1-2 дня,2026-08-15T04:24:15Z,2026-08-17T00:00:00Z,43.6,71.0,12.5,87.5,58.5,58.5
1-2 дня,2026-08-15T04:24:15Z,2026-08-17T03:00:00Z,46.6,46.0,12.5,100.0,33.5,33.5
1-2 дня,2026-08-15T10:09:15Z,2026-08-16T12:00:00Z,25.8,75.0,87.5,100.0,-12.5,12.5
1-2 дня,2026-08-15T10:09:15Z,2026-08-16T15:00:00Z,28.8,46.0,87.5,100.0,-41.5,41.5
1-2 дня,2026-08-15T10:09:15Z,2026-08-16T18:00:00Z,31.8,17.0,25.0,100.0,-8.0,8.0
1-2 дня,2026-08-15T10:09:15Z,2026-08-16T21:00:00Z,34.8,4.0,25.0,100.0,-21.0,21.0
1-2 дня,2026-08-15T10:09:15Z,2026-08-17T00:00:00Z,37.8,0.0,12.5,87.5,-12.5,12.5
1-2 дня,2026-08-15T10:09:15Z,2026-08-17T03:00:00Z,40.8,5.0,12.5,100.0,-7.5,7.5
1-2 дня,2026-08-15T10:09:15Z,2026-08-17T06:00:00Z,43.8,14.0,75.0,100.0,-61.0,61.0
1-2 дня,2026-08-15T10:09:15Z,2026-08-17T09:00:00Z,46.8,18.0,75.0,100.0,-57.0,57.0
1-2 дня,2026-08-15T22:29:33Z,2026-08-17T00:00:00Z,25.5,21.0,12.5,87.5,8.5,8.5
1-2 дня,2026-08-15T22:29:33Z,2026-08-17T03:00:00Z,28.5,49.0,12.5,100.0,36.5,36.5
1-2 дня,2026-08-15T22:29:33Z,2026-08-17T06:00:00Z,31.5,77.0,75.0,100.0,2.0,2.0
1-2 дня,2026-08-15T22:29:33Z,2026-08-17T09:00:00Z,34.5,59.0,75.0,100.0,-16.0,16.0
1-2 дня,2026-08-15T22:29:33Z,2026-08-17T12:00:00Z,37.5,32.0,75.0,87.5,-43.0,43.0
1-2 дня,2026-08-15T22:29:33Z,2026-08-17T15:00:00Z,40.5,20.0,75.0,87.5,-55.0,55.0
1-2 дня,2026-08-15T22:29:33Z,2026-08-17T18:00:00Z,43.5,16.0,87.5,25.0,-71.5,71.5
1-2 дня,2026-08-15T22:29:33Z,2026-08-17T21:00:00Z,46.5,22.0,87.5,25.0,-65.5,65.5
1-2 дня,2026-08-16T04:29:41Z,2026-08-17T06:00:00Z,25.5,35.0,75.0,100.0,-40.0,40.0
1-2 дня,2026-08-16T04:29:41Z,2026-08-17T09:00:00Z,28.5,34.0,75.0,100.0,-41.0,41.0
1-2 дня,2026-08-16T04:29:41Z,2026-08-17T12:00:00Z,31.5,28.0,75.0,87.5,-47.0,47.0
1-2 дня,2026-08-16T04:29:41Z,2026-08-17T15:00:00Z,34.5,19.0,75.0,87.5,-56.0,56.0
1-2 дня,2026-08-16T04:29:41Z,2026-08-17T18:00:00Z,37.5,15.0,87.5,25.0,-72.5,72.5
1-2 дня,2026-08-16T04:29:41Z,2026-08-17T21:00:00Z,40.5,36.0,87.5,25.0,-51.5,51.5
1-2 дня,2026-08-16T04:29:41Z,2026-08-18T00:00:00Z,43.5,56.0,100.0,12.5,-44.0,44.0
1-2 дня,2026-08-16T04:29:41Z,2026-08-18T03:00:00Z,46.5,47.0,37.5,12.5,9.5,9.5
1-2 дня,2026-08-16T07:21:44Z,2026-08-17T09:00:00Z,25.6,34.0,75.0,100.0,-41.0,41.0
1-2 дня,2026-08-16T07:21:44Z,2026-08-17T12:00:00Z,28.6,28.0,75.0,87.5,-47.0,47.0
1-2 дня,2026-08-16T07:21:44Z,2026-08-17T15:00:00Z,31.6,19.0,75.0,87.5,-56.0,56.0
1-2 дня,2026-08-16T07:21:44Z,2026-08-17T18:00:00Z,34.6,15.0,87.5,25.0,-72.5,72.5
1-2 дня,2026-08-16T07:21:44Z,2026-08-17T21:00:00Z,37.6,36.0,87.5,25.0,-51.5,51.5
1-2 дня,2026-08-16T07:21:44Z,2026-08-18T00:00:00Z,40.6,56.0,100.0,12.5,-44.0,44.0
1-2 дня,2026-08-16T07:21:44Z,2026-08-18T03:00:00Z,43.6,47.0,37.5,12.5,9.5,9.5
1-2 дня,2026-08-16T07:21:44Z,2026-08-18T06:00:00Z,46.6,32.0,87.5,75.0,-55.5,55.5
1-2 дня,2026-08-16T10:09:47Z,2026-08-17T12:00:00Z,25.8,45.0,75.0,87.5,-30.0,30.0
1-2 дня,2026-08-16T10:09:47Z,2026-08-17T15:00:00Z,28.8,19.0,75.0,87.5,-56.0,56.0
1-2 дня,2026-08-16T10:09:47Z,2026-08-17T18:00:00Z,31.8,0.0,87.5,25.0,-87.5,87.5
1-2 дня,2026-08-16T10:09:47Z,2026-08-17T21:00:00Z,34.8,16.0,87.5,25.0,-71.5,71.5
1-2 дня,2026-08-16T10:09:47Z,2026-08-18T00:00:00Z,37.8,37.0,100.0,12.5,-63.0,63.0
1-2 дня,2026-08-16T10:09:47Z,2026-08-18T03:00:00Z,40.8,34.0,37.5,12.5,-3.5,3.5
1-2 дня,2026-08-16T10:09:47Z,2026-08-18T06:00:00Z,43.8,28.0,87.5,75.0,-59.5,59.5
1-2 дня,2026-08-16T10:09:47Z,2026-08-18T09:00:00Z,46.8,41.0,87.5,75.0,-46.5,46.5
1-2 дня,2026-08-16T16:21:00Z,2026-08-17T18:00:00Z,25.6,0.0,87.5,25.0,-87.5,87.5
1-2 дня,2026-08-16T16:21:00Z,2026-08-17T21:00:00Z,28.6,16.0,87.5,25.0,-71.5,71.5
1-2 дня,2026-08-16T16:21:00Z,2026-08-18T00:00:00Z,31.6,37.0,100.0,12.5,-63.0,63.0
1-2 дня,2026-08-16T16:21:00Z,2026-08-18T03:00:00Z,34.6,34.0,37.5,12.5,-3.5,3.5
1-2 дня,2026-08-16T16:21:00Z,2026-08-18T06:00:00Z,37.6,28.0,87.5,75.0,-59.5,59.5
1-2 дня,2026-08-16T16:21:00Z,2026-08-18T09:00:00Z,40.6,41.0,87.5,75.0,-46.5,46.5
1-2 дня,2026-08-16T16:21:00Z,2026-08-18T12:00:00Z,43.6,49.0,100.0,75.0,-51.0,51.0
1-2 дня,2026-08-16T16:21:00Z,2026-08-18T15:00:00Z,46.6,22.0,75.0,75.0,-53.0,53.0
1-2 дня,2026-08-16T22:29:34Z,2026-08-18T00:00:00Z,25.5,85.0,100.0,12.5,-15.0,15.0
1-2 дня,2026-08-16T22:29:34Z,2026-08-18T03:00:00Z,28.5,71.0,37.5,12.5,33.5,33.5
1-2 дня,2026-08-16T22:29:34Z,2026-08-18T06:00:00Z,31.5,55.0,87.5,75.0,-32.5,32.5
1-2 дня,2026-08-16T22:29:34Z,2026-08-18T09:00:00Z,34.5,48.0,87.5,75.0,-39.5,39.5
1-2 дня,2026-08-16T22:29:34Z,2026-08-18T12:00:00Z,37.5,44.0,100.0,75.0,-56.0,56.0
1-2 дня,2026-08-16T22:29:34Z,2026-08-18T15:00:00Z,40.5,38.0,75.0,75.0,-37.0,37.0
1-2 дня,2026-08-16T22:29:34Z,2026-08-18T18:00:00Z,43.5,33.0,25.0,87.5,8.0,8.0
1-2 дня,2026-08-16T22:29:34Z,2026-08-18T21:00:00Z,46.5,28.0,12.5,87.5,15.5,15.5
1-2 дня,2026-08-17T04:35:30Z,2026-08-18T06:00:00Z,25.4,60.0,87.5,75.0,-27.5,27.5
1-2 дня,2026-08-17T04:35:30Z,2026-08-18T09:00:00Z,28.4,57.0,87.5,75.0,-30.5,30.5
1-2 дня,2026-08-17T04:35:30Z,2026-08-18T12:00:00Z,31.4,57.0,100.0,75.0,-43.0,43.0
1-2 дня,2026-08-17T04:35:30Z,2026-08-18T15:00:00Z,34.4,57.0,75.0,75.0,-18.0,18.0
1-2 дня,2026-08-17T04:35:30Z,2026-08-18T18:00:00Z,37.4,57.0,25.0,87.5,32.0,32.0
1-2 дня,2026-08-17T04:35:30Z,2026-08-18T21:00:00Z,40.4,56.0,12.5,87.5,43.5,43.5
1-2 дня,2026-08-17T04:35:30Z,2026-08-19T00:00:00Z,43.4,57.0,87.5,100.0,-30.5,30.5
1-2 дня,2026-08-17T04:35:30Z,2026-08-19T03:00:00Z,46.4,69.0,100.0,37.5,-31.0,31.0
1-2 дня,2026-08-17T10:18:11Z,2026-08-18T12:00:00Z,25.7,57.0,100.0,75.0,-43.0,43.0
1-2 дня,2026-08-17T10:18:11Z,2026-08-18T15:00:00Z,28.7,57.0,75.0,75.0,-18.0,18.0
1-2 дня,2026-08-17T10:18:11Z,2026-08-18T18:00:00Z,31.7,57.0,25.0,87.5,32.0,32.0
1-2 дня,2026-08-17T10:18:11Z,2026-08-18T21:00:00Z,34.7,56.0,12.5,87.5,43.5,43.5
1-2 дня,2026-08-17T10:18:11Z,2026-08-19T00:00:00Z,37.7,57.0,87.5,100.0,-30.5,30.5
1-2 дня,2026-08-17T10:18:11Z,2026-08-19T03:00:00Z,40.7,69.0,100.0,37.5,-31.0,31.0
1-2 дня,2026-08-17T10:18:11Z,2026-08-19T06:00:00Z,43.7,81.0,100.0,87.5,-19.0,19.0
1-2 дня,2026-08-17T10:18:11Z,2026-08-19T09:00:00Z,46.7,85.0,87.5,87.5,-2.5,2.5
1-2 дня,2026-08-17T16:23:45Z,2026-08-18T18:00:00Z,25.6,57.0,25.0,87.5,32.0,32.0
1-2 дня,2026-08-17T16:23:45Z,2026-08-18T21:00:00Z,28.6,56.0,12.5,87.5,43.5,43.5
1-2 дня,2026-08-17T16:23:45Z,2026-08-19T00:00:00Z,31.6,57.0,87.5,100.0,-30.5,30.5
1-2 дня,2026-08-17T16:23:45Z,2026-08-19T03:00:00Z,34.6,69.0,100.0,37.5,-31.0,31.0
1-2 дня,2026-08-17T16:23:45Z,2026-08-19T06:00:00Z,37.6,81.0,100.0,87.5,-19.0,19.0
1-2 дня,2026-08-17T16:23:45Z,2026-08-19T09:00:00Z,40.6,85.0,87.5,87.5,-2.5,2.5
1-2 дня,2026-08-17T16:23:45Z,2026-08-19T12:00:00Z,43.6,85.0,87.5,100.0,-2.5,2.5
1-2 дня,2026-08-17T16:23:45Z,2026-08-19T15:00:00Z,46.6,84.0,100.0,75.0,-16.0,16.0
1-2 дня,2026-08-17T22:31:28Z,2026-08-19T00:00:00Z,25.5,57.0,87.5,100.0,-30.5,30.5
1-2 дня,2026-08-17T22:31:28Z,2026-08-19T03:00:00Z,28.5,69.0,100.0,37.5,-31.0,31.0
1-2 дня,2026-08-17T22:31:28Z,2026-08-19T06:00:00Z,31.5,81.0,100.0,87.5,-19.0,19.0
1-2 дня,2026-08-17T22:31:28Z,2026-08-19T09:00:00Z,34.5,85.0,87.5,87.5,-2.5,2.5
1-2 дня,2026-08-17T22:31:28Z,2026-08-19T12:00:00Z,37.5,85.0,87.5,100.0,-2.5,2.5
1-2 дня,2026-08-17T22:31:28Z,2026-08-19T15:00:00Z,40.5,84.0,100.0,75.0,-16.0,16.0
1-2 дня,2026-08-17T22:31:28Z,2026-08-19T18:00:00Z,43.5,83.0,100.0,25.0,-17.0,17.0
1-2 дня,2026-08-17T22:31:28Z,2026-08-19T21:00:00Z,46.5,85.0,100.0,12.5,-15.0,15.0
1-2 дня,2026-08-18T04:30:05Z,2026-08-19T06:00:00Z,25.5,62.0,100.0,87.5,-38.0,38.0
1-2 дня,2026-08-18T04:30:05Z,2026-08-19T09:00:00Z,28.5,71.0,87.5,87.5,-16.5,16.5
1-2 дня,2026-08-18T04:30:05Z,2026-08-19T12:00:00Z,31.5,77.0,87.5,100.0,-10.5,10.5
1-2 дня,2026-08-18T04:30:05Z,2026-08-19T15:00:00Z,34.5,88.0,100.0,75.0,-12.0,12.0
1-2 дня,2026-08-18T04:30:05Z,2026-08-19T18:00:00Z,37.5,96.0,100.0,25.0,-4.0,4.0
1-2 дня,2026-08-18T04:30:05Z,2026-08-19T21:00:00Z,40.5,97.0,100.0,12.5,-3.0,3.0
1-2 дня,2026-08-18T04:30:05Z,2026-08-20T00:00:00Z,43.5,95.0,100.0,87.5,-5.0,5.0
1-2 дня,2026-08-18T04:30:05Z,2026-08-20T03:00:00Z,46.5,95.0,75.0,100.0,20.0,20.0
1-2 дня,2026-08-18T10:14:55Z,2026-08-19T12:00:00Z,25.8,77.0,87.5,100.0,-10.5,10.5
1-2 дня,2026-08-18T10:14:55Z,2026-08-19T15:00:00Z,28.8,88.0,100.0,75.0,-12.0,12.0
1-2 дня,2026-08-18T10:14:55Z,2026-08-19T18:00:00Z,31.8,96.0,100.0,25.0,-4.0,4.0
1-2 дня,2026-08-18T10:14:55Z,2026-08-19T21:00:00Z,34.8,97.0,100.0,12.5,-3.0,3.0
1-2 дня,2026-08-18T10:14:55Z,2026-08-20T00:00:00Z,37.8,95.0,100.0,87.5,-5.0,5.0
1-2 дня,2026-08-18T10:14:55Z,2026-08-20T03:00:00Z,40.8,95.0,75.0,100.0,20.0,20.0
1-2 дня,2026-08-18T10:14:55Z,2026-08-20T06:00:00Z,43.8,93.0,100.0,100.0,-7.0,7.0
1-2 дня,2026-08-18T10:14:55Z,2026-08-20T09:00:00Z,46.8,85.0,100.0,87.5,-15.0,15.0
1-2 дня,2026-08-18T16:27:50Z,2026-08-19T18:00:00Z,25.5,89.0,100.0,25.0,-11.0,11.0
1-2 дня,2026-08-18T16:27:50Z,2026-08-19T21:00:00Z,28.5,93.0,100.0,12.5,-7.0,7.0
1-2 дня,2026-08-18T16:27:50Z,2026-08-20T00:00:00Z,31.5,93.0,100.0,87.5,-7.0,7.0
1-2 дня,2026-08-18T16:27:50Z,2026-08-20T03:00:00Z,34.5,94.0,75.0,100.0,19.0,19.0
1-2 дня,2026-08-18T16:27:50Z,2026-08-20T06:00:00Z,37.5,92.0,100.0,100.0,-8.0,8.0
1-2 дня,2026-08-18T16:27:50Z,2026-08-20T09:00:00Z,40.5,85.0,100.0,87.5,-15.0,15.0
1-2 дня,2026-08-18T16:27:50Z,2026-08-20T12:00:00Z,43.5,77.0,87.5,87.5,-10.5,10.5
1-2 дня,2026-08-18T16:27:50Z,2026-08-20T15:00:00Z,46.5,72.0,87.5,100.0,-15.5,15.5
1-2 дня,2026-08-18T22:31:39Z,2026-08-20T00:00:00Z,25.5,88.0,100.0,87.5,-12.0,12.0
1-2 дня,2026-08-18T22:31:39Z,2026-08-20T03:00:00Z,28.5,90.0,75.0,100.0,15.0,15.0
1-2 дня,2026-08-18T22:31:39Z,2026-08-20T06:00:00Z,31.5,92.0,100.0,100.0,-8.0,8.0
1-2 дня,2026-08-18T22:31:39Z,2026-08-20T09:00:00Z,34.5,87.0,100.0,87.5,-13.0,13.0
1-2 дня,2026-08-18T22:31:39Z,2026-08-20T12:00:00Z,37.5,82.0,87.5,87.5,-5.5,5.5
1-2 дня,2026-08-18T22:31:39Z,2026-08-20T15:00:00Z,40.5,80.0,87.5,100.0,-7.5,7.5
1-2 дня,2026-08-18T22:31:39Z,2026-08-20T18:00:00Z,43.5,79.0,100.0,100.0,-21.0,21.0
1-2 дня,2026-08-18T22:31:39Z,2026-08-20T21:00:00Z,46.5,75.0,100.0,100.0,-25.0,25.0
1-2 дня,2026-08-19T04:31:14Z,2026-08-20T06:00:00Z,25.5,92.0,100.0,100.0,-8.0,8.0
1-2 дня,2026-08-19T04:31:14Z,2026-08-20T09:00:00Z,28.5,84.0,100.0,87.5,-16.0,16.0
1-2 дня,2026-08-19T04:31:14Z,2026-08-20T12:00:00Z,31.5,77.0,87.5,87.5,-10.5,10.5
1-2 дня,2026-08-19T04:31:14Z,2026-08-20T15:00:00Z,34.5,87.0,87.5,100.0,-0.5,0.5
1-2 дня,2026-08-19T04:31:14Z,2026-08-20T18:00:00Z,37.5,93.0,100.0,100.0,-7.0,7.0
1-2 дня,2026-08-19T04:31:14Z,2026-08-20T21:00:00Z,40.5,67.0,100.0,100.0,-33.0,33.0
1-2 дня,2026-08-19T04:31:14Z,2026-08-21T00:00:00Z,43.5,40.0,87.5,100.0,-47.5,47.5
1-2 дня,2026-08-19T04:31:14Z,2026-08-21T03:00:00Z,46.5,41.0,87.5,75.0,-46.5,46.5
1-2 дня,2026-08-19T10:14:48Z,2026-08-20T12:00:00Z,25.8,81.0,87.5,87.5,-6.5,6.5
1-2 дня,2026-08-19T10:14:48Z,2026-08-20T15:00:00Z,28.8,76.0,87.5,100.0,-11.5,11.5
1-2 дня,2026-08-19T10:14:48Z,2026-08-20T18:00:00Z,31.8,73.0,100.0,100.0,-27.0,27.0
1-2 дня,2026-08-19T10:14:48Z,2026-08-20T21:00:00Z,34.8,77.0,100.0,100.0,-23.0,23.0
1-2 дня,2026-08-19T10:14:48Z,2026-08-21T00:00:00Z,37.8,75.0,87.5,100.0,-12.5,12.5
1-2 дня,2026-08-19T10:14:48Z,2026-08-21T03:00:00Z,40.8,49.0,87.5,75.0,-38.5,38.5
1-2 дня,2026-08-19T10:14:48Z,2026-08-21T06:00:00Z,43.8,26.0,62.5,100.0,-36.5,36.5
1-2 дня,2026-08-19T10:14:48Z,2026-08-21T09:00:00Z,46.8,41.0,75.0,100.0,-34.0,34.0
1-2 дня,2026-08-19T16:28:17Z,2026-08-20T18:00:00Z,25.5,88.0,100.0,100.0,-12.0,12.0
1-2 дня,2026-08-19T16:28:17Z,2026-08-20T21:00:00Z,28.5,86.0,100.0,100.0,-14.0,14.0
1-2 дня,2026-08-19T16:28:17Z,2026-08-21T00:00:00Z,31.5,79.0,87.5,100.0,-8.5,8.5
1-2 дня,2026-08-19T16:28:17Z,2026-08-21T03:00:00Z,34.5,63.0,87.5,75.0,-24.5,24.5
1-2 дня,2026-08-19T16:28:17Z,2026-08-21T06:00:00Z,37.5,51.0,62.5,100.0,-11.5,11.5
1-2 дня,2026-08-19T16:28:17Z,2026-08-21T09:00:00Z,40.5,61.0,75.0,100.0,-14.0,14.0
1-2 дня,2026-08-19T16:28:17Z,2026-08-21T12:00:00Z,43.5,74.0,87.5,87.5,-13.5,13.5
1-2 дня,2026-08-19T16:28:17Z,2026-08-21T15:00:00Z,46.5,76.0,87.5,87.5,-11.5,11.5
1-2 дня,2026-08-20T04:31:56Z,2026-08-21T06:00:00Z,25.5,42.0,62.5,100.0,-20.5,20.5
1-2 дня,2026-08-20T04:31:56Z,2026-08-21T09:00:00Z,28.5,48.0,75.0,100.0,-27.0,27.0
1-2 дня,2026-08-20T04:31:56Z,2026-08-21T12:00:00Z,31.5,56.0,87.5,87.5,-31.5,31.5
1-2 дня,2026-08-20T04:31:56Z,2026-08-21T15:00:00Z,34.5,54.0,87.5,87.5,-33.5,33.5
1-2 дня,2026-08-20T04:31:56Z,2026-08-21T18:00:00Z,37.5,54.0,100.0,100.0,-46.0,46.0
1-2 дня,2026-08-20T04:31:56Z,2026-08-21T21:00:00Z,40.5,65.0,100.0,100.0,-35.0,35.0
1-2 дня,2026-08-20T04:31:56Z,2026-08-22T00:00:00Z,43.5,78.0,100.0,87.5,-22.0,22.0
1-2 дня,2026-08-20T04:31:56Z,2026-08-22T03:00:00Z,46.5,86.0,100.0,87.5,-14.0,14.0
1-2 дня,2026-08-20T10:16:10Z,2026-08-21T12:00:00Z,25.7,64.0,87.5,87.5,-23.5,23.5
1-2 дня,2026-08-20T10:16:10Z,2026-08-21T15:00:00Z,28.7,66.0,87.5,87.5,-21.5,21.5
1-2 дня,2026-08-20T10:16:10Z,2026-08-21T18:00:00Z,31.7,67.0,100.0,100.0,-33.0,33.0
1-2 дня,2026-08-20T10:16:10Z,2026-08-21T21:00:00Z,34.7,74.0,100.0,100.0,-26.0,26.0
1-2 дня,2026-08-20T10:16:10Z,2026-08-22T00:00:00Z,37.7,80.0,100.0,87.5,-20.0,20.0
1-2 дня,2026-08-20T10:16:10Z,2026-08-22T03:00:00Z,40.7,82.0,100.0,87.5,-18.0,18.0
1-2 дня,2026-08-20T10:16:10Z,2026-08-22T06:00:00Z,43.7,80.0,100.0,62.5,-20.0,20.0
1-2 дня,2026-08-20T10:16:10Z,2026-08-22T09:00:00Z,46.7,76.0,87.5,75.0,-11.5,11.5
1-2 дня,2026-08-20T16:31:45Z,2026-08-21T18:00:00Z,25.5,58.0,100.0,100.0,-42.0,42.0
1-2 дня,2026-08-20T16:31:45Z,2026-08-21T21:00:00Z,28.5,64.0,100.0,100.0,-36.0,36.0
1-2 дня,2026-08-20T16:31:45Z,2026-08-22T00:00:00Z,31.5,71.0,100.0,87.5,-29.0,29.0
1-2 дня,2026-08-20T16:31:45Z,2026-08-22T03:00:00Z,34.5,79.0,100.0,87.5,-21.0,21.0
1-2 дня,2026-08-20T16:31:45Z,2026-08-22T06:00:00Z,37.5,84.0,100.0,62.5,-16.0,16.0
1-2 дня,2026-08-20T16:31:45Z,2026-08-22T09:00:00Z,40.5,81.0,87.5,75.0,-6.5,6.5
1-2 дня,2026-08-20T16:31:45Z,2026-08-22T12:00:00Z,43.5,77.0,75.0,87.5,2.0,2.0
1-2 дня,2026-08-20T16:31:45Z,2026-08-22T15:00:00Z,46.5,79.0,87.5,87.5,-8.5,8.5
1-2 дня,2026-08-20T22:34:58Z,2026-08-22T00:00:00Z,25.4,64.0,100.0,87.5,-36.0,36.0
1-2 дня,2026-08-20T22:34:58Z,2026-08-22T03:00:00Z,28.4,74.0,100.0,87.5,-26.0,26.0
1-2 дня,2026-08-20T22:34:58Z,2026-08-22T06:00:00Z,31.4,81.0,100.0,62.5,-19.0,19.0
1-2 дня,2026-08-20T22:34:58Z,2026-08-22T09:00:00Z,34.4,76.0,87.5,75.0,-11.5,11.5
1-2 дня,2026-08-20T22:34:58Z,2026-08-22T12:00:00Z,37.4,69.0,75.0,87.5,-6.0,6.0
1-2 дня,2026-08-20T22:34:58Z,2026-08-22T15:00:00Z,40.4,66.0,87.5,87.5,-21.5,21.5
1-2 дня,2026-08-20T22:34:58Z,2026-08-22T18:00:00Z,43.4,69.0,87.5,100.0,-18.5,18.5
1-2 дня,2026-08-20T22:34:58Z,2026-08-22T21:00:00Z,46.4,85.0,87.5,100.0,-2.5,2.5
1-2 дня,2026-08-21T04:32:20Z,2026-08-22T06:00:00Z,25.5,93.0,100.0,62.5,-7.0,7.0
1-2 дня,2026-08-21T04:32:20Z,2026-08-22T09:00:00Z,28.5,89.0,87.5,75.0,1.5,1.5
1-2 дня,2026-08-21T04:32:20Z,2026-08-22T12:00:00Z,31.5,75.0,75.0,87.5,0.0,0.0
1-2 дня,2026-08-21T04:32:20Z,2026-08-22T15:00:00Z,34.5,37.0,87.5,87.5,-50.5,50.5
1-2 дня,2026-08-21T04:32:20Z,2026-08-22T18:00:00Z,37.5,12.0,87.5,100.0,-75.5,75.5
1-2 дня,2026-08-21T04:32:20Z,2026-08-22T21:00:00Z,40.5,52.0,87.5,100.0,-35.5,35.5
1-2 дня,2026-08-21T04:32:20Z,2026-08-23T03:00:00Z,46.5,100.0,37.5,100.0,62.5,62.5
1-2 дня,2026-08-21T10:16:50Z,2026-08-22T12:00:00Z,25.7,86.0,75.0,87.5,11.0,11.0
1-2 дня,2026-08-21T10:16:50Z,2026-08-22T15:00:00Z,28.7,64.0,87.5,87.5,-23.5,23.5
1-2 дня,2026-08-21T10:16:50Z,2026-08-22T18:00:00Z,31.7,49.0,87.5,100.0,-38.5,38.5
1-2 дня,2026-08-21T10:16:50Z,2026-08-22T21:00:00Z,34.7,72.0,87.5,100.0,-15.5,15.5
1-2 дня,2026-08-21T10:16:50Z,2026-08-23T03:00:00Z,40.7,100.0,37.5,100.0,62.5,62.5
1-2 дня,2026-08-21T10:16:50Z,2026-08-23T06:00:00Z,43.7,100.0,87.5,100.0,12.5,12.5
1-2 дня,2026-08-21T10:16:50Z,2026-08-23T09:00:00Z,46.7,98.0,87.5,87.5,10.5,10.5
1-2 дня,2026-08-21T16:30:34Z,2026-08-22T18:00:00Z,25.5,44.0,87.5,100.0,-43.5,43.5
1-2 дня,2026-08-21T16:30:34Z,2026-08-22T21:00:00Z,28.5,70.0,87.5,100.0,-17.5,17.5
1-2 дня,2026-08-21T16:30:34Z,2026-08-23T03:00:00Z,34.5,100.0,37.5,100.0,62.5,62.5
1-2 дня,2026-08-21T16:30:34Z,2026-08-23T06:00:00Z,37.5,100.0,87.5,100.0,12.5,12.5
1-2 дня,2026-08-21T16:30:34Z,2026-08-23T09:00:00Z,40.5,98.0,87.5,87.5,10.5,10.5
1-2 дня,2026-08-21T16:30:34Z,2026-08-23T12:00:00Z,43.5,94.0,100.0,75.0,-6.0,6.0
1-2 дня,2026-08-21T16:30:34Z,2026-08-23T15:00:00Z,46.5,88.0,100.0,87.5,-12.0,12.0
1-2 дня,2026-08-21T22:32:12Z,2026-08-23T03:00:00Z,28.5,100.0,37.5,100.0,62.5,62.5
1-2 дня,2026-08-21T22:32:12Z,2026-08-23T06:00:00Z,31.5,100.0,87.5,100.0,12.5,12.5
1-2 дня,2026-08-21T22:32:12Z,2026-08-23T09:00:00Z,34.5,99.0,87.5,87.5,11.5,11.5
1-2 дня,2026-08-21T22:32:12Z,2026-08-23T12:00:00Z,37.5,94.0,100.0,75.0,-6.0,6.0
1-2 дня,2026-08-21T22:32:12Z,2026-08-23T15:00:00Z,40.5,78.0,100.0,87.5,-22.0,22.0
1-2 дня,2026-08-21T22:32:12Z,2026-08-23T18:00:00Z,43.5,67.0,100.0,87.5,-33.0,33.0
1-2 дня,2026-08-21T22:32:12Z,2026-08-23T21:00:00Z,46.5,80.0,100.0,87.5,-20.0,20.0
1-2 дня,2026-08-22T04:26:43Z,2026-08-23T06:00:00Z,25.6,100.0,87.5,100.0,12.5,12.5
1-2 дня,2026-08-22T04:26:43Z,2026-08-23T09:00:00Z,28.6,97.0,87.5,87.5,9.5,9.5
1-2 дня,2026-08-22T04:26:43Z,2026-08-23T12:00:00Z,31.6,93.0,100.0,75.0,-7.0,7.0
1-2 дня,2026-08-22T04:26:43Z,2026-08-23T15:00:00Z,34.6,86.0,100.0,87.5,-14.0,14.0
1-2 дня,2026-08-22T04:26:43Z,2026-08-23T18:00:00Z,37.6,82.0,100.0,87.5,-18.0,18.0
1-2 дня,2026-08-22T04:26:43Z,2026-08-23T21:00:00Z,40.6,90.0,100.0,87.5,-10.0,10.0
1-2 дня,2026-08-22T04:26:43Z,2026-08-24T00:00:00Z,43.6,98.0,100.0,87.5,-2.0,2.0
1-2 дня,2026-08-22T04:26:43Z,2026-08-24T03:00:00Z,46.6,93.0,100.0,37.5,-7.0,7.0
1-2 дня,2026-08-22T10:09:41Z,2026-08-23T12:00:00Z,25.8,92.0,100.0,75.0,-8.0,8.0
1-2 дня,2026-08-22T10:09:41Z,2026-08-23T15:00:00Z,28.8,85.0,100.0,87.5,-15.0,15.0
1-2 дня,2026-08-22T10:09:41Z,2026-08-23T18:00:00Z,31.8,80.0,100.0,87.5,-20.0,20.0
1-2 дня,2026-08-22T10:09:41Z,2026-08-23T21:00:00Z,34.8,84.0,100.0,87.5,-16.0,16.0
1-2 дня,2026-08-22T10:09:41Z,2026-08-24T00:00:00Z,37.8,89.0,100.0,87.5,-11.0,11.0
1-2 дня,2026-08-22T10:09:41Z,2026-08-24T03:00:00Z,40.8,88.0,100.0,37.5,-12.0,12.0
1-2 дня,2026-08-22T10:09:41Z,2026-08-24T06:00:00Z,43.8,84.0,100.0,87.5,-16.0,16.0
1-2 дня,2026-08-22T10:09:41Z,2026-08-24T09:00:00Z,46.8,79.0,100.0,87.5,-21.0,21.0
1-2 дня,2026-08-22T16:20:08Z,2026-08-23T18:00:00Z,25.7,81.0,100.0,87.5,-19.0,19.0
1-2 дня,2026-08-22T16:20:08Z,2026-08-23T21:00:00Z,28.7,81.0,100.0,87.5,-19.0,19.0
1-2 дня,2026-08-22T16:20:08Z,2026-08-24T00:00:00Z,31.7,84.0,100.0,87.5,-16.0,16.0
1-2 дня,2026-08-22T16:20:08Z,2026-08-24T03:00:00Z,34.7,92.0,100.0,37.5,-8.0,8.0
1-2 дня,2026-08-22T16:20:08Z,2026-08-24T06:00:00Z,37.7,96.0,100.0,87.5,-4.0,4.0
1-2 дня,2026-08-22T16:20:08Z,2026-08-24T09:00:00Z,40.7,85.0,100.0,87.5,-15.0,15.0
1-2 дня,2026-08-22T16:20:08Z,2026-08-24T12:00:00Z,43.7,71.0,100.0,100.0,-29.0,29.0
1-2 дня,2026-08-22T16:20:08Z,2026-08-24T15:00:00Z,46.7,65.0,100.0,100.0,-35.0,35.0
1-2 дня,2026-08-22T22:29:28Z,2026-08-24T00:00:00Z,25.5,91.0,100.0,87.5,-9.0,9.0
1-2 дня,2026-08-22T22:29:28Z,2026-08-24T03:00:00Z,28.5,94.0,100.0,37.5,-6.0,6.0
1-2 дня,2026-08-22T22:29:28Z,2026-08-24T06:00:00Z,31.5,93.0,100.0,87.5,-7.0,7.0
1-2 дня,2026-08-22T22:29:28Z,2026-08-24T09:00:00Z,34.5,82.0,100.0,87.5,-18.0,18.0
1-2 дня,2026-08-22T22:29:28Z,2026-08-24T12:00:00Z,37.5,70.0,100.0,100.0,-30.0,30.0
1-2 дня,2026-08-22T22:29:28Z,2026-08-24T15:00:00Z,40.5,60.0,100.0,100.0,-40.0,40.0
1-2 дня,2026-08-22T22:29:28Z,2026-08-24T18:00:00Z,43.5,57.0,100.0,100.0,-43.0,43.0
1-2 дня,2026-08-22T22:29:28Z,2026-08-24T21:00:00Z,46.5,69.0,100.0,100.0,-31.0,31.0
1-2 дня,2026-08-23T04:31:06Z,2026-08-24T06:00:00Z,25.5,93.0,100.0,87.5,-7.0,7.0
1-2 дня,2026-08-23T04:31:06Z,2026-08-24T09:00:00Z,28.5,88.0,100.0,87.5,-12.0,12.0
1-2 дня,2026-08-23T04:31:06Z,2026-08-24T12:00:00Z,31.5,82.0,100.0,100.0,-18.0,18.0
1-2 дня,2026-08-23T04:31:06Z,2026-08-24T15:00:00Z,34.5,75.0,100.0,100.0,-25.0,25.0
1-2 дня,2026-08-23T04:31:06Z,2026-08-24T18:00:00Z,37.5,71.0,100.0,100.0,-29.0,29.0
1-2 дня,2026-08-23T04:31:06Z,2026-08-24T21:00:00Z,40.5,79.0,100.0,100.0,-21.0,21.0
1-2 дня,2026-08-23T04:31:06Z,2026-08-25T00:00:00Z,43.5,88.0,100.0,100.0,-12.0,12.0
1-2 дня,2026-08-23T04:31:06Z,2026-08-25T03:00:00Z,46.5,88.0,100.0,100.0,-12.0,12.0
1-2 дня,2026-08-23T10:10:14Z,2026-08-24T12:00:00Z,25.8,72.0,100.0,100.0,-28.0,28.0
1-2 дня,2026-08-23T10:10:14Z,2026-08-24T15:00:00Z,28.8,64.0,100.0,100.0,-36.0,36.0
1-2 дня,2026-08-23T10:10:14Z,2026-08-24T18:00:00Z,31.8,63.0,100.0,100.0,-37.0,37.0
1-2 дня,2026-08-23T10:10:14Z,2026-08-24T21:00:00Z,34.8,75.0,100.0,100.0,-25.0,25.0
1-2 дня,2026-08-23T10:10:14Z,2026-08-25T00:00:00Z,37.8,88.0,100.0,100.0,-12.0,12.0
1-2 дня,2026-08-23T10:10:14Z,2026-08-25T03:00:00Z,40.8,93.0,100.0,100.0,-7.0,7.0
1-2 дня,2026-08-23T10:10:14Z,2026-08-25T06:00:00Z,43.8,93.0,100.0,100.0,-7.0,7.0
1-2 дня,2026-08-23T10:10:14Z,2026-08-25T09:00:00Z,46.8,88.0,100.0,100.0,-12.0,12.0
1-2 дня,2026-08-23T16:21:17Z,2026-08-24T18:00:00Z,25.6,74.0,100.0,100.0,-26.0,26.0
1-2 дня,2026-08-23T16:21:17Z,2026-08-24T21:00:00Z,28.6,75.0,100.0,100.0,-25.0,25.0
1-2 дня,2026-08-23T16:21:17Z,2026-08-25T00:00:00Z,31.6,78.0,100.0,100.0,-22.0,22.0
1-2 дня,2026-08-23T16:21:17Z,2026-08-25T03:00:00Z,34.6,85.0,100.0,100.0,-15.0,15.0
1-2 дня,2026-08-23T16:21:17Z,2026-08-25T06:00:00Z,37.6,91.0,100.0,100.0,-9.0,9.0
1-2 дня,2026-08-23T16:21:17Z,2026-08-25T09:00:00Z,40.6,89.0,100.0,100.0,-11.0,11.0
1-2 дня,2026-08-23T16:21:17Z,2026-08-25T12:00:00Z,43.6,86.0,87.5,100.0,-1.5,1.5
1-2 дня,2026-08-23T16:21:17Z,2026-08-25T15:00:00Z,46.6,93.0,87.5,100.0,5.5,5.5
1-2 дня,2026-08-23T22:29:36Z,2026-08-25T00:00:00Z,25.5,81.0,100.0,100.0,-19.0,19.0
1-2 дня,2026-08-23T22:29:36Z,2026-08-25T03:00:00Z,28.5,88.0,100.0,100.0,-12.0,12.0
1-2 дня,2026-08-23T22:29:36Z,2026-08-25T06:00:00Z,31.5,92.0,100.0,100.0,-8.0,8.0
1-2 дня,2026-08-23T22:29:36Z,2026-08-25T09:00:00Z,34.5,90.0,100.0,100.0,-10.0,10.0
1-2 дня,2026-08-23T22:29:36Z,2026-08-25T12:00:00Z,37.5,83.0,87.5,100.0,-4.5,4.5
1-2 дня,2026-08-23T22:29:36Z,2026-08-25T15:00:00Z,40.5,66.0,87.5,100.0,-21.5,21.5
1-2 дня,2026-08-23T22:29:36Z,2026-08-25T18:00:00Z,43.5,47.0,87.5,100.0,-40.5,40.5
1-2 дня,2026-08-23T22:29:36Z,2026-08-25T21:00:00Z,46.5,31.0,12.5,100.0,18.5,18.5
1-2 дня,2026-08-24T04:38:48Z,2026-08-25T06:00:00Z,25.4,87.0,100.0,100.0,-13.0,13.0
1-2 дня,2026-08-24T04:38:48Z,2026-08-25T09:00:00Z,28.4,89.0,100.0,100.0,-11.0,11.0
1-2 дня,2026-08-24T04:38:48Z,2026-08-25T12:00:00Z,31.4,86.0,87.5,100.0,-1.5,1.5
1-2 дня,2026-08-24T04:38:48Z,2026-08-25T15:00:00Z,34.4,69.0,87.5,100.0,-18.5,18.5
1-2 дня,2026-08-24T04:38:48Z,2026-08-25T18:00:00Z,37.4,47.0,87.5,100.0,-40.5,40.5
1-2 дня,2026-08-24T04:38:48Z,2026-08-25T21:00:00Z,40.4,23.0,12.5,100.0,10.5,10.5
1-2 дня,2026-08-24T04:38:48Z,2026-08-26T00:00:00Z,43.4,14.0,75.0,100.0,-61.0,61.0
1-2 дня,2026-08-24T04:38:48Z,2026-08-26T03:00:00Z,46.4,52.0,87.5,100.0,-35.5,35.5
1-2 дня,2026-08-24T10:24:38Z,2026-08-25T12:00:00Z,25.6,88.0,87.5,100.0,0.5,0.5
1-2 дня,2026-08-24T10:24:38Z,2026-08-25T15:00:00Z,28.6,71.0,87.5,100.0,-16.5,16.5
1-2 дня,2026-08-24T10:24:38Z,2026-08-25T18:00:00Z,31.6,52.0,87.5,100.0,-35.5,35.5
1-2 дня,2026-08-24T10:24:38Z,2026-08-25T21:00:00Z,34.6,30.0,12.5,100.0,17.5,17.5
1-2 дня,2026-08-24T10:24:38Z,2026-08-26T00:00:00Z,37.6,20.0,75.0,100.0,-55.0,55.0
1-2 дня,2026-08-24T10:24:38Z,2026-08-26T03:00:00Z,40.6,45.0,87.5,100.0,-42.5,42.5
1-2 дня,2026-08-24T10:24:38Z,2026-08-26T06:00:00Z,43.6,75.0,87.5,100.0,-12.5,12.5
1-2 дня,2026-08-24T10:24:38Z,2026-08-26T09:00:00Z,46.6,89.0,100.0,100.0,-11.0,11.0
1-2 дня,2026-08-24T16:34:00Z,2026-08-25T18:00:00Z,25.4,58.0,87.5,100.0,-29.5,29.5
1-2 дня,2026-08-24T16:34:00Z,2026-08-25T21:00:00Z,28.4,35.0,12.5,100.0,22.5,22.5
1-2 дня,2026-08-24T16:34:00Z,2026-08-26T00:00:00Z,31.4,24.0,75.0,100.0,-51.0,51.0
1-2 дня,2026-08-24T16:34:00Z,2026-08-26T03:00:00Z,34.4,57.0,87.5,100.0,-30.5,30.5
1-2 дня,2026-08-24T16:34:00Z,2026-08-26T06:00:00Z,37.4,91.0,87.5,100.0,3.5,3.5
1-2 дня,2026-08-24T16:34:00Z,2026-08-26T09:00:00Z,40.4,86.0,100.0,100.0,-14.0,14.0
1-2 дня,2026-08-24T16:34:00Z,2026-08-26T12:00:00Z,43.4,69.0,100.0,87.5,-31.0,31.0
1-2 дня,2026-08-24T16:34:00Z,2026-08-26T15:00:00Z,46.4,50.0,25.0,87.5,25.0,25.0
1-2 дня,2026-08-24T22:34:40Z,2026-08-26T00:00:00Z,25.4,54.0,75.0,100.0,-21.0,21.0
1-2 дня,2026-08-24T22:34:40Z,2026-08-26T03:00:00Z,28.4,76.0,87.5,100.0,-11.5,11.5
1-2 дня,2026-08-24T22:34:40Z,2026-08-26T06:00:00Z,31.4,93.0,87.5,100.0,5.5,5.5
1-2 дня,2026-08-24T22:34:40Z,2026-08-26T09:00:00Z,34.4,78.0,100.0,100.0,-22.0,22.0
1-2 дня,2026-08-24T22:34:40Z,2026-08-26T12:00:00Z,37.4,54.0,100.0,87.5,-46.0,46.0
1-2 дня,2026-08-24T22:34:40Z,2026-08-26T15:00:00Z,40.4,38.0,25.0,87.5,13.0,13.0
1-2 дня,2026-08-24T22:34:40Z,2026-08-26T18:00:00Z,43.4,26.0,12.5,87.5,13.5,13.5
1-2 дня,2026-08-24T22:34:40Z,2026-08-26T21:00:00Z,46.4,24.0,12.5,12.5,11.5,11.5
1-2 дня,2026-08-25T04:33:15Z,2026-08-26T06:00:00Z,25.4,84.0,87.5,100.0,-3.5,3.5
1-2 дня,2026-08-25T04:33:15Z,2026-08-26T09:00:00Z,28.4,87.0,100.0,100.0,-13.0,13.0
1-2 дня,2026-08-25T04:33:15Z,2026-08-26T12:00:00Z,31.4,78.0,100.0,87.5,-22.0,22.0
1-2 дня,2026-08-25T04:33:15Z,2026-08-26T15:00:00Z,34.4,51.0,25.0,87.5,26.0,26.0
1-2 дня,2026-08-25T04:33:15Z,2026-08-26T18:00:00Z,37.4,26.0,12.5,87.5,13.5,13.5
1-2 дня,2026-08-25T04:33:15Z,2026-08-26T21:00:00Z,40.4,26.0,12.5,12.5,13.5,13.5
1-2 дня,2026-08-25T04:33:15Z,2026-08-27T00:00:00Z,43.4,31.0,0.0,75.0,31.0,31.0
1-2 дня,2026-08-25T04:33:15Z,2026-08-27T03:00:00Z,46.4,26.0,87.5,87.5,-61.5,61.5
1-2 дня,2026-08-25T10:18:20Z,2026-08-26T12:00:00Z,25.7,77.0,100.0,87.5,-23.0,23.0
1-2 дня,2026-08-25T10:18:20Z,2026-08-26T15:00:00Z,28.7,51.0,25.0,87.5,26.0,26.0
1-2 дня,2026-08-25T10:18:20Z,2026-08-26T18:00:00Z,31.7,27.0,12.5,87.5,14.5,14.5
1-2 дня,2026-08-25T10:18:20Z,2026-08-26T21:00:00Z,34.7,24.0,12.5,12.5,11.5,11.5
1-2 дня,2026-08-25T10:18:20Z,2026-08-27T00:00:00Z,37.7,29.0,0.0,75.0,29.0,29.0
1-2 дня,2026-08-25T10:18:20Z,2026-08-27T03:00:00Z,40.7,33.0,87.5,87.5,-54.5,54.5
1-2 дня,2026-08-25T10:18:20Z,2026-08-27T06:00:00Z,43.7,38.0,87.5,87.5,-49.5,49.5
1-2 дня,2026-08-25T10:18:20Z,2026-08-27T09:00:00Z,46.7,49.0,87.5,100.0,-38.5,38.5
1-2 дня,2026-08-25T16:33:53Z,2026-08-26T18:00:00Z,25.4,38.0,12.5,87.5,25.5,25.5
1-2 дня,2026-08-25T16:33:53Z,2026-08-26T21:00:00Z,28.4,23.0,12.5,12.5,10.5,10.5
1-2 дня,2026-08-25T16:33:53Z,2026-08-27T00:00:00Z,31.4,15.0,0.0,75.0,15.0,15.0
1-2 дня,2026-08-25T16:33:53Z,2026-08-27T03:00:00Z,34.4,17.0,87.5,87.5,-70.5,70.5
1-2 дня,2026-08-25T16:33:53Z,2026-08-27T06:00:00Z,37.4,21.0,87.5,87.5,-66.5,66.5
1-2 дня,2026-08-25T16:33:53Z,2026-08-27T09:00:00Z,40.4,12.0,87.5,100.0,-75.5,75.5
1-2 дня,2026-08-25T16:33:53Z,2026-08-27T12:00:00Z,43.4,9.0,75.0,100.0,-66.0,66.0
1-2 дня,2026-08-25T16:33:53Z,2026-08-27T15:00:00Z,46.4,37.0,37.5,25.0,-0.5,0.5
1-2 дня,2026-08-25T22:34:48Z,2026-08-27T00:00:00Z,25.4,19.0,0.0,75.0,19.0,19.0
1-2 дня,2026-08-25T22:34:48Z,2026-08-27T03:00:00Z,28.4,18.0,87.5,87.5,-69.5,69.5
1-2 дня,2026-08-25T22:34:48Z,2026-08-27T06:00:00Z,31.4,15.0,87.5,87.5,-72.5,72.5
1-2 дня,2026-08-25T22:34:48Z,2026-08-27T09:00:00Z,34.4,11.0,87.5,100.0,-76.5,76.5
1-2 дня,2026-08-25T22:34:48Z,2026-08-27T12:00:00Z,37.4,10.0,75.0,100.0,-65.0,65.0
1-2 дня,2026-08-25T22:34:48Z,2026-08-27T15:00:00Z,40.4,22.0,37.5,25.0,-15.5,15.5
1-2 дня,2026-08-25T22:34:48Z,2026-08-27T18:00:00Z,43.4,33.0,87.5,12.5,-54.5,54.5
1-2 дня,2026-08-25T22:34:48Z,2026-08-27T21:00:00Z,46.4,31.0,25.0,12.5,6.0,6.0
1-2 дня,2026-08-26T04:34:15Z,2026-08-27T06:00:00Z,25.4,29.0,87.5,87.5,-58.5,58.5
1-2 дня,2026-08-26T04:34:15Z,2026-08-27T09:00:00Z,28.4,21.0,87.5,100.0,-66.5,66.5
1-2 дня,2026-08-26T04:34:15Z,2026-08-27T12:00:00Z,31.4,13.0,75.0,100.0,-62.0,62.0
1-2 дня,2026-08-26T04:34:15Z,2026-08-27T15:00:00Z,34.4,27.0,37.5,25.0,-10.5,10.5
1-2 дня,2026-08-26T04:34:15Z,2026-08-27T18:00:00Z,37.4,39.0,87.5,12.5,-48.5,48.5
1-2 дня,2026-08-26T04:34:15Z,2026-08-27T21:00:00Z,40.4,26.0,25.0,12.5,1.0,1.0
1-2 дня,2026-08-26T04:34:15Z,2026-08-28T00:00:00Z,43.4,10.0,100.0,0.0,-90.0,90.0
1-2 дня,2026-08-26T04:34:15Z,2026-08-28T03:00:00Z,46.4,11.0,12.5,87.5,-1.5,1.5
1-2 дня,2026-08-26T10:21:58Z,2026-08-27T12:00:00Z,25.6,26.0,75.0,100.0,-49.0,49.0
1-2 дня,2026-08-26T10:21:58Z,2026-08-27T15:00:00Z,28.6,19.0,37.5,25.0,-18.5,18.5
1-2 дня,2026-08-26T10:21:58Z,2026-08-27T18:00:00Z,31.6,11.0,87.5,12.5,-76.5,76.5
1-2 дня,2026-08-26T10:21:58Z,2026-08-27T21:00:00Z,34.6,9.0,25.0,12.5,-16.0,16.0
1-2 дня,2026-08-26T10:21:58Z,2026-08-28T00:00:00Z,37.6,11.0,100.0,0.0,-89.0,89.0
1-2 дня,2026-08-26T10:21:58Z,2026-08-28T03:00:00Z,40.6,25.0,12.5,87.5,12.5,12.5
1-2 дня,2026-08-26T10:21:58Z,2026-08-28T06:00:00Z,43.6,34.0,87.5,87.5,-53.5,53.5
1-2 дня,2026-08-26T10:21:58Z,2026-08-28T09:00:00Z,46.6,18.0,75.0,87.5,-57.0,57.0
1-2 дня,2026-08-26T16:46:17Z,2026-08-27T18:00:00Z,25.2,22.0,87.5,12.5,-65.5,65.5
1-2 дня,2026-08-26T16:46:17Z,2026-08-27T21:00:00Z,28.2,24.0,25.0,12.5,-1.0,1.0
1-2 дня,2026-08-26T16:46:17Z,2026-08-28T00:00:00Z,31.2,29.0,100.0,0.0,-71.0,71.0
1-2 дня,2026-08-26T16:46:17Z,2026-08-28T03:00:00Z,34.2,39.0,12.5,87.5,26.5,26.5
1-2 дня,2026-08-26T16:46:17Z,2026-08-28T06:00:00Z,37.2,43.0,87.5,87.5,-44.5,44.5
1-2 дня,2026-08-26T16:46:17Z,2026-08-28T09:00:00Z,40.2,28.0,75.0,87.5,-47.0,47.0
1-2 дня,2026-08-26T16:46:17Z,2026-08-28T12:00:00Z,43.2,10.0,75.0,75.0,-65.0,65.0
1-2 дня,2026-08-26T16:46:17Z,2026-08-28T15:00:00Z,46.2,2.0,25.0,37.5,-23.0,23.0
1-2 дня,2026-08-27T03:02:51Z,2026-08-28T06:00:00Z,27.0,16.0,87.5,87.5,-71.5,71.5
1-2 дня,2026-08-27T03:02:51Z,2026-08-28T09:00:00Z,30.0,28.0,75.0,87.5,-47.0,47.0
1-2 дня,2026-08-27T03:02:51Z,2026-08-28T12:00:00Z,33.0,34.0,75.0,75.0,-41.0,41.0
1-2 дня,2026-08-27T03:02:51Z,2026-08-28T15:00:00Z,36.0,16.0,25.0,37.5,-9.0,9.0
1-2 дня,2026-08-27T03:02:51Z,2026-08-28T18:00:00Z,39.0,0.0,0.0,87.5,0.0,0.0
1-2 дня,2026-08-27T03:02:51Z,2026-08-28T21:00:00Z,42.0,16.0,50.0,25.0,-34.0,34.0
1-2 дня,2026-08-27T03:02:51Z,2026-08-29T00:00:00Z,45.0,32.0,0.0,100.0,32.0,32.0
1-2 дня,2026-08-27T03:02:51Z,2026-08-29T03:00:00Z,48.0,15.0,0.0,12.5,15.0,15.0
1-2 дня,2026-08-27T14:55:44Z,2026-08-28T15:00:00Z,24.1,35.0,25.0,37.5,10.0,10.0
1-2 дня,2026-08-27T14:55:44Z,2026-08-28T18:00:00Z,27.1,5.0,0.0,87.5,5.0,5.0
1-2 дня,2026-08-27T14:55:44Z,2026-08-28T21:00:00Z,30.1,0.0,50.0,25.0,-50.0,50.0
1-2 дня,2026-08-27T14:55:44Z,2026-08-29T00:00:00Z,33.1,0.0,0.0,100.0,0.0,0.0
1-2 дня,2026-08-27T14:55:44Z,2026-08-29T03:00:00Z,36.1,0.0,0.0,12.5,0.0,0.0
1-2 дня,2026-08-27T14:55:44Z,2026-08-29T06:00:00Z,39.1,0.0,12.5,87.5,-12.5,12.5
1-2 дня,2026-08-27T14:55:44Z,2026-08-29T09:00:00Z,42.1,27.0,12.5,75.0,14.5,14.5
1-2 дня,2026-08-27T14:55:44Z,2026-08-29T12:00:00Z,45.1,54.0,0.0,75.0,54.0,54.0
1-2 дня,2026-08-27T20:01:22Z,2026-08-28T21:00:00Z,25.0,11.0,50.0,25.0,-39.0,39.0
1-2 дня,2026-08-27T20:01:22Z,2026-08-29T00:00:00Z,28.0,28.0,0.0,100.0,28.0,28.0
1-2 дня,2026-08-27T20:01:22Z,2026-08-29T03:00:00Z,31.0,28.0,0.0,12.5,28.0,28.0
1-2 дня,2026-08-27T20:01:22Z,2026-08-29T06:00:00Z,34.0,28.0,12.5,87.5,15.5,15.5
1-2 дня,2026-08-27T20:01:22Z,2026-08-29T09:00:00Z,37.0,47.0,12.5,75.0,34.5,34.5
1-2 дня,2026-08-27T20:01:22Z,2026-08-29T12:00:00Z,40.0,62.0,0.0,75.0,62.0,62.0
1-2 дня,2026-08-27T20:01:22Z,2026-08-29T15:00:00Z,43.0,50.0,12.5,25.0,37.5,37.5
1-2 дня,2026-08-27T20:01:22Z,2026-08-29T18:00:00Z,46.0,31.0,12.5,0.0,18.5,18.5
1-2 дня,2026-08-28T00:44:37Z,2026-08-29T03:00:00Z,26.3,59.0,0.0,12.5,59.0,59.0
1-2 дня,2026-08-28T00:44:37Z,2026-08-29T06:00:00Z,29.3,88.0,12.5,87.5,75.5,75.5
1-2 дня,2026-08-28T00:44:37Z,2026-08-29T09:00:00Z,32.3,76.0,12.5,75.0,63.5,63.5
1-2 дня,2026-08-28T00:44:37Z,2026-08-29T12:00:00Z,35.3,55.0,0.0,75.0,55.0,55.0
1-2 дня,2026-08-28T00:44:37Z,2026-08-29T15:00:00Z,38.3,47.0,12.5,25.0,34.5,34.5
1-2 дня,2026-08-28T00:44:37Z,2026-08-29T18:00:00Z,41.3,42.0,12.5,0.0,29.5,29.5
1-2 дня,2026-08-28T00:44:37Z,2026-08-29T21:00:00Z,44.3,33.0,0.0,50.0,33.0,33.0
1-2 дня,2026-08-28T00:44:37Z,2026-08-30T00:00:00Z,47.3,26.0,87.5,0.0,-61.5,61.5
1-2 дня,2026-08-28T06:03:31Z,2026-08-29T09:00:00Z,26.9,19.0,12.5,75.0,6.5,6.5
1-2 дня,2026-08-28T06:03:31Z,2026-08-29T12:00:00Z,29.9,39.0,0.0,75.0,39.0,39.0
1-2 дня,2026-08-28T06:03:31Z,2026-08-29T15:00:00Z,32.9,52.0,12.5,25.0,39.5,39.5
1-2 дня,2026-08-28T06:03:31Z,2026-08-29T18:00:00Z,35.9,57.0,12.5,0.0,44.5,44.5
1-2 дня,2026-08-28T06:03:31Z,2026-08-29T21:00:00Z,38.9,45.0,0.0,50.0,45.0,45.0
1-2 дня,2026-08-28T06:03:31Z,2026-08-30T00:00:00Z,41.9,28.0,87.5,0.0,-59.5,59.5
1-2 дня,2026-08-28T06:03:31Z,2026-08-30T03:00:00Z,44.9,12.0,87.5,0.0,-75.5,75.5
1-2 дня,2026-08-28T06:03:31Z,2026-08-30T06:00:00Z,47.9,0.0,87.5,12.5,-87.5,87.5
1-2 дня,2026-08-28T15:51:06Z,2026-08-29T18:00:00Z,26.1,42.0,12.5,0.0,29.5,29.5
1-2 дня,2026-08-28T15:51:06Z,2026-08-29T21:00:00Z,29.1,48.0,0.0,50.0,48.0,48.0
1-2 дня,2026-08-28T15:51:06Z,2026-08-30T00:00:00Z,32.1,55.0,87.5,0.0,-32.5,32.5
1-2 дня,2026-08-28T15:51:06Z,2026-08-30T03:00:00Z,35.1,52.0,87.5,0.0,-35.5,35.5
1-2 дня,2026-08-28T15:51:06Z,2026-08-30T06:00:00Z,38.1,46.0,87.5,12.5,-41.5,41.5
1-2 дня,2026-08-28T15:51:06Z,2026-08-30T09:00:00Z,41.1,38.0,25.0,12.5,13.0,13.0
1-2 дня,2026-08-28T15:51:06Z,2026-08-30T12:00:00Z,44.1,28.0,25.0,0.0,3.0,3.0
1-2 дня,2026-08-29T00:23:24Z,2026-08-30T03:00:00Z,26.6,46.0,87.5,0.0,-41.5,41.5
1-2 дня,2026-08-29T00:23:24Z,2026-08-30T06:00:00Z,29.6,23.0,87.5,12.5,-64.5,64.5
1-2 дня,2026-08-29T00:23:24Z,2026-08-30T09:00:00Z,32.6,9.0,25.0,12.5,-16.0,16.0
1-2 дня,2026-08-29T00:23:24Z,2026-08-30T12:00:00Z,35.6,5.0,25.0,0.0,-20.0,20.0
1-2 дня,2026-08-29T03:37:28Z,2026-08-30T06:00:00Z,26.4,23.0,87.5,12.5,-64.5,64.5
1-2 дня,2026-08-29T03:37:28Z,2026-08-30T09:00:00Z,29.4,9.0,25.0,12.5,-16.0,16.0
1-2 дня,2026-08-29T03:37:28Z,2026-08-30T12:00:00Z,32.4,5.0,25.0,0.0,-20.0,20.0
1-2 дня,2026-08-29T10:40:21Z,2026-08-30T12:00:00Z,25.3,56.0,25.0,0.0,31.0,31.0
2-3 дня,2026-08-06T09:50:07Z,2026-08-08T12:00:00Z,50.2,26.0,100.0,87.5,-74.0,74.0
2-3 дня,2026-08-06T09:50:07Z,2026-08-08T15:00:00Z,53.2,45.0,87.5,87.5,-42.5,42.5
2-3 дня,2026-08-06T09:50:07Z,2026-08-08T18:00:00Z,56.2,71.0,100.0,87.5,-29.0,29.0
2-3 дня,2026-08-06T09:50:07Z,2026-08-08T21:00:00Z,59.2,80.0,87.5,87.5,-7.5,7.5
2-3 дня,2026-08-06T09:50:07Z,2026-08-09T00:00:00Z,62.2,85.0,87.5,100.0,-2.5,2.5
2-3 дня,2026-08-06T09:50:07Z,2026-08-09T03:00:00Z,65.2,99.0,100.0,100.0,-1.0,1.0
2-3 дня,2026-08-06T09:50:07Z,2026-08-09T06:00:00Z,68.2,99.0,100.0,100.0,-1.0,1.0
2-3 дня,2026-08-06T09:50:07Z,2026-08-09T09:00:00Z,71.2,48.0,75.0,100.0,-27.0,27.0
2-3 дня,2026-08-06T09:59:18Z,2026-08-08T12:00:00Z,50.0,26.0,100.0,87.5,-74.0,74.0
2-3 дня,2026-08-06T09:59:18Z,2026-08-08T15:00:00Z,53.0,45.0,87.5,87.5,-42.5,42.5
2-3 дня,2026-08-06T09:59:18Z,2026-08-08T18:00:00Z,56.0,71.0,100.0,87.5,-29.0,29.0
2-3 дня,2026-08-06T09:59:18Z,2026-08-08T21:00:00Z,59.0,80.0,87.5,87.5,-7.5,7.5
2-3 дня,2026-08-06T09:59:18Z,2026-08-09T00:00:00Z,62.0,85.0,87.5,100.0,-2.5,2.5
2-3 дня,2026-08-06T09:59:18Z,2026-08-09T03:00:00Z,65.0,99.0,100.0,100.0,-1.0,1.0
2-3 дня,2026-08-06T09:59:18Z,2026-08-09T06:00:00Z,68.0,99.0,100.0,100.0,-1.0,1.0
2-3 дня,2026-08-06T09:59:18Z,2026-08-09T09:00:00Z,71.0,48.0,75.0,100.0,-27.0,27.0
2-3 дня,2026-08-06T10:08:26Z,2026-08-08T12:00:00Z,49.9,26.0,100.0,87.5,-74.0,74.0
2-3 дня,2026-08-06T10:08:26Z,2026-08-08T15:00:00Z,52.9,45.0,87.5,87.5,-42.5,42.5
2-3 дня,2026-08-06T10:08:26Z,2026-08-08T18:00:00Z,55.9,71.0,100.0,87.5,-29.0,29.0
2-3 дня,2026-08-06T10:08:26Z,2026-08-08T21:00:00Z,58.9,80.0,87.5,87.5,-7.5,7.5
2-3 дня,2026-08-06T10:08:26Z,2026-08-09T00:00:00Z,61.9,85.0,87.5,100.0,-2.5,2.5
2-3 дня,2026-08-06T10:08:26Z,2026-08-09T03:00:00Z,64.9,99.0,100.0,100.0,-1.0,1.0
2-3 дня,2026-08-06T10:08:26Z,2026-08-09T06:00:00Z,67.9,99.0,100.0,100.0,-1.0,1.0
2-3 дня,2026-08-06T10:08:26Z,2026-08-09T09:00:00Z,70.9,48.0,75.0,100.0,-27.0,27.0
2-3 дня,2026-08-06T10:47:54Z,2026-08-08T12:00:00Z,49.2,26.0,100.0,87.5,-74.0,74.0
2-3 дня,2026-08-06T10:47:54Z,2026-08-08T15:00:00Z,52.2,45.0,87.5,87.5,-42.5,42.5
2-3 дня,2026-08-06T10:47:54Z,2026-08-08T18:00:00Z,55.2,71.0,100.0,87.5,-29.0,29.0
2-3 дня,2026-08-06T10:47:54Z,2026-08-08T21:00:00Z,58.2,80.0,87.5,87.5,-7.5,7.5
2-3 дня,2026-08-06T10:47:54Z,2026-08-09T00:00:00Z,61.2,85.0,87.5,100.0,-2.5,2.5
2-3 дня,2026-08-06T10:47:54Z,2026-08-09T03:00:00Z,64.2,99.0,100.0,100.0,-1.0,1.0
2-3 дня,2026-08-06T10:47:54Z,2026-08-09T06:00:00Z,67.2,99.0,100.0,100.0,-1.0,1.0
2-3 дня,2026-08-06T10:47:54Z,2026-08-09T09:00:00Z,70.2,48.0,75.0,100.0,-27.0,27.0
2-3 дня,2026-08-06T11:30:42Z,2026-08-08T12:00:00Z,48.5,26.0,100.0,87.5,-74.0,74.0
2-3 дня,2026-08-06T11:30:42Z,2026-08-08T15:00:00Z,51.5,45.0,87.5,87.5,-42.5,42.5
2-3 дня,2026-08-06T11:30:42Z,2026-08-08T18:00:00Z,54.5,71.0,100.0,87.5,-29.0,29.0
2-3 дня,2026-08-06T11:30:42Z,2026-08-08T21:00:00Z,57.5,80.0,87.5,87.5,-7.5,7.5
2-3 дня,2026-08-06T11:30:42Z,2026-08-09T00:00:00Z,60.5,85.0,87.5,100.0,-2.5,2.5
2-3 дня,2026-08-06T11:30:42Z,2026-08-09T03:00:00Z,63.5,99.0,100.0,100.0,-1.0,1.0
2-3 дня,2026-08-06T11:30:42Z,2026-08-09T06:00:00Z,66.5,99.0,100.0,100.0,-1.0,1.0
2-3 дня,2026-08-06T11:30:42Z,2026-08-09T09:00:00Z,69.5,48.0,75.0,100.0,-27.0,27.0
2-3 дня,2026-08-06T11:36:01Z,2026-08-08T12:00:00Z,48.4,26.0,100.0,87.5,-74.0,74.0
2-3 дня,2026-08-06T11:36:01Z,2026-08-08T15:00:00Z,51.4,45.0,87.5,87.5,-42.5,42.5
2-3 дня,2026-08-06T11:36:01Z,2026-08-08T18:00:00Z,54.4,71.0,100.0,87.5,-29.0,29.0
2-3 дня,2026-08-06T11:36:01Z,2026-08-08T21:00:00Z,57.4,80.0,87.5,87.5,-7.5,7.5
2-3 дня,2026-08-06T11:36:01Z,2026-08-09T00:00:00Z,60.4,85.0,87.5,100.0,-2.5,2.5
2-3 дня,2026-08-06T11:36:01Z,2026-08-09T03:00:00Z,63.4,99.0,100.0,100.0,-1.0,1.0
2-3 дня,2026-08-06T11:36:01Z,2026-08-09T06:00:00Z,66.4,99.0,100.0,100.0,-1.0,1.0
2-3 дня,2026-08-06T11:36:01Z,2026-08-09T09:00:00Z,69.4,48.0,75.0,100.0,-27.0,27.0
2-3 дня,2026-08-06T11:44:08Z,2026-08-08T12:00:00Z,48.3,26.0,100.0,87.5,-74.0,74.0
2-3 дня,2026-08-06T11:44:08Z,2026-08-08T15:00:00Z,51.3,45.0,87.5,87.5,-42.5,42.5
2-3 дня,2026-08-06T11:44:08Z,2026-08-08T18:00:00Z,54.3,71.0,100.0,87.5,-29.0,29.0
2-3 дня,2026-08-06T11:44:08Z,2026-08-08T21:00:00Z,57.3,80.0,87.5,87.5,-7.5,7.5
2-3 дня,2026-08-06T11:44:08Z,2026-08-09T00:00:00Z,60.3,85.0,87.5,100.0,-2.5,2.5
2-3 дня,2026-08-06T11:44:08Z,2026-08-09T03:00:00Z,63.3,99.0,100.0,100.0,-1.0,1.0
2-3 дня,2026-08-06T11:44:08Z,2026-08-09T06:00:00Z,66.3,99.0,100.0,100.0,-1.0,1.0
2-3 дня,2026-08-06T11:44:08Z,2026-08-09T09:00:00Z,69.3,48.0,75.0,100.0,-27.0,27.0
2-3 дня,2026-08-07T01:31:32Z,2026-08-09T03:00:00Z,49.5,98.0,100.0,100.0,-2.0,2.0
2-3 дня,2026-08-07T01:31:32Z,2026-08-09T06:00:00Z,52.5,96.0,100.0,100.0,-4.0,4.0
2-3 дня,2026-08-07T01:31:32Z,2026-08-09T09:00:00Z,55.5,53.0,75.0,100.0,-22.0,22.0
2-3 дня,2026-08-07T01:31:32Z,2026-08-09T12:00:00Z,58.5,7.0,75.0,100.0,-68.0,68.0
2-3 дня,2026-08-07T01:31:32Z,2026-08-09T15:00:00Z,61.5,0.0,87.5,87.5,-87.5,87.5
2-3 дня,2026-08-07T01:31:32Z,2026-08-09T18:00:00Z,64.5,0.0,75.0,100.0,-75.0,75.0
2-3 дня,2026-08-07T01:31:32Z,2026-08-09T21:00:00Z,67.5,33.0,37.5,87.5,-4.5,4.5
2-3 дня,2026-08-07T01:31:32Z,2026-08-10T00:00:00Z,70.5,68.0,37.5,87.5,30.5,30.5
2-3 дня,2026-08-07T05:36:00Z,2026-08-09T06:00:00Z,48.4,51.0,100.0,100.0,-49.0,49.0
2-3 дня,2026-08-07T05:36:00Z,2026-08-09T09:00:00Z,51.4,68.0,75.0,100.0,-7.0,7.0
2-3 дня,2026-08-07T05:36:00Z,2026-08-09T12:00:00Z,54.4,81.0,75.0,100.0,6.0,6.0
2-3 дня,2026-08-07T05:36:00Z,2026-08-09T15:00:00Z,57.4,41.0,87.5,87.5,-46.5,46.5
2-3 дня,2026-08-07T05:36:00Z,2026-08-09T18:00:00Z,60.4,0.0,75.0,100.0,-75.0,75.0
2-3 дня,2026-08-07T05:36:00Z,2026-08-09T21:00:00Z,63.4,5.0,37.5,87.5,-32.5,32.5
2-3 дня,2026-08-07T05:36:00Z,2026-08-10T00:00:00Z,66.4,23.0,37.5,87.5,-14.5,14.5
2-3 дня,2026-08-07T05:36:00Z,2026-08-10T03:00:00Z,69.4,40.0,87.5,100.0,-47.5,47.5
2-3 дня,2026-08-07T06:18:59Z,2026-08-09T09:00:00Z,50.7,68.0,75.0,100.0,-7.0,7.0
2-3 дня,2026-08-07T06:18:59Z,2026-08-09T12:00:00Z,53.7,81.0,75.0,100.0,6.0,6.0
2-3 дня,2026-08-07T06:18:59Z,2026-08-09T15:00:00Z,56.7,41.0,87.5,87.5,-46.5,46.5
2-3 дня,2026-08-07T06:18:59Z,2026-08-09T18:00:00Z,59.7,0.0,75.0,100.0,-75.0,75.0
2-3 дня,2026-08-07T06:18:59Z,2026-08-09T21:00:00Z,62.7,5.0,37.5,87.5,-32.5,32.5
2-3 дня,2026-08-07T06:18:59Z,2026-08-10T00:00:00Z,65.7,23.0,37.5,87.5,-14.5,14.5
2-3 дня,2026-08-07T06:18:59Z,2026-08-10T03:00:00Z,68.7,40.0,87.5,100.0,-47.5,47.5
2-3 дня,2026-08-07T06:18:59Z,2026-08-10T06:00:00Z,71.7,54.0,87.5,100.0,-33.5,33.5
2-3 дня,2026-08-07T07:13:52Z,2026-08-09T09:00:00Z,49.8,68.0,75.0,100.0,-7.0,7.0
2-3 дня,2026-08-07T07:13:52Z,2026-08-09T12:00:00Z,52.8,81.0,75.0,100.0,6.0,6.0
2-3 дня,2026-08-07T07:13:52Z,2026-08-09T15:00:00Z,55.8,41.0,87.5,87.5,-46.5,46.5
2-3 дня,2026-08-07T07:13:52Z,2026-08-09T18:00:00Z,58.8,0.0,75.0,100.0,-75.0,75.0
2-3 дня,2026-08-07T07:13:52Z,2026-08-09T21:00:00Z,61.8,5.0,37.5,87.5,-32.5,32.5
2-3 дня,2026-08-07T07:13:52Z,2026-08-10T00:00:00Z,64.8,23.0,37.5,87.5,-14.5,14.5
2-3 дня,2026-08-07T07:13:52Z,2026-08-10T03:00:00Z,67.8,40.0,87.5,100.0,-47.5,47.5
2-3 дня,2026-08-07T07:13:52Z,2026-08-10T06:00:00Z,70.8,54.0,87.5,100.0,-33.5,33.5
2-3 дня,2026-08-07T10:39:14Z,2026-08-09T12:00:00Z,49.3,79.0,75.0,100.0,4.0,4.0
2-3 дня,2026-08-07T10:39:14Z,2026-08-09T15:00:00Z,52.3,38.0,87.5,87.5,-49.5,49.5
2-3 дня,2026-08-07T10:39:14Z,2026-08-09T18:00:00Z,55.3,0.0,75.0,100.0,-75.0,75.0
2-3 дня,2026-08-07T10:39:14Z,2026-08-09T21:00:00Z,58.3,6.0,37.5,87.5,-31.5,31.5
2-3 дня,2026-08-07T10:39:14Z,2026-08-10T00:00:00Z,61.3,27.0,37.5,87.5,-10.5,10.5
2-3 дня,2026-08-07T10:39:14Z,2026-08-10T03:00:00Z,64.3,55.0,87.5,100.0,-32.5,32.5
2-3 дня,2026-08-07T10:39:14Z,2026-08-10T06:00:00Z,67.3,75.0,87.5,100.0,-12.5,12.5
2-3 дня,2026-08-07T10:39:14Z,2026-08-10T09:00:00Z,70.3,60.0,87.5,75.0,-27.5,27.5
2-3 дня,2026-08-07T16:51:54Z,2026-08-09T18:00:00Z,49.1,0.0,75.0,100.0,-75.0,75.0
2-3 дня,2026-08-07T16:51:54Z,2026-08-09T21:00:00Z,52.1,28.0,37.5,87.5,-9.5,9.5
2-3 дня,2026-08-07T16:51:54Z,2026-08-10T00:00:00Z,55.1,66.0,37.5,87.5,28.5,28.5
2-3 дня,2026-08-07T16:51:54Z,2026-08-10T03:00:00Z,58.1,85.0,87.5,100.0,-2.5,2.5
2-3 дня,2026-08-07T16:51:54Z,2026-08-10T06:00:00Z,61.1,91.0,87.5,100.0,3.5,3.5
2-3 дня,2026-08-07T16:51:54Z,2026-08-10T09:00:00Z,64.1,77.0,87.5,75.0,-10.5,10.5
2-3 дня,2026-08-07T16:51:54Z,2026-08-10T12:00:00Z,67.1,58.0,87.5,75.0,-29.5,29.5
2-3 дня,2026-08-07T16:51:54Z,2026-08-10T15:00:00Z,70.1,54.0,87.5,87.5,-33.5,33.5
2-3 дня,2026-08-07T22:45:57Z,2026-08-10T00:00:00Z,49.2,63.0,37.5,87.5,25.5,25.5
2-3 дня,2026-08-07T22:45:57Z,2026-08-10T03:00:00Z,52.2,63.0,87.5,100.0,-24.5,24.5
2-3 дня,2026-08-07T22:45:57Z,2026-08-10T06:00:00Z,55.2,57.0,87.5,100.0,-30.5,30.5
2-3 дня,2026-08-07T22:45:57Z,2026-08-10T09:00:00Z,58.2,66.0,87.5,75.0,-21.5,21.5
2-3 дня,2026-08-07T22:45:57Z,2026-08-10T12:00:00Z,61.2,70.0,87.5,75.0,-17.5,17.5
2-3 дня,2026-08-07T22:45:57Z,2026-08-10T15:00:00Z,64.2,47.0,87.5,87.5,-40.5,40.5
2-3 дня,2026-08-07T22:45:57Z,2026-08-10T18:00:00Z,67.2,21.0,75.0,75.0,-54.0,54.0
2-3 дня,2026-08-07T22:45:57Z,2026-08-10T21:00:00Z,70.2,13.0,100.0,37.5,-87.0,87.0
2-3 дня,2026-08-07T23:19:23Z,2026-08-10T00:00:00Z,48.7,63.0,37.5,87.5,25.5,25.5
2-3 дня,2026-08-07T23:19:23Z,2026-08-10T03:00:00Z,51.7,63.0,87.5,100.0,-24.5,24.5
2-3 дня,2026-08-07T23:19:23Z,2026-08-10T06:00:00Z,54.7,57.0,87.5,100.0,-30.5,30.5
2-3 дня,2026-08-07T23:19:23Z,2026-08-10T09:00:00Z,57.7,66.0,87.5,75.0,-21.5,21.5
2-3 дня,2026-08-07T23:19:23Z,2026-08-10T12:00:00Z,60.7,70.0,87.5,75.0,-17.5,17.5
2-3 дня,2026-08-07T23:19:23Z,2026-08-10T15:00:00Z,63.7,47.0,87.5,87.5,-40.5,40.5
2-3 дня,2026-08-07T23:19:23Z,2026-08-10T18:00:00Z,66.7,21.0,75.0,75.0,-54.0,54.0
2-3 дня,2026-08-07T23:19:23Z,2026-08-10T21:00:00Z,69.7,13.0,100.0,37.5,-87.0,87.0
2-3 дня,2026-08-08T04:50:53Z,2026-08-10T06:00:00Z,49.2,64.0,87.5,100.0,-23.5,23.5
2-3 дня,2026-08-08T04:50:53Z,2026-08-10T09:00:00Z,52.2,72.0,87.5,75.0,-15.5,15.5
2-3 дня,2026-08-08T04:50:53Z,2026-08-10T12:00:00Z,55.2,68.0,87.5,75.0,-19.5,19.5
2-3 дня,2026-08-08T04:50:53Z,2026-08-10T15:00:00Z,58.2,37.0,87.5,87.5,-50.5,50.5
2-3 дня,2026-08-08T04:50:53Z,2026-08-10T18:00:00Z,61.2,5.0,75.0,75.0,-70.0,70.0
2-3 дня,2026-08-08T04:50:53Z,2026-08-10T21:00:00Z,64.2,0.0,100.0,37.5,-100.0,100.0
2-3 дня,2026-08-08T04:50:53Z,2026-08-11T00:00:00Z,67.2,0.0,100.0,37.5,-100.0,100.0
2-3 дня,2026-08-08T04:50:53Z,2026-08-11T03:00:00Z,70.2,0.0,12.5,87.5,-12.5,12.5
2-3 дня,2026-08-08T10:18:13Z,2026-08-10T12:00:00Z,49.7,55.0,87.5,75.0,-32.5,32.5
2-3 дня,2026-08-08T10:18:13Z,2026-08-10T15:00:00Z,52.7,36.0,87.5,87.5,-51.5,51.5
2-3 дня,2026-08-08T10:18:13Z,2026-08-10T18:00:00Z,55.7,17.0,75.0,75.0,-58.0,58.0
2-3 дня,2026-08-08T10:18:13Z,2026-08-10T21:00:00Z,58.7,12.0,100.0,37.5,-88.0,88.0
2-3 дня,2026-08-08T10:18:13Z,2026-08-11T00:00:00Z,61.7,13.0,100.0,37.5,-87.0,87.0
2-3 дня,2026-08-08T10:18:13Z,2026-08-11T03:00:00Z,64.7,11.0,12.5,87.5,-1.5,1.5
2-3 дня,2026-08-08T10:18:13Z,2026-08-11T06:00:00Z,67.7,16.0,75.0,87.5,-59.0,59.0
2-3 дня,2026-08-08T10:18:13Z,2026-08-11T09:00:00Z,70.7,42.0,87.5,87.5,-45.5,45.5
2-3 дня,2026-08-08T22:37:20Z,2026-08-11T00:00:00Z,49.4,17.0,100.0,37.5,-83.0,83.0
2-3 дня,2026-08-08T22:37:20Z,2026-08-11T03:00:00Z,52.4,24.0,12.5,87.5,11.5,11.5
2-3 дня,2026-08-08T22:37:20Z,2026-08-11T06:00:00Z,55.4,34.0,75.0,87.5,-41.0,41.0
2-3 дня,2026-08-08T22:37:20Z,2026-08-11T09:00:00Z,58.4,39.0,87.5,87.5,-48.5,48.5
2-3 дня,2026-08-08T22:37:20Z,2026-08-11T12:00:00Z,61.4,47.0,87.5,87.5,-40.5,40.5
2-3 дня,2026-08-08T22:37:20Z,2026-08-11T15:00:00Z,64.4,67.0,100.0,87.5,-33.0,33.0
2-3 дня,2026-08-08T22:37:20Z,2026-08-11T18:00:00Z,67.4,86.0,100.0,75.0,-14.0,14.0
2-3 дня,2026-08-08T22:37:20Z,2026-08-11T21:00:00Z,70.4,88.0,100.0,100.0,-12.0,12.0
2-3 дня,2026-08-09T04:59:03Z,2026-08-11T06:00:00Z,49.0,43.0,75.0,87.5,-32.0,32.0
2-3 дня,2026-08-09T04:59:03Z,2026-08-11T09:00:00Z,52.0,62.0,87.5,87.5,-25.5,25.5
2-3 дня,2026-08-09T04:59:03Z,2026-08-11T12:00:00Z,55.0,81.0,87.5,87.5,-6.5,6.5
2-3 дня,2026-08-09T04:59:03Z,2026-08-11T15:00:00Z,58.0,73.0,100.0,87.5,-27.0,27.0
2-3 дня,2026-08-09T04:59:03Z,2026-08-11T18:00:00Z,61.0,63.0,100.0,75.0,-37.0,37.0
2-3 дня,2026-08-09T04:59:03Z,2026-08-11T21:00:00Z,64.0,72.0,100.0,100.0,-28.0,28.0
2-3 дня,2026-08-09T04:59:03Z,2026-08-12T00:00:00Z,67.0,82.0,100.0,100.0,-18.0,18.0
2-3 дня,2026-08-09T04:59:03Z,2026-08-12T03:00:00Z,70.0,79.0,100.0,12.5,-21.0,21.0
2-3 дня,2026-08-09T10:19:29Z,2026-08-11T12:00:00Z,49.7,72.0,87.5,87.5,-15.5,15.5
2-3 дня,2026-08-09T10:19:29Z,2026-08-11T15:00:00Z,52.7,77.0,100.0,87.5,-23.0,23.0
2-3 дня,2026-08-09T10:19:29Z,2026-08-11T18:00:00Z,55.7,72.0,100.0,75.0,-28.0,28.0
2-3 дня,2026-08-09T10:19:29Z,2026-08-11T21:00:00Z,58.7,52.0,100.0,100.0,-48.0,48.0
2-3 дня,2026-08-09T10:19:29Z,2026-08-12T00:00:00Z,61.7,38.0,100.0,100.0,-62.0,62.0
2-3 дня,2026-08-09T10:19:29Z,2026-08-12T03:00:00Z,64.7,59.0,100.0,12.5,-41.0,41.0
2-3 дня,2026-08-09T10:19:29Z,2026-08-12T06:00:00Z,67.7,86.0,100.0,75.0,-14.0,14.0
2-3 дня,2026-08-09T10:19:29Z,2026-08-12T09:00:00Z,70.7,92.0,100.0,87.5,-8.0,8.0
2-3 дня,2026-08-09T12:41:38Z,2026-08-11T15:00:00Z,50.3,77.0,100.0,87.5,-23.0,23.0
2-3 дня,2026-08-09T12:41:38Z,2026-08-11T18:00:00Z,53.3,72.0,100.0,75.0,-28.0,28.0
2-3 дня,2026-08-09T12:41:38Z,2026-08-11T21:00:00Z,56.3,52.0,100.0,100.0,-48.0,48.0
2-3 дня,2026-08-09T12:41:38Z,2026-08-12T00:00:00Z,59.3,38.0,100.0,100.0,-62.0,62.0
2-3 дня,2026-08-09T12:41:38Z,2026-08-12T03:00:00Z,62.3,59.0,100.0,12.5,-41.0,41.0
2-3 дня,2026-08-09T12:41:38Z,2026-08-12T06:00:00Z,65.3,86.0,100.0,75.0,-14.0,14.0
2-3 дня,2026-08-09T12:41:38Z,2026-08-12T09:00:00Z,68.3,92.0,100.0,87.5,-8.0,8.0
2-3 дня,2026-08-09T12:41:38Z,2026-08-12T12:00:00Z,71.3,93.0,100.0,87.5,-7.0,7.0
2-3 дня,2026-08-09T12:45:53Z,2026-08-11T15:00:00Z,50.2,77.0,100.0,87.5,-23.0,23.0
2-3 дня,2026-08-09T12:45:53Z,2026-08-11T18:00:00Z,53.2,72.0,100.0,75.0,-28.0,28.0
2-3 дня,2026-08-09T12:45:53Z,2026-08-11T21:00:00Z,56.2,52.0,100.0,100.0,-48.0,48.0
2-3 дня,2026-08-09T12:45:53Z,2026-08-12T00:00:00Z,59.2,38.0,100.0,100.0,-62.0,62.0
2-3 дня,2026-08-09T12:45:53Z,2026-08-12T03:00:00Z,62.2,59.0,100.0,12.5,-41.0,41.0
2-3 дня,2026-08-09T12:45:53Z,2026-08-12T06:00:00Z,65.2,86.0,100.0,75.0,-14.0,14.0
2-3 дня,2026-08-09T12:45:53Z,2026-08-12T09:00:00Z,68.2,92.0,100.0,87.5,-8.0,8.0
2-3 дня,2026-08-09T12:45:53Z,2026-08-12T12:00:00Z,71.2,93.0,100.0,87.5,-7.0,7.0
2-3 дня,2026-08-09T12:48:15Z,2026-08-11T15:00:00Z,50.2,77.0,100.0,87.5,-23.0,23.0
2-3 дня,2026-08-09T12:48:15Z,2026-08-11T18:00:00Z,53.2,72.0,100.0,75.0,-28.0,28.0
2-3 дня,2026-08-09T12:48:15Z,2026-08-11T21:00:00Z,56.2,52.0,100.0,100.0,-48.0,48.0
2-3 дня,2026-08-09T12:48:15Z,2026-08-12T00:00:00Z,59.2,38.0,100.0,100.0,-62.0,62.0
2-3 дня,2026-08-09T12:48:15Z,2026-08-12T03:00:00Z,62.2,59.0,100.0,12.5,-41.0,41.0
2-3 дня,2026-08-09T12:48:15Z,2026-08-12T06:00:00Z,65.2,86.0,100.0,75.0,-14.0,14.0
2-3 дня,2026-08-09T12:48:15Z,2026-08-12T09:00:00Z,68.2,92.0,100.0,87.5,-8.0,8.0
2-3 дня,2026-08-09T12:48:15Z,2026-08-12T12:00:00Z,71.2,93.0,100.0,87.5,-7.0,7.0
2-3 дня,2026-08-09T16:31:44Z,2026-08-11T18:00:00Z,49.5,84.0,100.0,75.0,-16.0,16.0
2-3 дня,2026-08-09T16:31:44Z,2026-08-11T21:00:00Z,52.5,91.0,100.0,100.0,-9.0,9.0
2-3 дня,2026-08-09T16:31:44Z,2026-08-12T00:00:00Z,55.5,94.0,100.0,100.0,-6.0,6.0
2-3 дня,2026-08-09T16:31:44Z,2026-08-12T03:00:00Z,58.5,81.0,100.0,12.5,-19.0,19.0
2-3 дня,2026-08-09T16:31:44Z,2026-08-12T06:00:00Z,61.5,69.0,100.0,75.0,-31.0,31.0
2-3 дня,2026-08-09T16:31:44Z,2026-08-12T09:00:00Z,64.5,77.0,100.0,87.5,-23.0,23.0
2-3 дня,2026-08-09T16:31:44Z,2026-08-12T12:00:00Z,67.5,86.0,100.0,87.5,-14.0,14.0
2-3 дня,2026-08-09T16:31:44Z,2026-08-12T15:00:00Z,70.5,81.0,100.0,100.0,-19.0,19.0
2-3 дня,2026-08-09T22:39:09Z,2026-08-12T00:00:00Z,49.3,94.0,100.0,100.0,-6.0,6.0
2-3 дня,2026-08-09T22:39:09Z,2026-08-12T03:00:00Z,52.3,93.0,100.0,12.5,-7.0,7.0
2-3 дня,2026-08-09T22:39:09Z,2026-08-12T06:00:00Z,55.3,88.0,100.0,75.0,-12.0,12.0
2-3 дня,2026-08-09T22:39:09Z,2026-08-12T09:00:00Z,58.3,87.0,100.0,87.5,-13.0,13.0
2-3 дня,2026-08-09T22:39:09Z,2026-08-12T12:00:00Z,61.3,84.0,100.0,87.5,-16.0,16.0
2-3 дня,2026-08-09T22:39:09Z,2026-08-12T15:00:00Z,64.3,70.0,100.0,100.0,-30.0,30.0
2-3 дня,2026-08-09T22:39:09Z,2026-08-12T18:00:00Z,67.3,61.0,100.0,100.0,-39.0,39.0
2-3 дня,2026-08-09T22:39:09Z,2026-08-12T21:00:00Z,70.3,79.0,100.0,100.0,-21.0,21.0
2-3 дня,2026-08-10T05:20:42Z,2026-08-12T06:00:00Z,48.7,86.0,100.0,75.0,-14.0,14.0
2-3 дня,2026-08-10T05:20:42Z,2026-08-12T09:00:00Z,51.7,93.0,100.0,87.5,-7.0,7.0
2-3 дня,2026-08-10T05:20:42Z,2026-08-12T12:00:00Z,54.7,98.0,100.0,87.5,-2.0,2.0
2-3 дня,2026-08-10T05:20:42Z,2026-08-12T15:00:00Z,57.7,99.0,100.0,100.0,-1.0,1.0
2-3 дня,2026-08-10T05:20:42Z,2026-08-12T18:00:00Z,60.7,98.0,100.0,100.0,-2.0,2.0
2-3 дня,2026-08-10T05:20:42Z,2026-08-12T21:00:00Z,63.7,97.0,100.0,100.0,-3.0,3.0
2-3 дня,2026-08-10T05:20:42Z,2026-08-13T00:00:00Z,66.7,96.0,100.0,100.0,-4.0,4.0
2-3 дня,2026-08-10T05:20:42Z,2026-08-13T03:00:00Z,69.7,97.0,100.0,100.0,-3.0,3.0
2-3 дня,2026-08-10T10:53:28Z,2026-08-12T12:00:00Z,49.1,87.0,100.0,87.5,-13.0,13.0
2-3 дня,2026-08-10T10:53:28Z,2026-08-12T15:00:00Z,52.1,88.0,100.0,100.0,-12.0,12.0
2-3 дня,2026-08-10T10:53:28Z,2026-08-12T18:00:00Z,55.1,89.0,100.0,100.0,-11.0,11.0
2-3 дня,2026-08-10T10:53:28Z,2026-08-12T21:00:00Z,58.1,95.0,100.0,100.0,-5.0,5.0
2-3 дня,2026-08-10T10:53:28Z,2026-08-13T00:00:00Z,61.1,100.0,100.0,100.0,0.0,0.0
2-3 дня,2026-08-10T10:53:28Z,2026-08-13T03:00:00Z,64.1,100.0,100.0,100.0,0.0,0.0
2-3 дня,2026-08-10T10:53:28Z,2026-08-13T06:00:00Z,67.1,100.0,100.0,100.0,0.0,0.0
2-3 дня,2026-08-10T10:53:28Z,2026-08-13T09:00:00Z,70.1,93.0,100.0,100.0,-7.0,7.0
2-3 дня,2026-08-10T16:52:05Z,2026-08-12T18:00:00Z,49.1,96.0,100.0,100.0,-4.0,4.0
2-3 дня,2026-08-10T16:52:05Z,2026-08-12T21:00:00Z,52.1,94.0,100.0,100.0,-6.0,6.0
2-3 дня,2026-08-10T16:52:05Z,2026-08-13T00:00:00Z,55.1,94.0,100.0,100.0,-6.0,6.0
2-3 дня,2026-08-10T16:52:05Z,2026-08-13T03:00:00Z,58.1,97.0,100.0,100.0,-3.0,3.0
2-3 дня,2026-08-10T16:52:05Z,2026-08-13T06:00:00Z,61.1,99.0,100.0,100.0,-1.0,1.0
2-3 дня,2026-08-10T16:52:05Z,2026-08-13T09:00:00Z,64.1,97.0,100.0,100.0,-3.0,3.0
2-3 дня,2026-08-10T16:52:05Z,2026-08-13T12:00:00Z,67.1,94.0,100.0,100.0,-6.0,6.0
2-3 дня,2026-08-10T16:52:05Z,2026-08-13T15:00:00Z,70.1,93.0,100.0,100.0,-7.0,7.0
2-3 дня,2026-08-10T22:47:13Z,2026-08-13T00:00:00Z,49.2,95.0,100.0,100.0,-5.0,5.0
2-3 дня,2026-08-10T22:47:13Z,2026-08-13T03:00:00Z,52.2,93.0,100.0,100.0,-7.0,7.0
2-3 дня,2026-08-10T22:47:13Z,2026-08-13T06:00:00Z,55.2,90.0,100.0,100.0,-10.0,10.0
2-3 дня,2026-08-10T22:47:13Z,2026-08-13T09:00:00Z,58.2,95.0,100.0,100.0,-5.0,5.0
2-3 дня,2026-08-10T22:47:13Z,2026-08-13T12:00:00Z,61.2,99.0,100.0,100.0,-1.0,1.0
2-3 дня,2026-08-10T22:47:13Z,2026-08-13T15:00:00Z,64.2,92.0,100.0,100.0,-8.0,8.0
2-3 дня,2026-08-10T22:47:13Z,2026-08-13T18:00:00Z,67.2,82.0,100.0,100.0,-18.0,18.0
2-3 дня,2026-08-10T22:47:13Z,2026-08-13T21:00:00Z,70.2,77.0,100.0,100.0,-23.0,23.0
2-3 дня,2026-08-11T05:01:49Z,2026-08-13T06:00:00Z,49.0,89.0,100.0,100.0,-11.0,11.0
2-3 дня,2026-08-11T05:01:49Z,2026-08-13T09:00:00Z,52.0,89.0,100.0,100.0,-11.0,11.0
2-3 дня,2026-08-11T05:01:49Z,2026-08-13T12:00:00Z,55.0,88.0,100.0,100.0,-12.0,12.0
2-3 дня,2026-08-11T05:01:49Z,2026-08-13T15:00:00Z,58.0,86.0,100.0,100.0,-14.0,14.0
2-3 дня,2026-08-11T05:01:49Z,2026-08-13T18:00:00Z,61.0,81.0,100.0,100.0,-19.0,19.0
2-3 дня,2026-08-11T05:01:49Z,2026-08-13T21:00:00Z,64.0,68.0,100.0,100.0,-32.0,32.0
2-3 дня,2026-08-11T05:01:49Z,2026-08-14T00:00:00Z,67.0,50.0,100.0,100.0,-50.0,50.0
2-3 дня,2026-08-11T05:01:49Z,2026-08-14T03:00:00Z,70.0,23.0,100.0,100.0,-77.0,77.0
2-3 дня,2026-08-11T10:38:45Z,2026-08-13T12:00:00Z,49.4,93.0,100.0,100.0,-7.0,7.0
2-3 дня,2026-08-11T10:38:45Z,2026-08-13T15:00:00Z,52.4,87.0,100.0,100.0,-13.0,13.0
2-3 дня,2026-08-11T10:38:45Z,2026-08-13T18:00:00Z,55.4,73.0,100.0,100.0,-27.0,27.0
2-3 дня,2026-08-11T10:38:45Z,2026-08-13T21:00:00Z,58.4,50.0,100.0,100.0,-50.0,50.0
2-3 дня,2026-08-11T10:38:45Z,2026-08-14T00:00:00Z,61.4,27.0,100.0,100.0,-73.0,73.0
2-3 дня,2026-08-11T10:38:45Z,2026-08-14T03:00:00Z,64.4,10.0,100.0,100.0,-90.0,90.0
2-3 дня,2026-08-11T10:38:45Z,2026-08-14T06:00:00Z,67.4,0.0,100.0,100.0,-100.0,100.0
2-3 дня,2026-08-11T10:38:45Z,2026-08-14T09:00:00Z,70.4,1.0,100.0,100.0,-99.0,99.0
2-3 дня,2026-08-12T10:47:03Z,2026-08-14T12:00:00Z,49.2,47.0,100.0,100.0,-53.0,53.0
2-3 дня,2026-08-12T10:47:03Z,2026-08-14T15:00:00Z,52.2,25.0,87.5,100.0,-62.5,62.5
2-3 дня,2026-08-12T10:47:03Z,2026-08-14T18:00:00Z,55.2,6.0,87.5,100.0,-81.5,81.5
2-3 дня,2026-08-12T10:47:03Z,2026-08-14T21:00:00Z,58.2,5.0,87.5,100.0,-82.5,82.5
2-3 дня,2026-08-12T10:47:03Z,2026-08-15T00:00:00Z,61.2,8.0,100.0,100.0,-92.0,92.0
2-3 дня,2026-08-12T10:47:03Z,2026-08-15T03:00:00Z,64.2,4.0,87.5,100.0,-83.5,83.5
2-3 дня,2026-08-12T10:47:03Z,2026-08-15T06:00:00Z,67.2,0.0,100.0,100.0,-100.0,100.0
2-3 дня,2026-08-12T10:47:03Z,2026-08-15T09:00:00Z,70.2,0.0,100.0,100.0,-100.0,100.0
2-3 дня,2026-08-12T16:54:57Z,2026-08-14T18:00:00Z,49.1,0.0,87.5,100.0,-87.5,87.5
2-3 дня,2026-08-12T16:54:57Z,2026-08-14T21:00:00Z,52.1,1.0,87.5,100.0,-86.5,86.5
2-3 дня,2026-08-12T16:54:57Z,2026-08-15T00:00:00Z,55.1,9.0,100.0,100.0,-91.0,91.0
2-3 дня,2026-08-12T16:54:57Z,2026-08-15T03:00:00Z,58.1,13.0,87.5,100.0,-74.5,74.5
2-3 дня,2026-08-12T16:54:57Z,2026-08-15T06:00:00Z,61.1,14.0,100.0,100.0,-86.0,86.0
2-3 дня,2026-08-12T16:54:57Z,2026-08-15T09:00:00Z,64.1,10.0,100.0,100.0,-90.0,90.0
2-3 дня,2026-08-12T16:54:57Z,2026-08-15T12:00:00Z,67.1,4.0,100.0,100.0,-96.0,96.0
2-3 дня,2026-08-12T16:54:57Z,2026-08-15T15:00:00Z,70.1,0.0,100.0,87.5,-100.0,100.0
2-3 дня,2026-08-12T22:50:47Z,2026-08-15T00:00:00Z,49.2,2.0,100.0,100.0,-98.0,98.0
2-3 дня,2026-08-12T22:50:47Z,2026-08-15T03:00:00Z,52.2,56.0,87.5,100.0,-31.5,31.5
2-3 дня,2026-08-12T22:50:47Z,2026-08-15T06:00:00Z,55.2,100.0,100.0,100.0,0.0,0.0
2-3 дня,2026-08-12T22:50:47Z,2026-08-15T09:00:00Z,58.2,59.0,100.0,100.0,-41.0,41.0
2-3 дня,2026-08-12T22:50:47Z,2026-08-15T12:00:00Z,61.2,9.0,100.0,100.0,-91.0,91.0
2-3 дня,2026-08-12T22:50:47Z,2026-08-15T15:00:00Z,64.2,10.0,100.0,87.5,-90.0,90.0
2-3 дня,2026-08-12T22:50:47Z,2026-08-15T18:00:00Z,67.2,31.0,100.0,87.5,-69.0,69.0
2-3 дня,2026-08-12T22:50:47Z,2026-08-15T21:00:00Z,70.2,69.0,100.0,87.5,-31.0,31.0
2-3 дня,2026-08-13T05:30:08Z,2026-08-15T06:00:00Z,48.5,29.0,100.0,100.0,-71.0,71.0
2-3 дня,2026-08-13T05:30:08Z,2026-08-15T09:00:00Z,51.5,30.0,100.0,100.0,-70.0,70.0
2-3 дня,2026-08-13T05:30:08Z,2026-08-15T12:00:00Z,54.5,27.0,100.0,100.0,-73.0,73.0
2-3 дня,2026-08-13T05:30:08Z,2026-08-15T15:00:00Z,57.5,21.0,100.0,87.5,-79.0,79.0
2-3 дня,2026-08-13T05:30:08Z,2026-08-15T18:00:00Z,60.5,24.0,100.0,87.5,-76.0,76.0
2-3 дня,2026-08-13T05:30:08Z,2026-08-15T21:00:00Z,63.5,68.0,100.0,87.5,-32.0,32.0
2-3 дня,2026-08-13T05:30:08Z,2026-08-16T00:00:00Z,66.5,100.0,87.5,100.0,12.5,12.5
2-3 дня,2026-08-13T05:30:08Z,2026-08-16T03:00:00Z,69.5,57.0,100.0,87.5,-43.0,43.0
2-3 дня,2026-08-13T10:49:01Z,2026-08-15T12:00:00Z,49.2,79.0,100.0,100.0,-21.0,21.0
2-3 дня,2026-08-13T10:49:01Z,2026-08-15T15:00:00Z,52.2,62.0,100.0,87.5,-38.0,38.0
2-3 дня,2026-08-13T10:49:01Z,2026-08-15T18:00:00Z,55.2,42.0,100.0,87.5,-58.0,58.0
2-3 дня,2026-08-13T10:49:01Z,2026-08-15T21:00:00Z,58.2,33.0,100.0,87.5,-67.0,67.0
2-3 дня,2026-08-13T10:49:01Z,2026-08-16T00:00:00Z,61.2,36.0,87.5,100.0,-51.5,51.5
2-3 дня,2026-08-13T10:49:01Z,2026-08-16T03:00:00Z,64.2,65.0,100.0,87.5,-35.0,35.0
2-3 дня,2026-08-13T10:49:01Z,2026-08-16T06:00:00Z,67.2,94.0,100.0,100.0,-6.0,6.0
2-3 дня,2026-08-13T10:49:01Z,2026-08-16T09:00:00Z,70.2,100.0,100.0,100.0,0.0,0.0
2-3 дня,2026-08-13T16:36:10Z,2026-08-15T18:00:00Z,49.4,66.0,100.0,87.5,-34.0,34.0
2-3 дня,2026-08-13T16:36:10Z,2026-08-15T21:00:00Z,52.4,49.0,100.0,87.5,-51.0,51.0
2-3 дня,2026-08-13T16:36:10Z,2026-08-16T00:00:00Z,55.4,40.0,87.5,100.0,-47.5,47.5
2-3 дня,2026-08-13T16:36:10Z,2026-08-16T03:00:00Z,58.4,71.0,100.0,87.5,-29.0,29.0
2-3 дня,2026-08-13T16:36:10Z,2026-08-16T06:00:00Z,61.4,100.0,100.0,100.0,0.0,0.0
2-3 дня,2026-08-13T16:36:10Z,2026-08-16T09:00:00Z,64.4,87.0,100.0,100.0,-13.0,13.0
2-3 дня,2026-08-13T16:36:10Z,2026-08-16T12:00:00Z,67.4,66.0,87.5,100.0,-21.5,21.5
2-3 дня,2026-08-13T16:36:10Z,2026-08-16T15:00:00Z,70.4,63.0,87.5,100.0,-24.5,24.5
2-3 дня,2026-08-13T16:42:24Z,2026-08-15T18:00:00Z,49.3,66.0,100.0,87.5,-34.0,34.0
2-3 дня,2026-08-13T16:42:24Z,2026-08-15T21:00:00Z,52.3,49.0,100.0,87.5,-51.0,51.0
2-3 дня,2026-08-13T16:42:24Z,2026-08-16T00:00:00Z,55.3,40.0,87.5,100.0,-47.5,47.5
2-3 дня,2026-08-13T16:42:24Z,2026-08-16T03:00:00Z,58.3,71.0,100.0,87.5,-29.0,29.0
2-3 дня,2026-08-13T16:42:24Z,2026-08-16T06:00:00Z,61.3,100.0,100.0,100.0,0.0,0.0
2-3 дня,2026-08-13T16:42:24Z,2026-08-16T09:00:00Z,64.3,87.0,100.0,100.0,-13.0,13.0
2-3 дня,2026-08-13T16:42:24Z,2026-08-16T12:00:00Z,67.3,66.0,87.5,100.0,-21.5,21.5
2-3 дня,2026-08-13T16:42:24Z,2026-08-16T15:00:00Z,70.3,63.0,87.5,100.0,-24.5,24.5
2-3 дня,2026-08-13T16:54:22Z,2026-08-15T18:00:00Z,49.1,66.0,100.0,87.5,-34.0,34.0
2-3 дня,2026-08-13T16:54:22Z,2026-08-15T21:00:00Z,52.1,49.0,100.0,87.5,-51.0,51.0
2-3 дня,2026-08-13T16:54:22Z,2026-08-16T00:00:00Z,55.1,40.0,87.5,100.0,-47.5,47.5
2-3 дня,2026-08-13T16:54:22Z,2026-08-16T03:00:00Z,58.1,71.0,100.0,87.5,-29.0,29.0
2-3 дня,2026-08-13T16:54:22Z,2026-08-16T06:00:00Z,61.1,100.0,100.0,100.0,0.0,0.0
2-3 дня,2026-08-13T16:54:22Z,2026-08-16T09:00:00Z,64.1,87.0,100.0,100.0,-13.0,13.0
2-3 дня,2026-08-13T16:54:22Z,2026-08-16T12:00:00Z,67.1,66.0,87.5,100.0,-21.5,21.5
2-3 дня,2026-08-13T16:54:22Z,2026-08-16T15:00:00Z,70.1,63.0,87.5,100.0,-24.5,24.5
2-3 дня,2026-08-13T22:52:17Z,2026-08-16T00:00:00Z,49.1,57.0,87.5,100.0,-30.5,30.5
2-3 дня,2026-08-13T22:52:17Z,2026-08-16T03:00:00Z,52.1,79.0,100.0,87.5,-21.0,21.0
2-3 дня,2026-08-13T22:52:17Z,2026-08-16T06:00:00Z,55.1,100.0,100.0,100.0,0.0,0.0
2-3 дня,2026-08-13T22:52:17Z,2026-08-16T09:00:00Z,58.1,100.0,100.0,100.0,0.0,0.0
2-3 дня,2026-08-13T22:52:17Z,2026-08-16T12:00:00Z,61.1,91.0,87.5,100.0,3.5,3.5
2-3 дня,2026-08-13T22:52:17Z,2026-08-16T15:00:00Z,64.1,69.0,87.5,100.0,-18.5,18.5
2-3 дня,2026-08-13T22:52:17Z,2026-08-16T18:00:00Z,67.1,45.0,25.0,100.0,20.0,20.0
2-3 дня,2026-08-13T22:52:17Z,2026-08-16T21:00:00Z,70.1,23.0,25.0,100.0,-2.0,2.0
2-3 дня,2026-08-14T05:28:14Z,2026-08-16T06:00:00Z,48.5,100.0,100.0,100.0,0.0,0.0
2-3 дня,2026-08-14T05:28:14Z,2026-08-16T09:00:00Z,51.5,100.0,100.0,100.0,0.0,0.0
2-3 дня,2026-08-14T05:28:14Z,2026-08-16T12:00:00Z,54.5,94.0,87.5,100.0,6.5,6.5
2-3 дня,2026-08-14T05:28:14Z,2026-08-16T15:00:00Z,57.5,93.0,87.5,100.0,5.5,5.5
2-3 дня,2026-08-14T05:28:14Z,2026-08-16T18:00:00Z,60.5,93.0,25.0,100.0,68.0,68.0
2-3 дня,2026-08-14T05:28:14Z,2026-08-16T21:00:00Z,63.5,92.0,25.0,100.0,67.0,67.0
2-3 дня,2026-08-14T05:28:14Z,2026-08-17T00:00:00Z,66.5,90.0,12.5,87.5,77.5,77.5
2-3 дня,2026-08-14T05:28:14Z,2026-08-17T03:00:00Z,69.5,84.0,12.5,100.0,71.5,71.5
2-3 дня,2026-08-14T10:44:54Z,2026-08-16T12:00:00Z,49.3,68.0,87.5,100.0,-19.5,19.5
2-3 дня,2026-08-14T10:44:54Z,2026-08-16T15:00:00Z,52.3,41.0,87.5,100.0,-46.5,46.5
2-3 дня,2026-08-14T10:44:54Z,2026-08-16T18:00:00Z,55.3,17.0,25.0,100.0,-8.0,8.0
2-3 дня,2026-08-14T10:44:54Z,2026-08-16T21:00:00Z,58.3,14.0,25.0,100.0,-11.0,11.0
2-3 дня,2026-08-14T10:44:54Z,2026-08-17T00:00:00Z,61.3,17.0,12.5,87.5,4.5,4.5
2-3 дня,2026-08-14T10:44:54Z,2026-08-17T03:00:00Z,64.3,7.0,12.5,100.0,-5.5,5.5
2-3 дня,2026-08-14T10:44:54Z,2026-08-17T06:00:00Z,67.3,7.0,75.0,100.0,-68.0,68.0
2-3 дня,2026-08-14T10:44:54Z,2026-08-17T09:00:00Z,70.3,46.0,75.0,100.0,-29.0,29.0
2-3 дня,2026-08-14T16:48:33Z,2026-08-16T18:00:00Z,49.2,17.0,25.0,100.0,-8.0,8.0
2-3 дня,2026-08-14T16:48:33Z,2026-08-16T21:00:00Z,52.2,14.0,25.0,100.0,-11.0,11.0
2-3 дня,2026-08-14T16:48:33Z,2026-08-17T00:00:00Z,55.2,17.0,12.5,87.5,4.5,4.5
2-3 дня,2026-08-14T16:48:33Z,2026-08-17T03:00:00Z,58.2,7.0,12.5,100.0,-5.5,5.5
2-3 дня,2026-08-14T16:48:33Z,2026-08-17T06:00:00Z,61.2,7.0,75.0,100.0,-68.0,68.0
2-3 дня,2026-08-14T16:48:33Z,2026-08-17T09:00:00Z,64.2,46.0,75.0,100.0,-29.0,29.0
2-3 дня,2026-08-14T16:48:33Z,2026-08-17T12:00:00Z,67.2,86.0,75.0,87.5,11.0,11.0
2-3 дня,2026-08-14T16:48:33Z,2026-08-17T15:00:00Z,70.2,88.0,75.0,87.5,13.0,13.0
2-3 дня,2026-08-14T22:30:55Z,2026-08-17T00:00:00Z,49.5,14.0,12.5,87.5,1.5,1.5
2-3 дня,2026-08-14T22:30:55Z,2026-08-17T03:00:00Z,52.5,25.0,12.5,100.0,12.5,12.5
2-3 дня,2026-08-14T22:30:55Z,2026-08-17T06:00:00Z,55.5,32.0,75.0,100.0,-43.0,43.0
2-3 дня,2026-08-14T22:30:55Z,2026-08-17T09:00:00Z,58.5,24.0,75.0,100.0,-51.0,51.0
2-3 дня,2026-08-14T22:30:55Z,2026-08-17T12:00:00Z,61.5,20.0,75.0,87.5,-55.0,55.0
2-3 дня,2026-08-14T22:30:55Z,2026-08-17T15:00:00Z,64.5,43.0,75.0,87.5,-32.0,32.0
2-3 дня,2026-08-14T22:30:55Z,2026-08-17T18:00:00Z,67.5,67.0,87.5,25.0,-20.5,20.5
2-3 дня,2026-08-14T22:30:55Z,2026-08-17T21:00:00Z,70.5,68.0,87.5,25.0,-19.5,19.5
2-3 дня,2026-08-15T04:24:15Z,2026-08-17T06:00:00Z,49.6,14.0,75.0,100.0,-61.0,61.0
2-3 дня,2026-08-15T04:24:15Z,2026-08-17T09:00:00Z,52.6,18.0,75.0,100.0,-57.0,57.0
2-3 дня,2026-08-15T04:24:15Z,2026-08-17T12:00:00Z,55.6,32.0,75.0,87.5,-43.0,43.0
2-3 дня,2026-08-15T04:24:15Z,2026-08-17T15:00:00Z,58.6,49.0,75.0,87.5,-26.0,26.0
2-3 дня,2026-08-15T04:24:15Z,2026-08-17T18:00:00Z,61.6,62.0,87.5,25.0,-25.5,25.5
2-3 дня,2026-08-15T04:24:15Z,2026-08-17T21:00:00Z,64.6,51.0,87.5,25.0,-36.5,36.5
2-3 дня,2026-08-15T04:24:15Z,2026-08-18T00:00:00Z,67.6,42.0,100.0,12.5,-58.0,58.0
2-3 дня,2026-08-15T04:24:15Z,2026-08-18T03:00:00Z,70.6,66.0,37.5,12.5,28.5,28.5
2-3 дня,2026-08-15T10:09:15Z,2026-08-17T12:00:00Z,49.8,24.0,75.0,87.5,-51.0,51.0
2-3 дня,2026-08-15T10:09:15Z,2026-08-17T15:00:00Z,52.8,36.0,75.0,87.5,-39.0,39.0
2-3 дня,2026-08-15T10:09:15Z,2026-08-17T18:00:00Z,55.8,50.0,87.5,25.0,-37.5,37.5
2-3 дня,2026-08-15T10:09:15Z,2026-08-17T21:00:00Z,58.8,65.0,87.5,25.0,-22.5,22.5
2-3 дня,2026-08-15T10:09:15Z,2026-08-18T00:00:00Z,61.8,71.0,100.0,12.5,-29.0,29.0
2-3 дня,2026-08-15T10:09:15Z,2026-08-18T03:00:00Z,64.8,52.0,37.5,12.5,14.5,14.5
2-3 дня,2026-08-15T10:09:15Z,2026-08-18T06:00:00Z,67.8,33.0,87.5,75.0,-54.5,54.5
2-3 дня,2026-08-15T10:09:15Z,2026-08-18T09:00:00Z,70.8,44.0,87.5,75.0,-43.5,43.5
2-3 дня,2026-08-15T22:29:33Z,2026-08-18T00:00:00Z,49.5,37.0,100.0,12.5,-63.0,63.0
2-3 дня,2026-08-15T22:29:33Z,2026-08-18T03:00:00Z,52.5,70.0,37.5,12.5,32.5,32.5
2-3 дня,2026-08-15T22:29:33Z,2026-08-18T06:00:00Z,55.5,94.0,87.5,75.0,6.5,6.5
2-3 дня,2026-08-15T22:29:33Z,2026-08-18T09:00:00Z,58.5,75.0,87.5,75.0,-12.5,12.5
2-3 дня,2026-08-15T22:29:33Z,2026-08-18T12:00:00Z,61.5,49.0,100.0,75.0,-51.0,51.0
2-3 дня,2026-08-15T22:29:33Z,2026-08-18T15:00:00Z,64.5,42.0,75.0,75.0,-33.0,33.0
2-3 дня,2026-08-15T22:29:33Z,2026-08-18T18:00:00Z,67.5,44.0,25.0,87.5,19.0,19.0
2-3 дня,2026-08-15T22:29:33Z,2026-08-18T21:00:00Z,70.5,55.0,12.5,87.5,42.5,42.5
2-3 дня,2026-08-16T04:29:41Z,2026-08-18T06:00:00Z,49.5,32.0,87.5,75.0,-55.5,55.5
2-3 дня,2026-08-16T04:29:41Z,2026-08-18T09:00:00Z,52.5,31.0,87.5,75.0,-56.5,56.5
2-3 дня,2026-08-16T04:29:41Z,2026-08-18T12:00:00Z,55.5,30.0,100.0,75.0,-70.0,70.0
2-3 дня,2026-08-16T04:29:41Z,2026-08-18T15:00:00Z,58.5,19.0,75.0,75.0,-56.0,56.0
2-3 дня,2026-08-16T04:29:41Z,2026-08-18T18:00:00Z,61.5,12.0,25.0,87.5,-13.0,13.0
2-3 дня,2026-08-16T04:29:41Z,2026-08-18T21:00:00Z,64.5,26.0,12.5,87.5,13.5,13.5
2-3 дня,2026-08-16T04:29:41Z,2026-08-19T00:00:00Z,67.5,43.0,87.5,100.0,-44.5,44.5
2-3 дня,2026-08-16T04:29:41Z,2026-08-19T03:00:00Z,70.5,47.0,100.0,37.5,-53.0,53.0
2-3 дня,2026-08-16T07:21:44Z,2026-08-18T09:00:00Z,49.6,31.0,87.5,75.0,-56.5,56.5
2-3 дня,2026-08-16T07:21:44Z,2026-08-18T12:00:00Z,52.6,30.0,100.0,75.0,-70.0,70.0
2-3 дня,2026-08-16T07:21:44Z,2026-08-18T15:00:00Z,55.6,19.0,75.0,75.0,-56.0,56.0
2-3 дня,2026-08-16T07:21:44Z,2026-08-18T18:00:00Z,58.6,12.0,25.0,87.5,-13.0,13.0
2-3 дня,2026-08-16T07:21:44Z,2026-08-18T21:00:00Z,61.6,26.0,12.5,87.5,13.5,13.5
2-3 дня,2026-08-16T07:21:44Z,2026-08-19T00:00:00Z,64.6,43.0,87.5,100.0,-44.5,44.5
2-3 дня,2026-08-16T07:21:44Z,2026-08-19T03:00:00Z,67.6,47.0,100.0,37.5,-53.0,53.0
2-3 дня,2026-08-16T07:21:44Z,2026-08-19T06:00:00Z,70.6,52.0,100.0,87.5,-48.0,48.0
2-3 дня,2026-08-16T10:09:47Z,2026-08-18T12:00:00Z,49.8,49.0,100.0,75.0,-51.0,51.0
2-3 дня,2026-08-16T10:09:47Z,2026-08-18T15:00:00Z,52.8,22.0,75.0,75.0,-53.0,53.0
2-3 дня,2026-08-16T10:09:47Z,2026-08-18T18:00:00Z,55.8,0.0,25.0,87.5,-25.0,25.0
2-3 дня,2026-08-16T10:09:47Z,2026-08-18T21:00:00Z,58.8,30.0,12.5,87.5,17.5,17.5
2-3 дня,2026-08-16T10:09:47Z,2026-08-19T00:00:00Z,61.8,68.0,87.5,100.0,-19.5,19.5
2-3 дня,2026-08-16T10:09:47Z,2026-08-19T03:00:00Z,64.8,83.0,100.0,37.5,-17.0,17.0
2-3 дня,2026-08-16T10:09:47Z,2026-08-19T06:00:00Z,67.8,89.0,100.0,87.5,-11.0,11.0
2-3 дня,2026-08-16T10:09:47Z,2026-08-19T09:00:00Z,70.8,90.0,87.5,87.5,2.5,2.5
2-3 дня,2026-08-16T16:21:00Z,2026-08-18T18:00:00Z,49.6,0.0,25.0,87.5,-25.0,25.0
2-3 дня,2026-08-16T16:21:00Z,2026-08-18T21:00:00Z,52.6,30.0,12.5,87.5,17.5,17.5
2-3 дня,2026-08-16T16:21:00Z,2026-08-19T00:00:00Z,55.6,68.0,87.5,100.0,-19.5,19.5
2-3 дня,2026-08-16T16:21:00Z,2026-08-19T03:00:00Z,58.6,83.0,100.0,37.5,-17.0,17.0
2-3 дня,2026-08-16T16:21:00Z,2026-08-19T06:00:00Z,61.6,89.0,100.0,87.5,-11.0,11.0
2-3 дня,2026-08-16T16:21:00Z,2026-08-19T09:00:00Z,64.7,90.0,87.5,87.5,2.5,2.5
2-3 дня,2026-08-16T16:21:00Z,2026-08-19T12:00:00Z,67.7,89.0,87.5,100.0,1.5,1.5
2-3 дня,2026-08-16T16:21:00Z,2026-08-19T15:00:00Z,70.7,95.0,100.0,75.0,-5.0,5.0
2-3 дня,2026-08-16T22:29:34Z,2026-08-19T00:00:00Z,49.5,32.0,87.5,100.0,-55.5,55.5
2-3 дня,2026-08-16T22:29:34Z,2026-08-19T03:00:00Z,52.5,62.0,100.0,37.5,-38.0,38.0
2-3 дня,2026-08-16T22:29:34Z,2026-08-19T06:00:00Z,55.5,89.0,100.0,87.5,-11.0,11.0
2-3 дня,2026-08-16T22:29:34Z,2026-08-19T09:00:00Z,58.5,80.0,87.5,87.5,-7.5,7.5
2-3 дня,2026-08-16T22:29:34Z,2026-08-19T12:00:00Z,61.5,66.0,87.5,100.0,-21.5,21.5
2-3 дня,2026-08-16T22:29:34Z,2026-08-19T15:00:00Z,64.5,74.0,100.0,75.0,-26.0,26.0
2-3 дня,2026-08-16T22:29:34Z,2026-08-19T18:00:00Z,67.5,84.0,100.0,25.0,-16.0,16.0
2-3 дня,2026-08-16T22:29:34Z,2026-08-19T21:00:00Z,70.5,78.0,100.0,12.5,-22.0,22.0
2-3 дня,2026-08-17T04:35:30Z,2026-08-19T06:00:00Z,49.4,81.0,100.0,87.5,-19.0,19.0
2-3 дня,2026-08-17T04:35:30Z,2026-08-19T09:00:00Z,52.4,85.0,87.5,87.5,-2.5,2.5
2-3 дня,2026-08-17T04:35:30Z,2026-08-19T12:00:00Z,55.4,85.0,87.5,100.0,-2.5,2.5
2-3 дня,2026-08-17T04:35:30Z,2026-08-19T15:00:00Z,58.4,84.0,100.0,75.0,-16.0,16.0
2-3 дня,2026-08-17T04:35:30Z,2026-08-19T18:00:00Z,61.4,83.0,100.0,25.0,-17.0,17.0
2-3 дня,2026-08-17T04:35:30Z,2026-08-19T21:00:00Z,64.4,85.0,100.0,12.5,-15.0,15.0
2-3 дня,2026-08-17T04:35:30Z,2026-08-20T00:00:00Z,67.4,88.0,100.0,87.5,-12.0,12.0
2-3 дня,2026-08-17T04:35:30Z,2026-08-20T03:00:00Z,70.4,95.0,75.0,100.0,20.0,20.0
2-3 дня,2026-08-17T10:18:11Z,2026-08-19T12:00:00Z,49.7,85.0,87.5,100.0,-2.5,2.5
2-3 дня,2026-08-17T10:18:11Z,2026-08-19T15:00:00Z,52.7,84.0,100.0,75.0,-16.0,16.0
2-3 дня,2026-08-17T10:18:11Z,2026-08-19T18:00:00Z,55.7,83.0,100.0,25.0,-17.0,17.0
2-3 дня,2026-08-17T10:18:11Z,2026-08-19T21:00:00Z,58.7,85.0,100.0,12.5,-15.0,15.0
2-3 дня,2026-08-17T10:18:11Z,2026-08-20T00:00:00Z,61.7,88.0,100.0,87.5,-12.0,12.0
2-3 дня,2026-08-17T10:18:11Z,2026-08-20T03:00:00Z,64.7,95.0,75.0,100.0,20.0,20.0
2-3 дня,2026-08-17T10:18:11Z,2026-08-20T06:00:00Z,67.7,99.0,100.0,100.0,-1.0,1.0
2-3 дня,2026-08-17T10:18:11Z,2026-08-20T09:00:00Z,70.7,89.0,100.0,87.5,-11.0,11.0
2-3 дня,2026-08-17T16:23:45Z,2026-08-19T18:00:00Z,49.6,83.0,100.0,25.0,-17.0,17.0
2-3 дня,2026-08-17T16:23:45Z,2026-08-19T21:00:00Z,52.6,85.0,100.0,12.5,-15.0,15.0
2-3 дня,2026-08-17T16:23:45Z,2026-08-20T00:00:00Z,55.6,88.0,100.0,87.5,-12.0,12.0
2-3 дня,2026-08-17T16:23:45Z,2026-08-20T03:00:00Z,58.6,95.0,75.0,100.0,20.0,20.0
2-3 дня,2026-08-17T16:23:45Z,2026-08-20T06:00:00Z,61.6,99.0,100.0,100.0,-1.0,1.0
2-3 дня,2026-08-17T16:23:45Z,2026-08-20T09:00:00Z,64.6,89.0,100.0,87.5,-11.0,11.0
2-3 дня,2026-08-17T16:23:45Z,2026-08-20T12:00:00Z,67.6,78.0,87.5,87.5,-9.5,9.5
2-3 дня,2026-08-17T16:23:45Z,2026-08-20T15:00:00Z,70.6,85.0,87.5,100.0,-2.5,2.5
2-3 дня,2026-08-17T22:31:28Z,2026-08-20T00:00:00Z,49.5,88.0,100.0,87.5,-12.0,12.0
2-3 дня,2026-08-17T22:31:28Z,2026-08-20T03:00:00Z,52.5,95.0,75.0,100.0,20.0,20.0
2-3 дня,2026-08-17T22:31:28Z,2026-08-20T06:00:00Z,55.5,99.0,100.0,100.0,-1.0,1.0
2-3 дня,2026-08-17T22:31:28Z,2026-08-20T09:00:00Z,58.5,89.0,100.0,87.5,-11.0,11.0
2-3 дня,2026-08-17T22:31:28Z,2026-08-20T12:00:00Z,61.5,78.0,87.5,87.5,-9.5,9.5
2-3 дня,2026-08-17T22:31:28Z,2026-08-20T15:00:00Z,64.5,85.0,87.5,100.0,-2.5,2.5
2-3 дня,2026-08-17T22:31:28Z,2026-08-20T18:00:00Z,67.5,89.0,100.0,100.0,-11.0,11.0
2-3 дня,2026-08-17T22:31:28Z,2026-08-20T21:00:00Z,70.5,69.0,100.0,100.0,-31.0,31.0
2-3 дня,2026-08-18T04:30:05Z,2026-08-20T06:00:00Z,49.5,93.0,100.0,100.0,-7.0,7.0
2-3 дня,2026-08-18T04:30:05Z,2026-08-20T09:00:00Z,52.5,85.0,100.0,87.5,-15.0,15.0
2-3 дня,2026-08-18T04:30:05Z,2026-08-20T12:00:00Z,55.5,75.0,87.5,87.5,-12.5,12.5
2-3 дня,2026-08-18T04:30:05Z,2026-08-20T15:00:00Z,58.5,67.0,87.5,100.0,-20.5,20.5
2-3 дня,2026-08-18T04:30:05Z,2026-08-20T18:00:00Z,61.5,63.0,100.0,100.0,-37.0,37.0
2-3 дня,2026-08-18T04:30:05Z,2026-08-20T21:00:00Z,64.5,73.0,100.0,100.0,-27.0,27.0
2-3 дня,2026-08-18T04:30:05Z,2026-08-21T00:00:00Z,67.5,83.0,87.5,100.0,-4.5,4.5
2-3 дня,2026-08-18T04:30:05Z,2026-08-21T03:00:00Z,70.5,74.0,87.5,75.0,-13.5,13.5
2-3 дня,2026-08-18T10:14:55Z,2026-08-20T12:00:00Z,49.8,75.0,87.5,87.5,-12.5,12.5
2-3 дня,2026-08-18T10:14:55Z,2026-08-20T15:00:00Z,52.8,67.0,87.5,100.0,-20.5,20.5
2-3 дня,2026-08-18T10:14:55Z,2026-08-20T18:00:00Z,55.8,63.0,100.0,100.0,-37.0,37.0
2-3 дня,2026-08-18T10:14:55Z,2026-08-20T21:00:00Z,58.8,73.0,100.0,100.0,-27.0,27.0
2-3 дня,2026-08-18T10:14:55Z,2026-08-21T00:00:00Z,61.8,83.0,87.5,100.0,-4.5,4.5
2-3 дня,2026-08-18T10:14:55Z,2026-08-21T03:00:00Z,64.8,74.0,87.5,75.0,-13.5,13.5
2-3 дня,2026-08-18T10:14:55Z,2026-08-21T06:00:00Z,67.8,65.0,62.5,100.0,2.5,2.5
2-3 дня,2026-08-18T10:14:55Z,2026-08-21T09:00:00Z,70.8,74.0,75.0,100.0,-1.0,1.0
2-3 дня,2026-08-18T16:27:50Z,2026-08-20T18:00:00Z,49.5,71.0,100.0,100.0,-29.0,29.0
2-3 дня,2026-08-18T16:27:50Z,2026-08-20T21:00:00Z,52.5,85.0,100.0,100.0,-15.0,15.0
2-3 дня,2026-08-18T16:27:50Z,2026-08-21T00:00:00Z,55.5,89.0,87.5,100.0,1.5,1.5
2-3 дня,2026-08-18T16:27:50Z,2026-08-21T03:00:00Z,58.5,42.0,87.5,75.0,-45.5,45.5
2-3 дня,2026-08-18T16:27:50Z,2026-08-21T06:00:00Z,61.5,0.0,62.5,100.0,-62.5,62.5
2-3 дня,2026-08-18T16:27:50Z,2026-08-21T09:00:00Z,64.5,29.0,75.0,100.0,-46.0,46.0
2-3 дня,2026-08-18T16:27:50Z,2026-08-21T12:00:00Z,67.5,65.0,87.5,87.5,-22.5,22.5
2-3 дня,2026-08-18T16:27:50Z,2026-08-21T15:00:00Z,70.5,54.0,87.5,87.5,-33.5,33.5
2-3 дня,2026-08-18T22:31:39Z,2026-08-21T00:00:00Z,49.5,72.0,87.5,100.0,-15.5,15.5
2-3 дня,2026-08-18T22:31:39Z,2026-08-21T03:00:00Z,52.5,73.0,87.5,75.0,-14.5,14.5
2-3 дня,2026-08-18T22:31:39Z,2026-08-21T06:00:00Z,55.5,76.0,62.5,100.0,13.5,13.5
2-3 дня,2026-08-18T22:31:39Z,2026-08-21T09:00:00Z,58.5,82.0,75.0,100.0,7.0,7.0
2-3 дня,2026-08-18T22:31:39Z,2026-08-21T12:00:00Z,61.5,86.0,87.5,87.5,-1.5,1.5
2-3 дня,2026-08-18T22:31:39Z,2026-08-21T15:00:00Z,64.5,79.0,87.5,87.5,-8.5,8.5
2-3 дня,2026-08-18T22:31:39Z,2026-08-21T18:00:00Z,67.5,68.0,100.0,100.0,-32.0,32.0
2-3 дня,2026-08-18T22:31:39Z,2026-08-21T21:00:00Z,70.5,56.0,100.0,100.0,-44.0,44.0
2-3 дня,2026-08-19T04:31:14Z,2026-08-21T06:00:00Z,49.5,51.0,62.5,100.0,-11.5,11.5
2-3 дня,2026-08-19T04:31:14Z,2026-08-21T09:00:00Z,52.5,60.0,75.0,100.0,-15.0,15.0
2-3 дня,2026-08-19T04:31:14Z,2026-08-21T12:00:00Z,55.5,69.0,87.5,87.5,-18.5,18.5
2-3 дня,2026-08-19T04:31:14Z,2026-08-21T15:00:00Z,58.5,75.0,87.5,87.5,-12.5,12.5
2-3 дня,2026-08-19T04:31:14Z,2026-08-21T18:00:00Z,61.5,73.0,100.0,100.0,-27.0,27.0
2-3 дня,2026-08-19T04:31:14Z,2026-08-21T21:00:00Z,64.5,53.0,100.0,100.0,-47.0,47.0
2-3 дня,2026-08-19T04:31:14Z,2026-08-22T00:00:00Z,67.5,35.0,100.0,87.5,-65.0,65.0
2-3 дня,2026-08-19T04:31:14Z,2026-08-22T03:00:00Z,70.5,49.0,100.0,87.5,-51.0,51.0
2-3 дня,2026-08-19T10:14:48Z,2026-08-21T12:00:00Z,49.8,57.0,87.5,87.5,-30.5,30.5
2-3 дня,2026-08-19T10:14:48Z,2026-08-21T15:00:00Z,52.8,39.0,87.5,87.5,-48.5,48.5
2-3 дня,2026-08-19T10:14:48Z,2026-08-21T18:00:00Z,55.8,21.0,100.0,100.0,-79.0,79.0
2-3 дня,2026-08-19T10:14:48Z,2026-08-21T21:00:00Z,58.8,38.0,100.0,100.0,-62.0,62.0
2-3 дня,2026-08-19T10:14:48Z,2026-08-22T00:00:00Z,61.8,59.0,100.0,87.5,-41.0,41.0
2-3 дня,2026-08-19T10:14:48Z,2026-08-22T03:00:00Z,64.8,57.0,100.0,87.5,-43.0,43.0
2-3 дня,2026-08-19T10:14:48Z,2026-08-22T06:00:00Z,67.8,49.0,100.0,62.5,-51.0,51.0
2-3 дня,2026-08-19T10:14:48Z,2026-08-22T09:00:00Z,70.8,42.0,87.5,75.0,-45.5,45.5
2-3 дня,2026-08-19T16:28:17Z,2026-08-21T18:00:00Z,49.5,74.0,100.0,100.0,-26.0,26.0
2-3 дня,2026-08-19T16:28:17Z,2026-08-21T21:00:00Z,52.5,70.0,100.0,100.0,-30.0,30.0
2-3 дня,2026-08-19T16:28:17Z,2026-08-22T00:00:00Z,55.5,63.0,100.0,87.5,-37.0,37.0
2-3 дня,2026-08-19T16:28:17Z,2026-08-22T03:00:00Z,58.5,54.0,100.0,87.5,-46.0,46.0
2-3 дня,2026-08-19T16:28:17Z,2026-08-22T06:00:00Z,61.5,44.0,100.0,62.5,-56.0,56.0
2-3 дня,2026-08-19T16:28:17Z,2026-08-22T09:00:00Z,64.5,36.0,87.5,75.0,-51.5,51.5
2-3 дня,2026-08-19T16:28:17Z,2026-08-22T12:00:00Z,67.5,31.0,75.0,87.5,-44.0,44.0
2-3 дня,2026-08-19T16:28:17Z,2026-08-22T15:00:00Z,70.5,33.0,87.5,87.5,-54.5,54.5
2-3 дня,2026-08-20T04:31:56Z,2026-08-22T06:00:00Z,49.5,90.0,100.0,62.5,-10.0,10.0
2-3 дня,2026-08-20T04:31:56Z,2026-08-22T09:00:00Z,52.5,88.0,87.5,75.0,0.5,0.5
2-3 дня,2026-08-20T04:31:56Z,2026-08-22T12:00:00Z,55.5,81.0,75.0,87.5,6.0,6.0
2-3 дня,2026-08-20T04:31:56Z,2026-08-22T15:00:00Z,58.5,66.0,87.5,87.5,-21.5,21.5
2-3 дня,2026-08-20T04:31:56Z,2026-08-22T18:00:00Z,61.5,57.0,87.5,100.0,-30.5,30.5
2-3 дня,2026-08-20T04:31:56Z,2026-08-22T21:00:00Z,64.5,77.0,87.5,100.0,-10.5,10.5
2-3 дня,2026-08-20T04:31:56Z,2026-08-23T03:00:00Z,70.5,100.0,37.5,100.0,62.5,62.5
2-3 дня,2026-08-20T10:16:10Z,2026-08-22T12:00:00Z,49.7,67.0,75.0,87.5,-8.0,8.0
2-3 дня,2026-08-20T10:16:10Z,2026-08-22T15:00:00Z,52.7,44.0,87.5,87.5,-43.5,43.5
2-3 дня,2026-08-20T10:16:10Z,2026-08-22T18:00:00Z,55.7,31.0,87.5,100.0,-56.5,56.5
2-3 дня,2026-08-20T10:16:10Z,2026-08-22T21:00:00Z,58.7,63.0,87.5,100.0,-24.5,24.5
2-3 дня,2026-08-20T10:16:10Z,2026-08-23T03:00:00Z,64.7,100.0,37.5,100.0,62.5,62.5
2-3 дня,2026-08-20T10:16:10Z,2026-08-23T06:00:00Z,67.7,100.0,87.5,100.0,12.5,12.5
2-3 дня,2026-08-20T10:16:10Z,2026-08-23T09:00:00Z,70.7,96.0,87.5,87.5,8.5,8.5
2-3 дня,2026-08-20T16:31:45Z,2026-08-22T18:00:00Z,49.5,83.0,87.5,100.0,-4.5,4.5
2-3 дня,2026-08-20T16:31:45Z,2026-08-22T21:00:00Z,52.5,92.0,87.5,100.0,4.5,4.5
2-3 дня,2026-08-20T16:31:45Z,2026-08-23T03:00:00Z,58.5,100.0,37.5,100.0,62.5,62.5
2-3 дня,2026-08-20T16:31:45Z,2026-08-23T06:00:00Z,61.5,100.0,87.5,100.0,12.5,12.5
2-3 дня,2026-08-20T16:31:45Z,2026-08-23T09:00:00Z,64.5,64.0,87.5,87.5,-23.5,23.5
2-3 дня,2026-08-20T16:31:45Z,2026-08-23T12:00:00Z,67.5,35.0,100.0,75.0,-65.0,65.0
2-3 дня,2026-08-20T16:31:45Z,2026-08-23T15:00:00Z,70.5,62.0,100.0,87.5,-38.0,38.0
2-3 дня,2026-08-20T22:34:58Z,2026-08-23T03:00:00Z,52.4,97.0,37.5,100.0,59.5,59.5
2-3 дня,2026-08-20T22:34:58Z,2026-08-23T06:00:00Z,55.4,85.0,87.5,100.0,-2.5,2.5
2-3 дня,2026-08-20T22:34:58Z,2026-08-23T09:00:00Z,58.4,65.0,87.5,87.5,-22.5,22.5
2-3 дня,2026-08-20T22:34:58Z,2026-08-23T12:00:00Z,61.4,52.0,100.0,75.0,-48.0,48.0
2-3 дня,2026-08-20T22:34:58Z,2026-08-23T15:00:00Z,64.4,71.0,100.0,87.5,-29.0,29.0
2-3 дня,2026-08-20T22:34:58Z,2026-08-23T18:00:00Z,67.4,92.0,100.0,87.5,-8.0,8.0
2-3 дня,2026-08-20T22:34:58Z,2026-08-23T21:00:00Z,70.4,89.0,100.0,87.5,-11.0,11.0
2-3 дня,2026-08-21T04:32:20Z,2026-08-23T06:00:00Z,49.5,100.0,87.5,100.0,12.5,12.5
2-3 дня,2026-08-21T04:32:20Z,2026-08-23T09:00:00Z,52.5,95.0,87.5,87.5,7.5,7.5
2-3 дня,2026-08-21T04:32:20Z,2026-08-23T12:00:00Z,55.5,90.0,100.0,75.0,-10.0,10.0
2-3 дня,2026-08-21T04:32:20Z,2026-08-23T15:00:00Z,58.5,90.0,100.0,87.5,-10.0,10.0
2-3 дня,2026-08-21T04:32:20Z,2026-08-23T18:00:00Z,61.5,92.0,100.0,87.5,-8.0,8.0
2-3 дня,2026-08-21T04:32:20Z,2026-08-23T21:00:00Z,64.5,94.0,100.0,87.5,-6.0,6.0
2-3 дня,2026-08-21T04:32:20Z,2026-08-24T00:00:00Z,67.5,95.0,100.0,87.5,-5.0,5.0
2-3 дня,2026-08-21T04:32:20Z,2026-08-24T03:00:00Z,70.5,96.0,100.0,37.5,-4.0,4.0
2-3 дня,2026-08-21T10:16:50Z,2026-08-23T12:00:00Z,49.7,96.0,100.0,75.0,-4.0,4.0
2-3 дня,2026-08-21T10:16:50Z,2026-08-23T15:00:00Z,52.7,94.0,100.0,87.5,-6.0,6.0
2-3 дня,2026-08-21T10:16:50Z,2026-08-23T18:00:00Z,55.7,93.0,100.0,87.5,-7.0,7.0
2-3 дня,2026-08-21T10:16:50Z,2026-08-23T21:00:00Z,58.7,93.0,100.0,87.5,-7.0,7.0
2-3 дня,2026-08-21T10:16:50Z,2026-08-24T00:00:00Z,61.7,94.0,100.0,87.5,-6.0,6.0
2-3 дня,2026-08-21T10:16:50Z,2026-08-24T03:00:00Z,64.7,95.0,100.0,37.5,-5.0,5.0
2-3 дня,2026-08-21T10:16:50Z,2026-08-24T06:00:00Z,67.7,94.0,100.0,87.5,-6.0,6.0
2-3 дня,2026-08-21T10:16:50Z,2026-08-24T09:00:00Z,70.7,87.0,100.0,87.5,-13.0,13.0
2-3 дня,2026-08-21T16:30:34Z,2026-08-23T18:00:00Z,49.5,85.0,100.0,87.5,-15.0,15.0
2-3 дня,2026-08-21T16:30:34Z,2026-08-23T21:00:00Z,52.5,90.0,100.0,87.5,-10.0,10.0
2-3 дня,2026-08-21T16:30:34Z,2026-08-24T00:00:00Z,55.5,96.0,100.0,87.5,-4.0,4.0
2-3 дня,2026-08-21T16:30:34Z,2026-08-24T03:00:00Z,58.5,100.0,100.0,37.5,0.0,0.0
2-3 дня,2026-08-21T16:30:34Z,2026-08-24T06:00:00Z,61.5,100.0,100.0,87.5,0.0,0.0
2-3 дня,2026-08-21T16:30:34Z,2026-08-24T09:00:00Z,64.5,87.0,100.0,87.5,-13.0,13.0
2-3 дня,2026-08-21T16:30:34Z,2026-08-24T12:00:00Z,67.5,74.0,100.0,100.0,-26.0,26.0
2-3 дня,2026-08-21T16:30:34Z,2026-08-24T15:00:00Z,70.5,74.0,100.0,100.0,-26.0,26.0
2-3 дня,2026-08-21T22:32:12Z,2026-08-24T00:00:00Z,49.5,96.0,100.0,87.5,-4.0,4.0
2-3 дня,2026-08-21T22:32:12Z,2026-08-24T03:00:00Z,52.5,98.0,100.0,37.5,-2.0,2.0
2-3 дня,2026-08-21T22:32:12Z,2026-08-24T06:00:00Z,55.5,95.0,100.0,87.5,-5.0,5.0
2-3 дня,2026-08-21T22:32:12Z,2026-08-24T09:00:00Z,58.5,88.0,100.0,87.5,-12.0,12.0
2-3 дня,2026-08-21T22:32:12Z,2026-08-24T12:00:00Z,61.5,78.0,100.0,100.0,-22.0,22.0
2-3 дня,2026-08-21T22:32:12Z,2026-08-24T15:00:00Z,64.5,68.0,100.0,100.0,-32.0,32.0
2-3 дня,2026-08-21T22:32:12Z,2026-08-24T18:00:00Z,67.5,61.0,100.0,100.0,-39.0,39.0
2-3 дня,2026-08-21T22:32:12Z,2026-08-24T21:00:00Z,70.5,65.0,100.0,100.0,-35.0,35.0
2-3 дня,2026-08-22T04:26:43Z,2026-08-24T06:00:00Z,49.6,86.0,100.0,87.5,-14.0,14.0
2-3 дня,2026-08-22T04:26:43Z,2026-08-24T09:00:00Z,52.6,82.0,100.0,87.5,-18.0,18.0
2-3 дня,2026-08-22T04:26:43Z,2026-08-24T12:00:00Z,55.6,79.0,100.0,100.0,-21.0,21.0
2-3 дня,2026-08-22T04:26:43Z,2026-08-24T15:00:00Z,58.6,78.0,100.0,100.0,-22.0,22.0
2-3 дня,2026-08-22T04:26:43Z,2026-08-24T18:00:00Z,61.6,79.0,100.0,100.0,-21.0,21.0
2-3 дня,2026-08-22T04:26:43Z,2026-08-24T21:00:00Z,64.6,80.0,100.0,100.0,-20.0,20.0
2-3 дня,2026-08-22T04:26:43Z,2026-08-25T00:00:00Z,67.6,81.0,100.0,100.0,-19.0,19.0
2-3 дня,2026-08-22T04:26:43Z,2026-08-25T03:00:00Z,70.6,80.0,100.0,100.0,-20.0,20.0
2-3 дня,2026-08-22T10:09:41Z,2026-08-24T12:00:00Z,49.8,74.0,100.0,100.0,-26.0,26.0
2-3 дня,2026-08-22T10:09:41Z,2026-08-24T15:00:00Z,52.8,72.0,100.0,100.0,-28.0,28.0
2-3 дня,2026-08-22T10:09:41Z,2026-08-24T18:00:00Z,55.8,72.0,100.0,100.0,-28.0,28.0
2-3 дня,2026-08-22T10:09:41Z,2026-08-24T21:00:00Z,58.8,78.0,100.0,100.0,-22.0,22.0
2-3 дня,2026-08-22T10:09:41Z,2026-08-25T00:00:00Z,61.8,86.0,100.0,100.0,-14.0,14.0
2-3 дня,2026-08-22T10:09:41Z,2026-08-25T03:00:00Z,64.8,91.0,100.0,100.0,-9.0,9.0
2-3 дня,2026-08-22T10:09:41Z,2026-08-25T06:00:00Z,67.8,93.0,100.0,100.0,-7.0,7.0
2-3 дня,2026-08-22T10:09:41Z,2026-08-25T09:00:00Z,70.8,91.0,100.0,100.0,-9.0,9.0
2-3 дня,2026-08-22T16:20:08Z,2026-08-24T18:00:00Z,49.7,64.0,100.0,100.0,-36.0,36.0
2-3 дня,2026-08-22T16:20:08Z,2026-08-24T21:00:00Z,52.7,74.0,100.0,100.0,-26.0,26.0
2-3 дня,2026-08-22T16:20:08Z,2026-08-25T00:00:00Z,55.7,86.0,100.0,100.0,-14.0,14.0
2-3 дня,2026-08-22T16:20:08Z,2026-08-25T03:00:00Z,58.7,91.0,100.0,100.0,-9.0,9.0
2-3 дня,2026-08-22T16:20:08Z,2026-08-25T06:00:00Z,61.7,92.0,100.0,100.0,-8.0,8.0
2-3 дня,2026-08-22T16:20:08Z,2026-08-25T09:00:00Z,64.7,91.0,100.0,100.0,-9.0,9.0
2-3 дня,2026-08-22T16:20:08Z,2026-08-25T12:00:00Z,67.7,84.0,87.5,100.0,-3.5,3.5
2-3 дня,2026-08-22T16:20:08Z,2026-08-25T15:00:00Z,70.7,63.0,87.5,100.0,-24.5,24.5
2-3 дня,2026-08-22T22:29:28Z,2026-08-25T00:00:00Z,49.5,83.0,100.0,100.0,-17.0,17.0
2-3 дня,2026-08-22T22:29:28Z,2026-08-25T03:00:00Z,52.5,89.0,100.0,100.0,-11.0,11.0
2-3 дня,2026-08-22T22:29:28Z,2026-08-25T06:00:00Z,55.5,92.0,100.0,100.0,-8.0,8.0
2-3 дня,2026-08-22T22:29:28Z,2026-08-25T09:00:00Z,58.5,90.0,100.0,100.0,-10.0,10.0
2-3 дня,2026-08-22T22:29:28Z,2026-08-25T12:00:00Z,61.5,87.0,87.5,100.0,-0.5,0.5
2-3 дня,2026-08-22T22:29:28Z,2026-08-25T15:00:00Z,64.5,93.0,87.5,100.0,5.5,5.5
2-3 дня,2026-08-22T22:29:28Z,2026-08-25T18:00:00Z,67.5,93.0,87.5,100.0,5.5,5.5
2-3 дня,2026-08-22T22:29:28Z,2026-08-25T21:00:00Z,70.5,65.0,12.5,100.0,52.5,52.5
2-3 дня,2026-08-23T04:31:06Z,2026-08-25T06:00:00Z,49.5,85.0,100.0,100.0,-15.0,15.0
2-3 дня,2026-08-23T04:31:06Z,2026-08-25T09:00:00Z,52.5,84.0,100.0,100.0,-16.0,16.0
2-3 дня,2026-08-23T04:31:06Z,2026-08-25T12:00:00Z,55.5,82.0,87.5,100.0,-5.5,5.5
2-3 дня,2026-08-23T04:31:06Z,2026-08-25T15:00:00Z,58.5,76.0,87.5,100.0,-11.5,11.5
2-3 дня,2026-08-23T04:31:06Z,2026-08-25T18:00:00Z,61.5,73.0,87.5,100.0,-14.5,14.5
2-3 дня,2026-08-23T04:31:06Z,2026-08-25T21:00:00Z,64.5,86.0,12.5,100.0,73.5,73.5
2-3 дня,2026-08-23T04:31:06Z,2026-08-26T00:00:00Z,67.5,100.0,75.0,100.0,25.0,25.0
2-3 дня,2026-08-23T04:31:06Z,2026-08-26T03:00:00Z,70.5,100.0,87.5,100.0,12.5,12.5
2-3 дня,2026-08-23T10:10:14Z,2026-08-25T12:00:00Z,49.8,82.0,87.5,100.0,-5.5,5.5
2-3 дня,2026-08-23T10:10:14Z,2026-08-25T15:00:00Z,52.8,80.0,87.5,100.0,-7.5,7.5
2-3 дня,2026-08-23T10:10:14Z,2026-08-25T18:00:00Z,55.8,74.0,87.5,100.0,-13.5,13.5
2-3 дня,2026-08-23T10:10:14Z,2026-08-25T21:00:00Z,58.8,47.0,12.5,100.0,34.5,34.5
2-3 дня,2026-08-23T10:10:14Z,2026-08-26T00:00:00Z,61.8,25.0,75.0,100.0,-50.0,50.0
2-3 дня,2026-08-23T10:10:14Z,2026-08-26T03:00:00Z,64.8,35.0,87.5,100.0,-52.5,52.5
2-3 дня,2026-08-23T10:10:14Z,2026-08-26T06:00:00Z,67.8,50.0,87.5,100.0,-37.5,37.5
2-3 дня,2026-08-23T10:10:14Z,2026-08-26T09:00:00Z,70.8,43.0,100.0,100.0,-57.0,57.0
2-3 дня,2026-08-23T16:21:17Z,2026-08-25T18:00:00Z,49.6,92.0,87.5,100.0,4.5,4.5
2-3 дня,2026-08-23T16:21:17Z,2026-08-25T21:00:00Z,52.6,60.0,12.5,100.0,47.5,47.5
2-3 дня,2026-08-23T16:21:17Z,2026-08-26T00:00:00Z,55.6,30.0,75.0,100.0,-45.0,45.0
2-3 дня,2026-08-23T16:21:17Z,2026-08-26T03:00:00Z,58.6,40.0,87.5,100.0,-47.5,47.5
2-3 дня,2026-08-23T16:21:17Z,2026-08-26T06:00:00Z,61.6,55.0,87.5,100.0,-32.5,32.5
2-3 дня,2026-08-23T16:21:17Z,2026-08-26T09:00:00Z,64.6,42.0,100.0,100.0,-58.0,58.0
2-3 дня,2026-08-23T16:21:17Z,2026-08-26T12:00:00Z,67.6,29.0,100.0,87.5,-71.0,71.0
2-3 дня,2026-08-23T16:21:17Z,2026-08-26T15:00:00Z,70.6,40.0,25.0,87.5,15.0,15.0
2-3 дня,2026-08-23T22:29:36Z,2026-08-26T00:00:00Z,49.5,26.0,75.0,100.0,-49.0,49.0
2-3 дня,2026-08-23T22:29:36Z,2026-08-26T03:00:00Z,52.5,52.0,87.5,100.0,-35.5,35.5
2-3 дня,2026-08-23T22:29:36Z,2026-08-26T06:00:00Z,55.5,78.0,87.5,100.0,-9.5,9.5
2-3 дня,2026-08-23T22:29:36Z,2026-08-26T09:00:00Z,58.5,75.0,100.0,100.0,-25.0,25.0
2-3 дня,2026-08-23T22:29:36Z,2026-08-26T12:00:00Z,61.5,60.0,100.0,87.5,-40.0,40.0
2-3 дня,2026-08-23T22:29:36Z,2026-08-26T15:00:00Z,64.5,37.0,25.0,87.5,12.0,12.0
2-3 дня,2026-08-23T22:29:36Z,2026-08-26T18:00:00Z,67.5,21.0,12.5,87.5,8.5,8.5
2-3 дня,2026-08-23T22:29:36Z,2026-08-26T21:00:00Z,70.5,37.0,12.5,12.5,24.5,24.5
2-3 дня,2026-08-24T04:38:48Z,2026-08-26T06:00:00Z,49.4,90.0,87.5,100.0,2.5,2.5
2-3 дня,2026-08-24T04:38:48Z,2026-08-26T09:00:00Z,52.4,83.0,100.0,100.0,-17.0,17.0
2-3 дня,2026-08-24T04:38:48Z,2026-08-26T12:00:00Z,55.4,63.0,100.0,87.5,-37.0,37.0
2-3 дня,2026-08-24T04:38:48Z,2026-08-26T15:00:00Z,58.4,48.0,25.0,87.5,23.0,23.0
2-3 дня,2026-08-24T04:38:48Z,2026-08-26T18:00:00Z,61.4,37.0,12.5,87.5,24.5,24.5
2-3 дня,2026-08-24T04:38:48Z,2026-08-26T21:00:00Z,64.4,36.0,12.5,12.5,23.5,23.5
2-3 дня,2026-08-24T04:38:48Z,2026-08-27T00:00:00Z,67.4,40.0,0.0,75.0,40.0,40.0
2-3 дня,2026-08-24T04:38:48Z,2026-08-27T03:00:00Z,70.4,46.0,87.5,87.5,-41.5,41.5
2-3 дня,2026-08-24T10:24:38Z,2026-08-26T12:00:00Z,49.6,89.0,100.0,87.5,-11.0,11.0
2-3 дня,2026-08-24T10:24:38Z,2026-08-26T15:00:00Z,52.6,64.0,25.0,87.5,39.0,39.0
2-3 дня,2026-08-24T10:24:38Z,2026-08-26T18:00:00Z,55.6,35.0,12.5,87.5,22.5,22.5
2-3 дня,2026-08-24T10:24:38Z,2026-08-26T21:00:00Z,58.6,23.0,12.5,12.5,10.5,10.5
2-3 дня,2026-08-24T10:24:38Z,2026-08-27T00:00:00Z,61.6,22.0,0.0,75.0,22.0,22.0
2-3 дня,2026-08-24T10:24:38Z,2026-08-27T03:00:00Z,64.6,35.0,87.5,87.5,-52.5,52.5
2-3 дня,2026-08-24T10:24:38Z,2026-08-27T06:00:00Z,67.6,51.0,87.5,87.5,-36.5,36.5
2-3 дня,2026-08-24T10:24:38Z,2026-08-27T09:00:00Z,70.6,53.0,87.5,100.0,-34.5,34.5
2-3 дня,2026-08-24T16:34:00Z,2026-08-26T18:00:00Z,49.4,33.0,12.5,87.5,20.5,20.5
2-3 дня,2026-08-24T16:34:00Z,2026-08-26T21:00:00Z,52.4,28.0,12.5,12.5,15.5,15.5
2-3 дня,2026-08-24T16:34:00Z,2026-08-27T00:00:00Z,55.4,28.0,0.0,75.0,28.0,28.0
2-3 дня,2026-08-24T16:34:00Z,2026-08-27T03:00:00Z,58.4,28.0,87.5,87.5,-59.5,59.5
2-3 дня,2026-08-24T16:34:00Z,2026-08-27T06:00:00Z,61.4,33.0,87.5,87.5,-54.5,54.5
2-3 дня,2026-08-24T16:34:00Z,2026-08-27T09:00:00Z,64.4,46.0,87.5,100.0,-41.5,41.5
2-3 дня,2026-08-24T16:34:00Z,2026-08-27T12:00:00Z,67.4,62.0,75.0,100.0,-13.0,13.0
2-3 дня,2026-08-24T16:34:00Z,2026-08-27T15:00:00Z,70.4,76.0,37.5,25.0,38.5,38.5
2-3 дня,2026-08-24T22:34:40Z,2026-08-27T00:00:00Z,49.4,26.0,0.0,75.0,26.0,26.0
2-3 дня,2026-08-24T22:34:40Z,2026-08-27T03:00:00Z,52.4,31.0,87.5,87.5,-56.5,56.5
2-3 дня,2026-08-24T22:34:40Z,2026-08-27T06:00:00Z,55.4,35.0,87.5,87.5,-52.5,52.5
2-3 дня,2026-08-24T22:34:40Z,2026-08-27T09:00:00Z,58.4,31.0,87.5,100.0,-56.5,56.5
2-3 дня,2026-08-24T22:34:40Z,2026-08-27T12:00:00Z,61.4,27.0,75.0,100.0,-48.0,48.0
2-3 дня,2026-08-24T22:34:40Z,2026-08-27T15:00:00Z,64.4,32.0,37.5,25.0,-5.5,5.5
2-3 дня,2026-08-24T22:34:40Z,2026-08-27T18:00:00Z,67.4,37.0,87.5,12.5,-50.5,50.5
2-3 дня,2026-08-24T22:34:40Z,2026-08-27T21:00:00Z,70.4,32.0,25.0,12.5,7.0,7.0
2-3 дня,2026-08-25T04:33:15Z,2026-08-27T06:00:00Z,49.4,22.0,87.5,87.5,-65.5,65.5
2-3 дня,2026-08-25T04:33:15Z,2026-08-27T09:00:00Z,52.4,29.0,87.5,100.0,-58.5,58.5
2-3 дня,2026-08-25T04:33:15Z,2026-08-27T12:00:00Z,55.4,38.0,75.0,100.0,-37.0,37.0
2-3 дня,2026-08-25T04:33:15Z,2026-08-27T15:00:00Z,58.4,40.0,37.5,25.0,2.5,2.5
2-3 дня,2026-08-25T04:33:15Z,2026-08-27T18:00:00Z,61.4,39.0,87.5,12.5,-48.5,48.5
2-3 дня,2026-08-25T04:33:15Z,2026-08-27T21:00:00Z,64.4,34.0,25.0,12.5,9.0,9.0
2-3 дня,2026-08-25T04:33:15Z,2026-08-28T00:00:00Z,67.4,31.0,100.0,0.0,-69.0,69.0
2-3 дня,2026-08-25T04:33:15Z,2026-08-28T03:00:00Z,70.4,42.0,12.5,87.5,29.5,29.5
2-3 дня,2026-08-25T10:18:20Z,2026-08-27T12:00:00Z,49.7,54.0,75.0,100.0,-21.0,21.0
2-3 дня,2026-08-25T10:18:20Z,2026-08-27T15:00:00Z,52.7,36.0,37.5,25.0,-1.5,1.5
2-3 дня,2026-08-25T10:18:20Z,2026-08-27T18:00:00Z,55.7,20.0,87.5,12.5,-67.5,67.5
2-3 дня,2026-08-25T10:18:20Z,2026-08-27T21:00:00Z,58.7,31.0,25.0,12.5,6.0,6.0
2-3 дня,2026-08-25T10:18:20Z,2026-08-28T00:00:00Z,61.7,45.0,100.0,0.0,-55.0,55.0
2-3 дня,2026-08-25T10:18:20Z,2026-08-28T03:00:00Z,64.7,37.0,12.5,87.5,24.5,24.5
2-3 дня,2026-08-25T10:18:20Z,2026-08-28T06:00:00Z,67.7,28.0,87.5,87.5,-59.5,59.5
2-3 дня,2026-08-25T10:18:20Z,2026-08-28T09:00:00Z,70.7,33.0,75.0,87.5,-42.0,42.0
2-3 дня,2026-08-25T16:33:53Z,2026-08-27T18:00:00Z,49.4,59.0,87.5,12.5,-28.5,28.5
2-3 дня,2026-08-25T16:33:53Z,2026-08-27T21:00:00Z,52.4,36.0,25.0,12.5,11.0,11.0
2-3 дня,2026-08-25T16:33:53Z,2026-08-28T00:00:00Z,55.4,6.0,100.0,0.0,-94.0,94.0
2-3 дня,2026-08-25T16:33:53Z,2026-08-28T03:00:00Z,58.4,3.0,12.5,87.5,-9.5,9.5
2-3 дня,2026-08-25T16:33:53Z,2026-08-28T06:00:00Z,61.4,6.0,87.5,87.5,-81.5,81.5
2-3 дня,2026-08-25T16:33:53Z,2026-08-28T09:00:00Z,64.4,3.0,75.0,87.5,-72.0,72.0
2-3 дня,2026-08-25T16:33:53Z,2026-08-28T12:00:00Z,67.4,0.0,75.0,75.0,-75.0,75.0
2-3 дня,2026-08-25T16:33:53Z,2026-08-28T15:00:00Z,70.4,2.0,25.0,37.5,-23.0,23.0
2-3 дня,2026-08-25T22:34:48Z,2026-08-28T00:00:00Z,49.4,23.0,100.0,0.0,-77.0,77.0
2-3 дня,2026-08-25T22:34:48Z,2026-08-28T03:00:00Z,52.4,14.0,12.5,87.5,1.5,1.5
2-3 дня,2026-08-25T22:34:48Z,2026-08-28T06:00:00Z,55.4,5.0,87.5,87.5,-82.5,82.5
2-3 дня,2026-08-25T22:34:48Z,2026-08-28T09:00:00Z,58.4,1.0,75.0,87.5,-74.0,74.0
2-3 дня,2026-08-25T22:34:48Z,2026-08-28T12:00:00Z,61.4,0.0,75.0,75.0,-75.0,75.0
2-3 дня,2026-08-25T22:34:48Z,2026-08-28T15:00:00Z,64.4,0.0,25.0,37.5,-25.0,25.0
2-3 дня,2026-08-25T22:34:48Z,2026-08-28T18:00:00Z,67.4,0.0,0.0,87.5,0.0,0.0
2-3 дня,2026-08-25T22:34:48Z,2026-08-28T21:00:00Z,70.4,36.0,50.0,25.0,-14.0,14.0
2-3 дня,2026-08-26T04:34:15Z,2026-08-28T06:00:00Z,49.4,14.0,87.5,87.5,-73.5,73.5
2-3 дня,2026-08-26T04:34:15Z,2026-08-28T09:00:00Z,52.4,7.0,75.0,87.5,-68.0,68.0
2-3 дня,2026-08-26T04:34:15Z,2026-08-28T12:00:00Z,55.4,0.0,75.0,75.0,-75.0,75.0
2-3 дня,2026-08-26T04:34:15Z,2026-08-28T15:00:00Z,58.4,0.0,25.0,37.5,-25.0,25.0
2-3 дня,2026-08-26T04:34:15Z,2026-08-28T18:00:00Z,61.4,0.0,0.0,87.5,0.0,0.0
2-3 дня,2026-08-26T04:34:15Z,2026-08-28T21:00:00Z,64.4,37.0,50.0,25.0,-13.0,13.0
2-3 дня,2026-08-26T04:34:15Z,2026-08-29T00:00:00Z,67.4,68.0,0.0,100.0,68.0,68.0
2-3 дня,2026-08-26T04:34:15Z,2026-08-29T03:00:00Z,70.4,50.0,0.0,12.5,50.0,50.0
2-3 дня,2026-08-26T10:21:58Z,2026-08-28T12:00:00Z,49.6,0.0,75.0,75.0,-75.0,75.0
2-3 дня,2026-08-26T10:21:58Z,2026-08-28T15:00:00Z,52.6,0.0,25.0,37.5,-25.0,25.0
2-3 дня,2026-08-26T10:21:58Z,2026-08-28T18:00:00Z,55.6,0.0,0.0,87.5,0.0,0.0
2-3 дня,2026-08-26T10:21:58Z,2026-08-28T21:00:00Z,58.6,35.0,50.0,25.0,-15.0,15.0
2-3 дня,2026-08-26T10:21:58Z,2026-08-29T00:00:00Z,61.6,68.0,0.0,100.0,68.0,68.0
2-3 дня,2026-08-26T10:21:58Z,2026-08-29T03:00:00Z,64.6,65.0,0.0,12.5,65.0,65.0
2-3 дня,2026-08-26T10:21:58Z,2026-08-29T06:00:00Z,67.6,50.0,12.5,87.5,37.5,37.5
2-3 дня,2026-08-26T10:21:58Z,2026-08-29T09:00:00Z,70.6,36.0,12.5,75.0,23.5,23.5
2-3 дня,2026-08-26T16:46:17Z,2026-08-28T18:00:00Z,49.2,6.0,0.0,87.5,6.0,6.0
2-3 дня,2026-08-26T16:46:17Z,2026-08-28T21:00:00Z,52.2,41.0,50.0,25.0,-9.0,9.0
2-3 дня,2026-08-26T16:46:17Z,2026-08-29T00:00:00Z,55.2,68.0,0.0,100.0,68.0,68.0
2-3 дня,2026-08-26T16:46:17Z,2026-08-29T03:00:00Z,58.2,40.0,0.0,12.5,40.0,40.0
2-3 дня,2026-08-26T16:46:17Z,2026-08-29T06:00:00Z,61.2,7.0,12.5,87.5,-5.5,5.5
2-3 дня,2026-08-26T16:46:17Z,2026-08-29T09:00:00Z,64.2,13.0,12.5,75.0,0.5,0.5
2-3 дня,2026-08-26T16:46:17Z,2026-08-29T12:00:00Z,67.2,24.0,0.0,75.0,24.0,24.0
2-3 дня,2026-08-26T16:46:17Z,2026-08-29T15:00:00Z,70.2,10.0,12.5,25.0,-2.5,2.5
2-3 дня,2026-08-27T03:02:51Z,2026-08-29T06:00:00Z,51.0,0.0,12.5,87.5,-12.5,12.5
2-3 дня,2026-08-27T03:02:51Z,2026-08-29T09:00:00Z,54.0,24.0,12.5,75.0,11.5,11.5
2-3 дня,2026-08-27T03:02:51Z,2026-08-29T12:00:00Z,57.0,48.0,0.0,75.0,48.0,48.0
2-3 дня,2026-08-27T03:02:51Z,2026-08-29T15:00:00Z,60.0,28.0,12.5,25.0,15.5,15.5
2-3 дня,2026-08-27T03:02:51Z,2026-08-29T18:00:00Z,63.0,9.0,12.5,0.0,-3.5,3.5
2-3 дня,2026-08-27T03:02:51Z,2026-08-29T21:00:00Z,66.0,39.0,0.0,50.0,39.0,39.0
2-3 дня,2026-08-27T03:02:51Z,2026-08-30T00:00:00Z,69.0,68.0,87.5,0.0,-19.5,19.5
2-3 дня,2026-08-27T03:02:51Z,2026-08-30T03:00:00Z,72.0,47.0,87.5,0.0,-40.5,40.5
2-3 дня,2026-08-27T14:55:44Z,2026-08-29T15:00:00Z,48.1,63.0,12.5,25.0,50.5,50.5
2-3 дня,2026-08-27T14:55:44Z,2026-08-29T18:00:00Z,51.1,60.0,12.5,0.0,47.5,47.5
2-3 дня,2026-08-27T14:55:44Z,2026-08-29T21:00:00Z,54.1,44.0,0.0,50.0,44.0,44.0
2-3 дня,2026-08-27T14:55:44Z,2026-08-30T00:00:00Z,57.1,25.0,87.5,0.0,-62.5,62.5
2-3 дня,2026-08-27T14:55:44Z,2026-08-30T03:00:00Z,60.1,7.0,87.5,0.0,-80.5,80.5
2-3 дня,2026-08-27T14:55:44Z,2026-08-30T06:00:00Z,63.1,1.0,87.5,12.5,-86.5,86.5
2-3 дня,2026-08-27T14:55:44Z,2026-08-30T09:00:00Z,66.1,26.0,25.0,12.5,1.0,1.0
2-3 дня,2026-08-27T14:55:44Z,2026-08-30T12:00:00Z,69.1,56.0,25.0,0.0,31.0,31.0
2-3 дня,2026-08-27T20:01:22Z,2026-08-29T21:00:00Z,49.0,15.0,0.0,50.0,15.0,15.0
2-3 дня,2026-08-27T20:01:22Z,2026-08-30T00:00:00Z,52.0,5.0,87.5,0.0,-82.5,82.5
2-3 дня,2026-08-27T20:01:22Z,2026-08-30T03:00:00Z,55.0,6.0,87.5,0.0,-81.5,81.5
2-3 дня,2026-08-27T20:01:22Z,2026-08-30T06:00:00Z,58.0,15.0,87.5,12.5,-72.5,72.5
2-3 дня,2026-08-27T20:01:22Z,2026-08-30T09:00:00Z,61.0,32.0,25.0,12.5,7.0,7.0
2-3 дня,2026-08-27T20:01:22Z,2026-08-30T12:00:00Z,64.0,50.0,25.0,0.0,25.0,25.0
2-3 дня,2026-08-28T00:44:37Z,2026-08-30T03:00:00Z,50.3,25.0,87.5,0.0,-62.5,62.5
2-3 дня,2026-08-28T00:44:37Z,2026-08-30T06:00:00Z,53.3,26.0,87.5,12.5,-61.5,61.5
2-3 дня,2026-08-28T00:44:37Z,2026-08-30T09:00:00Z,56.3,22.0,25.0,12.5,-3.0,3.0
2-3 дня,2026-08-28T00:44:37Z,2026-08-30T12:00:00Z,59.3,20.0,25.0,0.0,-5.0,5.0
2-3 дня,2026-08-28T06:03:31Z,2026-08-30T09:00:00Z,50.9,0.0,25.0,12.5,-25.0,25.0
2-3 дня,2026-08-28T06:03:31Z,2026-08-30T12:00:00Z,53.9,2.0,25.0,0.0,-23.0,23.0
3-5 дней,2026-08-06T09:50:07Z,2026-08-09T12:00:00Z,74.2,0.0,75.0,100.0,-75.0,75.0
3-5 дней,2026-08-06T09:50:07Z,2026-08-09T15:00:00Z,77.2,15.0,87.5,87.5,-72.5,72.5
3-5 дней,2026-08-06T09:50:07Z,2026-08-09T18:00:00Z,80.2,45.0,75.0,100.0,-30.0,30.0
3-5 дней,2026-08-06T09:50:07Z,2026-08-09T21:00:00Z,83.2,57.0,37.5,87.5,19.5,19.5
3-5 дней,2026-08-06T09:50:07Z,2026-08-10T00:00:00Z,86.2,63.0,37.5,87.5,25.5,25.5
3-5 дней,2026-08-06T09:50:07Z,2026-08-10T03:00:00Z,89.2,61.0,87.5,100.0,-26.5,26.5
3-5 дней,2026-08-06T09:50:07Z,2026-08-10T06:00:00Z,92.2,55.0,87.5,100.0,-32.5,32.5
3-5 дней,2026-08-06T09:50:07Z,2026-08-10T09:00:00Z,95.2,48.0,87.5,75.0,-39.5,39.5
3-5 дней,2026-08-06T09:50:07Z,2026-08-10T12:00:00Z,98.2,39.0,87.5,75.0,-48.5,48.5
3-5 дней,2026-08-06T09:50:07Z,2026-08-10T15:00:00Z,101.2,28.0,87.5,87.5,-59.5,59.5
3-5 дней,2026-08-06T09:50:07Z,2026-08-10T18:00:00Z,104.2,18.0,75.0,75.0,-57.0,57.0
3-5 дней,2026-08-06T09:50:07Z,2026-08-10T21:00:00Z,107.2,16.0,100.0,37.5,-84.0,84.0
3-5 дней,2026-08-06T09:50:07Z,2026-08-11T00:00:00Z,110.2,18.0,100.0,37.5,-82.0,82.0
3-5 дней,2026-08-06T09:50:07Z,2026-08-11T03:00:00Z,113.2,23.0,12.5,87.5,10.5,10.5
3-5 дней,2026-08-06T09:50:07Z,2026-08-11T06:00:00Z,116.2,26.0,75.0,87.5,-49.0,49.0
3-5 дней,2026-08-06T09:50:07Z,2026-08-11T09:00:00Z,119.2,21.0,87.5,87.5,-66.5,66.5
3-5 дней,2026-08-06T09:59:18Z,2026-08-09T12:00:00Z,74.0,0.0,75.0,100.0,-75.0,75.0
3-5 дней,2026-08-06T09:59:18Z,2026-08-09T15:00:00Z,77.0,15.0,87.5,87.5,-72.5,72.5
3-5 дней,2026-08-06T09:59:18Z,2026-08-09T18:00:00Z,80.0,45.0,75.0,100.0,-30.0,30.0
3-5 дней,2026-08-06T09:59:18Z,2026-08-09T21:00:00Z,83.0,57.0,37.5,87.5,19.5,19.5
3-5 дней,2026-08-06T09:59:18Z,2026-08-10T00:00:00Z,86.0,63.0,37.5,87.5,25.5,25.5
3-5 дней,2026-08-06T09:59:18Z,2026-08-10T03:00:00Z,89.0,61.0,87.5,100.0,-26.5,26.5
3-5 дней,2026-08-06T09:59:18Z,2026-08-10T06:00:00Z,92.0,55.0,87.5,100.0,-32.5,32.5
3-5 дней,2026-08-06T09:59:18Z,2026-08-10T09:00:00Z,95.0,48.0,87.5,75.0,-39.5,39.5
3-5 дней,2026-08-06T09:59:18Z,2026-08-10T12:00:00Z,98.0,39.0,87.5,75.0,-48.5,48.5
3-5 дней,2026-08-06T09:59:18Z,2026-08-10T15:00:00Z,101.0,28.0,87.5,87.5,-59.5,59.5
3-5 дней,2026-08-06T09:59:18Z,2026-08-10T18:00:00Z,104.0,18.0,75.0,75.0,-57.0,57.0
3-5 дней,2026-08-06T09:59:18Z,2026-08-10T21:00:00Z,107.0,16.0,100.0,37.5,-84.0,84.0
3-5 дней,2026-08-06T09:59:18Z,2026-08-11T00:00:00Z,110.0,18.0,100.0,37.5,-82.0,82.0
3-5 дней,2026-08-06T09:59:18Z,2026-08-11T03:00:00Z,113.0,23.0,12.5,87.5,10.5,10.5
3-5 дней,2026-08-06T09:59:18Z,2026-08-11T06:00:00Z,116.0,26.0,75.0,87.5,-49.0,49.0
3-5 дней,2026-08-06T09:59:18Z,2026-08-11T09:00:00Z,119.0,21.0,87.5,87.5,-66.5,66.5
3-5 дней,2026-08-06T10:08:26Z,2026-08-09T12:00:00Z,73.9,0.0,75.0,100.0,-75.0,75.0
3-5 дней,2026-08-06T10:08:26Z,2026-08-09T15:00:00Z,76.9,15.0,87.5,87.5,-72.5,72.5
3-5 дней,2026-08-06T10:08:26Z,2026-08-09T18:00:00Z,79.9,45.0,75.0,100.0,-30.0,30.0
3-5 дней,2026-08-06T10:08:26Z,2026-08-09T21:00:00Z,82.9,57.0,37.5,87.5,19.5,19.5
3-5 дней,2026-08-06T10:08:26Z,2026-08-10T00:00:00Z,85.9,63.0,37.5,87.5,25.5,25.5
3-5 дней,2026-08-06T10:08:26Z,2026-08-10T03:00:00Z,88.9,61.0,87.5,100.0,-26.5,26.5
3-5 дней,2026-08-06T10:08:26Z,2026-08-10T06:00:00Z,91.9,55.0,87.5,100.0,-32.5,32.5
3-5 дней,2026-08-06T10:08:26Z,2026-08-10T09:00:00Z,94.9,48.0,87.5,75.0,-39.5,39.5
3-5 дней,2026-08-06T10:08:26Z,2026-08-10T12:00:00Z,97.9,39.0,87.5,75.0,-48.5,48.5
3-5 дней,2026-08-06T10:08:26Z,2026-08-10T15:00:00Z,100.9,28.0,87.5,87.5,-59.5,59.5
3-5 дней,2026-08-06T10:08:26Z,2026-08-10T18:00:00Z,103.9,18.0,75.0,75.0,-57.0,57.0
3-5 дней,2026-08-06T10:08:26Z,2026-08-10T21:00:00Z,106.9,16.0,100.0,37.5,-84.0,84.0
3-5 дней,2026-08-06T10:08:26Z,2026-08-11T00:00:00Z,109.9,18.0,100.0,37.5,-82.0,82.0
3-5 дней,2026-08-06T10:08:26Z,2026-08-11T03:00:00Z,112.9,23.0,12.5,87.5,10.5,10.5
3-5 дней,2026-08-06T10:08:26Z,2026-08-11T06:00:00Z,115.9,26.0,75.0,87.5,-49.0,49.0
3-5 дней,2026-08-06T10:08:26Z,2026-08-11T09:00:00Z,118.9,21.0,87.5,87.5,-66.5,66.5
3-5 дней,2026-08-06T10:47:54Z,2026-08-09T12:00:00Z,73.2,0.0,75.0,100.0,-75.0,75.0
3-5 дней,2026-08-06T10:47:54Z,2026-08-09T15:00:00Z,76.2,15.0,87.5,87.5,-72.5,72.5
3-5 дней,2026-08-06T10:47:54Z,2026-08-09T18:00:00Z,79.2,45.0,75.0,100.0,-30.0,30.0
3-5 дней,2026-08-06T10:47:54Z,2026-08-09T21:00:00Z,82.2,57.0,37.5,87.5,19.5,19.5
3-5 дней,2026-08-06T10:47:54Z,2026-08-10T00:00:00Z,85.2,63.0,37.5,87.5,25.5,25.5
3-5 дней,2026-08-06T10:47:54Z,2026-08-10T03:00:00Z,88.2,61.0,87.5,100.0,-26.5,26.5
3-5 дней,2026-08-06T10:47:54Z,2026-08-10T06:00:00Z,91.2,55.0,87.5,100.0,-32.5,32.5
3-5 дней,2026-08-06T10:47:54Z,2026-08-10T09:00:00Z,94.2,48.0,87.5,75.0,-39.5,39.5
3-5 дней,2026-08-06T10:47:54Z,2026-08-10T12:00:00Z,97.2,39.0,87.5,75.0,-48.5,48.5
3-5 дней,2026-08-06T10:47:54Z,2026-08-10T15:00:00Z,100.2,28.0,87.5,87.5,-59.5,59.5
3-5 дней,2026-08-06T10:47:54Z,2026-08-10T18:00:00Z,103.2,18.0,75.0,75.0,-57.0,57.0
3-5 дней,2026-08-06T10:47:54Z,2026-08-10T21:00:00Z,106.2,16.0,100.0,37.5,-84.0,84.0
3-5 дней,2026-08-06T10:47:54Z,2026-08-11T00:00:00Z,109.2,18.0,100.0,37.5,-82.0,82.0
3-5 дней,2026-08-06T10:47:54Z,2026-08-11T03:00:00Z,112.2,23.0,12.5,87.5,10.5,10.5
3-5 дней,2026-08-06T10:47:54Z,2026-08-11T06:00:00Z,115.2,26.0,75.0,87.5,-49.0,49.0
3-5 дней,2026-08-06T10:47:54Z,2026-08-11T09:00:00Z,118.2,21.0,87.5,87.5,-66.5,66.5
3-5 дней,2026-08-06T11:30:42Z,2026-08-09T12:00:00Z,72.5,0.0,75.0,100.0,-75.0,75.0
3-5 дней,2026-08-06T11:30:42Z,2026-08-09T15:00:00Z,75.5,15.0,87.5,87.5,-72.5,72.5
3-5 дней,2026-08-06T11:30:42Z,2026-08-09T18:00:00Z,78.5,45.0,75.0,100.0,-30.0,30.0
3-5 дней,2026-08-06T11:30:42Z,2026-08-09T21:00:00Z,81.5,57.0,37.5,87.5,19.5,19.5
3-5 дней,2026-08-06T11:30:42Z,2026-08-10T00:00:00Z,84.5,63.0,37.5,87.5,25.5,25.5
3-5 дней,2026-08-06T11:30:42Z,2026-08-10T03:00:00Z,87.5,61.0,87.5,100.0,-26.5,26.5
3-5 дней,2026-08-06T11:30:42Z,2026-08-10T06:00:00Z,90.5,55.0,87.5,100.0,-32.5,32.5
3-5 дней,2026-08-06T11:30:42Z,2026-08-10T09:00:00Z,93.5,48.0,87.5,75.0,-39.5,39.5
3-5 дней,2026-08-06T11:30:42Z,2026-08-10T12:00:00Z,96.5,39.0,87.5,75.0,-48.5,48.5
3-5 дней,2026-08-06T11:30:42Z,2026-08-10T15:00:00Z,99.5,28.0,87.5,87.5,-59.5,59.5
3-5 дней,2026-08-06T11:30:42Z,2026-08-10T18:00:00Z,102.5,18.0,75.0,75.0,-57.0,57.0
3-5 дней,2026-08-06T11:30:42Z,2026-08-10T21:00:00Z,105.5,16.0,100.0,37.5,-84.0,84.0
3-5 дней,2026-08-06T11:30:42Z,2026-08-11T00:00:00Z,108.5,18.0,100.0,37.5,-82.0,82.0
3-5 дней,2026-08-06T11:30:42Z,2026-08-11T03:00:00Z,111.5,23.0,12.5,87.5,10.5,10.5
3-5 дней,2026-08-06T11:30:42Z,2026-08-11T06:00:00Z,114.5,26.0,75.0,87.5,-49.0,49.0
3-5 дней,2026-08-06T11:30:42Z,2026-08-11T09:00:00Z,117.5,21.0,87.5,87.5,-66.5,66.5
3-5 дней,2026-08-06T11:36:01Z,2026-08-09T12:00:00Z,72.4,0.0,75.0,100.0,-75.0,75.0
3-5 дней,2026-08-06T11:36:01Z,2026-08-09T15:00:00Z,75.4,15.0,87.5,87.5,-72.5,72.5
3-5 дней,2026-08-06T11:36:01Z,2026-08-09T18:00:00Z,78.4,45.0,75.0,100.0,-30.0,30.0
3-5 дней,2026-08-06T11:36:01Z,2026-08-09T21:00:00Z,81.4,57.0,37.5,87.5,19.5,19.5
3-5 дней,2026-08-06T11:36:01Z,2026-08-10T00:00:00Z,84.4,63.0,37.5,87.5,25.5,25.5
3-5 дней,2026-08-06T11:36:01Z,2026-08-10T03:00:00Z,87.4,61.0,87.5,100.0,-26.5,26.5
3-5 дней,2026-08-06T11:36:01Z,2026-08-10T06:00:00Z,90.4,55.0,87.5,100.0,-32.5,32.5
3-5 дней,2026-08-06T11:36:01Z,2026-08-10T09:00:00Z,93.4,48.0,87.5,75.0,-39.5,39.5
3-5 дней,2026-08-06T11:36:01Z,2026-08-10T12:00:00Z,96.4,39.0,87.5,75.0,-48.5,48.5
3-5 дней,2026-08-06T11:36:01Z,2026-08-10T15:00:00Z,99.4,28.0,87.5,87.5,-59.5,59.5
3-5 дней,2026-08-06T11:36:01Z,2026-08-10T18:00:00Z,102.4,18.0,75.0,75.0,-57.0,57.0
3-5 дней,2026-08-06T11:36:01Z,2026-08-10T21:00:00Z,105.4,16.0,100.0,37.5,-84.0,84.0
3-5 дней,2026-08-06T11:36:01Z,2026-08-11T00:00:00Z,108.4,18.0,100.0,37.5,-82.0,82.0
3-5 дней,2026-08-06T11:36:01Z,2026-08-11T03:00:00Z,111.4,23.0,12.5,87.5,10.5,10.5
3-5 дней,2026-08-06T11:36:01Z,2026-08-11T06:00:00Z,114.4,26.0,75.0,87.5,-49.0,49.0
3-5 дней,2026-08-06T11:36:01Z,2026-08-11T09:00:00Z,117.4,21.0,87.5,87.5,-66.5,66.5
3-5 дней,2026-08-06T11:44:08Z,2026-08-09T12:00:00Z,72.3,0.0,75.0,100.0,-75.0,75.0
3-5 дней,2026-08-06T11:44:08Z,2026-08-09T15:00:00Z,75.3,15.0,87.5,87.5,-72.5,72.5
3-5 дней,2026-08-06T11:44:08Z,2026-08-09T18:00:00Z,78.3,45.0,75.0,100.0,-30.0,30.0
3-5 дней,2026-08-06T11:44:08Z,2026-08-09T21:00:00Z,81.3,57.0,37.5,87.5,19.5,19.5
3-5 дней,2026-08-06T11:44:08Z,2026-08-10T00:00:00Z,84.3,63.0,37.5,87.5,25.5,25.5
3-5 дней,2026-08-06T11:44:08Z,2026-08-10T03:00:00Z,87.3,61.0,87.5,100.0,-26.5,26.5
3-5 дней,2026-08-06T11:44:08Z,2026-08-10T06:00:00Z,90.3,55.0,87.5,100.0,-32.5,32.5
3-5 дней,2026-08-06T11:44:08Z,2026-08-10T09:00:00Z,93.3,48.0,87.5,75.0,-39.5,39.5
3-5 дней,2026-08-06T11:44:08Z,2026-08-10T12:00:00Z,96.3,39.0,87.5,75.0,-48.5,48.5
3-5 дней,2026-08-06T11:44:08Z,2026-08-10T15:00:00Z,99.3,28.0,87.5,87.5,-59.5,59.5
3-5 дней,2026-08-06T11:44:08Z,2026-08-10T18:00:00Z,102.3,18.0,75.0,75.0,-57.0,57.0
3-5 дней,2026-08-06T11:44:08Z,2026-08-10T21:00:00Z,105.3,16.0,100.0,37.5,-84.0,84.0
3-5 дней,2026-08-06T11:44:08Z,2026-08-11T00:00:00Z,108.3,18.0,100.0,37.5,-82.0,82.0
3-5 дней,2026-08-06T11:44:08Z,2026-08-11T03:00:00Z,111.3,23.0,12.5,87.5,10.5,10.5
3-5 дней,2026-08-06T11:44:08Z,2026-08-11T06:00:00Z,114.3,26.0,75.0,87.5,-49.0,49.0
3-5 дней,2026-08-06T11:44:08Z,2026-08-11T09:00:00Z,117.3,21.0,87.5,87.5,-66.5,66.5
3-5 дней,2026-08-07T01:31:32Z,2026-08-10T03:00:00Z,73.5,81.0,87.5,100.0,-6.5,6.5
3-5 дней,2026-08-07T01:31:32Z,2026-08-10T06:00:00Z,76.5,85.0,87.5,100.0,-2.5,2.5
3-5 дней,2026-08-07T01:31:32Z,2026-08-10T09:00:00Z,79.5,83.0,87.5,75.0,-4.5,4.5
3-5 дней,2026-08-07T01:31:32Z,2026-08-10T12:00:00Z,82.5,76.0,87.5,75.0,-11.5,11.5
3-5 дней,2026-08-07T01:31:32Z,2026-08-10T15:00:00Z,85.5,67.0,87.5,87.5,-20.5,20.5
3-5 дней,2026-08-07T01:31:32Z,2026-08-10T18:00:00Z,88.5,57.0,75.0,75.0,-18.0,18.0
3-5 дней,2026-08-07T01:31:32Z,2026-08-10T21:00:00Z,91.5,46.0,100.0,37.5,-54.0,54.0
3-5 дней,2026-08-07T01:31:32Z,2026-08-11T00:00:00Z,94.5,37.0,100.0,37.5,-63.0,63.0
3-5 дней,2026-08-07T01:31:32Z,2026-08-11T03:00:00Z,97.5,30.0,12.5,87.5,17.5,17.5
3-5 дней,2026-08-07T01:31:32Z,2026-08-11T06:00:00Z,100.5,27.0,75.0,87.5,-48.0,48.0
3-5 дней,2026-08-07T01:31:32Z,2026-08-11T09:00:00Z,103.5,31.0,87.5,87.5,-56.5,56.5
3-5 дней,2026-08-07T01:31:32Z,2026-08-11T12:00:00Z,106.5,40.0,87.5,87.5,-47.5,47.5
3-5 дней,2026-08-07T01:31:32Z,2026-08-11T15:00:00Z,109.5,55.0,100.0,87.5,-45.0,45.0
3-5 дней,2026-08-07T01:31:32Z,2026-08-11T18:00:00Z,112.5,71.0,100.0,75.0,-29.0,29.0
3-5 дней,2026-08-07T01:31:32Z,2026-08-11T21:00:00Z,115.5,82.0,100.0,100.0,-18.0,18.0
3-5 дней,2026-08-07T01:31:32Z,2026-08-12T00:00:00Z,118.5,86.0,100.0,100.0,-14.0,14.0
3-5 дней,2026-08-07T05:36:00Z,2026-08-10T06:00:00Z,72.4,54.0,87.5,100.0,-33.5,33.5
3-5 дней,2026-08-07T05:36:00Z,2026-08-10T09:00:00Z,75.4,55.0,87.5,75.0,-32.5,32.5
3-5 дней,2026-08-07T05:36:00Z,2026-08-10T12:00:00Z,78.4,54.0,87.5,75.0,-33.5,33.5
3-5 дней,2026-08-07T05:36:00Z,2026-08-10T15:00:00Z,81.4,68.0,87.5,87.5,-19.5,19.5
3-5 дней,2026-08-07T05:36:00Z,2026-08-10T18:00:00Z,84.4,75.0,75.0,75.0,0.0,0.0
3-5 дней,2026-08-07T05:36:00Z,2026-08-10T21:00:00Z,87.4,48.0,100.0,37.5,-52.0,52.0
3-5 дней,2026-08-07T05:36:00Z,2026-08-11T00:00:00Z,90.4,20.0,100.0,37.5,-80.0,80.0
3-5 дней,2026-08-07T05:36:00Z,2026-08-11T03:00:00Z,93.4,18.0,12.5,87.5,5.5,5.5
3-5 дней,2026-08-07T05:36:00Z,2026-08-11T06:00:00Z,96.4,28.0,75.0,87.5,-47.0,47.0
3-5 дней,2026-08-07T05:36:00Z,2026-08-11T09:00:00Z,99.4,46.0,87.5,87.5,-41.5,41.5
3-5 дней,2026-08-07T05:36:00Z,2026-08-11T12:00:00Z,102.4,65.0,87.5,87.5,-22.5,22.5
3-5 дней,2026-08-07T05:36:00Z,2026-08-11T15:00:00Z,105.4,78.0,100.0,87.5,-22.0,22.0
3-5 дней,2026-08-07T05:36:00Z,2026-08-11T18:00:00Z,108.4,87.0,100.0,75.0,-13.0,13.0
3-5 дней,2026-08-07T05:36:00Z,2026-08-11T21:00:00Z,111.4,89.0,100.0,100.0,-11.0,11.0
3-5 дней,2026-08-07T05:36:00Z,2026-08-12T00:00:00Z,114.4,89.0,100.0,100.0,-11.0,11.0
3-5 дней,2026-08-07T05:36:00Z,2026-08-12T03:00:00Z,117.4,95.0,100.0,12.5,-5.0,5.0
3-5 дней,2026-08-07T06:18:59Z,2026-08-10T09:00:00Z,74.7,55.0,87.5,75.0,-32.5,32.5
3-5 дней,2026-08-07T06:18:59Z,2026-08-10T12:00:00Z,77.7,54.0,87.5,75.0,-33.5,33.5
3-5 дней,2026-08-07T06:18:59Z,2026-08-10T15:00:00Z,80.7,68.0,87.5,87.5,-19.5,19.5
3-5 дней,2026-08-07T06:18:59Z,2026-08-10T18:00:00Z,83.7,75.0,75.0,75.0,0.0,0.0
3-5 дней,2026-08-07T06:18:59Z,2026-08-10T21:00:00Z,86.7,48.0,100.0,37.5,-52.0,52.0
3-5 дней,2026-08-07T06:18:59Z,2026-08-11T00:00:00Z,89.7,20.0,100.0,37.5,-80.0,80.0
3-5 дней,2026-08-07T06:18:59Z,2026-08-11T03:00:00Z,92.7,18.0,12.5,87.5,5.5,5.5
3-5 дней,2026-08-07T06:18:59Z,2026-08-11T06:00:00Z,95.7,28.0,75.0,87.5,-47.0,47.0
3-5 дней,2026-08-07T06:18:59Z,2026-08-11T09:00:00Z,98.7,46.0,87.5,87.5,-41.5,41.5
3-5 дней,2026-08-07T06:18:59Z,2026-08-11T12:00:00Z,101.7,65.0,87.5,87.5,-22.5,22.5
3-5 дней,2026-08-07T06:18:59Z,2026-08-11T15:00:00Z,104.7,78.0,100.0,87.5,-22.0,22.0
3-5 дней,2026-08-07T06:18:59Z,2026-08-11T18:00:00Z,107.7,87.0,100.0,75.0,-13.0,13.0
3-5 дней,2026-08-07T06:18:59Z,2026-08-11T21:00:00Z,110.7,89.0,100.0,100.0,-11.0,11.0
3-5 дней,2026-08-07T06:18:59Z,2026-08-12T00:00:00Z,113.7,89.0,100.0,100.0,-11.0,11.0
3-5 дней,2026-08-07T06:18:59Z,2026-08-12T03:00:00Z,116.7,95.0,100.0,12.5,-5.0,5.0
3-5 дней,2026-08-07T06:18:59Z,2026-08-12T06:00:00Z,119.7,95.0,100.0,75.0,-5.0,5.0
3-5 дней,2026-08-07T07:13:52Z,2026-08-10T09:00:00Z,73.8,55.0,87.5,75.0,-32.5,32.5
3-5 дней,2026-08-07T07:13:52Z,2026-08-10T12:00:00Z,76.8,54.0,87.5,75.0,-33.5,33.5
3-5 дней,2026-08-07T07:13:52Z,2026-08-10T15:00:00Z,79.8,68.0,87.5,87.5,-19.5,19.5
3-5 дней,2026-08-07T07:13:52Z,2026-08-10T18:00:00Z,82.8,75.0,75.0,75.0,0.0,0.0
3-5 дней,2026-08-07T07:13:52Z,2026-08-10T21:00:00Z,85.8,48.0,100.0,37.5,-52.0,52.0
3-5 дней,2026-08-07T07:13:52Z,2026-08-11T00:00:00Z,88.8,20.0,100.0,37.5,-80.0,80.0
3-5 дней,2026-08-07T07:13:52Z,2026-08-11T03:00:00Z,91.8,18.0,12.5,87.5,5.5,5.5
3-5 дней,2026-08-07T07:13:52Z,2026-08-11T06:00:00Z,94.8,28.0,75.0,87.5,-47.0,47.0
3-5 дней,2026-08-07T07:13:52Z,2026-08-11T09:00:00Z,97.8,46.0,87.5,87.5,-41.5,41.5
3-5 дней,2026-08-07T07:13:52Z,2026-08-11T12:00:00Z,100.8,65.0,87.5,87.5,-22.5,22.5
3-5 дней,2026-08-07T07:13:52Z,2026-08-11T15:00:00Z,103.8,78.0,100.0,87.5,-22.0,22.0
3-5 дней,2026-08-07T07:13:52Z,2026-08-11T18:00:00Z,106.8,87.0,100.0,75.0,-13.0,13.0
3-5 дней,2026-08-07T07:13:52Z,2026-08-11T21:00:00Z,109.8,89.0,100.0,100.0,-11.0,11.0
3-5 дней,2026-08-07T07:13:52Z,2026-08-12T00:00:00Z,112.8,89.0,100.0,100.0,-11.0,11.0
3-5 дней,2026-08-07T07:13:52Z,2026-08-12T03:00:00Z,115.8,95.0,100.0,12.5,-5.0,5.0
3-5 дней,2026-08-07T07:13:52Z,2026-08-12T06:00:00Z,118.8,95.0,100.0,75.0,-5.0,5.0
3-5 дней,2026-08-07T10:39:14Z,2026-08-10T12:00:00Z,73.3,38.0,87.5,75.0,-49.5,49.5
3-5 дней,2026-08-07T10:39:14Z,2026-08-10T15:00:00Z,76.3,36.0,87.5,87.5,-51.5,51.5
3-5 дней,2026-08-07T10:39:14Z,2026-08-10T18:00:00Z,79.3,35.0,75.0,75.0,-40.0,40.0
3-5 дней,2026-08-07T10:39:14Z,2026-08-10T21:00:00Z,82.3,17.0,100.0,37.5,-83.0,83.0
3-5 дней,2026-08-07T10:39:14Z,2026-08-11T00:00:00Z,85.3,0.0,100.0,37.5,-100.0,100.0
3-5 дней,2026-08-07T10:39:14Z,2026-08-11T03:00:00Z,88.3,0.0,12.5,87.5,-12.5,12.5
3-5 дней,2026-08-07T10:39:14Z,2026-08-11T06:00:00Z,91.3,7.0,75.0,87.5,-68.0,68.0
3-5 дней,2026-08-07T10:39:14Z,2026-08-11T09:00:00Z,94.3,22.0,87.5,87.5,-65.5,65.5
3-5 дней,2026-08-07T10:39:14Z,2026-08-11T12:00:00Z,97.3,40.0,87.5,87.5,-47.5,47.5
3-5 дней,2026-08-07T10:39:14Z,2026-08-11T15:00:00Z,100.3,55.0,100.0,87.5,-45.0,45.0
3-5 дней,2026-08-07T10:39:14Z,2026-08-11T18:00:00Z,103.3,65.0,100.0,75.0,-35.0,35.0
3-5 дней,2026-08-07T10:39:14Z,2026-08-11T21:00:00Z,106.3,63.0,100.0,100.0,-37.0,37.0
3-5 дней,2026-08-07T10:39:14Z,2026-08-12T00:00:00Z,109.3,62.0,100.0,100.0,-38.0,38.0
3-5 дней,2026-08-07T10:39:14Z,2026-08-12T03:00:00Z,112.3,78.0,100.0,12.5,-22.0,22.0
3-5 дней,2026-08-07T10:39:14Z,2026-08-12T06:00:00Z,115.3,95.0,100.0,75.0,-5.0,5.0
3-5 дней,2026-08-07T10:39:14Z,2026-08-12T09:00:00Z,118.3,100.0,100.0,87.5,0.0,0.0
3-5 дней,2026-08-07T16:51:54Z,2026-08-10T18:00:00Z,73.1,48.0,75.0,75.0,-27.0,27.0
3-5 дней,2026-08-07T16:51:54Z,2026-08-10T21:00:00Z,76.1,26.0,100.0,37.5,-74.0,74.0
3-5 дней,2026-08-07T16:51:54Z,2026-08-11T00:00:00Z,79.1,7.0,100.0,37.5,-93.0,93.0
3-5 дней,2026-08-07T16:51:54Z,2026-08-11T03:00:00Z,82.1,10.0,12.5,87.5,-2.5,2.5
3-5 дней,2026-08-07T16:51:54Z,2026-08-11T06:00:00Z,85.1,27.0,75.0,87.5,-48.0,48.0
3-5 дней,2026-08-07T16:51:54Z,2026-08-11T09:00:00Z,88.1,63.0,87.5,87.5,-24.5,24.5
3-5 дней,2026-08-07T16:51:54Z,2026-08-11T12:00:00Z,91.1,97.0,87.5,87.5,9.5,9.5
3-5 дней,2026-08-07T16:51:54Z,2026-08-11T15:00:00Z,94.1,100.0,100.0,87.5,0.0,0.0
3-5 дней,2026-08-07T16:51:54Z,2026-08-11T18:00:00Z,97.1,95.0,100.0,75.0,-5.0,5.0
3-5 дней,2026-08-07T16:51:54Z,2026-08-11T21:00:00Z,100.1,81.0,100.0,100.0,-19.0,19.0
3-5 дней,2026-08-07T16:51:54Z,2026-08-12T00:00:00Z,103.1,70.0,100.0,100.0,-30.0,30.0
3-5 дней,2026-08-07T16:51:54Z,2026-08-12T03:00:00Z,106.1,80.0,100.0,12.5,-20.0,20.0
3-5 дней,2026-08-07T16:51:54Z,2026-08-12T06:00:00Z,109.1,94.0,100.0,75.0,-6.0,6.0
3-5 дней,2026-08-07T16:51:54Z,2026-08-12T09:00:00Z,112.1,97.0,100.0,87.5,-3.0,3.0
3-5 дней,2026-08-07T16:51:54Z,2026-08-12T12:00:00Z,115.1,97.0,100.0,87.5,-3.0,3.0
3-5 дней,2026-08-07T16:51:54Z,2026-08-12T15:00:00Z,118.1,96.0,100.0,100.0,-4.0,4.0
3-5 дней,2026-08-07T22:45:57Z,2026-08-11T00:00:00Z,73.2,13.0,100.0,37.5,-87.0,87.0
3-5 дней,2026-08-07T22:45:57Z,2026-08-11T03:00:00Z,76.2,18.0,12.5,87.5,5.5,5.5
3-5 дней,2026-08-07T22:45:57Z,2026-08-11T06:00:00Z,79.2,30.0,75.0,87.5,-45.0,45.0
3-5 дней,2026-08-07T22:45:57Z,2026-08-11T09:00:00Z,82.2,57.0,87.5,87.5,-30.5,30.5
3-5 дней,2026-08-07T22:45:57Z,2026-08-11T12:00:00Z,85.2,83.0,87.5,87.5,-4.5,4.5
3-5 дней,2026-08-07T22:45:57Z,2026-08-11T15:00:00Z,88.2,95.0,100.0,87.5,-5.0,5.0
3-5 дней,2026-08-07T22:45:57Z,2026-08-11T18:00:00Z,91.2,98.0,100.0,75.0,-2.0,2.0
3-5 дней,2026-08-07T22:45:57Z,2026-08-11T21:00:00Z,94.2,90.0,100.0,100.0,-10.0,10.0
3-5 дней,2026-08-07T22:45:57Z,2026-08-12T00:00:00Z,97.2,83.0,100.0,100.0,-17.0,17.0
3-5 дней,2026-08-07T22:45:57Z,2026-08-12T03:00:00Z,100.2,91.0,100.0,12.5,-9.0,9.0
3-5 дней,2026-08-07T22:45:57Z,2026-08-12T06:00:00Z,103.2,100.0,100.0,75.0,0.0,0.0
3-5 дней,2026-08-07T22:45:57Z,2026-08-12T09:00:00Z,106.2,99.0,100.0,87.5,-1.0,1.0
3-5 дней,2026-08-07T22:45:57Z,2026-08-12T12:00:00Z,109.2,95.0,100.0,87.5,-5.0,5.0
3-5 дней,2026-08-07T22:45:57Z,2026-08-12T15:00:00Z,112.2,94.0,100.0,100.0,-6.0,6.0
3-5 дней,2026-08-07T22:45:57Z,2026-08-12T18:00:00Z,115.2,93.0,100.0,100.0,-7.0,7.0
3-5 дней,2026-08-07T22:45:57Z,2026-08-12T21:00:00Z,118.2,91.0,100.0,100.0,-9.0,9.0
3-5 дней,2026-08-07T23:19:23Z,2026-08-11T00:00:00Z,72.7,13.0,100.0,37.5,-87.0,87.0
3-5 дней,2026-08-07T23:19:23Z,2026-08-11T03:00:00Z,75.7,18.0,12.5,87.5,5.5,5.5
3-5 дней,2026-08-07T23:19:23Z,2026-08-11T06:00:00Z,78.7,30.0,75.0,87.5,-45.0,45.0
3-5 дней,2026-08-07T23:19:23Z,2026-08-11T09:00:00Z,81.7,57.0,87.5,87.5,-30.5,30.5
3-5 дней,2026-08-07T23:19:23Z,2026-08-11T12:00:00Z,84.7,83.0,87.5,87.5,-4.5,4.5
3-5 дней,2026-08-07T23:19:23Z,2026-08-11T15:00:00Z,87.7,95.0,100.0,87.5,-5.0,5.0
3-5 дней,2026-08-07T23:19:23Z,2026-08-11T18:00:00Z,90.7,98.0,100.0,75.0,-2.0,2.0
3-5 дней,2026-08-07T23:19:23Z,2026-08-11T21:00:00Z,93.7,90.0,100.0,100.0,-10.0,10.0
3-5 дней,2026-08-07T23:19:23Z,2026-08-12T00:00:00Z,96.7,83.0,100.0,100.0,-17.0,17.0
3-5 дней,2026-08-07T23:19:23Z,2026-08-12T03:00:00Z,99.7,91.0,100.0,12.5,-9.0,9.0
3-5 дней,2026-08-07T23:19:23Z,2026-08-12T06:00:00Z,102.7,100.0,100.0,75.0,0.0,0.0
3-5 дней,2026-08-07T23:19:23Z,2026-08-12T09:00:00Z,105.7,99.0,100.0,87.5,-1.0,1.0
3-5 дней,2026-08-07T23:19:23Z,2026-08-12T12:00:00Z,108.7,95.0,100.0,87.5,-5.0,5.0
3-5 дней,2026-08-07T23:19:23Z,2026-08-12T15:00:00Z,111.7,94.0,100.0,100.0,-6.0,6.0
3-5 дней,2026-08-07T23:19:23Z,2026-08-12T18:00:00Z,114.7,93.0,100.0,100.0,-7.0,7.0
3-5 дней,2026-08-07T23:19:23Z,2026-08-12T21:00:00Z,117.7,91.0,100.0,100.0,-9.0,9.0
3-5 дней,2026-08-08T04:50:53Z,2026-08-11T06:00:00Z,73.2,4.0,75.0,87.5,-71.0,71.0
3-5 дней,2026-08-08T04:50:53Z,2026-08-11T09:00:00Z,76.2,42.0,87.5,87.5,-45.5,45.5
3-5 дней,2026-08-08T04:50:53Z,2026-08-11T12:00:00Z,79.2,82.0,87.5,87.5,-5.5,5.5
3-5 дней,2026-08-08T04:50:53Z,2026-08-11T15:00:00Z,82.2,94.0,100.0,87.5,-6.0,6.0
3-5 дней,2026-08-08T04:50:53Z,2026-08-11T18:00:00Z,85.2,95.0,100.0,75.0,-5.0,5.0
3-5 дней,2026-08-08T04:50:53Z,2026-08-11T21:00:00Z,88.2,87.0,100.0,100.0,-13.0,13.0
3-5 дней,2026-08-08T04:50:53Z,2026-08-12T00:00:00Z,91.2,79.0,100.0,100.0,-21.0,21.0
3-5 дней,2026-08-08T04:50:53Z,2026-08-12T03:00:00Z,94.2,86.0,100.0,12.5,-14.0,14.0
3-5 дней,2026-08-08T04:50:53Z,2026-08-12T06:00:00Z,97.2,95.0,100.0,75.0,-5.0,5.0
3-5 дней,2026-08-08T04:50:53Z,2026-08-12T09:00:00Z,100.2,98.0,100.0,87.5,-2.0,2.0
3-5 дней,2026-08-08T04:50:53Z,2026-08-12T12:00:00Z,103.2,99.0,100.0,87.5,-1.0,1.0
3-5 дней,2026-08-08T04:50:53Z,2026-08-12T15:00:00Z,106.2,99.0,100.0,100.0,-1.0,1.0
3-5 дней,2026-08-08T04:50:53Z,2026-08-12T18:00:00Z,109.2,98.0,100.0,100.0,-2.0,2.0
3-5 дней,2026-08-08T04:50:53Z,2026-08-12T21:00:00Z,112.2,99.0,100.0,100.0,-1.0,1.0
3-5 дней,2026-08-08T04:50:53Z,2026-08-13T00:00:00Z,115.2,100.0,100.0,100.0,0.0,0.0
3-5 дней,2026-08-08T04:50:53Z,2026-08-13T03:00:00Z,118.2,100.0,100.0,100.0,0.0,0.0
3-5 дней,2026-08-08T10:18:13Z,2026-08-11T12:00:00Z,73.7,69.0,87.5,87.5,-18.5,18.5
3-5 дней,2026-08-08T10:18:13Z,2026-08-11T15:00:00Z,76.7,81.0,100.0,87.5,-19.0,19.0
3-5 дней,2026-08-08T10:18:13Z,2026-08-11T18:00:00Z,79.7,85.0,100.0,75.0,-15.0,15.0
3-5 дней,2026-08-08T10:18:13Z,2026-08-11T21:00:00Z,82.7,83.0,100.0,100.0,-17.0,17.0
3-5 дней,2026-08-08T10:18:13Z,2026-08-12T00:00:00Z,85.7,80.0,100.0,100.0,-20.0,20.0
3-5 дней,2026-08-08T10:18:13Z,2026-08-12T03:00:00Z,88.7,82.0,100.0,12.5,-18.0,18.0
3-5 дней,2026-08-08T10:18:13Z,2026-08-12T06:00:00Z,91.7,85.0,100.0,75.0,-15.0,15.0
3-5 дней,2026-08-08T10:18:13Z,2026-08-12T09:00:00Z,94.7,85.0,100.0,87.5,-15.0,15.0
3-5 дней,2026-08-08T10:18:13Z,2026-08-12T12:00:00Z,97.7,85.0,100.0,87.5,-15.0,15.0
3-5 дней,2026-08-08T10:18:13Z,2026-08-12T15:00:00Z,100.7,91.0,100.0,100.0,-9.0,9.0
3-5 дней,2026-08-08T10:18:13Z,2026-08-12T18:00:00Z,103.7,97.0,100.0,100.0,-3.0,3.0
3-5 дней,2026-08-08T10:18:13Z,2026-08-12T21:00:00Z,106.7,96.0,100.0,100.0,-4.0,4.0
3-5 дней,2026-08-08T10:18:13Z,2026-08-13T00:00:00Z,109.7,94.0,100.0,100.0,-6.0,6.0
3-5 дней,2026-08-08T10:18:13Z,2026-08-13T03:00:00Z,112.7,93.0,100.0,100.0,-7.0,7.0
3-5 дней,2026-08-08T10:18:13Z,2026-08-13T06:00:00Z,115.7,91.0,100.0,100.0,-9.0,9.0
3-5 дней,2026-08-08T10:18:13Z,2026-08-13T09:00:00Z,118.7,85.0,100.0,100.0,-15.0,15.0
3-5 дней,2026-08-08T22:37:20Z,2026-08-12T00:00:00Z,73.4,86.0,100.0,100.0,-14.0,14.0
3-5 дней,2026-08-08T22:37:20Z,2026-08-12T03:00:00Z,76.4,90.0,100.0,12.5,-10.0,10.0
3-5 дней,2026-08-08T22:37:20Z,2026-08-12T06:00:00Z,79.4,94.0,100.0,75.0,-6.0,6.0
3-5 дней,2026-08-08T22:37:20Z,2026-08-12T09:00:00Z,82.4,99.0,100.0,87.5,-1.0,1.0
3-5 дней,2026-08-08T22:37:20Z,2026-08-12T12:00:00Z,85.4,100.0,100.0,87.5,0.0,0.0
3-5 дней,2026-08-08T22:37:20Z,2026-08-12T15:00:00Z,88.4,85.0,100.0,100.0,-15.0,15.0
3-5 дней,2026-08-08T22:37:20Z,2026-08-12T18:00:00Z,91.4,73.0,100.0,100.0,-27.0,27.0
3-5 дней,2026-08-08T22:37:20Z,2026-08-12T21:00:00Z,94.4,85.0,100.0,100.0,-15.0,15.0
3-5 дней,2026-08-08T22:37:20Z,2026-08-13T00:00:00Z,97.4,100.0,100.0,100.0,0.0,0.0
3-5 дней,2026-08-08T22:37:20Z,2026-08-13T03:00:00Z,100.4,100.0,100.0,100.0,0.0,0.0
3-5 дней,2026-08-08T22:37:20Z,2026-08-13T06:00:00Z,103.4,100.0,100.0,100.0,0.0,0.0
3-5 дней,2026-08-08T22:37:20Z,2026-08-13T09:00:00Z,106.4,91.0,100.0,100.0,-9.0,9.0
3-5 дней,2026-08-08T22:37:20Z,2026-08-13T12:00:00Z,109.4,83.0,100.0,100.0,-17.0,17.0
3-5 дней,2026-08-08T22:37:20Z,2026-08-13T15:00:00Z,112.4,90.0,100.0,100.0,-10.0,10.0
3-5 дней,2026-08-08T22:37:20Z,2026-08-13T18:00:00Z,115.4,98.0,100.0,100.0,-2.0,2.0
3-5 дней,2026-08-08T22:37:20Z,2026-08-13T21:00:00Z,118.4,98.0,100.0,100.0,-2.0,2.0
3-5 дней,2026-08-09T04:59:03Z,2026-08-12T06:00:00Z,73.0,73.0,100.0,75.0,-27.0,27.0
3-5 дней,2026-08-09T04:59:03Z,2026-08-12T09:00:00Z,76.0,73.0,100.0,87.5,-27.0,27.0
3-5 дней,2026-08-09T04:59:03Z,2026-08-12T12:00:00Z,79.0,72.0,100.0,87.5,-28.0,28.0
3-5 дней,2026-08-09T04:59:03Z,2026-08-12T15:00:00Z,82.0,71.0,100.0,100.0,-29.0,29.0
3-5 дней,2026-08-09T04:59:03Z,2026-08-12T18:00:00Z,85.0,62.0,100.0,100.0,-38.0,38.0
3-5 дней,2026-08-09T04:59:03Z,2026-08-12T21:00:00Z,88.0,28.0,100.0,100.0,-72.0,72.0
3-5 дней,2026-08-09T04:59:03Z,2026-08-13T00:00:00Z,91.0,5.0,100.0,100.0,-95.0,95.0
3-5 дней,2026-08-09T04:59:03Z,2026-08-13T03:00:00Z,94.0,37.0,100.0,100.0,-63.0,63.0
3-5 дней,2026-08-09T04:59:03Z,2026-08-13T06:00:00Z,97.0,78.0,100.0,100.0,-22.0,22.0
3-5 дней,2026-08-09T04:59:03Z,2026-08-13T09:00:00Z,100.0,93.0,100.0,100.0,-7.0,7.0
3-5 дней,2026-08-09T04:59:03Z,2026-08-13T12:00:00Z,103.0,98.0,100.0,100.0,-2.0,2.0
3-5 дней,2026-08-09T04:59:03Z,2026-08-13T15:00:00Z,106.0,97.0,100.0,100.0,-3.0,3.0
3-5 дней,2026-08-09T04:59:03Z,2026-08-13T18:00:00Z,109.0,94.0,100.0,100.0,-6.0,6.0
3-5 дней,2026-08-09T04:59:03Z,2026-08-13T21:00:00Z,112.0,95.0,100.0,100.0,-5.0,5.0
3-5 дней,2026-08-09T04:59:03Z,2026-08-14T00:00:00Z,115.0,96.0,100.0,100.0,-4.0,4.0
3-5 дней,2026-08-09T04:59:03Z,2026-08-14T03:00:00Z,118.0,97.0,100.0,100.0,-3.0,3.0
3-5 дней,2026-08-09T10:19:29Z,2026-08-12T12:00:00Z,73.7,93.0,100.0,87.5,-7.0,7.0
3-5 дней,2026-08-09T10:19:29Z,2026-08-12T15:00:00Z,76.7,95.0,100.0,100.0,-5.0,5.0
3-5 дней,2026-08-09T10:19:29Z,2026-08-12T18:00:00Z,79.7,97.0,100.0,100.0,-3.0,3.0
3-5 дней,2026-08-09T10:19:29Z,2026-08-12T21:00:00Z,82.7,98.0,100.0,100.0,-2.0,2.0
3-5 дней,2026-08-09T10:19:29Z,2026-08-13T00:00:00Z,85.7,98.0,100.0,100.0,-2.0,2.0
3-5 дней,2026-08-09T10:19:29Z,2026-08-13T03:00:00Z,88.7,99.0,100.0,100.0,-1.0,1.0
3-5 дней,2026-08-09T10:19:29Z,2026-08-13T06:00:00Z,91.7,99.0,100.0,100.0,-1.0,1.0
3-5 дней,2026-08-09T10:19:29Z,2026-08-13T09:00:00Z,94.7,98.0,100.0,100.0,-2.0,2.0
3-5 дней,2026-08-09T10:19:29Z,2026-08-13T12:00:00Z,97.7,97.0,100.0,100.0,-3.0,3.0
3-5 дней,2026-08-09T10:19:29Z,2026-08-13T15:00:00Z,100.7,96.0,100.0,100.0,-4.0,4.0
3-5 дней,2026-08-09T10:19:29Z,2026-08-13T18:00:00Z,103.7,96.0,100.0,100.0,-4.0,4.0
3-5 дней,2026-08-09T10:19:29Z,2026-08-13T21:00:00Z,106.7,96.0,100.0,100.0,-4.0,4.0
3-5 дней,2026-08-09T10:19:29Z,2026-08-14T00:00:00Z,109.7,97.0,100.0,100.0,-3.0,3.0
3-5 дней,2026-08-09T10:19:29Z,2026-08-14T03:00:00Z,112.7,99.0,100.0,100.0,-1.0,1.0
3-5 дней,2026-08-09T10:19:29Z,2026-08-14T06:00:00Z,115.7,98.0,100.0,100.0,-2.0,2.0
3-5 дней,2026-08-09T10:19:29Z,2026-08-14T09:00:00Z,118.7,87.0,100.0,100.0,-13.0,13.0
3-5 дней,2026-08-09T12:41:38Z,2026-08-12T15:00:00Z,74.3,95.0,100.0,100.0,-5.0,5.0
3-5 дней,2026-08-09T12:41:38Z,2026-08-12T18:00:00Z,77.3,97.0,100.0,100.0,-3.0,3.0
3-5 дней,2026-08-09T12:41:38Z,2026-08-12T21:00:00Z,80.3,98.0,100.0,100.0,-2.0,2.0
3-5 дней,2026-08-09T12:41:38Z,2026-08-13T00:00:00Z,83.3,98.0,100.0,100.0,-2.0,2.0
3-5 дней,2026-08-09T12:41:38Z,2026-08-13T03:00:00Z,86.3,99.0,100.0,100.0,-1.0,1.0
3-5 дней,2026-08-09T12:41:38Z,2026-08-13T06:00:00Z,89.3,99.0,100.0,100.0,-1.0,1.0
3-5 дней,2026-08-09T12:41:38Z,2026-08-13T09:00:00Z,92.3,98.0,100.0,100.0,-2.0,2.0
3-5 дней,2026-08-09T12:41:38Z,2026-08-13T12:00:00Z,95.3,97.0,100.0,100.0,-3.0,3.0
3-5 дней,2026-08-09T12:41:38Z,2026-08-13T15:00:00Z,98.3,96.0,100.0,100.0,-4.0,4.0
3-5 дней,2026-08-09T12:41:38Z,2026-08-13T18:00:00Z,101.3,96.0,100.0,100.0,-4.0,4.0
3-5 дней,2026-08-09T12:41:38Z,2026-08-13T21:00:00Z,104.3,96.0,100.0,100.0,-4.0,4.0
3-5 дней,2026-08-09T12:41:38Z,2026-08-14T00:00:00Z,107.3,97.0,100.0,100.0,-3.0,3.0
3-5 дней,2026-08-09T12:41:38Z,2026-08-14T03:00:00Z,110.3,99.0,100.0,100.0,-1.0,1.0
3-5 дней,2026-08-09T12:41:38Z,2026-08-14T06:00:00Z,113.3,98.0,100.0,100.0,-2.0,2.0
3-5 дней,2026-08-09T12:41:38Z,2026-08-14T09:00:00Z,116.3,87.0,100.0,100.0,-13.0,13.0
3-5 дней,2026-08-09T12:41:38Z,2026-08-14T12:00:00Z,119.3,77.0,100.0,100.0,-23.0,23.0
3-5 дней,2026-08-09T12:45:53Z,2026-08-12T15:00:00Z,74.2,95.0,100.0,100.0,-5.0,5.0
3-5 дней,2026-08-09T12:45:53Z,2026-08-12T18:00:00Z,77.2,97.0,100.0,100.0,-3.0,3.0
3-5 дней,2026-08-09T12:45:53Z,2026-08-12T21:00:00Z,80.2,98.0,100.0,100.0,-2.0,2.0
3-5 дней,2026-08-09T12:45:53Z,2026-08-13T00:00:00Z,83.2,98.0,100.0,100.0,-2.0,2.0
3-5 дней,2026-08-09T12:45:53Z,2026-08-13T03:00:00Z,86.2,99.0,100.0,100.0,-1.0,1.0
3-5 дней,2026-08-09T12:45:53Z,2026-08-13T06:00:00Z,89.2,99.0,100.0,100.0,-1.0,1.0
3-5 дней,2026-08-09T12:45:53Z,2026-08-13T09:00:00Z,92.2,98.0,100.0,100.0,-2.0,2.0
3-5 дней,2026-08-09T12:45:53Z,2026-08-13T12:00:00Z,95.2,97.0,100.0,100.0,-3.0,3.0
3-5 дней,2026-08-09T12:45:53Z,2026-08-13T15:00:00Z,98.2,96.0,100.0,100.0,-4.0,4.0
3-5 дней,2026-08-09T12:45:53Z,2026-08-13T18:00:00Z,101.2,96.0,100.0,100.0,-4.0,4.0
3-5 дней,2026-08-09T12:45:53Z,2026-08-13T21:00:00Z,104.2,96.0,100.0,100.0,-4.0,4.0
3-5 дней,2026-08-09T12:45:53Z,2026-08-14T00:00:00Z,107.2,97.0,100.0,100.0,-3.0,3.0
3-5 дней,2026-08-09T12:45:53Z,2026-08-14T03:00:00Z,110.2,99.0,100.0,100.0,-1.0,1.0
3-5 дней,2026-08-09T12:45:53Z,2026-08-14T06:00:00Z,113.2,98.0,100.0,100.0,-2.0,2.0
3-5 дней,2026-08-09T12:45:53Z,2026-08-14T09:00:00Z,116.2,87.0,100.0,100.0,-13.0,13.0
3-5 дней,2026-08-09T12:45:53Z,2026-08-14T12:00:00Z,119.2,77.0,100.0,100.0,-23.0,23.0
3-5 дней,2026-08-09T12:48:15Z,2026-08-12T15:00:00Z,74.2,95.0,100.0,100.0,-5.0,5.0
3-5 дней,2026-08-09T12:48:15Z,2026-08-12T18:00:00Z,77.2,97.0,100.0,100.0,-3.0,3.0
3-5 дней,2026-08-09T12:48:15Z,2026-08-12T21:00:00Z,80.2,98.0,100.0,100.0,-2.0,2.0
3-5 дней,2026-08-09T12:48:15Z,2026-08-13T00:00:00Z,83.2,98.0,100.0,100.0,-2.0,2.0
3-5 дней,2026-08-09T12:48:15Z,2026-08-13T03:00:00Z,86.2,99.0,100.0,100.0,-1.0,1.0
3-5 дней,2026-08-09T12:48:15Z,2026-08-13T06:00:00Z,89.2,99.0,100.0,100.0,-1.0,1.0
3-5 дней,2026-08-09T12:48:15Z,2026-08-13T09:00:00Z,92.2,98.0,100.0,100.0,-2.0,2.0
3-5 дней,2026-08-09T12:48:15Z,2026-08-13T12:00:00Z,95.2,97.0,100.0,100.0,-3.0,3.0
3-5 дней,2026-08-09T12:48:15Z,2026-08-13T15:00:00Z,98.2,96.0,100.0,100.0,-4.0,4.0
3-5 дней,2026-08-09T12:48:15Z,2026-08-13T18:00:00Z,101.2,96.0,100.0,100.0,-4.0,4.0
3-5 дней,2026-08-09T12:48:15Z,2026-08-13T21:00:00Z,104.2,96.0,100.0,100.0,-4.0,4.0
3-5 дней,2026-08-09T12:48:15Z,2026-08-14T00:00:00Z,107.2,97.0,100.0,100.0,-3.0,3.0
3-5 дней,2026-08-09T12:48:15Z,2026-08-14T03:00:00Z,110.2,99.0,100.0,100.0,-1.0,1.0
3-5 дней,2026-08-09T12:48:15Z,2026-08-14T06:00:00Z,113.2,98.0,100.0,100.0,-2.0,2.0
3-5 дней,2026-08-09T12:48:15Z,2026-08-14T09:00:00Z,116.2,87.0,100.0,100.0,-13.0,13.0
3-5 дней,2026-08-09T12:48:15Z,2026-08-14T12:00:00Z,119.2,77.0,100.0,100.0,-23.0,23.0
3-5 дней,2026-08-09T16:31:44Z,2026-08-12T18:00:00Z,73.5,76.0,100.0,100.0,-24.0,24.0
3-5 дней,2026-08-09T16:31:44Z,2026-08-12T21:00:00Z,76.5,86.0,100.0,100.0,-14.0,14.0
3-5 дней,2026-08-09T16:31:44Z,2026-08-13T00:00:00Z,79.5,97.0,100.0,100.0,-3.0,3.0
3-5 дней,2026-08-09T16:31:44Z,2026-08-13T03:00:00Z,82.5,100.0,100.0,100.0,0.0,0.0
3-5 дней,2026-08-09T16:31:44Z,2026-08-13T06:00:00Z,85.5,100.0,100.0,100.0,0.0,0.0
3-5 дней,2026-08-09T16:31:44Z,2026-08-13T09:00:00Z,88.5,93.0,100.0,100.0,-7.0,7.0
3-5 дней,2026-08-09T16:31:44Z,2026-08-13T12:00:00Z,91.5,87.0,100.0,100.0,-13.0,13.0
3-5 дней,2026-08-09T16:31:44Z,2026-08-13T15:00:00Z,94.5,92.0,100.0,100.0,-8.0,8.0
3-5 дней,2026-08-09T16:31:44Z,2026-08-13T18:00:00Z,97.5,99.0,100.0,100.0,-1.0,1.0
3-5 дней,2026-08-09T16:31:44Z,2026-08-13T21:00:00Z,100.5,100.0,100.0,100.0,0.0,0.0
3-5 дней,2026-08-09T16:31:44Z,2026-08-14T00:00:00Z,103.5,99.0,100.0,100.0,-1.0,1.0
3-5 дней,2026-08-09T16:31:44Z,2026-08-14T03:00:00Z,106.5,96.0,100.0,100.0,-4.0,4.0
3-5 дней,2026-08-09T16:31:44Z,2026-08-14T06:00:00Z,109.5,93.0,100.0,100.0,-7.0,7.0
3-5 дней,2026-08-09T16:31:44Z,2026-08-14T09:00:00Z,112.5,91.0,100.0,100.0,-9.0,9.0
3-5 дней,2026-08-09T16:31:44Z,2026-08-14T12:00:00Z,115.5,88.0,100.0,100.0,-12.0,12.0
3-5 дней,2026-08-09T16:31:44Z,2026-08-14T15:00:00Z,118.5,81.0,87.5,100.0,-6.5,6.5
3-5 дней,2026-08-09T22:39:09Z,2026-08-13T00:00:00Z,73.3,100.0,100.0,100.0,0.0,0.0
3-5 дней,2026-08-09T22:39:09Z,2026-08-13T03:00:00Z,76.3,100.0,100.0,100.0,0.0,0.0
3-5 дней,2026-08-09T22:39:09Z,2026-08-13T06:00:00Z,79.3,100.0,100.0,100.0,0.0,0.0
3-5 дней,2026-08-09T22:39:09Z,2026-08-13T09:00:00Z,82.3,96.0,100.0,100.0,-4.0,4.0
3-5 дней,2026-08-09T22:39:09Z,2026-08-13T12:00:00Z,85.3,92.0,100.0,100.0,-8.0,8.0
3-5 дней,2026-08-09T22:39:09Z,2026-08-13T15:00:00Z,88.3,95.0,100.0,100.0,-5.0,5.0
3-5 дней,2026-08-09T22:39:09Z,2026-08-13T18:00:00Z,91.3,98.0,100.0,100.0,-2.0,2.0
3-5 дней,2026-08-09T22:39:09Z,2026-08-13T21:00:00Z,94.3,94.0,100.0,100.0,-6.0,6.0
3-5 дней,2026-08-09T22:39:09Z,2026-08-14T00:00:00Z,97.3,90.0,100.0,100.0,-10.0,10.0
3-5 дней,2026-08-09T22:39:09Z,2026-08-14T03:00:00Z,100.3,93.0,100.0,100.0,-7.0,7.0
3-5 дней,2026-08-09T22:39:09Z,2026-08-14T06:00:00Z,103.3,94.0,100.0,100.0,-6.0,6.0
3-5 дней,2026-08-09T22:39:09Z,2026-08-14T09:00:00Z,106.3,82.0,100.0,100.0,-18.0,18.0
3-5 дней,2026-08-09T22:39:09Z,2026-08-14T12:00:00Z,109.3,71.0,100.0,100.0,-29.0,29.0
3-5 дней,2026-08-09T22:39:09Z,2026-08-14T15:00:00Z,112.3,76.0,87.5,100.0,-11.5,11.5
3-5 дней,2026-08-09T22:39:09Z,2026-08-14T18:00:00Z,115.3,85.0,87.5,100.0,-2.5,2.5
3-5 дней,2026-08-09T22:39:09Z,2026-08-14T21:00:00Z,118.3,93.0,87.5,100.0,5.5,5.5
3-5 дней,2026-08-10T05:20:42Z,2026-08-13T06:00:00Z,72.7,98.0,100.0,100.0,-2.0,2.0
3-5 дней,2026-08-10T05:20:42Z,2026-08-13T09:00:00Z,75.7,98.0,100.0,100.0,-2.0,2.0
3-5 дней,2026-08-10T05:20:42Z,2026-08-13T12:00:00Z,78.7,98.0,100.0,100.0,-2.0,2.0
3-5 дней,2026-08-10T05:20:42Z,2026-08-13T15:00:00Z,81.7,98.0,100.0,100.0,-2.0,2.0
3-5 дней,2026-08-10T05:20:42Z,2026-08-13T18:00:00Z,84.7,97.0,100.0,100.0,-3.0,3.0
3-5 дней,2026-08-10T05:20:42Z,2026-08-13T21:00:00Z,87.7,93.0,100.0,100.0,-7.0,7.0
3-5 дней,2026-08-10T05:20:42Z,2026-08-14T00:00:00Z,90.7,90.0,100.0,100.0,-10.0,10.0
3-5 дней,2026-08-10T05:20:42Z,2026-08-14T03:00:00Z,93.7,91.0,100.0,100.0,-9.0,9.0
3-5 дней,2026-08-10T05:20:42Z,2026-08-14T06:00:00Z,96.7,90.0,100.0,100.0,-10.0,10.0
3-5 дней,2026-08-10T05:20:42Z,2026-08-14T09:00:00Z,99.7,87.0,100.0,100.0,-13.0,13.0
3-5 дней,2026-08-10T05:20:42Z,2026-08-14T12:00:00Z,102.7,75.0,100.0,100.0,-25.0,25.0
3-5 дней,2026-08-10T05:20:42Z,2026-08-14T15:00:00Z,105.7,37.0,87.5,100.0,-50.5,50.5
3-5 дней,2026-08-10T05:20:42Z,2026-08-14T18:00:00Z,108.7,1.0,87.5,100.0,-86.5,86.5
3-5 дней,2026-08-10T05:20:42Z,2026-08-14T21:00:00Z,111.7,0.0,87.5,100.0,-87.5,87.5
3-5 дней,2026-08-10T05:20:42Z,2026-08-15T00:00:00Z,114.7,0.0,100.0,100.0,-100.0,100.0
3-5 дней,2026-08-10T05:20:42Z,2026-08-15T03:00:00Z,117.7,50.0,87.5,100.0,-37.5,37.5
3-5 дней,2026-08-10T10:53:28Z,2026-08-13T12:00:00Z,73.1,87.0,100.0,100.0,-13.0,13.0
3-5 дней,2026-08-10T10:53:28Z,2026-08-13T15:00:00Z,76.1,89.0,100.0,100.0,-11.0,11.0
3-5 дней,2026-08-10T10:53:28Z,2026-08-13T18:00:00Z,79.1,93.0,100.0,100.0,-7.0,7.0
3-5 дней,2026-08-10T10:53:28Z,2026-08-13T21:00:00Z,82.1,92.0,100.0,100.0,-8.0,8.0
3-5 дней,2026-08-10T10:53:28Z,2026-08-14T00:00:00Z,85.1,90.0,100.0,100.0,-10.0,10.0
3-5 дней,2026-08-10T10:53:28Z,2026-08-14T03:00:00Z,88.1,89.0,100.0,100.0,-11.0,11.0
3-5 дней,2026-08-10T10:53:28Z,2026-08-14T06:00:00Z,91.1,84.0,100.0,100.0,-16.0,16.0
3-5 дней,2026-08-10T10:53:28Z,2026-08-14T09:00:00Z,94.1,66.0,100.0,100.0,-34.0,34.0
3-5 дней,2026-08-10T10:53:28Z,2026-08-14T12:00:00Z,97.1,46.0,100.0,100.0,-54.0,54.0
3-5 дней,2026-08-10T10:53:28Z,2026-08-14T15:00:00Z,100.1,37.0,87.5,100.0,-50.5,50.5
3-5 дней,2026-08-10T10:53:28Z,2026-08-14T18:00:00Z,103.1,31.0,87.5,100.0,-56.5,56.5
3-5 дней,2026-08-10T10:53:28Z,2026-08-14T21:00:00Z,106.1,21.0,87.5,100.0,-66.5,66.5
3-5 дней,2026-08-10T10:53:28Z,2026-08-15T00:00:00Z,109.1,21.0,100.0,100.0,-79.0,79.0
3-5 дней,2026-08-10T10:53:28Z,2026-08-15T03:00:00Z,112.1,57.0,87.5,100.0,-30.5,30.5
3-5 дней,2026-08-10T10:53:28Z,2026-08-15T06:00:00Z,115.1,84.0,100.0,100.0,-16.0,16.0
3-5 дней,2026-08-10T10:53:28Z,2026-08-15T09:00:00Z,118.1,46.0,100.0,100.0,-54.0,54.0
3-5 дней,2026-08-10T16:52:05Z,2026-08-13T18:00:00Z,73.1,93.0,100.0,100.0,-7.0,7.0
3-5 дней,2026-08-10T16:52:05Z,2026-08-13T21:00:00Z,76.1,96.0,100.0,100.0,-4.0,4.0
3-5 дней,2026-08-10T16:52:05Z,2026-08-14T00:00:00Z,79.1,93.0,100.0,100.0,-7.0,7.0
3-5 дней,2026-08-10T16:52:05Z,2026-08-14T03:00:00Z,82.1,70.0,100.0,100.0,-30.0,30.0
3-5 дней,2026-08-10T16:52:05Z,2026-08-14T06:00:00Z,85.1,44.0,100.0,100.0,-56.0,56.0
3-5 дней,2026-08-10T16:52:05Z,2026-08-14T09:00:00Z,88.1,26.0,100.0,100.0,-74.0,74.0
3-5 дней,2026-08-10T16:52:05Z,2026-08-14T12:00:00Z,91.1,13.0,100.0,100.0,-87.0,87.0
3-5 дней,2026-08-10T16:52:05Z,2026-08-14T15:00:00Z,94.1,5.0,87.5,100.0,-82.5,82.5
3-5 дней,2026-08-10T16:52:05Z,2026-08-14T18:00:00Z,97.1,0.0,87.5,100.0,-87.5,87.5
3-5 дней,2026-08-10T16:52:05Z,2026-08-14T21:00:00Z,100.1,0.0,87.5,100.0,-87.5,87.5
3-5 дней,2026-08-10T16:52:05Z,2026-08-15T00:00:00Z,103.1,0.0,100.0,100.0,-100.0,100.0
3-5 дней,2026-08-10T16:52:05Z,2026-08-15T03:00:00Z,106.1,0.0,87.5,100.0,-87.5,87.5
3-5 дней,2026-08-10T16:52:05Z,2026-08-15T06:00:00Z,109.1,0.0,100.0,100.0,-100.0,100.0
3-5 дней,2026-08-10T16:52:05Z,2026-08-15T09:00:00Z,112.1,0.0,100.0,100.0,-100.0,100.0
3-5 дней,2026-08-10T16:52:05Z,2026-08-15T12:00:00Z,115.1,0.0,100.0,100.0,-100.0,100.0
3-5 дней,2026-08-10T16:52:05Z,2026-08-15T15:00:00Z,118.1,0.0,100.0,87.5,-100.0,100.0
3-5 дней,2026-08-10T22:47:13Z,2026-08-14T00:00:00Z,73.2,66.0,100.0,100.0,-34.0,34.0
3-5 дней,2026-08-10T22:47:13Z,2026-08-14T03:00:00Z,76.2,35.0,100.0,100.0,-65.0,65.0
3-5 дней,2026-08-10T22:47:13Z,2026-08-14T06:00:00Z,79.2,6.0,100.0,100.0,-94.0,94.0
3-5 дней,2026-08-10T22:47:13Z,2026-08-14T09:00:00Z,82.2,2.0,100.0,100.0,-98.0,98.0
3-5 дней,2026-08-10T22:47:13Z,2026-08-14T12:00:00Z,85.2,5.0,100.0,100.0,-95.0,95.0
3-5 дней,2026-08-10T22:47:13Z,2026-08-14T15:00:00Z,88.2,2.0,87.5,100.0,-85.5,85.5
3-5 дней,2026-08-10T22:47:13Z,2026-08-14T18:00:00Z,91.2,0.0,87.5,100.0,-87.5,87.5
3-5 дней,2026-08-10T22:47:13Z,2026-08-14T21:00:00Z,94.2,0.0,87.5,100.0,-87.5,87.5
3-5 дней,2026-08-10T22:47:13Z,2026-08-15T00:00:00Z,97.2,0.0,100.0,100.0,-100.0,100.0
3-5 дней,2026-08-10T22:47:13Z,2026-08-15T03:00:00Z,100.2,4.0,87.5,100.0,-83.5,83.5
3-5 дней,2026-08-10T22:47:13Z,2026-08-15T06:00:00Z,103.2,8.0,100.0,100.0,-92.0,92.0
3-5 дней,2026-08-10T22:47:13Z,2026-08-15T09:00:00Z,106.2,6.0,100.0,100.0,-94.0,94.0
3-5 дней,2026-08-10T22:47:13Z,2026-08-15T12:00:00Z,109.2,3.0,100.0,100.0,-97.0,97.0
3-5 дней,2026-08-10T22:47:13Z,2026-08-15T15:00:00Z,112.2,0.0,100.0,87.5,-100.0,100.0
3-5 дней,2026-08-10T22:47:13Z,2026-08-15T18:00:00Z,115.2,0.0,100.0,87.5,-100.0,100.0
3-5 дней,2026-08-10T22:47:13Z,2026-08-15T21:00:00Z,118.2,39.0,100.0,87.5,-61.0,61.0
3-5 дней,2026-08-11T05:01:49Z,2026-08-14T06:00:00Z,73.0,0.0,100.0,100.0,-100.0,100.0
3-5 дней,2026-08-11T05:01:49Z,2026-08-14T09:00:00Z,76.0,0.0,100.0,100.0,-100.0,100.0
3-5 дней,2026-08-11T05:01:49Z,2026-08-14T12:00:00Z,79.0,0.0,100.0,100.0,-100.0,100.0
3-5 дней,2026-08-11T05:01:49Z,2026-08-14T15:00:00Z,82.0,0.0,87.5,100.0,-87.5,87.5
3-5 дней,2026-08-11T05:01:49Z,2026-08-14T18:00:00Z,85.0,0.0,87.5,100.0,-87.5,87.5
3-5 дней,2026-08-11T05:01:49Z,2026-08-14T21:00:00Z,88.0,0.0,87.5,100.0,-87.5,87.5
3-5 дней,2026-08-11T05:01:49Z,2026-08-15T00:00:00Z,91.0,0.0,100.0,100.0,-100.0,100.0
3-5 дней,2026-08-11T05:01:49Z,2026-08-15T03:00:00Z,94.0,0.0,87.5,100.0,-87.5,87.5
3-5 дней,2026-08-11T05:01:49Z,2026-08-15T06:00:00Z,97.0,0.0,100.0,100.0,-100.0,100.0
3-5 дней,2026-08-11T05:01:49Z,2026-08-15T09:00:00Z,100.0,0.0,100.0,100.0,-100.0,100.0
3-5 дней,2026-08-11T05:01:49Z,2026-08-15T12:00:00Z,103.0,0.0,100.0,100.0,-100.0,100.0
3-5 дней,2026-08-11T05:01:49Z,2026-08-15T15:00:00Z,106.0,24.0,100.0,87.5,-76.0,76.0
3-5 дней,2026-08-11T05:01:49Z,2026-08-15T18:00:00Z,109.0,42.0,100.0,87.5,-58.0,58.0
3-5 дней,2026-08-11T05:01:49Z,2026-08-15T21:00:00Z,112.0,24.0,100.0,87.5,-76.0,76.0
3-5 дней,2026-08-11T05:01:49Z,2026-08-16T00:00:00Z,115.0,0.0,87.5,100.0,-87.5,87.5
3-5 дней,2026-08-11T05:01:49Z,2026-08-16T03:00:00Z,118.0,0.0,100.0,87.5,-100.0,100.0
3-5 дней,2026-08-11T10:38:45Z,2026-08-14T12:00:00Z,73.4,4.0,100.0,100.0,-96.0,96.0
3-5 дней,2026-08-11T10:38:45Z,2026-08-14T15:00:00Z,76.4,2.0,87.5,100.0,-85.5,85.5
3-5 дней,2026-08-11T10:38:45Z,2026-08-14T18:00:00Z,79.4,0.0,87.5,100.0,-87.5,87.5
3-5 дней,2026-08-11T10:38:45Z,2026-08-14T21:00:00Z,82.4,1.0,87.5,100.0,-86.5,86.5
3-5 дней,2026-08-11T10:38:45Z,2026-08-15T00:00:00Z,85.4,3.0,100.0,100.0,-97.0,97.0
3-5 дней,2026-08-11T10:38:45Z,2026-08-15T03:00:00Z,88.4,2.0,87.5,100.0,-85.5,85.5
3-5 дней,2026-08-11T10:38:45Z,2026-08-15T06:00:00Z,91.4,0.0,100.0,100.0,-100.0,100.0
3-5 дней,2026-08-11T10:38:45Z,2026-08-15T09:00:00Z,94.4,0.0,100.0,100.0,-100.0,100.0
3-5 дней,2026-08-11T10:38:45Z,2026-08-15T12:00:00Z,97.4,0.0,100.0,100.0,-100.0,100.0
3-5 дней,2026-08-11T10:38:45Z,2026-08-15T15:00:00Z,100.4,0.0,100.0,87.5,-100.0,100.0
3-5 дней,2026-08-11T10:38:45Z,2026-08-15T18:00:00Z,103.4,0.0,100.0,87.5,-100.0,100.0
3-5 дней,2026-08-11T10:38:45Z,2026-08-15T21:00:00Z,106.4,56.0,100.0,87.5,-44.0,44.0
3-5 дней,2026-08-11T10:38:45Z,2026-08-16T00:00:00Z,109.4,100.0,87.5,100.0,12.5,12.5
3-5 дней,2026-08-11T10:38:45Z,2026-08-16T03:00:00Z,112.4,56.0,100.0,87.5,-44.0,44.0
3-5 дней,2026-08-11T10:38:45Z,2026-08-16T06:00:00Z,115.4,0.0,100.0,100.0,-100.0,100.0
3-5 дней,2026-08-11T10:38:45Z,2026-08-16T09:00:00Z,118.4,0.0,100.0,100.0,-100.0,100.0
3-5 дней,2026-08-12T10:47:03Z,2026-08-15T12:00:00Z,73.2,1.0,100.0,100.0,-99.0,99.0
3-5 дней,2026-08-12T10:47:03Z,2026-08-15T15:00:00Z,76.2,1.0,100.0,87.5,-99.0,99.0
3-5 дней,2026-08-12T10:47:03Z,2026-08-15T18:00:00Z,79.2,11.0,100.0,87.5,-89.0,89.0
3-5 дней,2026-08-12T10:47:03Z,2026-08-15T21:00:00Z,82.2,62.0,100.0,87.5,-38.0,38.0
3-5 дней,2026-08-12T10:47:03Z,2026-08-16T00:00:00Z,85.2,100.0,87.5,100.0,12.5,12.5
3-5 дней,2026-08-12T10:47:03Z,2026-08-16T03:00:00Z,88.2,62.0,100.0,87.5,-38.0,38.0
3-5 дней,2026-08-12T10:47:03Z,2026-08-16T06:00:00Z,91.2,13.0,100.0,100.0,-87.0,87.0
3-5 дней,2026-08-12T10:47:03Z,2026-08-16T09:00:00Z,94.2,8.0,100.0,100.0,-92.0,92.0
3-5 дней,2026-08-12T10:47:03Z,2026-08-16T12:00:00Z,97.2,16.0,87.5,100.0,-71.5,71.5
3-5 дней,2026-08-12T10:47:03Z,2026-08-16T15:00:00Z,100.2,25.0,87.5,100.0,-62.5,62.5
3-5 дней,2026-08-12T10:47:03Z,2026-08-16T18:00:00Z,103.2,40.0,25.0,100.0,15.0,15.0
3-5 дней,2026-08-12T10:47:03Z,2026-08-16T21:00:00Z,106.2,65.0,25.0,100.0,40.0,40.0
3-5 дней,2026-08-12T10:47:03Z,2026-08-17T00:00:00Z,109.2,87.0,12.5,87.5,74.5,74.5
3-5 дней,2026-08-12T10:47:03Z,2026-08-17T03:00:00Z,112.2,94.0,12.5,100.0,81.5,81.5
3-5 дней,2026-08-12T10:47:03Z,2026-08-17T06:00:00Z,115.2,94.0,75.0,100.0,19.0,19.0
3-5 дней,2026-08-12T10:47:03Z,2026-08-17T09:00:00Z,118.2,86.0,75.0,100.0,11.0,11.0
3-5 дней,2026-08-12T16:54:57Z,2026-08-15T18:00:00Z,73.1,0.0,100.0,87.5,-100.0,100.0
3-5 дней,2026-08-12T16:54:57Z,2026-08-15T21:00:00Z,76.1,56.0,100.0,87.5,-44.0,44.0
3-5 дней,2026-08-12T16:54:57Z,2026-08-16T00:00:00Z,79.1,100.0,87.5,100.0,12.5,12.5
3-5 дней,2026-08-12T16:54:57Z,2026-08-16T03:00:00Z,82.1,60.0,100.0,87.5,-40.0,40.0
3-5 дней,2026-08-12T16:54:57Z,2026-08-16T06:00:00Z,85.1,8.0,100.0,100.0,-92.0,92.0
3-5 дней,2026-08-12T16:54:57Z,2026-08-16T09:00:00Z,88.1,2.0,100.0,100.0,-98.0,98.0
3-5 дней,2026-08-12T16:54:57Z,2026-08-16T12:00:00Z,91.1,11.0,87.5,100.0,-76.5,76.5
3-5 дней,2026-08-12T16:54:57Z,2026-08-16T15:00:00Z,94.1,29.0,87.5,100.0,-58.5,58.5
3-5 дней,2026-08-12T16:54:57Z,2026-08-16T18:00:00Z,97.1,45.0,25.0,100.0,20.0,20.0
3-5 дней,2026-08-12T16:54:57Z,2026-08-16T21:00:00Z,100.1,44.0,25.0,100.0,19.0,19.0
3-5 дней,2026-08-12T16:54:57Z,2026-08-17T00:00:00Z,103.1,35.0,12.5,87.5,22.5,22.5
3-5 дней,2026-08-12T16:54:57Z,2026-08-17T03:00:00Z,106.1,21.0,12.5,100.0,8.5,8.5
3-5 дней,2026-08-12T16:54:57Z,2026-08-17T06:00:00Z,109.1,8.0,75.0,100.0,-67.0,67.0
3-5 дней,2026-08-12T16:54:57Z,2026-08-17T09:00:00Z,112.1,8.0,75.0,100.0,-67.0,67.0
3-5 дней,2026-08-12T16:54:57Z,2026-08-17T12:00:00Z,115.1,11.0,75.0,87.5,-64.0,64.0
3-5 дней,2026-08-12T16:54:57Z,2026-08-17T15:00:00Z,118.1,9.0,75.0,87.5,-66.0,66.0
3-5 дней,2026-08-12T22:50:47Z,2026-08-16T00:00:00Z,73.2,100.0,87.5,100.0,12.5,12.5
3-5 дней,2026-08-12T22:50:47Z,2026-08-16T03:00:00Z,76.2,89.0,100.0,87.5,-11.0,11.0
3-5 дней,2026-08-12T22:50:47Z,2026-08-16T06:00:00Z,79.2,62.0,100.0,100.0,-38.0,38.0
3-5 дней,2026-08-12T22:50:47Z,2026-08-16T09:00:00Z,82.2,32.0,100.0,100.0,-68.0,68.0
3-5 дней,2026-08-12T22:50:47Z,2026-08-16T12:00:00Z,85.2,11.0,87.5,100.0,-76.5,76.5
3-5 дней,2026-08-12T22:50:47Z,2026-08-16T15:00:00Z,88.2,26.0,87.5,100.0,-61.5,61.5
3-5 дней,2026-08-12T22:50:47Z,2026-08-16T18:00:00Z,91.2,52.0,25.0,100.0,27.0,27.0
3-5 дней,2026-08-12T22:50:47Z,2026-08-16T21:00:00Z,94.2,68.0,25.0,100.0,43.0,43.0
3-5 дней,2026-08-12T22:50:47Z,2026-08-17T00:00:00Z,97.2,82.0,12.5,87.5,69.5,69.5
3-5 дней,2026-08-12T22:50:47Z,2026-08-17T03:00:00Z,100.2,96.0,12.5,100.0,83.5,83.5
3-5 дней,2026-08-12T22:50:47Z,2026-08-17T06:00:00Z,103.2,100.0,75.0,100.0,25.0,25.0
3-5 дней,2026-08-12T22:50:47Z,2026-08-17T09:00:00Z,106.2,80.0,75.0,100.0,5.0,5.0
3-5 дней,2026-08-12T22:50:47Z,2026-08-17T12:00:00Z,109.2,52.0,75.0,87.5,-23.0,23.0
3-5 дней,2026-08-12T22:50:47Z,2026-08-17T15:00:00Z,112.2,22.0,75.0,87.5,-53.0,53.0
3-5 дней,2026-08-12T22:50:47Z,2026-08-17T18:00:00Z,115.2,2.0,87.5,25.0,-85.5,85.5
3-5 дней,2026-08-12T22:50:47Z,2026-08-17T21:00:00Z,118.2,19.0,87.5,25.0,-68.5,68.5
3-5 дней,2026-08-13T05:30:08Z,2026-08-16T06:00:00Z,72.5,4.0,100.0,100.0,-96.0,96.0
3-5 дней,2026-08-13T05:30:08Z,2026-08-16T09:00:00Z,75.5,0.0,100.0,100.0,-100.0,100.0
3-5 дней,2026-08-13T05:30:08Z,2026-08-16T12:00:00Z,78.5,0.0,87.5,100.0,-87.5,87.5
3-5 дней,2026-08-13T05:30:08Z,2026-08-16T15:00:00Z,81.5,15.0,87.5,100.0,-72.5,72.5
3-5 дней,2026-08-13T05:30:08Z,2026-08-16T18:00:00Z,84.5,28.0,25.0,100.0,3.0,3.0
3-5 дней,2026-08-13T05:30:08Z,2026-08-16T21:00:00Z,87.5,14.0,25.0,100.0,-11.0,11.0
3-5 дней,2026-08-13T05:30:08Z,2026-08-17T00:00:00Z,90.5,5.0,12.5,87.5,-7.5,7.5
3-5 дней,2026-08-13T05:30:08Z,2026-08-17T03:00:00Z,93.5,42.0,12.5,100.0,29.5,29.5
3-5 дней,2026-08-13T05:30:08Z,2026-08-17T06:00:00Z,96.5,76.0,75.0,100.0,1.0,1.0
3-5 дней,2026-08-13T05:30:08Z,2026-08-17T09:00:00Z,99.5,54.0,75.0,100.0,-21.0,21.0
3-5 дней,2026-08-13T05:30:08Z,2026-08-17T12:00:00Z,102.5,26.0,75.0,87.5,-49.0,49.0
3-5 дней,2026-08-13T05:30:08Z,2026-08-17T15:00:00Z,105.5,30.0,75.0,87.5,-45.0,45.0
3-5 дней,2026-08-13T05:30:08Z,2026-08-17T18:00:00Z,108.5,43.0,87.5,25.0,-44.5,44.5
3-5 дней,2026-08-13T05:30:08Z,2026-08-17T21:00:00Z,111.5,59.0,87.5,25.0,-28.5,28.5
3-5 дней,2026-08-13T05:30:08Z,2026-08-18T00:00:00Z,114.5,68.0,100.0,12.5,-32.0,32.0
3-5 дней,2026-08-13T05:30:08Z,2026-08-18T03:00:00Z,117.5,47.0,37.5,12.5,9.5,9.5
3-5 дней,2026-08-13T10:49:01Z,2026-08-16T12:00:00Z,73.2,96.0,87.5,100.0,8.5,8.5
3-5 дней,2026-08-13T10:49:01Z,2026-08-16T15:00:00Z,76.2,90.0,87.5,100.0,2.5,2.5
3-5 дней,2026-08-13T10:49:01Z,2026-08-16T18:00:00Z,79.2,81.0,25.0,100.0,56.0,56.0
3-5 дней,2026-08-13T10:49:01Z,2026-08-16T21:00:00Z,82.2,65.0,25.0,100.0,40.0,40.0
3-5 дней,2026-08-13T10:49:01Z,2026-08-17T00:00:00Z,85.2,57.0,12.5,87.5,44.5,44.5
3-5 дней,2026-08-13T10:49:01Z,2026-08-17T03:00:00Z,88.2,79.0,12.5,100.0,66.5,66.5
3-5 дней,2026-08-13T10:49:01Z,2026-08-17T06:00:00Z,91.2,100.0,75.0,100.0,25.0,25.0
3-5 дней,2026-08-13T10:49:01Z,2026-08-17T09:00:00Z,94.2,83.0,75.0,100.0,8.0,8.0
3-5 дней,2026-08-13T10:49:01Z,2026-08-17T12:00:00Z,97.2,61.0,75.0,87.5,-14.0,14.0
3-5 дней,2026-08-13T10:49:01Z,2026-08-17T15:00:00Z,100.2,66.0,75.0,87.5,-9.0,9.0
3-5 дней,2026-08-13T10:49:01Z,2026-08-17T18:00:00Z,103.2,67.0,87.5,25.0,-20.5,20.5
3-5 дней,2026-08-13T10:49:01Z,2026-08-17T21:00:00Z,106.2,34.0,87.5,25.0,-53.5,53.5
3-5 дней,2026-08-13T10:49:01Z,2026-08-18T00:00:00Z,109.2,2.0,100.0,12.5,-98.0,98.0
3-5 дней,2026-08-13T10:49:01Z,2026-08-18T03:00:00Z,112.2,2.0,37.5,12.5,-35.5,35.5
3-5 дней,2026-08-13T10:49:01Z,2026-08-18T06:00:00Z,115.2,12.0,87.5,75.0,-75.5,75.5
3-5 дней,2026-08-13T10:49:01Z,2026-08-18T09:00:00Z,118.2,13.0,87.5,75.0,-74.5,74.5
3-5 дней,2026-08-13T16:36:10Z,2026-08-16T18:00:00Z,73.4,66.0,25.0,100.0,41.0,41.0
3-5 дней,2026-08-13T16:36:10Z,2026-08-16T21:00:00Z,76.4,73.0,25.0,100.0,48.0,48.0
3-5 дней,2026-08-13T16:36:10Z,2026-08-17T00:00:00Z,79.4,82.0,12.5,87.5,69.5,69.5
3-5 дней,2026-08-13T16:36:10Z,2026-08-17T03:00:00Z,82.4,98.0,12.5,100.0,85.5,85.5
3-5 дней,2026-08-13T16:36:10Z,2026-08-17T06:00:00Z,85.4,100.0,75.0,100.0,25.0,25.0
3-5 дней,2026-08-13T16:36:10Z,2026-08-17T09:00:00Z,88.4,51.0,75.0,100.0,-24.0,24.0
3-5 дней,2026-08-13T16:36:10Z,2026-08-17T12:00:00Z,91.4,0.0,75.0,87.5,-75.0,75.0
3-5 дней,2026-08-13T16:36:10Z,2026-08-17T15:00:00Z,94.4,0.0,75.0,87.5,-75.0,75.0
3-5 дней,2026-08-13T16:36:10Z,2026-08-17T18:00:00Z,97.4,2.0,87.5,25.0,-85.5,85.5
3-5 дней,2026-08-13T16:36:10Z,2026-08-17T21:00:00Z,100.4,0.0,87.5,25.0,-87.5,87.5
3-5 дней,2026-08-13T16:36:10Z,2026-08-18T00:00:00Z,103.4,0.0,100.0,12.5,-100.0,100.0
3-5 дней,2026-08-13T16:36:10Z,2026-08-18T03:00:00Z,106.4,22.0,37.5,12.5,-15.5,15.5
3-5 дней,2026-08-13T16:36:10Z,2026-08-18T06:00:00Z,109.4,45.0,87.5,75.0,-42.5,42.5
3-5 дней,2026-08-13T16:36:10Z,2026-08-18T09:00:00Z,112.4,50.0,87.5,75.0,-37.5,37.5
3-5 дней,2026-08-13T16:36:10Z,2026-08-18T12:00:00Z,115.4,48.0,100.0,75.0,-52.0,52.0
3-5 дней,2026-08-13T16:36:10Z,2026-08-18T15:00:00Z,118.4,41.0,75.0,75.0,-34.0,34.0
3-5 дней,2026-08-13T16:42:24Z,2026-08-16T18:00:00Z,73.3,66.0,25.0,100.0,41.0,41.0
3-5 дней,2026-08-13T16:42:24Z,2026-08-16T21:00:00Z,76.3,73.0,25.0,100.0,48.0,48.0
3-5 дней,2026-08-13T16:42:24Z,2026-08-17T00:00:00Z,79.3,82.0,12.5,87.5,69.5,69.5
3-5 дней,2026-08-13T16:42:24Z,2026-08-17T03:00:00Z,82.3,98.0,12.5,100.0,85.5,85.5
3-5 дней,2026-08-13T16:42:24Z,2026-08-17T06:00:00Z,85.3,100.0,75.0,100.0,25.0,25.0
3-5 дней,2026-08-13T16:42:24Z,2026-08-17T09:00:00Z,88.3,51.0,75.0,100.0,-24.0,24.0
3-5 дней,2026-08-13T16:42:24Z,2026-08-17T12:00:00Z,91.3,0.0,75.0,87.5,-75.0,75.0
3-5 дней,2026-08-13T16:42:24Z,2026-08-17T15:00:00Z,94.3,0.0,75.0,87.5,-75.0,75.0
3-5 дней,2026-08-13T16:42:24Z,2026-08-17T18:00:00Z,97.3,2.0,87.5,25.0,-85.5,85.5
3-5 дней,2026-08-13T16:42:24Z,2026-08-17T21:00:00Z,100.3,0.0,87.5,25.0,-87.5,87.5
3-5 дней,2026-08-13T16:42:24Z,2026-08-18T00:00:00Z,103.3,0.0,100.0,12.5,-100.0,100.0
3-5 дней,2026-08-13T16:42:24Z,2026-08-18T03:00:00Z,106.3,22.0,37.5,12.5,-15.5,15.5
3-5 дней,2026-08-13T16:42:24Z,2026-08-18T06:00:00Z,109.3,45.0,87.5,75.0,-42.5,42.5
3-5 дней,2026-08-13T16:42:24Z,2026-08-18T09:00:00Z,112.3,50.0,87.5,75.0,-37.5,37.5
3-5 дней,2026-08-13T16:42:24Z,2026-08-18T12:00:00Z,115.3,48.0,100.0,75.0,-52.0,52.0
3-5 дней,2026-08-13T16:42:24Z,2026-08-18T15:00:00Z,118.3,41.0,75.0,75.0,-34.0,34.0
3-5 дней,2026-08-13T16:54:22Z,2026-08-16T18:00:00Z,73.1,66.0,25.0,100.0,41.0,41.0
3-5 дней,2026-08-13T16:54:22Z,2026-08-16T21:00:00Z,76.1,73.0,25.0,100.0,48.0,48.0
3-5 дней,2026-08-13T16:54:22Z,2026-08-17T00:00:00Z,79.1,82.0,12.5,87.5,69.5,69.5
3-5 дней,2026-08-13T16:54:22Z,2026-08-17T03:00:00Z,82.1,98.0,12.5,100.0,85.5,85.5
3-5 дней,2026-08-13T16:54:22Z,2026-08-17T06:00:00Z,85.1,100.0,75.0,100.0,25.0,25.0
3-5 дней,2026-08-13T16:54:22Z,2026-08-17T09:00:00Z,88.1,51.0,75.0,100.0,-24.0,24.0
3-5 дней,2026-08-13T16:54:22Z,2026-08-17T12:00:00Z,91.1,0.0,75.0,87.5,-75.0,75.0
3-5 дней,2026-08-13T16:54:22Z,2026-08-17T15:00:00Z,94.1,0.0,75.0,87.5,-75.0,75.0
3-5 дней,2026-08-13T16:54:22Z,2026-08-17T18:00:00Z,97.1,2.0,87.5,25.0,-85.5,85.5
3-5 дней,2026-08-13T16:54:22Z,2026-08-17T21:00:00Z,100.1,0.0,87.5,25.0,-87.5,87.5
3-5 дней,2026-08-13T16:54:22Z,2026-08-18T00:00:00Z,103.1,0.0,100.0,12.5,-100.0,100.0
3-5 дней,2026-08-13T16:54:22Z,2026-08-18T03:00:00Z,106.1,22.0,37.5,12.5,-15.5,15.5
3-5 дней,2026-08-13T16:54:22Z,2026-08-18T06:00:00Z,109.1,45.0,87.5,75.0,-42.5,42.5
3-5 дней,2026-08-13T16:54:22Z,2026-08-18T09:00:00Z,112.1,50.0,87.5,75.0,-37.5,37.5
3-5 дней,2026-08-13T16:54:22Z,2026-08-18T12:00:00Z,115.1,48.0,100.0,75.0,-52.0,52.0
3-5 дней,2026-08-13T16:54:22Z,2026-08-18T15:00:00Z,118.1,41.0,75.0,75.0,-34.0,34.0
3-5 дней,2026-08-13T22:52:17Z,2026-08-17T00:00:00Z,73.1,16.0,12.5,87.5,3.5,3.5
3-5 дней,2026-08-13T22:52:17Z,2026-08-17T03:00:00Z,76.1,60.0,12.5,100.0,47.5,47.5
3-5 дней,2026-08-13T22:52:17Z,2026-08-17T06:00:00Z,79.1,95.0,75.0,100.0,20.0,20.0
3-5 дней,2026-08-13T22:52:17Z,2026-08-17T09:00:00Z,82.1,53.0,75.0,100.0,-22.0,22.0
3-5 дней,2026-08-13T22:52:17Z,2026-08-17T12:00:00Z,85.1,2.0,75.0,87.5,-73.0,73.0
3-5 дней,2026-08-13T22:52:17Z,2026-08-17T15:00:00Z,88.1,3.0,75.0,87.5,-72.0,72.0
3-5 дней,2026-08-13T22:52:17Z,2026-08-17T18:00:00Z,91.1,14.0,87.5,25.0,-73.5,73.5
3-5 дней,2026-08-13T22:52:17Z,2026-08-17T21:00:00Z,94.1,11.0,87.5,25.0,-76.5,76.5
3-5 дней,2026-08-13T22:52:17Z,2026-08-18T00:00:00Z,97.1,5.0,100.0,12.5,-95.0,95.0
3-5 дней,2026-08-13T22:52:17Z,2026-08-18T03:00:00Z,100.1,0.0,37.5,12.5,-37.5,37.5
3-5 дней,2026-08-13T22:52:17Z,2026-08-18T06:00:00Z,103.1,1.0,87.5,75.0,-86.5,86.5
3-5 дней,2026-08-13T22:52:17Z,2026-08-18T09:00:00Z,106.1,43.0,87.5,75.0,-44.5,44.5
3-5 дней,2026-08-13T22:52:17Z,2026-08-18T12:00:00Z,109.1,85.0,100.0,75.0,-15.0,15.0
3-5 дней,2026-08-13T22:52:17Z,2026-08-18T15:00:00Z,112.1,88.0,75.0,75.0,13.0,13.0
3-5 дней,2026-08-13T22:52:17Z,2026-08-18T18:00:00Z,115.1,83.0,25.0,87.5,58.0,58.0
3-5 дней,2026-08-13T22:52:17Z,2026-08-18T21:00:00Z,118.1,92.0,12.5,87.5,79.5,79.5
3-5 дней,2026-08-14T05:28:14Z,2026-08-17T06:00:00Z,72.5,74.0,75.0,100.0,-1.0,1.0
3-5 дней,2026-08-14T05:28:14Z,2026-08-17T09:00:00Z,75.5,52.0,75.0,100.0,-23.0,23.0
3-5 дней,2026-08-14T05:28:14Z,2026-08-17T12:00:00Z,78.5,32.0,75.0,87.5,-43.0,43.0
3-5 дней,2026-08-14T05:28:14Z,2026-08-17T15:00:00Z,81.5,28.0,75.0,87.5,-47.0,47.0
3-5 дней,2026-08-14T05:28:14Z,2026-08-17T18:00:00Z,84.5,34.0,87.5,25.0,-53.5,53.5
3-5 дней,2026-08-14T05:28:14Z,2026-08-17T21:00:00Z,87.5,53.0,87.5,25.0,-34.5,34.5
3-5 дней,2026-08-14T05:28:14Z,2026-08-18T00:00:00Z,90.5,75.0,100.0,12.5,-25.0,25.0
3-5 дней,2026-08-14T05:28:14Z,2026-08-18T03:00:00Z,93.5,91.0,37.5,12.5,53.5,53.5
3-5 дней,2026-08-14T05:28:14Z,2026-08-18T06:00:00Z,96.5,99.0,87.5,75.0,11.5,11.5
3-5 дней,2026-08-14T05:28:14Z,2026-08-18T09:00:00Z,99.5,88.0,87.5,75.0,0.5,0.5
3-5 дней,2026-08-14T05:28:14Z,2026-08-18T12:00:00Z,102.5,74.0,100.0,75.0,-26.0,26.0
3-5 дней,2026-08-14T05:28:14Z,2026-08-18T15:00:00Z,105.5,74.0,75.0,75.0,-1.0,1.0
3-5 дней,2026-08-14T05:28:14Z,2026-08-18T18:00:00Z,108.5,77.0,25.0,87.5,52.0,52.0
3-5 дней,2026-08-14T05:28:14Z,2026-08-18T21:00:00Z,111.5,75.0,12.5,87.5,62.5,62.5
3-5 дней,2026-08-14T05:28:14Z,2026-08-19T00:00:00Z,114.5,74.0,87.5,100.0,-13.5,13.5
3-5 дней,2026-08-14T05:28:14Z,2026-08-19T03:00:00Z,117.5,76.0,100.0,37.5,-24.0,24.0
3-5 дней,2026-08-14T10:44:54Z,2026-08-17T12:00:00Z,73.3,86.0,75.0,87.5,11.0,11.0
3-5 дней,2026-08-14T10:44:54Z,2026-08-17T15:00:00Z,76.3,88.0,75.0,87.5,13.0,13.0
3-5 дней,2026-08-14T10:44:54Z,2026-08-17T18:00:00Z,79.3,80.0,87.5,25.0,-7.5,7.5
3-5 дней,2026-08-14T10:44:54Z,2026-08-17T21:00:00Z,82.3,80.0,87.5,25.0,-7.5,7.5
3-5 дней,2026-08-14T10:44:54Z,2026-08-18T00:00:00Z,85.3,83.0,100.0,12.5,-17.0,17.0
3-5 дней,2026-08-14T10:44:54Z,2026-08-18T03:00:00Z,88.3,94.0,37.5,12.5,56.5,56.5
3-5 дней,2026-08-14T10:44:54Z,2026-08-18T06:00:00Z,91.3,98.0,87.5,75.0,10.5,10.5
3-5 дней,2026-08-14T10:44:54Z,2026-08-18T09:00:00Z,94.3,68.0,87.5,75.0,-19.5,19.5
3-5 дней,2026-08-14T10:44:54Z,2026-08-18T12:00:00Z,97.3,40.0,100.0,75.0,-60.0,60.0
3-5 дней,2026-08-14T10:44:54Z,2026-08-18T15:00:00Z,100.3,57.0,75.0,75.0,-18.0,18.0
3-5 дней,2026-08-14T10:44:54Z,2026-08-18T18:00:00Z,103.3,78.0,25.0,87.5,53.0,53.0
3-5 дней,2026-08-14T10:44:54Z,2026-08-18T21:00:00Z,106.3,62.0,12.5,87.5,49.5,49.5
3-5 дней,2026-08-14T10:44:54Z,2026-08-19T00:00:00Z,109.3,46.0,87.5,100.0,-41.5,41.5
3-5 дней,2026-08-14T10:44:54Z,2026-08-19T03:00:00Z,112.3,70.0,100.0,37.5,-30.0,30.0
3-5 дней,2026-08-14T10:44:54Z,2026-08-19T06:00:00Z,115.3,92.0,100.0,87.5,-8.0,8.0
3-5 дней,2026-08-14T10:44:54Z,2026-08-19T09:00:00Z,118.3,67.0,87.5,87.5,-20.5,20.5
3-5 дней,2026-08-14T16:48:33Z,2026-08-17T18:00:00Z,73.2,80.0,87.5,25.0,-7.5,7.5
3-5 дней,2026-08-14T16:48:33Z,2026-08-17T21:00:00Z,76.2,80.0,87.5,25.0,-7.5,7.5
3-5 дней,2026-08-14T16:48:33Z,2026-08-18T00:00:00Z,79.2,83.0,100.0,12.5,-17.0,17.0
3-5 дней,2026-08-14T16:48:33Z,2026-08-18T03:00:00Z,82.2,94.0,37.5,12.5,56.5,56.5
3-5 дней,2026-08-14T16:48:33Z,2026-08-18T06:00:00Z,85.2,98.0,87.5,75.0,10.5,10.5
3-5 дней,2026-08-14T16:48:33Z,2026-08-18T09:00:00Z,88.2,68.0,87.5,75.0,-19.5,19.5
3-5 дней,2026-08-14T16:48:33Z,2026-08-18T12:00:00Z,91.2,40.0,100.0,75.0,-60.0,60.0
3-5 дней,2026-08-14T16:48:33Z,2026-08-18T15:00:00Z,94.2,57.0,75.0,75.0,-18.0,18.0
3-5 дней,2026-08-14T16:48:33Z,2026-08-18T18:00:00Z,97.2,78.0,25.0,87.5,53.0,53.0
3-5 дней,2026-08-14T16:48:33Z,2026-08-18T21:00:00Z,100.2,62.0,12.5,87.5,49.5,49.5
3-5 дней,2026-08-14T16:48:33Z,2026-08-19T00:00:00Z,103.2,46.0,87.5,100.0,-41.5,41.5
3-5 дней,2026-08-14T16:48:33Z,2026-08-19T03:00:00Z,106.2,70.0,100.0,37.5,-30.0,30.0
3-5 дней,2026-08-14T16:48:33Z,2026-08-19T06:00:00Z,109.2,92.0,100.0,87.5,-8.0,8.0
3-5 дней,2026-08-14T16:48:33Z,2026-08-19T09:00:00Z,112.2,67.0,87.5,87.5,-20.5,20.5
3-5 дней,2026-08-14T16:48:33Z,2026-08-19T12:00:00Z,115.2,40.0,87.5,100.0,-47.5,47.5
3-5 дней,2026-08-14T16:48:33Z,2026-08-19T15:00:00Z,118.2,50.0,100.0,75.0,-50.0,50.0
3-5 дней,2026-08-14T22:30:55Z,2026-08-18T00:00:00Z,73.5,66.0,100.0,12.5,-34.0,34.0
3-5 дней,2026-08-14T22:30:55Z,2026-08-18T03:00:00Z,76.5,81.0,37.5,12.5,43.5,43.5
3-5 дней,2026-08-14T22:30:55Z,2026-08-18T06:00:00Z,79.5,91.0,87.5,75.0,3.5,3.5
3-5 дней,2026-08-14T22:30:55Z,2026-08-18T09:00:00Z,82.5,73.0,87.5,75.0,-14.5,14.5
3-5 дней,2026-08-14T22:30:55Z,2026-08-18T12:00:00Z,85.5,49.0,100.0,75.0,-51.0,51.0
3-5 дней,2026-08-14T22:30:55Z,2026-08-18T15:00:00Z,88.5,28.0,75.0,75.0,-47.0,47.0
3-5 дней,2026-08-14T22:30:55Z,2026-08-18T18:00:00Z,91.5,20.0,25.0,87.5,-5.0,5.0
3-5 дней,2026-08-14T22:30:55Z,2026-08-18T21:00:00Z,94.5,52.0,12.5,87.5,39.5,39.5
3-5 дней,2026-08-14T22:30:55Z,2026-08-19T00:00:00Z,97.5,88.0,87.5,100.0,0.5,0.5
3-5 дней,2026-08-14T22:30:55Z,2026-08-19T03:00:00Z,100.5,93.0,100.0,37.5,-7.0,7.0
3-5 дней,2026-08-14T22:30:55Z,2026-08-19T06:00:00Z,103.5,90.0,100.0,87.5,-10.0,10.0
3-5 дней,2026-08-14T22:30:55Z,2026-08-19T09:00:00Z,106.5,91.0,87.5,87.5,3.5,3.5
3-5 дней,2026-08-14T22:30:55Z,2026-08-19T12:00:00Z,109.5,91.0,87.5,100.0,3.5,3.5
3-5 дней,2026-08-14T22:30:55Z,2026-08-19T15:00:00Z,112.5,87.0,100.0,75.0,-13.0,13.0
3-5 дней,2026-08-14T22:30:55Z,2026-08-19T18:00:00Z,115.5,84.0,100.0,25.0,-16.0,16.0
3-5 дней,2026-08-14T22:30:55Z,2026-08-19T21:00:00Z,118.5,88.0,100.0,12.5,-12.0,12.0
3-5 дней,2026-08-15T04:24:15Z,2026-08-18T06:00:00Z,73.6,91.0,87.5,75.0,3.5,3.5
3-5 дней,2026-08-15T04:24:15Z,2026-08-18T09:00:00Z,76.6,88.0,87.5,75.0,0.5,0.5
3-5 дней,2026-08-15T04:24:15Z,2026-08-18T12:00:00Z,79.6,78.0,100.0,75.0,-22.0,22.0
3-5 дней,2026-08-15T04:24:15Z,2026-08-18T15:00:00Z,82.6,72.0,75.0,75.0,-3.0,3.0
3-5 дней,2026-08-15T04:24:15Z,2026-08-18T18:00:00Z,85.6,69.0,25.0,87.5,44.0,44.0
3-5 дней,2026-08-15T04:24:15Z,2026-08-18T21:00:00Z,88.6,74.0,12.5,87.5,61.5,61.5
3-5 дней,2026-08-15T04:24:15Z,2026-08-19T00:00:00Z,91.6,81.0,87.5,100.0,-6.5,6.5
3-5 дней,2026-08-15T04:24:15Z,2026-08-19T03:00:00Z,94.6,83.0,100.0,37.5,-17.0,17.0
3-5 дней,2026-08-15T04:24:15Z,2026-08-19T06:00:00Z,97.6,82.0,100.0,87.5,-18.0,18.0
3-5 дней,2026-08-15T04:24:15Z,2026-08-19T09:00:00Z,100.6,76.0,87.5,87.5,-11.5,11.5
3-5 дней,2026-08-15T04:24:15Z,2026-08-19T12:00:00Z,103.6,72.0,87.5,100.0,-15.5,15.5
3-5 дней,2026-08-15T04:24:15Z,2026-08-19T15:00:00Z,106.6,85.0,100.0,75.0,-15.0,15.0
3-5 дней,2026-08-15T04:24:15Z,2026-08-19T18:00:00Z,109.6,97.0,100.0,25.0,-3.0,3.0
3-5 дней,2026-08-15T04:24:15Z,2026-08-19T21:00:00Z,112.6,91.0,100.0,12.5,-9.0,9.0
3-5 дней,2026-08-15T04:24:15Z,2026-08-20T00:00:00Z,115.6,83.0,100.0,87.5,-17.0,17.0
3-5 дней,2026-08-15T04:24:15Z,2026-08-20T03:00:00Z,118.6,94.0,75.0,100.0,19.0,19.0
3-5 дней,2026-08-15T10:09:15Z,2026-08-18T12:00:00Z,73.8,57.0,100.0,75.0,-43.0,43.0
3-5 дней,2026-08-15T10:09:15Z,2026-08-18T15:00:00Z,76.8,44.0,75.0,75.0,-31.0,31.0
3-5 дней,2026-08-15T10:09:15Z,2026-08-18T18:00:00Z,79.8,28.0,25.0,87.5,3.0,3.0
3-5 дней,2026-08-15T10:09:15Z,2026-08-18T21:00:00Z,82.8,24.0,12.5,87.5,11.5,11.5
3-5 дней,2026-08-15T10:09:15Z,2026-08-19T00:00:00Z,85.8,29.0,87.5,100.0,-58.5,58.5
3-5 дней,2026-08-15T10:09:15Z,2026-08-19T03:00:00Z,88.8,49.0,100.0,37.5,-51.0,51.0
3-5 дней,2026-08-15T10:09:15Z,2026-08-19T06:00:00Z,91.8,71.0,100.0,87.5,-29.0,29.0
3-5 дней,2026-08-15T10:09:15Z,2026-08-19T09:00:00Z,94.8,83.0,87.5,87.5,-4.5,4.5
3-5 дней,2026-08-15T10:09:15Z,2026-08-19T12:00:00Z,97.8,86.0,87.5,100.0,-1.5,1.5
3-5 дней,2026-08-15T10:09:15Z,2026-08-19T15:00:00Z,100.8,73.0,100.0,75.0,-27.0,27.0
3-5 дней,2026-08-15T10:09:15Z,2026-08-19T18:00:00Z,103.8,62.0,100.0,25.0,-38.0,38.0
3-5 дней,2026-08-15T10:09:15Z,2026-08-19T21:00:00Z,106.8,79.0,100.0,12.5,-21.0,21.0
3-5 дней,2026-08-15T10:09:15Z,2026-08-20T00:00:00Z,109.8,99.0,100.0,87.5,-1.0,1.0
3-5 дней,2026-08-15T10:09:15Z,2026-08-20T03:00:00Z,112.8,100.0,75.0,100.0,25.0,25.0
3-5 дней,2026-08-15T10:09:15Z,2026-08-20T06:00:00Z,115.8,95.0,100.0,100.0,-5.0,5.0
3-5 дней,2026-08-15T10:09:15Z,2026-08-20T09:00:00Z,118.8,89.0,100.0,87.5,-11.0,11.0
3-5 дней,2026-08-15T22:29:33Z,2026-08-19T00:00:00Z,73.5,71.0,87.5,100.0,-16.5,16.5
3-5 дней,2026-08-15T22:29:33Z,2026-08-19T03:00:00Z,76.5,87.0,100.0,37.5,-13.0,13.0
3-5 дней,2026-08-15T22:29:33Z,2026-08-19T06:00:00Z,79.5,99.0,100.0,87.5,-1.0,1.0
3-5 дней,2026-08-15T22:29:33Z,2026-08-19T09:00:00Z,82.5,96.0,87.5,87.5,8.5,8.5
3-5 дней,2026-08-15T22:29:33Z,2026-08-19T12:00:00Z,85.5,91.0,87.5,100.0,3.5,3.5
3-5 дней,2026-08-15T22:29:33Z,2026-08-19T15:00:00Z,88.5,97.0,100.0,75.0,-3.0,3.0
3-5 дней,2026-08-15T22:29:33Z,2026-08-19T18:00:00Z,91.5,100.0,100.0,25.0,0.0,0.0
3-5 дней,2026-08-15T22:29:33Z,2026-08-19T21:00:00Z,94.5,80.0,100.0,12.5,-20.0,20.0
3-5 дней,2026-08-15T22:29:33Z,2026-08-20T00:00:00Z,97.5,64.0,100.0,87.5,-36.0,36.0
3-5 дней,2026-08-15T22:29:33Z,2026-08-20T03:00:00Z,100.5,81.0,75.0,100.0,6.0,6.0
3-5 дней,2026-08-15T22:29:33Z,2026-08-20T06:00:00Z,103.5,100.0,100.0,100.0,0.0,0.0
3-5 дней,2026-08-15T22:29:33Z,2026-08-20T09:00:00Z,106.5,90.0,100.0,87.5,-10.0,10.0
3-5 дней,2026-08-15T22:29:33Z,2026-08-20T12:00:00Z,109.5,76.0,87.5,87.5,-11.5,11.5
3-5 дней,2026-08-15T22:29:33Z,2026-08-20T15:00:00Z,112.5,78.0,87.5,100.0,-9.5,9.5
3-5 дней,2026-08-15T22:29:33Z,2026-08-20T18:00:00Z,115.5,84.0,100.0,100.0,-16.0,16.0
3-5 дней,2026-08-15T22:29:33Z,2026-08-20T21:00:00Z,118.5,93.0,100.0,100.0,-7.0,7.0
3-5 дней,2026-08-16T04:29:41Z,2026-08-19T06:00:00Z,73.5,52.0,100.0,87.5,-48.0,48.0
3-5 дней,2026-08-16T04:29:41Z,2026-08-19T09:00:00Z,76.5,73.0,87.5,87.5,-14.5,14.5
3-5 дней,2026-08-16T04:29:41Z,2026-08-19T12:00:00Z,79.5,93.0,87.5,100.0,5.5,5.5
3-5 дней,2026-08-16T04:29:41Z,2026-08-19T15:00:00Z,82.5,96.0,100.0,75.0,-4.0,4.0
3-5 дней,2026-08-16T04:29:41Z,2026-08-19T18:00:00Z,85.5,93.0,100.0,25.0,-7.0,7.0
3-5 дней,2026-08-16T04:29:41Z,2026-08-19T21:00:00Z,88.5,97.0,100.0,12.5,-3.0,3.0
3-5 дней,2026-08-16T04:29:41Z,2026-08-20T00:00:00Z,91.5,90.0,100.0,87.5,-10.0,10.0
3-5 дней,2026-08-16T04:29:41Z,2026-08-20T03:00:00Z,94.5,44.0,75.0,100.0,-31.0,31.0
3-5 дней,2026-08-16T04:29:41Z,2026-08-20T06:00:00Z,97.5,3.0,100.0,100.0,-97.0,97.0
3-5 дней,2026-08-16T04:29:41Z,2026-08-20T09:00:00Z,100.5,15.0,100.0,87.5,-85.0,85.0
3-5 дней,2026-08-16T04:29:41Z,2026-08-20T12:00:00Z,103.5,42.0,87.5,87.5,-45.5,45.5
3-5 дней,2026-08-16T04:29:41Z,2026-08-20T15:00:00Z,106.5,60.0,87.5,100.0,-27.5,27.5
3-5 дней,2026-08-16T04:29:41Z,2026-08-20T18:00:00Z,109.5,75.0,100.0,100.0,-25.0,25.0
3-5 дней,2026-08-16T04:29:41Z,2026-08-20T21:00:00Z,112.5,83.0,100.0,100.0,-17.0,17.0
3-5 дней,2026-08-16T04:29:41Z,2026-08-21T00:00:00Z,115.5,87.0,87.5,100.0,-0.5,0.5
3-5 дней,2026-08-16T04:29:41Z,2026-08-21T03:00:00Z,118.5,91.0,87.5,75.0,3.5,3.5
3-5 дней,2026-08-16T07:21:44Z,2026-08-19T09:00:00Z,73.6,73.0,87.5,87.5,-14.5,14.5
3-5 дней,2026-08-16T07:21:44Z,2026-08-19T12:00:00Z,76.6,93.0,87.5,100.0,5.5,5.5
3-5 дней,2026-08-16T07:21:44Z,2026-08-19T15:00:00Z,79.6,96.0,100.0,75.0,-4.0,4.0
3-5 дней,2026-08-16T07:21:44Z,2026-08-19T18:00:00Z,82.6,93.0,100.0,25.0,-7.0,7.0
3-5 дней,2026-08-16T07:21:44Z,2026-08-19T21:00:00Z,85.6,97.0,100.0,12.5,-3.0,3.0
3-5 дней,2026-08-16T07:21:44Z,2026-08-20T00:00:00Z,88.6,90.0,100.0,87.5,-10.0,10.0
3-5 дней,2026-08-16T07:21:44Z,2026-08-20T03:00:00Z,91.6,44.0,75.0,100.0,-31.0,31.0
3-5 дней,2026-08-16T07:21:44Z,2026-08-20T06:00:00Z,94.6,3.0,100.0,100.0,-97.0,97.0
3-5 дней,2026-08-16T07:21:44Z,2026-08-20T09:00:00Z,97.6,15.0,100.0,87.5,-85.0,85.0
3-5 дней,2026-08-16T07:21:44Z,2026-08-20T12:00:00Z,100.6,42.0,87.5,87.5,-45.5,45.5
3-5 дней,2026-08-16T07:21:44Z,2026-08-20T15:00:00Z,103.6,60.0,87.5,100.0,-27.5,27.5
3-5 дней,2026-08-16T07:21:44Z,2026-08-20T18:00:00Z,106.6,75.0,100.0,100.0,-25.0,25.0
3-5 дней,2026-08-16T07:21:44Z,2026-08-20T21:00:00Z,109.6,83.0,100.0,100.0,-17.0,17.0
3-5 дней,2026-08-16T07:21:44Z,2026-08-21T00:00:00Z,112.6,87.0,87.5,100.0,-0.5,0.5
3-5 дней,2026-08-16T07:21:44Z,2026-08-21T03:00:00Z,115.6,91.0,87.5,75.0,3.5,3.5
3-5 дней,2026-08-16T07:21:44Z,2026-08-21T06:00:00Z,118.6,87.0,62.5,100.0,24.5,24.5
3-5 дней,2026-08-16T10:09:47Z,2026-08-19T12:00:00Z,73.8,89.0,87.5,100.0,1.5,1.5
3-5 дней,2026-08-16T10:09:47Z,2026-08-19T15:00:00Z,76.8,95.0,100.0,75.0,-5.0,5.0
3-5 дней,2026-08-16T10:09:47Z,2026-08-19T18:00:00Z,79.8,100.0,100.0,25.0,0.0,0.0
3-5 дней,2026-08-16T10:09:47Z,2026-08-19T21:00:00Z,82.8,100.0,100.0,12.5,0.0,0.0
3-5 дней,2026-08-16T10:09:47Z,2026-08-20T00:00:00Z,85.8,100.0,100.0,87.5,0.0,0.0
3-5 дней,2026-08-16T10:09:47Z,2026-08-20T03:00:00Z,88.8,82.0,75.0,100.0,7.0,7.0
3-5 дней,2026-08-16T10:09:47Z,2026-08-20T06:00:00Z,91.8,61.0,100.0,100.0,-39.0,39.0
3-5 дней,2026-08-16T10:09:47Z,2026-08-20T09:00:00Z,94.8,41.0,100.0,87.5,-59.0,59.0
3-5 дней,2026-08-16T10:09:47Z,2026-08-20T12:00:00Z,97.8,30.0,87.5,87.5,-57.5,57.5
3-5 дней,2026-08-16T10:09:47Z,2026-08-20T15:00:00Z,100.8,48.0,87.5,100.0,-39.5,39.5
3-5 дней,2026-08-16T10:09:47Z,2026-08-20T18:00:00Z,103.8,71.0,100.0,100.0,-29.0,29.0
3-5 дней,2026-08-16T10:09:47Z,2026-08-20T21:00:00Z,106.8,81.0,100.0,100.0,-19.0,19.0
3-5 дней,2026-08-16T10:09:47Z,2026-08-21T00:00:00Z,109.8,86.0,87.5,100.0,-1.5,1.5
3-5 дней,2026-08-16T10:09:47Z,2026-08-21T03:00:00Z,112.8,85.0,87.5,75.0,-2.5,2.5
3-5 дней,2026-08-16T10:09:47Z,2026-08-21T06:00:00Z,115.8,81.0,62.5,100.0,18.5,18.5
3-5 дней,2026-08-16T10:09:47Z,2026-08-21T09:00:00Z,118.8,77.0,75.0,100.0,2.0,2.0
3-5 дней,2026-08-16T16:21:00Z,2026-08-19T18:00:00Z,73.7,100.0,100.0,25.0,0.0,0.0
3-5 дней,2026-08-16T16:21:00Z,2026-08-19T21:00:00Z,76.7,100.0,100.0,12.5,0.0,0.0
3-5 дней,2026-08-16T16:21:00Z,2026-08-20T00:00:00Z,79.7,100.0,100.0,87.5,0.0,0.0
3-5 дней,2026-08-16T16:21:00Z,2026-08-20T03:00:00Z,82.7,82.0,75.0,100.0,7.0,7.0
3-5 дней,2026-08-16T16:21:00Z,2026-08-20T06:00:00Z,85.7,61.0,100.0,100.0,-39.0,39.0
3-5 дней,2026-08-16T16:21:00Z,2026-08-20T09:00:00Z,88.7,41.0,100.0,87.5,-59.0,59.0
3-5 дней,2026-08-16T16:21:00Z,2026-08-20T12:00:00Z,91.7,30.0,87.5,87.5,-57.5,57.5
3-5 дней,2026-08-16T16:21:00Z,2026-08-20T15:00:00Z,94.7,48.0,87.5,100.0,-39.5,39.5
3-5 дней,2026-08-16T16:21:00Z,2026-08-20T18:00:00Z,97.7,71.0,100.0,100.0,-29.0,29.0
3-5 дней,2026-08-16T16:21:00Z,2026-08-20T21:00:00Z,100.7,81.0,100.0,100.0,-19.0,19.0
3-5 дней,2026-08-16T16:21:00Z,2026-08-21T00:00:00Z,103.7,86.0,87.5,100.0,-1.5,1.5
3-5 дней,2026-08-16T16:21:00Z,2026-08-21T03:00:00Z,106.7,85.0,87.5,75.0,-2.5,2.5
3-5 дней,2026-08-16T16:21:00Z,2026-08-21T06:00:00Z,109.7,81.0,62.5,100.0,18.5,18.5
3-5 дней,2026-08-16T16:21:00Z,2026-08-21T09:00:00Z,112.7,77.0,75.0,100.0,2.0,2.0
3-5 дней,2026-08-16T16:21:00Z,2026-08-21T12:00:00Z,115.7,75.0,87.5,87.5,-12.5,12.5
3-5 дней,2026-08-16T16:21:00Z,2026-08-21T15:00:00Z,118.7,81.0,87.5,87.5,-6.5,6.5
3-5 дней,2026-08-16T22:29:34Z,2026-08-20T00:00:00Z,73.5,72.0,100.0,87.5,-28.0,28.0
3-5 дней,2026-08-16T22:29:34Z,2026-08-20T03:00:00Z,76.5,88.0,75.0,100.0,13.0,13.0
3-5 дней,2026-08-16T22:29:34Z,2026-08-20T06:00:00Z,79.5,98.0,100.0,100.0,-2.0,2.0
3-5 дней,2026-08-16T22:29:34Z,2026-08-20T09:00:00Z,82.5,72.0,100.0,87.5,-28.0,28.0
3-5 дней,2026-08-16T22:29:34Z,2026-08-20T12:00:00Z,85.5,46.0,87.5,87.5,-41.5,41.5
3-5 дней,2026-08-16T22:29:34Z,2026-08-20T15:00:00Z,88.5,55.0,87.5,100.0,-32.5,32.5
3-5 дней,2026-08-16T22:29:34Z,2026-08-20T18:00:00Z,91.5,73.0,100.0,100.0,-27.0,27.0
3-5 дней,2026-08-16T22:29:34Z,2026-08-20T21:00:00Z,94.5,88.0,100.0,100.0,-12.0,12.0
3-5 дней,2026-08-16T22:29:34Z,2026-08-21T00:00:00Z,97.5,93.0,87.5,100.0,5.5,5.5
3-5 дней,2026-08-16T22:29:34Z,2026-08-21T03:00:00Z,100.5,68.0,87.5,75.0,-19.5,19.5
3-5 дней,2026-08-16T22:29:34Z,2026-08-21T06:00:00Z,103.5,44.0,62.5,100.0,-18.5,18.5
3-5 дней,2026-08-16T22:29:34Z,2026-08-21T09:00:00Z,106.5,58.0,75.0,100.0,-17.0,17.0
3-5 дней,2026-08-16T22:29:34Z,2026-08-21T12:00:00Z,109.5,70.0,87.5,87.5,-17.5,17.5
3-5 дней,2026-08-16T22:29:34Z,2026-08-21T15:00:00Z,112.5,39.0,87.5,87.5,-48.5,48.5
3-5 дней,2026-08-16T22:29:34Z,2026-08-21T18:00:00Z,115.5,9.0,100.0,100.0,-91.0,91.0
3-5 дней,2026-08-16T22:29:34Z,2026-08-21T21:00:00Z,118.5,22.0,100.0,100.0,-78.0,78.0
3-5 дней,2026-08-17T04:35:30Z,2026-08-20T06:00:00Z,73.4,99.0,100.0,100.0,-1.0,1.0
3-5 дней,2026-08-17T04:35:30Z,2026-08-20T09:00:00Z,76.4,89.0,100.0,87.5,-11.0,11.0
3-5 дней,2026-08-17T04:35:30Z,2026-08-20T12:00:00Z,79.4,78.0,87.5,87.5,-9.5,9.5
3-5 дней,2026-08-17T04:35:30Z,2026-08-20T15:00:00Z,82.4,85.0,87.5,100.0,-2.5,2.5
3-5 дней,2026-08-17T04:35:30Z,2026-08-20T18:00:00Z,85.4,89.0,100.0,100.0,-11.0,11.0
3-5 дней,2026-08-17T04:35:30Z,2026-08-20T21:00:00Z,88.4,69.0,100.0,100.0,-31.0,31.0
3-5 дней,2026-08-17T04:35:30Z,2026-08-21T00:00:00Z,91.4,47.0,87.5,100.0,-40.5,40.5
3-5 дней,2026-08-17T04:35:30Z,2026-08-21T03:00:00Z,94.4,41.0,87.5,75.0,-46.5,46.5
3-5 дней,2026-08-17T04:35:30Z,2026-08-21T06:00:00Z,97.4,46.0,62.5,100.0,-16.5,16.5
3-5 дней,2026-08-17T04:35:30Z,2026-08-21T09:00:00Z,100.4,68.0,75.0,100.0,-7.0,7.0
3-5 дней,2026-08-17T04:35:30Z,2026-08-21T12:00:00Z,103.4,87.0,87.5,87.5,-0.5,0.5
3-5 дней,2026-08-17T04:35:30Z,2026-08-21T15:00:00Z,106.4,81.0,87.5,87.5,-6.5,6.5
3-5 дней,2026-08-17T04:35:30Z,2026-08-21T18:00:00Z,109.4,62.0,100.0,100.0,-38.0,38.0
3-5 дней,2026-08-17T04:35:30Z,2026-08-21T21:00:00Z,112.4,23.0,100.0,100.0,-77.0,77.0
3-5 дней,2026-08-17T04:35:30Z,2026-08-22T00:00:00Z,115.4,0.0,100.0,87.5,-100.0,100.0
3-5 дней,2026-08-17T04:35:30Z,2026-08-22T03:00:00Z,118.4,52.0,100.0,87.5,-48.0,48.0
3-5 дней,2026-08-17T10:18:11Z,2026-08-20T12:00:00Z,73.7,78.0,87.5,87.5,-9.5,9.5
3-5 дней,2026-08-17T10:18:11Z,2026-08-20T15:00:00Z,76.7,85.0,87.5,100.0,-2.5,2.5
3-5 дней,2026-08-17T10:18:11Z,2026-08-20T18:00:00Z,79.7,89.0,100.0,100.0,-11.0,11.0
3-5 дней,2026-08-17T10:18:11Z,2026-08-20T21:00:00Z,82.7,69.0,100.0,100.0,-31.0,31.0
3-5 дней,2026-08-17T10:18:11Z,2026-08-21T00:00:00Z,85.7,47.0,87.5,100.0,-40.5,40.5
3-5 дней,2026-08-17T10:18:11Z,2026-08-21T03:00:00Z,88.7,41.0,87.5,75.0,-46.5,46.5
3-5 дней,2026-08-17T10:18:11Z,2026-08-21T06:00:00Z,91.7,46.0,62.5,100.0,-16.5,16.5
3-5 дней,2026-08-17T10:18:11Z,2026-08-21T09:00:00Z,94.7,68.0,75.0,100.0,-7.0,7.0
3-5 дней,2026-08-17T10:18:11Z,2026-08-21T12:00:00Z,97.7,87.0,87.5,87.5,-0.5,0.5
3-5 дней,2026-08-17T10:18:11Z,2026-08-21T15:00:00Z,100.7,81.0,87.5,87.5,-6.5,6.5
3-5 дней,2026-08-17T10:18:11Z,2026-08-21T18:00:00Z,103.7,62.0,100.0,100.0,-38.0,38.0
3-5 дней,2026-08-17T10:18:11Z,2026-08-21T21:00:00Z,106.7,23.0,100.0,100.0,-77.0,77.0
3-5 дней,2026-08-17T10:18:11Z,2026-08-22T00:00:00Z,109.7,0.0,100.0,87.5,-100.0,100.0
3-5 дней,2026-08-17T10:18:11Z,2026-08-22T03:00:00Z,112.7,52.0,100.0,87.5,-48.0,48.0
3-5 дней,2026-08-17T10:18:11Z,2026-08-22T06:00:00Z,115.7,100.0,100.0,62.5,0.0,0.0
3-5 дней,2026-08-17T10:18:11Z,2026-08-22T09:00:00Z,118.7,58.0,87.5,75.0,-29.5,29.5
3-5 дней,2026-08-17T16:23:45Z,2026-08-20T18:00:00Z,73.6,89.0,100.0,100.0,-11.0,11.0
3-5 дней,2026-08-17T16:23:45Z,2026-08-20T21:00:00Z,76.6,69.0,100.0,100.0,-31.0,31.0
3-5 дней,2026-08-17T16:23:45Z,2026-08-21T00:00:00Z,79.6,47.0,87.5,100.0,-40.5,40.5
3-5 дней,2026-08-17T16:23:45Z,2026-08-21T03:00:00Z,82.6,41.0,87.5,75.0,-46.5,46.5
3-5 дней,2026-08-17T16:23:45Z,2026-08-21T06:00:00Z,85.6,46.0,62.5,100.0,-16.5,16.5
3-5 дней,2026-08-17T16:23:45Z,2026-08-21T09:00:00Z,88.6,68.0,75.0,100.0,-7.0,7.0
3-5 дней,2026-08-17T16:23:45Z,2026-08-21T12:00:00Z,91.6,87.0,87.5,87.5,-0.5,0.5
3-5 дней,2026-08-17T16:23:45Z,2026-08-21T15:00:00Z,94.6,81.0,87.5,87.5,-6.5,6.5
3-5 дней,2026-08-17T16:23:45Z,2026-08-21T18:00:00Z,97.6,62.0,100.0,100.0,-38.0,38.0
3-5 дней,2026-08-17T16:23:45Z,2026-08-21T21:00:00Z,100.6,23.0,100.0,100.0,-77.0,77.0
3-5 дней,2026-08-17T16:23:45Z,2026-08-22T00:00:00Z,103.6,0.0,100.0,87.5,-100.0,100.0
3-5 дней,2026-08-17T16:23:45Z,2026-08-22T03:00:00Z,106.6,52.0,100.0,87.5,-48.0,48.0
3-5 дней,2026-08-17T16:23:45Z,2026-08-22T06:00:00Z,109.6,100.0,100.0,62.5,0.0,0.0
3-5 дней,2026-08-17T16:23:45Z,2026-08-22T09:00:00Z,112.6,58.0,87.5,75.0,-29.5,29.5
3-5 дней,2026-08-17T16:23:45Z,2026-08-22T12:00:00Z,115.6,7.0,75.0,87.5,-68.0,68.0
3-5 дней,2026-08-17T16:23:45Z,2026-08-22T15:00:00Z,118.6,11.0,87.5,87.5,-76.5,76.5
3-5 дней,2026-08-17T22:31:28Z,2026-08-21T00:00:00Z,73.5,47.0,87.5,100.0,-40.5,40.5
3-5 дней,2026-08-17T22:31:28Z,2026-08-21T03:00:00Z,76.5,41.0,87.5,75.0,-46.5,46.5
3-5 дней,2026-08-17T22:31:28Z,2026-08-21T06:00:00Z,79.5,46.0,62.5,100.0,-16.5,16.5
3-5 дней,2026-08-17T22:31:28Z,2026-08-21T09:00:00Z,82.5,68.0,75.0,100.0,-7.0,7.0
3-5 дней,2026-08-17T22:31:28Z,2026-08-21T12:00:00Z,85.5,87.0,87.5,87.5,-0.5,0.5
3-5 дней,2026-08-17T22:31:28Z,2026-08-21T15:00:00Z,88.5,81.0,87.5,87.5,-6.5,6.5
3-5 дней,2026-08-17T22:31:28Z,2026-08-21T18:00:00Z,91.5,62.0,100.0,100.0,-38.0,38.0
3-5 дней,2026-08-17T22:31:28Z,2026-08-21T21:00:00Z,94.5,23.0,100.0,100.0,-77.0,77.0
3-5 дней,2026-08-17T22:31:28Z,2026-08-22T00:00:00Z,97.5,0.0,100.0,87.5,-100.0,100.0
3-5 дней,2026-08-17T22:31:28Z,2026-08-22T03:00:00Z,100.5,52.0,100.0,87.5,-48.0,48.0
3-5 дней,2026-08-17T22:31:28Z,2026-08-22T06:00:00Z,103.5,100.0,100.0,62.5,0.0,0.0
3-5 дней,2026-08-17T22:31:28Z,2026-08-22T09:00:00Z,106.5,58.0,87.5,75.0,-29.5,29.5
3-5 дней,2026-08-17T22:31:28Z,2026-08-22T12:00:00Z,109.5,7.0,75.0,87.5,-68.0,68.0
3-5 дней,2026-08-17T22:31:28Z,2026-08-22T15:00:00Z,112.5,11.0,87.5,87.5,-76.5,76.5
3-5 дней,2026-08-17T22:31:28Z,2026-08-22T18:00:00Z,115.5,31.0,87.5,100.0,-56.5,56.5
3-5 дней,2026-08-17T22:31:28Z,2026-08-22T21:00:00Z,118.5,51.0,87.5,100.0,-36.5,36.5
3-5 дней,2026-08-18T04:30:05Z,2026-08-21T06:00:00Z,73.5,65.0,62.5,100.0,2.5,2.5
3-5 дней,2026-08-18T04:30:05Z,2026-08-21T09:00:00Z,76.5,74.0,75.0,100.0,-1.0,1.0
3-5 дней,2026-08-18T04:30:05Z,2026-08-21T12:00:00Z,79.5,82.0,87.5,87.5,-5.5,5.5
3-5 дней,2026-08-18T04:30:05Z,2026-08-21T15:00:00Z,82.5,72.0,87.5,87.5,-15.5,15.5
3-5 дней,2026-08-18T04:30:05Z,2026-08-21T18:00:00Z,85.5,59.0,100.0,100.0,-41.0,41.0
3-5 дней,2026-08-18T04:30:05Z,2026-08-21T21:00:00Z,88.5,56.0,100.0,100.0,-44.0,44.0
3-5 дней,2026-08-18T04:30:05Z,2026-08-22T00:00:00Z,91.5,54.0,100.0,87.5,-46.0,46.0
3-5 дней,2026-08-18T04:30:05Z,2026-08-22T03:00:00Z,94.5,45.0,100.0,87.5,-55.0,55.0
3-5 дней,2026-08-18T04:30:05Z,2026-08-22T06:00:00Z,97.5,40.0,100.0,62.5,-60.0,60.0
3-5 дней,2026-08-18T04:30:05Z,2026-08-22T09:00:00Z,100.5,52.0,87.5,75.0,-35.5,35.5
3-5 дней,2026-08-18T04:30:05Z,2026-08-22T12:00:00Z,103.5,60.0,75.0,87.5,-15.0,15.0
3-5 дней,2026-08-18T04:30:05Z,2026-08-22T15:00:00Z,106.5,36.0,87.5,87.5,-51.5,51.5
3-5 дней,2026-08-18T04:30:05Z,2026-08-22T18:00:00Z,109.5,11.0,87.5,100.0,-76.5,76.5
3-5 дней,2026-08-18T04:30:05Z,2026-08-22T21:00:00Z,112.5,11.0,87.5,100.0,-76.5,76.5
3-5 дней,2026-08-18T04:30:05Z,2026-08-23T03:00:00Z,118.5,26.0,37.5,100.0,-11.5,11.5
3-5 дней,2026-08-18T10:14:55Z,2026-08-21T12:00:00Z,73.8,82.0,87.5,87.5,-5.5,5.5
3-5 дней,2026-08-18T10:14:55Z,2026-08-21T15:00:00Z,76.8,72.0,87.5,87.5,-15.5,15.5
3-5 дней,2026-08-18T10:14:55Z,2026-08-21T18:00:00Z,79.8,59.0,100.0,100.0,-41.0,41.0
3-5 дней,2026-08-18T10:14:55Z,2026-08-21T21:00:00Z,82.8,56.0,100.0,100.0,-44.0,44.0
3-5 дней,2026-08-18T10:14:55Z,2026-08-22T00:00:00Z,85.8,54.0,100.0,87.5,-46.0,46.0
3-5 дней,2026-08-18T10:14:55Z,2026-08-22T03:00:00Z,88.8,45.0,100.0,87.5,-55.0,55.0
3-5 дней,2026-08-18T10:14:55Z,2026-08-22T06:00:00Z,91.8,40.0,100.0,62.5,-60.0,60.0
3-5 дней,2026-08-18T10:14:55Z,2026-08-22T09:00:00Z,94.8,52.0,87.5,75.0,-35.5,35.5
3-5 дней,2026-08-18T10:14:55Z,2026-08-22T12:00:00Z,97.8,60.0,75.0,87.5,-15.0,15.0
3-5 дней,2026-08-18T10:14:55Z,2026-08-22T15:00:00Z,100.8,36.0,87.5,87.5,-51.5,51.5
3-5 дней,2026-08-18T10:14:55Z,2026-08-22T18:00:00Z,103.8,11.0,87.5,100.0,-76.5,76.5
3-5 дней,2026-08-18T10:14:55Z,2026-08-22T21:00:00Z,106.8,11.0,87.5,100.0,-76.5,76.5
3-5 дней,2026-08-18T10:14:55Z,2026-08-23T03:00:00Z,112.8,26.0,37.5,100.0,-11.5,11.5
3-5 дней,2026-08-18T10:14:55Z,2026-08-23T06:00:00Z,115.8,40.0,87.5,100.0,-47.5,47.5
3-5 дней,2026-08-18T10:14:55Z,2026-08-23T09:00:00Z,118.8,75.0,87.5,87.5,-12.5,12.5
3-5 дней,2026-08-18T16:27:50Z,2026-08-21T18:00:00Z,73.5,34.0,100.0,100.0,-66.0,66.0
3-5 дней,2026-08-18T16:27:50Z,2026-08-21T21:00:00Z,76.5,30.0,100.0,100.0,-70.0,70.0
3-5 дней,2026-08-18T16:27:50Z,2026-08-22T00:00:00Z,79.5,32.0,100.0,87.5,-68.0,68.0
3-5 дней,2026-08-18T16:27:50Z,2026-08-22T03:00:00Z,82.5,36.0,100.0,87.5,-64.0,64.0
3-5 дней,2026-08-18T16:27:50Z,2026-08-22T06:00:00Z,85.5,43.0,100.0,62.5,-57.0,57.0
3-5 дней,2026-08-18T16:27:50Z,2026-08-22T09:00:00Z,88.5,59.0,87.5,75.0,-28.5,28.5
3-5 дней,2026-08-18T16:27:50Z,2026-08-22T12:00:00Z,91.5,70.0,75.0,87.5,-5.0,5.0
3-5 дней,2026-08-18T16:27:50Z,2026-08-22T15:00:00Z,94.5,54.0,87.5,87.5,-33.5,33.5
3-5 дней,2026-08-18T16:27:50Z,2026-08-22T18:00:00Z,97.5,40.0,87.5,100.0,-47.5,47.5
3-5 дней,2026-08-18T16:27:50Z,2026-08-22T21:00:00Z,100.5,56.0,87.5,100.0,-31.5,31.5
3-5 дней,2026-08-18T16:27:50Z,2026-08-23T03:00:00Z,106.5,90.0,37.5,100.0,52.5,52.5
3-5 дней,2026-08-18T16:27:50Z,2026-08-23T06:00:00Z,109.5,97.0,87.5,100.0,9.5,9.5
3-5 дней,2026-08-18T16:27:50Z,2026-08-23T09:00:00Z,112.5,96.0,87.5,87.5,8.5,8.5
3-5 дней,2026-08-18T16:27:50Z,2026-08-23T12:00:00Z,115.5,89.0,100.0,75.0,-11.0,11.0
3-5 дней,2026-08-18T16:27:50Z,2026-08-23T15:00:00Z,118.5,71.0,100.0,87.5,-29.0,29.0
3-5 дней,2026-08-18T22:31:39Z,2026-08-22T00:00:00Z,73.5,43.0,100.0,87.5,-57.0,57.0
3-5 дней,2026-08-18T22:31:39Z,2026-08-22T03:00:00Z,76.5,25.0,100.0,87.5,-75.0,75.0
3-5 дней,2026-08-18T22:31:39Z,2026-08-22T06:00:00Z,79.5,19.0,100.0,62.5,-81.0,81.0
3-5 дней,2026-08-18T22:31:39Z,2026-08-22T09:00:00Z,82.5,54.0,87.5,75.0,-33.5,33.5
3-5 дней,2026-08-18T22:31:39Z,2026-08-22T12:00:00Z,85.5,88.0,75.0,87.5,13.0,13.0
3-5 дней,2026-08-18T22:31:39Z,2026-08-22T15:00:00Z,88.5,78.0,87.5,87.5,-9.5,9.5
3-5 дней,2026-08-18T22:31:39Z,2026-08-22T18:00:00Z,91.5,58.0,87.5,100.0,-29.5,29.5
3-5 дней,2026-08-18T22:31:39Z,2026-08-22T21:00:00Z,94.5,47.0,87.5,100.0,-40.5,40.5
3-5 дней,2026-08-18T22:31:39Z,2026-08-23T03:00:00Z,100.5,46.0,37.5,100.0,8.5,8.5
3-5 дней,2026-08-18T22:31:39Z,2026-08-23T06:00:00Z,103.5,57.0,87.5,100.0,-30.5,30.5
3-5 дней,2026-08-18T22:31:39Z,2026-08-23T09:00:00Z,106.5,71.0,87.5,87.5,-16.5,16.5
3-5 дней,2026-08-18T22:31:39Z,2026-08-23T12:00:00Z,109.5,82.0,100.0,75.0,-18.0,18.0
3-5 дней,2026-08-18T22:31:39Z,2026-08-23T15:00:00Z,112.5,80.0,100.0,87.5,-20.0,20.0
3-5 дней,2026-08-18T22:31:39Z,2026-08-23T18:00:00Z,115.5,74.0,100.0,87.5,-26.0,26.0
3-5 дней,2026-08-18T22:31:39Z,2026-08-23T21:00:00Z,118.5,72.0,100.0,87.5,-28.0,28.0
3-5 дней,2026-08-19T04:31:14Z,2026-08-22T06:00:00Z,73.5,63.0,100.0,62.5,-37.0,37.0
3-5 дней,2026-08-19T04:31:14Z,2026-08-22T09:00:00Z,76.5,42.0,87.5,75.0,-45.5,45.5
3-5 дней,2026-08-19T04:31:14Z,2026-08-22T12:00:00Z,79.5,22.0,75.0,87.5,-53.0,53.0
3-5 дней,2026-08-19T04:31:14Z,2026-08-22T15:00:00Z,82.5,40.0,87.5,87.5,-47.5,47.5
3-5 дней,2026-08-19T04:31:14Z,2026-08-22T18:00:00Z,85.5,65.0,87.5,100.0,-22.5,22.5
3-5 дней,2026-08-19T04:31:14Z,2026-08-22T21:00:00Z,88.5,79.0,87.5,100.0,-8.5,8.5
3-5 дней,2026-08-19T04:31:14Z,2026-08-23T03:00:00Z,94.5,72.0,37.5,100.0,34.5,34.5
3-5 дней,2026-08-19T04:31:14Z,2026-08-23T06:00:00Z,97.5,53.0,87.5,100.0,-34.5,34.5
3-5 дней,2026-08-19T04:31:14Z,2026-08-23T09:00:00Z,100.5,23.0,87.5,87.5,-64.5,64.5
3-5 дней,2026-08-19T04:31:14Z,2026-08-23T12:00:00Z,103.5,0.0,100.0,75.0,-100.0,100.0
3-5 дней,2026-08-19T04:31:14Z,2026-08-23T15:00:00Z,106.5,10.0,100.0,87.5,-90.0,90.0
3-5 дней,2026-08-19T04:31:14Z,2026-08-23T18:00:00Z,109.5,34.0,100.0,87.5,-66.0,66.0
3-5 дней,2026-08-19T04:31:14Z,2026-08-23T21:00:00Z,112.5,66.0,100.0,87.5,-34.0,34.0
3-5 дней,2026-08-19T04:31:14Z,2026-08-24T00:00:00Z,115.5,94.0,100.0,87.5,-6.0,6.0
3-5 дней,2026-08-19T04:31:14Z,2026-08-24T03:00:00Z,118.5,98.0,100.0,37.5,-2.0,2.0
3-5 дней,2026-08-19T10:14:48Z,2026-08-22T12:00:00Z,73.8,35.0,75.0,87.5,-40.0,40.0
3-5 дней,2026-08-19T10:14:48Z,2026-08-22T15:00:00Z,76.8,24.0,87.5,87.5,-63.5,63.5
3-5 дней,2026-08-19T10:14:48Z,2026-08-22T18:00:00Z,79.8,18.0,87.5,100.0,-69.5,69.5
3-5 дней,2026-08-19T10:14:48Z,2026-08-22T21:00:00Z,82.8,29.0,87.5,100.0,-58.5,58.5
3-5 дней,2026-08-19T10:14:48Z,2026-08-23T03:00:00Z,88.8,56.0,37.5,100.0,18.5,18.5
3-5 дней,2026-08-19T10:14:48Z,2026-08-23T06:00:00Z,91.8,62.0,87.5,100.0,-25.5,25.5
3-5 дней,2026-08-19T10:14:48Z,2026-08-23T09:00:00Z,94.8,51.0,87.5,87.5,-36.5,36.5
3-5 дней,2026-08-19T10:14:48Z,2026-08-23T12:00:00Z,97.8,37.0,100.0,75.0,-63.0,63.0
3-5 дней,2026-08-19T10:14:48Z,2026-08-23T15:00:00Z,100.8,25.0,100.0,87.5,-75.0,75.0
3-5 дней,2026-08-19T10:14:48Z,2026-08-23T18:00:00Z,103.8,25.0,100.0,87.5,-75.0,75.0
3-5 дней,2026-08-19T10:14:48Z,2026-08-23T21:00:00Z,106.8,62.0,100.0,87.5,-38.0,38.0
3-5 дней,2026-08-19T10:14:48Z,2026-08-24T00:00:00Z,109.8,100.0,100.0,87.5,0.0,0.0
3-5 дней,2026-08-19T10:14:48Z,2026-08-24T03:00:00Z,112.8,100.0,100.0,37.5,0.0,0.0
3-5 дней,2026-08-19T10:14:48Z,2026-08-24T06:00:00Z,115.8,100.0,100.0,87.5,0.0,0.0
3-5 дней,2026-08-19T10:14:48Z,2026-08-24T09:00:00Z,118.8,86.0,100.0,87.5,-14.0,14.0
3-5 дней,2026-08-19T16:28:17Z,2026-08-22T18:00:00Z,73.5,33.0,87.5,100.0,-54.5,54.5
3-5 дней,2026-08-19T16:28:17Z,2026-08-22T21:00:00Z,76.5,11.0,87.5,100.0,-76.5,76.5
3-5 дней,2026-08-19T16:28:17Z,2026-08-23T03:00:00Z,82.5,47.0,37.5,100.0,9.5,9.5
3-5 дней,2026-08-19T16:28:17Z,2026-08-23T06:00:00Z,85.5,88.0,87.5,100.0,0.5,0.5
3-5 дней,2026-08-19T16:28:17Z,2026-08-23T09:00:00Z,88.5,57.0,87.5,87.5,-30.5,30.5
3-5 дней,2026-08-19T16:28:17Z,2026-08-23T12:00:00Z,91.5,15.0,100.0,75.0,-85.0,85.0
3-5 дней,2026-08-19T16:28:17Z,2026-08-23T15:00:00Z,94.5,4.0,100.0,87.5,-96.0,96.0
3-5 дней,2026-08-19T16:28:17Z,2026-08-23T18:00:00Z,97.5,13.0,100.0,87.5,-87.0,87.0
3-5 дней,2026-08-19T16:28:17Z,2026-08-23T21:00:00Z,100.5,56.0,100.0,87.5,-44.0,44.0
3-5 дней,2026-08-19T16:28:17Z,2026-08-24T00:00:00Z,103.5,100.0,100.0,87.5,0.0,0.0
3-5 дней,2026-08-19T16:28:17Z,2026-08-24T03:00:00Z,106.5,100.0,100.0,37.5,0.0,0.0
3-5 дней,2026-08-19T16:28:17Z,2026-08-24T06:00:00Z,109.5,100.0,100.0,87.5,0.0,0.0
3-5 дней,2026-08-19T16:28:17Z,2026-08-24T09:00:00Z,112.5,88.0,100.0,87.5,-12.0,12.0
3-5 дней,2026-08-19T16:28:17Z,2026-08-24T12:00:00Z,115.5,79.0,100.0,100.0,-21.0,21.0
3-5 дней,2026-08-19T16:28:17Z,2026-08-24T15:00:00Z,118.5,91.0,100.0,100.0,-9.0,9.0
3-5 дней,2026-08-20T04:31:56Z,2026-08-23T06:00:00Z,73.5,100.0,87.5,100.0,12.5,12.5
3-5 дней,2026-08-20T04:31:56Z,2026-08-23T09:00:00Z,76.5,50.0,87.5,87.5,-37.5,37.5
3-5 дней,2026-08-20T04:31:56Z,2026-08-23T12:00:00Z,79.5,6.0,100.0,75.0,-94.0,94.0
3-5 дней,2026-08-20T04:31:56Z,2026-08-23T15:00:00Z,82.5,22.0,100.0,87.5,-78.0,78.0
3-5 дней,2026-08-20T04:31:56Z,2026-08-23T18:00:00Z,85.5,53.0,100.0,87.5,-47.0,47.0
3-5 дней,2026-08-20T04:31:56Z,2026-08-23T21:00:00Z,88.5,72.0,100.0,87.5,-28.0,28.0
3-5 дней,2026-08-20T04:31:56Z,2026-08-24T00:00:00Z,91.5,87.0,100.0,87.5,-13.0,13.0
3-5 дней,2026-08-20T04:31:56Z,2026-08-24T03:00:00Z,94.5,98.0,100.0,37.5,-2.0,2.0
3-5 дней,2026-08-20T04:31:56Z,2026-08-24T06:00:00Z,97.5,100.0,100.0,87.5,0.0,0.0
3-5 дней,2026-08-20T04:31:56Z,2026-08-24T09:00:00Z,100.5,81.0,100.0,87.5,-19.0,19.0
3-5 дней,2026-08-20T04:31:56Z,2026-08-24T12:00:00Z,103.5,63.0,100.0,100.0,-37.0,37.0
3-5 дней,2026-08-20T04:31:56Z,2026-08-24T15:00:00Z,106.5,70.0,100.0,100.0,-30.0,30.0
3-5 дней,2026-08-20T04:31:56Z,2026-08-24T18:00:00Z,109.5,83.0,100.0,100.0,-17.0,17.0
3-5 дней,2026-08-20T04:31:56Z,2026-08-24T21:00:00Z,112.5,90.0,100.0,100.0,-10.0,10.0
3-5 дней,2026-08-20T04:31:56Z,2026-08-25T00:00:00Z,115.5,93.0,100.0,100.0,-7.0,7.0
3-5 дней,2026-08-20T04:31:56Z,2026-08-25T03:00:00Z,118.5,92.0,100.0,100.0,-8.0,8.0
3-5 дней,2026-08-20T10:16:10Z,2026-08-23T12:00:00Z,73.7,93.0,100.0,75.0,-7.0,7.0
3-5 дней,2026-08-20T10:16:10Z,2026-08-23T15:00:00Z,76.7,95.0,100.0,87.5,-5.0,5.0
3-5 дней,2026-08-20T10:16:10Z,2026-08-23T18:00:00Z,79.7,98.0,100.0,87.5,-2.0,2.0
3-5 дней,2026-08-20T10:16:10Z,2026-08-23T21:00:00Z,82.7,100.0,100.0,87.5,0.0,0.0
3-5 дней,2026-08-20T10:16:10Z,2026-08-24T00:00:00Z,85.7,100.0,100.0,87.5,0.0,0.0
3-5 дней,2026-08-20T10:16:10Z,2026-08-24T03:00:00Z,88.7,96.0,100.0,37.5,-4.0,4.0
3-5 дней,2026-08-20T10:16:10Z,2026-08-24T06:00:00Z,91.7,91.0,100.0,87.5,-9.0,9.0
3-5 дней,2026-08-20T10:16:10Z,2026-08-24T09:00:00Z,94.7,87.0,100.0,87.5,-13.0,13.0
3-5 дней,2026-08-20T10:16:10Z,2026-08-24T12:00:00Z,97.7,86.0,100.0,100.0,-14.0,14.0
3-5 дней,2026-08-20T10:16:10Z,2026-08-24T15:00:00Z,100.7,90.0,100.0,100.0,-10.0,10.0
3-5 дней,2026-08-20T10:16:10Z,2026-08-24T18:00:00Z,103.7,94.0,100.0,100.0,-6.0,6.0
3-5 дней,2026-08-20T10:16:10Z,2026-08-24T21:00:00Z,106.7,97.0,100.0,100.0,-3.0,3.0
3-5 дней,2026-08-20T10:16:10Z,2026-08-25T00:00:00Z,109.7,97.0,100.0,100.0,-3.0,3.0
3-5 дней,2026-08-20T10:16:10Z,2026-08-25T03:00:00Z,112.7,93.0,100.0,100.0,-7.0,7.0
3-5 дней,2026-08-20T10:16:10Z,2026-08-25T06:00:00Z,115.7,89.0,100.0,100.0,-11.0,11.0
3-5 дней,2026-08-20T10:16:10Z,2026-08-25T09:00:00Z,118.7,90.0,100.0,100.0,-10.0,10.0
3-5 дней,2026-08-20T16:31:45Z,2026-08-23T18:00:00Z,73.5,96.0,100.0,87.5,-4.0,4.0
3-5 дней,2026-08-20T16:31:45Z,2026-08-23T21:00:00Z,76.5,99.0,100.0,87.5,-1.0,1.0
3-5 дней,2026-08-20T16:31:45Z,2026-08-24T00:00:00Z,79.5,95.0,100.0,87.5,-5.0,5.0
3-5 дней,2026-08-20T16:31:45Z,2026-08-24T03:00:00Z,82.5,97.0,100.0,37.5,-3.0,3.0
3-5 дней,2026-08-20T16:31:45Z,2026-08-24T06:00:00Z,85.5,99.0,100.0,87.5,-1.0,1.0
3-5 дней,2026-08-20T16:31:45Z,2026-08-24T09:00:00Z,88.5,100.0,100.0,87.5,0.0,0.0
3-5 дней,2026-08-20T16:31:45Z,2026-08-24T12:00:00Z,91.5,99.0,100.0,100.0,-1.0,1.0
3-5 дней,2026-08-20T16:31:45Z,2026-08-24T15:00:00Z,94.5,89.0,100.0,100.0,-11.0,11.0
3-5 дней,2026-08-20T16:31:45Z,2026-08-24T18:00:00Z,97.5,80.0,100.0,100.0,-20.0,20.0
3-5 дней,2026-08-20T16:31:45Z,2026-08-24T21:00:00Z,100.5,83.0,100.0,100.0,-17.0,17.0
3-5 дней,2026-08-20T16:31:45Z,2026-08-25T00:00:00Z,103.5,89.0,100.0,100.0,-11.0,11.0
3-5 дней,2026-08-20T16:31:45Z,2026-08-25T03:00:00Z,106.5,93.0,100.0,100.0,-7.0,7.0
3-5 дней,2026-08-20T16:31:45Z,2026-08-25T06:00:00Z,109.5,94.0,100.0,100.0,-6.0,6.0
3-5 дней,2026-08-20T16:31:45Z,2026-08-25T09:00:00Z,112.5,92.0,100.0,100.0,-8.0,8.0
3-5 дней,2026-08-20T16:31:45Z,2026-08-25T12:00:00Z,115.5,84.0,87.5,100.0,-3.5,3.5
3-5 дней,2026-08-20T16:31:45Z,2026-08-25T15:00:00Z,118.5,67.0,87.5,100.0,-20.5,20.5
3-5 дней,2026-08-20T22:34:58Z,2026-08-24T00:00:00Z,73.4,82.0,100.0,87.5,-18.0,18.0
3-5 дней,2026-08-20T22:34:58Z,2026-08-24T03:00:00Z,76.4,87.0,100.0,37.5,-13.0,13.0
3-5 дней,2026-08-20T22:34:58Z,2026-08-24T06:00:00Z,79.4,93.0,100.0,87.5,-7.0,7.0
3-5 дней,2026-08-20T22:34:58Z,2026-08-24T09:00:00Z,82.4,89.0,100.0,87.5,-11.0,11.0
3-5 дней,2026-08-20T22:34:58Z,2026-08-24T12:00:00Z,85.4,85.0,100.0,100.0,-15.0,15.0
3-5 дней,2026-08-20T22:34:58Z,2026-08-24T15:00:00Z,88.4,90.0,100.0,100.0,-10.0,10.0
3-5 дней,2026-08-20T22:34:58Z,2026-08-24T18:00:00Z,91.4,96.0,100.0,100.0,-4.0,4.0
3-5 дней,2026-08-20T22:34:58Z,2026-08-24T21:00:00Z,94.4,94.0,100.0,100.0,-6.0,6.0
3-5 дней,2026-08-20T22:34:58Z,2026-08-25T00:00:00Z,97.4,89.0,100.0,100.0,-11.0,11.0
3-5 дней,2026-08-20T22:34:58Z,2026-08-25T03:00:00Z,100.4,85.0,100.0,100.0,-15.0,15.0
3-5 дней,2026-08-20T22:34:58Z,2026-08-25T06:00:00Z,103.4,81.0,100.0,100.0,-19.0,19.0
3-5 дней,2026-08-20T22:34:58Z,2026-08-25T09:00:00Z,106.4,81.0,100.0,100.0,-19.0,19.0
3-5 дней,2026-08-20T22:34:58Z,2026-08-25T12:00:00Z,109.4,79.0,87.5,100.0,-8.5,8.5
3-5 дней,2026-08-20T22:34:58Z,2026-08-25T15:00:00Z,112.4,69.0,87.5,100.0,-18.5,18.5
3-5 дней,2026-08-20T22:34:58Z,2026-08-25T18:00:00Z,115.4,58.0,87.5,100.0,-29.5,29.5
3-5 дней,2026-08-20T22:34:58Z,2026-08-25T21:00:00Z,118.4,53.0,12.5,100.0,40.5,40.5
3-5 дней,2026-08-21T04:32:20Z,2026-08-24T06:00:00Z,73.5,95.0,100.0,87.5,-5.0,5.0
3-5 дней,2026-08-21T04:32:20Z,2026-08-24T09:00:00Z,76.5,93.0,100.0,87.5,-7.0,7.0
3-5 дней,2026-08-21T04:32:20Z,2026-08-24T12:00:00Z,79.5,89.0,100.0,100.0,-11.0,11.0
3-5 дней,2026-08-21T04:32:20Z,2026-08-24T15:00:00Z,82.5,77.0,100.0,100.0,-23.0,23.0
3-5 дней,2026-08-21T04:32:20Z,2026-08-24T18:00:00Z,85.5,70.0,100.0,100.0,-30.0,30.0
3-5 дней,2026-08-21T04:32:20Z,2026-08-24T21:00:00Z,88.5,84.0,100.0,100.0,-16.0,16.0
3-5 дней,2026-08-21T04:32:20Z,2026-08-25T00:00:00Z,91.5,100.0,100.0,100.0,0.0,0.0
3-5 дней,2026-08-21T04:32:20Z,2026-08-25T03:00:00Z,94.5,100.0,100.0,100.0,0.0,0.0
3-5 дней,2026-08-21T04:32:20Z,2026-08-25T06:00:00Z,97.5,95.0,100.0,100.0,-5.0,5.0
3-5 дней,2026-08-21T04:32:20Z,2026-08-25T09:00:00Z,100.5,85.0,100.0,100.0,-15.0,15.0
3-5 дней,2026-08-21T04:32:20Z,2026-08-25T12:00:00Z,103.5,75.0,87.5,100.0,-12.5,12.5
3-5 дней,2026-08-21T04:32:20Z,2026-08-25T15:00:00Z,106.5,71.0,87.5,100.0,-16.5,16.5
3-5 дней,2026-08-21T04:32:20Z,2026-08-25T18:00:00Z,109.5,69.0,87.5,100.0,-18.5,18.5
3-5 дней,2026-08-21T04:32:20Z,2026-08-25T21:00:00Z,112.5,69.0,12.5,100.0,56.5,56.5
3-5 дней,2026-08-21T04:32:20Z,2026-08-26T00:00:00Z,115.5,71.0,75.0,100.0,-4.0,4.0
3-5 дней,2026-08-21T04:32:20Z,2026-08-26T03:00:00Z,118.5,75.0,87.5,100.0,-12.5,12.5
3-5 дней,2026-08-21T10:16:50Z,2026-08-24T12:00:00Z,73.7,80.0,100.0,100.0,-20.0,20.0
3-5 дней,2026-08-21T10:16:50Z,2026-08-24T15:00:00Z,76.7,76.0,100.0,100.0,-24.0,24.0
3-5 дней,2026-08-21T10:16:50Z,2026-08-24T18:00:00Z,79.7,75.0,100.0,100.0,-25.0,25.0
3-5 дней,2026-08-21T10:16:50Z,2026-08-24T21:00:00Z,82.7,83.0,100.0,100.0,-17.0,17.0
3-5 дней,2026-08-21T10:16:50Z,2026-08-25T00:00:00Z,85.7,92.0,100.0,100.0,-8.0,8.0
3-5 дней,2026-08-21T10:16:50Z,2026-08-25T03:00:00Z,88.7,97.0,100.0,100.0,-3.0,3.0
3-5 дней,2026-08-21T10:16:50Z,2026-08-25T06:00:00Z,91.7,98.0,100.0,100.0,-2.0,2.0
3-5 дней,2026-08-21T10:16:50Z,2026-08-25T09:00:00Z,94.7,94.0,100.0,100.0,-6.0,6.0
3-5 дней,2026-08-21T10:16:50Z,2026-08-25T12:00:00Z,97.7,86.0,87.5,100.0,-1.5,1.5
3-5 дней,2026-08-21T10:16:50Z,2026-08-25T15:00:00Z,100.7,72.0,87.5,100.0,-15.5,15.5
3-5 дней,2026-08-21T10:16:50Z,2026-08-25T18:00:00Z,103.7,63.0,87.5,100.0,-24.5,24.5
3-5 дней,2026-08-21T10:16:50Z,2026-08-25T21:00:00Z,106.7,75.0,12.5,100.0,62.5,62.5
3-5 дней,2026-08-21T10:16:50Z,2026-08-26T00:00:00Z,109.7,91.0,75.0,100.0,16.0,16.0
3-5 дней,2026-08-21T10:16:50Z,2026-08-26T03:00:00Z,112.7,100.0,87.5,100.0,12.5,12.5
3-5 дней,2026-08-21T10:16:50Z,2026-08-26T06:00:00Z,115.7,100.0,87.5,100.0,12.5,12.5
3-5 дней,2026-08-21T10:16:50Z,2026-08-26T09:00:00Z,118.7,59.0,100.0,100.0,-41.0,41.0
3-5 дней,2026-08-21T16:30:34Z,2026-08-24T18:00:00Z,73.5,79.0,100.0,100.0,-21.0,21.0
3-5 дней,2026-08-21T16:30:34Z,2026-08-24T21:00:00Z,76.5,87.0,100.0,100.0,-13.0,13.0
3-5 дней,2026-08-21T16:30:34Z,2026-08-25T00:00:00Z,79.5,94.0,100.0,100.0,-6.0,6.0
3-5 дней,2026-08-21T16:30:34Z,2026-08-25T03:00:00Z,82.5,96.0,100.0,100.0,-4.0,4.0
3-5 дней,2026-08-21T16:30:34Z,2026-08-25T06:00:00Z,85.5,96.0,100.0,100.0,-4.0,4.0
3-5 дней,2026-08-21T16:30:34Z,2026-08-25T09:00:00Z,88.5,98.0,100.0,100.0,-2.0,2.0
3-5 дней,2026-08-21T16:30:34Z,2026-08-25T12:00:00Z,91.5,96.0,87.5,100.0,8.5,8.5
3-5 дней,2026-08-21T16:30:34Z,2026-08-25T15:00:00Z,94.5,82.0,87.5,100.0,-5.5,5.5
3-5 дней,2026-08-21T16:30:34Z,2026-08-25T18:00:00Z,97.5,71.0,87.5,100.0,-16.5,16.5
3-5 дней,2026-08-21T16:30:34Z,2026-08-25T21:00:00Z,100.5,84.0,12.5,100.0,71.5,71.5
3-5 дней,2026-08-21T16:30:34Z,2026-08-26T00:00:00Z,103.5,100.0,75.0,100.0,25.0,25.0
3-5 дней,2026-08-21T16:30:34Z,2026-08-26T03:00:00Z,106.5,100.0,87.5,100.0,12.5,12.5
3-5 дней,2026-08-21T16:30:34Z,2026-08-26T06:00:00Z,109.5,100.0,87.5,100.0,12.5,12.5
3-5 дней,2026-08-21T16:30:34Z,2026-08-26T09:00:00Z,112.5,97.0,100.0,100.0,-3.0,3.0
3-5 дней,2026-08-21T16:30:34Z,2026-08-26T12:00:00Z,115.5,86.0,100.0,87.5,-14.0,14.0
3-5 дней,2026-08-21T16:30:34Z,2026-08-26T15:00:00Z,118.5,55.0,25.0,87.5,30.0,30.0
3-5 дней,2026-08-21T22:32:12Z,2026-08-25T00:00:00Z,73.5,75.0,100.0,100.0,-25.0,25.0
3-5 дней,2026-08-21T22:32:12Z,2026-08-25T03:00:00Z,76.5,89.0,100.0,100.0,-11.0,11.0
3-5 дней,2026-08-21T22:32:12Z,2026-08-25T06:00:00Z,79.5,100.0,100.0,100.0,0.0,0.0
3-5 дней,2026-08-21T22:32:12Z,2026-08-25T09:00:00Z,82.5,100.0,100.0,100.0,0.0,0.0
3-5 дней,2026-08-21T22:32:12Z,2026-08-25T12:00:00Z,85.5,98.0,87.5,100.0,10.5,10.5
3-5 дней,2026-08-21T22:32:12Z,2026-08-25T15:00:00Z,88.5,96.0,87.5,100.0,8.5,8.5
3-5 дней,2026-08-21T22:32:12Z,2026-08-25T18:00:00Z,91.5,91.0,87.5,100.0,3.5,3.5
3-5 дней,2026-08-21T22:32:12Z,2026-08-25T21:00:00Z,94.5,81.0,12.5,100.0,68.5,68.5
3-5 дней,2026-08-21T22:32:12Z,2026-08-26T00:00:00Z,97.5,70.0,75.0,100.0,-5.0,5.0
3-5 дней,2026-08-21T22:32:12Z,2026-08-26T03:00:00Z,100.5,63.0,87.5,100.0,-24.5,24.5
3-5 дней,2026-08-21T22:32:12Z,2026-08-26T06:00:00Z,103.5,59.0,87.5,100.0,-28.5,28.5
3-5 дней,2026-08-21T22:32:12Z,2026-08-26T09:00:00Z,106.5,62.0,100.0,100.0,-38.0,38.0
3-5 дней,2026-08-21T22:32:12Z,2026-08-26T12:00:00Z,109.5,61.0,100.0,87.5,-39.0,39.0
3-5 дней,2026-08-21T22:32:12Z,2026-08-26T15:00:00Z,112.5,33.0,25.0,87.5,8.0,8.0
3-5 дней,2026-08-21T22:32:12Z,2026-08-26T18:00:00Z,115.5,11.0,12.5,87.5,-1.5,1.5
3-5 дней,2026-08-21T22:32:12Z,2026-08-26T21:00:00Z,118.5,41.0,12.5,12.5,28.5,28.5
3-5 дней,2026-08-22T04:26:43Z,2026-08-25T06:00:00Z,73.6,80.0,100.0,100.0,-20.0,20.0
3-5 дней,2026-08-22T04:26:43Z,2026-08-25T09:00:00Z,76.6,83.0,100.0,100.0,-17.0,17.0
3-5 дней,2026-08-22T04:26:43Z,2026-08-25T12:00:00Z,79.6,86.0,87.5,100.0,-1.5,1.5
3-5 дней,2026-08-22T04:26:43Z,2026-08-25T15:00:00Z,82.6,82.0,87.5,100.0,-5.5,5.5
3-5 дней,2026-08-22T04:26:43Z,2026-08-25T18:00:00Z,85.6,78.0,87.5,100.0,-9.5,9.5
3-5 дней,2026-08-22T04:26:43Z,2026-08-25T21:00:00Z,88.6,83.0,12.5,100.0,70.5,70.5
3-5 дней,2026-08-22T04:26:43Z,2026-08-26T00:00:00Z,91.6,87.0,75.0,100.0,12.0,12.0
3-5 дней,2026-08-22T04:26:43Z,2026-08-26T03:00:00Z,94.6,79.0,87.5,100.0,-8.5,8.5
3-5 дней,2026-08-22T04:26:43Z,2026-08-26T06:00:00Z,97.6,69.0,87.5,100.0,-18.5,18.5
3-5 дней,2026-08-22T04:26:43Z,2026-08-26T09:00:00Z,100.6,68.0,100.0,100.0,-32.0,32.0
3-5 дней,2026-08-22T04:26:43Z,2026-08-26T12:00:00Z,103.6,61.0,100.0,87.5,-39.0,39.0
3-5 дней,2026-08-22T04:26:43Z,2026-08-26T15:00:00Z,106.6,31.0,25.0,87.5,6.0,6.0
3-5 дней,2026-08-22T04:26:43Z,2026-08-26T18:00:00Z,109.6,1.0,12.5,87.5,-11.5,11.5
3-5 дней,2026-08-22T04:26:43Z,2026-08-26T21:00:00Z,112.6,0.0,12.5,12.5,-12.5,12.5
3-5 дней,2026-08-22T04:26:43Z,2026-08-27T00:00:00Z,115.6,0.0,0.0,75.0,0.0,0.0
3-5 дней,2026-08-22T04:26:43Z,2026-08-27T03:00:00Z,118.6,1.0,87.5,87.5,-86.5,86.5
3-5 дней,2026-08-22T10:09:41Z,2026-08-25T12:00:00Z,73.8,88.0,87.5,100.0,0.5,0.5
3-5 дней,2026-08-22T10:09:41Z,2026-08-25T15:00:00Z,76.8,85.0,87.5,100.0,-2.5,2.5
3-5 дней,2026-08-22T10:09:41Z,2026-08-25T18:00:00Z,79.8,81.0,87.5,100.0,-6.5,6.5
3-5 дней,2026-08-22T10:09:41Z,2026-08-25T21:00:00Z,82.8,73.0,12.5,100.0,60.5,60.5
3-5 дней,2026-08-22T10:09:41Z,2026-08-26T00:00:00Z,85.8,64.0,75.0,100.0,-11.0,11.0
3-5 дней,2026-08-22T10:09:41Z,2026-08-26T03:00:00Z,88.8,57.0,87.5,100.0,-30.5,30.5
3-5 дней,2026-08-22T10:09:41Z,2026-08-26T06:00:00Z,91.8,56.0,87.5,100.0,-31.5,31.5
3-5 дней,2026-08-22T10:09:41Z,2026-08-26T09:00:00Z,94.8,72.0,100.0,100.0,-28.0,28.0
3-5 дней,2026-08-22T10:09:41Z,2026-08-26T12:00:00Z,97.8,85.0,100.0,87.5,-15.0,15.0
3-5 дней,2026-08-22T10:09:41Z,2026-08-26T15:00:00Z,100.8,70.0,25.0,87.5,45.0,45.0
3-5 дней,2026-08-22T10:09:41Z,2026-08-26T18:00:00Z,103.8,50.0,12.5,87.5,37.5,37.5
3-5 дней,2026-08-22T10:09:41Z,2026-08-26T21:00:00Z,106.8,42.0,12.5,12.5,29.5,29.5
3-5 дней,2026-08-22T10:09:41Z,2026-08-27T00:00:00Z,109.8,35.0,0.0,75.0,35.0,35.0
3-5 дней,2026-08-22T10:09:41Z,2026-08-27T03:00:00Z,112.8,19.0,87.5,87.5,-68.5,68.5
3-5 дней,2026-08-22T10:09:41Z,2026-08-27T06:00:00Z,115.8,9.0,87.5,87.5,-78.5,78.5
3-5 дней,2026-08-22T10:09:41Z,2026-08-27T09:00:00Z,118.8,22.0,87.5,100.0,-65.5,65.5
3-5 дней,2026-08-22T16:20:08Z,2026-08-25T18:00:00Z,73.7,40.0,87.5,100.0,-47.5,47.5
3-5 дней,2026-08-22T16:20:08Z,2026-08-25T21:00:00Z,76.7,26.0,12.5,100.0,13.5,13.5
3-5 дней,2026-08-22T16:20:08Z,2026-08-26T00:00:00Z,79.7,23.0,75.0,100.0,-52.0,52.0
3-5 дней,2026-08-22T16:20:08Z,2026-08-26T03:00:00Z,82.7,38.0,87.5,100.0,-49.5,49.5
3-5 дней,2026-08-22T16:20:08Z,2026-08-26T06:00:00Z,85.7,60.0,87.5,100.0,-27.5,27.5
3-5 дней,2026-08-22T16:20:08Z,2026-08-26T09:00:00Z,88.7,83.0,100.0,100.0,-17.0,17.0
3-5 дней,2026-08-22T16:20:08Z,2026-08-26T12:00:00Z,91.7,94.0,100.0,87.5,-6.0,6.0
3-5 дней,2026-08-22T16:20:08Z,2026-08-26T15:00:00Z,94.7,71.0,25.0,87.5,46.0,46.0
3-5 дней,2026-08-22T16:20:08Z,2026-08-26T18:00:00Z,97.7,39.0,12.5,87.5,26.5,26.5
3-5 дней,2026-08-22T16:20:08Z,2026-08-26T21:00:00Z,100.7,17.0,12.5,12.5,4.5,4.5
3-5 дней,2026-08-22T16:20:08Z,2026-08-27T00:00:00Z,103.7,9.0,0.0,75.0,9.0,9.0
3-5 дней,2026-08-22T16:20:08Z,2026-08-27T03:00:00Z,106.7,37.0,87.5,87.5,-50.5,50.5
3-5 дней,2026-08-22T16:20:08Z,2026-08-27T06:00:00Z,109.7,67.0,87.5,87.5,-20.5,20.5
3-5 дней,2026-08-22T16:20:08Z,2026-08-27T09:00:00Z,112.7,66.0,87.5,100.0,-21.5,21.5
3-5 дней,2026-08-22T16:20:08Z,2026-08-27T12:00:00Z,115.7,55.0,75.0,100.0,-20.0,20.0
3-5 дней,2026-08-22T16:20:08Z,2026-08-27T15:00:00Z,118.7,41.0,37.5,25.0,3.5,3.5
3-5 дней,2026-08-22T22:29:28Z,2026-08-26T00:00:00Z,73.5,39.0,75.0,100.0,-36.0,36.0
3-5 дней,2026-08-22T22:29:28Z,2026-08-26T03:00:00Z,76.5,44.0,87.5,100.0,-43.5,43.5
3-5 дней,2026-08-22T22:29:28Z,2026-08-26T06:00:00Z,79.5,55.0,87.5,100.0,-32.5,32.5
3-5 дней,2026-08-22T22:29:28Z,2026-08-26T09:00:00Z,82.5,55.0,100.0,100.0,-45.0,45.0
3-5 дней,2026-08-22T22:29:28Z,2026-08-26T12:00:00Z,85.5,52.0,100.0,87.5,-48.0,48.0
3-5 дней,2026-08-22T22:29:28Z,2026-08-26T15:00:00Z,88.5,53.0,25.0,87.5,28.0,28.0
3-5 дней,2026-08-22T22:29:28Z,2026-08-26T18:00:00Z,91.5,49.0,12.5,87.5,36.5,36.5
3-5 дней,2026-08-22T22:29:28Z,2026-08-26T21:00:00Z,94.5,21.0,12.5,12.5,8.5,8.5
3-5 дней,2026-08-22T22:29:28Z,2026-08-27T00:00:00Z,97.5,1.0,0.0,75.0,1.0,1.0
3-5 дней,2026-08-22T22:29:28Z,2026-08-27T03:00:00Z,100.5,31.0,87.5,87.5,-56.5,56.5
3-5 дней,2026-08-22T22:29:28Z,2026-08-27T06:00:00Z,103.5,64.0,87.5,87.5,-23.5,23.5
3-5 дней,2026-08-22T22:29:28Z,2026-08-27T09:00:00Z,106.5,58.0,87.5,100.0,-29.5,29.5
3-5 дней,2026-08-22T22:29:28Z,2026-08-27T12:00:00Z,109.5,42.0,75.0,100.0,-33.0,33.0
3-5 дней,2026-08-22T22:29:28Z,2026-08-27T15:00:00Z,112.5,38.0,37.5,25.0,0.5,0.5
3-5 дней,2026-08-22T22:29:28Z,2026-08-27T18:00:00Z,115.5,33.0,87.5,12.5,-54.5,54.5
3-5 дней,2026-08-22T22:29:28Z,2026-08-27T21:00:00Z,118.5,18.0,25.0,12.5,-7.0,7.0
3-5 дней,2026-08-23T04:31:06Z,2026-08-26T06:00:00Z,73.5,100.0,87.5,100.0,12.5,12.5
3-5 дней,2026-08-23T04:31:06Z,2026-08-26T09:00:00Z,76.5,90.0,100.0,100.0,-10.0,10.0
3-5 дней,2026-08-23T04:31:06Z,2026-08-26T12:00:00Z,79.5,80.0,100.0,87.5,-20.0,20.0
3-5 дней,2026-08-23T04:31:06Z,2026-08-26T15:00:00Z,82.5,82.0,25.0,87.5,57.0,57.0
3-5 дней,2026-08-23T04:31:06Z,2026-08-26T18:00:00Z,85.5,77.0,12.5,87.5,64.5,64.5
3-5 дней,2026-08-23T04:31:06Z,2026-08-26T21:00:00Z,88.5,39.0,12.5,12.5,26.5,26.5
3-5 дней,2026-08-23T04:31:06Z,2026-08-27T00:00:00Z,91.5,2.0,0.0,75.0,2.0,2.0
3-5 дней,2026-08-23T04:31:06Z,2026-08-27T03:00:00Z,94.5,0.0,87.5,87.5,-87.5,87.5
3-5 дней,2026-08-23T04:31:06Z,2026-08-27T06:00:00Z,97.5,8.0,87.5,87.5,-79.5,79.5
3-5 дней,2026-08-23T04:31:06Z,2026-08-27T09:00:00Z,100.5,7.0,87.5,100.0,-80.5,80.5
3-5 дней,2026-08-23T04:31:06Z,2026-08-27T12:00:00Z,103.5,13.0,75.0,100.0,-62.0,62.0
3-5 дней,2026-08-23T04:31:06Z,2026-08-27T15:00:00Z,106.5,46.0,37.5,25.0,8.5,8.5
3-5 дней,2026-08-23T04:31:06Z,2026-08-27T18:00:00Z,109.5,76.0,87.5,12.5,-11.5,11.5
3-5 дней,2026-08-23T04:31:06Z,2026-08-27T21:00:00Z,112.5,71.0,25.0,12.5,46.0,46.0
3-5 дней,2026-08-23T04:31:06Z,2026-08-28T00:00:00Z,115.5,53.0,100.0,0.0,-47.0,47.0
3-5 дней,2026-08-23T04:31:06Z,2026-08-28T03:00:00Z,118.5,30.0,12.5,87.5,17.5,17.5
3-5 дней,2026-08-23T10:10:14Z,2026-08-26T12:00:00Z,73.8,38.0,100.0,87.5,-62.0,62.0
3-5 дней,2026-08-23T10:10:14Z,2026-08-26T15:00:00Z,76.8,59.0,25.0,87.5,34.0,34.0
3-5 дней,2026-08-23T10:10:14Z,2026-08-26T18:00:00Z,79.8,73.0,12.5,87.5,60.5,60.5
3-5 дней,2026-08-23T10:10:14Z,2026-08-26T21:00:00Z,82.8,37.0,12.5,12.5,24.5,24.5
3-5 дней,2026-08-23T10:10:14Z,2026-08-27T00:00:00Z,85.8,0.0,0.0,75.0,0.0,0.0
3-5 дней,2026-08-23T10:10:14Z,2026-08-27T03:00:00Z,88.8,13.0,87.5,87.5,-74.5,74.5
3-5 дней,2026-08-23T10:10:14Z,2026-08-27T06:00:00Z,91.8,32.0,87.5,87.5,-55.5,55.5
3-5 дней,2026-08-23T10:10:14Z,2026-08-27T09:00:00Z,94.8,22.0,87.5,100.0,-65.5,65.5
3-5 дней,2026-08-23T10:10:14Z,2026-08-27T12:00:00Z,97.8,11.0,75.0,100.0,-64.0,64.0
3-5 дней,2026-08-23T10:10:14Z,2026-08-27T15:00:00Z,100.8,26.0,37.5,25.0,-11.5,11.5
3-5 дней,2026-08-23T10:10:14Z,2026-08-27T18:00:00Z,103.8,43.0,87.5,12.5,-44.5,44.5
3-5 дней,2026-08-23T10:10:14Z,2026-08-27T21:00:00Z,106.8,46.0,25.0,12.5,21.0,21.0
3-5 дней,2026-08-23T10:10:14Z,2026-08-28T00:00:00Z,109.8,41.0,100.0,0.0,-59.0,59.0
3-5 дней,2026-08-23T10:10:14Z,2026-08-28T03:00:00Z,112.8,23.0,12.5,87.5,10.5,10.5
3-5 дней,2026-08-23T10:10:14Z,2026-08-28T06:00:00Z,115.8,10.0,87.5,87.5,-77.5,77.5
3-5 дней,2026-08-23T10:10:14Z,2026-08-28T09:00:00Z,118.8,28.0,75.0,87.5,-47.0,47.0
3-5 дней,2026-08-23T16:21:17Z,2026-08-26T18:00:00Z,73.6,49.0,12.5,87.5,36.5,36.5
3-5 дней,2026-08-23T16:21:17Z,2026-08-26T21:00:00Z,76.6,25.0,12.5,12.5,12.5,12.5
3-5 дней,2026-08-23T16:21:17Z,2026-08-27T00:00:00Z,79.6,4.0,0.0,75.0,4.0,4.0
3-5 дней,2026-08-23T16:21:17Z,2026-08-27T03:00:00Z,82.6,21.0,87.5,87.5,-66.5,66.5
3-5 дней,2026-08-23T16:21:17Z,2026-08-27T06:00:00Z,85.6,45.0,87.5,87.5,-42.5,42.5
3-5 дней,2026-08-23T16:21:17Z,2026-08-27T09:00:00Z,88.6,58.0,87.5,100.0,-29.5,29.5
3-5 дней,2026-08-23T16:21:17Z,2026-08-27T12:00:00Z,91.6,59.0,75.0,100.0,-16.0,16.0
3-5 дней,2026-08-23T16:21:17Z,2026-08-27T15:00:00Z,94.6,35.0,37.5,25.0,-2.5,2.5
3-5 дней,2026-08-23T16:21:17Z,2026-08-27T18:00:00Z,97.6,9.0,87.5,12.5,-78.5,78.5
3-5 дней,2026-08-23T16:21:17Z,2026-08-27T21:00:00Z,100.6,7.0,25.0,12.5,-18.0,18.0
3-5 дней,2026-08-23T16:21:17Z,2026-08-28T00:00:00Z,103.6,12.0,100.0,0.0,-88.0,88.0
3-5 дней,2026-08-23T16:21:17Z,2026-08-28T03:00:00Z,106.6,12.0,12.5,87.5,-0.5,0.5
3-5 дней,2026-08-23T16:21:17Z,2026-08-28T06:00:00Z,109.6,12.0,87.5,87.5,-75.5,75.5
3-5 дней,2026-08-23T16:21:17Z,2026-08-28T09:00:00Z,112.6,14.0,75.0,87.5,-61.0,61.0
3-5 дней,2026-08-23T16:21:17Z,2026-08-28T12:00:00Z,115.6,15.0,75.0,75.0,-60.0,60.0
3-5 дней,2026-08-23T16:21:17Z,2026-08-28T15:00:00Z,118.6,5.0,25.0,37.5,-20.0,20.0
3-5 дней,2026-08-23T22:29:36Z,2026-08-27T00:00:00Z,73.5,60.0,0.0,75.0,60.0,60.0
3-5 дней,2026-08-23T22:29:36Z,2026-08-27T03:00:00Z,76.5,68.0,87.5,87.5,-19.5,19.5
3-5 дней,2026-08-23T22:29:36Z,2026-08-27T06:00:00Z,79.5,73.0,87.5,87.5,-14.5,14.5
3-5 дней,2026-08-23T22:29:36Z,2026-08-27T09:00:00Z,82.5,81.0,87.5,100.0,-6.5,6.5
3-5 дней,2026-08-23T22:29:36Z,2026-08-27T12:00:00Z,85.5,84.0,75.0,100.0,9.0,9.0
3-5 дней,2026-08-23T22:29:36Z,2026-08-27T15:00:00Z,88.5,78.0,37.5,25.0,40.5,40.5
3-5 дней,2026-08-23T22:29:36Z,2026-08-27T18:00:00Z,91.5,62.0,87.5,12.5,-25.5,25.5
3-5 дней,2026-08-23T22:29:36Z,2026-08-27T21:00:00Z,94.5,29.0,25.0,12.5,4.0,4.0
3-5 дней,2026-08-23T22:29:36Z,2026-08-28T00:00:00Z,97.5,0.0,100.0,0.0,-100.0,100.0
3-5 дней,2026-08-23T22:29:36Z,2026-08-28T03:00:00Z,100.5,0.0,12.5,87.5,-12.5,12.5
3-5 дней,2026-08-23T22:29:36Z,2026-08-28T06:00:00Z,103.5,8.0,87.5,87.5,-79.5,79.5
3-5 дней,2026-08-23T22:29:36Z,2026-08-28T09:00:00Z,106.5,38.0,75.0,87.5,-37.0,37.0
3-5 дней,2026-08-23T22:29:36Z,2026-08-28T12:00:00Z,109.5,60.0,75.0,75.0,-15.0,15.0
3-5 дней,2026-08-23T22:29:36Z,2026-08-28T15:00:00Z,112.5,31.0,25.0,37.5,6.0,6.0
3-5 дней,2026-08-23T22:29:36Z,2026-08-28T18:00:00Z,115.5,3.0,0.0,87.5,3.0,3.0
3-5 дней,2026-08-23T22:29:36Z,2026-08-28T21:00:00Z,118.5,35.0,50.0,25.0,-15.0,15.0
3-5 дней,2026-08-24T04:38:48Z,2026-08-27T06:00:00Z,73.4,51.0,87.5,87.5,-36.5,36.5
3-5 дней,2026-08-24T04:38:48Z,2026-08-27T09:00:00Z,76.4,51.0,87.5,100.0,-36.5,36.5
3-5 дней,2026-08-24T04:38:48Z,2026-08-27T12:00:00Z,79.4,51.0,75.0,100.0,-24.0,24.0
3-5 дней,2026-08-24T04:38:48Z,2026-08-27T15:00:00Z,82.4,59.0,37.5,25.0,21.5,21.5
3-5 дней,2026-08-24T04:38:48Z,2026-08-27T18:00:00Z,85.4,63.0,87.5,12.5,-24.5,24.5
3-5 дней,2026-08-24T04:38:48Z,2026-08-27T21:00:00Z,88.4,45.0,25.0,12.5,20.0,20.0
3-5 дней,2026-08-24T04:38:48Z,2026-08-28T00:00:00Z,91.4,30.0,100.0,0.0,-70.0,70.0
3-5 дней,2026-08-24T04:38:48Z,2026-08-28T03:00:00Z,94.4,49.0,12.5,87.5,36.5,36.5
3-5 дней,2026-08-24T04:38:48Z,2026-08-28T06:00:00Z,97.4,68.0,87.5,87.5,-19.5,19.5
3-5 дней,2026-08-24T04:38:48Z,2026-08-28T09:00:00Z,100.4,55.0,75.0,87.5,-20.0,20.0
3-5 дней,2026-08-24T04:38:48Z,2026-08-28T12:00:00Z,103.4,35.0,75.0,75.0,-40.0,40.0
3-5 дней,2026-08-24T04:38:48Z,2026-08-28T15:00:00Z,106.4,19.0,25.0,37.5,-6.0,6.0
3-5 дней,2026-08-24T04:38:48Z,2026-08-28T18:00:00Z,109.4,15.0,0.0,87.5,15.0,15.0
3-5 дней,2026-08-24T04:38:48Z,2026-08-28T21:00:00Z,112.4,50.0,50.0,25.0,0.0,0.0
3-5 дней,2026-08-24T04:38:48Z,2026-08-29T00:00:00Z,115.4,81.0,0.0,100.0,81.0,81.0
3-5 дней,2026-08-24T04:38:48Z,2026-08-29T03:00:00Z,118.4,61.0,0.0,12.5,61.0,61.0
3-5 дней,2026-08-24T10:24:38Z,2026-08-27T12:00:00Z,73.6,55.0,75.0,100.0,-20.0,20.0
3-5 дней,2026-08-24T10:24:38Z,2026-08-27T15:00:00Z,76.6,75.0,37.5,25.0,37.5,37.5
3-5 дней,2026-08-24T10:24:38Z,2026-08-27T18:00:00Z,79.6,92.0,87.5,12.5,4.5,4.5
3-5 дней,2026-08-24T10:24:38Z,2026-08-27T21:00:00Z,82.6,81.0,25.0,12.5,56.0,56.0
3-5 дней,2026-08-24T10:24:38Z,2026-08-28T00:00:00Z,85.6,65.0,100.0,0.0,-35.0,35.0
3-5 дней,2026-08-24T10:24:38Z,2026-08-28T03:00:00Z,88.6,63.0,12.5,87.5,50.5,50.5
3-5 дней,2026-08-24T10:24:38Z,2026-08-28T06:00:00Z,91.6,65.0,87.5,87.5,-22.5,22.5
3-5 дней,2026-08-24T10:24:38Z,2026-08-28T09:00:00Z,94.6,72.0,75.0,87.5,-3.0,3.0
3-5 дней,2026-08-24T10:24:38Z,2026-08-28T12:00:00Z,97.6,73.0,75.0,75.0,-2.0,2.0
3-5 дней,2026-08-24T10:24:38Z,2026-08-28T15:00:00Z,100.6,51.0,25.0,37.5,26.0,26.0
3-5 дней,2026-08-24T10:24:38Z,2026-08-28T18:00:00Z,103.6,25.0,0.0,87.5,25.0,25.0
3-5 дней,2026-08-24T10:24:38Z,2026-08-28T21:00:00Z,106.6,10.0,50.0,25.0,-40.0,40.0
3-5 дней,2026-08-24T10:24:38Z,2026-08-29T00:00:00Z,109.6,0.0,0.0,100.0,0.0,0.0
3-5 дней,2026-08-24T10:24:38Z,2026-08-29T03:00:00Z,112.6,0.0,0.0,12.5,0.0,0.0
3-5 дней,2026-08-24T10:24:38Z,2026-08-29T06:00:00Z,115.6,0.0,12.5,87.5,-12.5,12.5
3-5 дней,2026-08-24T10:24:38Z,2026-08-29T09:00:00Z,118.6,0.0,12.5,75.0,-12.5,12.5
3-5 дней,2026-08-24T16:34:00Z,2026-08-27T18:00:00Z,73.4,84.0,87.5,12.5,-3.5,3.5
3-5 дней,2026-08-24T16:34:00Z,2026-08-27T21:00:00Z,76.4,78.0,25.0,12.5,53.0,53.0
3-5 дней,2026-08-24T16:34:00Z,2026-08-28T00:00:00Z,79.4,70.0,100.0,0.0,-30.0,30.0
3-5 дней,2026-08-24T16:34:00Z,2026-08-28T03:00:00Z,82.4,75.0,12.5,87.5,62.5,62.5
3-5 дней,2026-08-24T16:34:00Z,2026-08-28T06:00:00Z,85.4,79.0,87.5,87.5,-8.5,8.5
3-5 дней,2026-08-24T16:34:00Z,2026-08-28T09:00:00Z,88.4,76.0,75.0,87.5,1.0,1.0
3-5 дней,2026-08-24T16:34:00Z,2026-08-28T12:00:00Z,91.4,65.0,75.0,75.0,-10.0,10.0
3-5 дней,2026-08-24T16:34:00Z,2026-08-28T15:00:00Z,94.4,37.0,25.0,37.5,12.0,12.0
3-5 дней,2026-08-24T16:34:00Z,2026-08-28T18:00:00Z,97.4,11.0,0.0,87.5,11.0,11.0
3-5 дней,2026-08-24T16:34:00Z,2026-08-28T21:00:00Z,100.4,12.0,50.0,25.0,-38.0,38.0
3-5 дней,2026-08-24T16:34:00Z,2026-08-29T00:00:00Z,103.4,17.0,0.0,100.0,17.0,17.0
3-5 дней,2026-08-24T16:34:00Z,2026-08-29T03:00:00Z,106.4,7.0,0.0,12.5,7.0,7.0
3-5 дней,2026-08-24T16:34:00Z,2026-08-29T06:00:00Z,109.4,0.0,12.5,87.5,-12.5,12.5
3-5 дней,2026-08-24T16:34:00Z,2026-08-29T09:00:00Z,112.4,14.0,12.5,75.0,1.5,1.5
3-5 дней,2026-08-24T16:34:00Z,2026-08-29T12:00:00Z,115.4,31.0,0.0,75.0,31.0,31.0
3-5 дней,2026-08-24T16:34:00Z,2026-08-29T15:00:00Z,118.4,32.0,12.5,25.0,19.5,19.5
3-5 дней,2026-08-24T22:34:40Z,2026-08-28T00:00:00Z,73.4,26.0,100.0,0.0,-74.0,74.0
3-5 дней,2026-08-24T22:34:40Z,2026-08-28T03:00:00Z,76.4,24.0,12.5,87.5,11.5,11.5
3-5 дней,2026-08-24T22:34:40Z,2026-08-28T06:00:00Z,79.4,28.0,87.5,87.5,-59.5,59.5
3-5 дней,2026-08-24T22:34:40Z,2026-08-28T09:00:00Z,82.4,50.0,75.0,87.5,-25.0,25.0
3-5 дней,2026-08-24T22:34:40Z,2026-08-28T12:00:00Z,85.4,68.0,75.0,75.0,-7.0,7.0
3-5 дней,2026-08-24T22:34:40Z,2026-08-28T15:00:00Z,88.4,55.0,25.0,37.5,30.0,30.0
3-5 дней,2026-08-24T22:34:40Z,2026-08-28T18:00:00Z,91.4,33.0,0.0,87.5,33.0,33.0
3-5 дней,2026-08-24T22:34:40Z,2026-08-28T21:00:00Z,94.4,18.0,50.0,25.0,-32.0,32.0
3-5 дней,2026-08-24T22:34:40Z,2026-08-29T00:00:00Z,97.4,6.0,0.0,100.0,6.0,6.0
3-5 дней,2026-08-24T22:34:40Z,2026-08-29T03:00:00Z,100.4,1.0,0.0,12.5,1.0,1.0
3-5 дней,2026-08-24T22:34:40Z,2026-08-29T06:00:00Z,103.4,0.0,12.5,87.5,-12.5,12.5
3-5 дней,2026-08-24T22:34:40Z,2026-08-29T09:00:00Z,106.4,0.0,12.5,75.0,-12.5,12.5
3-5 дней,2026-08-24T22:34:40Z,2026-08-29T12:00:00Z,109.4,0.0,0.0,75.0,0.0,0.0
3-5 дней,2026-08-24T22:34:40Z,2026-08-29T15:00:00Z,112.4,7.0,12.5,25.0,-5.5,5.5
3-5 дней,2026-08-24T22:34:40Z,2026-08-29T18:00:00Z,115.4,15.0,12.5,0.0,2.5,2.5
3-5 дней,2026-08-24T22:34:40Z,2026-08-29T21:00:00Z,118.4,23.0,0.0,50.0,23.0,23.0
3-5 дней,2026-08-25T04:33:15Z,2026-08-28T06:00:00Z,73.4,56.0,87.5,87.5,-31.5,31.5
3-5 дней,2026-08-25T04:33:15Z,2026-08-28T09:00:00Z,76.4,67.0,75.0,87.5,-8.0,8.0
3-5 дней,2026-08-25T04:33:15Z,2026-08-28T12:00:00Z,79.4,69.0,75.0,75.0,-6.0,6.0
3-5 дней,2026-08-25T04:33:15Z,2026-08-28T15:00:00Z,82.4,51.0,25.0,37.5,26.0,26.0
3-5 дней,2026-08-25T04:33:15Z,2026-08-28T18:00:00Z,85.4,27.0,0.0,87.5,27.0,27.0
3-5 дней,2026-08-25T04:33:15Z,2026-08-28T21:00:00Z,88.4,11.0,50.0,25.0,-39.0,39.0
3-5 дней,2026-08-25T04:33:15Z,2026-08-29T00:00:00Z,91.4,0.0,0.0,100.0,0.0,0.0
3-5 дней,2026-08-25T04:33:15Z,2026-08-29T03:00:00Z,94.4,0.0,0.0,12.5,0.0,0.0
3-5 дней,2026-08-25T04:33:15Z,2026-08-29T06:00:00Z,97.4,0.0,12.5,87.5,-12.5,12.5
3-5 дней,2026-08-25T04:33:15Z,2026-08-29T09:00:00Z,100.4,6.0,12.5,75.0,-6.5,6.5
3-5 дней,2026-08-25T04:33:15Z,2026-08-29T12:00:00Z,103.4,10.0,0.0,75.0,10.0,10.0
3-5 дней,2026-08-25T04:33:15Z,2026-08-29T15:00:00Z,106.4,5.0,12.5,25.0,-7.5,7.5
3-5 дней,2026-08-25T04:33:15Z,2026-08-29T18:00:00Z,109.4,1.0,12.5,0.0,-11.5,11.5
3-5 дней,2026-08-25T04:33:15Z,2026-08-29T21:00:00Z,112.4,12.0,0.0,50.0,12.0,12.0
3-5 дней,2026-08-25T04:33:15Z,2026-08-30T00:00:00Z,115.4,21.0,87.5,0.0,-66.5,66.5
3-5 дней,2026-08-25T04:33:15Z,2026-08-30T03:00:00Z,118.4,12.0,87.5,0.0,-75.5,75.5
3-5 дней,2026-08-25T10:18:20Z,2026-08-28T12:00:00Z,73.7,41.0,75.0,75.0,-34.0,34.0
3-5 дней,2026-08-25T10:18:20Z,2026-08-28T15:00:00Z,76.7,44.0,25.0,37.5,19.0,19.0
3-5 дней,2026-08-25T10:18:20Z,2026-08-28T18:00:00Z,79.7,41.0,0.0,87.5,41.0,41.0
3-5 дней,2026-08-25T10:18:20Z,2026-08-28T21:00:00Z,82.7,21.0,50.0,25.0,-29.0,29.0
3-5 дней,2026-08-25T10:18:20Z,2026-08-29T00:00:00Z,85.7,0.0,0.0,100.0,0.0,0.0
3-5 дней,2026-08-25T10:18:20Z,2026-08-29T03:00:00Z,88.7,0.0,0.0,12.5,0.0,0.0
3-5 дней,2026-08-25T10:18:20Z,2026-08-29T06:00:00Z,91.7,0.0,12.5,87.5,-12.5,12.5
3-5 дней,2026-08-25T10:18:20Z,2026-08-29T09:00:00Z,94.7,0.0,12.5,75.0,-12.5,12.5
3-5 дней,2026-08-25T10:18:20Z,2026-08-29T12:00:00Z,97.7,0.0,0.0,75.0,0.0,0.0
3-5 дней,2026-08-25T10:18:20Z,2026-08-29T15:00:00Z,100.7,0.0,12.5,25.0,-12.5,12.5
3-5 дней,2026-08-25T10:18:20Z,2026-08-29T18:00:00Z,103.7,7.0,12.5,0.0,-5.5,5.5
3-5 дней,2026-08-25T10:18:20Z,2026-08-29T21:00:00Z,106.7,41.0,0.0,50.0,41.0,41.0
3-5 дней,2026-08-25T10:18:20Z,2026-08-30T00:00:00Z,109.7,68.0,87.5,0.0,-19.5,19.5
3-5 дней,2026-08-25T10:18:20Z,2026-08-30T03:00:00Z,112.7,47.0,87.5,0.0,-40.5,40.5
3-5 дней,2026-08-25T10:18:20Z,2026-08-30T06:00:00Z,115.7,24.0,87.5,12.5,-63.5,63.5
3-5 дней,2026-08-25T10:18:20Z,2026-08-30T09:00:00Z,118.7,42.0,25.0,12.5,17.0,17.0
3-5 дней,2026-08-25T16:33:53Z,2026-08-28T18:00:00Z,73.4,4.0,0.0,87.5,4.0,4.0
3-5 дней,2026-08-25T16:33:53Z,2026-08-28T21:00:00Z,76.4,2.0,50.0,25.0,-48.0,48.0
3-5 дней,2026-08-25T16:33:53Z,2026-08-29T00:00:00Z,79.4,0.0,0.0,100.0,0.0,0.0
3-5 дней,2026-08-25T16:33:53Z,2026-08-29T03:00:00Z,82.4,0.0,0.0,12.5,0.0,0.0
3-5 дней,2026-08-25T16:33:53Z,2026-08-29T06:00:00Z,85.4,0.0,12.5,87.5,-12.5,12.5
3-5 дней,2026-08-25T16:33:53Z,2026-08-29T09:00:00Z,88.4,0.0,12.5,75.0,-12.5,12.5
3-5 дней,2026-08-25T16:33:53Z,2026-08-29T12:00:00Z,91.4,0.0,0.0,75.0,0.0,0.0
3-5 дней,2026-08-25T16:33:53Z,2026-08-29T15:00:00Z,94.4,0.0,12.5,25.0,-12.5,12.5
3-5 дней,2026-08-25T16:33:53Z,2026-08-29T18:00:00Z,97.4,0.0,12.5,0.0,-12.5,12.5
3-5 дней,2026-08-25T16:33:53Z,2026-08-29T21:00:00Z,100.4,11.0,0.0,50.0,11.0,11.0
3-5 дней,2026-08-25T16:33:53Z,2026-08-30T00:00:00Z,103.4,26.0,87.5,0.0,-61.5,61.5
3-5 дней,2026-08-25T16:33:53Z,2026-08-30T03:00:00Z,106.4,44.0,87.5,0.0,-43.5,43.5
3-5 дней,2026-08-25T16:33:53Z,2026-08-30T06:00:00Z,109.4,59.0,87.5,12.5,-28.5,28.5
3-5 дней,2026-08-25T16:33:53Z,2026-08-30T09:00:00Z,112.4,65.0,25.0,12.5,40.0,40.0
3-5 дней,2026-08-25T16:33:53Z,2026-08-30T12:00:00Z,115.4,67.0,25.0,0.0,42.0,42.0
3-5 дней,2026-08-25T22:34:48Z,2026-08-29T00:00:00Z,73.4,68.0,0.0,100.0,68.0,68.0
3-5 дней,2026-08-25T22:34:48Z,2026-08-29T03:00:00Z,76.4,53.0,0.0,12.5,53.0,53.0
3-5 дней,2026-08-25T22:34:48Z,2026-08-29T06:00:00Z,79.4,32.0,12.5,87.5,19.5,19.5
3-5 дней,2026-08-25T22:34:48Z,2026-08-29T09:00:00Z,82.4,42.0,12.5,75.0,29.5,29.5
3-5 дней,2026-08-25T22:34:48Z,2026-08-29T12:00:00Z,85.4,51.0,0.0,75.0,51.0,51.0
3-5 дней,2026-08-25T22:34:48Z,2026-08-29T15:00:00Z,88.4,28.0,12.5,25.0,15.5,15.5
3-5 дней,2026-08-25T22:34:48Z,2026-08-29T18:00:00Z,91.4,5.0,12.5,0.0,-7.5,7.5
3-5 дней,2026-08-25T22:34:48Z,2026-08-29T21:00:00Z,94.4,14.0,0.0,50.0,14.0,14.0
3-5 дней,2026-08-25T22:34:48Z,2026-08-30T00:00:00Z,97.4,29.0,87.5,0.0,-58.5,58.5
3-5 дней,2026-08-25T22:34:48Z,2026-08-30T03:00:00Z,100.4,28.0,87.5,0.0,-59.5,59.5
3-5 дней,2026-08-25T22:34:48Z,2026-08-30T06:00:00Z,103.4,26.0,87.5,12.5,-61.5,61.5
3-5 дней,2026-08-25T22:34:48Z,2026-08-30T09:00:00Z,106.4,29.0,25.0,12.5,4.0,4.0
3-5 дней,2026-08-25T22:34:48Z,2026-08-30T12:00:00Z,109.4,37.0,25.0,0.0,12.0,12.0
3-5 дней,2026-08-26T04:34:15Z,2026-08-29T06:00:00Z,73.4,28.0,12.5,87.5,15.5,15.5
3-5 дней,2026-08-26T04:34:15Z,2026-08-29T09:00:00Z,76.4,46.0,12.5,75.0,33.5,33.5
3-5 дней,2026-08-26T04:34:15Z,2026-08-29T12:00:00Z,79.4,64.0,0.0,75.0,64.0,64.0
3-5 дней,2026-08-26T04:34:15Z,2026-08-29T15:00:00Z,82.4,42.0,12.5,25.0,29.5,29.5
3-5 дней,2026-08-26T04:34:15Z,2026-08-29T18:00:00Z,85.4,17.0,12.5,0.0,4.5,4.5
3-5 дней,2026-08-26T04:34:15Z,2026-08-29T21:00:00Z,88.4,21.0,0.0,50.0,21.0,21.0
3-5 дней,2026-08-26T04:34:15Z,2026-08-30T00:00:00Z,91.4,34.0,87.5,0.0,-53.5,53.5
3-5 дней,2026-08-26T04:34:15Z,2026-08-30T03:00:00Z,94.4,52.0,87.5,0.0,-35.5,35.5
3-5 дней,2026-08-26T04:34:15Z,2026-08-30T06:00:00Z,97.4,67.0,87.5,12.5,-20.5,20.5
3-5 дней,2026-08-26T04:34:15Z,2026-08-30T09:00:00Z,100.4,67.0,25.0,12.5,42.0,42.0
3-5 дней,2026-08-26T04:34:15Z,2026-08-30T12:00:00Z,103.4,62.0,25.0,0.0,37.0,37.0
3-5 дней,2026-08-26T10:21:58Z,2026-08-29T12:00:00Z,73.6,23.0,0.0,75.0,23.0,23.0
3-5 дней,2026-08-26T10:21:58Z,2026-08-29T15:00:00Z,76.6,14.0,12.5,25.0,1.5,1.5
3-5 дней,2026-08-26T10:21:58Z,2026-08-29T18:00:00Z,79.6,9.0,12.5,0.0,-3.5,3.5
3-5 дней,2026-08-26T10:21:58Z,2026-08-29T21:00:00Z,82.6,14.0,0.0,50.0,14.0,14.0
3-5 дней,2026-08-26T10:21:58Z,2026-08-30T00:00:00Z,85.6,22.0,87.5,0.0,-65.5,65.5
3-5 дней,2026-08-26T10:21:58Z,2026-08-30T03:00:00Z,88.6,27.0,87.5,0.0,-60.5,60.5
3-5 дней,2026-08-26T10:21:58Z,2026-08-30T06:00:00Z,91.6,29.0,87.5,12.5,-58.5,58.5
3-5 дней,2026-08-26T10:21:58Z,2026-08-30T09:00:00Z,94.6,24.0,25.0,12.5,-1.0,1.0
3-5 дней,2026-08-26T10:21:58Z,2026-08-30T12:00:00Z,97.6,20.0,25.0,0.0,-5.0,5.0
3-5 дней,2026-08-26T16:46:17Z,2026-08-29T18:00:00Z,73.2,0.0,12.5,0.0,-12.5,12.5
3-5 дней,2026-08-26T16:46:17Z,2026-08-29T21:00:00Z,76.2,24.0,0.0,50.0,24.0,24.0
3-5 дней,2026-08-26T16:46:17Z,2026-08-30T00:00:00Z,79.2,52.0,87.5,0.0,-35.5,35.5
3-5 дней,2026-08-26T16:46:17Z,2026-08-30T03:00:00Z,82.2,58.0,87.5,0.0,-29.5,29.5
3-5 дней,2026-08-26T16:46:17Z,2026-08-30T06:00:00Z,85.2,59.0,87.5,12.5,-28.5,28.5
3-5 дней,2026-08-26T16:46:17Z,2026-08-30T09:00:00Z,88.2,67.0,25.0,12.5,42.0,42.0
3-5 дней,2026-08-26T16:46:17Z,2026-08-30T12:00:00Z,91.2,75.0,25.0,0.0,50.0,50.0
3-5 дней,2026-08-27T03:02:51Z,2026-08-30T06:00:00Z,75.0,23.0,87.5,12.5,-64.5,64.5
3-5 дней,2026-08-27T03:02:51Z,2026-08-30T09:00:00Z,78.0,42.0,25.0,12.5,17.0,17.0
3-5 дней,2026-08-27T03:02:51Z,2026-08-30T12:00:00Z,81.0,65.0,25.0,0.0,40.0,40.0
5-10 дней,2026-08-06T09:50:07Z,2026-08-11T12:00:00Z,122.2,16.0,87.5,87.5,-71.5,71.5
5-10 дней,2026-08-06T09:50:07Z,2026-08-11T15:00:00Z,125.2,15.0,100.0,87.5,-85.0,85.0
5-10 дней,2026-08-06T09:50:07Z,2026-08-11T18:00:00Z,128.2,21.0,100.0,75.0,-79.0,79.0
5-10 дней,2026-08-06T09:50:07Z,2026-08-11T21:00:00Z,131.2,43.0,100.0,100.0,-57.0,57.0
5-10 дней,2026-08-06T09:50:07Z,2026-08-12T00:00:00Z,134.2,65.0,100.0,100.0,-35.0,35.0
5-10 дней,2026-08-06T09:50:07Z,2026-08-12T03:00:00Z,137.2,71.0,100.0,12.5,-29.0,29.0
5-10 дней,2026-08-06T09:50:07Z,2026-08-12T06:00:00Z,140.2,72.0,100.0,75.0,-28.0,28.0
5-10 дней,2026-08-06T09:50:07Z,2026-08-12T09:00:00Z,143.2,75.0,100.0,87.5,-25.0,25.0
5-10 дней,2026-08-06T09:50:07Z,2026-08-12T12:00:00Z,146.2,76.0,100.0,87.5,-24.0,24.0
5-10 дней,2026-08-06T09:50:07Z,2026-08-12T15:00:00Z,149.2,74.0,100.0,100.0,-26.0,26.0
5-10 дней,2026-08-06T09:50:07Z,2026-08-12T18:00:00Z,152.2,72.0,100.0,100.0,-28.0,28.0
5-10 дней,2026-08-06T09:50:07Z,2026-08-12T21:00:00Z,155.2,74.0,100.0,100.0,-26.0,26.0
5-10 дней,2026-08-06T09:50:07Z,2026-08-13T00:00:00Z,158.2,77.0,100.0,100.0,-23.0,23.0
5-10 дней,2026-08-06T09:50:07Z,2026-08-13T03:00:00Z,161.2,81.0,100.0,100.0,-19.0,19.0
5-10 дней,2026-08-06T09:50:07Z,2026-08-13T06:00:00Z,164.2,83.0,100.0,100.0,-17.0,17.0
5-10 дней,2026-08-06T09:50:07Z,2026-08-13T09:00:00Z,167.2,80.0,100.0,100.0,-20.0,20.0
5-10 дней,2026-08-06T09:50:07Z,2026-08-13T12:00:00Z,170.2,75.0,100.0,100.0,-25.0,25.0
5-10 дней,2026-08-06T09:50:07Z,2026-08-13T15:00:00Z,173.2,73.0,100.0,100.0,-27.0,27.0
5-10 дней,2026-08-06T09:50:07Z,2026-08-13T18:00:00Z,176.2,73.0,100.0,100.0,-27.0,27.0
5-10 дней,2026-08-06T09:50:07Z,2026-08-13T21:00:00Z,179.2,80.0,100.0,100.0,-20.0,20.0
5-10 дней,2026-08-06T09:50:07Z,2026-08-14T00:00:00Z,182.2,89.0,100.0,100.0,-11.0,11.0
5-10 дней,2026-08-06T09:50:07Z,2026-08-14T03:00:00Z,185.2,95.0,100.0,100.0,-5.0,5.0
5-10 дней,2026-08-06T09:50:07Z,2026-08-14T06:00:00Z,188.2,98.0,100.0,100.0,-2.0,2.0
5-10 дней,2026-08-06T09:50:07Z,2026-08-14T09:00:00Z,191.2,98.0,100.0,100.0,-2.0,2.0
5-10 дней,2026-08-06T09:50:07Z,2026-08-14T12:00:00Z,194.2,97.0,100.0,100.0,-3.0,3.0
5-10 дней,2026-08-06T09:50:07Z,2026-08-14T15:00:00Z,197.2,96.0,87.5,100.0,8.5,8.5
5-10 дней,2026-08-06T09:50:07Z,2026-08-14T18:00:00Z,200.2,96.0,87.5,100.0,8.5,8.5
5-10 дней,2026-08-06T09:50:07Z,2026-08-14T21:00:00Z,203.2,96.0,87.5,100.0,8.5,8.5
5-10 дней,2026-08-06T09:50:07Z,2026-08-15T00:00:00Z,206.2,96.0,100.0,100.0,-4.0,4.0
5-10 дней,2026-08-06T09:50:07Z,2026-08-15T03:00:00Z,209.2,97.0,87.5,100.0,9.5,9.5
5-10 дней,2026-08-06T09:50:07Z,2026-08-15T06:00:00Z,212.2,94.0,100.0,100.0,-6.0,6.0
5-10 дней,2026-08-06T09:50:07Z,2026-08-15T09:00:00Z,215.2,75.0,100.0,100.0,-25.0,25.0
5-10 дней,2026-08-06T09:50:07Z,2026-08-15T12:00:00Z,218.2,59.0,100.0,100.0,-41.0,41.0
5-10 дней,2026-08-06T09:50:07Z,2026-08-15T15:00:00Z,221.2,77.0,100.0,87.5,-23.0,23.0
5-10 дней,2026-08-06T09:50:07Z,2026-08-15T18:00:00Z,224.2,89.0,100.0,87.5,-11.0,11.0
5-10 дней,2026-08-06T09:50:07Z,2026-08-15T21:00:00Z,227.2,45.0,100.0,87.5,-55.0,55.0
5-10 дней,2026-08-06T09:59:18Z,2026-08-11T12:00:00Z,122.0,16.0,87.5,87.5,-71.5,71.5
5-10 дней,2026-08-06T09:59:18Z,2026-08-11T15:00:00Z,125.0,15.0,100.0,87.5,-85.0,85.0
5-10 дней,2026-08-06T09:59:18Z,2026-08-11T18:00:00Z,128.0,21.0,100.0,75.0,-79.0,79.0
5-10 дней,2026-08-06T09:59:18Z,2026-08-11T21:00:00Z,131.0,43.0,100.0,100.0,-57.0,57.0
5-10 дней,2026-08-06T09:59:18Z,2026-08-12T00:00:00Z,134.0,65.0,100.0,100.0,-35.0,35.0
5-10 дней,2026-08-06T09:59:18Z,2026-08-12T03:00:00Z,137.0,71.0,100.0,12.5,-29.0,29.0
5-10 дней,2026-08-06T09:59:18Z,2026-08-12T06:00:00Z,140.0,72.0,100.0,75.0,-28.0,28.0
5-10 дней,2026-08-06T09:59:18Z,2026-08-12T09:00:00Z,143.0,75.0,100.0,87.5,-25.0,25.0
5-10 дней,2026-08-06T09:59:18Z,2026-08-12T12:00:00Z,146.0,76.0,100.0,87.5,-24.0,24.0
5-10 дней,2026-08-06T09:59:18Z,2026-08-12T15:00:00Z,149.0,74.0,100.0,100.0,-26.0,26.0
5-10 дней,2026-08-06T09:59:18Z,2026-08-12T18:00:00Z,152.0,72.0,100.0,100.0,-28.0,28.0
5-10 дней,2026-08-06T09:59:18Z,2026-08-12T21:00:00Z,155.0,74.0,100.0,100.0,-26.0,26.0
5-10 дней,2026-08-06T09:59:18Z,2026-08-13T00:00:00Z,158.0,77.0,100.0,100.0,-23.0,23.0
5-10 дней,2026-08-06T09:59:18Z,2026-08-13T03:00:00Z,161.0,81.0,100.0,100.0,-19.0,19.0
5-10 дней,2026-08-06T09:59:18Z,2026-08-13T06:00:00Z,164.0,83.0,100.0,100.0,-17.0,17.0
5-10 дней,2026-08-06T09:59:18Z,2026-08-13T09:00:00Z,167.0,80.0,100.0,100.0,-20.0,20.0
5-10 дней,2026-08-06T09:59:18Z,2026-08-13T12:00:00Z,170.0,75.0,100.0,100.0,-25.0,25.0
5-10 дней,2026-08-06T09:59:18Z,2026-08-13T15:00:00Z,173.0,73.0,100.0,100.0,-27.0,27.0
5-10 дней,2026-08-06T09:59:18Z,2026-08-13T18:00:00Z,176.0,73.0,100.0,100.0,-27.0,27.0
5-10 дней,2026-08-06T09:59:18Z,2026-08-13T21:00:00Z,179.0,80.0,100.0,100.0,-20.0,20.0
5-10 дней,2026-08-06T09:59:18Z,2026-08-14T00:00:00Z,182.0,89.0,100.0,100.0,-11.0,11.0
5-10 дней,2026-08-06T09:59:18Z,2026-08-14T03:00:00Z,185.0,95.0,100.0,100.0,-5.0,5.0
5-10 дней,2026-08-06T09:59:18Z,2026-08-14T06:00:00Z,188.0,98.0,100.0,100.0,-2.0,2.0
5-10 дней,2026-08-06T09:59:18Z,2026-08-14T09:00:00Z,191.0,98.0,100.0,100.0,-2.0,2.0
5-10 дней,2026-08-06T09:59:18Z,2026-08-14T12:00:00Z,194.0,97.0,100.0,100.0,-3.0,3.0
5-10 дней,2026-08-06T09:59:18Z,2026-08-14T15:00:00Z,197.0,96.0,87.5,100.0,8.5,8.5
5-10 дней,2026-08-06T09:59:18Z,2026-08-14T18:00:00Z,200.0,96.0,87.5,100.0,8.5,8.5
5-10 дней,2026-08-06T09:59:18Z,2026-08-14T21:00:00Z,203.0,96.0,87.5,100.0,8.5,8.5
5-10 дней,2026-08-06T09:59:18Z,2026-08-15T00:00:00Z,206.0,96.0,100.0,100.0,-4.0,4.0
5-10 дней,2026-08-06T09:59:18Z,2026-08-15T03:00:00Z,209.0,97.0,87.5,100.0,9.5,9.5
5-10 дней,2026-08-06T09:59:18Z,2026-08-15T06:00:00Z,212.0,94.0,100.0,100.0,-6.0,6.0
5-10 дней,2026-08-06T09:59:18Z,2026-08-15T09:00:00Z,215.0,75.0,100.0,100.0,-25.0,25.0
5-10 дней,2026-08-06T09:59:18Z,2026-08-15T12:00:00Z,218.0,59.0,100.0,100.0,-41.0,41.0
5-10 дней,2026-08-06T09:59:18Z,2026-08-15T15:00:00Z,221.0,77.0,100.0,87.5,-23.0,23.0
5-10 дней,2026-08-06T09:59:18Z,2026-08-15T18:00:00Z,224.0,89.0,100.0,87.5,-11.0,11.0
5-10 дней,2026-08-06T09:59:18Z,2026-08-15T21:00:00Z,227.0,45.0,100.0,87.5,-55.0,55.0
5-10 дней,2026-08-06T10:08:26Z,2026-08-11T12:00:00Z,121.9,16.0,87.5,87.5,-71.5,71.5
5-10 дней,2026-08-06T10:08:26Z,2026-08-11T15:00:00Z,124.9,15.0,100.0,87.5,-85.0,85.0
5-10 дней,2026-08-06T10:08:26Z,2026-08-11T18:00:00Z,127.9,21.0,100.0,75.0,-79.0,79.0
5-10 дней,2026-08-06T10:08:26Z,2026-08-11T21:00:00Z,130.9,43.0,100.0,100.0,-57.0,57.0
5-10 дней,2026-08-06T10:08:26Z,2026-08-12T00:00:00Z,133.9,65.0,100.0,100.0,-35.0,35.0
5-10 дней,2026-08-06T10:08:26Z,2026-08-12T03:00:00Z,136.9,71.0,100.0,12.5,-29.0,29.0
5-10 дней,2026-08-06T10:08:26Z,2026-08-12T06:00:00Z,139.9,72.0,100.0,75.0,-28.0,28.0
5-10 дней,2026-08-06T10:08:26Z,2026-08-12T09:00:00Z,142.9,75.0,100.0,87.5,-25.0,25.0
5-10 дней,2026-08-06T10:08:26Z,2026-08-12T12:00:00Z,145.9,76.0,100.0,87.5,-24.0,24.0
5-10 дней,2026-08-06T10:08:26Z,2026-08-12T15:00:00Z,148.9,74.0,100.0,100.0,-26.0,26.0
5-10 дней,2026-08-06T10:08:26Z,2026-08-12T18:00:00Z,151.9,72.0,100.0,100.0,-28.0,28.0
5-10 дней,2026-08-06T10:08:26Z,2026-08-12T21:00:00Z,154.9,74.0,100.0,100.0,-26.0,26.0
5-10 дней,2026-08-06T10:08:26Z,2026-08-13T00:00:00Z,157.9,77.0,100.0,100.0,-23.0,23.0
5-10 дней,2026-08-06T10:08:26Z,2026-08-13T03:00:00Z,160.9,81.0,100.0,100.0,-19.0,19.0
5-10 дней,2026-08-06T10:08:26Z,2026-08-13T06:00:00Z,163.9,83.0,100.0,100.0,-17.0,17.0
5-10 дней,2026-08-06T10:08:26Z,2026-08-13T09:00:00Z,166.9,80.0,100.0,100.0,-20.0,20.0
5-10 дней,2026-08-06T10:08:26Z,2026-08-13T12:00:00Z,169.9,75.0,100.0,100.0,-25.0,25.0
5-10 дней,2026-08-06T10:08:26Z,2026-08-13T15:00:00Z,172.9,73.0,100.0,100.0,-27.0,27.0
5-10 дней,2026-08-06T10:08:26Z,2026-08-13T18:00:00Z,175.9,73.0,100.0,100.0,-27.0,27.0
5-10 дней,2026-08-06T10:08:26Z,2026-08-13T21:00:00Z,178.9,80.0,100.0,100.0,-20.0,20.0
5-10 дней,2026-08-06T10:08:26Z,2026-08-14T00:00:00Z,181.9,89.0,100.0,100.0,-11.0,11.0
5-10 дней,2026-08-06T10:08:26Z,2026-08-14T03:00:00Z,184.9,95.0,100.0,100.0,-5.0,5.0
5-10 дней,2026-08-06T10:08:26Z,2026-08-14T06:00:00Z,187.9,98.0,100.0,100.0,-2.0,2.0
5-10 дней,2026-08-06T10:08:26Z,2026-08-14T09:00:00Z,190.9,98.0,100.0,100.0,-2.0,2.0
5-10 дней,2026-08-06T10:08:26Z,2026-08-14T12:00:00Z,193.9,97.0,100.0,100.0,-3.0,3.0
5-10 дней,2026-08-06T10:08:26Z,2026-08-14T15:00:00Z,196.9,96.0,87.5,100.0,8.5,8.5
5-10 дней,2026-08-06T10:08:26Z,2026-08-14T18:00:00Z,199.9,96.0,87.5,100.0,8.5,8.5
5-10 дней,2026-08-06T10:08:26Z,2026-08-14T21:00:00Z,202.9,96.0,87.5,100.0,8.5,8.5
5-10 дней,2026-08-06T10:08:26Z,2026-08-15T00:00:00Z,205.9,96.0,100.0,100.0,-4.0,4.0
5-10 дней,2026-08-06T10:08:26Z,2026-08-15T03:00:00Z,208.9,97.0,87.5,100.0,9.5,9.5
5-10 дней,2026-08-06T10:08:26Z,2026-08-15T06:00:00Z,211.9,94.0,100.0,100.0,-6.0,6.0
5-10 дней,2026-08-06T10:08:26Z,2026-08-15T09:00:00Z,214.9,75.0,100.0,100.0,-25.0,25.0
5-10 дней,2026-08-06T10:08:26Z,2026-08-15T12:00:00Z,217.9,59.0,100.0,100.0,-41.0,41.0
5-10 дней,2026-08-06T10:08:26Z,2026-08-15T15:00:00Z,220.9,77.0,100.0,87.5,-23.0,23.0
5-10 дней,2026-08-06T10:08:26Z,2026-08-15T18:00:00Z,223.9,89.0,100.0,87.5,-11.0,11.0
5-10 дней,2026-08-06T10:08:26Z,2026-08-15T21:00:00Z,226.9,45.0,100.0,87.5,-55.0,55.0
5-10 дней,2026-08-06T10:47:54Z,2026-08-11T12:00:00Z,121.2,16.0,87.5,87.5,-71.5,71.5
5-10 дней,2026-08-06T10:47:54Z,2026-08-11T15:00:00Z,124.2,15.0,100.0,87.5,-85.0,85.0
5-10 дней,2026-08-06T10:47:54Z,2026-08-11T18:00:00Z,127.2,21.0,100.0,75.0,-79.0,79.0
5-10 дней,2026-08-06T10:47:54Z,2026-08-11T21:00:00Z,130.2,43.0,100.0,100.0,-57.0,57.0
5-10 дней,2026-08-06T10:47:54Z,2026-08-12T00:00:00Z,133.2,65.0,100.0,100.0,-35.0,35.0
5-10 дней,2026-08-06T10:47:54Z,2026-08-12T03:00:00Z,136.2,71.0,100.0,12.5,-29.0,29.0
5-10 дней,2026-08-06T10:47:54Z,2026-08-12T06:00:00Z,139.2,72.0,100.0,75.0,-28.0,28.0
5-10 дней,2026-08-06T10:47:54Z,2026-08-12T09:00:00Z,142.2,75.0,100.0,87.5,-25.0,25.0
5-10 дней,2026-08-06T10:47:54Z,2026-08-12T12:00:00Z,145.2,76.0,100.0,87.5,-24.0,24.0
5-10 дней,2026-08-06T10:47:54Z,2026-08-12T15:00:00Z,148.2,74.0,100.0,100.0,-26.0,26.0
5-10 дней,2026-08-06T10:47:54Z,2026-08-12T18:00:00Z,151.2,72.0,100.0,100.0,-28.0,28.0
5-10 дней,2026-08-06T10:47:54Z,2026-08-12T21:00:00Z,154.2,74.0,100.0,100.0,-26.0,26.0
5-10 дней,2026-08-06T10:47:54Z,2026-08-13T00:00:00Z,157.2,77.0,100.0,100.0,-23.0,23.0
5-10 дней,2026-08-06T10:47:54Z,2026-08-13T03:00:00Z,160.2,81.0,100.0,100.0,-19.0,19.0
5-10 дней,2026-08-06T10:47:54Z,2026-08-13T06:00:00Z,163.2,83.0,100.0,100.0,-17.0,17.0
5-10 дней,2026-08-06T10:47:54Z,2026-08-13T09:00:00Z,166.2,80.0,100.0,100.0,-20.0,20.0
5-10 дней,2026-08-06T10:47:54Z,2026-08-13T12:00:00Z,169.2,75.0,100.0,100.0,-25.0,25.0
5-10 дней,2026-08-06T10:47:54Z,2026-08-13T15:00:00Z,172.2,73.0,100.0,100.0,-27.0,27.0
5-10 дней,2026-08-06T10:47:54Z,2026-08-13T18:00:00Z,175.2,73.0,100.0,100.0,-27.0,27.0
5-10 дней,2026-08-06T10:47:54Z,2026-08-13T21:00:00Z,178.2,80.0,100.0,100.0,-20.0,20.0
5-10 дней,2026-08-06T10:47:54Z,2026-08-14T00:00:00Z,181.2,89.0,100.0,100.0,-11.0,11.0
5-10 дней,2026-08-06T10:47:54Z,2026-08-14T03:00:00Z,184.2,95.0,100.0,100.0,-5.0,5.0
5-10 дней,2026-08-06T10:47:54Z,2026-08-14T06:00:00Z,187.2,98.0,100.0,100.0,-2.0,2.0
5-10 дней,2026-08-06T10:47:54Z,2026-08-14T09:00:00Z,190.2,98.0,100.0,100.0,-2.0,2.0
5-10 дней,2026-08-06T10:47:54Z,2026-08-14T12:00:00Z,193.2,97.0,100.0,100.0,-3.0,3.0
5-10 дней,2026-08-06T10:47:54Z,2026-08-14T15:00:00Z,196.2,96.0,87.5,100.0,8.5,8.5
5-10 дней,2026-08-06T10:47:54Z,2026-08-14T18:00:00Z,199.2,96.0,87.5,100.0,8.5,8.5
5-10 дней,2026-08-06T10:47:54Z,2026-08-14T21:00:00Z,202.2,96.0,87.5,100.0,8.5,8.5
5-10 дней,2026-08-06T10:47:54Z,2026-08-15T00:00:00Z,205.2,96.0,100.0,100.0,-4.0,4.0
5-10 дней,2026-08-06T10:47:54Z,2026-08-15T03:00:00Z,208.2,97.0,87.5,100.0,9.5,9.5
5-10 дней,2026-08-06T10:47:54Z,2026-08-15T06:00:00Z,211.2,94.0,100.0,100.0,-6.0,6.0
5-10 дней,2026-08-06T10:47:54Z,2026-08-15T09:00:00Z,214.2,75.0,100.0,100.0,-25.0,25.0
5-10 дней,2026-08-06T10:47:54Z,2026-08-15T12:00:00Z,217.2,59.0,100.0,100.0,-41.0,41.0
5-10 дней,2026-08-06T10:47:54Z,2026-08-15T15:00:00Z,220.2,77.0,100.0,87.5,-23.0,23.0
5-10 дней,2026-08-06T10:47:54Z,2026-08-15T18:00:00Z,223.2,89.0,100.0,87.5,-11.0,11.0
5-10 дней,2026-08-06T10:47:54Z,2026-08-15T21:00:00Z,226.2,45.0,100.0,87.5,-55.0,55.0
5-10 дней,2026-08-06T11:30:42Z,2026-08-11T12:00:00Z,120.5,16.0,87.5,87.5,-71.5,71.5
5-10 дней,2026-08-06T11:30:42Z,2026-08-11T15:00:00Z,123.5,15.0,100.0,87.5,-85.0,85.0
5-10 дней,2026-08-06T11:30:42Z,2026-08-11T18:00:00Z,126.5,21.0,100.0,75.0,-79.0,79.0
5-10 дней,2026-08-06T11:30:42Z,2026-08-11T21:00:00Z,129.5,43.0,100.0,100.0,-57.0,57.0
5-10 дней,2026-08-06T11:30:42Z,2026-08-12T00:00:00Z,132.5,65.0,100.0,100.0,-35.0,35.0
5-10 дней,2026-08-06T11:30:42Z,2026-08-12T03:00:00Z,135.5,71.0,100.0,12.5,-29.0,29.0
5-10 дней,2026-08-06T11:30:42Z,2026-08-12T06:00:00Z,138.5,72.0,100.0,75.0,-28.0,28.0
5-10 дней,2026-08-06T11:30:42Z,2026-08-12T09:00:00Z,141.5,75.0,100.0,87.5,-25.0,25.0
5-10 дней,2026-08-06T11:30:42Z,2026-08-12T12:00:00Z,144.5,76.0,100.0,87.5,-24.0,24.0
5-10 дней,2026-08-06T11:30:42Z,2026-08-12T15:00:00Z,147.5,74.0,100.0,100.0,-26.0,26.0
5-10 дней,2026-08-06T11:30:42Z,2026-08-12T18:00:00Z,150.5,72.0,100.0,100.0,-28.0,28.0
5-10 дней,2026-08-06T11:30:42Z,2026-08-12T21:00:00Z,153.5,74.0,100.0,100.0,-26.0,26.0
5-10 дней,2026-08-06T11:30:42Z,2026-08-13T00:00:00Z,156.5,77.0,100.0,100.0,-23.0,23.0
5-10 дней,2026-08-06T11:30:42Z,2026-08-13T03:00:00Z,159.5,81.0,100.0,100.0,-19.0,19.0
5-10 дней,2026-08-06T11:30:42Z,2026-08-13T06:00:00Z,162.5,83.0,100.0,100.0,-17.0,17.0
5-10 дней,2026-08-06T11:30:42Z,2026-08-13T09:00:00Z,165.5,80.0,100.0,100.0,-20.0,20.0
5-10 дней,2026-08-06T11:30:42Z,2026-08-13T12:00:00Z,168.5,75.0,100.0,100.0,-25.0,25.0
5-10 дней,2026-08-06T11:30:42Z,2026-08-13T15:00:00Z,171.5,73.0,100.0,100.0,-27.0,27.0
5-10 дней,2026-08-06T11:30:42Z,2026-08-13T18:00:00Z,174.5,73.0,100.0,100.0,-27.0,27.0
5-10 дней,2026-08-06T11:30:42Z,2026-08-13T21:00:00Z,177.5,80.0,100.0,100.0,-20.0,20.0
5-10 дней,2026-08-06T11:30:42Z,2026-08-14T00:00:00Z,180.5,89.0,100.0,100.0,-11.0,11.0
5-10 дней,2026-08-06T11:30:42Z,2026-08-14T03:00:00Z,183.5,95.0,100.0,100.0,-5.0,5.0
5-10 дней,2026-08-06T11:30:42Z,2026-08-14T06:00:00Z,186.5,98.0,100.0,100.0,-2.0,2.0
5-10 дней,2026-08-06T11:30:42Z,2026-08-14T09:00:00Z,189.5,98.0,100.0,100.0,-2.0,2.0
5-10 дней,2026-08-06T11:30:42Z,2026-08-14T12:00:00Z,192.5,97.0,100.0,100.0,-3.0,3.0
5-10 дней,2026-08-06T11:30:42Z,2026-08-14T15:00:00Z,195.5,96.0,87.5,100.0,8.5,8.5
5-10 дней,2026-08-06T11:30:42Z,2026-08-14T18:00:00Z,198.5,96.0,87.5,100.0,8.5,8.5
5-10 дней,2026-08-06T11:30:42Z,2026-08-14T21:00:00Z,201.5,96.0,87.5,100.0,8.5,8.5
5-10 дней,2026-08-06T11:30:42Z,2026-08-15T00:00:00Z,204.5,96.0,100.0,100.0,-4.0,4.0
5-10 дней,2026-08-06T11:30:42Z,2026-08-15T03:00:00Z,207.5,97.0,87.5,100.0,9.5,9.5
5-10 дней,2026-08-06T11:30:42Z,2026-08-15T06:00:00Z,210.5,94.0,100.0,100.0,-6.0,6.0
5-10 дней,2026-08-06T11:30:42Z,2026-08-15T09:00:00Z,213.5,75.0,100.0,100.0,-25.0,25.0
5-10 дней,2026-08-06T11:30:42Z,2026-08-15T12:00:00Z,216.5,59.0,100.0,100.0,-41.0,41.0
5-10 дней,2026-08-06T11:30:42Z,2026-08-15T15:00:00Z,219.5,77.0,100.0,87.5,-23.0,23.0
5-10 дней,2026-08-06T11:30:42Z,2026-08-15T18:00:00Z,222.5,89.0,100.0,87.5,-11.0,11.0
5-10 дней,2026-08-06T11:30:42Z,2026-08-15T21:00:00Z,225.5,45.0,100.0,87.5,-55.0,55.0
5-10 дней,2026-08-06T11:36:01Z,2026-08-11T12:00:00Z,120.4,16.0,87.5,87.5,-71.5,71.5
5-10 дней,2026-08-06T11:36:01Z,2026-08-11T15:00:00Z,123.4,15.0,100.0,87.5,-85.0,85.0
5-10 дней,2026-08-06T11:36:01Z,2026-08-11T18:00:00Z,126.4,21.0,100.0,75.0,-79.0,79.0
5-10 дней,2026-08-06T11:36:01Z,2026-08-11T21:00:00Z,129.4,43.0,100.0,100.0,-57.0,57.0
5-10 дней,2026-08-06T11:36:01Z,2026-08-12T00:00:00Z,132.4,65.0,100.0,100.0,-35.0,35.0
5-10 дней,2026-08-06T11:36:01Z,2026-08-12T03:00:00Z,135.4,71.0,100.0,12.5,-29.0,29.0
5-10 дней,2026-08-06T11:36:01Z,2026-08-12T06:00:00Z,138.4,72.0,100.0,75.0,-28.0,28.0
5-10 дней,2026-08-06T11:36:01Z,2026-08-12T09:00:00Z,141.4,75.0,100.0,87.5,-25.0,25.0
5-10 дней,2026-08-06T11:36:01Z,2026-08-12T12:00:00Z,144.4,76.0,100.0,87.5,-24.0,24.0
5-10 дней,2026-08-06T11:36:01Z,2026-08-12T15:00:00Z,147.4,74.0,100.0,100.0,-26.0,26.0
5-10 дней,2026-08-06T11:36:01Z,2026-08-12T18:00:00Z,150.4,72.0,100.0,100.0,-28.0,28.0
5-10 дней,2026-08-06T11:36:01Z,2026-08-12T21:00:00Z,153.4,74.0,100.0,100.0,-26.0,26.0
5-10 дней,2026-08-06T11:36:01Z,2026-08-13T00:00:00Z,156.4,77.0,100.0,100.0,-23.0,23.0
5-10 дней,2026-08-06T11:36:01Z,2026-08-13T03:00:00Z,159.4,81.0,100.0,100.0,-19.0,19.0
5-10 дней,2026-08-06T11:36:01Z,2026-08-13T06:00:00Z,162.4,83.0,100.0,100.0,-17.0,17.0
5-10 дней,2026-08-06T11:36:01Z,2026-08-13T09:00:00Z,165.4,80.0,100.0,100.0,-20.0,20.0
5-10 дней,2026-08-06T11:36:01Z,2026-08-13T12:00:00Z,168.4,75.0,100.0,100.0,-25.0,25.0
5-10 дней,2026-08-06T11:36:01Z,2026-08-13T15:00:00Z,171.4,73.0,100.0,100.0,-27.0,27.0
5-10 дней,2026-08-06T11:36:01Z,2026-08-13T18:00:00Z,174.4,73.0,100.0,100.0,-27.0,27.0
5-10 дней,2026-08-06T11:36:01Z,2026-08-13T21:00:00Z,177.4,80.0,100.0,100.0,-20.0,20.0
5-10 дней,2026-08-06T11:36:01Z,2026-08-14T00:00:00Z,180.4,89.0,100.0,100.0,-11.0,11.0
5-10 дней,2026-08-06T11:36:01Z,2026-08-14T03:00:00Z,183.4,95.0,100.0,100.0,-5.0,5.0
5-10 дней,2026-08-06T11:36:01Z,2026-08-14T06:00:00Z,186.4,98.0,100.0,100.0,-2.0,2.0
5-10 дней,2026-08-06T11:36:01Z,2026-08-14T09:00:00Z,189.4,98.0,100.0,100.0,-2.0,2.0
5-10 дней,2026-08-06T11:36:01Z,2026-08-14T12:00:00Z,192.4,97.0,100.0,100.0,-3.0,3.0
5-10 дней,2026-08-06T11:36:01Z,2026-08-14T15:00:00Z,195.4,96.0,87.5,100.0,8.5,8.5
5-10 дней,2026-08-06T11:36:01Z,2026-08-14T18:00:00Z,198.4,96.0,87.5,100.0,8.5,8.5
5-10 дней,2026-08-06T11:36:01Z,2026-08-14T21:00:00Z,201.4,96.0,87.5,100.0,8.5,8.5
5-10 дней,2026-08-06T11:36:01Z,2026-08-15T00:00:00Z,204.4,96.0,100.0,100.0,-4.0,4.0
5-10 дней,2026-08-06T11:36:01Z,2026-08-15T03:00:00Z,207.4,97.0,87.5,100.0,9.5,9.5
5-10 дней,2026-08-06T11:36:01Z,2026-08-15T06:00:00Z,210.4,94.0,100.0,100.0,-6.0,6.0
5-10 дней,2026-08-06T11:36:01Z,2026-08-15T09:00:00Z,213.4,75.0,100.0,100.0,-25.0,25.0
5-10 дней,2026-08-06T11:36:01Z,2026-08-15T12:00:00Z,216.4,59.0,100.0,100.0,-41.0,41.0
5-10 дней,2026-08-06T11:36:01Z,2026-08-15T15:00:00Z,219.4,77.0,100.0,87.5,-23.0,23.0
5-10 дней,2026-08-06T11:36:01Z,2026-08-15T18:00:00Z,222.4,89.0,100.0,87.5,-11.0,11.0
5-10 дней,2026-08-06T11:36:01Z,2026-08-15T21:00:00Z,225.4,45.0,100.0,87.5,-55.0,55.0
5-10 дней,2026-08-06T11:44:08Z,2026-08-11T12:00:00Z,120.3,16.0,87.5,87.5,-71.5,71.5
5-10 дней,2026-08-06T11:44:08Z,2026-08-11T15:00:00Z,123.3,15.0,100.0,87.5,-85.0,85.0
5-10 дней,2026-08-06T11:44:08Z,2026-08-11T18:00:00Z,126.3,21.0,100.0,75.0,-79.0,79.0
5-10 дней,2026-08-06T11:44:08Z,2026-08-11T21:00:00Z,129.3,43.0,100.0,100.0,-57.0,57.0
5-10 дней,2026-08-06T11:44:08Z,2026-08-12T00:00:00Z,132.3,65.0,100.0,100.0,-35.0,35.0
5-10 дней,2026-08-06T11:44:08Z,2026-08-12T03:00:00Z,135.3,71.0,100.0,12.5,-29.0,29.0
5-10 дней,2026-08-06T11:44:08Z,2026-08-12T06:00:00Z,138.3,72.0,100.0,75.0,-28.0,28.0
5-10 дней,2026-08-06T11:44:08Z,2026-08-12T09:00:00Z,141.3,75.0,100.0,87.5,-25.0,25.0
5-10 дней,2026-08-06T11:44:08Z,2026-08-12T12:00:00Z,144.3,76.0,100.0,87.5,-24.0,24.0
5-10 дней,2026-08-06T11:44:08Z,2026-08-12T15:00:00Z,147.3,74.0,100.0,100.0,-26.0,26.0
5-10 дней,2026-08-06T11:44:08Z,2026-08-12T18:00:00Z,150.3,72.0,100.0,100.0,-28.0,28.0
5-10 дней,2026-08-06T11:44:08Z,2026-08-12T21:00:00Z,153.3,74.0,100.0,100.0,-26.0,26.0
5-10 дней,2026-08-06T11:44:08Z,2026-08-13T00:00:00Z,156.3,77.0,100.0,100.0,-23.0,23.0
5-10 дней,2026-08-06T11:44:08Z,2026-08-13T03:00:00Z,159.3,81.0,100.0,100.0,-19.0,19.0
5-10 дней,2026-08-06T11:44:08Z,2026-08-13T06:00:00Z,162.3,83.0,100.0,100.0,-17.0,17.0
5-10 дней,2026-08-06T11:44:08Z,2026-08-13T09:00:00Z,165.3,80.0,100.0,100.0,-20.0,20.0
5-10 дней,2026-08-06T11:44:08Z,2026-08-13T12:00:00Z,168.3,75.0,100.0,100.0,-25.0,25.0
5-10 дней,2026-08-06T11:44:08Z,2026-08-13T15:00:00Z,171.3,73.0,100.0,100.0,-27.0,27.0
5-10 дней,2026-08-06T11:44:08Z,2026-08-13T18:00:00Z,174.3,73.0,100.0,100.0,-27.0,27.0
5-10 дней,2026-08-06T11:44:08Z,2026-08-13T21:00:00Z,177.3,80.0,100.0,100.0,-20.0,20.0
5-10 дней,2026-08-06T11:44:08Z,2026-08-14T00:00:00Z,180.3,89.0,100.0,100.0,-11.0,11.0
5-10 дней,2026-08-06T11:44:08Z,2026-08-14T03:00:00Z,183.3,95.0,100.0,100.0,-5.0,5.0
5-10 дней,2026-08-06T11:44:08Z,2026-08-14T06:00:00Z,186.3,98.0,100.0,100.0,-2.0,2.0
5-10 дней,2026-08-06T11:44:08Z,2026-08-14T09:00:00Z,189.3,98.0,100.0,100.0,-2.0,2.0
5-10 дней,2026-08-06T11:44:08Z,2026-08-14T12:00:00Z,192.3,97.0,100.0,100.0,-3.0,3.0
5-10 дней,2026-08-06T11:44:08Z,2026-08-14T15:00:00Z,195.3,96.0,87.5,100.0,8.5,8.5
5-10 дней,2026-08-06T11:44:08Z,2026-08-14T18:00:00Z,198.3,96.0,87.5,100.0,8.5,8.5
5-10 дней,2026-08-06T11:44:08Z,2026-08-14T21:00:00Z,201.3,96.0,87.5,100.0,8.5,8.5
5-10 дней,2026-08-06T11:44:08Z,2026-08-15T00:00:00Z,204.3,96.0,100.0,100.0,-4.0,4.0
5-10 дней,2026-08-06T11:44:08Z,2026-08-15T03:00:00Z,207.3,97.0,87.5,100.0,9.5,9.5
5-10 дней,2026-08-06T11:44:08Z,2026-08-15T06:00:00Z,210.3,94.0,100.0,100.0,-6.0,6.0
5-10 дней,2026-08-06T11:44:08Z,2026-08-15T09:00:00Z,213.3,75.0,100.0,100.0,-25.0,25.0
5-10 дней,2026-08-06T11:44:08Z,2026-08-15T12:00:00Z,216.3,59.0,100.0,100.0,-41.0,41.0
5-10 дней,2026-08-06T11:44:08Z,2026-08-15T15:00:00Z,219.3,77.0,100.0,87.5,-23.0,23.0
5-10 дней,2026-08-06T11:44:08Z,2026-08-15T18:00:00Z,222.3,89.0,100.0,87.5,-11.0,11.0
5-10 дней,2026-08-06T11:44:08Z,2026-08-15T21:00:00Z,225.3,45.0,100.0,87.5,-55.0,55.0
5-10 дней,2026-08-07T01:31:32Z,2026-08-12T03:00:00Z,121.5,79.0,100.0,12.5,-21.0,21.0
5-10 дней,2026-08-07T01:31:32Z,2026-08-12T06:00:00Z,124.5,69.0,100.0,75.0,-31.0,31.0
5-10 дней,2026-08-07T01:31:32Z,2026-08-12T09:00:00Z,127.5,60.0,100.0,87.5,-40.0,40.0
5-10 дней,2026-08-07T01:31:32Z,2026-08-12T12:00:00Z,130.5,56.0,100.0,87.5,-44.0,44.0
5-10 дней,2026-08-07T01:31:32Z,2026-08-12T15:00:00Z,133.5,68.0,100.0,100.0,-32.0,32.0
5-10 дней,2026-08-07T01:31:32Z,2026-08-12T18:00:00Z,136.5,83.0,100.0,100.0,-17.0,17.0
5-10 дней,2026-08-07T01:31:32Z,2026-08-12T21:00:00Z,139.5,90.0,100.0,100.0,-10.0,10.0
5-10 дней,2026-08-07T01:31:32Z,2026-08-13T00:00:00Z,142.5,95.0,100.0,100.0,-5.0,5.0
5-10 дней,2026-08-07T01:31:32Z,2026-08-13T03:00:00Z,145.5,99.0,100.0,100.0,-1.0,1.0
5-10 дней,2026-08-07T01:31:32Z,2026-08-13T06:00:00Z,148.5,100.0,100.0,100.0,0.0,0.0
5-10 дней,2026-08-07T01:31:32Z,2026-08-13T09:00:00Z,151.5,98.0,100.0,100.0,-2.0,2.0
5-10 дней,2026-08-07T01:31:32Z,2026-08-13T12:00:00Z,154.5,96.0,100.0,100.0,-4.0,4.0
5-10 дней,2026-08-07T01:31:32Z,2026-08-13T15:00:00Z,157.5,95.0,100.0,100.0,-5.0,5.0
5-10 дней,2026-08-07T01:31:32Z,2026-08-13T18:00:00Z,160.5,94.0,100.0,100.0,-6.0,6.0
5-10 дней,2026-08-07T01:31:32Z,2026-08-13T21:00:00Z,163.5,93.0,100.0,100.0,-7.0,7.0
5-10 дней,2026-08-07T01:31:32Z,2026-08-14T00:00:00Z,166.5,92.0,100.0,100.0,-8.0,8.0
5-10 дней,2026-08-07T01:31:32Z,2026-08-14T03:00:00Z,169.5,97.0,100.0,100.0,-3.0,3.0
5-10 дней,2026-08-07T01:31:32Z,2026-08-14T06:00:00Z,172.5,98.0,100.0,100.0,-2.0,2.0
5-10 дней,2026-08-07T01:31:32Z,2026-08-14T09:00:00Z,175.5,87.0,100.0,100.0,-13.0,13.0
5-10 дней,2026-08-07T01:31:32Z,2026-08-14T12:00:00Z,178.5,72.0,100.0,100.0,-28.0,28.0
5-10 дней,2026-08-07T01:31:32Z,2026-08-14T15:00:00Z,181.5,59.0,87.5,100.0,-28.5,28.5
5-10 дней,2026-08-07T01:31:32Z,2026-08-14T18:00:00Z,184.5,46.0,87.5,100.0,-41.5,41.5
5-10 дней,2026-08-07T01:31:32Z,2026-08-14T21:00:00Z,187.5,30.0,87.5,100.0,-57.5,57.5
5-10 дней,2026-08-07T01:31:32Z,2026-08-15T00:00:00Z,190.5,26.0,100.0,100.0,-74.0,74.0
5-10 дней,2026-08-07T01:31:32Z,2026-08-15T03:00:00Z,193.5,67.0,87.5,100.0,-20.5,20.5
5-10 дней,2026-08-07T01:31:32Z,2026-08-15T06:00:00Z,196.5,100.0,100.0,100.0,0.0,0.0
5-10 дней,2026-08-07T01:31:32Z,2026-08-15T09:00:00Z,199.5,64.0,100.0,100.0,-36.0,36.0
5-10 дней,2026-08-07T01:31:32Z,2026-08-15T12:00:00Z,202.5,19.0,100.0,100.0,-81.0,81.0
5-10 дней,2026-08-07T01:31:32Z,2026-08-15T15:00:00Z,205.5,8.0,100.0,87.5,-92.0,92.0
5-10 дней,2026-08-07T01:31:32Z,2026-08-15T18:00:00Z,208.5,17.0,100.0,87.5,-83.0,83.0
5-10 дней,2026-08-07T01:31:32Z,2026-08-15T21:00:00Z,211.5,58.0,100.0,87.5,-42.0,42.0
5-10 дней,2026-08-07T01:31:32Z,2026-08-16T00:00:00Z,214.5,100.0,87.5,100.0,12.5,12.5
5-10 дней,2026-08-07T01:31:32Z,2026-08-16T03:00:00Z,217.5,100.0,100.0,87.5,0.0,0.0
5-10 дней,2026-08-07T01:31:32Z,2026-08-16T06:00:00Z,220.5,100.0,100.0,100.0,0.0,0.0
5-10 дней,2026-08-07T01:31:32Z,2026-08-16T09:00:00Z,223.5,86.0,100.0,100.0,-14.0,14.0
5-10 дней,2026-08-07T01:31:32Z,2026-08-16T12:00:00Z,226.5,67.0,87.5,100.0,-20.5,20.5
5-10 дней,2026-08-07T01:31:32Z,2026-08-16T15:00:00Z,229.5,42.0,87.5,100.0,-45.5,45.5
5-10 дней,2026-08-07T01:31:32Z,2026-08-16T18:00:00Z,232.5,28.0,25.0,100.0,3.0,3.0
5-10 дней,2026-08-07T01:31:32Z,2026-08-16T21:00:00Z,235.5,50.0,25.0,100.0,25.0,25.0
5-10 дней,2026-08-07T05:36:00Z,2026-08-12T06:00:00Z,120.4,95.0,100.0,75.0,-5.0,5.0
5-10 дней,2026-08-07T05:36:00Z,2026-08-12T09:00:00Z,123.4,74.0,100.0,87.5,-26.0,26.0
5-10 дней,2026-08-07T05:36:00Z,2026-08-12T12:00:00Z,126.4,56.0,100.0,87.5,-44.0,44.0
5-10 дней,2026-08-07T05:36:00Z,2026-08-12T15:00:00Z,129.4,66.0,100.0,100.0,-34.0,34.0
5-10 дней,2026-08-07T05:36:00Z,2026-08-12T18:00:00Z,132.4,83.0,100.0,100.0,-17.0,17.0
5-10 дней,2026-08-07T05:36:00Z,2026-08-12T21:00:00Z,135.4,90.0,100.0,100.0,-10.0,10.0
5-10 дней,2026-08-07T05:36:00Z,2026-08-13T00:00:00Z,138.4,95.0,100.0,100.0,-5.0,5.0
5-10 дней,2026-08-07T05:36:00Z,2026-08-13T03:00:00Z,141.4,99.0,100.0,100.0,-1.0,1.0
5-10 дней,2026-08-07T05:36:00Z,2026-08-13T06:00:00Z,144.4,100.0,100.0,100.0,0.0,0.0
5-10 дней,2026-08-07T05:36:00Z,2026-08-13T09:00:00Z,147.4,98.0,100.0,100.0,-2.0,2.0
5-10 дней,2026-08-07T05:36:00Z,2026-08-13T12:00:00Z,150.4,96.0,100.0,100.0,-4.0,4.0
5-10 дней,2026-08-07T05:36:00Z,2026-08-13T15:00:00Z,153.4,95.0,100.0,100.0,-5.0,5.0
5-10 дней,2026-08-07T05:36:00Z,2026-08-13T18:00:00Z,156.4,94.0,100.0,100.0,-6.0,6.0
5-10 дней,2026-08-07T05:36:00Z,2026-08-13T21:00:00Z,159.4,93.0,100.0,100.0,-7.0,7.0
5-10 дней,2026-08-07T05:36:00Z,2026-08-14T00:00:00Z,162.4,92.0,100.0,100.0,-8.0,8.0
5-10 дней,2026-08-07T05:36:00Z,2026-08-14T03:00:00Z,165.4,97.0,100.0,100.0,-3.0,3.0
5-10 дней,2026-08-07T05:36:00Z,2026-08-14T06:00:00Z,168.4,98.0,100.0,100.0,-2.0,2.0
5-10 дней,2026-08-07T05:36:00Z,2026-08-14T09:00:00Z,171.4,87.0,100.0,100.0,-13.0,13.0
5-10 дней,2026-08-07T05:36:00Z,2026-08-14T12:00:00Z,174.4,72.0,100.0,100.0,-28.0,28.0
5-10 дней,2026-08-07T05:36:00Z,2026-08-14T15:00:00Z,177.4,59.0,87.5,100.0,-28.5,28.5
5-10 дней,2026-08-07T05:36:00Z,2026-08-14T18:00:00Z,180.4,46.0,87.5,100.0,-41.5,41.5
5-10 дней,2026-08-07T05:36:00Z,2026-08-14T21:00:00Z,183.4,30.0,87.5,100.0,-57.5,57.5
5-10 дней,2026-08-07T05:36:00Z,2026-08-15T00:00:00Z,186.4,26.0,100.0,100.0,-74.0,74.0
5-10 дней,2026-08-07T05:36:00Z,2026-08-15T03:00:00Z,189.4,67.0,87.5,100.0,-20.5,20.5
5-10 дней,2026-08-07T05:36:00Z,2026-08-15T06:00:00Z,192.4,100.0,100.0,100.0,0.0,0.0
5-10 дней,2026-08-07T05:36:00Z,2026-08-15T09:00:00Z,195.4,64.0,100.0,100.0,-36.0,36.0
5-10 дней,2026-08-07T05:36:00Z,2026-08-15T12:00:00Z,198.4,19.0,100.0,100.0,-81.0,81.0
5-10 дней,2026-08-07T05:36:00Z,2026-08-15T15:00:00Z,201.4,8.0,100.0,87.5,-92.0,92.0
5-10 дней,2026-08-07T05:36:00Z,2026-08-15T18:00:00Z,204.4,17.0,100.0,87.5,-83.0,83.0
5-10 дней,2026-08-07T05:36:00Z,2026-08-15T21:00:00Z,207.4,58.0,100.0,87.5,-42.0,42.0
5-10 дней,2026-08-07T05:36:00Z,2026-08-16T00:00:00Z,210.4,100.0,87.5,100.0,12.5,12.5
5-10 дней,2026-08-07T05:36:00Z,2026-08-16T03:00:00Z,213.4,100.0,100.0,87.5,0.0,0.0
5-10 дней,2026-08-07T05:36:00Z,2026-08-16T06:00:00Z,216.4,100.0,100.0,100.0,0.0,0.0
5-10 дней,2026-08-07T05:36:00Z,2026-08-16T09:00:00Z,219.4,86.0,100.0,100.0,-14.0,14.0
5-10 дней,2026-08-07T05:36:00Z,2026-08-16T12:00:00Z,222.4,67.0,87.5,100.0,-20.5,20.5
5-10 дней,2026-08-07T05:36:00Z,2026-08-16T15:00:00Z,225.4,42.0,87.5,100.0,-45.5,45.5
5-10 дней,2026-08-07T05:36:00Z,2026-08-16T18:00:00Z,228.4,28.0,25.0,100.0,3.0,3.0
5-10 дней,2026-08-07T05:36:00Z,2026-08-16T21:00:00Z,231.4,50.0,25.0,100.0,25.0,25.0
5-10 дней,2026-08-07T06:18:59Z,2026-08-12T09:00:00Z,122.7,74.0,100.0,87.5,-26.0,26.0
5-10 дней,2026-08-07T06:18:59Z,2026-08-12T12:00:00Z,125.7,56.0,100.0,87.5,-44.0,44.0
5-10 дней,2026-08-07T06:18:59Z,2026-08-12T15:00:00Z,128.7,66.0,100.0,100.0,-34.0,34.0
5-10 дней,2026-08-07T06:18:59Z,2026-08-12T18:00:00Z,131.7,83.0,100.0,100.0,-17.0,17.0
5-10 дней,2026-08-07T06:18:59Z,2026-08-12T21:00:00Z,134.7,90.0,100.0,100.0,-10.0,10.0
5-10 дней,2026-08-07T06:18:59Z,2026-08-13T00:00:00Z,137.7,95.0,100.0,100.0,-5.0,5.0
5-10 дней,2026-08-07T06:18:59Z,2026-08-13T03:00:00Z,140.7,99.0,100.0,100.0,-1.0,1.0
5-10 дней,2026-08-07T06:18:59Z,2026-08-13T06:00:00Z,143.7,100.0,100.0,100.0,0.0,0.0
5-10 дней,2026-08-07T06:18:59Z,2026-08-13T09:00:00Z,146.7,98.0,100.0,100.0,-2.0,2.0
5-10 дней,2026-08-07T06:18:59Z,2026-08-13T12:00:00Z,149.7,96.0,100.0,100.0,-4.0,4.0
5-10 дней,2026-08-07T06:18:59Z,2026-08-13T15:00:00Z,152.7,95.0,100.0,100.0,-5.0,5.0
5-10 дней,2026-08-07T06:18:59Z,2026-08-13T18:00:00Z,155.7,94.0,100.0,100.0,-6.0,6.0
5-10 дней,2026-08-07T06:18:59Z,2026-08-13T21:00:00Z,158.7,93.0,100.0,100.0,-7.0,7.0
5-10 дней,2026-08-07T06:18:59Z,2026-08-14T00:00:00Z,161.7,92.0,100.0,100.0,-8.0,8.0
5-10 дней,2026-08-07T06:18:59Z,2026-08-14T03:00:00Z,164.7,97.0,100.0,100.0,-3.0,3.0
5-10 дней,2026-08-07T06:18:59Z,2026-08-14T06:00:00Z,167.7,98.0,100.0,100.0,-2.0,2.0
5-10 дней,2026-08-07T06:18:59Z,2026-08-14T09:00:00Z,170.7,87.0,100.0,100.0,-13.0,13.0
5-10 дней,2026-08-07T06:18:59Z,2026-08-14T12:00:00Z,173.7,72.0,100.0,100.0,-28.0,28.0
5-10 дней,2026-08-07T06:18:59Z,2026-08-14T15:00:00Z,176.7,59.0,87.5,100.0,-28.5,28.5
5-10 дней,2026-08-07T06:18:59Z,2026-08-14T18:00:00Z,179.7,46.0,87.5,100.0,-41.5,41.5
5-10 дней,2026-08-07T06:18:59Z,2026-08-14T21:00:00Z,182.7,30.0,87.5,100.0,-57.5,57.5
5-10 дней,2026-08-07T06:18:59Z,2026-08-15T00:00:00Z,185.7,26.0,100.0,100.0,-74.0,74.0
5-10 дней,2026-08-07T06:18:59Z,2026-08-15T03:00:00Z,188.7,67.0,87.5,100.0,-20.5,20.5
5-10 дней,2026-08-07T06:18:59Z,2026-08-15T06:00:00Z,191.7,100.0,100.0,100.0,0.0,0.0
5-10 дней,2026-08-07T06:18:59Z,2026-08-15T09:00:00Z,194.7,64.0,100.0,100.0,-36.0,36.0
5-10 дней,2026-08-07T06:18:59Z,2026-08-15T12:00:00Z,197.7,19.0,100.0,100.0,-81.0,81.0
5-10 дней,2026-08-07T06:18:59Z,2026-08-15T15:00:00Z,200.7,8.0,100.0,87.5,-92.0,92.0
5-10 дней,2026-08-07T06:18:59Z,2026-08-15T18:00:00Z,203.7,17.0,100.0,87.5,-83.0,83.0
5-10 дней,2026-08-07T06:18:59Z,2026-08-15T21:00:00Z,206.7,58.0,100.0,87.5,-42.0,42.0
5-10 дней,2026-08-07T06:18:59Z,2026-08-16T00:00:00Z,209.7,100.0,87.5,100.0,12.5,12.5
5-10 дней,2026-08-07T06:18:59Z,2026-08-16T03:00:00Z,212.7,100.0,100.0,87.5,0.0,0.0
5-10 дней,2026-08-07T06:18:59Z,2026-08-16T06:00:00Z,215.7,100.0,100.0,100.0,0.0,0.0
5-10 дней,2026-08-07T06:18:59Z,2026-08-16T09:00:00Z,218.7,86.0,100.0,100.0,-14.0,14.0
5-10 дней,2026-08-07T06:18:59Z,2026-08-16T12:00:00Z,221.7,67.0,87.5,100.0,-20.5,20.5
5-10 дней,2026-08-07T06:18:59Z,2026-08-16T15:00:00Z,224.7,42.0,87.5,100.0,-45.5,45.5
5-10 дней,2026-08-07T06:18:59Z,2026-08-16T18:00:00Z,227.7,28.0,25.0,100.0,3.0,3.0
5-10 дней,2026-08-07T06:18:59Z,2026-08-16T21:00:00Z,230.7,50.0,25.0,100.0,25.0,25.0
5-10 дней,2026-08-07T07:13:52Z,2026-08-12T09:00:00Z,121.8,74.0,100.0,87.5,-26.0,26.0
5-10 дней,2026-08-07T07:13:52Z,2026-08-12T12:00:00Z,124.8,56.0,100.0,87.5,-44.0,44.0
5-10 дней,2026-08-07T07:13:52Z,2026-08-12T15:00:00Z,127.8,66.0,100.0,100.0,-34.0,34.0
5-10 дней,2026-08-07T07:13:52Z,2026-08-12T18:00:00Z,130.8,83.0,100.0,100.0,-17.0,17.0
5-10 дней,2026-08-07T07:13:52Z,2026-08-12T21:00:00Z,133.8,90.0,100.0,100.0,-10.0,10.0
5-10 дней,2026-08-07T07:13:52Z,2026-08-13T00:00:00Z,136.8,95.0,100.0,100.0,-5.0,5.0
5-10 дней,2026-08-07T07:13:52Z,2026-08-13T03:00:00Z,139.8,99.0,100.0,100.0,-1.0,1.0
5-10 дней,2026-08-07T07:13:52Z,2026-08-13T06:00:00Z,142.8,100.0,100.0,100.0,0.0,0.0
5-10 дней,2026-08-07T07:13:52Z,2026-08-13T09:00:00Z,145.8,98.0,100.0,100.0,-2.0,2.0
5-10 дней,2026-08-07T07:13:52Z,2026-08-13T12:00:00Z,148.8,96.0,100.0,100.0,-4.0,4.0
5-10 дней,2026-08-07T07:13:52Z,2026-08-13T15:00:00Z,151.8,95.0,100.0,100.0,-5.0,5.0
5-10 дней,2026-08-07T07:13:52Z,2026-08-13T18:00:00Z,154.8,94.0,100.0,100.0,-6.0,6.0
5-10 дней,2026-08-07T07:13:52Z,2026-08-13T21:00:00Z,157.8,93.0,100.0,100.0,-7.0,7.0
5-10 дней,2026-08-07T07:13:52Z,2026-08-14T00:00:00Z,160.8,92.0,100.0,100.0,-8.0,8.0
5-10 дней,2026-08-07T07:13:52Z,2026-08-14T03:00:00Z,163.8,97.0,100.0,100.0,-3.0,3.0
5-10 дней,2026-08-07T07:13:52Z,2026-08-14T06:00:00Z,166.8,98.0,100.0,100.0,-2.0,2.0
5-10 дней,2026-08-07T07:13:52Z,2026-08-14T09:00:00Z,169.8,87.0,100.0,100.0,-13.0,13.0
5-10 дней,2026-08-07T07:13:52Z,2026-08-14T12:00:00Z,172.8,72.0,100.0,100.0,-28.0,28.0
5-10 дней,2026-08-07T07:13:52Z,2026-08-14T15:00:00Z,175.8,59.0,87.5,100.0,-28.5,28.5
5-10 дней,2026-08-07T07:13:52Z,2026-08-14T18:00:00Z,178.8,46.0,87.5,100.0,-41.5,41.5
5-10 дней,2026-08-07T07:13:52Z,2026-08-14T21:00:00Z,181.8,30.0,87.5,100.0,-57.5,57.5
5-10 дней,2026-08-07T07:13:52Z,2026-08-15T00:00:00Z,184.8,26.0,100.0,100.0,-74.0,74.0
5-10 дней,2026-08-07T07:13:52Z,2026-08-15T03:00:00Z,187.8,67.0,87.5,100.0,-20.5,20.5
5-10 дней,2026-08-07T07:13:52Z,2026-08-15T06:00:00Z,190.8,100.0,100.0,100.0,0.0,0.0
5-10 дней,2026-08-07T07:13:52Z,2026-08-15T09:00:00Z,193.8,64.0,100.0,100.0,-36.0,36.0
5-10 дней,2026-08-07T07:13:52Z,2026-08-15T12:00:00Z,196.8,19.0,100.0,100.0,-81.0,81.0
5-10 дней,2026-08-07T07:13:52Z,2026-08-15T15:00:00Z,199.8,8.0,100.0,87.5,-92.0,92.0
5-10 дней,2026-08-07T07:13:52Z,2026-08-15T18:00:00Z,202.8,17.0,100.0,87.5,-83.0,83.0
5-10 дней,2026-08-07T07:13:52Z,2026-08-15T21:00:00Z,205.8,58.0,100.0,87.5,-42.0,42.0
5-10 дней,2026-08-07T07:13:52Z,2026-08-16T00:00:00Z,208.8,100.0,87.5,100.0,12.5,12.5
5-10 дней,2026-08-07T07:13:52Z,2026-08-16T03:00:00Z,211.8,100.0,100.0,87.5,0.0,0.0
5-10 дней,2026-08-07T07:13:52Z,2026-08-16T06:00:00Z,214.8,100.0,100.0,100.0,0.0,0.0
5-10 дней,2026-08-07T07:13:52Z,2026-08-16T09:00:00Z,217.8,86.0,100.0,100.0,-14.0,14.0
5-10 дней,2026-08-07T07:13:52Z,2026-08-16T12:00:00Z,220.8,67.0,87.5,100.0,-20.5,20.5
5-10 дней,2026-08-07T07:13:52Z,2026-08-16T15:00:00Z,223.8,42.0,87.5,100.0,-45.5,45.5
5-10 дней,2026-08-07T07:13:52Z,2026-08-16T18:00:00Z,226.8,28.0,25.0,100.0,3.0,3.0
5-10 дней,2026-08-07T07:13:52Z,2026-08-16T21:00:00Z,229.8,50.0,25.0,100.0,25.0,25.0
5-10 дней,2026-08-07T10:39:14Z,2026-08-12T12:00:00Z,121.3,100.0,100.0,87.5,0.0,0.0
5-10 дней,2026-08-07T10:39:14Z,2026-08-12T15:00:00Z,124.3,91.0,100.0,100.0,-9.0,9.0
5-10 дней,2026-08-07T10:39:14Z,2026-08-12T18:00:00Z,127.3,82.0,100.0,100.0,-18.0,18.0
5-10 дней,2026-08-07T10:39:14Z,2026-08-12T21:00:00Z,130.3,83.0,100.0,100.0,-17.0,17.0
5-10 дней,2026-08-07T10:39:14Z,2026-08-13T00:00:00Z,133.3,88.0,100.0,100.0,-12.0,12.0
5-10 дней,2026-08-07T10:39:14Z,2026-08-13T03:00:00Z,136.3,98.0,100.0,100.0,-2.0,2.0
5-10 дней,2026-08-07T10:39:14Z,2026-08-13T06:00:00Z,139.3,100.0,100.0,100.0,0.0,0.0
5-10 дней,2026-08-07T10:39:14Z,2026-08-13T09:00:00Z,142.3,73.0,100.0,100.0,-27.0,27.0
5-10 дней,2026-08-07T10:39:14Z,2026-08-13T12:00:00Z,145.3,45.0,100.0,100.0,-55.0,55.0
5-10 дней,2026-08-07T10:39:14Z,2026-08-13T15:00:00Z,148.3,45.0,100.0,100.0,-55.0,55.0
5-10 дней,2026-08-07T10:39:14Z,2026-08-13T18:00:00Z,151.3,55.0,100.0,100.0,-45.0,45.0
5-10 дней,2026-08-07T10:39:14Z,2026-08-13T21:00:00Z,154.3,71.0,100.0,100.0,-29.0,29.0
5-10 дней,2026-08-07T10:39:14Z,2026-08-14T00:00:00Z,157.3,87.0,100.0,100.0,-13.0,13.0
5-10 дней,2026-08-07T10:39:14Z,2026-08-14T03:00:00Z,160.3,91.0,100.0,100.0,-9.0,9.0
5-10 дней,2026-08-07T10:39:14Z,2026-08-14T06:00:00Z,163.3,90.0,100.0,100.0,-10.0,10.0
5-10 дней,2026-08-07T10:39:14Z,2026-08-14T09:00:00Z,166.3,84.0,100.0,100.0,-16.0,16.0
5-10 дней,2026-08-07T10:39:14Z,2026-08-14T12:00:00Z,169.3,79.0,100.0,100.0,-21.0,21.0
5-10 дней,2026-08-07T10:39:14Z,2026-08-14T15:00:00Z,172.3,88.0,87.5,100.0,0.5,0.5
5-10 дней,2026-08-07T10:39:14Z,2026-08-14T18:00:00Z,175.3,98.0,87.5,100.0,10.5,10.5
5-10 дней,2026-08-07T10:39:14Z,2026-08-14T21:00:00Z,178.3,100.0,87.5,100.0,12.5,12.5
5-10 дней,2026-08-07T10:39:14Z,2026-08-15T00:00:00Z,181.3,100.0,100.0,100.0,0.0,0.0
5-10 дней,2026-08-07T10:39:14Z,2026-08-15T03:00:00Z,184.3,95.0,87.5,100.0,7.5,7.5
5-10 дней,2026-08-07T10:39:14Z,2026-08-15T06:00:00Z,187.3,90.0,100.0,100.0,-10.0,10.0
5-10 дней,2026-08-07T10:39:14Z,2026-08-15T09:00:00Z,190.3,87.0,100.0,100.0,-13.0,13.0
5-10 дней,2026-08-07T10:39:14Z,2026-08-15T12:00:00Z,193.3,86.0,100.0,100.0,-14.0,14.0
5-10 дней,2026-08-07T10:39:14Z,2026-08-15T15:00:00Z,196.3,90.0,100.0,87.5,-10.0,10.0
5-10 дней,2026-08-07T10:39:14Z,2026-08-15T18:00:00Z,199.3,95.0,100.0,87.5,-5.0,5.0
5-10 дней,2026-08-07T10:39:14Z,2026-08-15T21:00:00Z,202.3,97.0,100.0,87.5,-3.0,3.0
5-10 дней,2026-08-07T10:39:14Z,2026-08-16T00:00:00Z,205.3,98.0,87.5,100.0,10.5,10.5
5-10 дней,2026-08-07T10:39:14Z,2026-08-16T03:00:00Z,208.3,100.0,100.0,87.5,0.0,0.0
5-10 дней,2026-08-07T10:39:14Z,2026-08-16T06:00:00Z,211.3,96.0,100.0,100.0,-4.0,4.0
5-10 дней,2026-08-07T10:39:14Z,2026-08-16T09:00:00Z,214.3,63.0,100.0,100.0,-37.0,37.0
5-10 дней,2026-08-07T10:39:14Z,2026-08-16T12:00:00Z,217.3,32.0,87.5,100.0,-55.5,55.5
5-10 дней,2026-08-07T10:39:14Z,2026-08-16T15:00:00Z,220.3,38.0,87.5,100.0,-49.5,49.5
5-10 дней,2026-08-07T10:39:14Z,2026-08-16T18:00:00Z,223.3,53.0,25.0,100.0,28.0,28.0
5-10 дней,2026-08-07T10:39:14Z,2026-08-16T21:00:00Z,226.3,63.0,25.0,100.0,38.0,38.0
5-10 дней,2026-08-07T16:51:54Z,2026-08-12T18:00:00Z,121.1,94.0,100.0,100.0,-6.0,6.0
5-10 дней,2026-08-07T16:51:54Z,2026-08-12T21:00:00Z,124.1,90.0,100.0,100.0,-10.0,10.0
5-10 дней,2026-08-07T16:51:54Z,2026-08-13T00:00:00Z,127.1,88.0,100.0,100.0,-12.0,12.0
5-10 дней,2026-08-07T16:51:54Z,2026-08-13T03:00:00Z,130.1,97.0,100.0,100.0,-3.0,3.0
5-10 дней,2026-08-07T16:51:54Z,2026-08-13T06:00:00Z,133.1,100.0,100.0,100.0,0.0,0.0
5-10 дней,2026-08-07T16:51:54Z,2026-08-13T09:00:00Z,136.1,73.0,100.0,100.0,-27.0,27.0
5-10 дней,2026-08-07T16:51:54Z,2026-08-13T12:00:00Z,139.1,45.0,100.0,100.0,-55.0,55.0
5-10 дней,2026-08-07T16:51:54Z,2026-08-13T15:00:00Z,142.1,45.0,100.0,100.0,-55.0,55.0
5-10 дней,2026-08-07T16:51:54Z,2026-08-13T18:00:00Z,145.1,55.0,100.0,100.0,-45.0,45.0
5-10 дней,2026-08-07T16:51:54Z,2026-08-13T21:00:00Z,148.1,71.0,100.0,100.0,-29.0,29.0
5-10 дней,2026-08-07T16:51:54Z,2026-08-14T00:00:00Z,151.1,87.0,100.0,100.0,-13.0,13.0
5-10 дней,2026-08-07T16:51:54Z,2026-08-14T03:00:00Z,154.1,91.0,100.0,100.0,-9.0,9.0
5-10 дней,2026-08-07T16:51:54Z,2026-08-14T06:00:00Z,157.1,90.0,100.0,100.0,-10.0,10.0
5-10 дней,2026-08-07T16:51:54Z,2026-08-14T09:00:00Z,160.1,84.0,100.0,100.0,-16.0,16.0
5-10 дней,2026-08-07T16:51:54Z,2026-08-14T12:00:00Z,163.1,79.0,100.0,100.0,-21.0,21.0
5-10 дней,2026-08-07T16:51:54Z,2026-08-14T15:00:00Z,166.1,88.0,87.5,100.0,0.5,0.5
5-10 дней,2026-08-07T16:51:54Z,2026-08-14T18:00:00Z,169.1,98.0,87.5,100.0,10.5,10.5
5-10 дней,2026-08-07T16:51:54Z,2026-08-14T21:00:00Z,172.1,100.0,87.5,100.0,12.5,12.5
5-10 дней,2026-08-07T16:51:54Z,2026-08-15T00:00:00Z,175.1,100.0,100.0,100.0,0.0,0.0
5-10 дней,2026-08-07T16:51:54Z,2026-08-15T03:00:00Z,178.1,95.0,87.5,100.0,7.5,7.5
5-10 дней,2026-08-07T16:51:54Z,2026-08-15T06:00:00Z,181.1,90.0,100.0,100.0,-10.0,10.0
5-10 дней,2026-08-07T16:51:54Z,2026-08-15T09:00:00Z,184.1,87.0,100.0,100.0,-13.0,13.0
5-10 дней,2026-08-07T16:51:54Z,2026-08-15T12:00:00Z,187.1,86.0,100.0,100.0,-14.0,14.0
5-10 дней,2026-08-07T16:51:54Z,2026-08-15T15:00:00Z,190.1,90.0,100.0,87.5,-10.0,10.0
5-10 дней,2026-08-07T16:51:54Z,2026-08-15T18:00:00Z,193.1,95.0,100.0,87.5,-5.0,5.0
5-10 дней,2026-08-07T16:51:54Z,2026-08-15T21:00:00Z,196.1,97.0,100.0,87.5,-3.0,3.0
5-10 дней,2026-08-07T16:51:54Z,2026-08-16T00:00:00Z,199.1,98.0,87.5,100.0,10.5,10.5
5-10 дней,2026-08-07T16:51:54Z,2026-08-16T03:00:00Z,202.1,100.0,100.0,87.5,0.0,0.0
5-10 дней,2026-08-07T16:51:54Z,2026-08-16T06:00:00Z,205.1,96.0,100.0,100.0,-4.0,4.0
5-10 дней,2026-08-07T16:51:54Z,2026-08-16T09:00:00Z,208.1,63.0,100.0,100.0,-37.0,37.0
5-10 дней,2026-08-07T16:51:54Z,2026-08-16T12:00:00Z,211.1,32.0,87.5,100.0,-55.5,55.5
5-10 дней,2026-08-07T16:51:54Z,2026-08-16T15:00:00Z,214.1,38.0,87.5,100.0,-49.5,49.5
5-10 дней,2026-08-07T16:51:54Z,2026-08-16T18:00:00Z,217.1,53.0,25.0,100.0,28.0,28.0
5-10 дней,2026-08-07T16:51:54Z,2026-08-16T21:00:00Z,220.1,63.0,25.0,100.0,38.0,38.0
5-10 дней,2026-08-07T22:45:57Z,2026-08-13T00:00:00Z,121.2,89.0,100.0,100.0,-11.0,11.0
5-10 дней,2026-08-07T22:45:57Z,2026-08-13T03:00:00Z,124.2,92.0,100.0,100.0,-8.0,8.0
5-10 дней,2026-08-07T22:45:57Z,2026-08-13T06:00:00Z,127.2,95.0,100.0,100.0,-5.0,5.0
5-10 дней,2026-08-07T22:45:57Z,2026-08-13T09:00:00Z,130.2,90.0,100.0,100.0,-10.0,10.0
5-10 дней,2026-08-07T22:45:57Z,2026-08-13T12:00:00Z,133.2,85.0,100.0,100.0,-15.0,15.0
5-10 дней,2026-08-07T22:45:57Z,2026-08-13T15:00:00Z,136.2,89.0,100.0,100.0,-11.0,11.0
5-10 дней,2026-08-07T22:45:57Z,2026-08-13T18:00:00Z,139.2,92.0,100.0,100.0,-8.0,8.0
5-10 дней,2026-08-07T22:45:57Z,2026-08-13T21:00:00Z,142.2,85.0,100.0,100.0,-15.0,15.0
5-10 дней,2026-08-07T22:45:57Z,2026-08-14T00:00:00Z,145.2,71.0,100.0,100.0,-29.0,29.0
5-10 дней,2026-08-07T22:45:57Z,2026-08-14T03:00:00Z,148.2,44.0,100.0,100.0,-56.0,56.0
5-10 дней,2026-08-07T22:45:57Z,2026-08-14T06:00:00Z,151.2,17.0,100.0,100.0,-83.0,83.0
5-10 дней,2026-08-07T22:45:57Z,2026-08-14T09:00:00Z,154.2,5.0,100.0,100.0,-95.0,95.0
5-10 дней,2026-08-07T22:45:57Z,2026-08-14T12:00:00Z,157.2,0.0,100.0,100.0,-100.0,100.0
5-10 дней,2026-08-07T22:45:57Z,2026-08-14T15:00:00Z,160.2,0.0,87.5,100.0,-87.5,87.5
5-10 дней,2026-08-07T22:45:57Z,2026-08-14T18:00:00Z,163.2,0.0,87.5,100.0,-87.5,87.5
5-10 дней,2026-08-07T22:45:57Z,2026-08-14T21:00:00Z,166.2,3.0,87.5,100.0,-84.5,84.5
5-10 дней,2026-08-07T22:45:57Z,2026-08-15T00:00:00Z,169.2,6.0,100.0,100.0,-94.0,94.0
5-10 дней,2026-08-07T22:45:57Z,2026-08-15T03:00:00Z,172.2,5.0,87.5,100.0,-82.5,82.5
5-10 дней,2026-08-07T22:45:57Z,2026-08-15T06:00:00Z,175.2,9.0,100.0,100.0,-91.0,91.0
5-10 дней,2026-08-07T22:45:57Z,2026-08-15T09:00:00Z,178.2,29.0,100.0,100.0,-71.0,71.0
5-10 дней,2026-08-07T22:45:57Z,2026-08-15T12:00:00Z,181.2,50.0,100.0,100.0,-50.0,50.0
5-10 дней,2026-08-07T22:45:57Z,2026-08-15T15:00:00Z,184.2,58.0,100.0,87.5,-42.0,42.0
5-10 дней,2026-08-07T22:45:57Z,2026-08-15T18:00:00Z,187.2,63.0,100.0,87.5,-37.0,37.0
5-10 дней,2026-08-07T22:45:57Z,2026-08-15T21:00:00Z,190.2,76.0,100.0,87.5,-24.0,24.0
5-10 дней,2026-08-07T22:45:57Z,2026-08-16T00:00:00Z,193.2,87.0,87.5,100.0,-0.5,0.5
5-10 дней,2026-08-07T22:45:57Z,2026-08-16T03:00:00Z,196.2,93.0,100.0,87.5,-7.0,7.0
5-10 дней,2026-08-07T22:45:57Z,2026-08-16T06:00:00Z,199.2,91.0,100.0,100.0,-9.0,9.0
5-10 дней,2026-08-07T22:45:57Z,2026-08-16T09:00:00Z,202.2,69.0,100.0,100.0,-31.0,31.0
5-10 дней,2026-08-07T22:45:57Z,2026-08-16T12:00:00Z,205.2,48.0,87.5,100.0,-39.5,39.5
5-10 дней,2026-08-07T22:45:57Z,2026-08-16T15:00:00Z,208.2,49.0,87.5,100.0,-38.5,38.5
5-10 дней,2026-08-07T22:45:57Z,2026-08-16T18:00:00Z,211.2,57.0,25.0,100.0,32.0,32.0
5-10 дней,2026-08-07T22:45:57Z,2026-08-16T21:00:00Z,214.2,63.0,25.0,100.0,38.0,38.0
5-10 дней,2026-08-07T23:19:23Z,2026-08-13T00:00:00Z,120.7,89.0,100.0,100.0,-11.0,11.0
5-10 дней,2026-08-07T23:19:23Z,2026-08-13T03:00:00Z,123.7,92.0,100.0,100.0,-8.0,8.0
5-10 дней,2026-08-07T23:19:23Z,2026-08-13T06:00:00Z,126.7,95.0,100.0,100.0,-5.0,5.0
5-10 дней,2026-08-07T23:19:23Z,2026-08-13T09:00:00Z,129.7,90.0,100.0,100.0,-10.0,10.0
5-10 дней,2026-08-07T23:19:23Z,2026-08-13T12:00:00Z,132.7,85.0,100.0,100.0,-15.0,15.0
5-10 дней,2026-08-07T23:19:23Z,2026-08-13T15:00:00Z,135.7,89.0,100.0,100.0,-11.0,11.0
5-10 дней,2026-08-07T23:19:23Z,2026-08-13T18:00:00Z,138.7,92.0,100.0,100.0,-8.0,8.0
5-10 дней,2026-08-07T23:19:23Z,2026-08-13T21:00:00Z,141.7,85.0,100.0,100.0,-15.0,15.0
5-10 дней,2026-08-07T23:19:23Z,2026-08-14T00:00:00Z,144.7,71.0,100.0,100.0,-29.0,29.0
5-10 дней,2026-08-07T23:19:23Z,2026-08-14T03:00:00Z,147.7,44.0,100.0,100.0,-56.0,56.0
5-10 дней,2026-08-07T23:19:23Z,2026-08-14T06:00:00Z,150.7,17.0,100.0,100.0,-83.0,83.0
5-10 дней,2026-08-07T23:19:23Z,2026-08-14T09:00:00Z,153.7,5.0,100.0,100.0,-95.0,95.0
5-10 дней,2026-08-07T23:19:23Z,2026-08-14T12:00:00Z,156.7,0.0,100.0,100.0,-100.0,100.0
5-10 дней,2026-08-07T23:19:23Z,2026-08-14T15:00:00Z,159.7,0.0,87.5,100.0,-87.5,87.5
5-10 дней,2026-08-07T23:19:23Z,2026-08-14T18:00:00Z,162.7,0.0,87.5,100.0,-87.5,87.5
5-10 дней,2026-08-07T23:19:23Z,2026-08-14T21:00:00Z,165.7,3.0,87.5,100.0,-84.5,84.5
5-10 дней,2026-08-07T23:19:23Z,2026-08-15T00:00:00Z,168.7,6.0,100.0,100.0,-94.0,94.0
5-10 дней,2026-08-07T23:19:23Z,2026-08-15T03:00:00Z,171.7,5.0,87.5,100.0,-82.5,82.5
5-10 дней,2026-08-07T23:19:23Z,2026-08-15T06:00:00Z,174.7,9.0,100.0,100.0,-91.0,91.0
5-10 дней,2026-08-07T23:19:23Z,2026-08-15T09:00:00Z,177.7,29.0,100.0,100.0,-71.0,71.0
5-10 дней,2026-08-07T23:19:23Z,2026-08-15T12:00:00Z,180.7,50.0,100.0,100.0,-50.0,50.0
5-10 дней,2026-08-07T23:19:23Z,2026-08-15T15:00:00Z,183.7,58.0,100.0,87.5,-42.0,42.0
5-10 дней,2026-08-07T23:19:23Z,2026-08-15T18:00:00Z,186.7,63.0,100.0,87.5,-37.0,37.0
5-10 дней,2026-08-07T23:19:23Z,2026-08-15T21:00:00Z,189.7,76.0,100.0,87.5,-24.0,24.0
5-10 дней,2026-08-07T23:19:23Z,2026-08-16T00:00:00Z,192.7,87.0,87.5,100.0,-0.5,0.5
5-10 дней,2026-08-07T23:19:23Z,2026-08-16T03:00:00Z,195.7,93.0,100.0,87.5,-7.0,7.0
5-10 дней,2026-08-07T23:19:23Z,2026-08-16T06:00:00Z,198.7,91.0,100.0,100.0,-9.0,9.0
5-10 дней,2026-08-07T23:19:23Z,2026-08-16T09:00:00Z,201.7,69.0,100.0,100.0,-31.0,31.0
5-10 дней,2026-08-07T23:19:23Z,2026-08-16T12:00:00Z,204.7,48.0,87.5,100.0,-39.5,39.5
5-10 дней,2026-08-07T23:19:23Z,2026-08-16T15:00:00Z,207.7,49.0,87.5,100.0,-38.5,38.5
5-10 дней,2026-08-07T23:19:23Z,2026-08-16T18:00:00Z,210.7,57.0,25.0,100.0,32.0,32.0
5-10 дней,2026-08-07T23:19:23Z,2026-08-16T21:00:00Z,213.7,63.0,25.0,100.0,38.0,38.0
5-10 дней,2026-08-08T04:50:53Z,2026-08-13T06:00:00Z,121.2,98.0,100.0,100.0,-2.0,2.0
5-10 дней,2026-08-08T04:50:53Z,2026-08-13T09:00:00Z,124.2,91.0,100.0,100.0,-9.0,9.0
5-10 дней,2026-08-08T04:50:53Z,2026-08-13T12:00:00Z,127.2,85.0,100.0,100.0,-15.0,15.0
5-10 дней,2026-08-08T04:50:53Z,2026-08-13T15:00:00Z,130.2,89.0,100.0,100.0,-11.0,11.0
5-10 дней,2026-08-08T04:50:53Z,2026-08-13T18:00:00Z,133.2,92.0,100.0,100.0,-8.0,8.0
5-10 дней,2026-08-08T04:50:53Z,2026-08-13T21:00:00Z,136.2,85.0,100.0,100.0,-15.0,15.0
5-10 дней,2026-08-08T04:50:53Z,2026-08-14T00:00:00Z,139.2,71.0,100.0,100.0,-29.0,29.0
5-10 дней,2026-08-08T04:50:53Z,2026-08-14T03:00:00Z,142.2,44.0,100.0,100.0,-56.0,56.0
5-10 дней,2026-08-08T04:50:53Z,2026-08-14T06:00:00Z,145.2,17.0,100.0,100.0,-83.0,83.0
5-10 дней,2026-08-08T04:50:53Z,2026-08-14T09:00:00Z,148.2,5.0,100.0,100.0,-95.0,95.0
5-10 дней,2026-08-08T04:50:53Z,2026-08-14T12:00:00Z,151.2,0.0,100.0,100.0,-100.0,100.0
5-10 дней,2026-08-08T04:50:53Z,2026-08-14T15:00:00Z,154.2,0.0,87.5,100.0,-87.5,87.5
5-10 дней,2026-08-08T04:50:53Z,2026-08-14T18:00:00Z,157.2,0.0,87.5,100.0,-87.5,87.5
5-10 дней,2026-08-08T04:50:53Z,2026-08-14T21:00:00Z,160.2,3.0,87.5,100.0,-84.5,84.5
5-10 дней,2026-08-08T04:50:53Z,2026-08-15T00:00:00Z,163.2,6.0,100.0,100.0,-94.0,94.0
5-10 дней,2026-08-08T04:50:53Z,2026-08-15T03:00:00Z,166.2,5.0,87.5,100.0,-82.5,82.5
5-10 дней,2026-08-08T04:50:53Z,2026-08-15T06:00:00Z,169.2,9.0,100.0,100.0,-91.0,91.0
5-10 дней,2026-08-08T04:50:53Z,2026-08-15T09:00:00Z,172.2,29.0,100.0,100.0,-71.0,71.0
5-10 дней,2026-08-08T04:50:53Z,2026-08-15T12:00:00Z,175.2,50.0,100.0,100.0,-50.0,50.0
5-10 дней,2026-08-08T04:50:53Z,2026-08-15T15:00:00Z,178.2,58.0,100.0,87.5,-42.0,42.0
5-10 дней,2026-08-08T04:50:53Z,2026-08-15T18:00:00Z,181.2,63.0,100.0,87.5,-37.0,37.0
5-10 дней,2026-08-08T04:50:53Z,2026-08-15T21:00:00Z,184.2,76.0,100.0,87.5,-24.0,24.0
5-10 дней,2026-08-08T04:50:53Z,2026-08-16T00:00:00Z,187.2,87.0,87.5,100.0,-0.5,0.5
5-10 дней,2026-08-08T04:50:53Z,2026-08-16T03:00:00Z,190.2,93.0,100.0,87.5,-7.0,7.0
5-10 дней,2026-08-08T04:50:53Z,2026-08-16T06:00:00Z,193.2,91.0,100.0,100.0,-9.0,9.0
5-10 дней,2026-08-08T04:50:53Z,2026-08-16T09:00:00Z,196.2,69.0,100.0,100.0,-31.0,31.0
5-10 дней,2026-08-08T04:50:53Z,2026-08-16T12:00:00Z,199.2,48.0,87.5,100.0,-39.5,39.5
5-10 дней,2026-08-08T04:50:53Z,2026-08-16T15:00:00Z,202.2,49.0,87.5,100.0,-38.5,38.5
5-10 дней,2026-08-08T04:50:53Z,2026-08-16T18:00:00Z,205.2,57.0,25.0,100.0,32.0,32.0
5-10 дней,2026-08-08T04:50:53Z,2026-08-16T21:00:00Z,208.2,63.0,25.0,100.0,38.0,38.0
5-10 дней,2026-08-08T04:50:53Z,2026-08-17T00:00:00Z,211.2,71.0,12.5,87.5,58.5,58.5
5-10 дней,2026-08-08T04:50:53Z,2026-08-17T03:00:00Z,214.2,89.0,12.5,100.0,76.5,76.5
5-10 дней,2026-08-08T04:50:53Z,2026-08-17T06:00:00Z,217.2,100.0,75.0,100.0,25.0,25.0
5-10 дней,2026-08-08T04:50:53Z,2026-08-17T09:00:00Z,220.2,83.0,75.0,100.0,8.0,8.0
5-10 дней,2026-08-08T04:50:53Z,2026-08-17T12:00:00Z,223.2,62.0,75.0,87.5,-13.0,13.0
5-10 дней,2026-08-08T04:50:53Z,2026-08-17T15:00:00Z,226.2,52.0,75.0,87.5,-23.0,23.0
5-10 дней,2026-08-08T04:50:53Z,2026-08-17T18:00:00Z,229.2,52.0,87.5,25.0,-35.5,35.5
5-10 дней,2026-08-08T04:50:53Z,2026-08-17T21:00:00Z,232.2,75.0,87.5,25.0,-12.5,12.5
5-10 дней,2026-08-08T10:18:13Z,2026-08-13T12:00:00Z,121.7,79.0,100.0,100.0,-21.0,21.0
5-10 дней,2026-08-08T10:18:13Z,2026-08-13T15:00:00Z,124.7,80.0,100.0,100.0,-20.0,20.0
5-10 дней,2026-08-08T10:18:13Z,2026-08-13T18:00:00Z,127.7,81.0,100.0,100.0,-19.0,19.0
5-10 дней,2026-08-08T10:18:13Z,2026-08-13T21:00:00Z,130.7,70.0,100.0,100.0,-30.0,30.0
5-10 дней,2026-08-08T10:18:13Z,2026-08-14T00:00:00Z,133.7,62.0,100.0,100.0,-38.0,38.0
5-10 дней,2026-08-08T10:18:13Z,2026-08-14T03:00:00Z,136.7,79.0,100.0,100.0,-21.0,21.0
5-10 дней,2026-08-08T10:18:13Z,2026-08-14T06:00:00Z,139.7,92.0,100.0,100.0,-8.0,8.0
5-10 дней,2026-08-08T10:18:13Z,2026-08-14T09:00:00Z,142.7,71.0,100.0,100.0,-29.0,29.0
5-10 дней,2026-08-08T10:18:13Z,2026-08-14T12:00:00Z,145.7,48.0,100.0,100.0,-52.0,52.0
5-10 дней,2026-08-08T10:18:13Z,2026-08-14T15:00:00Z,148.7,50.0,87.5,100.0,-37.5,37.5
5-10 дней,2026-08-08T10:18:13Z,2026-08-14T18:00:00Z,151.7,57.0,87.5,100.0,-30.5,30.5
5-10 дней,2026-08-08T10:18:13Z,2026-08-14T21:00:00Z,154.7,55.0,87.5,100.0,-32.5,32.5
5-10 дней,2026-08-08T10:18:13Z,2026-08-15T00:00:00Z,157.7,57.0,100.0,100.0,-43.0,43.0
5-10 дней,2026-08-08T10:18:13Z,2026-08-15T03:00:00Z,160.7,79.0,87.5,100.0,-8.5,8.5
5-10 дней,2026-08-08T10:18:13Z,2026-08-15T06:00:00Z,163.7,100.0,100.0,100.0,0.0,0.0
5-10 дней,2026-08-08T10:18:13Z,2026-08-15T09:00:00Z,166.7,99.0,100.0,100.0,-1.0,1.0
5-10 дней,2026-08-08T10:18:13Z,2026-08-15T12:00:00Z,169.7,93.0,100.0,100.0,-7.0,7.0
5-10 дней,2026-08-08T10:18:13Z,2026-08-15T15:00:00Z,172.7,98.0,100.0,87.5,-2.0,2.0
5-10 дней,2026-08-08T10:18:13Z,2026-08-15T18:00:00Z,175.7,99.0,100.0,87.5,-1.0,1.0
5-10 дней,2026-08-08T10:18:13Z,2026-08-15T21:00:00Z,178.7,82.0,100.0,87.5,-18.0,18.0
5-10 дней,2026-08-08T10:18:13Z,2026-08-16T00:00:00Z,181.7,67.0,87.5,100.0,-20.5,20.5
5-10 дней,2026-08-08T10:18:13Z,2026-08-16T03:00:00Z,184.7,72.0,100.0,87.5,-28.0,28.0
5-10 дней,2026-08-08T10:18:13Z,2026-08-16T06:00:00Z,187.7,82.0,100.0,100.0,-18.0,18.0
5-10 дней,2026-08-08T10:18:13Z,2026-08-16T09:00:00Z,190.7,89.0,100.0,100.0,-11.0,11.0
5-10 дней,2026-08-08T10:18:13Z,2026-08-16T12:00:00Z,193.7,92.0,87.5,100.0,4.5,4.5
5-10 дней,2026-08-08T10:18:13Z,2026-08-16T15:00:00Z,196.7,85.0,87.5,100.0,-2.5,2.5
5-10 дней,2026-08-08T10:18:13Z,2026-08-16T18:00:00Z,199.7,77.0,25.0,100.0,52.0,52.0
5-10 дней,2026-08-08T10:18:13Z,2026-08-16T21:00:00Z,202.7,79.0,25.0,100.0,54.0,54.0
5-10 дней,2026-08-08T10:18:13Z,2026-08-17T00:00:00Z,205.7,81.0,12.5,87.5,68.5,68.5
5-10 дней,2026-08-08T10:18:13Z,2026-08-17T03:00:00Z,208.7,79.0,12.5,100.0,66.5,66.5
5-10 дней,2026-08-08T10:18:13Z,2026-08-17T06:00:00Z,211.7,74.0,75.0,100.0,-1.0,1.0
5-10 дней,2026-08-08T10:18:13Z,2026-08-17T09:00:00Z,214.7,67.0,75.0,100.0,-8.0,8.0
5-10 дней,2026-08-08T10:18:13Z,2026-08-17T12:00:00Z,217.7,59.0,75.0,87.5,-16.0,16.0
5-10 дней,2026-08-08T10:18:13Z,2026-08-17T15:00:00Z,220.7,48.0,75.0,87.5,-27.0,27.0
5-10 дней,2026-08-08T10:18:13Z,2026-08-17T18:00:00Z,223.7,45.0,87.5,25.0,-42.5,42.5
5-10 дней,2026-08-08T10:18:13Z,2026-08-17T21:00:00Z,226.7,72.0,87.5,25.0,-15.5,15.5
5-10 дней,2026-08-08T22:37:20Z,2026-08-14T00:00:00Z,121.4,96.0,100.0,100.0,-4.0,4.0
5-10 дней,2026-08-08T22:37:20Z,2026-08-14T03:00:00Z,124.4,94.0,100.0,100.0,-6.0,6.0
5-10 дней,2026-08-08T22:37:20Z,2026-08-14T06:00:00Z,127.4,91.0,100.0,100.0,-9.0,9.0
5-10 дней,2026-08-08T22:37:20Z,2026-08-14T09:00:00Z,130.4,85.0,100.0,100.0,-15.0,15.0
5-10 дней,2026-08-08T22:37:20Z,2026-08-14T12:00:00Z,133.4,79.0,100.0,100.0,-21.0,21.0
5-10 дней,2026-08-08T22:37:20Z,2026-08-14T15:00:00Z,136.4,72.0,87.5,100.0,-15.5,15.5
5-10 дней,2026-08-08T22:37:20Z,2026-08-14T18:00:00Z,139.4,68.0,87.5,100.0,-19.5,19.5
5-10 дней,2026-08-08T22:37:20Z,2026-08-14T21:00:00Z,142.4,69.0,87.5,100.0,-18.5,18.5
5-10 дней,2026-08-08T22:37:20Z,2026-08-15T00:00:00Z,145.4,75.0,100.0,100.0,-25.0,25.0
5-10 дней,2026-08-08T22:37:20Z,2026-08-15T03:00:00Z,148.4,93.0,87.5,100.0,5.5,5.5
5-10 дней,2026-08-08T22:37:20Z,2026-08-15T06:00:00Z,151.4,100.0,100.0,100.0,0.0,0.0
5-10 дней,2026-08-08T22:37:20Z,2026-08-15T09:00:00Z,154.4,58.0,100.0,100.0,-42.0,42.0
5-10 дней,2026-08-08T22:37:20Z,2026-08-15T12:00:00Z,157.4,22.0,100.0,100.0,-78.0,78.0
5-10 дней,2026-08-08T22:37:20Z,2026-08-15T15:00:00Z,160.4,57.0,100.0,87.5,-43.0,43.0
5-10 дней,2026-08-08T22:37:20Z,2026-08-15T18:00:00Z,163.4,100.0,100.0,87.5,0.0,0.0
5-10 дней,2026-08-08T22:37:20Z,2026-08-15T21:00:00Z,166.4,100.0,100.0,87.5,0.0,0.0
5-10 дней,2026-08-08T22:37:20Z,2026-08-16T00:00:00Z,169.4,93.0,87.5,100.0,5.5,5.5
5-10 дней,2026-08-08T22:37:20Z,2026-08-16T03:00:00Z,172.4,97.0,100.0,87.5,-3.0,3.0
5-10 дней,2026-08-08T22:37:20Z,2026-08-16T06:00:00Z,175.4,99.0,100.0,100.0,-1.0,1.0
5-10 дней,2026-08-08T22:37:20Z,2026-08-16T09:00:00Z,178.4,87.0,100.0,100.0,-13.0,13.0
5-10 дней,2026-08-08T22:37:20Z,2026-08-16T12:00:00Z,181.4,75.0,87.5,100.0,-12.5,12.5
5-10 дней,2026-08-08T22:37:20Z,2026-08-16T15:00:00Z,184.4,76.0,87.5,100.0,-11.5,11.5
5-10 дней,2026-08-08T22:37:20Z,2026-08-16T18:00:00Z,187.4,79.0,25.0,100.0,54.0,54.0
5-10 дней,2026-08-08T22:37:20Z,2026-08-16T21:00:00Z,190.4,73.0,25.0,100.0,48.0,48.0
5-10 дней,2026-08-08T22:37:20Z,2026-08-17T00:00:00Z,193.4,69.0,12.5,87.5,56.5,56.5
5-10 дней,2026-08-08T22:37:20Z,2026-08-17T03:00:00Z,196.4,74.0,12.5,100.0,61.5,61.5
5-10 дней,2026-08-08T22:37:20Z,2026-08-17T06:00:00Z,199.4,82.0,75.0,100.0,7.0,7.0
5-10 дней,2026-08-08T22:37:20Z,2026-08-17T09:00:00Z,202.4,87.0,75.0,100.0,12.0,12.0
5-10 дней,2026-08-08T22:37:20Z,2026-08-17T12:00:00Z,205.4,90.0,75.0,87.5,15.0,15.0
5-10 дней,2026-08-08T22:37:20Z,2026-08-17T15:00:00Z,208.4,88.0,75.0,87.5,13.0,13.0
5-10 дней,2026-08-08T22:37:20Z,2026-08-17T18:00:00Z,211.4,85.0,87.5,25.0,-2.5,2.5
5-10 дней,2026-08-08T22:37:20Z,2026-08-17T21:00:00Z,214.4,80.0,87.5,25.0,-7.5,7.5
5-10 дней,2026-08-09T04:59:03Z,2026-08-14T06:00:00Z,121.0,96.0,100.0,100.0,-4.0,4.0
5-10 дней,2026-08-09T04:59:03Z,2026-08-14T09:00:00Z,124.0,88.0,100.0,100.0,-12.0,12.0
5-10 дней,2026-08-09T04:59:03Z,2026-08-14T12:00:00Z,127.0,79.0,100.0,100.0,-21.0,21.0
5-10 дней,2026-08-09T04:59:03Z,2026-08-14T15:00:00Z,130.0,72.0,87.5,100.0,-15.5,15.5
5-10 дней,2026-08-09T04:59:03Z,2026-08-14T18:00:00Z,133.0,68.0,87.5,100.0,-19.5,19.5
5-10 дней,2026-08-09T04:59:03Z,2026-08-14T21:00:00Z,136.0,69.0,87.5,100.0,-18.5,18.5
5-10 дней,2026-08-09T04:59:03Z,2026-08-15T00:00:00Z,139.0,75.0,100.0,100.0,-25.0,25.0
5-10 дней,2026-08-09T04:59:03Z,2026-08-15T03:00:00Z,142.0,93.0,87.5,100.0,5.5,5.5
5-10 дней,2026-08-09T04:59:03Z,2026-08-15T06:00:00Z,145.0,100.0,100.0,100.0,0.0,0.0
5-10 дней,2026-08-09T04:59:03Z,2026-08-15T09:00:00Z,148.0,58.0,100.0,100.0,-42.0,42.0
5-10 дней,2026-08-09T04:59:03Z,2026-08-15T12:00:00Z,151.0,22.0,100.0,100.0,-78.0,78.0
5-10 дней,2026-08-09T04:59:03Z,2026-08-15T15:00:00Z,154.0,57.0,100.0,87.5,-43.0,43.0
5-10 дней,2026-08-09T04:59:03Z,2026-08-15T18:00:00Z,157.0,100.0,100.0,87.5,0.0,0.0
5-10 дней,2026-08-09T04:59:03Z,2026-08-15T21:00:00Z,160.0,100.0,100.0,87.5,0.0,0.0
5-10 дней,2026-08-09T04:59:03Z,2026-08-16T00:00:00Z,163.0,93.0,87.5,100.0,5.5,5.5
5-10 дней,2026-08-09T04:59:03Z,2026-08-16T03:00:00Z,166.0,97.0,100.0,87.5,-3.0,3.0
5-10 дней,2026-08-09T04:59:03Z,2026-08-16T06:00:00Z,169.0,99.0,100.0,100.0,-1.0,1.0
5-10 дней,2026-08-09T04:59:03Z,2026-08-16T09:00:00Z,172.0,87.0,100.0,100.0,-13.0,13.0
5-10 дней,2026-08-09T04:59:03Z,2026-08-16T12:00:00Z,175.0,75.0,87.5,100.0,-12.5,12.5
5-10 дней,2026-08-09T04:59:03Z,2026-08-16T15:00:00Z,178.0,76.0,87.5,100.0,-11.5,11.5
5-10 дней,2026-08-09T04:59:03Z,2026-08-16T18:00:00Z,181.0,79.0,25.0,100.0,54.0,54.0
5-10 дней,2026-08-09T04:59:03Z,2026-08-16T21:00:00Z,184.0,73.0,25.0,100.0,48.0,48.0
5-10 дней,2026-08-09T04:59:03Z,2026-08-17T00:00:00Z,187.0,69.0,12.5,87.5,56.5,56.5
5-10 дней,2026-08-09T04:59:03Z,2026-08-17T03:00:00Z,190.0,74.0,12.5,100.0,61.5,61.5
5-10 дней,2026-08-09T04:59:03Z,2026-08-17T06:00:00Z,193.0,82.0,75.0,100.0,7.0,7.0
5-10 дней,2026-08-09T04:59:03Z,2026-08-17T09:00:00Z,196.0,87.0,75.0,100.0,12.0,12.0
5-10 дней,2026-08-09T04:59:03Z,2026-08-17T12:00:00Z,199.0,90.0,75.0,87.5,15.0,15.0
5-10 дней,2026-08-09T04:59:03Z,2026-08-17T15:00:00Z,202.0,88.0,75.0,87.5,13.0,13.0
5-10 дней,2026-08-09T04:59:03Z,2026-08-17T18:00:00Z,205.0,85.0,87.5,25.0,-2.5,2.5
5-10 дней,2026-08-09T04:59:03Z,2026-08-17T21:00:00Z,208.0,80.0,87.5,25.0,-7.5,7.5
5-10 дней,2026-08-09T04:59:03Z,2026-08-18T00:00:00Z,211.0,78.0,100.0,12.5,-22.0,22.0
5-10 дней,2026-08-09T04:59:03Z,2026-08-18T03:00:00Z,214.0,87.0,37.5,12.5,49.5,49.5
5-10 дней,2026-08-09T04:59:03Z,2026-08-18T06:00:00Z,217.0,95.0,87.5,75.0,7.5,7.5
5-10 дней,2026-08-09T04:59:03Z,2026-08-18T09:00:00Z,220.0,87.0,87.5,75.0,-0.5,0.5
5-10 дней,2026-08-09T04:59:03Z,2026-08-18T12:00:00Z,223.0,76.0,100.0,75.0,-24.0,24.0
5-10 дней,2026-08-09T04:59:03Z,2026-08-18T15:00:00Z,226.0,74.0,75.0,75.0,-1.0,1.0
5-10 дней,2026-08-09T04:59:03Z,2026-08-18T18:00:00Z,229.0,77.0,25.0,87.5,52.0,52.0
5-10 дней,2026-08-09T04:59:03Z,2026-08-18T21:00:00Z,232.0,85.0,12.5,87.5,72.5,72.5
5-10 дней,2026-08-09T10:19:29Z,2026-08-14T12:00:00Z,121.7,77.0,100.0,100.0,-23.0,23.0
5-10 дней,2026-08-09T10:19:29Z,2026-08-14T15:00:00Z,124.7,83.0,87.5,100.0,-4.5,4.5
5-10 дней,2026-08-09T10:19:29Z,2026-08-14T18:00:00Z,127.7,90.0,87.5,100.0,2.5,2.5
5-10 дней,2026-08-09T10:19:29Z,2026-08-14T21:00:00Z,130.7,85.0,87.5,100.0,-2.5,2.5
5-10 дней,2026-08-09T10:19:29Z,2026-08-15T00:00:00Z,133.7,75.0,100.0,100.0,-25.0,25.0
5-10 дней,2026-08-09T10:19:29Z,2026-08-15T03:00:00Z,136.7,65.0,87.5,100.0,-22.5,22.5
5-10 дней,2026-08-09T10:19:29Z,2026-08-15T06:00:00Z,139.7,55.0,100.0,100.0,-45.0,45.0
5-10 дней,2026-08-09T10:19:29Z,2026-08-15T09:00:00Z,142.7,41.0,100.0,100.0,-59.0,59.0
5-10 дней,2026-08-09T10:19:29Z,2026-08-15T12:00:00Z,145.7,35.0,100.0,100.0,-65.0,65.0
5-10 дней,2026-08-09T10:19:29Z,2026-08-15T15:00:00Z,148.7,57.0,100.0,87.5,-43.0,43.0
5-10 дней,2026-08-09T10:19:29Z,2026-08-15T18:00:00Z,151.7,83.0,100.0,87.5,-17.0,17.0
5-10 дней,2026-08-09T10:19:29Z,2026-08-15T21:00:00Z,154.7,96.0,100.0,87.5,-4.0,4.0
5-10 дней,2026-08-09T10:19:29Z,2026-08-16T00:00:00Z,157.7,100.0,87.5,100.0,12.5,12.5
5-10 дней,2026-08-09T10:19:29Z,2026-08-16T03:00:00Z,160.7,88.0,100.0,87.5,-12.0,12.0
5-10 дней,2026-08-09T10:19:29Z,2026-08-16T06:00:00Z,163.7,75.0,100.0,100.0,-25.0,25.0
5-10 дней,2026-08-09T10:19:29Z,2026-08-16T09:00:00Z,166.7,78.0,100.0,100.0,-22.0,22.0
5-10 дней,2026-08-09T10:19:29Z,2026-08-16T12:00:00Z,169.7,82.0,87.5,100.0,-5.5,5.5
5-10 дней,2026-08-09T10:19:29Z,2026-08-16T15:00:00Z,172.7,75.0,87.5,100.0,-12.5,12.5
5-10 дней,2026-08-09T10:19:29Z,2026-08-16T18:00:00Z,175.7,70.0,25.0,100.0,45.0,45.0
5-10 дней,2026-08-09T10:19:29Z,2026-08-16T21:00:00Z,178.7,85.0,25.0,100.0,60.0,60.0
5-10 дней,2026-08-09T10:19:29Z,2026-08-17T00:00:00Z,181.7,100.0,12.5,87.5,87.5,87.5
5-10 дней,2026-08-09T10:19:29Z,2026-08-17T03:00:00Z,184.7,95.0,12.5,100.0,82.5,82.5
5-10 дней,2026-08-09T10:19:29Z,2026-08-17T06:00:00Z,187.7,86.0,75.0,100.0,11.0,11.0
5-10 дней,2026-08-09T10:19:29Z,2026-08-17T09:00:00Z,190.7,87.0,75.0,100.0,12.0,12.0
5-10 дней,2026-08-09T10:19:29Z,2026-08-17T12:00:00Z,193.7,87.0,75.0,87.5,12.0,12.0
5-10 дней,2026-08-09T10:19:29Z,2026-08-17T15:00:00Z,196.7,76.0,75.0,87.5,1.0,1.0
5-10 дней,2026-08-09T10:19:29Z,2026-08-17T18:00:00Z,199.7,65.0,87.5,25.0,-22.5,22.5
5-10 дней,2026-08-09T10:19:29Z,2026-08-17T21:00:00Z,202.7,64.0,87.5,25.0,-23.5,23.5
5-10 дней,2026-08-09T10:19:29Z,2026-08-18T00:00:00Z,205.7,70.0,100.0,12.5,-30.0,30.0
5-10 дней,2026-08-09T10:19:29Z,2026-08-18T03:00:00Z,208.7,86.0,37.5,12.5,48.5,48.5
5-10 дней,2026-08-09T10:19:29Z,2026-08-18T06:00:00Z,211.7,100.0,87.5,75.0,12.5,12.5
5-10 дней,2026-08-09T10:19:29Z,2026-08-18T09:00:00Z,214.7,100.0,87.5,75.0,12.5,12.5
5-10 дней,2026-08-09T10:19:29Z,2026-08-18T12:00:00Z,217.7,94.0,100.0,75.0,-6.0,6.0
5-10 дней,2026-08-09T10:19:29Z,2026-08-18T15:00:00Z,220.7,90.0,75.0,75.0,15.0,15.0
5-10 дней,2026-08-09T10:19:29Z,2026-08-18T18:00:00Z,223.7,82.0,25.0,87.5,57.0,57.0
5-10 дней,2026-08-09T10:19:29Z,2026-08-18T21:00:00Z,226.7,58.0,12.5,87.5,45.5,45.5
5-10 дней,2026-08-09T12:41:38Z,2026-08-14T15:00:00Z,122.3,83.0,87.5,100.0,-4.5,4.5
5-10 дней,2026-08-09T12:41:38Z,2026-08-14T18:00:00Z,125.3,90.0,87.5,100.0,2.5,2.5
5-10 дней,2026-08-09T12:41:38Z,2026-08-14T21:00:00Z,128.3,85.0,87.5,100.0,-2.5,2.5
5-10 дней,2026-08-09T12:41:38Z,2026-08-15T00:00:00Z,131.3,75.0,100.0,100.0,-25.0,25.0
5-10 дней,2026-08-09T12:41:38Z,2026-08-15T03:00:00Z,134.3,65.0,87.5,100.0,-22.5,22.5
5-10 дней,2026-08-09T12:41:38Z,2026-08-15T06:00:00Z,137.3,55.0,100.0,100.0,-45.0,45.0
5-10 дней,2026-08-09T12:41:38Z,2026-08-15T09:00:00Z,140.3,41.0,100.0,100.0,-59.0,59.0
5-10 дней,2026-08-09T12:41:38Z,2026-08-15T12:00:00Z,143.3,35.0,100.0,100.0,-65.0,65.0
5-10 дней,2026-08-09T12:41:38Z,2026-08-15T15:00:00Z,146.3,57.0,100.0,87.5,-43.0,43.0
5-10 дней,2026-08-09T12:41:38Z,2026-08-15T18:00:00Z,149.3,83.0,100.0,87.5,-17.0,17.0
5-10 дней,2026-08-09T12:41:38Z,2026-08-15T21:00:00Z,152.3,96.0,100.0,87.5,-4.0,4.0
5-10 дней,2026-08-09T12:41:38Z,2026-08-16T00:00:00Z,155.3,100.0,87.5,100.0,12.5,12.5
5-10 дней,2026-08-09T12:41:38Z,2026-08-16T03:00:00Z,158.3,88.0,100.0,87.5,-12.0,12.0
5-10 дней,2026-08-09T12:41:38Z,2026-08-16T06:00:00Z,161.3,75.0,100.0,100.0,-25.0,25.0
5-10 дней,2026-08-09T12:41:38Z,2026-08-16T09:00:00Z,164.3,78.0,100.0,100.0,-22.0,22.0
5-10 дней,2026-08-09T12:41:38Z,2026-08-16T12:00:00Z,167.3,82.0,87.5,100.0,-5.5,5.5
5-10 дней,2026-08-09T12:41:38Z,2026-08-16T15:00:00Z,170.3,75.0,87.5,100.0,-12.5,12.5
5-10 дней,2026-08-09T12:41:38Z,2026-08-16T18:00:00Z,173.3,70.0,25.0,100.0,45.0,45.0
5-10 дней,2026-08-09T12:41:38Z,2026-08-16T21:00:00Z,176.3,85.0,25.0,100.0,60.0,60.0
5-10 дней,2026-08-09T12:41:38Z,2026-08-17T00:00:00Z,179.3,100.0,12.5,87.5,87.5,87.5
5-10 дней,2026-08-09T12:41:38Z,2026-08-17T03:00:00Z,182.3,95.0,12.5,100.0,82.5,82.5
5-10 дней,2026-08-09T12:41:38Z,2026-08-17T06:00:00Z,185.3,86.0,75.0,100.0,11.0,11.0
5-10 дней,2026-08-09T12:41:38Z,2026-08-17T09:00:00Z,188.3,87.0,75.0,100.0,12.0,12.0
5-10 дней,2026-08-09T12:41:38Z,2026-08-17T12:00:00Z,191.3,87.0,75.0,87.5,12.0,12.0
5-10 дней,2026-08-09T12:41:38Z,2026-08-17T15:00:00Z,194.3,76.0,75.0,87.5,1.0,1.0
5-10 дней,2026-08-09T12:41:38Z,2026-08-17T18:00:00Z,197.3,65.0,87.5,25.0,-22.5,22.5
5-10 дней,2026-08-09T12:41:38Z,2026-08-17T21:00:00Z,200.3,64.0,87.5,25.0,-23.5,23.5
5-10 дней,2026-08-09T12:41:38Z,2026-08-18T00:00:00Z,203.3,70.0,100.0,12.5,-30.0,30.0
5-10 дней,2026-08-09T12:41:38Z,2026-08-18T03:00:00Z,206.3,86.0,37.5,12.5,48.5,48.5
5-10 дней,2026-08-09T12:41:38Z,2026-08-18T06:00:00Z,209.3,100.0,87.5,75.0,12.5,12.5
5-10 дней,2026-08-09T12:41:38Z,2026-08-18T09:00:00Z,212.3,100.0,87.5,75.0,12.5,12.5
5-10 дней,2026-08-09T12:41:38Z,2026-08-18T12:00:00Z,215.3,94.0,100.0,75.0,-6.0,6.0
5-10 дней,2026-08-09T12:41:38Z,2026-08-18T15:00:00Z,218.3,90.0,75.0,75.0,15.0,15.0
5-10 дней,2026-08-09T12:41:38Z,2026-08-18T18:00:00Z,221.3,82.0,25.0,87.5,57.0,57.0
5-10 дней,2026-08-09T12:41:38Z,2026-08-18T21:00:00Z,224.3,58.0,12.5,87.5,45.5,45.5
5-10 дней,2026-08-09T12:45:53Z,2026-08-14T15:00:00Z,122.2,83.0,87.5,100.0,-4.5,4.5
5-10 дней,2026-08-09T12:45:53Z,2026-08-14T18:00:00Z,125.2,90.0,87.5,100.0,2.5,2.5
5-10 дней,2026-08-09T12:45:53Z,2026-08-14T21:00:00Z,128.2,85.0,87.5,100.0,-2.5,2.5
5-10 дней,2026-08-09T12:45:53Z,2026-08-15T00:00:00Z,131.2,75.0,100.0,100.0,-25.0,25.0
5-10 дней,2026-08-09T12:45:53Z,2026-08-15T03:00:00Z,134.2,65.0,87.5,100.0,-22.5,22.5
5-10 дней,2026-08-09T12:45:53Z,2026-08-15T06:00:00Z,137.2,55.0,100.0,100.0,-45.0,45.0
5-10 дней,2026-08-09T12:45:53Z,2026-08-15T09:00:00Z,140.2,41.0,100.0,100.0,-59.0,59.0
5-10 дней,2026-08-09T12:45:53Z,2026-08-15T12:00:00Z,143.2,35.0,100.0,100.0,-65.0,65.0
5-10 дней,2026-08-09T12:45:53Z,2026-08-15T15:00:00Z,146.2,57.0,100.0,87.5,-43.0,43.0
5-10 дней,2026-08-09T12:45:53Z,2026-08-15T18:00:00Z,149.2,83.0,100.0,87.5,-17.0,17.0
5-10 дней,2026-08-09T12:45:53Z,2026-08-15T21:00:00Z,152.2,96.0,100.0,87.5,-4.0,4.0
5-10 дней,2026-08-09T12:45:53Z,2026-08-16T00:00:00Z,155.2,100.0,87.5,100.0,12.5,12.5
5-10 дней,2026-08-09T12:45:53Z,2026-08-16T03:00:00Z,158.2,88.0,100.0,87.5,-12.0,12.0
5-10 дней,2026-08-09T12:45:53Z,2026-08-16T06:00:00Z,161.2,75.0,100.0,100.0,-25.0,25.0
5-10 дней,2026-08-09T12:45:53Z,2026-08-16T09:00:00Z,164.2,78.0,100.0,100.0,-22.0,22.0
5-10 дней,2026-08-09T12:45:53Z,2026-08-16T12:00:00Z,167.2,82.0,87.5,100.0,-5.5,5.5
5-10 дней,2026-08-09T12:45:53Z,2026-08-16T15:00:00Z,170.2,75.0,87.5,100.0,-12.5,12.5
5-10 дней,2026-08-09T12:45:53Z,2026-08-16T18:00:00Z,173.2,70.0,25.0,100.0,45.0,45.0
5-10 дней,2026-08-09T12:45:53Z,2026-08-16T21:00:00Z,176.2,85.0,25.0,100.0,60.0,60.0
5-10 дней,2026-08-09T12:45:53Z,2026-08-17T00:00:00Z,179.2,100.0,12.5,87.5,87.5,87.5
5-10 дней,2026-08-09T12:45:53Z,2026-08-17T03:00:00Z,182.2,95.0,12.5,100.0,82.5,82.5
5-10 дней,2026-08-09T12:45:53Z,2026-08-17T06:00:00Z,185.2,86.0,75.0,100.0,11.0,11.0
5-10 дней,2026-08-09T12:45:53Z,2026-08-17T09:00:00Z,188.2,87.0,75.0,100.0,12.0,12.0
5-10 дней,2026-08-09T12:45:53Z,2026-08-17T12:00:00Z,191.2,87.0,75.0,87.5,12.0,12.0
5-10 дней,2026-08-09T12:45:53Z,2026-08-17T15:00:00Z,194.2,76.0,75.0,87.5,1.0,1.0
5-10 дней,2026-08-09T12:45:53Z,2026-08-17T18:00:00Z,197.2,65.0,87.5,25.0,-22.5,22.5
5-10 дней,2026-08-09T12:45:53Z,2026-08-17T21:00:00Z,200.2,64.0,87.5,25.0,-23.5,23.5
5-10 дней,2026-08-09T12:45:53Z,2026-08-18T00:00:00Z,203.2,70.0,100.0,12.5,-30.0,30.0
5-10 дней,2026-08-09T12:45:53Z,2026-08-18T03:00:00Z,206.2,86.0,37.5,12.5,48.5,48.5
5-10 дней,2026-08-09T12:45:53Z,2026-08-18T06:00:00Z,209.2,100.0,87.5,75.0,12.5,12.5
5-10 дней,2026-08-09T12:45:53Z,2026-08-18T09:00:00Z,212.2,100.0,87.5,75.0,12.5,12.5
5-10 дней,2026-08-09T12:45:53Z,2026-08-18T12:00:00Z,215.2,94.0,100.0,75.0,-6.0,6.0
5-10 дней,2026-08-09T12:45:53Z,2026-08-18T15:00:00Z,218.2,90.0,75.0,75.0,15.0,15.0
5-10 дней,2026-08-09T12:45:53Z,2026-08-18T18:00:00Z,221.2,82.0,25.0,87.5,57.0,57.0
5-10 дней,2026-08-09T12:45:53Z,2026-08-18T21:00:00Z,224.2,58.0,12.5,87.5,45.5,45.5
5-10 дней,2026-08-09T12:48:15Z,2026-08-14T15:00:00Z,122.2,83.0,87.5,100.0,-4.5,4.5
5-10 дней,2026-08-09T12:48:15Z,2026-08-14T18:00:00Z,125.2,90.0,87.5,100.0,2.5,2.5
5-10 дней,2026-08-09T12:48:15Z,2026-08-14T21:00:00Z,128.2,85.0,87.5,100.0,-2.5,2.5
5-10 дней,2026-08-09T12:48:15Z,2026-08-15T00:00:00Z,131.2,75.0,100.0,100.0,-25.0,25.0
5-10 дней,2026-08-09T12:48:15Z,2026-08-15T03:00:00Z,134.2,65.0,87.5,100.0,-22.5,22.5
5-10 дней,2026-08-09T12:48:15Z,2026-08-15T06:00:00Z,137.2,55.0,100.0,100.0,-45.0,45.0
5-10 дней,2026-08-09T12:48:15Z,2026-08-15T09:00:00Z,140.2,41.0,100.0,100.0,-59.0,59.0
5-10 дней,2026-08-09T12:48:15Z,2026-08-15T12:00:00Z,143.2,35.0,100.0,100.0,-65.0,65.0
5-10 дней,2026-08-09T12:48:15Z,2026-08-15T15:00:00Z,146.2,57.0,100.0,87.5,-43.0,43.0
5-10 дней,2026-08-09T12:48:15Z,2026-08-15T18:00:00Z,149.2,83.0,100.0,87.5,-17.0,17.0
5-10 дней,2026-08-09T12:48:15Z,2026-08-15T21:00:00Z,152.2,96.0,100.0,87.5,-4.0,4.0
5-10 дней,2026-08-09T12:48:15Z,2026-08-16T00:00:00Z,155.2,100.0,87.5,100.0,12.5,12.5
5-10 дней,2026-08-09T12:48:15Z,2026-08-16T03:00:00Z,158.2,88.0,100.0,87.5,-12.0,12.0
5-10 дней,2026-08-09T12:48:15Z,2026-08-16T06:00:00Z,161.2,75.0,100.0,100.0,-25.0,25.0
5-10 дней,2026-08-09T12:48:15Z,2026-08-16T09:00:00Z,164.2,78.0,100.0,100.0,-22.0,22.0
5-10 дней,2026-08-09T12:48:15Z,2026-08-16T12:00:00Z,167.2,82.0,87.5,100.0,-5.5,5.5
5-10 дней,2026-08-09T12:48:15Z,2026-08-16T15:00:00Z,170.2,75.0,87.5,100.0,-12.5,12.5
5-10 дней,2026-08-09T12:48:15Z,2026-08-16T18:00:00Z,173.2,70.0,25.0,100.0,45.0,45.0
5-10 дней,2026-08-09T12:48:15Z,2026-08-16T21:00:00Z,176.2,85.0,25.0,100.0,60.0,60.0
5-10 дней,2026-08-09T12:48:15Z,2026-08-17T00:00:00Z,179.2,100.0,12.5,87.5,87.5,87.5
5-10 дней,2026-08-09T12:48:15Z,2026-08-17T03:00:00Z,182.2,95.0,12.5,100.0,82.5,82.5
5-10 дней,2026-08-09T12:48:15Z,2026-08-17T06:00:00Z,185.2,86.0,75.0,100.0,11.0,11.0
5-10 дней,2026-08-09T12:48:15Z,2026-08-17T09:00:00Z,188.2,87.0,75.0,100.0,12.0,12.0
5-10 дней,2026-08-09T12:48:15Z,2026-08-17T12:00:00Z,191.2,87.0,75.0,87.5,12.0,12.0
5-10 дней,2026-08-09T12:48:15Z,2026-08-17T15:00:00Z,194.2,76.0,75.0,87.5,1.0,1.0
5-10 дней,2026-08-09T12:48:15Z,2026-08-17T18:00:00Z,197.2,65.0,87.5,25.0,-22.5,22.5
5-10 дней,2026-08-09T12:48:15Z,2026-08-17T21:00:00Z,200.2,64.0,87.5,25.0,-23.5,23.5
5-10 дней,2026-08-09T12:48:15Z,2026-08-18T00:00:00Z,203.2,70.0,100.0,12.5,-30.0,30.0
5-10 дней,2026-08-09T12:48:15Z,2026-08-18T03:00:00Z,206.2,86.0,37.5,12.5,48.5,48.5
5-10 дней,2026-08-09T12:48:15Z,2026-08-18T06:00:00Z,209.2,100.0,87.5,75.0,12.5,12.5
5-10 дней,2026-08-09T12:48:15Z,2026-08-18T09:00:00Z,212.2,100.0,87.5,75.0,12.5,12.5
5-10 дней,2026-08-09T12:48:15Z,2026-08-18T12:00:00Z,215.2,94.0,100.0,75.0,-6.0,6.0
5-10 дней,2026-08-09T12:48:15Z,2026-08-18T15:00:00Z,218.2,90.0,75.0,75.0,15.0,15.0
5-10 дней,2026-08-09T12:48:15Z,2026-08-18T18:00:00Z,221.2,82.0,25.0,87.5,57.0,57.0
5-10 дней,2026-08-09T12:48:15Z,2026-08-18T21:00:00Z,224.2,58.0,12.5,87.5,45.5,45.5
5-10 дней,2026-08-09T16:31:44Z,2026-08-14T18:00:00Z,121.5,74.0,87.5,100.0,-13.5,13.5
5-10 дней,2026-08-09T16:31:44Z,2026-08-14T21:00:00Z,124.5,75.0,87.5,100.0,-12.5,12.5
5-10 дней,2026-08-09T16:31:44Z,2026-08-15T00:00:00Z,127.5,75.0,100.0,100.0,-25.0,25.0
5-10 дней,2026-08-09T16:31:44Z,2026-08-15T03:00:00Z,130.5,66.0,87.5,100.0,-21.5,21.5
5-10 дней,2026-08-09T16:31:44Z,2026-08-15T06:00:00Z,133.5,55.0,100.0,100.0,-45.0,45.0
5-10 дней,2026-08-09T16:31:44Z,2026-08-15T09:00:00Z,136.5,41.0,100.0,100.0,-59.0,59.0
5-10 дней,2026-08-09T16:31:44Z,2026-08-15T12:00:00Z,139.5,35.0,100.0,100.0,-65.0,65.0
5-10 дней,2026-08-09T16:31:44Z,2026-08-15T15:00:00Z,142.5,57.0,100.0,87.5,-43.0,43.0
5-10 дней,2026-08-09T16:31:44Z,2026-08-15T18:00:00Z,145.5,83.0,100.0,87.5,-17.0,17.0
5-10 дней,2026-08-09T16:31:44Z,2026-08-15T21:00:00Z,148.5,96.0,100.0,87.5,-4.0,4.0
5-10 дней,2026-08-09T16:31:44Z,2026-08-16T00:00:00Z,151.5,100.0,87.5,100.0,12.5,12.5
5-10 дней,2026-08-09T16:31:44Z,2026-08-16T03:00:00Z,154.5,88.0,100.0,87.5,-12.0,12.0
5-10 дней,2026-08-09T16:31:44Z,2026-08-16T06:00:00Z,157.5,75.0,100.0,100.0,-25.0,25.0
5-10 дней,2026-08-09T16:31:44Z,2026-08-16T09:00:00Z,160.5,78.0,100.0,100.0,-22.0,22.0
5-10 дней,2026-08-09T16:31:44Z,2026-08-16T12:00:00Z,163.5,82.0,87.5,100.0,-5.5,5.5
5-10 дней,2026-08-09T16:31:44Z,2026-08-16T15:00:00Z,166.5,75.0,87.5,100.0,-12.5,12.5
5-10 дней,2026-08-09T16:31:44Z,2026-08-16T18:00:00Z,169.5,70.0,25.0,100.0,45.0,45.0
5-10 дней,2026-08-09T16:31:44Z,2026-08-16T21:00:00Z,172.5,85.0,25.0,100.0,60.0,60.0
5-10 дней,2026-08-09T16:31:44Z,2026-08-17T00:00:00Z,175.5,100.0,12.5,87.5,87.5,87.5
5-10 дней,2026-08-09T16:31:44Z,2026-08-17T03:00:00Z,178.5,95.0,12.5,100.0,82.5,82.5
5-10 дней,2026-08-09T16:31:44Z,2026-08-17T06:00:00Z,181.5,86.0,75.0,100.0,11.0,11.0
5-10 дней,2026-08-09T16:31:44Z,2026-08-17T09:00:00Z,184.5,87.0,75.0,100.0,12.0,12.0
5-10 дней,2026-08-09T16:31:44Z,2026-08-17T12:00:00Z,187.5,87.0,75.0,87.5,12.0,12.0
5-10 дней,2026-08-09T16:31:44Z,2026-08-17T15:00:00Z,190.5,76.0,75.0,87.5,1.0,1.0
5-10 дней,2026-08-09T16:31:44Z,2026-08-17T18:00:00Z,193.5,65.0,87.5,25.0,-22.5,22.5
5-10 дней,2026-08-09T16:31:44Z,2026-08-17T21:00:00Z,196.5,64.0,87.5,25.0,-23.5,23.5
5-10 дней,2026-08-09T16:31:44Z,2026-08-18T00:00:00Z,199.5,70.0,100.0,12.5,-30.0,30.0
5-10 дней,2026-08-09T16:31:44Z,2026-08-18T03:00:00Z,202.5,86.0,37.5,12.5,48.5,48.5
5-10 дней,2026-08-09T16:31:44Z,2026-08-18T06:00:00Z,205.5,100.0,87.5,75.0,12.5,12.5
5-10 дней,2026-08-09T16:31:44Z,2026-08-18T09:00:00Z,208.5,100.0,87.5,75.0,12.5,12.5
5-10 дней,2026-08-09T16:31:44Z,2026-08-18T12:00:00Z,211.5,94.0,100.0,75.0,-6.0,6.0
5-10 дней,2026-08-09T16:31:44Z,2026-08-18T15:00:00Z,214.5,90.0,75.0,75.0,15.0,15.0
5-10 дней,2026-08-09T16:31:44Z,2026-08-18T18:00:00Z,217.5,82.0,25.0,87.5,57.0,57.0
5-10 дней,2026-08-09T16:31:44Z,2026-08-18T21:00:00Z,220.5,58.0,12.5,87.5,45.5,45.5
5-10 дней,2026-08-09T22:39:09Z,2026-08-15T00:00:00Z,121.3,98.0,100.0,100.0,-2.0,2.0
5-10 дней,2026-08-09T22:39:09Z,2026-08-15T03:00:00Z,124.3,98.0,87.5,100.0,10.5,10.5
5-10 дней,2026-08-09T22:39:09Z,2026-08-15T06:00:00Z,127.3,96.0,100.0,100.0,-4.0,4.0
5-10 дней,2026-08-09T22:39:09Z,2026-08-15T09:00:00Z,130.3,95.0,100.0,100.0,-5.0,5.0
5-10 дней,2026-08-09T22:39:09Z,2026-08-15T12:00:00Z,133.3,94.0,100.0,100.0,-6.0,6.0
5-10 дней,2026-08-09T22:39:09Z,2026-08-15T15:00:00Z,136.3,94.0,100.0,87.5,-6.0,6.0
5-10 дней,2026-08-09T22:39:09Z,2026-08-15T18:00:00Z,139.3,95.0,100.0,87.5,-5.0,5.0
5-10 дней,2026-08-09T22:39:09Z,2026-08-15T21:00:00Z,142.3,98.0,100.0,87.5,-2.0,2.0
5-10 дней,2026-08-09T22:39:09Z,2026-08-16T00:00:00Z,145.3,100.0,87.5,100.0,12.5,12.5
5-10 дней,2026-08-09T22:39:09Z,2026-08-16T03:00:00Z,148.3,100.0,100.0,87.5,0.0,0.0
5-10 дней,2026-08-09T22:39:09Z,2026-08-16T06:00:00Z,151.3,100.0,100.0,100.0,0.0,0.0
5-10 дней,2026-08-09T22:39:09Z,2026-08-16T09:00:00Z,154.3,95.0,100.0,100.0,-5.0,5.0
5-10 дней,2026-08-09T22:39:09Z,2026-08-16T12:00:00Z,157.3,90.0,87.5,100.0,2.5,2.5
5-10 дней,2026-08-09T22:39:09Z,2026-08-16T15:00:00Z,160.3,85.0,87.5,100.0,-2.5,2.5
5-10 дней,2026-08-09T22:39:09Z,2026-08-16T18:00:00Z,163.3,83.0,25.0,100.0,58.0,58.0
5-10 дней,2026-08-09T22:39:09Z,2026-08-16T21:00:00Z,166.3,92.0,25.0,100.0,67.0,67.0
5-10 дней,2026-08-09T22:39:09Z,2026-08-17T00:00:00Z,169.3,100.0,12.5,87.5,87.5,87.5
5-10 дней,2026-08-09T22:39:09Z,2026-08-17T03:00:00Z,172.3,99.0,12.5,100.0,86.5,86.5
5-10 дней,2026-08-09T22:39:09Z,2026-08-17T06:00:00Z,175.3,91.0,75.0,100.0,16.0,16.0
5-10 дней,2026-08-09T22:39:09Z,2026-08-17T09:00:00Z,178.3,71.0,75.0,100.0,-4.0,4.0
5-10 дней,2026-08-09T22:39:09Z,2026-08-17T12:00:00Z,181.3,51.0,75.0,87.5,-24.0,24.0
5-10 дней,2026-08-09T22:39:09Z,2026-08-17T15:00:00Z,184.3,49.0,75.0,87.5,-26.0,26.0
5-10 дней,2026-08-09T22:39:09Z,2026-08-17T18:00:00Z,187.3,50.0,87.5,25.0,-37.5,37.5
5-10 дней,2026-08-09T22:39:09Z,2026-08-17T21:00:00Z,190.3,43.0,87.5,25.0,-44.5,44.5
5-10 дней,2026-08-09T22:39:09Z,2026-08-18T00:00:00Z,193.3,33.0,100.0,12.5,-67.0,67.0
5-10 дней,2026-08-09T22:39:09Z,2026-08-18T03:00:00Z,196.3,16.0,37.5,12.5,-21.5,21.5
5-10 дней,2026-08-09T22:39:09Z,2026-08-18T06:00:00Z,199.3,4.0,87.5,75.0,-83.5,83.5
5-10 дней,2026-08-09T22:39:09Z,2026-08-18T09:00:00Z,202.3,9.0,87.5,75.0,-78.5,78.5
5-10 дней,2026-08-09T22:39:09Z,2026-08-18T12:00:00Z,205.3,21.0,100.0,75.0,-79.0,79.0
5-10 дней,2026-08-09T22:39:09Z,2026-08-18T15:00:00Z,208.3,32.0,75.0,75.0,-43.0,43.0
5-10 дней,2026-08-09T22:39:09Z,2026-08-18T18:00:00Z,211.3,47.0,25.0,87.5,22.0,22.0
5-10 дней,2026-08-09T22:39:09Z,2026-08-18T21:00:00Z,214.3,75.0,12.5,87.5,62.5,62.5
5-10 дней,2026-08-10T05:20:42Z,2026-08-15T06:00:00Z,120.7,100.0,100.0,100.0,0.0,0.0
5-10 дней,2026-08-10T05:20:42Z,2026-08-15T09:00:00Z,123.7,100.0,100.0,100.0,0.0,0.0
5-10 дней,2026-08-10T05:20:42Z,2026-08-15T12:00:00Z,126.7,94.0,100.0,100.0,-6.0,6.0
5-10 дней,2026-08-10T05:20:42Z,2026-08-15T15:00:00Z,129.7,94.0,100.0,87.5,-6.0,6.0
5-10 дней,2026-08-10T05:20:42Z,2026-08-15T18:00:00Z,132.7,95.0,100.0,87.5,-5.0,5.0
5-10 дней,2026-08-10T05:20:42Z,2026-08-15T21:00:00Z,135.7,98.0,100.0,87.5,-2.0,2.0
5-10 дней,2026-08-10T05:20:42Z,2026-08-16T00:00:00Z,138.7,100.0,87.5,100.0,12.5,12.5
5-10 дней,2026-08-10T05:20:42Z,2026-08-16T03:00:00Z,141.7,100.0,100.0,87.5,0.0,0.0
5-10 дней,2026-08-10T05:20:42Z,2026-08-16T06:00:00Z,144.7,100.0,100.0,100.0,0.0,0.0
5-10 дней,2026-08-10T05:20:42Z,2026-08-16T09:00:00Z,147.7,95.0,100.0,100.0,-5.0,5.0
5-10 дней,2026-08-10T05:20:42Z,2026-08-16T12:00:00Z,150.7,90.0,87.5,100.0,2.5,2.5
5-10 дней,2026-08-10T05:20:42Z,2026-08-16T15:00:00Z,153.7,85.0,87.5,100.0,-2.5,2.5
5-10 дней,2026-08-10T05:20:42Z,2026-08-16T18:00:00Z,156.7,83.0,25.0,100.0,58.0,58.0
5-10 дней,2026-08-10T05:20:42Z,2026-08-16T21:00:00Z,159.7,92.0,25.0,100.0,67.0,67.0
5-10 дней,2026-08-10T05:20:42Z,2026-08-17T00:00:00Z,162.7,100.0,12.5,87.5,87.5,87.5
5-10 дней,2026-08-10T05:20:42Z,2026-08-17T03:00:00Z,165.7,99.0,12.5,100.0,86.5,86.5
5-10 дней,2026-08-10T05:20:42Z,2026-08-17T06:00:00Z,168.7,91.0,75.0,100.0,16.0,16.0
5-10 дней,2026-08-10T05:20:42Z,2026-08-17T09:00:00Z,171.7,71.0,75.0,100.0,-4.0,4.0
5-10 дней,2026-08-10T05:20:42Z,2026-08-17T12:00:00Z,174.7,51.0,75.0,87.5,-24.0,24.0
5-10 дней,2026-08-10T05:20:42Z,2026-08-17T15:00:00Z,177.7,49.0,75.0,87.5,-26.0,26.0
5-10 дней,2026-08-10T05:20:42Z,2026-08-17T18:00:00Z,180.7,50.0,87.5,25.0,-37.5,37.5
5-10 дней,2026-08-10T05:20:42Z,2026-08-17T21:00:00Z,183.7,43.0,87.5,25.0,-44.5,44.5
5-10 дней,2026-08-10T05:20:42Z,2026-08-18T00:00:00Z,186.7,33.0,100.0,12.5,-67.0,67.0
5-10 дней,2026-08-10T05:20:42Z,2026-08-18T03:00:00Z,189.7,16.0,37.5,12.5,-21.5,21.5
5-10 дней,2026-08-10T05:20:42Z,2026-08-18T06:00:00Z,192.7,4.0,87.5,75.0,-83.5,83.5
5-10 дней,2026-08-10T05:20:42Z,2026-08-18T09:00:00Z,195.7,9.0,87.5,75.0,-78.5,78.5
5-10 дней,2026-08-10T05:20:42Z,2026-08-18T12:00:00Z,198.7,21.0,100.0,75.0,-79.0,79.0
5-10 дней,2026-08-10T05:20:42Z,2026-08-18T15:00:00Z,201.7,32.0,75.0,75.0,-43.0,43.0
5-10 дней,2026-08-10T05:20:42Z,2026-08-18T18:00:00Z,204.7,47.0,25.0,87.5,22.0,22.0
5-10 дней,2026-08-10T05:20:42Z,2026-08-18T21:00:00Z,207.7,75.0,12.5,87.5,62.5,62.5
5-10 дней,2026-08-10T05:20:42Z,2026-08-19T00:00:00Z,210.7,100.0,87.5,100.0,12.5,12.5
5-10 дней,2026-08-10T05:20:42Z,2026-08-19T03:00:00Z,213.7,100.0,100.0,37.5,0.0,0.0
5-10 дней,2026-08-10T05:20:42Z,2026-08-19T06:00:00Z,216.7,100.0,100.0,87.5,0.0,0.0
5-10 дней,2026-08-10T05:20:42Z,2026-08-19T09:00:00Z,219.7,67.0,87.5,87.5,-20.5,20.5
5-10 дней,2026-08-10T05:20:42Z,2026-08-19T12:00:00Z,222.7,34.0,87.5,100.0,-53.5,53.5
5-10 дней,2026-08-10T05:20:42Z,2026-08-19T15:00:00Z,225.7,27.0,100.0,75.0,-73.0,73.0
5-10 дней,2026-08-10T05:20:42Z,2026-08-19T18:00:00Z,228.7,31.0,100.0,25.0,-69.0,69.0
5-10 дней,2026-08-10T05:20:42Z,2026-08-19T21:00:00Z,231.7,41.0,100.0,12.5,-59.0,59.0
5-10 дней,2026-08-10T10:53:28Z,2026-08-15T12:00:00Z,121.1,0.0,100.0,100.0,-100.0,100.0
5-10 дней,2026-08-10T10:53:28Z,2026-08-15T15:00:00Z,124.1,0.0,100.0,87.5,-100.0,100.0
5-10 дней,2026-08-10T10:53:28Z,2026-08-15T18:00:00Z,127.1,0.0,100.0,87.5,-100.0,100.0
5-10 дней,2026-08-10T10:53:28Z,2026-08-15T21:00:00Z,130.1,12.0,100.0,87.5,-88.0,88.0
5-10 дней,2026-08-10T10:53:28Z,2026-08-16T00:00:00Z,133.1,32.0,87.5,100.0,-55.5,55.5
5-10 дней,2026-08-10T10:53:28Z,2026-08-16T03:00:00Z,136.1,74.0,100.0,87.5,-26.0,26.0
5-10 дней,2026-08-10T10:53:28Z,2026-08-16T06:00:00Z,139.1,100.0,100.0,100.0,0.0,0.0
5-10 дней,2026-08-10T10:53:28Z,2026-08-16T09:00:00Z,142.1,51.0,100.0,100.0,-49.0,49.0
5-10 дней,2026-08-10T10:53:28Z,2026-08-16T12:00:00Z,145.1,0.0,87.5,100.0,-87.5,87.5
5-10 дней,2026-08-10T10:53:28Z,2026-08-16T15:00:00Z,148.1,14.0,87.5,100.0,-73.5,73.5
5-10 дней,2026-08-10T10:53:28Z,2026-08-16T18:00:00Z,151.1,45.0,25.0,100.0,20.0,20.0
5-10 дней,2026-08-10T10:53:28Z,2026-08-16T21:00:00Z,154.1,67.0,25.0,100.0,42.0,42.0
5-10 дней,2026-08-10T10:53:28Z,2026-08-17T00:00:00Z,157.1,79.0,12.5,87.5,66.5,66.5
5-10 дней,2026-08-10T10:53:28Z,2026-08-17T03:00:00Z,160.1,65.0,12.5,100.0,52.5,52.5
5-10 дней,2026-08-10T10:53:28Z,2026-08-17T06:00:00Z,163.1,41.0,75.0,100.0,-34.0,34.0
5-10 дней,2026-08-10T10:53:28Z,2026-08-17T09:00:00Z,166.1,14.0,75.0,100.0,-61.0,61.0
5-10 дней,2026-08-10T10:53:28Z,2026-08-17T12:00:00Z,169.1,3.0,75.0,87.5,-72.0,72.0
5-10 дней,2026-08-10T10:53:28Z,2026-08-17T15:00:00Z,172.1,44.0,75.0,87.5,-31.0,31.0
5-10 дней,2026-08-10T10:53:28Z,2026-08-17T18:00:00Z,175.1,87.0,87.5,25.0,-0.5,0.5
5-10 дней,2026-08-10T10:53:28Z,2026-08-17T21:00:00Z,178.1,77.0,87.5,25.0,-10.5,10.5
5-10 дней,2026-08-10T10:53:28Z,2026-08-18T00:00:00Z,181.1,61.0,100.0,12.5,-39.0,39.0
5-10 дней,2026-08-10T10:53:28Z,2026-08-18T03:00:00Z,184.1,80.0,37.5,12.5,42.5,42.5
5-10 дней,2026-08-10T10:53:28Z,2026-08-18T06:00:00Z,187.1,100.0,87.5,75.0,12.5,12.5
5-10 дней,2026-08-10T10:53:28Z,2026-08-18T09:00:00Z,190.1,90.0,87.5,75.0,2.5,2.5
5-10 дней,2026-08-10T10:53:28Z,2026-08-18T12:00:00Z,193.1,77.0,100.0,75.0,-23.0,23.0
5-10 дней,2026-08-10T10:53:28Z,2026-08-18T15:00:00Z,196.1,88.0,75.0,75.0,13.0,13.0
5-10 дней,2026-08-10T10:53:28Z,2026-08-18T18:00:00Z,199.1,98.0,25.0,87.5,73.0,73.0
5-10 дней,2026-08-10T10:53:28Z,2026-08-18T21:00:00Z,202.1,83.0,12.5,87.5,70.5,70.5
5-10 дней,2026-08-10T10:53:28Z,2026-08-19T00:00:00Z,205.1,68.0,87.5,100.0,-19.5,19.5
5-10 дней,2026-08-10T10:53:28Z,2026-08-19T03:00:00Z,208.1,82.0,100.0,37.5,-18.0,18.0
5-10 дней,2026-08-10T10:53:28Z,2026-08-19T06:00:00Z,211.1,95.0,100.0,87.5,-5.0,5.0
5-10 дней,2026-08-10T10:53:28Z,2026-08-19T09:00:00Z,214.1,73.0,87.5,87.5,-14.5,14.5
5-10 дней,2026-08-10T10:53:28Z,2026-08-19T12:00:00Z,217.1,50.0,87.5,100.0,-37.5,37.5
5-10 дней,2026-08-10T10:53:28Z,2026-08-19T15:00:00Z,220.1,58.0,100.0,75.0,-42.0,42.0
5-10 дней,2026-08-10T10:53:28Z,2026-08-19T18:00:00Z,223.1,70.0,100.0,25.0,-30.0,30.0
5-10 дней,2026-08-10T10:53:28Z,2026-08-19T21:00:00Z,226.1,72.0,100.0,12.5,-28.0,28.0
5-10 дней,2026-08-10T16:52:05Z,2026-08-15T18:00:00Z,121.1,0.0,100.0,87.5,-100.0,100.0
5-10 дней,2026-08-10T16:52:05Z,2026-08-15T21:00:00Z,124.1,12.0,100.0,87.5,-88.0,88.0
5-10 дней,2026-08-10T16:52:05Z,2026-08-16T00:00:00Z,127.1,32.0,87.5,100.0,-55.5,55.5
5-10 дней,2026-08-10T16:52:05Z,2026-08-16T03:00:00Z,130.1,74.0,100.0,87.5,-26.0,26.0
5-10 дней,2026-08-10T16:52:05Z,2026-08-16T06:00:00Z,133.1,100.0,100.0,100.0,0.0,0.0
5-10 дней,2026-08-10T16:52:05Z,2026-08-16T09:00:00Z,136.1,51.0,100.0,100.0,-49.0,49.0
5-10 дней,2026-08-10T16:52:05Z,2026-08-16T12:00:00Z,139.1,0.0,87.5,100.0,-87.5,87.5
5-10 дней,2026-08-10T16:52:05Z,2026-08-16T15:00:00Z,142.1,14.0,87.5,100.0,-73.5,73.5
5-10 дней,2026-08-10T16:52:05Z,2026-08-16T18:00:00Z,145.1,45.0,25.0,100.0,20.0,20.0
5-10 дней,2026-08-10T16:52:05Z,2026-08-16T21:00:00Z,148.1,67.0,25.0,100.0,42.0,42.0
5-10 дней,2026-08-10T16:52:05Z,2026-08-17T00:00:00Z,151.1,79.0,12.5,87.5,66.5,66.5
5-10 дней,2026-08-10T16:52:05Z,2026-08-17T03:00:00Z,154.1,65.0,12.5,100.0,52.5,52.5
5-10 дней,2026-08-10T16:52:05Z,2026-08-17T06:00:00Z,157.1,41.0,75.0,100.0,-34.0,34.0
5-10 дней,2026-08-10T16:52:05Z,2026-08-17T09:00:00Z,160.1,14.0,75.0,100.0,-61.0,61.0
5-10 дней,2026-08-10T16:52:05Z,2026-08-17T12:00:00Z,163.1,3.0,75.0,87.5,-72.0,72.0
5-10 дней,2026-08-10T16:52:05Z,2026-08-17T15:00:00Z,166.1,44.0,75.0,87.5,-31.0,31.0
5-10 дней,2026-08-10T16:52:05Z,2026-08-17T18:00:00Z,169.1,87.0,87.5,25.0,-0.5,0.5
5-10 дней,2026-08-10T16:52:05Z,2026-08-17T21:00:00Z,172.1,77.0,87.5,25.0,-10.5,10.5
5-10 дней,2026-08-10T16:52:05Z,2026-08-18T00:00:00Z,175.1,61.0,100.0,12.5,-39.0,39.0
5-10 дней,2026-08-10T16:52:05Z,2026-08-18T03:00:00Z,178.1,80.0,37.5,12.5,42.5,42.5
5-10 дней,2026-08-10T16:52:05Z,2026-08-18T06:00:00Z,181.1,100.0,87.5,75.0,12.5,12.5
5-10 дней,2026-08-10T16:52:05Z,2026-08-18T09:00:00Z,184.1,90.0,87.5,75.0,2.5,2.5
5-10 дней,2026-08-10T16:52:05Z,2026-08-18T12:00:00Z,187.1,77.0,100.0,75.0,-23.0,23.0
5-10 дней,2026-08-10T16:52:05Z,2026-08-18T15:00:00Z,190.1,88.0,75.0,75.0,13.0,13.0
5-10 дней,2026-08-10T16:52:05Z,2026-08-18T18:00:00Z,193.1,98.0,25.0,87.5,73.0,73.0
5-10 дней,2026-08-10T16:52:05Z,2026-08-18T21:00:00Z,196.1,83.0,12.5,87.5,70.5,70.5
5-10 дней,2026-08-10T16:52:05Z,2026-08-19T00:00:00Z,199.1,68.0,87.5,100.0,-19.5,19.5
5-10 дней,2026-08-10T16:52:05Z,2026-08-19T03:00:00Z,202.1,82.0,100.0,37.5,-18.0,18.0
5-10 дней,2026-08-10T16:52:05Z,2026-08-19T06:00:00Z,205.1,95.0,100.0,87.5,-5.0,5.0
5-10 дней,2026-08-10T16:52:05Z,2026-08-19T09:00:00Z,208.1,73.0,87.5,87.5,-14.5,14.5
5-10 дней,2026-08-10T16:52:05Z,2026-08-19T12:00:00Z,211.1,50.0,87.5,100.0,-37.5,37.5
5-10 дней,2026-08-10T16:52:05Z,2026-08-19T15:00:00Z,214.1,58.0,100.0,75.0,-42.0,42.0
5-10 дней,2026-08-10T16:52:05Z,2026-08-19T18:00:00Z,217.1,70.0,100.0,25.0,-30.0,30.0
5-10 дней,2026-08-10T16:52:05Z,2026-08-19T21:00:00Z,220.1,72.0,100.0,12.5,-28.0,28.0
5-10 дней,2026-08-10T22:47:13Z,2026-08-16T00:00:00Z,121.2,73.0,87.5,100.0,-14.5,14.5
5-10 дней,2026-08-10T22:47:13Z,2026-08-16T03:00:00Z,124.2,58.0,100.0,87.5,-42.0,42.0
5-10 дней,2026-08-10T22:47:13Z,2026-08-16T06:00:00Z,127.2,34.0,100.0,100.0,-66.0,66.0
5-10 дней,2026-08-10T22:47:13Z,2026-08-16T09:00:00Z,130.2,30.0,100.0,100.0,-70.0,70.0
5-10 дней,2026-08-10T22:47:13Z,2026-08-16T12:00:00Z,133.2,30.0,87.5,100.0,-57.5,57.5
5-10 дней,2026-08-10T22:47:13Z,2026-08-16T15:00:00Z,136.2,25.0,87.5,100.0,-62.5,62.5
5-10 дней,2026-08-10T22:47:13Z,2026-08-16T18:00:00Z,139.2,26.0,25.0,100.0,1.0,1.0
5-10 дней,2026-08-10T22:47:13Z,2026-08-16T21:00:00Z,142.2,50.0,25.0,100.0,25.0,25.0
5-10 дней,2026-08-10T22:47:13Z,2026-08-17T00:00:00Z,145.2,75.0,12.5,87.5,62.5,62.5
5-10 дней,2026-08-10T22:47:13Z,2026-08-17T03:00:00Z,148.2,82.0,12.5,100.0,69.5,69.5
5-10 дней,2026-08-10T22:47:13Z,2026-08-17T06:00:00Z,151.2,74.0,75.0,100.0,-1.0,1.0
5-10 дней,2026-08-10T22:47:13Z,2026-08-17T09:00:00Z,154.2,39.0,75.0,100.0,-36.0,36.0
5-10 дней,2026-08-10T22:47:13Z,2026-08-17T12:00:00Z,157.2,10.0,75.0,87.5,-65.0,65.0
5-10 дней,2026-08-10T22:47:13Z,2026-08-17T15:00:00Z,160.2,26.0,75.0,87.5,-49.0,49.0
5-10 дней,2026-08-10T22:47:13Z,2026-08-17T18:00:00Z,163.2,52.0,87.5,25.0,-35.5,35.5
5-10 дней,2026-08-10T22:47:13Z,2026-08-17T21:00:00Z,166.2,65.0,87.5,25.0,-22.5,22.5
5-10 дней,2026-08-10T22:47:13Z,2026-08-18T00:00:00Z,169.2,70.0,100.0,12.5,-30.0,30.0
5-10 дней,2026-08-10T22:47:13Z,2026-08-18T03:00:00Z,172.2,61.0,37.5,12.5,23.5,23.5
5-10 дней,2026-08-10T22:47:13Z,2026-08-18T06:00:00Z,175.2,46.0,87.5,75.0,-41.5,41.5
5-10 дней,2026-08-10T22:47:13Z,2026-08-18T09:00:00Z,178.2,31.0,87.5,75.0,-56.5,56.5
5-10 дней,2026-08-10T22:47:13Z,2026-08-18T12:00:00Z,181.2,18.0,100.0,75.0,-82.0,82.0
5-10 дней,2026-08-10T22:47:13Z,2026-08-18T15:00:00Z,184.2,12.0,75.0,75.0,-63.0,63.0
5-10 дней,2026-08-10T22:47:13Z,2026-08-18T18:00:00Z,187.2,13.0,25.0,87.5,-12.0,12.0
5-10 дней,2026-08-10T22:47:13Z,2026-08-18T21:00:00Z,190.2,30.0,12.5,87.5,17.5,17.5
5-10 дней,2026-08-10T22:47:13Z,2026-08-19T00:00:00Z,193.2,47.0,87.5,100.0,-40.5,40.5
5-10 дней,2026-08-10T22:47:13Z,2026-08-19T03:00:00Z,196.2,42.0,100.0,37.5,-58.0,58.0
5-10 дней,2026-08-10T22:47:13Z,2026-08-19T06:00:00Z,199.2,39.0,100.0,87.5,-61.0,61.0
5-10 дней,2026-08-10T22:47:13Z,2026-08-19T09:00:00Z,202.2,66.0,87.5,87.5,-21.5,21.5
5-10 дней,2026-08-10T22:47:13Z,2026-08-19T12:00:00Z,205.2,95.0,87.5,100.0,7.5,7.5
5-10 дней,2026-08-10T22:47:13Z,2026-08-19T15:00:00Z,208.2,99.0,100.0,75.0,-1.0,1.0
5-10 дней,2026-08-10T22:47:13Z,2026-08-19T18:00:00Z,211.2,96.0,100.0,25.0,-4.0,4.0
5-10 дней,2026-08-10T22:47:13Z,2026-08-19T21:00:00Z,214.2,100.0,100.0,12.5,0.0,0.0
5-10 дней,2026-08-11T05:01:49Z,2026-08-16T06:00:00Z,121.0,0.0,100.0,100.0,-100.0,100.0
5-10 дней,2026-08-11T05:01:49Z,2026-08-16T09:00:00Z,124.0,15.0,100.0,100.0,-85.0,85.0
5-10 дней,2026-08-11T05:01:49Z,2026-08-16T12:00:00Z,127.0,30.0,87.5,100.0,-57.5,57.5
5-10 дней,2026-08-11T05:01:49Z,2026-08-16T15:00:00Z,130.0,27.0,87.5,100.0,-60.5,60.5
5-10 дней,2026-08-11T05:01:49Z,2026-08-16T18:00:00Z,133.0,26.0,25.0,100.0,1.0,1.0
5-10 дней,2026-08-11T05:01:49Z,2026-08-16T21:00:00Z,136.0,50.0,25.0,100.0,25.0,25.0
5-10 дней,2026-08-11T05:01:49Z,2026-08-17T00:00:00Z,139.0,75.0,12.5,87.5,62.5,62.5
5-10 дней,2026-08-11T05:01:49Z,2026-08-17T03:00:00Z,142.0,82.0,12.5,100.0,69.5,69.5
5-10 дней,2026-08-11T05:01:49Z,2026-08-17T06:00:00Z,145.0,74.0,75.0,100.0,-1.0,1.0
5-10 дней,2026-08-11T05:01:49Z,2026-08-17T09:00:00Z,148.0,39.0,75.0,100.0,-36.0,36.0
5-10 дней,2026-08-11T05:01:49Z,2026-08-17T12:00:00Z,151.0,10.0,75.0,87.5,-65.0,65.0
5-10 дней,2026-08-11T05:01:49Z,2026-08-17T15:00:00Z,154.0,26.0,75.0,87.5,-49.0,49.0
5-10 дней,2026-08-11T05:01:49Z,2026-08-17T18:00:00Z,157.0,52.0,87.5,25.0,-35.5,35.5
5-10 дней,2026-08-11T05:01:49Z,2026-08-17T21:00:00Z,160.0,65.0,87.5,25.0,-22.5,22.5
5-10 дней,2026-08-11T05:01:49Z,2026-08-18T00:00:00Z,163.0,70.0,100.0,12.5,-30.0,30.0
5-10 дней,2026-08-11T05:01:49Z,2026-08-18T03:00:00Z,166.0,61.0,37.5,12.5,23.5,23.5
5-10 дней,2026-08-11T05:01:49Z,2026-08-18T06:00:00Z,169.0,46.0,87.5,75.0,-41.5,41.5
5-10 дней,2026-08-11T05:01:49Z,2026-08-18T09:00:00Z,172.0,31.0,87.5,75.0,-56.5,56.5
5-10 дней,2026-08-11T05:01:49Z,2026-08-18T12:00:00Z,175.0,18.0,100.0,75.0,-82.0,82.0
5-10 дней,2026-08-11T05:01:49Z,2026-08-18T15:00:00Z,178.0,12.0,75.0,75.0,-63.0,63.0
5-10 дней,2026-08-11T05:01:49Z,2026-08-18T18:00:00Z,181.0,13.0,25.0,87.5,-12.0,12.0
5-10 дней,2026-08-11T05:01:49Z,2026-08-18T21:00:00Z,184.0,30.0,12.5,87.5,17.5,17.5
5-10 дней,2026-08-11T05:01:49Z,2026-08-19T00:00:00Z,187.0,47.0,87.5,100.0,-40.5,40.5
5-10 дней,2026-08-11T05:01:49Z,2026-08-19T03:00:00Z,190.0,42.0,100.0,37.5,-58.0,58.0
5-10 дней,2026-08-11T05:01:49Z,2026-08-19T06:00:00Z,193.0,39.0,100.0,87.5,-61.0,61.0
5-10 дней,2026-08-11T05:01:49Z,2026-08-19T09:00:00Z,196.0,66.0,87.5,87.5,-21.5,21.5
5-10 дней,2026-08-11T05:01:49Z,2026-08-19T12:00:00Z,199.0,95.0,87.5,100.0,7.5,7.5
5-10 дней,2026-08-11T05:01:49Z,2026-08-19T15:00:00Z,202.0,99.0,100.0,75.0,-1.0,1.0
5-10 дней,2026-08-11T05:01:49Z,2026-08-19T18:00:00Z,205.0,96.0,100.0,25.0,-4.0,4.0
5-10 дней,2026-08-11T05:01:49Z,2026-08-19T21:00:00Z,208.0,100.0,100.0,12.5,0.0,0.0
5-10 дней,2026-08-11T05:01:49Z,2026-08-20T00:00:00Z,211.0,98.0,100.0,87.5,-2.0,2.0
5-10 дней,2026-08-11T05:01:49Z,2026-08-20T03:00:00Z,214.0,74.0,75.0,100.0,-1.0,1.0
5-10 дней,2026-08-11T05:01:49Z,2026-08-20T06:00:00Z,217.0,53.0,100.0,100.0,-47.0,47.0
5-10 дней,2026-08-11T05:01:49Z,2026-08-20T09:00:00Z,220.0,67.0,100.0,87.5,-33.0,33.0
5-10 дней,2026-08-11T05:01:49Z,2026-08-20T12:00:00Z,223.0,84.0,87.5,87.5,-3.5,3.5
5-10 дней,2026-08-11T05:01:49Z,2026-08-20T15:00:00Z,226.0,73.0,87.5,100.0,-14.5,14.5
5-10 дней,2026-08-11T05:01:49Z,2026-08-20T18:00:00Z,229.0,59.0,100.0,100.0,-41.0,41.0
5-10 дней,2026-08-11T05:01:49Z,2026-08-20T21:00:00Z,232.0,58.0,100.0,100.0,-42.0,42.0
5-10 дней,2026-08-11T10:38:45Z,2026-08-16T12:00:00Z,121.4,0.0,87.5,100.0,-87.5,87.5
5-10 дней,2026-08-11T10:38:45Z,2026-08-16T15:00:00Z,124.4,37.0,87.5,100.0,-50.5,50.5
5-10 дней,2026-08-11T10:38:45Z,2026-08-16T18:00:00Z,127.4,73.0,25.0,100.0,48.0,48.0
5-10 дней,2026-08-11T10:38:45Z,2026-08-16T21:00:00Z,130.4,70.0,25.0,100.0,45.0,45.0
5-10 дней,2026-08-11T10:38:45Z,2026-08-17T00:00:00Z,133.4,62.0,12.5,87.5,49.5,49.5
5-10 дней,2026-08-11T10:38:45Z,2026-08-17T03:00:00Z,136.4,81.0,12.5,100.0,68.5,68.5
5-10 дней,2026-08-11T10:38:45Z,2026-08-17T06:00:00Z,139.4,100.0,75.0,100.0,25.0,25.0
5-10 дней,2026-08-11T10:38:45Z,2026-08-17T09:00:00Z,142.4,99.0,75.0,100.0,24.0,24.0
5-10 дней,2026-08-11T10:38:45Z,2026-08-17T12:00:00Z,145.4,86.0,75.0,87.5,11.0,11.0
5-10 дней,2026-08-11T10:38:45Z,2026-08-17T15:00:00Z,148.4,56.0,75.0,87.5,-19.0,19.0
5-10 дней,2026-08-11T10:38:45Z,2026-08-17T18:00:00Z,151.4,35.0,87.5,25.0,-52.5,52.5
5-10 дней,2026-08-11T10:38:45Z,2026-08-17T21:00:00Z,154.4,61.0,87.5,25.0,-26.5,26.5
5-10 дней,2026-08-11T10:38:45Z,2026-08-18T00:00:00Z,157.4,91.0,100.0,12.5,-9.0,9.0
5-10 дней,2026-08-11T10:38:45Z,2026-08-18T03:00:00Z,160.4,88.0,37.5,12.5,50.5,50.5
5-10 дней,2026-08-11T10:38:45Z,2026-08-18T06:00:00Z,163.4,75.0,87.5,75.0,-12.5,12.5
5-10 дней,2026-08-11T10:38:45Z,2026-08-18T09:00:00Z,166.4,59.0,87.5,75.0,-28.5,28.5
5-10 дней,2026-08-11T10:38:45Z,2026-08-18T12:00:00Z,169.4,44.0,100.0,75.0,-56.0,56.0
5-10 дней,2026-08-11T10:38:45Z,2026-08-18T15:00:00Z,172.4,36.0,75.0,75.0,-39.0,39.0
5-10 дней,2026-08-11T10:38:45Z,2026-08-18T18:00:00Z,175.4,29.0,25.0,87.5,4.0,4.0
5-10 дней,2026-08-11T10:38:45Z,2026-08-18T21:00:00Z,178.4,13.0,12.5,87.5,0.5,0.5
5-10 дней,2026-08-11T10:38:45Z,2026-08-19T00:00:00Z,181.4,0.0,87.5,100.0,-87.5,87.5
5-10 дней,2026-08-11T10:38:45Z,2026-08-19T03:00:00Z,184.4,0.0,100.0,37.5,-100.0,100.0
5-10 дней,2026-08-11T10:38:45Z,2026-08-19T06:00:00Z,187.4,8.0,100.0,87.5,-92.0,92.0
5-10 дней,2026-08-11T10:38:45Z,2026-08-19T09:00:00Z,190.4,35.0,87.5,87.5,-52.5,52.5
5-10 дней,2026-08-11T10:38:45Z,2026-08-19T12:00:00Z,193.4,58.0,87.5,100.0,-29.5,29.5
5-10 дней,2026-08-11T10:38:45Z,2026-08-19T15:00:00Z,196.4,54.0,100.0,75.0,-46.0,46.0
5-10 дней,2026-08-11T10:38:45Z,2026-08-19T18:00:00Z,199.4,41.0,100.0,25.0,-59.0,59.0
5-10 дней,2026-08-11T10:38:45Z,2026-08-19T21:00:00Z,202.4,31.0,100.0,12.5,-69.0,69.0
5-10 дней,2026-08-11T10:38:45Z,2026-08-20T00:00:00Z,205.4,21.0,100.0,87.5,-79.0,79.0
5-10 дней,2026-08-11T10:38:45Z,2026-08-20T03:00:00Z,208.4,10.0,75.0,100.0,-65.0,65.0
5-10 дней,2026-08-11T10:38:45Z,2026-08-20T06:00:00Z,211.4,11.0,100.0,100.0,-89.0,89.0
5-10 дней,2026-08-11T10:38:45Z,2026-08-20T09:00:00Z,214.4,48.0,100.0,87.5,-52.0,52.0
5-10 дней,2026-08-11T10:38:45Z,2026-08-20T12:00:00Z,217.4,84.0,87.5,87.5,-3.5,3.5
5-10 дней,2026-08-11T10:38:45Z,2026-08-20T15:00:00Z,220.4,80.0,87.5,100.0,-7.5,7.5
5-10 дней,2026-08-11T10:38:45Z,2026-08-20T18:00:00Z,223.4,61.0,100.0,100.0,-39.0,39.0
5-10 дней,2026-08-11T10:38:45Z,2026-08-20T21:00:00Z,226.4,27.0,100.0,100.0,-73.0,73.0
5-10 дней,2026-08-12T10:47:03Z,2026-08-17T12:00:00Z,121.2,79.0,75.0,87.5,4.0,4.0
5-10 дней,2026-08-12T10:47:03Z,2026-08-17T15:00:00Z,124.2,84.0,75.0,87.5,9.0,9.0
5-10 дней,2026-08-12T10:47:03Z,2026-08-17T18:00:00Z,127.2,88.0,87.5,25.0,0.5,0.5
5-10 дней,2026-08-12T10:47:03Z,2026-08-17T21:00:00Z,130.2,79.0,87.5,25.0,-8.5,8.5
5-10 дней,2026-08-12T10:47:03Z,2026-08-18T00:00:00Z,133.2,72.0,100.0,12.5,-28.0,28.0
5-10 дней,2026-08-12T10:47:03Z,2026-08-18T03:00:00Z,136.2,85.0,37.5,12.5,47.5,47.5
5-10 дней,2026-08-12T10:47:03Z,2026-08-18T06:00:00Z,139.2,100.0,87.5,75.0,12.5,12.5
5-10 дней,2026-08-12T10:47:03Z,2026-08-18T09:00:00Z,142.2,100.0,87.5,75.0,12.5,12.5
5-10 дней,2026-08-12T10:47:03Z,2026-08-18T12:00:00Z,145.2,98.0,100.0,75.0,-2.0,2.0
5-10 дней,2026-08-12T10:47:03Z,2026-08-18T15:00:00Z,148.2,86.0,75.0,75.0,11.0,11.0
5-10 дней,2026-08-12T10:47:03Z,2026-08-18T18:00:00Z,151.2,77.0,25.0,87.5,52.0,52.0
5-10 дней,2026-08-12T10:47:03Z,2026-08-18T21:00:00Z,154.2,87.0,12.5,87.5,74.5,74.5
5-10 дней,2026-08-12T10:47:03Z,2026-08-19T00:00:00Z,157.2,100.0,87.5,100.0,12.5,12.5
5-10 дней,2026-08-12T10:47:03Z,2026-08-19T03:00:00Z,160.2,100.0,100.0,37.5,0.0,0.0
5-10 дней,2026-08-12T10:47:03Z,2026-08-19T06:00:00Z,163.2,100.0,100.0,87.5,0.0,0.0
5-10 дней,2026-08-12T10:47:03Z,2026-08-19T09:00:00Z,166.2,97.0,87.5,87.5,9.5,9.5
5-10 дней,2026-08-12T10:47:03Z,2026-08-19T12:00:00Z,169.2,90.0,87.5,100.0,2.5,2.5
5-10 дней,2026-08-12T10:47:03Z,2026-08-19T15:00:00Z,172.2,75.0,100.0,75.0,-25.0,25.0
5-10 дней,2026-08-12T10:47:03Z,2026-08-19T18:00:00Z,175.2,65.0,100.0,25.0,-35.0,35.0
5-10 дней,2026-08-12T10:47:03Z,2026-08-19T21:00:00Z,178.2,77.0,100.0,12.5,-23.0,23.0
5-10 дней,2026-08-12T10:47:03Z,2026-08-20T00:00:00Z,181.2,92.0,100.0,87.5,-8.0,8.0
5-10 дней,2026-08-12T10:47:03Z,2026-08-20T03:00:00Z,184.2,99.0,75.0,100.0,24.0,24.0
5-10 дней,2026-08-12T10:47:03Z,2026-08-20T06:00:00Z,187.2,96.0,100.0,100.0,-4.0,4.0
5-10 дней,2026-08-12T10:47:03Z,2026-08-20T09:00:00Z,190.2,73.0,100.0,87.5,-27.0,27.0
5-10 дней,2026-08-12T10:47:03Z,2026-08-20T12:00:00Z,193.2,49.0,87.5,87.5,-38.5,38.5
5-10 дней,2026-08-12T10:47:03Z,2026-08-20T15:00:00Z,196.2,45.0,87.5,100.0,-42.5,42.5
5-10 дней,2026-08-12T10:47:03Z,2026-08-20T18:00:00Z,199.2,47.0,100.0,100.0,-53.0,53.0
5-10 дней,2026-08-12T10:47:03Z,2026-08-20T21:00:00Z,202.2,54.0,100.0,100.0,-46.0,46.0
5-10 дней,2026-08-12T10:47:03Z,2026-08-21T00:00:00Z,205.2,54.0,87.5,100.0,-33.5,33.5
5-10 дней,2026-08-12T10:47:03Z,2026-08-21T03:00:00Z,208.2,27.0,87.5,75.0,-60.5,60.5
5-10 дней,2026-08-12T10:47:03Z,2026-08-21T06:00:00Z,211.2,0.0,62.5,100.0,-62.5,62.5
5-10 дней,2026-08-12T10:47:03Z,2026-08-21T09:00:00Z,214.2,0.0,75.0,100.0,-75.0,75.0
5-10 дней,2026-08-12T10:47:03Z,2026-08-21T12:00:00Z,217.2,2.0,87.5,87.5,-85.5,85.5
5-10 дней,2026-08-12T10:47:03Z,2026-08-21T15:00:00Z,220.2,4.0,87.5,87.5,-83.5,83.5
5-10 дней,2026-08-12T10:47:03Z,2026-08-21T18:00:00Z,223.2,6.0,100.0,100.0,-94.0,94.0
5-10 дней,2026-08-12T10:47:03Z,2026-08-21T21:00:00Z,226.2,7.0,100.0,100.0,-93.0,93.0
5-10 дней,2026-08-12T16:54:57Z,2026-08-17T18:00:00Z,121.1,13.0,87.5,25.0,-74.5,74.5
5-10 дней,2026-08-12T16:54:57Z,2026-08-17T21:00:00Z,124.1,41.0,87.5,25.0,-46.5,46.5
5-10 дней,2026-08-12T16:54:57Z,2026-08-18T00:00:00Z,127.1,72.0,100.0,12.5,-28.0,28.0
5-10 дней,2026-08-12T16:54:57Z,2026-08-18T03:00:00Z,130.1,90.0,37.5,12.5,52.5,52.5
5-10 дней,2026-08-12T16:54:57Z,2026-08-18T06:00:00Z,133.1,100.0,87.5,75.0,12.5,12.5
5-10 дней,2026-08-12T16:54:57Z,2026-08-18T09:00:00Z,136.1,100.0,87.5,75.0,12.5,12.5
5-10 дней,2026-08-12T16:54:57Z,2026-08-18T12:00:00Z,139.1,98.0,100.0,75.0,-2.0,2.0
5-10 дней,2026-08-12T16:54:57Z,2026-08-18T15:00:00Z,142.1,86.0,75.0,75.0,11.0,11.0
5-10 дней,2026-08-12T16:54:57Z,2026-08-18T18:00:00Z,145.1,77.0,25.0,87.5,52.0,52.0
5-10 дней,2026-08-12T16:54:57Z,2026-08-18T21:00:00Z,148.1,87.0,12.5,87.5,74.5,74.5
5-10 дней,2026-08-12T16:54:57Z,2026-08-19T00:00:00Z,151.1,100.0,87.5,100.0,12.5,12.5
5-10 дней,2026-08-12T16:54:57Z,2026-08-19T03:00:00Z,154.1,100.0,100.0,37.5,0.0,0.0
5-10 дней,2026-08-12T16:54:57Z,2026-08-19T06:00:00Z,157.1,100.0,100.0,87.5,0.0,0.0
5-10 дней,2026-08-12T16:54:57Z,2026-08-19T09:00:00Z,160.1,97.0,87.5,87.5,9.5,9.5
5-10 дней,2026-08-12T16:54:57Z,2026-08-19T12:00:00Z,163.1,90.0,87.5,100.0,2.5,2.5
5-10 дней,2026-08-12T16:54:57Z,2026-08-19T15:00:00Z,166.1,75.0,100.0,75.0,-25.0,25.0
5-10 дней,2026-08-12T16:54:57Z,2026-08-19T18:00:00Z,169.1,65.0,100.0,25.0,-35.0,35.0
5-10 дней,2026-08-12T16:54:57Z,2026-08-19T21:00:00Z,172.1,77.0,100.0,12.5,-23.0,23.0
5-10 дней,2026-08-12T16:54:57Z,2026-08-20T00:00:00Z,175.1,92.0,100.0,87.5,-8.0,8.0
5-10 дней,2026-08-12T16:54:57Z,2026-08-20T03:00:00Z,178.1,99.0,75.0,100.0,24.0,24.0
5-10 дней,2026-08-12T16:54:57Z,2026-08-20T06:00:00Z,181.1,96.0,100.0,100.0,-4.0,4.0
5-10 дней,2026-08-12T16:54:57Z,2026-08-20T09:00:00Z,184.1,73.0,100.0,87.5,-27.0,27.0
5-10 дней,2026-08-12T16:54:57Z,2026-08-20T12:00:00Z,187.1,49.0,87.5,87.5,-38.5,38.5
5-10 дней,2026-08-12T16:54:57Z,2026-08-20T15:00:00Z,190.1,45.0,87.5,100.0,-42.5,42.5
5-10 дней,2026-08-12T16:54:57Z,2026-08-20T18:00:00Z,193.1,47.0,100.0,100.0,-53.0,53.0
5-10 дней,2026-08-12T16:54:57Z,2026-08-20T21:00:00Z,196.1,54.0,100.0,100.0,-46.0,46.0
5-10 дней,2026-08-12T16:54:57Z,2026-08-21T00:00:00Z,199.1,54.0,87.5,100.0,-33.5,33.5
5-10 дней,2026-08-12T16:54:57Z,2026-08-21T03:00:00Z,202.1,27.0,87.5,75.0,-60.5,60.5
5-10 дней,2026-08-12T16:54:57Z,2026-08-21T06:00:00Z,205.1,0.0,62.5,100.0,-62.5,62.5
5-10 дней,2026-08-12T16:54:57Z,2026-08-21T09:00:00Z,208.1,0.0,75.0,100.0,-75.0,75.0
5-10 дней,2026-08-12T16:54:57Z,2026-08-21T12:00:00Z,211.1,2.0,87.5,87.5,-85.5,85.5
5-10 дней,2026-08-12T16:54:57Z,2026-08-21T15:00:00Z,214.1,4.0,87.5,87.5,-83.5,83.5
5-10 дней,2026-08-12T16:54:57Z,2026-08-21T18:00:00Z,217.1,6.0,100.0,100.0,-94.0,94.0
5-10 дней,2026-08-12T16:54:57Z,2026-08-21T21:00:00Z,220.1,7.0,100.0,100.0,-93.0,93.0
5-10 дней,2026-08-12T22:50:47Z,2026-08-18T00:00:00Z,121.2,37.0,100.0,12.5,-63.0,63.0
5-10 дней,2026-08-12T22:50:47Z,2026-08-18T03:00:00Z,124.2,19.0,37.5,12.5,-18.5,18.5
5-10 дней,2026-08-12T22:50:47Z,2026-08-18T06:00:00Z,127.2,0.0,87.5,75.0,-87.5,87.5
5-10 дней,2026-08-12T22:50:47Z,2026-08-18T09:00:00Z,130.2,8.0,87.5,75.0,-79.5,79.5
5-10 дней,2026-08-12T22:50:47Z,2026-08-18T12:00:00Z,133.2,22.0,100.0,75.0,-78.0,78.0
5-10 дней,2026-08-12T22:50:47Z,2026-08-18T15:00:00Z,136.2,30.0,75.0,75.0,-45.0,45.0
5-10 дней,2026-08-12T22:50:47Z,2026-08-18T18:00:00Z,139.2,34.0,25.0,87.5,9.0,9.0
5-10 дней,2026-08-12T22:50:47Z,2026-08-18T21:00:00Z,142.2,32.0,12.5,87.5,19.5,19.5
5-10 дней,2026-08-12T22:50:47Z,2026-08-19T00:00:00Z,145.2,32.0,87.5,100.0,-55.5,55.5
5-10 дней,2026-08-12T22:50:47Z,2026-08-19T03:00:00Z,148.2,51.0,100.0,37.5,-49.0,49.0
5-10 дней,2026-08-12T22:50:47Z,2026-08-19T06:00:00Z,151.2,67.0,100.0,87.5,-33.0,33.0
5-10 дней,2026-08-12T22:50:47Z,2026-08-19T09:00:00Z,154.2,57.0,87.5,87.5,-30.5,30.5
5-10 дней,2026-08-12T22:50:47Z,2026-08-19T12:00:00Z,157.2,40.0,87.5,100.0,-47.5,47.5
5-10 дней,2026-08-12T22:50:47Z,2026-08-19T15:00:00Z,160.2,27.0,100.0,75.0,-73.0,73.0
5-10 дней,2026-08-12T22:50:47Z,2026-08-19T18:00:00Z,163.2,21.0,100.0,25.0,-79.0,79.0
5-10 дней,2026-08-12T22:50:47Z,2026-08-19T21:00:00Z,166.2,31.0,100.0,12.5,-69.0,69.0
5-10 дней,2026-08-12T22:50:47Z,2026-08-20T00:00:00Z,169.2,47.0,100.0,87.5,-53.0,53.0
5-10 дней,2026-08-12T22:50:47Z,2026-08-20T03:00:00Z,172.2,59.0,75.0,100.0,-16.0,16.0
5-10 дней,2026-08-12T22:50:47Z,2026-08-20T06:00:00Z,175.2,69.0,100.0,100.0,-31.0,31.0
5-10 дней,2026-08-12T22:50:47Z,2026-08-20T09:00:00Z,178.2,73.0,100.0,87.5,-27.0,27.0
5-10 дней,2026-08-12T22:50:47Z,2026-08-20T12:00:00Z,181.2,76.0,87.5,87.5,-11.5,11.5
5-10 дней,2026-08-12T22:50:47Z,2026-08-20T15:00:00Z,184.2,85.0,87.5,100.0,-2.5,2.5
5-10 дней,2026-08-12T22:50:47Z,2026-08-20T18:00:00Z,187.2,92.0,100.0,100.0,-8.0,8.0
5-10 дней,2026-08-12T22:50:47Z,2026-08-20T21:00:00Z,190.2,89.0,100.0,100.0,-11.0,11.0
5-10 дней,2026-08-12T22:50:47Z,2026-08-21T00:00:00Z,193.2,85.0,87.5,100.0,-2.5,2.5
5-10 дней,2026-08-12T22:50:47Z,2026-08-21T03:00:00Z,196.2,92.0,87.5,75.0,4.5,4.5
5-10 дней,2026-08-12T22:50:47Z,2026-08-21T06:00:00Z,199.2,100.0,62.5,100.0,37.5,37.5
5-10 дней,2026-08-12T22:50:47Z,2026-08-21T09:00:00Z,202.2,100.0,75.0,100.0,25.0,25.0
5-10 дней,2026-08-12T22:50:47Z,2026-08-21T12:00:00Z,205.2,98.0,87.5,87.5,10.5,10.5
5-10 дней,2026-08-12T22:50:47Z,2026-08-21T15:00:00Z,208.2,90.0,87.5,87.5,2.5,2.5
5-10 дней,2026-08-12T22:50:47Z,2026-08-21T18:00:00Z,211.2,83.0,100.0,100.0,-17.0,17.0
5-10 дней,2026-08-12T22:50:47Z,2026-08-21T21:00:00Z,214.2,84.0,100.0,100.0,-16.0,16.0
5-10 дней,2026-08-13T05:30:08Z,2026-08-18T06:00:00Z,120.5,22.0,87.5,75.0,-65.5,65.5
5-10 дней,2026-08-13T05:30:08Z,2026-08-18T09:00:00Z,123.5,18.0,87.5,75.0,-69.5,69.5
5-10 дней,2026-08-13T05:30:08Z,2026-08-18T12:00:00Z,126.5,22.0,100.0,75.0,-78.0,78.0
5-10 дней,2026-08-13T05:30:08Z,2026-08-18T15:00:00Z,129.5,28.0,75.0,75.0,-47.0,47.0
5-10 дней,2026-08-13T05:30:08Z,2026-08-18T18:00:00Z,132.5,34.0,25.0,87.5,9.0,9.0
5-10 дней,2026-08-13T05:30:08Z,2026-08-18T21:00:00Z,135.5,32.0,12.5,87.5,19.5,19.5
5-10 дней,2026-08-13T05:30:08Z,2026-08-19T00:00:00Z,138.5,32.0,87.5,100.0,-55.5,55.5
5-10 дней,2026-08-13T05:30:08Z,2026-08-19T03:00:00Z,141.5,51.0,100.0,37.5,-49.0,49.0
5-10 дней,2026-08-13T05:30:08Z,2026-08-19T06:00:00Z,144.5,67.0,100.0,87.5,-33.0,33.0
5-10 дней,2026-08-13T05:30:08Z,2026-08-19T09:00:00Z,147.5,57.0,87.5,87.5,-30.5,30.5
5-10 дней,2026-08-13T05:30:08Z,2026-08-19T12:00:00Z,150.5,40.0,87.5,100.0,-47.5,47.5
5-10 дней,2026-08-13T05:30:08Z,2026-08-19T15:00:00Z,153.5,27.0,100.0,75.0,-73.0,73.0
5-10 дней,2026-08-13T05:30:08Z,2026-08-19T18:00:00Z,156.5,21.0,100.0,25.0,-79.0,79.0
5-10 дней,2026-08-13T05:30:08Z,2026-08-19T21:00:00Z,159.5,31.0,100.0,12.5,-69.0,69.0
5-10 дней,2026-08-13T05:30:08Z,2026-08-20T00:00:00Z,162.5,47.0,100.0,87.5,-53.0,53.0
5-10 дней,2026-08-13T05:30:08Z,2026-08-20T03:00:00Z,165.5,59.0,75.0,100.0,-16.0,16.0
5-10 дней,2026-08-13T05:30:08Z,2026-08-20T06:00:00Z,168.5,69.0,100.0,100.0,-31.0,31.0
5-10 дней,2026-08-13T05:30:08Z,2026-08-20T09:00:00Z,171.5,73.0,100.0,87.5,-27.0,27.0
5-10 дней,2026-08-13T05:30:08Z,2026-08-20T12:00:00Z,174.5,76.0,87.5,87.5,-11.5,11.5
5-10 дней,2026-08-13T05:30:08Z,2026-08-20T15:00:00Z,177.5,85.0,87.5,100.0,-2.5,2.5
5-10 дней,2026-08-13T05:30:08Z,2026-08-20T18:00:00Z,180.5,92.0,100.0,100.0,-8.0,8.0
5-10 дней,2026-08-13T05:30:08Z,2026-08-20T21:00:00Z,183.5,89.0,100.0,100.0,-11.0,11.0
5-10 дней,2026-08-13T05:30:08Z,2026-08-21T00:00:00Z,186.5,85.0,87.5,100.0,-2.5,2.5
5-10 дней,2026-08-13T05:30:08Z,2026-08-21T03:00:00Z,189.5,92.0,87.5,75.0,4.5,4.5
5-10 дней,2026-08-13T05:30:08Z,2026-08-21T06:00:00Z,192.5,100.0,62.5,100.0,37.5,37.5
5-10 дней,2026-08-13T05:30:08Z,2026-08-21T09:00:00Z,195.5,100.0,75.0,100.0,25.0,25.0
5-10 дней,2026-08-13T05:30:08Z,2026-08-21T12:00:00Z,198.5,98.0,87.5,87.5,10.5,10.5
5-10 дней,2026-08-13T05:30:08Z,2026-08-21T15:00:00Z,201.5,90.0,87.5,87.5,2.5,2.5
5-10 дней,2026-08-13T05:30:08Z,2026-08-21T18:00:00Z,204.5,83.0,100.0,100.0,-17.0,17.0
5-10 дней,2026-08-13T05:30:08Z,2026-08-21T21:00:00Z,207.5,84.0,100.0,100.0,-16.0,16.0
5-10 дней,2026-08-13T05:30:08Z,2026-08-22T00:00:00Z,210.5,88.0,100.0,87.5,-12.0,12.0
5-10 дней,2026-08-13T05:30:08Z,2026-08-22T03:00:00Z,213.5,92.0,100.0,87.5,-8.0,8.0
5-10 дней,2026-08-13T05:30:08Z,2026-08-22T06:00:00Z,216.5,93.0,100.0,62.5,-7.0,7.0
5-10 дней,2026-08-13T05:30:08Z,2026-08-22T09:00:00Z,219.5,84.0,87.5,75.0,-3.5,3.5
5-10 дней,2026-08-13T05:30:08Z,2026-08-22T12:00:00Z,222.5,72.0,75.0,87.5,-3.0,3.0
5-10 дней,2026-08-13T05:30:08Z,2026-08-22T15:00:00Z,225.5,60.0,87.5,87.5,-27.5,27.5
5-10 дней,2026-08-13T05:30:08Z,2026-08-22T18:00:00Z,228.5,54.0,87.5,100.0,-33.5,33.5
5-10 дней,2026-08-13T05:30:08Z,2026-08-22T21:00:00Z,231.5,70.0,87.5,100.0,-17.5,17.5
5-10 дней,2026-08-13T10:49:01Z,2026-08-18T12:00:00Z,121.2,21.0,100.0,75.0,-79.0,79.0
5-10 дней,2026-08-13T10:49:01Z,2026-08-18T15:00:00Z,124.2,56.0,75.0,75.0,-19.0,19.0
5-10 дней,2026-08-13T10:49:01Z,2026-08-18T18:00:00Z,127.2,86.0,25.0,87.5,61.0,61.0
5-10 дней,2026-08-13T10:49:01Z,2026-08-18T21:00:00Z,130.2,77.0,12.5,87.5,64.5,64.5
5-10 дней,2026-08-13T10:49:01Z,2026-08-19T00:00:00Z,133.2,63.0,87.5,100.0,-24.5,24.5
5-10 дней,2026-08-13T10:49:01Z,2026-08-19T03:00:00Z,136.2,71.0,100.0,37.5,-29.0,29.0
5-10 дней,2026-08-13T10:49:01Z,2026-08-19T06:00:00Z,139.2,81.0,100.0,87.5,-19.0,19.0
5-10 дней,2026-08-13T10:49:01Z,2026-08-19T09:00:00Z,142.2,81.0,87.5,87.5,-6.5,6.5
5-10 дней,2026-08-13T10:49:01Z,2026-08-19T12:00:00Z,145.2,80.0,87.5,100.0,-7.5,7.5
5-10 дней,2026-08-13T10:49:01Z,2026-08-19T15:00:00Z,148.2,84.0,100.0,75.0,-16.0,16.0
5-10 дней,2026-08-13T10:49:01Z,2026-08-19T18:00:00Z,151.2,88.0,100.0,25.0,-12.0,12.0
5-10 дней,2026-08-13T10:49:01Z,2026-08-19T21:00:00Z,154.2,92.0,100.0,12.5,-8.0,8.0
5-10 дней,2026-08-13T10:49:01Z,2026-08-20T00:00:00Z,157.2,94.0,100.0,87.5,-6.0,6.0
5-10 дней,2026-08-13T10:49:01Z,2026-08-20T03:00:00Z,160.2,92.0,75.0,100.0,17.0,17.0
5-10 дней,2026-08-13T10:49:01Z,2026-08-20T06:00:00Z,163.2,89.0,100.0,100.0,-11.0,11.0
5-10 дней,2026-08-13T10:49:01Z,2026-08-20T09:00:00Z,166.2,88.0,100.0,87.5,-12.0,12.0
5-10 дней,2026-08-13T10:49:01Z,2026-08-20T12:00:00Z,169.2,85.0,87.5,87.5,-2.5,2.5
5-10 дней,2026-08-13T10:49:01Z,2026-08-20T15:00:00Z,172.2,81.0,87.5,100.0,-6.5,6.5
5-10 дней,2026-08-13T10:49:01Z,2026-08-20T18:00:00Z,175.2,69.0,100.0,100.0,-31.0,31.0
5-10 дней,2026-08-13T10:49:01Z,2026-08-20T21:00:00Z,178.2,34.0,100.0,100.0,-66.0,66.0
5-10 дней,2026-08-13T10:49:01Z,2026-08-21T00:00:00Z,181.2,0.0,87.5,100.0,-87.5,87.5
5-10 дней,2026-08-13T10:49:01Z,2026-08-21T03:00:00Z,184.2,0.0,87.5,75.0,-87.5,87.5
5-10 дней,2026-08-13T10:49:01Z,2026-08-21T06:00:00Z,187.2,0.0,62.5,100.0,-62.5,62.5
5-10 дней,2026-08-13T10:49:01Z,2026-08-21T09:00:00Z,190.2,37.0,75.0,100.0,-38.0,38.0
5-10 дней,2026-08-13T10:49:01Z,2026-08-21T12:00:00Z,193.2,75.0,87.5,87.5,-12.5,12.5
5-10 дней,2026-08-13T10:49:01Z,2026-08-21T15:00:00Z,196.2,88.0,87.5,87.5,0.5,0.5
5-10 дней,2026-08-13T10:49:01Z,2026-08-21T18:00:00Z,199.2,90.0,100.0,100.0,-10.0,10.0
5-10 дней,2026-08-13T10:49:01Z,2026-08-21T21:00:00Z,202.2,84.0,100.0,100.0,-16.0,16.0
5-10 дней,2026-08-13T10:49:01Z,2026-08-22T00:00:00Z,205.2,76.0,100.0,87.5,-24.0,24.0
5-10 дней,2026-08-13T10:49:01Z,2026-08-22T03:00:00Z,208.2,78.0,100.0,87.5,-22.0,22.0
5-10 дней,2026-08-13T10:49:01Z,2026-08-22T06:00:00Z,211.2,79.0,100.0,62.5,-21.0,21.0
5-10 дней,2026-08-13T10:49:01Z,2026-08-22T09:00:00Z,214.2,69.0,87.5,75.0,-18.5,18.5
5-10 дней,2026-08-13T10:49:01Z,2026-08-22T12:00:00Z,217.2,59.0,75.0,87.5,-16.0,16.0
5-10 дней,2026-08-13T10:49:01Z,2026-08-22T15:00:00Z,220.2,62.0,87.5,87.5,-25.5,25.5
5-10 дней,2026-08-13T10:49:01Z,2026-08-22T18:00:00Z,223.2,65.0,87.5,100.0,-22.5,22.5
5-10 дней,2026-08-13T10:49:01Z,2026-08-22T21:00:00Z,226.2,49.0,87.5,100.0,-38.5,38.5
5-10 дней,2026-08-13T16:36:10Z,2026-08-18T18:00:00Z,121.4,36.0,25.0,87.5,11.0,11.0
5-10 дней,2026-08-13T16:36:10Z,2026-08-18T21:00:00Z,124.4,48.0,12.5,87.5,35.5,35.5
5-10 дней,2026-08-13T16:36:10Z,2026-08-19T00:00:00Z,127.4,63.0,87.5,100.0,-24.5,24.5
5-10 дней,2026-08-13T16:36:10Z,2026-08-19T03:00:00Z,130.4,74.0,100.0,37.5,-26.0,26.0
5-10 дней,2026-08-13T16:36:10Z,2026-08-19T06:00:00Z,133.4,81.0,100.0,87.5,-19.0,19.0
5-10 дней,2026-08-13T16:36:10Z,2026-08-19T09:00:00Z,136.4,81.0,87.5,87.5,-6.5,6.5
5-10 дней,2026-08-13T16:36:10Z,2026-08-19T12:00:00Z,139.4,80.0,87.5,100.0,-7.5,7.5
5-10 дней,2026-08-13T16:36:10Z,2026-08-19T15:00:00Z,142.4,84.0,100.0,75.0,-16.0,16.0
5-10 дней,2026-08-13T16:36:10Z,2026-08-19T18:00:00Z,145.4,88.0,100.0,25.0,-12.0,12.0
5-10 дней,2026-08-13T16:36:10Z,2026-08-19T21:00:00Z,148.4,92.0,100.0,12.5,-8.0,8.0
5-10 дней,2026-08-13T16:36:10Z,2026-08-20T00:00:00Z,151.4,94.0,100.0,87.5,-6.0,6.0
5-10 дней,2026-08-13T16:36:10Z,2026-08-20T03:00:00Z,154.4,92.0,75.0,100.0,17.0,17.0
5-10 дней,2026-08-13T16:36:10Z,2026-08-20T06:00:00Z,157.4,89.0,100.0,100.0,-11.0,11.0
5-10 дней,2026-08-13T16:36:10Z,2026-08-20T09:00:00Z,160.4,88.0,100.0,87.5,-12.0,12.0
5-10 дней,2026-08-13T16:36:10Z,2026-08-20T12:00:00Z,163.4,85.0,87.5,87.5,-2.5,2.5
5-10 дней,2026-08-13T16:36:10Z,2026-08-20T15:00:00Z,166.4,81.0,87.5,100.0,-6.5,6.5
5-10 дней,2026-08-13T16:36:10Z,2026-08-20T18:00:00Z,169.4,69.0,100.0,100.0,-31.0,31.0
5-10 дней,2026-08-13T16:36:10Z,2026-08-20T21:00:00Z,172.4,34.0,100.0,100.0,-66.0,66.0
5-10 дней,2026-08-13T16:36:10Z,2026-08-21T00:00:00Z,175.4,0.0,87.5,100.0,-87.5,87.5
5-10 дней,2026-08-13T16:36:10Z,2026-08-21T03:00:00Z,178.4,0.0,87.5,75.0,-87.5,87.5
5-10 дней,2026-08-13T16:36:10Z,2026-08-21T06:00:00Z,181.4,0.0,62.5,100.0,-62.5,62.5
5-10 дней,2026-08-13T16:36:10Z,2026-08-21T09:00:00Z,184.4,37.0,75.0,100.0,-38.0,38.0
5-10 дней,2026-08-13T16:36:10Z,2026-08-21T12:00:00Z,187.4,75.0,87.5,87.5,-12.5,12.5
5-10 дней,2026-08-13T16:36:10Z,2026-08-21T15:00:00Z,190.4,88.0,87.5,87.5,0.5,0.5
5-10 дней,2026-08-13T16:36:10Z,2026-08-21T18:00:00Z,193.4,90.0,100.0,100.0,-10.0,10.0
5-10 дней,2026-08-13T16:36:10Z,2026-08-21T21:00:00Z,196.4,84.0,100.0,100.0,-16.0,16.0
5-10 дней,2026-08-13T16:36:10Z,2026-08-22T00:00:00Z,199.4,76.0,100.0,87.5,-24.0,24.0
5-10 дней,2026-08-13T16:36:10Z,2026-08-22T03:00:00Z,202.4,78.0,100.0,87.5,-22.0,22.0
5-10 дней,2026-08-13T16:36:10Z,2026-08-22T06:00:00Z,205.4,79.0,100.0,62.5,-21.0,21.0
5-10 дней,2026-08-13T16:36:10Z,2026-08-22T09:00:00Z,208.4,69.0,87.5,75.0,-18.5,18.5
5-10 дней,2026-08-13T16:36:10Z,2026-08-22T12:00:00Z,211.4,59.0,75.0,87.5,-16.0,16.0
5-10 дней,2026-08-13T16:36:10Z,2026-08-22T15:00:00Z,214.4,62.0,87.5,87.5,-25.5,25.5
5-10 дней,2026-08-13T16:36:10Z,2026-08-22T18:00:00Z,217.4,65.0,87.5,100.0,-22.5,22.5
5-10 дней,2026-08-13T16:36:10Z,2026-08-22T21:00:00Z,220.4,49.0,87.5,100.0,-38.5,38.5
5-10 дней,2026-08-13T16:42:24Z,2026-08-18T18:00:00Z,121.3,36.0,25.0,87.5,11.0,11.0
5-10 дней,2026-08-13T16:42:24Z,2026-08-18T21:00:00Z,124.3,48.0,12.5,87.5,35.5,35.5
5-10 дней,2026-08-13T16:42:24Z,2026-08-19T00:00:00Z,127.3,63.0,87.5,100.0,-24.5,24.5
5-10 дней,2026-08-13T16:42:24Z,2026-08-19T03:00:00Z,130.3,74.0,100.0,37.5,-26.0,26.0
5-10 дней,2026-08-13T16:42:24Z,2026-08-19T06:00:00Z,133.3,81.0,100.0,87.5,-19.0,19.0
5-10 дней,2026-08-13T16:42:24Z,2026-08-19T09:00:00Z,136.3,81.0,87.5,87.5,-6.5,6.5
5-10 дней,2026-08-13T16:42:24Z,2026-08-19T12:00:00Z,139.3,80.0,87.5,100.0,-7.5,7.5
5-10 дней,2026-08-13T16:42:24Z,2026-08-19T15:00:00Z,142.3,84.0,100.0,75.0,-16.0,16.0
5-10 дней,2026-08-13T16:42:24Z,2026-08-19T18:00:00Z,145.3,88.0,100.0,25.0,-12.0,12.0
5-10 дней,2026-08-13T16:42:24Z,2026-08-19T21:00:00Z,148.3,92.0,100.0,12.5,-8.0,8.0
5-10 дней,2026-08-13T16:42:24Z,2026-08-20T00:00:00Z,151.3,94.0,100.0,87.5,-6.0,6.0
5-10 дней,2026-08-13T16:42:24Z,2026-08-20T03:00:00Z,154.3,92.0,75.0,100.0,17.0,17.0
5-10 дней,2026-08-13T16:42:24Z,2026-08-20T06:00:00Z,157.3,89.0,100.0,100.0,-11.0,11.0
5-10 дней,2026-08-13T16:42:24Z,2026-08-20T09:00:00Z,160.3,88.0,100.0,87.5,-12.0,12.0
5-10 дней,2026-08-13T16:42:24Z,2026-08-20T12:00:00Z,163.3,85.0,87.5,87.5,-2.5,2.5
5-10 дней,2026-08-13T16:42:24Z,2026-08-20T15:00:00Z,166.3,81.0,87.5,100.0,-6.5,6.5
5-10 дней,2026-08-13T16:42:24Z,2026-08-20T18:00:00Z,169.3,69.0,100.0,100.0,-31.0,31.0
5-10 дней,2026-08-13T16:42:24Z,2026-08-20T21:00:00Z,172.3,34.0,100.0,100.0,-66.0,66.0
5-10 дней,2026-08-13T16:42:24Z,2026-08-21T00:00:00Z,175.3,0.0,87.5,100.0,-87.5,87.5
5-10 дней,2026-08-13T16:42:24Z,2026-08-21T03:00:00Z,178.3,0.0,87.5,75.0,-87.5,87.5
5-10 дней,2026-08-13T16:42:24Z,2026-08-21T06:00:00Z,181.3,0.0,62.5,100.0,-62.5,62.5
5-10 дней,2026-08-13T16:42:24Z,2026-08-21T09:00:00Z,184.3,37.0,75.0,100.0,-38.0,38.0
5-10 дней,2026-08-13T16:42:24Z,2026-08-21T12:00:00Z,187.3,75.0,87.5,87.5,-12.5,12.5
5-10 дней,2026-08-13T16:42:24Z,2026-08-21T15:00:00Z,190.3,88.0,87.5,87.5,0.5,0.5
5-10 дней,2026-08-13T16:42:24Z,2026-08-21T18:00:00Z,193.3,90.0,100.0,100.0,-10.0,10.0
5-10 дней,2026-08-13T16:42:24Z,2026-08-21T21:00:00Z,196.3,84.0,100.0,100.0,-16.0,16.0
5-10 дней,2026-08-13T16:42:24Z,2026-08-22T00:00:00Z,199.3,76.0,100.0,87.5,-24.0,24.0
5-10 дней,2026-08-13T16:42:24Z,2026-08-22T03:00:00Z,202.3,78.0,100.0,87.5,-22.0,22.0
5-10 дней,2026-08-13T16:42:24Z,2026-08-22T06:00:00Z,205.3,79.0,100.0,62.5,-21.0,21.0
5-10 дней,2026-08-13T16:42:24Z,2026-08-22T09:00:00Z,208.3,69.0,87.5,75.0,-18.5,18.5
5-10 дней,2026-08-13T16:42:24Z,2026-08-22T12:00:00Z,211.3,59.0,75.0,87.5,-16.0,16.0
5-10 дней,2026-08-13T16:42:24Z,2026-08-22T15:00:00Z,214.3,62.0,87.5,87.5,-25.5,25.5
5-10 дней,2026-08-13T16:42:24Z,2026-08-22T18:00:00Z,217.3,65.0,87.5,100.0,-22.5,22.5
5-10 дней,2026-08-13T16:42:24Z,2026-08-22T21:00:00Z,220.3,49.0,87.5,100.0,-38.5,38.5
5-10 дней,2026-08-13T16:54:22Z,2026-08-18T18:00:00Z,121.1,36.0,25.0,87.5,11.0,11.0
5-10 дней,2026-08-13T16:54:22Z,2026-08-18T21:00:00Z,124.1,48.0,12.5,87.5,35.5,35.5
5-10 дней,2026-08-13T16:54:22Z,2026-08-19T00:00:00Z,127.1,63.0,87.5,100.0,-24.5,24.5
5-10 дней,2026-08-13T16:54:22Z,2026-08-19T03:00:00Z,130.1,74.0,100.0,37.5,-26.0,26.0
5-10 дней,2026-08-13T16:54:22Z,2026-08-19T06:00:00Z,133.1,81.0,100.0,87.5,-19.0,19.0
5-10 дней,2026-08-13T16:54:22Z,2026-08-19T09:00:00Z,136.1,81.0,87.5,87.5,-6.5,6.5
5-10 дней,2026-08-13T16:54:22Z,2026-08-19T12:00:00Z,139.1,80.0,87.5,100.0,-7.5,7.5
5-10 дней,2026-08-13T16:54:22Z,2026-08-19T15:00:00Z,142.1,84.0,100.0,75.0,-16.0,16.0
5-10 дней,2026-08-13T16:54:22Z,2026-08-19T18:00:00Z,145.1,88.0,100.0,25.0,-12.0,12.0
5-10 дней,2026-08-13T16:54:22Z,2026-08-19T21:00:00Z,148.1,92.0,100.0,12.5,-8.0,8.0
5-10 дней,2026-08-13T16:54:22Z,2026-08-20T00:00:00Z,151.1,94.0,100.0,87.5,-6.0,6.0
5-10 дней,2026-08-13T16:54:22Z,2026-08-20T03:00:00Z,154.1,92.0,75.0,100.0,17.0,17.0
5-10 дней,2026-08-13T16:54:22Z,2026-08-20T06:00:00Z,157.1,89.0,100.0,100.0,-11.0,11.0
5-10 дней,2026-08-13T16:54:22Z,2026-08-20T09:00:00Z,160.1,88.0,100.0,87.5,-12.0,12.0
5-10 дней,2026-08-13T16:54:22Z,2026-08-20T12:00:00Z,163.1,85.0,87.5,87.5,-2.5,2.5
5-10 дней,2026-08-13T16:54:22Z,2026-08-20T15:00:00Z,166.1,81.0,87.5,100.0,-6.5,6.5
5-10 дней,2026-08-13T16:54:22Z,2026-08-20T18:00:00Z,169.1,69.0,100.0,100.0,-31.0,31.0
5-10 дней,2026-08-13T16:54:22Z,2026-08-20T21:00:00Z,172.1,34.0,100.0,100.0,-66.0,66.0
5-10 дней,2026-08-13T16:54:22Z,2026-08-21T00:00:00Z,175.1,0.0,87.5,100.0,-87.5,87.5
5-10 дней,2026-08-13T16:54:22Z,2026-08-21T03:00:00Z,178.1,0.0,87.5,75.0,-87.5,87.5
5-10 дней,2026-08-13T16:54:22Z,2026-08-21T06:00:00Z,181.1,0.0,62.5,100.0,-62.5,62.5
5-10 дней,2026-08-13T16:54:22Z,2026-08-21T09:00:00Z,184.1,37.0,75.0,100.0,-38.0,38.0
5-10 дней,2026-08-13T16:54:22Z,2026-08-21T12:00:00Z,187.1,75.0,87.5,87.5,-12.5,12.5
5-10 дней,2026-08-13T16:54:22Z,2026-08-21T15:00:00Z,190.1,88.0,87.5,87.5,0.5,0.5
5-10 дней,2026-08-13T16:54:22Z,2026-08-21T18:00:00Z,193.1,90.0,100.0,100.0,-10.0,10.0
5-10 дней,2026-08-13T16:54:22Z,2026-08-21T21:00:00Z,196.1,84.0,100.0,100.0,-16.0,16.0
5-10 дней,2026-08-13T16:54:22Z,2026-08-22T00:00:00Z,199.1,76.0,100.0,87.5,-24.0,24.0
5-10 дней,2026-08-13T16:54:22Z,2026-08-22T03:00:00Z,202.1,78.0,100.0,87.5,-22.0,22.0
5-10 дней,2026-08-13T16:54:22Z,2026-08-22T06:00:00Z,205.1,79.0,100.0,62.5,-21.0,21.0
5-10 дней,2026-08-13T16:54:22Z,2026-08-22T09:00:00Z,208.1,69.0,87.5,75.0,-18.5,18.5
5-10 дней,2026-08-13T16:54:22Z,2026-08-22T12:00:00Z,211.1,59.0,75.0,87.5,-16.0,16.0
5-10 дней,2026-08-13T16:54:22Z,2026-08-22T15:00:00Z,214.1,62.0,87.5,87.5,-25.5,25.5
5-10 дней,2026-08-13T16:54:22Z,2026-08-22T18:00:00Z,217.1,65.0,87.5,100.0,-22.5,22.5
5-10 дней,2026-08-13T16:54:22Z,2026-08-22T21:00:00Z,220.1,49.0,87.5,100.0,-38.5,38.5
5-10 дней,2026-08-13T22:52:17Z,2026-08-19T00:00:00Z,121.1,100.0,87.5,100.0,12.5,12.5
5-10 дней,2026-08-13T22:52:17Z,2026-08-19T03:00:00Z,124.1,100.0,100.0,37.5,0.0,0.0
5-10 дней,2026-08-13T22:52:17Z,2026-08-19T06:00:00Z,127.1,96.0,100.0,87.5,-4.0,4.0
5-10 дней,2026-08-13T22:52:17Z,2026-08-19T09:00:00Z,130.1,93.0,87.5,87.5,5.5,5.5
5-10 дней,2026-08-13T22:52:17Z,2026-08-19T12:00:00Z,133.1,88.0,87.5,100.0,0.5,0.5
5-10 дней,2026-08-13T22:52:17Z,2026-08-19T15:00:00Z,136.1,82.0,100.0,75.0,-18.0,18.0
5-10 дней,2026-08-13T22:52:17Z,2026-08-19T18:00:00Z,139.1,76.0,100.0,25.0,-24.0,24.0
5-10 дней,2026-08-13T22:52:17Z,2026-08-19T21:00:00Z,142.1,74.0,100.0,12.5,-26.0,26.0
5-10 дней,2026-08-13T22:52:17Z,2026-08-20T00:00:00Z,145.1,76.0,100.0,87.5,-24.0,24.0
5-10 дней,2026-08-13T22:52:17Z,2026-08-20T03:00:00Z,148.1,88.0,75.0,100.0,13.0,13.0
5-10 дней,2026-08-13T22:52:17Z,2026-08-20T06:00:00Z,151.1,100.0,100.0,100.0,0.0,0.0
5-10 дней,2026-08-13T22:52:17Z,2026-08-20T09:00:00Z,154.1,100.0,100.0,87.5,0.0,0.0
5-10 дней,2026-08-13T22:52:17Z,2026-08-20T12:00:00Z,157.1,98.0,87.5,87.5,10.5,10.5
5-10 дней,2026-08-13T22:52:17Z,2026-08-20T15:00:00Z,160.1,86.0,87.5,100.0,-1.5,1.5
5-10 дней,2026-08-13T22:52:17Z,2026-08-20T18:00:00Z,163.1,73.0,100.0,100.0,-27.0,27.0
5-10 дней,2026-08-13T22:52:17Z,2026-08-20T21:00:00Z,166.1,68.0,100.0,100.0,-32.0,32.0
5-10 дней,2026-08-13T22:52:17Z,2026-08-21T00:00:00Z,169.1,59.0,87.5,100.0,-28.5,28.5
5-10 дней,2026-08-13T22:52:17Z,2026-08-21T03:00:00Z,172.1,28.0,87.5,75.0,-59.5,59.5
5-10 дней,2026-08-13T22:52:17Z,2026-08-21T06:00:00Z,175.1,0.0,62.5,100.0,-62.5,62.5
5-10 дней,2026-08-13T22:52:17Z,2026-08-21T09:00:00Z,178.1,4.0,75.0,100.0,-71.0,71.0
5-10 дней,2026-08-13T22:52:17Z,2026-08-21T12:00:00Z,181.1,16.0,87.5,87.5,-71.5,71.5
5-10 дней,2026-08-13T22:52:17Z,2026-08-21T15:00:00Z,184.1,20.0,87.5,87.5,-67.5,67.5
5-10 дней,2026-08-13T22:52:17Z,2026-08-21T18:00:00Z,187.1,22.0,100.0,100.0,-78.0,78.0
5-10 дней,2026-08-13T22:52:17Z,2026-08-21T21:00:00Z,190.1,19.0,100.0,100.0,-81.0,81.0
5-10 дней,2026-08-13T22:52:17Z,2026-08-22T00:00:00Z,193.1,15.0,100.0,87.5,-85.0,85.0
5-10 дней,2026-08-13T22:52:17Z,2026-08-22T03:00:00Z,196.1,12.0,100.0,87.5,-88.0,88.0
5-10 дней,2026-08-13T22:52:17Z,2026-08-22T06:00:00Z,199.1,14.0,100.0,62.5,-86.0,86.0
5-10 дней,2026-08-13T22:52:17Z,2026-08-22T09:00:00Z,202.1,35.0,87.5,75.0,-52.5,52.5
5-10 дней,2026-08-13T22:52:17Z,2026-08-22T12:00:00Z,205.1,54.0,75.0,87.5,-21.0,21.0
5-10 дней,2026-08-13T22:52:17Z,2026-08-22T15:00:00Z,208.1,42.0,87.5,87.5,-45.5,45.5
5-10 дней,2026-08-13T22:52:17Z,2026-08-22T18:00:00Z,211.1,31.0,87.5,100.0,-56.5,56.5
5-10 дней,2026-08-13T22:52:17Z,2026-08-22T21:00:00Z,214.1,54.0,87.5,100.0,-33.5,33.5
5-10 дней,2026-08-14T05:28:14Z,2026-08-19T06:00:00Z,120.5,79.0,100.0,87.5,-21.0,21.0
5-10 дней,2026-08-14T05:28:14Z,2026-08-19T09:00:00Z,123.5,85.0,87.5,87.5,-2.5,2.5
5-10 дней,2026-08-14T05:28:14Z,2026-08-19T12:00:00Z,126.5,88.0,87.5,100.0,0.5,0.5
5-10 дней,2026-08-14T05:28:14Z,2026-08-19T15:00:00Z,129.5,83.0,100.0,75.0,-17.0,17.0
5-10 дней,2026-08-14T05:28:14Z,2026-08-19T18:00:00Z,132.5,76.0,100.0,25.0,-24.0,24.0
5-10 дней,2026-08-14T05:28:14Z,2026-08-19T21:00:00Z,135.5,74.0,100.0,12.5,-26.0,26.0
5-10 дней,2026-08-14T05:28:14Z,2026-08-20T00:00:00Z,138.5,76.0,100.0,87.5,-24.0,24.0
5-10 дней,2026-08-14T05:28:14Z,2026-08-20T03:00:00Z,141.5,88.0,75.0,100.0,13.0,13.0
5-10 дней,2026-08-14T05:28:14Z,2026-08-20T06:00:00Z,144.5,100.0,100.0,100.0,0.0,0.0
5-10 дней,2026-08-14T05:28:14Z,2026-08-20T09:00:00Z,147.5,100.0,100.0,87.5,0.0,0.0
5-10 дней,2026-08-14T05:28:14Z,2026-08-20T12:00:00Z,150.5,98.0,87.5,87.5,10.5,10.5
5-10 дней,2026-08-14T05:28:14Z,2026-08-20T15:00:00Z,153.5,86.0,87.5,100.0,-1.5,1.5
5-10 дней,2026-08-14T05:28:14Z,2026-08-20T18:00:00Z,156.5,73.0,100.0,100.0,-27.0,27.0
5-10 дней,2026-08-14T05:28:14Z,2026-08-20T21:00:00Z,159.5,68.0,100.0,100.0,-32.0,32.0
5-10 дней,2026-08-14T05:28:14Z,2026-08-21T00:00:00Z,162.5,59.0,87.5,100.0,-28.5,28.5
5-10 дней,2026-08-14T05:28:14Z,2026-08-21T03:00:00Z,165.5,28.0,87.5,75.0,-59.5,59.5
5-10 дней,2026-08-14T05:28:14Z,2026-08-21T06:00:00Z,168.5,0.0,62.5,100.0,-62.5,62.5
5-10 дней,2026-08-14T05:28:14Z,2026-08-21T09:00:00Z,171.5,4.0,75.0,100.0,-71.0,71.0
5-10 дней,2026-08-14T05:28:14Z,2026-08-21T12:00:00Z,174.5,16.0,87.5,87.5,-71.5,71.5
5-10 дней,2026-08-14T05:28:14Z,2026-08-21T15:00:00Z,177.5,20.0,87.5,87.5,-67.5,67.5
5-10 дней,2026-08-14T05:28:14Z,2026-08-21T18:00:00Z,180.5,22.0,100.0,100.0,-78.0,78.0
5-10 дней,2026-08-14T05:28:14Z,2026-08-21T21:00:00Z,183.5,19.0,100.0,100.0,-81.0,81.0
5-10 дней,2026-08-14T05:28:14Z,2026-08-22T00:00:00Z,186.5,15.0,100.0,87.5,-85.0,85.0
5-10 дней,2026-08-14T05:28:14Z,2026-08-22T03:00:00Z,189.5,12.0,100.0,87.5,-88.0,88.0
5-10 дней,2026-08-14T05:28:14Z,2026-08-22T06:00:00Z,192.5,14.0,100.0,62.5,-86.0,86.0
5-10 дней,2026-08-14T05:28:14Z,2026-08-22T09:00:00Z,195.5,35.0,87.5,75.0,-52.5,52.5
5-10 дней,2026-08-14T05:28:14Z,2026-08-22T12:00:00Z,198.5,54.0,75.0,87.5,-21.0,21.0
5-10 дней,2026-08-14T05:28:14Z,2026-08-22T15:00:00Z,201.5,42.0,87.5,87.5,-45.5,45.5
5-10 дней,2026-08-14T05:28:14Z,2026-08-22T18:00:00Z,204.5,31.0,87.5,100.0,-56.5,56.5
5-10 дней,2026-08-14T05:28:14Z,2026-08-22T21:00:00Z,207.5,54.0,87.5,100.0,-33.5,33.5
5-10 дней,2026-08-14T05:28:14Z,2026-08-23T03:00:00Z,213.5,94.0,37.5,100.0,56.5,56.5
5-10 дней,2026-08-14T05:28:14Z,2026-08-23T06:00:00Z,216.5,97.0,87.5,100.0,9.5,9.5
5-10 дней,2026-08-14T05:28:14Z,2026-08-23T09:00:00Z,219.5,84.0,87.5,87.5,-3.5,3.5
5-10 дней,2026-08-14T05:28:14Z,2026-08-23T12:00:00Z,222.5,71.0,100.0,75.0,-29.0,29.0
5-10 дней,2026-08-14T05:28:14Z,2026-08-23T15:00:00Z,225.5,79.0,100.0,87.5,-21.0,21.0
5-10 дней,2026-08-14T05:28:14Z,2026-08-23T18:00:00Z,228.5,87.0,100.0,87.5,-13.0,13.0
5-10 дней,2026-08-14T05:28:14Z,2026-08-23T21:00:00Z,231.5,75.0,100.0,87.5,-25.0,25.0
5-10 дней,2026-08-14T10:44:54Z,2026-08-19T12:00:00Z,121.3,40.0,87.5,100.0,-47.5,47.5
5-10 дней,2026-08-14T10:44:54Z,2026-08-19T15:00:00Z,124.3,50.0,100.0,75.0,-50.0,50.0
5-10 дней,2026-08-14T10:44:54Z,2026-08-19T18:00:00Z,127.3,69.0,100.0,25.0,-31.0,31.0
5-10 дней,2026-08-14T10:44:54Z,2026-08-19T21:00:00Z,130.3,81.0,100.0,12.5,-19.0,19.0
5-10 дней,2026-08-14T10:44:54Z,2026-08-20T00:00:00Z,133.3,89.0,100.0,87.5,-11.0,11.0
5-10 дней,2026-08-14T10:44:54Z,2026-08-20T03:00:00Z,136.3,93.0,75.0,100.0,18.0,18.0
5-10 дней,2026-08-14T10:44:54Z,2026-08-20T06:00:00Z,139.3,88.0,100.0,100.0,-12.0,12.0
5-10 дней,2026-08-14T10:44:54Z,2026-08-20T09:00:00Z,142.3,61.0,100.0,87.5,-39.0,39.0
5-10 дней,2026-08-14T10:44:54Z,2026-08-20T12:00:00Z,145.3,32.0,87.5,87.5,-55.5,55.5
5-10 дней,2026-08-14T10:44:54Z,2026-08-20T15:00:00Z,148.3,16.0,87.5,100.0,-71.5,71.5
5-10 дней,2026-08-14T10:44:54Z,2026-08-20T18:00:00Z,151.3,17.0,100.0,100.0,-83.0,83.0
5-10 дней,2026-08-14T10:44:54Z,2026-08-20T21:00:00Z,154.3,58.0,100.0,100.0,-42.0,42.0
5-10 дней,2026-08-14T10:44:54Z,2026-08-21T00:00:00Z,157.3,100.0,87.5,100.0,12.5,12.5
5-10 дней,2026-08-14T10:44:54Z,2026-08-21T03:00:00Z,160.3,100.0,87.5,75.0,12.5,12.5
5-10 дней,2026-08-14T10:44:54Z,2026-08-21T06:00:00Z,163.3,86.0,62.5,100.0,23.5,23.5
5-10 дней,2026-08-14T10:44:54Z,2026-08-21T09:00:00Z,166.3,72.0,75.0,100.0,-3.0,3.0
5-10 дней,2026-08-14T10:44:54Z,2026-08-21T12:00:00Z,169.3,60.0,87.5,87.5,-27.5,27.5
5-10 дней,2026-08-14T10:44:54Z,2026-08-21T15:00:00Z,172.3,56.0,87.5,87.5,-31.5,31.5
5-10 дней,2026-08-14T10:44:54Z,2026-08-21T18:00:00Z,175.3,61.0,100.0,100.0,-39.0,39.0
5-10 дней,2026-08-14T10:44:54Z,2026-08-21T21:00:00Z,178.3,82.0,100.0,100.0,-18.0,18.0
5-10 дней,2026-08-14T10:44:54Z,2026-08-22T00:00:00Z,181.3,100.0,100.0,87.5,0.0,0.0
5-10 дней,2026-08-14T10:44:54Z,2026-08-22T03:00:00Z,184.3,91.0,100.0,87.5,-9.0,9.0
5-10 дней,2026-08-14T10:44:54Z,2026-08-22T06:00:00Z,187.3,78.0,100.0,62.5,-22.0,22.0
5-10 дней,2026-08-14T10:44:54Z,2026-08-22T09:00:00Z,190.3,81.0,87.5,75.0,-6.5,6.5
5-10 дней,2026-08-14T10:44:54Z,2026-08-22T12:00:00Z,193.3,86.0,75.0,87.5,11.0,11.0
5-10 дней,2026-08-14T10:44:54Z,2026-08-22T15:00:00Z,196.3,86.0,87.5,87.5,-1.5,1.5
5-10 дней,2026-08-14T10:44:54Z,2026-08-22T18:00:00Z,199.3,86.0,87.5,100.0,-1.5,1.5
5-10 дней,2026-08-14T10:44:54Z,2026-08-22T21:00:00Z,202.3,93.0,87.5,100.0,5.5,5.5
5-10 дней,2026-08-14T10:44:54Z,2026-08-23T03:00:00Z,208.3,89.0,37.5,100.0,51.5,51.5
5-10 дней,2026-08-14T10:44:54Z,2026-08-23T06:00:00Z,211.3,80.0,87.5,100.0,-7.5,7.5
5-10 дней,2026-08-14T10:44:54Z,2026-08-23T09:00:00Z,214.3,78.0,87.5,87.5,-9.5,9.5
5-10 дней,2026-08-14T10:44:54Z,2026-08-23T12:00:00Z,217.3,77.0,100.0,75.0,-23.0,23.0
5-10 дней,2026-08-14T10:44:54Z,2026-08-23T15:00:00Z,220.3,74.0,100.0,87.5,-26.0,26.0
5-10 дней,2026-08-14T10:44:54Z,2026-08-23T18:00:00Z,223.3,67.0,100.0,87.5,-33.0,33.0
5-10 дней,2026-08-14T10:44:54Z,2026-08-23T21:00:00Z,226.3,43.0,100.0,87.5,-57.0,57.0
5-10 дней,2026-08-14T16:48:33Z,2026-08-19T18:00:00Z,121.2,69.0,100.0,25.0,-31.0,31.0
5-10 дней,2026-08-14T16:48:33Z,2026-08-19T21:00:00Z,124.2,81.0,100.0,12.5,-19.0,19.0
5-10 дней,2026-08-14T16:48:33Z,2026-08-20T00:00:00Z,127.2,89.0,100.0,87.5,-11.0,11.0
5-10 дней,2026-08-14T16:48:33Z,2026-08-20T03:00:00Z,130.2,93.0,75.0,100.0,18.0,18.0
5-10 дней,2026-08-14T16:48:33Z,2026-08-20T06:00:00Z,133.2,88.0,100.0,100.0,-12.0,12.0
5-10 дней,2026-08-14T16:48:33Z,2026-08-20T09:00:00Z,136.2,61.0,100.0,87.5,-39.0,39.0
5-10 дней,2026-08-14T16:48:33Z,2026-08-20T12:00:00Z,139.2,32.0,87.5,87.5,-55.5,55.5
5-10 дней,2026-08-14T16:48:33Z,2026-08-20T15:00:00Z,142.2,16.0,87.5,100.0,-71.5,71.5
5-10 дней,2026-08-14T16:48:33Z,2026-08-20T18:00:00Z,145.2,17.0,100.0,100.0,-83.0,83.0
5-10 дней,2026-08-14T16:48:33Z,2026-08-20T21:00:00Z,148.2,58.0,100.0,100.0,-42.0,42.0
5-10 дней,2026-08-14T16:48:33Z,2026-08-21T00:00:00Z,151.2,100.0,87.5,100.0,12.5,12.5
5-10 дней,2026-08-14T16:48:33Z,2026-08-21T03:00:00Z,154.2,100.0,87.5,75.0,12.5,12.5
5-10 дней,2026-08-14T16:48:33Z,2026-08-21T06:00:00Z,157.2,86.0,62.5,100.0,23.5,23.5
5-10 дней,2026-08-14T16:48:33Z,2026-08-21T09:00:00Z,160.2,72.0,75.0,100.0,-3.0,3.0
5-10 дней,2026-08-14T16:48:33Z,2026-08-21T12:00:00Z,163.2,60.0,87.5,87.5,-27.5,27.5
5-10 дней,2026-08-14T16:48:33Z,2026-08-21T15:00:00Z,166.2,56.0,87.5,87.5,-31.5,31.5
5-10 дней,2026-08-14T16:48:33Z,2026-08-21T18:00:00Z,169.2,61.0,100.0,100.0,-39.0,39.0
5-10 дней,2026-08-14T16:48:33Z,2026-08-21T21:00:00Z,172.2,82.0,100.0,100.0,-18.0,18.0
5-10 дней,2026-08-14T16:48:33Z,2026-08-22T00:00:00Z,175.2,100.0,100.0,87.5,0.0,0.0
5-10 дней,2026-08-14T16:48:33Z,2026-08-22T03:00:00Z,178.2,91.0,100.0,87.5,-9.0,9.0
5-10 дней,2026-08-14T16:48:33Z,2026-08-22T06:00:00Z,181.2,78.0,100.0,62.5,-22.0,22.0
5-10 дней,2026-08-14T16:48:33Z,2026-08-22T09:00:00Z,184.2,81.0,87.5,75.0,-6.5,6.5
5-10 дней,2026-08-14T16:48:33Z,2026-08-22T12:00:00Z,187.2,86.0,75.0,87.5,11.0,11.0
5-10 дней,2026-08-14T16:48:33Z,2026-08-22T15:00:00Z,190.2,86.0,87.5,87.5,-1.5,1.5
5-10 дней,2026-08-14T16:48:33Z,2026-08-22T18:00:00Z,193.2,86.0,87.5,100.0,-1.5,1.5
5-10 дней,2026-08-14T16:48:33Z,2026-08-22T21:00:00Z,196.2,93.0,87.5,100.0,5.5,5.5
5-10 дней,2026-08-14T16:48:33Z,2026-08-23T03:00:00Z,202.2,89.0,37.5,100.0,51.5,51.5
5-10 дней,2026-08-14T16:48:33Z,2026-08-23T06:00:00Z,205.2,80.0,87.5,100.0,-7.5,7.5
5-10 дней,2026-08-14T16:48:33Z,2026-08-23T09:00:00Z,208.2,78.0,87.5,87.5,-9.5,9.5
5-10 дней,2026-08-14T16:48:33Z,2026-08-23T12:00:00Z,211.2,77.0,100.0,75.0,-23.0,23.0
5-10 дней,2026-08-14T16:48:33Z,2026-08-23T15:00:00Z,214.2,74.0,100.0,87.5,-26.0,26.0
5-10 дней,2026-08-14T16:48:33Z,2026-08-23T18:00:00Z,217.2,67.0,100.0,87.5,-33.0,33.0
5-10 дней,2026-08-14T16:48:33Z,2026-08-23T21:00:00Z,220.2,43.0,100.0,87.5,-57.0,57.0
5-10 дней,2026-08-14T22:30:55Z,2026-08-20T00:00:00Z,121.5,90.0,100.0,87.5,-10.0,10.0
5-10 дней,2026-08-14T22:30:55Z,2026-08-20T03:00:00Z,124.5,84.0,75.0,100.0,9.0,9.0
5-10 дней,2026-08-14T22:30:55Z,2026-08-20T06:00:00Z,127.5,73.0,100.0,100.0,-27.0,27.0
5-10 дней,2026-08-14T22:30:55Z,2026-08-20T09:00:00Z,130.5,55.0,100.0,87.5,-45.0,45.0
5-10 дней,2026-08-14T22:30:55Z,2026-08-20T12:00:00Z,133.5,42.0,87.5,87.5,-45.5,45.5
5-10 дней,2026-08-14T22:30:55Z,2026-08-20T15:00:00Z,136.5,52.0,87.5,100.0,-35.5,35.5
5-10 дней,2026-08-14T22:30:55Z,2026-08-20T18:00:00Z,139.5,60.0,100.0,100.0,-40.0,40.0
5-10 дней,2026-08-14T22:30:55Z,2026-08-20T21:00:00Z,142.5,38.0,100.0,100.0,-62.0,62.0
5-10 дней,2026-08-14T22:30:55Z,2026-08-21T00:00:00Z,145.5,13.0,87.5,100.0,-74.5,74.5
5-10 дней,2026-08-14T22:30:55Z,2026-08-21T03:00:00Z,148.5,2.0,87.5,75.0,-85.5,85.5
5-10 дней,2026-08-14T22:30:55Z,2026-08-21T06:00:00Z,151.5,0.0,62.5,100.0,-62.5,62.5
5-10 дней,2026-08-14T22:30:55Z,2026-08-21T09:00:00Z,154.5,12.0,75.0,100.0,-63.0,63.0
5-10 дней,2026-08-14T22:30:55Z,2026-08-21T12:00:00Z,157.5,28.0,87.5,87.5,-59.5,59.5
5-10 дней,2026-08-14T22:30:55Z,2026-08-21T15:00:00Z,160.5,44.0,87.5,87.5,-43.5,43.5
5-10 дней,2026-08-14T22:30:55Z,2026-08-21T18:00:00Z,163.5,53.0,100.0,100.0,-47.0,47.0
5-10 дней,2026-08-14T22:30:55Z,2026-08-21T21:00:00Z,166.5,39.0,100.0,100.0,-61.0,61.0
5-10 дней,2026-08-14T22:30:55Z,2026-08-22T00:00:00Z,169.5,29.0,100.0,87.5,-71.0,71.0
5-10 дней,2026-08-14T22:30:55Z,2026-08-22T03:00:00Z,172.5,57.0,100.0,87.5,-43.0,43.0
5-10 дней,2026-08-14T22:30:55Z,2026-08-22T06:00:00Z,175.5,84.0,100.0,62.5,-16.0,16.0
5-10 дней,2026-08-14T22:30:55Z,2026-08-22T09:00:00Z,178.5,71.0,87.5,75.0,-16.5,16.5
5-10 дней,2026-08-14T22:30:55Z,2026-08-22T12:00:00Z,181.5,49.0,75.0,87.5,-26.0,26.0
5-10 дней,2026-08-14T22:30:55Z,2026-08-22T15:00:00Z,184.5,35.0,87.5,87.5,-52.5,52.5
5-10 дней,2026-08-14T22:30:55Z,2026-08-22T18:00:00Z,187.5,30.0,87.5,100.0,-57.5,57.5
5-10 дней,2026-08-14T22:30:55Z,2026-08-22T21:00:00Z,190.5,48.0,87.5,100.0,-39.5,39.5
5-10 дней,2026-08-14T22:30:55Z,2026-08-23T03:00:00Z,196.5,88.0,37.5,100.0,50.5,50.5
5-10 дней,2026-08-14T22:30:55Z,2026-08-23T06:00:00Z,199.5,90.0,87.5,100.0,2.5,2.5
5-10 дней,2026-08-14T22:30:55Z,2026-08-23T09:00:00Z,202.5,50.0,87.5,87.5,-37.5,37.5
5-10 дней,2026-08-14T22:30:55Z,2026-08-23T12:00:00Z,205.5,11.0,100.0,75.0,-89.0,89.0
5-10 дней,2026-08-14T22:30:55Z,2026-08-23T15:00:00Z,208.5,20.0,100.0,87.5,-80.0,80.0
5-10 дней,2026-08-14T22:30:55Z,2026-08-23T18:00:00Z,211.5,45.0,100.0,87.5,-55.0,55.0
5-10 дней,2026-08-14T22:30:55Z,2026-08-23T21:00:00Z,214.5,75.0,100.0,87.5,-25.0,25.0
5-10 дней,2026-08-15T04:24:15Z,2026-08-20T06:00:00Z,121.6,100.0,100.0,100.0,0.0,0.0
5-10 дней,2026-08-15T04:24:15Z,2026-08-20T09:00:00Z,124.6,71.0,100.0,87.5,-29.0,29.0
5-10 дней,2026-08-15T04:24:15Z,2026-08-20T12:00:00Z,127.6,42.0,87.5,87.5,-45.5,45.5
5-10 дней,2026-08-15T04:24:15Z,2026-08-20T15:00:00Z,130.6,50.0,87.5,100.0,-37.5,37.5
5-10 дней,2026-08-15T04:24:15Z,2026-08-20T18:00:00Z,133.6,60.0,100.0,100.0,-40.0,40.0
5-10 дней,2026-08-15T04:24:15Z,2026-08-20T21:00:00Z,136.6,38.0,100.0,100.0,-62.0,62.0
5-10 дней,2026-08-15T04:24:15Z,2026-08-21T00:00:00Z,139.6,13.0,87.5,100.0,-74.5,74.5
5-10 дней,2026-08-15T04:24:15Z,2026-08-21T03:00:00Z,142.6,2.0,87.5,75.0,-85.5,85.5
5-10 дней,2026-08-15T04:24:15Z,2026-08-21T06:00:00Z,145.6,0.0,62.5,100.0,-62.5,62.5
5-10 дней,2026-08-15T04:24:15Z,2026-08-21T09:00:00Z,148.6,12.0,75.0,100.0,-63.0,63.0
5-10 дней,2026-08-15T04:24:15Z,2026-08-21T12:00:00Z,151.6,28.0,87.5,87.5,-59.5,59.5
5-10 дней,2026-08-15T04:24:15Z,2026-08-21T15:00:00Z,154.6,44.0,87.5,87.5,-43.5,43.5
5-10 дней,2026-08-15T04:24:15Z,2026-08-21T18:00:00Z,157.6,53.0,100.0,100.0,-47.0,47.0
5-10 дней,2026-08-15T04:24:15Z,2026-08-21T21:00:00Z,160.6,39.0,100.0,100.0,-61.0,61.0
5-10 дней,2026-08-15T04:24:15Z,2026-08-22T00:00:00Z,163.6,29.0,100.0,87.5,-71.0,71.0
5-10 дней,2026-08-15T04:24:15Z,2026-08-22T03:00:00Z,166.6,57.0,100.0,87.5,-43.0,43.0
5-10 дней,2026-08-15T04:24:15Z,2026-08-22T06:00:00Z,169.6,84.0,100.0,62.5,-16.0,16.0
5-10 дней,2026-08-15T04:24:15Z,2026-08-22T09:00:00Z,172.6,71.0,87.5,75.0,-16.5,16.5
5-10 дней,2026-08-15T04:24:15Z,2026-08-22T12:00:00Z,175.6,49.0,75.0,87.5,-26.0,26.0
5-10 дней,2026-08-15T04:24:15Z,2026-08-22T15:00:00Z,178.6,35.0,87.5,87.5,-52.5,52.5
5-10 дней,2026-08-15T04:24:15Z,2026-08-22T18:00:00Z,181.6,30.0,87.5,100.0,-57.5,57.5
5-10 дней,2026-08-15T04:24:15Z,2026-08-22T21:00:00Z,184.6,48.0,87.5,100.0,-39.5,39.5
5-10 дней,2026-08-15T04:24:15Z,2026-08-23T03:00:00Z,190.6,88.0,37.5,100.0,50.5,50.5
5-10 дней,2026-08-15T04:24:15Z,2026-08-23T06:00:00Z,193.6,90.0,87.5,100.0,2.5,2.5
5-10 дней,2026-08-15T04:24:15Z,2026-08-23T09:00:00Z,196.6,50.0,87.5,87.5,-37.5,37.5
5-10 дней,2026-08-15T04:24:15Z,2026-08-23T12:00:00Z,199.6,11.0,100.0,75.0,-89.0,89.0
5-10 дней,2026-08-15T04:24:15Z,2026-08-23T15:00:00Z,202.6,20.0,100.0,87.5,-80.0,80.0
5-10 дней,2026-08-15T04:24:15Z,2026-08-23T18:00:00Z,205.6,45.0,100.0,87.5,-55.0,55.0
5-10 дней,2026-08-15T04:24:15Z,2026-08-23T21:00:00Z,208.6,75.0,100.0,87.5,-25.0,25.0
5-10 дней,2026-08-15T04:24:15Z,2026-08-24T00:00:00Z,211.6,100.0,100.0,87.5,0.0,0.0
5-10 дней,2026-08-15T04:24:15Z,2026-08-24T03:00:00Z,214.6,100.0,100.0,37.5,0.0,0.0
5-10 дней,2026-08-15T04:24:15Z,2026-08-24T06:00:00Z,217.6,100.0,100.0,87.5,0.0,0.0
5-10 дней,2026-08-15T04:24:15Z,2026-08-24T09:00:00Z,220.6,100.0,100.0,87.5,0.0,0.0
5-10 дней,2026-08-15T04:24:15Z,2026-08-24T12:00:00Z,223.6,94.0,100.0,100.0,-6.0,6.0
5-10 дней,2026-08-15T04:24:15Z,2026-08-24T15:00:00Z,226.6,70.0,100.0,100.0,-30.0,30.0
5-10 дней,2026-08-15T04:24:15Z,2026-08-24T18:00:00Z,229.6,47.0,100.0,100.0,-53.0,53.0
5-10 дней,2026-08-15T04:24:15Z,2026-08-24T21:00:00Z,232.6,42.0,100.0,100.0,-58.0,58.0
5-10 дней,2026-08-15T10:09:15Z,2026-08-20T12:00:00Z,121.8,78.0,87.5,87.5,-9.5,9.5
5-10 дней,2026-08-15T10:09:15Z,2026-08-20T15:00:00Z,124.8,54.0,87.5,100.0,-33.5,33.5
5-10 дней,2026-08-15T10:09:15Z,2026-08-20T18:00:00Z,127.8,32.0,100.0,100.0,-68.0,68.0
5-10 дней,2026-08-15T10:09:15Z,2026-08-20T21:00:00Z,130.8,31.0,100.0,100.0,-69.0,69.0
5-10 дней,2026-08-15T10:09:15Z,2026-08-21T00:00:00Z,133.8,33.0,87.5,100.0,-54.5,54.5
5-10 дней,2026-08-15T10:09:15Z,2026-08-21T03:00:00Z,136.8,21.0,87.5,75.0,-66.5,66.5
5-10 дней,2026-08-15T10:09:15Z,2026-08-21T06:00:00Z,139.8,10.0,62.5,100.0,-52.5,52.5
5-10 дней,2026-08-15T10:09:15Z,2026-08-21T09:00:00Z,142.8,9.0,75.0,100.0,-66.0,66.0
5-10 дней,2026-08-15T10:09:15Z,2026-08-21T12:00:00Z,145.8,15.0,87.5,87.5,-72.5,72.5
5-10 дней,2026-08-15T10:09:15Z,2026-08-21T15:00:00Z,148.8,31.0,87.5,87.5,-56.5,56.5
5-10 дней,2026-08-15T10:09:15Z,2026-08-21T18:00:00Z,151.8,48.0,100.0,100.0,-52.0,52.0
5-10 дней,2026-08-15T10:09:15Z,2026-08-21T21:00:00Z,154.8,57.0,100.0,100.0,-43.0,43.0
5-10 дней,2026-08-15T10:09:15Z,2026-08-22T00:00:00Z,157.8,61.0,100.0,87.5,-39.0,39.0
5-10 дней,2026-08-15T10:09:15Z,2026-08-22T03:00:00Z,160.8,64.0,100.0,87.5,-36.0,36.0
5-10 дней,2026-08-15T10:09:15Z,2026-08-22T06:00:00Z,163.8,60.0,100.0,62.5,-40.0,40.0
5-10 дней,2026-08-15T10:09:15Z,2026-08-22T09:00:00Z,166.8,33.0,87.5,75.0,-54.5,54.5
5-10 дней,2026-08-15T10:09:15Z,2026-08-22T12:00:00Z,169.8,13.0,75.0,87.5,-62.0,62.0
5-10 дней,2026-08-15T10:09:15Z,2026-08-22T15:00:00Z,172.8,41.0,87.5,87.5,-46.5,46.5
5-10 дней,2026-08-15T10:09:15Z,2026-08-22T18:00:00Z,175.8,75.0,87.5,100.0,-12.5,12.5
5-10 дней,2026-08-15T10:09:15Z,2026-08-22T21:00:00Z,178.8,81.0,87.5,100.0,-6.5,6.5
5-10 дней,2026-08-15T10:09:15Z,2026-08-23T03:00:00Z,184.8,50.0,37.5,100.0,12.5,12.5
5-10 дней,2026-08-15T10:09:15Z,2026-08-23T06:00:00Z,187.8,26.0,87.5,100.0,-61.5,61.5
5-10 дней,2026-08-15T10:09:15Z,2026-08-23T09:00:00Z,190.8,25.0,87.5,87.5,-62.5,62.5
5-10 дней,2026-08-15T10:09:15Z,2026-08-23T12:00:00Z,193.8,31.0,100.0,75.0,-69.0,69.0
5-10 дней,2026-08-15T10:09:15Z,2026-08-23T15:00:00Z,196.8,28.0,100.0,87.5,-72.0,72.0
5-10 дней,2026-08-15T10:09:15Z,2026-08-23T18:00:00Z,199.8,32.0,100.0,87.5,-68.0,68.0
5-10 дней,2026-08-15T10:09:15Z,2026-08-23T21:00:00Z,202.8,66.0,100.0,87.5,-34.0,34.0
5-10 дней,2026-08-15T10:09:15Z,2026-08-24T00:00:00Z,205.8,100.0,100.0,87.5,0.0,0.0
5-10 дней,2026-08-15T10:09:15Z,2026-08-24T03:00:00Z,208.8,100.0,100.0,37.5,0.0,0.0
5-10 дней,2026-08-15T10:09:15Z,2026-08-24T06:00:00Z,211.8,99.0,100.0,87.5,-1.0,1.0
5-10 дней,2026-08-15T10:09:15Z,2026-08-24T09:00:00Z,214.8,90.0,100.0,87.5,-10.0,10.0
5-10 дней,2026-08-15T10:09:15Z,2026-08-24T12:00:00Z,217.8,73.0,100.0,100.0,-27.0,27.0
5-10 дней,2026-08-15T10:09:15Z,2026-08-24T15:00:00Z,220.8,30.0,100.0,100.0,-70.0,70.0
5-10 дней,2026-08-15T10:09:15Z,2026-08-24T18:00:00Z,223.8,3.0,100.0,100.0,-97.0,97.0
5-10 дней,2026-08-15T10:09:15Z,2026-08-24T21:00:00Z,226.8,48.0,100.0,100.0,-52.0,52.0
5-10 дней,2026-08-15T22:29:33Z,2026-08-21T00:00:00Z,121.5,100.0,87.5,100.0,12.5,12.5
5-10 дней,2026-08-15T22:29:33Z,2026-08-21T03:00:00Z,124.5,100.0,87.5,75.0,12.5,12.5
5-10 дней,2026-08-15T22:29:33Z,2026-08-21T06:00:00Z,127.5,100.0,62.5,100.0,37.5,37.5
5-10 дней,2026-08-15T22:29:33Z,2026-08-21T09:00:00Z,130.5,71.0,75.0,100.0,-4.0,4.0
5-10 дней,2026-08-15T22:29:33Z,2026-08-21T12:00:00Z,133.5,42.0,87.5,87.5,-45.5,45.5
5-10 дней,2026-08-15T22:29:33Z,2026-08-21T15:00:00Z,136.5,38.0,87.5,87.5,-49.5,49.5
5-10 дней,2026-08-15T22:29:33Z,2026-08-21T18:00:00Z,139.5,45.0,100.0,100.0,-55.0,55.0
5-10 дней,2026-08-15T22:29:33Z,2026-08-21T21:00:00Z,142.5,63.0,100.0,100.0,-37.0,37.0
5-10 дней,2026-08-15T22:29:33Z,2026-08-22T00:00:00Z,145.5,83.0,100.0,87.5,-17.0,17.0
5-10 дней,2026-08-15T22:29:33Z,2026-08-22T03:00:00Z,148.5,94.0,100.0,87.5,-6.0,6.0
5-10 дней,2026-08-15T22:29:33Z,2026-08-22T06:00:00Z,151.5,100.0,100.0,62.5,0.0,0.0
5-10 дней,2026-08-15T22:29:33Z,2026-08-22T09:00:00Z,154.5,100.0,87.5,75.0,12.5,12.5
5-10 дней,2026-08-15T22:29:33Z,2026-08-22T12:00:00Z,157.5,98.0,75.0,87.5,23.0,23.0
5-10 дней,2026-08-15T22:29:33Z,2026-08-22T15:00:00Z,160.5,93.0,87.5,87.5,5.5,5.5
5-10 дней,2026-08-15T22:29:33Z,2026-08-22T18:00:00Z,163.5,88.0,87.5,100.0,0.5,0.5
5-10 дней,2026-08-15T22:29:33Z,2026-08-22T21:00:00Z,166.5,83.0,87.5,100.0,-4.5,4.5
5-10 дней,2026-08-15T22:29:33Z,2026-08-23T03:00:00Z,172.5,90.0,37.5,100.0,52.5,52.5
5-10 дней,2026-08-15T22:29:33Z,2026-08-23T06:00:00Z,175.5,88.0,87.5,100.0,0.5,0.5
5-10 дней,2026-08-15T22:29:33Z,2026-08-23T09:00:00Z,178.5,45.0,87.5,87.5,-42.5,42.5
5-10 дней,2026-08-15T22:29:33Z,2026-08-23T12:00:00Z,181.5,1.0,100.0,75.0,-99.0,99.0
5-10 дней,2026-08-15T22:29:33Z,2026-08-23T15:00:00Z,184.5,0.0,100.0,87.5,-100.0,100.0
5-10 дней,2026-08-15T22:29:33Z,2026-08-23T18:00:00Z,187.5,3.0,100.0,87.5,-97.0,97.0
5-10 дней,2026-08-15T22:29:33Z,2026-08-23T21:00:00Z,190.5,53.0,100.0,87.5,-47.0,47.0
5-10 дней,2026-08-15T22:29:33Z,2026-08-24T00:00:00Z,193.5,100.0,100.0,87.5,0.0,0.0
5-10 дней,2026-08-15T22:29:33Z,2026-08-24T03:00:00Z,196.5,100.0,100.0,37.5,0.0,0.0
5-10 дней,2026-08-15T22:29:33Z,2026-08-24T06:00:00Z,199.5,85.0,100.0,87.5,-15.0,15.0
5-10 дней,2026-08-15T22:29:33Z,2026-08-24T09:00:00Z,202.5,50.0,100.0,87.5,-50.0,50.0
5-10 дней,2026-08-15T22:29:33Z,2026-08-24T12:00:00Z,205.5,19.0,100.0,100.0,-81.0,81.0
5-10 дней,2026-08-15T22:29:33Z,2026-08-24T15:00:00Z,208.5,19.0,100.0,100.0,-81.0,81.0
5-10 дней,2026-08-15T22:29:33Z,2026-08-24T18:00:00Z,211.5,29.0,100.0,100.0,-71.0,71.0
5-10 дней,2026-08-15T22:29:33Z,2026-08-24T21:00:00Z,214.5,35.0,100.0,100.0,-65.0,65.0
5-10 дней,2026-08-16T04:29:41Z,2026-08-21T06:00:00Z,121.5,87.0,62.5,100.0,24.5,24.5
5-10 дней,2026-08-16T04:29:41Z,2026-08-21T09:00:00Z,124.5,64.0,75.0,100.0,-11.0,11.0
5-10 дней,2026-08-16T04:29:41Z,2026-08-21T12:00:00Z,127.5,42.0,87.5,87.5,-45.5,45.5
5-10 дней,2026-08-16T04:29:41Z,2026-08-21T15:00:00Z,130.5,38.0,87.5,87.5,-49.5,49.5
5-10 дней,2026-08-16T04:29:41Z,2026-08-21T18:00:00Z,133.5,45.0,100.0,100.0,-55.0,55.0
5-10 дней,2026-08-16T04:29:41Z,2026-08-21T21:00:00Z,136.5,63.0,100.0,100.0,-37.0,37.0
5-10 дней,2026-08-16T04:29:41Z,2026-08-22T00:00:00Z,139.5,83.0,100.0,87.5,-17.0,17.0
5-10 дней,2026-08-16T04:29:41Z,2026-08-22T03:00:00Z,142.5,94.0,100.0,87.5,-6.0,6.0
5-10 дней,2026-08-16T04:29:41Z,2026-08-22T06:00:00Z,145.5,100.0,100.0,62.5,0.0,0.0
5-10 дней,2026-08-16T04:29:41Z,2026-08-22T09:00:00Z,148.5,100.0,87.5,75.0,12.5,12.5
5-10 дней,2026-08-16T04:29:41Z,2026-08-22T12:00:00Z,151.5,98.0,75.0,87.5,23.0,23.0
5-10 дней,2026-08-16T04:29:41Z,2026-08-22T15:00:00Z,154.5,93.0,87.5,87.5,5.5,5.5
5-10 дней,2026-08-16T04:29:41Z,2026-08-22T18:00:00Z,157.5,88.0,87.5,100.0,0.5,0.5
5-10 дней,2026-08-16T04:29:41Z,2026-08-22T21:00:00Z,160.5,83.0,87.5,100.0,-4.5,4.5
5-10 дней,2026-08-16T04:29:41Z,2026-08-23T03:00:00Z,166.5,90.0,37.5,100.0,52.5,52.5
5-10 дней,2026-08-16T04:29:41Z,2026-08-23T06:00:00Z,169.5,88.0,87.5,100.0,0.5,0.5
5-10 дней,2026-08-16T04:29:41Z,2026-08-23T09:00:00Z,172.5,45.0,87.5,87.5,-42.5,42.5
5-10 дней,2026-08-16T04:29:41Z,2026-08-23T12:00:00Z,175.5,1.0,100.0,75.0,-99.0,99.0
5-10 дней,2026-08-16T04:29:41Z,2026-08-23T15:00:00Z,178.5,0.0,100.0,87.5,-100.0,100.0
5-10 дней,2026-08-16T04:29:41Z,2026-08-23T18:00:00Z,181.5,3.0,100.0,87.5,-97.0,97.0
5-10 дней,2026-08-16T04:29:41Z,2026-08-23T21:00:00Z,184.5,53.0,100.0,87.5,-47.0,47.0
5-10 дней,2026-08-16T04:29:41Z,2026-08-24T00:00:00Z,187.5,100.0,100.0,87.5,0.0,0.0
5-10 дней,2026-08-16T04:29:41Z,2026-08-24T03:00:00Z,190.5,100.0,100.0,37.5,0.0,0.0
5-10 дней,2026-08-16T04:29:41Z,2026-08-24T06:00:00Z,193.5,85.0,100.0,87.5,-15.0,15.0
5-10 дней,2026-08-16T04:29:41Z,2026-08-24T09:00:00Z,196.5,50.0,100.0,87.5,-50.0,50.0
5-10 дней,2026-08-16T04:29:41Z,2026-08-24T12:00:00Z,199.5,19.0,100.0,100.0,-81.0,81.0
5-10 дней,2026-08-16T04:29:41Z,2026-08-24T15:00:00Z,202.5,19.0,100.0,100.0,-81.0,81.0
5-10 дней,2026-08-16T04:29:41Z,2026-08-24T18:00:00Z,205.5,29.0,100.0,100.0,-71.0,71.0
5-10 дней,2026-08-16T04:29:41Z,2026-08-24T21:00:00Z,208.5,35.0,100.0,100.0,-65.0,65.0
5-10 дней,2026-08-16T04:29:41Z,2026-08-25T00:00:00Z,211.5,47.0,100.0,100.0,-53.0,53.0
5-10 дней,2026-08-16T04:29:41Z,2026-08-25T03:00:00Z,214.5,79.0,100.0,100.0,-21.0,21.0
5-10 дней,2026-08-16T04:29:41Z,2026-08-25T06:00:00Z,217.5,100.0,100.0,100.0,0.0,0.0
5-10 дней,2026-08-16T04:29:41Z,2026-08-25T09:00:00Z,220.5,71.0,100.0,100.0,-29.0,29.0
5-10 дней,2026-08-16T04:29:41Z,2026-08-25T12:00:00Z,223.5,32.0,87.5,100.0,-55.5,55.5
5-10 дней,2026-08-16T04:29:41Z,2026-08-25T15:00:00Z,226.5,9.0,87.5,100.0,-78.5,78.5
5-10 дней,2026-08-16T04:29:41Z,2026-08-25T18:00:00Z,229.5,0.0,87.5,100.0,-87.5,87.5
5-10 дней,2026-08-16T04:29:41Z,2026-08-25T21:00:00Z,232.5,19.0,12.5,100.0,6.5,6.5
5-10 дней,2026-08-16T07:21:44Z,2026-08-21T09:00:00Z,121.6,64.0,75.0,100.0,-11.0,11.0
5-10 дней,2026-08-16T07:21:44Z,2026-08-21T12:00:00Z,124.6,42.0,87.5,87.5,-45.5,45.5
5-10 дней,2026-08-16T07:21:44Z,2026-08-21T15:00:00Z,127.6,38.0,87.5,87.5,-49.5,49.5
5-10 дней,2026-08-16T07:21:44Z,2026-08-21T18:00:00Z,130.6,45.0,100.0,100.0,-55.0,55.0
5-10 дней,2026-08-16T07:21:44Z,2026-08-21T21:00:00Z,133.6,63.0,100.0,100.0,-37.0,37.0
5-10 дней,2026-08-16T07:21:44Z,2026-08-22T00:00:00Z,136.6,83.0,100.0,87.5,-17.0,17.0
5-10 дней,2026-08-16T07:21:44Z,2026-08-22T03:00:00Z,139.6,94.0,100.0,87.5,-6.0,6.0
5-10 дней,2026-08-16T07:21:44Z,2026-08-22T06:00:00Z,142.6,100.0,100.0,62.5,0.0,0.0
5-10 дней,2026-08-16T07:21:44Z,2026-08-22T09:00:00Z,145.6,100.0,87.5,75.0,12.5,12.5
5-10 дней,2026-08-16T07:21:44Z,2026-08-22T12:00:00Z,148.6,98.0,75.0,87.5,23.0,23.0
5-10 дней,2026-08-16T07:21:44Z,2026-08-22T15:00:00Z,151.6,93.0,87.5,87.5,5.5,5.5
5-10 дней,2026-08-16T07:21:44Z,2026-08-22T18:00:00Z,154.6,88.0,87.5,100.0,0.5,0.5
5-10 дней,2026-08-16T07:21:44Z,2026-08-22T21:00:00Z,157.6,83.0,87.5,100.0,-4.5,4.5
5-10 дней,2026-08-16T07:21:44Z,2026-08-23T03:00:00Z,163.6,90.0,37.5,100.0,52.5,52.5
5-10 дней,2026-08-16T07:21:44Z,2026-08-23T06:00:00Z,166.6,88.0,87.5,100.0,0.5,0.5
5-10 дней,2026-08-16T07:21:44Z,2026-08-23T09:00:00Z,169.6,45.0,87.5,87.5,-42.5,42.5
5-10 дней,2026-08-16T07:21:44Z,2026-08-23T12:00:00Z,172.6,1.0,100.0,75.0,-99.0,99.0
5-10 дней,2026-08-16T07:21:44Z,2026-08-23T15:00:00Z,175.6,0.0,100.0,87.5,-100.0,100.0
5-10 дней,2026-08-16T07:21:44Z,2026-08-23T18:00:00Z,178.6,3.0,100.0,87.5,-97.0,97.0
5-10 дней,2026-08-16T07:21:44Z,2026-08-23T21:00:00Z,181.6,53.0,100.0,87.5,-47.0,47.0
5-10 дней,2026-08-16T07:21:44Z,2026-08-24T00:00:00Z,184.6,100.0,100.0,87.5,0.0,0.0
5-10 дней,2026-08-16T07:21:44Z,2026-08-24T03:00:00Z,187.6,100.0,100.0,37.5,0.0,0.0
5-10 дней,2026-08-16T07:21:44Z,2026-08-24T06:00:00Z,190.6,85.0,100.0,87.5,-15.0,15.0
5-10 дней,2026-08-16T07:21:44Z,2026-08-24T09:00:00Z,193.6,50.0,100.0,87.5,-50.0,50.0
5-10 дней,2026-08-16T07:21:44Z,2026-08-24T12:00:00Z,196.6,19.0,100.0,100.0,-81.0,81.0
5-10 дней,2026-08-16T07:21:44Z,2026-08-24T15:00:00Z,199.6,19.0,100.0,100.0,-81.0,81.0
5-10 дней,2026-08-16T07:21:44Z,2026-08-24T18:00:00Z,202.6,29.0,100.0,100.0,-71.0,71.0
5-10 дней,2026-08-16T07:21:44Z,2026-08-24T21:00:00Z,205.6,35.0,100.0,100.0,-65.0,65.0
5-10 дней,2026-08-16T07:21:44Z,2026-08-25T00:00:00Z,208.6,47.0,100.0,100.0,-53.0,53.0
5-10 дней,2026-08-16T07:21:44Z,2026-08-25T03:00:00Z,211.6,79.0,100.0,100.0,-21.0,21.0
5-10 дней,2026-08-16T07:21:44Z,2026-08-25T06:00:00Z,214.6,100.0,100.0,100.0,0.0,0.0
5-10 дней,2026-08-16T07:21:44Z,2026-08-25T09:00:00Z,217.6,71.0,100.0,100.0,-29.0,29.0
5-10 дней,2026-08-16T07:21:44Z,2026-08-25T12:00:00Z,220.6,32.0,87.5,100.0,-55.5,55.5
5-10 дней,2026-08-16T07:21:44Z,2026-08-25T15:00:00Z,223.6,9.0,87.5,100.0,-78.5,78.5
5-10 дней,2026-08-16T07:21:44Z,2026-08-25T18:00:00Z,226.6,0.0,87.5,100.0,-87.5,87.5
5-10 дней,2026-08-16T07:21:44Z,2026-08-25T21:00:00Z,229.6,19.0,12.5,100.0,6.5,6.5
5-10 дней,2026-08-16T10:09:47Z,2026-08-21T12:00:00Z,121.8,75.0,87.5,87.5,-12.5,12.5
5-10 дней,2026-08-16T10:09:47Z,2026-08-21T15:00:00Z,124.8,81.0,87.5,87.5,-6.5,6.5
5-10 дней,2026-08-16T10:09:47Z,2026-08-21T18:00:00Z,127.8,85.0,100.0,100.0,-15.0,15.0
5-10 дней,2026-08-16T10:09:47Z,2026-08-21T21:00:00Z,130.8,74.0,100.0,100.0,-26.0,26.0
5-10 дней,2026-08-16T10:09:47Z,2026-08-22T00:00:00Z,133.8,61.0,100.0,87.5,-39.0,39.0
5-10 дней,2026-08-16T10:09:47Z,2026-08-22T03:00:00Z,136.8,58.0,100.0,87.5,-42.0,42.0
5-10 дней,2026-08-16T10:09:47Z,2026-08-22T06:00:00Z,139.8,56.0,100.0,62.5,-44.0,44.0
5-10 дней,2026-08-16T10:09:47Z,2026-08-22T09:00:00Z,142.8,51.0,87.5,75.0,-36.5,36.5
5-10 дней,2026-08-16T10:09:47Z,2026-08-22T12:00:00Z,145.8,41.0,75.0,87.5,-34.0,34.0
5-10 дней,2026-08-16T10:09:47Z,2026-08-22T15:00:00Z,148.8,18.0,87.5,87.5,-69.5,69.5
5-10 дней,2026-08-16T10:09:47Z,2026-08-22T18:00:00Z,151.8,0.0,87.5,100.0,-87.5,87.5
5-10 дней,2026-08-16T10:09:47Z,2026-08-22T21:00:00Z,154.8,7.0,87.5,100.0,-80.5,80.5
5-10 дней,2026-08-16T10:09:47Z,2026-08-23T03:00:00Z,160.8,55.0,37.5,100.0,17.5,17.5
5-10 дней,2026-08-16T10:09:47Z,2026-08-23T06:00:00Z,163.8,79.0,87.5,100.0,-8.5,8.5
5-10 дней,2026-08-16T10:09:47Z,2026-08-23T09:00:00Z,166.8,69.0,87.5,87.5,-18.5,18.5
5-10 дней,2026-08-16T10:09:47Z,2026-08-23T12:00:00Z,169.8,51.0,100.0,75.0,-49.0,49.0
5-10 дней,2026-08-16T10:09:47Z,2026-08-23T15:00:00Z,172.8,44.0,100.0,87.5,-56.0,56.0
5-10 дней,2026-08-16T10:09:47Z,2026-08-23T18:00:00Z,175.8,47.0,100.0,87.5,-53.0,53.0
5-10 дней,2026-08-16T10:09:47Z,2026-08-23T21:00:00Z,178.8,70.0,100.0,87.5,-30.0,30.0
5-10 дней,2026-08-16T10:09:47Z,2026-08-24T00:00:00Z,181.8,92.0,100.0,87.5,-8.0,8.0
5-10 дней,2026-08-16T10:09:47Z,2026-08-24T03:00:00Z,184.8,88.0,100.0,37.5,-12.0,12.0
5-10 дней,2026-08-16T10:09:47Z,2026-08-24T06:00:00Z,187.8,78.0,100.0,87.5,-22.0,22.0
5-10 дней,2026-08-16T10:09:47Z,2026-08-24T09:00:00Z,190.8,78.0,100.0,87.5,-22.0,22.0
5-10 дней,2026-08-16T10:09:47Z,2026-08-24T12:00:00Z,193.8,80.0,100.0,100.0,-20.0,20.0
5-10 дней,2026-08-16T10:09:47Z,2026-08-24T15:00:00Z,196.8,86.0,100.0,100.0,-14.0,14.0
5-10 дней,2026-08-16T10:09:47Z,2026-08-24T18:00:00Z,199.8,88.0,100.0,100.0,-12.0,12.0
5-10 дней,2026-08-16T10:09:47Z,2026-08-24T21:00:00Z,202.8,73.0,100.0,100.0,-27.0,27.0
5-10 дней,2026-08-16T10:09:47Z,2026-08-25T00:00:00Z,205.8,60.0,100.0,100.0,-40.0,40.0
5-10 дней,2026-08-16T10:09:47Z,2026-08-25T03:00:00Z,208.8,78.0,100.0,100.0,-22.0,22.0
5-10 дней,2026-08-16T10:09:47Z,2026-08-25T06:00:00Z,211.8,89.0,100.0,100.0,-11.0,11.0
5-10 дней,2026-08-16T10:09:47Z,2026-08-25T09:00:00Z,214.8,46.0,100.0,100.0,-54.0,54.0
5-10 дней,2026-08-16T10:09:47Z,2026-08-25T12:00:00Z,217.8,3.0,87.5,100.0,-84.5,84.5
5-10 дней,2026-08-16T10:09:47Z,2026-08-25T15:00:00Z,220.8,15.0,87.5,100.0,-72.5,72.5
5-10 дней,2026-08-16T10:09:47Z,2026-08-25T18:00:00Z,223.8,37.0,87.5,100.0,-50.5,50.5
5-10 дней,2026-08-16T10:09:47Z,2026-08-25T21:00:00Z,226.8,39.0,12.5,100.0,26.5,26.5
5-10 дней,2026-08-16T16:21:00Z,2026-08-21T18:00:00Z,121.7,85.0,100.0,100.0,-15.0,15.0
5-10 дней,2026-08-16T16:21:00Z,2026-08-21T21:00:00Z,124.7,74.0,100.0,100.0,-26.0,26.0
5-10 дней,2026-08-16T16:21:00Z,2026-08-22T00:00:00Z,127.7,61.0,100.0,87.5,-39.0,39.0
5-10 дней,2026-08-16T16:21:00Z,2026-08-22T03:00:00Z,130.7,58.0,100.0,87.5,-42.0,42.0
5-10 дней,2026-08-16T16:21:00Z,2026-08-22T06:00:00Z,133.7,56.0,100.0,62.5,-44.0,44.0
5-10 дней,2026-08-16T16:21:00Z,2026-08-22T09:00:00Z,136.7,51.0,87.5,75.0,-36.5,36.5
5-10 дней,2026-08-16T16:21:00Z,2026-08-22T12:00:00Z,139.7,41.0,75.0,87.5,-34.0,34.0
5-10 дней,2026-08-16T16:21:00Z,2026-08-22T15:00:00Z,142.7,18.0,87.5,87.5,-69.5,69.5
5-10 дней,2026-08-16T16:21:00Z,2026-08-22T18:00:00Z,145.7,0.0,87.5,100.0,-87.5,87.5
5-10 дней,2026-08-16T16:21:00Z,2026-08-22T21:00:00Z,148.7,7.0,87.5,100.0,-80.5,80.5
5-10 дней,2026-08-16T16:21:00Z,2026-08-23T03:00:00Z,154.7,55.0,37.5,100.0,17.5,17.5
5-10 дней,2026-08-16T16:21:00Z,2026-08-23T06:00:00Z,157.7,79.0,87.5,100.0,-8.5,8.5
5-10 дней,2026-08-16T16:21:00Z,2026-08-23T09:00:00Z,160.7,69.0,87.5,87.5,-18.5,18.5
5-10 дней,2026-08-16T16:21:00Z,2026-08-23T12:00:00Z,163.7,51.0,100.0,75.0,-49.0,49.0
5-10 дней,2026-08-16T16:21:00Z,2026-08-23T15:00:00Z,166.7,44.0,100.0,87.5,-56.0,56.0
5-10 дней,2026-08-16T16:21:00Z,2026-08-23T18:00:00Z,169.7,47.0,100.0,87.5,-53.0,53.0
5-10 дней,2026-08-16T16:21:00Z,2026-08-23T21:00:00Z,172.7,70.0,100.0,87.5,-30.0,30.0
5-10 дней,2026-08-16T16:21:00Z,2026-08-24T00:00:00Z,175.7,92.0,100.0,87.5,-8.0,8.0
5-10 дней,2026-08-16T16:21:00Z,2026-08-24T03:00:00Z,178.7,88.0,100.0,37.5,-12.0,12.0
5-10 дней,2026-08-16T16:21:00Z,2026-08-24T06:00:00Z,181.7,78.0,100.0,87.5,-22.0,22.0
5-10 дней,2026-08-16T16:21:00Z,2026-08-24T09:00:00Z,184.7,78.0,100.0,87.5,-22.0,22.0
5-10 дней,2026-08-16T16:21:00Z,2026-08-24T12:00:00Z,187.7,80.0,100.0,100.0,-20.0,20.0
5-10 дней,2026-08-16T16:21:00Z,2026-08-24T15:00:00Z,190.7,86.0,100.0,100.0,-14.0,14.0
5-10 дней,2026-08-16T16:21:00Z,2026-08-24T18:00:00Z,193.7,88.0,100.0,100.0,-12.0,12.0
5-10 дней,2026-08-16T16:21:00Z,2026-08-24T21:00:00Z,196.7,73.0,100.0,100.0,-27.0,27.0
5-10 дней,2026-08-16T16:21:00Z,2026-08-25T00:00:00Z,199.7,60.0,100.0,100.0,-40.0,40.0
5-10 дней,2026-08-16T16:21:00Z,2026-08-25T03:00:00Z,202.7,78.0,100.0,100.0,-22.0,22.0
5-10 дней,2026-08-16T16:21:00Z,2026-08-25T06:00:00Z,205.7,89.0,100.0,100.0,-11.0,11.0
5-10 дней,2026-08-16T16:21:00Z,2026-08-25T09:00:00Z,208.7,46.0,100.0,100.0,-54.0,54.0
5-10 дней,2026-08-16T16:21:00Z,2026-08-25T12:00:00Z,211.7,3.0,87.5,100.0,-84.5,84.5
5-10 дней,2026-08-16T16:21:00Z,2026-08-25T15:00:00Z,214.7,15.0,87.5,100.0,-72.5,72.5
5-10 дней,2026-08-16T16:21:00Z,2026-08-25T18:00:00Z,217.7,37.0,87.5,100.0,-50.5,50.5
5-10 дней,2026-08-16T16:21:00Z,2026-08-25T21:00:00Z,220.7,39.0,12.5,100.0,26.5,26.5
5-10 дней,2026-08-16T22:29:34Z,2026-08-22T00:00:00Z,121.5,41.0,100.0,87.5,-59.0,59.0
5-10 дней,2026-08-16T22:29:34Z,2026-08-22T03:00:00Z,124.5,36.0,100.0,87.5,-64.0,64.0
5-10 дней,2026-08-16T22:29:34Z,2026-08-22T06:00:00Z,127.5,24.0,100.0,62.5,-76.0,76.0
5-10 дней,2026-08-16T22:29:34Z,2026-08-22T09:00:00Z,130.5,13.0,87.5,75.0,-74.5,74.5
5-10 дней,2026-08-16T22:29:34Z,2026-08-22T12:00:00Z,133.5,7.0,75.0,87.5,-68.0,68.0
5-10 дней,2026-08-16T22:29:34Z,2026-08-22T15:00:00Z,136.5,15.0,87.5,87.5,-72.5,72.5
5-10 дней,2026-08-16T22:29:34Z,2026-08-22T18:00:00Z,139.5,31.0,87.5,100.0,-56.5,56.5
5-10 дней,2026-08-16T22:29:34Z,2026-08-22T21:00:00Z,142.5,51.0,87.5,100.0,-36.5,36.5
5-10 дней,2026-08-16T22:29:34Z,2026-08-23T03:00:00Z,148.5,91.0,37.5,100.0,53.5,53.5
5-10 дней,2026-08-16T22:29:34Z,2026-08-23T06:00:00Z,151.5,100.0,87.5,100.0,12.5,12.5
5-10 дней,2026-08-16T22:29:34Z,2026-08-23T09:00:00Z,154.5,78.0,87.5,87.5,-9.5,9.5
5-10 дней,2026-08-16T22:29:34Z,2026-08-23T12:00:00Z,157.5,56.0,100.0,75.0,-44.0,44.0
5-10 дней,2026-08-16T22:29:34Z,2026-08-23T15:00:00Z,160.5,66.0,100.0,87.5,-34.0,34.0
5-10 дней,2026-08-16T22:29:34Z,2026-08-23T18:00:00Z,163.5,80.0,100.0,87.5,-20.0,20.0
5-10 дней,2026-08-16T22:29:34Z,2026-08-23T21:00:00Z,166.5,74.0,100.0,87.5,-26.0,26.0
5-10 дней,2026-08-16T22:29:34Z,2026-08-24T00:00:00Z,169.5,62.0,100.0,87.5,-38.0,38.0
5-10 дней,2026-08-16T22:29:34Z,2026-08-24T03:00:00Z,172.5,51.0,100.0,37.5,-49.0,49.0
5-10 дней,2026-08-16T22:29:34Z,2026-08-24T06:00:00Z,175.5,44.0,100.0,87.5,-56.0,56.0
5-10 дней,2026-08-16T22:29:34Z,2026-08-24T09:00:00Z,178.5,53.0,100.0,87.5,-47.0,47.0
5-10 дней,2026-08-16T22:29:34Z,2026-08-24T12:00:00Z,181.5,63.0,100.0,100.0,-37.0,37.0
5-10 дней,2026-08-16T22:29:34Z,2026-08-24T15:00:00Z,184.5,57.0,100.0,100.0,-43.0,43.0
5-10 дней,2026-08-16T22:29:34Z,2026-08-24T18:00:00Z,187.5,54.0,100.0,100.0,-46.0,46.0
5-10 дней,2026-08-16T22:29:34Z,2026-08-24T21:00:00Z,190.5,76.0,100.0,100.0,-24.0,24.0
5-10 дней,2026-08-16T22:29:34Z,2026-08-25T00:00:00Z,193.5,100.0,100.0,100.0,0.0,0.0
5-10 дней,2026-08-16T22:29:34Z,2026-08-25T03:00:00Z,196.5,100.0,100.0,100.0,0.0,0.0
5-10 дней,2026-08-16T22:29:34Z,2026-08-25T06:00:00Z,199.5,100.0,100.0,100.0,0.0,0.0
5-10 дней,2026-08-16T22:29:34Z,2026-08-25T09:00:00Z,202.5,67.0,100.0,100.0,-33.0,33.0
5-10 дней,2026-08-16T22:29:34Z,2026-08-25T12:00:00Z,205.5,32.0,87.5,100.0,-55.5,55.5
5-10 дней,2026-08-16T22:29:34Z,2026-08-25T15:00:00Z,208.5,11.0,87.5,100.0,-76.5,76.5
5-10 дней,2026-08-16T22:29:34Z,2026-08-25T18:00:00Z,211.5,9.0,87.5,100.0,-78.5,78.5
5-10 дней,2026-08-16T22:29:34Z,2026-08-25T21:00:00Z,214.5,54.0,12.5,100.0,41.5,41.5
5-10 дней,2026-08-17T04:35:30Z,2026-08-22T06:00:00Z,121.4,100.0,100.0,62.5,0.0,0.0
5-10 дней,2026-08-17T04:35:30Z,2026-08-22T09:00:00Z,124.4,58.0,87.5,75.0,-29.5,29.5
5-10 дней,2026-08-17T04:35:30Z,2026-08-22T12:00:00Z,127.4,7.0,75.0,87.5,-68.0,68.0
5-10 дней,2026-08-17T04:35:30Z,2026-08-22T15:00:00Z,130.4,11.0,87.5,87.5,-76.5,76.5
5-10 дней,2026-08-17T04:35:30Z,2026-08-22T18:00:00Z,133.4,31.0,87.5,100.0,-56.5,56.5
5-10 дней,2026-08-17T04:35:30Z,2026-08-22T21:00:00Z,136.4,51.0,87.5,100.0,-36.5,36.5
5-10 дней,2026-08-17T04:35:30Z,2026-08-23T03:00:00Z,142.4,91.0,37.5,100.0,53.5,53.5
5-10 дней,2026-08-17T04:35:30Z,2026-08-23T06:00:00Z,145.4,100.0,87.5,100.0,12.5,12.5
5-10 дней,2026-08-17T04:35:30Z,2026-08-23T09:00:00Z,148.4,78.0,87.5,87.5,-9.5,9.5
5-10 дней,2026-08-17T04:35:30Z,2026-08-23T12:00:00Z,151.4,56.0,100.0,75.0,-44.0,44.0
5-10 дней,2026-08-17T04:35:30Z,2026-08-23T15:00:00Z,154.4,66.0,100.0,87.5,-34.0,34.0
5-10 дней,2026-08-17T04:35:30Z,2026-08-23T18:00:00Z,157.4,80.0,100.0,87.5,-20.0,20.0
5-10 дней,2026-08-17T04:35:30Z,2026-08-23T21:00:00Z,160.4,74.0,100.0,87.5,-26.0,26.0
5-10 дней,2026-08-17T04:35:30Z,2026-08-24T00:00:00Z,163.4,62.0,100.0,87.5,-38.0,38.0
5-10 дней,2026-08-17T04:35:30Z,2026-08-24T03:00:00Z,166.4,51.0,100.0,37.5,-49.0,49.0
5-10 дней,2026-08-17T04:35:30Z,2026-08-24T06:00:00Z,169.4,44.0,100.0,87.5,-56.0,56.0
5-10 дней,2026-08-17T04:35:30Z,2026-08-24T09:00:00Z,172.4,53.0,100.0,87.5,-47.0,47.0
5-10 дней,2026-08-17T04:35:30Z,2026-08-24T12:00:00Z,175.4,63.0,100.0,100.0,-37.0,37.0
5-10 дней,2026-08-17T04:35:30Z,2026-08-24T15:00:00Z,178.4,57.0,100.0,100.0,-43.0,43.0
5-10 дней,2026-08-17T04:35:30Z,2026-08-24T18:00:00Z,181.4,54.0,100.0,100.0,-46.0,46.0
5-10 дней,2026-08-17T04:35:30Z,2026-08-24T21:00:00Z,184.4,76.0,100.0,100.0,-24.0,24.0
5-10 дней,2026-08-17T04:35:30Z,2026-08-25T00:00:00Z,187.4,100.0,100.0,100.0,0.0,0.0
5-10 дней,2026-08-17T04:35:30Z,2026-08-25T03:00:00Z,190.4,100.0,100.0,100.0,0.0,0.0
5-10 дней,2026-08-17T04:35:30Z,2026-08-25T06:00:00Z,193.4,100.0,100.0,100.0,0.0,0.0
5-10 дней,2026-08-17T04:35:30Z,2026-08-25T09:00:00Z,196.4,67.0,100.0,100.0,-33.0,33.0
5-10 дней,2026-08-17T04:35:30Z,2026-08-25T12:00:00Z,199.4,32.0,87.5,100.0,-55.5,55.5
5-10 дней,2026-08-17T04:35:30Z,2026-08-25T15:00:00Z,202.4,11.0,87.5,100.0,-76.5,76.5
5-10 дней,2026-08-17T04:35:30Z,2026-08-25T18:00:00Z,205.4,9.0,87.5,100.0,-78.5,78.5
5-10 дней,2026-08-17T04:35:30Z,2026-08-25T21:00:00Z,208.4,54.0,12.5,100.0,41.5,41.5
5-10 дней,2026-08-17T04:35:30Z,2026-08-26T00:00:00Z,211.4,100.0,75.0,100.0,25.0,25.0
5-10 дней,2026-08-17T04:35:30Z,2026-08-26T03:00:00Z,214.4,100.0,87.5,100.0,12.5,12.5
5-10 дней,2026-08-17T04:35:30Z,2026-08-26T06:00:00Z,217.4,79.0,87.5,100.0,-8.5,8.5
5-10 дней,2026-08-17T04:35:30Z,2026-08-26T09:00:00Z,220.4,37.0,100.0,100.0,-63.0,63.0
5-10 дней,2026-08-17T04:35:30Z,2026-08-26T12:00:00Z,223.4,2.0,100.0,87.5,-98.0,98.0
5-10 дней,2026-08-17T04:35:30Z,2026-08-26T15:00:00Z,226.4,18.0,25.0,87.5,-7.0,7.0
5-10 дней,2026-08-17T04:35:30Z,2026-08-26T18:00:00Z,229.4,45.0,12.5,87.5,32.5,32.5
5-10 дней,2026-08-17T04:35:30Z,2026-08-26T21:00:00Z,232.4,56.0,12.5,12.5,43.5,43.5
5-10 дней,2026-08-17T10:18:11Z,2026-08-22T12:00:00Z,121.7,7.0,75.0,87.5,-68.0,68.0
5-10 дней,2026-08-17T10:18:11Z,2026-08-22T15:00:00Z,124.7,11.0,87.5,87.5,-76.5,76.5
5-10 дней,2026-08-17T10:18:11Z,2026-08-22T18:00:00Z,127.7,31.0,87.5,100.0,-56.5,56.5
5-10 дней,2026-08-17T10:18:11Z,2026-08-22T21:00:00Z,130.7,51.0,87.5,100.0,-36.5,36.5
5-10 дней,2026-08-17T10:18:11Z,2026-08-23T03:00:00Z,136.7,91.0,37.5,100.0,53.5,53.5
5-10 дней,2026-08-17T10:18:11Z,2026-08-23T06:00:00Z,139.7,100.0,87.5,100.0,12.5,12.5
5-10 дней,2026-08-17T10:18:11Z,2026-08-23T09:00:00Z,142.7,78.0,87.5,87.5,-9.5,9.5
5-10 дней,2026-08-17T10:18:11Z,2026-08-23T12:00:00Z,145.7,56.0,100.0,75.0,-44.0,44.0
5-10 дней,2026-08-17T10:18:11Z,2026-08-23T15:00:00Z,148.7,66.0,100.0,87.5,-34.0,34.0
5-10 дней,2026-08-17T10:18:11Z,2026-08-23T18:00:00Z,151.7,80.0,100.0,87.5,-20.0,20.0
5-10 дней,2026-08-17T10:18:11Z,2026-08-23T21:00:00Z,154.7,74.0,100.0,87.5,-26.0,26.0
5-10 дней,2026-08-17T10:18:11Z,2026-08-24T00:00:00Z,157.7,62.0,100.0,87.5,-38.0,38.0
5-10 дней,2026-08-17T10:18:11Z,2026-08-24T03:00:00Z,160.7,51.0,100.0,37.5,-49.0,49.0
5-10 дней,2026-08-17T10:18:11Z,2026-08-24T06:00:00Z,163.7,44.0,100.0,87.5,-56.0,56.0
5-10 дней,2026-08-17T10:18:11Z,2026-08-24T09:00:00Z,166.7,53.0,100.0,87.5,-47.0,47.0
5-10 дней,2026-08-17T10:18:11Z,2026-08-24T12:00:00Z,169.7,63.0,100.0,100.0,-37.0,37.0
5-10 дней,2026-08-17T10:18:11Z,2026-08-24T15:00:00Z,172.7,57.0,100.0,100.0,-43.0,43.0
5-10 дней,2026-08-17T10:18:11Z,2026-08-24T18:00:00Z,175.7,54.0,100.0,100.0,-46.0,46.0
5-10 дней,2026-08-17T10:18:11Z,2026-08-24T21:00:00Z,178.7,76.0,100.0,100.0,-24.0,24.0
5-10 дней,2026-08-17T10:18:11Z,2026-08-25T00:00:00Z,181.7,100.0,100.0,100.0,0.0,0.0
5-10 дней,2026-08-17T10:18:11Z,2026-08-25T03:00:00Z,184.7,100.0,100.0,100.0,0.0,0.0
5-10 дней,2026-08-17T10:18:11Z,2026-08-25T06:00:00Z,187.7,100.0,100.0,100.0,0.0,0.0
5-10 дней,2026-08-17T10:18:11Z,2026-08-25T09:00:00Z,190.7,67.0,100.0,100.0,-33.0,33.0
5-10 дней,2026-08-17T10:18:11Z,2026-08-25T12:00:00Z,193.7,32.0,87.5,100.0,-55.5,55.5
5-10 дней,2026-08-17T10:18:11Z,2026-08-25T15:00:00Z,196.7,11.0,87.5,100.0,-76.5,76.5
5-10 дней,2026-08-17T10:18:11Z,2026-08-25T18:00:00Z,199.7,9.0,87.5,100.0,-78.5,78.5
5-10 дней,2026-08-17T10:18:11Z,2026-08-25T21:00:00Z,202.7,54.0,12.5,100.0,41.5,41.5
5-10 дней,2026-08-17T10:18:11Z,2026-08-26T00:00:00Z,205.7,100.0,75.0,100.0,25.0,25.0
5-10 дней,2026-08-17T10:18:11Z,2026-08-26T03:00:00Z,208.7,100.0,87.5,100.0,12.5,12.5
5-10 дней,2026-08-17T10:18:11Z,2026-08-26T06:00:00Z,211.7,79.0,87.5,100.0,-8.5,8.5
5-10 дней,2026-08-17T10:18:11Z,2026-08-26T09:00:00Z,214.7,37.0,100.0,100.0,-63.0,63.0
5-10 дней,2026-08-17T10:18:11Z,2026-08-26T12:00:00Z,217.7,2.0,100.0,87.5,-98.0,98.0
5-10 дней,2026-08-17T10:18:11Z,2026-08-26T15:00:00Z,220.7,18.0,25.0,87.5,-7.0,7.0
5-10 дней,2026-08-17T10:18:11Z,2026-08-26T18:00:00Z,223.7,45.0,12.5,87.5,32.5,32.5
5-10 дней,2026-08-17T10:18:11Z,2026-08-26T21:00:00Z,226.7,56.0,12.5,12.5,43.5,43.5
5-10 дней,2026-08-17T16:23:45Z,2026-08-22T18:00:00Z,121.6,31.0,87.5,100.0,-56.5,56.5
5-10 дней,2026-08-17T16:23:45Z,2026-08-22T21:00:00Z,124.6,51.0,87.5,100.0,-36.5,36.5
5-10 дней,2026-08-17T16:23:45Z,2026-08-23T03:00:00Z,130.6,91.0,37.5,100.0,53.5,53.5
5-10 дней,2026-08-17T16:23:45Z,2026-08-23T06:00:00Z,133.6,100.0,87.5,100.0,12.5,12.5
5-10 дней,2026-08-17T16:23:45Z,2026-08-23T09:00:00Z,136.6,78.0,87.5,87.5,-9.5,9.5
5-10 дней,2026-08-17T16:23:45Z,2026-08-23T12:00:00Z,139.6,56.0,100.0,75.0,-44.0,44.0
5-10 дней,2026-08-17T16:23:45Z,2026-08-23T15:00:00Z,142.6,66.0,100.0,87.5,-34.0,34.0
5-10 дней,2026-08-17T16:23:45Z,2026-08-23T18:00:00Z,145.6,80.0,100.0,87.5,-20.0,20.0
5-10 дней,2026-08-17T16:23:45Z,2026-08-23T21:00:00Z,148.6,74.0,100.0,87.5,-26.0,26.0
5-10 дней,2026-08-17T16:23:45Z,2026-08-24T00:00:00Z,151.6,62.0,100.0,87.5,-38.0,38.0
5-10 дней,2026-08-17T16:23:45Z,2026-08-24T03:00:00Z,154.6,51.0,100.0,37.5,-49.0,49.0
5-10 дней,2026-08-17T16:23:45Z,2026-08-24T06:00:00Z,157.6,44.0,100.0,87.5,-56.0,56.0
5-10 дней,2026-08-17T16:23:45Z,2026-08-24T09:00:00Z,160.6,53.0,100.0,87.5,-47.0,47.0
5-10 дней,2026-08-17T16:23:45Z,2026-08-24T12:00:00Z,163.6,63.0,100.0,100.0,-37.0,37.0
5-10 дней,2026-08-17T16:23:45Z,2026-08-24T15:00:00Z,166.6,57.0,100.0,100.0,-43.0,43.0
5-10 дней,2026-08-17T16:23:45Z,2026-08-24T18:00:00Z,169.6,54.0,100.0,100.0,-46.0,46.0
5-10 дней,2026-08-17T16:23:45Z,2026-08-24T21:00:00Z,172.6,76.0,100.0,100.0,-24.0,24.0
5-10 дней,2026-08-17T16:23:45Z,2026-08-25T00:00:00Z,175.6,100.0,100.0,100.0,0.0,0.0
5-10 дней,2026-08-17T16:23:45Z,2026-08-25T03:00:00Z,178.6,100.0,100.0,100.0,0.0,0.0
5-10 дней,2026-08-17T16:23:45Z,2026-08-25T06:00:00Z,181.6,100.0,100.0,100.0,0.0,0.0
5-10 дней,2026-08-17T16:23:45Z,2026-08-25T09:00:00Z,184.6,67.0,100.0,100.0,-33.0,33.0
5-10 дней,2026-08-17T16:23:45Z,2026-08-25T12:00:00Z,187.6,32.0,87.5,100.0,-55.5,55.5
5-10 дней,2026-08-17T16:23:45Z,2026-08-25T15:00:00Z,190.6,11.0,87.5,100.0,-76.5,76.5
5-10 дней,2026-08-17T16:23:45Z,2026-08-25T18:00:00Z,193.6,9.0,87.5,100.0,-78.5,78.5
5-10 дней,2026-08-17T16:23:45Z,2026-08-25T21:00:00Z,196.6,54.0,12.5,100.0,41.5,41.5
5-10 дней,2026-08-17T16:23:45Z,2026-08-26T00:00:00Z,199.6,100.0,75.0,100.0,25.0,25.0
5-10 дней,2026-08-17T16:23:45Z,2026-08-26T03:00:00Z,202.6,100.0,87.5,100.0,12.5,12.5
5-10 дней,2026-08-17T16:23:45Z,2026-08-26T06:00:00Z,205.6,79.0,87.5,100.0,-8.5,8.5
5-10 дней,2026-08-17T16:23:45Z,2026-08-26T09:00:00Z,208.6,37.0,100.0,100.0,-63.0,63.0
5-10 дней,2026-08-17T16:23:45Z,2026-08-26T12:00:00Z,211.6,2.0,100.0,87.5,-98.0,98.0
5-10 дней,2026-08-17T16:23:45Z,2026-08-26T15:00:00Z,214.6,18.0,25.0,87.5,-7.0,7.0
5-10 дней,2026-08-17T16:23:45Z,2026-08-26T18:00:00Z,217.6,45.0,12.5,87.5,32.5,32.5
5-10 дней,2026-08-17T16:23:45Z,2026-08-26T21:00:00Z,220.6,56.0,12.5,12.5,43.5,43.5
5-10 дней,2026-08-17T22:31:28Z,2026-08-23T03:00:00Z,124.5,91.0,37.5,100.0,53.5,53.5
5-10 дней,2026-08-17T22:31:28Z,2026-08-23T06:00:00Z,127.5,100.0,87.5,100.0,12.5,12.5
5-10 дней,2026-08-17T22:31:28Z,2026-08-23T09:00:00Z,130.5,78.0,87.5,87.5,-9.5,9.5
5-10 дней,2026-08-17T22:31:28Z,2026-08-23T12:00:00Z,133.5,56.0,100.0,75.0,-44.0,44.0
5-10 дней,2026-08-17T22:31:28Z,2026-08-23T15:00:00Z,136.5,66.0,100.0,87.5,-34.0,34.0
5-10 дней,2026-08-17T22:31:28Z,2026-08-23T18:00:00Z,139.5,80.0,100.0,87.5,-20.0,20.0
5-10 дней,2026-08-17T22:31:28Z,2026-08-23T21:00:00Z,142.5,74.0,100.0,87.5,-26.0,26.0
5-10 дней,2026-08-17T22:31:28Z,2026-08-24T00:00:00Z,145.5,62.0,100.0,87.5,-38.0,38.0
5-10 дней,2026-08-17T22:31:28Z,2026-08-24T03:00:00Z,148.5,51.0,100.0,37.5,-49.0,49.0
5-10 дней,2026-08-17T22:31:28Z,2026-08-24T06:00:00Z,151.5,44.0,100.0,87.5,-56.0,56.0
5-10 дней,2026-08-17T22:31:28Z,2026-08-24T09:00:00Z,154.5,53.0,100.0,87.5,-47.0,47.0
5-10 дней,2026-08-17T22:31:28Z,2026-08-24T12:00:00Z,157.5,63.0,100.0,100.0,-37.0,37.0
5-10 дней,2026-08-17T22:31:28Z,2026-08-24T15:00:00Z,160.5,57.0,100.0,100.0,-43.0,43.0
5-10 дней,2026-08-17T22:31:28Z,2026-08-24T18:00:00Z,163.5,54.0,100.0,100.0,-46.0,46.0
5-10 дней,2026-08-17T22:31:28Z,2026-08-24T21:00:00Z,166.5,76.0,100.0,100.0,-24.0,24.0
5-10 дней,2026-08-17T22:31:28Z,2026-08-25T00:00:00Z,169.5,100.0,100.0,100.0,0.0,0.0
5-10 дней,2026-08-17T22:31:28Z,2026-08-25T03:00:00Z,172.5,100.0,100.0,100.0,0.0,0.0
5-10 дней,2026-08-17T22:31:28Z,2026-08-25T06:00:00Z,175.5,100.0,100.0,100.0,0.0,0.0
5-10 дней,2026-08-17T22:31:28Z,2026-08-25T09:00:00Z,178.5,67.0,100.0,100.0,-33.0,33.0
5-10 дней,2026-08-17T22:31:28Z,2026-08-25T12:00:00Z,181.5,32.0,87.5,100.0,-55.5,55.5
5-10 дней,2026-08-17T22:31:28Z,2026-08-25T15:00:00Z,184.5,11.0,87.5,100.0,-76.5,76.5
5-10 дней,2026-08-17T22:31:28Z,2026-08-25T18:00:00Z,187.5,9.0,87.5,100.0,-78.5,78.5
5-10 дней,2026-08-17T22:31:28Z,2026-08-25T21:00:00Z,190.5,54.0,12.5,100.0,41.5,41.5
5-10 дней,2026-08-17T22:31:28Z,2026-08-26T00:00:00Z,193.5,100.0,75.0,100.0,25.0,25.0
5-10 дней,2026-08-17T22:31:28Z,2026-08-26T03:00:00Z,196.5,100.0,87.5,100.0,12.5,12.5
5-10 дней,2026-08-17T22:31:28Z,2026-08-26T06:00:00Z,199.5,79.0,87.5,100.0,-8.5,8.5
5-10 дней,2026-08-17T22:31:28Z,2026-08-26T09:00:00Z,202.5,37.0,100.0,100.0,-63.0,63.0
5-10 дней,2026-08-17T22:31:28Z,2026-08-26T12:00:00Z,205.5,2.0,100.0,87.5,-98.0,98.0
5-10 дней,2026-08-17T22:31:28Z,2026-08-26T15:00:00Z,208.5,18.0,25.0,87.5,-7.0,7.0
5-10 дней,2026-08-17T22:31:28Z,2026-08-26T18:00:00Z,211.5,45.0,12.5,87.5,32.5,32.5
5-10 дней,2026-08-17T22:31:28Z,2026-08-26T21:00:00Z,214.5,56.0,12.5,12.5,43.5,43.5
5-10 дней,2026-08-18T04:30:05Z,2026-08-23T06:00:00Z,121.5,40.0,87.5,100.0,-47.5,47.5
5-10 дней,2026-08-18T04:30:05Z,2026-08-23T09:00:00Z,124.5,75.0,87.5,87.5,-12.5,12.5
5-10 дней,2026-08-18T04:30:05Z,2026-08-23T12:00:00Z,127.5,98.0,100.0,75.0,-2.0,2.0
5-10 дней,2026-08-18T04:30:05Z,2026-08-23T15:00:00Z,130.5,62.0,100.0,87.5,-38.0,38.0
5-10 дней,2026-08-18T04:30:05Z,2026-08-23T18:00:00Z,133.5,26.0,100.0,87.5,-74.0,74.0
5-10 дней,2026-08-18T04:30:05Z,2026-08-23T21:00:00Z,136.5,49.0,100.0,87.5,-51.0,51.0
5-10 дней,2026-08-18T04:30:05Z,2026-08-24T00:00:00Z,139.5,81.0,100.0,87.5,-19.0,19.0
5-10 дней,2026-08-18T04:30:05Z,2026-08-24T03:00:00Z,142.5,85.0,100.0,37.5,-15.0,15.0
5-10 дней,2026-08-18T04:30:05Z,2026-08-24T06:00:00Z,145.5,76.0,100.0,87.5,-24.0,24.0
5-10 дней,2026-08-18T04:30:05Z,2026-08-24T09:00:00Z,148.5,50.0,100.0,87.5,-50.0,50.0
5-10 дней,2026-08-18T04:30:05Z,2026-08-24T12:00:00Z,151.5,27.0,100.0,100.0,-73.0,73.0
5-10 дней,2026-08-18T04:30:05Z,2026-08-24T15:00:00Z,154.5,26.0,100.0,100.0,-74.0,74.0
5-10 дней,2026-08-18T04:30:05Z,2026-08-24T18:00:00Z,157.5,39.0,100.0,100.0,-61.0,61.0
5-10 дней,2026-08-18T04:30:05Z,2026-08-24T21:00:00Z,160.5,69.0,100.0,100.0,-31.0,31.0
5-10 дней,2026-08-18T04:30:05Z,2026-08-25T00:00:00Z,163.5,97.0,100.0,100.0,-3.0,3.0
5-10 дней,2026-08-18T04:30:05Z,2026-08-25T03:00:00Z,166.5,98.0,100.0,100.0,-2.0,2.0
5-10 дней,2026-08-18T04:30:05Z,2026-08-25T06:00:00Z,169.5,87.0,100.0,100.0,-13.0,13.0
5-10 дней,2026-08-18T04:30:05Z,2026-08-25T09:00:00Z,172.5,70.0,100.0,100.0,-30.0,30.0
5-10 дней,2026-08-18T04:30:05Z,2026-08-25T12:00:00Z,175.5,55.0,87.5,100.0,-32.5,32.5
5-10 дней,2026-08-18T04:30:05Z,2026-08-25T15:00:00Z,178.5,55.0,87.5,100.0,-32.5,32.5
5-10 дней,2026-08-18T04:30:05Z,2026-08-25T18:00:00Z,181.5,59.0,87.5,100.0,-28.5,28.5
5-10 дней,2026-08-18T04:30:05Z,2026-08-25T21:00:00Z,184.5,65.0,12.5,100.0,52.5,52.5
5-10 дней,2026-08-18T04:30:05Z,2026-08-26T00:00:00Z,187.5,62.0,75.0,100.0,-13.0,13.0
5-10 дней,2026-08-18T04:30:05Z,2026-08-26T03:00:00Z,190.5,32.0,87.5,100.0,-55.5,55.5
5-10 дней,2026-08-18T04:30:05Z,2026-08-26T06:00:00Z,193.5,2.0,87.5,100.0,-85.5,85.5
5-10 дней,2026-08-18T04:30:05Z,2026-08-26T09:00:00Z,196.5,0.0,100.0,100.0,-100.0,100.0
5-10 дней,2026-08-18T04:30:05Z,2026-08-26T12:00:00Z,199.5,12.0,100.0,87.5,-88.0,88.0
5-10 дней,2026-08-18T04:30:05Z,2026-08-26T15:00:00Z,202.5,57.0,25.0,87.5,32.0,32.0
5-10 дней,2026-08-18T04:30:05Z,2026-08-26T18:00:00Z,205.5,100.0,12.5,87.5,87.5,87.5
5-10 дней,2026-08-18T04:30:05Z,2026-08-26T21:00:00Z,208.5,100.0,12.5,12.5,87.5,87.5
5-10 дней,2026-08-18T04:30:05Z,2026-08-27T00:00:00Z,211.5,87.0,0.0,75.0,87.0,87.0
5-10 дней,2026-08-18T04:30:05Z,2026-08-27T03:00:00Z,214.5,71.0,87.5,87.5,-16.5,16.5
5-10 дней,2026-08-18T04:30:05Z,2026-08-27T06:00:00Z,217.5,59.0,87.5,87.5,-28.5,28.5
5-10 дней,2026-08-18T04:30:05Z,2026-08-27T09:00:00Z,220.5,70.0,87.5,100.0,-17.5,17.5
5-10 дней,2026-08-18T04:30:05Z,2026-08-27T12:00:00Z,223.5,86.0,75.0,100.0,11.0,11.0
5-10 дней,2026-08-18T04:30:05Z,2026-08-27T15:00:00Z,226.5,94.0,37.5,25.0,56.5,56.5
5-10 дней,2026-08-18T04:30:05Z,2026-08-27T18:00:00Z,229.5,91.0,87.5,12.5,3.5,3.5
5-10 дней,2026-08-18T04:30:05Z,2026-08-27T21:00:00Z,232.5,55.0,25.0,12.5,30.0,30.0
5-10 дней,2026-08-18T10:14:55Z,2026-08-23T12:00:00Z,121.8,98.0,100.0,75.0,-2.0,2.0
5-10 дней,2026-08-18T10:14:55Z,2026-08-23T15:00:00Z,124.8,62.0,100.0,87.5,-38.0,38.0
5-10 дней,2026-08-18T10:14:55Z,2026-08-23T18:00:00Z,127.8,26.0,100.0,87.5,-74.0,74.0
5-10 дней,2026-08-18T10:14:55Z,2026-08-23T21:00:00Z,130.8,49.0,100.0,87.5,-51.0,51.0
5-10 дней,2026-08-18T10:14:55Z,2026-08-24T00:00:00Z,133.8,81.0,100.0,87.5,-19.0,19.0
5-10 дней,2026-08-18T10:14:55Z,2026-08-24T03:00:00Z,136.8,85.0,100.0,37.5,-15.0,15.0
5-10 дней,2026-08-18T10:14:55Z,2026-08-24T06:00:00Z,139.8,76.0,100.0,87.5,-24.0,24.0
5-10 дней,2026-08-18T10:14:55Z,2026-08-24T09:00:00Z,142.8,50.0,100.0,87.5,-50.0,50.0
5-10 дней,2026-08-18T10:14:55Z,2026-08-24T12:00:00Z,145.8,27.0,100.0,100.0,-73.0,73.0
5-10 дней,2026-08-18T10:14:55Z,2026-08-24T15:00:00Z,148.8,26.0,100.0,100.0,-74.0,74.0
5-10 дней,2026-08-18T10:14:55Z,2026-08-24T18:00:00Z,151.8,39.0,100.0,100.0,-61.0,61.0
5-10 дней,2026-08-18T10:14:55Z,2026-08-24T21:00:00Z,154.8,69.0,100.0,100.0,-31.0,31.0
5-10 дней,2026-08-18T10:14:55Z,2026-08-25T00:00:00Z,157.8,97.0,100.0,100.0,-3.0,3.0
5-10 дней,2026-08-18T10:14:55Z,2026-08-25T03:00:00Z,160.8,98.0,100.0,100.0,-2.0,2.0
5-10 дней,2026-08-18T10:14:55Z,2026-08-25T06:00:00Z,163.8,87.0,100.0,100.0,-13.0,13.0
5-10 дней,2026-08-18T10:14:55Z,2026-08-25T09:00:00Z,166.8,70.0,100.0,100.0,-30.0,30.0
5-10 дней,2026-08-18T10:14:55Z,2026-08-25T12:00:00Z,169.8,55.0,87.5,100.0,-32.5,32.5
5-10 дней,2026-08-18T10:14:55Z,2026-08-25T15:00:00Z,172.8,55.0,87.5,100.0,-32.5,32.5
5-10 дней,2026-08-18T10:14:55Z,2026-08-25T18:00:00Z,175.8,59.0,87.5,100.0,-28.5,28.5
5-10 дней,2026-08-18T10:14:55Z,2026-08-25T21:00:00Z,178.8,65.0,12.5,100.0,52.5,52.5
5-10 дней,2026-08-18T10:14:55Z,2026-08-26T00:00:00Z,181.8,62.0,75.0,100.0,-13.0,13.0
5-10 дней,2026-08-18T10:14:55Z,2026-08-26T03:00:00Z,184.8,32.0,87.5,100.0,-55.5,55.5
5-10 дней,2026-08-18T10:14:55Z,2026-08-26T06:00:00Z,187.8,2.0,87.5,100.0,-85.5,85.5
5-10 дней,2026-08-18T10:14:55Z,2026-08-26T09:00:00Z,190.8,0.0,100.0,100.0,-100.0,100.0
5-10 дней,2026-08-18T10:14:55Z,2026-08-26T12:00:00Z,193.8,12.0,100.0,87.5,-88.0,88.0
5-10 дней,2026-08-18T10:14:55Z,2026-08-26T15:00:00Z,196.8,57.0,25.0,87.5,32.0,32.0
5-10 дней,2026-08-18T10:14:55Z,2026-08-26T18:00:00Z,199.8,100.0,12.5,87.5,87.5,87.5
5-10 дней,2026-08-18T10:14:55Z,2026-08-26T21:00:00Z,202.8,100.0,12.5,12.5,87.5,87.5
5-10 дней,2026-08-18T10:14:55Z,2026-08-27T00:00:00Z,205.8,87.0,0.0,75.0,87.0,87.0
5-10 дней,2026-08-18T10:14:55Z,2026-08-27T03:00:00Z,208.8,71.0,87.5,87.5,-16.5,16.5
5-10 дней,2026-08-18T10:14:55Z,2026-08-27T06:00:00Z,211.8,59.0,87.5,87.5,-28.5,28.5
5-10 дней,2026-08-18T10:14:55Z,2026-08-27T09:00:00Z,214.8,70.0,87.5,100.0,-17.5,17.5
5-10 дней,2026-08-18T10:14:55Z,2026-08-27T12:00:00Z,217.8,86.0,75.0,100.0,11.0,11.0
5-10 дней,2026-08-18T10:14:55Z,2026-08-27T15:00:00Z,220.8,94.0,37.5,25.0,56.5,56.5
5-10 дней,2026-08-18T10:14:55Z,2026-08-27T18:00:00Z,223.8,91.0,87.5,12.5,3.5,3.5
5-10 дней,2026-08-18T10:14:55Z,2026-08-27T21:00:00Z,226.8,55.0,25.0,12.5,30.0,30.0
5-10 дней,2026-08-18T16:27:50Z,2026-08-23T18:00:00Z,121.5,56.0,100.0,87.5,-44.0,44.0
5-10 дней,2026-08-18T16:27:50Z,2026-08-23T21:00:00Z,124.5,61.0,100.0,87.5,-39.0,39.0
5-10 дней,2026-08-18T16:27:50Z,2026-08-24T00:00:00Z,127.5,72.0,100.0,87.5,-28.0,28.0
5-10 дней,2026-08-18T16:27:50Z,2026-08-24T03:00:00Z,130.5,86.0,100.0,37.5,-14.0,14.0
5-10 дней,2026-08-18T16:27:50Z,2026-08-24T06:00:00Z,133.5,88.0,100.0,87.5,-12.0,12.0
5-10 дней,2026-08-18T16:27:50Z,2026-08-24T09:00:00Z,136.5,45.0,100.0,87.5,-55.0,55.0
5-10 дней,2026-08-18T16:27:50Z,2026-08-24T12:00:00Z,139.5,4.0,100.0,100.0,-96.0,96.0
5-10 дней,2026-08-18T16:27:50Z,2026-08-24T15:00:00Z,142.5,13.0,100.0,100.0,-87.0,87.0
5-10 дней,2026-08-18T16:27:50Z,2026-08-24T18:00:00Z,145.5,37.0,100.0,100.0,-63.0,63.0
5-10 дней,2026-08-18T16:27:50Z,2026-08-24T21:00:00Z,148.5,61.0,100.0,100.0,-39.0,39.0
5-10 дней,2026-08-18T16:27:50Z,2026-08-25T00:00:00Z,151.5,73.0,100.0,100.0,-27.0,27.0
5-10 дней,2026-08-18T16:27:50Z,2026-08-25T03:00:00Z,154.5,43.0,100.0,100.0,-57.0,57.0
5-10 дней,2026-08-18T16:27:50Z,2026-08-25T06:00:00Z,157.5,11.0,100.0,100.0,-89.0,89.0
5-10 дней,2026-08-18T16:27:50Z,2026-08-25T09:00:00Z,160.5,16.0,100.0,100.0,-84.0,84.0
5-10 дней,2026-08-18T16:27:50Z,2026-08-25T12:00:00Z,163.5,27.0,87.5,100.0,-60.5,60.5
5-10 дней,2026-08-18T16:27:50Z,2026-08-25T15:00:00Z,166.5,17.0,87.5,100.0,-70.5,70.5
5-10 дней,2026-08-18T16:27:50Z,2026-08-25T18:00:00Z,169.5,6.0,87.5,100.0,-81.5,81.5
5-10 дней,2026-08-18T16:27:50Z,2026-08-25T21:00:00Z,172.5,7.0,12.5,100.0,-5.5,5.5
5-10 дней,2026-08-18T16:27:50Z,2026-08-26T00:00:00Z,175.5,13.0,75.0,100.0,-62.0,62.0
5-10 дней,2026-08-18T16:27:50Z,2026-08-26T03:00:00Z,178.5,24.0,87.5,100.0,-63.5,63.5
5-10 дней,2026-08-18T16:27:50Z,2026-08-26T06:00:00Z,181.5,37.0,87.5,100.0,-50.5,50.5
5-10 дней,2026-08-18T16:27:50Z,2026-08-26T09:00:00Z,184.5,47.0,100.0,100.0,-53.0,53.0
5-10 дней,2026-08-18T16:27:50Z,2026-08-26T12:00:00Z,187.5,59.0,100.0,87.5,-41.0,41.0
5-10 дней,2026-08-18T16:27:50Z,2026-08-26T15:00:00Z,190.5,78.0,25.0,87.5,53.0,53.0
5-10 дней,2026-08-18T16:27:50Z,2026-08-26T18:00:00Z,193.5,92.0,12.5,87.5,79.5,79.5
5-10 дней,2026-08-18T16:27:50Z,2026-08-26T21:00:00Z,196.5,86.0,12.5,12.5,73.5,73.5
5-10 дней,2026-08-18T16:27:50Z,2026-08-27T00:00:00Z,199.5,79.0,0.0,75.0,79.0,79.0
5-10 дней,2026-08-18T16:27:50Z,2026-08-27T03:00:00Z,202.5,87.0,87.5,87.5,-0.5,0.5
5-10 дней,2026-08-18T16:27:50Z,2026-08-27T06:00:00Z,205.5,97.0,87.5,87.5,9.5,9.5
5-10 дней,2026-08-18T16:27:50Z,2026-08-27T09:00:00Z,208.5,97.0,87.5,100.0,9.5,9.5
5-10 дней,2026-08-18T16:27:50Z,2026-08-27T12:00:00Z,211.5,94.0,75.0,100.0,19.0,19.0
5-10 дней,2026-08-18T16:27:50Z,2026-08-27T15:00:00Z,214.5,91.0,37.5,25.0,53.5,53.5
5-10 дней,2026-08-18T16:27:50Z,2026-08-27T18:00:00Z,217.5,89.0,87.5,12.5,1.5,1.5
5-10 дней,2026-08-18T16:27:50Z,2026-08-27T21:00:00Z,220.5,92.0,25.0,12.5,67.0,67.0
5-10 дней,2026-08-18T22:31:39Z,2026-08-24T00:00:00Z,121.5,73.0,100.0,87.5,-27.0,27.0
5-10 дней,2026-08-18T22:31:39Z,2026-08-24T03:00:00Z,124.5,82.0,100.0,37.5,-18.0,18.0
5-10 дней,2026-08-18T22:31:39Z,2026-08-24T06:00:00Z,127.5,87.0,100.0,87.5,-13.0,13.0
5-10 дней,2026-08-18T22:31:39Z,2026-08-24T09:00:00Z,130.5,66.0,100.0,87.5,-34.0,34.0
5-10 дней,2026-08-18T22:31:39Z,2026-08-24T12:00:00Z,133.5,48.0,100.0,100.0,-52.0,52.0
5-10 дней,2026-08-18T22:31:39Z,2026-08-24T15:00:00Z,136.5,63.0,100.0,100.0,-37.0,37.0
5-10 дней,2026-08-18T22:31:39Z,2026-08-24T18:00:00Z,139.5,80.0,100.0,100.0,-20.0,20.0
5-10 дней,2026-08-18T22:31:39Z,2026-08-24T21:00:00Z,142.5,70.0,100.0,100.0,-30.0,30.0
5-10 дней,2026-08-18T22:31:39Z,2026-08-25T00:00:00Z,145.5,55.0,100.0,100.0,-45.0,45.0
5-10 дней,2026-08-18T22:31:39Z,2026-08-25T03:00:00Z,148.5,50.0,100.0,100.0,-50.0,50.0
5-10 дней,2026-08-18T22:31:39Z,2026-08-25T06:00:00Z,151.5,49.0,100.0,100.0,-51.0,51.0
5-10 дней,2026-08-18T22:31:39Z,2026-08-25T09:00:00Z,154.5,53.0,100.0,100.0,-47.0,47.0
5-10 дней,2026-08-18T22:31:39Z,2026-08-25T12:00:00Z,157.5,62.0,87.5,100.0,-25.5,25.5
5-10 дней,2026-08-18T22:31:39Z,2026-08-25T15:00:00Z,160.5,77.0,87.5,100.0,-10.5,10.5
5-10 дней,2026-08-18T22:31:39Z,2026-08-25T18:00:00Z,163.5,89.0,87.5,100.0,1.5,1.5
5-10 дней,2026-08-18T22:31:39Z,2026-08-25T21:00:00Z,166.5,81.0,12.5,100.0,68.5,68.5
5-10 дней,2026-08-18T22:31:39Z,2026-08-26T00:00:00Z,169.5,71.0,75.0,100.0,-4.0,4.0
5-10 дней,2026-08-18T22:31:39Z,2026-08-26T03:00:00Z,172.5,81.0,87.5,100.0,-6.5,6.5
5-10 дней,2026-08-18T22:31:39Z,2026-08-26T06:00:00Z,175.5,84.0,87.5,100.0,-3.5,3.5
5-10 дней,2026-08-18T22:31:39Z,2026-08-26T09:00:00Z,178.5,41.0,100.0,100.0,-59.0,59.0
5-10 дней,2026-08-18T22:31:39Z,2026-08-26T12:00:00Z,181.5,4.0,100.0,87.5,-96.0,96.0
5-10 дней,2026-08-18T22:31:39Z,2026-08-26T15:00:00Z,184.5,31.0,25.0,87.5,6.0,6.0
5-10 дней,2026-08-18T22:31:39Z,2026-08-26T18:00:00Z,187.5,66.0,12.5,87.5,53.5,53.5
5-10 дней,2026-08-18T22:31:39Z,2026-08-26T21:00:00Z,190.5,64.0,12.5,12.5,51.5,51.5
5-10 дней,2026-08-18T22:31:39Z,2026-08-27T00:00:00Z,193.5,57.0,0.0,75.0,57.0,57.0
5-10 дней,2026-08-18T22:31:39Z,2026-08-27T03:00:00Z,196.5,72.0,87.5,87.5,-15.5,15.5
5-10 дней,2026-08-18T22:31:39Z,2026-08-27T06:00:00Z,199.5,86.0,87.5,87.5,-1.5,1.5
5-10 дней,2026-08-18T22:31:39Z,2026-08-27T09:00:00Z,202.5,75.0,87.5,100.0,-12.5,12.5
5-10 дней,2026-08-18T22:31:39Z,2026-08-27T12:00:00Z,205.5,63.0,75.0,100.0,-12.0,12.0
5-10 дней,2026-08-18T22:31:39Z,2026-08-27T15:00:00Z,208.5,71.0,37.5,25.0,33.5,33.5
5-10 дней,2026-08-18T22:31:39Z,2026-08-27T18:00:00Z,211.5,84.0,87.5,12.5,-3.5,3.5
5-10 дней,2026-08-18T22:31:39Z,2026-08-27T21:00:00Z,214.5,93.0,25.0,12.5,68.0,68.0
5-10 дней,2026-08-19T04:31:14Z,2026-08-24T06:00:00Z,121.5,89.0,100.0,87.5,-11.0,11.0
5-10 дней,2026-08-19T04:31:14Z,2026-08-24T09:00:00Z,124.5,66.0,100.0,87.5,-34.0,34.0
5-10 дней,2026-08-19T04:31:14Z,2026-08-24T12:00:00Z,127.5,48.0,100.0,100.0,-52.0,52.0
5-10 дней,2026-08-19T04:31:14Z,2026-08-24T15:00:00Z,130.5,63.0,100.0,100.0,-37.0,37.0
5-10 дней,2026-08-19T04:31:14Z,2026-08-24T18:00:00Z,133.5,80.0,100.0,100.0,-20.0,20.0
5-10 дней,2026-08-19T04:31:14Z,2026-08-24T21:00:00Z,136.5,70.0,100.0,100.0,-30.0,30.0
5-10 дней,2026-08-19T04:31:14Z,2026-08-25T00:00:00Z,139.5,55.0,100.0,100.0,-45.0,45.0
5-10 дней,2026-08-19T04:31:14Z,2026-08-25T03:00:00Z,142.5,50.0,100.0,100.0,-50.0,50.0
5-10 дней,2026-08-19T04:31:14Z,2026-08-25T06:00:00Z,145.5,49.0,100.0,100.0,-51.0,51.0
5-10 дней,2026-08-19T04:31:14Z,2026-08-25T09:00:00Z,148.5,53.0,100.0,100.0,-47.0,47.0
5-10 дней,2026-08-19T04:31:14Z,2026-08-25T12:00:00Z,151.5,62.0,87.5,100.0,-25.5,25.5
5-10 дней,2026-08-19T04:31:14Z,2026-08-25T15:00:00Z,154.5,77.0,87.5,100.0,-10.5,10.5
5-10 дней,2026-08-19T04:31:14Z,2026-08-25T18:00:00Z,157.5,89.0,87.5,100.0,1.5,1.5
5-10 дней,2026-08-19T04:31:14Z,2026-08-25T21:00:00Z,160.5,81.0,12.5,100.0,68.5,68.5
5-10 дней,2026-08-19T04:31:14Z,2026-08-26T00:00:00Z,163.5,71.0,75.0,100.0,-4.0,4.0
5-10 дней,2026-08-19T04:31:14Z,2026-08-26T03:00:00Z,166.5,81.0,87.5,100.0,-6.5,6.5
5-10 дней,2026-08-19T04:31:14Z,2026-08-26T06:00:00Z,169.5,84.0,87.5,100.0,-3.5,3.5
5-10 дней,2026-08-19T04:31:14Z,2026-08-26T09:00:00Z,172.5,41.0,100.0,100.0,-59.0,59.0
5-10 дней,2026-08-19T04:31:14Z,2026-08-26T12:00:00Z,175.5,4.0,100.0,87.5,-96.0,96.0
5-10 дней,2026-08-19T04:31:14Z,2026-08-26T15:00:00Z,178.5,31.0,25.0,87.5,6.0,6.0
5-10 дней,2026-08-19T04:31:14Z,2026-08-26T18:00:00Z,181.5,66.0,12.5,87.5,53.5,53.5
5-10 дней,2026-08-19T04:31:14Z,2026-08-26T21:00:00Z,184.5,64.0,12.5,12.5,51.5,51.5
5-10 дней,2026-08-19T04:31:14Z,2026-08-27T00:00:00Z,187.5,57.0,0.0,75.0,57.0,57.0
5-10 дней,2026-08-19T04:31:14Z,2026-08-27T03:00:00Z,190.5,72.0,87.5,87.5,-15.5,15.5
5-10 дней,2026-08-19T04:31:14Z,2026-08-27T06:00:00Z,193.5,86.0,87.5,87.5,-1.5,1.5
5-10 дней,2026-08-19T04:31:14Z,2026-08-27T09:00:00Z,196.5,75.0,87.5,100.0,-12.5,12.5
5-10 дней,2026-08-19T04:31:14Z,2026-08-27T12:00:00Z,199.5,63.0,75.0,100.0,-12.0,12.0
5-10 дней,2026-08-19T04:31:14Z,2026-08-27T15:00:00Z,202.5,71.0,37.5,25.0,33.5,33.5
5-10 дней,2026-08-19T04:31:14Z,2026-08-27T18:00:00Z,205.5,84.0,87.5,12.5,-3.5,3.5
5-10 дней,2026-08-19T04:31:14Z,2026-08-27T21:00:00Z,208.5,93.0,25.0,12.5,68.0,68.0
5-10 дней,2026-08-19T04:31:14Z,2026-08-28T00:00:00Z,211.5,95.0,100.0,0.0,-5.0,5.0
5-10 дней,2026-08-19T04:31:14Z,2026-08-28T03:00:00Z,214.5,75.0,12.5,87.5,62.5,62.5
5-10 дней,2026-08-19T04:31:14Z,2026-08-28T06:00:00Z,217.5,56.0,87.5,87.5,-31.5,31.5
5-10 дней,2026-08-19T04:31:14Z,2026-08-28T09:00:00Z,220.5,67.0,75.0,87.5,-8.0,8.0
5-10 дней,2026-08-19T04:31:14Z,2026-08-28T12:00:00Z,223.5,81.0,75.0,75.0,6.0,6.0
5-10 дней,2026-08-19T04:31:14Z,2026-08-28T15:00:00Z,226.5,77.0,25.0,37.5,52.0,52.0
5-10 дней,2026-08-19T04:31:14Z,2026-08-28T18:00:00Z,229.5,73.0,0.0,87.5,73.0,73.0
5-10 дней,2026-08-19T04:31:14Z,2026-08-28T21:00:00Z,232.5,84.0,50.0,25.0,34.0,34.0
5-10 дней,2026-08-19T10:14:48Z,2026-08-24T12:00:00Z,121.8,71.0,100.0,100.0,-29.0,29.0
5-10 дней,2026-08-19T10:14:48Z,2026-08-24T15:00:00Z,124.8,63.0,100.0,100.0,-37.0,37.0
5-10 дней,2026-08-19T10:14:48Z,2026-08-24T18:00:00Z,127.8,59.0,100.0,100.0,-41.0,41.0
5-10 дней,2026-08-19T10:14:48Z,2026-08-24T21:00:00Z,130.8,57.0,100.0,100.0,-43.0,43.0
5-10 дней,2026-08-19T10:14:48Z,2026-08-25T00:00:00Z,133.8,58.0,100.0,100.0,-42.0,42.0
5-10 дней,2026-08-19T10:14:48Z,2026-08-25T03:00:00Z,136.8,70.0,100.0,100.0,-30.0,30.0
5-10 дней,2026-08-19T10:14:48Z,2026-08-25T06:00:00Z,139.8,73.0,100.0,100.0,-27.0,27.0
5-10 дней,2026-08-19T10:14:48Z,2026-08-25T09:00:00Z,142.8,34.0,100.0,100.0,-66.0,66.0
5-10 дней,2026-08-19T10:14:48Z,2026-08-25T12:00:00Z,145.8,0.0,87.5,100.0,-87.5,87.5
5-10 дней,2026-08-19T10:14:48Z,2026-08-25T15:00:00Z,148.8,22.0,87.5,100.0,-65.5,65.5
5-10 дней,2026-08-19T10:14:48Z,2026-08-25T18:00:00Z,151.8,56.0,87.5,100.0,-31.5,31.5
5-10 дней,2026-08-19T10:14:48Z,2026-08-25T21:00:00Z,154.8,71.0,12.5,100.0,58.5,58.5
5-10 дней,2026-08-19T10:14:48Z,2026-08-26T00:00:00Z,157.8,79.0,75.0,100.0,4.0,4.0
5-10 дней,2026-08-19T10:14:48Z,2026-08-26T03:00:00Z,160.8,78.0,87.5,100.0,-9.5,9.5
5-10 дней,2026-08-19T10:14:48Z,2026-08-26T06:00:00Z,163.8,75.0,87.5,100.0,-12.5,12.5
5-10 дней,2026-08-19T10:14:48Z,2026-08-26T09:00:00Z,166.8,83.0,100.0,100.0,-17.0,17.0
5-10 дней,2026-08-19T10:14:48Z,2026-08-26T12:00:00Z,169.8,90.0,100.0,87.5,-10.0,10.0
5-10 дней,2026-08-19T10:14:48Z,2026-08-26T15:00:00Z,172.8,89.0,25.0,87.5,64.0,64.0
5-10 дней,2026-08-19T10:14:48Z,2026-08-26T18:00:00Z,175.8,85.0,12.5,87.5,72.5,72.5
5-10 дней,2026-08-19T10:14:48Z,2026-08-26T21:00:00Z,178.8,76.0,12.5,12.5,63.5,63.5
5-10 дней,2026-08-19T10:14:48Z,2026-08-27T00:00:00Z,181.8,69.0,0.0,75.0,69.0,69.0
5-10 дней,2026-08-19T10:14:48Z,2026-08-27T03:00:00Z,184.8,76.0,87.5,87.5,-11.5,11.5
5-10 дней,2026-08-19T10:14:48Z,2026-08-27T06:00:00Z,187.8,77.0,87.5,87.5,-10.5,10.5
5-10 дней,2026-08-19T10:14:48Z,2026-08-27T09:00:00Z,190.8,49.0,87.5,100.0,-38.5,38.5
5-10 дней,2026-08-19T10:14:48Z,2026-08-27T12:00:00Z,193.8,18.0,75.0,100.0,-57.0,57.0
5-10 дней,2026-08-19T10:14:48Z,2026-08-27T15:00:00Z,196.8,3.0,37.5,25.0,-34.5,34.5
5-10 дней,2026-08-19T10:14:48Z,2026-08-27T18:00:00Z,199.8,0.0,87.5,12.5,-87.5,87.5
5-10 дней,2026-08-19T10:14:48Z,2026-08-27T21:00:00Z,202.8,19.0,25.0,12.5,-6.0,6.0
5-10 дней,2026-08-19T10:14:48Z,2026-08-28T00:00:00Z,205.8,37.0,100.0,0.0,-63.0,63.0
5-10 дней,2026-08-19T10:14:48Z,2026-08-28T03:00:00Z,208.8,21.0,12.5,87.5,8.5,8.5
5-10 дней,2026-08-19T10:14:48Z,2026-08-28T06:00:00Z,211.8,9.0,87.5,87.5,-78.5,78.5
5-10 дней,2026-08-19T10:14:48Z,2026-08-28T09:00:00Z,214.8,46.0,75.0,87.5,-29.0,29.0
5-10 дней,2026-08-19T10:14:48Z,2026-08-28T12:00:00Z,217.8,80.0,75.0,75.0,5.0,5.0
5-10 дней,2026-08-19T10:14:48Z,2026-08-28T15:00:00Z,220.8,61.0,25.0,37.5,36.0,36.0
5-10 дней,2026-08-19T10:14:48Z,2026-08-28T18:00:00Z,223.8,30.0,0.0,87.5,30.0,30.0
5-10 дней,2026-08-19T10:14:48Z,2026-08-28T21:00:00Z,226.8,12.0,50.0,25.0,-38.0,38.0
5-10 дней,2026-08-19T16:28:17Z,2026-08-24T18:00:00Z,121.5,100.0,100.0,100.0,0.0,0.0
5-10 дней,2026-08-19T16:28:17Z,2026-08-24T21:00:00Z,124.5,79.0,100.0,100.0,-21.0,21.0
5-10 дней,2026-08-19T16:28:17Z,2026-08-25T00:00:00Z,127.5,58.0,100.0,100.0,-42.0,42.0
5-10 дней,2026-08-19T16:28:17Z,2026-08-25T03:00:00Z,130.5,67.0,100.0,100.0,-33.0,33.0
5-10 дней,2026-08-19T16:28:17Z,2026-08-25T06:00:00Z,133.5,73.0,100.0,100.0,-27.0,27.0
5-10 дней,2026-08-19T16:28:17Z,2026-08-25T09:00:00Z,136.5,34.0,100.0,100.0,-66.0,66.0
5-10 дней,2026-08-19T16:28:17Z,2026-08-25T12:00:00Z,139.5,0.0,87.5,100.0,-87.5,87.5
5-10 дней,2026-08-19T16:28:17Z,2026-08-25T15:00:00Z,142.5,22.0,87.5,100.0,-65.5,65.5
5-10 дней,2026-08-19T16:28:17Z,2026-08-25T18:00:00Z,145.5,56.0,87.5,100.0,-31.5,31.5
5-10 дней,2026-08-19T16:28:17Z,2026-08-25T21:00:00Z,148.5,71.0,12.5,100.0,58.5,58.5
5-10 дней,2026-08-19T16:28:17Z,2026-08-26T00:00:00Z,151.5,79.0,75.0,100.0,4.0,4.0
5-10 дней,2026-08-19T16:28:17Z,2026-08-26T03:00:00Z,154.5,78.0,87.5,100.0,-9.5,9.5
5-10 дней,2026-08-19T16:28:17Z,2026-08-26T06:00:00Z,157.5,75.0,87.5,100.0,-12.5,12.5
5-10 дней,2026-08-19T16:28:17Z,2026-08-26T09:00:00Z,160.5,83.0,100.0,100.0,-17.0,17.0
5-10 дней,2026-08-19T16:28:17Z,2026-08-26T12:00:00Z,163.5,90.0,100.0,87.5,-10.0,10.0
5-10 дней,2026-08-19T16:28:17Z,2026-08-26T15:00:00Z,166.5,89.0,25.0,87.5,64.0,64.0
5-10 дней,2026-08-19T16:28:17Z,2026-08-26T18:00:00Z,169.5,85.0,12.5,87.5,72.5,72.5
5-10 дней,2026-08-19T16:28:17Z,2026-08-26T21:00:00Z,172.5,76.0,12.5,12.5,63.5,63.5
5-10 дней,2026-08-19T16:28:17Z,2026-08-27T00:00:00Z,175.5,69.0,0.0,75.0,69.0,69.0
5-10 дней,2026-08-19T16:28:17Z,2026-08-27T03:00:00Z,178.5,76.0,87.5,87.5,-11.5,11.5
5-10 дней,2026-08-19T16:28:17Z,2026-08-27T06:00:00Z,181.5,77.0,87.5,87.5,-10.5,10.5
5-10 дней,2026-08-19T16:28:17Z,2026-08-27T09:00:00Z,184.5,49.0,87.5,100.0,-38.5,38.5
5-10 дней,2026-08-19T16:28:17Z,2026-08-27T12:00:00Z,187.5,18.0,75.0,100.0,-57.0,57.0
5-10 дней,2026-08-19T16:28:17Z,2026-08-27T15:00:00Z,190.5,3.0,37.5,25.0,-34.5,34.5
5-10 дней,2026-08-19T16:28:17Z,2026-08-27T18:00:00Z,193.5,0.0,87.5,12.5,-87.5,87.5
5-10 дней,2026-08-19T16:28:17Z,2026-08-27T21:00:00Z,196.5,19.0,25.0,12.5,-6.0,6.0
5-10 дней,2026-08-19T16:28:17Z,2026-08-28T00:00:00Z,199.5,37.0,100.0,0.0,-63.0,63.0
5-10 дней,2026-08-19T16:28:17Z,2026-08-28T03:00:00Z,202.5,21.0,12.5,87.5,8.5,8.5
5-10 дней,2026-08-19T16:28:17Z,2026-08-28T06:00:00Z,205.5,9.0,87.5,87.5,-78.5,78.5
5-10 дней,2026-08-19T16:28:17Z,2026-08-28T09:00:00Z,208.5,46.0,75.0,87.5,-29.0,29.0
5-10 дней,2026-08-19T16:28:17Z,2026-08-28T12:00:00Z,211.5,80.0,75.0,75.0,5.0,5.0
5-10 дней,2026-08-19T16:28:17Z,2026-08-28T15:00:00Z,214.5,61.0,25.0,37.5,36.0,36.0
5-10 дней,2026-08-19T16:28:17Z,2026-08-28T18:00:00Z,217.5,30.0,0.0,87.5,30.0,30.0
5-10 дней,2026-08-19T16:28:17Z,2026-08-28T21:00:00Z,220.5,12.0,50.0,25.0,-38.0,38.0
5-10 дней,2026-08-20T04:31:56Z,2026-08-25T06:00:00Z,121.5,89.0,100.0,100.0,-11.0,11.0
5-10 дней,2026-08-20T04:31:56Z,2026-08-25T09:00:00Z,124.5,84.0,100.0,100.0,-16.0,16.0
5-10 дней,2026-08-20T04:31:56Z,2026-08-25T12:00:00Z,127.5,78.0,87.5,100.0,-9.5,9.5
5-10 дней,2026-08-20T04:31:56Z,2026-08-25T15:00:00Z,130.5,69.0,87.5,100.0,-18.5,18.5
5-10 дней,2026-08-20T04:31:56Z,2026-08-25T18:00:00Z,133.5,62.0,87.5,100.0,-25.5,25.5
5-10 дней,2026-08-20T04:31:56Z,2026-08-25T21:00:00Z,136.5,63.0,12.5,100.0,50.5,50.5
5-10 дней,2026-08-20T04:31:56Z,2026-08-26T00:00:00Z,139.5,70.0,75.0,100.0,-5.0,5.0
5-10 дней,2026-08-20T04:31:56Z,2026-08-26T03:00:00Z,142.5,87.0,87.5,100.0,-0.5,0.5
5-10 дней,2026-08-20T04:31:56Z,2026-08-26T06:00:00Z,145.5,100.0,87.5,100.0,12.5,12.5
5-10 дней,2026-08-20T04:31:56Z,2026-08-26T09:00:00Z,148.5,98.0,100.0,100.0,-2.0,2.0
5-10 дней,2026-08-20T04:31:56Z,2026-08-26T12:00:00Z,151.5,82.0,100.0,87.5,-18.0,18.0
5-10 дней,2026-08-20T04:31:56Z,2026-08-26T15:00:00Z,154.5,38.0,25.0,87.5,13.0,13.0
5-10 дней,2026-08-20T04:31:56Z,2026-08-26T18:00:00Z,157.5,0.0,12.5,87.5,-12.5,12.5
5-10 дней,2026-08-20T04:31:56Z,2026-08-26T21:00:00Z,160.5,12.0,12.5,12.5,-0.5,0.5
5-10 дней,2026-08-20T04:31:56Z,2026-08-27T00:00:00Z,163.5,38.0,0.0,75.0,38.0,38.0
5-10 дней,2026-08-20T04:31:56Z,2026-08-27T03:00:00Z,166.5,60.0,87.5,87.5,-27.5,27.5
5-10 дней,2026-08-20T04:31:56Z,2026-08-27T06:00:00Z,169.5,74.0,87.5,87.5,-13.5,13.5
5-10 дней,2026-08-20T04:31:56Z,2026-08-27T09:00:00Z,172.5,61.0,87.5,100.0,-26.5,26.5
5-10 дней,2026-08-20T04:31:56Z,2026-08-27T12:00:00Z,175.5,46.0,75.0,100.0,-29.0,29.0
5-10 дней,2026-08-20T04:31:56Z,2026-08-27T15:00:00Z,178.5,54.0,37.5,25.0,16.5,16.5
5-10 дней,2026-08-20T04:31:56Z,2026-08-27T18:00:00Z,181.5,67.0,87.5,12.5,-20.5,20.5
5-10 дней,2026-08-20T04:31:56Z,2026-08-27T21:00:00Z,184.5,77.0,25.0,12.5,52.0,52.0
5-10 дней,2026-08-20T04:31:56Z,2026-08-28T00:00:00Z,187.5,85.0,100.0,0.0,-15.0,15.0
5-10 дней,2026-08-20T04:31:56Z,2026-08-28T03:00:00Z,190.5,91.0,12.5,87.5,78.5,78.5
5-10 дней,2026-08-20T04:31:56Z,2026-08-28T06:00:00Z,193.5,94.0,87.5,87.5,6.5,6.5
5-10 дней,2026-08-20T04:31:56Z,2026-08-28T09:00:00Z,196.5,94.0,75.0,87.5,19.0,19.0
5-10 дней,2026-08-20T04:31:56Z,2026-08-28T12:00:00Z,199.5,92.0,75.0,75.0,17.0,17.0
5-10 дней,2026-08-20T04:31:56Z,2026-08-28T15:00:00Z,202.5,88.0,25.0,37.5,63.0,63.0
5-10 дней,2026-08-20T04:31:56Z,2026-08-28T18:00:00Z,205.5,85.0,0.0,87.5,85.0,85.0
5-10 дней,2026-08-20T04:31:56Z,2026-08-28T21:00:00Z,208.5,87.0,50.0,25.0,37.0,37.0
5-10 дней,2026-08-20T04:31:56Z,2026-08-29T00:00:00Z,211.5,90.0,0.0,100.0,90.0,90.0
5-10 дней,2026-08-20T04:31:56Z,2026-08-29T03:00:00Z,214.5,88.0,0.0,12.5,88.0,88.0
5-10 дней,2026-08-20T04:31:56Z,2026-08-29T06:00:00Z,217.5,86.0,12.5,87.5,73.5,73.5
5-10 дней,2026-08-20T04:31:56Z,2026-08-29T09:00:00Z,220.5,86.0,12.5,75.0,73.5,73.5
5-10 дней,2026-08-20T04:31:56Z,2026-08-29T12:00:00Z,223.5,87.0,0.0,75.0,87.0,87.0
5-10 дней,2026-08-20T04:31:56Z,2026-08-29T15:00:00Z,226.5,85.0,12.5,25.0,72.5,72.5
5-10 дней,2026-08-20T04:31:56Z,2026-08-29T18:00:00Z,229.5,85.0,12.5,0.0,72.5,72.5
5-10 дней,2026-08-20T04:31:56Z,2026-08-29T21:00:00Z,232.5,90.0,0.0,50.0,90.0,90.0
5-10 дней,2026-08-20T10:16:10Z,2026-08-25T12:00:00Z,121.7,88.0,87.5,100.0,0.5,0.5
5-10 дней,2026-08-20T10:16:10Z,2026-08-25T15:00:00Z,124.7,78.0,87.5,100.0,-9.5,9.5
5-10 дней,2026-08-20T10:16:10Z,2026-08-25T18:00:00Z,127.7,62.0,87.5,100.0,-25.5,25.5
5-10 дней,2026-08-20T10:16:10Z,2026-08-25T21:00:00Z,130.7,35.0,12.5,100.0,22.5,22.5
5-10 дней,2026-08-20T10:16:10Z,2026-08-26T00:00:00Z,133.7,21.0,75.0,100.0,-54.0,54.0
5-10 дней,2026-08-20T10:16:10Z,2026-08-26T03:00:00Z,136.7,61.0,87.5,100.0,-26.5,26.5
5-10 дней,2026-08-20T10:16:10Z,2026-08-26T06:00:00Z,139.7,100.0,87.5,100.0,12.5,12.5
5-10 дней,2026-08-20T10:16:10Z,2026-08-26T09:00:00Z,142.7,80.0,100.0,100.0,-20.0,20.0
5-10 дней,2026-08-20T10:16:10Z,2026-08-26T12:00:00Z,145.7,54.0,100.0,87.5,-46.0,46.0
5-10 дней,2026-08-20T10:16:10Z,2026-08-26T15:00:00Z,148.7,64.0,25.0,87.5,39.0,39.0
5-10 дней,2026-08-20T10:16:10Z,2026-08-26T18:00:00Z,151.7,80.0,12.5,87.5,67.5,67.5
5-10 дней,2026-08-20T10:16:10Z,2026-08-26T21:00:00Z,154.7,80.0,12.5,12.5,67.5,67.5
5-10 дней,2026-08-20T10:16:10Z,2026-08-27T00:00:00Z,157.7,76.0,0.0,75.0,76.0,76.0
5-10 дней,2026-08-20T10:16:10Z,2026-08-27T03:00:00Z,160.7,74.0,87.5,87.5,-13.5,13.5
5-10 дней,2026-08-20T10:16:10Z,2026-08-27T06:00:00Z,163.7,72.0,87.5,87.5,-15.5,15.5
5-10 дней,2026-08-20T10:16:10Z,2026-08-27T09:00:00Z,166.7,67.0,87.5,100.0,-20.5,20.5
5-10 дней,2026-08-20T10:16:10Z,2026-08-27T12:00:00Z,169.7,64.0,75.0,100.0,-11.0,11.0
5-10 дней,2026-08-20T10:16:10Z,2026-08-27T15:00:00Z,172.7,71.0,37.5,25.0,33.5,33.5
5-10 дней,2026-08-20T10:16:10Z,2026-08-27T18:00:00Z,175.7,78.0,87.5,12.5,-9.5,9.5
5-10 дней,2026-08-20T10:16:10Z,2026-08-27T21:00:00Z,178.7,78.0,25.0,12.5,53.0,53.0
5-10 дней,2026-08-20T10:16:10Z,2026-08-28T00:00:00Z,181.7,71.0,100.0,0.0,-29.0,29.0
5-10 дней,2026-08-20T10:16:10Z,2026-08-28T03:00:00Z,184.7,52.0,12.5,87.5,39.5,39.5
5-10 дней,2026-08-20T10:16:10Z,2026-08-28T06:00:00Z,187.7,34.0,87.5,87.5,-53.5,53.5
5-10 дней,2026-08-20T10:16:10Z,2026-08-28T09:00:00Z,190.7,28.0,75.0,87.5,-47.0,47.0
5-10 дней,2026-08-20T10:16:10Z,2026-08-28T12:00:00Z,193.7,34.0,75.0,75.0,-41.0,41.0
5-10 дней,2026-08-20T10:16:10Z,2026-08-28T15:00:00Z,196.7,64.0,25.0,37.5,39.0,39.0
5-10 дней,2026-08-20T10:16:10Z,2026-08-28T18:00:00Z,199.7,92.0,0.0,87.5,92.0,92.0
5-10 дней,2026-08-20T10:16:10Z,2026-08-28T21:00:00Z,202.7,90.0,50.0,25.0,40.0,40.0
5-10 дней,2026-08-20T10:16:10Z,2026-08-29T00:00:00Z,205.7,82.0,0.0,100.0,82.0,82.0
5-10 дней,2026-08-20T10:16:10Z,2026-08-29T03:00:00Z,208.7,94.0,0.0,12.5,94.0,94.0
5-10 дней,2026-08-20T10:16:10Z,2026-08-29T06:00:00Z,211.7,100.0,12.5,87.5,87.5,87.5
5-10 дней,2026-08-20T10:16:10Z,2026-08-29T09:00:00Z,214.7,75.0,12.5,75.0,62.5,62.5
5-10 дней,2026-08-20T10:16:10Z,2026-08-29T12:00:00Z,217.7,45.0,0.0,75.0,45.0,45.0
5-10 дней,2026-08-20T10:16:10Z,2026-08-29T15:00:00Z,220.7,28.0,12.5,25.0,15.5,15.5
5-10 дней,2026-08-20T10:16:10Z,2026-08-29T18:00:00Z,223.7,20.0,12.5,0.0,7.5,7.5
5-10 дней,2026-08-20T10:16:10Z,2026-08-29T21:00:00Z,226.7,22.0,0.0,50.0,22.0,22.0
5-10 дней,2026-08-20T16:31:45Z,2026-08-25T18:00:00Z,121.5,47.0,87.5,100.0,-40.5,40.5
5-10 дней,2026-08-20T16:31:45Z,2026-08-25T21:00:00Z,124.5,27.0,12.5,100.0,14.5,14.5
5-10 дней,2026-08-20T16:31:45Z,2026-08-26T00:00:00Z,127.5,21.0,75.0,100.0,-54.0,54.0
5-10 дней,2026-08-20T16:31:45Z,2026-08-26T03:00:00Z,130.5,62.0,87.5,100.0,-25.5,25.5
5-10 дней,2026-08-20T16:31:45Z,2026-08-26T06:00:00Z,133.5,100.0,87.5,100.0,12.5,12.5
5-10 дней,2026-08-20T16:31:45Z,2026-08-26T09:00:00Z,136.5,80.0,100.0,100.0,-20.0,20.0
5-10 дней,2026-08-20T16:31:45Z,2026-08-26T12:00:00Z,139.5,54.0,100.0,87.5,-46.0,46.0
5-10 дней,2026-08-20T16:31:45Z,2026-08-26T15:00:00Z,142.5,64.0,25.0,87.5,39.0,39.0
5-10 дней,2026-08-20T16:31:45Z,2026-08-26T18:00:00Z,145.5,80.0,12.5,87.5,67.5,67.5
5-10 дней,2026-08-20T16:31:45Z,2026-08-26T21:00:00Z,148.5,80.0,12.5,12.5,67.5,67.5
5-10 дней,2026-08-20T16:31:45Z,2026-08-27T00:00:00Z,151.5,76.0,0.0,75.0,76.0,76.0
5-10 дней,2026-08-20T16:31:45Z,2026-08-27T03:00:00Z,154.5,74.0,87.5,87.5,-13.5,13.5
5-10 дней,2026-08-20T16:31:45Z,2026-08-27T06:00:00Z,157.5,72.0,87.5,87.5,-15.5,15.5
5-10 дней,2026-08-20T16:31:45Z,2026-08-27T09:00:00Z,160.5,67.0,87.5,100.0,-20.5,20.5
5-10 дней,2026-08-20T16:31:45Z,2026-08-27T12:00:00Z,163.5,64.0,75.0,100.0,-11.0,11.0
5-10 дней,2026-08-20T16:31:45Z,2026-08-27T15:00:00Z,166.5,71.0,37.5,25.0,33.5,33.5
5-10 дней,2026-08-20T16:31:45Z,2026-08-27T18:00:00Z,169.5,78.0,87.5,12.5,-9.5,9.5
5-10 дней,2026-08-20T16:31:45Z,2026-08-27T21:00:00Z,172.5,78.0,25.0,12.5,53.0,53.0
5-10 дней,2026-08-20T16:31:45Z,2026-08-28T00:00:00Z,175.5,71.0,100.0,0.0,-29.0,29.0
5-10 дней,2026-08-20T16:31:45Z,2026-08-28T03:00:00Z,178.5,52.0,12.5,87.5,39.5,39.5
5-10 дней,2026-08-20T16:31:45Z,2026-08-28T06:00:00Z,181.5,34.0,87.5,87.5,-53.5,53.5
5-10 дней,2026-08-20T16:31:45Z,2026-08-28T09:00:00Z,184.5,28.0,75.0,87.5,-47.0,47.0
5-10 дней,2026-08-20T16:31:45Z,2026-08-28T12:00:00Z,187.5,34.0,75.0,75.0,-41.0,41.0
5-10 дней,2026-08-20T16:31:45Z,2026-08-28T15:00:00Z,190.5,64.0,25.0,37.5,39.0,39.0
5-10 дней,2026-08-20T16:31:45Z,2026-08-28T18:00:00Z,193.5,92.0,0.0,87.5,92.0,92.0
5-10 дней,2026-08-20T16:31:45Z,2026-08-28T21:00:00Z,196.5,90.0,50.0,25.0,40.0,40.0
5-10 дней,2026-08-20T16:31:45Z,2026-08-29T00:00:00Z,199.5,82.0,0.0,100.0,82.0,82.0
5-10 дней,2026-08-20T16:31:45Z,2026-08-29T03:00:00Z,202.5,94.0,0.0,12.5,94.0,94.0
5-10 дней,2026-08-20T16:31:45Z,2026-08-29T06:00:00Z,205.5,100.0,12.5,87.5,87.5,87.5
5-10 дней,2026-08-20T16:31:45Z,2026-08-29T09:00:00Z,208.5,75.0,12.5,75.0,62.5,62.5
5-10 дней,2026-08-20T16:31:45Z,2026-08-29T12:00:00Z,211.5,45.0,0.0,75.0,45.0,45.0
5-10 дней,2026-08-20T16:31:45Z,2026-08-29T15:00:00Z,214.5,28.0,12.5,25.0,15.5,15.5
5-10 дней,2026-08-20T16:31:45Z,2026-08-29T18:00:00Z,217.5,20.0,12.5,0.0,7.5,7.5
5-10 дней,2026-08-20T16:31:45Z,2026-08-29T21:00:00Z,220.5,22.0,0.0,50.0,22.0,22.0
5-10 дней,2026-08-20T22:34:58Z,2026-08-26T00:00:00Z,121.4,55.0,75.0,100.0,-20.0,20.0
5-10 дней,2026-08-20T22:34:58Z,2026-08-26T03:00:00Z,124.4,71.0,87.5,100.0,-16.5,16.5
5-10 дней,2026-08-20T22:34:58Z,2026-08-26T06:00:00Z,127.4,85.0,87.5,100.0,-2.5,2.5
5-10 дней,2026-08-20T22:34:58Z,2026-08-26T09:00:00Z,130.4,78.0,100.0,100.0,-22.0,22.0
5-10 дней,2026-08-20T22:34:58Z,2026-08-26T12:00:00Z,133.4,67.0,100.0,87.5,-33.0,33.0
5-10 дней,2026-08-20T22:34:58Z,2026-08-26T15:00:00Z,136.4,70.0,25.0,87.5,45.0,45.0
5-10 дней,2026-08-20T22:34:58Z,2026-08-26T18:00:00Z,139.4,68.0,12.5,87.5,55.5,55.5
5-10 дней,2026-08-20T22:34:58Z,2026-08-26T21:00:00Z,142.4,35.0,12.5,12.5,22.5,22.5
5-10 дней,2026-08-20T22:34:58Z,2026-08-27T00:00:00Z,145.4,5.0,0.0,75.0,5.0,5.0
5-10 дней,2026-08-20T22:34:58Z,2026-08-27T03:00:00Z,148.4,10.0,87.5,87.5,-77.5,77.5
5-10 дней,2026-08-20T22:34:58Z,2026-08-27T06:00:00Z,151.4,23.0,87.5,87.5,-64.5,64.5
5-10 дней,2026-08-20T22:34:58Z,2026-08-27T09:00:00Z,154.4,27.0,87.5,100.0,-60.5,60.5
5-10 дней,2026-08-20T22:34:58Z,2026-08-27T12:00:00Z,157.4,32.0,75.0,100.0,-43.0,43.0
5-10 дней,2026-08-20T22:34:58Z,2026-08-27T15:00:00Z,160.4,44.0,37.5,25.0,6.5,6.5
5-10 дней,2026-08-20T22:34:58Z,2026-08-27T18:00:00Z,163.4,59.0,87.5,12.5,-28.5,28.5
5-10 дней,2026-08-20T22:34:58Z,2026-08-27T21:00:00Z,166.4,75.0,25.0,12.5,50.0,50.0
5-10 дней,2026-08-20T22:34:58Z,2026-08-28T00:00:00Z,169.4,87.0,100.0,0.0,-13.0,13.0
5-10 дней,2026-08-20T22:34:58Z,2026-08-28T03:00:00Z,172.4,88.0,12.5,87.5,75.5,75.5
5-10 дней,2026-08-20T22:34:58Z,2026-08-28T06:00:00Z,175.4,86.0,87.5,87.5,-1.5,1.5
5-10 дней,2026-08-20T22:34:58Z,2026-08-28T09:00:00Z,178.4,89.0,75.0,87.5,14.0,14.0
5-10 дней,2026-08-20T22:34:58Z,2026-08-28T12:00:00Z,181.4,87.0,75.0,75.0,12.0,12.0
5-10 дней,2026-08-20T22:34:58Z,2026-08-28T15:00:00Z,184.4,70.0,25.0,37.5,45.0,45.0
5-10 дней,2026-08-20T22:34:58Z,2026-08-28T18:00:00Z,187.4,47.0,0.0,87.5,47.0,47.0
5-10 дней,2026-08-20T22:34:58Z,2026-08-28T21:00:00Z,190.4,19.0,50.0,25.0,-31.0,31.0
5-10 дней,2026-08-20T22:34:58Z,2026-08-29T00:00:00Z,193.4,0.0,0.0,100.0,0.0,0.0
5-10 дней,2026-08-20T22:34:58Z,2026-08-29T03:00:00Z,196.4,17.0,0.0,12.5,17.0,17.0
5-10 дней,2026-08-20T22:34:58Z,2026-08-29T06:00:00Z,199.4,35.0,12.5,87.5,22.5,22.5
5-10 дней,2026-08-20T22:34:58Z,2026-08-29T09:00:00Z,202.4,18.0,12.5,75.0,5.5,5.5
5-10 дней,2026-08-20T22:34:58Z,2026-08-29T12:00:00Z,205.4,2.0,0.0,75.0,2.0,2.0
5-10 дней,2026-08-20T22:34:58Z,2026-08-29T15:00:00Z,208.4,18.0,12.5,25.0,5.5,5.5
5-10 дней,2026-08-20T22:34:58Z,2026-08-29T18:00:00Z,211.4,38.0,12.5,0.0,25.5,25.5
5-10 дней,2026-08-20T22:34:58Z,2026-08-29T21:00:00Z,214.4,36.0,0.0,50.0,36.0,36.0
5-10 дней,2026-08-21T04:32:20Z,2026-08-26T06:00:00Z,121.5,77.0,87.5,100.0,-10.5,10.5
5-10 дней,2026-08-21T04:32:20Z,2026-08-26T09:00:00Z,124.5,72.0,100.0,100.0,-28.0,28.0
5-10 дней,2026-08-21T04:32:20Z,2026-08-26T12:00:00Z,127.5,67.0,100.0,87.5,-33.0,33.0
5-10 дней,2026-08-21T04:32:20Z,2026-08-26T15:00:00Z,130.5,71.0,25.0,87.5,46.0,46.0
5-10 дней,2026-08-21T04:32:20Z,2026-08-26T18:00:00Z,133.5,68.0,12.5,87.5,55.5,55.5
5-10 дней,2026-08-21T04:32:20Z,2026-08-26T21:00:00Z,136.5,35.0,12.5,12.5,22.5,22.5
5-10 дней,2026-08-21T04:32:20Z,2026-08-27T00:00:00Z,139.5,5.0,0.0,75.0,5.0,5.0
5-10 дней,2026-08-21T04:32:20Z,2026-08-27T03:00:00Z,142.5,10.0,87.5,87.5,-77.5,77.5
5-10 дней,2026-08-21T04:32:20Z,2026-08-27T06:00:00Z,145.5,23.0,87.5,87.5,-64.5,64.5
5-10 дней,2026-08-21T04:32:20Z,2026-08-27T09:00:00Z,148.5,27.0,87.5,100.0,-60.5,60.5
5-10 дней,2026-08-21T04:32:20Z,2026-08-27T12:00:00Z,151.5,32.0,75.0,100.0,-43.0,43.0
5-10 дней,2026-08-21T04:32:20Z,2026-08-27T15:00:00Z,154.5,44.0,37.5,25.0,6.5,6.5
5-10 дней,2026-08-21T04:32:20Z,2026-08-27T18:00:00Z,157.5,59.0,87.5,12.5,-28.5,28.5
5-10 дней,2026-08-21T04:32:20Z,2026-08-27T21:00:00Z,160.5,75.0,25.0,12.5,50.0,50.0
5-10 дней,2026-08-21T04:32:20Z,2026-08-28T00:00:00Z,163.5,87.0,100.0,0.0,-13.0,13.0
5-10 дней,2026-08-21T04:32:20Z,2026-08-28T03:00:00Z,166.5,88.0,12.5,87.5,75.5,75.5
5-10 дней,2026-08-21T04:32:20Z,2026-08-28T06:00:00Z,169.5,86.0,87.5,87.5,-1.5,1.5
5-10 дней,2026-08-21T04:32:20Z,2026-08-28T09:00:00Z,172.5,89.0,75.0,87.5,14.0,14.0
5-10 дней,2026-08-21T04:32:20Z,2026-08-28T12:00:00Z,175.5,87.0,75.0,75.0,12.0,12.0
5-10 дней,2026-08-21T04:32:20Z,2026-08-28T15:00:00Z,178.5,70.0,25.0,37.5,45.0,45.0
5-10 дней,2026-08-21T04:32:20Z,2026-08-28T18:00:00Z,181.5,47.0,0.0,87.5,47.0,47.0
5-10 дней,2026-08-21T04:32:20Z,2026-08-28T21:00:00Z,184.5,19.0,50.0,25.0,-31.0,31.0
5-10 дней,2026-08-21T04:32:20Z,2026-08-29T00:00:00Z,187.5,0.0,0.0,100.0,0.0,0.0
5-10 дней,2026-08-21T04:32:20Z,2026-08-29T03:00:00Z,190.5,17.0,0.0,12.5,17.0,17.0
5-10 дней,2026-08-21T04:32:20Z,2026-08-29T06:00:00Z,193.5,35.0,12.5,87.5,22.5,22.5
5-10 дней,2026-08-21T04:32:20Z,2026-08-29T09:00:00Z,196.5,18.0,12.5,75.0,5.5,5.5
5-10 дней,2026-08-21T04:32:20Z,2026-08-29T12:00:00Z,199.5,2.0,0.0,75.0,2.0,2.0
5-10 дней,2026-08-21T04:32:20Z,2026-08-29T15:00:00Z,202.5,18.0,12.5,25.0,5.5,5.5
5-10 дней,2026-08-21T04:32:20Z,2026-08-29T18:00:00Z,205.5,38.0,12.5,0.0,25.5,25.5
5-10 дней,2026-08-21T04:32:20Z,2026-08-29T21:00:00Z,208.5,36.0,0.0,50.0,36.0,36.0
5-10 дней,2026-08-21T04:32:20Z,2026-08-30T00:00:00Z,211.5,36.0,87.5,0.0,-51.5,51.5
5-10 дней,2026-08-21T04:32:20Z,2026-08-30T03:00:00Z,214.5,62.0,87.5,0.0,-25.5,25.5
5-10 дней,2026-08-21T04:32:20Z,2026-08-30T06:00:00Z,217.5,84.0,87.5,12.5,-3.5,3.5
5-10 дней,2026-08-21T04:32:20Z,2026-08-30T09:00:00Z,220.5,76.0,25.0,12.5,51.0,51.0
5-10 дней,2026-08-21T04:32:20Z,2026-08-30T12:00:00Z,223.5,57.0,25.0,0.0,32.0,32.0
5-10 дней,2026-08-21T10:16:50Z,2026-08-26T12:00:00Z,121.7,24.0,100.0,87.5,-76.0,76.0
5-10 дней,2026-08-21T10:16:50Z,2026-08-26T15:00:00Z,124.7,50.0,25.0,87.5,25.0,25.0
5-10 дней,2026-08-21T10:16:50Z,2026-08-26T18:00:00Z,127.7,80.0,12.5,87.5,67.5,67.5
5-10 дней,2026-08-21T10:16:50Z,2026-08-26T21:00:00Z,130.7,60.0,12.5,12.5,47.5,47.5
5-10 дней,2026-08-21T10:16:50Z,2026-08-27T00:00:00Z,133.7,32.0,0.0,75.0,32.0,32.0
5-10 дней,2026-08-21T10:16:50Z,2026-08-27T03:00:00Z,136.7,26.0,87.5,87.5,-61.5,61.5
5-10 дней,2026-08-21T10:16:50Z,2026-08-27T06:00:00Z,139.7,23.0,87.5,87.5,-64.5,64.5
5-10 дней,2026-08-21T10:16:50Z,2026-08-27T09:00:00Z,142.7,11.0,87.5,100.0,-76.5,76.5
5-10 дней,2026-08-21T10:16:50Z,2026-08-27T12:00:00Z,145.7,6.0,75.0,100.0,-69.0,69.0
5-10 дней,2026-08-21T10:16:50Z,2026-08-27T15:00:00Z,148.7,35.0,37.5,25.0,-2.5,2.5
5-10 дней,2026-08-21T10:16:50Z,2026-08-27T18:00:00Z,151.7,60.0,87.5,12.5,-27.5,27.5
5-10 дней,2026-08-21T10:16:50Z,2026-08-27T21:00:00Z,154.7,35.0,25.0,12.5,10.0,10.0
5-10 дней,2026-08-21T10:16:50Z,2026-08-28T00:00:00Z,157.7,6.0,100.0,0.0,-94.0,94.0
5-10 дней,2026-08-21T10:16:50Z,2026-08-28T03:00:00Z,160.7,12.0,12.5,87.5,-0.5,0.5
5-10 дней,2026-08-21T10:16:50Z,2026-08-28T06:00:00Z,163.7,23.0,87.5,87.5,-64.5,64.5
5-10 дней,2026-08-21T10:16:50Z,2026-08-28T09:00:00Z,166.7,14.0,75.0,87.5,-61.0,61.0
5-10 дней,2026-08-21T10:16:50Z,2026-08-28T12:00:00Z,169.7,2.0,75.0,75.0,-73.0,73.0
5-10 дней,2026-08-21T10:16:50Z,2026-08-28T15:00:00Z,172.7,0.0,25.0,37.5,-25.0,25.0
5-10 дней,2026-08-21T10:16:50Z,2026-08-28T18:00:00Z,175.7,3.0,0.0,87.5,3.0,3.0
5-10 дней,2026-08-21T10:16:50Z,2026-08-28T21:00:00Z,178.7,31.0,50.0,25.0,-19.0,19.0
5-10 дней,2026-08-21T10:16:50Z,2026-08-29T00:00:00Z,181.7,56.0,0.0,100.0,56.0,56.0
5-10 дней,2026-08-21T10:16:50Z,2026-08-29T03:00:00Z,184.7,46.0,0.0,12.5,46.0,46.0
5-10 дней,2026-08-21T10:16:50Z,2026-08-29T06:00:00Z,187.7,26.0,12.5,87.5,13.5,13.5
5-10 дней,2026-08-21T10:16:50Z,2026-08-29T09:00:00Z,190.7,9.0,12.5,75.0,-3.5,3.5
5-10 дней,2026-08-21T10:16:50Z,2026-08-29T12:00:00Z,193.7,0.0,0.0,75.0,0.0,0.0
5-10 дней,2026-08-21T10:16:50Z,2026-08-29T15:00:00Z,196.7,11.0,12.5,25.0,-1.5,1.5
5-10 дней,2026-08-21T10:16:50Z,2026-08-29T18:00:00Z,199.7,33.0,12.5,0.0,20.5,20.5
5-10 дней,2026-08-21T10:16:50Z,2026-08-29T21:00:00Z,202.7,64.0,0.0,50.0,64.0,64.0
5-10 дней,2026-08-21T10:16:50Z,2026-08-30T00:00:00Z,205.7,92.0,87.5,0.0,4.5,4.5
5-10 дней,2026-08-21T10:16:50Z,2026-08-30T03:00:00Z,208.7,100.0,87.5,0.0,12.5,12.5
5-10 дней,2026-08-21T10:16:50Z,2026-08-30T06:00:00Z,211.7,100.0,87.5,12.5,12.5,12.5
5-10 дней,2026-08-21T10:16:50Z,2026-08-30T09:00:00Z,214.7,72.0,25.0,12.5,47.0,47.0
5-10 дней,2026-08-21T10:16:50Z,2026-08-30T12:00:00Z,217.7,38.0,25.0,0.0,13.0,13.0
5-10 дней,2026-08-21T16:30:34Z,2026-08-26T18:00:00Z,121.5,26.0,12.5,87.5,13.5,13.5
5-10 дней,2026-08-21T16:30:34Z,2026-08-26T21:00:00Z,124.5,26.0,12.5,12.5,13.5,13.5
5-10 дней,2026-08-21T16:30:34Z,2026-08-27T00:00:00Z,127.5,32.0,0.0,75.0,32.0,32.0
5-10 дней,2026-08-21T16:30:34Z,2026-08-27T03:00:00Z,130.5,29.0,87.5,87.5,-58.5,58.5
5-10 дней,2026-08-21T16:30:34Z,2026-08-27T06:00:00Z,133.5,23.0,87.5,87.5,-64.5,64.5
5-10 дней,2026-08-21T16:30:34Z,2026-08-27T09:00:00Z,136.5,11.0,87.5,100.0,-76.5,76.5
5-10 дней,2026-08-21T16:30:34Z,2026-08-27T12:00:00Z,139.5,6.0,75.0,100.0,-69.0,69.0
5-10 дней,2026-08-21T16:30:34Z,2026-08-27T15:00:00Z,142.5,35.0,37.5,25.0,-2.5,2.5
5-10 дней,2026-08-21T16:30:34Z,2026-08-27T18:00:00Z,145.5,60.0,87.5,12.5,-27.5,27.5
5-10 дней,2026-08-21T16:30:34Z,2026-08-27T21:00:00Z,148.5,35.0,25.0,12.5,10.0,10.0
5-10 дней,2026-08-21T16:30:34Z,2026-08-28T00:00:00Z,151.5,6.0,100.0,0.0,-94.0,94.0
5-10 дней,2026-08-21T16:30:34Z,2026-08-28T03:00:00Z,154.5,12.0,12.5,87.5,-0.5,0.5
5-10 дней,2026-08-21T16:30:34Z,2026-08-28T06:00:00Z,157.5,23.0,87.5,87.5,-64.5,64.5
5-10 дней,2026-08-21T16:30:34Z,2026-08-28T09:00:00Z,160.5,14.0,75.0,87.5,-61.0,61.0
5-10 дней,2026-08-21T16:30:34Z,2026-08-28T12:00:00Z,163.5,2.0,75.0,75.0,-73.0,73.0
5-10 дней,2026-08-21T16:30:34Z,2026-08-28T15:00:00Z,166.5,0.0,25.0,37.5,-25.0,25.0
5-10 дней,2026-08-21T16:30:34Z,2026-08-28T18:00:00Z,169.5,3.0,0.0,87.5,3.0,3.0
5-10 дней,2026-08-21T16:30:34Z,2026-08-28T21:00:00Z,172.5,31.0,50.0,25.0,-19.0,19.0
5-10 дней,2026-08-21T16:30:34Z,2026-08-29T00:00:00Z,175.5,56.0,0.0,100.0,56.0,56.0
5-10 дней,2026-08-21T16:30:34Z,2026-08-29T03:00:00Z,178.5,46.0,0.0,12.5,46.0,46.0
5-10 дней,2026-08-21T16:30:34Z,2026-08-29T06:00:00Z,181.5,26.0,12.5,87.5,13.5,13.5
5-10 дней,2026-08-21T16:30:34Z,2026-08-29T09:00:00Z,184.5,9.0,12.5,75.0,-3.5,3.5
5-10 дней,2026-08-21T16:30:34Z,2026-08-29T12:00:00Z,187.5,0.0,0.0,75.0,0.0,0.0
5-10 дней,2026-08-21T16:30:34Z,2026-08-29T15:00:00Z,190.5,11.0,12.5,25.0,-1.5,1.5
5-10 дней,2026-08-21T16:30:34Z,2026-08-29T18:00:00Z,193.5,33.0,12.5,0.0,20.5,20.5
5-10 дней,2026-08-21T16:30:34Z,2026-08-29T21:00:00Z,196.5,64.0,0.0,50.0,64.0,64.0
5-10 дней,2026-08-21T16:30:34Z,2026-08-30T00:00:00Z,199.5,92.0,87.5,0.0,4.5,4.5
5-10 дней,2026-08-21T16:30:34Z,2026-08-30T03:00:00Z,202.5,100.0,87.5,0.0,12.5,12.5
5-10 дней,2026-08-21T16:30:34Z,2026-08-30T06:00:00Z,205.5,100.0,87.5,12.5,12.5,12.5
5-10 дней,2026-08-21T16:30:34Z,2026-08-30T09:00:00Z,208.5,72.0,25.0,12.5,47.0,47.0
5-10 дней,2026-08-21T16:30:34Z,2026-08-30T12:00:00Z,211.5,38.0,25.0,0.0,13.0,13.0
5-10 дней,2026-08-21T22:32:12Z,2026-08-27T00:00:00Z,121.5,68.0,0.0,75.0,68.0,68.0
5-10 дней,2026-08-21T22:32:12Z,2026-08-27T03:00:00Z,124.5,38.0,87.5,87.5,-49.5,49.5
5-10 дней,2026-08-21T22:32:12Z,2026-08-27T06:00:00Z,127.5,0.0,87.5,87.5,-87.5,87.5
5-10 дней,2026-08-21T22:32:12Z,2026-08-27T09:00:00Z,130.5,0.0,87.5,100.0,-87.5,87.5
5-10 дней,2026-08-21T22:32:12Z,2026-08-27T12:00:00Z,133.5,0.0,75.0,100.0,-75.0,75.0
5-10 дней,2026-08-21T22:32:12Z,2026-08-27T15:00:00Z,136.5,0.0,37.5,25.0,-37.5,37.5
5-10 дней,2026-08-21T22:32:12Z,2026-08-27T18:00:00Z,139.5,8.0,87.5,12.5,-79.5,79.5
5-10 дней,2026-08-21T22:32:12Z,2026-08-27T21:00:00Z,142.5,56.0,25.0,12.5,31.0,31.0
5-10 дней,2026-08-21T22:32:12Z,2026-08-28T00:00:00Z,145.5,100.0,100.0,0.0,0.0,0.0
5-10 дней,2026-08-21T22:32:12Z,2026-08-28T03:00:00Z,148.5,91.0,12.5,87.5,78.5,78.5
5-10 дней,2026-08-21T22:32:12Z,2026-08-28T06:00:00Z,151.5,73.0,87.5,87.5,-14.5,14.5
5-10 дней,2026-08-21T22:32:12Z,2026-08-28T09:00:00Z,154.5,79.0,75.0,87.5,4.0,4.0
5-10 дней,2026-08-21T22:32:12Z,2026-08-28T12:00:00Z,157.5,88.0,75.0,75.0,13.0,13.0
5-10 дней,2026-08-21T22:32:12Z,2026-08-28T15:00:00Z,160.5,88.0,25.0,37.5,63.0,63.0
5-10 дней,2026-08-21T22:32:12Z,2026-08-28T18:00:00Z,163.5,86.0,0.0,87.5,86.0,86.0
5-10 дней,2026-08-21T22:32:12Z,2026-08-28T21:00:00Z,166.5,83.0,50.0,25.0,33.0,33.0
5-10 дней,2026-08-21T22:32:12Z,2026-08-29T00:00:00Z,169.5,83.0,0.0,100.0,83.0,83.0
5-10 дней,2026-08-21T22:32:12Z,2026-08-29T03:00:00Z,172.5,91.0,0.0,12.5,91.0,91.0
5-10 дней,2026-08-21T22:32:12Z,2026-08-29T06:00:00Z,175.5,100.0,12.5,87.5,87.5,87.5
5-10 дней,2026-08-21T22:32:12Z,2026-08-29T09:00:00Z,178.5,100.0,12.5,75.0,87.5,87.5
5-10 дней,2026-08-21T22:32:12Z,2026-08-29T12:00:00Z,181.5,100.0,0.0,75.0,100.0,100.0
5-10 дней,2026-08-21T22:32:12Z,2026-08-29T15:00:00Z,184.5,70.0,12.5,25.0,57.5,57.5
5-10 дней,2026-08-21T22:32:12Z,2026-08-29T18:00:00Z,187.5,45.0,12.5,0.0,32.5,32.5
5-10 дней,2026-08-21T22:32:12Z,2026-08-29T21:00:00Z,190.5,65.0,0.0,50.0,65.0,65.0
5-10 дней,2026-08-21T22:32:12Z,2026-08-30T00:00:00Z,193.5,85.0,87.5,0.0,-2.5,2.5
5-10 дней,2026-08-21T22:32:12Z,2026-08-30T03:00:00Z,196.5,61.0,87.5,0.0,-26.5,26.5
5-10 дней,2026-08-21T22:32:12Z,2026-08-30T06:00:00Z,199.5,31.0,87.5,12.5,-56.5,56.5
5-10 дней,2026-08-21T22:32:12Z,2026-08-30T09:00:00Z,202.5,29.0,25.0,12.5,4.0,4.0
5-10 дней,2026-08-21T22:32:12Z,2026-08-30T12:00:00Z,205.5,31.0,25.0,0.0,6.0,6.0
5-10 дней,2026-08-22T04:26:43Z,2026-08-27T06:00:00Z,121.6,2.0,87.5,87.5,-85.5,85.5
5-10 дней,2026-08-22T04:26:43Z,2026-08-27T09:00:00Z,124.6,1.0,87.5,100.0,-86.5,86.5
5-10 дней,2026-08-22T04:26:43Z,2026-08-27T12:00:00Z,127.6,0.0,75.0,100.0,-75.0,75.0
5-10 дней,2026-08-22T04:26:43Z,2026-08-27T15:00:00Z,130.6,0.0,37.5,25.0,-37.5,37.5
5-10 дней,2026-08-22T04:26:43Z,2026-08-27T18:00:00Z,133.6,8.0,87.5,12.5,-79.5,79.5
5-10 дней,2026-08-22T04:26:43Z,2026-08-27T21:00:00Z,136.6,56.0,25.0,12.5,31.0,31.0
5-10 дней,2026-08-22T04:26:43Z,2026-08-28T00:00:00Z,139.6,100.0,100.0,0.0,0.0,0.0
5-10 дней,2026-08-22T04:26:43Z,2026-08-28T03:00:00Z,142.6,91.0,12.5,87.5,78.5,78.5
5-10 дней,2026-08-22T04:26:43Z,2026-08-28T06:00:00Z,145.6,73.0,87.5,87.5,-14.5,14.5
5-10 дней,2026-08-22T04:26:43Z,2026-08-28T09:00:00Z,148.6,79.0,75.0,87.5,4.0,4.0
5-10 дней,2026-08-22T04:26:43Z,2026-08-28T12:00:00Z,151.6,88.0,75.0,75.0,13.0,13.0
5-10 дней,2026-08-22T04:26:43Z,2026-08-28T15:00:00Z,154.6,88.0,25.0,37.5,63.0,63.0
5-10 дней,2026-08-22T04:26:43Z,2026-08-28T18:00:00Z,157.6,86.0,0.0,87.5,86.0,86.0
5-10 дней,2026-08-22T04:26:43Z,2026-08-28T21:00:00Z,160.6,83.0,50.0,25.0,33.0,33.0
5-10 дней,2026-08-22T04:26:43Z,2026-08-29T00:00:00Z,163.6,83.0,0.0,100.0,83.0,83.0
5-10 дней,2026-08-22T04:26:43Z,2026-08-29T03:00:00Z,166.6,91.0,0.0,12.5,91.0,91.0
5-10 дней,2026-08-22T04:26:43Z,2026-08-29T06:00:00Z,169.6,100.0,12.5,87.5,87.5,87.5
5-10 дней,2026-08-22T04:26:43Z,2026-08-29T09:00:00Z,172.6,100.0,12.5,75.0,87.5,87.5
5-10 дней,2026-08-22T04:26:43Z,2026-08-29T12:00:00Z,175.6,100.0,0.0,75.0,100.0,100.0
5-10 дней,2026-08-22T04:26:43Z,2026-08-29T15:00:00Z,178.6,70.0,12.5,25.0,57.5,57.5
5-10 дней,2026-08-22T04:26:43Z,2026-08-29T18:00:00Z,181.6,45.0,12.5,0.0,32.5,32.5
5-10 дней,2026-08-22T04:26:43Z,2026-08-29T21:00:00Z,184.6,65.0,0.0,50.0,65.0,65.0
5-10 дней,2026-08-22T04:26:43Z,2026-08-30T00:00:00Z,187.6,85.0,87.5,0.0,-2.5,2.5
5-10 дней,2026-08-22T04:26:43Z,2026-08-30T03:00:00Z,190.6,61.0,87.5,0.0,-26.5,26.5
5-10 дней,2026-08-22T04:26:43Z,2026-08-30T06:00:00Z,193.6,31.0,87.5,12.5,-56.5,56.5
5-10 дней,2026-08-22T04:26:43Z,2026-08-30T09:00:00Z,196.6,29.0,25.0,12.5,4.0,4.0
5-10 дней,2026-08-22T04:26:43Z,2026-08-30T12:00:00Z,199.6,31.0,25.0,0.0,6.0,6.0
5-10 дней,2026-08-22T10:09:41Z,2026-08-27T12:00:00Z,121.8,41.0,75.0,100.0,-34.0,34.0
5-10 дней,2026-08-22T10:09:41Z,2026-08-27T15:00:00Z,124.8,54.0,37.5,25.0,16.5,16.5
5-10 дней,2026-08-22T10:09:41Z,2026-08-27T18:00:00Z,127.8,59.0,87.5,12.5,-28.5,28.5
5-10 дней,2026-08-22T10:09:41Z,2026-08-27T21:00:00Z,130.8,44.0,25.0,12.5,19.0,19.0
5-10 дней,2026-08-22T10:09:41Z,2026-08-28T00:00:00Z,133.8,25.0,100.0,0.0,-75.0,75.0
5-10 дней,2026-08-22T10:09:41Z,2026-08-28T03:00:00Z,136.8,12.0,12.5,87.5,-0.5,0.5
5-10 дней,2026-08-22T10:09:41Z,2026-08-28T06:00:00Z,139.8,7.0,87.5,87.5,-80.5,80.5
5-10 дней,2026-08-22T10:09:41Z,2026-08-28T09:00:00Z,142.8,22.0,75.0,87.5,-53.0,53.0
5-10 дней,2026-08-22T10:09:41Z,2026-08-28T12:00:00Z,145.8,36.0,75.0,75.0,-39.0,39.0
5-10 дней,2026-08-22T10:09:41Z,2026-08-28T15:00:00Z,148.8,21.0,25.0,37.5,-4.0,4.0
5-10 дней,2026-08-22T10:09:41Z,2026-08-28T18:00:00Z,151.8,13.0,0.0,87.5,13.0,13.0
5-10 дней,2026-08-22T10:09:41Z,2026-08-28T21:00:00Z,154.8,57.0,50.0,25.0,7.0,7.0
5-10 дней,2026-08-22T10:09:41Z,2026-08-29T00:00:00Z,157.8,100.0,0.0,100.0,100.0,100.0
5-10 дней,2026-08-22T10:09:41Z,2026-08-29T03:00:00Z,160.8,91.0,0.0,12.5,91.0,91.0
5-10 дней,2026-08-22T10:09:41Z,2026-08-29T06:00:00Z,163.8,71.0,12.5,87.5,58.5,58.5
5-10 дней,2026-08-22T10:09:41Z,2026-08-29T09:00:00Z,166.8,76.0,12.5,75.0,63.5,63.5
5-10 дней,2026-08-22T10:09:41Z,2026-08-29T12:00:00Z,169.8,77.0,0.0,75.0,77.0,77.0
5-10 дней,2026-08-22T10:09:41Z,2026-08-29T15:00:00Z,172.8,49.0,12.5,25.0,36.5,36.5
5-10 дней,2026-08-22T10:09:41Z,2026-08-29T18:00:00Z,175.8,24.0,12.5,0.0,11.5,11.5
5-10 дней,2026-08-22T10:09:41Z,2026-08-29T21:00:00Z,178.8,38.0,0.0,50.0,38.0,38.0
5-10 дней,2026-08-22T10:09:41Z,2026-08-30T00:00:00Z,181.8,58.0,87.5,0.0,-29.5,29.5
5-10 дней,2026-08-22T10:09:41Z,2026-08-30T03:00:00Z,184.8,59.0,87.5,0.0,-28.5,28.5
5-10 дней,2026-08-22T10:09:41Z,2026-08-30T06:00:00Z,187.8,55.0,87.5,12.5,-32.5,32.5
5-10 дней,2026-08-22T10:09:41Z,2026-08-30T09:00:00Z,190.8,55.0,25.0,12.5,30.0,30.0
5-10 дней,2026-08-22T10:09:41Z,2026-08-30T12:00:00Z,193.8,57.0,25.0,0.0,32.0,32.0
5-10 дней,2026-08-22T16:20:08Z,2026-08-27T18:00:00Z,121.7,28.0,87.5,12.5,-59.5,59.5
5-10 дней,2026-08-22T16:20:08Z,2026-08-27T21:00:00Z,124.7,26.0,25.0,12.5,1.0,1.0
5-10 дней,2026-08-22T16:20:08Z,2026-08-28T00:00:00Z,127.7,25.0,100.0,0.0,-75.0,75.0
5-10 дней,2026-08-22T16:20:08Z,2026-08-28T03:00:00Z,130.7,14.0,12.5,87.5,1.5,1.5
5-10 дней,2026-08-22T16:20:08Z,2026-08-28T06:00:00Z,133.7,7.0,87.5,87.5,-80.5,80.5
5-10 дней,2026-08-22T16:20:08Z,2026-08-28T09:00:00Z,136.7,22.0,75.0,87.5,-53.0,53.0
5-10 дней,2026-08-22T16:20:08Z,2026-08-28T12:00:00Z,139.7,36.0,75.0,75.0,-39.0,39.0
5-10 дней,2026-08-22T16:20:08Z,2026-08-28T15:00:00Z,142.7,21.0,25.0,37.5,-4.0,4.0
5-10 дней,2026-08-22T16:20:08Z,2026-08-28T18:00:00Z,145.7,13.0,0.0,87.5,13.0,13.0
5-10 дней,2026-08-22T16:20:08Z,2026-08-28T21:00:00Z,148.7,57.0,50.0,25.0,7.0,7.0
5-10 дней,2026-08-22T16:20:08Z,2026-08-29T00:00:00Z,151.7,100.0,0.0,100.0,100.0,100.0
5-10 дней,2026-08-22T16:20:08Z,2026-08-29T03:00:00Z,154.7,91.0,0.0,12.5,91.0,91.0
5-10 дней,2026-08-22T16:20:08Z,2026-08-29T06:00:00Z,157.7,71.0,12.5,87.5,58.5,58.5
5-10 дней,2026-08-22T16:20:08Z,2026-08-29T09:00:00Z,160.7,76.0,12.5,75.0,63.5,63.5
5-10 дней,2026-08-22T16:20:08Z,2026-08-29T12:00:00Z,163.7,77.0,0.0,75.0,77.0,77.0
5-10 дней,2026-08-22T16:20:08Z,2026-08-29T15:00:00Z,166.7,49.0,12.5,25.0,36.5,36.5
5-10 дней,2026-08-22T16:20:08Z,2026-08-29T18:00:00Z,169.7,24.0,12.5,0.0,11.5,11.5
5-10 дней,2026-08-22T16:20:08Z,2026-08-29T21:00:00Z,172.7,38.0,0.0,50.0,38.0,38.0
5-10 дней,2026-08-22T16:20:08Z,2026-08-30T00:00:00Z,175.7,58.0,87.5,0.0,-29.5,29.5
5-10 дней,2026-08-22T16:20:08Z,2026-08-30T03:00:00Z,178.7,59.0,87.5,0.0,-28.5,28.5
5-10 дней,2026-08-22T16:20:08Z,2026-08-30T06:00:00Z,181.7,55.0,87.5,12.5,-32.5,32.5
5-10 дней,2026-08-22T16:20:08Z,2026-08-30T09:00:00Z,184.7,55.0,25.0,12.5,30.0,30.0
5-10 дней,2026-08-22T16:20:08Z,2026-08-30T12:00:00Z,187.7,57.0,25.0,0.0,32.0,32.0
5-10 дней,2026-08-22T22:29:28Z,2026-08-28T00:00:00Z,121.5,7.0,100.0,0.0,-93.0,93.0
5-10 дней,2026-08-22T22:29:28Z,2026-08-28T03:00:00Z,124.5,14.0,12.5,87.5,1.5,1.5
5-10 дней,2026-08-22T22:29:28Z,2026-08-28T06:00:00Z,127.5,28.0,87.5,87.5,-59.5,59.5
5-10 дней,2026-08-22T22:29:28Z,2026-08-28T09:00:00Z,130.5,44.0,75.0,87.5,-31.0,31.0
5-10 дней,2026-08-22T22:29:28Z,2026-08-28T12:00:00Z,133.5,55.0,75.0,75.0,-20.0,20.0
5-10 дней,2026-08-22T22:29:28Z,2026-08-28T15:00:00Z,136.5,40.0,25.0,37.5,15.0,15.0
5-10 дней,2026-08-22T22:29:28Z,2026-08-28T18:00:00Z,139.5,29.0,0.0,87.5,29.0,29.0
5-10 дней,2026-08-22T22:29:28Z,2026-08-28T21:00:00Z,142.5,56.0,50.0,25.0,6.0,6.0
5-10 дней,2026-08-22T22:29:28Z,2026-08-29T00:00:00Z,145.5,85.0,0.0,100.0,85.0,85.0
5-10 дней,2026-08-22T22:29:28Z,2026-08-29T03:00:00Z,148.5,84.0,0.0,12.5,84.0,84.0
5-10 дней,2026-08-22T22:29:28Z,2026-08-29T06:00:00Z,151.5,76.0,12.5,87.5,63.5,63.5
5-10 дней,2026-08-22T22:29:28Z,2026-08-29T09:00:00Z,154.5,76.0,12.5,75.0,63.5,63.5
5-10 дней,2026-08-22T22:29:28Z,2026-08-29T12:00:00Z,157.5,78.0,0.0,75.0,78.0,78.0
5-10 дней,2026-08-22T22:29:28Z,2026-08-29T15:00:00Z,160.5,81.0,12.5,25.0,68.5,68.5
5-10 дней,2026-08-22T22:29:28Z,2026-08-29T18:00:00Z,163.5,85.0,12.5,0.0,72.5,72.5
5-10 дней,2026-08-22T22:29:28Z,2026-08-29T21:00:00Z,166.5,91.0,0.0,50.0,91.0,91.0
5-10 дней,2026-08-22T22:29:28Z,2026-08-30T00:00:00Z,169.5,96.0,87.5,0.0,8.5,8.5
5-10 дней,2026-08-22T22:29:28Z,2026-08-30T03:00:00Z,172.5,99.0,87.5,0.0,11.5,11.5
5-10 дней,2026-08-22T22:29:28Z,2026-08-30T06:00:00Z,175.5,94.0,87.5,12.5,6.5,6.5
5-10 дней,2026-08-22T22:29:28Z,2026-08-30T09:00:00Z,178.5,68.0,25.0,12.5,43.0,43.0
5-10 дней,2026-08-22T22:29:28Z,2026-08-30T12:00:00Z,181.5,42.0,25.0,0.0,17.0,17.0
5-10 дней,2026-08-23T04:31:06Z,2026-08-28T06:00:00Z,121.5,14.0,87.5,87.5,-73.5,73.5
5-10 дней,2026-08-23T04:31:06Z,2026-08-28T09:00:00Z,124.5,34.0,75.0,87.5,-41.0,41.0
5-10 дней,2026-08-23T04:31:06Z,2026-08-28T12:00:00Z,127.5,55.0,75.0,75.0,-20.0,20.0
5-10 дней,2026-08-23T04:31:06Z,2026-08-28T15:00:00Z,130.5,41.0,25.0,37.5,16.0,16.0
5-10 дней,2026-08-23T04:31:06Z,2026-08-28T18:00:00Z,133.5,29.0,0.0,87.5,29.0,29.0
5-10 дней,2026-08-23T04:31:06Z,2026-08-28T21:00:00Z,136.5,56.0,50.0,25.0,6.0,6.0
5-10 дней,2026-08-23T04:31:06Z,2026-08-29T00:00:00Z,139.5,85.0,0.0,100.0,85.0,85.0
5-10 дней,2026-08-23T04:31:06Z,2026-08-29T03:00:00Z,142.5,84.0,0.0,12.5,84.0,84.0
5-10 дней,2026-08-23T04:31:06Z,2026-08-29T06:00:00Z,145.5,76.0,12.5,87.5,63.5,63.5
5-10 дней,2026-08-23T04:31:06Z,2026-08-29T09:00:00Z,148.5,76.0,12.5,75.0,63.5,63.5
5-10 дней,2026-08-23T04:31:06Z,2026-08-29T12:00:00Z,151.5,78.0,0.0,75.0,78.0,78.0
5-10 дней,2026-08-23T04:31:06Z,2026-08-29T15:00:00Z,154.5,81.0,12.5,25.0,68.5,68.5
5-10 дней,2026-08-23T04:31:06Z,2026-08-29T18:00:00Z,157.5,85.0,12.5,0.0,72.5,72.5
5-10 дней,2026-08-23T04:31:06Z,2026-08-29T21:00:00Z,160.5,91.0,0.0,50.0,91.0,91.0
5-10 дней,2026-08-23T04:31:06Z,2026-08-30T00:00:00Z,163.5,96.0,87.5,0.0,8.5,8.5
5-10 дней,2026-08-23T04:31:06Z,2026-08-30T03:00:00Z,166.5,99.0,87.5,0.0,11.5,11.5
5-10 дней,2026-08-23T04:31:06Z,2026-08-30T06:00:00Z,169.5,94.0,87.5,12.5,6.5,6.5
5-10 дней,2026-08-23T04:31:06Z,2026-08-30T09:00:00Z,172.5,68.0,25.0,12.5,43.0,43.0
5-10 дней,2026-08-23T04:31:06Z,2026-08-30T12:00:00Z,175.5,42.0,25.0,0.0,17.0,17.0
5-10 дней,2026-08-23T10:10:14Z,2026-08-28T12:00:00Z,121.8,47.0,75.0,75.0,-28.0,28.0
5-10 дней,2026-08-23T10:10:14Z,2026-08-28T15:00:00Z,124.8,35.0,25.0,37.5,10.0,10.0
5-10 дней,2026-08-23T10:10:14Z,2026-08-28T18:00:00Z,127.8,27.0,0.0,87.5,27.0,27.0
5-10 дней,2026-08-23T10:10:14Z,2026-08-28T21:00:00Z,130.8,68.0,50.0,25.0,18.0,18.0
5-10 дней,2026-08-23T10:10:14Z,2026-08-29T00:00:00Z,133.8,100.0,0.0,100.0,100.0,100.0
5-10 дней,2026-08-23T10:10:14Z,2026-08-29T03:00:00Z,136.8,56.0,0.0,12.5,56.0,56.0
5-10 дней,2026-08-23T10:10:14Z,2026-08-29T06:00:00Z,139.8,5.0,12.5,87.5,-7.5,7.5
5-10 дней,2026-08-23T10:10:14Z,2026-08-29T09:00:00Z,142.8,7.0,12.5,75.0,-5.5,5.5
5-10 дней,2026-08-23T10:10:14Z,2026-08-29T12:00:00Z,145.8,22.0,0.0,75.0,22.0,22.0
5-10 дней,2026-08-23T10:10:14Z,2026-08-29T15:00:00Z,148.8,26.0,12.5,25.0,13.5,13.5
5-10 дней,2026-08-23T10:10:14Z,2026-08-29T18:00:00Z,151.8,27.0,12.5,0.0,14.5,14.5
5-10 дней,2026-08-23T10:10:14Z,2026-08-29T21:00:00Z,154.8,22.0,0.0,50.0,22.0,22.0
5-10 дней,2026-08-23T10:10:14Z,2026-08-30T00:00:00Z,157.8,20.0,87.5,0.0,-67.5,67.5
5-10 дней,2026-08-23T10:10:14Z,2026-08-30T03:00:00Z,160.8,36.0,87.5,0.0,-51.5,51.5
5-10 дней,2026-08-23T10:10:14Z,2026-08-30T06:00:00Z,163.8,52.0,87.5,12.5,-35.5,35.5
5-10 дней,2026-08-23T10:10:14Z,2026-08-30T09:00:00Z,166.8,52.0,25.0,12.5,27.0,27.0
5-10 дней,2026-08-23T10:10:14Z,2026-08-30T12:00:00Z,169.8,53.0,25.0,0.0,28.0,28.0
5-10 дней,2026-08-23T16:21:17Z,2026-08-28T18:00:00Z,121.6,7.0,0.0,87.5,7.0,7.0
5-10 дней,2026-08-23T16:21:17Z,2026-08-28T21:00:00Z,124.6,59.0,50.0,25.0,9.0,9.0
5-10 дней,2026-08-23T16:21:17Z,2026-08-29T00:00:00Z,127.6,100.0,0.0,100.0,100.0,100.0
5-10 дней,2026-08-23T16:21:17Z,2026-08-29T03:00:00Z,130.6,57.0,0.0,12.5,57.0,57.0
5-10 дней,2026-08-23T16:21:17Z,2026-08-29T06:00:00Z,133.6,5.0,12.5,87.5,-7.5,7.5
5-10 дней,2026-08-23T16:21:17Z,2026-08-29T09:00:00Z,136.6,7.0,12.5,75.0,-5.5,5.5
5-10 дней,2026-08-23T16:21:17Z,2026-08-29T12:00:00Z,139.6,22.0,0.0,75.0,22.0,22.0
5-10 дней,2026-08-23T16:21:17Z,2026-08-29T15:00:00Z,142.6,26.0,12.5,25.0,13.5,13.5
5-10 дней,2026-08-23T16:21:17Z,2026-08-29T18:00:00Z,145.6,27.0,12.5,0.0,14.5,14.5
5-10 дней,2026-08-23T16:21:17Z,2026-08-29T21:00:00Z,148.6,22.0,0.0,50.0,22.0,22.0
5-10 дней,2026-08-23T16:21:17Z,2026-08-30T00:00:00Z,151.6,20.0,87.5,0.0,-67.5,67.5
5-10 дней,2026-08-23T16:21:17Z,2026-08-30T03:00:00Z,154.6,36.0,87.5,0.0,-51.5,51.5
5-10 дней,2026-08-23T16:21:17Z,2026-08-30T06:00:00Z,157.6,52.0,87.5,12.5,-35.5,35.5
5-10 дней,2026-08-23T16:21:17Z,2026-08-30T09:00:00Z,160.6,52.0,25.0,12.5,27.0,27.0
5-10 дней,2026-08-23T16:21:17Z,2026-08-30T12:00:00Z,163.6,53.0,25.0,0.0,28.0,28.0
5-10 дней,2026-08-23T22:29:36Z,2026-08-29T00:00:00Z,121.5,71.0,0.0,100.0,71.0,71.0
5-10 дней,2026-08-23T22:29:36Z,2026-08-29T03:00:00Z,124.5,67.0,0.0,12.5,67.0,67.0
5-10 дней,2026-08-23T22:29:36Z,2026-08-29T06:00:00Z,127.5,50.0,12.5,87.5,37.5,37.5
5-10 дней,2026-08-23T22:29:36Z,2026-08-29T09:00:00Z,130.5,25.0,12.5,75.0,12.5,12.5
5-10 дней,2026-08-23T22:29:36Z,2026-08-29T12:00:00Z,133.5,9.0,0.0,75.0,9.0,9.0
5-10 дней,2026-08-23T22:29:36Z,2026-08-29T15:00:00Z,136.5,35.0,12.5,25.0,22.5,22.5
5-10 дней,2026-08-23T22:29:36Z,2026-08-29T18:00:00Z,139.5,67.0,12.5,0.0,54.5,54.5
5-10 дней,2026-08-23T22:29:36Z,2026-08-29T21:00:00Z,142.5,77.0,0.0,50.0,77.0,77.0
5-10 дней,2026-08-23T22:29:36Z,2026-08-30T00:00:00Z,145.5,80.0,87.5,0.0,-7.5,7.5
5-10 дней,2026-08-23T22:29:36Z,2026-08-30T03:00:00Z,148.5,85.0,87.5,0.0,-2.5,2.5
5-10 дней,2026-08-23T22:29:36Z,2026-08-30T06:00:00Z,151.5,89.0,87.5,12.5,1.5,1.5
5-10 дней,2026-08-23T22:29:36Z,2026-08-30T09:00:00Z,154.5,90.0,25.0,12.5,65.0,65.0
5-10 дней,2026-08-23T22:29:36Z,2026-08-30T12:00:00Z,157.5,87.0,25.0,0.0,62.0,62.0
5-10 дней,2026-08-24T04:38:48Z,2026-08-29T06:00:00Z,121.4,30.0,12.5,87.5,17.5,17.5
5-10 дней,2026-08-24T04:38:48Z,2026-08-29T09:00:00Z,124.4,13.0,12.5,75.0,0.5,0.5
5-10 дней,2026-08-24T04:38:48Z,2026-08-29T12:00:00Z,127.4,9.0,0.0,75.0,9.0,9.0
5-10 дней,2026-08-24T04:38:48Z,2026-08-29T15:00:00Z,130.4,36.0,12.5,25.0,23.5,23.5
5-10 дней,2026-08-24T04:38:48Z,2026-08-29T18:00:00Z,133.4,67.0,12.5,0.0,54.5,54.5
5-10 дней,2026-08-24T04:38:48Z,2026-08-29T21:00:00Z,136.4,77.0,0.0,50.0,77.0,77.0
5-10 дней,2026-08-24T04:38:48Z,2026-08-30T00:00:00Z,139.4,80.0,87.5,0.0,-7.5,7.5
5-10 дней,2026-08-24T04:38:48Z,2026-08-30T03:00:00Z,142.4,85.0,87.5,0.0,-2.5,2.5
5-10 дней,2026-08-24T04:38:48Z,2026-08-30T06:00:00Z,145.4,89.0,87.5,12.5,1.5,1.5
5-10 дней,2026-08-24T04:38:48Z,2026-08-30T09:00:00Z,148.4,90.0,25.0,12.5,65.0,65.0
5-10 дней,2026-08-24T04:38:48Z,2026-08-30T12:00:00Z,151.4,87.0,25.0,0.0,62.0,62.0
5-10 дней,2026-08-24T10:24:38Z,2026-08-29T12:00:00Z,121.6,4.0,0.0,75.0,4.0,4.0
5-10 дней,2026-08-24T10:24:38Z,2026-08-29T15:00:00Z,124.6,25.0,12.5,25.0,12.5,12.5
5-10 дней,2026-08-24T10:24:38Z,2026-08-29T18:00:00Z,127.6,45.0,12.5,0.0,32.5,32.5
5-10 дней,2026-08-24T10:24:38Z,2026-08-29T21:00:00Z,130.6,47.0,0.0,50.0,47.0,47.0
5-10 дней,2026-08-24T10:24:38Z,2026-08-30T00:00:00Z,133.6,43.0,87.5,0.0,-44.5,44.5
5-10 дней,2026-08-24T10:24:38Z,2026-08-30T03:00:00Z,136.6,37.0,87.5,0.0,-50.5,50.5
5-10 дней,2026-08-24T10:24:38Z,2026-08-30T06:00:00Z,139.6,30.0,87.5,12.5,-57.5,57.5
5-10 дней,2026-08-24T10:24:38Z,2026-08-30T09:00:00Z,142.6,25.0,25.0,12.5,0.0,0.0
5-10 дней,2026-08-24T10:24:38Z,2026-08-30T12:00:00Z,145.6,20.0,25.0,0.0,-5.0,5.0
5-10 дней,2026-08-24T16:34:00Z,2026-08-29T18:00:00Z,121.4,31.0,12.5,0.0,18.5,18.5
5-10 дней,2026-08-24T16:34:00Z,2026-08-29T21:00:00Z,124.4,38.0,0.0,50.0,38.0,38.0
5-10 дней,2026-08-24T16:34:00Z,2026-08-30T00:00:00Z,127.4,43.0,87.5,0.0,-44.5,44.5
5-10 дней,2026-08-24T16:34:00Z,2026-08-30T03:00:00Z,130.4,38.0,87.5,0.0,-49.5,49.5
5-10 дней,2026-08-24T16:34:00Z,2026-08-30T06:00:00Z,133.4,30.0,87.5,12.5,-57.5,57.5
5-10 дней,2026-08-24T16:34:00Z,2026-08-30T09:00:00Z,136.4,25.0,25.0,12.5,0.0,0.0
5-10 дней,2026-08-24T16:34:00Z,2026-08-30T12:00:00Z,139.4,20.0,25.0,0.0,-5.0,5.0
5-10 дней,2026-08-24T22:34:40Z,2026-08-30T00:00:00Z,121.4,26.0,87.5,0.0,-61.5,61.5
5-10 дней,2026-08-24T22:34:40Z,2026-08-30T03:00:00Z,124.4,14.0,87.5,0.0,-73.5,73.5
5-10 дней,2026-08-24T22:34:40Z,2026-08-30T06:00:00Z,127.4,0.0,87.5,12.5,-87.5,87.5
5-10 дней,2026-08-24T22:34:40Z,2026-08-30T09:00:00Z,130.4,0.0,25.0,12.5,-25.0,25.0
5-10 дней,2026-08-24T22:34:40Z,2026-08-30T12:00:00Z,133.4,0.0,25.0,0.0,-25.0,25.0
5-10 дней,2026-08-25T04:33:15Z,2026-08-30T06:00:00Z,121.4,0.0,87.5,12.5,-87.5,87.5
5-10 дней,2026-08-25T04:33:15Z,2026-08-30T09:00:00Z,124.4,0.0,25.0,12.5,-25.0,25.0
5-10 дней,2026-08-25T04:33:15Z,2026-08-30T12:00:00Z,127.4,0.0,25.0,0.0,-25.0,25.0
5-10 дней,2026-08-25T10:18:20Z,2026-08-30T12:00:00Z,121.7,66.0,25.0,0.0,41.0,41.0
