# Архангельск / Осадки / 0-6ч, 6-24ч, 1-2 дня, 2-3 дня, 3-5 дней, 5-10 дней / ICON (Германия)
# n=1479, порог дождя = 0.2 мм
# POD=0.76, FAR=0.3132530120481928, CSI=0.5643564356435643, MAE=2.284 мм, bias=-0.230 мм
# CSI = hits / (hits + misses + false_alarms); hit = прогноз>=порога И факт>=порога
# «Общий» = объединённый пул пар из периодов: 0-6ч, 6-24ч, 1-2 дня, 2-3 дня, 3-5 дней, 5-10 дней - метрика посчитана заново по всему пулу, а не усреднена по периодам
#
bucket,fetched_at,valid_time,lead_hours,forecast,observed,error
0-6ч,2026-08-06T09:50:07Z,2026-08-06T15:00:00Z,5.2,0.0,0.7,-0.7
0-6ч,2026-08-06T09:59:18Z,2026-08-06T15:00:00Z,5.0,0.0,0.7,-0.7
0-6ч,2026-08-06T10:08:26Z,2026-08-06T15:00:00Z,4.9,0.0,0.7,-0.7
0-6ч,2026-08-06T10:47:54Z,2026-08-06T15:00:00Z,4.2,0.0,0.7,-0.7
0-6ч,2026-08-06T11:30:42Z,2026-08-06T15:00:00Z,3.5,0.0,0.7,-0.7
0-6ч,2026-08-06T11:36:01Z,2026-08-06T15:00:00Z,3.4,0.0,0.7,-0.7
0-6ч,2026-08-06T11:44:08Z,2026-08-06T15:00:00Z,3.3,0.0,0.7,-0.7
0-6ч,2026-08-07T10:39:14Z,2026-08-07T15:00:00Z,4.3,4.9,3.0,1.9
0-6ч,2026-08-07T22:45:57Z,2026-08-08T03:00:00Z,4.2,5.3,0.4,4.9
0-6ч,2026-08-07T23:19:23Z,2026-08-08T03:00:00Z,3.7,5.3,0.4,4.9
0-6ч,2026-08-08T10:18:13Z,2026-08-08T15:00:00Z,4.7,3.7,7.0,-3.3
0-6ч,2026-08-08T22:37:20Z,2026-08-09T03:00:00Z,4.4,6.6,4.0,2.6
0-6ч,2026-08-09T10:19:29Z,2026-08-09T15:00:00Z,4.7,2.4,0.6,1.8
0-6ч,2026-08-09T12:41:38Z,2026-08-09T15:00:00Z,2.3,2.0,0.6,1.4
0-6ч,2026-08-09T12:45:53Z,2026-08-09T15:00:00Z,2.2,2.0,0.6,1.4
0-6ч,2026-08-09T12:48:15Z,2026-08-09T15:00:00Z,2.2,2.0,0.6,1.4
0-6ч,2026-08-09T22:39:09Z,2026-08-10T03:00:00Z,4.3,0.0,0.0,0.0
0-6ч,2026-08-10T10:53:28Z,2026-08-10T15:00:00Z,4.1,0.2,0.0,0.2
0-6ч,2026-08-10T22:47:13Z,2026-08-11T03:00:00Z,4.2,0.0,0.0,0.0
0-6ч,2026-08-11T10:38:45Z,2026-08-11T15:00:00Z,4.4,0.2,0.1,0.1
0-6ч,2026-08-12T10:47:03Z,2026-08-12T15:00:00Z,4.2,2.3,4.0,-1.7
0-6ч,2026-08-12T22:50:47Z,2026-08-13T03:00:00Z,4.2,5.3,5.0,0.3
0-6ч,2026-08-13T10:49:01Z,2026-08-13T15:00:00Z,4.2,23.3,31.0,-7.7
0-6ч,2026-08-13T22:52:17Z,2026-08-14T03:00:00Z,4.1,22.7,24.0,-1.3
0-6ч,2026-08-14T10:44:54Z,2026-08-14T15:00:00Z,4.3,4.1,7.0,-2.9
0-6ч,2026-08-14T22:30:55Z,2026-08-15T03:00:00Z,4.5,0.0,0.0,0.0
0-6ч,2026-08-15T10:09:15Z,2026-08-15T15:00:00Z,4.8,0.0,0.0,0.0
0-6ч,2026-08-15T22:29:33Z,2026-08-16T03:00:00Z,4.5,0.0,4.0,-4.0
0-6ч,2026-08-16T10:09:47Z,2026-08-16T15:00:00Z,4.8,0.7,0.4,0.3
0-6ч,2026-08-16T22:29:34Z,2026-08-17T03:00:00Z,4.5,0.0,0.0,0.0
0-6ч,2026-08-17T10:18:11Z,2026-08-17T15:00:00Z,4.7,0.0,0.0,0.0
0-6ч,2026-08-17T22:31:28Z,2026-08-18T03:00:00Z,4.5,0.0,0.0,0.0
0-6ч,2026-08-18T10:14:55Z,2026-08-18T15:00:00Z,4.8,0.0,0.0,0.0
0-6ч,2026-08-18T22:31:39Z,2026-08-19T03:00:00Z,4.5,0.0,0.0,0.0
0-6ч,2026-08-19T10:14:48Z,2026-08-19T15:00:00Z,4.8,0.0,0.0,0.0
0-6ч,2026-08-20T10:16:10Z,2026-08-20T15:00:00Z,4.7,2.2,1.0,1.2
0-6ч,2026-08-20T22:34:58Z,2026-08-21T03:00:00Z,4.4,0.4,0.0,0.4
0-6ч,2026-08-21T10:16:50Z,2026-08-21T15:00:00Z,4.7,0.1,0.0,0.1
0-6ч,2026-08-21T22:32:12Z,2026-08-22T03:00:00Z,4.5,1.4,0.0,1.4
0-6ч,2026-08-22T10:09:41Z,2026-08-22T15:00:00Z,4.8,2.1,0.6,1.5
0-6ч,2026-08-22T22:29:28Z,2026-08-23T03:00:00Z,4.5,0.0,0.0,0.0
0-6ч,2026-08-23T10:10:14Z,2026-08-23T15:00:00Z,4.8,3.8,3.0,0.8
0-6ч,2026-08-23T22:29:36Z,2026-08-24T03:00:00Z,4.5,4.4,1.0,3.4
0-6ч,2026-08-24T10:24:38Z,2026-08-24T15:00:00Z,4.6,6.7,6.0,0.7
0-6ч,2026-08-24T22:34:40Z,2026-08-25T03:00:00Z,4.4,3.3,6.0,-2.7
0-6ч,2026-08-25T10:18:20Z,2026-08-25T15:00:00Z,4.7,0.0,0.3,-0.3
0-6ч,2026-08-25T22:34:48Z,2026-08-26T03:00:00Z,4.4,0.0,0.0,0.0
0-6ч,2026-08-26T10:21:58Z,2026-08-26T15:00:00Z,4.6,0.3,0.0,0.3
0-6ч,2026-08-27T14:55:44Z,2026-08-27T15:00:00Z,0.1,0.2,0.4,-0.2
0-6ч,2026-08-29T10:40:21Z,2026-08-29T15:00:00Z,4.3,0.0,0.0,0.0
0-6ч,2026-08-29T14:43:22Z,2026-08-29T15:00:00Z,0.3,0.0,0.0,0.0
0-6ч,2026-08-30T09:40:19Z,2026-08-30T15:00:00Z,5.3,0.0,0.0,0.0
0-6ч,2026-08-30T14:32:26Z,2026-08-30T15:00:00Z,0.5,0.0,0.0,0.0
0-6ч,2026-08-31T21:17:52Z,2026-09-01T03:00:00Z,5.7,0.3,0.0,0.3
0-6ч,2026-09-01T09:05:37Z,2026-09-01T15:00:00Z,5.9,3.3,3.0,0.3
0-6ч,2026-09-01T14:20:35Z,2026-09-01T15:00:00Z,0.7,4.8,3.0,1.8
0-6ч,2026-09-01T23:57:29Z,2026-09-02T03:00:00Z,3.0,0.3,0.7,-0.4
0-6ч,2026-09-03T13:57:23Z,2026-09-03T15:00:00Z,1.0,0.0,6.0,-6.0
0-6ч,2026-09-03T23:55:26Z,2026-09-04T03:00:00Z,3.1,0.0,0.0,0.0
6-24ч,2026-08-06T09:50:07Z,2026-08-07T03:00:00Z,17.2,6.1,3.0,3.1
6-24ч,2026-08-06T09:59:18Z,2026-08-07T03:00:00Z,17.0,6.1,3.0,3.1
6-24ч,2026-08-06T10:08:26Z,2026-08-07T03:00:00Z,16.9,6.1,3.0,3.1
6-24ч,2026-08-06T10:47:54Z,2026-08-07T03:00:00Z,16.2,6.1,3.0,3.1
6-24ч,2026-08-06T11:30:42Z,2026-08-07T03:00:00Z,15.5,6.1,3.0,3.1
6-24ч,2026-08-06T11:36:01Z,2026-08-07T03:00:00Z,15.4,6.1,3.0,3.1
6-24ч,2026-08-06T11:44:08Z,2026-08-07T03:00:00Z,15.3,6.1,3.0,3.1
6-24ч,2026-08-07T01:31:32Z,2026-08-07T15:00:00Z,13.5,2.8,3.0,-0.2
6-24ч,2026-08-07T05:36:00Z,2026-08-07T15:00:00Z,9.4,4.2,3.0,1.2
6-24ч,2026-08-07T06:18:59Z,2026-08-07T15:00:00Z,8.7,5.1,3.0,2.1
6-24ч,2026-08-07T07:13:52Z,2026-08-07T15:00:00Z,7.8,5.1,3.0,2.1
6-24ч,2026-08-07T05:36:00Z,2026-08-08T03:00:00Z,21.4,6.7,0.4,6.3
6-24ч,2026-08-07T06:18:59Z,2026-08-08T03:00:00Z,20.7,6.2,0.4,5.8
6-24ч,2026-08-07T07:13:52Z,2026-08-08T03:00:00Z,19.8,6.2,0.4,5.8
6-24ч,2026-08-07T10:39:14Z,2026-08-08T03:00:00Z,16.3,7.5,0.4,7.1
6-24ч,2026-08-07T16:51:54Z,2026-08-08T03:00:00Z,10.1,4.5,0.4,4.1
6-24ч,2026-08-07T16:51:54Z,2026-08-08T15:00:00Z,22.1,6.5,7.0,-0.5
6-24ч,2026-08-07T22:45:57Z,2026-08-08T15:00:00Z,16.2,6.5,7.0,-0.5
6-24ч,2026-08-07T23:19:23Z,2026-08-08T15:00:00Z,15.7,6.5,7.0,-0.5
6-24ч,2026-08-08T04:50:53Z,2026-08-08T15:00:00Z,10.2,4.3,7.0,-2.7
6-24ч,2026-08-08T04:50:53Z,2026-08-09T03:00:00Z,22.2,6.4,4.0,2.4
6-24ч,2026-08-08T10:18:13Z,2026-08-09T03:00:00Z,16.7,7.2,4.0,3.2
6-24ч,2026-08-08T22:37:20Z,2026-08-09T15:00:00Z,16.4,2.4,0.6,1.8
6-24ч,2026-08-09T04:59:03Z,2026-08-09T15:00:00Z,10.0,2.9,0.6,2.3
6-24ч,2026-08-09T04:59:03Z,2026-08-10T03:00:00Z,22.0,0.0,0.0,0.0
6-24ч,2026-08-09T10:19:29Z,2026-08-10T03:00:00Z,16.7,0.0,0.0,0.0
6-24ч,2026-08-09T12:41:38Z,2026-08-10T03:00:00Z,14.3,0.0,0.0,0.0
6-24ч,2026-08-09T12:45:53Z,2026-08-10T03:00:00Z,14.2,0.0,0.0,0.0
6-24ч,2026-08-09T12:48:15Z,2026-08-10T03:00:00Z,14.2,0.0,0.0,0.0
6-24ч,2026-08-09T16:31:44Z,2026-08-10T03:00:00Z,10.5,0.0,0.0,0.0
6-24ч,2026-08-09T16:31:44Z,2026-08-10T15:00:00Z,22.5,0.1,0.0,0.1
6-24ч,2026-08-09T22:39:09Z,2026-08-10T15:00:00Z,16.3,0.2,0.0,0.2
6-24ч,2026-08-10T05:20:42Z,2026-08-10T15:00:00Z,9.7,0.0,0.0,0.0
6-24ч,2026-08-10T05:20:42Z,2026-08-11T03:00:00Z,21.7,0.0,0.0,0.0
6-24ч,2026-08-10T10:53:28Z,2026-08-11T03:00:00Z,16.1,0.0,0.0,0.0
6-24ч,2026-08-10T16:52:05Z,2026-08-11T03:00:00Z,10.1,0.0,0.0,0.0
6-24ч,2026-08-10T16:52:05Z,2026-08-11T15:00:00Z,22.1,0.0,0.1,-0.1
6-24ч,2026-08-10T22:47:13Z,2026-08-11T15:00:00Z,16.2,0.1,0.1,0.0
6-24ч,2026-08-11T05:01:49Z,2026-08-11T15:00:00Z,10.0,0.8,0.1,0.7
6-24ч,2026-08-11T05:01:49Z,2026-08-12T03:00:00Z,22.0,6.7,5.0,1.7
6-24ч,2026-08-11T10:38:45Z,2026-08-12T03:00:00Z,16.4,5.3,5.0,0.3
6-24ч,2026-08-12T10:47:03Z,2026-08-13T03:00:00Z,16.2,11.2,5.0,6.2
6-24ч,2026-08-12T16:54:57Z,2026-08-13T03:00:00Z,10.1,8.9,5.0,3.9
6-24ч,2026-08-12T16:54:57Z,2026-08-13T15:00:00Z,22.1,34.8,31.0,3.8
6-24ч,2026-08-12T22:50:47Z,2026-08-13T15:00:00Z,16.2,30.5,31.0,-0.5
6-24ч,2026-08-13T05:30:08Z,2026-08-13T15:00:00Z,9.5,26.8,31.0,-4.2
6-24ч,2026-08-13T05:30:08Z,2026-08-14T03:00:00Z,21.5,24.7,24.0,0.7
6-24ч,2026-08-13T10:49:01Z,2026-08-14T03:00:00Z,16.2,25.1,24.0,1.1
6-24ч,2026-08-13T16:36:10Z,2026-08-14T03:00:00Z,10.4,23.5,24.0,-0.5
6-24ч,2026-08-13T16:42:24Z,2026-08-14T03:00:00Z,10.3,23.5,24.0,-0.5
6-24ч,2026-08-13T16:54:22Z,2026-08-14T03:00:00Z,10.1,23.5,24.0,-0.5
6-24ч,2026-08-13T16:36:10Z,2026-08-14T15:00:00Z,22.4,2.2,7.0,-4.8
6-24ч,2026-08-13T16:42:24Z,2026-08-14T15:00:00Z,22.3,2.2,7.0,-4.8
6-24ч,2026-08-13T16:54:22Z,2026-08-14T15:00:00Z,22.1,2.2,7.0,-4.8
6-24ч,2026-08-13T22:52:17Z,2026-08-14T15:00:00Z,16.1,3.6,7.0,-3.4
6-24ч,2026-08-14T05:28:14Z,2026-08-14T15:00:00Z,9.5,0.3,7.0,-6.7
6-24ч,2026-08-14T05:28:14Z,2026-08-15T03:00:00Z,21.5,0.0,0.0,0.0
6-24ч,2026-08-14T10:44:54Z,2026-08-15T03:00:00Z,16.3,0.1,0.0,0.1
6-24ч,2026-08-14T16:48:33Z,2026-08-15T03:00:00Z,10.2,0.0,0.0,0.0
6-24ч,2026-08-14T16:48:33Z,2026-08-15T15:00:00Z,22.2,0.0,0.0,0.0
6-24ч,2026-08-14T22:30:55Z,2026-08-15T15:00:00Z,16.5,0.0,0.0,0.0
6-24ч,2026-08-15T04:24:15Z,2026-08-15T15:00:00Z,10.6,0.0,0.0,0.0
6-24ч,2026-08-15T04:24:15Z,2026-08-16T03:00:00Z,22.6,3.2,4.0,-0.8
6-24ч,2026-08-15T10:09:15Z,2026-08-16T03:00:00Z,16.8,1.8,4.0,-2.2
6-24ч,2026-08-15T22:29:33Z,2026-08-16T15:00:00Z,16.5,0.3,0.4,-0.1
6-24ч,2026-08-16T04:29:41Z,2026-08-16T15:00:00Z,10.5,0.5,0.4,0.1
6-24ч,2026-08-16T07:21:44Z,2026-08-16T15:00:00Z,7.6,0.7,0.4,0.3
6-24ч,2026-08-16T04:29:41Z,2026-08-17T03:00:00Z,22.5,0.0,0.0,0.0
6-24ч,2026-08-16T07:21:44Z,2026-08-17T03:00:00Z,19.6,0.0,0.0,0.0
6-24ч,2026-08-16T10:09:47Z,2026-08-17T03:00:00Z,16.8,0.0,0.0,0.0
6-24ч,2026-08-16T16:21:00Z,2026-08-17T03:00:00Z,10.7,0.0,0.0,0.0
6-24ч,2026-08-16T16:21:00Z,2026-08-17T15:00:00Z,22.6,0.0,0.0,0.0
6-24ч,2026-08-16T22:29:34Z,2026-08-17T15:00:00Z,16.5,0.0,0.0,0.0
6-24ч,2026-08-17T04:35:30Z,2026-08-17T15:00:00Z,10.4,0.0,0.0,0.0
6-24ч,2026-08-17T04:35:30Z,2026-08-18T03:00:00Z,22.4,0.0,0.0,0.0
6-24ч,2026-08-17T10:18:11Z,2026-08-18T03:00:00Z,16.7,0.0,0.0,0.0
6-24ч,2026-08-17T16:23:45Z,2026-08-18T03:00:00Z,10.6,0.0,0.0,0.0
6-24ч,2026-08-17T16:23:45Z,2026-08-18T15:00:00Z,22.6,0.0,0.0,0.0
6-24ч,2026-08-17T22:31:28Z,2026-08-18T15:00:00Z,16.5,0.0,0.0,0.0
6-24ч,2026-08-18T04:30:05Z,2026-08-18T15:00:00Z,10.5,0.0,0.0,0.0
6-24ч,2026-08-18T04:30:05Z,2026-08-19T03:00:00Z,22.5,0.0,0.0,0.0
6-24ч,2026-08-18T10:14:55Z,2026-08-19T03:00:00Z,16.8,0.0,0.0,0.0
6-24ч,2026-08-18T16:27:50Z,2026-08-19T03:00:00Z,10.5,0.0,0.0,0.0
6-24ч,2026-08-18T16:27:50Z,2026-08-19T15:00:00Z,22.5,0.0,0.0,0.0
6-24ч,2026-08-18T22:31:39Z,2026-08-19T15:00:00Z,16.5,0.0,0.0,0.0
6-24ч,2026-08-19T04:31:14Z,2026-08-19T15:00:00Z,10.5,0.0,0.0,0.0
6-24ч,2026-08-19T04:31:14Z,2026-08-20T03:00:00Z,22.5,3.4,4.0,-0.6
6-24ч,2026-08-19T10:14:48Z,2026-08-20T03:00:00Z,16.8,6.3,4.0,2.3
6-24ч,2026-08-19T16:28:17Z,2026-08-20T03:00:00Z,10.5,4.3,4.0,0.3
6-24ч,2026-08-19T16:28:17Z,2026-08-20T15:00:00Z,22.5,2.3,1.0,1.3
6-24ч,2026-08-20T04:31:56Z,2026-08-20T15:00:00Z,10.5,2.7,1.0,1.7
6-24ч,2026-08-20T04:31:56Z,2026-08-21T03:00:00Z,22.5,4.2,0.0,4.2
6-24ч,2026-08-20T10:16:10Z,2026-08-21T03:00:00Z,16.7,0.7,0.0,0.7
6-24ч,2026-08-20T16:31:45Z,2026-08-21T03:00:00Z,10.5,1.1,0.0,1.1
6-24ч,2026-08-20T16:31:45Z,2026-08-21T15:00:00Z,22.5,1.9,0.0,1.9
6-24ч,2026-08-20T22:34:58Z,2026-08-21T15:00:00Z,16.4,0.0,0.0,0.0
6-24ч,2026-08-21T04:32:20Z,2026-08-21T15:00:00Z,10.5,0.1,0.0,0.1
6-24ч,2026-08-21T04:32:20Z,2026-08-22T03:00:00Z,22.5,1.6,0.0,1.6
6-24ч,2026-08-21T10:16:50Z,2026-08-22T03:00:00Z,16.7,0.7,0.0,0.7
6-24ч,2026-08-21T16:30:34Z,2026-08-22T03:00:00Z,10.5,0.7,0.0,0.7
6-24ч,2026-08-21T16:30:34Z,2026-08-22T15:00:00Z,22.5,2.9,0.6,2.3
6-24ч,2026-08-21T22:32:12Z,2026-08-22T15:00:00Z,16.5,1.9,0.6,1.3
6-24ч,2026-08-22T04:26:43Z,2026-08-22T15:00:00Z,10.6,1.9,0.6,1.3
6-24ч,2026-08-22T04:26:43Z,2026-08-23T03:00:00Z,22.6,0.0,0.0,0.0
6-24ч,2026-08-22T10:09:41Z,2026-08-23T03:00:00Z,16.8,0.0,0.0,0.0
6-24ч,2026-08-22T16:20:08Z,2026-08-23T03:00:00Z,10.7,0.0,0.0,0.0
6-24ч,2026-08-22T16:20:08Z,2026-08-23T15:00:00Z,22.7,8.9,3.0,5.9
6-24ч,2026-08-22T22:29:28Z,2026-08-23T15:00:00Z,16.5,8.7,3.0,5.7
6-24ч,2026-08-23T04:31:06Z,2026-08-23T15:00:00Z,10.5,4.7,3.0,1.7
6-24ч,2026-08-23T04:31:06Z,2026-08-24T03:00:00Z,22.5,8.5,1.0,7.5
6-24ч,2026-08-23T10:10:14Z,2026-08-24T03:00:00Z,16.8,6.7,1.0,5.7
6-24ч,2026-08-23T16:21:17Z,2026-08-24T03:00:00Z,10.6,3.5,1.0,2.5
6-24ч,2026-08-23T16:21:17Z,2026-08-24T15:00:00Z,22.6,7.6,6.0,1.6
6-24ч,2026-08-23T22:29:36Z,2026-08-24T15:00:00Z,16.5,8.1,6.0,2.1
6-24ч,2026-08-24T04:38:48Z,2026-08-24T15:00:00Z,10.4,7.3,6.0,1.3
6-24ч,2026-08-24T04:38:48Z,2026-08-25T03:00:00Z,22.4,10.3,6.0,4.3
6-24ч,2026-08-24T10:24:38Z,2026-08-25T03:00:00Z,16.6,5.3,6.0,-0.7
6-24ч,2026-08-24T16:34:00Z,2026-08-25T03:00:00Z,10.4,1.1,6.0,-4.9
6-24ч,2026-08-24T16:34:00Z,2026-08-25T15:00:00Z,22.4,0.0,0.3,-0.3
6-24ч,2026-08-24T22:34:40Z,2026-08-25T15:00:00Z,16.4,0.0,0.3,-0.3
6-24ч,2026-08-25T04:33:15Z,2026-08-25T15:00:00Z,10.4,0.0,0.3,-0.3
6-24ч,2026-08-25T04:33:15Z,2026-08-26T03:00:00Z,22.4,0.0,0.0,0.0
6-24ч,2026-08-25T10:18:20Z,2026-08-26T03:00:00Z,16.7,0.0,0.0,0.0
6-24ч,2026-08-25T16:33:53Z,2026-08-26T03:00:00Z,10.4,0.0,0.0,0.0
6-24ч,2026-08-25T16:33:53Z,2026-08-26T15:00:00Z,22.4,0.8,0.0,0.8
6-24ч,2026-08-25T22:34:48Z,2026-08-26T15:00:00Z,16.4,2.3,0.0,2.3
6-24ч,2026-08-26T04:34:15Z,2026-08-26T15:00:00Z,10.4,1.6,0.0,1.6
6-24ч,2026-08-26T04:34:15Z,2026-08-27T03:00:00Z,22.4,0.0,0.0,0.0
6-24ч,2026-08-26T10:21:58Z,2026-08-27T03:00:00Z,16.6,0.0,0.0,0.0
6-24ч,2026-08-26T16:46:17Z,2026-08-27T03:00:00Z,10.2,0.0,0.0,0.0
6-24ч,2026-08-26T16:46:17Z,2026-08-27T15:00:00Z,22.2,0.0,0.4,-0.4
6-24ч,2026-08-27T03:02:51Z,2026-08-27T15:00:00Z,12.0,0.2,0.4,-0.2
6-24ч,2026-08-27T03:02:51Z,2026-08-28T03:00:00Z,24.0,0.1,0.0,0.1
6-24ч,2026-08-27T14:55:44Z,2026-08-28T03:00:00Z,12.1,0.2,0.0,0.2
6-24ч,2026-08-27T20:01:22Z,2026-08-28T03:00:00Z,7.0,0.0,0.0,0.0
6-24ч,2026-08-27T20:01:22Z,2026-08-28T15:00:00Z,19.0,0.0,0.0,0.0
6-24ч,2026-08-28T00:44:37Z,2026-08-28T15:00:00Z,14.3,0.0,0.0,0.0
6-24ч,2026-08-28T06:03:31Z,2026-08-28T15:00:00Z,8.9,0.0,0.0,0.0
6-24ч,2026-08-28T06:03:31Z,2026-08-29T03:00:00Z,20.9,0.0,0.0,0.0
6-24ч,2026-08-28T15:51:06Z,2026-08-29T03:00:00Z,11.1,0.0,0.0,0.0
6-24ч,2026-08-28T15:51:06Z,2026-08-29T15:00:00Z,23.1,0.0,0.0,0.0
6-24ч,2026-08-29T00:23:24Z,2026-08-29T15:00:00Z,14.6,0.0,0.0,0.0
6-24ч,2026-08-29T03:37:28Z,2026-08-29T15:00:00Z,11.4,0.0,0.0,0.0
6-24ч,2026-08-29T03:37:28Z,2026-08-30T03:00:00Z,23.4,0.0,0.0,0.0
6-24ч,2026-08-29T10:40:21Z,2026-08-30T03:00:00Z,16.3,0.0,0.0,0.0
6-24ч,2026-08-29T14:43:22Z,2026-08-30T03:00:00Z,12.3,0.0,0.0,0.0
6-24ч,2026-08-29T19:10:40Z,2026-08-30T03:00:00Z,7.8,0.0,0.0,0.0
6-24ч,2026-08-29T19:10:40Z,2026-08-30T15:00:00Z,19.8,0.0,0.0,0.0
6-24ч,2026-08-30T00:04:13Z,2026-08-30T15:00:00Z,14.9,0.0,0.0,0.0
6-24ч,2026-08-30T09:40:19Z,2026-08-31T03:00:00Z,17.3,0.0,0.0,0.0
6-24ч,2026-08-30T14:32:26Z,2026-08-31T03:00:00Z,12.5,0.0,0.0,0.0
6-24ч,2026-08-30T19:02:03Z,2026-08-31T03:00:00Z,8.0,0.0,0.0,0.0
6-24ч,2026-08-30T19:02:03Z,2026-08-31T15:00:00Z,20.0,0.1,0.0,0.1
6-24ч,2026-08-31T00:22:13Z,2026-08-31T15:00:00Z,14.6,0.1,0.0,0.1
6-24ч,2026-08-31T21:17:52Z,2026-09-01T15:00:00Z,17.7,3.3,3.0,0.3
6-24ч,2026-09-01T01:11:20Z,2026-09-01T15:00:00Z,13.8,1.9,3.0,-1.1
6-24ч,2026-09-01T09:05:37Z,2026-09-02T03:00:00Z,17.9,0.1,0.7,-0.6
6-24ч,2026-09-01T14:20:35Z,2026-09-02T03:00:00Z,12.7,0.6,0.7,-0.1
6-24ч,2026-09-01T23:57:29Z,2026-09-02T15:00:00Z,15.0,0.0,0.0,0.0
6-24ч,2026-09-02T08:19:12Z,2026-09-02T15:00:00Z,6.7,0.0,0.0,0.0
6-24ч,2026-09-02T08:19:12Z,2026-09-03T03:00:00Z,18.7,0.4,2.0,-1.6
6-24ч,2026-09-03T08:28:36Z,2026-09-03T15:00:00Z,6.5,0.0,6.0,-6.0
6-24ч,2026-09-03T08:28:36Z,2026-09-04T03:00:00Z,18.5,0.0,0.0,0.0
6-24ч,2026-09-03T13:57:23Z,2026-09-04T03:00:00Z,13.0,0.0,0.0,0.0
6-24ч,2026-09-03T19:04:57Z,2026-09-04T03:00:00Z,7.9,0.0,0.0,0.0
1-2 дня,2026-08-06T09:50:07Z,2026-08-07T15:00:00Z,29.2,0.5,3.0,-2.5
1-2 дня,2026-08-06T09:59:18Z,2026-08-07T15:00:00Z,29.0,0.5,3.0,-2.5
1-2 дня,2026-08-06T10:08:26Z,2026-08-07T15:00:00Z,28.9,0.5,3.0,-2.5
1-2 дня,2026-08-06T10:47:54Z,2026-08-07T15:00:00Z,28.2,0.5,3.0,-2.5
1-2 дня,2026-08-06T11:30:42Z,2026-08-07T15:00:00Z,27.5,0.5,3.0,-2.5
1-2 дня,2026-08-06T11:36:01Z,2026-08-07T15:00:00Z,27.4,0.5,3.0,-2.5
1-2 дня,2026-08-06T11:44:08Z,2026-08-07T15:00:00Z,27.3,0.5,3.0,-2.5
1-2 дня,2026-08-06T09:50:07Z,2026-08-08T03:00:00Z,41.2,4.3,0.4,3.9
1-2 дня,2026-08-06T09:59:18Z,2026-08-08T03:00:00Z,41.0,4.3,0.4,3.9
1-2 дня,2026-08-06T10:08:26Z,2026-08-08T03:00:00Z,40.9,4.3,0.4,3.9
1-2 дня,2026-08-06T10:47:54Z,2026-08-08T03:00:00Z,40.2,4.3,0.4,3.9
1-2 дня,2026-08-06T11:30:42Z,2026-08-08T03:00:00Z,39.5,4.3,0.4,3.9
1-2 дня,2026-08-06T11:36:01Z,2026-08-08T03:00:00Z,39.4,4.3,0.4,3.9
1-2 дня,2026-08-06T11:44:08Z,2026-08-08T03:00:00Z,39.3,4.3,0.4,3.9
1-2 дня,2026-08-07T01:31:32Z,2026-08-08T03:00:00Z,25.5,4.3,0.4,3.9
1-2 дня,2026-08-07T01:31:32Z,2026-08-08T15:00:00Z,37.5,5.6,7.0,-1.4
1-2 дня,2026-08-07T05:36:00Z,2026-08-08T15:00:00Z,33.4,5.4,7.0,-1.6
1-2 дня,2026-08-07T06:18:59Z,2026-08-08T15:00:00Z,32.7,5.7,7.0,-1.3
1-2 дня,2026-08-07T07:13:52Z,2026-08-08T15:00:00Z,31.8,5.7,7.0,-1.3
1-2 дня,2026-08-07T10:39:14Z,2026-08-08T15:00:00Z,28.3,7.0,7.0,0.0
1-2 дня,2026-08-07T05:36:00Z,2026-08-09T03:00:00Z,45.4,4.9,4.0,0.9
1-2 дня,2026-08-07T06:18:59Z,2026-08-09T03:00:00Z,44.7,4.9,4.0,0.9
1-2 дня,2026-08-07T07:13:52Z,2026-08-09T03:00:00Z,43.8,4.9,4.0,0.9
1-2 дня,2026-08-07T10:39:14Z,2026-08-09T03:00:00Z,40.3,6.3,4.0,2.3
1-2 дня,2026-08-07T16:51:54Z,2026-08-09T03:00:00Z,34.1,4.0,4.0,0.0
1-2 дня,2026-08-07T22:45:57Z,2026-08-09T03:00:00Z,28.2,6.5,4.0,2.5
1-2 дня,2026-08-07T23:19:23Z,2026-08-09T03:00:00Z,27.7,6.5,4.0,2.5
1-2 дня,2026-08-07T16:51:54Z,2026-08-09T15:00:00Z,46.1,2.2,0.6,1.6
1-2 дня,2026-08-07T22:45:57Z,2026-08-09T15:00:00Z,40.2,2.3,0.6,1.7
1-2 дня,2026-08-07T23:19:23Z,2026-08-09T15:00:00Z,39.7,2.3,0.6,1.7
1-2 дня,2026-08-08T04:50:53Z,2026-08-09T15:00:00Z,34.2,2.1,0.6,1.5
1-2 дня,2026-08-08T10:18:13Z,2026-08-09T15:00:00Z,28.7,1.4,0.6,0.8
1-2 дня,2026-08-08T04:50:53Z,2026-08-10T03:00:00Z,46.2,0.0,0.0,0.0
1-2 дня,2026-08-08T10:18:13Z,2026-08-10T03:00:00Z,40.7,0.0,0.0,0.0
1-2 дня,2026-08-08T22:37:20Z,2026-08-10T03:00:00Z,28.4,0.0,0.0,0.0
1-2 дня,2026-08-08T22:37:20Z,2026-08-10T15:00:00Z,40.4,0.0,0.0,0.0
1-2 дня,2026-08-09T04:59:03Z,2026-08-10T15:00:00Z,34.0,0.1,0.0,0.1
1-2 дня,2026-08-09T10:19:29Z,2026-08-10T15:00:00Z,28.7,0.0,0.0,0.0
1-2 дня,2026-08-09T12:41:38Z,2026-08-10T15:00:00Z,26.3,0.0,0.0,0.0
1-2 дня,2026-08-09T12:45:53Z,2026-08-10T15:00:00Z,26.2,0.0,0.0,0.0
1-2 дня,2026-08-09T12:48:15Z,2026-08-10T15:00:00Z,26.2,0.0,0.0,0.0
1-2 дня,2026-08-09T04:59:03Z,2026-08-11T03:00:00Z,46.0,0.0,0.0,0.0
1-2 дня,2026-08-09T10:19:29Z,2026-08-11T03:00:00Z,40.7,0.0,0.0,0.0
1-2 дня,2026-08-09T12:41:38Z,2026-08-11T03:00:00Z,38.3,0.0,0.0,0.0
1-2 дня,2026-08-09T12:45:53Z,2026-08-11T03:00:00Z,38.2,0.0,0.0,0.0
1-2 дня,2026-08-09T12:48:15Z,2026-08-11T03:00:00Z,38.2,0.0,0.0,0.0
1-2 дня,2026-08-09T16:31:44Z,2026-08-11T03:00:00Z,34.5,0.0,0.0,0.0
1-2 дня,2026-08-09T22:39:09Z,2026-08-11T03:00:00Z,28.3,0.0,0.0,0.0
1-2 дня,2026-08-09T16:31:44Z,2026-08-11T15:00:00Z,46.5,0.1,0.1,0.0
1-2 дня,2026-08-09T22:39:09Z,2026-08-11T15:00:00Z,40.3,0.2,0.1,0.1
1-2 дня,2026-08-10T05:20:42Z,2026-08-11T15:00:00Z,33.7,0.0,0.1,-0.1
1-2 дня,2026-08-10T10:53:28Z,2026-08-11T15:00:00Z,28.1,0.7,0.1,0.6
1-2 дня,2026-08-10T05:20:42Z,2026-08-12T03:00:00Z,45.7,3.1,5.0,-1.9
1-2 дня,2026-08-10T10:53:28Z,2026-08-12T03:00:00Z,40.1,6.3,5.0,1.3
1-2 дня,2026-08-10T16:52:05Z,2026-08-12T03:00:00Z,34.1,2.2,5.0,-2.8
1-2 дня,2026-08-10T22:47:13Z,2026-08-12T03:00:00Z,28.2,1.1,5.0,-3.9
1-2 дня,2026-08-10T16:52:05Z,2026-08-12T15:00:00Z,46.1,0.2,4.0,-3.8
1-2 дня,2026-08-10T22:47:13Z,2026-08-12T15:00:00Z,40.2,0.2,4.0,-3.8
1-2 дня,2026-08-11T05:01:49Z,2026-08-12T15:00:00Z,34.0,1.1,4.0,-2.9
1-2 дня,2026-08-11T10:38:45Z,2026-08-12T15:00:00Z,28.4,1.7,4.0,-2.3
1-2 дня,2026-08-11T05:01:49Z,2026-08-13T03:00:00Z,46.0,1.7,5.0,-3.3
1-2 дня,2026-08-11T10:38:45Z,2026-08-13T03:00:00Z,40.4,4.5,5.0,-0.5
1-2 дня,2026-08-12T10:47:03Z,2026-08-13T15:00:00Z,28.2,23.4,31.0,-7.6
1-2 дня,2026-08-12T10:47:03Z,2026-08-14T03:00:00Z,40.2,20.2,24.0,-3.8
1-2 дня,2026-08-12T16:54:57Z,2026-08-14T03:00:00Z,34.1,25.8,24.0,1.8
1-2 дня,2026-08-12T22:50:47Z,2026-08-14T03:00:00Z,28.2,25.0,24.0,1.0
1-2 дня,2026-08-12T16:54:57Z,2026-08-14T15:00:00Z,46.1,4.8,7.0,-2.2
1-2 дня,2026-08-12T22:50:47Z,2026-08-14T15:00:00Z,40.2,4.5,7.0,-2.5
1-2 дня,2026-08-13T05:30:08Z,2026-08-14T15:00:00Z,33.5,3.7,7.0,-3.3
1-2 дня,2026-08-13T10:49:01Z,2026-08-14T15:00:00Z,28.2,6.2,7.0,-0.8
1-2 дня,2026-08-13T05:30:08Z,2026-08-15T03:00:00Z,45.5,0.0,0.0,0.0
1-2 дня,2026-08-13T10:49:01Z,2026-08-15T03:00:00Z,40.2,0.0,0.0,0.0
1-2 дня,2026-08-13T16:36:10Z,2026-08-15T03:00:00Z,34.4,0.0,0.0,0.0
1-2 дня,2026-08-13T16:42:24Z,2026-08-15T03:00:00Z,34.3,0.0,0.0,0.0
1-2 дня,2026-08-13T16:54:22Z,2026-08-15T03:00:00Z,34.1,0.0,0.0,0.0
1-2 дня,2026-08-13T22:52:17Z,2026-08-15T03:00:00Z,28.1,0.0,0.0,0.0
1-2 дня,2026-08-13T16:36:10Z,2026-08-15T15:00:00Z,46.4,0.0,0.0,0.0
1-2 дня,2026-08-13T16:42:24Z,2026-08-15T15:00:00Z,46.3,0.0,0.0,0.0
1-2 дня,2026-08-13T16:54:22Z,2026-08-15T15:00:00Z,46.1,0.0,0.0,0.0
1-2 дня,2026-08-13T22:52:17Z,2026-08-15T15:00:00Z,40.1,0.0,0.0,0.0
1-2 дня,2026-08-14T05:28:14Z,2026-08-15T15:00:00Z,33.5,0.0,0.0,0.0
1-2 дня,2026-08-14T10:44:54Z,2026-08-15T15:00:00Z,28.3,0.1,0.0,0.1
1-2 дня,2026-08-14T05:28:14Z,2026-08-16T03:00:00Z,45.5,0.0,4.0,-4.0
1-2 дня,2026-08-14T10:44:54Z,2026-08-16T03:00:00Z,40.3,4.1,4.0,0.1
1-2 дня,2026-08-14T16:48:33Z,2026-08-16T03:00:00Z,34.2,1.3,4.0,-2.7
1-2 дня,2026-08-14T22:30:55Z,2026-08-16T03:00:00Z,28.5,2.3,4.0,-1.7
1-2 дня,2026-08-14T16:48:33Z,2026-08-16T15:00:00Z,46.2,1.1,0.4,0.7
1-2 дня,2026-08-14T22:30:55Z,2026-08-16T15:00:00Z,40.5,1.4,0.4,1.0
1-2 дня,2026-08-15T04:24:15Z,2026-08-16T15:00:00Z,34.6,0.0,0.4,-0.4
1-2 дня,2026-08-15T10:09:15Z,2026-08-16T15:00:00Z,28.8,0.6,0.4,0.2
1-2 дня,2026-08-15T04:24:15Z,2026-08-17T03:00:00Z,46.6,0.0,0.0,0.0
1-2 дня,2026-08-15T10:09:15Z,2026-08-17T03:00:00Z,40.8,0.0,0.0,0.0
1-2 дня,2026-08-15T22:29:33Z,2026-08-17T03:00:00Z,28.5,0.0,0.0,0.0
1-2 дня,2026-08-15T22:29:33Z,2026-08-17T15:00:00Z,40.5,0.0,0.0,0.0
1-2 дня,2026-08-16T04:29:41Z,2026-08-17T15:00:00Z,34.5,0.0,0.0,0.0
1-2 дня,2026-08-16T07:21:44Z,2026-08-17T15:00:00Z,31.6,0.0,0.0,0.0
1-2 дня,2026-08-16T10:09:47Z,2026-08-17T15:00:00Z,28.8,0.0,0.0,0.0
1-2 дня,2026-08-16T04:29:41Z,2026-08-18T03:00:00Z,46.5,0.9,0.0,0.9
1-2 дня,2026-08-16T07:21:44Z,2026-08-18T03:00:00Z,43.6,0.9,0.0,0.9
1-2 дня,2026-08-16T10:09:47Z,2026-08-18T03:00:00Z,40.8,0.7,0.0,0.7
1-2 дня,2026-08-16T16:21:00Z,2026-08-18T03:00:00Z,34.6,0.7,0.0,0.7
1-2 дня,2026-08-16T22:29:34Z,2026-08-18T03:00:00Z,28.5,0.3,0.0,0.3
1-2 дня,2026-08-16T16:21:00Z,2026-08-18T15:00:00Z,46.6,2.3,0.0,2.3
1-2 дня,2026-08-16T22:29:34Z,2026-08-18T15:00:00Z,40.5,0.0,0.0,0.0
1-2 дня,2026-08-17T04:35:30Z,2026-08-18T15:00:00Z,34.4,0.0,0.0,0.0
1-2 дня,2026-08-17T10:18:11Z,2026-08-18T15:00:00Z,28.7,0.0,0.0,0.0
1-2 дня,2026-08-17T04:35:30Z,2026-08-19T03:00:00Z,46.4,0.0,0.0,0.0
1-2 дня,2026-08-17T10:18:11Z,2026-08-19T03:00:00Z,40.7,0.0,0.0,0.0
1-2 дня,2026-08-17T16:23:45Z,2026-08-19T03:00:00Z,34.6,0.0,0.0,0.0
1-2 дня,2026-08-17T22:31:28Z,2026-08-19T03:00:00Z,28.5,0.0,0.0,0.0
1-2 дня,2026-08-17T16:23:45Z,2026-08-19T15:00:00Z,46.6,0.0,0.0,0.0
1-2 дня,2026-08-17T22:31:28Z,2026-08-19T15:00:00Z,40.5,0.0,0.0,0.0
1-2 дня,2026-08-18T04:30:05Z,2026-08-19T15:00:00Z,34.5,0.0,0.0,0.0
1-2 дня,2026-08-18T10:14:55Z,2026-08-19T15:00:00Z,28.8,0.0,0.0,0.0
1-2 дня,2026-08-18T04:30:05Z,2026-08-20T03:00:00Z,46.5,1.4,4.0,-2.6
1-2 дня,2026-08-18T10:14:55Z,2026-08-20T03:00:00Z,40.8,1.4,4.0,-2.6
1-2 дня,2026-08-18T16:27:50Z,2026-08-20T03:00:00Z,34.5,3.6,4.0,-0.4
1-2 дня,2026-08-18T22:31:39Z,2026-08-20T03:00:00Z,28.5,1.3,4.0,-2.7
1-2 дня,2026-08-18T16:27:50Z,2026-08-20T15:00:00Z,46.5,0.7,1.0,-0.3
1-2 дня,2026-08-18T22:31:39Z,2026-08-20T15:00:00Z,40.5,1.2,1.0,0.2
1-2 дня,2026-08-19T04:31:14Z,2026-08-20T15:00:00Z,34.5,0.6,1.0,-0.4
1-2 дня,2026-08-19T10:14:48Z,2026-08-20T15:00:00Z,28.8,0.5,1.0,-0.5
1-2 дня,2026-08-19T04:31:14Z,2026-08-21T03:00:00Z,46.5,1.2,0.0,1.2
1-2 дня,2026-08-19T10:14:48Z,2026-08-21T03:00:00Z,40.8,1.2,0.0,1.2
1-2 дня,2026-08-19T16:28:17Z,2026-08-21T03:00:00Z,34.5,0.8,0.0,0.8
1-2 дня,2026-08-19T16:28:17Z,2026-08-21T15:00:00Z,46.5,0.0,0.0,0.0
1-2 дня,2026-08-20T04:31:56Z,2026-08-21T15:00:00Z,34.5,3.9,0.0,3.9
1-2 дня,2026-08-20T10:16:10Z,2026-08-21T15:00:00Z,28.7,2.2,0.0,2.2
1-2 дня,2026-08-20T04:31:56Z,2026-08-22T03:00:00Z,46.5,0.0,0.0,0.0
1-2 дня,2026-08-20T10:16:10Z,2026-08-22T03:00:00Z,40.7,0.0,0.0,0.0
1-2 дня,2026-08-20T16:31:45Z,2026-08-22T03:00:00Z,34.5,0.7,0.0,0.7
1-2 дня,2026-08-20T22:34:58Z,2026-08-22T03:00:00Z,28.4,0.6,0.0,0.6
1-2 дня,2026-08-20T16:31:45Z,2026-08-22T15:00:00Z,46.5,0.8,0.6,0.2
1-2 дня,2026-08-20T22:34:58Z,2026-08-22T15:00:00Z,40.4,1.2,0.6,0.6
1-2 дня,2026-08-21T04:32:20Z,2026-08-22T15:00:00Z,34.5,2.2,0.6,1.6
1-2 дня,2026-08-21T10:16:50Z,2026-08-22T15:00:00Z,28.7,3.0,0.6,2.4
1-2 дня,2026-08-21T04:32:20Z,2026-08-23T03:00:00Z,46.5,0.0,0.0,0.0
1-2 дня,2026-08-21T10:16:50Z,2026-08-23T03:00:00Z,40.7,0.0,0.0,0.0
1-2 дня,2026-08-21T16:30:34Z,2026-08-23T03:00:00Z,34.5,0.0,0.0,0.0
1-2 дня,2026-08-21T22:32:12Z,2026-08-23T03:00:00Z,28.5,0.0,0.0,0.0
1-2 дня,2026-08-21T16:30:34Z,2026-08-23T15:00:00Z,46.5,5.6,3.0,2.6
1-2 дня,2026-08-21T22:32:12Z,2026-08-23T15:00:00Z,40.5,7.2,3.0,4.2
1-2 дня,2026-08-22T04:26:43Z,2026-08-23T15:00:00Z,34.6,5.6,3.0,2.6
1-2 дня,2026-08-22T10:09:41Z,2026-08-23T15:00:00Z,28.8,6.0,3.0,3.0
1-2 дня,2026-08-22T04:26:43Z,2026-08-24T03:00:00Z,46.6,12.1,1.0,11.1
1-2 дня,2026-08-22T10:09:41Z,2026-08-24T03:00:00Z,40.8,8.0,1.0,7.0
1-2 дня,2026-08-22T16:20:08Z,2026-08-24T03:00:00Z,34.7,1.9,1.0,0.9
1-2 дня,2026-08-22T22:29:28Z,2026-08-24T03:00:00Z,28.5,6.0,1.0,5.0
1-2 дня,2026-08-22T16:20:08Z,2026-08-24T15:00:00Z,46.7,6.7,6.0,0.7
1-2 дня,2026-08-22T22:29:28Z,2026-08-24T15:00:00Z,40.5,4.8,6.0,-1.2
1-2 дня,2026-08-23T04:31:06Z,2026-08-24T15:00:00Z,34.5,6.6,6.0,0.6
1-2 дня,2026-08-23T10:10:14Z,2026-08-24T15:00:00Z,28.8,8.2,6.0,2.2
1-2 дня,2026-08-23T04:31:06Z,2026-08-25T03:00:00Z,46.5,2.7,6.0,-3.3
1-2 дня,2026-08-23T10:10:14Z,2026-08-25T03:00:00Z,40.8,4.5,6.0,-1.5
1-2 дня,2026-08-23T16:21:17Z,2026-08-25T03:00:00Z,34.6,0.4,6.0,-5.6
1-2 дня,2026-08-23T22:29:36Z,2026-08-25T03:00:00Z,28.5,8.0,6.0,2.0
1-2 дня,2026-08-23T16:21:17Z,2026-08-25T15:00:00Z,46.6,0.0,0.3,-0.3
1-2 дня,2026-08-23T22:29:36Z,2026-08-25T15:00:00Z,40.5,1.5,0.3,1.2
1-2 дня,2026-08-24T04:38:48Z,2026-08-25T15:00:00Z,34.4,0.1,0.3,-0.2
1-2 дня,2026-08-24T10:24:38Z,2026-08-25T15:00:00Z,28.6,0.0,0.3,-0.3
1-2 дня,2026-08-24T04:38:48Z,2026-08-26T03:00:00Z,46.4,0.0,0.0,0.0
1-2 дня,2026-08-24T10:24:38Z,2026-08-26T03:00:00Z,40.6,0.0,0.0,0.0
1-2 дня,2026-08-24T16:34:00Z,2026-08-26T03:00:00Z,34.4,0.0,0.0,0.0
1-2 дня,2026-08-24T22:34:40Z,2026-08-26T03:00:00Z,28.4,0.0,0.0,0.0
1-2 дня,2026-08-24T16:34:00Z,2026-08-26T15:00:00Z,46.4,0.4,0.0,0.4
1-2 дня,2026-08-24T22:34:40Z,2026-08-26T15:00:00Z,40.4,0.5,0.0,0.5
1-2 дня,2026-08-25T04:33:15Z,2026-08-26T15:00:00Z,34.4,1.1,0.0,1.1
1-2 дня,2026-08-25T10:18:20Z,2026-08-26T15:00:00Z,28.7,0.3,0.0,0.3
1-2 дня,2026-08-25T04:33:15Z,2026-08-27T03:00:00Z,46.4,0.0,0.0,0.0
1-2 дня,2026-08-25T10:18:20Z,2026-08-27T03:00:00Z,40.7,0.0,0.0,0.0
1-2 дня,2026-08-25T16:33:53Z,2026-08-27T03:00:00Z,34.4,0.0,0.0,0.0
1-2 дня,2026-08-25T22:34:48Z,2026-08-27T03:00:00Z,28.4,0.0,0.0,0.0
1-2 дня,2026-08-25T16:33:53Z,2026-08-27T15:00:00Z,46.4,0.0,0.4,-0.4
1-2 дня,2026-08-25T22:34:48Z,2026-08-27T15:00:00Z,40.4,0.0,0.4,-0.4
1-2 дня,2026-08-26T04:34:15Z,2026-08-27T15:00:00Z,34.4,0.1,0.4,-0.3
1-2 дня,2026-08-26T10:21:58Z,2026-08-27T15:00:00Z,28.6,0.1,0.4,-0.3
1-2 дня,2026-08-26T04:34:15Z,2026-08-28T03:00:00Z,46.4,0.0,0.0,0.0
1-2 дня,2026-08-26T10:21:58Z,2026-08-28T03:00:00Z,40.6,0.1,0.0,0.1
1-2 дня,2026-08-26T16:46:17Z,2026-08-28T03:00:00Z,34.2,0.0,0.0,0.0
1-2 дня,2026-08-26T16:46:17Z,2026-08-28T15:00:00Z,46.2,0.0,0.0,0.0
1-2 дня,2026-08-27T03:02:51Z,2026-08-28T15:00:00Z,36.0,0.0,0.0,0.0
1-2 дня,2026-08-27T14:55:44Z,2026-08-28T15:00:00Z,24.1,0.0,0.0,0.0
1-2 дня,2026-08-27T03:02:51Z,2026-08-29T03:00:00Z,48.0,0.1,0.0,0.1
1-2 дня,2026-08-27T14:55:44Z,2026-08-29T03:00:00Z,36.1,0.0,0.0,0.0
1-2 дня,2026-08-27T20:01:22Z,2026-08-29T03:00:00Z,31.0,0.0,0.0,0.0
1-2 дня,2026-08-28T00:44:37Z,2026-08-29T03:00:00Z,26.3,0.0,0.0,0.0
1-2 дня,2026-08-27T20:01:22Z,2026-08-29T15:00:00Z,43.0,0.0,0.0,0.0
1-2 дня,2026-08-28T00:44:37Z,2026-08-29T15:00:00Z,38.3,0.0,0.0,0.0
1-2 дня,2026-08-28T06:03:31Z,2026-08-29T15:00:00Z,32.9,0.0,0.0,0.0
1-2 дня,2026-08-28T06:03:31Z,2026-08-30T03:00:00Z,44.9,0.0,0.0,0.0
1-2 дня,2026-08-28T15:51:06Z,2026-08-30T03:00:00Z,35.1,0.0,0.0,0.0
1-2 дня,2026-08-29T00:23:24Z,2026-08-30T03:00:00Z,26.6,0.0,0.0,0.0
1-2 дня,2026-08-28T15:51:06Z,2026-08-30T15:00:00Z,47.1,0.0,0.0,0.0
1-2 дня,2026-08-29T00:23:24Z,2026-08-30T15:00:00Z,38.6,0.0,0.0,0.0
1-2 дня,2026-08-29T03:37:28Z,2026-08-30T15:00:00Z,35.4,0.0,0.0,0.0
1-2 дня,2026-08-29T10:40:21Z,2026-08-30T15:00:00Z,28.3,0.0,0.0,0.0
1-2 дня,2026-08-29T14:43:22Z,2026-08-30T15:00:00Z,24.3,0.0,0.0,0.0
1-2 дня,2026-08-29T03:37:28Z,2026-08-31T03:00:00Z,47.4,0.0,0.0,0.0
1-2 дня,2026-08-29T10:40:21Z,2026-08-31T03:00:00Z,40.3,0.0,0.0,0.0
1-2 дня,2026-08-29T14:43:22Z,2026-08-31T03:00:00Z,36.3,0.0,0.0,0.0
1-2 дня,2026-08-29T19:10:40Z,2026-08-31T03:00:00Z,31.8,0.0,0.0,0.0
1-2 дня,2026-08-30T00:04:13Z,2026-08-31T03:00:00Z,26.9,0.0,0.0,0.0
1-2 дня,2026-08-29T19:10:40Z,2026-08-31T15:00:00Z,43.8,0.0,0.0,0.0
1-2 дня,2026-08-30T00:04:13Z,2026-08-31T15:00:00Z,38.9,0.0,0.0,0.0
1-2 дня,2026-08-30T09:40:19Z,2026-08-31T15:00:00Z,29.3,0.3,0.0,0.3
1-2 дня,2026-08-30T14:32:26Z,2026-08-31T15:00:00Z,24.5,0.0,0.0,0.0
1-2 дня,2026-08-30T09:40:19Z,2026-09-01T03:00:00Z,41.3,0.3,0.0,0.3
1-2 дня,2026-08-30T14:32:26Z,2026-09-01T03:00:00Z,36.5,7.8,0.0,7.8
1-2 дня,2026-08-30T19:02:03Z,2026-09-01T03:00:00Z,32.0,1.3,0.0,1.3
1-2 дня,2026-08-31T00:22:13Z,2026-09-01T03:00:00Z,26.6,0.8,0.0,0.8
1-2 дня,2026-08-30T19:02:03Z,2026-09-01T15:00:00Z,44.0,7.4,3.0,4.4
1-2 дня,2026-08-31T00:22:13Z,2026-09-01T15:00:00Z,38.6,4.0,3.0,1.0
1-2 дня,2026-08-31T21:17:52Z,2026-09-02T03:00:00Z,29.7,1.5,0.7,0.8
1-2 дня,2026-09-01T01:11:20Z,2026-09-02T03:00:00Z,25.8,1.4,0.7,0.7
1-2 дня,2026-08-31T21:17:52Z,2026-09-02T15:00:00Z,41.7,0.0,0.0,0.0
1-2 дня,2026-09-01T01:11:20Z,2026-09-02T15:00:00Z,37.8,0.0,0.0,0.0
1-2 дня,2026-09-01T09:05:37Z,2026-09-02T15:00:00Z,29.9,0.2,0.0,0.2
1-2 дня,2026-09-01T14:20:35Z,2026-09-02T15:00:00Z,24.7,0.0,0.0,0.0
1-2 дня,2026-09-01T09:05:37Z,2026-09-03T03:00:00Z,41.9,0.1,2.0,-1.9
1-2 дня,2026-09-01T14:20:35Z,2026-09-03T03:00:00Z,36.7,0.0,2.0,-2.0
1-2 дня,2026-09-01T23:57:29Z,2026-09-03T03:00:00Z,27.0,0.0,2.0,-2.0
1-2 дня,2026-09-01T23:57:29Z,2026-09-03T15:00:00Z,39.0,0.5,6.0,-5.5
1-2 дня,2026-09-02T08:19:12Z,2026-09-03T15:00:00Z,30.7,0.1,6.0,-5.9
1-2 дня,2026-09-02T08:19:12Z,2026-09-04T03:00:00Z,42.7,0.0,0.0,0.0
2-3 дня,2026-08-06T09:50:07Z,2026-08-08T15:00:00Z,53.2,5.6,7.0,-1.4
2-3 дня,2026-08-06T09:59:18Z,2026-08-08T15:00:00Z,53.0,5.6,7.0,-1.4
2-3 дня,2026-08-06T10:08:26Z,2026-08-08T15:00:00Z,52.9,5.6,7.0,-1.4
2-3 дня,2026-08-06T10:47:54Z,2026-08-08T15:00:00Z,52.2,5.6,7.0,-1.4
2-3 дня,2026-08-06T11:30:42Z,2026-08-08T15:00:00Z,51.5,5.6,7.0,-1.4
2-3 дня,2026-08-06T11:36:01Z,2026-08-08T15:00:00Z,51.4,5.6,7.0,-1.4
2-3 дня,2026-08-06T11:44:08Z,2026-08-08T15:00:00Z,51.3,5.6,7.0,-1.4
2-3 дня,2026-08-06T09:50:07Z,2026-08-09T03:00:00Z,65.2,2.6,4.0,-1.4
2-3 дня,2026-08-06T09:59:18Z,2026-08-09T03:00:00Z,65.0,2.6,4.0,-1.4
2-3 дня,2026-08-06T10:08:26Z,2026-08-09T03:00:00Z,64.9,2.6,4.0,-1.4
2-3 дня,2026-08-06T10:47:54Z,2026-08-09T03:00:00Z,64.2,2.6,4.0,-1.4
2-3 дня,2026-08-06T11:30:42Z,2026-08-09T03:00:00Z,63.5,2.6,4.0,-1.4
2-3 дня,2026-08-06T11:36:01Z,2026-08-09T03:00:00Z,63.4,2.6,4.0,-1.4
2-3 дня,2026-08-06T11:44:08Z,2026-08-09T03:00:00Z,63.3,2.6,4.0,-1.4
2-3 дня,2026-08-07T01:31:32Z,2026-08-09T03:00:00Z,49.5,10.2,4.0,6.2
2-3 дня,2026-08-07T01:31:32Z,2026-08-09T15:00:00Z,61.5,1.0,0.6,0.4
2-3 дня,2026-08-07T05:36:00Z,2026-08-09T15:00:00Z,57.4,1.5,0.6,0.9
2-3 дня,2026-08-07T06:18:59Z,2026-08-09T15:00:00Z,56.7,1.5,0.6,0.9
2-3 дня,2026-08-07T07:13:52Z,2026-08-09T15:00:00Z,55.8,1.5,0.6,0.9
2-3 дня,2026-08-07T10:39:14Z,2026-08-09T15:00:00Z,52.3,3.4,0.6,2.8
2-3 дня,2026-08-07T05:36:00Z,2026-08-10T03:00:00Z,69.4,0.0,0.0,0.0
2-3 дня,2026-08-07T06:18:59Z,2026-08-10T03:00:00Z,68.7,0.0,0.0,0.0
2-3 дня,2026-08-07T07:13:52Z,2026-08-10T03:00:00Z,67.8,0.0,0.0,0.0
2-3 дня,2026-08-07T10:39:14Z,2026-08-10T03:00:00Z,64.3,0.0,0.0,0.0
2-3 дня,2026-08-07T16:51:54Z,2026-08-10T03:00:00Z,58.1,0.0,0.0,0.0
2-3 дня,2026-08-07T22:45:57Z,2026-08-10T03:00:00Z,52.2,0.0,0.0,0.0
2-3 дня,2026-08-07T23:19:23Z,2026-08-10T03:00:00Z,51.7,0.0,0.0,0.0
2-3 дня,2026-08-07T16:51:54Z,2026-08-10T15:00:00Z,70.1,0.3,0.0,0.3
2-3 дня,2026-08-07T22:45:57Z,2026-08-10T15:00:00Z,64.2,0.0,0.0,0.0
2-3 дня,2026-08-07T23:19:23Z,2026-08-10T15:00:00Z,63.7,0.0,0.0,0.0
2-3 дня,2026-08-08T04:50:53Z,2026-08-10T15:00:00Z,58.2,0.0,0.0,0.0
2-3 дня,2026-08-08T10:18:13Z,2026-08-10T15:00:00Z,52.7,0.0,0.0,0.0
2-3 дня,2026-08-08T04:50:53Z,2026-08-11T03:00:00Z,70.2,0.0,0.0,0.0
2-3 дня,2026-08-08T10:18:13Z,2026-08-11T03:00:00Z,64.7,0.0,0.0,0.0
2-3 дня,2026-08-08T22:37:20Z,2026-08-11T03:00:00Z,52.4,0.0,0.0,0.0
2-3 дня,2026-08-08T22:37:20Z,2026-08-11T15:00:00Z,64.4,0.0,0.1,-0.1
2-3 дня,2026-08-09T04:59:03Z,2026-08-11T15:00:00Z,58.0,3.5,0.1,3.4
2-3 дня,2026-08-09T10:19:29Z,2026-08-11T15:00:00Z,52.7,2.1,0.1,2.0
2-3 дня,2026-08-09T12:41:38Z,2026-08-11T15:00:00Z,50.3,2.1,0.1,2.0
2-3 дня,2026-08-09T12:45:53Z,2026-08-11T15:00:00Z,50.2,2.1,0.1,2.0
2-3 дня,2026-08-09T12:48:15Z,2026-08-11T15:00:00Z,50.2,2.1,0.1,2.0
2-3 дня,2026-08-09T04:59:03Z,2026-08-12T03:00:00Z,70.0,41.8,5.0,36.8
2-3 дня,2026-08-09T10:19:29Z,2026-08-12T03:00:00Z,64.7,16.3,5.0,11.3
2-3 дня,2026-08-09T12:41:38Z,2026-08-12T03:00:00Z,62.3,16.3,5.0,11.3
2-3 дня,2026-08-09T12:45:53Z,2026-08-12T03:00:00Z,62.2,16.3,5.0,11.3
2-3 дня,2026-08-09T12:48:15Z,2026-08-12T03:00:00Z,62.2,16.3,5.0,11.3
2-3 дня,2026-08-09T16:31:44Z,2026-08-12T03:00:00Z,58.5,5.0,5.0,0.0
2-3 дня,2026-08-09T22:39:09Z,2026-08-12T03:00:00Z,52.3,4.6,5.0,-0.4
2-3 дня,2026-08-09T16:31:44Z,2026-08-12T15:00:00Z,70.5,7.4,4.0,3.4
2-3 дня,2026-08-09T22:39:09Z,2026-08-12T15:00:00Z,64.3,6.6,4.0,2.6
2-3 дня,2026-08-10T05:20:42Z,2026-08-12T15:00:00Z,57.7,2.8,4.0,-1.2
2-3 дня,2026-08-10T10:53:28Z,2026-08-12T15:00:00Z,52.1,0.1,4.0,-3.9
2-3 дня,2026-08-10T05:20:42Z,2026-08-13T03:00:00Z,69.7,29.8,5.0,24.8
2-3 дня,2026-08-10T10:53:28Z,2026-08-13T03:00:00Z,64.1,7.4,5.0,2.4
2-3 дня,2026-08-10T16:52:05Z,2026-08-13T03:00:00Z,58.1,7.2,5.0,2.2
2-3 дня,2026-08-10T22:47:13Z,2026-08-13T03:00:00Z,52.2,3.5,5.0,-1.5
2-3 дня,2026-08-10T16:52:05Z,2026-08-13T15:00:00Z,70.1,5.9,31.0,-25.1
2-3 дня,2026-08-10T22:47:13Z,2026-08-13T15:00:00Z,64.2,10.9,31.0,-20.1
2-3 дня,2026-08-11T05:01:49Z,2026-08-13T15:00:00Z,58.0,1.4,31.0,-29.6
2-3 дня,2026-08-11T10:38:45Z,2026-08-13T15:00:00Z,52.4,2.1,31.0,-28.9
2-3 дня,2026-08-11T05:01:49Z,2026-08-14T03:00:00Z,70.0,0.0,24.0,-24.0
2-3 дня,2026-08-11T10:38:45Z,2026-08-14T03:00:00Z,64.4,0.0,24.0,-24.0
2-3 дня,2026-08-12T10:47:03Z,2026-08-14T15:00:00Z,52.2,4.5,7.0,-2.5
2-3 дня,2026-08-12T10:47:03Z,2026-08-15T03:00:00Z,64.2,0.0,0.0,0.0
2-3 дня,2026-08-12T16:54:57Z,2026-08-15T03:00:00Z,58.1,0.0,0.0,0.0
2-3 дня,2026-08-12T22:50:47Z,2026-08-15T03:00:00Z,52.2,0.0,0.0,0.0
2-3 дня,2026-08-12T16:54:57Z,2026-08-15T15:00:00Z,70.1,0.0,0.0,0.0
2-3 дня,2026-08-12T22:50:47Z,2026-08-15T15:00:00Z,64.2,0.0,0.0,0.0
2-3 дня,2026-08-13T05:30:08Z,2026-08-15T15:00:00Z,57.5,0.0,0.0,0.0
2-3 дня,2026-08-13T10:49:01Z,2026-08-15T15:00:00Z,52.2,0.0,0.0,0.0
2-3 дня,2026-08-13T05:30:08Z,2026-08-16T03:00:00Z,69.5,0.0,4.0,-4.0
2-3 дня,2026-08-13T10:49:01Z,2026-08-16T03:00:00Z,64.2,0.0,4.0,-4.0
2-3 дня,2026-08-13T16:36:10Z,2026-08-16T03:00:00Z,58.4,0.0,4.0,-4.0
2-3 дня,2026-08-13T16:42:24Z,2026-08-16T03:00:00Z,58.3,0.0,4.0,-4.0
2-3 дня,2026-08-13T16:54:22Z,2026-08-16T03:00:00Z,58.1,0.0,4.0,-4.0
2-3 дня,2026-08-13T22:52:17Z,2026-08-16T03:00:00Z,52.1,0.0,4.0,-4.0
2-3 дня,2026-08-13T16:36:10Z,2026-08-16T15:00:00Z,70.4,0.0,0.4,-0.4
2-3 дня,2026-08-13T16:42:24Z,2026-08-16T15:00:00Z,70.3,0.0,0.4,-0.4
2-3 дня,2026-08-13T16:54:22Z,2026-08-16T15:00:00Z,70.1,0.0,0.4,-0.4
2-3 дня,2026-08-13T22:52:17Z,2026-08-16T15:00:00Z,64.1,0.6,0.4,0.2
2-3 дня,2026-08-14T05:28:14Z,2026-08-16T15:00:00Z,57.5,0.2,0.4,-0.2
2-3 дня,2026-08-14T10:44:54Z,2026-08-16T15:00:00Z,52.3,0.4,0.4,0.0
2-3 дня,2026-08-14T05:28:14Z,2026-08-17T03:00:00Z,69.5,0.0,0.0,0.0
2-3 дня,2026-08-14T10:44:54Z,2026-08-17T03:00:00Z,64.3,0.0,0.0,0.0
2-3 дня,2026-08-14T16:48:33Z,2026-08-17T03:00:00Z,58.2,0.0,0.0,0.0
2-3 дня,2026-08-14T22:30:55Z,2026-08-17T03:00:00Z,52.5,0.0,0.0,0.0
2-3 дня,2026-08-14T16:48:33Z,2026-08-17T15:00:00Z,70.2,0.0,0.0,0.0
2-3 дня,2026-08-14T22:30:55Z,2026-08-17T15:00:00Z,64.5,0.0,0.0,0.0
2-3 дня,2026-08-15T04:24:15Z,2026-08-17T15:00:00Z,58.6,0.0,0.0,0.0
2-3 дня,2026-08-15T10:09:15Z,2026-08-17T15:00:00Z,52.8,0.0,0.0,0.0
2-3 дня,2026-08-15T04:24:15Z,2026-08-18T03:00:00Z,70.6,0.0,0.0,0.0
2-3 дня,2026-08-15T10:09:15Z,2026-08-18T03:00:00Z,64.8,1.9,0.0,1.9
2-3 дня,2026-08-15T22:29:33Z,2026-08-18T03:00:00Z,52.5,0.0,0.0,0.0
2-3 дня,2026-08-15T22:29:33Z,2026-08-18T15:00:00Z,64.5,0.0,0.0,0.0
2-3 дня,2026-08-16T04:29:41Z,2026-08-18T15:00:00Z,58.5,5.6,0.0,5.6
2-3 дня,2026-08-16T07:21:44Z,2026-08-18T15:00:00Z,55.6,5.6,0.0,5.6
2-3 дня,2026-08-16T10:09:47Z,2026-08-18T15:00:00Z,52.8,2.3,0.0,2.3
2-3 дня,2026-08-16T04:29:41Z,2026-08-19T03:00:00Z,70.5,0.6,0.0,0.6
2-3 дня,2026-08-16T07:21:44Z,2026-08-19T03:00:00Z,67.6,0.6,0.0,0.6
2-3 дня,2026-08-16T10:09:47Z,2026-08-19T03:00:00Z,64.8,0.3,0.0,0.3
2-3 дня,2026-08-16T16:21:00Z,2026-08-19T03:00:00Z,58.6,0.3,0.0,0.3
2-3 дня,2026-08-16T22:29:34Z,2026-08-19T03:00:00Z,52.5,0.0,0.0,0.0
2-3 дня,2026-08-16T16:21:00Z,2026-08-19T15:00:00Z,70.7,0.6,0.0,0.6
2-3 дня,2026-08-16T22:29:34Z,2026-08-19T15:00:00Z,64.5,0.0,0.0,0.0
2-3 дня,2026-08-17T04:35:30Z,2026-08-19T15:00:00Z,58.4,0.0,0.0,0.0
2-3 дня,2026-08-17T10:18:11Z,2026-08-19T15:00:00Z,52.7,0.0,0.0,0.0
2-3 дня,2026-08-17T04:35:30Z,2026-08-20T03:00:00Z,70.4,1.4,4.0,-2.6
2-3 дня,2026-08-17T10:18:11Z,2026-08-20T03:00:00Z,64.7,1.4,4.0,-2.6
2-3 дня,2026-08-17T16:23:45Z,2026-08-20T03:00:00Z,58.6,1.4,4.0,-2.6
2-3 дня,2026-08-17T22:31:28Z,2026-08-20T03:00:00Z,52.5,1.4,4.0,-2.6
2-3 дня,2026-08-17T16:23:45Z,2026-08-20T15:00:00Z,70.6,2.0,1.0,1.0
2-3 дня,2026-08-17T22:31:28Z,2026-08-20T15:00:00Z,64.5,2.0,1.0,1.0
2-3 дня,2026-08-18T04:30:05Z,2026-08-20T15:00:00Z,58.5,2.0,1.0,1.0
2-3 дня,2026-08-18T10:14:55Z,2026-08-20T15:00:00Z,52.8,2.0,1.0,1.0
2-3 дня,2026-08-18T04:30:05Z,2026-08-21T03:00:00Z,70.5,0.3,0.0,0.3
2-3 дня,2026-08-18T10:14:55Z,2026-08-21T03:00:00Z,64.8,0.3,0.0,0.3
2-3 дня,2026-08-18T16:27:50Z,2026-08-21T03:00:00Z,58.5,0.9,0.0,0.9
2-3 дня,2026-08-18T22:31:39Z,2026-08-21T03:00:00Z,52.5,0.5,0.0,0.5
2-3 дня,2026-08-18T16:27:50Z,2026-08-21T15:00:00Z,70.5,0.0,0.0,0.0
2-3 дня,2026-08-18T22:31:39Z,2026-08-21T15:00:00Z,64.5,0.0,0.0,0.0
2-3 дня,2026-08-19T04:31:14Z,2026-08-21T15:00:00Z,58.5,0.0,0.0,0.0
2-3 дня,2026-08-19T10:14:48Z,2026-08-21T15:00:00Z,52.8,0.0,0.0,0.0
2-3 дня,2026-08-19T04:31:14Z,2026-08-22T03:00:00Z,70.5,0.0,0.0,0.0
2-3 дня,2026-08-19T10:14:48Z,2026-08-22T03:00:00Z,64.8,0.0,0.0,0.0
2-3 дня,2026-08-19T16:28:17Z,2026-08-22T03:00:00Z,58.5,3.0,0.0,3.0
2-3 дня,2026-08-19T16:28:17Z,2026-08-22T15:00:00Z,70.5,3.7,0.6,3.1
2-3 дня,2026-08-20T04:31:56Z,2026-08-22T15:00:00Z,58.5,0.9,0.6,0.3
2-3 дня,2026-08-20T10:16:10Z,2026-08-22T15:00:00Z,52.7,0.4,0.6,-0.2
2-3 дня,2026-08-20T04:31:56Z,2026-08-23T03:00:00Z,70.5,0.0,0.0,0.0
2-3 дня,2026-08-20T10:16:10Z,2026-08-23T03:00:00Z,64.7,0.0,0.0,0.0
2-3 дня,2026-08-20T16:31:45Z,2026-08-23T03:00:00Z,58.5,0.0,0.0,0.0
2-3 дня,2026-08-20T22:34:58Z,2026-08-23T03:00:00Z,52.4,0.0,0.0,0.0
2-3 дня,2026-08-20T16:31:45Z,2026-08-23T15:00:00Z,70.5,6.0,3.0,3.0
2-3 дня,2026-08-20T22:34:58Z,2026-08-23T15:00:00Z,64.4,10.4,3.0,7.4
2-3 дня,2026-08-21T04:32:20Z,2026-08-23T15:00:00Z,58.5,4.6,3.0,1.6
2-3 дня,2026-08-21T10:16:50Z,2026-08-23T15:00:00Z,52.7,5.7,3.0,2.7
2-3 дня,2026-08-21T04:32:20Z,2026-08-24T03:00:00Z,70.5,11.5,1.0,10.5
2-3 дня,2026-08-21T10:16:50Z,2026-08-24T03:00:00Z,64.7,7.1,1.0,6.1
2-3 дня,2026-08-21T16:30:34Z,2026-08-24T03:00:00Z,58.5,9.9,1.0,8.9
2-3 дня,2026-08-21T22:32:12Z,2026-08-24T03:00:00Z,52.5,6.5,1.0,5.5
2-3 дня,2026-08-21T16:30:34Z,2026-08-24T15:00:00Z,70.5,4.8,6.0,-1.2
2-3 дня,2026-08-21T22:32:12Z,2026-08-24T15:00:00Z,64.5,4.3,6.0,-1.7
2-3 дня,2026-08-22T04:26:43Z,2026-08-24T15:00:00Z,58.6,6.2,6.0,0.2
2-3 дня,2026-08-22T10:09:41Z,2026-08-24T15:00:00Z,52.8,4.2,6.0,-1.8
2-3 дня,2026-08-22T04:26:43Z,2026-08-25T03:00:00Z,70.6,4.0,6.0,-2.0
2-3 дня,2026-08-22T10:09:41Z,2026-08-25T03:00:00Z,64.8,1.8,6.0,-4.2
2-3 дня,2026-08-22T16:20:08Z,2026-08-25T03:00:00Z,58.7,2.5,6.0,-3.5
2-3 дня,2026-08-22T22:29:28Z,2026-08-25T03:00:00Z,52.5,3.4,6.0,-2.6
2-3 дня,2026-08-22T16:20:08Z,2026-08-25T15:00:00Z,70.7,5.6,0.3,5.3
2-3 дня,2026-08-22T22:29:28Z,2026-08-25T15:00:00Z,64.5,1.0,0.3,0.7
2-3 дня,2026-08-23T04:31:06Z,2026-08-25T15:00:00Z,58.5,0.0,0.3,-0.3
2-3 дня,2026-08-23T10:10:14Z,2026-08-25T15:00:00Z,52.8,0.1,0.3,-0.2
2-3 дня,2026-08-23T04:31:06Z,2026-08-26T03:00:00Z,70.5,0.0,0.0,0.0
2-3 дня,2026-08-23T10:10:14Z,2026-08-26T03:00:00Z,64.8,0.0,0.0,0.0
2-3 дня,2026-08-23T16:21:17Z,2026-08-26T03:00:00Z,58.6,0.0,0.0,0.0
2-3 дня,2026-08-23T22:29:36Z,2026-08-26T03:00:00Z,52.5,0.0,0.0,0.0
2-3 дня,2026-08-23T16:21:17Z,2026-08-26T15:00:00Z,70.6,0.0,0.0,0.0
2-3 дня,2026-08-23T22:29:36Z,2026-08-26T15:00:00Z,64.5,0.0,0.0,0.0
2-3 дня,2026-08-24T04:38:48Z,2026-08-26T15:00:00Z,58.4,0.0,0.0,0.0
2-3 дня,2026-08-24T10:24:38Z,2026-08-26T15:00:00Z,52.6,0.2,0.0,0.2
2-3 дня,2026-08-24T04:38:48Z,2026-08-27T03:00:00Z,70.4,0.0,0.0,0.0
2-3 дня,2026-08-24T10:24:38Z,2026-08-27T03:00:00Z,64.6,0.0,0.0,0.0
2-3 дня,2026-08-24T16:34:00Z,2026-08-27T03:00:00Z,58.4,0.0,0.0,0.0
2-3 дня,2026-08-24T22:34:40Z,2026-08-27T03:00:00Z,52.4,0.0,0.0,0.0
2-3 дня,2026-08-24T16:34:00Z,2026-08-27T15:00:00Z,70.4,0.1,0.4,-0.3
2-3 дня,2026-08-24T22:34:40Z,2026-08-27T15:00:00Z,64.4,0.0,0.4,-0.4
2-3 дня,2026-08-25T04:33:15Z,2026-08-27T15:00:00Z,58.4,0.4,0.4,0.0
2-3 дня,2026-08-25T10:18:20Z,2026-08-27T15:00:00Z,52.7,0.0,0.4,-0.4
2-3 дня,2026-08-25T04:33:15Z,2026-08-28T03:00:00Z,70.4,0.1,0.0,0.1
2-3 дня,2026-08-25T10:18:20Z,2026-08-28T03:00:00Z,64.7,0.5,0.0,0.5
2-3 дня,2026-08-25T16:33:53Z,2026-08-28T03:00:00Z,58.4,0.1,0.0,0.1
2-3 дня,2026-08-25T22:34:48Z,2026-08-28T03:00:00Z,52.4,0.1,0.0,0.1
2-3 дня,2026-08-25T16:33:53Z,2026-08-28T15:00:00Z,70.4,0.0,0.0,0.0
2-3 дня,2026-08-25T22:34:48Z,2026-08-28T15:00:00Z,64.4,0.0,0.0,0.0
2-3 дня,2026-08-26T04:34:15Z,2026-08-28T15:00:00Z,58.4,0.0,0.0,0.0
2-3 дня,2026-08-26T10:21:58Z,2026-08-28T15:00:00Z,52.6,0.2,0.0,0.2
2-3 дня,2026-08-26T04:34:15Z,2026-08-29T03:00:00Z,70.4,0.0,0.0,0.0
2-3 дня,2026-08-26T10:21:58Z,2026-08-29T03:00:00Z,64.6,0.0,0.0,0.0
2-3 дня,2026-08-26T16:46:17Z,2026-08-29T03:00:00Z,58.2,0.0,0.0,0.0
2-3 дня,2026-08-26T16:46:17Z,2026-08-29T15:00:00Z,70.2,0.0,0.0,0.0
2-3 дня,2026-08-27T03:02:51Z,2026-08-29T15:00:00Z,60.0,0.0,0.0,0.0
2-3 дня,2026-08-27T14:55:44Z,2026-08-29T15:00:00Z,48.1,0.0,0.0,0.0
2-3 дня,2026-08-27T03:02:51Z,2026-08-30T03:00:00Z,72.0,0.0,0.0,0.0
2-3 дня,2026-08-27T14:55:44Z,2026-08-30T03:00:00Z,60.1,0.0,0.0,0.0
2-3 дня,2026-08-27T20:01:22Z,2026-08-30T03:00:00Z,55.0,0.0,0.0,0.0
2-3 дня,2026-08-28T00:44:37Z,2026-08-30T03:00:00Z,50.3,0.0,0.0,0.0
2-3 дня,2026-08-27T20:01:22Z,2026-08-30T15:00:00Z,67.0,0.0,0.0,0.0
2-3 дня,2026-08-28T00:44:37Z,2026-08-30T15:00:00Z,62.3,0.0,0.0,0.0
2-3 дня,2026-08-28T06:03:31Z,2026-08-30T15:00:00Z,56.9,0.0,0.0,0.0
2-3 дня,2026-08-28T06:03:31Z,2026-08-31T03:00:00Z,68.9,0.0,0.0,0.0
2-3 дня,2026-08-28T15:51:06Z,2026-08-31T03:00:00Z,59.1,0.0,0.0,0.0
2-3 дня,2026-08-29T00:23:24Z,2026-08-31T03:00:00Z,50.6,0.0,0.0,0.0
2-3 дня,2026-08-28T15:51:06Z,2026-08-31T15:00:00Z,71.1,1.6,0.0,1.6
2-3 дня,2026-08-29T00:23:24Z,2026-08-31T15:00:00Z,62.6,0.8,0.0,0.8
2-3 дня,2026-08-29T03:37:28Z,2026-08-31T15:00:00Z,59.4,0.8,0.0,0.8
2-3 дня,2026-08-29T10:40:21Z,2026-08-31T15:00:00Z,52.3,0.3,0.0,0.3
2-3 дня,2026-08-29T14:43:22Z,2026-08-31T15:00:00Z,48.3,0.3,0.0,0.3
2-3 дня,2026-08-29T03:37:28Z,2026-09-01T03:00:00Z,71.4,0.1,0.0,0.1
2-3 дня,2026-08-29T10:40:21Z,2026-09-01T03:00:00Z,64.3,1.0,0.0,1.0
2-3 дня,2026-08-29T14:43:22Z,2026-09-01T03:00:00Z,60.3,1.0,0.0,1.0
2-3 дня,2026-08-29T19:10:40Z,2026-09-01T03:00:00Z,55.8,6.4,0.0,6.4
2-3 дня,2026-08-30T00:04:13Z,2026-09-01T03:00:00Z,50.9,0.3,0.0,0.3
2-3 дня,2026-08-29T19:10:40Z,2026-09-01T15:00:00Z,67.8,5.2,3.0,2.2
2-3 дня,2026-08-30T00:04:13Z,2026-09-01T15:00:00Z,62.9,1.9,3.0,-1.1
2-3 дня,2026-08-30T09:40:19Z,2026-09-01T15:00:00Z,53.3,6.0,3.0,3.0
2-3 дня,2026-08-30T14:32:26Z,2026-09-01T15:00:00Z,48.5,7.5,3.0,4.5
2-3 дня,2026-08-30T09:40:19Z,2026-09-02T03:00:00Z,65.3,1.4,0.7,0.7
2-3 дня,2026-08-30T14:32:26Z,2026-09-02T03:00:00Z,60.5,0.1,0.7,-0.6
2-3 дня,2026-08-30T19:02:03Z,2026-09-02T03:00:00Z,56.0,0.2,0.7,-0.5
2-3 дня,2026-08-31T00:22:13Z,2026-09-02T03:00:00Z,50.6,1.3,0.7,0.6
2-3 дня,2026-08-30T19:02:03Z,2026-09-02T15:00:00Z,68.0,0.0,0.0,0.0
2-3 дня,2026-08-31T00:22:13Z,2026-09-02T15:00:00Z,62.6,0.0,0.0,0.0
2-3 дня,2026-08-31T21:17:52Z,2026-09-03T03:00:00Z,53.7,0.3,2.0,-1.7
2-3 дня,2026-09-01T01:11:20Z,2026-09-03T03:00:00Z,49.8,0.0,2.0,-2.0
2-3 дня,2026-08-31T21:17:52Z,2026-09-03T15:00:00Z,65.7,0.9,6.0,-5.1
2-3 дня,2026-09-01T01:11:20Z,2026-09-03T15:00:00Z,61.8,1.4,6.0,-4.6
2-3 дня,2026-09-01T09:05:37Z,2026-09-03T15:00:00Z,53.9,0.1,6.0,-5.9
2-3 дня,2026-09-01T14:20:35Z,2026-09-03T15:00:00Z,48.7,0.1,6.0,-5.9
2-3 дня,2026-09-01T09:05:37Z,2026-09-04T03:00:00Z,65.9,0.0,0.0,0.0
2-3 дня,2026-09-01T14:20:35Z,2026-09-04T03:00:00Z,60.7,0.0,0.0,0.0
2-3 дня,2026-09-01T23:57:29Z,2026-09-04T03:00:00Z,51.0,0.0,0.0,0.0
3-5 дней,2026-08-06T09:50:07Z,2026-08-09T15:00:00Z,77.2,4.8,0.6,4.2
3-5 дней,2026-08-06T09:59:18Z,2026-08-09T15:00:00Z,77.0,4.8,0.6,4.2
3-5 дней,2026-08-06T10:08:26Z,2026-08-09T15:00:00Z,76.9,4.8,0.6,4.2
3-5 дней,2026-08-06T10:47:54Z,2026-08-09T15:00:00Z,76.2,4.8,0.6,4.2
3-5 дней,2026-08-06T11:30:42Z,2026-08-09T15:00:00Z,75.5,4.8,0.6,4.2
3-5 дней,2026-08-06T11:36:01Z,2026-08-09T15:00:00Z,75.4,4.8,0.6,4.2
3-5 дней,2026-08-06T11:44:08Z,2026-08-09T15:00:00Z,75.3,4.8,0.6,4.2
3-5 дней,2026-08-06T09:50:07Z,2026-08-10T03:00:00Z,89.2,0.0,0.0,0.0
3-5 дней,2026-08-06T09:59:18Z,2026-08-10T03:00:00Z,89.0,0.0,0.0,0.0
3-5 дней,2026-08-06T10:08:26Z,2026-08-10T03:00:00Z,88.9,0.0,0.0,0.0
3-5 дней,2026-08-06T10:47:54Z,2026-08-10T03:00:00Z,88.2,0.0,0.0,0.0
3-5 дней,2026-08-06T11:30:42Z,2026-08-10T03:00:00Z,87.5,0.0,0.0,0.0
3-5 дней,2026-08-06T11:36:01Z,2026-08-10T03:00:00Z,87.4,0.0,0.0,0.0
3-5 дней,2026-08-06T11:44:08Z,2026-08-10T03:00:00Z,87.3,0.0,0.0,0.0
3-5 дней,2026-08-07T01:31:32Z,2026-08-10T03:00:00Z,73.5,0.0,0.0,0.0
3-5 дней,2026-08-06T09:50:07Z,2026-08-10T15:00:00Z,101.2,0.0,0.0,0.0
3-5 дней,2026-08-06T09:59:18Z,2026-08-10T15:00:00Z,101.0,0.0,0.0,0.0
3-5 дней,2026-08-06T10:08:26Z,2026-08-10T15:00:00Z,100.9,0.0,0.0,0.0
3-5 дней,2026-08-06T10:47:54Z,2026-08-10T15:00:00Z,100.2,0.0,0.0,0.0
3-5 дней,2026-08-06T11:30:42Z,2026-08-10T15:00:00Z,99.5,0.0,0.0,0.0
3-5 дней,2026-08-06T11:36:01Z,2026-08-10T15:00:00Z,99.4,0.0,0.0,0.0
3-5 дней,2026-08-06T11:44:08Z,2026-08-10T15:00:00Z,99.3,0.0,0.0,0.0
3-5 дней,2026-08-07T01:31:32Z,2026-08-10T15:00:00Z,85.5,0.0,0.0,0.0
3-5 дней,2026-08-07T05:36:00Z,2026-08-10T15:00:00Z,81.4,0.0,0.0,0.0
3-5 дней,2026-08-07T06:18:59Z,2026-08-10T15:00:00Z,80.7,0.0,0.0,0.0
3-5 дней,2026-08-07T07:13:52Z,2026-08-10T15:00:00Z,79.8,0.0,0.0,0.0
3-5 дней,2026-08-07T10:39:14Z,2026-08-10T15:00:00Z,76.3,0.0,0.0,0.0
3-5 дней,2026-08-06T09:50:07Z,2026-08-11T03:00:00Z,113.2,0.0,0.0,0.0
3-5 дней,2026-08-06T09:59:18Z,2026-08-11T03:00:00Z,113.0,0.0,0.0,0.0
3-5 дней,2026-08-06T10:08:26Z,2026-08-11T03:00:00Z,112.9,0.0,0.0,0.0
3-5 дней,2026-08-06T10:47:54Z,2026-08-11T03:00:00Z,112.2,0.0,0.0,0.0
3-5 дней,2026-08-06T11:30:42Z,2026-08-11T03:00:00Z,111.5,0.0,0.0,0.0
3-5 дней,2026-08-06T11:36:01Z,2026-08-11T03:00:00Z,111.4,0.0,0.0,0.0
3-5 дней,2026-08-06T11:44:08Z,2026-08-11T03:00:00Z,111.3,0.0,0.0,0.0
3-5 дней,2026-08-07T01:31:32Z,2026-08-11T03:00:00Z,97.5,0.0,0.0,0.0
3-5 дней,2026-08-07T05:36:00Z,2026-08-11T03:00:00Z,93.4,0.0,0.0,0.0
3-5 дней,2026-08-07T06:18:59Z,2026-08-11T03:00:00Z,92.7,0.0,0.0,0.0
3-5 дней,2026-08-07T07:13:52Z,2026-08-11T03:00:00Z,91.8,0.0,0.0,0.0
3-5 дней,2026-08-07T10:39:14Z,2026-08-11T03:00:00Z,88.3,0.0,0.0,0.0
3-5 дней,2026-08-07T16:51:54Z,2026-08-11T03:00:00Z,82.1,0.0,0.0,0.0
3-5 дней,2026-08-07T22:45:57Z,2026-08-11T03:00:00Z,76.2,0.0,0.0,0.0
3-5 дней,2026-08-07T23:19:23Z,2026-08-11T03:00:00Z,75.7,0.0,0.0,0.0
3-5 дней,2026-08-07T01:31:32Z,2026-08-11T15:00:00Z,109.5,10.5,0.1,10.4
3-5 дней,2026-08-07T05:36:00Z,2026-08-11T15:00:00Z,105.4,6.0,0.1,5.9
3-5 дней,2026-08-07T06:18:59Z,2026-08-11T15:00:00Z,104.7,6.0,0.1,5.9
3-5 дней,2026-08-07T07:13:52Z,2026-08-11T15:00:00Z,103.8,6.0,0.1,5.9
3-5 дней,2026-08-07T10:39:14Z,2026-08-11T15:00:00Z,100.3,4.8,0.1,4.7
3-5 дней,2026-08-07T16:51:54Z,2026-08-11T15:00:00Z,94.1,9.3,0.1,9.2
3-5 дней,2026-08-07T22:45:57Z,2026-08-11T15:00:00Z,88.2,17.4,0.1,17.3
3-5 дней,2026-08-07T23:19:23Z,2026-08-11T15:00:00Z,87.7,17.4,0.1,17.3
3-5 дней,2026-08-08T04:50:53Z,2026-08-11T15:00:00Z,82.2,0.6,0.1,0.5
3-5 дней,2026-08-08T10:18:13Z,2026-08-11T15:00:00Z,76.7,0.0,0.1,-0.1
3-5 дней,2026-08-07T05:36:00Z,2026-08-12T03:00:00Z,117.4,2.1,5.0,-2.9
3-5 дней,2026-08-07T06:18:59Z,2026-08-12T03:00:00Z,116.7,2.1,5.0,-2.9
3-5 дней,2026-08-07T07:13:52Z,2026-08-12T03:00:00Z,115.8,2.1,5.0,-2.9
3-5 дней,2026-08-07T10:39:14Z,2026-08-12T03:00:00Z,112.3,6.6,5.0,1.6
3-5 дней,2026-08-07T16:51:54Z,2026-08-12T03:00:00Z,106.1,5.4,5.0,0.4
3-5 дней,2026-08-07T22:45:57Z,2026-08-12T03:00:00Z,100.2,6.0,5.0,1.0
3-5 дней,2026-08-07T23:19:23Z,2026-08-12T03:00:00Z,99.7,6.0,5.0,1.0
3-5 дней,2026-08-08T04:50:53Z,2026-08-12T03:00:00Z,94.2,2.4,5.0,-2.6
3-5 дней,2026-08-08T10:18:13Z,2026-08-12T03:00:00Z,88.7,2.7,5.0,-2.3
3-5 дней,2026-08-08T22:37:20Z,2026-08-12T03:00:00Z,76.4,1.3,5.0,-3.7
3-5 дней,2026-08-07T16:51:54Z,2026-08-12T15:00:00Z,118.1,0.0,4.0,-4.0
3-5 дней,2026-08-07T22:45:57Z,2026-08-12T15:00:00Z,112.2,0.3,4.0,-3.7
3-5 дней,2026-08-07T23:19:23Z,2026-08-12T15:00:00Z,111.7,0.3,4.0,-3.7
3-5 дней,2026-08-08T04:50:53Z,2026-08-12T15:00:00Z,106.2,3.0,4.0,-1.0
3-5 дней,2026-08-08T10:18:13Z,2026-08-12T15:00:00Z,100.7,6.6,4.0,2.6
3-5 дней,2026-08-08T22:37:20Z,2026-08-12T15:00:00Z,88.4,0.0,4.0,-4.0
3-5 дней,2026-08-09T04:59:03Z,2026-08-12T15:00:00Z,82.0,3.7,4.0,-0.3
3-5 дней,2026-08-09T10:19:29Z,2026-08-12T15:00:00Z,76.7,17.2,4.0,13.2
3-5 дней,2026-08-09T12:41:38Z,2026-08-12T15:00:00Z,74.3,17.2,4.0,13.2
3-5 дней,2026-08-09T12:45:53Z,2026-08-12T15:00:00Z,74.2,17.2,4.0,13.2
3-5 дней,2026-08-09T12:48:15Z,2026-08-12T15:00:00Z,74.2,17.2,4.0,13.2
3-5 дней,2026-08-08T04:50:53Z,2026-08-13T03:00:00Z,118.2,12.3,5.0,7.3
3-5 дней,2026-08-08T10:18:13Z,2026-08-13T03:00:00Z,112.7,1.2,5.0,-3.8
3-5 дней,2026-08-08T22:37:20Z,2026-08-13T03:00:00Z,100.4,11.7,5.0,6.7
3-5 дней,2026-08-09T04:59:03Z,2026-08-13T03:00:00Z,94.0,0.0,5.0,-5.0
3-5 дней,2026-08-09T10:19:29Z,2026-08-13T03:00:00Z,88.7,39.9,5.0,34.9
3-5 дней,2026-08-09T12:41:38Z,2026-08-13T03:00:00Z,86.3,39.9,5.0,34.9
3-5 дней,2026-08-09T12:45:53Z,2026-08-13T03:00:00Z,86.2,39.9,5.0,34.9
3-5 дней,2026-08-09T12:48:15Z,2026-08-13T03:00:00Z,86.2,39.9,5.0,34.9
3-5 дней,2026-08-09T16:31:44Z,2026-08-13T03:00:00Z,82.5,15.5,5.0,10.5
3-5 дней,2026-08-09T22:39:09Z,2026-08-13T03:00:00Z,76.3,23.2,5.0,18.2
3-5 дней,2026-08-08T22:37:20Z,2026-08-13T15:00:00Z,112.4,26.1,31.0,-4.9
3-5 дней,2026-08-09T04:59:03Z,2026-08-13T15:00:00Z,106.0,1.2,31.0,-29.8
3-5 дней,2026-08-09T10:19:29Z,2026-08-13T15:00:00Z,100.7,26.1,31.0,-4.9
3-5 дней,2026-08-09T12:41:38Z,2026-08-13T15:00:00Z,98.3,26.1,31.0,-4.9
3-5 дней,2026-08-09T12:45:53Z,2026-08-13T15:00:00Z,98.2,26.1,31.0,-4.9
3-5 дней,2026-08-09T12:48:15Z,2026-08-13T15:00:00Z,98.2,26.1,31.0,-4.9
3-5 дней,2026-08-09T16:31:44Z,2026-08-13T15:00:00Z,94.5,16.2,31.0,-14.8
3-5 дней,2026-08-09T22:39:09Z,2026-08-13T15:00:00Z,88.3,30.3,31.0,-0.7
3-5 дней,2026-08-10T05:20:42Z,2026-08-13T15:00:00Z,81.7,22.5,31.0,-8.5
3-5 дней,2026-08-10T10:53:28Z,2026-08-13T15:00:00Z,76.1,22.7,31.0,-8.3
3-5 дней,2026-08-09T04:59:03Z,2026-08-14T03:00:00Z,118.0,4.36,24.0,-19.64
3-5 дней,2026-08-09T10:19:29Z,2026-08-14T03:00:00Z,112.7,7.2,24.0,-16.8
3-5 дней,2026-08-09T12:41:38Z,2026-08-14T03:00:00Z,110.3,7.2,24.0,-16.8
3-5 дней,2026-08-09T12:45:53Z,2026-08-14T03:00:00Z,110.2,7.2,24.0,-16.8
3-5 дней,2026-08-09T12:48:15Z,2026-08-14T03:00:00Z,110.2,7.2,24.0,-16.8
3-5 дней,2026-08-09T16:31:44Z,2026-08-14T03:00:00Z,106.5,1.8,24.0,-22.2
3-5 дней,2026-08-09T22:39:09Z,2026-08-14T03:00:00Z,100.3,11.7,24.0,-12.3
3-5 дней,2026-08-10T05:20:42Z,2026-08-14T03:00:00Z,93.7,9.3,24.0,-14.7
3-5 дней,2026-08-10T10:53:28Z,2026-08-14T03:00:00Z,88.1,6.9,24.0,-17.1
3-5 дней,2026-08-10T16:52:05Z,2026-08-14T03:00:00Z,82.1,0.9,24.0,-23.1
3-5 дней,2026-08-10T22:47:13Z,2026-08-14T03:00:00Z,76.2,9.0,24.0,-15.0
3-5 дней,2026-08-09T16:31:44Z,2026-08-14T15:00:00Z,118.5,0.0,7.0,-7.0
3-5 дней,2026-08-09T22:39:09Z,2026-08-14T15:00:00Z,112.3,1.5,7.0,-5.5
3-5 дней,2026-08-10T05:20:42Z,2026-08-14T15:00:00Z,105.7,0.3,7.0,-6.7
3-5 дней,2026-08-10T10:53:28Z,2026-08-14T15:00:00Z,100.1,0.0,7.0,-7.0
3-5 дней,2026-08-10T16:52:05Z,2026-08-14T15:00:00Z,94.1,0.0,7.0,-7.0
3-5 дней,2026-08-10T22:47:13Z,2026-08-14T15:00:00Z,88.2,2.1,7.0,-4.9
3-5 дней,2026-08-11T05:01:49Z,2026-08-14T15:00:00Z,82.0,0.0,7.0,-7.0
3-5 дней,2026-08-11T10:38:45Z,2026-08-14T15:00:00Z,76.4,0.0,7.0,-7.0
3-5 дней,2026-08-10T05:20:42Z,2026-08-15T03:00:00Z,117.7,0.0,0.0,0.0
3-5 дней,2026-08-10T10:53:28Z,2026-08-15T03:00:00Z,112.1,0.0,0.0,0.0
3-5 дней,2026-08-10T16:52:05Z,2026-08-15T03:00:00Z,106.1,0.0,0.0,0.0
3-5 дней,2026-08-10T22:47:13Z,2026-08-15T03:00:00Z,100.2,0.0,0.0,0.0
3-5 дней,2026-08-11T05:01:49Z,2026-08-15T03:00:00Z,94.0,0.0,0.0,0.0
3-5 дней,2026-08-11T10:38:45Z,2026-08-15T03:00:00Z,88.4,0.0,0.0,0.0
3-5 дней,2026-08-10T16:52:05Z,2026-08-15T15:00:00Z,118.1,0.0,0.0,0.0
3-5 дней,2026-08-10T22:47:13Z,2026-08-15T15:00:00Z,112.2,0.0,0.0,0.0
3-5 дней,2026-08-11T05:01:49Z,2026-08-15T15:00:00Z,106.0,0.0,0.0,0.0
3-5 дней,2026-08-11T10:38:45Z,2026-08-15T15:00:00Z,100.4,0.0,0.0,0.0
3-5 дней,2026-08-12T10:47:03Z,2026-08-15T15:00:00Z,76.2,0.0,0.0,0.0
3-5 дней,2026-08-11T05:01:49Z,2026-08-16T03:00:00Z,118.0,0.3,4.0,-3.7
3-5 дней,2026-08-11T10:38:45Z,2026-08-16T03:00:00Z,112.4,0.9,4.0,-3.1
3-5 дней,2026-08-12T10:47:03Z,2026-08-16T03:00:00Z,88.2,0.0,4.0,-4.0
3-5 дней,2026-08-12T16:54:57Z,2026-08-16T03:00:00Z,82.1,0.0,4.0,-4.0
3-5 дней,2026-08-12T22:50:47Z,2026-08-16T03:00:00Z,76.2,0.0,4.0,-4.0
3-5 дней,2026-08-12T10:47:03Z,2026-08-16T15:00:00Z,100.2,0.0,0.4,-0.4
3-5 дней,2026-08-12T16:54:57Z,2026-08-16T15:00:00Z,94.1,0.0,0.4,-0.4
3-5 дней,2026-08-12T22:50:47Z,2026-08-16T15:00:00Z,88.2,0.0,0.4,-0.4
3-5 дней,2026-08-13T05:30:08Z,2026-08-16T15:00:00Z,81.5,0.0,0.4,-0.4
3-5 дней,2026-08-13T10:49:01Z,2026-08-16T15:00:00Z,76.2,0.0,0.4,-0.4
3-5 дней,2026-08-12T10:47:03Z,2026-08-17T03:00:00Z,112.2,0.0,0.0,0.0
3-5 дней,2026-08-12T16:54:57Z,2026-08-17T03:00:00Z,106.1,0.0,0.0,0.0
3-5 дней,2026-08-12T22:50:47Z,2026-08-17T03:00:00Z,100.2,0.0,0.0,0.0
3-5 дней,2026-08-13T05:30:08Z,2026-08-17T03:00:00Z,93.5,0.0,0.0,0.0
3-5 дней,2026-08-13T10:49:01Z,2026-08-17T03:00:00Z,88.2,0.0,0.0,0.0
3-5 дней,2026-08-13T16:36:10Z,2026-08-17T03:00:00Z,82.4,0.0,0.0,0.0
3-5 дней,2026-08-13T16:42:24Z,2026-08-17T03:00:00Z,82.3,0.0,0.0,0.0
3-5 дней,2026-08-13T16:54:22Z,2026-08-17T03:00:00Z,82.1,0.0,0.0,0.0
3-5 дней,2026-08-13T22:52:17Z,2026-08-17T03:00:00Z,76.1,0.0,0.0,0.0
3-5 дней,2026-08-12T16:54:57Z,2026-08-17T15:00:00Z,118.1,0.0,0.0,0.0
3-5 дней,2026-08-12T22:50:47Z,2026-08-17T15:00:00Z,112.2,0.0,0.0,0.0
3-5 дней,2026-08-13T05:30:08Z,2026-08-17T15:00:00Z,105.5,0.0,0.0,0.0
3-5 дней,2026-08-13T10:49:01Z,2026-08-17T15:00:00Z,100.2,0.0,0.0,0.0
3-5 дней,2026-08-13T16:36:10Z,2026-08-17T15:00:00Z,94.4,0.0,0.0,0.0
3-5 дней,2026-08-13T16:42:24Z,2026-08-17T15:00:00Z,94.3,0.0,0.0,0.0
3-5 дней,2026-08-13T16:54:22Z,2026-08-17T15:00:00Z,94.1,0.0,0.0,0.0
3-5 дней,2026-08-13T22:52:17Z,2026-08-17T15:00:00Z,88.1,0.0,0.0,0.0
3-5 дней,2026-08-14T05:28:14Z,2026-08-17T15:00:00Z,81.5,0.0,0.0,0.0
3-5 дней,2026-08-14T10:44:54Z,2026-08-17T15:00:00Z,76.3,0.0,0.0,0.0
3-5 дней,2026-08-13T05:30:08Z,2026-08-18T03:00:00Z,117.5,0.0,0.0,0.0
3-5 дней,2026-08-13T10:49:01Z,2026-08-18T03:00:00Z,112.2,1.2,0.0,1.2
3-5 дней,2026-08-13T16:36:10Z,2026-08-18T03:00:00Z,106.4,0.0,0.0,0.0
3-5 дней,2026-08-13T16:42:24Z,2026-08-18T03:00:00Z,106.3,0.0,0.0,0.0
3-5 дней,2026-08-13T16:54:22Z,2026-08-18T03:00:00Z,106.1,0.0,0.0,0.0
3-5 дней,2026-08-13T22:52:17Z,2026-08-18T03:00:00Z,100.1,0.0,0.0,0.0
3-5 дней,2026-08-14T05:28:14Z,2026-08-18T03:00:00Z,93.5,0.0,0.0,0.0
3-5 дней,2026-08-14T10:44:54Z,2026-08-18T03:00:00Z,88.3,0.0,0.0,0.0
3-5 дней,2026-08-14T16:48:33Z,2026-08-18T03:00:00Z,82.2,0.6,0.0,0.6
3-5 дней,2026-08-14T22:30:55Z,2026-08-18T03:00:00Z,76.5,0.0,0.0,0.0
3-5 дней,2026-08-13T16:36:10Z,2026-08-18T15:00:00Z,118.4,0.0,0.0,0.0
3-5 дней,2026-08-13T16:42:24Z,2026-08-18T15:00:00Z,118.3,0.0,0.0,0.0
3-5 дней,2026-08-13T16:54:22Z,2026-08-18T15:00:00Z,118.1,0.0,0.0,0.0
3-5 дней,2026-08-13T22:52:17Z,2026-08-18T15:00:00Z,112.1,0.0,0.0,0.0
3-5 дней,2026-08-14T05:28:14Z,2026-08-18T15:00:00Z,105.5,0.0,0.0,0.0
3-5 дней,2026-08-14T10:44:54Z,2026-08-18T15:00:00Z,100.3,0.0,0.0,0.0
3-5 дней,2026-08-14T16:48:33Z,2026-08-18T15:00:00Z,94.2,0.6,0.0,0.6
3-5 дней,2026-08-14T22:30:55Z,2026-08-18T15:00:00Z,88.5,0.3,0.0,0.3
3-5 дней,2026-08-15T04:24:15Z,2026-08-18T15:00:00Z,82.6,0.0,0.0,0.0
3-5 дней,2026-08-15T10:09:15Z,2026-08-18T15:00:00Z,76.8,0.0,0.0,0.0
3-5 дней,2026-08-14T05:28:14Z,2026-08-19T03:00:00Z,117.5,0.3,0.0,0.3
3-5 дней,2026-08-14T10:44:54Z,2026-08-19T03:00:00Z,112.3,0.0,0.0,0.0
3-5 дней,2026-08-14T16:48:33Z,2026-08-19T03:00:00Z,106.2,0.9,0.0,0.9
3-5 дней,2026-08-14T22:30:55Z,2026-08-19T03:00:00Z,100.5,0.0,0.0,0.0
3-5 дней,2026-08-15T04:24:15Z,2026-08-19T03:00:00Z,94.6,0.3,0.0,0.3
3-5 дней,2026-08-15T10:09:15Z,2026-08-19T03:00:00Z,88.8,0.0,0.0,0.0
3-5 дней,2026-08-15T22:29:33Z,2026-08-19T03:00:00Z,76.5,0.0,0.0,0.0
3-5 дней,2026-08-14T16:48:33Z,2026-08-19T15:00:00Z,118.2,3.46,0.0,3.46
3-5 дней,2026-08-14T22:30:55Z,2026-08-19T15:00:00Z,112.5,0.0,0.0,0.0
3-5 дней,2026-08-15T04:24:15Z,2026-08-19T15:00:00Z,106.6,0.3,0.0,0.3
3-5 дней,2026-08-15T10:09:15Z,2026-08-19T15:00:00Z,100.8,0.0,0.0,0.0
3-5 дней,2026-08-15T22:29:33Z,2026-08-19T15:00:00Z,88.5,0.3,0.0,0.3
3-5 дней,2026-08-16T04:29:41Z,2026-08-19T15:00:00Z,82.5,0.3,0.0,0.3
3-5 дней,2026-08-16T07:21:44Z,2026-08-19T15:00:00Z,79.6,0.3,0.0,0.3
3-5 дней,2026-08-16T10:09:47Z,2026-08-19T15:00:00Z,76.8,0.6,0.0,0.6
3-5 дней,2026-08-15T04:24:15Z,2026-08-20T03:00:00Z,118.6,1.5,4.0,-2.5
3-5 дней,2026-08-15T10:09:15Z,2026-08-20T03:00:00Z,112.8,2.7,4.0,-1.3
3-5 дней,2026-08-15T22:29:33Z,2026-08-20T03:00:00Z,100.5,0.3,4.0,-3.7
3-5 дней,2026-08-16T04:29:41Z,2026-08-20T03:00:00Z,94.5,6.0,4.0,2.0
3-5 дней,2026-08-16T07:21:44Z,2026-08-20T03:00:00Z,91.6,6.0,4.0,2.0
3-5 дней,2026-08-16T10:09:47Z,2026-08-20T03:00:00Z,88.8,3.6,4.0,-0.4
3-5 дней,2026-08-16T16:21:00Z,2026-08-20T03:00:00Z,82.7,3.6,4.0,-0.4
3-5 дней,2026-08-16T22:29:34Z,2026-08-20T03:00:00Z,76.5,3.0,4.0,-1.0
3-5 дней,2026-08-15T22:29:33Z,2026-08-20T15:00:00Z,112.5,1.5,1.0,0.5
3-5 дней,2026-08-16T04:29:41Z,2026-08-20T15:00:00Z,106.5,1.2,1.0,0.2
3-5 дней,2026-08-16T07:21:44Z,2026-08-20T15:00:00Z,103.6,1.2,1.0,0.2
3-5 дней,2026-08-16T10:09:47Z,2026-08-20T15:00:00Z,100.8,2.7,1.0,1.7
3-5 дней,2026-08-16T16:21:00Z,2026-08-20T15:00:00Z,94.7,2.7,1.0,1.7
3-5 дней,2026-08-16T22:29:34Z,2026-08-20T15:00:00Z,88.5,3.0,1.0,2.0
3-5 дней,2026-08-17T04:35:30Z,2026-08-20T15:00:00Z,82.4,2.0,1.0,1.0
3-5 дней,2026-08-17T10:18:11Z,2026-08-20T15:00:00Z,76.7,2.0,1.0,1.0
3-5 дней,2026-08-16T04:29:41Z,2026-08-21T03:00:00Z,118.5,0.0,0.0,0.0
3-5 дней,2026-08-16T07:21:44Z,2026-08-21T03:00:00Z,115.6,0.0,0.0,0.0
3-5 дней,2026-08-16T10:09:47Z,2026-08-21T03:00:00Z,112.8,0.0,0.0,0.0
3-5 дней,2026-08-16T16:21:00Z,2026-08-21T03:00:00Z,106.7,0.0,0.0,0.0
3-5 дней,2026-08-16T22:29:34Z,2026-08-21T03:00:00Z,100.5,0.3,0.0,0.3
3-5 дней,2026-08-17T04:35:30Z,2026-08-21T03:00:00Z,94.4,0.3,0.0,0.3
3-5 дней,2026-08-17T10:18:11Z,2026-08-21T03:00:00Z,88.7,0.3,0.0,0.3
3-5 дней,2026-08-17T16:23:45Z,2026-08-21T03:00:00Z,82.6,0.3,0.0,0.3
3-5 дней,2026-08-17T22:31:28Z,2026-08-21T03:00:00Z,76.5,0.3,0.0,0.3
3-5 дней,2026-08-16T16:21:00Z,2026-08-21T15:00:00Z,118.7,0.3,0.0,0.3
3-5 дней,2026-08-16T22:29:34Z,2026-08-21T15:00:00Z,112.5,2.56,0.0,2.56
3-5 дней,2026-08-17T04:35:30Z,2026-08-21T15:00:00Z,106.4,2.1,0.0,2.1
3-5 дней,2026-08-17T10:18:11Z,2026-08-21T15:00:00Z,100.7,2.1,0.0,2.1
3-5 дней,2026-08-17T16:23:45Z,2026-08-21T15:00:00Z,94.6,2.1,0.0,2.1
3-5 дней,2026-08-17T22:31:28Z,2026-08-21T15:00:00Z,88.5,2.1,0.0,2.1
3-5 дней,2026-08-18T04:30:05Z,2026-08-21T15:00:00Z,82.5,2.1,0.0,2.1
3-5 дней,2026-08-18T10:14:55Z,2026-08-21T15:00:00Z,76.8,2.1,0.0,2.1
3-5 дней,2026-08-17T04:35:30Z,2026-08-22T03:00:00Z,118.4,0.3,0.0,0.3
3-5 дней,2026-08-17T10:18:11Z,2026-08-22T03:00:00Z,112.7,0.3,0.0,0.3
3-5 дней,2026-08-17T16:23:45Z,2026-08-22T03:00:00Z,106.6,0.3,0.0,0.3
3-5 дней,2026-08-17T22:31:28Z,2026-08-22T03:00:00Z,100.5,0.3,0.0,0.3
3-5 дней,2026-08-18T04:30:05Z,2026-08-22T03:00:00Z,94.5,0.3,0.0,0.3
3-5 дней,2026-08-18T10:14:55Z,2026-08-22T03:00:00Z,88.8,0.3,0.0,0.3
3-5 дней,2026-08-18T16:27:50Z,2026-08-22T03:00:00Z,82.5,0.0,0.0,0.0
3-5 дней,2026-08-18T22:31:39Z,2026-08-22T03:00:00Z,76.5,0.0,0.0,0.0
3-5 дней,2026-08-17T16:23:45Z,2026-08-22T15:00:00Z,118.6,0.6,0.6,0.0
3-5 дней,2026-08-17T22:31:28Z,2026-08-22T15:00:00Z,112.5,0.6,0.6,0.0
3-5 дней,2026-08-18T04:30:05Z,2026-08-22T15:00:00Z,106.5,0.6,0.6,0.0
3-5 дней,2026-08-18T10:14:55Z,2026-08-22T15:00:00Z,100.8,0.6,0.6,0.0
3-5 дней,2026-08-18T16:27:50Z,2026-08-22T15:00:00Z,94.5,0.3,0.6,-0.3
3-5 дней,2026-08-18T22:31:39Z,2026-08-22T15:00:00Z,88.5,0.0,0.6,-0.6
3-5 дней,2026-08-19T04:31:14Z,2026-08-22T15:00:00Z,82.5,0.6,0.6,0.0
3-5 дней,2026-08-19T10:14:48Z,2026-08-22T15:00:00Z,76.8,0.6,0.6,0.0
3-5 дней,2026-08-18T04:30:05Z,2026-08-23T03:00:00Z,118.5,0.0,0.0,0.0
3-5 дней,2026-08-18T10:14:55Z,2026-08-23T03:00:00Z,112.8,0.0,0.0,0.0
3-5 дней,2026-08-18T16:27:50Z,2026-08-23T03:00:00Z,106.5,0.3,0.0,0.3
3-5 дней,2026-08-18T22:31:39Z,2026-08-23T03:00:00Z,100.5,0.0,0.0,0.0
3-5 дней,2026-08-19T04:31:14Z,2026-08-23T03:00:00Z,94.5,3.3,0.0,3.3
3-5 дней,2026-08-19T10:14:48Z,2026-08-23T03:00:00Z,88.8,3.3,0.0,3.3
3-5 дней,2026-08-19T16:28:17Z,2026-08-23T03:00:00Z,82.5,0.0,0.0,0.0
3-5 дней,2026-08-18T16:27:50Z,2026-08-23T15:00:00Z,118.5,0.9,3.0,-2.1
3-5 дней,2026-08-18T22:31:39Z,2026-08-23T15:00:00Z,112.5,1.2,3.0,-1.8
3-5 дней,2026-08-19T04:31:14Z,2026-08-23T15:00:00Z,106.5,0.9,3.0,-2.1
3-5 дней,2026-08-19T10:14:48Z,2026-08-23T15:00:00Z,100.8,0.9,3.0,-2.1
3-5 дней,2026-08-19T16:28:17Z,2026-08-23T15:00:00Z,94.5,0.0,3.0,-3.0
3-5 дней,2026-08-20T04:31:56Z,2026-08-23T15:00:00Z,82.5,3.6,3.0,0.6
3-5 дней,2026-08-20T10:16:10Z,2026-08-23T15:00:00Z,76.7,3.0,3.0,0.0
3-5 дней,2026-08-19T04:31:14Z,2026-08-24T03:00:00Z,118.5,0.16,1.0,-0.84
3-5 дней,2026-08-19T10:14:48Z,2026-08-24T03:00:00Z,112.8,0.16,1.0,-0.84
3-5 дней,2026-08-19T16:28:17Z,2026-08-24T03:00:00Z,106.5,0.0,1.0,-1.0
3-5 дней,2026-08-20T04:31:56Z,2026-08-24T03:00:00Z,94.5,8.4,1.0,7.4
3-5 дней,2026-08-20T10:16:10Z,2026-08-24T03:00:00Z,88.7,1.2,1.0,0.2
3-5 дней,2026-08-20T16:31:45Z,2026-08-24T03:00:00Z,82.5,3.9,1.0,2.9
3-5 дней,2026-08-20T22:34:58Z,2026-08-24T03:00:00Z,76.4,6.1,1.0,5.1
3-5 дней,2026-08-19T16:28:17Z,2026-08-24T15:00:00Z,118.5,0.0,6.0,-6.0
3-5 дней,2026-08-20T04:31:56Z,2026-08-24T15:00:00Z,106.5,4.5,6.0,-1.5
3-5 дней,2026-08-20T10:16:10Z,2026-08-24T15:00:00Z,100.7,2.4,6.0,-3.6
3-5 дней,2026-08-20T16:31:45Z,2026-08-24T15:00:00Z,94.5,5.1,6.0,-0.9
3-5 дней,2026-08-20T22:34:58Z,2026-08-24T15:00:00Z,88.4,5.1,6.0,-0.9
3-5 дней,2026-08-21T04:32:20Z,2026-08-24T15:00:00Z,82.5,11.7,6.0,5.7
3-5 дней,2026-08-21T10:16:50Z,2026-08-24T15:00:00Z,76.7,7.6,6.0,1.6
3-5 дней,2026-08-20T04:31:56Z,2026-08-25T03:00:00Z,118.5,0.0,6.0,-6.0
3-5 дней,2026-08-20T10:16:10Z,2026-08-25T03:00:00Z,112.7,3.9,6.0,-2.1
3-5 дней,2026-08-20T16:31:45Z,2026-08-25T03:00:00Z,106.5,7.8,6.0,1.8
3-5 дней,2026-08-20T22:34:58Z,2026-08-25T03:00:00Z,100.4,3.9,6.0,-2.1
3-5 дней,2026-08-21T04:32:20Z,2026-08-25T03:00:00Z,94.5,14.4,6.0,8.4
3-5 дней,2026-08-21T10:16:50Z,2026-08-25T03:00:00Z,88.7,4.5,6.0,-1.5
3-5 дней,2026-08-21T16:30:34Z,2026-08-25T03:00:00Z,82.5,1.3,6.0,-4.7
3-5 дней,2026-08-21T22:32:12Z,2026-08-25T03:00:00Z,76.5,1.1,6.0,-4.9
3-5 дней,2026-08-20T16:31:45Z,2026-08-25T15:00:00Z,118.5,2.4,0.3,2.1
3-5 дней,2026-08-20T22:34:58Z,2026-08-25T15:00:00Z,112.4,0.0,0.3,-0.3
3-5 дней,2026-08-21T04:32:20Z,2026-08-25T15:00:00Z,106.5,0.6,0.3,0.3
3-5 дней,2026-08-21T10:16:50Z,2026-08-25T15:00:00Z,100.7,3.6,0.3,3.3
3-5 дней,2026-08-21T16:30:34Z,2026-08-25T15:00:00Z,94.5,0.0,0.3,-0.3
3-5 дней,2026-08-21T22:32:12Z,2026-08-25T15:00:00Z,88.5,0.3,0.3,0.0
3-5 дней,2026-08-22T04:26:43Z,2026-08-25T15:00:00Z,82.6,0.7,0.3,0.4
3-5 дней,2026-08-22T10:09:41Z,2026-08-25T15:00:00Z,76.8,0.8,0.3,0.5
3-5 дней,2026-08-21T04:32:20Z,2026-08-26T03:00:00Z,118.5,0.0,0.0,0.0
3-5 дней,2026-08-21T10:16:50Z,2026-08-26T03:00:00Z,112.7,0.3,0.0,0.3
3-5 дней,2026-08-21T16:30:34Z,2026-08-26T03:00:00Z,106.5,0.0,0.0,0.0
3-5 дней,2026-08-21T22:32:12Z,2026-08-26T03:00:00Z,100.5,0.6,0.0,0.6
3-5 дней,2026-08-22T04:26:43Z,2026-08-26T03:00:00Z,94.6,0.3,0.0,0.3
3-5 дней,2026-08-22T10:09:41Z,2026-08-26T03:00:00Z,88.8,0.0,0.0,0.0
3-5 дней,2026-08-22T16:20:08Z,2026-08-26T03:00:00Z,82.7,0.3,0.0,0.3
3-5 дней,2026-08-22T22:29:28Z,2026-08-26T03:00:00Z,76.5,0.0,0.0,0.0
3-5 дней,2026-08-21T16:30:34Z,2026-08-26T15:00:00Z,118.5,0.3,0.0,0.3
3-5 дней,2026-08-21T22:32:12Z,2026-08-26T15:00:00Z,112.5,0.0,0.0,0.0
3-5 дней,2026-08-22T04:26:43Z,2026-08-26T15:00:00Z,106.6,0.0,0.0,0.0
3-5 дней,2026-08-22T10:09:41Z,2026-08-26T15:00:00Z,100.8,2.7,0.0,2.7
3-5 дней,2026-08-22T16:20:08Z,2026-08-26T15:00:00Z,94.7,0.3,0.0,0.3
3-5 дней,2026-08-22T22:29:28Z,2026-08-26T15:00:00Z,88.5,0.9,0.0,0.9
3-5 дней,2026-08-23T04:31:06Z,2026-08-26T15:00:00Z,82.5,1.2,0.0,1.2
3-5 дней,2026-08-23T10:10:14Z,2026-08-26T15:00:00Z,76.8,0.7,0.0,0.7
3-5 дней,2026-08-22T04:26:43Z,2026-08-27T03:00:00Z,118.6,0.3,0.0,0.3
3-5 дней,2026-08-22T10:09:41Z,2026-08-27T03:00:00Z,112.8,0.0,0.0,0.0
3-5 дней,2026-08-22T16:20:08Z,2026-08-27T03:00:00Z,106.7,0.0,0.0,0.0
3-5 дней,2026-08-22T22:29:28Z,2026-08-27T03:00:00Z,100.5,0.0,0.0,0.0
3-5 дней,2026-08-23T04:31:06Z,2026-08-27T03:00:00Z,94.5,0.0,0.0,0.0
3-5 дней,2026-08-23T10:10:14Z,2026-08-27T03:00:00Z,88.8,0.0,0.0,0.0
3-5 дней,2026-08-23T16:21:17Z,2026-08-27T03:00:00Z,82.6,0.0,0.0,0.0
3-5 дней,2026-08-23T22:29:36Z,2026-08-27T03:00:00Z,76.5,0.0,0.0,0.0
3-5 дней,2026-08-22T16:20:08Z,2026-08-27T15:00:00Z,118.7,0.0,0.4,-0.4
3-5 дней,2026-08-22T22:29:28Z,2026-08-27T15:00:00Z,112.5,0.0,0.4,-0.4
3-5 дней,2026-08-23T04:31:06Z,2026-08-27T15:00:00Z,106.5,0.0,0.4,-0.4
3-5 дней,2026-08-23T10:10:14Z,2026-08-27T15:00:00Z,100.8,0.0,0.4,-0.4
3-5 дней,2026-08-23T16:21:17Z,2026-08-27T15:00:00Z,94.6,0.3,0.4,-0.1
3-5 дней,2026-08-23T22:29:36Z,2026-08-27T15:00:00Z,88.5,0.3,0.4,-0.1
3-5 дней,2026-08-24T04:38:48Z,2026-08-27T15:00:00Z,82.4,0.0,0.4,-0.4
3-5 дней,2026-08-24T10:24:38Z,2026-08-27T15:00:00Z,76.6,0.4,0.4,0.0
3-5 дней,2026-08-23T04:31:06Z,2026-08-28T03:00:00Z,118.5,0.0,0.0,0.0
3-5 дней,2026-08-23T10:10:14Z,2026-08-28T03:00:00Z,112.8,0.0,0.0,0.0
3-5 дней,2026-08-23T16:21:17Z,2026-08-28T03:00:00Z,106.6,0.0,0.0,0.0
3-5 дней,2026-08-23T22:29:36Z,2026-08-28T03:00:00Z,100.5,0.0,0.0,0.0
3-5 дней,2026-08-24T04:38:48Z,2026-08-28T03:00:00Z,94.4,0.0,0.0,0.0
3-5 дней,2026-08-24T10:24:38Z,2026-08-28T03:00:00Z,88.6,0.0,0.0,0.0
3-5 дней,2026-08-24T16:34:00Z,2026-08-28T03:00:00Z,82.4,0.1,0.0,0.1
3-5 дней,2026-08-24T22:34:40Z,2026-08-28T03:00:00Z,76.4,0.5,0.0,0.5
3-5 дней,2026-08-23T16:21:17Z,2026-08-28T15:00:00Z,118.6,0.0,0.0,0.0
3-5 дней,2026-08-23T22:29:36Z,2026-08-28T15:00:00Z,112.5,0.0,0.0,0.0
3-5 дней,2026-08-24T04:38:48Z,2026-08-28T15:00:00Z,106.4,0.0,0.0,0.0
3-5 дней,2026-08-24T10:24:38Z,2026-08-28T15:00:00Z,100.6,0.0,0.0,0.0
3-5 дней,2026-08-24T16:34:00Z,2026-08-28T15:00:00Z,94.4,0.0,0.0,0.0
3-5 дней,2026-08-24T22:34:40Z,2026-08-28T15:00:00Z,88.4,0.0,0.0,0.0
3-5 дней,2026-08-25T04:33:15Z,2026-08-28T15:00:00Z,82.4,0.0,0.0,0.0
3-5 дней,2026-08-25T10:18:20Z,2026-08-28T15:00:00Z,76.7,0.0,0.0,0.0
3-5 дней,2026-08-24T04:38:48Z,2026-08-29T03:00:00Z,118.4,0.0,0.0,0.0
3-5 дней,2026-08-24T10:24:38Z,2026-08-29T03:00:00Z,112.6,0.0,0.0,0.0
3-5 дней,2026-08-24T16:34:00Z,2026-08-29T03:00:00Z,106.4,0.0,0.0,0.0
3-5 дней,2026-08-24T22:34:40Z,2026-08-29T03:00:00Z,100.4,0.0,0.0,0.0
3-5 дней,2026-08-25T04:33:15Z,2026-08-29T03:00:00Z,94.4,0.0,0.0,0.0
3-5 дней,2026-08-25T10:18:20Z,2026-08-29T03:00:00Z,88.7,0.0,0.0,0.0
3-5 дней,2026-08-25T16:33:53Z,2026-08-29T03:00:00Z,82.4,0.3,0.0,0.3
3-5 дней,2026-08-25T22:34:48Z,2026-08-29T03:00:00Z,76.4,0.0,0.0,0.0
3-5 дней,2026-08-24T16:34:00Z,2026-08-29T15:00:00Z,118.4,0.0,0.0,0.0
3-5 дней,2026-08-24T22:34:40Z,2026-08-29T15:00:00Z,112.4,0.0,0.0,0.0
3-5 дней,2026-08-25T04:33:15Z,2026-08-29T15:00:00Z,106.4,0.0,0.0,0.0
3-5 дней,2026-08-25T10:18:20Z,2026-08-29T15:00:00Z,100.7,0.0,0.0,0.0
3-5 дней,2026-08-25T16:33:53Z,2026-08-29T15:00:00Z,94.4,0.0,0.0,0.0
3-5 дней,2026-08-25T22:34:48Z,2026-08-29T15:00:00Z,88.4,0.0,0.0,0.0
3-5 дней,2026-08-26T04:34:15Z,2026-08-29T15:00:00Z,82.4,0.0,0.0,0.0
3-5 дней,2026-08-26T10:21:58Z,2026-08-29T15:00:00Z,76.6,0.0,0.0,0.0
3-5 дней,2026-08-25T04:33:15Z,2026-08-30T03:00:00Z,118.4,0.0,0.0,0.0
3-5 дней,2026-08-25T10:18:20Z,2026-08-30T03:00:00Z,112.7,0.0,0.0,0.0
3-5 дней,2026-08-25T16:33:53Z,2026-08-30T03:00:00Z,106.4,0.0,0.0,0.0
3-5 дней,2026-08-25T22:34:48Z,2026-08-30T03:00:00Z,100.4,0.0,0.0,0.0
3-5 дней,2026-08-26T04:34:15Z,2026-08-30T03:00:00Z,94.4,0.0,0.0,0.0
3-5 дней,2026-08-26T10:21:58Z,2026-08-30T03:00:00Z,88.6,0.0,0.0,0.0
3-5 дней,2026-08-26T16:46:17Z,2026-08-30T03:00:00Z,82.2,0.0,0.0,0.0
3-5 дней,2026-08-25T16:33:53Z,2026-08-30T15:00:00Z,118.4,0.0,0.0,0.0
3-5 дней,2026-08-25T22:34:48Z,2026-08-30T15:00:00Z,112.4,0.0,0.0,0.0
3-5 дней,2026-08-26T04:34:15Z,2026-08-30T15:00:00Z,106.4,0.0,0.0,0.0
3-5 дней,2026-08-26T10:21:58Z,2026-08-30T15:00:00Z,100.6,0.0,0.0,0.0
3-5 дней,2026-08-26T16:46:17Z,2026-08-30T15:00:00Z,94.2,0.0,0.0,0.0
3-5 дней,2026-08-27T03:02:51Z,2026-08-30T15:00:00Z,84.0,0.0,0.0,0.0
3-5 дней,2026-08-27T14:55:44Z,2026-08-30T15:00:00Z,72.1,0.0,0.0,0.0
3-5 дней,2026-08-26T04:34:15Z,2026-08-31T03:00:00Z,118.4,0.46,0.0,0.46
3-5 дней,2026-08-26T10:21:58Z,2026-08-31T03:00:00Z,112.6,1.2,0.0,1.2
3-5 дней,2026-08-26T16:46:17Z,2026-08-31T03:00:00Z,106.2,0.0,0.0,0.0
3-5 дней,2026-08-27T03:02:51Z,2026-08-31T03:00:00Z,96.0,0.0,0.0,0.0
3-5 дней,2026-08-27T14:55:44Z,2026-08-31T03:00:00Z,84.1,0.0,0.0,0.0
3-5 дней,2026-08-27T20:01:22Z,2026-08-31T03:00:00Z,79.0,0.0,0.0,0.0
3-5 дней,2026-08-28T00:44:37Z,2026-08-31T03:00:00Z,74.3,0.0,0.0,0.0
3-5 дней,2026-08-26T16:46:17Z,2026-08-31T15:00:00Z,118.2,0.0,0.0,0.0
3-5 дней,2026-08-27T03:02:51Z,2026-08-31T15:00:00Z,108.0,2.7,0.0,2.7
3-5 дней,2026-08-27T14:55:44Z,2026-08-31T15:00:00Z,96.1,3.6,0.0,3.6
3-5 дней,2026-08-27T20:01:22Z,2026-08-31T15:00:00Z,91.0,5.7,0.0,5.7
3-5 дней,2026-08-28T00:44:37Z,2026-08-31T15:00:00Z,86.3,1.2,0.0,1.2
3-5 дней,2026-08-28T06:03:31Z,2026-08-31T15:00:00Z,80.9,1.5,0.0,1.5
3-5 дней,2026-08-27T03:02:51Z,2026-09-01T03:00:00Z,120.0,0.3,0.0,0.3
3-5 дней,2026-08-27T14:55:44Z,2026-09-01T03:00:00Z,108.1,0.6,0.0,0.6
3-5 дней,2026-08-27T20:01:22Z,2026-09-01T03:00:00Z,103.0,0.3,0.0,0.3
3-5 дней,2026-08-28T00:44:37Z,2026-09-01T03:00:00Z,98.3,0.0,0.0,0.0
3-5 дней,2026-08-28T06:03:31Z,2026-09-01T03:00:00Z,92.9,0.6,0.0,0.6
3-5 дней,2026-08-28T15:51:06Z,2026-09-01T03:00:00Z,83.1,0.9,0.0,0.9
3-5 дней,2026-08-29T00:23:24Z,2026-09-01T03:00:00Z,74.6,0.1,0.0,0.1
3-5 дней,2026-08-27T20:01:22Z,2026-09-01T15:00:00Z,115.0,1.5,3.0,-1.5
3-5 дней,2026-08-28T00:44:37Z,2026-09-01T15:00:00Z,110.3,0.6,3.0,-2.4
3-5 дней,2026-08-28T06:03:31Z,2026-09-01T15:00:00Z,104.9,0.6,3.0,-2.4
3-5 дней,2026-08-28T15:51:06Z,2026-09-01T15:00:00Z,95.1,4.5,3.0,1.5
3-5 дней,2026-08-29T00:23:24Z,2026-09-01T15:00:00Z,86.6,0.0,3.0,-3.0
3-5 дней,2026-08-29T03:37:28Z,2026-09-01T15:00:00Z,83.4,0.0,3.0,-3.0
3-5 дней,2026-08-29T10:40:21Z,2026-09-01T15:00:00Z,76.3,0.7,3.0,-2.3
3-5 дней,2026-08-29T14:43:22Z,2026-09-01T15:00:00Z,72.3,0.7,3.0,-2.3
3-5 дней,2026-08-28T06:03:31Z,2026-09-02T03:00:00Z,116.9,1.2,0.7,0.5
3-5 дней,2026-08-28T15:51:06Z,2026-09-02T03:00:00Z,107.1,4.2,0.7,3.5
3-5 дней,2026-08-29T00:23:24Z,2026-09-02T03:00:00Z,98.6,1.2,0.7,0.5
3-5 дней,2026-08-29T03:37:28Z,2026-09-02T03:00:00Z,95.4,1.2,0.7,0.5
3-5 дней,2026-08-29T10:40:21Z,2026-09-02T03:00:00Z,88.3,0.0,0.7,-0.7
3-5 дней,2026-08-29T14:43:22Z,2026-09-02T03:00:00Z,84.3,0.0,0.7,-0.7
3-5 дней,2026-08-29T19:10:40Z,2026-09-02T03:00:00Z,79.8,0.0,0.7,-0.7
3-5 дней,2026-08-30T00:04:13Z,2026-09-02T03:00:00Z,74.9,0.0,0.7,-0.7
3-5 дней,2026-08-28T15:51:06Z,2026-09-02T15:00:00Z,119.1,1.5,0.0,1.5
3-5 дней,2026-08-29T00:23:24Z,2026-09-02T15:00:00Z,110.6,1.8,0.0,1.8
3-5 дней,2026-08-29T03:37:28Z,2026-09-02T15:00:00Z,107.4,1.8,0.0,1.8
3-5 дней,2026-08-29T10:40:21Z,2026-09-02T15:00:00Z,100.3,2.7,0.0,2.7
3-5 дней,2026-08-29T14:43:22Z,2026-09-02T15:00:00Z,96.3,2.7,0.0,2.7
3-5 дней,2026-08-29T19:10:40Z,2026-09-02T15:00:00Z,91.8,3.3,0.0,3.3
3-5 дней,2026-08-30T00:04:13Z,2026-09-02T15:00:00Z,86.9,2.7,0.0,2.7
3-5 дней,2026-08-30T09:40:19Z,2026-09-02T15:00:00Z,77.3,0.3,0.0,0.3
3-5 дней,2026-08-30T14:32:26Z,2026-09-02T15:00:00Z,72.5,0.0,0.0,0.0
3-5 дней,2026-08-29T03:37:28Z,2026-09-03T03:00:00Z,119.4,4.36,2.0,2.36
3-5 дней,2026-08-29T10:40:21Z,2026-09-03T03:00:00Z,112.3,0.9,2.0,-1.1
3-5 дней,2026-08-29T14:43:22Z,2026-09-03T03:00:00Z,108.3,0.9,2.0,-1.1
3-5 дней,2026-08-29T19:10:40Z,2026-09-03T03:00:00Z,103.8,12.6,2.0,10.6
3-5 дней,2026-08-30T00:04:13Z,2026-09-03T03:00:00Z,98.9,9.0,2.0,7.0
3-5 дней,2026-08-30T09:40:19Z,2026-09-03T03:00:00Z,89.3,5.4,2.0,3.4
3-5 дней,2026-08-30T14:32:26Z,2026-09-03T03:00:00Z,84.5,10.8,2.0,8.8
3-5 дней,2026-08-30T19:02:03Z,2026-09-03T03:00:00Z,80.0,0.9,2.0,-1.1
3-5 дней,2026-08-31T00:22:13Z,2026-09-03T03:00:00Z,74.6,10.1,2.0,8.1
3-5 дней,2026-08-29T19:10:40Z,2026-09-03T15:00:00Z,115.8,1.95,6.0,-4.05
3-5 дней,2026-08-30T00:04:13Z,2026-09-03T15:00:00Z,110.9,13.2,6.0,7.2
3-5 дней,2026-08-30T09:40:19Z,2026-09-03T15:00:00Z,101.3,23.4,6.0,17.4
3-5 дней,2026-08-30T14:32:26Z,2026-09-03T15:00:00Z,96.5,5.4,6.0,-0.6
3-5 дней,2026-08-30T19:02:03Z,2026-09-03T15:00:00Z,92.0,5.7,6.0,-0.3
3-5 дней,2026-08-31T00:22:13Z,2026-09-03T15:00:00Z,86.6,3.6,6.0,-2.4
3-5 дней,2026-08-30T09:40:19Z,2026-09-04T03:00:00Z,113.3,0.0,0.0,0.0
3-5 дней,2026-08-30T14:32:26Z,2026-09-04T03:00:00Z,108.5,1.2,0.0,1.2
3-5 дней,2026-08-30T19:02:03Z,2026-09-04T03:00:00Z,104.0,0.0,0.0,0.0
3-5 дней,2026-08-31T00:22:13Z,2026-09-04T03:00:00Z,98.6,0.6,0.0,0.6
3-5 дней,2026-08-31T21:17:52Z,2026-09-04T03:00:00Z,77.7,0.0,0.0,0.0
3-5 дней,2026-09-01T01:11:20Z,2026-09-04T03:00:00Z,73.8,0.0,0.0,0.0
5-10 дней,2026-08-06T09:50:07Z,2026-08-11T15:00:00Z,125.2,3.9,0.1,3.8
5-10 дней,2026-08-06T09:59:18Z,2026-08-11T15:00:00Z,125.0,3.9,0.1,3.8
5-10 дней,2026-08-06T10:08:26Z,2026-08-11T15:00:00Z,124.9,3.9,0.1,3.8
5-10 дней,2026-08-06T10:47:54Z,2026-08-11T15:00:00Z,124.2,3.9,0.1,3.8
5-10 дней,2026-08-06T11:30:42Z,2026-08-11T15:00:00Z,123.5,3.9,0.1,3.8
5-10 дней,2026-08-06T11:36:01Z,2026-08-11T15:00:00Z,123.4,3.9,0.1,3.8
5-10 дней,2026-08-06T11:44:08Z,2026-08-11T15:00:00Z,123.3,3.9,0.1,3.8
5-10 дней,2026-08-06T09:50:07Z,2026-08-12T03:00:00Z,137.2,0.3,5.0,-4.7
5-10 дней,2026-08-06T09:59:18Z,2026-08-12T03:00:00Z,137.0,0.3,5.0,-4.7
5-10 дней,2026-08-06T10:08:26Z,2026-08-12T03:00:00Z,136.9,0.3,5.0,-4.7
5-10 дней,2026-08-06T10:47:54Z,2026-08-12T03:00:00Z,136.2,0.3,5.0,-4.7
5-10 дней,2026-08-06T11:30:42Z,2026-08-12T03:00:00Z,135.5,0.3,5.0,-4.7
5-10 дней,2026-08-06T11:36:01Z,2026-08-12T03:00:00Z,135.4,0.3,5.0,-4.7
5-10 дней,2026-08-06T11:44:08Z,2026-08-12T03:00:00Z,135.3,0.3,5.0,-4.7
5-10 дней,2026-08-07T01:31:32Z,2026-08-12T03:00:00Z,121.5,2.26,5.0,-2.74
5-10 дней,2026-08-06T09:50:07Z,2026-08-12T15:00:00Z,149.2,0.6,4.0,-3.4
5-10 дней,2026-08-06T09:59:18Z,2026-08-12T15:00:00Z,149.0,0.6,4.0,-3.4
5-10 дней,2026-08-06T10:08:26Z,2026-08-12T15:00:00Z,148.9,0.6,4.0,-3.4
5-10 дней,2026-08-06T10:47:54Z,2026-08-12T15:00:00Z,148.2,0.6,4.0,-3.4
5-10 дней,2026-08-06T11:30:42Z,2026-08-12T15:00:00Z,147.5,0.6,4.0,-3.4
5-10 дней,2026-08-06T11:36:01Z,2026-08-12T15:00:00Z,147.4,0.6,4.0,-3.4
5-10 дней,2026-08-06T11:44:08Z,2026-08-12T15:00:00Z,147.3,0.6,4.0,-3.4
5-10 дней,2026-08-07T01:31:32Z,2026-08-12T15:00:00Z,133.5,0.0,4.0,-4.0
5-10 дней,2026-08-07T05:36:00Z,2026-08-12T15:00:00Z,129.4,0.0,4.0,-4.0
5-10 дней,2026-08-07T06:18:59Z,2026-08-12T15:00:00Z,128.7,0.0,4.0,-4.0
5-10 дней,2026-08-07T07:13:52Z,2026-08-12T15:00:00Z,127.8,0.0,4.0,-4.0
5-10 дней,2026-08-07T10:39:14Z,2026-08-12T15:00:00Z,124.3,0.0,4.0,-4.0
5-10 дней,2026-08-06T09:50:07Z,2026-08-13T03:00:00Z,161.2,0.0,5.0,-5.0
5-10 дней,2026-08-06T09:59:18Z,2026-08-13T03:00:00Z,161.0,0.0,5.0,-5.0
5-10 дней,2026-08-06T10:08:26Z,2026-08-13T03:00:00Z,160.9,0.0,5.0,-5.0
5-10 дней,2026-08-06T10:47:54Z,2026-08-13T03:00:00Z,160.2,0.0,5.0,-5.0
5-10 дней,2026-08-06T11:30:42Z,2026-08-13T03:00:00Z,159.5,0.0,5.0,-5.0
5-10 дней,2026-08-06T11:36:01Z,2026-08-13T03:00:00Z,159.4,0.0,5.0,-5.0
5-10 дней,2026-08-06T11:44:08Z,2026-08-13T03:00:00Z,159.3,0.0,5.0,-5.0
5-10 дней,2026-08-07T01:31:32Z,2026-08-13T03:00:00Z,145.5,0.0,5.0,-5.0
5-10 дней,2026-08-07T05:36:00Z,2026-08-13T03:00:00Z,141.4,0.0,5.0,-5.0
5-10 дней,2026-08-07T06:18:59Z,2026-08-13T03:00:00Z,140.7,0.0,5.0,-5.0
5-10 дней,2026-08-07T07:13:52Z,2026-08-13T03:00:00Z,139.8,0.0,5.0,-5.0
5-10 дней,2026-08-07T10:39:14Z,2026-08-13T03:00:00Z,136.3,0.0,5.0,-5.0
5-10 дней,2026-08-07T16:51:54Z,2026-08-13T03:00:00Z,130.1,0.0,5.0,-5.0
5-10 дней,2026-08-07T22:45:57Z,2026-08-13T03:00:00Z,124.2,0.0,5.0,-5.0
5-10 дней,2026-08-07T23:19:23Z,2026-08-13T03:00:00Z,123.7,0.0,5.0,-5.0
5-10 дней,2026-08-07T01:31:32Z,2026-08-13T15:00:00Z,157.5,2.1,31.0,-28.9
5-10 дней,2026-08-07T05:36:00Z,2026-08-13T15:00:00Z,153.4,0.0,31.0,-31.0
5-10 дней,2026-08-07T06:18:59Z,2026-08-13T15:00:00Z,152.7,0.0,31.0,-31.0
5-10 дней,2026-08-07T07:13:52Z,2026-08-13T15:00:00Z,151.8,0.0,31.0,-31.0
5-10 дней,2026-08-07T10:39:14Z,2026-08-13T15:00:00Z,148.3,0.0,31.0,-31.0
5-10 дней,2026-08-07T16:51:54Z,2026-08-13T15:00:00Z,142.1,0.0,31.0,-31.0
5-10 дней,2026-08-07T22:45:57Z,2026-08-13T15:00:00Z,136.2,0.0,31.0,-31.0
5-10 дней,2026-08-07T23:19:23Z,2026-08-13T15:00:00Z,135.7,0.0,31.0,-31.0
5-10 дней,2026-08-08T04:50:53Z,2026-08-13T15:00:00Z,130.2,6.9,31.0,-24.1
5-10 дней,2026-08-08T10:18:13Z,2026-08-13T15:00:00Z,124.7,11.7,31.0,-19.3
5-10 дней,2026-08-07T05:36:00Z,2026-08-14T03:00:00Z,165.4,0.0,24.0,-24.0
5-10 дней,2026-08-07T06:18:59Z,2026-08-14T03:00:00Z,164.7,0.0,24.0,-24.0
5-10 дней,2026-08-07T07:13:52Z,2026-08-14T03:00:00Z,163.8,0.0,24.0,-24.0
5-10 дней,2026-08-07T10:39:14Z,2026-08-14T03:00:00Z,160.3,0.0,24.0,-24.0
5-10 дней,2026-08-07T16:51:54Z,2026-08-14T03:00:00Z,154.1,0.0,24.0,-24.0
5-10 дней,2026-08-07T22:45:57Z,2026-08-14T03:00:00Z,148.2,0.0,24.0,-24.0
5-10 дней,2026-08-07T23:19:23Z,2026-08-14T03:00:00Z,147.7,0.0,24.0,-24.0
5-10 дней,2026-08-08T04:50:53Z,2026-08-14T03:00:00Z,142.2,3.0,24.0,-21.0
5-10 дней,2026-08-08T10:18:13Z,2026-08-14T03:00:00Z,136.7,3.0,24.0,-21.0
5-10 дней,2026-08-08T22:37:20Z,2026-08-14T03:00:00Z,124.4,11.1,24.0,-12.9
5-10 дней,2026-08-07T16:51:54Z,2026-08-14T15:00:00Z,166.1,0.3,7.0,-6.7
5-10 дней,2026-08-07T22:45:57Z,2026-08-14T15:00:00Z,160.2,0.3,7.0,-6.7
5-10 дней,2026-08-07T23:19:23Z,2026-08-14T15:00:00Z,159.7,0.3,7.0,-6.7
5-10 дней,2026-08-08T04:50:53Z,2026-08-14T15:00:00Z,154.2,0.0,7.0,-7.0
5-10 дней,2026-08-08T10:18:13Z,2026-08-14T15:00:00Z,148.7,0.0,7.0,-7.0
5-10 дней,2026-08-08T22:37:20Z,2026-08-14T15:00:00Z,136.4,0.0,7.0,-7.0
5-10 дней,2026-08-09T04:59:03Z,2026-08-14T15:00:00Z,130.0,0.0,7.0,-7.0
5-10 дней,2026-08-09T10:19:29Z,2026-08-14T15:00:00Z,124.7,0.6,7.0,-6.4
5-10 дней,2026-08-09T12:41:38Z,2026-08-14T15:00:00Z,122.3,0.6,7.0,-6.4
5-10 дней,2026-08-09T12:45:53Z,2026-08-14T15:00:00Z,122.2,0.6,7.0,-6.4
5-10 дней,2026-08-09T12:48:15Z,2026-08-14T15:00:00Z,122.2,0.6,7.0,-6.4
5-10 дней,2026-08-08T04:50:53Z,2026-08-15T03:00:00Z,166.2,0.0,0.0,0.0
5-10 дней,2026-08-08T10:18:13Z,2026-08-15T03:00:00Z,160.7,0.0,0.0,0.0
5-10 дней,2026-08-08T22:37:20Z,2026-08-15T03:00:00Z,148.4,0.0,0.0,0.0
5-10 дней,2026-08-09T04:59:03Z,2026-08-15T03:00:00Z,142.0,0.0,0.0,0.0
5-10 дней,2026-08-09T10:19:29Z,2026-08-15T03:00:00Z,136.7,0.0,0.0,0.0
5-10 дней,2026-08-09T12:41:38Z,2026-08-15T03:00:00Z,134.3,0.0,0.0,0.0
5-10 дней,2026-08-09T12:45:53Z,2026-08-15T03:00:00Z,134.2,0.0,0.0,0.0
5-10 дней,2026-08-09T12:48:15Z,2026-08-15T03:00:00Z,134.2,0.0,0.0,0.0
5-10 дней,2026-08-09T16:31:44Z,2026-08-15T03:00:00Z,130.5,0.0,0.0,0.0
5-10 дней,2026-08-09T22:39:09Z,2026-08-15T03:00:00Z,124.3,0.0,0.0,0.0
5-10 дней,2026-08-08T22:37:20Z,2026-08-15T15:00:00Z,160.4,0.0,0.0,0.0
5-10 дней,2026-08-09T04:59:03Z,2026-08-15T15:00:00Z,154.0,0.0,0.0,0.0
5-10 дней,2026-08-09T10:19:29Z,2026-08-15T15:00:00Z,148.7,0.0,0.0,0.0
5-10 дней,2026-08-09T12:41:38Z,2026-08-15T15:00:00Z,146.3,0.0,0.0,0.0
5-10 дней,2026-08-09T12:45:53Z,2026-08-15T15:00:00Z,146.2,0.0,0.0,0.0
5-10 дней,2026-08-09T12:48:15Z,2026-08-15T15:00:00Z,146.2,0.0,0.0,0.0
5-10 дней,2026-08-09T16:31:44Z,2026-08-15T15:00:00Z,142.5,0.0,0.0,0.0
5-10 дней,2026-08-09T22:39:09Z,2026-08-15T15:00:00Z,136.3,0.0,0.0,0.0
5-10 дней,2026-08-10T05:20:42Z,2026-08-15T15:00:00Z,129.7,0.0,0.0,0.0
5-10 дней,2026-08-10T10:53:28Z,2026-08-15T15:00:00Z,124.1,0.0,0.0,0.0
5-10 дней,2026-08-09T04:59:03Z,2026-08-16T03:00:00Z,166.0,0.0,4.0,-4.0
5-10 дней,2026-08-09T10:19:29Z,2026-08-16T03:00:00Z,160.7,0.0,4.0,-4.0
5-10 дней,2026-08-09T12:41:38Z,2026-08-16T03:00:00Z,158.3,0.0,4.0,-4.0
5-10 дней,2026-08-09T12:45:53Z,2026-08-16T03:00:00Z,158.2,0.0,4.0,-4.0
5-10 дней,2026-08-09T12:48:15Z,2026-08-16T03:00:00Z,158.2,0.0,4.0,-4.0
5-10 дней,2026-08-09T16:31:44Z,2026-08-16T03:00:00Z,154.5,0.0,4.0,-4.0
5-10 дней,2026-08-09T22:39:09Z,2026-08-16T03:00:00Z,148.3,0.0,4.0,-4.0
5-10 дней,2026-08-10T05:20:42Z,2026-08-16T03:00:00Z,141.7,0.0,4.0,-4.0
5-10 дней,2026-08-10T10:53:28Z,2026-08-16T03:00:00Z,136.1,0.0,4.0,-4.0
5-10 дней,2026-08-10T16:52:05Z,2026-08-16T03:00:00Z,130.1,0.0,4.0,-4.0
5-10 дней,2026-08-10T22:47:13Z,2026-08-16T03:00:00Z,124.2,0.3,4.0,-3.7
5-10 дней,2026-08-09T16:31:44Z,2026-08-16T15:00:00Z,166.5,0.0,0.4,-0.4
5-10 дней,2026-08-09T22:39:09Z,2026-08-16T15:00:00Z,160.3,0.0,0.4,-0.4
5-10 дней,2026-08-10T05:20:42Z,2026-08-16T15:00:00Z,153.7,0.0,0.4,-0.4
5-10 дней,2026-08-10T10:53:28Z,2026-08-16T15:00:00Z,148.1,0.0,0.4,-0.4
5-10 дней,2026-08-10T16:52:05Z,2026-08-16T15:00:00Z,142.1,0.0,0.4,-0.4
5-10 дней,2026-08-10T22:47:13Z,2026-08-16T15:00:00Z,136.2,0.0,0.4,-0.4
5-10 дней,2026-08-11T05:01:49Z,2026-08-16T15:00:00Z,130.0,0.0,0.4,-0.4
5-10 дней,2026-08-11T10:38:45Z,2026-08-16T15:00:00Z,124.4,0.0,0.4,-0.4
5-10 дней,2026-08-10T05:20:42Z,2026-08-17T03:00:00Z,165.7,0.0,0.0,0.0
5-10 дней,2026-08-10T10:53:28Z,2026-08-17T03:00:00Z,160.1,0.0,0.0,0.0
5-10 дней,2026-08-10T16:52:05Z,2026-08-17T03:00:00Z,154.1,0.0,0.0,0.0
5-10 дней,2026-08-10T22:47:13Z,2026-08-17T03:00:00Z,148.2,0.0,0.0,0.0
5-10 дней,2026-08-11T05:01:49Z,2026-08-17T03:00:00Z,142.0,0.0,0.0,0.0
5-10 дней,2026-08-11T10:38:45Z,2026-08-17T03:00:00Z,136.4,0.0,0.0,0.0
5-10 дней,2026-08-10T16:52:05Z,2026-08-17T15:00:00Z,166.1,0.0,0.0,0.0
5-10 дней,2026-08-10T22:47:13Z,2026-08-17T15:00:00Z,160.2,0.0,0.0,0.0
5-10 дней,2026-08-11T05:01:49Z,2026-08-17T15:00:00Z,154.0,4.2,0.0,4.2
5-10 дней,2026-08-11T10:38:45Z,2026-08-17T15:00:00Z,148.4,4.2,0.0,4.2
5-10 дней,2026-08-12T10:47:03Z,2026-08-17T15:00:00Z,124.2,0.0,0.0,0.0
5-10 дней,2026-08-11T05:01:49Z,2026-08-18T03:00:00Z,166.0,0.0,0.0,0.0
5-10 дней,2026-08-11T10:38:45Z,2026-08-18T03:00:00Z,160.4,0.0,0.0,0.0
5-10 дней,2026-08-12T10:47:03Z,2026-08-18T03:00:00Z,136.2,0.0,0.0,0.0
5-10 дней,2026-08-12T16:54:57Z,2026-08-18T03:00:00Z,130.1,0.0,0.0,0.0
5-10 дней,2026-08-12T22:50:47Z,2026-08-18T03:00:00Z,124.2,0.0,0.0,0.0
5-10 дней,2026-08-12T10:47:03Z,2026-08-18T15:00:00Z,148.2,0.0,0.0,0.0
5-10 дней,2026-08-12T16:54:57Z,2026-08-18T15:00:00Z,142.1,7.5,0.0,7.5
5-10 дней,2026-08-12T22:50:47Z,2026-08-18T15:00:00Z,136.2,7.5,0.0,7.5
5-10 дней,2026-08-13T05:30:08Z,2026-08-18T15:00:00Z,129.5,0.9,0.0,0.9
5-10 дней,2026-08-13T10:49:01Z,2026-08-18T15:00:00Z,124.2,0.16,0.0,0.16
5-10 дней,2026-08-12T10:47:03Z,2026-08-19T03:00:00Z,160.2,0.0,0.0,0.0
5-10 дней,2026-08-12T16:54:57Z,2026-08-19T03:00:00Z,154.1,0.3,0.0,0.3
5-10 дней,2026-08-12T22:50:47Z,2026-08-19T03:00:00Z,148.2,0.3,0.0,0.3
5-10 дней,2026-08-13T05:30:08Z,2026-08-19T03:00:00Z,141.5,0.0,0.0,0.0
5-10 дней,2026-08-13T10:49:01Z,2026-08-19T03:00:00Z,136.2,0.0,0.0,0.0
5-10 дней,2026-08-13T16:36:10Z,2026-08-19T03:00:00Z,130.4,3.3,0.0,3.3
5-10 дней,2026-08-13T16:42:24Z,2026-08-19T03:00:00Z,130.3,3.3,0.0,3.3
5-10 дней,2026-08-13T16:54:22Z,2026-08-19T03:00:00Z,130.1,3.3,0.0,3.3
5-10 дней,2026-08-13T22:52:17Z,2026-08-19T03:00:00Z,124.1,3.76,0.0,3.76
5-10 дней,2026-08-12T16:54:57Z,2026-08-19T15:00:00Z,166.1,4.5,0.0,4.5
5-10 дней,2026-08-12T22:50:47Z,2026-08-19T15:00:00Z,160.2,4.5,0.0,4.5
5-10 дней,2026-08-13T05:30:08Z,2026-08-19T15:00:00Z,153.5,6.9,0.0,6.9
5-10 дней,2026-08-13T10:49:01Z,2026-08-19T15:00:00Z,148.2,6.9,0.0,6.9
5-10 дней,2026-08-13T16:36:10Z,2026-08-19T15:00:00Z,142.4,6.3,0.0,6.3
5-10 дней,2026-08-13T16:42:24Z,2026-08-19T15:00:00Z,142.3,6.3,0.0,6.3
5-10 дней,2026-08-13T16:54:22Z,2026-08-19T15:00:00Z,142.1,6.3,0.0,6.3
5-10 дней,2026-08-13T22:52:17Z,2026-08-19T15:00:00Z,136.1,6.3,0.0,6.3
5-10 дней,2026-08-14T05:28:14Z,2026-08-19T15:00:00Z,129.5,0.0,0.0,0.0
5-10 дней,2026-08-14T10:44:54Z,2026-08-19T15:00:00Z,124.3,0.0,0.0,0.0
5-10 дней,2026-08-13T05:30:08Z,2026-08-20T03:00:00Z,165.5,0.0,4.0,-4.0
5-10 дней,2026-08-13T10:49:01Z,2026-08-20T03:00:00Z,160.2,0.0,4.0,-4.0
5-10 дней,2026-08-13T16:36:10Z,2026-08-20T03:00:00Z,154.4,4.2,4.0,0.2
5-10 дней,2026-08-13T16:42:24Z,2026-08-20T03:00:00Z,154.3,4.2,4.0,0.2
5-10 дней,2026-08-13T16:54:22Z,2026-08-20T03:00:00Z,154.1,4.2,4.0,0.2
5-10 дней,2026-08-13T22:52:17Z,2026-08-20T03:00:00Z,148.1,4.2,4.0,0.2
5-10 дней,2026-08-14T05:28:14Z,2026-08-20T03:00:00Z,141.5,0.0,4.0,-4.0
5-10 дней,2026-08-14T10:44:54Z,2026-08-20T03:00:00Z,136.3,0.0,4.0,-4.0
5-10 дней,2026-08-14T16:48:33Z,2026-08-20T03:00:00Z,130.2,3.3,4.0,-0.7
5-10 дней,2026-08-14T22:30:55Z,2026-08-20T03:00:00Z,124.5,3.3,4.0,-0.7
5-10 дней,2026-08-13T16:36:10Z,2026-08-20T15:00:00Z,166.4,3.0,1.0,2.0
5-10 дней,2026-08-13T16:42:24Z,2026-08-20T15:00:00Z,166.3,3.0,1.0,2.0
5-10 дней,2026-08-13T16:54:22Z,2026-08-20T15:00:00Z,166.1,3.0,1.0,2.0
5-10 дней,2026-08-13T22:52:17Z,2026-08-20T15:00:00Z,160.1,3.0,1.0,2.0
5-10 дней,2026-08-14T05:28:14Z,2026-08-20T15:00:00Z,153.5,1.5,1.0,0.5
5-10 дней,2026-08-14T10:44:54Z,2026-08-20T15:00:00Z,148.3,1.5,1.0,0.5
5-10 дней,2026-08-14T16:48:33Z,2026-08-20T15:00:00Z,142.2,4.2,1.0,3.2
5-10 дней,2026-08-14T22:30:55Z,2026-08-20T15:00:00Z,136.5,4.2,1.0,3.2
5-10 дней,2026-08-15T04:24:15Z,2026-08-20T15:00:00Z,130.6,2.4,1.0,1.4
5-10 дней,2026-08-15T10:09:15Z,2026-08-20T15:00:00Z,124.8,0.0,1.0,-1.0
5-10 дней,2026-08-14T05:28:14Z,2026-08-21T03:00:00Z,165.5,0.3,0.0,0.3
5-10 дней,2026-08-14T10:44:54Z,2026-08-21T03:00:00Z,160.3,0.3,0.0,0.3
5-10 дней,2026-08-14T16:48:33Z,2026-08-21T03:00:00Z,154.2,0.0,0.0,0.0
5-10 дней,2026-08-14T22:30:55Z,2026-08-21T03:00:00Z,148.5,0.0,0.0,0.0
5-10 дней,2026-08-15T04:24:15Z,2026-08-21T03:00:00Z,142.6,0.0,0.0,0.0
5-10 дней,2026-08-15T10:09:15Z,2026-08-21T03:00:00Z,136.8,0.0,0.0,0.0
5-10 дней,2026-08-15T22:29:33Z,2026-08-21T03:00:00Z,124.5,0.0,0.0,0.0
5-10 дней,2026-08-14T16:48:33Z,2026-08-21T15:00:00Z,166.2,0.3,0.0,0.3
5-10 дней,2026-08-14T22:30:55Z,2026-08-21T15:00:00Z,160.5,0.3,0.0,0.3
5-10 дней,2026-08-15T04:24:15Z,2026-08-21T15:00:00Z,154.6,2.1,0.0,2.1
5-10 дней,2026-08-15T10:09:15Z,2026-08-21T15:00:00Z,148.8,2.1,0.0,2.1
5-10 дней,2026-08-15T22:29:33Z,2026-08-21T15:00:00Z,136.5,0.0,0.0,0.0
5-10 дней,2026-08-16T04:29:41Z,2026-08-21T15:00:00Z,130.5,0.3,0.0,0.3
5-10 дней,2026-08-16T07:21:44Z,2026-08-21T15:00:00Z,127.6,0.3,0.0,0.3
5-10 дней,2026-08-16T10:09:47Z,2026-08-21T15:00:00Z,124.8,0.3,0.0,0.3
5-10 дней,2026-08-15T04:24:15Z,2026-08-22T03:00:00Z,166.6,0.0,0.0,0.0
5-10 дней,2026-08-15T10:09:15Z,2026-08-22T03:00:00Z,160.8,0.0,0.0,0.0
5-10 дней,2026-08-15T22:29:33Z,2026-08-22T03:00:00Z,148.5,0.0,0.0,0.0
5-10 дней,2026-08-16T04:29:41Z,2026-08-22T03:00:00Z,142.5,0.0,0.0,0.0
5-10 дней,2026-08-16T07:21:44Z,2026-08-22T03:00:00Z,139.6,0.0,0.0,0.0
5-10 дней,2026-08-16T10:09:47Z,2026-08-22T03:00:00Z,136.8,0.0,0.0,0.0
5-10 дней,2026-08-16T16:21:00Z,2026-08-22T03:00:00Z,130.7,0.0,0.0,0.0
5-10 дней,2026-08-16T22:29:34Z,2026-08-22T03:00:00Z,124.5,0.3,0.0,0.3
5-10 дней,2026-08-15T22:29:33Z,2026-08-22T15:00:00Z,160.5,2.4,0.6,1.8
5-10 дней,2026-08-16T04:29:41Z,2026-08-22T15:00:00Z,154.5,5.7,0.6,5.1
5-10 дней,2026-08-16T07:21:44Z,2026-08-22T15:00:00Z,151.6,5.7,0.6,5.1
5-10 дней,2026-08-16T10:09:47Z,2026-08-22T15:00:00Z,148.8,5.7,0.6,5.1
5-10 дней,2026-08-16T16:21:00Z,2026-08-22T15:00:00Z,142.7,5.7,0.6,5.1
5-10 дней,2026-08-16T22:29:34Z,2026-08-22T15:00:00Z,136.5,2.4,0.6,1.8
5-10 дней,2026-08-17T04:35:30Z,2026-08-22T15:00:00Z,130.4,0.6,0.6,0.0
5-10 дней,2026-08-17T10:18:11Z,2026-08-22T15:00:00Z,124.7,0.6,0.6,0.0
5-10 дней,2026-08-16T04:29:41Z,2026-08-23T03:00:00Z,166.5,0.0,0.0,0.0
5-10 дней,2026-08-16T07:21:44Z,2026-08-23T03:00:00Z,163.6,0.0,0.0,0.0
5-10 дней,2026-08-16T10:09:47Z,2026-08-23T03:00:00Z,160.8,0.0,0.0,0.0
5-10 дней,2026-08-16T16:21:00Z,2026-08-23T03:00:00Z,154.7,0.0,0.0,0.0
5-10 дней,2026-08-16T22:29:34Z,2026-08-23T03:00:00Z,148.5,0.0,0.0,0.0
5-10 дней,2026-08-17T04:35:30Z,2026-08-23T03:00:00Z,142.4,0.0,0.0,0.0
5-10 дней,2026-08-17T10:18:11Z,2026-08-23T03:00:00Z,136.7,0.0,0.0,0.0
5-10 дней,2026-08-17T16:23:45Z,2026-08-23T03:00:00Z,130.6,0.0,0.0,0.0
5-10 дней,2026-08-17T22:31:28Z,2026-08-23T03:00:00Z,124.5,0.0,0.0,0.0
5-10 дней,2026-08-16T22:29:34Z,2026-08-23T15:00:00Z,160.5,1.5,3.0,-1.5
5-10 дней,2026-08-17T04:35:30Z,2026-08-23T15:00:00Z,154.4,4.2,3.0,1.2
5-10 дней,2026-08-17T10:18:11Z,2026-08-23T15:00:00Z,148.7,4.2,3.0,1.2
5-10 дней,2026-08-17T16:23:45Z,2026-08-23T15:00:00Z,142.6,4.2,3.0,1.2
5-10 дней,2026-08-17T22:31:28Z,2026-08-23T15:00:00Z,136.5,4.2,3.0,1.2
5-10 дней,2026-08-18T04:30:05Z,2026-08-23T15:00:00Z,130.5,4.2,3.0,1.2
5-10 дней,2026-08-18T10:14:55Z,2026-08-23T15:00:00Z,124.8,4.2,3.0,1.2
5-10 дней,2026-08-17T04:35:30Z,2026-08-24T03:00:00Z,166.4,11.4,1.0,10.4
5-10 дней,2026-08-17T10:18:11Z,2026-08-24T03:00:00Z,160.7,11.4,1.0,10.4
5-10 дней,2026-08-17T16:23:45Z,2026-08-24T03:00:00Z,154.6,11.4,1.0,10.4
5-10 дней,2026-08-17T22:31:28Z,2026-08-24T03:00:00Z,148.5,11.4,1.0,10.4
5-10 дней,2026-08-18T04:30:05Z,2026-08-24T03:00:00Z,142.5,11.4,1.0,10.4
5-10 дней,2026-08-18T10:14:55Z,2026-08-24T03:00:00Z,136.8,11.4,1.0,10.4
5-10 дней,2026-08-18T16:27:50Z,2026-08-24T03:00:00Z,130.5,1.2,1.0,0.2
5-10 дней,2026-08-18T22:31:39Z,2026-08-24T03:00:00Z,124.5,1.2,1.0,0.2
5-10 дней,2026-08-18T16:27:50Z,2026-08-24T15:00:00Z,142.5,1.5,6.0,-4.5
5-10 дней,2026-08-18T22:31:39Z,2026-08-24T15:00:00Z,136.5,1.5,6.0,-4.5
5-10 дней,2026-08-19T04:31:14Z,2026-08-24T15:00:00Z,130.5,0.0,6.0,-6.0
5-10 дней,2026-08-19T10:14:48Z,2026-08-24T15:00:00Z,124.8,0.0,6.0,-6.0
5-10 дней,2026-08-18T16:27:50Z,2026-08-25T03:00:00Z,154.5,0.0,6.0,-6.0
5-10 дней,2026-08-18T22:31:39Z,2026-08-25T03:00:00Z,148.5,0.0,6.0,-6.0
5-10 дней,2026-08-19T04:31:14Z,2026-08-25T03:00:00Z,142.5,0.3,6.0,-5.7
5-10 дней,2026-08-19T10:14:48Z,2026-08-25T03:00:00Z,136.8,0.3,6.0,-5.7
5-10 дней,2026-08-19T16:28:17Z,2026-08-25T03:00:00Z,130.5,0.0,6.0,-6.0
5-10 дней,2026-08-18T16:27:50Z,2026-08-25T15:00:00Z,166.5,1.5,0.3,1.2
5-10 дней,2026-08-18T22:31:39Z,2026-08-25T15:00:00Z,160.5,1.5,0.3,1.2
5-10 дней,2026-08-19T04:31:14Z,2026-08-25T15:00:00Z,154.5,1.2,0.3,0.9
5-10 дней,2026-08-19T10:14:48Z,2026-08-25T15:00:00Z,148.8,1.2,0.3,0.9
5-10 дней,2026-08-19T16:28:17Z,2026-08-25T15:00:00Z,142.5,0.0,0.3,-0.3
5-10 дней,2026-08-20T04:31:56Z,2026-08-25T15:00:00Z,130.5,0.0,0.3,-0.3
5-10 дней,2026-08-20T10:16:10Z,2026-08-25T15:00:00Z,124.7,0.3,0.3,0.0
5-10 дней,2026-08-19T04:31:14Z,2026-08-26T03:00:00Z,166.5,0.0,0.0,0.0
5-10 дней,2026-08-19T10:14:48Z,2026-08-26T03:00:00Z,160.8,0.0,0.0,0.0
5-10 дней,2026-08-19T16:28:17Z,2026-08-26T03:00:00Z,154.5,0.0,0.0,0.0
5-10 дней,2026-08-20T04:31:56Z,2026-08-26T03:00:00Z,142.5,3.9,0.0,3.9
5-10 дней,2026-08-20T10:16:10Z,2026-08-26T03:00:00Z,136.7,3.9,0.0,3.9
5-10 дней,2026-08-20T16:31:45Z,2026-08-26T03:00:00Z,130.5,0.9,0.0,0.9
5-10 дней,2026-08-20T22:34:58Z,2026-08-26T03:00:00Z,124.4,0.9,0.0,0.9
5-10 дней,2026-08-19T16:28:17Z,2026-08-26T15:00:00Z,166.5,0.0,0.0,0.0
5-10 дней,2026-08-20T04:31:56Z,2026-08-26T15:00:00Z,154.5,3.9,0.0,3.9
5-10 дней,2026-08-20T10:16:10Z,2026-08-26T15:00:00Z,148.7,3.9,0.0,3.9
5-10 дней,2026-08-20T16:31:45Z,2026-08-26T15:00:00Z,142.5,0.0,0.0,0.0
5-10 дней,2026-08-20T22:34:58Z,2026-08-26T15:00:00Z,136.4,0.0,0.0,0.0
5-10 дней,2026-08-21T04:32:20Z,2026-08-26T15:00:00Z,130.5,2.4,0.0,2.4
5-10 дней,2026-08-21T10:16:50Z,2026-08-26T15:00:00Z,124.7,2.4,0.0,2.4
5-10 дней,2026-08-20T04:31:56Z,2026-08-27T03:00:00Z,166.5,2.1,0.0,2.1
5-10 дней,2026-08-20T10:16:10Z,2026-08-27T03:00:00Z,160.7,2.1,0.0,2.1
5-10 дней,2026-08-20T16:31:45Z,2026-08-27T03:00:00Z,154.5,0.0,0.0,0.0
5-10 дней,2026-08-20T22:34:58Z,2026-08-27T03:00:00Z,148.4,0.0,0.0,0.0
5-10 дней,2026-08-21T04:32:20Z,2026-08-27T03:00:00Z,142.5,0.9,0.0,0.9
5-10 дней,2026-08-21T10:16:50Z,2026-08-27T03:00:00Z,136.7,0.9,0.0,0.9
5-10 дней,2026-08-21T16:30:34Z,2026-08-27T03:00:00Z,130.5,2.1,0.0,2.1
5-10 дней,2026-08-21T22:32:12Z,2026-08-27T03:00:00Z,124.5,2.26,0.0,2.26
5-10 дней,2026-08-20T16:31:45Z,2026-08-27T15:00:00Z,166.5,0.0,0.4,-0.4
5-10 дней,2026-08-20T22:34:58Z,2026-08-27T15:00:00Z,160.4,0.0,0.4,-0.4
5-10 дней,2026-08-21T04:32:20Z,2026-08-27T15:00:00Z,154.5,0.9,0.4,0.5
5-10 дней,2026-08-21T10:16:50Z,2026-08-27T15:00:00Z,148.7,0.9,0.4,0.5
5-10 дней,2026-08-21T16:30:34Z,2026-08-27T15:00:00Z,142.5,1.5,0.4,1.1
5-10 дней,2026-08-21T22:32:12Z,2026-08-27T15:00:00Z,136.5,1.5,0.4,1.1
5-10 дней,2026-08-22T04:26:43Z,2026-08-27T15:00:00Z,130.6,0.0,0.4,-0.4
5-10 дней,2026-08-22T10:09:41Z,2026-08-27T15:00:00Z,124.8,0.0,0.4,-0.4
5-10 дней,2026-08-21T04:32:20Z,2026-08-28T03:00:00Z,166.5,2.7,0.0,2.7
5-10 дней,2026-08-21T10:16:50Z,2026-08-28T03:00:00Z,160.7,2.7,0.0,2.7
5-10 дней,2026-08-21T16:30:34Z,2026-08-28T03:00:00Z,154.5,0.0,0.0,0.0
5-10 дней,2026-08-21T22:32:12Z,2026-08-28T03:00:00Z,148.5,0.0,0.0,0.0
5-10 дней,2026-08-22T04:26:43Z,2026-08-28T03:00:00Z,142.6,0.0,0.0,0.0
5-10 дней,2026-08-22T10:09:41Z,2026-08-28T03:00:00Z,136.8,0.0,0.0,0.0
5-10 дней,2026-08-22T16:20:08Z,2026-08-28T03:00:00Z,130.7,0.0,0.0,0.0
5-10 дней,2026-08-22T22:29:28Z,2026-08-28T03:00:00Z,124.5,0.0,0.0,0.0
5-10 дней,2026-08-21T16:30:34Z,2026-08-28T15:00:00Z,166.5,0.0,0.0,0.0
5-10 дней,2026-08-21T22:32:12Z,2026-08-28T15:00:00Z,160.5,0.0,0.0,0.0
5-10 дней,2026-08-22T04:26:43Z,2026-08-28T15:00:00Z,154.6,0.3,0.0,0.3
5-10 дней,2026-08-22T10:09:41Z,2026-08-28T15:00:00Z,148.8,0.3,0.0,0.3
5-10 дней,2026-08-22T16:20:08Z,2026-08-28T15:00:00Z,142.7,0.0,0.0,0.0
5-10 дней,2026-08-22T22:29:28Z,2026-08-28T15:00:00Z,136.5,0.0,0.0,0.0
5-10 дней,2026-08-23T04:31:06Z,2026-08-28T15:00:00Z,130.5,0.0,0.0,0.0
5-10 дней,2026-08-23T10:10:14Z,2026-08-28T15:00:00Z,124.8,0.0,0.0,0.0
5-10 дней,2026-08-22T04:26:43Z,2026-08-29T03:00:00Z,166.6,0.0,0.0,0.0
5-10 дней,2026-08-22T10:09:41Z,2026-08-29T03:00:00Z,160.8,0.0,0.0,0.0
5-10 дней,2026-08-22T16:20:08Z,2026-08-29T03:00:00Z,154.7,0.0,0.0,0.0
5-10 дней,2026-08-22T22:29:28Z,2026-08-29T03:00:00Z,148.5,0.0,0.0,0.0
5-10 дней,2026-08-23T04:31:06Z,2026-08-29T03:00:00Z,142.5,0.9,0.0,0.9
5-10 дней,2026-08-23T10:10:14Z,2026-08-29T03:00:00Z,136.8,0.9,0.0,0.9
5-10 дней,2026-08-23T16:21:17Z,2026-08-29T03:00:00Z,130.6,0.0,0.0,0.0
5-10 дней,2026-08-23T22:29:36Z,2026-08-29T03:00:00Z,124.5,0.0,0.0,0.0
5-10 дней,2026-08-22T16:20:08Z,2026-08-29T15:00:00Z,166.7,0.0,0.0,0.0
5-10 дней,2026-08-22T22:29:28Z,2026-08-29T15:00:00Z,160.5,0.0,0.0,0.0
5-10 дней,2026-08-23T04:31:06Z,2026-08-29T15:00:00Z,154.5,0.3,0.0,0.3
5-10 дней,2026-08-23T10:10:14Z,2026-08-29T15:00:00Z,148.8,0.3,0.0,0.3
5-10 дней,2026-08-23T16:21:17Z,2026-08-29T15:00:00Z,142.6,0.0,0.0,0.0
5-10 дней,2026-08-23T22:29:36Z,2026-08-29T15:00:00Z,136.5,0.0,0.0,0.0
5-10 дней,2026-08-24T04:38:48Z,2026-08-29T15:00:00Z,130.4,0.0,0.0,0.0
5-10 дней,2026-08-24T10:24:38Z,2026-08-29T15:00:00Z,124.6,0.0,0.0,0.0
5-10 дней,2026-08-23T04:31:06Z,2026-08-30T03:00:00Z,166.5,0.0,0.0,0.0
5-10 дней,2026-08-23T10:10:14Z,2026-08-30T03:00:00Z,160.8,0.0,0.0,0.0
5-10 дней,2026-08-23T16:21:17Z,2026-08-30T03:00:00Z,154.6,2.4,0.0,2.4
5-10 дней,2026-08-23T22:29:36Z,2026-08-30T03:00:00Z,148.5,2.4,0.0,2.4
5-10 дней,2026-08-24T04:38:48Z,2026-08-30T03:00:00Z,142.4,0.3,0.0,0.3
5-10 дней,2026-08-24T10:24:38Z,2026-08-30T03:00:00Z,136.6,0.3,0.0,0.3
5-10 дней,2026-08-24T16:34:00Z,2026-08-30T03:00:00Z,130.4,0.0,0.0,0.0
5-10 дней,2026-08-24T22:34:40Z,2026-08-30T03:00:00Z,124.4,0.0,0.0,0.0
5-10 дней,2026-08-23T16:21:17Z,2026-08-30T15:00:00Z,166.6,4.8,0.0,4.8
5-10 дней,2026-08-23T22:29:36Z,2026-08-30T15:00:00Z,160.5,4.8,0.0,4.8
5-10 дней,2026-08-24T04:38:48Z,2026-08-30T15:00:00Z,154.4,0.0,0.0,0.0
5-10 дней,2026-08-24T10:24:38Z,2026-08-30T15:00:00Z,148.6,0.0,0.0,0.0
5-10 дней,2026-08-24T16:34:00Z,2026-08-30T15:00:00Z,142.4,0.0,0.0,0.0
5-10 дней,2026-08-24T22:34:40Z,2026-08-30T15:00:00Z,136.4,0.0,0.0,0.0
5-10 дней,2026-08-25T04:33:15Z,2026-08-30T15:00:00Z,130.4,0.0,0.0,0.0
5-10 дней,2026-08-25T10:18:20Z,2026-08-30T15:00:00Z,124.7,0.0,0.0,0.0
5-10 дней,2026-08-24T04:38:48Z,2026-08-31T03:00:00Z,166.4,0.0,0.0,0.0
5-10 дней,2026-08-24T10:24:38Z,2026-08-31T03:00:00Z,160.6,0.0,0.0,0.0
5-10 дней,2026-08-24T16:34:00Z,2026-08-31T03:00:00Z,154.4,0.0,0.0,0.0
5-10 дней,2026-08-24T22:34:40Z,2026-08-31T03:00:00Z,148.4,0.0,0.0,0.0
5-10 дней,2026-08-25T04:33:15Z,2026-08-31T03:00:00Z,142.4,0.0,0.0,0.0
5-10 дней,2026-08-25T10:18:20Z,2026-08-31T03:00:00Z,136.7,0.0,0.0,0.0
5-10 дней,2026-08-25T16:33:53Z,2026-08-31T03:00:00Z,130.4,0.0,0.0,0.0
5-10 дней,2026-08-25T22:34:48Z,2026-08-31T03:00:00Z,124.4,0.0,0.0,0.0
5-10 дней,2026-08-24T16:34:00Z,2026-08-31T15:00:00Z,166.4,0.0,0.0,0.0
5-10 дней,2026-08-24T22:34:40Z,2026-08-31T15:00:00Z,160.4,0.0,0.0,0.0
5-10 дней,2026-08-25T04:33:15Z,2026-08-31T15:00:00Z,154.4,0.9,0.0,0.9
5-10 дней,2026-08-25T10:18:20Z,2026-08-31T15:00:00Z,148.7,0.9,0.0,0.9
5-10 дней,2026-08-25T16:33:53Z,2026-08-31T15:00:00Z,142.4,0.3,0.0,0.3
5-10 дней,2026-08-25T22:34:48Z,2026-08-31T15:00:00Z,136.4,0.3,0.0,0.3
5-10 дней,2026-08-26T04:34:15Z,2026-08-31T15:00:00Z,130.4,12.9,0.0,12.9
5-10 дней,2026-08-26T10:21:58Z,2026-08-31T15:00:00Z,124.6,12.3,0.0,12.3
5-10 дней,2026-08-25T04:33:15Z,2026-09-01T03:00:00Z,166.4,0.0,0.0,0.0
5-10 дней,2026-08-25T10:18:20Z,2026-09-01T03:00:00Z,160.7,0.0,0.0,0.0
5-10 дней,2026-08-25T16:33:53Z,2026-09-01T03:00:00Z,154.4,0.0,0.0,0.0
5-10 дней,2026-08-25T22:34:48Z,2026-09-01T03:00:00Z,148.4,0.0,0.0,0.0
5-10 дней,2026-08-26T04:34:15Z,2026-09-01T03:00:00Z,142.4,4.8,0.0,4.8
5-10 дней,2026-08-26T10:21:58Z,2026-09-01T03:00:00Z,136.6,4.8,0.0,4.8
5-10 дней,2026-08-26T16:46:17Z,2026-09-01T03:00:00Z,130.2,0.0,0.0,0.0
5-10 дней,2026-08-25T16:33:53Z,2026-09-01T15:00:00Z,166.4,3.0,3.0,-0.0
5-10 дней,2026-08-25T22:34:48Z,2026-09-01T15:00:00Z,160.4,3.0,3.0,-0.0
5-10 дней,2026-08-26T04:34:15Z,2026-09-01T15:00:00Z,154.4,8.4,3.0,5.4
5-10 дней,2026-08-26T10:21:58Z,2026-09-01T15:00:00Z,148.6,8.4,3.0,5.4
5-10 дней,2026-08-26T16:46:17Z,2026-09-01T15:00:00Z,142.2,2.4,3.0,-0.6
5-10 дней,2026-08-27T03:02:51Z,2026-09-01T15:00:00Z,132.0,2.4,3.0,-0.6
5-10 дней,2026-08-27T14:55:44Z,2026-09-01T15:00:00Z,120.1,1.5,3.0,-1.5
5-10 дней,2026-08-26T04:34:15Z,2026-09-02T03:00:00Z,166.4,5.4,0.7,4.7
5-10 дней,2026-08-26T10:21:58Z,2026-09-02T03:00:00Z,160.6,5.4,0.7,4.7
5-10 дней,2026-08-26T16:46:17Z,2026-09-02T03:00:00Z,154.2,1.8,0.7,1.1
5-10 дней,2026-08-27T03:02:51Z,2026-09-02T03:00:00Z,144.0,1.8,0.7,1.1
5-10 дней,2026-08-27T14:55:44Z,2026-09-02T03:00:00Z,132.1,5.7,0.7,5.0
5-10 дней,2026-08-27T20:01:22Z,2026-09-02T03:00:00Z,127.0,6.0,0.7,5.3
5-10 дней,2026-08-28T00:44:37Z,2026-09-02T03:00:00Z,122.3,6.0,0.7,5.3
5-10 дней,2026-08-26T16:46:17Z,2026-09-02T15:00:00Z,166.2,3.9,0.0,3.9
5-10 дней,2026-08-27T03:02:51Z,2026-09-02T15:00:00Z,156.0,3.9,0.0,3.9
5-10 дней,2026-08-27T14:55:44Z,2026-09-02T15:00:00Z,144.1,3.3,0.0,3.3
5-10 дней,2026-08-27T20:01:22Z,2026-09-02T15:00:00Z,139.0,2.1,0.0,2.1
5-10 дней,2026-08-28T00:44:37Z,2026-09-02T15:00:00Z,134.3,2.1,0.0,2.1
5-10 дней,2026-08-28T06:03:31Z,2026-09-02T15:00:00Z,128.9,2.7,0.0,2.7
5-10 дней,2026-08-27T14:55:44Z,2026-09-03T03:00:00Z,156.1,3.0,2.0,1.0
5-10 дней,2026-08-27T20:01:22Z,2026-09-03T03:00:00Z,151.0,1.8,2.0,-0.2
5-10 дней,2026-08-28T00:44:37Z,2026-09-03T03:00:00Z,146.3,1.8,2.0,-0.2
5-10 дней,2026-08-28T06:03:31Z,2026-09-03T03:00:00Z,140.9,0.6,2.0,-1.4
5-10 дней,2026-08-28T15:51:06Z,2026-09-03T03:00:00Z,131.1,0.0,2.0,-2.0
5-10 дней,2026-08-29T00:23:24Z,2026-09-03T03:00:00Z,122.6,4.36,2.0,2.36
5-10 дней,2026-08-27T20:01:22Z,2026-09-03T15:00:00Z,163.0,4.5,6.0,-1.5
5-10 дней,2026-08-28T00:44:37Z,2026-09-03T15:00:00Z,158.3,4.5,6.0,-1.5
5-10 дней,2026-08-28T06:03:31Z,2026-09-03T15:00:00Z,152.9,2.1,6.0,-3.9
5-10 дней,2026-08-28T15:51:06Z,2026-09-03T15:00:00Z,143.1,0.0,6.0,-6.0
5-10 дней,2026-08-29T00:23:24Z,2026-09-03T15:00:00Z,134.6,0.0,6.0,-6.0
5-10 дней,2026-08-29T03:37:28Z,2026-09-03T15:00:00Z,131.4,0.0,6.0,-6.0
5-10 дней,2026-08-29T10:40:21Z,2026-09-03T15:00:00Z,124.3,0.3,6.0,-5.7
5-10 дней,2026-08-29T14:43:22Z,2026-09-03T15:00:00Z,120.3,0.3,6.0,-5.7
5-10 дней,2026-08-28T06:03:31Z,2026-09-04T03:00:00Z,164.9,0.0,0.0,0.0
5-10 дней,2026-08-28T15:51:06Z,2026-09-04T03:00:00Z,155.1,0.0,0.0,0.0
5-10 дней,2026-08-29T00:23:24Z,2026-09-04T03:00:00Z,146.6,0.0,0.0,0.0
5-10 дней,2026-08-29T03:37:28Z,2026-09-04T03:00:00Z,143.4,0.0,0.0,0.0
5-10 дней,2026-08-29T10:40:21Z,2026-09-04T03:00:00Z,136.3,0.0,0.0,0.0
5-10 дней,2026-08-29T14:43:22Z,2026-09-04T03:00:00Z,132.3,0.0,0.0,0.0
5-10 дней,2026-08-29T19:10:40Z,2026-09-04T03:00:00Z,127.8,0.0,0.0,0.0
5-10 дней,2026-08-30T00:04:13Z,2026-09-04T03:00:00Z,122.9,1.95,0.0,1.95
