# Архангельск / Температура / 0-6ч, 6-24ч, 1-2 дня, 2-3 дня, 3-5 дней, 5-10 дней / ECMWF IFS
# n=6995, MAE=1.745, RMSE=2.424, bias=+0.643
# skill = 1 - (RMSE/RMSE_персистентности)^2 = 1 - (2.424/3.105)^2 = 0.3908  (RMSE_персистентности по 6995 пар(ам))
# persistence baseline = как вчера в это же время - выбран автоматически как более сильный (ниже RMSE) из двух кандидатов для этого периода, одинаково для всех источников
# «Общий» = объединённый пул пар из периодов: 0-6ч, 6-24ч, 1-2 дня, 2-3 дня, 3-5 дней, 5-10 дней - метрика посчитана заново по всему пулу, а не усреднена по периодам
#
bucket,fetched_at,valid_time,lead_hours,forecast,observed,persistence,error,abs_error
0-6ч,2026-08-06T09:50:07Z,2026-08-06T12:00:00Z,2.2,18.5,19.1,18.2,-0.6,0.6
0-6ч,2026-08-06T09:50:07Z,2026-08-06T15:00:00Z,5.2,17.6,18.2,18.0,-0.6,0.6
0-6ч,2026-08-06T09:59:18Z,2026-08-06T12:00:00Z,2.0,18.5,19.1,18.2,-0.6,0.6
0-6ч,2026-08-06T09:59:18Z,2026-08-06T15:00:00Z,5.0,17.6,18.2,18.0,-0.6,0.6
0-6ч,2026-08-06T10:08:26Z,2026-08-06T12:00:00Z,1.9,18.5,19.1,18.2,-0.6,0.6
0-6ч,2026-08-06T10:08:26Z,2026-08-06T15:00:00Z,4.9,17.6,18.2,18.0,-0.6,0.6
0-6ч,2026-08-06T10:47:54Z,2026-08-06T12:00:00Z,1.2,18.5,19.1,18.2,-0.6,0.6
0-6ч,2026-08-06T10:47:54Z,2026-08-06T15:00:00Z,4.2,17.6,18.2,18.0,-0.6,0.6
0-6ч,2026-08-06T11:30:42Z,2026-08-06T12:00:00Z,0.5,18.5,19.1,18.2,-0.6,0.6
0-6ч,2026-08-06T11:30:42Z,2026-08-06T15:00:00Z,3.5,17.6,18.2,18.0,-0.6,0.6
0-6ч,2026-08-06T11:36:01Z,2026-08-06T12:00:00Z,0.4,18.5,19.1,18.2,-0.6,0.6
0-6ч,2026-08-06T11:36:01Z,2026-08-06T15:00:00Z,3.4,17.6,18.2,18.0,-0.6,0.6
0-6ч,2026-08-06T11:44:08Z,2026-08-06T12:00:00Z,0.3,18.5,19.1,18.2,-0.6,0.6
0-6ч,2026-08-06T11:44:08Z,2026-08-06T15:00:00Z,3.3,17.6,18.2,18.0,-0.6,0.6
0-6ч,2026-08-07T01:31:32Z,2026-08-07T03:00:00Z,1.5,13.7,14.2,13.4,-0.5,0.5
0-6ч,2026-08-07T01:31:32Z,2026-08-07T06:00:00Z,4.5,14.3,14.3,17.0,0.0,0.0
0-6ч,2026-08-07T05:36:00Z,2026-08-07T06:00:00Z,0.4,14.3,14.3,17.0,0.0,0.0
0-6ч,2026-08-07T05:36:00Z,2026-08-07T09:00:00Z,3.4,19.6,16.9,16.3,2.7,2.7
0-6ч,2026-08-07T06:18:59Z,2026-08-07T09:00:00Z,2.7,19.6,16.9,16.3,2.7,2.7
0-6ч,2026-08-07T06:18:59Z,2026-08-07T12:00:00Z,5.7,21.1,20.5,19.1,0.6,0.6
0-6ч,2026-08-07T07:13:52Z,2026-08-07T09:00:00Z,1.8,19.6,16.9,16.3,2.7,2.7
0-6ч,2026-08-07T07:13:52Z,2026-08-07T12:00:00Z,4.8,21.1,20.5,19.1,0.6,0.6
0-6ч,2026-08-07T10:39:14Z,2026-08-07T12:00:00Z,1.3,19.8,20.5,19.1,-0.7,0.7
0-6ч,2026-08-07T10:39:14Z,2026-08-07T15:00:00Z,4.3,18.6,15.6,18.2,3.0,3.0
0-6ч,2026-08-07T16:51:54Z,2026-08-07T18:00:00Z,1.1,15.4,14.6,15.5,0.8,0.8
0-6ч,2026-08-07T16:51:54Z,2026-08-07T21:00:00Z,4.1,13.4,13.5,13.9,-0.1,0.1
0-6ч,2026-08-07T22:45:57Z,2026-08-08T00:00:00Z,1.2,12.3,12.5,13.6,-0.2,0.2
0-6ч,2026-08-07T22:45:57Z,2026-08-08T03:00:00Z,4.2,13.4,13.6,14.2,-0.2,0.2
0-6ч,2026-08-07T23:19:23Z,2026-08-08T00:00:00Z,0.7,12.3,12.5,13.6,-0.2,0.2
0-6ч,2026-08-07T23:19:23Z,2026-08-08T03:00:00Z,3.7,13.4,13.6,14.2,-0.2,0.2
0-6ч,2026-08-08T04:50:53Z,2026-08-08T06:00:00Z,1.2,15.9,15.4,14.3,0.5,0.5
0-6ч,2026-08-08T04:50:53Z,2026-08-08T09:00:00Z,4.2,14.7,15.0,16.9,-0.3,0.3
0-6ч,2026-08-08T10:18:13Z,2026-08-08T12:00:00Z,1.7,15.8,15.4,20.5,0.4,0.4
0-6ч,2026-08-08T10:18:13Z,2026-08-08T15:00:00Z,4.7,16.3,15.5,15.6,0.8,0.8
0-6ч,2026-08-08T22:37:20Z,2026-08-09T00:00:00Z,1.4,12.2,13.1,12.5,-0.9,0.9
0-6ч,2026-08-08T22:37:20Z,2026-08-09T03:00:00Z,4.4,12.4,11.9,13.6,0.5,0.5
0-6ч,2026-08-09T04:59:03Z,2026-08-09T06:00:00Z,1.0,15.0,15.2,15.4,-0.2,0.2
0-6ч,2026-08-09T04:59:03Z,2026-08-09T09:00:00Z,4.0,16.8,16.5,15.0,0.3,0.3
0-6ч,2026-08-09T10:19:29Z,2026-08-09T12:00:00Z,1.7,14.9,16.7,15.4,-1.8,1.8
0-6ч,2026-08-09T10:19:29Z,2026-08-09T15:00:00Z,4.7,16.3,17.0,15.5,-0.7,0.7
0-6ч,2026-08-09T12:41:38Z,2026-08-09T15:00:00Z,2.3,16.3,17.0,15.5,-0.7,0.7
0-6ч,2026-08-09T12:41:38Z,2026-08-09T18:00:00Z,5.3,13.1,13.7,14.4,-0.6,0.6
0-6ч,2026-08-09T12:45:53Z,2026-08-09T15:00:00Z,2.2,16.3,17.0,15.5,-0.7,0.7
0-6ч,2026-08-09T12:45:53Z,2026-08-09T18:00:00Z,5.2,13.1,13.7,14.4,-0.6,0.6
0-6ч,2026-08-09T12:48:15Z,2026-08-09T15:00:00Z,2.2,16.3,17.0,15.5,-0.7,0.7
0-6ч,2026-08-09T12:48:15Z,2026-08-09T18:00:00Z,5.2,13.1,13.7,14.4,-0.6,0.6
0-6ч,2026-08-09T16:31:44Z,2026-08-09T18:00:00Z,1.5,13.1,13.7,14.4,-0.6,0.6
0-6ч,2026-08-09T16:31:44Z,2026-08-09T21:00:00Z,4.5,11.5,10.4,13.6,1.1,1.1
0-6ч,2026-08-09T22:39:09Z,2026-08-10T00:00:00Z,1.3,11.0,10.8,13.1,0.2,0.2
0-6ч,2026-08-09T22:39:09Z,2026-08-10T03:00:00Z,4.3,13.1,12.6,11.9,0.5,0.5
0-6ч,2026-08-10T05:20:42Z,2026-08-10T06:00:00Z,0.7,16.1,16.9,15.2,-0.8,0.8
0-6ч,2026-08-10T05:20:42Z,2026-08-10T09:00:00Z,3.7,20.4,20.6,16.5,-0.2,0.2
0-6ч,2026-08-10T10:53:28Z,2026-08-10T12:00:00Z,1.1,21.7,22.3,16.7,-0.6,0.6
0-6ч,2026-08-10T10:53:28Z,2026-08-10T15:00:00Z,4.1,21.1,21.8,17.0,-0.7,0.7
0-6ч,2026-08-10T16:52:05Z,2026-08-10T18:00:00Z,1.1,17.3,18.4,13.7,-1.1,1.1
0-6ч,2026-08-10T16:52:05Z,2026-08-10T21:00:00Z,4.1,15.2,15.0,10.4,0.2,0.2
0-6ч,2026-08-10T22:47:13Z,2026-08-11T00:00:00Z,1.2,14.7,15.3,10.8,-0.6,0.6
0-6ч,2026-08-10T22:47:13Z,2026-08-11T03:00:00Z,4.2,15.4,15.0,12.6,0.4,0.4
0-6ч,2026-08-11T05:01:49Z,2026-08-11T06:00:00Z,1.0,18.8,19.4,16.9,-0.6,0.6
0-6ч,2026-08-11T05:01:49Z,2026-08-11T09:00:00Z,4.0,21.7,23.5,20.6,-1.8,1.8
0-6ч,2026-08-11T10:38:45Z,2026-08-11T12:00:00Z,1.4,21.8,24.1,22.3,-2.3,2.3
0-6ч,2026-08-11T10:38:45Z,2026-08-11T15:00:00Z,4.4,18.4,19.2,21.8,-0.8,0.8
0-6ч,2026-08-12T10:47:03Z,2026-08-12T12:00:00Z,1.2,14.5,11.9,24.1,2.6,2.6
0-6ч,2026-08-12T10:47:03Z,2026-08-12T15:00:00Z,4.2,12.6,10.7,19.2,1.9,1.9
0-6ч,2026-08-12T16:54:57Z,2026-08-12T18:00:00Z,1.1,10.6,9.3,16.8,1.3,1.3
0-6ч,2026-08-12T16:54:57Z,2026-08-12T21:00:00Z,4.1,10.2,8.4,16.3,1.8,1.8
0-6ч,2026-08-12T22:50:47Z,2026-08-13T00:00:00Z,1.2,9.2,8.4,15.2,0.8,0.8
0-6ч,2026-08-12T22:50:47Z,2026-08-13T03:00:00Z,4.2,8.8,8.4,14.5,0.4,0.4
0-6ч,2026-08-13T05:30:08Z,2026-08-13T06:00:00Z,0.5,7.9,8.2,14.7,-0.3,0.3
0-6ч,2026-08-13T05:30:08Z,2026-08-13T09:00:00Z,3.5,7.7,8.3,15.2,-0.6,0.6
0-6ч,2026-08-13T10:49:01Z,2026-08-13T12:00:00Z,1.2,7.9,7.7,11.9,0.2,0.2
0-6ч,2026-08-13T10:49:01Z,2026-08-13T15:00:00Z,4.2,7.6,7.3,10.7,0.3,0.3
0-6ч,2026-08-13T16:36:10Z,2026-08-13T18:00:00Z,1.4,7.6,6.9,9.3,0.7,0.7
0-6ч,2026-08-13T16:36:10Z,2026-08-13T21:00:00Z,4.4,7.3,7.1,8.4,0.2,0.2
0-6ч,2026-08-13T16:42:24Z,2026-08-13T18:00:00Z,1.3,7.6,6.9,9.3,0.7,0.7
0-6ч,2026-08-13T16:42:24Z,2026-08-13T21:00:00Z,4.3,7.3,7.1,8.4,0.2,0.2
0-6ч,2026-08-13T16:54:22Z,2026-08-13T18:00:00Z,1.1,7.6,6.9,9.3,0.7,0.7
0-6ч,2026-08-13T16:54:22Z,2026-08-13T21:00:00Z,4.1,7.3,7.1,8.4,0.2,0.2
0-6ч,2026-08-13T22:52:17Z,2026-08-14T00:00:00Z,1.1,7.5,7.3,8.4,0.2,0.2
0-6ч,2026-08-13T22:52:17Z,2026-08-14T03:00:00Z,4.1,7.9,7.4,8.4,0.5,0.5
0-6ч,2026-08-14T05:28:14Z,2026-08-14T06:00:00Z,0.5,8.2,8.3,8.2,-0.1,0.1
0-6ч,2026-08-14T05:28:14Z,2026-08-14T09:00:00Z,3.5,8.9,9.1,8.3,-0.2,0.2
0-6ч,2026-08-14T10:44:54Z,2026-08-14T12:00:00Z,1.3,10.5,10.0,7.7,0.5,0.5
0-6ч,2026-08-14T10:44:54Z,2026-08-14T15:00:00Z,4.3,11.5,10.6,7.3,0.9,0.9
0-6ч,2026-08-14T16:48:33Z,2026-08-14T18:00:00Z,1.2,9.5,8.7,6.9,0.8,0.8
0-6ч,2026-08-14T16:48:33Z,2026-08-14T21:00:00Z,4.2,8.4,8.0,7.1,0.4,0.4
0-6ч,2026-08-14T22:30:55Z,2026-08-15T00:00:00Z,1.5,7.7,6.3,7.3,1.4,1.4
0-6ч,2026-08-14T22:30:55Z,2026-08-15T03:00:00Z,4.5,8.5,7.6,7.4,0.9,0.9
0-6ч,2026-08-15T04:24:15Z,2026-08-15T06:00:00Z,1.6,9.8,8.6,8.3,1.2,1.2
0-6ч,2026-08-15T04:24:15Z,2026-08-15T09:00:00Z,4.6,12.7,10.9,9.1,1.8,1.8
0-6ч,2026-08-15T10:09:15Z,2026-08-15T12:00:00Z,1.8,13.8,13.4,10.0,0.4,0.4
0-6ч,2026-08-15T10:09:15Z,2026-08-15T15:00:00Z,4.8,13.8,13.0,10.6,0.8,0.8
0-6ч,2026-08-15T22:29:33Z,2026-08-16T00:00:00Z,1.5,9.7,10.8,6.3,-1.1,1.1
0-6ч,2026-08-15T22:29:33Z,2026-08-16T03:00:00Z,4.5,10.7,10.1,7.6,0.6,0.6
0-6ч,2026-08-16T04:29:41Z,2026-08-16T06:00:00Z,1.5,11.9,12.3,8.6,-0.4,0.4
0-6ч,2026-08-16T04:29:41Z,2026-08-16T09:00:00Z,4.5,13.7,14.3,10.9,-0.6,0.6
0-6ч,2026-08-16T07:21:44Z,2026-08-16T09:00:00Z,1.6,13.7,14.3,10.9,-0.6,0.6
0-6ч,2026-08-16T07:21:44Z,2026-08-16T12:00:00Z,4.6,15.0,16.0,13.4,-1.0,1.0
0-6ч,2026-08-16T10:09:47Z,2026-08-16T12:00:00Z,1.8,15.1,16.0,13.4,-0.9,0.9
0-6ч,2026-08-16T10:09:47Z,2026-08-16T15:00:00Z,4.8,15.3,16.2,13.0,-0.9,0.9
0-6ч,2026-08-16T16:21:00Z,2026-08-16T18:00:00Z,1.6,11.9,11.2,12.2,0.7,0.7
0-6ч,2026-08-16T16:21:00Z,2026-08-16T21:00:00Z,4.7,10.3,9.4,11.3,0.9,0.9
0-6ч,2026-08-16T22:29:34Z,2026-08-17T00:00:00Z,1.5,9.6,9.3,10.8,0.3,0.3
0-6ч,2026-08-16T22:29:34Z,2026-08-17T03:00:00Z,4.5,10.4,9.1,10.1,1.3,1.3
0-6ч,2026-08-17T04:35:30Z,2026-08-17T06:00:00Z,1.4,14.5,15.0,12.3,-0.5,0.5
0-6ч,2026-08-17T04:35:30Z,2026-08-17T09:00:00Z,4.4,17.8,17.9,14.3,-0.1,0.1
0-6ч,2026-08-17T10:18:11Z,2026-08-17T12:00:00Z,1.7,19.1,19.5,16.0,-0.4,0.4
0-6ч,2026-08-17T10:18:11Z,2026-08-17T15:00:00Z,4.7,18.4,19.1,16.2,-0.7,0.7
0-6ч,2026-08-17T16:23:45Z,2026-08-17T18:00:00Z,1.6,13.4,14.5,11.2,-1.1,1.1
0-6ч,2026-08-17T16:23:45Z,2026-08-17T21:00:00Z,4.6,11.7,13.0,9.4,-1.3,1.3
0-6ч,2026-08-17T22:31:28Z,2026-08-18T00:00:00Z,1.5,10.7,13.0,9.3,-2.3,2.3
0-6ч,2026-08-17T22:31:28Z,2026-08-18T03:00:00Z,4.5,11.8,12.6,9.1,-0.8,0.8
0-6ч,2026-08-18T04:30:05Z,2026-08-18T06:00:00Z,1.5,16.7,15.4,15.0,1.3,1.3
0-6ч,2026-08-18T04:30:05Z,2026-08-18T09:00:00Z,4.5,19.0,18.7,17.9,0.3,0.3
0-6ч,2026-08-18T10:14:55Z,2026-08-18T12:00:00Z,1.8,20.0,18.5,19.5,1.5,1.5
0-6ч,2026-08-18T10:14:55Z,2026-08-18T15:00:00Z,4.8,18.8,18.8,19.1,0.0,0.0
0-6ч,2026-08-18T16:27:50Z,2026-08-18T18:00:00Z,1.5,14.3,14.0,14.5,0.3,0.3
0-6ч,2026-08-18T16:27:50Z,2026-08-18T21:00:00Z,4.5,12.8,12.0,13.0,0.8,0.8
0-6ч,2026-08-18T22:31:39Z,2026-08-19T00:00:00Z,1.5,11.5,12.5,13.0,-1.0,1.0
0-6ч,2026-08-18T22:31:39Z,2026-08-19T03:00:00Z,4.5,12.0,13.3,12.6,-1.3,1.3
0-6ч,2026-08-19T04:31:14Z,2026-08-19T06:00:00Z,1.5,14.4,14.3,15.4,0.1,0.1
0-6ч,2026-08-19T04:31:14Z,2026-08-19T09:00:00Z,4.5,16.9,17.4,18.7,-0.5,0.5
0-6ч,2026-08-19T10:14:48Z,2026-08-19T12:00:00Z,1.8,18.5,19.6,18.5,-1.1,1.1
0-6ч,2026-08-19T10:14:48Z,2026-08-19T15:00:00Z,4.8,17.5,17.6,18.8,-0.1,0.1
0-6ч,2026-08-19T16:28:17Z,2026-08-19T18:00:00Z,1.5,15.9,14.6,14.0,1.3,1.3
0-6ч,2026-08-19T16:28:17Z,2026-08-19T21:00:00Z,4.5,15.4,15.0,12.0,0.4,0.4
0-6ч,2026-08-20T04:31:56Z,2026-08-20T06:00:00Z,1.5,14.5,15.0,14.3,-0.5,0.5
0-6ч,2026-08-20T04:31:56Z,2026-08-20T09:00:00Z,4.5,14.7,15.1,17.4,-0.4,0.4
0-6ч,2026-08-20T10:16:10Z,2026-08-20T12:00:00Z,1.7,15.6,16.7,19.6,-1.1,1.1
0-6ч,2026-08-20T10:16:10Z,2026-08-20T15:00:00Z,4.7,15.1,15.2,17.6,-0.1,0.1
0-6ч,2026-08-20T16:31:45Z,2026-08-20T18:00:00Z,1.5,13.6,13.8,14.6,-0.2,0.2
0-6ч,2026-08-20T16:31:45Z,2026-08-20T21:00:00Z,4.5,14.0,13.9,15.0,0.1,0.1
0-6ч,2026-08-20T22:34:58Z,2026-08-21T00:00:00Z,1.4,13.8,13.1,15.1,0.7,0.7
0-6ч,2026-08-20T22:34:58Z,2026-08-21T03:00:00Z,4.4,12.5,12.4,15.2,0.1,0.1
0-6ч,2026-08-21T04:32:20Z,2026-08-21T06:00:00Z,1.5,15.6,15.9,15.0,-0.3,0.3
0-6ч,2026-08-21T04:32:20Z,2026-08-21T09:00:00Z,4.5,18.8,17.9,15.1,0.9,0.9
0-6ч,2026-08-21T10:16:50Z,2026-08-21T12:00:00Z,1.7,18.7,18.3,16.7,0.4,0.4
0-6ч,2026-08-21T10:16:50Z,2026-08-21T15:00:00Z,4.7,17.0,15.5,15.2,1.5,1.5
0-6ч,2026-08-21T16:30:34Z,2026-08-21T18:00:00Z,1.5,14.3,14.0,13.8,0.3,0.3
0-6ч,2026-08-21T16:30:34Z,2026-08-21T21:00:00Z,4.5,13.3,13.4,13.9,-0.1,0.1
0-6ч,2026-08-21T22:32:12Z,2026-08-22T00:00:00Z,1.5,12.7,13.5,13.1,-0.8,0.8
0-6ч,2026-08-21T22:32:12Z,2026-08-22T03:00:00Z,4.5,13.4,14.2,12.4,-0.8,0.8
0-6ч,2026-08-22T04:26:43Z,2026-08-22T06:00:00Z,1.6,14.8,15.4,15.9,-0.6,0.6
0-6ч,2026-08-22T04:26:43Z,2026-08-22T09:00:00Z,4.6,15.4,16.3,17.9,-0.9,0.9
0-6ч,2026-08-22T10:09:41Z,2026-08-22T12:00:00Z,1.8,16.4,18.2,18.3,-1.8,1.8
0-6ч,2026-08-22T10:09:41Z,2026-08-22T15:00:00Z,4.8,15.6,16.2,15.5,-0.6,0.6
0-6ч,2026-08-22T16:20:08Z,2026-08-22T18:00:00Z,1.7,12.7,12.5,14.0,0.2,0.2
0-6ч,2026-08-22T16:20:08Z,2026-08-22T21:00:00Z,4.7,11.1,11.1,13.4,0.0,0.0
0-6ч,2026-08-22T22:29:28Z,2026-08-23T00:00:00Z,1.5,10.6,10.8,13.5,-0.2,0.2
0-6ч,2026-08-22T22:29:28Z,2026-08-23T03:00:00Z,4.5,11.2,10.5,14.2,0.7,0.7
0-6ч,2026-08-23T04:31:06Z,2026-08-23T06:00:00Z,1.5,14.6,15.3,15.4,-0.7,0.7
0-6ч,2026-08-23T04:31:06Z,2026-08-23T09:00:00Z,4.5,17.5,19.7,16.3,-2.2,2.2
0-6ч,2026-08-23T10:10:14Z,2026-08-23T12:00:00Z,1.8,16.7,15.9,18.2,0.8,0.8
0-6ч,2026-08-23T10:10:14Z,2026-08-23T15:00:00Z,4.8,14.2,14.0,16.2,0.2,0.2
0-6ч,2026-08-23T16:21:17Z,2026-08-23T18:00:00Z,1.6,13.3,13.2,12.5,0.1,0.1
0-6ч,2026-08-23T16:21:17Z,2026-08-23T21:00:00Z,4.6,13.3,13.5,11.1,-0.2,0.2
0-6ч,2026-08-23T22:29:36Z,2026-08-24T00:00:00Z,1.5,13.4,13.8,10.8,-0.4,0.4
0-6ч,2026-08-23T22:29:36Z,2026-08-24T03:00:00Z,4.5,13.4,14.1,10.5,-0.7,0.7
0-6ч,2026-08-24T04:38:48Z,2026-08-24T06:00:00Z,1.4,13.7,14.4,15.3,-0.7,0.7
0-6ч,2026-08-24T04:38:48Z,2026-08-24T09:00:00Z,4.4,14.9,15.7,19.7,-0.8,0.8
0-6ч,2026-08-24T10:24:38Z,2026-08-24T12:00:00Z,1.6,16.4,17.8,15.9,-1.4,1.4
0-6ч,2026-08-24T10:24:38Z,2026-08-24T15:00:00Z,4.6,15.3,15.6,14.0,-0.3,0.3
0-6ч,2026-08-24T16:34:00Z,2026-08-24T18:00:00Z,1.4,14.0,14.5,13.2,-0.5,0.5
0-6ч,2026-08-24T16:34:00Z,2026-08-24T21:00:00Z,4.4,13.0,14.1,13.5,-1.1,1.1
0-6ч,2026-08-24T22:34:40Z,2026-08-25T00:00:00Z,1.4,12.2,14.0,13.8,-1.8,1.8
0-6ч,2026-08-24T22:34:40Z,2026-08-25T03:00:00Z,4.4,11.9,13.5,14.1,-1.6,1.6
0-6ч,2026-08-25T04:33:15Z,2026-08-25T06:00:00Z,1.4,12.5,13.0,14.4,-0.5,0.5
0-6ч,2026-08-25T04:33:15Z,2026-08-25T09:00:00Z,4.4,13.0,13.7,15.7,-0.7,0.7
0-6ч,2026-08-25T10:18:20Z,2026-08-25T12:00:00Z,1.7,15.4,14.8,17.8,0.6,0.6
0-6ч,2026-08-25T10:18:20Z,2026-08-25T15:00:00Z,4.7,13.7,13.4,15.6,0.3,0.3
0-6ч,2026-08-25T16:33:53Z,2026-08-25T18:00:00Z,1.4,12.1,10.8,14.5,1.3,1.3
0-6ч,2026-08-25T16:33:53Z,2026-08-25T21:00:00Z,4.4,10.2,8.9,14.1,1.3,1.3
0-6ч,2026-08-25T22:34:48Z,2026-08-26T00:00:00Z,1.4,8.7,9.2,14.0,-0.5,0.5
0-6ч,2026-08-25T22:34:48Z,2026-08-26T03:00:00Z,4.4,10.0,9.8,13.5,0.2,0.2
0-6ч,2026-08-26T04:34:15Z,2026-08-26T06:00:00Z,1.4,13.4,12.8,13.0,0.6,0.6
0-6ч,2026-08-26T04:34:15Z,2026-08-26T09:00:00Z,4.4,14.4,14.3,13.7,0.1,0.1
0-6ч,2026-08-26T10:21:58Z,2026-08-26T12:00:00Z,1.6,11.3,11.8,14.8,-0.5,0.5
0-6ч,2026-08-26T10:21:58Z,2026-08-26T15:00:00Z,4.6,10.2,11.7,13.4,-1.5,1.5
0-6ч,2026-08-26T16:46:17Z,2026-08-26T18:00:00Z,1.2,8.2,5.3,10.8,2.9,2.9
0-6ч,2026-08-26T16:46:17Z,2026-08-26T21:00:00Z,4.2,7.7,3.2,8.9,4.5,4.5
0-6ч,2026-08-27T03:02:51Z,2026-08-27T06:00:00Z,3.0,10.7,9.9,12.8,0.8,0.8
0-6ч,2026-08-27T03:02:51Z,2026-08-27T09:00:00Z,6.0,11.8,11.2,14.3,0.6,0.6
0-6ч,2026-08-27T14:55:44Z,2026-08-27T15:00:00Z,0.1,10.2,9.8,11.7,0.4,0.4
0-6ч,2026-08-27T14:55:44Z,2026-08-27T18:00:00Z,3.1,9.7,9.3,5.3,0.4,0.4
0-6ч,2026-08-27T20:01:22Z,2026-08-27T21:00:00Z,1.0,8.9,7.0,3.2,1.9,1.9
0-6ч,2026-08-27T20:01:22Z,2026-08-28T00:00:00Z,4.0,7.8,6.7,2.6,1.1,1.1
0-6ч,2026-08-28T00:44:37Z,2026-08-28T03:00:00Z,2.3,7.8,6.3,6.1,1.5,1.5
0-6ч,2026-08-28T00:44:37Z,2026-08-28T06:00:00Z,5.3,9.2,8.8,9.9,0.4,0.4
0-6ч,2026-08-28T06:03:31Z,2026-08-28T09:00:00Z,2.9,9.6,9.6,11.2,0.0,0.0
0-6ч,2026-08-28T06:03:31Z,2026-08-28T12:00:00Z,5.9,10.0,10.7,11.3,-0.7,0.7
0-6ч,2026-08-28T15:51:06Z,2026-08-28T18:00:00Z,2.1,7.3,4.9,9.3,2.4,2.4
0-6ч,2026-08-28T15:51:06Z,2026-08-28T21:00:00Z,5.1,7.1,2.9,7.0,4.2,4.2
0-6ч,2026-08-29T00:23:24Z,2026-08-29T03:00:00Z,2.6,5.8,0.8,6.3,5.0,5.0
0-6ч,2026-08-29T00:23:24Z,2026-08-29T06:00:00Z,5.6,10.0,9.4,8.8,0.6,0.6
0-6ч,2026-08-29T03:37:28Z,2026-08-29T06:00:00Z,2.4,9.8,9.4,8.8,0.4,0.4
0-6ч,2026-08-29T03:37:28Z,2026-08-29T09:00:00Z,5.4,12.7,13.1,9.6,-0.4,0.4
0-6ч,2026-08-29T10:40:21Z,2026-08-29T12:00:00Z,1.3,14.1,14.9,10.7,-0.8,0.8
0-6ч,2026-08-29T10:40:21Z,2026-08-29T15:00:00Z,4.3,13.1,14.6,10.1,-1.5,1.5
0-6ч,2026-08-29T14:43:22Z,2026-08-29T15:00:00Z,0.3,12.9,14.6,10.1,-1.7,1.7
0-6ч,2026-08-29T14:43:22Z,2026-08-29T18:00:00Z,3.3,9.2,5.6,4.9,3.6,3.6
0-6ч,2026-08-29T19:10:40Z,2026-08-29T21:00:00Z,1.8,7.8,2.9,2.9,4.9,4.9
0-6ч,2026-08-29T19:10:40Z,2026-08-30T00:00:00Z,4.8,7.1,6.0,2.0,1.1,1.1
0-6ч,2026-08-30T00:04:13Z,2026-08-30T03:00:00Z,2.9,6.9,6.3,0.8,0.6,0.6
0-6ч,2026-08-30T00:04:13Z,2026-08-30T06:00:00Z,5.9,11.2,9.1,9.4,2.1,2.1
0-6ч,2026-08-30T09:40:19Z,2026-08-30T12:00:00Z,2.3,16.8,17.2,14.9,-0.4,0.4
0-6ч,2026-08-30T09:40:19Z,2026-08-30T15:00:00Z,5.3,15.2,15.6,14.6,-0.4,0.4
0-6ч,2026-08-30T14:32:26Z,2026-08-30T15:00:00Z,0.5,15.5,15.6,14.6,-0.1,0.1
0-6ч,2026-08-30T14:32:26Z,2026-08-30T18:00:00Z,3.5,11.3,12.1,5.6,-0.8,0.8
0-6ч,2026-08-30T19:02:03Z,2026-08-30T21:00:00Z,2.0,9.7,9.9,2.9,-0.2,0.2
0-6ч,2026-08-30T19:02:03Z,2026-08-31T00:00:00Z,5.0,8.9,9.7,6.0,-0.8,0.8
0-6ч,2026-08-31T00:22:13Z,2026-08-31T03:00:00Z,2.6,9.0,8.9,6.3,0.1,0.1
0-6ч,2026-08-31T00:22:13Z,2026-08-31T06:00:00Z,5.6,11.7,11.6,9.1,0.1,0.1
0-6ч,2026-08-31T21:17:52Z,2026-09-01T00:00:00Z,2.7,10.7,12.5,9.7,-1.8,1.8
0-6ч,2026-08-31T21:17:52Z,2026-09-01T03:00:00Z,5.7,10.8,12.4,8.9,-1.6,1.6
0-6ч,2026-09-01T01:11:20Z,2026-09-01T03:00:00Z,1.8,12.1,12.4,8.9,-0.3,0.3
0-6ч,2026-09-01T01:11:20Z,2026-09-01T06:00:00Z,4.8,13.1,13.4,11.6,-0.3,0.3
0-6ч,2026-09-01T09:05:37Z,2026-09-01T12:00:00Z,2.9,17.2,15.4,15.7,1.8,1.8
6-24ч,2026-08-06T09:50:07Z,2026-08-06T18:00:00Z,8.2,15.5,15.5,13.2,0.0,0.0
6-24ч,2026-08-06T09:50:07Z,2026-08-06T21:00:00Z,11.2,14.4,13.9,13.3,0.5,0.5
6-24ч,2026-08-06T09:50:07Z,2026-08-07T00:00:00Z,14.2,13.6,13.6,10.5,0.0,0.0
6-24ч,2026-08-06T09:50:07Z,2026-08-07T03:00:00Z,17.2,13.8,14.2,13.4,-0.4,0.4
6-24ч,2026-08-06T09:50:07Z,2026-08-07T06:00:00Z,20.2,16.3,14.3,17.0,2.0,2.0
6-24ч,2026-08-06T09:50:07Z,2026-08-07T09:00:00Z,23.2,20.5,16.9,16.3,3.6,3.6
6-24ч,2026-08-06T09:59:18Z,2026-08-06T18:00:00Z,8.0,15.5,15.5,13.2,0.0,0.0
6-24ч,2026-08-06T09:59:18Z,2026-08-06T21:00:00Z,11.0,14.4,13.9,13.3,0.5,0.5
6-24ч,2026-08-06T09:59:18Z,2026-08-07T00:00:00Z,14.0,13.6,13.6,10.5,0.0,0.0
6-24ч,2026-08-06T09:59:18Z,2026-08-07T03:00:00Z,17.0,13.8,14.2,13.4,-0.4,0.4
6-24ч,2026-08-06T09:59:18Z,2026-08-07T06:00:00Z,20.0,16.3,14.3,17.0,2.0,2.0
6-24ч,2026-08-06T09:59:18Z,2026-08-07T09:00:00Z,23.0,20.5,16.9,16.3,3.6,3.6
6-24ч,2026-08-06T10:08:26Z,2026-08-06T18:00:00Z,7.9,15.5,15.5,13.2,0.0,0.0
6-24ч,2026-08-06T10:08:26Z,2026-08-06T21:00:00Z,10.9,14.4,13.9,13.3,0.5,0.5
6-24ч,2026-08-06T10:08:26Z,2026-08-07T00:00:00Z,13.9,13.6,13.6,10.5,0.0,0.0
6-24ч,2026-08-06T10:08:26Z,2026-08-07T03:00:00Z,16.9,13.8,14.2,13.4,-0.4,0.4
6-24ч,2026-08-06T10:08:26Z,2026-08-07T06:00:00Z,19.9,16.3,14.3,17.0,2.0,2.0
6-24ч,2026-08-06T10:08:26Z,2026-08-07T09:00:00Z,22.9,20.5,16.9,16.3,3.6,3.6
6-24ч,2026-08-06T10:47:54Z,2026-08-06T18:00:00Z,7.2,15.5,15.5,13.2,0.0,0.0
6-24ч,2026-08-06T10:47:54Z,2026-08-06T21:00:00Z,10.2,14.4,13.9,13.3,0.5,0.5
6-24ч,2026-08-06T10:47:54Z,2026-08-07T00:00:00Z,13.2,13.6,13.6,10.5,0.0,0.0
6-24ч,2026-08-06T10:47:54Z,2026-08-07T03:00:00Z,16.2,13.8,14.2,13.4,-0.4,0.4
6-24ч,2026-08-06T10:47:54Z,2026-08-07T06:00:00Z,19.2,16.3,14.3,17.0,2.0,2.0
6-24ч,2026-08-06T10:47:54Z,2026-08-07T09:00:00Z,22.2,20.5,16.9,16.3,3.6,3.6
6-24ч,2026-08-06T11:30:42Z,2026-08-06T18:00:00Z,6.5,15.5,15.5,13.2,0.0,0.0
6-24ч,2026-08-06T11:30:42Z,2026-08-06T21:00:00Z,9.5,14.4,13.9,13.3,0.5,0.5
6-24ч,2026-08-06T11:30:42Z,2026-08-07T00:00:00Z,12.5,13.6,13.6,10.5,0.0,0.0
6-24ч,2026-08-06T11:30:42Z,2026-08-07T03:00:00Z,15.5,13.8,14.2,13.4,-0.4,0.4
6-24ч,2026-08-06T11:30:42Z,2026-08-07T06:00:00Z,18.5,16.3,14.3,17.0,2.0,2.0
6-24ч,2026-08-06T11:30:42Z,2026-08-07T09:00:00Z,21.5,20.5,16.9,16.3,3.6,3.6
6-24ч,2026-08-06T11:36:01Z,2026-08-06T18:00:00Z,6.4,15.5,15.5,13.2,0.0,0.0
6-24ч,2026-08-06T11:36:01Z,2026-08-06T21:00:00Z,9.4,14.4,13.9,13.3,0.5,0.5
6-24ч,2026-08-06T11:36:01Z,2026-08-07T00:00:00Z,12.4,13.6,13.6,10.5,0.0,0.0
6-24ч,2026-08-06T11:36:01Z,2026-08-07T03:00:00Z,15.4,13.8,14.2,13.4,-0.4,0.4
6-24ч,2026-08-06T11:36:01Z,2026-08-07T06:00:00Z,18.4,16.3,14.3,17.0,2.0,2.0
6-24ч,2026-08-06T11:36:01Z,2026-08-07T09:00:00Z,21.4,20.5,16.9,16.3,3.6,3.6
6-24ч,2026-08-06T11:44:08Z,2026-08-06T18:00:00Z,6.3,15.5,15.5,13.2,0.0,0.0
6-24ч,2026-08-06T11:44:08Z,2026-08-06T21:00:00Z,9.3,14.4,13.9,13.3,0.5,0.5
6-24ч,2026-08-06T11:44:08Z,2026-08-07T00:00:00Z,12.3,13.6,13.6,10.5,0.0,0.0
6-24ч,2026-08-06T11:44:08Z,2026-08-07T03:00:00Z,15.3,13.8,14.2,13.4,-0.4,0.4
6-24ч,2026-08-06T11:44:08Z,2026-08-07T06:00:00Z,18.3,16.3,14.3,17.0,2.0,2.0
6-24ч,2026-08-06T11:44:08Z,2026-08-07T09:00:00Z,21.3,20.5,16.9,16.3,3.6,3.6
6-24ч,2026-08-07T01:31:32Z,2026-08-07T09:00:00Z,7.5,19.6,16.9,16.3,2.7,2.7
6-24ч,2026-08-07T01:31:32Z,2026-08-07T12:00:00Z,10.5,21.1,20.5,19.1,0.6,0.6
6-24ч,2026-08-07T01:31:32Z,2026-08-07T15:00:00Z,13.5,18.1,15.6,18.2,2.5,2.5
6-24ч,2026-08-07T01:31:32Z,2026-08-07T18:00:00Z,16.5,14.7,14.6,15.5,0.1,0.1
6-24ч,2026-08-07T01:31:32Z,2026-08-07T21:00:00Z,19.5,13.5,13.5,13.9,0.0,0.0
6-24ч,2026-08-07T01:31:32Z,2026-08-08T00:00:00Z,22.5,13.3,12.5,13.6,0.8,0.8
6-24ч,2026-08-07T05:36:00Z,2026-08-07T12:00:00Z,6.4,21.1,20.5,19.1,0.6,0.6
6-24ч,2026-08-07T05:36:00Z,2026-08-07T15:00:00Z,9.4,18.1,15.6,18.2,2.5,2.5
6-24ч,2026-08-07T05:36:00Z,2026-08-07T18:00:00Z,12.4,14.7,14.6,15.5,0.1,0.1
6-24ч,2026-08-07T05:36:00Z,2026-08-07T21:00:00Z,15.4,13.5,13.5,13.9,0.0,0.0
6-24ч,2026-08-07T05:36:00Z,2026-08-08T00:00:00Z,18.4,13.3,12.5,13.6,0.8,0.8
6-24ч,2026-08-07T05:36:00Z,2026-08-08T03:00:00Z,21.4,12.3,13.6,14.2,-1.3,1.3
6-24ч,2026-08-07T06:18:59Z,2026-08-07T15:00:00Z,8.7,18.1,15.6,18.2,2.5,2.5
6-24ч,2026-08-07T06:18:59Z,2026-08-07T18:00:00Z,11.7,14.7,14.6,15.5,0.1,0.1
6-24ч,2026-08-07T06:18:59Z,2026-08-07T21:00:00Z,14.7,13.5,13.5,13.9,0.0,0.0
6-24ч,2026-08-07T06:18:59Z,2026-08-08T00:00:00Z,17.7,13.3,12.5,13.6,0.8,0.8
6-24ч,2026-08-07T06:18:59Z,2026-08-08T03:00:00Z,20.7,12.3,13.6,14.2,-1.3,1.3
6-24ч,2026-08-07T06:18:59Z,2026-08-08T06:00:00Z,23.7,13.6,15.4,14.3,-1.8,1.8
6-24ч,2026-08-07T07:13:52Z,2026-08-07T15:00:00Z,7.8,18.1,15.6,18.2,2.5,2.5
6-24ч,2026-08-07T07:13:52Z,2026-08-07T18:00:00Z,10.8,14.7,14.6,15.5,0.1,0.1
6-24ч,2026-08-07T07:13:52Z,2026-08-07T21:00:00Z,13.8,13.5,13.5,13.9,0.0,0.0
6-24ч,2026-08-07T07:13:52Z,2026-08-08T00:00:00Z,16.8,13.3,12.5,13.6,0.8,0.8
6-24ч,2026-08-07T07:13:52Z,2026-08-08T03:00:00Z,19.8,12.3,13.6,14.2,-1.3,1.3
6-24ч,2026-08-07T07:13:52Z,2026-08-08T06:00:00Z,22.8,13.6,15.4,14.3,-1.8,1.8
6-24ч,2026-08-07T10:39:14Z,2026-08-07T18:00:00Z,7.3,15.6,14.6,15.5,1.0,1.0
6-24ч,2026-08-07T10:39:14Z,2026-08-07T21:00:00Z,10.3,13.9,13.5,13.9,0.4,0.4
6-24ч,2026-08-07T10:39:14Z,2026-08-08T00:00:00Z,13.3,13.7,12.5,13.6,1.2,1.2
6-24ч,2026-08-07T10:39:14Z,2026-08-08T03:00:00Z,16.3,13.6,13.6,14.2,0.0,0.0
6-24ч,2026-08-07T10:39:14Z,2026-08-08T06:00:00Z,19.3,13.4,15.4,14.3,-2.0,2.0
6-24ч,2026-08-07T10:39:14Z,2026-08-08T09:00:00Z,22.3,15.7,15.0,16.9,0.7,0.7
6-24ч,2026-08-07T16:51:54Z,2026-08-08T00:00:00Z,7.1,12.3,12.5,13.6,-0.2,0.2
6-24ч,2026-08-07T16:51:54Z,2026-08-08T03:00:00Z,10.1,13.7,13.6,14.2,0.1,0.1
6-24ч,2026-08-07T16:51:54Z,2026-08-08T06:00:00Z,13.1,15.2,15.4,14.3,-0.2,0.2
6-24ч,2026-08-07T16:51:54Z,2026-08-08T09:00:00Z,16.1,14.5,15.0,16.9,-0.5,0.5
6-24ч,2026-08-07T16:51:54Z,2026-08-08T12:00:00Z,19.1,17.9,15.4,20.5,2.5,2.5
6-24ч,2026-08-07T16:51:54Z,2026-08-08T15:00:00Z,22.1,16.1,15.5,15.6,0.6,0.6
6-24ч,2026-08-07T22:45:57Z,2026-08-08T06:00:00Z,7.2,15.1,15.4,14.3,-0.3,0.3
6-24ч,2026-08-07T22:45:57Z,2026-08-08T09:00:00Z,10.2,16.6,15.0,16.9,1.6,1.6
6-24ч,2026-08-07T22:45:57Z,2026-08-08T12:00:00Z,13.2,17.8,15.4,20.5,2.4,2.4
6-24ч,2026-08-07T22:45:57Z,2026-08-08T15:00:00Z,16.2,16.3,15.5,15.6,0.8,0.8
6-24ч,2026-08-07T22:45:57Z,2026-08-08T18:00:00Z,19.2,14.2,14.4,14.6,-0.2,0.2
6-24ч,2026-08-07T22:45:57Z,2026-08-08T21:00:00Z,22.2,13.4,13.6,13.5,-0.2,0.2
6-24ч,2026-08-07T23:19:23Z,2026-08-08T06:00:00Z,6.7,15.1,15.4,14.3,-0.3,0.3
6-24ч,2026-08-07T23:19:23Z,2026-08-08T09:00:00Z,9.7,16.6,15.0,16.9,1.6,1.6
6-24ч,2026-08-07T23:19:23Z,2026-08-08T12:00:00Z,12.7,17.8,15.4,20.5,2.4,2.4
6-24ч,2026-08-07T23:19:23Z,2026-08-08T15:00:00Z,15.7,16.3,15.5,15.6,0.8,0.8
6-24ч,2026-08-07T23:19:23Z,2026-08-08T18:00:00Z,18.7,14.2,14.4,14.6,-0.2,0.2
6-24ч,2026-08-07T23:19:23Z,2026-08-08T21:00:00Z,21.7,13.4,13.6,13.5,-0.2,0.2
6-24ч,2026-08-08T04:50:53Z,2026-08-08T12:00:00Z,7.2,17.8,15.4,20.5,2.4,2.4
6-24ч,2026-08-08T04:50:53Z,2026-08-08T15:00:00Z,10.2,15.2,15.5,15.6,-0.3,0.3
6-24ч,2026-08-08T04:50:53Z,2026-08-08T18:00:00Z,13.2,13.4,14.4,14.6,-1.0,1.0
6-24ч,2026-08-08T04:50:53Z,2026-08-08T21:00:00Z,16.2,12.7,13.6,13.5,-0.9,0.9
6-24ч,2026-08-08T04:50:53Z,2026-08-09T00:00:00Z,19.2,11.8,13.1,12.5,-1.3,1.3
6-24ч,2026-08-08T04:50:53Z,2026-08-09T03:00:00Z,22.2,12.8,11.9,13.6,0.9,0.9
6-24ч,2026-08-08T10:18:13Z,2026-08-08T18:00:00Z,7.7,14.4,14.4,14.6,0.0,0.0
6-24ч,2026-08-08T10:18:13Z,2026-08-08T21:00:00Z,10.7,12.8,13.6,13.5,-0.8,0.8
6-24ч,2026-08-08T10:18:13Z,2026-08-09T00:00:00Z,13.7,12.6,13.1,12.5,-0.5,0.5
6-24ч,2026-08-08T10:18:13Z,2026-08-09T03:00:00Z,16.7,12.8,11.9,13.6,0.9,0.9
6-24ч,2026-08-08T10:18:13Z,2026-08-09T06:00:00Z,19.7,15.1,15.2,15.4,-0.1,0.1
6-24ч,2026-08-08T10:18:13Z,2026-08-09T09:00:00Z,22.7,14.8,16.5,15.0,-1.7,1.7
6-24ч,2026-08-08T22:37:20Z,2026-08-09T06:00:00Z,7.4,15.1,15.2,15.4,-0.1,0.1
6-24ч,2026-08-08T22:37:20Z,2026-08-09T09:00:00Z,10.4,16.8,16.5,15.0,0.3,0.3
6-24ч,2026-08-08T22:37:20Z,2026-08-09T12:00:00Z,13.4,16.3,16.7,15.4,-0.4,0.4
6-24ч,2026-08-08T22:37:20Z,2026-08-09T15:00:00Z,16.4,16.6,17.0,15.5,-0.4,0.4
6-24ч,2026-08-08T22:37:20Z,2026-08-09T18:00:00Z,19.4,13.7,13.7,14.4,0.0,0.0
6-24ч,2026-08-08T22:37:20Z,2026-08-09T21:00:00Z,22.4,11.4,10.4,13.6,1.0,1.0
6-24ч,2026-08-09T04:59:03Z,2026-08-09T12:00:00Z,7.0,16.1,16.7,15.4,-0.6,0.6
6-24ч,2026-08-09T04:59:03Z,2026-08-09T15:00:00Z,10.0,16.3,17.0,15.5,-0.7,0.7
6-24ч,2026-08-09T04:59:03Z,2026-08-09T18:00:00Z,13.0,12.8,13.7,14.4,-0.9,0.9
6-24ч,2026-08-09T04:59:03Z,2026-08-09T21:00:00Z,16.0,11.1,10.4,13.6,0.7,0.7
6-24ч,2026-08-09T04:59:03Z,2026-08-10T00:00:00Z,19.0,10.7,10.8,13.1,-0.1,0.1
6-24ч,2026-08-09T04:59:03Z,2026-08-10T03:00:00Z,22.0,12.6,12.6,11.9,0.0,0.0
6-24ч,2026-08-09T10:19:29Z,2026-08-09T18:00:00Z,7.7,13.1,13.7,14.4,-0.6,0.6
6-24ч,2026-08-09T10:19:29Z,2026-08-09T21:00:00Z,10.7,11.6,10.4,13.6,1.2,1.2
6-24ч,2026-08-09T10:19:29Z,2026-08-10T00:00:00Z,13.7,10.7,10.8,13.1,-0.1,0.1
6-24ч,2026-08-09T10:19:29Z,2026-08-10T03:00:00Z,16.7,12.6,12.6,11.9,0.0,0.0
6-24ч,2026-08-09T10:19:29Z,2026-08-10T06:00:00Z,19.7,16.6,16.9,15.2,-0.3,0.3
6-24ч,2026-08-09T10:19:29Z,2026-08-10T09:00:00Z,22.7,20.5,20.6,16.5,-0.1,0.1
6-24ч,2026-08-09T12:41:38Z,2026-08-09T21:00:00Z,8.3,11.6,10.4,13.6,1.2,1.2
6-24ч,2026-08-09T12:41:38Z,2026-08-10T00:00:00Z,11.3,10.7,10.8,13.1,-0.1,0.1
6-24ч,2026-08-09T12:41:38Z,2026-08-10T03:00:00Z,14.3,12.6,12.6,11.9,0.0,0.0
6-24ч,2026-08-09T12:41:38Z,2026-08-10T06:00:00Z,17.3,16.6,16.9,15.2,-0.3,0.3
6-24ч,2026-08-09T12:41:38Z,2026-08-10T09:00:00Z,20.3,20.5,20.6,16.5,-0.1,0.1
6-24ч,2026-08-09T12:41:38Z,2026-08-10T12:00:00Z,23.3,22.0,22.3,16.7,-0.3,0.3
6-24ч,2026-08-09T12:45:53Z,2026-08-09T21:00:00Z,8.2,11.6,10.4,13.6,1.2,1.2
6-24ч,2026-08-09T12:45:53Z,2026-08-10T00:00:00Z,11.2,10.7,10.8,13.1,-0.1,0.1
6-24ч,2026-08-09T12:45:53Z,2026-08-10T03:00:00Z,14.2,12.6,12.6,11.9,0.0,0.0
6-24ч,2026-08-09T12:45:53Z,2026-08-10T06:00:00Z,17.2,16.6,16.9,15.2,-0.3,0.3
6-24ч,2026-08-09T12:45:53Z,2026-08-10T09:00:00Z,20.2,20.5,20.6,16.5,-0.1,0.1
6-24ч,2026-08-09T12:45:53Z,2026-08-10T12:00:00Z,23.2,22.0,22.3,16.7,-0.3,0.3
6-24ч,2026-08-09T12:48:15Z,2026-08-09T21:00:00Z,8.2,11.6,10.4,13.6,1.2,1.2
6-24ч,2026-08-09T12:48:15Z,2026-08-10T00:00:00Z,11.2,10.7,10.8,13.1,-0.1,0.1
6-24ч,2026-08-09T12:48:15Z,2026-08-10T03:00:00Z,14.2,12.6,12.6,11.9,0.0,0.0
6-24ч,2026-08-09T12:48:15Z,2026-08-10T06:00:00Z,17.2,16.6,16.9,15.2,-0.3,0.3
6-24ч,2026-08-09T12:48:15Z,2026-08-10T09:00:00Z,20.2,20.5,20.6,16.5,-0.1,0.1
6-24ч,2026-08-09T12:48:15Z,2026-08-10T12:00:00Z,23.2,22.0,22.3,16.7,-0.3,0.3
6-24ч,2026-08-09T16:31:44Z,2026-08-10T00:00:00Z,7.5,10.9,10.8,13.1,0.1,0.1
6-24ч,2026-08-09T16:31:44Z,2026-08-10T03:00:00Z,10.5,12.9,12.6,11.9,0.3,0.3
6-24ч,2026-08-09T16:31:44Z,2026-08-10T06:00:00Z,13.5,15.5,16.9,15.2,-1.4,1.4
6-24ч,2026-08-09T16:31:44Z,2026-08-10T09:00:00Z,16.5,20.5,20.6,16.5,-0.1,0.1
6-24ч,2026-08-09T16:31:44Z,2026-08-10T12:00:00Z,19.5,21.9,22.3,16.7,-0.4,0.4
6-24ч,2026-08-09T16:31:44Z,2026-08-10T15:00:00Z,22.5,20.9,21.8,17.0,-0.9,0.9
6-24ч,2026-08-09T22:39:09Z,2026-08-10T06:00:00Z,7.3,15.9,16.9,15.2,-1.0,1.0
6-24ч,2026-08-09T22:39:09Z,2026-08-10T09:00:00Z,10.3,20.4,20.6,16.5,-0.2,0.2
6-24ч,2026-08-09T22:39:09Z,2026-08-10T12:00:00Z,13.3,22.0,22.3,16.7,-0.3,0.3
6-24ч,2026-08-09T22:39:09Z,2026-08-10T15:00:00Z,16.3,21.2,21.8,17.0,-0.6,0.6
6-24ч,2026-08-09T22:39:09Z,2026-08-10T18:00:00Z,19.3,17.7,18.4,13.7,-0.7,0.7
6-24ч,2026-08-09T22:39:09Z,2026-08-10T21:00:00Z,22.3,15.4,15.0,10.4,0.4,0.4
6-24ч,2026-08-10T05:20:42Z,2026-08-10T12:00:00Z,6.7,21.9,22.3,16.7,-0.4,0.4
6-24ч,2026-08-10T05:20:42Z,2026-08-10T15:00:00Z,9.7,21.3,21.8,17.0,-0.5,0.5
6-24ч,2026-08-10T05:20:42Z,2026-08-10T18:00:00Z,12.7,17.5,18.4,13.7,-0.9,0.9
6-24ч,2026-08-10T05:20:42Z,2026-08-10T21:00:00Z,15.7,15.3,15.0,10.4,0.3,0.3
6-24ч,2026-08-10T05:20:42Z,2026-08-11T00:00:00Z,18.7,14.5,15.3,10.8,-0.8,0.8
6-24ч,2026-08-10T05:20:42Z,2026-08-11T03:00:00Z,21.7,15.2,15.0,12.6,0.2,0.2
6-24ч,2026-08-10T10:53:28Z,2026-08-10T18:00:00Z,7.1,17.3,18.4,13.7,-1.1,1.1
6-24ч,2026-08-10T10:53:28Z,2026-08-10T21:00:00Z,10.1,15.2,15.0,10.4,0.2,0.2
6-24ч,2026-08-10T10:53:28Z,2026-08-11T00:00:00Z,13.1,14.4,15.3,10.8,-0.9,0.9
6-24ч,2026-08-10T10:53:28Z,2026-08-11T03:00:00Z,16.1,15.2,15.0,12.6,0.2,0.2
6-24ч,2026-08-10T10:53:28Z,2026-08-11T06:00:00Z,19.1,18.7,19.4,16.9,-0.7,0.7
6-24ч,2026-08-10T10:53:28Z,2026-08-11T09:00:00Z,22.1,21.7,23.5,20.6,-1.8,1.8
6-24ч,2026-08-10T16:52:05Z,2026-08-11T00:00:00Z,7.1,14.6,15.3,10.8,-0.7,0.7
6-24ч,2026-08-10T16:52:05Z,2026-08-11T03:00:00Z,10.1,15.3,15.0,12.6,0.3,0.3
6-24ч,2026-08-10T16:52:05Z,2026-08-11T06:00:00Z,13.1,18.8,19.4,16.9,-0.6,0.6
6-24ч,2026-08-10T16:52:05Z,2026-08-11T09:00:00Z,16.1,21.9,23.5,20.6,-1.6,1.6
6-24ч,2026-08-10T16:52:05Z,2026-08-11T12:00:00Z,19.1,22.1,24.1,22.3,-2.0,2.0
6-24ч,2026-08-10T16:52:05Z,2026-08-11T15:00:00Z,22.1,20.7,19.2,21.8,1.5,1.5
6-24ч,2026-08-10T22:47:13Z,2026-08-11T06:00:00Z,7.2,19.0,19.4,16.9,-0.4,0.4
6-24ч,2026-08-10T22:47:13Z,2026-08-11T09:00:00Z,10.2,22.2,23.5,20.6,-1.3,1.3
6-24ч,2026-08-10T22:47:13Z,2026-08-11T12:00:00Z,13.2,22.4,24.1,22.3,-1.7,1.7
6-24ч,2026-08-10T22:47:13Z,2026-08-11T15:00:00Z,16.2,20.0,19.2,21.8,0.8,0.8
6-24ч,2026-08-10T22:47:13Z,2026-08-11T18:00:00Z,19.2,17.6,16.8,18.4,0.8,0.8
6-24ч,2026-08-10T22:47:13Z,2026-08-11T21:00:00Z,22.2,15.7,16.3,15.0,-0.6,0.6
6-24ч,2026-08-11T05:01:49Z,2026-08-11T12:00:00Z,7.0,22.2,24.1,22.3,-1.9,1.9
6-24ч,2026-08-11T05:01:49Z,2026-08-11T15:00:00Z,10.0,19.1,19.2,21.8,-0.1,0.1
6-24ч,2026-08-11T05:01:49Z,2026-08-11T18:00:00Z,13.0,17.5,16.8,18.4,0.7,0.7
6-24ч,2026-08-11T05:01:49Z,2026-08-11T21:00:00Z,16.0,15.8,16.3,15.0,-0.5,0.5
6-24ч,2026-08-11T05:01:49Z,2026-08-12T00:00:00Z,19.0,15.2,15.2,15.3,0.0,0.0
6-24ч,2026-08-11T05:01:49Z,2026-08-12T03:00:00Z,22.0,14.9,14.5,15.0,0.4,0.4
6-24ч,2026-08-11T10:38:45Z,2026-08-11T18:00:00Z,7.4,16.2,16.8,18.4,-0.6,0.6
6-24ч,2026-08-11T10:38:45Z,2026-08-11T21:00:00Z,10.4,15.5,16.3,15.0,-0.8,0.8
6-24ч,2026-08-11T10:38:45Z,2026-08-12T00:00:00Z,13.4,15.0,15.2,15.3,-0.2,0.2
6-24ч,2026-08-11T10:38:45Z,2026-08-12T03:00:00Z,16.4,14.8,14.5,15.0,0.3,0.3
6-24ч,2026-08-11T10:38:45Z,2026-08-12T06:00:00Z,19.4,14.9,14.7,19.4,0.2,0.2
6-24ч,2026-08-11T10:38:45Z,2026-08-12T09:00:00Z,22.4,13.6,15.2,23.5,-1.6,1.6
6-24ч,2026-08-12T10:47:03Z,2026-08-12T18:00:00Z,7.2,10.8,9.3,16.8,1.5,1.5
6-24ч,2026-08-12T10:47:03Z,2026-08-12T21:00:00Z,10.2,10.3,8.4,16.3,1.9,1.9
6-24ч,2026-08-12T10:47:03Z,2026-08-13T00:00:00Z,13.2,9.1,8.4,15.2,0.7,0.7
6-24ч,2026-08-12T10:47:03Z,2026-08-13T03:00:00Z,16.2,8.8,8.4,14.5,0.4,0.4
6-24ч,2026-08-12T10:47:03Z,2026-08-13T06:00:00Z,19.2,8.5,8.2,14.7,0.3,0.3
6-24ч,2026-08-12T10:47:03Z,2026-08-13T09:00:00Z,22.2,8.3,8.3,15.2,0.0,0.0
6-24ч,2026-08-12T16:54:57Z,2026-08-13T00:00:00Z,7.1,9.3,8.4,15.2,0.9,0.9
6-24ч,2026-08-12T16:54:57Z,2026-08-13T03:00:00Z,10.1,8.5,8.4,14.5,0.1,0.1
6-24ч,2026-08-12T16:54:57Z,2026-08-13T06:00:00Z,13.1,8.4,8.2,14.7,0.2,0.2
6-24ч,2026-08-12T16:54:57Z,2026-08-13T09:00:00Z,16.1,8.1,8.3,15.2,-0.2,0.2
6-24ч,2026-08-12T16:54:57Z,2026-08-13T12:00:00Z,19.1,7.9,7.7,11.9,0.2,0.2
6-24ч,2026-08-12T16:54:57Z,2026-08-13T15:00:00Z,22.1,7.6,7.3,10.7,0.3,0.3
6-24ч,2026-08-12T22:50:47Z,2026-08-13T06:00:00Z,7.2,8.0,8.2,14.7,-0.2,0.2
6-24ч,2026-08-12T22:50:47Z,2026-08-13T09:00:00Z,10.2,7.9,8.3,15.2,-0.4,0.4
6-24ч,2026-08-12T22:50:47Z,2026-08-13T12:00:00Z,13.2,7.7,7.7,11.9,0.0,0.0
6-24ч,2026-08-12T22:50:47Z,2026-08-13T15:00:00Z,16.2,7.5,7.3,10.7,0.2,0.2
6-24ч,2026-08-12T22:50:47Z,2026-08-13T18:00:00Z,19.2,7.6,6.9,9.3,0.7,0.7
6-24ч,2026-08-12T22:50:47Z,2026-08-13T21:00:00Z,22.2,7.4,7.1,8.4,0.3,0.3
6-24ч,2026-08-13T05:30:08Z,2026-08-13T12:00:00Z,6.5,7.8,7.7,11.9,0.1,0.1
6-24ч,2026-08-13T05:30:08Z,2026-08-13T15:00:00Z,9.5,7.7,7.3,10.7,0.4,0.4
6-24ч,2026-08-13T05:30:08Z,2026-08-13T18:00:00Z,12.5,7.6,6.9,9.3,0.7,0.7
6-24ч,2026-08-13T05:30:08Z,2026-08-13T21:00:00Z,15.5,7.5,7.1,8.4,0.4,0.4
6-24ч,2026-08-13T05:30:08Z,2026-08-14T00:00:00Z,18.5,7.7,7.3,8.4,0.4,0.4
6-24ч,2026-08-13T05:30:08Z,2026-08-14T03:00:00Z,21.5,7.8,7.4,8.4,0.4,0.4
6-24ч,2026-08-13T10:49:01Z,2026-08-13T18:00:00Z,7.2,7.6,6.9,9.3,0.7,0.7
6-24ч,2026-08-13T10:49:01Z,2026-08-13T21:00:00Z,10.2,7.4,7.1,8.4,0.3,0.3
6-24ч,2026-08-13T10:49:01Z,2026-08-14T00:00:00Z,13.2,7.6,7.3,8.4,0.3,0.3
6-24ч,2026-08-13T10:49:01Z,2026-08-14T03:00:00Z,16.2,7.9,7.4,8.4,0.5,0.5
6-24ч,2026-08-13T10:49:01Z,2026-08-14T06:00:00Z,19.2,8.4,8.3,8.2,0.1,0.1
6-24ч,2026-08-13T10:49:01Z,2026-08-14T09:00:00Z,22.2,8.8,9.1,8.3,-0.3,0.3
6-24ч,2026-08-13T16:36:10Z,2026-08-14T00:00:00Z,7.4,7.6,7.3,8.4,0.3,0.3
6-24ч,2026-08-13T16:36:10Z,2026-08-14T03:00:00Z,10.4,7.9,7.4,8.4,0.5,0.5
6-24ч,2026-08-13T16:36:10Z,2026-08-14T06:00:00Z,13.4,8.4,8.3,8.2,0.1,0.1
6-24ч,2026-08-13T16:36:10Z,2026-08-14T09:00:00Z,16.4,9.2,9.1,8.3,0.1,0.1
6-24ч,2026-08-13T16:36:10Z,2026-08-14T12:00:00Z,19.4,10.7,10.0,7.7,0.7,0.7
6-24ч,2026-08-13T16:36:10Z,2026-08-14T15:00:00Z,22.4,11.3,10.6,7.3,0.7,0.7
6-24ч,2026-08-13T16:42:24Z,2026-08-14T00:00:00Z,7.3,7.6,7.3,8.4,0.3,0.3
6-24ч,2026-08-13T16:42:24Z,2026-08-14T03:00:00Z,10.3,7.9,7.4,8.4,0.5,0.5
6-24ч,2026-08-13T16:42:24Z,2026-08-14T06:00:00Z,13.3,8.4,8.3,8.2,0.1,0.1
6-24ч,2026-08-13T16:42:24Z,2026-08-14T09:00:00Z,16.3,9.2,9.1,8.3,0.1,0.1
6-24ч,2026-08-13T16:42:24Z,2026-08-14T12:00:00Z,19.3,10.7,10.0,7.7,0.7,0.7
6-24ч,2026-08-13T16:42:24Z,2026-08-14T15:00:00Z,22.3,11.3,10.6,7.3,0.7,0.7
6-24ч,2026-08-13T16:54:22Z,2026-08-14T00:00:00Z,7.1,7.6,7.3,8.4,0.3,0.3
6-24ч,2026-08-13T16:54:22Z,2026-08-14T03:00:00Z,10.1,7.9,7.4,8.4,0.5,0.5
6-24ч,2026-08-13T16:54:22Z,2026-08-14T06:00:00Z,13.1,8.4,8.3,8.2,0.1,0.1
6-24ч,2026-08-13T16:54:22Z,2026-08-14T09:00:00Z,16.1,9.2,9.1,8.3,0.1,0.1
6-24ч,2026-08-13T16:54:22Z,2026-08-14T12:00:00Z,19.1,10.7,10.0,7.7,0.7,0.7
6-24ч,2026-08-13T16:54:22Z,2026-08-14T15:00:00Z,22.1,11.3,10.6,7.3,0.7,0.7
6-24ч,2026-08-13T22:52:17Z,2026-08-14T06:00:00Z,7.1,8.5,8.3,8.2,0.2,0.2
6-24ч,2026-08-13T22:52:17Z,2026-08-14T09:00:00Z,10.1,9.1,9.1,8.3,0.0,0.0
6-24ч,2026-08-13T22:52:17Z,2026-08-14T12:00:00Z,13.1,10.7,10.0,7.7,0.7,0.7
6-24ч,2026-08-13T22:52:17Z,2026-08-14T15:00:00Z,16.1,12.0,10.6,7.3,1.4,1.4
6-24ч,2026-08-13T22:52:17Z,2026-08-14T18:00:00Z,19.1,8.9,8.7,6.9,0.2,0.2
6-24ч,2026-08-13T22:52:17Z,2026-08-14T21:00:00Z,22.1,6.9,8.0,7.1,-1.1,1.1
6-24ч,2026-08-14T05:28:14Z,2026-08-14T12:00:00Z,6.5,10.9,10.0,7.7,0.9,0.9
6-24ч,2026-08-14T05:28:14Z,2026-08-14T15:00:00Z,9.5,11.4,10.6,7.3,0.8,0.8
6-24ч,2026-08-14T05:28:14Z,2026-08-14T18:00:00Z,12.5,9.2,8.7,6.9,0.5,0.5
6-24ч,2026-08-14T05:28:14Z,2026-08-14T21:00:00Z,15.5,7.4,8.0,7.1,-0.6,0.6
6-24ч,2026-08-14T05:28:14Z,2026-08-15T00:00:00Z,18.5,7.8,6.3,7.3,1.5,1.5
6-24ч,2026-08-14T05:28:14Z,2026-08-15T03:00:00Z,21.5,8.3,7.6,7.4,0.7,0.7
6-24ч,2026-08-14T10:44:54Z,2026-08-14T18:00:00Z,7.3,9.7,8.7,6.9,1.0,1.0
6-24ч,2026-08-14T10:44:54Z,2026-08-14T21:00:00Z,10.3,8.5,8.0,7.1,0.5,0.5
6-24ч,2026-08-14T10:44:54Z,2026-08-15T00:00:00Z,13.3,8.5,6.3,7.3,2.2,2.2
6-24ч,2026-08-14T10:44:54Z,2026-08-15T03:00:00Z,16.3,8.5,7.6,7.4,0.9,0.9
6-24ч,2026-08-14T10:44:54Z,2026-08-15T06:00:00Z,19.3,9.8,8.6,8.3,1.2,1.2
6-24ч,2026-08-14T10:44:54Z,2026-08-15T09:00:00Z,22.3,12.6,10.9,9.1,1.7,1.7
6-24ч,2026-08-14T16:48:33Z,2026-08-15T00:00:00Z,7.2,8.2,6.3,7.3,1.9,1.9
6-24ч,2026-08-14T16:48:33Z,2026-08-15T03:00:00Z,10.2,8.5,7.6,7.4,0.9,0.9
6-24ч,2026-08-14T16:48:33Z,2026-08-15T06:00:00Z,13.2,9.8,8.6,8.3,1.2,1.2
6-24ч,2026-08-14T16:48:33Z,2026-08-15T09:00:00Z,16.2,13.5,10.9,9.1,2.6,2.6
6-24ч,2026-08-14T16:48:33Z,2026-08-15T12:00:00Z,19.2,14.5,13.4,10.0,1.1,1.1
6-24ч,2026-08-14T16:48:33Z,2026-08-15T15:00:00Z,22.2,13.9,13.0,10.6,0.9,0.9
6-24ч,2026-08-14T22:30:55Z,2026-08-15T06:00:00Z,7.5,10.3,8.6,8.3,1.7,1.7
6-24ч,2026-08-14T22:30:55Z,2026-08-15T09:00:00Z,10.5,13.0,10.9,9.1,2.1,2.1
6-24ч,2026-08-14T22:30:55Z,2026-08-15T12:00:00Z,13.5,14.3,13.4,10.0,0.9,0.9
6-24ч,2026-08-14T22:30:55Z,2026-08-15T15:00:00Z,16.5,13.9,13.0,10.6,0.9,0.9
6-24ч,2026-08-14T22:30:55Z,2026-08-15T18:00:00Z,19.5,11.7,12.2,8.7,-0.5,0.5
6-24ч,2026-08-14T22:30:55Z,2026-08-15T21:00:00Z,22.5,10.3,11.3,8.0,-1.0,1.0
6-24ч,2026-08-15T04:24:15Z,2026-08-15T12:00:00Z,7.6,14.0,13.4,10.0,0.6,0.6
6-24ч,2026-08-15T04:24:15Z,2026-08-15T15:00:00Z,10.6,13.6,13.0,10.6,0.6,0.6
6-24ч,2026-08-15T04:24:15Z,2026-08-15T18:00:00Z,13.6,11.7,12.2,8.7,-0.5,0.5
6-24ч,2026-08-15T04:24:15Z,2026-08-15T21:00:00Z,16.6,10.1,11.3,8.0,-1.2,1.2
6-24ч,2026-08-15T04:24:15Z,2026-08-16T00:00:00Z,19.6,10.0,10.8,6.3,-0.8,0.8
6-24ч,2026-08-15T04:24:15Z,2026-08-16T03:00:00Z,22.6,10.3,10.1,7.6,0.2,0.2
6-24ч,2026-08-15T10:09:15Z,2026-08-15T18:00:00Z,7.8,11.8,12.2,8.7,-0.4,0.4
6-24ч,2026-08-15T10:09:15Z,2026-08-15T21:00:00Z,10.8,9.9,11.3,8.0,-1.4,1.4
6-24ч,2026-08-15T10:09:15Z,2026-08-16T00:00:00Z,13.8,9.3,10.8,6.3,-1.5,1.5
6-24ч,2026-08-15T10:09:15Z,2026-08-16T03:00:00Z,16.8,10.1,10.1,7.6,0.0,0.0
6-24ч,2026-08-15T10:09:15Z,2026-08-16T06:00:00Z,19.8,11.7,12.3,8.6,-0.6,0.6
6-24ч,2026-08-15T10:09:15Z,2026-08-16T09:00:00Z,22.8,12.5,14.3,10.9,-1.8,1.8
6-24ч,2026-08-15T22:29:33Z,2026-08-16T06:00:00Z,7.5,12.6,12.3,8.6,0.3,0.3
6-24ч,2026-08-15T22:29:33Z,2026-08-16T09:00:00Z,10.5,13.3,14.3,10.9,-1.0,1.0
6-24ч,2026-08-15T22:29:33Z,2026-08-16T12:00:00Z,13.5,14.4,16.0,13.4,-1.6,1.6
6-24ч,2026-08-15T22:29:33Z,2026-08-16T15:00:00Z,16.5,15.0,16.2,13.0,-1.2,1.2
6-24ч,2026-08-15T22:29:33Z,2026-08-16T18:00:00Z,19.5,13.1,11.2,12.2,1.9,1.9
6-24ч,2026-08-15T22:29:33Z,2026-08-16T21:00:00Z,22.5,12.0,9.4,11.3,2.6,2.6
6-24ч,2026-08-16T04:29:41Z,2026-08-16T12:00:00Z,7.5,15.0,16.0,13.4,-1.0,1.0
6-24ч,2026-08-16T04:29:41Z,2026-08-16T15:00:00Z,10.5,14.8,16.2,13.0,-1.4,1.4
6-24ч,2026-08-16T04:29:41Z,2026-08-16T18:00:00Z,13.5,13.0,11.2,12.2,1.8,1.8
6-24ч,2026-08-16T04:29:41Z,2026-08-16T21:00:00Z,16.5,12.0,9.4,11.3,2.6,2.6
6-24ч,2026-08-16T04:29:41Z,2026-08-17T00:00:00Z,19.5,10.9,9.3,10.8,1.6,1.6
6-24ч,2026-08-16T04:29:41Z,2026-08-17T03:00:00Z,22.5,10.9,9.1,10.1,1.8,1.8
6-24ч,2026-08-16T07:21:44Z,2026-08-16T15:00:00Z,7.6,14.8,16.2,13.0,-1.4,1.4
6-24ч,2026-08-16T07:21:44Z,2026-08-16T18:00:00Z,10.6,13.0,11.2,12.2,1.8,1.8
6-24ч,2026-08-16T07:21:44Z,2026-08-16T21:00:00Z,13.6,12.0,9.4,11.3,2.6,2.6
6-24ч,2026-08-16T07:21:44Z,2026-08-17T00:00:00Z,16.6,10.9,9.3,10.8,1.6,1.6
6-24ч,2026-08-16T07:21:44Z,2026-08-17T03:00:00Z,19.6,10.9,9.1,10.1,1.8,1.8
6-24ч,2026-08-16T07:21:44Z,2026-08-17T06:00:00Z,22.6,14.6,15.0,12.3,-0.4,0.4
6-24ч,2026-08-16T10:09:47Z,2026-08-16T18:00:00Z,7.8,13.1,11.2,12.2,1.9,1.9
6-24ч,2026-08-16T10:09:47Z,2026-08-16T21:00:00Z,10.8,11.6,9.4,11.3,2.2,2.2
6-24ч,2026-08-16T10:09:47Z,2026-08-17T00:00:00Z,13.8,9.4,9.3,10.8,0.1,0.1
6-24ч,2026-08-16T10:09:47Z,2026-08-17T03:00:00Z,16.8,10.3,9.1,10.1,1.2,1.2
6-24ч,2026-08-16T10:09:47Z,2026-08-17T06:00:00Z,19.8,15.0,15.0,12.3,0.0,0.0
6-24ч,2026-08-16T10:09:47Z,2026-08-17T09:00:00Z,22.8,18.4,17.9,14.3,0.5,0.5
6-24ч,2026-08-16T16:21:00Z,2026-08-17T00:00:00Z,7.7,8.8,9.3,10.8,-0.5,0.5
6-24ч,2026-08-16T16:21:00Z,2026-08-17T03:00:00Z,10.7,9.7,9.1,10.1,0.6,0.6
6-24ч,2026-08-16T16:21:00Z,2026-08-17T06:00:00Z,13.7,14.4,15.0,12.3,-0.6,0.6
6-24ч,2026-08-16T16:21:00Z,2026-08-17T09:00:00Z,16.6,17.9,17.9,14.3,0.0,0.0
6-24ч,2026-08-16T16:21:00Z,2026-08-17T12:00:00Z,19.6,19.2,19.5,16.0,-0.3,0.3
6-24ч,2026-08-16T16:21:00Z,2026-08-17T15:00:00Z,22.6,18.7,19.1,16.2,-0.4,0.4
6-24ч,2026-08-16T22:29:34Z,2026-08-17T06:00:00Z,7.5,14.9,15.0,12.3,-0.1,0.1
6-24ч,2026-08-16T22:29:34Z,2026-08-17T09:00:00Z,10.5,18.0,17.9,14.3,0.1,0.1
6-24ч,2026-08-16T22:29:34Z,2026-08-17T12:00:00Z,13.5,19.1,19.5,16.0,-0.4,0.4
6-24ч,2026-08-16T22:29:34Z,2026-08-17T15:00:00Z,16.5,18.5,19.1,16.2,-0.6,0.6
6-24ч,2026-08-16T22:29:34Z,2026-08-17T18:00:00Z,19.5,14.0,14.5,11.2,-0.5,0.5
6-24ч,2026-08-16T22:29:34Z,2026-08-17T21:00:00Z,22.5,12.3,13.0,9.4,-0.7,0.7
6-24ч,2026-08-17T04:35:30Z,2026-08-17T12:00:00Z,7.4,19.1,19.5,16.0,-0.4,0.4
6-24ч,2026-08-17T04:35:30Z,2026-08-17T15:00:00Z,10.4,18.4,19.1,16.2,-0.7,0.7
6-24ч,2026-08-17T04:35:30Z,2026-08-17T18:00:00Z,13.4,13.4,14.5,11.2,-1.1,1.1
6-24ч,2026-08-17T04:35:30Z,2026-08-17T21:00:00Z,16.4,11.7,13.0,9.4,-1.3,1.3
6-24ч,2026-08-17T04:35:30Z,2026-08-18T00:00:00Z,19.4,10.7,13.0,9.3,-2.3,2.3
6-24ч,2026-08-17T04:35:30Z,2026-08-18T03:00:00Z,22.4,11.8,12.6,9.1,-0.8,0.8
6-24ч,2026-08-17T10:18:11Z,2026-08-17T18:00:00Z,7.7,13.4,14.5,11.2,-1.1,1.1
6-24ч,2026-08-17T10:18:11Z,2026-08-17T21:00:00Z,10.7,11.7,13.0,9.4,-1.3,1.3
6-24ч,2026-08-17T10:18:11Z,2026-08-18T00:00:00Z,13.7,10.7,13.0,9.3,-2.3,2.3
6-24ч,2026-08-17T10:18:11Z,2026-08-18T03:00:00Z,16.7,11.8,12.6,9.1,-0.8,0.8
6-24ч,2026-08-17T10:18:11Z,2026-08-18T06:00:00Z,19.7,16.7,15.4,15.0,1.3,1.3
6-24ч,2026-08-17T10:18:11Z,2026-08-18T09:00:00Z,22.7,19.0,18.7,17.9,0.3,0.3
6-24ч,2026-08-17T16:23:45Z,2026-08-18T00:00:00Z,7.6,10.7,13.0,9.3,-2.3,2.3
6-24ч,2026-08-17T16:23:45Z,2026-08-18T03:00:00Z,10.6,11.8,12.6,9.1,-0.8,0.8
6-24ч,2026-08-17T16:23:45Z,2026-08-18T06:00:00Z,13.6,16.7,15.4,15.0,1.3,1.3
6-24ч,2026-08-17T16:23:45Z,2026-08-18T09:00:00Z,16.6,19.0,18.7,17.9,0.3,0.3
6-24ч,2026-08-17T16:23:45Z,2026-08-18T12:00:00Z,19.6,20.0,18.5,19.5,1.5,1.5
6-24ч,2026-08-17T16:23:45Z,2026-08-18T15:00:00Z,22.6,18.8,18.8,19.1,0.0,0.0
6-24ч,2026-08-17T22:31:28Z,2026-08-18T06:00:00Z,7.5,16.7,15.4,15.0,1.3,1.3
6-24ч,2026-08-17T22:31:28Z,2026-08-18T09:00:00Z,10.5,19.0,18.7,17.9,0.3,0.3
6-24ч,2026-08-17T22:31:28Z,2026-08-18T12:00:00Z,13.5,20.0,18.5,19.5,1.5,1.5
6-24ч,2026-08-17T22:31:28Z,2026-08-18T15:00:00Z,16.5,18.8,18.8,19.1,0.0,0.0
6-24ч,2026-08-17T22:31:28Z,2026-08-18T18:00:00Z,19.5,14.7,14.0,14.5,0.7,0.7
6-24ч,2026-08-17T22:31:28Z,2026-08-18T21:00:00Z,22.5,13.0,12.0,13.0,1.0,1.0
6-24ч,2026-08-18T04:30:05Z,2026-08-18T12:00:00Z,7.5,20.0,18.5,19.5,1.5,1.5
6-24ч,2026-08-18T04:30:05Z,2026-08-18T15:00:00Z,10.5,18.8,18.8,19.1,0.0,0.0
6-24ч,2026-08-18T04:30:05Z,2026-08-18T18:00:00Z,13.5,14.7,14.0,14.5,0.7,0.7
6-24ч,2026-08-18T04:30:05Z,2026-08-18T21:00:00Z,16.5,13.0,12.0,13.0,1.0,1.0
6-24ч,2026-08-18T04:30:05Z,2026-08-19T00:00:00Z,19.5,11.7,12.5,13.0,-0.8,0.8
6-24ч,2026-08-18T04:30:05Z,2026-08-19T03:00:00Z,22.5,12.0,13.3,12.6,-1.3,1.3
6-24ч,2026-08-18T10:14:55Z,2026-08-18T18:00:00Z,7.8,14.7,14.0,14.5,0.7,0.7
6-24ч,2026-08-18T10:14:55Z,2026-08-18T21:00:00Z,10.8,13.0,12.0,13.0,1.0,1.0
6-24ч,2026-08-18T10:14:55Z,2026-08-19T00:00:00Z,13.8,11.7,12.5,13.0,-0.8,0.8
6-24ч,2026-08-18T10:14:55Z,2026-08-19T03:00:00Z,16.8,12.0,13.3,12.6,-1.3,1.3
6-24ч,2026-08-18T10:14:55Z,2026-08-19T06:00:00Z,19.8,15.7,14.3,15.4,1.4,1.4
6-24ч,2026-08-18T10:14:55Z,2026-08-19T09:00:00Z,22.8,19.2,17.4,18.7,1.8,1.8
6-24ч,2026-08-18T16:27:50Z,2026-08-19T00:00:00Z,7.5,11.5,12.5,13.0,-1.0,1.0
6-24ч,2026-08-18T16:27:50Z,2026-08-19T03:00:00Z,10.5,12.0,13.3,12.6,-1.3,1.3
6-24ч,2026-08-18T16:27:50Z,2026-08-19T06:00:00Z,13.5,14.8,14.3,15.4,0.5,0.5
6-24ч,2026-08-18T16:27:50Z,2026-08-19T09:00:00Z,16.5,17.1,17.4,18.7,-0.3,0.3
6-24ч,2026-08-18T16:27:50Z,2026-08-19T12:00:00Z,19.5,18.3,19.6,18.5,-1.3,1.3
6-24ч,2026-08-18T16:27:50Z,2026-08-19T15:00:00Z,22.5,17.2,17.6,18.8,-0.4,0.4
6-24ч,2026-08-18T22:31:39Z,2026-08-19T06:00:00Z,7.5,15.5,14.3,15.4,1.2,1.2
6-24ч,2026-08-18T22:31:39Z,2026-08-19T09:00:00Z,10.5,17.8,17.4,18.7,0.4,0.4
6-24ч,2026-08-18T22:31:39Z,2026-08-19T12:00:00Z,13.5,19.0,19.6,18.5,-0.6,0.6
6-24ч,2026-08-18T22:31:39Z,2026-08-19T15:00:00Z,16.5,17.3,17.6,18.8,-0.3,0.3
6-24ч,2026-08-18T22:31:39Z,2026-08-19T18:00:00Z,19.5,15.3,14.6,14.0,0.7,0.7
6-24ч,2026-08-18T22:31:39Z,2026-08-19T21:00:00Z,22.5,14.9,15.0,12.0,-0.1,0.1
6-24ч,2026-08-19T04:31:14Z,2026-08-19T12:00:00Z,7.5,18.3,19.6,18.5,-1.3,1.3
6-24ч,2026-08-19T04:31:14Z,2026-08-19T15:00:00Z,10.5,17.8,17.6,18.8,0.2,0.2
6-24ч,2026-08-19T04:31:14Z,2026-08-19T18:00:00Z,13.5,15.6,14.6,14.0,1.0,1.0
6-24ч,2026-08-19T04:31:14Z,2026-08-19T21:00:00Z,16.5,14.6,15.0,12.0,-0.4,0.4
6-24ч,2026-08-19T04:31:14Z,2026-08-20T00:00:00Z,19.5,14.1,15.1,12.5,-1.0,1.0
6-24ч,2026-08-19T04:31:14Z,2026-08-20T03:00:00Z,22.5,14.4,15.2,13.3,-0.8,0.8
6-24ч,2026-08-19T10:14:48Z,2026-08-19T18:00:00Z,7.8,15.6,14.6,14.0,1.0,1.0
6-24ч,2026-08-19T10:14:48Z,2026-08-19T21:00:00Z,10.8,14.5,15.0,12.0,-0.5,0.5
6-24ч,2026-08-19T10:14:48Z,2026-08-20T00:00:00Z,13.8,14.4,15.1,12.5,-0.7,0.7
6-24ч,2026-08-19T10:14:48Z,2026-08-20T03:00:00Z,16.8,14.1,15.2,13.3,-1.1,1.1
6-24ч,2026-08-19T10:14:48Z,2026-08-20T06:00:00Z,19.8,14.0,15.0,14.3,-1.0,1.0
6-24ч,2026-08-19T10:14:48Z,2026-08-20T09:00:00Z,22.8,15.1,15.1,17.4,0.0,0.0
6-24ч,2026-08-19T16:28:17Z,2026-08-20T00:00:00Z,7.5,14.7,15.1,12.5,-0.4,0.4
6-24ч,2026-08-19T16:28:17Z,2026-08-20T03:00:00Z,10.5,14.7,15.2,13.3,-0.5,0.5
6-24ч,2026-08-19T16:28:17Z,2026-08-20T06:00:00Z,13.5,15.1,15.0,14.3,0.1,0.1
6-24ч,2026-08-19T16:28:17Z,2026-08-20T09:00:00Z,16.5,15.3,15.1,17.4,0.2,0.2
6-24ч,2026-08-19T16:28:17Z,2026-08-20T12:00:00Z,19.5,15.7,16.7,19.6,-1.0,1.0
6-24ч,2026-08-19T16:28:17Z,2026-08-20T15:00:00Z,22.5,15.3,15.2,17.6,0.1,0.1
6-24ч,2026-08-20T04:31:56Z,2026-08-20T12:00:00Z,7.5,17.2,16.7,19.6,0.5,0.5
6-24ч,2026-08-20T04:31:56Z,2026-08-20T15:00:00Z,10.5,15.2,15.2,17.6,0.0,0.0
6-24ч,2026-08-20T04:31:56Z,2026-08-20T18:00:00Z,13.5,13.0,13.8,14.6,-0.8,0.8
6-24ч,2026-08-20T04:31:56Z,2026-08-20T21:00:00Z,16.5,13.5,13.9,15.0,-0.4,0.4
6-24ч,2026-08-20T04:31:56Z,2026-08-21T00:00:00Z,19.5,13.4,13.1,15.1,0.3,0.3
6-24ч,2026-08-20T04:31:56Z,2026-08-21T03:00:00Z,22.5,13.3,12.4,15.2,0.9,0.9
6-24ч,2026-08-20T10:16:10Z,2026-08-20T18:00:00Z,7.7,14.3,13.8,14.6,0.5,0.5
6-24ч,2026-08-20T10:16:10Z,2026-08-20T21:00:00Z,10.7,14.7,13.9,15.0,0.8,0.8
6-24ч,2026-08-20T10:16:10Z,2026-08-21T00:00:00Z,13.7,14.0,13.1,15.1,0.9,0.9
6-24ч,2026-08-20T10:16:10Z,2026-08-21T03:00:00Z,16.7,13.1,12.4,15.2,0.7,0.7
6-24ч,2026-08-20T10:16:10Z,2026-08-21T06:00:00Z,19.7,15.6,15.9,15.0,-0.3,0.3
6-24ч,2026-08-20T10:16:10Z,2026-08-21T09:00:00Z,22.7,18.8,17.9,15.1,0.9,0.9
6-24ч,2026-08-20T16:31:45Z,2026-08-21T00:00:00Z,7.5,12.8,13.1,15.1,-0.3,0.3
6-24ч,2026-08-20T16:31:45Z,2026-08-21T03:00:00Z,10.5,12.8,12.4,15.2,0.4,0.4
6-24ч,2026-08-20T16:31:45Z,2026-08-21T06:00:00Z,13.5,15.5,15.9,15.0,-0.4,0.4
6-24ч,2026-08-20T16:31:45Z,2026-08-21T09:00:00Z,16.5,18.8,17.9,15.1,0.9,0.9
6-24ч,2026-08-20T16:31:45Z,2026-08-21T12:00:00Z,19.5,19.7,18.3,16.7,1.4,1.4
6-24ч,2026-08-20T16:31:45Z,2026-08-21T15:00:00Z,22.5,17.3,15.5,15.2,1.8,1.8
6-24ч,2026-08-20T22:34:58Z,2026-08-21T06:00:00Z,7.4,15.6,15.9,15.0,-0.3,0.3
6-24ч,2026-08-20T22:34:58Z,2026-08-21T09:00:00Z,10.4,19.0,17.9,15.1,1.1,1.1
6-24ч,2026-08-20T22:34:58Z,2026-08-21T12:00:00Z,13.4,19.7,18.3,16.7,1.4,1.4
6-24ч,2026-08-20T22:34:58Z,2026-08-21T15:00:00Z,16.4,17.2,15.5,15.2,1.7,1.7
6-24ч,2026-08-20T22:34:58Z,2026-08-21T18:00:00Z,19.4,14.9,14.0,13.8,0.9,0.9
6-24ч,2026-08-20T22:34:58Z,2026-08-21T21:00:00Z,22.4,12.8,13.4,13.9,-0.6,0.6
6-24ч,2026-08-21T04:32:20Z,2026-08-21T12:00:00Z,7.5,19.6,18.3,16.7,1.3,1.3
6-24ч,2026-08-21T04:32:20Z,2026-08-21T15:00:00Z,10.5,17.3,15.5,15.2,1.8,1.8
6-24ч,2026-08-21T04:32:20Z,2026-08-21T18:00:00Z,13.5,14.9,14.0,13.8,0.9,0.9
6-24ч,2026-08-21T04:32:20Z,2026-08-21T21:00:00Z,16.5,13.7,13.4,13.9,0.3,0.3
6-24ч,2026-08-21T04:32:20Z,2026-08-22T00:00:00Z,19.5,13.5,13.5,13.1,0.0,0.0
6-24ч,2026-08-21T04:32:20Z,2026-08-22T03:00:00Z,22.5,13.8,14.2,12.4,-0.4,0.4
6-24ч,2026-08-21T10:16:50Z,2026-08-21T18:00:00Z,7.7,14.1,14.0,13.8,0.1,0.1
6-24ч,2026-08-21T10:16:50Z,2026-08-21T21:00:00Z,10.7,13.2,13.4,13.9,-0.2,0.2
6-24ч,2026-08-21T10:16:50Z,2026-08-22T00:00:00Z,13.7,12.7,13.5,13.1,-0.8,0.8
6-24ч,2026-08-21T10:16:50Z,2026-08-22T03:00:00Z,16.7,13.2,14.2,12.4,-1.0,1.0
6-24ч,2026-08-21T10:16:50Z,2026-08-22T06:00:00Z,19.7,15.1,15.4,15.9,-0.3,0.3
6-24ч,2026-08-21T10:16:50Z,2026-08-22T09:00:00Z,22.7,14.7,16.3,17.9,-1.6,1.6
6-24ч,2026-08-21T16:30:34Z,2026-08-22T00:00:00Z,7.5,13.2,13.5,13.1,-0.3,0.3
6-24ч,2026-08-21T16:30:34Z,2026-08-22T03:00:00Z,10.5,13.3,14.2,12.4,-0.9,0.9
6-24ч,2026-08-21T16:30:34Z,2026-08-22T06:00:00Z,13.5,15.2,15.4,15.9,-0.2,0.2
6-24ч,2026-08-21T16:30:34Z,2026-08-22T09:00:00Z,16.5,15.8,16.3,17.9,-0.5,0.5
6-24ч,2026-08-21T16:30:34Z,2026-08-22T12:00:00Z,19.5,17.0,18.2,18.3,-1.2,1.2
6-24ч,2026-08-21T16:30:34Z,2026-08-22T15:00:00Z,22.5,15.9,16.2,15.5,-0.3,0.3
6-24ч,2026-08-21T22:32:12Z,2026-08-22T06:00:00Z,7.5,14.7,15.4,15.9,-0.7,0.7
6-24ч,2026-08-21T22:32:12Z,2026-08-22T09:00:00Z,10.5,15.4,16.3,17.9,-0.9,0.9
6-24ч,2026-08-21T22:32:12Z,2026-08-22T12:00:00Z,13.5,16.8,18.2,18.3,-1.4,1.4
6-24ч,2026-08-21T22:32:12Z,2026-08-22T15:00:00Z,16.5,15.8,16.2,15.5,-0.4,0.4
6-24ч,2026-08-21T22:32:12Z,2026-08-22T18:00:00Z,19.5,12.4,12.5,14.0,-0.1,0.1
6-24ч,2026-08-21T22:32:12Z,2026-08-22T21:00:00Z,22.5,10.7,11.1,13.4,-0.4,0.4
6-24ч,2026-08-22T04:26:43Z,2026-08-22T12:00:00Z,7.6,16.6,18.2,18.3,-1.6,1.6
6-24ч,2026-08-22T04:26:43Z,2026-08-22T15:00:00Z,10.6,15.6,16.2,15.5,-0.6,0.6
6-24ч,2026-08-22T04:26:43Z,2026-08-22T18:00:00Z,13.6,12.4,12.5,14.0,-0.1,0.1
6-24ч,2026-08-22T04:26:43Z,2026-08-22T21:00:00Z,16.6,10.7,11.1,13.4,-0.4,0.4
6-24ч,2026-08-22T04:26:43Z,2026-08-23T00:00:00Z,19.6,10.5,10.8,13.5,-0.3,0.3
6-24ч,2026-08-22T04:26:43Z,2026-08-23T03:00:00Z,22.6,11.3,10.5,14.2,0.8,0.8
6-24ч,2026-08-22T10:09:41Z,2026-08-22T18:00:00Z,7.8,12.6,12.5,14.0,0.1,0.1
6-24ч,2026-08-22T10:09:41Z,2026-08-22T21:00:00Z,10.8,11.2,11.1,13.4,0.1,0.1
6-24ч,2026-08-22T10:09:41Z,2026-08-23T00:00:00Z,13.8,10.5,10.8,13.5,-0.3,0.3
6-24ч,2026-08-22T10:09:41Z,2026-08-23T03:00:00Z,16.8,10.9,10.5,14.2,0.4,0.4
6-24ч,2026-08-22T10:09:41Z,2026-08-23T06:00:00Z,19.8,14.0,15.3,15.4,-1.3,1.3
6-24ч,2026-08-22T10:09:41Z,2026-08-23T09:00:00Z,22.8,18.0,19.7,16.3,-1.7,1.7
6-24ч,2026-08-22T16:20:08Z,2026-08-23T00:00:00Z,7.7,10.2,10.8,13.5,-0.6,0.6
6-24ч,2026-08-22T16:20:08Z,2026-08-23T03:00:00Z,10.7,11.0,10.5,14.2,0.5,0.5
6-24ч,2026-08-22T16:20:08Z,2026-08-23T06:00:00Z,13.7,14.3,15.3,15.4,-1.0,1.0
6-24ч,2026-08-22T16:20:08Z,2026-08-23T09:00:00Z,16.7,17.3,19.7,16.3,-2.4,2.4
6-24ч,2026-08-22T16:20:08Z,2026-08-23T12:00:00Z,19.7,15.2,15.9,18.2,-0.7,0.7
6-24ч,2026-08-22T16:20:08Z,2026-08-23T15:00:00Z,22.7,14.3,14.0,16.2,0.3,0.3
6-24ч,2026-08-22T22:29:28Z,2026-08-23T06:00:00Z,7.5,15.3,15.3,15.4,0.0,0.0
6-24ч,2026-08-22T22:29:28Z,2026-08-23T09:00:00Z,10.5,18.5,19.7,16.3,-1.2,1.2
6-24ч,2026-08-22T22:29:28Z,2026-08-23T12:00:00Z,13.5,16.9,15.9,18.2,1.0,1.0
6-24ч,2026-08-22T22:29:28Z,2026-08-23T15:00:00Z,16.5,14.4,14.0,16.2,0.4,0.4
6-24ч,2026-08-22T22:29:28Z,2026-08-23T18:00:00Z,19.5,13.4,13.2,12.5,0.2,0.2
6-24ч,2026-08-22T22:29:28Z,2026-08-23T21:00:00Z,22.5,13.4,13.5,11.1,-0.1,0.1
6-24ч,2026-08-23T04:31:06Z,2026-08-23T12:00:00Z,7.5,15.1,15.9,18.2,-0.8,0.8
6-24ч,2026-08-23T04:31:06Z,2026-08-23T15:00:00Z,10.5,14.4,14.0,16.2,0.4,0.4
6-24ч,2026-08-23T04:31:06Z,2026-08-23T18:00:00Z,13.5,13.5,13.2,12.5,0.3,0.3
6-24ч,2026-08-23T04:31:06Z,2026-08-23T21:00:00Z,16.5,13.4,13.5,11.1,-0.1,0.1
6-24ч,2026-08-23T04:31:06Z,2026-08-24T00:00:00Z,19.5,13.6,13.8,10.8,-0.2,0.2
6-24ч,2026-08-23T04:31:06Z,2026-08-24T03:00:00Z,22.5,13.7,14.1,10.5,-0.4,0.4
6-24ч,2026-08-23T10:10:14Z,2026-08-23T18:00:00Z,7.8,13.4,13.2,12.5,0.2,0.2
6-24ч,2026-08-23T10:10:14Z,2026-08-23T21:00:00Z,10.8,13.3,13.5,11.1,-0.2,0.2
6-24ч,2026-08-23T10:10:14Z,2026-08-24T00:00:00Z,13.8,13.6,13.8,10.8,-0.2,0.2
6-24ч,2026-08-23T10:10:14Z,2026-08-24T03:00:00Z,16.8,13.6,14.1,10.5,-0.5,0.5
6-24ч,2026-08-23T10:10:14Z,2026-08-24T06:00:00Z,19.8,14.6,14.4,15.3,0.2,0.2
6-24ч,2026-08-23T10:10:14Z,2026-08-24T09:00:00Z,22.8,15.1,15.7,19.7,-0.6,0.6
6-24ч,2026-08-23T16:21:17Z,2026-08-24T00:00:00Z,7.6,13.4,13.8,10.8,-0.4,0.4
6-24ч,2026-08-23T16:21:17Z,2026-08-24T03:00:00Z,10.6,13.5,14.1,10.5,-0.6,0.6
6-24ч,2026-08-23T16:21:17Z,2026-08-24T06:00:00Z,13.6,14.0,14.4,15.3,-0.4,0.4
6-24ч,2026-08-23T16:21:17Z,2026-08-24T09:00:00Z,16.6,14.4,15.7,19.7,-1.3,1.3
6-24ч,2026-08-23T16:21:17Z,2026-08-24T12:00:00Z,19.6,16.9,17.8,15.9,-0.9,0.9
6-24ч,2026-08-23T16:21:17Z,2026-08-24T15:00:00Z,22.6,15.0,15.6,14.0,-0.6,0.6
6-24ч,2026-08-23T22:29:36Z,2026-08-24T06:00:00Z,7.5,13.8,14.4,15.3,-0.6,0.6
6-24ч,2026-08-23T22:29:36Z,2026-08-24T09:00:00Z,10.5,14.8,15.7,19.7,-0.9,0.9
6-24ч,2026-08-23T22:29:36Z,2026-08-24T12:00:00Z,13.5,14.9,17.8,15.9,-2.9,2.9
6-24ч,2026-08-23T22:29:36Z,2026-08-24T15:00:00Z,16.5,14.9,15.6,14.0,-0.7,0.7
6-24ч,2026-08-23T22:29:36Z,2026-08-24T18:00:00Z,19.5,14.1,14.5,13.2,-0.4,0.4
6-24ч,2026-08-23T22:29:36Z,2026-08-24T21:00:00Z,22.5,13.3,14.1,13.5,-0.8,0.8
6-24ч,2026-08-24T04:38:48Z,2026-08-24T12:00:00Z,7.4,14.5,17.8,15.9,-3.3,3.3
6-24ч,2026-08-24T04:38:48Z,2026-08-24T15:00:00Z,10.4,15.1,15.6,14.0,-0.5,0.5
6-24ч,2026-08-24T04:38:48Z,2026-08-24T18:00:00Z,13.4,13.8,14.5,13.2,-0.7,0.7
6-24ч,2026-08-24T04:38:48Z,2026-08-24T21:00:00Z,16.4,13.4,14.1,13.5,-0.7,0.7
6-24ч,2026-08-24T04:38:48Z,2026-08-25T00:00:00Z,19.4,12.1,14.0,13.8,-1.9,1.9
6-24ч,2026-08-24T04:38:48Z,2026-08-25T03:00:00Z,22.4,11.9,13.5,14.1,-1.6,1.6
6-24ч,2026-08-24T10:24:38Z,2026-08-24T18:00:00Z,7.6,14.0,14.5,13.2,-0.5,0.5
6-24ч,2026-08-24T10:24:38Z,2026-08-24T21:00:00Z,10.6,12.6,14.1,13.5,-1.5,1.5
6-24ч,2026-08-24T10:24:38Z,2026-08-25T00:00:00Z,13.6,11.8,14.0,13.8,-2.2,2.2
6-24ч,2026-08-24T10:24:38Z,2026-08-25T03:00:00Z,16.6,11.9,13.5,14.1,-1.6,1.6
6-24ч,2026-08-24T10:24:38Z,2026-08-25T06:00:00Z,19.6,12.4,13.0,14.4,-0.6,0.6
6-24ч,2026-08-24T10:24:38Z,2026-08-25T09:00:00Z,22.6,13.1,13.7,15.7,-0.6,0.6
6-24ч,2026-08-24T16:34:00Z,2026-08-25T00:00:00Z,7.4,12.3,14.0,13.8,-1.7,1.7
6-24ч,2026-08-24T16:34:00Z,2026-08-25T03:00:00Z,10.4,12.0,13.5,14.1,-1.5,1.5
6-24ч,2026-08-24T16:34:00Z,2026-08-25T06:00:00Z,13.4,12.9,13.0,14.4,-0.1,0.1
6-24ч,2026-08-24T16:34:00Z,2026-08-25T09:00:00Z,16.4,14.5,13.7,15.7,0.8,0.8
6-24ч,2026-08-24T16:34:00Z,2026-08-25T12:00:00Z,19.4,14.4,14.8,17.8,-0.4,0.4
6-24ч,2026-08-24T16:34:00Z,2026-08-25T15:00:00Z,22.4,13.7,13.4,15.6,0.3,0.3
6-24ч,2026-08-24T22:34:40Z,2026-08-25T06:00:00Z,7.4,12.5,13.0,14.4,-0.5,0.5
6-24ч,2026-08-24T22:34:40Z,2026-08-25T09:00:00Z,10.4,13.7,13.7,15.7,0.0,0.0
6-24ч,2026-08-24T22:34:40Z,2026-08-25T12:00:00Z,13.4,14.3,14.8,17.8,-0.5,0.5
6-24ч,2026-08-24T22:34:40Z,2026-08-25T15:00:00Z,16.4,13.7,13.4,15.6,0.3,0.3
6-24ч,2026-08-24T22:34:40Z,2026-08-25T18:00:00Z,19.4,11.7,10.8,14.5,0.9,0.9
6-24ч,2026-08-24T22:34:40Z,2026-08-25T21:00:00Z,22.4,10.5,8.9,14.1,1.6,1.6
6-24ч,2026-08-25T04:33:15Z,2026-08-25T12:00:00Z,7.4,14.4,14.8,17.8,-0.4,0.4
6-24ч,2026-08-25T04:33:15Z,2026-08-25T15:00:00Z,10.4,13.6,13.4,15.6,0.2,0.2
6-24ч,2026-08-25T04:33:15Z,2026-08-25T18:00:00Z,13.4,11.6,10.8,14.5,0.8,0.8
6-24ч,2026-08-25T04:33:15Z,2026-08-25T21:00:00Z,16.4,10.2,8.9,14.1,1.3,1.3
6-24ч,2026-08-25T04:33:15Z,2026-08-26T00:00:00Z,19.4,8.7,9.2,14.0,-0.5,0.5
6-24ч,2026-08-25T04:33:15Z,2026-08-26T03:00:00Z,22.4,10.2,9.8,13.5,0.4,0.4
6-24ч,2026-08-25T10:18:20Z,2026-08-25T18:00:00Z,7.7,11.9,10.8,14.5,1.1,1.1
6-24ч,2026-08-25T10:18:20Z,2026-08-25T21:00:00Z,10.7,10.2,8.9,14.1,1.3,1.3
6-24ч,2026-08-25T10:18:20Z,2026-08-26T00:00:00Z,13.7,9.0,9.2,14.0,-0.2,0.2
6-24ч,2026-08-25T10:18:20Z,2026-08-26T03:00:00Z,16.7,9.4,9.8,13.5,-0.4,0.4
6-24ч,2026-08-25T10:18:20Z,2026-08-26T06:00:00Z,19.7,12.6,12.8,13.0,-0.2,0.2
6-24ч,2026-08-25T10:18:20Z,2026-08-26T09:00:00Z,22.7,13.9,14.3,13.7,-0.4,0.4
6-24ч,2026-08-25T16:33:53Z,2026-08-26T00:00:00Z,7.4,8.8,9.2,14.0,-0.4,0.4
6-24ч,2026-08-25T16:33:53Z,2026-08-26T03:00:00Z,10.4,9.6,9.8,13.5,-0.2,0.2
6-24ч,2026-08-25T16:33:53Z,2026-08-26T06:00:00Z,13.4,12.7,12.8,13.0,-0.1,0.1
6-24ч,2026-08-25T16:33:53Z,2026-08-26T09:00:00Z,16.4,15.1,14.3,13.7,0.8,0.8
6-24ч,2026-08-25T16:33:53Z,2026-08-26T12:00:00Z,19.4,12.5,11.8,14.8,0.7,0.7
6-24ч,2026-08-25T16:33:53Z,2026-08-26T15:00:00Z,22.4,10.5,11.7,13.4,-1.2,1.2
6-24ч,2026-08-25T22:34:48Z,2026-08-26T06:00:00Z,7.4,13.5,12.8,13.0,0.7,0.7
6-24ч,2026-08-25T22:34:48Z,2026-08-26T09:00:00Z,10.4,15.3,14.3,13.7,1.0,1.0
6-24ч,2026-08-25T22:34:48Z,2026-08-26T12:00:00Z,13.4,10.9,11.8,14.8,-0.9,0.9
6-24ч,2026-08-25T22:34:48Z,2026-08-26T15:00:00Z,16.4,10.8,11.7,13.4,-0.9,0.9
6-24ч,2026-08-25T22:34:48Z,2026-08-26T18:00:00Z,19.4,8.0,5.3,10.8,2.7,2.7
6-24ч,2026-08-25T22:34:48Z,2026-08-26T21:00:00Z,22.4,8.6,3.2,8.9,5.4,5.4
6-24ч,2026-08-26T04:34:15Z,2026-08-26T12:00:00Z,7.4,11.8,11.8,14.8,0.0,0.0
6-24ч,2026-08-26T04:34:15Z,2026-08-26T15:00:00Z,10.4,11.2,11.7,13.4,-0.5,0.5
6-24ч,2026-08-26T04:34:15Z,2026-08-26T18:00:00Z,13.4,8.3,5.3,10.8,3.0,3.0
6-24ч,2026-08-26T04:34:15Z,2026-08-26T21:00:00Z,16.4,8.1,3.2,8.9,4.9,4.9
6-24ч,2026-08-26T04:34:15Z,2026-08-27T00:00:00Z,19.4,7.5,2.6,9.2,4.9,4.9
6-24ч,2026-08-26T04:34:15Z,2026-08-27T03:00:00Z,22.4,7.8,6.1,9.8,1.7,1.7
6-24ч,2026-08-26T10:21:58Z,2026-08-26T18:00:00Z,7.6,8.0,5.3,10.8,2.7,2.7
6-24ч,2026-08-26T10:21:58Z,2026-08-26T21:00:00Z,10.6,7.8,3.2,8.9,4.6,4.6
6-24ч,2026-08-26T10:21:58Z,2026-08-27T00:00:00Z,13.6,6.9,2.6,9.2,4.3,4.3
6-24ч,2026-08-26T10:21:58Z,2026-08-27T03:00:00Z,16.6,8.2,6.1,9.8,2.1,2.1
6-24ч,2026-08-26T10:21:58Z,2026-08-27T06:00:00Z,19.6,10.7,9.9,12.8,0.8,0.8
6-24ч,2026-08-26T10:21:58Z,2026-08-27T09:00:00Z,22.6,10.9,11.2,14.3,-0.3,0.3
6-24ч,2026-08-26T16:46:17Z,2026-08-27T00:00:00Z,7.2,7.4,2.6,9.2,4.8,4.8
6-24ч,2026-08-26T16:46:17Z,2026-08-27T03:00:00Z,10.2,7.9,6.1,9.8,1.8,1.8
6-24ч,2026-08-26T16:46:17Z,2026-08-27T06:00:00Z,13.2,10.4,9.9,12.8,0.5,0.5
6-24ч,2026-08-26T16:46:17Z,2026-08-27T09:00:00Z,16.2,11.6,11.2,14.3,0.4,0.4
6-24ч,2026-08-26T16:46:17Z,2026-08-27T12:00:00Z,19.2,10.4,11.3,11.8,-0.9,0.9
6-24ч,2026-08-26T16:46:17Z,2026-08-27T15:00:00Z,22.2,9.5,9.8,11.7,-0.3,0.3
6-24ч,2026-08-27T03:02:51Z,2026-08-27T12:00:00Z,9.0,10.6,11.3,11.8,-0.7,0.7
6-24ч,2026-08-27T03:02:51Z,2026-08-27T15:00:00Z,12.0,9.7,9.8,11.7,-0.1,0.1
6-24ч,2026-08-27T03:02:51Z,2026-08-27T18:00:00Z,15.0,8.2,9.3,5.3,-1.1,1.1
6-24ч,2026-08-27T03:02:51Z,2026-08-27T21:00:00Z,18.0,7.9,7.0,3.2,0.9,0.9
6-24ч,2026-08-27T03:02:51Z,2026-08-28T00:00:00Z,21.0,8.4,6.7,2.6,1.7,1.7
6-24ч,2026-08-27T03:02:51Z,2026-08-28T03:00:00Z,24.0,8.1,6.3,6.1,1.8,1.8
6-24ч,2026-08-27T14:55:44Z,2026-08-27T21:00:00Z,6.1,8.5,7.0,3.2,1.5,1.5
6-24ч,2026-08-27T14:55:44Z,2026-08-28T00:00:00Z,9.1,7.8,6.7,2.6,1.1,1.1
6-24ч,2026-08-27T14:55:44Z,2026-08-28T03:00:00Z,12.1,7.9,6.3,6.1,1.6,1.6
6-24ч,2026-08-27T14:55:44Z,2026-08-28T06:00:00Z,15.1,9.4,8.8,9.9,0.6,0.6
6-24ч,2026-08-27T14:55:44Z,2026-08-28T09:00:00Z,18.1,9.9,9.6,11.2,0.3,0.3
6-24ч,2026-08-27T14:55:44Z,2026-08-28T12:00:00Z,21.1,10.2,10.7,11.3,-0.5,0.5
6-24ч,2026-08-27T20:01:22Z,2026-08-28T03:00:00Z,7.0,7.8,6.3,6.1,1.5,1.5
6-24ч,2026-08-27T20:01:22Z,2026-08-28T06:00:00Z,10.0,9.2,8.8,9.9,0.4,0.4
6-24ч,2026-08-27T20:01:22Z,2026-08-28T09:00:00Z,13.0,9.8,9.6,11.2,0.2,0.2
6-24ч,2026-08-27T20:01:22Z,2026-08-28T12:00:00Z,16.0,10.3,10.7,11.3,-0.4,0.4
6-24ч,2026-08-27T20:01:22Z,2026-08-28T15:00:00Z,19.0,10.3,10.1,9.8,0.2,0.2
6-24ч,2026-08-27T20:01:22Z,2026-08-28T18:00:00Z,22.0,7.9,4.9,9.3,3.0,3.0
6-24ч,2026-08-28T00:44:37Z,2026-08-28T09:00:00Z,8.3,9.8,9.6,11.2,0.2,0.2
6-24ч,2026-08-28T00:44:37Z,2026-08-28T12:00:00Z,11.3,10.3,10.7,11.3,-0.4,0.4
6-24ч,2026-08-28T00:44:37Z,2026-08-28T15:00:00Z,14.3,10.3,10.1,9.8,0.2,0.2
6-24ч,2026-08-28T00:44:37Z,2026-08-28T18:00:00Z,17.3,7.9,4.9,9.3,3.0,3.0
6-24ч,2026-08-28T00:44:37Z,2026-08-28T21:00:00Z,20.3,7.7,2.9,7.0,4.8,4.8
6-24ч,2026-08-28T00:44:37Z,2026-08-29T00:00:00Z,23.3,6.1,2.0,6.7,4.1,4.1
6-24ч,2026-08-28T06:03:31Z,2026-08-28T15:00:00Z,8.9,10.3,10.1,9.8,0.2,0.2
6-24ч,2026-08-28T06:03:31Z,2026-08-28T18:00:00Z,11.9,7.8,4.9,9.3,2.9,2.9
6-24ч,2026-08-28T06:03:31Z,2026-08-28T21:00:00Z,14.9,7.2,2.9,7.0,4.3,4.3
6-24ч,2026-08-28T06:03:31Z,2026-08-29T00:00:00Z,17.9,5.9,2.0,6.7,3.9,3.9
6-24ч,2026-08-28T06:03:31Z,2026-08-29T03:00:00Z,20.9,5.7,0.8,6.3,4.9,4.9
6-24ч,2026-08-28T06:03:31Z,2026-08-29T06:00:00Z,23.9,9.4,9.4,8.8,0.0,0.0
6-24ч,2026-08-28T15:51:06Z,2026-08-29T00:00:00Z,8.1,5.8,2.0,6.7,3.8,3.8
6-24ч,2026-08-28T15:51:06Z,2026-08-29T03:00:00Z,11.1,5.6,0.8,6.3,4.8,4.8
6-24ч,2026-08-28T15:51:06Z,2026-08-29T06:00:00Z,14.1,9.8,9.4,8.8,0.4,0.4
6-24ч,2026-08-28T15:51:06Z,2026-08-29T09:00:00Z,17.1,12.8,13.1,9.6,-0.3,0.3
6-24ч,2026-08-28T15:51:06Z,2026-08-29T12:00:00Z,20.1,13.7,14.9,10.7,-1.2,1.2
6-24ч,2026-08-28T15:51:06Z,2026-08-29T15:00:00Z,23.1,12.6,14.6,10.1,-2.0,2.0
6-24ч,2026-08-29T00:23:24Z,2026-08-29T09:00:00Z,8.6,13.2,13.1,9.6,0.1,0.1
6-24ч,2026-08-29T00:23:24Z,2026-08-29T12:00:00Z,11.6,14.1,14.9,10.7,-0.8,0.8
6-24ч,2026-08-29T00:23:24Z,2026-08-29T15:00:00Z,14.6,13.1,14.6,10.1,-1.5,1.5
6-24ч,2026-08-29T00:23:24Z,2026-08-29T18:00:00Z,17.6,9.3,5.6,4.9,3.7,3.7
6-24ч,2026-08-29T00:23:24Z,2026-08-29T21:00:00Z,20.6,8.8,2.9,2.9,5.9,5.9
6-24ч,2026-08-29T00:23:24Z,2026-08-30T00:00:00Z,23.6,7.0,6.0,2.0,1.0,1.0
6-24ч,2026-08-29T03:37:28Z,2026-08-29T12:00:00Z,8.4,13.7,14.9,10.7,-1.2,1.2
6-24ч,2026-08-29T03:37:28Z,2026-08-29T15:00:00Z,11.4,12.6,14.6,10.1,-2.0,2.0
6-24ч,2026-08-29T03:37:28Z,2026-08-29T18:00:00Z,14.4,9.0,5.6,4.9,3.4,3.4
6-24ч,2026-08-29T03:37:28Z,2026-08-29T21:00:00Z,17.4,7.7,2.9,2.9,4.8,4.8
6-24ч,2026-08-29T03:37:28Z,2026-08-30T00:00:00Z,20.4,6.8,6.0,2.0,0.8,0.8
6-24ч,2026-08-29T03:37:28Z,2026-08-30T03:00:00Z,23.4,7.1,6.3,0.8,0.8,0.8
6-24ч,2026-08-29T10:40:21Z,2026-08-29T18:00:00Z,7.3,9.9,5.6,4.9,4.3,4.3
6-24ч,2026-08-29T10:40:21Z,2026-08-29T21:00:00Z,10.3,10.0,2.9,2.9,7.1,7.1
6-24ч,2026-08-29T10:40:21Z,2026-08-30T00:00:00Z,13.3,7.7,6.0,2.0,1.7,1.7
6-24ч,2026-08-29T10:40:21Z,2026-08-30T03:00:00Z,16.3,8.0,6.3,0.8,1.7,1.7
6-24ч,2026-08-29T10:40:21Z,2026-08-30T06:00:00Z,19.3,12.3,9.1,9.4,3.2,3.2
6-24ч,2026-08-29T10:40:21Z,2026-08-30T09:00:00Z,22.3,16.3,14.9,13.1,1.4,1.4
6-24ч,2026-08-29T14:43:22Z,2026-08-29T21:00:00Z,6.3,7.8,2.9,2.9,4.9,4.9
6-24ч,2026-08-29T14:43:22Z,2026-08-30T00:00:00Z,9.3,7.1,6.0,2.0,1.1,1.1
6-24ч,2026-08-29T14:43:22Z,2026-08-30T03:00:00Z,12.3,7.6,6.3,0.8,1.3,1.3
6-24ч,2026-08-29T14:43:22Z,2026-08-30T06:00:00Z,15.3,11.6,9.1,9.4,2.5,2.5
6-24ч,2026-08-29T14:43:22Z,2026-08-30T09:00:00Z,18.3,15.8,14.9,13.1,0.9,0.9
6-24ч,2026-08-29T14:43:22Z,2026-08-30T12:00:00Z,21.3,16.8,17.2,14.9,-0.4,0.4
6-24ч,2026-08-29T19:10:40Z,2026-08-30T03:00:00Z,7.8,7.6,6.3,0.8,1.3,1.3
6-24ч,2026-08-29T19:10:40Z,2026-08-30T06:00:00Z,10.8,11.6,9.1,9.4,2.5,2.5
6-24ч,2026-08-29T19:10:40Z,2026-08-30T09:00:00Z,13.8,15.8,14.9,13.1,0.9,0.9
6-24ч,2026-08-29T19:10:40Z,2026-08-30T12:00:00Z,16.8,16.8,17.2,14.9,-0.4,0.4
6-24ч,2026-08-29T19:10:40Z,2026-08-30T15:00:00Z,19.8,15.3,15.6,14.6,-0.3,0.3
6-24ч,2026-08-29T19:10:40Z,2026-08-30T18:00:00Z,22.8,11.3,12.1,5.6,-0.8,0.8
6-24ч,2026-08-30T00:04:13Z,2026-08-30T09:00:00Z,8.9,15.7,14.9,13.1,0.8,0.8
6-24ч,2026-08-30T00:04:13Z,2026-08-30T12:00:00Z,11.9,17.4,17.2,14.9,0.2,0.2
6-24ч,2026-08-30T00:04:13Z,2026-08-30T15:00:00Z,14.9,15.7,15.6,14.6,0.1,0.1
6-24ч,2026-08-30T00:04:13Z,2026-08-30T18:00:00Z,17.9,11.7,12.1,5.6,-0.4,0.4
6-24ч,2026-08-30T00:04:13Z,2026-08-30T21:00:00Z,20.9,10.1,9.9,2.9,0.2,0.2
6-24ч,2026-08-30T00:04:13Z,2026-08-31T00:00:00Z,23.9,9.2,9.7,6.0,-0.5,0.5
6-24ч,2026-08-30T09:40:19Z,2026-08-30T18:00:00Z,8.3,11.3,12.1,5.6,-0.8,0.8
6-24ч,2026-08-30T09:40:19Z,2026-08-30T21:00:00Z,11.3,9.9,9.9,2.9,0.0,0.0
6-24ч,2026-08-30T09:40:19Z,2026-08-31T00:00:00Z,14.3,9.0,9.7,6.0,-0.7,0.7
6-24ч,2026-08-30T09:40:19Z,2026-08-31T03:00:00Z,17.3,9.1,8.9,6.3,0.2,0.2
6-24ч,2026-08-30T09:40:19Z,2026-08-31T06:00:00Z,20.3,11.7,11.6,9.1,0.1,0.1
6-24ч,2026-08-30T09:40:19Z,2026-08-31T09:00:00Z,23.3,15.7,15.6,14.9,0.1,0.1
6-24ч,2026-08-30T14:32:26Z,2026-08-30T21:00:00Z,6.5,9.7,9.9,2.9,-0.2,0.2
6-24ч,2026-08-30T14:32:26Z,2026-08-31T00:00:00Z,9.5,8.9,9.7,6.0,-0.8,0.8
6-24ч,2026-08-30T14:32:26Z,2026-08-31T03:00:00Z,12.5,9.3,8.9,6.3,0.4,0.4
6-24ч,2026-08-30T14:32:26Z,2026-08-31T06:00:00Z,15.5,11.4,11.6,9.1,-0.2,0.2
6-24ч,2026-08-30T14:32:26Z,2026-08-31T09:00:00Z,18.5,14.4,15.6,14.9,-1.2,1.2
6-24ч,2026-08-30T14:32:26Z,2026-08-31T12:00:00Z,21.5,14.4,15.7,17.2,-1.3,1.3
6-24ч,2026-08-30T19:02:03Z,2026-08-31T03:00:00Z,8.0,9.3,8.9,6.3,0.4,0.4
6-24ч,2026-08-30T19:02:03Z,2026-08-31T06:00:00Z,11.0,11.4,11.6,9.1,-0.2,0.2
6-24ч,2026-08-30T19:02:03Z,2026-08-31T09:00:00Z,14.0,14.4,15.6,14.9,-1.2,1.2
6-24ч,2026-08-30T19:02:03Z,2026-08-31T12:00:00Z,17.0,14.4,15.7,17.2,-1.3,1.3
6-24ч,2026-08-30T19:02:03Z,2026-08-31T15:00:00Z,20.0,13.9,15.0,15.6,-1.1,1.1
6-24ч,2026-08-30T19:02:03Z,2026-08-31T18:00:00Z,23.0,11.6,13.9,12.1,-2.3,2.3
6-24ч,2026-08-31T00:22:13Z,2026-08-31T09:00:00Z,8.6,13.6,15.6,14.9,-2.0,2.0
6-24ч,2026-08-31T00:22:13Z,2026-08-31T12:00:00Z,11.6,15.6,15.7,17.2,-0.1,0.1
6-24ч,2026-08-31T00:22:13Z,2026-08-31T15:00:00Z,14.6,14.8,15.0,15.6,-0.2,0.2
6-24ч,2026-08-31T00:22:13Z,2026-08-31T18:00:00Z,17.6,12.3,13.9,12.1,-1.6,1.6
6-24ч,2026-08-31T00:22:13Z,2026-08-31T21:00:00Z,20.6,10.8,13.2,9.9,-2.4,2.4
6-24ч,2026-08-31T00:22:13Z,2026-09-01T00:00:00Z,23.6,11.2,12.5,9.7,-1.3,1.3
6-24ч,2026-08-31T21:17:52Z,2026-09-01T06:00:00Z,8.7,12.4,13.4,11.6,-1.0,1.0
6-24ч,2026-08-31T21:17:52Z,2026-09-01T09:00:00Z,11.7,16.2,14.0,15.6,2.2,2.2
6-24ч,2026-08-31T21:17:52Z,2026-09-01T12:00:00Z,14.7,17.6,15.4,15.7,2.2,2.2
6-24ч,2026-09-01T01:11:20Z,2026-09-01T09:00:00Z,7.8,16.1,14.0,15.6,2.1,2.1
6-24ч,2026-09-01T01:11:20Z,2026-09-01T12:00:00Z,10.8,17.5,15.4,15.7,2.1,2.1
1-2 дня,2026-08-06T09:50:07Z,2026-08-07T12:00:00Z,26.2,18.3,20.5,19.1,-2.2,2.2
1-2 дня,2026-08-06T09:50:07Z,2026-08-07T15:00:00Z,29.2,16.3,15.6,18.2,0.7,0.7
1-2 дня,2026-08-06T09:50:07Z,2026-08-07T18:00:00Z,32.2,15.4,14.6,15.5,0.8,0.8
1-2 дня,2026-08-06T09:50:07Z,2026-08-07T21:00:00Z,35.2,13.6,13.5,13.9,0.1,0.1
1-2 дня,2026-08-06T09:50:07Z,2026-08-08T00:00:00Z,38.2,12.8,12.5,13.6,0.3,0.3
1-2 дня,2026-08-06T09:50:07Z,2026-08-08T03:00:00Z,41.2,13.9,13.6,14.2,0.3,0.3
1-2 дня,2026-08-06T09:50:07Z,2026-08-08T06:00:00Z,44.2,16.0,15.4,14.3,0.6,0.6
1-2 дня,2026-08-06T09:50:07Z,2026-08-08T09:00:00Z,47.2,17.7,15.0,16.9,2.7,2.7
1-2 дня,2026-08-06T09:59:18Z,2026-08-07T12:00:00Z,26.0,18.3,20.5,19.1,-2.2,2.2
1-2 дня,2026-08-06T09:59:18Z,2026-08-07T15:00:00Z,29.0,16.3,15.6,18.2,0.7,0.7
1-2 дня,2026-08-06T09:59:18Z,2026-08-07T18:00:00Z,32.0,15.4,14.6,15.5,0.8,0.8
1-2 дня,2026-08-06T09:59:18Z,2026-08-07T21:00:00Z,35.0,13.6,13.5,13.9,0.1,0.1
1-2 дня,2026-08-06T09:59:18Z,2026-08-08T00:00:00Z,38.0,12.8,12.5,13.6,0.3,0.3
1-2 дня,2026-08-06T09:59:18Z,2026-08-08T03:00:00Z,41.0,13.9,13.6,14.2,0.3,0.3
1-2 дня,2026-08-06T09:59:18Z,2026-08-08T06:00:00Z,44.0,16.0,15.4,14.3,0.6,0.6
1-2 дня,2026-08-06T09:59:18Z,2026-08-08T09:00:00Z,47.0,17.7,15.0,16.9,2.7,2.7
1-2 дня,2026-08-06T10:08:26Z,2026-08-07T12:00:00Z,25.9,18.3,20.5,19.1,-2.2,2.2
1-2 дня,2026-08-06T10:08:26Z,2026-08-07T15:00:00Z,28.9,16.3,15.6,18.2,0.7,0.7
1-2 дня,2026-08-06T10:08:26Z,2026-08-07T18:00:00Z,31.9,15.4,14.6,15.5,0.8,0.8
1-2 дня,2026-08-06T10:08:26Z,2026-08-07T21:00:00Z,34.9,13.6,13.5,13.9,0.1,0.1
1-2 дня,2026-08-06T10:08:26Z,2026-08-08T00:00:00Z,37.9,12.8,12.5,13.6,0.3,0.3
1-2 дня,2026-08-06T10:08:26Z,2026-08-08T03:00:00Z,40.9,13.9,13.6,14.2,0.3,0.3
1-2 дня,2026-08-06T10:08:26Z,2026-08-08T06:00:00Z,43.9,16.0,15.4,14.3,0.6,0.6
1-2 дня,2026-08-06T10:08:26Z,2026-08-08T09:00:00Z,46.9,17.7,15.0,16.9,2.7,2.7
1-2 дня,2026-08-06T10:47:54Z,2026-08-07T12:00:00Z,25.2,18.3,20.5,19.1,-2.2,2.2
1-2 дня,2026-08-06T10:47:54Z,2026-08-07T15:00:00Z,28.2,16.3,15.6,18.2,0.7,0.7
1-2 дня,2026-08-06T10:47:54Z,2026-08-07T18:00:00Z,31.2,15.4,14.6,15.5,0.8,0.8
1-2 дня,2026-08-06T10:47:54Z,2026-08-07T21:00:00Z,34.2,13.6,13.5,13.9,0.1,0.1
1-2 дня,2026-08-06T10:47:54Z,2026-08-08T00:00:00Z,37.2,12.8,12.5,13.6,0.3,0.3
1-2 дня,2026-08-06T10:47:54Z,2026-08-08T03:00:00Z,40.2,13.9,13.6,14.2,0.3,0.3
1-2 дня,2026-08-06T10:47:54Z,2026-08-08T06:00:00Z,43.2,16.0,15.4,14.3,0.6,0.6
1-2 дня,2026-08-06T10:47:54Z,2026-08-08T09:00:00Z,46.2,17.7,15.0,16.9,2.7,2.7
1-2 дня,2026-08-06T11:30:42Z,2026-08-07T12:00:00Z,24.5,18.3,20.5,19.1,-2.2,2.2
1-2 дня,2026-08-06T11:30:42Z,2026-08-07T15:00:00Z,27.5,16.3,15.6,18.2,0.7,0.7
1-2 дня,2026-08-06T11:30:42Z,2026-08-07T18:00:00Z,30.5,15.4,14.6,15.5,0.8,0.8
1-2 дня,2026-08-06T11:30:42Z,2026-08-07T21:00:00Z,33.5,13.6,13.5,13.9,0.1,0.1
1-2 дня,2026-08-06T11:30:42Z,2026-08-08T00:00:00Z,36.5,12.8,12.5,13.6,0.3,0.3
1-2 дня,2026-08-06T11:30:42Z,2026-08-08T03:00:00Z,39.5,13.9,13.6,14.2,0.3,0.3
1-2 дня,2026-08-06T11:30:42Z,2026-08-08T06:00:00Z,42.5,16.0,15.4,14.3,0.6,0.6
1-2 дня,2026-08-06T11:30:42Z,2026-08-08T09:00:00Z,45.5,17.7,15.0,16.9,2.7,2.7
1-2 дня,2026-08-06T11:36:01Z,2026-08-07T12:00:00Z,24.4,18.3,20.5,19.1,-2.2,2.2
1-2 дня,2026-08-06T11:36:01Z,2026-08-07T15:00:00Z,27.4,16.3,15.6,18.2,0.7,0.7
1-2 дня,2026-08-06T11:36:01Z,2026-08-07T18:00:00Z,30.4,15.4,14.6,15.5,0.8,0.8
1-2 дня,2026-08-06T11:36:01Z,2026-08-07T21:00:00Z,33.4,13.6,13.5,13.9,0.1,0.1
1-2 дня,2026-08-06T11:36:01Z,2026-08-08T00:00:00Z,36.4,12.8,12.5,13.6,0.3,0.3
1-2 дня,2026-08-06T11:36:01Z,2026-08-08T03:00:00Z,39.4,13.9,13.6,14.2,0.3,0.3
1-2 дня,2026-08-06T11:36:01Z,2026-08-08T06:00:00Z,42.4,16.0,15.4,14.3,0.6,0.6
1-2 дня,2026-08-06T11:36:01Z,2026-08-08T09:00:00Z,45.4,17.7,15.0,16.9,2.7,2.7
1-2 дня,2026-08-06T11:44:08Z,2026-08-07T12:00:00Z,24.3,18.3,20.5,19.1,-2.2,2.2
1-2 дня,2026-08-06T11:44:08Z,2026-08-07T15:00:00Z,27.3,16.3,15.6,18.2,0.7,0.7
1-2 дня,2026-08-06T11:44:08Z,2026-08-07T18:00:00Z,30.3,15.4,14.6,15.5,0.8,0.8
1-2 дня,2026-08-06T11:44:08Z,2026-08-07T21:00:00Z,33.3,13.6,13.5,13.9,0.1,0.1
1-2 дня,2026-08-06T11:44:08Z,2026-08-08T00:00:00Z,36.3,12.8,12.5,13.6,0.3,0.3
1-2 дня,2026-08-06T11:44:08Z,2026-08-08T03:00:00Z,39.3,13.9,13.6,14.2,0.3,0.3
1-2 дня,2026-08-06T11:44:08Z,2026-08-08T06:00:00Z,42.3,16.0,15.4,14.3,0.6,0.6
1-2 дня,2026-08-06T11:44:08Z,2026-08-08T09:00:00Z,45.3,17.7,15.0,16.9,2.7,2.7
1-2 дня,2026-08-07T01:31:32Z,2026-08-08T03:00:00Z,25.5,12.3,13.6,14.2,-1.3,1.3
1-2 дня,2026-08-07T01:31:32Z,2026-08-08T06:00:00Z,28.5,13.6,15.4,14.3,-1.8,1.8
1-2 дня,2026-08-07T01:31:32Z,2026-08-08T09:00:00Z,31.5,16.6,15.0,16.9,1.6,1.6
1-2 дня,2026-08-07T01:31:32Z,2026-08-08T12:00:00Z,34.5,17.7,15.4,20.5,2.3,2.3
1-2 дня,2026-08-07T01:31:32Z,2026-08-08T15:00:00Z,37.5,17.3,15.5,15.6,1.8,1.8
1-2 дня,2026-08-07T01:31:32Z,2026-08-08T18:00:00Z,40.5,14.5,14.4,14.6,0.1,0.1
1-2 дня,2026-08-07T01:31:32Z,2026-08-08T21:00:00Z,43.5,13.2,13.6,13.5,-0.4,0.4
1-2 дня,2026-08-07T01:31:32Z,2026-08-09T00:00:00Z,46.5,12.1,13.1,12.5,-1.0,1.0
1-2 дня,2026-08-07T05:36:00Z,2026-08-08T06:00:00Z,24.4,13.6,15.4,14.3,-1.8,1.8
1-2 дня,2026-08-07T05:36:00Z,2026-08-08T09:00:00Z,27.4,16.6,15.0,16.9,1.6,1.6
1-2 дня,2026-08-07T05:36:00Z,2026-08-08T12:00:00Z,30.4,17.7,15.4,20.5,2.3,2.3
1-2 дня,2026-08-07T05:36:00Z,2026-08-08T15:00:00Z,33.4,17.3,15.5,15.6,1.8,1.8
1-2 дня,2026-08-07T05:36:00Z,2026-08-08T18:00:00Z,36.4,14.5,14.4,14.6,0.1,0.1
1-2 дня,2026-08-07T05:36:00Z,2026-08-08T21:00:00Z,39.4,13.2,13.6,13.5,-0.4,0.4
1-2 дня,2026-08-07T05:36:00Z,2026-08-09T00:00:00Z,42.4,12.1,13.1,12.5,-1.0,1.0
1-2 дня,2026-08-07T05:36:00Z,2026-08-09T03:00:00Z,45.4,12.6,11.9,13.6,0.7,0.7
1-2 дня,2026-08-07T06:18:59Z,2026-08-08T09:00:00Z,26.7,16.6,15.0,16.9,1.6,1.6
1-2 дня,2026-08-07T06:18:59Z,2026-08-08T12:00:00Z,29.7,17.7,15.4,20.5,2.3,2.3
1-2 дня,2026-08-07T06:18:59Z,2026-08-08T15:00:00Z,32.7,17.3,15.5,15.6,1.8,1.8
1-2 дня,2026-08-07T06:18:59Z,2026-08-08T18:00:00Z,35.7,14.5,14.4,14.6,0.1,0.1
1-2 дня,2026-08-07T06:18:59Z,2026-08-08T21:00:00Z,38.7,13.2,13.6,13.5,-0.4,0.4
1-2 дня,2026-08-07T06:18:59Z,2026-08-09T00:00:00Z,41.7,12.1,13.1,12.5,-1.0,1.0
1-2 дня,2026-08-07T06:18:59Z,2026-08-09T03:00:00Z,44.7,12.6,11.9,13.6,0.7,0.7
1-2 дня,2026-08-07T06:18:59Z,2026-08-09T06:00:00Z,47.7,14.3,15.2,15.4,-0.9,0.9
1-2 дня,2026-08-07T07:13:52Z,2026-08-08T09:00:00Z,25.8,16.6,15.0,16.9,1.6,1.6
1-2 дня,2026-08-07T07:13:52Z,2026-08-08T12:00:00Z,28.8,17.7,15.4,20.5,2.3,2.3
1-2 дня,2026-08-07T07:13:52Z,2026-08-08T15:00:00Z,31.8,17.3,15.5,15.6,1.8,1.8
1-2 дня,2026-08-07T07:13:52Z,2026-08-08T18:00:00Z,34.8,14.5,14.4,14.6,0.1,0.1
1-2 дня,2026-08-07T07:13:52Z,2026-08-08T21:00:00Z,37.8,13.2,13.6,13.5,-0.4,0.4
1-2 дня,2026-08-07T07:13:52Z,2026-08-09T00:00:00Z,40.8,12.1,13.1,12.5,-1.0,1.0
1-2 дня,2026-08-07T07:13:52Z,2026-08-09T03:00:00Z,43.8,12.6,11.9,13.6,0.7,0.7
1-2 дня,2026-08-07T07:13:52Z,2026-08-09T06:00:00Z,46.8,14.3,15.2,15.4,-0.9,0.9
1-2 дня,2026-08-07T10:39:14Z,2026-08-08T12:00:00Z,25.3,17.1,15.4,20.5,1.7,1.7
1-2 дня,2026-08-07T10:39:14Z,2026-08-08T15:00:00Z,28.3,17.5,15.5,15.6,2.0,2.0
1-2 дня,2026-08-07T10:39:14Z,2026-08-08T18:00:00Z,31.3,14.5,14.4,14.6,0.1,0.1
1-2 дня,2026-08-07T10:39:14Z,2026-08-08T21:00:00Z,34.3,12.6,13.6,13.5,-1.0,1.0
1-2 дня,2026-08-07T10:39:14Z,2026-08-09T00:00:00Z,37.3,11.4,13.1,12.5,-1.7,1.7
1-2 дня,2026-08-07T10:39:14Z,2026-08-09T03:00:00Z,40.3,11.3,11.9,13.6,-0.6,0.6
1-2 дня,2026-08-07T10:39:14Z,2026-08-09T06:00:00Z,43.3,13.4,15.2,15.4,-1.8,1.8
1-2 дня,2026-08-07T10:39:14Z,2026-08-09T09:00:00Z,46.3,14.1,16.5,15.0,-2.4,2.4
1-2 дня,2026-08-07T16:51:54Z,2026-08-08T18:00:00Z,25.1,14.6,14.4,14.6,0.2,0.2
1-2 дня,2026-08-07T16:51:54Z,2026-08-08T21:00:00Z,28.1,13.9,13.6,13.5,0.3,0.3
1-2 дня,2026-08-07T16:51:54Z,2026-08-09T00:00:00Z,31.1,12.7,13.1,12.5,-0.4,0.4
1-2 дня,2026-08-07T16:51:54Z,2026-08-09T03:00:00Z,34.1,12.7,11.9,13.6,0.8,0.8
1-2 дня,2026-08-07T16:51:54Z,2026-08-09T06:00:00Z,37.1,15.2,15.2,15.4,0.0,0.0
1-2 дня,2026-08-07T16:51:54Z,2026-08-09T09:00:00Z,40.1,15.1,16.5,15.0,-1.4,1.4
1-2 дня,2026-08-07T16:51:54Z,2026-08-09T12:00:00Z,43.1,15.8,16.7,15.4,-0.9,0.9
1-2 дня,2026-08-07T16:51:54Z,2026-08-09T15:00:00Z,46.1,15.2,17.0,15.5,-1.8,1.8
1-2 дня,2026-08-07T22:45:57Z,2026-08-09T00:00:00Z,25.2,12.2,13.1,12.5,-0.9,0.9
1-2 дня,2026-08-07T22:45:57Z,2026-08-09T03:00:00Z,28.2,13.0,11.9,13.6,1.1,1.1
1-2 дня,2026-08-07T22:45:57Z,2026-08-09T06:00:00Z,31.2,14.8,15.2,15.4,-0.4,0.4
1-2 дня,2026-08-07T22:45:57Z,2026-08-09T09:00:00Z,34.2,14.2,16.5,15.0,-2.3,2.3
1-2 дня,2026-08-07T22:45:57Z,2026-08-09T12:00:00Z,37.2,16.1,16.7,15.4,-0.6,0.6
1-2 дня,2026-08-07T22:45:57Z,2026-08-09T15:00:00Z,40.2,15.2,17.0,15.5,-1.8,1.8
1-2 дня,2026-08-07T22:45:57Z,2026-08-09T18:00:00Z,43.2,12.1,13.7,14.4,-1.6,1.6
1-2 дня,2026-08-07T22:45:57Z,2026-08-09T21:00:00Z,46.2,10.8,10.4,13.6,0.4,0.4
1-2 дня,2026-08-07T23:19:23Z,2026-08-09T00:00:00Z,24.7,12.2,13.1,12.5,-0.9,0.9
1-2 дня,2026-08-07T23:19:23Z,2026-08-09T03:00:00Z,27.7,13.0,11.9,13.6,1.1,1.1
1-2 дня,2026-08-07T23:19:23Z,2026-08-09T06:00:00Z,30.7,14.8,15.2,15.4,-0.4,0.4
1-2 дня,2026-08-07T23:19:23Z,2026-08-09T09:00:00Z,33.7,14.2,16.5,15.0,-2.3,2.3
1-2 дня,2026-08-07T23:19:23Z,2026-08-09T12:00:00Z,36.7,16.1,16.7,15.4,-0.6,0.6
1-2 дня,2026-08-07T23:19:23Z,2026-08-09T15:00:00Z,39.7,15.2,17.0,15.5,-1.8,1.8
1-2 дня,2026-08-07T23:19:23Z,2026-08-09T18:00:00Z,42.7,12.1,13.7,14.4,-1.6,1.6
1-2 дня,2026-08-07T23:19:23Z,2026-08-09T21:00:00Z,45.7,10.8,10.4,13.6,0.4,0.4
1-2 дня,2026-08-08T04:50:53Z,2026-08-09T06:00:00Z,25.2,15.2,15.2,15.4,0.0,0.0
1-2 дня,2026-08-08T04:50:53Z,2026-08-09T09:00:00Z,28.2,15.5,16.5,15.0,-1.0,1.0
1-2 дня,2026-08-08T04:50:53Z,2026-08-09T12:00:00Z,31.2,14.9,16.7,15.4,-1.8,1.8
1-2 дня,2026-08-08T04:50:53Z,2026-08-09T15:00:00Z,34.2,14.1,17.0,15.5,-2.9,2.9
1-2 дня,2026-08-08T04:50:53Z,2026-08-09T18:00:00Z,37.2,11.4,13.7,14.4,-2.3,2.3
1-2 дня,2026-08-08T04:50:53Z,2026-08-09T21:00:00Z,40.2,10.0,10.4,13.6,-0.4,0.4
1-2 дня,2026-08-08T04:50:53Z,2026-08-10T00:00:00Z,43.2,10.3,10.8,13.1,-0.5,0.5
1-2 дня,2026-08-08T04:50:53Z,2026-08-10T03:00:00Z,46.2,12.6,12.6,11.9,0.0,0.0
1-2 дня,2026-08-08T10:18:13Z,2026-08-09T12:00:00Z,25.7,15.7,16.7,15.4,-1.0,1.0
1-2 дня,2026-08-08T10:18:13Z,2026-08-09T15:00:00Z,28.7,15.3,17.0,15.5,-1.7,1.7
1-2 дня,2026-08-08T10:18:13Z,2026-08-09T18:00:00Z,31.7,11.8,13.7,14.4,-1.9,1.9
1-2 дня,2026-08-08T10:18:13Z,2026-08-09T21:00:00Z,34.7,10.6,10.4,13.6,0.2,0.2
1-2 дня,2026-08-08T10:18:13Z,2026-08-10T00:00:00Z,37.7,10.6,10.8,13.1,-0.2,0.2
1-2 дня,2026-08-08T10:18:13Z,2026-08-10T03:00:00Z,40.7,12.5,12.6,11.9,-0.1,0.1
1-2 дня,2026-08-08T10:18:13Z,2026-08-10T06:00:00Z,43.7,17.0,16.9,15.2,0.1,0.1
1-2 дня,2026-08-08T10:18:13Z,2026-08-10T09:00:00Z,46.7,20.6,20.6,16.5,0.0,0.0
1-2 дня,2026-08-08T22:37:20Z,2026-08-10T00:00:00Z,25.4,11.0,10.8,13.1,0.2,0.2
1-2 дня,2026-08-08T22:37:20Z,2026-08-10T03:00:00Z,28.4,12.7,12.6,11.9,0.1,0.1
1-2 дня,2026-08-08T22:37:20Z,2026-08-10T06:00:00Z,31.4,16.3,16.9,15.2,-0.6,0.6
1-2 дня,2026-08-08T22:37:20Z,2026-08-10T09:00:00Z,34.4,20.5,20.6,16.5,-0.1,0.1
1-2 дня,2026-08-08T22:37:20Z,2026-08-10T12:00:00Z,37.4,21.8,22.3,16.7,-0.5,0.5
1-2 дня,2026-08-08T22:37:20Z,2026-08-10T15:00:00Z,40.4,21.2,21.8,17.0,-0.6,0.6
1-2 дня,2026-08-08T22:37:20Z,2026-08-10T18:00:00Z,43.4,17.6,18.4,13.7,-0.8,0.8
1-2 дня,2026-08-08T22:37:20Z,2026-08-10T21:00:00Z,46.4,15.5,15.0,10.4,0.5,0.5
1-2 дня,2026-08-09T04:59:03Z,2026-08-10T06:00:00Z,25.0,16.2,16.9,15.2,-0.7,0.7
1-2 дня,2026-08-09T04:59:03Z,2026-08-10T09:00:00Z,28.0,20.3,20.6,16.5,-0.3,0.3
1-2 дня,2026-08-09T04:59:03Z,2026-08-10T12:00:00Z,31.0,21.9,22.3,16.7,-0.4,0.4
1-2 дня,2026-08-09T04:59:03Z,2026-08-10T15:00:00Z,34.0,21.1,21.8,17.0,-0.7,0.7
1-2 дня,2026-08-09T04:59:03Z,2026-08-10T18:00:00Z,37.0,17.3,18.4,13.7,-1.1,1.1
1-2 дня,2026-08-09T04:59:03Z,2026-08-10T21:00:00Z,40.0,15.2,15.0,10.4,0.2,0.2
1-2 дня,2026-08-09T04:59:03Z,2026-08-11T00:00:00Z,43.0,14.6,15.3,10.8,-0.7,0.7
1-2 дня,2026-08-09T04:59:03Z,2026-08-11T03:00:00Z,46.0,15.5,15.0,12.6,0.5,0.5
1-2 дня,2026-08-09T10:19:29Z,2026-08-10T12:00:00Z,25.7,22.0,22.3,16.7,-0.3,0.3
1-2 дня,2026-08-09T10:19:29Z,2026-08-10T15:00:00Z,28.7,21.5,21.8,17.0,-0.3,0.3
1-2 дня,2026-08-09T10:19:29Z,2026-08-10T18:00:00Z,31.7,17.9,18.4,13.7,-0.5,0.5
1-2 дня,2026-08-09T10:19:29Z,2026-08-10T21:00:00Z,34.7,15.5,15.0,10.4,0.5,0.5
1-2 дня,2026-08-09T10:19:29Z,2026-08-11T00:00:00Z,37.7,14.7,15.3,10.8,-0.6,0.6
1-2 дня,2026-08-09T10:19:29Z,2026-08-11T03:00:00Z,40.7,15.5,15.0,12.6,0.5,0.5
1-2 дня,2026-08-09T10:19:29Z,2026-08-11T06:00:00Z,43.7,18.8,19.4,16.9,-0.6,0.6
1-2 дня,2026-08-09T10:19:29Z,2026-08-11T09:00:00Z,46.7,22.0,23.5,20.6,-1.5,1.5
1-2 дня,2026-08-09T12:41:38Z,2026-08-10T15:00:00Z,26.3,21.5,21.8,17.0,-0.3,0.3
1-2 дня,2026-08-09T12:41:38Z,2026-08-10T18:00:00Z,29.3,17.9,18.4,13.7,-0.5,0.5
1-2 дня,2026-08-09T12:41:38Z,2026-08-10T21:00:00Z,32.3,15.5,15.0,10.4,0.5,0.5
1-2 дня,2026-08-09T12:41:38Z,2026-08-11T00:00:00Z,35.3,14.7,15.3,10.8,-0.6,0.6
1-2 дня,2026-08-09T12:41:38Z,2026-08-11T03:00:00Z,38.3,15.5,15.0,12.6,0.5,0.5
1-2 дня,2026-08-09T12:41:38Z,2026-08-11T06:00:00Z,41.3,18.8,19.4,16.9,-0.6,0.6
1-2 дня,2026-08-09T12:41:38Z,2026-08-11T09:00:00Z,44.3,22.0,23.5,20.6,-1.5,1.5
1-2 дня,2026-08-09T12:41:38Z,2026-08-11T12:00:00Z,47.3,21.8,24.1,22.3,-2.3,2.3
1-2 дня,2026-08-09T12:45:53Z,2026-08-10T15:00:00Z,26.2,21.5,21.8,17.0,-0.3,0.3
1-2 дня,2026-08-09T12:45:53Z,2026-08-10T18:00:00Z,29.2,17.9,18.4,13.7,-0.5,0.5
1-2 дня,2026-08-09T12:45:53Z,2026-08-10T21:00:00Z,32.2,15.5,15.0,10.4,0.5,0.5
1-2 дня,2026-08-09T12:45:53Z,2026-08-11T00:00:00Z,35.2,14.7,15.3,10.8,-0.6,0.6
1-2 дня,2026-08-09T12:45:53Z,2026-08-11T03:00:00Z,38.2,15.5,15.0,12.6,0.5,0.5
1-2 дня,2026-08-09T12:45:53Z,2026-08-11T06:00:00Z,41.2,18.8,19.4,16.9,-0.6,0.6
1-2 дня,2026-08-09T12:45:53Z,2026-08-11T09:00:00Z,44.2,22.0,23.5,20.6,-1.5,1.5
1-2 дня,2026-08-09T12:45:53Z,2026-08-11T12:00:00Z,47.2,21.8,24.1,22.3,-2.3,2.3
1-2 дня,2026-08-09T12:48:15Z,2026-08-10T15:00:00Z,26.2,21.5,21.8,17.0,-0.3,0.3
1-2 дня,2026-08-09T12:48:15Z,2026-08-10T18:00:00Z,29.2,17.9,18.4,13.7,-0.5,0.5
1-2 дня,2026-08-09T12:48:15Z,2026-08-10T21:00:00Z,32.2,15.5,15.0,10.4,0.5,0.5
1-2 дня,2026-08-09T12:48:15Z,2026-08-11T00:00:00Z,35.2,14.7,15.3,10.8,-0.6,0.6
1-2 дня,2026-08-09T12:48:15Z,2026-08-11T03:00:00Z,38.2,15.5,15.0,12.6,0.5,0.5
1-2 дня,2026-08-09T12:48:15Z,2026-08-11T06:00:00Z,41.2,18.8,19.4,16.9,-0.6,0.6
1-2 дня,2026-08-09T12:48:15Z,2026-08-11T09:00:00Z,44.2,22.0,23.5,20.6,-1.5,1.5
1-2 дня,2026-08-09T12:48:15Z,2026-08-11T12:00:00Z,47.2,21.8,24.1,22.3,-2.3,2.3
1-2 дня,2026-08-09T16:31:44Z,2026-08-10T18:00:00Z,25.5,17.3,18.4,13.7,-1.1,1.1
1-2 дня,2026-08-09T16:31:44Z,2026-08-10T21:00:00Z,28.5,15.3,15.0,10.4,0.3,0.3
1-2 дня,2026-08-09T16:31:44Z,2026-08-11T00:00:00Z,31.5,14.4,15.3,10.8,-0.9,0.9
1-2 дня,2026-08-09T16:31:44Z,2026-08-11T03:00:00Z,34.5,15.4,15.0,12.6,0.4,0.4
1-2 дня,2026-08-09T16:31:44Z,2026-08-11T06:00:00Z,37.5,18.8,19.4,16.9,-0.6,0.6
1-2 дня,2026-08-09T16:31:44Z,2026-08-11T09:00:00Z,40.5,21.8,23.5,20.6,-1.7,1.7
1-2 дня,2026-08-09T16:31:44Z,2026-08-11T12:00:00Z,43.5,22.5,24.1,22.3,-1.6,1.6
1-2 дня,2026-08-09T16:31:44Z,2026-08-11T15:00:00Z,46.5,20.4,19.2,21.8,1.2,1.2
1-2 дня,2026-08-09T22:39:09Z,2026-08-11T00:00:00Z,25.3,14.7,15.3,10.8,-0.6,0.6
1-2 дня,2026-08-09T22:39:09Z,2026-08-11T03:00:00Z,28.3,15.4,15.0,12.6,0.4,0.4
1-2 дня,2026-08-09T22:39:09Z,2026-08-11T06:00:00Z,31.3,18.8,19.4,16.9,-0.6,0.6
1-2 дня,2026-08-09T22:39:09Z,2026-08-11T09:00:00Z,34.3,21.6,23.5,20.6,-1.9,1.9
1-2 дня,2026-08-09T22:39:09Z,2026-08-11T12:00:00Z,37.3,22.6,24.1,22.3,-1.5,1.5
1-2 дня,2026-08-09T22:39:09Z,2026-08-11T15:00:00Z,40.3,21.4,19.2,21.8,2.2,2.2
1-2 дня,2026-08-09T22:39:09Z,2026-08-11T18:00:00Z,43.3,18.2,16.8,18.4,1.4,1.4
1-2 дня,2026-08-09T22:39:09Z,2026-08-11T21:00:00Z,46.3,16.4,16.3,15.0,0.1,0.1
1-2 дня,2026-08-10T05:20:42Z,2026-08-11T06:00:00Z,24.7,18.7,19.4,16.9,-0.7,0.7
1-2 дня,2026-08-10T05:20:42Z,2026-08-11T09:00:00Z,27.7,21.8,23.5,20.6,-1.7,1.7
1-2 дня,2026-08-10T05:20:42Z,2026-08-11T12:00:00Z,30.7,22.2,24.1,22.3,-1.9,1.9
1-2 дня,2026-08-10T05:20:42Z,2026-08-11T15:00:00Z,33.7,20.5,19.2,21.8,1.3,1.3
1-2 дня,2026-08-10T05:20:42Z,2026-08-11T18:00:00Z,36.7,17.2,16.8,18.4,0.4,0.4
1-2 дня,2026-08-10T05:20:42Z,2026-08-11T21:00:00Z,39.7,16.0,16.3,15.0,-0.3,0.3
1-2 дня,2026-08-10T05:20:42Z,2026-08-12T00:00:00Z,42.7,15.1,15.2,15.3,-0.1,0.1
1-2 дня,2026-08-10T05:20:42Z,2026-08-12T03:00:00Z,45.7,14.9,14.5,15.0,0.4,0.4
1-2 дня,2026-08-10T10:53:28Z,2026-08-11T12:00:00Z,25.1,22.3,24.1,22.3,-1.8,1.8
1-2 дня,2026-08-10T10:53:28Z,2026-08-11T15:00:00Z,28.1,19.6,19.2,21.8,0.4,0.4
1-2 дня,2026-08-10T10:53:28Z,2026-08-11T18:00:00Z,31.1,16.6,16.8,18.4,-0.2,0.2
1-2 дня,2026-08-10T10:53:28Z,2026-08-11T21:00:00Z,34.1,15.6,16.3,15.0,-0.7,0.7
1-2 дня,2026-08-10T10:53:28Z,2026-08-12T00:00:00Z,37.1,15.0,15.2,15.3,-0.2,0.2
1-2 дня,2026-08-10T10:53:28Z,2026-08-12T03:00:00Z,40.1,14.6,14.5,15.0,0.1,0.1
1-2 дня,2026-08-10T10:53:28Z,2026-08-12T06:00:00Z,43.1,15.9,14.7,19.4,1.2,1.2
1-2 дня,2026-08-10T10:53:28Z,2026-08-12T09:00:00Z,46.1,16.4,15.2,23.5,1.2,1.2
1-2 дня,2026-08-10T16:52:05Z,2026-08-11T18:00:00Z,25.1,17.9,16.8,18.4,1.1,1.1
1-2 дня,2026-08-10T16:52:05Z,2026-08-11T21:00:00Z,28.1,16.3,16.3,15.0,0.0,0.0
1-2 дня,2026-08-10T16:52:05Z,2026-08-12T00:00:00Z,31.1,14.9,15.2,15.3,-0.3,0.3
1-2 дня,2026-08-10T16:52:05Z,2026-08-12T03:00:00Z,34.1,14.7,14.5,15.0,0.2,0.2
1-2 дня,2026-08-10T16:52:05Z,2026-08-12T06:00:00Z,37.1,15.1,14.7,19.4,0.4,0.4
1-2 дня,2026-08-10T16:52:05Z,2026-08-12T09:00:00Z,40.1,17.1,15.2,23.5,1.9,1.9
1-2 дня,2026-08-10T16:52:05Z,2026-08-12T12:00:00Z,43.1,17.2,11.9,24.1,5.3,5.3
1-2 дня,2026-08-10T16:52:05Z,2026-08-12T15:00:00Z,46.1,13.1,10.7,19.2,2.4,2.4
1-2 дня,2026-08-10T22:47:13Z,2026-08-12T00:00:00Z,25.2,15.2,15.2,15.3,0.0,0.0
1-2 дня,2026-08-10T22:47:13Z,2026-08-12T03:00:00Z,28.2,14.7,14.5,15.0,0.2,0.2
1-2 дня,2026-08-10T22:47:13Z,2026-08-12T06:00:00Z,31.2,14.8,14.7,19.4,0.1,0.1
1-2 дня,2026-08-10T22:47:13Z,2026-08-12T09:00:00Z,34.2,15.8,15.2,23.5,0.6,0.6
1-2 дня,2026-08-10T22:47:13Z,2026-08-12T12:00:00Z,37.2,14.8,11.9,24.1,2.9,2.9
1-2 дня,2026-08-10T22:47:13Z,2026-08-12T15:00:00Z,40.2,12.3,10.7,19.2,1.6,1.6
1-2 дня,2026-08-10T22:47:13Z,2026-08-12T18:00:00Z,43.2,10.5,9.3,16.8,1.2,1.2
1-2 дня,2026-08-10T22:47:13Z,2026-08-12T21:00:00Z,46.2,9.9,8.4,16.3,1.5,1.5
1-2 дня,2026-08-11T05:01:49Z,2026-08-12T06:00:00Z,25.0,15.6,14.7,19.4,0.9,0.9
1-2 дня,2026-08-11T05:01:49Z,2026-08-12T09:00:00Z,28.0,15.8,15.2,23.5,0.6,0.6
1-2 дня,2026-08-11T05:01:49Z,2026-08-12T12:00:00Z,31.0,13.9,11.9,24.1,2.0,2.0
1-2 дня,2026-08-11T05:01:49Z,2026-08-12T15:00:00Z,34.0,11.7,10.7,19.2,1.0,1.0
1-2 дня,2026-08-11T05:01:49Z,2026-08-12T18:00:00Z,37.0,10.2,9.3,16.8,0.9,0.9
1-2 дня,2026-08-11T05:01:49Z,2026-08-12T21:00:00Z,40.0,9.3,8.4,16.3,0.9,0.9
1-2 дня,2026-08-11T05:01:49Z,2026-08-13T00:00:00Z,43.0,9.1,8.4,15.2,0.7,0.7
1-2 дня,2026-08-11T05:01:49Z,2026-08-13T03:00:00Z,46.0,8.9,8.4,14.5,0.5,0.5
1-2 дня,2026-08-11T10:38:45Z,2026-08-12T12:00:00Z,25.4,13.5,11.9,24.1,1.6,1.6
1-2 дня,2026-08-11T10:38:45Z,2026-08-12T15:00:00Z,28.4,12.2,10.7,19.2,1.5,1.5
1-2 дня,2026-08-11T10:38:45Z,2026-08-12T18:00:00Z,31.4,10.7,9.3,16.8,1.4,1.4
1-2 дня,2026-08-11T10:38:45Z,2026-08-12T21:00:00Z,34.4,9.9,8.4,16.3,1.5,1.5
1-2 дня,2026-08-11T10:38:45Z,2026-08-13T00:00:00Z,37.4,8.7,8.4,15.2,0.3,0.3
1-2 дня,2026-08-11T10:38:45Z,2026-08-13T03:00:00Z,40.4,8.4,8.4,14.5,0.0,0.0
1-2 дня,2026-08-11T10:38:45Z,2026-08-13T06:00:00Z,43.4,8.4,8.2,14.7,0.2,0.2
1-2 дня,2026-08-11T10:38:45Z,2026-08-13T09:00:00Z,46.4,8.5,8.3,15.2,0.2,0.2
1-2 дня,2026-08-12T10:47:03Z,2026-08-13T12:00:00Z,25.2,8.1,7.7,11.9,0.4,0.4
1-2 дня,2026-08-12T10:47:03Z,2026-08-13T15:00:00Z,28.2,7.5,7.3,10.7,0.2,0.2
1-2 дня,2026-08-12T10:47:03Z,2026-08-13T18:00:00Z,31.2,7.6,6.9,9.3,0.7,0.7
1-2 дня,2026-08-12T10:47:03Z,2026-08-13T21:00:00Z,34.2,7.6,7.1,8.4,0.5,0.5
1-2 дня,2026-08-12T10:47:03Z,2026-08-14T00:00:00Z,37.2,7.7,7.3,8.4,0.4,0.4
1-2 дня,2026-08-12T10:47:03Z,2026-08-14T03:00:00Z,40.2,7.9,7.4,8.4,0.5,0.5
1-2 дня,2026-08-12T10:47:03Z,2026-08-14T06:00:00Z,43.2,8.3,8.3,8.2,0.0,0.0
1-2 дня,2026-08-12T10:47:03Z,2026-08-14T09:00:00Z,46.2,11.5,9.1,8.3,2.4,2.4
1-2 дня,2026-08-12T16:54:57Z,2026-08-13T18:00:00Z,25.1,7.7,6.9,9.3,0.8,0.8
1-2 дня,2026-08-12T16:54:57Z,2026-08-13T21:00:00Z,28.1,7.3,7.1,8.4,0.2,0.2
1-2 дня,2026-08-12T16:54:57Z,2026-08-14T00:00:00Z,31.1,7.6,7.3,8.4,0.3,0.3
1-2 дня,2026-08-12T16:54:57Z,2026-08-14T03:00:00Z,34.1,7.8,7.4,8.4,0.4,0.4
1-2 дня,2026-08-12T16:54:57Z,2026-08-14T06:00:00Z,37.1,8.3,8.3,8.2,0.0,0.0
1-2 дня,2026-08-12T16:54:57Z,2026-08-14T09:00:00Z,40.1,8.9,9.1,8.3,-0.2,0.2
1-2 дня,2026-08-12T16:54:57Z,2026-08-14T12:00:00Z,43.1,9.4,10.0,7.7,-0.6,0.6
1-2 дня,2026-08-12T16:54:57Z,2026-08-14T15:00:00Z,46.1,9.6,10.6,7.3,-1.0,1.0
1-2 дня,2026-08-12T22:50:47Z,2026-08-14T00:00:00Z,25.2,7.7,7.3,8.4,0.4,0.4
1-2 дня,2026-08-12T22:50:47Z,2026-08-14T03:00:00Z,28.2,7.8,7.4,8.4,0.4,0.4
1-2 дня,2026-08-12T22:50:47Z,2026-08-14T06:00:00Z,31.2,8.2,8.3,8.2,-0.1,0.1
1-2 дня,2026-08-12T22:50:47Z,2026-08-14T09:00:00Z,34.2,8.8,9.1,8.3,-0.3,0.3
1-2 дня,2026-08-12T22:50:47Z,2026-08-14T12:00:00Z,37.2,10.0,10.0,7.7,0.0,0.0
1-2 дня,2026-08-12T22:50:47Z,2026-08-14T15:00:00Z,40.2,11.3,10.6,7.3,0.7,0.7
1-2 дня,2026-08-12T22:50:47Z,2026-08-14T18:00:00Z,43.2,8.4,8.7,6.9,-0.3,0.3
1-2 дня,2026-08-12T22:50:47Z,2026-08-14T21:00:00Z,46.2,6.8,8.0,7.1,-1.2,1.2
1-2 дня,2026-08-13T05:30:08Z,2026-08-14T06:00:00Z,24.5,8.2,8.3,8.2,-0.1,0.1
1-2 дня,2026-08-13T05:30:08Z,2026-08-14T09:00:00Z,27.5,8.7,9.1,8.3,-0.4,0.4
1-2 дня,2026-08-13T05:30:08Z,2026-08-14T12:00:00Z,30.5,9.5,10.0,7.7,-0.5,0.5
1-2 дня,2026-08-13T05:30:08Z,2026-08-14T15:00:00Z,33.5,11.1,10.6,7.3,0.5,0.5
1-2 дня,2026-08-13T05:30:08Z,2026-08-14T18:00:00Z,36.5,8.5,8.7,6.9,-0.2,0.2
1-2 дня,2026-08-13T05:30:08Z,2026-08-14T21:00:00Z,39.5,6.8,8.0,7.1,-1.2,1.2
1-2 дня,2026-08-13T05:30:08Z,2026-08-15T00:00:00Z,42.5,6.0,6.3,7.3,-0.3,0.3
1-2 дня,2026-08-13T05:30:08Z,2026-08-15T03:00:00Z,45.5,7.0,7.6,7.4,-0.6,0.6
1-2 дня,2026-08-13T10:49:01Z,2026-08-14T12:00:00Z,25.2,10.2,10.0,7.7,0.2,0.2
1-2 дня,2026-08-13T10:49:01Z,2026-08-14T15:00:00Z,28.2,11.7,10.6,7.3,1.1,1.1
1-2 дня,2026-08-13T10:49:01Z,2026-08-14T18:00:00Z,31.2,8.3,8.7,6.9,-0.4,0.4
1-2 дня,2026-08-13T10:49:01Z,2026-08-14T21:00:00Z,34.2,7.1,8.0,7.1,-0.9,0.9
1-2 дня,2026-08-13T10:49:01Z,2026-08-15T00:00:00Z,37.2,6.6,6.3,7.3,0.3,0.3
1-2 дня,2026-08-13T10:49:01Z,2026-08-15T03:00:00Z,40.2,7.1,7.6,7.4,-0.5,0.5
1-2 дня,2026-08-13T10:49:01Z,2026-08-15T06:00:00Z,43.2,10.1,8.6,8.3,1.5,1.5
1-2 дня,2026-08-13T10:49:01Z,2026-08-15T09:00:00Z,46.2,12.7,10.9,9.1,1.8,1.8
1-2 дня,2026-08-13T16:36:10Z,2026-08-14T18:00:00Z,25.4,9.5,8.7,6.9,0.8,0.8
1-2 дня,2026-08-13T16:36:10Z,2026-08-14T21:00:00Z,28.4,7.1,8.0,7.1,-0.9,0.9
1-2 дня,2026-08-13T16:36:10Z,2026-08-15T00:00:00Z,31.4,6.3,6.3,7.3,0.0,0.0
1-2 дня,2026-08-13T16:36:10Z,2026-08-15T03:00:00Z,34.4,7.1,7.6,7.4,-0.5,0.5
1-2 дня,2026-08-13T16:36:10Z,2026-08-15T06:00:00Z,37.4,10.0,8.6,8.3,1.4,1.4
1-2 дня,2026-08-13T16:36:10Z,2026-08-15T09:00:00Z,40.4,12.7,10.9,9.1,1.8,1.8
1-2 дня,2026-08-13T16:36:10Z,2026-08-15T12:00:00Z,43.4,13.5,13.4,10.0,0.1,0.1
1-2 дня,2026-08-13T16:36:10Z,2026-08-15T15:00:00Z,46.4,12.9,13.0,10.6,-0.1,0.1
1-2 дня,2026-08-13T16:42:24Z,2026-08-14T18:00:00Z,25.3,9.5,8.7,6.9,0.8,0.8
1-2 дня,2026-08-13T16:42:24Z,2026-08-14T21:00:00Z,28.3,7.1,8.0,7.1,-0.9,0.9
1-2 дня,2026-08-13T16:42:24Z,2026-08-15T00:00:00Z,31.3,6.3,6.3,7.3,0.0,0.0
1-2 дня,2026-08-13T16:42:24Z,2026-08-15T03:00:00Z,34.3,7.1,7.6,7.4,-0.5,0.5
1-2 дня,2026-08-13T16:42:24Z,2026-08-15T06:00:00Z,37.3,10.0,8.6,8.3,1.4,1.4
1-2 дня,2026-08-13T16:42:24Z,2026-08-15T09:00:00Z,40.3,12.7,10.9,9.1,1.8,1.8
1-2 дня,2026-08-13T16:42:24Z,2026-08-15T12:00:00Z,43.3,13.5,13.4,10.0,0.1,0.1
1-2 дня,2026-08-13T16:42:24Z,2026-08-15T15:00:00Z,46.3,12.9,13.0,10.6,-0.1,0.1
1-2 дня,2026-08-13T16:54:22Z,2026-08-14T18:00:00Z,25.1,9.5,8.7,6.9,0.8,0.8
1-2 дня,2026-08-13T16:54:22Z,2026-08-14T21:00:00Z,28.1,7.1,8.0,7.1,-0.9,0.9
1-2 дня,2026-08-13T16:54:22Z,2026-08-15T00:00:00Z,31.1,6.3,6.3,7.3,0.0,0.0
1-2 дня,2026-08-13T16:54:22Z,2026-08-15T03:00:00Z,34.1,7.1,7.6,7.4,-0.5,0.5
1-2 дня,2026-08-13T16:54:22Z,2026-08-15T06:00:00Z,37.1,10.0,8.6,8.3,1.4,1.4
1-2 дня,2026-08-13T16:54:22Z,2026-08-15T09:00:00Z,40.1,12.7,10.9,9.1,1.8,1.8
1-2 дня,2026-08-13T16:54:22Z,2026-08-15T12:00:00Z,43.1,13.5,13.4,10.0,0.1,0.1
1-2 дня,2026-08-13T16:54:22Z,2026-08-15T15:00:00Z,46.1,12.9,13.0,10.6,-0.1,0.1
1-2 дня,2026-08-13T22:52:17Z,2026-08-15T00:00:00Z,25.1,6.5,6.3,7.3,0.2,0.2
1-2 дня,2026-08-13T22:52:17Z,2026-08-15T03:00:00Z,28.1,7.7,7.6,7.4,0.1,0.1
1-2 дня,2026-08-13T22:52:17Z,2026-08-15T06:00:00Z,31.1,9.5,8.6,8.3,0.9,0.9
1-2 дня,2026-08-13T22:52:17Z,2026-08-15T09:00:00Z,34.1,11.8,10.9,9.1,0.9,0.9
1-2 дня,2026-08-13T22:52:17Z,2026-08-15T12:00:00Z,37.1,13.1,13.4,10.0,-0.3,0.3
1-2 дня,2026-08-13T22:52:17Z,2026-08-15T15:00:00Z,40.1,13.6,13.0,10.6,0.6,0.6
1-2 дня,2026-08-13T22:52:17Z,2026-08-15T18:00:00Z,43.1,10.9,12.2,8.7,-1.3,1.3
1-2 дня,2026-08-13T22:52:17Z,2026-08-15T21:00:00Z,46.1,9.6,11.3,8.0,-1.7,1.7
1-2 дня,2026-08-14T05:28:14Z,2026-08-15T06:00:00Z,24.5,8.9,8.6,8.3,0.3,0.3
1-2 дня,2026-08-14T05:28:14Z,2026-08-15T09:00:00Z,27.5,11.9,10.9,9.1,1.0,1.0
1-2 дня,2026-08-14T05:28:14Z,2026-08-15T12:00:00Z,30.5,13.0,13.4,10.0,-0.4,0.4
1-2 дня,2026-08-14T05:28:14Z,2026-08-15T15:00:00Z,33.5,13.6,13.0,10.6,0.6,0.6
1-2 дня,2026-08-14T05:28:14Z,2026-08-15T18:00:00Z,36.5,11.9,12.2,8.7,-0.3,0.3
1-2 дня,2026-08-14T05:28:14Z,2026-08-15T21:00:00Z,39.5,9.8,11.3,8.0,-1.5,1.5
1-2 дня,2026-08-14T05:28:14Z,2026-08-16T00:00:00Z,42.5,9.5,10.8,6.3,-1.3,1.3
1-2 дня,2026-08-14T05:28:14Z,2026-08-16T03:00:00Z,45.5,10.0,10.1,7.6,-0.1,0.1
1-2 дня,2026-08-14T10:44:54Z,2026-08-15T12:00:00Z,25.3,14.4,13.4,10.0,1.0,1.0
1-2 дня,2026-08-14T10:44:54Z,2026-08-15T15:00:00Z,28.3,13.8,13.0,10.6,0.8,0.8
1-2 дня,2026-08-14T10:44:54Z,2026-08-15T18:00:00Z,31.3,11.7,12.2,8.7,-0.5,0.5
1-2 дня,2026-08-14T10:44:54Z,2026-08-15T21:00:00Z,34.3,9.8,11.3,8.0,-1.5,1.5
1-2 дня,2026-08-14T10:44:54Z,2026-08-16T00:00:00Z,37.3,9.5,10.8,6.3,-1.3,1.3
1-2 дня,2026-08-14T10:44:54Z,2026-08-16T03:00:00Z,40.3,10.0,10.1,7.6,-0.1,0.1
1-2 дня,2026-08-14T10:44:54Z,2026-08-16T06:00:00Z,43.3,11.4,12.3,8.6,-0.9,0.9
1-2 дня,2026-08-14T10:44:54Z,2026-08-16T09:00:00Z,46.3,14.0,14.3,10.9,-0.3,0.3
1-2 дня,2026-08-14T16:48:33Z,2026-08-15T18:00:00Z,25.2,12.6,12.2,8.7,0.4,0.4
1-2 дня,2026-08-14T16:48:33Z,2026-08-15T21:00:00Z,28.2,10.2,11.3,8.0,-1.1,1.1
1-2 дня,2026-08-14T16:48:33Z,2026-08-16T00:00:00Z,31.2,9.8,10.8,6.3,-1.0,1.0
1-2 дня,2026-08-14T16:48:33Z,2026-08-16T03:00:00Z,34.2,10.0,10.1,7.6,-0.1,0.1
1-2 дня,2026-08-14T16:48:33Z,2026-08-16T06:00:00Z,37.2,11.4,12.3,8.6,-0.9,0.9
1-2 дня,2026-08-14T16:48:33Z,2026-08-16T09:00:00Z,40.2,14.1,14.3,10.9,-0.2,0.2
1-2 дня,2026-08-14T16:48:33Z,2026-08-16T12:00:00Z,43.2,15.2,16.0,13.4,-0.8,0.8
1-2 дня,2026-08-14T16:48:33Z,2026-08-16T15:00:00Z,46.2,15.4,16.2,13.0,-0.8,0.8
1-2 дня,2026-08-14T22:30:55Z,2026-08-16T00:00:00Z,25.5,9.9,10.8,6.3,-0.9,0.9
1-2 дня,2026-08-14T22:30:55Z,2026-08-16T03:00:00Z,28.5,10.1,10.1,7.6,0.0,0.0
1-2 дня,2026-08-14T22:30:55Z,2026-08-16T06:00:00Z,31.5,12.6,12.3,8.6,0.3,0.3
1-2 дня,2026-08-14T22:30:55Z,2026-08-16T09:00:00Z,34.5,14.9,14.3,10.9,0.6,0.6
1-2 дня,2026-08-14T22:30:55Z,2026-08-16T12:00:00Z,37.5,16.2,16.0,13.4,0.2,0.2
1-2 дня,2026-08-14T22:30:55Z,2026-08-16T15:00:00Z,40.5,16.4,16.2,13.0,0.2,0.2
1-2 дня,2026-08-14T22:30:55Z,2026-08-16T18:00:00Z,43.5,12.2,11.2,12.2,1.0,1.0
1-2 дня,2026-08-14T22:30:55Z,2026-08-16T21:00:00Z,46.5,10.0,9.4,11.3,0.6,0.6
1-2 дня,2026-08-15T04:24:15Z,2026-08-16T06:00:00Z,25.6,12.2,12.3,8.6,-0.1,0.1
1-2 дня,2026-08-15T04:24:15Z,2026-08-16T09:00:00Z,28.6,14.3,14.3,10.9,0.0,0.0
1-2 дня,2026-08-15T04:24:15Z,2026-08-16T12:00:00Z,31.6,14.6,16.0,13.4,-1.4,1.4
1-2 дня,2026-08-15T04:24:15Z,2026-08-16T15:00:00Z,34.6,14.8,16.2,13.0,-1.4,1.4
1-2 дня,2026-08-15T04:24:15Z,2026-08-16T18:00:00Z,37.6,12.8,11.2,12.2,1.6,1.6
1-2 дня,2026-08-15T04:24:15Z,2026-08-16T21:00:00Z,40.6,10.7,9.4,11.3,1.3,1.3
1-2 дня,2026-08-15T04:24:15Z,2026-08-17T00:00:00Z,43.6,9.4,9.3,10.8,0.1,0.1
1-2 дня,2026-08-15T04:24:15Z,2026-08-17T03:00:00Z,46.6,10.2,9.1,10.1,1.1,1.1
1-2 дня,2026-08-15T10:09:15Z,2026-08-16T12:00:00Z,25.8,14.8,16.0,13.4,-1.2,1.2
1-2 дня,2026-08-15T10:09:15Z,2026-08-16T15:00:00Z,28.8,14.6,16.2,13.0,-1.6,1.6
1-2 дня,2026-08-15T10:09:15Z,2026-08-16T18:00:00Z,31.8,13.1,11.2,12.2,1.9,1.9
1-2 дня,2026-08-15T10:09:15Z,2026-08-16T21:00:00Z,34.8,12.1,9.4,11.3,2.7,2.7
1-2 дня,2026-08-15T10:09:15Z,2026-08-17T00:00:00Z,37.8,9.9,9.3,10.8,0.6,0.6
1-2 дня,2026-08-15T10:09:15Z,2026-08-17T03:00:00Z,40.8,10.5,9.1,10.1,1.4,1.4
1-2 дня,2026-08-15T10:09:15Z,2026-08-17T06:00:00Z,43.8,12.6,15.0,12.3,-2.4,2.4
1-2 дня,2026-08-15T10:09:15Z,2026-08-17T09:00:00Z,46.8,15.6,17.9,14.3,-2.3,2.3
1-2 дня,2026-08-15T22:29:33Z,2026-08-17T00:00:00Z,25.5,9.7,9.3,10.8,0.4,0.4
1-2 дня,2026-08-15T22:29:33Z,2026-08-17T03:00:00Z,28.5,10.0,9.1,10.1,0.9,0.9
1-2 дня,2026-08-15T22:29:33Z,2026-08-17T06:00:00Z,31.5,14.2,15.0,12.3,-0.8,0.8
1-2 дня,2026-08-15T22:29:33Z,2026-08-17T09:00:00Z,34.5,17.6,17.9,14.3,-0.3,0.3
1-2 дня,2026-08-15T22:29:33Z,2026-08-17T12:00:00Z,37.5,19.0,19.5,16.0,-0.5,0.5
1-2 дня,2026-08-15T22:29:33Z,2026-08-17T15:00:00Z,40.5,18.4,19.1,16.2,-0.7,0.7
1-2 дня,2026-08-15T22:29:33Z,2026-08-17T18:00:00Z,43.5,14.9,14.5,11.2,0.4,0.4
1-2 дня,2026-08-15T22:29:33Z,2026-08-17T21:00:00Z,46.5,11.9,13.0,9.4,-1.1,1.1
1-2 дня,2026-08-16T04:29:41Z,2026-08-17T06:00:00Z,25.5,14.6,15.0,12.3,-0.4,0.4
1-2 дня,2026-08-16T04:29:41Z,2026-08-17T09:00:00Z,28.5,17.5,17.9,14.3,-0.4,0.4
1-2 дня,2026-08-16T04:29:41Z,2026-08-17T12:00:00Z,31.5,19.1,19.5,16.0,-0.4,0.4
1-2 дня,2026-08-16T04:29:41Z,2026-08-17T15:00:00Z,34.5,18.4,19.1,16.2,-0.7,0.7
1-2 дня,2026-08-16T04:29:41Z,2026-08-17T18:00:00Z,37.5,13.5,14.5,11.2,-1.0,1.0
1-2 дня,2026-08-16T04:29:41Z,2026-08-17T21:00:00Z,40.5,11.4,13.0,9.4,-1.6,1.6
1-2 дня,2026-08-16T04:29:41Z,2026-08-18T00:00:00Z,43.5,10.0,13.0,9.3,-3.0,3.0
1-2 дня,2026-08-16T04:29:41Z,2026-08-18T03:00:00Z,46.5,11.9,12.6,9.1,-0.7,0.7
1-2 дня,2026-08-16T07:21:44Z,2026-08-17T09:00:00Z,25.6,17.5,17.9,14.3,-0.4,0.4
1-2 дня,2026-08-16T07:21:44Z,2026-08-17T12:00:00Z,28.6,19.1,19.5,16.0,-0.4,0.4
1-2 дня,2026-08-16T07:21:44Z,2026-08-17T15:00:00Z,31.6,18.4,19.1,16.2,-0.7,0.7
1-2 дня,2026-08-16T07:21:44Z,2026-08-17T18:00:00Z,34.6,13.5,14.5,11.2,-1.0,1.0
1-2 дня,2026-08-16T07:21:44Z,2026-08-17T21:00:00Z,37.6,11.4,13.0,9.4,-1.6,1.6
1-2 дня,2026-08-16T07:21:44Z,2026-08-18T00:00:00Z,40.6,10.0,13.0,9.3,-3.0,3.0
1-2 дня,2026-08-16T07:21:44Z,2026-08-18T03:00:00Z,43.6,11.9,12.6,9.1,-0.7,0.7
1-2 дня,2026-08-16T07:21:44Z,2026-08-18T06:00:00Z,46.6,17.0,15.4,15.0,1.6,1.6
1-2 дня,2026-08-16T10:09:47Z,2026-08-17T12:00:00Z,25.8,19.4,19.5,16.0,-0.1,0.1
1-2 дня,2026-08-16T10:09:47Z,2026-08-17T15:00:00Z,28.8,18.8,19.1,16.2,-0.3,0.3
1-2 дня,2026-08-16T10:09:47Z,2026-08-17T18:00:00Z,31.8,15.0,14.5,11.2,0.5,0.5
1-2 дня,2026-08-16T10:09:47Z,2026-08-17T21:00:00Z,34.8,12.8,13.0,9.4,-0.2,0.2
1-2 дня,2026-08-16T10:09:47Z,2026-08-18T00:00:00Z,37.8,11.1,13.0,9.3,-1.9,1.9
1-2 дня,2026-08-16T10:09:47Z,2026-08-18T03:00:00Z,40.8,11.8,12.6,9.1,-0.8,0.8
1-2 дня,2026-08-16T10:09:47Z,2026-08-18T06:00:00Z,43.8,15.8,15.4,15.0,0.4,0.4
1-2 дня,2026-08-16T10:09:47Z,2026-08-18T09:00:00Z,46.8,18.7,18.7,17.9,0.0,0.0
1-2 дня,2026-08-16T16:21:00Z,2026-08-17T18:00:00Z,25.6,13.6,14.5,11.2,-0.9,0.9
1-2 дня,2026-08-16T16:21:00Z,2026-08-17T21:00:00Z,28.6,12.7,13.0,9.4,-0.3,0.3
1-2 дня,2026-08-16T16:21:00Z,2026-08-18T00:00:00Z,31.6,12.5,13.0,9.3,-0.5,0.5
1-2 дня,2026-08-16T16:21:00Z,2026-08-18T03:00:00Z,34.6,12.5,12.6,9.1,-0.1,0.1
1-2 дня,2026-08-16T16:21:00Z,2026-08-18T06:00:00Z,37.6,13.9,15.4,15.0,-1.5,1.5
1-2 дня,2026-08-16T16:21:00Z,2026-08-18T09:00:00Z,40.6,16.2,18.7,17.9,-2.5,2.5
1-2 дня,2026-08-16T16:21:00Z,2026-08-18T12:00:00Z,43.6,16.9,18.5,19.5,-1.6,1.6
1-2 дня,2026-08-16T16:21:00Z,2026-08-18T15:00:00Z,46.6,15.9,18.8,19.1,-2.9,2.9
1-2 дня,2026-08-16T22:29:34Z,2026-08-18T00:00:00Z,25.5,10.8,13.0,9.3,-2.2,2.2
1-2 дня,2026-08-16T22:29:34Z,2026-08-18T03:00:00Z,28.5,12.0,12.6,9.1,-0.6,0.6
1-2 дня,2026-08-16T22:29:34Z,2026-08-18T06:00:00Z,31.5,15.9,15.4,15.0,0.5,0.5
1-2 дня,2026-08-16T22:29:34Z,2026-08-18T09:00:00Z,34.5,18.7,18.7,17.9,0.0,0.0
1-2 дня,2026-08-16T22:29:34Z,2026-08-18T12:00:00Z,37.5,20.3,18.5,19.5,1.8,1.8
1-2 дня,2026-08-16T22:29:34Z,2026-08-18T15:00:00Z,40.5,19.3,18.8,19.1,0.5,0.5
1-2 дня,2026-08-16T22:29:34Z,2026-08-18T18:00:00Z,43.5,15.0,14.0,14.5,1.0,1.0
1-2 дня,2026-08-16T22:29:34Z,2026-08-18T21:00:00Z,46.5,13.1,12.0,13.0,1.1,1.1
1-2 дня,2026-08-17T04:35:30Z,2026-08-18T06:00:00Z,25.4,16.7,15.4,15.0,1.3,1.3
1-2 дня,2026-08-17T04:35:30Z,2026-08-18T09:00:00Z,28.4,19.0,18.7,17.9,0.3,0.3
1-2 дня,2026-08-17T04:35:30Z,2026-08-18T12:00:00Z,31.4,20.0,18.5,19.5,1.5,1.5
1-2 дня,2026-08-17T04:35:30Z,2026-08-18T15:00:00Z,34.4,18.8,18.8,19.1,0.0,0.0
1-2 дня,2026-08-17T04:35:30Z,2026-08-18T18:00:00Z,37.4,14.7,14.0,14.5,0.7,0.7
1-2 дня,2026-08-17T04:35:30Z,2026-08-18T21:00:00Z,40.4,13.0,12.0,13.0,1.0,1.0
1-2 дня,2026-08-17T04:35:30Z,2026-08-19T00:00:00Z,43.4,11.7,12.5,13.0,-0.8,0.8
1-2 дня,2026-08-17T04:35:30Z,2026-08-19T03:00:00Z,46.4,12.0,13.3,12.6,-1.3,1.3
1-2 дня,2026-08-17T10:18:11Z,2026-08-18T12:00:00Z,25.7,20.0,18.5,19.5,1.5,1.5
1-2 дня,2026-08-17T10:18:11Z,2026-08-18T15:00:00Z,28.7,18.8,18.8,19.1,0.0,0.0
1-2 дня,2026-08-17T10:18:11Z,2026-08-18T18:00:00Z,31.7,14.7,14.0,14.5,0.7,0.7
1-2 дня,2026-08-17T10:18:11Z,2026-08-18T21:00:00Z,34.7,13.0,12.0,13.0,1.0,1.0
1-2 дня,2026-08-17T10:18:11Z,2026-08-19T00:00:00Z,37.7,11.7,12.5,13.0,-0.8,0.8
1-2 дня,2026-08-17T10:18:11Z,2026-08-19T03:00:00Z,40.7,12.0,13.3,12.6,-1.3,1.3
1-2 дня,2026-08-17T10:18:11Z,2026-08-19T06:00:00Z,43.7,15.7,14.3,15.4,1.4,1.4
1-2 дня,2026-08-17T10:18:11Z,2026-08-19T09:00:00Z,46.7,19.2,17.4,18.7,1.8,1.8
1-2 дня,2026-08-17T16:23:45Z,2026-08-18T18:00:00Z,25.6,14.7,14.0,14.5,0.7,0.7
1-2 дня,2026-08-17T16:23:45Z,2026-08-18T21:00:00Z,28.6,13.0,12.0,13.0,1.0,1.0
1-2 дня,2026-08-17T16:23:45Z,2026-08-19T00:00:00Z,31.6,11.7,12.5,13.0,-0.8,0.8
1-2 дня,2026-08-17T16:23:45Z,2026-08-19T03:00:00Z,34.6,12.0,13.3,12.6,-1.3,1.3
1-2 дня,2026-08-17T16:23:45Z,2026-08-19T06:00:00Z,37.6,15.7,14.3,15.4,1.4,1.4
1-2 дня,2026-08-17T16:23:45Z,2026-08-19T09:00:00Z,40.6,19.2,17.4,18.7,1.8,1.8
1-2 дня,2026-08-17T16:23:45Z,2026-08-19T12:00:00Z,43.6,19.9,19.6,18.5,0.3,0.3
1-2 дня,2026-08-17T16:23:45Z,2026-08-19T15:00:00Z,46.6,19.2,17.6,18.8,1.6,1.6
1-2 дня,2026-08-17T22:31:28Z,2026-08-19T00:00:00Z,25.5,11.7,12.5,13.0,-0.8,0.8
1-2 дня,2026-08-17T22:31:28Z,2026-08-19T03:00:00Z,28.5,12.0,13.3,12.6,-1.3,1.3
1-2 дня,2026-08-17T22:31:28Z,2026-08-19T06:00:00Z,31.5,15.7,14.3,15.4,1.4,1.4
1-2 дня,2026-08-17T22:31:28Z,2026-08-19T09:00:00Z,34.5,19.2,17.4,18.7,1.8,1.8
1-2 дня,2026-08-17T22:31:28Z,2026-08-19T12:00:00Z,37.5,19.9,19.6,18.5,0.3,0.3
1-2 дня,2026-08-17T22:31:28Z,2026-08-19T15:00:00Z,40.5,19.2,17.6,18.8,1.6,1.6
1-2 дня,2026-08-17T22:31:28Z,2026-08-19T18:00:00Z,43.5,15.6,14.6,14.0,1.0,1.0
1-2 дня,2026-08-17T22:31:28Z,2026-08-19T21:00:00Z,46.5,15.0,15.0,12.0,0.0,0.0
1-2 дня,2026-08-18T04:30:05Z,2026-08-19T06:00:00Z,25.5,15.7,14.3,15.4,1.4,1.4
1-2 дня,2026-08-18T04:30:05Z,2026-08-19T09:00:00Z,28.5,19.2,17.4,18.7,1.8,1.8
1-2 дня,2026-08-18T04:30:05Z,2026-08-19T12:00:00Z,31.5,19.9,19.6,18.5,0.3,0.3
1-2 дня,2026-08-18T04:30:05Z,2026-08-19T15:00:00Z,34.5,19.2,17.6,18.8,1.6,1.6
1-2 дня,2026-08-18T04:30:05Z,2026-08-19T18:00:00Z,37.5,15.6,14.6,14.0,1.0,1.0
1-2 дня,2026-08-18T04:30:05Z,2026-08-19T21:00:00Z,40.5,15.0,15.0,12.0,0.0,0.0
1-2 дня,2026-08-18T04:30:05Z,2026-08-20T00:00:00Z,43.5,15.3,15.1,12.5,0.2,0.2
1-2 дня,2026-08-18T04:30:05Z,2026-08-20T03:00:00Z,46.5,13.9,15.2,13.3,-1.3,1.3
1-2 дня,2026-08-18T10:14:55Z,2026-08-19T12:00:00Z,25.8,19.9,19.6,18.5,0.3,0.3
1-2 дня,2026-08-18T10:14:55Z,2026-08-19T15:00:00Z,28.8,19.2,17.6,18.8,1.6,1.6
1-2 дня,2026-08-18T10:14:55Z,2026-08-19T18:00:00Z,31.8,15.6,14.6,14.0,1.0,1.0
1-2 дня,2026-08-18T10:14:55Z,2026-08-19T21:00:00Z,34.8,15.0,15.0,12.0,0.0,0.0
1-2 дня,2026-08-18T10:14:55Z,2026-08-20T00:00:00Z,37.8,15.3,15.1,12.5,0.2,0.2
1-2 дня,2026-08-18T10:14:55Z,2026-08-20T03:00:00Z,40.8,13.9,15.2,13.3,-1.3,1.3
1-2 дня,2026-08-18T10:14:55Z,2026-08-20T06:00:00Z,43.8,13.9,15.0,14.3,-1.1,1.1
1-2 дня,2026-08-18T10:14:55Z,2026-08-20T09:00:00Z,46.8,16.3,15.1,17.4,1.2,1.2
1-2 дня,2026-08-18T16:27:50Z,2026-08-19T18:00:00Z,25.5,15.3,14.6,14.0,0.7,0.7
1-2 дня,2026-08-18T16:27:50Z,2026-08-19T21:00:00Z,28.5,14.7,15.0,12.0,-0.3,0.3
1-2 дня,2026-08-18T16:27:50Z,2026-08-20T00:00:00Z,31.5,14.3,15.1,12.5,-0.8,0.8
1-2 дня,2026-08-18T16:27:50Z,2026-08-20T03:00:00Z,34.5,14.4,15.2,13.3,-0.8,0.8
1-2 дня,2026-08-18T16:27:50Z,2026-08-20T06:00:00Z,37.5,14.4,15.0,14.3,-0.6,0.6
1-2 дня,2026-08-18T16:27:50Z,2026-08-20T09:00:00Z,40.5,15.9,15.1,17.4,0.8,0.8
1-2 дня,2026-08-18T16:27:50Z,2026-08-20T12:00:00Z,43.5,16.7,16.7,19.6,0.0,0.0
1-2 дня,2026-08-18T16:27:50Z,2026-08-20T15:00:00Z,46.5,15.6,15.2,17.6,0.4,0.4
1-2 дня,2026-08-18T22:31:39Z,2026-08-20T00:00:00Z,25.5,14.3,15.1,12.5,-0.8,0.8
1-2 дня,2026-08-18T22:31:39Z,2026-08-20T03:00:00Z,28.5,14.5,15.2,13.3,-0.7,0.7
1-2 дня,2026-08-18T22:31:39Z,2026-08-20T06:00:00Z,31.5,15.0,15.0,14.3,0.0,0.0
1-2 дня,2026-08-18T22:31:39Z,2026-08-20T09:00:00Z,34.5,15.6,15.1,17.4,0.5,0.5
1-2 дня,2026-08-18T22:31:39Z,2026-08-20T12:00:00Z,37.5,16.7,16.7,19.6,0.0,0.0
1-2 дня,2026-08-18T22:31:39Z,2026-08-20T15:00:00Z,40.5,15.0,15.2,17.6,-0.2,0.2
1-2 дня,2026-08-18T22:31:39Z,2026-08-20T18:00:00Z,43.5,13.7,13.8,14.6,-0.1,0.1
1-2 дня,2026-08-18T22:31:39Z,2026-08-20T21:00:00Z,46.5,13.8,13.9,15.0,-0.1,0.1
1-2 дня,2026-08-19T04:31:14Z,2026-08-20T06:00:00Z,25.5,15.1,15.0,14.3,0.1,0.1
1-2 дня,2026-08-19T04:31:14Z,2026-08-20T09:00:00Z,28.5,14.9,15.1,17.4,-0.2,0.2
1-2 дня,2026-08-19T04:31:14Z,2026-08-20T12:00:00Z,31.5,16.6,16.7,19.6,-0.1,0.1
1-2 дня,2026-08-19T04:31:14Z,2026-08-20T15:00:00Z,34.5,14.7,15.2,17.6,-0.5,0.5
1-2 дня,2026-08-19T04:31:14Z,2026-08-20T18:00:00Z,37.5,13.8,13.8,14.6,0.0,0.0
1-2 дня,2026-08-19T04:31:14Z,2026-08-20T21:00:00Z,40.5,13.7,13.9,15.0,-0.2,0.2
1-2 дня,2026-08-19T04:31:14Z,2026-08-21T00:00:00Z,43.5,13.1,13.1,15.1,0.0,0.0
1-2 дня,2026-08-19T04:31:14Z,2026-08-21T03:00:00Z,46.5,12.6,12.4,15.2,0.2,0.2
1-2 дня,2026-08-19T10:14:48Z,2026-08-20T12:00:00Z,25.8,15.6,16.7,19.6,-1.1,1.1
1-2 дня,2026-08-19T10:14:48Z,2026-08-20T15:00:00Z,28.8,16.2,15.2,17.6,1.0,1.0
1-2 дня,2026-08-19T10:14:48Z,2026-08-20T18:00:00Z,31.8,14.9,13.8,14.6,1.1,1.1
1-2 дня,2026-08-19T10:14:48Z,2026-08-20T21:00:00Z,34.8,15.1,13.9,15.0,1.2,1.2
1-2 дня,2026-08-19T10:14:48Z,2026-08-21T00:00:00Z,37.8,14.4,13.1,15.1,1.3,1.3
1-2 дня,2026-08-19T10:14:48Z,2026-08-21T03:00:00Z,40.8,13.3,12.4,15.2,0.9,0.9
1-2 дня,2026-08-19T10:14:48Z,2026-08-21T06:00:00Z,43.8,15.8,15.9,15.0,-0.1,0.1
1-2 дня,2026-08-19T10:14:48Z,2026-08-21T09:00:00Z,46.8,18.5,17.9,15.1,0.6,0.6
1-2 дня,2026-08-19T16:28:17Z,2026-08-20T18:00:00Z,25.5,14.9,13.8,14.6,1.1,1.1
1-2 дня,2026-08-19T16:28:17Z,2026-08-20T21:00:00Z,28.5,14.0,13.9,15.0,0.1,0.1
1-2 дня,2026-08-19T16:28:17Z,2026-08-21T00:00:00Z,31.5,13.8,13.1,15.1,0.7,0.7
1-2 дня,2026-08-19T16:28:17Z,2026-08-21T03:00:00Z,34.5,12.6,12.4,15.2,0.2,0.2
1-2 дня,2026-08-19T16:28:17Z,2026-08-21T06:00:00Z,37.5,14.8,15.9,15.0,-1.1,1.1
1-2 дня,2026-08-19T16:28:17Z,2026-08-21T09:00:00Z,40.5,18.9,17.9,15.1,1.0,1.0
1-2 дня,2026-08-19T16:28:17Z,2026-08-21T12:00:00Z,43.5,19.6,18.3,16.7,1.3,1.3
1-2 дня,2026-08-19T16:28:17Z,2026-08-21T15:00:00Z,46.5,18.7,15.5,15.2,3.2,3.2
1-2 дня,2026-08-20T04:31:56Z,2026-08-21T06:00:00Z,25.5,15.8,15.9,15.0,-0.1,0.1
1-2 дня,2026-08-20T04:31:56Z,2026-08-21T09:00:00Z,28.5,18.9,17.9,15.1,1.0,1.0
1-2 дня,2026-08-20T04:31:56Z,2026-08-21T12:00:00Z,31.5,19.6,18.3,16.7,1.3,1.3
1-2 дня,2026-08-20T04:31:56Z,2026-08-21T15:00:00Z,34.5,17.4,15.5,15.2,1.9,1.9
1-2 дня,2026-08-20T04:31:56Z,2026-08-21T18:00:00Z,37.5,14.3,14.0,13.8,0.3,0.3
1-2 дня,2026-08-20T04:31:56Z,2026-08-21T21:00:00Z,40.5,12.9,13.4,13.9,-0.5,0.5
1-2 дня,2026-08-20T04:31:56Z,2026-08-22T00:00:00Z,43.5,13.1,13.5,13.1,-0.4,0.4
1-2 дня,2026-08-20T04:31:56Z,2026-08-22T03:00:00Z,46.5,12.9,14.2,12.4,-1.3,1.3
1-2 дня,2026-08-20T10:16:10Z,2026-08-21T12:00:00Z,25.7,19.5,18.3,16.7,1.2,1.2
1-2 дня,2026-08-20T10:16:10Z,2026-08-21T15:00:00Z,28.7,17.3,15.5,15.2,1.8,1.8
1-2 дня,2026-08-20T10:16:10Z,2026-08-21T18:00:00Z,31.7,14.8,14.0,13.8,0.8,0.8
1-2 дня,2026-08-20T10:16:10Z,2026-08-21T21:00:00Z,34.7,13.3,13.4,13.9,-0.1,0.1
1-2 дня,2026-08-20T10:16:10Z,2026-08-22T00:00:00Z,37.7,13.4,13.5,13.1,-0.1,0.1
1-2 дня,2026-08-20T10:16:10Z,2026-08-22T03:00:00Z,40.7,13.6,14.2,12.4,-0.6,0.6
1-2 дня,2026-08-20T10:16:10Z,2026-08-22T06:00:00Z,43.7,15.1,15.4,15.9,-0.3,0.3
1-2 дня,2026-08-20T10:16:10Z,2026-08-22T09:00:00Z,46.7,16.9,16.3,17.9,0.6,0.6
1-2 дня,2026-08-20T16:31:45Z,2026-08-21T18:00:00Z,25.5,15.0,14.0,13.8,1.0,1.0
1-2 дня,2026-08-20T16:31:45Z,2026-08-21T21:00:00Z,28.5,13.8,13.4,13.9,0.4,0.4
1-2 дня,2026-08-20T16:31:45Z,2026-08-22T00:00:00Z,31.5,13.5,13.5,13.1,0.0,0.0
1-2 дня,2026-08-20T16:31:45Z,2026-08-22T03:00:00Z,34.5,13.5,14.2,12.4,-0.7,0.7
1-2 дня,2026-08-20T16:31:45Z,2026-08-22T06:00:00Z,37.5,14.1,15.4,15.9,-1.3,1.3
1-2 дня,2026-08-20T16:31:45Z,2026-08-22T09:00:00Z,40.5,16.0,16.3,17.9,-0.3,0.3
1-2 дня,2026-08-20T16:31:45Z,2026-08-22T12:00:00Z,43.5,15.0,18.2,18.3,-3.2,3.2
1-2 дня,2026-08-20T16:31:45Z,2026-08-22T15:00:00Z,46.5,16.1,16.2,15.5,-0.1,0.1
1-2 дня,2026-08-20T22:34:58Z,2026-08-22T00:00:00Z,25.4,13.4,13.5,13.1,-0.1,0.1
1-2 дня,2026-08-20T22:34:58Z,2026-08-22T03:00:00Z,28.4,13.7,14.2,12.4,-0.5,0.5
1-2 дня,2026-08-20T22:34:58Z,2026-08-22T06:00:00Z,31.4,15.3,15.4,15.9,-0.1,0.1
1-2 дня,2026-08-20T22:34:58Z,2026-08-22T09:00:00Z,34.4,15.3,16.3,17.9,-1.0,1.0
1-2 дня,2026-08-20T22:34:58Z,2026-08-22T12:00:00Z,37.4,16.0,18.2,18.3,-2.2,2.2
1-2 дня,2026-08-20T22:34:58Z,2026-08-22T15:00:00Z,40.4,15.9,16.2,15.5,-0.3,0.3
1-2 дня,2026-08-20T22:34:58Z,2026-08-22T18:00:00Z,43.4,12.9,12.5,14.0,0.4,0.4
1-2 дня,2026-08-20T22:34:58Z,2026-08-22T21:00:00Z,46.4,11.0,11.1,13.4,-0.1,0.1
1-2 дня,2026-08-21T04:32:20Z,2026-08-22T06:00:00Z,25.5,14.9,15.4,15.9,-0.5,0.5
1-2 дня,2026-08-21T04:32:20Z,2026-08-22T09:00:00Z,28.5,15.5,16.3,17.9,-0.8,0.8
1-2 дня,2026-08-21T04:32:20Z,2026-08-22T12:00:00Z,31.5,17.0,18.2,18.3,-1.2,1.2
1-2 дня,2026-08-21T04:32:20Z,2026-08-22T15:00:00Z,34.5,15.9,16.2,15.5,-0.3,0.3
1-2 дня,2026-08-21T04:32:20Z,2026-08-22T18:00:00Z,37.5,12.7,12.5,14.0,0.2,0.2
1-2 дня,2026-08-21T04:32:20Z,2026-08-22T21:00:00Z,40.5,10.6,11.1,13.4,-0.5,0.5
1-2 дня,2026-08-21T04:32:20Z,2026-08-23T00:00:00Z,43.5,10.3,10.8,13.5,-0.5,0.5
1-2 дня,2026-08-21T04:32:20Z,2026-08-23T03:00:00Z,46.5,10.7,10.5,14.2,0.2,0.2
1-2 дня,2026-08-21T10:16:50Z,2026-08-22T12:00:00Z,25.7,17.1,18.2,18.3,-1.1,1.1
1-2 дня,2026-08-21T10:16:50Z,2026-08-22T15:00:00Z,28.7,15.8,16.2,15.5,-0.4,0.4
1-2 дня,2026-08-21T10:16:50Z,2026-08-22T18:00:00Z,31.7,12.6,12.5,14.0,0.1,0.1
1-2 дня,2026-08-21T10:16:50Z,2026-08-22T21:00:00Z,34.7,10.4,11.1,13.4,-0.7,0.7
1-2 дня,2026-08-21T10:16:50Z,2026-08-23T00:00:00Z,37.7,10.1,10.8,13.5,-0.7,0.7
1-2 дня,2026-08-21T10:16:50Z,2026-08-23T03:00:00Z,40.7,10.6,10.5,14.2,0.1,0.1
1-2 дня,2026-08-21T10:16:50Z,2026-08-23T06:00:00Z,43.7,14.2,15.3,15.4,-1.1,1.1
1-2 дня,2026-08-21T10:16:50Z,2026-08-23T09:00:00Z,46.7,16.7,19.7,16.3,-3.0,3.0
1-2 дня,2026-08-21T16:30:34Z,2026-08-22T18:00:00Z,25.5,12.6,12.5,14.0,0.1,0.1
1-2 дня,2026-08-21T16:30:34Z,2026-08-22T21:00:00Z,28.5,10.8,11.1,13.4,-0.3,0.3
1-2 дня,2026-08-21T16:30:34Z,2026-08-23T00:00:00Z,31.5,10.2,10.8,13.5,-0.6,0.6
1-2 дня,2026-08-21T16:30:34Z,2026-08-23T03:00:00Z,34.5,11.4,10.5,14.2,0.9,0.9
1-2 дня,2026-08-21T16:30:34Z,2026-08-23T06:00:00Z,37.5,14.5,15.3,15.4,-0.8,0.8
1-2 дня,2026-08-21T16:30:34Z,2026-08-23T09:00:00Z,40.5,16.7,19.7,16.3,-3.0,3.0
1-2 дня,2026-08-21T16:30:34Z,2026-08-23T12:00:00Z,43.5,17.7,15.9,18.2,1.8,1.8
1-2 дня,2026-08-21T16:30:34Z,2026-08-23T15:00:00Z,46.5,14.7,14.0,16.2,0.7,0.7
1-2 дня,2026-08-21T22:32:12Z,2026-08-23T00:00:00Z,25.5,10.4,10.8,13.5,-0.4,0.4
1-2 дня,2026-08-21T22:32:12Z,2026-08-23T03:00:00Z,28.5,11.4,10.5,14.2,0.9,0.9
1-2 дня,2026-08-21T22:32:12Z,2026-08-23T06:00:00Z,31.5,14.0,15.3,15.4,-1.3,1.3
1-2 дня,2026-08-21T22:32:12Z,2026-08-23T09:00:00Z,34.5,16.1,19.7,16.3,-3.6,3.6
1-2 дня,2026-08-21T22:32:12Z,2026-08-23T12:00:00Z,37.5,16.0,15.9,18.2,0.1,0.1
1-2 дня,2026-08-21T22:32:12Z,2026-08-23T15:00:00Z,40.5,14.7,14.0,16.2,0.7,0.7
1-2 дня,2026-08-21T22:32:12Z,2026-08-23T18:00:00Z,43.5,13.9,13.2,12.5,0.7,0.7
1-2 дня,2026-08-21T22:32:12Z,2026-08-23T21:00:00Z,46.5,13.7,13.5,11.1,0.2,0.2
1-2 дня,2026-08-22T04:26:43Z,2026-08-23T06:00:00Z,25.6,13.8,15.3,15.4,-1.5,1.5
1-2 дня,2026-08-22T04:26:43Z,2026-08-23T09:00:00Z,28.6,17.9,19.7,16.3,-1.8,1.8
1-2 дня,2026-08-22T04:26:43Z,2026-08-23T12:00:00Z,31.6,17.0,15.9,18.2,1.1,1.1
1-2 дня,2026-08-22T04:26:43Z,2026-08-23T15:00:00Z,34.6,14.7,14.0,16.2,0.7,0.7
1-2 дня,2026-08-22T04:26:43Z,2026-08-23T18:00:00Z,37.6,14.0,13.2,12.5,0.8,0.8
1-2 дня,2026-08-22T04:26:43Z,2026-08-23T21:00:00Z,40.6,13.6,13.5,11.1,0.1,0.1
1-2 дня,2026-08-22T04:26:43Z,2026-08-24T00:00:00Z,43.6,13.9,13.8,10.8,0.1,0.1
1-2 дня,2026-08-22T04:26:43Z,2026-08-24T03:00:00Z,46.6,13.9,14.1,10.5,-0.2,0.2
1-2 дня,2026-08-22T10:09:41Z,2026-08-23T12:00:00Z,25.8,16.1,15.9,18.2,0.2,0.2
1-2 дня,2026-08-22T10:09:41Z,2026-08-23T15:00:00Z,28.8,14.5,14.0,16.2,0.5,0.5
1-2 дня,2026-08-22T10:09:41Z,2026-08-23T18:00:00Z,31.8,13.4,13.2,12.5,0.2,0.2
1-2 дня,2026-08-22T10:09:41Z,2026-08-23T21:00:00Z,34.8,13.2,13.5,11.1,-0.3,0.3
1-2 дня,2026-08-22T10:09:41Z,2026-08-24T00:00:00Z,37.8,13.6,13.8,10.8,-0.2,0.2
1-2 дня,2026-08-22T10:09:41Z,2026-08-24T03:00:00Z,40.8,13.7,14.1,10.5,-0.4,0.4
1-2 дня,2026-08-22T10:09:41Z,2026-08-24T06:00:00Z,43.8,14.3,14.4,15.3,-0.1,0.1
1-2 дня,2026-08-22T10:09:41Z,2026-08-24T09:00:00Z,46.8,16.3,15.7,19.7,0.6,0.6
1-2 дня,2026-08-22T16:20:08Z,2026-08-23T18:00:00Z,25.7,13.5,13.2,12.5,0.3,0.3
1-2 дня,2026-08-22T16:20:08Z,2026-08-23T21:00:00Z,28.7,13.6,13.5,11.1,0.1,0.1
1-2 дня,2026-08-22T16:20:08Z,2026-08-24T00:00:00Z,31.7,14.1,13.8,10.8,0.3,0.3
1-2 дня,2026-08-22T16:20:08Z,2026-08-24T03:00:00Z,34.7,13.7,14.1,10.5,-0.4,0.4
1-2 дня,2026-08-22T16:20:08Z,2026-08-24T06:00:00Z,37.7,15.2,14.4,15.3,0.8,0.8
1-2 дня,2026-08-22T16:20:08Z,2026-08-24T09:00:00Z,40.7,15.4,15.7,19.7,-0.3,0.3
1-2 дня,2026-08-22T16:20:08Z,2026-08-24T12:00:00Z,43.7,16.0,17.8,15.9,-1.8,1.8
1-2 дня,2026-08-22T16:20:08Z,2026-08-24T15:00:00Z,46.7,14.6,15.6,14.0,-1.0,1.0
1-2 дня,2026-08-22T22:29:28Z,2026-08-24T00:00:00Z,25.5,13.8,13.8,10.8,0.0,0.0
1-2 дня,2026-08-22T22:29:28Z,2026-08-24T03:00:00Z,28.5,13.8,14.1,10.5,-0.3,0.3
1-2 дня,2026-08-22T22:29:28Z,2026-08-24T06:00:00Z,31.5,14.6,14.4,15.3,0.2,0.2
1-2 дня,2026-08-22T22:29:28Z,2026-08-24T09:00:00Z,34.5,15.7,15.7,19.7,0.0,0.0
1-2 дня,2026-08-22T22:29:28Z,2026-08-24T12:00:00Z,37.5,15.0,17.8,15.9,-2.8,2.8
1-2 дня,2026-08-22T22:29:28Z,2026-08-24T15:00:00Z,40.5,15.1,15.6,14.0,-0.5,0.5
1-2 дня,2026-08-22T22:29:28Z,2026-08-24T18:00:00Z,43.5,13.7,14.5,13.2,-0.8,0.8
1-2 дня,2026-08-22T22:29:28Z,2026-08-24T21:00:00Z,46.5,13.2,14.1,13.5,-0.9,0.9
1-2 дня,2026-08-23T04:31:06Z,2026-08-24T06:00:00Z,25.5,14.7,14.4,15.3,0.3,0.3
1-2 дня,2026-08-23T04:31:06Z,2026-08-24T09:00:00Z,28.5,15.8,15.7,19.7,0.1,0.1
1-2 дня,2026-08-23T04:31:06Z,2026-08-24T12:00:00Z,31.5,15.4,17.8,15.9,-2.4,2.4
1-2 дня,2026-08-23T04:31:06Z,2026-08-24T15:00:00Z,34.5,14.8,15.6,14.0,-0.8,0.8
1-2 дня,2026-08-23T04:31:06Z,2026-08-24T18:00:00Z,37.5,13.7,14.5,13.2,-0.8,0.8
1-2 дня,2026-08-23T04:31:06Z,2026-08-24T21:00:00Z,40.5,13.5,14.1,13.5,-0.6,0.6
1-2 дня,2026-08-23T04:31:06Z,2026-08-25T00:00:00Z,43.5,13.3,14.0,13.8,-0.7,0.7
1-2 дня,2026-08-23T04:31:06Z,2026-08-25T03:00:00Z,46.5,12.7,13.5,14.1,-0.8,0.8
1-2 дня,2026-08-23T10:10:14Z,2026-08-24T12:00:00Z,25.8,15.7,17.8,15.9,-2.1,2.1
1-2 дня,2026-08-23T10:10:14Z,2026-08-24T15:00:00Z,28.8,15.1,15.6,14.0,-0.5,0.5
1-2 дня,2026-08-23T10:10:14Z,2026-08-24T18:00:00Z,31.8,14.2,14.5,13.2,-0.3,0.3
1-2 дня,2026-08-23T10:10:14Z,2026-08-24T21:00:00Z,34.8,13.7,14.1,13.5,-0.4,0.4
1-2 дня,2026-08-23T10:10:14Z,2026-08-25T00:00:00Z,37.8,12.6,14.0,13.8,-1.4,1.4
1-2 дня,2026-08-23T10:10:14Z,2026-08-25T03:00:00Z,40.8,12.2,13.5,14.1,-1.3,1.3
1-2 дня,2026-08-23T10:10:14Z,2026-08-25T06:00:00Z,43.8,12.4,13.0,14.4,-0.6,0.6
1-2 дня,2026-08-23T10:10:14Z,2026-08-25T09:00:00Z,46.8,13.0,13.7,15.7,-0.7,0.7
1-2 дня,2026-08-23T16:21:17Z,2026-08-24T18:00:00Z,25.6,13.6,14.5,13.2,-0.9,0.9
1-2 дня,2026-08-23T16:21:17Z,2026-08-24T21:00:00Z,28.6,13.4,14.1,13.5,-0.7,0.7
1-2 дня,2026-08-23T16:21:17Z,2026-08-25T00:00:00Z,31.6,12.6,14.0,13.8,-1.4,1.4
1-2 дня,2026-08-23T16:21:17Z,2026-08-25T03:00:00Z,34.6,12.5,13.5,14.1,-1.0,1.0
1-2 дня,2026-08-23T16:21:17Z,2026-08-25T06:00:00Z,37.6,12.5,13.0,14.4,-0.5,0.5
1-2 дня,2026-08-23T16:21:17Z,2026-08-25T09:00:00Z,40.6,14.0,13.7,15.7,0.3,0.3
1-2 дня,2026-08-23T16:21:17Z,2026-08-25T12:00:00Z,43.6,14.4,14.8,17.8,-0.4,0.4
1-2 дня,2026-08-23T16:21:17Z,2026-08-25T15:00:00Z,46.6,13.1,13.4,15.6,-0.3,0.3
1-2 дня,2026-08-23T22:29:36Z,2026-08-25T00:00:00Z,25.5,12.3,14.0,13.8,-1.7,1.7
1-2 дня,2026-08-23T22:29:36Z,2026-08-25T03:00:00Z,28.5,12.0,13.5,14.1,-1.5,1.5
1-2 дня,2026-08-23T22:29:36Z,2026-08-25T06:00:00Z,31.5,12.6,13.0,14.4,-0.4,0.4
1-2 дня,2026-08-23T22:29:36Z,2026-08-25T09:00:00Z,34.5,13.3,13.7,15.7,-0.4,0.4
1-2 дня,2026-08-23T22:29:36Z,2026-08-25T12:00:00Z,37.5,14.5,14.8,17.8,-0.3,0.3
1-2 дня,2026-08-23T22:29:36Z,2026-08-25T15:00:00Z,40.5,13.2,13.4,15.6,-0.2,0.2
1-2 дня,2026-08-23T22:29:36Z,2026-08-25T18:00:00Z,43.5,12.0,10.8,14.5,1.2,1.2
1-2 дня,2026-08-23T22:29:36Z,2026-08-25T21:00:00Z,46.5,9.3,8.9,14.1,0.4,0.4
1-2 дня,2026-08-24T04:38:48Z,2026-08-25T06:00:00Z,25.4,12.7,13.0,14.4,-0.3,0.3
1-2 дня,2026-08-24T04:38:48Z,2026-08-25T09:00:00Z,28.4,13.7,13.7,15.7,0.0,0.0
1-2 дня,2026-08-24T04:38:48Z,2026-08-25T12:00:00Z,31.4,14.3,14.8,17.8,-0.5,0.5
1-2 дня,2026-08-24T04:38:48Z,2026-08-25T15:00:00Z,34.4,13.2,13.4,15.6,-0.2,0.2
1-2 дня,2026-08-24T04:38:48Z,2026-08-25T18:00:00Z,37.4,11.9,10.8,14.5,1.1,1.1
1-2 дня,2026-08-24T04:38:48Z,2026-08-25T21:00:00Z,40.4,9.3,8.9,14.1,0.4,0.4
1-2 дня,2026-08-24T04:38:48Z,2026-08-26T00:00:00Z,43.4,8.6,9.2,14.0,-0.6,0.6
1-2 дня,2026-08-24T04:38:48Z,2026-08-26T03:00:00Z,46.4,10.9,9.8,13.5,1.1,1.1
1-2 дня,2026-08-24T10:24:38Z,2026-08-25T12:00:00Z,25.6,14.2,14.8,17.8,-0.6,0.6
1-2 дня,2026-08-24T10:24:38Z,2026-08-25T15:00:00Z,28.6,13.2,13.4,15.6,-0.2,0.2
1-2 дня,2026-08-24T10:24:38Z,2026-08-25T18:00:00Z,31.6,11.9,10.8,14.5,1.1,1.1
1-2 дня,2026-08-24T10:24:38Z,2026-08-25T21:00:00Z,34.6,8.9,8.9,14.1,0.0,0.0
1-2 дня,2026-08-24T10:24:38Z,2026-08-26T00:00:00Z,37.6,8.8,9.2,14.0,-0.4,0.4
1-2 дня,2026-08-24T10:24:38Z,2026-08-26T03:00:00Z,40.6,10.7,9.8,13.5,0.9,0.9
1-2 дня,2026-08-24T10:24:38Z,2026-08-26T06:00:00Z,43.6,11.3,12.8,13.0,-1.5,1.5
1-2 дня,2026-08-24T10:24:38Z,2026-08-26T09:00:00Z,46.6,13.3,14.3,13.7,-1.0,1.0
1-2 дня,2026-08-24T16:34:00Z,2026-08-25T18:00:00Z,25.4,11.9,10.8,14.5,1.1,1.1
1-2 дня,2026-08-24T16:34:00Z,2026-08-25T21:00:00Z,28.4,9.6,8.9,14.1,0.7,0.7
1-2 дня,2026-08-24T16:34:00Z,2026-08-26T00:00:00Z,31.4,8.7,9.2,14.0,-0.5,0.5
1-2 дня,2026-08-24T16:34:00Z,2026-08-26T03:00:00Z,34.4,10.3,9.8,13.5,0.5,0.5
1-2 дня,2026-08-24T16:34:00Z,2026-08-26T06:00:00Z,37.4,13.1,12.8,13.0,0.3,0.3
1-2 дня,2026-08-24T16:34:00Z,2026-08-26T09:00:00Z,40.4,13.0,14.3,13.7,-1.3,1.3
1-2 дня,2026-08-24T16:34:00Z,2026-08-26T12:00:00Z,43.4,10.9,11.8,14.8,-0.9,0.9
1-2 дня,2026-08-24T16:34:00Z,2026-08-26T15:00:00Z,46.4,11.0,11.7,13.4,-0.7,0.7
1-2 дня,2026-08-24T22:34:40Z,2026-08-26T00:00:00Z,25.4,8.9,9.2,14.0,-0.3,0.3
1-2 дня,2026-08-24T22:34:40Z,2026-08-26T03:00:00Z,28.4,10.7,9.8,13.5,0.9,0.9
1-2 дня,2026-08-24T22:34:40Z,2026-08-26T06:00:00Z,31.4,12.8,12.8,13.0,0.0,0.0
1-2 дня,2026-08-24T22:34:40Z,2026-08-26T09:00:00Z,34.4,12.4,14.3,13.7,-1.9,1.9
1-2 дня,2026-08-24T22:34:40Z,2026-08-26T12:00:00Z,37.4,11.4,11.8,14.8,-0.4,0.4
1-2 дня,2026-08-24T22:34:40Z,2026-08-26T15:00:00Z,40.4,10.9,11.7,13.4,-0.8,0.8
1-2 дня,2026-08-24T22:34:40Z,2026-08-26T18:00:00Z,43.4,7.3,5.3,10.8,2.0,2.0
1-2 дня,2026-08-24T22:34:40Z,2026-08-26T21:00:00Z,46.4,8.0,3.2,8.9,4.8,4.8
1-2 дня,2026-08-25T04:33:15Z,2026-08-26T06:00:00Z,25.4,13.6,12.8,13.0,0.8,0.8
1-2 дня,2026-08-25T04:33:15Z,2026-08-26T09:00:00Z,28.4,13.5,14.3,13.7,-0.8,0.8
1-2 дня,2026-08-25T04:33:15Z,2026-08-26T12:00:00Z,31.4,10.5,11.8,14.8,-1.3,1.3
1-2 дня,2026-08-25T04:33:15Z,2026-08-26T15:00:00Z,34.4,10.5,11.7,13.4,-1.2,1.2
1-2 дня,2026-08-25T04:33:15Z,2026-08-26T18:00:00Z,37.4,7.6,5.3,10.8,2.3,2.3
1-2 дня,2026-08-25T04:33:15Z,2026-08-26T21:00:00Z,40.4,7.3,3.2,8.9,4.1,4.1
1-2 дня,2026-08-25T04:33:15Z,2026-08-27T00:00:00Z,43.4,7.1,2.6,9.2,4.5,4.5
1-2 дня,2026-08-25T04:33:15Z,2026-08-27T03:00:00Z,46.4,8.3,6.1,9.8,2.2,2.2
1-2 дня,2026-08-25T10:18:20Z,2026-08-26T12:00:00Z,25.7,13.0,11.8,14.8,1.2,1.2
1-2 дня,2026-08-25T10:18:20Z,2026-08-26T15:00:00Z,28.7,11.1,11.7,13.4,-0.6,0.6
1-2 дня,2026-08-25T10:18:20Z,2026-08-26T18:00:00Z,31.7,8.5,5.3,10.8,3.2,3.2
1-2 дня,2026-08-25T10:18:20Z,2026-08-26T21:00:00Z,34.7,7.2,3.2,8.9,4.0,4.0
1-2 дня,2026-08-25T10:18:20Z,2026-08-27T00:00:00Z,37.7,7.9,2.6,9.2,5.3,5.3
1-2 дня,2026-08-25T10:18:20Z,2026-08-27T03:00:00Z,40.7,8.1,6.1,9.8,2.0,2.0
1-2 дня,2026-08-25T10:18:20Z,2026-08-27T06:00:00Z,43.7,10.7,9.9,12.8,0.8,0.8
1-2 дня,2026-08-25T10:18:20Z,2026-08-27T09:00:00Z,46.7,10.8,11.2,14.3,-0.4,0.4
1-2 дня,2026-08-25T16:33:53Z,2026-08-26T18:00:00Z,25.4,7.7,5.3,10.8,2.4,2.4
1-2 дня,2026-08-25T16:33:53Z,2026-08-26T21:00:00Z,28.4,7.5,3.2,8.9,4.3,4.3
1-2 дня,2026-08-25T16:33:53Z,2026-08-27T00:00:00Z,31.4,8.2,2.6,9.2,5.6,5.6
1-2 дня,2026-08-25T16:33:53Z,2026-08-27T03:00:00Z,34.4,7.9,6.1,9.8,1.8,1.8
1-2 дня,2026-08-25T16:33:53Z,2026-08-27T06:00:00Z,37.4,10.5,9.9,12.8,0.6,0.6
1-2 дня,2026-08-25T16:33:53Z,2026-08-27T09:00:00Z,40.4,10.9,11.2,14.3,-0.3,0.3
1-2 дня,2026-08-25T16:33:53Z,2026-08-27T12:00:00Z,43.4,10.2,11.3,11.8,-1.1,1.1
1-2 дня,2026-08-25T16:33:53Z,2026-08-27T15:00:00Z,46.4,9.8,9.8,11.7,0.0,0.0
1-2 дня,2026-08-25T22:34:48Z,2026-08-27T00:00:00Z,25.4,8.7,2.6,9.2,6.1,6.1
1-2 дня,2026-08-25T22:34:48Z,2026-08-27T03:00:00Z,28.4,8.5,6.1,9.8,2.4,2.4
1-2 дня,2026-08-25T22:34:48Z,2026-08-27T06:00:00Z,31.4,10.7,9.9,12.8,0.8,0.8
1-2 дня,2026-08-25T22:34:48Z,2026-08-27T09:00:00Z,34.4,11.2,11.2,14.3,0.0,0.0
1-2 дня,2026-08-25T22:34:48Z,2026-08-27T12:00:00Z,37.4,10.0,11.3,11.8,-1.3,1.3
1-2 дня,2026-08-25T22:34:48Z,2026-08-27T15:00:00Z,40.4,9.8,9.8,11.7,0.0,0.0
1-2 дня,2026-08-25T22:34:48Z,2026-08-27T18:00:00Z,43.4,8.6,9.3,5.3,-0.7,0.7
1-2 дня,2026-08-25T22:34:48Z,2026-08-27T21:00:00Z,46.4,9.0,7.0,3.2,2.0,2.0
1-2 дня,2026-08-26T04:34:15Z,2026-08-27T06:00:00Z,25.4,10.7,9.9,12.8,0.8,0.8
1-2 дня,2026-08-26T04:34:15Z,2026-08-27T09:00:00Z,28.4,10.9,11.2,14.3,-0.3,0.3
1-2 дня,2026-08-26T04:34:15Z,2026-08-27T12:00:00Z,31.4,9.9,11.3,11.8,-1.4,1.4
1-2 дня,2026-08-26T04:34:15Z,2026-08-27T15:00:00Z,34.4,9.9,9.8,11.7,0.1,0.1
1-2 дня,2026-08-26T04:34:15Z,2026-08-27T18:00:00Z,37.4,8.9,9.3,5.3,-0.4,0.4
1-2 дня,2026-08-26T04:34:15Z,2026-08-27T21:00:00Z,40.4,8.8,7.0,3.2,1.8,1.8
1-2 дня,2026-08-26T04:34:15Z,2026-08-28T00:00:00Z,43.4,8.1,6.7,2.6,1.4,1.4
1-2 дня,2026-08-26T04:34:15Z,2026-08-28T03:00:00Z,46.4,8.3,6.3,6.1,2.0,2.0
1-2 дня,2026-08-26T10:21:58Z,2026-08-27T12:00:00Z,25.6,10.5,11.3,11.8,-0.8,0.8
1-2 дня,2026-08-26T10:21:58Z,2026-08-27T15:00:00Z,28.6,9.1,9.8,11.7,-0.7,0.7
1-2 дня,2026-08-26T10:21:58Z,2026-08-27T18:00:00Z,31.6,8.2,9.3,5.3,-1.1,1.1
1-2 дня,2026-08-26T10:21:58Z,2026-08-27T21:00:00Z,34.6,8.3,7.0,3.2,1.3,1.3
1-2 дня,2026-08-26T10:21:58Z,2026-08-28T00:00:00Z,37.6,7.6,6.7,2.6,0.9,0.9
1-2 дня,2026-08-26T10:21:58Z,2026-08-28T03:00:00Z,40.6,8.1,6.3,6.1,1.8,1.8
1-2 дня,2026-08-26T10:21:58Z,2026-08-28T06:00:00Z,43.6,8.3,8.8,9.9,-0.5,0.5
1-2 дня,2026-08-26T10:21:58Z,2026-08-28T09:00:00Z,46.6,9.4,9.6,11.2,-0.2,0.2
1-2 дня,2026-08-26T16:46:17Z,2026-08-27T18:00:00Z,25.2,8.1,9.3,5.3,-1.2,1.2
1-2 дня,2026-08-26T16:46:17Z,2026-08-27T21:00:00Z,28.2,7.9,7.0,3.2,0.9,0.9
1-2 дня,2026-08-26T16:46:17Z,2026-08-28T00:00:00Z,31.2,8.1,6.7,2.6,1.4,1.4
1-2 дня,2026-08-26T16:46:17Z,2026-08-28T03:00:00Z,34.2,8.3,6.3,6.1,2.0,2.0
1-2 дня,2026-08-26T16:46:17Z,2026-08-28T06:00:00Z,37.2,8.4,8.8,9.9,-0.4,0.4
1-2 дня,2026-08-26T16:46:17Z,2026-08-28T09:00:00Z,40.2,9.5,9.6,11.2,-0.1,0.1
1-2 дня,2026-08-26T16:46:17Z,2026-08-28T12:00:00Z,43.2,9.9,10.7,11.3,-0.8,0.8
1-2 дня,2026-08-26T16:46:17Z,2026-08-28T15:00:00Z,46.2,10.1,10.1,9.8,0.0,0.0
1-2 дня,2026-08-27T03:02:51Z,2026-08-28T06:00:00Z,27.0,9.0,8.8,9.9,0.2,0.2
1-2 дня,2026-08-27T03:02:51Z,2026-08-28T09:00:00Z,30.0,9.5,9.6,11.2,-0.1,0.1
1-2 дня,2026-08-27T03:02:51Z,2026-08-28T12:00:00Z,33.0,9.6,10.7,11.3,-1.1,1.1
1-2 дня,2026-08-27T03:02:51Z,2026-08-28T15:00:00Z,36.0,10.0,10.1,9.8,-0.1,0.1
1-2 дня,2026-08-27T03:02:51Z,2026-08-28T18:00:00Z,39.0,8.0,4.9,9.3,3.1,3.1
1-2 дня,2026-08-27T03:02:51Z,2026-08-28T21:00:00Z,42.0,6.8,2.9,7.0,3.9,3.9
1-2 дня,2026-08-27T03:02:51Z,2026-08-29T00:00:00Z,45.0,5.1,2.0,6.7,3.1,3.1
1-2 дня,2026-08-27T03:02:51Z,2026-08-29T03:00:00Z,48.0,5.3,0.8,6.3,4.5,4.5
1-2 дня,2026-08-27T14:55:44Z,2026-08-28T15:00:00Z,24.1,10.4,10.1,9.8,0.3,0.3
1-2 дня,2026-08-27T14:55:44Z,2026-08-28T18:00:00Z,27.1,8.1,4.9,9.3,3.2,3.2
1-2 дня,2026-08-27T14:55:44Z,2026-08-28T21:00:00Z,30.1,7.4,2.9,7.0,4.5,4.5
1-2 дня,2026-08-27T14:55:44Z,2026-08-29T00:00:00Z,33.1,5.9,2.0,6.7,3.9,3.9
1-2 дня,2026-08-27T14:55:44Z,2026-08-29T03:00:00Z,36.1,5.9,0.8,6.3,5.1,5.1
1-2 дня,2026-08-27T14:55:44Z,2026-08-29T06:00:00Z,39.1,9.8,9.4,8.8,0.4,0.4
1-2 дня,2026-08-27T14:55:44Z,2026-08-29T09:00:00Z,42.1,12.8,13.1,9.6,-0.3,0.3
1-2 дня,2026-08-27T14:55:44Z,2026-08-29T12:00:00Z,45.1,13.5,14.9,10.7,-1.4,1.4
1-2 дня,2026-08-27T20:01:22Z,2026-08-28T21:00:00Z,25.0,7.7,2.9,7.0,4.8,4.8
1-2 дня,2026-08-27T20:01:22Z,2026-08-29T00:00:00Z,28.0,6.1,2.0,6.7,4.1,4.1
1-2 дня,2026-08-27T20:01:22Z,2026-08-29T03:00:00Z,31.0,5.8,0.8,6.3,5.0,5.0
1-2 дня,2026-08-27T20:01:22Z,2026-08-29T06:00:00Z,34.0,9.4,9.4,8.8,0.0,0.0
1-2 дня,2026-08-27T20:01:22Z,2026-08-29T09:00:00Z,37.0,12.5,13.1,9.6,-0.6,0.6
1-2 дня,2026-08-27T20:01:22Z,2026-08-29T12:00:00Z,40.0,13.4,14.9,10.7,-1.5,1.5
1-2 дня,2026-08-27T20:01:22Z,2026-08-29T15:00:00Z,43.0,12.3,14.6,10.1,-2.3,2.3
1-2 дня,2026-08-27T20:01:22Z,2026-08-29T18:00:00Z,46.0,8.0,5.6,4.9,2.4,2.4
1-2 дня,2026-08-28T00:44:37Z,2026-08-29T03:00:00Z,26.3,5.8,0.8,6.3,5.0,5.0
1-2 дня,2026-08-28T00:44:37Z,2026-08-29T06:00:00Z,29.3,9.4,9.4,8.8,0.0,0.0
1-2 дня,2026-08-28T00:44:37Z,2026-08-29T09:00:00Z,32.3,12.5,13.1,9.6,-0.6,0.6
1-2 дня,2026-08-28T00:44:37Z,2026-08-29T12:00:00Z,35.3,13.4,14.9,10.7,-1.5,1.5
1-2 дня,2026-08-28T00:44:37Z,2026-08-29T15:00:00Z,38.3,12.3,14.6,10.1,-2.3,2.3
1-2 дня,2026-08-28T00:44:37Z,2026-08-29T18:00:00Z,41.3,8.0,5.6,4.9,2.4,2.4
1-2 дня,2026-08-28T00:44:37Z,2026-08-29T21:00:00Z,44.3,6.8,2.9,2.9,3.9,3.9
1-2 дня,2026-08-28T00:44:37Z,2026-08-30T00:00:00Z,47.3,5.1,6.0,2.0,-0.9,0.9
1-2 дня,2026-08-28T06:03:31Z,2026-08-29T09:00:00Z,26.9,12.4,13.1,9.6,-0.7,0.7
1-2 дня,2026-08-28T06:03:31Z,2026-08-29T12:00:00Z,29.9,13.2,14.9,10.7,-1.7,1.7
1-2 дня,2026-08-28T06:03:31Z,2026-08-29T15:00:00Z,32.9,12.0,14.6,10.1,-2.6,2.6
1-2 дня,2026-08-28T06:03:31Z,2026-08-29T18:00:00Z,35.9,7.9,5.6,4.9,2.3,2.3
1-2 дня,2026-08-28T06:03:31Z,2026-08-29T21:00:00Z,38.9,6.9,2.9,2.9,4.0,4.0
1-2 дня,2026-08-28T06:03:31Z,2026-08-30T00:00:00Z,41.9,5.2,6.0,2.0,-0.8,0.8
1-2 дня,2026-08-28T06:03:31Z,2026-08-30T03:00:00Z,44.9,5.9,6.3,0.8,-0.4,0.4
1-2 дня,2026-08-28T06:03:31Z,2026-08-30T06:00:00Z,47.9,10.6,9.1,9.4,1.5,1.5
1-2 дня,2026-08-28T15:51:06Z,2026-08-29T18:00:00Z,26.1,9.1,5.6,4.9,3.5,3.5
1-2 дня,2026-08-28T15:51:06Z,2026-08-29T21:00:00Z,29.1,7.7,2.9,2.9,4.8,4.8
1-2 дня,2026-08-28T15:51:06Z,2026-08-30T00:00:00Z,32.1,6.1,6.0,2.0,0.1,0.1
1-2 дня,2026-08-28T15:51:06Z,2026-08-30T03:00:00Z,35.1,6.3,6.3,0.8,0.0,0.0
1-2 дня,2026-08-28T15:51:06Z,2026-08-30T06:00:00Z,38.1,10.8,9.1,9.4,1.7,1.7
1-2 дня,2026-08-28T15:51:06Z,2026-08-30T09:00:00Z,41.1,15.0,14.9,13.1,0.1,0.1
1-2 дня,2026-08-28T15:51:06Z,2026-08-30T12:00:00Z,44.1,16.2,17.2,14.9,-1.0,1.0
1-2 дня,2026-08-28T15:51:06Z,2026-08-30T15:00:00Z,47.1,14.5,15.6,14.6,-1.1,1.1
1-2 дня,2026-08-29T00:23:24Z,2026-08-30T03:00:00Z,26.6,7.0,6.3,0.8,0.7,0.7
1-2 дня,2026-08-29T00:23:24Z,2026-08-30T06:00:00Z,29.6,11.1,9.1,9.4,2.0,2.0
1-2 дня,2026-08-29T00:23:24Z,2026-08-30T09:00:00Z,32.6,15.3,14.9,13.1,0.4,0.4
1-2 дня,2026-08-29T00:23:24Z,2026-08-30T12:00:00Z,35.6,16.7,17.2,14.9,-0.5,0.5
1-2 дня,2026-08-29T00:23:24Z,2026-08-30T15:00:00Z,38.6,14.9,15.6,14.6,-0.7,0.7
1-2 дня,2026-08-29T00:23:24Z,2026-08-30T18:00:00Z,41.6,11.0,12.1,5.6,-1.1,1.1
1-2 дня,2026-08-29T00:23:24Z,2026-08-30T21:00:00Z,44.6,9.3,9.9,2.9,-0.6,0.6
1-2 дня,2026-08-29T00:23:24Z,2026-08-31T00:00:00Z,47.6,8.0,9.7,6.0,-1.7,1.7
1-2 дня,2026-08-29T03:37:28Z,2026-08-30T06:00:00Z,26.4,10.8,9.1,9.4,1.7,1.7
1-2 дня,2026-08-29T03:37:28Z,2026-08-30T09:00:00Z,29.4,14.9,14.9,13.1,0.0,0.0
1-2 дня,2026-08-29T03:37:28Z,2026-08-30T12:00:00Z,32.4,16.2,17.2,14.9,-1.0,1.0
1-2 дня,2026-08-29T03:37:28Z,2026-08-30T15:00:00Z,35.4,14.6,15.6,14.6,-1.0,1.0
1-2 дня,2026-08-29T03:37:28Z,2026-08-30T18:00:00Z,38.4,10.5,12.1,5.6,-1.6,1.6
1-2 дня,2026-08-29T03:37:28Z,2026-08-30T21:00:00Z,41.4,8.6,9.9,2.9,-1.3,1.3
1-2 дня,2026-08-29T03:37:28Z,2026-08-31T00:00:00Z,44.4,7.6,9.7,6.0,-2.1,2.1
1-2 дня,2026-08-29T03:37:28Z,2026-08-31T03:00:00Z,47.4,7.5,8.9,6.3,-1.4,1.4
1-2 дня,2026-08-29T10:40:21Z,2026-08-30T12:00:00Z,25.3,17.0,17.2,14.9,-0.2,0.2
1-2 дня,2026-08-29T10:40:21Z,2026-08-30T15:00:00Z,28.3,15.4,15.6,14.6,-0.2,0.2
1-2 дня,2026-08-29T10:40:21Z,2026-08-30T18:00:00Z,31.3,11.7,12.1,5.6,-0.4,0.4
1-2 дня,2026-08-29T10:40:21Z,2026-08-30T21:00:00Z,34.3,9.8,9.9,2.9,-0.1,0.1
1-2 дня,2026-08-29T10:40:21Z,2026-08-31T00:00:00Z,37.3,9.1,9.7,6.0,-0.6,0.6
1-2 дня,2026-08-29T10:40:21Z,2026-08-31T03:00:00Z,40.3,8.8,8.9,6.3,-0.1,0.1
1-2 дня,2026-08-29T10:40:21Z,2026-08-31T06:00:00Z,43.3,12.1,11.6,9.1,0.5,0.5
1-2 дня,2026-08-29T10:40:21Z,2026-08-31T09:00:00Z,46.3,16.7,15.6,14.9,1.1,1.1
1-2 дня,2026-08-29T14:43:22Z,2026-08-30T15:00:00Z,24.3,15.3,15.6,14.6,-0.3,0.3
1-2 дня,2026-08-29T14:43:22Z,2026-08-30T18:00:00Z,27.3,11.3,12.1,5.6,-0.8,0.8
1-2 дня,2026-08-29T14:43:22Z,2026-08-30T21:00:00Z,30.3,9.4,9.9,2.9,-0.5,0.5
1-2 дня,2026-08-29T14:43:22Z,2026-08-31T00:00:00Z,33.3,8.3,9.7,6.0,-1.4,1.4
1-2 дня,2026-08-29T14:43:22Z,2026-08-31T03:00:00Z,36.3,8.3,8.9,6.3,-0.6,0.6
1-2 дня,2026-08-29T14:43:22Z,2026-08-31T06:00:00Z,39.3,12.2,11.6,9.1,0.6,0.6
1-2 дня,2026-08-29T14:43:22Z,2026-08-31T09:00:00Z,42.3,17.0,15.6,14.9,1.4,1.4
1-2 дня,2026-08-29T14:43:22Z,2026-08-31T12:00:00Z,45.3,18.1,15.7,17.2,2.4,2.4
1-2 дня,2026-08-29T19:10:40Z,2026-08-30T21:00:00Z,25.8,9.4,9.9,2.9,-0.5,0.5
1-2 дня,2026-08-29T19:10:40Z,2026-08-31T00:00:00Z,28.8,8.3,9.7,6.0,-1.4,1.4
1-2 дня,2026-08-29T19:10:40Z,2026-08-31T03:00:00Z,31.8,8.3,8.9,6.3,-0.6,0.6
1-2 дня,2026-08-29T19:10:40Z,2026-08-31T06:00:00Z,34.8,12.2,11.6,9.1,0.6,0.6
1-2 дня,2026-08-29T19:10:40Z,2026-08-31T09:00:00Z,37.8,17.0,15.6,14.9,1.4,1.4
1-2 дня,2026-08-29T19:10:40Z,2026-08-31T12:00:00Z,40.8,18.1,15.7,17.2,2.4,2.4
1-2 дня,2026-08-29T19:10:40Z,2026-08-31T15:00:00Z,43.8,17.1,15.0,15.6,2.1,2.1
1-2 дня,2026-08-29T19:10:40Z,2026-08-31T18:00:00Z,46.8,14.8,13.9,12.1,0.9,0.9
1-2 дня,2026-08-30T00:04:13Z,2026-08-31T03:00:00Z,26.9,9.4,8.9,6.3,0.5,0.5
1-2 дня,2026-08-30T00:04:13Z,2026-08-31T06:00:00Z,29.9,11.9,11.6,9.1,0.3,0.3
1-2 дня,2026-08-30T00:04:13Z,2026-08-31T09:00:00Z,32.9,15.7,15.6,14.9,0.1,0.1
1-2 дня,2026-08-30T00:04:13Z,2026-08-31T12:00:00Z,35.9,17.1,15.7,17.2,1.4,1.4
1-2 дня,2026-08-30T00:04:13Z,2026-08-31T15:00:00Z,38.9,15.3,15.0,15.6,0.3,0.3
1-2 дня,2026-08-30T00:04:13Z,2026-08-31T18:00:00Z,41.9,13.5,13.9,12.1,-0.4,0.4
1-2 дня,2026-08-30T00:04:13Z,2026-08-31T21:00:00Z,44.9,12.2,13.2,9.9,-1.0,1.0
1-2 дня,2026-08-30T00:04:13Z,2026-09-01T00:00:00Z,47.9,11.9,12.5,9.7,-0.6,0.6
1-2 дня,2026-08-30T09:40:19Z,2026-08-31T12:00:00Z,26.3,16.0,15.7,17.2,0.3,0.3
1-2 дня,2026-08-30T09:40:19Z,2026-08-31T15:00:00Z,29.3,14.7,15.0,15.6,-0.3,0.3
1-2 дня,2026-08-30T09:40:19Z,2026-08-31T18:00:00Z,32.3,13.0,13.9,12.1,-0.9,0.9
1-2 дня,2026-08-30T09:40:19Z,2026-08-31T21:00:00Z,35.3,11.8,13.2,9.9,-1.4,1.4
1-2 дня,2026-08-30T09:40:19Z,2026-09-01T00:00:00Z,38.3,10.9,12.5,9.7,-1.6,1.6
1-2 дня,2026-08-30T09:40:19Z,2026-09-01T03:00:00Z,41.3,11.8,12.4,8.9,-0.6,0.6
1-2 дня,2026-08-30T09:40:19Z,2026-09-01T06:00:00Z,44.3,13.2,13.4,11.6,-0.2,0.2
1-2 дня,2026-08-30T09:40:19Z,2026-09-01T09:00:00Z,47.3,16.2,14.0,15.6,2.2,2.2
1-2 дня,2026-08-30T14:32:26Z,2026-08-31T15:00:00Z,24.5,13.9,15.0,15.6,-1.1,1.1
1-2 дня,2026-08-30T14:32:26Z,2026-08-31T18:00:00Z,27.5,11.6,13.9,12.1,-2.3,2.3
1-2 дня,2026-08-30T14:32:26Z,2026-08-31T21:00:00Z,30.5,10.6,13.2,9.9,-2.6,2.6
1-2 дня,2026-08-30T14:32:26Z,2026-09-01T00:00:00Z,33.5,11.1,12.5,9.7,-1.4,1.4
1-2 дня,2026-08-30T14:32:26Z,2026-09-01T03:00:00Z,36.5,11.8,12.4,8.9,-0.6,0.6
1-2 дня,2026-08-30T14:32:26Z,2026-09-01T06:00:00Z,39.5,13.8,13.4,11.6,0.4,0.4
1-2 дня,2026-08-30T14:32:26Z,2026-09-01T09:00:00Z,42.5,17.0,14.0,15.6,3.0,3.0
1-2 дня,2026-08-30T14:32:26Z,2026-09-01T12:00:00Z,45.5,17.6,15.4,15.7,2.2,2.2
1-2 дня,2026-08-30T19:02:03Z,2026-08-31T21:00:00Z,26.0,10.6,13.2,9.9,-2.6,2.6
1-2 дня,2026-08-30T19:02:03Z,2026-09-01T00:00:00Z,29.0,11.1,12.5,9.7,-1.4,1.4
1-2 дня,2026-08-30T19:02:03Z,2026-09-01T03:00:00Z,32.0,11.8,12.4,8.9,-0.6,0.6
1-2 дня,2026-08-30T19:02:03Z,2026-09-01T06:00:00Z,35.0,13.8,13.4,11.6,0.4,0.4
1-2 дня,2026-08-30T19:02:03Z,2026-09-01T09:00:00Z,38.0,17.0,14.0,15.6,3.0,3.0
1-2 дня,2026-08-30T19:02:03Z,2026-09-01T12:00:00Z,41.0,17.6,15.4,15.7,2.2,2.2
1-2 дня,2026-08-31T00:22:13Z,2026-09-01T03:00:00Z,26.6,12.1,12.4,8.9,-0.3,0.3
1-2 дня,2026-08-31T00:22:13Z,2026-09-01T06:00:00Z,29.6,14.3,13.4,11.6,0.9,0.9
1-2 дня,2026-08-31T00:22:13Z,2026-09-01T09:00:00Z,32.6,17.1,14.0,15.6,3.1,3.1
1-2 дня,2026-08-31T00:22:13Z,2026-09-01T12:00:00Z,35.6,16.9,15.4,15.7,1.5,1.5
2-3 дня,2026-08-06T09:50:07Z,2026-08-08T12:00:00Z,50.2,17.6,15.4,20.5,2.2,2.2
2-3 дня,2026-08-06T09:50:07Z,2026-08-08T15:00:00Z,53.2,15.8,15.5,15.6,0.3,0.3
2-3 дня,2026-08-06T09:50:07Z,2026-08-08T18:00:00Z,56.2,14.4,14.4,14.6,0.0,0.0
2-3 дня,2026-08-06T09:50:07Z,2026-08-08T21:00:00Z,59.2,12.8,13.6,13.5,-0.8,0.8
2-3 дня,2026-08-06T09:50:07Z,2026-08-09T00:00:00Z,62.2,11.1,13.1,12.5,-2.0,2.0
2-3 дня,2026-08-06T09:50:07Z,2026-08-09T03:00:00Z,65.2,11.1,11.9,13.6,-0.8,0.8
2-3 дня,2026-08-06T09:50:07Z,2026-08-09T06:00:00Z,68.2,13.0,15.2,15.4,-2.2,2.2
2-3 дня,2026-08-06T09:50:07Z,2026-08-09T09:00:00Z,71.2,14.4,16.5,15.0,-2.1,2.1
2-3 дня,2026-08-06T09:59:18Z,2026-08-08T12:00:00Z,50.0,17.6,15.4,20.5,2.2,2.2
2-3 дня,2026-08-06T09:59:18Z,2026-08-08T15:00:00Z,53.0,15.8,15.5,15.6,0.3,0.3
2-3 дня,2026-08-06T09:59:18Z,2026-08-08T18:00:00Z,56.0,14.4,14.4,14.6,0.0,0.0
2-3 дня,2026-08-06T09:59:18Z,2026-08-08T21:00:00Z,59.0,12.8,13.6,13.5,-0.8,0.8
2-3 дня,2026-08-06T09:59:18Z,2026-08-09T00:00:00Z,62.0,11.1,13.1,12.5,-2.0,2.0
2-3 дня,2026-08-06T09:59:18Z,2026-08-09T03:00:00Z,65.0,11.1,11.9,13.6,-0.8,0.8
2-3 дня,2026-08-06T09:59:18Z,2026-08-09T06:00:00Z,68.0,13.0,15.2,15.4,-2.2,2.2
2-3 дня,2026-08-06T09:59:18Z,2026-08-09T09:00:00Z,71.0,14.4,16.5,15.0,-2.1,2.1
2-3 дня,2026-08-06T10:08:26Z,2026-08-08T12:00:00Z,49.9,17.6,15.4,20.5,2.2,2.2
2-3 дня,2026-08-06T10:08:26Z,2026-08-08T15:00:00Z,52.9,15.8,15.5,15.6,0.3,0.3
2-3 дня,2026-08-06T10:08:26Z,2026-08-08T18:00:00Z,55.9,14.4,14.4,14.6,0.0,0.0
2-3 дня,2026-08-06T10:08:26Z,2026-08-08T21:00:00Z,58.9,12.8,13.6,13.5,-0.8,0.8
2-3 дня,2026-08-06T10:08:26Z,2026-08-09T00:00:00Z,61.9,11.1,13.1,12.5,-2.0,2.0
2-3 дня,2026-08-06T10:08:26Z,2026-08-09T03:00:00Z,64.9,11.1,11.9,13.6,-0.8,0.8
2-3 дня,2026-08-06T10:08:26Z,2026-08-09T06:00:00Z,67.9,13.0,15.2,15.4,-2.2,2.2
2-3 дня,2026-08-06T10:08:26Z,2026-08-09T09:00:00Z,70.9,14.4,16.5,15.0,-2.1,2.1
2-3 дня,2026-08-06T10:47:54Z,2026-08-08T12:00:00Z,49.2,17.6,15.4,20.5,2.2,2.2
2-3 дня,2026-08-06T10:47:54Z,2026-08-08T15:00:00Z,52.2,15.8,15.5,15.6,0.3,0.3
2-3 дня,2026-08-06T10:47:54Z,2026-08-08T18:00:00Z,55.2,14.4,14.4,14.6,0.0,0.0
2-3 дня,2026-08-06T10:47:54Z,2026-08-08T21:00:00Z,58.2,12.8,13.6,13.5,-0.8,0.8
2-3 дня,2026-08-06T10:47:54Z,2026-08-09T00:00:00Z,61.2,11.1,13.1,12.5,-2.0,2.0
2-3 дня,2026-08-06T10:47:54Z,2026-08-09T03:00:00Z,64.2,11.1,11.9,13.6,-0.8,0.8
2-3 дня,2026-08-06T10:47:54Z,2026-08-09T06:00:00Z,67.2,13.0,15.2,15.4,-2.2,2.2
2-3 дня,2026-08-06T10:47:54Z,2026-08-09T09:00:00Z,70.2,14.4,16.5,15.0,-2.1,2.1
2-3 дня,2026-08-06T11:30:42Z,2026-08-08T12:00:00Z,48.5,17.6,15.4,20.5,2.2,2.2
2-3 дня,2026-08-06T11:30:42Z,2026-08-08T15:00:00Z,51.5,15.8,15.5,15.6,0.3,0.3
2-3 дня,2026-08-06T11:30:42Z,2026-08-08T18:00:00Z,54.5,14.4,14.4,14.6,0.0,0.0
2-3 дня,2026-08-06T11:30:42Z,2026-08-08T21:00:00Z,57.5,12.8,13.6,13.5,-0.8,0.8
2-3 дня,2026-08-06T11:30:42Z,2026-08-09T00:00:00Z,60.5,11.1,13.1,12.5,-2.0,2.0
2-3 дня,2026-08-06T11:30:42Z,2026-08-09T03:00:00Z,63.5,11.1,11.9,13.6,-0.8,0.8
2-3 дня,2026-08-06T11:30:42Z,2026-08-09T06:00:00Z,66.5,13.0,15.2,15.4,-2.2,2.2
2-3 дня,2026-08-06T11:30:42Z,2026-08-09T09:00:00Z,69.5,14.4,16.5,15.0,-2.1,2.1
2-3 дня,2026-08-06T11:36:01Z,2026-08-08T12:00:00Z,48.4,17.6,15.4,20.5,2.2,2.2
2-3 дня,2026-08-06T11:36:01Z,2026-08-08T15:00:00Z,51.4,15.8,15.5,15.6,0.3,0.3
2-3 дня,2026-08-06T11:36:01Z,2026-08-08T18:00:00Z,54.4,14.4,14.4,14.6,0.0,0.0
2-3 дня,2026-08-06T11:36:01Z,2026-08-08T21:00:00Z,57.4,12.8,13.6,13.5,-0.8,0.8
2-3 дня,2026-08-06T11:36:01Z,2026-08-09T00:00:00Z,60.4,11.1,13.1,12.5,-2.0,2.0
2-3 дня,2026-08-06T11:36:01Z,2026-08-09T03:00:00Z,63.4,11.1,11.9,13.6,-0.8,0.8
2-3 дня,2026-08-06T11:36:01Z,2026-08-09T06:00:00Z,66.4,13.0,15.2,15.4,-2.2,2.2
2-3 дня,2026-08-06T11:36:01Z,2026-08-09T09:00:00Z,69.4,14.4,16.5,15.0,-2.1,2.1
2-3 дня,2026-08-06T11:44:08Z,2026-08-08T12:00:00Z,48.3,17.6,15.4,20.5,2.2,2.2
2-3 дня,2026-08-06T11:44:08Z,2026-08-08T15:00:00Z,51.3,15.8,15.5,15.6,0.3,0.3
2-3 дня,2026-08-06T11:44:08Z,2026-08-08T18:00:00Z,54.3,14.4,14.4,14.6,0.0,0.0
2-3 дня,2026-08-06T11:44:08Z,2026-08-08T21:00:00Z,57.3,12.8,13.6,13.5,-0.8,0.8
2-3 дня,2026-08-06T11:44:08Z,2026-08-09T00:00:00Z,60.3,11.1,13.1,12.5,-2.0,2.0
2-3 дня,2026-08-06T11:44:08Z,2026-08-09T03:00:00Z,63.3,11.1,11.9,13.6,-0.8,0.8
2-3 дня,2026-08-06T11:44:08Z,2026-08-09T06:00:00Z,66.3,13.0,15.2,15.4,-2.2,2.2
2-3 дня,2026-08-06T11:44:08Z,2026-08-09T09:00:00Z,69.3,14.4,16.5,15.0,-2.1,2.1
2-3 дня,2026-08-07T01:31:32Z,2026-08-09T03:00:00Z,49.5,12.6,11.9,13.6,0.7,0.7
2-3 дня,2026-08-07T01:31:32Z,2026-08-09T06:00:00Z,52.5,14.3,15.2,15.4,-0.9,0.9
2-3 дня,2026-08-07T01:31:32Z,2026-08-09T09:00:00Z,55.5,14.0,16.5,15.0,-2.5,2.5
2-3 дня,2026-08-07T01:31:32Z,2026-08-09T12:00:00Z,58.5,16.8,16.7,15.4,0.1,0.1
2-3 дня,2026-08-07T01:31:32Z,2026-08-09T15:00:00Z,61.5,15.2,17.0,15.5,-1.8,1.8
2-3 дня,2026-08-07T01:31:32Z,2026-08-09T18:00:00Z,64.5,13.1,13.7,14.4,-0.6,0.6
2-3 дня,2026-08-07T01:31:32Z,2026-08-09T21:00:00Z,67.5,11.4,10.4,13.6,1.0,1.0
2-3 дня,2026-08-07T01:31:32Z,2026-08-10T00:00:00Z,70.5,11.0,10.8,13.1,0.2,0.2
2-3 дня,2026-08-07T05:36:00Z,2026-08-09T06:00:00Z,48.4,14.3,15.2,15.4,-0.9,0.9
2-3 дня,2026-08-07T05:36:00Z,2026-08-09T09:00:00Z,51.4,14.0,16.5,15.0,-2.5,2.5
2-3 дня,2026-08-07T05:36:00Z,2026-08-09T12:00:00Z,54.4,16.8,16.7,15.4,0.1,0.1
2-3 дня,2026-08-07T05:36:00Z,2026-08-09T15:00:00Z,57.4,15.2,17.0,15.5,-1.8,1.8
2-3 дня,2026-08-07T05:36:00Z,2026-08-09T18:00:00Z,60.4,13.1,13.7,14.4,-0.6,0.6
2-3 дня,2026-08-07T05:36:00Z,2026-08-09T21:00:00Z,63.4,11.4,10.4,13.6,1.0,1.0
2-3 дня,2026-08-07T05:36:00Z,2026-08-10T00:00:00Z,66.4,11.0,10.8,13.1,0.2,0.2
2-3 дня,2026-08-07T05:36:00Z,2026-08-10T03:00:00Z,69.4,12.4,12.6,11.9,-0.2,0.2
2-3 дня,2026-08-07T06:18:59Z,2026-08-09T09:00:00Z,50.7,14.0,16.5,15.0,-2.5,2.5
2-3 дня,2026-08-07T06:18:59Z,2026-08-09T12:00:00Z,53.7,16.8,16.7,15.4,0.1,0.1
2-3 дня,2026-08-07T06:18:59Z,2026-08-09T15:00:00Z,56.7,15.2,17.0,15.5,-1.8,1.8
2-3 дня,2026-08-07T06:18:59Z,2026-08-09T18:00:00Z,59.7,13.1,13.7,14.4,-0.6,0.6
2-3 дня,2026-08-07T06:18:59Z,2026-08-09T21:00:00Z,62.7,11.4,10.4,13.6,1.0,1.0
2-3 дня,2026-08-07T06:18:59Z,2026-08-10T00:00:00Z,65.7,11.0,10.8,13.1,0.2,0.2
2-3 дня,2026-08-07T06:18:59Z,2026-08-10T03:00:00Z,68.7,12.4,12.6,11.9,-0.2,0.2
2-3 дня,2026-08-07T06:18:59Z,2026-08-10T06:00:00Z,71.7,17.1,16.9,15.2,0.2,0.2
2-3 дня,2026-08-07T07:13:52Z,2026-08-09T09:00:00Z,49.8,14.0,16.5,15.0,-2.5,2.5
2-3 дня,2026-08-07T07:13:52Z,2026-08-09T12:00:00Z,52.8,16.8,16.7,15.4,0.1,0.1
2-3 дня,2026-08-07T07:13:52Z,2026-08-09T15:00:00Z,55.8,15.2,17.0,15.5,-1.8,1.8
2-3 дня,2026-08-07T07:13:52Z,2026-08-09T18:00:00Z,58.8,13.1,13.7,14.4,-0.6,0.6
2-3 дня,2026-08-07T07:13:52Z,2026-08-09T21:00:00Z,61.8,11.4,10.4,13.6,1.0,1.0
2-3 дня,2026-08-07T07:13:52Z,2026-08-10T00:00:00Z,64.8,11.0,10.8,13.1,0.2,0.2
2-3 дня,2026-08-07T07:13:52Z,2026-08-10T03:00:00Z,67.8,12.4,12.6,11.9,-0.2,0.2
2-3 дня,2026-08-07T07:13:52Z,2026-08-10T06:00:00Z,70.8,17.1,16.9,15.2,0.2,0.2
2-3 дня,2026-08-07T10:39:14Z,2026-08-09T12:00:00Z,49.3,16.6,16.7,15.4,-0.1,0.1
2-3 дня,2026-08-07T10:39:14Z,2026-08-09T15:00:00Z,52.3,14.9,17.0,15.5,-2.1,2.1
2-3 дня,2026-08-07T10:39:14Z,2026-08-09T18:00:00Z,55.3,11.9,13.7,14.4,-1.8,1.8
2-3 дня,2026-08-07T10:39:14Z,2026-08-09T21:00:00Z,58.3,10.6,10.4,13.6,0.2,0.2
2-3 дня,2026-08-07T10:39:14Z,2026-08-10T00:00:00Z,61.3,11.1,10.8,13.1,0.3,0.3
2-3 дня,2026-08-07T10:39:14Z,2026-08-10T03:00:00Z,64.3,12.9,12.6,11.9,0.3,0.3
2-3 дня,2026-08-07T10:39:14Z,2026-08-10T06:00:00Z,67.3,16.3,16.9,15.2,-0.6,0.6
2-3 дня,2026-08-07T10:39:14Z,2026-08-10T09:00:00Z,70.3,20.6,20.6,16.5,0.0,0.0
2-3 дня,2026-08-07T16:51:54Z,2026-08-09T18:00:00Z,49.1,12.0,13.7,14.4,-1.7,1.7
2-3 дня,2026-08-07T16:51:54Z,2026-08-09T21:00:00Z,52.1,11.1,10.4,13.6,0.7,0.7
2-3 дня,2026-08-07T16:51:54Z,2026-08-10T00:00:00Z,55.1,11.1,10.8,13.1,0.3,0.3
2-3 дня,2026-08-07T16:51:54Z,2026-08-10T03:00:00Z,58.1,12.8,12.6,11.9,0.2,0.2
2-3 дня,2026-08-07T16:51:54Z,2026-08-10T06:00:00Z,61.1,17.3,16.9,15.2,0.4,0.4
2-3 дня,2026-08-07T16:51:54Z,2026-08-10T09:00:00Z,64.1,20.4,20.6,16.5,-0.2,0.2
2-3 дня,2026-08-07T16:51:54Z,2026-08-10T12:00:00Z,67.1,21.6,22.3,16.7,-0.7,0.7
2-3 дня,2026-08-07T16:51:54Z,2026-08-10T15:00:00Z,70.1,21.0,21.8,17.0,-0.8,0.8
2-3 дня,2026-08-07T22:45:57Z,2026-08-10T00:00:00Z,49.2,10.6,10.8,13.1,-0.2,0.2
2-3 дня,2026-08-07T22:45:57Z,2026-08-10T03:00:00Z,52.2,12.6,12.6,11.9,0.0,0.0
2-3 дня,2026-08-07T22:45:57Z,2026-08-10T06:00:00Z,55.2,17.2,16.9,15.2,0.3,0.3
2-3 дня,2026-08-07T22:45:57Z,2026-08-10T09:00:00Z,58.2,19.4,20.6,16.5,-1.2,1.2
2-3 дня,2026-08-07T22:45:57Z,2026-08-10T12:00:00Z,61.2,21.3,22.3,16.7,-1.0,1.0
2-3 дня,2026-08-07T22:45:57Z,2026-08-10T15:00:00Z,64.2,20.4,21.8,17.0,-1.4,1.4
2-3 дня,2026-08-07T22:45:57Z,2026-08-10T18:00:00Z,67.2,17.1,18.4,13.7,-1.3,1.3
2-3 дня,2026-08-07T22:45:57Z,2026-08-10T21:00:00Z,70.2,15.0,15.0,10.4,0.0,0.0
2-3 дня,2026-08-07T23:19:23Z,2026-08-10T00:00:00Z,48.7,10.6,10.8,13.1,-0.2,0.2
2-3 дня,2026-08-07T23:19:23Z,2026-08-10T03:00:00Z,51.7,12.6,12.6,11.9,0.0,0.0
2-3 дня,2026-08-07T23:19:23Z,2026-08-10T06:00:00Z,54.7,17.2,16.9,15.2,0.3,0.3
2-3 дня,2026-08-07T23:19:23Z,2026-08-10T09:00:00Z,57.7,19.4,20.6,16.5,-1.2,1.2
2-3 дня,2026-08-07T23:19:23Z,2026-08-10T12:00:00Z,60.7,21.3,22.3,16.7,-1.0,1.0
2-3 дня,2026-08-07T23:19:23Z,2026-08-10T15:00:00Z,63.7,20.4,21.8,17.0,-1.4,1.4
2-3 дня,2026-08-07T23:19:23Z,2026-08-10T18:00:00Z,66.7,17.1,18.4,13.7,-1.3,1.3
2-3 дня,2026-08-07T23:19:23Z,2026-08-10T21:00:00Z,69.7,15.0,15.0,10.4,0.0,0.0
2-3 дня,2026-08-08T04:50:53Z,2026-08-10T06:00:00Z,49.2,17.2,16.9,15.2,0.3,0.3
2-3 дня,2026-08-08T04:50:53Z,2026-08-10T09:00:00Z,52.2,20.8,20.6,16.5,0.2,0.2
2-3 дня,2026-08-08T04:50:53Z,2026-08-10T12:00:00Z,55.2,21.5,22.3,16.7,-0.8,0.8
2-3 дня,2026-08-08T04:50:53Z,2026-08-10T15:00:00Z,58.2,20.8,21.8,17.0,-1.0,1.0
2-3 дня,2026-08-08T04:50:53Z,2026-08-10T18:00:00Z,61.2,17.2,18.4,13.7,-1.2,1.2
2-3 дня,2026-08-08T04:50:53Z,2026-08-10T21:00:00Z,64.2,15.3,15.0,10.4,0.3,0.3
2-3 дня,2026-08-08T04:50:53Z,2026-08-11T00:00:00Z,67.2,14.6,15.3,10.8,-0.7,0.7
2-3 дня,2026-08-08T04:50:53Z,2026-08-11T03:00:00Z,70.2,15.5,15.0,12.6,0.5,0.5
2-3 дня,2026-08-08T10:18:13Z,2026-08-10T12:00:00Z,49.7,22.0,22.3,16.7,-0.3,0.3
2-3 дня,2026-08-08T10:18:13Z,2026-08-10T15:00:00Z,52.7,21.3,21.8,17.0,-0.5,0.5
2-3 дня,2026-08-08T10:18:13Z,2026-08-10T18:00:00Z,55.7,17.7,18.4,13.7,-0.7,0.7
2-3 дня,2026-08-08T10:18:13Z,2026-08-10T21:00:00Z,58.7,15.5,15.0,10.4,0.5,0.5
2-3 дня,2026-08-08T10:18:13Z,2026-08-11T00:00:00Z,61.7,14.4,15.3,10.8,-0.9,0.9
2-3 дня,2026-08-08T10:18:13Z,2026-08-11T03:00:00Z,64.7,15.4,15.0,12.6,0.4,0.4
2-3 дня,2026-08-08T10:18:13Z,2026-08-11T06:00:00Z,67.7,19.2,19.4,16.9,-0.2,0.2
2-3 дня,2026-08-08T10:18:13Z,2026-08-11T09:00:00Z,70.7,22.0,23.5,20.6,-1.5,1.5
2-3 дня,2026-08-08T22:37:20Z,2026-08-11T00:00:00Z,49.4,14.5,15.3,10.8,-0.8,0.8
2-3 дня,2026-08-08T22:37:20Z,2026-08-11T03:00:00Z,52.4,15.6,15.0,12.6,0.6,0.6
2-3 дня,2026-08-08T22:37:20Z,2026-08-11T06:00:00Z,55.4,18.8,19.4,16.9,-0.6,0.6
2-3 дня,2026-08-08T22:37:20Z,2026-08-11T09:00:00Z,58.4,22.0,23.5,20.6,-1.5,1.5
2-3 дня,2026-08-08T22:37:20Z,2026-08-11T12:00:00Z,61.4,22.1,24.1,22.3,-2.0,2.0
2-3 дня,2026-08-08T22:37:20Z,2026-08-11T15:00:00Z,64.4,21.2,19.2,21.8,2.0,2.0
2-3 дня,2026-08-08T22:37:20Z,2026-08-11T18:00:00Z,67.4,19.1,16.8,18.4,2.3,2.3
2-3 дня,2026-08-08T22:37:20Z,2026-08-11T21:00:00Z,70.4,16.8,16.3,15.0,0.5,0.5
2-3 дня,2026-08-09T04:59:03Z,2026-08-11T06:00:00Z,49.0,18.9,19.4,16.9,-0.5,0.5
2-3 дня,2026-08-09T04:59:03Z,2026-08-11T09:00:00Z,52.0,22.0,23.5,20.6,-1.5,1.5
2-3 дня,2026-08-09T04:59:03Z,2026-08-11T12:00:00Z,55.0,22.5,24.1,22.3,-1.6,1.6
2-3 дня,2026-08-09T04:59:03Z,2026-08-11T15:00:00Z,58.0,21.7,19.2,21.8,2.5,2.5
2-3 дня,2026-08-09T04:59:03Z,2026-08-11T18:00:00Z,61.0,19.1,16.8,18.4,2.3,2.3
2-3 дня,2026-08-09T04:59:03Z,2026-08-11T21:00:00Z,64.0,16.8,16.3,15.0,0.5,0.5
2-3 дня,2026-08-09T04:59:03Z,2026-08-12T00:00:00Z,67.0,15.2,15.2,15.3,0.0,0.0
2-3 дня,2026-08-09T04:59:03Z,2026-08-12T03:00:00Z,70.0,15.0,14.5,15.0,0.5,0.5
2-3 дня,2026-08-09T10:19:29Z,2026-08-11T12:00:00Z,49.7,21.8,24.1,22.3,-2.3,2.3
2-3 дня,2026-08-09T10:19:29Z,2026-08-11T15:00:00Z,52.7,20.6,19.2,21.8,1.4,1.4
2-3 дня,2026-08-09T10:19:29Z,2026-08-11T18:00:00Z,55.7,18.5,16.8,18.4,1.7,1.7
2-3 дня,2026-08-09T10:19:29Z,2026-08-11T21:00:00Z,58.7,17.5,16.3,15.0,1.2,1.2
2-3 дня,2026-08-09T10:19:29Z,2026-08-12T00:00:00Z,61.7,15.7,15.2,15.3,0.5,0.5
2-3 дня,2026-08-09T10:19:29Z,2026-08-12T03:00:00Z,64.7,15.1,14.5,15.0,0.6,0.6
2-3 дня,2026-08-09T10:19:29Z,2026-08-12T06:00:00Z,67.7,15.4,14.7,19.4,0.7,0.7
2-3 дня,2026-08-09T10:19:29Z,2026-08-12T09:00:00Z,70.7,15.6,15.2,23.5,0.4,0.4
2-3 дня,2026-08-09T12:41:38Z,2026-08-11T15:00:00Z,50.3,20.6,19.2,21.8,1.4,1.4
2-3 дня,2026-08-09T12:41:38Z,2026-08-11T18:00:00Z,53.3,18.5,16.8,18.4,1.7,1.7
2-3 дня,2026-08-09T12:41:38Z,2026-08-11T21:00:00Z,56.3,17.5,16.3,15.0,1.2,1.2
2-3 дня,2026-08-09T12:41:38Z,2026-08-12T00:00:00Z,59.3,15.7,15.2,15.3,0.5,0.5
2-3 дня,2026-08-09T12:41:38Z,2026-08-12T03:00:00Z,62.3,15.1,14.5,15.0,0.6,0.6
2-3 дня,2026-08-09T12:41:38Z,2026-08-12T06:00:00Z,65.3,15.4,14.7,19.4,0.7,0.7
2-3 дня,2026-08-09T12:41:38Z,2026-08-12T09:00:00Z,68.3,15.6,15.2,23.5,0.4,0.4
2-3 дня,2026-08-09T12:41:38Z,2026-08-12T12:00:00Z,71.3,13.1,11.9,24.1,1.2,1.2
2-3 дня,2026-08-09T12:45:53Z,2026-08-11T15:00:00Z,50.2,20.6,19.2,21.8,1.4,1.4
2-3 дня,2026-08-09T12:45:53Z,2026-08-11T18:00:00Z,53.2,18.5,16.8,18.4,1.7,1.7
2-3 дня,2026-08-09T12:45:53Z,2026-08-11T21:00:00Z,56.2,17.5,16.3,15.0,1.2,1.2
2-3 дня,2026-08-09T12:45:53Z,2026-08-12T00:00:00Z,59.2,15.7,15.2,15.3,0.5,0.5
2-3 дня,2026-08-09T12:45:53Z,2026-08-12T03:00:00Z,62.2,15.1,14.5,15.0,0.6,0.6
2-3 дня,2026-08-09T12:45:53Z,2026-08-12T06:00:00Z,65.2,15.4,14.7,19.4,0.7,0.7
2-3 дня,2026-08-09T12:45:53Z,2026-08-12T09:00:00Z,68.2,15.6,15.2,23.5,0.4,0.4
2-3 дня,2026-08-09T12:45:53Z,2026-08-12T12:00:00Z,71.2,13.1,11.9,24.1,1.2,1.2
2-3 дня,2026-08-09T12:48:15Z,2026-08-11T15:00:00Z,50.2,20.6,19.2,21.8,1.4,1.4
2-3 дня,2026-08-09T12:48:15Z,2026-08-11T18:00:00Z,53.2,18.5,16.8,18.4,1.7,1.7
2-3 дня,2026-08-09T12:48:15Z,2026-08-11T21:00:00Z,56.2,17.5,16.3,15.0,1.2,1.2
2-3 дня,2026-08-09T12:48:15Z,2026-08-12T00:00:00Z,59.2,15.7,15.2,15.3,0.5,0.5
2-3 дня,2026-08-09T12:48:15Z,2026-08-12T03:00:00Z,62.2,15.1,14.5,15.0,0.6,0.6
2-3 дня,2026-08-09T12:48:15Z,2026-08-12T06:00:00Z,65.2,15.4,14.7,19.4,0.7,0.7
2-3 дня,2026-08-09T12:48:15Z,2026-08-12T09:00:00Z,68.2,15.6,15.2,23.5,0.4,0.4
2-3 дня,2026-08-09T12:48:15Z,2026-08-12T12:00:00Z,71.2,13.1,11.9,24.1,1.2,1.2
2-3 дня,2026-08-09T16:31:44Z,2026-08-11T18:00:00Z,49.5,18.0,16.8,18.4,1.2,1.2
2-3 дня,2026-08-09T16:31:44Z,2026-08-11T21:00:00Z,52.5,16.3,16.3,15.0,0.0,0.0
2-3 дня,2026-08-09T16:31:44Z,2026-08-12T00:00:00Z,55.5,15.7,15.2,15.3,0.5,0.5
2-3 дня,2026-08-09T16:31:44Z,2026-08-12T03:00:00Z,58.5,15.5,14.5,15.0,1.0,1.0
2-3 дня,2026-08-09T16:31:44Z,2026-08-12T06:00:00Z,61.5,16.8,14.7,19.4,2.1,2.1
2-3 дня,2026-08-09T16:31:44Z,2026-08-12T09:00:00Z,64.5,16.6,15.2,23.5,1.4,1.4
2-3 дня,2026-08-09T16:31:44Z,2026-08-12T12:00:00Z,67.5,14.5,11.9,24.1,2.6,2.6
2-3 дня,2026-08-09T16:31:44Z,2026-08-12T15:00:00Z,70.5,11.7,10.7,19.2,1.0,1.0
2-3 дня,2026-08-09T22:39:09Z,2026-08-12T00:00:00Z,49.3,15.3,15.2,15.3,0.1,0.1
2-3 дня,2026-08-09T22:39:09Z,2026-08-12T03:00:00Z,52.3,15.1,14.5,15.0,0.6,0.6
2-3 дня,2026-08-09T22:39:09Z,2026-08-12T06:00:00Z,55.3,15.7,14.7,19.4,1.0,1.0
2-3 дня,2026-08-09T22:39:09Z,2026-08-12T09:00:00Z,58.3,15.5,15.2,23.5,0.3,0.3
2-3 дня,2026-08-09T22:39:09Z,2026-08-12T12:00:00Z,61.3,14.3,11.9,24.1,2.4,2.4
2-3 дня,2026-08-09T22:39:09Z,2026-08-12T15:00:00Z,64.3,11.9,10.7,19.2,1.2,1.2
2-3 дня,2026-08-09T22:39:09Z,2026-08-12T18:00:00Z,67.3,10.3,9.3,16.8,1.0,1.0
2-3 дня,2026-08-09T22:39:09Z,2026-08-12T21:00:00Z,70.3,9.6,8.4,16.3,1.2,1.2
2-3 дня,2026-08-10T05:20:42Z,2026-08-12T06:00:00Z,48.7,15.6,14.7,19.4,0.9,0.9
2-3 дня,2026-08-10T05:20:42Z,2026-08-12T09:00:00Z,51.7,18.0,15.2,23.5,2.8,2.8
2-3 дня,2026-08-10T05:20:42Z,2026-08-12T12:00:00Z,54.7,16.7,11.9,24.1,4.8,4.8
2-3 дня,2026-08-10T05:20:42Z,2026-08-12T15:00:00Z,57.7,13.2,10.7,19.2,2.5,2.5
2-3 дня,2026-08-10T05:20:42Z,2026-08-12T18:00:00Z,60.7,10.7,9.3,16.8,1.4,1.4
2-3 дня,2026-08-10T05:20:42Z,2026-08-12T21:00:00Z,63.7,9.8,8.4,16.3,1.4,1.4
2-3 дня,2026-08-10T05:20:42Z,2026-08-13T00:00:00Z,66.7,9.3,8.4,15.2,0.9,0.9
2-3 дня,2026-08-10T05:20:42Z,2026-08-13T03:00:00Z,69.7,9.0,8.4,14.5,0.6,0.6
2-3 дня,2026-08-10T10:53:28Z,2026-08-12T12:00:00Z,49.1,15.2,11.9,24.1,3.3,3.3
2-3 дня,2026-08-10T10:53:28Z,2026-08-12T15:00:00Z,52.1,12.7,10.7,19.2,2.0,2.0
2-3 дня,2026-08-10T10:53:28Z,2026-08-12T18:00:00Z,55.1,10.7,9.3,16.8,1.4,1.4
2-3 дня,2026-08-10T10:53:28Z,2026-08-12T21:00:00Z,58.1,9.7,8.4,16.3,1.3,1.3
2-3 дня,2026-08-10T10:53:28Z,2026-08-13T00:00:00Z,61.1,9.0,8.4,15.2,0.6,0.6
2-3 дня,2026-08-10T10:53:28Z,2026-08-13T03:00:00Z,64.1,8.7,8.4,14.5,0.3,0.3
2-3 дня,2026-08-10T10:53:28Z,2026-08-13T06:00:00Z,67.1,8.3,8.2,14.7,0.1,0.1
2-3 дня,2026-08-10T10:53:28Z,2026-08-13T09:00:00Z,70.1,8.5,8.3,15.2,0.2,0.2
2-3 дня,2026-08-10T16:52:05Z,2026-08-12T18:00:00Z,49.1,10.8,9.3,16.8,1.5,1.5
2-3 дня,2026-08-10T16:52:05Z,2026-08-12T21:00:00Z,52.1,10.1,8.4,16.3,1.7,1.7
2-3 дня,2026-08-10T16:52:05Z,2026-08-13T00:00:00Z,55.1,9.9,8.4,15.2,1.5,1.5
2-3 дня,2026-08-10T16:52:05Z,2026-08-13T03:00:00Z,58.1,9.1,8.4,14.5,0.7,0.7
2-3 дня,2026-08-10T16:52:05Z,2026-08-13T06:00:00Z,61.1,8.1,8.2,14.7,-0.1,0.1
2-3 дня,2026-08-10T16:52:05Z,2026-08-13T09:00:00Z,64.1,8.5,8.3,15.2,0.2,0.2
2-3 дня,2026-08-10T16:52:05Z,2026-08-13T12:00:00Z,67.1,8.5,7.7,11.9,0.8,0.8
2-3 дня,2026-08-10T16:52:05Z,2026-08-13T15:00:00Z,70.1,8.0,7.3,10.7,0.7,0.7
2-3 дня,2026-08-10T22:47:13Z,2026-08-13T00:00:00Z,49.2,9.0,8.4,15.2,0.6,0.6
2-3 дня,2026-08-10T22:47:13Z,2026-08-13T03:00:00Z,52.2,8.5,8.4,14.5,0.1,0.1
2-3 дня,2026-08-10T22:47:13Z,2026-08-13T06:00:00Z,55.2,8.3,8.2,14.7,0.1,0.1
2-3 дня,2026-08-10T22:47:13Z,2026-08-13T09:00:00Z,58.2,8.6,8.3,15.2,0.3,0.3
2-3 дня,2026-08-10T22:47:13Z,2026-08-13T12:00:00Z,61.2,8.4,7.7,11.9,0.7,0.7
2-3 дня,2026-08-10T22:47:13Z,2026-08-13T15:00:00Z,64.2,8.1,7.3,10.7,0.8,0.8
2-3 дня,2026-08-10T22:47:13Z,2026-08-13T18:00:00Z,67.2,7.9,6.9,9.3,1.0,1.0
2-3 дня,2026-08-10T22:47:13Z,2026-08-13T21:00:00Z,70.2,7.9,7.1,8.4,0.8,0.8
2-3 дня,2026-08-11T05:01:49Z,2026-08-13T06:00:00Z,49.0,8.7,8.2,14.7,0.5,0.5
2-3 дня,2026-08-11T05:01:49Z,2026-08-13T09:00:00Z,52.0,8.7,8.3,15.2,0.4,0.4
2-3 дня,2026-08-11T05:01:49Z,2026-08-13T12:00:00Z,55.0,8.4,7.7,11.9,0.7,0.7
2-3 дня,2026-08-11T05:01:49Z,2026-08-13T15:00:00Z,58.0,7.8,7.3,10.7,0.5,0.5
2-3 дня,2026-08-11T05:01:49Z,2026-08-13T18:00:00Z,61.0,7.3,6.9,9.3,0.4,0.4
2-3 дня,2026-08-11T05:01:49Z,2026-08-13T21:00:00Z,64.0,7.5,7.1,8.4,0.4,0.4
2-3 дня,2026-08-11T05:01:49Z,2026-08-14T00:00:00Z,67.0,7.7,7.3,8.4,0.4,0.4
2-3 дня,2026-08-11T05:01:49Z,2026-08-14T03:00:00Z,70.0,7.8,7.4,8.4,0.4,0.4
2-3 дня,2026-08-11T10:38:45Z,2026-08-13T12:00:00Z,49.4,8.1,7.7,11.9,0.4,0.4
2-3 дня,2026-08-11T10:38:45Z,2026-08-13T15:00:00Z,52.4,7.4,7.3,10.7,0.1,0.1
2-3 дня,2026-08-11T10:38:45Z,2026-08-13T18:00:00Z,55.4,7.6,6.9,9.3,0.7,0.7
2-3 дня,2026-08-11T10:38:45Z,2026-08-13T21:00:00Z,58.4,7.7,7.1,8.4,0.6,0.6
2-3 дня,2026-08-11T10:38:45Z,2026-08-14T00:00:00Z,61.4,8.0,7.3,8.4,0.7,0.7
2-3 дня,2026-08-11T10:38:45Z,2026-08-14T03:00:00Z,64.4,8.4,7.4,8.4,1.0,1.0
2-3 дня,2026-08-11T10:38:45Z,2026-08-14T06:00:00Z,67.4,10.8,8.3,8.2,2.5,2.5
2-3 дня,2026-08-11T10:38:45Z,2026-08-14T09:00:00Z,70.4,12.6,9.1,8.3,3.5,3.5
2-3 дня,2026-08-12T10:47:03Z,2026-08-14T12:00:00Z,49.2,13.6,10.0,7.7,3.6,3.6
2-3 дня,2026-08-12T10:47:03Z,2026-08-14T15:00:00Z,52.2,12.1,10.6,7.3,1.5,1.5
2-3 дня,2026-08-12T10:47:03Z,2026-08-14T18:00:00Z,55.2,8.7,8.7,6.9,0.0,0.0
2-3 дня,2026-08-12T10:47:03Z,2026-08-14T21:00:00Z,58.2,7.2,8.0,7.1,-0.8,0.8
2-3 дня,2026-08-12T10:47:03Z,2026-08-15T00:00:00Z,61.2,6.2,6.3,7.3,-0.1,0.1
2-3 дня,2026-08-12T10:47:03Z,2026-08-15T03:00:00Z,64.2,7.3,7.6,7.4,-0.3,0.3
2-3 дня,2026-08-12T10:47:03Z,2026-08-15T06:00:00Z,67.2,10.2,8.6,8.3,1.6,1.6
2-3 дня,2026-08-12T10:47:03Z,2026-08-15T09:00:00Z,70.2,13.1,10.9,9.1,2.2,2.2
2-3 дня,2026-08-12T16:54:57Z,2026-08-14T18:00:00Z,49.1,8.6,8.7,6.9,-0.1,0.1
2-3 дня,2026-08-12T16:54:57Z,2026-08-14T21:00:00Z,52.1,7.6,8.0,7.1,-0.4,0.4
2-3 дня,2026-08-12T16:54:57Z,2026-08-15T00:00:00Z,55.1,7.2,6.3,7.3,0.9,0.9
2-3 дня,2026-08-12T16:54:57Z,2026-08-15T03:00:00Z,58.1,7.5,7.6,7.4,-0.1,0.1
2-3 дня,2026-08-12T16:54:57Z,2026-08-15T06:00:00Z,61.1,9.8,8.6,8.3,1.2,1.2
2-3 дня,2026-08-12T16:54:57Z,2026-08-15T09:00:00Z,64.1,12.7,10.9,9.1,1.8,1.8
2-3 дня,2026-08-12T16:54:57Z,2026-08-15T12:00:00Z,67.1,12.8,13.4,10.0,-0.6,0.6
2-3 дня,2026-08-12T16:54:57Z,2026-08-15T15:00:00Z,70.1,13.3,13.0,10.6,0.3,0.3
2-3 дня,2026-08-12T22:50:47Z,2026-08-15T00:00:00Z,49.2,6.5,6.3,7.3,0.2,0.2
2-3 дня,2026-08-12T22:50:47Z,2026-08-15T03:00:00Z,52.2,7.2,7.6,7.4,-0.4,0.4
2-3 дня,2026-08-12T22:50:47Z,2026-08-15T06:00:00Z,55.2,9.7,8.6,8.3,1.1,1.1
2-3 дня,2026-08-12T22:50:47Z,2026-08-15T09:00:00Z,58.2,12.3,10.9,9.1,1.4,1.4
2-3 дня,2026-08-12T22:50:47Z,2026-08-15T12:00:00Z,61.2,14.2,13.4,10.0,0.8,0.8
2-3 дня,2026-08-12T22:50:47Z,2026-08-15T15:00:00Z,64.2,13.5,13.0,10.6,0.5,0.5
2-3 дня,2026-08-12T22:50:47Z,2026-08-15T18:00:00Z,67.2,12.1,12.2,8.7,-0.1,0.1
2-3 дня,2026-08-12T22:50:47Z,2026-08-15T21:00:00Z,70.2,10.7,11.3,8.0,-0.6,0.6
2-3 дня,2026-08-13T05:30:08Z,2026-08-15T06:00:00Z,48.5,9.7,8.6,8.3,1.1,1.1
2-3 дня,2026-08-13T05:30:08Z,2026-08-15T09:00:00Z,51.5,13.0,10.9,9.1,2.1,2.1
2-3 дня,2026-08-13T05:30:08Z,2026-08-15T12:00:00Z,54.5,13.4,13.4,10.0,0.0,0.0
2-3 дня,2026-08-13T05:30:08Z,2026-08-15T15:00:00Z,57.5,12.7,13.0,10.6,-0.3,0.3
2-3 дня,2026-08-13T05:30:08Z,2026-08-15T18:00:00Z,60.5,9.9,12.2,8.7,-2.3,2.3
2-3 дня,2026-08-13T05:30:08Z,2026-08-15T21:00:00Z,63.5,8.4,11.3,8.0,-2.9,2.9
2-3 дня,2026-08-13T05:30:08Z,2026-08-16T00:00:00Z,66.5,7.8,10.8,6.3,-3.0,3.0
2-3 дня,2026-08-13T05:30:08Z,2026-08-16T03:00:00Z,69.5,9.2,10.1,7.6,-0.9,0.9
2-3 дня,2026-08-13T10:49:01Z,2026-08-15T12:00:00Z,49.2,13.5,13.4,10.0,0.1,0.1
2-3 дня,2026-08-13T10:49:01Z,2026-08-15T15:00:00Z,52.2,12.8,13.0,10.6,-0.2,0.2
2-3 дня,2026-08-13T10:49:01Z,2026-08-15T18:00:00Z,55.2,10.7,12.2,8.7,-1.5,1.5
2-3 дня,2026-08-13T10:49:01Z,2026-08-15T21:00:00Z,58.2,9.2,11.3,8.0,-2.1,2.1
2-3 дня,2026-08-13T10:49:01Z,2026-08-16T00:00:00Z,61.2,8.0,10.8,6.3,-2.8,2.8
2-3 дня,2026-08-13T10:49:01Z,2026-08-16T03:00:00Z,64.2,9.0,10.1,7.6,-1.1,1.1
2-3 дня,2026-08-13T10:49:01Z,2026-08-16T06:00:00Z,67.2,10.2,12.3,8.6,-2.1,2.1
2-3 дня,2026-08-13T10:49:01Z,2026-08-16T09:00:00Z,70.2,11.2,14.3,10.9,-3.1,3.1
2-3 дня,2026-08-13T16:36:10Z,2026-08-15T18:00:00Z,49.4,11.7,12.2,8.7,-0.5,0.5
2-3 дня,2026-08-13T16:36:10Z,2026-08-15T21:00:00Z,52.4,10.3,11.3,8.0,-1.0,1.0
2-3 дня,2026-08-13T16:36:10Z,2026-08-16T00:00:00Z,55.4,8.7,10.8,6.3,-2.1,2.1
2-3 дня,2026-08-13T16:36:10Z,2026-08-16T03:00:00Z,58.4,9.5,10.1,7.6,-0.6,0.6
2-3 дня,2026-08-13T16:36:10Z,2026-08-16T06:00:00Z,61.4,10.7,12.3,8.6,-1.6,1.6
2-3 дня,2026-08-13T16:36:10Z,2026-08-16T09:00:00Z,64.4,11.6,14.3,10.9,-2.7,2.7
2-3 дня,2026-08-13T16:36:10Z,2026-08-16T12:00:00Z,67.4,14.0,16.0,13.4,-2.0,2.0
2-3 дня,2026-08-13T16:36:10Z,2026-08-16T15:00:00Z,70.4,14.5,16.2,13.0,-1.7,1.7
2-3 дня,2026-08-13T16:42:24Z,2026-08-15T18:00:00Z,49.3,11.7,12.2,8.7,-0.5,0.5
2-3 дня,2026-08-13T16:42:24Z,2026-08-15T21:00:00Z,52.3,10.3,11.3,8.0,-1.0,1.0
2-3 дня,2026-08-13T16:42:24Z,2026-08-16T00:00:00Z,55.3,8.7,10.8,6.3,-2.1,2.1
2-3 дня,2026-08-13T16:42:24Z,2026-08-16T03:00:00Z,58.3,9.5,10.1,7.6,-0.6,0.6
2-3 дня,2026-08-13T16:42:24Z,2026-08-16T06:00:00Z,61.3,10.7,12.3,8.6,-1.6,1.6
2-3 дня,2026-08-13T16:42:24Z,2026-08-16T09:00:00Z,64.3,11.6,14.3,10.9,-2.7,2.7
2-3 дня,2026-08-13T16:42:24Z,2026-08-16T12:00:00Z,67.3,14.0,16.0,13.4,-2.0,2.0
2-3 дня,2026-08-13T16:42:24Z,2026-08-16T15:00:00Z,70.3,14.5,16.2,13.0,-1.7,1.7
2-3 дня,2026-08-13T16:54:22Z,2026-08-15T18:00:00Z,49.1,11.7,12.2,8.7,-0.5,0.5
2-3 дня,2026-08-13T16:54:22Z,2026-08-15T21:00:00Z,52.1,10.3,11.3,8.0,-1.0,1.0
2-3 дня,2026-08-13T16:54:22Z,2026-08-16T00:00:00Z,55.1,8.7,10.8,6.3,-2.1,2.1
2-3 дня,2026-08-13T16:54:22Z,2026-08-16T03:00:00Z,58.1,9.5,10.1,7.6,-0.6,0.6
2-3 дня,2026-08-13T16:54:22Z,2026-08-16T06:00:00Z,61.1,10.7,12.3,8.6,-1.6,1.6
2-3 дня,2026-08-13T16:54:22Z,2026-08-16T09:00:00Z,64.1,11.6,14.3,10.9,-2.7,2.7
2-3 дня,2026-08-13T16:54:22Z,2026-08-16T12:00:00Z,67.1,14.0,16.0,13.4,-2.0,2.0
2-3 дня,2026-08-13T16:54:22Z,2026-08-16T15:00:00Z,70.1,14.5,16.2,13.0,-1.7,1.7
2-3 дня,2026-08-13T22:52:17Z,2026-08-16T00:00:00Z,49.1,9.9,10.8,6.3,-0.9,0.9
2-3 дня,2026-08-13T22:52:17Z,2026-08-16T03:00:00Z,52.1,10.0,10.1,7.6,-0.1,0.1
2-3 дня,2026-08-13T22:52:17Z,2026-08-16T06:00:00Z,55.1,11.3,12.3,8.6,-1.0,1.0
2-3 дня,2026-08-13T22:52:17Z,2026-08-16T09:00:00Z,58.1,13.3,14.3,10.9,-1.0,1.0
2-3 дня,2026-08-13T22:52:17Z,2026-08-16T12:00:00Z,61.1,14.9,16.0,13.4,-1.1,1.1
2-3 дня,2026-08-13T22:52:17Z,2026-08-16T15:00:00Z,64.1,15.2,16.2,13.0,-1.0,1.0
2-3 дня,2026-08-13T22:52:17Z,2026-08-16T18:00:00Z,67.1,12.5,11.2,12.2,1.3,1.3
2-3 дня,2026-08-13T22:52:17Z,2026-08-16T21:00:00Z,70.1,9.9,9.4,11.3,0.5,0.5
2-3 дня,2026-08-14T05:28:14Z,2026-08-16T06:00:00Z,48.5,11.6,12.3,8.6,-0.7,0.7
2-3 дня,2026-08-14T05:28:14Z,2026-08-16T09:00:00Z,51.5,14.1,14.3,10.9,-0.2,0.2
2-3 дня,2026-08-14T05:28:14Z,2026-08-16T12:00:00Z,54.5,15.7,16.0,13.4,-0.3,0.3
2-3 дня,2026-08-14T05:28:14Z,2026-08-16T15:00:00Z,57.5,16.0,16.2,13.0,-0.2,0.2
2-3 дня,2026-08-14T05:28:14Z,2026-08-16T18:00:00Z,60.5,13.2,11.2,12.2,2.0,2.0
2-3 дня,2026-08-14T05:28:14Z,2026-08-16T21:00:00Z,63.5,9.8,9.4,11.3,0.4,0.4
2-3 дня,2026-08-14T05:28:14Z,2026-08-17T00:00:00Z,66.5,9.2,9.3,10.8,-0.1,0.1
2-3 дня,2026-08-14T05:28:14Z,2026-08-17T03:00:00Z,69.5,10.3,9.1,10.1,1.2,1.2
2-3 дня,2026-08-14T10:44:54Z,2026-08-16T12:00:00Z,49.3,16.3,16.0,13.4,0.3,0.3
2-3 дня,2026-08-14T10:44:54Z,2026-08-16T15:00:00Z,52.3,16.2,16.2,13.0,0.0,0.0
2-3 дня,2026-08-14T10:44:54Z,2026-08-16T18:00:00Z,55.3,12.0,11.2,12.2,0.8,0.8
2-3 дня,2026-08-14T10:44:54Z,2026-08-16T21:00:00Z,58.3,9.7,9.4,11.3,0.3,0.3
2-3 дня,2026-08-14T10:44:54Z,2026-08-17T00:00:00Z,61.3,8.7,9.3,10.8,-0.6,0.6
2-3 дня,2026-08-14T10:44:54Z,2026-08-17T03:00:00Z,64.3,10.0,9.1,10.1,0.9,0.9
2-3 дня,2026-08-14T10:44:54Z,2026-08-17T06:00:00Z,67.3,14.8,15.0,12.3,-0.2,0.2
2-3 дня,2026-08-14T10:44:54Z,2026-08-17T09:00:00Z,70.3,18.5,17.9,14.3,0.6,0.6
2-3 дня,2026-08-14T16:48:33Z,2026-08-16T18:00:00Z,49.2,12.2,11.2,12.2,1.0,1.0
2-3 дня,2026-08-14T16:48:33Z,2026-08-16T21:00:00Z,52.2,10.3,9.4,11.3,0.9,0.9
2-3 дня,2026-08-14T16:48:33Z,2026-08-17T00:00:00Z,55.2,9.1,9.3,10.8,-0.2,0.2
2-3 дня,2026-08-14T16:48:33Z,2026-08-17T03:00:00Z,58.2,9.9,9.1,10.1,0.8,0.8
2-3 дня,2026-08-14T16:48:33Z,2026-08-17T06:00:00Z,61.2,14.8,15.0,12.3,-0.2,0.2
2-3 дня,2026-08-14T16:48:33Z,2026-08-17T09:00:00Z,64.2,18.4,17.9,14.3,0.5,0.5
2-3 дня,2026-08-14T16:48:33Z,2026-08-17T12:00:00Z,67.2,19.5,19.5,16.0,0.0,0.0
2-3 дня,2026-08-14T16:48:33Z,2026-08-17T15:00:00Z,70.2,19.0,19.1,16.2,-0.1,0.1
2-3 дня,2026-08-14T22:30:55Z,2026-08-17T00:00:00Z,49.5,8.9,9.3,10.8,-0.4,0.4
2-3 дня,2026-08-14T22:30:55Z,2026-08-17T03:00:00Z,52.5,10.2,9.1,10.1,1.1,1.1
2-3 дня,2026-08-14T22:30:55Z,2026-08-17T06:00:00Z,55.5,15.7,15.0,12.3,0.7,0.7
2-3 дня,2026-08-14T22:30:55Z,2026-08-17T09:00:00Z,58.5,19.1,17.9,14.3,1.2,1.2
2-3 дня,2026-08-14T22:30:55Z,2026-08-17T12:00:00Z,61.5,19.8,19.5,16.0,0.3,0.3
2-3 дня,2026-08-14T22:30:55Z,2026-08-17T15:00:00Z,64.5,16.4,19.1,16.2,-2.7,2.7
2-3 дня,2026-08-14T22:30:55Z,2026-08-17T18:00:00Z,67.5,14.4,14.5,11.2,-0.1,0.1
2-3 дня,2026-08-14T22:30:55Z,2026-08-17T21:00:00Z,70.5,13.6,13.0,9.4,0.6,0.6
2-3 дня,2026-08-15T04:24:15Z,2026-08-17T06:00:00Z,49.6,14.8,15.0,12.3,-0.2,0.2
2-3 дня,2026-08-15T04:24:15Z,2026-08-17T09:00:00Z,52.6,18.1,17.9,14.3,0.2,0.2
2-3 дня,2026-08-15T04:24:15Z,2026-08-17T12:00:00Z,55.6,19.5,19.5,16.0,0.0,0.0
2-3 дня,2026-08-15T04:24:15Z,2026-08-17T15:00:00Z,58.6,18.4,19.1,16.2,-0.7,0.7
2-3 дня,2026-08-15T04:24:15Z,2026-08-17T18:00:00Z,61.6,13.8,14.5,11.2,-0.7,0.7
2-3 дня,2026-08-15T04:24:15Z,2026-08-17T21:00:00Z,64.6,11.5,13.0,9.4,-1.5,1.5
2-3 дня,2026-08-15T04:24:15Z,2026-08-18T00:00:00Z,67.6,9.8,13.0,9.3,-3.2,3.2
2-3 дня,2026-08-15T04:24:15Z,2026-08-18T03:00:00Z,70.6,11.1,12.6,9.1,-1.5,1.5
2-3 дня,2026-08-15T10:09:15Z,2026-08-17T12:00:00Z,49.8,17.2,19.5,16.0,-2.3,2.3
2-3 дня,2026-08-15T10:09:15Z,2026-08-17T15:00:00Z,52.8,17.3,19.1,16.2,-1.8,1.8
2-3 дня,2026-08-15T10:09:15Z,2026-08-17T18:00:00Z,55.8,12.6,14.5,11.2,-1.9,1.9
2-3 дня,2026-08-15T10:09:15Z,2026-08-17T21:00:00Z,58.8,11.1,13.0,9.4,-1.9,1.9
2-3 дня,2026-08-15T10:09:15Z,2026-08-18T00:00:00Z,61.8,10.7,13.0,9.3,-2.3,2.3
2-3 дня,2026-08-15T10:09:15Z,2026-08-18T03:00:00Z,64.8,11.4,12.6,9.1,-1.2,1.2
2-3 дня,2026-08-15T10:09:15Z,2026-08-18T06:00:00Z,67.8,14.0,15.4,15.0,-1.4,1.4
2-3 дня,2026-08-15T10:09:15Z,2026-08-18T09:00:00Z,70.8,16.1,18.7,17.9,-2.6,2.6
2-3 дня,2026-08-15T22:29:33Z,2026-08-18T00:00:00Z,49.5,12.2,13.0,9.3,-0.8,0.8
2-3 дня,2026-08-15T22:29:33Z,2026-08-18T03:00:00Z,52.5,13.1,12.6,9.1,0.5,0.5
2-3 дня,2026-08-15T22:29:33Z,2026-08-18T06:00:00Z,55.5,17.1,15.4,15.0,1.7,1.7
2-3 дня,2026-08-15T22:29:33Z,2026-08-18T09:00:00Z,58.5,19.2,18.7,17.9,0.5,0.5
2-3 дня,2026-08-15T22:29:33Z,2026-08-18T12:00:00Z,61.5,19.5,18.5,19.5,1.0,1.0
2-3 дня,2026-08-15T22:29:33Z,2026-08-18T15:00:00Z,64.5,18.8,18.8,19.1,0.0,0.0
2-3 дня,2026-08-15T22:29:33Z,2026-08-18T18:00:00Z,67.5,14.1,14.0,14.5,0.1,0.1
2-3 дня,2026-08-15T22:29:33Z,2026-08-18T21:00:00Z,70.5,12.8,12.0,13.0,0.8,0.8
2-3 дня,2026-08-16T04:29:41Z,2026-08-18T06:00:00Z,49.5,17.0,15.4,15.0,1.6,1.6
2-3 дня,2026-08-16T04:29:41Z,2026-08-18T09:00:00Z,52.5,19.7,18.7,17.9,1.0,1.0
2-3 дня,2026-08-16T04:29:41Z,2026-08-18T12:00:00Z,55.5,20.3,18.5,19.5,1.8,1.8
2-3 дня,2026-08-16T04:29:41Z,2026-08-18T15:00:00Z,58.5,19.1,18.8,19.1,0.3,0.3
2-3 дня,2026-08-16T04:29:41Z,2026-08-18T18:00:00Z,61.5,14.9,14.0,14.5,0.9,0.9
2-3 дня,2026-08-16T04:29:41Z,2026-08-18T21:00:00Z,64.5,13.0,12.0,13.0,1.0,1.0
2-3 дня,2026-08-16T04:29:41Z,2026-08-19T00:00:00Z,67.5,11.4,12.5,13.0,-1.1,1.1
2-3 дня,2026-08-16T04:29:41Z,2026-08-19T03:00:00Z,70.5,11.8,13.3,12.6,-1.5,1.5
2-3 дня,2026-08-16T07:21:44Z,2026-08-18T09:00:00Z,49.6,19.7,18.7,17.9,1.0,1.0
2-3 дня,2026-08-16T07:21:44Z,2026-08-18T12:00:00Z,52.6,20.3,18.5,19.5,1.8,1.8
2-3 дня,2026-08-16T07:21:44Z,2026-08-18T15:00:00Z,55.6,19.1,18.8,19.1,0.3,0.3
2-3 дня,2026-08-16T07:21:44Z,2026-08-18T18:00:00Z,58.6,14.9,14.0,14.5,0.9,0.9
2-3 дня,2026-08-16T07:21:44Z,2026-08-18T21:00:00Z,61.6,13.0,12.0,13.0,1.0,1.0
2-3 дня,2026-08-16T07:21:44Z,2026-08-19T00:00:00Z,64.6,11.4,12.5,13.0,-1.1,1.1
2-3 дня,2026-08-16T07:21:44Z,2026-08-19T03:00:00Z,67.6,11.8,13.3,12.6,-1.5,1.5
2-3 дня,2026-08-16T07:21:44Z,2026-08-19T06:00:00Z,70.6,15.7,14.3,15.4,1.4,1.4
2-3 дня,2026-08-16T10:09:47Z,2026-08-18T12:00:00Z,49.8,19.1,18.5,19.5,0.6,0.6
2-3 дня,2026-08-16T10:09:47Z,2026-08-18T15:00:00Z,52.8,17.9,18.8,19.1,-0.9,0.9
2-3 дня,2026-08-16T10:09:47Z,2026-08-18T18:00:00Z,55.8,14.4,14.0,14.5,0.4,0.4
2-3 дня,2026-08-16T10:09:47Z,2026-08-18T21:00:00Z,58.8,13.1,12.0,13.0,1.1,1.1
2-3 дня,2026-08-16T10:09:47Z,2026-08-19T00:00:00Z,61.8,11.8,12.5,13.0,-0.7,0.7
2-3 дня,2026-08-16T10:09:47Z,2026-08-19T03:00:00Z,64.8,11.9,13.3,12.6,-1.4,1.4
2-3 дня,2026-08-16T10:09:47Z,2026-08-19T06:00:00Z,67.8,15.3,14.3,15.4,1.0,1.0
2-3 дня,2026-08-16T10:09:47Z,2026-08-19T09:00:00Z,70.8,17.4,17.4,18.7,0.0,0.0
2-3 дня,2026-08-16T16:21:00Z,2026-08-18T18:00:00Z,49.6,13.6,14.0,14.5,-0.4,0.4
2-3 дня,2026-08-16T16:21:00Z,2026-08-18T21:00:00Z,52.6,13.7,12.0,13.0,1.7,1.7
2-3 дня,2026-08-16T16:21:00Z,2026-08-19T00:00:00Z,55.6,12.0,12.5,13.0,-0.5,0.5
2-3 дня,2026-08-16T16:21:00Z,2026-08-19T03:00:00Z,58.6,12.2,13.3,12.6,-1.1,1.1
2-3 дня,2026-08-16T16:21:00Z,2026-08-19T06:00:00Z,61.6,14.4,14.3,15.4,0.1,0.1
2-3 дня,2026-08-16T16:21:00Z,2026-08-19T09:00:00Z,64.7,17.6,17.4,18.7,0.2,0.2
2-3 дня,2026-08-16T16:21:00Z,2026-08-19T12:00:00Z,67.7,20.0,19.6,18.5,0.4,0.4
2-3 дня,2026-08-16T16:21:00Z,2026-08-19T15:00:00Z,70.7,17.5,17.6,18.8,-0.1,0.1
2-3 дня,2026-08-16T22:29:34Z,2026-08-19T00:00:00Z,49.5,12.0,12.5,13.0,-0.5,0.5
2-3 дня,2026-08-16T22:29:34Z,2026-08-19T03:00:00Z,52.5,12.3,13.3,12.6,-1.0,1.0
2-3 дня,2026-08-16T22:29:34Z,2026-08-19T06:00:00Z,55.5,16.2,14.3,15.4,1.9,1.9
2-3 дня,2026-08-16T22:29:34Z,2026-08-19T09:00:00Z,58.5,19.6,17.4,18.7,2.2,2.2
2-3 дня,2026-08-16T22:29:34Z,2026-08-19T12:00:00Z,61.5,20.4,19.6,18.5,0.8,0.8
2-3 дня,2026-08-16T22:29:34Z,2026-08-19T15:00:00Z,64.5,19.4,17.6,18.8,1.8,1.8
2-3 дня,2026-08-16T22:29:34Z,2026-08-19T18:00:00Z,67.5,15.6,14.6,14.0,1.0,1.0
2-3 дня,2026-08-16T22:29:34Z,2026-08-19T21:00:00Z,70.5,15.0,15.0,12.0,0.0,0.0
2-3 дня,2026-08-17T04:35:30Z,2026-08-19T06:00:00Z,49.4,15.7,14.3,15.4,1.4,1.4
2-3 дня,2026-08-17T04:35:30Z,2026-08-19T09:00:00Z,52.4,19.2,17.4,18.7,1.8,1.8
2-3 дня,2026-08-17T04:35:30Z,2026-08-19T12:00:00Z,55.4,19.9,19.6,18.5,0.3,0.3
2-3 дня,2026-08-17T04:35:30Z,2026-08-19T15:00:00Z,58.4,19.2,17.6,18.8,1.6,1.6
2-3 дня,2026-08-17T04:35:30Z,2026-08-19T18:00:00Z,61.4,15.6,14.6,14.0,1.0,1.0
2-3 дня,2026-08-17T04:35:30Z,2026-08-19T21:00:00Z,64.4,15.0,15.0,12.0,0.0,0.0
2-3 дня,2026-08-17T04:35:30Z,2026-08-20T00:00:00Z,67.4,15.3,15.1,12.5,0.2,0.2
2-3 дня,2026-08-17T04:35:30Z,2026-08-20T03:00:00Z,70.4,13.9,15.2,13.3,-1.3,1.3
2-3 дня,2026-08-17T10:18:11Z,2026-08-19T12:00:00Z,49.7,19.9,19.6,18.5,0.3,0.3
2-3 дня,2026-08-17T10:18:11Z,2026-08-19T15:00:00Z,52.7,19.2,17.6,18.8,1.6,1.6
2-3 дня,2026-08-17T10:18:11Z,2026-08-19T18:00:00Z,55.7,15.6,14.6,14.0,1.0,1.0
2-3 дня,2026-08-17T10:18:11Z,2026-08-19T21:00:00Z,58.7,15.0,15.0,12.0,0.0,0.0
2-3 дня,2026-08-17T10:18:11Z,2026-08-20T00:00:00Z,61.7,15.3,15.1,12.5,0.2,0.2
2-3 дня,2026-08-17T10:18:11Z,2026-08-20T03:00:00Z,64.7,13.9,15.2,13.3,-1.3,1.3
2-3 дня,2026-08-17T10:18:11Z,2026-08-20T06:00:00Z,67.7,13.9,15.0,14.3,-1.1,1.1
2-3 дня,2026-08-17T10:18:11Z,2026-08-20T09:00:00Z,70.7,16.3,15.1,17.4,1.2,1.2
2-3 дня,2026-08-17T16:23:45Z,2026-08-19T18:00:00Z,49.6,15.6,14.6,14.0,1.0,1.0
2-3 дня,2026-08-17T16:23:45Z,2026-08-19T21:00:00Z,52.6,15.0,15.0,12.0,0.0,0.0
2-3 дня,2026-08-17T16:23:45Z,2026-08-20T00:00:00Z,55.6,15.3,15.1,12.5,0.2,0.2
2-3 дня,2026-08-17T16:23:45Z,2026-08-20T03:00:00Z,58.6,13.9,15.2,13.3,-1.3,1.3
2-3 дня,2026-08-17T16:23:45Z,2026-08-20T06:00:00Z,61.6,13.9,15.0,14.3,-1.1,1.1
2-3 дня,2026-08-17T16:23:45Z,2026-08-20T09:00:00Z,64.6,16.3,15.1,17.4,1.2,1.2
2-3 дня,2026-08-17T16:23:45Z,2026-08-20T12:00:00Z,67.6,16.8,16.7,19.6,0.1,0.1
2-3 дня,2026-08-17T16:23:45Z,2026-08-20T15:00:00Z,70.6,17.6,15.2,17.6,2.4,2.4
2-3 дня,2026-08-17T22:31:28Z,2026-08-20T00:00:00Z,49.5,15.3,15.1,12.5,0.2,0.2
2-3 дня,2026-08-17T22:31:28Z,2026-08-20T03:00:00Z,52.5,13.9,15.2,13.3,-1.3,1.3
2-3 дня,2026-08-17T22:31:28Z,2026-08-20T06:00:00Z,55.5,13.9,15.0,14.3,-1.1,1.1
2-3 дня,2026-08-17T22:31:28Z,2026-08-20T09:00:00Z,58.5,16.3,15.1,17.4,1.2,1.2
2-3 дня,2026-08-17T22:31:28Z,2026-08-20T12:00:00Z,61.5,16.8,16.7,19.6,0.1,0.1
2-3 дня,2026-08-17T22:31:28Z,2026-08-20T15:00:00Z,64.5,17.6,15.2,17.6,2.4,2.4
2-3 дня,2026-08-17T22:31:28Z,2026-08-20T18:00:00Z,67.5,15.4,13.8,14.6,1.6,1.6
2-3 дня,2026-08-17T22:31:28Z,2026-08-20T21:00:00Z,70.5,15.2,13.9,15.0,1.3,1.3
2-3 дня,2026-08-18T04:30:05Z,2026-08-20T06:00:00Z,49.5,13.9,15.0,14.3,-1.1,1.1
2-3 дня,2026-08-18T04:30:05Z,2026-08-20T09:00:00Z,52.5,16.3,15.1,17.4,1.2,1.2
2-3 дня,2026-08-18T04:30:05Z,2026-08-20T12:00:00Z,55.5,16.8,16.7,19.6,0.1,0.1
2-3 дня,2026-08-18T04:30:05Z,2026-08-20T15:00:00Z,58.5,17.6,15.2,17.6,2.4,2.4
2-3 дня,2026-08-18T04:30:05Z,2026-08-20T18:00:00Z,61.5,15.4,13.8,14.6,1.6,1.6
2-3 дня,2026-08-18T04:30:05Z,2026-08-20T21:00:00Z,64.5,15.2,13.9,15.0,1.3,1.3
2-3 дня,2026-08-18T04:30:05Z,2026-08-21T00:00:00Z,67.5,14.5,13.1,15.1,1.4,1.4
2-3 дня,2026-08-18T04:30:05Z,2026-08-21T03:00:00Z,70.5,14.7,12.4,15.2,2.3,2.3
2-3 дня,2026-08-18T10:14:55Z,2026-08-20T12:00:00Z,49.8,16.8,16.7,19.6,0.1,0.1
2-3 дня,2026-08-18T10:14:55Z,2026-08-20T15:00:00Z,52.8,17.6,15.2,17.6,2.4,2.4
2-3 дня,2026-08-18T10:14:55Z,2026-08-20T18:00:00Z,55.8,15.4,13.8,14.6,1.6,1.6
2-3 дня,2026-08-18T10:14:55Z,2026-08-20T21:00:00Z,58.8,15.2,13.9,15.0,1.3,1.3
2-3 дня,2026-08-18T10:14:55Z,2026-08-21T00:00:00Z,61.8,14.5,13.1,15.1,1.4,1.4
2-3 дня,2026-08-18T10:14:55Z,2026-08-21T03:00:00Z,64.8,14.7,12.4,15.2,2.3,2.3
2-3 дня,2026-08-18T10:14:55Z,2026-08-21T06:00:00Z,67.8,15.1,15.9,15.0,-0.8,0.8
2-3 дня,2026-08-18T10:14:55Z,2026-08-21T09:00:00Z,70.8,15.8,17.9,15.1,-2.1,2.1
2-3 дня,2026-08-18T16:27:50Z,2026-08-20T18:00:00Z,49.5,15.9,13.8,14.6,2.1,2.1
2-3 дня,2026-08-18T16:27:50Z,2026-08-20T21:00:00Z,52.5,13.6,13.9,15.0,-0.3,0.3
2-3 дня,2026-08-18T16:27:50Z,2026-08-21T00:00:00Z,55.5,11.9,13.1,15.1,-1.2,1.2
2-3 дня,2026-08-18T16:27:50Z,2026-08-21T03:00:00Z,58.5,11.7,12.4,15.2,-0.7,0.7
2-3 дня,2026-08-18T16:27:50Z,2026-08-21T06:00:00Z,61.5,15.5,15.9,15.0,-0.4,0.4
2-3 дня,2026-08-18T16:27:50Z,2026-08-21T09:00:00Z,64.5,16.6,17.9,15.1,-1.3,1.3
2-3 дня,2026-08-18T16:27:50Z,2026-08-21T12:00:00Z,67.5,18.7,18.3,16.7,0.4,0.4
2-3 дня,2026-08-18T16:27:50Z,2026-08-21T15:00:00Z,70.5,18.2,15.5,15.2,2.7,2.7
2-3 дня,2026-08-18T22:31:39Z,2026-08-21T00:00:00Z,49.5,14.2,13.1,15.1,1.1,1.1
2-3 дня,2026-08-18T22:31:39Z,2026-08-21T03:00:00Z,52.5,13.7,12.4,15.2,1.3,1.3
2-3 дня,2026-08-18T22:31:39Z,2026-08-21T06:00:00Z,55.5,15.9,15.9,15.0,0.0,0.0
2-3 дня,2026-08-18T22:31:39Z,2026-08-21T09:00:00Z,58.5,14.5,17.9,15.1,-3.4,3.4
2-3 дня,2026-08-18T22:31:39Z,2026-08-21T12:00:00Z,61.5,16.6,18.3,16.7,-1.7,1.7
2-3 дня,2026-08-18T22:31:39Z,2026-08-21T15:00:00Z,64.5,15.8,15.5,15.2,0.3,0.3
2-3 дня,2026-08-18T22:31:39Z,2026-08-21T18:00:00Z,67.5,14.0,14.0,13.8,0.0,0.0
2-3 дня,2026-08-18T22:31:39Z,2026-08-21T21:00:00Z,70.5,13.5,13.4,13.9,0.1,0.1
2-3 дня,2026-08-19T04:31:14Z,2026-08-21T06:00:00Z,49.5,14.6,15.9,15.0,-1.3,1.3
2-3 дня,2026-08-19T04:31:14Z,2026-08-21T09:00:00Z,52.5,15.0,17.9,15.1,-2.9,2.9
2-3 дня,2026-08-19T04:31:14Z,2026-08-21T12:00:00Z,55.5,15.7,18.3,16.7,-2.6,2.6
2-3 дня,2026-08-19T04:31:14Z,2026-08-21T15:00:00Z,58.5,15.5,15.5,15.2,0.0,0.0
2-3 дня,2026-08-19T04:31:14Z,2026-08-21T18:00:00Z,61.5,13.5,14.0,13.8,-0.5,0.5
2-3 дня,2026-08-19T04:31:14Z,2026-08-21T21:00:00Z,64.5,13.1,13.4,13.9,-0.3,0.3
2-3 дня,2026-08-19T04:31:14Z,2026-08-22T00:00:00Z,67.5,12.9,13.5,13.1,-0.6,0.6
2-3 дня,2026-08-19T04:31:14Z,2026-08-22T03:00:00Z,70.5,12.6,14.2,12.4,-1.6,1.6
2-3 дня,2026-08-19T10:14:48Z,2026-08-21T12:00:00Z,49.8,19.6,18.3,16.7,1.3,1.3
2-3 дня,2026-08-19T10:14:48Z,2026-08-21T15:00:00Z,52.8,17.8,15.5,15.2,2.3,2.3
2-3 дня,2026-08-19T10:14:48Z,2026-08-21T18:00:00Z,55.8,15.7,14.0,13.8,1.7,1.7
2-3 дня,2026-08-19T10:14:48Z,2026-08-21T21:00:00Z,58.8,12.2,13.4,13.9,-1.2,1.2
2-3 дня,2026-08-19T10:14:48Z,2026-08-22T00:00:00Z,61.8,13.2,13.5,13.1,-0.3,0.3
2-3 дня,2026-08-19T10:14:48Z,2026-08-22T03:00:00Z,64.8,12.8,14.2,12.4,-1.4,1.4
2-3 дня,2026-08-19T10:14:48Z,2026-08-22T06:00:00Z,67.8,15.6,15.4,15.9,0.2,0.2
2-3 дня,2026-08-19T10:14:48Z,2026-08-22T09:00:00Z,70.8,18.3,16.3,17.9,2.0,2.0
2-3 дня,2026-08-19T16:28:17Z,2026-08-21T18:00:00Z,49.5,14.0,14.0,13.8,0.0,0.0
2-3 дня,2026-08-19T16:28:17Z,2026-08-21T21:00:00Z,52.5,12.8,13.4,13.9,-0.6,0.6
2-3 дня,2026-08-19T16:28:17Z,2026-08-22T00:00:00Z,55.5,12.9,13.5,13.1,-0.6,0.6
2-3 дня,2026-08-19T16:28:17Z,2026-08-22T03:00:00Z,58.5,13.4,14.2,12.4,-0.8,0.8
2-3 дня,2026-08-19T16:28:17Z,2026-08-22T06:00:00Z,61.5,14.4,15.4,15.9,-1.0,1.0
2-3 дня,2026-08-19T16:28:17Z,2026-08-22T09:00:00Z,64.5,17.2,16.3,17.9,0.9,0.9
2-3 дня,2026-08-19T16:28:17Z,2026-08-22T12:00:00Z,67.5,16.1,18.2,18.3,-2.1,2.1
2-3 дня,2026-08-19T16:28:17Z,2026-08-22T15:00:00Z,70.5,14.4,16.2,15.5,-1.8,1.8
2-3 дня,2026-08-20T04:31:56Z,2026-08-22T06:00:00Z,49.5,15.0,15.4,15.9,-0.4,0.4
2-3 дня,2026-08-20T04:31:56Z,2026-08-22T09:00:00Z,52.5,17.3,16.3,17.9,1.0,1.0
2-3 дня,2026-08-20T04:31:56Z,2026-08-22T12:00:00Z,55.5,15.2,18.2,18.3,-3.0,3.0
2-3 дня,2026-08-20T04:31:56Z,2026-08-22T15:00:00Z,58.5,16.1,16.2,15.5,-0.1,0.1
2-3 дня,2026-08-20T04:31:56Z,2026-08-22T18:00:00Z,61.5,13.2,12.5,14.0,0.7,0.7
2-3 дня,2026-08-20T04:31:56Z,2026-08-22T21:00:00Z,64.5,11.4,11.1,13.4,0.3,0.3
2-3 дня,2026-08-20T04:31:56Z,2026-08-23T00:00:00Z,67.5,10.7,10.8,13.5,-0.1,0.1
2-3 дня,2026-08-20T04:31:56Z,2026-08-23T03:00:00Z,70.5,10.9,10.5,14.2,0.4,0.4
2-3 дня,2026-08-20T10:16:10Z,2026-08-22T12:00:00Z,49.7,18.3,18.2,18.3,0.1,0.1
2-3 дня,2026-08-20T10:16:10Z,2026-08-22T15:00:00Z,52.7,15.8,16.2,15.5,-0.4,0.4
2-3 дня,2026-08-20T10:16:10Z,2026-08-22T18:00:00Z,55.7,13.4,12.5,14.0,0.9,0.9
2-3 дня,2026-08-20T10:16:10Z,2026-08-22T21:00:00Z,58.7,11.6,11.1,13.4,0.5,0.5
2-3 дня,2026-08-20T10:16:10Z,2026-08-23T00:00:00Z,61.7,10.5,10.8,13.5,-0.3,0.3
2-3 дня,2026-08-20T10:16:10Z,2026-08-23T03:00:00Z,64.7,11.5,10.5,14.2,1.0,1.0
2-3 дня,2026-08-20T10:16:10Z,2026-08-23T06:00:00Z,67.7,14.3,15.3,15.4,-1.0,1.0
2-3 дня,2026-08-20T10:16:10Z,2026-08-23T09:00:00Z,70.7,16.1,19.7,16.3,-3.6,3.6
2-3 дня,2026-08-20T16:31:45Z,2026-08-22T18:00:00Z,49.5,13.7,12.5,14.0,1.2,1.2
2-3 дня,2026-08-20T16:31:45Z,2026-08-22T21:00:00Z,52.5,11.5,11.1,13.4,0.4,0.4
2-3 дня,2026-08-20T16:31:45Z,2026-08-23T00:00:00Z,55.5,11.0,10.8,13.5,0.2,0.2
2-3 дня,2026-08-20T16:31:45Z,2026-08-23T03:00:00Z,58.5,10.9,10.5,14.2,0.4,0.4
2-3 дня,2026-08-20T16:31:45Z,2026-08-23T06:00:00Z,61.5,13.6,15.3,15.4,-1.7,1.7
2-3 дня,2026-08-20T16:31:45Z,2026-08-23T09:00:00Z,64.5,15.6,19.7,16.3,-4.1,4.1
2-3 дня,2026-08-20T16:31:45Z,2026-08-23T12:00:00Z,67.5,16.8,15.9,18.2,0.9,0.9
2-3 дня,2026-08-20T16:31:45Z,2026-08-23T15:00:00Z,70.5,14.2,14.0,16.2,0.2,0.2
2-3 дня,2026-08-20T22:34:58Z,2026-08-23T00:00:00Z,49.4,10.6,10.8,13.5,-0.2,0.2
2-3 дня,2026-08-20T22:34:58Z,2026-08-23T03:00:00Z,52.4,11.4,10.5,14.2,0.9,0.9
2-3 дня,2026-08-20T22:34:58Z,2026-08-23T06:00:00Z,55.4,14.4,15.3,15.4,-0.9,0.9
2-3 дня,2026-08-20T22:34:58Z,2026-08-23T09:00:00Z,58.4,16.4,19.7,16.3,-3.3,3.3
2-3 дня,2026-08-20T22:34:58Z,2026-08-23T12:00:00Z,61.4,17.0,15.9,18.2,1.1,1.1
2-3 дня,2026-08-20T22:34:58Z,2026-08-23T15:00:00Z,64.4,15.5,14.0,16.2,1.5,1.5
2-3 дня,2026-08-20T22:34:58Z,2026-08-23T18:00:00Z,67.4,14.3,13.2,12.5,1.1,1.1
2-3 дня,2026-08-20T22:34:58Z,2026-08-23T21:00:00Z,70.4,13.8,13.5,11.1,0.3,0.3
2-3 дня,2026-08-21T04:32:20Z,2026-08-23T06:00:00Z,49.5,14.6,15.3,15.4,-0.7,0.7
2-3 дня,2026-08-21T04:32:20Z,2026-08-23T09:00:00Z,52.5,18.5,19.7,16.3,-1.2,1.2
2-3 дня,2026-08-21T04:32:20Z,2026-08-23T12:00:00Z,55.5,18.0,15.9,18.2,2.1,2.1
2-3 дня,2026-08-21T04:32:20Z,2026-08-23T15:00:00Z,58.5,16.8,14.0,16.2,2.8,2.8
2-3 дня,2026-08-21T04:32:20Z,2026-08-23T18:00:00Z,61.5,14.5,13.2,12.5,1.3,1.3
2-3 дня,2026-08-21T04:32:20Z,2026-08-23T21:00:00Z,64.5,14.0,13.5,11.1,0.5,0.5
2-3 дня,2026-08-21T04:32:20Z,2026-08-24T00:00:00Z,67.5,14.0,13.8,10.8,0.2,0.2
2-3 дня,2026-08-21T04:32:20Z,2026-08-24T03:00:00Z,70.5,14.3,14.1,10.5,0.2,0.2
2-3 дня,2026-08-21T10:16:50Z,2026-08-23T12:00:00Z,49.7,17.1,15.9,18.2,1.2,1.2
2-3 дня,2026-08-21T10:16:50Z,2026-08-23T15:00:00Z,52.7,15.5,14.0,16.2,1.5,1.5
2-3 дня,2026-08-21T10:16:50Z,2026-08-23T18:00:00Z,55.7,14.1,13.2,12.5,0.9,0.9
2-3 дня,2026-08-21T10:16:50Z,2026-08-23T21:00:00Z,58.7,13.9,13.5,11.1,0.4,0.4
2-3 дня,2026-08-21T10:16:50Z,2026-08-24T00:00:00Z,61.7,13.9,13.8,10.8,0.1,0.1
2-3 дня,2026-08-21T10:16:50Z,2026-08-24T03:00:00Z,64.7,13.3,14.1,10.5,-0.8,0.8
2-3 дня,2026-08-21T10:16:50Z,2026-08-24T06:00:00Z,67.7,15.8,14.4,15.3,1.4,1.4
2-3 дня,2026-08-21T10:16:50Z,2026-08-24T09:00:00Z,70.7,18.4,15.7,19.7,2.7,2.7
2-3 дня,2026-08-21T16:30:34Z,2026-08-23T18:00:00Z,49.5,14.0,13.2,12.5,0.8,0.8
2-3 дня,2026-08-21T16:30:34Z,2026-08-23T21:00:00Z,52.5,13.7,13.5,11.1,0.2,0.2
2-3 дня,2026-08-21T16:30:34Z,2026-08-24T00:00:00Z,55.5,13.5,13.8,10.8,-0.3,0.3
2-3 дня,2026-08-21T16:30:34Z,2026-08-24T03:00:00Z,58.5,13.5,14.1,10.5,-0.6,0.6
2-3 дня,2026-08-21T16:30:34Z,2026-08-24T06:00:00Z,61.5,14.1,14.4,15.3,-0.3,0.3
2-3 дня,2026-08-21T16:30:34Z,2026-08-24T09:00:00Z,64.5,15.8,15.7,19.7,0.1,0.1
2-3 дня,2026-08-21T16:30:34Z,2026-08-24T12:00:00Z,67.5,14.7,17.8,15.9,-3.1,3.1
2-3 дня,2026-08-21T16:30:34Z,2026-08-24T15:00:00Z,70.5,14.6,15.6,14.0,-1.0,1.0
2-3 дня,2026-08-21T22:32:12Z,2026-08-24T00:00:00Z,49.5,13.5,13.8,10.8,-0.3,0.3
2-3 дня,2026-08-21T22:32:12Z,2026-08-24T03:00:00Z,52.5,13.5,14.1,10.5,-0.6,0.6
2-3 дня,2026-08-21T22:32:12Z,2026-08-24T06:00:00Z,55.5,14.3,14.4,15.3,-0.1,0.1
2-3 дня,2026-08-21T22:32:12Z,2026-08-24T09:00:00Z,58.5,15.5,15.7,19.7,-0.2,0.2
2-3 дня,2026-08-21T22:32:12Z,2026-08-24T12:00:00Z,61.5,15.4,17.8,15.9,-2.4,2.4
2-3 дня,2026-08-21T22:32:12Z,2026-08-24T15:00:00Z,64.5,15.5,15.6,14.0,-0.1,0.1
2-3 дня,2026-08-21T22:32:12Z,2026-08-24T18:00:00Z,67.5,13.6,14.5,13.2,-0.9,0.9
2-3 дня,2026-08-21T22:32:12Z,2026-08-24T21:00:00Z,70.5,12.4,14.1,13.5,-1.7,1.7
2-3 дня,2026-08-22T04:26:43Z,2026-08-24T06:00:00Z,49.6,14.9,14.4,15.3,0.5,0.5
2-3 дня,2026-08-22T04:26:43Z,2026-08-24T09:00:00Z,52.6,16.7,15.7,19.7,1.0,1.0
2-3 дня,2026-08-22T04:26:43Z,2026-08-24T12:00:00Z,55.6,15.1,17.8,15.9,-2.7,2.7
2-3 дня,2026-08-22T04:26:43Z,2026-08-24T15:00:00Z,58.6,14.8,15.6,14.0,-0.8,0.8
2-3 дня,2026-08-22T04:26:43Z,2026-08-24T18:00:00Z,61.6,13.8,14.5,13.2,-0.7,0.7
2-3 дня,2026-08-22T04:26:43Z,2026-08-24T21:00:00Z,64.6,13.6,14.1,13.5,-0.5,0.5
2-3 дня,2026-08-22T04:26:43Z,2026-08-25T00:00:00Z,67.6,13.4,14.0,13.8,-0.6,0.6
2-3 дня,2026-08-22T04:26:43Z,2026-08-25T03:00:00Z,70.6,12.9,13.5,14.1,-0.6,0.6
2-3 дня,2026-08-22T10:09:41Z,2026-08-24T12:00:00Z,49.8,16.7,17.8,15.9,-1.1,1.1
2-3 дня,2026-08-22T10:09:41Z,2026-08-24T15:00:00Z,52.8,15.8,15.6,14.0,0.2,0.2
2-3 дня,2026-08-22T10:09:41Z,2026-08-24T18:00:00Z,55.8,13.5,14.5,13.2,-1.0,1.0
2-3 дня,2026-08-22T10:09:41Z,2026-08-24T21:00:00Z,58.8,12.8,14.1,13.5,-1.3,1.3
2-3 дня,2026-08-22T10:09:41Z,2026-08-25T00:00:00Z,61.8,13.1,14.0,13.8,-0.9,0.9
2-3 дня,2026-08-22T10:09:41Z,2026-08-25T03:00:00Z,64.8,12.5,13.5,14.1,-1.0,1.0
2-3 дня,2026-08-22T10:09:41Z,2026-08-25T06:00:00Z,67.8,12.4,13.0,14.4,-0.6,0.6
2-3 дня,2026-08-22T10:09:41Z,2026-08-25T09:00:00Z,70.8,12.8,13.7,15.7,-0.9,0.9
2-3 дня,2026-08-22T16:20:08Z,2026-08-24T18:00:00Z,49.7,13.8,14.5,13.2,-0.7,0.7
2-3 дня,2026-08-22T16:20:08Z,2026-08-24T21:00:00Z,52.7,12.8,14.1,13.5,-1.3,1.3
2-3 дня,2026-08-22T16:20:08Z,2026-08-25T00:00:00Z,55.7,12.9,14.0,13.8,-1.1,1.1
2-3 дня,2026-08-22T16:20:08Z,2026-08-25T03:00:00Z,58.7,13.1,13.5,14.1,-0.4,0.4
2-3 дня,2026-08-22T16:20:08Z,2026-08-25T06:00:00Z,61.7,12.9,13.0,14.4,-0.1,0.1
2-3 дня,2026-08-22T16:20:08Z,2026-08-25T09:00:00Z,64.7,12.5,13.7,15.7,-1.2,1.2
2-3 дня,2026-08-22T16:20:08Z,2026-08-25T12:00:00Z,67.7,12.8,14.8,17.8,-2.0,2.0
2-3 дня,2026-08-22T16:20:08Z,2026-08-25T15:00:00Z,70.7,13.3,13.4,15.6,-0.1,0.1
2-3 дня,2026-08-22T22:29:28Z,2026-08-25T00:00:00Z,49.5,13.0,14.0,13.8,-1.0,1.0
2-3 дня,2026-08-22T22:29:28Z,2026-08-25T03:00:00Z,52.5,12.9,13.5,14.1,-0.6,0.6
2-3 дня,2026-08-22T22:29:28Z,2026-08-25T06:00:00Z,55.5,12.3,13.0,14.4,-0.7,0.7
2-3 дня,2026-08-22T22:29:28Z,2026-08-25T09:00:00Z,58.5,13.1,13.7,15.7,-0.6,0.6
2-3 дня,2026-08-22T22:29:28Z,2026-08-25T12:00:00Z,61.5,13.5,14.8,17.8,-1.3,1.3
2-3 дня,2026-08-22T22:29:28Z,2026-08-25T15:00:00Z,64.5,14.1,13.4,15.6,0.7,0.7
2-3 дня,2026-08-22T22:29:28Z,2026-08-25T18:00:00Z,67.5,12.5,10.8,14.5,1.7,1.7
2-3 дня,2026-08-22T22:29:28Z,2026-08-25T21:00:00Z,70.5,9.9,8.9,14.1,1.0,1.0
2-3 дня,2026-08-23T04:31:06Z,2026-08-25T06:00:00Z,49.5,12.3,13.0,14.4,-0.7,0.7
2-3 дня,2026-08-23T04:31:06Z,2026-08-25T09:00:00Z,52.5,12.9,13.7,15.7,-0.8,0.8
2-3 дня,2026-08-23T04:31:06Z,2026-08-25T12:00:00Z,55.5,15.0,14.8,17.8,0.2,0.2
2-3 дня,2026-08-23T04:31:06Z,2026-08-25T15:00:00Z,58.5,13.1,13.4,15.6,-0.3,0.3
2-3 дня,2026-08-23T04:31:06Z,2026-08-25T18:00:00Z,61.5,11.7,10.8,14.5,0.9,0.9
2-3 дня,2026-08-23T04:31:06Z,2026-08-25T21:00:00Z,64.5,9.4,8.9,14.1,0.5,0.5
2-3 дня,2026-08-23T04:31:06Z,2026-08-26T00:00:00Z,67.5,8.5,9.2,14.0,-0.7,0.7
2-3 дня,2026-08-23T04:31:06Z,2026-08-26T03:00:00Z,70.5,9.3,9.8,13.5,-0.5,0.5
2-3 дня,2026-08-23T10:10:14Z,2026-08-25T12:00:00Z,49.8,14.1,14.8,17.8,-0.7,0.7
2-3 дня,2026-08-23T10:10:14Z,2026-08-25T15:00:00Z,52.8,13.3,13.4,15.6,-0.1,0.1
2-3 дня,2026-08-23T10:10:14Z,2026-08-25T18:00:00Z,55.8,11.7,10.8,14.5,0.9,0.9
2-3 дня,2026-08-23T10:10:14Z,2026-08-25T21:00:00Z,58.8,10.4,8.9,14.1,1.5,1.5
2-3 дня,2026-08-23T10:10:14Z,2026-08-26T00:00:00Z,61.8,8.2,9.2,14.0,-1.0,1.0
2-3 дня,2026-08-23T10:10:14Z,2026-08-26T03:00:00Z,64.8,9.0,9.8,13.5,-0.8,0.8
2-3 дня,2026-08-23T10:10:14Z,2026-08-26T06:00:00Z,67.8,13.3,12.8,13.0,0.5,0.5
2-3 дня,2026-08-23T10:10:14Z,2026-08-26T09:00:00Z,70.8,14.7,14.3,13.7,0.4,0.4
2-3 дня,2026-08-23T16:21:17Z,2026-08-25T18:00:00Z,49.6,11.7,10.8,14.5,0.9,0.9
2-3 дня,2026-08-23T16:21:17Z,2026-08-25T21:00:00Z,52.6,9.4,8.9,14.1,0.5,0.5
2-3 дня,2026-08-23T16:21:17Z,2026-08-26T00:00:00Z,55.6,8.4,9.2,14.0,-0.8,0.8
2-3 дня,2026-08-23T16:21:17Z,2026-08-26T03:00:00Z,58.6,10.1,9.8,13.5,0.3,0.3
2-3 дня,2026-08-23T16:21:17Z,2026-08-26T06:00:00Z,61.6,14.0,12.8,13.0,1.2,1.2
2-3 дня,2026-08-23T16:21:17Z,2026-08-26T09:00:00Z,64.6,14.0,14.3,13.7,-0.3,0.3
2-3 дня,2026-08-23T16:21:17Z,2026-08-26T12:00:00Z,67.6,13.9,11.8,14.8,2.1,2.1
2-3 дня,2026-08-23T16:21:17Z,2026-08-26T15:00:00Z,70.6,11.5,11.7,13.4,-0.2,0.2
2-3 дня,2026-08-23T22:29:36Z,2026-08-26T00:00:00Z,49.5,9.5,9.2,14.0,0.3,0.3
2-3 дня,2026-08-23T22:29:36Z,2026-08-26T03:00:00Z,52.5,11.8,9.8,13.5,2.0,2.0
2-3 дня,2026-08-23T22:29:36Z,2026-08-26T06:00:00Z,55.5,12.8,12.8,13.0,0.0,0.0
2-3 дня,2026-08-23T22:29:36Z,2026-08-26T09:00:00Z,58.5,12.7,14.3,13.7,-1.6,1.6
2-3 дня,2026-08-23T22:29:36Z,2026-08-26T12:00:00Z,61.5,12.3,11.8,14.8,0.5,0.5
2-3 дня,2026-08-23T22:29:36Z,2026-08-26T15:00:00Z,64.5,10.8,11.7,13.4,-0.9,0.9
2-3 дня,2026-08-23T22:29:36Z,2026-08-26T18:00:00Z,67.5,8.7,5.3,10.8,3.4,3.4
2-3 дня,2026-08-23T22:29:36Z,2026-08-26T21:00:00Z,70.5,8.0,3.2,8.9,4.8,4.8
2-3 дня,2026-08-24T04:38:48Z,2026-08-26T06:00:00Z,49.4,12.6,12.8,13.0,-0.2,0.2
2-3 дня,2026-08-24T04:38:48Z,2026-08-26T09:00:00Z,52.4,12.4,14.3,13.7,-1.9,1.9
2-3 дня,2026-08-24T04:38:48Z,2026-08-26T12:00:00Z,55.4,12.3,11.8,14.8,0.5,0.5
2-3 дня,2026-08-24T04:38:48Z,2026-08-26T15:00:00Z,58.4,11.3,11.7,13.4,-0.4,0.4
2-3 дня,2026-08-24T04:38:48Z,2026-08-26T18:00:00Z,61.4,8.5,5.3,10.8,3.2,3.2
2-3 дня,2026-08-24T04:38:48Z,2026-08-26T21:00:00Z,64.4,7.6,3.2,8.9,4.4,4.4
2-3 дня,2026-08-24T04:38:48Z,2026-08-27T00:00:00Z,67.4,8.5,2.6,9.2,5.9,5.9
2-3 дня,2026-08-24T04:38:48Z,2026-08-27T03:00:00Z,70.4,7.6,6.1,9.8,1.5,1.5
2-3 дня,2026-08-24T10:24:38Z,2026-08-26T12:00:00Z,49.6,11.9,11.8,14.8,0.1,0.1
2-3 дня,2026-08-24T10:24:38Z,2026-08-26T15:00:00Z,52.6,11.5,11.7,13.4,-0.2,0.2
2-3 дня,2026-08-24T10:24:38Z,2026-08-26T18:00:00Z,55.6,8.0,5.3,10.8,2.7,2.7
2-3 дня,2026-08-24T10:24:38Z,2026-08-26T21:00:00Z,58.6,8.3,3.2,8.9,5.1,5.1
2-3 дня,2026-08-24T10:24:38Z,2026-08-27T00:00:00Z,61.6,6.6,2.6,9.2,4.0,4.0
2-3 дня,2026-08-24T10:24:38Z,2026-08-27T03:00:00Z,64.6,7.8,6.1,9.8,1.7,1.7
2-3 дня,2026-08-24T10:24:38Z,2026-08-27T06:00:00Z,67.6,9.9,9.9,12.8,0.0,0.0
2-3 дня,2026-08-24T10:24:38Z,2026-08-27T09:00:00Z,70.6,9.9,11.2,14.3,-1.3,1.3
2-3 дня,2026-08-24T16:34:00Z,2026-08-26T18:00:00Z,49.4,8.2,5.3,10.8,2.9,2.9
2-3 дня,2026-08-24T16:34:00Z,2026-08-26T21:00:00Z,52.4,8.0,3.2,8.9,4.8,4.8
2-3 дня,2026-08-24T16:34:00Z,2026-08-27T00:00:00Z,55.4,8.2,2.6,9.2,5.6,5.6
2-3 дня,2026-08-24T16:34:00Z,2026-08-27T03:00:00Z,58.4,8.4,6.1,9.8,2.3,2.3
2-3 дня,2026-08-24T16:34:00Z,2026-08-27T06:00:00Z,61.4,9.3,9.9,12.8,-0.6,0.6
2-3 дня,2026-08-24T16:34:00Z,2026-08-27T09:00:00Z,64.4,9.7,11.2,14.3,-1.5,1.5
2-3 дня,2026-08-24T16:34:00Z,2026-08-27T12:00:00Z,67.4,9.0,11.3,11.8,-2.3,2.3
2-3 дня,2026-08-24T16:34:00Z,2026-08-27T15:00:00Z,70.4,8.7,9.8,11.7,-1.1,1.1
2-3 дня,2026-08-24T22:34:40Z,2026-08-27T00:00:00Z,49.4,7.9,2.6,9.2,5.3,5.3
2-3 дня,2026-08-24T22:34:40Z,2026-08-27T03:00:00Z,52.4,8.1,6.1,9.8,2.0,2.0
2-3 дня,2026-08-24T22:34:40Z,2026-08-27T06:00:00Z,55.4,10.2,9.9,12.8,0.3,0.3
2-3 дня,2026-08-24T22:34:40Z,2026-08-27T09:00:00Z,58.4,10.1,11.2,14.3,-1.1,1.1
2-3 дня,2026-08-24T22:34:40Z,2026-08-27T12:00:00Z,61.4,9.3,11.3,11.8,-2.0,2.0
2-3 дня,2026-08-24T22:34:40Z,2026-08-27T15:00:00Z,64.4,8.2,9.8,11.7,-1.6,1.6
2-3 дня,2026-08-24T22:34:40Z,2026-08-27T18:00:00Z,67.4,7.9,9.3,5.3,-1.4,1.4
2-3 дня,2026-08-24T22:34:40Z,2026-08-27T21:00:00Z,70.4,7.8,7.0,3.2,0.8,0.8
2-3 дня,2026-08-25T04:33:15Z,2026-08-27T06:00:00Z,49.4,10.1,9.9,12.8,0.2,0.2
2-3 дня,2026-08-25T04:33:15Z,2026-08-27T09:00:00Z,52.4,10.5,11.2,14.3,-0.7,0.7
2-3 дня,2026-08-25T04:33:15Z,2026-08-27T12:00:00Z,55.4,9.9,11.3,11.8,-1.4,1.4
2-3 дня,2026-08-25T04:33:15Z,2026-08-27T15:00:00Z,58.4,9.4,9.8,11.7,-0.4,0.4
2-3 дня,2026-08-25T04:33:15Z,2026-08-27T18:00:00Z,61.4,8.6,9.3,5.3,-0.7,0.7
2-3 дня,2026-08-25T04:33:15Z,2026-08-27T21:00:00Z,64.4,8.7,7.0,3.2,1.7,1.7
2-3 дня,2026-08-25T04:33:15Z,2026-08-28T00:00:00Z,67.4,7.9,6.7,2.6,1.2,1.2
2-3 дня,2026-08-25T04:33:15Z,2026-08-28T03:00:00Z,70.4,8.1,6.3,6.1,1.8,1.8
2-3 дня,2026-08-25T10:18:20Z,2026-08-27T12:00:00Z,49.7,10.2,11.3,11.8,-1.1,1.1
2-3 дня,2026-08-25T10:18:20Z,2026-08-27T15:00:00Z,52.7,9.2,9.8,11.7,-0.6,0.6
2-3 дня,2026-08-25T10:18:20Z,2026-08-27T18:00:00Z,55.7,7.9,9.3,5.3,-1.4,1.4
2-3 дня,2026-08-25T10:18:20Z,2026-08-27T21:00:00Z,58.7,8.2,7.0,3.2,1.2,1.2
2-3 дня,2026-08-25T10:18:20Z,2026-08-28T00:00:00Z,61.7,7.9,6.7,2.6,1.2,1.2
2-3 дня,2026-08-25T10:18:20Z,2026-08-28T03:00:00Z,64.7,8.2,6.3,6.1,1.9,1.9
2-3 дня,2026-08-25T10:18:20Z,2026-08-28T06:00:00Z,67.7,8.7,8.8,9.9,-0.1,0.1
2-3 дня,2026-08-25T10:18:20Z,2026-08-28T09:00:00Z,70.7,9.2,9.6,11.2,-0.4,0.4
2-3 дня,2026-08-25T16:33:53Z,2026-08-27T18:00:00Z,49.4,8.5,9.3,5.3,-0.8,0.8
2-3 дня,2026-08-25T16:33:53Z,2026-08-27T21:00:00Z,52.4,8.9,7.0,3.2,1.9,1.9
2-3 дня,2026-08-25T16:33:53Z,2026-08-28T00:00:00Z,55.4,8.1,6.7,2.6,1.4,1.4
2-3 дня,2026-08-25T16:33:53Z,2026-08-28T03:00:00Z,58.4,8.2,6.3,6.1,1.9,1.9
2-3 дня,2026-08-25T16:33:53Z,2026-08-28T06:00:00Z,61.4,8.8,8.8,9.9,0.0,0.0
2-3 дня,2026-08-25T16:33:53Z,2026-08-28T09:00:00Z,64.4,9.6,9.6,11.2,0.0,0.0
2-3 дня,2026-08-25T16:33:53Z,2026-08-28T12:00:00Z,67.4,9.7,10.7,11.3,-1.0,1.0
2-3 дня,2026-08-25T16:33:53Z,2026-08-28T15:00:00Z,70.4,9.7,10.1,9.8,-0.4,0.4
2-3 дня,2026-08-25T22:34:48Z,2026-08-28T00:00:00Z,49.4,7.9,6.7,2.6,1.2,1.2
2-3 дня,2026-08-25T22:34:48Z,2026-08-28T03:00:00Z,52.4,8.1,6.3,6.1,1.8,1.8
2-3 дня,2026-08-25T22:34:48Z,2026-08-28T06:00:00Z,55.4,8.6,8.8,9.9,-0.2,0.2
2-3 дня,2026-08-25T22:34:48Z,2026-08-28T09:00:00Z,58.4,9.4,9.6,11.2,-0.2,0.2
2-3 дня,2026-08-25T22:34:48Z,2026-08-28T12:00:00Z,61.4,9.5,10.7,11.3,-1.2,1.2
2-3 дня,2026-08-25T22:34:48Z,2026-08-28T15:00:00Z,64.4,9.7,10.1,9.8,-0.4,0.4
2-3 дня,2026-08-25T22:34:48Z,2026-08-28T18:00:00Z,67.4,7.0,4.9,9.3,2.1,2.1
2-3 дня,2026-08-25T22:34:48Z,2026-08-28T21:00:00Z,70.4,6.7,2.9,7.0,3.8,3.8
2-3 дня,2026-08-26T04:34:15Z,2026-08-28T06:00:00Z,49.4,8.6,8.8,9.9,-0.2,0.2
2-3 дня,2026-08-26T04:34:15Z,2026-08-28T09:00:00Z,52.4,9.3,9.6,11.2,-0.3,0.3
2-3 дня,2026-08-26T04:34:15Z,2026-08-28T12:00:00Z,55.4,9.3,10.7,11.3,-1.4,1.4
2-3 дня,2026-08-26T04:34:15Z,2026-08-28T15:00:00Z,58.4,9.7,10.1,9.8,-0.4,0.4
2-3 дня,2026-08-26T04:34:15Z,2026-08-28T18:00:00Z,61.4,7.7,4.9,9.3,2.8,2.8
2-3 дня,2026-08-26T04:34:15Z,2026-08-28T21:00:00Z,64.4,6.6,2.9,7.0,3.7,3.7
2-3 дня,2026-08-26T04:34:15Z,2026-08-29T00:00:00Z,67.4,5.3,2.0,6.7,3.3,3.3
2-3 дня,2026-08-26T04:34:15Z,2026-08-29T03:00:00Z,70.4,5.2,0.8,6.3,4.4,4.4
2-3 дня,2026-08-26T10:21:58Z,2026-08-28T12:00:00Z,49.6,10.0,10.7,11.3,-0.7,0.7
2-3 дня,2026-08-26T10:21:58Z,2026-08-28T15:00:00Z,52.6,10.1,10.1,9.8,0.0,0.0
2-3 дня,2026-08-26T10:21:58Z,2026-08-28T18:00:00Z,55.6,7.4,4.9,9.3,2.5,2.5
2-3 дня,2026-08-26T10:21:58Z,2026-08-28T21:00:00Z,58.6,7.6,2.9,7.0,4.7,4.7
2-3 дня,2026-08-26T10:21:58Z,2026-08-29T00:00:00Z,61.6,6.1,2.0,6.7,4.1,4.1
2-3 дня,2026-08-26T10:21:58Z,2026-08-29T03:00:00Z,64.6,6.1,0.8,6.3,5.3,5.3
2-3 дня,2026-08-26T10:21:58Z,2026-08-29T06:00:00Z,67.6,10.2,9.4,8.8,0.8,0.8
2-3 дня,2026-08-26T10:21:58Z,2026-08-29T09:00:00Z,70.6,13.1,13.1,9.6,0.0,0.0
2-3 дня,2026-08-26T16:46:17Z,2026-08-28T18:00:00Z,49.2,6.8,4.9,9.3,1.9,1.9
2-3 дня,2026-08-26T16:46:17Z,2026-08-28T21:00:00Z,52.2,6.0,2.9,7.0,3.1,3.1
2-3 дня,2026-08-26T16:46:17Z,2026-08-29T00:00:00Z,55.2,5.0,2.0,6.7,3.0,3.0
2-3 дня,2026-08-26T16:46:17Z,2026-08-29T03:00:00Z,58.2,5.2,0.8,6.3,4.4,4.4
2-3 дня,2026-08-26T16:46:17Z,2026-08-29T06:00:00Z,61.2,8.6,9.4,8.8,-0.8,0.8
2-3 дня,2026-08-26T16:46:17Z,2026-08-29T09:00:00Z,64.2,11.8,13.1,9.6,-1.3,1.3
2-3 дня,2026-08-26T16:46:17Z,2026-08-29T12:00:00Z,67.2,12.7,14.9,10.7,-2.2,2.2
2-3 дня,2026-08-26T16:46:17Z,2026-08-29T15:00:00Z,70.2,11.9,14.6,10.1,-2.7,2.7
2-3 дня,2026-08-27T03:02:51Z,2026-08-29T06:00:00Z,51.0,8.9,9.4,8.8,-0.5,0.5
2-3 дня,2026-08-27T03:02:51Z,2026-08-29T09:00:00Z,54.0,12.1,13.1,9.6,-1.0,1.0
2-3 дня,2026-08-27T03:02:51Z,2026-08-29T12:00:00Z,57.0,13.0,14.9,10.7,-1.9,1.9
2-3 дня,2026-08-27T03:02:51Z,2026-08-29T15:00:00Z,60.0,12.0,14.6,10.1,-2.6,2.6
2-3 дня,2026-08-27T03:02:51Z,2026-08-29T18:00:00Z,63.0,8.3,5.6,4.9,2.7,2.7
2-3 дня,2026-08-27T03:02:51Z,2026-08-29T21:00:00Z,66.0,7.0,2.9,2.9,4.1,4.1
2-3 дня,2026-08-27T03:02:51Z,2026-08-30T00:00:00Z,69.0,5.2,6.0,2.0,-0.8,0.8
2-3 дня,2026-08-27T03:02:51Z,2026-08-30T03:00:00Z,72.0,5.5,6.3,0.8,-0.8,0.8
2-3 дня,2026-08-27T14:55:44Z,2026-08-29T15:00:00Z,48.1,12.4,14.6,10.1,-2.2,2.2
2-3 дня,2026-08-27T14:55:44Z,2026-08-29T18:00:00Z,51.1,8.6,5.6,4.9,3.0,3.0
2-3 дня,2026-08-27T14:55:44Z,2026-08-29T21:00:00Z,54.1,7.6,2.9,2.9,4.7,4.7
2-3 дня,2026-08-27T14:55:44Z,2026-08-30T00:00:00Z,57.1,5.8,6.0,2.0,-0.2,0.2
2-3 дня,2026-08-27T14:55:44Z,2026-08-30T03:00:00Z,60.1,6.0,6.3,0.8,-0.3,0.3
2-3 дня,2026-08-27T14:55:44Z,2026-08-30T06:00:00Z,63.1,10.7,9.1,9.4,1.6,1.6
2-3 дня,2026-08-27T14:55:44Z,2026-08-30T09:00:00Z,66.1,15.1,14.9,13.1,0.2,0.2
2-3 дня,2026-08-27T14:55:44Z,2026-08-30T12:00:00Z,69.1,16.7,17.2,14.9,-0.5,0.5
2-3 дня,2026-08-27T20:01:22Z,2026-08-29T21:00:00Z,49.0,6.8,2.9,2.9,3.9,3.9
2-3 дня,2026-08-27T20:01:22Z,2026-08-30T00:00:00Z,52.0,5.1,6.0,2.0,-0.9,0.9
2-3 дня,2026-08-27T20:01:22Z,2026-08-30T03:00:00Z,55.0,5.7,6.3,0.8,-0.6,0.6
2-3 дня,2026-08-27T20:01:22Z,2026-08-30T06:00:00Z,58.0,10.7,9.1,9.4,1.6,1.6
2-3 дня,2026-08-27T20:01:22Z,2026-08-30T09:00:00Z,61.0,15.0,14.9,13.1,0.1,0.1
2-3 дня,2026-08-27T20:01:22Z,2026-08-30T12:00:00Z,64.0,16.2,17.2,14.9,-1.0,1.0
2-3 дня,2026-08-27T20:01:22Z,2026-08-30T15:00:00Z,67.0,14.4,15.6,14.6,-1.2,1.2
2-3 дня,2026-08-27T20:01:22Z,2026-08-30T18:00:00Z,70.0,9.8,12.1,5.6,-2.3,2.3
2-3 дня,2026-08-28T00:44:37Z,2026-08-30T03:00:00Z,50.3,5.7,6.3,0.8,-0.6,0.6
2-3 дня,2026-08-28T00:44:37Z,2026-08-30T06:00:00Z,53.3,10.7,9.1,9.4,1.6,1.6
2-3 дня,2026-08-28T00:44:37Z,2026-08-30T09:00:00Z,56.3,15.0,14.9,13.1,0.1,0.1
2-3 дня,2026-08-28T00:44:37Z,2026-08-30T12:00:00Z,59.3,16.2,17.2,14.9,-1.0,1.0
2-3 дня,2026-08-28T00:44:37Z,2026-08-30T15:00:00Z,62.3,14.4,15.6,14.6,-1.2,1.2
2-3 дня,2026-08-28T00:44:37Z,2026-08-30T18:00:00Z,65.3,9.8,12.1,5.6,-2.3,2.3
2-3 дня,2026-08-28T00:44:37Z,2026-08-30T21:00:00Z,68.3,8.6,9.9,2.9,-1.3,1.3
2-3 дня,2026-08-28T00:44:37Z,2026-08-31T00:00:00Z,71.3,7.2,9.7,6.0,-2.5,2.5
2-3 дня,2026-08-28T06:03:31Z,2026-08-30T09:00:00Z,50.9,14.5,14.9,13.1,-0.4,0.4
2-3 дня,2026-08-28T06:03:31Z,2026-08-30T12:00:00Z,53.9,15.7,17.2,14.9,-1.5,1.5
2-3 дня,2026-08-28T06:03:31Z,2026-08-30T15:00:00Z,56.9,14.1,15.6,14.6,-1.5,1.5
2-3 дня,2026-08-28T06:03:31Z,2026-08-30T18:00:00Z,59.9,9.6,12.1,5.6,-2.5,2.5
2-3 дня,2026-08-28T06:03:31Z,2026-08-30T21:00:00Z,62.9,8.0,9.9,2.9,-1.9,1.9
2-3 дня,2026-08-28T06:03:31Z,2026-08-31T00:00:00Z,65.9,6.9,9.7,6.0,-2.8,2.8
2-3 дня,2026-08-28T06:03:31Z,2026-08-31T03:00:00Z,68.9,7.0,8.9,6.3,-1.9,1.9
2-3 дня,2026-08-28T06:03:31Z,2026-08-31T06:00:00Z,71.9,12.1,11.6,9.1,0.5,0.5
2-3 дня,2026-08-28T15:51:06Z,2026-08-30T18:00:00Z,50.1,10.3,12.1,5.6,-1.8,1.8
2-3 дня,2026-08-28T15:51:06Z,2026-08-30T21:00:00Z,53.1,8.8,9.9,2.9,-1.1,1.1
2-3 дня,2026-08-28T15:51:06Z,2026-08-31T00:00:00Z,56.1,7.7,9.7,6.0,-2.0,2.0
2-3 дня,2026-08-28T15:51:06Z,2026-08-31T03:00:00Z,59.1,7.5,8.9,6.3,-1.4,1.4
2-3 дня,2026-08-28T15:51:06Z,2026-08-31T06:00:00Z,62.1,12.0,11.6,9.1,0.4,0.4
2-3 дня,2026-08-28T15:51:06Z,2026-08-31T09:00:00Z,65.1,16.6,15.6,14.9,1.0,1.0
2-3 дня,2026-08-28T15:51:06Z,2026-08-31T12:00:00Z,68.1,18.1,15.7,17.2,2.4,2.4
2-3 дня,2026-08-28T15:51:06Z,2026-08-31T15:00:00Z,71.1,16.5,15.0,15.6,1.5,1.5
2-3 дня,2026-08-29T00:23:24Z,2026-08-31T03:00:00Z,50.6,7.9,8.9,6.3,-1.0,1.0
2-3 дня,2026-08-29T00:23:24Z,2026-08-31T06:00:00Z,53.6,12.1,11.6,9.1,0.5,0.5
2-3 дня,2026-08-29T00:23:24Z,2026-08-31T09:00:00Z,56.6,16.7,15.6,14.9,1.1,1.1
2-3 дня,2026-08-29T00:23:24Z,2026-08-31T12:00:00Z,59.6,17.6,15.7,17.2,1.9,1.9
2-3 дня,2026-08-29T00:23:24Z,2026-08-31T15:00:00Z,62.6,15.8,15.0,15.6,0.8,0.8
2-3 дня,2026-08-29T00:23:24Z,2026-08-31T18:00:00Z,65.6,13.6,13.9,12.1,-0.3,0.3
2-3 дня,2026-08-29T00:23:24Z,2026-08-31T21:00:00Z,68.6,13.4,13.2,9.9,0.2,0.2
2-3 дня,2026-08-29T00:23:24Z,2026-09-01T00:00:00Z,71.6,12.7,12.5,9.7,0.2,0.2
2-3 дня,2026-08-29T03:37:28Z,2026-08-31T06:00:00Z,50.4,11.8,11.6,9.1,0.2,0.2
2-3 дня,2026-08-29T03:37:28Z,2026-08-31T09:00:00Z,53.4,16.4,15.6,14.9,0.8,0.8
2-3 дня,2026-08-29T03:37:28Z,2026-08-31T12:00:00Z,56.4,17.5,15.7,17.2,1.8,1.8
2-3 дня,2026-08-29T03:37:28Z,2026-08-31T15:00:00Z,59.4,16.3,15.0,15.6,1.3,1.3
2-3 дня,2026-08-29T03:37:28Z,2026-08-31T18:00:00Z,62.4,14.6,13.9,12.1,0.7,0.7
2-3 дня,2026-08-29T03:37:28Z,2026-08-31T21:00:00Z,65.4,13.9,13.2,9.9,0.7,0.7
2-3 дня,2026-08-29T03:37:28Z,2026-09-01T00:00:00Z,68.4,12.8,12.5,9.7,0.3,0.3
2-3 дня,2026-08-29T03:37:28Z,2026-09-01T03:00:00Z,71.4,12.5,12.4,8.9,0.1,0.1
2-3 дня,2026-08-29T10:40:21Z,2026-08-31T12:00:00Z,49.3,18.7,15.7,17.2,3.0,3.0
2-3 дня,2026-08-29T10:40:21Z,2026-08-31T15:00:00Z,52.3,16.6,15.0,15.6,1.6,1.6
2-3 дня,2026-08-29T10:40:21Z,2026-08-31T18:00:00Z,55.3,14.2,13.9,12.1,0.3,0.3
2-3 дня,2026-08-29T10:40:21Z,2026-08-31T21:00:00Z,58.3,13.0,13.2,9.9,-0.2,0.2
2-3 дня,2026-08-29T10:40:21Z,2026-09-01T00:00:00Z,61.3,12.0,12.5,9.7,-0.5,0.5
2-3 дня,2026-08-29T10:40:21Z,2026-09-01T03:00:00Z,64.3,11.8,12.4,8.9,-0.6,0.6
2-3 дня,2026-08-29T10:40:21Z,2026-09-01T06:00:00Z,67.3,15.1,13.4,11.6,1.7,1.7
2-3 дня,2026-08-29T10:40:21Z,2026-09-01T09:00:00Z,70.3,14.4,14.0,15.6,0.4,0.4
2-3 дня,2026-08-29T14:43:22Z,2026-08-31T15:00:00Z,48.3,17.1,15.0,15.6,2.1,2.1
2-3 дня,2026-08-29T14:43:22Z,2026-08-31T18:00:00Z,51.3,14.8,13.9,12.1,0.9,0.9
2-3 дня,2026-08-29T14:43:22Z,2026-08-31T21:00:00Z,54.3,12.4,13.2,9.9,-0.8,0.8
2-3 дня,2026-08-29T14:43:22Z,2026-09-01T00:00:00Z,57.3,12.1,12.5,9.7,-0.4,0.4
2-3 дня,2026-08-29T14:43:22Z,2026-09-01T03:00:00Z,60.3,11.7,12.4,8.9,-0.7,0.7
2-3 дня,2026-08-29T14:43:22Z,2026-09-01T06:00:00Z,63.3,13.0,13.4,11.6,-0.4,0.4
2-3 дня,2026-08-29T14:43:22Z,2026-09-01T09:00:00Z,66.3,16.4,14.0,15.6,2.4,2.4
2-3 дня,2026-08-29T14:43:22Z,2026-09-01T12:00:00Z,69.3,18.7,15.4,15.7,3.3,3.3
2-3 дня,2026-08-29T19:10:40Z,2026-08-31T21:00:00Z,49.8,12.4,13.2,9.9,-0.8,0.8
2-3 дня,2026-08-29T19:10:40Z,2026-09-01T00:00:00Z,52.8,12.1,12.5,9.7,-0.4,0.4
2-3 дня,2026-08-29T19:10:40Z,2026-09-01T03:00:00Z,55.8,11.7,12.4,8.9,-0.7,0.7
2-3 дня,2026-08-29T19:10:40Z,2026-09-01T06:00:00Z,58.8,13.0,13.4,11.6,-0.4,0.4
2-3 дня,2026-08-29T19:10:40Z,2026-09-01T09:00:00Z,61.8,16.4,14.0,15.6,2.4,2.4
2-3 дня,2026-08-29T19:10:40Z,2026-09-01T12:00:00Z,64.8,18.7,15.4,15.7,3.3,3.3
2-3 дня,2026-08-30T00:04:13Z,2026-09-01T03:00:00Z,50.9,12.1,12.4,8.9,-0.3,0.3
2-3 дня,2026-08-30T00:04:13Z,2026-09-01T06:00:00Z,53.9,13.3,13.4,11.6,-0.1,0.1
2-3 дня,2026-08-30T00:04:13Z,2026-09-01T09:00:00Z,56.9,15.3,14.0,15.6,1.3,1.3
2-3 дня,2026-08-30T00:04:13Z,2026-09-01T12:00:00Z,59.9,17.5,15.4,15.7,2.1,2.1
2-3 дня,2026-08-30T09:40:19Z,2026-09-01T12:00:00Z,50.3,16.9,15.4,15.7,1.5,1.5
3-5 дней,2026-08-06T09:50:07Z,2026-08-09T12:00:00Z,74.2,14.9,16.7,15.4,-1.8,1.8
3-5 дней,2026-08-06T09:50:07Z,2026-08-09T15:00:00Z,77.2,14.2,17.0,15.5,-2.8,2.8
3-5 дней,2026-08-06T09:50:07Z,2026-08-09T18:00:00Z,80.2,11.6,13.7,14.4,-2.1,2.1
3-5 дней,2026-08-06T09:50:07Z,2026-08-09T21:00:00Z,83.2,10.7,10.4,13.6,0.3,0.3
3-5 дней,2026-08-06T09:50:07Z,2026-08-10T00:00:00Z,86.2,11.3,10.8,13.1,0.5,0.5
3-5 дней,2026-08-06T09:50:07Z,2026-08-10T03:00:00Z,89.2,13.7,12.6,11.9,1.1,1.1
3-5 дней,2026-08-06T09:50:07Z,2026-08-10T06:00:00Z,92.2,17.8,16.9,15.2,0.9,0.9
3-5 дней,2026-08-06T09:50:07Z,2026-08-10T09:00:00Z,95.2,21.3,20.6,16.5,0.7,0.7
3-5 дней,2026-08-06T09:50:07Z,2026-08-10T12:00:00Z,98.2,21.9,22.3,16.7,-0.4,0.4
3-5 дней,2026-08-06T09:50:07Z,2026-08-10T15:00:00Z,101.2,20.9,21.8,17.0,-0.9,0.9
3-5 дней,2026-08-06T09:50:07Z,2026-08-10T18:00:00Z,104.2,17.7,18.4,13.7,-0.7,0.7
3-5 дней,2026-08-06T09:50:07Z,2026-08-10T21:00:00Z,107.2,15.9,15.0,10.4,0.9,0.9
3-5 дней,2026-08-06T09:50:07Z,2026-08-11T00:00:00Z,110.2,15.0,15.3,10.8,-0.3,0.3
3-5 дней,2026-08-06T09:50:07Z,2026-08-11T03:00:00Z,113.2,15.3,15.0,12.6,0.3,0.3
3-5 дней,2026-08-06T09:50:07Z,2026-08-11T06:00:00Z,116.2,18.7,19.4,16.9,-0.7,0.7
3-5 дней,2026-08-06T09:50:07Z,2026-08-11T09:00:00Z,119.2,21.6,23.5,20.6,-1.9,1.9
3-5 дней,2026-08-06T09:59:18Z,2026-08-09T12:00:00Z,74.0,14.9,16.7,15.4,-1.8,1.8
3-5 дней,2026-08-06T09:59:18Z,2026-08-09T15:00:00Z,77.0,14.2,17.0,15.5,-2.8,2.8
3-5 дней,2026-08-06T09:59:18Z,2026-08-09T18:00:00Z,80.0,11.6,13.7,14.4,-2.1,2.1
3-5 дней,2026-08-06T09:59:18Z,2026-08-09T21:00:00Z,83.0,10.7,10.4,13.6,0.3,0.3
3-5 дней,2026-08-06T09:59:18Z,2026-08-10T00:00:00Z,86.0,11.3,10.8,13.1,0.5,0.5
3-5 дней,2026-08-06T09:59:18Z,2026-08-10T03:00:00Z,89.0,13.7,12.6,11.9,1.1,1.1
3-5 дней,2026-08-06T09:59:18Z,2026-08-10T06:00:00Z,92.0,17.8,16.9,15.2,0.9,0.9
3-5 дней,2026-08-06T09:59:18Z,2026-08-10T09:00:00Z,95.0,21.3,20.6,16.5,0.7,0.7
3-5 дней,2026-08-06T09:59:18Z,2026-08-10T12:00:00Z,98.0,21.9,22.3,16.7,-0.4,0.4
3-5 дней,2026-08-06T09:59:18Z,2026-08-10T15:00:00Z,101.0,20.9,21.8,17.0,-0.9,0.9
3-5 дней,2026-08-06T09:59:18Z,2026-08-10T18:00:00Z,104.0,17.7,18.4,13.7,-0.7,0.7
3-5 дней,2026-08-06T09:59:18Z,2026-08-10T21:00:00Z,107.0,15.9,15.0,10.4,0.9,0.9
3-5 дней,2026-08-06T09:59:18Z,2026-08-11T00:00:00Z,110.0,15.0,15.3,10.8,-0.3,0.3
3-5 дней,2026-08-06T09:59:18Z,2026-08-11T03:00:00Z,113.0,15.3,15.0,12.6,0.3,0.3
3-5 дней,2026-08-06T09:59:18Z,2026-08-11T06:00:00Z,116.0,18.7,19.4,16.9,-0.7,0.7
3-5 дней,2026-08-06T09:59:18Z,2026-08-11T09:00:00Z,119.0,21.6,23.5,20.6,-1.9,1.9
3-5 дней,2026-08-06T10:08:26Z,2026-08-09T12:00:00Z,73.9,14.9,16.7,15.4,-1.8,1.8
3-5 дней,2026-08-06T10:08:26Z,2026-08-09T15:00:00Z,76.9,14.2,17.0,15.5,-2.8,2.8
3-5 дней,2026-08-06T10:08:26Z,2026-08-09T18:00:00Z,79.9,11.6,13.7,14.4,-2.1,2.1
3-5 дней,2026-08-06T10:08:26Z,2026-08-09T21:00:00Z,82.9,10.7,10.4,13.6,0.3,0.3
3-5 дней,2026-08-06T10:08:26Z,2026-08-10T00:00:00Z,85.9,11.3,10.8,13.1,0.5,0.5
3-5 дней,2026-08-06T10:08:26Z,2026-08-10T03:00:00Z,88.9,13.7,12.6,11.9,1.1,1.1
3-5 дней,2026-08-06T10:08:26Z,2026-08-10T06:00:00Z,91.9,17.8,16.9,15.2,0.9,0.9
3-5 дней,2026-08-06T10:08:26Z,2026-08-10T09:00:00Z,94.9,21.3,20.6,16.5,0.7,0.7
3-5 дней,2026-08-06T10:08:26Z,2026-08-10T12:00:00Z,97.9,21.9,22.3,16.7,-0.4,0.4
3-5 дней,2026-08-06T10:08:26Z,2026-08-10T15:00:00Z,100.9,20.9,21.8,17.0,-0.9,0.9
3-5 дней,2026-08-06T10:08:26Z,2026-08-10T18:00:00Z,103.9,17.7,18.4,13.7,-0.7,0.7
3-5 дней,2026-08-06T10:08:26Z,2026-08-10T21:00:00Z,106.9,15.9,15.0,10.4,0.9,0.9
3-5 дней,2026-08-06T10:08:26Z,2026-08-11T00:00:00Z,109.9,15.0,15.3,10.8,-0.3,0.3
3-5 дней,2026-08-06T10:08:26Z,2026-08-11T03:00:00Z,112.9,15.3,15.0,12.6,0.3,0.3
3-5 дней,2026-08-06T10:08:26Z,2026-08-11T06:00:00Z,115.9,18.7,19.4,16.9,-0.7,0.7
3-5 дней,2026-08-06T10:08:26Z,2026-08-11T09:00:00Z,118.9,21.6,23.5,20.6,-1.9,1.9
3-5 дней,2026-08-06T10:47:54Z,2026-08-09T12:00:00Z,73.2,14.9,16.7,15.4,-1.8,1.8
3-5 дней,2026-08-06T10:47:54Z,2026-08-09T15:00:00Z,76.2,14.2,17.0,15.5,-2.8,2.8
3-5 дней,2026-08-06T10:47:54Z,2026-08-09T18:00:00Z,79.2,11.6,13.7,14.4,-2.1,2.1
3-5 дней,2026-08-06T10:47:54Z,2026-08-09T21:00:00Z,82.2,10.7,10.4,13.6,0.3,0.3
3-5 дней,2026-08-06T10:47:54Z,2026-08-10T00:00:00Z,85.2,11.3,10.8,13.1,0.5,0.5
3-5 дней,2026-08-06T10:47:54Z,2026-08-10T03:00:00Z,88.2,13.7,12.6,11.9,1.1,1.1
3-5 дней,2026-08-06T10:47:54Z,2026-08-10T06:00:00Z,91.2,17.8,16.9,15.2,0.9,0.9
3-5 дней,2026-08-06T10:47:54Z,2026-08-10T09:00:00Z,94.2,21.3,20.6,16.5,0.7,0.7
3-5 дней,2026-08-06T10:47:54Z,2026-08-10T12:00:00Z,97.2,21.9,22.3,16.7,-0.4,0.4
3-5 дней,2026-08-06T10:47:54Z,2026-08-10T15:00:00Z,100.2,20.9,21.8,17.0,-0.9,0.9
3-5 дней,2026-08-06T10:47:54Z,2026-08-10T18:00:00Z,103.2,17.7,18.4,13.7,-0.7,0.7
3-5 дней,2026-08-06T10:47:54Z,2026-08-10T21:00:00Z,106.2,15.9,15.0,10.4,0.9,0.9
3-5 дней,2026-08-06T10:47:54Z,2026-08-11T00:00:00Z,109.2,15.0,15.3,10.8,-0.3,0.3
3-5 дней,2026-08-06T10:47:54Z,2026-08-11T03:00:00Z,112.2,15.3,15.0,12.6,0.3,0.3
3-5 дней,2026-08-06T10:47:54Z,2026-08-11T06:00:00Z,115.2,18.7,19.4,16.9,-0.7,0.7
3-5 дней,2026-08-06T10:47:54Z,2026-08-11T09:00:00Z,118.2,21.6,23.5,20.6,-1.9,1.9
3-5 дней,2026-08-06T11:30:42Z,2026-08-09T12:00:00Z,72.5,14.9,16.7,15.4,-1.8,1.8
3-5 дней,2026-08-06T11:30:42Z,2026-08-09T15:00:00Z,75.5,14.2,17.0,15.5,-2.8,2.8
3-5 дней,2026-08-06T11:30:42Z,2026-08-09T18:00:00Z,78.5,11.6,13.7,14.4,-2.1,2.1
3-5 дней,2026-08-06T11:30:42Z,2026-08-09T21:00:00Z,81.5,10.7,10.4,13.6,0.3,0.3
3-5 дней,2026-08-06T11:30:42Z,2026-08-10T00:00:00Z,84.5,11.3,10.8,13.1,0.5,0.5
3-5 дней,2026-08-06T11:30:42Z,2026-08-10T03:00:00Z,87.5,13.7,12.6,11.9,1.1,1.1
3-5 дней,2026-08-06T11:30:42Z,2026-08-10T06:00:00Z,90.5,17.8,16.9,15.2,0.9,0.9
3-5 дней,2026-08-06T11:30:42Z,2026-08-10T09:00:00Z,93.5,21.3,20.6,16.5,0.7,0.7
3-5 дней,2026-08-06T11:30:42Z,2026-08-10T12:00:00Z,96.5,21.9,22.3,16.7,-0.4,0.4
3-5 дней,2026-08-06T11:30:42Z,2026-08-10T15:00:00Z,99.5,20.9,21.8,17.0,-0.9,0.9
3-5 дней,2026-08-06T11:30:42Z,2026-08-10T18:00:00Z,102.5,17.7,18.4,13.7,-0.7,0.7
3-5 дней,2026-08-06T11:30:42Z,2026-08-10T21:00:00Z,105.5,15.9,15.0,10.4,0.9,0.9
3-5 дней,2026-08-06T11:30:42Z,2026-08-11T00:00:00Z,108.5,15.0,15.3,10.8,-0.3,0.3
3-5 дней,2026-08-06T11:30:42Z,2026-08-11T03:00:00Z,111.5,15.3,15.0,12.6,0.3,0.3
3-5 дней,2026-08-06T11:30:42Z,2026-08-11T06:00:00Z,114.5,18.7,19.4,16.9,-0.7,0.7
3-5 дней,2026-08-06T11:30:42Z,2026-08-11T09:00:00Z,117.5,21.6,23.5,20.6,-1.9,1.9
3-5 дней,2026-08-06T11:36:01Z,2026-08-09T12:00:00Z,72.4,14.9,16.7,15.4,-1.8,1.8
3-5 дней,2026-08-06T11:36:01Z,2026-08-09T15:00:00Z,75.4,14.2,17.0,15.5,-2.8,2.8
3-5 дней,2026-08-06T11:36:01Z,2026-08-09T18:00:00Z,78.4,11.6,13.7,14.4,-2.1,2.1
3-5 дней,2026-08-06T11:36:01Z,2026-08-09T21:00:00Z,81.4,10.7,10.4,13.6,0.3,0.3
3-5 дней,2026-08-06T11:36:01Z,2026-08-10T00:00:00Z,84.4,11.3,10.8,13.1,0.5,0.5
3-5 дней,2026-08-06T11:36:01Z,2026-08-10T03:00:00Z,87.4,13.7,12.6,11.9,1.1,1.1
3-5 дней,2026-08-06T11:36:01Z,2026-08-10T06:00:00Z,90.4,17.8,16.9,15.2,0.9,0.9
3-5 дней,2026-08-06T11:36:01Z,2026-08-10T09:00:00Z,93.4,21.3,20.6,16.5,0.7,0.7
3-5 дней,2026-08-06T11:36:01Z,2026-08-10T12:00:00Z,96.4,21.9,22.3,16.7,-0.4,0.4
3-5 дней,2026-08-06T11:36:01Z,2026-08-10T15:00:00Z,99.4,20.9,21.8,17.0,-0.9,0.9
3-5 дней,2026-08-06T11:36:01Z,2026-08-10T18:00:00Z,102.4,17.7,18.4,13.7,-0.7,0.7
3-5 дней,2026-08-06T11:36:01Z,2026-08-10T21:00:00Z,105.4,15.9,15.0,10.4,0.9,0.9
3-5 дней,2026-08-06T11:36:01Z,2026-08-11T00:00:00Z,108.4,15.0,15.3,10.8,-0.3,0.3
3-5 дней,2026-08-06T11:36:01Z,2026-08-11T03:00:00Z,111.4,15.3,15.0,12.6,0.3,0.3
3-5 дней,2026-08-06T11:36:01Z,2026-08-11T06:00:00Z,114.4,18.7,19.4,16.9,-0.7,0.7
3-5 дней,2026-08-06T11:36:01Z,2026-08-11T09:00:00Z,117.4,21.6,23.5,20.6,-1.9,1.9
3-5 дней,2026-08-06T11:44:08Z,2026-08-09T12:00:00Z,72.3,14.9,16.7,15.4,-1.8,1.8
3-5 дней,2026-08-06T11:44:08Z,2026-08-09T15:00:00Z,75.3,14.2,17.0,15.5,-2.8,2.8
3-5 дней,2026-08-06T11:44:08Z,2026-08-09T18:00:00Z,78.3,11.6,13.7,14.4,-2.1,2.1
3-5 дней,2026-08-06T11:44:08Z,2026-08-09T21:00:00Z,81.3,10.7,10.4,13.6,0.3,0.3
3-5 дней,2026-08-06T11:44:08Z,2026-08-10T00:00:00Z,84.3,11.3,10.8,13.1,0.5,0.5
3-5 дней,2026-08-06T11:44:08Z,2026-08-10T03:00:00Z,87.3,13.7,12.6,11.9,1.1,1.1
3-5 дней,2026-08-06T11:44:08Z,2026-08-10T06:00:00Z,90.3,17.8,16.9,15.2,0.9,0.9
3-5 дней,2026-08-06T11:44:08Z,2026-08-10T09:00:00Z,93.3,21.3,20.6,16.5,0.7,0.7
3-5 дней,2026-08-06T11:44:08Z,2026-08-10T12:00:00Z,96.3,21.9,22.3,16.7,-0.4,0.4
3-5 дней,2026-08-06T11:44:08Z,2026-08-10T15:00:00Z,99.3,20.9,21.8,17.0,-0.9,0.9
3-5 дней,2026-08-06T11:44:08Z,2026-08-10T18:00:00Z,102.3,17.7,18.4,13.7,-0.7,0.7
3-5 дней,2026-08-06T11:44:08Z,2026-08-10T21:00:00Z,105.3,15.9,15.0,10.4,0.9,0.9
3-5 дней,2026-08-06T11:44:08Z,2026-08-11T00:00:00Z,108.3,15.0,15.3,10.8,-0.3,0.3
3-5 дней,2026-08-06T11:44:08Z,2026-08-11T03:00:00Z,111.3,15.3,15.0,12.6,0.3,0.3
3-5 дней,2026-08-06T11:44:08Z,2026-08-11T06:00:00Z,114.3,18.7,19.4,16.9,-0.7,0.7
3-5 дней,2026-08-06T11:44:08Z,2026-08-11T09:00:00Z,117.3,21.6,23.5,20.6,-1.9,1.9
3-5 дней,2026-08-07T01:31:32Z,2026-08-10T03:00:00Z,73.5,12.4,12.6,11.9,-0.2,0.2
3-5 дней,2026-08-07T01:31:32Z,2026-08-10T06:00:00Z,76.5,17.1,16.9,15.2,0.2,0.2
3-5 дней,2026-08-07T01:31:32Z,2026-08-10T09:00:00Z,79.5,20.3,20.6,16.5,-0.3,0.3
3-5 дней,2026-08-07T01:31:32Z,2026-08-10T12:00:00Z,82.5,20.4,22.3,16.7,-1.9,1.9
3-5 дней,2026-08-07T01:31:32Z,2026-08-10T15:00:00Z,85.5,20.1,21.8,17.0,-1.7,1.7
3-5 дней,2026-08-07T01:31:32Z,2026-08-10T18:00:00Z,88.5,17.1,18.4,13.7,-1.3,1.3
3-5 дней,2026-08-07T01:31:32Z,2026-08-10T21:00:00Z,91.5,15.7,15.0,10.4,0.7,0.7
3-5 дней,2026-08-07T01:31:32Z,2026-08-11T00:00:00Z,94.5,15.3,15.3,10.8,0.0,0.0
3-5 дней,2026-08-07T01:31:32Z,2026-08-11T03:00:00Z,97.5,16.1,15.0,12.6,1.1,1.1
3-5 дней,2026-08-07T01:31:32Z,2026-08-11T06:00:00Z,100.5,19.0,19.4,16.9,-0.4,0.4
3-5 дней,2026-08-07T01:31:32Z,2026-08-11T09:00:00Z,103.5,21.5,23.5,20.6,-2.0,2.0
3-5 дней,2026-08-07T01:31:32Z,2026-08-11T12:00:00Z,106.5,18.2,24.1,22.3,-5.9,5.9
3-5 дней,2026-08-07T01:31:32Z,2026-08-11T15:00:00Z,109.5,16.5,19.2,21.8,-2.7,2.7
3-5 дней,2026-08-07T01:31:32Z,2026-08-11T18:00:00Z,112.5,15.6,16.8,18.4,-1.2,1.2
3-5 дней,2026-08-07T01:31:32Z,2026-08-11T21:00:00Z,115.5,15.1,16.3,15.0,-1.2,1.2
3-5 дней,2026-08-07T01:31:32Z,2026-08-12T00:00:00Z,118.5,14.9,15.2,15.3,-0.3,0.3
3-5 дней,2026-08-07T05:36:00Z,2026-08-10T06:00:00Z,72.4,17.1,16.9,15.2,0.2,0.2
3-5 дней,2026-08-07T05:36:00Z,2026-08-10T09:00:00Z,75.4,20.3,20.6,16.5,-0.3,0.3
3-5 дней,2026-08-07T05:36:00Z,2026-08-10T12:00:00Z,78.4,20.4,22.3,16.7,-1.9,1.9
3-5 дней,2026-08-07T05:36:00Z,2026-08-10T15:00:00Z,81.4,20.1,21.8,17.0,-1.7,1.7
3-5 дней,2026-08-07T05:36:00Z,2026-08-10T18:00:00Z,84.4,17.1,18.4,13.7,-1.3,1.3
3-5 дней,2026-08-07T05:36:00Z,2026-08-10T21:00:00Z,87.4,15.7,15.0,10.4,0.7,0.7
3-5 дней,2026-08-07T05:36:00Z,2026-08-11T00:00:00Z,90.4,15.3,15.3,10.8,0.0,0.0
3-5 дней,2026-08-07T05:36:00Z,2026-08-11T03:00:00Z,93.4,16.1,15.0,12.6,1.1,1.1
3-5 дней,2026-08-07T05:36:00Z,2026-08-11T06:00:00Z,96.4,19.0,19.4,16.9,-0.4,0.4
3-5 дней,2026-08-07T05:36:00Z,2026-08-11T09:00:00Z,99.4,21.5,23.5,20.6,-2.0,2.0
3-5 дней,2026-08-07T05:36:00Z,2026-08-11T12:00:00Z,102.4,18.2,24.1,22.3,-5.9,5.9
3-5 дней,2026-08-07T05:36:00Z,2026-08-11T15:00:00Z,105.4,16.5,19.2,21.8,-2.7,2.7
3-5 дней,2026-08-07T05:36:00Z,2026-08-11T18:00:00Z,108.4,15.6,16.8,18.4,-1.2,1.2
3-5 дней,2026-08-07T05:36:00Z,2026-08-11T21:00:00Z,111.4,15.1,16.3,15.0,-1.2,1.2
3-5 дней,2026-08-07T05:36:00Z,2026-08-12T00:00:00Z,114.4,14.9,15.2,15.3,-0.3,0.3
3-5 дней,2026-08-07T05:36:00Z,2026-08-12T03:00:00Z,117.4,13.6,14.5,15.0,-0.9,0.9
3-5 дней,2026-08-07T06:18:59Z,2026-08-10T09:00:00Z,74.7,20.3,20.6,16.5,-0.3,0.3
3-5 дней,2026-08-07T06:18:59Z,2026-08-10T12:00:00Z,77.7,20.4,22.3,16.7,-1.9,1.9
3-5 дней,2026-08-07T06:18:59Z,2026-08-10T15:00:00Z,80.7,20.1,21.8,17.0,-1.7,1.7
3-5 дней,2026-08-07T06:18:59Z,2026-08-10T18:00:00Z,83.7,17.1,18.4,13.7,-1.3,1.3
3-5 дней,2026-08-07T06:18:59Z,2026-08-10T21:00:00Z,86.7,15.7,15.0,10.4,0.7,0.7
3-5 дней,2026-08-07T06:18:59Z,2026-08-11T00:00:00Z,89.7,15.3,15.3,10.8,0.0,0.0
3-5 дней,2026-08-07T06:18:59Z,2026-08-11T03:00:00Z,92.7,16.1,15.0,12.6,1.1,1.1
3-5 дней,2026-08-07T06:18:59Z,2026-08-11T06:00:00Z,95.7,19.0,19.4,16.9,-0.4,0.4
3-5 дней,2026-08-07T06:18:59Z,2026-08-11T09:00:00Z,98.7,21.5,23.5,20.6,-2.0,2.0
3-5 дней,2026-08-07T06:18:59Z,2026-08-11T12:00:00Z,101.7,18.2,24.1,22.3,-5.9,5.9
3-5 дней,2026-08-07T06:18:59Z,2026-08-11T15:00:00Z,104.7,16.5,19.2,21.8,-2.7,2.7
3-5 дней,2026-08-07T06:18:59Z,2026-08-11T18:00:00Z,107.7,15.6,16.8,18.4,-1.2,1.2
3-5 дней,2026-08-07T06:18:59Z,2026-08-11T21:00:00Z,110.7,15.1,16.3,15.0,-1.2,1.2
3-5 дней,2026-08-07T06:18:59Z,2026-08-12T00:00:00Z,113.7,14.9,15.2,15.3,-0.3,0.3
3-5 дней,2026-08-07T06:18:59Z,2026-08-12T03:00:00Z,116.7,13.6,14.5,15.0,-0.9,0.9
3-5 дней,2026-08-07T06:18:59Z,2026-08-12T06:00:00Z,119.7,12.8,14.7,19.4,-1.9,1.9
3-5 дней,2026-08-07T07:13:52Z,2026-08-10T09:00:00Z,73.8,20.3,20.6,16.5,-0.3,0.3
3-5 дней,2026-08-07T07:13:52Z,2026-08-10T12:00:00Z,76.8,20.4,22.3,16.7,-1.9,1.9
3-5 дней,2026-08-07T07:13:52Z,2026-08-10T15:00:00Z,79.8,20.1,21.8,17.0,-1.7,1.7
3-5 дней,2026-08-07T07:13:52Z,2026-08-10T18:00:00Z,82.8,17.1,18.4,13.7,-1.3,1.3
3-5 дней,2026-08-07T07:13:52Z,2026-08-10T21:00:00Z,85.8,15.7,15.0,10.4,0.7,0.7
3-5 дней,2026-08-07T07:13:52Z,2026-08-11T00:00:00Z,88.8,15.3,15.3,10.8,0.0,0.0
3-5 дней,2026-08-07T07:13:52Z,2026-08-11T03:00:00Z,91.8,16.1,15.0,12.6,1.1,1.1
3-5 дней,2026-08-07T07:13:52Z,2026-08-11T06:00:00Z,94.8,19.0,19.4,16.9,-0.4,0.4
3-5 дней,2026-08-07T07:13:52Z,2026-08-11T09:00:00Z,97.8,21.5,23.5,20.6,-2.0,2.0
3-5 дней,2026-08-07T07:13:52Z,2026-08-11T12:00:00Z,100.8,18.2,24.1,22.3,-5.9,5.9
3-5 дней,2026-08-07T07:13:52Z,2026-08-11T15:00:00Z,103.8,16.5,19.2,21.8,-2.7,2.7
3-5 дней,2026-08-07T07:13:52Z,2026-08-11T18:00:00Z,106.8,15.6,16.8,18.4,-1.2,1.2
3-5 дней,2026-08-07T07:13:52Z,2026-08-11T21:00:00Z,109.8,15.1,16.3,15.0,-1.2,1.2
3-5 дней,2026-08-07T07:13:52Z,2026-08-12T00:00:00Z,112.8,14.9,15.2,15.3,-0.3,0.3
3-5 дней,2026-08-07T07:13:52Z,2026-08-12T03:00:00Z,115.8,13.6,14.5,15.0,-0.9,0.9
3-5 дней,2026-08-07T07:13:52Z,2026-08-12T06:00:00Z,118.8,12.8,14.7,19.4,-1.9,1.9
3-5 дней,2026-08-07T10:39:14Z,2026-08-10T12:00:00Z,73.3,21.9,22.3,16.7,-0.4,0.4
3-5 дней,2026-08-07T10:39:14Z,2026-08-10T15:00:00Z,76.3,20.7,21.8,17.0,-1.1,1.1
3-5 дней,2026-08-07T10:39:14Z,2026-08-10T18:00:00Z,79.3,17.1,18.4,13.7,-1.3,1.3
3-5 дней,2026-08-07T10:39:14Z,2026-08-10T21:00:00Z,82.3,16.2,15.0,10.4,1.2,1.2
3-5 дней,2026-08-07T10:39:14Z,2026-08-11T00:00:00Z,85.3,15.3,15.3,10.8,0.0,0.0
3-5 дней,2026-08-07T10:39:14Z,2026-08-11T03:00:00Z,88.3,16.1,15.0,12.6,1.1,1.1
3-5 дней,2026-08-07T10:39:14Z,2026-08-11T06:00:00Z,91.3,18.8,19.4,16.9,-0.6,0.6
3-5 дней,2026-08-07T10:39:14Z,2026-08-11T09:00:00Z,94.3,19.4,23.5,20.6,-4.1,4.1
3-5 дней,2026-08-07T10:39:14Z,2026-08-11T12:00:00Z,97.3,18.5,24.1,22.3,-5.6,5.6
3-5 дней,2026-08-07T10:39:14Z,2026-08-11T15:00:00Z,100.3,16.0,19.2,21.8,-3.2,3.2
3-5 дней,2026-08-07T10:39:14Z,2026-08-11T18:00:00Z,103.3,15.0,16.8,18.4,-1.8,1.8
3-5 дней,2026-08-07T10:39:14Z,2026-08-11T21:00:00Z,106.3,13.5,16.3,15.0,-2.8,2.8
3-5 дней,2026-08-07T10:39:14Z,2026-08-12T00:00:00Z,109.3,11.5,15.2,15.3,-3.7,3.7
3-5 дней,2026-08-07T10:39:14Z,2026-08-12T03:00:00Z,112.3,11.6,14.5,15.0,-2.9,2.9
3-5 дней,2026-08-07T10:39:14Z,2026-08-12T06:00:00Z,115.3,13.8,14.7,19.4,-0.9,0.9
3-5 дней,2026-08-07T10:39:14Z,2026-08-12T09:00:00Z,118.3,14.6,15.2,23.5,-0.6,0.6
3-5 дней,2026-08-07T16:51:54Z,2026-08-10T18:00:00Z,73.1,17.7,18.4,13.7,-0.7,0.7
3-5 дней,2026-08-07T16:51:54Z,2026-08-10T21:00:00Z,76.1,15.4,15.0,10.4,0.4,0.4
3-5 дней,2026-08-07T16:51:54Z,2026-08-11T00:00:00Z,79.1,14.9,15.3,10.8,-0.4,0.4
3-5 дней,2026-08-07T16:51:54Z,2026-08-11T03:00:00Z,82.1,15.8,15.0,12.6,0.8,0.8
3-5 дней,2026-08-07T16:51:54Z,2026-08-11T06:00:00Z,85.1,19.2,19.4,16.9,-0.2,0.2
3-5 дней,2026-08-07T16:51:54Z,2026-08-11T09:00:00Z,88.1,20.9,23.5,20.6,-2.6,2.6
3-5 дней,2026-08-07T16:51:54Z,2026-08-11T12:00:00Z,91.1,18.7,24.1,22.3,-5.4,5.4
3-5 дней,2026-08-07T16:51:54Z,2026-08-11T15:00:00Z,94.1,16.8,19.2,21.8,-2.4,2.4
3-5 дней,2026-08-07T16:51:54Z,2026-08-11T18:00:00Z,97.1,15.7,16.8,18.4,-1.1,1.1
3-5 дней,2026-08-07T16:51:54Z,2026-08-11T21:00:00Z,100.1,14.6,16.3,15.0,-1.7,1.7
3-5 дней,2026-08-07T16:51:54Z,2026-08-12T00:00:00Z,103.1,14.1,15.2,15.3,-1.1,1.1
3-5 дней,2026-08-07T16:51:54Z,2026-08-12T03:00:00Z,106.1,14.1,14.5,15.0,-0.4,0.4
3-5 дней,2026-08-07T16:51:54Z,2026-08-12T06:00:00Z,109.1,14.3,14.7,19.4,-0.4,0.4
3-5 дней,2026-08-07T16:51:54Z,2026-08-12T09:00:00Z,112.1,16.6,15.2,23.5,1.4,1.4
3-5 дней,2026-08-07T16:51:54Z,2026-08-12T12:00:00Z,115.1,16.6,11.9,24.1,4.7,4.7
3-5 дней,2026-08-07T16:51:54Z,2026-08-12T15:00:00Z,118.1,13.1,10.7,19.2,2.4,2.4
3-5 дней,2026-08-07T22:45:57Z,2026-08-11T00:00:00Z,73.2,14.4,15.3,10.8,-0.9,0.9
3-5 дней,2026-08-07T22:45:57Z,2026-08-11T03:00:00Z,76.2,15.5,15.0,12.6,0.5,0.5
3-5 дней,2026-08-07T22:45:57Z,2026-08-11T06:00:00Z,79.2,18.8,19.4,16.9,-0.6,0.6
3-5 дней,2026-08-07T22:45:57Z,2026-08-11T09:00:00Z,82.2,21.8,23.5,20.6,-1.7,1.7
3-5 дней,2026-08-07T22:45:57Z,2026-08-11T12:00:00Z,85.2,21.9,24.1,22.3,-2.2,2.2
3-5 дней,2026-08-07T22:45:57Z,2026-08-11T15:00:00Z,88.2,17.5,19.2,21.8,-1.7,1.7
3-5 дней,2026-08-07T22:45:57Z,2026-08-11T18:00:00Z,91.2,16.4,16.8,18.4,-0.4,0.4
3-5 дней,2026-08-07T22:45:57Z,2026-08-11T21:00:00Z,94.2,15.5,16.3,15.0,-0.8,0.8
3-5 дней,2026-08-07T22:45:57Z,2026-08-12T00:00:00Z,97.2,14.9,15.2,15.3,-0.3,0.3
3-5 дней,2026-08-07T22:45:57Z,2026-08-12T03:00:00Z,100.2,15.3,14.5,15.0,0.8,0.8
3-5 дней,2026-08-07T22:45:57Z,2026-08-12T06:00:00Z,103.2,15.7,14.7,19.4,1.0,1.0
3-5 дней,2026-08-07T22:45:57Z,2026-08-12T09:00:00Z,106.2,17.9,15.2,23.5,2.7,2.7
3-5 дней,2026-08-07T22:45:57Z,2026-08-12T12:00:00Z,109.2,17.8,11.9,24.1,5.9,5.9
3-5 дней,2026-08-07T22:45:57Z,2026-08-12T15:00:00Z,112.2,13.2,10.7,19.2,2.5,2.5
3-5 дней,2026-08-07T22:45:57Z,2026-08-12T18:00:00Z,115.2,10.9,9.3,16.8,1.6,1.6
3-5 дней,2026-08-07T22:45:57Z,2026-08-12T21:00:00Z,118.2,10.3,8.4,16.3,1.9,1.9
3-5 дней,2026-08-07T23:19:23Z,2026-08-11T00:00:00Z,72.7,14.4,15.3,10.8,-0.9,0.9
3-5 дней,2026-08-07T23:19:23Z,2026-08-11T03:00:00Z,75.7,15.5,15.0,12.6,0.5,0.5
3-5 дней,2026-08-07T23:19:23Z,2026-08-11T06:00:00Z,78.7,18.8,19.4,16.9,-0.6,0.6
3-5 дней,2026-08-07T23:19:23Z,2026-08-11T09:00:00Z,81.7,21.8,23.5,20.6,-1.7,1.7
3-5 дней,2026-08-07T23:19:23Z,2026-08-11T12:00:00Z,84.7,21.9,24.1,22.3,-2.2,2.2
3-5 дней,2026-08-07T23:19:23Z,2026-08-11T15:00:00Z,87.7,17.5,19.2,21.8,-1.7,1.7
3-5 дней,2026-08-07T23:19:23Z,2026-08-11T18:00:00Z,90.7,16.4,16.8,18.4,-0.4,0.4
3-5 дней,2026-08-07T23:19:23Z,2026-08-11T21:00:00Z,93.7,15.5,16.3,15.0,-0.8,0.8
3-5 дней,2026-08-07T23:19:23Z,2026-08-12T00:00:00Z,96.7,14.9,15.2,15.3,-0.3,0.3
3-5 дней,2026-08-07T23:19:23Z,2026-08-12T03:00:00Z,99.7,15.3,14.5,15.0,0.8,0.8
3-5 дней,2026-08-07T23:19:23Z,2026-08-12T06:00:00Z,102.7,15.7,14.7,19.4,1.0,1.0
3-5 дней,2026-08-07T23:19:23Z,2026-08-12T09:00:00Z,105.7,17.9,15.2,23.5,2.7,2.7
3-5 дней,2026-08-07T23:19:23Z,2026-08-12T12:00:00Z,108.7,17.8,11.9,24.1,5.9,5.9
3-5 дней,2026-08-07T23:19:23Z,2026-08-12T15:00:00Z,111.7,13.2,10.7,19.2,2.5,2.5
3-5 дней,2026-08-07T23:19:23Z,2026-08-12T18:00:00Z,114.7,10.9,9.3,16.8,1.6,1.6
3-5 дней,2026-08-07T23:19:23Z,2026-08-12T21:00:00Z,117.7,10.3,8.4,16.3,1.9,1.9
3-5 дней,2026-08-08T04:50:53Z,2026-08-11T06:00:00Z,73.2,18.8,19.4,16.9,-0.6,0.6
3-5 дней,2026-08-08T04:50:53Z,2026-08-11T09:00:00Z,76.2,22.3,23.5,20.6,-1.2,1.2
3-5 дней,2026-08-08T04:50:53Z,2026-08-11T12:00:00Z,79.2,20.6,24.1,22.3,-3.5,3.5
3-5 дней,2026-08-08T04:50:53Z,2026-08-11T15:00:00Z,82.2,21.5,19.2,21.8,2.3,2.3
3-5 дней,2026-08-08T04:50:53Z,2026-08-11T18:00:00Z,85.2,18.1,16.8,18.4,1.3,1.3
3-5 дней,2026-08-08T04:50:53Z,2026-08-11T21:00:00Z,88.2,18.3,16.3,15.0,2.0,2.0
3-5 дней,2026-08-08T04:50:53Z,2026-08-12T00:00:00Z,91.2,17.0,15.2,15.3,1.8,1.8
3-5 дней,2026-08-08T04:50:53Z,2026-08-12T03:00:00Z,94.2,16.1,14.5,15.0,1.6,1.6
3-5 дней,2026-08-08T04:50:53Z,2026-08-12T06:00:00Z,97.2,17.3,14.7,19.4,2.6,2.6
3-5 дней,2026-08-08T04:50:53Z,2026-08-12T09:00:00Z,100.2,17.2,15.2,23.5,2.0,2.0
3-5 дней,2026-08-08T04:50:53Z,2026-08-12T12:00:00Z,103.2,16.2,11.9,24.1,4.3,4.3
3-5 дней,2026-08-08T04:50:53Z,2026-08-12T15:00:00Z,106.2,15.8,10.7,19.2,5.1,5.1
3-5 дней,2026-08-08T04:50:53Z,2026-08-12T18:00:00Z,109.2,10.7,9.3,16.8,1.4,1.4
3-5 дней,2026-08-08T04:50:53Z,2026-08-12T21:00:00Z,112.2,9.5,8.4,16.3,1.1,1.1
3-5 дней,2026-08-08T04:50:53Z,2026-08-13T00:00:00Z,115.2,9.3,8.4,15.2,0.9,0.9
3-5 дней,2026-08-08T04:50:53Z,2026-08-13T03:00:00Z,118.2,9.2,8.4,14.5,0.8,0.8
3-5 дней,2026-08-08T10:18:13Z,2026-08-11T12:00:00Z,73.7,23.3,24.1,22.3,-0.8,0.8
3-5 дней,2026-08-08T10:18:13Z,2026-08-11T15:00:00Z,76.7,21.7,19.2,21.8,2.5,2.5
3-5 дней,2026-08-08T10:18:13Z,2026-08-11T18:00:00Z,79.7,18.7,16.8,18.4,1.9,1.9
3-5 дней,2026-08-08T10:18:13Z,2026-08-11T21:00:00Z,82.7,18.1,16.3,15.0,1.8,1.8
3-5 дней,2026-08-08T10:18:13Z,2026-08-12T00:00:00Z,85.7,16.4,15.2,15.3,1.2,1.2
3-5 дней,2026-08-08T10:18:13Z,2026-08-12T03:00:00Z,88.7,16.8,14.5,15.0,2.3,2.3
3-5 дней,2026-08-08T10:18:13Z,2026-08-12T06:00:00Z,91.7,18.2,14.7,19.4,3.5,3.5
3-5 дней,2026-08-08T10:18:13Z,2026-08-12T09:00:00Z,94.7,19.3,15.2,23.5,4.1,4.1
3-5 дней,2026-08-08T10:18:13Z,2026-08-12T12:00:00Z,97.7,16.9,11.9,24.1,5.0,5.0
3-5 дней,2026-08-08T10:18:13Z,2026-08-12T15:00:00Z,100.7,16.2,10.7,19.2,5.5,5.5
3-5 дней,2026-08-08T10:18:13Z,2026-08-12T18:00:00Z,103.7,15.3,9.3,16.8,6.0,6.0
3-5 дней,2026-08-08T10:18:13Z,2026-08-12T21:00:00Z,106.7,12.4,8.4,16.3,4.0,4.0
3-5 дней,2026-08-08T10:18:13Z,2026-08-13T00:00:00Z,109.7,10.5,8.4,15.2,2.1,2.1
3-5 дней,2026-08-08T10:18:13Z,2026-08-13T03:00:00Z,112.7,9.9,8.4,14.5,1.5,1.5
3-5 дней,2026-08-08T10:18:13Z,2026-08-13T06:00:00Z,115.7,10.1,8.2,14.7,1.9,1.9
3-5 дней,2026-08-08T10:18:13Z,2026-08-13T09:00:00Z,118.7,10.3,8.3,15.2,2.0,2.0
3-5 дней,2026-08-08T22:37:20Z,2026-08-12T00:00:00Z,73.4,16.0,15.2,15.3,0.8,0.8
3-5 дней,2026-08-08T22:37:20Z,2026-08-12T03:00:00Z,76.4,15.2,14.5,15.0,0.7,0.7
3-5 дней,2026-08-08T22:37:20Z,2026-08-12T06:00:00Z,79.4,15.7,14.7,19.4,1.0,1.0
3-5 дней,2026-08-08T22:37:20Z,2026-08-12T09:00:00Z,82.4,17.3,15.2,23.5,2.1,2.1
3-5 дней,2026-08-08T22:37:20Z,2026-08-12T12:00:00Z,85.4,16.4,11.9,24.1,4.5,4.5
3-5 дней,2026-08-08T22:37:20Z,2026-08-12T15:00:00Z,88.4,13.5,10.7,19.2,2.8,2.8
3-5 дней,2026-08-08T22:37:20Z,2026-08-12T18:00:00Z,91.4,10.7,9.3,16.8,1.4,1.4
3-5 дней,2026-08-08T22:37:20Z,2026-08-12T21:00:00Z,94.4,9.7,8.4,16.3,1.3,1.3
3-5 дней,2026-08-08T22:37:20Z,2026-08-13T00:00:00Z,97.4,9.1,8.4,15.2,0.7,0.7
3-5 дней,2026-08-08T22:37:20Z,2026-08-13T03:00:00Z,100.4,8.8,8.4,14.5,0.4,0.4
3-5 дней,2026-08-08T22:37:20Z,2026-08-13T06:00:00Z,103.4,8.9,8.2,14.7,0.7,0.7
3-5 дней,2026-08-08T22:37:20Z,2026-08-13T09:00:00Z,106.4,9.1,8.3,15.2,0.8,0.8
3-5 дней,2026-08-08T22:37:20Z,2026-08-13T12:00:00Z,109.4,9.1,7.7,11.9,1.4,1.4
3-5 дней,2026-08-08T22:37:20Z,2026-08-13T15:00:00Z,112.4,9.5,7.3,10.7,2.2,2.2
3-5 дней,2026-08-08T22:37:20Z,2026-08-13T18:00:00Z,115.4,9.1,6.9,9.3,2.2,2.2
3-5 дней,2026-08-08T22:37:20Z,2026-08-13T21:00:00Z,118.4,9.1,7.1,8.4,2.0,2.0
3-5 дней,2026-08-09T04:59:03Z,2026-08-12T06:00:00Z,73.0,14.8,14.7,19.4,0.1,0.1
3-5 дней,2026-08-09T04:59:03Z,2026-08-12T09:00:00Z,76.0,15.5,15.2,23.5,0.3,0.3
3-5 дней,2026-08-09T04:59:03Z,2026-08-12T12:00:00Z,79.0,15.6,11.9,24.1,3.7,3.7
3-5 дней,2026-08-09T04:59:03Z,2026-08-12T15:00:00Z,82.0,12.5,10.7,19.2,1.8,1.8
3-5 дней,2026-08-09T04:59:03Z,2026-08-12T18:00:00Z,85.0,10.5,9.3,16.8,1.2,1.2
3-5 дней,2026-08-09T04:59:03Z,2026-08-12T21:00:00Z,88.0,9.6,8.4,16.3,1.2,1.2
3-5 дней,2026-08-09T04:59:03Z,2026-08-13T00:00:00Z,91.0,9.3,8.4,15.2,0.9,0.9
3-5 дней,2026-08-09T04:59:03Z,2026-08-13T03:00:00Z,94.0,9.2,8.4,14.5,0.8,0.8
3-5 дней,2026-08-09T04:59:03Z,2026-08-13T06:00:00Z,97.0,9.3,8.2,14.7,1.1,1.1
3-5 дней,2026-08-09T04:59:03Z,2026-08-13T09:00:00Z,100.0,9.5,8.3,15.2,1.2,1.2
3-5 дней,2026-08-09T04:59:03Z,2026-08-13T12:00:00Z,103.0,9.4,7.7,11.9,1.7,1.7
3-5 дней,2026-08-09T04:59:03Z,2026-08-13T15:00:00Z,106.0,9.6,7.3,10.7,2.3,2.3
3-5 дней,2026-08-09T04:59:03Z,2026-08-13T18:00:00Z,109.0,9.3,6.9,9.3,2.4,2.4
3-5 дней,2026-08-09T04:59:03Z,2026-08-13T21:00:00Z,112.0,8.7,7.1,8.4,1.6,1.6
3-5 дней,2026-08-09T04:59:03Z,2026-08-14T00:00:00Z,115.0,8.7,7.3,8.4,1.4,1.4
3-5 дней,2026-08-09T04:59:03Z,2026-08-14T03:00:00Z,118.0,9.2,7.4,8.4,1.8,1.8
3-5 дней,2026-08-09T10:19:29Z,2026-08-12T12:00:00Z,73.7,13.1,11.9,24.1,1.2,1.2
3-5 дней,2026-08-09T10:19:29Z,2026-08-12T15:00:00Z,76.7,11.4,10.7,19.2,0.7,0.7
3-5 дней,2026-08-09T10:19:29Z,2026-08-12T18:00:00Z,79.7,10.0,9.3,16.8,0.7,0.7
3-5 дней,2026-08-09T10:19:29Z,2026-08-12T21:00:00Z,82.7,9.0,8.4,16.3,0.6,0.6
3-5 дней,2026-08-09T10:19:29Z,2026-08-13T00:00:00Z,85.7,8.3,8.4,15.2,-0.1,0.1
3-5 дней,2026-08-09T10:19:29Z,2026-08-13T03:00:00Z,88.7,8.3,8.4,14.5,-0.1,0.1
3-5 дней,2026-08-09T10:19:29Z,2026-08-13T06:00:00Z,91.7,8.9,8.2,14.7,0.7,0.7
3-5 дней,2026-08-09T10:19:29Z,2026-08-13T09:00:00Z,94.7,9.4,8.3,15.2,1.1,1.1
3-5 дней,2026-08-09T10:19:29Z,2026-08-13T12:00:00Z,97.7,11.0,7.7,11.9,3.3,3.3
3-5 дней,2026-08-09T10:19:29Z,2026-08-13T15:00:00Z,100.7,11.7,7.3,10.7,4.4,4.4
3-5 дней,2026-08-09T10:19:29Z,2026-08-13T18:00:00Z,103.7,10.7,6.9,9.3,3.8,3.8
3-5 дней,2026-08-09T10:19:29Z,2026-08-13T21:00:00Z,106.7,9.9,7.1,8.4,2.8,2.8
3-5 дней,2026-08-09T10:19:29Z,2026-08-14T00:00:00Z,109.7,8.7,7.3,8.4,1.4,1.4
3-5 дней,2026-08-09T10:19:29Z,2026-08-14T03:00:00Z,112.7,8.8,7.4,8.4,1.4,1.4
3-5 дней,2026-08-09T10:19:29Z,2026-08-14T06:00:00Z,115.7,11.7,8.3,8.2,3.4,3.4
3-5 дней,2026-08-09T10:19:29Z,2026-08-14T09:00:00Z,118.7,15.2,9.1,8.3,6.1,6.1
3-5 дней,2026-08-09T12:41:38Z,2026-08-12T15:00:00Z,74.3,11.4,10.7,19.2,0.7,0.7
3-5 дней,2026-08-09T12:41:38Z,2026-08-12T18:00:00Z,77.3,10.0,9.3,16.8,0.7,0.7
3-5 дней,2026-08-09T12:41:38Z,2026-08-12T21:00:00Z,80.3,9.0,8.4,16.3,0.6,0.6
3-5 дней,2026-08-09T12:41:38Z,2026-08-13T00:00:00Z,83.3,8.3,8.4,15.2,-0.1,0.1
3-5 дней,2026-08-09T12:41:38Z,2026-08-13T03:00:00Z,86.3,8.3,8.4,14.5,-0.1,0.1
3-5 дней,2026-08-09T12:41:38Z,2026-08-13T06:00:00Z,89.3,8.9,8.2,14.7,0.7,0.7
3-5 дней,2026-08-09T12:41:38Z,2026-08-13T09:00:00Z,92.3,9.4,8.3,15.2,1.1,1.1
3-5 дней,2026-08-09T12:41:38Z,2026-08-13T12:00:00Z,95.3,11.0,7.7,11.9,3.3,3.3
3-5 дней,2026-08-09T12:41:38Z,2026-08-13T15:00:00Z,98.3,11.7,7.3,10.7,4.4,4.4
3-5 дней,2026-08-09T12:41:38Z,2026-08-13T18:00:00Z,101.3,10.7,6.9,9.3,3.8,3.8
3-5 дней,2026-08-09T12:41:38Z,2026-08-13T21:00:00Z,104.3,9.9,7.1,8.4,2.8,2.8
3-5 дней,2026-08-09T12:41:38Z,2026-08-14T00:00:00Z,107.3,8.7,7.3,8.4,1.4,1.4
3-5 дней,2026-08-09T12:41:38Z,2026-08-14T03:00:00Z,110.3,8.8,7.4,8.4,1.4,1.4
3-5 дней,2026-08-09T12:41:38Z,2026-08-14T06:00:00Z,113.3,11.7,8.3,8.2,3.4,3.4
3-5 дней,2026-08-09T12:41:38Z,2026-08-14T09:00:00Z,116.3,15.2,9.1,8.3,6.1,6.1
3-5 дней,2026-08-09T12:41:38Z,2026-08-14T12:00:00Z,119.3,17.0,10.0,7.7,7.0,7.0
3-5 дней,2026-08-09T12:45:53Z,2026-08-12T15:00:00Z,74.2,11.4,10.7,19.2,0.7,0.7
3-5 дней,2026-08-09T12:45:53Z,2026-08-12T18:00:00Z,77.2,10.0,9.3,16.8,0.7,0.7
3-5 дней,2026-08-09T12:45:53Z,2026-08-12T21:00:00Z,80.2,9.0,8.4,16.3,0.6,0.6
3-5 дней,2026-08-09T12:45:53Z,2026-08-13T00:00:00Z,83.2,8.3,8.4,15.2,-0.1,0.1
3-5 дней,2026-08-09T12:45:53Z,2026-08-13T03:00:00Z,86.2,8.3,8.4,14.5,-0.1,0.1
3-5 дней,2026-08-09T12:45:53Z,2026-08-13T06:00:00Z,89.2,8.9,8.2,14.7,0.7,0.7
3-5 дней,2026-08-09T12:45:53Z,2026-08-13T09:00:00Z,92.2,9.4,8.3,15.2,1.1,1.1
3-5 дней,2026-08-09T12:45:53Z,2026-08-13T12:00:00Z,95.2,11.0,7.7,11.9,3.3,3.3
3-5 дней,2026-08-09T12:45:53Z,2026-08-13T15:00:00Z,98.2,11.7,7.3,10.7,4.4,4.4
3-5 дней,2026-08-09T12:45:53Z,2026-08-13T18:00:00Z,101.2,10.7,6.9,9.3,3.8,3.8
3-5 дней,2026-08-09T12:45:53Z,2026-08-13T21:00:00Z,104.2,9.9,7.1,8.4,2.8,2.8
3-5 дней,2026-08-09T12:45:53Z,2026-08-14T00:00:00Z,107.2,8.7,7.3,8.4,1.4,1.4
3-5 дней,2026-08-09T12:45:53Z,2026-08-14T03:00:00Z,110.2,8.8,7.4,8.4,1.4,1.4
3-5 дней,2026-08-09T12:45:53Z,2026-08-14T06:00:00Z,113.2,11.7,8.3,8.2,3.4,3.4
3-5 дней,2026-08-09T12:45:53Z,2026-08-14T09:00:00Z,116.2,15.2,9.1,8.3,6.1,6.1
3-5 дней,2026-08-09T12:45:53Z,2026-08-14T12:00:00Z,119.2,17.0,10.0,7.7,7.0,7.0
3-5 дней,2026-08-09T12:48:15Z,2026-08-12T15:00:00Z,74.2,11.4,10.7,19.2,0.7,0.7
3-5 дней,2026-08-09T12:48:15Z,2026-08-12T18:00:00Z,77.2,10.0,9.3,16.8,0.7,0.7
3-5 дней,2026-08-09T12:48:15Z,2026-08-12T21:00:00Z,80.2,9.0,8.4,16.3,0.6,0.6
3-5 дней,2026-08-09T12:48:15Z,2026-08-13T00:00:00Z,83.2,8.3,8.4,15.2,-0.1,0.1
3-5 дней,2026-08-09T12:48:15Z,2026-08-13T03:00:00Z,86.2,8.3,8.4,14.5,-0.1,0.1
3-5 дней,2026-08-09T12:48:15Z,2026-08-13T06:00:00Z,89.2,8.9,8.2,14.7,0.7,0.7
3-5 дней,2026-08-09T12:48:15Z,2026-08-13T09:00:00Z,92.2,9.4,8.3,15.2,1.1,1.1
3-5 дней,2026-08-09T12:48:15Z,2026-08-13T12:00:00Z,95.2,11.0,7.7,11.9,3.3,3.3
3-5 дней,2026-08-09T12:48:15Z,2026-08-13T15:00:00Z,98.2,11.7,7.3,10.7,4.4,4.4
3-5 дней,2026-08-09T12:48:15Z,2026-08-13T18:00:00Z,101.2,10.7,6.9,9.3,3.8,3.8
3-5 дней,2026-08-09T12:48:15Z,2026-08-13T21:00:00Z,104.2,9.9,7.1,8.4,2.8,2.8
3-5 дней,2026-08-09T12:48:15Z,2026-08-14T00:00:00Z,107.2,8.7,7.3,8.4,1.4,1.4
3-5 дней,2026-08-09T12:48:15Z,2026-08-14T03:00:00Z,110.2,8.8,7.4,8.4,1.4,1.4
3-5 дней,2026-08-09T12:48:15Z,2026-08-14T06:00:00Z,113.2,11.7,8.3,8.2,3.4,3.4
3-5 дней,2026-08-09T12:48:15Z,2026-08-14T09:00:00Z,116.2,15.2,9.1,8.3,6.1,6.1
3-5 дней,2026-08-09T12:48:15Z,2026-08-14T12:00:00Z,119.2,17.0,10.0,7.7,7.0,7.0
3-5 дней,2026-08-09T16:31:44Z,2026-08-12T18:00:00Z,73.5,9.9,9.3,16.8,0.6,0.6
3-5 дней,2026-08-09T16:31:44Z,2026-08-12T21:00:00Z,76.5,8.8,8.4,16.3,0.4,0.4
3-5 дней,2026-08-09T16:31:44Z,2026-08-13T00:00:00Z,79.5,8.4,8.4,15.2,0.0,0.0
3-5 дней,2026-08-09T16:31:44Z,2026-08-13T03:00:00Z,82.5,8.5,8.4,14.5,0.1,0.1
3-5 дней,2026-08-09T16:31:44Z,2026-08-13T06:00:00Z,85.5,9.2,8.2,14.7,1.0,1.0
3-5 дней,2026-08-09T16:31:44Z,2026-08-13T09:00:00Z,88.5,10.0,8.3,15.2,1.7,1.7
3-5 дней,2026-08-09T16:31:44Z,2026-08-13T12:00:00Z,91.5,10.1,7.7,11.9,2.4,2.4
3-5 дней,2026-08-09T16:31:44Z,2026-08-13T15:00:00Z,94.5,9.4,7.3,10.7,2.1,2.1
3-5 дней,2026-08-09T16:31:44Z,2026-08-13T18:00:00Z,97.5,8.9,6.9,9.3,2.0,2.0
3-5 дней,2026-08-09T16:31:44Z,2026-08-13T21:00:00Z,100.5,9.1,7.1,8.4,2.0,2.0
3-5 дней,2026-08-09T16:31:44Z,2026-08-14T00:00:00Z,103.5,9.3,7.3,8.4,2.0,2.0
3-5 дней,2026-08-09T16:31:44Z,2026-08-14T03:00:00Z,106.5,9.0,7.4,8.4,1.6,1.6
3-5 дней,2026-08-09T16:31:44Z,2026-08-14T06:00:00Z,109.5,12.2,8.3,8.2,3.9,3.9
3-5 дней,2026-08-09T16:31:44Z,2026-08-14T09:00:00Z,112.5,15.5,9.1,8.3,6.4,6.4
3-5 дней,2026-08-09T16:31:44Z,2026-08-14T12:00:00Z,115.5,16.8,10.0,7.7,6.8,6.8
3-5 дней,2026-08-09T16:31:44Z,2026-08-14T15:00:00Z,118.5,15.5,10.6,7.3,4.9,4.9
3-5 дней,2026-08-09T22:39:09Z,2026-08-13T00:00:00Z,73.3,9.0,8.4,15.2,0.6,0.6
3-5 дней,2026-08-09T22:39:09Z,2026-08-13T03:00:00Z,76.3,8.5,8.4,14.5,0.1,0.1
3-5 дней,2026-08-09T22:39:09Z,2026-08-13T06:00:00Z,79.3,8.5,8.2,14.7,0.3,0.3
3-5 дней,2026-08-09T22:39:09Z,2026-08-13T09:00:00Z,82.3,8.9,8.3,15.2,0.6,0.6
3-5 дней,2026-08-09T22:39:09Z,2026-08-13T12:00:00Z,85.3,9.2,7.7,11.9,1.5,1.5
3-5 дней,2026-08-09T22:39:09Z,2026-08-13T15:00:00Z,88.3,10.0,7.3,10.7,2.7,2.7
3-5 дней,2026-08-09T22:39:09Z,2026-08-13T18:00:00Z,91.3,9.2,6.9,9.3,2.3,2.3
3-5 дней,2026-08-09T22:39:09Z,2026-08-13T21:00:00Z,94.3,8.8,7.1,8.4,1.7,1.7
3-5 дней,2026-08-09T22:39:09Z,2026-08-14T00:00:00Z,97.3,8.5,7.3,8.4,1.2,1.2
3-5 дней,2026-08-09T22:39:09Z,2026-08-14T03:00:00Z,100.3,8.6,7.4,8.4,1.2,1.2
3-5 дней,2026-08-09T22:39:09Z,2026-08-14T06:00:00Z,103.3,12.1,8.3,8.2,3.8,3.8
3-5 дней,2026-08-09T22:39:09Z,2026-08-14T09:00:00Z,106.3,15.3,9.1,8.3,6.2,6.2
3-5 дней,2026-08-09T22:39:09Z,2026-08-14T12:00:00Z,109.3,16.4,10.0,7.7,6.4,6.4
3-5 дней,2026-08-09T22:39:09Z,2026-08-14T15:00:00Z,112.3,15.2,10.6,7.3,4.6,4.6
3-5 дней,2026-08-09T22:39:09Z,2026-08-14T18:00:00Z,115.3,11.3,8.7,6.9,2.6,2.6
3-5 дней,2026-08-09T22:39:09Z,2026-08-14T21:00:00Z,118.3,8.7,8.0,7.1,0.7,0.7
3-5 дней,2026-08-10T05:20:42Z,2026-08-13T06:00:00Z,72.7,9.2,8.2,14.7,1.0,1.0
3-5 дней,2026-08-10T05:20:42Z,2026-08-13T09:00:00Z,75.7,9.4,8.3,15.2,1.1,1.1
3-5 дней,2026-08-10T05:20:42Z,2026-08-13T12:00:00Z,78.7,9.8,7.7,11.9,2.1,2.1
3-5 дней,2026-08-10T05:20:42Z,2026-08-13T15:00:00Z,81.7,10.1,7.3,10.7,2.8,2.8
3-5 дней,2026-08-10T05:20:42Z,2026-08-13T18:00:00Z,84.7,8.8,6.9,9.3,1.9,1.9
3-5 дней,2026-08-10T05:20:42Z,2026-08-13T21:00:00Z,87.7,8.7,7.1,8.4,1.6,1.6
3-5 дней,2026-08-10T05:20:42Z,2026-08-14T00:00:00Z,90.7,9.3,7.3,8.4,2.0,2.0
3-5 дней,2026-08-10T05:20:42Z,2026-08-14T03:00:00Z,93.7,9.8,7.4,8.4,2.4,2.4
3-5 дней,2026-08-10T05:20:42Z,2026-08-14T06:00:00Z,96.7,11.7,8.3,8.2,3.4,3.4
3-5 дней,2026-08-10T05:20:42Z,2026-08-14T09:00:00Z,99.7,14.9,9.1,8.3,5.8,5.8
3-5 дней,2026-08-10T05:20:42Z,2026-08-14T12:00:00Z,102.7,16.3,10.0,7.7,6.3,6.3
3-5 дней,2026-08-10T05:20:42Z,2026-08-14T15:00:00Z,105.7,15.1,10.6,7.3,4.5,4.5
3-5 дней,2026-08-10T05:20:42Z,2026-08-14T18:00:00Z,108.7,10.8,8.7,6.9,2.1,2.1
3-5 дней,2026-08-10T05:20:42Z,2026-08-14T21:00:00Z,111.7,8.4,8.0,7.1,0.4,0.4
3-5 дней,2026-08-10T05:20:42Z,2026-08-15T00:00:00Z,114.7,7.2,6.3,7.3,0.9,0.9
3-5 дней,2026-08-10T05:20:42Z,2026-08-15T03:00:00Z,117.7,7.8,7.6,7.4,0.2,0.2
3-5 дней,2026-08-10T10:53:28Z,2026-08-13T12:00:00Z,73.1,8.5,7.7,11.9,0.8,0.8
3-5 дней,2026-08-10T10:53:28Z,2026-08-13T15:00:00Z,76.1,8.3,7.3,10.7,1.0,1.0
3-5 дней,2026-08-10T10:53:28Z,2026-08-13T18:00:00Z,79.1,8.6,6.9,9.3,1.7,1.7
3-5 дней,2026-08-10T10:53:28Z,2026-08-13T21:00:00Z,82.1,8.8,7.1,8.4,1.7,1.7
3-5 дней,2026-08-10T10:53:28Z,2026-08-14T00:00:00Z,85.1,8.3,7.3,8.4,1.0,1.0
3-5 дней,2026-08-10T10:53:28Z,2026-08-14T03:00:00Z,88.1,8.2,7.4,8.4,0.8,0.8
3-5 дней,2026-08-10T10:53:28Z,2026-08-14T06:00:00Z,91.1,9.9,8.3,8.2,1.6,1.6
3-5 дней,2026-08-10T10:53:28Z,2026-08-14T09:00:00Z,94.1,13.9,9.1,8.3,4.8,4.8
3-5 дней,2026-08-10T10:53:28Z,2026-08-14T12:00:00Z,97.1,15.2,10.0,7.7,5.2,5.2
3-5 дней,2026-08-10T10:53:28Z,2026-08-14T15:00:00Z,100.1,13.8,10.6,7.3,3.2,3.2
3-5 дней,2026-08-10T10:53:28Z,2026-08-14T18:00:00Z,103.1,10.6,8.7,6.9,1.9,1.9
3-5 дней,2026-08-10T10:53:28Z,2026-08-14T21:00:00Z,106.1,8.7,8.0,7.1,0.7,0.7
3-5 дней,2026-08-10T10:53:28Z,2026-08-15T00:00:00Z,109.1,7.7,6.3,7.3,1.4,1.4
3-5 дней,2026-08-10T10:53:28Z,2026-08-15T03:00:00Z,112.1,8.8,7.6,7.4,1.2,1.2
3-5 дней,2026-08-10T10:53:28Z,2026-08-15T06:00:00Z,115.1,11.4,8.6,8.3,2.8,2.8
3-5 дней,2026-08-10T10:53:28Z,2026-08-15T09:00:00Z,118.1,14.5,10.9,9.1,3.6,3.6
3-5 дней,2026-08-10T16:52:05Z,2026-08-13T18:00:00Z,73.1,7.8,6.9,9.3,0.9,0.9
3-5 дней,2026-08-10T16:52:05Z,2026-08-13T21:00:00Z,76.1,7.7,7.1,8.4,0.6,0.6
3-5 дней,2026-08-10T16:52:05Z,2026-08-14T00:00:00Z,79.1,7.6,7.3,8.4,0.3,0.3
3-5 дней,2026-08-10T16:52:05Z,2026-08-14T03:00:00Z,82.1,8.2,7.4,8.4,0.8,0.8
3-5 дней,2026-08-10T16:52:05Z,2026-08-14T06:00:00Z,85.1,10.3,8.3,8.2,2.0,2.0
3-5 дней,2026-08-10T16:52:05Z,2026-08-14T09:00:00Z,88.1,13.6,9.1,8.3,4.5,4.5
3-5 дней,2026-08-10T16:52:05Z,2026-08-14T12:00:00Z,91.1,14.6,10.0,7.7,4.6,4.6
3-5 дней,2026-08-10T16:52:05Z,2026-08-14T15:00:00Z,94.1,13.7,10.6,7.3,3.1,3.1
3-5 дней,2026-08-10T16:52:05Z,2026-08-14T18:00:00Z,97.1,10.0,8.7,6.9,1.3,1.3
3-5 дней,2026-08-10T16:52:05Z,2026-08-14T21:00:00Z,100.1,8.0,8.0,7.1,0.0,0.0
3-5 дней,2026-08-10T16:52:05Z,2026-08-15T00:00:00Z,103.1,6.1,6.3,7.3,-0.2,0.2
3-5 дней,2026-08-10T16:52:05Z,2026-08-15T03:00:00Z,106.1,6.9,7.6,7.4,-0.7,0.7
3-5 дней,2026-08-10T16:52:05Z,2026-08-15T06:00:00Z,109.1,10.3,8.6,8.3,1.7,1.7
3-5 дней,2026-08-10T16:52:05Z,2026-08-15T09:00:00Z,112.1,12.7,10.9,9.1,1.8,1.8
3-5 дней,2026-08-10T16:52:05Z,2026-08-15T12:00:00Z,115.1,13.8,13.4,10.0,0.4,0.4
3-5 дней,2026-08-10T16:52:05Z,2026-08-15T15:00:00Z,118.1,13.2,13.0,10.6,0.2,0.2
3-5 дней,2026-08-10T22:47:13Z,2026-08-14T00:00:00Z,73.2,7.9,7.3,8.4,0.6,0.6
3-5 дней,2026-08-10T22:47:13Z,2026-08-14T03:00:00Z,76.2,8.2,7.4,8.4,0.8,0.8
3-5 дней,2026-08-10T22:47:13Z,2026-08-14T06:00:00Z,79.2,11.0,8.3,8.2,2.7,2.7
3-5 дней,2026-08-10T22:47:13Z,2026-08-14T09:00:00Z,82.2,13.9,9.1,8.3,4.8,4.8
3-5 дней,2026-08-10T22:47:13Z,2026-08-14T12:00:00Z,85.2,14.5,10.0,7.7,4.5,4.5
3-5 дней,2026-08-10T22:47:13Z,2026-08-14T15:00:00Z,88.2,13.3,10.6,7.3,2.7,2.7
3-5 дней,2026-08-10T22:47:13Z,2026-08-14T18:00:00Z,91.2,9.6,8.7,6.9,0.9,0.9
3-5 дней,2026-08-10T22:47:13Z,2026-08-14T21:00:00Z,94.2,7.7,8.0,7.1,-0.3,0.3
3-5 дней,2026-08-10T22:47:13Z,2026-08-15T00:00:00Z,97.2,5.9,6.3,7.3,-0.4,0.4
3-5 дней,2026-08-10T22:47:13Z,2026-08-15T03:00:00Z,100.2,6.6,7.6,7.4,-1.0,1.0
3-5 дней,2026-08-10T22:47:13Z,2026-08-15T06:00:00Z,103.2,10.2,8.6,8.3,1.6,1.6
3-5 дней,2026-08-10T22:47:13Z,2026-08-15T09:00:00Z,106.2,12.9,10.9,9.1,2.0,2.0
3-5 дней,2026-08-10T22:47:13Z,2026-08-15T12:00:00Z,109.2,14.2,13.4,10.0,0.8,0.8
3-5 дней,2026-08-10T22:47:13Z,2026-08-15T15:00:00Z,112.2,13.7,13.0,10.6,0.7,0.7
3-5 дней,2026-08-10T22:47:13Z,2026-08-15T18:00:00Z,115.2,9.6,12.2,8.7,-2.6,2.6
3-5 дней,2026-08-10T22:47:13Z,2026-08-15T21:00:00Z,118.2,8.4,11.3,8.0,-2.9,2.9
3-5 дней,2026-08-11T05:01:49Z,2026-08-14T06:00:00Z,73.0,10.5,8.3,8.2,2.2,2.2
3-5 дней,2026-08-11T05:01:49Z,2026-08-14T09:00:00Z,76.0,13.7,9.1,8.3,4.6,4.6
3-5 дней,2026-08-11T05:01:49Z,2026-08-14T12:00:00Z,79.0,14.3,10.0,7.7,4.3,4.3
3-5 дней,2026-08-11T05:01:49Z,2026-08-14T15:00:00Z,82.0,13.0,10.6,7.3,2.4,2.4
3-5 дней,2026-08-11T05:01:49Z,2026-08-14T18:00:00Z,85.0,9.8,8.7,6.9,1.1,1.1
3-5 дней,2026-08-11T05:01:49Z,2026-08-14T21:00:00Z,88.0,7.2,8.0,7.1,-0.8,0.8
3-5 дней,2026-08-11T05:01:49Z,2026-08-15T00:00:00Z,91.0,5.9,6.3,7.3,-0.4,0.4
3-5 дней,2026-08-11T05:01:49Z,2026-08-15T03:00:00Z,94.0,6.8,7.6,7.4,-0.8,0.8
3-5 дней,2026-08-11T05:01:49Z,2026-08-15T06:00:00Z,97.0,10.7,8.6,8.3,2.1,2.1
3-5 дней,2026-08-11T05:01:49Z,2026-08-15T09:00:00Z,100.0,13.4,10.9,9.1,2.5,2.5
3-5 дней,2026-08-11T05:01:49Z,2026-08-15T12:00:00Z,103.0,14.6,13.4,10.0,1.2,1.2
3-5 дней,2026-08-11T05:01:49Z,2026-08-15T15:00:00Z,106.0,14.2,13.0,10.6,1.2,1.2
3-5 дней,2026-08-11T05:01:49Z,2026-08-15T18:00:00Z,109.0,10.2,12.2,8.7,-2.0,2.0
3-5 дней,2026-08-11T05:01:49Z,2026-08-15T21:00:00Z,112.0,7.8,11.3,8.0,-3.5,3.5
3-5 дней,2026-08-11T05:01:49Z,2026-08-16T00:00:00Z,115.0,6.1,10.8,6.3,-4.7,4.7
3-5 дней,2026-08-11T05:01:49Z,2026-08-16T03:00:00Z,118.0,7.1,10.1,7.6,-3.0,3.0
3-5 дней,2026-08-11T10:38:45Z,2026-08-14T12:00:00Z,73.4,13.2,10.0,7.7,3.2,3.2
3-5 дней,2026-08-11T10:38:45Z,2026-08-14T15:00:00Z,76.4,12.0,10.6,7.3,1.4,1.4
3-5 дней,2026-08-11T10:38:45Z,2026-08-14T18:00:00Z,79.4,8.8,8.7,6.9,0.1,0.1
3-5 дней,2026-08-11T10:38:45Z,2026-08-14T21:00:00Z,82.4,6.9,8.0,7.1,-1.1,1.1
3-5 дней,2026-08-11T10:38:45Z,2026-08-15T00:00:00Z,85.4,6.1,6.3,7.3,-0.2,0.2
3-5 дней,2026-08-11T10:38:45Z,2026-08-15T03:00:00Z,88.4,7.3,7.6,7.4,-0.3,0.3
3-5 дней,2026-08-11T10:38:45Z,2026-08-15T06:00:00Z,91.4,9.9,8.6,8.3,1.3,1.3
3-5 дней,2026-08-11T10:38:45Z,2026-08-15T09:00:00Z,94.4,12.5,10.9,9.1,1.6,1.6
3-5 дней,2026-08-11T10:38:45Z,2026-08-15T12:00:00Z,97.4,13.4,13.4,10.0,0.0,0.0
3-5 дней,2026-08-11T10:38:45Z,2026-08-15T15:00:00Z,100.4,13.0,13.0,10.6,0.0,0.0
3-5 дней,2026-08-11T10:38:45Z,2026-08-15T18:00:00Z,103.4,9.4,12.2,8.7,-2.8,2.8
3-5 дней,2026-08-11T10:38:45Z,2026-08-15T21:00:00Z,106.4,7.8,11.3,8.0,-3.5,3.5
3-5 дней,2026-08-11T10:38:45Z,2026-08-16T00:00:00Z,109.4,6.2,10.8,6.3,-4.6,4.6
3-5 дней,2026-08-11T10:38:45Z,2026-08-16T03:00:00Z,112.4,6.8,10.1,7.6,-3.3,3.3
3-5 дней,2026-08-11T10:38:45Z,2026-08-16T06:00:00Z,115.4,11.0,12.3,8.6,-1.3,1.3
3-5 дней,2026-08-11T10:38:45Z,2026-08-16T09:00:00Z,118.4,14.5,14.3,10.9,0.2,0.2
3-5 дней,2026-08-12T10:47:03Z,2026-08-15T12:00:00Z,73.2,13.5,13.4,10.0,0.1,0.1
3-5 дней,2026-08-12T10:47:03Z,2026-08-15T15:00:00Z,76.2,12.7,13.0,10.6,-0.3,0.3
3-5 дней,2026-08-12T10:47:03Z,2026-08-15T18:00:00Z,79.2,9.4,12.2,8.7,-2.8,2.8
3-5 дней,2026-08-12T10:47:03Z,2026-08-15T21:00:00Z,82.2,8.2,11.3,8.0,-3.1,3.1
3-5 дней,2026-08-12T10:47:03Z,2026-08-16T00:00:00Z,85.2,6.5,10.8,6.3,-4.3,4.3
3-5 дней,2026-08-12T10:47:03Z,2026-08-16T03:00:00Z,88.2,7.6,10.1,7.6,-2.5,2.5
3-5 дней,2026-08-12T10:47:03Z,2026-08-16T06:00:00Z,91.2,11.4,12.3,8.6,-0.9,0.9
3-5 дней,2026-08-12T10:47:03Z,2026-08-16T09:00:00Z,94.2,13.4,14.3,10.9,-0.9,0.9
3-5 дней,2026-08-12T10:47:03Z,2026-08-16T12:00:00Z,97.2,14.8,16.0,13.4,-1.2,1.2
3-5 дней,2026-08-12T10:47:03Z,2026-08-16T15:00:00Z,100.2,14.9,16.2,13.0,-1.3,1.3
3-5 дней,2026-08-12T10:47:03Z,2026-08-16T18:00:00Z,103.2,11.9,11.2,12.2,0.7,0.7
3-5 дней,2026-08-12T10:47:03Z,2026-08-16T21:00:00Z,106.2,11.6,9.4,11.3,2.2,2.2
3-5 дней,2026-08-12T10:47:03Z,2026-08-17T00:00:00Z,109.2,9.8,9.3,10.8,0.5,0.5
3-5 дней,2026-08-12T10:47:03Z,2026-08-17T03:00:00Z,112.2,11.0,9.1,10.1,1.9,1.9
3-5 дней,2026-08-12T10:47:03Z,2026-08-17T06:00:00Z,115.2,14.2,15.0,12.3,-0.8,0.8
3-5 дней,2026-08-12T10:47:03Z,2026-08-17T09:00:00Z,118.2,17.6,17.9,14.3,-0.3,0.3
3-5 дней,2026-08-12T16:54:57Z,2026-08-15T18:00:00Z,73.1,11.6,12.2,8.7,-0.6,0.6
3-5 дней,2026-08-12T16:54:57Z,2026-08-15T21:00:00Z,76.1,10.7,11.3,8.0,-0.6,0.6
3-5 дней,2026-08-12T16:54:57Z,2026-08-16T00:00:00Z,79.1,9.4,10.8,6.3,-1.4,1.4
3-5 дней,2026-08-12T16:54:57Z,2026-08-16T03:00:00Z,82.1,9.5,10.1,7.6,-0.6,0.6
3-5 дней,2026-08-12T16:54:57Z,2026-08-16T06:00:00Z,85.1,11.3,12.3,8.6,-1.0,1.0
3-5 дней,2026-08-12T16:54:57Z,2026-08-16T09:00:00Z,88.1,12.6,14.3,10.9,-1.7,1.7
3-5 дней,2026-08-12T16:54:57Z,2026-08-16T12:00:00Z,91.1,13.7,16.0,13.4,-2.3,2.3
3-5 дней,2026-08-12T16:54:57Z,2026-08-16T15:00:00Z,94.1,13.2,16.2,13.0,-3.0,3.0
3-5 дней,2026-08-12T16:54:57Z,2026-08-16T18:00:00Z,97.1,11.9,11.2,12.2,0.7,0.7
3-5 дней,2026-08-12T16:54:57Z,2026-08-16T21:00:00Z,100.1,11.0,9.4,11.3,1.6,1.6
3-5 дней,2026-08-12T16:54:57Z,2026-08-17T00:00:00Z,103.1,11.2,9.3,10.8,1.9,1.9
3-5 дней,2026-08-12T16:54:57Z,2026-08-17T03:00:00Z,106.1,10.8,9.1,10.1,1.7,1.7
3-5 дней,2026-08-12T16:54:57Z,2026-08-17T06:00:00Z,109.1,13.7,15.0,12.3,-1.3,1.3
3-5 дней,2026-08-12T16:54:57Z,2026-08-17T09:00:00Z,112.1,14.4,17.9,14.3,-3.5,3.5
3-5 дней,2026-08-12T16:54:57Z,2026-08-17T12:00:00Z,115.1,15.8,19.5,16.0,-3.7,3.7
3-5 дней,2026-08-12T16:54:57Z,2026-08-17T15:00:00Z,118.1,15.9,19.1,16.2,-3.2,3.2
3-5 дней,2026-08-12T22:50:47Z,2026-08-16T00:00:00Z,73.2,9.4,10.8,6.3,-1.4,1.4
3-5 дней,2026-08-12T22:50:47Z,2026-08-16T03:00:00Z,76.2,9.4,10.1,7.6,-0.7,0.7
3-5 дней,2026-08-12T22:50:47Z,2026-08-16T06:00:00Z,79.2,10.7,12.3,8.6,-1.6,1.6
3-5 дней,2026-08-12T22:50:47Z,2026-08-16T09:00:00Z,82.2,12.4,14.3,10.9,-1.9,1.9
3-5 дней,2026-08-12T22:50:47Z,2026-08-16T12:00:00Z,85.2,12.6,16.0,13.4,-3.4,3.4
3-5 дней,2026-08-12T22:50:47Z,2026-08-16T15:00:00Z,88.2,12.5,16.2,13.0,-3.7,3.7
3-5 дней,2026-08-12T22:50:47Z,2026-08-16T18:00:00Z,91.2,11.9,11.2,12.2,0.7,0.7
3-5 дней,2026-08-12T22:50:47Z,2026-08-16T21:00:00Z,94.2,11.2,9.4,11.3,1.8,1.8
3-5 дней,2026-08-12T22:50:47Z,2026-08-17T00:00:00Z,97.2,10.8,9.3,10.8,1.5,1.5
3-5 дней,2026-08-12T22:50:47Z,2026-08-17T03:00:00Z,100.2,11.1,9.1,10.1,2.0,2.0
3-5 дней,2026-08-12T22:50:47Z,2026-08-17T06:00:00Z,103.2,13.8,15.0,12.3,-1.2,1.2
3-5 дней,2026-08-12T22:50:47Z,2026-08-17T09:00:00Z,106.2,15.9,17.9,14.3,-2.0,2.0
3-5 дней,2026-08-12T22:50:47Z,2026-08-17T12:00:00Z,109.2,17.4,19.5,16.0,-2.1,2.1
3-5 дней,2026-08-12T22:50:47Z,2026-08-17T15:00:00Z,112.2,17.3,19.1,16.2,-1.8,1.8
3-5 дней,2026-08-12T22:50:47Z,2026-08-17T18:00:00Z,115.2,12.7,14.5,11.2,-1.8,1.8
3-5 дней,2026-08-12T22:50:47Z,2026-08-17T21:00:00Z,118.2,10.9,13.0,9.4,-2.1,2.1
3-5 дней,2026-08-13T05:30:08Z,2026-08-16T06:00:00Z,72.5,10.5,12.3,8.6,-1.8,1.8
3-5 дней,2026-08-13T05:30:08Z,2026-08-16T09:00:00Z,75.5,12.0,14.3,10.9,-2.3,2.3
3-5 дней,2026-08-13T05:30:08Z,2026-08-16T12:00:00Z,78.5,14.2,16.0,13.4,-1.8,1.8
3-5 дней,2026-08-13T05:30:08Z,2026-08-16T15:00:00Z,81.5,14.7,16.2,13.0,-1.5,1.5
3-5 дней,2026-08-13T05:30:08Z,2026-08-16T18:00:00Z,84.5,12.7,11.2,12.2,1.5,1.5
3-5 дней,2026-08-13T05:30:08Z,2026-08-16T21:00:00Z,87.5,11.9,9.4,11.3,2.5,2.5
3-5 дней,2026-08-13T05:30:08Z,2026-08-17T00:00:00Z,90.5,9.3,9.3,10.8,0.0,0.0
3-5 дней,2026-08-13T05:30:08Z,2026-08-17T03:00:00Z,93.5,9.6,9.1,10.1,0.5,0.5
3-5 дней,2026-08-13T05:30:08Z,2026-08-17T06:00:00Z,96.5,12.5,15.0,12.3,-2.5,2.5
3-5 дней,2026-08-13T05:30:08Z,2026-08-17T09:00:00Z,99.5,16.9,17.9,14.3,-1.0,1.0
3-5 дней,2026-08-13T05:30:08Z,2026-08-17T12:00:00Z,102.5,18.6,19.5,16.0,-0.9,0.9
3-5 дней,2026-08-13T05:30:08Z,2026-08-17T15:00:00Z,105.5,18.1,19.1,16.2,-1.0,1.0
3-5 дней,2026-08-13T05:30:08Z,2026-08-17T18:00:00Z,108.5,13.0,14.5,11.2,-1.5,1.5
3-5 дней,2026-08-13T05:30:08Z,2026-08-17T21:00:00Z,111.5,11.5,13.0,9.4,-1.5,1.5
3-5 дней,2026-08-13T05:30:08Z,2026-08-18T00:00:00Z,114.5,10.5,13.0,9.3,-2.5,2.5
3-5 дней,2026-08-13T05:30:08Z,2026-08-18T03:00:00Z,117.5,11.4,12.6,9.1,-1.2,1.2
3-5 дней,2026-08-13T10:49:01Z,2026-08-16T12:00:00Z,73.2,14.0,16.0,13.4,-2.0,2.0
3-5 дней,2026-08-13T10:49:01Z,2026-08-16T15:00:00Z,76.2,13.7,16.2,13.0,-2.5,2.5
3-5 дней,2026-08-13T10:49:01Z,2026-08-16T18:00:00Z,79.2,12.2,11.2,12.2,1.0,1.0
3-5 дней,2026-08-13T10:49:01Z,2026-08-16T21:00:00Z,82.2,12.0,9.4,11.3,2.6,2.6
3-5 дней,2026-08-13T10:49:01Z,2026-08-17T00:00:00Z,85.2,11.7,9.3,10.8,2.4,2.4
3-5 дней,2026-08-13T10:49:01Z,2026-08-17T03:00:00Z,88.2,11.7,9.1,10.1,2.6,2.6
3-5 дней,2026-08-13T10:49:01Z,2026-08-17T06:00:00Z,91.2,13.1,15.0,12.3,-1.9,1.9
3-5 дней,2026-08-13T10:49:01Z,2026-08-17T09:00:00Z,94.2,16.1,17.9,14.3,-1.8,1.8
3-5 дней,2026-08-13T10:49:01Z,2026-08-17T12:00:00Z,97.2,17.5,19.5,16.0,-2.0,2.0
3-5 дней,2026-08-13T10:49:01Z,2026-08-17T15:00:00Z,100.2,17.4,19.1,16.2,-1.7,1.7
3-5 дней,2026-08-13T10:49:01Z,2026-08-17T18:00:00Z,103.2,12.8,14.5,11.2,-1.7,1.7
3-5 дней,2026-08-13T10:49:01Z,2026-08-17T21:00:00Z,106.2,10.6,13.0,9.4,-2.4,2.4
3-5 дней,2026-08-13T10:49:01Z,2026-08-18T00:00:00Z,109.2,9.4,13.0,9.3,-3.6,3.6
3-5 дней,2026-08-13T10:49:01Z,2026-08-18T03:00:00Z,112.2,10.5,12.6,9.1,-2.1,2.1
3-5 дней,2026-08-13T10:49:01Z,2026-08-18T06:00:00Z,115.2,15.5,15.4,15.0,0.1,0.1
3-5 дней,2026-08-13T10:49:01Z,2026-08-18T09:00:00Z,118.2,19.0,18.7,17.9,0.3,0.3
3-5 дней,2026-08-13T16:36:10Z,2026-08-16T18:00:00Z,73.4,13.3,11.2,12.2,2.1,2.1
3-5 дней,2026-08-13T16:36:10Z,2026-08-16T21:00:00Z,76.4,11.5,9.4,11.3,2.1,2.1
3-5 дней,2026-08-13T16:36:10Z,2026-08-17T00:00:00Z,79.4,9.6,9.3,10.8,0.3,0.3
3-5 дней,2026-08-13T16:36:10Z,2026-08-17T03:00:00Z,82.4,10.2,9.1,10.1,1.1,1.1
3-5 дней,2026-08-13T16:36:10Z,2026-08-17T06:00:00Z,85.4,13.8,15.0,12.3,-1.2,1.2
3-5 дней,2026-08-13T16:36:10Z,2026-08-17T09:00:00Z,88.4,17.8,17.9,14.3,-0.1,0.1
3-5 дней,2026-08-13T16:36:10Z,2026-08-17T12:00:00Z,91.4,19.3,19.5,16.0,-0.2,0.2
3-5 дней,2026-08-13T16:36:10Z,2026-08-17T15:00:00Z,94.4,18.7,19.1,16.2,-0.4,0.4
3-5 дней,2026-08-13T16:36:10Z,2026-08-17T18:00:00Z,97.4,13.6,14.5,11.2,-0.9,0.9
3-5 дней,2026-08-13T16:36:10Z,2026-08-17T21:00:00Z,100.4,11.0,13.0,9.4,-2.0,2.0
3-5 дней,2026-08-13T16:36:10Z,2026-08-18T00:00:00Z,103.4,9.7,13.0,9.3,-3.3,3.3
3-5 дней,2026-08-13T16:36:10Z,2026-08-18T03:00:00Z,106.4,11.1,12.6,9.1,-1.5,1.5
3-5 дней,2026-08-13T16:36:10Z,2026-08-18T06:00:00Z,109.4,16.2,15.4,15.0,0.8,0.8
3-5 дней,2026-08-13T16:36:10Z,2026-08-18T09:00:00Z,112.4,19.7,18.7,17.9,1.0,1.0
3-5 дней,2026-08-13T16:36:10Z,2026-08-18T12:00:00Z,115.4,20.6,18.5,19.5,2.1,2.1
3-5 дней,2026-08-13T16:36:10Z,2026-08-18T15:00:00Z,118.4,19.2,18.8,19.1,0.4,0.4
3-5 дней,2026-08-13T16:42:24Z,2026-08-16T18:00:00Z,73.3,13.3,11.2,12.2,2.1,2.1
3-5 дней,2026-08-13T16:42:24Z,2026-08-16T21:00:00Z,76.3,11.5,9.4,11.3,2.1,2.1
3-5 дней,2026-08-13T16:42:24Z,2026-08-17T00:00:00Z,79.3,9.6,9.3,10.8,0.3,0.3
3-5 дней,2026-08-13T16:42:24Z,2026-08-17T03:00:00Z,82.3,10.2,9.1,10.1,1.1,1.1
3-5 дней,2026-08-13T16:42:24Z,2026-08-17T06:00:00Z,85.3,13.8,15.0,12.3,-1.2,1.2
3-5 дней,2026-08-13T16:42:24Z,2026-08-17T09:00:00Z,88.3,17.8,17.9,14.3,-0.1,0.1
3-5 дней,2026-08-13T16:42:24Z,2026-08-17T12:00:00Z,91.3,19.3,19.5,16.0,-0.2,0.2
3-5 дней,2026-08-13T16:42:24Z,2026-08-17T15:00:00Z,94.3,18.7,19.1,16.2,-0.4,0.4
3-5 дней,2026-08-13T16:42:24Z,2026-08-17T18:00:00Z,97.3,13.6,14.5,11.2,-0.9,0.9
3-5 дней,2026-08-13T16:42:24Z,2026-08-17T21:00:00Z,100.3,11.0,13.0,9.4,-2.0,2.0
3-5 дней,2026-08-13T16:42:24Z,2026-08-18T00:00:00Z,103.3,9.7,13.0,9.3,-3.3,3.3
3-5 дней,2026-08-13T16:42:24Z,2026-08-18T03:00:00Z,106.3,11.1,12.6,9.1,-1.5,1.5
3-5 дней,2026-08-13T16:42:24Z,2026-08-18T06:00:00Z,109.3,16.2,15.4,15.0,0.8,0.8
3-5 дней,2026-08-13T16:42:24Z,2026-08-18T09:00:00Z,112.3,19.7,18.7,17.9,1.0,1.0
3-5 дней,2026-08-13T16:42:24Z,2026-08-18T12:00:00Z,115.3,20.6,18.5,19.5,2.1,2.1
3-5 дней,2026-08-13T16:42:24Z,2026-08-18T15:00:00Z,118.3,19.2,18.8,19.1,0.4,0.4
3-5 дней,2026-08-13T16:54:22Z,2026-08-16T18:00:00Z,73.1,13.3,11.2,12.2,2.1,2.1
3-5 дней,2026-08-13T16:54:22Z,2026-08-16T21:00:00Z,76.1,11.5,9.4,11.3,2.1,2.1
3-5 дней,2026-08-13T16:54:22Z,2026-08-17T00:00:00Z,79.1,9.6,9.3,10.8,0.3,0.3
3-5 дней,2026-08-13T16:54:22Z,2026-08-17T03:00:00Z,82.1,10.2,9.1,10.1,1.1,1.1
3-5 дней,2026-08-13T16:54:22Z,2026-08-17T06:00:00Z,85.1,13.8,15.0,12.3,-1.2,1.2
3-5 дней,2026-08-13T16:54:22Z,2026-08-17T09:00:00Z,88.1,17.8,17.9,14.3,-0.1,0.1
3-5 дней,2026-08-13T16:54:22Z,2026-08-17T12:00:00Z,91.1,19.3,19.5,16.0,-0.2,0.2
3-5 дней,2026-08-13T16:54:22Z,2026-08-17T15:00:00Z,94.1,18.7,19.1,16.2,-0.4,0.4
3-5 дней,2026-08-13T16:54:22Z,2026-08-17T18:00:00Z,97.1,13.6,14.5,11.2,-0.9,0.9
3-5 дней,2026-08-13T16:54:22Z,2026-08-17T21:00:00Z,100.1,11.0,13.0,9.4,-2.0,2.0
3-5 дней,2026-08-13T16:54:22Z,2026-08-18T00:00:00Z,103.1,9.7,13.0,9.3,-3.3,3.3
3-5 дней,2026-08-13T16:54:22Z,2026-08-18T03:00:00Z,106.1,11.1,12.6,9.1,-1.5,1.5
3-5 дней,2026-08-13T16:54:22Z,2026-08-18T06:00:00Z,109.1,16.2,15.4,15.0,0.8,0.8
3-5 дней,2026-08-13T16:54:22Z,2026-08-18T09:00:00Z,112.1,19.7,18.7,17.9,1.0,1.0
3-5 дней,2026-08-13T16:54:22Z,2026-08-18T12:00:00Z,115.1,20.6,18.5,19.5,2.1,2.1
3-5 дней,2026-08-13T16:54:22Z,2026-08-18T15:00:00Z,118.1,19.2,18.8,19.1,0.4,0.4
3-5 дней,2026-08-13T22:52:17Z,2026-08-17T00:00:00Z,73.1,8.3,9.3,10.8,-1.0,1.0
3-5 дней,2026-08-13T22:52:17Z,2026-08-17T03:00:00Z,76.1,9.6,9.1,10.1,0.5,0.5
3-5 дней,2026-08-13T22:52:17Z,2026-08-17T06:00:00Z,79.1,14.5,15.0,12.3,-0.5,0.5
3-5 дней,2026-08-13T22:52:17Z,2026-08-17T09:00:00Z,82.1,18.5,17.9,14.3,0.6,0.6
3-5 дней,2026-08-13T22:52:17Z,2026-08-17T12:00:00Z,85.1,19.0,19.5,16.0,-0.5,0.5
3-5 дней,2026-08-13T22:52:17Z,2026-08-17T15:00:00Z,88.1,17.3,19.1,16.2,-1.8,1.8
3-5 дней,2026-08-13T22:52:17Z,2026-08-17T18:00:00Z,91.1,14.8,14.5,11.2,0.3,0.3
3-5 дней,2026-08-13T22:52:17Z,2026-08-17T21:00:00Z,94.1,13.5,13.0,9.4,0.5,0.5
3-5 дней,2026-08-13T22:52:17Z,2026-08-18T00:00:00Z,97.1,13.2,13.0,9.3,0.2,0.2
3-5 дней,2026-08-13T22:52:17Z,2026-08-18T03:00:00Z,100.1,13.5,12.6,9.1,0.9,0.9
3-5 дней,2026-08-13T22:52:17Z,2026-08-18T06:00:00Z,103.1,14.4,15.4,15.0,-1.0,1.0
3-5 дней,2026-08-13T22:52:17Z,2026-08-18T09:00:00Z,106.1,18.5,18.7,17.9,-0.2,0.2
3-5 дней,2026-08-13T22:52:17Z,2026-08-18T12:00:00Z,109.1,19.3,18.5,19.5,0.8,0.8
3-5 дней,2026-08-13T22:52:17Z,2026-08-18T15:00:00Z,112.1,18.6,18.8,19.1,-0.2,0.2
3-5 дней,2026-08-13T22:52:17Z,2026-08-18T18:00:00Z,115.1,14.2,14.0,14.5,0.2,0.2
3-5 дней,2026-08-13T22:52:17Z,2026-08-18T21:00:00Z,118.1,13.3,12.0,13.0,1.3,1.3
3-5 дней,2026-08-14T05:28:14Z,2026-08-17T06:00:00Z,72.5,15.7,15.0,12.3,0.7,0.7
3-5 дней,2026-08-14T05:28:14Z,2026-08-17T09:00:00Z,75.5,19.2,17.9,14.3,1.3,1.3
3-5 дней,2026-08-14T05:28:14Z,2026-08-17T12:00:00Z,78.5,19.9,19.5,16.0,0.4,0.4
3-5 дней,2026-08-14T05:28:14Z,2026-08-17T15:00:00Z,81.5,19.4,19.1,16.2,0.3,0.3
3-5 дней,2026-08-14T05:28:14Z,2026-08-17T18:00:00Z,84.5,14.0,14.5,11.2,-0.5,0.5
3-5 дней,2026-08-14T05:28:14Z,2026-08-17T21:00:00Z,87.5,12.1,13.0,9.4,-0.9,0.9
3-5 дней,2026-08-14T05:28:14Z,2026-08-18T00:00:00Z,90.5,11.2,13.0,9.3,-1.8,1.8
3-5 дней,2026-08-14T05:28:14Z,2026-08-18T03:00:00Z,93.5,12.3,12.6,9.1,-0.3,0.3
3-5 дней,2026-08-14T05:28:14Z,2026-08-18T06:00:00Z,96.5,16.0,15.4,15.0,0.6,0.6
3-5 дней,2026-08-14T05:28:14Z,2026-08-18T09:00:00Z,99.5,19.2,18.7,17.9,0.5,0.5
3-5 дней,2026-08-14T05:28:14Z,2026-08-18T12:00:00Z,102.5,19.5,18.5,19.5,1.0,1.0
3-5 дней,2026-08-14T05:28:14Z,2026-08-18T15:00:00Z,105.5,17.4,18.8,19.1,-1.4,1.4
3-5 дней,2026-08-14T05:28:14Z,2026-08-18T18:00:00Z,108.5,14.6,14.0,14.5,0.6,0.6
3-5 дней,2026-08-14T05:28:14Z,2026-08-18T21:00:00Z,111.5,13.1,12.0,13.0,1.1,1.1
3-5 дней,2026-08-14T05:28:14Z,2026-08-19T00:00:00Z,114.5,12.6,12.5,13.0,0.1,0.1
3-5 дней,2026-08-14T05:28:14Z,2026-08-19T03:00:00Z,117.5,12.4,13.3,12.6,-0.9,0.9
3-5 дней,2026-08-14T10:44:54Z,2026-08-17T12:00:00Z,73.3,18.8,19.5,16.0,-0.7,0.7
3-5 дней,2026-08-14T10:44:54Z,2026-08-17T15:00:00Z,76.3,17.6,19.1,16.2,-1.5,1.5
3-5 дней,2026-08-14T10:44:54Z,2026-08-17T18:00:00Z,79.3,14.6,14.5,11.2,0.1,0.1
3-5 дней,2026-08-14T10:44:54Z,2026-08-17T21:00:00Z,82.3,12.7,13.0,9.4,-0.3,0.3
3-5 дней,2026-08-14T10:44:54Z,2026-08-18T00:00:00Z,85.3,11.6,13.0,9.3,-1.4,1.4
3-5 дней,2026-08-14T10:44:54Z,2026-08-18T03:00:00Z,88.3,13.0,12.6,9.1,0.4,0.4
3-5 дней,2026-08-14T10:44:54Z,2026-08-18T06:00:00Z,91.3,14.6,15.4,15.0,-0.8,0.8
3-5 дней,2026-08-14T10:44:54Z,2026-08-18T09:00:00Z,94.3,15.9,18.7,17.9,-2.8,2.8
3-5 дней,2026-08-14T10:44:54Z,2026-08-18T12:00:00Z,97.3,17.3,18.5,19.5,-1.2,1.2
3-5 дней,2026-08-14T10:44:54Z,2026-08-18T15:00:00Z,100.3,16.1,18.8,19.1,-2.7,2.7
3-5 дней,2026-08-14T10:44:54Z,2026-08-18T18:00:00Z,103.3,13.9,14.0,14.5,-0.1,0.1
3-5 дней,2026-08-14T10:44:54Z,2026-08-18T21:00:00Z,106.3,12.5,12.0,13.0,0.5,0.5
3-5 дней,2026-08-14T10:44:54Z,2026-08-19T00:00:00Z,109.3,10.6,12.5,13.0,-1.9,1.9
3-5 дней,2026-08-14T10:44:54Z,2026-08-19T03:00:00Z,112.3,11.1,13.3,12.6,-2.2,2.2
3-5 дней,2026-08-14T10:44:54Z,2026-08-19T06:00:00Z,115.3,16.2,14.3,15.4,1.9,1.9
3-5 дней,2026-08-14T10:44:54Z,2026-08-19T09:00:00Z,118.3,20.5,17.4,18.7,3.1,3.1
3-5 дней,2026-08-14T16:48:33Z,2026-08-17T18:00:00Z,73.2,14.2,14.5,11.2,-0.3,0.3
3-5 дней,2026-08-14T16:48:33Z,2026-08-17T21:00:00Z,76.2,12.6,13.0,9.4,-0.4,0.4
3-5 дней,2026-08-14T16:48:33Z,2026-08-18T00:00:00Z,79.2,10.6,13.0,9.3,-2.4,2.4
3-5 дней,2026-08-14T16:48:33Z,2026-08-18T03:00:00Z,82.2,12.0,12.6,9.1,-0.6,0.6
3-5 дней,2026-08-14T16:48:33Z,2026-08-18T06:00:00Z,85.2,15.9,15.4,15.0,0.5,0.5
3-5 дней,2026-08-14T16:48:33Z,2026-08-18T09:00:00Z,88.2,19.1,18.7,17.9,0.4,0.4
3-5 дней,2026-08-14T16:48:33Z,2026-08-18T12:00:00Z,91.2,19.6,18.5,19.5,1.1,1.1
3-5 дней,2026-08-14T16:48:33Z,2026-08-18T15:00:00Z,94.2,16.5,18.8,19.1,-2.3,2.3
3-5 дней,2026-08-14T16:48:33Z,2026-08-18T18:00:00Z,97.2,14.1,14.0,14.5,0.1,0.1
3-5 дней,2026-08-14T16:48:33Z,2026-08-18T21:00:00Z,100.2,13.0,12.0,13.0,1.0,1.0
3-5 дней,2026-08-14T16:48:33Z,2026-08-19T00:00:00Z,103.2,12.2,12.5,13.0,-0.3,0.3
3-5 дней,2026-08-14T16:48:33Z,2026-08-19T03:00:00Z,106.2,12.0,13.3,12.6,-1.3,1.3
3-5 дней,2026-08-14T16:48:33Z,2026-08-19T06:00:00Z,109.2,15.1,14.3,15.4,0.8,0.8
3-5 дней,2026-08-14T16:48:33Z,2026-08-19T09:00:00Z,112.2,18.6,17.4,18.7,1.2,1.2
3-5 дней,2026-08-14T16:48:33Z,2026-08-19T12:00:00Z,115.2,19.6,19.6,18.5,0.0,0.0
3-5 дней,2026-08-14T16:48:33Z,2026-08-19T15:00:00Z,118.2,17.2,17.6,18.8,-0.4,0.4
3-5 дней,2026-08-14T22:30:55Z,2026-08-18T00:00:00Z,73.5,13.2,13.0,9.3,0.2,0.2
3-5 дней,2026-08-14T22:30:55Z,2026-08-18T03:00:00Z,76.5,12.5,12.6,9.1,-0.1,0.1
3-5 дней,2026-08-14T22:30:55Z,2026-08-18T06:00:00Z,79.5,16.4,15.4,15.0,1.0,1.0
3-5 дней,2026-08-14T22:30:55Z,2026-08-18T09:00:00Z,82.5,19.4,18.7,17.9,0.7,0.7
3-5 дней,2026-08-14T22:30:55Z,2026-08-18T12:00:00Z,85.5,20.2,18.5,19.5,1.7,1.7
3-5 дней,2026-08-14T22:30:55Z,2026-08-18T15:00:00Z,88.5,18.9,18.8,19.1,0.1,0.1
3-5 дней,2026-08-14T22:30:55Z,2026-08-18T18:00:00Z,91.5,14.5,14.0,14.5,0.5,0.5
3-5 дней,2026-08-14T22:30:55Z,2026-08-18T21:00:00Z,94.5,12.6,12.0,13.0,0.6,0.6
3-5 дней,2026-08-14T22:30:55Z,2026-08-19T00:00:00Z,97.5,11.8,12.5,13.0,-0.7,0.7
3-5 дней,2026-08-14T22:30:55Z,2026-08-19T03:00:00Z,100.5,12.1,13.3,12.6,-1.2,1.2
3-5 дней,2026-08-14T22:30:55Z,2026-08-19T06:00:00Z,103.5,16.3,14.3,15.4,2.0,2.0
3-5 дней,2026-08-14T22:30:55Z,2026-08-19T09:00:00Z,106.5,18.8,17.4,18.7,1.4,1.4
3-5 дней,2026-08-14T22:30:55Z,2026-08-19T12:00:00Z,109.5,18.6,19.6,18.5,-1.0,1.0
3-5 дней,2026-08-14T22:30:55Z,2026-08-19T15:00:00Z,112.5,15.9,17.6,18.8,-1.7,1.7
3-5 дней,2026-08-14T22:30:55Z,2026-08-19T18:00:00Z,115.5,14.7,14.6,14.0,0.1,0.1
3-5 дней,2026-08-14T22:30:55Z,2026-08-19T21:00:00Z,118.5,13.7,15.0,12.0,-1.3,1.3
3-5 дней,2026-08-15T04:24:15Z,2026-08-18T06:00:00Z,73.6,16.4,15.4,15.0,1.0,1.0
3-5 дней,2026-08-15T04:24:15Z,2026-08-18T09:00:00Z,76.6,18.9,18.7,17.9,0.2,0.2
3-5 дней,2026-08-15T04:24:15Z,2026-08-18T12:00:00Z,79.6,20.0,18.5,19.5,1.5,1.5
3-5 дней,2026-08-15T04:24:15Z,2026-08-18T15:00:00Z,82.6,18.6,18.8,19.1,-0.2,0.2
3-5 дней,2026-08-15T04:24:15Z,2026-08-18T18:00:00Z,85.6,14.1,14.0,14.5,0.1,0.1
3-5 дней,2026-08-15T04:24:15Z,2026-08-18T21:00:00Z,88.6,12.3,12.0,13.0,0.3,0.3
3-5 дней,2026-08-15T04:24:15Z,2026-08-19T00:00:00Z,91.6,11.2,12.5,13.0,-1.3,1.3
3-5 дней,2026-08-15T04:24:15Z,2026-08-19T03:00:00Z,94.6,12.0,13.3,12.6,-1.3,1.3
3-5 дней,2026-08-15T04:24:15Z,2026-08-19T06:00:00Z,97.6,16.2,14.3,15.4,1.9,1.9
3-5 дней,2026-08-15T04:24:15Z,2026-08-19T09:00:00Z,100.6,19.6,17.4,18.7,2.2,2.2
3-5 дней,2026-08-15T04:24:15Z,2026-08-19T12:00:00Z,103.6,20.2,19.6,18.5,0.6,0.6
3-5 дней,2026-08-15T04:24:15Z,2026-08-19T15:00:00Z,106.6,17.9,17.6,18.8,0.3,0.3
3-5 дней,2026-08-15T04:24:15Z,2026-08-19T18:00:00Z,109.6,15.2,14.6,14.0,0.6,0.6
3-5 дней,2026-08-15T04:24:15Z,2026-08-19T21:00:00Z,112.6,13.7,15.0,12.0,-1.3,1.3
3-5 дней,2026-08-15T04:24:15Z,2026-08-20T00:00:00Z,115.6,13.6,15.1,12.5,-1.5,1.5
3-5 дней,2026-08-15T04:24:15Z,2026-08-20T03:00:00Z,118.6,13.4,15.2,13.3,-1.8,1.8
3-5 дней,2026-08-15T10:09:15Z,2026-08-18T12:00:00Z,73.8,17.0,18.5,19.5,-1.5,1.5
3-5 дней,2026-08-15T10:09:15Z,2026-08-18T15:00:00Z,76.8,17.8,18.8,19.1,-1.0,1.0
3-5 дней,2026-08-15T10:09:15Z,2026-08-18T18:00:00Z,79.8,14.8,14.0,14.5,0.8,0.8
3-5 дней,2026-08-15T10:09:15Z,2026-08-18T21:00:00Z,82.8,13.3,12.0,13.0,1.3,1.3
3-5 дней,2026-08-15T10:09:15Z,2026-08-19T00:00:00Z,85.8,13.4,12.5,13.0,0.9,0.9
3-5 дней,2026-08-15T10:09:15Z,2026-08-19T03:00:00Z,88.8,12.9,13.3,12.6,-0.4,0.4
3-5 дней,2026-08-15T10:09:15Z,2026-08-19T06:00:00Z,91.8,15.5,14.3,15.4,1.2,1.2
3-5 дней,2026-08-15T10:09:15Z,2026-08-19T09:00:00Z,94.8,18.0,17.4,18.7,0.6,0.6
3-5 дней,2026-08-15T10:09:15Z,2026-08-19T12:00:00Z,97.8,15.4,19.6,18.5,-4.2,4.2
3-5 дней,2026-08-15T10:09:15Z,2026-08-19T15:00:00Z,100.8,14.9,17.6,18.8,-2.7,2.7
3-5 дней,2026-08-15T10:09:15Z,2026-08-19T18:00:00Z,103.8,14.2,14.6,14.0,-0.4,0.4
3-5 дней,2026-08-15T10:09:15Z,2026-08-19T21:00:00Z,106.8,12.3,15.0,12.0,-2.7,2.7
3-5 дней,2026-08-15T10:09:15Z,2026-08-20T00:00:00Z,109.8,12.5,15.1,12.5,-2.6,2.6
3-5 дней,2026-08-15T10:09:15Z,2026-08-20T03:00:00Z,112.8,12.5,15.2,13.3,-2.7,2.7
3-5 дней,2026-08-15T10:09:15Z,2026-08-20T06:00:00Z,115.8,14.5,15.0,14.3,-0.5,0.5
3-5 дней,2026-08-15T10:09:15Z,2026-08-20T09:00:00Z,118.8,17.9,15.1,17.4,2.8,2.8
3-5 дней,2026-08-15T22:29:33Z,2026-08-19T00:00:00Z,73.5,11.8,12.5,13.0,-0.7,0.7
3-5 дней,2026-08-15T22:29:33Z,2026-08-19T03:00:00Z,76.5,12.4,13.3,12.6,-0.9,0.9
3-5 дней,2026-08-15T22:29:33Z,2026-08-19T06:00:00Z,79.5,15.7,14.3,15.4,1.4,1.4
3-5 дней,2026-08-15T22:29:33Z,2026-08-19T09:00:00Z,82.5,18.5,17.4,18.7,1.1,1.1
3-5 дней,2026-08-15T22:29:33Z,2026-08-19T12:00:00Z,85.5,19.4,19.6,18.5,-0.2,0.2
3-5 дней,2026-08-15T22:29:33Z,2026-08-19T15:00:00Z,88.5,16.8,17.6,18.8,-0.8,0.8
3-5 дней,2026-08-15T22:29:33Z,2026-08-19T18:00:00Z,91.5,15.7,14.6,14.0,1.1,1.1
3-5 дней,2026-08-15T22:29:33Z,2026-08-19T21:00:00Z,94.5,14.8,15.0,12.0,-0.2,0.2
3-5 дней,2026-08-15T22:29:33Z,2026-08-20T00:00:00Z,97.5,14.5,15.1,12.5,-0.6,0.6
3-5 дней,2026-08-15T22:29:33Z,2026-08-20T03:00:00Z,100.5,15.0,15.2,13.3,-0.2,0.2
3-5 дней,2026-08-15T22:29:33Z,2026-08-20T06:00:00Z,103.5,18.6,15.0,14.3,3.6,3.6
3-5 дней,2026-08-15T22:29:33Z,2026-08-20T09:00:00Z,106.5,22.1,15.1,17.4,7.0,7.0
3-5 дней,2026-08-15T22:29:33Z,2026-08-20T12:00:00Z,109.5,21.8,16.7,19.6,5.1,5.1
3-5 дней,2026-08-15T22:29:33Z,2026-08-20T15:00:00Z,112.5,19.6,15.2,17.6,4.4,4.4
3-5 дней,2026-08-15T22:29:33Z,2026-08-20T18:00:00Z,115.5,16.7,13.8,14.6,2.9,2.9
3-5 дней,2026-08-15T22:29:33Z,2026-08-20T21:00:00Z,118.5,15.2,13.9,15.0,1.3,1.3
3-5 дней,2026-08-16T04:29:41Z,2026-08-19T06:00:00Z,73.5,15.7,14.3,15.4,1.4,1.4
3-5 дней,2026-08-16T04:29:41Z,2026-08-19T09:00:00Z,76.5,19.3,17.4,18.7,1.9,1.9
3-5 дней,2026-08-16T04:29:41Z,2026-08-19T12:00:00Z,79.5,20.1,19.6,18.5,0.5,0.5
3-5 дней,2026-08-16T04:29:41Z,2026-08-19T15:00:00Z,82.5,18.4,17.6,18.8,0.8,0.8
3-5 дней,2026-08-16T04:29:41Z,2026-08-19T18:00:00Z,85.5,16.6,14.6,14.0,2.0,2.0
3-5 дней,2026-08-16T04:29:41Z,2026-08-19T21:00:00Z,88.5,16.2,15.0,12.0,1.2,1.2
3-5 дней,2026-08-16T04:29:41Z,2026-08-20T00:00:00Z,91.5,15.0,15.1,12.5,-0.1,0.1
3-5 дней,2026-08-16T04:29:41Z,2026-08-20T03:00:00Z,94.5,15.2,15.2,13.3,0.0,0.0
3-5 дней,2026-08-16T04:29:41Z,2026-08-20T06:00:00Z,97.5,16.1,15.0,14.3,1.1,1.1
3-5 дней,2026-08-16T04:29:41Z,2026-08-20T09:00:00Z,100.5,16.7,15.1,17.4,1.6,1.6
3-5 дней,2026-08-16T04:29:41Z,2026-08-20T12:00:00Z,103.5,19.3,16.7,19.6,2.6,2.6
3-5 дней,2026-08-16T04:29:41Z,2026-08-20T15:00:00Z,106.5,17.4,15.2,17.6,2.2,2.2
3-5 дней,2026-08-16T04:29:41Z,2026-08-20T18:00:00Z,109.5,15.2,13.8,14.6,1.4,1.4
3-5 дней,2026-08-16T04:29:41Z,2026-08-20T21:00:00Z,112.5,13.1,13.9,15.0,-0.8,0.8
3-5 дней,2026-08-16T04:29:41Z,2026-08-21T00:00:00Z,115.5,11.6,13.1,15.1,-1.5,1.5
3-5 дней,2026-08-16T04:29:41Z,2026-08-21T03:00:00Z,118.5,12.7,12.4,15.2,0.3,0.3
3-5 дней,2026-08-16T07:21:44Z,2026-08-19T09:00:00Z,73.6,19.3,17.4,18.7,1.9,1.9
3-5 дней,2026-08-16T07:21:44Z,2026-08-19T12:00:00Z,76.6,20.1,19.6,18.5,0.5,0.5
3-5 дней,2026-08-16T07:21:44Z,2026-08-19T15:00:00Z,79.6,18.4,17.6,18.8,0.8,0.8
3-5 дней,2026-08-16T07:21:44Z,2026-08-19T18:00:00Z,82.6,16.6,14.6,14.0,2.0,2.0
3-5 дней,2026-08-16T07:21:44Z,2026-08-19T21:00:00Z,85.6,16.2,15.0,12.0,1.2,1.2
3-5 дней,2026-08-16T07:21:44Z,2026-08-20T00:00:00Z,88.6,15.0,15.1,12.5,-0.1,0.1
3-5 дней,2026-08-16T07:21:44Z,2026-08-20T03:00:00Z,91.6,15.2,15.2,13.3,0.0,0.0
3-5 дней,2026-08-16T07:21:44Z,2026-08-20T06:00:00Z,94.6,16.1,15.0,14.3,1.1,1.1
3-5 дней,2026-08-16T07:21:44Z,2026-08-20T09:00:00Z,97.6,16.7,15.1,17.4,1.6,1.6
3-5 дней,2026-08-16T07:21:44Z,2026-08-20T12:00:00Z,100.6,19.3,16.7,19.6,2.6,2.6
3-5 дней,2026-08-16T07:21:44Z,2026-08-20T15:00:00Z,103.6,17.4,15.2,17.6,2.2,2.2
3-5 дней,2026-08-16T07:21:44Z,2026-08-20T18:00:00Z,106.6,15.2,13.8,14.6,1.4,1.4
3-5 дней,2026-08-16T07:21:44Z,2026-08-20T21:00:00Z,109.6,13.1,13.9,15.0,-0.8,0.8
3-5 дней,2026-08-16T07:21:44Z,2026-08-21T00:00:00Z,112.6,11.6,13.1,15.1,-1.5,1.5
3-5 дней,2026-08-16T07:21:44Z,2026-08-21T03:00:00Z,115.6,12.7,12.4,15.2,0.3,0.3
3-5 дней,2026-08-16T07:21:44Z,2026-08-21T06:00:00Z,118.6,14.8,15.9,15.0,-1.1,1.1
3-5 дней,2026-08-16T10:09:47Z,2026-08-19T12:00:00Z,73.8,18.8,19.6,18.5,-0.8,0.8
3-5 дней,2026-08-16T10:09:47Z,2026-08-19T15:00:00Z,76.8,16.5,17.6,18.8,-1.1,1.1
3-5 дней,2026-08-16T10:09:47Z,2026-08-19T18:00:00Z,79.8,15.5,14.6,14.0,0.9,0.9
3-5 дней,2026-08-16T10:09:47Z,2026-08-19T21:00:00Z,82.8,14.2,15.0,12.0,-0.8,0.8
3-5 дней,2026-08-16T10:09:47Z,2026-08-20T00:00:00Z,85.8,14.2,15.1,12.5,-0.9,0.9
3-5 дней,2026-08-16T10:09:47Z,2026-08-20T03:00:00Z,88.8,14.8,15.2,13.3,-0.4,0.4
3-5 дней,2026-08-16T10:09:47Z,2026-08-20T06:00:00Z,91.8,15.8,15.0,14.3,0.8,0.8
3-5 дней,2026-08-16T10:09:47Z,2026-08-20T09:00:00Z,94.8,17.7,15.1,17.4,2.6,2.6
3-5 дней,2026-08-16T10:09:47Z,2026-08-20T12:00:00Z,97.8,19.0,16.7,19.6,2.3,2.3
3-5 дней,2026-08-16T10:09:47Z,2026-08-20T15:00:00Z,100.8,17.5,15.2,17.6,2.3,2.3
3-5 дней,2026-08-16T10:09:47Z,2026-08-20T18:00:00Z,103.8,16.0,13.8,14.6,2.2,2.2
3-5 дней,2026-08-16T10:09:47Z,2026-08-20T21:00:00Z,106.8,14.3,13.9,15.0,0.4,0.4
3-5 дней,2026-08-16T10:09:47Z,2026-08-21T00:00:00Z,109.8,12.6,13.1,15.1,-0.5,0.5
3-5 дней,2026-08-16T10:09:47Z,2026-08-21T03:00:00Z,112.8,12.5,12.4,15.2,0.1,0.1
3-5 дней,2026-08-16T10:09:47Z,2026-08-21T06:00:00Z,115.8,15.8,15.9,15.0,-0.1,0.1
3-5 дней,2026-08-16T10:09:47Z,2026-08-21T09:00:00Z,118.8,17.6,17.9,15.1,-0.3,0.3
3-5 дней,2026-08-16T16:21:00Z,2026-08-19T18:00:00Z,73.7,15.6,14.6,14.0,1.0,1.0
3-5 дней,2026-08-16T16:21:00Z,2026-08-19T21:00:00Z,76.7,14.8,15.0,12.0,-0.2,0.2
3-5 дней,2026-08-16T16:21:00Z,2026-08-20T00:00:00Z,79.7,14.5,15.1,12.5,-0.6,0.6
3-5 дней,2026-08-16T16:21:00Z,2026-08-20T03:00:00Z,82.7,14.6,15.2,13.3,-0.6,0.6
3-5 дней,2026-08-16T16:21:00Z,2026-08-20T06:00:00Z,85.7,17.2,15.0,14.3,2.2,2.2
3-5 дней,2026-08-16T16:21:00Z,2026-08-20T09:00:00Z,88.7,19.1,15.1,17.4,4.0,4.0
3-5 дней,2026-08-16T16:21:00Z,2026-08-20T12:00:00Z,91.7,19.6,16.7,19.6,2.9,2.9
3-5 дней,2026-08-16T16:21:00Z,2026-08-20T15:00:00Z,94.7,18.5,15.2,17.6,3.3,3.3
3-5 дней,2026-08-16T16:21:00Z,2026-08-20T18:00:00Z,97.7,15.7,13.8,14.6,1.9,1.9
3-5 дней,2026-08-16T16:21:00Z,2026-08-20T21:00:00Z,100.7,15.4,13.9,15.0,1.5,1.5
3-5 дней,2026-08-16T16:21:00Z,2026-08-21T00:00:00Z,103.7,14.3,13.1,15.1,1.2,1.2
3-5 дней,2026-08-16T16:21:00Z,2026-08-21T03:00:00Z,106.7,13.4,12.4,15.2,1.0,1.0
3-5 дней,2026-08-16T16:21:00Z,2026-08-21T06:00:00Z,109.7,16.6,15.9,15.0,0.7,0.7
3-5 дней,2026-08-16T16:21:00Z,2026-08-21T09:00:00Z,112.7,19.7,17.9,15.1,1.8,1.8
3-5 дней,2026-08-16T16:21:00Z,2026-08-21T12:00:00Z,115.7,20.0,18.3,16.7,1.7,1.7
3-5 дней,2026-08-16T16:21:00Z,2026-08-21T15:00:00Z,118.7,19.1,15.5,15.2,3.6,3.6
3-5 дней,2026-08-16T22:29:34Z,2026-08-20T00:00:00Z,73.5,15.2,15.1,12.5,0.1,0.1
3-5 дней,2026-08-16T22:29:34Z,2026-08-20T03:00:00Z,76.5,14.6,15.2,13.3,-0.6,0.6
3-5 дней,2026-08-16T22:29:34Z,2026-08-20T06:00:00Z,79.5,15.7,15.0,14.3,0.7,0.7
3-5 дней,2026-08-16T22:29:34Z,2026-08-20T09:00:00Z,82.5,17.3,15.1,17.4,2.2,2.2
3-5 дней,2026-08-16T22:29:34Z,2026-08-20T12:00:00Z,85.5,19.4,16.7,19.6,2.7,2.7
3-5 дней,2026-08-16T22:29:34Z,2026-08-20T15:00:00Z,88.5,18.2,15.2,17.6,3.0,3.0
3-5 дней,2026-08-16T22:29:34Z,2026-08-20T18:00:00Z,91.5,15.4,13.8,14.6,1.6,1.6
3-5 дней,2026-08-16T22:29:34Z,2026-08-20T21:00:00Z,94.5,14.4,13.9,15.0,0.5,0.5
3-5 дней,2026-08-16T22:29:34Z,2026-08-21T00:00:00Z,97.5,13.0,13.1,15.1,-0.1,0.1
3-5 дней,2026-08-16T22:29:34Z,2026-08-21T03:00:00Z,100.5,13.1,12.4,15.2,0.7,0.7
3-5 дней,2026-08-16T22:29:34Z,2026-08-21T06:00:00Z,103.5,16.1,15.9,15.0,0.2,0.2
3-5 дней,2026-08-16T22:29:34Z,2026-08-21T09:00:00Z,106.5,16.1,17.9,15.1,-1.8,1.8
3-5 дней,2026-08-16T22:29:34Z,2026-08-21T12:00:00Z,109.5,14.4,18.3,16.7,-3.9,3.9
3-5 дней,2026-08-16T22:29:34Z,2026-08-21T15:00:00Z,112.5,15.1,15.5,15.2,-0.4,0.4
3-5 дней,2026-08-16T22:29:34Z,2026-08-21T18:00:00Z,115.5,13.8,14.0,13.8,-0.2,0.2
3-5 дней,2026-08-16T22:29:34Z,2026-08-21T21:00:00Z,118.5,12.5,13.4,13.9,-0.9,0.9
3-5 дней,2026-08-17T04:35:30Z,2026-08-20T06:00:00Z,73.4,13.9,15.0,14.3,-1.1,1.1
3-5 дней,2026-08-17T04:35:30Z,2026-08-20T09:00:00Z,76.4,16.3,15.1,17.4,1.2,1.2
3-5 дней,2026-08-17T04:35:30Z,2026-08-20T12:00:00Z,79.4,16.8,16.7,19.6,0.1,0.1
3-5 дней,2026-08-17T04:35:30Z,2026-08-20T15:00:00Z,82.4,17.6,15.2,17.6,2.4,2.4
3-5 дней,2026-08-17T04:35:30Z,2026-08-20T18:00:00Z,85.4,15.4,13.8,14.6,1.6,1.6
3-5 дней,2026-08-17T04:35:30Z,2026-08-20T21:00:00Z,88.4,15.2,13.9,15.0,1.3,1.3
3-5 дней,2026-08-17T04:35:30Z,2026-08-21T00:00:00Z,91.4,14.5,13.1,15.1,1.4,1.4
3-5 дней,2026-08-17T04:35:30Z,2026-08-21T03:00:00Z,94.4,14.7,12.4,15.2,2.3,2.3
3-5 дней,2026-08-17T04:35:30Z,2026-08-21T06:00:00Z,97.4,15.1,15.9,15.0,-0.8,0.8
3-5 дней,2026-08-17T04:35:30Z,2026-08-21T09:00:00Z,100.4,15.8,17.9,15.1,-2.1,2.1
3-5 дней,2026-08-17T04:35:30Z,2026-08-21T12:00:00Z,103.4,15.5,18.3,16.7,-2.8,2.8
3-5 дней,2026-08-17T04:35:30Z,2026-08-21T15:00:00Z,106.4,15.6,15.5,15.2,0.1,0.1
3-5 дней,2026-08-17T04:35:30Z,2026-08-21T18:00:00Z,109.4,13.5,14.0,13.8,-0.5,0.5
3-5 дней,2026-08-17T04:35:30Z,2026-08-21T21:00:00Z,112.4,13.8,13.4,13.9,0.4,0.4
3-5 дней,2026-08-17T04:35:30Z,2026-08-22T00:00:00Z,115.4,11.6,13.5,13.1,-1.9,1.9
3-5 дней,2026-08-17T04:35:30Z,2026-08-22T03:00:00Z,118.4,11.3,14.2,12.4,-2.9,2.9
3-5 дней,2026-08-17T10:18:11Z,2026-08-20T12:00:00Z,73.7,16.8,16.7,19.6,0.1,0.1
3-5 дней,2026-08-17T10:18:11Z,2026-08-20T15:00:00Z,76.7,17.6,15.2,17.6,2.4,2.4
3-5 дней,2026-08-17T10:18:11Z,2026-08-20T18:00:00Z,79.7,15.4,13.8,14.6,1.6,1.6
3-5 дней,2026-08-17T10:18:11Z,2026-08-20T21:00:00Z,82.7,15.2,13.9,15.0,1.3,1.3
3-5 дней,2026-08-17T10:18:11Z,2026-08-21T00:00:00Z,85.7,14.5,13.1,15.1,1.4,1.4
3-5 дней,2026-08-17T10:18:11Z,2026-08-21T03:00:00Z,88.7,14.7,12.4,15.2,2.3,2.3
3-5 дней,2026-08-17T10:18:11Z,2026-08-21T06:00:00Z,91.7,15.1,15.9,15.0,-0.8,0.8
3-5 дней,2026-08-17T10:18:11Z,2026-08-21T09:00:00Z,94.7,15.8,17.9,15.1,-2.1,2.1
3-5 дней,2026-08-17T10:18:11Z,2026-08-21T12:00:00Z,97.7,15.5,18.3,16.7,-2.8,2.8
3-5 дней,2026-08-17T10:18:11Z,2026-08-21T15:00:00Z,100.7,15.6,15.5,15.2,0.1,0.1
3-5 дней,2026-08-17T10:18:11Z,2026-08-21T18:00:00Z,103.7,13.5,14.0,13.8,-0.5,0.5
3-5 дней,2026-08-17T10:18:11Z,2026-08-21T21:00:00Z,106.7,13.8,13.4,13.9,0.4,0.4
3-5 дней,2026-08-17T10:18:11Z,2026-08-22T00:00:00Z,109.7,11.6,13.5,13.1,-1.9,1.9
3-5 дней,2026-08-17T10:18:11Z,2026-08-22T03:00:00Z,112.7,11.3,14.2,12.4,-2.9,2.9
3-5 дней,2026-08-17T10:18:11Z,2026-08-22T06:00:00Z,115.7,15.9,15.4,15.9,0.5,0.5
3-5 дней,2026-08-17T10:18:11Z,2026-08-22T09:00:00Z,118.7,19.6,16.3,17.9,3.3,3.3
3-5 дней,2026-08-17T16:23:45Z,2026-08-20T18:00:00Z,73.6,15.4,13.8,14.6,1.6,1.6
3-5 дней,2026-08-17T16:23:45Z,2026-08-20T21:00:00Z,76.6,15.2,13.9,15.0,1.3,1.3
3-5 дней,2026-08-17T16:23:45Z,2026-08-21T00:00:00Z,79.6,14.5,13.1,15.1,1.4,1.4
3-5 дней,2026-08-17T16:23:45Z,2026-08-21T03:00:00Z,82.6,14.7,12.4,15.2,2.3,2.3
3-5 дней,2026-08-17T16:23:45Z,2026-08-21T06:00:00Z,85.6,15.1,15.9,15.0,-0.8,0.8
3-5 дней,2026-08-17T16:23:45Z,2026-08-21T09:00:00Z,88.6,15.8,17.9,15.1,-2.1,2.1
3-5 дней,2026-08-17T16:23:45Z,2026-08-21T12:00:00Z,91.6,15.5,18.3,16.7,-2.8,2.8
3-5 дней,2026-08-17T16:23:45Z,2026-08-21T15:00:00Z,94.6,15.6,15.5,15.2,0.1,0.1
3-5 дней,2026-08-17T16:23:45Z,2026-08-21T18:00:00Z,97.6,13.5,14.0,13.8,-0.5,0.5
3-5 дней,2026-08-17T16:23:45Z,2026-08-21T21:00:00Z,100.6,13.8,13.4,13.9,0.4,0.4
3-5 дней,2026-08-17T16:23:45Z,2026-08-22T00:00:00Z,103.6,11.6,13.5,13.1,-1.9,1.9
3-5 дней,2026-08-17T16:23:45Z,2026-08-22T03:00:00Z,106.6,11.3,14.2,12.4,-2.9,2.9
3-5 дней,2026-08-17T16:23:45Z,2026-08-22T06:00:00Z,109.6,15.9,15.4,15.9,0.5,0.5
3-5 дней,2026-08-17T16:23:45Z,2026-08-22T09:00:00Z,112.6,19.6,16.3,17.9,3.3,3.3
3-5 дней,2026-08-17T16:23:45Z,2026-08-22T12:00:00Z,115.6,20.1,18.2,18.3,1.9,1.9
3-5 дней,2026-08-17T16:23:45Z,2026-08-22T15:00:00Z,118.6,19.0,16.2,15.5,2.8,2.8
3-5 дней,2026-08-17T22:31:28Z,2026-08-21T00:00:00Z,73.5,14.5,13.1,15.1,1.4,1.4
3-5 дней,2026-08-17T22:31:28Z,2026-08-21T03:00:00Z,76.5,14.7,12.4,15.2,2.3,2.3
3-5 дней,2026-08-17T22:31:28Z,2026-08-21T06:00:00Z,79.5,15.1,15.9,15.0,-0.8,0.8
3-5 дней,2026-08-17T22:31:28Z,2026-08-21T09:00:00Z,82.5,15.8,17.9,15.1,-2.1,2.1
3-5 дней,2026-08-17T22:31:28Z,2026-08-21T12:00:00Z,85.5,15.5,18.3,16.7,-2.8,2.8
3-5 дней,2026-08-17T22:31:28Z,2026-08-21T15:00:00Z,88.5,15.6,15.5,15.2,0.1,0.1
3-5 дней,2026-08-17T22:31:28Z,2026-08-21T18:00:00Z,91.5,13.5,14.0,13.8,-0.5,0.5
3-5 дней,2026-08-17T22:31:28Z,2026-08-21T21:00:00Z,94.5,13.8,13.4,13.9,0.4,0.4
3-5 дней,2026-08-17T22:31:28Z,2026-08-22T00:00:00Z,97.5,11.6,13.5,13.1,-1.9,1.9
3-5 дней,2026-08-17T22:31:28Z,2026-08-22T03:00:00Z,100.5,11.3,14.2,12.4,-2.9,2.9
3-5 дней,2026-08-17T22:31:28Z,2026-08-22T06:00:00Z,103.5,15.9,15.4,15.9,0.5,0.5
3-5 дней,2026-08-17T22:31:28Z,2026-08-22T09:00:00Z,106.5,19.6,16.3,17.9,3.3,3.3
3-5 дней,2026-08-17T22:31:28Z,2026-08-22T12:00:00Z,109.5,20.1,18.2,18.3,1.9,1.9
3-5 дней,2026-08-17T22:31:28Z,2026-08-22T15:00:00Z,112.5,19.0,16.2,15.5,2.8,2.8
3-5 дней,2026-08-17T22:31:28Z,2026-08-22T18:00:00Z,115.5,14.3,12.5,14.0,1.8,1.8
3-5 дней,2026-08-17T22:31:28Z,2026-08-22T21:00:00Z,118.5,13.7,11.1,13.4,2.6,2.6
3-5 дней,2026-08-18T04:30:05Z,2026-08-21T06:00:00Z,73.5,15.1,15.9,15.0,-0.8,0.8
3-5 дней,2026-08-18T04:30:05Z,2026-08-21T09:00:00Z,76.5,15.8,17.9,15.1,-2.1,2.1
3-5 дней,2026-08-18T04:30:05Z,2026-08-21T12:00:00Z,79.5,15.5,18.3,16.7,-2.8,2.8
3-5 дней,2026-08-18T04:30:05Z,2026-08-21T15:00:00Z,82.5,15.6,15.5,15.2,0.1,0.1
3-5 дней,2026-08-18T04:30:05Z,2026-08-21T18:00:00Z,85.5,13.5,14.0,13.8,-0.5,0.5
3-5 дней,2026-08-18T04:30:05Z,2026-08-21T21:00:00Z,88.5,13.8,13.4,13.9,0.4,0.4
3-5 дней,2026-08-18T04:30:05Z,2026-08-22T00:00:00Z,91.5,11.6,13.5,13.1,-1.9,1.9
3-5 дней,2026-08-18T04:30:05Z,2026-08-22T03:00:00Z,94.5,11.3,14.2,12.4,-2.9,2.9
3-5 дней,2026-08-18T04:30:05Z,2026-08-22T06:00:00Z,97.5,15.9,15.4,15.9,0.5,0.5
3-5 дней,2026-08-18T04:30:05Z,2026-08-22T09:00:00Z,100.5,19.6,16.3,17.9,3.3,3.3
3-5 дней,2026-08-18T04:30:05Z,2026-08-22T12:00:00Z,103.5,20.1,18.2,18.3,1.9,1.9
3-5 дней,2026-08-18T04:30:05Z,2026-08-22T15:00:00Z,106.5,19.0,16.2,15.5,2.8,2.8
3-5 дней,2026-08-18T04:30:05Z,2026-08-22T18:00:00Z,109.5,14.3,12.5,14.0,1.8,1.8
3-5 дней,2026-08-18T04:30:05Z,2026-08-22T21:00:00Z,112.5,13.7,11.1,13.4,2.6,2.6
3-5 дней,2026-08-18T04:30:05Z,2026-08-23T00:00:00Z,115.5,12.8,10.8,13.5,2.0,2.0
3-5 дней,2026-08-18T04:30:05Z,2026-08-23T03:00:00Z,118.5,13.7,10.5,14.2,3.2,3.2
3-5 дней,2026-08-18T10:14:55Z,2026-08-21T12:00:00Z,73.8,15.5,18.3,16.7,-2.8,2.8
3-5 дней,2026-08-18T10:14:55Z,2026-08-21T15:00:00Z,76.8,15.6,15.5,15.2,0.1,0.1
3-5 дней,2026-08-18T10:14:55Z,2026-08-21T18:00:00Z,79.8,13.5,14.0,13.8,-0.5,0.5
3-5 дней,2026-08-18T10:14:55Z,2026-08-21T21:00:00Z,82.8,13.8,13.4,13.9,0.4,0.4
3-5 дней,2026-08-18T10:14:55Z,2026-08-22T00:00:00Z,85.8,11.6,13.5,13.1,-1.9,1.9
3-5 дней,2026-08-18T10:14:55Z,2026-08-22T03:00:00Z,88.8,11.3,14.2,12.4,-2.9,2.9
3-5 дней,2026-08-18T10:14:55Z,2026-08-22T06:00:00Z,91.8,15.9,15.4,15.9,0.5,0.5
3-5 дней,2026-08-18T10:14:55Z,2026-08-22T09:00:00Z,94.8,19.6,16.3,17.9,3.3,3.3
3-5 дней,2026-08-18T10:14:55Z,2026-08-22T12:00:00Z,97.8,20.1,18.2,18.3,1.9,1.9
3-5 дней,2026-08-18T10:14:55Z,2026-08-22T15:00:00Z,100.8,19.0,16.2,15.5,2.8,2.8
3-5 дней,2026-08-18T10:14:55Z,2026-08-22T18:00:00Z,103.8,14.3,12.5,14.0,1.8,1.8
3-5 дней,2026-08-18T10:14:55Z,2026-08-22T21:00:00Z,106.8,13.7,11.1,13.4,2.6,2.6
3-5 дней,2026-08-18T10:14:55Z,2026-08-23T00:00:00Z,109.8,12.8,10.8,13.5,2.0,2.0
3-5 дней,2026-08-18T10:14:55Z,2026-08-23T03:00:00Z,112.8,13.7,10.5,14.2,3.2,3.2
3-5 дней,2026-08-18T10:14:55Z,2026-08-23T06:00:00Z,115.8,14.8,15.3,15.4,-0.5,0.5
3-5 дней,2026-08-18T10:14:55Z,2026-08-23T09:00:00Z,118.8,15.0,19.7,16.3,-4.7,4.7
3-5 дней,2026-08-18T16:27:50Z,2026-08-21T18:00:00Z,73.5,13.9,14.0,13.8,-0.1,0.1
3-5 дней,2026-08-18T16:27:50Z,2026-08-21T21:00:00Z,76.5,12.2,13.4,13.9,-1.2,1.2
3-5 дней,2026-08-18T16:27:50Z,2026-08-22T00:00:00Z,79.5,12.5,13.5,13.1,-1.0,1.0
3-5 дней,2026-08-18T16:27:50Z,2026-08-22T03:00:00Z,82.5,12.6,14.2,12.4,-1.6,1.6
3-5 дней,2026-08-18T16:27:50Z,2026-08-22T06:00:00Z,85.5,15.7,15.4,15.9,0.3,0.3
3-5 дней,2026-08-18T16:27:50Z,2026-08-22T09:00:00Z,88.5,19.5,16.3,17.9,3.2,3.2
3-5 дней,2026-08-18T16:27:50Z,2026-08-22T12:00:00Z,91.5,20.3,18.2,18.3,2.1,2.1
3-5 дней,2026-08-18T16:27:50Z,2026-08-22T15:00:00Z,94.5,18.7,16.2,15.5,2.5,2.5
3-5 дней,2026-08-18T16:27:50Z,2026-08-22T18:00:00Z,97.5,14.3,12.5,14.0,1.8,1.8
3-5 дней,2026-08-18T16:27:50Z,2026-08-22T21:00:00Z,100.5,12.4,11.1,13.4,1.3,1.3
3-5 дней,2026-08-18T16:27:50Z,2026-08-23T00:00:00Z,103.5,11.1,10.8,13.5,0.3,0.3
3-5 дней,2026-08-18T16:27:50Z,2026-08-23T03:00:00Z,106.5,11.6,10.5,14.2,1.1,1.1
3-5 дней,2026-08-18T16:27:50Z,2026-08-23T06:00:00Z,109.5,15.0,15.3,15.4,-0.3,0.3
3-5 дней,2026-08-18T16:27:50Z,2026-08-23T09:00:00Z,112.5,17.5,19.7,16.3,-2.2,2.2
3-5 дней,2026-08-18T16:27:50Z,2026-08-23T12:00:00Z,115.5,17.1,15.9,18.2,1.2,1.2
3-5 дней,2026-08-18T16:27:50Z,2026-08-23T15:00:00Z,118.5,15.2,14.0,16.2,1.2,1.2
3-5 дней,2026-08-18T22:31:39Z,2026-08-22T00:00:00Z,73.5,13.4,13.5,13.1,-0.1,0.1
3-5 дней,2026-08-18T22:31:39Z,2026-08-22T03:00:00Z,76.5,13.6,14.2,12.4,-0.6,0.6
3-5 дней,2026-08-18T22:31:39Z,2026-08-22T06:00:00Z,79.5,14.8,15.4,15.9,-0.6,0.6
3-5 дней,2026-08-18T22:31:39Z,2026-08-22T09:00:00Z,82.5,17.0,16.3,17.9,0.7,0.7
3-5 дней,2026-08-18T22:31:39Z,2026-08-22T12:00:00Z,85.5,17.3,18.2,18.3,-0.9,0.9
3-5 дней,2026-08-18T22:31:39Z,2026-08-22T15:00:00Z,88.5,15.5,16.2,15.5,-0.7,0.7
3-5 дней,2026-08-18T22:31:39Z,2026-08-22T18:00:00Z,91.5,12.6,12.5,14.0,0.1,0.1
3-5 дней,2026-08-18T22:31:39Z,2026-08-22T21:00:00Z,94.5,11.3,11.1,13.4,0.2,0.2
3-5 дней,2026-08-18T22:31:39Z,2026-08-23T00:00:00Z,97.5,10.7,10.8,13.5,-0.1,0.1
3-5 дней,2026-08-18T22:31:39Z,2026-08-23T03:00:00Z,100.5,11.0,10.5,14.2,0.5,0.5
3-5 дней,2026-08-18T22:31:39Z,2026-08-23T06:00:00Z,103.5,13.6,15.3,15.4,-1.7,1.7
3-5 дней,2026-08-18T22:31:39Z,2026-08-23T09:00:00Z,106.5,17.9,19.7,16.3,-1.8,1.8
3-5 дней,2026-08-18T22:31:39Z,2026-08-23T12:00:00Z,109.5,18.2,15.9,18.2,2.3,2.3
3-5 дней,2026-08-18T22:31:39Z,2026-08-23T15:00:00Z,112.5,15.3,14.0,16.2,1.3,1.3
3-5 дней,2026-08-18T22:31:39Z,2026-08-23T18:00:00Z,115.5,12.2,13.2,12.5,-1.0,1.0
3-5 дней,2026-08-18T22:31:39Z,2026-08-23T21:00:00Z,118.5,11.7,13.5,11.1,-1.8,1.8
3-5 дней,2026-08-19T04:31:14Z,2026-08-22T06:00:00Z,73.5,14.5,15.4,15.9,-0.9,0.9
3-5 дней,2026-08-19T04:31:14Z,2026-08-22T09:00:00Z,76.5,18.0,16.3,17.9,1.7,1.7
3-5 дней,2026-08-19T04:31:14Z,2026-08-22T12:00:00Z,79.5,15.1,18.2,18.3,-3.1,3.1
3-5 дней,2026-08-19T04:31:14Z,2026-08-22T15:00:00Z,82.5,15.4,16.2,15.5,-0.8,0.8
3-5 дней,2026-08-19T04:31:14Z,2026-08-22T18:00:00Z,85.5,12.6,12.5,14.0,0.1,0.1
3-5 дней,2026-08-19T04:31:14Z,2026-08-22T21:00:00Z,88.5,11.0,11.1,13.4,-0.1,0.1
3-5 дней,2026-08-19T04:31:14Z,2026-08-23T00:00:00Z,91.5,10.9,10.8,13.5,0.1,0.1
3-5 дней,2026-08-19T04:31:14Z,2026-08-23T03:00:00Z,94.5,11.1,10.5,14.2,0.6,0.6
3-5 дней,2026-08-19T04:31:14Z,2026-08-23T06:00:00Z,97.5,13.0,15.3,15.4,-2.3,2.3
3-5 дней,2026-08-19T04:31:14Z,2026-08-23T09:00:00Z,100.5,16.1,19.7,16.3,-3.6,3.6
3-5 дней,2026-08-19T04:31:14Z,2026-08-23T12:00:00Z,103.5,17.0,15.9,18.2,1.1,1.1
3-5 дней,2026-08-19T04:31:14Z,2026-08-23T15:00:00Z,106.5,14.7,14.0,16.2,0.7,0.7
3-5 дней,2026-08-19T04:31:14Z,2026-08-23T18:00:00Z,109.5,11.5,13.2,12.5,-1.7,1.7
3-5 дней,2026-08-19T04:31:14Z,2026-08-23T21:00:00Z,112.5,11.5,13.5,11.1,-2.0,2.0
3-5 дней,2026-08-19T04:31:14Z,2026-08-24T00:00:00Z,115.5,11.0,13.8,10.8,-2.8,2.8
3-5 дней,2026-08-19T04:31:14Z,2026-08-24T03:00:00Z,118.5,10.6,14.1,10.5,-3.5,3.5
3-5 дней,2026-08-19T10:14:48Z,2026-08-22T12:00:00Z,73.8,19.4,18.2,18.3,1.2,1.2
3-5 дней,2026-08-19T10:14:48Z,2026-08-22T15:00:00Z,76.8,16.7,16.2,15.5,0.5,0.5
3-5 дней,2026-08-19T10:14:48Z,2026-08-22T18:00:00Z,79.8,13.6,12.5,14.0,1.1,1.1
3-5 дней,2026-08-19T10:14:48Z,2026-08-22T21:00:00Z,82.8,11.3,11.1,13.4,0.2,0.2
3-5 дней,2026-08-19T10:14:48Z,2026-08-23T00:00:00Z,85.8,10.5,10.8,13.5,-0.3,0.3
3-5 дней,2026-08-19T10:14:48Z,2026-08-23T03:00:00Z,88.8,11.0,10.5,14.2,0.5,0.5
3-5 дней,2026-08-19T10:14:48Z,2026-08-23T06:00:00Z,91.8,15.0,15.3,15.4,-0.3,0.3
3-5 дней,2026-08-19T10:14:48Z,2026-08-23T09:00:00Z,94.8,18.4,19.7,16.3,-1.3,1.3
3-5 дней,2026-08-19T10:14:48Z,2026-08-23T12:00:00Z,97.8,17.4,15.9,18.2,1.5,1.5
3-5 дней,2026-08-19T10:14:48Z,2026-08-23T15:00:00Z,100.8,15.6,14.0,16.2,1.6,1.6
3-5 дней,2026-08-19T10:14:48Z,2026-08-23T18:00:00Z,103.8,12.4,13.2,12.5,-0.8,0.8
3-5 дней,2026-08-19T10:14:48Z,2026-08-23T21:00:00Z,106.8,11.6,13.5,11.1,-1.9,1.9
3-5 дней,2026-08-19T10:14:48Z,2026-08-24T00:00:00Z,109.8,10.5,13.8,10.8,-3.3,3.3
3-5 дней,2026-08-19T10:14:48Z,2026-08-24T03:00:00Z,112.8,10.8,14.1,10.5,-3.3,3.3
3-5 дней,2026-08-19T10:14:48Z,2026-08-24T06:00:00Z,115.8,12.4,14.4,15.3,-2.0,2.0
3-5 дней,2026-08-19T10:14:48Z,2026-08-24T09:00:00Z,118.8,14.7,15.7,19.7,-1.0,1.0
3-5 дней,2026-08-19T16:28:17Z,2026-08-22T18:00:00Z,73.5,12.7,12.5,14.0,0.2,0.2
3-5 дней,2026-08-19T16:28:17Z,2026-08-22T21:00:00Z,76.5,11.6,11.1,13.4,0.5,0.5
3-5 дней,2026-08-19T16:28:17Z,2026-08-23T00:00:00Z,79.5,11.0,10.8,13.5,0.2,0.2
3-5 дней,2026-08-19T16:28:17Z,2026-08-23T03:00:00Z,82.5,11.4,10.5,14.2,0.9,0.9
3-5 дней,2026-08-19T16:28:17Z,2026-08-23T06:00:00Z,85.5,13.9,15.3,15.4,-1.4,1.4
3-5 дней,2026-08-19T16:28:17Z,2026-08-23T09:00:00Z,88.5,18.0,19.7,16.3,-1.7,1.7
3-5 дней,2026-08-19T16:28:17Z,2026-08-23T12:00:00Z,91.5,18.4,15.9,18.2,2.5,2.5
3-5 дней,2026-08-19T16:28:17Z,2026-08-23T15:00:00Z,94.5,14.7,14.0,16.2,0.7,0.7
3-5 дней,2026-08-19T16:28:17Z,2026-08-23T18:00:00Z,97.5,12.8,13.2,12.5,-0.4,0.4
3-5 дней,2026-08-19T16:28:17Z,2026-08-23T21:00:00Z,100.5,12.2,13.5,11.1,-1.3,1.3
3-5 дней,2026-08-19T16:28:17Z,2026-08-24T00:00:00Z,103.5,11.5,13.8,10.8,-2.3,2.3
3-5 дней,2026-08-19T16:28:17Z,2026-08-24T03:00:00Z,106.5,11.8,14.1,10.5,-2.3,2.3
3-5 дней,2026-08-19T16:28:17Z,2026-08-24T06:00:00Z,109.5,12.5,14.4,15.3,-1.9,1.9
3-5 дней,2026-08-19T16:28:17Z,2026-08-24T09:00:00Z,112.5,14.7,15.7,19.7,-1.0,1.0
3-5 дней,2026-08-19T16:28:17Z,2026-08-24T12:00:00Z,115.5,15.1,17.8,15.9,-2.7,2.7
3-5 дней,2026-08-19T16:28:17Z,2026-08-24T15:00:00Z,118.5,14.4,15.6,14.0,-1.2,1.2
3-5 дней,2026-08-20T04:31:56Z,2026-08-23T06:00:00Z,73.5,13.5,15.3,15.4,-1.8,1.8
3-5 дней,2026-08-20T04:31:56Z,2026-08-23T09:00:00Z,76.5,15.0,19.7,16.3,-4.7,4.7
3-5 дней,2026-08-20T04:31:56Z,2026-08-23T12:00:00Z,79.5,15.3,15.9,18.2,-0.6,0.6
3-5 дней,2026-08-20T04:31:56Z,2026-08-23T15:00:00Z,82.5,13.9,14.0,16.2,-0.1,0.1
3-5 дней,2026-08-20T04:31:56Z,2026-08-23T18:00:00Z,85.5,12.9,13.2,12.5,-0.3,0.3
3-5 дней,2026-08-20T04:31:56Z,2026-08-23T21:00:00Z,88.5,12.8,13.5,11.1,-0.7,0.7
3-5 дней,2026-08-20T04:31:56Z,2026-08-24T00:00:00Z,91.5,12.9,13.8,10.8,-0.9,0.9
3-5 дней,2026-08-20T04:31:56Z,2026-08-24T03:00:00Z,94.5,12.8,14.1,10.5,-1.3,1.3
3-5 дней,2026-08-20T04:31:56Z,2026-08-24T06:00:00Z,97.5,12.7,14.4,15.3,-1.7,1.7
3-5 дней,2026-08-20T04:31:56Z,2026-08-24T09:00:00Z,100.5,14.1,15.7,19.7,-1.6,1.6
3-5 дней,2026-08-20T04:31:56Z,2026-08-24T12:00:00Z,103.5,13.4,17.8,15.9,-4.4,4.4
3-5 дней,2026-08-20T04:31:56Z,2026-08-24T15:00:00Z,106.5,13.4,15.6,14.0,-2.2,2.2
3-5 дней,2026-08-20T04:31:56Z,2026-08-24T18:00:00Z,109.5,12.4,14.5,13.2,-2.1,2.1
3-5 дней,2026-08-20T04:31:56Z,2026-08-24T21:00:00Z,112.5,11.8,14.1,13.5,-2.3,2.3
3-5 дней,2026-08-20T04:31:56Z,2026-08-25T00:00:00Z,115.5,10.6,14.0,13.8,-3.4,3.4
3-5 дней,2026-08-20T04:31:56Z,2026-08-25T03:00:00Z,118.5,11.1,13.5,14.1,-2.4,2.4
3-5 дней,2026-08-20T10:16:10Z,2026-08-23T12:00:00Z,73.7,16.1,15.9,18.2,0.2,0.2
3-5 дней,2026-08-20T10:16:10Z,2026-08-23T15:00:00Z,76.7,14.5,14.0,16.2,0.5,0.5
3-5 дней,2026-08-20T10:16:10Z,2026-08-23T18:00:00Z,79.7,14.6,13.2,12.5,1.4,1.4
3-5 дней,2026-08-20T10:16:10Z,2026-08-23T21:00:00Z,82.7,14.0,13.5,11.1,0.5,0.5
3-5 дней,2026-08-20T10:16:10Z,2026-08-24T00:00:00Z,85.7,13.4,13.8,10.8,-0.4,0.4
3-5 дней,2026-08-20T10:16:10Z,2026-08-24T03:00:00Z,88.7,13.0,14.1,10.5,-1.1,1.1
3-5 дней,2026-08-20T10:16:10Z,2026-08-24T06:00:00Z,91.7,13.7,14.4,15.3,-0.7,0.7
3-5 дней,2026-08-20T10:16:10Z,2026-08-24T09:00:00Z,94.7,14.6,15.7,19.7,-1.1,1.1
3-5 дней,2026-08-20T10:16:10Z,2026-08-24T12:00:00Z,97.7,14.8,17.8,15.9,-3.0,3.0
3-5 дней,2026-08-20T10:16:10Z,2026-08-24T15:00:00Z,100.7,14.0,15.6,14.0,-1.6,1.6
3-5 дней,2026-08-20T10:16:10Z,2026-08-24T18:00:00Z,103.7,13.4,14.5,13.2,-1.1,1.1
3-5 дней,2026-08-20T10:16:10Z,2026-08-24T21:00:00Z,106.7,13.0,14.1,13.5,-1.1,1.1
3-5 дней,2026-08-20T10:16:10Z,2026-08-25T00:00:00Z,109.7,12.6,14.0,13.8,-1.4,1.4
3-5 дней,2026-08-20T10:16:10Z,2026-08-25T03:00:00Z,112.7,12.0,13.5,14.1,-1.5,1.5
3-5 дней,2026-08-20T10:16:10Z,2026-08-25T06:00:00Z,115.7,12.9,13.0,14.4,-0.1,0.1
3-5 дней,2026-08-20T10:16:10Z,2026-08-25T09:00:00Z,118.7,14.1,13.7,15.7,0.4,0.4
3-5 дней,2026-08-20T16:31:45Z,2026-08-23T18:00:00Z,73.5,14.0,13.2,12.5,0.8,0.8
3-5 дней,2026-08-20T16:31:45Z,2026-08-23T21:00:00Z,76.5,14.1,13.5,11.1,0.6,0.6
3-5 дней,2026-08-20T16:31:45Z,2026-08-24T00:00:00Z,79.5,13.4,13.8,10.8,-0.4,0.4
3-5 дней,2026-08-20T16:31:45Z,2026-08-24T03:00:00Z,82.5,13.1,14.1,10.5,-1.0,1.0
3-5 дней,2026-08-20T16:31:45Z,2026-08-24T06:00:00Z,85.5,13.9,14.4,15.3,-0.5,0.5
3-5 дней,2026-08-20T16:31:45Z,2026-08-24T09:00:00Z,88.5,13.9,15.7,19.7,-1.8,1.8
3-5 дней,2026-08-20T16:31:45Z,2026-08-24T12:00:00Z,91.5,14.2,17.8,15.9,-3.6,3.6
3-5 дней,2026-08-20T16:31:45Z,2026-08-24T15:00:00Z,94.5,14.2,15.6,14.0,-1.4,1.4
3-5 дней,2026-08-20T16:31:45Z,2026-08-24T18:00:00Z,97.5,13.3,14.5,13.2,-1.2,1.2
3-5 дней,2026-08-20T16:31:45Z,2026-08-24T21:00:00Z,100.5,13.1,14.1,13.5,-1.0,1.0
3-5 дней,2026-08-20T16:31:45Z,2026-08-25T00:00:00Z,103.5,13.1,14.0,13.8,-0.9,0.9
3-5 дней,2026-08-20T16:31:45Z,2026-08-25T03:00:00Z,106.5,12.8,13.5,14.1,-0.7,0.7
3-5 дней,2026-08-20T16:31:45Z,2026-08-25T06:00:00Z,109.5,12.7,13.0,14.4,-0.3,0.3
3-5 дней,2026-08-20T16:31:45Z,2026-08-25T09:00:00Z,112.5,12.9,13.7,15.7,-0.8,0.8
3-5 дней,2026-08-20T16:31:45Z,2026-08-25T12:00:00Z,115.5,13.0,14.8,17.8,-1.8,1.8
3-5 дней,2026-08-20T16:31:45Z,2026-08-25T15:00:00Z,118.5,13.1,13.4,15.6,-0.3,0.3
3-5 дней,2026-08-20T22:34:58Z,2026-08-24T00:00:00Z,73.4,13.2,13.8,10.8,-0.6,0.6
3-5 дней,2026-08-20T22:34:58Z,2026-08-24T03:00:00Z,76.4,13.3,14.1,10.5,-0.8,0.8
3-5 дней,2026-08-20T22:34:58Z,2026-08-24T06:00:00Z,79.4,13.6,14.4,15.3,-0.8,0.8
3-5 дней,2026-08-20T22:34:58Z,2026-08-24T09:00:00Z,82.4,15.7,15.7,19.7,0.0,0.0
3-5 дней,2026-08-20T22:34:58Z,2026-08-24T12:00:00Z,85.4,17.1,17.8,15.9,-0.7,0.7
3-5 дней,2026-08-20T22:34:58Z,2026-08-24T15:00:00Z,88.4,15.2,15.6,14.0,-0.4,0.4
3-5 дней,2026-08-20T22:34:58Z,2026-08-24T18:00:00Z,91.4,13.9,14.5,13.2,-0.6,0.6
3-5 дней,2026-08-20T22:34:58Z,2026-08-24T21:00:00Z,94.4,13.5,14.1,13.5,-0.6,0.6
3-5 дней,2026-08-20T22:34:58Z,2026-08-25T00:00:00Z,97.4,13.1,14.0,13.8,-0.9,0.9
3-5 дней,2026-08-20T22:34:58Z,2026-08-25T03:00:00Z,100.4,12.7,13.5,14.1,-0.8,0.8
3-5 дней,2026-08-20T22:34:58Z,2026-08-25T06:00:00Z,103.4,12.6,13.0,14.4,-0.4,0.4
3-5 дней,2026-08-20T22:34:58Z,2026-08-25T09:00:00Z,106.4,13.7,13.7,15.7,0.0,0.0
3-5 дней,2026-08-20T22:34:58Z,2026-08-25T12:00:00Z,109.4,13.7,14.8,17.8,-1.1,1.1
3-5 дней,2026-08-20T22:34:58Z,2026-08-25T15:00:00Z,112.4,13.2,13.4,15.6,-0.2,0.2
3-5 дней,2026-08-20T22:34:58Z,2026-08-25T18:00:00Z,115.4,12.9,10.8,14.5,2.1,2.1
3-5 дней,2026-08-20T22:34:58Z,2026-08-25T21:00:00Z,118.4,12.3,8.9,14.1,3.4,3.4
3-5 дней,2026-08-21T04:32:20Z,2026-08-24T06:00:00Z,73.5,15.0,14.4,15.3,0.6,0.6
3-5 дней,2026-08-21T04:32:20Z,2026-08-24T09:00:00Z,76.5,16.7,15.7,19.7,1.0,1.0
3-5 дней,2026-08-21T04:32:20Z,2026-08-24T12:00:00Z,79.5,15.8,17.8,15.9,-2.0,2.0
3-5 дней,2026-08-21T04:32:20Z,2026-08-24T15:00:00Z,82.5,15.7,15.6,14.0,0.1,0.1
3-5 дней,2026-08-21T04:32:20Z,2026-08-24T18:00:00Z,85.5,14.4,14.5,13.2,-0.1,0.1
3-5 дней,2026-08-21T04:32:20Z,2026-08-24T21:00:00Z,88.5,12.8,14.1,13.5,-1.3,1.3
3-5 дней,2026-08-21T04:32:20Z,2026-08-25T00:00:00Z,91.5,11.9,14.0,13.8,-2.1,2.1
3-5 дней,2026-08-21T04:32:20Z,2026-08-25T03:00:00Z,94.5,12.0,13.5,14.1,-1.5,1.5
3-5 дней,2026-08-21T04:32:20Z,2026-08-25T06:00:00Z,97.5,13.9,13.0,14.4,0.9,0.9
3-5 дней,2026-08-21T04:32:20Z,2026-08-25T09:00:00Z,100.5,16.6,13.7,15.7,2.9,2.9
3-5 дней,2026-08-21T04:32:20Z,2026-08-25T12:00:00Z,103.5,14.8,14.8,17.8,0.0,0.0
3-5 дней,2026-08-21T04:32:20Z,2026-08-25T15:00:00Z,106.5,14.2,13.4,15.6,0.8,0.8
3-5 дней,2026-08-21T04:32:20Z,2026-08-25T18:00:00Z,109.5,12.3,10.8,14.5,1.5,1.5
3-5 дней,2026-08-21T04:32:20Z,2026-08-25T21:00:00Z,112.5,11.6,8.9,14.1,2.7,2.7
3-5 дней,2026-08-21T04:32:20Z,2026-08-26T00:00:00Z,115.5,11.8,9.2,14.0,2.6,2.6
3-5 дней,2026-08-21T04:32:20Z,2026-08-26T03:00:00Z,118.5,11.2,9.8,13.5,1.4,1.4
3-5 дней,2026-08-21T10:16:50Z,2026-08-24T12:00:00Z,73.7,17.9,17.8,15.9,0.1,0.1
3-5 дней,2026-08-21T10:16:50Z,2026-08-24T15:00:00Z,76.7,15.3,15.6,14.0,-0.3,0.3
3-5 дней,2026-08-21T10:16:50Z,2026-08-24T18:00:00Z,79.7,14.0,14.5,13.2,-0.5,0.5
3-5 дней,2026-08-21T10:16:50Z,2026-08-24T21:00:00Z,82.7,12.9,14.1,13.5,-1.2,1.2
3-5 дней,2026-08-21T10:16:50Z,2026-08-25T00:00:00Z,85.7,12.8,14.0,13.8,-1.2,1.2
3-5 дней,2026-08-21T10:16:50Z,2026-08-25T03:00:00Z,88.7,13.1,13.5,14.1,-0.4,0.4
3-5 дней,2026-08-21T10:16:50Z,2026-08-25T06:00:00Z,91.7,14.5,13.0,14.4,1.5,1.5
3-5 дней,2026-08-21T10:16:50Z,2026-08-25T09:00:00Z,94.7,16.2,13.7,15.7,2.5,2.5
3-5 дней,2026-08-21T10:16:50Z,2026-08-25T12:00:00Z,97.7,16.4,14.8,17.8,1.6,1.6
3-5 дней,2026-08-21T10:16:50Z,2026-08-25T15:00:00Z,100.7,13.8,13.4,15.6,0.4,0.4
3-5 дней,2026-08-21T10:16:50Z,2026-08-25T18:00:00Z,103.7,11.8,10.8,14.5,1.0,1.0
3-5 дней,2026-08-21T10:16:50Z,2026-08-25T21:00:00Z,106.7,10.3,8.9,14.1,1.4,1.4
3-5 дней,2026-08-21T10:16:50Z,2026-08-26T00:00:00Z,109.7,9.1,9.2,14.0,-0.1,0.1
3-5 дней,2026-08-21T10:16:50Z,2026-08-26T03:00:00Z,112.7,10.5,9.8,13.5,0.7,0.7
3-5 дней,2026-08-21T10:16:50Z,2026-08-26T06:00:00Z,115.7,14.0,12.8,13.0,1.2,1.2
3-5 дней,2026-08-21T10:16:50Z,2026-08-26T09:00:00Z,118.7,15.6,14.3,13.7,1.3,1.3
3-5 дней,2026-08-21T16:30:34Z,2026-08-24T18:00:00Z,73.5,13.8,14.5,13.2,-0.7,0.7
3-5 дней,2026-08-21T16:30:34Z,2026-08-24T21:00:00Z,76.5,13.3,14.1,13.5,-0.8,0.8
3-5 дней,2026-08-21T16:30:34Z,2026-08-25T00:00:00Z,79.5,13.4,14.0,13.8,-0.6,0.6
3-5 дней,2026-08-21T16:30:34Z,2026-08-25T03:00:00Z,82.5,12.6,13.5,14.1,-0.9,0.9
3-5 дней,2026-08-21T16:30:34Z,2026-08-25T06:00:00Z,85.5,12.4,13.0,14.4,-0.6,0.6
3-5 дней,2026-08-21T16:30:34Z,2026-08-25T09:00:00Z,88.5,13.0,13.7,15.7,-0.7,0.7
3-5 дней,2026-08-21T16:30:34Z,2026-08-25T12:00:00Z,91.5,14.3,14.8,17.8,-0.5,0.5
3-5 дней,2026-08-21T16:30:34Z,2026-08-25T15:00:00Z,94.5,13.3,13.4,15.6,-0.1,0.1
3-5 дней,2026-08-21T16:30:34Z,2026-08-25T18:00:00Z,97.5,12.1,10.8,14.5,1.3,1.3
3-5 дней,2026-08-21T16:30:34Z,2026-08-25T21:00:00Z,100.5,11.0,8.9,14.1,2.1,2.1
3-5 дней,2026-08-21T16:30:34Z,2026-08-26T00:00:00Z,103.5,8.2,9.2,14.0,-1.0,1.0
3-5 дней,2026-08-21T16:30:34Z,2026-08-26T03:00:00Z,106.5,8.7,9.8,13.5,-1.1,1.1
3-5 дней,2026-08-21T16:30:34Z,2026-08-26T06:00:00Z,109.5,12.1,12.8,13.0,-0.7,0.7
3-5 дней,2026-08-21T16:30:34Z,2026-08-26T09:00:00Z,112.5,14.1,14.3,13.7,-0.2,0.2
3-5 дней,2026-08-21T16:30:34Z,2026-08-26T12:00:00Z,115.5,12.8,11.8,14.8,1.0,1.0
3-5 дней,2026-08-21T16:30:34Z,2026-08-26T15:00:00Z,118.5,11.8,11.7,13.4,0.1,0.1
3-5 дней,2026-08-21T22:32:12Z,2026-08-25T00:00:00Z,73.5,13.2,14.0,13.8,-0.8,0.8
3-5 дней,2026-08-21T22:32:12Z,2026-08-25T03:00:00Z,76.5,12.7,13.5,14.1,-0.8,0.8
3-5 дней,2026-08-21T22:32:12Z,2026-08-25T06:00:00Z,79.5,12.4,13.0,14.4,-0.6,0.6
3-5 дней,2026-08-21T22:32:12Z,2026-08-25T09:00:00Z,82.5,13.5,13.7,15.7,-0.2,0.2
3-5 дней,2026-08-21T22:32:12Z,2026-08-25T12:00:00Z,85.5,14.8,14.8,17.8,0.0,0.0
3-5 дней,2026-08-21T22:32:12Z,2026-08-25T15:00:00Z,88.5,14.0,13.4,15.6,0.6,0.6
3-5 дней,2026-08-21T22:32:12Z,2026-08-25T18:00:00Z,91.5,11.9,10.8,14.5,1.1,1.1
3-5 дней,2026-08-21T22:32:12Z,2026-08-25T21:00:00Z,94.5,11.4,8.9,14.1,2.5,2.5
3-5 дней,2026-08-21T22:32:12Z,2026-08-26T00:00:00Z,97.5,9.9,9.2,14.0,0.7,0.7
3-5 дней,2026-08-21T22:32:12Z,2026-08-26T03:00:00Z,100.5,10.0,9.8,13.5,0.2,0.2
3-5 дней,2026-08-21T22:32:12Z,2026-08-26T06:00:00Z,103.5,13.4,12.8,13.0,0.6,0.6
3-5 дней,2026-08-21T22:32:12Z,2026-08-26T09:00:00Z,106.5,12.2,14.3,13.7,-2.1,2.1
3-5 дней,2026-08-21T22:32:12Z,2026-08-26T12:00:00Z,109.5,11.9,11.8,14.8,0.1,0.1
3-5 дней,2026-08-21T22:32:12Z,2026-08-26T15:00:00Z,112.5,10.5,11.7,13.4,-1.2,1.2
3-5 дней,2026-08-21T22:32:12Z,2026-08-26T18:00:00Z,115.5,9.5,5.3,10.8,4.2,4.2
3-5 дней,2026-08-21T22:32:12Z,2026-08-26T21:00:00Z,118.5,8.9,3.2,8.9,5.7,5.7
3-5 дней,2026-08-22T04:26:43Z,2026-08-25T06:00:00Z,73.6,12.6,13.0,14.4,-0.4,0.4
3-5 дней,2026-08-22T04:26:43Z,2026-08-25T09:00:00Z,76.6,13.3,13.7,15.7,-0.4,0.4
3-5 дней,2026-08-22T04:26:43Z,2026-08-25T12:00:00Z,79.6,15.1,14.8,17.8,0.3,0.3
3-5 дней,2026-08-22T04:26:43Z,2026-08-25T15:00:00Z,82.6,13.8,13.4,15.6,0.4,0.4
3-5 дней,2026-08-22T04:26:43Z,2026-08-25T18:00:00Z,85.6,12.4,10.8,14.5,1.6,1.6
3-5 дней,2026-08-22T04:26:43Z,2026-08-25T21:00:00Z,88.6,10.2,8.9,14.1,1.3,1.3
3-5 дней,2026-08-22T04:26:43Z,2026-08-26T00:00:00Z,91.6,9.1,9.2,14.0,-0.1,0.1
3-5 дней,2026-08-22T04:26:43Z,2026-08-26T03:00:00Z,94.6,10.4,9.8,13.5,0.6,0.6
3-5 дней,2026-08-22T04:26:43Z,2026-08-26T06:00:00Z,97.6,11.7,12.8,13.0,-1.1,1.1
3-5 дней,2026-08-22T04:26:43Z,2026-08-26T09:00:00Z,100.6,10.2,14.3,13.7,-4.1,4.1
3-5 дней,2026-08-22T04:26:43Z,2026-08-26T12:00:00Z,103.6,11.0,11.8,14.8,-0.8,0.8
3-5 дней,2026-08-22T04:26:43Z,2026-08-26T15:00:00Z,106.6,9.8,11.7,13.4,-1.9,1.9
3-5 дней,2026-08-22T04:26:43Z,2026-08-26T18:00:00Z,109.6,8.6,5.3,10.8,3.3,3.3
3-5 дней,2026-08-22T04:26:43Z,2026-08-26T21:00:00Z,112.6,9.3,3.2,8.9,6.1,6.1
3-5 дней,2026-08-22T04:26:43Z,2026-08-27T00:00:00Z,115.6,8.4,2.6,9.2,5.8,5.8
3-5 дней,2026-08-22T04:26:43Z,2026-08-27T03:00:00Z,118.6,8.3,6.1,9.8,2.2,2.2
3-5 дней,2026-08-22T10:09:41Z,2026-08-25T12:00:00Z,73.8,14.4,14.8,17.8,-0.4,0.4
3-5 дней,2026-08-22T10:09:41Z,2026-08-25T15:00:00Z,76.8,14.4,13.4,15.6,1.0,1.0
3-5 дней,2026-08-22T10:09:41Z,2026-08-25T18:00:00Z,79.8,12.1,10.8,14.5,1.3,1.3
3-5 дней,2026-08-22T10:09:41Z,2026-08-25T21:00:00Z,82.8,11.0,8.9,14.1,2.1,2.1
3-5 дней,2026-08-22T10:09:41Z,2026-08-26T00:00:00Z,85.8,9.8,9.2,14.0,0.6,0.6
3-5 дней,2026-08-22T10:09:41Z,2026-08-26T03:00:00Z,88.8,10.7,9.8,13.5,0.9,0.9
3-5 дней,2026-08-22T10:09:41Z,2026-08-26T06:00:00Z,91.8,13.6,12.8,13.0,0.8,0.8
3-5 дней,2026-08-22T10:09:41Z,2026-08-26T09:00:00Z,94.8,13.1,14.3,13.7,-1.2,1.2
3-5 дней,2026-08-22T10:09:41Z,2026-08-26T12:00:00Z,97.8,11.0,11.8,14.8,-0.8,0.8
3-5 дней,2026-08-22T10:09:41Z,2026-08-26T15:00:00Z,100.8,10.4,11.7,13.4,-1.3,1.3
3-5 дней,2026-08-22T10:09:41Z,2026-08-26T18:00:00Z,103.8,8.7,5.3,10.8,3.4,3.4
3-5 дней,2026-08-22T10:09:41Z,2026-08-26T21:00:00Z,106.8,8.0,3.2,8.9,4.8,4.8
3-5 дней,2026-08-22T10:09:41Z,2026-08-27T00:00:00Z,109.8,8.9,2.6,9.2,6.3,6.3
3-5 дней,2026-08-22T10:09:41Z,2026-08-27T03:00:00Z,112.8,8.3,6.1,9.8,2.2,2.2
3-5 дней,2026-08-22T10:09:41Z,2026-08-27T06:00:00Z,115.8,8.5,9.9,12.8,-1.4,1.4
3-5 дней,2026-08-22T10:09:41Z,2026-08-27T09:00:00Z,118.8,10.0,11.2,14.3,-1.2,1.2
3-5 дней,2026-08-22T16:20:08Z,2026-08-25T18:00:00Z,73.7,12.4,10.8,14.5,1.6,1.6
3-5 дней,2026-08-22T16:20:08Z,2026-08-25T21:00:00Z,76.7,11.6,8.9,14.1,2.7,2.7
3-5 дней,2026-08-22T16:20:08Z,2026-08-26T00:00:00Z,79.7,9.4,9.2,14.0,0.2,0.2
3-5 дней,2026-08-22T16:20:08Z,2026-08-26T03:00:00Z,82.7,11.2,9.8,13.5,1.4,1.4
3-5 дней,2026-08-22T16:20:08Z,2026-08-26T06:00:00Z,85.7,13.6,12.8,13.0,0.8,0.8
3-5 дней,2026-08-22T16:20:08Z,2026-08-26T09:00:00Z,88.7,15.1,14.3,13.7,0.8,0.8
3-5 дней,2026-08-22T16:20:08Z,2026-08-26T12:00:00Z,91.7,12.8,11.8,14.8,1.0,1.0
3-5 дней,2026-08-22T16:20:08Z,2026-08-26T15:00:00Z,94.7,11.0,11.7,13.4,-0.7,0.7
3-5 дней,2026-08-22T16:20:08Z,2026-08-26T18:00:00Z,97.7,9.3,5.3,10.8,4.0,4.0
3-5 дней,2026-08-22T16:20:08Z,2026-08-26T21:00:00Z,100.7,7.6,3.2,8.9,4.4,4.4
3-5 дней,2026-08-22T16:20:08Z,2026-08-27T00:00:00Z,103.7,8.9,2.6,9.2,6.3,6.3
3-5 дней,2026-08-22T16:20:08Z,2026-08-27T03:00:00Z,106.7,8.6,6.1,9.8,2.5,2.5
3-5 дней,2026-08-22T16:20:08Z,2026-08-27T06:00:00Z,109.7,9.6,9.9,12.8,-0.3,0.3
3-5 дней,2026-08-22T16:20:08Z,2026-08-27T09:00:00Z,112.7,10.3,11.2,14.3,-0.9,0.9
3-5 дней,2026-08-22T16:20:08Z,2026-08-27T12:00:00Z,115.7,10.0,11.3,11.8,-1.3,1.3
3-5 дней,2026-08-22T16:20:08Z,2026-08-27T15:00:00Z,118.7,8.7,9.8,11.7,-1.1,1.1
3-5 дней,2026-08-22T22:29:28Z,2026-08-26T00:00:00Z,73.5,9.3,9.2,14.0,0.1,0.1
3-5 дней,2026-08-22T22:29:28Z,2026-08-26T03:00:00Z,76.5,11.4,9.8,13.5,1.6,1.6
3-5 дней,2026-08-22T22:29:28Z,2026-08-26T06:00:00Z,79.5,13.8,12.8,13.0,1.0,1.0
3-5 дней,2026-08-22T22:29:28Z,2026-08-26T09:00:00Z,82.5,15.2,14.3,13.7,0.9,0.9
3-5 дней,2026-08-22T22:29:28Z,2026-08-26T12:00:00Z,85.5,15.0,11.8,14.8,3.2,3.2
3-5 дней,2026-08-22T22:29:28Z,2026-08-26T15:00:00Z,88.5,12.7,11.7,13.4,1.0,1.0
3-5 дней,2026-08-22T22:29:28Z,2026-08-26T18:00:00Z,91.5,10.1,5.3,10.8,4.8,4.8
3-5 дней,2026-08-22T22:29:28Z,2026-08-26T21:00:00Z,94.5,7.3,3.2,8.9,4.1,4.1
3-5 дней,2026-08-22T22:29:28Z,2026-08-27T00:00:00Z,97.5,8.8,2.6,9.2,6.2,6.2
3-5 дней,2026-08-22T22:29:28Z,2026-08-27T03:00:00Z,100.5,8.2,6.1,9.8,2.1,2.1
3-5 дней,2026-08-22T22:29:28Z,2026-08-27T06:00:00Z,103.5,9.1,9.9,12.8,-0.8,0.8
3-5 дней,2026-08-22T22:29:28Z,2026-08-27T09:00:00Z,106.5,9.5,11.2,14.3,-1.7,1.7
3-5 дней,2026-08-22T22:29:28Z,2026-08-27T12:00:00Z,109.5,10.0,11.3,11.8,-1.3,1.3
3-5 дней,2026-08-22T22:29:28Z,2026-08-27T15:00:00Z,112.5,9.4,9.8,11.7,-0.4,0.4
3-5 дней,2026-08-22T22:29:28Z,2026-08-27T18:00:00Z,115.5,7.5,9.3,5.3,-1.8,1.8
3-5 дней,2026-08-22T22:29:28Z,2026-08-27T21:00:00Z,118.5,6.0,7.0,3.2,-1.0,1.0
3-5 дней,2026-08-23T04:31:06Z,2026-08-26T06:00:00Z,73.5,12.9,12.8,13.0,0.1,0.1
3-5 дней,2026-08-23T04:31:06Z,2026-08-26T09:00:00Z,76.5,15.4,14.3,13.7,1.1,1.1
3-5 дней,2026-08-23T04:31:06Z,2026-08-26T12:00:00Z,79.5,13.2,11.8,14.8,1.4,1.4
3-5 дней,2026-08-23T04:31:06Z,2026-08-26T15:00:00Z,82.5,10.9,11.7,13.4,-0.8,0.8
3-5 дней,2026-08-23T04:31:06Z,2026-08-26T18:00:00Z,85.5,8.7,5.3,10.8,3.4,3.4
3-5 дней,2026-08-23T04:31:06Z,2026-08-26T21:00:00Z,88.5,7.7,3.2,8.9,4.5,4.5
3-5 дней,2026-08-23T04:31:06Z,2026-08-27T00:00:00Z,91.5,7.3,2.6,9.2,4.7,4.7
3-5 дней,2026-08-23T04:31:06Z,2026-08-27T03:00:00Z,94.5,7.9,6.1,9.8,1.8,1.8
3-5 дней,2026-08-23T04:31:06Z,2026-08-27T06:00:00Z,97.5,9.5,9.9,12.8,-0.4,0.4
3-5 дней,2026-08-23T04:31:06Z,2026-08-27T09:00:00Z,100.5,10.0,11.2,14.3,-1.2,1.2
3-5 дней,2026-08-23T04:31:06Z,2026-08-27T12:00:00Z,103.5,10.1,11.3,11.8,-1.2,1.2
3-5 дней,2026-08-23T04:31:06Z,2026-08-27T15:00:00Z,106.5,10.0,9.8,11.7,0.2,0.2
3-5 дней,2026-08-23T04:31:06Z,2026-08-27T18:00:00Z,109.5,8.4,9.3,5.3,-0.9,0.9
3-5 дней,2026-08-23T04:31:06Z,2026-08-27T21:00:00Z,112.5,6.9,7.0,3.2,-0.1,0.1
3-5 дней,2026-08-23T04:31:06Z,2026-08-28T00:00:00Z,115.5,5.6,6.7,2.6,-1.1,1.1
3-5 дней,2026-08-23T04:31:06Z,2026-08-28T03:00:00Z,118.5,6.5,6.3,6.1,0.2,0.2
3-5 дней,2026-08-23T10:10:14Z,2026-08-26T12:00:00Z,73.8,13.7,11.8,14.8,1.9,1.9
3-5 дней,2026-08-23T10:10:14Z,2026-08-26T15:00:00Z,76.8,11.8,11.7,13.4,0.1,0.1
3-5 дней,2026-08-23T10:10:14Z,2026-08-26T18:00:00Z,79.8,8.5,5.3,10.8,3.2,3.2
3-5 дней,2026-08-23T10:10:14Z,2026-08-26T21:00:00Z,82.8,7.2,3.2,8.9,4.0,4.0
3-5 дней,2026-08-23T10:10:14Z,2026-08-27T00:00:00Z,85.8,6.3,2.6,9.2,3.7,3.7
3-5 дней,2026-08-23T10:10:14Z,2026-08-27T03:00:00Z,88.8,8.1,6.1,9.8,2.0,2.0
3-5 дней,2026-08-23T10:10:14Z,2026-08-27T06:00:00Z,91.8,10.0,9.9,12.8,0.1,0.1
3-5 дней,2026-08-23T10:10:14Z,2026-08-27T09:00:00Z,94.8,10.4,11.2,14.3,-0.8,0.8
3-5 дней,2026-08-23T10:10:14Z,2026-08-27T12:00:00Z,97.8,10.2,11.3,11.8,-1.1,1.1
3-5 дней,2026-08-23T10:10:14Z,2026-08-27T15:00:00Z,100.8,10.1,9.8,11.7,0.3,0.3
3-5 дней,2026-08-23T10:10:14Z,2026-08-27T18:00:00Z,103.8,8.3,9.3,5.3,-1.0,1.0
3-5 дней,2026-08-23T10:10:14Z,2026-08-27T21:00:00Z,106.8,7.4,7.0,3.2,0.4,0.4
3-5 дней,2026-08-23T10:10:14Z,2026-08-28T00:00:00Z,109.8,7.9,6.7,2.6,1.2,1.2
3-5 дней,2026-08-23T10:10:14Z,2026-08-28T03:00:00Z,112.8,8.3,6.3,6.1,2.0,2.0
3-5 дней,2026-08-23T10:10:14Z,2026-08-28T06:00:00Z,115.8,9.5,8.8,9.9,0.7,0.7
3-5 дней,2026-08-23T10:10:14Z,2026-08-28T09:00:00Z,118.8,11.3,9.6,11.2,1.7,1.7
3-5 дней,2026-08-23T16:21:17Z,2026-08-26T18:00:00Z,73.6,8.7,5.3,10.8,3.4,3.4
3-5 дней,2026-08-23T16:21:17Z,2026-08-26T21:00:00Z,76.6,7.3,3.2,8.9,4.1,4.1
3-5 дней,2026-08-23T16:21:17Z,2026-08-27T00:00:00Z,79.6,7.9,2.6,9.2,5.3,5.3
3-5 дней,2026-08-23T16:21:17Z,2026-08-27T03:00:00Z,82.6,9.1,6.1,9.8,3.0,3.0
3-5 дней,2026-08-23T16:21:17Z,2026-08-27T06:00:00Z,85.6,10.2,9.9,12.8,0.3,0.3
3-5 дней,2026-08-23T16:21:17Z,2026-08-27T09:00:00Z,88.6,10.4,11.2,14.3,-0.8,0.8
3-5 дней,2026-08-23T16:21:17Z,2026-08-27T12:00:00Z,91.6,9.9,11.3,11.8,-1.4,1.4
3-5 дней,2026-08-23T16:21:17Z,2026-08-27T15:00:00Z,94.6,9.5,9.8,11.7,-0.3,0.3
3-5 дней,2026-08-23T16:21:17Z,2026-08-27T18:00:00Z,97.6,9.0,9.3,5.3,-0.3,0.3
3-5 дней,2026-08-23T16:21:17Z,2026-08-27T21:00:00Z,100.6,8.7,7.0,3.2,1.7,1.7
3-5 дней,2026-08-23T16:21:17Z,2026-08-28T00:00:00Z,103.6,8.5,6.7,2.6,1.8,1.8
3-5 дней,2026-08-23T16:21:17Z,2026-08-28T03:00:00Z,106.6,7.9,6.3,6.1,1.6,1.6
3-5 дней,2026-08-23T16:21:17Z,2026-08-28T06:00:00Z,109.6,8.3,8.8,9.9,-0.5,0.5
3-5 дней,2026-08-23T16:21:17Z,2026-08-28T09:00:00Z,112.6,10.0,9.6,11.2,0.4,0.4
3-5 дней,2026-08-23T16:21:17Z,2026-08-28T12:00:00Z,115.6,10.3,10.7,11.3,-0.4,0.4
3-5 дней,2026-08-23T16:21:17Z,2026-08-28T15:00:00Z,118.6,9.7,10.1,9.8,-0.4,0.4
3-5 дней,2026-08-23T22:29:36Z,2026-08-27T00:00:00Z,73.5,7.8,2.6,9.2,5.2,5.2
3-5 дней,2026-08-23T22:29:36Z,2026-08-27T03:00:00Z,76.5,8.0,6.1,9.8,1.9,1.9
3-5 дней,2026-08-23T22:29:36Z,2026-08-27T06:00:00Z,79.5,9.8,9.9,12.8,-0.1,0.1
3-5 дней,2026-08-23T22:29:36Z,2026-08-27T09:00:00Z,82.5,10.1,11.2,14.3,-1.1,1.1
3-5 дней,2026-08-23T22:29:36Z,2026-08-27T12:00:00Z,85.5,10.2,11.3,11.8,-1.1,1.1
3-5 дней,2026-08-23T22:29:36Z,2026-08-27T15:00:00Z,88.5,9.5,9.8,11.7,-0.3,0.3
3-5 дней,2026-08-23T22:29:36Z,2026-08-27T18:00:00Z,91.5,9.0,9.3,5.3,-0.3,0.3
3-5 дней,2026-08-23T22:29:36Z,2026-08-27T21:00:00Z,94.5,8.1,7.0,3.2,1.1,1.1
3-5 дней,2026-08-23T22:29:36Z,2026-08-28T00:00:00Z,97.5,8.0,6.7,2.6,1.3,1.3
3-5 дней,2026-08-23T22:29:36Z,2026-08-28T03:00:00Z,100.5,7.9,6.3,6.1,1.6,1.6
3-5 дней,2026-08-23T22:29:36Z,2026-08-28T06:00:00Z,103.5,8.4,8.8,9.9,-0.4,0.4
3-5 дней,2026-08-23T22:29:36Z,2026-08-28T09:00:00Z,106.5,9.5,9.6,11.2,-0.1,0.1
3-5 дней,2026-08-23T22:29:36Z,2026-08-28T12:00:00Z,109.5,9.7,10.7,11.3,-1.0,1.0
3-5 дней,2026-08-23T22:29:36Z,2026-08-28T15:00:00Z,112.5,9.6,10.1,9.8,-0.5,0.5
3-5 дней,2026-08-23T22:29:36Z,2026-08-28T18:00:00Z,115.5,7.6,4.9,9.3,2.7,2.7
3-5 дней,2026-08-23T22:29:36Z,2026-08-28T21:00:00Z,118.5,6.6,2.9,7.0,3.7,3.7
3-5 дней,2026-08-24T04:38:48Z,2026-08-27T06:00:00Z,73.4,9.6,9.9,12.8,-0.3,0.3
3-5 дней,2026-08-24T04:38:48Z,2026-08-27T09:00:00Z,76.4,10.0,11.2,14.3,-1.2,1.2
3-5 дней,2026-08-24T04:38:48Z,2026-08-27T12:00:00Z,79.4,9.4,11.3,11.8,-1.9,1.9
3-5 дней,2026-08-24T04:38:48Z,2026-08-27T15:00:00Z,82.4,9.3,9.8,11.7,-0.5,0.5
3-5 дней,2026-08-24T04:38:48Z,2026-08-27T18:00:00Z,85.4,7.4,9.3,5.3,-1.9,1.9
3-5 дней,2026-08-24T04:38:48Z,2026-08-27T21:00:00Z,88.4,7.6,7.0,3.2,0.6,0.6
3-5 дней,2026-08-24T04:38:48Z,2026-08-28T00:00:00Z,91.4,8.0,6.7,2.6,1.3,1.3
3-5 дней,2026-08-24T04:38:48Z,2026-08-28T03:00:00Z,94.4,7.8,6.3,6.1,1.5,1.5
3-5 дней,2026-08-24T04:38:48Z,2026-08-28T06:00:00Z,97.4,8.8,8.8,9.9,0.0,0.0
3-5 дней,2026-08-24T04:38:48Z,2026-08-28T09:00:00Z,100.4,9.6,9.6,11.2,0.0,0.0
3-5 дней,2026-08-24T04:38:48Z,2026-08-28T12:00:00Z,103.4,10.5,10.7,11.3,-0.2,0.2
3-5 дней,2026-08-24T04:38:48Z,2026-08-28T15:00:00Z,106.4,10.1,10.1,9.8,0.0,0.0
3-5 дней,2026-08-24T04:38:48Z,2026-08-28T18:00:00Z,109.4,6.6,4.9,9.3,1.7,1.7
3-5 дней,2026-08-24T04:38:48Z,2026-08-28T21:00:00Z,112.4,5.8,2.9,7.0,2.9,2.9
3-5 дней,2026-08-24T04:38:48Z,2026-08-29T00:00:00Z,115.4,5.5,2.0,6.7,3.5,3.5
3-5 дней,2026-08-24T04:38:48Z,2026-08-29T03:00:00Z,118.4,5.6,0.8,6.3,4.8,4.8
3-5 дней,2026-08-24T10:24:38Z,2026-08-27T12:00:00Z,73.6,9.5,11.3,11.8,-1.8,1.8
3-5 дней,2026-08-24T10:24:38Z,2026-08-27T15:00:00Z,76.6,9.4,9.8,11.7,-0.4,0.4
3-5 дней,2026-08-24T10:24:38Z,2026-08-27T18:00:00Z,79.6,8.9,9.3,5.3,-0.4,0.4
3-5 дней,2026-08-24T10:24:38Z,2026-08-27T21:00:00Z,82.6,8.5,7.0,3.2,1.5,1.5
3-5 дней,2026-08-24T10:24:38Z,2026-08-28T00:00:00Z,85.6,8.2,6.7,2.6,1.5,1.5
3-5 дней,2026-08-24T10:24:38Z,2026-08-28T03:00:00Z,88.6,7.9,6.3,6.1,1.6,1.6
3-5 дней,2026-08-24T10:24:38Z,2026-08-28T06:00:00Z,91.6,8.4,8.8,9.9,-0.4,0.4
3-5 дней,2026-08-24T10:24:38Z,2026-08-28T09:00:00Z,94.6,9.1,9.6,11.2,-0.5,0.5
3-5 дней,2026-08-24T10:24:38Z,2026-08-28T12:00:00Z,97.6,9.5,10.7,11.3,-1.2,1.2
3-5 дней,2026-08-24T10:24:38Z,2026-08-28T15:00:00Z,100.6,9.6,10.1,9.8,-0.5,0.5
3-5 дней,2026-08-24T10:24:38Z,2026-08-28T18:00:00Z,103.6,8.4,4.9,9.3,3.5,3.5
3-5 дней,2026-08-24T10:24:38Z,2026-08-28T21:00:00Z,106.6,6.0,2.9,7.0,3.1,3.1
3-5 дней,2026-08-24T10:24:38Z,2026-08-29T00:00:00Z,109.6,4.8,2.0,6.7,2.8,2.8
3-5 дней,2026-08-24T10:24:38Z,2026-08-29T03:00:00Z,112.6,5.0,0.8,6.3,4.2,4.2
3-5 дней,2026-08-24T10:24:38Z,2026-08-29T06:00:00Z,115.6,8.7,9.4,8.8,-0.7,0.7
3-5 дней,2026-08-24T10:24:38Z,2026-08-29T09:00:00Z,118.6,11.6,13.1,9.6,-1.5,1.5
3-5 дней,2026-08-24T16:34:00Z,2026-08-27T18:00:00Z,73.4,8.3,9.3,5.3,-1.0,1.0
3-5 дней,2026-08-24T16:34:00Z,2026-08-27T21:00:00Z,76.4,7.8,7.0,3.2,0.8,0.8
3-5 дней,2026-08-24T16:34:00Z,2026-08-28T00:00:00Z,79.4,7.9,6.7,2.6,1.2,1.2
3-5 дней,2026-08-24T16:34:00Z,2026-08-28T03:00:00Z,82.4,8.0,6.3,6.1,1.7,1.7
3-5 дней,2026-08-24T16:34:00Z,2026-08-28T06:00:00Z,85.4,9.1,8.8,9.9,0.3,0.3
3-5 дней,2026-08-24T16:34:00Z,2026-08-28T09:00:00Z,88.4,9.7,9.6,11.2,0.1,0.1
3-5 дней,2026-08-24T16:34:00Z,2026-08-28T12:00:00Z,91.4,9.8,10.7,11.3,-0.9,0.9
3-5 дней,2026-08-24T16:34:00Z,2026-08-28T15:00:00Z,94.4,9.5,10.1,9.8,-0.6,0.6
3-5 дней,2026-08-24T16:34:00Z,2026-08-28T18:00:00Z,97.4,8.4,4.9,9.3,3.5,3.5
3-5 дней,2026-08-24T16:34:00Z,2026-08-28T21:00:00Z,100.4,6.4,2.9,7.0,3.5,3.5
3-5 дней,2026-08-24T16:34:00Z,2026-08-29T00:00:00Z,103.4,5.4,2.0,6.7,3.4,3.4
3-5 дней,2026-08-24T16:34:00Z,2026-08-29T03:00:00Z,106.4,6.1,0.8,6.3,5.3,5.3
3-5 дней,2026-08-24T16:34:00Z,2026-08-29T06:00:00Z,109.4,8.9,9.4,8.8,-0.5,0.5
3-5 дней,2026-08-24T16:34:00Z,2026-08-29T09:00:00Z,112.4,11.7,13.1,9.6,-1.4,1.4
3-5 дней,2026-08-24T16:34:00Z,2026-08-29T12:00:00Z,115.4,12.7,14.9,10.7,-2.2,2.2
3-5 дней,2026-08-24T16:34:00Z,2026-08-29T15:00:00Z,118.4,12.1,14.6,10.1,-2.5,2.5
3-5 дней,2026-08-24T22:34:40Z,2026-08-28T00:00:00Z,73.4,7.7,6.7,2.6,1.0,1.0
3-5 дней,2026-08-24T22:34:40Z,2026-08-28T03:00:00Z,76.4,7.5,6.3,6.1,1.2,1.2
3-5 дней,2026-08-24T22:34:40Z,2026-08-28T06:00:00Z,79.4,9.1,8.8,9.9,0.3,0.3
3-5 дней,2026-08-24T22:34:40Z,2026-08-28T09:00:00Z,82.4,10.1,9.6,11.2,0.5,0.5
3-5 дней,2026-08-24T22:34:40Z,2026-08-28T12:00:00Z,85.4,10.1,10.7,11.3,-0.6,0.6
3-5 дней,2026-08-24T22:34:40Z,2026-08-28T15:00:00Z,88.4,9.7,10.1,9.8,-0.4,0.4
3-5 дней,2026-08-24T22:34:40Z,2026-08-28T18:00:00Z,91.4,8.5,4.9,9.3,3.6,3.6
3-5 дней,2026-08-24T22:34:40Z,2026-08-28T21:00:00Z,94.4,6.4,2.9,7.0,3.5,3.5
3-5 дней,2026-08-24T22:34:40Z,2026-08-29T00:00:00Z,97.4,5.4,2.0,6.7,3.4,3.4
3-5 дней,2026-08-24T22:34:40Z,2026-08-29T03:00:00Z,100.4,5.8,0.8,6.3,5.0,5.0
3-5 дней,2026-08-24T22:34:40Z,2026-08-29T06:00:00Z,103.4,9.8,9.4,8.8,0.4,0.4
3-5 дней,2026-08-24T22:34:40Z,2026-08-29T09:00:00Z,106.4,12.3,13.1,9.6,-0.8,0.8
3-5 дней,2026-08-24T22:34:40Z,2026-08-29T12:00:00Z,109.4,13.9,14.9,10.7,-1.0,1.0
3-5 дней,2026-08-24T22:34:40Z,2026-08-29T15:00:00Z,112.4,12.8,14.6,10.1,-1.8,1.8
3-5 дней,2026-08-24T22:34:40Z,2026-08-29T18:00:00Z,115.4,9.4,5.6,4.9,3.8,3.8
3-5 дней,2026-08-24T22:34:40Z,2026-08-29T21:00:00Z,118.4,8.7,2.9,2.9,5.8,5.8
3-5 дней,2026-08-25T04:33:15Z,2026-08-28T06:00:00Z,73.4,8.8,8.8,9.9,0.0,0.0
3-5 дней,2026-08-25T04:33:15Z,2026-08-28T09:00:00Z,76.4,9.5,9.6,11.2,-0.1,0.1
3-5 дней,2026-08-25T04:33:15Z,2026-08-28T12:00:00Z,79.4,10.1,10.7,11.3,-0.6,0.6
3-5 дней,2026-08-25T04:33:15Z,2026-08-28T15:00:00Z,82.4,9.5,10.1,9.8,-0.6,0.6
3-5 дней,2026-08-25T04:33:15Z,2026-08-28T18:00:00Z,85.4,7.4,4.9,9.3,2.5,2.5
3-5 дней,2026-08-25T04:33:15Z,2026-08-28T21:00:00Z,88.4,6.3,2.9,7.0,3.4,3.4
3-5 дней,2026-08-25T04:33:15Z,2026-08-29T00:00:00Z,91.4,6.2,2.0,6.7,4.2,4.2
3-5 дней,2026-08-25T04:33:15Z,2026-08-29T03:00:00Z,94.4,5.6,0.8,6.3,4.8,4.8
3-5 дней,2026-08-25T04:33:15Z,2026-08-29T06:00:00Z,97.4,9.2,9.4,8.8,-0.2,0.2
3-5 дней,2026-08-25T04:33:15Z,2026-08-29T09:00:00Z,100.4,11.8,13.1,9.6,-1.3,1.3
3-5 дней,2026-08-25T04:33:15Z,2026-08-29T12:00:00Z,103.4,12.5,14.9,10.7,-2.4,2.4
3-5 дней,2026-08-25T04:33:15Z,2026-08-29T15:00:00Z,106.4,11.6,14.6,10.1,-3.0,3.0
3-5 дней,2026-08-25T04:33:15Z,2026-08-29T18:00:00Z,109.4,8.0,5.6,4.9,2.4,2.4
3-5 дней,2026-08-25T04:33:15Z,2026-08-29T21:00:00Z,112.4,6.7,2.9,2.9,3.8,3.8
3-5 дней,2026-08-25T04:33:15Z,2026-08-30T00:00:00Z,115.4,6.3,6.0,2.0,0.3,0.3
3-5 дней,2026-08-25T04:33:15Z,2026-08-30T03:00:00Z,118.4,6.6,6.3,0.8,0.3,0.3
3-5 дней,2026-08-25T10:18:20Z,2026-08-28T12:00:00Z,73.7,9.7,10.7,11.3,-1.0,1.0
3-5 дней,2026-08-25T10:18:20Z,2026-08-28T15:00:00Z,76.7,10.0,10.1,9.8,-0.1,0.1
3-5 дней,2026-08-25T10:18:20Z,2026-08-28T18:00:00Z,79.7,7.9,4.9,9.3,3.0,3.0
3-5 дней,2026-08-25T10:18:20Z,2026-08-28T21:00:00Z,82.7,5.4,2.9,7.0,2.5,2.5
3-5 дней,2026-08-25T10:18:20Z,2026-08-29T00:00:00Z,85.7,4.9,2.0,6.7,2.9,2.9
3-5 дней,2026-08-25T10:18:20Z,2026-08-29T03:00:00Z,88.7,5.4,0.8,6.3,4.6,4.6
3-5 дней,2026-08-25T10:18:20Z,2026-08-29T06:00:00Z,91.7,8.9,9.4,8.8,-0.5,0.5
3-5 дней,2026-08-25T10:18:20Z,2026-08-29T09:00:00Z,94.7,10.9,13.1,9.6,-2.2,2.2
3-5 дней,2026-08-25T10:18:20Z,2026-08-29T12:00:00Z,97.7,11.3,14.9,10.7,-3.6,3.6
3-5 дней,2026-08-25T10:18:20Z,2026-08-29T15:00:00Z,100.7,10.7,14.6,10.1,-3.9,3.9
3-5 дней,2026-08-25T10:18:20Z,2026-08-29T18:00:00Z,103.7,7.4,5.6,4.9,1.8,1.8
3-5 дней,2026-08-25T10:18:20Z,2026-08-29T21:00:00Z,106.7,6.0,2.9,2.9,3.1,3.1
3-5 дней,2026-08-25T10:18:20Z,2026-08-30T00:00:00Z,109.7,4.0,6.0,2.0,-2.0,2.0
3-5 дней,2026-08-25T10:18:20Z,2026-08-30T03:00:00Z,112.7,4.4,6.3,0.8,-1.9,1.9
3-5 дней,2026-08-25T10:18:20Z,2026-08-30T06:00:00Z,115.7,9.9,9.1,9.4,0.8,0.8
3-5 дней,2026-08-25T10:18:20Z,2026-08-30T09:00:00Z,118.7,14.0,14.9,13.1,-0.9,0.9
3-5 дней,2026-08-25T16:33:53Z,2026-08-28T18:00:00Z,73.4,8.1,4.9,9.3,3.2,3.2
3-5 дней,2026-08-25T16:33:53Z,2026-08-28T21:00:00Z,76.4,6.5,2.9,7.0,3.6,3.6
3-5 дней,2026-08-25T16:33:53Z,2026-08-29T00:00:00Z,79.4,6.6,2.0,6.7,4.6,4.6
3-5 дней,2026-08-25T16:33:53Z,2026-08-29T03:00:00Z,82.4,6.5,0.8,6.3,5.7,5.7
3-5 дней,2026-08-25T16:33:53Z,2026-08-29T06:00:00Z,85.4,10.5,9.4,8.8,1.1,1.1
3-5 дней,2026-08-25T16:33:53Z,2026-08-29T09:00:00Z,88.4,12.7,13.1,9.6,-0.4,0.4
3-5 дней,2026-08-25T16:33:53Z,2026-08-29T12:00:00Z,91.4,13.8,14.9,10.7,-1.1,1.1
3-5 дней,2026-08-25T16:33:53Z,2026-08-29T15:00:00Z,94.4,13.0,14.6,10.1,-1.6,1.6
3-5 дней,2026-08-25T16:33:53Z,2026-08-29T18:00:00Z,97.4,10.9,5.6,4.9,5.3,5.3
3-5 дней,2026-08-25T16:33:53Z,2026-08-29T21:00:00Z,100.4,10.0,2.9,2.9,7.1,7.1
3-5 дней,2026-08-25T16:33:53Z,2026-08-30T00:00:00Z,103.4,8.8,6.0,2.0,2.8,2.8
3-5 дней,2026-08-25T16:33:53Z,2026-08-30T03:00:00Z,106.4,7.9,6.3,0.8,1.6,1.6
3-5 дней,2026-08-25T16:33:53Z,2026-08-30T06:00:00Z,109.4,11.7,9.1,9.4,2.6,2.6
3-5 дней,2026-08-25T16:33:53Z,2026-08-30T09:00:00Z,112.4,15.1,14.9,13.1,0.2,0.2
3-5 дней,2026-08-25T16:33:53Z,2026-08-30T12:00:00Z,115.4,16.3,17.2,14.9,-0.9,0.9
3-5 дней,2026-08-25T16:33:53Z,2026-08-30T15:00:00Z,118.4,14.8,15.6,14.6,-0.8,0.8
3-5 дней,2026-08-25T22:34:48Z,2026-08-29T00:00:00Z,73.4,7.6,2.0,6.7,5.6,5.6
3-5 дней,2026-08-25T22:34:48Z,2026-08-29T03:00:00Z,76.4,7.0,0.8,6.3,6.2,6.2
3-5 дней,2026-08-25T22:34:48Z,2026-08-29T06:00:00Z,79.4,10.9,9.4,8.8,1.5,1.5
3-5 дней,2026-08-25T22:34:48Z,2026-08-29T09:00:00Z,82.4,13.3,13.1,9.6,0.2,0.2
3-5 дней,2026-08-25T22:34:48Z,2026-08-29T12:00:00Z,85.4,13.9,14.9,10.7,-1.0,1.0
3-5 дней,2026-08-25T22:34:48Z,2026-08-29T15:00:00Z,88.4,12.8,14.6,10.1,-1.8,1.8
3-5 дней,2026-08-25T22:34:48Z,2026-08-29T18:00:00Z,91.4,11.0,5.6,4.9,5.4,5.4
3-5 дней,2026-08-25T22:34:48Z,2026-08-29T21:00:00Z,94.4,10.0,2.9,2.9,7.1,7.1
3-5 дней,2026-08-25T22:34:48Z,2026-08-30T00:00:00Z,97.4,9.9,6.0,2.0,3.9,3.9
3-5 дней,2026-08-25T22:34:48Z,2026-08-30T03:00:00Z,100.4,9.9,6.3,0.8,3.6,3.6
3-5 дней,2026-08-25T22:34:48Z,2026-08-30T06:00:00Z,103.4,12.9,9.1,9.4,3.8,3.8
3-5 дней,2026-08-25T22:34:48Z,2026-08-30T09:00:00Z,106.4,15.8,14.9,13.1,0.9,0.9
3-5 дней,2026-08-25T22:34:48Z,2026-08-30T12:00:00Z,109.4,15.8,17.2,14.9,-1.4,1.4
3-5 дней,2026-08-25T22:34:48Z,2026-08-30T15:00:00Z,112.4,14.8,15.6,14.6,-0.8,0.8
3-5 дней,2026-08-25T22:34:48Z,2026-08-30T18:00:00Z,115.4,10.7,12.1,5.6,-1.4,1.4
3-5 дней,2026-08-25T22:34:48Z,2026-08-30T21:00:00Z,118.4,9.0,9.9,2.9,-0.9,0.9
3-5 дней,2026-08-26T04:34:15Z,2026-08-29T06:00:00Z,73.4,8.9,9.4,8.8,-0.5,0.5
3-5 дней,2026-08-26T04:34:15Z,2026-08-29T09:00:00Z,76.4,11.8,13.1,9.6,-1.3,1.3
3-5 дней,2026-08-26T04:34:15Z,2026-08-29T12:00:00Z,79.4,13.0,14.9,10.7,-1.9,1.9
3-5 дней,2026-08-26T04:34:15Z,2026-08-29T15:00:00Z,82.4,12.2,14.6,10.1,-2.4,2.4
3-5 дней,2026-08-26T04:34:15Z,2026-08-29T18:00:00Z,85.4,9.4,5.6,4.9,3.8,3.8
3-5 дней,2026-08-26T04:34:15Z,2026-08-29T21:00:00Z,88.4,7.7,2.9,2.9,4.8,4.8
3-5 дней,2026-08-26T04:34:15Z,2026-08-30T00:00:00Z,91.4,7.3,6.0,2.0,1.3,1.3
3-5 дней,2026-08-26T04:34:15Z,2026-08-30T03:00:00Z,94.4,7.7,6.3,0.8,1.4,1.4
3-5 дней,2026-08-26T04:34:15Z,2026-08-30T06:00:00Z,97.4,12.4,9.1,9.4,3.3,3.3
3-5 дней,2026-08-26T04:34:15Z,2026-08-30T09:00:00Z,100.4,14.8,14.9,13.1,-0.1,0.1
3-5 дней,2026-08-26T04:34:15Z,2026-08-30T12:00:00Z,103.4,15.8,17.2,14.9,-1.4,1.4
3-5 дней,2026-08-26T04:34:15Z,2026-08-30T15:00:00Z,106.4,14.4,15.6,14.6,-1.2,1.2
3-5 дней,2026-08-26T04:34:15Z,2026-08-30T18:00:00Z,109.4,10.5,12.1,5.6,-1.6,1.6
3-5 дней,2026-08-26T04:34:15Z,2026-08-30T21:00:00Z,112.4,9.2,9.9,2.9,-0.7,0.7
3-5 дней,2026-08-26T04:34:15Z,2026-08-31T00:00:00Z,115.4,8.4,9.7,6.0,-1.3,1.3
3-5 дней,2026-08-26T04:34:15Z,2026-08-31T03:00:00Z,118.4,8.7,8.9,6.3,-0.2,0.2
3-5 дней,2026-08-26T10:21:58Z,2026-08-29T12:00:00Z,73.6,13.5,14.9,10.7,-1.4,1.4
3-5 дней,2026-08-26T10:21:58Z,2026-08-29T15:00:00Z,76.6,12.7,14.6,10.1,-1.9,1.9
3-5 дней,2026-08-26T10:21:58Z,2026-08-29T18:00:00Z,79.6,11.4,5.6,4.9,5.8,5.8
3-5 дней,2026-08-26T10:21:58Z,2026-08-29T21:00:00Z,82.6,10.7,2.9,2.9,7.8,7.8
3-5 дней,2026-08-26T10:21:58Z,2026-08-30T00:00:00Z,85.6,9.6,6.0,2.0,3.6,3.6
3-5 дней,2026-08-26T10:21:58Z,2026-08-30T03:00:00Z,88.6,8.8,6.3,0.8,2.5,2.5
3-5 дней,2026-08-26T10:21:58Z,2026-08-30T06:00:00Z,91.6,12.5,9.1,9.4,3.4,3.4
3-5 дней,2026-08-26T10:21:58Z,2026-08-30T09:00:00Z,94.6,16.1,14.9,13.1,1.2,1.2
3-5 дней,2026-08-26T10:21:58Z,2026-08-30T12:00:00Z,97.6,16.8,17.2,14.9,-0.4,0.4
3-5 дней,2026-08-26T10:21:58Z,2026-08-30T15:00:00Z,100.6,15.2,15.6,14.6,-0.4,0.4
3-5 дней,2026-08-26T10:21:58Z,2026-08-30T18:00:00Z,103.6,11.4,12.1,5.6,-0.7,0.7
3-5 дней,2026-08-26T10:21:58Z,2026-08-30T21:00:00Z,106.6,10.0,9.9,2.9,0.1,0.1
3-5 дней,2026-08-26T10:21:58Z,2026-08-31T00:00:00Z,109.6,9.0,9.7,6.0,-0.7,0.7
3-5 дней,2026-08-26T10:21:58Z,2026-08-31T03:00:00Z,112.6,9.1,8.9,6.3,0.2,0.2
3-5 дней,2026-08-26T10:21:58Z,2026-08-31T06:00:00Z,115.6,13.1,11.6,9.1,1.5,1.5
3-5 дней,2026-08-26T10:21:58Z,2026-08-31T09:00:00Z,118.6,17.8,15.6,14.9,2.2,2.2
3-5 дней,2026-08-26T16:46:17Z,2026-08-29T18:00:00Z,73.2,8.5,5.6,4.9,2.9,2.9
3-5 дней,2026-08-26T16:46:17Z,2026-08-29T21:00:00Z,76.2,6.5,2.9,2.9,3.6,3.6
3-5 дней,2026-08-26T16:46:17Z,2026-08-30T00:00:00Z,79.2,7.2,6.0,2.0,1.2,1.2
3-5 дней,2026-08-26T16:46:17Z,2026-08-30T03:00:00Z,82.2,7.3,6.3,0.8,1.0,1.0
3-5 дней,2026-08-26T16:46:17Z,2026-08-30T06:00:00Z,85.2,12.6,9.1,9.4,3.5,3.5
3-5 дней,2026-08-26T16:46:17Z,2026-08-30T09:00:00Z,88.2,15.1,14.9,13.1,0.2,0.2
3-5 дней,2026-08-26T16:46:17Z,2026-08-30T12:00:00Z,91.2,16.1,17.2,14.9,-1.1,1.1
3-5 дней,2026-08-26T16:46:17Z,2026-08-30T15:00:00Z,94.2,14.7,15.6,14.6,-0.9,0.9
3-5 дней,2026-08-26T16:46:17Z,2026-08-30T18:00:00Z,97.2,10.5,12.1,5.6,-1.6,1.6
3-5 дней,2026-08-26T16:46:17Z,2026-08-30T21:00:00Z,100.2,9.0,9.9,2.9,-0.9,0.9
3-5 дней,2026-08-26T16:46:17Z,2026-08-31T00:00:00Z,103.2,8.1,9.7,6.0,-1.6,1.6
3-5 дней,2026-08-26T16:46:17Z,2026-08-31T03:00:00Z,106.2,8.2,8.9,6.3,-0.7,0.7
3-5 дней,2026-08-26T16:46:17Z,2026-08-31T06:00:00Z,109.2,12.8,11.6,9.1,1.2,1.2
3-5 дней,2026-08-26T16:46:17Z,2026-08-31T09:00:00Z,112.2,18.0,15.6,14.9,2.4,2.4
3-5 дней,2026-08-26T16:46:17Z,2026-08-31T12:00:00Z,115.2,19.9,15.7,17.2,4.2,4.2
3-5 дней,2026-08-26T16:46:17Z,2026-08-31T15:00:00Z,118.2,18.5,15.0,15.6,3.5,3.5
3-5 дней,2026-08-27T03:02:51Z,2026-08-30T06:00:00Z,75.0,10.1,9.1,9.4,1.0,1.0
3-5 дней,2026-08-27T03:02:51Z,2026-08-30T09:00:00Z,78.0,14.0,14.9,13.1,-0.9,0.9
3-5 дней,2026-08-27T03:02:51Z,2026-08-30T12:00:00Z,81.0,15.2,17.2,14.9,-2.0,2.0
3-5 дней,2026-08-27T03:02:51Z,2026-08-30T15:00:00Z,84.0,13.5,15.6,14.6,-2.1,2.1
3-5 дней,2026-08-27T03:02:51Z,2026-08-30T18:00:00Z,87.0,9.3,12.1,5.6,-2.8,2.8
3-5 дней,2026-08-27T03:02:51Z,2026-08-30T21:00:00Z,90.0,7.8,9.9,2.9,-2.1,2.1
3-5 дней,2026-08-27T03:02:51Z,2026-08-31T00:00:00Z,93.0,6.3,9.7,6.0,-3.4,3.4
3-5 дней,2026-08-27T03:02:51Z,2026-08-31T03:00:00Z,96.0,6.2,8.9,6.3,-2.7,2.7
3-5 дней,2026-08-27T03:02:51Z,2026-08-31T06:00:00Z,99.0,10.9,11.6,9.1,-0.7,0.7
3-5 дней,2026-08-27T03:02:51Z,2026-08-31T09:00:00Z,102.0,16.1,15.6,14.9,0.5,0.5
3-5 дней,2026-08-27T03:02:51Z,2026-08-31T12:00:00Z,105.0,17.4,15.7,17.2,1.7,1.7
3-5 дней,2026-08-27T03:02:51Z,2026-08-31T15:00:00Z,108.0,15.6,15.0,15.6,0.6,0.6
3-5 дней,2026-08-27T03:02:51Z,2026-08-31T18:00:00Z,111.0,11.1,13.9,12.1,-2.8,2.8
3-5 дней,2026-08-27T03:02:51Z,2026-08-31T21:00:00Z,114.0,9.5,13.2,9.9,-3.7,3.7
3-5 дней,2026-08-27T03:02:51Z,2026-09-01T00:00:00Z,117.0,8.0,12.5,9.7,-4.5,4.5
3-5 дней,2026-08-27T03:02:51Z,2026-09-01T03:00:00Z,120.0,7.7,12.4,8.9,-4.7,4.7
3-5 дней,2026-08-27T14:55:44Z,2026-08-30T15:00:00Z,72.1,14.6,15.6,14.6,-1.0,1.0
3-5 дней,2026-08-27T14:55:44Z,2026-08-30T18:00:00Z,75.1,10.4,12.1,5.6,-1.7,1.7
3-5 дней,2026-08-27T14:55:44Z,2026-08-30T21:00:00Z,78.1,10.4,9.9,2.9,0.5,0.5
3-5 дней,2026-08-27T14:55:44Z,2026-08-31T00:00:00Z,81.1,10.8,9.7,6.0,1.1,1.1
3-5 дней,2026-08-27T14:55:44Z,2026-08-31T03:00:00Z,84.1,11.1,8.9,6.3,2.2,2.2
3-5 дней,2026-08-27T14:55:44Z,2026-08-31T06:00:00Z,87.1,13.8,11.6,9.1,2.2,2.2
3-5 дней,2026-08-27T14:55:44Z,2026-08-31T09:00:00Z,90.1,18.6,15.6,14.9,3.0,3.0
3-5 дней,2026-08-27T14:55:44Z,2026-08-31T12:00:00Z,93.1,19.7,15.7,17.2,4.0,4.0
3-5 дней,2026-08-27T14:55:44Z,2026-08-31T15:00:00Z,96.1,17.2,15.0,15.6,2.2,2.2
3-5 дней,2026-08-27T14:55:44Z,2026-08-31T18:00:00Z,99.1,15.5,13.9,12.1,1.6,1.6
3-5 дней,2026-08-27T14:55:44Z,2026-08-31T21:00:00Z,102.1,13.4,13.2,9.9,0.2,0.2
3-5 дней,2026-08-27T14:55:44Z,2026-09-01T00:00:00Z,105.1,12.5,12.5,9.7,0.0,0.0
3-5 дней,2026-08-27T14:55:44Z,2026-09-01T03:00:00Z,108.1,13.6,12.4,8.9,1.2,1.2
3-5 дней,2026-08-27T14:55:44Z,2026-09-01T06:00:00Z,111.1,15.0,13.4,11.6,1.6,1.6
3-5 дней,2026-08-27T14:55:44Z,2026-09-01T09:00:00Z,114.1,17.4,14.0,15.6,3.4,3.4
3-5 дней,2026-08-27T14:55:44Z,2026-09-01T12:00:00Z,117.1,18.5,15.4,15.7,3.1,3.1
3-5 дней,2026-08-27T20:01:22Z,2026-08-30T21:00:00Z,73.0,8.6,9.9,2.9,-1.3,1.3
3-5 дней,2026-08-27T20:01:22Z,2026-08-31T00:00:00Z,76.0,7.2,9.7,6.0,-2.5,2.5
3-5 дней,2026-08-27T20:01:22Z,2026-08-31T03:00:00Z,79.0,7.4,8.9,6.3,-1.5,1.5
3-5 дней,2026-08-27T20:01:22Z,2026-08-31T06:00:00Z,82.0,12.6,11.6,9.1,1.0,1.0
3-5 дней,2026-08-27T20:01:22Z,2026-08-31T09:00:00Z,85.0,17.6,15.6,14.9,2.0,2.0
3-5 дней,2026-08-27T20:01:22Z,2026-08-31T12:00:00Z,88.0,19.7,15.7,17.2,4.0,4.0
3-5 дней,2026-08-27T20:01:22Z,2026-08-31T15:00:00Z,91.0,18.3,15.0,15.6,3.3,3.3
3-5 дней,2026-08-27T20:01:22Z,2026-08-31T18:00:00Z,94.0,15.4,13.9,12.1,1.5,1.5
3-5 дней,2026-08-27T20:01:22Z,2026-08-31T21:00:00Z,97.0,13.5,13.2,9.9,0.3,0.3
3-5 дней,2026-08-27T20:01:22Z,2026-09-01T00:00:00Z,100.0,12.7,12.5,9.7,0.2,0.2
3-5 дней,2026-08-27T20:01:22Z,2026-09-01T03:00:00Z,103.0,12.5,12.4,8.9,0.1,0.1
3-5 дней,2026-08-27T20:01:22Z,2026-09-01T06:00:00Z,106.0,15.7,13.4,11.6,2.3,2.3
3-5 дней,2026-08-27T20:01:22Z,2026-09-01T09:00:00Z,109.0,18.4,14.0,15.6,4.4,4.4
3-5 дней,2026-08-27T20:01:22Z,2026-09-01T12:00:00Z,112.0,18.5,15.4,15.7,3.1,3.1
3-5 дней,2026-08-28T00:44:37Z,2026-08-31T03:00:00Z,74.3,7.4,8.9,6.3,-1.5,1.5
3-5 дней,2026-08-28T00:44:37Z,2026-08-31T06:00:00Z,77.3,12.6,11.6,9.1,1.0,1.0
3-5 дней,2026-08-28T00:44:37Z,2026-08-31T09:00:00Z,80.3,17.6,15.6,14.9,2.0,2.0
3-5 дней,2026-08-28T00:44:37Z,2026-08-31T12:00:00Z,83.3,19.7,15.7,17.2,4.0,4.0
3-5 дней,2026-08-28T00:44:37Z,2026-08-31T15:00:00Z,86.3,18.3,15.0,15.6,3.3,3.3
3-5 дней,2026-08-28T00:44:37Z,2026-08-31T18:00:00Z,89.3,15.4,13.9,12.1,1.5,1.5
3-5 дней,2026-08-28T00:44:37Z,2026-08-31T21:00:00Z,92.3,13.5,13.2,9.9,0.3,0.3
3-5 дней,2026-08-28T00:44:37Z,2026-09-01T00:00:00Z,95.3,12.7,12.5,9.7,0.2,0.2
3-5 дней,2026-08-28T00:44:37Z,2026-09-01T03:00:00Z,98.3,12.5,12.4,8.9,0.1,0.1
3-5 дней,2026-08-28T00:44:37Z,2026-09-01T06:00:00Z,101.3,15.7,13.4,11.6,2.3,2.3
3-5 дней,2026-08-28T00:44:37Z,2026-09-01T09:00:00Z,104.3,18.4,14.0,15.6,4.4,4.4
3-5 дней,2026-08-28T00:44:37Z,2026-09-01T12:00:00Z,107.3,18.5,15.4,15.7,3.1,3.1
3-5 дней,2026-08-28T06:03:31Z,2026-08-31T09:00:00Z,74.9,16.8,15.6,14.9,1.2,1.2
3-5 дней,2026-08-28T06:03:31Z,2026-08-31T12:00:00Z,77.9,18.9,15.7,17.2,3.2,3.2
3-5 дней,2026-08-28T06:03:31Z,2026-08-31T15:00:00Z,80.9,16.7,15.0,15.6,1.7,1.7
3-5 дней,2026-08-28T06:03:31Z,2026-08-31T18:00:00Z,83.9,12.3,13.9,12.1,-1.6,1.6
3-5 дней,2026-08-28T06:03:31Z,2026-08-31T21:00:00Z,86.9,10.8,13.2,9.9,-2.4,2.4
3-5 дней,2026-08-28T06:03:31Z,2026-09-01T00:00:00Z,89.9,10.3,12.5,9.7,-2.2,2.2
3-5 дней,2026-08-28T06:03:31Z,2026-09-01T03:00:00Z,92.9,11.1,12.4,8.9,-1.3,1.3
3-5 дней,2026-08-28T06:03:31Z,2026-09-01T06:00:00Z,95.9,14.1,13.4,11.6,0.7,0.7
3-5 дней,2026-08-28T06:03:31Z,2026-09-01T09:00:00Z,98.9,16.7,14.0,15.6,2.7,2.7
3-5 дней,2026-08-28T06:03:31Z,2026-09-01T12:00:00Z,101.9,18.1,15.4,15.7,2.7,2.7
3-5 дней,2026-08-28T15:51:06Z,2026-08-31T18:00:00Z,74.1,13.5,13.9,12.1,-0.4,0.4
3-5 дней,2026-08-28T15:51:06Z,2026-08-31T21:00:00Z,77.1,12.6,13.2,9.9,-0.6,0.6
3-5 дней,2026-08-28T15:51:06Z,2026-09-01T00:00:00Z,80.1,11.7,12.5,9.7,-0.8,0.8
3-5 дней,2026-08-28T15:51:06Z,2026-09-01T03:00:00Z,83.1,11.9,12.4,8.9,-0.5,0.5
3-5 дней,2026-08-28T15:51:06Z,2026-09-01T06:00:00Z,86.1,14.8,13.4,11.6,1.4,1.4
3-5 дней,2026-08-28T15:51:06Z,2026-09-01T09:00:00Z,89.1,17.3,14.0,15.6,3.3,3.3
3-5 дней,2026-08-28T15:51:06Z,2026-09-01T12:00:00Z,92.1,17.1,15.4,15.7,1.7,1.7
3-5 дней,2026-08-29T00:23:24Z,2026-09-01T03:00:00Z,74.6,12.9,12.4,8.9,0.5,0.5
3-5 дней,2026-08-29T00:23:24Z,2026-09-01T06:00:00Z,77.6,14.3,13.4,11.6,0.9,0.9
3-5 дней,2026-08-29T00:23:24Z,2026-09-01T09:00:00Z,80.6,14.3,14.0,15.6,0.3,0.3
3-5 дней,2026-08-29T00:23:24Z,2026-09-01T12:00:00Z,83.6,16.0,15.4,15.7,0.6,0.6
3-5 дней,2026-08-29T03:37:28Z,2026-09-01T06:00:00Z,74.4,14.1,13.4,11.6,0.7,0.7
3-5 дней,2026-08-29T03:37:28Z,2026-09-01T09:00:00Z,77.4,14.3,14.0,15.6,0.3,0.3
3-5 дней,2026-08-29T03:37:28Z,2026-09-01T12:00:00Z,80.4,16.8,15.4,15.7,1.4,1.4
3-5 дней,2026-08-29T10:40:21Z,2026-09-01T12:00:00Z,73.3,16.6,15.4,15.7,1.2,1.2
5-10 дней,2026-08-06T09:50:07Z,2026-08-11T12:00:00Z,122.2,21.7,24.1,22.3,-2.4,2.4
5-10 дней,2026-08-06T09:50:07Z,2026-08-11T15:00:00Z,125.2,19.9,19.2,21.8,0.7,0.7
5-10 дней,2026-08-06T09:50:07Z,2026-08-11T18:00:00Z,128.2,16.2,16.8,18.4,-0.6,0.6
5-10 дней,2026-08-06T09:50:07Z,2026-08-11T21:00:00Z,131.2,15.3,16.3,15.0,-1.0,1.0
5-10 дней,2026-08-06T09:50:07Z,2026-08-12T00:00:00Z,134.2,14.8,15.2,15.3,-0.4,0.4
5-10 дней,2026-08-06T09:50:07Z,2026-08-12T03:00:00Z,137.2,15.6,14.5,15.0,1.1,1.1
5-10 дней,2026-08-06T09:50:07Z,2026-08-12T06:00:00Z,140.2,16.5,14.7,19.4,1.8,1.8
5-10 дней,2026-08-06T09:50:07Z,2026-08-12T09:00:00Z,143.2,16.4,15.2,23.5,1.2,1.2
5-10 дней,2026-08-06T09:50:07Z,2026-08-12T12:00:00Z,146.2,15.7,11.9,24.1,3.8,3.8
5-10 дней,2026-08-06T09:50:07Z,2026-08-12T15:00:00Z,149.2,14.0,10.7,19.2,3.3,3.3
5-10 дней,2026-08-06T09:50:07Z,2026-08-12T18:00:00Z,152.2,11.9,9.3,16.8,2.6,2.6
5-10 дней,2026-08-06T09:50:07Z,2026-08-12T21:00:00Z,155.2,10.2,8.4,16.3,1.8,1.8
5-10 дней,2026-08-06T09:50:07Z,2026-08-13T00:00:00Z,158.2,9.0,8.4,15.2,0.6,0.6
5-10 дней,2026-08-06T09:50:07Z,2026-08-13T03:00:00Z,161.2,8.9,8.4,14.5,0.5,0.5
5-10 дней,2026-08-06T09:50:07Z,2026-08-13T06:00:00Z,164.2,9.5,8.2,14.7,1.3,1.3
5-10 дней,2026-08-06T09:50:07Z,2026-08-13T09:00:00Z,167.2,10.7,8.3,15.2,2.4,2.4
5-10 дней,2026-08-06T09:50:07Z,2026-08-13T12:00:00Z,170.2,11.7,7.7,11.9,4.0,4.0
5-10 дней,2026-08-06T09:50:07Z,2026-08-13T15:00:00Z,173.2,11.4,7.3,10.7,4.1,4.1
5-10 дней,2026-08-06T09:50:07Z,2026-08-13T18:00:00Z,176.2,10.5,6.9,9.3,3.6,3.6
5-10 дней,2026-08-06T09:50:07Z,2026-08-13T21:00:00Z,179.2,8.5,7.1,8.4,1.4,1.4
5-10 дней,2026-08-06T09:50:07Z,2026-08-14T00:00:00Z,182.2,7.5,7.3,8.4,0.2,0.2
5-10 дней,2026-08-06T09:50:07Z,2026-08-14T03:00:00Z,185.2,10.4,7.4,8.4,3.0,3.0
5-10 дней,2026-08-06T09:50:07Z,2026-08-14T06:00:00Z,188.2,14.1,8.3,8.2,5.8,5.8
5-10 дней,2026-08-06T09:50:07Z,2026-08-14T09:00:00Z,191.2,16.4,9.1,8.3,7.3,7.3
5-10 дней,2026-08-06T09:50:07Z,2026-08-14T12:00:00Z,194.2,17.5,10.0,7.7,7.5,7.5
5-10 дней,2026-08-06T09:50:07Z,2026-08-14T15:00:00Z,197.2,15.8,10.6,7.3,5.2,5.2
5-10 дней,2026-08-06T09:50:07Z,2026-08-14T18:00:00Z,200.2,13.5,8.7,6.9,4.8,4.8
5-10 дней,2026-08-06T09:50:07Z,2026-08-14T21:00:00Z,203.2,12.6,8.0,7.1,4.6,4.6
5-10 дней,2026-08-06T09:50:07Z,2026-08-15T00:00:00Z,206.2,12.3,6.3,7.3,6.0,6.0
5-10 дней,2026-08-06T09:50:07Z,2026-08-15T03:00:00Z,209.2,12.8,7.6,7.4,5.2,5.2
5-10 дней,2026-08-06T09:50:07Z,2026-08-15T06:00:00Z,212.2,13.7,8.6,8.3,5.1,5.1
5-10 дней,2026-08-06T09:50:07Z,2026-08-15T09:00:00Z,215.2,14.6,10.9,9.1,3.7,3.7
5-10 дней,2026-08-06T09:50:07Z,2026-08-15T12:00:00Z,218.2,15.2,13.4,10.0,1.8,1.8
5-10 дней,2026-08-06T09:50:07Z,2026-08-15T15:00:00Z,221.2,14.7,13.0,10.6,1.7,1.7
5-10 дней,2026-08-06T09:50:07Z,2026-08-15T18:00:00Z,224.2,14.0,12.2,8.7,1.8,1.8
5-10 дней,2026-08-06T09:50:07Z,2026-08-15T21:00:00Z,227.2,13.5,11.3,8.0,2.2,2.2
5-10 дней,2026-08-06T09:59:18Z,2026-08-11T12:00:00Z,122.0,21.7,24.1,22.3,-2.4,2.4
5-10 дней,2026-08-06T09:59:18Z,2026-08-11T15:00:00Z,125.0,19.9,19.2,21.8,0.7,0.7
5-10 дней,2026-08-06T09:59:18Z,2026-08-11T18:00:00Z,128.0,16.2,16.8,18.4,-0.6,0.6
5-10 дней,2026-08-06T09:59:18Z,2026-08-11T21:00:00Z,131.0,15.3,16.3,15.0,-1.0,1.0
5-10 дней,2026-08-06T09:59:18Z,2026-08-12T00:00:00Z,134.0,14.8,15.2,15.3,-0.4,0.4
5-10 дней,2026-08-06T09:59:18Z,2026-08-12T03:00:00Z,137.0,15.6,14.5,15.0,1.1,1.1
5-10 дней,2026-08-06T09:59:18Z,2026-08-12T06:00:00Z,140.0,16.5,14.7,19.4,1.8,1.8
5-10 дней,2026-08-06T09:59:18Z,2026-08-12T09:00:00Z,143.0,16.4,15.2,23.5,1.2,1.2
5-10 дней,2026-08-06T09:59:18Z,2026-08-12T12:00:00Z,146.0,15.7,11.9,24.1,3.8,3.8
5-10 дней,2026-08-06T09:59:18Z,2026-08-12T15:00:00Z,149.0,14.0,10.7,19.2,3.3,3.3
5-10 дней,2026-08-06T09:59:18Z,2026-08-12T18:00:00Z,152.0,11.9,9.3,16.8,2.6,2.6
5-10 дней,2026-08-06T09:59:18Z,2026-08-12T21:00:00Z,155.0,10.2,8.4,16.3,1.8,1.8
5-10 дней,2026-08-06T09:59:18Z,2026-08-13T00:00:00Z,158.0,9.0,8.4,15.2,0.6,0.6
5-10 дней,2026-08-06T09:59:18Z,2026-08-13T03:00:00Z,161.0,8.9,8.4,14.5,0.5,0.5
5-10 дней,2026-08-06T09:59:18Z,2026-08-13T06:00:00Z,164.0,9.5,8.2,14.7,1.3,1.3
5-10 дней,2026-08-06T09:59:18Z,2026-08-13T09:00:00Z,167.0,10.7,8.3,15.2,2.4,2.4
5-10 дней,2026-08-06T09:59:18Z,2026-08-13T12:00:00Z,170.0,11.7,7.7,11.9,4.0,4.0
5-10 дней,2026-08-06T09:59:18Z,2026-08-13T15:00:00Z,173.0,11.4,7.3,10.7,4.1,4.1
5-10 дней,2026-08-06T09:59:18Z,2026-08-13T18:00:00Z,176.0,10.5,6.9,9.3,3.6,3.6
5-10 дней,2026-08-06T09:59:18Z,2026-08-13T21:00:00Z,179.0,8.5,7.1,8.4,1.4,1.4
5-10 дней,2026-08-06T09:59:18Z,2026-08-14T00:00:00Z,182.0,7.5,7.3,8.4,0.2,0.2
5-10 дней,2026-08-06T09:59:18Z,2026-08-14T03:00:00Z,185.0,10.4,7.4,8.4,3.0,3.0
5-10 дней,2026-08-06T09:59:18Z,2026-08-14T06:00:00Z,188.0,14.1,8.3,8.2,5.8,5.8
5-10 дней,2026-08-06T09:59:18Z,2026-08-14T09:00:00Z,191.0,16.4,9.1,8.3,7.3,7.3
5-10 дней,2026-08-06T09:59:18Z,2026-08-14T12:00:00Z,194.0,17.5,10.0,7.7,7.5,7.5
5-10 дней,2026-08-06T09:59:18Z,2026-08-14T15:00:00Z,197.0,15.8,10.6,7.3,5.2,5.2
5-10 дней,2026-08-06T09:59:18Z,2026-08-14T18:00:00Z,200.0,13.5,8.7,6.9,4.8,4.8
5-10 дней,2026-08-06T09:59:18Z,2026-08-14T21:00:00Z,203.0,12.6,8.0,7.1,4.6,4.6
5-10 дней,2026-08-06T09:59:18Z,2026-08-15T00:00:00Z,206.0,12.3,6.3,7.3,6.0,6.0
5-10 дней,2026-08-06T09:59:18Z,2026-08-15T03:00:00Z,209.0,12.8,7.6,7.4,5.2,5.2
5-10 дней,2026-08-06T09:59:18Z,2026-08-15T06:00:00Z,212.0,13.7,8.6,8.3,5.1,5.1
5-10 дней,2026-08-06T09:59:18Z,2026-08-15T09:00:00Z,215.0,14.6,10.9,9.1,3.7,3.7
5-10 дней,2026-08-06T09:59:18Z,2026-08-15T12:00:00Z,218.0,15.2,13.4,10.0,1.8,1.8
5-10 дней,2026-08-06T09:59:18Z,2026-08-15T15:00:00Z,221.0,14.7,13.0,10.6,1.7,1.7
5-10 дней,2026-08-06T09:59:18Z,2026-08-15T18:00:00Z,224.0,14.0,12.2,8.7,1.8,1.8
5-10 дней,2026-08-06T09:59:18Z,2026-08-15T21:00:00Z,227.0,13.5,11.3,8.0,2.2,2.2
5-10 дней,2026-08-06T10:08:26Z,2026-08-11T12:00:00Z,121.9,21.7,24.1,22.3,-2.4,2.4
5-10 дней,2026-08-06T10:08:26Z,2026-08-11T15:00:00Z,124.9,19.9,19.2,21.8,0.7,0.7
5-10 дней,2026-08-06T10:08:26Z,2026-08-11T18:00:00Z,127.9,16.2,16.8,18.4,-0.6,0.6
5-10 дней,2026-08-06T10:08:26Z,2026-08-11T21:00:00Z,130.9,15.3,16.3,15.0,-1.0,1.0
5-10 дней,2026-08-06T10:08:26Z,2026-08-12T00:00:00Z,133.9,14.8,15.2,15.3,-0.4,0.4
5-10 дней,2026-08-06T10:08:26Z,2026-08-12T03:00:00Z,136.9,15.6,14.5,15.0,1.1,1.1
5-10 дней,2026-08-06T10:08:26Z,2026-08-12T06:00:00Z,139.9,16.5,14.7,19.4,1.8,1.8
5-10 дней,2026-08-06T10:08:26Z,2026-08-12T09:00:00Z,142.9,16.4,15.2,23.5,1.2,1.2
5-10 дней,2026-08-06T10:08:26Z,2026-08-12T12:00:00Z,145.9,15.7,11.9,24.1,3.8,3.8
5-10 дней,2026-08-06T10:08:26Z,2026-08-12T15:00:00Z,148.9,14.0,10.7,19.2,3.3,3.3
5-10 дней,2026-08-06T10:08:26Z,2026-08-12T18:00:00Z,151.9,11.9,9.3,16.8,2.6,2.6
5-10 дней,2026-08-06T10:08:26Z,2026-08-12T21:00:00Z,154.9,10.2,8.4,16.3,1.8,1.8
5-10 дней,2026-08-06T10:08:26Z,2026-08-13T00:00:00Z,157.9,9.0,8.4,15.2,0.6,0.6
5-10 дней,2026-08-06T10:08:26Z,2026-08-13T03:00:00Z,160.9,8.9,8.4,14.5,0.5,0.5
5-10 дней,2026-08-06T10:08:26Z,2026-08-13T06:00:00Z,163.9,9.5,8.2,14.7,1.3,1.3
5-10 дней,2026-08-06T10:08:26Z,2026-08-13T09:00:00Z,166.9,10.7,8.3,15.2,2.4,2.4
5-10 дней,2026-08-06T10:08:26Z,2026-08-13T12:00:00Z,169.9,11.7,7.7,11.9,4.0,4.0
5-10 дней,2026-08-06T10:08:26Z,2026-08-13T15:00:00Z,172.9,11.4,7.3,10.7,4.1,4.1
5-10 дней,2026-08-06T10:08:26Z,2026-08-13T18:00:00Z,175.9,10.5,6.9,9.3,3.6,3.6
5-10 дней,2026-08-06T10:08:26Z,2026-08-13T21:00:00Z,178.9,8.5,7.1,8.4,1.4,1.4
5-10 дней,2026-08-06T10:08:26Z,2026-08-14T00:00:00Z,181.9,7.5,7.3,8.4,0.2,0.2
5-10 дней,2026-08-06T10:08:26Z,2026-08-14T03:00:00Z,184.9,10.4,7.4,8.4,3.0,3.0
5-10 дней,2026-08-06T10:08:26Z,2026-08-14T06:00:00Z,187.9,14.1,8.3,8.2,5.8,5.8
5-10 дней,2026-08-06T10:08:26Z,2026-08-14T09:00:00Z,190.9,16.4,9.1,8.3,7.3,7.3
5-10 дней,2026-08-06T10:08:26Z,2026-08-14T12:00:00Z,193.9,17.5,10.0,7.7,7.5,7.5
5-10 дней,2026-08-06T10:08:26Z,2026-08-14T15:00:00Z,196.9,15.8,10.6,7.3,5.2,5.2
5-10 дней,2026-08-06T10:08:26Z,2026-08-14T18:00:00Z,199.9,13.5,8.7,6.9,4.8,4.8
5-10 дней,2026-08-06T10:08:26Z,2026-08-14T21:00:00Z,202.9,12.6,8.0,7.1,4.6,4.6
5-10 дней,2026-08-06T10:08:26Z,2026-08-15T00:00:00Z,205.9,12.3,6.3,7.3,6.0,6.0
5-10 дней,2026-08-06T10:08:26Z,2026-08-15T03:00:00Z,208.9,12.8,7.6,7.4,5.2,5.2
5-10 дней,2026-08-06T10:08:26Z,2026-08-15T06:00:00Z,211.9,13.7,8.6,8.3,5.1,5.1
5-10 дней,2026-08-06T10:08:26Z,2026-08-15T09:00:00Z,214.9,14.6,10.9,9.1,3.7,3.7
5-10 дней,2026-08-06T10:08:26Z,2026-08-15T12:00:00Z,217.9,15.2,13.4,10.0,1.8,1.8
5-10 дней,2026-08-06T10:08:26Z,2026-08-15T15:00:00Z,220.9,14.7,13.0,10.6,1.7,1.7
5-10 дней,2026-08-06T10:08:26Z,2026-08-15T18:00:00Z,223.9,14.0,12.2,8.7,1.8,1.8
5-10 дней,2026-08-06T10:08:26Z,2026-08-15T21:00:00Z,226.9,13.5,11.3,8.0,2.2,2.2
5-10 дней,2026-08-06T10:47:54Z,2026-08-11T12:00:00Z,121.2,21.7,24.1,22.3,-2.4,2.4
5-10 дней,2026-08-06T10:47:54Z,2026-08-11T15:00:00Z,124.2,19.9,19.2,21.8,0.7,0.7
5-10 дней,2026-08-06T10:47:54Z,2026-08-11T18:00:00Z,127.2,16.2,16.8,18.4,-0.6,0.6
5-10 дней,2026-08-06T10:47:54Z,2026-08-11T21:00:00Z,130.2,15.3,16.3,15.0,-1.0,1.0
5-10 дней,2026-08-06T10:47:54Z,2026-08-12T00:00:00Z,133.2,14.8,15.2,15.3,-0.4,0.4
5-10 дней,2026-08-06T10:47:54Z,2026-08-12T03:00:00Z,136.2,15.6,14.5,15.0,1.1,1.1
5-10 дней,2026-08-06T10:47:54Z,2026-08-12T06:00:00Z,139.2,16.5,14.7,19.4,1.8,1.8
5-10 дней,2026-08-06T10:47:54Z,2026-08-12T09:00:00Z,142.2,16.4,15.2,23.5,1.2,1.2
5-10 дней,2026-08-06T10:47:54Z,2026-08-12T12:00:00Z,145.2,15.7,11.9,24.1,3.8,3.8
5-10 дней,2026-08-06T10:47:54Z,2026-08-12T15:00:00Z,148.2,14.0,10.7,19.2,3.3,3.3
5-10 дней,2026-08-06T10:47:54Z,2026-08-12T18:00:00Z,151.2,11.9,9.3,16.8,2.6,2.6
5-10 дней,2026-08-06T10:47:54Z,2026-08-12T21:00:00Z,154.2,10.2,8.4,16.3,1.8,1.8
5-10 дней,2026-08-06T10:47:54Z,2026-08-13T00:00:00Z,157.2,9.0,8.4,15.2,0.6,0.6
5-10 дней,2026-08-06T10:47:54Z,2026-08-13T03:00:00Z,160.2,8.9,8.4,14.5,0.5,0.5
5-10 дней,2026-08-06T10:47:54Z,2026-08-13T06:00:00Z,163.2,9.5,8.2,14.7,1.3,1.3
5-10 дней,2026-08-06T10:47:54Z,2026-08-13T09:00:00Z,166.2,10.7,8.3,15.2,2.4,2.4
5-10 дней,2026-08-06T10:47:54Z,2026-08-13T12:00:00Z,169.2,11.7,7.7,11.9,4.0,4.0
5-10 дней,2026-08-06T10:47:54Z,2026-08-13T15:00:00Z,172.2,11.4,7.3,10.7,4.1,4.1
5-10 дней,2026-08-06T10:47:54Z,2026-08-13T18:00:00Z,175.2,10.5,6.9,9.3,3.6,3.6
5-10 дней,2026-08-06T10:47:54Z,2026-08-13T21:00:00Z,178.2,8.5,7.1,8.4,1.4,1.4
5-10 дней,2026-08-06T10:47:54Z,2026-08-14T00:00:00Z,181.2,7.5,7.3,8.4,0.2,0.2
5-10 дней,2026-08-06T10:47:54Z,2026-08-14T03:00:00Z,184.2,10.4,7.4,8.4,3.0,3.0
5-10 дней,2026-08-06T10:47:54Z,2026-08-14T06:00:00Z,187.2,14.1,8.3,8.2,5.8,5.8
5-10 дней,2026-08-06T10:47:54Z,2026-08-14T09:00:00Z,190.2,16.4,9.1,8.3,7.3,7.3
5-10 дней,2026-08-06T10:47:54Z,2026-08-14T12:00:00Z,193.2,17.5,10.0,7.7,7.5,7.5
5-10 дней,2026-08-06T10:47:54Z,2026-08-14T15:00:00Z,196.2,15.8,10.6,7.3,5.2,5.2
5-10 дней,2026-08-06T10:47:54Z,2026-08-14T18:00:00Z,199.2,13.5,8.7,6.9,4.8,4.8
5-10 дней,2026-08-06T10:47:54Z,2026-08-14T21:00:00Z,202.2,12.6,8.0,7.1,4.6,4.6
5-10 дней,2026-08-06T10:47:54Z,2026-08-15T00:00:00Z,205.2,12.3,6.3,7.3,6.0,6.0
5-10 дней,2026-08-06T10:47:54Z,2026-08-15T03:00:00Z,208.2,12.8,7.6,7.4,5.2,5.2
5-10 дней,2026-08-06T10:47:54Z,2026-08-15T06:00:00Z,211.2,13.7,8.6,8.3,5.1,5.1
5-10 дней,2026-08-06T10:47:54Z,2026-08-15T09:00:00Z,214.2,14.6,10.9,9.1,3.7,3.7
5-10 дней,2026-08-06T10:47:54Z,2026-08-15T12:00:00Z,217.2,15.2,13.4,10.0,1.8,1.8
5-10 дней,2026-08-06T10:47:54Z,2026-08-15T15:00:00Z,220.2,14.7,13.0,10.6,1.7,1.7
5-10 дней,2026-08-06T10:47:54Z,2026-08-15T18:00:00Z,223.2,14.0,12.2,8.7,1.8,1.8
5-10 дней,2026-08-06T10:47:54Z,2026-08-15T21:00:00Z,226.2,13.5,11.3,8.0,2.2,2.2
5-10 дней,2026-08-06T11:30:42Z,2026-08-11T12:00:00Z,120.5,21.7,24.1,22.3,-2.4,2.4
5-10 дней,2026-08-06T11:30:42Z,2026-08-11T15:00:00Z,123.5,19.9,19.2,21.8,0.7,0.7
5-10 дней,2026-08-06T11:30:42Z,2026-08-11T18:00:00Z,126.5,16.2,16.8,18.4,-0.6,0.6
5-10 дней,2026-08-06T11:30:42Z,2026-08-11T21:00:00Z,129.5,15.3,16.3,15.0,-1.0,1.0
5-10 дней,2026-08-06T11:30:42Z,2026-08-12T00:00:00Z,132.5,14.8,15.2,15.3,-0.4,0.4
5-10 дней,2026-08-06T11:30:42Z,2026-08-12T03:00:00Z,135.5,15.6,14.5,15.0,1.1,1.1
5-10 дней,2026-08-06T11:30:42Z,2026-08-12T06:00:00Z,138.5,16.5,14.7,19.4,1.8,1.8
5-10 дней,2026-08-06T11:30:42Z,2026-08-12T09:00:00Z,141.5,16.4,15.2,23.5,1.2,1.2
5-10 дней,2026-08-06T11:30:42Z,2026-08-12T12:00:00Z,144.5,15.7,11.9,24.1,3.8,3.8
5-10 дней,2026-08-06T11:30:42Z,2026-08-12T15:00:00Z,147.5,14.0,10.7,19.2,3.3,3.3
5-10 дней,2026-08-06T11:30:42Z,2026-08-12T18:00:00Z,150.5,11.9,9.3,16.8,2.6,2.6
5-10 дней,2026-08-06T11:30:42Z,2026-08-12T21:00:00Z,153.5,10.2,8.4,16.3,1.8,1.8
5-10 дней,2026-08-06T11:30:42Z,2026-08-13T00:00:00Z,156.5,9.0,8.4,15.2,0.6,0.6
5-10 дней,2026-08-06T11:30:42Z,2026-08-13T03:00:00Z,159.5,8.9,8.4,14.5,0.5,0.5
5-10 дней,2026-08-06T11:30:42Z,2026-08-13T06:00:00Z,162.5,9.5,8.2,14.7,1.3,1.3
5-10 дней,2026-08-06T11:30:42Z,2026-08-13T09:00:00Z,165.5,10.7,8.3,15.2,2.4,2.4
5-10 дней,2026-08-06T11:30:42Z,2026-08-13T12:00:00Z,168.5,11.7,7.7,11.9,4.0,4.0
5-10 дней,2026-08-06T11:30:42Z,2026-08-13T15:00:00Z,171.5,11.4,7.3,10.7,4.1,4.1
5-10 дней,2026-08-06T11:30:42Z,2026-08-13T18:00:00Z,174.5,10.5,6.9,9.3,3.6,3.6
5-10 дней,2026-08-06T11:30:42Z,2026-08-13T21:00:00Z,177.5,8.5,7.1,8.4,1.4,1.4
5-10 дней,2026-08-06T11:30:42Z,2026-08-14T00:00:00Z,180.5,7.5,7.3,8.4,0.2,0.2
5-10 дней,2026-08-06T11:30:42Z,2026-08-14T03:00:00Z,183.5,10.4,7.4,8.4,3.0,3.0
5-10 дней,2026-08-06T11:30:42Z,2026-08-14T06:00:00Z,186.5,14.1,8.3,8.2,5.8,5.8
5-10 дней,2026-08-06T11:30:42Z,2026-08-14T09:00:00Z,189.5,16.4,9.1,8.3,7.3,7.3
5-10 дней,2026-08-06T11:30:42Z,2026-08-14T12:00:00Z,192.5,17.5,10.0,7.7,7.5,7.5
5-10 дней,2026-08-06T11:30:42Z,2026-08-14T15:00:00Z,195.5,15.8,10.6,7.3,5.2,5.2
5-10 дней,2026-08-06T11:30:42Z,2026-08-14T18:00:00Z,198.5,13.5,8.7,6.9,4.8,4.8
5-10 дней,2026-08-06T11:30:42Z,2026-08-14T21:00:00Z,201.5,12.6,8.0,7.1,4.6,4.6
5-10 дней,2026-08-06T11:30:42Z,2026-08-15T00:00:00Z,204.5,12.3,6.3,7.3,6.0,6.0
5-10 дней,2026-08-06T11:30:42Z,2026-08-15T03:00:00Z,207.5,12.8,7.6,7.4,5.2,5.2
5-10 дней,2026-08-06T11:30:42Z,2026-08-15T06:00:00Z,210.5,13.7,8.6,8.3,5.1,5.1
5-10 дней,2026-08-06T11:30:42Z,2026-08-15T09:00:00Z,213.5,14.6,10.9,9.1,3.7,3.7
5-10 дней,2026-08-06T11:30:42Z,2026-08-15T12:00:00Z,216.5,15.2,13.4,10.0,1.8,1.8
5-10 дней,2026-08-06T11:30:42Z,2026-08-15T15:00:00Z,219.5,14.7,13.0,10.6,1.7,1.7
5-10 дней,2026-08-06T11:30:42Z,2026-08-15T18:00:00Z,222.5,14.0,12.2,8.7,1.8,1.8
5-10 дней,2026-08-06T11:30:42Z,2026-08-15T21:00:00Z,225.5,13.5,11.3,8.0,2.2,2.2
5-10 дней,2026-08-06T11:36:01Z,2026-08-11T12:00:00Z,120.4,21.7,24.1,22.3,-2.4,2.4
5-10 дней,2026-08-06T11:36:01Z,2026-08-11T15:00:00Z,123.4,19.9,19.2,21.8,0.7,0.7
5-10 дней,2026-08-06T11:36:01Z,2026-08-11T18:00:00Z,126.4,16.2,16.8,18.4,-0.6,0.6
5-10 дней,2026-08-06T11:36:01Z,2026-08-11T21:00:00Z,129.4,15.3,16.3,15.0,-1.0,1.0
5-10 дней,2026-08-06T11:36:01Z,2026-08-12T00:00:00Z,132.4,14.8,15.2,15.3,-0.4,0.4
5-10 дней,2026-08-06T11:36:01Z,2026-08-12T03:00:00Z,135.4,15.6,14.5,15.0,1.1,1.1
5-10 дней,2026-08-06T11:36:01Z,2026-08-12T06:00:00Z,138.4,16.5,14.7,19.4,1.8,1.8
5-10 дней,2026-08-06T11:36:01Z,2026-08-12T09:00:00Z,141.4,16.4,15.2,23.5,1.2,1.2
5-10 дней,2026-08-06T11:36:01Z,2026-08-12T12:00:00Z,144.4,15.7,11.9,24.1,3.8,3.8
5-10 дней,2026-08-06T11:36:01Z,2026-08-12T15:00:00Z,147.4,14.0,10.7,19.2,3.3,3.3
5-10 дней,2026-08-06T11:36:01Z,2026-08-12T18:00:00Z,150.4,11.9,9.3,16.8,2.6,2.6
5-10 дней,2026-08-06T11:36:01Z,2026-08-12T21:00:00Z,153.4,10.2,8.4,16.3,1.8,1.8
5-10 дней,2026-08-06T11:36:01Z,2026-08-13T00:00:00Z,156.4,9.0,8.4,15.2,0.6,0.6
5-10 дней,2026-08-06T11:36:01Z,2026-08-13T03:00:00Z,159.4,8.9,8.4,14.5,0.5,0.5
5-10 дней,2026-08-06T11:36:01Z,2026-08-13T06:00:00Z,162.4,9.5,8.2,14.7,1.3,1.3
5-10 дней,2026-08-06T11:36:01Z,2026-08-13T09:00:00Z,165.4,10.7,8.3,15.2,2.4,2.4
5-10 дней,2026-08-06T11:36:01Z,2026-08-13T12:00:00Z,168.4,11.7,7.7,11.9,4.0,4.0
5-10 дней,2026-08-06T11:36:01Z,2026-08-13T15:00:00Z,171.4,11.4,7.3,10.7,4.1,4.1
5-10 дней,2026-08-06T11:36:01Z,2026-08-13T18:00:00Z,174.4,10.5,6.9,9.3,3.6,3.6
5-10 дней,2026-08-06T11:36:01Z,2026-08-13T21:00:00Z,177.4,8.5,7.1,8.4,1.4,1.4
5-10 дней,2026-08-06T11:36:01Z,2026-08-14T00:00:00Z,180.4,7.5,7.3,8.4,0.2,0.2
5-10 дней,2026-08-06T11:36:01Z,2026-08-14T03:00:00Z,183.4,10.4,7.4,8.4,3.0,3.0
5-10 дней,2026-08-06T11:36:01Z,2026-08-14T06:00:00Z,186.4,14.1,8.3,8.2,5.8,5.8
5-10 дней,2026-08-06T11:36:01Z,2026-08-14T09:00:00Z,189.4,16.4,9.1,8.3,7.3,7.3
5-10 дней,2026-08-06T11:36:01Z,2026-08-14T12:00:00Z,192.4,17.5,10.0,7.7,7.5,7.5
5-10 дней,2026-08-06T11:36:01Z,2026-08-14T15:00:00Z,195.4,15.8,10.6,7.3,5.2,5.2
5-10 дней,2026-08-06T11:36:01Z,2026-08-14T18:00:00Z,198.4,13.5,8.7,6.9,4.8,4.8
5-10 дней,2026-08-06T11:36:01Z,2026-08-14T21:00:00Z,201.4,12.6,8.0,7.1,4.6,4.6
5-10 дней,2026-08-06T11:36:01Z,2026-08-15T00:00:00Z,204.4,12.3,6.3,7.3,6.0,6.0
5-10 дней,2026-08-06T11:36:01Z,2026-08-15T03:00:00Z,207.4,12.8,7.6,7.4,5.2,5.2
5-10 дней,2026-08-06T11:36:01Z,2026-08-15T06:00:00Z,210.4,13.7,8.6,8.3,5.1,5.1
5-10 дней,2026-08-06T11:36:01Z,2026-08-15T09:00:00Z,213.4,14.6,10.9,9.1,3.7,3.7
5-10 дней,2026-08-06T11:36:01Z,2026-08-15T12:00:00Z,216.4,15.2,13.4,10.0,1.8,1.8
5-10 дней,2026-08-06T11:36:01Z,2026-08-15T15:00:00Z,219.4,14.7,13.0,10.6,1.7,1.7
5-10 дней,2026-08-06T11:36:01Z,2026-08-15T18:00:00Z,222.4,14.0,12.2,8.7,1.8,1.8
5-10 дней,2026-08-06T11:36:01Z,2026-08-15T21:00:00Z,225.4,13.5,11.3,8.0,2.2,2.2
5-10 дней,2026-08-06T11:44:08Z,2026-08-11T12:00:00Z,120.3,21.7,24.1,22.3,-2.4,2.4
5-10 дней,2026-08-06T11:44:08Z,2026-08-11T15:00:00Z,123.3,19.9,19.2,21.8,0.7,0.7
5-10 дней,2026-08-06T11:44:08Z,2026-08-11T18:00:00Z,126.3,16.2,16.8,18.4,-0.6,0.6
5-10 дней,2026-08-06T11:44:08Z,2026-08-11T21:00:00Z,129.3,15.3,16.3,15.0,-1.0,1.0
5-10 дней,2026-08-06T11:44:08Z,2026-08-12T00:00:00Z,132.3,14.8,15.2,15.3,-0.4,0.4
5-10 дней,2026-08-06T11:44:08Z,2026-08-12T03:00:00Z,135.3,15.6,14.5,15.0,1.1,1.1
5-10 дней,2026-08-06T11:44:08Z,2026-08-12T06:00:00Z,138.3,16.5,14.7,19.4,1.8,1.8
5-10 дней,2026-08-06T11:44:08Z,2026-08-12T09:00:00Z,141.3,16.4,15.2,23.5,1.2,1.2
5-10 дней,2026-08-06T11:44:08Z,2026-08-12T12:00:00Z,144.3,15.7,11.9,24.1,3.8,3.8
5-10 дней,2026-08-06T11:44:08Z,2026-08-12T15:00:00Z,147.3,14.0,10.7,19.2,3.3,3.3
5-10 дней,2026-08-06T11:44:08Z,2026-08-12T18:00:00Z,150.3,11.9,9.3,16.8,2.6,2.6
5-10 дней,2026-08-06T11:44:08Z,2026-08-12T21:00:00Z,153.3,10.2,8.4,16.3,1.8,1.8
5-10 дней,2026-08-06T11:44:08Z,2026-08-13T00:00:00Z,156.3,9.0,8.4,15.2,0.6,0.6
5-10 дней,2026-08-06T11:44:08Z,2026-08-13T03:00:00Z,159.3,8.9,8.4,14.5,0.5,0.5
5-10 дней,2026-08-06T11:44:08Z,2026-08-13T06:00:00Z,162.3,9.5,8.2,14.7,1.3,1.3
5-10 дней,2026-08-06T11:44:08Z,2026-08-13T09:00:00Z,165.3,10.7,8.3,15.2,2.4,2.4
5-10 дней,2026-08-06T11:44:08Z,2026-08-13T12:00:00Z,168.3,11.7,7.7,11.9,4.0,4.0
5-10 дней,2026-08-06T11:44:08Z,2026-08-13T15:00:00Z,171.3,11.4,7.3,10.7,4.1,4.1
5-10 дней,2026-08-06T11:44:08Z,2026-08-13T18:00:00Z,174.3,10.5,6.9,9.3,3.6,3.6
5-10 дней,2026-08-06T11:44:08Z,2026-08-13T21:00:00Z,177.3,8.5,7.1,8.4,1.4,1.4
5-10 дней,2026-08-06T11:44:08Z,2026-08-14T00:00:00Z,180.3,7.5,7.3,8.4,0.2,0.2
5-10 дней,2026-08-06T11:44:08Z,2026-08-14T03:00:00Z,183.3,10.4,7.4,8.4,3.0,3.0
5-10 дней,2026-08-06T11:44:08Z,2026-08-14T06:00:00Z,186.3,14.1,8.3,8.2,5.8,5.8
5-10 дней,2026-08-06T11:44:08Z,2026-08-14T09:00:00Z,189.3,16.4,9.1,8.3,7.3,7.3
5-10 дней,2026-08-06T11:44:08Z,2026-08-14T12:00:00Z,192.3,17.5,10.0,7.7,7.5,7.5
5-10 дней,2026-08-06T11:44:08Z,2026-08-14T15:00:00Z,195.3,15.8,10.6,7.3,5.2,5.2
5-10 дней,2026-08-06T11:44:08Z,2026-08-14T18:00:00Z,198.3,13.5,8.7,6.9,4.8,4.8
5-10 дней,2026-08-06T11:44:08Z,2026-08-14T21:00:00Z,201.3,12.6,8.0,7.1,4.6,4.6
5-10 дней,2026-08-06T11:44:08Z,2026-08-15T00:00:00Z,204.3,12.3,6.3,7.3,6.0,6.0
5-10 дней,2026-08-06T11:44:08Z,2026-08-15T03:00:00Z,207.3,12.8,7.6,7.4,5.2,5.2
5-10 дней,2026-08-06T11:44:08Z,2026-08-15T06:00:00Z,210.3,13.7,8.6,8.3,5.1,5.1
5-10 дней,2026-08-06T11:44:08Z,2026-08-15T09:00:00Z,213.3,14.6,10.9,9.1,3.7,3.7
5-10 дней,2026-08-06T11:44:08Z,2026-08-15T12:00:00Z,216.3,15.2,13.4,10.0,1.8,1.8
5-10 дней,2026-08-06T11:44:08Z,2026-08-15T15:00:00Z,219.3,14.7,13.0,10.6,1.7,1.7
5-10 дней,2026-08-06T11:44:08Z,2026-08-15T18:00:00Z,222.3,14.0,12.2,8.7,1.8,1.8
5-10 дней,2026-08-06T11:44:08Z,2026-08-15T21:00:00Z,225.3,13.5,11.3,8.0,2.2,2.2
5-10 дней,2026-08-07T01:31:32Z,2026-08-12T03:00:00Z,121.5,13.6,14.5,15.0,-0.9,0.9
5-10 дней,2026-08-07T01:31:32Z,2026-08-12T06:00:00Z,124.5,12.8,14.7,19.4,-1.9,1.9
5-10 дней,2026-08-07T01:31:32Z,2026-08-12T09:00:00Z,127.5,15.1,15.2,23.5,-0.1,0.1
5-10 дней,2026-08-07T01:31:32Z,2026-08-12T12:00:00Z,130.5,15.4,11.9,24.1,3.5,3.5
5-10 дней,2026-08-07T01:31:32Z,2026-08-12T15:00:00Z,133.5,13.8,10.7,19.2,3.1,3.1
5-10 дней,2026-08-07T01:31:32Z,2026-08-12T18:00:00Z,136.5,11.6,9.3,16.8,2.3,2.3
5-10 дней,2026-08-07T01:31:32Z,2026-08-12T21:00:00Z,139.5,15.0,8.4,16.3,6.6,6.6
5-10 дней,2026-08-07T01:31:32Z,2026-08-13T00:00:00Z,142.5,14.6,8.4,15.2,6.2,6.2
5-10 дней,2026-08-07T01:31:32Z,2026-08-13T03:00:00Z,145.5,14.2,8.4,14.5,5.8,5.8
5-10 дней,2026-08-07T01:31:32Z,2026-08-13T06:00:00Z,148.5,14.0,8.2,14.7,5.8,5.8
5-10 дней,2026-08-07T01:31:32Z,2026-08-13T09:00:00Z,151.5,14.0,8.3,15.2,5.7,5.7
5-10 дней,2026-08-07T01:31:32Z,2026-08-13T12:00:00Z,154.5,13.9,7.7,11.9,6.2,6.2
5-10 дней,2026-08-07T01:31:32Z,2026-08-13T15:00:00Z,157.5,13.5,7.3,10.7,6.2,6.2
5-10 дней,2026-08-07T01:31:32Z,2026-08-13T18:00:00Z,160.5,12.6,6.9,9.3,5.7,5.7
5-10 дней,2026-08-07T01:31:32Z,2026-08-13T21:00:00Z,163.5,10.4,7.1,8.4,3.3,3.3
5-10 дней,2026-08-07T01:31:32Z,2026-08-14T00:00:00Z,166.5,8.9,7.3,8.4,1.6,1.6
5-10 дней,2026-08-07T01:31:32Z,2026-08-14T03:00:00Z,169.5,10.3,7.4,8.4,2.9,2.9
5-10 дней,2026-08-07T01:31:32Z,2026-08-14T06:00:00Z,172.5,12.8,8.3,8.2,4.5,4.5
5-10 дней,2026-08-07T01:31:32Z,2026-08-14T09:00:00Z,175.5,15.6,9.1,8.3,6.5,6.5
5-10 дней,2026-08-07T01:31:32Z,2026-08-14T12:00:00Z,178.5,17.5,10.0,7.7,7.5,7.5
5-10 дней,2026-08-07T01:31:32Z,2026-08-14T15:00:00Z,181.5,15.7,10.6,7.3,5.1,5.1
5-10 дней,2026-08-07T01:31:32Z,2026-08-14T18:00:00Z,184.5,13.0,8.7,6.9,4.3,4.3
5-10 дней,2026-08-07T01:31:32Z,2026-08-14T21:00:00Z,187.5,11.6,8.0,7.1,3.6,3.6
5-10 дней,2026-08-07T01:31:32Z,2026-08-15T00:00:00Z,190.5,11.3,6.3,7.3,5.0,5.0
5-10 дней,2026-08-07T01:31:32Z,2026-08-15T03:00:00Z,193.5,13.5,7.6,7.4,5.9,5.9
5-10 дней,2026-08-07T01:31:32Z,2026-08-15T06:00:00Z,196.5,16.4,8.6,8.3,7.8,7.8
5-10 дней,2026-08-07T01:31:32Z,2026-08-15T09:00:00Z,199.5,19.0,10.9,9.1,8.1,8.1
5-10 дней,2026-08-07T01:31:32Z,2026-08-15T12:00:00Z,202.5,20.3,13.4,10.0,6.9,6.9
5-10 дней,2026-08-07T01:31:32Z,2026-08-15T15:00:00Z,205.5,18.4,13.0,10.6,5.4,5.4
5-10 дней,2026-08-07T01:31:32Z,2026-08-15T18:00:00Z,208.5,15.5,12.2,8.7,3.3,3.3
5-10 дней,2026-08-07T01:31:32Z,2026-08-15T21:00:00Z,211.5,13.3,11.3,8.0,2.0,2.0
5-10 дней,2026-08-07T01:31:32Z,2026-08-16T00:00:00Z,214.5,12.4,10.8,6.3,1.6,1.6
5-10 дней,2026-08-07T01:31:32Z,2026-08-16T03:00:00Z,217.5,15.1,10.1,7.6,5.0,5.0
5-10 дней,2026-08-07T01:31:32Z,2026-08-16T06:00:00Z,220.5,18.8,12.3,8.6,6.5,6.5
5-10 дней,2026-08-07T01:31:32Z,2026-08-16T09:00:00Z,223.5,21.6,14.3,10.9,7.3,7.3
5-10 дней,2026-08-07T01:31:32Z,2026-08-16T12:00:00Z,226.5,23.1,16.0,13.4,7.1,7.1
5-10 дней,2026-08-07T01:31:32Z,2026-08-16T15:00:00Z,229.5,21.1,16.2,13.0,4.9,4.9
5-10 дней,2026-08-07T01:31:32Z,2026-08-16T18:00:00Z,232.5,18.1,11.2,12.2,6.9,6.9
5-10 дней,2026-08-07T01:31:32Z,2026-08-16T21:00:00Z,235.5,15.6,9.4,11.3,6.2,6.2
5-10 дней,2026-08-07T05:36:00Z,2026-08-12T06:00:00Z,120.4,12.8,14.7,19.4,-1.9,1.9
5-10 дней,2026-08-07T05:36:00Z,2026-08-12T09:00:00Z,123.4,15.1,15.2,23.5,-0.1,0.1
5-10 дней,2026-08-07T05:36:00Z,2026-08-12T12:00:00Z,126.4,15.4,11.9,24.1,3.5,3.5
5-10 дней,2026-08-07T05:36:00Z,2026-08-12T15:00:00Z,129.4,13.8,10.7,19.2,3.1,3.1
5-10 дней,2026-08-07T05:36:00Z,2026-08-12T18:00:00Z,132.4,11.6,9.3,16.8,2.3,2.3
5-10 дней,2026-08-07T05:36:00Z,2026-08-12T21:00:00Z,135.4,15.0,8.4,16.3,6.6,6.6
5-10 дней,2026-08-07T05:36:00Z,2026-08-13T00:00:00Z,138.4,14.6,8.4,15.2,6.2,6.2
5-10 дней,2026-08-07T05:36:00Z,2026-08-13T03:00:00Z,141.4,14.2,8.4,14.5,5.8,5.8
5-10 дней,2026-08-07T05:36:00Z,2026-08-13T06:00:00Z,144.4,14.0,8.2,14.7,5.8,5.8
5-10 дней,2026-08-07T05:36:00Z,2026-08-13T09:00:00Z,147.4,14.0,8.3,15.2,5.7,5.7
5-10 дней,2026-08-07T05:36:00Z,2026-08-13T12:00:00Z,150.4,13.9,7.7,11.9,6.2,6.2
5-10 дней,2026-08-07T05:36:00Z,2026-08-13T15:00:00Z,153.4,13.5,7.3,10.7,6.2,6.2
5-10 дней,2026-08-07T05:36:00Z,2026-08-13T18:00:00Z,156.4,12.6,6.9,9.3,5.7,5.7
5-10 дней,2026-08-07T05:36:00Z,2026-08-13T21:00:00Z,159.4,10.4,7.1,8.4,3.3,3.3
5-10 дней,2026-08-07T05:36:00Z,2026-08-14T00:00:00Z,162.4,8.9,7.3,8.4,1.6,1.6
5-10 дней,2026-08-07T05:36:00Z,2026-08-14T03:00:00Z,165.4,10.3,7.4,8.4,2.9,2.9
5-10 дней,2026-08-07T05:36:00Z,2026-08-14T06:00:00Z,168.4,12.8,8.3,8.2,4.5,4.5
5-10 дней,2026-08-07T05:36:00Z,2026-08-14T09:00:00Z,171.4,15.6,9.1,8.3,6.5,6.5
5-10 дней,2026-08-07T05:36:00Z,2026-08-14T12:00:00Z,174.4,17.5,10.0,7.7,7.5,7.5
5-10 дней,2026-08-07T05:36:00Z,2026-08-14T15:00:00Z,177.4,15.7,10.6,7.3,5.1,5.1
5-10 дней,2026-08-07T05:36:00Z,2026-08-14T18:00:00Z,180.4,13.0,8.7,6.9,4.3,4.3
5-10 дней,2026-08-07T05:36:00Z,2026-08-14T21:00:00Z,183.4,11.6,8.0,7.1,3.6,3.6
5-10 дней,2026-08-07T05:36:00Z,2026-08-15T00:00:00Z,186.4,11.3,6.3,7.3,5.0,5.0
5-10 дней,2026-08-07T05:36:00Z,2026-08-15T03:00:00Z,189.4,13.5,7.6,7.4,5.9,5.9
5-10 дней,2026-08-07T05:36:00Z,2026-08-15T06:00:00Z,192.4,16.4,8.6,8.3,7.8,7.8
5-10 дней,2026-08-07T05:36:00Z,2026-08-15T09:00:00Z,195.4,19.0,10.9,9.1,8.1,8.1
5-10 дней,2026-08-07T05:36:00Z,2026-08-15T12:00:00Z,198.4,20.3,13.4,10.0,6.9,6.9
5-10 дней,2026-08-07T05:36:00Z,2026-08-15T15:00:00Z,201.4,18.4,13.0,10.6,5.4,5.4
5-10 дней,2026-08-07T05:36:00Z,2026-08-15T18:00:00Z,204.4,15.5,12.2,8.7,3.3,3.3
5-10 дней,2026-08-07T05:36:00Z,2026-08-15T21:00:00Z,207.4,13.3,11.3,8.0,2.0,2.0
5-10 дней,2026-08-07T05:36:00Z,2026-08-16T00:00:00Z,210.4,12.4,10.8,6.3,1.6,1.6
5-10 дней,2026-08-07T05:36:00Z,2026-08-16T03:00:00Z,213.4,15.1,10.1,7.6,5.0,5.0
5-10 дней,2026-08-07T05:36:00Z,2026-08-16T06:00:00Z,216.4,18.8,12.3,8.6,6.5,6.5
5-10 дней,2026-08-07T05:36:00Z,2026-08-16T09:00:00Z,219.4,21.6,14.3,10.9,7.3,7.3
5-10 дней,2026-08-07T05:36:00Z,2026-08-16T12:00:00Z,222.4,23.1,16.0,13.4,7.1,7.1
5-10 дней,2026-08-07T05:36:00Z,2026-08-16T15:00:00Z,225.4,21.1,16.2,13.0,4.9,4.9
5-10 дней,2026-08-07T05:36:00Z,2026-08-16T18:00:00Z,228.4,18.1,11.2,12.2,6.9,6.9
5-10 дней,2026-08-07T05:36:00Z,2026-08-16T21:00:00Z,231.4,15.6,9.4,11.3,6.2,6.2
5-10 дней,2026-08-07T06:18:59Z,2026-08-12T09:00:00Z,122.7,15.1,15.2,23.5,-0.1,0.1
5-10 дней,2026-08-07T06:18:59Z,2026-08-12T12:00:00Z,125.7,15.4,11.9,24.1,3.5,3.5
5-10 дней,2026-08-07T06:18:59Z,2026-08-12T15:00:00Z,128.7,13.8,10.7,19.2,3.1,3.1
5-10 дней,2026-08-07T06:18:59Z,2026-08-12T18:00:00Z,131.7,11.6,9.3,16.8,2.3,2.3
5-10 дней,2026-08-07T06:18:59Z,2026-08-12T21:00:00Z,134.7,15.0,8.4,16.3,6.6,6.6
5-10 дней,2026-08-07T06:18:59Z,2026-08-13T00:00:00Z,137.7,14.6,8.4,15.2,6.2,6.2
5-10 дней,2026-08-07T06:18:59Z,2026-08-13T03:00:00Z,140.7,14.2,8.4,14.5,5.8,5.8
5-10 дней,2026-08-07T06:18:59Z,2026-08-13T06:00:00Z,143.7,14.0,8.2,14.7,5.8,5.8
5-10 дней,2026-08-07T06:18:59Z,2026-08-13T09:00:00Z,146.7,14.0,8.3,15.2,5.7,5.7
5-10 дней,2026-08-07T06:18:59Z,2026-08-13T12:00:00Z,149.7,13.9,7.7,11.9,6.2,6.2
5-10 дней,2026-08-07T06:18:59Z,2026-08-13T15:00:00Z,152.7,13.5,7.3,10.7,6.2,6.2
5-10 дней,2026-08-07T06:18:59Z,2026-08-13T18:00:00Z,155.7,12.6,6.9,9.3,5.7,5.7
5-10 дней,2026-08-07T06:18:59Z,2026-08-13T21:00:00Z,158.7,10.4,7.1,8.4,3.3,3.3
5-10 дней,2026-08-07T06:18:59Z,2026-08-14T00:00:00Z,161.7,8.9,7.3,8.4,1.6,1.6
5-10 дней,2026-08-07T06:18:59Z,2026-08-14T03:00:00Z,164.7,10.3,7.4,8.4,2.9,2.9
5-10 дней,2026-08-07T06:18:59Z,2026-08-14T06:00:00Z,167.7,12.8,8.3,8.2,4.5,4.5
5-10 дней,2026-08-07T06:18:59Z,2026-08-14T09:00:00Z,170.7,15.6,9.1,8.3,6.5,6.5
5-10 дней,2026-08-07T06:18:59Z,2026-08-14T12:00:00Z,173.7,17.5,10.0,7.7,7.5,7.5
5-10 дней,2026-08-07T06:18:59Z,2026-08-14T15:00:00Z,176.7,15.7,10.6,7.3,5.1,5.1
5-10 дней,2026-08-07T06:18:59Z,2026-08-14T18:00:00Z,179.7,13.0,8.7,6.9,4.3,4.3
5-10 дней,2026-08-07T06:18:59Z,2026-08-14T21:00:00Z,182.7,11.6,8.0,7.1,3.6,3.6
5-10 дней,2026-08-07T06:18:59Z,2026-08-15T00:00:00Z,185.7,11.3,6.3,7.3,5.0,5.0
5-10 дней,2026-08-07T06:18:59Z,2026-08-15T03:00:00Z,188.7,13.5,7.6,7.4,5.9,5.9
5-10 дней,2026-08-07T06:18:59Z,2026-08-15T06:00:00Z,191.7,16.4,8.6,8.3,7.8,7.8
5-10 дней,2026-08-07T06:18:59Z,2026-08-15T09:00:00Z,194.7,19.0,10.9,9.1,8.1,8.1
5-10 дней,2026-08-07T06:18:59Z,2026-08-15T12:00:00Z,197.7,20.3,13.4,10.0,6.9,6.9
5-10 дней,2026-08-07T06:18:59Z,2026-08-15T15:00:00Z,200.7,18.4,13.0,10.6,5.4,5.4
5-10 дней,2026-08-07T06:18:59Z,2026-08-15T18:00:00Z,203.7,15.5,12.2,8.7,3.3,3.3
5-10 дней,2026-08-07T06:18:59Z,2026-08-15T21:00:00Z,206.7,13.3,11.3,8.0,2.0,2.0
5-10 дней,2026-08-07T06:18:59Z,2026-08-16T00:00:00Z,209.7,12.4,10.8,6.3,1.6,1.6
5-10 дней,2026-08-07T06:18:59Z,2026-08-16T03:00:00Z,212.7,15.1,10.1,7.6,5.0,5.0
5-10 дней,2026-08-07T06:18:59Z,2026-08-16T06:00:00Z,215.7,18.8,12.3,8.6,6.5,6.5
5-10 дней,2026-08-07T06:18:59Z,2026-08-16T09:00:00Z,218.7,21.6,14.3,10.9,7.3,7.3
5-10 дней,2026-08-07T06:18:59Z,2026-08-16T12:00:00Z,221.7,23.1,16.0,13.4,7.1,7.1
5-10 дней,2026-08-07T06:18:59Z,2026-08-16T15:00:00Z,224.7,21.1,16.2,13.0,4.9,4.9
5-10 дней,2026-08-07T06:18:59Z,2026-08-16T18:00:00Z,227.7,18.1,11.2,12.2,6.9,6.9
5-10 дней,2026-08-07T06:18:59Z,2026-08-16T21:00:00Z,230.7,15.6,9.4,11.3,6.2,6.2
5-10 дней,2026-08-07T07:13:52Z,2026-08-12T09:00:00Z,121.8,15.1,15.2,23.5,-0.1,0.1
5-10 дней,2026-08-07T07:13:52Z,2026-08-12T12:00:00Z,124.8,15.4,11.9,24.1,3.5,3.5
5-10 дней,2026-08-07T07:13:52Z,2026-08-12T15:00:00Z,127.8,13.8,10.7,19.2,3.1,3.1
5-10 дней,2026-08-07T07:13:52Z,2026-08-12T18:00:00Z,130.8,11.6,9.3,16.8,2.3,2.3
5-10 дней,2026-08-07T07:13:52Z,2026-08-12T21:00:00Z,133.8,15.0,8.4,16.3,6.6,6.6
5-10 дней,2026-08-07T07:13:52Z,2026-08-13T00:00:00Z,136.8,14.6,8.4,15.2,6.2,6.2
5-10 дней,2026-08-07T07:13:52Z,2026-08-13T03:00:00Z,139.8,14.2,8.4,14.5,5.8,5.8
5-10 дней,2026-08-07T07:13:52Z,2026-08-13T06:00:00Z,142.8,14.0,8.2,14.7,5.8,5.8
5-10 дней,2026-08-07T07:13:52Z,2026-08-13T09:00:00Z,145.8,14.0,8.3,15.2,5.7,5.7
5-10 дней,2026-08-07T07:13:52Z,2026-08-13T12:00:00Z,148.8,13.9,7.7,11.9,6.2,6.2
5-10 дней,2026-08-07T07:13:52Z,2026-08-13T15:00:00Z,151.8,13.5,7.3,10.7,6.2,6.2
5-10 дней,2026-08-07T07:13:52Z,2026-08-13T18:00:00Z,154.8,12.6,6.9,9.3,5.7,5.7
5-10 дней,2026-08-07T07:13:52Z,2026-08-13T21:00:00Z,157.8,10.4,7.1,8.4,3.3,3.3
5-10 дней,2026-08-07T07:13:52Z,2026-08-14T00:00:00Z,160.8,8.9,7.3,8.4,1.6,1.6
5-10 дней,2026-08-07T07:13:52Z,2026-08-14T03:00:00Z,163.8,10.3,7.4,8.4,2.9,2.9
5-10 дней,2026-08-07T07:13:52Z,2026-08-14T06:00:00Z,166.8,12.8,8.3,8.2,4.5,4.5
5-10 дней,2026-08-07T07:13:52Z,2026-08-14T09:00:00Z,169.8,15.6,9.1,8.3,6.5,6.5
5-10 дней,2026-08-07T07:13:52Z,2026-08-14T12:00:00Z,172.8,17.5,10.0,7.7,7.5,7.5
5-10 дней,2026-08-07T07:13:52Z,2026-08-14T15:00:00Z,175.8,15.7,10.6,7.3,5.1,5.1
5-10 дней,2026-08-07T07:13:52Z,2026-08-14T18:00:00Z,178.8,13.0,8.7,6.9,4.3,4.3
5-10 дней,2026-08-07T07:13:52Z,2026-08-14T21:00:00Z,181.8,11.6,8.0,7.1,3.6,3.6
5-10 дней,2026-08-07T07:13:52Z,2026-08-15T00:00:00Z,184.8,11.3,6.3,7.3,5.0,5.0
5-10 дней,2026-08-07T07:13:52Z,2026-08-15T03:00:00Z,187.8,13.5,7.6,7.4,5.9,5.9
5-10 дней,2026-08-07T07:13:52Z,2026-08-15T06:00:00Z,190.8,16.4,8.6,8.3,7.8,7.8
5-10 дней,2026-08-07T07:13:52Z,2026-08-15T09:00:00Z,193.8,19.0,10.9,9.1,8.1,8.1
5-10 дней,2026-08-07T07:13:52Z,2026-08-15T12:00:00Z,196.8,20.3,13.4,10.0,6.9,6.9
5-10 дней,2026-08-07T07:13:52Z,2026-08-15T15:00:00Z,199.8,18.4,13.0,10.6,5.4,5.4
5-10 дней,2026-08-07T07:13:52Z,2026-08-15T18:00:00Z,202.8,15.5,12.2,8.7,3.3,3.3
5-10 дней,2026-08-07T07:13:52Z,2026-08-15T21:00:00Z,205.8,13.3,11.3,8.0,2.0,2.0
5-10 дней,2026-08-07T07:13:52Z,2026-08-16T00:00:00Z,208.8,12.4,10.8,6.3,1.6,1.6
5-10 дней,2026-08-07T07:13:52Z,2026-08-16T03:00:00Z,211.8,15.1,10.1,7.6,5.0,5.0
5-10 дней,2026-08-07T07:13:52Z,2026-08-16T06:00:00Z,214.8,18.8,12.3,8.6,6.5,6.5
5-10 дней,2026-08-07T07:13:52Z,2026-08-16T09:00:00Z,217.8,21.6,14.3,10.9,7.3,7.3
5-10 дней,2026-08-07T07:13:52Z,2026-08-16T12:00:00Z,220.8,23.1,16.0,13.4,7.1,7.1
5-10 дней,2026-08-07T07:13:52Z,2026-08-16T15:00:00Z,223.8,21.1,16.2,13.0,4.9,4.9
5-10 дней,2026-08-07T07:13:52Z,2026-08-16T18:00:00Z,226.8,18.1,11.2,12.2,6.9,6.9
5-10 дней,2026-08-07T07:13:52Z,2026-08-16T21:00:00Z,229.8,15.6,9.4,11.3,6.2,6.2
5-10 дней,2026-08-07T10:39:14Z,2026-08-12T12:00:00Z,121.3,13.2,11.9,24.1,1.3,1.3
5-10 дней,2026-08-07T10:39:14Z,2026-08-12T15:00:00Z,124.3,11.8,10.7,19.2,1.1,1.1
5-10 дней,2026-08-07T10:39:14Z,2026-08-12T18:00:00Z,127.3,10.0,9.3,16.8,0.7,0.7
5-10 дней,2026-08-07T10:39:14Z,2026-08-12T21:00:00Z,130.3,8.7,8.4,16.3,0.3,0.3
5-10 дней,2026-08-07T10:39:14Z,2026-08-13T00:00:00Z,133.3,7.9,8.4,15.2,-0.5,0.5
5-10 дней,2026-08-07T10:39:14Z,2026-08-13T03:00:00Z,136.3,9.7,8.4,14.5,1.3,1.3
5-10 дней,2026-08-07T10:39:14Z,2026-08-13T06:00:00Z,139.3,12.0,8.2,14.7,3.8,3.8
5-10 дней,2026-08-07T10:39:14Z,2026-08-13T09:00:00Z,142.3,13.5,8.3,15.2,5.2,5.2
5-10 дней,2026-08-07T10:39:14Z,2026-08-13T12:00:00Z,145.3,14.0,7.7,11.9,6.3,6.3
5-10 дней,2026-08-07T10:39:14Z,2026-08-13T15:00:00Z,148.3,12.1,7.3,10.7,4.8,4.8
5-10 дней,2026-08-07T10:39:14Z,2026-08-13T18:00:00Z,151.3,9.6,6.9,9.3,2.7,2.7
5-10 дней,2026-08-07T10:39:14Z,2026-08-13T21:00:00Z,154.3,7.7,7.1,8.4,0.6,0.6
5-10 дней,2026-08-07T10:39:14Z,2026-08-14T00:00:00Z,157.3,7.1,7.3,8.4,-0.2,0.2
5-10 дней,2026-08-07T10:39:14Z,2026-08-14T03:00:00Z,160.3,10.1,7.4,8.4,2.7,2.7
5-10 дней,2026-08-07T10:39:14Z,2026-08-14T06:00:00Z,163.3,13.7,8.3,8.2,5.4,5.4
5-10 дней,2026-08-07T10:39:14Z,2026-08-14T09:00:00Z,166.3,15.6,9.1,8.3,6.5,6.5
5-10 дней,2026-08-07T10:39:14Z,2026-08-14T12:00:00Z,169.3,16.1,10.0,7.7,6.1,6.1
5-10 дней,2026-08-07T10:39:14Z,2026-08-14T15:00:00Z,172.3,14.4,10.6,7.3,3.8,3.8
5-10 дней,2026-08-07T10:39:14Z,2026-08-14T18:00:00Z,175.3,11.9,8.7,6.9,3.2,3.2
5-10 дней,2026-08-07T10:39:14Z,2026-08-14T21:00:00Z,178.3,9.5,8.0,7.1,1.5,1.5
5-10 дней,2026-08-07T10:39:14Z,2026-08-15T00:00:00Z,181.3,8.4,6.3,7.3,2.1,2.1
5-10 дней,2026-08-07T10:39:14Z,2026-08-15T03:00:00Z,184.3,11.2,7.6,7.4,3.6,3.6
5-10 дней,2026-08-07T10:39:14Z,2026-08-15T06:00:00Z,187.3,14.9,8.6,8.3,6.3,6.3
5-10 дней,2026-08-07T10:39:14Z,2026-08-15T09:00:00Z,190.3,17.4,10.9,9.1,6.5,6.5
5-10 дней,2026-08-07T10:39:14Z,2026-08-15T12:00:00Z,193.3,18.3,13.4,10.0,4.9,4.9
5-10 дней,2026-08-07T10:39:14Z,2026-08-15T15:00:00Z,196.3,15.9,13.0,10.6,2.9,2.9
5-10 дней,2026-08-07T10:39:14Z,2026-08-15T18:00:00Z,199.3,12.6,12.2,8.7,0.4,0.4
5-10 дней,2026-08-07T10:39:14Z,2026-08-15T21:00:00Z,202.3,10.5,11.3,8.0,-0.8,0.8
5-10 дней,2026-08-07T10:39:14Z,2026-08-16T00:00:00Z,205.3,9.6,10.8,6.3,-1.2,1.2
5-10 дней,2026-08-07T10:39:14Z,2026-08-16T03:00:00Z,208.3,11.4,10.1,7.6,1.3,1.3
5-10 дней,2026-08-07T10:39:14Z,2026-08-16T06:00:00Z,211.3,14.1,12.3,8.6,1.8,1.8
5-10 дней,2026-08-07T10:39:14Z,2026-08-16T09:00:00Z,214.3,16.9,14.3,10.9,2.6,2.6
5-10 дней,2026-08-07T10:39:14Z,2026-08-16T12:00:00Z,217.3,18.6,16.0,13.4,2.6,2.6
5-10 дней,2026-08-07T10:39:14Z,2026-08-16T15:00:00Z,220.3,16.8,16.2,13.0,0.6,0.6
5-10 дней,2026-08-07T10:39:14Z,2026-08-16T18:00:00Z,223.3,14.0,11.2,12.2,2.8,2.8
5-10 дней,2026-08-07T10:39:14Z,2026-08-16T21:00:00Z,226.3,11.7,9.4,11.3,2.3,2.3
5-10 дней,2026-08-07T16:51:54Z,2026-08-12T18:00:00Z,121.1,11.1,9.3,16.8,1.8,1.8
5-10 дней,2026-08-07T16:51:54Z,2026-08-12T21:00:00Z,124.1,10.0,8.4,16.3,1.6,1.6
5-10 дней,2026-08-07T16:51:54Z,2026-08-13T00:00:00Z,127.1,9.6,8.4,15.2,1.2,1.2
5-10 дней,2026-08-07T16:51:54Z,2026-08-13T03:00:00Z,130.1,9.6,8.4,14.5,1.2,1.2
5-10 дней,2026-08-07T16:51:54Z,2026-08-13T06:00:00Z,133.1,9.8,8.2,14.7,1.6,1.6
5-10 дней,2026-08-07T16:51:54Z,2026-08-13T09:00:00Z,136.1,13.5,8.3,15.2,5.2,5.2
5-10 дней,2026-08-07T16:51:54Z,2026-08-13T12:00:00Z,139.1,14.0,7.7,11.9,6.3,6.3
5-10 дней,2026-08-07T16:51:54Z,2026-08-13T15:00:00Z,142.1,12.1,7.3,10.7,4.8,4.8
5-10 дней,2026-08-07T16:51:54Z,2026-08-13T18:00:00Z,145.1,9.6,6.9,9.3,2.7,2.7
5-10 дней,2026-08-07T16:51:54Z,2026-08-13T21:00:00Z,148.1,7.7,7.1,8.4,0.6,0.6
5-10 дней,2026-08-07T16:51:54Z,2026-08-14T00:00:00Z,151.1,7.1,7.3,8.4,-0.2,0.2
5-10 дней,2026-08-07T16:51:54Z,2026-08-14T03:00:00Z,154.1,10.1,7.4,8.4,2.7,2.7
5-10 дней,2026-08-07T16:51:54Z,2026-08-14T06:00:00Z,157.1,13.7,8.3,8.2,5.4,5.4
5-10 дней,2026-08-07T16:51:54Z,2026-08-14T09:00:00Z,160.1,15.6,9.1,8.3,6.5,6.5
5-10 дней,2026-08-07T16:51:54Z,2026-08-14T12:00:00Z,163.1,16.1,10.0,7.7,6.1,6.1
5-10 дней,2026-08-07T16:51:54Z,2026-08-14T15:00:00Z,166.1,14.4,10.6,7.3,3.8,3.8
5-10 дней,2026-08-07T16:51:54Z,2026-08-14T18:00:00Z,169.1,11.9,8.7,6.9,3.2,3.2
5-10 дней,2026-08-07T16:51:54Z,2026-08-14T21:00:00Z,172.1,9.5,8.0,7.1,1.5,1.5
5-10 дней,2026-08-07T16:51:54Z,2026-08-15T00:00:00Z,175.1,8.4,6.3,7.3,2.1,2.1
5-10 дней,2026-08-07T16:51:54Z,2026-08-15T03:00:00Z,178.1,11.2,7.6,7.4,3.6,3.6
5-10 дней,2026-08-07T16:51:54Z,2026-08-15T06:00:00Z,181.1,14.9,8.6,8.3,6.3,6.3
5-10 дней,2026-08-07T16:51:54Z,2026-08-15T09:00:00Z,184.1,17.4,10.9,9.1,6.5,6.5
5-10 дней,2026-08-07T16:51:54Z,2026-08-15T12:00:00Z,187.1,18.3,13.4,10.0,4.9,4.9
5-10 дней,2026-08-07T16:51:54Z,2026-08-15T15:00:00Z,190.1,15.9,13.0,10.6,2.9,2.9
5-10 дней,2026-08-07T16:51:54Z,2026-08-15T18:00:00Z,193.1,12.6,12.2,8.7,0.4,0.4
5-10 дней,2026-08-07T16:51:54Z,2026-08-15T21:00:00Z,196.1,10.5,11.3,8.0,-0.8,0.8
5-10 дней,2026-08-07T16:51:54Z,2026-08-16T00:00:00Z,199.1,9.6,10.8,6.3,-1.2,1.2
5-10 дней,2026-08-07T16:51:54Z,2026-08-16T03:00:00Z,202.1,11.4,10.1,7.6,1.3,1.3
5-10 дней,2026-08-07T16:51:54Z,2026-08-16T06:00:00Z,205.1,14.1,12.3,8.6,1.8,1.8
5-10 дней,2026-08-07T16:51:54Z,2026-08-16T09:00:00Z,208.1,16.9,14.3,10.9,2.6,2.6
5-10 дней,2026-08-07T16:51:54Z,2026-08-16T12:00:00Z,211.1,18.6,16.0,13.4,2.6,2.6
5-10 дней,2026-08-07T16:51:54Z,2026-08-16T15:00:00Z,214.1,16.8,16.2,13.0,0.6,0.6
5-10 дней,2026-08-07T16:51:54Z,2026-08-16T18:00:00Z,217.1,14.0,11.2,12.2,2.8,2.8
5-10 дней,2026-08-07T16:51:54Z,2026-08-16T21:00:00Z,220.1,11.7,9.4,11.3,2.3,2.3
5-10 дней,2026-08-07T22:45:57Z,2026-08-13T00:00:00Z,121.2,10.1,8.4,15.2,1.7,1.7
5-10 дней,2026-08-07T22:45:57Z,2026-08-13T03:00:00Z,124.2,9.8,8.4,14.5,1.4,1.4
5-10 дней,2026-08-07T22:45:57Z,2026-08-13T06:00:00Z,127.2,10.2,8.2,14.7,2.0,2.0
5-10 дней,2026-08-07T22:45:57Z,2026-08-13T09:00:00Z,130.2,11.5,8.3,15.2,3.2,3.2
5-10 дней,2026-08-07T22:45:57Z,2026-08-13T12:00:00Z,133.2,11.1,7.7,11.9,3.4,3.4
5-10 дней,2026-08-07T22:45:57Z,2026-08-13T15:00:00Z,136.2,10.8,7.3,10.7,3.5,3.5
5-10 дней,2026-08-07T22:45:57Z,2026-08-13T18:00:00Z,139.2,10.4,6.9,9.3,3.5,3.5
5-10 дней,2026-08-07T22:45:57Z,2026-08-13T21:00:00Z,142.2,10.1,7.1,8.4,3.0,3.0
5-10 дней,2026-08-07T22:45:57Z,2026-08-14T00:00:00Z,145.2,10.2,7.3,8.4,2.9,2.9
5-10 дней,2026-08-07T22:45:57Z,2026-08-14T03:00:00Z,148.2,10.9,7.4,8.4,3.5,3.5
5-10 дней,2026-08-07T22:45:57Z,2026-08-14T06:00:00Z,151.2,12.1,8.3,8.2,3.8,3.8
5-10 дней,2026-08-07T22:45:57Z,2026-08-14T09:00:00Z,154.2,14.7,9.1,8.3,5.6,5.6
5-10 дней,2026-08-07T22:45:57Z,2026-08-14T12:00:00Z,157.2,16.5,10.0,7.7,6.5,6.5
5-10 дней,2026-08-07T22:45:57Z,2026-08-14T15:00:00Z,160.2,14.5,10.6,7.3,3.9,3.9
5-10 дней,2026-08-07T22:45:57Z,2026-08-14T18:00:00Z,163.2,12.0,8.7,6.9,3.3,3.3
5-10 дней,2026-08-07T22:45:57Z,2026-08-14T21:00:00Z,166.2,11.5,8.0,7.1,3.5,3.5
5-10 дней,2026-08-07T22:45:57Z,2026-08-15T00:00:00Z,169.2,12.0,6.3,7.3,5.7,5.7
5-10 дней,2026-08-07T22:45:57Z,2026-08-15T03:00:00Z,172.2,13.3,7.6,7.4,5.7,5.7
5-10 дней,2026-08-07T22:45:57Z,2026-08-15T06:00:00Z,175.2,14.9,8.6,8.3,6.3,6.3
5-10 дней,2026-08-07T22:45:57Z,2026-08-15T09:00:00Z,178.2,16.4,10.9,9.1,5.5,5.5
5-10 дней,2026-08-07T22:45:57Z,2026-08-15T12:00:00Z,181.2,17.2,13.4,10.0,3.8,3.8
5-10 дней,2026-08-07T22:45:57Z,2026-08-15T15:00:00Z,184.2,16.2,13.0,10.6,3.2,3.2
5-10 дней,2026-08-07T22:45:57Z,2026-08-15T18:00:00Z,187.2,14.5,12.2,8.7,2.3,2.3
5-10 дней,2026-08-07T22:45:57Z,2026-08-15T21:00:00Z,190.2,13.1,11.3,8.0,1.8,1.8
5-10 дней,2026-08-07T22:45:57Z,2026-08-16T00:00:00Z,193.2,12.2,10.8,6.3,1.4,1.4
5-10 дней,2026-08-07T22:45:57Z,2026-08-16T03:00:00Z,196.2,12.8,10.1,7.6,2.7,2.7
5-10 дней,2026-08-07T22:45:57Z,2026-08-16T06:00:00Z,199.2,14.0,12.3,8.6,1.7,1.7
5-10 дней,2026-08-07T22:45:57Z,2026-08-16T09:00:00Z,202.2,15.5,14.3,10.9,1.2,1.2
5-10 дней,2026-08-07T22:45:57Z,2026-08-16T12:00:00Z,205.2,16.4,16.0,13.4,0.4,0.4
5-10 дней,2026-08-07T22:45:57Z,2026-08-16T15:00:00Z,208.2,15.6,16.2,13.0,-0.6,0.6
5-10 дней,2026-08-07T22:45:57Z,2026-08-16T18:00:00Z,211.2,14.4,11.2,12.2,3.2,3.2
5-10 дней,2026-08-07T22:45:57Z,2026-08-16T21:00:00Z,214.2,13.5,9.4,11.3,4.1,4.1
5-10 дней,2026-08-07T23:19:23Z,2026-08-13T00:00:00Z,120.7,10.1,8.4,15.2,1.7,1.7
5-10 дней,2026-08-07T23:19:23Z,2026-08-13T03:00:00Z,123.7,9.8,8.4,14.5,1.4,1.4
5-10 дней,2026-08-07T23:19:23Z,2026-08-13T06:00:00Z,126.7,10.2,8.2,14.7,2.0,2.0
5-10 дней,2026-08-07T23:19:23Z,2026-08-13T09:00:00Z,129.7,11.5,8.3,15.2,3.2,3.2
5-10 дней,2026-08-07T23:19:23Z,2026-08-13T12:00:00Z,132.7,11.1,7.7,11.9,3.4,3.4
5-10 дней,2026-08-07T23:19:23Z,2026-08-13T15:00:00Z,135.7,10.8,7.3,10.7,3.5,3.5
5-10 дней,2026-08-07T23:19:23Z,2026-08-13T18:00:00Z,138.7,10.4,6.9,9.3,3.5,3.5
5-10 дней,2026-08-07T23:19:23Z,2026-08-13T21:00:00Z,141.7,10.1,7.1,8.4,3.0,3.0
5-10 дней,2026-08-07T23:19:23Z,2026-08-14T00:00:00Z,144.7,10.2,7.3,8.4,2.9,2.9
5-10 дней,2026-08-07T23:19:23Z,2026-08-14T03:00:00Z,147.7,10.9,7.4,8.4,3.5,3.5
5-10 дней,2026-08-07T23:19:23Z,2026-08-14T06:00:00Z,150.7,12.1,8.3,8.2,3.8,3.8
5-10 дней,2026-08-07T23:19:23Z,2026-08-14T09:00:00Z,153.7,14.7,9.1,8.3,5.6,5.6
5-10 дней,2026-08-07T23:19:23Z,2026-08-14T12:00:00Z,156.7,16.5,10.0,7.7,6.5,6.5
5-10 дней,2026-08-07T23:19:23Z,2026-08-14T15:00:00Z,159.7,14.5,10.6,7.3,3.9,3.9
5-10 дней,2026-08-07T23:19:23Z,2026-08-14T18:00:00Z,162.7,12.0,8.7,6.9,3.3,3.3
5-10 дней,2026-08-07T23:19:23Z,2026-08-14T21:00:00Z,165.7,11.5,8.0,7.1,3.5,3.5
5-10 дней,2026-08-07T23:19:23Z,2026-08-15T00:00:00Z,168.7,12.0,6.3,7.3,5.7,5.7
5-10 дней,2026-08-07T23:19:23Z,2026-08-15T03:00:00Z,171.7,13.3,7.6,7.4,5.7,5.7
5-10 дней,2026-08-07T23:19:23Z,2026-08-15T06:00:00Z,174.7,14.9,8.6,8.3,6.3,6.3
5-10 дней,2026-08-07T23:19:23Z,2026-08-15T09:00:00Z,177.7,16.4,10.9,9.1,5.5,5.5
5-10 дней,2026-08-07T23:19:23Z,2026-08-15T12:00:00Z,180.7,17.2,13.4,10.0,3.8,3.8
5-10 дней,2026-08-07T23:19:23Z,2026-08-15T15:00:00Z,183.7,16.2,13.0,10.6,3.2,3.2
5-10 дней,2026-08-07T23:19:23Z,2026-08-15T18:00:00Z,186.7,14.5,12.2,8.7,2.3,2.3
5-10 дней,2026-08-07T23:19:23Z,2026-08-15T21:00:00Z,189.7,13.1,11.3,8.0,1.8,1.8
5-10 дней,2026-08-07T23:19:23Z,2026-08-16T00:00:00Z,192.7,12.2,10.8,6.3,1.4,1.4
5-10 дней,2026-08-07T23:19:23Z,2026-08-16T03:00:00Z,195.7,12.8,10.1,7.6,2.7,2.7
5-10 дней,2026-08-07T23:19:23Z,2026-08-16T06:00:00Z,198.7,14.0,12.3,8.6,1.7,1.7
5-10 дней,2026-08-07T23:19:23Z,2026-08-16T09:00:00Z,201.7,15.5,14.3,10.9,1.2,1.2
5-10 дней,2026-08-07T23:19:23Z,2026-08-16T12:00:00Z,204.7,16.4,16.0,13.4,0.4,0.4
5-10 дней,2026-08-07T23:19:23Z,2026-08-16T15:00:00Z,207.7,15.6,16.2,13.0,-0.6,0.6
5-10 дней,2026-08-07T23:19:23Z,2026-08-16T18:00:00Z,210.7,14.4,11.2,12.2,3.2,3.2
5-10 дней,2026-08-07T23:19:23Z,2026-08-16T21:00:00Z,213.7,13.5,9.4,11.3,4.1,4.1
5-10 дней,2026-08-08T04:50:53Z,2026-08-13T06:00:00Z,121.2,9.7,8.2,14.7,1.5,1.5
5-10 дней,2026-08-08T04:50:53Z,2026-08-13T09:00:00Z,124.2,9.9,8.3,15.2,1.6,1.6
5-10 дней,2026-08-08T04:50:53Z,2026-08-13T12:00:00Z,127.2,9.1,7.7,11.9,1.4,1.4
5-10 дней,2026-08-08T04:50:53Z,2026-08-13T15:00:00Z,130.2,8.9,7.3,10.7,1.6,1.6
5-10 дней,2026-08-08T04:50:53Z,2026-08-13T18:00:00Z,133.2,8.6,6.9,9.3,1.7,1.7
5-10 дней,2026-08-08T04:50:53Z,2026-08-13T21:00:00Z,136.2,10.1,7.1,8.4,3.0,3.0
5-10 дней,2026-08-08T04:50:53Z,2026-08-14T00:00:00Z,139.2,10.2,7.3,8.4,2.9,2.9
5-10 дней,2026-08-08T04:50:53Z,2026-08-14T03:00:00Z,142.2,10.9,7.4,8.4,3.5,3.5
5-10 дней,2026-08-08T04:50:53Z,2026-08-14T06:00:00Z,145.2,12.1,8.3,8.2,3.8,3.8
5-10 дней,2026-08-08T04:50:53Z,2026-08-14T09:00:00Z,148.2,14.7,9.1,8.3,5.6,5.6
5-10 дней,2026-08-08T04:50:53Z,2026-08-14T12:00:00Z,151.2,16.5,10.0,7.7,6.5,6.5
5-10 дней,2026-08-08T04:50:53Z,2026-08-14T15:00:00Z,154.2,14.5,10.6,7.3,3.9,3.9
5-10 дней,2026-08-08T04:50:53Z,2026-08-14T18:00:00Z,157.2,12.0,8.7,6.9,3.3,3.3
5-10 дней,2026-08-08T04:50:53Z,2026-08-14T21:00:00Z,160.2,11.5,8.0,7.1,3.5,3.5
5-10 дней,2026-08-08T04:50:53Z,2026-08-15T00:00:00Z,163.2,12.0,6.3,7.3,5.7,5.7
5-10 дней,2026-08-08T04:50:53Z,2026-08-15T03:00:00Z,166.2,13.3,7.6,7.4,5.7,5.7
5-10 дней,2026-08-08T04:50:53Z,2026-08-15T06:00:00Z,169.2,14.9,8.6,8.3,6.3,6.3
5-10 дней,2026-08-08T04:50:53Z,2026-08-15T09:00:00Z,172.2,16.4,10.9,9.1,5.5,5.5
5-10 дней,2026-08-08T04:50:53Z,2026-08-15T12:00:00Z,175.2,17.2,13.4,10.0,3.8,3.8
5-10 дней,2026-08-08T04:50:53Z,2026-08-15T15:00:00Z,178.2,16.2,13.0,10.6,3.2,3.2
5-10 дней,2026-08-08T04:50:53Z,2026-08-15T18:00:00Z,181.2,14.5,12.2,8.7,2.3,2.3
5-10 дней,2026-08-08T04:50:53Z,2026-08-15T21:00:00Z,184.2,13.1,11.3,8.0,1.8,1.8
5-10 дней,2026-08-08T04:50:53Z,2026-08-16T00:00:00Z,187.2,12.2,10.8,6.3,1.4,1.4
5-10 дней,2026-08-08T04:50:53Z,2026-08-16T03:00:00Z,190.2,12.8,10.1,7.6,2.7,2.7
5-10 дней,2026-08-08T04:50:53Z,2026-08-16T06:00:00Z,193.2,14.0,12.3,8.6,1.7,1.7
5-10 дней,2026-08-08T04:50:53Z,2026-08-16T09:00:00Z,196.2,15.5,14.3,10.9,1.2,1.2
5-10 дней,2026-08-08T04:50:53Z,2026-08-16T12:00:00Z,199.2,16.4,16.0,13.4,0.4,0.4
5-10 дней,2026-08-08T04:50:53Z,2026-08-16T15:00:00Z,202.2,15.6,16.2,13.0,-0.6,0.6
5-10 дней,2026-08-08T04:50:53Z,2026-08-16T18:00:00Z,205.2,14.4,11.2,12.2,3.2,3.2
5-10 дней,2026-08-08T04:50:53Z,2026-08-16T21:00:00Z,208.2,13.5,9.4,11.3,4.1,4.1
5-10 дней,2026-08-08T04:50:53Z,2026-08-17T00:00:00Z,211.2,13.0,9.3,10.8,3.7,3.7
5-10 дней,2026-08-08T04:50:53Z,2026-08-17T03:00:00Z,214.2,13.4,9.1,10.1,4.3,4.3
5-10 дней,2026-08-08T04:50:53Z,2026-08-17T06:00:00Z,217.2,14.1,15.0,12.3,-0.9,0.9
5-10 дней,2026-08-08T04:50:53Z,2026-08-17T09:00:00Z,220.2,15.0,17.9,14.3,-2.9,2.9
5-10 дней,2026-08-08T04:50:53Z,2026-08-17T12:00:00Z,223.2,15.4,19.5,16.0,-4.1,4.1
5-10 дней,2026-08-08T04:50:53Z,2026-08-17T15:00:00Z,226.2,14.1,19.1,16.2,-5.0,5.0
5-10 дней,2026-08-08T04:50:53Z,2026-08-17T18:00:00Z,229.2,12.3,14.5,11.2,-2.2,2.2
5-10 дней,2026-08-08T04:50:53Z,2026-08-17T21:00:00Z,232.2,11.3,13.0,9.4,-1.7,1.7
5-10 дней,2026-08-08T10:18:13Z,2026-08-13T12:00:00Z,121.7,9.5,7.7,11.9,1.8,1.8
5-10 дней,2026-08-08T10:18:13Z,2026-08-13T15:00:00Z,124.7,8.8,7.3,10.7,1.5,1.5
5-10 дней,2026-08-08T10:18:13Z,2026-08-13T18:00:00Z,127.7,8.4,6.9,9.3,1.5,1.5
5-10 дней,2026-08-08T10:18:13Z,2026-08-13T21:00:00Z,130.7,8.7,7.1,8.4,1.6,1.6
5-10 дней,2026-08-08T10:18:13Z,2026-08-14T00:00:00Z,133.7,9.2,7.3,8.4,1.9,1.9
5-10 дней,2026-08-08T10:18:13Z,2026-08-14T03:00:00Z,136.7,9.7,7.4,8.4,2.3,2.3
5-10 дней,2026-08-08T10:18:13Z,2026-08-14T06:00:00Z,139.7,10.4,8.3,8.2,2.1,2.1
5-10 дней,2026-08-08T10:18:13Z,2026-08-14T09:00:00Z,142.7,12.2,9.1,8.3,3.1,3.1
5-10 дней,2026-08-08T10:18:13Z,2026-08-14T12:00:00Z,145.7,13.5,10.0,7.7,3.5,3.5
5-10 дней,2026-08-08T10:18:13Z,2026-08-14T15:00:00Z,148.7,12.6,10.6,7.3,2.0,2.0
5-10 дней,2026-08-08T10:18:13Z,2026-08-14T18:00:00Z,151.7,11.2,8.7,6.9,2.5,2.5
5-10 дней,2026-08-08T10:18:13Z,2026-08-14T21:00:00Z,154.7,10.0,8.0,7.1,2.0,2.0
5-10 дней,2026-08-08T10:18:13Z,2026-08-15T00:00:00Z,157.7,9.5,6.3,7.3,3.2,3.2
5-10 дней,2026-08-08T10:18:13Z,2026-08-15T03:00:00Z,160.7,10.5,7.6,7.4,2.9,2.9
5-10 дней,2026-08-08T10:18:13Z,2026-08-15T06:00:00Z,163.7,12.5,8.6,8.3,3.9,3.9
5-10 дней,2026-08-08T10:18:13Z,2026-08-15T09:00:00Z,166.7,15.5,10.9,9.1,4.6,4.6
5-10 дней,2026-08-08T10:18:13Z,2026-08-15T12:00:00Z,169.7,17.9,13.4,10.0,4.5,4.5
5-10 дней,2026-08-08T10:18:13Z,2026-08-15T15:00:00Z,172.7,17.0,13.0,10.6,4.0,4.0
5-10 дней,2026-08-08T10:18:13Z,2026-08-15T18:00:00Z,175.7,15.2,12.2,8.7,3.0,3.0
5-10 дней,2026-08-08T10:18:13Z,2026-08-15T21:00:00Z,178.7,13.8,11.3,8.0,2.5,2.5
5-10 дней,2026-08-08T10:18:13Z,2026-08-16T00:00:00Z,181.7,12.8,10.8,6.3,2.0,2.0
5-10 дней,2026-08-08T10:18:13Z,2026-08-16T03:00:00Z,184.7,12.8,10.1,7.6,2.7,2.7
5-10 дней,2026-08-08T10:18:13Z,2026-08-16T06:00:00Z,187.7,13.5,12.3,8.6,1.2,1.2
5-10 дней,2026-08-08T10:18:13Z,2026-08-16T09:00:00Z,190.7,15.2,14.3,10.9,0.9,0.9
5-10 дней,2026-08-08T10:18:13Z,2026-08-16T12:00:00Z,193.7,16.4,16.0,13.4,0.4,0.4
5-10 дней,2026-08-08T10:18:13Z,2026-08-16T15:00:00Z,196.7,15.4,16.2,13.0,-0.8,0.8
5-10 дней,2026-08-08T10:18:13Z,2026-08-16T18:00:00Z,199.7,13.9,11.2,12.2,2.7,2.7
5-10 дней,2026-08-08T10:18:13Z,2026-08-16T21:00:00Z,202.7,12.7,9.4,11.3,3.3,3.3
5-10 дней,2026-08-08T10:18:13Z,2026-08-17T00:00:00Z,205.7,12.2,9.3,10.8,2.9,2.9
5-10 дней,2026-08-08T10:18:13Z,2026-08-17T03:00:00Z,208.7,13.1,9.1,10.1,4.0,4.0
5-10 дней,2026-08-08T10:18:13Z,2026-08-17T06:00:00Z,211.7,14.7,15.0,12.3,-0.3,0.3
5-10 дней,2026-08-08T10:18:13Z,2026-08-17T09:00:00Z,214.7,16.7,17.9,14.3,-1.2,1.2
5-10 дней,2026-08-08T10:18:13Z,2026-08-17T12:00:00Z,217.7,18.0,19.5,16.0,-1.5,1.5
5-10 дней,2026-08-08T10:18:13Z,2026-08-17T15:00:00Z,220.7,17.1,19.1,16.2,-2.0,2.0
5-10 дней,2026-08-08T10:18:13Z,2026-08-17T18:00:00Z,223.7,15.6,14.5,11.2,1.1,1.1
5-10 дней,2026-08-08T10:18:13Z,2026-08-17T21:00:00Z,226.7,14.5,13.0,9.4,1.5,1.5
5-10 дней,2026-08-08T22:37:20Z,2026-08-14T00:00:00Z,121.4,9.1,7.3,8.4,1.8,1.8
5-10 дней,2026-08-08T22:37:20Z,2026-08-14T03:00:00Z,124.4,9.3,7.4,8.4,1.9,1.9
5-10 дней,2026-08-08T22:37:20Z,2026-08-14T06:00:00Z,127.4,10.3,8.3,8.2,2.0,2.0
5-10 дней,2026-08-08T22:37:20Z,2026-08-14T09:00:00Z,130.4,12.2,9.1,8.3,3.1,3.1
5-10 дней,2026-08-08T22:37:20Z,2026-08-14T12:00:00Z,133.4,13.7,10.0,7.7,3.7,3.7
5-10 дней,2026-08-08T22:37:20Z,2026-08-14T15:00:00Z,136.4,12.7,10.6,7.3,2.1,2.1
5-10 дней,2026-08-08T22:37:20Z,2026-08-14T18:00:00Z,139.4,11.4,8.7,6.9,2.7,2.7
5-10 дней,2026-08-08T22:37:20Z,2026-08-14T21:00:00Z,142.4,11.0,8.0,7.1,3.0,3.0
5-10 дней,2026-08-08T22:37:20Z,2026-08-15T00:00:00Z,145.4,11.3,6.3,7.3,5.0,5.0
5-10 дней,2026-08-08T22:37:20Z,2026-08-15T03:00:00Z,148.4,12.5,7.6,7.4,4.9,4.9
5-10 дней,2026-08-08T22:37:20Z,2026-08-15T06:00:00Z,151.4,14.3,8.6,8.3,5.7,5.7
5-10 дней,2026-08-08T22:37:20Z,2026-08-15T09:00:00Z,154.4,17.7,10.9,9.1,6.8,6.8
5-10 дней,2026-08-08T22:37:20Z,2026-08-15T12:00:00Z,157.4,20.1,13.4,10.0,6.7,6.7
5-10 дней,2026-08-08T22:37:20Z,2026-08-15T15:00:00Z,160.4,18.4,13.0,10.6,5.4,5.4
5-10 дней,2026-08-08T22:37:20Z,2026-08-15T18:00:00Z,163.4,15.4,12.2,8.7,3.2,3.2
5-10 дней,2026-08-08T22:37:20Z,2026-08-15T21:00:00Z,166.4,12.9,11.3,8.0,1.6,1.6
5-10 дней,2026-08-08T22:37:20Z,2026-08-16T00:00:00Z,169.4,11.4,10.8,6.3,0.6,0.6
5-10 дней,2026-08-08T22:37:20Z,2026-08-16T03:00:00Z,172.4,12.4,10.1,7.6,2.3,2.3
5-10 дней,2026-08-08T22:37:20Z,2026-08-16T06:00:00Z,175.4,14.6,12.3,8.6,2.3,2.3
5-10 дней,2026-08-08T22:37:20Z,2026-08-16T09:00:00Z,178.4,17.8,14.3,10.9,3.5,3.5
5-10 дней,2026-08-08T22:37:20Z,2026-08-16T12:00:00Z,181.4,20.1,16.0,13.4,4.1,4.1
5-10 дней,2026-08-08T22:37:20Z,2026-08-16T15:00:00Z,184.4,18.0,16.2,13.0,1.8,1.8
5-10 дней,2026-08-08T22:37:20Z,2026-08-16T18:00:00Z,187.4,15.1,11.2,12.2,3.9,3.9
5-10 дней,2026-08-08T22:37:20Z,2026-08-16T21:00:00Z,190.4,13.9,9.4,11.3,4.5,4.5
5-10 дней,2026-08-08T22:37:20Z,2026-08-17T00:00:00Z,193.4,13.7,9.3,10.8,4.4,4.4
5-10 дней,2026-08-08T22:37:20Z,2026-08-17T03:00:00Z,196.4,15.2,9.1,10.1,6.1,6.1
5-10 дней,2026-08-08T22:37:20Z,2026-08-17T06:00:00Z,199.4,17.3,15.0,12.3,2.3,2.3
5-10 дней,2026-08-08T22:37:20Z,2026-08-17T09:00:00Z,202.4,19.2,17.9,14.3,1.3,1.3
5-10 дней,2026-08-08T22:37:20Z,2026-08-17T12:00:00Z,205.4,20.1,19.5,16.0,0.6,0.6
5-10 дней,2026-08-08T22:37:20Z,2026-08-17T15:00:00Z,208.4,18.0,19.1,16.2,-1.1,1.1
5-10 дней,2026-08-08T22:37:20Z,2026-08-17T18:00:00Z,211.4,15.5,14.5,11.2,1.0,1.0
5-10 дней,2026-08-08T22:37:20Z,2026-08-17T21:00:00Z,214.4,14.2,13.0,9.4,1.2,1.2
5-10 дней,2026-08-09T04:59:03Z,2026-08-14T06:00:00Z,121.0,10.3,8.3,8.2,2.0,2.0
5-10 дней,2026-08-09T04:59:03Z,2026-08-14T09:00:00Z,124.0,13.9,9.1,8.3,4.8,4.8
5-10 дней,2026-08-09T04:59:03Z,2026-08-14T12:00:00Z,127.0,15.0,10.0,7.7,5.0,5.0
5-10 дней,2026-08-09T04:59:03Z,2026-08-14T15:00:00Z,130.0,13.4,10.6,7.3,2.8,2.8
5-10 дней,2026-08-09T04:59:03Z,2026-08-14T18:00:00Z,133.0,11.3,8.7,6.9,2.6,2.6
5-10 дней,2026-08-09T04:59:03Z,2026-08-14T21:00:00Z,136.0,11.0,8.0,7.1,3.0,3.0
5-10 дней,2026-08-09T04:59:03Z,2026-08-15T00:00:00Z,139.0,11.3,6.3,7.3,5.0,5.0
5-10 дней,2026-08-09T04:59:03Z,2026-08-15T03:00:00Z,142.0,12.5,7.6,7.4,4.9,4.9
5-10 дней,2026-08-09T04:59:03Z,2026-08-15T06:00:00Z,145.0,14.3,8.6,8.3,5.7,5.7
5-10 дней,2026-08-09T04:59:03Z,2026-08-15T09:00:00Z,148.0,17.7,10.9,9.1,6.8,6.8
5-10 дней,2026-08-09T04:59:03Z,2026-08-15T12:00:00Z,151.0,20.1,13.4,10.0,6.7,6.7
5-10 дней,2026-08-09T04:59:03Z,2026-08-15T15:00:00Z,154.0,18.4,13.0,10.6,5.4,5.4
5-10 дней,2026-08-09T04:59:03Z,2026-08-15T18:00:00Z,157.0,15.4,12.2,8.7,3.2,3.2
5-10 дней,2026-08-09T04:59:03Z,2026-08-15T21:00:00Z,160.0,12.9,11.3,8.0,1.6,1.6
5-10 дней,2026-08-09T04:59:03Z,2026-08-16T00:00:00Z,163.0,11.4,10.8,6.3,0.6,0.6
5-10 дней,2026-08-09T04:59:03Z,2026-08-16T03:00:00Z,166.0,12.4,10.1,7.6,2.3,2.3
5-10 дней,2026-08-09T04:59:03Z,2026-08-16T06:00:00Z,169.0,14.6,12.3,8.6,2.3,2.3
5-10 дней,2026-08-09T04:59:03Z,2026-08-16T09:00:00Z,172.0,17.8,14.3,10.9,3.5,3.5
5-10 дней,2026-08-09T04:59:03Z,2026-08-16T12:00:00Z,175.0,20.1,16.0,13.4,4.1,4.1
5-10 дней,2026-08-09T04:59:03Z,2026-08-16T15:00:00Z,178.0,18.0,16.2,13.0,1.8,1.8
5-10 дней,2026-08-09T04:59:03Z,2026-08-16T18:00:00Z,181.0,15.1,11.2,12.2,3.9,3.9
5-10 дней,2026-08-09T04:59:03Z,2026-08-16T21:00:00Z,184.0,13.9,9.4,11.3,4.5,4.5
5-10 дней,2026-08-09T04:59:03Z,2026-08-17T00:00:00Z,187.0,13.7,9.3,10.8,4.4,4.4
5-10 дней,2026-08-09T04:59:03Z,2026-08-17T03:00:00Z,190.0,15.2,9.1,10.1,6.1,6.1
5-10 дней,2026-08-09T04:59:03Z,2026-08-17T06:00:00Z,193.0,17.3,15.0,12.3,2.3,2.3
5-10 дней,2026-08-09T04:59:03Z,2026-08-17T09:00:00Z,196.0,19.2,17.9,14.3,1.3,1.3
5-10 дней,2026-08-09T04:59:03Z,2026-08-17T12:00:00Z,199.0,20.1,19.5,16.0,0.6,0.6
5-10 дней,2026-08-09T04:59:03Z,2026-08-17T15:00:00Z,202.0,18.0,19.1,16.2,-1.1,1.1
5-10 дней,2026-08-09T04:59:03Z,2026-08-17T18:00:00Z,205.0,15.5,14.5,11.2,1.0,1.0
5-10 дней,2026-08-09T04:59:03Z,2026-08-17T21:00:00Z,208.0,14.2,13.0,9.4,1.2,1.2
5-10 дней,2026-08-09T04:59:03Z,2026-08-18T00:00:00Z,211.0,14.0,13.0,9.3,1.0,1.0
5-10 дней,2026-08-09T04:59:03Z,2026-08-18T03:00:00Z,214.0,16.1,12.6,9.1,3.5,3.5
5-10 дней,2026-08-09T04:59:03Z,2026-08-18T06:00:00Z,217.0,18.9,15.4,15.0,3.5,3.5
5-10 дней,2026-08-09T04:59:03Z,2026-08-18T09:00:00Z,220.0,21.8,18.7,17.9,3.1,3.1
5-10 дней,2026-08-09T04:59:03Z,2026-08-18T12:00:00Z,223.0,23.3,18.5,19.5,4.8,4.8
5-10 дней,2026-08-09T04:59:03Z,2026-08-18T15:00:00Z,226.0,21.0,18.8,19.1,2.2,2.2
5-10 дней,2026-08-09T04:59:03Z,2026-08-18T18:00:00Z,229.0,17.6,14.0,14.5,3.6,3.6
5-10 дней,2026-08-09T04:59:03Z,2026-08-18T21:00:00Z,232.0,15.1,12.0,13.0,3.1,3.1
5-10 дней,2026-08-09T10:19:29Z,2026-08-14T12:00:00Z,121.7,17.0,10.0,7.7,7.0,7.0
5-10 дней,2026-08-09T10:19:29Z,2026-08-14T15:00:00Z,124.7,15.9,10.6,7.3,5.3,5.3
5-10 дней,2026-08-09T10:19:29Z,2026-08-14T18:00:00Z,127.7,11.5,8.7,6.9,2.8,2.8
5-10 дней,2026-08-09T10:19:29Z,2026-08-14T21:00:00Z,130.7,9.3,8.0,7.1,1.3,1.3
5-10 дней,2026-08-09T10:19:29Z,2026-08-15T00:00:00Z,133.7,7.9,6.3,7.3,1.6,1.6
5-10 дней,2026-08-09T10:19:29Z,2026-08-15T03:00:00Z,136.7,9.8,7.6,7.4,2.2,2.2
5-10 дней,2026-08-09T10:19:29Z,2026-08-15T06:00:00Z,139.7,12.5,8.6,8.3,3.9,3.9
5-10 дней,2026-08-09T10:19:29Z,2026-08-15T09:00:00Z,142.7,14.7,10.9,9.1,3.8,3.8
5-10 дней,2026-08-09T10:19:29Z,2026-08-15T12:00:00Z,145.7,16.0,13.4,10.0,2.6,2.6
5-10 дней,2026-08-09T10:19:29Z,2026-08-15T15:00:00Z,148.7,15.0,13.0,10.6,2.0,2.0
5-10 дней,2026-08-09T10:19:29Z,2026-08-15T18:00:00Z,151.7,13.4,12.2,8.7,1.2,1.2
5-10 дней,2026-08-09T10:19:29Z,2026-08-15T21:00:00Z,154.7,13.0,11.3,8.0,1.7,1.7
5-10 дней,2026-08-09T10:19:29Z,2026-08-16T00:00:00Z,157.7,13.2,10.8,6.3,2.4,2.4
5-10 дней,2026-08-09T10:19:29Z,2026-08-16T03:00:00Z,160.7,14.3,10.1,7.6,4.2,4.2
5-10 дней,2026-08-09T10:19:29Z,2026-08-16T06:00:00Z,163.7,15.9,12.3,8.6,3.6,3.6
5-10 дней,2026-08-09T10:19:29Z,2026-08-16T09:00:00Z,166.7,18.0,14.3,10.9,3.7,3.7
5-10 дней,2026-08-09T10:19:29Z,2026-08-16T12:00:00Z,169.7,19.2,16.0,13.4,3.2,3.2
5-10 дней,2026-08-09T10:19:29Z,2026-08-16T15:00:00Z,172.7,17.6,16.2,13.0,1.4,1.4
5-10 дней,2026-08-09T10:19:29Z,2026-08-16T18:00:00Z,175.7,15.2,11.2,12.2,4.0,4.0
5-10 дней,2026-08-09T10:19:29Z,2026-08-16T21:00:00Z,178.7,13.4,9.4,11.3,4.0,4.0
5-10 дней,2026-08-09T10:19:29Z,2026-08-17T00:00:00Z,181.7,12.5,9.3,10.8,3.2,3.2
5-10 дней,2026-08-09T10:19:29Z,2026-08-17T03:00:00Z,184.7,14.3,9.1,10.1,5.2,5.2
5-10 дней,2026-08-09T10:19:29Z,2026-08-17T06:00:00Z,187.7,16.5,15.0,12.3,1.5,1.5
5-10 дней,2026-08-09T10:19:29Z,2026-08-17T09:00:00Z,190.7,17.1,17.9,14.3,-0.8,0.8
5-10 дней,2026-08-09T10:19:29Z,2026-08-17T12:00:00Z,193.7,16.9,19.5,16.0,-2.6,2.6
5-10 дней,2026-08-09T10:19:29Z,2026-08-17T15:00:00Z,196.7,15.8,19.1,16.2,-3.3,3.3
5-10 дней,2026-08-09T10:19:29Z,2026-08-17T18:00:00Z,199.7,14.5,14.5,11.2,0.0,0.0
5-10 дней,2026-08-09T10:19:29Z,2026-08-17T21:00:00Z,202.7,13.1,13.0,9.4,0.1,0.1
5-10 дней,2026-08-09T10:19:29Z,2026-08-18T00:00:00Z,205.7,12.4,13.0,9.3,-0.6,0.6
5-10 дней,2026-08-09T10:19:29Z,2026-08-18T03:00:00Z,208.7,13.6,12.6,9.1,1.0,1.0
5-10 дней,2026-08-09T10:19:29Z,2026-08-18T06:00:00Z,211.7,15.6,15.4,15.0,0.2,0.2
5-10 дней,2026-08-09T10:19:29Z,2026-08-18T09:00:00Z,214.7,18.2,18.7,17.9,-0.5,0.5
5-10 дней,2026-08-09T10:19:29Z,2026-08-18T12:00:00Z,217.7,19.9,18.5,19.5,1.4,1.4
5-10 дней,2026-08-09T10:19:29Z,2026-08-18T15:00:00Z,220.7,18.4,18.8,19.1,-0.4,0.4
5-10 дней,2026-08-09T10:19:29Z,2026-08-18T18:00:00Z,223.7,16.1,14.0,14.5,2.1,2.1
5-10 дней,2026-08-09T10:19:29Z,2026-08-18T21:00:00Z,226.7,14.4,12.0,13.0,2.4,2.4
5-10 дней,2026-08-09T12:41:38Z,2026-08-14T15:00:00Z,122.3,15.9,10.6,7.3,5.3,5.3
5-10 дней,2026-08-09T12:41:38Z,2026-08-14T18:00:00Z,125.3,11.5,8.7,6.9,2.8,2.8
5-10 дней,2026-08-09T12:41:38Z,2026-08-14T21:00:00Z,128.3,9.3,8.0,7.1,1.3,1.3
5-10 дней,2026-08-09T12:41:38Z,2026-08-15T00:00:00Z,131.3,7.9,6.3,7.3,1.6,1.6
5-10 дней,2026-08-09T12:41:38Z,2026-08-15T03:00:00Z,134.3,9.8,7.6,7.4,2.2,2.2
5-10 дней,2026-08-09T12:41:38Z,2026-08-15T06:00:00Z,137.3,12.5,8.6,8.3,3.9,3.9
5-10 дней,2026-08-09T12:41:38Z,2026-08-15T09:00:00Z,140.3,14.7,10.9,9.1,3.8,3.8
5-10 дней,2026-08-09T12:41:38Z,2026-08-15T12:00:00Z,143.3,16.0,13.4,10.0,2.6,2.6
5-10 дней,2026-08-09T12:41:38Z,2026-08-15T15:00:00Z,146.3,15.0,13.0,10.6,2.0,2.0
5-10 дней,2026-08-09T12:41:38Z,2026-08-15T18:00:00Z,149.3,13.4,12.2,8.7,1.2,1.2
5-10 дней,2026-08-09T12:41:38Z,2026-08-15T21:00:00Z,152.3,13.0,11.3,8.0,1.7,1.7
5-10 дней,2026-08-09T12:41:38Z,2026-08-16T00:00:00Z,155.3,13.2,10.8,6.3,2.4,2.4
5-10 дней,2026-08-09T12:41:38Z,2026-08-16T03:00:00Z,158.3,14.3,10.1,7.6,4.2,4.2
5-10 дней,2026-08-09T12:41:38Z,2026-08-16T06:00:00Z,161.3,15.9,12.3,8.6,3.6,3.6
5-10 дней,2026-08-09T12:41:38Z,2026-08-16T09:00:00Z,164.3,18.0,14.3,10.9,3.7,3.7
5-10 дней,2026-08-09T12:41:38Z,2026-08-16T12:00:00Z,167.3,19.2,16.0,13.4,3.2,3.2
5-10 дней,2026-08-09T12:41:38Z,2026-08-16T15:00:00Z,170.3,17.6,16.2,13.0,1.4,1.4
5-10 дней,2026-08-09T12:41:38Z,2026-08-16T18:00:00Z,173.3,15.2,11.2,12.2,4.0,4.0
5-10 дней,2026-08-09T12:41:38Z,2026-08-16T21:00:00Z,176.3,13.4,9.4,11.3,4.0,4.0
5-10 дней,2026-08-09T12:41:38Z,2026-08-17T00:00:00Z,179.3,12.5,9.3,10.8,3.2,3.2
5-10 дней,2026-08-09T12:41:38Z,2026-08-17T03:00:00Z,182.3,14.3,9.1,10.1,5.2,5.2
5-10 дней,2026-08-09T12:41:38Z,2026-08-17T06:00:00Z,185.3,16.5,15.0,12.3,1.5,1.5
5-10 дней,2026-08-09T12:41:38Z,2026-08-17T09:00:00Z,188.3,17.1,17.9,14.3,-0.8,0.8
5-10 дней,2026-08-09T12:41:38Z,2026-08-17T12:00:00Z,191.3,16.9,19.5,16.0,-2.6,2.6
5-10 дней,2026-08-09T12:41:38Z,2026-08-17T15:00:00Z,194.3,15.8,19.1,16.2,-3.3,3.3
5-10 дней,2026-08-09T12:41:38Z,2026-08-17T18:00:00Z,197.3,14.5,14.5,11.2,0.0,0.0
5-10 дней,2026-08-09T12:41:38Z,2026-08-17T21:00:00Z,200.3,13.1,13.0,9.4,0.1,0.1
5-10 дней,2026-08-09T12:41:38Z,2026-08-18T00:00:00Z,203.3,12.4,13.0,9.3,-0.6,0.6
5-10 дней,2026-08-09T12:41:38Z,2026-08-18T03:00:00Z,206.3,13.6,12.6,9.1,1.0,1.0
5-10 дней,2026-08-09T12:41:38Z,2026-08-18T06:00:00Z,209.3,15.6,15.4,15.0,0.2,0.2
5-10 дней,2026-08-09T12:41:38Z,2026-08-18T09:00:00Z,212.3,18.2,18.7,17.9,-0.5,0.5
5-10 дней,2026-08-09T12:41:38Z,2026-08-18T12:00:00Z,215.3,19.9,18.5,19.5,1.4,1.4
5-10 дней,2026-08-09T12:41:38Z,2026-08-18T15:00:00Z,218.3,18.4,18.8,19.1,-0.4,0.4
5-10 дней,2026-08-09T12:41:38Z,2026-08-18T18:00:00Z,221.3,16.1,14.0,14.5,2.1,2.1
5-10 дней,2026-08-09T12:41:38Z,2026-08-18T21:00:00Z,224.3,14.4,12.0,13.0,2.4,2.4
5-10 дней,2026-08-09T12:45:53Z,2026-08-14T15:00:00Z,122.2,15.9,10.6,7.3,5.3,5.3
5-10 дней,2026-08-09T12:45:53Z,2026-08-14T18:00:00Z,125.2,11.5,8.7,6.9,2.8,2.8
5-10 дней,2026-08-09T12:45:53Z,2026-08-14T21:00:00Z,128.2,9.3,8.0,7.1,1.3,1.3
5-10 дней,2026-08-09T12:45:53Z,2026-08-15T00:00:00Z,131.2,7.9,6.3,7.3,1.6,1.6
5-10 дней,2026-08-09T12:45:53Z,2026-08-15T03:00:00Z,134.2,9.8,7.6,7.4,2.2,2.2
5-10 дней,2026-08-09T12:45:53Z,2026-08-15T06:00:00Z,137.2,12.5,8.6,8.3,3.9,3.9
5-10 дней,2026-08-09T12:45:53Z,2026-08-15T09:00:00Z,140.2,14.7,10.9,9.1,3.8,3.8
5-10 дней,2026-08-09T12:45:53Z,2026-08-15T12:00:00Z,143.2,16.0,13.4,10.0,2.6,2.6
5-10 дней,2026-08-09T12:45:53Z,2026-08-15T15:00:00Z,146.2,15.0,13.0,10.6,2.0,2.0
5-10 дней,2026-08-09T12:45:53Z,2026-08-15T18:00:00Z,149.2,13.4,12.2,8.7,1.2,1.2
5-10 дней,2026-08-09T12:45:53Z,2026-08-15T21:00:00Z,152.2,13.0,11.3,8.0,1.7,1.7
5-10 дней,2026-08-09T12:45:53Z,2026-08-16T00:00:00Z,155.2,13.2,10.8,6.3,2.4,2.4
5-10 дней,2026-08-09T12:45:53Z,2026-08-16T03:00:00Z,158.2,14.3,10.1,7.6,4.2,4.2
5-10 дней,2026-08-09T12:45:53Z,2026-08-16T06:00:00Z,161.2,15.9,12.3,8.6,3.6,3.6
5-10 дней,2026-08-09T12:45:53Z,2026-08-16T09:00:00Z,164.2,18.0,14.3,10.9,3.7,3.7
5-10 дней,2026-08-09T12:45:53Z,2026-08-16T12:00:00Z,167.2,19.2,16.0,13.4,3.2,3.2
5-10 дней,2026-08-09T12:45:53Z,2026-08-16T15:00:00Z,170.2,17.6,16.2,13.0,1.4,1.4
5-10 дней,2026-08-09T12:45:53Z,2026-08-16T18:00:00Z,173.2,15.2,11.2,12.2,4.0,4.0
5-10 дней,2026-08-09T12:45:53Z,2026-08-16T21:00:00Z,176.2,13.4,9.4,11.3,4.0,4.0
5-10 дней,2026-08-09T12:45:53Z,2026-08-17T00:00:00Z,179.2,12.5,9.3,10.8,3.2,3.2
5-10 дней,2026-08-09T12:45:53Z,2026-08-17T03:00:00Z,182.2,14.3,9.1,10.1,5.2,5.2
5-10 дней,2026-08-09T12:45:53Z,2026-08-17T06:00:00Z,185.2,16.5,15.0,12.3,1.5,1.5
5-10 дней,2026-08-09T12:45:53Z,2026-08-17T09:00:00Z,188.2,17.1,17.9,14.3,-0.8,0.8
5-10 дней,2026-08-09T12:45:53Z,2026-08-17T12:00:00Z,191.2,16.9,19.5,16.0,-2.6,2.6
5-10 дней,2026-08-09T12:45:53Z,2026-08-17T15:00:00Z,194.2,15.8,19.1,16.2,-3.3,3.3
5-10 дней,2026-08-09T12:45:53Z,2026-08-17T18:00:00Z,197.2,14.5,14.5,11.2,0.0,0.0
5-10 дней,2026-08-09T12:45:53Z,2026-08-17T21:00:00Z,200.2,13.1,13.0,9.4,0.1,0.1
5-10 дней,2026-08-09T12:45:53Z,2026-08-18T00:00:00Z,203.2,12.4,13.0,9.3,-0.6,0.6
5-10 дней,2026-08-09T12:45:53Z,2026-08-18T03:00:00Z,206.2,13.6,12.6,9.1,1.0,1.0
5-10 дней,2026-08-09T12:45:53Z,2026-08-18T06:00:00Z,209.2,15.6,15.4,15.0,0.2,0.2
5-10 дней,2026-08-09T12:45:53Z,2026-08-18T09:00:00Z,212.2,18.2,18.7,17.9,-0.5,0.5
5-10 дней,2026-08-09T12:45:53Z,2026-08-18T12:00:00Z,215.2,19.9,18.5,19.5,1.4,1.4
5-10 дней,2026-08-09T12:45:53Z,2026-08-18T15:00:00Z,218.2,18.4,18.8,19.1,-0.4,0.4
5-10 дней,2026-08-09T12:45:53Z,2026-08-18T18:00:00Z,221.2,16.1,14.0,14.5,2.1,2.1
5-10 дней,2026-08-09T12:45:53Z,2026-08-18T21:00:00Z,224.2,14.4,12.0,13.0,2.4,2.4
5-10 дней,2026-08-09T12:48:15Z,2026-08-14T15:00:00Z,122.2,15.9,10.6,7.3,5.3,5.3
5-10 дней,2026-08-09T12:48:15Z,2026-08-14T18:00:00Z,125.2,11.5,8.7,6.9,2.8,2.8
5-10 дней,2026-08-09T12:48:15Z,2026-08-14T21:00:00Z,128.2,9.3,8.0,7.1,1.3,1.3
5-10 дней,2026-08-09T12:48:15Z,2026-08-15T00:00:00Z,131.2,7.9,6.3,7.3,1.6,1.6
5-10 дней,2026-08-09T12:48:15Z,2026-08-15T03:00:00Z,134.2,9.8,7.6,7.4,2.2,2.2
5-10 дней,2026-08-09T12:48:15Z,2026-08-15T06:00:00Z,137.2,12.5,8.6,8.3,3.9,3.9
5-10 дней,2026-08-09T12:48:15Z,2026-08-15T09:00:00Z,140.2,14.7,10.9,9.1,3.8,3.8
5-10 дней,2026-08-09T12:48:15Z,2026-08-15T12:00:00Z,143.2,16.0,13.4,10.0,2.6,2.6
5-10 дней,2026-08-09T12:48:15Z,2026-08-15T15:00:00Z,146.2,15.0,13.0,10.6,2.0,2.0
5-10 дней,2026-08-09T12:48:15Z,2026-08-15T18:00:00Z,149.2,13.4,12.2,8.7,1.2,1.2
5-10 дней,2026-08-09T12:48:15Z,2026-08-15T21:00:00Z,152.2,13.0,11.3,8.0,1.7,1.7
5-10 дней,2026-08-09T12:48:15Z,2026-08-16T00:00:00Z,155.2,13.2,10.8,6.3,2.4,2.4
5-10 дней,2026-08-09T12:48:15Z,2026-08-16T03:00:00Z,158.2,14.3,10.1,7.6,4.2,4.2
5-10 дней,2026-08-09T12:48:15Z,2026-08-16T06:00:00Z,161.2,15.9,12.3,8.6,3.6,3.6
5-10 дней,2026-08-09T12:48:15Z,2026-08-16T09:00:00Z,164.2,18.0,14.3,10.9,3.7,3.7
5-10 дней,2026-08-09T12:48:15Z,2026-08-16T12:00:00Z,167.2,19.2,16.0,13.4,3.2,3.2
5-10 дней,2026-08-09T12:48:15Z,2026-08-16T15:00:00Z,170.2,17.6,16.2,13.0,1.4,1.4
5-10 дней,2026-08-09T12:48:15Z,2026-08-16T18:00:00Z,173.2,15.2,11.2,12.2,4.0,4.0
5-10 дней,2026-08-09T12:48:15Z,2026-08-16T21:00:00Z,176.2,13.4,9.4,11.3,4.0,4.0
5-10 дней,2026-08-09T12:48:15Z,2026-08-17T00:00:00Z,179.2,12.5,9.3,10.8,3.2,3.2
5-10 дней,2026-08-09T12:48:15Z,2026-08-17T03:00:00Z,182.2,14.3,9.1,10.1,5.2,5.2
5-10 дней,2026-08-09T12:48:15Z,2026-08-17T06:00:00Z,185.2,16.5,15.0,12.3,1.5,1.5
5-10 дней,2026-08-09T12:48:15Z,2026-08-17T09:00:00Z,188.2,17.1,17.9,14.3,-0.8,0.8
5-10 дней,2026-08-09T12:48:15Z,2026-08-17T12:00:00Z,191.2,16.9,19.5,16.0,-2.6,2.6
5-10 дней,2026-08-09T12:48:15Z,2026-08-17T15:00:00Z,194.2,15.8,19.1,16.2,-3.3,3.3
5-10 дней,2026-08-09T12:48:15Z,2026-08-17T18:00:00Z,197.2,14.5,14.5,11.2,0.0,0.0
5-10 дней,2026-08-09T12:48:15Z,2026-08-17T21:00:00Z,200.2,13.1,13.0,9.4,0.1,0.1
5-10 дней,2026-08-09T12:48:15Z,2026-08-18T00:00:00Z,203.2,12.4,13.0,9.3,-0.6,0.6
5-10 дней,2026-08-09T12:48:15Z,2026-08-18T03:00:00Z,206.2,13.6,12.6,9.1,1.0,1.0
5-10 дней,2026-08-09T12:48:15Z,2026-08-18T06:00:00Z,209.2,15.6,15.4,15.0,0.2,0.2
5-10 дней,2026-08-09T12:48:15Z,2026-08-18T09:00:00Z,212.2,18.2,18.7,17.9,-0.5,0.5
5-10 дней,2026-08-09T12:48:15Z,2026-08-18T12:00:00Z,215.2,19.9,18.5,19.5,1.4,1.4
5-10 дней,2026-08-09T12:48:15Z,2026-08-18T15:00:00Z,218.2,18.4,18.8,19.1,-0.4,0.4
5-10 дней,2026-08-09T12:48:15Z,2026-08-18T18:00:00Z,221.2,16.1,14.0,14.5,2.1,2.1
5-10 дней,2026-08-09T12:48:15Z,2026-08-18T21:00:00Z,224.2,14.4,12.0,13.0,2.4,2.4
5-10 дней,2026-08-09T16:31:44Z,2026-08-14T18:00:00Z,121.5,11.1,8.7,6.9,2.4,2.4
5-10 дней,2026-08-09T16:31:44Z,2026-08-14T21:00:00Z,124.5,8.4,8.0,7.1,0.4,0.4
5-10 дней,2026-08-09T16:31:44Z,2026-08-15T00:00:00Z,127.5,7.2,6.3,7.3,0.9,0.9
5-10 дней,2026-08-09T16:31:44Z,2026-08-15T03:00:00Z,130.5,8.1,7.6,7.4,0.5,0.5
5-10 дней,2026-08-09T16:31:44Z,2026-08-15T06:00:00Z,133.5,11.8,8.6,8.3,3.2,3.2
5-10 дней,2026-08-09T16:31:44Z,2026-08-15T09:00:00Z,136.5,14.7,10.9,9.1,3.8,3.8
5-10 дней,2026-08-09T16:31:44Z,2026-08-15T12:00:00Z,139.5,16.0,13.4,10.0,2.6,2.6
5-10 дней,2026-08-09T16:31:44Z,2026-08-15T15:00:00Z,142.5,15.0,13.0,10.6,2.0,2.0
5-10 дней,2026-08-09T16:31:44Z,2026-08-15T18:00:00Z,145.5,13.4,12.2,8.7,1.2,1.2
5-10 дней,2026-08-09T16:31:44Z,2026-08-15T21:00:00Z,148.5,13.0,11.3,8.0,1.7,1.7
5-10 дней,2026-08-09T16:31:44Z,2026-08-16T00:00:00Z,151.5,13.2,10.8,6.3,2.4,2.4
5-10 дней,2026-08-09T16:31:44Z,2026-08-16T03:00:00Z,154.5,14.3,10.1,7.6,4.2,4.2
5-10 дней,2026-08-09T16:31:44Z,2026-08-16T06:00:00Z,157.5,15.9,12.3,8.6,3.6,3.6
5-10 дней,2026-08-09T16:31:44Z,2026-08-16T09:00:00Z,160.5,18.0,14.3,10.9,3.7,3.7
5-10 дней,2026-08-09T16:31:44Z,2026-08-16T12:00:00Z,163.5,19.2,16.0,13.4,3.2,3.2
5-10 дней,2026-08-09T16:31:44Z,2026-08-16T15:00:00Z,166.5,17.6,16.2,13.0,1.4,1.4
5-10 дней,2026-08-09T16:31:44Z,2026-08-16T18:00:00Z,169.5,15.2,11.2,12.2,4.0,4.0
5-10 дней,2026-08-09T16:31:44Z,2026-08-16T21:00:00Z,172.5,13.4,9.4,11.3,4.0,4.0
5-10 дней,2026-08-09T16:31:44Z,2026-08-17T00:00:00Z,175.5,12.5,9.3,10.8,3.2,3.2
5-10 дней,2026-08-09T16:31:44Z,2026-08-17T03:00:00Z,178.5,14.3,9.1,10.1,5.2,5.2
5-10 дней,2026-08-09T16:31:44Z,2026-08-17T06:00:00Z,181.5,16.5,15.0,12.3,1.5,1.5
5-10 дней,2026-08-09T16:31:44Z,2026-08-17T09:00:00Z,184.5,17.1,17.9,14.3,-0.8,0.8
5-10 дней,2026-08-09T16:31:44Z,2026-08-17T12:00:00Z,187.5,16.9,19.5,16.0,-2.6,2.6
5-10 дней,2026-08-09T16:31:44Z,2026-08-17T15:00:00Z,190.5,15.8,19.1,16.2,-3.3,3.3
5-10 дней,2026-08-09T16:31:44Z,2026-08-17T18:00:00Z,193.5,14.5,14.5,11.2,0.0,0.0
5-10 дней,2026-08-09T16:31:44Z,2026-08-17T21:00:00Z,196.5,13.1,13.0,9.4,0.1,0.1
5-10 дней,2026-08-09T16:31:44Z,2026-08-18T00:00:00Z,199.5,12.4,13.0,9.3,-0.6,0.6
5-10 дней,2026-08-09T16:31:44Z,2026-08-18T03:00:00Z,202.5,13.6,12.6,9.1,1.0,1.0
5-10 дней,2026-08-09T16:31:44Z,2026-08-18T06:00:00Z,205.5,15.6,15.4,15.0,0.2,0.2
5-10 дней,2026-08-09T16:31:44Z,2026-08-18T09:00:00Z,208.5,18.2,18.7,17.9,-0.5,0.5
5-10 дней,2026-08-09T16:31:44Z,2026-08-18T12:00:00Z,211.5,19.9,18.5,19.5,1.4,1.4
5-10 дней,2026-08-09T16:31:44Z,2026-08-18T15:00:00Z,214.5,18.4,18.8,19.1,-0.4,0.4
5-10 дней,2026-08-09T16:31:44Z,2026-08-18T18:00:00Z,217.5,16.1,14.0,14.5,2.1,2.1
5-10 дней,2026-08-09T16:31:44Z,2026-08-18T21:00:00Z,220.5,14.4,12.0,13.0,2.4,2.4
5-10 дней,2026-08-09T22:39:09Z,2026-08-15T00:00:00Z,121.3,7.1,6.3,7.3,0.8,0.8
5-10 дней,2026-08-09T22:39:09Z,2026-08-15T03:00:00Z,124.3,8.3,7.6,7.4,0.7,0.7
5-10 дней,2026-08-09T22:39:09Z,2026-08-15T06:00:00Z,127.3,12.4,8.6,8.3,3.8,3.8
5-10 дней,2026-08-09T22:39:09Z,2026-08-15T09:00:00Z,130.3,15.9,10.9,9.1,5.0,5.0
5-10 дней,2026-08-09T22:39:09Z,2026-08-15T12:00:00Z,133.3,16.9,13.4,10.0,3.5,3.5
5-10 дней,2026-08-09T22:39:09Z,2026-08-15T15:00:00Z,136.3,15.9,13.0,10.6,2.9,2.9
5-10 дней,2026-08-09T22:39:09Z,2026-08-15T18:00:00Z,139.3,14.0,12.2,8.7,1.8,1.8
5-10 дней,2026-08-09T22:39:09Z,2026-08-15T21:00:00Z,142.3,12.6,11.3,8.0,1.3,1.3
5-10 дней,2026-08-09T22:39:09Z,2026-08-16T00:00:00Z,145.3,12.0,10.8,6.3,1.2,1.2
5-10 дней,2026-08-09T22:39:09Z,2026-08-16T03:00:00Z,148.3,13.6,10.1,7.6,3.5,3.5
5-10 дней,2026-08-09T22:39:09Z,2026-08-16T06:00:00Z,151.3,16.0,12.3,8.6,3.7,3.7
5-10 дней,2026-08-09T22:39:09Z,2026-08-16T09:00:00Z,154.3,18.6,14.3,10.9,4.3,4.3
5-10 дней,2026-08-09T22:39:09Z,2026-08-16T12:00:00Z,157.3,20.1,16.0,13.4,4.1,4.1
5-10 дней,2026-08-09T22:39:09Z,2026-08-16T15:00:00Z,160.3,18.5,16.2,13.0,2.3,2.3
5-10 дней,2026-08-09T22:39:09Z,2026-08-16T18:00:00Z,163.3,16.1,11.2,12.2,4.9,4.9
5-10 дней,2026-08-09T22:39:09Z,2026-08-16T21:00:00Z,166.3,14.6,9.4,11.3,5.2,5.2
5-10 дней,2026-08-09T22:39:09Z,2026-08-17T00:00:00Z,169.3,13.8,9.3,10.8,4.5,4.5
5-10 дней,2026-08-09T22:39:09Z,2026-08-17T03:00:00Z,172.3,14.5,9.1,10.1,5.4,5.4
5-10 дней,2026-08-09T22:39:09Z,2026-08-17T06:00:00Z,175.3,16.1,15.0,12.3,1.1,1.1
5-10 дней,2026-08-09T22:39:09Z,2026-08-17T09:00:00Z,178.3,18.7,17.9,14.3,0.8,0.8
5-10 дней,2026-08-09T22:39:09Z,2026-08-17T12:00:00Z,181.3,20.3,19.5,16.0,0.8,0.8
5-10 дней,2026-08-09T22:39:09Z,2026-08-17T15:00:00Z,184.3,18.6,19.1,16.2,-0.5,0.5
5-10 дней,2026-08-09T22:39:09Z,2026-08-17T18:00:00Z,187.3,15.9,14.5,11.2,1.4,1.4
5-10 дней,2026-08-09T22:39:09Z,2026-08-17T21:00:00Z,190.3,13.2,13.0,9.4,0.2,0.2
5-10 дней,2026-08-09T22:39:09Z,2026-08-18T00:00:00Z,193.3,11.3,13.0,9.3,-1.7,1.7
5-10 дней,2026-08-09T22:39:09Z,2026-08-18T03:00:00Z,196.3,11.1,12.6,9.1,-1.5,1.5
5-10 дней,2026-08-09T22:39:09Z,2026-08-18T06:00:00Z,199.3,12.2,15.4,15.0,-3.2,3.2
5-10 дней,2026-08-09T22:39:09Z,2026-08-18T09:00:00Z,202.3,15.7,18.7,17.9,-3.0,3.0
5-10 дней,2026-08-09T22:39:09Z,2026-08-18T12:00:00Z,205.3,18.7,18.5,19.5,0.2,0.2
5-10 дней,2026-08-09T22:39:09Z,2026-08-18T15:00:00Z,208.3,17.7,18.8,19.1,-1.1,1.1
5-10 дней,2026-08-09T22:39:09Z,2026-08-18T18:00:00Z,211.3,15.3,14.0,14.5,1.3,1.3
5-10 дней,2026-08-09T22:39:09Z,2026-08-18T21:00:00Z,214.3,13.0,12.0,13.0,1.0,1.0
5-10 дней,2026-08-10T05:20:42Z,2026-08-15T06:00:00Z,120.7,11.6,8.6,8.3,3.0,3.0
5-10 дней,2026-08-10T05:20:42Z,2026-08-15T09:00:00Z,123.7,15.6,10.9,9.1,4.7,4.7
5-10 дней,2026-08-10T05:20:42Z,2026-08-15T12:00:00Z,126.7,16.3,13.4,10.0,2.9,2.9
5-10 дней,2026-08-10T05:20:42Z,2026-08-15T15:00:00Z,129.7,15.1,13.0,10.6,2.1,2.1
5-10 дней,2026-08-10T05:20:42Z,2026-08-15T18:00:00Z,132.7,11.1,12.2,8.7,-1.1,1.1
5-10 дней,2026-08-10T05:20:42Z,2026-08-15T21:00:00Z,135.7,12.6,11.3,8.0,1.3,1.3
5-10 дней,2026-08-10T05:20:42Z,2026-08-16T00:00:00Z,138.7,12.0,10.8,6.3,1.2,1.2
5-10 дней,2026-08-10T05:20:42Z,2026-08-16T03:00:00Z,141.7,13.6,10.1,7.6,3.5,3.5
5-10 дней,2026-08-10T05:20:42Z,2026-08-16T06:00:00Z,144.7,16.0,12.3,8.6,3.7,3.7
5-10 дней,2026-08-10T05:20:42Z,2026-08-16T09:00:00Z,147.7,18.6,14.3,10.9,4.3,4.3
5-10 дней,2026-08-10T05:20:42Z,2026-08-16T12:00:00Z,150.7,20.1,16.0,13.4,4.1,4.1
5-10 дней,2026-08-10T05:20:42Z,2026-08-16T15:00:00Z,153.7,18.5,16.2,13.0,2.3,2.3
5-10 дней,2026-08-10T05:20:42Z,2026-08-16T18:00:00Z,156.7,16.1,11.2,12.2,4.9,4.9
5-10 дней,2026-08-10T05:20:42Z,2026-08-16T21:00:00Z,159.7,14.6,9.4,11.3,5.2,5.2
5-10 дней,2026-08-10T05:20:42Z,2026-08-17T00:00:00Z,162.7,13.8,9.3,10.8,4.5,4.5
5-10 дней,2026-08-10T05:20:42Z,2026-08-17T03:00:00Z,165.7,14.5,9.1,10.1,5.4,5.4
5-10 дней,2026-08-10T05:20:42Z,2026-08-17T06:00:00Z,168.7,16.1,15.0,12.3,1.1,1.1
5-10 дней,2026-08-10T05:20:42Z,2026-08-17T09:00:00Z,171.7,18.7,17.9,14.3,0.8,0.8
5-10 дней,2026-08-10T05:20:42Z,2026-08-17T12:00:00Z,174.7,20.3,19.5,16.0,0.8,0.8
5-10 дней,2026-08-10T05:20:42Z,2026-08-17T15:00:00Z,177.7,18.6,19.1,16.2,-0.5,0.5
5-10 дней,2026-08-10T05:20:42Z,2026-08-17T18:00:00Z,180.7,15.9,14.5,11.2,1.4,1.4
5-10 дней,2026-08-10T05:20:42Z,2026-08-17T21:00:00Z,183.7,13.2,13.0,9.4,0.2,0.2
5-10 дней,2026-08-10T05:20:42Z,2026-08-18T00:00:00Z,186.7,11.3,13.0,9.3,-1.7,1.7
5-10 дней,2026-08-10T05:20:42Z,2026-08-18T03:00:00Z,189.7,11.1,12.6,9.1,-1.5,1.5
5-10 дней,2026-08-10T05:20:42Z,2026-08-18T06:00:00Z,192.7,12.2,15.4,15.0,-3.2,3.2
5-10 дней,2026-08-10T05:20:42Z,2026-08-18T09:00:00Z,195.7,15.7,18.7,17.9,-3.0,3.0
5-10 дней,2026-08-10T05:20:42Z,2026-08-18T12:00:00Z,198.7,18.7,18.5,19.5,0.2,0.2
5-10 дней,2026-08-10T05:20:42Z,2026-08-18T15:00:00Z,201.7,17.7,18.8,19.1,-1.1,1.1
5-10 дней,2026-08-10T05:20:42Z,2026-08-18T18:00:00Z,204.7,15.3,14.0,14.5,1.3,1.3
5-10 дней,2026-08-10T05:20:42Z,2026-08-18T21:00:00Z,207.7,13.0,12.0,13.0,1.0,1.0
5-10 дней,2026-08-10T05:20:42Z,2026-08-19T00:00:00Z,210.7,11.7,12.5,13.0,-0.8,0.8
5-10 дней,2026-08-10T05:20:42Z,2026-08-19T03:00:00Z,213.7,13.3,13.3,12.6,0.0,0.0
5-10 дней,2026-08-10T05:20:42Z,2026-08-19T06:00:00Z,216.7,15.9,14.3,15.4,1.6,1.6
5-10 дней,2026-08-10T05:20:42Z,2026-08-19T09:00:00Z,219.7,18.3,17.4,18.7,0.9,0.9
5-10 дней,2026-08-10T05:20:42Z,2026-08-19T12:00:00Z,222.7,19.8,19.6,18.5,0.2,0.2
5-10 дней,2026-08-10T05:20:42Z,2026-08-19T15:00:00Z,225.7,18.4,17.6,18.8,0.8,0.8
5-10 дней,2026-08-10T05:20:42Z,2026-08-19T18:00:00Z,228.7,16.6,14.6,14.0,2.0,2.0
5-10 дней,2026-08-10T05:20:42Z,2026-08-19T21:00:00Z,231.7,16.8,15.0,12.0,1.8,1.8
5-10 дней,2026-08-10T10:53:28Z,2026-08-15T12:00:00Z,121.1,15.3,13.4,10.0,1.9,1.9
5-10 дней,2026-08-10T10:53:28Z,2026-08-15T15:00:00Z,124.1,14.8,13.0,10.6,1.8,1.8
5-10 дней,2026-08-10T10:53:28Z,2026-08-15T18:00:00Z,127.1,11.8,12.2,8.7,-0.4,0.4
5-10 дней,2026-08-10T10:53:28Z,2026-08-15T21:00:00Z,130.1,11.1,11.3,8.0,-0.2,0.2
5-10 дней,2026-08-10T10:53:28Z,2026-08-16T00:00:00Z,133.1,10.7,10.8,6.3,-0.1,0.1
5-10 дней,2026-08-10T10:53:28Z,2026-08-16T03:00:00Z,136.1,10.8,10.1,7.6,0.7,0.7
5-10 дней,2026-08-10T10:53:28Z,2026-08-16T06:00:00Z,139.1,11.5,12.3,8.6,-0.8,0.8
5-10 дней,2026-08-10T10:53:28Z,2026-08-16T09:00:00Z,142.1,13.6,14.3,10.9,-0.7,0.7
5-10 дней,2026-08-10T10:53:28Z,2026-08-16T12:00:00Z,145.1,15.3,16.0,13.4,-0.7,0.7
5-10 дней,2026-08-10T10:53:28Z,2026-08-16T15:00:00Z,148.1,14.6,16.2,13.0,-1.6,1.6
5-10 дней,2026-08-10T10:53:28Z,2026-08-16T18:00:00Z,151.1,13.3,11.2,12.2,2.1,2.1
5-10 дней,2026-08-10T10:53:28Z,2026-08-16T21:00:00Z,154.1,12.1,9.4,11.3,2.7,2.7
5-10 дней,2026-08-10T10:53:28Z,2026-08-17T00:00:00Z,157.1,11.8,9.3,10.8,2.5,2.5
5-10 дней,2026-08-10T10:53:28Z,2026-08-17T03:00:00Z,160.1,13.7,9.1,10.1,4.6,4.6
5-10 дней,2026-08-10T10:53:28Z,2026-08-17T06:00:00Z,163.1,16.3,15.0,12.3,1.3,1.3
5-10 дней,2026-08-10T10:53:28Z,2026-08-17T09:00:00Z,166.1,18.7,17.9,14.3,0.8,0.8
5-10 дней,2026-08-10T10:53:28Z,2026-08-17T12:00:00Z,169.1,20.0,19.5,16.0,0.5,0.5
5-10 дней,2026-08-10T10:53:28Z,2026-08-17T15:00:00Z,172.1,18.0,19.1,16.2,-1.1,1.1
5-10 дней,2026-08-10T10:53:28Z,2026-08-17T18:00:00Z,175.1,15.3,14.5,11.2,0.8,0.8
5-10 дней,2026-08-10T10:53:28Z,2026-08-17T21:00:00Z,178.1,14.1,13.0,9.4,1.1,1.1
5-10 дней,2026-08-10T10:53:28Z,2026-08-18T00:00:00Z,181.1,13.7,13.0,9.3,0.7,0.7
5-10 дней,2026-08-10T10:53:28Z,2026-08-18T03:00:00Z,184.1,14.0,12.6,9.1,1.4,1.4
5-10 дней,2026-08-10T10:53:28Z,2026-08-18T06:00:00Z,187.1,15.2,15.4,15.0,-0.2,0.2
5-10 дней,2026-08-10T10:53:28Z,2026-08-18T09:00:00Z,190.1,18.3,18.7,17.9,-0.4,0.4
5-10 дней,2026-08-10T10:53:28Z,2026-08-18T12:00:00Z,193.1,20.6,18.5,19.5,2.1,2.1
5-10 дней,2026-08-10T10:53:28Z,2026-08-18T15:00:00Z,196.1,18.5,18.8,19.1,-0.3,0.3
5-10 дней,2026-08-10T10:53:28Z,2026-08-18T18:00:00Z,199.1,15.3,14.0,14.5,1.3,1.3
5-10 дней,2026-08-10T10:53:28Z,2026-08-18T21:00:00Z,202.1,13.0,12.0,13.0,1.0,1.0
5-10 дней,2026-08-10T10:53:28Z,2026-08-19T00:00:00Z,205.1,11.9,12.5,13.0,-0.6,0.6
5-10 дней,2026-08-10T10:53:28Z,2026-08-19T03:00:00Z,208.1,13.5,13.3,12.6,0.2,0.2
5-10 дней,2026-08-10T10:53:28Z,2026-08-19T06:00:00Z,211.1,15.7,14.3,15.4,1.4,1.4
5-10 дней,2026-08-10T10:53:28Z,2026-08-19T09:00:00Z,214.1,16.5,17.4,18.7,-0.9,0.9
5-10 дней,2026-08-10T10:53:28Z,2026-08-19T12:00:00Z,217.1,16.3,19.6,18.5,-3.3,3.3
5-10 дней,2026-08-10T10:53:28Z,2026-08-19T15:00:00Z,220.1,14.5,17.6,18.8,-3.1,3.1
5-10 дней,2026-08-10T10:53:28Z,2026-08-19T18:00:00Z,223.1,12.2,14.6,14.0,-2.4,2.4
5-10 дней,2026-08-10T10:53:28Z,2026-08-19T21:00:00Z,226.1,10.2,15.0,12.0,-4.8,4.8
5-10 дней,2026-08-10T16:52:05Z,2026-08-15T18:00:00Z,121.1,9.3,12.2,8.7,-2.9,2.9
5-10 дней,2026-08-10T16:52:05Z,2026-08-15T21:00:00Z,124.1,6.8,11.3,8.0,-4.5,4.5
5-10 дней,2026-08-10T16:52:05Z,2026-08-16T00:00:00Z,127.1,5.3,10.8,6.3,-5.5,5.5
5-10 дней,2026-08-10T16:52:05Z,2026-08-16T03:00:00Z,130.1,6.4,10.1,7.6,-3.7,3.7
5-10 дней,2026-08-10T16:52:05Z,2026-08-16T06:00:00Z,133.1,10.7,12.3,8.6,-1.6,1.6
5-10 дней,2026-08-10T16:52:05Z,2026-08-16T09:00:00Z,136.1,13.6,14.3,10.9,-0.7,0.7
5-10 дней,2026-08-10T16:52:05Z,2026-08-16T12:00:00Z,139.1,15.3,16.0,13.4,-0.7,0.7
5-10 дней,2026-08-10T16:52:05Z,2026-08-16T15:00:00Z,142.1,14.6,16.2,13.0,-1.6,1.6
5-10 дней,2026-08-10T16:52:05Z,2026-08-16T18:00:00Z,145.1,13.3,11.2,12.2,2.1,2.1
5-10 дней,2026-08-10T16:52:05Z,2026-08-16T21:00:00Z,148.1,12.1,9.4,11.3,2.7,2.7
5-10 дней,2026-08-10T16:52:05Z,2026-08-17T00:00:00Z,151.1,11.8,9.3,10.8,2.5,2.5
5-10 дней,2026-08-10T16:52:05Z,2026-08-17T03:00:00Z,154.1,13.7,9.1,10.1,4.6,4.6
5-10 дней,2026-08-10T16:52:05Z,2026-08-17T06:00:00Z,157.1,16.3,15.0,12.3,1.3,1.3
5-10 дней,2026-08-10T16:52:05Z,2026-08-17T09:00:00Z,160.1,18.7,17.9,14.3,0.8,0.8
5-10 дней,2026-08-10T16:52:05Z,2026-08-17T12:00:00Z,163.1,20.0,19.5,16.0,0.5,0.5
5-10 дней,2026-08-10T16:52:05Z,2026-08-17T15:00:00Z,166.1,18.0,19.1,16.2,-1.1,1.1
5-10 дней,2026-08-10T16:52:05Z,2026-08-17T18:00:00Z,169.1,15.3,14.5,11.2,0.8,0.8
5-10 дней,2026-08-10T16:52:05Z,2026-08-17T21:00:00Z,172.1,14.1,13.0,9.4,1.1,1.1
5-10 дней,2026-08-10T16:52:05Z,2026-08-18T00:00:00Z,175.1,13.7,13.0,9.3,0.7,0.7
5-10 дней,2026-08-10T16:52:05Z,2026-08-18T03:00:00Z,178.1,14.0,12.6,9.1,1.4,1.4
5-10 дней,2026-08-10T16:52:05Z,2026-08-18T06:00:00Z,181.1,15.2,15.4,15.0,-0.2,0.2
5-10 дней,2026-08-10T16:52:05Z,2026-08-18T09:00:00Z,184.1,18.3,18.7,17.9,-0.4,0.4
5-10 дней,2026-08-10T16:52:05Z,2026-08-18T12:00:00Z,187.1,20.6,18.5,19.5,2.1,2.1
5-10 дней,2026-08-10T16:52:05Z,2026-08-18T15:00:00Z,190.1,18.5,18.8,19.1,-0.3,0.3
5-10 дней,2026-08-10T16:52:05Z,2026-08-18T18:00:00Z,193.1,15.3,14.0,14.5,1.3,1.3
5-10 дней,2026-08-10T16:52:05Z,2026-08-18T21:00:00Z,196.1,13.0,12.0,13.0,1.0,1.0
5-10 дней,2026-08-10T16:52:05Z,2026-08-19T00:00:00Z,199.1,11.9,12.5,13.0,-0.6,0.6
5-10 дней,2026-08-10T16:52:05Z,2026-08-19T03:00:00Z,202.1,13.5,13.3,12.6,0.2,0.2
5-10 дней,2026-08-10T16:52:05Z,2026-08-19T06:00:00Z,205.1,15.7,14.3,15.4,1.4,1.4
5-10 дней,2026-08-10T16:52:05Z,2026-08-19T09:00:00Z,208.1,16.5,17.4,18.7,-0.9,0.9
5-10 дней,2026-08-10T16:52:05Z,2026-08-19T12:00:00Z,211.1,16.3,19.6,18.5,-3.3,3.3
5-10 дней,2026-08-10T16:52:05Z,2026-08-19T15:00:00Z,214.1,14.5,17.6,18.8,-3.1,3.1
5-10 дней,2026-08-10T16:52:05Z,2026-08-19T18:00:00Z,217.1,12.2,14.6,14.0,-2.4,2.4
5-10 дней,2026-08-10T16:52:05Z,2026-08-19T21:00:00Z,220.1,10.2,15.0,12.0,-4.8,4.8
5-10 дней,2026-08-10T22:47:13Z,2026-08-16T00:00:00Z,121.2,6.7,10.8,6.3,-4.1,4.1
5-10 дней,2026-08-10T22:47:13Z,2026-08-16T03:00:00Z,124.2,8.3,10.1,7.6,-1.8,1.8
5-10 дней,2026-08-10T22:47:13Z,2026-08-16T06:00:00Z,127.2,14.1,12.3,8.6,1.8,1.8
5-10 дней,2026-08-10T22:47:13Z,2026-08-16T09:00:00Z,130.2,17.2,14.3,10.9,2.9,2.9
5-10 дней,2026-08-10T22:47:13Z,2026-08-16T12:00:00Z,133.2,18.7,16.0,13.4,2.7,2.7
5-10 дней,2026-08-10T22:47:13Z,2026-08-16T15:00:00Z,136.2,16.9,16.2,13.0,0.7,0.7
5-10 дней,2026-08-10T22:47:13Z,2026-08-16T18:00:00Z,139.2,14.3,11.2,12.2,3.1,3.1
5-10 дней,2026-08-10T22:47:13Z,2026-08-16T21:00:00Z,142.2,12.7,9.4,11.3,3.3,3.3
5-10 дней,2026-08-10T22:47:13Z,2026-08-17T00:00:00Z,145.2,11.9,9.3,10.8,2.6,2.6
5-10 дней,2026-08-10T22:47:13Z,2026-08-17T03:00:00Z,148.2,12.7,9.1,10.1,3.6,3.6
5-10 дней,2026-08-10T22:47:13Z,2026-08-17T06:00:00Z,151.2,14.2,15.0,12.3,-0.8,0.8
5-10 дней,2026-08-10T22:47:13Z,2026-08-17T09:00:00Z,154.2,16.2,17.9,14.3,-1.7,1.7
5-10 дней,2026-08-10T22:47:13Z,2026-08-17T12:00:00Z,157.2,17.6,19.5,16.0,-1.9,1.9
5-10 дней,2026-08-10T22:47:13Z,2026-08-17T15:00:00Z,160.2,16.9,19.1,16.2,-2.2,2.2
5-10 дней,2026-08-10T22:47:13Z,2026-08-17T18:00:00Z,163.2,15.5,14.5,11.2,1.0,1.0
5-10 дней,2026-08-10T22:47:13Z,2026-08-17T21:00:00Z,166.2,14.7,13.0,9.4,1.7,1.7
5-10 дней,2026-08-10T22:47:13Z,2026-08-18T00:00:00Z,169.2,14.1,13.0,9.3,1.1,1.1
5-10 дней,2026-08-10T22:47:13Z,2026-08-18T03:00:00Z,172.2,14.0,12.6,9.1,1.4,1.4
5-10 дней,2026-08-10T22:47:13Z,2026-08-18T06:00:00Z,175.2,14.4,15.4,15.0,-1.0,1.0
5-10 дней,2026-08-10T22:47:13Z,2026-08-18T09:00:00Z,178.2,16.0,18.7,17.9,-2.7,2.7
5-10 дней,2026-08-10T22:47:13Z,2026-08-18T12:00:00Z,181.2,17.3,18.5,19.5,-1.2,1.2
5-10 дней,2026-08-10T22:47:13Z,2026-08-18T15:00:00Z,184.2,16.5,18.8,19.1,-2.3,2.3
5-10 дней,2026-08-10T22:47:13Z,2026-08-18T18:00:00Z,187.2,15.2,14.0,14.5,1.2,1.2
5-10 дней,2026-08-10T22:47:13Z,2026-08-18T21:00:00Z,190.2,14.4,12.0,13.0,2.4,2.4
5-10 дней,2026-08-10T22:47:13Z,2026-08-19T00:00:00Z,193.2,14.0,12.5,13.0,1.5,1.5
5-10 дней,2026-08-10T22:47:13Z,2026-08-19T03:00:00Z,196.2,14.7,13.3,12.6,1.4,1.4
5-10 дней,2026-08-10T22:47:13Z,2026-08-19T06:00:00Z,199.2,15.8,14.3,15.4,1.5,1.5
5-10 дней,2026-08-10T22:47:13Z,2026-08-19T09:00:00Z,202.2,16.6,17.4,18.7,-0.8,0.8
5-10 дней,2026-08-10T22:47:13Z,2026-08-19T12:00:00Z,205.2,16.9,19.6,18.5,-2.7,2.7
5-10 дней,2026-08-10T22:47:13Z,2026-08-19T15:00:00Z,208.2,16.2,17.6,18.8,-1.4,1.4
5-10 дней,2026-08-10T22:47:13Z,2026-08-19T18:00:00Z,211.2,15.0,14.6,14.0,0.4,0.4
5-10 дней,2026-08-10T22:47:13Z,2026-08-19T21:00:00Z,214.2,13.7,15.0,12.0,-1.3,1.3
5-10 дней,2026-08-11T05:01:49Z,2026-08-16T06:00:00Z,121.0,11.5,12.3,8.6,-0.8,0.8
5-10 дней,2026-08-11T05:01:49Z,2026-08-16T09:00:00Z,124.0,14.9,14.3,10.9,0.6,0.6
5-10 дней,2026-08-11T05:01:49Z,2026-08-16T12:00:00Z,127.0,17.6,16.0,13.4,1.6,1.6
5-10 дней,2026-08-11T05:01:49Z,2026-08-16T15:00:00Z,130.0,17.5,16.2,13.0,1.3,1.3
5-10 дней,2026-08-11T05:01:49Z,2026-08-16T18:00:00Z,133.0,13.4,11.2,12.2,2.2,2.2
5-10 дней,2026-08-11T05:01:49Z,2026-08-16T21:00:00Z,136.0,12.7,9.4,11.3,3.3,3.3
5-10 дней,2026-08-11T05:01:49Z,2026-08-17T00:00:00Z,139.0,11.9,9.3,10.8,2.6,2.6
5-10 дней,2026-08-11T05:01:49Z,2026-08-17T03:00:00Z,142.0,12.7,9.1,10.1,3.6,3.6
5-10 дней,2026-08-11T05:01:49Z,2026-08-17T06:00:00Z,145.0,14.2,15.0,12.3,-0.8,0.8
5-10 дней,2026-08-11T05:01:49Z,2026-08-17T09:00:00Z,148.0,16.2,17.9,14.3,-1.7,1.7
5-10 дней,2026-08-11T05:01:49Z,2026-08-17T12:00:00Z,151.0,17.6,19.5,16.0,-1.9,1.9
5-10 дней,2026-08-11T05:01:49Z,2026-08-17T15:00:00Z,154.0,16.9,19.1,16.2,-2.2,2.2
5-10 дней,2026-08-11T05:01:49Z,2026-08-17T18:00:00Z,157.0,15.5,14.5,11.2,1.0,1.0
5-10 дней,2026-08-11T05:01:49Z,2026-08-17T21:00:00Z,160.0,14.7,13.0,9.4,1.7,1.7
5-10 дней,2026-08-11T05:01:49Z,2026-08-18T00:00:00Z,163.0,14.1,13.0,9.3,1.1,1.1
5-10 дней,2026-08-11T05:01:49Z,2026-08-18T03:00:00Z,166.0,14.0,12.6,9.1,1.4,1.4
5-10 дней,2026-08-11T05:01:49Z,2026-08-18T06:00:00Z,169.0,14.4,15.4,15.0,-1.0,1.0
5-10 дней,2026-08-11T05:01:49Z,2026-08-18T09:00:00Z,172.0,16.0,18.7,17.9,-2.7,2.7
5-10 дней,2026-08-11T05:01:49Z,2026-08-18T12:00:00Z,175.0,17.3,18.5,19.5,-1.2,1.2
5-10 дней,2026-08-11T05:01:49Z,2026-08-18T15:00:00Z,178.0,16.5,18.8,19.1,-2.3,2.3
5-10 дней,2026-08-11T05:01:49Z,2026-08-18T18:00:00Z,181.0,15.2,14.0,14.5,1.2,1.2
5-10 дней,2026-08-11T05:01:49Z,2026-08-18T21:00:00Z,184.0,14.4,12.0,13.0,2.4,2.4
5-10 дней,2026-08-11T05:01:49Z,2026-08-19T00:00:00Z,187.0,14.0,12.5,13.0,1.5,1.5
5-10 дней,2026-08-11T05:01:49Z,2026-08-19T03:00:00Z,190.0,14.7,13.3,12.6,1.4,1.4
5-10 дней,2026-08-11T05:01:49Z,2026-08-19T06:00:00Z,193.0,15.8,14.3,15.4,1.5,1.5
5-10 дней,2026-08-11T05:01:49Z,2026-08-19T09:00:00Z,196.0,16.6,17.4,18.7,-0.8,0.8
5-10 дней,2026-08-11T05:01:49Z,2026-08-19T12:00:00Z,199.0,16.9,19.6,18.5,-2.7,2.7
5-10 дней,2026-08-11T05:01:49Z,2026-08-19T15:00:00Z,202.0,16.2,17.6,18.8,-1.4,1.4
5-10 дней,2026-08-11T05:01:49Z,2026-08-19T18:00:00Z,205.0,15.0,14.6,14.0,0.4,0.4
5-10 дней,2026-08-11T05:01:49Z,2026-08-19T21:00:00Z,208.0,13.7,15.0,12.0,-1.3,1.3
5-10 дней,2026-08-11T05:01:49Z,2026-08-20T00:00:00Z,211.0,13.0,15.1,12.5,-2.1,2.1
5-10 дней,2026-08-11T05:01:49Z,2026-08-20T03:00:00Z,214.0,14.2,15.2,13.3,-1.0,1.0
5-10 дней,2026-08-11T05:01:49Z,2026-08-20T06:00:00Z,217.0,15.8,15.0,14.3,0.8,0.8
5-10 дней,2026-08-11T05:01:49Z,2026-08-20T09:00:00Z,220.0,17.1,15.1,17.4,2.0,2.0
5-10 дней,2026-08-11T05:01:49Z,2026-08-20T12:00:00Z,223.0,17.6,16.7,19.6,0.9,0.9
5-10 дней,2026-08-11T05:01:49Z,2026-08-20T15:00:00Z,226.0,16.2,15.2,17.6,1.0,1.0
5-10 дней,2026-08-11T05:01:49Z,2026-08-20T18:00:00Z,229.0,14.3,13.8,14.6,0.5,0.5
5-10 дней,2026-08-11T05:01:49Z,2026-08-20T21:00:00Z,232.0,13.0,13.9,15.0,-0.9,0.9
5-10 дней,2026-08-11T10:38:45Z,2026-08-16T12:00:00Z,121.4,16.9,16.0,13.4,0.9,0.9
5-10 дней,2026-08-11T10:38:45Z,2026-08-16T15:00:00Z,124.4,16.5,16.2,13.0,0.3,0.3
5-10 дней,2026-08-11T10:38:45Z,2026-08-16T18:00:00Z,127.4,11.9,11.2,12.2,0.7,0.7
5-10 дней,2026-08-11T10:38:45Z,2026-08-16T21:00:00Z,130.4,10.0,9.4,11.3,0.6,0.6
5-10 дней,2026-08-11T10:38:45Z,2026-08-17T00:00:00Z,133.4,8.9,9.3,10.8,-0.4,0.4
5-10 дней,2026-08-11T10:38:45Z,2026-08-17T03:00:00Z,136.4,11.0,9.1,10.1,1.9,1.9
5-10 дней,2026-08-11T10:38:45Z,2026-08-17T06:00:00Z,139.4,14.1,15.0,12.3,-0.9,0.9
5-10 дней,2026-08-11T10:38:45Z,2026-08-17T09:00:00Z,142.4,17.6,17.9,14.3,-0.3,0.3
5-10 дней,2026-08-11T10:38:45Z,2026-08-17T12:00:00Z,145.4,20.0,19.5,16.0,0.5,0.5
5-10 дней,2026-08-11T10:38:45Z,2026-08-17T15:00:00Z,148.4,18.6,19.1,16.2,-0.5,0.5
5-10 дней,2026-08-11T10:38:45Z,2026-08-17T18:00:00Z,151.4,16.1,14.5,11.2,1.6,1.6
5-10 дней,2026-08-11T10:38:45Z,2026-08-17T21:00:00Z,154.4,14.3,13.0,9.4,1.3,1.3
5-10 дней,2026-08-11T10:38:45Z,2026-08-18T00:00:00Z,157.4,13.0,13.0,9.3,0.0,0.0
5-10 дней,2026-08-11T10:38:45Z,2026-08-18T03:00:00Z,160.4,12.7,12.6,9.1,0.1,0.1
5-10 дней,2026-08-11T10:38:45Z,2026-08-18T06:00:00Z,163.4,12.9,15.4,15.0,-2.5,2.5
5-10 дней,2026-08-11T10:38:45Z,2026-08-18T09:00:00Z,166.4,13.5,18.7,17.9,-5.2,5.2
5-10 дней,2026-08-11T10:38:45Z,2026-08-18T12:00:00Z,169.4,14.1,18.5,19.5,-4.4,4.4
5-10 дней,2026-08-11T10:38:45Z,2026-08-18T15:00:00Z,172.4,14.0,18.8,19.1,-4.8,4.8
5-10 дней,2026-08-11T10:38:45Z,2026-08-18T18:00:00Z,175.4,13.4,14.0,14.5,-0.6,0.6
5-10 дней,2026-08-11T10:38:45Z,2026-08-18T21:00:00Z,178.4,12.4,12.0,13.0,0.4,0.4
5-10 дней,2026-08-11T10:38:45Z,2026-08-19T00:00:00Z,181.4,11.5,12.5,13.0,-1.0,1.0
5-10 дней,2026-08-11T10:38:45Z,2026-08-19T03:00:00Z,184.4,11.7,13.3,12.6,-1.6,1.6
5-10 дней,2026-08-11T10:38:45Z,2026-08-19T06:00:00Z,187.4,12.3,14.3,15.4,-2.0,2.0
5-10 дней,2026-08-11T10:38:45Z,2026-08-19T09:00:00Z,190.4,13.4,17.4,18.7,-4.0,4.0
5-10 дней,2026-08-11T10:38:45Z,2026-08-19T12:00:00Z,193.4,14.0,19.6,18.5,-5.6,5.6
5-10 дней,2026-08-11T10:38:45Z,2026-08-19T15:00:00Z,196.4,12.9,17.6,18.8,-4.7,4.7
5-10 дней,2026-08-11T10:38:45Z,2026-08-19T18:00:00Z,199.4,11.6,14.6,14.0,-3.0,3.0
5-10 дней,2026-08-11T10:38:45Z,2026-08-19T21:00:00Z,202.4,11.3,15.0,12.0,-3.7,3.7
5-10 дней,2026-08-11T10:38:45Z,2026-08-20T00:00:00Z,205.4,11.3,15.1,12.5,-3.8,3.8
5-10 дней,2026-08-11T10:38:45Z,2026-08-20T03:00:00Z,208.4,11.4,15.2,13.3,-3.8,3.8
5-10 дней,2026-08-11T10:38:45Z,2026-08-20T06:00:00Z,211.4,11.5,15.0,14.3,-3.5,3.5
5-10 дней,2026-08-11T10:38:45Z,2026-08-20T09:00:00Z,214.4,11.6,15.1,17.4,-3.5,3.5
5-10 дней,2026-08-11T10:38:45Z,2026-08-20T12:00:00Z,217.4,11.5,16.7,19.6,-5.2,5.2
5-10 дней,2026-08-11T10:38:45Z,2026-08-20T15:00:00Z,220.4,10.9,15.2,17.6,-4.3,4.3
5-10 дней,2026-08-11T10:38:45Z,2026-08-20T18:00:00Z,223.4,10.1,13.8,14.6,-3.7,3.7
5-10 дней,2026-08-11T10:38:45Z,2026-08-20T21:00:00Z,226.4,9.4,13.9,15.0,-4.5,4.5
5-10 дней,2026-08-12T10:47:03Z,2026-08-17T12:00:00Z,121.2,20.3,19.5,16.0,0.8,0.8
5-10 дней,2026-08-12T10:47:03Z,2026-08-17T15:00:00Z,124.2,19.3,19.1,16.2,0.2,0.2
5-10 дней,2026-08-12T10:47:03Z,2026-08-17T18:00:00Z,127.2,16.6,14.5,11.2,2.1,2.1
5-10 дней,2026-08-12T10:47:03Z,2026-08-17T21:00:00Z,130.2,14.9,13.0,9.4,1.9,1.9
5-10 дней,2026-08-12T10:47:03Z,2026-08-18T00:00:00Z,133.2,14.0,13.0,9.3,1.0,1.0
5-10 дней,2026-08-12T10:47:03Z,2026-08-18T03:00:00Z,136.2,13.3,12.6,9.1,0.7,0.7
5-10 дней,2026-08-12T10:47:03Z,2026-08-18T06:00:00Z,139.2,13.4,15.4,15.0,-2.0,2.0
5-10 дней,2026-08-12T10:47:03Z,2026-08-18T09:00:00Z,142.2,15.6,18.7,17.9,-3.1,3.1
5-10 дней,2026-08-12T10:47:03Z,2026-08-18T12:00:00Z,145.2,17.5,18.5,19.5,-1.0,1.0
5-10 дней,2026-08-12T10:47:03Z,2026-08-18T15:00:00Z,148.2,16.2,18.8,19.1,-2.6,2.6
5-10 дней,2026-08-12T10:47:03Z,2026-08-18T18:00:00Z,151.2,14.2,14.0,14.5,0.2,0.2
5-10 дней,2026-08-12T10:47:03Z,2026-08-18T21:00:00Z,154.2,12.9,12.0,13.0,0.9,0.9
5-10 дней,2026-08-12T10:47:03Z,2026-08-19T00:00:00Z,157.2,12.4,12.5,13.0,-0.1,0.1
5-10 дней,2026-08-12T10:47:03Z,2026-08-19T03:00:00Z,160.2,13.9,13.3,12.6,0.6,0.6
5-10 дней,2026-08-12T10:47:03Z,2026-08-19T06:00:00Z,163.2,16.1,14.3,15.4,1.8,1.8
5-10 дней,2026-08-12T10:47:03Z,2026-08-19T09:00:00Z,166.2,18.4,17.4,18.7,1.0,1.0
5-10 дней,2026-08-12T10:47:03Z,2026-08-19T12:00:00Z,169.2,19.4,19.6,18.5,-0.2,0.2
5-10 дней,2026-08-12T10:47:03Z,2026-08-19T15:00:00Z,172.2,16.4,17.6,18.8,-1.2,1.2
5-10 дней,2026-08-12T10:47:03Z,2026-08-19T18:00:00Z,175.2,12.8,14.6,14.0,-1.8,1.8
5-10 дней,2026-08-12T10:47:03Z,2026-08-19T21:00:00Z,178.2,11.0,15.0,12.0,-4.0,4.0
5-10 дней,2026-08-12T10:47:03Z,2026-08-20T00:00:00Z,181.2,10.7,15.1,12.5,-4.4,4.4
5-10 дней,2026-08-12T10:47:03Z,2026-08-20T03:00:00Z,184.2,12.8,15.2,13.3,-2.4,2.4
5-10 дней,2026-08-12T10:47:03Z,2026-08-20T06:00:00Z,187.2,15.2,15.0,14.3,0.2,0.2
5-10 дней,2026-08-12T10:47:03Z,2026-08-20T09:00:00Z,190.2,15.6,15.1,17.4,0.5,0.5
5-10 дней,2026-08-12T10:47:03Z,2026-08-20T12:00:00Z,193.2,15.4,16.7,19.6,-1.3,1.3
5-10 дней,2026-08-12T10:47:03Z,2026-08-20T15:00:00Z,196.2,15.0,15.2,17.6,-0.2,0.2
5-10 дней,2026-08-12T10:47:03Z,2026-08-20T18:00:00Z,199.2,14.5,13.8,14.6,0.7,0.7
5-10 дней,2026-08-12T10:47:03Z,2026-08-20T21:00:00Z,202.2,13.7,13.9,15.0,-0.2,0.2
5-10 дней,2026-08-12T10:47:03Z,2026-08-21T00:00:00Z,205.2,12.9,13.1,15.1,-0.2,0.2
5-10 дней,2026-08-12T10:47:03Z,2026-08-21T03:00:00Z,208.2,12.4,12.4,15.2,0.0,0.0
5-10 дней,2026-08-12T10:47:03Z,2026-08-21T06:00:00Z,211.2,12.2,15.9,15.0,-3.7,3.7
5-10 дней,2026-08-12T10:47:03Z,2026-08-21T09:00:00Z,214.2,12.3,17.9,15.1,-5.6,5.6
5-10 дней,2026-08-12T10:47:03Z,2026-08-21T12:00:00Z,217.2,12.4,18.3,16.7,-5.9,5.9
5-10 дней,2026-08-12T10:47:03Z,2026-08-21T15:00:00Z,220.2,12.1,15.5,15.2,-3.4,3.4
5-10 дней,2026-08-12T10:47:03Z,2026-08-21T18:00:00Z,223.2,11.6,14.0,13.8,-2.4,2.4
5-10 дней,2026-08-12T10:47:03Z,2026-08-21T21:00:00Z,226.2,10.9,13.4,13.9,-2.5,2.5
5-10 дней,2026-08-12T16:54:57Z,2026-08-17T18:00:00Z,121.1,11.6,14.5,11.2,-2.9,2.9
5-10 дней,2026-08-12T16:54:57Z,2026-08-17T21:00:00Z,124.1,11.1,13.0,9.4,-1.9,1.9
5-10 дней,2026-08-12T16:54:57Z,2026-08-18T00:00:00Z,127.1,12.1,13.0,9.3,-0.9,0.9
5-10 дней,2026-08-12T16:54:57Z,2026-08-18T03:00:00Z,130.1,12.6,12.6,9.1,0.0,0.0
5-10 дней,2026-08-12T16:54:57Z,2026-08-18T06:00:00Z,133.1,15.5,15.4,15.0,0.1,0.1
5-10 дней,2026-08-12T16:54:57Z,2026-08-18T09:00:00Z,136.1,15.6,18.7,17.9,-3.1,3.1
5-10 дней,2026-08-12T16:54:57Z,2026-08-18T12:00:00Z,139.1,17.5,18.5,19.5,-1.0,1.0
5-10 дней,2026-08-12T16:54:57Z,2026-08-18T15:00:00Z,142.1,16.2,18.8,19.1,-2.6,2.6
5-10 дней,2026-08-12T16:54:57Z,2026-08-18T18:00:00Z,145.1,14.2,14.0,14.5,0.2,0.2
5-10 дней,2026-08-12T16:54:57Z,2026-08-18T21:00:00Z,148.1,12.9,12.0,13.0,0.9,0.9
5-10 дней,2026-08-12T16:54:57Z,2026-08-19T00:00:00Z,151.1,12.4,12.5,13.0,-0.1,0.1
5-10 дней,2026-08-12T16:54:57Z,2026-08-19T03:00:00Z,154.1,13.9,13.3,12.6,0.6,0.6
5-10 дней,2026-08-12T16:54:57Z,2026-08-19T06:00:00Z,157.1,16.1,14.3,15.4,1.8,1.8
5-10 дней,2026-08-12T16:54:57Z,2026-08-19T09:00:00Z,160.1,18.4,17.4,18.7,1.0,1.0
5-10 дней,2026-08-12T16:54:57Z,2026-08-19T12:00:00Z,163.1,19.4,19.6,18.5,-0.2,0.2
5-10 дней,2026-08-12T16:54:57Z,2026-08-19T15:00:00Z,166.1,16.4,17.6,18.8,-1.2,1.2
5-10 дней,2026-08-12T16:54:57Z,2026-08-19T18:00:00Z,169.1,12.8,14.6,14.0,-1.8,1.8
5-10 дней,2026-08-12T16:54:57Z,2026-08-19T21:00:00Z,172.1,11.0,15.0,12.0,-4.0,4.0
5-10 дней,2026-08-12T16:54:57Z,2026-08-20T00:00:00Z,175.1,10.7,15.1,12.5,-4.4,4.4
5-10 дней,2026-08-12T16:54:57Z,2026-08-20T03:00:00Z,178.1,12.8,15.2,13.3,-2.4,2.4
5-10 дней,2026-08-12T16:54:57Z,2026-08-20T06:00:00Z,181.1,15.2,15.0,14.3,0.2,0.2
5-10 дней,2026-08-12T16:54:57Z,2026-08-20T09:00:00Z,184.1,15.6,15.1,17.4,0.5,0.5
5-10 дней,2026-08-12T16:54:57Z,2026-08-20T12:00:00Z,187.1,15.4,16.7,19.6,-1.3,1.3
5-10 дней,2026-08-12T16:54:57Z,2026-08-20T15:00:00Z,190.1,15.0,15.2,17.6,-0.2,0.2
5-10 дней,2026-08-12T16:54:57Z,2026-08-20T18:00:00Z,193.1,14.5,13.8,14.6,0.7,0.7
5-10 дней,2026-08-12T16:54:57Z,2026-08-20T21:00:00Z,196.1,13.7,13.9,15.0,-0.2,0.2
5-10 дней,2026-08-12T16:54:57Z,2026-08-21T00:00:00Z,199.1,12.9,13.1,15.1,-0.2,0.2
5-10 дней,2026-08-12T16:54:57Z,2026-08-21T03:00:00Z,202.1,12.4,12.4,15.2,0.0,0.0
5-10 дней,2026-08-12T16:54:57Z,2026-08-21T06:00:00Z,205.1,12.2,15.9,15.0,-3.7,3.7
5-10 дней,2026-08-12T16:54:57Z,2026-08-21T09:00:00Z,208.1,12.3,17.9,15.1,-5.6,5.6
5-10 дней,2026-08-12T16:54:57Z,2026-08-21T12:00:00Z,211.1,12.4,18.3,16.7,-5.9,5.9
5-10 дней,2026-08-12T16:54:57Z,2026-08-21T15:00:00Z,214.1,12.1,15.5,15.2,-3.4,3.4
5-10 дней,2026-08-12T16:54:57Z,2026-08-21T18:00:00Z,217.1,11.6,14.0,13.8,-2.4,2.4
5-10 дней,2026-08-12T16:54:57Z,2026-08-21T21:00:00Z,220.1,10.9,13.4,13.9,-2.5,2.5
5-10 дней,2026-08-12T22:50:47Z,2026-08-18T00:00:00Z,121.2,10.1,13.0,9.3,-2.9,2.9
5-10 дней,2026-08-12T22:50:47Z,2026-08-18T03:00:00Z,124.2,10.8,12.6,9.1,-1.8,1.8
5-10 дней,2026-08-12T22:50:47Z,2026-08-18T06:00:00Z,127.2,15.3,15.4,15.0,-0.1,0.1
5-10 дней,2026-08-12T22:50:47Z,2026-08-18T09:00:00Z,130.2,18.8,18.7,17.9,0.1,0.1
5-10 дней,2026-08-12T22:50:47Z,2026-08-18T12:00:00Z,133.2,19.7,18.5,19.5,1.2,1.2
5-10 дней,2026-08-12T22:50:47Z,2026-08-18T15:00:00Z,136.2,17.4,18.8,19.1,-1.4,1.4
5-10 дней,2026-08-12T22:50:47Z,2026-08-18T18:00:00Z,139.2,14.2,14.0,14.5,0.2,0.2
5-10 дней,2026-08-12T22:50:47Z,2026-08-18T21:00:00Z,142.2,12.1,12.0,13.0,0.1,0.1
5-10 дней,2026-08-12T22:50:47Z,2026-08-19T00:00:00Z,145.2,11.3,12.5,13.0,-1.2,1.2
5-10 дней,2026-08-12T22:50:47Z,2026-08-19T03:00:00Z,148.2,13.0,13.3,12.6,-0.3,0.3
5-10 дней,2026-08-12T22:50:47Z,2026-08-19T06:00:00Z,151.2,15.7,14.3,15.4,1.4,1.4
5-10 дней,2026-08-12T22:50:47Z,2026-08-19T09:00:00Z,154.2,18.3,17.4,18.7,0.9,0.9
5-10 дней,2026-08-12T22:50:47Z,2026-08-19T12:00:00Z,157.2,19.8,19.6,18.5,0.2,0.2
5-10 дней,2026-08-12T22:50:47Z,2026-08-19T15:00:00Z,160.2,18.2,17.6,18.8,0.6,0.6
5-10 дней,2026-08-12T22:50:47Z,2026-08-19T18:00:00Z,163.2,15.6,14.6,14.0,1.0,1.0
5-10 дней,2026-08-12T22:50:47Z,2026-08-19T21:00:00Z,166.2,13.3,15.0,12.0,-1.7,1.7
5-10 дней,2026-08-12T22:50:47Z,2026-08-20T00:00:00Z,169.2,12.1,15.1,12.5,-3.0,3.0
5-10 дней,2026-08-12T22:50:47Z,2026-08-20T03:00:00Z,172.2,13.8,15.2,13.3,-1.4,1.4
5-10 дней,2026-08-12T22:50:47Z,2026-08-20T06:00:00Z,175.2,16.3,15.0,14.3,1.3,1.3
5-10 дней,2026-08-12T22:50:47Z,2026-08-20T09:00:00Z,178.2,18.3,15.1,17.4,3.2,3.2
5-10 дней,2026-08-12T22:50:47Z,2026-08-20T12:00:00Z,181.2,19.4,16.7,19.6,2.7,2.7
5-10 дней,2026-08-12T22:50:47Z,2026-08-20T15:00:00Z,184.2,18.5,15.2,17.6,3.3,3.3
5-10 дней,2026-08-12T22:50:47Z,2026-08-20T18:00:00Z,187.2,16.6,13.8,14.6,2.8,2.8
5-10 дней,2026-08-12T22:50:47Z,2026-08-20T21:00:00Z,190.2,14.2,13.9,15.0,0.3,0.3
5-10 дней,2026-08-12T22:50:47Z,2026-08-21T00:00:00Z,193.2,12.7,13.1,15.1,-0.4,0.4
5-10 дней,2026-08-12T22:50:47Z,2026-08-21T03:00:00Z,196.2,14.2,12.4,15.2,1.8,1.8
5-10 дней,2026-08-12T22:50:47Z,2026-08-21T06:00:00Z,199.2,16.8,15.9,15.0,0.9,0.9
5-10 дней,2026-08-12T22:50:47Z,2026-08-21T09:00:00Z,202.2,19.5,17.9,15.1,1.6,1.6
5-10 дней,2026-08-12T22:50:47Z,2026-08-21T12:00:00Z,205.2,21.0,18.3,16.7,2.7,2.7
5-10 дней,2026-08-12T22:50:47Z,2026-08-21T15:00:00Z,208.2,18.7,15.5,15.2,3.2,3.2
5-10 дней,2026-08-12T22:50:47Z,2026-08-21T18:00:00Z,211.2,15.6,14.0,13.8,1.6,1.6
5-10 дней,2026-08-12T22:50:47Z,2026-08-21T21:00:00Z,214.2,13.7,13.4,13.9,0.3,0.3
5-10 дней,2026-08-13T05:30:08Z,2026-08-18T06:00:00Z,120.5,16.3,15.4,15.0,0.9,0.9
5-10 дней,2026-08-13T05:30:08Z,2026-08-18T09:00:00Z,123.5,19.4,18.7,17.9,0.7,0.7
5-10 дней,2026-08-13T05:30:08Z,2026-08-18T12:00:00Z,126.5,20.4,18.5,19.5,1.9,1.9
5-10 дней,2026-08-13T05:30:08Z,2026-08-18T15:00:00Z,129.5,18.9,18.8,19.1,0.1,0.1
5-10 дней,2026-08-13T05:30:08Z,2026-08-18T18:00:00Z,132.5,15.0,14.0,14.5,1.0,1.0
5-10 дней,2026-08-13T05:30:08Z,2026-08-18T21:00:00Z,135.5,12.1,12.0,13.0,0.1,0.1
5-10 дней,2026-08-13T05:30:08Z,2026-08-19T00:00:00Z,138.5,11.3,12.5,13.0,-1.2,1.2
5-10 дней,2026-08-13T05:30:08Z,2026-08-19T03:00:00Z,141.5,13.0,13.3,12.6,-0.3,0.3
5-10 дней,2026-08-13T05:30:08Z,2026-08-19T06:00:00Z,144.5,15.7,14.3,15.4,1.4,1.4
5-10 дней,2026-08-13T05:30:08Z,2026-08-19T09:00:00Z,147.5,18.3,17.4,18.7,0.9,0.9
5-10 дней,2026-08-13T05:30:08Z,2026-08-19T12:00:00Z,150.5,19.8,19.6,18.5,0.2,0.2
5-10 дней,2026-08-13T05:30:08Z,2026-08-19T15:00:00Z,153.5,18.2,17.6,18.8,0.6,0.6
5-10 дней,2026-08-13T05:30:08Z,2026-08-19T18:00:00Z,156.5,15.6,14.6,14.0,1.0,1.0
5-10 дней,2026-08-13T05:30:08Z,2026-08-19T21:00:00Z,159.5,13.3,15.0,12.0,-1.7,1.7
5-10 дней,2026-08-13T05:30:08Z,2026-08-20T00:00:00Z,162.5,12.1,15.1,12.5,-3.0,3.0
5-10 дней,2026-08-13T05:30:08Z,2026-08-20T03:00:00Z,165.5,13.8,15.2,13.3,-1.4,1.4
5-10 дней,2026-08-13T05:30:08Z,2026-08-20T06:00:00Z,168.5,16.3,15.0,14.3,1.3,1.3
5-10 дней,2026-08-13T05:30:08Z,2026-08-20T09:00:00Z,171.5,18.3,15.1,17.4,3.2,3.2
5-10 дней,2026-08-13T05:30:08Z,2026-08-20T12:00:00Z,174.5,19.4,16.7,19.6,2.7,2.7
5-10 дней,2026-08-13T05:30:08Z,2026-08-20T15:00:00Z,177.5,18.5,15.2,17.6,3.3,3.3
5-10 дней,2026-08-13T05:30:08Z,2026-08-20T18:00:00Z,180.5,16.6,13.8,14.6,2.8,2.8
5-10 дней,2026-08-13T05:30:08Z,2026-08-20T21:00:00Z,183.5,14.2,13.9,15.0,0.3,0.3
5-10 дней,2026-08-13T05:30:08Z,2026-08-21T00:00:00Z,186.5,12.7,13.1,15.1,-0.4,0.4
5-10 дней,2026-08-13T05:30:08Z,2026-08-21T03:00:00Z,189.5,14.2,12.4,15.2,1.8,1.8
5-10 дней,2026-08-13T05:30:08Z,2026-08-21T06:00:00Z,192.5,16.8,15.9,15.0,0.9,0.9
5-10 дней,2026-08-13T05:30:08Z,2026-08-21T09:00:00Z,195.5,19.5,17.9,15.1,1.6,1.6
5-10 дней,2026-08-13T05:30:08Z,2026-08-21T12:00:00Z,198.5,21.0,18.3,16.7,2.7,2.7
5-10 дней,2026-08-13T05:30:08Z,2026-08-21T15:00:00Z,201.5,18.7,15.5,15.2,3.2,3.2
5-10 дней,2026-08-13T05:30:08Z,2026-08-21T18:00:00Z,204.5,15.6,14.0,13.8,1.6,1.6
5-10 дней,2026-08-13T05:30:08Z,2026-08-21T21:00:00Z,207.5,13.7,13.4,13.9,0.3,0.3
5-10 дней,2026-08-13T05:30:08Z,2026-08-22T00:00:00Z,210.5,12.8,13.5,13.1,-0.7,0.7
5-10 дней,2026-08-13T05:30:08Z,2026-08-22T03:00:00Z,213.5,13.6,14.2,12.4,-0.6,0.6
5-10 дней,2026-08-13T05:30:08Z,2026-08-22T06:00:00Z,216.5,15.4,15.4,15.9,0.0,0.0
5-10 дней,2026-08-13T05:30:08Z,2026-08-22T09:00:00Z,219.5,18.4,16.3,17.9,2.1,2.1
5-10 дней,2026-08-13T05:30:08Z,2026-08-22T12:00:00Z,222.5,20.4,18.2,18.3,2.2,2.2
5-10 дней,2026-08-13T05:30:08Z,2026-08-22T15:00:00Z,225.5,18.1,16.2,15.5,1.9,1.9
5-10 дней,2026-08-13T05:30:08Z,2026-08-22T18:00:00Z,228.5,14.9,12.5,14.0,2.4,2.4
5-10 дней,2026-08-13T05:30:08Z,2026-08-22T21:00:00Z,231.5,13.2,11.1,13.4,2.1,2.1
5-10 дней,2026-08-13T10:49:01Z,2026-08-18T12:00:00Z,121.2,19.8,18.5,19.5,1.3,1.3
5-10 дней,2026-08-13T10:49:01Z,2026-08-18T15:00:00Z,124.2,18.7,18.8,19.1,-0.1,0.1
5-10 дней,2026-08-13T10:49:01Z,2026-08-18T18:00:00Z,127.2,14.1,14.0,14.5,0.1,0.1
5-10 дней,2026-08-13T10:49:01Z,2026-08-18T21:00:00Z,130.2,13.5,12.0,13.0,1.5,1.5
5-10 дней,2026-08-13T10:49:01Z,2026-08-19T00:00:00Z,133.2,12.0,12.5,13.0,-0.5,0.5
5-10 дней,2026-08-13T10:49:01Z,2026-08-19T03:00:00Z,136.2,14.0,13.3,12.6,0.7,0.7
5-10 дней,2026-08-13T10:49:01Z,2026-08-19T06:00:00Z,139.2,16.7,14.3,15.4,2.4,2.4
5-10 дней,2026-08-13T10:49:01Z,2026-08-19T09:00:00Z,142.2,18.6,17.4,18.7,1.2,1.2
5-10 дней,2026-08-13T10:49:01Z,2026-08-19T12:00:00Z,145.2,19.4,19.6,18.5,-0.2,0.2
5-10 дней,2026-08-13T10:49:01Z,2026-08-19T15:00:00Z,148.2,18.1,17.6,18.8,0.5,0.5
5-10 дней,2026-08-13T10:49:01Z,2026-08-19T18:00:00Z,151.2,15.9,14.6,14.0,1.3,1.3
5-10 дней,2026-08-13T10:49:01Z,2026-08-19T21:00:00Z,154.2,13.8,15.0,12.0,-1.2,1.2
5-10 дней,2026-08-13T10:49:01Z,2026-08-20T00:00:00Z,157.2,12.6,15.1,12.5,-2.5,2.5
5-10 дней,2026-08-13T10:49:01Z,2026-08-20T03:00:00Z,160.2,13.9,15.2,13.3,-1.3,1.3
5-10 дней,2026-08-13T10:49:01Z,2026-08-20T06:00:00Z,163.2,16.1,15.0,14.3,1.1,1.1
5-10 дней,2026-08-13T10:49:01Z,2026-08-20T09:00:00Z,166.2,18.2,15.1,17.4,3.1,3.1
5-10 дней,2026-08-13T10:49:01Z,2026-08-20T12:00:00Z,169.2,19.3,16.7,19.6,2.6,2.6
5-10 дней,2026-08-13T10:49:01Z,2026-08-20T15:00:00Z,172.2,17.7,15.2,17.6,2.5,2.5
5-10 дней,2026-08-13T10:49:01Z,2026-08-20T18:00:00Z,175.2,15.4,13.8,14.6,1.6,1.6
5-10 дней,2026-08-13T10:49:01Z,2026-08-20T21:00:00Z,178.2,13.4,13.9,15.0,-0.5,0.5
5-10 дней,2026-08-13T10:49:01Z,2026-08-21T00:00:00Z,181.2,12.3,13.1,15.1,-0.8,0.8
5-10 дней,2026-08-13T10:49:01Z,2026-08-21T03:00:00Z,184.2,13.6,12.4,15.2,1.2,1.2
5-10 дней,2026-08-13T10:49:01Z,2026-08-21T06:00:00Z,187.2,15.8,15.9,15.0,-0.1,0.1
5-10 дней,2026-08-13T10:49:01Z,2026-08-21T09:00:00Z,190.2,18.1,17.9,15.1,0.2,0.2
5-10 дней,2026-08-13T10:49:01Z,2026-08-21T12:00:00Z,193.2,19.3,18.3,16.7,1.0,1.0
5-10 дней,2026-08-13T10:49:01Z,2026-08-21T15:00:00Z,196.2,17.4,15.5,15.2,1.9,1.9
5-10 дней,2026-08-13T10:49:01Z,2026-08-21T18:00:00Z,199.2,14.5,14.0,13.8,0.5,0.5
5-10 дней,2026-08-13T10:49:01Z,2026-08-21T21:00:00Z,202.2,11.9,13.4,13.9,-1.5,1.5
5-10 дней,2026-08-13T10:49:01Z,2026-08-22T00:00:00Z,205.2,10.7,13.5,13.1,-2.8,2.8
5-10 дней,2026-08-13T10:49:01Z,2026-08-22T03:00:00Z,208.2,13.1,14.2,12.4,-1.1,1.1
5-10 дней,2026-08-13T10:49:01Z,2026-08-22T06:00:00Z,211.2,16.5,15.4,15.9,1.1,1.1
5-10 дней,2026-08-13T10:49:01Z,2026-08-22T09:00:00Z,214.2,19.3,16.3,17.9,3.0,3.0
5-10 дней,2026-08-13T10:49:01Z,2026-08-22T12:00:00Z,217.2,20.5,18.2,18.3,2.3,2.3
5-10 дней,2026-08-13T10:49:01Z,2026-08-22T15:00:00Z,220.2,18.1,16.2,15.5,1.9,1.9
5-10 дней,2026-08-13T10:49:01Z,2026-08-22T18:00:00Z,223.2,14.7,12.5,14.0,2.2,2.2
5-10 дней,2026-08-13T10:49:01Z,2026-08-22T21:00:00Z,226.2,12.1,11.1,13.4,1.0,1.0
5-10 дней,2026-08-13T16:36:10Z,2026-08-18T18:00:00Z,121.4,14.9,14.0,14.5,0.9,0.9
5-10 дней,2026-08-13T16:36:10Z,2026-08-18T21:00:00Z,124.4,13.1,12.0,13.0,1.1,1.1
5-10 дней,2026-08-13T16:36:10Z,2026-08-19T00:00:00Z,127.4,12.4,12.5,13.0,-0.1,0.1
5-10 дней,2026-08-13T16:36:10Z,2026-08-19T03:00:00Z,130.4,12.7,13.3,12.6,-0.6,0.6
5-10 дней,2026-08-13T16:36:10Z,2026-08-19T06:00:00Z,133.4,15.6,14.3,15.4,1.3,1.3
5-10 дней,2026-08-13T16:36:10Z,2026-08-19T09:00:00Z,136.4,18.6,17.4,18.7,1.2,1.2
5-10 дней,2026-08-13T16:36:10Z,2026-08-19T12:00:00Z,139.4,19.4,19.6,18.5,-0.2,0.2
5-10 дней,2026-08-13T16:36:10Z,2026-08-19T15:00:00Z,142.4,18.1,17.6,18.8,0.5,0.5
5-10 дней,2026-08-13T16:36:10Z,2026-08-19T18:00:00Z,145.4,15.9,14.6,14.0,1.3,1.3
5-10 дней,2026-08-13T16:36:10Z,2026-08-19T21:00:00Z,148.4,13.8,15.0,12.0,-1.2,1.2
5-10 дней,2026-08-13T16:36:10Z,2026-08-20T00:00:00Z,151.4,12.6,15.1,12.5,-2.5,2.5
5-10 дней,2026-08-13T16:36:10Z,2026-08-20T03:00:00Z,154.4,13.9,15.2,13.3,-1.3,1.3
5-10 дней,2026-08-13T16:36:10Z,2026-08-20T06:00:00Z,157.4,16.1,15.0,14.3,1.1,1.1
5-10 дней,2026-08-13T16:36:10Z,2026-08-20T09:00:00Z,160.4,18.2,15.1,17.4,3.1,3.1
5-10 дней,2026-08-13T16:36:10Z,2026-08-20T12:00:00Z,163.4,19.3,16.7,19.6,2.6,2.6
5-10 дней,2026-08-13T16:36:10Z,2026-08-20T15:00:00Z,166.4,17.7,15.2,17.6,2.5,2.5
5-10 дней,2026-08-13T16:36:10Z,2026-08-20T18:00:00Z,169.4,15.4,13.8,14.6,1.6,1.6
5-10 дней,2026-08-13T16:36:10Z,2026-08-20T21:00:00Z,172.4,13.4,13.9,15.0,-0.5,0.5
5-10 дней,2026-08-13T16:36:10Z,2026-08-21T00:00:00Z,175.4,12.3,13.1,15.1,-0.8,0.8
5-10 дней,2026-08-13T16:36:10Z,2026-08-21T03:00:00Z,178.4,13.6,12.4,15.2,1.2,1.2
5-10 дней,2026-08-13T16:36:10Z,2026-08-21T06:00:00Z,181.4,15.8,15.9,15.0,-0.1,0.1
5-10 дней,2026-08-13T16:36:10Z,2026-08-21T09:00:00Z,184.4,18.1,17.9,15.1,0.2,0.2
5-10 дней,2026-08-13T16:36:10Z,2026-08-21T12:00:00Z,187.4,19.3,18.3,16.7,1.0,1.0
5-10 дней,2026-08-13T16:36:10Z,2026-08-21T15:00:00Z,190.4,17.4,15.5,15.2,1.9,1.9
5-10 дней,2026-08-13T16:36:10Z,2026-08-21T18:00:00Z,193.4,14.5,14.0,13.8,0.5,0.5
5-10 дней,2026-08-13T16:36:10Z,2026-08-21T21:00:00Z,196.4,11.9,13.4,13.9,-1.5,1.5
5-10 дней,2026-08-13T16:36:10Z,2026-08-22T00:00:00Z,199.4,10.7,13.5,13.1,-2.8,2.8
5-10 дней,2026-08-13T16:36:10Z,2026-08-22T03:00:00Z,202.4,13.1,14.2,12.4,-1.1,1.1
5-10 дней,2026-08-13T16:36:10Z,2026-08-22T06:00:00Z,205.4,16.5,15.4,15.9,1.1,1.1
5-10 дней,2026-08-13T16:36:10Z,2026-08-22T09:00:00Z,208.4,19.3,16.3,17.9,3.0,3.0
5-10 дней,2026-08-13T16:36:10Z,2026-08-22T12:00:00Z,211.4,20.5,18.2,18.3,2.3,2.3
5-10 дней,2026-08-13T16:36:10Z,2026-08-22T15:00:00Z,214.4,18.1,16.2,15.5,1.9,1.9
5-10 дней,2026-08-13T16:36:10Z,2026-08-22T18:00:00Z,217.4,14.7,12.5,14.0,2.2,2.2
5-10 дней,2026-08-13T16:36:10Z,2026-08-22T21:00:00Z,220.4,12.1,11.1,13.4,1.0,1.0
5-10 дней,2026-08-13T16:42:24Z,2026-08-18T18:00:00Z,121.3,14.9,14.0,14.5,0.9,0.9
5-10 дней,2026-08-13T16:42:24Z,2026-08-18T21:00:00Z,124.3,13.1,12.0,13.0,1.1,1.1
5-10 дней,2026-08-13T16:42:24Z,2026-08-19T00:00:00Z,127.3,12.4,12.5,13.0,-0.1,0.1
5-10 дней,2026-08-13T16:42:24Z,2026-08-19T03:00:00Z,130.3,12.7,13.3,12.6,-0.6,0.6
5-10 дней,2026-08-13T16:42:24Z,2026-08-19T06:00:00Z,133.3,15.6,14.3,15.4,1.3,1.3
5-10 дней,2026-08-13T16:42:24Z,2026-08-19T09:00:00Z,136.3,18.6,17.4,18.7,1.2,1.2
5-10 дней,2026-08-13T16:42:24Z,2026-08-19T12:00:00Z,139.3,19.4,19.6,18.5,-0.2,0.2
5-10 дней,2026-08-13T16:42:24Z,2026-08-19T15:00:00Z,142.3,18.1,17.6,18.8,0.5,0.5
5-10 дней,2026-08-13T16:42:24Z,2026-08-19T18:00:00Z,145.3,15.9,14.6,14.0,1.3,1.3
5-10 дней,2026-08-13T16:42:24Z,2026-08-19T21:00:00Z,148.3,13.8,15.0,12.0,-1.2,1.2
5-10 дней,2026-08-13T16:42:24Z,2026-08-20T00:00:00Z,151.3,12.6,15.1,12.5,-2.5,2.5
5-10 дней,2026-08-13T16:42:24Z,2026-08-20T03:00:00Z,154.3,13.9,15.2,13.3,-1.3,1.3
5-10 дней,2026-08-13T16:42:24Z,2026-08-20T06:00:00Z,157.3,16.1,15.0,14.3,1.1,1.1
5-10 дней,2026-08-13T16:42:24Z,2026-08-20T09:00:00Z,160.3,18.2,15.1,17.4,3.1,3.1
5-10 дней,2026-08-13T16:42:24Z,2026-08-20T12:00:00Z,163.3,19.3,16.7,19.6,2.6,2.6
5-10 дней,2026-08-13T16:42:24Z,2026-08-20T15:00:00Z,166.3,17.7,15.2,17.6,2.5,2.5
5-10 дней,2026-08-13T16:42:24Z,2026-08-20T18:00:00Z,169.3,15.4,13.8,14.6,1.6,1.6
5-10 дней,2026-08-13T16:42:24Z,2026-08-20T21:00:00Z,172.3,13.4,13.9,15.0,-0.5,0.5
5-10 дней,2026-08-13T16:42:24Z,2026-08-21T00:00:00Z,175.3,12.3,13.1,15.1,-0.8,0.8
5-10 дней,2026-08-13T16:42:24Z,2026-08-21T03:00:00Z,178.3,13.6,12.4,15.2,1.2,1.2
5-10 дней,2026-08-13T16:42:24Z,2026-08-21T06:00:00Z,181.3,15.8,15.9,15.0,-0.1,0.1
5-10 дней,2026-08-13T16:42:24Z,2026-08-21T09:00:00Z,184.3,18.1,17.9,15.1,0.2,0.2
5-10 дней,2026-08-13T16:42:24Z,2026-08-21T12:00:00Z,187.3,19.3,18.3,16.7,1.0,1.0
5-10 дней,2026-08-13T16:42:24Z,2026-08-21T15:00:00Z,190.3,17.4,15.5,15.2,1.9,1.9
5-10 дней,2026-08-13T16:42:24Z,2026-08-21T18:00:00Z,193.3,14.5,14.0,13.8,0.5,0.5
5-10 дней,2026-08-13T16:42:24Z,2026-08-21T21:00:00Z,196.3,11.9,13.4,13.9,-1.5,1.5
5-10 дней,2026-08-13T16:42:24Z,2026-08-22T00:00:00Z,199.3,10.7,13.5,13.1,-2.8,2.8
5-10 дней,2026-08-13T16:42:24Z,2026-08-22T03:00:00Z,202.3,13.1,14.2,12.4,-1.1,1.1
5-10 дней,2026-08-13T16:42:24Z,2026-08-22T06:00:00Z,205.3,16.5,15.4,15.9,1.1,1.1
5-10 дней,2026-08-13T16:42:24Z,2026-08-22T09:00:00Z,208.3,19.3,16.3,17.9,3.0,3.0
5-10 дней,2026-08-13T16:42:24Z,2026-08-22T12:00:00Z,211.3,20.5,18.2,18.3,2.3,2.3
5-10 дней,2026-08-13T16:42:24Z,2026-08-22T15:00:00Z,214.3,18.1,16.2,15.5,1.9,1.9
5-10 дней,2026-08-13T16:42:24Z,2026-08-22T18:00:00Z,217.3,14.7,12.5,14.0,2.2,2.2
5-10 дней,2026-08-13T16:42:24Z,2026-08-22T21:00:00Z,220.3,12.1,11.1,13.4,1.0,1.0
5-10 дней,2026-08-13T16:54:22Z,2026-08-18T18:00:00Z,121.1,14.9,14.0,14.5,0.9,0.9
5-10 дней,2026-08-13T16:54:22Z,2026-08-18T21:00:00Z,124.1,13.1,12.0,13.0,1.1,1.1
5-10 дней,2026-08-13T16:54:22Z,2026-08-19T00:00:00Z,127.1,12.4,12.5,13.0,-0.1,0.1
5-10 дней,2026-08-13T16:54:22Z,2026-08-19T03:00:00Z,130.1,12.7,13.3,12.6,-0.6,0.6
5-10 дней,2026-08-13T16:54:22Z,2026-08-19T06:00:00Z,133.1,15.6,14.3,15.4,1.3,1.3
5-10 дней,2026-08-13T16:54:22Z,2026-08-19T09:00:00Z,136.1,18.6,17.4,18.7,1.2,1.2
5-10 дней,2026-08-13T16:54:22Z,2026-08-19T12:00:00Z,139.1,19.4,19.6,18.5,-0.2,0.2
5-10 дней,2026-08-13T16:54:22Z,2026-08-19T15:00:00Z,142.1,18.1,17.6,18.8,0.5,0.5
5-10 дней,2026-08-13T16:54:22Z,2026-08-19T18:00:00Z,145.1,15.9,14.6,14.0,1.3,1.3
5-10 дней,2026-08-13T16:54:22Z,2026-08-19T21:00:00Z,148.1,13.8,15.0,12.0,-1.2,1.2
5-10 дней,2026-08-13T16:54:22Z,2026-08-20T00:00:00Z,151.1,12.6,15.1,12.5,-2.5,2.5
5-10 дней,2026-08-13T16:54:22Z,2026-08-20T03:00:00Z,154.1,13.9,15.2,13.3,-1.3,1.3
5-10 дней,2026-08-13T16:54:22Z,2026-08-20T06:00:00Z,157.1,16.1,15.0,14.3,1.1,1.1
5-10 дней,2026-08-13T16:54:22Z,2026-08-20T09:00:00Z,160.1,18.2,15.1,17.4,3.1,3.1
5-10 дней,2026-08-13T16:54:22Z,2026-08-20T12:00:00Z,163.1,19.3,16.7,19.6,2.6,2.6
5-10 дней,2026-08-13T16:54:22Z,2026-08-20T15:00:00Z,166.1,17.7,15.2,17.6,2.5,2.5
5-10 дней,2026-08-13T16:54:22Z,2026-08-20T18:00:00Z,169.1,15.4,13.8,14.6,1.6,1.6
5-10 дней,2026-08-13T16:54:22Z,2026-08-20T21:00:00Z,172.1,13.4,13.9,15.0,-0.5,0.5
5-10 дней,2026-08-13T16:54:22Z,2026-08-21T00:00:00Z,175.1,12.3,13.1,15.1,-0.8,0.8
5-10 дней,2026-08-13T16:54:22Z,2026-08-21T03:00:00Z,178.1,13.6,12.4,15.2,1.2,1.2
5-10 дней,2026-08-13T16:54:22Z,2026-08-21T06:00:00Z,181.1,15.8,15.9,15.0,-0.1,0.1
5-10 дней,2026-08-13T16:54:22Z,2026-08-21T09:00:00Z,184.1,18.1,17.9,15.1,0.2,0.2
5-10 дней,2026-08-13T16:54:22Z,2026-08-21T12:00:00Z,187.1,19.3,18.3,16.7,1.0,1.0
5-10 дней,2026-08-13T16:54:22Z,2026-08-21T15:00:00Z,190.1,17.4,15.5,15.2,1.9,1.9
5-10 дней,2026-08-13T16:54:22Z,2026-08-21T18:00:00Z,193.1,14.5,14.0,13.8,0.5,0.5
5-10 дней,2026-08-13T16:54:22Z,2026-08-21T21:00:00Z,196.1,11.9,13.4,13.9,-1.5,1.5
5-10 дней,2026-08-13T16:54:22Z,2026-08-22T00:00:00Z,199.1,10.7,13.5,13.1,-2.8,2.8
5-10 дней,2026-08-13T16:54:22Z,2026-08-22T03:00:00Z,202.1,13.1,14.2,12.4,-1.1,1.1
5-10 дней,2026-08-13T16:54:22Z,2026-08-22T06:00:00Z,205.1,16.5,15.4,15.9,1.1,1.1
5-10 дней,2026-08-13T16:54:22Z,2026-08-22T09:00:00Z,208.1,19.3,16.3,17.9,3.0,3.0
5-10 дней,2026-08-13T16:54:22Z,2026-08-22T12:00:00Z,211.1,20.5,18.2,18.3,2.3,2.3
5-10 дней,2026-08-13T16:54:22Z,2026-08-22T15:00:00Z,214.1,18.1,16.2,15.5,1.9,1.9
5-10 дней,2026-08-13T16:54:22Z,2026-08-22T18:00:00Z,217.1,14.7,12.5,14.0,2.2,2.2
5-10 дней,2026-08-13T16:54:22Z,2026-08-22T21:00:00Z,220.1,12.1,11.1,13.4,1.0,1.0
5-10 дней,2026-08-13T22:52:17Z,2026-08-19T00:00:00Z,121.1,13.3,12.5,13.0,0.8,0.8
5-10 дней,2026-08-13T22:52:17Z,2026-08-19T03:00:00Z,124.1,13.2,13.3,12.6,-0.1,0.1
5-10 дней,2026-08-13T22:52:17Z,2026-08-19T06:00:00Z,127.1,17.9,14.3,15.4,3.6,3.6
5-10 дней,2026-08-13T22:52:17Z,2026-08-19T09:00:00Z,130.1,20.5,17.4,18.7,3.1,3.1
5-10 дней,2026-08-13T22:52:17Z,2026-08-19T12:00:00Z,133.1,21.0,19.6,18.5,1.4,1.4
5-10 дней,2026-08-13T22:52:17Z,2026-08-19T15:00:00Z,136.1,19.1,17.6,18.8,1.5,1.5
5-10 дней,2026-08-13T22:52:17Z,2026-08-19T18:00:00Z,139.1,16.4,14.6,14.0,1.8,1.8
5-10 дней,2026-08-13T22:52:17Z,2026-08-19T21:00:00Z,142.1,14.9,15.0,12.0,-0.1,0.1
5-10 дней,2026-08-13T22:52:17Z,2026-08-20T00:00:00Z,145.1,14.3,15.1,12.5,-0.8,0.8
5-10 дней,2026-08-13T22:52:17Z,2026-08-20T03:00:00Z,148.1,15.1,15.2,13.3,-0.1,0.1
5-10 дней,2026-08-13T22:52:17Z,2026-08-20T06:00:00Z,151.1,16.6,15.0,14.3,1.6,1.6
5-10 дней,2026-08-13T22:52:17Z,2026-08-20T09:00:00Z,154.1,18.3,15.1,17.4,3.2,3.2
5-10 дней,2026-08-13T22:52:17Z,2026-08-20T12:00:00Z,157.1,19.3,16.7,19.6,2.6,2.6
5-10 дней,2026-08-13T22:52:17Z,2026-08-20T15:00:00Z,160.1,17.4,15.2,17.6,2.2,2.2
5-10 дней,2026-08-13T22:52:17Z,2026-08-20T18:00:00Z,163.1,14.8,13.8,14.6,1.0,1.0
5-10 дней,2026-08-13T22:52:17Z,2026-08-20T21:00:00Z,166.1,13.0,13.9,15.0,-0.9,0.9
5-10 дней,2026-08-13T22:52:17Z,2026-08-21T00:00:00Z,169.1,12.2,13.1,15.1,-0.9,0.9
5-10 дней,2026-08-13T22:52:17Z,2026-08-21T03:00:00Z,172.1,14.0,12.4,15.2,1.6,1.6
5-10 дней,2026-08-13T22:52:17Z,2026-08-21T06:00:00Z,175.1,16.5,15.9,15.0,0.6,0.6
5-10 дней,2026-08-13T22:52:17Z,2026-08-21T09:00:00Z,178.1,18.3,17.9,15.1,0.4,0.4
5-10 дней,2026-08-13T22:52:17Z,2026-08-21T12:00:00Z,181.1,19.1,18.3,16.7,0.8,0.8
5-10 дней,2026-08-13T22:52:17Z,2026-08-21T15:00:00Z,184.1,17.2,15.5,15.2,1.7,1.7
5-10 дней,2026-08-13T22:52:17Z,2026-08-21T18:00:00Z,187.1,15.0,14.0,13.8,1.0,1.0
5-10 дней,2026-08-13T22:52:17Z,2026-08-21T21:00:00Z,190.1,14.7,13.4,13.9,1.3,1.3
5-10 дней,2026-08-13T22:52:17Z,2026-08-22T00:00:00Z,193.1,15.0,13.5,13.1,1.5,1.5
5-10 дней,2026-08-13T22:52:17Z,2026-08-22T03:00:00Z,196.1,15.0,14.2,12.4,0.8,0.8
5-10 дней,2026-08-13T22:52:17Z,2026-08-22T06:00:00Z,199.1,15.5,15.4,15.9,0.1,0.1
5-10 дней,2026-08-13T22:52:17Z,2026-08-22T09:00:00Z,202.1,17.6,16.3,17.9,1.3,1.3
5-10 дней,2026-08-13T22:52:17Z,2026-08-22T12:00:00Z,205.1,19.3,18.2,18.3,1.1,1.1
5-10 дней,2026-08-13T22:52:17Z,2026-08-22T15:00:00Z,208.1,18.6,16.2,15.5,2.4,2.4
5-10 дней,2026-08-13T22:52:17Z,2026-08-22T18:00:00Z,211.1,17.1,12.5,14.0,4.6,4.6
5-10 дней,2026-08-13T22:52:17Z,2026-08-22T21:00:00Z,214.1,15.7,11.1,13.4,4.6,4.6
5-10 дней,2026-08-14T05:28:14Z,2026-08-19T06:00:00Z,120.5,15.4,14.3,15.4,1.1,1.1
5-10 дней,2026-08-14T05:28:14Z,2026-08-19T09:00:00Z,123.5,17.9,17.4,18.7,0.5,0.5
5-10 дней,2026-08-14T05:28:14Z,2026-08-19T12:00:00Z,126.5,19.3,19.6,18.5,-0.3,0.3
5-10 дней,2026-08-14T05:28:14Z,2026-08-19T15:00:00Z,129.5,18.5,17.6,18.8,0.9,0.9
5-10 дней,2026-08-14T05:28:14Z,2026-08-19T18:00:00Z,132.5,15.4,14.6,14.0,0.8,0.8
5-10 дней,2026-08-14T05:28:14Z,2026-08-19T21:00:00Z,135.5,14.9,15.0,12.0,-0.1,0.1
5-10 дней,2026-08-14T05:28:14Z,2026-08-20T00:00:00Z,138.5,14.3,15.1,12.5,-0.8,0.8
5-10 дней,2026-08-14T05:28:14Z,2026-08-20T03:00:00Z,141.5,15.1,15.2,13.3,-0.1,0.1
5-10 дней,2026-08-14T05:28:14Z,2026-08-20T06:00:00Z,144.5,16.6,15.0,14.3,1.6,1.6
5-10 дней,2026-08-14T05:28:14Z,2026-08-20T09:00:00Z,147.5,18.3,15.1,17.4,3.2,3.2
5-10 дней,2026-08-14T05:28:14Z,2026-08-20T12:00:00Z,150.5,19.3,16.7,19.6,2.6,2.6
5-10 дней,2026-08-14T05:28:14Z,2026-08-20T15:00:00Z,153.5,17.4,15.2,17.6,2.2,2.2
5-10 дней,2026-08-14T05:28:14Z,2026-08-20T18:00:00Z,156.5,14.8,13.8,14.6,1.0,1.0
5-10 дней,2026-08-14T05:28:14Z,2026-08-20T21:00:00Z,159.5,13.0,13.9,15.0,-0.9,0.9
5-10 дней,2026-08-14T05:28:14Z,2026-08-21T00:00:00Z,162.5,12.2,13.1,15.1,-0.9,0.9
5-10 дней,2026-08-14T05:28:14Z,2026-08-21T03:00:00Z,165.5,14.0,12.4,15.2,1.6,1.6
5-10 дней,2026-08-14T05:28:14Z,2026-08-21T06:00:00Z,168.5,16.5,15.9,15.0,0.6,0.6
5-10 дней,2026-08-14T05:28:14Z,2026-08-21T09:00:00Z,171.5,18.3,17.9,15.1,0.4,0.4
5-10 дней,2026-08-14T05:28:14Z,2026-08-21T12:00:00Z,174.5,19.1,18.3,16.7,0.8,0.8
5-10 дней,2026-08-14T05:28:14Z,2026-08-21T15:00:00Z,177.5,17.2,15.5,15.2,1.7,1.7
5-10 дней,2026-08-14T05:28:14Z,2026-08-21T18:00:00Z,180.5,15.0,14.0,13.8,1.0,1.0
5-10 дней,2026-08-14T05:28:14Z,2026-08-21T21:00:00Z,183.5,14.7,13.4,13.9,1.3,1.3
5-10 дней,2026-08-14T05:28:14Z,2026-08-22T00:00:00Z,186.5,15.0,13.5,13.1,1.5,1.5
5-10 дней,2026-08-14T05:28:14Z,2026-08-22T03:00:00Z,189.5,15.0,14.2,12.4,0.8,0.8
5-10 дней,2026-08-14T05:28:14Z,2026-08-22T06:00:00Z,192.5,15.5,15.4,15.9,0.1,0.1
5-10 дней,2026-08-14T05:28:14Z,2026-08-22T09:00:00Z,195.5,17.6,16.3,17.9,1.3,1.3
5-10 дней,2026-08-14T05:28:14Z,2026-08-22T12:00:00Z,198.5,19.3,18.2,18.3,1.1,1.1
5-10 дней,2026-08-14T05:28:14Z,2026-08-22T15:00:00Z,201.5,18.6,16.2,15.5,2.4,2.4
5-10 дней,2026-08-14T05:28:14Z,2026-08-22T18:00:00Z,204.5,17.1,12.5,14.0,4.6,4.6
5-10 дней,2026-08-14T05:28:14Z,2026-08-22T21:00:00Z,207.5,15.7,11.1,13.4,4.6,4.6
5-10 дней,2026-08-14T05:28:14Z,2026-08-23T00:00:00Z,210.5,15.0,10.8,13.5,4.2,4.2
5-10 дней,2026-08-14T05:28:14Z,2026-08-23T03:00:00Z,213.5,16.5,10.5,14.2,6.0,6.0
5-10 дней,2026-08-14T05:28:14Z,2026-08-23T06:00:00Z,216.5,18.8,15.3,15.4,3.5,3.5
5-10 дней,2026-08-14T05:28:14Z,2026-08-23T09:00:00Z,219.5,21.3,19.7,16.3,1.6,1.6
5-10 дней,2026-08-14T05:28:14Z,2026-08-23T12:00:00Z,222.5,22.6,15.9,18.2,6.7,6.7
5-10 дней,2026-08-14T05:28:14Z,2026-08-23T15:00:00Z,225.5,20.1,14.0,16.2,6.1,6.1
5-10 дней,2026-08-14T05:28:14Z,2026-08-23T18:00:00Z,228.5,17.0,13.2,12.5,3.8,3.8
5-10 дней,2026-08-14T05:28:14Z,2026-08-23T21:00:00Z,231.5,15.4,13.5,11.1,1.9,1.9
5-10 дней,2026-08-14T10:44:54Z,2026-08-19T12:00:00Z,121.3,21.0,19.6,18.5,1.4,1.4
5-10 дней,2026-08-14T10:44:54Z,2026-08-19T15:00:00Z,124.3,19.9,17.6,18.8,2.3,2.3
5-10 дней,2026-08-14T10:44:54Z,2026-08-19T18:00:00Z,127.3,16.8,14.6,14.0,2.2,2.2
5-10 дней,2026-08-14T10:44:54Z,2026-08-19T21:00:00Z,130.3,15.2,15.0,12.0,0.2,0.2
5-10 дней,2026-08-14T10:44:54Z,2026-08-20T00:00:00Z,133.3,14.1,15.1,12.5,-1.0,1.0
5-10 дней,2026-08-14T10:44:54Z,2026-08-20T03:00:00Z,136.3,14.6,15.2,13.3,-0.6,0.6
5-10 дней,2026-08-14T10:44:54Z,2026-08-20T06:00:00Z,139.3,15.4,15.0,14.3,0.4,0.4
5-10 дней,2026-08-14T10:44:54Z,2026-08-20T09:00:00Z,142.3,15.6,15.1,17.4,0.5,0.5
5-10 дней,2026-08-14T10:44:54Z,2026-08-20T12:00:00Z,145.3,15.4,16.7,19.6,-1.3,1.3
5-10 дней,2026-08-14T10:44:54Z,2026-08-20T15:00:00Z,148.3,14.5,15.2,17.6,-0.7,0.7
5-10 дней,2026-08-14T10:44:54Z,2026-08-20T18:00:00Z,151.3,13.4,13.8,14.6,-0.4,0.4
5-10 дней,2026-08-14T10:44:54Z,2026-08-20T21:00:00Z,154.3,12.2,13.9,15.0,-1.7,1.7
5-10 дней,2026-08-14T10:44:54Z,2026-08-21T00:00:00Z,157.3,11.5,13.1,15.1,-1.6,1.6
5-10 дней,2026-08-14T10:44:54Z,2026-08-21T03:00:00Z,160.3,12.3,12.4,15.2,-0.1,0.1
5-10 дней,2026-08-14T10:44:54Z,2026-08-21T06:00:00Z,163.3,13.7,15.9,15.0,-2.2,2.2
5-10 дней,2026-08-14T10:44:54Z,2026-08-21T09:00:00Z,166.3,15.6,17.9,15.1,-2.3,2.3
5-10 дней,2026-08-14T10:44:54Z,2026-08-21T12:00:00Z,169.3,16.9,18.3,16.7,-1.4,1.4
5-10 дней,2026-08-14T10:44:54Z,2026-08-21T15:00:00Z,172.3,15.5,15.5,15.2,0.0,0.0
5-10 дней,2026-08-14T10:44:54Z,2026-08-21T18:00:00Z,175.3,13.6,14.0,13.8,-0.4,0.4
5-10 дней,2026-08-14T10:44:54Z,2026-08-21T21:00:00Z,178.3,12.6,13.4,13.9,-0.8,0.8
5-10 дней,2026-08-14T10:44:54Z,2026-08-22T00:00:00Z,181.3,12.3,13.5,13.1,-1.2,1.2
5-10 дней,2026-08-14T10:44:54Z,2026-08-22T03:00:00Z,184.3,13.0,14.2,12.4,-1.2,1.2
5-10 дней,2026-08-14T10:44:54Z,2026-08-22T06:00:00Z,187.3,14.3,15.4,15.9,-1.1,1.1
5-10 дней,2026-08-14T10:44:54Z,2026-08-22T09:00:00Z,190.3,16.4,16.3,17.9,0.1,0.1
5-10 дней,2026-08-14T10:44:54Z,2026-08-22T12:00:00Z,193.3,17.7,18.2,18.3,-0.5,0.5
5-10 дней,2026-08-14T10:44:54Z,2026-08-22T15:00:00Z,196.3,15.8,16.2,15.5,-0.4,0.4
5-10 дней,2026-08-14T10:44:54Z,2026-08-22T18:00:00Z,199.3,13.3,12.5,14.0,0.8,0.8
5-10 дней,2026-08-14T10:44:54Z,2026-08-22T21:00:00Z,202.3,11.9,11.1,13.4,0.8,0.8
5-10 дней,2026-08-14T10:44:54Z,2026-08-23T00:00:00Z,205.3,11.6,10.8,13.5,0.8,0.8
5-10 дней,2026-08-14T10:44:54Z,2026-08-23T03:00:00Z,208.3,13.9,10.5,14.2,3.4,3.4
5-10 дней,2026-08-14T10:44:54Z,2026-08-23T06:00:00Z,211.3,16.4,15.3,15.4,1.1,1.1
5-10 дней,2026-08-14T10:44:54Z,2026-08-23T09:00:00Z,214.3,16.4,19.7,16.3,-3.3,3.3
5-10 дней,2026-08-14T10:44:54Z,2026-08-23T12:00:00Z,217.3,15.6,15.9,18.2,-0.3,0.3
5-10 дней,2026-08-14T10:44:54Z,2026-08-23T15:00:00Z,220.3,15.2,14.0,16.2,1.2,1.2
5-10 дней,2026-08-14T10:44:54Z,2026-08-23T18:00:00Z,223.3,14.4,13.2,12.5,1.2,1.2
5-10 дней,2026-08-14T10:44:54Z,2026-08-23T21:00:00Z,226.3,12.8,13.5,11.1,-0.7,0.7
5-10 дней,2026-08-14T16:48:33Z,2026-08-19T18:00:00Z,121.2,13.8,14.6,14.0,-0.8,0.8
5-10 дней,2026-08-14T16:48:33Z,2026-08-19T21:00:00Z,124.2,12.9,15.0,12.0,-2.1,2.1
5-10 дней,2026-08-14T16:48:33Z,2026-08-20T00:00:00Z,127.2,11.9,15.1,12.5,-3.2,3.2
5-10 дней,2026-08-14T16:48:33Z,2026-08-20T03:00:00Z,130.2,12.6,15.2,13.3,-2.6,2.6
5-10 дней,2026-08-14T16:48:33Z,2026-08-20T06:00:00Z,133.2,14.2,15.0,14.3,-0.8,0.8
5-10 дней,2026-08-14T16:48:33Z,2026-08-20T09:00:00Z,136.2,15.6,15.1,17.4,0.5,0.5
5-10 дней,2026-08-14T16:48:33Z,2026-08-20T12:00:00Z,139.2,15.4,16.7,19.6,-1.3,1.3
5-10 дней,2026-08-14T16:48:33Z,2026-08-20T15:00:00Z,142.2,14.5,15.2,17.6,-0.7,0.7
5-10 дней,2026-08-14T16:48:33Z,2026-08-20T18:00:00Z,145.2,13.4,13.8,14.6,-0.4,0.4
5-10 дней,2026-08-14T16:48:33Z,2026-08-20T21:00:00Z,148.2,12.2,13.9,15.0,-1.7,1.7
5-10 дней,2026-08-14T16:48:33Z,2026-08-21T00:00:00Z,151.2,11.5,13.1,15.1,-1.6,1.6
5-10 дней,2026-08-14T16:48:33Z,2026-08-21T03:00:00Z,154.2,12.3,12.4,15.2,-0.1,0.1
5-10 дней,2026-08-14T16:48:33Z,2026-08-21T06:00:00Z,157.2,13.7,15.9,15.0,-2.2,2.2
5-10 дней,2026-08-14T16:48:33Z,2026-08-21T09:00:00Z,160.2,15.6,17.9,15.1,-2.3,2.3
5-10 дней,2026-08-14T16:48:33Z,2026-08-21T12:00:00Z,163.2,16.9,18.3,16.7,-1.4,1.4
5-10 дней,2026-08-14T16:48:33Z,2026-08-21T15:00:00Z,166.2,15.5,15.5,15.2,0.0,0.0
5-10 дней,2026-08-14T16:48:33Z,2026-08-21T18:00:00Z,169.2,13.6,14.0,13.8,-0.4,0.4
5-10 дней,2026-08-14T16:48:33Z,2026-08-21T21:00:00Z,172.2,12.6,13.4,13.9,-0.8,0.8
5-10 дней,2026-08-14T16:48:33Z,2026-08-22T00:00:00Z,175.2,12.3,13.5,13.1,-1.2,1.2
5-10 дней,2026-08-14T16:48:33Z,2026-08-22T03:00:00Z,178.2,13.0,14.2,12.4,-1.2,1.2
5-10 дней,2026-08-14T16:48:33Z,2026-08-22T06:00:00Z,181.2,14.3,15.4,15.9,-1.1,1.1
5-10 дней,2026-08-14T16:48:33Z,2026-08-22T09:00:00Z,184.2,16.4,16.3,17.9,0.1,0.1
5-10 дней,2026-08-14T16:48:33Z,2026-08-22T12:00:00Z,187.2,17.7,18.2,18.3,-0.5,0.5
5-10 дней,2026-08-14T16:48:33Z,2026-08-22T15:00:00Z,190.2,15.8,16.2,15.5,-0.4,0.4
5-10 дней,2026-08-14T16:48:33Z,2026-08-22T18:00:00Z,193.2,13.3,12.5,14.0,0.8,0.8
5-10 дней,2026-08-14T16:48:33Z,2026-08-22T21:00:00Z,196.2,11.9,11.1,13.4,0.8,0.8
5-10 дней,2026-08-14T16:48:33Z,2026-08-23T00:00:00Z,199.2,11.6,10.8,13.5,0.8,0.8
5-10 дней,2026-08-14T16:48:33Z,2026-08-23T03:00:00Z,202.2,13.9,10.5,14.2,3.4,3.4
5-10 дней,2026-08-14T16:48:33Z,2026-08-23T06:00:00Z,205.2,16.4,15.3,15.4,1.1,1.1
5-10 дней,2026-08-14T16:48:33Z,2026-08-23T09:00:00Z,208.2,16.4,19.7,16.3,-3.3,3.3
5-10 дней,2026-08-14T16:48:33Z,2026-08-23T12:00:00Z,211.2,15.6,15.9,18.2,-0.3,0.3
5-10 дней,2026-08-14T16:48:33Z,2026-08-23T15:00:00Z,214.2,15.2,14.0,16.2,1.2,1.2
5-10 дней,2026-08-14T16:48:33Z,2026-08-23T18:00:00Z,217.2,14.4,13.2,12.5,1.2,1.2
5-10 дней,2026-08-14T16:48:33Z,2026-08-23T21:00:00Z,220.2,12.8,13.5,11.1,-0.7,0.7
5-10 дней,2026-08-14T22:30:55Z,2026-08-20T00:00:00Z,121.5,13.3,15.1,12.5,-1.8,1.8
5-10 дней,2026-08-14T22:30:55Z,2026-08-20T03:00:00Z,124.5,13.2,15.2,13.3,-2.0,2.0
5-10 дней,2026-08-14T22:30:55Z,2026-08-20T06:00:00Z,127.5,15.8,15.0,14.3,0.8,0.8
5-10 дней,2026-08-14T22:30:55Z,2026-08-20T09:00:00Z,130.5,18.4,15.1,17.4,3.3,3.3
5-10 дней,2026-08-14T22:30:55Z,2026-08-20T12:00:00Z,133.5,19.2,16.7,19.6,2.5,2.5
5-10 дней,2026-08-14T22:30:55Z,2026-08-20T15:00:00Z,136.5,17.5,15.2,17.6,2.3,2.3
5-10 дней,2026-08-14T22:30:55Z,2026-08-20T18:00:00Z,139.5,15.0,13.8,14.6,1.2,1.2
5-10 дней,2026-08-14T22:30:55Z,2026-08-20T21:00:00Z,142.5,13.0,13.9,15.0,-0.9,0.9
5-10 дней,2026-08-14T22:30:55Z,2026-08-21T00:00:00Z,145.5,11.9,13.1,15.1,-1.2,1.2
5-10 дней,2026-08-14T22:30:55Z,2026-08-21T03:00:00Z,148.5,12.8,12.4,15.2,0.4,0.4
5-10 дней,2026-08-14T22:30:55Z,2026-08-21T06:00:00Z,151.5,14.3,15.9,15.0,-1.6,1.6
5-10 дней,2026-08-14T22:30:55Z,2026-08-21T09:00:00Z,154.5,15.6,17.9,15.1,-2.3,2.3
5-10 дней,2026-08-14T22:30:55Z,2026-08-21T12:00:00Z,157.5,16.2,18.3,16.7,-2.1,2.1
5-10 дней,2026-08-14T22:30:55Z,2026-08-21T15:00:00Z,160.5,14.9,15.5,15.2,-0.6,0.6
5-10 дней,2026-08-14T22:30:55Z,2026-08-21T18:00:00Z,163.5,13.3,14.0,13.8,-0.7,0.7
5-10 дней,2026-08-14T22:30:55Z,2026-08-21T21:00:00Z,166.5,12.7,13.4,13.9,-0.7,0.7
5-10 дней,2026-08-14T22:30:55Z,2026-08-22T00:00:00Z,169.5,12.5,13.5,13.1,-1.0,1.0
5-10 дней,2026-08-14T22:30:55Z,2026-08-22T03:00:00Z,172.5,12.8,14.2,12.4,-1.4,1.4
5-10 дней,2026-08-14T22:30:55Z,2026-08-22T06:00:00Z,175.5,13.3,15.4,15.9,-2.1,2.1
5-10 дней,2026-08-14T22:30:55Z,2026-08-22T09:00:00Z,178.5,13.8,16.3,17.9,-2.5,2.5
5-10 дней,2026-08-14T22:30:55Z,2026-08-22T12:00:00Z,181.5,14.1,18.2,18.3,-4.1,4.1
5-10 дней,2026-08-14T22:30:55Z,2026-08-22T15:00:00Z,184.5,13.6,16.2,15.5,-2.6,2.6
5-10 дней,2026-08-14T22:30:55Z,2026-08-22T18:00:00Z,187.5,12.9,12.5,14.0,0.4,0.4
5-10 дней,2026-08-14T22:30:55Z,2026-08-22T21:00:00Z,190.5,12.2,11.1,13.4,1.1,1.1
5-10 дней,2026-08-14T22:30:55Z,2026-08-23T00:00:00Z,193.5,11.7,10.8,13.5,0.9,0.9
5-10 дней,2026-08-14T22:30:55Z,2026-08-23T03:00:00Z,196.5,12.0,10.5,14.2,1.5,1.5
5-10 дней,2026-08-14T22:30:55Z,2026-08-23T06:00:00Z,199.5,12.8,15.3,15.4,-2.5,2.5
5-10 дней,2026-08-14T22:30:55Z,2026-08-23T09:00:00Z,202.5,14.4,19.7,16.3,-5.3,5.3
5-10 дней,2026-08-14T22:30:55Z,2026-08-23T12:00:00Z,205.5,15.6,15.9,18.2,-0.3,0.3
5-10 дней,2026-08-14T22:30:55Z,2026-08-23T15:00:00Z,208.5,14.7,14.0,16.2,0.7,0.7
5-10 дней,2026-08-14T22:30:55Z,2026-08-23T18:00:00Z,211.5,13.1,13.2,12.5,-0.1,0.1
5-10 дней,2026-08-14T22:30:55Z,2026-08-23T21:00:00Z,214.5,11.3,13.5,11.1,-2.2,2.2
5-10 дней,2026-08-15T04:24:15Z,2026-08-20T06:00:00Z,121.6,13.9,15.0,14.3,-1.1,1.1
5-10 дней,2026-08-15T04:24:15Z,2026-08-20T09:00:00Z,124.6,15.2,15.1,17.4,0.1,0.1
5-10 дней,2026-08-15T04:24:15Z,2026-08-20T12:00:00Z,127.6,17.2,16.7,19.6,0.5,0.5
5-10 дней,2026-08-15T04:24:15Z,2026-08-20T15:00:00Z,130.6,16.2,15.2,17.6,1.0,1.0
5-10 дней,2026-08-15T04:24:15Z,2026-08-20T18:00:00Z,133.6,13.5,13.8,14.6,-0.3,0.3
5-10 дней,2026-08-15T04:24:15Z,2026-08-20T21:00:00Z,136.6,13.0,13.9,15.0,-0.9,0.9
5-10 дней,2026-08-15T04:24:15Z,2026-08-21T00:00:00Z,139.6,11.9,13.1,15.1,-1.2,1.2
5-10 дней,2026-08-15T04:24:15Z,2026-08-21T03:00:00Z,142.6,12.8,12.4,15.2,0.4,0.4
5-10 дней,2026-08-15T04:24:15Z,2026-08-21T06:00:00Z,145.6,14.3,15.9,15.0,-1.6,1.6
5-10 дней,2026-08-15T04:24:15Z,2026-08-21T09:00:00Z,148.6,15.6,17.9,15.1,-2.3,2.3
5-10 дней,2026-08-15T04:24:15Z,2026-08-21T12:00:00Z,151.6,16.2,18.3,16.7,-2.1,2.1
5-10 дней,2026-08-15T04:24:15Z,2026-08-21T15:00:00Z,154.6,14.9,15.5,15.2,-0.6,0.6
5-10 дней,2026-08-15T04:24:15Z,2026-08-21T18:00:00Z,157.6,13.3,14.0,13.8,-0.7,0.7
5-10 дней,2026-08-15T04:24:15Z,2026-08-21T21:00:00Z,160.6,12.7,13.4,13.9,-0.7,0.7
5-10 дней,2026-08-15T04:24:15Z,2026-08-22T00:00:00Z,163.6,12.5,13.5,13.1,-1.0,1.0
5-10 дней,2026-08-15T04:24:15Z,2026-08-22T03:00:00Z,166.6,12.8,14.2,12.4,-1.4,1.4
5-10 дней,2026-08-15T04:24:15Z,2026-08-22T06:00:00Z,169.6,13.3,15.4,15.9,-2.1,2.1
5-10 дней,2026-08-15T04:24:15Z,2026-08-22T09:00:00Z,172.6,13.8,16.3,17.9,-2.5,2.5
5-10 дней,2026-08-15T04:24:15Z,2026-08-22T12:00:00Z,175.6,14.1,18.2,18.3,-4.1,4.1
5-10 дней,2026-08-15T04:24:15Z,2026-08-22T15:00:00Z,178.6,13.6,16.2,15.5,-2.6,2.6
5-10 дней,2026-08-15T04:24:15Z,2026-08-22T18:00:00Z,181.6,12.9,12.5,14.0,0.4,0.4
5-10 дней,2026-08-15T04:24:15Z,2026-08-22T21:00:00Z,184.6,12.2,11.1,13.4,1.1,1.1
5-10 дней,2026-08-15T04:24:15Z,2026-08-23T00:00:00Z,187.6,11.7,10.8,13.5,0.9,0.9
5-10 дней,2026-08-15T04:24:15Z,2026-08-23T03:00:00Z,190.6,12.0,10.5,14.2,1.5,1.5
5-10 дней,2026-08-15T04:24:15Z,2026-08-23T06:00:00Z,193.6,12.8,15.3,15.4,-2.5,2.5
5-10 дней,2026-08-15T04:24:15Z,2026-08-23T09:00:00Z,196.6,14.4,19.7,16.3,-5.3,5.3
5-10 дней,2026-08-15T04:24:15Z,2026-08-23T12:00:00Z,199.6,15.6,15.9,18.2,-0.3,0.3
5-10 дней,2026-08-15T04:24:15Z,2026-08-23T15:00:00Z,202.6,14.7,14.0,16.2,0.7,0.7
5-10 дней,2026-08-15T04:24:15Z,2026-08-23T18:00:00Z,205.6,13.1,13.2,12.5,-0.1,0.1
5-10 дней,2026-08-15T04:24:15Z,2026-08-23T21:00:00Z,208.6,11.3,13.5,11.1,-2.2,2.2
5-10 дней,2026-08-15T04:24:15Z,2026-08-24T00:00:00Z,211.6,10.3,13.8,10.8,-3.5,3.5
5-10 дней,2026-08-15T04:24:15Z,2026-08-24T03:00:00Z,214.6,11.9,14.1,10.5,-2.2,2.2
5-10 дней,2026-08-15T04:24:15Z,2026-08-24T06:00:00Z,217.6,14.0,14.4,15.3,-0.4,0.4
5-10 дней,2026-08-15T04:24:15Z,2026-08-24T09:00:00Z,220.6,15.3,15.7,19.7,-0.4,0.4
5-10 дней,2026-08-15T04:24:15Z,2026-08-24T12:00:00Z,223.6,15.5,17.8,15.9,-2.3,2.3
5-10 дней,2026-08-15T04:24:15Z,2026-08-24T15:00:00Z,226.6,13.0,15.6,14.0,-2.6,2.6
5-10 дней,2026-08-15T04:24:15Z,2026-08-24T18:00:00Z,229.6,10.1,14.5,13.2,-4.4,4.4
5-10 дней,2026-08-15T04:24:15Z,2026-08-24T21:00:00Z,232.6,8.6,14.1,13.5,-5.5,5.5
5-10 дней,2026-08-15T10:09:15Z,2026-08-20T12:00:00Z,121.8,15.6,16.7,19.6,-1.1,1.1
5-10 дней,2026-08-15T10:09:15Z,2026-08-20T15:00:00Z,124.8,16.6,15.2,17.6,1.4,1.4
5-10 дней,2026-08-15T10:09:15Z,2026-08-20T18:00:00Z,127.8,14.1,13.8,14.6,0.3,0.3
5-10 дней,2026-08-15T10:09:15Z,2026-08-20T21:00:00Z,130.8,13.3,13.9,15.0,-0.6,0.6
5-10 дней,2026-08-15T10:09:15Z,2026-08-21T00:00:00Z,133.8,13.3,13.1,15.1,0.2,0.2
5-10 дней,2026-08-15T10:09:15Z,2026-08-21T03:00:00Z,136.8,13.8,12.4,15.2,1.4,1.4
5-10 дней,2026-08-15T10:09:15Z,2026-08-21T06:00:00Z,139.8,14.9,15.9,15.0,-1.0,1.0
5-10 дней,2026-08-15T10:09:15Z,2026-08-21T09:00:00Z,142.8,17.6,17.9,15.1,-0.3,0.3
5-10 дней,2026-08-15T10:09:15Z,2026-08-21T12:00:00Z,145.8,19.5,18.3,16.7,1.2,1.2
5-10 дней,2026-08-15T10:09:15Z,2026-08-21T15:00:00Z,148.8,17.4,15.5,15.2,1.9,1.9
5-10 дней,2026-08-15T10:09:15Z,2026-08-21T18:00:00Z,151.8,14.4,14.0,13.8,0.4,0.4
5-10 дней,2026-08-15T10:09:15Z,2026-08-21T21:00:00Z,154.8,12.9,13.4,13.9,-0.5,0.5
5-10 дней,2026-08-15T10:09:15Z,2026-08-22T00:00:00Z,157.8,12.3,13.5,13.1,-1.2,1.2
5-10 дней,2026-08-15T10:09:15Z,2026-08-22T03:00:00Z,160.8,13.0,14.2,12.4,-1.2,1.2
5-10 дней,2026-08-15T10:09:15Z,2026-08-22T06:00:00Z,163.8,14.5,15.4,15.9,-0.9,0.9
5-10 дней,2026-08-15T10:09:15Z,2026-08-22T09:00:00Z,166.8,17.2,16.3,17.9,0.9,0.9
5-10 дней,2026-08-15T10:09:15Z,2026-08-22T12:00:00Z,169.8,18.9,18.2,18.3,0.7,0.7
5-10 дней,2026-08-15T10:09:15Z,2026-08-22T15:00:00Z,172.8,17.0,16.2,15.5,0.8,0.8
5-10 дней,2026-08-15T10:09:15Z,2026-08-22T18:00:00Z,175.8,14.2,12.5,14.0,1.7,1.7
5-10 дней,2026-08-15T10:09:15Z,2026-08-22T21:00:00Z,178.8,12.7,11.1,13.4,1.6,1.6
5-10 дней,2026-08-15T10:09:15Z,2026-08-23T00:00:00Z,181.8,12.2,10.8,13.5,1.4,1.4
5-10 дней,2026-08-15T10:09:15Z,2026-08-23T03:00:00Z,184.8,13.5,10.5,14.2,3.0,3.0
5-10 дней,2026-08-15T10:09:15Z,2026-08-23T06:00:00Z,187.8,15.2,15.3,15.4,-0.1,0.1
5-10 дней,2026-08-15T10:09:15Z,2026-08-23T09:00:00Z,190.8,16.2,19.7,16.3,-3.5,3.5
5-10 дней,2026-08-15T10:09:15Z,2026-08-23T12:00:00Z,193.8,16.4,15.9,18.2,0.5,0.5
5-10 дней,2026-08-15T10:09:15Z,2026-08-23T15:00:00Z,196.8,15.3,14.0,16.2,1.3,1.3
5-10 дней,2026-08-15T10:09:15Z,2026-08-23T18:00:00Z,199.8,13.8,13.2,12.5,0.6,0.6
5-10 дней,2026-08-15T10:09:15Z,2026-08-23T21:00:00Z,202.8,12.6,13.5,11.1,-0.9,0.9
5-10 дней,2026-08-15T10:09:15Z,2026-08-24T00:00:00Z,205.8,12.0,13.8,10.8,-1.8,1.8
5-10 дней,2026-08-15T10:09:15Z,2026-08-24T03:00:00Z,208.8,13.2,14.1,10.5,-0.9,0.9
5-10 дней,2026-08-15T10:09:15Z,2026-08-24T06:00:00Z,211.8,15.0,14.4,15.3,0.6,0.6
5-10 дней,2026-08-15T10:09:15Z,2026-08-24T09:00:00Z,214.8,16.7,15.7,19.7,1.0,1.0
5-10 дней,2026-08-15T10:09:15Z,2026-08-24T12:00:00Z,217.8,17.6,17.8,15.9,-0.2,0.2
5-10 дней,2026-08-15T10:09:15Z,2026-08-24T15:00:00Z,220.8,15.5,15.6,14.0,-0.1,0.1
5-10 дней,2026-08-15T10:09:15Z,2026-08-24T18:00:00Z,223.8,13.0,14.5,13.2,-1.5,1.5
5-10 дней,2026-08-15T10:09:15Z,2026-08-24T21:00:00Z,226.8,11.9,14.1,13.5,-2.2,2.2
5-10 дней,2026-08-15T22:29:33Z,2026-08-21T00:00:00Z,121.5,13.9,13.1,15.1,0.8,0.8
5-10 дней,2026-08-15T22:29:33Z,2026-08-21T03:00:00Z,124.5,13.5,12.4,15.2,1.1,1.1
5-10 дней,2026-08-15T22:29:33Z,2026-08-21T06:00:00Z,127.5,16.1,15.9,15.0,0.2,0.2
5-10 дней,2026-08-15T22:29:33Z,2026-08-21T09:00:00Z,130.5,18.8,17.9,15.1,0.9,0.9
5-10 дней,2026-08-15T22:29:33Z,2026-08-21T12:00:00Z,133.5,19.7,18.3,16.7,1.4,1.4
5-10 дней,2026-08-15T22:29:33Z,2026-08-21T15:00:00Z,136.5,17.6,15.5,15.2,2.1,2.1
5-10 дней,2026-08-15T22:29:33Z,2026-08-21T18:00:00Z,139.5,14.6,14.0,13.8,0.6,0.6
5-10 дней,2026-08-15T22:29:33Z,2026-08-21T21:00:00Z,142.5,12.4,13.4,13.9,-1.0,1.0
5-10 дней,2026-08-15T22:29:33Z,2026-08-22T00:00:00Z,145.5,11.4,13.5,13.1,-2.1,2.1
5-10 дней,2026-08-15T22:29:33Z,2026-08-22T03:00:00Z,148.5,13.8,14.2,12.4,-0.4,0.4
5-10 дней,2026-08-15T22:29:33Z,2026-08-22T06:00:00Z,151.5,17.1,15.4,15.9,1.7,1.7
5-10 дней,2026-08-15T22:29:33Z,2026-08-22T09:00:00Z,154.5,19.9,16.3,17.9,3.6,3.6
5-10 дней,2026-08-15T22:29:33Z,2026-08-22T12:00:00Z,157.5,21.3,18.2,18.3,3.1,3.1
5-10 дней,2026-08-15T22:29:33Z,2026-08-22T15:00:00Z,160.5,19.0,16.2,15.5,2.8,2.8
5-10 дней,2026-08-15T22:29:33Z,2026-08-22T18:00:00Z,163.5,16.0,12.5,14.0,3.5,3.5
5-10 дней,2026-08-15T22:29:33Z,2026-08-22T21:00:00Z,166.5,14.9,11.1,13.4,3.8,3.8
5-10 дней,2026-08-15T22:29:33Z,2026-08-23T00:00:00Z,169.5,14.5,10.8,13.5,3.7,3.7
5-10 дней,2026-08-15T22:29:33Z,2026-08-23T03:00:00Z,172.5,14.2,10.5,14.2,3.7,3.7
5-10 дней,2026-08-15T22:29:33Z,2026-08-23T06:00:00Z,175.5,14.5,15.3,15.4,-0.8,0.8
5-10 дней,2026-08-15T22:29:33Z,2026-08-23T09:00:00Z,178.5,16.3,19.7,16.3,-3.4,3.4
5-10 дней,2026-08-15T22:29:33Z,2026-08-23T12:00:00Z,181.5,17.8,15.9,18.2,1.9,1.9
5-10 дней,2026-08-15T22:29:33Z,2026-08-23T15:00:00Z,184.5,16.9,14.0,16.2,2.9,2.9
5-10 дней,2026-08-15T22:29:33Z,2026-08-23T18:00:00Z,187.5,15.4,13.2,12.5,2.2,2.2
5-10 дней,2026-08-15T22:29:33Z,2026-08-23T21:00:00Z,190.5,14.6,13.5,11.1,1.1,1.1
5-10 дней,2026-08-15T22:29:33Z,2026-08-24T00:00:00Z,193.5,14.2,13.8,10.8,0.4,0.4
5-10 дней,2026-08-15T22:29:33Z,2026-08-24T03:00:00Z,196.5,14.7,14.1,10.5,0.6,0.6
5-10 дней,2026-08-15T22:29:33Z,2026-08-24T06:00:00Z,199.5,15.4,14.4,15.3,1.0,1.0
5-10 дней,2026-08-15T22:29:33Z,2026-08-24T09:00:00Z,202.5,15.9,15.7,19.7,0.2,0.2
5-10 дней,2026-08-15T22:29:33Z,2026-08-24T12:00:00Z,205.5,15.9,17.8,15.9,-1.9,1.9
5-10 дней,2026-08-15T22:29:33Z,2026-08-24T15:00:00Z,208.5,14.6,15.6,14.0,-1.0,1.0
5-10 дней,2026-08-15T22:29:33Z,2026-08-24T18:00:00Z,211.5,13.2,14.5,13.2,-1.3,1.3
5-10 дней,2026-08-15T22:29:33Z,2026-08-24T21:00:00Z,214.5,12.3,14.1,13.5,-1.8,1.8
5-10 дней,2026-08-16T04:29:41Z,2026-08-21T06:00:00Z,121.5,14.8,15.9,15.0,-1.1,1.1
5-10 дней,2026-08-16T04:29:41Z,2026-08-21T09:00:00Z,124.5,17.4,17.9,15.1,-0.5,0.5
5-10 дней,2026-08-16T04:29:41Z,2026-08-21T12:00:00Z,127.5,16.9,18.3,16.7,-1.4,1.4
5-10 дней,2026-08-16T04:29:41Z,2026-08-21T15:00:00Z,130.5,16.6,15.5,15.2,1.1,1.1
5-10 дней,2026-08-16T04:29:41Z,2026-08-21T18:00:00Z,133.5,14.1,14.0,13.8,0.1,0.1
5-10 дней,2026-08-16T04:29:41Z,2026-08-21T21:00:00Z,136.5,12.4,13.4,13.9,-1.0,1.0
5-10 дней,2026-08-16T04:29:41Z,2026-08-22T00:00:00Z,139.5,11.4,13.5,13.1,-2.1,2.1
5-10 дней,2026-08-16T04:29:41Z,2026-08-22T03:00:00Z,142.5,13.8,14.2,12.4,-0.4,0.4
5-10 дней,2026-08-16T04:29:41Z,2026-08-22T06:00:00Z,145.5,17.1,15.4,15.9,1.7,1.7
5-10 дней,2026-08-16T04:29:41Z,2026-08-22T09:00:00Z,148.5,19.9,16.3,17.9,3.6,3.6
5-10 дней,2026-08-16T04:29:41Z,2026-08-22T12:00:00Z,151.5,21.3,18.2,18.3,3.1,3.1
5-10 дней,2026-08-16T04:29:41Z,2026-08-22T15:00:00Z,154.5,19.0,16.2,15.5,2.8,2.8
5-10 дней,2026-08-16T04:29:41Z,2026-08-22T18:00:00Z,157.5,16.0,12.5,14.0,3.5,3.5
5-10 дней,2026-08-16T04:29:41Z,2026-08-22T21:00:00Z,160.5,14.9,11.1,13.4,3.8,3.8
5-10 дней,2026-08-16T04:29:41Z,2026-08-23T00:00:00Z,163.5,14.5,10.8,13.5,3.7,3.7
5-10 дней,2026-08-16T04:29:41Z,2026-08-23T03:00:00Z,166.5,14.2,10.5,14.2,3.7,3.7
5-10 дней,2026-08-16T04:29:41Z,2026-08-23T06:00:00Z,169.5,14.5,15.3,15.4,-0.8,0.8
5-10 дней,2026-08-16T04:29:41Z,2026-08-23T09:00:00Z,172.5,16.3,19.7,16.3,-3.4,3.4
5-10 дней,2026-08-16T04:29:41Z,2026-08-23T12:00:00Z,175.5,17.8,15.9,18.2,1.9,1.9
5-10 дней,2026-08-16T04:29:41Z,2026-08-23T15:00:00Z,178.5,16.9,14.0,16.2,2.9,2.9
5-10 дней,2026-08-16T04:29:41Z,2026-08-23T18:00:00Z,181.5,15.4,13.2,12.5,2.2,2.2
5-10 дней,2026-08-16T04:29:41Z,2026-08-23T21:00:00Z,184.5,14.6,13.5,11.1,1.1,1.1
5-10 дней,2026-08-16T04:29:41Z,2026-08-24T00:00:00Z,187.5,14.2,13.8,10.8,0.4,0.4
5-10 дней,2026-08-16T04:29:41Z,2026-08-24T03:00:00Z,190.5,14.7,14.1,10.5,0.6,0.6
5-10 дней,2026-08-16T04:29:41Z,2026-08-24T06:00:00Z,193.5,15.4,14.4,15.3,1.0,1.0
5-10 дней,2026-08-16T04:29:41Z,2026-08-24T09:00:00Z,196.5,15.9,15.7,19.7,0.2,0.2
5-10 дней,2026-08-16T04:29:41Z,2026-08-24T12:00:00Z,199.5,15.9,17.8,15.9,-1.9,1.9
5-10 дней,2026-08-16T04:29:41Z,2026-08-24T15:00:00Z,202.5,14.6,15.6,14.0,-1.0,1.0
5-10 дней,2026-08-16T04:29:41Z,2026-08-24T18:00:00Z,205.5,13.2,14.5,13.2,-1.3,1.3
5-10 дней,2026-08-16T04:29:41Z,2026-08-24T21:00:00Z,208.5,12.3,14.1,13.5,-1.8,1.8
5-10 дней,2026-08-16T04:29:41Z,2026-08-25T00:00:00Z,211.5,11.8,14.0,13.8,-2.2,2.2
5-10 дней,2026-08-16T04:29:41Z,2026-08-25T03:00:00Z,214.5,11.6,13.5,14.1,-1.9,1.9
5-10 дней,2026-08-16T04:29:41Z,2026-08-25T06:00:00Z,217.5,11.9,13.0,14.4,-1.1,1.1
5-10 дней,2026-08-16T04:29:41Z,2026-08-25T09:00:00Z,220.5,13.0,13.7,15.7,-0.7,0.7
5-10 дней,2026-08-16T04:29:41Z,2026-08-25T12:00:00Z,223.5,13.9,14.8,17.8,-0.9,0.9
5-10 дней,2026-08-16T04:29:41Z,2026-08-25T15:00:00Z,226.5,13.3,13.4,15.6,-0.1,0.1
5-10 дней,2026-08-16T04:29:41Z,2026-08-25T18:00:00Z,229.5,12.2,10.8,14.5,1.4,1.4
5-10 дней,2026-08-16T04:29:41Z,2026-08-25T21:00:00Z,232.5,11.1,8.9,14.1,2.2,2.2
5-10 дней,2026-08-16T07:21:44Z,2026-08-21T09:00:00Z,121.6,17.4,17.9,15.1,-0.5,0.5
5-10 дней,2026-08-16T07:21:44Z,2026-08-21T12:00:00Z,124.6,16.9,18.3,16.7,-1.4,1.4
5-10 дней,2026-08-16T07:21:44Z,2026-08-21T15:00:00Z,127.6,16.6,15.5,15.2,1.1,1.1
5-10 дней,2026-08-16T07:21:44Z,2026-08-21T18:00:00Z,130.6,14.1,14.0,13.8,0.1,0.1
5-10 дней,2026-08-16T07:21:44Z,2026-08-21T21:00:00Z,133.6,12.4,13.4,13.9,-1.0,1.0
5-10 дней,2026-08-16T07:21:44Z,2026-08-22T00:00:00Z,136.6,11.4,13.5,13.1,-2.1,2.1
5-10 дней,2026-08-16T07:21:44Z,2026-08-22T03:00:00Z,139.6,13.8,14.2,12.4,-0.4,0.4
5-10 дней,2026-08-16T07:21:44Z,2026-08-22T06:00:00Z,142.6,17.1,15.4,15.9,1.7,1.7
5-10 дней,2026-08-16T07:21:44Z,2026-08-22T09:00:00Z,145.6,19.9,16.3,17.9,3.6,3.6
5-10 дней,2026-08-16T07:21:44Z,2026-08-22T12:00:00Z,148.6,21.3,18.2,18.3,3.1,3.1
5-10 дней,2026-08-16T07:21:44Z,2026-08-22T15:00:00Z,151.6,19.0,16.2,15.5,2.8,2.8
5-10 дней,2026-08-16T07:21:44Z,2026-08-22T18:00:00Z,154.6,16.0,12.5,14.0,3.5,3.5
5-10 дней,2026-08-16T07:21:44Z,2026-08-22T21:00:00Z,157.6,14.9,11.1,13.4,3.8,3.8
5-10 дней,2026-08-16T07:21:44Z,2026-08-23T00:00:00Z,160.6,14.5,10.8,13.5,3.7,3.7
5-10 дней,2026-08-16T07:21:44Z,2026-08-23T03:00:00Z,163.6,14.2,10.5,14.2,3.7,3.7
5-10 дней,2026-08-16T07:21:44Z,2026-08-23T06:00:00Z,166.6,14.5,15.3,15.4,-0.8,0.8
5-10 дней,2026-08-16T07:21:44Z,2026-08-23T09:00:00Z,169.6,16.3,19.7,16.3,-3.4,3.4
5-10 дней,2026-08-16T07:21:44Z,2026-08-23T12:00:00Z,172.6,17.8,15.9,18.2,1.9,1.9
5-10 дней,2026-08-16T07:21:44Z,2026-08-23T15:00:00Z,175.6,16.9,14.0,16.2,2.9,2.9
5-10 дней,2026-08-16T07:21:44Z,2026-08-23T18:00:00Z,178.6,15.4,13.2,12.5,2.2,2.2
5-10 дней,2026-08-16T07:21:44Z,2026-08-23T21:00:00Z,181.6,14.6,13.5,11.1,1.1,1.1
5-10 дней,2026-08-16T07:21:44Z,2026-08-24T00:00:00Z,184.6,14.2,13.8,10.8,0.4,0.4
5-10 дней,2026-08-16T07:21:44Z,2026-08-24T03:00:00Z,187.6,14.7,14.1,10.5,0.6,0.6
5-10 дней,2026-08-16T07:21:44Z,2026-08-24T06:00:00Z,190.6,15.4,14.4,15.3,1.0,1.0
5-10 дней,2026-08-16T07:21:44Z,2026-08-24T09:00:00Z,193.6,15.9,15.7,19.7,0.2,0.2
5-10 дней,2026-08-16T07:21:44Z,2026-08-24T12:00:00Z,196.6,15.9,17.8,15.9,-1.9,1.9
5-10 дней,2026-08-16T07:21:44Z,2026-08-24T15:00:00Z,199.6,14.6,15.6,14.0,-1.0,1.0
5-10 дней,2026-08-16T07:21:44Z,2026-08-24T18:00:00Z,202.6,13.2,14.5,13.2,-1.3,1.3
5-10 дней,2026-08-16T07:21:44Z,2026-08-24T21:00:00Z,205.6,12.3,14.1,13.5,-1.8,1.8
5-10 дней,2026-08-16T07:21:44Z,2026-08-25T00:00:00Z,208.6,11.8,14.0,13.8,-2.2,2.2
5-10 дней,2026-08-16T07:21:44Z,2026-08-25T03:00:00Z,211.6,11.6,13.5,14.1,-1.9,1.9
5-10 дней,2026-08-16T07:21:44Z,2026-08-25T06:00:00Z,214.6,11.9,13.0,14.4,-1.1,1.1
5-10 дней,2026-08-16T07:21:44Z,2026-08-25T09:00:00Z,217.6,13.0,13.7,15.7,-0.7,0.7
5-10 дней,2026-08-16T07:21:44Z,2026-08-25T12:00:00Z,220.6,13.9,14.8,17.8,-0.9,0.9
5-10 дней,2026-08-16T07:21:44Z,2026-08-25T15:00:00Z,223.6,13.3,13.4,15.6,-0.1,0.1
5-10 дней,2026-08-16T07:21:44Z,2026-08-25T18:00:00Z,226.6,12.2,10.8,14.5,1.4,1.4
5-10 дней,2026-08-16T07:21:44Z,2026-08-25T21:00:00Z,229.6,11.1,8.9,14.1,2.2,2.2
5-10 дней,2026-08-16T10:09:47Z,2026-08-21T12:00:00Z,121.8,18.7,18.3,16.7,0.4,0.4
5-10 дней,2026-08-16T10:09:47Z,2026-08-21T15:00:00Z,124.8,18.7,15.5,15.2,3.2,3.2
5-10 дней,2026-08-16T10:09:47Z,2026-08-21T18:00:00Z,127.8,14.2,14.0,13.8,0.2,0.2
5-10 дней,2026-08-16T10:09:47Z,2026-08-21T21:00:00Z,130.8,11.7,13.4,13.9,-1.7,1.7
5-10 дней,2026-08-16T10:09:47Z,2026-08-22T00:00:00Z,133.8,11.2,13.5,13.1,-2.3,2.3
5-10 дней,2026-08-16T10:09:47Z,2026-08-22T03:00:00Z,136.8,13.1,14.2,12.4,-1.1,1.1
5-10 дней,2026-08-16T10:09:47Z,2026-08-22T06:00:00Z,139.8,15.7,15.4,15.9,0.3,0.3
5-10 дней,2026-08-16T10:09:47Z,2026-08-22T09:00:00Z,142.8,18.2,16.3,17.9,1.9,1.9
5-10 дней,2026-08-16T10:09:47Z,2026-08-22T12:00:00Z,145.8,19.3,18.2,18.3,1.1,1.1
5-10 дней,2026-08-16T10:09:47Z,2026-08-22T15:00:00Z,148.8,16.8,16.2,15.5,0.6,0.6
5-10 дней,2026-08-16T10:09:47Z,2026-08-22T18:00:00Z,151.8,13.4,12.5,14.0,0.9,0.9
5-10 дней,2026-08-16T10:09:47Z,2026-08-22T21:00:00Z,154.8,11.6,11.1,13.4,0.5,0.5
5-10 дней,2026-08-16T10:09:47Z,2026-08-23T00:00:00Z,157.8,10.8,10.8,13.5,0.0,0.0
5-10 дней,2026-08-16T10:09:47Z,2026-08-23T03:00:00Z,160.8,12.0,10.5,14.2,1.5,1.5
5-10 дней,2026-08-16T10:09:47Z,2026-08-23T06:00:00Z,163.8,13.5,15.3,15.4,-1.8,1.8
5-10 дней,2026-08-16T10:09:47Z,2026-08-23T09:00:00Z,166.8,14.1,19.7,16.3,-5.6,5.6
5-10 дней,2026-08-16T10:09:47Z,2026-08-23T12:00:00Z,169.8,14.1,15.9,18.2,-1.8,1.8
5-10 дней,2026-08-16T10:09:47Z,2026-08-23T15:00:00Z,172.8,12.9,14.0,16.2,-1.1,1.1
5-10 дней,2026-08-16T10:09:47Z,2026-08-23T18:00:00Z,175.8,11.7,13.2,12.5,-1.5,1.5
5-10 дней,2026-08-16T10:09:47Z,2026-08-23T21:00:00Z,178.8,11.2,13.5,11.1,-2.3,2.3
5-10 дней,2026-08-16T10:09:47Z,2026-08-24T00:00:00Z,181.8,11.1,13.8,10.8,-2.7,2.7
5-10 дней,2026-08-16T10:09:47Z,2026-08-24T03:00:00Z,184.8,11.2,14.1,10.5,-2.9,2.9
5-10 дней,2026-08-16T10:09:47Z,2026-08-24T06:00:00Z,187.8,11.7,14.4,15.3,-2.7,2.7
5-10 дней,2026-08-16T10:09:47Z,2026-08-24T09:00:00Z,190.8,12.9,15.7,19.7,-2.8,2.8
5-10 дней,2026-08-16T10:09:47Z,2026-08-24T12:00:00Z,193.8,13.7,17.8,15.9,-4.1,4.1
5-10 дней,2026-08-16T10:09:47Z,2026-08-24T15:00:00Z,196.8,12.5,15.6,14.0,-3.1,3.1
5-10 дней,2026-08-16T10:09:47Z,2026-08-24T18:00:00Z,199.8,10.9,14.5,13.2,-3.6,3.6
5-10 дней,2026-08-16T10:09:47Z,2026-08-24T21:00:00Z,202.8,10.1,14.1,13.5,-4.0,4.0
5-10 дней,2026-08-16T10:09:47Z,2026-08-25T00:00:00Z,205.8,9.6,14.0,13.8,-4.4,4.4
5-10 дней,2026-08-16T10:09:47Z,2026-08-25T03:00:00Z,208.8,9.2,13.5,14.1,-4.3,4.3
5-10 дней,2026-08-16T10:09:47Z,2026-08-25T06:00:00Z,211.8,9.3,13.0,14.4,-3.7,3.7
5-10 дней,2026-08-16T10:09:47Z,2026-08-25T09:00:00Z,214.8,10.6,13.7,15.7,-3.1,3.1
5-10 дней,2026-08-16T10:09:47Z,2026-08-25T12:00:00Z,217.8,11.6,14.8,17.8,-3.2,3.2
5-10 дней,2026-08-16T10:09:47Z,2026-08-25T15:00:00Z,220.8,10.6,13.4,15.6,-2.8,2.8
5-10 дней,2026-08-16T10:09:47Z,2026-08-25T18:00:00Z,223.8,8.9,10.8,14.5,-1.9,1.9
5-10 дней,2026-08-16T10:09:47Z,2026-08-25T21:00:00Z,226.8,7.4,8.9,14.1,-1.5,1.5
5-10 дней,2026-08-16T16:21:00Z,2026-08-21T18:00:00Z,121.7,15.2,14.0,13.8,1.2,1.2
5-10 дней,2026-08-16T16:21:00Z,2026-08-21T21:00:00Z,124.7,12.8,13.4,13.9,-0.6,0.6
5-10 дней,2026-08-16T16:21:00Z,2026-08-22T00:00:00Z,127.7,12.0,13.5,13.1,-1.5,1.5
5-10 дней,2026-08-16T16:21:00Z,2026-08-22T03:00:00Z,130.7,12.5,14.2,12.4,-1.7,1.7
5-10 дней,2026-08-16T16:21:00Z,2026-08-22T06:00:00Z,133.7,16.9,15.4,15.9,1.5,1.5
5-10 дней,2026-08-16T16:21:00Z,2026-08-22T09:00:00Z,136.7,18.2,16.3,17.9,1.9,1.9
5-10 дней,2026-08-16T16:21:00Z,2026-08-22T12:00:00Z,139.7,19.3,18.2,18.3,1.1,1.1
5-10 дней,2026-08-16T16:21:00Z,2026-08-22T15:00:00Z,142.7,16.8,16.2,15.5,0.6,0.6
5-10 дней,2026-08-16T16:21:00Z,2026-08-22T18:00:00Z,145.7,13.4,12.5,14.0,0.9,0.9
5-10 дней,2026-08-16T16:21:00Z,2026-08-22T21:00:00Z,148.7,11.6,11.1,13.4,0.5,0.5
5-10 дней,2026-08-16T16:21:00Z,2026-08-23T00:00:00Z,151.7,10.8,10.8,13.5,0.0,0.0
5-10 дней,2026-08-16T16:21:00Z,2026-08-23T03:00:00Z,154.7,12.0,10.5,14.2,1.5,1.5
5-10 дней,2026-08-16T16:21:00Z,2026-08-23T06:00:00Z,157.7,13.5,15.3,15.4,-1.8,1.8
5-10 дней,2026-08-16T16:21:00Z,2026-08-23T09:00:00Z,160.7,14.1,19.7,16.3,-5.6,5.6
5-10 дней,2026-08-16T16:21:00Z,2026-08-23T12:00:00Z,163.7,14.1,15.9,18.2,-1.8,1.8
5-10 дней,2026-08-16T16:21:00Z,2026-08-23T15:00:00Z,166.7,12.9,14.0,16.2,-1.1,1.1
5-10 дней,2026-08-16T16:21:00Z,2026-08-23T18:00:00Z,169.7,11.7,13.2,12.5,-1.5,1.5
5-10 дней,2026-08-16T16:21:00Z,2026-08-23T21:00:00Z,172.7,11.2,13.5,11.1,-2.3,2.3
5-10 дней,2026-08-16T16:21:00Z,2026-08-24T00:00:00Z,175.7,11.1,13.8,10.8,-2.7,2.7
5-10 дней,2026-08-16T16:21:00Z,2026-08-24T03:00:00Z,178.7,11.2,14.1,10.5,-2.9,2.9
5-10 дней,2026-08-16T16:21:00Z,2026-08-24T06:00:00Z,181.7,11.7,14.4,15.3,-2.7,2.7
5-10 дней,2026-08-16T16:21:00Z,2026-08-24T09:00:00Z,184.7,12.9,15.7,19.7,-2.8,2.8
5-10 дней,2026-08-16T16:21:00Z,2026-08-24T12:00:00Z,187.7,13.7,17.8,15.9,-4.1,4.1
5-10 дней,2026-08-16T16:21:00Z,2026-08-24T15:00:00Z,190.7,12.5,15.6,14.0,-3.1,3.1
5-10 дней,2026-08-16T16:21:00Z,2026-08-24T18:00:00Z,193.7,10.9,14.5,13.2,-3.6,3.6
5-10 дней,2026-08-16T16:21:00Z,2026-08-24T21:00:00Z,196.7,10.1,14.1,13.5,-4.0,4.0
5-10 дней,2026-08-16T16:21:00Z,2026-08-25T00:00:00Z,199.7,9.6,14.0,13.8,-4.4,4.4
5-10 дней,2026-08-16T16:21:00Z,2026-08-25T03:00:00Z,202.7,9.2,13.5,14.1,-4.3,4.3
5-10 дней,2026-08-16T16:21:00Z,2026-08-25T06:00:00Z,205.7,9.3,13.0,14.4,-3.7,3.7
5-10 дней,2026-08-16T16:21:00Z,2026-08-25T09:00:00Z,208.7,10.6,13.7,15.7,-3.1,3.1
5-10 дней,2026-08-16T16:21:00Z,2026-08-25T12:00:00Z,211.7,11.6,14.8,17.8,-3.2,3.2
5-10 дней,2026-08-16T16:21:00Z,2026-08-25T15:00:00Z,214.7,10.6,13.4,15.6,-2.8,2.8
5-10 дней,2026-08-16T16:21:00Z,2026-08-25T18:00:00Z,217.7,8.9,10.8,14.5,-1.9,1.9
5-10 дней,2026-08-16T16:21:00Z,2026-08-25T21:00:00Z,220.7,7.4,8.9,14.1,-1.5,1.5
5-10 дней,2026-08-16T22:29:34Z,2026-08-22T00:00:00Z,121.5,11.2,13.5,13.1,-2.3,2.3
5-10 дней,2026-08-16T22:29:34Z,2026-08-22T03:00:00Z,124.5,11.0,14.2,12.4,-3.2,3.2
5-10 дней,2026-08-16T22:29:34Z,2026-08-22T06:00:00Z,127.5,15.8,15.4,15.9,0.4,0.4
5-10 дней,2026-08-16T22:29:34Z,2026-08-22T09:00:00Z,130.5,19.8,16.3,17.9,3.5,3.5
5-10 дней,2026-08-16T22:29:34Z,2026-08-22T12:00:00Z,133.5,20.3,18.2,18.3,2.1,2.1
5-10 дней,2026-08-16T22:29:34Z,2026-08-22T15:00:00Z,136.5,18.3,16.2,15.5,2.1,2.1
5-10 дней,2026-08-16T22:29:34Z,2026-08-22T18:00:00Z,139.5,15.4,12.5,14.0,2.9,2.9
5-10 дней,2026-08-16T22:29:34Z,2026-08-22T21:00:00Z,142.5,13.7,11.1,13.4,2.6,2.6
5-10 дней,2026-08-16T22:29:34Z,2026-08-23T00:00:00Z,145.5,12.8,10.8,13.5,2.0,2.0
5-10 дней,2026-08-16T22:29:34Z,2026-08-23T03:00:00Z,148.5,13.7,10.5,14.2,3.2,3.2
5-10 дней,2026-08-16T22:29:34Z,2026-08-23T06:00:00Z,151.5,14.8,15.3,15.4,-0.5,0.5
5-10 дней,2026-08-16T22:29:34Z,2026-08-23T09:00:00Z,154.5,15.0,19.7,16.3,-4.7,4.7
5-10 дней,2026-08-16T22:29:34Z,2026-08-23T12:00:00Z,157.5,14.9,15.9,18.2,-1.0,1.0
5-10 дней,2026-08-16T22:29:34Z,2026-08-23T15:00:00Z,160.5,14.5,14.0,16.2,0.5,0.5
5-10 дней,2026-08-16T22:29:34Z,2026-08-23T18:00:00Z,163.5,14.0,13.2,12.5,0.8,0.8
5-10 дней,2026-08-16T22:29:34Z,2026-08-23T21:00:00Z,166.5,13.1,13.5,11.1,-0.4,0.4
5-10 дней,2026-08-16T22:29:34Z,2026-08-24T00:00:00Z,169.5,12.5,13.8,10.8,-1.3,1.3
5-10 дней,2026-08-16T22:29:34Z,2026-08-24T03:00:00Z,172.5,12.7,14.1,10.5,-1.4,1.4
5-10 дней,2026-08-16T22:29:34Z,2026-08-24T06:00:00Z,175.5,13.4,14.4,15.3,-1.0,1.0
5-10 дней,2026-08-16T22:29:34Z,2026-08-24T09:00:00Z,178.5,14.8,15.7,19.7,-0.9,0.9
5-10 дней,2026-08-16T22:29:34Z,2026-08-24T12:00:00Z,181.5,15.7,17.8,15.9,-2.1,2.1
5-10 дней,2026-08-16T22:29:34Z,2026-08-24T15:00:00Z,184.5,14.7,15.6,14.0,-0.9,0.9
5-10 дней,2026-08-16T22:29:34Z,2026-08-24T18:00:00Z,187.5,13.2,14.5,13.2,-1.3,1.3
5-10 дней,2026-08-16T22:29:34Z,2026-08-24T21:00:00Z,190.5,12.3,14.1,13.5,-1.8,1.8
5-10 дней,2026-08-16T22:29:34Z,2026-08-25T00:00:00Z,193.5,11.8,14.0,13.8,-2.2,2.2
5-10 дней,2026-08-16T22:29:34Z,2026-08-25T03:00:00Z,196.5,11.9,13.5,14.1,-1.6,1.6
5-10 дней,2026-08-16T22:29:34Z,2026-08-25T06:00:00Z,199.5,12.4,13.0,14.4,-0.6,0.6
5-10 дней,2026-08-16T22:29:34Z,2026-08-25T09:00:00Z,202.5,13.3,13.7,15.7,-0.4,0.4
5-10 дней,2026-08-16T22:29:34Z,2026-08-25T12:00:00Z,205.5,14.0,14.8,17.8,-0.8,0.8
5-10 дней,2026-08-16T22:29:34Z,2026-08-25T15:00:00Z,208.5,13.3,13.4,15.6,-0.1,0.1
5-10 дней,2026-08-16T22:29:34Z,2026-08-25T18:00:00Z,211.5,12.3,10.8,14.5,1.5,1.5
5-10 дней,2026-08-16T22:29:34Z,2026-08-25T21:00:00Z,214.5,11.6,8.9,14.1,2.7,2.7
5-10 дней,2026-08-17T04:35:30Z,2026-08-22T06:00:00Z,121.4,15.9,15.4,15.9,0.5,0.5
5-10 дней,2026-08-17T04:35:30Z,2026-08-22T09:00:00Z,124.4,19.6,16.3,17.9,3.3,3.3
5-10 дней,2026-08-17T04:35:30Z,2026-08-22T12:00:00Z,127.4,20.1,18.2,18.3,1.9,1.9
5-10 дней,2026-08-17T04:35:30Z,2026-08-22T15:00:00Z,130.4,19.0,16.2,15.5,2.8,2.8
5-10 дней,2026-08-17T04:35:30Z,2026-08-22T18:00:00Z,133.4,14.3,12.5,14.0,1.8,1.8
5-10 дней,2026-08-17T04:35:30Z,2026-08-22T21:00:00Z,136.4,13.7,11.1,13.4,2.6,2.6
5-10 дней,2026-08-17T04:35:30Z,2026-08-23T00:00:00Z,139.4,12.8,10.8,13.5,2.0,2.0
5-10 дней,2026-08-17T04:35:30Z,2026-08-23T03:00:00Z,142.4,13.7,10.5,14.2,3.2,3.2
5-10 дней,2026-08-17T04:35:30Z,2026-08-23T06:00:00Z,145.4,14.8,15.3,15.4,-0.5,0.5
5-10 дней,2026-08-17T04:35:30Z,2026-08-23T09:00:00Z,148.4,15.0,19.7,16.3,-4.7,4.7
5-10 дней,2026-08-17T04:35:30Z,2026-08-23T12:00:00Z,151.4,14.9,15.9,18.2,-1.0,1.0
5-10 дней,2026-08-17T04:35:30Z,2026-08-23T15:00:00Z,154.4,14.5,14.0,16.2,0.5,0.5
5-10 дней,2026-08-17T04:35:30Z,2026-08-23T18:00:00Z,157.4,14.0,13.2,12.5,0.8,0.8
5-10 дней,2026-08-17T04:35:30Z,2026-08-23T21:00:00Z,160.4,13.1,13.5,11.1,-0.4,0.4
5-10 дней,2026-08-17T04:35:30Z,2026-08-24T00:00:00Z,163.4,12.5,13.8,10.8,-1.3,1.3
5-10 дней,2026-08-17T04:35:30Z,2026-08-24T03:00:00Z,166.4,12.7,14.1,10.5,-1.4,1.4
5-10 дней,2026-08-17T04:35:30Z,2026-08-24T06:00:00Z,169.4,13.4,14.4,15.3,-1.0,1.0
5-10 дней,2026-08-17T04:35:30Z,2026-08-24T09:00:00Z,172.4,14.8,15.7,19.7,-0.9,0.9
5-10 дней,2026-08-17T04:35:30Z,2026-08-24T12:00:00Z,175.4,15.7,17.8,15.9,-2.1,2.1
5-10 дней,2026-08-17T04:35:30Z,2026-08-24T15:00:00Z,178.4,14.7,15.6,14.0,-0.9,0.9
5-10 дней,2026-08-17T04:35:30Z,2026-08-24T18:00:00Z,181.4,13.2,14.5,13.2,-1.3,1.3
5-10 дней,2026-08-17T04:35:30Z,2026-08-24T21:00:00Z,184.4,12.3,14.1,13.5,-1.8,1.8
5-10 дней,2026-08-17T04:35:30Z,2026-08-25T00:00:00Z,187.4,11.8,14.0,13.8,-2.2,2.2
5-10 дней,2026-08-17T04:35:30Z,2026-08-25T03:00:00Z,190.4,11.9,13.5,14.1,-1.6,1.6
5-10 дней,2026-08-17T04:35:30Z,2026-08-25T06:00:00Z,193.4,12.4,13.0,14.4,-0.6,0.6
5-10 дней,2026-08-17T04:35:30Z,2026-08-25T09:00:00Z,196.4,13.3,13.7,15.7,-0.4,0.4
5-10 дней,2026-08-17T04:35:30Z,2026-08-25T12:00:00Z,199.4,14.0,14.8,17.8,-0.8,0.8
5-10 дней,2026-08-17T04:35:30Z,2026-08-25T15:00:00Z,202.4,13.3,13.4,15.6,-0.1,0.1
5-10 дней,2026-08-17T04:35:30Z,2026-08-25T18:00:00Z,205.4,12.3,10.8,14.5,1.5,1.5
5-10 дней,2026-08-17T04:35:30Z,2026-08-25T21:00:00Z,208.4,11.6,8.9,14.1,2.7,2.7
5-10 дней,2026-08-17T04:35:30Z,2026-08-26T00:00:00Z,211.4,11.2,9.2,14.0,2.0,2.0
5-10 дней,2026-08-17T04:35:30Z,2026-08-26T03:00:00Z,214.4,11.3,9.8,13.5,1.5,1.5
5-10 дней,2026-08-17T04:35:30Z,2026-08-26T06:00:00Z,217.4,11.9,12.8,13.0,-0.9,0.9
5-10 дней,2026-08-17T04:35:30Z,2026-08-26T09:00:00Z,220.4,13.3,14.3,13.7,-1.0,1.0
5-10 дней,2026-08-17T04:35:30Z,2026-08-26T12:00:00Z,223.4,14.1,11.8,14.8,2.3,2.3
5-10 дней,2026-08-17T04:35:30Z,2026-08-26T15:00:00Z,226.4,12.7,11.7,13.4,1.0,1.0
5-10 дней,2026-08-17T04:35:30Z,2026-08-26T18:00:00Z,229.4,10.9,5.3,10.8,5.6,5.6
5-10 дней,2026-08-17T04:35:30Z,2026-08-26T21:00:00Z,232.4,10.4,3.2,8.9,7.2,7.2
5-10 дней,2026-08-17T10:18:11Z,2026-08-22T12:00:00Z,121.7,20.1,18.2,18.3,1.9,1.9
5-10 дней,2026-08-17T10:18:11Z,2026-08-22T15:00:00Z,124.7,19.0,16.2,15.5,2.8,2.8
5-10 дней,2026-08-17T10:18:11Z,2026-08-22T18:00:00Z,127.7,14.3,12.5,14.0,1.8,1.8
5-10 дней,2026-08-17T10:18:11Z,2026-08-22T21:00:00Z,130.7,13.7,11.1,13.4,2.6,2.6
5-10 дней,2026-08-17T10:18:11Z,2026-08-23T00:00:00Z,133.7,12.8,10.8,13.5,2.0,2.0
5-10 дней,2026-08-17T10:18:11Z,2026-08-23T03:00:00Z,136.7,13.7,10.5,14.2,3.2,3.2
5-10 дней,2026-08-17T10:18:11Z,2026-08-23T06:00:00Z,139.7,14.8,15.3,15.4,-0.5,0.5
5-10 дней,2026-08-17T10:18:11Z,2026-08-23T09:00:00Z,142.7,15.0,19.7,16.3,-4.7,4.7
5-10 дней,2026-08-17T10:18:11Z,2026-08-23T12:00:00Z,145.7,14.9,15.9,18.2,-1.0,1.0
5-10 дней,2026-08-17T10:18:11Z,2026-08-23T15:00:00Z,148.7,14.5,14.0,16.2,0.5,0.5
5-10 дней,2026-08-17T10:18:11Z,2026-08-23T18:00:00Z,151.7,14.0,13.2,12.5,0.8,0.8
5-10 дней,2026-08-17T10:18:11Z,2026-08-23T21:00:00Z,154.7,13.1,13.5,11.1,-0.4,0.4
5-10 дней,2026-08-17T10:18:11Z,2026-08-24T00:00:00Z,157.7,12.5,13.8,10.8,-1.3,1.3
5-10 дней,2026-08-17T10:18:11Z,2026-08-24T03:00:00Z,160.7,12.7,14.1,10.5,-1.4,1.4
5-10 дней,2026-08-17T10:18:11Z,2026-08-24T06:00:00Z,163.7,13.4,14.4,15.3,-1.0,1.0
5-10 дней,2026-08-17T10:18:11Z,2026-08-24T09:00:00Z,166.7,14.8,15.7,19.7,-0.9,0.9
5-10 дней,2026-08-17T10:18:11Z,2026-08-24T12:00:00Z,169.7,15.7,17.8,15.9,-2.1,2.1
5-10 дней,2026-08-17T10:18:11Z,2026-08-24T15:00:00Z,172.7,14.7,15.6,14.0,-0.9,0.9
5-10 дней,2026-08-17T10:18:11Z,2026-08-24T18:00:00Z,175.7,13.2,14.5,13.2,-1.3,1.3
5-10 дней,2026-08-17T10:18:11Z,2026-08-24T21:00:00Z,178.7,12.3,14.1,13.5,-1.8,1.8
5-10 дней,2026-08-17T10:18:11Z,2026-08-25T00:00:00Z,181.7,11.8,14.0,13.8,-2.2,2.2
5-10 дней,2026-08-17T10:18:11Z,2026-08-25T03:00:00Z,184.7,11.9,13.5,14.1,-1.6,1.6
5-10 дней,2026-08-17T10:18:11Z,2026-08-25T06:00:00Z,187.7,12.4,13.0,14.4,-0.6,0.6
5-10 дней,2026-08-17T10:18:11Z,2026-08-25T09:00:00Z,190.7,13.3,13.7,15.7,-0.4,0.4
5-10 дней,2026-08-17T10:18:11Z,2026-08-25T12:00:00Z,193.7,14.0,14.8,17.8,-0.8,0.8
5-10 дней,2026-08-17T10:18:11Z,2026-08-25T15:00:00Z,196.7,13.3,13.4,15.6,-0.1,0.1
5-10 дней,2026-08-17T10:18:11Z,2026-08-25T18:00:00Z,199.7,12.3,10.8,14.5,1.5,1.5
5-10 дней,2026-08-17T10:18:11Z,2026-08-25T21:00:00Z,202.7,11.6,8.9,14.1,2.7,2.7
5-10 дней,2026-08-17T10:18:11Z,2026-08-26T00:00:00Z,205.7,11.2,9.2,14.0,2.0,2.0
5-10 дней,2026-08-17T10:18:11Z,2026-08-26T03:00:00Z,208.7,11.3,9.8,13.5,1.5,1.5
5-10 дней,2026-08-17T10:18:11Z,2026-08-26T06:00:00Z,211.7,11.9,12.8,13.0,-0.9,0.9
5-10 дней,2026-08-17T10:18:11Z,2026-08-26T09:00:00Z,214.7,13.3,14.3,13.7,-1.0,1.0
5-10 дней,2026-08-17T10:18:11Z,2026-08-26T12:00:00Z,217.7,14.1,11.8,14.8,2.3,2.3
5-10 дней,2026-08-17T10:18:11Z,2026-08-26T15:00:00Z,220.7,12.7,11.7,13.4,1.0,1.0
5-10 дней,2026-08-17T10:18:11Z,2026-08-26T18:00:00Z,223.7,10.9,5.3,10.8,5.6,5.6
5-10 дней,2026-08-17T10:18:11Z,2026-08-26T21:00:00Z,226.7,10.4,3.2,8.9,7.2,7.2
5-10 дней,2026-08-17T16:23:45Z,2026-08-22T18:00:00Z,121.6,14.3,12.5,14.0,1.8,1.8
5-10 дней,2026-08-17T16:23:45Z,2026-08-22T21:00:00Z,124.6,13.7,11.1,13.4,2.6,2.6
5-10 дней,2026-08-17T16:23:45Z,2026-08-23T00:00:00Z,127.6,12.8,10.8,13.5,2.0,2.0
5-10 дней,2026-08-17T16:23:45Z,2026-08-23T03:00:00Z,130.6,13.7,10.5,14.2,3.2,3.2
5-10 дней,2026-08-17T16:23:45Z,2026-08-23T06:00:00Z,133.6,14.8,15.3,15.4,-0.5,0.5
5-10 дней,2026-08-17T16:23:45Z,2026-08-23T09:00:00Z,136.6,15.0,19.7,16.3,-4.7,4.7
5-10 дней,2026-08-17T16:23:45Z,2026-08-23T12:00:00Z,139.6,14.9,15.9,18.2,-1.0,1.0
5-10 дней,2026-08-17T16:23:45Z,2026-08-23T15:00:00Z,142.6,14.5,14.0,16.2,0.5,0.5
5-10 дней,2026-08-17T16:23:45Z,2026-08-23T18:00:00Z,145.6,14.0,13.2,12.5,0.8,0.8
5-10 дней,2026-08-17T16:23:45Z,2026-08-23T21:00:00Z,148.6,13.1,13.5,11.1,-0.4,0.4
5-10 дней,2026-08-17T16:23:45Z,2026-08-24T00:00:00Z,151.6,12.5,13.8,10.8,-1.3,1.3
5-10 дней,2026-08-17T16:23:45Z,2026-08-24T03:00:00Z,154.6,12.7,14.1,10.5,-1.4,1.4
5-10 дней,2026-08-17T16:23:45Z,2026-08-24T06:00:00Z,157.6,13.4,14.4,15.3,-1.0,1.0
5-10 дней,2026-08-17T16:23:45Z,2026-08-24T09:00:00Z,160.6,14.8,15.7,19.7,-0.9,0.9
5-10 дней,2026-08-17T16:23:45Z,2026-08-24T12:00:00Z,163.6,15.7,17.8,15.9,-2.1,2.1
5-10 дней,2026-08-17T16:23:45Z,2026-08-24T15:00:00Z,166.6,14.7,15.6,14.0,-0.9,0.9
5-10 дней,2026-08-17T16:23:45Z,2026-08-24T18:00:00Z,169.6,13.2,14.5,13.2,-1.3,1.3
5-10 дней,2026-08-17T16:23:45Z,2026-08-24T21:00:00Z,172.6,12.3,14.1,13.5,-1.8,1.8
5-10 дней,2026-08-17T16:23:45Z,2026-08-25T00:00:00Z,175.6,11.8,14.0,13.8,-2.2,2.2
5-10 дней,2026-08-17T16:23:45Z,2026-08-25T03:00:00Z,178.6,11.9,13.5,14.1,-1.6,1.6
5-10 дней,2026-08-17T16:23:45Z,2026-08-25T06:00:00Z,181.6,12.4,13.0,14.4,-0.6,0.6
5-10 дней,2026-08-17T16:23:45Z,2026-08-25T09:00:00Z,184.6,13.3,13.7,15.7,-0.4,0.4
5-10 дней,2026-08-17T16:23:45Z,2026-08-25T12:00:00Z,187.6,14.0,14.8,17.8,-0.8,0.8
5-10 дней,2026-08-17T16:23:45Z,2026-08-25T15:00:00Z,190.6,13.3,13.4,15.6,-0.1,0.1
5-10 дней,2026-08-17T16:23:45Z,2026-08-25T18:00:00Z,193.6,12.3,10.8,14.5,1.5,1.5
5-10 дней,2026-08-17T16:23:45Z,2026-08-25T21:00:00Z,196.6,11.6,8.9,14.1,2.7,2.7
5-10 дней,2026-08-17T16:23:45Z,2026-08-26T00:00:00Z,199.6,11.2,9.2,14.0,2.0,2.0
5-10 дней,2026-08-17T16:23:45Z,2026-08-26T03:00:00Z,202.6,11.3,9.8,13.5,1.5,1.5
5-10 дней,2026-08-17T16:23:45Z,2026-08-26T06:00:00Z,205.6,11.9,12.8,13.0,-0.9,0.9
5-10 дней,2026-08-17T16:23:45Z,2026-08-26T09:00:00Z,208.6,13.3,14.3,13.7,-1.0,1.0
5-10 дней,2026-08-17T16:23:45Z,2026-08-26T12:00:00Z,211.6,14.1,11.8,14.8,2.3,2.3
5-10 дней,2026-08-17T16:23:45Z,2026-08-26T15:00:00Z,214.6,12.7,11.7,13.4,1.0,1.0
5-10 дней,2026-08-17T16:23:45Z,2026-08-26T18:00:00Z,217.6,10.9,5.3,10.8,5.6,5.6
5-10 дней,2026-08-17T16:23:45Z,2026-08-26T21:00:00Z,220.6,10.4,3.2,8.9,7.2,7.2
5-10 дней,2026-08-17T22:31:28Z,2026-08-23T00:00:00Z,121.5,12.8,10.8,13.5,2.0,2.0
5-10 дней,2026-08-17T22:31:28Z,2026-08-23T03:00:00Z,124.5,13.7,10.5,14.2,3.2,3.2
5-10 дней,2026-08-17T22:31:28Z,2026-08-23T06:00:00Z,127.5,14.8,15.3,15.4,-0.5,0.5
5-10 дней,2026-08-17T22:31:28Z,2026-08-23T09:00:00Z,130.5,15.0,19.7,16.3,-4.7,4.7
5-10 дней,2026-08-17T22:31:28Z,2026-08-23T12:00:00Z,133.5,14.9,15.9,18.2,-1.0,1.0
5-10 дней,2026-08-17T22:31:28Z,2026-08-23T15:00:00Z,136.5,14.5,14.0,16.2,0.5,0.5
5-10 дней,2026-08-17T22:31:28Z,2026-08-23T18:00:00Z,139.5,14.0,13.2,12.5,0.8,0.8
5-10 дней,2026-08-17T22:31:28Z,2026-08-23T21:00:00Z,142.5,13.1,13.5,11.1,-0.4,0.4
5-10 дней,2026-08-17T22:31:28Z,2026-08-24T00:00:00Z,145.5,12.5,13.8,10.8,-1.3,1.3
5-10 дней,2026-08-17T22:31:28Z,2026-08-24T03:00:00Z,148.5,12.7,14.1,10.5,-1.4,1.4
5-10 дней,2026-08-17T22:31:28Z,2026-08-24T06:00:00Z,151.5,13.4,14.4,15.3,-1.0,1.0
5-10 дней,2026-08-17T22:31:28Z,2026-08-24T09:00:00Z,154.5,14.8,15.7,19.7,-0.9,0.9
5-10 дней,2026-08-17T22:31:28Z,2026-08-24T12:00:00Z,157.5,15.7,17.8,15.9,-2.1,2.1
5-10 дней,2026-08-17T22:31:28Z,2026-08-24T15:00:00Z,160.5,14.7,15.6,14.0,-0.9,0.9
5-10 дней,2026-08-17T22:31:28Z,2026-08-24T18:00:00Z,163.5,13.2,14.5,13.2,-1.3,1.3
5-10 дней,2026-08-17T22:31:28Z,2026-08-24T21:00:00Z,166.5,12.3,14.1,13.5,-1.8,1.8
5-10 дней,2026-08-17T22:31:28Z,2026-08-25T00:00:00Z,169.5,11.8,14.0,13.8,-2.2,2.2
5-10 дней,2026-08-17T22:31:28Z,2026-08-25T03:00:00Z,172.5,11.9,13.5,14.1,-1.6,1.6
5-10 дней,2026-08-17T22:31:28Z,2026-08-25T06:00:00Z,175.5,12.4,13.0,14.4,-0.6,0.6
5-10 дней,2026-08-17T22:31:28Z,2026-08-25T09:00:00Z,178.5,13.3,13.7,15.7,-0.4,0.4
5-10 дней,2026-08-17T22:31:28Z,2026-08-25T12:00:00Z,181.5,14.0,14.8,17.8,-0.8,0.8
5-10 дней,2026-08-17T22:31:28Z,2026-08-25T15:00:00Z,184.5,13.3,13.4,15.6,-0.1,0.1
5-10 дней,2026-08-17T22:31:28Z,2026-08-25T18:00:00Z,187.5,12.3,10.8,14.5,1.5,1.5
5-10 дней,2026-08-17T22:31:28Z,2026-08-25T21:00:00Z,190.5,11.6,8.9,14.1,2.7,2.7
5-10 дней,2026-08-17T22:31:28Z,2026-08-26T00:00:00Z,193.5,11.2,9.2,14.0,2.0,2.0
5-10 дней,2026-08-17T22:31:28Z,2026-08-26T03:00:00Z,196.5,11.3,9.8,13.5,1.5,1.5
5-10 дней,2026-08-17T22:31:28Z,2026-08-26T06:00:00Z,199.5,11.9,12.8,13.0,-0.9,0.9
5-10 дней,2026-08-17T22:31:28Z,2026-08-26T09:00:00Z,202.5,13.3,14.3,13.7,-1.0,1.0
5-10 дней,2026-08-17T22:31:28Z,2026-08-26T12:00:00Z,205.5,14.1,11.8,14.8,2.3,2.3
5-10 дней,2026-08-17T22:31:28Z,2026-08-26T15:00:00Z,208.5,12.7,11.7,13.4,1.0,1.0
5-10 дней,2026-08-17T22:31:28Z,2026-08-26T18:00:00Z,211.5,10.9,5.3,10.8,5.6,5.6
5-10 дней,2026-08-17T22:31:28Z,2026-08-26T21:00:00Z,214.5,10.4,3.2,8.9,7.2,7.2
5-10 дней,2026-08-18T04:30:05Z,2026-08-23T06:00:00Z,121.5,14.8,15.3,15.4,-0.5,0.5
5-10 дней,2026-08-18T04:30:05Z,2026-08-23T09:00:00Z,124.5,15.0,19.7,16.3,-4.7,4.7
5-10 дней,2026-08-18T04:30:05Z,2026-08-23T12:00:00Z,127.5,14.9,15.9,18.2,-1.0,1.0
5-10 дней,2026-08-18T04:30:05Z,2026-08-23T15:00:00Z,130.5,14.5,14.0,16.2,0.5,0.5
5-10 дней,2026-08-18T04:30:05Z,2026-08-23T18:00:00Z,133.5,14.0,13.2,12.5,0.8,0.8
5-10 дней,2026-08-18T04:30:05Z,2026-08-23T21:00:00Z,136.5,13.1,13.5,11.1,-0.4,0.4
5-10 дней,2026-08-18T04:30:05Z,2026-08-24T00:00:00Z,139.5,12.5,13.8,10.8,-1.3,1.3
5-10 дней,2026-08-18T04:30:05Z,2026-08-24T03:00:00Z,142.5,12.7,14.1,10.5,-1.4,1.4
5-10 дней,2026-08-18T04:30:05Z,2026-08-24T06:00:00Z,145.5,13.4,14.4,15.3,-1.0,1.0
5-10 дней,2026-08-18T04:30:05Z,2026-08-24T09:00:00Z,148.5,14.8,15.7,19.7,-0.9,0.9
5-10 дней,2026-08-18T04:30:05Z,2026-08-24T12:00:00Z,151.5,15.7,17.8,15.9,-2.1,2.1
5-10 дней,2026-08-18T04:30:05Z,2026-08-24T15:00:00Z,154.5,14.7,15.6,14.0,-0.9,0.9
5-10 дней,2026-08-18T04:30:05Z,2026-08-24T18:00:00Z,157.5,13.2,14.5,13.2,-1.3,1.3
5-10 дней,2026-08-18T04:30:05Z,2026-08-24T21:00:00Z,160.5,12.3,14.1,13.5,-1.8,1.8
5-10 дней,2026-08-18T04:30:05Z,2026-08-25T00:00:00Z,163.5,11.8,14.0,13.8,-2.2,2.2
5-10 дней,2026-08-18T04:30:05Z,2026-08-25T03:00:00Z,166.5,11.9,13.5,14.1,-1.6,1.6
5-10 дней,2026-08-18T04:30:05Z,2026-08-25T06:00:00Z,169.5,12.4,13.0,14.4,-0.6,0.6
5-10 дней,2026-08-18T04:30:05Z,2026-08-25T09:00:00Z,172.5,13.3,13.7,15.7,-0.4,0.4
5-10 дней,2026-08-18T04:30:05Z,2026-08-25T12:00:00Z,175.5,14.0,14.8,17.8,-0.8,0.8
5-10 дней,2026-08-18T04:30:05Z,2026-08-25T15:00:00Z,178.5,13.3,13.4,15.6,-0.1,0.1
5-10 дней,2026-08-18T04:30:05Z,2026-08-25T18:00:00Z,181.5,12.3,10.8,14.5,1.5,1.5
5-10 дней,2026-08-18T04:30:05Z,2026-08-25T21:00:00Z,184.5,11.6,8.9,14.1,2.7,2.7
5-10 дней,2026-08-18T04:30:05Z,2026-08-26T00:00:00Z,187.5,11.2,9.2,14.0,2.0,2.0
5-10 дней,2026-08-18T04:30:05Z,2026-08-26T03:00:00Z,190.5,11.3,9.8,13.5,1.5,1.5
5-10 дней,2026-08-18T04:30:05Z,2026-08-26T06:00:00Z,193.5,11.9,12.8,13.0,-0.9,0.9
5-10 дней,2026-08-18T04:30:05Z,2026-08-26T09:00:00Z,196.5,13.3,14.3,13.7,-1.0,1.0
5-10 дней,2026-08-18T04:30:05Z,2026-08-26T12:00:00Z,199.5,14.1,11.8,14.8,2.3,2.3
5-10 дней,2026-08-18T04:30:05Z,2026-08-26T15:00:00Z,202.5,12.7,11.7,13.4,1.0,1.0
5-10 дней,2026-08-18T04:30:05Z,2026-08-26T18:00:00Z,205.5,10.9,5.3,10.8,5.6,5.6
5-10 дней,2026-08-18T04:30:05Z,2026-08-26T21:00:00Z,208.5,10.4,3.2,8.9,7.2,7.2
5-10 дней,2026-08-18T04:30:05Z,2026-08-27T00:00:00Z,211.5,10.5,2.6,9.2,7.9,7.9
5-10 дней,2026-08-18T04:30:05Z,2026-08-27T03:00:00Z,214.5,11.2,6.1,9.8,5.1,5.1
5-10 дней,2026-08-18T04:30:05Z,2026-08-27T06:00:00Z,217.5,12.3,9.9,12.8,2.4,2.4
5-10 дней,2026-08-18T04:30:05Z,2026-08-27T09:00:00Z,220.5,14.0,11.2,14.3,2.8,2.8
5-10 дней,2026-08-18T04:30:05Z,2026-08-27T12:00:00Z,223.5,14.9,11.3,11.8,3.6,3.6
5-10 дней,2026-08-18T04:30:05Z,2026-08-27T15:00:00Z,226.5,12.9,9.8,11.7,3.1,3.1
5-10 дней,2026-08-18T04:30:05Z,2026-08-27T18:00:00Z,229.5,10.3,9.3,5.3,1.0,1.0
5-10 дней,2026-08-18T04:30:05Z,2026-08-27T21:00:00Z,232.5,8.8,7.0,3.2,1.8,1.8
5-10 дней,2026-08-18T10:14:55Z,2026-08-23T12:00:00Z,121.8,14.9,15.9,18.2,-1.0,1.0
5-10 дней,2026-08-18T10:14:55Z,2026-08-23T15:00:00Z,124.8,14.5,14.0,16.2,0.5,0.5
5-10 дней,2026-08-18T10:14:55Z,2026-08-23T18:00:00Z,127.8,14.0,13.2,12.5,0.8,0.8
5-10 дней,2026-08-18T10:14:55Z,2026-08-23T21:00:00Z,130.8,13.1,13.5,11.1,-0.4,0.4
5-10 дней,2026-08-18T10:14:55Z,2026-08-24T00:00:00Z,133.8,12.5,13.8,10.8,-1.3,1.3
5-10 дней,2026-08-18T10:14:55Z,2026-08-24T03:00:00Z,136.8,12.7,14.1,10.5,-1.4,1.4
5-10 дней,2026-08-18T10:14:55Z,2026-08-24T06:00:00Z,139.8,13.4,14.4,15.3,-1.0,1.0
5-10 дней,2026-08-18T10:14:55Z,2026-08-24T09:00:00Z,142.8,14.8,15.7,19.7,-0.9,0.9
5-10 дней,2026-08-18T10:14:55Z,2026-08-24T12:00:00Z,145.8,15.7,17.8,15.9,-2.1,2.1
5-10 дней,2026-08-18T10:14:55Z,2026-08-24T15:00:00Z,148.8,14.7,15.6,14.0,-0.9,0.9
5-10 дней,2026-08-18T10:14:55Z,2026-08-24T18:00:00Z,151.8,13.2,14.5,13.2,-1.3,1.3
5-10 дней,2026-08-18T10:14:55Z,2026-08-24T21:00:00Z,154.8,12.3,14.1,13.5,-1.8,1.8
5-10 дней,2026-08-18T10:14:55Z,2026-08-25T00:00:00Z,157.8,11.8,14.0,13.8,-2.2,2.2
5-10 дней,2026-08-18T10:14:55Z,2026-08-25T03:00:00Z,160.8,11.9,13.5,14.1,-1.6,1.6
5-10 дней,2026-08-18T10:14:55Z,2026-08-25T06:00:00Z,163.8,12.4,13.0,14.4,-0.6,0.6
5-10 дней,2026-08-18T10:14:55Z,2026-08-25T09:00:00Z,166.8,13.3,13.7,15.7,-0.4,0.4
5-10 дней,2026-08-18T10:14:55Z,2026-08-25T12:00:00Z,169.8,14.0,14.8,17.8,-0.8,0.8
5-10 дней,2026-08-18T10:14:55Z,2026-08-25T15:00:00Z,172.8,13.3,13.4,15.6,-0.1,0.1
5-10 дней,2026-08-18T10:14:55Z,2026-08-25T18:00:00Z,175.8,12.3,10.8,14.5,1.5,1.5
5-10 дней,2026-08-18T10:14:55Z,2026-08-25T21:00:00Z,178.8,11.6,8.9,14.1,2.7,2.7
5-10 дней,2026-08-18T10:14:55Z,2026-08-26T00:00:00Z,181.8,11.2,9.2,14.0,2.0,2.0
5-10 дней,2026-08-18T10:14:55Z,2026-08-26T03:00:00Z,184.8,11.3,9.8,13.5,1.5,1.5
5-10 дней,2026-08-18T10:14:55Z,2026-08-26T06:00:00Z,187.8,11.9,12.8,13.0,-0.9,0.9
5-10 дней,2026-08-18T10:14:55Z,2026-08-26T09:00:00Z,190.8,13.3,14.3,13.7,-1.0,1.0
5-10 дней,2026-08-18T10:14:55Z,2026-08-26T12:00:00Z,193.8,14.1,11.8,14.8,2.3,2.3
5-10 дней,2026-08-18T10:14:55Z,2026-08-26T15:00:00Z,196.8,12.7,11.7,13.4,1.0,1.0
5-10 дней,2026-08-18T10:14:55Z,2026-08-26T18:00:00Z,199.8,10.9,5.3,10.8,5.6,5.6
5-10 дней,2026-08-18T10:14:55Z,2026-08-26T21:00:00Z,202.8,10.4,3.2,8.9,7.2,7.2
5-10 дней,2026-08-18T10:14:55Z,2026-08-27T00:00:00Z,205.8,10.5,2.6,9.2,7.9,7.9
5-10 дней,2026-08-18T10:14:55Z,2026-08-27T03:00:00Z,208.8,11.2,6.1,9.8,5.1,5.1
5-10 дней,2026-08-18T10:14:55Z,2026-08-27T06:00:00Z,211.8,12.3,9.9,12.8,2.4,2.4
5-10 дней,2026-08-18T10:14:55Z,2026-08-27T09:00:00Z,214.8,14.0,11.2,14.3,2.8,2.8
5-10 дней,2026-08-18T10:14:55Z,2026-08-27T12:00:00Z,217.8,14.9,11.3,11.8,3.6,3.6
5-10 дней,2026-08-18T10:14:55Z,2026-08-27T15:00:00Z,220.8,12.9,9.8,11.7,3.1,3.1
5-10 дней,2026-08-18T10:14:55Z,2026-08-27T18:00:00Z,223.8,10.3,9.3,5.3,1.0,1.0
5-10 дней,2026-08-18T10:14:55Z,2026-08-27T21:00:00Z,226.8,8.8,7.0,3.2,1.8,1.8
5-10 дней,2026-08-18T16:27:50Z,2026-08-23T18:00:00Z,121.5,13.2,13.2,12.5,0.0,0.0
5-10 дней,2026-08-18T16:27:50Z,2026-08-23T21:00:00Z,124.5,12.0,13.5,11.1,-1.5,1.5
5-10 дней,2026-08-18T16:27:50Z,2026-08-24T00:00:00Z,127.5,12.1,13.8,10.8,-1.7,1.7
5-10 дней,2026-08-18T16:27:50Z,2026-08-24T03:00:00Z,130.5,12.0,14.1,10.5,-2.1,2.1
5-10 дней,2026-08-18T16:27:50Z,2026-08-24T06:00:00Z,133.5,12.7,14.4,15.3,-1.7,1.7
5-10 дней,2026-08-18T16:27:50Z,2026-08-24T09:00:00Z,136.5,13.8,15.7,19.7,-1.9,1.9
5-10 дней,2026-08-18T16:27:50Z,2026-08-24T12:00:00Z,139.5,14.8,17.8,15.9,-3.0,3.0
5-10 дней,2026-08-18T16:27:50Z,2026-08-24T15:00:00Z,142.5,13.4,15.6,14.0,-2.2,2.2
5-10 дней,2026-08-18T16:27:50Z,2026-08-24T18:00:00Z,145.5,11.2,14.5,13.2,-3.3,3.3
5-10 дней,2026-08-18T16:27:50Z,2026-08-24T21:00:00Z,148.5,9.3,14.1,13.5,-4.8,4.8
5-10 дней,2026-08-18T16:27:50Z,2026-08-25T00:00:00Z,151.5,8.1,14.0,13.8,-5.9,5.9
5-10 дней,2026-08-18T16:27:50Z,2026-08-25T03:00:00Z,154.5,8.8,13.5,14.1,-4.7,4.7
5-10 дней,2026-08-18T16:27:50Z,2026-08-25T06:00:00Z,157.5,10.4,13.0,14.4,-2.6,2.6
5-10 дней,2026-08-18T16:27:50Z,2026-08-25T09:00:00Z,160.5,13.1,13.7,15.7,-0.6,0.6
5-10 дней,2026-08-18T16:27:50Z,2026-08-25T12:00:00Z,163.5,14.9,14.8,17.8,0.1,0.1
5-10 дней,2026-08-18T16:27:50Z,2026-08-25T15:00:00Z,166.5,13.4,13.4,15.6,0.0,0.0
5-10 дней,2026-08-18T16:27:50Z,2026-08-25T18:00:00Z,169.5,11.0,10.8,14.5,0.2,0.2
5-10 дней,2026-08-18T16:27:50Z,2026-08-25T21:00:00Z,172.5,9.7,8.9,14.1,0.8,0.8
5-10 дней,2026-08-18T16:27:50Z,2026-08-26T00:00:00Z,175.5,8.9,9.2,14.0,-0.3,0.3
5-10 дней,2026-08-18T16:27:50Z,2026-08-26T03:00:00Z,178.5,9.1,9.8,13.5,-0.7,0.7
5-10 дней,2026-08-18T16:27:50Z,2026-08-26T06:00:00Z,181.5,9.8,12.8,13.0,-3.0,3.0
5-10 дней,2026-08-18T16:27:50Z,2026-08-26T09:00:00Z,184.5,10.9,14.3,13.7,-3.4,3.4
5-10 дней,2026-08-18T16:27:50Z,2026-08-26T12:00:00Z,187.5,11.4,11.8,14.8,-0.4,0.4
5-10 дней,2026-08-18T16:27:50Z,2026-08-26T15:00:00Z,190.5,9.7,11.7,13.4,-2.0,2.0
5-10 дней,2026-08-18T16:27:50Z,2026-08-26T18:00:00Z,193.5,7.7,5.3,10.8,2.4,2.4
5-10 дней,2026-08-18T16:27:50Z,2026-08-26T21:00:00Z,196.5,6.6,3.2,8.9,3.4,3.4
5-10 дней,2026-08-18T16:27:50Z,2026-08-27T00:00:00Z,199.5,6.3,2.6,9.2,3.7,3.7
5-10 дней,2026-08-18T16:27:50Z,2026-08-27T03:00:00Z,202.5,7.4,6.1,9.8,1.3,1.3
5-10 дней,2026-08-18T16:27:50Z,2026-08-27T06:00:00Z,205.5,8.8,9.9,12.8,-1.1,1.1
5-10 дней,2026-08-18T16:27:50Z,2026-08-27T09:00:00Z,208.5,9.8,11.2,14.3,-1.4,1.4
5-10 дней,2026-08-18T16:27:50Z,2026-08-27T12:00:00Z,211.5,10.1,11.3,11.8,-1.2,1.2
5-10 дней,2026-08-18T16:27:50Z,2026-08-27T15:00:00Z,214.5,8.8,9.8,11.7,-1.0,1.0
5-10 дней,2026-08-18T16:27:50Z,2026-08-27T18:00:00Z,217.5,7.2,9.3,5.3,-2.1,2.1
5-10 дней,2026-08-18T16:27:50Z,2026-08-27T21:00:00Z,220.5,6.2,7.0,3.2,-0.8,0.8
5-10 дней,2026-08-18T22:31:39Z,2026-08-24T00:00:00Z,121.5,12.2,13.8,10.8,-1.6,1.6
5-10 дней,2026-08-18T22:31:39Z,2026-08-24T03:00:00Z,124.5,11.8,14.1,10.5,-2.3,2.3
5-10 дней,2026-08-18T22:31:39Z,2026-08-24T06:00:00Z,127.5,13.3,14.4,15.3,-1.1,1.1
5-10 дней,2026-08-18T22:31:39Z,2026-08-24T09:00:00Z,130.5,14.1,15.7,19.7,-1.6,1.6
5-10 дней,2026-08-18T22:31:39Z,2026-08-24T12:00:00Z,133.5,14.2,17.8,15.9,-3.6,3.6
5-10 дней,2026-08-18T22:31:39Z,2026-08-24T15:00:00Z,136.5,13.5,15.6,14.0,-2.1,2.1
5-10 дней,2026-08-18T22:31:39Z,2026-08-24T18:00:00Z,139.5,12.4,14.5,13.2,-2.1,2.1
5-10 дней,2026-08-18T22:31:39Z,2026-08-24T21:00:00Z,142.5,11.1,14.1,13.5,-3.0,3.0
5-10 дней,2026-08-18T22:31:39Z,2026-08-25T00:00:00Z,145.5,10.2,14.0,13.8,-3.8,3.8
5-10 дней,2026-08-18T22:31:39Z,2026-08-25T03:00:00Z,148.5,10.3,13.5,14.1,-3.2,3.2
5-10 дней,2026-08-18T22:31:39Z,2026-08-25T06:00:00Z,151.5,10.8,13.0,14.4,-2.2,2.2
5-10 дней,2026-08-18T22:31:39Z,2026-08-25T09:00:00Z,154.5,11.5,13.7,15.7,-2.2,2.2
5-10 дней,2026-08-18T22:31:39Z,2026-08-25T12:00:00Z,157.5,11.7,14.8,17.8,-3.1,3.1
5-10 дней,2026-08-18T22:31:39Z,2026-08-25T15:00:00Z,160.5,9.9,13.4,15.6,-3.5,3.5
5-10 дней,2026-08-18T22:31:39Z,2026-08-25T18:00:00Z,163.5,8.0,10.8,14.5,-2.8,2.8
5-10 дней,2026-08-18T22:31:39Z,2026-08-25T21:00:00Z,166.5,7.6,8.9,14.1,-1.3,1.3
5-10 дней,2026-08-18T22:31:39Z,2026-08-26T00:00:00Z,169.5,7.9,9.2,14.0,-1.3,1.3
5-10 дней,2026-08-18T22:31:39Z,2026-08-26T03:00:00Z,172.5,8.6,9.8,13.5,-1.2,1.2
5-10 дней,2026-08-18T22:31:39Z,2026-08-26T06:00:00Z,175.5,9.4,12.8,13.0,-3.4,3.4
5-10 дней,2026-08-18T22:31:39Z,2026-08-26T09:00:00Z,178.5,10.2,14.3,13.7,-4.1,4.1
5-10 дней,2026-08-18T22:31:39Z,2026-08-26T12:00:00Z,181.5,10.3,11.8,14.8,-1.5,1.5
5-10 дней,2026-08-18T22:31:39Z,2026-08-26T15:00:00Z,184.5,8.3,11.7,13.4,-3.4,3.4
5-10 дней,2026-08-18T22:31:39Z,2026-08-26T18:00:00Z,187.5,5.9,5.3,10.8,0.6,0.6
5-10 дней,2026-08-18T22:31:39Z,2026-08-26T21:00:00Z,190.5,4.7,3.2,8.9,1.5,1.5
5-10 дней,2026-08-18T22:31:39Z,2026-08-27T00:00:00Z,193.5,4.4,2.6,9.2,1.8,1.8
5-10 дней,2026-08-18T22:31:39Z,2026-08-27T03:00:00Z,196.5,5.7,6.1,9.8,-0.4,0.4
5-10 дней,2026-08-18T22:31:39Z,2026-08-27T06:00:00Z,199.5,7.6,9.9,12.8,-2.3,2.3
5-10 дней,2026-08-18T22:31:39Z,2026-08-27T09:00:00Z,202.5,9.4,11.2,14.3,-1.8,1.8
5-10 дней,2026-08-18T22:31:39Z,2026-08-27T12:00:00Z,205.5,10.8,11.3,11.8,-0.5,0.5
5-10 дней,2026-08-18T22:31:39Z,2026-08-27T15:00:00Z,208.5,10.7,9.8,11.7,0.9,0.9
5-10 дней,2026-08-18T22:31:39Z,2026-08-27T18:00:00Z,211.5,10.1,9.3,5.3,0.8,0.8
5-10 дней,2026-08-18T22:31:39Z,2026-08-27T21:00:00Z,214.5,9.8,7.0,3.2,2.8,2.8
5-10 дней,2026-08-19T04:31:14Z,2026-08-24T06:00:00Z,121.5,12.0,14.4,15.3,-2.4,2.4
5-10 дней,2026-08-19T04:31:14Z,2026-08-24T09:00:00Z,124.5,13.8,15.7,19.7,-1.9,1.9
5-10 дней,2026-08-19T04:31:14Z,2026-08-24T12:00:00Z,127.5,14.7,17.8,15.9,-3.1,3.1
5-10 дней,2026-08-19T04:31:14Z,2026-08-24T15:00:00Z,130.5,14.7,15.6,14.0,-0.9,0.9
5-10 дней,2026-08-19T04:31:14Z,2026-08-24T18:00:00Z,133.5,12.6,14.5,13.2,-1.9,1.9
5-10 дней,2026-08-19T04:31:14Z,2026-08-24T21:00:00Z,136.5,11.1,14.1,13.5,-3.0,3.0
5-10 дней,2026-08-19T04:31:14Z,2026-08-25T00:00:00Z,139.5,10.2,14.0,13.8,-3.8,3.8
5-10 дней,2026-08-19T04:31:14Z,2026-08-25T03:00:00Z,142.5,10.3,13.5,14.1,-3.2,3.2
5-10 дней,2026-08-19T04:31:14Z,2026-08-25T06:00:00Z,145.5,10.8,13.0,14.4,-2.2,2.2
5-10 дней,2026-08-19T04:31:14Z,2026-08-25T09:00:00Z,148.5,11.5,13.7,15.7,-2.2,2.2
5-10 дней,2026-08-19T04:31:14Z,2026-08-25T12:00:00Z,151.5,11.7,14.8,17.8,-3.1,3.1
5-10 дней,2026-08-19T04:31:14Z,2026-08-25T15:00:00Z,154.5,9.9,13.4,15.6,-3.5,3.5
5-10 дней,2026-08-19T04:31:14Z,2026-08-25T18:00:00Z,157.5,8.0,10.8,14.5,-2.8,2.8
5-10 дней,2026-08-19T04:31:14Z,2026-08-25T21:00:00Z,160.5,7.6,8.9,14.1,-1.3,1.3
5-10 дней,2026-08-19T04:31:14Z,2026-08-26T00:00:00Z,163.5,7.9,9.2,14.0,-1.3,1.3
5-10 дней,2026-08-19T04:31:14Z,2026-08-26T03:00:00Z,166.5,8.6,9.8,13.5,-1.2,1.2
5-10 дней,2026-08-19T04:31:14Z,2026-08-26T06:00:00Z,169.5,9.4,12.8,13.0,-3.4,3.4
5-10 дней,2026-08-19T04:31:14Z,2026-08-26T09:00:00Z,172.5,10.2,14.3,13.7,-4.1,4.1
5-10 дней,2026-08-19T04:31:14Z,2026-08-26T12:00:00Z,175.5,10.3,11.8,14.8,-1.5,1.5
5-10 дней,2026-08-19T04:31:14Z,2026-08-26T15:00:00Z,178.5,8.3,11.7,13.4,-3.4,3.4
5-10 дней,2026-08-19T04:31:14Z,2026-08-26T18:00:00Z,181.5,5.9,5.3,10.8,0.6,0.6
5-10 дней,2026-08-19T04:31:14Z,2026-08-26T21:00:00Z,184.5,4.7,3.2,8.9,1.5,1.5
5-10 дней,2026-08-19T04:31:14Z,2026-08-27T00:00:00Z,187.5,4.4,2.6,9.2,1.8,1.8
5-10 дней,2026-08-19T04:31:14Z,2026-08-27T03:00:00Z,190.5,5.7,6.1,9.8,-0.4,0.4
5-10 дней,2026-08-19T04:31:14Z,2026-08-27T06:00:00Z,193.5,7.6,9.9,12.8,-2.3,2.3
5-10 дней,2026-08-19T04:31:14Z,2026-08-27T09:00:00Z,196.5,9.4,11.2,14.3,-1.8,1.8
5-10 дней,2026-08-19T04:31:14Z,2026-08-27T12:00:00Z,199.5,10.8,11.3,11.8,-0.5,0.5
5-10 дней,2026-08-19T04:31:14Z,2026-08-27T15:00:00Z,202.5,10.7,9.8,11.7,0.9,0.9
5-10 дней,2026-08-19T04:31:14Z,2026-08-27T18:00:00Z,205.5,10.1,9.3,5.3,0.8,0.8
5-10 дней,2026-08-19T04:31:14Z,2026-08-27T21:00:00Z,208.5,9.8,7.0,3.2,2.8,2.8
5-10 дней,2026-08-19T04:31:14Z,2026-08-28T00:00:00Z,211.5,9.6,6.7,2.6,2.9,2.9
5-10 дней,2026-08-19T04:31:14Z,2026-08-28T03:00:00Z,214.5,9.9,6.3,6.1,3.6,3.6
5-10 дней,2026-08-19T04:31:14Z,2026-08-28T06:00:00Z,217.5,10.4,8.8,9.9,1.6,1.6
5-10 дней,2026-08-19T04:31:14Z,2026-08-28T09:00:00Z,220.5,10.8,9.6,11.2,1.2,1.2
5-10 дней,2026-08-19T04:31:14Z,2026-08-28T12:00:00Z,223.5,10.8,10.7,11.3,0.1,0.1
5-10 дней,2026-08-19T04:31:14Z,2026-08-28T15:00:00Z,226.5,9.9,10.1,9.8,-0.2,0.2
5-10 дней,2026-08-19T04:31:14Z,2026-08-28T18:00:00Z,229.5,8.7,4.9,9.3,3.8,3.8
5-10 дней,2026-08-19T04:31:14Z,2026-08-28T21:00:00Z,232.5,7.5,2.9,7.0,4.6,4.6
5-10 дней,2026-08-19T10:14:48Z,2026-08-24T12:00:00Z,121.8,15.0,17.8,15.9,-2.8,2.8
5-10 дней,2026-08-19T10:14:48Z,2026-08-24T15:00:00Z,124.8,14.0,15.6,14.0,-1.6,1.6
5-10 дней,2026-08-19T10:14:48Z,2026-08-24T18:00:00Z,127.8,12.9,14.5,13.2,-1.6,1.6
5-10 дней,2026-08-19T10:14:48Z,2026-08-24T21:00:00Z,130.8,12.2,14.1,13.5,-1.9,1.9
5-10 дней,2026-08-19T10:14:48Z,2026-08-25T00:00:00Z,133.8,10.6,14.0,13.8,-3.4,3.4
5-10 дней,2026-08-19T10:14:48Z,2026-08-25T03:00:00Z,136.8,11.4,13.5,14.1,-2.1,2.1
5-10 дней,2026-08-19T10:14:48Z,2026-08-25T06:00:00Z,139.8,12.7,13.0,14.4,-0.3,0.3
5-10 дней,2026-08-19T10:14:48Z,2026-08-25T09:00:00Z,142.8,13.4,13.7,15.7,-0.3,0.3
5-10 дней,2026-08-19T10:14:48Z,2026-08-25T12:00:00Z,145.8,13.6,14.8,17.8,-1.2,1.2
5-10 дней,2026-08-19T10:14:48Z,2026-08-25T15:00:00Z,148.8,13.0,13.4,15.6,-0.4,0.4
5-10 дней,2026-08-19T10:14:48Z,2026-08-25T18:00:00Z,151.8,11.8,10.8,14.5,1.0,1.0
5-10 дней,2026-08-19T10:14:48Z,2026-08-25T21:00:00Z,154.8,9.8,8.9,14.1,0.9,0.9
5-10 дней,2026-08-19T10:14:48Z,2026-08-26T00:00:00Z,157.8,8.4,9.2,14.0,-0.8,0.8
5-10 дней,2026-08-19T10:14:48Z,2026-08-26T03:00:00Z,160.8,8.9,9.8,13.5,-0.9,0.9
5-10 дней,2026-08-19T10:14:48Z,2026-08-26T06:00:00Z,163.8,10.3,12.8,13.0,-2.5,2.5
5-10 дней,2026-08-19T10:14:48Z,2026-08-26T09:00:00Z,166.8,11.8,14.3,13.7,-2.5,2.5
5-10 дней,2026-08-19T10:14:48Z,2026-08-26T12:00:00Z,169.8,12.9,11.8,14.8,1.1,1.1
5-10 дней,2026-08-19T10:14:48Z,2026-08-26T15:00:00Z,172.8,12.5,11.7,13.4,0.8,0.8
5-10 дней,2026-08-19T10:14:48Z,2026-08-26T18:00:00Z,175.8,11.5,5.3,10.8,6.2,6.2
5-10 дней,2026-08-19T10:14:48Z,2026-08-26T21:00:00Z,178.8,9.9,3.2,8.9,6.7,6.7
5-10 дней,2026-08-19T10:14:48Z,2026-08-27T00:00:00Z,181.8,8.6,2.6,9.2,6.0,6.0
5-10 дней,2026-08-19T10:14:48Z,2026-08-27T03:00:00Z,184.8,9.0,6.1,9.8,2.9,2.9
5-10 дней,2026-08-19T10:14:48Z,2026-08-27T06:00:00Z,187.8,10.2,9.9,12.8,0.3,0.3
5-10 дней,2026-08-19T10:14:48Z,2026-08-27T09:00:00Z,190.8,11.9,11.2,14.3,0.7,0.7
5-10 дней,2026-08-19T10:14:48Z,2026-08-27T12:00:00Z,193.8,13.2,11.3,11.8,1.9,1.9
5-10 дней,2026-08-19T10:14:48Z,2026-08-27T15:00:00Z,196.8,12.9,9.8,11.7,3.1,3.1
5-10 дней,2026-08-19T10:14:48Z,2026-08-27T18:00:00Z,199.8,11.8,9.3,5.3,2.5,2.5
5-10 дней,2026-08-19T10:14:48Z,2026-08-27T21:00:00Z,202.8,9.5,7.0,3.2,2.5,2.5
5-10 дней,2026-08-19T10:14:48Z,2026-08-28T00:00:00Z,205.8,8.2,6.7,2.6,1.5,1.5
5-10 дней,2026-08-19T10:14:48Z,2026-08-28T03:00:00Z,208.8,11.2,6.3,6.1,4.9,4.9
5-10 дней,2026-08-19T10:14:48Z,2026-08-28T06:00:00Z,211.8,15.2,8.8,9.9,6.4,6.4
5-10 дней,2026-08-19T10:14:48Z,2026-08-28T09:00:00Z,214.8,18.4,9.6,11.2,8.8,8.8
5-10 дней,2026-08-19T10:14:48Z,2026-08-28T12:00:00Z,217.8,20.0,10.7,11.3,9.3,9.3
5-10 дней,2026-08-19T10:14:48Z,2026-08-28T15:00:00Z,220.8,17.4,10.1,9.8,7.3,7.3
5-10 дней,2026-08-19T10:14:48Z,2026-08-28T18:00:00Z,223.8,14.2,4.9,9.3,9.3,9.3
5-10 дней,2026-08-19T10:14:48Z,2026-08-28T21:00:00Z,226.8,13.5,2.9,7.0,10.6,10.6
5-10 дней,2026-08-19T16:28:17Z,2026-08-24T18:00:00Z,121.5,11.5,14.5,13.2,-3.0,3.0
5-10 дней,2026-08-19T16:28:17Z,2026-08-24T21:00:00Z,124.5,11.8,14.1,13.5,-2.3,2.3
5-10 дней,2026-08-19T16:28:17Z,2026-08-25T00:00:00Z,127.5,12.4,14.0,13.8,-1.6,1.6
5-10 дней,2026-08-19T16:28:17Z,2026-08-25T03:00:00Z,130.5,12.5,13.5,14.1,-1.0,1.0
5-10 дней,2026-08-19T16:28:17Z,2026-08-25T06:00:00Z,133.5,13.5,13.0,14.4,0.5,0.5
5-10 дней,2026-08-19T16:28:17Z,2026-08-25T09:00:00Z,136.5,13.4,13.7,15.7,-0.3,0.3
5-10 дней,2026-08-19T16:28:17Z,2026-08-25T12:00:00Z,139.5,13.6,14.8,17.8,-1.2,1.2
5-10 дней,2026-08-19T16:28:17Z,2026-08-25T15:00:00Z,142.5,13.0,13.4,15.6,-0.4,0.4
5-10 дней,2026-08-19T16:28:17Z,2026-08-25T18:00:00Z,145.5,11.8,10.8,14.5,1.0,1.0
5-10 дней,2026-08-19T16:28:17Z,2026-08-25T21:00:00Z,148.5,9.8,8.9,14.1,0.9,0.9
5-10 дней,2026-08-19T16:28:17Z,2026-08-26T00:00:00Z,151.5,8.4,9.2,14.0,-0.8,0.8
5-10 дней,2026-08-19T16:28:17Z,2026-08-26T03:00:00Z,154.5,8.9,9.8,13.5,-0.9,0.9
5-10 дней,2026-08-19T16:28:17Z,2026-08-26T06:00:00Z,157.5,10.3,12.8,13.0,-2.5,2.5
5-10 дней,2026-08-19T16:28:17Z,2026-08-26T09:00:00Z,160.5,11.8,14.3,13.7,-2.5,2.5
5-10 дней,2026-08-19T16:28:17Z,2026-08-26T12:00:00Z,163.5,12.9,11.8,14.8,1.1,1.1
5-10 дней,2026-08-19T16:28:17Z,2026-08-26T15:00:00Z,166.5,12.5,11.7,13.4,0.8,0.8
5-10 дней,2026-08-19T16:28:17Z,2026-08-26T18:00:00Z,169.5,11.5,5.3,10.8,6.2,6.2
5-10 дней,2026-08-19T16:28:17Z,2026-08-26T21:00:00Z,172.5,9.9,3.2,8.9,6.7,6.7
5-10 дней,2026-08-19T16:28:17Z,2026-08-27T00:00:00Z,175.5,8.6,2.6,9.2,6.0,6.0
5-10 дней,2026-08-19T16:28:17Z,2026-08-27T03:00:00Z,178.5,9.0,6.1,9.8,2.9,2.9
5-10 дней,2026-08-19T16:28:17Z,2026-08-27T06:00:00Z,181.5,10.2,9.9,12.8,0.3,0.3
5-10 дней,2026-08-19T16:28:17Z,2026-08-27T09:00:00Z,184.5,11.9,11.2,14.3,0.7,0.7
5-10 дней,2026-08-19T16:28:17Z,2026-08-27T12:00:00Z,187.5,13.2,11.3,11.8,1.9,1.9
5-10 дней,2026-08-19T16:28:17Z,2026-08-27T15:00:00Z,190.5,12.9,9.8,11.7,3.1,3.1
5-10 дней,2026-08-19T16:28:17Z,2026-08-27T18:00:00Z,193.5,11.8,9.3,5.3,2.5,2.5
5-10 дней,2026-08-19T16:28:17Z,2026-08-27T21:00:00Z,196.5,9.5,7.0,3.2,2.5,2.5
5-10 дней,2026-08-19T16:28:17Z,2026-08-28T00:00:00Z,199.5,8.2,6.7,2.6,1.5,1.5
5-10 дней,2026-08-19T16:28:17Z,2026-08-28T03:00:00Z,202.5,11.2,6.3,6.1,4.9,4.9
5-10 дней,2026-08-19T16:28:17Z,2026-08-28T06:00:00Z,205.5,15.2,8.8,9.9,6.4,6.4
5-10 дней,2026-08-19T16:28:17Z,2026-08-28T09:00:00Z,208.5,18.4,9.6,11.2,8.8,8.8
5-10 дней,2026-08-19T16:28:17Z,2026-08-28T12:00:00Z,211.5,20.0,10.7,11.3,9.3,9.3
5-10 дней,2026-08-19T16:28:17Z,2026-08-28T15:00:00Z,214.5,17.4,10.1,9.8,7.3,7.3
5-10 дней,2026-08-19T16:28:17Z,2026-08-28T18:00:00Z,217.5,14.2,4.9,9.3,9.3,9.3
5-10 дней,2026-08-19T16:28:17Z,2026-08-28T21:00:00Z,220.5,13.5,2.9,7.0,10.6,10.6
5-10 дней,2026-08-20T04:31:56Z,2026-08-25T06:00:00Z,121.5,13.3,13.0,14.4,0.3,0.3
5-10 дней,2026-08-20T04:31:56Z,2026-08-25T09:00:00Z,124.5,13.4,13.7,15.7,-0.3,0.3
5-10 дней,2026-08-20T04:31:56Z,2026-08-25T12:00:00Z,127.5,14.3,14.8,17.8,-0.5,0.5
5-10 дней,2026-08-20T04:31:56Z,2026-08-25T15:00:00Z,130.5,13.9,13.4,15.6,0.5,0.5
5-10 дней,2026-08-20T04:31:56Z,2026-08-25T18:00:00Z,133.5,10.9,10.8,14.5,0.1,0.1
5-10 дней,2026-08-20T04:31:56Z,2026-08-25T21:00:00Z,136.5,12.3,8.9,14.1,3.4,3.4
5-10 дней,2026-08-20T04:31:56Z,2026-08-26T00:00:00Z,139.5,11.8,9.2,14.0,2.6,2.6
5-10 дней,2026-08-20T04:31:56Z,2026-08-26T03:00:00Z,142.5,12.6,9.8,13.5,2.8,2.8
5-10 дней,2026-08-20T04:31:56Z,2026-08-26T06:00:00Z,145.5,13.5,12.8,13.0,0.7,0.7
5-10 дней,2026-08-20T04:31:56Z,2026-08-26T09:00:00Z,148.5,13.8,14.3,13.7,-0.5,0.5
5-10 дней,2026-08-20T04:31:56Z,2026-08-26T12:00:00Z,151.5,13.5,11.8,14.8,1.7,1.7
5-10 дней,2026-08-20T04:31:56Z,2026-08-26T15:00:00Z,154.5,11.9,11.7,13.4,0.2,0.2
5-10 дней,2026-08-20T04:31:56Z,2026-08-26T18:00:00Z,157.5,10.4,5.3,10.8,5.1,5.1
5-10 дней,2026-08-20T04:31:56Z,2026-08-26T21:00:00Z,160.5,10.5,3.2,8.9,7.3,7.3
5-10 дней,2026-08-20T04:31:56Z,2026-08-27T00:00:00Z,163.5,11.6,2.6,9.2,9.0,9.0
5-10 дней,2026-08-20T04:31:56Z,2026-08-27T03:00:00Z,166.5,13.6,6.1,9.8,7.5,7.5
5-10 дней,2026-08-20T04:31:56Z,2026-08-27T06:00:00Z,169.5,15.8,9.9,12.8,5.9,5.9
5-10 дней,2026-08-20T04:31:56Z,2026-08-27T09:00:00Z,172.5,18.4,11.2,14.3,7.2,7.2
5-10 дней,2026-08-20T04:31:56Z,2026-08-27T12:00:00Z,175.5,19.9,11.3,11.8,8.6,8.6
5-10 дней,2026-08-20T04:31:56Z,2026-08-27T15:00:00Z,178.5,18.0,9.8,11.7,8.2,8.2
5-10 дней,2026-08-20T04:31:56Z,2026-08-27T18:00:00Z,181.5,15.4,9.3,5.3,6.1,6.1
5-10 дней,2026-08-20T04:31:56Z,2026-08-27T21:00:00Z,184.5,14.0,7.0,3.2,7.0,7.0
5-10 дней,2026-08-20T04:31:56Z,2026-08-28T00:00:00Z,187.5,13.5,6.7,2.6,6.8,6.8
5-10 дней,2026-08-20T04:31:56Z,2026-08-28T03:00:00Z,190.5,14.9,6.3,6.1,8.6,8.6
5-10 дней,2026-08-20T04:31:56Z,2026-08-28T06:00:00Z,193.5,16.7,8.8,9.9,7.9,7.9
5-10 дней,2026-08-20T04:31:56Z,2026-08-28T09:00:00Z,196.5,17.9,9.6,11.2,8.3,8.3
5-10 дней,2026-08-20T04:31:56Z,2026-08-28T12:00:00Z,199.5,18.3,10.7,11.3,7.6,7.6
5-10 дней,2026-08-20T04:31:56Z,2026-08-28T15:00:00Z,202.5,17.0,10.1,9.8,6.9,6.9
5-10 дней,2026-08-20T04:31:56Z,2026-08-28T18:00:00Z,205.5,15.3,4.9,9.3,10.4,10.4
5-10 дней,2026-08-20T04:31:56Z,2026-08-28T21:00:00Z,208.5,14.3,2.9,7.0,11.4,11.4
5-10 дней,2026-08-20T04:31:56Z,2026-08-29T00:00:00Z,211.5,14.0,2.0,6.7,12.0,12.0
5-10 дней,2026-08-20T04:31:56Z,2026-08-29T03:00:00Z,214.5,15.3,0.8,6.3,14.5,14.5
5-10 дней,2026-08-20T04:31:56Z,2026-08-29T06:00:00Z,217.5,17.2,9.4,8.8,7.8,7.8
5-10 дней,2026-08-20T04:31:56Z,2026-08-29T09:00:00Z,220.5,19.7,13.1,9.6,6.6,6.6
5-10 дней,2026-08-20T04:31:56Z,2026-08-29T12:00:00Z,223.5,21.2,14.9,10.7,6.3,6.3
5-10 дней,2026-08-20T04:31:56Z,2026-08-29T15:00:00Z,226.5,19.1,14.6,10.1,4.5,4.5
5-10 дней,2026-08-20T04:31:56Z,2026-08-29T18:00:00Z,229.5,16.3,5.6,4.9,10.7,10.7
5-10 дней,2026-08-20T04:31:56Z,2026-08-29T21:00:00Z,232.5,14.8,2.9,2.9,11.9,11.9
5-10 дней,2026-08-20T10:16:10Z,2026-08-25T12:00:00Z,121.7,13.1,14.8,17.8,-1.7,1.7
5-10 дней,2026-08-20T10:16:10Z,2026-08-25T15:00:00Z,124.7,12.9,13.4,15.6,-0.5,0.5
5-10 дней,2026-08-20T10:16:10Z,2026-08-25T18:00:00Z,127.7,12.2,10.8,14.5,1.4,1.4
5-10 дней,2026-08-20T10:16:10Z,2026-08-25T21:00:00Z,130.7,11.7,8.9,14.1,2.8,2.8
5-10 дней,2026-08-20T10:16:10Z,2026-08-26T00:00:00Z,133.7,10.5,9.2,14.0,1.3,1.3
5-10 дней,2026-08-20T10:16:10Z,2026-08-26T03:00:00Z,136.7,10.9,9.8,13.5,1.1,1.1
5-10 дней,2026-08-20T10:16:10Z,2026-08-26T06:00:00Z,139.7,11.9,12.8,13.0,-0.9,0.9
5-10 дней,2026-08-20T10:16:10Z,2026-08-26T09:00:00Z,142.7,13.6,14.3,13.7,-0.7,0.7
5-10 дней,2026-08-20T10:16:10Z,2026-08-26T12:00:00Z,145.7,14.8,11.8,14.8,3.0,3.0
5-10 дней,2026-08-20T10:16:10Z,2026-08-26T15:00:00Z,148.7,13.3,11.7,13.4,1.6,1.6
5-10 дней,2026-08-20T10:16:10Z,2026-08-26T18:00:00Z,151.7,11.5,5.3,10.8,6.2,6.2
5-10 дней,2026-08-20T10:16:10Z,2026-08-26T21:00:00Z,154.7,11.3,3.2,8.9,8.1,8.1
5-10 дней,2026-08-20T10:16:10Z,2026-08-27T00:00:00Z,157.7,11.8,2.6,9.2,9.2,9.2
5-10 дней,2026-08-20T10:16:10Z,2026-08-27T03:00:00Z,160.7,13.0,6.1,9.8,6.9,6.9
5-10 дней,2026-08-20T10:16:10Z,2026-08-27T06:00:00Z,163.7,14.0,9.9,12.8,4.1,4.1
5-10 дней,2026-08-20T10:16:10Z,2026-08-27T09:00:00Z,166.7,13.8,11.2,14.3,2.6,2.6
5-10 дней,2026-08-20T10:16:10Z,2026-08-27T12:00:00Z,169.7,13.1,11.3,11.8,1.8,1.8
5-10 дней,2026-08-20T10:16:10Z,2026-08-27T15:00:00Z,172.7,12.1,9.8,11.7,2.3,2.3
5-10 дней,2026-08-20T10:16:10Z,2026-08-27T18:00:00Z,175.7,11.1,9.3,5.3,1.8,1.8
5-10 дней,2026-08-20T10:16:10Z,2026-08-27T21:00:00Z,178.7,10.2,7.0,3.2,3.2,3.2
5-10 дней,2026-08-20T10:16:10Z,2026-08-28T00:00:00Z,181.7,9.7,6.7,2.6,3.0,3.0
5-10 дней,2026-08-20T10:16:10Z,2026-08-28T03:00:00Z,184.7,10.5,6.3,6.1,4.2,4.2
5-10 дней,2026-08-20T10:16:10Z,2026-08-28T06:00:00Z,187.7,11.7,8.8,9.9,2.9,2.9
5-10 дней,2026-08-20T10:16:10Z,2026-08-28T09:00:00Z,190.7,12.9,9.6,11.2,3.3,3.3
5-10 дней,2026-08-20T10:16:10Z,2026-08-28T12:00:00Z,193.7,13.5,10.7,11.3,2.8,2.8
5-10 дней,2026-08-20T10:16:10Z,2026-08-28T15:00:00Z,196.7,11.9,10.1,9.8,1.8,1.8
5-10 дней,2026-08-20T10:16:10Z,2026-08-28T18:00:00Z,199.7,9.9,4.9,9.3,5.0,5.0
5-10 дней,2026-08-20T10:16:10Z,2026-08-28T21:00:00Z,202.7,8.5,2.9,7.0,5.6,5.6
5-10 дней,2026-08-20T10:16:10Z,2026-08-29T00:00:00Z,205.7,8.0,2.0,6.7,6.0,6.0
5-10 дней,2026-08-20T10:16:10Z,2026-08-29T03:00:00Z,208.7,9.5,0.8,6.3,8.7,8.7
5-10 дней,2026-08-20T10:16:10Z,2026-08-29T06:00:00Z,211.7,11.9,9.4,8.8,2.5,2.5
5-10 дней,2026-08-20T10:16:10Z,2026-08-29T09:00:00Z,214.7,15.5,13.1,9.6,2.4,2.4
5-10 дней,2026-08-20T10:16:10Z,2026-08-29T12:00:00Z,217.7,18.0,14.9,10.7,3.1,3.1
5-10 дней,2026-08-20T10:16:10Z,2026-08-29T15:00:00Z,220.7,16.6,14.6,10.1,2.0,2.0
5-10 дней,2026-08-20T10:16:10Z,2026-08-29T18:00:00Z,223.7,14.3,5.6,4.9,8.7,8.7
5-10 дней,2026-08-20T10:16:10Z,2026-08-29T21:00:00Z,226.7,13.1,2.9,2.9,10.2,10.2
5-10 дней,2026-08-20T16:31:45Z,2026-08-25T18:00:00Z,121.5,12.8,10.8,14.5,2.0,2.0
5-10 дней,2026-08-20T16:31:45Z,2026-08-25T21:00:00Z,124.5,12.4,8.9,14.1,3.5,3.5
5-10 дней,2026-08-20T16:31:45Z,2026-08-26T00:00:00Z,127.5,12.1,9.2,14.0,2.9,2.9
5-10 дней,2026-08-20T16:31:45Z,2026-08-26T03:00:00Z,130.5,11.7,9.8,13.5,1.9,1.9
5-10 дней,2026-08-20T16:31:45Z,2026-08-26T06:00:00Z,133.5,12.5,12.8,13.0,-0.3,0.3
5-10 дней,2026-08-20T16:31:45Z,2026-08-26T09:00:00Z,136.5,13.6,14.3,13.7,-0.7,0.7
5-10 дней,2026-08-20T16:31:45Z,2026-08-26T12:00:00Z,139.5,14.8,11.8,14.8,3.0,3.0
5-10 дней,2026-08-20T16:31:45Z,2026-08-26T15:00:00Z,142.5,13.3,11.7,13.4,1.6,1.6
5-10 дней,2026-08-20T16:31:45Z,2026-08-26T18:00:00Z,145.5,11.5,5.3,10.8,6.2,6.2
5-10 дней,2026-08-20T16:31:45Z,2026-08-26T21:00:00Z,148.5,11.3,3.2,8.9,8.1,8.1
5-10 дней,2026-08-20T16:31:45Z,2026-08-27T00:00:00Z,151.5,11.8,2.6,9.2,9.2,9.2
5-10 дней,2026-08-20T16:31:45Z,2026-08-27T03:00:00Z,154.5,13.0,6.1,9.8,6.9,6.9
5-10 дней,2026-08-20T16:31:45Z,2026-08-27T06:00:00Z,157.5,14.0,9.9,12.8,4.1,4.1
5-10 дней,2026-08-20T16:31:45Z,2026-08-27T09:00:00Z,160.5,13.8,11.2,14.3,2.6,2.6
5-10 дней,2026-08-20T16:31:45Z,2026-08-27T12:00:00Z,163.5,13.1,11.3,11.8,1.8,1.8
5-10 дней,2026-08-20T16:31:45Z,2026-08-27T15:00:00Z,166.5,12.1,9.8,11.7,2.3,2.3
5-10 дней,2026-08-20T16:31:45Z,2026-08-27T18:00:00Z,169.5,11.1,9.3,5.3,1.8,1.8
5-10 дней,2026-08-20T16:31:45Z,2026-08-27T21:00:00Z,172.5,10.2,7.0,3.2,3.2,3.2
5-10 дней,2026-08-20T16:31:45Z,2026-08-28T00:00:00Z,175.5,9.7,6.7,2.6,3.0,3.0
5-10 дней,2026-08-20T16:31:45Z,2026-08-28T03:00:00Z,178.5,10.5,6.3,6.1,4.2,4.2
5-10 дней,2026-08-20T16:31:45Z,2026-08-28T06:00:00Z,181.5,11.7,8.8,9.9,2.9,2.9
5-10 дней,2026-08-20T16:31:45Z,2026-08-28T09:00:00Z,184.5,12.9,9.6,11.2,3.3,3.3
5-10 дней,2026-08-20T16:31:45Z,2026-08-28T12:00:00Z,187.5,13.5,10.7,11.3,2.8,2.8
5-10 дней,2026-08-20T16:31:45Z,2026-08-28T15:00:00Z,190.5,11.9,10.1,9.8,1.8,1.8
5-10 дней,2026-08-20T16:31:45Z,2026-08-28T18:00:00Z,193.5,9.9,4.9,9.3,5.0,5.0
5-10 дней,2026-08-20T16:31:45Z,2026-08-28T21:00:00Z,196.5,8.5,2.9,7.0,5.6,5.6
5-10 дней,2026-08-20T16:31:45Z,2026-08-29T00:00:00Z,199.5,8.0,2.0,6.7,6.0,6.0
5-10 дней,2026-08-20T16:31:45Z,2026-08-29T03:00:00Z,202.5,9.5,0.8,6.3,8.7,8.7
5-10 дней,2026-08-20T16:31:45Z,2026-08-29T06:00:00Z,205.5,11.9,9.4,8.8,2.5,2.5
5-10 дней,2026-08-20T16:31:45Z,2026-08-29T09:00:00Z,208.5,15.5,13.1,9.6,2.4,2.4
5-10 дней,2026-08-20T16:31:45Z,2026-08-29T12:00:00Z,211.5,18.0,14.9,10.7,3.1,3.1
5-10 дней,2026-08-20T16:31:45Z,2026-08-29T15:00:00Z,214.5,16.6,14.6,10.1,2.0,2.0
5-10 дней,2026-08-20T16:31:45Z,2026-08-29T18:00:00Z,217.5,14.3,5.6,4.9,8.7,8.7
5-10 дней,2026-08-20T16:31:45Z,2026-08-29T21:00:00Z,220.5,13.1,2.9,2.9,10.2,10.2
5-10 дней,2026-08-20T22:34:58Z,2026-08-26T00:00:00Z,121.4,11.6,9.2,14.0,2.4,2.4
5-10 дней,2026-08-20T22:34:58Z,2026-08-26T03:00:00Z,124.4,10.4,9.8,13.5,0.6,0.6
5-10 дней,2026-08-20T22:34:58Z,2026-08-26T06:00:00Z,127.4,14.5,12.8,13.0,1.7,1.7
5-10 дней,2026-08-20T22:34:58Z,2026-08-26T09:00:00Z,130.4,16.3,14.3,13.7,2.0,2.0
5-10 дней,2026-08-20T22:34:58Z,2026-08-26T12:00:00Z,133.4,16.9,11.8,14.8,5.1,5.1
5-10 дней,2026-08-20T22:34:58Z,2026-08-26T15:00:00Z,136.4,14.4,11.7,13.4,2.7,2.7
5-10 дней,2026-08-20T22:34:58Z,2026-08-26T18:00:00Z,139.4,11.3,5.3,10.8,6.0,6.0
5-10 дней,2026-08-20T22:34:58Z,2026-08-26T21:00:00Z,142.4,9.5,3.2,8.9,6.3,6.3
5-10 дней,2026-08-20T22:34:58Z,2026-08-27T00:00:00Z,145.4,8.6,2.6,9.2,6.0,6.0
5-10 дней,2026-08-20T22:34:58Z,2026-08-27T03:00:00Z,148.4,9.5,6.1,9.8,3.4,3.4
5-10 дней,2026-08-20T22:34:58Z,2026-08-27T06:00:00Z,151.4,10.9,9.9,12.8,1.0,1.0
5-10 дней,2026-08-20T22:34:58Z,2026-08-27T09:00:00Z,154.4,12.0,11.2,14.3,0.8,0.8
5-10 дней,2026-08-20T22:34:58Z,2026-08-27T12:00:00Z,157.4,12.3,11.3,11.8,1.0,1.0
5-10 дней,2026-08-20T22:34:58Z,2026-08-27T15:00:00Z,160.4,10.5,9.8,11.7,0.7,0.7
5-10 дней,2026-08-20T22:34:58Z,2026-08-27T18:00:00Z,163.4,8.3,9.3,5.3,-1.0,1.0
5-10 дней,2026-08-20T22:34:58Z,2026-08-27T21:00:00Z,166.4,6.6,7.0,3.2,-0.4,0.4
5-10 дней,2026-08-20T22:34:58Z,2026-08-28T00:00:00Z,169.4,6.1,6.7,2.6,-0.6,0.6
5-10 дней,2026-08-20T22:34:58Z,2026-08-28T03:00:00Z,172.4,8.4,6.3,6.1,2.1,2.1
5-10 дней,2026-08-20T22:34:58Z,2026-08-28T06:00:00Z,175.4,11.7,8.8,9.9,2.9,2.9
5-10 дней,2026-08-20T22:34:58Z,2026-08-28T09:00:00Z,178.4,15.1,9.6,11.2,5.5,5.5
5-10 дней,2026-08-20T22:34:58Z,2026-08-28T12:00:00Z,181.4,17.3,10.7,11.3,6.6,6.6
5-10 дней,2026-08-20T22:34:58Z,2026-08-28T15:00:00Z,184.4,16.3,10.1,9.8,6.2,6.2
5-10 дней,2026-08-20T22:34:58Z,2026-08-28T18:00:00Z,187.4,14.0,4.9,9.3,9.1,9.1
5-10 дней,2026-08-20T22:34:58Z,2026-08-28T21:00:00Z,190.4,11.5,2.9,7.0,8.6,8.6
5-10 дней,2026-08-20T22:34:58Z,2026-08-29T00:00:00Z,193.4,9.3,2.0,6.7,7.3,7.3
5-10 дней,2026-08-20T22:34:58Z,2026-08-29T03:00:00Z,196.4,8.0,0.8,6.3,7.2,7.2
5-10 дней,2026-08-20T22:34:58Z,2026-08-29T06:00:00Z,199.4,7.7,9.4,8.8,-1.7,1.7
5-10 дней,2026-08-20T22:34:58Z,2026-08-29T09:00:00Z,202.4,9.5,13.1,9.6,-3.6,3.6
5-10 дней,2026-08-20T22:34:58Z,2026-08-29T12:00:00Z,205.4,11.4,14.9,10.7,-3.5,3.5
5-10 дней,2026-08-20T22:34:58Z,2026-08-29T15:00:00Z,208.4,10.7,14.6,10.1,-3.9,3.9
5-10 дней,2026-08-20T22:34:58Z,2026-08-29T18:00:00Z,211.4,9.5,5.6,4.9,3.9,3.9
5-10 дней,2026-08-20T22:34:58Z,2026-08-29T21:00:00Z,214.4,8.8,2.9,2.9,5.9,5.9
5-10 дней,2026-08-21T04:32:20Z,2026-08-26T06:00:00Z,121.5,12.4,12.8,13.0,-0.4,0.4
5-10 дней,2026-08-21T04:32:20Z,2026-08-26T09:00:00Z,124.5,14.0,14.3,13.7,-0.3,0.3
5-10 дней,2026-08-21T04:32:20Z,2026-08-26T12:00:00Z,127.5,13.5,11.8,14.8,1.7,1.7
5-10 дней,2026-08-21T04:32:20Z,2026-08-26T15:00:00Z,130.5,12.8,11.7,13.4,1.1,1.1
5-10 дней,2026-08-21T04:32:20Z,2026-08-26T18:00:00Z,133.5,10.6,5.3,10.8,5.3,5.3
5-10 дней,2026-08-21T04:32:20Z,2026-08-26T21:00:00Z,136.5,9.5,3.2,8.9,6.3,6.3
5-10 дней,2026-08-21T04:32:20Z,2026-08-27T00:00:00Z,139.5,8.6,2.6,9.2,6.0,6.0
5-10 дней,2026-08-21T04:32:20Z,2026-08-27T03:00:00Z,142.5,9.5,6.1,9.8,3.4,3.4
5-10 дней,2026-08-21T04:32:20Z,2026-08-27T06:00:00Z,145.5,10.9,9.9,12.8,1.0,1.0
5-10 дней,2026-08-21T04:32:20Z,2026-08-27T09:00:00Z,148.5,12.0,11.2,14.3,0.8,0.8
5-10 дней,2026-08-21T04:32:20Z,2026-08-27T12:00:00Z,151.5,12.3,11.3,11.8,1.0,1.0
5-10 дней,2026-08-21T04:32:20Z,2026-08-27T15:00:00Z,154.5,10.5,9.8,11.7,0.7,0.7
5-10 дней,2026-08-21T04:32:20Z,2026-08-27T18:00:00Z,157.5,8.3,9.3,5.3,-1.0,1.0
5-10 дней,2026-08-21T04:32:20Z,2026-08-27T21:00:00Z,160.5,6.6,7.0,3.2,-0.4,0.4
5-10 дней,2026-08-21T04:32:20Z,2026-08-28T00:00:00Z,163.5,6.1,6.7,2.6,-0.6,0.6
5-10 дней,2026-08-21T04:32:20Z,2026-08-28T03:00:00Z,166.5,8.4,6.3,6.1,2.1,2.1
5-10 дней,2026-08-21T04:32:20Z,2026-08-28T06:00:00Z,169.5,11.7,8.8,9.9,2.9,2.9
5-10 дней,2026-08-21T04:32:20Z,2026-08-28T09:00:00Z,172.5,15.1,9.6,11.2,5.5,5.5
5-10 дней,2026-08-21T04:32:20Z,2026-08-28T12:00:00Z,175.5,17.3,10.7,11.3,6.6,6.6
5-10 дней,2026-08-21T04:32:20Z,2026-08-28T15:00:00Z,178.5,16.3,10.1,9.8,6.2,6.2
5-10 дней,2026-08-21T04:32:20Z,2026-08-28T18:00:00Z,181.5,14.0,4.9,9.3,9.1,9.1
5-10 дней,2026-08-21T04:32:20Z,2026-08-28T21:00:00Z,184.5,11.5,2.9,7.0,8.6,8.6
5-10 дней,2026-08-21T04:32:20Z,2026-08-29T00:00:00Z,187.5,9.3,2.0,6.7,7.3,7.3
5-10 дней,2026-08-21T04:32:20Z,2026-08-29T03:00:00Z,190.5,8.0,0.8,6.3,7.2,7.2
5-10 дней,2026-08-21T04:32:20Z,2026-08-29T06:00:00Z,193.5,7.7,9.4,8.8,-1.7,1.7
5-10 дней,2026-08-21T04:32:20Z,2026-08-29T09:00:00Z,196.5,9.5,13.1,9.6,-3.6,3.6
5-10 дней,2026-08-21T04:32:20Z,2026-08-29T12:00:00Z,199.5,11.4,14.9,10.7,-3.5,3.5
5-10 дней,2026-08-21T04:32:20Z,2026-08-29T15:00:00Z,202.5,10.7,14.6,10.1,-3.9,3.9
5-10 дней,2026-08-21T04:32:20Z,2026-08-29T18:00:00Z,205.5,9.5,5.6,4.9,3.9,3.9
5-10 дней,2026-08-21T04:32:20Z,2026-08-29T21:00:00Z,208.5,8.8,2.9,2.9,5.9,5.9
5-10 дней,2026-08-21T04:32:20Z,2026-08-30T00:00:00Z,211.5,8.4,6.0,2.0,2.4,2.4
5-10 дней,2026-08-21T04:32:20Z,2026-08-30T03:00:00Z,214.5,8.1,6.3,0.8,1.8,1.8
5-10 дней,2026-08-21T04:32:20Z,2026-08-30T06:00:00Z,217.5,8.3,9.1,9.4,-0.8,0.8
5-10 дней,2026-08-21T04:32:20Z,2026-08-30T09:00:00Z,220.5,9.3,14.9,13.1,-5.6,5.6
5-10 дней,2026-08-21T04:32:20Z,2026-08-30T12:00:00Z,223.5,10.1,17.2,14.9,-7.1,7.1
5-10 дней,2026-08-21T04:32:20Z,2026-08-30T15:00:00Z,226.5,9.8,15.6,14.6,-5.8,5.8
5-10 дней,2026-08-21T04:32:20Z,2026-08-30T18:00:00Z,229.5,8.8,12.1,5.6,-3.3,3.3
5-10 дней,2026-08-21T04:32:20Z,2026-08-30T21:00:00Z,232.5,6.4,9.9,2.9,-3.5,3.5
5-10 дней,2026-08-21T10:16:50Z,2026-08-26T12:00:00Z,121.7,12.8,11.8,14.8,1.0,1.0
5-10 дней,2026-08-21T10:16:50Z,2026-08-26T15:00:00Z,124.7,12.4,11.7,13.4,0.7,0.7
5-10 дней,2026-08-21T10:16:50Z,2026-08-26T18:00:00Z,127.7,10.8,5.3,10.8,5.5,5.5
5-10 дней,2026-08-21T10:16:50Z,2026-08-26T21:00:00Z,130.7,10.1,3.2,8.9,6.9,6.9
5-10 дней,2026-08-21T10:16:50Z,2026-08-27T00:00:00Z,133.7,9.3,2.6,9.2,6.7,6.7
5-10 дней,2026-08-21T10:16:50Z,2026-08-27T03:00:00Z,136.7,9.5,6.1,9.8,3.4,3.4
5-10 дней,2026-08-21T10:16:50Z,2026-08-27T06:00:00Z,139.7,9.9,9.9,12.8,0.0,0.0
5-10 дней,2026-08-21T10:16:50Z,2026-08-27T09:00:00Z,142.7,10.3,11.2,14.3,-0.9,0.9
5-10 дней,2026-08-21T10:16:50Z,2026-08-27T12:00:00Z,145.7,10.4,11.3,11.8,-0.9,0.9
5-10 дней,2026-08-21T10:16:50Z,2026-08-27T15:00:00Z,148.7,9.8,9.8,11.7,0.0,0.0
5-10 дней,2026-08-21T10:16:50Z,2026-08-27T18:00:00Z,151.7,8.9,9.3,5.3,-0.4,0.4
5-10 дней,2026-08-21T10:16:50Z,2026-08-27T21:00:00Z,154.7,7.5,7.0,3.2,0.5,0.5
5-10 дней,2026-08-21T10:16:50Z,2026-08-28T00:00:00Z,157.7,6.7,6.7,2.6,0.0,0.0
5-10 дней,2026-08-21T10:16:50Z,2026-08-28T03:00:00Z,160.7,7.8,6.3,6.1,1.5,1.5
5-10 дней,2026-08-21T10:16:50Z,2026-08-28T06:00:00Z,163.7,9.3,8.8,9.9,0.5,0.5
5-10 дней,2026-08-21T10:16:50Z,2026-08-28T09:00:00Z,166.7,10.1,9.6,11.2,0.5,0.5
5-10 дней,2026-08-21T10:16:50Z,2026-08-28T12:00:00Z,169.7,10.4,10.7,11.3,-0.3,0.3
5-10 дней,2026-08-21T10:16:50Z,2026-08-28T15:00:00Z,172.7,9.7,10.1,9.8,-0.4,0.4
5-10 дней,2026-08-21T10:16:50Z,2026-08-28T18:00:00Z,175.7,8.7,4.9,9.3,3.8,3.8
5-10 дней,2026-08-21T10:16:50Z,2026-08-28T21:00:00Z,178.7,7.8,2.9,7.0,4.9,4.9
5-10 дней,2026-08-21T10:16:50Z,2026-08-29T00:00:00Z,181.7,7.4,2.0,6.7,5.4,5.4
5-10 дней,2026-08-21T10:16:50Z,2026-08-29T03:00:00Z,184.7,8.3,0.8,6.3,7.5,7.5
5-10 дней,2026-08-21T10:16:50Z,2026-08-29T06:00:00Z,187.7,9.5,9.4,8.8,0.1,0.1
5-10 дней,2026-08-21T10:16:50Z,2026-08-29T09:00:00Z,190.7,10.6,13.1,9.6,-2.5,2.5
5-10 дней,2026-08-21T10:16:50Z,2026-08-29T12:00:00Z,193.7,11.0,14.9,10.7,-3.9,3.9
5-10 дней,2026-08-21T10:16:50Z,2026-08-29T15:00:00Z,196.7,9.4,14.6,10.1,-5.2,5.2
5-10 дней,2026-08-21T10:16:50Z,2026-08-29T18:00:00Z,199.7,7.3,5.6,4.9,1.7,1.7
5-10 дней,2026-08-21T10:16:50Z,2026-08-29T21:00:00Z,202.7,5.2,2.9,2.9,2.3,2.3
5-10 дней,2026-08-21T10:16:50Z,2026-08-30T00:00:00Z,205.7,3.9,6.0,2.0,-2.1,2.1
5-10 дней,2026-08-21T10:16:50Z,2026-08-30T03:00:00Z,208.7,5.0,6.3,0.8,-1.3,1.3
5-10 дней,2026-08-21T10:16:50Z,2026-08-30T06:00:00Z,211.7,6.9,9.1,9.4,-2.2,2.2
5-10 дней,2026-08-21T10:16:50Z,2026-08-30T09:00:00Z,214.7,8.6,14.9,13.1,-6.3,6.3
5-10 дней,2026-08-21T10:16:50Z,2026-08-30T12:00:00Z,217.7,9.6,17.2,14.9,-7.6,7.6
5-10 дней,2026-08-21T10:16:50Z,2026-08-30T15:00:00Z,220.7,8.2,15.6,14.6,-7.4,7.4
5-10 дней,2026-08-21T10:16:50Z,2026-08-30T18:00:00Z,223.7,6.4,12.1,5.6,-5.7,5.7
5-10 дней,2026-08-21T10:16:50Z,2026-08-30T21:00:00Z,226.7,5.8,9.9,2.9,-4.1,4.1
5-10 дней,2026-08-21T16:30:34Z,2026-08-26T18:00:00Z,121.5,9.3,5.3,10.8,4.0,4.0
5-10 дней,2026-08-21T16:30:34Z,2026-08-26T21:00:00Z,124.5,7.6,3.2,8.9,4.4,4.4
5-10 дней,2026-08-21T16:30:34Z,2026-08-27T00:00:00Z,127.5,6.4,2.6,9.2,3.8,3.8
5-10 дней,2026-08-21T16:30:34Z,2026-08-27T03:00:00Z,130.5,7.4,6.1,9.8,1.3,1.3
5-10 дней,2026-08-21T16:30:34Z,2026-08-27T06:00:00Z,133.5,10.1,9.9,12.8,0.2,0.2
5-10 дней,2026-08-21T16:30:34Z,2026-08-27T09:00:00Z,136.5,10.3,11.2,14.3,-0.9,0.9
5-10 дней,2026-08-21T16:30:34Z,2026-08-27T12:00:00Z,139.5,10.4,11.3,11.8,-0.9,0.9
5-10 дней,2026-08-21T16:30:34Z,2026-08-27T15:00:00Z,142.5,9.8,9.8,11.7,0.0,0.0
5-10 дней,2026-08-21T16:30:34Z,2026-08-27T18:00:00Z,145.5,8.9,9.3,5.3,-0.4,0.4
5-10 дней,2026-08-21T16:30:34Z,2026-08-27T21:00:00Z,148.5,7.5,7.0,3.2,0.5,0.5
5-10 дней,2026-08-21T16:30:34Z,2026-08-28T00:00:00Z,151.5,6.7,6.7,2.6,0.0,0.0
5-10 дней,2026-08-21T16:30:34Z,2026-08-28T03:00:00Z,154.5,7.8,6.3,6.1,1.5,1.5
5-10 дней,2026-08-21T16:30:34Z,2026-08-28T06:00:00Z,157.5,9.3,8.8,9.9,0.5,0.5
5-10 дней,2026-08-21T16:30:34Z,2026-08-28T09:00:00Z,160.5,10.1,9.6,11.2,0.5,0.5
5-10 дней,2026-08-21T16:30:34Z,2026-08-28T12:00:00Z,163.5,10.4,10.7,11.3,-0.3,0.3
5-10 дней,2026-08-21T16:30:34Z,2026-08-28T15:00:00Z,166.5,9.7,10.1,9.8,-0.4,0.4
5-10 дней,2026-08-21T16:30:34Z,2026-08-28T18:00:00Z,169.5,8.7,4.9,9.3,3.8,3.8
5-10 дней,2026-08-21T16:30:34Z,2026-08-28T21:00:00Z,172.5,7.8,2.9,7.0,4.9,4.9
5-10 дней,2026-08-21T16:30:34Z,2026-08-29T00:00:00Z,175.5,7.4,2.0,6.7,5.4,5.4
5-10 дней,2026-08-21T16:30:34Z,2026-08-29T03:00:00Z,178.5,8.3,0.8,6.3,7.5,7.5
5-10 дней,2026-08-21T16:30:34Z,2026-08-29T06:00:00Z,181.5,9.5,9.4,8.8,0.1,0.1
5-10 дней,2026-08-21T16:30:34Z,2026-08-29T09:00:00Z,184.5,10.6,13.1,9.6,-2.5,2.5
5-10 дней,2026-08-21T16:30:34Z,2026-08-29T12:00:00Z,187.5,11.0,14.9,10.7,-3.9,3.9
5-10 дней,2026-08-21T16:30:34Z,2026-08-29T15:00:00Z,190.5,9.4,14.6,10.1,-5.2,5.2
5-10 дней,2026-08-21T16:30:34Z,2026-08-29T18:00:00Z,193.5,7.3,5.6,4.9,1.7,1.7
5-10 дней,2026-08-21T16:30:34Z,2026-08-29T21:00:00Z,196.5,5.2,2.9,2.9,2.3,2.3
5-10 дней,2026-08-21T16:30:34Z,2026-08-30T00:00:00Z,199.5,3.9,6.0,2.0,-2.1,2.1
5-10 дней,2026-08-21T16:30:34Z,2026-08-30T03:00:00Z,202.5,5.0,6.3,0.8,-1.3,1.3
5-10 дней,2026-08-21T16:30:34Z,2026-08-30T06:00:00Z,205.5,6.9,9.1,9.4,-2.2,2.2
5-10 дней,2026-08-21T16:30:34Z,2026-08-30T09:00:00Z,208.5,8.6,14.9,13.1,-6.3,6.3
5-10 дней,2026-08-21T16:30:34Z,2026-08-30T12:00:00Z,211.5,9.6,17.2,14.9,-7.6,7.6
5-10 дней,2026-08-21T16:30:34Z,2026-08-30T15:00:00Z,214.5,8.2,15.6,14.6,-7.4,7.4
5-10 дней,2026-08-21T16:30:34Z,2026-08-30T18:00:00Z,217.5,6.4,12.1,5.6,-5.7,5.7
5-10 дней,2026-08-21T16:30:34Z,2026-08-30T21:00:00Z,220.5,5.8,9.9,2.9,-4.1,4.1
5-10 дней,2026-08-21T22:32:12Z,2026-08-27T00:00:00Z,121.5,8.1,2.6,9.2,5.5,5.5
5-10 дней,2026-08-21T22:32:12Z,2026-08-27T03:00:00Z,124.5,7.8,6.1,9.8,1.7,1.7
5-10 дней,2026-08-21T22:32:12Z,2026-08-27T06:00:00Z,127.5,8.9,9.9,12.8,-1.0,1.0
5-10 дней,2026-08-21T22:32:12Z,2026-08-27T09:00:00Z,130.5,9.8,11.2,14.3,-1.4,1.4
5-10 дней,2026-08-21T22:32:12Z,2026-08-27T12:00:00Z,133.5,9.8,11.3,11.8,-1.5,1.5
5-10 дней,2026-08-21T22:32:12Z,2026-08-27T15:00:00Z,136.5,9.1,9.8,11.7,-0.7,0.7
5-10 дней,2026-08-21T22:32:12Z,2026-08-27T18:00:00Z,139.5,8.2,9.3,5.3,-1.1,1.1
5-10 дней,2026-08-21T22:32:12Z,2026-08-27T21:00:00Z,142.5,7.8,7.0,3.2,0.8,0.8
5-10 дней,2026-08-21T22:32:12Z,2026-08-28T00:00:00Z,145.5,7.8,6.7,2.6,1.1,1.1
5-10 дней,2026-08-21T22:32:12Z,2026-08-28T03:00:00Z,148.5,8.3,6.3,6.1,2.0,2.0
5-10 дней,2026-08-21T22:32:12Z,2026-08-28T06:00:00Z,151.5,9.4,8.8,9.9,0.6,0.6
5-10 дней,2026-08-21T22:32:12Z,2026-08-28T09:00:00Z,154.5,11.6,9.6,11.2,2.0,2.0
5-10 дней,2026-08-21T22:32:12Z,2026-08-28T12:00:00Z,157.5,13.2,10.7,11.3,2.5,2.5
5-10 дней,2026-08-21T22:32:12Z,2026-08-28T15:00:00Z,160.5,11.7,10.1,9.8,1.6,1.6
5-10 дней,2026-08-21T22:32:12Z,2026-08-28T18:00:00Z,163.5,9.6,4.9,9.3,4.7,4.7
5-10 дней,2026-08-21T22:32:12Z,2026-08-28T21:00:00Z,166.5,8.4,2.9,7.0,5.5,5.5
5-10 дней,2026-08-21T22:32:12Z,2026-08-29T00:00:00Z,169.5,8.4,2.0,6.7,6.4,6.4
5-10 дней,2026-08-21T22:32:12Z,2026-08-29T03:00:00Z,172.5,11.0,0.8,6.3,10.2,10.2
5-10 дней,2026-08-21T22:32:12Z,2026-08-29T06:00:00Z,175.5,14.0,9.4,8.8,4.6,4.6
5-10 дней,2026-08-21T22:32:12Z,2026-08-29T09:00:00Z,178.5,15.1,13.1,9.6,2.0,2.0
5-10 дней,2026-08-21T22:32:12Z,2026-08-29T12:00:00Z,181.5,15.2,14.9,10.7,0.3,0.3
5-10 дней,2026-08-21T22:32:12Z,2026-08-29T15:00:00Z,184.5,13.6,14.6,10.1,-1.0,1.0
5-10 дней,2026-08-21T22:32:12Z,2026-08-29T18:00:00Z,187.5,11.7,5.6,4.9,6.1,6.1
5-10 дней,2026-08-21T22:32:12Z,2026-08-29T21:00:00Z,190.5,10.4,2.9,2.9,7.5,7.5
5-10 дней,2026-08-21T22:32:12Z,2026-08-30T00:00:00Z,193.5,9.9,6.0,2.0,3.9,3.9
5-10 дней,2026-08-21T22:32:12Z,2026-08-30T03:00:00Z,196.5,11.2,6.3,0.8,4.9,4.9
5-10 дней,2026-08-21T22:32:12Z,2026-08-30T06:00:00Z,199.5,12.8,9.1,9.4,3.7,3.7
5-10 дней,2026-08-21T22:32:12Z,2026-08-30T09:00:00Z,202.5,13.4,14.9,13.1,-1.5,1.5
5-10 дней,2026-08-21T22:32:12Z,2026-08-30T12:00:00Z,205.5,13.5,17.2,14.9,-3.7,3.7
5-10 дней,2026-08-21T22:32:12Z,2026-08-30T15:00:00Z,208.5,12.5,15.6,14.6,-3.1,3.1
5-10 дней,2026-08-21T22:32:12Z,2026-08-30T18:00:00Z,211.5,11.2,12.1,5.6,-0.9,0.9
5-10 дней,2026-08-21T22:32:12Z,2026-08-30T21:00:00Z,214.5,9.9,9.9,2.9,0.0,0.0
5-10 дней,2026-08-22T04:26:43Z,2026-08-27T06:00:00Z,121.6,8.9,9.9,12.8,-1.0,1.0
5-10 дней,2026-08-22T04:26:43Z,2026-08-27T09:00:00Z,124.6,9.7,11.2,14.3,-1.5,1.5
5-10 дней,2026-08-22T04:26:43Z,2026-08-27T12:00:00Z,127.6,9.6,11.3,11.8,-1.7,1.7
5-10 дней,2026-08-22T04:26:43Z,2026-08-27T15:00:00Z,130.6,9.4,9.8,11.7,-0.4,0.4
5-10 дней,2026-08-22T04:26:43Z,2026-08-27T18:00:00Z,133.6,7.6,9.3,5.3,-1.7,1.7
5-10 дней,2026-08-22T04:26:43Z,2026-08-27T21:00:00Z,136.6,7.8,7.0,3.2,0.8,0.8
5-10 дней,2026-08-22T04:26:43Z,2026-08-28T00:00:00Z,139.6,7.8,6.7,2.6,1.1,1.1
5-10 дней,2026-08-22T04:26:43Z,2026-08-28T03:00:00Z,142.6,8.3,6.3,6.1,2.0,2.0
5-10 дней,2026-08-22T04:26:43Z,2026-08-28T06:00:00Z,145.6,9.4,8.8,9.9,0.6,0.6
5-10 дней,2026-08-22T04:26:43Z,2026-08-28T09:00:00Z,148.6,11.6,9.6,11.2,2.0,2.0
5-10 дней,2026-08-22T04:26:43Z,2026-08-28T12:00:00Z,151.6,13.2,10.7,11.3,2.5,2.5
5-10 дней,2026-08-22T04:26:43Z,2026-08-28T15:00:00Z,154.6,11.7,10.1,9.8,1.6,1.6
5-10 дней,2026-08-22T04:26:43Z,2026-08-28T18:00:00Z,157.6,9.6,4.9,9.3,4.7,4.7
5-10 дней,2026-08-22T04:26:43Z,2026-08-28T21:00:00Z,160.6,8.4,2.9,7.0,5.5,5.5
5-10 дней,2026-08-22T04:26:43Z,2026-08-29T00:00:00Z,163.6,8.4,2.0,6.7,6.4,6.4
5-10 дней,2026-08-22T04:26:43Z,2026-08-29T03:00:00Z,166.6,11.0,0.8,6.3,10.2,10.2
5-10 дней,2026-08-22T04:26:43Z,2026-08-29T06:00:00Z,169.6,14.0,9.4,8.8,4.6,4.6
5-10 дней,2026-08-22T04:26:43Z,2026-08-29T09:00:00Z,172.6,15.1,13.1,9.6,2.0,2.0
5-10 дней,2026-08-22T04:26:43Z,2026-08-29T12:00:00Z,175.6,15.2,14.9,10.7,0.3,0.3
5-10 дней,2026-08-22T04:26:43Z,2026-08-29T15:00:00Z,178.6,13.6,14.6,10.1,-1.0,1.0
5-10 дней,2026-08-22T04:26:43Z,2026-08-29T18:00:00Z,181.6,11.7,5.6,4.9,6.1,6.1
5-10 дней,2026-08-22T04:26:43Z,2026-08-29T21:00:00Z,184.6,10.4,2.9,2.9,7.5,7.5
5-10 дней,2026-08-22T04:26:43Z,2026-08-30T00:00:00Z,187.6,9.9,6.0,2.0,3.9,3.9
5-10 дней,2026-08-22T04:26:43Z,2026-08-30T03:00:00Z,190.6,11.2,6.3,0.8,4.9,4.9
5-10 дней,2026-08-22T04:26:43Z,2026-08-30T06:00:00Z,193.6,12.8,9.1,9.4,3.7,3.7
5-10 дней,2026-08-22T04:26:43Z,2026-08-30T09:00:00Z,196.6,13.4,14.9,13.1,-1.5,1.5
5-10 дней,2026-08-22T04:26:43Z,2026-08-30T12:00:00Z,199.6,13.5,17.2,14.9,-3.7,3.7
5-10 дней,2026-08-22T04:26:43Z,2026-08-30T15:00:00Z,202.6,12.5,15.6,14.6,-3.1,3.1
5-10 дней,2026-08-22T04:26:43Z,2026-08-30T18:00:00Z,205.6,11.2,12.1,5.6,-0.9,0.9
5-10 дней,2026-08-22T04:26:43Z,2026-08-30T21:00:00Z,208.6,9.9,9.9,2.9,0.0,0.0
5-10 дней,2026-08-22T04:26:43Z,2026-08-31T00:00:00Z,211.6,8.9,9.7,6.0,-0.8,0.8
5-10 дней,2026-08-22T04:26:43Z,2026-08-31T03:00:00Z,214.6,8.4,8.9,6.3,-0.5,0.5
5-10 дней,2026-08-22T04:26:43Z,2026-08-31T06:00:00Z,217.6,8.5,11.6,9.1,-3.1,3.1
5-10 дней,2026-08-22T04:26:43Z,2026-08-31T09:00:00Z,220.6,10.1,15.6,14.9,-5.5,5.5
5-10 дней,2026-08-22T04:26:43Z,2026-08-31T12:00:00Z,223.6,11.3,15.7,17.2,-4.4,4.4
5-10 дней,2026-08-22T04:26:43Z,2026-08-31T15:00:00Z,226.6,10.0,15.0,15.6,-5.0,5.0
5-10 дней,2026-08-22T04:26:43Z,2026-08-31T18:00:00Z,229.6,8.2,13.9,12.1,-5.7,5.7
5-10 дней,2026-08-22T04:26:43Z,2026-08-31T21:00:00Z,232.6,7.6,13.2,9.9,-5.6,5.6
5-10 дней,2026-08-22T10:09:41Z,2026-08-27T12:00:00Z,121.8,10.0,11.3,11.8,-1.3,1.3
5-10 дней,2026-08-22T10:09:41Z,2026-08-27T15:00:00Z,124.8,9.4,9.8,11.7,-0.4,0.4
5-10 дней,2026-08-22T10:09:41Z,2026-08-27T18:00:00Z,127.8,7.9,9.3,5.3,-1.4,1.4
5-10 дней,2026-08-22T10:09:41Z,2026-08-27T21:00:00Z,130.8,6.9,7.0,3.2,-0.1,0.1
5-10 дней,2026-08-22T10:09:41Z,2026-08-28T00:00:00Z,133.8,6.2,6.7,2.6,-0.5,0.5
5-10 дней,2026-08-22T10:09:41Z,2026-08-28T03:00:00Z,136.8,7.3,6.3,6.1,1.0,1.0
5-10 дней,2026-08-22T10:09:41Z,2026-08-28T06:00:00Z,139.8,8.8,8.8,9.9,0.0,0.0
5-10 дней,2026-08-22T10:09:41Z,2026-08-28T09:00:00Z,142.8,9.6,9.6,11.2,0.0,0.0
5-10 дней,2026-08-22T10:09:41Z,2026-08-28T12:00:00Z,145.8,10.0,10.7,11.3,-0.7,0.7
5-10 дней,2026-08-22T10:09:41Z,2026-08-28T15:00:00Z,148.8,9.2,10.1,9.8,-0.9,0.9
5-10 дней,2026-08-22T10:09:41Z,2026-08-28T18:00:00Z,151.8,8.2,4.9,9.3,3.3,3.3
5-10 дней,2026-08-22T10:09:41Z,2026-08-28T21:00:00Z,154.8,7.7,2.9,7.0,4.8,4.8
5-10 дней,2026-08-22T10:09:41Z,2026-08-29T00:00:00Z,157.8,7.6,2.0,6.7,5.6,5.6
5-10 дней,2026-08-22T10:09:41Z,2026-08-29T03:00:00Z,160.8,8.4,0.8,6.3,7.6,7.6
5-10 дней,2026-08-22T10:09:41Z,2026-08-29T06:00:00Z,163.8,9.6,9.4,8.8,0.2,0.2
5-10 дней,2026-08-22T10:09:41Z,2026-08-29T09:00:00Z,166.8,11.3,13.1,9.6,-1.8,1.8
5-10 дней,2026-08-22T10:09:41Z,2026-08-29T12:00:00Z,169.8,12.2,14.9,10.7,-2.7,2.7
5-10 дней,2026-08-22T10:09:41Z,2026-08-29T15:00:00Z,172.8,10.5,14.6,10.1,-4.1,4.1
5-10 дней,2026-08-22T10:09:41Z,2026-08-29T18:00:00Z,175.8,8.5,5.6,4.9,2.9,2.9
5-10 дней,2026-08-22T10:09:41Z,2026-08-29T21:00:00Z,178.8,7.7,2.9,2.9,4.8,4.8
5-10 дней,2026-08-22T10:09:41Z,2026-08-30T00:00:00Z,181.8,7.8,6.0,2.0,1.8,1.8
5-10 дней,2026-08-22T10:09:41Z,2026-08-30T03:00:00Z,184.8,9.3,6.3,0.8,3.0,3.0
5-10 дней,2026-08-22T10:09:41Z,2026-08-30T06:00:00Z,187.8,11.2,9.1,9.4,2.1,2.1
5-10 дней,2026-08-22T10:09:41Z,2026-08-30T09:00:00Z,190.8,13.2,14.9,13.1,-1.7,1.7
5-10 дней,2026-08-22T10:09:41Z,2026-08-30T12:00:00Z,193.8,14.2,17.2,14.9,-3.0,3.0
5-10 дней,2026-08-22T10:09:41Z,2026-08-30T15:00:00Z,196.8,12.1,15.6,14.6,-3.5,3.5
5-10 дней,2026-08-22T10:09:41Z,2026-08-30T18:00:00Z,199.8,9.4,12.1,5.6,-2.7,2.7
5-10 дней,2026-08-22T10:09:41Z,2026-08-30T21:00:00Z,202.8,8.2,9.9,2.9,-1.7,1.7
5-10 дней,2026-08-22T10:09:41Z,2026-08-31T00:00:00Z,205.8,8.0,9.7,6.0,-1.7,1.7
5-10 дней,2026-08-22T10:09:41Z,2026-08-31T03:00:00Z,208.8,9.0,8.9,6.3,0.1,0.1
5-10 дней,2026-08-22T10:09:41Z,2026-08-31T06:00:00Z,211.8,10.7,11.6,9.1,-0.9,0.9
5-10 дней,2026-08-22T10:09:41Z,2026-08-31T09:00:00Z,214.8,13.4,15.6,14.9,-2.2,2.2
5-10 дней,2026-08-22T10:09:41Z,2026-08-31T12:00:00Z,217.8,14.9,15.7,17.2,-0.8,0.8
5-10 дней,2026-08-22T10:09:41Z,2026-08-31T15:00:00Z,220.8,12.4,15.0,15.6,-2.6,2.6
5-10 дней,2026-08-22T10:09:41Z,2026-08-31T18:00:00Z,223.8,9.0,13.9,12.1,-4.9,4.9
5-10 дней,2026-08-22T10:09:41Z,2026-08-31T21:00:00Z,226.8,7.0,13.2,9.9,-6.2,6.2
5-10 дней,2026-08-22T16:20:08Z,2026-08-27T18:00:00Z,121.7,8.0,9.3,5.3,-1.3,1.3
5-10 дней,2026-08-22T16:20:08Z,2026-08-27T21:00:00Z,124.7,7.7,7.0,3.2,0.7,0.7
5-10 дней,2026-08-22T16:20:08Z,2026-08-28T00:00:00Z,127.7,7.3,6.7,2.6,0.6,0.6
5-10 дней,2026-08-22T16:20:08Z,2026-08-28T03:00:00Z,130.7,7.0,6.3,6.1,0.7,0.7
5-10 дней,2026-08-22T16:20:08Z,2026-08-28T06:00:00Z,133.7,7.8,8.8,9.9,-1.0,1.0
5-10 дней,2026-08-22T16:20:08Z,2026-08-28T09:00:00Z,136.7,9.6,9.6,11.2,0.0,0.0
5-10 дней,2026-08-22T16:20:08Z,2026-08-28T12:00:00Z,139.7,10.0,10.7,11.3,-0.7,0.7
5-10 дней,2026-08-22T16:20:08Z,2026-08-28T15:00:00Z,142.7,9.2,10.1,9.8,-0.9,0.9
5-10 дней,2026-08-22T16:20:08Z,2026-08-28T18:00:00Z,145.7,8.2,4.9,9.3,3.3,3.3
5-10 дней,2026-08-22T16:20:08Z,2026-08-28T21:00:00Z,148.7,7.7,2.9,7.0,4.8,4.8
5-10 дней,2026-08-22T16:20:08Z,2026-08-29T00:00:00Z,151.7,7.6,2.0,6.7,5.6,5.6
5-10 дней,2026-08-22T16:20:08Z,2026-08-29T03:00:00Z,154.7,8.4,0.8,6.3,7.6,7.6
5-10 дней,2026-08-22T16:20:08Z,2026-08-29T06:00:00Z,157.7,9.6,9.4,8.8,0.2,0.2
5-10 дней,2026-08-22T16:20:08Z,2026-08-29T09:00:00Z,160.7,11.3,13.1,9.6,-1.8,1.8
5-10 дней,2026-08-22T16:20:08Z,2026-08-29T12:00:00Z,163.7,12.2,14.9,10.7,-2.7,2.7
5-10 дней,2026-08-22T16:20:08Z,2026-08-29T15:00:00Z,166.7,10.5,14.6,10.1,-4.1,4.1
5-10 дней,2026-08-22T16:20:08Z,2026-08-29T18:00:00Z,169.7,8.5,5.6,4.9,2.9,2.9
5-10 дней,2026-08-22T16:20:08Z,2026-08-29T21:00:00Z,172.7,7.7,2.9,2.9,4.8,4.8
5-10 дней,2026-08-22T16:20:08Z,2026-08-30T00:00:00Z,175.7,7.8,6.0,2.0,1.8,1.8
5-10 дней,2026-08-22T16:20:08Z,2026-08-30T03:00:00Z,178.7,9.3,6.3,0.8,3.0,3.0
5-10 дней,2026-08-22T16:20:08Z,2026-08-30T06:00:00Z,181.7,11.2,9.1,9.4,2.1,2.1
5-10 дней,2026-08-22T16:20:08Z,2026-08-30T09:00:00Z,184.7,13.2,14.9,13.1,-1.7,1.7
5-10 дней,2026-08-22T16:20:08Z,2026-08-30T12:00:00Z,187.7,14.2,17.2,14.9,-3.0,3.0
5-10 дней,2026-08-22T16:20:08Z,2026-08-30T15:00:00Z,190.7,12.1,15.6,14.6,-3.5,3.5
5-10 дней,2026-08-22T16:20:08Z,2026-08-30T18:00:00Z,193.7,9.4,12.1,5.6,-2.7,2.7
5-10 дней,2026-08-22T16:20:08Z,2026-08-30T21:00:00Z,196.7,8.2,9.9,2.9,-1.7,1.7
5-10 дней,2026-08-22T16:20:08Z,2026-08-31T00:00:00Z,199.7,8.0,9.7,6.0,-1.7,1.7
5-10 дней,2026-08-22T16:20:08Z,2026-08-31T03:00:00Z,202.7,9.0,8.9,6.3,0.1,0.1
5-10 дней,2026-08-22T16:20:08Z,2026-08-31T06:00:00Z,205.7,10.7,11.6,9.1,-0.9,0.9
5-10 дней,2026-08-22T16:20:08Z,2026-08-31T09:00:00Z,208.7,13.4,15.6,14.9,-2.2,2.2
5-10 дней,2026-08-22T16:20:08Z,2026-08-31T12:00:00Z,211.7,14.9,15.7,17.2,-0.8,0.8
5-10 дней,2026-08-22T16:20:08Z,2026-08-31T15:00:00Z,214.7,12.4,15.0,15.6,-2.6,2.6
5-10 дней,2026-08-22T16:20:08Z,2026-08-31T18:00:00Z,217.7,9.0,13.9,12.1,-4.9,4.9
5-10 дней,2026-08-22T16:20:08Z,2026-08-31T21:00:00Z,220.7,7.0,13.2,9.9,-6.2,6.2
5-10 дней,2026-08-22T22:29:28Z,2026-08-28T00:00:00Z,121.5,6.2,6.7,2.6,-0.5,0.5
5-10 дней,2026-08-22T22:29:28Z,2026-08-28T03:00:00Z,124.5,6.5,6.3,6.1,0.2,0.2
5-10 дней,2026-08-22T22:29:28Z,2026-08-28T06:00:00Z,127.5,9.2,8.8,9.9,0.4,0.4
5-10 дней,2026-08-22T22:29:28Z,2026-08-28T09:00:00Z,130.5,10.1,9.6,11.2,0.5,0.5
5-10 дней,2026-08-22T22:29:28Z,2026-08-28T12:00:00Z,133.5,10.7,10.7,11.3,0.0,0.0
5-10 дней,2026-08-22T22:29:28Z,2026-08-28T15:00:00Z,136.5,9.6,10.1,9.8,-0.5,0.5
5-10 дней,2026-08-22T22:29:28Z,2026-08-28T18:00:00Z,139.5,7.9,4.9,9.3,3.0,3.0
5-10 дней,2026-08-22T22:29:28Z,2026-08-28T21:00:00Z,142.5,5.7,2.9,7.0,2.8,2.8
5-10 дней,2026-08-22T22:29:28Z,2026-08-29T00:00:00Z,145.5,4.6,2.0,6.7,2.6,2.6
5-10 дней,2026-08-22T22:29:28Z,2026-08-29T03:00:00Z,148.5,7.1,0.8,6.3,6.3,6.3
5-10 дней,2026-08-22T22:29:28Z,2026-08-29T06:00:00Z,151.5,10.6,9.4,8.8,1.2,1.2
5-10 дней,2026-08-22T22:29:28Z,2026-08-29T09:00:00Z,154.5,13.8,13.1,9.6,0.7,0.7
5-10 дней,2026-08-22T22:29:28Z,2026-08-29T12:00:00Z,157.5,15.8,14.9,10.7,0.9,0.9
5-10 дней,2026-08-22T22:29:28Z,2026-08-29T15:00:00Z,160.5,14.3,14.6,10.1,-0.3,0.3
5-10 дней,2026-08-22T22:29:28Z,2026-08-29T18:00:00Z,163.5,12.0,5.6,4.9,6.4,6.4
5-10 дней,2026-08-22T22:29:28Z,2026-08-29T21:00:00Z,166.5,10.5,2.9,2.9,7.6,7.6
5-10 дней,2026-08-22T22:29:28Z,2026-08-30T00:00:00Z,169.5,9.9,6.0,2.0,3.9,3.9
5-10 дней,2026-08-22T22:29:28Z,2026-08-30T03:00:00Z,172.5,11.6,6.3,0.8,5.3,5.3
5-10 дней,2026-08-22T22:29:28Z,2026-08-30T06:00:00Z,175.5,13.9,9.1,9.4,4.8,4.8
5-10 дней,2026-08-22T22:29:28Z,2026-08-30T09:00:00Z,178.5,16.1,14.9,13.1,1.2,1.2
5-10 дней,2026-08-22T22:29:28Z,2026-08-30T12:00:00Z,181.5,17.1,17.2,14.9,-0.1,0.1
5-10 дней,2026-08-22T22:29:28Z,2026-08-30T15:00:00Z,184.5,15.0,15.6,14.6,-0.6,0.6
5-10 дней,2026-08-22T22:29:28Z,2026-08-30T18:00:00Z,187.5,12.2,12.1,5.6,0.1,0.1
5-10 дней,2026-08-22T22:29:28Z,2026-08-30T21:00:00Z,190.5,10.6,9.9,2.9,0.7,0.7
5-10 дней,2026-08-22T22:29:28Z,2026-08-31T00:00:00Z,193.5,10.1,9.7,6.0,0.4,0.4
5-10 дней,2026-08-22T22:29:28Z,2026-08-31T03:00:00Z,196.5,11.8,8.9,6.3,2.9,2.9
5-10 дней,2026-08-22T22:29:28Z,2026-08-31T06:00:00Z,199.5,14.3,11.6,9.1,2.7,2.7
5-10 дней,2026-08-22T22:29:28Z,2026-08-31T09:00:00Z,202.5,17.4,15.6,14.9,1.8,1.8
5-10 дней,2026-08-22T22:29:28Z,2026-08-31T12:00:00Z,205.5,19.2,15.7,17.2,3.5,3.5
5-10 дней,2026-08-22T22:29:28Z,2026-08-31T15:00:00Z,208.5,16.4,15.0,15.6,1.4,1.4
5-10 дней,2026-08-22T22:29:28Z,2026-08-31T18:00:00Z,211.5,12.7,13.9,12.1,-1.2,1.2
5-10 дней,2026-08-22T22:29:28Z,2026-08-31T21:00:00Z,214.5,10.7,13.2,9.9,-2.5,2.5
5-10 дней,2026-08-23T04:31:06Z,2026-08-28T06:00:00Z,121.5,9.0,8.8,9.9,0.2,0.2
5-10 дней,2026-08-23T04:31:06Z,2026-08-28T09:00:00Z,124.5,10.1,9.6,11.2,0.5,0.5
5-10 дней,2026-08-23T04:31:06Z,2026-08-28T12:00:00Z,127.5,10.6,10.7,11.3,-0.1,0.1
5-10 дней,2026-08-23T04:31:06Z,2026-08-28T15:00:00Z,130.5,9.6,10.1,9.8,-0.5,0.5
5-10 дней,2026-08-23T04:31:06Z,2026-08-28T18:00:00Z,133.5,6.8,4.9,9.3,1.9,1.9
5-10 дней,2026-08-23T04:31:06Z,2026-08-28T21:00:00Z,136.5,5.7,2.9,7.0,2.8,2.8
5-10 дней,2026-08-23T04:31:06Z,2026-08-29T00:00:00Z,139.5,4.6,2.0,6.7,2.6,2.6
5-10 дней,2026-08-23T04:31:06Z,2026-08-29T03:00:00Z,142.5,7.1,0.8,6.3,6.3,6.3
5-10 дней,2026-08-23T04:31:06Z,2026-08-29T06:00:00Z,145.5,10.6,9.4,8.8,1.2,1.2
5-10 дней,2026-08-23T04:31:06Z,2026-08-29T09:00:00Z,148.5,13.8,13.1,9.6,0.7,0.7
5-10 дней,2026-08-23T04:31:06Z,2026-08-29T12:00:00Z,151.5,15.8,14.9,10.7,0.9,0.9
5-10 дней,2026-08-23T04:31:06Z,2026-08-29T15:00:00Z,154.5,14.3,14.6,10.1,-0.3,0.3
5-10 дней,2026-08-23T04:31:06Z,2026-08-29T18:00:00Z,157.5,12.0,5.6,4.9,6.4,6.4
5-10 дней,2026-08-23T04:31:06Z,2026-08-29T21:00:00Z,160.5,10.5,2.9,2.9,7.6,7.6
5-10 дней,2026-08-23T04:31:06Z,2026-08-30T00:00:00Z,163.5,9.9,6.0,2.0,3.9,3.9
5-10 дней,2026-08-23T04:31:06Z,2026-08-30T03:00:00Z,166.5,11.6,6.3,0.8,5.3,5.3
5-10 дней,2026-08-23T04:31:06Z,2026-08-30T06:00:00Z,169.5,13.9,9.1,9.4,4.8,4.8
5-10 дней,2026-08-23T04:31:06Z,2026-08-30T09:00:00Z,172.5,16.1,14.9,13.1,1.2,1.2
5-10 дней,2026-08-23T04:31:06Z,2026-08-30T12:00:00Z,175.5,17.1,17.2,14.9,-0.1,0.1
5-10 дней,2026-08-23T04:31:06Z,2026-08-30T15:00:00Z,178.5,15.0,15.6,14.6,-0.6,0.6
5-10 дней,2026-08-23T04:31:06Z,2026-08-30T18:00:00Z,181.5,12.2,12.1,5.6,0.1,0.1
5-10 дней,2026-08-23T04:31:06Z,2026-08-30T21:00:00Z,184.5,10.6,9.9,2.9,0.7,0.7
5-10 дней,2026-08-23T04:31:06Z,2026-08-31T00:00:00Z,187.5,10.1,9.7,6.0,0.4,0.4
5-10 дней,2026-08-23T04:31:06Z,2026-08-31T03:00:00Z,190.5,11.8,8.9,6.3,2.9,2.9
5-10 дней,2026-08-23T04:31:06Z,2026-08-31T06:00:00Z,193.5,14.3,11.6,9.1,2.7,2.7
5-10 дней,2026-08-23T04:31:06Z,2026-08-31T09:00:00Z,196.5,17.4,15.6,14.9,1.8,1.8
5-10 дней,2026-08-23T04:31:06Z,2026-08-31T12:00:00Z,199.5,19.2,15.7,17.2,3.5,3.5
5-10 дней,2026-08-23T04:31:06Z,2026-08-31T15:00:00Z,202.5,16.4,15.0,15.6,1.4,1.4
5-10 дней,2026-08-23T04:31:06Z,2026-08-31T18:00:00Z,205.5,12.7,13.9,12.1,-1.2,1.2
5-10 дней,2026-08-23T04:31:06Z,2026-08-31T21:00:00Z,208.5,10.7,13.2,9.9,-2.5,2.5
5-10 дней,2026-08-23T04:31:06Z,2026-09-01T00:00:00Z,211.5,10.0,12.5,9.7,-2.5,2.5
5-10 дней,2026-08-23T04:31:06Z,2026-09-01T03:00:00Z,214.5,11.6,12.4,8.9,-0.8,0.8
5-10 дней,2026-08-23T04:31:06Z,2026-09-01T06:00:00Z,217.5,14.1,13.4,11.6,0.7,0.7
5-10 дней,2026-08-23T04:31:06Z,2026-09-01T09:00:00Z,220.5,17.1,14.0,15.6,3.1,3.1
5-10 дней,2026-08-23T04:31:06Z,2026-09-01T12:00:00Z,223.5,18.7,15.4,15.7,3.3,3.3
5-10 дней,2026-08-23T10:10:14Z,2026-08-28T12:00:00Z,121.8,11.1,10.7,11.3,0.4,0.4
5-10 дней,2026-08-23T10:10:14Z,2026-08-28T15:00:00Z,124.8,10.9,10.1,9.8,0.8,0.8
5-10 дней,2026-08-23T10:10:14Z,2026-08-28T18:00:00Z,127.8,7.5,4.9,9.3,2.6,2.6
5-10 дней,2026-08-23T10:10:14Z,2026-08-28T21:00:00Z,130.8,6.5,2.9,7.0,3.6,3.6
5-10 дней,2026-08-23T10:10:14Z,2026-08-29T00:00:00Z,133.8,5.3,2.0,6.7,3.3,3.3
5-10 дней,2026-08-23T10:10:14Z,2026-08-29T03:00:00Z,136.8,7.7,0.8,6.3,6.9,6.9
5-10 дней,2026-08-23T10:10:14Z,2026-08-29T06:00:00Z,139.8,10.5,9.4,8.8,1.1,1.1
5-10 дней,2026-08-23T10:10:14Z,2026-08-29T09:00:00Z,142.8,11.2,13.1,9.6,-1.9,1.9
5-10 дней,2026-08-23T10:10:14Z,2026-08-29T12:00:00Z,145.8,11.2,14.9,10.7,-3.7,3.7
5-10 дней,2026-08-23T10:10:14Z,2026-08-29T15:00:00Z,148.8,10.8,14.6,10.1,-3.8,3.8
5-10 дней,2026-08-23T10:10:14Z,2026-08-29T18:00:00Z,151.8,10.3,5.6,4.9,4.7,4.7
5-10 дней,2026-08-23T10:10:14Z,2026-08-29T21:00:00Z,154.8,9.5,2.9,2.9,6.6,6.6
5-10 дней,2026-08-23T10:10:14Z,2026-08-30T00:00:00Z,157.8,9.0,6.0,2.0,3.0,3.0
5-10 дней,2026-08-23T10:10:14Z,2026-08-30T03:00:00Z,160.8,9.6,6.3,0.8,3.3,3.3
5-10 дней,2026-08-23T10:10:14Z,2026-08-30T06:00:00Z,163.8,10.8,9.1,9.4,1.7,1.7
5-10 дней,2026-08-23T10:10:14Z,2026-08-30T09:00:00Z,166.8,13.5,14.9,13.1,-1.4,1.4
5-10 дней,2026-08-23T10:10:14Z,2026-08-30T12:00:00Z,169.8,15.4,17.2,14.9,-1.8,1.8
5-10 дней,2026-08-23T10:10:14Z,2026-08-30T15:00:00Z,172.8,13.6,15.6,14.6,-2.0,2.0
5-10 дней,2026-08-23T10:10:14Z,2026-08-30T18:00:00Z,175.8,11.1,12.1,5.6,-1.0,1.0
5-10 дней,2026-08-23T10:10:14Z,2026-08-30T21:00:00Z,178.8,9.8,9.9,2.9,-0.1,0.1
5-10 дней,2026-08-23T10:10:14Z,2026-08-31T00:00:00Z,181.8,9.1,9.7,6.0,-0.6,0.6
5-10 дней,2026-08-23T10:10:14Z,2026-08-31T03:00:00Z,184.8,8.6,8.9,6.3,-0.3,0.3
5-10 дней,2026-08-23T10:10:14Z,2026-08-31T06:00:00Z,187.8,9.0,11.6,9.1,-2.6,2.6
5-10 дней,2026-08-23T10:10:14Z,2026-08-31T09:00:00Z,190.8,11.8,15.6,14.9,-3.8,3.8
5-10 дней,2026-08-23T10:10:14Z,2026-08-31T12:00:00Z,193.8,14.0,15.7,17.2,-1.7,1.7
5-10 дней,2026-08-23T10:10:14Z,2026-08-31T15:00:00Z,196.8,11.9,15.0,15.6,-3.1,3.1
5-10 дней,2026-08-23T10:10:14Z,2026-08-31T18:00:00Z,199.8,8.8,13.9,12.1,-5.1,5.1
5-10 дней,2026-08-23T10:10:14Z,2026-08-31T21:00:00Z,202.8,6.3,13.2,9.9,-6.9,6.9
5-10 дней,2026-08-23T10:10:14Z,2026-09-01T00:00:00Z,205.8,5.1,12.5,9.7,-7.4,7.4
5-10 дней,2026-08-23T10:10:14Z,2026-09-01T03:00:00Z,208.8,6.8,12.4,8.9,-5.6,5.6
5-10 дней,2026-08-23T10:10:14Z,2026-09-01T06:00:00Z,211.8,9.6,13.4,11.6,-3.8,3.8
5-10 дней,2026-08-23T10:10:14Z,2026-09-01T09:00:00Z,214.8,12.5,14.0,15.6,-1.5,1.5
5-10 дней,2026-08-23T10:10:14Z,2026-09-01T12:00:00Z,217.8,14.1,15.4,15.7,-1.3,1.3
5-10 дней,2026-08-23T16:21:17Z,2026-08-28T18:00:00Z,121.6,6.5,4.9,9.3,1.6,1.6
5-10 дней,2026-08-23T16:21:17Z,2026-08-28T21:00:00Z,124.6,6.6,2.9,7.0,3.7,3.7
5-10 дней,2026-08-23T16:21:17Z,2026-08-29T00:00:00Z,127.6,6.5,2.0,6.7,4.5,4.5
5-10 дней,2026-08-23T16:21:17Z,2026-08-29T03:00:00Z,130.6,6.1,0.8,6.3,5.3,5.3
5-10 дней,2026-08-23T16:21:17Z,2026-08-29T06:00:00Z,133.6,9.2,9.4,8.8,-0.2,0.2
5-10 дней,2026-08-23T16:21:17Z,2026-08-29T09:00:00Z,136.6,11.2,13.1,9.6,-1.9,1.9
5-10 дней,2026-08-23T16:21:17Z,2026-08-29T12:00:00Z,139.6,11.2,14.9,10.7,-3.7,3.7
5-10 дней,2026-08-23T16:21:17Z,2026-08-29T15:00:00Z,142.6,10.8,14.6,10.1,-3.8,3.8
5-10 дней,2026-08-23T16:21:17Z,2026-08-29T18:00:00Z,145.6,10.3,5.6,4.9,4.7,4.7
5-10 дней,2026-08-23T16:21:17Z,2026-08-29T21:00:00Z,148.6,9.5,2.9,2.9,6.6,6.6
5-10 дней,2026-08-23T16:21:17Z,2026-08-30T00:00:00Z,151.6,9.0,6.0,2.0,3.0,3.0
5-10 дней,2026-08-23T16:21:17Z,2026-08-30T03:00:00Z,154.6,9.6,6.3,0.8,3.3,3.3
5-10 дней,2026-08-23T16:21:17Z,2026-08-30T06:00:00Z,157.6,10.8,9.1,9.4,1.7,1.7
5-10 дней,2026-08-23T16:21:17Z,2026-08-30T09:00:00Z,160.6,13.5,14.9,13.1,-1.4,1.4
5-10 дней,2026-08-23T16:21:17Z,2026-08-30T12:00:00Z,163.6,15.4,17.2,14.9,-1.8,1.8
5-10 дней,2026-08-23T16:21:17Z,2026-08-30T15:00:00Z,166.6,13.6,15.6,14.6,-2.0,2.0
5-10 дней,2026-08-23T16:21:17Z,2026-08-30T18:00:00Z,169.6,11.1,12.1,5.6,-1.0,1.0
5-10 дней,2026-08-23T16:21:17Z,2026-08-30T21:00:00Z,172.6,9.8,9.9,2.9,-0.1,0.1
5-10 дней,2026-08-23T16:21:17Z,2026-08-31T00:00:00Z,175.6,9.1,9.7,6.0,-0.6,0.6
5-10 дней,2026-08-23T16:21:17Z,2026-08-31T03:00:00Z,178.6,8.6,8.9,6.3,-0.3,0.3
5-10 дней,2026-08-23T16:21:17Z,2026-08-31T06:00:00Z,181.6,9.0,11.6,9.1,-2.6,2.6
5-10 дней,2026-08-23T16:21:17Z,2026-08-31T09:00:00Z,184.6,11.8,15.6,14.9,-3.8,3.8
5-10 дней,2026-08-23T16:21:17Z,2026-08-31T12:00:00Z,187.6,14.0,15.7,17.2,-1.7,1.7
5-10 дней,2026-08-23T16:21:17Z,2026-08-31T15:00:00Z,190.6,11.9,15.0,15.6,-3.1,3.1
5-10 дней,2026-08-23T16:21:17Z,2026-08-31T18:00:00Z,193.6,8.8,13.9,12.1,-5.1,5.1
5-10 дней,2026-08-23T16:21:17Z,2026-08-31T21:00:00Z,196.6,6.3,13.2,9.9,-6.9,6.9
5-10 дней,2026-08-23T16:21:17Z,2026-09-01T00:00:00Z,199.6,5.1,12.5,9.7,-7.4,7.4
5-10 дней,2026-08-23T16:21:17Z,2026-09-01T03:00:00Z,202.6,6.8,12.4,8.9,-5.6,5.6
5-10 дней,2026-08-23T16:21:17Z,2026-09-01T06:00:00Z,205.6,9.6,13.4,11.6,-3.8,3.8
5-10 дней,2026-08-23T16:21:17Z,2026-09-01T09:00:00Z,208.6,12.5,14.0,15.6,-1.5,1.5
5-10 дней,2026-08-23T16:21:17Z,2026-09-01T12:00:00Z,211.6,14.1,15.4,15.7,-1.3,1.3
5-10 дней,2026-08-23T22:29:36Z,2026-08-29T00:00:00Z,121.5,5.0,2.0,6.7,3.0,3.0
5-10 дней,2026-08-23T22:29:36Z,2026-08-29T03:00:00Z,124.5,5.4,0.8,6.3,4.6,4.6
5-10 дней,2026-08-23T22:29:36Z,2026-08-29T06:00:00Z,127.5,9.0,9.4,8.8,-0.4,0.4
5-10 дней,2026-08-23T22:29:36Z,2026-08-29T09:00:00Z,130.5,12.1,13.1,9.6,-1.0,1.0
5-10 дней,2026-08-23T22:29:36Z,2026-08-29T12:00:00Z,133.5,13.2,14.9,10.7,-1.7,1.7
5-10 дней,2026-08-23T22:29:36Z,2026-08-29T15:00:00Z,136.5,11.4,14.6,10.1,-3.2,3.2
5-10 дней,2026-08-23T22:29:36Z,2026-08-29T18:00:00Z,139.5,8.7,5.6,4.9,3.1,3.1
5-10 дней,2026-08-23T22:29:36Z,2026-08-29T21:00:00Z,142.5,6.8,2.9,2.9,3.9,3.9
5-10 дней,2026-08-23T22:29:36Z,2026-08-30T00:00:00Z,145.5,6.2,6.0,2.0,0.2,0.2
5-10 дней,2026-08-23T22:29:36Z,2026-08-30T03:00:00Z,148.5,8.2,6.3,0.8,1.9,1.9
5-10 дней,2026-08-23T22:29:36Z,2026-08-30T06:00:00Z,151.5,11.3,9.1,9.4,2.2,2.2
5-10 дней,2026-08-23T22:29:36Z,2026-08-30T09:00:00Z,154.5,14.4,14.9,13.1,-0.5,0.5
5-10 дней,2026-08-23T22:29:36Z,2026-08-30T12:00:00Z,157.5,16.4,17.2,14.9,-0.8,0.8
5-10 дней,2026-08-23T22:29:36Z,2026-08-30T15:00:00Z,160.5,15.1,15.6,14.6,-0.5,0.5
5-10 дней,2026-08-23T22:29:36Z,2026-08-30T18:00:00Z,163.5,12.9,12.1,5.6,0.8,0.8
5-10 дней,2026-08-23T22:29:36Z,2026-08-30T21:00:00Z,166.5,11.7,9.9,2.9,1.8,1.8
5-10 дней,2026-08-23T22:29:36Z,2026-08-31T00:00:00Z,169.5,10.8,9.7,6.0,1.1,1.1
5-10 дней,2026-08-23T22:29:36Z,2026-08-31T03:00:00Z,172.5,10.2,8.9,6.3,1.3,1.3
5-10 дней,2026-08-23T22:29:36Z,2026-08-31T06:00:00Z,175.5,10.9,11.6,9.1,-0.7,0.7
5-10 дней,2026-08-23T22:29:36Z,2026-08-31T09:00:00Z,178.5,15.6,15.6,14.9,0.0,0.0
5-10 дней,2026-08-23T22:29:36Z,2026-08-31T12:00:00Z,181.5,19.7,15.7,17.2,4.0,4.0
5-10 дней,2026-08-23T22:29:36Z,2026-08-31T15:00:00Z,184.5,17.7,15.0,15.6,2.7,2.7
5-10 дней,2026-08-23T22:29:36Z,2026-08-31T18:00:00Z,187.5,14.4,13.9,12.1,0.5,0.5
5-10 дней,2026-08-23T22:29:36Z,2026-08-31T21:00:00Z,190.5,13.3,13.2,9.9,0.1,0.1
5-10 дней,2026-08-23T22:29:36Z,2026-09-01T00:00:00Z,193.5,12.9,12.5,9.7,0.4,0.4
5-10 дней,2026-08-23T22:29:36Z,2026-09-01T03:00:00Z,196.5,13.0,12.4,8.9,0.6,0.6
5-10 дней,2026-08-23T22:29:36Z,2026-09-01T06:00:00Z,199.5,13.4,13.4,11.6,0.0,0.0
5-10 дней,2026-08-23T22:29:36Z,2026-09-01T09:00:00Z,202.5,14.5,14.0,15.6,0.5,0.5
5-10 дней,2026-08-23T22:29:36Z,2026-09-01T12:00:00Z,205.5,15.0,15.4,15.7,-0.4,0.4
5-10 дней,2026-08-24T04:38:48Z,2026-08-29T06:00:00Z,121.4,9.5,9.4,8.8,0.1,0.1
5-10 дней,2026-08-24T04:38:48Z,2026-08-29T09:00:00Z,124.4,11.9,13.1,9.6,-1.2,1.2
5-10 дней,2026-08-24T04:38:48Z,2026-08-29T12:00:00Z,127.4,13.7,14.9,10.7,-1.2,1.2
5-10 дней,2026-08-24T04:38:48Z,2026-08-29T15:00:00Z,130.4,13.5,14.6,10.1,-1.1,1.1
5-10 дней,2026-08-24T04:38:48Z,2026-08-29T18:00:00Z,133.4,8.8,5.6,4.9,3.2,3.2
5-10 дней,2026-08-24T04:38:48Z,2026-08-29T21:00:00Z,136.4,6.8,2.9,2.9,3.9,3.9
5-10 дней,2026-08-24T04:38:48Z,2026-08-30T00:00:00Z,139.4,6.2,6.0,2.0,0.2,0.2
5-10 дней,2026-08-24T04:38:48Z,2026-08-30T03:00:00Z,142.4,8.2,6.3,0.8,1.9,1.9
5-10 дней,2026-08-24T04:38:48Z,2026-08-30T06:00:00Z,145.4,11.3,9.1,9.4,2.2,2.2
5-10 дней,2026-08-24T04:38:48Z,2026-08-30T09:00:00Z,148.4,14.4,14.9,13.1,-0.5,0.5
5-10 дней,2026-08-24T04:38:48Z,2026-08-30T12:00:00Z,151.4,16.4,17.2,14.9,-0.8,0.8
5-10 дней,2026-08-24T04:38:48Z,2026-08-30T15:00:00Z,154.4,15.1,15.6,14.6,-0.5,0.5
5-10 дней,2026-08-24T04:38:48Z,2026-08-30T18:00:00Z,157.4,12.9,12.1,5.6,0.8,0.8
5-10 дней,2026-08-24T04:38:48Z,2026-08-30T21:00:00Z,160.4,11.7,9.9,2.9,1.8,1.8
5-10 дней,2026-08-24T04:38:48Z,2026-08-31T00:00:00Z,163.4,10.8,9.7,6.0,1.1,1.1
5-10 дней,2026-08-24T04:38:48Z,2026-08-31T03:00:00Z,166.4,10.2,8.9,6.3,1.3,1.3
5-10 дней,2026-08-24T04:38:48Z,2026-08-31T06:00:00Z,169.4,10.9,11.6,9.1,-0.7,0.7
5-10 дней,2026-08-24T04:38:48Z,2026-08-31T09:00:00Z,172.4,15.6,15.6,14.9,0.0,0.0
5-10 дней,2026-08-24T04:38:48Z,2026-08-31T12:00:00Z,175.4,19.7,15.7,17.2,4.0,4.0
5-10 дней,2026-08-24T04:38:48Z,2026-08-31T15:00:00Z,178.4,17.7,15.0,15.6,2.7,2.7
5-10 дней,2026-08-24T04:38:48Z,2026-08-31T18:00:00Z,181.4,14.4,13.9,12.1,0.5,0.5
5-10 дней,2026-08-24T04:38:48Z,2026-08-31T21:00:00Z,184.4,13.3,13.2,9.9,0.1,0.1
5-10 дней,2026-08-24T04:38:48Z,2026-09-01T00:00:00Z,187.4,12.9,12.5,9.7,0.4,0.4
5-10 дней,2026-08-24T04:38:48Z,2026-09-01T03:00:00Z,190.4,13.0,12.4,8.9,0.6,0.6
5-10 дней,2026-08-24T04:38:48Z,2026-09-01T06:00:00Z,193.4,13.4,13.4,11.6,0.0,0.0
5-10 дней,2026-08-24T04:38:48Z,2026-09-01T09:00:00Z,196.4,14.5,14.0,15.6,0.5,0.5
5-10 дней,2026-08-24T04:38:48Z,2026-09-01T12:00:00Z,199.4,15.0,15.4,15.7,-0.4,0.4
5-10 дней,2026-08-24T10:24:38Z,2026-08-29T12:00:00Z,121.6,12.3,14.9,10.7,-2.6,2.6
5-10 дней,2026-08-24T10:24:38Z,2026-08-29T15:00:00Z,124.6,11.4,14.6,10.1,-3.2,3.2
5-10 дней,2026-08-24T10:24:38Z,2026-08-29T18:00:00Z,127.6,8.0,5.6,4.9,2.4,2.4
5-10 дней,2026-08-24T10:24:38Z,2026-08-29T21:00:00Z,130.6,6.1,2.9,2.9,3.2,3.2
5-10 дней,2026-08-24T10:24:38Z,2026-08-30T00:00:00Z,133.6,5.5,6.0,2.0,-0.5,0.5
5-10 дней,2026-08-24T10:24:38Z,2026-08-30T03:00:00Z,136.6,7.7,6.3,0.8,1.4,1.4
5-10 дней,2026-08-24T10:24:38Z,2026-08-30T06:00:00Z,139.6,10.9,9.1,9.4,1.8,1.8
5-10 дней,2026-08-24T10:24:38Z,2026-08-30T09:00:00Z,142.6,14.5,14.9,13.1,-0.4,0.4
5-10 дней,2026-08-24T10:24:38Z,2026-08-30T12:00:00Z,145.6,16.7,17.2,14.9,-0.5,0.5
5-10 дней,2026-08-24T10:24:38Z,2026-08-30T15:00:00Z,148.6,14.4,15.6,14.6,-1.2,1.2
5-10 дней,2026-08-24T10:24:38Z,2026-08-30T18:00:00Z,151.6,11.1,12.1,5.6,-1.0,1.0
5-10 дней,2026-08-24T10:24:38Z,2026-08-30T21:00:00Z,154.6,9.2,9.9,2.9,-0.7,0.7
5-10 дней,2026-08-24T10:24:38Z,2026-08-31T00:00:00Z,157.6,8.4,9.7,6.0,-1.3,1.3
5-10 дней,2026-08-24T10:24:38Z,2026-08-31T03:00:00Z,160.6,9.9,8.9,6.3,1.0,1.0
5-10 дней,2026-08-24T10:24:38Z,2026-08-31T06:00:00Z,163.6,12.3,11.6,9.1,0.7,0.7
5-10 дней,2026-08-24T10:24:38Z,2026-08-31T09:00:00Z,166.6,15.4,15.6,14.9,-0.2,0.2
5-10 дней,2026-08-24T10:24:38Z,2026-08-31T12:00:00Z,169.6,17.4,15.7,17.2,1.7,1.7
5-10 дней,2026-08-24T10:24:38Z,2026-08-31T15:00:00Z,172.6,15.0,15.0,15.6,0.0,0.0
5-10 дней,2026-08-24T10:24:38Z,2026-08-31T18:00:00Z,175.6,11.5,13.9,12.1,-2.4,2.4
5-10 дней,2026-08-24T10:24:38Z,2026-08-31T21:00:00Z,178.6,9.2,13.2,9.9,-4.0,4.0
5-10 дней,2026-08-24T10:24:38Z,2026-09-01T00:00:00Z,181.6,8.3,12.5,9.7,-4.2,4.2
5-10 дней,2026-08-24T10:24:38Z,2026-09-01T03:00:00Z,184.6,10.1,12.4,8.9,-2.3,2.3
5-10 дней,2026-08-24T10:24:38Z,2026-09-01T06:00:00Z,187.6,13.0,13.4,11.6,-0.4,0.4
5-10 дней,2026-08-24T10:24:38Z,2026-09-01T09:00:00Z,190.6,16.3,14.0,15.6,2.3,2.3
5-10 дней,2026-08-24T10:24:38Z,2026-09-01T12:00:00Z,193.6,18.2,15.4,15.7,2.8,2.8
5-10 дней,2026-08-24T16:34:00Z,2026-08-29T18:00:00Z,121.4,8.6,5.6,4.9,3.0,3.0
5-10 дней,2026-08-24T16:34:00Z,2026-08-29T21:00:00Z,124.4,9.1,2.9,2.9,6.2,6.2
5-10 дней,2026-08-24T16:34:00Z,2026-08-30T00:00:00Z,127.4,8.9,6.0,2.0,2.9,2.9
5-10 дней,2026-08-24T16:34:00Z,2026-08-30T03:00:00Z,130.4,9.0,6.3,0.8,2.7,2.7
5-10 дней,2026-08-24T16:34:00Z,2026-08-30T06:00:00Z,133.4,11.8,9.1,9.4,2.7,2.7
5-10 дней,2026-08-24T16:34:00Z,2026-08-30T09:00:00Z,136.4,14.5,14.9,13.1,-0.4,0.4
5-10 дней,2026-08-24T16:34:00Z,2026-08-30T12:00:00Z,139.4,16.7,17.2,14.9,-0.5,0.5
5-10 дней,2026-08-24T16:34:00Z,2026-08-30T15:00:00Z,142.4,14.4,15.6,14.6,-1.2,1.2
5-10 дней,2026-08-24T16:34:00Z,2026-08-30T18:00:00Z,145.4,11.1,12.1,5.6,-1.0,1.0
5-10 дней,2026-08-24T16:34:00Z,2026-08-30T21:00:00Z,148.4,9.2,9.9,2.9,-0.7,0.7
5-10 дней,2026-08-24T16:34:00Z,2026-08-31T00:00:00Z,151.4,8.4,9.7,6.0,-1.3,1.3
5-10 дней,2026-08-24T16:34:00Z,2026-08-31T03:00:00Z,154.4,9.9,8.9,6.3,1.0,1.0
5-10 дней,2026-08-24T16:34:00Z,2026-08-31T06:00:00Z,157.4,12.3,11.6,9.1,0.7,0.7
5-10 дней,2026-08-24T16:34:00Z,2026-08-31T09:00:00Z,160.4,15.4,15.6,14.9,-0.2,0.2
5-10 дней,2026-08-24T16:34:00Z,2026-08-31T12:00:00Z,163.4,17.4,15.7,17.2,1.7,1.7
5-10 дней,2026-08-24T16:34:00Z,2026-08-31T15:00:00Z,166.4,15.0,15.0,15.6,0.0,0.0
5-10 дней,2026-08-24T16:34:00Z,2026-08-31T18:00:00Z,169.4,11.5,13.9,12.1,-2.4,2.4
5-10 дней,2026-08-24T16:34:00Z,2026-08-31T21:00:00Z,172.4,9.2,13.2,9.9,-4.0,4.0
5-10 дней,2026-08-24T16:34:00Z,2026-09-01T00:00:00Z,175.4,8.3,12.5,9.7,-4.2,4.2
5-10 дней,2026-08-24T16:34:00Z,2026-09-01T03:00:00Z,178.4,10.1,12.4,8.9,-2.3,2.3
5-10 дней,2026-08-24T16:34:00Z,2026-09-01T06:00:00Z,181.4,13.0,13.4,11.6,-0.4,0.4
5-10 дней,2026-08-24T16:34:00Z,2026-09-01T09:00:00Z,184.4,16.3,14.0,15.6,2.3,2.3
5-10 дней,2026-08-24T16:34:00Z,2026-09-01T12:00:00Z,187.4,18.2,15.4,15.7,2.8,2.8
5-10 дней,2026-08-24T22:34:40Z,2026-08-30T00:00:00Z,121.4,7.9,6.0,2.0,1.9,1.9
5-10 дней,2026-08-24T22:34:40Z,2026-08-30T03:00:00Z,124.4,9.3,6.3,0.8,3.0,3.0
5-10 дней,2026-08-24T22:34:40Z,2026-08-30T06:00:00Z,127.4,13.3,9.1,9.4,4.2,4.2
5-10 дней,2026-08-24T22:34:40Z,2026-08-30T09:00:00Z,130.4,16.5,14.9,13.1,1.6,1.6
5-10 дней,2026-08-24T22:34:40Z,2026-08-30T12:00:00Z,133.4,17.8,17.2,14.9,0.6,0.6
5-10 дней,2026-08-24T22:34:40Z,2026-08-30T15:00:00Z,136.4,15.2,15.6,14.6,-0.4,0.4
5-10 дней,2026-08-24T22:34:40Z,2026-08-30T18:00:00Z,139.4,11.7,12.1,5.6,-0.4,0.4
5-10 дней,2026-08-24T22:34:40Z,2026-08-30T21:00:00Z,142.4,9.7,9.9,2.9,-0.2,0.2
5-10 дней,2026-08-24T22:34:40Z,2026-08-31T00:00:00Z,145.4,9.1,9.7,6.0,-0.6,0.6
5-10 дней,2026-08-24T22:34:40Z,2026-08-31T03:00:00Z,148.4,10.5,8.9,6.3,1.6,1.6
5-10 дней,2026-08-24T22:34:40Z,2026-08-31T06:00:00Z,151.4,13.0,11.6,9.1,1.4,1.4
5-10 дней,2026-08-24T22:34:40Z,2026-08-31T09:00:00Z,154.4,16.3,15.6,14.9,0.7,0.7
5-10 дней,2026-08-24T22:34:40Z,2026-08-31T12:00:00Z,157.4,18.8,15.7,17.2,3.1,3.1
5-10 дней,2026-08-24T22:34:40Z,2026-08-31T15:00:00Z,160.4,17.5,15.0,15.6,2.5,2.5
5-10 дней,2026-08-24T22:34:40Z,2026-08-31T18:00:00Z,163.4,15.2,13.9,12.1,1.3,1.3
5-10 дней,2026-08-24T22:34:40Z,2026-08-31T21:00:00Z,166.4,13.8,13.2,9.9,0.6,0.6
5-10 дней,2026-08-24T22:34:40Z,2026-09-01T00:00:00Z,169.4,13.1,12.5,9.7,0.6,0.6
5-10 дней,2026-08-24T22:34:40Z,2026-09-01T03:00:00Z,172.4,13.8,12.4,8.9,1.4,1.4
5-10 дней,2026-08-24T22:34:40Z,2026-09-01T06:00:00Z,175.4,15.1,13.4,11.6,1.7,1.7
5-10 дней,2026-08-24T22:34:40Z,2026-09-01T09:00:00Z,178.4,16.9,14.0,15.6,2.9,2.9
5-10 дней,2026-08-24T22:34:40Z,2026-09-01T12:00:00Z,181.4,18.0,15.4,15.7,2.6,2.6
5-10 дней,2026-08-25T04:33:15Z,2026-08-30T06:00:00Z,121.4,11.7,9.1,9.4,2.6,2.6
5-10 дней,2026-08-25T04:33:15Z,2026-08-30T09:00:00Z,124.4,14.9,14.9,13.1,0.0,0.0
5-10 дней,2026-08-25T04:33:15Z,2026-08-30T12:00:00Z,127.4,15.9,17.2,14.9,-1.3,1.3
5-10 дней,2026-08-25T04:33:15Z,2026-08-30T15:00:00Z,130.4,14.1,15.6,14.6,-1.5,1.5
5-10 дней,2026-08-25T04:33:15Z,2026-08-30T18:00:00Z,133.4,9.7,12.1,5.6,-2.4,2.4
5-10 дней,2026-08-25T04:33:15Z,2026-08-30T21:00:00Z,136.4,9.7,9.9,2.9,-0.2,0.2
5-10 дней,2026-08-25T04:33:15Z,2026-08-31T00:00:00Z,139.4,9.1,9.7,6.0,-0.6,0.6
5-10 дней,2026-08-25T04:33:15Z,2026-08-31T03:00:00Z,142.4,10.5,8.9,6.3,1.6,1.6
5-10 дней,2026-08-25T04:33:15Z,2026-08-31T06:00:00Z,145.4,13.0,11.6,9.1,1.4,1.4
5-10 дней,2026-08-25T04:33:15Z,2026-08-31T09:00:00Z,148.4,16.3,15.6,14.9,0.7,0.7
5-10 дней,2026-08-25T04:33:15Z,2026-08-31T12:00:00Z,151.4,18.8,15.7,17.2,3.1,3.1
5-10 дней,2026-08-25T04:33:15Z,2026-08-31T15:00:00Z,154.4,17.5,15.0,15.6,2.5,2.5
5-10 дней,2026-08-25T04:33:15Z,2026-08-31T18:00:00Z,157.4,15.2,13.9,12.1,1.3,1.3
5-10 дней,2026-08-25T04:33:15Z,2026-08-31T21:00:00Z,160.4,13.8,13.2,9.9,0.6,0.6
5-10 дней,2026-08-25T04:33:15Z,2026-09-01T00:00:00Z,163.4,13.1,12.5,9.7,0.6,0.6
5-10 дней,2026-08-25T04:33:15Z,2026-09-01T03:00:00Z,166.4,13.8,12.4,8.9,1.4,1.4
5-10 дней,2026-08-25T04:33:15Z,2026-09-01T06:00:00Z,169.4,15.1,13.4,11.6,1.7,1.7
5-10 дней,2026-08-25T04:33:15Z,2026-09-01T09:00:00Z,172.4,16.9,14.0,15.6,2.9,2.9
5-10 дней,2026-08-25T04:33:15Z,2026-09-01T12:00:00Z,175.4,18.0,15.4,15.7,2.6,2.6
5-10 дней,2026-08-25T10:18:20Z,2026-08-30T12:00:00Z,121.7,14.7,17.2,14.9,-2.5,2.5
5-10 дней,2026-08-25T10:18:20Z,2026-08-30T15:00:00Z,124.7,13.6,15.6,14.6,-2.0,2.0
5-10 дней,2026-08-25T10:18:20Z,2026-08-30T18:00:00Z,127.7,8.7,12.1,5.6,-3.4,3.4
5-10 дней,2026-08-25T10:18:20Z,2026-08-30T21:00:00Z,130.7,7.4,9.9,2.9,-2.5,2.5
5-10 дней,2026-08-25T10:18:20Z,2026-08-31T00:00:00Z,133.7,6.0,9.7,6.0,-3.7,3.7
5-10 дней,2026-08-25T10:18:20Z,2026-08-31T03:00:00Z,136.7,8.0,8.9,6.3,-0.9,0.9
5-10 дней,2026-08-25T10:18:20Z,2026-08-31T06:00:00Z,139.7,11.0,11.6,9.1,-0.6,0.6
5-10 дней,2026-08-25T10:18:20Z,2026-08-31T09:00:00Z,142.7,14.2,15.6,14.9,-1.4,1.4
5-10 дней,2026-08-25T10:18:20Z,2026-08-31T12:00:00Z,145.7,16.1,15.7,17.2,0.4,0.4
5-10 дней,2026-08-25T10:18:20Z,2026-08-31T15:00:00Z,148.7,13.6,15.0,15.6,-1.4,1.4
5-10 дней,2026-08-25T10:18:20Z,2026-08-31T18:00:00Z,151.7,10.2,13.9,12.1,-3.7,3.7
5-10 дней,2026-08-25T10:18:20Z,2026-08-31T21:00:00Z,154.7,8.5,13.2,9.9,-4.7,4.7
5-10 дней,2026-08-25T10:18:20Z,2026-09-01T00:00:00Z,157.7,7.8,12.5,9.7,-4.7,4.7
5-10 дней,2026-08-25T10:18:20Z,2026-09-01T03:00:00Z,160.7,8.9,12.4,8.9,-3.5,3.5
5-10 дней,2026-08-25T10:18:20Z,2026-09-01T06:00:00Z,163.7,11.0,13.4,11.6,-2.4,2.4
5-10 дней,2026-08-25T10:18:20Z,2026-09-01T09:00:00Z,166.7,14.5,14.0,15.6,0.5,0.5
5-10 дней,2026-08-25T10:18:20Z,2026-09-01T12:00:00Z,169.7,17.3,15.4,15.7,1.9,1.9
5-10 дней,2026-08-25T16:33:53Z,2026-08-30T18:00:00Z,121.4,10.7,12.1,5.6,-1.4,1.4
5-10 дней,2026-08-25T16:33:53Z,2026-08-30T21:00:00Z,124.4,8.9,9.9,2.9,-1.0,1.0
5-10 дней,2026-08-25T16:33:53Z,2026-08-31T00:00:00Z,127.4,8.7,9.7,6.0,-1.0,1.0
5-10 дней,2026-08-25T16:33:53Z,2026-08-31T03:00:00Z,130.4,8.8,8.9,6.3,-0.1,0.1
5-10 дней,2026-08-25T16:33:53Z,2026-08-31T06:00:00Z,133.4,11.6,11.6,9.1,0.0,0.0
5-10 дней,2026-08-25T16:33:53Z,2026-08-31T09:00:00Z,136.4,14.2,15.6,14.9,-1.4,1.4
5-10 дней,2026-08-25T16:33:53Z,2026-08-31T12:00:00Z,139.4,16.1,15.7,17.2,0.4,0.4
5-10 дней,2026-08-25T16:33:53Z,2026-08-31T15:00:00Z,142.4,13.6,15.0,15.6,-1.4,1.4
5-10 дней,2026-08-25T16:33:53Z,2026-08-31T18:00:00Z,145.4,10.2,13.9,12.1,-3.7,3.7
5-10 дней,2026-08-25T16:33:53Z,2026-08-31T21:00:00Z,148.4,8.5,13.2,9.9,-4.7,4.7
5-10 дней,2026-08-25T16:33:53Z,2026-09-01T00:00:00Z,151.4,7.8,12.5,9.7,-4.7,4.7
5-10 дней,2026-08-25T16:33:53Z,2026-09-01T03:00:00Z,154.4,8.9,12.4,8.9,-3.5,3.5
5-10 дней,2026-08-25T16:33:53Z,2026-09-01T06:00:00Z,157.4,11.0,13.4,11.6,-2.4,2.4
5-10 дней,2026-08-25T16:33:53Z,2026-09-01T09:00:00Z,160.4,14.5,14.0,15.6,0.5,0.5
5-10 дней,2026-08-25T16:33:53Z,2026-09-01T12:00:00Z,163.4,17.3,15.4,15.7,1.9,1.9
5-10 дней,2026-08-25T22:34:48Z,2026-08-31T00:00:00Z,121.4,7.9,9.7,6.0,-1.8,1.8
5-10 дней,2026-08-25T22:34:48Z,2026-08-31T03:00:00Z,124.4,7.9,8.9,6.3,-1.0,1.0
5-10 дней,2026-08-25T22:34:48Z,2026-08-31T06:00:00Z,127.4,12.1,11.6,9.1,0.5,0.5
5-10 дней,2026-08-25T22:34:48Z,2026-08-31T09:00:00Z,130.4,16.2,15.6,14.9,0.6,0.6
5-10 дней,2026-08-25T22:34:48Z,2026-08-31T12:00:00Z,133.4,17.5,15.7,17.2,1.8,1.8
5-10 дней,2026-08-25T22:34:48Z,2026-08-31T15:00:00Z,136.4,15.3,15.0,15.6,0.3,0.3
5-10 дней,2026-08-25T22:34:48Z,2026-08-31T18:00:00Z,139.4,12.2,13.9,12.1,-1.7,1.7
5-10 дней,2026-08-25T22:34:48Z,2026-08-31T21:00:00Z,142.4,10.7,13.2,9.9,-2.5,2.5
5-10 дней,2026-08-25T22:34:48Z,2026-09-01T00:00:00Z,145.4,10.0,12.5,9.7,-2.5,2.5
5-10 дней,2026-08-25T22:34:48Z,2026-09-01T03:00:00Z,148.4,10.2,12.4,8.9,-2.2,2.2
5-10 дней,2026-08-25T22:34:48Z,2026-09-01T06:00:00Z,151.4,11.2,13.4,11.6,-2.2,2.2
5-10 дней,2026-08-25T22:34:48Z,2026-09-01T09:00:00Z,154.4,13.9,14.0,15.6,-0.1,0.1
5-10 дней,2026-08-25T22:34:48Z,2026-09-01T12:00:00Z,157.4,16.1,15.4,15.7,0.7,0.7
5-10 дней,2026-08-26T04:34:15Z,2026-08-31T06:00:00Z,121.4,12.6,11.6,9.1,1.0,1.0
5-10 дней,2026-08-26T04:34:15Z,2026-08-31T09:00:00Z,124.4,17.2,15.6,14.9,1.6,1.6
5-10 дней,2026-08-26T04:34:15Z,2026-08-31T12:00:00Z,127.4,19.0,15.7,17.2,3.3,3.3
5-10 дней,2026-08-26T04:34:15Z,2026-08-31T15:00:00Z,130.4,17.6,15.0,15.6,2.6,2.6
5-10 дней,2026-08-26T04:34:15Z,2026-08-31T18:00:00Z,133.4,14.1,13.9,12.1,0.2,0.2
5-10 дней,2026-08-26T04:34:15Z,2026-08-31T21:00:00Z,136.4,10.7,13.2,9.9,-2.5,2.5
5-10 дней,2026-08-26T04:34:15Z,2026-09-01T00:00:00Z,139.4,10.0,12.5,9.7,-2.5,2.5
5-10 дней,2026-08-26T04:34:15Z,2026-09-01T03:00:00Z,142.4,10.2,12.4,8.9,-2.2,2.2
5-10 дней,2026-08-26T04:34:15Z,2026-09-01T06:00:00Z,145.4,11.2,13.4,11.6,-2.2,2.2
5-10 дней,2026-08-26T04:34:15Z,2026-09-01T09:00:00Z,148.4,13.9,14.0,15.6,-0.1,0.1
5-10 дней,2026-08-26T04:34:15Z,2026-09-01T12:00:00Z,151.4,16.1,15.4,15.7,0.7,0.7
5-10 дней,2026-08-26T10:21:58Z,2026-08-31T12:00:00Z,121.6,19.1,15.7,17.2,3.4,3.4
5-10 дней,2026-08-26T10:21:58Z,2026-08-31T15:00:00Z,124.6,18.4,15.0,15.6,3.4,3.4
5-10 дней,2026-08-26T10:21:58Z,2026-08-31T18:00:00Z,127.6,15.4,13.9,12.1,1.5,1.5
5-10 дней,2026-08-26T10:21:58Z,2026-08-31T21:00:00Z,130.6,14.1,13.2,9.9,0.9,0.9
5-10 дней,2026-08-26T10:21:58Z,2026-09-01T00:00:00Z,133.6,14.3,12.5,9.7,1.8,1.8
5-10 дней,2026-08-26T10:21:58Z,2026-09-01T03:00:00Z,136.6,15.4,12.4,8.9,3.0,3.0
5-10 дней,2026-08-26T10:21:58Z,2026-09-01T06:00:00Z,139.6,17.1,13.4,11.6,3.7,3.7
5-10 дней,2026-08-26T10:21:58Z,2026-09-01T09:00:00Z,142.6,19.0,14.0,15.6,5.0,5.0
5-10 дней,2026-08-26T10:21:58Z,2026-09-01T12:00:00Z,145.6,20.2,15.4,15.7,4.8,4.8
5-10 дней,2026-08-26T16:46:17Z,2026-08-31T18:00:00Z,121.2,14.5,13.9,12.1,0.6,0.6
5-10 дней,2026-08-26T16:46:17Z,2026-08-31T21:00:00Z,124.2,13.4,13.2,9.9,0.2,0.2
5-10 дней,2026-08-26T16:46:17Z,2026-09-01T00:00:00Z,127.2,12.7,12.5,9.7,0.2,0.2
5-10 дней,2026-08-26T16:46:17Z,2026-09-01T03:00:00Z,130.2,12.6,12.4,8.9,0.2,0.2
5-10 дней,2026-08-26T16:46:17Z,2026-09-01T06:00:00Z,133.2,16.5,13.4,11.6,3.1,3.1
5-10 дней,2026-08-26T16:46:17Z,2026-09-01T09:00:00Z,136.2,19.0,14.0,15.6,5.0,5.0
5-10 дней,2026-08-26T16:46:17Z,2026-09-01T12:00:00Z,139.2,20.2,15.4,15.7,4.8,4.8
5-10 дней,2026-08-27T03:02:51Z,2026-09-01T06:00:00Z,123.0,12.8,13.4,11.6,-0.6,0.6
5-10 дней,2026-08-27T03:02:51Z,2026-09-01T09:00:00Z,126.0,17.6,14.0,15.6,3.6,3.6
5-10 дней,2026-08-27T03:02:51Z,2026-09-01T12:00:00Z,129.0,18.9,15.4,15.7,3.5,3.5
