# Архангельск / Температура / 0-6ч, 6-24ч, 1-2 дня, 2-3 дня, 3-5 дней, 5-10 дней / Yr (Норвегия)
# n=3234, MAE=1.452, RMSE=2.083, bias=+0.492
# skill = 1 - (RMSE/RMSE_персистентности)^2 = 1 - (2.083/2.978)^2 = 0.5104  (RMSE_персистентности по 3234 пар(ам))
# persistence baseline = смешанный (разный по периодам в пуле) - выбран автоматически как более сильный (ниже RMSE) из двух кандидатов для этого периода, одинаково для всех источников
# «Общий» = объединённый пул пар из периодов: 0-6ч, 6-24ч, 1-2 дня, 2-3 дня, 3-5 дней, 5-10 дней - метрика посчитана заново по всему пулу, а не усреднена по периодам
#
bucket,fetched_at,valid_time,lead_hours,forecast,observed,persistence,error,abs_error
0-6ч,2026-08-06T09:50:07Z,2026-08-06T12:00:00Z,2.2,18.5,19.1,16.3,-0.6,0.6
0-6ч,2026-08-06T09:50:07Z,2026-08-06T15:00:00Z,5.2,17.6,18.2,16.3,-0.6,0.6
0-6ч,2026-08-06T09:59:18Z,2026-08-06T12:00:00Z,2.0,18.5,19.1,16.3,-0.6,0.6
0-6ч,2026-08-06T09:59:18Z,2026-08-06T15:00:00Z,5.0,17.6,18.2,16.3,-0.6,0.6
0-6ч,2026-08-06T10:08:26Z,2026-08-06T12:00:00Z,1.9,18.5,19.1,16.3,-0.6,0.6
0-6ч,2026-08-06T10:08:26Z,2026-08-06T15:00:00Z,4.9,17.6,18.2,16.3,-0.6,0.6
0-6ч,2026-08-06T10:47:54Z,2026-08-06T12:00:00Z,1.2,18.5,19.1,16.3,-0.6,0.6
0-6ч,2026-08-06T10:47:54Z,2026-08-06T15:00:00Z,4.2,17.6,18.2,16.3,-0.6,0.6
0-6ч,2026-08-06T11:30:42Z,2026-08-06T12:00:00Z,0.5,18.5,19.1,16.3,-0.6,0.6
0-6ч,2026-08-06T11:30:42Z,2026-08-06T15:00:00Z,3.5,17.6,18.2,16.3,-0.6,0.6
0-6ч,2026-08-06T11:36:01Z,2026-08-06T12:00:00Z,0.4,18.5,19.1,16.3,-0.6,0.6
0-6ч,2026-08-06T11:36:01Z,2026-08-06T15:00:00Z,3.4,17.6,18.2,16.3,-0.6,0.6
0-6ч,2026-08-06T11:44:08Z,2026-08-06T12:00:00Z,0.3,18.5,19.1,16.3,-0.6,0.6
0-6ч,2026-08-06T11:44:08Z,2026-08-06T15:00:00Z,3.3,17.6,18.2,16.3,-0.6,0.6
0-6ч,2026-08-07T01:31:32Z,2026-08-07T03:00:00Z,1.5,13.6,14.2,13.6,-0.6,0.6
0-6ч,2026-08-07T01:31:32Z,2026-08-07T06:00:00Z,4.5,14.3,14.3,13.6,0.0,0.0
0-6ч,2026-08-07T05:36:00Z,2026-08-07T06:00:00Z,0.4,14.3,14.3,14.2,0.0,0.0
0-6ч,2026-08-07T05:36:00Z,2026-08-07T09:00:00Z,3.4,19.6,16.9,14.2,2.7,2.7
0-6ч,2026-08-07T06:18:59Z,2026-08-07T09:00:00Z,2.7,19.6,16.9,14.3,2.7,2.7
0-6ч,2026-08-07T06:18:59Z,2026-08-07T12:00:00Z,5.7,21.1,20.5,14.3,0.6,0.6
0-6ч,2026-08-07T07:13:52Z,2026-08-07T09:00:00Z,1.8,19.6,16.9,14.3,2.7,2.7
0-6ч,2026-08-07T07:13:52Z,2026-08-07T12:00:00Z,4.8,21.1,20.5,14.3,0.6,0.6
0-6ч,2026-08-07T10:39:14Z,2026-08-07T12:00:00Z,1.3,19.7,20.5,16.9,-0.8,0.8
0-6ч,2026-08-07T10:39:14Z,2026-08-07T15:00:00Z,4.3,18.6,15.6,16.9,3.0,3.0
0-6ч,2026-08-07T16:51:54Z,2026-08-07T18:00:00Z,1.1,15.4,14.6,15.6,0.8,0.8
0-6ч,2026-08-07T16:51:54Z,2026-08-07T21:00:00Z,4.1,13.4,13.5,15.6,-0.1,0.1
0-6ч,2026-08-07T22:45:57Z,2026-08-08T00:00:00Z,1.2,12.2,12.5,13.5,-0.3,0.3
0-6ч,2026-08-07T22:45:57Z,2026-08-08T03:00:00Z,4.2,13.4,13.6,13.5,-0.2,0.2
0-6ч,2026-08-07T23:19:23Z,2026-08-08T00:00:00Z,0.7,12.2,12.5,13.5,-0.3,0.3
0-6ч,2026-08-07T23:19:23Z,2026-08-08T03:00:00Z,3.7,13.4,13.6,13.5,-0.2,0.2
0-6ч,2026-08-08T04:50:53Z,2026-08-08T06:00:00Z,1.2,15.8,15.4,13.6,0.4,0.4
0-6ч,2026-08-08T04:50:53Z,2026-08-08T09:00:00Z,4.2,14.7,15.0,13.6,-0.3,0.3
0-6ч,2026-08-08T10:18:13Z,2026-08-08T12:00:00Z,1.7,15.7,15.4,15.0,0.3,0.3
0-6ч,2026-08-08T10:18:13Z,2026-08-08T15:00:00Z,4.7,16.2,15.5,15.0,0.7,0.7
0-6ч,2026-08-08T22:37:20Z,2026-08-09T00:00:00Z,1.4,12.1,13.1,13.6,-1.0,1.0
0-6ч,2026-08-08T22:37:20Z,2026-08-09T03:00:00Z,4.4,12.4,11.9,13.6,0.5,0.5
0-6ч,2026-08-09T04:59:03Z,2026-08-09T06:00:00Z,1.0,14.9,15.2,11.9,-0.3,0.3
0-6ч,2026-08-09T04:59:03Z,2026-08-09T09:00:00Z,4.0,16.8,16.5,11.9,0.3,0.3
0-6ч,2026-08-09T10:19:29Z,2026-08-09T12:00:00Z,1.7,14.9,16.7,16.5,-1.8,1.8
0-6ч,2026-08-09T10:19:29Z,2026-08-09T15:00:00Z,4.7,16.2,17.0,16.5,-0.8,0.8
0-6ч,2026-08-09T12:41:38Z,2026-08-09T15:00:00Z,2.3,16.2,17.0,16.7,-0.8,0.8
0-6ч,2026-08-09T12:41:38Z,2026-08-09T18:00:00Z,5.3,13.1,13.7,16.7,-0.6,0.6
0-6ч,2026-08-09T12:45:53Z,2026-08-09T15:00:00Z,2.2,16.2,17.0,16.7,-0.8,0.8
0-6ч,2026-08-09T12:45:53Z,2026-08-09T18:00:00Z,5.2,13.1,13.7,16.7,-0.6,0.6
0-6ч,2026-08-09T12:48:15Z,2026-08-09T15:00:00Z,2.2,16.2,17.0,16.7,-0.8,0.8
0-6ч,2026-08-09T12:48:15Z,2026-08-09T18:00:00Z,5.2,13.1,13.7,16.7,-0.6,0.6
0-6ч,2026-08-09T16:31:44Z,2026-08-09T18:00:00Z,1.5,13.1,13.7,17.0,-0.6,0.6
0-6ч,2026-08-09T16:31:44Z,2026-08-09T21:00:00Z,4.5,11.5,10.4,17.0,1.1,1.1
0-6ч,2026-08-09T22:39:09Z,2026-08-10T00:00:00Z,1.3,11.0,10.8,10.4,0.2,0.2
0-6ч,2026-08-09T22:39:09Z,2026-08-10T03:00:00Z,4.3,13.1,12.6,10.4,0.5,0.5
0-6ч,2026-08-10T05:20:42Z,2026-08-10T06:00:00Z,0.7,16.0,16.9,12.6,-0.9,0.9
0-6ч,2026-08-10T05:20:42Z,2026-08-10T09:00:00Z,3.7,20.4,20.6,12.6,-0.2,0.2
0-6ч,2026-08-10T10:53:28Z,2026-08-10T12:00:00Z,1.1,21.7,22.3,20.6,-0.6,0.6
0-6ч,2026-08-10T10:53:28Z,2026-08-10T15:00:00Z,4.1,21.0,21.8,20.6,-0.8,0.8
0-6ч,2026-08-10T16:52:05Z,2026-08-10T18:00:00Z,1.1,17.2,18.4,21.8,-1.2,1.2
0-6ч,2026-08-10T16:52:05Z,2026-08-10T21:00:00Z,4.1,15.2,15.0,21.8,0.2,0.2
0-6ч,2026-08-10T22:47:13Z,2026-08-11T00:00:00Z,1.2,14.6,15.3,15.0,-0.7,0.7
0-6ч,2026-08-10T22:47:13Z,2026-08-11T03:00:00Z,4.2,15.3,15.0,15.0,0.3,0.3
0-6ч,2026-08-11T05:01:49Z,2026-08-11T06:00:00Z,1.0,18.8,19.4,15.0,-0.6,0.6
0-6ч,2026-08-11T05:01:49Z,2026-08-11T09:00:00Z,4.0,21.7,23.5,15.0,-1.8,1.8
0-6ч,2026-08-11T10:38:45Z,2026-08-11T12:00:00Z,1.4,21.8,24.1,23.5,-2.3,2.3
0-6ч,2026-08-11T10:38:45Z,2026-08-11T15:00:00Z,4.4,18.4,19.2,23.5,-0.8,0.8
0-6ч,2026-08-12T06:05:22Z,2026-08-12T09:00:00Z,2.9,17.7,15.2,14.7,2.5,2.5
0-6ч,2026-08-12T06:05:22Z,2026-08-12T12:00:00Z,5.9,14.5,11.9,14.7,2.6,2.6
0-6ч,2026-08-12T10:47:03Z,2026-08-12T12:00:00Z,1.2,14.5,11.9,15.2,2.6,2.6
0-6ч,2026-08-12T10:47:03Z,2026-08-12T15:00:00Z,4.2,12.6,10.7,15.2,1.9,1.9
0-6ч,2026-08-12T16:54:57Z,2026-08-12T18:00:00Z,1.1,10.6,9.3,10.7,1.3,1.3
0-6ч,2026-08-12T16:54:57Z,2026-08-12T21:00:00Z,4.1,10.2,8.4,10.7,1.8,1.8
0-6ч,2026-08-12T22:50:47Z,2026-08-13T00:00:00Z,1.2,9.2,8.4,8.4,0.8,0.8
0-6ч,2026-08-12T22:50:47Z,2026-08-13T03:00:00Z,4.2,8.8,8.4,8.4,0.4,0.4
0-6ч,2026-08-13T05:30:08Z,2026-08-13T06:00:00Z,0.5,7.8,8.2,8.4,-0.4,0.4
0-6ч,2026-08-13T05:30:08Z,2026-08-13T09:00:00Z,3.5,7.7,8.3,8.4,-0.6,0.6
0-6ч,2026-08-13T10:49:01Z,2026-08-13T12:00:00Z,1.2,7.9,7.7,8.3,0.2,0.2
0-6ч,2026-08-13T10:49:01Z,2026-08-13T15:00:00Z,4.2,7.6,7.3,8.3,0.3,0.3
0-6ч,2026-08-13T16:36:10Z,2026-08-13T18:00:00Z,1.4,7.6,6.9,7.3,0.7,0.7
0-6ч,2026-08-13T16:36:10Z,2026-08-13T21:00:00Z,4.4,7.3,7.1,7.3,0.2,0.2
0-6ч,2026-08-13T16:42:24Z,2026-08-13T18:00:00Z,1.3,7.6,6.9,7.3,0.7,0.7
0-6ч,2026-08-13T16:42:24Z,2026-08-13T21:00:00Z,4.3,7.3,7.1,7.3,0.2,0.2
0-6ч,2026-08-13T16:54:22Z,2026-08-13T18:00:00Z,1.1,7.6,6.9,7.3,0.7,0.7
0-6ч,2026-08-13T16:54:22Z,2026-08-13T21:00:00Z,4.1,7.3,7.1,7.3,0.2,0.2
0-6ч,2026-08-13T22:52:17Z,2026-08-14T00:00:00Z,1.1,7.4,7.3,7.1,0.1,0.1
0-6ч,2026-08-13T22:52:17Z,2026-08-14T03:00:00Z,4.1,7.8,7.4,7.1,0.4,0.4
0-6ч,2026-08-14T05:28:14Z,2026-08-14T06:00:00Z,0.5,8.2,8.3,7.4,-0.1,0.1
0-6ч,2026-08-14T05:28:14Z,2026-08-14T09:00:00Z,3.5,8.9,9.1,7.4,-0.2,0.2
0-6ч,2026-08-14T10:44:54Z,2026-08-14T12:00:00Z,1.3,10.5,10.0,9.1,0.5,0.5
0-6ч,2026-08-14T10:44:54Z,2026-08-14T15:00:00Z,4.3,11.5,10.6,9.1,0.9,0.9
0-6ч,2026-08-14T16:48:33Z,2026-08-14T18:00:00Z,1.2,9.5,8.7,10.6,0.8,0.8
0-6ч,2026-08-14T16:48:33Z,2026-08-14T21:00:00Z,4.2,8.4,8.0,10.6,0.4,0.4
0-6ч,2026-08-14T22:30:55Z,2026-08-15T00:00:00Z,1.5,7.7,6.3,8.0,1.4,1.4
0-6ч,2026-08-14T22:30:55Z,2026-08-15T03:00:00Z,4.5,8.5,7.6,8.0,0.9,0.9
0-6ч,2026-08-15T04:24:15Z,2026-08-15T06:00:00Z,1.6,9.7,8.6,7.6,1.1,1.1
0-6ч,2026-08-15T04:24:15Z,2026-08-15T09:00:00Z,4.6,12.7,10.9,7.6,1.8,1.8
0-6ч,2026-08-15T10:09:15Z,2026-08-15T12:00:00Z,1.8,13.7,13.4,10.9,0.3,0.3
0-6ч,2026-08-15T10:09:15Z,2026-08-15T15:00:00Z,4.8,13.7,13.0,10.9,0.7,0.7
0-6ч,2026-08-15T16:20:39Z,2026-08-15T18:00:00Z,1.7,12.0,12.2,13.0,-0.2,0.2
0-6ч,2026-08-15T16:20:39Z,2026-08-15T21:00:00Z,4.7,10.3,11.3,13.0,-1.0,1.0
0-6ч,2026-08-15T22:29:33Z,2026-08-16T00:00:00Z,1.5,9.7,10.8,11.3,-1.1,1.1
0-6ч,2026-08-15T22:29:33Z,2026-08-16T03:00:00Z,4.5,10.6,10.1,11.3,0.5,0.5
0-6ч,2026-08-16T04:29:41Z,2026-08-16T06:00:00Z,1.5,11.9,12.3,10.1,-0.4,0.4
0-6ч,2026-08-16T04:29:41Z,2026-08-16T09:00:00Z,4.5,13.6,14.3,10.1,-0.7,0.7
0-6ч,2026-08-16T07:21:44Z,2026-08-16T09:00:00Z,1.6,14.1,14.3,12.3,-0.2,0.2
0-6ч,2026-08-16T07:21:44Z,2026-08-16T12:00:00Z,4.6,15.1,16.0,12.3,-0.9,0.9
0-6ч,2026-08-16T10:09:47Z,2026-08-16T12:00:00Z,1.8,15.1,16.0,14.3,-0.9,0.9
0-6ч,2026-08-16T10:09:47Z,2026-08-16T15:00:00Z,4.8,15.3,16.2,14.3,-0.9,0.9
0-6ч,2026-08-16T16:21:00Z,2026-08-16T18:00:00Z,1.6,11.9,11.2,16.2,0.7,0.7
0-6ч,2026-08-16T16:21:00Z,2026-08-16T21:00:00Z,4.7,10.3,9.4,16.2,0.9,0.9
0-6ч,2026-08-16T22:29:34Z,2026-08-17T00:00:00Z,1.5,8.8,9.3,9.4,-0.5,0.5
0-6ч,2026-08-16T22:29:34Z,2026-08-17T03:00:00Z,4.5,9.7,9.1,9.4,0.6,0.6
0-6ч,2026-08-17T04:35:30Z,2026-08-17T06:00:00Z,1.4,14.5,15.0,9.1,-0.5,0.5
0-6ч,2026-08-17T04:35:30Z,2026-08-17T09:00:00Z,4.4,17.8,17.9,9.1,-0.1,0.1
0-6ч,2026-08-17T10:18:11Z,2026-08-17T12:00:00Z,1.7,19.2,19.5,17.9,-0.3,0.3
0-6ч,2026-08-17T10:18:11Z,2026-08-17T15:00:00Z,4.7,18.4,19.1,17.9,-0.7,0.7
0-6ч,2026-08-17T16:23:45Z,2026-08-17T18:00:00Z,1.6,13.5,14.5,19.1,-1.0,1.0
0-6ч,2026-08-17T16:23:45Z,2026-08-17T21:00:00Z,4.6,12.3,13.0,19.1,-0.7,0.7
0-6ч,2026-08-17T22:31:28Z,2026-08-18T00:00:00Z,1.5,11.0,13.0,13.0,-2.0,2.0
0-6ч,2026-08-17T22:31:28Z,2026-08-18T03:00:00Z,4.5,11.6,12.6,13.0,-1.0,1.0
0-6ч,2026-08-18T04:30:05Z,2026-08-18T06:00:00Z,1.5,15.2,15.4,12.6,-0.2,0.2
0-6ч,2026-08-18T04:30:05Z,2026-08-18T09:00:00Z,4.5,18.0,18.7,12.6,-0.7,0.7
0-6ч,2026-08-18T10:14:55Z,2026-08-18T12:00:00Z,1.8,19.6,18.5,18.7,1.1,1.1
0-6ч,2026-08-18T10:14:55Z,2026-08-18T15:00:00Z,4.8,18.6,18.8,18.7,-0.2,0.2
0-6ч,2026-08-18T16:27:50Z,2026-08-18T18:00:00Z,1.5,14.3,14.0,18.8,0.3,0.3
0-6ч,2026-08-18T16:27:50Z,2026-08-18T21:00:00Z,4.5,12.8,12.0,18.8,0.8,0.8
0-6ч,2026-08-18T22:31:39Z,2026-08-19T00:00:00Z,1.5,11.5,12.5,12.0,-1.0,1.0
0-6ч,2026-08-18T22:31:39Z,2026-08-19T03:00:00Z,4.5,12.0,13.3,12.0,-1.3,1.3
0-6ч,2026-08-19T04:31:14Z,2026-08-19T06:00:00Z,1.5,14.4,14.3,13.3,0.1,0.1
0-6ч,2026-08-19T04:31:14Z,2026-08-19T09:00:00Z,4.5,16.8,17.4,13.3,-0.6,0.6
0-6ч,2026-08-19T10:14:48Z,2026-08-19T12:00:00Z,1.8,18.5,19.6,17.4,-1.1,1.1
0-6ч,2026-08-19T10:14:48Z,2026-08-19T15:00:00Z,4.8,17.4,17.6,17.4,-0.2,0.2
0-6ч,2026-08-19T16:28:17Z,2026-08-19T18:00:00Z,1.5,15.9,14.6,17.6,1.3,1.3
0-6ч,2026-08-19T16:28:17Z,2026-08-19T21:00:00Z,4.5,15.4,15.0,17.6,0.4,0.4
0-6ч,2026-08-20T04:31:56Z,2026-08-20T06:00:00Z,1.5,14.5,15.0,15.2,-0.5,0.5
0-6ч,2026-08-20T04:31:56Z,2026-08-20T09:00:00Z,4.5,14.6,15.1,15.2,-0.5,0.5
0-6ч,2026-08-20T10:16:10Z,2026-08-20T12:00:00Z,1.7,15.5,16.7,15.1,-1.2,1.2
0-6ч,2026-08-20T10:16:10Z,2026-08-20T15:00:00Z,4.7,15.1,15.2,15.1,-0.1,0.1
0-6ч,2026-08-20T16:31:45Z,2026-08-20T18:00:00Z,1.5,13.5,13.8,15.2,-0.3,0.3
0-6ч,2026-08-20T16:31:45Z,2026-08-20T21:00:00Z,4.5,14.0,13.9,15.2,0.1,0.1
0-6ч,2026-08-20T22:34:58Z,2026-08-21T00:00:00Z,1.4,13.8,13.1,13.9,0.7,0.7
0-6ч,2026-08-20T22:34:58Z,2026-08-21T03:00:00Z,4.4,12.5,12.4,13.9,0.1,0.1
0-6ч,2026-08-21T04:32:20Z,2026-08-21T06:00:00Z,1.5,15.6,15.9,12.4,-0.3,0.3
0-6ч,2026-08-21T04:32:20Z,2026-08-21T09:00:00Z,4.5,18.7,17.9,12.4,0.8,0.8
0-6ч,2026-08-21T10:16:50Z,2026-08-21T12:00:00Z,1.7,18.6,18.3,17.9,0.3,0.3
0-6ч,2026-08-21T10:16:50Z,2026-08-21T15:00:00Z,4.7,17.0,15.5,17.9,1.5,1.5
0-6ч,2026-08-21T16:30:34Z,2026-08-21T18:00:00Z,1.5,14.3,14.0,15.5,0.3,0.3
0-6ч,2026-08-21T16:30:34Z,2026-08-21T21:00:00Z,4.5,13.3,13.4,15.5,-0.1,0.1
0-6ч,2026-08-21T22:32:12Z,2026-08-22T00:00:00Z,1.5,12.7,13.5,13.4,-0.8,0.8
0-6ч,2026-08-21T22:32:12Z,2026-08-22T03:00:00Z,4.5,13.4,14.2,13.4,-0.8,0.8
0-6ч,2026-08-22T04:26:43Z,2026-08-22T06:00:00Z,1.6,14.8,15.4,14.2,-0.6,0.6
0-6ч,2026-08-22T04:26:43Z,2026-08-22T09:00:00Z,4.6,15.4,16.3,14.2,-0.9,0.9
0-6ч,2026-08-22T10:09:41Z,2026-08-22T12:00:00Z,1.8,16.4,18.2,16.3,-1.8,1.8
0-6ч,2026-08-22T10:09:41Z,2026-08-22T15:00:00Z,4.8,15.6,16.2,16.3,-0.6,0.6
0-6ч,2026-08-22T16:20:08Z,2026-08-22T18:00:00Z,1.7,12.7,12.5,16.2,0.2,0.2
0-6ч,2026-08-22T16:20:08Z,2026-08-22T21:00:00Z,4.7,11.1,11.1,16.2,0.0,0.0
0-6ч,2026-08-22T22:29:28Z,2026-08-23T00:00:00Z,1.5,10.5,10.8,11.1,-0.3,0.3
0-6ч,2026-08-22T22:29:28Z,2026-08-23T03:00:00Z,4.5,11.2,10.5,11.1,0.7,0.7
0-6ч,2026-08-23T04:31:06Z,2026-08-23T06:00:00Z,1.5,14.6,15.3,10.5,-0.7,0.7
0-6ч,2026-08-23T04:31:06Z,2026-08-23T09:00:00Z,4.5,17.5,19.7,10.5,-2.2,2.2
0-6ч,2026-08-23T10:10:14Z,2026-08-23T12:00:00Z,1.8,16.7,15.9,19.7,0.8,0.8
0-6ч,2026-08-23T10:10:14Z,2026-08-23T15:00:00Z,4.8,14.2,14.0,19.7,0.2,0.2
0-6ч,2026-08-23T16:21:17Z,2026-08-23T18:00:00Z,1.6,13.2,13.2,14.0,0.0,0.0
0-6ч,2026-08-23T16:21:17Z,2026-08-23T21:00:00Z,4.6,13.3,13.5,14.0,-0.2,0.2
0-6ч,2026-08-23T22:29:36Z,2026-08-24T00:00:00Z,1.5,13.4,13.8,13.5,-0.4,0.4
0-6ч,2026-08-23T22:29:36Z,2026-08-24T03:00:00Z,4.5,13.4,14.1,13.5,-0.7,0.7
0-6ч,2026-08-24T04:38:48Z,2026-08-24T06:00:00Z,1.4,13.6,14.4,14.1,-0.8,0.8
0-6ч,2026-08-24T04:38:48Z,2026-08-24T09:00:00Z,4.4,14.9,15.7,14.1,-0.8,0.8
0-6ч,2026-08-24T10:24:38Z,2026-08-24T12:00:00Z,1.6,16.4,17.8,15.7,-1.4,1.4
0-6ч,2026-08-24T10:24:38Z,2026-08-24T15:00:00Z,4.6,15.3,15.6,15.7,-0.3,0.3
6-24ч,2026-08-06T09:50:07Z,2026-08-06T18:00:00Z,8.2,15.5,15.5,13.2,0.0,0.0
6-24ч,2026-08-06T09:50:07Z,2026-08-06T21:00:00Z,11.2,14.3,13.9,13.3,0.4,0.4
6-24ч,2026-08-06T09:50:07Z,2026-08-07T00:00:00Z,14.2,13.6,13.6,10.5,0.0,0.0
6-24ч,2026-08-06T09:50:07Z,2026-08-07T03:00:00Z,17.2,13.8,14.2,13.4,-0.4,0.4
6-24ч,2026-08-06T09:50:07Z,2026-08-07T06:00:00Z,20.2,16.3,14.3,17.0,2.0,2.0
6-24ч,2026-08-06T09:50:07Z,2026-08-07T09:00:00Z,23.2,20.5,16.9,16.3,3.6,3.6
6-24ч,2026-08-06T09:59:18Z,2026-08-06T18:00:00Z,8.0,15.5,15.5,13.2,0.0,0.0
6-24ч,2026-08-06T09:59:18Z,2026-08-06T21:00:00Z,11.0,14.3,13.9,13.3,0.4,0.4
6-24ч,2026-08-06T09:59:18Z,2026-08-07T00:00:00Z,14.0,13.6,13.6,10.5,0.0,0.0
6-24ч,2026-08-06T09:59:18Z,2026-08-07T03:00:00Z,17.0,13.8,14.2,13.4,-0.4,0.4
6-24ч,2026-08-06T09:59:18Z,2026-08-07T06:00:00Z,20.0,16.3,14.3,17.0,2.0,2.0
6-24ч,2026-08-06T09:59:18Z,2026-08-07T09:00:00Z,23.0,20.5,16.9,16.3,3.6,3.6
6-24ч,2026-08-06T10:08:26Z,2026-08-06T18:00:00Z,7.9,15.5,15.5,13.2,0.0,0.0
6-24ч,2026-08-06T10:08:26Z,2026-08-06T21:00:00Z,10.9,14.3,13.9,13.3,0.4,0.4
6-24ч,2026-08-06T10:08:26Z,2026-08-07T00:00:00Z,13.9,13.6,13.6,10.5,0.0,0.0
6-24ч,2026-08-06T10:08:26Z,2026-08-07T03:00:00Z,16.9,13.8,14.2,13.4,-0.4,0.4
6-24ч,2026-08-06T10:08:26Z,2026-08-07T06:00:00Z,19.9,16.3,14.3,17.0,2.0,2.0
6-24ч,2026-08-06T10:08:26Z,2026-08-07T09:00:00Z,22.9,20.5,16.9,16.3,3.6,3.6
6-24ч,2026-08-06T10:47:54Z,2026-08-06T18:00:00Z,7.2,15.5,15.5,13.2,0.0,0.0
6-24ч,2026-08-06T10:47:54Z,2026-08-06T21:00:00Z,10.2,14.3,13.9,13.3,0.4,0.4
6-24ч,2026-08-06T10:47:54Z,2026-08-07T00:00:00Z,13.2,13.6,13.6,10.5,0.0,0.0
6-24ч,2026-08-06T10:47:54Z,2026-08-07T03:00:00Z,16.2,13.8,14.2,13.4,-0.4,0.4
6-24ч,2026-08-06T10:47:54Z,2026-08-07T06:00:00Z,19.2,16.3,14.3,17.0,2.0,2.0
6-24ч,2026-08-06T10:47:54Z,2026-08-07T09:00:00Z,22.2,20.5,16.9,16.3,3.6,3.6
6-24ч,2026-08-06T11:30:42Z,2026-08-06T18:00:00Z,6.5,15.5,15.5,13.2,0.0,0.0
6-24ч,2026-08-06T11:30:42Z,2026-08-06T21:00:00Z,9.5,14.3,13.9,13.3,0.4,0.4
6-24ч,2026-08-06T11:30:42Z,2026-08-07T00:00:00Z,12.5,13.6,13.6,10.5,0.0,0.0
6-24ч,2026-08-06T11:30:42Z,2026-08-07T03:00:00Z,15.5,13.8,14.2,13.4,-0.4,0.4
6-24ч,2026-08-06T11:30:42Z,2026-08-07T06:00:00Z,18.5,16.3,14.3,17.0,2.0,2.0
6-24ч,2026-08-06T11:30:42Z,2026-08-07T09:00:00Z,21.5,20.5,16.9,16.3,3.6,3.6
6-24ч,2026-08-06T11:36:01Z,2026-08-06T18:00:00Z,6.4,15.5,15.5,13.2,0.0,0.0
6-24ч,2026-08-06T11:36:01Z,2026-08-06T21:00:00Z,9.4,14.3,13.9,13.3,0.4,0.4
6-24ч,2026-08-06T11:36:01Z,2026-08-07T00:00:00Z,12.4,13.6,13.6,10.5,0.0,0.0
6-24ч,2026-08-06T11:36:01Z,2026-08-07T03:00:00Z,15.4,13.8,14.2,13.4,-0.4,0.4
6-24ч,2026-08-06T11:36:01Z,2026-08-07T06:00:00Z,18.4,16.3,14.3,17.0,2.0,2.0
6-24ч,2026-08-06T11:36:01Z,2026-08-07T09:00:00Z,21.4,20.5,16.9,16.3,3.6,3.6
6-24ч,2026-08-06T11:44:08Z,2026-08-06T18:00:00Z,6.3,15.5,15.5,13.2,0.0,0.0
6-24ч,2026-08-06T11:44:08Z,2026-08-06T21:00:00Z,9.3,14.3,13.9,13.3,0.4,0.4
6-24ч,2026-08-06T11:44:08Z,2026-08-07T00:00:00Z,12.3,13.6,13.6,10.5,0.0,0.0
6-24ч,2026-08-06T11:44:08Z,2026-08-07T03:00:00Z,15.3,13.8,14.2,13.4,-0.4,0.4
6-24ч,2026-08-06T11:44:08Z,2026-08-07T06:00:00Z,18.3,16.3,14.3,17.0,2.0,2.0
6-24ч,2026-08-06T11:44:08Z,2026-08-07T09:00:00Z,21.3,20.5,16.9,16.3,3.6,3.6
6-24ч,2026-08-07T01:31:32Z,2026-08-07T09:00:00Z,7.5,19.6,16.9,16.3,2.7,2.7
6-24ч,2026-08-07T01:31:32Z,2026-08-07T12:00:00Z,10.5,21.1,20.5,19.1,0.6,0.6
6-24ч,2026-08-07T01:31:32Z,2026-08-07T15:00:00Z,13.5,18.1,15.6,18.2,2.5,2.5
6-24ч,2026-08-07T01:31:32Z,2026-08-07T18:00:00Z,16.5,14.7,14.6,15.5,0.1,0.1
6-24ч,2026-08-07T01:31:32Z,2026-08-07T21:00:00Z,19.5,13.4,13.5,13.9,-0.1,0.1
6-24ч,2026-08-07T01:31:32Z,2026-08-08T00:00:00Z,22.5,13.3,12.5,13.6,0.8,0.8
6-24ч,2026-08-07T05:36:00Z,2026-08-07T12:00:00Z,6.4,21.1,20.5,19.1,0.6,0.6
6-24ч,2026-08-07T05:36:00Z,2026-08-07T15:00:00Z,9.4,18.1,15.6,18.2,2.5,2.5
6-24ч,2026-08-07T05:36:00Z,2026-08-07T18:00:00Z,12.4,14.7,14.6,15.5,0.1,0.1
6-24ч,2026-08-07T05:36:00Z,2026-08-07T21:00:00Z,15.4,13.4,13.5,13.9,-0.1,0.1
6-24ч,2026-08-07T05:36:00Z,2026-08-08T00:00:00Z,18.4,13.3,12.5,13.6,0.8,0.8
6-24ч,2026-08-07T05:36:00Z,2026-08-08T03:00:00Z,21.4,12.3,13.6,14.2,-1.3,1.3
6-24ч,2026-08-07T06:18:59Z,2026-08-07T15:00:00Z,8.7,18.1,15.6,18.2,2.5,2.5
6-24ч,2026-08-07T06:18:59Z,2026-08-07T18:00:00Z,11.7,14.7,14.6,15.5,0.1,0.1
6-24ч,2026-08-07T06:18:59Z,2026-08-07T21:00:00Z,14.7,13.4,13.5,13.9,-0.1,0.1
6-24ч,2026-08-07T06:18:59Z,2026-08-08T00:00:00Z,17.7,13.3,12.5,13.6,0.8,0.8
6-24ч,2026-08-07T06:18:59Z,2026-08-08T03:00:00Z,20.7,12.3,13.6,14.2,-1.3,1.3
6-24ч,2026-08-07T06:18:59Z,2026-08-08T06:00:00Z,23.7,13.5,15.4,14.3,-1.9,1.9
6-24ч,2026-08-07T07:13:52Z,2026-08-07T15:00:00Z,7.8,18.1,15.6,18.2,2.5,2.5
6-24ч,2026-08-07T07:13:52Z,2026-08-07T18:00:00Z,10.8,14.7,14.6,15.5,0.1,0.1
6-24ч,2026-08-07T07:13:52Z,2026-08-07T21:00:00Z,13.8,13.4,13.5,13.9,-0.1,0.1
6-24ч,2026-08-07T07:13:52Z,2026-08-08T00:00:00Z,16.8,13.3,12.5,13.6,0.8,0.8
6-24ч,2026-08-07T07:13:52Z,2026-08-08T03:00:00Z,19.8,12.3,13.6,14.2,-1.3,1.3
6-24ч,2026-08-07T07:13:52Z,2026-08-08T06:00:00Z,22.8,13.5,15.4,14.3,-1.9,1.9
6-24ч,2026-08-07T10:39:14Z,2026-08-07T18:00:00Z,7.3,15.6,14.6,15.5,1.0,1.0
6-24ч,2026-08-07T10:39:14Z,2026-08-07T21:00:00Z,10.3,13.9,13.5,13.9,0.4,0.4
6-24ч,2026-08-07T10:39:14Z,2026-08-08T00:00:00Z,13.3,13.7,12.5,13.6,1.2,1.2
6-24ч,2026-08-07T10:39:14Z,2026-08-08T03:00:00Z,16.3,13.5,13.6,14.2,-0.1,0.1
6-24ч,2026-08-07T10:39:14Z,2026-08-08T06:00:00Z,19.3,13.4,15.4,14.3,-2.0,2.0
6-24ч,2026-08-07T10:39:14Z,2026-08-08T09:00:00Z,22.3,15.6,15.0,16.9,0.6,0.6
6-24ч,2026-08-07T16:51:54Z,2026-08-08T00:00:00Z,7.1,12.2,12.5,13.6,-0.3,0.3
6-24ч,2026-08-07T16:51:54Z,2026-08-08T03:00:00Z,10.1,13.7,13.6,14.2,0.1,0.1
6-24ч,2026-08-07T16:51:54Z,2026-08-08T06:00:00Z,13.1,15.2,15.4,14.3,-0.2,0.2
6-24ч,2026-08-07T16:51:54Z,2026-08-08T09:00:00Z,16.1,14.5,15.0,16.9,-0.5,0.5
6-24ч,2026-08-07T16:51:54Z,2026-08-08T12:00:00Z,19.1,17.9,15.4,20.5,2.5,2.5
6-24ч,2026-08-07T16:51:54Z,2026-08-08T15:00:00Z,22.1,16.0,15.5,15.6,0.5,0.5
6-24ч,2026-08-07T22:45:57Z,2026-08-08T06:00:00Z,7.2,15.1,15.4,14.3,-0.3,0.3
6-24ч,2026-08-07T22:45:57Z,2026-08-08T09:00:00Z,10.2,16.5,15.0,16.9,1.5,1.5
6-24ч,2026-08-07T22:45:57Z,2026-08-08T12:00:00Z,13.2,17.7,15.4,20.5,2.3,2.3
6-24ч,2026-08-07T22:45:57Z,2026-08-08T15:00:00Z,16.2,16.3,15.5,15.6,0.8,0.8
6-24ч,2026-08-07T22:45:57Z,2026-08-08T18:00:00Z,19.2,14.1,14.4,14.6,-0.3,0.3
6-24ч,2026-08-07T22:45:57Z,2026-08-08T21:00:00Z,22.2,13.4,13.6,13.5,-0.2,0.2
6-24ч,2026-08-07T23:19:23Z,2026-08-08T06:00:00Z,6.7,15.1,15.4,14.3,-0.3,0.3
6-24ч,2026-08-07T23:19:23Z,2026-08-08T09:00:00Z,9.7,16.5,15.0,16.9,1.5,1.5
6-24ч,2026-08-07T23:19:23Z,2026-08-08T12:00:00Z,12.7,17.7,15.4,20.5,2.3,2.3
6-24ч,2026-08-07T23:19:23Z,2026-08-08T15:00:00Z,15.7,16.3,15.5,15.6,0.8,0.8
6-24ч,2026-08-07T23:19:23Z,2026-08-08T18:00:00Z,18.7,14.1,14.4,14.6,-0.3,0.3
6-24ч,2026-08-07T23:19:23Z,2026-08-08T21:00:00Z,21.7,13.4,13.6,13.5,-0.2,0.2
6-24ч,2026-08-08T04:50:53Z,2026-08-08T12:00:00Z,7.2,17.8,15.4,20.5,2.4,2.4
6-24ч,2026-08-08T04:50:53Z,2026-08-08T15:00:00Z,10.2,15.2,15.5,15.6,-0.3,0.3
6-24ч,2026-08-08T04:50:53Z,2026-08-08T18:00:00Z,13.2,13.4,14.4,14.6,-1.0,1.0
6-24ч,2026-08-08T04:50:53Z,2026-08-08T21:00:00Z,16.2,12.7,13.6,13.5,-0.9,0.9
6-24ч,2026-08-08T04:50:53Z,2026-08-09T00:00:00Z,19.2,11.8,13.1,12.5,-1.3,1.3
6-24ч,2026-08-08T04:50:53Z,2026-08-09T03:00:00Z,22.2,12.8,11.9,13.6,0.9,0.9
6-24ч,2026-08-08T10:18:13Z,2026-08-08T18:00:00Z,7.7,14.4,14.4,14.6,0.0,0.0
6-24ч,2026-08-08T10:18:13Z,2026-08-08T21:00:00Z,10.7,12.8,13.6,13.5,-0.8,0.8
6-24ч,2026-08-08T10:18:13Z,2026-08-09T00:00:00Z,13.7,12.5,13.1,12.5,-0.6,0.6
6-24ч,2026-08-08T10:18:13Z,2026-08-09T03:00:00Z,16.7,12.8,11.9,13.6,0.9,0.9
6-24ч,2026-08-08T10:18:13Z,2026-08-09T06:00:00Z,19.7,15.1,15.2,15.4,-0.1,0.1
6-24ч,2026-08-08T10:18:13Z,2026-08-09T09:00:00Z,22.7,14.8,16.5,15.0,-1.7,1.7
6-24ч,2026-08-08T22:37:20Z,2026-08-09T06:00:00Z,7.4,15.1,15.2,15.4,-0.1,0.1
6-24ч,2026-08-08T22:37:20Z,2026-08-09T09:00:00Z,10.4,16.8,16.5,15.0,0.3,0.3
6-24ч,2026-08-08T22:37:20Z,2026-08-09T12:00:00Z,13.4,16.3,16.7,15.4,-0.4,0.4
6-24ч,2026-08-08T22:37:20Z,2026-08-09T15:00:00Z,16.4,16.6,17.0,15.5,-0.4,0.4
6-24ч,2026-08-08T22:37:20Z,2026-08-09T18:00:00Z,19.4,13.6,13.7,14.4,-0.1,0.1
6-24ч,2026-08-08T22:37:20Z,2026-08-09T21:00:00Z,22.4,11.4,10.4,13.6,1.0,1.0
6-24ч,2026-08-09T04:59:03Z,2026-08-09T12:00:00Z,7.0,16.1,16.7,15.4,-0.6,0.6
6-24ч,2026-08-09T04:59:03Z,2026-08-09T15:00:00Z,10.0,16.3,17.0,15.5,-0.7,0.7
6-24ч,2026-08-09T04:59:03Z,2026-08-09T18:00:00Z,13.0,12.8,13.7,14.4,-0.9,0.9
6-24ч,2026-08-09T04:59:03Z,2026-08-09T21:00:00Z,16.0,11.1,10.4,13.6,0.7,0.7
6-24ч,2026-08-09T04:59:03Z,2026-08-10T00:00:00Z,19.0,10.7,10.8,13.1,-0.1,0.1
6-24ч,2026-08-09T04:59:03Z,2026-08-10T03:00:00Z,22.0,12.5,12.6,11.9,-0.1,0.1
6-24ч,2026-08-09T10:19:29Z,2026-08-09T18:00:00Z,7.7,13.1,13.7,14.4,-0.6,0.6
6-24ч,2026-08-09T10:19:29Z,2026-08-09T21:00:00Z,10.7,11.5,10.4,13.6,1.1,1.1
6-24ч,2026-08-09T10:19:29Z,2026-08-10T00:00:00Z,13.7,10.7,10.8,13.1,-0.1,0.1
6-24ч,2026-08-09T10:19:29Z,2026-08-10T03:00:00Z,16.7,12.6,12.6,11.9,0.0,0.0
6-24ч,2026-08-09T10:19:29Z,2026-08-10T06:00:00Z,19.7,16.6,16.9,15.2,-0.3,0.3
6-24ч,2026-08-09T10:19:29Z,2026-08-10T09:00:00Z,22.7,20.5,20.6,16.5,-0.1,0.1
6-24ч,2026-08-09T12:41:38Z,2026-08-09T21:00:00Z,8.3,11.5,10.4,13.6,1.1,1.1
6-24ч,2026-08-09T12:41:38Z,2026-08-10T00:00:00Z,11.3,10.7,10.8,13.1,-0.1,0.1
6-24ч,2026-08-09T12:41:38Z,2026-08-10T03:00:00Z,14.3,12.6,12.6,11.9,0.0,0.0
6-24ч,2026-08-09T12:41:38Z,2026-08-10T06:00:00Z,17.3,16.6,16.9,15.2,-0.3,0.3
6-24ч,2026-08-09T12:41:38Z,2026-08-10T09:00:00Z,20.3,20.5,20.6,16.5,-0.1,0.1
6-24ч,2026-08-09T12:41:38Z,2026-08-10T12:00:00Z,23.3,22.0,22.3,16.7,-0.3,0.3
6-24ч,2026-08-09T12:45:53Z,2026-08-09T21:00:00Z,8.2,11.5,10.4,13.6,1.1,1.1
6-24ч,2026-08-09T12:45:53Z,2026-08-10T00:00:00Z,11.2,10.7,10.8,13.1,-0.1,0.1
6-24ч,2026-08-09T12:45:53Z,2026-08-10T03:00:00Z,14.2,12.6,12.6,11.9,0.0,0.0
6-24ч,2026-08-09T12:45:53Z,2026-08-10T06:00:00Z,17.2,16.6,16.9,15.2,-0.3,0.3
6-24ч,2026-08-09T12:45:53Z,2026-08-10T09:00:00Z,20.2,20.5,20.6,16.5,-0.1,0.1
6-24ч,2026-08-09T12:45:53Z,2026-08-10T12:00:00Z,23.2,22.0,22.3,16.7,-0.3,0.3
6-24ч,2026-08-09T12:48:15Z,2026-08-09T21:00:00Z,8.2,11.5,10.4,13.6,1.1,1.1
6-24ч,2026-08-09T12:48:15Z,2026-08-10T00:00:00Z,11.2,10.7,10.8,13.1,-0.1,0.1
6-24ч,2026-08-09T12:48:15Z,2026-08-10T03:00:00Z,14.2,12.6,12.6,11.9,0.0,0.0
6-24ч,2026-08-09T12:48:15Z,2026-08-10T06:00:00Z,17.2,16.6,16.9,15.2,-0.3,0.3
6-24ч,2026-08-09T12:48:15Z,2026-08-10T09:00:00Z,20.2,20.5,20.6,16.5,-0.1,0.1
6-24ч,2026-08-09T12:48:15Z,2026-08-10T12:00:00Z,23.2,22.0,22.3,16.7,-0.3,0.3
6-24ч,2026-08-09T16:31:44Z,2026-08-10T00:00:00Z,7.5,10.9,10.8,13.1,0.1,0.1
6-24ч,2026-08-09T16:31:44Z,2026-08-10T03:00:00Z,10.5,12.8,12.6,11.9,0.2,0.2
6-24ч,2026-08-09T16:31:44Z,2026-08-10T06:00:00Z,13.5,15.5,16.9,15.2,-1.4,1.4
6-24ч,2026-08-09T16:31:44Z,2026-08-10T09:00:00Z,16.5,20.5,20.6,16.5,-0.1,0.1
6-24ч,2026-08-09T16:31:44Z,2026-08-10T12:00:00Z,19.5,21.9,22.3,16.7,-0.4,0.4
6-24ч,2026-08-09T16:31:44Z,2026-08-10T15:00:00Z,22.5,20.9,21.8,17.0,-0.9,0.9
6-24ч,2026-08-09T22:39:09Z,2026-08-10T06:00:00Z,7.3,15.9,16.9,15.2,-1.0,1.0
6-24ч,2026-08-09T22:39:09Z,2026-08-10T09:00:00Z,10.3,20.3,20.6,16.5,-0.3,0.3
6-24ч,2026-08-09T22:39:09Z,2026-08-10T12:00:00Z,13.3,22.0,22.3,16.7,-0.3,0.3
6-24ч,2026-08-09T22:39:09Z,2026-08-10T15:00:00Z,16.3,21.1,21.8,17.0,-0.7,0.7
6-24ч,2026-08-09T22:39:09Z,2026-08-10T18:00:00Z,19.3,17.7,18.4,13.7,-0.7,0.7
6-24ч,2026-08-09T22:39:09Z,2026-08-10T21:00:00Z,22.3,15.4,15.0,10.4,0.4,0.4
6-24ч,2026-08-10T05:20:42Z,2026-08-10T12:00:00Z,6.7,21.9,22.3,16.7,-0.4,0.4
6-24ч,2026-08-10T05:20:42Z,2026-08-10T15:00:00Z,9.7,21.2,21.8,17.0,-0.6,0.6
6-24ч,2026-08-10T05:20:42Z,2026-08-10T18:00:00Z,12.7,17.4,18.4,13.7,-1.0,1.0
6-24ч,2026-08-10T05:20:42Z,2026-08-10T21:00:00Z,15.7,15.3,15.0,10.4,0.3,0.3
6-24ч,2026-08-10T05:20:42Z,2026-08-11T00:00:00Z,18.7,14.4,15.3,10.8,-0.9,0.9
6-24ч,2026-08-10T05:20:42Z,2026-08-11T03:00:00Z,21.7,15.2,15.0,12.6,0.2,0.2
6-24ч,2026-08-10T10:53:28Z,2026-08-10T18:00:00Z,7.1,17.2,18.4,13.7,-1.2,1.2
6-24ч,2026-08-10T10:53:28Z,2026-08-10T21:00:00Z,10.1,15.2,15.0,10.4,0.2,0.2
6-24ч,2026-08-10T10:53:28Z,2026-08-11T00:00:00Z,13.1,14.4,15.3,10.8,-0.9,0.9
6-24ч,2026-08-10T10:53:28Z,2026-08-11T03:00:00Z,16.1,15.1,15.0,12.6,0.1,0.1
6-24ч,2026-08-10T10:53:28Z,2026-08-11T06:00:00Z,19.1,18.6,19.4,16.9,-0.8,0.8
6-24ч,2026-08-10T10:53:28Z,2026-08-11T09:00:00Z,22.1,21.6,23.5,20.6,-1.9,1.9
6-24ч,2026-08-10T16:52:05Z,2026-08-11T00:00:00Z,7.1,14.6,15.3,10.8,-0.7,0.7
6-24ч,2026-08-10T16:52:05Z,2026-08-11T03:00:00Z,10.1,15.3,15.0,12.6,0.3,0.3
6-24ч,2026-08-10T16:52:05Z,2026-08-11T06:00:00Z,13.1,18.8,19.4,16.9,-0.6,0.6
6-24ч,2026-08-10T16:52:05Z,2026-08-11T09:00:00Z,16.1,21.9,23.5,20.6,-1.6,1.6
6-24ч,2026-08-10T16:52:05Z,2026-08-11T12:00:00Z,19.1,22.0,24.1,22.3,-2.1,2.1
6-24ч,2026-08-10T16:52:05Z,2026-08-11T15:00:00Z,22.1,20.7,19.2,21.8,1.5,1.5
6-24ч,2026-08-10T22:47:13Z,2026-08-11T06:00:00Z,7.2,18.8,19.4,16.9,-0.6,0.6
6-24ч,2026-08-10T22:47:13Z,2026-08-11T09:00:00Z,10.2,21.9,23.5,20.6,-1.6,1.6
6-24ч,2026-08-10T22:47:13Z,2026-08-11T12:00:00Z,13.2,22.0,24.1,22.3,-2.1,2.1
6-24ч,2026-08-10T22:47:13Z,2026-08-11T15:00:00Z,16.2,20.7,19.2,21.8,1.5,1.5
6-24ч,2026-08-10T22:47:13Z,2026-08-11T18:00:00Z,19.2,17.9,16.8,18.4,1.1,1.1
6-24ч,2026-08-10T22:47:13Z,2026-08-11T21:00:00Z,22.2,16.3,16.3,15.0,0.0,0.0
6-24ч,2026-08-11T05:01:49Z,2026-08-11T12:00:00Z,7.0,22.2,24.1,22.3,-1.9,1.9
6-24ч,2026-08-11T05:01:49Z,2026-08-11T15:00:00Z,10.0,19.1,19.2,21.8,-0.1,0.1
6-24ч,2026-08-11T05:01:49Z,2026-08-11T18:00:00Z,13.0,17.5,16.8,18.4,0.7,0.7
6-24ч,2026-08-11T05:01:49Z,2026-08-11T21:00:00Z,16.0,15.8,16.3,15.0,-0.5,0.5
6-24ч,2026-08-11T05:01:49Z,2026-08-12T00:00:00Z,19.0,15.2,15.2,15.3,0.0,0.0
6-24ч,2026-08-11T05:01:49Z,2026-08-12T03:00:00Z,22.0,14.8,14.5,15.0,0.3,0.3
6-24ч,2026-08-11T10:38:45Z,2026-08-11T18:00:00Z,7.4,16.2,16.8,18.4,-0.6,0.6
6-24ч,2026-08-11T10:38:45Z,2026-08-11T21:00:00Z,10.4,15.5,16.3,15.0,-0.8,0.8
6-24ч,2026-08-11T10:38:45Z,2026-08-12T00:00:00Z,13.4,15.0,15.2,15.3,-0.2,0.2
6-24ч,2026-08-11T10:38:45Z,2026-08-12T03:00:00Z,16.4,14.8,14.5,15.0,0.3,0.3
6-24ч,2026-08-11T10:38:45Z,2026-08-12T06:00:00Z,19.4,14.9,14.7,19.4,0.2,0.2
6-24ч,2026-08-11T10:38:45Z,2026-08-12T09:00:00Z,22.4,13.6,15.2,23.5,-1.6,1.6
6-24ч,2026-08-12T06:05:22Z,2026-08-12T15:00:00Z,8.9,12.3,10.7,19.2,1.6,1.6
6-24ч,2026-08-12T06:05:22Z,2026-08-12T18:00:00Z,11.9,10.5,9.3,16.8,1.2,1.2
6-24ч,2026-08-12T06:05:22Z,2026-08-12T21:00:00Z,14.9,9.5,8.4,16.3,1.1,1.1
6-24ч,2026-08-12T06:05:22Z,2026-08-13T00:00:00Z,17.9,9.1,8.4,15.2,0.7,0.7
6-24ч,2026-08-12T06:05:22Z,2026-08-13T03:00:00Z,20.9,8.8,8.4,14.5,0.4,0.4
6-24ч,2026-08-12T06:05:22Z,2026-08-13T06:00:00Z,23.9,9.2,8.2,14.7,1.0,1.0
6-24ч,2026-08-12T10:47:03Z,2026-08-12T18:00:00Z,7.2,10.8,9.3,16.8,1.5,1.5
6-24ч,2026-08-12T10:47:03Z,2026-08-12T21:00:00Z,10.2,10.2,8.4,16.3,1.8,1.8
6-24ч,2026-08-12T10:47:03Z,2026-08-13T00:00:00Z,13.2,9.1,8.4,15.2,0.7,0.7
6-24ч,2026-08-12T10:47:03Z,2026-08-13T03:00:00Z,16.2,8.8,8.4,14.5,0.4,0.4
6-24ч,2026-08-12T10:47:03Z,2026-08-13T06:00:00Z,19.2,8.5,8.2,14.7,0.3,0.3
6-24ч,2026-08-12T10:47:03Z,2026-08-13T09:00:00Z,22.2,8.3,8.3,15.2,0.0,0.0
6-24ч,2026-08-12T16:54:57Z,2026-08-13T00:00:00Z,7.1,9.3,8.4,15.2,0.9,0.9
6-24ч,2026-08-12T16:54:57Z,2026-08-13T03:00:00Z,10.1,8.4,8.4,14.5,0.0,0.0
6-24ч,2026-08-12T16:54:57Z,2026-08-13T06:00:00Z,13.1,8.4,8.2,14.7,0.2,0.2
6-24ч,2026-08-12T16:54:57Z,2026-08-13T09:00:00Z,16.1,8.0,8.3,15.2,-0.3,0.3
6-24ч,2026-08-12T16:54:57Z,2026-08-13T12:00:00Z,19.1,7.8,7.7,11.9,0.1,0.1
6-24ч,2026-08-12T16:54:57Z,2026-08-13T15:00:00Z,22.1,7.6,7.3,10.7,0.3,0.3
6-24ч,2026-08-12T22:50:47Z,2026-08-13T06:00:00Z,7.2,8.0,8.2,14.7,-0.2,0.2
6-24ч,2026-08-12T22:50:47Z,2026-08-13T09:00:00Z,10.2,7.8,8.3,15.2,-0.5,0.5
6-24ч,2026-08-12T22:50:47Z,2026-08-13T12:00:00Z,13.2,7.7,7.7,11.9,0.0,0.0
6-24ч,2026-08-12T22:50:47Z,2026-08-13T15:00:00Z,16.2,7.5,7.3,10.7,0.2,0.2
6-24ч,2026-08-12T22:50:47Z,2026-08-13T18:00:00Z,19.2,7.6,6.9,9.3,0.7,0.7
6-24ч,2026-08-12T22:50:47Z,2026-08-13T21:00:00Z,22.2,7.4,7.1,8.4,0.3,0.3
6-24ч,2026-08-13T05:30:08Z,2026-08-13T12:00:00Z,6.5,7.8,7.7,11.9,0.1,0.1
6-24ч,2026-08-13T05:30:08Z,2026-08-13T15:00:00Z,9.5,7.6,7.3,10.7,0.3,0.3
6-24ч,2026-08-13T05:30:08Z,2026-08-13T18:00:00Z,12.5,7.6,6.9,9.3,0.7,0.7
6-24ч,2026-08-13T05:30:08Z,2026-08-13T21:00:00Z,15.5,7.5,7.1,8.4,0.4,0.4
6-24ч,2026-08-13T05:30:08Z,2026-08-14T00:00:00Z,18.5,7.7,7.3,8.4,0.4,0.4
6-24ч,2026-08-13T05:30:08Z,2026-08-14T03:00:00Z,21.5,7.8,7.4,8.4,0.4,0.4
6-24ч,2026-08-13T10:49:01Z,2026-08-13T18:00:00Z,7.2,7.6,6.9,9.3,0.7,0.7
6-24ч,2026-08-13T10:49:01Z,2026-08-13T21:00:00Z,10.2,7.4,7.1,8.4,0.3,0.3
6-24ч,2026-08-13T10:49:01Z,2026-08-14T00:00:00Z,13.2,7.6,7.3,8.4,0.3,0.3
6-24ч,2026-08-13T10:49:01Z,2026-08-14T03:00:00Z,16.2,7.9,7.4,8.4,0.5,0.5
6-24ч,2026-08-13T10:49:01Z,2026-08-14T06:00:00Z,19.2,8.4,8.3,8.2,0.1,0.1
6-24ч,2026-08-13T10:49:01Z,2026-08-14T09:00:00Z,22.2,8.8,9.1,8.3,-0.3,0.3
6-24ч,2026-08-13T16:36:10Z,2026-08-14T00:00:00Z,7.4,7.6,7.3,8.4,0.3,0.3
6-24ч,2026-08-13T16:36:10Z,2026-08-14T03:00:00Z,10.4,7.9,7.4,8.4,0.5,0.5
6-24ч,2026-08-13T16:36:10Z,2026-08-14T06:00:00Z,13.4,8.3,8.3,8.2,0.0,0.0
6-24ч,2026-08-13T16:36:10Z,2026-08-14T09:00:00Z,16.4,9.2,9.1,8.3,0.1,0.1
6-24ч,2026-08-13T16:36:10Z,2026-08-14T12:00:00Z,19.4,10.7,10.0,7.7,0.7,0.7
6-24ч,2026-08-13T16:36:10Z,2026-08-14T15:00:00Z,22.4,11.3,10.6,7.3,0.7,0.7
6-24ч,2026-08-13T16:42:24Z,2026-08-14T00:00:00Z,7.3,7.6,7.3,8.4,0.3,0.3
6-24ч,2026-08-13T16:42:24Z,2026-08-14T03:00:00Z,10.3,7.9,7.4,8.4,0.5,0.5
6-24ч,2026-08-13T16:42:24Z,2026-08-14T06:00:00Z,13.3,8.3,8.3,8.2,0.0,0.0
6-24ч,2026-08-13T16:42:24Z,2026-08-14T09:00:00Z,16.3,9.2,9.1,8.3,0.1,0.1
6-24ч,2026-08-13T16:42:24Z,2026-08-14T12:00:00Z,19.3,10.7,10.0,7.7,0.7,0.7
6-24ч,2026-08-13T16:42:24Z,2026-08-14T15:00:00Z,22.3,11.3,10.6,7.3,0.7,0.7
6-24ч,2026-08-13T16:54:22Z,2026-08-14T00:00:00Z,7.1,7.6,7.3,8.4,0.3,0.3
6-24ч,2026-08-13T16:54:22Z,2026-08-14T03:00:00Z,10.1,7.9,7.4,8.4,0.5,0.5
6-24ч,2026-08-13T16:54:22Z,2026-08-14T06:00:00Z,13.1,8.3,8.3,8.2,0.0,0.0
6-24ч,2026-08-13T16:54:22Z,2026-08-14T09:00:00Z,16.1,9.2,9.1,8.3,0.1,0.1
6-24ч,2026-08-13T16:54:22Z,2026-08-14T12:00:00Z,19.1,10.7,10.0,7.7,0.7,0.7
6-24ч,2026-08-13T16:54:22Z,2026-08-14T15:00:00Z,22.1,11.3,10.6,7.3,0.7,0.7
6-24ч,2026-08-13T22:52:17Z,2026-08-14T06:00:00Z,7.1,8.5,8.3,8.2,0.2,0.2
6-24ч,2026-08-13T22:52:17Z,2026-08-14T09:00:00Z,10.1,9.0,9.1,8.3,-0.1,0.1
6-24ч,2026-08-13T22:52:17Z,2026-08-14T12:00:00Z,13.1,10.6,10.0,7.7,0.6,0.6
6-24ч,2026-08-13T22:52:17Z,2026-08-14T15:00:00Z,16.1,12.0,10.6,7.3,1.4,1.4
6-24ч,2026-08-13T22:52:17Z,2026-08-14T18:00:00Z,19.1,8.8,8.7,6.9,0.1,0.1
6-24ч,2026-08-13T22:52:17Z,2026-08-14T21:00:00Z,22.1,6.9,8.0,7.1,-1.1,1.1
6-24ч,2026-08-14T05:28:14Z,2026-08-14T12:00:00Z,6.5,10.9,10.0,7.7,0.9,0.9
6-24ч,2026-08-14T05:28:14Z,2026-08-14T15:00:00Z,9.5,11.3,10.6,7.3,0.7,0.7
6-24ч,2026-08-14T05:28:14Z,2026-08-14T18:00:00Z,12.5,9.2,8.7,6.9,0.5,0.5
6-24ч,2026-08-14T05:28:14Z,2026-08-14T21:00:00Z,15.5,7.4,8.0,7.1,-0.6,0.6
6-24ч,2026-08-14T05:28:14Z,2026-08-15T00:00:00Z,18.5,7.8,6.3,7.3,1.5,1.5
6-24ч,2026-08-14T05:28:14Z,2026-08-15T03:00:00Z,21.5,8.2,7.6,7.4,0.6,0.6
6-24ч,2026-08-14T10:44:54Z,2026-08-14T18:00:00Z,7.3,9.7,8.7,6.9,1.0,1.0
6-24ч,2026-08-14T10:44:54Z,2026-08-14T21:00:00Z,10.3,8.5,8.0,7.1,0.5,0.5
6-24ч,2026-08-14T10:44:54Z,2026-08-15T00:00:00Z,13.3,8.5,6.3,7.3,2.2,2.2
6-24ч,2026-08-14T10:44:54Z,2026-08-15T03:00:00Z,16.3,8.5,7.6,7.4,0.9,0.9
6-24ч,2026-08-14T10:44:54Z,2026-08-15T06:00:00Z,19.3,9.7,8.6,8.3,1.1,1.1
6-24ч,2026-08-14T10:44:54Z,2026-08-15T09:00:00Z,22.3,12.6,10.9,9.1,1.7,1.7
6-24ч,2026-08-14T16:48:33Z,2026-08-15T00:00:00Z,7.2,8.2,6.3,7.3,1.9,1.9
6-24ч,2026-08-14T16:48:33Z,2026-08-15T03:00:00Z,10.2,8.5,7.6,7.4,0.9,0.9
6-24ч,2026-08-14T16:48:33Z,2026-08-15T06:00:00Z,13.2,9.8,8.6,8.3,1.2,1.2
6-24ч,2026-08-14T16:48:33Z,2026-08-15T09:00:00Z,16.2,13.5,10.9,9.1,2.6,2.6
6-24ч,2026-08-14T16:48:33Z,2026-08-15T12:00:00Z,19.2,14.5,13.4,10.0,1.1,1.1
6-24ч,2026-08-14T16:48:33Z,2026-08-15T15:00:00Z,22.2,13.9,13.0,10.6,0.9,0.9
6-24ч,2026-08-14T22:30:55Z,2026-08-15T06:00:00Z,7.5,10.3,8.6,8.3,1.7,1.7
6-24ч,2026-08-14T22:30:55Z,2026-08-15T09:00:00Z,10.5,12.9,10.9,9.1,2.0,2.0
6-24ч,2026-08-14T22:30:55Z,2026-08-15T12:00:00Z,13.5,14.3,13.4,10.0,0.9,0.9
6-24ч,2026-08-14T22:30:55Z,2026-08-15T15:00:00Z,16.5,13.9,13.0,10.6,0.9,0.9
6-24ч,2026-08-14T22:30:55Z,2026-08-15T18:00:00Z,19.5,11.6,12.2,8.7,-0.6,0.6
6-24ч,2026-08-14T22:30:55Z,2026-08-15T21:00:00Z,22.5,10.3,11.3,8.0,-1.0,1.0
6-24ч,2026-08-15T04:24:15Z,2026-08-15T12:00:00Z,7.6,13.9,13.4,10.0,0.5,0.5
6-24ч,2026-08-15T04:24:15Z,2026-08-15T15:00:00Z,10.6,13.6,13.0,10.6,0.6,0.6
6-24ч,2026-08-15T04:24:15Z,2026-08-15T18:00:00Z,13.6,11.7,12.2,8.7,-0.5,0.5
6-24ч,2026-08-15T04:24:15Z,2026-08-15T21:00:00Z,16.6,10.1,11.3,8.0,-1.2,1.2
6-24ч,2026-08-15T04:24:15Z,2026-08-16T00:00:00Z,19.6,10.0,10.8,6.3,-0.8,0.8
6-24ч,2026-08-15T04:24:15Z,2026-08-16T03:00:00Z,22.6,10.3,10.1,7.6,0.2,0.2
6-24ч,2026-08-15T10:09:15Z,2026-08-15T18:00:00Z,7.8,11.8,12.2,8.7,-0.4,0.4
6-24ч,2026-08-15T10:09:15Z,2026-08-15T21:00:00Z,10.8,9.8,11.3,8.0,-1.5,1.5
6-24ч,2026-08-15T10:09:15Z,2026-08-16T00:00:00Z,13.8,9.2,10.8,6.3,-1.6,1.6
6-24ч,2026-08-15T10:09:15Z,2026-08-16T03:00:00Z,16.8,10.1,10.1,7.6,0.0,0.0
6-24ч,2026-08-15T10:09:15Z,2026-08-16T06:00:00Z,19.8,11.6,12.3,8.6,-0.7,0.7
6-24ч,2026-08-15T10:09:15Z,2026-08-16T09:00:00Z,22.8,12.5,14.3,10.9,-1.8,1.8
6-24ч,2026-08-15T16:20:39Z,2026-08-16T00:00:00Z,7.7,9.4,10.8,6.3,-1.4,1.4
6-24ч,2026-08-15T16:20:39Z,2026-08-16T03:00:00Z,10.7,9.9,10.1,7.6,-0.2,0.2
6-24ч,2026-08-15T16:20:39Z,2026-08-16T06:00:00Z,13.7,11.4,12.3,8.6,-0.9,0.9
6-24ч,2026-08-15T16:20:39Z,2026-08-16T09:00:00Z,16.7,13.2,14.3,10.9,-1.1,1.1
6-24ч,2026-08-15T16:20:39Z,2026-08-16T12:00:00Z,19.7,14.8,16.0,13.4,-1.2,1.2
6-24ч,2026-08-15T16:20:39Z,2026-08-16T15:00:00Z,22.7,14.6,16.2,13.0,-1.6,1.6
6-24ч,2026-08-15T22:29:33Z,2026-08-16T06:00:00Z,7.5,12.5,12.3,8.6,0.2,0.2
6-24ч,2026-08-15T22:29:33Z,2026-08-16T09:00:00Z,10.5,13.3,14.3,10.9,-1.0,1.0
6-24ч,2026-08-15T22:29:33Z,2026-08-16T12:00:00Z,13.5,14.4,16.0,13.4,-1.6,1.6
6-24ч,2026-08-15T22:29:33Z,2026-08-16T15:00:00Z,16.5,15.0,16.2,13.0,-1.2,1.2
6-24ч,2026-08-15T22:29:33Z,2026-08-16T18:00:00Z,19.5,13.1,11.2,12.2,1.9,1.9
6-24ч,2026-08-15T22:29:33Z,2026-08-16T21:00:00Z,22.5,11.9,9.4,11.3,2.5,2.5
6-24ч,2026-08-16T04:29:41Z,2026-08-16T12:00:00Z,7.5,15.0,16.0,13.4,-1.0,1.0
6-24ч,2026-08-16T04:29:41Z,2026-08-16T15:00:00Z,10.5,14.8,16.2,13.0,-1.4,1.4
6-24ч,2026-08-16T04:29:41Z,2026-08-16T18:00:00Z,13.5,13.0,11.2,12.2,1.8,1.8
6-24ч,2026-08-16T04:29:41Z,2026-08-16T21:00:00Z,16.5,12.0,9.4,11.3,2.6,2.6
6-24ч,2026-08-16T04:29:41Z,2026-08-17T00:00:00Z,19.5,10.9,9.3,10.8,1.6,1.6
6-24ч,2026-08-16T04:29:41Z,2026-08-17T03:00:00Z,22.5,10.8,9.1,10.1,1.7,1.7
6-24ч,2026-08-16T07:21:44Z,2026-08-16T15:00:00Z,7.6,15.3,16.2,13.0,-0.9,0.9
6-24ч,2026-08-16T07:21:44Z,2026-08-16T18:00:00Z,10.6,13.1,11.2,12.2,1.9,1.9
6-24ч,2026-08-16T07:21:44Z,2026-08-16T21:00:00Z,13.6,11.6,9.4,11.3,2.2,2.2
6-24ч,2026-08-16T07:21:44Z,2026-08-17T00:00:00Z,16.6,9.4,9.3,10.8,0.1,0.1
6-24ч,2026-08-16T07:21:44Z,2026-08-17T03:00:00Z,19.6,10.3,9.1,10.1,1.2,1.2
6-24ч,2026-08-16T07:21:44Z,2026-08-17T06:00:00Z,22.6,14.9,15.0,12.3,-0.1,0.1
6-24ч,2026-08-16T10:09:47Z,2026-08-16T18:00:00Z,7.8,13.1,11.2,12.2,1.9,1.9
6-24ч,2026-08-16T10:09:47Z,2026-08-16T21:00:00Z,10.8,11.6,9.4,11.3,2.2,2.2
6-24ч,2026-08-16T10:09:47Z,2026-08-17T00:00:00Z,13.8,9.4,9.3,10.8,0.1,0.1
6-24ч,2026-08-16T10:09:47Z,2026-08-17T03:00:00Z,16.8,10.3,9.1,10.1,1.2,1.2
6-24ч,2026-08-16T10:09:47Z,2026-08-17T06:00:00Z,19.8,14.9,15.0,12.3,-0.1,0.1
6-24ч,2026-08-16T10:09:47Z,2026-08-17T09:00:00Z,22.8,18.4,17.9,14.3,0.5,0.5
6-24ч,2026-08-16T16:21:00Z,2026-08-17T00:00:00Z,7.7,8.8,9.3,10.8,-0.5,0.5
6-24ч,2026-08-16T16:21:00Z,2026-08-17T03:00:00Z,10.7,9.7,9.1,10.1,0.6,0.6
6-24ч,2026-08-16T16:21:00Z,2026-08-17T06:00:00Z,13.7,14.4,15.0,12.3,-0.6,0.6
6-24ч,2026-08-16T16:21:00Z,2026-08-17T09:00:00Z,16.6,17.9,17.9,14.3,0.0,0.0
6-24ч,2026-08-16T16:21:00Z,2026-08-17T12:00:00Z,19.6,19.2,19.5,16.0,-0.3,0.3
6-24ч,2026-08-16T16:21:00Z,2026-08-17T15:00:00Z,22.6,18.7,19.1,16.2,-0.4,0.4
6-24ч,2026-08-16T22:29:34Z,2026-08-17T06:00:00Z,7.5,14.4,15.0,12.3,-0.6,0.6
6-24ч,2026-08-16T22:29:34Z,2026-08-17T09:00:00Z,10.5,17.9,17.9,14.3,0.0,0.0
6-24ч,2026-08-16T22:29:34Z,2026-08-17T12:00:00Z,13.5,19.2,19.5,16.0,-0.3,0.3
6-24ч,2026-08-16T22:29:34Z,2026-08-17T15:00:00Z,16.5,18.7,19.1,16.2,-0.4,0.4
6-24ч,2026-08-16T22:29:34Z,2026-08-17T18:00:00Z,19.5,13.6,14.5,11.2,-0.9,0.9
6-24ч,2026-08-16T22:29:34Z,2026-08-17T21:00:00Z,22.5,12.7,13.0,9.4,-0.3,0.3
6-24ч,2026-08-17T04:35:30Z,2026-08-17T12:00:00Z,7.4,19.1,19.5,16.0,-0.4,0.4
6-24ч,2026-08-17T04:35:30Z,2026-08-17T15:00:00Z,10.4,18.3,19.1,16.2,-0.8,0.8
6-24ч,2026-08-17T04:35:30Z,2026-08-17T18:00:00Z,13.4,13.4,14.5,11.2,-1.1,1.1
6-24ч,2026-08-17T04:35:30Z,2026-08-17T21:00:00Z,16.4,11.6,13.0,9.4,-1.4,1.4
6-24ч,2026-08-17T04:35:30Z,2026-08-18T00:00:00Z,19.4,10.7,13.0,9.3,-2.3,2.3
6-24ч,2026-08-17T04:35:30Z,2026-08-18T03:00:00Z,22.4,11.7,12.6,9.1,-0.9,0.9
6-24ч,2026-08-17T10:18:11Z,2026-08-17T18:00:00Z,7.7,14.5,14.5,11.2,0.0,0.0
6-24ч,2026-08-17T10:18:11Z,2026-08-17T21:00:00Z,10.7,11.7,13.0,9.4,-1.3,1.3
6-24ч,2026-08-17T10:18:11Z,2026-08-18T00:00:00Z,13.7,10.4,13.0,9.3,-2.6,2.6
6-24ч,2026-08-17T10:18:11Z,2026-08-18T03:00:00Z,16.7,11.4,12.6,9.1,-1.2,1.2
6-24ч,2026-08-17T10:18:11Z,2026-08-18T06:00:00Z,19.7,16.0,15.4,15.0,0.6,0.6
6-24ч,2026-08-17T10:18:11Z,2026-08-18T09:00:00Z,22.7,19.2,18.7,17.9,0.5,0.5
6-24ч,2026-08-17T16:23:45Z,2026-08-18T00:00:00Z,7.6,11.3,13.0,9.3,-1.7,1.7
6-24ч,2026-08-17T16:23:45Z,2026-08-18T03:00:00Z,10.6,12.0,12.6,9.1,-0.6,0.6
6-24ч,2026-08-17T16:23:45Z,2026-08-18T06:00:00Z,13.6,14.9,15.4,15.0,-0.5,0.5
6-24ч,2026-08-17T16:23:45Z,2026-08-18T09:00:00Z,16.6,18.4,18.7,17.9,-0.3,0.3
6-24ч,2026-08-17T16:23:45Z,2026-08-18T12:00:00Z,19.6,19.0,18.5,19.5,0.5,0.5
6-24ч,2026-08-17T16:23:45Z,2026-08-18T15:00:00Z,22.6,18.5,18.8,19.1,-0.3,0.3
6-24ч,2026-08-17T22:31:28Z,2026-08-18T06:00:00Z,7.5,16.2,15.4,15.0,0.8,0.8
6-24ч,2026-08-17T22:31:28Z,2026-08-18T09:00:00Z,10.5,19.3,18.7,17.9,0.6,0.6
6-24ч,2026-08-17T22:31:28Z,2026-08-18T12:00:00Z,13.5,19.9,18.5,19.5,1.4,1.4
6-24ч,2026-08-17T22:31:28Z,2026-08-18T15:00:00Z,16.5,19.0,18.8,19.1,0.2,0.2
6-24ч,2026-08-17T22:31:28Z,2026-08-18T18:00:00Z,19.5,14.1,14.0,14.5,0.1,0.1
6-24ч,2026-08-17T22:31:28Z,2026-08-18T21:00:00Z,22.5,12.9,12.0,13.0,0.9,0.9
6-24ч,2026-08-18T04:30:05Z,2026-08-18T12:00:00Z,7.5,19.4,18.5,19.5,0.9,0.9
6-24ч,2026-08-18T04:30:05Z,2026-08-18T15:00:00Z,10.5,18.8,18.8,19.1,0.0,0.0
6-24ч,2026-08-18T04:30:05Z,2026-08-18T18:00:00Z,13.5,14.1,14.0,14.5,0.1,0.1
6-24ч,2026-08-18T04:30:05Z,2026-08-18T21:00:00Z,16.5,13.0,12.0,13.0,1.0,1.0
6-24ч,2026-08-18T04:30:05Z,2026-08-19T00:00:00Z,19.5,12.1,12.5,13.0,-0.4,0.4
6-24ч,2026-08-18T04:30:05Z,2026-08-19T03:00:00Z,22.5,12.2,13.3,12.6,-1.1,1.1
6-24ч,2026-08-18T10:14:55Z,2026-08-18T18:00:00Z,7.8,14.5,14.0,14.5,0.5,0.5
6-24ч,2026-08-18T10:14:55Z,2026-08-18T21:00:00Z,10.8,13.0,12.0,13.0,1.0,1.0
6-24ч,2026-08-18T10:14:55Z,2026-08-19T00:00:00Z,13.8,11.8,12.5,13.0,-0.7,0.7
6-24ч,2026-08-18T10:14:55Z,2026-08-19T03:00:00Z,16.8,12.0,13.3,12.6,-1.3,1.3
6-24ч,2026-08-18T10:14:55Z,2026-08-19T06:00:00Z,19.8,15.6,14.3,15.4,1.3,1.3
6-24ч,2026-08-18T10:14:55Z,2026-08-19T09:00:00Z,22.8,18.5,17.4,18.7,1.1,1.1
6-24ч,2026-08-18T16:27:50Z,2026-08-19T00:00:00Z,7.5,11.5,12.5,13.0,-1.0,1.0
6-24ч,2026-08-18T16:27:50Z,2026-08-19T03:00:00Z,10.5,11.9,13.3,12.6,-1.4,1.4
6-24ч,2026-08-18T16:27:50Z,2026-08-19T06:00:00Z,13.5,14.8,14.3,15.4,0.5,0.5
6-24ч,2026-08-18T16:27:50Z,2026-08-19T09:00:00Z,16.5,17.0,17.4,18.7,-0.4,0.4
6-24ч,2026-08-18T16:27:50Z,2026-08-19T12:00:00Z,19.5,18.3,19.6,18.5,-1.3,1.3
6-24ч,2026-08-18T16:27:50Z,2026-08-19T15:00:00Z,22.5,17.2,17.6,18.8,-0.4,0.4
6-24ч,2026-08-18T22:31:39Z,2026-08-19T06:00:00Z,7.5,15.4,14.3,15.4,1.1,1.1
6-24ч,2026-08-18T22:31:39Z,2026-08-19T09:00:00Z,10.5,17.8,17.4,18.7,0.4,0.4
6-24ч,2026-08-18T22:31:39Z,2026-08-19T12:00:00Z,13.5,19.0,19.6,18.5,-0.6,0.6
6-24ч,2026-08-18T22:31:39Z,2026-08-19T15:00:00Z,16.5,17.2,17.6,18.8,-0.4,0.4
6-24ч,2026-08-18T22:31:39Z,2026-08-19T18:00:00Z,19.5,15.3,14.6,14.0,0.7,0.7
6-24ч,2026-08-18T22:31:39Z,2026-08-19T21:00:00Z,22.5,14.9,15.0,12.0,-0.1,0.1
6-24ч,2026-08-19T04:31:14Z,2026-08-19T12:00:00Z,7.5,18.3,19.6,18.5,-1.3,1.3
6-24ч,2026-08-19T04:31:14Z,2026-08-19T15:00:00Z,10.5,17.8,17.6,18.8,0.2,0.2
6-24ч,2026-08-19T04:31:14Z,2026-08-19T18:00:00Z,13.5,15.6,14.6,14.0,1.0,1.0
6-24ч,2026-08-19T04:31:14Z,2026-08-19T21:00:00Z,16.5,14.5,15.0,12.0,-0.5,0.5
6-24ч,2026-08-19T04:31:14Z,2026-08-20T00:00:00Z,19.5,14.1,15.1,12.5,-1.0,1.0
6-24ч,2026-08-19T04:31:14Z,2026-08-20T03:00:00Z,22.5,14.4,15.2,13.3,-0.8,0.8
6-24ч,2026-08-19T10:14:48Z,2026-08-19T18:00:00Z,7.8,15.5,14.6,14.0,0.9,0.9
6-24ч,2026-08-19T10:14:48Z,2026-08-19T21:00:00Z,10.8,14.5,15.0,12.0,-0.5,0.5
6-24ч,2026-08-19T10:14:48Z,2026-08-20T00:00:00Z,13.8,14.4,15.1,12.5,-0.7,0.7
6-24ч,2026-08-19T10:14:48Z,2026-08-20T03:00:00Z,16.8,14.1,15.2,13.3,-1.1,1.1
6-24ч,2026-08-19T10:14:48Z,2026-08-20T06:00:00Z,19.8,14.0,15.0,14.3,-1.0,1.0
6-24ч,2026-08-19T10:14:48Z,2026-08-20T09:00:00Z,22.8,15.1,15.1,17.4,0.0,0.0
6-24ч,2026-08-19T16:28:17Z,2026-08-20T00:00:00Z,7.5,14.6,15.1,12.5,-0.5,0.5
6-24ч,2026-08-19T16:28:17Z,2026-08-20T03:00:00Z,10.5,14.7,15.2,13.3,-0.5,0.5
6-24ч,2026-08-19T16:28:17Z,2026-08-20T06:00:00Z,13.5,15.1,15.0,14.3,0.1,0.1
6-24ч,2026-08-19T16:28:17Z,2026-08-20T09:00:00Z,16.5,15.3,15.1,17.4,0.2,0.2
6-24ч,2026-08-19T16:28:17Z,2026-08-20T12:00:00Z,19.5,15.7,16.7,19.6,-1.0,1.0
6-24ч,2026-08-19T16:28:17Z,2026-08-20T15:00:00Z,22.5,15.3,15.2,17.6,0.1,0.1
6-24ч,2026-08-20T04:31:56Z,2026-08-20T12:00:00Z,7.5,17.1,16.7,19.6,0.4,0.4
6-24ч,2026-08-20T04:31:56Z,2026-08-20T15:00:00Z,10.5,15.2,15.2,17.6,0.0,0.0
6-24ч,2026-08-20T04:31:56Z,2026-08-20T18:00:00Z,13.5,12.9,13.8,14.6,-0.9,0.9
6-24ч,2026-08-20T04:31:56Z,2026-08-20T21:00:00Z,16.5,13.5,13.9,15.0,-0.4,0.4
6-24ч,2026-08-20T04:31:56Z,2026-08-21T00:00:00Z,19.5,13.4,13.1,15.1,0.3,0.3
6-24ч,2026-08-20T04:31:56Z,2026-08-21T03:00:00Z,22.5,13.2,12.4,15.2,0.8,0.8
6-24ч,2026-08-20T10:16:10Z,2026-08-20T18:00:00Z,7.7,14.3,13.8,14.6,0.5,0.5
6-24ч,2026-08-20T10:16:10Z,2026-08-20T21:00:00Z,10.7,14.6,13.9,15.0,0.7,0.7
6-24ч,2026-08-20T10:16:10Z,2026-08-21T00:00:00Z,13.7,13.9,13.1,15.1,0.8,0.8
6-24ч,2026-08-20T10:16:10Z,2026-08-21T03:00:00Z,16.7,13.1,12.4,15.2,0.7,0.7
6-24ч,2026-08-20T10:16:10Z,2026-08-21T06:00:00Z,19.7,15.6,15.9,15.0,-0.3,0.3
6-24ч,2026-08-20T10:16:10Z,2026-08-21T09:00:00Z,22.7,18.7,17.9,15.1,0.8,0.8
6-24ч,2026-08-20T16:31:45Z,2026-08-21T00:00:00Z,7.5,12.8,13.1,15.1,-0.3,0.3
6-24ч,2026-08-20T16:31:45Z,2026-08-21T03:00:00Z,10.5,12.8,12.4,15.2,0.4,0.4
6-24ч,2026-08-20T16:31:45Z,2026-08-21T06:00:00Z,13.5,15.5,15.9,15.0,-0.4,0.4
6-24ч,2026-08-20T16:31:45Z,2026-08-21T09:00:00Z,16.5,18.8,17.9,15.1,0.9,0.9
6-24ч,2026-08-20T16:31:45Z,2026-08-21T12:00:00Z,19.5,19.6,18.3,16.7,1.3,1.3
6-24ч,2026-08-20T16:31:45Z,2026-08-21T15:00:00Z,22.5,17.2,15.5,15.2,1.7,1.7
6-24ч,2026-08-20T22:34:58Z,2026-08-21T06:00:00Z,7.4,15.6,15.9,15.0,-0.3,0.3
6-24ч,2026-08-20T22:34:58Z,2026-08-21T09:00:00Z,10.4,19.0,17.9,15.1,1.1,1.1
6-24ч,2026-08-20T22:34:58Z,2026-08-21T12:00:00Z,13.4,19.7,18.3,16.7,1.4,1.4
6-24ч,2026-08-20T22:34:58Z,2026-08-21T15:00:00Z,16.4,17.2,15.5,15.2,1.7,1.7
6-24ч,2026-08-20T22:34:58Z,2026-08-21T18:00:00Z,19.4,14.9,14.0,13.8,0.9,0.9
6-24ч,2026-08-20T22:34:58Z,2026-08-21T21:00:00Z,22.4,12.8,13.4,13.9,-0.6,0.6
6-24ч,2026-08-21T04:32:20Z,2026-08-21T12:00:00Z,7.5,19.5,18.3,16.7,1.2,1.2
6-24ч,2026-08-21T04:32:20Z,2026-08-21T15:00:00Z,10.5,17.3,15.5,15.2,1.8,1.8
6-24ч,2026-08-21T04:32:20Z,2026-08-21T18:00:00Z,13.5,14.8,14.0,13.8,0.8,0.8
6-24ч,2026-08-21T04:32:20Z,2026-08-21T21:00:00Z,16.5,13.6,13.4,13.9,0.2,0.2
6-24ч,2026-08-21T04:32:20Z,2026-08-22T00:00:00Z,19.5,13.5,13.5,13.1,0.0,0.0
6-24ч,2026-08-21T04:32:20Z,2026-08-22T03:00:00Z,22.5,13.7,14.2,12.4,-0.5,0.5
6-24ч,2026-08-21T10:16:50Z,2026-08-21T18:00:00Z,7.7,14.0,14.0,13.8,0.0,0.0
6-24ч,2026-08-21T10:16:50Z,2026-08-21T21:00:00Z,10.7,13.2,13.4,13.9,-0.2,0.2
6-24ч,2026-08-21T10:16:50Z,2026-08-22T00:00:00Z,13.7,12.6,13.5,13.1,-0.9,0.9
6-24ч,2026-08-21T10:16:50Z,2026-08-22T03:00:00Z,16.7,13.2,14.2,12.4,-1.0,1.0
6-24ч,2026-08-21T10:16:50Z,2026-08-22T06:00:00Z,19.7,15.1,15.4,15.9,-0.3,0.3
6-24ч,2026-08-21T10:16:50Z,2026-08-22T09:00:00Z,22.7,14.6,16.3,17.9,-1.7,1.7
6-24ч,2026-08-21T16:30:34Z,2026-08-22T00:00:00Z,7.5,13.2,13.5,13.1,-0.3,0.3
6-24ч,2026-08-21T16:30:34Z,2026-08-22T03:00:00Z,10.5,13.3,14.2,12.4,-0.9,0.9
6-24ч,2026-08-21T16:30:34Z,2026-08-22T06:00:00Z,13.5,15.2,15.4,15.9,-0.2,0.2
6-24ч,2026-08-21T16:30:34Z,2026-08-22T09:00:00Z,16.5,15.7,16.3,17.9,-0.6,0.6
6-24ч,2026-08-21T16:30:34Z,2026-08-22T12:00:00Z,19.5,17.0,18.2,18.3,-1.2,1.2
6-24ч,2026-08-21T16:30:34Z,2026-08-22T15:00:00Z,22.5,15.9,16.2,15.5,-0.3,0.3
6-24ч,2026-08-21T22:32:12Z,2026-08-22T06:00:00Z,7.5,14.7,15.4,15.9,-0.7,0.7
6-24ч,2026-08-21T22:32:12Z,2026-08-22T09:00:00Z,10.5,15.4,16.3,17.9,-0.9,0.9
6-24ч,2026-08-21T22:32:12Z,2026-08-22T12:00:00Z,13.5,16.7,18.2,18.3,-1.5,1.5
6-24ч,2026-08-21T22:32:12Z,2026-08-22T15:00:00Z,16.5,15.7,16.2,15.5,-0.5,0.5
6-24ч,2026-08-21T22:32:12Z,2026-08-22T18:00:00Z,19.5,12.4,12.5,14.0,-0.1,0.1
6-24ч,2026-08-21T22:32:12Z,2026-08-22T21:00:00Z,22.5,10.6,11.1,13.4,-0.5,0.5
6-24ч,2026-08-22T04:26:43Z,2026-08-22T12:00:00Z,7.6,16.5,18.2,18.3,-1.7,1.7
6-24ч,2026-08-22T04:26:43Z,2026-08-22T15:00:00Z,10.6,15.5,16.2,15.5,-0.7,0.7
6-24ч,2026-08-22T04:26:43Z,2026-08-22T18:00:00Z,13.6,12.4,12.5,14.0,-0.1,0.1
6-24ч,2026-08-22T04:26:43Z,2026-08-22T21:00:00Z,16.6,10.6,11.1,13.4,-0.5,0.5
6-24ч,2026-08-22T04:26:43Z,2026-08-23T00:00:00Z,19.6,10.5,10.8,13.5,-0.3,0.3
6-24ч,2026-08-22T04:26:43Z,2026-08-23T03:00:00Z,22.6,11.2,10.5,14.2,0.7,0.7
6-24ч,2026-08-22T10:09:41Z,2026-08-22T18:00:00Z,7.8,12.6,12.5,14.0,0.1,0.1
6-24ч,2026-08-22T10:09:41Z,2026-08-22T21:00:00Z,10.8,11.2,11.1,13.4,0.1,0.1
6-24ч,2026-08-22T10:09:41Z,2026-08-23T00:00:00Z,13.8,10.5,10.8,13.5,-0.3,0.3
6-24ч,2026-08-22T10:09:41Z,2026-08-23T03:00:00Z,16.8,10.8,10.5,14.2,0.3,0.3
6-24ч,2026-08-22T10:09:41Z,2026-08-23T06:00:00Z,19.8,14.0,15.3,15.4,-1.3,1.3
6-24ч,2026-08-22T10:09:41Z,2026-08-23T09:00:00Z,22.8,18.0,19.7,16.3,-1.7,1.7
6-24ч,2026-08-22T16:20:08Z,2026-08-23T00:00:00Z,7.7,10.1,10.8,13.5,-0.7,0.7
6-24ч,2026-08-22T16:20:08Z,2026-08-23T03:00:00Z,10.7,11.0,10.5,14.2,0.5,0.5
6-24ч,2026-08-22T16:20:08Z,2026-08-23T06:00:00Z,13.7,14.3,15.3,15.4,-1.0,1.0
6-24ч,2026-08-22T16:20:08Z,2026-08-23T09:00:00Z,16.7,17.3,19.7,16.3,-2.4,2.4
6-24ч,2026-08-22T16:20:08Z,2026-08-23T12:00:00Z,19.7,15.2,15.9,18.2,-0.7,0.7
6-24ч,2026-08-22T16:20:08Z,2026-08-23T15:00:00Z,22.7,14.3,14.0,16.2,0.3,0.3
6-24ч,2026-08-22T22:29:28Z,2026-08-23T06:00:00Z,7.5,15.3,15.3,15.4,0.0,0.0
6-24ч,2026-08-22T22:29:28Z,2026-08-23T09:00:00Z,10.5,18.4,19.7,16.3,-1.3,1.3
6-24ч,2026-08-22T22:29:28Z,2026-08-23T12:00:00Z,13.5,16.8,15.9,18.2,0.9,0.9
6-24ч,2026-08-22T22:29:28Z,2026-08-23T15:00:00Z,16.5,14.3,14.0,16.2,0.3,0.3
6-24ч,2026-08-22T22:29:28Z,2026-08-23T18:00:00Z,19.5,13.4,13.2,12.5,0.2,0.2
6-24ч,2026-08-22T22:29:28Z,2026-08-23T21:00:00Z,22.5,13.4,13.5,11.1,-0.1,0.1
6-24ч,2026-08-23T04:31:06Z,2026-08-23T12:00:00Z,7.5,15.1,15.9,18.2,-0.8,0.8
6-24ч,2026-08-23T04:31:06Z,2026-08-23T15:00:00Z,10.5,14.3,14.0,16.2,0.3,0.3
6-24ч,2026-08-23T04:31:06Z,2026-08-23T18:00:00Z,13.5,13.5,13.2,12.5,0.3,0.3
6-24ч,2026-08-23T04:31:06Z,2026-08-23T21:00:00Z,16.5,13.3,13.5,11.1,-0.2,0.2
6-24ч,2026-08-23T04:31:06Z,2026-08-24T00:00:00Z,19.5,13.6,13.8,10.8,-0.2,0.2
6-24ч,2026-08-23T04:31:06Z,2026-08-24T03:00:00Z,22.5,13.7,14.1,10.5,-0.4,0.4
6-24ч,2026-08-23T10:10:14Z,2026-08-23T18:00:00Z,7.8,13.4,13.2,12.5,0.2,0.2
6-24ч,2026-08-23T10:10:14Z,2026-08-23T21:00:00Z,10.8,13.2,13.5,11.1,-0.3,0.3
6-24ч,2026-08-23T10:10:14Z,2026-08-24T00:00:00Z,13.8,13.6,13.8,10.8,-0.2,0.2
6-24ч,2026-08-23T10:10:14Z,2026-08-24T03:00:00Z,16.8,13.6,14.1,10.5,-0.5,0.5
6-24ч,2026-08-23T10:10:14Z,2026-08-24T06:00:00Z,19.8,14.6,14.4,15.3,0.2,0.2
6-24ч,2026-08-23T10:10:14Z,2026-08-24T09:00:00Z,22.8,15.0,15.7,19.7,-0.7,0.7
6-24ч,2026-08-23T16:21:17Z,2026-08-24T00:00:00Z,7.6,13.4,13.8,10.8,-0.4,0.4
6-24ч,2026-08-23T16:21:17Z,2026-08-24T03:00:00Z,10.6,13.5,14.1,10.5,-0.6,0.6
6-24ч,2026-08-23T16:21:17Z,2026-08-24T06:00:00Z,13.6,14.0,14.4,15.3,-0.4,0.4
6-24ч,2026-08-23T16:21:17Z,2026-08-24T09:00:00Z,16.6,14.4,15.7,19.7,-1.3,1.3
6-24ч,2026-08-23T16:21:17Z,2026-08-24T12:00:00Z,19.6,16.9,17.8,15.9,-0.9,0.9
6-24ч,2026-08-23T16:21:17Z,2026-08-24T15:00:00Z,22.6,15.0,15.6,14.0,-0.6,0.6
6-24ч,2026-08-23T22:29:36Z,2026-08-24T06:00:00Z,7.5,13.8,14.4,15.3,-0.6,0.6
6-24ч,2026-08-23T22:29:36Z,2026-08-24T09:00:00Z,10.5,14.8,15.7,19.7,-0.9,0.9
6-24ч,2026-08-23T22:29:36Z,2026-08-24T12:00:00Z,13.5,14.9,17.8,15.9,-2.9,2.9
6-24ч,2026-08-23T22:29:36Z,2026-08-24T15:00:00Z,16.5,14.9,15.6,14.0,-0.7,0.7
6-24ч,2026-08-24T04:38:48Z,2026-08-24T12:00:00Z,7.4,14.5,17.8,15.9,-3.3,3.3
6-24ч,2026-08-24T04:38:48Z,2026-08-24T15:00:00Z,10.4,15.1,15.6,14.0,-0.5,0.5
1-2 дня,2026-08-06T09:50:07Z,2026-08-07T12:00:00Z,26.2,18.3,20.5,19.1,-2.2,2.2
1-2 дня,2026-08-06T09:50:07Z,2026-08-07T15:00:00Z,29.2,16.3,15.6,18.2,0.7,0.7
1-2 дня,2026-08-06T09:50:07Z,2026-08-07T18:00:00Z,32.2,15.3,14.6,15.5,0.7,0.7
1-2 дня,2026-08-06T09:50:07Z,2026-08-07T21:00:00Z,35.2,13.6,13.5,13.9,0.1,0.1
1-2 дня,2026-08-06T09:50:07Z,2026-08-08T00:00:00Z,38.2,12.8,12.5,13.6,0.3,0.3
1-2 дня,2026-08-06T09:50:07Z,2026-08-08T03:00:00Z,41.2,13.9,13.6,14.2,0.3,0.3
1-2 дня,2026-08-06T09:50:07Z,2026-08-08T06:00:00Z,44.2,16.0,15.4,14.3,0.6,0.6
1-2 дня,2026-08-06T09:50:07Z,2026-08-08T09:00:00Z,47.2,17.7,15.0,16.9,2.7,2.7
1-2 дня,2026-08-06T09:59:18Z,2026-08-07T12:00:00Z,26.0,18.3,20.5,19.1,-2.2,2.2
1-2 дня,2026-08-06T09:59:18Z,2026-08-07T15:00:00Z,29.0,16.3,15.6,18.2,0.7,0.7
1-2 дня,2026-08-06T09:59:18Z,2026-08-07T18:00:00Z,32.0,15.3,14.6,15.5,0.7,0.7
1-2 дня,2026-08-06T09:59:18Z,2026-08-07T21:00:00Z,35.0,13.6,13.5,13.9,0.1,0.1
1-2 дня,2026-08-06T09:59:18Z,2026-08-08T00:00:00Z,38.0,12.8,12.5,13.6,0.3,0.3
1-2 дня,2026-08-06T09:59:18Z,2026-08-08T03:00:00Z,41.0,13.9,13.6,14.2,0.3,0.3
1-2 дня,2026-08-06T09:59:18Z,2026-08-08T06:00:00Z,44.0,16.0,15.4,14.3,0.6,0.6
1-2 дня,2026-08-06T09:59:18Z,2026-08-08T09:00:00Z,47.0,17.7,15.0,16.9,2.7,2.7
1-2 дня,2026-08-06T10:08:26Z,2026-08-07T12:00:00Z,25.9,18.3,20.5,19.1,-2.2,2.2
1-2 дня,2026-08-06T10:08:26Z,2026-08-07T15:00:00Z,28.9,16.3,15.6,18.2,0.7,0.7
1-2 дня,2026-08-06T10:08:26Z,2026-08-07T18:00:00Z,31.9,15.3,14.6,15.5,0.7,0.7
1-2 дня,2026-08-06T10:08:26Z,2026-08-07T21:00:00Z,34.9,13.6,13.5,13.9,0.1,0.1
1-2 дня,2026-08-06T10:08:26Z,2026-08-08T00:00:00Z,37.9,12.8,12.5,13.6,0.3,0.3
1-2 дня,2026-08-06T10:08:26Z,2026-08-08T03:00:00Z,40.9,13.9,13.6,14.2,0.3,0.3
1-2 дня,2026-08-06T10:08:26Z,2026-08-08T06:00:00Z,43.9,16.0,15.4,14.3,0.6,0.6
1-2 дня,2026-08-06T10:08:26Z,2026-08-08T09:00:00Z,46.9,17.7,15.0,16.9,2.7,2.7
1-2 дня,2026-08-06T10:47:54Z,2026-08-07T12:00:00Z,25.2,18.3,20.5,19.1,-2.2,2.2
1-2 дня,2026-08-06T10:47:54Z,2026-08-07T15:00:00Z,28.2,16.3,15.6,18.2,0.7,0.7
1-2 дня,2026-08-06T10:47:54Z,2026-08-07T18:00:00Z,31.2,15.3,14.6,15.5,0.7,0.7
1-2 дня,2026-08-06T10:47:54Z,2026-08-07T21:00:00Z,34.2,13.6,13.5,13.9,0.1,0.1
1-2 дня,2026-08-06T10:47:54Z,2026-08-08T00:00:00Z,37.2,12.8,12.5,13.6,0.3,0.3
1-2 дня,2026-08-06T10:47:54Z,2026-08-08T03:00:00Z,40.2,13.9,13.6,14.2,0.3,0.3
1-2 дня,2026-08-06T10:47:54Z,2026-08-08T06:00:00Z,43.2,16.0,15.4,14.3,0.6,0.6
1-2 дня,2026-08-06T10:47:54Z,2026-08-08T09:00:00Z,46.2,17.7,15.0,16.9,2.7,2.7
1-2 дня,2026-08-06T11:30:42Z,2026-08-07T12:00:00Z,24.5,18.3,20.5,19.1,-2.2,2.2
1-2 дня,2026-08-06T11:30:42Z,2026-08-07T15:00:00Z,27.5,16.3,15.6,18.2,0.7,0.7
1-2 дня,2026-08-06T11:30:42Z,2026-08-07T18:00:00Z,30.5,15.3,14.6,15.5,0.7,0.7
1-2 дня,2026-08-06T11:30:42Z,2026-08-07T21:00:00Z,33.5,13.6,13.5,13.9,0.1,0.1
1-2 дня,2026-08-06T11:30:42Z,2026-08-08T00:00:00Z,36.5,12.8,12.5,13.6,0.3,0.3
1-2 дня,2026-08-06T11:30:42Z,2026-08-08T03:00:00Z,39.5,13.9,13.6,14.2,0.3,0.3
1-2 дня,2026-08-06T11:30:42Z,2026-08-08T06:00:00Z,42.5,16.0,15.4,14.3,0.6,0.6
1-2 дня,2026-08-06T11:30:42Z,2026-08-08T09:00:00Z,45.5,17.7,15.0,16.9,2.7,2.7
1-2 дня,2026-08-06T11:36:01Z,2026-08-07T12:00:00Z,24.4,18.3,20.5,19.1,-2.2,2.2
1-2 дня,2026-08-06T11:36:01Z,2026-08-07T15:00:00Z,27.4,16.3,15.6,18.2,0.7,0.7
1-2 дня,2026-08-06T11:36:01Z,2026-08-07T18:00:00Z,30.4,15.3,14.6,15.5,0.7,0.7
1-2 дня,2026-08-06T11:36:01Z,2026-08-07T21:00:00Z,33.4,13.6,13.5,13.9,0.1,0.1
1-2 дня,2026-08-06T11:36:01Z,2026-08-08T00:00:00Z,36.4,12.8,12.5,13.6,0.3,0.3
1-2 дня,2026-08-06T11:36:01Z,2026-08-08T03:00:00Z,39.4,13.9,13.6,14.2,0.3,0.3
1-2 дня,2026-08-06T11:36:01Z,2026-08-08T06:00:00Z,42.4,16.0,15.4,14.3,0.6,0.6
1-2 дня,2026-08-06T11:36:01Z,2026-08-08T09:00:00Z,45.4,17.7,15.0,16.9,2.7,2.7
1-2 дня,2026-08-06T11:44:08Z,2026-08-07T12:00:00Z,24.3,18.3,20.5,19.1,-2.2,2.2
1-2 дня,2026-08-06T11:44:08Z,2026-08-07T15:00:00Z,27.3,16.3,15.6,18.2,0.7,0.7
1-2 дня,2026-08-06T11:44:08Z,2026-08-07T18:00:00Z,30.3,15.3,14.6,15.5,0.7,0.7
1-2 дня,2026-08-06T11:44:08Z,2026-08-07T21:00:00Z,33.3,13.6,13.5,13.9,0.1,0.1
1-2 дня,2026-08-06T11:44:08Z,2026-08-08T00:00:00Z,36.3,12.8,12.5,13.6,0.3,0.3
1-2 дня,2026-08-06T11:44:08Z,2026-08-08T03:00:00Z,39.3,13.9,13.6,14.2,0.3,0.3
1-2 дня,2026-08-06T11:44:08Z,2026-08-08T06:00:00Z,42.3,16.0,15.4,14.3,0.6,0.6
1-2 дня,2026-08-06T11:44:08Z,2026-08-08T09:00:00Z,45.3,17.7,15.0,16.9,2.7,2.7
1-2 дня,2026-08-07T01:31:32Z,2026-08-08T03:00:00Z,25.5,12.3,13.6,14.2,-1.3,1.3
1-2 дня,2026-08-07T01:31:32Z,2026-08-08T06:00:00Z,28.5,13.5,15.4,14.3,-1.9,1.9
1-2 дня,2026-08-07T01:31:32Z,2026-08-08T09:00:00Z,31.5,16.6,15.0,16.9,1.6,1.6
1-2 дня,2026-08-07T01:31:32Z,2026-08-08T12:00:00Z,34.5,17.7,15.4,20.5,2.3,2.3
1-2 дня,2026-08-07T01:31:32Z,2026-08-08T15:00:00Z,37.5,17.2,15.5,15.6,1.7,1.7
1-2 дня,2026-08-07T01:31:32Z,2026-08-08T18:00:00Z,40.5,14.4,14.4,14.6,0.0,0.0
1-2 дня,2026-08-07T01:31:32Z,2026-08-08T21:00:00Z,43.5,13.2,13.6,13.5,-0.4,0.4
1-2 дня,2026-08-07T01:31:32Z,2026-08-09T00:00:00Z,46.5,12.1,13.1,12.5,-1.0,1.0
1-2 дня,2026-08-07T05:36:00Z,2026-08-08T06:00:00Z,24.4,13.5,15.4,14.3,-1.9,1.9
1-2 дня,2026-08-07T05:36:00Z,2026-08-08T09:00:00Z,27.4,16.6,15.0,16.9,1.6,1.6
1-2 дня,2026-08-07T05:36:00Z,2026-08-08T12:00:00Z,30.4,17.7,15.4,20.5,2.3,2.3
1-2 дня,2026-08-07T05:36:00Z,2026-08-08T15:00:00Z,33.4,17.2,15.5,15.6,1.7,1.7
1-2 дня,2026-08-07T05:36:00Z,2026-08-08T18:00:00Z,36.4,14.4,14.4,14.6,0.0,0.0
1-2 дня,2026-08-07T05:36:00Z,2026-08-08T21:00:00Z,39.4,13.2,13.6,13.5,-0.4,0.4
1-2 дня,2026-08-07T05:36:00Z,2026-08-09T00:00:00Z,42.4,12.1,13.1,12.5,-1.0,1.0
1-2 дня,2026-08-07T05:36:00Z,2026-08-09T03:00:00Z,45.4,12.5,11.9,13.6,0.6,0.6
1-2 дня,2026-08-07T06:18:59Z,2026-08-08T09:00:00Z,26.7,16.6,15.0,16.9,1.6,1.6
1-2 дня,2026-08-07T06:18:59Z,2026-08-08T12:00:00Z,29.7,17.7,15.4,20.5,2.3,2.3
1-2 дня,2026-08-07T06:18:59Z,2026-08-08T15:00:00Z,32.7,17.2,15.5,15.6,1.7,1.7
1-2 дня,2026-08-07T06:18:59Z,2026-08-08T18:00:00Z,35.7,14.4,14.4,14.6,0.0,0.0
1-2 дня,2026-08-07T06:18:59Z,2026-08-08T21:00:00Z,38.7,13.2,13.6,13.5,-0.4,0.4
1-2 дня,2026-08-07T06:18:59Z,2026-08-09T00:00:00Z,41.7,12.1,13.1,12.5,-1.0,1.0
1-2 дня,2026-08-07T06:18:59Z,2026-08-09T03:00:00Z,44.7,12.5,11.9,13.6,0.6,0.6
1-2 дня,2026-08-07T06:18:59Z,2026-08-09T06:00:00Z,47.7,14.3,15.2,15.4,-0.9,0.9
1-2 дня,2026-08-07T07:13:52Z,2026-08-08T09:00:00Z,25.8,16.6,15.0,16.9,1.6,1.6
1-2 дня,2026-08-07T07:13:52Z,2026-08-08T12:00:00Z,28.8,17.7,15.4,20.5,2.3,2.3
1-2 дня,2026-08-07T07:13:52Z,2026-08-08T15:00:00Z,31.8,17.2,15.5,15.6,1.7,1.7
1-2 дня,2026-08-07T07:13:52Z,2026-08-08T18:00:00Z,34.8,14.4,14.4,14.6,0.0,0.0
1-2 дня,2026-08-07T07:13:52Z,2026-08-08T21:00:00Z,37.8,13.2,13.6,13.5,-0.4,0.4
1-2 дня,2026-08-07T07:13:52Z,2026-08-09T00:00:00Z,40.8,12.1,13.1,12.5,-1.0,1.0
1-2 дня,2026-08-07T07:13:52Z,2026-08-09T03:00:00Z,43.8,12.5,11.9,13.6,0.6,0.6
1-2 дня,2026-08-07T07:13:52Z,2026-08-09T06:00:00Z,46.8,14.3,15.2,15.4,-0.9,0.9
1-2 дня,2026-08-07T10:39:14Z,2026-08-08T12:00:00Z,25.3,17.1,15.4,20.5,1.7,1.7
1-2 дня,2026-08-07T10:39:14Z,2026-08-08T15:00:00Z,28.3,17.5,15.5,15.6,2.0,2.0
1-2 дня,2026-08-07T10:39:14Z,2026-08-08T18:00:00Z,31.3,14.5,14.4,14.6,0.1,0.1
1-2 дня,2026-08-07T10:39:14Z,2026-08-08T21:00:00Z,34.3,12.6,13.6,13.5,-1.0,1.0
1-2 дня,2026-08-07T10:39:14Z,2026-08-09T00:00:00Z,37.3,11.4,13.1,12.5,-1.7,1.7
1-2 дня,2026-08-07T10:39:14Z,2026-08-09T03:00:00Z,40.3,11.3,11.9,13.6,-0.6,0.6
1-2 дня,2026-08-07T10:39:14Z,2026-08-09T06:00:00Z,43.3,13.3,15.2,15.4,-1.9,1.9
1-2 дня,2026-08-07T10:39:14Z,2026-08-09T09:00:00Z,46.3,14.1,16.5,15.0,-2.4,2.4
1-2 дня,2026-08-07T16:51:54Z,2026-08-08T18:00:00Z,25.1,14.5,14.4,14.6,0.1,0.1
1-2 дня,2026-08-07T16:51:54Z,2026-08-08T21:00:00Z,28.1,13.9,13.6,13.5,0.3,0.3
1-2 дня,2026-08-07T16:51:54Z,2026-08-09T00:00:00Z,31.1,12.6,13.1,12.5,-0.5,0.5
1-2 дня,2026-08-07T16:51:54Z,2026-08-09T03:00:00Z,34.1,12.7,11.9,13.6,0.8,0.8
1-2 дня,2026-08-07T16:51:54Z,2026-08-09T06:00:00Z,37.1,15.2,15.2,15.4,0.0,0.0
1-2 дня,2026-08-07T16:51:54Z,2026-08-09T09:00:00Z,40.1,15.1,16.5,15.0,-1.4,1.4
1-2 дня,2026-08-07T16:51:54Z,2026-08-09T12:00:00Z,43.1,15.8,16.7,15.4,-0.9,0.9
1-2 дня,2026-08-07T16:51:54Z,2026-08-09T15:00:00Z,46.1,15.1,17.0,15.5,-1.9,1.9
1-2 дня,2026-08-07T22:45:57Z,2026-08-09T00:00:00Z,25.2,12.2,13.1,12.5,-0.9,0.9
1-2 дня,2026-08-07T22:45:57Z,2026-08-09T03:00:00Z,28.2,13.0,11.9,13.6,1.1,1.1
1-2 дня,2026-08-07T22:45:57Z,2026-08-09T06:00:00Z,31.2,14.8,15.2,15.4,-0.4,0.4
1-2 дня,2026-08-07T22:45:57Z,2026-08-09T09:00:00Z,34.2,14.2,16.5,15.0,-2.3,2.3
1-2 дня,2026-08-07T22:45:57Z,2026-08-09T12:00:00Z,37.2,16.1,16.7,15.4,-0.6,0.6
1-2 дня,2026-08-07T22:45:57Z,2026-08-09T15:00:00Z,40.2,15.2,17.0,15.5,-1.8,1.8
1-2 дня,2026-08-07T22:45:57Z,2026-08-09T18:00:00Z,43.2,12.1,13.7,14.4,-1.6,1.6
1-2 дня,2026-08-07T22:45:57Z,2026-08-09T21:00:00Z,46.2,10.8,10.4,13.6,0.4,0.4
1-2 дня,2026-08-07T23:19:23Z,2026-08-09T00:00:00Z,24.7,12.2,13.1,12.5,-0.9,0.9
1-2 дня,2026-08-07T23:19:23Z,2026-08-09T03:00:00Z,27.7,13.0,11.9,13.6,1.1,1.1
1-2 дня,2026-08-07T23:19:23Z,2026-08-09T06:00:00Z,30.7,14.8,15.2,15.4,-0.4,0.4
1-2 дня,2026-08-07T23:19:23Z,2026-08-09T09:00:00Z,33.7,14.2,16.5,15.0,-2.3,2.3
1-2 дня,2026-08-07T23:19:23Z,2026-08-09T12:00:00Z,36.7,16.1,16.7,15.4,-0.6,0.6
1-2 дня,2026-08-07T23:19:23Z,2026-08-09T15:00:00Z,39.7,15.2,17.0,15.5,-1.8,1.8
1-2 дня,2026-08-07T23:19:23Z,2026-08-09T18:00:00Z,42.7,12.1,13.7,14.4,-1.6,1.6
1-2 дня,2026-08-07T23:19:23Z,2026-08-09T21:00:00Z,45.7,10.8,10.4,13.6,0.4,0.4
1-2 дня,2026-08-08T04:50:53Z,2026-08-09T06:00:00Z,25.2,15.2,15.2,15.4,0.0,0.0
1-2 дня,2026-08-08T04:50:53Z,2026-08-09T09:00:00Z,28.2,15.5,16.5,15.0,-1.0,1.0
1-2 дня,2026-08-08T04:50:53Z,2026-08-09T12:00:00Z,31.2,14.8,16.7,15.4,-1.9,1.9
1-2 дня,2026-08-08T04:50:53Z,2026-08-09T15:00:00Z,34.2,14.1,17.0,15.5,-2.9,2.9
1-2 дня,2026-08-08T04:50:53Z,2026-08-09T18:00:00Z,37.2,11.4,13.7,14.4,-2.3,2.3
1-2 дня,2026-08-08T04:50:53Z,2026-08-09T21:00:00Z,40.2,10.0,10.4,13.6,-0.4,0.4
1-2 дня,2026-08-08T04:50:53Z,2026-08-10T00:00:00Z,43.2,10.2,10.8,13.1,-0.6,0.6
1-2 дня,2026-08-08T04:50:53Z,2026-08-10T03:00:00Z,46.2,12.6,12.6,11.9,0.0,0.0
1-2 дня,2026-08-08T10:18:13Z,2026-08-09T12:00:00Z,25.7,15.7,16.7,15.4,-1.0,1.0
1-2 дня,2026-08-08T10:18:13Z,2026-08-09T15:00:00Z,28.7,15.3,17.0,15.5,-1.7,1.7
1-2 дня,2026-08-08T10:18:13Z,2026-08-09T18:00:00Z,31.7,11.8,13.7,14.4,-1.9,1.9
1-2 дня,2026-08-08T10:18:13Z,2026-08-09T21:00:00Z,34.7,10.6,10.4,13.6,0.2,0.2
1-2 дня,2026-08-08T10:18:13Z,2026-08-10T00:00:00Z,37.7,10.5,10.8,13.1,-0.3,0.3
1-2 дня,2026-08-08T10:18:13Z,2026-08-10T03:00:00Z,40.7,12.5,12.6,11.9,-0.1,0.1
1-2 дня,2026-08-08T10:18:13Z,2026-08-10T06:00:00Z,43.7,17.0,16.9,15.2,0.1,0.1
1-2 дня,2026-08-08T10:18:13Z,2026-08-10T09:00:00Z,46.7,20.6,20.6,16.5,0.0,0.0
1-2 дня,2026-08-08T22:37:20Z,2026-08-10T00:00:00Z,25.4,10.9,10.8,13.1,0.1,0.1
1-2 дня,2026-08-08T22:37:20Z,2026-08-10T03:00:00Z,28.4,12.7,12.6,11.9,0.1,0.1
1-2 дня,2026-08-08T22:37:20Z,2026-08-10T06:00:00Z,31.4,16.3,16.9,15.2,-0.6,0.6
1-2 дня,2026-08-08T22:37:20Z,2026-08-10T09:00:00Z,34.4,20.4,20.6,16.5,-0.2,0.2
1-2 дня,2026-08-08T22:37:20Z,2026-08-10T12:00:00Z,37.4,21.8,22.3,16.7,-0.5,0.5
1-2 дня,2026-08-08T22:37:20Z,2026-08-10T15:00:00Z,40.4,21.2,21.8,17.0,-0.6,0.6
1-2 дня,2026-08-08T22:37:20Z,2026-08-10T18:00:00Z,43.4,17.5,18.4,13.7,-0.9,0.9
1-2 дня,2026-08-08T22:37:20Z,2026-08-10T21:00:00Z,46.4,15.4,15.0,10.4,0.4,0.4
1-2 дня,2026-08-09T04:59:03Z,2026-08-10T06:00:00Z,25.0,16.1,16.9,15.2,-0.8,0.8
1-2 дня,2026-08-09T04:59:03Z,2026-08-10T09:00:00Z,28.0,20.3,20.6,16.5,-0.3,0.3
1-2 дня,2026-08-09T04:59:03Z,2026-08-10T12:00:00Z,31.0,21.8,22.3,16.7,-0.5,0.5
1-2 дня,2026-08-09T04:59:03Z,2026-08-10T15:00:00Z,34.0,21.1,21.8,17.0,-0.7,0.7
1-2 дня,2026-08-09T04:59:03Z,2026-08-10T18:00:00Z,37.0,17.3,18.4,13.7,-1.1,1.1
1-2 дня,2026-08-09T04:59:03Z,2026-08-10T21:00:00Z,40.0,15.2,15.0,10.4,0.2,0.2
1-2 дня,2026-08-09T04:59:03Z,2026-08-11T00:00:00Z,43.0,14.6,15.3,10.8,-0.7,0.7
1-2 дня,2026-08-09T04:59:03Z,2026-08-11T03:00:00Z,46.0,15.5,15.0,12.6,0.5,0.5
1-2 дня,2026-08-09T10:19:29Z,2026-08-10T12:00:00Z,25.7,22.0,22.3,16.7,-0.3,0.3
1-2 дня,2026-08-09T10:19:29Z,2026-08-10T15:00:00Z,28.7,21.4,21.8,17.0,-0.4,0.4
1-2 дня,2026-08-09T10:19:29Z,2026-08-10T18:00:00Z,31.7,17.8,18.4,13.7,-0.6,0.6
1-2 дня,2026-08-09T10:19:29Z,2026-08-10T21:00:00Z,34.7,15.5,15.0,10.4,0.5,0.5
1-2 дня,2026-08-09T10:19:29Z,2026-08-11T00:00:00Z,37.7,14.6,15.3,10.8,-0.7,0.7
1-2 дня,2026-08-09T10:19:29Z,2026-08-11T03:00:00Z,40.7,15.4,15.0,12.6,0.4,0.4
1-2 дня,2026-08-09T10:19:29Z,2026-08-11T06:00:00Z,43.7,18.8,19.4,16.9,-0.6,0.6
1-2 дня,2026-08-09T10:19:29Z,2026-08-11T09:00:00Z,46.7,22.0,23.5,20.6,-1.5,1.5
1-2 дня,2026-08-09T12:41:38Z,2026-08-10T15:00:00Z,26.3,21.4,21.8,17.0,-0.4,0.4
1-2 дня,2026-08-09T12:41:38Z,2026-08-10T18:00:00Z,29.3,17.8,18.4,13.7,-0.6,0.6
1-2 дня,2026-08-09T12:41:38Z,2026-08-10T21:00:00Z,32.3,15.5,15.0,10.4,0.5,0.5
1-2 дня,2026-08-09T12:41:38Z,2026-08-11T00:00:00Z,35.3,14.6,15.3,10.8,-0.7,0.7
1-2 дня,2026-08-09T12:41:38Z,2026-08-11T03:00:00Z,38.3,15.4,15.0,12.6,0.4,0.4
1-2 дня,2026-08-09T12:41:38Z,2026-08-11T06:00:00Z,41.3,18.8,19.4,16.9,-0.6,0.6
1-2 дня,2026-08-09T12:41:38Z,2026-08-11T09:00:00Z,44.3,22.0,23.5,20.6,-1.5,1.5
1-2 дня,2026-08-09T12:41:38Z,2026-08-11T12:00:00Z,47.3,21.8,24.1,22.3,-2.3,2.3
1-2 дня,2026-08-09T12:45:53Z,2026-08-10T15:00:00Z,26.2,21.4,21.8,17.0,-0.4,0.4
1-2 дня,2026-08-09T12:45:53Z,2026-08-10T18:00:00Z,29.2,17.8,18.4,13.7,-0.6,0.6
1-2 дня,2026-08-09T12:45:53Z,2026-08-10T21:00:00Z,32.2,15.5,15.0,10.4,0.5,0.5
1-2 дня,2026-08-09T12:45:53Z,2026-08-11T00:00:00Z,35.2,14.6,15.3,10.8,-0.7,0.7
1-2 дня,2026-08-09T12:45:53Z,2026-08-11T03:00:00Z,38.2,15.4,15.0,12.6,0.4,0.4
1-2 дня,2026-08-09T12:45:53Z,2026-08-11T06:00:00Z,41.2,18.8,19.4,16.9,-0.6,0.6
1-2 дня,2026-08-09T12:45:53Z,2026-08-11T09:00:00Z,44.2,22.0,23.5,20.6,-1.5,1.5
1-2 дня,2026-08-09T12:45:53Z,2026-08-11T12:00:00Z,47.2,21.8,24.1,22.3,-2.3,2.3
1-2 дня,2026-08-09T12:48:15Z,2026-08-10T15:00:00Z,26.2,21.4,21.8,17.0,-0.4,0.4
1-2 дня,2026-08-09T12:48:15Z,2026-08-10T18:00:00Z,29.2,17.8,18.4,13.7,-0.6,0.6
1-2 дня,2026-08-09T12:48:15Z,2026-08-10T21:00:00Z,32.2,15.5,15.0,10.4,0.5,0.5
1-2 дня,2026-08-09T12:48:15Z,2026-08-11T00:00:00Z,35.2,14.6,15.3,10.8,-0.7,0.7
1-2 дня,2026-08-09T12:48:15Z,2026-08-11T03:00:00Z,38.2,15.4,15.0,12.6,0.4,0.4
1-2 дня,2026-08-09T12:48:15Z,2026-08-11T06:00:00Z,41.2,18.8,19.4,16.9,-0.6,0.6
1-2 дня,2026-08-09T12:48:15Z,2026-08-11T09:00:00Z,44.2,22.0,23.5,20.6,-1.5,1.5
1-2 дня,2026-08-09T12:48:15Z,2026-08-11T12:00:00Z,47.2,21.8,24.1,22.3,-2.3,2.3
1-2 дня,2026-08-09T16:31:44Z,2026-08-10T18:00:00Z,25.5,17.3,18.4,13.7,-1.1,1.1
1-2 дня,2026-08-09T16:31:44Z,2026-08-10T21:00:00Z,28.5,15.2,15.0,10.4,0.2,0.2
1-2 дня,2026-08-09T16:31:44Z,2026-08-11T00:00:00Z,31.5,14.4,15.3,10.8,-0.9,0.9
1-2 дня,2026-08-09T16:31:44Z,2026-08-11T03:00:00Z,34.5,15.4,15.0,12.6,0.4,0.4
1-2 дня,2026-08-09T16:31:44Z,2026-08-11T06:00:00Z,37.5,18.8,19.4,16.9,-0.6,0.6
1-2 дня,2026-08-09T16:31:44Z,2026-08-11T09:00:00Z,40.5,21.7,23.5,20.6,-1.8,1.8
1-2 дня,2026-08-09T16:31:44Z,2026-08-11T12:00:00Z,43.5,22.5,24.1,22.3,-1.6,1.6
1-2 дня,2026-08-09T16:31:44Z,2026-08-11T15:00:00Z,46.5,20.4,19.2,21.8,1.2,1.2
1-2 дня,2026-08-09T22:39:09Z,2026-08-11T00:00:00Z,25.3,14.6,15.3,10.8,-0.7,0.7
1-2 дня,2026-08-09T22:39:09Z,2026-08-11T03:00:00Z,28.3,15.4,15.0,12.6,0.4,0.4
1-2 дня,2026-08-09T22:39:09Z,2026-08-11T06:00:00Z,31.3,18.7,19.4,16.9,-0.7,0.7
1-2 дня,2026-08-09T22:39:09Z,2026-08-11T09:00:00Z,34.3,21.6,23.5,20.6,-1.9,1.9
1-2 дня,2026-08-09T22:39:09Z,2026-08-11T12:00:00Z,37.3,22.6,24.1,22.3,-1.5,1.5
1-2 дня,2026-08-09T22:39:09Z,2026-08-11T15:00:00Z,40.3,21.4,19.2,21.8,2.2,2.2
1-2 дня,2026-08-09T22:39:09Z,2026-08-11T18:00:00Z,43.3,18.1,16.8,18.4,1.3,1.3
1-2 дня,2026-08-09T22:39:09Z,2026-08-11T21:00:00Z,46.3,16.4,16.3,15.0,0.1,0.1
1-2 дня,2026-08-10T05:20:42Z,2026-08-11T06:00:00Z,24.7,18.7,19.4,16.9,-0.7,0.7
1-2 дня,2026-08-10T05:20:42Z,2026-08-11T09:00:00Z,27.7,21.8,23.5,20.6,-1.7,1.7
1-2 дня,2026-08-10T05:20:42Z,2026-08-11T12:00:00Z,30.7,22.2,24.1,22.3,-1.9,1.9
1-2 дня,2026-08-10T05:20:42Z,2026-08-11T15:00:00Z,33.7,20.5,19.2,21.8,1.3,1.3
1-2 дня,2026-08-10T05:20:42Z,2026-08-11T18:00:00Z,36.7,17.2,16.8,18.4,0.4,0.4
1-2 дня,2026-08-10T05:20:42Z,2026-08-11T21:00:00Z,39.7,16.0,16.3,15.0,-0.3,0.3
1-2 дня,2026-08-10T05:20:42Z,2026-08-12T00:00:00Z,42.7,15.1,15.2,15.3,-0.1,0.1
1-2 дня,2026-08-10T05:20:42Z,2026-08-12T03:00:00Z,45.7,14.9,14.5,15.0,0.4,0.4
1-2 дня,2026-08-10T10:53:28Z,2026-08-11T12:00:00Z,25.1,22.2,24.1,22.3,-1.9,1.9
1-2 дня,2026-08-10T10:53:28Z,2026-08-11T15:00:00Z,28.1,19.6,19.2,21.8,0.4,0.4
1-2 дня,2026-08-10T10:53:28Z,2026-08-11T18:00:00Z,31.1,16.6,16.8,18.4,-0.2,0.2
1-2 дня,2026-08-10T10:53:28Z,2026-08-11T21:00:00Z,34.1,15.5,16.3,15.0,-0.8,0.8
1-2 дня,2026-08-10T10:53:28Z,2026-08-12T00:00:00Z,37.1,15.0,15.2,15.3,-0.2,0.2
1-2 дня,2026-08-10T10:53:28Z,2026-08-12T03:00:00Z,40.1,14.6,14.5,15.0,0.1,0.1
1-2 дня,2026-08-10T10:53:28Z,2026-08-12T06:00:00Z,43.1,15.9,14.7,19.4,1.2,1.2
1-2 дня,2026-08-10T10:53:28Z,2026-08-12T09:00:00Z,46.1,16.4,15.2,23.5,1.2,1.2
1-2 дня,2026-08-10T16:52:05Z,2026-08-11T18:00:00Z,25.1,17.9,16.8,18.4,1.1,1.1
1-2 дня,2026-08-10T16:52:05Z,2026-08-11T21:00:00Z,28.1,16.3,16.3,15.0,0.0,0.0
1-2 дня,2026-08-10T16:52:05Z,2026-08-12T00:00:00Z,31.1,14.9,15.2,15.3,-0.3,0.3
1-2 дня,2026-08-10T16:52:05Z,2026-08-12T03:00:00Z,34.1,14.7,14.5,15.0,0.2,0.2
1-2 дня,2026-08-10T16:52:05Z,2026-08-12T06:00:00Z,37.1,15.0,14.7,19.4,0.3,0.3
1-2 дня,2026-08-10T16:52:05Z,2026-08-12T09:00:00Z,40.1,17.1,15.2,23.5,1.9,1.9
1-2 дня,2026-08-10T16:52:05Z,2026-08-12T12:00:00Z,43.1,17.2,11.9,24.1,5.3,5.3
1-2 дня,2026-08-10T16:52:05Z,2026-08-12T15:00:00Z,46.1,13.1,10.7,19.2,2.4,2.4
1-2 дня,2026-08-10T22:47:13Z,2026-08-12T00:00:00Z,25.2,14.9,15.2,15.3,-0.3,0.3
1-2 дня,2026-08-10T22:47:13Z,2026-08-12T03:00:00Z,28.2,14.7,14.5,15.0,0.2,0.2
1-2 дня,2026-08-10T22:47:13Z,2026-08-12T06:00:00Z,31.2,15.0,14.7,19.4,0.3,0.3
1-2 дня,2026-08-10T22:47:13Z,2026-08-12T09:00:00Z,34.2,17.1,15.2,23.5,1.9,1.9
1-2 дня,2026-08-10T22:47:13Z,2026-08-12T12:00:00Z,37.2,17.2,11.9,24.1,5.3,5.3
1-2 дня,2026-08-10T22:47:13Z,2026-08-12T15:00:00Z,40.2,13.1,10.7,19.2,2.4,2.4
1-2 дня,2026-08-10T22:47:13Z,2026-08-12T18:00:00Z,43.2,10.8,9.3,16.8,1.5,1.5
1-2 дня,2026-08-10T22:47:13Z,2026-08-12T21:00:00Z,46.2,10.1,8.4,16.3,1.7,1.7
1-2 дня,2026-08-11T05:01:49Z,2026-08-12T06:00:00Z,25.0,15.6,14.7,19.4,0.9,0.9
1-2 дня,2026-08-11T05:01:49Z,2026-08-12T09:00:00Z,28.0,15.9,15.2,23.5,0.7,0.7
1-2 дня,2026-08-11T05:01:49Z,2026-08-12T12:00:00Z,31.0,13.9,11.9,24.1,2.0,2.0
1-2 дня,2026-08-11T05:01:49Z,2026-08-12T15:00:00Z,34.0,11.7,10.7,19.2,1.0,1.0
1-2 дня,2026-08-11T05:01:49Z,2026-08-12T18:00:00Z,37.0,10.2,9.3,16.8,0.9,0.9
1-2 дня,2026-08-11T05:01:49Z,2026-08-12T21:00:00Z,40.0,9.3,8.4,16.3,0.9,0.9
1-2 дня,2026-08-11T05:01:49Z,2026-08-13T00:00:00Z,43.0,9.1,8.4,15.2,0.7,0.7
1-2 дня,2026-08-11T05:01:49Z,2026-08-13T03:00:00Z,46.0,8.9,8.4,14.5,0.5,0.5
1-2 дня,2026-08-11T10:38:45Z,2026-08-12T12:00:00Z,25.4,13.5,11.9,24.1,1.6,1.6
1-2 дня,2026-08-11T10:38:45Z,2026-08-12T15:00:00Z,28.4,12.2,10.7,19.2,1.5,1.5
1-2 дня,2026-08-11T10:38:45Z,2026-08-12T18:00:00Z,31.4,10.7,9.3,16.8,1.4,1.4
1-2 дня,2026-08-11T10:38:45Z,2026-08-12T21:00:00Z,34.4,9.8,8.4,16.3,1.4,1.4
1-2 дня,2026-08-11T10:38:45Z,2026-08-13T00:00:00Z,37.4,8.6,8.4,15.2,0.2,0.2
1-2 дня,2026-08-11T10:38:45Z,2026-08-13T03:00:00Z,40.4,8.3,8.4,14.5,-0.1,0.1
1-2 дня,2026-08-11T10:38:45Z,2026-08-13T06:00:00Z,43.4,8.4,8.2,14.7,0.2,0.2
1-2 дня,2026-08-11T10:38:45Z,2026-08-13T09:00:00Z,46.4,8.4,8.3,15.2,0.1,0.1
1-2 дня,2026-08-12T06:05:22Z,2026-08-13T09:00:00Z,26.9,9.0,8.3,15.2,0.7,0.7
1-2 дня,2026-08-12T06:05:22Z,2026-08-13T12:00:00Z,29.9,8.5,7.7,11.9,0.8,0.8
1-2 дня,2026-08-12T06:05:22Z,2026-08-13T15:00:00Z,32.9,7.8,7.3,10.7,0.5,0.5
1-2 дня,2026-08-12T06:05:22Z,2026-08-13T18:00:00Z,35.9,7.5,6.9,9.3,0.6,0.6
1-2 дня,2026-08-12T06:05:22Z,2026-08-13T21:00:00Z,38.9,7.7,7.1,8.4,0.6,0.6
1-2 дня,2026-08-12T06:05:22Z,2026-08-14T00:00:00Z,41.9,7.8,7.3,8.4,0.5,0.5
1-2 дня,2026-08-12T06:05:22Z,2026-08-14T03:00:00Z,44.9,7.9,7.4,8.4,0.5,0.5
1-2 дня,2026-08-12T06:05:22Z,2026-08-14T06:00:00Z,47.9,8.1,8.3,8.2,-0.2,0.2
1-2 дня,2026-08-12T10:47:03Z,2026-08-13T12:00:00Z,25.2,8.1,7.7,11.9,0.4,0.4
1-2 дня,2026-08-12T10:47:03Z,2026-08-13T15:00:00Z,28.2,7.5,7.3,10.7,0.2,0.2
1-2 дня,2026-08-12T10:47:03Z,2026-08-13T18:00:00Z,31.2,7.6,6.9,9.3,0.7,0.7
1-2 дня,2026-08-12T10:47:03Z,2026-08-13T21:00:00Z,34.2,7.6,7.1,8.4,0.5,0.5
1-2 дня,2026-08-12T10:47:03Z,2026-08-14T00:00:00Z,37.2,7.7,7.3,8.4,0.4,0.4
1-2 дня,2026-08-12T10:47:03Z,2026-08-14T03:00:00Z,40.2,7.9,7.4,8.4,0.5,0.5
1-2 дня,2026-08-12T10:47:03Z,2026-08-14T06:00:00Z,43.2,8.3,8.3,8.2,0.0,0.0
1-2 дня,2026-08-12T10:47:03Z,2026-08-14T09:00:00Z,46.2,11.4,9.1,8.3,2.3,2.3
1-2 дня,2026-08-12T16:54:57Z,2026-08-13T18:00:00Z,25.1,7.6,6.9,9.3,0.7,0.7
1-2 дня,2026-08-12T16:54:57Z,2026-08-13T21:00:00Z,28.1,7.3,7.1,8.4,0.2,0.2
1-2 дня,2026-08-12T16:54:57Z,2026-08-14T00:00:00Z,31.1,7.5,7.3,8.4,0.2,0.2
1-2 дня,2026-08-12T16:54:57Z,2026-08-14T03:00:00Z,34.1,7.8,7.4,8.4,0.4,0.4
1-2 дня,2026-08-12T16:54:57Z,2026-08-14T06:00:00Z,37.1,8.2,8.3,8.2,-0.1,0.1
1-2 дня,2026-08-12T16:54:57Z,2026-08-14T09:00:00Z,40.1,8.9,9.1,8.3,-0.2,0.2
1-2 дня,2026-08-12T16:54:57Z,2026-08-14T12:00:00Z,43.1,9.3,10.0,7.7,-0.7,0.7
1-2 дня,2026-08-12T16:54:57Z,2026-08-14T15:00:00Z,46.1,9.6,10.6,7.3,-1.0,1.0
1-2 дня,2026-08-12T22:50:47Z,2026-08-14T00:00:00Z,25.2,7.6,7.3,8.4,0.3,0.3
1-2 дня,2026-08-12T22:50:47Z,2026-08-14T03:00:00Z,28.2,7.8,7.4,8.4,0.4,0.4
1-2 дня,2026-08-12T22:50:47Z,2026-08-14T06:00:00Z,31.2,8.2,8.3,8.2,-0.1,0.1
1-2 дня,2026-08-12T22:50:47Z,2026-08-14T09:00:00Z,34.2,8.7,9.1,8.3,-0.4,0.4
1-2 дня,2026-08-12T22:50:47Z,2026-08-14T12:00:00Z,37.2,10.0,10.0,7.7,0.0,0.0
1-2 дня,2026-08-12T22:50:47Z,2026-08-14T15:00:00Z,40.2,11.2,10.6,7.3,0.6,0.6
1-2 дня,2026-08-12T22:50:47Z,2026-08-14T18:00:00Z,43.2,8.4,8.7,6.9,-0.3,0.3
1-2 дня,2026-08-12T22:50:47Z,2026-08-14T21:00:00Z,46.2,6.8,8.0,7.1,-1.2,1.2
1-2 дня,2026-08-13T05:30:08Z,2026-08-14T06:00:00Z,24.5,8.2,8.3,8.2,-0.1,0.1
1-2 дня,2026-08-13T05:30:08Z,2026-08-14T09:00:00Z,27.5,8.7,9.1,8.3,-0.4,0.4
1-2 дня,2026-08-13T05:30:08Z,2026-08-14T12:00:00Z,30.5,9.5,10.0,7.7,-0.5,0.5
1-2 дня,2026-08-13T05:30:08Z,2026-08-14T15:00:00Z,33.5,11.1,10.6,7.3,0.5,0.5
1-2 дня,2026-08-13T05:30:08Z,2026-08-14T18:00:00Z,36.5,8.4,8.7,6.9,-0.3,0.3
1-2 дня,2026-08-13T05:30:08Z,2026-08-14T21:00:00Z,39.5,6.7,8.0,7.1,-1.3,1.3
1-2 дня,2026-08-13T05:30:08Z,2026-08-15T00:00:00Z,42.5,6.0,6.3,7.3,-0.3,0.3
1-2 дня,2026-08-13T05:30:08Z,2026-08-15T03:00:00Z,45.5,6.9,7.6,7.4,-0.7,0.7
1-2 дня,2026-08-13T10:49:01Z,2026-08-14T12:00:00Z,25.2,10.2,10.0,7.7,0.2,0.2
1-2 дня,2026-08-13T10:49:01Z,2026-08-14T15:00:00Z,28.2,11.7,10.6,7.3,1.1,1.1
1-2 дня,2026-08-13T10:49:01Z,2026-08-14T18:00:00Z,31.2,8.3,8.7,6.9,-0.4,0.4
1-2 дня,2026-08-13T10:49:01Z,2026-08-14T21:00:00Z,34.2,7.1,8.0,7.1,-0.9,0.9
1-2 дня,2026-08-13T10:49:01Z,2026-08-15T00:00:00Z,37.2,6.6,6.3,7.3,0.3,0.3
1-2 дня,2026-08-13T10:49:01Z,2026-08-15T03:00:00Z,40.2,7.1,7.6,7.4,-0.5,0.5
1-2 дня,2026-08-13T10:49:01Z,2026-08-15T06:00:00Z,43.2,10.1,8.6,8.3,1.5,1.5
1-2 дня,2026-08-13T10:49:01Z,2026-08-15T09:00:00Z,46.2,12.6,10.9,9.1,1.7,1.7
1-2 дня,2026-08-13T16:36:10Z,2026-08-14T18:00:00Z,25.4,9.5,8.7,6.9,0.8,0.8
1-2 дня,2026-08-13T16:36:10Z,2026-08-14T21:00:00Z,28.4,7.1,8.0,7.1,-0.9,0.9
1-2 дня,2026-08-13T16:36:10Z,2026-08-15T00:00:00Z,31.4,6.3,6.3,7.3,0.0,0.0
1-2 дня,2026-08-13T16:36:10Z,2026-08-15T03:00:00Z,34.4,7.1,7.6,7.4,-0.5,0.5
1-2 дня,2026-08-13T16:36:10Z,2026-08-15T06:00:00Z,37.4,9.9,8.6,8.3,1.3,1.3
1-2 дня,2026-08-13T16:36:10Z,2026-08-15T09:00:00Z,40.4,12.6,10.9,9.1,1.7,1.7
1-2 дня,2026-08-13T16:36:10Z,2026-08-15T12:00:00Z,43.4,13.4,13.4,10.0,0.0,0.0
1-2 дня,2026-08-13T16:36:10Z,2026-08-15T15:00:00Z,46.4,12.9,13.0,10.6,-0.1,0.1
1-2 дня,2026-08-13T16:42:24Z,2026-08-14T18:00:00Z,25.3,9.5,8.7,6.9,0.8,0.8
1-2 дня,2026-08-13T16:42:24Z,2026-08-14T21:00:00Z,28.3,7.1,8.0,7.1,-0.9,0.9
1-2 дня,2026-08-13T16:42:24Z,2026-08-15T00:00:00Z,31.3,6.3,6.3,7.3,0.0,0.0
1-2 дня,2026-08-13T16:42:24Z,2026-08-15T03:00:00Z,34.3,7.1,7.6,7.4,-0.5,0.5
1-2 дня,2026-08-13T16:42:24Z,2026-08-15T06:00:00Z,37.3,9.9,8.6,8.3,1.3,1.3
1-2 дня,2026-08-13T16:42:24Z,2026-08-15T09:00:00Z,40.3,12.6,10.9,9.1,1.7,1.7
1-2 дня,2026-08-13T16:42:24Z,2026-08-15T12:00:00Z,43.3,13.4,13.4,10.0,0.0,0.0
1-2 дня,2026-08-13T16:42:24Z,2026-08-15T15:00:00Z,46.3,12.9,13.0,10.6,-0.1,0.1
1-2 дня,2026-08-13T16:54:22Z,2026-08-14T18:00:00Z,25.1,9.5,8.7,6.9,0.8,0.8
1-2 дня,2026-08-13T16:54:22Z,2026-08-14T21:00:00Z,28.1,7.1,8.0,7.1,-0.9,0.9
1-2 дня,2026-08-13T16:54:22Z,2026-08-15T00:00:00Z,31.1,6.3,6.3,7.3,0.0,0.0
1-2 дня,2026-08-13T16:54:22Z,2026-08-15T03:00:00Z,34.1,7.1,7.6,7.4,-0.5,0.5
1-2 дня,2026-08-13T16:54:22Z,2026-08-15T06:00:00Z,37.1,9.9,8.6,8.3,1.3,1.3
1-2 дня,2026-08-13T16:54:22Z,2026-08-15T09:00:00Z,40.1,12.6,10.9,9.1,1.7,1.7
1-2 дня,2026-08-13T16:54:22Z,2026-08-15T12:00:00Z,43.1,13.4,13.4,10.0,0.0,0.0
1-2 дня,2026-08-13T16:54:22Z,2026-08-15T15:00:00Z,46.1,12.9,13.0,10.6,-0.1,0.1
1-2 дня,2026-08-13T22:52:17Z,2026-08-15T00:00:00Z,25.1,6.5,6.3,7.3,0.2,0.2
1-2 дня,2026-08-13T22:52:17Z,2026-08-15T03:00:00Z,28.1,7.7,7.6,7.4,0.1,0.1
1-2 дня,2026-08-13T22:52:17Z,2026-08-15T06:00:00Z,31.1,9.5,8.6,8.3,0.9,0.9
1-2 дня,2026-08-13T22:52:17Z,2026-08-15T09:00:00Z,34.1,11.8,10.9,9.1,0.9,0.9
1-2 дня,2026-08-13T22:52:17Z,2026-08-15T12:00:00Z,37.1,13.1,13.4,10.0,-0.3,0.3
1-2 дня,2026-08-13T22:52:17Z,2026-08-15T15:00:00Z,40.1,13.5,13.0,10.6,0.5,0.5
1-2 дня,2026-08-13T22:52:17Z,2026-08-15T18:00:00Z,43.1,10.9,12.2,8.7,-1.3,1.3
1-2 дня,2026-08-13T22:52:17Z,2026-08-15T21:00:00Z,46.1,9.6,11.3,8.0,-1.7,1.7
1-2 дня,2026-08-14T05:28:14Z,2026-08-15T06:00:00Z,24.5,8.8,8.6,8.3,0.2,0.2
1-2 дня,2026-08-14T05:28:14Z,2026-08-15T09:00:00Z,27.5,11.9,10.9,9.1,1.0,1.0
1-2 дня,2026-08-14T05:28:14Z,2026-08-15T12:00:00Z,30.5,13.0,13.4,10.0,-0.4,0.4
1-2 дня,2026-08-14T05:28:14Z,2026-08-15T15:00:00Z,33.5,13.6,13.0,10.6,0.6,0.6
1-2 дня,2026-08-14T05:28:14Z,2026-08-15T18:00:00Z,36.5,11.8,12.2,8.7,-0.4,0.4
1-2 дня,2026-08-14T05:28:14Z,2026-08-15T21:00:00Z,39.5,9.8,11.3,8.0,-1.5,1.5
1-2 дня,2026-08-14T05:28:14Z,2026-08-16T00:00:00Z,42.5,9.5,10.8,6.3,-1.3,1.3
1-2 дня,2026-08-14T05:28:14Z,2026-08-16T03:00:00Z,45.5,10.0,10.1,7.6,-0.1,0.1
1-2 дня,2026-08-14T10:44:54Z,2026-08-15T12:00:00Z,25.3,14.4,13.4,10.0,1.0,1.0
1-2 дня,2026-08-14T10:44:54Z,2026-08-15T15:00:00Z,28.3,13.8,13.0,10.6,0.8,0.8
1-2 дня,2026-08-14T10:44:54Z,2026-08-15T18:00:00Z,31.3,11.6,12.2,8.7,-0.6,0.6
1-2 дня,2026-08-14T10:44:54Z,2026-08-15T21:00:00Z,34.3,9.7,11.3,8.0,-1.6,1.6
1-2 дня,2026-08-14T10:44:54Z,2026-08-16T00:00:00Z,37.3,9.5,10.8,6.3,-1.3,1.3
1-2 дня,2026-08-14T10:44:54Z,2026-08-16T03:00:00Z,40.3,10.0,10.1,7.6,-0.1,0.1
1-2 дня,2026-08-14T10:44:54Z,2026-08-16T06:00:00Z,43.3,11.4,12.3,8.6,-0.9,0.9
1-2 дня,2026-08-14T10:44:54Z,2026-08-16T09:00:00Z,46.3,14.0,14.3,10.9,-0.3,0.3
1-2 дня,2026-08-14T16:48:33Z,2026-08-15T18:00:00Z,25.2,12.5,12.2,8.7,0.3,0.3
1-2 дня,2026-08-14T16:48:33Z,2026-08-15T21:00:00Z,28.2,10.2,11.3,8.0,-1.1,1.1
1-2 дня,2026-08-14T16:48:33Z,2026-08-16T00:00:00Z,31.2,9.7,10.8,6.3,-1.1,1.1
1-2 дня,2026-08-14T16:48:33Z,2026-08-16T03:00:00Z,34.2,9.9,10.1,7.6,-0.2,0.2
1-2 дня,2026-08-14T16:48:33Z,2026-08-16T06:00:00Z,37.2,11.3,12.3,8.6,-1.0,1.0
1-2 дня,2026-08-14T16:48:33Z,2026-08-16T09:00:00Z,40.2,14.1,14.3,10.9,-0.2,0.2
1-2 дня,2026-08-14T16:48:33Z,2026-08-16T12:00:00Z,43.2,15.2,16.0,13.4,-0.8,0.8
1-2 дня,2026-08-14T16:48:33Z,2026-08-16T15:00:00Z,46.2,15.4,16.2,13.0,-0.8,0.8
1-2 дня,2026-08-14T22:30:55Z,2026-08-16T00:00:00Z,25.5,9.9,10.8,6.3,-0.9,0.9
1-2 дня,2026-08-14T22:30:55Z,2026-08-16T03:00:00Z,28.5,10.1,10.1,7.6,0.0,0.0
1-2 дня,2026-08-14T22:30:55Z,2026-08-16T06:00:00Z,31.5,12.5,12.3,8.6,0.2,0.2
1-2 дня,2026-08-14T22:30:55Z,2026-08-16T09:00:00Z,34.5,14.9,14.3,10.9,0.6,0.6
1-2 дня,2026-08-14T22:30:55Z,2026-08-16T12:00:00Z,37.5,16.2,16.0,13.4,0.2,0.2
1-2 дня,2026-08-14T22:30:55Z,2026-08-16T15:00:00Z,40.5,16.3,16.2,13.0,0.1,0.1
1-2 дня,2026-08-14T22:30:55Z,2026-08-16T18:00:00Z,43.5,12.2,11.2,12.2,1.0,1.0
1-2 дня,2026-08-14T22:30:55Z,2026-08-16T21:00:00Z,46.5,10.0,9.4,11.3,0.6,0.6
1-2 дня,2026-08-15T04:24:15Z,2026-08-16T06:00:00Z,25.6,12.2,12.3,8.6,-0.1,0.1
1-2 дня,2026-08-15T04:24:15Z,2026-08-16T09:00:00Z,28.6,14.3,14.3,10.9,0.0,0.0
1-2 дня,2026-08-15T04:24:15Z,2026-08-16T12:00:00Z,31.6,14.6,16.0,13.4,-1.4,1.4
1-2 дня,2026-08-15T04:24:15Z,2026-08-16T15:00:00Z,34.6,14.8,16.2,13.0,-1.4,1.4
1-2 дня,2026-08-15T04:24:15Z,2026-08-16T18:00:00Z,37.6,12.8,11.2,12.2,1.6,1.6
1-2 дня,2026-08-15T04:24:15Z,2026-08-16T21:00:00Z,40.6,10.7,9.4,11.3,1.3,1.3
1-2 дня,2026-08-15T04:24:15Z,2026-08-17T00:00:00Z,43.6,9.4,9.3,10.8,0.1,0.1
1-2 дня,2026-08-15T04:24:15Z,2026-08-17T03:00:00Z,46.6,10.2,9.1,10.1,1.1,1.1
1-2 дня,2026-08-15T10:09:15Z,2026-08-16T12:00:00Z,25.8,14.8,16.0,13.4,-1.2,1.2
1-2 дня,2026-08-15T10:09:15Z,2026-08-16T15:00:00Z,28.8,14.5,16.2,13.0,-1.7,1.7
1-2 дня,2026-08-15T10:09:15Z,2026-08-16T18:00:00Z,31.8,13.1,11.2,12.2,1.9,1.9
1-2 дня,2026-08-15T10:09:15Z,2026-08-16T21:00:00Z,34.8,12.1,9.4,11.3,2.7,2.7
1-2 дня,2026-08-15T10:09:15Z,2026-08-17T00:00:00Z,37.8,9.8,9.3,10.8,0.5,0.5
1-2 дня,2026-08-15T10:09:15Z,2026-08-17T03:00:00Z,40.8,10.5,9.1,10.1,1.4,1.4
1-2 дня,2026-08-15T10:09:15Z,2026-08-17T06:00:00Z,43.8,12.6,15.0,12.3,-2.4,2.4
1-2 дня,2026-08-15T10:09:15Z,2026-08-17T09:00:00Z,46.8,15.6,17.9,14.3,-2.3,2.3
1-2 дня,2026-08-15T16:20:39Z,2026-08-16T18:00:00Z,25.7,12.9,11.2,12.2,1.7,1.7
1-2 дня,2026-08-15T16:20:39Z,2026-08-16T21:00:00Z,28.7,12.0,9.4,11.3,2.6,2.6
1-2 дня,2026-08-15T16:20:39Z,2026-08-17T00:00:00Z,31.7,9.5,9.3,10.8,0.2,0.2
1-2 дня,2026-08-15T16:20:39Z,2026-08-17T03:00:00Z,34.7,10.1,9.1,10.1,1.0,1.0
1-2 дня,2026-08-15T16:20:39Z,2026-08-17T06:00:00Z,37.7,14.4,15.0,12.3,-0.6,0.6
1-2 дня,2026-08-15T16:20:39Z,2026-08-17T09:00:00Z,40.7,17.5,17.9,14.3,-0.4,0.4
1-2 дня,2026-08-15T16:20:39Z,2026-08-17T12:00:00Z,43.7,18.9,19.5,16.0,-0.6,0.6
1-2 дня,2026-08-15T16:20:39Z,2026-08-17T15:00:00Z,46.7,17.5,19.1,16.2,-1.6,1.6
1-2 дня,2026-08-15T22:29:33Z,2026-08-17T00:00:00Z,25.5,9.7,9.3,10.8,0.4,0.4
1-2 дня,2026-08-15T22:29:33Z,2026-08-17T03:00:00Z,28.5,9.9,9.1,10.1,0.8,0.8
1-2 дня,2026-08-15T22:29:33Z,2026-08-17T06:00:00Z,31.5,14.1,15.0,12.3,-0.9,0.9
1-2 дня,2026-08-15T22:29:33Z,2026-08-17T09:00:00Z,34.5,17.6,17.9,14.3,-0.3,0.3
1-2 дня,2026-08-15T22:29:33Z,2026-08-17T12:00:00Z,37.5,19.0,19.5,16.0,-0.5,0.5
1-2 дня,2026-08-15T22:29:33Z,2026-08-17T15:00:00Z,40.5,18.4,19.1,16.2,-0.7,0.7
1-2 дня,2026-08-15T22:29:33Z,2026-08-17T18:00:00Z,43.5,14.9,14.5,11.2,0.4,0.4
1-2 дня,2026-08-15T22:29:33Z,2026-08-17T21:00:00Z,46.5,11.9,13.0,9.4,-1.1,1.1
1-2 дня,2026-08-16T04:29:41Z,2026-08-17T06:00:00Z,25.5,14.5,15.0,12.3,-0.5,0.5
1-2 дня,2026-08-16T04:29:41Z,2026-08-17T09:00:00Z,28.5,17.5,17.9,14.3,-0.4,0.4
1-2 дня,2026-08-16T04:29:41Z,2026-08-17T12:00:00Z,31.5,19.0,19.5,16.0,-0.5,0.5
1-2 дня,2026-08-16T04:29:41Z,2026-08-17T15:00:00Z,34.5,18.4,19.1,16.2,-0.7,0.7
1-2 дня,2026-08-16T04:29:41Z,2026-08-17T18:00:00Z,37.5,13.5,14.5,11.2,-1.0,1.0
1-2 дня,2026-08-16T04:29:41Z,2026-08-17T21:00:00Z,40.5,11.3,13.0,9.4,-1.7,1.7
1-2 дня,2026-08-16T04:29:41Z,2026-08-18T00:00:00Z,43.5,10.0,13.0,9.3,-3.0,3.0
1-2 дня,2026-08-16T04:29:41Z,2026-08-18T03:00:00Z,46.5,11.9,12.6,9.1,-0.7,0.7
1-2 дня,2026-08-16T07:21:44Z,2026-08-17T09:00:00Z,25.6,18.4,17.9,14.3,0.5,0.5
1-2 дня,2026-08-16T07:21:44Z,2026-08-17T12:00:00Z,28.6,19.3,19.5,16.0,-0.2,0.2
1-2 дня,2026-08-16T07:21:44Z,2026-08-17T15:00:00Z,31.6,18.8,19.1,16.2,-0.3,0.3
1-2 дня,2026-08-16T07:21:44Z,2026-08-17T18:00:00Z,34.6,15.0,14.5,11.2,0.5,0.5
1-2 дня,2026-08-16T07:21:44Z,2026-08-17T21:00:00Z,37.6,12.7,13.0,9.4,-0.3,0.3
1-2 дня,2026-08-16T07:21:44Z,2026-08-18T00:00:00Z,40.6,11.1,13.0,9.3,-1.9,1.9
1-2 дня,2026-08-16T07:21:44Z,2026-08-18T03:00:00Z,43.6,11.8,12.6,9.1,-0.8,0.8
1-2 дня,2026-08-16T07:21:44Z,2026-08-18T06:00:00Z,46.6,15.8,15.4,15.0,0.4,0.4
1-2 дня,2026-08-16T10:09:47Z,2026-08-17T12:00:00Z,25.8,19.3,19.5,16.0,-0.2,0.2
1-2 дня,2026-08-16T10:09:47Z,2026-08-17T15:00:00Z,28.8,18.8,19.1,16.2,-0.3,0.3
1-2 дня,2026-08-16T10:09:47Z,2026-08-17T18:00:00Z,31.8,15.0,14.5,11.2,0.5,0.5
1-2 дня,2026-08-16T10:09:47Z,2026-08-17T21:00:00Z,34.8,12.7,13.0,9.4,-0.3,0.3
1-2 дня,2026-08-16T10:09:47Z,2026-08-18T00:00:00Z,37.8,11.1,13.0,9.3,-1.9,1.9
1-2 дня,2026-08-16T10:09:47Z,2026-08-18T03:00:00Z,40.8,11.8,12.6,9.1,-0.8,0.8
1-2 дня,2026-08-16T10:09:47Z,2026-08-18T06:00:00Z,43.8,15.8,15.4,15.0,0.4,0.4
1-2 дня,2026-08-16T10:09:47Z,2026-08-18T09:00:00Z,46.8,18.7,18.7,17.9,0.0,0.0
1-2 дня,2026-08-16T16:21:00Z,2026-08-17T18:00:00Z,25.6,13.6,14.5,11.2,-0.9,0.9
1-2 дня,2026-08-16T16:21:00Z,2026-08-17T21:00:00Z,28.6,12.7,13.0,9.4,-0.3,0.3
1-2 дня,2026-08-16T16:21:00Z,2026-08-18T00:00:00Z,31.6,12.4,13.0,9.3,-0.6,0.6
1-2 дня,2026-08-16T16:21:00Z,2026-08-18T03:00:00Z,34.6,12.4,12.6,9.1,-0.2,0.2
1-2 дня,2026-08-16T16:21:00Z,2026-08-18T06:00:00Z,37.6,13.8,15.4,15.0,-1.6,1.6
1-2 дня,2026-08-16T16:21:00Z,2026-08-18T09:00:00Z,40.6,16.2,18.7,17.9,-2.5,2.5
1-2 дня,2026-08-16T16:21:00Z,2026-08-18T12:00:00Z,43.6,16.9,18.5,19.5,-1.6,1.6
1-2 дня,2026-08-16T16:21:00Z,2026-08-18T15:00:00Z,46.6,15.9,18.8,19.1,-2.9,2.9
1-2 дня,2026-08-16T22:29:34Z,2026-08-18T00:00:00Z,25.5,12.4,13.0,9.3,-0.6,0.6
1-2 дня,2026-08-16T22:29:34Z,2026-08-18T03:00:00Z,28.5,12.4,12.6,9.1,-0.2,0.2
1-2 дня,2026-08-16T22:29:34Z,2026-08-18T06:00:00Z,31.5,13.8,15.4,15.0,-1.6,1.6
1-2 дня,2026-08-16T22:29:34Z,2026-08-18T09:00:00Z,34.5,16.2,18.7,17.9,-2.5,2.5
1-2 дня,2026-08-16T22:29:34Z,2026-08-18T12:00:00Z,37.5,16.9,18.5,19.5,-1.6,1.6
1-2 дня,2026-08-16T22:29:34Z,2026-08-18T15:00:00Z,40.5,15.9,18.8,19.1,-2.9,2.9
1-2 дня,2026-08-16T22:29:34Z,2026-08-18T18:00:00Z,43.5,13.5,14.0,14.5,-0.5,0.5
1-2 дня,2026-08-16T22:29:34Z,2026-08-18T21:00:00Z,46.5,13.6,12.0,13.0,1.6,1.6
1-2 дня,2026-08-17T04:35:30Z,2026-08-18T06:00:00Z,25.4,16.7,15.4,15.0,1.3,1.3
1-2 дня,2026-08-17T04:35:30Z,2026-08-18T09:00:00Z,28.4,19.0,18.7,17.9,0.3,0.3
1-2 дня,2026-08-17T04:35:30Z,2026-08-18T12:00:00Z,31.4,19.9,18.5,19.5,1.4,1.4
1-2 дня,2026-08-17T04:35:30Z,2026-08-18T15:00:00Z,34.4,18.8,18.8,19.1,0.0,0.0
1-2 дня,2026-08-17T04:35:30Z,2026-08-18T18:00:00Z,37.4,14.7,14.0,14.5,0.7,0.7
1-2 дня,2026-08-17T04:35:30Z,2026-08-18T21:00:00Z,40.4,13.0,12.0,13.0,1.0,1.0
1-2 дня,2026-08-17T04:35:30Z,2026-08-19T00:00:00Z,43.4,11.7,12.5,13.0,-0.8,0.8
1-2 дня,2026-08-17T04:35:30Z,2026-08-19T03:00:00Z,46.4,12.0,13.3,12.6,-1.3,1.3
1-2 дня,2026-08-17T10:18:11Z,2026-08-18T12:00:00Z,25.7,20.4,18.5,19.5,1.9,1.9
1-2 дня,2026-08-17T10:18:11Z,2026-08-18T15:00:00Z,28.7,19.2,18.8,19.1,0.4,0.4
1-2 дня,2026-08-17T10:18:11Z,2026-08-18T18:00:00Z,31.7,15.1,14.0,14.5,1.1,1.1
1-2 дня,2026-08-17T10:18:11Z,2026-08-18T21:00:00Z,34.7,13.1,12.0,13.0,1.1,1.1
1-2 дня,2026-08-17T10:18:11Z,2026-08-19T00:00:00Z,37.7,12.0,12.5,13.0,-0.5,0.5
1-2 дня,2026-08-17T10:18:11Z,2026-08-19T03:00:00Z,40.7,12.5,13.3,12.6,-0.8,0.8
1-2 дня,2026-08-17T10:18:11Z,2026-08-19T06:00:00Z,43.7,16.7,14.3,15.4,2.4,2.4
1-2 дня,2026-08-17T10:18:11Z,2026-08-19T09:00:00Z,46.7,19.8,17.4,18.7,2.4,2.4
1-2 дня,2026-08-17T16:23:45Z,2026-08-18T18:00:00Z,25.6,14.5,14.0,14.5,0.5,0.5
1-2 дня,2026-08-17T16:23:45Z,2026-08-18T21:00:00Z,28.6,12.4,12.0,13.0,0.4,0.4
1-2 дня,2026-08-17T16:23:45Z,2026-08-19T00:00:00Z,31.6,11.6,12.5,13.0,-0.9,0.9
1-2 дня,2026-08-17T16:23:45Z,2026-08-19T03:00:00Z,34.6,12.1,13.3,12.6,-1.2,1.2
1-2 дня,2026-08-17T16:23:45Z,2026-08-19T06:00:00Z,37.6,15.8,14.3,15.4,1.5,1.5
1-2 дня,2026-08-17T16:23:45Z,2026-08-19T09:00:00Z,40.6,18.2,17.4,18.7,0.8,0.8
1-2 дня,2026-08-17T16:23:45Z,2026-08-19T12:00:00Z,43.6,19.2,19.6,18.5,-0.4,0.4
1-2 дня,2026-08-17T16:23:45Z,2026-08-19T15:00:00Z,46.6,18.9,17.6,18.8,1.3,1.3
1-2 дня,2026-08-17T22:31:28Z,2026-08-19T00:00:00Z,25.5,12.2,12.5,13.0,-0.3,0.3
1-2 дня,2026-08-17T22:31:28Z,2026-08-19T03:00:00Z,28.5,12.4,13.3,12.6,-0.9,0.9
1-2 дня,2026-08-17T22:31:28Z,2026-08-19T06:00:00Z,31.5,15.9,14.3,15.4,1.6,1.6
1-2 дня,2026-08-17T22:31:28Z,2026-08-19T09:00:00Z,34.5,18.4,17.4,18.7,1.0,1.0
1-2 дня,2026-08-17T22:31:28Z,2026-08-19T12:00:00Z,37.5,19.5,19.6,18.5,-0.1,0.1
1-2 дня,2026-08-17T22:31:28Z,2026-08-19T15:00:00Z,40.5,18.9,17.6,18.8,1.3,1.3
1-2 дня,2026-08-17T22:31:28Z,2026-08-19T18:00:00Z,43.5,17.1,14.6,14.0,2.5,2.5
1-2 дня,2026-08-17T22:31:28Z,2026-08-19T21:00:00Z,46.5,15.9,15.0,12.0,0.9,0.9
1-2 дня,2026-08-18T04:30:05Z,2026-08-19T06:00:00Z,25.5,14.8,14.3,15.4,0.5,0.5
1-2 дня,2026-08-18T04:30:05Z,2026-08-19T09:00:00Z,28.5,17.5,17.4,18.7,0.1,0.1
1-2 дня,2026-08-18T04:30:05Z,2026-08-19T12:00:00Z,31.5,19.0,19.6,18.5,-0.6,0.6
1-2 дня,2026-08-18T04:30:05Z,2026-08-19T15:00:00Z,34.5,18.6,17.6,18.8,1.0,1.0
1-2 дня,2026-08-18T04:30:05Z,2026-08-19T18:00:00Z,37.5,16.1,14.6,14.0,1.5,1.5
1-2 дня,2026-08-18T04:30:05Z,2026-08-19T21:00:00Z,40.5,14.7,15.0,12.0,-0.3,0.3
1-2 дня,2026-08-18T04:30:05Z,2026-08-20T00:00:00Z,43.5,14.8,15.1,12.5,-0.3,0.3
1-2 дня,2026-08-18T04:30:05Z,2026-08-20T03:00:00Z,46.5,14.3,15.2,13.3,-0.9,0.9
1-2 дня,2026-08-18T10:14:55Z,2026-08-19T12:00:00Z,25.8,18.8,19.6,18.5,-0.8,0.8
1-2 дня,2026-08-18T10:14:55Z,2026-08-19T15:00:00Z,28.8,18.8,17.6,18.8,1.2,1.2
1-2 дня,2026-08-18T10:14:55Z,2026-08-19T18:00:00Z,31.8,16.5,14.6,14.0,1.9,1.9
1-2 дня,2026-08-18T10:14:55Z,2026-08-19T21:00:00Z,34.8,15.0,15.0,12.0,0.0,0.0
1-2 дня,2026-08-18T10:14:55Z,2026-08-20T00:00:00Z,37.8,14.3,15.1,12.5,-0.8,0.8
1-2 дня,2026-08-18T10:14:55Z,2026-08-20T03:00:00Z,40.8,14.0,15.2,13.3,-1.2,1.2
1-2 дня,2026-08-18T10:14:55Z,2026-08-20T06:00:00Z,43.8,15.3,15.0,14.3,0.3,0.3
1-2 дня,2026-08-18T10:14:55Z,2026-08-20T09:00:00Z,46.8,15.7,15.1,17.4,0.6,0.6
1-2 дня,2026-08-18T16:27:50Z,2026-08-19T18:00:00Z,25.5,15.3,14.6,14.0,0.7,0.7
1-2 дня,2026-08-18T16:27:50Z,2026-08-19T21:00:00Z,28.5,14.7,15.0,12.0,-0.3,0.3
1-2 дня,2026-08-18T16:27:50Z,2026-08-20T00:00:00Z,31.5,14.2,15.1,12.5,-0.9,0.9
1-2 дня,2026-08-18T16:27:50Z,2026-08-20T03:00:00Z,34.5,14.4,15.2,13.3,-0.8,0.8
1-2 дня,2026-08-18T16:27:50Z,2026-08-20T06:00:00Z,37.5,14.3,15.0,14.3,-0.7,0.7
1-2 дня,2026-08-18T16:27:50Z,2026-08-20T09:00:00Z,40.5,15.9,15.1,17.4,0.8,0.8
1-2 дня,2026-08-18T16:27:50Z,2026-08-20T12:00:00Z,43.5,16.7,16.7,19.6,0.0,0.0
1-2 дня,2026-08-18T16:27:50Z,2026-08-20T15:00:00Z,46.5,15.6,15.2,17.6,0.4,0.4
1-2 дня,2026-08-18T22:31:39Z,2026-08-20T00:00:00Z,25.5,14.2,15.1,12.5,-0.9,0.9
1-2 дня,2026-08-18T22:31:39Z,2026-08-20T03:00:00Z,28.5,14.5,15.2,13.3,-0.7,0.7
1-2 дня,2026-08-18T22:31:39Z,2026-08-20T06:00:00Z,31.5,14.9,15.0,14.3,-0.1,0.1
1-2 дня,2026-08-18T22:31:39Z,2026-08-20T09:00:00Z,34.5,15.6,15.1,17.4,0.5,0.5
1-2 дня,2026-08-18T22:31:39Z,2026-08-20T12:00:00Z,37.5,16.7,16.7,19.6,0.0,0.0
1-2 дня,2026-08-18T22:31:39Z,2026-08-20T15:00:00Z,40.5,15.0,15.2,17.6,-0.2,0.2
1-2 дня,2026-08-18T22:31:39Z,2026-08-20T18:00:00Z,43.5,13.6,13.8,14.6,-0.2,0.2
1-2 дня,2026-08-18T22:31:39Z,2026-08-20T21:00:00Z,46.5,13.8,13.9,15.0,-0.1,0.1
1-2 дня,2026-08-19T04:31:14Z,2026-08-20T06:00:00Z,25.5,15.1,15.0,14.3,0.1,0.1
1-2 дня,2026-08-19T04:31:14Z,2026-08-20T09:00:00Z,28.5,14.9,15.1,17.4,-0.2,0.2
1-2 дня,2026-08-19T04:31:14Z,2026-08-20T12:00:00Z,31.5,16.6,16.7,19.6,-0.1,0.1
1-2 дня,2026-08-19T04:31:14Z,2026-08-20T15:00:00Z,34.5,14.6,15.2,17.6,-0.6,0.6
1-2 дня,2026-08-19T04:31:14Z,2026-08-20T18:00:00Z,37.5,13.8,13.8,14.6,0.0,0.0
1-2 дня,2026-08-19T04:31:14Z,2026-08-20T21:00:00Z,40.5,13.7,13.9,15.0,-0.2,0.2
1-2 дня,2026-08-19T04:31:14Z,2026-08-21T00:00:00Z,43.5,13.0,13.1,15.1,-0.1,0.1
1-2 дня,2026-08-19T04:31:14Z,2026-08-21T03:00:00Z,46.5,12.6,12.4,15.2,0.2,0.2
1-2 дня,2026-08-19T10:14:48Z,2026-08-20T12:00:00Z,25.8,15.6,16.7,19.6,-1.1,1.1
1-2 дня,2026-08-19T10:14:48Z,2026-08-20T15:00:00Z,28.8,16.2,15.2,17.6,1.0,1.0
1-2 дня,2026-08-19T10:14:48Z,2026-08-20T18:00:00Z,31.8,14.9,13.8,14.6,1.1,1.1
1-2 дня,2026-08-19T10:14:48Z,2026-08-20T21:00:00Z,34.8,15.0,13.9,15.0,1.1,1.1
1-2 дня,2026-08-19T10:14:48Z,2026-08-21T00:00:00Z,37.8,14.4,13.1,15.1,1.3,1.3
1-2 дня,2026-08-19T10:14:48Z,2026-08-21T03:00:00Z,40.8,13.3,12.4,15.2,0.9,0.9
1-2 дня,2026-08-19T10:14:48Z,2026-08-21T06:00:00Z,43.8,15.8,15.9,15.0,-0.1,0.1
1-2 дня,2026-08-19T10:14:48Z,2026-08-21T09:00:00Z,46.8,18.5,17.9,15.1,0.6,0.6
1-2 дня,2026-08-19T16:28:17Z,2026-08-20T18:00:00Z,25.5,14.9,13.8,14.6,1.1,1.1
1-2 дня,2026-08-19T16:28:17Z,2026-08-20T21:00:00Z,28.5,13.9,13.9,15.0,0.0,0.0
1-2 дня,2026-08-19T16:28:17Z,2026-08-21T00:00:00Z,31.5,13.8,13.1,15.1,0.7,0.7
1-2 дня,2026-08-19T16:28:17Z,2026-08-21T03:00:00Z,34.5,12.6,12.4,15.2,0.2,0.2
1-2 дня,2026-08-19T16:28:17Z,2026-08-21T06:00:00Z,37.5,14.7,15.9,15.0,-1.2,1.2
1-2 дня,2026-08-19T16:28:17Z,2026-08-21T09:00:00Z,40.5,18.9,17.9,15.1,1.0,1.0
1-2 дня,2026-08-19T16:28:17Z,2026-08-21T12:00:00Z,43.5,19.6,18.3,16.7,1.3,1.3
1-2 дня,2026-08-19T16:28:17Z,2026-08-21T15:00:00Z,46.5,18.7,15.5,15.2,3.2,3.2
1-2 дня,2026-08-20T04:31:56Z,2026-08-21T06:00:00Z,25.5,15.8,15.9,15.0,-0.1,0.1
1-2 дня,2026-08-20T04:31:56Z,2026-08-21T09:00:00Z,28.5,18.9,17.9,15.1,1.0,1.0
1-2 дня,2026-08-20T04:31:56Z,2026-08-21T12:00:00Z,31.5,19.6,18.3,16.7,1.3,1.3
1-2 дня,2026-08-20T04:31:56Z,2026-08-21T15:00:00Z,34.5,17.4,15.5,15.2,1.9,1.9
1-2 дня,2026-08-20T04:31:56Z,2026-08-21T18:00:00Z,37.5,14.3,14.0,13.8,0.3,0.3
1-2 дня,2026-08-20T04:31:56Z,2026-08-21T21:00:00Z,40.5,12.8,13.4,13.9,-0.6,0.6
1-2 дня,2026-08-20T04:31:56Z,2026-08-22T00:00:00Z,43.5,13.1,13.5,13.1,-0.4,0.4
1-2 дня,2026-08-20T04:31:56Z,2026-08-22T03:00:00Z,46.5,12.9,14.2,12.4,-1.3,1.3
1-2 дня,2026-08-20T10:16:10Z,2026-08-21T12:00:00Z,25.7,19.5,18.3,16.7,1.2,1.2
1-2 дня,2026-08-20T10:16:10Z,2026-08-21T15:00:00Z,28.7,17.3,15.5,15.2,1.8,1.8
1-2 дня,2026-08-20T10:16:10Z,2026-08-21T18:00:00Z,31.7,14.7,14.0,13.8,0.7,0.7
1-2 дня,2026-08-20T10:16:10Z,2026-08-21T21:00:00Z,34.7,13.3,13.4,13.9,-0.1,0.1
1-2 дня,2026-08-20T10:16:10Z,2026-08-22T00:00:00Z,37.7,13.4,13.5,13.1,-0.1,0.1
1-2 дня,2026-08-20T10:16:10Z,2026-08-22T03:00:00Z,40.7,13.6,14.2,12.4,-0.6,0.6
1-2 дня,2026-08-20T10:16:10Z,2026-08-22T06:00:00Z,43.7,15.1,15.4,15.9,-0.3,0.3
1-2 дня,2026-08-20T10:16:10Z,2026-08-22T09:00:00Z,46.7,16.9,16.3,17.9,0.6,0.6
1-2 дня,2026-08-20T16:31:45Z,2026-08-21T18:00:00Z,25.5,14.9,14.0,13.8,0.9,0.9
1-2 дня,2026-08-20T16:31:45Z,2026-08-21T21:00:00Z,28.5,13.8,13.4,13.9,0.4,0.4
1-2 дня,2026-08-20T16:31:45Z,2026-08-22T00:00:00Z,31.5,13.5,13.5,13.1,0.0,0.0
1-2 дня,2026-08-20T16:31:45Z,2026-08-22T03:00:00Z,34.5,13.5,14.2,12.4,-0.7,0.7
1-2 дня,2026-08-20T16:31:45Z,2026-08-22T06:00:00Z,37.5,14.1,15.4,15.9,-1.3,1.3
1-2 дня,2026-08-20T16:31:45Z,2026-08-22T09:00:00Z,40.5,15.9,16.3,17.9,-0.4,0.4
1-2 дня,2026-08-20T16:31:45Z,2026-08-22T12:00:00Z,43.5,15.0,18.2,18.3,-3.2,3.2
1-2 дня,2026-08-20T16:31:45Z,2026-08-22T15:00:00Z,46.5,16.0,16.2,15.5,-0.2,0.2
1-2 дня,2026-08-20T22:34:58Z,2026-08-22T00:00:00Z,25.4,13.4,13.5,13.1,-0.1,0.1
1-2 дня,2026-08-20T22:34:58Z,2026-08-22T03:00:00Z,28.4,13.7,14.2,12.4,-0.5,0.5
1-2 дня,2026-08-20T22:34:58Z,2026-08-22T06:00:00Z,31.4,15.3,15.4,15.9,-0.1,0.1
1-2 дня,2026-08-20T22:34:58Z,2026-08-22T09:00:00Z,34.4,15.3,16.3,17.9,-1.0,1.0
1-2 дня,2026-08-20T22:34:58Z,2026-08-22T12:00:00Z,37.4,16.0,18.2,18.3,-2.2,2.2
1-2 дня,2026-08-20T22:34:58Z,2026-08-22T15:00:00Z,40.4,15.9,16.2,15.5,-0.3,0.3
1-2 дня,2026-08-20T22:34:58Z,2026-08-22T18:00:00Z,43.4,12.9,12.5,14.0,0.4,0.4
1-2 дня,2026-08-20T22:34:58Z,2026-08-22T21:00:00Z,46.4,11.0,11.1,13.4,-0.1,0.1
1-2 дня,2026-08-21T04:32:20Z,2026-08-22T06:00:00Z,25.5,14.9,15.4,15.9,-0.5,0.5
1-2 дня,2026-08-21T04:32:20Z,2026-08-22T09:00:00Z,28.5,15.4,16.3,17.9,-0.9,0.9
1-2 дня,2026-08-21T04:32:20Z,2026-08-22T12:00:00Z,31.5,17.0,18.2,18.3,-1.2,1.2
1-2 дня,2026-08-21T04:32:20Z,2026-08-22T15:00:00Z,34.5,15.9,16.2,15.5,-0.3,0.3
1-2 дня,2026-08-21T04:32:20Z,2026-08-22T18:00:00Z,37.5,12.7,12.5,14.0,0.2,0.2
1-2 дня,2026-08-21T04:32:20Z,2026-08-22T21:00:00Z,40.5,10.5,11.1,13.4,-0.6,0.6
1-2 дня,2026-08-21T04:32:20Z,2026-08-23T00:00:00Z,43.5,10.2,10.8,13.5,-0.6,0.6
1-2 дня,2026-08-21T04:32:20Z,2026-08-23T03:00:00Z,46.5,10.7,10.5,14.2,0.2,0.2
1-2 дня,2026-08-21T10:16:50Z,2026-08-22T12:00:00Z,25.7,17.1,18.2,18.3,-1.1,1.1
1-2 дня,2026-08-21T10:16:50Z,2026-08-22T15:00:00Z,28.7,15.8,16.2,15.5,-0.4,0.4
1-2 дня,2026-08-21T10:16:50Z,2026-08-22T18:00:00Z,31.7,12.6,12.5,14.0,0.1,0.1
1-2 дня,2026-08-21T10:16:50Z,2026-08-22T21:00:00Z,34.7,10.3,11.1,13.4,-0.8,0.8
1-2 дня,2026-08-21T10:16:50Z,2026-08-23T00:00:00Z,37.7,10.1,10.8,13.5,-0.7,0.7
1-2 дня,2026-08-21T10:16:50Z,2026-08-23T03:00:00Z,40.7,10.6,10.5,14.2,0.1,0.1
1-2 дня,2026-08-21T10:16:50Z,2026-08-23T06:00:00Z,43.7,14.1,15.3,15.4,-1.2,1.2
1-2 дня,2026-08-21T10:16:50Z,2026-08-23T09:00:00Z,46.7,16.7,19.7,16.3,-3.0,3.0
1-2 дня,2026-08-21T16:30:34Z,2026-08-22T18:00:00Z,25.5,12.5,12.5,14.0,0.0,0.0
1-2 дня,2026-08-21T16:30:34Z,2026-08-22T21:00:00Z,28.5,10.8,11.1,13.4,-0.3,0.3
1-2 дня,2026-08-21T16:30:34Z,2026-08-23T00:00:00Z,31.5,10.2,10.8,13.5,-0.6,0.6
1-2 дня,2026-08-21T16:30:34Z,2026-08-23T03:00:00Z,34.5,11.3,10.5,14.2,0.8,0.8
1-2 дня,2026-08-21T16:30:34Z,2026-08-23T06:00:00Z,37.5,14.5,15.3,15.4,-0.8,0.8
1-2 дня,2026-08-21T16:30:34Z,2026-08-23T09:00:00Z,40.5,16.6,19.7,16.3,-3.1,3.1
1-2 дня,2026-08-21T16:30:34Z,2026-08-23T12:00:00Z,43.5,17.6,15.9,18.2,1.7,1.7
1-2 дня,2026-08-21T16:30:34Z,2026-08-23T15:00:00Z,46.5,14.6,14.0,16.2,0.6,0.6
1-2 дня,2026-08-21T22:32:12Z,2026-08-23T00:00:00Z,25.5,10.4,10.8,13.5,-0.4,0.4
1-2 дня,2026-08-21T22:32:12Z,2026-08-23T03:00:00Z,28.5,11.3,10.5,14.2,0.8,0.8
1-2 дня,2026-08-21T22:32:12Z,2026-08-23T06:00:00Z,31.5,14.0,15.3,15.4,-1.3,1.3
1-2 дня,2026-08-21T22:32:12Z,2026-08-23T09:00:00Z,34.5,16.1,19.7,16.3,-3.6,3.6
1-2 дня,2026-08-21T22:32:12Z,2026-08-23T12:00:00Z,37.5,16.0,15.9,18.2,0.1,0.1
1-2 дня,2026-08-21T22:32:12Z,2026-08-23T15:00:00Z,40.5,14.7,14.0,16.2,0.7,0.7
1-2 дня,2026-08-21T22:32:12Z,2026-08-23T18:00:00Z,43.5,13.9,13.2,12.5,0.7,0.7
1-2 дня,2026-08-21T22:32:12Z,2026-08-23T21:00:00Z,46.5,13.6,13.5,11.1,0.1,0.1
1-2 дня,2026-08-22T04:26:43Z,2026-08-23T06:00:00Z,25.6,13.8,15.3,15.4,-1.5,1.5
1-2 дня,2026-08-22T04:26:43Z,2026-08-23T09:00:00Z,28.6,17.9,19.7,16.3,-1.8,1.8
1-2 дня,2026-08-22T04:26:43Z,2026-08-23T12:00:00Z,31.6,17.0,15.9,18.2,1.1,1.1
1-2 дня,2026-08-22T04:26:43Z,2026-08-23T15:00:00Z,34.6,14.7,14.0,16.2,0.7,0.7
1-2 дня,2026-08-22T04:26:43Z,2026-08-23T18:00:00Z,37.6,13.9,13.2,12.5,0.7,0.7
1-2 дня,2026-08-22T04:26:43Z,2026-08-23T21:00:00Z,40.6,13.5,13.5,11.1,0.0,0.0
1-2 дня,2026-08-22T04:26:43Z,2026-08-24T00:00:00Z,43.6,13.8,13.8,10.8,0.0,0.0
1-2 дня,2026-08-22T04:26:43Z,2026-08-24T03:00:00Z,46.6,13.9,14.1,10.5,-0.2,0.2
1-2 дня,2026-08-22T10:09:41Z,2026-08-23T12:00:00Z,25.8,16.0,15.9,18.2,0.1,0.1
1-2 дня,2026-08-22T10:09:41Z,2026-08-23T15:00:00Z,28.8,14.4,14.0,16.2,0.4,0.4
1-2 дня,2026-08-22T10:09:41Z,2026-08-23T18:00:00Z,31.8,13.4,13.2,12.5,0.2,0.2
1-2 дня,2026-08-22T10:09:41Z,2026-08-23T21:00:00Z,34.8,13.2,13.5,11.1,-0.3,0.3
1-2 дня,2026-08-22T10:09:41Z,2026-08-24T00:00:00Z,37.8,13.5,13.8,10.8,-0.3,0.3
1-2 дня,2026-08-22T10:09:41Z,2026-08-24T03:00:00Z,40.8,13.7,14.1,10.5,-0.4,0.4
1-2 дня,2026-08-22T10:09:41Z,2026-08-24T06:00:00Z,43.8,14.2,14.4,15.3,-0.2,0.2
1-2 дня,2026-08-22T10:09:41Z,2026-08-24T09:00:00Z,46.8,16.2,15.7,19.7,0.5,0.5
1-2 дня,2026-08-22T16:20:08Z,2026-08-23T18:00:00Z,25.7,13.5,13.2,12.5,0.3,0.3
1-2 дня,2026-08-22T16:20:08Z,2026-08-23T21:00:00Z,28.7,13.6,13.5,11.1,0.1,0.1
1-2 дня,2026-08-22T16:20:08Z,2026-08-24T00:00:00Z,31.7,14.0,13.8,10.8,0.2,0.2
1-2 дня,2026-08-22T16:20:08Z,2026-08-24T03:00:00Z,34.7,13.6,14.1,10.5,-0.5,0.5
1-2 дня,2026-08-22T16:20:08Z,2026-08-24T06:00:00Z,37.7,15.2,14.4,15.3,0.8,0.8
1-2 дня,2026-08-22T16:20:08Z,2026-08-24T09:00:00Z,40.7,15.3,15.7,19.7,-0.4,0.4
1-2 дня,2026-08-22T16:20:08Z,2026-08-24T12:00:00Z,43.7,15.9,17.8,15.9,-1.9,1.9
1-2 дня,2026-08-22T16:20:08Z,2026-08-24T15:00:00Z,46.7,14.6,15.6,14.0,-1.0,1.0
1-2 дня,2026-08-22T22:29:28Z,2026-08-24T00:00:00Z,25.5,13.8,13.8,10.8,0.0,0.0
1-2 дня,2026-08-22T22:29:28Z,2026-08-24T03:00:00Z,28.5,13.7,14.1,10.5,-0.4,0.4
1-2 дня,2026-08-22T22:29:28Z,2026-08-24T06:00:00Z,31.5,14.6,14.4,15.3,0.2,0.2
1-2 дня,2026-08-22T22:29:28Z,2026-08-24T09:00:00Z,34.5,15.7,15.7,19.7,0.0,0.0
1-2 дня,2026-08-22T22:29:28Z,2026-08-24T12:00:00Z,37.5,15.0,17.8,15.9,-2.8,2.8
1-2 дня,2026-08-22T22:29:28Z,2026-08-24T15:00:00Z,40.5,15.1,15.6,14.0,-0.5,0.5
1-2 дня,2026-08-23T04:31:06Z,2026-08-24T06:00:00Z,25.5,14.6,14.4,15.3,0.2,0.2
1-2 дня,2026-08-23T04:31:06Z,2026-08-24T09:00:00Z,28.5,15.8,15.7,19.7,0.1,0.1
1-2 дня,2026-08-23T04:31:06Z,2026-08-24T12:00:00Z,31.5,15.3,17.8,15.9,-2.5,2.5
1-2 дня,2026-08-23T04:31:06Z,2026-08-24T15:00:00Z,34.5,14.8,15.6,14.0,-0.8,0.8
1-2 дня,2026-08-23T10:10:14Z,2026-08-24T12:00:00Z,25.8,15.7,17.8,15.9,-2.1,2.1
1-2 дня,2026-08-23T10:10:14Z,2026-08-24T15:00:00Z,28.8,15.1,15.6,14.0,-0.5,0.5
2-3 дня,2026-08-06T09:50:07Z,2026-08-08T12:00:00Z,50.2,17.6,15.4,20.5,2.2,2.2
2-3 дня,2026-08-06T09:50:07Z,2026-08-08T15:00:00Z,53.2,15.8,15.5,15.6,0.3,0.3
2-3 дня,2026-08-06T09:50:07Z,2026-08-08T18:00:00Z,56.2,14.3,14.4,14.6,-0.1,0.1
2-3 дня,2026-08-06T09:50:07Z,2026-08-08T21:00:00Z,59.2,12.7,13.6,13.5,-0.9,0.9
2-3 дня,2026-08-06T09:50:07Z,2026-08-09T00:00:00Z,62.2,11.1,13.1,12.5,-2.0,2.0
2-3 дня,2026-08-06T09:50:07Z,2026-08-09T06:00:00Z,68.2,13.1,15.2,15.4,-2.1,2.1
2-3 дня,2026-08-06T09:59:18Z,2026-08-08T12:00:00Z,50.0,17.6,15.4,20.5,2.2,2.2
2-3 дня,2026-08-06T09:59:18Z,2026-08-08T15:00:00Z,53.0,15.8,15.5,15.6,0.3,0.3
2-3 дня,2026-08-06T09:59:18Z,2026-08-08T18:00:00Z,56.0,14.3,14.4,14.6,-0.1,0.1
2-3 дня,2026-08-06T09:59:18Z,2026-08-08T21:00:00Z,59.0,12.7,13.6,13.5,-0.9,0.9
2-3 дня,2026-08-06T09:59:18Z,2026-08-09T00:00:00Z,62.0,11.1,13.1,12.5,-2.0,2.0
2-3 дня,2026-08-06T09:59:18Z,2026-08-09T06:00:00Z,68.0,13.1,15.2,15.4,-2.1,2.1
2-3 дня,2026-08-06T10:08:26Z,2026-08-08T12:00:00Z,49.9,17.6,15.4,20.5,2.2,2.2
2-3 дня,2026-08-06T10:08:26Z,2026-08-08T15:00:00Z,52.9,15.8,15.5,15.6,0.3,0.3
2-3 дня,2026-08-06T10:08:26Z,2026-08-08T18:00:00Z,55.9,14.3,14.4,14.6,-0.1,0.1
2-3 дня,2026-08-06T10:08:26Z,2026-08-08T21:00:00Z,58.9,12.7,13.6,13.5,-0.9,0.9
2-3 дня,2026-08-06T10:08:26Z,2026-08-09T00:00:00Z,61.9,11.1,13.1,12.5,-2.0,2.0
2-3 дня,2026-08-06T10:08:26Z,2026-08-09T06:00:00Z,67.9,13.1,15.2,15.4,-2.1,2.1
2-3 дня,2026-08-06T10:47:54Z,2026-08-08T12:00:00Z,49.2,17.6,15.4,20.5,2.2,2.2
2-3 дня,2026-08-06T10:47:54Z,2026-08-08T15:00:00Z,52.2,15.8,15.5,15.6,0.3,0.3
2-3 дня,2026-08-06T10:47:54Z,2026-08-08T18:00:00Z,55.2,14.3,14.4,14.6,-0.1,0.1
2-3 дня,2026-08-06T10:47:54Z,2026-08-08T21:00:00Z,58.2,12.7,13.6,13.5,-0.9,0.9
2-3 дня,2026-08-06T10:47:54Z,2026-08-09T00:00:00Z,61.2,11.1,13.1,12.5,-2.0,2.0
2-3 дня,2026-08-06T10:47:54Z,2026-08-09T06:00:00Z,67.2,13.1,15.2,15.4,-2.1,2.1
2-3 дня,2026-08-06T11:30:42Z,2026-08-08T12:00:00Z,48.5,17.6,15.4,20.5,2.2,2.2
2-3 дня,2026-08-06T11:30:42Z,2026-08-08T15:00:00Z,51.5,15.8,15.5,15.6,0.3,0.3
2-3 дня,2026-08-06T11:30:42Z,2026-08-08T18:00:00Z,54.5,14.3,14.4,14.6,-0.1,0.1
2-3 дня,2026-08-06T11:30:42Z,2026-08-08T21:00:00Z,57.5,12.7,13.6,13.5,-0.9,0.9
2-3 дня,2026-08-06T11:30:42Z,2026-08-09T00:00:00Z,60.5,11.1,13.1,12.5,-2.0,2.0
2-3 дня,2026-08-06T11:30:42Z,2026-08-09T06:00:00Z,66.5,13.0,15.2,15.4,-2.2,2.2
2-3 дня,2026-08-06T11:36:01Z,2026-08-08T12:00:00Z,48.4,17.6,15.4,20.5,2.2,2.2
2-3 дня,2026-08-06T11:36:01Z,2026-08-08T15:00:00Z,51.4,15.8,15.5,15.6,0.3,0.3
2-3 дня,2026-08-06T11:36:01Z,2026-08-08T18:00:00Z,54.4,14.3,14.4,14.6,-0.1,0.1
2-3 дня,2026-08-06T11:36:01Z,2026-08-08T21:00:00Z,57.4,12.7,13.6,13.5,-0.9,0.9
2-3 дня,2026-08-06T11:36:01Z,2026-08-09T00:00:00Z,60.4,11.1,13.1,12.5,-2.0,2.0
2-3 дня,2026-08-06T11:36:01Z,2026-08-09T06:00:00Z,66.4,13.0,15.2,15.4,-2.2,2.2
2-3 дня,2026-08-06T11:44:08Z,2026-08-08T12:00:00Z,48.3,17.6,15.4,20.5,2.2,2.2
2-3 дня,2026-08-06T11:44:08Z,2026-08-08T15:00:00Z,51.3,15.8,15.5,15.6,0.3,0.3
2-3 дня,2026-08-06T11:44:08Z,2026-08-08T18:00:00Z,54.3,14.3,14.4,14.6,-0.1,0.1
2-3 дня,2026-08-06T11:44:08Z,2026-08-08T21:00:00Z,57.3,12.7,13.6,13.5,-0.9,0.9
2-3 дня,2026-08-06T11:44:08Z,2026-08-09T00:00:00Z,60.3,11.1,13.1,12.5,-2.0,2.0
2-3 дня,2026-08-06T11:44:08Z,2026-08-09T06:00:00Z,66.3,13.0,15.2,15.4,-2.2,2.2
2-3 дня,2026-08-07T01:31:32Z,2026-08-09T03:00:00Z,49.5,12.5,11.9,13.6,0.6,0.6
2-3 дня,2026-08-07T01:31:32Z,2026-08-09T06:00:00Z,52.5,14.3,15.2,15.4,-0.9,0.9
2-3 дня,2026-08-07T01:31:32Z,2026-08-09T09:00:00Z,55.5,14.0,16.5,15.0,-2.5,2.5
2-3 дня,2026-08-07T01:31:32Z,2026-08-09T12:00:00Z,58.5,16.7,16.7,15.4,0.0,0.0
2-3 дня,2026-08-07T01:31:32Z,2026-08-09T15:00:00Z,61.5,15.2,17.0,15.5,-1.8,1.8
2-3 дня,2026-08-07T01:31:32Z,2026-08-09T18:00:00Z,64.5,13.1,13.7,14.4,-0.6,0.6
2-3 дня,2026-08-07T01:31:32Z,2026-08-10T00:00:00Z,70.5,10.4,10.8,13.1,-0.4,0.4
2-3 дня,2026-08-07T05:36:00Z,2026-08-09T06:00:00Z,48.4,14.3,15.2,15.4,-0.9,0.9
2-3 дня,2026-08-07T05:36:00Z,2026-08-09T09:00:00Z,51.4,14.0,16.5,15.0,-2.5,2.5
2-3 дня,2026-08-07T05:36:00Z,2026-08-09T12:00:00Z,54.4,16.7,16.7,15.4,0.0,0.0
2-3 дня,2026-08-07T05:36:00Z,2026-08-09T15:00:00Z,57.4,15.2,17.0,15.5,-1.8,1.8
2-3 дня,2026-08-07T05:36:00Z,2026-08-09T18:00:00Z,60.4,13.1,13.7,14.4,-0.6,0.6
2-3 дня,2026-08-07T05:36:00Z,2026-08-10T00:00:00Z,66.4,10.4,10.8,13.1,-0.4,0.4
2-3 дня,2026-08-07T06:18:59Z,2026-08-09T09:00:00Z,50.7,14.0,16.5,15.0,-2.5,2.5
2-3 дня,2026-08-07T06:18:59Z,2026-08-09T12:00:00Z,53.7,16.7,16.7,15.4,0.0,0.0
2-3 дня,2026-08-07T06:18:59Z,2026-08-09T15:00:00Z,56.7,15.2,17.0,15.5,-1.8,1.8
2-3 дня,2026-08-07T06:18:59Z,2026-08-09T18:00:00Z,59.7,13.1,13.7,14.4,-0.6,0.6
2-3 дня,2026-08-07T06:18:59Z,2026-08-10T00:00:00Z,65.7,10.4,10.8,13.1,-0.4,0.4
2-3 дня,2026-08-07T06:18:59Z,2026-08-10T06:00:00Z,71.7,16.7,16.9,15.2,-0.2,0.2
2-3 дня,2026-08-07T07:13:52Z,2026-08-09T09:00:00Z,49.8,14.0,16.5,15.0,-2.5,2.5
2-3 дня,2026-08-07T07:13:52Z,2026-08-09T12:00:00Z,52.8,16.7,16.7,15.4,0.0,0.0
2-3 дня,2026-08-07T07:13:52Z,2026-08-09T15:00:00Z,55.8,15.2,17.0,15.5,-1.8,1.8
2-3 дня,2026-08-07T07:13:52Z,2026-08-09T18:00:00Z,58.8,13.1,13.7,14.4,-0.6,0.6
2-3 дня,2026-08-07T07:13:52Z,2026-08-10T00:00:00Z,64.8,10.4,10.8,13.1,-0.4,0.4
2-3 дня,2026-08-07T07:13:52Z,2026-08-10T06:00:00Z,70.8,16.7,16.9,15.2,-0.2,0.2
2-3 дня,2026-08-07T10:39:14Z,2026-08-09T12:00:00Z,49.3,16.6,16.7,15.4,-0.1,0.1
2-3 дня,2026-08-07T10:39:14Z,2026-08-09T15:00:00Z,52.3,14.9,17.0,15.5,-2.1,2.1
2-3 дня,2026-08-07T10:39:14Z,2026-08-09T18:00:00Z,55.3,11.9,13.7,14.4,-1.8,1.8
2-3 дня,2026-08-07T10:39:14Z,2026-08-09T21:00:00Z,58.3,10.6,10.4,13.6,0.2,0.2
2-3 дня,2026-08-07T10:39:14Z,2026-08-10T00:00:00Z,61.3,11.1,10.8,13.1,0.3,0.3
2-3 дня,2026-08-07T10:39:14Z,2026-08-10T06:00:00Z,67.3,16.7,16.9,15.2,-0.2,0.2
2-3 дня,2026-08-07T16:51:54Z,2026-08-09T18:00:00Z,49.1,12.0,13.7,14.4,-1.7,1.7
2-3 дня,2026-08-07T16:51:54Z,2026-08-09T21:00:00Z,52.1,11.0,10.4,13.6,0.6,0.6
2-3 дня,2026-08-07T16:51:54Z,2026-08-10T00:00:00Z,55.1,11.1,10.8,13.1,0.3,0.3
2-3 дня,2026-08-07T16:51:54Z,2026-08-10T03:00:00Z,58.1,12.8,12.6,11.9,0.2,0.2
2-3 дня,2026-08-07T16:51:54Z,2026-08-10T06:00:00Z,61.1,17.2,16.9,15.2,0.3,0.3
2-3 дня,2026-08-07T16:51:54Z,2026-08-10T12:00:00Z,67.1,21.9,22.3,16.7,-0.4,0.4
2-3 дня,2026-08-07T22:45:57Z,2026-08-10T00:00:00Z,49.2,10.6,10.8,13.1,-0.2,0.2
2-3 дня,2026-08-07T22:45:57Z,2026-08-10T03:00:00Z,52.2,12.5,12.6,11.9,-0.1,0.1
2-3 дня,2026-08-07T22:45:57Z,2026-08-10T06:00:00Z,55.2,17.2,16.9,15.2,0.3,0.3
2-3 дня,2026-08-07T22:45:57Z,2026-08-10T09:00:00Z,58.2,19.4,20.6,16.5,-1.2,1.2
2-3 дня,2026-08-07T22:45:57Z,2026-08-10T12:00:00Z,61.2,21.3,22.3,16.7,-1.0,1.0
2-3 дня,2026-08-07T22:45:57Z,2026-08-10T18:00:00Z,67.2,17.0,18.4,13.7,-1.4,1.4
2-3 дня,2026-08-07T23:19:23Z,2026-08-10T00:00:00Z,48.7,10.6,10.8,13.1,-0.2,0.2
2-3 дня,2026-08-07T23:19:23Z,2026-08-10T03:00:00Z,51.7,12.5,12.6,11.9,-0.1,0.1
2-3 дня,2026-08-07T23:19:23Z,2026-08-10T06:00:00Z,54.7,17.2,16.9,15.2,0.3,0.3
2-3 дня,2026-08-07T23:19:23Z,2026-08-10T09:00:00Z,57.7,19.4,20.6,16.5,-1.2,1.2
2-3 дня,2026-08-07T23:19:23Z,2026-08-10T12:00:00Z,60.7,21.3,22.3,16.7,-1.0,1.0
2-3 дня,2026-08-07T23:19:23Z,2026-08-10T18:00:00Z,66.7,17.1,18.4,13.7,-1.3,1.3
2-3 дня,2026-08-08T04:50:53Z,2026-08-10T06:00:00Z,49.2,17.1,16.9,15.2,0.2,0.2
2-3 дня,2026-08-08T04:50:53Z,2026-08-10T09:00:00Z,52.2,20.7,20.6,16.5,0.1,0.1
2-3 дня,2026-08-08T04:50:53Z,2026-08-10T12:00:00Z,55.2,21.5,22.3,16.7,-0.8,0.8
2-3 дня,2026-08-08T04:50:53Z,2026-08-10T15:00:00Z,58.2,20.7,21.8,17.0,-1.1,1.1
2-3 дня,2026-08-08T04:50:53Z,2026-08-10T18:00:00Z,61.2,17.2,18.4,13.7,-1.2,1.2
2-3 дня,2026-08-08T04:50:53Z,2026-08-11T00:00:00Z,67.2,14.3,15.3,10.8,-1.0,1.0
2-3 дня,2026-08-08T10:18:13Z,2026-08-10T12:00:00Z,49.7,22.0,22.3,16.7,-0.3,0.3
2-3 дня,2026-08-08T10:18:13Z,2026-08-10T15:00:00Z,52.7,21.2,21.8,17.0,-0.6,0.6
2-3 дня,2026-08-08T10:18:13Z,2026-08-10T18:00:00Z,55.7,17.7,18.4,13.7,-0.7,0.7
2-3 дня,2026-08-08T10:18:13Z,2026-08-10T21:00:00Z,58.7,15.5,15.0,10.4,0.5,0.5
2-3 дня,2026-08-08T10:18:13Z,2026-08-11T00:00:00Z,61.7,14.4,15.3,10.8,-0.9,0.9
2-3 дня,2026-08-08T10:18:13Z,2026-08-11T06:00:00Z,67.7,18.8,19.4,16.9,-0.6,0.6
2-3 дня,2026-08-08T22:37:20Z,2026-08-11T00:00:00Z,49.4,14.4,15.3,10.8,-0.9,0.9
2-3 дня,2026-08-08T22:37:20Z,2026-08-11T03:00:00Z,52.4,15.5,15.0,12.6,0.5,0.5
2-3 дня,2026-08-08T22:37:20Z,2026-08-11T06:00:00Z,55.4,18.8,19.4,16.9,-0.6,0.6
2-3 дня,2026-08-08T22:37:20Z,2026-08-11T09:00:00Z,58.4,22.0,23.5,20.6,-1.5,1.5
2-3 дня,2026-08-08T22:37:20Z,2026-08-11T12:00:00Z,61.4,22.0,24.1,22.3,-2.1,2.1
2-3 дня,2026-08-08T22:37:20Z,2026-08-11T18:00:00Z,67.4,18.7,16.8,18.4,1.9,1.9
2-3 дня,2026-08-09T04:59:03Z,2026-08-11T06:00:00Z,49.0,18.8,19.4,16.9,-0.6,0.6
2-3 дня,2026-08-09T04:59:03Z,2026-08-11T09:00:00Z,52.0,22.0,23.5,20.6,-1.5,1.5
2-3 дня,2026-08-09T04:59:03Z,2026-08-11T12:00:00Z,55.0,22.5,24.1,22.3,-1.6,1.6
2-3 дня,2026-08-09T04:59:03Z,2026-08-11T15:00:00Z,58.0,21.7,19.2,21.8,2.5,2.5
2-3 дня,2026-08-09T04:59:03Z,2026-08-11T18:00:00Z,61.0,19.1,16.8,18.4,2.3,2.3
2-3 дня,2026-08-09T04:59:03Z,2026-08-12T00:00:00Z,67.0,15.9,15.2,15.3,0.7,0.7
2-3 дня,2026-08-09T10:19:29Z,2026-08-11T12:00:00Z,49.7,21.8,24.1,22.3,-2.3,2.3
2-3 дня,2026-08-09T10:19:29Z,2026-08-11T15:00:00Z,52.7,20.6,19.2,21.8,1.4,1.4
2-3 дня,2026-08-09T10:19:29Z,2026-08-11T18:00:00Z,55.7,18.5,16.8,18.4,1.7,1.7
2-3 дня,2026-08-09T10:19:29Z,2026-08-11T21:00:00Z,58.7,17.5,16.3,15.0,1.2,1.2
2-3 дня,2026-08-09T10:19:29Z,2026-08-12T00:00:00Z,61.7,15.7,15.2,15.3,0.5,0.5
2-3 дня,2026-08-09T10:19:29Z,2026-08-12T06:00:00Z,67.7,15.7,14.7,19.4,1.0,1.0
2-3 дня,2026-08-09T12:41:38Z,2026-08-11T15:00:00Z,50.3,20.6,19.2,21.8,1.4,1.4
2-3 дня,2026-08-09T12:41:38Z,2026-08-11T18:00:00Z,53.3,18.5,16.8,18.4,1.7,1.7
2-3 дня,2026-08-09T12:41:38Z,2026-08-11T21:00:00Z,56.3,17.5,16.3,15.0,1.2,1.2
2-3 дня,2026-08-09T12:41:38Z,2026-08-12T00:00:00Z,59.3,15.7,15.2,15.3,0.5,0.5
2-3 дня,2026-08-09T12:41:38Z,2026-08-12T06:00:00Z,65.3,15.3,14.7,19.4,0.6,0.6
2-3 дня,2026-08-09T12:41:38Z,2026-08-12T12:00:00Z,71.3,13.1,11.9,24.1,1.2,1.2
2-3 дня,2026-08-09T12:45:53Z,2026-08-11T15:00:00Z,50.2,20.6,19.2,21.8,1.4,1.4
2-3 дня,2026-08-09T12:45:53Z,2026-08-11T18:00:00Z,53.2,18.5,16.8,18.4,1.7,1.7
2-3 дня,2026-08-09T12:45:53Z,2026-08-11T21:00:00Z,56.2,17.5,16.3,15.0,1.2,1.2
2-3 дня,2026-08-09T12:45:53Z,2026-08-12T00:00:00Z,59.2,15.7,15.2,15.3,0.5,0.5
2-3 дня,2026-08-09T12:45:53Z,2026-08-12T06:00:00Z,65.2,15.3,14.7,19.4,0.6,0.6
2-3 дня,2026-08-09T12:45:53Z,2026-08-12T12:00:00Z,71.2,13.1,11.9,24.1,1.2,1.2
2-3 дня,2026-08-09T12:48:15Z,2026-08-11T15:00:00Z,50.2,20.6,19.2,21.8,1.4,1.4
2-3 дня,2026-08-09T12:48:15Z,2026-08-11T18:00:00Z,53.2,18.5,16.8,18.4,1.7,1.7
2-3 дня,2026-08-09T12:48:15Z,2026-08-11T21:00:00Z,56.2,17.5,16.3,15.0,1.2,1.2
2-3 дня,2026-08-09T12:48:15Z,2026-08-12T00:00:00Z,59.2,15.7,15.2,15.3,0.5,0.5
2-3 дня,2026-08-09T12:48:15Z,2026-08-12T06:00:00Z,65.2,15.3,14.7,19.4,0.6,0.6
2-3 дня,2026-08-09T12:48:15Z,2026-08-12T12:00:00Z,71.2,13.1,11.9,24.1,1.2,1.2
2-3 дня,2026-08-09T16:31:44Z,2026-08-11T18:00:00Z,49.5,17.9,16.8,18.4,1.1,1.1
2-3 дня,2026-08-09T16:31:44Z,2026-08-11T21:00:00Z,52.5,16.2,16.3,15.0,-0.1,0.1
2-3 дня,2026-08-09T16:31:44Z,2026-08-12T00:00:00Z,55.5,15.6,15.2,15.3,0.4,0.4
2-3 дня,2026-08-09T16:31:44Z,2026-08-12T03:00:00Z,58.5,15.5,14.5,15.0,1.0,1.0
2-3 дня,2026-08-09T16:31:44Z,2026-08-12T06:00:00Z,61.5,16.7,14.7,19.4,2.0,2.0
2-3 дня,2026-08-09T16:31:44Z,2026-08-12T12:00:00Z,67.5,13.1,11.9,24.1,1.2,1.2
2-3 дня,2026-08-09T22:39:09Z,2026-08-12T00:00:00Z,49.3,15.2,15.2,15.3,0.0,0.0
2-3 дня,2026-08-09T22:39:09Z,2026-08-12T03:00:00Z,52.3,15.1,14.5,15.0,0.6,0.6
2-3 дня,2026-08-09T22:39:09Z,2026-08-12T06:00:00Z,55.3,15.7,14.7,19.4,1.0,1.0
2-3 дня,2026-08-09T22:39:09Z,2026-08-12T09:00:00Z,58.3,15.5,15.2,23.5,0.3,0.3
2-3 дня,2026-08-09T22:39:09Z,2026-08-12T12:00:00Z,61.3,14.2,11.9,24.1,2.3,2.3
2-3 дня,2026-08-09T22:39:09Z,2026-08-12T18:00:00Z,67.3,10.0,9.3,16.8,0.7,0.7
2-3 дня,2026-08-10T05:20:42Z,2026-08-12T06:00:00Z,48.7,15.6,14.7,19.4,0.9,0.9
2-3 дня,2026-08-10T05:20:42Z,2026-08-12T09:00:00Z,51.7,18.0,15.2,23.5,2.8,2.8
2-3 дня,2026-08-10T05:20:42Z,2026-08-12T12:00:00Z,54.7,16.7,11.9,24.1,4.8,4.8
2-3 дня,2026-08-10T05:20:42Z,2026-08-12T15:00:00Z,57.7,13.2,10.7,19.2,2.5,2.5
2-3 дня,2026-08-10T05:20:42Z,2026-08-12T18:00:00Z,60.7,10.7,9.3,16.8,1.4,1.4
2-3 дня,2026-08-10T05:20:42Z,2026-08-13T00:00:00Z,66.7,8.9,8.4,15.2,0.5,0.5
2-3 дня,2026-08-10T10:53:28Z,2026-08-12T12:00:00Z,49.1,15.2,11.9,24.1,3.3,3.3
2-3 дня,2026-08-10T10:53:28Z,2026-08-12T15:00:00Z,52.1,12.7,10.7,19.2,2.0,2.0
2-3 дня,2026-08-10T10:53:28Z,2026-08-12T18:00:00Z,55.1,10.7,9.3,16.8,1.4,1.4
2-3 дня,2026-08-10T10:53:28Z,2026-08-12T21:00:00Z,58.1,9.7,8.4,16.3,1.3,1.3
2-3 дня,2026-08-10T10:53:28Z,2026-08-13T00:00:00Z,61.1,9.0,8.4,15.2,0.6,0.6
2-3 дня,2026-08-10T10:53:28Z,2026-08-13T06:00:00Z,67.1,8.5,8.2,14.7,0.3,0.3
2-3 дня,2026-08-10T16:52:05Z,2026-08-12T18:00:00Z,49.1,10.8,9.3,16.8,1.5,1.5
2-3 дня,2026-08-10T16:52:05Z,2026-08-12T21:00:00Z,52.1,10.1,8.4,16.3,1.7,1.7
2-3 дня,2026-08-10T16:52:05Z,2026-08-13T00:00:00Z,55.1,9.8,8.4,15.2,1.4,1.4
2-3 дня,2026-08-10T16:52:05Z,2026-08-13T03:00:00Z,58.1,9.0,8.4,14.5,0.6,0.6
2-3 дня,2026-08-10T16:52:05Z,2026-08-13T06:00:00Z,61.1,8.1,8.2,14.7,-0.1,0.1
2-3 дня,2026-08-10T16:52:05Z,2026-08-13T12:00:00Z,67.1,8.4,7.7,11.9,0.7,0.7
2-3 дня,2026-08-10T22:47:13Z,2026-08-13T00:00:00Z,49.2,9.8,8.4,15.2,1.4,1.4
2-3 дня,2026-08-10T22:47:13Z,2026-08-13T03:00:00Z,52.2,9.0,8.4,14.5,0.6,0.6
2-3 дня,2026-08-10T22:47:13Z,2026-08-13T06:00:00Z,55.2,8.1,8.2,14.7,-0.1,0.1
2-3 дня,2026-08-10T22:47:13Z,2026-08-13T09:00:00Z,58.2,8.5,8.3,15.2,0.2,0.2
2-3 дня,2026-08-10T22:47:13Z,2026-08-13T12:00:00Z,61.2,8.5,7.7,11.9,0.8,0.8
2-3 дня,2026-08-10T22:47:13Z,2026-08-13T18:00:00Z,67.2,8.6,6.9,9.3,1.7,1.7
2-3 дня,2026-08-11T05:01:49Z,2026-08-13T06:00:00Z,49.0,8.7,8.2,14.7,0.5,0.5
2-3 дня,2026-08-11T05:01:49Z,2026-08-13T09:00:00Z,52.0,8.7,8.3,15.2,0.4,0.4
2-3 дня,2026-08-11T05:01:49Z,2026-08-13T12:00:00Z,55.0,8.4,7.7,11.9,0.7,0.7
2-3 дня,2026-08-11T05:01:49Z,2026-08-13T15:00:00Z,58.0,7.8,7.3,10.7,0.5,0.5
2-3 дня,2026-08-11T05:01:49Z,2026-08-13T18:00:00Z,61.0,7.3,6.9,9.3,0.4,0.4
2-3 дня,2026-08-11T05:01:49Z,2026-08-14T00:00:00Z,67.0,7.9,7.3,8.4,0.6,0.6
2-3 дня,2026-08-11T10:38:45Z,2026-08-13T12:00:00Z,49.4,8.0,7.7,11.9,0.3,0.3
2-3 дня,2026-08-11T10:38:45Z,2026-08-13T15:00:00Z,52.4,7.4,7.3,10.7,0.1,0.1
2-3 дня,2026-08-11T10:38:45Z,2026-08-13T18:00:00Z,55.4,7.6,6.9,9.3,0.7,0.7
2-3 дня,2026-08-11T10:38:45Z,2026-08-13T21:00:00Z,58.4,7.7,7.1,8.4,0.6,0.6
2-3 дня,2026-08-11T10:38:45Z,2026-08-14T00:00:00Z,61.4,8.0,7.3,8.4,0.7,0.7
2-3 дня,2026-08-11T10:38:45Z,2026-08-14T06:00:00Z,67.4,11.0,8.3,8.2,2.7,2.7
2-3 дня,2026-08-12T06:05:22Z,2026-08-14T09:00:00Z,50.9,10.1,9.1,8.3,1.0,1.0
2-3 дня,2026-08-12T06:05:22Z,2026-08-14T12:00:00Z,53.9,14.3,10.0,7.7,4.3,4.3
2-3 дня,2026-08-12T06:05:22Z,2026-08-14T15:00:00Z,56.9,13.0,10.6,7.3,2.4,2.4
2-3 дня,2026-08-12T06:05:22Z,2026-08-14T18:00:00Z,59.9,9.9,8.7,6.9,1.2,1.2
2-3 дня,2026-08-12T06:05:22Z,2026-08-15T00:00:00Z,65.9,6.0,6.3,7.3,-0.3,0.3
2-3 дня,2026-08-12T06:05:22Z,2026-08-15T06:00:00Z,71.9,10.0,8.6,8.3,1.4,1.4
2-3 дня,2026-08-12T10:47:03Z,2026-08-14T12:00:00Z,49.2,13.6,10.0,7.7,3.6,3.6
2-3 дня,2026-08-12T10:47:03Z,2026-08-14T15:00:00Z,52.2,12.1,10.6,7.3,1.5,1.5
2-3 дня,2026-08-12T10:47:03Z,2026-08-14T18:00:00Z,55.2,8.7,8.7,6.9,0.0,0.0
2-3 дня,2026-08-12T10:47:03Z,2026-08-14T21:00:00Z,58.2,7.2,8.0,7.1,-0.8,0.8
2-3 дня,2026-08-12T10:47:03Z,2026-08-15T00:00:00Z,61.2,6.2,6.3,7.3,-0.1,0.1
2-3 дня,2026-08-12T10:47:03Z,2026-08-15T06:00:00Z,67.2,10.0,8.6,8.3,1.4,1.4
2-3 дня,2026-08-12T16:54:57Z,2026-08-14T18:00:00Z,49.1,8.6,8.7,6.9,-0.1,0.1
2-3 дня,2026-08-12T16:54:57Z,2026-08-14T21:00:00Z,52.1,7.6,8.0,7.1,-0.4,0.4
2-3 дня,2026-08-12T16:54:57Z,2026-08-15T00:00:00Z,55.1,7.2,6.3,7.3,0.9,0.9
2-3 дня,2026-08-12T16:54:57Z,2026-08-15T03:00:00Z,58.1,7.4,7.6,7.4,-0.2,0.2
2-3 дня,2026-08-12T16:54:57Z,2026-08-15T06:00:00Z,61.1,9.8,8.6,8.3,1.2,1.2
2-3 дня,2026-08-12T16:54:57Z,2026-08-15T12:00:00Z,67.1,13.5,13.4,10.0,0.1,0.1
2-3 дня,2026-08-12T22:50:47Z,2026-08-15T00:00:00Z,49.2,6.5,6.3,7.3,0.2,0.2
2-3 дня,2026-08-12T22:50:47Z,2026-08-15T03:00:00Z,52.2,7.2,7.6,7.4,-0.4,0.4
2-3 дня,2026-08-12T22:50:47Z,2026-08-15T06:00:00Z,55.2,9.7,8.6,8.3,1.1,1.1
2-3 дня,2026-08-12T22:50:47Z,2026-08-15T09:00:00Z,58.2,12.3,10.9,9.1,1.4,1.4
2-3 дня,2026-08-12T22:50:47Z,2026-08-15T12:00:00Z,61.2,14.2,13.4,10.0,0.8,0.8
2-3 дня,2026-08-12T22:50:47Z,2026-08-15T18:00:00Z,67.2,9.4,12.2,8.7,-2.8,2.8
2-3 дня,2026-08-13T05:30:08Z,2026-08-15T06:00:00Z,48.5,9.7,8.6,8.3,1.1,1.1
2-3 дня,2026-08-13T05:30:08Z,2026-08-15T09:00:00Z,51.5,12.9,10.9,9.1,2.0,2.0
2-3 дня,2026-08-13T05:30:08Z,2026-08-15T12:00:00Z,54.5,13.4,13.4,10.0,0.0,0.0
2-3 дня,2026-08-13T05:30:08Z,2026-08-15T15:00:00Z,57.5,12.7,13.0,10.6,-0.3,0.3
2-3 дня,2026-08-13T05:30:08Z,2026-08-15T18:00:00Z,60.5,9.8,12.2,8.7,-2.4,2.4
2-3 дня,2026-08-13T05:30:08Z,2026-08-16T00:00:00Z,66.5,9.4,10.8,6.3,-1.4,1.4
2-3 дня,2026-08-13T10:49:01Z,2026-08-15T12:00:00Z,49.2,13.5,13.4,10.0,0.1,0.1
2-3 дня,2026-08-13T10:49:01Z,2026-08-15T15:00:00Z,52.2,12.7,13.0,10.6,-0.3,0.3
2-3 дня,2026-08-13T10:49:01Z,2026-08-15T18:00:00Z,55.2,10.7,12.2,8.7,-1.5,1.5
2-3 дня,2026-08-13T10:49:01Z,2026-08-15T21:00:00Z,58.2,9.1,11.3,8.0,-2.2,2.2
2-3 дня,2026-08-13T10:49:01Z,2026-08-16T00:00:00Z,61.2,8.0,10.8,6.3,-2.8,2.8
2-3 дня,2026-08-13T10:49:01Z,2026-08-16T06:00:00Z,67.2,10.7,12.3,8.6,-1.6,1.6
2-3 дня,2026-08-13T16:36:10Z,2026-08-15T18:00:00Z,49.4,11.6,12.2,8.7,-0.6,0.6
2-3 дня,2026-08-13T16:36:10Z,2026-08-15T21:00:00Z,52.4,10.3,11.3,8.0,-1.0,1.0
2-3 дня,2026-08-13T16:36:10Z,2026-08-16T00:00:00Z,55.4,8.7,10.8,6.3,-2.1,2.1
2-3 дня,2026-08-13T16:36:10Z,2026-08-16T03:00:00Z,58.4,9.4,10.1,7.6,-0.7,0.7
2-3 дня,2026-08-13T16:36:10Z,2026-08-16T06:00:00Z,61.4,10.7,12.3,8.6,-1.6,1.6
2-3 дня,2026-08-13T16:36:10Z,2026-08-16T12:00:00Z,67.4,13.9,16.0,13.4,-2.1,2.1
2-3 дня,2026-08-13T16:42:24Z,2026-08-15T18:00:00Z,49.3,11.6,12.2,8.7,-0.6,0.6
2-3 дня,2026-08-13T16:42:24Z,2026-08-15T21:00:00Z,52.3,10.3,11.3,8.0,-1.0,1.0
2-3 дня,2026-08-13T16:42:24Z,2026-08-16T00:00:00Z,55.3,8.7,10.8,6.3,-2.1,2.1
2-3 дня,2026-08-13T16:42:24Z,2026-08-16T03:00:00Z,58.3,9.4,10.1,7.6,-0.7,0.7
2-3 дня,2026-08-13T16:42:24Z,2026-08-16T06:00:00Z,61.3,10.7,12.3,8.6,-1.6,1.6
2-3 дня,2026-08-13T16:42:24Z,2026-08-16T12:00:00Z,67.3,13.9,16.0,13.4,-2.1,2.1
2-3 дня,2026-08-13T16:54:22Z,2026-08-15T18:00:00Z,49.1,11.6,12.2,8.7,-0.6,0.6
2-3 дня,2026-08-13T16:54:22Z,2026-08-15T21:00:00Z,52.1,10.3,11.3,8.0,-1.0,1.0
2-3 дня,2026-08-13T16:54:22Z,2026-08-16T00:00:00Z,55.1,8.7,10.8,6.3,-2.1,2.1
2-3 дня,2026-08-13T16:54:22Z,2026-08-16T03:00:00Z,58.1,9.4,10.1,7.6,-0.7,0.7
2-3 дня,2026-08-13T16:54:22Z,2026-08-16T06:00:00Z,61.1,10.7,12.3,8.6,-1.6,1.6
2-3 дня,2026-08-13T16:54:22Z,2026-08-16T12:00:00Z,67.1,13.9,16.0,13.4,-2.1,2.1
2-3 дня,2026-08-13T22:52:17Z,2026-08-16T00:00:00Z,49.1,9.9,10.8,6.3,-0.9,0.9
2-3 дня,2026-08-13T22:52:17Z,2026-08-16T03:00:00Z,52.1,9.9,10.1,7.6,-0.2,0.2
2-3 дня,2026-08-13T22:52:17Z,2026-08-16T06:00:00Z,55.1,11.3,12.3,8.6,-1.0,1.0
2-3 дня,2026-08-13T22:52:17Z,2026-08-16T09:00:00Z,58.1,13.3,14.3,10.9,-1.0,1.0
2-3 дня,2026-08-13T22:52:17Z,2026-08-16T12:00:00Z,61.1,14.9,16.0,13.4,-1.1,1.1
2-3 дня,2026-08-13T22:52:17Z,2026-08-16T18:00:00Z,67.1,12.2,11.2,12.2,1.0,1.0
2-3 дня,2026-08-14T05:28:14Z,2026-08-16T06:00:00Z,48.5,11.6,12.3,8.6,-0.7,0.7
2-3 дня,2026-08-14T05:28:14Z,2026-08-16T09:00:00Z,51.5,14.0,14.3,10.9,-0.3,0.3
2-3 дня,2026-08-14T05:28:14Z,2026-08-16T12:00:00Z,54.5,15.7,16.0,13.4,-0.3,0.3
2-3 дня,2026-08-14T05:28:14Z,2026-08-16T15:00:00Z,57.5,16.0,16.2,13.0,-0.2,0.2
2-3 дня,2026-08-14T05:28:14Z,2026-08-16T18:00:00Z,60.5,13.1,11.2,12.2,1.9,1.9
2-3 дня,2026-08-14T05:28:14Z,2026-08-17T00:00:00Z,66.5,8.3,9.3,10.8,-1.0,1.0
2-3 дня,2026-08-14T10:44:54Z,2026-08-16T12:00:00Z,49.3,16.3,16.0,13.4,0.3,0.3
2-3 дня,2026-08-14T10:44:54Z,2026-08-16T15:00:00Z,52.3,16.1,16.2,13.0,-0.1,0.1
2-3 дня,2026-08-14T10:44:54Z,2026-08-16T18:00:00Z,55.3,12.0,11.2,12.2,0.8,0.8
2-3 дня,2026-08-14T10:44:54Z,2026-08-16T21:00:00Z,58.3,9.7,9.4,11.3,0.3,0.3
2-3 дня,2026-08-14T10:44:54Z,2026-08-17T00:00:00Z,61.3,8.6,9.3,10.8,-0.7,0.7
2-3 дня,2026-08-14T10:44:54Z,2026-08-17T06:00:00Z,67.3,14.5,15.0,12.3,-0.5,0.5
2-3 дня,2026-08-14T16:48:33Z,2026-08-16T18:00:00Z,49.2,12.1,11.2,12.2,0.9,0.9
2-3 дня,2026-08-14T16:48:33Z,2026-08-16T21:00:00Z,52.2,10.3,9.4,11.3,0.9,0.9
2-3 дня,2026-08-14T16:48:33Z,2026-08-17T00:00:00Z,55.2,9.1,9.3,10.8,-0.2,0.2
2-3 дня,2026-08-14T16:48:33Z,2026-08-17T03:00:00Z,58.2,9.9,9.1,10.1,0.8,0.8
2-3 дня,2026-08-14T16:48:33Z,2026-08-17T06:00:00Z,61.2,14.8,15.0,12.3,-0.2,0.2
2-3 дня,2026-08-14T16:48:33Z,2026-08-17T12:00:00Z,67.2,18.8,19.5,16.0,-0.7,0.7
2-3 дня,2026-08-14T22:30:55Z,2026-08-17T00:00:00Z,49.5,8.9,9.3,10.8,-0.4,0.4
2-3 дня,2026-08-14T22:30:55Z,2026-08-17T03:00:00Z,52.5,10.2,9.1,10.1,1.1,1.1
2-3 дня,2026-08-14T22:30:55Z,2026-08-17T06:00:00Z,55.5,15.7,15.0,12.3,0.7,0.7
2-3 дня,2026-08-14T22:30:55Z,2026-08-17T09:00:00Z,58.5,19.0,17.9,14.3,1.1,1.1
2-3 дня,2026-08-14T22:30:55Z,2026-08-17T12:00:00Z,61.5,19.8,19.5,16.0,0.3,0.3
2-3 дня,2026-08-14T22:30:55Z,2026-08-17T18:00:00Z,67.5,14.6,14.5,11.2,0.1,0.1
2-3 дня,2026-08-15T04:24:15Z,2026-08-17T06:00:00Z,49.6,14.8,15.0,12.3,-0.2,0.2
2-3 дня,2026-08-15T04:24:15Z,2026-08-17T09:00:00Z,52.6,18.1,17.9,14.3,0.2,0.2
2-3 дня,2026-08-15T04:24:15Z,2026-08-17T12:00:00Z,55.6,19.5,19.5,16.0,0.0,0.0
2-3 дня,2026-08-15T04:24:15Z,2026-08-17T15:00:00Z,58.6,18.4,19.1,16.2,-0.7,0.7
2-3 дня,2026-08-15T04:24:15Z,2026-08-17T18:00:00Z,61.6,13.8,14.5,11.2,-0.7,0.7
2-3 дня,2026-08-15T04:24:15Z,2026-08-18T00:00:00Z,67.6,13.1,13.0,9.3,0.1,0.1
2-3 дня,2026-08-15T10:09:15Z,2026-08-17T12:00:00Z,49.8,17.1,19.5,16.0,-2.4,2.4
2-3 дня,2026-08-15T10:09:15Z,2026-08-17T15:00:00Z,52.8,17.3,19.1,16.2,-1.8,1.8
2-3 дня,2026-08-15T10:09:15Z,2026-08-17T18:00:00Z,55.8,12.6,14.5,11.2,-1.9,1.9
2-3 дня,2026-08-15T10:09:15Z,2026-08-17T21:00:00Z,58.8,11.1,13.0,9.4,-1.9,1.9
2-3 дня,2026-08-15T10:09:15Z,2026-08-18T00:00:00Z,61.8,10.7,13.0,9.3,-2.3,2.3
2-3 дня,2026-08-15T10:09:15Z,2026-08-18T06:00:00Z,67.8,16.3,15.4,15.0,0.9,0.9
2-3 дня,2026-08-15T16:20:39Z,2026-08-17T18:00:00Z,49.7,14.0,14.5,11.2,-0.5,0.5
2-3 дня,2026-08-15T16:20:39Z,2026-08-17T21:00:00Z,52.7,12.6,13.0,9.4,-0.4,0.4
2-3 дня,2026-08-15T16:20:39Z,2026-08-18T00:00:00Z,55.7,11.5,13.0,9.3,-1.5,1.5
2-3 дня,2026-08-15T16:20:39Z,2026-08-18T03:00:00Z,58.7,11.2,12.6,9.1,-1.4,1.4
2-3 дня,2026-08-15T16:20:39Z,2026-08-18T06:00:00Z,61.7,15.4,15.4,15.0,0.0,0.0
2-3 дня,2026-08-15T16:20:39Z,2026-08-18T12:00:00Z,67.7,17.0,18.5,19.5,-1.5,1.5
2-3 дня,2026-08-15T22:29:33Z,2026-08-18T00:00:00Z,49.5,12.1,13.0,9.3,-0.9,0.9
2-3 дня,2026-08-15T22:29:33Z,2026-08-18T03:00:00Z,52.5,13.0,12.6,9.1,0.4,0.4
2-3 дня,2026-08-15T22:29:33Z,2026-08-18T06:00:00Z,55.5,17.1,15.4,15.0,1.7,1.7
2-3 дня,2026-08-15T22:29:33Z,2026-08-18T09:00:00Z,58.5,19.1,18.7,17.9,0.4,0.4
2-3 дня,2026-08-15T22:29:33Z,2026-08-18T12:00:00Z,61.5,19.5,18.5,19.5,1.0,1.0
2-3 дня,2026-08-15T22:29:33Z,2026-08-18T18:00:00Z,67.5,14.8,14.0,14.5,0.8,0.8
2-3 дня,2026-08-16T04:29:41Z,2026-08-18T06:00:00Z,49.5,17.0,15.4,15.0,1.6,1.6
2-3 дня,2026-08-16T04:29:41Z,2026-08-18T09:00:00Z,52.5,19.6,18.7,17.9,0.9,0.9
2-3 дня,2026-08-16T04:29:41Z,2026-08-18T12:00:00Z,55.5,20.2,18.5,19.5,1.7,1.7
2-3 дня,2026-08-16T04:29:41Z,2026-08-18T15:00:00Z,58.5,19.1,18.8,19.1,0.3,0.3
2-3 дня,2026-08-16T04:29:41Z,2026-08-18T18:00:00Z,61.5,14.8,14.0,14.5,0.8,0.8
2-3 дня,2026-08-16T04:29:41Z,2026-08-19T00:00:00Z,67.5,11.8,12.5,13.0,-0.7,0.7
2-3 дня,2026-08-16T07:21:44Z,2026-08-18T09:00:00Z,49.6,18.7,18.7,17.9,0.0,0.0
2-3 дня,2026-08-16T07:21:44Z,2026-08-18T12:00:00Z,52.6,19.1,18.5,19.5,0.6,0.6
2-3 дня,2026-08-16T07:21:44Z,2026-08-18T15:00:00Z,55.6,17.9,18.8,19.1,-0.9,0.9
2-3 дня,2026-08-16T07:21:44Z,2026-08-18T18:00:00Z,58.6,14.4,14.0,14.5,0.4,0.4
2-3 дня,2026-08-16T07:21:44Z,2026-08-18T21:00:00Z,61.6,13.1,12.0,13.0,1.1,1.1
2-3 дня,2026-08-16T07:21:44Z,2026-08-19T00:00:00Z,64.6,11.8,12.5,13.0,-0.7,0.7
2-3 дня,2026-08-16T07:21:44Z,2026-08-19T06:00:00Z,70.6,15.7,14.3,15.4,1.4,1.4
2-3 дня,2026-08-16T10:09:47Z,2026-08-18T12:00:00Z,49.8,19.1,18.5,19.5,0.6,0.6
2-3 дня,2026-08-16T10:09:47Z,2026-08-18T15:00:00Z,52.8,17.9,18.8,19.1,-0.9,0.9
2-3 дня,2026-08-16T10:09:47Z,2026-08-18T18:00:00Z,55.8,14.4,14.0,14.5,0.4,0.4
2-3 дня,2026-08-16T10:09:47Z,2026-08-18T21:00:00Z,58.8,13.1,12.0,13.0,1.1,1.1
2-3 дня,2026-08-16T10:09:47Z,2026-08-19T00:00:00Z,61.8,11.8,12.5,13.0,-0.7,0.7
2-3 дня,2026-08-16T10:09:47Z,2026-08-19T06:00:00Z,67.8,15.7,14.3,15.4,1.4,1.4
2-3 дня,2026-08-16T16:21:00Z,2026-08-18T18:00:00Z,49.6,13.5,14.0,14.5,-0.5,0.5
2-3 дня,2026-08-16T16:21:00Z,2026-08-18T21:00:00Z,52.6,13.6,12.0,13.0,1.6,1.6
2-3 дня,2026-08-16T16:21:00Z,2026-08-19T00:00:00Z,55.6,12.0,12.5,13.0,-0.5,0.5
2-3 дня,2026-08-16T16:21:00Z,2026-08-19T03:00:00Z,58.6,12.2,13.3,12.6,-1.1,1.1
2-3 дня,2026-08-16T16:21:00Z,2026-08-19T06:00:00Z,61.6,14.3,14.3,15.4,0.0,0.0
2-3 дня,2026-08-16T16:21:00Z,2026-08-19T12:00:00Z,67.7,18.8,19.6,18.5,-0.8,0.8
2-3 дня,2026-08-16T22:29:34Z,2026-08-19T00:00:00Z,49.5,12.0,12.5,13.0,-0.5,0.5
2-3 дня,2026-08-16T22:29:34Z,2026-08-19T03:00:00Z,52.5,12.2,13.3,12.6,-1.1,1.1
2-3 дня,2026-08-16T22:29:34Z,2026-08-19T06:00:00Z,55.5,14.3,14.3,15.4,0.0,0.0
2-3 дня,2026-08-16T22:29:34Z,2026-08-19T09:00:00Z,58.5,17.5,17.4,18.7,0.1,0.1
2-3 дня,2026-08-16T22:29:34Z,2026-08-19T12:00:00Z,61.5,20.0,19.6,18.5,0.4,0.4
2-3 дня,2026-08-16T22:29:34Z,2026-08-19T18:00:00Z,67.5,15.4,14.6,14.0,0.8,0.8
2-3 дня,2026-08-17T04:35:30Z,2026-08-19T06:00:00Z,49.4,15.7,14.3,15.4,1.4,1.4
2-3 дня,2026-08-17T04:35:30Z,2026-08-19T09:00:00Z,52.4,19.2,17.4,18.7,1.8,1.8
2-3 дня,2026-08-17T04:35:30Z,2026-08-19T12:00:00Z,55.4,19.9,19.6,18.5,0.3,0.3
2-3 дня,2026-08-17T04:35:30Z,2026-08-19T15:00:00Z,58.4,19.1,17.6,18.8,1.5,1.5
2-3 дня,2026-08-17T04:35:30Z,2026-08-19T18:00:00Z,61.4,15.5,14.6,14.0,0.9,0.9
2-3 дня,2026-08-17T04:35:30Z,2026-08-20T00:00:00Z,67.4,15.2,15.1,12.5,0.1,0.1
2-3 дня,2026-08-17T10:18:11Z,2026-08-19T12:00:00Z,49.7,20.7,19.6,18.5,1.1,1.1
2-3 дня,2026-08-17T10:18:11Z,2026-08-19T15:00:00Z,52.7,19.5,17.6,18.8,1.9,1.9
2-3 дня,2026-08-17T10:18:11Z,2026-08-19T18:00:00Z,55.7,15.4,14.6,14.0,0.8,0.8
2-3 дня,2026-08-17T10:18:11Z,2026-08-19T21:00:00Z,58.7,13.8,15.0,12.0,-1.2,1.2
2-3 дня,2026-08-17T10:18:11Z,2026-08-20T00:00:00Z,61.7,13.2,15.1,12.5,-1.9,1.9
2-3 дня,2026-08-17T10:18:11Z,2026-08-20T06:00:00Z,67.7,15.7,15.0,14.3,0.7,0.7
2-3 дня,2026-08-17T16:23:45Z,2026-08-19T18:00:00Z,49.6,15.5,14.6,14.0,0.9,0.9
2-3 дня,2026-08-17T16:23:45Z,2026-08-19T21:00:00Z,52.6,15.8,15.0,12.0,0.8,0.8
2-3 дня,2026-08-17T16:23:45Z,2026-08-20T00:00:00Z,55.6,15.1,15.1,12.5,0.0,0.0
2-3 дня,2026-08-17T16:23:45Z,2026-08-20T03:00:00Z,58.6,13.9,15.2,13.3,-1.3,1.3
2-3 дня,2026-08-17T16:23:45Z,2026-08-20T06:00:00Z,61.6,14.9,15.0,14.3,-0.1,0.1
2-3 дня,2026-08-17T16:23:45Z,2026-08-20T12:00:00Z,67.6,16.8,16.7,19.6,0.1,0.1
2-3 дня,2026-08-17T22:31:28Z,2026-08-20T00:00:00Z,49.5,14.9,15.1,12.5,-0.2,0.2
2-3 дня,2026-08-17T22:31:28Z,2026-08-20T03:00:00Z,52.5,14.0,15.2,13.3,-1.2,1.2
2-3 дня,2026-08-17T22:31:28Z,2026-08-20T06:00:00Z,55.5,15.5,15.0,14.3,0.5,0.5
2-3 дня,2026-08-17T22:31:28Z,2026-08-20T09:00:00Z,58.5,16.8,15.1,17.4,1.7,1.7
2-3 дня,2026-08-17T22:31:28Z,2026-08-20T12:00:00Z,61.5,17.8,16.7,19.6,1.1,1.1
2-3 дня,2026-08-17T22:31:28Z,2026-08-20T18:00:00Z,67.5,14.4,13.8,14.6,0.6,0.6
2-3 дня,2026-08-18T04:30:05Z,2026-08-20T06:00:00Z,49.5,15.6,15.0,14.3,0.6,0.6
2-3 дня,2026-08-18T04:30:05Z,2026-08-20T09:00:00Z,52.5,15.4,15.1,17.4,0.3,0.3
2-3 дня,2026-08-18T04:30:05Z,2026-08-20T12:00:00Z,55.5,18.0,16.7,19.6,1.3,1.3
2-3 дня,2026-08-18T04:30:05Z,2026-08-20T15:00:00Z,58.5,15.9,15.2,17.6,0.7,0.7
2-3 дня,2026-08-18T04:30:05Z,2026-08-20T18:00:00Z,61.5,14.0,13.8,14.6,0.2,0.2
2-3 дня,2026-08-18T04:30:05Z,2026-08-21T00:00:00Z,67.5,14.4,13.1,15.1,1.3,1.3
2-3 дня,2026-08-18T10:14:55Z,2026-08-20T12:00:00Z,49.8,17.2,16.7,19.6,0.5,0.5
2-3 дня,2026-08-18T10:14:55Z,2026-08-20T15:00:00Z,52.8,15.5,15.2,17.6,0.3,0.3
2-3 дня,2026-08-18T10:14:55Z,2026-08-20T18:00:00Z,55.8,14.3,13.8,14.6,0.5,0.5
2-3 дня,2026-08-18T10:14:55Z,2026-08-20T21:00:00Z,58.8,14.1,13.9,15.0,0.2,0.2
2-3 дня,2026-08-18T10:14:55Z,2026-08-21T00:00:00Z,61.8,12.8,13.1,15.1,-0.3,0.3
2-3 дня,2026-08-18T10:14:55Z,2026-08-21T06:00:00Z,67.8,14.5,15.9,15.0,-1.4,1.4
2-3 дня,2026-08-18T16:27:50Z,2026-08-20T18:00:00Z,49.5,15.9,13.8,14.6,2.1,2.1
2-3 дня,2026-08-18T16:27:50Z,2026-08-20T21:00:00Z,52.5,13.6,13.9,15.0,-0.3,0.3
2-3 дня,2026-08-18T16:27:50Z,2026-08-21T00:00:00Z,55.5,11.8,13.1,15.1,-1.3,1.3
2-3 дня,2026-08-18T16:27:50Z,2026-08-21T03:00:00Z,58.5,11.7,12.4,15.2,-0.7,0.7
2-3 дня,2026-08-18T16:27:50Z,2026-08-21T06:00:00Z,61.5,15.5,15.9,15.0,-0.4,0.4
2-3 дня,2026-08-18T16:27:50Z,2026-08-21T12:00:00Z,67.5,16.2,18.3,16.7,-2.1,2.1
2-3 дня,2026-08-18T22:31:39Z,2026-08-21T00:00:00Z,49.5,14.1,13.1,15.1,1.0,1.0
2-3 дня,2026-08-18T22:31:39Z,2026-08-21T03:00:00Z,52.5,13.7,12.4,15.2,1.3,1.3
2-3 дня,2026-08-18T22:31:39Z,2026-08-21T06:00:00Z,55.5,15.8,15.9,15.0,-0.1,0.1
2-3 дня,2026-08-18T22:31:39Z,2026-08-21T09:00:00Z,58.5,14.5,17.9,15.1,-3.4,3.4
2-3 дня,2026-08-18T22:31:39Z,2026-08-21T12:00:00Z,61.5,16.5,18.3,16.7,-1.8,1.8
2-3 дня,2026-08-18T22:31:39Z,2026-08-21T18:00:00Z,67.5,13.1,14.0,13.8,-0.9,0.9
2-3 дня,2026-08-19T04:31:14Z,2026-08-21T06:00:00Z,49.5,14.6,15.9,15.0,-1.3,1.3
2-3 дня,2026-08-19T04:31:14Z,2026-08-21T09:00:00Z,52.5,15.0,17.9,15.1,-2.9,2.9
2-3 дня,2026-08-19T04:31:14Z,2026-08-21T12:00:00Z,55.5,15.7,18.3,16.7,-2.6,2.6
2-3 дня,2026-08-19T04:31:14Z,2026-08-21T15:00:00Z,58.5,15.5,15.5,15.2,0.0,0.0
2-3 дня,2026-08-19T04:31:14Z,2026-08-21T18:00:00Z,61.5,13.4,14.0,13.8,-0.6,0.6
2-3 дня,2026-08-19T04:31:14Z,2026-08-22T00:00:00Z,67.5,13.3,13.5,13.1,-0.2,0.2
2-3 дня,2026-08-19T10:14:48Z,2026-08-21T12:00:00Z,49.8,19.6,18.3,16.7,1.3,1.3
2-3 дня,2026-08-19T10:14:48Z,2026-08-21T15:00:00Z,52.8,17.7,15.5,15.2,2.2,2.2
2-3 дня,2026-08-19T10:14:48Z,2026-08-21T18:00:00Z,55.8,15.7,14.0,13.8,1.7,1.7
2-3 дня,2026-08-19T10:14:48Z,2026-08-21T21:00:00Z,58.8,12.2,13.4,13.9,-1.2,1.2
2-3 дня,2026-08-19T10:14:48Z,2026-08-22T00:00:00Z,61.8,13.2,13.5,13.1,-0.3,0.3
2-3 дня,2026-08-19T10:14:48Z,2026-08-22T06:00:00Z,67.8,15.6,15.4,15.9,0.2,0.2
2-3 дня,2026-08-19T16:28:17Z,2026-08-21T18:00:00Z,49.5,14.0,14.0,13.8,0.0,0.0
2-3 дня,2026-08-19T16:28:17Z,2026-08-21T21:00:00Z,52.5,12.8,13.4,13.9,-0.6,0.6
2-3 дня,2026-08-19T16:28:17Z,2026-08-22T00:00:00Z,55.5,12.9,13.5,13.1,-0.6,0.6
2-3 дня,2026-08-19T16:28:17Z,2026-08-22T03:00:00Z,58.5,13.3,14.2,12.4,-0.9,0.9
2-3 дня,2026-08-19T16:28:17Z,2026-08-22T06:00:00Z,61.5,14.4,15.4,15.9,-1.0,1.0
2-3 дня,2026-08-19T16:28:17Z,2026-08-22T12:00:00Z,67.5,19.3,18.2,18.3,1.1,1.1
2-3 дня,2026-08-20T04:31:56Z,2026-08-22T06:00:00Z,49.5,15.0,15.4,15.9,-0.4,0.4
2-3 дня,2026-08-20T04:31:56Z,2026-08-22T09:00:00Z,52.5,17.3,16.3,17.9,1.0,1.0
2-3 дня,2026-08-20T04:31:56Z,2026-08-22T12:00:00Z,55.5,15.1,18.2,18.3,-3.1,3.1
2-3 дня,2026-08-20T04:31:56Z,2026-08-22T15:00:00Z,58.5,16.1,16.2,15.5,-0.1,0.1
2-3 дня,2026-08-20T04:31:56Z,2026-08-22T18:00:00Z,61.5,13.1,12.5,14.0,0.6,0.6
2-3 дня,2026-08-20T04:31:56Z,2026-08-23T00:00:00Z,67.5,10.5,10.8,13.5,-0.3,0.3
2-3 дня,2026-08-20T10:16:10Z,2026-08-22T12:00:00Z,49.7,18.3,18.2,18.3,0.1,0.1
2-3 дня,2026-08-20T10:16:10Z,2026-08-22T15:00:00Z,52.7,15.8,16.2,15.5,-0.4,0.4
2-3 дня,2026-08-20T10:16:10Z,2026-08-22T18:00:00Z,55.7,13.3,12.5,14.0,0.8,0.8
2-3 дня,2026-08-20T10:16:10Z,2026-08-22T21:00:00Z,58.7,11.6,11.1,13.4,0.5,0.5
2-3 дня,2026-08-20T10:16:10Z,2026-08-23T00:00:00Z,61.7,10.5,10.8,13.5,-0.3,0.3
2-3 дня,2026-08-20T10:16:10Z,2026-08-23T06:00:00Z,67.7,14.2,15.3,15.4,-1.1,1.1
2-3 дня,2026-08-20T16:31:45Z,2026-08-22T18:00:00Z,49.5,13.7,12.5,14.0,1.2,1.2
2-3 дня,2026-08-20T16:31:45Z,2026-08-22T21:00:00Z,52.5,11.5,11.1,13.4,0.4,0.4
2-3 дня,2026-08-20T16:31:45Z,2026-08-23T00:00:00Z,55.5,11.0,10.8,13.5,0.2,0.2
2-3 дня,2026-08-20T16:31:45Z,2026-08-23T03:00:00Z,58.5,10.9,10.5,14.2,0.4,0.4
2-3 дня,2026-08-20T16:31:45Z,2026-08-23T06:00:00Z,61.5,13.5,15.3,15.4,-1.8,1.8
2-3 дня,2026-08-20T16:31:45Z,2026-08-23T12:00:00Z,67.5,16.1,15.9,18.2,0.2,0.2
2-3 дня,2026-08-20T22:34:58Z,2026-08-23T00:00:00Z,49.4,10.6,10.8,13.5,-0.2,0.2
2-3 дня,2026-08-20T22:34:58Z,2026-08-23T03:00:00Z,52.4,11.4,10.5,14.2,0.9,0.9
2-3 дня,2026-08-20T22:34:58Z,2026-08-23T06:00:00Z,55.4,14.4,15.3,15.4,-0.9,0.9
2-3 дня,2026-08-20T22:34:58Z,2026-08-23T09:00:00Z,58.4,16.3,19.7,16.3,-3.4,3.4
2-3 дня,2026-08-20T22:34:58Z,2026-08-23T12:00:00Z,61.4,17.0,15.9,18.2,1.1,1.1
2-3 дня,2026-08-20T22:34:58Z,2026-08-23T18:00:00Z,67.4,14.5,13.2,12.5,1.3,1.3
2-3 дня,2026-08-21T04:32:20Z,2026-08-23T06:00:00Z,49.5,14.6,15.3,15.4,-0.7,0.7
2-3 дня,2026-08-21T04:32:20Z,2026-08-23T09:00:00Z,52.5,18.4,19.7,16.3,-1.3,1.3
2-3 дня,2026-08-21T04:32:20Z,2026-08-23T12:00:00Z,55.5,17.9,15.9,18.2,2.0,2.0
2-3 дня,2026-08-21T04:32:20Z,2026-08-23T15:00:00Z,58.5,16.8,14.0,16.2,2.8,2.8
2-3 дня,2026-08-21T04:32:20Z,2026-08-23T18:00:00Z,61.5,14.5,13.2,12.5,1.3,1.3
2-3 дня,2026-08-21T04:32:20Z,2026-08-24T00:00:00Z,67.5,13.2,13.8,10.8,-0.6,0.6
2-3 дня,2026-08-21T10:16:50Z,2026-08-23T12:00:00Z,49.7,17.1,15.9,18.2,1.2,1.2
2-3 дня,2026-08-21T10:16:50Z,2026-08-23T15:00:00Z,52.7,15.5,14.0,16.2,1.5,1.5
2-3 дня,2026-08-21T10:16:50Z,2026-08-23T18:00:00Z,55.7,14.0,13.2,12.5,0.8,0.8
2-3 дня,2026-08-21T10:16:50Z,2026-08-23T21:00:00Z,58.7,13.9,13.5,11.1,0.4,0.4
2-3 дня,2026-08-21T10:16:50Z,2026-08-24T00:00:00Z,61.7,13.8,13.8,10.8,0.0,0.0
2-3 дня,2026-08-21T10:16:50Z,2026-08-24T06:00:00Z,67.7,13.6,14.4,15.3,-0.8,0.8
2-3 дня,2026-08-21T16:30:34Z,2026-08-23T18:00:00Z,49.5,14.0,13.2,12.5,0.8,0.8
2-3 дня,2026-08-21T16:30:34Z,2026-08-23T21:00:00Z,52.5,13.7,13.5,11.1,0.2,0.2
2-3 дня,2026-08-21T16:30:34Z,2026-08-24T00:00:00Z,55.5,13.5,13.8,10.8,-0.3,0.3
2-3 дня,2026-08-21T16:30:34Z,2026-08-24T03:00:00Z,58.5,13.5,14.1,10.5,-0.6,0.6
2-3 дня,2026-08-21T16:30:34Z,2026-08-24T06:00:00Z,61.5,14.1,14.4,15.3,-0.3,0.3
2-3 дня,2026-08-21T16:30:34Z,2026-08-24T12:00:00Z,67.5,17.9,17.8,15.9,0.1,0.1
2-3 дня,2026-08-21T22:32:12Z,2026-08-24T00:00:00Z,49.5,13.5,13.8,10.8,-0.3,0.3
2-3 дня,2026-08-21T22:32:12Z,2026-08-24T03:00:00Z,52.5,13.5,14.1,10.5,-0.6,0.6
2-3 дня,2026-08-21T22:32:12Z,2026-08-24T06:00:00Z,55.5,14.2,14.4,15.3,-0.2,0.2
2-3 дня,2026-08-21T22:32:12Z,2026-08-24T09:00:00Z,58.5,15.5,15.7,19.7,-0.2,0.2
2-3 дня,2026-08-21T22:32:12Z,2026-08-24T12:00:00Z,61.5,15.4,17.8,15.9,-2.4,2.4
2-3 дня,2026-08-22T04:26:43Z,2026-08-24T06:00:00Z,49.6,14.9,14.4,15.3,0.5,0.5
2-3 дня,2026-08-22T04:26:43Z,2026-08-24T09:00:00Z,52.6,16.6,15.7,19.7,0.9,0.9
2-3 дня,2026-08-22T04:26:43Z,2026-08-24T12:00:00Z,55.6,15.1,17.8,15.9,-2.7,2.7
2-3 дня,2026-08-22T04:26:43Z,2026-08-24T15:00:00Z,58.6,14.8,15.6,14.0,-0.8,0.8
2-3 дня,2026-08-22T10:09:41Z,2026-08-24T12:00:00Z,49.8,16.6,17.8,15.9,-1.2,1.2
2-3 дня,2026-08-22T10:09:41Z,2026-08-24T15:00:00Z,52.8,15.8,15.6,14.0,0.2,0.2
3-5 дней,2026-08-06T09:50:07Z,2026-08-09T12:00:00Z,74.2,15.9,16.7,15.4,-0.8,0.8
3-5 дней,2026-08-06T09:50:07Z,2026-08-09T18:00:00Z,80.2,11.1,13.7,14.4,-2.6,2.6
3-5 дней,2026-08-06T09:50:07Z,2026-08-10T00:00:00Z,86.2,8.5,10.8,13.1,-2.3,2.3
3-5 дней,2026-08-06T09:50:07Z,2026-08-10T06:00:00Z,92.2,15.7,16.9,15.2,-1.2,1.2
3-5 дней,2026-08-06T09:50:07Z,2026-08-10T12:00:00Z,98.2,21.0,22.3,16.7,-1.3,1.3
3-5 дней,2026-08-06T09:50:07Z,2026-08-10T18:00:00Z,104.2,16.9,18.4,13.7,-1.5,1.5
3-5 дней,2026-08-06T09:50:07Z,2026-08-11T00:00:00Z,110.2,14.1,15.3,10.8,-1.2,1.2
3-5 дней,2026-08-06T09:50:07Z,2026-08-11T06:00:00Z,116.2,19.3,19.4,16.9,-0.1,0.1
3-5 дней,2026-08-06T09:59:18Z,2026-08-09T12:00:00Z,74.0,15.9,16.7,15.4,-0.8,0.8
3-5 дней,2026-08-06T09:59:18Z,2026-08-09T18:00:00Z,80.0,11.1,13.7,14.4,-2.6,2.6
3-5 дней,2026-08-06T09:59:18Z,2026-08-10T00:00:00Z,86.0,8.5,10.8,13.1,-2.3,2.3
3-5 дней,2026-08-06T09:59:18Z,2026-08-10T06:00:00Z,92.0,15.7,16.9,15.2,-1.2,1.2
3-5 дней,2026-08-06T09:59:18Z,2026-08-10T12:00:00Z,98.0,21.0,22.3,16.7,-1.3,1.3
3-5 дней,2026-08-06T09:59:18Z,2026-08-10T18:00:00Z,104.0,16.9,18.4,13.7,-1.5,1.5
3-5 дней,2026-08-06T09:59:18Z,2026-08-11T00:00:00Z,110.0,14.1,15.3,10.8,-1.2,1.2
3-5 дней,2026-08-06T09:59:18Z,2026-08-11T06:00:00Z,116.0,19.3,19.4,16.9,-0.1,0.1
3-5 дней,2026-08-06T10:08:26Z,2026-08-09T12:00:00Z,73.9,15.9,16.7,15.4,-0.8,0.8
3-5 дней,2026-08-06T10:08:26Z,2026-08-09T18:00:00Z,79.9,11.1,13.7,14.4,-2.6,2.6
3-5 дней,2026-08-06T10:08:26Z,2026-08-10T00:00:00Z,85.9,8.5,10.8,13.1,-2.3,2.3
3-5 дней,2026-08-06T10:08:26Z,2026-08-10T06:00:00Z,91.9,15.7,16.9,15.2,-1.2,1.2
3-5 дней,2026-08-06T10:08:26Z,2026-08-10T12:00:00Z,97.9,21.0,22.3,16.7,-1.3,1.3
3-5 дней,2026-08-06T10:08:26Z,2026-08-10T18:00:00Z,103.9,16.9,18.4,13.7,-1.5,1.5
3-5 дней,2026-08-06T10:08:26Z,2026-08-11T00:00:00Z,109.9,14.1,15.3,10.8,-1.2,1.2
3-5 дней,2026-08-06T10:08:26Z,2026-08-11T06:00:00Z,115.9,19.3,19.4,16.9,-0.1,0.1
3-5 дней,2026-08-06T10:47:54Z,2026-08-09T12:00:00Z,73.2,15.9,16.7,15.4,-0.8,0.8
3-5 дней,2026-08-06T10:47:54Z,2026-08-09T18:00:00Z,79.2,11.1,13.7,14.4,-2.6,2.6
3-5 дней,2026-08-06T10:47:54Z,2026-08-10T00:00:00Z,85.2,8.5,10.8,13.1,-2.3,2.3
3-5 дней,2026-08-06T10:47:54Z,2026-08-10T06:00:00Z,91.2,15.7,16.9,15.2,-1.2,1.2
3-5 дней,2026-08-06T10:47:54Z,2026-08-10T12:00:00Z,97.2,21.0,22.3,16.7,-1.3,1.3
3-5 дней,2026-08-06T10:47:54Z,2026-08-10T18:00:00Z,103.2,16.9,18.4,13.7,-1.5,1.5
3-5 дней,2026-08-06T10:47:54Z,2026-08-11T00:00:00Z,109.2,14.1,15.3,10.8,-1.2,1.2
3-5 дней,2026-08-06T10:47:54Z,2026-08-11T06:00:00Z,115.2,19.3,19.4,16.9,-0.1,0.1
3-5 дней,2026-08-06T11:30:42Z,2026-08-09T12:00:00Z,72.5,14.9,16.7,15.4,-1.8,1.8
3-5 дней,2026-08-06T11:30:42Z,2026-08-09T18:00:00Z,78.5,11.6,13.7,14.4,-2.1,2.1
3-5 дней,2026-08-06T11:30:42Z,2026-08-10T00:00:00Z,84.5,11.2,10.8,13.1,0.4,0.4
3-5 дней,2026-08-06T11:30:42Z,2026-08-10T06:00:00Z,90.5,17.8,16.9,15.2,0.9,0.9
3-5 дней,2026-08-06T11:30:42Z,2026-08-10T12:00:00Z,96.5,21.9,22.3,16.7,-0.4,0.4
3-5 дней,2026-08-06T11:30:42Z,2026-08-10T18:00:00Z,102.5,17.6,18.4,13.7,-0.8,0.8
3-5 дней,2026-08-06T11:30:42Z,2026-08-11T00:00:00Z,108.5,15.0,15.3,10.8,-0.3,0.3
3-5 дней,2026-08-06T11:30:42Z,2026-08-11T06:00:00Z,114.5,18.6,19.4,16.9,-0.8,0.8
3-5 дней,2026-08-06T11:36:01Z,2026-08-09T12:00:00Z,72.4,14.9,16.7,15.4,-1.8,1.8
3-5 дней,2026-08-06T11:36:01Z,2026-08-09T18:00:00Z,78.4,11.6,13.7,14.4,-2.1,2.1
3-5 дней,2026-08-06T11:36:01Z,2026-08-10T00:00:00Z,84.4,11.2,10.8,13.1,0.4,0.4
3-5 дней,2026-08-06T11:36:01Z,2026-08-10T06:00:00Z,90.4,17.8,16.9,15.2,0.9,0.9
3-5 дней,2026-08-06T11:36:01Z,2026-08-10T12:00:00Z,96.4,21.9,22.3,16.7,-0.4,0.4
3-5 дней,2026-08-06T11:36:01Z,2026-08-10T18:00:00Z,102.4,17.6,18.4,13.7,-0.8,0.8
3-5 дней,2026-08-06T11:36:01Z,2026-08-11T00:00:00Z,108.4,15.0,15.3,10.8,-0.3,0.3
3-5 дней,2026-08-06T11:36:01Z,2026-08-11T06:00:00Z,114.4,18.6,19.4,16.9,-0.8,0.8
3-5 дней,2026-08-06T11:44:08Z,2026-08-09T12:00:00Z,72.3,14.9,16.7,15.4,-1.8,1.8
3-5 дней,2026-08-06T11:44:08Z,2026-08-09T18:00:00Z,78.3,11.6,13.7,14.4,-2.1,2.1
3-5 дней,2026-08-06T11:44:08Z,2026-08-10T00:00:00Z,84.3,11.2,10.8,13.1,0.4,0.4
3-5 дней,2026-08-06T11:44:08Z,2026-08-10T06:00:00Z,90.3,17.8,16.9,15.2,0.9,0.9
3-5 дней,2026-08-06T11:44:08Z,2026-08-10T12:00:00Z,96.3,21.9,22.3,16.7,-0.4,0.4
3-5 дней,2026-08-06T11:44:08Z,2026-08-10T18:00:00Z,102.3,17.6,18.4,13.7,-0.8,0.8
3-5 дней,2026-08-06T11:44:08Z,2026-08-11T00:00:00Z,108.3,15.0,15.3,10.8,-0.3,0.3
3-5 дней,2026-08-06T11:44:08Z,2026-08-11T06:00:00Z,114.3,18.6,19.4,16.9,-0.8,0.8
3-5 дней,2026-08-07T01:31:32Z,2026-08-10T06:00:00Z,76.5,16.7,16.9,15.2,-0.2,0.2
3-5 дней,2026-08-07T01:31:32Z,2026-08-10T12:00:00Z,82.5,21.8,22.3,16.7,-0.5,0.5
3-5 дней,2026-08-07T01:31:32Z,2026-08-10T18:00:00Z,88.5,16.8,18.4,13.7,-1.6,1.6
3-5 дней,2026-08-07T01:31:32Z,2026-08-11T00:00:00Z,94.5,14.7,15.3,10.8,-0.6,0.6
3-5 дней,2026-08-07T01:31:32Z,2026-08-11T06:00:00Z,100.5,19.2,19.4,16.9,-0.2,0.2
3-5 дней,2026-08-07T01:31:32Z,2026-08-11T12:00:00Z,106.5,22.3,24.1,22.3,-1.8,1.8
3-5 дней,2026-08-07T01:31:32Z,2026-08-11T18:00:00Z,112.5,17.7,16.8,18.4,0.9,0.9
3-5 дней,2026-08-07T01:31:32Z,2026-08-12T00:00:00Z,118.5,15.6,15.2,15.3,0.4,0.4
3-5 дней,2026-08-07T05:36:00Z,2026-08-10T06:00:00Z,72.4,16.7,16.9,15.2,-0.2,0.2
3-5 дней,2026-08-07T05:36:00Z,2026-08-10T12:00:00Z,78.4,21.8,22.3,16.7,-0.5,0.5
3-5 дней,2026-08-07T05:36:00Z,2026-08-10T18:00:00Z,84.4,16.8,18.4,13.7,-1.6,1.6
3-5 дней,2026-08-07T05:36:00Z,2026-08-11T00:00:00Z,90.4,14.7,15.3,10.8,-0.6,0.6
3-5 дней,2026-08-07T05:36:00Z,2026-08-11T06:00:00Z,96.4,19.2,19.4,16.9,-0.2,0.2
3-5 дней,2026-08-07T05:36:00Z,2026-08-11T12:00:00Z,102.4,22.3,24.1,22.3,-1.8,1.8
3-5 дней,2026-08-07T05:36:00Z,2026-08-11T18:00:00Z,108.4,17.7,16.8,18.4,0.9,0.9
3-5 дней,2026-08-07T05:36:00Z,2026-08-12T00:00:00Z,114.4,15.6,15.2,15.3,0.4,0.4
3-5 дней,2026-08-07T06:18:59Z,2026-08-10T12:00:00Z,77.7,21.8,22.3,16.7,-0.5,0.5
3-5 дней,2026-08-07T06:18:59Z,2026-08-10T18:00:00Z,83.7,16.8,18.4,13.7,-1.6,1.6
3-5 дней,2026-08-07T06:18:59Z,2026-08-11T00:00:00Z,89.7,14.7,15.3,10.8,-0.6,0.6
3-5 дней,2026-08-07T06:18:59Z,2026-08-11T06:00:00Z,95.7,19.2,19.4,16.9,-0.2,0.2
3-5 дней,2026-08-07T06:18:59Z,2026-08-11T12:00:00Z,101.7,22.3,24.1,22.3,-1.8,1.8
3-5 дней,2026-08-07T06:18:59Z,2026-08-11T18:00:00Z,107.7,17.7,16.8,18.4,0.9,0.9
3-5 дней,2026-08-07T06:18:59Z,2026-08-12T00:00:00Z,113.7,15.6,15.2,15.3,0.4,0.4
3-5 дней,2026-08-07T06:18:59Z,2026-08-12T06:00:00Z,119.7,16.8,14.7,19.4,2.1,2.1
3-5 дней,2026-08-07T07:13:52Z,2026-08-10T12:00:00Z,76.8,21.8,22.3,16.7,-0.5,0.5
3-5 дней,2026-08-07T07:13:52Z,2026-08-10T18:00:00Z,82.8,16.8,18.4,13.7,-1.6,1.6
3-5 дней,2026-08-07T07:13:52Z,2026-08-11T00:00:00Z,88.8,14.7,15.3,10.8,-0.6,0.6
3-5 дней,2026-08-07T07:13:52Z,2026-08-11T06:00:00Z,94.8,19.2,19.4,16.9,-0.2,0.2
3-5 дней,2026-08-07T07:13:52Z,2026-08-11T12:00:00Z,100.8,22.3,24.1,22.3,-1.8,1.8
3-5 дней,2026-08-07T07:13:52Z,2026-08-11T18:00:00Z,106.8,17.7,16.8,18.4,0.9,0.9
3-5 дней,2026-08-07T07:13:52Z,2026-08-12T00:00:00Z,112.8,15.6,15.2,15.3,0.4,0.4
3-5 дней,2026-08-07T07:13:52Z,2026-08-12T06:00:00Z,118.8,16.8,14.7,19.4,2.1,2.1
3-5 дней,2026-08-07T10:39:14Z,2026-08-10T12:00:00Z,73.3,21.8,22.3,16.7,-0.5,0.5
3-5 дней,2026-08-07T10:39:14Z,2026-08-10T18:00:00Z,79.3,16.8,18.4,13.7,-1.6,1.6
3-5 дней,2026-08-07T10:39:14Z,2026-08-11T00:00:00Z,85.3,14.7,15.3,10.8,-0.6,0.6
3-5 дней,2026-08-07T10:39:14Z,2026-08-11T06:00:00Z,91.3,19.2,19.4,16.9,-0.2,0.2
3-5 дней,2026-08-07T10:39:14Z,2026-08-11T12:00:00Z,97.3,22.3,24.1,22.3,-1.8,1.8
3-5 дней,2026-08-07T10:39:14Z,2026-08-11T18:00:00Z,103.3,17.7,16.8,18.4,0.9,0.9
3-5 дней,2026-08-07T10:39:14Z,2026-08-12T00:00:00Z,109.3,15.6,15.2,15.3,0.4,0.4
3-5 дней,2026-08-07T10:39:14Z,2026-08-12T06:00:00Z,115.3,16.8,14.7,19.4,2.1,2.1
3-5 дней,2026-08-07T16:51:54Z,2026-08-10T18:00:00Z,73.1,17.0,18.4,13.7,-1.4,1.4
3-5 дней,2026-08-07T16:51:54Z,2026-08-11T00:00:00Z,79.1,15.3,15.3,10.8,0.0,0.0
3-5 дней,2026-08-07T16:51:54Z,2026-08-11T06:00:00Z,85.1,18.8,19.4,16.9,-0.6,0.6
3-5 дней,2026-08-07T16:51:54Z,2026-08-11T12:00:00Z,91.1,18.5,24.1,22.3,-5.6,5.6
3-5 дней,2026-08-07T16:51:54Z,2026-08-11T18:00:00Z,97.1,15.0,16.8,18.4,-1.8,1.8
3-5 дней,2026-08-07T16:51:54Z,2026-08-12T00:00:00Z,103.1,11.5,15.2,15.3,-3.7,3.7
3-5 дней,2026-08-07T16:51:54Z,2026-08-12T06:00:00Z,109.1,13.8,14.7,19.4,-0.9,0.9
3-5 дней,2026-08-07T16:51:54Z,2026-08-12T12:00:00Z,115.1,13.2,11.9,24.1,1.3,1.3
3-5 дней,2026-08-07T22:45:57Z,2026-08-11T00:00:00Z,73.2,15.3,15.3,10.8,0.0,0.0
3-5 дней,2026-08-07T22:45:57Z,2026-08-11T06:00:00Z,79.2,18.8,19.4,16.9,-0.6,0.6
3-5 дней,2026-08-07T22:45:57Z,2026-08-11T12:00:00Z,85.2,18.5,24.1,22.3,-5.6,5.6
3-5 дней,2026-08-07T22:45:57Z,2026-08-11T18:00:00Z,91.2,15.0,16.8,18.4,-1.8,1.8
3-5 дней,2026-08-07T22:45:57Z,2026-08-12T00:00:00Z,97.2,11.5,15.2,15.3,-3.7,3.7
3-5 дней,2026-08-07T22:45:57Z,2026-08-12T06:00:00Z,103.2,13.8,14.7,19.4,-0.9,0.9
3-5 дней,2026-08-07T22:45:57Z,2026-08-12T12:00:00Z,109.2,13.2,11.9,24.1,1.3,1.3
3-5 дней,2026-08-07T22:45:57Z,2026-08-12T18:00:00Z,115.2,10.0,9.3,16.8,0.7,0.7
3-5 дней,2026-08-07T23:19:23Z,2026-08-11T00:00:00Z,72.7,14.3,15.3,10.8,-1.0,1.0
3-5 дней,2026-08-07T23:19:23Z,2026-08-11T06:00:00Z,78.7,18.8,19.4,16.9,-0.6,0.6
3-5 дней,2026-08-07T23:19:23Z,2026-08-11T12:00:00Z,84.7,21.9,24.1,22.3,-2.2,2.2
3-5 дней,2026-08-07T23:19:23Z,2026-08-11T18:00:00Z,90.7,16.3,16.8,18.4,-0.5,0.5
3-5 дней,2026-08-07T23:19:23Z,2026-08-12T00:00:00Z,96.7,14.8,15.2,15.3,-0.4,0.4
3-5 дней,2026-08-07T23:19:23Z,2026-08-12T06:00:00Z,102.7,15.7,14.7,19.4,1.0,1.0
3-5 дней,2026-08-07T23:19:23Z,2026-08-12T12:00:00Z,108.7,17.7,11.9,24.1,5.8,5.8
3-5 дней,2026-08-07T23:19:23Z,2026-08-12T18:00:00Z,114.7,10.9,9.3,16.8,1.6,1.6
3-5 дней,2026-08-08T04:50:53Z,2026-08-11T06:00:00Z,73.2,18.8,19.4,16.9,-0.6,0.6
3-5 дней,2026-08-08T04:50:53Z,2026-08-11T12:00:00Z,79.2,21.9,24.1,22.3,-2.2,2.2
3-5 дней,2026-08-08T04:50:53Z,2026-08-11T18:00:00Z,85.2,16.3,16.8,18.4,-0.5,0.5
3-5 дней,2026-08-08T04:50:53Z,2026-08-12T00:00:00Z,91.2,14.8,15.2,15.3,-0.4,0.4
3-5 дней,2026-08-08T04:50:53Z,2026-08-12T06:00:00Z,97.2,15.7,14.7,19.4,1.0,1.0
3-5 дней,2026-08-08T04:50:53Z,2026-08-12T12:00:00Z,103.2,17.7,11.9,24.1,5.8,5.8
3-5 дней,2026-08-08T04:50:53Z,2026-08-12T18:00:00Z,109.2,10.9,9.3,16.8,1.6,1.6
3-5 дней,2026-08-08T04:50:53Z,2026-08-13T00:00:00Z,115.2,10.0,8.4,15.2,1.6,1.6
3-5 дней,2026-08-08T10:18:13Z,2026-08-11T12:00:00Z,73.7,21.9,24.1,22.3,-2.2,2.2
3-5 дней,2026-08-08T10:18:13Z,2026-08-11T18:00:00Z,79.7,16.3,16.8,18.4,-0.5,0.5
3-5 дней,2026-08-08T10:18:13Z,2026-08-12T00:00:00Z,85.7,14.8,15.2,15.3,-0.4,0.4
3-5 дней,2026-08-08T10:18:13Z,2026-08-12T06:00:00Z,91.7,15.7,14.7,19.4,1.0,1.0
3-5 дней,2026-08-08T10:18:13Z,2026-08-12T12:00:00Z,97.7,17.7,11.9,24.1,5.8,5.8
3-5 дней,2026-08-08T10:18:13Z,2026-08-12T18:00:00Z,103.7,10.9,9.3,16.8,1.6,1.6
3-5 дней,2026-08-08T10:18:13Z,2026-08-13T00:00:00Z,109.7,10.0,8.4,15.2,1.6,1.6
3-5 дней,2026-08-08T10:18:13Z,2026-08-13T06:00:00Z,115.7,10.1,8.2,14.7,1.9,1.9
3-5 дней,2026-08-08T22:37:20Z,2026-08-12T00:00:00Z,73.4,16.4,15.2,15.3,1.2,1.2
3-5 дней,2026-08-08T22:37:20Z,2026-08-12T06:00:00Z,79.4,18.2,14.7,19.4,3.5,3.5
3-5 дней,2026-08-08T22:37:20Z,2026-08-12T12:00:00Z,85.4,16.9,11.9,24.1,5.0,5.0
3-5 дней,2026-08-08T22:37:20Z,2026-08-12T18:00:00Z,91.4,15.2,9.3,16.8,5.9,5.9
3-5 дней,2026-08-08T22:37:20Z,2026-08-13T00:00:00Z,97.4,10.4,8.4,15.2,2.0,2.0
3-5 дней,2026-08-08T22:37:20Z,2026-08-13T06:00:00Z,103.4,10.1,8.2,14.7,1.9,1.9
3-5 дней,2026-08-08T22:37:20Z,2026-08-13T12:00:00Z,109.4,9.5,7.7,11.9,1.8,1.8
3-5 дней,2026-08-08T22:37:20Z,2026-08-13T18:00:00Z,115.4,8.4,6.9,9.3,1.5,1.5
3-5 дней,2026-08-09T04:59:03Z,2026-08-12T06:00:00Z,73.0,15.7,14.7,19.4,1.0,1.0
3-5 дней,2026-08-09T04:59:03Z,2026-08-12T12:00:00Z,79.0,16.4,11.9,24.1,4.5,4.5
3-5 дней,2026-08-09T04:59:03Z,2026-08-12T18:00:00Z,85.0,10.7,9.3,16.8,1.4,1.4
3-5 дней,2026-08-09T04:59:03Z,2026-08-13T00:00:00Z,91.0,9.1,8.4,15.2,0.7,0.7
3-5 дней,2026-08-09T04:59:03Z,2026-08-13T06:00:00Z,97.0,8.9,8.2,14.7,0.7,0.7
3-5 дней,2026-08-09T04:59:03Z,2026-08-13T12:00:00Z,103.0,9.1,7.7,11.9,1.4,1.4
3-5 дней,2026-08-09T04:59:03Z,2026-08-13T18:00:00Z,109.0,9.0,6.9,9.3,2.1,2.1
3-5 дней,2026-08-09T04:59:03Z,2026-08-14T00:00:00Z,115.0,9.1,7.3,8.4,1.8,1.8
3-5 дней,2026-08-09T10:19:29Z,2026-08-12T12:00:00Z,73.7,16.4,11.9,24.1,4.5,4.5
3-5 дней,2026-08-09T10:19:29Z,2026-08-12T18:00:00Z,79.7,10.7,9.3,16.8,1.4,1.4
3-5 дней,2026-08-09T10:19:29Z,2026-08-13T00:00:00Z,85.7,9.1,8.4,15.2,0.7,0.7
3-5 дней,2026-08-09T10:19:29Z,2026-08-13T06:00:00Z,91.7,8.9,8.2,14.7,0.7,0.7
3-5 дней,2026-08-09T10:19:29Z,2026-08-13T12:00:00Z,97.7,9.1,7.7,11.9,1.4,1.4
3-5 дней,2026-08-09T10:19:29Z,2026-08-13T18:00:00Z,103.7,9.0,6.9,9.3,2.1,2.1
3-5 дней,2026-08-09T10:19:29Z,2026-08-14T00:00:00Z,109.7,9.1,7.3,8.4,1.8,1.8
3-5 дней,2026-08-09T10:19:29Z,2026-08-14T06:00:00Z,115.7,10.3,8.3,8.2,2.0,2.0
3-5 дней,2026-08-09T12:41:38Z,2026-08-12T18:00:00Z,77.3,10.0,9.3,16.8,0.7,0.7
3-5 дней,2026-08-09T12:41:38Z,2026-08-13T00:00:00Z,83.3,8.3,8.4,15.2,-0.1,0.1
3-5 дней,2026-08-09T12:41:38Z,2026-08-13T06:00:00Z,89.3,8.8,8.2,14.7,0.6,0.6
3-5 дней,2026-08-09T12:41:38Z,2026-08-13T12:00:00Z,95.3,11.0,7.7,11.9,3.3,3.3
3-5 дней,2026-08-09T12:41:38Z,2026-08-13T18:00:00Z,101.3,10.7,6.9,9.3,3.8,3.8
3-5 дней,2026-08-09T12:41:38Z,2026-08-14T00:00:00Z,107.3,8.7,7.3,8.4,1.4,1.4
3-5 дней,2026-08-09T12:41:38Z,2026-08-14T06:00:00Z,113.3,11.6,8.3,8.2,3.3,3.3
3-5 дней,2026-08-09T12:41:38Z,2026-08-14T12:00:00Z,119.3,17.0,10.0,7.7,7.0,7.0
3-5 дней,2026-08-09T12:45:53Z,2026-08-12T18:00:00Z,77.2,10.0,9.3,16.8,0.7,0.7
3-5 дней,2026-08-09T12:45:53Z,2026-08-13T00:00:00Z,83.2,8.3,8.4,15.2,-0.1,0.1
3-5 дней,2026-08-09T12:45:53Z,2026-08-13T06:00:00Z,89.2,8.8,8.2,14.7,0.6,0.6
3-5 дней,2026-08-09T12:45:53Z,2026-08-13T12:00:00Z,95.2,11.0,7.7,11.9,3.3,3.3
3-5 дней,2026-08-09T12:45:53Z,2026-08-13T18:00:00Z,101.2,10.7,6.9,9.3,3.8,3.8
3-5 дней,2026-08-09T12:45:53Z,2026-08-14T00:00:00Z,107.2,8.7,7.3,8.4,1.4,1.4
3-5 дней,2026-08-09T12:45:53Z,2026-08-14T06:00:00Z,113.2,11.6,8.3,8.2,3.3,3.3
3-5 дней,2026-08-09T12:45:53Z,2026-08-14T12:00:00Z,119.2,17.0,10.0,7.7,7.0,7.0
3-5 дней,2026-08-09T12:48:15Z,2026-08-12T18:00:00Z,77.2,10.0,9.3,16.8,0.7,0.7
3-5 дней,2026-08-09T12:48:15Z,2026-08-13T00:00:00Z,83.2,8.3,8.4,15.2,-0.1,0.1
3-5 дней,2026-08-09T12:48:15Z,2026-08-13T06:00:00Z,89.2,8.8,8.2,14.7,0.6,0.6
3-5 дней,2026-08-09T12:48:15Z,2026-08-13T12:00:00Z,95.2,11.0,7.7,11.9,3.3,3.3
3-5 дней,2026-08-09T12:48:15Z,2026-08-13T18:00:00Z,101.2,10.7,6.9,9.3,3.8,3.8
3-5 дней,2026-08-09T12:48:15Z,2026-08-14T00:00:00Z,107.2,8.7,7.3,8.4,1.4,1.4
3-5 дней,2026-08-09T12:48:15Z,2026-08-14T06:00:00Z,113.2,11.6,8.3,8.2,3.3,3.3
3-5 дней,2026-08-09T12:48:15Z,2026-08-14T12:00:00Z,119.2,17.0,10.0,7.7,7.0,7.0
3-5 дней,2026-08-09T16:31:44Z,2026-08-12T18:00:00Z,73.5,10.0,9.3,16.8,0.7,0.7
3-5 дней,2026-08-09T16:31:44Z,2026-08-13T00:00:00Z,79.5,8.3,8.4,15.2,-0.1,0.1
3-5 дней,2026-08-09T16:31:44Z,2026-08-13T06:00:00Z,85.5,8.8,8.2,14.7,0.6,0.6
3-5 дней,2026-08-09T16:31:44Z,2026-08-13T12:00:00Z,91.5,11.0,7.7,11.9,3.3,3.3
3-5 дней,2026-08-09T16:31:44Z,2026-08-13T18:00:00Z,97.5,10.7,6.9,9.3,3.8,3.8
3-5 дней,2026-08-09T16:31:44Z,2026-08-14T00:00:00Z,103.5,8.7,7.3,8.4,1.4,1.4
3-5 дней,2026-08-09T16:31:44Z,2026-08-14T06:00:00Z,109.5,11.6,8.3,8.2,3.3,3.3
3-5 дней,2026-08-09T16:31:44Z,2026-08-14T12:00:00Z,115.5,17.0,10.0,7.7,7.0,7.0
3-5 дней,2026-08-09T22:39:09Z,2026-08-13T00:00:00Z,73.3,8.3,8.4,15.2,-0.1,0.1
3-5 дней,2026-08-09T22:39:09Z,2026-08-13T06:00:00Z,79.3,8.8,8.2,14.7,0.6,0.6
3-5 дней,2026-08-09T22:39:09Z,2026-08-13T12:00:00Z,85.3,11.0,7.7,11.9,3.3,3.3
3-5 дней,2026-08-09T22:39:09Z,2026-08-13T18:00:00Z,91.3,10.7,6.9,9.3,3.8,3.8
3-5 дней,2026-08-09T22:39:09Z,2026-08-14T00:00:00Z,97.3,8.7,7.3,8.4,1.4,1.4
3-5 дней,2026-08-09T22:39:09Z,2026-08-14T06:00:00Z,103.3,11.6,8.3,8.2,3.3,3.3
3-5 дней,2026-08-09T22:39:09Z,2026-08-14T12:00:00Z,109.3,17.0,10.0,7.7,7.0,7.0
3-5 дней,2026-08-09T22:39:09Z,2026-08-14T18:00:00Z,115.3,11.5,8.7,6.9,2.8,2.8
3-5 дней,2026-08-10T05:20:42Z,2026-08-13T06:00:00Z,72.7,8.5,8.2,14.7,0.3,0.3
3-5 дней,2026-08-10T05:20:42Z,2026-08-13T12:00:00Z,78.7,9.2,7.7,11.9,1.5,1.5
3-5 дней,2026-08-10T05:20:42Z,2026-08-13T18:00:00Z,84.7,9.1,6.9,9.3,2.2,2.2
3-5 дней,2026-08-10T05:20:42Z,2026-08-14T00:00:00Z,90.7,8.5,7.3,8.4,1.2,1.2
3-5 дней,2026-08-10T05:20:42Z,2026-08-14T06:00:00Z,96.7,12.0,8.3,8.2,3.7,3.7
3-5 дней,2026-08-10T05:20:42Z,2026-08-14T12:00:00Z,102.7,16.4,10.0,7.7,6.4,6.4
3-5 дней,2026-08-10T05:20:42Z,2026-08-14T18:00:00Z,108.7,11.2,8.7,6.9,2.5,2.5
3-5 дней,2026-08-10T05:20:42Z,2026-08-15T00:00:00Z,114.7,7.1,6.3,7.3,0.8,0.8
3-5 дней,2026-08-10T10:53:28Z,2026-08-13T12:00:00Z,73.1,9.2,7.7,11.9,1.5,1.5
3-5 дней,2026-08-10T10:53:28Z,2026-08-13T18:00:00Z,79.1,9.1,6.9,9.3,2.2,2.2
3-5 дней,2026-08-10T10:53:28Z,2026-08-14T00:00:00Z,85.1,8.5,7.3,8.4,1.2,1.2
3-5 дней,2026-08-10T10:53:28Z,2026-08-14T06:00:00Z,91.1,12.0,8.3,8.2,3.7,3.7
3-5 дней,2026-08-10T10:53:28Z,2026-08-14T12:00:00Z,97.1,16.4,10.0,7.7,6.4,6.4
3-5 дней,2026-08-10T10:53:28Z,2026-08-14T18:00:00Z,103.1,11.2,8.7,6.9,2.5,2.5
3-5 дней,2026-08-10T10:53:28Z,2026-08-15T00:00:00Z,109.1,7.1,6.3,7.3,0.8,0.8
3-5 дней,2026-08-10T10:53:28Z,2026-08-15T06:00:00Z,115.1,12.4,8.6,8.3,3.8,3.8
3-5 дней,2026-08-10T16:52:05Z,2026-08-13T18:00:00Z,73.1,8.6,6.9,9.3,1.7,1.7
3-5 дней,2026-08-10T16:52:05Z,2026-08-14T00:00:00Z,79.1,8.3,7.3,8.4,1.0,1.0
3-5 дней,2026-08-10T16:52:05Z,2026-08-14T06:00:00Z,85.1,9.8,8.3,8.2,1.5,1.5
3-5 дней,2026-08-10T16:52:05Z,2026-08-14T12:00:00Z,91.1,15.2,10.0,7.7,5.2,5.2
3-5 дней,2026-08-10T16:52:05Z,2026-08-14T18:00:00Z,97.1,10.5,8.7,6.9,1.8,1.8
3-5 дней,2026-08-10T16:52:05Z,2026-08-15T00:00:00Z,103.1,7.7,6.3,7.3,1.4,1.4
3-5 дней,2026-08-10T16:52:05Z,2026-08-15T06:00:00Z,109.1,11.4,8.6,8.3,2.8,2.8
3-5 дней,2026-08-10T16:52:05Z,2026-08-15T12:00:00Z,115.1,15.3,13.4,10.0,1.9,1.9
3-5 дней,2026-08-10T22:47:13Z,2026-08-14T00:00:00Z,73.2,8.3,7.3,8.4,1.0,1.0
3-5 дней,2026-08-10T22:47:13Z,2026-08-14T06:00:00Z,79.2,9.8,8.3,8.2,1.5,1.5
3-5 дней,2026-08-10T22:47:13Z,2026-08-14T12:00:00Z,85.2,15.2,10.0,7.7,5.2,5.2
3-5 дней,2026-08-10T22:47:13Z,2026-08-14T18:00:00Z,91.2,10.5,8.7,6.9,1.8,1.8
3-5 дней,2026-08-10T22:47:13Z,2026-08-15T00:00:00Z,97.2,7.7,6.3,7.3,1.4,1.4
3-5 дней,2026-08-10T22:47:13Z,2026-08-15T06:00:00Z,103.2,11.4,8.6,8.3,2.8,2.8
3-5 дней,2026-08-10T22:47:13Z,2026-08-15T12:00:00Z,109.2,15.3,13.4,10.0,1.9,1.9
3-5 дней,2026-08-10T22:47:13Z,2026-08-15T18:00:00Z,115.2,11.7,12.2,8.7,-0.5,0.5
3-5 дней,2026-08-11T05:01:49Z,2026-08-14T06:00:00Z,73.0,11.0,8.3,8.2,2.7,2.7
3-5 дней,2026-08-11T05:01:49Z,2026-08-14T12:00:00Z,79.0,14.4,10.0,7.7,4.4,4.4
3-5 дней,2026-08-11T05:01:49Z,2026-08-14T18:00:00Z,85.0,9.6,8.7,6.9,0.9,0.9
3-5 дней,2026-08-11T05:01:49Z,2026-08-15T00:00:00Z,91.0,5.9,6.3,7.3,-0.4,0.4
3-5 дней,2026-08-11T05:01:49Z,2026-08-15T06:00:00Z,97.0,10.2,8.6,8.3,1.6,1.6
3-5 дней,2026-08-11T05:01:49Z,2026-08-15T12:00:00Z,103.0,14.2,13.4,10.0,0.8,0.8
3-5 дней,2026-08-11T05:01:49Z,2026-08-15T18:00:00Z,109.0,9.6,12.2,8.7,-2.6,2.6
3-5 дней,2026-08-11T05:01:49Z,2026-08-16T00:00:00Z,115.0,6.7,10.8,6.3,-4.1,4.1
3-5 дней,2026-08-11T10:38:45Z,2026-08-14T12:00:00Z,73.4,14.4,10.0,7.7,4.4,4.4
3-5 дней,2026-08-11T10:38:45Z,2026-08-14T18:00:00Z,79.4,9.6,8.7,6.9,0.9,0.9
3-5 дней,2026-08-11T10:38:45Z,2026-08-15T00:00:00Z,85.4,5.9,6.3,7.3,-0.4,0.4
3-5 дней,2026-08-11T10:38:45Z,2026-08-15T06:00:00Z,91.4,10.2,8.6,8.3,1.6,1.6
3-5 дней,2026-08-11T10:38:45Z,2026-08-15T12:00:00Z,97.4,14.2,13.4,10.0,0.8,0.8
3-5 дней,2026-08-11T10:38:45Z,2026-08-15T18:00:00Z,103.4,9.6,12.2,8.7,-2.6,2.6
3-5 дней,2026-08-11T10:38:45Z,2026-08-16T00:00:00Z,109.4,6.7,10.8,6.3,-4.1,4.1
3-5 дней,2026-08-11T10:38:45Z,2026-08-16T06:00:00Z,115.4,14.1,12.3,8.6,1.8,1.8
3-5 дней,2026-08-12T06:05:22Z,2026-08-15T12:00:00Z,77.9,13.8,13.4,10.0,0.4,0.4
3-5 дней,2026-08-12T06:05:22Z,2026-08-15T18:00:00Z,83.9,10.0,12.2,8.7,-2.2,2.2
3-5 дней,2026-08-12T06:05:22Z,2026-08-16T00:00:00Z,89.9,6.6,10.8,6.3,-4.2,4.2
3-5 дней,2026-08-12T06:05:22Z,2026-08-16T06:00:00Z,95.9,11.0,12.3,8.6,-1.3,1.3
3-5 дней,2026-08-12T06:05:22Z,2026-08-16T12:00:00Z,101.9,15.5,16.0,13.4,-0.5,0.5
3-5 дней,2026-08-12T06:05:22Z,2026-08-16T18:00:00Z,107.9,12.4,11.2,12.2,1.2,1.2
3-5 дней,2026-08-12T06:05:22Z,2026-08-17T00:00:00Z,113.9,11.5,9.3,10.8,2.2,2.2
3-5 дней,2026-08-12T06:05:22Z,2026-08-17T06:00:00Z,119.9,17.0,15.0,12.3,2.0,2.0
3-5 дней,2026-08-12T10:47:03Z,2026-08-15T12:00:00Z,73.2,13.8,13.4,10.0,0.4,0.4
3-5 дней,2026-08-12T10:47:03Z,2026-08-15T18:00:00Z,79.2,10.0,12.2,8.7,-2.2,2.2
3-5 дней,2026-08-12T10:47:03Z,2026-08-16T00:00:00Z,85.2,6.6,10.8,6.3,-4.2,4.2
3-5 дней,2026-08-12T10:47:03Z,2026-08-16T06:00:00Z,91.2,11.0,12.3,8.6,-1.3,1.3
3-5 дней,2026-08-12T10:47:03Z,2026-08-16T12:00:00Z,97.2,15.5,16.0,13.4,-0.5,0.5
3-5 дней,2026-08-12T10:47:03Z,2026-08-16T18:00:00Z,103.2,12.4,11.2,12.2,1.2,1.2
3-5 дней,2026-08-12T10:47:03Z,2026-08-17T00:00:00Z,109.2,11.5,9.3,10.8,2.2,2.2
3-5 дней,2026-08-12T10:47:03Z,2026-08-17T06:00:00Z,115.2,17.0,15.0,12.3,2.0,2.0
3-5 дней,2026-08-12T16:54:57Z,2026-08-15T18:00:00Z,73.1,9.4,12.2,8.7,-2.8,2.8
3-5 дней,2026-08-12T16:54:57Z,2026-08-16T00:00:00Z,79.1,6.5,10.8,6.3,-4.3,4.3
3-5 дней,2026-08-12T16:54:57Z,2026-08-16T06:00:00Z,85.1,11.4,12.3,8.6,-0.9,0.9
3-5 дней,2026-08-12T16:54:57Z,2026-08-16T12:00:00Z,91.1,14.8,16.0,13.4,-1.2,1.2
3-5 дней,2026-08-12T16:54:57Z,2026-08-16T18:00:00Z,97.1,11.9,11.2,12.2,0.7,0.7
3-5 дней,2026-08-12T16:54:57Z,2026-08-17T00:00:00Z,103.1,9.8,9.3,10.8,0.5,0.5
3-5 дней,2026-08-12T16:54:57Z,2026-08-17T06:00:00Z,109.1,14.2,15.0,12.3,-0.8,0.8
3-5 дней,2026-08-12T16:54:57Z,2026-08-17T12:00:00Z,115.1,20.2,19.5,16.0,0.7,0.7
3-5 дней,2026-08-12T22:50:47Z,2026-08-16T00:00:00Z,73.2,6.5,10.8,6.3,-4.3,4.3
3-5 дней,2026-08-12T22:50:47Z,2026-08-16T06:00:00Z,79.2,11.4,12.3,8.6,-0.9,0.9
3-5 дней,2026-08-12T22:50:47Z,2026-08-16T12:00:00Z,85.2,14.8,16.0,13.4,-1.2,1.2
3-5 дней,2026-08-12T22:50:47Z,2026-08-16T18:00:00Z,91.2,11.9,11.2,12.2,0.7,0.7
3-5 дней,2026-08-12T22:50:47Z,2026-08-17T00:00:00Z,97.2,9.8,9.3,10.8,0.5,0.5
3-5 дней,2026-08-12T22:50:47Z,2026-08-17T06:00:00Z,103.2,14.2,15.0,12.3,-0.8,0.8
3-5 дней,2026-08-12T22:50:47Z,2026-08-17T12:00:00Z,109.2,20.2,19.5,16.0,0.7,0.7
3-5 дней,2026-08-12T22:50:47Z,2026-08-17T18:00:00Z,115.2,16.5,14.5,11.2,2.0,2.0
3-5 дней,2026-08-13T05:30:08Z,2026-08-16T06:00:00Z,72.5,10.7,12.3,8.6,-1.6,1.6
3-5 дней,2026-08-13T05:30:08Z,2026-08-16T12:00:00Z,78.5,12.6,16.0,13.4,-3.4,3.4
3-5 дней,2026-08-13T05:30:08Z,2026-08-16T18:00:00Z,84.5,11.9,11.2,12.2,0.7,0.7
3-5 дней,2026-08-13T05:30:08Z,2026-08-17T00:00:00Z,90.5,10.8,9.3,10.8,1.5,1.5
3-5 дней,2026-08-13T05:30:08Z,2026-08-17T06:00:00Z,96.5,13.8,15.0,12.3,-1.2,1.2
3-5 дней,2026-08-13T05:30:08Z,2026-08-17T12:00:00Z,102.5,17.4,19.5,16.0,-2.1,2.1
3-5 дней,2026-08-13T05:30:08Z,2026-08-17T18:00:00Z,108.5,12.6,14.5,11.2,-1.9,1.9
3-5 дней,2026-08-13T05:30:08Z,2026-08-18T00:00:00Z,114.5,10.1,13.0,9.3,-2.9,2.9
3-5 дней,2026-08-13T10:49:01Z,2026-08-16T12:00:00Z,73.2,12.6,16.0,13.4,-3.4,3.4
3-5 дней,2026-08-13T10:49:01Z,2026-08-16T18:00:00Z,79.2,11.9,11.2,12.2,0.7,0.7
3-5 дней,2026-08-13T10:49:01Z,2026-08-17T00:00:00Z,85.2,10.8,9.3,10.8,1.5,1.5
3-5 дней,2026-08-13T10:49:01Z,2026-08-17T06:00:00Z,91.2,13.8,15.0,12.3,-1.2,1.2
3-5 дней,2026-08-13T10:49:01Z,2026-08-17T12:00:00Z,97.2,17.4,19.5,16.0,-2.1,2.1
3-5 дней,2026-08-13T10:49:01Z,2026-08-17T18:00:00Z,103.2,12.6,14.5,11.2,-1.9,1.9
3-5 дней,2026-08-13T10:49:01Z,2026-08-18T00:00:00Z,109.2,10.1,13.0,9.3,-2.9,2.9
3-5 дней,2026-08-13T10:49:01Z,2026-08-18T06:00:00Z,115.2,15.3,15.4,15.0,-0.1,0.1
3-5 дней,2026-08-13T16:36:10Z,2026-08-16T18:00:00Z,73.4,12.2,11.2,12.2,1.0,1.0
3-5 дней,2026-08-13T16:36:10Z,2026-08-17T00:00:00Z,79.4,11.7,9.3,10.8,2.4,2.4
3-5 дней,2026-08-13T16:36:10Z,2026-08-17T06:00:00Z,85.4,13.1,15.0,12.3,-1.9,1.9
3-5 дней,2026-08-13T16:36:10Z,2026-08-17T12:00:00Z,91.4,17.5,19.5,16.0,-2.0,2.0
3-5 дней,2026-08-13T16:36:10Z,2026-08-17T18:00:00Z,97.4,12.8,14.5,11.2,-1.7,1.7
3-5 дней,2026-08-13T16:36:10Z,2026-08-18T00:00:00Z,103.4,9.3,13.0,9.3,-3.7,3.7
3-5 дней,2026-08-13T16:36:10Z,2026-08-18T06:00:00Z,109.4,15.4,15.4,15.0,0.0,0.0
3-5 дней,2026-08-13T16:36:10Z,2026-08-18T12:00:00Z,115.4,19.8,18.5,19.5,1.3,1.3
3-5 дней,2026-08-13T16:42:24Z,2026-08-16T18:00:00Z,73.3,12.2,11.2,12.2,1.0,1.0
3-5 дней,2026-08-13T16:42:24Z,2026-08-17T00:00:00Z,79.3,11.7,9.3,10.8,2.4,2.4
3-5 дней,2026-08-13T16:42:24Z,2026-08-17T06:00:00Z,85.3,13.1,15.0,12.3,-1.9,1.9
3-5 дней,2026-08-13T16:42:24Z,2026-08-17T12:00:00Z,91.3,17.5,19.5,16.0,-2.0,2.0
3-5 дней,2026-08-13T16:42:24Z,2026-08-17T18:00:00Z,97.3,12.8,14.5,11.2,-1.7,1.7
3-5 дней,2026-08-13T16:42:24Z,2026-08-18T00:00:00Z,103.3,9.3,13.0,9.3,-3.7,3.7
3-5 дней,2026-08-13T16:42:24Z,2026-08-18T06:00:00Z,109.3,15.4,15.4,15.0,0.0,0.0
3-5 дней,2026-08-13T16:42:24Z,2026-08-18T12:00:00Z,115.3,19.8,18.5,19.5,1.3,1.3
3-5 дней,2026-08-13T16:54:22Z,2026-08-16T18:00:00Z,73.1,12.2,11.2,12.2,1.0,1.0
3-5 дней,2026-08-13T16:54:22Z,2026-08-17T00:00:00Z,79.1,11.7,9.3,10.8,2.4,2.4
3-5 дней,2026-08-13T16:54:22Z,2026-08-17T06:00:00Z,85.1,13.1,15.0,12.3,-1.9,1.9
3-5 дней,2026-08-13T16:54:22Z,2026-08-17T12:00:00Z,91.1,17.5,19.5,16.0,-2.0,2.0
3-5 дней,2026-08-13T16:54:22Z,2026-08-17T18:00:00Z,97.1,12.8,14.5,11.2,-1.7,1.7
3-5 дней,2026-08-13T16:54:22Z,2026-08-18T00:00:00Z,103.1,9.3,13.0,9.3,-3.7,3.7
3-5 дней,2026-08-13T16:54:22Z,2026-08-18T06:00:00Z,109.1,15.4,15.4,15.0,0.0,0.0
3-5 дней,2026-08-13T16:54:22Z,2026-08-18T12:00:00Z,115.1,19.8,18.5,19.5,1.3,1.3
3-5 дней,2026-08-13T22:52:17Z,2026-08-17T00:00:00Z,73.1,11.7,9.3,10.8,2.4,2.4
3-5 дней,2026-08-13T22:52:17Z,2026-08-17T06:00:00Z,79.1,13.1,15.0,12.3,-1.9,1.9
3-5 дней,2026-08-13T22:52:17Z,2026-08-17T12:00:00Z,85.1,17.5,19.5,16.0,-2.0,2.0
3-5 дней,2026-08-13T22:52:17Z,2026-08-17T18:00:00Z,91.1,12.8,14.5,11.2,-1.7,1.7
3-5 дней,2026-08-13T22:52:17Z,2026-08-18T00:00:00Z,97.1,9.3,13.0,9.3,-3.7,3.7
3-5 дней,2026-08-13T22:52:17Z,2026-08-18T06:00:00Z,103.1,15.4,15.4,15.0,0.0,0.0
3-5 дней,2026-08-13T22:52:17Z,2026-08-18T12:00:00Z,109.1,19.8,18.5,19.5,1.3,1.3
3-5 дней,2026-08-13T22:52:17Z,2026-08-18T18:00:00Z,115.1,14.1,14.0,14.5,0.1,0.1
3-5 дней,2026-08-14T05:28:14Z,2026-08-17T06:00:00Z,72.5,14.5,15.0,12.3,-0.5,0.5
3-5 дней,2026-08-14T05:28:14Z,2026-08-17T12:00:00Z,78.5,19.0,19.5,16.0,-0.5,0.5
3-5 дней,2026-08-14T05:28:14Z,2026-08-17T18:00:00Z,84.5,14.8,14.5,11.2,0.3,0.3
3-5 дней,2026-08-14T05:28:14Z,2026-08-18T00:00:00Z,90.5,13.1,13.0,9.3,0.1,0.1
3-5 дней,2026-08-14T05:28:14Z,2026-08-18T06:00:00Z,96.5,14.3,15.4,15.0,-1.1,1.1
3-5 дней,2026-08-14T05:28:14Z,2026-08-18T12:00:00Z,102.5,19.2,18.5,19.5,0.7,0.7
3-5 дней,2026-08-14T05:28:14Z,2026-08-18T18:00:00Z,108.5,14.1,14.0,14.5,0.1,0.1
3-5 дней,2026-08-14T05:28:14Z,2026-08-19T00:00:00Z,114.5,13.3,12.5,13.0,0.8,0.8
3-5 дней,2026-08-14T10:44:54Z,2026-08-17T12:00:00Z,73.3,19.0,19.5,16.0,-0.5,0.5
3-5 дней,2026-08-14T10:44:54Z,2026-08-17T18:00:00Z,79.3,14.8,14.5,11.2,0.3,0.3
3-5 дней,2026-08-14T10:44:54Z,2026-08-18T00:00:00Z,85.3,13.1,13.0,9.3,0.1,0.1
3-5 дней,2026-08-14T10:44:54Z,2026-08-18T06:00:00Z,91.3,14.3,15.4,15.0,-1.1,1.1
3-5 дней,2026-08-14T10:44:54Z,2026-08-18T12:00:00Z,97.3,19.2,18.5,19.5,0.7,0.7
3-5 дней,2026-08-14T10:44:54Z,2026-08-18T18:00:00Z,103.3,14.1,14.0,14.5,0.1,0.1
3-5 дней,2026-08-14T10:44:54Z,2026-08-19T00:00:00Z,109.3,13.3,12.5,13.0,0.8,0.8
3-5 дней,2026-08-14T10:44:54Z,2026-08-19T06:00:00Z,115.3,17.9,14.3,15.4,3.6,3.6
3-5 дней,2026-08-14T16:48:33Z,2026-08-17T18:00:00Z,73.2,14.6,14.5,11.2,0.1,0.1
3-5 дней,2026-08-14T16:48:33Z,2026-08-18T00:00:00Z,79.2,11.6,13.0,9.3,-1.4,1.4
3-5 дней,2026-08-14T16:48:33Z,2026-08-18T06:00:00Z,85.2,14.6,15.4,15.0,-0.8,0.8
3-5 дней,2026-08-14T16:48:33Z,2026-08-18T12:00:00Z,91.2,17.3,18.5,19.5,-1.2,1.2
3-5 дней,2026-08-14T16:48:33Z,2026-08-18T18:00:00Z,97.2,13.8,14.0,14.5,-0.2,0.2
3-5 дней,2026-08-14T16:48:33Z,2026-08-19T00:00:00Z,103.2,10.6,12.5,13.0,-1.9,1.9
3-5 дней,2026-08-14T16:48:33Z,2026-08-19T06:00:00Z,109.2,16.1,14.3,15.4,1.8,1.8
3-5 дней,2026-08-14T16:48:33Z,2026-08-19T12:00:00Z,115.2,21.0,19.6,18.5,1.4,1.4
3-5 дней,2026-08-14T22:30:55Z,2026-08-18T00:00:00Z,73.5,11.6,13.0,9.3,-1.4,1.4
3-5 дней,2026-08-14T22:30:55Z,2026-08-18T06:00:00Z,79.5,14.6,15.4,15.0,-0.8,0.8
3-5 дней,2026-08-14T22:30:55Z,2026-08-18T12:00:00Z,85.5,17.3,18.5,19.5,-1.2,1.2
3-5 дней,2026-08-14T22:30:55Z,2026-08-18T18:00:00Z,91.5,13.8,14.0,14.5,-0.2,0.2
3-5 дней,2026-08-14T22:30:55Z,2026-08-19T00:00:00Z,97.5,10.6,12.5,13.0,-1.9,1.9
3-5 дней,2026-08-14T22:30:55Z,2026-08-19T06:00:00Z,103.5,16.1,14.3,15.4,1.8,1.8
3-5 дней,2026-08-14T22:30:55Z,2026-08-19T12:00:00Z,109.5,21.0,19.6,18.5,1.4,1.4
3-5 дней,2026-08-14T22:30:55Z,2026-08-19T18:00:00Z,115.5,16.8,14.6,14.0,2.2,2.2
3-5 дней,2026-08-15T04:24:15Z,2026-08-18T06:00:00Z,73.6,16.3,15.4,15.0,0.9,0.9
3-5 дней,2026-08-15T04:24:15Z,2026-08-18T12:00:00Z,79.6,20.2,18.5,19.5,1.7,1.7
3-5 дней,2026-08-15T04:24:15Z,2026-08-18T18:00:00Z,85.6,14.4,14.0,14.5,0.4,0.4
3-5 дней,2026-08-15T04:24:15Z,2026-08-19T00:00:00Z,91.6,11.8,12.5,13.0,-0.7,0.7
3-5 дней,2026-08-15T04:24:15Z,2026-08-19T06:00:00Z,97.6,16.2,14.3,15.4,1.9,1.9
3-5 дней,2026-08-15T04:24:15Z,2026-08-19T12:00:00Z,103.6,18.6,19.6,18.5,-1.0,1.0
3-5 дней,2026-08-15T04:24:15Z,2026-08-19T18:00:00Z,109.6,14.6,14.6,14.0,0.0,0.0
3-5 дней,2026-08-15T04:24:15Z,2026-08-20T00:00:00Z,115.6,13.2,15.1,12.5,-1.9,1.9
3-5 дней,2026-08-15T10:09:15Z,2026-08-18T12:00:00Z,73.8,20.2,18.5,19.5,1.7,1.7
3-5 дней,2026-08-15T10:09:15Z,2026-08-18T18:00:00Z,79.8,14.4,14.0,14.5,0.4,0.4
3-5 дней,2026-08-15T10:09:15Z,2026-08-19T00:00:00Z,85.8,11.8,12.5,13.0,-0.7,0.7
3-5 дней,2026-08-15T10:09:15Z,2026-08-19T06:00:00Z,91.8,16.2,14.3,15.4,1.9,1.9
3-5 дней,2026-08-15T10:09:15Z,2026-08-19T12:00:00Z,97.8,18.6,19.6,18.5,-1.0,1.0
3-5 дней,2026-08-15T10:09:15Z,2026-08-19T18:00:00Z,103.8,14.6,14.6,14.0,0.0,0.0
3-5 дней,2026-08-15T10:09:15Z,2026-08-20T00:00:00Z,109.8,13.2,15.1,12.5,-1.9,1.9
3-5 дней,2026-08-15T10:09:15Z,2026-08-20T06:00:00Z,115.8,15.8,15.0,14.3,0.8,0.8
3-5 дней,2026-08-15T16:20:39Z,2026-08-18T18:00:00Z,73.7,14.8,14.0,14.5,0.8,0.8
3-5 дней,2026-08-15T16:20:39Z,2026-08-19T00:00:00Z,79.7,13.4,12.5,13.0,0.9,0.9
3-5 дней,2026-08-15T16:20:39Z,2026-08-19T06:00:00Z,85.7,15.4,14.3,15.4,1.1,1.1
3-5 дней,2026-08-15T16:20:39Z,2026-08-19T12:00:00Z,91.7,15.4,19.6,18.5,-4.2,4.2
3-5 дней,2026-08-15T16:20:39Z,2026-08-19T18:00:00Z,97.7,14.1,14.6,14.0,-0.5,0.5
3-5 дней,2026-08-15T16:20:39Z,2026-08-20T00:00:00Z,103.7,12.5,15.1,12.5,-2.6,2.6
3-5 дней,2026-08-15T16:20:39Z,2026-08-20T06:00:00Z,109.7,14.4,15.0,14.3,-0.6,0.6
3-5 дней,2026-08-15T16:20:39Z,2026-08-20T12:00:00Z,115.7,15.6,16.7,19.6,-1.1,1.1
3-5 дней,2026-08-15T22:29:33Z,2026-08-19T00:00:00Z,73.5,13.4,12.5,13.0,0.9,0.9
3-5 дней,2026-08-15T22:29:33Z,2026-08-19T06:00:00Z,79.5,15.4,14.3,15.4,1.1,1.1
3-5 дней,2026-08-15T22:29:33Z,2026-08-19T12:00:00Z,85.5,15.4,19.6,18.5,-4.2,4.2
3-5 дней,2026-08-15T22:29:33Z,2026-08-19T18:00:00Z,91.5,14.1,14.6,14.0,-0.5,0.5
3-5 дней,2026-08-15T22:29:33Z,2026-08-20T00:00:00Z,97.5,12.5,15.1,12.5,-2.6,2.6
3-5 дней,2026-08-15T22:29:33Z,2026-08-20T06:00:00Z,103.5,14.4,15.0,14.3,-0.6,0.6
3-5 дней,2026-08-15T22:29:33Z,2026-08-20T12:00:00Z,109.5,15.6,16.7,19.6,-1.1,1.1
3-5 дней,2026-08-15T22:29:33Z,2026-08-20T18:00:00Z,115.5,14.1,13.8,14.6,0.3,0.3
3-5 дней,2026-08-16T04:29:41Z,2026-08-19T06:00:00Z,73.5,15.7,14.3,15.4,1.4,1.4
3-5 дней,2026-08-16T04:29:41Z,2026-08-19T12:00:00Z,79.5,19.4,19.6,18.5,-0.2,0.2
3-5 дней,2026-08-16T04:29:41Z,2026-08-19T18:00:00Z,85.5,15.6,14.6,14.0,1.0,1.0
3-5 дней,2026-08-16T04:29:41Z,2026-08-20T00:00:00Z,91.5,14.5,15.1,12.5,-0.6,0.6
3-5 дней,2026-08-16T04:29:41Z,2026-08-20T06:00:00Z,97.5,18.6,15.0,14.3,3.6,3.6
3-5 дней,2026-08-16T04:29:41Z,2026-08-20T12:00:00Z,103.5,21.7,16.7,19.6,5.0,5.0
3-5 дней,2026-08-16T04:29:41Z,2026-08-20T18:00:00Z,109.5,16.6,13.8,14.6,2.8,2.8
3-5 дней,2026-08-16T04:29:41Z,2026-08-21T00:00:00Z,115.5,13.9,13.1,15.1,0.8,0.8
3-5 дней,2026-08-16T07:21:44Z,2026-08-19T12:00:00Z,76.6,19.4,19.6,18.5,-0.2,0.2
3-5 дней,2026-08-16T07:21:44Z,2026-08-19T18:00:00Z,82.6,15.6,14.6,14.0,1.0,1.0
3-5 дней,2026-08-16T07:21:44Z,2026-08-20T00:00:00Z,88.6,14.5,15.1,12.5,-0.6,0.6
3-5 дней,2026-08-16T07:21:44Z,2026-08-20T06:00:00Z,94.6,18.6,15.0,14.3,3.6,3.6
3-5 дней,2026-08-16T07:21:44Z,2026-08-20T12:00:00Z,100.6,21.7,16.7,19.6,5.0,5.0
3-5 дней,2026-08-16T07:21:44Z,2026-08-20T18:00:00Z,106.6,16.6,13.8,14.6,2.8,2.8
3-5 дней,2026-08-16T07:21:44Z,2026-08-21T00:00:00Z,112.6,13.9,13.1,15.1,0.8,0.8
3-5 дней,2026-08-16T07:21:44Z,2026-08-21T06:00:00Z,118.6,16.1,15.9,15.0,0.2,0.2
3-5 дней,2026-08-16T10:09:47Z,2026-08-19T12:00:00Z,73.8,19.4,19.6,18.5,-0.2,0.2
3-5 дней,2026-08-16T10:09:47Z,2026-08-19T18:00:00Z,79.8,15.6,14.6,14.0,1.0,1.0
3-5 дней,2026-08-16T10:09:47Z,2026-08-20T00:00:00Z,85.8,14.5,15.1,12.5,-0.6,0.6
3-5 дней,2026-08-16T10:09:47Z,2026-08-20T06:00:00Z,91.8,18.6,15.0,14.3,3.6,3.6
3-5 дней,2026-08-16T10:09:47Z,2026-08-20T12:00:00Z,97.8,21.7,16.7,19.6,5.0,5.0
3-5 дней,2026-08-16T10:09:47Z,2026-08-20T18:00:00Z,103.8,16.6,13.8,14.6,2.8,2.8
3-5 дней,2026-08-16T10:09:47Z,2026-08-21T00:00:00Z,109.8,13.9,13.1,15.1,0.8,0.8
3-5 дней,2026-08-16T10:09:47Z,2026-08-21T06:00:00Z,115.8,16.1,15.9,15.0,0.2,0.2
3-5 дней,2026-08-16T16:21:00Z,2026-08-19T18:00:00Z,73.7,15.4,14.6,14.0,0.8,0.8
3-5 дней,2026-08-16T16:21:00Z,2026-08-20T00:00:00Z,79.7,14.1,15.1,12.5,-1.0,1.0
3-5 дней,2026-08-16T16:21:00Z,2026-08-20T06:00:00Z,85.7,15.8,15.0,14.3,0.8,0.8
3-5 дней,2026-08-16T16:21:00Z,2026-08-20T12:00:00Z,91.7,18.9,16.7,19.6,2.2,2.2
3-5 дней,2026-08-16T16:21:00Z,2026-08-20T18:00:00Z,97.7,16.0,13.8,14.6,2.2,2.2
3-5 дней,2026-08-16T16:21:00Z,2026-08-21T00:00:00Z,103.7,12.6,13.1,15.1,-0.5,0.5
3-5 дней,2026-08-16T16:21:00Z,2026-08-21T06:00:00Z,109.7,15.7,15.9,15.0,-0.2,0.2
3-5 дней,2026-08-16T16:21:00Z,2026-08-21T12:00:00Z,115.7,18.6,18.3,16.7,0.3,0.3
3-5 дней,2026-08-16T22:29:34Z,2026-08-20T00:00:00Z,73.5,14.1,15.1,12.5,-1.0,1.0
3-5 дней,2026-08-16T22:29:34Z,2026-08-20T06:00:00Z,79.5,15.8,15.0,14.3,0.8,0.8
3-5 дней,2026-08-16T22:29:34Z,2026-08-20T12:00:00Z,85.5,18.9,16.7,19.6,2.2,2.2
3-5 дней,2026-08-16T22:29:34Z,2026-08-20T18:00:00Z,91.5,16.0,13.8,14.6,2.2,2.2
3-5 дней,2026-08-16T22:29:34Z,2026-08-21T00:00:00Z,97.5,12.6,13.1,15.1,-0.5,0.5
3-5 дней,2026-08-16T22:29:34Z,2026-08-21T06:00:00Z,103.5,15.7,15.9,15.0,-0.2,0.2
3-5 дней,2026-08-16T22:29:34Z,2026-08-21T12:00:00Z,109.5,18.6,18.3,16.7,0.3,0.3
3-5 дней,2026-08-16T22:29:34Z,2026-08-21T18:00:00Z,115.5,14.1,14.0,13.8,0.1,0.1
3-5 дней,2026-08-17T04:35:30Z,2026-08-20T06:00:00Z,73.4,15.7,15.0,14.3,0.7,0.7
3-5 дней,2026-08-17T04:35:30Z,2026-08-20T12:00:00Z,79.4,19.3,16.7,19.6,2.6,2.6
3-5 дней,2026-08-17T04:35:30Z,2026-08-20T18:00:00Z,85.4,15.4,13.8,14.6,1.6,1.6
3-5 дней,2026-08-17T04:35:30Z,2026-08-21T00:00:00Z,91.4,13.0,13.1,15.1,-0.1,0.1
3-5 дней,2026-08-17T04:35:30Z,2026-08-21T06:00:00Z,97.4,16.1,15.9,15.0,0.2,0.2
3-5 дней,2026-08-17T04:35:30Z,2026-08-21T12:00:00Z,103.4,14.4,18.3,16.7,-3.9,3.9
3-5 дней,2026-08-17T04:35:30Z,2026-08-21T18:00:00Z,109.4,13.8,14.0,13.8,-0.2,0.2
3-5 дней,2026-08-17T04:35:30Z,2026-08-22T00:00:00Z,115.4,11.1,13.5,13.1,-2.4,2.4
3-5 дней,2026-08-17T10:18:11Z,2026-08-20T12:00:00Z,73.7,19.3,16.7,19.6,2.6,2.6
3-5 дней,2026-08-17T10:18:11Z,2026-08-20T18:00:00Z,79.7,15.4,13.8,14.6,1.6,1.6
3-5 дней,2026-08-17T10:18:11Z,2026-08-21T00:00:00Z,85.7,13.0,13.1,15.1,-0.1,0.1
3-5 дней,2026-08-17T10:18:11Z,2026-08-21T06:00:00Z,91.7,16.1,15.9,15.0,0.2,0.2
3-5 дней,2026-08-17T10:18:11Z,2026-08-21T12:00:00Z,97.7,14.4,18.3,16.7,-3.9,3.9
3-5 дней,2026-08-17T10:18:11Z,2026-08-21T18:00:00Z,103.7,13.8,14.0,13.8,-0.2,0.2
3-5 дней,2026-08-17T10:18:11Z,2026-08-22T00:00:00Z,109.7,11.1,13.5,13.1,-2.4,2.4
3-5 дней,2026-08-17T10:18:11Z,2026-08-22T06:00:00Z,115.7,15.8,15.4,15.9,0.4,0.4
3-5 дней,2026-08-17T16:23:45Z,2026-08-20T18:00:00Z,73.6,14.4,13.8,14.6,0.6,0.6
3-5 дней,2026-08-17T16:23:45Z,2026-08-21T00:00:00Z,79.6,13.3,13.1,15.1,0.2,0.2
3-5 дней,2026-08-17T16:23:45Z,2026-08-21T06:00:00Z,85.6,15.6,15.9,15.0,-0.3,0.3
3-5 дней,2026-08-17T16:23:45Z,2026-08-21T12:00:00Z,91.6,17.9,18.3,16.7,-0.4,0.4
3-5 дней,2026-08-17T16:23:45Z,2026-08-21T18:00:00Z,97.6,14.0,14.0,13.8,0.0,0.0
3-5 дней,2026-08-17T16:23:45Z,2026-08-22T00:00:00Z,103.6,11.9,13.5,13.1,-1.6,1.6
3-5 дней,2026-08-17T16:23:45Z,2026-08-22T06:00:00Z,109.6,14.6,15.4,15.9,-0.8,0.8
3-5 дней,2026-08-17T16:23:45Z,2026-08-22T12:00:00Z,115.6,18.4,18.2,18.3,0.2,0.2
3-5 дней,2026-08-17T22:31:28Z,2026-08-21T00:00:00Z,73.5,13.3,13.1,15.1,0.2,0.2
3-5 дней,2026-08-17T22:31:28Z,2026-08-21T06:00:00Z,79.5,15.6,15.9,15.0,-0.3,0.3
3-5 дней,2026-08-17T22:31:28Z,2026-08-21T12:00:00Z,85.5,17.9,18.3,16.7,-0.4,0.4
3-5 дней,2026-08-17T22:31:28Z,2026-08-21T18:00:00Z,91.5,14.0,14.0,13.8,0.0,0.0
3-5 дней,2026-08-17T22:31:28Z,2026-08-22T00:00:00Z,97.5,11.9,13.5,13.1,-1.6,1.6
3-5 дней,2026-08-17T22:31:28Z,2026-08-22T06:00:00Z,103.5,14.6,15.4,15.9,-0.8,0.8
3-5 дней,2026-08-17T22:31:28Z,2026-08-22T12:00:00Z,109.5,18.4,18.2,18.3,0.2,0.2
3-5 дней,2026-08-17T22:31:28Z,2026-08-22T18:00:00Z,115.5,14.5,12.5,14.0,2.0,2.0
3-5 дней,2026-08-18T04:30:05Z,2026-08-21T06:00:00Z,73.5,14.5,15.9,15.0,-1.4,1.4
3-5 дней,2026-08-18T04:30:05Z,2026-08-21T12:00:00Z,79.5,16.4,18.3,16.7,-1.9,1.9
3-5 дней,2026-08-18T04:30:05Z,2026-08-21T18:00:00Z,85.5,13.3,14.0,13.8,-0.7,0.7
3-5 дней,2026-08-18T04:30:05Z,2026-08-22T00:00:00Z,91.5,11.4,13.5,13.1,-2.1,2.1
3-5 дней,2026-08-18T04:30:05Z,2026-08-22T06:00:00Z,97.5,16.2,15.4,15.9,0.8,0.8
3-5 дней,2026-08-18T04:30:05Z,2026-08-22T12:00:00Z,103.5,17.3,18.2,18.3,-0.9,0.9
3-5 дней,2026-08-18T04:30:05Z,2026-08-22T18:00:00Z,109.5,13.0,12.5,14.0,0.5,0.5
3-5 дней,2026-08-18T04:30:05Z,2026-08-23T00:00:00Z,115.5,10.8,10.8,13.5,0.0,0.0
3-5 дней,2026-08-18T10:14:55Z,2026-08-21T12:00:00Z,73.8,16.4,18.3,16.7,-1.9,1.9
3-5 дней,2026-08-18T10:14:55Z,2026-08-21T18:00:00Z,79.8,13.3,14.0,13.8,-0.7,0.7
3-5 дней,2026-08-18T10:14:55Z,2026-08-22T00:00:00Z,85.8,11.4,13.5,13.1,-2.1,2.1
3-5 дней,2026-08-18T10:14:55Z,2026-08-22T06:00:00Z,91.8,16.2,15.4,15.9,0.8,0.8
3-5 дней,2026-08-18T10:14:55Z,2026-08-22T12:00:00Z,97.8,17.3,18.2,18.3,-0.9,0.9
3-5 дней,2026-08-18T10:14:55Z,2026-08-22T18:00:00Z,103.8,13.0,12.5,14.0,0.5,0.5
3-5 дней,2026-08-18T10:14:55Z,2026-08-23T00:00:00Z,109.8,10.8,10.8,13.5,0.0,0.0
3-5 дней,2026-08-18T10:14:55Z,2026-08-23T06:00:00Z,115.8,14.9,15.3,15.4,-0.4,0.4
3-5 дней,2026-08-18T16:27:50Z,2026-08-21T18:00:00Z,73.5,13.1,14.0,13.8,-0.9,0.9
3-5 дней,2026-08-18T16:27:50Z,2026-08-22T00:00:00Z,79.5,13.0,13.5,13.1,-0.5,0.5
3-5 дней,2026-08-18T16:27:50Z,2026-08-22T06:00:00Z,85.5,15.5,15.4,15.9,0.1,0.1
3-5 дней,2026-08-18T16:27:50Z,2026-08-22T12:00:00Z,91.5,20.2,18.2,18.3,2.0,2.0
3-5 дней,2026-08-18T16:27:50Z,2026-08-22T18:00:00Z,97.5,14.7,12.5,14.0,2.2,2.2
3-5 дней,2026-08-18T16:27:50Z,2026-08-23T00:00:00Z,103.5,11.2,10.8,13.5,0.4,0.4
3-5 дней,2026-08-18T16:27:50Z,2026-08-23T06:00:00Z,109.5,16.4,15.3,15.4,1.1,1.1
3-5 дней,2026-08-18T16:27:50Z,2026-08-23T12:00:00Z,115.5,15.4,15.9,18.2,-0.5,0.5
3-5 дней,2026-08-18T22:31:39Z,2026-08-22T00:00:00Z,73.5,13.0,13.5,13.1,-0.5,0.5
3-5 дней,2026-08-18T22:31:39Z,2026-08-22T06:00:00Z,79.5,15.5,15.4,15.9,0.1,0.1
3-5 дней,2026-08-18T22:31:39Z,2026-08-22T12:00:00Z,85.5,20.2,18.2,18.3,2.0,2.0
3-5 дней,2026-08-18T22:31:39Z,2026-08-22T18:00:00Z,91.5,14.7,12.5,14.0,2.2,2.2
3-5 дней,2026-08-18T22:31:39Z,2026-08-23T00:00:00Z,97.5,11.2,10.8,13.5,0.4,0.4
3-5 дней,2026-08-18T22:31:39Z,2026-08-23T06:00:00Z,103.5,16.4,15.3,15.4,1.1,1.1
3-5 дней,2026-08-18T22:31:39Z,2026-08-23T12:00:00Z,109.5,15.4,15.9,18.2,-0.5,0.5
3-5 дней,2026-08-18T22:31:39Z,2026-08-23T18:00:00Z,115.5,12.0,13.2,12.5,-1.2,1.2
3-5 дней,2026-08-19T04:31:14Z,2026-08-22T06:00:00Z,73.5,14.8,15.4,15.9,-0.6,0.6
3-5 дней,2026-08-19T04:31:14Z,2026-08-22T12:00:00Z,79.5,17.3,18.2,18.3,-0.9,0.9
3-5 дней,2026-08-19T04:31:14Z,2026-08-22T18:00:00Z,85.5,12.6,12.5,14.0,0.1,0.1
3-5 дней,2026-08-19T04:31:14Z,2026-08-23T00:00:00Z,91.5,10.7,10.8,13.5,-0.1,0.1
3-5 дней,2026-08-19T04:31:14Z,2026-08-23T06:00:00Z,97.5,13.6,15.3,15.4,-1.7,1.7
3-5 дней,2026-08-19T04:31:14Z,2026-08-23T12:00:00Z,103.5,18.1,15.9,18.2,2.2,2.2
3-5 дней,2026-08-19T04:31:14Z,2026-08-23T18:00:00Z,109.5,12.1,13.2,12.5,-1.1,1.1
3-5 дней,2026-08-19T04:31:14Z,2026-08-24T00:00:00Z,115.5,12.1,13.8,10.8,-1.7,1.7
3-5 дней,2026-08-19T10:14:48Z,2026-08-22T12:00:00Z,73.8,19.3,18.2,18.3,1.1,1.1
3-5 дней,2026-08-19T10:14:48Z,2026-08-22T18:00:00Z,79.8,13.6,12.5,14.0,1.1,1.1
3-5 дней,2026-08-19T10:14:48Z,2026-08-23T00:00:00Z,85.8,10.5,10.8,13.5,-0.3,0.3
3-5 дней,2026-08-19T10:14:48Z,2026-08-23T06:00:00Z,91.8,15.0,15.3,15.4,-0.3,0.3
3-5 дней,2026-08-19T10:14:48Z,2026-08-23T12:00:00Z,97.8,17.4,15.9,18.2,1.5,1.5
3-5 дней,2026-08-19T10:14:48Z,2026-08-23T18:00:00Z,103.8,12.3,13.2,12.5,-0.9,0.9
3-5 дней,2026-08-19T10:14:48Z,2026-08-24T00:00:00Z,109.8,10.5,13.8,10.8,-3.3,3.3
3-5 дней,2026-08-19T10:14:48Z,2026-08-24T06:00:00Z,115.8,12.4,14.4,15.3,-2.0,2.0
3-5 дней,2026-08-19T16:28:17Z,2026-08-22T18:00:00Z,73.5,13.6,12.5,14.0,1.1,1.1
3-5 дней,2026-08-19T16:28:17Z,2026-08-23T00:00:00Z,79.5,10.5,10.8,13.5,-0.3,0.3
3-5 дней,2026-08-19T16:28:17Z,2026-08-23T06:00:00Z,85.5,15.0,15.3,15.4,-0.3,0.3
3-5 дней,2026-08-19T16:28:17Z,2026-08-23T12:00:00Z,91.5,17.4,15.9,18.2,1.5,1.5
3-5 дней,2026-08-19T16:28:17Z,2026-08-23T18:00:00Z,97.5,12.3,13.2,12.5,-0.9,0.9
3-5 дней,2026-08-19T16:28:17Z,2026-08-24T00:00:00Z,103.5,10.5,13.8,10.8,-3.3,3.3
3-5 дней,2026-08-19T16:28:17Z,2026-08-24T06:00:00Z,109.5,12.4,14.4,15.3,-2.0,2.0
3-5 дней,2026-08-19T16:28:17Z,2026-08-24T12:00:00Z,115.5,15.0,17.8,15.9,-2.8,2.8
3-5 дней,2026-08-20T04:31:56Z,2026-08-23T06:00:00Z,73.5,13.8,15.3,15.4,-1.5,1.5
3-5 дней,2026-08-20T04:31:56Z,2026-08-23T12:00:00Z,79.5,14.2,15.9,18.2,-1.7,1.7
3-5 дней,2026-08-20T04:31:56Z,2026-08-23T18:00:00Z,85.5,13.4,13.2,12.5,0.2,0.2
3-5 дней,2026-08-20T04:31:56Z,2026-08-24T00:00:00Z,91.5,13.2,13.8,10.8,-0.6,0.6
3-5 дней,2026-08-20T04:31:56Z,2026-08-24T06:00:00Z,97.5,13.3,14.4,15.3,-1.1,1.1
3-5 дней,2026-08-20T04:31:56Z,2026-08-24T12:00:00Z,103.5,13.4,17.8,15.9,-4.4,4.4
3-5 дней,2026-08-20T10:16:10Z,2026-08-23T12:00:00Z,73.7,16.1,15.9,18.2,0.2,0.2
3-5 дней,2026-08-20T10:16:10Z,2026-08-23T18:00:00Z,79.7,14.5,13.2,12.5,1.3,1.3
3-5 дней,2026-08-20T10:16:10Z,2026-08-24T00:00:00Z,85.7,13.4,13.8,10.8,-0.4,0.4
3-5 дней,2026-08-20T10:16:10Z,2026-08-24T06:00:00Z,91.7,13.7,14.4,15.3,-0.7,0.7
3-5 дней,2026-08-20T10:16:10Z,2026-08-24T12:00:00Z,97.7,14.8,17.8,15.9,-3.0,3.0
3-5 дней,2026-08-20T16:31:45Z,2026-08-23T18:00:00Z,73.5,14.5,13.2,12.5,1.3,1.3
3-5 дней,2026-08-20T16:31:45Z,2026-08-24T00:00:00Z,79.5,13.4,13.8,10.8,-0.4,0.4
3-5 дней,2026-08-20T16:31:45Z,2026-08-24T06:00:00Z,85.5,13.7,14.4,15.3,-0.7,0.7
3-5 дней,2026-08-20T16:31:45Z,2026-08-24T12:00:00Z,91.5,14.8,17.8,15.9,-3.0,3.0
3-5 дней,2026-08-20T22:34:58Z,2026-08-24T00:00:00Z,73.4,13.4,13.8,10.8,-0.4,0.4
3-5 дней,2026-08-20T22:34:58Z,2026-08-24T06:00:00Z,79.4,13.7,14.4,15.3,-0.7,0.7
3-5 дней,2026-08-20T22:34:58Z,2026-08-24T12:00:00Z,85.4,14.8,17.8,15.9,-3.0,3.0
3-5 дней,2026-08-21T04:32:20Z,2026-08-24T06:00:00Z,73.5,13.6,14.4,15.3,-0.8,0.8
3-5 дней,2026-08-21T04:32:20Z,2026-08-24T12:00:00Z,79.5,17.0,17.8,15.9,-0.8,0.8
3-5 дней,2026-08-21T10:16:50Z,2026-08-24T12:00:00Z,73.7,17.0,17.8,15.9,-0.8,0.8
5-10 дней,2026-08-06T09:50:07Z,2026-08-11T12:00:00Z,122.2,22.2,24.1,22.3,-1.9,1.9
5-10 дней,2026-08-06T09:50:07Z,2026-08-11T18:00:00Z,128.2,18.3,16.8,18.4,1.5,1.5
5-10 дней,2026-08-06T09:50:07Z,2026-08-12T00:00:00Z,134.2,16.5,15.2,15.3,1.3,1.3
5-10 дней,2026-08-06T09:50:07Z,2026-08-12T06:00:00Z,140.2,16.6,14.7,19.4,1.9,1.9
5-10 дней,2026-08-06T09:50:07Z,2026-08-12T12:00:00Z,146.2,15.6,11.9,24.1,3.7,3.7
5-10 дней,2026-08-06T09:50:07Z,2026-08-12T18:00:00Z,152.2,13.2,9.3,16.8,3.9,3.9
5-10 дней,2026-08-06T09:50:07Z,2026-08-13T00:00:00Z,158.2,11.4,8.4,15.2,3.0,3.0
5-10 дней,2026-08-06T09:50:07Z,2026-08-13T06:00:00Z,164.2,14.3,8.2,14.7,6.1,6.1
5-10 дней,2026-08-06T09:50:07Z,2026-08-13T12:00:00Z,170.2,17.9,7.7,11.9,10.2,10.2
5-10 дней,2026-08-06T09:50:07Z,2026-08-13T18:00:00Z,176.2,14.0,6.9,9.3,7.1,7.1
5-10 дней,2026-08-06T09:50:07Z,2026-08-14T00:00:00Z,182.2,11.6,7.3,8.4,4.3,4.3
5-10 дней,2026-08-06T09:50:07Z,2026-08-14T06:00:00Z,188.2,14.3,8.3,8.2,6.0,6.0
5-10 дней,2026-08-06T09:50:07Z,2026-08-14T12:00:00Z,194.2,16.3,10.0,7.7,6.3,6.3
5-10 дней,2026-08-06T09:50:07Z,2026-08-14T18:00:00Z,200.2,14.1,8.7,6.9,5.4,5.4
5-10 дней,2026-08-06T09:50:07Z,2026-08-15T00:00:00Z,206.2,11.9,6.3,7.3,5.6,5.6
5-10 дней,2026-08-06T09:50:07Z,2026-08-15T06:00:00Z,212.2,14.9,8.6,8.3,6.3,6.3
5-10 дней,2026-08-06T09:50:07Z,2026-08-15T12:00:00Z,218.2,17.7,13.4,10.0,4.3,4.3
5-10 дней,2026-08-06T09:59:18Z,2026-08-11T12:00:00Z,122.0,22.2,24.1,22.3,-1.9,1.9
5-10 дней,2026-08-06T09:59:18Z,2026-08-11T18:00:00Z,128.0,18.3,16.8,18.4,1.5,1.5
5-10 дней,2026-08-06T09:59:18Z,2026-08-12T00:00:00Z,134.0,16.5,15.2,15.3,1.3,1.3
5-10 дней,2026-08-06T09:59:18Z,2026-08-12T06:00:00Z,140.0,16.6,14.7,19.4,1.9,1.9
5-10 дней,2026-08-06T09:59:18Z,2026-08-12T12:00:00Z,146.0,15.6,11.9,24.1,3.7,3.7
5-10 дней,2026-08-06T09:59:18Z,2026-08-12T18:00:00Z,152.0,13.2,9.3,16.8,3.9,3.9
5-10 дней,2026-08-06T09:59:18Z,2026-08-13T00:00:00Z,158.0,11.4,8.4,15.2,3.0,3.0
5-10 дней,2026-08-06T09:59:18Z,2026-08-13T06:00:00Z,164.0,14.3,8.2,14.7,6.1,6.1
5-10 дней,2026-08-06T09:59:18Z,2026-08-13T12:00:00Z,170.0,17.9,7.7,11.9,10.2,10.2
5-10 дней,2026-08-06T09:59:18Z,2026-08-13T18:00:00Z,176.0,14.0,6.9,9.3,7.1,7.1
5-10 дней,2026-08-06T09:59:18Z,2026-08-14T00:00:00Z,182.0,11.6,7.3,8.4,4.3,4.3
5-10 дней,2026-08-06T09:59:18Z,2026-08-14T06:00:00Z,188.0,14.3,8.3,8.2,6.0,6.0
5-10 дней,2026-08-06T09:59:18Z,2026-08-14T12:00:00Z,194.0,16.3,10.0,7.7,6.3,6.3
5-10 дней,2026-08-06T09:59:18Z,2026-08-14T18:00:00Z,200.0,14.1,8.7,6.9,5.4,5.4
5-10 дней,2026-08-06T09:59:18Z,2026-08-15T00:00:00Z,206.0,11.9,6.3,7.3,5.6,5.6
5-10 дней,2026-08-06T09:59:18Z,2026-08-15T06:00:00Z,212.0,14.9,8.6,8.3,6.3,6.3
5-10 дней,2026-08-06T09:59:18Z,2026-08-15T12:00:00Z,218.0,17.7,13.4,10.0,4.3,4.3
5-10 дней,2026-08-06T10:08:26Z,2026-08-11T12:00:00Z,121.9,22.2,24.1,22.3,-1.9,1.9
5-10 дней,2026-08-06T10:08:26Z,2026-08-11T18:00:00Z,127.9,18.3,16.8,18.4,1.5,1.5
5-10 дней,2026-08-06T10:08:26Z,2026-08-12T00:00:00Z,133.9,16.5,15.2,15.3,1.3,1.3
5-10 дней,2026-08-06T10:08:26Z,2026-08-12T06:00:00Z,139.9,16.6,14.7,19.4,1.9,1.9
5-10 дней,2026-08-06T10:08:26Z,2026-08-12T12:00:00Z,145.9,15.6,11.9,24.1,3.7,3.7
5-10 дней,2026-08-06T10:08:26Z,2026-08-12T18:00:00Z,151.9,13.2,9.3,16.8,3.9,3.9
5-10 дней,2026-08-06T10:08:26Z,2026-08-13T00:00:00Z,157.9,11.4,8.4,15.2,3.0,3.0
5-10 дней,2026-08-06T10:08:26Z,2026-08-13T06:00:00Z,163.9,14.3,8.2,14.7,6.1,6.1
5-10 дней,2026-08-06T10:08:26Z,2026-08-13T12:00:00Z,169.9,17.9,7.7,11.9,10.2,10.2
5-10 дней,2026-08-06T10:08:26Z,2026-08-13T18:00:00Z,175.9,14.0,6.9,9.3,7.1,7.1
5-10 дней,2026-08-06T10:08:26Z,2026-08-14T00:00:00Z,181.9,11.6,7.3,8.4,4.3,4.3
5-10 дней,2026-08-06T10:08:26Z,2026-08-14T06:00:00Z,187.9,14.3,8.3,8.2,6.0,6.0
5-10 дней,2026-08-06T10:08:26Z,2026-08-14T12:00:00Z,193.9,16.3,10.0,7.7,6.3,6.3
5-10 дней,2026-08-06T10:08:26Z,2026-08-14T18:00:00Z,199.9,14.1,8.7,6.9,5.4,5.4
5-10 дней,2026-08-06T10:08:26Z,2026-08-15T00:00:00Z,205.9,11.9,6.3,7.3,5.6,5.6
5-10 дней,2026-08-06T10:08:26Z,2026-08-15T06:00:00Z,211.9,14.9,8.6,8.3,6.3,6.3
5-10 дней,2026-08-06T10:08:26Z,2026-08-15T12:00:00Z,217.9,17.7,13.4,10.0,4.3,4.3
5-10 дней,2026-08-06T10:47:54Z,2026-08-11T12:00:00Z,121.2,22.2,24.1,22.3,-1.9,1.9
5-10 дней,2026-08-06T10:47:54Z,2026-08-11T18:00:00Z,127.2,18.3,16.8,18.4,1.5,1.5
5-10 дней,2026-08-06T10:47:54Z,2026-08-12T00:00:00Z,133.2,16.5,15.2,15.3,1.3,1.3
5-10 дней,2026-08-06T10:47:54Z,2026-08-12T06:00:00Z,139.2,16.6,14.7,19.4,1.9,1.9
5-10 дней,2026-08-06T10:47:54Z,2026-08-12T12:00:00Z,145.2,15.6,11.9,24.1,3.7,3.7
5-10 дней,2026-08-06T10:47:54Z,2026-08-12T18:00:00Z,151.2,13.2,9.3,16.8,3.9,3.9
5-10 дней,2026-08-06T10:47:54Z,2026-08-13T00:00:00Z,157.2,11.4,8.4,15.2,3.0,3.0
5-10 дней,2026-08-06T10:47:54Z,2026-08-13T06:00:00Z,163.2,14.3,8.2,14.7,6.1,6.1
5-10 дней,2026-08-06T10:47:54Z,2026-08-13T12:00:00Z,169.2,17.9,7.7,11.9,10.2,10.2
5-10 дней,2026-08-06T10:47:54Z,2026-08-13T18:00:00Z,175.2,14.0,6.9,9.3,7.1,7.1
5-10 дней,2026-08-06T10:47:54Z,2026-08-14T00:00:00Z,181.2,11.6,7.3,8.4,4.3,4.3
5-10 дней,2026-08-06T10:47:54Z,2026-08-14T06:00:00Z,187.2,14.3,8.3,8.2,6.0,6.0
5-10 дней,2026-08-06T10:47:54Z,2026-08-14T12:00:00Z,193.2,16.3,10.0,7.7,6.3,6.3
5-10 дней,2026-08-06T10:47:54Z,2026-08-14T18:00:00Z,199.2,14.1,8.7,6.9,5.4,5.4
5-10 дней,2026-08-06T10:47:54Z,2026-08-15T00:00:00Z,205.2,11.9,6.3,7.3,5.6,5.6
5-10 дней,2026-08-06T10:47:54Z,2026-08-15T06:00:00Z,211.2,14.9,8.6,8.3,6.3,6.3
5-10 дней,2026-08-06T10:47:54Z,2026-08-15T12:00:00Z,217.2,17.7,13.4,10.0,4.3,4.3
5-10 дней,2026-08-06T11:30:42Z,2026-08-11T12:00:00Z,120.5,21.6,24.1,22.3,-2.5,2.5
5-10 дней,2026-08-06T11:30:42Z,2026-08-11T18:00:00Z,126.5,16.2,16.8,18.4,-0.6,0.6
5-10 дней,2026-08-06T11:30:42Z,2026-08-12T00:00:00Z,132.5,14.8,15.2,15.3,-0.4,0.4
5-10 дней,2026-08-06T11:30:42Z,2026-08-12T06:00:00Z,138.5,16.5,14.7,19.4,1.8,1.8
5-10 дней,2026-08-06T11:30:42Z,2026-08-12T12:00:00Z,144.5,15.7,11.9,24.1,3.8,3.8
5-10 дней,2026-08-06T11:30:42Z,2026-08-12T18:00:00Z,150.5,11.9,9.3,16.8,2.6,2.6
5-10 дней,2026-08-06T11:30:42Z,2026-08-13T00:00:00Z,156.5,8.9,8.4,15.2,0.5,0.5
5-10 дней,2026-08-06T11:30:42Z,2026-08-13T06:00:00Z,162.5,9.4,8.2,14.7,1.2,1.2
5-10 дней,2026-08-06T11:30:42Z,2026-08-13T12:00:00Z,168.5,11.7,7.7,11.9,4.0,4.0
5-10 дней,2026-08-06T11:30:42Z,2026-08-13T18:00:00Z,174.5,10.4,6.9,9.3,3.5,3.5
5-10 дней,2026-08-06T11:30:42Z,2026-08-14T00:00:00Z,180.5,7.5,7.3,8.4,0.2,0.2
5-10 дней,2026-08-06T11:30:42Z,2026-08-14T06:00:00Z,186.5,14.1,8.3,8.2,5.8,5.8
5-10 дней,2026-08-06T11:30:42Z,2026-08-14T12:00:00Z,192.5,17.4,10.0,7.7,7.4,7.4
5-10 дней,2026-08-06T11:30:42Z,2026-08-14T18:00:00Z,198.5,13.5,8.7,6.9,4.8,4.8
5-10 дней,2026-08-06T11:30:42Z,2026-08-15T00:00:00Z,204.5,12.3,6.3,7.3,6.0,6.0
5-10 дней,2026-08-06T11:30:42Z,2026-08-15T06:00:00Z,210.5,13.7,8.6,8.3,5.1,5.1
5-10 дней,2026-08-06T11:30:42Z,2026-08-15T12:00:00Z,216.5,15.2,13.4,10.0,1.8,1.8
5-10 дней,2026-08-06T11:30:42Z,2026-08-15T18:00:00Z,222.5,14.0,12.2,8.7,1.8,1.8
5-10 дней,2026-08-06T11:30:42Z,2026-08-16T00:00:00Z,228.5,13.4,10.8,6.3,2.6,2.6
5-10 дней,2026-08-06T11:36:01Z,2026-08-11T12:00:00Z,120.4,21.6,24.1,22.3,-2.5,2.5
5-10 дней,2026-08-06T11:36:01Z,2026-08-11T18:00:00Z,126.4,16.2,16.8,18.4,-0.6,0.6
5-10 дней,2026-08-06T11:36:01Z,2026-08-12T00:00:00Z,132.4,14.8,15.2,15.3,-0.4,0.4
5-10 дней,2026-08-06T11:36:01Z,2026-08-12T06:00:00Z,138.4,16.5,14.7,19.4,1.8,1.8
5-10 дней,2026-08-06T11:36:01Z,2026-08-12T12:00:00Z,144.4,15.7,11.9,24.1,3.8,3.8
5-10 дней,2026-08-06T11:36:01Z,2026-08-12T18:00:00Z,150.4,11.9,9.3,16.8,2.6,2.6
5-10 дней,2026-08-06T11:36:01Z,2026-08-13T00:00:00Z,156.4,8.9,8.4,15.2,0.5,0.5
5-10 дней,2026-08-06T11:36:01Z,2026-08-13T06:00:00Z,162.4,9.4,8.2,14.7,1.2,1.2
5-10 дней,2026-08-06T11:36:01Z,2026-08-13T12:00:00Z,168.4,11.7,7.7,11.9,4.0,4.0
5-10 дней,2026-08-06T11:36:01Z,2026-08-13T18:00:00Z,174.4,10.4,6.9,9.3,3.5,3.5
5-10 дней,2026-08-06T11:36:01Z,2026-08-14T00:00:00Z,180.4,7.5,7.3,8.4,0.2,0.2
5-10 дней,2026-08-06T11:36:01Z,2026-08-14T06:00:00Z,186.4,14.1,8.3,8.2,5.8,5.8
5-10 дней,2026-08-06T11:36:01Z,2026-08-14T12:00:00Z,192.4,17.4,10.0,7.7,7.4,7.4
5-10 дней,2026-08-06T11:36:01Z,2026-08-14T18:00:00Z,198.4,13.5,8.7,6.9,4.8,4.8
5-10 дней,2026-08-06T11:36:01Z,2026-08-15T00:00:00Z,204.4,12.3,6.3,7.3,6.0,6.0
5-10 дней,2026-08-06T11:36:01Z,2026-08-15T06:00:00Z,210.4,13.7,8.6,8.3,5.1,5.1
5-10 дней,2026-08-06T11:36:01Z,2026-08-15T12:00:00Z,216.4,15.2,13.4,10.0,1.8,1.8
5-10 дней,2026-08-06T11:36:01Z,2026-08-15T18:00:00Z,222.4,14.0,12.2,8.7,1.8,1.8
5-10 дней,2026-08-06T11:36:01Z,2026-08-16T00:00:00Z,228.4,13.4,10.8,6.3,2.6,2.6
5-10 дней,2026-08-06T11:44:08Z,2026-08-11T12:00:00Z,120.3,21.6,24.1,22.3,-2.5,2.5
5-10 дней,2026-08-06T11:44:08Z,2026-08-11T18:00:00Z,126.3,16.2,16.8,18.4,-0.6,0.6
5-10 дней,2026-08-06T11:44:08Z,2026-08-12T00:00:00Z,132.3,14.8,15.2,15.3,-0.4,0.4
5-10 дней,2026-08-06T11:44:08Z,2026-08-12T06:00:00Z,138.3,16.5,14.7,19.4,1.8,1.8
5-10 дней,2026-08-06T11:44:08Z,2026-08-12T12:00:00Z,144.3,15.7,11.9,24.1,3.8,3.8
5-10 дней,2026-08-06T11:44:08Z,2026-08-12T18:00:00Z,150.3,11.9,9.3,16.8,2.6,2.6
5-10 дней,2026-08-06T11:44:08Z,2026-08-13T00:00:00Z,156.3,8.9,8.4,15.2,0.5,0.5
5-10 дней,2026-08-06T11:44:08Z,2026-08-13T06:00:00Z,162.3,9.4,8.2,14.7,1.2,1.2
5-10 дней,2026-08-06T11:44:08Z,2026-08-13T12:00:00Z,168.3,11.7,7.7,11.9,4.0,4.0
5-10 дней,2026-08-06T11:44:08Z,2026-08-13T18:00:00Z,174.3,10.4,6.9,9.3,3.5,3.5
5-10 дней,2026-08-06T11:44:08Z,2026-08-14T00:00:00Z,180.3,7.5,7.3,8.4,0.2,0.2
5-10 дней,2026-08-06T11:44:08Z,2026-08-14T06:00:00Z,186.3,14.1,8.3,8.2,5.8,5.8
5-10 дней,2026-08-06T11:44:08Z,2026-08-14T12:00:00Z,192.3,17.4,10.0,7.7,7.4,7.4
5-10 дней,2026-08-06T11:44:08Z,2026-08-14T18:00:00Z,198.3,13.5,8.7,6.9,4.8,4.8
5-10 дней,2026-08-06T11:44:08Z,2026-08-15T00:00:00Z,204.3,12.3,6.3,7.3,6.0,6.0
5-10 дней,2026-08-06T11:44:08Z,2026-08-15T06:00:00Z,210.3,13.7,8.6,8.3,5.1,5.1
5-10 дней,2026-08-06T11:44:08Z,2026-08-15T12:00:00Z,216.3,15.2,13.4,10.0,1.8,1.8
5-10 дней,2026-08-06T11:44:08Z,2026-08-15T18:00:00Z,222.3,14.0,12.2,8.7,1.8,1.8
5-10 дней,2026-08-06T11:44:08Z,2026-08-16T00:00:00Z,228.3,13.4,10.8,6.3,2.6,2.6
5-10 дней,2026-08-07T01:31:32Z,2026-08-12T06:00:00Z,124.5,16.8,14.7,19.4,2.1,2.1
5-10 дней,2026-08-07T01:31:32Z,2026-08-12T12:00:00Z,130.5,17.1,11.9,24.1,5.2,5.2
5-10 дней,2026-08-07T01:31:32Z,2026-08-12T18:00:00Z,136.5,15.5,9.3,16.8,6.2,6.2
5-10 дней,2026-08-07T01:31:32Z,2026-08-13T00:00:00Z,142.5,14.6,8.4,15.2,6.2,6.2
5-10 дней,2026-08-07T01:31:32Z,2026-08-13T06:00:00Z,148.5,14.0,8.2,14.7,5.8,5.8
5-10 дней,2026-08-07T01:31:32Z,2026-08-13T12:00:00Z,154.5,13.8,7.7,11.9,6.1,6.1
5-10 дней,2026-08-07T01:31:32Z,2026-08-13T18:00:00Z,160.5,12.6,6.9,9.3,5.7,5.7
5-10 дней,2026-08-07T01:31:32Z,2026-08-14T00:00:00Z,166.5,8.8,7.3,8.4,1.5,1.5
5-10 дней,2026-08-07T01:31:32Z,2026-08-14T06:00:00Z,172.5,12.7,8.3,8.2,4.4,4.4
5-10 дней,2026-08-07T01:31:32Z,2026-08-14T12:00:00Z,178.5,17.5,10.0,7.7,7.5,7.5
5-10 дней,2026-08-07T01:31:32Z,2026-08-14T18:00:00Z,184.5,13.0,8.7,6.9,4.3,4.3
5-10 дней,2026-08-07T01:31:32Z,2026-08-15T00:00:00Z,190.5,11.2,6.3,7.3,4.9,4.9
5-10 дней,2026-08-07T01:31:32Z,2026-08-15T06:00:00Z,196.5,16.4,8.6,8.3,7.8,7.8
5-10 дней,2026-08-07T01:31:32Z,2026-08-15T12:00:00Z,202.5,20.3,13.4,10.0,6.9,6.9
5-10 дней,2026-08-07T01:31:32Z,2026-08-15T18:00:00Z,208.5,15.5,12.2,8.7,3.3,3.3
5-10 дней,2026-08-07T01:31:32Z,2026-08-16T00:00:00Z,214.5,12.3,10.8,6.3,1.5,1.5
5-10 дней,2026-08-07T01:31:32Z,2026-08-16T06:00:00Z,220.5,18.7,12.3,8.6,6.4,6.4
5-10 дней,2026-08-07T01:31:32Z,2026-08-16T12:00:00Z,226.5,23.1,16.0,13.4,7.1,7.1
5-10 дней,2026-08-07T05:36:00Z,2026-08-12T06:00:00Z,120.4,16.8,14.7,19.4,2.1,2.1
5-10 дней,2026-08-07T05:36:00Z,2026-08-12T12:00:00Z,126.4,17.1,11.9,24.1,5.2,5.2
5-10 дней,2026-08-07T05:36:00Z,2026-08-12T18:00:00Z,132.4,15.5,9.3,16.8,6.2,6.2
5-10 дней,2026-08-07T05:36:00Z,2026-08-13T00:00:00Z,138.4,14.6,8.4,15.2,6.2,6.2
5-10 дней,2026-08-07T05:36:00Z,2026-08-13T06:00:00Z,144.4,14.0,8.2,14.7,5.8,5.8
5-10 дней,2026-08-07T05:36:00Z,2026-08-13T12:00:00Z,150.4,13.8,7.7,11.9,6.1,6.1
5-10 дней,2026-08-07T05:36:00Z,2026-08-13T18:00:00Z,156.4,12.6,6.9,9.3,5.7,5.7
5-10 дней,2026-08-07T05:36:00Z,2026-08-14T00:00:00Z,162.4,8.8,7.3,8.4,1.5,1.5
5-10 дней,2026-08-07T05:36:00Z,2026-08-14T06:00:00Z,168.4,12.7,8.3,8.2,4.4,4.4
5-10 дней,2026-08-07T05:36:00Z,2026-08-14T12:00:00Z,174.4,17.5,10.0,7.7,7.5,7.5
5-10 дней,2026-08-07T05:36:00Z,2026-08-14T18:00:00Z,180.4,13.0,8.7,6.9,4.3,4.3
5-10 дней,2026-08-07T05:36:00Z,2026-08-15T00:00:00Z,186.4,11.2,6.3,7.3,4.9,4.9
5-10 дней,2026-08-07T05:36:00Z,2026-08-15T06:00:00Z,192.4,16.4,8.6,8.3,7.8,7.8
5-10 дней,2026-08-07T05:36:00Z,2026-08-15T12:00:00Z,198.4,20.3,13.4,10.0,6.9,6.9
5-10 дней,2026-08-07T05:36:00Z,2026-08-15T18:00:00Z,204.4,15.5,12.2,8.7,3.3,3.3
5-10 дней,2026-08-07T05:36:00Z,2026-08-16T00:00:00Z,210.4,12.3,10.8,6.3,1.5,1.5
5-10 дней,2026-08-07T05:36:00Z,2026-08-16T06:00:00Z,216.4,18.7,12.3,8.6,6.4,6.4
5-10 дней,2026-08-07T05:36:00Z,2026-08-16T12:00:00Z,222.4,23.1,16.0,13.4,7.1,7.1
5-10 дней,2026-08-07T06:18:59Z,2026-08-12T12:00:00Z,125.7,17.1,11.9,24.1,5.2,5.2
5-10 дней,2026-08-07T06:18:59Z,2026-08-12T18:00:00Z,131.7,15.5,9.3,16.8,6.2,6.2
5-10 дней,2026-08-07T06:18:59Z,2026-08-13T00:00:00Z,137.7,14.6,8.4,15.2,6.2,6.2
5-10 дней,2026-08-07T06:18:59Z,2026-08-13T06:00:00Z,143.7,14.0,8.2,14.7,5.8,5.8
5-10 дней,2026-08-07T06:18:59Z,2026-08-13T12:00:00Z,149.7,13.8,7.7,11.9,6.1,6.1
5-10 дней,2026-08-07T06:18:59Z,2026-08-13T18:00:00Z,155.7,12.6,6.9,9.3,5.7,5.7
5-10 дней,2026-08-07T06:18:59Z,2026-08-14T00:00:00Z,161.7,8.8,7.3,8.4,1.5,1.5
5-10 дней,2026-08-07T06:18:59Z,2026-08-14T06:00:00Z,167.7,12.7,8.3,8.2,4.4,4.4
5-10 дней,2026-08-07T06:18:59Z,2026-08-14T12:00:00Z,173.7,17.5,10.0,7.7,7.5,7.5
5-10 дней,2026-08-07T06:18:59Z,2026-08-14T18:00:00Z,179.7,13.0,8.7,6.9,4.3,4.3
5-10 дней,2026-08-07T06:18:59Z,2026-08-15T00:00:00Z,185.7,11.2,6.3,7.3,4.9,4.9
5-10 дней,2026-08-07T06:18:59Z,2026-08-15T06:00:00Z,191.7,16.4,8.6,8.3,7.8,7.8
5-10 дней,2026-08-07T06:18:59Z,2026-08-15T12:00:00Z,197.7,20.3,13.4,10.0,6.9,6.9
5-10 дней,2026-08-07T06:18:59Z,2026-08-15T18:00:00Z,203.7,15.5,12.2,8.7,3.3,3.3
5-10 дней,2026-08-07T06:18:59Z,2026-08-16T00:00:00Z,209.7,12.3,10.8,6.3,1.5,1.5
5-10 дней,2026-08-07T06:18:59Z,2026-08-16T06:00:00Z,215.7,18.7,12.3,8.6,6.4,6.4
5-10 дней,2026-08-07T06:18:59Z,2026-08-16T12:00:00Z,221.7,23.1,16.0,13.4,7.1,7.1
5-10 дней,2026-08-07T07:13:52Z,2026-08-12T12:00:00Z,124.8,17.1,11.9,24.1,5.2,5.2
5-10 дней,2026-08-07T07:13:52Z,2026-08-12T18:00:00Z,130.8,15.5,9.3,16.8,6.2,6.2
5-10 дней,2026-08-07T07:13:52Z,2026-08-13T00:00:00Z,136.8,14.6,8.4,15.2,6.2,6.2
5-10 дней,2026-08-07T07:13:52Z,2026-08-13T06:00:00Z,142.8,14.0,8.2,14.7,5.8,5.8
5-10 дней,2026-08-07T07:13:52Z,2026-08-13T12:00:00Z,148.8,13.8,7.7,11.9,6.1,6.1
5-10 дней,2026-08-07T07:13:52Z,2026-08-13T18:00:00Z,154.8,12.6,6.9,9.3,5.7,5.7
5-10 дней,2026-08-07T07:13:52Z,2026-08-14T00:00:00Z,160.8,8.8,7.3,8.4,1.5,1.5
5-10 дней,2026-08-07T07:13:52Z,2026-08-14T06:00:00Z,166.8,12.7,8.3,8.2,4.4,4.4
5-10 дней,2026-08-07T07:13:52Z,2026-08-14T12:00:00Z,172.8,17.5,10.0,7.7,7.5,7.5
5-10 дней,2026-08-07T07:13:52Z,2026-08-14T18:00:00Z,178.8,13.0,8.7,6.9,4.3,4.3
5-10 дней,2026-08-07T07:13:52Z,2026-08-15T00:00:00Z,184.8,11.2,6.3,7.3,4.9,4.9
5-10 дней,2026-08-07T07:13:52Z,2026-08-15T06:00:00Z,190.8,16.4,8.6,8.3,7.8,7.8
5-10 дней,2026-08-07T07:13:52Z,2026-08-15T12:00:00Z,196.8,20.3,13.4,10.0,6.9,6.9
5-10 дней,2026-08-07T07:13:52Z,2026-08-15T18:00:00Z,202.8,15.5,12.2,8.7,3.3,3.3
5-10 дней,2026-08-07T07:13:52Z,2026-08-16T00:00:00Z,208.8,12.3,10.8,6.3,1.5,1.5
5-10 дней,2026-08-07T07:13:52Z,2026-08-16T06:00:00Z,214.8,18.7,12.3,8.6,6.4,6.4
5-10 дней,2026-08-07T07:13:52Z,2026-08-16T12:00:00Z,220.8,23.1,16.0,13.4,7.1,7.1
5-10 дней,2026-08-07T10:39:14Z,2026-08-12T12:00:00Z,121.3,17.1,11.9,24.1,5.2,5.2
5-10 дней,2026-08-07T10:39:14Z,2026-08-12T18:00:00Z,127.3,15.5,9.3,16.8,6.2,6.2
5-10 дней,2026-08-07T10:39:14Z,2026-08-13T00:00:00Z,133.3,14.6,8.4,15.2,6.2,6.2
5-10 дней,2026-08-07T10:39:14Z,2026-08-13T06:00:00Z,139.3,14.0,8.2,14.7,5.8,5.8
5-10 дней,2026-08-07T10:39:14Z,2026-08-13T12:00:00Z,145.3,13.8,7.7,11.9,6.1,6.1
5-10 дней,2026-08-07T10:39:14Z,2026-08-13T18:00:00Z,151.3,12.6,6.9,9.3,5.7,5.7
5-10 дней,2026-08-07T10:39:14Z,2026-08-14T00:00:00Z,157.3,8.8,7.3,8.4,1.5,1.5
5-10 дней,2026-08-07T10:39:14Z,2026-08-14T06:00:00Z,163.3,12.7,8.3,8.2,4.4,4.4
5-10 дней,2026-08-07T10:39:14Z,2026-08-14T12:00:00Z,169.3,17.5,10.0,7.7,7.5,7.5
5-10 дней,2026-08-07T10:39:14Z,2026-08-14T18:00:00Z,175.3,13.0,8.7,6.9,4.3,4.3
5-10 дней,2026-08-07T10:39:14Z,2026-08-15T00:00:00Z,181.3,11.2,6.3,7.3,4.9,4.9
5-10 дней,2026-08-07T10:39:14Z,2026-08-15T06:00:00Z,187.3,16.4,8.6,8.3,7.8,7.8
5-10 дней,2026-08-07T10:39:14Z,2026-08-15T12:00:00Z,193.3,20.3,13.4,10.0,6.9,6.9
5-10 дней,2026-08-07T10:39:14Z,2026-08-15T18:00:00Z,199.3,15.5,12.2,8.7,3.3,3.3
5-10 дней,2026-08-07T10:39:14Z,2026-08-16T00:00:00Z,205.3,12.3,10.8,6.3,1.5,1.5
5-10 дней,2026-08-07T10:39:14Z,2026-08-16T06:00:00Z,211.3,18.7,12.3,8.6,6.4,6.4
5-10 дней,2026-08-07T10:39:14Z,2026-08-16T12:00:00Z,217.3,23.1,16.0,13.4,7.1,7.1
5-10 дней,2026-08-07T16:51:54Z,2026-08-12T18:00:00Z,121.1,10.0,9.3,16.8,0.7,0.7
5-10 дней,2026-08-07T16:51:54Z,2026-08-13T00:00:00Z,127.1,7.9,8.4,15.2,-0.5,0.5
5-10 дней,2026-08-07T16:51:54Z,2026-08-13T06:00:00Z,133.1,12.1,8.2,14.7,3.9,3.9
5-10 дней,2026-08-07T16:51:54Z,2026-08-13T12:00:00Z,139.1,13.9,7.7,11.9,6.2,6.2
5-10 дней,2026-08-07T16:51:54Z,2026-08-13T18:00:00Z,145.1,9.6,6.9,9.3,2.7,2.7
5-10 дней,2026-08-07T16:51:54Z,2026-08-14T00:00:00Z,151.1,7.1,7.3,8.4,-0.2,0.2
5-10 дней,2026-08-07T16:51:54Z,2026-08-14T06:00:00Z,157.1,13.6,8.3,8.2,5.3,5.3
5-10 дней,2026-08-07T16:51:54Z,2026-08-14T12:00:00Z,163.1,16.1,10.0,7.7,6.1,6.1
5-10 дней,2026-08-07T16:51:54Z,2026-08-14T18:00:00Z,169.1,11.9,8.7,6.9,3.2,3.2
5-10 дней,2026-08-07T16:51:54Z,2026-08-15T00:00:00Z,175.1,8.4,6.3,7.3,2.1,2.1
5-10 дней,2026-08-07T16:51:54Z,2026-08-15T06:00:00Z,181.1,14.9,8.6,8.3,6.3,6.3
5-10 дней,2026-08-07T16:51:54Z,2026-08-15T12:00:00Z,187.1,18.3,13.4,10.0,4.9,4.9
5-10 дней,2026-08-07T16:51:54Z,2026-08-15T18:00:00Z,193.1,12.6,12.2,8.7,0.4,0.4
5-10 дней,2026-08-07T16:51:54Z,2026-08-16T00:00:00Z,199.1,9.6,10.8,6.3,-1.2,1.2
5-10 дней,2026-08-07T16:51:54Z,2026-08-16T06:00:00Z,205.1,14.1,12.3,8.6,1.8,1.8
5-10 дней,2026-08-07T16:51:54Z,2026-08-16T12:00:00Z,211.1,18.5,16.0,13.4,2.5,2.5
5-10 дней,2026-08-07T16:51:54Z,2026-08-16T18:00:00Z,217.1,13.9,11.2,12.2,2.7,2.7
5-10 дней,2026-08-07T16:51:54Z,2026-08-17T00:00:00Z,223.1,10.6,9.3,10.8,1.3,1.3
5-10 дней,2026-08-07T22:45:57Z,2026-08-13T00:00:00Z,121.2,7.9,8.4,15.2,-0.5,0.5
5-10 дней,2026-08-07T22:45:57Z,2026-08-13T06:00:00Z,127.2,12.1,8.2,14.7,3.9,3.9
5-10 дней,2026-08-07T22:45:57Z,2026-08-13T12:00:00Z,133.2,13.9,7.7,11.9,6.2,6.2
5-10 дней,2026-08-07T22:45:57Z,2026-08-13T18:00:00Z,139.2,9.6,6.9,9.3,2.7,2.7
5-10 дней,2026-08-07T22:45:57Z,2026-08-14T00:00:00Z,145.2,7.1,7.3,8.4,-0.2,0.2
5-10 дней,2026-08-07T22:45:57Z,2026-08-14T06:00:00Z,151.2,13.6,8.3,8.2,5.3,5.3
5-10 дней,2026-08-07T22:45:57Z,2026-08-14T12:00:00Z,157.2,16.1,10.0,7.7,6.1,6.1
5-10 дней,2026-08-07T22:45:57Z,2026-08-14T18:00:00Z,163.2,11.9,8.7,6.9,3.2,3.2
5-10 дней,2026-08-07T22:45:57Z,2026-08-15T00:00:00Z,169.2,8.4,6.3,7.3,2.1,2.1
5-10 дней,2026-08-07T22:45:57Z,2026-08-15T06:00:00Z,175.2,14.9,8.6,8.3,6.3,6.3
5-10 дней,2026-08-07T22:45:57Z,2026-08-15T12:00:00Z,181.2,18.3,13.4,10.0,4.9,4.9
5-10 дней,2026-08-07T22:45:57Z,2026-08-15T18:00:00Z,187.2,12.6,12.2,8.7,0.4,0.4
5-10 дней,2026-08-07T22:45:57Z,2026-08-16T00:00:00Z,193.2,9.6,10.8,6.3,-1.2,1.2
5-10 дней,2026-08-07T22:45:57Z,2026-08-16T06:00:00Z,199.2,14.1,12.3,8.6,1.8,1.8
5-10 дней,2026-08-07T22:45:57Z,2026-08-16T12:00:00Z,205.2,18.5,16.0,13.4,2.5,2.5
5-10 дней,2026-08-07T22:45:57Z,2026-08-16T18:00:00Z,211.2,13.9,11.2,12.2,2.7,2.7
5-10 дней,2026-08-07T22:45:57Z,2026-08-17T00:00:00Z,217.2,10.6,9.3,10.8,1.3,1.3
5-10 дней,2026-08-07T23:19:23Z,2026-08-13T00:00:00Z,120.7,10.0,8.4,15.2,1.6,1.6
5-10 дней,2026-08-07T23:19:23Z,2026-08-13T06:00:00Z,126.7,10.1,8.2,14.7,1.9,1.9
5-10 дней,2026-08-07T23:19:23Z,2026-08-13T12:00:00Z,132.7,11.1,7.7,11.9,3.4,3.4
5-10 дней,2026-08-07T23:19:23Z,2026-08-13T18:00:00Z,138.7,10.3,6.9,9.3,3.4,3.4
5-10 дней,2026-08-07T23:19:23Z,2026-08-14T00:00:00Z,144.7,10.2,7.3,8.4,2.9,2.9
5-10 дней,2026-08-07T23:19:23Z,2026-08-14T06:00:00Z,150.7,12.1,8.3,8.2,3.8,3.8
5-10 дней,2026-08-07T23:19:23Z,2026-08-14T12:00:00Z,156.7,16.5,10.0,7.7,6.5,6.5
5-10 дней,2026-08-07T23:19:23Z,2026-08-14T18:00:00Z,162.7,12.0,8.7,6.9,3.3,3.3
5-10 дней,2026-08-07T23:19:23Z,2026-08-15T00:00:00Z,168.7,12.0,6.3,7.3,5.7,5.7
5-10 дней,2026-08-07T23:19:23Z,2026-08-15T06:00:00Z,174.7,14.8,8.6,8.3,6.2,6.2
5-10 дней,2026-08-07T23:19:23Z,2026-08-15T12:00:00Z,180.7,17.2,13.4,10.0,3.8,3.8
5-10 дней,2026-08-07T23:19:23Z,2026-08-15T18:00:00Z,186.7,14.5,12.2,8.7,2.3,2.3
5-10 дней,2026-08-07T23:19:23Z,2026-08-16T00:00:00Z,192.7,12.2,10.8,6.3,1.4,1.4
5-10 дней,2026-08-07T23:19:23Z,2026-08-16T06:00:00Z,198.7,14.0,12.3,8.6,1.7,1.7
5-10 дней,2026-08-07T23:19:23Z,2026-08-16T12:00:00Z,204.7,16.4,16.0,13.4,0.4,0.4
5-10 дней,2026-08-07T23:19:23Z,2026-08-16T18:00:00Z,210.7,14.3,11.2,12.2,3.1,3.1
5-10 дней,2026-08-07T23:19:23Z,2026-08-17T00:00:00Z,216.7,13.0,9.3,10.8,3.7,3.7
5-10 дней,2026-08-07T23:19:23Z,2026-08-17T06:00:00Z,222.7,14.1,15.0,12.3,-0.9,0.9
5-10 дней,2026-08-07T23:19:23Z,2026-08-17T12:00:00Z,228.7,15.4,19.5,16.0,-4.1,4.1
5-10 дней,2026-08-08T04:50:53Z,2026-08-13T06:00:00Z,121.2,10.1,8.2,14.7,1.9,1.9
5-10 дней,2026-08-08T04:50:53Z,2026-08-13T12:00:00Z,127.2,11.1,7.7,11.9,3.4,3.4
5-10 дней,2026-08-08T04:50:53Z,2026-08-13T18:00:00Z,133.2,10.3,6.9,9.3,3.4,3.4
5-10 дней,2026-08-08T04:50:53Z,2026-08-14T00:00:00Z,139.2,10.2,7.3,8.4,2.9,2.9
5-10 дней,2026-08-08T04:50:53Z,2026-08-14T06:00:00Z,145.2,12.1,8.3,8.2,3.8,3.8
5-10 дней,2026-08-08T04:50:53Z,2026-08-14T12:00:00Z,151.2,16.5,10.0,7.7,6.5,6.5
5-10 дней,2026-08-08T04:50:53Z,2026-08-14T18:00:00Z,157.2,12.0,8.7,6.9,3.3,3.3
5-10 дней,2026-08-08T04:50:53Z,2026-08-15T00:00:00Z,163.2,12.0,6.3,7.3,5.7,5.7
5-10 дней,2026-08-08T04:50:53Z,2026-08-15T06:00:00Z,169.2,14.8,8.6,8.3,6.2,6.2
5-10 дней,2026-08-08T04:50:53Z,2026-08-15T12:00:00Z,175.2,17.2,13.4,10.0,3.8,3.8
5-10 дней,2026-08-08T04:50:53Z,2026-08-15T18:00:00Z,181.2,14.5,12.2,8.7,2.3,2.3
5-10 дней,2026-08-08T04:50:53Z,2026-08-16T00:00:00Z,187.2,12.2,10.8,6.3,1.4,1.4
5-10 дней,2026-08-08T04:50:53Z,2026-08-16T06:00:00Z,193.2,14.0,12.3,8.6,1.7,1.7
5-10 дней,2026-08-08T04:50:53Z,2026-08-16T12:00:00Z,199.2,16.4,16.0,13.4,0.4,0.4
5-10 дней,2026-08-08T04:50:53Z,2026-08-16T18:00:00Z,205.2,14.3,11.2,12.2,3.1,3.1
5-10 дней,2026-08-08T04:50:53Z,2026-08-17T00:00:00Z,211.2,13.0,9.3,10.8,3.7,3.7
5-10 дней,2026-08-08T04:50:53Z,2026-08-17T06:00:00Z,217.2,14.1,15.0,12.3,-0.9,0.9
5-10 дней,2026-08-08T04:50:53Z,2026-08-17T12:00:00Z,223.2,15.4,19.5,16.0,-4.1,4.1
5-10 дней,2026-08-08T10:18:13Z,2026-08-13T12:00:00Z,121.7,11.1,7.7,11.9,3.4,3.4
5-10 дней,2026-08-08T10:18:13Z,2026-08-13T18:00:00Z,127.7,10.3,6.9,9.3,3.4,3.4
5-10 дней,2026-08-08T10:18:13Z,2026-08-14T00:00:00Z,133.7,10.2,7.3,8.4,2.9,2.9
5-10 дней,2026-08-08T10:18:13Z,2026-08-14T06:00:00Z,139.7,12.1,8.3,8.2,3.8,3.8
5-10 дней,2026-08-08T10:18:13Z,2026-08-14T12:00:00Z,145.7,16.5,10.0,7.7,6.5,6.5
5-10 дней,2026-08-08T10:18:13Z,2026-08-14T18:00:00Z,151.7,12.0,8.7,6.9,3.3,3.3
5-10 дней,2026-08-08T10:18:13Z,2026-08-15T00:00:00Z,157.7,12.0,6.3,7.3,5.7,5.7
5-10 дней,2026-08-08T10:18:13Z,2026-08-15T06:00:00Z,163.7,14.8,8.6,8.3,6.2,6.2
5-10 дней,2026-08-08T10:18:13Z,2026-08-15T12:00:00Z,169.7,17.2,13.4,10.0,3.8,3.8
5-10 дней,2026-08-08T10:18:13Z,2026-08-15T18:00:00Z,175.7,14.5,12.2,8.7,2.3,2.3
5-10 дней,2026-08-08T10:18:13Z,2026-08-16T00:00:00Z,181.7,12.2,10.8,6.3,1.4,1.4
5-10 дней,2026-08-08T10:18:13Z,2026-08-16T06:00:00Z,187.7,14.0,12.3,8.6,1.7,1.7
5-10 дней,2026-08-08T10:18:13Z,2026-08-16T12:00:00Z,193.7,16.4,16.0,13.4,0.4,0.4
5-10 дней,2026-08-08T10:18:13Z,2026-08-16T18:00:00Z,199.7,14.3,11.2,12.2,3.1,3.1
5-10 дней,2026-08-08T10:18:13Z,2026-08-17T00:00:00Z,205.7,13.0,9.3,10.8,3.7,3.7
5-10 дней,2026-08-08T10:18:13Z,2026-08-17T06:00:00Z,211.7,14.1,15.0,12.3,-0.9,0.9
5-10 дней,2026-08-08T10:18:13Z,2026-08-17T12:00:00Z,217.7,15.4,19.5,16.0,-4.1,4.1
5-10 дней,2026-08-08T22:37:20Z,2026-08-14T00:00:00Z,121.4,9.1,7.3,8.4,1.8,1.8
5-10 дней,2026-08-08T22:37:20Z,2026-08-14T06:00:00Z,127.4,10.4,8.3,8.2,2.1,2.1
5-10 дней,2026-08-08T22:37:20Z,2026-08-14T12:00:00Z,133.4,13.4,10.0,7.7,3.4,3.4
5-10 дней,2026-08-08T22:37:20Z,2026-08-14T18:00:00Z,139.4,11.1,8.7,6.9,2.4,2.4
5-10 дней,2026-08-08T22:37:20Z,2026-08-15T00:00:00Z,145.4,9.4,6.3,7.3,3.1,3.1
5-10 дней,2026-08-08T22:37:20Z,2026-08-15T06:00:00Z,151.4,12.4,8.6,8.3,3.8,3.8
5-10 дней,2026-08-08T22:37:20Z,2026-08-15T12:00:00Z,157.4,17.9,13.4,10.0,4.5,4.5
5-10 дней,2026-08-08T22:37:20Z,2026-08-15T18:00:00Z,163.4,15.2,12.2,8.7,3.0,3.0
5-10 дней,2026-08-08T22:37:20Z,2026-08-16T00:00:00Z,169.4,12.8,10.8,6.3,2.0,2.0
5-10 дней,2026-08-08T22:37:20Z,2026-08-16T06:00:00Z,175.4,13.5,12.3,8.6,1.2,1.2
5-10 дней,2026-08-08T22:37:20Z,2026-08-16T12:00:00Z,181.4,16.4,16.0,13.4,0.4,0.4
5-10 дней,2026-08-08T22:37:20Z,2026-08-16T18:00:00Z,187.4,13.8,11.2,12.2,2.6,2.6
5-10 дней,2026-08-08T22:37:20Z,2026-08-17T00:00:00Z,193.4,12.1,9.3,10.8,2.8,2.8
5-10 дней,2026-08-08T22:37:20Z,2026-08-17T06:00:00Z,199.4,14.7,15.0,12.3,-0.3,0.3
5-10 дней,2026-08-08T22:37:20Z,2026-08-17T12:00:00Z,205.4,18.0,19.5,16.0,-1.5,1.5
5-10 дней,2026-08-08T22:37:20Z,2026-08-17T18:00:00Z,211.4,15.6,14.5,11.2,1.1,1.1
5-10 дней,2026-08-08T22:37:20Z,2026-08-18T00:00:00Z,217.4,14.0,13.0,9.3,1.0,1.0
5-10 дней,2026-08-09T04:59:03Z,2026-08-14T06:00:00Z,121.0,10.3,8.3,8.2,2.0,2.0
5-10 дней,2026-08-09T04:59:03Z,2026-08-14T12:00:00Z,127.0,13.6,10.0,7.7,3.6,3.6
5-10 дней,2026-08-09T04:59:03Z,2026-08-14T18:00:00Z,133.0,11.4,8.7,6.9,2.7,2.7
5-10 дней,2026-08-09T04:59:03Z,2026-08-15T00:00:00Z,139.0,11.3,6.3,7.3,5.0,5.0
5-10 дней,2026-08-09T04:59:03Z,2026-08-15T06:00:00Z,145.0,14.3,8.6,8.3,5.7,5.7
5-10 дней,2026-08-09T04:59:03Z,2026-08-15T12:00:00Z,151.0,20.1,13.4,10.0,6.7,6.7
5-10 дней,2026-08-09T04:59:03Z,2026-08-15T18:00:00Z,157.0,15.3,12.2,8.7,3.1,3.1
5-10 дней,2026-08-09T04:59:03Z,2026-08-16T00:00:00Z,163.0,11.4,10.8,6.3,0.6,0.6
5-10 дней,2026-08-09T04:59:03Z,2026-08-16T06:00:00Z,169.0,14.6,12.3,8.6,2.3,2.3
5-10 дней,2026-08-09T04:59:03Z,2026-08-16T12:00:00Z,175.0,20.0,16.0,13.4,4.0,4.0
5-10 дней,2026-08-09T04:59:03Z,2026-08-16T18:00:00Z,181.0,15.0,11.2,12.2,3.8,3.8
5-10 дней,2026-08-09T04:59:03Z,2026-08-17T00:00:00Z,187.0,13.7,9.3,10.8,4.4,4.4
5-10 дней,2026-08-09T04:59:03Z,2026-08-17T06:00:00Z,193.0,17.2,15.0,12.3,2.2,2.2
5-10 дней,2026-08-09T04:59:03Z,2026-08-17T12:00:00Z,199.0,20.1,19.5,16.0,0.6,0.6
5-10 дней,2026-08-09T04:59:03Z,2026-08-17T18:00:00Z,205.0,15.5,14.5,11.2,1.0,1.0
5-10 дней,2026-08-09T04:59:03Z,2026-08-18T00:00:00Z,211.0,14.0,13.0,9.3,1.0,1.0
5-10 дней,2026-08-09T04:59:03Z,2026-08-18T06:00:00Z,217.0,18.9,15.4,15.0,3.5,3.5
5-10 дней,2026-08-09T04:59:03Z,2026-08-18T12:00:00Z,223.0,23.3,18.5,19.5,4.8,4.8
5-10 дней,2026-08-09T10:19:29Z,2026-08-14T12:00:00Z,121.7,13.6,10.0,7.7,3.6,3.6
5-10 дней,2026-08-09T10:19:29Z,2026-08-14T18:00:00Z,127.7,11.4,8.7,6.9,2.7,2.7
5-10 дней,2026-08-09T10:19:29Z,2026-08-15T00:00:00Z,133.7,11.3,6.3,7.3,5.0,5.0
5-10 дней,2026-08-09T10:19:29Z,2026-08-15T06:00:00Z,139.7,14.3,8.6,8.3,5.7,5.7
5-10 дней,2026-08-09T10:19:29Z,2026-08-15T12:00:00Z,145.7,20.1,13.4,10.0,6.7,6.7
5-10 дней,2026-08-09T10:19:29Z,2026-08-15T18:00:00Z,151.7,15.3,12.2,8.7,3.1,3.1
5-10 дней,2026-08-09T10:19:29Z,2026-08-16T00:00:00Z,157.7,11.4,10.8,6.3,0.6,0.6
5-10 дней,2026-08-09T10:19:29Z,2026-08-16T06:00:00Z,163.7,14.6,12.3,8.6,2.3,2.3
5-10 дней,2026-08-09T10:19:29Z,2026-08-16T12:00:00Z,169.7,20.0,16.0,13.4,4.0,4.0
5-10 дней,2026-08-09T10:19:29Z,2026-08-16T18:00:00Z,175.7,15.0,11.2,12.2,3.8,3.8
5-10 дней,2026-08-09T10:19:29Z,2026-08-17T00:00:00Z,181.7,13.7,9.3,10.8,4.4,4.4
5-10 дней,2026-08-09T10:19:29Z,2026-08-17T06:00:00Z,187.7,17.2,15.0,12.3,2.2,2.2
5-10 дней,2026-08-09T10:19:29Z,2026-08-17T12:00:00Z,193.7,20.1,19.5,16.0,0.6,0.6
5-10 дней,2026-08-09T10:19:29Z,2026-08-17T18:00:00Z,199.7,15.5,14.5,11.2,1.0,1.0
5-10 дней,2026-08-09T10:19:29Z,2026-08-18T00:00:00Z,205.7,14.0,13.0,9.3,1.0,1.0
5-10 дней,2026-08-09T10:19:29Z,2026-08-18T06:00:00Z,211.7,18.9,15.4,15.0,3.5,3.5
5-10 дней,2026-08-09T10:19:29Z,2026-08-18T12:00:00Z,217.7,23.3,18.5,19.5,4.8,4.8
5-10 дней,2026-08-09T12:41:38Z,2026-08-14T18:00:00Z,125.3,11.5,8.7,6.9,2.8,2.8
5-10 дней,2026-08-09T12:41:38Z,2026-08-15T00:00:00Z,131.3,7.9,6.3,7.3,1.6,1.6
5-10 дней,2026-08-09T12:41:38Z,2026-08-15T06:00:00Z,137.3,12.4,8.6,8.3,3.8,3.8
5-10 дней,2026-08-09T12:41:38Z,2026-08-15T12:00:00Z,143.3,16.0,13.4,10.0,2.6,2.6
5-10 дней,2026-08-09T12:41:38Z,2026-08-15T18:00:00Z,149.3,13.4,12.2,8.7,1.2,1.2
5-10 дней,2026-08-09T12:41:38Z,2026-08-16T00:00:00Z,155.3,13.2,10.8,6.3,2.4,2.4
5-10 дней,2026-08-09T12:41:38Z,2026-08-16T06:00:00Z,161.3,15.9,12.3,8.6,3.6,3.6
5-10 дней,2026-08-09T12:41:38Z,2026-08-16T12:00:00Z,167.3,19.2,16.0,13.4,3.2,3.2
5-10 дней,2026-08-09T12:41:38Z,2026-08-16T18:00:00Z,173.3,15.2,11.2,12.2,4.0,4.0
5-10 дней,2026-08-09T12:41:38Z,2026-08-17T00:00:00Z,179.3,12.5,9.3,10.8,3.2,3.2
5-10 дней,2026-08-09T12:41:38Z,2026-08-17T06:00:00Z,185.3,16.5,15.0,12.3,1.5,1.5
5-10 дней,2026-08-09T12:41:38Z,2026-08-17T12:00:00Z,191.3,16.9,19.5,16.0,-2.6,2.6
5-10 дней,2026-08-09T12:41:38Z,2026-08-17T18:00:00Z,197.3,14.4,14.5,11.2,-0.1,0.1
5-10 дней,2026-08-09T12:41:38Z,2026-08-18T00:00:00Z,203.3,12.3,13.0,9.3,-0.7,0.7
5-10 дней,2026-08-09T12:41:38Z,2026-08-18T06:00:00Z,209.3,15.5,15.4,15.0,0.1,0.1
5-10 дней,2026-08-09T12:41:38Z,2026-08-18T12:00:00Z,215.3,19.9,18.5,19.5,1.4,1.4
5-10 дней,2026-08-09T12:41:38Z,2026-08-18T18:00:00Z,221.3,16.0,14.0,14.5,2.0,2.0
5-10 дней,2026-08-09T12:41:38Z,2026-08-19T00:00:00Z,227.3,13.6,12.5,13.0,1.1,1.1
5-10 дней,2026-08-09T12:45:53Z,2026-08-14T18:00:00Z,125.2,11.5,8.7,6.9,2.8,2.8
5-10 дней,2026-08-09T12:45:53Z,2026-08-15T00:00:00Z,131.2,7.9,6.3,7.3,1.6,1.6
5-10 дней,2026-08-09T12:45:53Z,2026-08-15T06:00:00Z,137.2,12.4,8.6,8.3,3.8,3.8
5-10 дней,2026-08-09T12:45:53Z,2026-08-15T12:00:00Z,143.2,16.0,13.4,10.0,2.6,2.6
5-10 дней,2026-08-09T12:45:53Z,2026-08-15T18:00:00Z,149.2,13.4,12.2,8.7,1.2,1.2
5-10 дней,2026-08-09T12:45:53Z,2026-08-16T00:00:00Z,155.2,13.2,10.8,6.3,2.4,2.4
5-10 дней,2026-08-09T12:45:53Z,2026-08-16T06:00:00Z,161.2,15.9,12.3,8.6,3.6,3.6
5-10 дней,2026-08-09T12:45:53Z,2026-08-16T12:00:00Z,167.2,19.2,16.0,13.4,3.2,3.2
5-10 дней,2026-08-09T12:45:53Z,2026-08-16T18:00:00Z,173.2,15.2,11.2,12.2,4.0,4.0
5-10 дней,2026-08-09T12:45:53Z,2026-08-17T00:00:00Z,179.2,12.5,9.3,10.8,3.2,3.2
5-10 дней,2026-08-09T12:45:53Z,2026-08-17T06:00:00Z,185.2,16.5,15.0,12.3,1.5,1.5
5-10 дней,2026-08-09T12:45:53Z,2026-08-17T12:00:00Z,191.2,16.9,19.5,16.0,-2.6,2.6
5-10 дней,2026-08-09T12:45:53Z,2026-08-17T18:00:00Z,197.2,14.4,14.5,11.2,-0.1,0.1
5-10 дней,2026-08-09T12:45:53Z,2026-08-18T00:00:00Z,203.2,12.3,13.0,9.3,-0.7,0.7
5-10 дней,2026-08-09T12:45:53Z,2026-08-18T06:00:00Z,209.2,15.5,15.4,15.0,0.1,0.1
5-10 дней,2026-08-09T12:45:53Z,2026-08-18T12:00:00Z,215.2,19.9,18.5,19.5,1.4,1.4
5-10 дней,2026-08-09T12:45:53Z,2026-08-18T18:00:00Z,221.2,16.0,14.0,14.5,2.0,2.0
5-10 дней,2026-08-09T12:45:53Z,2026-08-19T00:00:00Z,227.2,13.6,12.5,13.0,1.1,1.1
5-10 дней,2026-08-09T12:48:15Z,2026-08-14T18:00:00Z,125.2,11.5,8.7,6.9,2.8,2.8
5-10 дней,2026-08-09T12:48:15Z,2026-08-15T00:00:00Z,131.2,7.9,6.3,7.3,1.6,1.6
5-10 дней,2026-08-09T12:48:15Z,2026-08-15T06:00:00Z,137.2,12.4,8.6,8.3,3.8,3.8
5-10 дней,2026-08-09T12:48:15Z,2026-08-15T12:00:00Z,143.2,16.0,13.4,10.0,2.6,2.6
5-10 дней,2026-08-09T12:48:15Z,2026-08-15T18:00:00Z,149.2,13.4,12.2,8.7,1.2,1.2
5-10 дней,2026-08-09T12:48:15Z,2026-08-16T00:00:00Z,155.2,13.2,10.8,6.3,2.4,2.4
5-10 дней,2026-08-09T12:48:15Z,2026-08-16T06:00:00Z,161.2,15.9,12.3,8.6,3.6,3.6
5-10 дней,2026-08-09T12:48:15Z,2026-08-16T12:00:00Z,167.2,19.2,16.0,13.4,3.2,3.2
5-10 дней,2026-08-09T12:48:15Z,2026-08-16T18:00:00Z,173.2,15.2,11.2,12.2,4.0,4.0
5-10 дней,2026-08-09T12:48:15Z,2026-08-17T00:00:00Z,179.2,12.5,9.3,10.8,3.2,3.2
5-10 дней,2026-08-09T12:48:15Z,2026-08-17T06:00:00Z,185.2,16.5,15.0,12.3,1.5,1.5
5-10 дней,2026-08-09T12:48:15Z,2026-08-17T12:00:00Z,191.2,16.9,19.5,16.0,-2.6,2.6
5-10 дней,2026-08-09T12:48:15Z,2026-08-17T18:00:00Z,197.2,14.4,14.5,11.2,-0.1,0.1
5-10 дней,2026-08-09T12:48:15Z,2026-08-18T00:00:00Z,203.2,12.3,13.0,9.3,-0.7,0.7
5-10 дней,2026-08-09T12:48:15Z,2026-08-18T06:00:00Z,209.2,15.5,15.4,15.0,0.1,0.1
5-10 дней,2026-08-09T12:48:15Z,2026-08-18T12:00:00Z,215.2,19.9,18.5,19.5,1.4,1.4
5-10 дней,2026-08-09T12:48:15Z,2026-08-18T18:00:00Z,221.2,16.0,14.0,14.5,2.0,2.0
5-10 дней,2026-08-09T12:48:15Z,2026-08-19T00:00:00Z,227.2,13.6,12.5,13.0,1.1,1.1
5-10 дней,2026-08-09T16:31:44Z,2026-08-14T18:00:00Z,121.5,11.5,8.7,6.9,2.8,2.8
5-10 дней,2026-08-09T16:31:44Z,2026-08-15T00:00:00Z,127.5,7.9,6.3,7.3,1.6,1.6
5-10 дней,2026-08-09T16:31:44Z,2026-08-15T06:00:00Z,133.5,12.4,8.6,8.3,3.8,3.8
5-10 дней,2026-08-09T16:31:44Z,2026-08-15T12:00:00Z,139.5,16.0,13.4,10.0,2.6,2.6
5-10 дней,2026-08-09T16:31:44Z,2026-08-15T18:00:00Z,145.5,13.4,12.2,8.7,1.2,1.2
5-10 дней,2026-08-09T16:31:44Z,2026-08-16T00:00:00Z,151.5,13.2,10.8,6.3,2.4,2.4
5-10 дней,2026-08-09T16:31:44Z,2026-08-16T06:00:00Z,157.5,15.9,12.3,8.6,3.6,3.6
5-10 дней,2026-08-09T16:31:44Z,2026-08-16T12:00:00Z,163.5,19.2,16.0,13.4,3.2,3.2
5-10 дней,2026-08-09T16:31:44Z,2026-08-16T18:00:00Z,169.5,15.2,11.2,12.2,4.0,4.0
5-10 дней,2026-08-09T16:31:44Z,2026-08-17T00:00:00Z,175.5,12.5,9.3,10.8,3.2,3.2
5-10 дней,2026-08-09T16:31:44Z,2026-08-17T06:00:00Z,181.5,16.5,15.0,12.3,1.5,1.5
5-10 дней,2026-08-09T16:31:44Z,2026-08-17T12:00:00Z,187.5,16.9,19.5,16.0,-2.6,2.6
5-10 дней,2026-08-09T16:31:44Z,2026-08-17T18:00:00Z,193.5,14.4,14.5,11.2,-0.1,0.1
5-10 дней,2026-08-09T16:31:44Z,2026-08-18T00:00:00Z,199.5,12.3,13.0,9.3,-0.7,0.7
5-10 дней,2026-08-09T16:31:44Z,2026-08-18T06:00:00Z,205.5,15.5,15.4,15.0,0.1,0.1
5-10 дней,2026-08-09T16:31:44Z,2026-08-18T12:00:00Z,211.5,19.9,18.5,19.5,1.4,1.4
5-10 дней,2026-08-09T16:31:44Z,2026-08-18T18:00:00Z,217.5,16.0,14.0,14.5,2.0,2.0
5-10 дней,2026-08-09T16:31:44Z,2026-08-19T00:00:00Z,223.5,13.6,12.5,13.0,1.1,1.1
5-10 дней,2026-08-09T22:39:09Z,2026-08-15T00:00:00Z,121.3,7.9,6.3,7.3,1.6,1.6
5-10 дней,2026-08-09T22:39:09Z,2026-08-15T06:00:00Z,127.3,12.4,8.6,8.3,3.8,3.8
5-10 дней,2026-08-09T22:39:09Z,2026-08-15T12:00:00Z,133.3,16.0,13.4,10.0,2.6,2.6
5-10 дней,2026-08-09T22:39:09Z,2026-08-15T18:00:00Z,139.3,13.4,12.2,8.7,1.2,1.2
5-10 дней,2026-08-09T22:39:09Z,2026-08-16T00:00:00Z,145.3,13.2,10.8,6.3,2.4,2.4
5-10 дней,2026-08-09T22:39:09Z,2026-08-16T06:00:00Z,151.3,15.9,12.3,8.6,3.6,3.6
5-10 дней,2026-08-09T22:39:09Z,2026-08-16T12:00:00Z,157.3,19.2,16.0,13.4,3.2,3.2
5-10 дней,2026-08-09T22:39:09Z,2026-08-16T18:00:00Z,163.3,15.2,11.2,12.2,4.0,4.0
5-10 дней,2026-08-09T22:39:09Z,2026-08-17T00:00:00Z,169.3,12.5,9.3,10.8,3.2,3.2
5-10 дней,2026-08-09T22:39:09Z,2026-08-17T06:00:00Z,175.3,16.5,15.0,12.3,1.5,1.5
5-10 дней,2026-08-09T22:39:09Z,2026-08-17T12:00:00Z,181.3,16.9,19.5,16.0,-2.6,2.6
5-10 дней,2026-08-09T22:39:09Z,2026-08-17T18:00:00Z,187.3,14.4,14.5,11.2,-0.1,0.1
5-10 дней,2026-08-09T22:39:09Z,2026-08-18T00:00:00Z,193.3,12.3,13.0,9.3,-0.7,0.7
5-10 дней,2026-08-09T22:39:09Z,2026-08-18T06:00:00Z,199.3,15.5,15.4,15.0,0.1,0.1
5-10 дней,2026-08-09T22:39:09Z,2026-08-18T12:00:00Z,205.3,19.9,18.5,19.5,1.4,1.4
5-10 дней,2026-08-09T22:39:09Z,2026-08-18T18:00:00Z,211.3,16.0,14.0,14.5,2.0,2.0
5-10 дней,2026-08-09T22:39:09Z,2026-08-19T00:00:00Z,217.3,13.6,12.5,13.0,1.1,1.1
5-10 дней,2026-08-10T05:20:42Z,2026-08-15T06:00:00Z,120.7,12.4,8.6,8.3,3.8,3.8
5-10 дней,2026-08-10T05:20:42Z,2026-08-15T12:00:00Z,126.7,16.9,13.4,10.0,3.5,3.5
5-10 дней,2026-08-10T05:20:42Z,2026-08-15T18:00:00Z,132.7,14.0,12.2,8.7,1.8,1.8
5-10 дней,2026-08-10T05:20:42Z,2026-08-16T00:00:00Z,138.7,11.9,10.8,6.3,1.1,1.1
5-10 дней,2026-08-10T05:20:42Z,2026-08-16T06:00:00Z,144.7,16.0,12.3,8.6,3.7,3.7
5-10 дней,2026-08-10T05:20:42Z,2026-08-16T12:00:00Z,150.7,20.1,16.0,13.4,4.1,4.1
5-10 дней,2026-08-10T05:20:42Z,2026-08-16T18:00:00Z,156.7,16.1,11.2,12.2,4.9,4.9
5-10 дней,2026-08-10T05:20:42Z,2026-08-17T00:00:00Z,162.7,13.8,9.3,10.8,4.5,4.5
5-10 дней,2026-08-10T05:20:42Z,2026-08-17T06:00:00Z,168.7,16.1,15.0,12.3,1.1,1.1
5-10 дней,2026-08-10T05:20:42Z,2026-08-17T12:00:00Z,174.7,20.3,19.5,16.0,0.8,0.8
5-10 дней,2026-08-10T05:20:42Z,2026-08-17T18:00:00Z,180.7,15.8,14.5,11.2,1.3,1.3
5-10 дней,2026-08-10T05:20:42Z,2026-08-18T00:00:00Z,186.7,11.3,13.0,9.3,-1.7,1.7
5-10 дней,2026-08-10T05:20:42Z,2026-08-18T06:00:00Z,192.7,12.2,15.4,15.0,-3.2,3.2
5-10 дней,2026-08-10T05:20:42Z,2026-08-18T12:00:00Z,198.7,18.7,18.5,19.5,0.2,0.2
5-10 дней,2026-08-10T05:20:42Z,2026-08-18T18:00:00Z,204.7,15.3,14.0,14.5,1.3,1.3
5-10 дней,2026-08-10T05:20:42Z,2026-08-19T00:00:00Z,210.7,11.7,12.5,13.0,-0.8,0.8
5-10 дней,2026-08-10T05:20:42Z,2026-08-19T06:00:00Z,216.7,15.9,14.3,15.4,1.6,1.6
5-10 дней,2026-08-10T05:20:42Z,2026-08-19T12:00:00Z,222.7,19.8,19.6,18.5,0.2,0.2
5-10 дней,2026-08-10T10:53:28Z,2026-08-15T12:00:00Z,121.1,16.9,13.4,10.0,3.5,3.5
5-10 дней,2026-08-10T10:53:28Z,2026-08-15T18:00:00Z,127.1,14.0,12.2,8.7,1.8,1.8
5-10 дней,2026-08-10T10:53:28Z,2026-08-16T00:00:00Z,133.1,11.9,10.8,6.3,1.1,1.1
5-10 дней,2026-08-10T10:53:28Z,2026-08-16T06:00:00Z,139.1,16.0,12.3,8.6,3.7,3.7
5-10 дней,2026-08-10T10:53:28Z,2026-08-16T12:00:00Z,145.1,20.1,16.0,13.4,4.1,4.1
5-10 дней,2026-08-10T10:53:28Z,2026-08-16T18:00:00Z,151.1,16.1,11.2,12.2,4.9,4.9
5-10 дней,2026-08-10T10:53:28Z,2026-08-17T00:00:00Z,157.1,13.8,9.3,10.8,4.5,4.5
5-10 дней,2026-08-10T10:53:28Z,2026-08-17T06:00:00Z,163.1,16.1,15.0,12.3,1.1,1.1
5-10 дней,2026-08-10T10:53:28Z,2026-08-17T12:00:00Z,169.1,20.3,19.5,16.0,0.8,0.8
5-10 дней,2026-08-10T10:53:28Z,2026-08-17T18:00:00Z,175.1,15.8,14.5,11.2,1.3,1.3
5-10 дней,2026-08-10T10:53:28Z,2026-08-18T00:00:00Z,181.1,11.3,13.0,9.3,-1.7,1.7
5-10 дней,2026-08-10T10:53:28Z,2026-08-18T06:00:00Z,187.1,12.2,15.4,15.0,-3.2,3.2
5-10 дней,2026-08-10T10:53:28Z,2026-08-18T12:00:00Z,193.1,18.7,18.5,19.5,0.2,0.2
5-10 дней,2026-08-10T10:53:28Z,2026-08-18T18:00:00Z,199.1,15.3,14.0,14.5,1.3,1.3
5-10 дней,2026-08-10T10:53:28Z,2026-08-19T00:00:00Z,205.1,11.7,12.5,13.0,-0.8,0.8
5-10 дней,2026-08-10T10:53:28Z,2026-08-19T06:00:00Z,211.1,15.9,14.3,15.4,1.6,1.6
5-10 дней,2026-08-10T10:53:28Z,2026-08-19T12:00:00Z,217.1,19.8,19.6,18.5,0.2,0.2
5-10 дней,2026-08-10T16:52:05Z,2026-08-15T18:00:00Z,121.1,11.7,12.2,8.7,-0.5,0.5
5-10 дней,2026-08-10T16:52:05Z,2026-08-16T00:00:00Z,127.1,10.6,10.8,6.3,-0.2,0.2
5-10 дней,2026-08-10T16:52:05Z,2026-08-16T06:00:00Z,133.1,11.5,12.3,8.6,-0.8,0.8
5-10 дней,2026-08-10T16:52:05Z,2026-08-16T12:00:00Z,139.1,15.3,16.0,13.4,-0.7,0.7
5-10 дней,2026-08-10T16:52:05Z,2026-08-16T18:00:00Z,145.1,13.3,11.2,12.2,2.1,2.1
5-10 дней,2026-08-10T16:52:05Z,2026-08-17T00:00:00Z,151.1,11.8,9.3,10.8,2.5,2.5
5-10 дней,2026-08-10T16:52:05Z,2026-08-17T06:00:00Z,157.1,16.3,15.0,12.3,1.3,1.3
5-10 дней,2026-08-10T16:52:05Z,2026-08-17T12:00:00Z,163.1,20.0,19.5,16.0,0.5,0.5
5-10 дней,2026-08-10T16:52:05Z,2026-08-17T18:00:00Z,169.1,15.3,14.5,11.2,0.8,0.8
5-10 дней,2026-08-10T16:52:05Z,2026-08-18T00:00:00Z,175.1,13.7,13.0,9.3,0.7,0.7
5-10 дней,2026-08-10T16:52:05Z,2026-08-18T06:00:00Z,181.1,15.2,15.4,15.0,-0.2,0.2
5-10 дней,2026-08-10T16:52:05Z,2026-08-18T12:00:00Z,187.1,20.6,18.5,19.5,2.1,2.1
5-10 дней,2026-08-10T16:52:05Z,2026-08-18T18:00:00Z,193.1,15.3,14.0,14.5,1.3,1.3
5-10 дней,2026-08-10T16:52:05Z,2026-08-19T00:00:00Z,199.1,11.8,12.5,13.0,-0.7,0.7
5-10 дней,2026-08-10T16:52:05Z,2026-08-19T06:00:00Z,205.1,15.6,14.3,15.4,1.3,1.3
5-10 дней,2026-08-10T16:52:05Z,2026-08-19T12:00:00Z,211.1,16.3,19.6,18.5,-3.3,3.3
5-10 дней,2026-08-10T16:52:05Z,2026-08-19T18:00:00Z,217.1,12.2,14.6,14.0,-2.4,2.4
5-10 дней,2026-08-10T16:52:05Z,2026-08-20T00:00:00Z,223.1,9.3,15.1,12.5,-5.8,5.8
5-10 дней,2026-08-10T22:47:13Z,2026-08-16T00:00:00Z,121.2,10.6,10.8,6.3,-0.2,0.2
5-10 дней,2026-08-10T22:47:13Z,2026-08-16T06:00:00Z,127.2,11.5,12.3,8.6,-0.8,0.8
5-10 дней,2026-08-10T22:47:13Z,2026-08-16T12:00:00Z,133.2,15.3,16.0,13.4,-0.7,0.7
5-10 дней,2026-08-10T22:47:13Z,2026-08-16T18:00:00Z,139.2,13.3,11.2,12.2,2.1,2.1
5-10 дней,2026-08-10T22:47:13Z,2026-08-17T00:00:00Z,145.2,11.8,9.3,10.8,2.5,2.5
5-10 дней,2026-08-10T22:47:13Z,2026-08-17T06:00:00Z,151.2,16.3,15.0,12.3,1.3,1.3
5-10 дней,2026-08-10T22:47:13Z,2026-08-17T12:00:00Z,157.2,20.0,19.5,16.0,0.5,0.5
5-10 дней,2026-08-10T22:47:13Z,2026-08-17T18:00:00Z,163.2,15.3,14.5,11.2,0.8,0.8
5-10 дней,2026-08-10T22:47:13Z,2026-08-18T00:00:00Z,169.2,13.7,13.0,9.3,0.7,0.7
5-10 дней,2026-08-10T22:47:13Z,2026-08-18T06:00:00Z,175.2,15.2,15.4,15.0,-0.2,0.2
5-10 дней,2026-08-10T22:47:13Z,2026-08-18T12:00:00Z,181.2,20.6,18.5,19.5,2.1,2.1
5-10 дней,2026-08-10T22:47:13Z,2026-08-18T18:00:00Z,187.2,15.3,14.0,14.5,1.3,1.3
5-10 дней,2026-08-10T22:47:13Z,2026-08-19T00:00:00Z,193.2,11.8,12.5,13.0,-0.7,0.7
5-10 дней,2026-08-10T22:47:13Z,2026-08-19T06:00:00Z,199.2,15.6,14.3,15.4,1.3,1.3
5-10 дней,2026-08-10T22:47:13Z,2026-08-19T12:00:00Z,205.2,16.3,19.6,18.5,-3.3,3.3
5-10 дней,2026-08-10T22:47:13Z,2026-08-19T18:00:00Z,211.2,12.2,14.6,14.0,-2.4,2.4
5-10 дней,2026-08-10T22:47:13Z,2026-08-20T00:00:00Z,217.2,9.3,15.1,12.5,-5.8,5.8
5-10 дней,2026-08-11T05:01:49Z,2026-08-16T06:00:00Z,121.0,14.1,12.3,8.6,1.8,1.8
5-10 дней,2026-08-11T05:01:49Z,2026-08-16T12:00:00Z,127.0,18.6,16.0,13.4,2.6,2.6
5-10 дней,2026-08-11T05:01:49Z,2026-08-16T18:00:00Z,133.0,14.3,11.2,12.2,3.1,3.1
5-10 дней,2026-08-11T05:01:49Z,2026-08-17T00:00:00Z,139.0,11.8,9.3,10.8,2.5,2.5
5-10 дней,2026-08-11T05:01:49Z,2026-08-17T06:00:00Z,145.0,14.1,15.0,12.3,-0.9,0.9
5-10 дней,2026-08-11T05:01:49Z,2026-08-17T12:00:00Z,151.0,17.6,19.5,16.0,-1.9,1.9
5-10 дней,2026-08-11T05:01:49Z,2026-08-17T18:00:00Z,157.0,15.5,14.5,11.2,1.0,1.0
5-10 дней,2026-08-11T05:01:49Z,2026-08-18T00:00:00Z,163.0,14.0,13.0,9.3,1.0,1.0
5-10 дней,2026-08-11T05:01:49Z,2026-08-18T06:00:00Z,169.0,14.4,15.4,15.0,-1.0,1.0
5-10 дней,2026-08-11T05:01:49Z,2026-08-18T12:00:00Z,175.0,17.2,18.5,19.5,-1.3,1.3
5-10 дней,2026-08-11T05:01:49Z,2026-08-18T18:00:00Z,181.0,15.2,14.0,14.5,1.2,1.2
5-10 дней,2026-08-11T05:01:49Z,2026-08-19T00:00:00Z,187.0,14.0,12.5,13.0,1.5,1.5
5-10 дней,2026-08-11T05:01:49Z,2026-08-19T06:00:00Z,193.0,15.8,14.3,15.4,1.5,1.5
5-10 дней,2026-08-11T05:01:49Z,2026-08-19T12:00:00Z,199.0,16.9,19.6,18.5,-2.7,2.7
5-10 дней,2026-08-11T05:01:49Z,2026-08-19T18:00:00Z,205.0,15.0,14.6,14.0,0.4,0.4
5-10 дней,2026-08-11T05:01:49Z,2026-08-20T00:00:00Z,211.0,12.9,15.1,12.5,-2.2,2.2
5-10 дней,2026-08-11T05:01:49Z,2026-08-20T06:00:00Z,217.0,15.8,15.0,14.3,0.8,0.8
5-10 дней,2026-08-11T05:01:49Z,2026-08-20T12:00:00Z,223.0,17.6,16.7,19.6,0.9,0.9
5-10 дней,2026-08-11T10:38:45Z,2026-08-16T12:00:00Z,121.4,18.6,16.0,13.4,2.6,2.6
5-10 дней,2026-08-11T10:38:45Z,2026-08-16T18:00:00Z,127.4,14.3,11.2,12.2,3.1,3.1
5-10 дней,2026-08-11T10:38:45Z,2026-08-17T00:00:00Z,133.4,11.8,9.3,10.8,2.5,2.5
5-10 дней,2026-08-11T10:38:45Z,2026-08-17T06:00:00Z,139.4,14.1,15.0,12.3,-0.9,0.9
5-10 дней,2026-08-11T10:38:45Z,2026-08-17T12:00:00Z,145.4,17.6,19.5,16.0,-1.9,1.9
5-10 дней,2026-08-11T10:38:45Z,2026-08-17T18:00:00Z,151.4,15.5,14.5,11.2,1.0,1.0
5-10 дней,2026-08-11T10:38:45Z,2026-08-18T00:00:00Z,157.4,14.0,13.0,9.3,1.0,1.0
5-10 дней,2026-08-11T10:38:45Z,2026-08-18T06:00:00Z,163.4,14.4,15.4,15.0,-1.0,1.0
5-10 дней,2026-08-11T10:38:45Z,2026-08-18T12:00:00Z,169.4,17.2,18.5,19.5,-1.3,1.3
5-10 дней,2026-08-11T10:38:45Z,2026-08-18T18:00:00Z,175.4,15.2,14.0,14.5,1.2,1.2
5-10 дней,2026-08-11T10:38:45Z,2026-08-19T00:00:00Z,181.4,14.0,12.5,13.0,1.5,1.5
5-10 дней,2026-08-11T10:38:45Z,2026-08-19T06:00:00Z,187.4,15.8,14.3,15.4,1.5,1.5
5-10 дней,2026-08-11T10:38:45Z,2026-08-19T12:00:00Z,193.4,16.9,19.6,18.5,-2.7,2.7
5-10 дней,2026-08-11T10:38:45Z,2026-08-19T18:00:00Z,199.4,15.0,14.6,14.0,0.4,0.4
5-10 дней,2026-08-11T10:38:45Z,2026-08-20T00:00:00Z,205.4,12.9,15.1,12.5,-2.2,2.2
5-10 дней,2026-08-11T10:38:45Z,2026-08-20T06:00:00Z,211.4,15.8,15.0,14.3,0.8,0.8
5-10 дней,2026-08-11T10:38:45Z,2026-08-20T12:00:00Z,217.4,17.6,16.7,19.6,0.9,0.9
5-10 дней,2026-08-12T06:05:22Z,2026-08-17T12:00:00Z,125.9,20.7,19.5,16.0,1.2,1.2
5-10 дней,2026-08-12T06:05:22Z,2026-08-17T18:00:00Z,131.9,15.6,14.5,11.2,1.1,1.1
5-10 дней,2026-08-12T06:05:22Z,2026-08-18T00:00:00Z,137.9,14.7,13.0,9.3,1.7,1.7
5-10 дней,2026-08-12T06:05:22Z,2026-08-18T06:00:00Z,143.9,17.8,15.4,15.0,2.4,2.4
5-10 дней,2026-08-12T06:05:22Z,2026-08-18T12:00:00Z,149.9,20.0,18.5,19.5,1.5,1.5
5-10 дней,2026-08-12T06:05:22Z,2026-08-18T18:00:00Z,155.9,14.5,14.0,14.5,0.5,0.5
5-10 дней,2026-08-12T06:05:22Z,2026-08-19T00:00:00Z,161.9,13.1,12.5,13.0,0.6,0.6
5-10 дней,2026-08-12T06:05:22Z,2026-08-19T06:00:00Z,167.9,16.4,14.3,15.4,2.1,2.1
5-10 дней,2026-08-12T06:05:22Z,2026-08-19T12:00:00Z,173.9,19.3,19.6,18.5,-0.3,0.3
5-10 дней,2026-08-12T06:05:22Z,2026-08-19T18:00:00Z,179.9,12.8,14.6,14.0,-1.8,1.8
5-10 дней,2026-08-12T06:05:22Z,2026-08-20T00:00:00Z,185.9,11.4,15.1,12.5,-3.7,3.7
5-10 дней,2026-08-12T06:05:22Z,2026-08-20T06:00:00Z,191.9,12.3,15.0,14.3,-2.7,2.7
5-10 дней,2026-08-12T06:05:22Z,2026-08-20T12:00:00Z,197.9,13.3,16.7,19.6,-3.4,3.4
5-10 дней,2026-08-12T06:05:22Z,2026-08-20T18:00:00Z,203.9,11.6,13.8,14.6,-2.2,2.2
5-10 дней,2026-08-12T06:05:22Z,2026-08-21T00:00:00Z,209.9,9.8,13.1,15.1,-3.3,3.3
5-10 дней,2026-08-12T06:05:22Z,2026-08-21T06:00:00Z,215.9,13.2,15.9,15.0,-2.7,2.7
5-10 дней,2026-08-12T06:05:22Z,2026-08-21T12:00:00Z,221.9,15.1,18.3,16.7,-3.2,3.2
5-10 дней,2026-08-12T10:47:03Z,2026-08-17T12:00:00Z,121.2,20.7,19.5,16.0,1.2,1.2
5-10 дней,2026-08-12T10:47:03Z,2026-08-17T18:00:00Z,127.2,15.6,14.5,11.2,1.1,1.1
5-10 дней,2026-08-12T10:47:03Z,2026-08-18T00:00:00Z,133.2,14.7,13.0,9.3,1.7,1.7
5-10 дней,2026-08-12T10:47:03Z,2026-08-18T06:00:00Z,139.2,17.8,15.4,15.0,2.4,2.4
5-10 дней,2026-08-12T10:47:03Z,2026-08-18T12:00:00Z,145.2,20.0,18.5,19.5,1.5,1.5
5-10 дней,2026-08-12T10:47:03Z,2026-08-18T18:00:00Z,151.2,14.5,14.0,14.5,0.5,0.5
5-10 дней,2026-08-12T10:47:03Z,2026-08-19T00:00:00Z,157.2,13.1,12.5,13.0,0.6,0.6
5-10 дней,2026-08-12T10:47:03Z,2026-08-19T06:00:00Z,163.2,16.4,14.3,15.4,2.1,2.1
5-10 дней,2026-08-12T10:47:03Z,2026-08-19T12:00:00Z,169.2,19.3,19.6,18.5,-0.3,0.3
5-10 дней,2026-08-12T10:47:03Z,2026-08-19T18:00:00Z,175.2,12.8,14.6,14.0,-1.8,1.8
5-10 дней,2026-08-12T10:47:03Z,2026-08-20T00:00:00Z,181.2,11.4,15.1,12.5,-3.7,3.7
5-10 дней,2026-08-12T10:47:03Z,2026-08-20T06:00:00Z,187.2,12.3,15.0,14.3,-2.7,2.7
5-10 дней,2026-08-12T10:47:03Z,2026-08-20T12:00:00Z,193.2,13.3,16.7,19.6,-3.4,3.4
5-10 дней,2026-08-12T10:47:03Z,2026-08-20T18:00:00Z,199.2,11.6,13.8,14.6,-2.2,2.2
5-10 дней,2026-08-12T10:47:03Z,2026-08-21T00:00:00Z,205.2,9.8,13.1,15.1,-3.3,3.3
5-10 дней,2026-08-12T10:47:03Z,2026-08-21T06:00:00Z,211.2,13.2,15.9,15.0,-2.7,2.7
5-10 дней,2026-08-12T10:47:03Z,2026-08-21T12:00:00Z,217.2,15.1,18.3,16.7,-3.2,3.2
5-10 дней,2026-08-12T16:54:57Z,2026-08-17T18:00:00Z,121.1,16.5,14.5,11.2,2.0,2.0
5-10 дней,2026-08-12T16:54:57Z,2026-08-18T00:00:00Z,127.1,14.0,13.0,9.3,1.0,1.0
5-10 дней,2026-08-12T16:54:57Z,2026-08-18T06:00:00Z,133.1,13.4,15.4,15.0,-2.0,2.0
5-10 дней,2026-08-12T16:54:57Z,2026-08-18T12:00:00Z,139.1,17.5,18.5,19.5,-1.0,1.0
5-10 дней,2026-08-12T16:54:57Z,2026-08-18T18:00:00Z,145.1,14.2,14.0,14.5,0.2,0.2
5-10 дней,2026-08-12T16:54:57Z,2026-08-19T00:00:00Z,151.1,12.3,12.5,13.0,-0.2,0.2
5-10 дней,2026-08-12T16:54:57Z,2026-08-19T06:00:00Z,157.1,16.1,14.3,15.4,1.8,1.8
5-10 дней,2026-08-12T16:54:57Z,2026-08-19T12:00:00Z,163.1,19.3,19.6,18.5,-0.3,0.3
5-10 дней,2026-08-12T16:54:57Z,2026-08-19T18:00:00Z,169.1,12.8,14.6,14.0,-1.8,1.8
5-10 дней,2026-08-12T16:54:57Z,2026-08-20T00:00:00Z,175.1,10.6,15.1,12.5,-4.5,4.5
5-10 дней,2026-08-12T16:54:57Z,2026-08-20T06:00:00Z,181.1,15.2,15.0,14.3,0.2,0.2
5-10 дней,2026-08-12T16:54:57Z,2026-08-20T12:00:00Z,187.1,15.4,16.7,19.6,-1.3,1.3
5-10 дней,2026-08-12T16:54:57Z,2026-08-20T18:00:00Z,193.1,14.4,13.8,14.6,0.6,0.6
5-10 дней,2026-08-12T16:54:57Z,2026-08-21T00:00:00Z,199.1,12.9,13.1,15.1,-0.2,0.2
5-10 дней,2026-08-12T16:54:57Z,2026-08-21T06:00:00Z,205.1,12.1,15.9,15.0,-3.8,3.8
5-10 дней,2026-08-12T16:54:57Z,2026-08-21T12:00:00Z,211.1,12.4,18.3,16.7,-5.9,5.9
5-10 дней,2026-08-12T16:54:57Z,2026-08-21T18:00:00Z,217.1,11.5,14.0,13.8,-2.5,2.5
5-10 дней,2026-08-12T16:54:57Z,2026-08-22T00:00:00Z,223.1,10.3,13.5,13.1,-3.2,3.2
5-10 дней,2026-08-12T22:50:47Z,2026-08-18T00:00:00Z,121.2,14.0,13.0,9.3,1.0,1.0
5-10 дней,2026-08-12T22:50:47Z,2026-08-18T06:00:00Z,127.2,13.4,15.4,15.0,-2.0,2.0
5-10 дней,2026-08-12T22:50:47Z,2026-08-18T12:00:00Z,133.2,17.5,18.5,19.5,-1.0,1.0
5-10 дней,2026-08-12T22:50:47Z,2026-08-18T18:00:00Z,139.2,14.2,14.0,14.5,0.2,0.2
5-10 дней,2026-08-12T22:50:47Z,2026-08-19T00:00:00Z,145.2,12.3,12.5,13.0,-0.2,0.2
5-10 дней,2026-08-12T22:50:47Z,2026-08-19T06:00:00Z,151.2,16.1,14.3,15.4,1.8,1.8
5-10 дней,2026-08-12T22:50:47Z,2026-08-19T12:00:00Z,157.2,19.3,19.6,18.5,-0.3,0.3
5-10 дней,2026-08-12T22:50:47Z,2026-08-19T18:00:00Z,163.2,12.8,14.6,14.0,-1.8,1.8
5-10 дней,2026-08-12T22:50:47Z,2026-08-20T00:00:00Z,169.2,10.6,15.1,12.5,-4.5,4.5
5-10 дней,2026-08-12T22:50:47Z,2026-08-20T06:00:00Z,175.2,15.2,15.0,14.3,0.2,0.2
5-10 дней,2026-08-12T22:50:47Z,2026-08-20T12:00:00Z,181.2,15.4,16.7,19.6,-1.3,1.3
5-10 дней,2026-08-12T22:50:47Z,2026-08-20T18:00:00Z,187.2,14.4,13.8,14.6,0.6,0.6
5-10 дней,2026-08-12T22:50:47Z,2026-08-21T00:00:00Z,193.2,12.9,13.1,15.1,-0.2,0.2
5-10 дней,2026-08-12T22:50:47Z,2026-08-21T06:00:00Z,199.2,12.1,15.9,15.0,-3.8,3.8
5-10 дней,2026-08-12T22:50:47Z,2026-08-21T12:00:00Z,205.2,12.4,18.3,16.7,-5.9,5.9
5-10 дней,2026-08-12T22:50:47Z,2026-08-21T18:00:00Z,211.2,11.5,14.0,13.8,-2.5,2.5
5-10 дней,2026-08-12T22:50:47Z,2026-08-22T00:00:00Z,217.2,10.3,13.5,13.1,-3.2,3.2
5-10 дней,2026-08-13T05:30:08Z,2026-08-18T06:00:00Z,120.5,15.3,15.4,15.0,-0.1,0.1
5-10 дней,2026-08-13T05:30:08Z,2026-08-18T12:00:00Z,126.5,19.7,18.5,19.5,1.2,1.2
5-10 дней,2026-08-13T05:30:08Z,2026-08-18T18:00:00Z,132.5,14.2,14.0,14.5,0.2,0.2
5-10 дней,2026-08-13T05:30:08Z,2026-08-19T00:00:00Z,138.5,11.2,12.5,13.0,-1.3,1.3
5-10 дней,2026-08-13T05:30:08Z,2026-08-19T06:00:00Z,144.5,15.7,14.3,15.4,1.4,1.4
5-10 дней,2026-08-13T05:30:08Z,2026-08-19T12:00:00Z,150.5,19.8,19.6,18.5,0.2,0.2
5-10 дней,2026-08-13T05:30:08Z,2026-08-19T18:00:00Z,156.5,15.5,14.6,14.0,0.9,0.9
5-10 дней,2026-08-13T05:30:08Z,2026-08-20T00:00:00Z,162.5,12.0,15.1,12.5,-3.1,3.1
5-10 дней,2026-08-13T05:30:08Z,2026-08-20T06:00:00Z,168.5,16.3,15.0,14.3,1.3,1.3
5-10 дней,2026-08-13T05:30:08Z,2026-08-20T12:00:00Z,174.5,19.4,16.7,19.6,2.7,2.7
5-10 дней,2026-08-13T05:30:08Z,2026-08-20T18:00:00Z,180.5,16.6,13.8,14.6,2.8,2.8
5-10 дней,2026-08-13T05:30:08Z,2026-08-21T00:00:00Z,186.5,12.6,13.1,15.1,-0.5,0.5
5-10 дней,2026-08-13T05:30:08Z,2026-08-21T06:00:00Z,192.5,16.8,15.9,15.0,0.9,0.9
5-10 дней,2026-08-13T05:30:08Z,2026-08-21T12:00:00Z,198.5,21.0,18.3,16.7,2.7,2.7
5-10 дней,2026-08-13T05:30:08Z,2026-08-21T18:00:00Z,204.5,15.6,14.0,13.8,1.6,1.6
5-10 дней,2026-08-13T05:30:08Z,2026-08-22T00:00:00Z,210.5,12.8,13.5,13.1,-0.7,0.7
5-10 дней,2026-08-13T05:30:08Z,2026-08-22T06:00:00Z,216.5,15.4,15.4,15.9,0.0,0.0
5-10 дней,2026-08-13T05:30:08Z,2026-08-22T12:00:00Z,222.5,20.4,18.2,18.3,2.2,2.2
5-10 дней,2026-08-13T10:49:01Z,2026-08-18T12:00:00Z,121.2,19.7,18.5,19.5,1.2,1.2
5-10 дней,2026-08-13T10:49:01Z,2026-08-18T18:00:00Z,127.2,14.2,14.0,14.5,0.2,0.2
5-10 дней,2026-08-13T10:49:01Z,2026-08-19T00:00:00Z,133.2,11.2,12.5,13.0,-1.3,1.3
5-10 дней,2026-08-13T10:49:01Z,2026-08-19T06:00:00Z,139.2,15.7,14.3,15.4,1.4,1.4
5-10 дней,2026-08-13T10:49:01Z,2026-08-19T12:00:00Z,145.2,19.8,19.6,18.5,0.2,0.2
5-10 дней,2026-08-13T10:49:01Z,2026-08-19T18:00:00Z,151.2,15.5,14.6,14.0,0.9,0.9
5-10 дней,2026-08-13T10:49:01Z,2026-08-20T00:00:00Z,157.2,12.0,15.1,12.5,-3.1,3.1
5-10 дней,2026-08-13T10:49:01Z,2026-08-20T06:00:00Z,163.2,16.3,15.0,14.3,1.3,1.3
5-10 дней,2026-08-13T10:49:01Z,2026-08-20T12:00:00Z,169.2,19.4,16.7,19.6,2.7,2.7
5-10 дней,2026-08-13T10:49:01Z,2026-08-20T18:00:00Z,175.2,16.6,13.8,14.6,2.8,2.8
5-10 дней,2026-08-13T10:49:01Z,2026-08-21T00:00:00Z,181.2,12.6,13.1,15.1,-0.5,0.5
5-10 дней,2026-08-13T10:49:01Z,2026-08-21T06:00:00Z,187.2,16.8,15.9,15.0,0.9,0.9
5-10 дней,2026-08-13T10:49:01Z,2026-08-21T12:00:00Z,193.2,21.0,18.3,16.7,2.7,2.7
5-10 дней,2026-08-13T10:49:01Z,2026-08-21T18:00:00Z,199.2,15.6,14.0,13.8,1.6,1.6
5-10 дней,2026-08-13T10:49:01Z,2026-08-22T00:00:00Z,205.2,12.8,13.5,13.1,-0.7,0.7
5-10 дней,2026-08-13T10:49:01Z,2026-08-22T06:00:00Z,211.2,15.4,15.4,15.9,0.0,0.0
5-10 дней,2026-08-13T10:49:01Z,2026-08-22T12:00:00Z,217.2,20.4,18.2,18.3,2.2,2.2
5-10 дней,2026-08-13T16:36:10Z,2026-08-18T18:00:00Z,121.4,14.1,14.0,14.5,0.1,0.1
5-10 дней,2026-08-13T16:36:10Z,2026-08-19T00:00:00Z,127.4,11.9,12.5,13.0,-0.6,0.6
5-10 дней,2026-08-13T16:36:10Z,2026-08-19T06:00:00Z,133.4,16.7,14.3,15.4,2.4,2.4
5-10 дней,2026-08-13T16:36:10Z,2026-08-19T12:00:00Z,139.4,19.4,19.6,18.5,-0.2,0.2
5-10 дней,2026-08-13T16:36:10Z,2026-08-19T18:00:00Z,145.4,15.9,14.6,14.0,1.3,1.3
5-10 дней,2026-08-13T16:36:10Z,2026-08-20T00:00:00Z,151.4,12.6,15.1,12.5,-2.5,2.5
5-10 дней,2026-08-13T16:36:10Z,2026-08-20T06:00:00Z,157.4,16.0,15.0,14.3,1.0,1.0
5-10 дней,2026-08-13T16:36:10Z,2026-08-20T12:00:00Z,163.4,19.3,16.7,19.6,2.6,2.6
5-10 дней,2026-08-13T16:36:10Z,2026-08-20T18:00:00Z,169.4,15.4,13.8,14.6,1.6,1.6
5-10 дней,2026-08-13T16:36:10Z,2026-08-21T00:00:00Z,175.4,12.2,13.1,15.1,-0.9,0.9
5-10 дней,2026-08-13T16:36:10Z,2026-08-21T06:00:00Z,181.4,15.8,15.9,15.0,-0.1,0.1
5-10 дней,2026-08-13T16:36:10Z,2026-08-21T12:00:00Z,187.4,19.3,18.3,16.7,1.0,1.0
5-10 дней,2026-08-13T16:36:10Z,2026-08-21T18:00:00Z,193.4,14.4,14.0,13.8,0.4,0.4
5-10 дней,2026-08-13T16:36:10Z,2026-08-22T00:00:00Z,199.4,10.7,13.5,13.1,-2.8,2.8
5-10 дней,2026-08-13T16:36:10Z,2026-08-22T06:00:00Z,205.4,16.5,15.4,15.9,1.1,1.1
5-10 дней,2026-08-13T16:36:10Z,2026-08-22T12:00:00Z,211.4,20.5,18.2,18.3,2.3,2.3
5-10 дней,2026-08-13T16:36:10Z,2026-08-22T18:00:00Z,217.4,14.6,12.5,14.0,2.1,2.1
5-10 дней,2026-08-13T16:36:10Z,2026-08-23T00:00:00Z,223.4,11.0,10.8,13.5,0.2,0.2
5-10 дней,2026-08-13T16:42:24Z,2026-08-18T18:00:00Z,121.3,14.1,14.0,14.5,0.1,0.1
5-10 дней,2026-08-13T16:42:24Z,2026-08-19T00:00:00Z,127.3,11.9,12.5,13.0,-0.6,0.6
5-10 дней,2026-08-13T16:42:24Z,2026-08-19T06:00:00Z,133.3,16.7,14.3,15.4,2.4,2.4
5-10 дней,2026-08-13T16:42:24Z,2026-08-19T12:00:00Z,139.3,19.4,19.6,18.5,-0.2,0.2
5-10 дней,2026-08-13T16:42:24Z,2026-08-19T18:00:00Z,145.3,15.9,14.6,14.0,1.3,1.3
5-10 дней,2026-08-13T16:42:24Z,2026-08-20T00:00:00Z,151.3,12.6,15.1,12.5,-2.5,2.5
5-10 дней,2026-08-13T16:42:24Z,2026-08-20T06:00:00Z,157.3,16.0,15.0,14.3,1.0,1.0
5-10 дней,2026-08-13T16:42:24Z,2026-08-20T12:00:00Z,163.3,19.3,16.7,19.6,2.6,2.6
5-10 дней,2026-08-13T16:42:24Z,2026-08-20T18:00:00Z,169.3,15.4,13.8,14.6,1.6,1.6
5-10 дней,2026-08-13T16:42:24Z,2026-08-21T00:00:00Z,175.3,12.2,13.1,15.1,-0.9,0.9
5-10 дней,2026-08-13T16:42:24Z,2026-08-21T06:00:00Z,181.3,15.8,15.9,15.0,-0.1,0.1
5-10 дней,2026-08-13T16:42:24Z,2026-08-21T12:00:00Z,187.3,19.3,18.3,16.7,1.0,1.0
5-10 дней,2026-08-13T16:42:24Z,2026-08-21T18:00:00Z,193.3,14.4,14.0,13.8,0.4,0.4
5-10 дней,2026-08-13T16:42:24Z,2026-08-22T00:00:00Z,199.3,10.7,13.5,13.1,-2.8,2.8
5-10 дней,2026-08-13T16:42:24Z,2026-08-22T06:00:00Z,205.3,16.5,15.4,15.9,1.1,1.1
5-10 дней,2026-08-13T16:42:24Z,2026-08-22T12:00:00Z,211.3,20.5,18.2,18.3,2.3,2.3
5-10 дней,2026-08-13T16:42:24Z,2026-08-22T18:00:00Z,217.3,14.6,12.5,14.0,2.1,2.1
5-10 дней,2026-08-13T16:42:24Z,2026-08-23T00:00:00Z,223.3,11.0,10.8,13.5,0.2,0.2
5-10 дней,2026-08-13T16:54:22Z,2026-08-18T18:00:00Z,121.1,14.1,14.0,14.5,0.1,0.1
5-10 дней,2026-08-13T16:54:22Z,2026-08-19T00:00:00Z,127.1,11.9,12.5,13.0,-0.6,0.6
5-10 дней,2026-08-13T16:54:22Z,2026-08-19T06:00:00Z,133.1,16.7,14.3,15.4,2.4,2.4
5-10 дней,2026-08-13T16:54:22Z,2026-08-19T12:00:00Z,139.1,19.4,19.6,18.5,-0.2,0.2
5-10 дней,2026-08-13T16:54:22Z,2026-08-19T18:00:00Z,145.1,15.9,14.6,14.0,1.3,1.3
5-10 дней,2026-08-13T16:54:22Z,2026-08-20T00:00:00Z,151.1,12.6,15.1,12.5,-2.5,2.5
5-10 дней,2026-08-13T16:54:22Z,2026-08-20T06:00:00Z,157.1,16.0,15.0,14.3,1.0,1.0
5-10 дней,2026-08-13T16:54:22Z,2026-08-20T12:00:00Z,163.1,19.3,16.7,19.6,2.6,2.6
5-10 дней,2026-08-13T16:54:22Z,2026-08-20T18:00:00Z,169.1,15.4,13.8,14.6,1.6,1.6
5-10 дней,2026-08-13T16:54:22Z,2026-08-21T00:00:00Z,175.1,12.2,13.1,15.1,-0.9,0.9
5-10 дней,2026-08-13T16:54:22Z,2026-08-21T06:00:00Z,181.1,15.8,15.9,15.0,-0.1,0.1
5-10 дней,2026-08-13T16:54:22Z,2026-08-21T12:00:00Z,187.1,19.3,18.3,16.7,1.0,1.0
5-10 дней,2026-08-13T16:54:22Z,2026-08-21T18:00:00Z,193.1,14.4,14.0,13.8,0.4,0.4
5-10 дней,2026-08-13T16:54:22Z,2026-08-22T00:00:00Z,199.1,10.7,13.5,13.1,-2.8,2.8
5-10 дней,2026-08-13T16:54:22Z,2026-08-22T06:00:00Z,205.1,16.5,15.4,15.9,1.1,1.1
5-10 дней,2026-08-13T16:54:22Z,2026-08-22T12:00:00Z,211.1,20.5,18.2,18.3,2.3,2.3
5-10 дней,2026-08-13T16:54:22Z,2026-08-22T18:00:00Z,217.1,14.6,12.5,14.0,2.1,2.1
5-10 дней,2026-08-13T16:54:22Z,2026-08-23T00:00:00Z,223.1,11.0,10.8,13.5,0.2,0.2
5-10 дней,2026-08-13T22:52:17Z,2026-08-19T00:00:00Z,121.1,11.9,12.5,13.0,-0.6,0.6
5-10 дней,2026-08-13T22:52:17Z,2026-08-19T06:00:00Z,127.1,16.7,14.3,15.4,2.4,2.4
5-10 дней,2026-08-13T22:52:17Z,2026-08-19T12:00:00Z,133.1,19.4,19.6,18.5,-0.2,0.2
5-10 дней,2026-08-13T22:52:17Z,2026-08-19T18:00:00Z,139.1,15.9,14.6,14.0,1.3,1.3
5-10 дней,2026-08-13T22:52:17Z,2026-08-20T00:00:00Z,145.1,12.6,15.1,12.5,-2.5,2.5
5-10 дней,2026-08-13T22:52:17Z,2026-08-20T06:00:00Z,151.1,16.0,15.0,14.3,1.0,1.0
5-10 дней,2026-08-13T22:52:17Z,2026-08-20T12:00:00Z,157.1,19.3,16.7,19.6,2.6,2.6
5-10 дней,2026-08-13T22:52:17Z,2026-08-20T18:00:00Z,163.1,15.4,13.8,14.6,1.6,1.6
5-10 дней,2026-08-13T22:52:17Z,2026-08-21T00:00:00Z,169.1,12.2,13.1,15.1,-0.9,0.9
5-10 дней,2026-08-13T22:52:17Z,2026-08-21T06:00:00Z,175.1,15.8,15.9,15.0,-0.1,0.1
5-10 дней,2026-08-13T22:52:17Z,2026-08-21T12:00:00Z,181.1,19.3,18.3,16.7,1.0,1.0
5-10 дней,2026-08-13T22:52:17Z,2026-08-21T18:00:00Z,187.1,14.4,14.0,13.8,0.4,0.4
5-10 дней,2026-08-13T22:52:17Z,2026-08-22T00:00:00Z,193.1,10.7,13.5,13.1,-2.8,2.8
5-10 дней,2026-08-13T22:52:17Z,2026-08-22T06:00:00Z,199.1,16.5,15.4,15.9,1.1,1.1
5-10 дней,2026-08-13T22:52:17Z,2026-08-22T12:00:00Z,205.1,20.5,18.2,18.3,2.3,2.3
5-10 дней,2026-08-13T22:52:17Z,2026-08-22T18:00:00Z,211.1,14.6,12.5,14.0,2.1,2.1
5-10 дней,2026-08-13T22:52:17Z,2026-08-23T00:00:00Z,217.1,11.0,10.8,13.5,0.2,0.2
5-10 дней,2026-08-14T05:28:14Z,2026-08-19T06:00:00Z,120.5,17.9,14.3,15.4,3.6,3.6
5-10 дней,2026-08-14T05:28:14Z,2026-08-19T12:00:00Z,126.5,21.0,19.6,18.5,1.4,1.4
5-10 дней,2026-08-14T05:28:14Z,2026-08-19T18:00:00Z,132.5,16.4,14.6,14.0,1.8,1.8
5-10 дней,2026-08-14T05:28:14Z,2026-08-20T00:00:00Z,138.5,14.2,15.1,12.5,-0.9,0.9
5-10 дней,2026-08-14T05:28:14Z,2026-08-20T06:00:00Z,144.5,16.6,15.0,14.3,1.6,1.6
5-10 дней,2026-08-14T05:28:14Z,2026-08-20T12:00:00Z,150.5,19.2,16.7,19.6,2.5,2.5
5-10 дней,2026-08-14T05:28:14Z,2026-08-20T18:00:00Z,156.5,14.8,13.8,14.6,1.0,1.0
5-10 дней,2026-08-14T05:28:14Z,2026-08-21T00:00:00Z,162.5,12.2,13.1,15.1,-0.9,0.9
5-10 дней,2026-08-14T05:28:14Z,2026-08-21T06:00:00Z,168.5,16.4,15.9,15.0,0.5,0.5
5-10 дней,2026-08-14T05:28:14Z,2026-08-21T12:00:00Z,174.5,19.1,18.3,16.7,0.8,0.8
5-10 дней,2026-08-14T05:28:14Z,2026-08-21T18:00:00Z,180.5,14.9,14.0,13.8,0.9,0.9
5-10 дней,2026-08-14T05:28:14Z,2026-08-22T00:00:00Z,186.5,15.0,13.5,13.1,1.5,1.5
5-10 дней,2026-08-14T05:28:14Z,2026-08-22T06:00:00Z,192.5,15.5,15.4,15.9,0.1,0.1
5-10 дней,2026-08-14T05:28:14Z,2026-08-22T12:00:00Z,198.5,19.3,18.2,18.3,1.1,1.1
5-10 дней,2026-08-14T05:28:14Z,2026-08-22T18:00:00Z,204.5,17.1,12.5,14.0,4.6,4.6
5-10 дней,2026-08-14T05:28:14Z,2026-08-23T00:00:00Z,210.5,15.0,10.8,13.5,4.2,4.2
5-10 дней,2026-08-14T05:28:14Z,2026-08-23T06:00:00Z,216.5,18.8,15.3,15.4,3.5,3.5
5-10 дней,2026-08-14T05:28:14Z,2026-08-23T12:00:00Z,222.5,22.5,15.9,18.2,6.6,6.6
5-10 дней,2026-08-14T10:44:54Z,2026-08-19T12:00:00Z,121.3,21.0,19.6,18.5,1.4,1.4
5-10 дней,2026-08-14T10:44:54Z,2026-08-19T18:00:00Z,127.3,16.4,14.6,14.0,1.8,1.8
5-10 дней,2026-08-14T10:44:54Z,2026-08-20T00:00:00Z,133.3,14.2,15.1,12.5,-0.9,0.9
5-10 дней,2026-08-14T10:44:54Z,2026-08-20T06:00:00Z,139.3,16.6,15.0,14.3,1.6,1.6
5-10 дней,2026-08-14T10:44:54Z,2026-08-20T12:00:00Z,145.3,19.2,16.7,19.6,2.5,2.5
5-10 дней,2026-08-14T10:44:54Z,2026-08-20T18:00:00Z,151.3,14.8,13.8,14.6,1.0,1.0
5-10 дней,2026-08-14T10:44:54Z,2026-08-21T00:00:00Z,157.3,12.2,13.1,15.1,-0.9,0.9
5-10 дней,2026-08-14T10:44:54Z,2026-08-21T06:00:00Z,163.3,16.4,15.9,15.0,0.5,0.5
5-10 дней,2026-08-14T10:44:54Z,2026-08-21T12:00:00Z,169.3,19.1,18.3,16.7,0.8,0.8
5-10 дней,2026-08-14T10:44:54Z,2026-08-21T18:00:00Z,175.3,14.9,14.0,13.8,0.9,0.9
5-10 дней,2026-08-14T10:44:54Z,2026-08-22T00:00:00Z,181.3,15.0,13.5,13.1,1.5,1.5
5-10 дней,2026-08-14T10:44:54Z,2026-08-22T06:00:00Z,187.3,15.5,15.4,15.9,0.1,0.1
5-10 дней,2026-08-14T10:44:54Z,2026-08-22T12:00:00Z,193.3,19.3,18.2,18.3,1.1,1.1
5-10 дней,2026-08-14T10:44:54Z,2026-08-22T18:00:00Z,199.3,17.1,12.5,14.0,4.6,4.6
5-10 дней,2026-08-14T10:44:54Z,2026-08-23T00:00:00Z,205.3,15.0,10.8,13.5,4.2,4.2
5-10 дней,2026-08-14T10:44:54Z,2026-08-23T06:00:00Z,211.3,18.8,15.3,15.4,3.5,3.5
5-10 дней,2026-08-14T10:44:54Z,2026-08-23T12:00:00Z,217.3,22.5,15.9,18.2,6.6,6.6
5-10 дней,2026-08-14T16:48:33Z,2026-08-19T18:00:00Z,121.2,16.8,14.6,14.0,2.2,2.2
5-10 дней,2026-08-14T16:48:33Z,2026-08-20T00:00:00Z,127.2,14.1,15.1,12.5,-1.0,1.0
5-10 дней,2026-08-14T16:48:33Z,2026-08-20T06:00:00Z,133.2,15.4,15.0,14.3,0.4,0.4
5-10 дней,2026-08-14T16:48:33Z,2026-08-20T12:00:00Z,139.2,15.3,16.7,19.6,-1.4,1.4
5-10 дней,2026-08-14T16:48:33Z,2026-08-20T18:00:00Z,145.2,13.3,13.8,14.6,-0.5,0.5
5-10 дней,2026-08-14T16:48:33Z,2026-08-21T00:00:00Z,151.2,11.5,13.1,15.1,-1.6,1.6
5-10 дней,2026-08-14T16:48:33Z,2026-08-21T06:00:00Z,157.2,13.7,15.9,15.0,-2.2,2.2
5-10 дней,2026-08-14T16:48:33Z,2026-08-21T12:00:00Z,163.2,16.8,18.3,16.7,-1.5,1.5
5-10 дней,2026-08-14T16:48:33Z,2026-08-21T18:00:00Z,169.2,13.5,14.0,13.8,-0.5,0.5
5-10 дней,2026-08-14T16:48:33Z,2026-08-22T00:00:00Z,175.2,12.3,13.5,13.1,-1.2,1.2
5-10 дней,2026-08-14T16:48:33Z,2026-08-22T06:00:00Z,181.2,14.3,15.4,15.9,-1.1,1.1
5-10 дней,2026-08-14T16:48:33Z,2026-08-22T12:00:00Z,187.2,17.7,18.2,18.3,-0.5,0.5
5-10 дней,2026-08-14T16:48:33Z,2026-08-22T18:00:00Z,193.2,13.3,12.5,14.0,0.8,0.8
5-10 дней,2026-08-14T16:48:33Z,2026-08-23T00:00:00Z,199.2,11.6,10.8,13.5,0.8,0.8
5-10 дней,2026-08-14T16:48:33Z,2026-08-23T06:00:00Z,205.2,16.4,15.3,15.4,1.1,1.1
5-10 дней,2026-08-14T16:48:33Z,2026-08-23T12:00:00Z,211.2,15.6,15.9,18.2,-0.3,0.3
5-10 дней,2026-08-14T16:48:33Z,2026-08-23T18:00:00Z,217.2,14.4,13.2,12.5,1.2,1.2
5-10 дней,2026-08-14T16:48:33Z,2026-08-24T00:00:00Z,223.2,11.7,13.8,10.8,-2.1,2.1
5-10 дней,2026-08-14T22:30:55Z,2026-08-20T00:00:00Z,121.5,14.1,15.1,12.5,-1.0,1.0
5-10 дней,2026-08-14T22:30:55Z,2026-08-20T06:00:00Z,127.5,15.4,15.0,14.3,0.4,0.4
5-10 дней,2026-08-14T22:30:55Z,2026-08-20T12:00:00Z,133.5,15.3,16.7,19.6,-1.4,1.4
5-10 дней,2026-08-14T22:30:55Z,2026-08-20T18:00:00Z,139.5,13.3,13.8,14.6,-0.5,0.5
5-10 дней,2026-08-14T22:30:55Z,2026-08-21T00:00:00Z,145.5,11.5,13.1,15.1,-1.6,1.6
5-10 дней,2026-08-14T22:30:55Z,2026-08-21T06:00:00Z,151.5,13.7,15.9,15.0,-2.2,2.2
5-10 дней,2026-08-14T22:30:55Z,2026-08-21T12:00:00Z,157.5,16.8,18.3,16.7,-1.5,1.5
5-10 дней,2026-08-14T22:30:55Z,2026-08-21T18:00:00Z,163.5,13.5,14.0,13.8,-0.5,0.5
5-10 дней,2026-08-14T22:30:55Z,2026-08-22T00:00:00Z,169.5,12.3,13.5,13.1,-1.2,1.2
5-10 дней,2026-08-14T22:30:55Z,2026-08-22T06:00:00Z,175.5,14.3,15.4,15.9,-1.1,1.1
5-10 дней,2026-08-14T22:30:55Z,2026-08-22T12:00:00Z,181.5,17.7,18.2,18.3,-0.5,0.5
5-10 дней,2026-08-14T22:30:55Z,2026-08-22T18:00:00Z,187.5,13.3,12.5,14.0,0.8,0.8
5-10 дней,2026-08-14T22:30:55Z,2026-08-23T00:00:00Z,193.5,11.6,10.8,13.5,0.8,0.8
5-10 дней,2026-08-14T22:30:55Z,2026-08-23T06:00:00Z,199.5,16.4,15.3,15.4,1.1,1.1
5-10 дней,2026-08-14T22:30:55Z,2026-08-23T12:00:00Z,205.5,15.6,15.9,18.2,-0.3,0.3
5-10 дней,2026-08-14T22:30:55Z,2026-08-23T18:00:00Z,211.5,14.4,13.2,12.5,1.2,1.2
5-10 дней,2026-08-14T22:30:55Z,2026-08-24T00:00:00Z,217.5,11.7,13.8,10.8,-2.1,2.1
5-10 дней,2026-08-15T04:24:15Z,2026-08-20T06:00:00Z,121.6,15.8,15.0,14.3,0.8,0.8
5-10 дней,2026-08-15T04:24:15Z,2026-08-20T12:00:00Z,127.6,19.1,16.7,19.6,2.4,2.4
5-10 дней,2026-08-15T04:24:15Z,2026-08-20T18:00:00Z,133.6,15.0,13.8,14.6,1.2,1.2
5-10 дней,2026-08-15T04:24:15Z,2026-08-21T00:00:00Z,139.6,11.9,13.1,15.1,-1.2,1.2
5-10 дней,2026-08-15T04:24:15Z,2026-08-21T06:00:00Z,145.6,14.3,15.9,15.0,-1.6,1.6
5-10 дней,2026-08-15T04:24:15Z,2026-08-21T12:00:00Z,151.6,16.1,18.3,16.7,-2.2,2.2
5-10 дней,2026-08-15T04:24:15Z,2026-08-21T18:00:00Z,157.6,13.3,14.0,13.8,-0.7,0.7
5-10 дней,2026-08-15T04:24:15Z,2026-08-22T00:00:00Z,163.6,12.5,13.5,13.1,-1.0,1.0
5-10 дней,2026-08-15T04:24:15Z,2026-08-22T06:00:00Z,169.6,13.3,15.4,15.9,-2.1,2.1
5-10 дней,2026-08-15T04:24:15Z,2026-08-22T12:00:00Z,175.6,14.0,18.2,18.3,-4.2,4.2
5-10 дней,2026-08-15T04:24:15Z,2026-08-22T18:00:00Z,181.6,12.9,12.5,14.0,0.4,0.4
5-10 дней,2026-08-15T04:24:15Z,2026-08-23T00:00:00Z,187.6,11.6,10.8,13.5,0.8,0.8
5-10 дней,2026-08-15T04:24:15Z,2026-08-23T06:00:00Z,193.6,12.7,15.3,15.4,-2.6,2.6
5-10 дней,2026-08-15T04:24:15Z,2026-08-23T12:00:00Z,199.6,15.5,15.9,18.2,-0.4,0.4
5-10 дней,2026-08-15T04:24:15Z,2026-08-23T18:00:00Z,205.6,13.1,13.2,12.5,-0.1,0.1
5-10 дней,2026-08-15T04:24:15Z,2026-08-24T00:00:00Z,211.6,10.3,13.8,10.8,-3.5,3.5
5-10 дней,2026-08-15T04:24:15Z,2026-08-24T06:00:00Z,217.6,14.0,14.4,15.3,-0.4,0.4
5-10 дней,2026-08-15T04:24:15Z,2026-08-24T12:00:00Z,223.6,15.5,17.8,15.9,-2.3,2.3
5-10 дней,2026-08-15T10:09:15Z,2026-08-20T12:00:00Z,121.8,19.1,16.7,19.6,2.4,2.4
5-10 дней,2026-08-15T10:09:15Z,2026-08-20T18:00:00Z,127.8,15.0,13.8,14.6,1.2,1.2
5-10 дней,2026-08-15T10:09:15Z,2026-08-21T00:00:00Z,133.8,11.9,13.1,15.1,-1.2,1.2
5-10 дней,2026-08-15T10:09:15Z,2026-08-21T06:00:00Z,139.8,14.3,15.9,15.0,-1.6,1.6
5-10 дней,2026-08-15T10:09:15Z,2026-08-21T12:00:00Z,145.8,16.1,18.3,16.7,-2.2,2.2
5-10 дней,2026-08-15T10:09:15Z,2026-08-21T18:00:00Z,151.8,13.3,14.0,13.8,-0.7,0.7
5-10 дней,2026-08-15T10:09:15Z,2026-08-22T00:00:00Z,157.8,12.5,13.5,13.1,-1.0,1.0
5-10 дней,2026-08-15T10:09:15Z,2026-08-22T06:00:00Z,163.8,13.3,15.4,15.9,-2.1,2.1
5-10 дней,2026-08-15T10:09:15Z,2026-08-22T12:00:00Z,169.8,14.0,18.2,18.3,-4.2,4.2
5-10 дней,2026-08-15T10:09:15Z,2026-08-22T18:00:00Z,175.8,12.9,12.5,14.0,0.4,0.4
5-10 дней,2026-08-15T10:09:15Z,2026-08-23T00:00:00Z,181.8,11.6,10.8,13.5,0.8,0.8
5-10 дней,2026-08-15T10:09:15Z,2026-08-23T06:00:00Z,187.8,12.7,15.3,15.4,-2.6,2.6
5-10 дней,2026-08-15T10:09:15Z,2026-08-23T12:00:00Z,193.8,15.5,15.9,18.2,-0.4,0.4
5-10 дней,2026-08-15T10:09:15Z,2026-08-23T18:00:00Z,199.8,13.1,13.2,12.5,-0.1,0.1
5-10 дней,2026-08-15T10:09:15Z,2026-08-24T00:00:00Z,205.8,10.3,13.8,10.8,-3.5,3.5
5-10 дней,2026-08-15T10:09:15Z,2026-08-24T06:00:00Z,211.8,14.0,14.4,15.3,-0.4,0.4
5-10 дней,2026-08-15T10:09:15Z,2026-08-24T12:00:00Z,217.8,15.5,17.8,15.9,-2.3,2.3
5-10 дней,2026-08-15T16:20:39Z,2026-08-20T18:00:00Z,121.7,14.1,13.8,14.6,0.3,0.3
5-10 дней,2026-08-15T16:20:39Z,2026-08-21T00:00:00Z,127.7,13.3,13.1,15.1,0.2,0.2
5-10 дней,2026-08-15T16:20:39Z,2026-08-21T06:00:00Z,133.7,14.9,15.9,15.0,-1.0,1.0
5-10 дней,2026-08-15T16:20:39Z,2026-08-21T12:00:00Z,139.7,19.4,18.3,16.7,1.1,1.1
5-10 дней,2026-08-15T16:20:39Z,2026-08-21T18:00:00Z,145.7,14.4,14.0,13.8,0.4,0.4
5-10 дней,2026-08-15T16:20:39Z,2026-08-22T00:00:00Z,151.7,12.3,13.5,13.1,-1.2,1.2
5-10 дней,2026-08-15T16:20:39Z,2026-08-22T06:00:00Z,157.7,14.5,15.4,15.9,-0.9,0.9
5-10 дней,2026-08-15T16:20:39Z,2026-08-22T12:00:00Z,163.7,18.9,18.2,18.3,0.7,0.7
5-10 дней,2026-08-15T16:20:39Z,2026-08-22T18:00:00Z,169.7,14.2,12.5,14.0,1.7,1.7
5-10 дней,2026-08-15T16:20:39Z,2026-08-23T00:00:00Z,175.7,12.2,10.8,13.5,1.4,1.4
5-10 дней,2026-08-15T16:20:39Z,2026-08-23T06:00:00Z,181.7,15.2,15.3,15.4,-0.1,0.1
5-10 дней,2026-08-15T16:20:39Z,2026-08-23T12:00:00Z,187.7,16.3,15.9,18.2,0.4,0.4
5-10 дней,2026-08-15T16:20:39Z,2026-08-23T18:00:00Z,193.7,13.8,13.2,12.5,0.6,0.6
5-10 дней,2026-08-15T16:20:39Z,2026-08-24T00:00:00Z,199.7,11.9,13.8,10.8,-1.9,1.9
5-10 дней,2026-08-15T16:20:39Z,2026-08-24T06:00:00Z,205.7,15.0,14.4,15.3,0.6,0.6
5-10 дней,2026-08-15T16:20:39Z,2026-08-24T12:00:00Z,211.7,17.6,17.8,15.9,-0.2,0.2
5-10 дней,2026-08-15T22:29:33Z,2026-08-21T00:00:00Z,121.5,13.3,13.1,15.1,0.2,0.2
5-10 дней,2026-08-15T22:29:33Z,2026-08-21T06:00:00Z,127.5,14.9,15.9,15.0,-1.0,1.0
5-10 дней,2026-08-15T22:29:33Z,2026-08-21T12:00:00Z,133.5,19.4,18.3,16.7,1.1,1.1
5-10 дней,2026-08-15T22:29:33Z,2026-08-21T18:00:00Z,139.5,14.4,14.0,13.8,0.4,0.4
5-10 дней,2026-08-15T22:29:33Z,2026-08-22T00:00:00Z,145.5,12.3,13.5,13.1,-1.2,1.2
5-10 дней,2026-08-15T22:29:33Z,2026-08-22T06:00:00Z,151.5,14.5,15.4,15.9,-0.9,0.9
5-10 дней,2026-08-15T22:29:33Z,2026-08-22T12:00:00Z,157.5,18.9,18.2,18.3,0.7,0.7
5-10 дней,2026-08-15T22:29:33Z,2026-08-22T18:00:00Z,163.5,14.2,12.5,14.0,1.7,1.7
5-10 дней,2026-08-15T22:29:33Z,2026-08-23T00:00:00Z,169.5,12.2,10.8,13.5,1.4,1.4
5-10 дней,2026-08-15T22:29:33Z,2026-08-23T06:00:00Z,175.5,15.2,15.3,15.4,-0.1,0.1
5-10 дней,2026-08-15T22:29:33Z,2026-08-23T12:00:00Z,181.5,16.3,15.9,18.2,0.4,0.4
5-10 дней,2026-08-15T22:29:33Z,2026-08-23T18:00:00Z,187.5,13.8,13.2,12.5,0.6,0.6
5-10 дней,2026-08-15T22:29:33Z,2026-08-24T00:00:00Z,193.5,11.9,13.8,10.8,-1.9,1.9
5-10 дней,2026-08-15T22:29:33Z,2026-08-24T06:00:00Z,199.5,15.0,14.4,15.3,0.6,0.6
5-10 дней,2026-08-15T22:29:33Z,2026-08-24T12:00:00Z,205.5,17.6,17.8,15.9,-0.2,0.2
5-10 дней,2026-08-16T04:29:41Z,2026-08-21T06:00:00Z,121.5,16.1,15.9,15.0,0.2,0.2
5-10 дней,2026-08-16T04:29:41Z,2026-08-21T12:00:00Z,127.5,19.7,18.3,16.7,1.4,1.4
5-10 дней,2026-08-16T04:29:41Z,2026-08-21T18:00:00Z,133.5,14.6,14.0,13.8,0.6,0.6
5-10 дней,2026-08-16T04:29:41Z,2026-08-22T00:00:00Z,139.5,11.4,13.5,13.1,-2.1,2.1
5-10 дней,2026-08-16T04:29:41Z,2026-08-22T06:00:00Z,145.5,17.1,15.4,15.9,1.7,1.7
5-10 дней,2026-08-16T04:29:41Z,2026-08-22T12:00:00Z,151.5,21.3,18.2,18.3,3.1,3.1
5-10 дней,2026-08-16T04:29:41Z,2026-08-22T18:00:00Z,157.5,16.0,12.5,14.0,3.5,3.5
5-10 дней,2026-08-16T04:29:41Z,2026-08-23T00:00:00Z,163.5,14.5,10.8,13.5,3.7,3.7
5-10 дней,2026-08-16T04:29:41Z,2026-08-23T06:00:00Z,169.5,14.5,15.3,15.4,-0.8,0.8
5-10 дней,2026-08-16T04:29:41Z,2026-08-23T12:00:00Z,175.5,17.7,15.9,18.2,1.8,1.8
5-10 дней,2026-08-16T04:29:41Z,2026-08-23T18:00:00Z,181.5,15.4,13.2,12.5,2.2,2.2
5-10 дней,2026-08-16T04:29:41Z,2026-08-24T00:00:00Z,187.5,14.2,13.8,10.8,0.4,0.4
5-10 дней,2026-08-16T04:29:41Z,2026-08-24T06:00:00Z,193.5,15.4,14.4,15.3,1.0,1.0
5-10 дней,2026-08-16T04:29:41Z,2026-08-24T12:00:00Z,199.5,15.8,17.8,15.9,-2.0,2.0
5-10 дней,2026-08-16T07:21:44Z,2026-08-21T12:00:00Z,124.6,19.7,18.3,16.7,1.4,1.4
5-10 дней,2026-08-16T07:21:44Z,2026-08-21T18:00:00Z,130.6,14.6,14.0,13.8,0.6,0.6
5-10 дней,2026-08-16T07:21:44Z,2026-08-22T00:00:00Z,136.6,11.4,13.5,13.1,-2.1,2.1
5-10 дней,2026-08-16T07:21:44Z,2026-08-22T06:00:00Z,142.6,17.1,15.4,15.9,1.7,1.7
5-10 дней,2026-08-16T07:21:44Z,2026-08-22T12:00:00Z,148.6,21.3,18.2,18.3,3.1,3.1
5-10 дней,2026-08-16T07:21:44Z,2026-08-22T18:00:00Z,154.6,16.0,12.5,14.0,3.5,3.5
5-10 дней,2026-08-16T07:21:44Z,2026-08-23T00:00:00Z,160.6,14.5,10.8,13.5,3.7,3.7
5-10 дней,2026-08-16T07:21:44Z,2026-08-23T06:00:00Z,166.6,14.5,15.3,15.4,-0.8,0.8
5-10 дней,2026-08-16T07:21:44Z,2026-08-23T12:00:00Z,172.6,17.7,15.9,18.2,1.8,1.8
5-10 дней,2026-08-16T07:21:44Z,2026-08-23T18:00:00Z,178.6,15.4,13.2,12.5,2.2,2.2
5-10 дней,2026-08-16T07:21:44Z,2026-08-24T00:00:00Z,184.6,14.2,13.8,10.8,0.4,0.4
5-10 дней,2026-08-16T07:21:44Z,2026-08-24T06:00:00Z,190.6,15.4,14.4,15.3,1.0,1.0
5-10 дней,2026-08-16T07:21:44Z,2026-08-24T12:00:00Z,196.6,15.8,17.8,15.9,-2.0,2.0
5-10 дней,2026-08-16T10:09:47Z,2026-08-21T12:00:00Z,121.8,19.7,18.3,16.7,1.4,1.4
5-10 дней,2026-08-16T10:09:47Z,2026-08-21T18:00:00Z,127.8,14.6,14.0,13.8,0.6,0.6
5-10 дней,2026-08-16T10:09:47Z,2026-08-22T00:00:00Z,133.8,11.4,13.5,13.1,-2.1,2.1
5-10 дней,2026-08-16T10:09:47Z,2026-08-22T06:00:00Z,139.8,17.1,15.4,15.9,1.7,1.7
5-10 дней,2026-08-16T10:09:47Z,2026-08-22T12:00:00Z,145.8,21.3,18.2,18.3,3.1,3.1
5-10 дней,2026-08-16T10:09:47Z,2026-08-22T18:00:00Z,151.8,16.0,12.5,14.0,3.5,3.5
5-10 дней,2026-08-16T10:09:47Z,2026-08-23T00:00:00Z,157.8,14.5,10.8,13.5,3.7,3.7
5-10 дней,2026-08-16T10:09:47Z,2026-08-23T06:00:00Z,163.8,14.5,15.3,15.4,-0.8,0.8
5-10 дней,2026-08-16T10:09:47Z,2026-08-23T12:00:00Z,169.8,17.7,15.9,18.2,1.8,1.8
5-10 дней,2026-08-16T10:09:47Z,2026-08-23T18:00:00Z,175.8,15.4,13.2,12.5,2.2,2.2
5-10 дней,2026-08-16T10:09:47Z,2026-08-24T00:00:00Z,181.8,14.2,13.8,10.8,0.4,0.4
5-10 дней,2026-08-16T10:09:47Z,2026-08-24T06:00:00Z,187.8,15.4,14.4,15.3,1.0,1.0
5-10 дней,2026-08-16T10:09:47Z,2026-08-24T12:00:00Z,193.8,15.8,17.8,15.9,-2.0,2.0
5-10 дней,2026-08-16T16:21:00Z,2026-08-21T18:00:00Z,121.7,14.1,14.0,13.8,0.1,0.1
5-10 дней,2026-08-16T16:21:00Z,2026-08-22T00:00:00Z,127.7,11.2,13.5,13.1,-2.3,2.3
5-10 дней,2026-08-16T16:21:00Z,2026-08-22T06:00:00Z,133.7,15.7,15.4,15.9,0.3,0.3
5-10 дней,2026-08-16T16:21:00Z,2026-08-22T12:00:00Z,139.7,19.3,18.2,18.3,1.1,1.1
5-10 дней,2026-08-16T16:21:00Z,2026-08-22T18:00:00Z,145.7,13.4,12.5,14.0,0.9,0.9
5-10 дней,2026-08-16T16:21:00Z,2026-08-23T00:00:00Z,151.7,10.7,10.8,13.5,-0.1,0.1
5-10 дней,2026-08-16T16:21:00Z,2026-08-23T06:00:00Z,157.7,13.5,15.3,15.4,-1.8,1.8
5-10 дней,2026-08-16T16:21:00Z,2026-08-23T12:00:00Z,163.7,14.0,15.9,18.2,-1.9,1.9
5-10 дней,2026-08-16T16:21:00Z,2026-08-23T18:00:00Z,169.7,11.6,13.2,12.5,-1.6,1.6
5-10 дней,2026-08-16T16:21:00Z,2026-08-24T00:00:00Z,175.7,11.1,13.8,10.8,-2.7,2.7
5-10 дней,2026-08-16T16:21:00Z,2026-08-24T06:00:00Z,181.7,11.6,14.4,15.3,-2.8,2.8
5-10 дней,2026-08-16T16:21:00Z,2026-08-24T12:00:00Z,187.7,13.7,17.8,15.9,-4.1,4.1
5-10 дней,2026-08-16T22:29:34Z,2026-08-22T00:00:00Z,121.5,11.2,13.5,13.1,-2.3,2.3
5-10 дней,2026-08-16T22:29:34Z,2026-08-22T06:00:00Z,127.5,15.7,15.4,15.9,0.3,0.3
5-10 дней,2026-08-16T22:29:34Z,2026-08-22T12:00:00Z,133.5,19.3,18.2,18.3,1.1,1.1
5-10 дней,2026-08-16T22:29:34Z,2026-08-22T18:00:00Z,139.5,13.4,12.5,14.0,0.9,0.9
5-10 дней,2026-08-16T22:29:34Z,2026-08-23T00:00:00Z,145.5,10.7,10.8,13.5,-0.1,0.1
5-10 дней,2026-08-16T22:29:34Z,2026-08-23T06:00:00Z,151.5,13.5,15.3,15.4,-1.8,1.8
5-10 дней,2026-08-16T22:29:34Z,2026-08-23T12:00:00Z,157.5,14.0,15.9,18.2,-1.9,1.9
5-10 дней,2026-08-16T22:29:34Z,2026-08-23T18:00:00Z,163.5,11.6,13.2,12.5,-1.6,1.6
5-10 дней,2026-08-16T22:29:34Z,2026-08-24T00:00:00Z,169.5,11.1,13.8,10.8,-2.7,2.7
5-10 дней,2026-08-16T22:29:34Z,2026-08-24T06:00:00Z,175.5,11.6,14.4,15.3,-2.8,2.8
5-10 дней,2026-08-16T22:29:34Z,2026-08-24T12:00:00Z,181.5,13.7,17.8,15.9,-4.1,4.1
5-10 дней,2026-08-17T04:35:30Z,2026-08-22T06:00:00Z,121.4,15.8,15.4,15.9,0.4,0.4
5-10 дней,2026-08-17T04:35:30Z,2026-08-22T12:00:00Z,127.4,20.3,18.2,18.3,2.1,2.1
5-10 дней,2026-08-17T04:35:30Z,2026-08-22T18:00:00Z,133.4,15.4,12.5,14.0,2.9,2.9
5-10 дней,2026-08-17T04:35:30Z,2026-08-23T00:00:00Z,139.4,12.8,10.8,13.5,2.0,2.0
5-10 дней,2026-08-17T04:35:30Z,2026-08-23T06:00:00Z,145.4,14.8,15.3,15.4,-0.5,0.5
5-10 дней,2026-08-17T04:35:30Z,2026-08-23T12:00:00Z,151.4,14.8,15.9,18.2,-1.1,1.1
5-10 дней,2026-08-17T04:35:30Z,2026-08-23T18:00:00Z,157.4,13.9,13.2,12.5,0.7,0.7
5-10 дней,2026-08-17T04:35:30Z,2026-08-24T00:00:00Z,163.4,12.4,13.8,10.8,-1.4,1.4
5-10 дней,2026-08-17T04:35:30Z,2026-08-24T06:00:00Z,169.4,13.4,14.4,15.3,-1.0,1.0
5-10 дней,2026-08-17T04:35:30Z,2026-08-24T12:00:00Z,175.4,15.7,17.8,15.9,-2.1,2.1
5-10 дней,2026-08-17T10:18:11Z,2026-08-22T12:00:00Z,121.7,20.3,18.2,18.3,2.1,2.1
5-10 дней,2026-08-17T10:18:11Z,2026-08-22T18:00:00Z,127.7,15.4,12.5,14.0,2.9,2.9
5-10 дней,2026-08-17T10:18:11Z,2026-08-23T00:00:00Z,133.7,12.8,10.8,13.5,2.0,2.0
5-10 дней,2026-08-17T10:18:11Z,2026-08-23T06:00:00Z,139.7,14.8,15.3,15.4,-0.5,0.5
5-10 дней,2026-08-17T10:18:11Z,2026-08-23T12:00:00Z,145.7,14.8,15.9,18.2,-1.1,1.1
5-10 дней,2026-08-17T10:18:11Z,2026-08-23T18:00:00Z,151.7,13.9,13.2,12.5,0.7,0.7
5-10 дней,2026-08-17T10:18:11Z,2026-08-24T00:00:00Z,157.7,12.4,13.8,10.8,-1.4,1.4
5-10 дней,2026-08-17T10:18:11Z,2026-08-24T06:00:00Z,163.7,13.4,14.4,15.3,-1.0,1.0
5-10 дней,2026-08-17T10:18:11Z,2026-08-24T12:00:00Z,169.7,15.7,17.8,15.9,-2.1,2.1
5-10 дней,2026-08-17T16:23:45Z,2026-08-22T18:00:00Z,121.6,14.5,12.5,14.0,2.0,2.0
5-10 дней,2026-08-17T16:23:45Z,2026-08-23T00:00:00Z,127.6,11.5,10.8,13.5,0.7,0.7
5-10 дней,2026-08-17T16:23:45Z,2026-08-23T06:00:00Z,133.6,14.9,15.3,15.4,-0.4,0.4
5-10 дней,2026-08-17T16:23:45Z,2026-08-23T12:00:00Z,139.6,15.8,15.9,18.2,-0.1,0.1
5-10 дней,2026-08-17T16:23:45Z,2026-08-23T18:00:00Z,145.6,12.9,13.2,12.5,-0.3,0.3
5-10 дней,2026-08-17T16:23:45Z,2026-08-24T00:00:00Z,151.6,12.9,13.8,10.8,-0.9,0.9
5-10 дней,2026-08-17T16:23:45Z,2026-08-24T06:00:00Z,157.6,14.0,14.4,15.3,-0.4,0.4
5-10 дней,2026-08-17T16:23:45Z,2026-08-24T12:00:00Z,163.6,16.2,17.8,15.9,-1.6,1.6
5-10 дней,2026-08-17T22:31:28Z,2026-08-23T00:00:00Z,121.5,11.5,10.8,13.5,0.7,0.7
5-10 дней,2026-08-17T22:31:28Z,2026-08-23T06:00:00Z,127.5,14.9,15.3,15.4,-0.4,0.4
5-10 дней,2026-08-17T22:31:28Z,2026-08-23T12:00:00Z,133.5,15.8,15.9,18.2,-0.1,0.1
5-10 дней,2026-08-17T22:31:28Z,2026-08-23T18:00:00Z,139.5,12.9,13.2,12.5,-0.3,0.3
5-10 дней,2026-08-17T22:31:28Z,2026-08-24T00:00:00Z,145.5,12.9,13.8,10.8,-0.9,0.9
5-10 дней,2026-08-17T22:31:28Z,2026-08-24T06:00:00Z,151.5,14.0,14.4,15.3,-0.4,0.4
5-10 дней,2026-08-17T22:31:28Z,2026-08-24T12:00:00Z,157.5,16.2,17.8,15.9,-1.6,1.6
5-10 дней,2026-08-18T04:30:05Z,2026-08-23T06:00:00Z,121.5,14.9,15.3,15.4,-0.4,0.4
5-10 дней,2026-08-18T04:30:05Z,2026-08-23T12:00:00Z,127.5,13.7,15.9,18.2,-2.2,2.2
5-10 дней,2026-08-18T04:30:05Z,2026-08-23T18:00:00Z,133.5,13.2,13.2,12.5,0.0,0.0
5-10 дней,2026-08-18T04:30:05Z,2026-08-24T00:00:00Z,139.5,10.6,13.8,10.8,-3.2,3.2
5-10 дней,2026-08-18T04:30:05Z,2026-08-24T06:00:00Z,145.5,14.6,14.4,15.3,0.2,0.2
5-10 дней,2026-08-18T04:30:05Z,2026-08-24T12:00:00Z,151.5,15.6,17.8,15.9,-2.2,2.2
5-10 дней,2026-08-18T10:14:55Z,2026-08-23T12:00:00Z,121.8,13.7,15.9,18.2,-2.2,2.2
5-10 дней,2026-08-18T10:14:55Z,2026-08-23T18:00:00Z,127.8,13.2,13.2,12.5,0.0,0.0
5-10 дней,2026-08-18T10:14:55Z,2026-08-24T00:00:00Z,133.8,10.6,13.8,10.8,-3.2,3.2
5-10 дней,2026-08-18T10:14:55Z,2026-08-24T06:00:00Z,139.8,14.6,14.4,15.3,0.2,0.2
5-10 дней,2026-08-18T10:14:55Z,2026-08-24T12:00:00Z,145.8,15.6,17.8,15.9,-2.2,2.2
5-10 дней,2026-08-18T16:27:50Z,2026-08-23T18:00:00Z,121.5,12.0,13.2,12.5,-1.2,1.2
5-10 дней,2026-08-18T16:27:50Z,2026-08-24T00:00:00Z,127.5,10.6,13.8,10.8,-3.2,3.2
5-10 дней,2026-08-18T16:27:50Z,2026-08-24T06:00:00Z,133.5,12.1,14.4,15.3,-2.3,2.3
5-10 дней,2026-08-18T16:27:50Z,2026-08-24T12:00:00Z,139.5,14.8,17.8,15.9,-3.0,3.0
5-10 дней,2026-08-18T22:31:39Z,2026-08-24T00:00:00Z,121.5,10.6,13.8,10.8,-3.2,3.2
5-10 дней,2026-08-18T22:31:39Z,2026-08-24T06:00:00Z,127.5,12.1,14.4,15.3,-2.3,2.3
5-10 дней,2026-08-18T22:31:39Z,2026-08-24T12:00:00Z,133.5,14.8,17.8,15.9,-3.0,3.0
5-10 дней,2026-08-19T04:31:14Z,2026-08-24T06:00:00Z,121.5,13.3,14.4,15.3,-1.1,1.1
5-10 дней,2026-08-19T04:31:14Z,2026-08-24T12:00:00Z,127.5,14.2,17.8,15.9,-3.6,3.6
5-10 дней,2026-08-19T10:14:48Z,2026-08-24T12:00:00Z,121.8,15.0,17.8,15.9,-2.8,2.8
