# Архангельск / Температура / 0-6ч, 6-24ч, 1-2 дня, 2-3 дня, 3-5 дней, 5-10 дней / JMA (Япония)
# n=1254, MAE=1.819, RMSE=2.571, bias=+1.417
# skill = 1 - (RMSE/RMSE_персистентности)^2 = 1 - (2.571/4.294)^2 = 0.6416  (RMSE_персистентности по 1254 пар(ам))
# persistence baseline = смешанный (разный по периодам в пуле) - выбран автоматически как более сильный (ниже RMSE) из двух кандидатов для этого периода, одинаково для всех источников
# «Общий» = объединённый пул пар из периодов: 0-6ч, 6-24ч, 1-2 дня, 2-3 дня, 3-5 дней, 5-10 дней - метрика посчитана заново по всему пулу, а не усреднена по периодам
#
bucket,fetched_at,valid_time,lead_hours,forecast,observed,persistence,error,abs_error
0-6ч,2026-08-06T09:50:07Z,2026-08-06T12:00:00Z,2.2,20.0,19.1,16.3,0.9,0.9
0-6ч,2026-08-06T09:50:07Z,2026-08-06T15:00:00Z,5.2,18.2,18.2,16.3,0.0,0.0
0-6ч,2026-08-06T09:59:18Z,2026-08-06T12:00:00Z,2.0,20.0,19.1,16.3,0.9,0.9
0-6ч,2026-08-06T09:59:18Z,2026-08-06T15:00:00Z,5.0,18.2,18.2,16.3,0.0,0.0
0-6ч,2026-08-06T10:08:26Z,2026-08-06T12:00:00Z,1.9,20.0,19.1,16.3,0.9,0.9
0-6ч,2026-08-06T10:08:26Z,2026-08-06T15:00:00Z,4.9,18.2,18.2,16.3,0.0,0.0
0-6ч,2026-08-06T10:47:54Z,2026-08-06T12:00:00Z,1.2,20.0,19.1,16.3,0.9,0.9
0-6ч,2026-08-06T10:47:54Z,2026-08-06T15:00:00Z,4.2,18.2,18.2,16.3,0.0,0.0
0-6ч,2026-08-06T11:30:42Z,2026-08-06T12:00:00Z,0.5,20.0,19.1,16.3,0.9,0.9
0-6ч,2026-08-06T11:30:42Z,2026-08-06T15:00:00Z,3.5,18.2,18.2,16.3,0.0,0.0
0-6ч,2026-08-06T11:36:01Z,2026-08-06T12:00:00Z,0.4,20.0,19.1,16.3,0.9,0.9
0-6ч,2026-08-06T11:36:01Z,2026-08-06T15:00:00Z,3.4,18.2,18.2,16.3,0.0,0.0
0-6ч,2026-08-06T11:44:08Z,2026-08-06T12:00:00Z,0.3,20.0,19.1,16.3,0.9,0.9
0-6ч,2026-08-06T11:44:08Z,2026-08-06T15:00:00Z,3.3,18.2,18.2,16.3,0.0,0.0
0-6ч,2026-08-07T01:31:32Z,2026-08-07T03:00:00Z,1.5,13.5,14.2,13.6,-0.7,0.7
0-6ч,2026-08-07T01:31:32Z,2026-08-07T06:00:00Z,4.5,15.2,14.3,13.6,0.9,0.9
0-6ч,2026-08-07T05:36:00Z,2026-08-07T06:00:00Z,0.4,15.4,14.3,14.2,1.1,1.1
0-6ч,2026-08-07T05:36:00Z,2026-08-07T09:00:00Z,3.4,19.2,16.9,14.2,2.3,2.3
0-6ч,2026-08-07T06:18:59Z,2026-08-07T09:00:00Z,2.7,19.2,16.9,14.3,2.3,2.3
0-6ч,2026-08-07T06:18:59Z,2026-08-07T12:00:00Z,5.7,21.9,20.5,14.3,1.4,1.4
0-6ч,2026-08-07T07:13:52Z,2026-08-07T09:00:00Z,1.8,19.2,16.9,14.3,2.3,2.3
0-6ч,2026-08-07T07:13:52Z,2026-08-07T12:00:00Z,4.8,21.9,20.5,14.3,1.4,1.4
0-6ч,2026-08-07T10:39:14Z,2026-08-07T12:00:00Z,1.3,21.2,20.5,16.9,0.7,0.7
0-6ч,2026-08-07T10:39:14Z,2026-08-07T15:00:00Z,4.3,18.9,15.6,16.9,3.3,3.3
0-6ч,2026-08-07T16:51:54Z,2026-08-07T18:00:00Z,1.1,15.6,14.6,15.6,1.0,1.0
0-6ч,2026-08-07T16:51:54Z,2026-08-07T21:00:00Z,4.1,14.3,13.5,15.6,0.8,0.8
0-6ч,2026-08-07T22:45:57Z,2026-08-08T00:00:00Z,1.2,13.5,12.5,13.5,1.0,1.0
0-6ч,2026-08-07T22:45:57Z,2026-08-08T03:00:00Z,4.2,14.1,13.6,13.5,0.5,0.5
0-6ч,2026-08-07T23:19:23Z,2026-08-08T00:00:00Z,0.7,13.5,12.5,13.5,1.0,1.0
0-6ч,2026-08-07T23:19:23Z,2026-08-08T03:00:00Z,3.7,14.1,13.6,13.5,0.5,0.5
0-6ч,2026-08-08T04:50:53Z,2026-08-08T06:00:00Z,1.2,15.1,15.4,13.6,-0.3,0.3
0-6ч,2026-08-08T04:50:53Z,2026-08-08T09:00:00Z,4.2,16.4,15.0,13.6,1.4,1.4
0-6ч,2026-08-08T10:18:13Z,2026-08-08T12:00:00Z,1.7,17.7,15.4,15.0,2.3,2.3
0-6ч,2026-08-08T10:18:13Z,2026-08-08T15:00:00Z,4.7,16.4,15.5,15.0,0.9,0.9
0-6ч,2026-08-08T22:37:20Z,2026-08-09T00:00:00Z,1.4,13.1,13.1,13.6,0.0,0.0
0-6ч,2026-08-08T22:37:20Z,2026-08-09T03:00:00Z,4.4,14.4,11.9,13.6,2.5,2.5
0-6ч,2026-08-09T04:59:03Z,2026-08-09T06:00:00Z,1.0,16.0,15.2,11.9,0.8,0.8
0-6ч,2026-08-09T04:59:03Z,2026-08-09T09:00:00Z,4.0,16.9,16.5,11.9,0.4,0.4
0-6ч,2026-08-09T10:19:29Z,2026-08-09T12:00:00Z,1.7,17.0,16.7,16.5,0.3,0.3
0-6ч,2026-08-09T10:19:29Z,2026-08-09T15:00:00Z,4.7,16.2,17.0,16.5,-0.8,0.8
0-6ч,2026-08-09T12:41:38Z,2026-08-09T15:00:00Z,2.3,16.2,17.0,16.7,-0.8,0.8
0-6ч,2026-08-09T12:41:38Z,2026-08-09T18:00:00Z,5.3,14.7,13.7,16.7,1.0,1.0
0-6ч,2026-08-09T12:45:53Z,2026-08-09T15:00:00Z,2.2,16.2,17.0,16.7,-0.8,0.8
0-6ч,2026-08-09T12:45:53Z,2026-08-09T18:00:00Z,5.2,14.7,13.7,16.7,1.0,1.0
0-6ч,2026-08-09T12:48:15Z,2026-08-09T15:00:00Z,2.2,16.2,17.0,16.7,-0.8,0.8
0-6ч,2026-08-09T12:48:15Z,2026-08-09T18:00:00Z,5.2,14.7,13.7,16.7,1.0,1.0
0-6ч,2026-08-09T16:31:44Z,2026-08-09T18:00:00Z,1.5,14.9,13.7,17.0,1.2,1.2
0-6ч,2026-08-09T16:31:44Z,2026-08-09T21:00:00Z,4.5,12.3,10.4,17.0,1.9,1.9
0-6ч,2026-08-09T22:39:09Z,2026-08-10T00:00:00Z,1.3,10.4,10.8,10.4,-0.4,0.4
0-6ч,2026-08-09T22:39:09Z,2026-08-10T03:00:00Z,4.3,13.0,12.6,10.4,0.4,0.4
0-6ч,2026-08-10T05:20:42Z,2026-08-10T06:00:00Z,0.7,16.6,16.9,12.6,-0.3,0.3
0-6ч,2026-08-10T05:20:42Z,2026-08-10T09:00:00Z,3.7,19.8,20.6,12.6,-0.8,0.8
0-6ч,2026-08-10T10:53:28Z,2026-08-10T12:00:00Z,1.1,21.6,22.3,20.6,-0.7,0.7
0-6ч,2026-08-10T10:53:28Z,2026-08-10T15:00:00Z,4.1,20.1,21.8,20.6,-1.7,1.7
0-6ч,2026-08-10T16:52:05Z,2026-08-10T18:00:00Z,1.1,18.1,18.4,21.8,-0.3,0.3
0-6ч,2026-08-10T16:52:05Z,2026-08-10T21:00:00Z,4.1,16.1,15.0,21.8,1.1,1.1
0-6ч,2026-08-10T22:47:13Z,2026-08-11T00:00:00Z,1.2,14.6,15.3,15.0,-0.7,0.7
0-6ч,2026-08-10T22:47:13Z,2026-08-11T03:00:00Z,4.2,16.5,15.0,15.0,1.5,1.5
0-6ч,2026-08-11T05:01:49Z,2026-08-11T06:00:00Z,1.0,19.2,19.4,15.0,-0.2,0.2
0-6ч,2026-08-11T05:01:49Z,2026-08-11T09:00:00Z,4.0,22.1,23.5,15.0,-1.4,1.4
0-6ч,2026-08-11T10:38:45Z,2026-08-11T12:00:00Z,1.4,24.1,24.1,23.5,0.0,0.0
0-6ч,2026-08-11T10:38:45Z,2026-08-11T15:00:00Z,4.4,21.2,19.2,23.5,2.0,2.0
0-6ч,2026-08-12T10:47:03Z,2026-08-12T12:00:00Z,1.2,14.7,11.9,15.2,2.8,2.8
0-6ч,2026-08-12T10:47:03Z,2026-08-12T15:00:00Z,4.2,12.7,10.7,15.2,2.0,2.0
0-6ч,2026-08-12T16:54:57Z,2026-08-12T18:00:00Z,1.1,10.4,9.3,10.7,1.1,1.1
0-6ч,2026-08-12T16:54:57Z,2026-08-12T21:00:00Z,4.1,9.4,8.4,10.7,1.0,1.0
0-6ч,2026-08-12T22:50:47Z,2026-08-13T00:00:00Z,1.2,8.7,8.4,8.4,0.3,0.3
0-6ч,2026-08-12T22:50:47Z,2026-08-13T03:00:00Z,4.2,8.0,8.4,8.4,-0.4,0.4
0-6ч,2026-08-13T05:30:08Z,2026-08-13T06:00:00Z,0.5,7.7,8.2,8.4,-0.5,0.5
0-6ч,2026-08-13T05:30:08Z,2026-08-13T09:00:00Z,3.5,7.9,8.3,8.4,-0.4,0.4
6-24ч,2026-08-06T09:50:07Z,2026-08-06T18:00:00Z,8.2,15.7,15.5,13.2,0.2,0.2
6-24ч,2026-08-06T09:50:07Z,2026-08-06T21:00:00Z,11.2,14.2,13.9,13.3,0.3,0.3
6-24ч,2026-08-06T09:50:07Z,2026-08-07T00:00:00Z,14.2,13.6,13.6,10.5,0.0,0.0
6-24ч,2026-08-06T09:50:07Z,2026-08-07T03:00:00Z,17.2,14.5,14.2,13.4,0.3,0.3
6-24ч,2026-08-06T09:50:07Z,2026-08-07T06:00:00Z,20.2,16.4,14.3,17.0,2.1,2.1
6-24ч,2026-08-06T09:50:07Z,2026-08-07T09:00:00Z,23.2,20.0,16.9,16.3,3.1,3.1
6-24ч,2026-08-06T09:59:18Z,2026-08-06T18:00:00Z,8.0,15.7,15.5,13.2,0.2,0.2
6-24ч,2026-08-06T09:59:18Z,2026-08-06T21:00:00Z,11.0,14.2,13.9,13.3,0.3,0.3
6-24ч,2026-08-06T09:59:18Z,2026-08-07T00:00:00Z,14.0,13.6,13.6,10.5,0.0,0.0
6-24ч,2026-08-06T09:59:18Z,2026-08-07T03:00:00Z,17.0,14.5,14.2,13.4,0.3,0.3
6-24ч,2026-08-06T09:59:18Z,2026-08-07T06:00:00Z,20.0,16.4,14.3,17.0,2.1,2.1
6-24ч,2026-08-06T09:59:18Z,2026-08-07T09:00:00Z,23.0,20.0,16.9,16.3,3.1,3.1
6-24ч,2026-08-06T10:08:26Z,2026-08-06T18:00:00Z,7.9,15.7,15.5,13.2,0.2,0.2
6-24ч,2026-08-06T10:08:26Z,2026-08-06T21:00:00Z,10.9,14.2,13.9,13.3,0.3,0.3
6-24ч,2026-08-06T10:08:26Z,2026-08-07T00:00:00Z,13.9,13.6,13.6,10.5,0.0,0.0
6-24ч,2026-08-06T10:08:26Z,2026-08-07T03:00:00Z,16.9,14.5,14.2,13.4,0.3,0.3
6-24ч,2026-08-06T10:08:26Z,2026-08-07T06:00:00Z,19.9,16.4,14.3,17.0,2.1,2.1
6-24ч,2026-08-06T10:08:26Z,2026-08-07T09:00:00Z,22.9,20.0,16.9,16.3,3.1,3.1
6-24ч,2026-08-06T10:47:54Z,2026-08-06T18:00:00Z,7.2,15.7,15.5,13.2,0.2,0.2
6-24ч,2026-08-06T10:47:54Z,2026-08-06T21:00:00Z,10.2,14.2,13.9,13.3,0.3,0.3
6-24ч,2026-08-06T10:47:54Z,2026-08-07T00:00:00Z,13.2,13.6,13.6,10.5,0.0,0.0
6-24ч,2026-08-06T10:47:54Z,2026-08-07T03:00:00Z,16.2,14.5,14.2,13.4,0.3,0.3
6-24ч,2026-08-06T10:47:54Z,2026-08-07T06:00:00Z,19.2,16.4,14.3,17.0,2.1,2.1
6-24ч,2026-08-06T10:47:54Z,2026-08-07T09:00:00Z,22.2,20.0,16.9,16.3,3.1,3.1
6-24ч,2026-08-06T11:30:42Z,2026-08-06T18:00:00Z,6.5,15.7,15.5,13.2,0.2,0.2
6-24ч,2026-08-06T11:30:42Z,2026-08-06T21:00:00Z,9.5,14.2,13.9,13.3,0.3,0.3
6-24ч,2026-08-06T11:30:42Z,2026-08-07T00:00:00Z,12.5,13.6,13.6,10.5,0.0,0.0
6-24ч,2026-08-06T11:30:42Z,2026-08-07T03:00:00Z,15.5,14.5,14.2,13.4,0.3,0.3
6-24ч,2026-08-06T11:30:42Z,2026-08-07T06:00:00Z,18.5,16.4,14.3,17.0,2.1,2.1
6-24ч,2026-08-06T11:30:42Z,2026-08-07T09:00:00Z,21.5,20.0,16.9,16.3,3.1,3.1
6-24ч,2026-08-06T11:36:01Z,2026-08-06T18:00:00Z,6.4,15.7,15.5,13.2,0.2,0.2
6-24ч,2026-08-06T11:36:01Z,2026-08-06T21:00:00Z,9.4,14.2,13.9,13.3,0.3,0.3
6-24ч,2026-08-06T11:36:01Z,2026-08-07T00:00:00Z,12.4,13.6,13.6,10.5,0.0,0.0
6-24ч,2026-08-06T11:36:01Z,2026-08-07T03:00:00Z,15.4,14.5,14.2,13.4,0.3,0.3
6-24ч,2026-08-06T11:36:01Z,2026-08-07T06:00:00Z,18.4,16.4,14.3,17.0,2.1,2.1
6-24ч,2026-08-06T11:36:01Z,2026-08-07T09:00:00Z,21.4,20.0,16.9,16.3,3.1,3.1
6-24ч,2026-08-06T11:44:08Z,2026-08-06T18:00:00Z,6.3,15.7,15.5,13.2,0.2,0.2
6-24ч,2026-08-06T11:44:08Z,2026-08-06T21:00:00Z,9.3,14.2,13.9,13.3,0.3,0.3
6-24ч,2026-08-06T11:44:08Z,2026-08-07T00:00:00Z,12.3,13.6,13.6,10.5,0.0,0.0
6-24ч,2026-08-06T11:44:08Z,2026-08-07T03:00:00Z,15.3,14.5,14.2,13.4,0.3,0.3
6-24ч,2026-08-06T11:44:08Z,2026-08-07T06:00:00Z,18.3,16.4,14.3,17.0,2.1,2.1
6-24ч,2026-08-06T11:44:08Z,2026-08-07T09:00:00Z,21.3,20.0,16.9,16.3,3.1,3.1
6-24ч,2026-08-07T01:31:32Z,2026-08-07T09:00:00Z,7.5,19.4,16.9,16.3,2.5,2.5
6-24ч,2026-08-07T01:31:32Z,2026-08-07T12:00:00Z,10.5,22.5,20.5,19.1,2.0,2.0
6-24ч,2026-08-07T01:31:32Z,2026-08-07T15:00:00Z,13.5,19.8,15.6,18.2,4.2,4.2
6-24ч,2026-08-07T01:31:32Z,2026-08-07T18:00:00Z,16.5,15.9,14.6,15.5,1.3,1.3
6-24ч,2026-08-07T01:31:32Z,2026-08-07T21:00:00Z,19.5,14.4,13.5,13.9,0.9,0.9
6-24ч,2026-08-07T01:31:32Z,2026-08-08T00:00:00Z,22.5,13.9,12.5,13.6,1.4,1.4
6-24ч,2026-08-07T05:36:00Z,2026-08-07T12:00:00Z,6.4,21.9,20.5,19.1,1.4,1.4
6-24ч,2026-08-07T05:36:00Z,2026-08-07T15:00:00Z,9.4,19.3,15.6,18.2,3.7,3.7
6-24ч,2026-08-07T05:36:00Z,2026-08-07T18:00:00Z,12.4,15.7,14.6,15.5,1.1,1.1
6-24ч,2026-08-07T05:36:00Z,2026-08-07T21:00:00Z,15.4,14.3,13.5,13.9,0.8,0.8
6-24ч,2026-08-07T05:36:00Z,2026-08-08T00:00:00Z,18.4,13.8,12.5,13.6,1.3,1.3
6-24ч,2026-08-07T05:36:00Z,2026-08-08T03:00:00Z,21.4,14.4,13.6,14.2,0.8,0.8
6-24ч,2026-08-07T06:18:59Z,2026-08-07T15:00:00Z,8.7,19.3,15.6,18.2,3.7,3.7
6-24ч,2026-08-07T06:18:59Z,2026-08-07T18:00:00Z,11.7,15.7,14.6,15.5,1.1,1.1
6-24ч,2026-08-07T06:18:59Z,2026-08-07T21:00:00Z,14.7,14.3,13.5,13.9,0.8,0.8
6-24ч,2026-08-07T06:18:59Z,2026-08-08T00:00:00Z,17.7,13.8,12.5,13.6,1.3,1.3
6-24ч,2026-08-07T06:18:59Z,2026-08-08T03:00:00Z,20.7,14.4,13.6,14.2,0.8,0.8
6-24ч,2026-08-07T06:18:59Z,2026-08-08T06:00:00Z,23.7,15.6,15.4,14.3,0.2,0.2
6-24ч,2026-08-07T07:13:52Z,2026-08-07T15:00:00Z,7.8,19.3,15.6,18.2,3.7,3.7
6-24ч,2026-08-07T07:13:52Z,2026-08-07T18:00:00Z,10.8,15.7,14.6,15.5,1.1,1.1
6-24ч,2026-08-07T07:13:52Z,2026-08-07T21:00:00Z,13.8,14.3,13.5,13.9,0.8,0.8
6-24ч,2026-08-07T07:13:52Z,2026-08-08T00:00:00Z,16.8,13.8,12.5,13.6,1.3,1.3
6-24ч,2026-08-07T07:13:52Z,2026-08-08T03:00:00Z,19.8,14.4,13.6,14.2,0.8,0.8
6-24ч,2026-08-07T07:13:52Z,2026-08-08T06:00:00Z,22.8,15.6,15.4,14.3,0.2,0.2
6-24ч,2026-08-07T10:39:14Z,2026-08-07T18:00:00Z,7.3,15.5,14.6,15.5,0.9,0.9
6-24ч,2026-08-07T10:39:14Z,2026-08-07T21:00:00Z,10.3,14.3,13.5,13.9,0.8,0.8
6-24ч,2026-08-07T10:39:14Z,2026-08-08T00:00:00Z,13.3,13.8,12.5,13.6,1.3,1.3
6-24ч,2026-08-07T10:39:14Z,2026-08-08T03:00:00Z,16.3,14.2,13.6,14.2,0.6,0.6
6-24ч,2026-08-07T10:39:14Z,2026-08-08T06:00:00Z,19.3,15.0,15.4,14.3,-0.4,0.4
6-24ч,2026-08-07T10:39:14Z,2026-08-08T09:00:00Z,22.3,16.1,15.0,16.9,1.1,1.1
6-24ч,2026-08-07T16:51:54Z,2026-08-08T00:00:00Z,7.1,13.9,12.5,13.6,1.4,1.4
6-24ч,2026-08-07T16:51:54Z,2026-08-08T03:00:00Z,10.1,14.2,13.6,14.2,0.6,0.6
6-24ч,2026-08-07T16:51:54Z,2026-08-08T06:00:00Z,13.1,15.0,15.4,14.3,-0.4,0.4
6-24ч,2026-08-07T16:51:54Z,2026-08-08T09:00:00Z,16.1,16.3,15.0,16.9,1.3,1.3
6-24ч,2026-08-07T16:51:54Z,2026-08-08T12:00:00Z,19.1,17.1,15.4,20.5,1.7,1.7
6-24ч,2026-08-07T16:51:54Z,2026-08-08T15:00:00Z,22.1,16.3,15.5,15.6,0.8,0.8
6-24ч,2026-08-07T22:45:57Z,2026-08-08T06:00:00Z,7.2,15.1,15.4,14.3,-0.3,0.3
6-24ч,2026-08-07T22:45:57Z,2026-08-08T09:00:00Z,10.2,16.1,15.0,16.9,1.1,1.1
6-24ч,2026-08-07T22:45:57Z,2026-08-08T12:00:00Z,13.2,16.7,15.4,20.5,1.3,1.3
6-24ч,2026-08-07T22:45:57Z,2026-08-08T15:00:00Z,16.2,15.9,15.5,15.6,0.4,0.4
6-24ч,2026-08-07T22:45:57Z,2026-08-08T18:00:00Z,19.2,14.7,14.4,14.6,0.3,0.3
6-24ч,2026-08-07T22:45:57Z,2026-08-08T21:00:00Z,22.2,13.5,13.6,13.5,-0.1,0.1
6-24ч,2026-08-07T23:19:23Z,2026-08-08T06:00:00Z,6.7,15.1,15.4,14.3,-0.3,0.3
6-24ч,2026-08-07T23:19:23Z,2026-08-08T09:00:00Z,9.7,16.1,15.0,16.9,1.1,1.1
6-24ч,2026-08-07T23:19:23Z,2026-08-08T12:00:00Z,12.7,16.7,15.4,20.5,1.3,1.3
6-24ч,2026-08-07T23:19:23Z,2026-08-08T15:00:00Z,15.7,15.9,15.5,15.6,0.4,0.4
6-24ч,2026-08-07T23:19:23Z,2026-08-08T18:00:00Z,18.7,14.7,14.4,14.6,0.3,0.3
6-24ч,2026-08-07T23:19:23Z,2026-08-08T21:00:00Z,21.7,13.5,13.6,13.5,-0.1,0.1
6-24ч,2026-08-08T04:50:53Z,2026-08-08T12:00:00Z,7.2,17.2,15.4,20.5,1.8,1.8
6-24ч,2026-08-08T04:50:53Z,2026-08-08T15:00:00Z,10.2,16.2,15.5,15.6,0.7,0.7
6-24ч,2026-08-08T04:50:53Z,2026-08-08T18:00:00Z,13.2,14.7,14.4,14.6,0.3,0.3
6-24ч,2026-08-08T04:50:53Z,2026-08-08T21:00:00Z,16.2,13.4,13.6,13.5,-0.2,0.2
6-24ч,2026-08-08T04:50:53Z,2026-08-09T00:00:00Z,19.2,12.9,13.1,12.5,-0.2,0.2
6-24ч,2026-08-08T04:50:53Z,2026-08-09T03:00:00Z,22.2,14.3,11.9,13.6,2.4,2.4
6-24ч,2026-08-08T10:18:13Z,2026-08-08T18:00:00Z,7.7,14.6,14.4,14.6,0.2,0.2
6-24ч,2026-08-08T10:18:13Z,2026-08-08T21:00:00Z,10.7,13.5,13.6,13.5,-0.1,0.1
6-24ч,2026-08-08T10:18:13Z,2026-08-09T00:00:00Z,13.7,13.1,13.1,12.5,0.0,0.0
6-24ч,2026-08-08T10:18:13Z,2026-08-09T03:00:00Z,16.7,14.4,11.9,13.6,2.5,2.5
6-24ч,2026-08-08T10:18:13Z,2026-08-09T06:00:00Z,19.7,16.1,15.2,15.4,0.9,0.9
6-24ч,2026-08-08T10:18:13Z,2026-08-09T09:00:00Z,22.7,17.0,16.5,15.0,0.5,0.5
6-24ч,2026-08-08T22:37:20Z,2026-08-09T06:00:00Z,7.4,16.1,15.2,15.4,0.9,0.9
6-24ч,2026-08-08T22:37:20Z,2026-08-09T09:00:00Z,10.4,16.9,16.5,15.0,0.4,0.4
6-24ч,2026-08-08T22:37:20Z,2026-08-09T12:00:00Z,13.4,17.0,16.7,15.4,0.3,0.3
6-24ч,2026-08-08T22:37:20Z,2026-08-09T15:00:00Z,16.4,16.3,17.0,15.5,-0.7,0.7
6-24ч,2026-08-08T22:37:20Z,2026-08-09T18:00:00Z,19.4,14.8,13.7,14.4,1.1,1.1
6-24ч,2026-08-08T22:37:20Z,2026-08-09T21:00:00Z,22.4,12.1,10.4,13.6,1.7,1.7
6-24ч,2026-08-09T04:59:03Z,2026-08-09T12:00:00Z,7.0,17.1,16.7,15.4,0.4,0.4
6-24ч,2026-08-09T04:59:03Z,2026-08-09T15:00:00Z,10.0,16.2,17.0,15.5,-0.8,0.8
6-24ч,2026-08-09T04:59:03Z,2026-08-09T18:00:00Z,13.0,14.5,13.7,14.4,0.8,0.8
6-24ч,2026-08-09T04:59:03Z,2026-08-09T21:00:00Z,16.0,12.0,10.4,13.6,1.6,1.6
6-24ч,2026-08-09T04:59:03Z,2026-08-10T00:00:00Z,19.0,10.4,10.8,13.1,-0.4,0.4
6-24ч,2026-08-09T04:59:03Z,2026-08-10T03:00:00Z,22.0,12.7,12.6,11.9,0.1,0.1
6-24ч,2026-08-09T10:19:29Z,2026-08-09T18:00:00Z,7.7,14.7,13.7,14.4,1.0,1.0
6-24ч,2026-08-09T10:19:29Z,2026-08-09T21:00:00Z,10.7,12.2,10.4,13.6,1.8,1.8
6-24ч,2026-08-09T10:19:29Z,2026-08-10T00:00:00Z,13.7,10.7,10.8,13.1,-0.1,0.1
6-24ч,2026-08-09T10:19:29Z,2026-08-10T03:00:00Z,16.7,13.3,12.6,11.9,0.7,0.7
6-24ч,2026-08-09T10:19:29Z,2026-08-10T06:00:00Z,19.7,17.0,16.9,15.2,0.1,0.1
6-24ч,2026-08-09T10:19:29Z,2026-08-10T09:00:00Z,22.7,19.9,20.6,16.5,-0.7,0.7
6-24ч,2026-08-09T12:41:38Z,2026-08-09T21:00:00Z,8.3,12.2,10.4,13.6,1.8,1.8
6-24ч,2026-08-09T12:41:38Z,2026-08-10T00:00:00Z,11.3,10.7,10.8,13.1,-0.1,0.1
6-24ч,2026-08-09T12:41:38Z,2026-08-10T03:00:00Z,14.3,13.3,12.6,11.9,0.7,0.7
6-24ч,2026-08-09T12:41:38Z,2026-08-10T06:00:00Z,17.3,17.0,16.9,15.2,0.1,0.1
6-24ч,2026-08-09T12:41:38Z,2026-08-10T09:00:00Z,20.3,19.9,20.6,16.5,-0.7,0.7
6-24ч,2026-08-09T12:41:38Z,2026-08-10T12:00:00Z,23.3,21.6,22.3,16.7,-0.7,0.7
6-24ч,2026-08-09T12:45:53Z,2026-08-09T21:00:00Z,8.2,12.2,10.4,13.6,1.8,1.8
6-24ч,2026-08-09T12:45:53Z,2026-08-10T00:00:00Z,11.2,10.7,10.8,13.1,-0.1,0.1
6-24ч,2026-08-09T12:45:53Z,2026-08-10T03:00:00Z,14.2,13.3,12.6,11.9,0.7,0.7
6-24ч,2026-08-09T12:45:53Z,2026-08-10T06:00:00Z,17.2,17.0,16.9,15.2,0.1,0.1
6-24ч,2026-08-09T12:45:53Z,2026-08-10T09:00:00Z,20.2,19.9,20.6,16.5,-0.7,0.7
6-24ч,2026-08-09T12:45:53Z,2026-08-10T12:00:00Z,23.2,21.6,22.3,16.7,-0.7,0.7
6-24ч,2026-08-09T12:48:15Z,2026-08-09T21:00:00Z,8.2,12.2,10.4,13.6,1.8,1.8
6-24ч,2026-08-09T12:48:15Z,2026-08-10T00:00:00Z,11.2,10.7,10.8,13.1,-0.1,0.1
6-24ч,2026-08-09T12:48:15Z,2026-08-10T03:00:00Z,14.2,13.3,12.6,11.9,0.7,0.7
6-24ч,2026-08-09T12:48:15Z,2026-08-10T06:00:00Z,17.2,17.0,16.9,15.2,0.1,0.1
6-24ч,2026-08-09T12:48:15Z,2026-08-10T09:00:00Z,20.2,19.9,20.6,16.5,-0.7,0.7
6-24ч,2026-08-09T12:48:15Z,2026-08-10T12:00:00Z,23.2,21.6,22.3,16.7,-0.7,0.7
6-24ч,2026-08-09T16:31:44Z,2026-08-10T00:00:00Z,7.5,10.7,10.8,13.1,-0.1,0.1
6-24ч,2026-08-09T16:31:44Z,2026-08-10T03:00:00Z,10.5,13.2,12.6,11.9,0.6,0.6
6-24ч,2026-08-09T16:31:44Z,2026-08-10T06:00:00Z,13.5,16.7,16.9,15.2,-0.2,0.2
6-24ч,2026-08-09T16:31:44Z,2026-08-10T09:00:00Z,16.5,19.7,20.6,16.5,-0.9,0.9
6-24ч,2026-08-09T16:31:44Z,2026-08-10T12:00:00Z,19.5,21.5,22.3,16.7,-0.8,0.8
6-24ч,2026-08-09T16:31:44Z,2026-08-10T15:00:00Z,22.5,20.2,21.8,17.0,-1.6,1.6
6-24ч,2026-08-09T22:39:09Z,2026-08-10T06:00:00Z,7.3,16.8,16.9,15.2,-0.1,0.1
6-24ч,2026-08-09T22:39:09Z,2026-08-10T09:00:00Z,10.3,19.8,20.6,16.5,-0.8,0.8
6-24ч,2026-08-09T22:39:09Z,2026-08-10T12:00:00Z,13.3,21.6,22.3,16.7,-0.7,0.7
6-24ч,2026-08-09T22:39:09Z,2026-08-10T15:00:00Z,16.3,20.1,21.8,17.0,-1.7,1.7
6-24ч,2026-08-09T22:39:09Z,2026-08-10T18:00:00Z,19.3,17.6,18.4,13.7,-0.8,0.8
6-24ч,2026-08-09T22:39:09Z,2026-08-10T21:00:00Z,22.3,15.6,15.0,10.4,0.6,0.6
6-24ч,2026-08-10T05:20:42Z,2026-08-10T12:00:00Z,6.7,21.7,22.3,16.7,-0.6,0.6
6-24ч,2026-08-10T05:20:42Z,2026-08-10T15:00:00Z,9.7,20.4,21.8,17.0,-1.4,1.4
6-24ч,2026-08-10T05:20:42Z,2026-08-10T18:00:00Z,12.7,17.9,18.4,13.7,-0.5,0.5
6-24ч,2026-08-10T05:20:42Z,2026-08-10T21:00:00Z,15.7,15.7,15.0,10.4,0.7,0.7
6-24ч,2026-08-10T05:20:42Z,2026-08-11T00:00:00Z,18.7,14.6,15.3,10.8,-0.7,0.7
6-24ч,2026-08-10T05:20:42Z,2026-08-11T03:00:00Z,21.7,16.5,15.0,12.6,1.5,1.5
6-24ч,2026-08-10T10:53:28Z,2026-08-10T18:00:00Z,7.1,17.6,18.4,13.7,-0.8,0.8
6-24ч,2026-08-10T10:53:28Z,2026-08-10T21:00:00Z,10.1,15.7,15.0,10.4,0.7,0.7
6-24ч,2026-08-10T10:53:28Z,2026-08-11T00:00:00Z,13.1,14.9,15.3,10.8,-0.4,0.4
6-24ч,2026-08-10T10:53:28Z,2026-08-11T03:00:00Z,16.1,16.7,15.0,12.6,1.7,1.7
6-24ч,2026-08-10T10:53:28Z,2026-08-11T06:00:00Z,19.1,19.4,19.4,16.9,0.0,0.0
6-24ч,2026-08-10T10:53:28Z,2026-08-11T09:00:00Z,22.1,22.0,23.5,20.6,-1.5,1.5
6-24ч,2026-08-10T16:52:05Z,2026-08-11T00:00:00Z,7.1,15.0,15.3,10.8,-0.3,0.3
6-24ч,2026-08-10T16:52:05Z,2026-08-11T03:00:00Z,10.1,16.7,15.0,12.6,1.7,1.7
6-24ч,2026-08-10T16:52:05Z,2026-08-11T06:00:00Z,13.1,19.4,19.4,16.9,0.0,0.0
6-24ч,2026-08-10T16:52:05Z,2026-08-11T09:00:00Z,16.1,22.1,23.5,20.6,-1.4,1.4
6-24ч,2026-08-10T16:52:05Z,2026-08-11T12:00:00Z,19.1,23.7,24.1,22.3,-0.4,0.4
6-24ч,2026-08-10T16:52:05Z,2026-08-11T15:00:00Z,22.1,21.4,19.2,21.8,2.2,2.2
6-24ч,2026-08-10T22:47:13Z,2026-08-11T06:00:00Z,7.2,19.4,19.4,16.9,0.0,0.0
6-24ч,2026-08-10T22:47:13Z,2026-08-11T09:00:00Z,10.2,22.2,23.5,20.6,-1.3,1.3
6-24ч,2026-08-10T22:47:13Z,2026-08-11T12:00:00Z,13.2,23.7,24.1,22.3,-0.4,0.4
6-24ч,2026-08-10T22:47:13Z,2026-08-11T15:00:00Z,16.2,21.6,19.2,21.8,2.4,2.4
6-24ч,2026-08-10T22:47:13Z,2026-08-11T18:00:00Z,19.2,18.5,16.8,18.4,1.7,1.7
6-24ч,2026-08-10T22:47:13Z,2026-08-11T21:00:00Z,22.2,16.5,16.3,15.0,0.2,0.2
6-24ч,2026-08-11T05:01:49Z,2026-08-11T12:00:00Z,7.0,23.6,24.1,22.3,-0.5,0.5
6-24ч,2026-08-11T05:01:49Z,2026-08-11T15:00:00Z,10.0,20.6,19.2,21.8,1.4,1.4
6-24ч,2026-08-11T05:01:49Z,2026-08-11T18:00:00Z,13.0,16.8,16.8,18.4,0.0,0.0
6-24ч,2026-08-11T05:01:49Z,2026-08-11T21:00:00Z,16.0,15.4,16.3,15.0,-0.9,0.9
6-24ч,2026-08-11T05:01:49Z,2026-08-12T00:00:00Z,19.0,15.0,15.2,15.3,-0.2,0.2
6-24ч,2026-08-11T05:01:49Z,2026-08-12T03:00:00Z,22.0,15.1,14.5,15.0,0.6,0.6
6-24ч,2026-08-11T10:38:45Z,2026-08-11T18:00:00Z,7.4,17.4,16.8,18.4,0.6,0.6
6-24ч,2026-08-11T10:38:45Z,2026-08-11T21:00:00Z,10.4,15.9,16.3,15.0,-0.4,0.4
6-24ч,2026-08-11T10:38:45Z,2026-08-12T00:00:00Z,13.4,15.3,15.2,15.3,0.1,0.1
6-24ч,2026-08-11T10:38:45Z,2026-08-12T03:00:00Z,16.4,15.5,14.5,15.0,1.0,1.0
6-24ч,2026-08-11T10:38:45Z,2026-08-12T06:00:00Z,19.4,15.9,14.7,19.4,1.2,1.2
6-24ч,2026-08-11T10:38:45Z,2026-08-12T09:00:00Z,22.4,16.0,15.2,23.5,0.8,0.8
6-24ч,2026-08-12T10:47:03Z,2026-08-12T18:00:00Z,7.2,10.5,9.3,16.8,1.2,1.2
6-24ч,2026-08-12T10:47:03Z,2026-08-12T21:00:00Z,10.2,9.5,8.4,16.3,1.1,1.1
6-24ч,2026-08-12T10:47:03Z,2026-08-13T00:00:00Z,13.2,9.0,8.4,15.2,0.6,0.6
6-24ч,2026-08-12T10:47:03Z,2026-08-13T03:00:00Z,16.2,8.5,8.4,14.5,0.1,0.1
6-24ч,2026-08-12T10:47:03Z,2026-08-13T06:00:00Z,19.2,8.2,8.2,14.7,0.0,0.0
6-24ч,2026-08-12T10:47:03Z,2026-08-13T09:00:00Z,22.2,8.6,8.3,15.2,0.3,0.3
6-24ч,2026-08-12T16:54:57Z,2026-08-13T00:00:00Z,7.1,8.8,8.4,15.2,0.4,0.4
6-24ч,2026-08-12T16:54:57Z,2026-08-13T03:00:00Z,10.1,8.1,8.4,14.5,-0.3,0.3
6-24ч,2026-08-12T16:54:57Z,2026-08-13T06:00:00Z,13.1,7.7,8.2,14.7,-0.5,0.5
6-24ч,2026-08-12T16:54:57Z,2026-08-13T09:00:00Z,16.1,8.1,8.3,15.2,-0.2,0.2
6-24ч,2026-08-12T22:50:47Z,2026-08-13T06:00:00Z,7.2,7.6,8.2,14.7,-0.6,0.6
6-24ч,2026-08-12T22:50:47Z,2026-08-13T09:00:00Z,10.2,8.0,8.3,15.2,-0.3,0.3
1-2 дня,2026-08-06T09:50:07Z,2026-08-07T12:00:00Z,26.2,22.5,20.5,19.1,2.0,2.0
1-2 дня,2026-08-06T09:50:07Z,2026-08-07T15:00:00Z,29.2,19.7,15.6,18.2,4.1,4.1
1-2 дня,2026-08-06T09:50:07Z,2026-08-07T18:00:00Z,32.2,16.0,14.6,15.5,1.4,1.4
1-2 дня,2026-08-06T09:50:07Z,2026-08-07T21:00:00Z,35.2,14.6,13.5,13.9,1.1,1.1
1-2 дня,2026-08-06T09:50:07Z,2026-08-08T00:00:00Z,38.2,14.3,12.5,13.6,1.8,1.8
1-2 дня,2026-08-06T09:50:07Z,2026-08-08T03:00:00Z,41.2,15.5,13.6,14.2,1.9,1.9
1-2 дня,2026-08-06T09:50:07Z,2026-08-08T06:00:00Z,44.2,17.0,15.4,14.3,1.6,1.6
1-2 дня,2026-08-06T09:50:07Z,2026-08-08T09:00:00Z,47.2,18.2,15.0,16.9,3.2,3.2
1-2 дня,2026-08-06T09:59:18Z,2026-08-07T12:00:00Z,26.0,22.5,20.5,19.1,2.0,2.0
1-2 дня,2026-08-06T09:59:18Z,2026-08-07T15:00:00Z,29.0,19.7,15.6,18.2,4.1,4.1
1-2 дня,2026-08-06T09:59:18Z,2026-08-07T18:00:00Z,32.0,16.0,14.6,15.5,1.4,1.4
1-2 дня,2026-08-06T09:59:18Z,2026-08-07T21:00:00Z,35.0,14.6,13.5,13.9,1.1,1.1
1-2 дня,2026-08-06T09:59:18Z,2026-08-08T00:00:00Z,38.0,14.3,12.5,13.6,1.8,1.8
1-2 дня,2026-08-06T09:59:18Z,2026-08-08T03:00:00Z,41.0,15.5,13.6,14.2,1.9,1.9
1-2 дня,2026-08-06T09:59:18Z,2026-08-08T06:00:00Z,44.0,17.0,15.4,14.3,1.6,1.6
1-2 дня,2026-08-06T09:59:18Z,2026-08-08T09:00:00Z,47.0,18.2,15.0,16.9,3.2,3.2
1-2 дня,2026-08-06T10:08:26Z,2026-08-07T12:00:00Z,25.9,22.5,20.5,19.1,2.0,2.0
1-2 дня,2026-08-06T10:08:26Z,2026-08-07T15:00:00Z,28.9,19.7,15.6,18.2,4.1,4.1
1-2 дня,2026-08-06T10:08:26Z,2026-08-07T18:00:00Z,31.9,16.0,14.6,15.5,1.4,1.4
1-2 дня,2026-08-06T10:08:26Z,2026-08-07T21:00:00Z,34.9,14.6,13.5,13.9,1.1,1.1
1-2 дня,2026-08-06T10:08:26Z,2026-08-08T00:00:00Z,37.9,14.3,12.5,13.6,1.8,1.8
1-2 дня,2026-08-06T10:08:26Z,2026-08-08T03:00:00Z,40.9,15.5,13.6,14.2,1.9,1.9
1-2 дня,2026-08-06T10:08:26Z,2026-08-08T06:00:00Z,43.9,17.0,15.4,14.3,1.6,1.6
1-2 дня,2026-08-06T10:08:26Z,2026-08-08T09:00:00Z,46.9,18.2,15.0,16.9,3.2,3.2
1-2 дня,2026-08-06T10:47:54Z,2026-08-07T12:00:00Z,25.2,22.5,20.5,19.1,2.0,2.0
1-2 дня,2026-08-06T10:47:54Z,2026-08-07T15:00:00Z,28.2,19.7,15.6,18.2,4.1,4.1
1-2 дня,2026-08-06T10:47:54Z,2026-08-07T18:00:00Z,31.2,16.0,14.6,15.5,1.4,1.4
1-2 дня,2026-08-06T10:47:54Z,2026-08-07T21:00:00Z,34.2,14.6,13.5,13.9,1.1,1.1
1-2 дня,2026-08-06T10:47:54Z,2026-08-08T00:00:00Z,37.2,14.3,12.5,13.6,1.8,1.8
1-2 дня,2026-08-06T10:47:54Z,2026-08-08T03:00:00Z,40.2,15.5,13.6,14.2,1.9,1.9
1-2 дня,2026-08-06T10:47:54Z,2026-08-08T06:00:00Z,43.2,17.0,15.4,14.3,1.6,1.6
1-2 дня,2026-08-06T10:47:54Z,2026-08-08T09:00:00Z,46.2,18.2,15.0,16.9,3.2,3.2
1-2 дня,2026-08-06T11:30:42Z,2026-08-07T12:00:00Z,24.5,22.5,20.5,19.1,2.0,2.0
1-2 дня,2026-08-06T11:30:42Z,2026-08-07T15:00:00Z,27.5,19.7,15.6,18.2,4.1,4.1
1-2 дня,2026-08-06T11:30:42Z,2026-08-07T18:00:00Z,30.5,16.0,14.6,15.5,1.4,1.4
1-2 дня,2026-08-06T11:30:42Z,2026-08-07T21:00:00Z,33.5,14.6,13.5,13.9,1.1,1.1
1-2 дня,2026-08-06T11:30:42Z,2026-08-08T00:00:00Z,36.5,14.3,12.5,13.6,1.8,1.8
1-2 дня,2026-08-06T11:30:42Z,2026-08-08T03:00:00Z,39.5,15.5,13.6,14.2,1.9,1.9
1-2 дня,2026-08-06T11:30:42Z,2026-08-08T06:00:00Z,42.5,17.0,15.4,14.3,1.6,1.6
1-2 дня,2026-08-06T11:30:42Z,2026-08-08T09:00:00Z,45.5,18.2,15.0,16.9,3.2,3.2
1-2 дня,2026-08-06T11:36:01Z,2026-08-07T12:00:00Z,24.4,22.5,20.5,19.1,2.0,2.0
1-2 дня,2026-08-06T11:36:01Z,2026-08-07T15:00:00Z,27.4,19.7,15.6,18.2,4.1,4.1
1-2 дня,2026-08-06T11:36:01Z,2026-08-07T18:00:00Z,30.4,16.0,14.6,15.5,1.4,1.4
1-2 дня,2026-08-06T11:36:01Z,2026-08-07T21:00:00Z,33.4,14.6,13.5,13.9,1.1,1.1
1-2 дня,2026-08-06T11:36:01Z,2026-08-08T00:00:00Z,36.4,14.3,12.5,13.6,1.8,1.8
1-2 дня,2026-08-06T11:36:01Z,2026-08-08T03:00:00Z,39.4,15.5,13.6,14.2,1.9,1.9
1-2 дня,2026-08-06T11:36:01Z,2026-08-08T06:00:00Z,42.4,17.0,15.4,14.3,1.6,1.6
1-2 дня,2026-08-06T11:36:01Z,2026-08-08T09:00:00Z,45.4,18.2,15.0,16.9,3.2,3.2
1-2 дня,2026-08-06T11:44:08Z,2026-08-07T12:00:00Z,24.3,22.5,20.5,19.1,2.0,2.0
1-2 дня,2026-08-06T11:44:08Z,2026-08-07T15:00:00Z,27.3,19.7,15.6,18.2,4.1,4.1
1-2 дня,2026-08-06T11:44:08Z,2026-08-07T18:00:00Z,30.3,16.0,14.6,15.5,1.4,1.4
1-2 дня,2026-08-06T11:44:08Z,2026-08-07T21:00:00Z,33.3,14.6,13.5,13.9,1.1,1.1
1-2 дня,2026-08-06T11:44:08Z,2026-08-08T00:00:00Z,36.3,14.3,12.5,13.6,1.8,1.8
1-2 дня,2026-08-06T11:44:08Z,2026-08-08T03:00:00Z,39.3,15.5,13.6,14.2,1.9,1.9
1-2 дня,2026-08-06T11:44:08Z,2026-08-08T06:00:00Z,42.3,17.0,15.4,14.3,1.6,1.6
1-2 дня,2026-08-06T11:44:08Z,2026-08-08T09:00:00Z,45.3,18.2,15.0,16.9,3.2,3.2
1-2 дня,2026-08-07T01:31:32Z,2026-08-08T03:00:00Z,25.5,14.8,13.6,14.2,1.2,1.2
1-2 дня,2026-08-07T01:31:32Z,2026-08-08T06:00:00Z,28.5,16.2,15.4,14.3,0.8,0.8
1-2 дня,2026-08-07T01:31:32Z,2026-08-08T09:00:00Z,31.5,17.4,15.0,16.9,2.4,2.4
1-2 дня,2026-08-07T01:31:32Z,2026-08-08T12:00:00Z,34.5,17.9,15.4,20.5,2.5,2.5
1-2 дня,2026-08-07T01:31:32Z,2026-08-08T15:00:00Z,37.5,16.3,15.5,15.6,0.8,0.8
1-2 дня,2026-08-07T01:31:32Z,2026-08-08T18:00:00Z,40.5,14.3,14.4,14.6,-0.1,0.1
1-2 дня,2026-08-07T01:31:32Z,2026-08-08T21:00:00Z,43.5,13.2,13.6,13.5,-0.4,0.4
1-2 дня,2026-08-07T01:31:32Z,2026-08-09T00:00:00Z,46.5,12.4,13.1,12.5,-0.7,0.7
1-2 дня,2026-08-07T05:36:00Z,2026-08-08T06:00:00Z,24.4,15.6,15.4,14.3,0.2,0.2
1-2 дня,2026-08-07T05:36:00Z,2026-08-08T09:00:00Z,27.4,17.2,15.0,16.9,2.2,2.2
1-2 дня,2026-08-07T05:36:00Z,2026-08-08T12:00:00Z,30.4,18.1,15.4,20.5,2.7,2.7
1-2 дня,2026-08-07T05:36:00Z,2026-08-08T15:00:00Z,33.4,16.5,15.5,15.6,1.0,1.0
1-2 дня,2026-08-07T05:36:00Z,2026-08-08T18:00:00Z,36.4,14.4,14.4,14.6,0.0,0.0
1-2 дня,2026-08-07T05:36:00Z,2026-08-08T21:00:00Z,39.4,13.3,13.6,13.5,-0.3,0.3
1-2 дня,2026-08-07T05:36:00Z,2026-08-09T00:00:00Z,42.4,12.9,13.1,12.5,-0.2,0.2
1-2 дня,2026-08-07T05:36:00Z,2026-08-09T03:00:00Z,45.4,14.0,11.9,13.6,2.1,2.1
1-2 дня,2026-08-07T06:18:59Z,2026-08-08T09:00:00Z,26.7,17.2,15.0,16.9,2.2,2.2
1-2 дня,2026-08-07T06:18:59Z,2026-08-08T12:00:00Z,29.7,18.1,15.4,20.5,2.7,2.7
1-2 дня,2026-08-07T06:18:59Z,2026-08-08T15:00:00Z,32.7,16.5,15.5,15.6,1.0,1.0
1-2 дня,2026-08-07T06:18:59Z,2026-08-08T18:00:00Z,35.7,14.4,14.4,14.6,0.0,0.0
1-2 дня,2026-08-07T06:18:59Z,2026-08-08T21:00:00Z,38.7,13.3,13.6,13.5,-0.3,0.3
1-2 дня,2026-08-07T06:18:59Z,2026-08-09T00:00:00Z,41.7,12.9,13.1,12.5,-0.2,0.2
1-2 дня,2026-08-07T06:18:59Z,2026-08-09T03:00:00Z,44.7,14.0,11.9,13.6,2.1,2.1
1-2 дня,2026-08-07T06:18:59Z,2026-08-09T06:00:00Z,47.7,15.4,15.2,15.4,0.2,0.2
1-2 дня,2026-08-07T07:13:52Z,2026-08-08T09:00:00Z,25.8,17.2,15.0,16.9,2.2,2.2
1-2 дня,2026-08-07T07:13:52Z,2026-08-08T12:00:00Z,28.8,18.1,15.4,20.5,2.7,2.7
1-2 дня,2026-08-07T07:13:52Z,2026-08-08T15:00:00Z,31.8,16.5,15.5,15.6,1.0,1.0
1-2 дня,2026-08-07T07:13:52Z,2026-08-08T18:00:00Z,34.8,14.4,14.4,14.6,0.0,0.0
1-2 дня,2026-08-07T07:13:52Z,2026-08-08T21:00:00Z,37.8,13.3,13.6,13.5,-0.3,0.3
1-2 дня,2026-08-07T07:13:52Z,2026-08-09T00:00:00Z,40.8,12.9,13.1,12.5,-0.2,0.2
1-2 дня,2026-08-07T07:13:52Z,2026-08-09T03:00:00Z,43.8,14.0,11.9,13.6,2.1,2.1
1-2 дня,2026-08-07T07:13:52Z,2026-08-09T06:00:00Z,46.8,15.4,15.2,15.4,0.2,0.2
1-2 дня,2026-08-07T10:39:14Z,2026-08-08T12:00:00Z,25.3,16.9,15.4,20.5,1.5,1.5
1-2 дня,2026-08-07T10:39:14Z,2026-08-08T15:00:00Z,28.3,16.0,15.5,15.6,0.5,0.5
1-2 дня,2026-08-07T10:39:14Z,2026-08-08T18:00:00Z,31.3,14.7,14.4,14.6,0.3,0.3
1-2 дня,2026-08-07T10:39:14Z,2026-08-08T21:00:00Z,34.3,13.7,13.6,13.5,0.1,0.1
1-2 дня,2026-08-07T10:39:14Z,2026-08-09T00:00:00Z,37.3,13.3,13.1,12.5,0.2,0.2
1-2 дня,2026-08-07T10:39:14Z,2026-08-09T03:00:00Z,40.3,14.2,11.9,13.6,2.3,2.3
1-2 дня,2026-08-07T10:39:14Z,2026-08-09T06:00:00Z,43.3,15.3,15.2,15.4,0.1,0.1
1-2 дня,2026-08-07T10:39:14Z,2026-08-09T09:00:00Z,46.3,15.8,16.5,15.0,-0.7,0.7
1-2 дня,2026-08-07T16:51:54Z,2026-08-08T18:00:00Z,25.1,14.9,14.4,14.6,0.5,0.5
1-2 дня,2026-08-07T16:51:54Z,2026-08-08T21:00:00Z,28.1,13.6,13.6,13.5,0.0,0.0
1-2 дня,2026-08-07T16:51:54Z,2026-08-09T00:00:00Z,31.1,13.0,13.1,12.5,-0.1,0.1
1-2 дня,2026-08-07T16:51:54Z,2026-08-09T03:00:00Z,34.1,14.1,11.9,13.6,2.2,2.2
1-2 дня,2026-08-07T16:51:54Z,2026-08-09T06:00:00Z,37.1,15.6,15.2,15.4,0.4,0.4
1-2 дня,2026-08-07T16:51:54Z,2026-08-09T09:00:00Z,40.1,16.1,16.5,15.0,-0.4,0.4
1-2 дня,2026-08-07T16:51:54Z,2026-08-09T12:00:00Z,43.1,15.8,16.7,15.4,-0.9,0.9
1-2 дня,2026-08-07T16:51:54Z,2026-08-09T15:00:00Z,46.1,14.1,17.0,15.5,-2.9,2.9
1-2 дня,2026-08-07T22:45:57Z,2026-08-09T00:00:00Z,25.2,13.0,13.1,12.5,-0.1,0.1
1-2 дня,2026-08-07T22:45:57Z,2026-08-09T03:00:00Z,28.2,14.4,11.9,13.6,2.5,2.5
1-2 дня,2026-08-07T22:45:57Z,2026-08-09T06:00:00Z,31.2,16.0,15.2,15.4,0.8,0.8
1-2 дня,2026-08-07T22:45:57Z,2026-08-09T09:00:00Z,34.2,16.7,16.5,15.0,0.2,0.2
1-2 дня,2026-08-07T22:45:57Z,2026-08-09T12:00:00Z,37.2,16.7,16.7,15.4,0.0,0.0
1-2 дня,2026-08-07T22:45:57Z,2026-08-09T15:00:00Z,40.2,15.6,17.0,15.5,-1.4,1.4
1-2 дня,2026-08-07T22:45:57Z,2026-08-09T18:00:00Z,43.2,14.1,13.7,14.4,0.4,0.4
1-2 дня,2026-08-07T22:45:57Z,2026-08-09T21:00:00Z,46.2,12.4,10.4,13.6,2.0,2.0
1-2 дня,2026-08-07T23:19:23Z,2026-08-09T00:00:00Z,24.7,13.0,13.1,12.5,-0.1,0.1
1-2 дня,2026-08-07T23:19:23Z,2026-08-09T03:00:00Z,27.7,14.4,11.9,13.6,2.5,2.5
1-2 дня,2026-08-07T23:19:23Z,2026-08-09T06:00:00Z,30.7,16.0,15.2,15.4,0.8,0.8
1-2 дня,2026-08-07T23:19:23Z,2026-08-09T09:00:00Z,33.7,16.7,16.5,15.0,0.2,0.2
1-2 дня,2026-08-07T23:19:23Z,2026-08-09T12:00:00Z,36.7,16.7,16.7,15.4,0.0,0.0
1-2 дня,2026-08-07T23:19:23Z,2026-08-09T15:00:00Z,39.7,15.6,17.0,15.5,-1.4,1.4
1-2 дня,2026-08-07T23:19:23Z,2026-08-09T18:00:00Z,42.7,14.1,13.7,14.4,0.4,0.4
1-2 дня,2026-08-07T23:19:23Z,2026-08-09T21:00:00Z,45.7,12.4,10.4,13.6,2.0,2.0
1-2 дня,2026-08-08T04:50:53Z,2026-08-09T06:00:00Z,25.2,16.1,15.2,15.4,0.9,0.9
1-2 дня,2026-08-08T04:50:53Z,2026-08-09T09:00:00Z,28.2,16.9,16.5,15.0,0.4,0.4
1-2 дня,2026-08-08T04:50:53Z,2026-08-09T12:00:00Z,31.2,17.0,16.7,15.4,0.3,0.3
1-2 дня,2026-08-08T04:50:53Z,2026-08-09T15:00:00Z,34.2,15.9,17.0,15.5,-1.1,1.1
1-2 дня,2026-08-08T04:50:53Z,2026-08-09T18:00:00Z,37.2,14.3,13.7,14.4,0.6,0.6
1-2 дня,2026-08-08T04:50:53Z,2026-08-09T21:00:00Z,40.2,12.0,10.4,13.6,1.6,1.6
1-2 дня,2026-08-08T04:50:53Z,2026-08-10T00:00:00Z,43.2,10.8,10.8,13.1,0.0,0.0
1-2 дня,2026-08-08T04:50:53Z,2026-08-10T03:00:00Z,46.2,13.4,12.6,11.9,0.8,0.8
1-2 дня,2026-08-08T10:18:13Z,2026-08-09T12:00:00Z,25.7,17.3,16.7,15.4,0.6,0.6
1-2 дня,2026-08-08T10:18:13Z,2026-08-09T15:00:00Z,28.7,16.4,17.0,15.5,-0.6,0.6
1-2 дня,2026-08-08T10:18:13Z,2026-08-09T18:00:00Z,31.7,14.8,13.7,14.4,1.1,1.1
1-2 дня,2026-08-08T10:18:13Z,2026-08-09T21:00:00Z,34.7,12.3,10.4,13.6,1.9,1.9
1-2 дня,2026-08-08T10:18:13Z,2026-08-10T00:00:00Z,37.7,10.8,10.8,13.1,0.0,0.0
1-2 дня,2026-08-08T10:18:13Z,2026-08-10T03:00:00Z,40.7,13.2,12.6,11.9,0.6,0.6
1-2 дня,2026-08-08T10:18:13Z,2026-08-10T06:00:00Z,43.7,16.7,16.9,15.2,-0.2,0.2
1-2 дня,2026-08-08T10:18:13Z,2026-08-10T09:00:00Z,46.7,20.0,20.6,16.5,-0.6,0.6
1-2 дня,2026-08-08T22:37:20Z,2026-08-10T00:00:00Z,25.4,10.5,10.8,13.1,-0.3,0.3
1-2 дня,2026-08-08T22:37:20Z,2026-08-10T03:00:00Z,28.4,13.3,12.6,11.9,0.7,0.7
1-2 дня,2026-08-08T22:37:20Z,2026-08-10T06:00:00Z,31.4,17.3,16.9,15.2,0.4,0.4
1-2 дня,2026-08-08T22:37:20Z,2026-08-10T09:00:00Z,34.4,20.3,20.6,16.5,-0.3,0.3
1-2 дня,2026-08-08T22:37:20Z,2026-08-10T12:00:00Z,37.4,22.0,22.3,16.7,-0.3,0.3
1-2 дня,2026-08-08T22:37:20Z,2026-08-10T15:00:00Z,40.4,21.0,21.8,17.0,-0.8,0.8
1-2 дня,2026-08-08T22:37:20Z,2026-08-10T18:00:00Z,43.4,18.8,18.4,13.7,0.4,0.4
1-2 дня,2026-08-08T22:37:20Z,2026-08-10T21:00:00Z,46.4,16.2,15.0,10.4,1.2,1.2
1-2 дня,2026-08-09T04:59:03Z,2026-08-10T06:00:00Z,25.0,16.2,16.9,15.2,-0.7,0.7
1-2 дня,2026-08-09T04:59:03Z,2026-08-10T09:00:00Z,28.0,19.4,20.6,16.5,-1.2,1.2
1-2 дня,2026-08-09T04:59:03Z,2026-08-10T12:00:00Z,31.0,21.6,22.3,16.7,-0.7,0.7
1-2 дня,2026-08-09T04:59:03Z,2026-08-10T15:00:00Z,34.0,20.8,21.8,17.0,-1.0,1.0
1-2 дня,2026-08-09T04:59:03Z,2026-08-10T18:00:00Z,37.0,18.7,18.4,13.7,0.3,0.3
1-2 дня,2026-08-09T04:59:03Z,2026-08-10T21:00:00Z,40.0,16.3,15.0,10.4,1.3,1.3
1-2 дня,2026-08-09T04:59:03Z,2026-08-11T00:00:00Z,43.0,14.9,15.3,10.8,-0.4,0.4
1-2 дня,2026-08-09T04:59:03Z,2026-08-11T03:00:00Z,46.0,16.9,15.0,12.6,1.9,1.9
1-2 дня,2026-08-09T10:19:29Z,2026-08-10T12:00:00Z,25.7,21.6,22.3,16.7,-0.7,0.7
1-2 дня,2026-08-09T10:19:29Z,2026-08-10T15:00:00Z,28.7,20.5,21.8,17.0,-1.3,1.3
1-2 дня,2026-08-09T10:19:29Z,2026-08-10T18:00:00Z,31.7,18.4,18.4,13.7,0.0,0.0
1-2 дня,2026-08-09T10:19:29Z,2026-08-10T21:00:00Z,34.7,16.1,15.0,10.4,1.1,1.1
1-2 дня,2026-08-09T10:19:29Z,2026-08-11T00:00:00Z,37.7,14.8,15.3,10.8,-0.5,0.5
1-2 дня,2026-08-09T10:19:29Z,2026-08-11T03:00:00Z,40.7,16.8,15.0,12.6,1.8,1.8
1-2 дня,2026-08-09T10:19:29Z,2026-08-11T06:00:00Z,43.7,19.7,19.4,16.9,0.3,0.3
1-2 дня,2026-08-09T10:19:29Z,2026-08-11T09:00:00Z,46.7,22.3,23.5,20.6,-1.2,1.2
1-2 дня,2026-08-09T12:41:38Z,2026-08-10T15:00:00Z,26.3,20.5,21.8,17.0,-1.3,1.3
1-2 дня,2026-08-09T12:41:38Z,2026-08-10T18:00:00Z,29.3,18.4,18.4,13.7,0.0,0.0
1-2 дня,2026-08-09T12:41:38Z,2026-08-10T21:00:00Z,32.3,16.1,15.0,10.4,1.1,1.1
1-2 дня,2026-08-09T12:41:38Z,2026-08-11T00:00:00Z,35.3,14.8,15.3,10.8,-0.5,0.5
1-2 дня,2026-08-09T12:41:38Z,2026-08-11T03:00:00Z,38.3,16.8,15.0,12.6,1.8,1.8
1-2 дня,2026-08-09T12:41:38Z,2026-08-11T06:00:00Z,41.3,19.7,19.4,16.9,0.3,0.3
1-2 дня,2026-08-09T12:41:38Z,2026-08-11T09:00:00Z,44.3,22.3,23.5,20.6,-1.2,1.2
1-2 дня,2026-08-09T12:41:38Z,2026-08-11T12:00:00Z,47.3,23.7,24.1,22.3,-0.4,0.4
1-2 дня,2026-08-09T12:45:53Z,2026-08-10T15:00:00Z,26.2,20.5,21.8,17.0,-1.3,1.3
1-2 дня,2026-08-09T12:45:53Z,2026-08-10T18:00:00Z,29.2,18.4,18.4,13.7,0.0,0.0
1-2 дня,2026-08-09T12:45:53Z,2026-08-10T21:00:00Z,32.2,16.1,15.0,10.4,1.1,1.1
1-2 дня,2026-08-09T12:45:53Z,2026-08-11T00:00:00Z,35.2,14.8,15.3,10.8,-0.5,0.5
1-2 дня,2026-08-09T12:45:53Z,2026-08-11T03:00:00Z,38.2,16.8,15.0,12.6,1.8,1.8
1-2 дня,2026-08-09T12:45:53Z,2026-08-11T06:00:00Z,41.2,19.7,19.4,16.9,0.3,0.3
1-2 дня,2026-08-09T12:45:53Z,2026-08-11T09:00:00Z,44.2,22.3,23.5,20.6,-1.2,1.2
1-2 дня,2026-08-09T12:45:53Z,2026-08-11T12:00:00Z,47.2,23.7,24.1,22.3,-0.4,0.4
1-2 дня,2026-08-09T12:48:15Z,2026-08-10T15:00:00Z,26.2,20.5,21.8,17.0,-1.3,1.3
1-2 дня,2026-08-09T12:48:15Z,2026-08-10T18:00:00Z,29.2,18.4,18.4,13.7,0.0,0.0
1-2 дня,2026-08-09T12:48:15Z,2026-08-10T21:00:00Z,32.2,16.1,15.0,10.4,1.1,1.1
1-2 дня,2026-08-09T12:48:15Z,2026-08-11T00:00:00Z,35.2,14.8,15.3,10.8,-0.5,0.5
1-2 дня,2026-08-09T12:48:15Z,2026-08-11T03:00:00Z,38.2,16.8,15.0,12.6,1.8,1.8
1-2 дня,2026-08-09T12:48:15Z,2026-08-11T06:00:00Z,41.2,19.7,19.4,16.9,0.3,0.3
1-2 дня,2026-08-09T12:48:15Z,2026-08-11T09:00:00Z,44.2,22.3,23.5,20.6,-1.2,1.2
1-2 дня,2026-08-09T12:48:15Z,2026-08-11T12:00:00Z,47.2,23.7,24.1,22.3,-0.4,0.4
1-2 дня,2026-08-09T16:31:44Z,2026-08-10T18:00:00Z,25.5,17.9,18.4,13.7,-0.5,0.5
1-2 дня,2026-08-09T16:31:44Z,2026-08-10T21:00:00Z,28.5,15.9,15.0,10.4,0.9,0.9
1-2 дня,2026-08-09T16:31:44Z,2026-08-11T00:00:00Z,31.5,14.9,15.3,10.8,-0.4,0.4
1-2 дня,2026-08-09T16:31:44Z,2026-08-11T03:00:00Z,34.5,16.8,15.0,12.6,1.8,1.8
1-2 дня,2026-08-09T16:31:44Z,2026-08-11T06:00:00Z,37.5,19.6,19.4,16.9,0.2,0.2
1-2 дня,2026-08-09T16:31:44Z,2026-08-11T09:00:00Z,40.5,22.5,23.5,20.6,-1.0,1.0
1-2 дня,2026-08-09T16:31:44Z,2026-08-11T12:00:00Z,43.5,24.3,24.1,22.3,0.2,0.2
1-2 дня,2026-08-09T16:31:44Z,2026-08-11T15:00:00Z,46.5,22.8,19.2,21.8,3.6,3.6
1-2 дня,2026-08-09T22:39:09Z,2026-08-11T00:00:00Z,25.3,14.7,15.3,10.8,-0.6,0.6
1-2 дня,2026-08-09T22:39:09Z,2026-08-11T03:00:00Z,28.3,16.8,15.0,12.6,1.8,1.8
1-2 дня,2026-08-09T22:39:09Z,2026-08-11T06:00:00Z,31.3,19.7,19.4,16.9,0.3,0.3
1-2 дня,2026-08-09T22:39:09Z,2026-08-11T09:00:00Z,34.3,22.4,23.5,20.6,-1.1,1.1
1-2 дня,2026-08-09T22:39:09Z,2026-08-11T12:00:00Z,37.3,23.8,24.1,22.3,-0.3,0.3
1-2 дня,2026-08-09T22:39:09Z,2026-08-11T15:00:00Z,40.3,21.7,19.2,21.8,2.5,2.5
1-2 дня,2026-08-09T22:39:09Z,2026-08-11T18:00:00Z,43.3,18.5,16.8,18.4,1.7,1.7
1-2 дня,2026-08-09T22:39:09Z,2026-08-11T21:00:00Z,46.3,15.8,16.3,15.0,-0.5,0.5
1-2 дня,2026-08-10T05:20:42Z,2026-08-11T06:00:00Z,24.7,19.3,19.4,16.9,-0.1,0.1
1-2 дня,2026-08-10T05:20:42Z,2026-08-11T09:00:00Z,27.7,22.1,23.5,20.6,-1.4,1.4
1-2 дня,2026-08-10T05:20:42Z,2026-08-11T12:00:00Z,30.7,23.6,24.1,22.3,-0.5,0.5
1-2 дня,2026-08-10T05:20:42Z,2026-08-11T15:00:00Z,33.7,21.3,19.2,21.8,2.1,2.1
1-2 дня,2026-08-10T05:20:42Z,2026-08-11T18:00:00Z,36.7,18.3,16.8,18.4,1.5,1.5
1-2 дня,2026-08-10T05:20:42Z,2026-08-11T21:00:00Z,39.7,16.7,16.3,15.0,0.4,0.4
1-2 дня,2026-08-10T05:20:42Z,2026-08-12T00:00:00Z,42.7,15.7,15.2,15.3,0.5,0.5
1-2 дня,2026-08-10T05:20:42Z,2026-08-12T03:00:00Z,45.7,15.8,14.5,15.0,1.3,1.3
1-2 дня,2026-08-10T10:53:28Z,2026-08-11T12:00:00Z,25.1,23.6,24.1,22.3,-0.5,0.5
1-2 дня,2026-08-10T10:53:28Z,2026-08-11T15:00:00Z,28.1,21.9,19.2,21.8,2.7,2.7
1-2 дня,2026-08-10T10:53:28Z,2026-08-11T18:00:00Z,31.1,19.2,16.8,18.4,2.4,2.4
1-2 дня,2026-08-10T10:53:28Z,2026-08-11T21:00:00Z,34.1,16.6,16.3,15.0,0.3,0.3
1-2 дня,2026-08-10T10:53:28Z,2026-08-12T00:00:00Z,37.1,15.0,15.2,15.3,-0.2,0.2
1-2 дня,2026-08-10T10:53:28Z,2026-08-12T03:00:00Z,40.1,16.8,14.5,15.0,2.3,2.3
1-2 дня,2026-08-10T10:53:28Z,2026-08-12T06:00:00Z,43.1,18.9,14.7,19.4,4.2,4.2
1-2 дня,2026-08-10T10:53:28Z,2026-08-12T09:00:00Z,46.1,18.2,15.2,23.5,3.0,3.0
1-2 дня,2026-08-10T16:52:05Z,2026-08-11T18:00:00Z,25.1,18.2,16.8,18.4,1.4,1.4
1-2 дня,2026-08-10T16:52:05Z,2026-08-11T21:00:00Z,28.1,16.1,16.3,15.0,-0.2,0.2
1-2 дня,2026-08-10T16:52:05Z,2026-08-12T00:00:00Z,31.1,14.8,15.2,15.3,-0.4,0.4
1-2 дня,2026-08-10T16:52:05Z,2026-08-12T03:00:00Z,34.1,14.9,14.5,15.0,0.4,0.4
1-2 дня,2026-08-10T16:52:05Z,2026-08-12T06:00:00Z,37.1,15.3,14.7,19.4,0.6,0.6
1-2 дня,2026-08-10T16:52:05Z,2026-08-12T09:00:00Z,40.1,15.4,15.2,23.5,0.2,0.2
1-2 дня,2026-08-10T16:52:05Z,2026-08-12T12:00:00Z,43.1,14.9,11.9,24.1,3.0,3.0
1-2 дня,2026-08-10T16:52:05Z,2026-08-12T15:00:00Z,46.1,12.8,10.7,19.2,2.1,2.1
1-2 дня,2026-08-10T22:47:13Z,2026-08-12T00:00:00Z,25.2,15.1,15.2,15.3,-0.1,0.1
1-2 дня,2026-08-10T22:47:13Z,2026-08-12T03:00:00Z,28.2,14.7,14.5,15.0,0.2,0.2
1-2 дня,2026-08-10T22:47:13Z,2026-08-12T06:00:00Z,31.2,14.6,14.7,19.4,-0.1,0.1
1-2 дня,2026-08-10T22:47:13Z,2026-08-12T09:00:00Z,34.2,14.1,15.2,23.5,-1.1,1.1
1-2 дня,2026-08-10T22:47:13Z,2026-08-12T12:00:00Z,37.2,13.3,11.9,24.1,1.4,1.4
1-2 дня,2026-08-10T22:47:13Z,2026-08-12T15:00:00Z,40.2,11.7,10.7,19.2,1.0,1.0
1-2 дня,2026-08-10T22:47:13Z,2026-08-12T18:00:00Z,43.2,10.0,9.3,16.8,0.7,0.7
1-2 дня,2026-08-10T22:47:13Z,2026-08-12T21:00:00Z,46.2,9.0,8.4,16.3,0.6,0.6
1-2 дня,2026-08-11T05:01:49Z,2026-08-12T06:00:00Z,25.0,15.4,14.7,19.4,0.7,0.7
1-2 дня,2026-08-11T05:01:49Z,2026-08-12T09:00:00Z,28.0,15.4,15.2,23.5,0.2,0.2
1-2 дня,2026-08-11T05:01:49Z,2026-08-12T12:00:00Z,31.0,14.9,11.9,24.1,3.0,3.0
1-2 дня,2026-08-11T05:01:49Z,2026-08-12T15:00:00Z,34.0,13.2,10.7,19.2,2.5,2.5
1-2 дня,2026-08-11T05:01:49Z,2026-08-12T18:00:00Z,37.0,11.3,9.3,16.8,2.0,2.0
1-2 дня,2026-08-11T05:01:49Z,2026-08-12T21:00:00Z,40.0,9.9,8.4,16.3,1.5,1.5
1-2 дня,2026-08-11T05:01:49Z,2026-08-13T00:00:00Z,43.0,9.2,8.4,15.2,0.8,0.8
1-2 дня,2026-08-11T05:01:49Z,2026-08-13T03:00:00Z,46.0,9.8,8.4,14.5,1.4,1.4
1-2 дня,2026-08-11T10:38:45Z,2026-08-12T12:00:00Z,25.4,15.5,11.9,24.1,3.6,3.6
1-2 дня,2026-08-11T10:38:45Z,2026-08-12T15:00:00Z,28.4,13.4,10.7,19.2,2.7,2.7
1-2 дня,2026-08-11T10:38:45Z,2026-08-12T18:00:00Z,31.4,11.2,9.3,16.8,1.9,1.9
1-2 дня,2026-08-11T10:38:45Z,2026-08-12T21:00:00Z,34.4,9.8,8.4,16.3,1.4,1.4
1-2 дня,2026-08-11T10:38:45Z,2026-08-13T00:00:00Z,37.4,9.2,8.4,15.2,0.8,0.8
1-2 дня,2026-08-11T10:38:45Z,2026-08-13T03:00:00Z,40.4,10.1,8.4,14.5,1.7,1.7
1-2 дня,2026-08-11T10:38:45Z,2026-08-13T06:00:00Z,43.4,11.5,8.2,14.7,3.3,3.3
1-2 дня,2026-08-11T10:38:45Z,2026-08-13T09:00:00Z,46.4,12.9,8.3,15.2,4.6,4.6
2-3 дня,2026-08-06T09:50:07Z,2026-08-08T12:00:00Z,50.2,18.6,15.4,20.5,3.2,3.2
2-3 дня,2026-08-06T09:50:07Z,2026-08-08T15:00:00Z,53.2,17.1,15.5,15.6,1.6,1.6
2-3 дня,2026-08-06T09:50:07Z,2026-08-08T18:00:00Z,56.2,15.0,14.4,14.6,0.6,0.6
2-3 дня,2026-08-06T09:50:07Z,2026-08-08T21:00:00Z,59.2,13.2,13.6,13.5,-0.4,0.4
2-3 дня,2026-08-06T09:50:07Z,2026-08-09T00:00:00Z,62.2,11.9,13.1,12.5,-1.2,1.2
2-3 дня,2026-08-06T09:50:07Z,2026-08-09T03:00:00Z,65.2,11.9,11.9,13.6,0.0,0.0
2-3 дня,2026-08-06T09:50:07Z,2026-08-09T06:00:00Z,68.2,12.7,15.2,15.4,-2.5,2.5
2-3 дня,2026-08-06T09:50:07Z,2026-08-09T09:00:00Z,71.2,15.2,16.5,15.0,-1.3,1.3
2-3 дня,2026-08-06T09:59:18Z,2026-08-08T12:00:00Z,50.0,18.6,15.4,20.5,3.2,3.2
2-3 дня,2026-08-06T09:59:18Z,2026-08-08T15:00:00Z,53.0,17.1,15.5,15.6,1.6,1.6
2-3 дня,2026-08-06T09:59:18Z,2026-08-08T18:00:00Z,56.0,15.0,14.4,14.6,0.6,0.6
2-3 дня,2026-08-06T09:59:18Z,2026-08-08T21:00:00Z,59.0,13.2,13.6,13.5,-0.4,0.4
2-3 дня,2026-08-06T09:59:18Z,2026-08-09T00:00:00Z,62.0,11.9,13.1,12.5,-1.2,1.2
2-3 дня,2026-08-06T09:59:18Z,2026-08-09T03:00:00Z,65.0,11.9,11.9,13.6,0.0,0.0
2-3 дня,2026-08-06T09:59:18Z,2026-08-09T06:00:00Z,68.0,12.7,15.2,15.4,-2.5,2.5
2-3 дня,2026-08-06T09:59:18Z,2026-08-09T09:00:00Z,71.0,15.2,16.5,15.0,-1.3,1.3
2-3 дня,2026-08-06T10:08:26Z,2026-08-08T12:00:00Z,49.9,18.6,15.4,20.5,3.2,3.2
2-3 дня,2026-08-06T10:08:26Z,2026-08-08T15:00:00Z,52.9,17.1,15.5,15.6,1.6,1.6
2-3 дня,2026-08-06T10:08:26Z,2026-08-08T18:00:00Z,55.9,15.0,14.4,14.6,0.6,0.6
2-3 дня,2026-08-06T10:08:26Z,2026-08-08T21:00:00Z,58.9,13.2,13.6,13.5,-0.4,0.4
2-3 дня,2026-08-06T10:08:26Z,2026-08-09T00:00:00Z,61.9,11.9,13.1,12.5,-1.2,1.2
2-3 дня,2026-08-06T10:08:26Z,2026-08-09T03:00:00Z,64.9,11.9,11.9,13.6,0.0,0.0
2-3 дня,2026-08-06T10:08:26Z,2026-08-09T06:00:00Z,67.9,12.7,15.2,15.4,-2.5,2.5
2-3 дня,2026-08-06T10:08:26Z,2026-08-09T09:00:00Z,70.9,15.2,16.5,15.0,-1.3,1.3
2-3 дня,2026-08-06T10:47:54Z,2026-08-08T12:00:00Z,49.2,18.6,15.4,20.5,3.2,3.2
2-3 дня,2026-08-06T10:47:54Z,2026-08-08T15:00:00Z,52.2,17.1,15.5,15.6,1.6,1.6
2-3 дня,2026-08-06T10:47:54Z,2026-08-08T18:00:00Z,55.2,15.0,14.4,14.6,0.6,0.6
2-3 дня,2026-08-06T10:47:54Z,2026-08-08T21:00:00Z,58.2,13.2,13.6,13.5,-0.4,0.4
2-3 дня,2026-08-06T10:47:54Z,2026-08-09T00:00:00Z,61.2,11.9,13.1,12.5,-1.2,1.2
2-3 дня,2026-08-06T10:47:54Z,2026-08-09T03:00:00Z,64.2,11.9,11.9,13.6,0.0,0.0
2-3 дня,2026-08-06T10:47:54Z,2026-08-09T06:00:00Z,67.2,12.7,15.2,15.4,-2.5,2.5
2-3 дня,2026-08-06T10:47:54Z,2026-08-09T09:00:00Z,70.2,15.2,16.5,15.0,-1.3,1.3
2-3 дня,2026-08-06T11:30:42Z,2026-08-08T12:00:00Z,48.5,18.6,15.4,20.5,3.2,3.2
2-3 дня,2026-08-06T11:30:42Z,2026-08-08T15:00:00Z,51.5,17.1,15.5,15.6,1.6,1.6
2-3 дня,2026-08-06T11:30:42Z,2026-08-08T18:00:00Z,54.5,15.0,14.4,14.6,0.6,0.6
2-3 дня,2026-08-06T11:30:42Z,2026-08-08T21:00:00Z,57.5,13.2,13.6,13.5,-0.4,0.4
2-3 дня,2026-08-06T11:30:42Z,2026-08-09T00:00:00Z,60.5,11.9,13.1,12.5,-1.2,1.2
2-3 дня,2026-08-06T11:30:42Z,2026-08-09T03:00:00Z,63.5,11.9,11.9,13.6,0.0,0.0
2-3 дня,2026-08-06T11:30:42Z,2026-08-09T06:00:00Z,66.5,12.7,15.2,15.4,-2.5,2.5
2-3 дня,2026-08-06T11:30:42Z,2026-08-09T09:00:00Z,69.5,15.2,16.5,15.0,-1.3,1.3
2-3 дня,2026-08-06T11:36:01Z,2026-08-08T12:00:00Z,48.4,18.6,15.4,20.5,3.2,3.2
2-3 дня,2026-08-06T11:36:01Z,2026-08-08T15:00:00Z,51.4,17.1,15.5,15.6,1.6,1.6
2-3 дня,2026-08-06T11:36:01Z,2026-08-08T18:00:00Z,54.4,15.0,14.4,14.6,0.6,0.6
2-3 дня,2026-08-06T11:36:01Z,2026-08-08T21:00:00Z,57.4,13.2,13.6,13.5,-0.4,0.4
2-3 дня,2026-08-06T11:36:01Z,2026-08-09T00:00:00Z,60.4,11.9,13.1,12.5,-1.2,1.2
2-3 дня,2026-08-06T11:36:01Z,2026-08-09T03:00:00Z,63.4,11.9,11.9,13.6,0.0,0.0
2-3 дня,2026-08-06T11:36:01Z,2026-08-09T06:00:00Z,66.4,12.7,15.2,15.4,-2.5,2.5
2-3 дня,2026-08-06T11:36:01Z,2026-08-09T09:00:00Z,69.4,15.2,16.5,15.0,-1.3,1.3
2-3 дня,2026-08-06T11:44:08Z,2026-08-08T12:00:00Z,48.3,18.6,15.4,20.5,3.2,3.2
2-3 дня,2026-08-06T11:44:08Z,2026-08-08T15:00:00Z,51.3,17.1,15.5,15.6,1.6,1.6
2-3 дня,2026-08-06T11:44:08Z,2026-08-08T18:00:00Z,54.3,15.0,14.4,14.6,0.6,0.6
2-3 дня,2026-08-06T11:44:08Z,2026-08-08T21:00:00Z,57.3,13.2,13.6,13.5,-0.4,0.4
2-3 дня,2026-08-06T11:44:08Z,2026-08-09T00:00:00Z,60.3,11.9,13.1,12.5,-1.2,1.2
2-3 дня,2026-08-06T11:44:08Z,2026-08-09T03:00:00Z,63.3,11.9,11.9,13.6,0.0,0.0
2-3 дня,2026-08-06T11:44:08Z,2026-08-09T06:00:00Z,66.3,12.7,15.2,15.4,-2.5,2.5
2-3 дня,2026-08-06T11:44:08Z,2026-08-09T09:00:00Z,69.3,15.2,16.5,15.0,-1.3,1.3
2-3 дня,2026-08-07T01:31:32Z,2026-08-09T03:00:00Z,49.5,11.0,11.9,13.6,-0.9,0.9
2-3 дня,2026-08-07T01:31:32Z,2026-08-09T06:00:00Z,52.5,10.5,15.2,15.4,-4.7,4.7
2-3 дня,2026-08-07T01:31:32Z,2026-08-09T09:00:00Z,55.5,12.8,16.5,15.0,-3.7,3.7
2-3 дня,2026-08-07T01:31:32Z,2026-08-09T12:00:00Z,58.5,14.7,16.7,15.4,-2.0,2.0
2-3 дня,2026-08-07T01:31:32Z,2026-08-09T15:00:00Z,61.5,12.4,17.0,15.5,-4.6,4.6
2-3 дня,2026-08-07T01:31:32Z,2026-08-09T18:00:00Z,64.5,9.8,13.7,14.4,-3.9,3.9
2-3 дня,2026-08-07T01:31:32Z,2026-08-09T21:00:00Z,67.5,10.0,10.4,13.6,-0.4,0.4
2-3 дня,2026-08-07T01:31:32Z,2026-08-10T00:00:00Z,70.5,11.5,10.8,13.1,0.7,0.7
2-3 дня,2026-08-07T05:36:00Z,2026-08-09T06:00:00Z,48.4,15.4,15.2,15.4,0.2,0.2
2-3 дня,2026-08-07T05:36:00Z,2026-08-09T09:00:00Z,51.4,16.4,16.5,15.0,-0.1,0.1
2-3 дня,2026-08-07T05:36:00Z,2026-08-09T12:00:00Z,54.4,16.5,16.7,15.4,-0.2,0.2
2-3 дня,2026-08-07T05:36:00Z,2026-08-09T15:00:00Z,57.4,14.5,17.0,15.5,-2.5,2.5
2-3 дня,2026-08-07T05:36:00Z,2026-08-09T18:00:00Z,60.4,12.0,13.7,14.4,-1.7,1.7
2-3 дня,2026-08-07T05:36:00Z,2026-08-09T21:00:00Z,63.4,10.0,10.4,13.6,-0.4,0.4
2-3 дня,2026-08-07T05:36:00Z,2026-08-10T00:00:00Z,66.4,9.6,10.8,13.1,-1.2,1.2
2-3 дня,2026-08-07T05:36:00Z,2026-08-10T03:00:00Z,69.4,13.1,12.6,11.9,0.5,0.5
2-3 дня,2026-08-07T06:18:59Z,2026-08-09T09:00:00Z,50.7,16.4,16.5,15.0,-0.1,0.1
2-3 дня,2026-08-07T06:18:59Z,2026-08-09T12:00:00Z,53.7,16.5,16.7,15.4,-0.2,0.2
2-3 дня,2026-08-07T06:18:59Z,2026-08-09T15:00:00Z,56.7,14.5,17.0,15.5,-2.5,2.5
2-3 дня,2026-08-07T06:18:59Z,2026-08-09T18:00:00Z,59.7,12.0,13.7,14.4,-1.7,1.7
2-3 дня,2026-08-07T06:18:59Z,2026-08-09T21:00:00Z,62.7,10.0,10.4,13.6,-0.4,0.4
2-3 дня,2026-08-07T06:18:59Z,2026-08-10T00:00:00Z,65.7,9.6,10.8,13.1,-1.2,1.2
2-3 дня,2026-08-07T06:18:59Z,2026-08-10T03:00:00Z,68.7,13.1,12.6,11.9,0.5,0.5
2-3 дня,2026-08-07T06:18:59Z,2026-08-10T06:00:00Z,71.7,17.5,16.9,15.2,0.6,0.6
2-3 дня,2026-08-07T07:13:52Z,2026-08-09T09:00:00Z,49.8,16.4,16.5,15.0,-0.1,0.1
2-3 дня,2026-08-07T07:13:52Z,2026-08-09T12:00:00Z,52.8,16.5,16.7,15.4,-0.2,0.2
2-3 дня,2026-08-07T07:13:52Z,2026-08-09T15:00:00Z,55.8,14.5,17.0,15.5,-2.5,2.5
2-3 дня,2026-08-07T07:13:52Z,2026-08-09T18:00:00Z,58.8,12.0,13.7,14.4,-1.7,1.7
2-3 дня,2026-08-07T07:13:52Z,2026-08-09T21:00:00Z,61.8,10.0,10.4,13.6,-0.4,0.4
2-3 дня,2026-08-07T07:13:52Z,2026-08-10T00:00:00Z,64.8,9.6,10.8,13.1,-1.2,1.2
2-3 дня,2026-08-07T07:13:52Z,2026-08-10T03:00:00Z,67.8,13.1,12.6,11.9,0.5,0.5
2-3 дня,2026-08-07T07:13:52Z,2026-08-10T06:00:00Z,70.8,17.5,16.9,15.2,0.6,0.6
2-3 дня,2026-08-07T10:39:14Z,2026-08-09T12:00:00Z,49.3,15.7,16.7,15.4,-1.0,1.0
2-3 дня,2026-08-07T10:39:14Z,2026-08-09T15:00:00Z,52.3,14.4,17.0,15.5,-2.6,2.6
2-3 дня,2026-08-07T10:39:14Z,2026-08-09T18:00:00Z,55.3,12.9,13.7,14.4,-0.8,0.8
2-3 дня,2026-08-07T10:39:14Z,2026-08-09T21:00:00Z,58.3,11.7,10.4,13.6,1.3,1.3
2-3 дня,2026-08-07T10:39:14Z,2026-08-10T00:00:00Z,61.3,11.6,10.8,13.1,0.8,0.8
2-3 дня,2026-08-07T10:39:14Z,2026-08-10T03:00:00Z,64.3,14.3,12.6,11.9,1.7,1.7
2-3 дня,2026-08-07T10:39:14Z,2026-08-10T06:00:00Z,67.3,17.7,16.9,15.2,0.8,0.8
2-3 дня,2026-08-07T10:39:14Z,2026-08-10T09:00:00Z,70.3,20.5,20.6,16.5,-0.1,0.1
2-3 дня,2026-08-07T16:51:54Z,2026-08-09T18:00:00Z,49.1,12.3,13.7,14.4,-1.4,1.4
2-3 дня,2026-08-07T16:51:54Z,2026-08-09T21:00:00Z,52.1,11.3,10.4,13.6,0.9,0.9
2-3 дня,2026-08-07T16:51:54Z,2026-08-10T00:00:00Z,55.1,11.5,10.8,13.1,0.7,0.7
2-3 дня,2026-08-07T16:51:54Z,2026-08-10T03:00:00Z,58.1,14.5,12.6,11.9,1.9,1.9
2-3 дня,2026-08-07T16:51:54Z,2026-08-10T06:00:00Z,61.1,18.1,16.9,15.2,1.2,1.2
2-3 дня,2026-08-07T16:51:54Z,2026-08-10T09:00:00Z,64.1,20.9,20.6,16.5,0.3,0.3
2-3 дня,2026-08-07T16:51:54Z,2026-08-10T12:00:00Z,67.1,22.5,22.3,16.7,0.2,0.2
2-3 дня,2026-08-07T16:51:54Z,2026-08-10T15:00:00Z,70.1,21.2,21.8,17.0,-0.6,0.6
2-3 дня,2026-08-07T22:45:57Z,2026-08-10T00:00:00Z,49.2,11.7,10.8,13.1,0.9,0.9
2-3 дня,2026-08-07T22:45:57Z,2026-08-10T03:00:00Z,52.2,14.2,12.6,11.9,1.6,1.6
2-3 дня,2026-08-07T22:45:57Z,2026-08-10T06:00:00Z,55.2,17.7,16.9,15.2,0.8,0.8
2-3 дня,2026-08-07T22:45:57Z,2026-08-10T09:00:00Z,58.2,20.9,20.6,16.5,0.3,0.3
2-3 дня,2026-08-07T22:45:57Z,2026-08-10T12:00:00Z,61.2,22.7,22.3,16.7,0.4,0.4
2-3 дня,2026-08-07T22:45:57Z,2026-08-10T15:00:00Z,64.2,21.2,21.8,17.0,-0.6,0.6
2-3 дня,2026-08-07T22:45:57Z,2026-08-10T18:00:00Z,67.2,18.6,18.4,13.7,0.2,0.2
2-3 дня,2026-08-07T22:45:57Z,2026-08-10T21:00:00Z,70.2,16.2,15.0,10.4,1.2,1.2
2-3 дня,2026-08-07T23:19:23Z,2026-08-10T00:00:00Z,48.7,11.7,10.8,13.1,0.9,0.9
2-3 дня,2026-08-07T23:19:23Z,2026-08-10T03:00:00Z,51.7,14.2,12.6,11.9,1.6,1.6
2-3 дня,2026-08-07T23:19:23Z,2026-08-10T06:00:00Z,54.7,17.7,16.9,15.2,0.8,0.8
2-3 дня,2026-08-07T23:19:23Z,2026-08-10T09:00:00Z,57.7,20.9,20.6,16.5,0.3,0.3
2-3 дня,2026-08-07T23:19:23Z,2026-08-10T12:00:00Z,60.7,22.7,22.3,16.7,0.4,0.4
2-3 дня,2026-08-07T23:19:23Z,2026-08-10T15:00:00Z,63.7,21.2,21.8,17.0,-0.6,0.6
2-3 дня,2026-08-07T23:19:23Z,2026-08-10T18:00:00Z,66.7,18.6,18.4,13.7,0.2,0.2
2-3 дня,2026-08-07T23:19:23Z,2026-08-10T21:00:00Z,69.7,16.2,15.0,10.4,1.2,1.2
2-3 дня,2026-08-08T04:50:53Z,2026-08-10T06:00:00Z,49.2,17.0,16.9,15.2,0.1,0.1
2-3 дня,2026-08-08T04:50:53Z,2026-08-10T09:00:00Z,52.2,20.2,20.6,16.5,-0.4,0.4
2-3 дня,2026-08-08T04:50:53Z,2026-08-10T12:00:00Z,55.2,22.3,22.3,16.7,0.0,0.0
2-3 дня,2026-08-08T04:50:53Z,2026-08-10T15:00:00Z,58.2,21.1,21.8,17.0,-0.7,0.7
2-3 дня,2026-08-08T04:50:53Z,2026-08-10T18:00:00Z,61.2,18.8,18.4,13.7,0.4,0.4
2-3 дня,2026-08-08T04:50:53Z,2026-08-10T21:00:00Z,64.2,16.4,15.0,10.4,1.4,1.4
2-3 дня,2026-08-08T04:50:53Z,2026-08-11T00:00:00Z,67.2,15.0,15.3,10.8,-0.3,0.3
2-3 дня,2026-08-08T04:50:53Z,2026-08-11T03:00:00Z,70.2,17.0,15.0,12.6,2.0,2.0
2-3 дня,2026-08-08T10:18:13Z,2026-08-10T12:00:00Z,49.7,22.2,22.3,16.7,-0.1,0.1
2-3 дня,2026-08-08T10:18:13Z,2026-08-10T15:00:00Z,52.7,20.9,21.8,17.0,-0.9,0.9
2-3 дня,2026-08-08T10:18:13Z,2026-08-10T18:00:00Z,55.7,18.5,18.4,13.7,0.1,0.1
2-3 дня,2026-08-08T10:18:13Z,2026-08-10T21:00:00Z,58.7,16.2,15.0,10.4,1.2,1.2
2-3 дня,2026-08-08T10:18:13Z,2026-08-11T00:00:00Z,61.7,14.9,15.3,10.8,-0.4,0.4
2-3 дня,2026-08-08T10:18:13Z,2026-08-11T03:00:00Z,64.7,17.0,15.0,12.6,2.0,2.0
2-3 дня,2026-08-08T10:18:13Z,2026-08-11T06:00:00Z,67.7,20.0,19.4,16.9,0.6,0.6
2-3 дня,2026-08-08T10:18:13Z,2026-08-11T09:00:00Z,70.7,22.6,23.5,20.6,-0.9,0.9
2-3 дня,2026-08-08T22:37:20Z,2026-08-11T00:00:00Z,49.4,14.7,15.3,10.8,-0.6,0.6
2-3 дня,2026-08-08T22:37:20Z,2026-08-11T03:00:00Z,52.4,16.6,15.0,12.6,1.6,1.6
2-3 дня,2026-08-08T22:37:20Z,2026-08-11T06:00:00Z,55.4,19.6,19.4,16.9,0.2,0.2
2-3 дня,2026-08-08T22:37:20Z,2026-08-11T09:00:00Z,58.4,22.3,23.5,20.6,-1.2,1.2
2-3 дня,2026-08-08T22:37:20Z,2026-08-11T12:00:00Z,61.4,23.9,24.1,22.3,-0.2,0.2
2-3 дня,2026-08-08T22:37:20Z,2026-08-11T15:00:00Z,64.4,22.7,19.2,21.8,3.5,3.5
2-3 дня,2026-08-08T22:37:20Z,2026-08-11T18:00:00Z,67.4,20.4,16.8,18.4,3.6,3.6
2-3 дня,2026-08-08T22:37:20Z,2026-08-11T21:00:00Z,70.4,18.2,16.3,15.0,1.9,1.9
2-3 дня,2026-08-09T04:59:03Z,2026-08-11T06:00:00Z,49.0,19.8,19.4,16.9,0.4,0.4
2-3 дня,2026-08-09T04:59:03Z,2026-08-11T09:00:00Z,52.0,22.2,23.5,20.6,-1.3,1.3
2-3 дня,2026-08-09T04:59:03Z,2026-08-11T12:00:00Z,55.0,23.6,24.1,22.3,-0.5,0.5
2-3 дня,2026-08-09T04:59:03Z,2026-08-11T15:00:00Z,58.0,22.4,19.2,21.8,3.2,3.2
2-3 дня,2026-08-09T04:59:03Z,2026-08-11T18:00:00Z,61.0,20.4,16.8,18.4,3.6,3.6
2-3 дня,2026-08-09T04:59:03Z,2026-08-11T21:00:00Z,64.0,18.5,16.3,15.0,2.2,2.2
2-3 дня,2026-08-09T04:59:03Z,2026-08-12T00:00:00Z,67.0,17.4,15.2,15.3,2.2,2.2
2-3 дня,2026-08-09T04:59:03Z,2026-08-12T03:00:00Z,70.0,18.6,14.5,15.0,4.1,4.1
2-3 дня,2026-08-09T10:19:29Z,2026-08-11T12:00:00Z,49.7,23.7,24.1,22.3,-0.4,0.4
2-3 дня,2026-08-09T10:19:29Z,2026-08-11T15:00:00Z,52.7,21.6,19.2,21.8,2.4,2.4
2-3 дня,2026-08-09T10:19:29Z,2026-08-11T18:00:00Z,55.7,18.7,16.8,18.4,1.9,1.9
2-3 дня,2026-08-09T10:19:29Z,2026-08-11T21:00:00Z,58.7,17.8,16.3,15.0,1.5,1.5
2-3 дня,2026-08-09T10:19:29Z,2026-08-12T00:00:00Z,61.7,17.4,15.2,15.3,2.2,2.2
2-3 дня,2026-08-09T10:19:29Z,2026-08-12T03:00:00Z,64.7,16.7,14.5,15.0,2.2,2.2
2-3 дня,2026-08-09T10:19:29Z,2026-08-12T06:00:00Z,67.7,16.3,14.7,19.4,1.6,1.6
2-3 дня,2026-08-09T10:19:29Z,2026-08-12T09:00:00Z,70.7,17.1,15.2,23.5,1.9,1.9
2-3 дня,2026-08-09T12:41:38Z,2026-08-11T15:00:00Z,50.3,21.6,19.2,21.8,2.4,2.4
2-3 дня,2026-08-09T12:41:38Z,2026-08-11T18:00:00Z,53.3,18.7,16.8,18.4,1.9,1.9
2-3 дня,2026-08-09T12:41:38Z,2026-08-11T21:00:00Z,56.3,17.8,16.3,15.0,1.5,1.5
2-3 дня,2026-08-09T12:41:38Z,2026-08-12T00:00:00Z,59.3,17.4,15.2,15.3,2.2,2.2
2-3 дня,2026-08-09T12:41:38Z,2026-08-12T03:00:00Z,62.3,16.7,14.5,15.0,2.2,2.2
2-3 дня,2026-08-09T12:41:38Z,2026-08-12T06:00:00Z,65.3,16.3,14.7,19.4,1.6,1.6
2-3 дня,2026-08-09T12:41:38Z,2026-08-12T09:00:00Z,68.3,17.1,15.2,23.5,1.9,1.9
2-3 дня,2026-08-09T12:41:38Z,2026-08-12T12:00:00Z,71.3,17.4,11.9,24.1,5.5,5.5
2-3 дня,2026-08-09T12:45:53Z,2026-08-11T15:00:00Z,50.2,21.6,19.2,21.8,2.4,2.4
2-3 дня,2026-08-09T12:45:53Z,2026-08-11T18:00:00Z,53.2,18.7,16.8,18.4,1.9,1.9
2-3 дня,2026-08-09T12:45:53Z,2026-08-11T21:00:00Z,56.2,17.8,16.3,15.0,1.5,1.5
2-3 дня,2026-08-09T12:45:53Z,2026-08-12T00:00:00Z,59.2,17.4,15.2,15.3,2.2,2.2
2-3 дня,2026-08-09T12:45:53Z,2026-08-12T03:00:00Z,62.2,16.7,14.5,15.0,2.2,2.2
2-3 дня,2026-08-09T12:45:53Z,2026-08-12T06:00:00Z,65.2,16.3,14.7,19.4,1.6,1.6
2-3 дня,2026-08-09T12:45:53Z,2026-08-12T09:00:00Z,68.2,17.1,15.2,23.5,1.9,1.9
2-3 дня,2026-08-09T12:45:53Z,2026-08-12T12:00:00Z,71.2,17.4,11.9,24.1,5.5,5.5
2-3 дня,2026-08-09T12:48:15Z,2026-08-11T15:00:00Z,50.2,21.6,19.2,21.8,2.4,2.4
2-3 дня,2026-08-09T12:48:15Z,2026-08-11T18:00:00Z,53.2,18.7,16.8,18.4,1.9,1.9
2-3 дня,2026-08-09T12:48:15Z,2026-08-11T21:00:00Z,56.2,17.8,16.3,15.0,1.5,1.5
2-3 дня,2026-08-09T12:48:15Z,2026-08-12T00:00:00Z,59.2,17.4,15.2,15.3,2.2,2.2
2-3 дня,2026-08-09T12:48:15Z,2026-08-12T03:00:00Z,62.2,16.7,14.5,15.0,2.2,2.2
2-3 дня,2026-08-09T12:48:15Z,2026-08-12T06:00:00Z,65.2,16.3,14.7,19.4,1.6,1.6
2-3 дня,2026-08-09T12:48:15Z,2026-08-12T09:00:00Z,68.2,17.1,15.2,23.5,1.9,1.9
2-3 дня,2026-08-09T12:48:15Z,2026-08-12T12:00:00Z,71.2,17.4,11.9,24.1,5.5,5.5
2-3 дня,2026-08-09T16:31:44Z,2026-08-11T18:00:00Z,49.5,20.3,16.8,18.4,3.5,3.5
2-3 дня,2026-08-09T16:31:44Z,2026-08-11T21:00:00Z,52.5,18.1,16.3,15.0,1.8,1.8
2-3 дня,2026-08-09T16:31:44Z,2026-08-12T00:00:00Z,55.5,16.6,15.2,15.3,1.4,1.4
2-3 дня,2026-08-09T16:31:44Z,2026-08-12T03:00:00Z,58.5,17.4,14.5,15.0,2.9,2.9
2-3 дня,2026-08-09T16:31:44Z,2026-08-12T06:00:00Z,61.5,18.6,14.7,19.4,3.9,3.9
2-3 дня,2026-08-09T16:31:44Z,2026-08-12T09:00:00Z,64.5,18.9,15.2,23.5,3.7,3.7
2-3 дня,2026-08-09T16:31:44Z,2026-08-12T12:00:00Z,67.5,18.6,11.9,24.1,6.7,6.7
2-3 дня,2026-08-09T16:31:44Z,2026-08-12T15:00:00Z,70.5,17.8,10.7,19.2,7.1,7.1
2-3 дня,2026-08-09T22:39:09Z,2026-08-12T00:00:00Z,49.3,14.3,15.2,15.3,-0.9,0.9
2-3 дня,2026-08-09T22:39:09Z,2026-08-12T03:00:00Z,52.3,16.7,14.5,15.0,2.2,2.2
2-3 дня,2026-08-09T22:39:09Z,2026-08-12T06:00:00Z,55.3,19.6,14.7,19.4,4.9,4.9
2-3 дня,2026-08-09T22:39:09Z,2026-08-12T09:00:00Z,58.3,20.2,15.2,23.5,5.0,5.0
2-3 дня,2026-08-09T22:39:09Z,2026-08-12T12:00:00Z,61.3,19.5,11.9,24.1,7.6,7.6
2-3 дня,2026-08-09T22:39:09Z,2026-08-12T15:00:00Z,64.3,17.1,10.7,19.2,6.4,6.4
2-3 дня,2026-08-09T22:39:09Z,2026-08-12T18:00:00Z,67.3,14.3,9.3,16.8,5.0,5.0
2-3 дня,2026-08-09T22:39:09Z,2026-08-12T21:00:00Z,70.3,12.3,8.4,16.3,3.9,3.9
2-3 дня,2026-08-10T05:20:42Z,2026-08-12T06:00:00Z,48.7,16.0,14.7,19.4,1.3,1.3
2-3 дня,2026-08-10T05:20:42Z,2026-08-12T09:00:00Z,51.7,15.8,15.2,23.5,0.6,0.6
2-3 дня,2026-08-10T05:20:42Z,2026-08-12T12:00:00Z,54.7,15.0,11.9,24.1,3.1,3.1
2-3 дня,2026-08-10T05:20:42Z,2026-08-12T15:00:00Z,57.7,13.0,10.7,19.2,2.3,2.3
2-3 дня,2026-08-10T05:20:42Z,2026-08-12T18:00:00Z,60.7,10.8,9.3,16.8,1.5,1.5
2-3 дня,2026-08-10T05:20:42Z,2026-08-12T21:00:00Z,63.7,9.4,8.4,16.3,1.0,1.0
2-3 дня,2026-08-10T05:20:42Z,2026-08-13T00:00:00Z,66.7,8.6,8.4,15.2,0.2,0.2
2-3 дня,2026-08-10T05:20:42Z,2026-08-13T03:00:00Z,69.7,8.8,8.4,14.5,0.4,0.4
2-3 дня,2026-08-10T10:53:28Z,2026-08-12T12:00:00Z,49.1,16.7,11.9,24.1,4.8,4.8
2-3 дня,2026-08-10T10:53:28Z,2026-08-12T15:00:00Z,52.1,15.8,10.7,19.2,5.1,5.1
2-3 дня,2026-08-10T10:53:28Z,2026-08-12T18:00:00Z,55.1,14.7,9.3,16.8,5.4,5.4
2-3 дня,2026-08-10T10:53:28Z,2026-08-12T21:00:00Z,58.1,12.1,8.4,16.3,3.7,3.7
2-3 дня,2026-08-10T10:53:28Z,2026-08-13T00:00:00Z,61.1,9.8,8.4,15.2,1.4,1.4
2-3 дня,2026-08-10T10:53:28Z,2026-08-13T03:00:00Z,64.1,9.6,8.4,14.5,1.2,1.2
2-3 дня,2026-08-10T10:53:28Z,2026-08-13T06:00:00Z,67.1,10.0,8.2,14.7,1.8,1.8
2-3 дня,2026-08-10T10:53:28Z,2026-08-13T09:00:00Z,70.1,10.5,8.3,15.2,2.2,2.2
2-3 дня,2026-08-10T16:52:05Z,2026-08-12T18:00:00Z,49.1,10.5,9.3,16.8,1.2,1.2
2-3 дня,2026-08-10T16:52:05Z,2026-08-12T21:00:00Z,52.1,9.2,8.4,16.3,0.8,0.8
2-3 дня,2026-08-10T16:52:05Z,2026-08-13T00:00:00Z,55.1,8.6,8.4,15.2,0.2,0.2
2-3 дня,2026-08-10T16:52:05Z,2026-08-13T03:00:00Z,58.1,8.6,8.4,14.5,0.2,0.2
2-3 дня,2026-08-10T16:52:05Z,2026-08-13T06:00:00Z,61.1,9.0,8.2,14.7,0.8,0.8
2-3 дня,2026-08-10T16:52:05Z,2026-08-13T09:00:00Z,64.1,9.7,8.3,15.2,1.4,1.4
2-3 дня,2026-08-10T22:47:13Z,2026-08-13T00:00:00Z,49.2,8.7,8.4,15.2,0.3,0.3
2-3 дня,2026-08-10T22:47:13Z,2026-08-13T03:00:00Z,52.2,9.7,8.4,14.5,1.3,1.3
2-3 дня,2026-08-10T22:47:13Z,2026-08-13T06:00:00Z,55.2,11.0,8.2,14.7,2.8,2.8
2-3 дня,2026-08-10T22:47:13Z,2026-08-13T09:00:00Z,58.2,11.5,8.3,15.2,3.2,3.2
2-3 дня,2026-08-11T05:01:49Z,2026-08-13T06:00:00Z,49.0,10.9,8.2,14.7,2.7,2.7
2-3 дня,2026-08-11T05:01:49Z,2026-08-13T09:00:00Z,52.0,12.1,8.3,15.2,3.8,3.8
3-5 дней,2026-08-06T09:50:07Z,2026-08-09T12:00:00Z,74.2,16.9,16.7,16.3,0.2,0.2
3-5 дней,2026-08-06T09:50:07Z,2026-08-09T15:00:00Z,77.2,14.3,17.0,16.3,-2.7,2.7
3-5 дней,2026-08-06T09:50:07Z,2026-08-09T18:00:00Z,80.2,11.4,13.7,16.3,-2.3,2.3
3-5 дней,2026-08-06T09:50:07Z,2026-08-09T21:00:00Z,83.2,11.7,10.4,16.3,1.3,1.3
3-5 дней,2026-08-06T09:50:07Z,2026-08-10T00:00:00Z,86.2,13.3,10.8,16.3,2.5,2.5
3-5 дней,2026-08-06T09:50:07Z,2026-08-10T03:00:00Z,89.2,16.1,12.6,16.3,3.5,3.5
3-5 дней,2026-08-06T09:50:07Z,2026-08-10T06:00:00Z,92.2,19.2,16.9,16.3,2.3,2.3
3-5 дней,2026-08-06T09:50:07Z,2026-08-10T09:00:00Z,95.2,22.3,20.6,16.3,1.7,1.7
3-5 дней,2026-08-06T09:50:07Z,2026-08-10T12:00:00Z,98.2,24.0,22.3,16.3,1.7,1.7
3-5 дней,2026-08-06T09:50:07Z,2026-08-10T15:00:00Z,101.2,21.9,21.8,16.3,0.1,0.1
3-5 дней,2026-08-06T09:50:07Z,2026-08-10T18:00:00Z,104.2,18.7,18.4,16.3,0.3,0.3
3-5 дней,2026-08-06T09:50:07Z,2026-08-10T21:00:00Z,107.2,16.1,15.0,16.3,1.1,1.1
3-5 дней,2026-08-06T09:50:07Z,2026-08-11T00:00:00Z,110.2,14.9,15.3,16.3,-0.4,0.4
3-5 дней,2026-08-06T09:50:07Z,2026-08-11T03:00:00Z,113.2,17.0,15.0,16.3,2.0,2.0
3-5 дней,2026-08-06T09:50:07Z,2026-08-11T06:00:00Z,116.2,20.1,19.4,16.3,0.7,0.7
3-5 дней,2026-08-06T09:50:07Z,2026-08-11T09:00:00Z,119.2,23.0,23.5,16.3,-0.5,0.5
3-5 дней,2026-08-06T09:59:18Z,2026-08-09T12:00:00Z,74.0,16.9,16.7,16.3,0.2,0.2
3-5 дней,2026-08-06T09:59:18Z,2026-08-09T15:00:00Z,77.0,14.3,17.0,16.3,-2.7,2.7
3-5 дней,2026-08-06T09:59:18Z,2026-08-09T18:00:00Z,80.0,11.4,13.7,16.3,-2.3,2.3
3-5 дней,2026-08-06T09:59:18Z,2026-08-09T21:00:00Z,83.0,11.7,10.4,16.3,1.3,1.3
3-5 дней,2026-08-06T09:59:18Z,2026-08-10T00:00:00Z,86.0,13.3,10.8,16.3,2.5,2.5
3-5 дней,2026-08-06T09:59:18Z,2026-08-10T03:00:00Z,89.0,16.1,12.6,16.3,3.5,3.5
3-5 дней,2026-08-06T09:59:18Z,2026-08-10T06:00:00Z,92.0,19.2,16.9,16.3,2.3,2.3
3-5 дней,2026-08-06T09:59:18Z,2026-08-10T09:00:00Z,95.0,22.3,20.6,16.3,1.7,1.7
3-5 дней,2026-08-06T09:59:18Z,2026-08-10T12:00:00Z,98.0,24.0,22.3,16.3,1.7,1.7
3-5 дней,2026-08-06T09:59:18Z,2026-08-10T15:00:00Z,101.0,21.9,21.8,16.3,0.1,0.1
3-5 дней,2026-08-06T09:59:18Z,2026-08-10T18:00:00Z,104.0,18.7,18.4,16.3,0.3,0.3
3-5 дней,2026-08-06T09:59:18Z,2026-08-10T21:00:00Z,107.0,16.1,15.0,16.3,1.1,1.1
3-5 дней,2026-08-06T09:59:18Z,2026-08-11T00:00:00Z,110.0,14.9,15.3,16.3,-0.4,0.4
3-5 дней,2026-08-06T09:59:18Z,2026-08-11T03:00:00Z,113.0,17.0,15.0,16.3,2.0,2.0
3-5 дней,2026-08-06T09:59:18Z,2026-08-11T06:00:00Z,116.0,20.1,19.4,16.3,0.7,0.7
3-5 дней,2026-08-06T09:59:18Z,2026-08-11T09:00:00Z,119.0,23.0,23.5,16.3,-0.5,0.5
3-5 дней,2026-08-06T10:08:26Z,2026-08-09T12:00:00Z,73.9,16.9,16.7,16.3,0.2,0.2
3-5 дней,2026-08-06T10:08:26Z,2026-08-09T15:00:00Z,76.9,14.3,17.0,16.3,-2.7,2.7
3-5 дней,2026-08-06T10:08:26Z,2026-08-09T18:00:00Z,79.9,11.4,13.7,16.3,-2.3,2.3
3-5 дней,2026-08-06T10:08:26Z,2026-08-09T21:00:00Z,82.9,11.7,10.4,16.3,1.3,1.3
3-5 дней,2026-08-06T10:08:26Z,2026-08-10T00:00:00Z,85.9,13.3,10.8,16.3,2.5,2.5
3-5 дней,2026-08-06T10:08:26Z,2026-08-10T03:00:00Z,88.9,16.1,12.6,16.3,3.5,3.5
3-5 дней,2026-08-06T10:08:26Z,2026-08-10T06:00:00Z,91.9,19.2,16.9,16.3,2.3,2.3
3-5 дней,2026-08-06T10:08:26Z,2026-08-10T09:00:00Z,94.9,22.3,20.6,16.3,1.7,1.7
3-5 дней,2026-08-06T10:08:26Z,2026-08-10T12:00:00Z,97.9,24.0,22.3,16.3,1.7,1.7
3-5 дней,2026-08-06T10:08:26Z,2026-08-10T15:00:00Z,100.9,21.9,21.8,16.3,0.1,0.1
3-5 дней,2026-08-06T10:08:26Z,2026-08-10T18:00:00Z,103.9,18.7,18.4,16.3,0.3,0.3
3-5 дней,2026-08-06T10:08:26Z,2026-08-10T21:00:00Z,106.9,16.1,15.0,16.3,1.1,1.1
3-5 дней,2026-08-06T10:08:26Z,2026-08-11T00:00:00Z,109.9,14.9,15.3,16.3,-0.4,0.4
3-5 дней,2026-08-06T10:08:26Z,2026-08-11T03:00:00Z,112.9,17.0,15.0,16.3,2.0,2.0
3-5 дней,2026-08-06T10:08:26Z,2026-08-11T06:00:00Z,115.9,20.1,19.4,16.3,0.7,0.7
3-5 дней,2026-08-06T10:08:26Z,2026-08-11T09:00:00Z,118.9,23.0,23.5,16.3,-0.5,0.5
3-5 дней,2026-08-06T10:47:54Z,2026-08-09T12:00:00Z,73.2,16.9,16.7,16.3,0.2,0.2
3-5 дней,2026-08-06T10:47:54Z,2026-08-09T15:00:00Z,76.2,14.3,17.0,16.3,-2.7,2.7
3-5 дней,2026-08-06T10:47:54Z,2026-08-09T18:00:00Z,79.2,11.4,13.7,16.3,-2.3,2.3
3-5 дней,2026-08-06T10:47:54Z,2026-08-09T21:00:00Z,82.2,11.7,10.4,16.3,1.3,1.3
3-5 дней,2026-08-06T10:47:54Z,2026-08-10T00:00:00Z,85.2,13.3,10.8,16.3,2.5,2.5
3-5 дней,2026-08-06T10:47:54Z,2026-08-10T03:00:00Z,88.2,16.1,12.6,16.3,3.5,3.5
3-5 дней,2026-08-06T10:47:54Z,2026-08-10T06:00:00Z,91.2,19.2,16.9,16.3,2.3,2.3
3-5 дней,2026-08-06T10:47:54Z,2026-08-10T09:00:00Z,94.2,22.3,20.6,16.3,1.7,1.7
3-5 дней,2026-08-06T10:47:54Z,2026-08-10T12:00:00Z,97.2,24.0,22.3,16.3,1.7,1.7
3-5 дней,2026-08-06T10:47:54Z,2026-08-10T15:00:00Z,100.2,21.9,21.8,16.3,0.1,0.1
3-5 дней,2026-08-06T10:47:54Z,2026-08-10T18:00:00Z,103.2,18.7,18.4,16.3,0.3,0.3
3-5 дней,2026-08-06T10:47:54Z,2026-08-10T21:00:00Z,106.2,16.1,15.0,16.3,1.1,1.1
3-5 дней,2026-08-06T10:47:54Z,2026-08-11T00:00:00Z,109.2,14.9,15.3,16.3,-0.4,0.4
3-5 дней,2026-08-06T10:47:54Z,2026-08-11T03:00:00Z,112.2,17.0,15.0,16.3,2.0,2.0
3-5 дней,2026-08-06T10:47:54Z,2026-08-11T06:00:00Z,115.2,20.1,19.4,16.3,0.7,0.7
3-5 дней,2026-08-06T10:47:54Z,2026-08-11T09:00:00Z,118.2,23.0,23.5,16.3,-0.5,0.5
3-5 дней,2026-08-06T11:30:42Z,2026-08-09T12:00:00Z,72.5,16.9,16.7,16.3,0.2,0.2
3-5 дней,2026-08-06T11:30:42Z,2026-08-09T15:00:00Z,75.5,14.3,17.0,16.3,-2.7,2.7
3-5 дней,2026-08-06T11:30:42Z,2026-08-09T18:00:00Z,78.5,11.4,13.7,16.3,-2.3,2.3
3-5 дней,2026-08-06T11:30:42Z,2026-08-09T21:00:00Z,81.5,11.7,10.4,16.3,1.3,1.3
3-5 дней,2026-08-06T11:30:42Z,2026-08-10T00:00:00Z,84.5,13.3,10.8,16.3,2.5,2.5
3-5 дней,2026-08-06T11:30:42Z,2026-08-10T03:00:00Z,87.5,16.1,12.6,16.3,3.5,3.5
3-5 дней,2026-08-06T11:30:42Z,2026-08-10T06:00:00Z,90.5,19.2,16.9,16.3,2.3,2.3
3-5 дней,2026-08-06T11:30:42Z,2026-08-10T09:00:00Z,93.5,22.3,20.6,16.3,1.7,1.7
3-5 дней,2026-08-06T11:30:42Z,2026-08-10T12:00:00Z,96.5,24.0,22.3,16.3,1.7,1.7
3-5 дней,2026-08-06T11:30:42Z,2026-08-10T15:00:00Z,99.5,21.9,21.8,16.3,0.1,0.1
3-5 дней,2026-08-06T11:30:42Z,2026-08-10T18:00:00Z,102.5,18.7,18.4,16.3,0.3,0.3
3-5 дней,2026-08-06T11:30:42Z,2026-08-10T21:00:00Z,105.5,16.1,15.0,16.3,1.1,1.1
3-5 дней,2026-08-06T11:30:42Z,2026-08-11T00:00:00Z,108.5,14.9,15.3,16.3,-0.4,0.4
3-5 дней,2026-08-06T11:30:42Z,2026-08-11T03:00:00Z,111.5,17.0,15.0,16.3,2.0,2.0
3-5 дней,2026-08-06T11:30:42Z,2026-08-11T06:00:00Z,114.5,20.1,19.4,16.3,0.7,0.7
3-5 дней,2026-08-06T11:30:42Z,2026-08-11T09:00:00Z,117.5,23.0,23.5,16.3,-0.5,0.5
3-5 дней,2026-08-06T11:36:01Z,2026-08-09T12:00:00Z,72.4,16.9,16.7,16.3,0.2,0.2
3-5 дней,2026-08-06T11:36:01Z,2026-08-09T15:00:00Z,75.4,14.3,17.0,16.3,-2.7,2.7
3-5 дней,2026-08-06T11:36:01Z,2026-08-09T18:00:00Z,78.4,11.4,13.7,16.3,-2.3,2.3
3-5 дней,2026-08-06T11:36:01Z,2026-08-09T21:00:00Z,81.4,11.7,10.4,16.3,1.3,1.3
3-5 дней,2026-08-06T11:36:01Z,2026-08-10T00:00:00Z,84.4,13.3,10.8,16.3,2.5,2.5
3-5 дней,2026-08-06T11:36:01Z,2026-08-10T03:00:00Z,87.4,16.1,12.6,16.3,3.5,3.5
3-5 дней,2026-08-06T11:36:01Z,2026-08-10T06:00:00Z,90.4,19.2,16.9,16.3,2.3,2.3
3-5 дней,2026-08-06T11:36:01Z,2026-08-10T09:00:00Z,93.4,22.3,20.6,16.3,1.7,1.7
3-5 дней,2026-08-06T11:36:01Z,2026-08-10T12:00:00Z,96.4,24.0,22.3,16.3,1.7,1.7
3-5 дней,2026-08-06T11:36:01Z,2026-08-10T15:00:00Z,99.4,21.9,21.8,16.3,0.1,0.1
3-5 дней,2026-08-06T11:36:01Z,2026-08-10T18:00:00Z,102.4,18.7,18.4,16.3,0.3,0.3
3-5 дней,2026-08-06T11:36:01Z,2026-08-10T21:00:00Z,105.4,16.1,15.0,16.3,1.1,1.1
3-5 дней,2026-08-06T11:36:01Z,2026-08-11T00:00:00Z,108.4,14.9,15.3,16.3,-0.4,0.4
3-5 дней,2026-08-06T11:36:01Z,2026-08-11T03:00:00Z,111.4,17.0,15.0,16.3,2.0,2.0
3-5 дней,2026-08-06T11:36:01Z,2026-08-11T06:00:00Z,114.4,20.1,19.4,16.3,0.7,0.7
3-5 дней,2026-08-06T11:36:01Z,2026-08-11T09:00:00Z,117.4,23.0,23.5,16.3,-0.5,0.5
3-5 дней,2026-08-06T11:44:08Z,2026-08-09T12:00:00Z,72.3,16.9,16.7,16.3,0.2,0.2
3-5 дней,2026-08-06T11:44:08Z,2026-08-09T15:00:00Z,75.3,14.3,17.0,16.3,-2.7,2.7
3-5 дней,2026-08-06T11:44:08Z,2026-08-09T18:00:00Z,78.3,11.4,13.7,16.3,-2.3,2.3
3-5 дней,2026-08-06T11:44:08Z,2026-08-09T21:00:00Z,81.3,11.7,10.4,16.3,1.3,1.3
3-5 дней,2026-08-06T11:44:08Z,2026-08-10T00:00:00Z,84.3,13.3,10.8,16.3,2.5,2.5
3-5 дней,2026-08-06T11:44:08Z,2026-08-10T03:00:00Z,87.3,16.1,12.6,16.3,3.5,3.5
3-5 дней,2026-08-06T11:44:08Z,2026-08-10T06:00:00Z,90.3,19.2,16.9,16.3,2.3,2.3
3-5 дней,2026-08-06T11:44:08Z,2026-08-10T09:00:00Z,93.3,22.3,20.6,16.3,1.7,1.7
3-5 дней,2026-08-06T11:44:08Z,2026-08-10T12:00:00Z,96.3,24.0,22.3,16.3,1.7,1.7
3-5 дней,2026-08-06T11:44:08Z,2026-08-10T15:00:00Z,99.3,21.9,21.8,16.3,0.1,0.1
3-5 дней,2026-08-06T11:44:08Z,2026-08-10T18:00:00Z,102.3,18.7,18.4,16.3,0.3,0.3
3-5 дней,2026-08-06T11:44:08Z,2026-08-10T21:00:00Z,105.3,16.1,15.0,16.3,1.1,1.1
3-5 дней,2026-08-06T11:44:08Z,2026-08-11T00:00:00Z,108.3,14.9,15.3,16.3,-0.4,0.4
3-5 дней,2026-08-06T11:44:08Z,2026-08-11T03:00:00Z,111.3,17.0,15.0,16.3,2.0,2.0
3-5 дней,2026-08-06T11:44:08Z,2026-08-11T06:00:00Z,114.3,20.1,19.4,16.3,0.7,0.7
3-5 дней,2026-08-06T11:44:08Z,2026-08-11T09:00:00Z,117.3,23.0,23.5,16.3,-0.5,0.5
3-5 дней,2026-08-07T01:31:32Z,2026-08-10T03:00:00Z,73.5,13.7,12.6,13.6,1.1,1.1
3-5 дней,2026-08-07T01:31:32Z,2026-08-10T06:00:00Z,76.5,16.4,16.9,13.6,-0.5,0.5
3-5 дней,2026-08-07T01:31:32Z,2026-08-10T09:00:00Z,79.5,20.0,20.6,13.6,-0.6,0.6
3-5 дней,2026-08-07T01:31:32Z,2026-08-10T12:00:00Z,82.5,22.5,22.3,13.6,0.2,0.2
3-5 дней,2026-08-07T01:31:32Z,2026-08-10T15:00:00Z,85.5,20.7,21.8,13.6,-1.1,1.1
3-5 дней,2026-08-07T01:31:32Z,2026-08-10T18:00:00Z,88.5,17.9,18.4,13.6,-0.5,0.5
3-5 дней,2026-08-07T01:31:32Z,2026-08-10T21:00:00Z,91.5,15.9,15.0,13.6,0.9,0.9
3-5 дней,2026-08-07T01:31:32Z,2026-08-11T00:00:00Z,94.5,15.1,15.3,13.6,-0.2,0.2
3-5 дней,2026-08-07T01:31:32Z,2026-08-11T03:00:00Z,97.5,17.0,15.0,13.6,2.0,2.0
3-5 дней,2026-08-07T01:31:32Z,2026-08-11T06:00:00Z,100.5,19.9,19.4,13.6,0.5,0.5
3-5 дней,2026-08-07T01:31:32Z,2026-08-11T09:00:00Z,103.5,22.5,23.5,13.6,-1.0,1.0
3-5 дней,2026-08-07T01:31:32Z,2026-08-11T12:00:00Z,106.5,24.0,24.1,13.6,-0.1,0.1
3-5 дней,2026-08-07T01:31:32Z,2026-08-11T15:00:00Z,109.5,22.9,19.2,13.6,3.7,3.7
3-5 дней,2026-08-07T01:31:32Z,2026-08-11T18:00:00Z,112.5,20.8,16.8,13.6,4.0,4.0
3-5 дней,2026-08-07T01:31:32Z,2026-08-11T21:00:00Z,115.5,19.0,16.3,13.6,2.7,2.7
3-5 дней,2026-08-07T01:31:32Z,2026-08-12T00:00:00Z,118.5,17.7,15.2,13.6,2.5,2.5
3-5 дней,2026-08-07T05:36:00Z,2026-08-10T06:00:00Z,72.4,17.5,16.9,14.2,0.6,0.6
3-5 дней,2026-08-07T05:36:00Z,2026-08-10T09:00:00Z,75.4,20.5,20.6,14.2,-0.1,0.1
3-5 дней,2026-08-07T05:36:00Z,2026-08-10T12:00:00Z,78.4,22.1,22.3,14.2,-0.2,0.2
3-5 дней,2026-08-07T05:36:00Z,2026-08-10T15:00:00Z,81.4,20.7,21.8,14.2,-1.1,1.1
3-5 дней,2026-08-07T05:36:00Z,2026-08-10T18:00:00Z,84.4,18.4,18.4,14.2,0.0,0.0
3-5 дней,2026-08-07T05:36:00Z,2026-08-10T21:00:00Z,87.4,16.3,15.0,14.2,1.3,1.3
3-5 дней,2026-08-07T05:36:00Z,2026-08-11T00:00:00Z,90.4,15.3,15.3,14.2,0.0,0.0
3-5 дней,2026-08-07T05:36:00Z,2026-08-11T03:00:00Z,93.4,17.1,15.0,14.2,2.1,2.1
3-5 дней,2026-08-07T05:36:00Z,2026-08-11T06:00:00Z,96.4,19.7,19.4,14.2,0.3,0.3
3-5 дней,2026-08-07T05:36:00Z,2026-08-11T09:00:00Z,99.4,22.3,23.5,14.2,-1.2,1.2
3-5 дней,2026-08-07T05:36:00Z,2026-08-11T12:00:00Z,102.4,23.7,24.1,14.2,-0.4,0.4
3-5 дней,2026-08-07T05:36:00Z,2026-08-11T15:00:00Z,105.4,21.9,19.2,14.2,2.7,2.7
3-5 дней,2026-08-07T05:36:00Z,2026-08-11T18:00:00Z,108.4,19.1,16.8,14.2,2.3,2.3
3-5 дней,2026-08-07T05:36:00Z,2026-08-11T21:00:00Z,111.4,16.7,16.3,14.2,0.4,0.4
3-5 дней,2026-08-07T05:36:00Z,2026-08-12T00:00:00Z,114.4,15.1,15.2,14.2,-0.1,0.1
3-5 дней,2026-08-07T05:36:00Z,2026-08-12T03:00:00Z,117.4,15.7,14.5,14.2,1.2,1.2
3-5 дней,2026-08-07T06:18:59Z,2026-08-10T09:00:00Z,74.7,20.5,20.6,14.3,-0.1,0.1
3-5 дней,2026-08-07T06:18:59Z,2026-08-10T12:00:00Z,77.7,22.1,22.3,14.3,-0.2,0.2
3-5 дней,2026-08-07T06:18:59Z,2026-08-10T15:00:00Z,80.7,20.7,21.8,14.3,-1.1,1.1
3-5 дней,2026-08-07T06:18:59Z,2026-08-10T18:00:00Z,83.7,18.4,18.4,14.3,0.0,0.0
3-5 дней,2026-08-07T06:18:59Z,2026-08-10T21:00:00Z,86.7,16.3,15.0,14.3,1.3,1.3
3-5 дней,2026-08-07T06:18:59Z,2026-08-11T00:00:00Z,89.7,15.3,15.3,14.3,0.0,0.0
3-5 дней,2026-08-07T06:18:59Z,2026-08-11T03:00:00Z,92.7,17.1,15.0,14.3,2.1,2.1
3-5 дней,2026-08-07T06:18:59Z,2026-08-11T06:00:00Z,95.7,19.7,19.4,14.3,0.3,0.3
3-5 дней,2026-08-07T06:18:59Z,2026-08-11T09:00:00Z,98.7,22.3,23.5,14.3,-1.2,1.2
3-5 дней,2026-08-07T06:18:59Z,2026-08-11T12:00:00Z,101.7,23.7,24.1,14.3,-0.4,0.4
3-5 дней,2026-08-07T06:18:59Z,2026-08-11T15:00:00Z,104.7,21.9,19.2,14.3,2.7,2.7
3-5 дней,2026-08-07T06:18:59Z,2026-08-11T18:00:00Z,107.7,19.1,16.8,14.3,2.3,2.3
3-5 дней,2026-08-07T06:18:59Z,2026-08-11T21:00:00Z,110.7,16.7,16.3,14.3,0.4,0.4
3-5 дней,2026-08-07T06:18:59Z,2026-08-12T00:00:00Z,113.7,15.1,15.2,14.3,-0.1,0.1
3-5 дней,2026-08-07T06:18:59Z,2026-08-12T03:00:00Z,116.7,15.7,14.5,14.3,1.2,1.2
3-5 дней,2026-08-07T06:18:59Z,2026-08-12T06:00:00Z,119.7,17.2,14.7,14.3,2.5,2.5
3-5 дней,2026-08-07T07:13:52Z,2026-08-10T09:00:00Z,73.8,20.5,20.6,14.3,-0.1,0.1
3-5 дней,2026-08-07T07:13:52Z,2026-08-10T12:00:00Z,76.8,22.1,22.3,14.3,-0.2,0.2
3-5 дней,2026-08-07T07:13:52Z,2026-08-10T15:00:00Z,79.8,20.7,21.8,14.3,-1.1,1.1
3-5 дней,2026-08-07T07:13:52Z,2026-08-10T18:00:00Z,82.8,18.4,18.4,14.3,0.0,0.0
3-5 дней,2026-08-07T07:13:52Z,2026-08-10T21:00:00Z,85.8,16.3,15.0,14.3,1.3,1.3
3-5 дней,2026-08-07T07:13:52Z,2026-08-11T00:00:00Z,88.8,15.3,15.3,14.3,0.0,0.0
3-5 дней,2026-08-07T07:13:52Z,2026-08-11T03:00:00Z,91.8,17.1,15.0,14.3,2.1,2.1
3-5 дней,2026-08-07T07:13:52Z,2026-08-11T06:00:00Z,94.8,19.7,19.4,14.3,0.3,0.3
3-5 дней,2026-08-07T07:13:52Z,2026-08-11T09:00:00Z,97.8,22.3,23.5,14.3,-1.2,1.2
3-5 дней,2026-08-07T07:13:52Z,2026-08-11T12:00:00Z,100.8,23.7,24.1,14.3,-0.4,0.4
3-5 дней,2026-08-07T07:13:52Z,2026-08-11T15:00:00Z,103.8,21.9,19.2,14.3,2.7,2.7
3-5 дней,2026-08-07T07:13:52Z,2026-08-11T18:00:00Z,106.8,19.1,16.8,14.3,2.3,2.3
3-5 дней,2026-08-07T07:13:52Z,2026-08-11T21:00:00Z,109.8,16.7,16.3,14.3,0.4,0.4
3-5 дней,2026-08-07T07:13:52Z,2026-08-12T00:00:00Z,112.8,15.1,15.2,14.3,-0.1,0.1
3-5 дней,2026-08-07T07:13:52Z,2026-08-12T03:00:00Z,115.8,15.7,14.5,14.3,1.2,1.2
3-5 дней,2026-08-07T07:13:52Z,2026-08-12T06:00:00Z,118.8,17.2,14.7,14.3,2.5,2.5
3-5 дней,2026-08-07T10:39:14Z,2026-08-10T12:00:00Z,73.3,22.0,22.3,16.9,-0.3,0.3
3-5 дней,2026-08-07T10:39:14Z,2026-08-10T15:00:00Z,76.3,20.8,21.8,16.9,-1.0,1.0
3-5 дней,2026-08-07T10:39:14Z,2026-08-10T18:00:00Z,79.3,18.5,18.4,16.9,0.1,0.1
3-5 дней,2026-08-07T10:39:14Z,2026-08-10T21:00:00Z,82.3,16.1,15.0,16.9,1.1,1.1
3-5 дней,2026-08-07T10:39:14Z,2026-08-11T00:00:00Z,85.3,14.8,15.3,16.9,-0.5,0.5
3-5 дней,2026-08-07T10:39:14Z,2026-08-11T03:00:00Z,88.3,16.9,15.0,16.9,1.9,1.9
3-5 дней,2026-08-07T10:39:14Z,2026-08-11T06:00:00Z,91.3,19.9,19.4,16.9,0.5,0.5
3-5 дней,2026-08-07T10:39:14Z,2026-08-11T09:00:00Z,94.3,22.9,23.5,16.9,-0.6,0.6
3-5 дней,2026-08-07T10:39:14Z,2026-08-11T12:00:00Z,97.3,24.7,24.1,16.9,0.6,0.6
3-5 дней,2026-08-07T10:39:14Z,2026-08-11T15:00:00Z,100.3,23.3,19.2,16.9,4.1,4.1
3-5 дней,2026-08-07T10:39:14Z,2026-08-11T18:00:00Z,103.3,20.8,16.8,16.9,4.0,4.0
3-5 дней,2026-08-07T10:39:14Z,2026-08-11T21:00:00Z,106.3,18.8,16.3,16.9,2.5,2.5
3-5 дней,2026-08-07T10:39:14Z,2026-08-12T00:00:00Z,109.3,17.4,15.2,16.9,2.2,2.2
3-5 дней,2026-08-07T10:39:14Z,2026-08-12T03:00:00Z,112.3,17.7,14.5,16.9,3.2,3.2
3-5 дней,2026-08-07T10:39:14Z,2026-08-12T06:00:00Z,115.3,18.2,14.7,16.9,3.5,3.5
3-5 дней,2026-08-07T10:39:14Z,2026-08-12T09:00:00Z,118.3,18.1,15.2,16.9,2.9,2.9
3-5 дней,2026-08-07T16:51:54Z,2026-08-10T18:00:00Z,73.1,18.9,18.4,15.6,0.5,0.5
3-5 дней,2026-08-07T16:51:54Z,2026-08-10T21:00:00Z,76.1,16.4,15.0,15.6,1.4,1.4
3-5 дней,2026-08-07T16:51:54Z,2026-08-11T00:00:00Z,79.1,15.0,15.3,15.6,-0.3,0.3
3-5 дней,2026-08-07T16:51:54Z,2026-08-11T03:00:00Z,82.1,17.1,15.0,15.6,2.1,2.1
3-5 дней,2026-08-07T16:51:54Z,2026-08-11T06:00:00Z,85.1,20.2,19.4,15.6,0.8,0.8
3-5 дней,2026-08-07T16:51:54Z,2026-08-11T09:00:00Z,88.1,22.7,23.5,15.6,-0.8,0.8
3-5 дней,2026-08-07T16:51:54Z,2026-08-11T12:00:00Z,91.1,24.0,24.1,15.6,-0.1,0.1
3-5 дней,2026-08-07T16:51:54Z,2026-08-11T15:00:00Z,94.1,22.8,19.2,15.6,3.6,3.6
3-5 дней,2026-08-07T16:51:54Z,2026-08-11T18:00:00Z,97.1,20.6,16.8,15.6,3.8,3.8
3-5 дней,2026-08-07T16:51:54Z,2026-08-11T21:00:00Z,100.1,18.6,16.3,15.6,2.3,2.3
3-5 дней,2026-08-07T16:51:54Z,2026-08-12T00:00:00Z,103.1,17.0,15.2,15.6,1.8,1.8
3-5 дней,2026-08-07T16:51:54Z,2026-08-12T03:00:00Z,106.1,16.4,14.5,15.6,1.9,1.9
3-5 дней,2026-08-07T16:51:54Z,2026-08-12T06:00:00Z,109.1,16.2,14.7,15.6,1.5,1.5
3-5 дней,2026-08-07T16:51:54Z,2026-08-12T09:00:00Z,112.1,16.3,15.2,15.6,1.1,1.1
3-5 дней,2026-08-07T16:51:54Z,2026-08-12T12:00:00Z,115.1,15.7,11.9,15.6,3.8,3.8
3-5 дней,2026-08-07T16:51:54Z,2026-08-12T15:00:00Z,118.1,12.9,10.7,15.6,2.2,2.2
3-5 дней,2026-08-07T22:45:57Z,2026-08-11T00:00:00Z,73.2,15.0,15.3,13.5,-0.3,0.3
3-5 дней,2026-08-07T22:45:57Z,2026-08-11T03:00:00Z,76.2,17.1,15.0,13.5,2.1,2.1
3-5 дней,2026-08-07T22:45:57Z,2026-08-11T06:00:00Z,79.2,20.1,19.4,13.5,0.7,0.7
3-5 дней,2026-08-07T22:45:57Z,2026-08-11T09:00:00Z,82.2,22.5,23.5,13.5,-1.0,1.0
3-5 дней,2026-08-07T22:45:57Z,2026-08-11T12:00:00Z,85.2,23.8,24.1,13.5,-0.3,0.3
3-5 дней,2026-08-07T22:45:57Z,2026-08-11T15:00:00Z,88.2,22.2,19.2,13.5,3.0,3.0
3-5 дней,2026-08-07T22:45:57Z,2026-08-11T18:00:00Z,91.2,19.5,16.8,13.5,2.7,2.7
3-5 дней,2026-08-07T22:45:57Z,2026-08-11T21:00:00Z,94.2,16.7,16.3,13.5,0.4,0.4
3-5 дней,2026-08-07T22:45:57Z,2026-08-12T00:00:00Z,97.2,14.3,15.2,13.5,-0.9,0.9
3-5 дней,2026-08-07T22:45:57Z,2026-08-12T03:00:00Z,100.2,13.6,14.5,13.5,-0.9,0.9
3-5 дней,2026-08-07T22:45:57Z,2026-08-12T06:00:00Z,103.2,13.6,14.7,13.5,-1.1,1.1
3-5 дней,2026-08-07T22:45:57Z,2026-08-12T09:00:00Z,106.2,14.1,15.2,13.5,-1.1,1.1
3-5 дней,2026-08-07T22:45:57Z,2026-08-12T12:00:00Z,109.2,14.1,11.9,13.5,2.2,2.2
3-5 дней,2026-08-07T22:45:57Z,2026-08-12T15:00:00Z,112.2,12.2,10.7,13.5,1.5,1.5
3-5 дней,2026-08-07T22:45:57Z,2026-08-12T18:00:00Z,115.2,10.0,9.3,13.5,0.7,0.7
3-5 дней,2026-08-07T22:45:57Z,2026-08-12T21:00:00Z,118.2,8.8,8.4,13.5,0.4,0.4
3-5 дней,2026-08-07T23:19:23Z,2026-08-11T00:00:00Z,72.7,15.0,15.3,13.5,-0.3,0.3
3-5 дней,2026-08-07T23:19:23Z,2026-08-11T03:00:00Z,75.7,17.1,15.0,13.5,2.1,2.1
3-5 дней,2026-08-07T23:19:23Z,2026-08-11T06:00:00Z,78.7,20.1,19.4,13.5,0.7,0.7
3-5 дней,2026-08-07T23:19:23Z,2026-08-11T09:00:00Z,81.7,22.5,23.5,13.5,-1.0,1.0
3-5 дней,2026-08-07T23:19:23Z,2026-08-11T12:00:00Z,84.7,23.8,24.1,13.5,-0.3,0.3
3-5 дней,2026-08-07T23:19:23Z,2026-08-11T15:00:00Z,87.7,22.2,19.2,13.5,3.0,3.0
3-5 дней,2026-08-07T23:19:23Z,2026-08-11T18:00:00Z,90.7,19.5,16.8,13.5,2.7,2.7
3-5 дней,2026-08-07T23:19:23Z,2026-08-11T21:00:00Z,93.7,16.7,16.3,13.5,0.4,0.4
3-5 дней,2026-08-07T23:19:23Z,2026-08-12T00:00:00Z,96.7,14.3,15.2,13.5,-0.9,0.9
3-5 дней,2026-08-07T23:19:23Z,2026-08-12T03:00:00Z,99.7,13.6,14.5,13.5,-0.9,0.9
3-5 дней,2026-08-07T23:19:23Z,2026-08-12T06:00:00Z,102.7,13.6,14.7,13.5,-1.1,1.1
3-5 дней,2026-08-07T23:19:23Z,2026-08-12T09:00:00Z,105.7,14.1,15.2,13.5,-1.1,1.1
3-5 дней,2026-08-07T23:19:23Z,2026-08-12T12:00:00Z,108.7,14.1,11.9,13.5,2.2,2.2
3-5 дней,2026-08-07T23:19:23Z,2026-08-12T15:00:00Z,111.7,12.2,10.7,13.5,1.5,1.5
3-5 дней,2026-08-07T23:19:23Z,2026-08-12T18:00:00Z,114.7,10.0,9.3,13.5,0.7,0.7
3-5 дней,2026-08-07T23:19:23Z,2026-08-12T21:00:00Z,117.7,8.8,8.4,13.5,0.4,0.4
3-5 дней,2026-08-08T04:50:53Z,2026-08-11T06:00:00Z,73.2,19.9,19.4,13.6,0.5,0.5
3-5 дней,2026-08-08T04:50:53Z,2026-08-11T09:00:00Z,76.2,22.4,23.5,13.6,-1.1,1.1
3-5 дней,2026-08-08T04:50:53Z,2026-08-11T12:00:00Z,79.2,23.7,24.1,13.6,-0.4,0.4
3-5 дней,2026-08-08T04:50:53Z,2026-08-11T15:00:00Z,82.2,22.5,19.2,13.6,3.3,3.3
3-5 дней,2026-08-08T04:50:53Z,2026-08-11T18:00:00Z,85.2,20.1,16.8,13.6,3.3,3.3
3-5 дней,2026-08-08T04:50:53Z,2026-08-11T21:00:00Z,88.2,16.8,16.3,13.6,0.5,0.5
3-5 дней,2026-08-08T04:50:53Z,2026-08-12T00:00:00Z,91.2,14.1,15.2,13.6,-1.1,1.1
3-5 дней,2026-08-08T04:50:53Z,2026-08-12T03:00:00Z,94.2,14.4,14.5,13.6,-0.1,0.1
3-5 дней,2026-08-08T04:50:53Z,2026-08-12T06:00:00Z,97.2,15.3,14.7,13.6,0.6,0.6
3-5 дней,2026-08-08T04:50:53Z,2026-08-12T09:00:00Z,100.2,14.8,15.2,13.6,-0.4,0.4
3-5 дней,2026-08-08T04:50:53Z,2026-08-12T12:00:00Z,103.2,13.6,11.9,13.6,1.7,1.7
3-5 дней,2026-08-08T04:50:53Z,2026-08-12T15:00:00Z,106.2,11.8,10.7,13.6,1.1,1.1
3-5 дней,2026-08-08T04:50:53Z,2026-08-12T18:00:00Z,109.2,9.9,9.3,13.6,0.6,0.6
3-5 дней,2026-08-08T04:50:53Z,2026-08-12T21:00:00Z,112.2,8.7,8.4,13.6,0.3,0.3
3-5 дней,2026-08-08T04:50:53Z,2026-08-13T00:00:00Z,115.2,8.0,8.4,13.6,-0.4,0.4
3-5 дней,2026-08-08T04:50:53Z,2026-08-13T03:00:00Z,118.2,8.1,8.4,13.6,-0.3,0.3
3-5 дней,2026-08-08T10:18:13Z,2026-08-11T12:00:00Z,73.7,24.1,24.1,15.0,0.0,0.0
3-5 дней,2026-08-08T10:18:13Z,2026-08-11T15:00:00Z,76.7,22.9,19.2,15.0,3.7,3.7
3-5 дней,2026-08-08T10:18:13Z,2026-08-11T18:00:00Z,79.7,20.5,16.8,15.0,3.7,3.7
3-5 дней,2026-08-08T10:18:13Z,2026-08-11T21:00:00Z,82.7,17.6,16.3,15.0,1.3,1.3
3-5 дней,2026-08-08T10:18:13Z,2026-08-12T00:00:00Z,85.7,15.2,15.2,15.0,0.0,0.0
3-5 дней,2026-08-08T10:18:13Z,2026-08-12T03:00:00Z,88.7,14.9,14.5,15.0,0.4,0.4
3-5 дней,2026-08-08T10:18:13Z,2026-08-12T06:00:00Z,91.7,15.4,14.7,15.0,0.7,0.7
3-5 дней,2026-08-08T10:18:13Z,2026-08-12T09:00:00Z,94.7,16.9,15.2,15.0,1.7,1.7
3-5 дней,2026-08-08T10:18:13Z,2026-08-12T12:00:00Z,97.7,17.6,11.9,15.0,5.7,5.7
3-5 дней,2026-08-08T10:18:13Z,2026-08-12T15:00:00Z,100.7,14.4,10.7,15.0,3.7,3.7
3-5 дней,2026-08-08T10:18:13Z,2026-08-12T18:00:00Z,103.7,10.8,9.3,15.0,1.5,1.5
3-5 дней,2026-08-08T10:18:13Z,2026-08-12T21:00:00Z,106.7,9.7,8.4,15.0,1.3,1.3
3-5 дней,2026-08-08T10:18:13Z,2026-08-13T00:00:00Z,109.7,9.6,8.4,15.0,1.2,1.2
3-5 дней,2026-08-08T10:18:13Z,2026-08-13T03:00:00Z,112.7,9.6,8.4,15.0,1.2,1.2
3-5 дней,2026-08-08T10:18:13Z,2026-08-13T06:00:00Z,115.7,10.3,8.2,15.0,2.1,2.1
3-5 дней,2026-08-08T10:18:13Z,2026-08-13T09:00:00Z,118.7,12.4,8.3,15.0,4.1,4.1
3-5 дней,2026-08-08T22:37:20Z,2026-08-12T00:00:00Z,73.4,16.6,15.2,13.6,1.4,1.4
3-5 дней,2026-08-08T22:37:20Z,2026-08-12T03:00:00Z,76.4,17.0,14.5,13.6,2.5,2.5
3-5 дней,2026-08-08T22:37:20Z,2026-08-12T06:00:00Z,79.4,17.8,14.7,13.6,3.1,3.1
3-5 дней,2026-08-08T22:37:20Z,2026-08-12T09:00:00Z,82.4,17.5,15.2,13.6,2.3,2.3
3-5 дней,2026-08-08T22:37:20Z,2026-08-12T12:00:00Z,85.4,17.0,11.9,13.6,5.1,5.1
3-5 дней,2026-08-08T22:37:20Z,2026-08-12T15:00:00Z,88.4,16.3,10.7,13.6,5.6,5.6
3-5 дней,2026-08-08T22:37:20Z,2026-08-12T18:00:00Z,91.4,15.6,9.3,13.6,6.3,6.3
3-5 дней,2026-08-08T22:37:20Z,2026-08-12T21:00:00Z,94.4,15.0,8.4,13.6,6.6,6.6
3-5 дней,2026-08-08T22:37:20Z,2026-08-13T00:00:00Z,97.4,14.2,8.4,13.6,5.8,5.8
3-5 дней,2026-08-08T22:37:20Z,2026-08-13T03:00:00Z,100.4,13.0,8.4,13.6,4.6,4.6
3-5 дней,2026-08-08T22:37:20Z,2026-08-13T06:00:00Z,103.4,12.3,8.2,13.6,4.1,4.1
3-5 дней,2026-08-08T22:37:20Z,2026-08-13T09:00:00Z,106.4,14.0,8.3,13.6,5.7,5.7
3-5 дней,2026-08-09T04:59:03Z,2026-08-12T06:00:00Z,73.0,20.3,14.7,11.9,5.6,5.6
3-5 дней,2026-08-09T04:59:03Z,2026-08-12T09:00:00Z,76.0,21.2,15.2,11.9,6.0,6.0
3-5 дней,2026-08-09T04:59:03Z,2026-08-12T12:00:00Z,79.0,21.0,11.9,11.9,9.1,9.1
3-5 дней,2026-08-09T04:59:03Z,2026-08-12T15:00:00Z,82.0,19.0,10.7,11.9,8.3,8.3
3-5 дней,2026-08-09T04:59:03Z,2026-08-12T18:00:00Z,85.0,16.2,9.3,11.9,6.9,6.9
3-5 дней,2026-08-09T04:59:03Z,2026-08-12T21:00:00Z,88.0,12.7,8.4,11.9,4.3,4.3
3-5 дней,2026-08-09T04:59:03Z,2026-08-13T00:00:00Z,91.0,10.3,8.4,11.9,1.9,1.9
3-5 дней,2026-08-09T04:59:03Z,2026-08-13T03:00:00Z,94.0,11.5,8.4,11.9,3.1,3.1
3-5 дней,2026-08-09T04:59:03Z,2026-08-13T06:00:00Z,97.0,13.8,8.2,11.9,5.6,5.6
3-5 дней,2026-08-09T04:59:03Z,2026-08-13T09:00:00Z,100.0,16.2,8.3,11.9,7.9,7.9
3-5 дней,2026-08-09T10:19:29Z,2026-08-12T12:00:00Z,73.7,17.4,11.9,16.5,5.5,5.5
3-5 дней,2026-08-09T10:19:29Z,2026-08-12T15:00:00Z,76.7,14.9,10.7,16.5,4.2,4.2
3-5 дней,2026-08-09T10:19:29Z,2026-08-12T18:00:00Z,79.7,11.8,9.3,16.5,2.5,2.5
3-5 дней,2026-08-09T10:19:29Z,2026-08-12T21:00:00Z,82.7,10.1,8.4,16.5,1.7,1.7
3-5 дней,2026-08-09T10:19:29Z,2026-08-13T00:00:00Z,85.7,8.9,8.4,16.5,0.5,0.5
3-5 дней,2026-08-09T10:19:29Z,2026-08-13T03:00:00Z,88.7,8.4,8.4,16.5,0.0,0.0
3-5 дней,2026-08-09T10:19:29Z,2026-08-13T06:00:00Z,91.7,8.5,8.2,16.5,0.3,0.3
3-5 дней,2026-08-09T10:19:29Z,2026-08-13T09:00:00Z,94.7,9.8,8.3,16.5,1.5,1.5
3-5 дней,2026-08-09T12:41:38Z,2026-08-12T15:00:00Z,74.3,14.9,10.7,16.7,4.2,4.2
3-5 дней,2026-08-09T12:41:38Z,2026-08-12T18:00:00Z,77.3,11.8,9.3,16.7,2.5,2.5
3-5 дней,2026-08-09T12:41:38Z,2026-08-12T21:00:00Z,80.3,10.1,8.4,16.7,1.7,1.7
3-5 дней,2026-08-09T12:41:38Z,2026-08-13T00:00:00Z,83.3,8.9,8.4,16.7,0.5,0.5
3-5 дней,2026-08-09T12:41:38Z,2026-08-13T03:00:00Z,86.3,8.4,8.4,16.7,0.0,0.0
3-5 дней,2026-08-09T12:41:38Z,2026-08-13T06:00:00Z,89.3,8.5,8.2,16.7,0.3,0.3
3-5 дней,2026-08-09T12:41:38Z,2026-08-13T09:00:00Z,92.3,9.8,8.3,16.7,1.5,1.5
3-5 дней,2026-08-09T12:45:53Z,2026-08-12T15:00:00Z,74.2,14.9,10.7,16.7,4.2,4.2
3-5 дней,2026-08-09T12:45:53Z,2026-08-12T18:00:00Z,77.2,11.8,9.3,16.7,2.5,2.5
3-5 дней,2026-08-09T12:45:53Z,2026-08-12T21:00:00Z,80.2,10.1,8.4,16.7,1.7,1.7
3-5 дней,2026-08-09T12:45:53Z,2026-08-13T00:00:00Z,83.2,8.9,8.4,16.7,0.5,0.5
3-5 дней,2026-08-09T12:45:53Z,2026-08-13T03:00:00Z,86.2,8.4,8.4,16.7,0.0,0.0
3-5 дней,2026-08-09T12:45:53Z,2026-08-13T06:00:00Z,89.2,8.5,8.2,16.7,0.3,0.3
3-5 дней,2026-08-09T12:45:53Z,2026-08-13T09:00:00Z,92.2,9.8,8.3,16.7,1.5,1.5
3-5 дней,2026-08-09T12:48:15Z,2026-08-12T15:00:00Z,74.2,14.9,10.7,16.7,4.2,4.2
3-5 дней,2026-08-09T12:48:15Z,2026-08-12T18:00:00Z,77.2,11.8,9.3,16.7,2.5,2.5
3-5 дней,2026-08-09T12:48:15Z,2026-08-12T21:00:00Z,80.2,10.1,8.4,16.7,1.7,1.7
3-5 дней,2026-08-09T12:48:15Z,2026-08-13T00:00:00Z,83.2,8.9,8.4,16.7,0.5,0.5
3-5 дней,2026-08-09T12:48:15Z,2026-08-13T03:00:00Z,86.2,8.4,8.4,16.7,0.0,0.0
3-5 дней,2026-08-09T12:48:15Z,2026-08-13T06:00:00Z,89.2,8.5,8.2,16.7,0.3,0.3
3-5 дней,2026-08-09T12:48:15Z,2026-08-13T09:00:00Z,92.2,9.8,8.3,16.7,1.5,1.5
3-5 дней,2026-08-09T16:31:44Z,2026-08-12T18:00:00Z,73.5,16.7,9.3,17.0,7.4,7.4
3-5 дней,2026-08-09T16:31:44Z,2026-08-12T21:00:00Z,76.5,15.5,8.4,17.0,7.1,7.1
3-5 дней,2026-08-09T16:31:44Z,2026-08-13T00:00:00Z,79.5,14.9,8.4,17.0,6.5,6.5
3-5 дней,2026-08-09T16:31:44Z,2026-08-13T03:00:00Z,82.5,15.6,8.4,17.0,7.2,7.2
3-5 дней,2026-08-09T16:31:44Z,2026-08-13T06:00:00Z,85.5,16.6,8.2,17.0,8.4,8.4
3-5 дней,2026-08-09T16:31:44Z,2026-08-13T09:00:00Z,88.5,17.5,8.3,17.0,9.2,9.2
3-5 дней,2026-08-09T22:39:09Z,2026-08-13T00:00:00Z,73.3,11.0,8.4,10.4,2.6,2.6
3-5 дней,2026-08-09T22:39:09Z,2026-08-13T03:00:00Z,76.3,11.5,8.4,10.4,3.1,3.1
3-5 дней,2026-08-09T22:39:09Z,2026-08-13T06:00:00Z,79.3,12.5,8.2,10.4,4.3,4.3
3-5 дней,2026-08-09T22:39:09Z,2026-08-13T09:00:00Z,82.3,13.8,8.3,10.4,5.5,5.5
3-5 дней,2026-08-10T05:20:42Z,2026-08-13T06:00:00Z,72.7,9.3,8.2,12.6,1.1,1.1
3-5 дней,2026-08-10T05:20:42Z,2026-08-13T09:00:00Z,75.7,9.2,8.3,12.6,0.9,0.9
5-10 дней,2026-08-06T09:50:07Z,2026-08-11T12:00:00Z,122.2,24.6,24.1,16.3,0.5,0.5
5-10 дней,2026-08-06T09:50:07Z,2026-08-11T15:00:00Z,125.2,22.7,19.2,16.3,3.5,3.5
5-10 дней,2026-08-06T09:50:07Z,2026-08-11T18:00:00Z,128.2,19.8,16.8,16.3,3.0,3.0
5-10 дней,2026-08-06T09:50:07Z,2026-08-11T21:00:00Z,131.2,17.9,16.3,16.3,1.6,1.6
5-10 дней,2026-08-06T09:50:07Z,2026-08-12T00:00:00Z,134.2,16.9,15.2,16.3,1.7,1.7
5-10 дней,2026-08-06T09:50:07Z,2026-08-12T03:00:00Z,137.2,17.6,14.5,16.3,3.1,3.1
5-10 дней,2026-08-06T09:50:07Z,2026-08-12T06:00:00Z,140.2,18.6,14.7,16.3,3.9,3.9
5-10 дней,2026-08-06T09:50:07Z,2026-08-12T09:00:00Z,143.2,18.8,15.2,16.3,3.6,3.6
5-10 дней,2026-08-06T09:50:07Z,2026-08-12T12:00:00Z,146.2,18.4,11.9,16.3,6.5,6.5
5-10 дней,2026-08-06T09:50:07Z,2026-08-12T15:00:00Z,149.2,17.0,10.7,16.3,6.3,6.3
5-10 дней,2026-08-06T09:50:07Z,2026-08-12T18:00:00Z,152.2,15.2,9.3,16.3,5.9,5.9
5-10 дней,2026-08-06T09:50:07Z,2026-08-12T21:00:00Z,155.2,13.0,8.4,16.3,4.6,4.6
5-10 дней,2026-08-06T09:50:07Z,2026-08-13T00:00:00Z,158.2,11.8,8.4,16.3,3.4,3.4
5-10 дней,2026-08-06T09:50:07Z,2026-08-13T03:00:00Z,161.2,13.4,8.4,16.3,5.0,5.0
5-10 дней,2026-08-06T09:50:07Z,2026-08-13T06:00:00Z,164.2,15.8,8.2,16.3,7.6,7.6
5-10 дней,2026-08-06T09:50:07Z,2026-08-13T09:00:00Z,167.2,18.0,8.3,16.3,9.7,9.7
5-10 дней,2026-08-06T09:59:18Z,2026-08-11T12:00:00Z,122.0,24.6,24.1,16.3,0.5,0.5
5-10 дней,2026-08-06T09:59:18Z,2026-08-11T15:00:00Z,125.0,22.7,19.2,16.3,3.5,3.5
5-10 дней,2026-08-06T09:59:18Z,2026-08-11T18:00:00Z,128.0,19.8,16.8,16.3,3.0,3.0
5-10 дней,2026-08-06T09:59:18Z,2026-08-11T21:00:00Z,131.0,17.9,16.3,16.3,1.6,1.6
5-10 дней,2026-08-06T09:59:18Z,2026-08-12T00:00:00Z,134.0,16.9,15.2,16.3,1.7,1.7
5-10 дней,2026-08-06T09:59:18Z,2026-08-12T03:00:00Z,137.0,17.6,14.5,16.3,3.1,3.1
5-10 дней,2026-08-06T09:59:18Z,2026-08-12T06:00:00Z,140.0,18.6,14.7,16.3,3.9,3.9
5-10 дней,2026-08-06T09:59:18Z,2026-08-12T09:00:00Z,143.0,18.8,15.2,16.3,3.6,3.6
5-10 дней,2026-08-06T09:59:18Z,2026-08-12T12:00:00Z,146.0,18.4,11.9,16.3,6.5,6.5
5-10 дней,2026-08-06T09:59:18Z,2026-08-12T15:00:00Z,149.0,17.0,10.7,16.3,6.3,6.3
5-10 дней,2026-08-06T09:59:18Z,2026-08-12T18:00:00Z,152.0,15.2,9.3,16.3,5.9,5.9
5-10 дней,2026-08-06T09:59:18Z,2026-08-12T21:00:00Z,155.0,13.0,8.4,16.3,4.6,4.6
5-10 дней,2026-08-06T09:59:18Z,2026-08-13T00:00:00Z,158.0,11.8,8.4,16.3,3.4,3.4
5-10 дней,2026-08-06T09:59:18Z,2026-08-13T03:00:00Z,161.0,13.4,8.4,16.3,5.0,5.0
5-10 дней,2026-08-06T09:59:18Z,2026-08-13T06:00:00Z,164.0,15.8,8.2,16.3,7.6,7.6
5-10 дней,2026-08-06T09:59:18Z,2026-08-13T09:00:00Z,167.0,18.0,8.3,16.3,9.7,9.7
5-10 дней,2026-08-06T10:08:26Z,2026-08-11T12:00:00Z,121.9,24.6,24.1,16.3,0.5,0.5
5-10 дней,2026-08-06T10:08:26Z,2026-08-11T15:00:00Z,124.9,22.7,19.2,16.3,3.5,3.5
5-10 дней,2026-08-06T10:08:26Z,2026-08-11T18:00:00Z,127.9,19.8,16.8,16.3,3.0,3.0
5-10 дней,2026-08-06T10:08:26Z,2026-08-11T21:00:00Z,130.9,17.9,16.3,16.3,1.6,1.6
5-10 дней,2026-08-06T10:08:26Z,2026-08-12T00:00:00Z,133.9,16.9,15.2,16.3,1.7,1.7
5-10 дней,2026-08-06T10:08:26Z,2026-08-12T03:00:00Z,136.9,17.6,14.5,16.3,3.1,3.1
5-10 дней,2026-08-06T10:08:26Z,2026-08-12T06:00:00Z,139.9,18.6,14.7,16.3,3.9,3.9
5-10 дней,2026-08-06T10:08:26Z,2026-08-12T09:00:00Z,142.9,18.8,15.2,16.3,3.6,3.6
5-10 дней,2026-08-06T10:08:26Z,2026-08-12T12:00:00Z,145.9,18.4,11.9,16.3,6.5,6.5
5-10 дней,2026-08-06T10:08:26Z,2026-08-12T15:00:00Z,148.9,17.0,10.7,16.3,6.3,6.3
5-10 дней,2026-08-06T10:08:26Z,2026-08-12T18:00:00Z,151.9,15.2,9.3,16.3,5.9,5.9
5-10 дней,2026-08-06T10:08:26Z,2026-08-12T21:00:00Z,154.9,13.0,8.4,16.3,4.6,4.6
5-10 дней,2026-08-06T10:08:26Z,2026-08-13T00:00:00Z,157.9,11.8,8.4,16.3,3.4,3.4
5-10 дней,2026-08-06T10:08:26Z,2026-08-13T03:00:00Z,160.9,13.4,8.4,16.3,5.0,5.0
5-10 дней,2026-08-06T10:08:26Z,2026-08-13T06:00:00Z,163.9,15.8,8.2,16.3,7.6,7.6
5-10 дней,2026-08-06T10:08:26Z,2026-08-13T09:00:00Z,166.9,18.0,8.3,16.3,9.7,9.7
5-10 дней,2026-08-06T10:47:54Z,2026-08-11T12:00:00Z,121.2,24.6,24.1,16.3,0.5,0.5
5-10 дней,2026-08-06T10:47:54Z,2026-08-11T15:00:00Z,124.2,22.7,19.2,16.3,3.5,3.5
5-10 дней,2026-08-06T10:47:54Z,2026-08-11T18:00:00Z,127.2,19.8,16.8,16.3,3.0,3.0
5-10 дней,2026-08-06T10:47:54Z,2026-08-11T21:00:00Z,130.2,17.9,16.3,16.3,1.6,1.6
5-10 дней,2026-08-06T10:47:54Z,2026-08-12T00:00:00Z,133.2,16.9,15.2,16.3,1.7,1.7
5-10 дней,2026-08-06T10:47:54Z,2026-08-12T03:00:00Z,136.2,17.6,14.5,16.3,3.1,3.1
5-10 дней,2026-08-06T10:47:54Z,2026-08-12T06:00:00Z,139.2,18.6,14.7,16.3,3.9,3.9
5-10 дней,2026-08-06T10:47:54Z,2026-08-12T09:00:00Z,142.2,18.8,15.2,16.3,3.6,3.6
5-10 дней,2026-08-06T10:47:54Z,2026-08-12T12:00:00Z,145.2,18.4,11.9,16.3,6.5,6.5
5-10 дней,2026-08-06T10:47:54Z,2026-08-12T15:00:00Z,148.2,17.0,10.7,16.3,6.3,6.3
5-10 дней,2026-08-06T10:47:54Z,2026-08-12T18:00:00Z,151.2,15.2,9.3,16.3,5.9,5.9
5-10 дней,2026-08-06T10:47:54Z,2026-08-12T21:00:00Z,154.2,13.0,8.4,16.3,4.6,4.6
5-10 дней,2026-08-06T10:47:54Z,2026-08-13T00:00:00Z,157.2,11.8,8.4,16.3,3.4,3.4
5-10 дней,2026-08-06T10:47:54Z,2026-08-13T03:00:00Z,160.2,13.4,8.4,16.3,5.0,5.0
5-10 дней,2026-08-06T10:47:54Z,2026-08-13T06:00:00Z,163.2,15.8,8.2,16.3,7.6,7.6
5-10 дней,2026-08-06T10:47:54Z,2026-08-13T09:00:00Z,166.2,18.0,8.3,16.3,9.7,9.7
5-10 дней,2026-08-06T11:30:42Z,2026-08-11T12:00:00Z,120.5,24.6,24.1,16.3,0.5,0.5
5-10 дней,2026-08-06T11:30:42Z,2026-08-11T15:00:00Z,123.5,22.7,19.2,16.3,3.5,3.5
5-10 дней,2026-08-06T11:30:42Z,2026-08-11T18:00:00Z,126.5,19.8,16.8,16.3,3.0,3.0
5-10 дней,2026-08-06T11:30:42Z,2026-08-11T21:00:00Z,129.5,17.9,16.3,16.3,1.6,1.6
5-10 дней,2026-08-06T11:30:42Z,2026-08-12T00:00:00Z,132.5,16.9,15.2,16.3,1.7,1.7
5-10 дней,2026-08-06T11:30:42Z,2026-08-12T03:00:00Z,135.5,17.6,14.5,16.3,3.1,3.1
5-10 дней,2026-08-06T11:30:42Z,2026-08-12T06:00:00Z,138.5,18.6,14.7,16.3,3.9,3.9
5-10 дней,2026-08-06T11:30:42Z,2026-08-12T09:00:00Z,141.5,18.8,15.2,16.3,3.6,3.6
5-10 дней,2026-08-06T11:30:42Z,2026-08-12T12:00:00Z,144.5,18.4,11.9,16.3,6.5,6.5
5-10 дней,2026-08-06T11:30:42Z,2026-08-12T15:00:00Z,147.5,17.0,10.7,16.3,6.3,6.3
5-10 дней,2026-08-06T11:30:42Z,2026-08-12T18:00:00Z,150.5,15.2,9.3,16.3,5.9,5.9
5-10 дней,2026-08-06T11:30:42Z,2026-08-12T21:00:00Z,153.5,13.0,8.4,16.3,4.6,4.6
5-10 дней,2026-08-06T11:30:42Z,2026-08-13T00:00:00Z,156.5,11.8,8.4,16.3,3.4,3.4
5-10 дней,2026-08-06T11:30:42Z,2026-08-13T03:00:00Z,159.5,13.4,8.4,16.3,5.0,5.0
5-10 дней,2026-08-06T11:30:42Z,2026-08-13T06:00:00Z,162.5,15.8,8.2,16.3,7.6,7.6
5-10 дней,2026-08-06T11:30:42Z,2026-08-13T09:00:00Z,165.5,18.0,8.3,16.3,9.7,9.7
5-10 дней,2026-08-06T11:36:01Z,2026-08-11T12:00:00Z,120.4,24.6,24.1,16.3,0.5,0.5
5-10 дней,2026-08-06T11:36:01Z,2026-08-11T15:00:00Z,123.4,22.7,19.2,16.3,3.5,3.5
5-10 дней,2026-08-06T11:36:01Z,2026-08-11T18:00:00Z,126.4,19.8,16.8,16.3,3.0,3.0
5-10 дней,2026-08-06T11:36:01Z,2026-08-11T21:00:00Z,129.4,17.9,16.3,16.3,1.6,1.6
5-10 дней,2026-08-06T11:36:01Z,2026-08-12T00:00:00Z,132.4,16.9,15.2,16.3,1.7,1.7
5-10 дней,2026-08-06T11:36:01Z,2026-08-12T03:00:00Z,135.4,17.6,14.5,16.3,3.1,3.1
5-10 дней,2026-08-06T11:36:01Z,2026-08-12T06:00:00Z,138.4,18.6,14.7,16.3,3.9,3.9
5-10 дней,2026-08-06T11:36:01Z,2026-08-12T09:00:00Z,141.4,18.8,15.2,16.3,3.6,3.6
5-10 дней,2026-08-06T11:36:01Z,2026-08-12T12:00:00Z,144.4,18.4,11.9,16.3,6.5,6.5
5-10 дней,2026-08-06T11:36:01Z,2026-08-12T15:00:00Z,147.4,17.0,10.7,16.3,6.3,6.3
5-10 дней,2026-08-06T11:36:01Z,2026-08-12T18:00:00Z,150.4,15.2,9.3,16.3,5.9,5.9
5-10 дней,2026-08-06T11:36:01Z,2026-08-12T21:00:00Z,153.4,13.0,8.4,16.3,4.6,4.6
5-10 дней,2026-08-06T11:36:01Z,2026-08-13T00:00:00Z,156.4,11.8,8.4,16.3,3.4,3.4
5-10 дней,2026-08-06T11:36:01Z,2026-08-13T03:00:00Z,159.4,13.4,8.4,16.3,5.0,5.0
5-10 дней,2026-08-06T11:36:01Z,2026-08-13T06:00:00Z,162.4,15.8,8.2,16.3,7.6,7.6
5-10 дней,2026-08-06T11:36:01Z,2026-08-13T09:00:00Z,165.4,18.0,8.3,16.3,9.7,9.7
5-10 дней,2026-08-06T11:44:08Z,2026-08-11T12:00:00Z,120.3,24.6,24.1,16.3,0.5,0.5
5-10 дней,2026-08-06T11:44:08Z,2026-08-11T15:00:00Z,123.3,22.7,19.2,16.3,3.5,3.5
5-10 дней,2026-08-06T11:44:08Z,2026-08-11T18:00:00Z,126.3,19.8,16.8,16.3,3.0,3.0
5-10 дней,2026-08-06T11:44:08Z,2026-08-11T21:00:00Z,129.3,17.9,16.3,16.3,1.6,1.6
5-10 дней,2026-08-06T11:44:08Z,2026-08-12T00:00:00Z,132.3,16.9,15.2,16.3,1.7,1.7
5-10 дней,2026-08-06T11:44:08Z,2026-08-12T03:00:00Z,135.3,17.6,14.5,16.3,3.1,3.1
5-10 дней,2026-08-06T11:44:08Z,2026-08-12T06:00:00Z,138.3,18.6,14.7,16.3,3.9,3.9
5-10 дней,2026-08-06T11:44:08Z,2026-08-12T09:00:00Z,141.3,18.8,15.2,16.3,3.6,3.6
5-10 дней,2026-08-06T11:44:08Z,2026-08-12T12:00:00Z,144.3,18.4,11.9,16.3,6.5,6.5
5-10 дней,2026-08-06T11:44:08Z,2026-08-12T15:00:00Z,147.3,17.0,10.7,16.3,6.3,6.3
5-10 дней,2026-08-06T11:44:08Z,2026-08-12T18:00:00Z,150.3,15.2,9.3,16.3,5.9,5.9
5-10 дней,2026-08-06T11:44:08Z,2026-08-12T21:00:00Z,153.3,13.0,8.4,16.3,4.6,4.6
5-10 дней,2026-08-06T11:44:08Z,2026-08-13T00:00:00Z,156.3,11.8,8.4,16.3,3.4,3.4
5-10 дней,2026-08-06T11:44:08Z,2026-08-13T03:00:00Z,159.3,13.4,8.4,16.3,5.0,5.0
5-10 дней,2026-08-06T11:44:08Z,2026-08-13T06:00:00Z,162.3,15.8,8.2,16.3,7.6,7.6
5-10 дней,2026-08-06T11:44:08Z,2026-08-13T09:00:00Z,165.3,18.0,8.3,16.3,9.7,9.7
5-10 дней,2026-08-07T01:31:32Z,2026-08-12T03:00:00Z,121.5,17.6,14.5,13.6,3.1,3.1
5-10 дней,2026-08-07T01:31:32Z,2026-08-12T06:00:00Z,124.5,18.1,14.7,13.6,3.4,3.4
5-10 дней,2026-08-07T01:31:32Z,2026-08-12T09:00:00Z,127.5,18.9,15.2,13.6,3.7,3.7
5-10 дней,2026-08-07T01:31:32Z,2026-08-12T12:00:00Z,130.5,19.2,11.9,13.6,7.3,7.3
5-10 дней,2026-08-07T01:31:32Z,2026-08-12T15:00:00Z,133.5,17.3,10.7,13.6,6.6,6.6
5-10 дней,2026-08-07T01:31:32Z,2026-08-12T18:00:00Z,136.5,15.0,9.3,13.6,5.7,5.7
5-10 дней,2026-08-07T01:31:32Z,2026-08-12T21:00:00Z,139.5,13.7,8.4,13.6,5.3,5.3
5-10 дней,2026-08-07T01:31:32Z,2026-08-13T00:00:00Z,142.5,12.6,8.4,13.6,4.2,4.2
5-10 дней,2026-08-07T01:31:32Z,2026-08-13T03:00:00Z,145.5,11.5,8.4,13.6,3.1,3.1
5-10 дней,2026-08-07T01:31:32Z,2026-08-13T06:00:00Z,148.5,10.9,8.2,13.6,2.7,2.7
5-10 дней,2026-08-07T01:31:32Z,2026-08-13T09:00:00Z,151.5,11.9,8.3,13.6,3.6,3.6
5-10 дней,2026-08-07T05:36:00Z,2026-08-12T06:00:00Z,120.4,17.2,14.7,14.2,2.5,2.5
5-10 дней,2026-08-07T05:36:00Z,2026-08-12T09:00:00Z,123.4,18.6,15.2,14.2,3.4,3.4
5-10 дней,2026-08-07T05:36:00Z,2026-08-12T12:00:00Z,126.4,19.2,11.9,14.2,7.3,7.3
5-10 дней,2026-08-07T05:36:00Z,2026-08-12T15:00:00Z,129.4,17.4,10.7,14.2,6.7,6.7
5-10 дней,2026-08-07T05:36:00Z,2026-08-12T18:00:00Z,132.4,15.0,9.3,14.2,5.7,5.7
5-10 дней,2026-08-07T05:36:00Z,2026-08-12T21:00:00Z,135.4,13.7,8.4,14.2,5.3,5.3
5-10 дней,2026-08-07T05:36:00Z,2026-08-13T00:00:00Z,138.4,12.6,8.4,14.2,4.2,4.2
5-10 дней,2026-08-07T05:36:00Z,2026-08-13T03:00:00Z,141.4,11.5,8.4,14.2,3.1,3.1
5-10 дней,2026-08-07T05:36:00Z,2026-08-13T06:00:00Z,144.4,10.9,8.2,14.2,2.7,2.7
5-10 дней,2026-08-07T05:36:00Z,2026-08-13T09:00:00Z,147.4,11.9,8.3,14.2,3.6,3.6
5-10 дней,2026-08-07T06:18:59Z,2026-08-12T09:00:00Z,122.7,18.6,15.2,14.3,3.4,3.4
5-10 дней,2026-08-07T06:18:59Z,2026-08-12T12:00:00Z,125.7,19.2,11.9,14.3,7.3,7.3
5-10 дней,2026-08-07T06:18:59Z,2026-08-12T15:00:00Z,128.7,17.4,10.7,14.3,6.7,6.7
5-10 дней,2026-08-07T06:18:59Z,2026-08-12T18:00:00Z,131.7,15.0,9.3,14.3,5.7,5.7
5-10 дней,2026-08-07T06:18:59Z,2026-08-12T21:00:00Z,134.7,13.7,8.4,14.3,5.3,5.3
5-10 дней,2026-08-07T06:18:59Z,2026-08-13T00:00:00Z,137.7,12.6,8.4,14.3,4.2,4.2
5-10 дней,2026-08-07T06:18:59Z,2026-08-13T03:00:00Z,140.7,11.5,8.4,14.3,3.1,3.1
5-10 дней,2026-08-07T06:18:59Z,2026-08-13T06:00:00Z,143.7,10.9,8.2,14.3,2.7,2.7
5-10 дней,2026-08-07T06:18:59Z,2026-08-13T09:00:00Z,146.7,11.9,8.3,14.3,3.6,3.6
5-10 дней,2026-08-07T07:13:52Z,2026-08-12T09:00:00Z,121.8,18.6,15.2,14.3,3.4,3.4
5-10 дней,2026-08-07T07:13:52Z,2026-08-12T12:00:00Z,124.8,19.2,11.9,14.3,7.3,7.3
5-10 дней,2026-08-07T07:13:52Z,2026-08-12T15:00:00Z,127.8,17.4,10.7,14.3,6.7,6.7
5-10 дней,2026-08-07T07:13:52Z,2026-08-12T18:00:00Z,130.8,15.0,9.3,14.3,5.7,5.7
5-10 дней,2026-08-07T07:13:52Z,2026-08-12T21:00:00Z,133.8,13.7,8.4,14.3,5.3,5.3
5-10 дней,2026-08-07T07:13:52Z,2026-08-13T00:00:00Z,136.8,12.6,8.4,14.3,4.2,4.2
5-10 дней,2026-08-07T07:13:52Z,2026-08-13T03:00:00Z,139.8,11.5,8.4,14.3,3.1,3.1
5-10 дней,2026-08-07T07:13:52Z,2026-08-13T06:00:00Z,142.8,10.9,8.2,14.3,2.7,2.7
5-10 дней,2026-08-07T07:13:52Z,2026-08-13T09:00:00Z,145.8,11.9,8.3,14.3,3.6,3.6
5-10 дней,2026-08-07T10:39:14Z,2026-08-12T12:00:00Z,121.3,17.5,11.9,16.9,5.6,5.6
5-10 дней,2026-08-07T10:39:14Z,2026-08-12T15:00:00Z,124.3,16.4,10.7,16.9,5.7,5.7
5-10 дней,2026-08-07T10:39:14Z,2026-08-12T18:00:00Z,127.3,15.0,9.3,16.9,5.7,5.7
5-10 дней,2026-08-07T10:39:14Z,2026-08-12T21:00:00Z,130.3,13.4,8.4,16.9,5.0,5.0
5-10 дней,2026-08-07T10:39:14Z,2026-08-13T00:00:00Z,133.3,12.4,8.4,16.9,4.0,4.0
5-10 дней,2026-08-07T10:39:14Z,2026-08-13T03:00:00Z,136.3,12.5,8.4,16.9,4.1,4.1
5-10 дней,2026-08-07T10:39:14Z,2026-08-13T06:00:00Z,139.3,13.5,8.2,16.9,5.3,5.3
5-10 дней,2026-08-07T10:39:14Z,2026-08-13T09:00:00Z,142.3,16.1,8.3,16.9,7.8,7.8
5-10 дней,2026-08-07T16:51:54Z,2026-08-12T18:00:00Z,121.1,10.4,9.3,15.6,1.1,1.1
5-10 дней,2026-08-07T16:51:54Z,2026-08-12T21:00:00Z,124.1,11.0,8.4,15.6,2.6,2.6
5-10 дней,2026-08-07T16:51:54Z,2026-08-13T00:00:00Z,127.1,12.4,8.4,15.6,4.0,4.0
5-10 дней,2026-08-07T16:51:54Z,2026-08-13T03:00:00Z,130.1,12.8,8.4,15.6,4.4,4.4
5-10 дней,2026-08-07T16:51:54Z,2026-08-13T06:00:00Z,133.1,13.5,8.2,15.6,5.3,5.3
5-10 дней,2026-08-07T16:51:54Z,2026-08-13T09:00:00Z,136.1,16.1,8.3,15.6,7.8,7.8
5-10 дней,2026-08-07T22:45:57Z,2026-08-13T00:00:00Z,121.2,8.1,8.4,13.5,-0.3,0.3
5-10 дней,2026-08-07T22:45:57Z,2026-08-13T03:00:00Z,124.2,8.1,8.4,13.5,-0.3,0.3
5-10 дней,2026-08-07T22:45:57Z,2026-08-13T06:00:00Z,127.2,8.5,8.2,13.5,0.3,0.3
5-10 дней,2026-08-07T22:45:57Z,2026-08-13T09:00:00Z,130.2,9.1,8.3,13.5,0.8,0.8
5-10 дней,2026-08-07T23:19:23Z,2026-08-13T00:00:00Z,120.7,8.1,8.4,13.5,-0.3,0.3
5-10 дней,2026-08-07T23:19:23Z,2026-08-13T03:00:00Z,123.7,8.1,8.4,13.5,-0.3,0.3
5-10 дней,2026-08-07T23:19:23Z,2026-08-13T06:00:00Z,126.7,8.5,8.2,13.5,0.3,0.3
5-10 дней,2026-08-07T23:19:23Z,2026-08-13T09:00:00Z,129.7,9.1,8.3,13.5,0.8,0.8
5-10 дней,2026-08-08T04:50:53Z,2026-08-13T06:00:00Z,121.2,8.6,8.2,13.6,0.4,0.4
5-10 дней,2026-08-08T04:50:53Z,2026-08-13T09:00:00Z,124.2,9.2,8.3,13.6,0.9,0.9
