# Архангельск / Ветер / 0-6ч, 6-24ч, 1-2 дня, 2-3 дня, 3-5 дней, 5-10 дней / UKMO (Британия)
# n=4391, MAE=1.455, RMSE=1.746, bias=+1.297
# skill = 1 - (RMSE/RMSE_персистентности)^2 = 1 - (1.746/1.274)^2 = -0.8782  (RMSE_персистентности по 4391 пар(ам))
# persistence baseline = смешанный (разный по периодам в пуле) - выбран автоматически как более сильный (ниже RMSE) из двух кандидатов для этого периода, одинаково для всех источников
# «Общий» = объединённый пул пар из периодов: 0-6ч, 6-24ч, 1-2 дня, 2-3 дня, 3-5 дней, 5-10 дней - метрика посчитана заново по всему пулу, а не усреднена по периодам
#
bucket,fetched_at,valid_time,lead_hours,forecast,observed,persistence,error,abs_error
0-6ч,2026-08-06T09:50:07Z,2026-08-06T12:00:00Z,2.2,1.9,1.0,1.0,0.9,0.9
0-6ч,2026-08-06T09:50:07Z,2026-08-06T15:00:00Z,5.2,1.8,1.0,1.0,0.8,0.8
0-6ч,2026-08-06T09:59:18Z,2026-08-06T12:00:00Z,2.0,1.9,1.0,1.0,0.9,0.9
0-6ч,2026-08-06T09:59:18Z,2026-08-06T15:00:00Z,5.0,1.8,1.0,1.0,0.8,0.8
0-6ч,2026-08-06T10:08:26Z,2026-08-06T12:00:00Z,1.9,1.9,1.0,1.0,0.9,0.9
0-6ч,2026-08-06T10:08:26Z,2026-08-06T15:00:00Z,4.9,1.8,1.0,1.0,0.8,0.8
0-6ч,2026-08-06T10:47:54Z,2026-08-06T12:00:00Z,1.2,1.9,1.0,1.0,0.9,0.9
0-6ч,2026-08-06T10:47:54Z,2026-08-06T15:00:00Z,4.2,1.8,1.0,1.0,0.8,0.8
0-6ч,2026-08-06T11:30:42Z,2026-08-06T12:00:00Z,0.5,1.9,1.0,1.0,0.9,0.9
0-6ч,2026-08-06T11:30:42Z,2026-08-06T15:00:00Z,3.5,1.8,1.0,1.0,0.8,0.8
0-6ч,2026-08-06T11:36:01Z,2026-08-06T12:00:00Z,0.4,1.9,1.0,1.0,0.9,0.9
0-6ч,2026-08-06T11:36:01Z,2026-08-06T15:00:00Z,3.4,1.8,1.0,1.0,0.8,0.8
0-6ч,2026-08-06T11:44:08Z,2026-08-06T12:00:00Z,0.3,1.9,1.0,1.0,0.9,0.9
0-6ч,2026-08-06T11:44:08Z,2026-08-06T15:00:00Z,3.3,1.8,1.0,1.0,0.8,0.8
0-6ч,2026-08-07T01:31:32Z,2026-08-07T03:00:00Z,1.5,4.6,3.0,1.0,1.6,1.6
0-6ч,2026-08-07T01:31:32Z,2026-08-07T06:00:00Z,4.5,1.3,3.0,1.0,-1.7,1.7
0-6ч,2026-08-07T05:36:00Z,2026-08-07T06:00:00Z,0.4,1.3,3.0,3.0,-1.7,1.7
0-6ч,2026-08-07T05:36:00Z,2026-08-07T09:00:00Z,3.4,3.6,1.0,3.0,2.6,2.6
0-6ч,2026-08-07T06:18:59Z,2026-08-07T09:00:00Z,2.7,3.6,1.0,3.0,2.6,2.6
0-6ч,2026-08-07T06:18:59Z,2026-08-07T12:00:00Z,5.7,2.1,1.0,3.0,1.1,1.1
0-6ч,2026-08-07T07:13:52Z,2026-08-07T09:00:00Z,1.8,3.6,1.0,3.0,2.6,2.6
0-6ч,2026-08-07T07:13:52Z,2026-08-07T12:00:00Z,4.8,2.1,1.0,3.0,1.1,1.1
0-6ч,2026-08-07T10:39:14Z,2026-08-07T12:00:00Z,1.3,1.8,1.0,1.0,0.8,0.8
0-6ч,2026-08-07T10:39:14Z,2026-08-07T15:00:00Z,4.3,2.3,1.0,1.0,1.3,1.3
0-6ч,2026-08-07T16:51:54Z,2026-08-07T18:00:00Z,1.1,1.9,1.0,1.0,0.9,0.9
0-6ч,2026-08-07T16:51:54Z,2026-08-07T21:00:00Z,4.1,1.9,1.0,1.0,0.9,0.9
0-6ч,2026-08-07T22:45:57Z,2026-08-08T00:00:00Z,1.2,1.4,1.0,1.0,0.4,0.4
0-6ч,2026-08-07T22:45:57Z,2026-08-08T03:00:00Z,4.2,0.4,1.0,1.0,-0.6,0.6
0-6ч,2026-08-07T23:19:23Z,2026-08-08T00:00:00Z,0.7,1.4,1.0,1.0,0.4,0.4
0-6ч,2026-08-07T23:19:23Z,2026-08-08T03:00:00Z,3.7,0.4,1.0,1.0,-0.6,0.6
0-6ч,2026-08-08T04:50:53Z,2026-08-08T06:00:00Z,1.2,1.8,1.0,1.0,0.8,0.8
0-6ч,2026-08-08T04:50:53Z,2026-08-08T09:00:00Z,4.2,2.4,1.0,1.0,1.4,1.4
0-6ч,2026-08-08T10:18:13Z,2026-08-08T12:00:00Z,1.7,1.0,2.0,1.0,-1.0,1.0
0-6ч,2026-08-08T10:18:13Z,2026-08-08T15:00:00Z,4.7,1.9,1.0,1.0,0.9,0.9
0-6ч,2026-08-08T22:37:20Z,2026-08-09T00:00:00Z,1.4,1.6,2.0,2.0,-0.4,0.4
0-6ч,2026-08-08T22:37:20Z,2026-08-09T03:00:00Z,4.4,2.3,2.0,2.0,0.3,0.3
0-6ч,2026-08-09T04:59:03Z,2026-08-09T06:00:00Z,1.0,3.8,2.0,2.0,1.8,1.8
0-6ч,2026-08-09T04:59:03Z,2026-08-09T09:00:00Z,4.0,3.1,3.0,2.0,0.1,0.1
0-6ч,2026-08-09T10:19:29Z,2026-08-09T12:00:00Z,1.7,2.1,2.0,3.0,0.1,0.1
0-6ч,2026-08-09T10:19:29Z,2026-08-09T15:00:00Z,4.7,2.2,2.0,3.0,0.2,0.2
0-6ч,2026-08-09T12:41:38Z,2026-08-09T15:00:00Z,2.3,2.2,2.0,2.0,0.2,0.2
0-6ч,2026-08-09T12:41:38Z,2026-08-09T18:00:00Z,5.3,1.6,0.0,2.0,1.6,1.6
0-6ч,2026-08-09T12:45:53Z,2026-08-09T15:00:00Z,2.2,2.2,2.0,2.0,0.2,0.2
0-6ч,2026-08-09T12:45:53Z,2026-08-09T18:00:00Z,5.2,1.6,0.0,2.0,1.6,1.6
0-6ч,2026-08-09T12:48:15Z,2026-08-09T15:00:00Z,2.2,2.2,2.0,2.0,0.2,0.2
0-6ч,2026-08-09T12:48:15Z,2026-08-09T18:00:00Z,5.2,1.6,0.0,2.0,1.6,1.6
0-6ч,2026-08-09T16:31:44Z,2026-08-09T18:00:00Z,1.5,1.9,0.0,2.0,1.9,1.9
0-6ч,2026-08-09T16:31:44Z,2026-08-09T21:00:00Z,4.5,2.5,1.0,2.0,1.5,1.5
0-6ч,2026-08-09T22:39:09Z,2026-08-10T00:00:00Z,1.3,2.9,1.0,1.0,1.9,1.9
0-6ч,2026-08-09T22:39:09Z,2026-08-10T03:00:00Z,4.3,3.2,2.0,1.0,1.2,1.2
0-6ч,2026-08-10T05:20:42Z,2026-08-10T06:00:00Z,0.7,3.2,3.0,2.0,0.2,0.2
0-6ч,2026-08-10T05:20:42Z,2026-08-10T09:00:00Z,3.7,5.1,3.0,2.0,2.1,2.1
0-6ч,2026-08-10T10:53:28Z,2026-08-10T12:00:00Z,1.1,4.8,2.0,3.0,2.8,2.8
0-6ч,2026-08-10T10:53:28Z,2026-08-10T15:00:00Z,4.1,3.9,2.0,3.0,1.9,1.9
0-6ч,2026-08-10T16:52:05Z,2026-08-10T18:00:00Z,1.1,3.9,2.0,2.0,1.9,1.9
0-6ч,2026-08-10T16:52:05Z,2026-08-10T21:00:00Z,4.1,4.1,2.0,2.0,2.1,2.1
0-6ч,2026-08-10T22:47:13Z,2026-08-11T00:00:00Z,1.2,4.0,2.0,2.0,2.0,2.0
0-6ч,2026-08-10T22:47:13Z,2026-08-11T03:00:00Z,4.2,4.1,2.0,2.0,2.1,2.1
0-6ч,2026-08-11T05:01:49Z,2026-08-11T06:00:00Z,1.0,4.6,3.0,2.0,1.6,1.6
0-6ч,2026-08-11T05:01:49Z,2026-08-11T09:00:00Z,4.0,5.6,4.0,2.0,1.6,1.6
0-6ч,2026-08-11T10:38:45Z,2026-08-11T12:00:00Z,1.4,5.6,4.0,4.0,1.6,1.6
0-6ч,2026-08-11T10:38:45Z,2026-08-11T15:00:00Z,4.4,5.5,4.0,4.0,1.5,1.5
0-6ч,2026-08-12T10:47:03Z,2026-08-12T12:00:00Z,1.2,4.6,3.0,2.0,1.6,1.6
0-6ч,2026-08-12T10:47:03Z,2026-08-12T15:00:00Z,4.2,5.1,4.0,2.0,1.1,1.1
0-6ч,2026-08-12T16:54:57Z,2026-08-12T18:00:00Z,1.1,5.9,3.0,4.0,2.9,2.9
0-6ч,2026-08-12T16:54:57Z,2026-08-12T21:00:00Z,4.1,5.6,3.0,4.0,2.6,2.6
0-6ч,2026-08-12T22:50:47Z,2026-08-13T00:00:00Z,1.2,6.2,3.0,3.0,3.2,3.2
0-6ч,2026-08-12T22:50:47Z,2026-08-13T03:00:00Z,4.2,6.6,4.0,3.0,2.6,2.6
0-6ч,2026-08-13T05:30:08Z,2026-08-13T06:00:00Z,0.5,7.2,5.0,4.0,2.2,2.2
0-6ч,2026-08-13T05:30:08Z,2026-08-13T09:00:00Z,3.5,7.4,4.0,4.0,3.4,3.4
0-6ч,2026-08-13T10:49:01Z,2026-08-13T12:00:00Z,1.2,7.2,5.0,4.0,2.2,2.2
0-6ч,2026-08-13T10:49:01Z,2026-08-13T15:00:00Z,4.2,7.3,5.0,4.0,2.3,2.3
0-6ч,2026-08-13T16:36:10Z,2026-08-13T18:00:00Z,1.4,7.1,4.0,5.0,3.1,3.1
0-6ч,2026-08-13T16:36:10Z,2026-08-13T21:00:00Z,4.4,6.6,4.0,5.0,2.6,2.6
0-6ч,2026-08-13T16:42:24Z,2026-08-13T18:00:00Z,1.3,7.1,4.0,5.0,3.1,3.1
0-6ч,2026-08-13T16:42:24Z,2026-08-13T21:00:00Z,4.3,6.6,4.0,5.0,2.6,2.6
0-6ч,2026-08-13T16:54:22Z,2026-08-13T18:00:00Z,1.1,7.1,4.0,5.0,3.1,3.1
0-6ч,2026-08-13T16:54:22Z,2026-08-13T21:00:00Z,4.1,6.6,4.0,5.0,2.6,2.6
0-6ч,2026-08-13T22:52:17Z,2026-08-14T00:00:00Z,1.1,5.1,3.0,4.0,2.1,2.1
0-6ч,2026-08-13T22:52:17Z,2026-08-14T03:00:00Z,4.1,5.1,3.0,4.0,2.1,2.1
0-6ч,2026-08-14T05:28:14Z,2026-08-14T06:00:00Z,0.5,4.6,3.0,3.0,1.6,1.6
0-6ч,2026-08-14T05:28:14Z,2026-08-14T09:00:00Z,3.5,4.6,3.0,3.0,1.6,1.6
0-6ч,2026-08-14T10:44:54Z,2026-08-14T12:00:00Z,1.3,5.1,3.0,3.0,2.1,2.1
0-6ч,2026-08-14T10:44:54Z,2026-08-14T15:00:00Z,4.3,4.9,3.0,3.0,1.9,1.9
0-6ч,2026-08-14T16:48:33Z,2026-08-14T18:00:00Z,1.2,4.4,3.0,3.0,1.4,1.4
0-6ч,2026-08-14T16:48:33Z,2026-08-14T21:00:00Z,4.2,4.3,2.0,3.0,2.3,2.3
0-6ч,2026-08-14T22:30:55Z,2026-08-15T00:00:00Z,1.5,4.0,2.0,2.0,2.0,2.0
0-6ч,2026-08-14T22:30:55Z,2026-08-15T03:00:00Z,4.5,3.8,1.0,2.0,2.8,2.8
0-6ч,2026-08-15T04:24:15Z,2026-08-15T06:00:00Z,1.6,3.2,2.0,1.0,1.2,1.2
0-6ч,2026-08-15T04:24:15Z,2026-08-15T09:00:00Z,4.6,2.8,2.0,1.0,0.8,0.8
0-6ч,2026-08-15T10:09:15Z,2026-08-15T12:00:00Z,1.8,3.1,2.0,2.0,1.1,1.1
0-6ч,2026-08-15T10:09:15Z,2026-08-15T15:00:00Z,4.8,3.9,1.0,2.0,2.9,2.9
0-6ч,2026-08-15T22:29:33Z,2026-08-16T00:00:00Z,1.5,3.0,3.0,2.0,0.0,0.0
0-6ч,2026-08-15T22:29:33Z,2026-08-16T03:00:00Z,4.5,3.0,1.0,2.0,2.0,2.0
0-6ч,2026-08-16T04:29:41Z,2026-08-16T06:00:00Z,1.5,2.8,2.0,1.0,0.8,0.8
0-6ч,2026-08-16T04:29:41Z,2026-08-16T09:00:00Z,4.5,1.8,2.0,1.0,-0.2,0.2
0-6ч,2026-08-16T07:21:44Z,2026-08-16T09:00:00Z,1.6,1.8,2.0,2.0,-0.2,0.2
0-6ч,2026-08-16T07:21:44Z,2026-08-16T12:00:00Z,4.6,0.9,1.0,2.0,-0.1,0.1
0-6ч,2026-08-16T10:09:47Z,2026-08-16T12:00:00Z,1.8,2.7,1.0,2.0,1.7,1.7
0-6ч,2026-08-16T10:09:47Z,2026-08-16T15:00:00Z,4.8,2.6,1.0,2.0,1.6,1.6
0-6ч,2026-08-16T16:21:00Z,2026-08-16T18:00:00Z,1.6,2.4,1.0,1.0,1.4,1.4
0-6ч,2026-08-16T16:21:00Z,2026-08-16T21:00:00Z,4.7,2.4,1.0,1.0,1.4,1.4
0-6ч,2026-08-16T22:29:34Z,2026-08-17T00:00:00Z,1.5,2.5,1.0,1.0,1.5,1.5
0-6ч,2026-08-16T22:29:34Z,2026-08-17T03:00:00Z,4.5,2.3,1.0,1.0,1.3,1.3
0-6ч,2026-08-17T04:35:30Z,2026-08-17T06:00:00Z,1.4,2.7,2.0,1.0,0.7,0.7
0-6ч,2026-08-17T04:35:30Z,2026-08-17T09:00:00Z,4.4,3.6,3.0,1.0,0.6,0.6
0-6ч,2026-08-17T10:18:11Z,2026-08-17T12:00:00Z,1.7,2.8,3.0,3.0,-0.2,0.2
0-6ч,2026-08-17T10:18:11Z,2026-08-17T15:00:00Z,4.7,2.7,1.0,3.0,1.7,1.7
0-6ч,2026-08-17T16:23:45Z,2026-08-17T18:00:00Z,1.6,1.8,1.0,1.0,0.8,0.8
0-6ч,2026-08-17T16:23:45Z,2026-08-17T21:00:00Z,4.6,1.9,0.0,1.0,1.9,1.9
0-6ч,2026-08-17T22:31:28Z,2026-08-18T00:00:00Z,1.5,1.8,1.0,0.0,0.8,0.8
0-6ч,2026-08-17T22:31:28Z,2026-08-18T03:00:00Z,4.5,1.2,1.0,0.0,0.2,0.2
0-6ч,2026-08-18T04:30:05Z,2026-08-18T06:00:00Z,1.5,1.5,1.0,1.0,0.5,0.5
0-6ч,2026-08-18T04:30:05Z,2026-08-18T09:00:00Z,4.5,2.1,1.0,1.0,1.1,1.1
0-6ч,2026-08-18T10:14:55Z,2026-08-18T12:00:00Z,1.8,2.1,2.0,1.0,0.1,0.1
0-6ч,2026-08-18T10:14:55Z,2026-08-18T15:00:00Z,4.8,2.4,2.0,1.0,0.4,0.4
0-6ч,2026-08-18T16:27:50Z,2026-08-18T18:00:00Z,1.5,2.7,1.0,2.0,1.7,1.7
0-6ч,2026-08-18T16:27:50Z,2026-08-18T21:00:00Z,4.5,2.5,1.0,2.0,1.5,1.5
0-6ч,2026-08-18T22:31:39Z,2026-08-19T00:00:00Z,1.5,2.8,1.0,1.0,1.8,1.8
0-6ч,2026-08-18T22:31:39Z,2026-08-19T03:00:00Z,4.5,3.3,2.0,1.0,1.3,1.3
0-6ч,2026-08-19T04:31:14Z,2026-08-19T06:00:00Z,1.5,4.1,3.0,2.0,1.1,1.1
0-6ч,2026-08-19T04:31:14Z,2026-08-19T09:00:00Z,4.5,4.6,3.0,2.0,1.6,1.6
0-6ч,2026-08-19T10:14:48Z,2026-08-19T12:00:00Z,1.8,4.4,3.0,3.0,1.4,1.4
0-6ч,2026-08-19T10:14:48Z,2026-08-19T15:00:00Z,4.8,4.8,3.0,3.0,1.8,1.8
0-6ч,2026-08-19T16:28:17Z,2026-08-19T18:00:00Z,1.5,5.0,3.0,3.0,2.0,2.0
0-6ч,2026-08-19T16:28:17Z,2026-08-19T21:00:00Z,4.5,5.3,2.0,3.0,3.3,3.3
0-6ч,2026-08-20T04:31:56Z,2026-08-20T06:00:00Z,1.5,5.1,2.0,2.0,3.1,3.1
0-6ч,2026-08-20T04:31:56Z,2026-08-20T09:00:00Z,4.5,4.3,3.0,2.0,1.3,1.3
0-6ч,2026-08-20T10:16:10Z,2026-08-20T12:00:00Z,1.7,4.1,5.0,3.0,-0.9,0.9
0-6ч,2026-08-20T10:16:10Z,2026-08-20T15:00:00Z,4.7,5.4,3.0,3.0,2.4,2.4
0-6ч,2026-08-20T16:31:45Z,2026-08-20T18:00:00Z,1.5,5.9,3.0,3.0,2.9,2.9
0-6ч,2026-08-20T16:31:45Z,2026-08-20T21:00:00Z,4.5,5.4,3.0,3.0,2.4,2.4
0-6ч,2026-08-20T22:34:58Z,2026-08-21T00:00:00Z,1.4,4.6,3.0,3.0,1.6,1.6
0-6ч,2026-08-20T22:34:58Z,2026-08-21T03:00:00Z,4.4,4.6,3.0,3.0,1.6,1.6
0-6ч,2026-08-21T04:32:20Z,2026-08-21T06:00:00Z,1.5,4.1,3.0,3.0,1.1,1.1
0-6ч,2026-08-21T04:32:20Z,2026-08-21T09:00:00Z,4.5,4.4,4.0,3.0,0.4,0.4
0-6ч,2026-08-21T10:16:50Z,2026-08-21T12:00:00Z,1.7,3.8,3.0,4.0,0.8,0.8
0-6ч,2026-08-21T10:16:50Z,2026-08-21T15:00:00Z,4.7,2.5,2.0,4.0,0.5,0.5
0-6ч,2026-08-21T16:30:34Z,2026-08-21T18:00:00Z,1.5,2.3,2.0,2.0,0.3,0.3
0-6ч,2026-08-21T16:30:34Z,2026-08-21T21:00:00Z,4.5,3.4,2.0,2.0,1.4,1.4
0-6ч,2026-08-21T22:32:12Z,2026-08-22T00:00:00Z,1.5,2.6,2.0,2.0,0.6,0.6
0-6ч,2026-08-21T22:32:12Z,2026-08-22T03:00:00Z,4.5,2.6,2.0,2.0,0.6,0.6
0-6ч,2026-08-22T04:26:43Z,2026-08-22T06:00:00Z,1.6,3.6,3.0,2.0,0.6,0.6
0-6ч,2026-08-22T04:26:43Z,2026-08-22T09:00:00Z,4.6,4.1,1.0,2.0,3.1,3.1
0-6ч,2026-08-22T10:09:41Z,2026-08-22T12:00:00Z,1.8,3.5,2.0,1.0,1.5,1.5
0-6ч,2026-08-22T10:09:41Z,2026-08-22T15:00:00Z,4.8,2.4,2.0,1.0,0.4,0.4
0-6ч,2026-08-22T16:20:08Z,2026-08-22T18:00:00Z,1.7,0.9,0.0,2.0,0.9,0.9
0-6ч,2026-08-22T16:20:08Z,2026-08-22T21:00:00Z,4.7,1.1,0.0,2.0,1.1,1.1
0-6ч,2026-08-22T22:29:28Z,2026-08-23T00:00:00Z,1.5,0.9,1.0,0.0,-0.1,0.1
0-6ч,2026-08-22T22:29:28Z,2026-08-23T03:00:00Z,4.5,1.7,1.0,0.0,0.7,0.7
0-6ч,2026-08-23T04:31:06Z,2026-08-23T06:00:00Z,1.5,2.4,2.0,1.0,0.4,0.4
0-6ч,2026-08-23T04:31:06Z,2026-08-23T09:00:00Z,4.5,4.0,3.0,1.0,1.0,1.0
0-6ч,2026-08-23T10:10:14Z,2026-08-23T12:00:00Z,1.8,3.9,2.0,3.0,1.9,1.9
0-6ч,2026-08-23T10:10:14Z,2026-08-23T15:00:00Z,4.8,4.2,2.0,3.0,2.2,2.2
0-6ч,2026-08-23T16:21:17Z,2026-08-23T18:00:00Z,1.6,4.2,2.0,2.0,2.2,2.2
0-6ч,2026-08-23T16:21:17Z,2026-08-23T21:00:00Z,4.6,3.4,1.0,2.0,2.4,2.4
0-6ч,2026-08-23T22:29:36Z,2026-08-24T00:00:00Z,1.5,2.7,2.0,1.0,0.7,0.7
0-6ч,2026-08-23T22:29:36Z,2026-08-24T03:00:00Z,4.5,2.3,1.0,1.0,1.3,1.3
0-6ч,2026-08-24T04:38:48Z,2026-08-24T06:00:00Z,1.4,2.1,1.0,1.0,1.1,1.1
0-6ч,2026-08-24T04:38:48Z,2026-08-24T09:00:00Z,4.4,2.2,1.0,1.0,1.2,1.2
0-6ч,2026-08-24T10:24:38Z,2026-08-24T12:00:00Z,1.6,2.4,2.0,1.0,0.4,0.4
0-6ч,2026-08-24T10:24:38Z,2026-08-24T15:00:00Z,4.6,2.9,1.0,1.0,1.9,1.9
0-6ч,2026-08-24T16:34:00Z,2026-08-24T18:00:00Z,1.4,2.9,0.0,1.0,2.9,2.9
0-6ч,2026-08-24T16:34:00Z,2026-08-24T21:00:00Z,4.4,3.3,1.0,1.0,2.3,2.3
0-6ч,2026-08-24T22:34:40Z,2026-08-25T00:00:00Z,1.4,3.3,2.0,1.0,1.3,1.3
0-6ч,2026-08-24T22:34:40Z,2026-08-25T03:00:00Z,4.4,4.3,2.0,1.0,2.3,2.3
0-6ч,2026-08-25T04:33:15Z,2026-08-25T06:00:00Z,1.4,3.9,2.0,2.0,1.9,1.9
0-6ч,2026-08-25T04:33:15Z,2026-08-25T09:00:00Z,4.4,4.8,3.0,2.0,1.8,1.8
0-6ч,2026-08-25T10:18:20Z,2026-08-25T12:00:00Z,1.7,4.8,4.0,3.0,0.8,0.8
0-6ч,2026-08-25T10:18:20Z,2026-08-25T15:00:00Z,4.7,5.2,3.0,3.0,2.2,2.2
0-6ч,2026-08-25T16:33:53Z,2026-08-25T18:00:00Z,1.4,4.3,2.0,3.0,2.3,2.3
0-6ч,2026-08-25T16:33:53Z,2026-08-25T21:00:00Z,4.4,3.4,1.0,3.0,2.4,2.4
0-6ч,2026-08-25T22:34:48Z,2026-08-26T00:00:00Z,1.4,2.4,2.0,1.0,0.4,0.4
0-6ч,2026-08-25T22:34:48Z,2026-08-26T03:00:00Z,4.4,1.7,1.0,1.0,0.7,0.7
0-6ч,2026-08-26T04:34:15Z,2026-08-26T06:00:00Z,1.4,1.8,1.0,1.0,0.8,0.8
0-6ч,2026-08-26T04:34:15Z,2026-08-26T09:00:00Z,4.4,3.7,3.0,1.0,0.7,0.7
0-6ч,2026-08-26T10:21:58Z,2026-08-26T12:00:00Z,1.6,4.6,2.0,3.0,2.6,2.6
0-6ч,2026-08-26T10:21:58Z,2026-08-26T15:00:00Z,4.6,3.7,2.0,3.0,1.7,1.7
0-6ч,2026-08-26T16:46:17Z,2026-08-26T18:00:00Z,1.2,2.9,1.0,2.0,1.9,1.9
0-6ч,2026-08-26T16:46:17Z,2026-08-26T21:00:00Z,4.2,2.5,1.0,2.0,1.5,1.5
0-6ч,2026-08-27T03:02:51Z,2026-08-27T06:00:00Z,3.0,3.9,3.0,0.0,0.9,0.9
0-6ч,2026-08-27T03:02:51Z,2026-08-27T09:00:00Z,6.0,6.0,4.0,0.0,2.0,2.0
0-6ч,2026-08-27T14:55:44Z,2026-08-27T15:00:00Z,0.1,4.8,3.0,4.0,1.8,1.8
0-6ч,2026-08-27T14:55:44Z,2026-08-27T18:00:00Z,3.1,3.9,2.0,4.0,1.9,1.9
0-6ч,2026-08-27T20:01:22Z,2026-08-27T21:00:00Z,1.0,3.8,2.0,2.0,1.8,1.8
0-6ч,2026-08-27T20:01:22Z,2026-08-28T00:00:00Z,4.0,3.9,3.0,2.0,0.9,0.9
0-6ч,2026-08-28T00:44:37Z,2026-08-28T03:00:00Z,2.3,4.1,2.0,3.0,2.1,2.1
0-6ч,2026-08-28T00:44:37Z,2026-08-28T06:00:00Z,5.3,6.1,4.0,3.0,2.1,2.1
0-6ч,2026-08-28T06:03:31Z,2026-08-28T09:00:00Z,2.9,6.4,5.0,4.0,1.4,1.4
0-6ч,2026-08-28T06:03:31Z,2026-08-28T12:00:00Z,5.9,6.1,4.0,4.0,2.1,2.1
0-6ч,2026-08-28T15:51:06Z,2026-08-28T18:00:00Z,2.1,3.2,0.0,3.0,3.2,3.2
0-6ч,2026-08-28T15:51:06Z,2026-08-28T21:00:00Z,5.1,2.4,0.0,3.0,2.4,2.4
6-24ч,2026-08-06T09:50:07Z,2026-08-06T18:00:00Z,8.2,2.6,1.0,1.0,1.6,1.6
6-24ч,2026-08-06T09:50:07Z,2026-08-06T21:00:00Z,11.2,2.6,1.0,2.0,1.6,1.6
6-24ч,2026-08-06T09:50:07Z,2026-08-07T00:00:00Z,14.2,4.0,1.0,2.0,3.0,3.0
6-24ч,2026-08-06T09:50:07Z,2026-08-07T03:00:00Z,17.2,3.3,3.0,0.0,0.3,0.3
6-24ч,2026-08-06T09:50:07Z,2026-08-07T06:00:00Z,20.2,2.8,3.0,1.0,-0.2,0.2
6-24ч,2026-08-06T09:50:07Z,2026-08-07T09:00:00Z,23.2,5.9,1.0,1.0,4.9,4.9
6-24ч,2026-08-06T09:59:18Z,2026-08-06T18:00:00Z,8.0,2.6,1.0,1.0,1.6,1.6
6-24ч,2026-08-06T09:59:18Z,2026-08-06T21:00:00Z,11.0,2.6,1.0,2.0,1.6,1.6
6-24ч,2026-08-06T09:59:18Z,2026-08-07T00:00:00Z,14.0,4.0,1.0,2.0,3.0,3.0
6-24ч,2026-08-06T09:59:18Z,2026-08-07T03:00:00Z,17.0,3.3,3.0,0.0,0.3,0.3
6-24ч,2026-08-06T09:59:18Z,2026-08-07T06:00:00Z,20.0,2.8,3.0,1.0,-0.2,0.2
6-24ч,2026-08-06T09:59:18Z,2026-08-07T09:00:00Z,23.0,5.9,1.0,1.0,4.9,4.9
6-24ч,2026-08-06T10:08:26Z,2026-08-06T18:00:00Z,7.9,2.6,1.0,1.0,1.6,1.6
6-24ч,2026-08-06T10:08:26Z,2026-08-06T21:00:00Z,10.9,2.6,1.0,2.0,1.6,1.6
6-24ч,2026-08-06T10:08:26Z,2026-08-07T00:00:00Z,13.9,4.0,1.0,2.0,3.0,3.0
6-24ч,2026-08-06T10:08:26Z,2026-08-07T03:00:00Z,16.9,3.3,3.0,0.0,0.3,0.3
6-24ч,2026-08-06T10:08:26Z,2026-08-07T06:00:00Z,19.9,2.8,3.0,1.0,-0.2,0.2
6-24ч,2026-08-06T10:08:26Z,2026-08-07T09:00:00Z,22.9,5.9,1.0,1.0,4.9,4.9
6-24ч,2026-08-06T10:47:54Z,2026-08-06T18:00:00Z,7.2,2.6,1.0,1.0,1.6,1.6
6-24ч,2026-08-06T10:47:54Z,2026-08-06T21:00:00Z,10.2,2.6,1.0,2.0,1.6,1.6
6-24ч,2026-08-06T10:47:54Z,2026-08-07T00:00:00Z,13.2,4.0,1.0,2.0,3.0,3.0
6-24ч,2026-08-06T10:47:54Z,2026-08-07T03:00:00Z,16.2,3.3,3.0,0.0,0.3,0.3
6-24ч,2026-08-06T10:47:54Z,2026-08-07T06:00:00Z,19.2,2.8,3.0,1.0,-0.2,0.2
6-24ч,2026-08-06T10:47:54Z,2026-08-07T09:00:00Z,22.2,5.9,1.0,1.0,4.9,4.9
6-24ч,2026-08-06T11:30:42Z,2026-08-06T18:00:00Z,6.5,2.6,1.0,1.0,1.6,1.6
6-24ч,2026-08-06T11:30:42Z,2026-08-06T21:00:00Z,9.5,2.6,1.0,2.0,1.6,1.6
6-24ч,2026-08-06T11:30:42Z,2026-08-07T00:00:00Z,12.5,4.0,1.0,2.0,3.0,3.0
6-24ч,2026-08-06T11:30:42Z,2026-08-07T03:00:00Z,15.5,3.3,3.0,0.0,0.3,0.3
6-24ч,2026-08-06T11:30:42Z,2026-08-07T06:00:00Z,18.5,2.8,3.0,1.0,-0.2,0.2
6-24ч,2026-08-06T11:30:42Z,2026-08-07T09:00:00Z,21.5,5.9,1.0,1.0,4.9,4.9
6-24ч,2026-08-06T11:36:01Z,2026-08-06T18:00:00Z,6.4,2.6,1.0,1.0,1.6,1.6
6-24ч,2026-08-06T11:36:01Z,2026-08-06T21:00:00Z,9.4,2.6,1.0,2.0,1.6,1.6
6-24ч,2026-08-06T11:36:01Z,2026-08-07T00:00:00Z,12.4,4.0,1.0,2.0,3.0,3.0
6-24ч,2026-08-06T11:36:01Z,2026-08-07T03:00:00Z,15.4,3.3,3.0,0.0,0.3,0.3
6-24ч,2026-08-06T11:36:01Z,2026-08-07T06:00:00Z,18.4,2.8,3.0,1.0,-0.2,0.2
6-24ч,2026-08-06T11:36:01Z,2026-08-07T09:00:00Z,21.4,5.9,1.0,1.0,4.9,4.9
6-24ч,2026-08-06T11:44:08Z,2026-08-06T18:00:00Z,6.3,2.6,1.0,1.0,1.6,1.6
6-24ч,2026-08-06T11:44:08Z,2026-08-06T21:00:00Z,9.3,2.6,1.0,2.0,1.6,1.6
6-24ч,2026-08-06T11:44:08Z,2026-08-07T00:00:00Z,12.3,4.0,1.0,2.0,3.0,3.0
6-24ч,2026-08-06T11:44:08Z,2026-08-07T03:00:00Z,15.3,3.3,3.0,0.0,0.3,0.3
6-24ч,2026-08-06T11:44:08Z,2026-08-07T06:00:00Z,18.3,2.8,3.0,1.0,-0.2,0.2
6-24ч,2026-08-06T11:44:08Z,2026-08-07T09:00:00Z,21.3,5.9,1.0,1.0,4.9,4.9
6-24ч,2026-08-07T01:31:32Z,2026-08-07T09:00:00Z,7.5,3.6,1.0,1.0,2.6,2.6
6-24ч,2026-08-07T01:31:32Z,2026-08-07T12:00:00Z,10.5,2.1,1.0,1.0,1.1,1.1
6-24ч,2026-08-07T01:31:32Z,2026-08-07T15:00:00Z,13.5,2.8,1.0,1.0,1.8,1.8
6-24ч,2026-08-07T01:31:32Z,2026-08-07T18:00:00Z,16.5,1.6,1.0,1.0,0.6,0.6
6-24ч,2026-08-07T01:31:32Z,2026-08-07T21:00:00Z,19.5,1.2,1.0,1.0,0.2,0.2
6-24ч,2026-08-07T01:31:32Z,2026-08-08T00:00:00Z,22.5,1.3,1.0,1.0,0.3,0.3
6-24ч,2026-08-07T05:36:00Z,2026-08-07T12:00:00Z,6.4,2.1,1.0,1.0,1.1,1.1
6-24ч,2026-08-07T05:36:00Z,2026-08-07T15:00:00Z,9.4,2.8,1.0,1.0,1.8,1.8
6-24ч,2026-08-07T05:36:00Z,2026-08-07T18:00:00Z,12.4,1.6,1.0,1.0,0.6,0.6
6-24ч,2026-08-07T05:36:00Z,2026-08-07T21:00:00Z,15.4,1.2,1.0,1.0,0.2,0.2
6-24ч,2026-08-07T05:36:00Z,2026-08-08T00:00:00Z,18.4,1.3,1.0,1.0,0.3,0.3
6-24ч,2026-08-07T05:36:00Z,2026-08-08T03:00:00Z,21.4,0.4,1.0,3.0,-0.6,0.6
6-24ч,2026-08-07T06:18:59Z,2026-08-07T15:00:00Z,8.7,2.8,1.0,1.0,1.8,1.8
6-24ч,2026-08-07T06:18:59Z,2026-08-07T18:00:00Z,11.7,1.6,1.0,1.0,0.6,0.6
6-24ч,2026-08-07T06:18:59Z,2026-08-07T21:00:00Z,14.7,1.2,1.0,1.0,0.2,0.2
6-24ч,2026-08-07T06:18:59Z,2026-08-08T00:00:00Z,17.7,1.3,1.0,1.0,0.3,0.3
6-24ч,2026-08-07T06:18:59Z,2026-08-08T03:00:00Z,20.7,0.4,1.0,3.0,-0.6,0.6
6-24ч,2026-08-07T06:18:59Z,2026-08-08T06:00:00Z,23.7,0.7,1.0,3.0,-0.3,0.3
6-24ч,2026-08-07T07:13:52Z,2026-08-07T15:00:00Z,7.8,2.8,1.0,1.0,1.8,1.8
6-24ч,2026-08-07T07:13:52Z,2026-08-07T18:00:00Z,10.8,1.6,1.0,1.0,0.6,0.6
6-24ч,2026-08-07T07:13:52Z,2026-08-07T21:00:00Z,13.8,1.2,1.0,1.0,0.2,0.2
6-24ч,2026-08-07T07:13:52Z,2026-08-08T00:00:00Z,16.8,1.3,1.0,1.0,0.3,0.3
6-24ч,2026-08-07T07:13:52Z,2026-08-08T03:00:00Z,19.8,0.4,1.0,3.0,-0.6,0.6
6-24ч,2026-08-07T07:13:52Z,2026-08-08T06:00:00Z,22.8,0.7,1.0,3.0,-0.3,0.3
6-24ч,2026-08-07T10:39:14Z,2026-08-07T18:00:00Z,7.3,0.3,1.0,1.0,-0.7,0.7
6-24ч,2026-08-07T10:39:14Z,2026-08-07T21:00:00Z,10.3,1.1,1.0,1.0,0.1,0.1
6-24ч,2026-08-07T10:39:14Z,2026-08-08T00:00:00Z,13.3,0.9,1.0,1.0,-0.1,0.1
6-24ч,2026-08-07T10:39:14Z,2026-08-08T03:00:00Z,16.3,1.0,1.0,3.0,0.0,0.0
6-24ч,2026-08-07T10:39:14Z,2026-08-08T06:00:00Z,19.3,2.5,1.0,3.0,1.5,1.5
6-24ч,2026-08-07T10:39:14Z,2026-08-08T09:00:00Z,22.3,3.0,1.0,1.0,2.0,2.0
6-24ч,2026-08-07T16:51:54Z,2026-08-08T00:00:00Z,7.1,1.6,1.0,1.0,0.6,0.6
6-24ч,2026-08-07T16:51:54Z,2026-08-08T03:00:00Z,10.1,1.4,1.0,3.0,0.4,0.4
6-24ч,2026-08-07T16:51:54Z,2026-08-08T06:00:00Z,13.1,1.4,1.0,3.0,0.4,0.4
6-24ч,2026-08-07T16:51:54Z,2026-08-08T09:00:00Z,16.1,3.0,1.0,1.0,2.0,2.0
6-24ч,2026-08-07T16:51:54Z,2026-08-08T12:00:00Z,19.1,1.8,2.0,1.0,-0.2,0.2
6-24ч,2026-08-07T16:51:54Z,2026-08-08T15:00:00Z,22.1,1.8,1.0,1.0,0.8,0.8
6-24ч,2026-08-07T22:45:57Z,2026-08-08T06:00:00Z,7.2,1.9,1.0,3.0,0.9,0.9
6-24ч,2026-08-07T22:45:57Z,2026-08-08T09:00:00Z,10.2,2.6,1.0,1.0,1.6,1.6
6-24ч,2026-08-07T22:45:57Z,2026-08-08T12:00:00Z,13.2,2.1,2.0,1.0,0.1,0.1
6-24ч,2026-08-07T22:45:57Z,2026-08-08T15:00:00Z,16.2,1.8,1.0,1.0,0.8,0.8
6-24ч,2026-08-07T22:45:57Z,2026-08-08T18:00:00Z,19.2,2.0,1.0,1.0,1.0,1.0
6-24ч,2026-08-07T22:45:57Z,2026-08-08T21:00:00Z,22.2,1.8,2.0,1.0,-0.2,0.2
6-24ч,2026-08-07T23:19:23Z,2026-08-08T06:00:00Z,6.7,1.9,1.0,3.0,0.9,0.9
6-24ч,2026-08-07T23:19:23Z,2026-08-08T09:00:00Z,9.7,2.6,1.0,1.0,1.6,1.6
6-24ч,2026-08-07T23:19:23Z,2026-08-08T12:00:00Z,12.7,2.1,2.0,1.0,0.1,0.1
6-24ч,2026-08-07T23:19:23Z,2026-08-08T15:00:00Z,15.7,1.8,1.0,1.0,0.8,0.8
6-24ч,2026-08-07T23:19:23Z,2026-08-08T18:00:00Z,18.7,2.0,1.0,1.0,1.0,1.0
6-24ч,2026-08-07T23:19:23Z,2026-08-08T21:00:00Z,21.7,1.8,2.0,1.0,-0.2,0.2
6-24ч,2026-08-08T04:50:53Z,2026-08-08T12:00:00Z,7.2,1.6,2.0,1.0,-0.4,0.4
6-24ч,2026-08-08T04:50:53Z,2026-08-08T15:00:00Z,10.2,2.1,1.0,1.0,1.1,1.1
6-24ч,2026-08-08T04:50:53Z,2026-08-08T18:00:00Z,13.2,2.0,1.0,1.0,1.0,1.0
6-24ч,2026-08-08T04:50:53Z,2026-08-08T21:00:00Z,16.2,1.8,2.0,1.0,-0.2,0.2
6-24ч,2026-08-08T04:50:53Z,2026-08-09T00:00:00Z,19.2,2.0,2.0,1.0,0.0,0.0
6-24ч,2026-08-08T04:50:53Z,2026-08-09T03:00:00Z,22.2,2.8,2.0,1.0,0.8,0.8
6-24ч,2026-08-08T10:18:13Z,2026-08-08T18:00:00Z,7.7,2.2,1.0,1.0,1.2,1.2
6-24ч,2026-08-08T10:18:13Z,2026-08-08T21:00:00Z,10.7,1.9,2.0,1.0,-0.1,0.1
6-24ч,2026-08-08T10:18:13Z,2026-08-09T00:00:00Z,13.7,2.2,2.0,1.0,0.2,0.2
6-24ч,2026-08-08T10:18:13Z,2026-08-09T03:00:00Z,16.7,3.1,2.0,1.0,1.1,1.1
6-24ч,2026-08-08T10:18:13Z,2026-08-09T06:00:00Z,19.7,4.0,2.0,1.0,2.0,2.0
6-24ч,2026-08-08T10:18:13Z,2026-08-09T09:00:00Z,22.7,5.0,3.0,1.0,2.0,2.0
6-24ч,2026-08-08T22:37:20Z,2026-08-09T06:00:00Z,7.4,3.6,2.0,1.0,1.6,1.6
6-24ч,2026-08-08T22:37:20Z,2026-08-09T09:00:00Z,10.4,3.4,3.0,1.0,0.4,0.4
6-24ч,2026-08-08T22:37:20Z,2026-08-09T12:00:00Z,13.4,2.1,2.0,2.0,0.1,0.1
6-24ч,2026-08-08T22:37:20Z,2026-08-09T15:00:00Z,16.4,1.9,2.0,1.0,-0.1,0.1
6-24ч,2026-08-08T22:37:20Z,2026-08-09T18:00:00Z,19.4,2.2,0.0,1.0,2.2,2.2
6-24ч,2026-08-08T22:37:20Z,2026-08-09T21:00:00Z,22.4,2.6,1.0,2.0,1.6,1.6
6-24ч,2026-08-09T04:59:03Z,2026-08-09T12:00:00Z,7.0,2.1,2.0,2.0,0.1,0.1
6-24ч,2026-08-09T04:59:03Z,2026-08-09T15:00:00Z,10.0,2.2,2.0,1.0,0.2,0.2
6-24ч,2026-08-09T04:59:03Z,2026-08-09T18:00:00Z,13.0,1.6,0.0,1.0,1.6,1.6
6-24ч,2026-08-09T04:59:03Z,2026-08-09T21:00:00Z,16.0,2.8,1.0,2.0,1.8,1.8
6-24ч,2026-08-09T04:59:03Z,2026-08-10T00:00:00Z,19.0,2.8,1.0,2.0,1.8,1.8
6-24ч,2026-08-09T04:59:03Z,2026-08-10T03:00:00Z,22.0,3.4,2.0,2.0,1.4,1.4
6-24ч,2026-08-09T10:19:29Z,2026-08-09T18:00:00Z,7.7,1.6,0.0,1.0,1.6,1.6
6-24ч,2026-08-09T10:19:29Z,2026-08-09T21:00:00Z,10.7,2.8,1.0,2.0,1.8,1.8
6-24ч,2026-08-09T10:19:29Z,2026-08-10T00:00:00Z,13.7,2.8,1.0,2.0,1.8,1.8
6-24ч,2026-08-09T10:19:29Z,2026-08-10T03:00:00Z,16.7,3.4,2.0,2.0,1.4,1.4
6-24ч,2026-08-09T10:19:29Z,2026-08-10T06:00:00Z,19.7,3.8,3.0,2.0,0.8,0.8
6-24ч,2026-08-09T10:19:29Z,2026-08-10T09:00:00Z,22.7,5.0,3.0,3.0,2.0,2.0
6-24ч,2026-08-09T12:41:38Z,2026-08-09T21:00:00Z,8.3,2.8,1.0,2.0,1.8,1.8
6-24ч,2026-08-09T12:41:38Z,2026-08-10T00:00:00Z,11.3,2.8,1.0,2.0,1.8,1.8
6-24ч,2026-08-09T12:41:38Z,2026-08-10T03:00:00Z,14.3,3.4,2.0,2.0,1.4,1.4
6-24ч,2026-08-09T12:41:38Z,2026-08-10T06:00:00Z,17.3,3.8,3.0,2.0,0.8,0.8
6-24ч,2026-08-09T12:41:38Z,2026-08-10T09:00:00Z,20.3,5.0,3.0,3.0,2.0,2.0
6-24ч,2026-08-09T12:41:38Z,2026-08-10T12:00:00Z,23.3,4.1,2.0,2.0,2.1,2.1
6-24ч,2026-08-09T12:45:53Z,2026-08-09T21:00:00Z,8.2,2.8,1.0,2.0,1.8,1.8
6-24ч,2026-08-09T12:45:53Z,2026-08-10T00:00:00Z,11.2,2.8,1.0,2.0,1.8,1.8
6-24ч,2026-08-09T12:45:53Z,2026-08-10T03:00:00Z,14.2,3.4,2.0,2.0,1.4,1.4
6-24ч,2026-08-09T12:45:53Z,2026-08-10T06:00:00Z,17.2,3.8,3.0,2.0,0.8,0.8
6-24ч,2026-08-09T12:45:53Z,2026-08-10T09:00:00Z,20.2,5.0,3.0,3.0,2.0,2.0
6-24ч,2026-08-09T12:45:53Z,2026-08-10T12:00:00Z,23.2,4.1,2.0,2.0,2.1,2.1
6-24ч,2026-08-09T12:48:15Z,2026-08-09T21:00:00Z,8.2,2.8,1.0,2.0,1.8,1.8
6-24ч,2026-08-09T12:48:15Z,2026-08-10T00:00:00Z,11.2,2.8,1.0,2.0,1.8,1.8
6-24ч,2026-08-09T12:48:15Z,2026-08-10T03:00:00Z,14.2,3.4,2.0,2.0,1.4,1.4
6-24ч,2026-08-09T12:48:15Z,2026-08-10T06:00:00Z,17.2,3.8,3.0,2.0,0.8,0.8
6-24ч,2026-08-09T12:48:15Z,2026-08-10T09:00:00Z,20.2,5.0,3.0,3.0,2.0,2.0
6-24ч,2026-08-09T12:48:15Z,2026-08-10T12:00:00Z,23.2,4.1,2.0,2.0,2.1,2.1
6-24ч,2026-08-09T16:31:44Z,2026-08-10T00:00:00Z,7.5,2.8,1.0,2.0,1.8,1.8
6-24ч,2026-08-09T16:31:44Z,2026-08-10T03:00:00Z,10.5,3.3,2.0,2.0,1.3,1.3
6-24ч,2026-08-09T16:31:44Z,2026-08-10T06:00:00Z,13.5,3.6,3.0,2.0,0.6,0.6
6-24ч,2026-08-09T16:31:44Z,2026-08-10T09:00:00Z,16.5,5.1,3.0,3.0,2.1,2.1
6-24ч,2026-08-09T16:31:44Z,2026-08-10T12:00:00Z,19.5,4.1,2.0,2.0,2.1,2.1
6-24ч,2026-08-09T16:31:44Z,2026-08-10T15:00:00Z,22.5,3.4,2.0,2.0,1.4,1.4
6-24ч,2026-08-09T22:39:09Z,2026-08-10T06:00:00Z,7.3,3.4,3.0,2.0,0.4,0.4
6-24ч,2026-08-09T22:39:09Z,2026-08-10T09:00:00Z,10.3,4.9,3.0,3.0,1.9,1.9
6-24ч,2026-08-09T22:39:09Z,2026-08-10T12:00:00Z,13.3,4.1,2.0,2.0,2.1,2.1
6-24ч,2026-08-09T22:39:09Z,2026-08-10T15:00:00Z,16.3,3.5,2.0,2.0,1.5,1.5
6-24ч,2026-08-09T22:39:09Z,2026-08-10T18:00:00Z,19.3,4.1,2.0,0.0,2.1,2.1
6-24ч,2026-08-09T22:39:09Z,2026-08-10T21:00:00Z,22.3,4.1,2.0,1.0,2.1,2.1
6-24ч,2026-08-10T05:20:42Z,2026-08-10T12:00:00Z,6.7,4.3,2.0,2.0,2.3,2.3
6-24ч,2026-08-10T05:20:42Z,2026-08-10T15:00:00Z,9.7,3.1,2.0,2.0,1.1,1.1
6-24ч,2026-08-10T05:20:42Z,2026-08-10T18:00:00Z,12.7,3.8,2.0,0.0,1.8,1.8
6-24ч,2026-08-10T05:20:42Z,2026-08-10T21:00:00Z,15.7,3.9,2.0,1.0,1.9,1.9
6-24ч,2026-08-10T05:20:42Z,2026-08-11T00:00:00Z,18.7,3.8,2.0,1.0,1.8,1.8
6-24ч,2026-08-10T05:20:42Z,2026-08-11T03:00:00Z,21.7,3.8,2.0,2.0,1.8,1.8
6-24ч,2026-08-10T10:53:28Z,2026-08-10T18:00:00Z,7.1,3.8,2.0,0.0,1.8,1.8
6-24ч,2026-08-10T10:53:28Z,2026-08-10T21:00:00Z,10.1,4.1,2.0,1.0,2.1,2.1
6-24ч,2026-08-10T10:53:28Z,2026-08-11T00:00:00Z,13.1,3.9,2.0,1.0,1.9,1.9
6-24ч,2026-08-10T10:53:28Z,2026-08-11T03:00:00Z,16.1,4.0,2.0,2.0,2.0,2.0
6-24ч,2026-08-10T10:53:28Z,2026-08-11T06:00:00Z,19.1,4.7,3.0,3.0,1.7,1.7
6-24ч,2026-08-10T10:53:28Z,2026-08-11T09:00:00Z,22.1,5.2,4.0,3.0,1.2,1.2
6-24ч,2026-08-10T16:52:05Z,2026-08-11T00:00:00Z,7.1,4.1,2.0,1.0,2.1,2.1
6-24ч,2026-08-10T16:52:05Z,2026-08-11T03:00:00Z,10.1,4.1,2.0,2.0,2.1,2.1
6-24ч,2026-08-10T16:52:05Z,2026-08-11T06:00:00Z,13.1,4.9,3.0,3.0,1.9,1.9
6-24ч,2026-08-10T16:52:05Z,2026-08-11T09:00:00Z,16.1,5.3,4.0,3.0,1.3,1.3
6-24ч,2026-08-10T16:52:05Z,2026-08-11T12:00:00Z,19.1,4.2,4.0,2.0,0.2,0.2
6-24ч,2026-08-10T16:52:05Z,2026-08-11T15:00:00Z,22.1,4.8,4.0,2.0,0.8,0.8
6-24ч,2026-08-10T22:47:13Z,2026-08-11T06:00:00Z,7.2,4.8,3.0,3.0,1.8,1.8
6-24ч,2026-08-10T22:47:13Z,2026-08-11T09:00:00Z,10.2,5.2,4.0,3.0,1.2,1.2
6-24ч,2026-08-10T22:47:13Z,2026-08-11T12:00:00Z,13.2,4.5,4.0,2.0,0.5,0.5
6-24ч,2026-08-10T22:47:13Z,2026-08-11T15:00:00Z,16.2,5.1,4.0,2.0,1.1,1.1
6-24ч,2026-08-10T22:47:13Z,2026-08-11T18:00:00Z,19.2,4.2,2.0,2.0,2.2,2.2
6-24ч,2026-08-10T22:47:13Z,2026-08-11T21:00:00Z,22.2,3.3,1.0,2.0,2.3,2.3
6-24ч,2026-08-11T05:01:49Z,2026-08-11T12:00:00Z,7.0,4.8,4.0,2.0,0.8,0.8
6-24ч,2026-08-11T05:01:49Z,2026-08-11T15:00:00Z,10.0,5.6,4.0,2.0,1.6,1.6
6-24ч,2026-08-11T05:01:49Z,2026-08-11T18:00:00Z,13.0,3.9,2.0,2.0,1.9,1.9
6-24ч,2026-08-11T05:01:49Z,2026-08-11T21:00:00Z,16.0,1.9,1.0,2.0,0.9,0.9
6-24ч,2026-08-11T05:01:49Z,2026-08-12T00:00:00Z,19.0,1.9,1.0,2.0,0.9,0.9
6-24ч,2026-08-11T05:01:49Z,2026-08-12T03:00:00Z,22.0,1.8,1.0,2.0,0.8,0.8
6-24ч,2026-08-11T10:38:45Z,2026-08-11T18:00:00Z,7.4,3.6,2.0,2.0,1.6,1.6
6-24ч,2026-08-11T10:38:45Z,2026-08-11T21:00:00Z,10.4,2.1,1.0,2.0,1.1,1.1
6-24ч,2026-08-11T10:38:45Z,2026-08-12T00:00:00Z,13.4,1.1,1.0,2.0,0.1,0.1
6-24ч,2026-08-11T10:38:45Z,2026-08-12T03:00:00Z,16.4,1.3,1.0,2.0,0.3,0.3
6-24ч,2026-08-11T10:38:45Z,2026-08-12T06:00:00Z,19.4,3.6,2.0,3.0,1.6,1.6
6-24ч,2026-08-11T10:38:45Z,2026-08-12T09:00:00Z,22.4,4.8,2.0,4.0,2.8,2.8
6-24ч,2026-08-12T10:47:03Z,2026-08-12T18:00:00Z,7.2,5.8,3.0,2.0,2.8,2.8
6-24ч,2026-08-12T10:47:03Z,2026-08-12T21:00:00Z,10.2,5.7,3.0,1.0,2.7,2.7
6-24ч,2026-08-12T10:47:03Z,2026-08-13T00:00:00Z,13.2,6.1,3.0,1.0,3.1,3.1
6-24ч,2026-08-12T10:47:03Z,2026-08-13T03:00:00Z,16.2,6.7,4.0,1.0,2.7,2.7
6-24ч,2026-08-12T10:47:03Z,2026-08-13T06:00:00Z,19.2,7.2,5.0,2.0,2.2,2.2
6-24ч,2026-08-12T10:47:03Z,2026-08-13T09:00:00Z,22.2,7.4,4.0,2.0,3.4,3.4
6-24ч,2026-08-12T16:54:57Z,2026-08-13T00:00:00Z,7.1,6.2,3.0,1.0,3.2,3.2
6-24ч,2026-08-12T16:54:57Z,2026-08-13T03:00:00Z,10.1,6.6,4.0,1.0,2.6,2.6
6-24ч,2026-08-12T16:54:57Z,2026-08-13T06:00:00Z,13.1,7.4,5.0,2.0,2.4,2.4
6-24ч,2026-08-12T16:54:57Z,2026-08-13T09:00:00Z,16.1,7.3,4.0,2.0,3.3,3.3
6-24ч,2026-08-12T16:54:57Z,2026-08-13T12:00:00Z,19.1,7.9,5.0,3.0,2.9,2.9
6-24ч,2026-08-12T16:54:57Z,2026-08-13T15:00:00Z,22.1,6.9,5.0,4.0,1.9,1.9
6-24ч,2026-08-12T22:50:47Z,2026-08-13T06:00:00Z,7.2,7.4,5.0,2.0,2.4,2.4
6-24ч,2026-08-12T22:50:47Z,2026-08-13T09:00:00Z,10.2,7.9,4.0,2.0,3.9,3.9
6-24ч,2026-08-12T22:50:47Z,2026-08-13T12:00:00Z,13.2,8.0,5.0,3.0,3.0,3.0
6-24ч,2026-08-12T22:50:47Z,2026-08-13T15:00:00Z,16.2,7.3,5.0,4.0,2.3,2.3
6-24ч,2026-08-12T22:50:47Z,2026-08-13T18:00:00Z,19.2,6.8,4.0,3.0,2.8,2.8
6-24ч,2026-08-12T22:50:47Z,2026-08-13T21:00:00Z,22.2,4.9,4.0,3.0,0.9,0.9
6-24ч,2026-08-13T05:30:08Z,2026-08-13T12:00:00Z,6.5,7.4,5.0,3.0,2.4,2.4
6-24ч,2026-08-13T05:30:08Z,2026-08-13T15:00:00Z,9.5,7.8,5.0,4.0,2.8,2.8
6-24ч,2026-08-13T05:30:08Z,2026-08-13T18:00:00Z,12.5,6.9,4.0,3.0,2.9,2.9
6-24ч,2026-08-13T05:30:08Z,2026-08-13T21:00:00Z,15.5,6.2,4.0,3.0,2.2,2.2
6-24ч,2026-08-13T05:30:08Z,2026-08-14T00:00:00Z,18.5,5.4,3.0,3.0,2.4,2.4
6-24ч,2026-08-13T05:30:08Z,2026-08-14T03:00:00Z,21.5,4.9,3.0,4.0,1.9,1.9
6-24ч,2026-08-13T10:49:01Z,2026-08-13T18:00:00Z,7.2,7.1,4.0,3.0,3.1,3.1
6-24ч,2026-08-13T10:49:01Z,2026-08-13T21:00:00Z,10.2,6.3,4.0,3.0,2.3,2.3
6-24ч,2026-08-13T10:49:01Z,2026-08-14T00:00:00Z,13.2,5.4,3.0,3.0,2.4,2.4
6-24ч,2026-08-13T10:49:01Z,2026-08-14T03:00:00Z,16.2,4.8,3.0,4.0,1.8,1.8
6-24ч,2026-08-13T10:49:01Z,2026-08-14T06:00:00Z,19.2,5.0,3.0,5.0,2.0,2.0
6-24ч,2026-08-13T10:49:01Z,2026-08-14T09:00:00Z,22.2,5.4,3.0,4.0,2.4,2.4
6-24ч,2026-08-13T16:36:10Z,2026-08-14T00:00:00Z,7.4,5.4,3.0,3.0,2.4,2.4
6-24ч,2026-08-13T16:36:10Z,2026-08-14T03:00:00Z,10.4,4.9,3.0,4.0,1.9,1.9
6-24ч,2026-08-13T16:36:10Z,2026-08-14T06:00:00Z,13.4,4.8,3.0,5.0,1.8,1.8
6-24ч,2026-08-13T16:36:10Z,2026-08-14T09:00:00Z,16.4,3.7,3.0,4.0,0.7,0.7
6-24ч,2026-08-13T16:36:10Z,2026-08-14T12:00:00Z,19.4,4.8,3.0,5.0,1.8,1.8
6-24ч,2026-08-13T16:36:10Z,2026-08-14T15:00:00Z,22.4,5.2,3.0,5.0,2.2,2.2
6-24ч,2026-08-13T16:42:24Z,2026-08-14T00:00:00Z,7.3,5.4,3.0,3.0,2.4,2.4
6-24ч,2026-08-13T16:42:24Z,2026-08-14T03:00:00Z,10.3,4.9,3.0,4.0,1.9,1.9
6-24ч,2026-08-13T16:42:24Z,2026-08-14T06:00:00Z,13.3,4.8,3.0,5.0,1.8,1.8
6-24ч,2026-08-13T16:42:24Z,2026-08-14T09:00:00Z,16.3,3.7,3.0,4.0,0.7,0.7
6-24ч,2026-08-13T16:42:24Z,2026-08-14T12:00:00Z,19.3,4.8,3.0,5.0,1.8,1.8
6-24ч,2026-08-13T16:42:24Z,2026-08-14T15:00:00Z,22.3,5.2,3.0,5.0,2.2,2.2
6-24ч,2026-08-13T16:54:22Z,2026-08-14T00:00:00Z,7.1,5.4,3.0,3.0,2.4,2.4
6-24ч,2026-08-13T16:54:22Z,2026-08-14T03:00:00Z,10.1,4.9,3.0,4.0,1.9,1.9
6-24ч,2026-08-13T16:54:22Z,2026-08-14T06:00:00Z,13.1,4.8,3.0,5.0,1.8,1.8
6-24ч,2026-08-13T16:54:22Z,2026-08-14T09:00:00Z,16.1,3.7,3.0,4.0,0.7,0.7
6-24ч,2026-08-13T16:54:22Z,2026-08-14T12:00:00Z,19.1,4.8,3.0,5.0,1.8,1.8
6-24ч,2026-08-13T16:54:22Z,2026-08-14T15:00:00Z,22.1,5.2,3.0,5.0,2.2,2.2
6-24ч,2026-08-13T22:52:17Z,2026-08-14T06:00:00Z,7.1,4.8,3.0,5.0,1.8,1.8
6-24ч,2026-08-13T22:52:17Z,2026-08-14T09:00:00Z,10.1,4.4,3.0,4.0,1.4,1.4
6-24ч,2026-08-13T22:52:17Z,2026-08-14T12:00:00Z,13.1,4.6,3.0,5.0,1.6,1.6
6-24ч,2026-08-13T22:52:17Z,2026-08-14T15:00:00Z,16.1,4.9,3.0,5.0,1.9,1.9
6-24ч,2026-08-13T22:52:17Z,2026-08-14T18:00:00Z,19.1,4.1,3.0,4.0,1.1,1.1
6-24ч,2026-08-13T22:52:17Z,2026-08-14T21:00:00Z,22.1,3.5,2.0,4.0,1.5,1.5
6-24ч,2026-08-14T05:28:14Z,2026-08-14T12:00:00Z,6.5,4.2,3.0,5.0,1.2,1.2
6-24ч,2026-08-14T05:28:14Z,2026-08-14T15:00:00Z,9.5,4.8,3.0,5.0,1.8,1.8
6-24ч,2026-08-14T05:28:14Z,2026-08-14T18:00:00Z,12.5,4.0,3.0,4.0,1.0,1.0
6-24ч,2026-08-14T05:28:14Z,2026-08-14T21:00:00Z,15.5,3.8,2.0,4.0,1.8,1.8
6-24ч,2026-08-14T05:28:14Z,2026-08-15T00:00:00Z,18.5,3.6,2.0,3.0,1.6,1.6
6-24ч,2026-08-14T05:28:14Z,2026-08-15T03:00:00Z,21.5,4.2,1.0,3.0,3.2,3.2
6-24ч,2026-08-14T10:44:54Z,2026-08-14T18:00:00Z,7.3,4.4,3.0,4.0,1.4,1.4
6-24ч,2026-08-14T10:44:54Z,2026-08-14T21:00:00Z,10.3,4.1,2.0,4.0,2.1,2.1
6-24ч,2026-08-14T10:44:54Z,2026-08-15T00:00:00Z,13.3,3.9,2.0,3.0,1.9,1.9
6-24ч,2026-08-14T10:44:54Z,2026-08-15T03:00:00Z,16.3,3.8,1.0,3.0,2.8,2.8
6-24ч,2026-08-14T10:44:54Z,2026-08-15T06:00:00Z,19.3,3.4,2.0,3.0,1.4,1.4
6-24ч,2026-08-14T10:44:54Z,2026-08-15T09:00:00Z,22.3,2.8,2.0,3.0,0.8,0.8
6-24ч,2026-08-14T16:48:33Z,2026-08-15T00:00:00Z,7.2,4.0,2.0,3.0,2.0,2.0
6-24ч,2026-08-14T16:48:33Z,2026-08-15T03:00:00Z,10.2,3.8,1.0,3.0,2.8,2.8
6-24ч,2026-08-14T16:48:33Z,2026-08-15T06:00:00Z,13.2,3.5,2.0,3.0,1.5,1.5
6-24ч,2026-08-14T16:48:33Z,2026-08-15T09:00:00Z,16.2,2.9,2.0,3.0,0.9,0.9
6-24ч,2026-08-14T16:48:33Z,2026-08-15T12:00:00Z,19.2,3.0,2.0,3.0,1.0,1.0
6-24ч,2026-08-14T16:48:33Z,2026-08-15T15:00:00Z,22.2,3.1,1.0,3.0,2.1,2.1
6-24ч,2026-08-14T22:30:55Z,2026-08-15T06:00:00Z,7.5,3.5,2.0,3.0,1.5,1.5
6-24ч,2026-08-14T22:30:55Z,2026-08-15T09:00:00Z,10.5,2.9,2.0,3.0,0.9,0.9
6-24ч,2026-08-14T22:30:55Z,2026-08-15T12:00:00Z,13.5,3.0,2.0,3.0,1.0,1.0
6-24ч,2026-08-14T22:30:55Z,2026-08-15T15:00:00Z,16.5,3.1,1.0,3.0,2.1,2.1
6-24ч,2026-08-14T22:30:55Z,2026-08-15T18:00:00Z,19.5,2.2,2.0,3.0,0.2,0.2
6-24ч,2026-08-14T22:30:55Z,2026-08-15T21:00:00Z,22.5,3.1,2.0,2.0,1.1,1.1
6-24ч,2026-08-15T04:24:15Z,2026-08-15T12:00:00Z,7.6,3.1,2.0,3.0,1.1,1.1
6-24ч,2026-08-15T04:24:15Z,2026-08-15T15:00:00Z,10.6,3.3,1.0,3.0,2.3,2.3
6-24ч,2026-08-15T04:24:15Z,2026-08-15T18:00:00Z,13.6,2.3,2.0,3.0,0.3,0.3
6-24ч,2026-08-15T04:24:15Z,2026-08-15T21:00:00Z,16.6,3.4,2.0,2.0,1.4,1.4
6-24ч,2026-08-15T04:24:15Z,2026-08-16T00:00:00Z,19.6,3.4,3.0,2.0,0.4,0.4
6-24ч,2026-08-15T04:24:15Z,2026-08-16T03:00:00Z,22.6,3.3,1.0,1.0,2.3,2.3
6-24ч,2026-08-15T10:09:15Z,2026-08-15T18:00:00Z,7.8,2.8,2.0,3.0,0.8,0.8
6-24ч,2026-08-15T10:09:15Z,2026-08-15T21:00:00Z,10.8,3.0,2.0,2.0,1.0,1.0
6-24ч,2026-08-15T10:09:15Z,2026-08-16T00:00:00Z,13.8,3.3,3.0,2.0,0.3,0.3
6-24ч,2026-08-15T10:09:15Z,2026-08-16T03:00:00Z,16.8,3.1,1.0,1.0,2.1,2.1
6-24ч,2026-08-15T10:09:15Z,2026-08-16T06:00:00Z,19.8,2.9,2.0,2.0,0.9,0.9
6-24ч,2026-08-15T10:09:15Z,2026-08-16T09:00:00Z,22.8,2.5,2.0,2.0,0.5,0.5
6-24ч,2026-08-15T22:29:33Z,2026-08-16T06:00:00Z,7.5,2.7,2.0,2.0,0.7,0.7
6-24ч,2026-08-15T22:29:33Z,2026-08-16T09:00:00Z,10.5,1.9,2.0,2.0,-0.1,0.1
6-24ч,2026-08-15T22:29:33Z,2026-08-16T12:00:00Z,13.5,0.8,1.0,2.0,-0.2,0.2
6-24ч,2026-08-15T22:29:33Z,2026-08-16T15:00:00Z,16.5,1.1,1.0,1.0,0.1,0.1
6-24ч,2026-08-15T22:29:33Z,2026-08-16T18:00:00Z,19.5,1.9,1.0,2.0,0.9,0.9
6-24ч,2026-08-15T22:29:33Z,2026-08-16T21:00:00Z,22.5,2.2,1.0,2.0,1.2,1.2
6-24ч,2026-08-16T04:29:41Z,2026-08-16T12:00:00Z,7.5,0.9,1.0,2.0,-0.1,0.1
6-24ч,2026-08-16T04:29:41Z,2026-08-16T15:00:00Z,10.5,2.4,1.0,1.0,1.4,1.4
6-24ч,2026-08-16T04:29:41Z,2026-08-16T18:00:00Z,13.5,2.0,1.0,2.0,1.0,1.0
6-24ч,2026-08-16T04:29:41Z,2026-08-16T21:00:00Z,16.5,2.1,1.0,2.0,1.1,1.1
6-24ч,2026-08-16T04:29:41Z,2026-08-17T00:00:00Z,19.5,2.1,1.0,3.0,1.1,1.1
6-24ч,2026-08-16T04:29:41Z,2026-08-17T03:00:00Z,22.5,1.8,1.0,1.0,0.8,0.8
6-24ч,2026-08-16T07:21:44Z,2026-08-16T15:00:00Z,7.6,2.4,1.0,1.0,1.4,1.4
6-24ч,2026-08-16T07:21:44Z,2026-08-16T18:00:00Z,10.6,2.0,1.0,2.0,1.0,1.0
6-24ч,2026-08-16T07:21:44Z,2026-08-16T21:00:00Z,13.6,2.1,1.0,2.0,1.1,1.1
6-24ч,2026-08-16T07:21:44Z,2026-08-17T00:00:00Z,16.6,2.1,1.0,3.0,1.1,1.1
6-24ч,2026-08-16T07:21:44Z,2026-08-17T03:00:00Z,19.6,1.8,1.0,1.0,0.8,0.8
6-24ч,2026-08-16T07:21:44Z,2026-08-17T06:00:00Z,22.6,1.3,2.0,2.0,-0.7,0.7
6-24ч,2026-08-16T10:09:47Z,2026-08-16T18:00:00Z,7.8,2.3,1.0,2.0,1.3,1.3
6-24ч,2026-08-16T10:09:47Z,2026-08-16T21:00:00Z,10.8,2.3,1.0,2.0,1.3,1.3
6-24ч,2026-08-16T10:09:47Z,2026-08-17T00:00:00Z,13.8,2.4,1.0,3.0,1.4,1.4
6-24ч,2026-08-16T10:09:47Z,2026-08-17T03:00:00Z,16.8,2.1,1.0,1.0,1.1,1.1
6-24ч,2026-08-16T10:09:47Z,2026-08-17T06:00:00Z,19.8,2.6,2.0,2.0,0.6,0.6
6-24ч,2026-08-16T10:09:47Z,2026-08-17T09:00:00Z,22.8,3.4,3.0,2.0,0.4,0.4
6-24ч,2026-08-16T16:21:00Z,2026-08-17T00:00:00Z,7.7,2.3,1.0,3.0,1.3,1.3
6-24ч,2026-08-16T16:21:00Z,2026-08-17T03:00:00Z,10.7,2.3,1.0,1.0,1.3,1.3
6-24ч,2026-08-16T16:21:00Z,2026-08-17T06:00:00Z,13.7,2.9,2.0,2.0,0.9,0.9
6-24ч,2026-08-16T16:21:00Z,2026-08-17T09:00:00Z,16.6,3.6,3.0,2.0,0.6,0.6
6-24ч,2026-08-16T16:21:00Z,2026-08-17T12:00:00Z,19.6,3.1,3.0,1.0,0.1,0.1
6-24ч,2026-08-16T16:21:00Z,2026-08-17T15:00:00Z,22.6,2.4,1.0,1.0,1.4,1.4
6-24ч,2026-08-16T22:29:34Z,2026-08-17T06:00:00Z,7.5,2.8,2.0,2.0,0.8,0.8
6-24ч,2026-08-16T22:29:34Z,2026-08-17T09:00:00Z,10.5,3.7,3.0,2.0,0.7,0.7
6-24ч,2026-08-16T22:29:34Z,2026-08-17T12:00:00Z,13.5,3.2,3.0,1.0,0.2,0.2
6-24ч,2026-08-16T22:29:34Z,2026-08-17T15:00:00Z,16.5,2.6,1.0,1.0,1.6,1.6
6-24ч,2026-08-16T22:29:34Z,2026-08-17T18:00:00Z,19.5,1.9,1.0,1.0,0.9,0.9
6-24ч,2026-08-16T22:29:34Z,2026-08-17T21:00:00Z,22.5,1.1,0.0,1.0,1.1,1.1
6-24ч,2026-08-17T04:35:30Z,2026-08-17T12:00:00Z,7.4,3.1,3.0,1.0,0.1,0.1
6-24ч,2026-08-17T04:35:30Z,2026-08-17T15:00:00Z,10.4,2.6,1.0,1.0,1.6,1.6
6-24ч,2026-08-17T04:35:30Z,2026-08-17T18:00:00Z,13.4,1.7,1.0,1.0,0.7,0.7
6-24ч,2026-08-17T04:35:30Z,2026-08-17T21:00:00Z,16.4,1.7,0.0,1.0,1.7,1.7
6-24ч,2026-08-17T04:35:30Z,2026-08-18T00:00:00Z,19.4,1.2,1.0,1.0,0.2,0.2
6-24ч,2026-08-17T04:35:30Z,2026-08-18T03:00:00Z,22.4,1.0,1.0,1.0,0.0,0.0
6-24ч,2026-08-17T10:18:11Z,2026-08-17T18:00:00Z,7.7,1.8,1.0,1.0,0.8,0.8
6-24ч,2026-08-17T10:18:11Z,2026-08-17T21:00:00Z,10.7,1.9,0.0,1.0,1.9,1.9
6-24ч,2026-08-17T10:18:11Z,2026-08-18T00:00:00Z,13.7,1.8,1.0,1.0,0.8,0.8
6-24ч,2026-08-17T10:18:11Z,2026-08-18T03:00:00Z,16.7,1.2,1.0,1.0,0.2,0.2
6-24ч,2026-08-17T10:18:11Z,2026-08-18T06:00:00Z,19.7,1.5,1.0,2.0,0.5,0.5
6-24ч,2026-08-17T10:18:11Z,2026-08-18T09:00:00Z,22.7,2.1,1.0,3.0,1.1,1.1
6-24ч,2026-08-17T16:23:45Z,2026-08-18T00:00:00Z,7.6,1.8,1.0,1.0,0.8,0.8
6-24ч,2026-08-17T16:23:45Z,2026-08-18T03:00:00Z,10.6,1.2,1.0,1.0,0.2,0.2
6-24ч,2026-08-17T16:23:45Z,2026-08-18T06:00:00Z,13.6,1.5,1.0,2.0,0.5,0.5
6-24ч,2026-08-17T16:23:45Z,2026-08-18T09:00:00Z,16.6,2.1,1.0,3.0,1.1,1.1
6-24ч,2026-08-17T16:23:45Z,2026-08-18T12:00:00Z,19.6,2.9,2.0,3.0,0.9,0.9
6-24ч,2026-08-17T16:23:45Z,2026-08-18T15:00:00Z,22.6,2.8,2.0,1.0,0.8,0.8
6-24ч,2026-08-17T22:31:28Z,2026-08-18T06:00:00Z,7.5,1.5,1.0,2.0,0.5,0.5
6-24ч,2026-08-17T22:31:28Z,2026-08-18T09:00:00Z,10.5,2.1,1.0,3.0,1.1,1.1
6-24ч,2026-08-17T22:31:28Z,2026-08-18T12:00:00Z,13.5,2.9,2.0,3.0,0.9,0.9
6-24ч,2026-08-17T22:31:28Z,2026-08-18T15:00:00Z,16.5,2.8,2.0,1.0,0.8,0.8
6-24ч,2026-08-17T22:31:28Z,2026-08-18T18:00:00Z,19.5,2.7,1.0,1.0,1.7,1.7
6-24ч,2026-08-17T22:31:28Z,2026-08-18T21:00:00Z,22.5,2.4,1.0,0.0,1.4,1.4
6-24ч,2026-08-18T04:30:05Z,2026-08-18T12:00:00Z,7.5,2.9,2.0,3.0,0.9,0.9
6-24ч,2026-08-18T04:30:05Z,2026-08-18T15:00:00Z,10.5,2.8,2.0,1.0,0.8,0.8
6-24ч,2026-08-18T04:30:05Z,2026-08-18T18:00:00Z,13.5,2.7,1.0,1.0,1.7,1.7
6-24ч,2026-08-18T04:30:05Z,2026-08-18T21:00:00Z,16.5,2.4,1.0,0.0,1.4,1.4
6-24ч,2026-08-18T04:30:05Z,2026-08-19T00:00:00Z,19.5,2.5,1.0,1.0,1.5,1.5
6-24ч,2026-08-18T04:30:05Z,2026-08-19T03:00:00Z,22.5,2.6,2.0,1.0,0.6,0.6
6-24ч,2026-08-18T10:14:55Z,2026-08-18T18:00:00Z,7.8,2.7,1.0,1.0,1.7,1.7
6-24ч,2026-08-18T10:14:55Z,2026-08-18T21:00:00Z,10.8,2.6,1.0,0.0,1.6,1.6
6-24ч,2026-08-18T10:14:55Z,2026-08-19T00:00:00Z,13.8,2.6,1.0,1.0,1.6,1.6
6-24ч,2026-08-18T10:14:55Z,2026-08-19T03:00:00Z,16.8,3.4,2.0,1.0,1.4,1.4
6-24ч,2026-08-18T10:14:55Z,2026-08-19T06:00:00Z,19.8,4.0,3.0,1.0,1.0,1.0
6-24ч,2026-08-18T10:14:55Z,2026-08-19T09:00:00Z,22.8,4.1,3.0,1.0,1.1,1.1
6-24ч,2026-08-18T16:27:50Z,2026-08-19T00:00:00Z,7.5,2.5,1.0,1.0,1.5,1.5
6-24ч,2026-08-18T16:27:50Z,2026-08-19T03:00:00Z,10.5,3.1,2.0,1.0,1.1,1.1
6-24ч,2026-08-18T16:27:50Z,2026-08-19T06:00:00Z,13.5,4.0,3.0,1.0,1.0,1.0
6-24ч,2026-08-18T16:27:50Z,2026-08-19T09:00:00Z,16.5,4.3,3.0,1.0,1.3,1.3
6-24ч,2026-08-18T16:27:50Z,2026-08-19T12:00:00Z,19.5,4.1,3.0,2.0,1.1,1.1
6-24ч,2026-08-18T16:27:50Z,2026-08-19T15:00:00Z,22.5,3.7,3.0,2.0,0.7,0.7
6-24ч,2026-08-18T22:31:39Z,2026-08-19T06:00:00Z,7.5,3.9,3.0,1.0,0.9,0.9
6-24ч,2026-08-18T22:31:39Z,2026-08-19T09:00:00Z,10.5,4.3,3.0,1.0,1.3,1.3
6-24ч,2026-08-18T22:31:39Z,2026-08-19T12:00:00Z,13.5,4.2,3.0,2.0,1.2,1.2
6-24ч,2026-08-18T22:31:39Z,2026-08-19T15:00:00Z,16.5,4.8,3.0,2.0,1.8,1.8
6-24ч,2026-08-18T22:31:39Z,2026-08-19T18:00:00Z,19.5,5.3,3.0,1.0,2.3,2.3
6-24ч,2026-08-18T22:31:39Z,2026-08-19T21:00:00Z,22.5,5.4,2.0,1.0,3.4,3.4
6-24ч,2026-08-19T04:31:14Z,2026-08-19T12:00:00Z,7.5,4.3,3.0,2.0,1.3,1.3
6-24ч,2026-08-19T04:31:14Z,2026-08-19T15:00:00Z,10.5,4.9,3.0,2.0,1.9,1.9
6-24ч,2026-08-19T04:31:14Z,2026-08-19T18:00:00Z,13.5,5.4,3.0,1.0,2.4,2.4
6-24ч,2026-08-19T04:31:14Z,2026-08-19T21:00:00Z,16.5,5.5,2.0,1.0,3.5,3.5
6-24ч,2026-08-19T04:31:14Z,2026-08-20T00:00:00Z,19.5,4.6,2.0,1.0,2.6,2.6
6-24ч,2026-08-19T04:31:14Z,2026-08-20T03:00:00Z,22.5,3.9,2.0,2.0,1.9,1.9
6-24ч,2026-08-19T10:14:48Z,2026-08-19T18:00:00Z,7.8,5.3,3.0,1.0,2.3,2.3
6-24ч,2026-08-19T10:14:48Z,2026-08-19T21:00:00Z,10.8,5.6,2.0,1.0,3.6,3.6
6-24ч,2026-08-19T10:14:48Z,2026-08-20T00:00:00Z,13.8,5.3,2.0,1.0,3.3,3.3
6-24ч,2026-08-19T10:14:48Z,2026-08-20T03:00:00Z,16.8,4.1,2.0,2.0,2.1,2.1
6-24ч,2026-08-19T10:14:48Z,2026-08-20T06:00:00Z,19.8,5.0,2.0,3.0,3.0,3.0
6-24ч,2026-08-19T10:14:48Z,2026-08-20T09:00:00Z,22.8,4.9,3.0,3.0,1.9,1.9
6-24ч,2026-08-19T16:28:17Z,2026-08-20T00:00:00Z,7.5,4.5,2.0,1.0,2.5,2.5
6-24ч,2026-08-19T16:28:17Z,2026-08-20T03:00:00Z,10.5,3.9,2.0,2.0,1.9,1.9
6-24ч,2026-08-19T16:28:17Z,2026-08-20T06:00:00Z,13.5,5.1,2.0,3.0,3.1,3.1
6-24ч,2026-08-19T16:28:17Z,2026-08-20T09:00:00Z,16.5,4.7,3.0,3.0,1.7,1.7
6-24ч,2026-08-19T16:28:17Z,2026-08-20T12:00:00Z,19.5,4.3,5.0,3.0,-0.7,0.7
6-24ч,2026-08-19T16:28:17Z,2026-08-20T15:00:00Z,22.5,5.5,3.0,3.0,2.5,2.5
6-24ч,2026-08-20T04:31:56Z,2026-08-20T12:00:00Z,7.5,4.3,5.0,3.0,-0.7,0.7
6-24ч,2026-08-20T04:31:56Z,2026-08-20T15:00:00Z,10.5,5.5,3.0,3.0,2.5,2.5
6-24ч,2026-08-20T04:31:56Z,2026-08-20T18:00:00Z,13.5,5.9,3.0,3.0,2.9,2.9
6-24ч,2026-08-20T04:31:56Z,2026-08-20T21:00:00Z,16.5,5.4,3.0,2.0,2.4,2.4
6-24ч,2026-08-20T04:31:56Z,2026-08-21T00:00:00Z,19.5,5.1,3.0,2.0,2.1,2.1
6-24ч,2026-08-20T04:31:56Z,2026-08-21T03:00:00Z,22.5,4.8,3.0,2.0,1.8,1.8
6-24ч,2026-08-20T10:16:10Z,2026-08-20T18:00:00Z,7.7,6.2,3.0,3.0,3.2,3.2
6-24ч,2026-08-20T10:16:10Z,2026-08-20T21:00:00Z,10.7,5.0,3.0,2.0,2.0,2.0
6-24ч,2026-08-20T10:16:10Z,2026-08-21T00:00:00Z,13.7,5.3,3.0,2.0,2.3,2.3
6-24ч,2026-08-20T10:16:10Z,2026-08-21T03:00:00Z,16.7,5.1,3.0,2.0,2.1,2.1
6-24ч,2026-08-20T10:16:10Z,2026-08-21T06:00:00Z,19.7,4.6,3.0,2.0,1.6,1.6
6-24ч,2026-08-20T10:16:10Z,2026-08-21T09:00:00Z,22.7,5.6,4.0,3.0,1.6,1.6
6-24ч,2026-08-20T16:31:45Z,2026-08-21T00:00:00Z,7.5,4.8,3.0,2.0,1.8,1.8
6-24ч,2026-08-20T16:31:45Z,2026-08-21T03:00:00Z,10.5,4.8,3.0,2.0,1.8,1.8
6-24ч,2026-08-20T16:31:45Z,2026-08-21T06:00:00Z,13.5,5.0,3.0,2.0,2.0,2.0
6-24ч,2026-08-20T16:31:45Z,2026-08-21T09:00:00Z,16.5,4.6,4.0,3.0,0.6,0.6
6-24ч,2026-08-20T16:31:45Z,2026-08-21T12:00:00Z,19.5,4.8,3.0,5.0,1.8,1.8
6-24ч,2026-08-20T16:31:45Z,2026-08-21T15:00:00Z,22.5,4.6,2.0,3.0,2.6,2.6
6-24ч,2026-08-20T22:34:58Z,2026-08-21T06:00:00Z,7.4,4.4,3.0,2.0,1.4,1.4
6-24ч,2026-08-20T22:34:58Z,2026-08-21T09:00:00Z,10.4,4.8,4.0,3.0,0.8,0.8
6-24ч,2026-08-20T22:34:58Z,2026-08-21T12:00:00Z,13.4,4.8,3.0,5.0,1.8,1.8
6-24ч,2026-08-20T22:34:58Z,2026-08-21T15:00:00Z,16.4,1.7,2.0,3.0,-0.3,0.3
6-24ч,2026-08-20T22:34:58Z,2026-08-21T18:00:00Z,19.4,2.2,2.0,3.0,0.2,0.2
6-24ч,2026-08-20T22:34:58Z,2026-08-21T21:00:00Z,22.4,3.1,2.0,3.0,1.1,1.1
6-24ч,2026-08-21T04:32:20Z,2026-08-21T12:00:00Z,7.5,3.8,3.0,5.0,0.8,0.8
6-24ч,2026-08-21T04:32:20Z,2026-08-21T15:00:00Z,10.5,3.0,2.0,3.0,1.0,1.0
6-24ч,2026-08-21T04:32:20Z,2026-08-21T18:00:00Z,13.5,3.6,2.0,3.0,1.6,1.6
6-24ч,2026-08-21T04:32:20Z,2026-08-21T21:00:00Z,16.5,2.8,2.0,3.0,0.8,0.8
6-24ч,2026-08-21T04:32:20Z,2026-08-22T00:00:00Z,19.5,2.4,2.0,3.0,0.4,0.4
6-24ч,2026-08-21T04:32:20Z,2026-08-22T03:00:00Z,22.5,3.4,2.0,3.0,1.4,1.4
6-24ч,2026-08-21T10:16:50Z,2026-08-21T18:00:00Z,7.7,3.1,2.0,3.0,1.1,1.1
6-24ч,2026-08-21T10:16:50Z,2026-08-21T21:00:00Z,10.7,3.4,2.0,3.0,1.4,1.4
6-24ч,2026-08-21T10:16:50Z,2026-08-22T00:00:00Z,13.7,2.6,2.0,3.0,0.6,0.6
6-24ч,2026-08-21T10:16:50Z,2026-08-22T03:00:00Z,16.7,3.3,2.0,3.0,1.3,1.3
6-24ч,2026-08-21T10:16:50Z,2026-08-22T06:00:00Z,19.7,3.3,3.0,3.0,0.3,0.3
6-24ч,2026-08-21T10:16:50Z,2026-08-22T09:00:00Z,22.7,3.9,1.0,4.0,2.9,2.9
6-24ч,2026-08-21T16:30:34Z,2026-08-22T00:00:00Z,7.5,2.7,2.0,3.0,0.7,0.7
6-24ч,2026-08-21T16:30:34Z,2026-08-22T03:00:00Z,10.5,3.2,2.0,3.0,1.2,1.2
6-24ч,2026-08-21T16:30:34Z,2026-08-22T06:00:00Z,13.5,3.5,3.0,3.0,0.5,0.5
6-24ч,2026-08-21T16:30:34Z,2026-08-22T09:00:00Z,16.5,3.9,1.0,4.0,2.9,2.9
6-24ч,2026-08-21T16:30:34Z,2026-08-22T12:00:00Z,19.5,3.6,2.0,3.0,1.6,1.6
6-24ч,2026-08-21T16:30:34Z,2026-08-22T15:00:00Z,22.5,2.7,2.0,2.0,0.7,0.7
6-24ч,2026-08-21T22:32:12Z,2026-08-22T06:00:00Z,7.5,3.6,3.0,3.0,0.6,0.6
6-24ч,2026-08-21T22:32:12Z,2026-08-22T09:00:00Z,10.5,3.9,1.0,4.0,2.9,2.9
6-24ч,2026-08-21T22:32:12Z,2026-08-22T12:00:00Z,13.5,3.8,2.0,3.0,1.8,1.8
6-24ч,2026-08-21T22:32:12Z,2026-08-22T15:00:00Z,16.5,2.6,2.0,2.0,0.6,0.6
6-24ч,2026-08-21T22:32:12Z,2026-08-22T18:00:00Z,19.5,1.6,0.0,2.0,1.6,1.6
6-24ч,2026-08-21T22:32:12Z,2026-08-22T21:00:00Z,22.5,0.3,0.0,2.0,0.3,0.3
6-24ч,2026-08-22T04:26:43Z,2026-08-22T12:00:00Z,7.6,3.8,2.0,3.0,1.8,1.8
6-24ч,2026-08-22T04:26:43Z,2026-08-22T15:00:00Z,10.6,2.6,2.0,2.0,0.6,0.6
6-24ч,2026-08-22T04:26:43Z,2026-08-22T18:00:00Z,13.6,1.6,0.0,2.0,1.6,1.6
6-24ч,2026-08-22T04:26:43Z,2026-08-22T21:00:00Z,16.6,0.4,0.0,2.0,0.4,0.4
6-24ч,2026-08-22T04:26:43Z,2026-08-23T00:00:00Z,19.6,1.2,1.0,2.0,0.2,0.2
6-24ч,2026-08-22T04:26:43Z,2026-08-23T03:00:00Z,22.6,1.8,1.0,2.0,0.8,0.8
6-24ч,2026-08-22T10:09:41Z,2026-08-22T18:00:00Z,7.8,1.6,0.0,2.0,1.6,1.6
6-24ч,2026-08-22T10:09:41Z,2026-08-22T21:00:00Z,10.8,0.4,0.0,2.0,0.4,0.4
6-24ч,2026-08-22T10:09:41Z,2026-08-23T00:00:00Z,13.8,1.2,1.0,2.0,0.2,0.2
6-24ч,2026-08-22T10:09:41Z,2026-08-23T03:00:00Z,16.8,1.8,1.0,2.0,0.8,0.8
6-24ч,2026-08-22T10:09:41Z,2026-08-23T06:00:00Z,19.8,2.3,2.0,3.0,0.3,0.3
6-24ч,2026-08-22T10:09:41Z,2026-08-23T09:00:00Z,22.8,3.7,3.0,1.0,0.7,0.7
6-24ч,2026-08-22T16:20:08Z,2026-08-23T00:00:00Z,7.7,1.1,1.0,2.0,0.1,0.1
6-24ч,2026-08-22T16:20:08Z,2026-08-23T03:00:00Z,10.7,1.3,1.0,2.0,0.3,0.3
6-24ч,2026-08-22T16:20:08Z,2026-08-23T06:00:00Z,13.7,2.4,2.0,3.0,0.4,0.4
6-24ч,2026-08-22T16:20:08Z,2026-08-23T09:00:00Z,16.7,3.8,3.0,1.0,0.8,0.8
6-24ч,2026-08-22T16:20:08Z,2026-08-23T12:00:00Z,19.7,4.2,2.0,2.0,2.2,2.2
6-24ч,2026-08-22T16:20:08Z,2026-08-23T15:00:00Z,22.7,4.8,2.0,2.0,2.8,2.8
6-24ч,2026-08-22T22:29:28Z,2026-08-23T06:00:00Z,7.5,2.5,2.0,3.0,0.5,0.5
6-24ч,2026-08-22T22:29:28Z,2026-08-23T09:00:00Z,10.5,3.8,3.0,1.0,0.8,0.8
6-24ч,2026-08-22T22:29:28Z,2026-08-23T12:00:00Z,13.5,4.2,2.0,2.0,2.2,2.2
6-24ч,2026-08-22T22:29:28Z,2026-08-23T15:00:00Z,16.5,4.4,2.0,2.0,2.4,2.4
6-24ч,2026-08-22T22:29:28Z,2026-08-23T18:00:00Z,19.5,4.1,2.0,0.0,2.1,2.1
6-24ч,2026-08-22T22:29:28Z,2026-08-23T21:00:00Z,22.5,3.3,1.0,0.0,2.3,2.3
6-24ч,2026-08-23T04:31:06Z,2026-08-23T12:00:00Z,7.5,4.1,2.0,2.0,2.1,2.1
6-24ч,2026-08-23T04:31:06Z,2026-08-23T15:00:00Z,10.5,4.1,2.0,2.0,2.1,2.1
6-24ч,2026-08-23T04:31:06Z,2026-08-23T18:00:00Z,13.5,4.1,2.0,0.0,2.1,2.1
6-24ч,2026-08-23T04:31:06Z,2026-08-23T21:00:00Z,16.5,3.1,1.0,0.0,2.1,2.1
6-24ч,2026-08-23T04:31:06Z,2026-08-24T00:00:00Z,19.5,2.3,2.0,1.0,0.3,0.3
6-24ч,2026-08-23T04:31:06Z,2026-08-24T03:00:00Z,22.5,2.7,1.0,1.0,1.7,1.7
6-24ч,2026-08-23T10:10:14Z,2026-08-23T18:00:00Z,7.8,4.3,2.0,0.0,2.3,2.3
6-24ч,2026-08-23T10:10:14Z,2026-08-23T21:00:00Z,10.8,3.1,1.0,0.0,2.1,2.1
6-24ч,2026-08-23T10:10:14Z,2026-08-24T00:00:00Z,13.8,2.3,2.0,1.0,0.3,0.3
6-24ч,2026-08-23T10:10:14Z,2026-08-24T03:00:00Z,16.8,1.9,1.0,1.0,0.9,0.9
6-24ч,2026-08-23T10:10:14Z,2026-08-24T06:00:00Z,19.8,2.4,1.0,2.0,1.4,1.4
6-24ч,2026-08-23T10:10:14Z,2026-08-24T09:00:00Z,22.8,2.6,1.0,3.0,1.6,1.6
6-24ч,2026-08-23T16:21:17Z,2026-08-24T00:00:00Z,7.6,2.7,2.0,1.0,0.7,0.7
6-24ч,2026-08-23T16:21:17Z,2026-08-24T03:00:00Z,10.6,2.6,1.0,1.0,1.6,1.6
6-24ч,2026-08-23T16:21:17Z,2026-08-24T06:00:00Z,13.6,2.8,1.0,2.0,1.8,1.8
6-24ч,2026-08-23T16:21:17Z,2026-08-24T09:00:00Z,16.6,2.4,1.0,3.0,1.4,1.4
6-24ч,2026-08-23T16:21:17Z,2026-08-24T12:00:00Z,19.6,2.3,2.0,2.0,0.3,0.3
6-24ч,2026-08-23T16:21:17Z,2026-08-24T15:00:00Z,22.6,2.3,1.0,2.0,1.3,1.3
6-24ч,2026-08-23T22:29:36Z,2026-08-24T06:00:00Z,7.5,2.4,1.0,2.0,1.4,1.4
6-24ч,2026-08-23T22:29:36Z,2026-08-24T09:00:00Z,10.5,2.6,1.0,3.0,1.6,1.6
6-24ч,2026-08-23T22:29:36Z,2026-08-24T12:00:00Z,13.5,2.7,2.0,2.0,0.7,0.7
6-24ч,2026-08-23T22:29:36Z,2026-08-24T15:00:00Z,16.5,3.3,1.0,2.0,2.3,2.3
6-24ч,2026-08-23T22:29:36Z,2026-08-24T18:00:00Z,19.5,3.9,0.0,2.0,3.9,3.9
6-24ч,2026-08-23T22:29:36Z,2026-08-24T21:00:00Z,22.5,4.3,1.0,1.0,3.3,3.3
6-24ч,2026-08-24T04:38:48Z,2026-08-24T12:00:00Z,7.4,2.6,2.0,2.0,0.6,0.6
6-24ч,2026-08-24T04:38:48Z,2026-08-24T15:00:00Z,10.4,2.7,1.0,2.0,1.7,1.7
6-24ч,2026-08-24T04:38:48Z,2026-08-24T18:00:00Z,13.4,3.6,0.0,2.0,3.6,3.6
6-24ч,2026-08-24T04:38:48Z,2026-08-24T21:00:00Z,16.4,3.8,1.0,1.0,2.8,2.8
6-24ч,2026-08-24T04:38:48Z,2026-08-25T00:00:00Z,19.4,3.9,2.0,2.0,1.9,1.9
6-24ч,2026-08-24T04:38:48Z,2026-08-25T03:00:00Z,22.4,3.7,2.0,1.0,1.7,1.7
6-24ч,2026-08-24T10:24:38Z,2026-08-24T18:00:00Z,7.6,3.4,0.0,2.0,3.4,3.4
6-24ч,2026-08-24T10:24:38Z,2026-08-24T21:00:00Z,10.6,4.0,1.0,1.0,3.0,3.0
6-24ч,2026-08-24T10:24:38Z,2026-08-25T00:00:00Z,13.6,4.4,2.0,2.0,2.4,2.4
6-24ч,2026-08-24T10:24:38Z,2026-08-25T03:00:00Z,16.6,4.1,2.0,1.0,2.1,2.1
6-24ч,2026-08-24T10:24:38Z,2026-08-25T06:00:00Z,19.6,4.0,2.0,1.0,2.0,2.0
6-24ч,2026-08-24T10:24:38Z,2026-08-25T09:00:00Z,22.6,4.8,3.0,1.0,1.8,1.8
6-24ч,2026-08-24T16:34:00Z,2026-08-25T00:00:00Z,7.4,4.4,2.0,2.0,2.4,2.4
6-24ч,2026-08-24T16:34:00Z,2026-08-25T03:00:00Z,10.4,4.3,2.0,1.0,2.3,2.3
6-24ч,2026-08-24T16:34:00Z,2026-08-25T06:00:00Z,13.4,4.6,2.0,1.0,2.6,2.6
6-24ч,2026-08-24T16:34:00Z,2026-08-25T09:00:00Z,16.4,4.5,3.0,1.0,1.5,1.5
6-24ч,2026-08-24T16:34:00Z,2026-08-25T12:00:00Z,19.4,4.3,4.0,2.0,0.3,0.3
6-24ч,2026-08-24T16:34:00Z,2026-08-25T15:00:00Z,22.4,4.4,3.0,1.0,1.4,1.4
6-24ч,2026-08-24T22:34:40Z,2026-08-25T06:00:00Z,7.4,4.2,2.0,1.0,2.2,2.2
6-24ч,2026-08-24T22:34:40Z,2026-08-25T09:00:00Z,10.4,4.2,3.0,1.0,1.2,1.2
6-24ч,2026-08-24T22:34:40Z,2026-08-25T12:00:00Z,13.4,4.8,4.0,2.0,0.8,0.8
6-24ч,2026-08-24T22:34:40Z,2026-08-25T15:00:00Z,16.4,4.4,3.0,1.0,1.4,1.4
6-24ч,2026-08-24T22:34:40Z,2026-08-25T18:00:00Z,19.4,4.2,2.0,0.0,2.2,2.2
6-24ч,2026-08-24T22:34:40Z,2026-08-25T21:00:00Z,22.4,2.9,1.0,1.0,1.9,1.9
6-24ч,2026-08-25T04:33:15Z,2026-08-25T12:00:00Z,7.4,4.7,4.0,2.0,0.7,0.7
6-24ч,2026-08-25T04:33:15Z,2026-08-25T15:00:00Z,10.4,4.6,3.0,1.0,1.6,1.6
6-24ч,2026-08-25T04:33:15Z,2026-08-25T18:00:00Z,13.4,4.3,2.0,0.0,2.3,2.3
6-24ч,2026-08-25T04:33:15Z,2026-08-25T21:00:00Z,16.4,3.1,1.0,1.0,2.1,2.1
6-24ч,2026-08-25T04:33:15Z,2026-08-26T00:00:00Z,19.4,2.9,2.0,2.0,0.9,0.9
6-24ч,2026-08-25T04:33:15Z,2026-08-26T03:00:00Z,22.4,1.4,1.0,2.0,0.4,0.4
6-24ч,2026-08-25T10:18:20Z,2026-08-25T18:00:00Z,7.7,4.1,2.0,0.0,2.1,2.1
6-24ч,2026-08-25T10:18:20Z,2026-08-25T21:00:00Z,10.7,3.2,1.0,1.0,2.2,2.2
6-24ч,2026-08-25T10:18:20Z,2026-08-26T00:00:00Z,13.7,2.8,2.0,2.0,0.8,0.8
6-24ч,2026-08-25T10:18:20Z,2026-08-26T03:00:00Z,16.7,1.6,1.0,2.0,0.6,0.6
6-24ч,2026-08-25T10:18:20Z,2026-08-26T06:00:00Z,19.7,2.5,1.0,2.0,1.5,1.5
6-24ч,2026-08-25T10:18:20Z,2026-08-26T09:00:00Z,22.7,3.3,3.0,3.0,0.3,0.3
6-24ч,2026-08-25T16:33:53Z,2026-08-26T00:00:00Z,7.4,2.6,2.0,2.0,0.6,0.6
6-24ч,2026-08-25T16:33:53Z,2026-08-26T03:00:00Z,10.4,2.1,1.0,2.0,1.1,1.1
6-24ч,2026-08-25T16:33:53Z,2026-08-26T06:00:00Z,13.4,1.6,1.0,2.0,0.6,0.6
6-24ч,2026-08-25T16:33:53Z,2026-08-26T09:00:00Z,16.4,2.8,3.0,3.0,-0.2,0.2
6-24ч,2026-08-25T16:33:53Z,2026-08-26T12:00:00Z,19.4,4.4,2.0,4.0,2.4,2.4
6-24ч,2026-08-25T16:33:53Z,2026-08-26T15:00:00Z,22.4,3.9,2.0,3.0,1.9,1.9
6-24ч,2026-08-25T22:34:48Z,2026-08-26T06:00:00Z,7.4,1.5,1.0,2.0,0.5,0.5
6-24ч,2026-08-25T22:34:48Z,2026-08-26T09:00:00Z,10.4,3.1,3.0,3.0,0.1,0.1
6-24ч,2026-08-25T22:34:48Z,2026-08-26T12:00:00Z,13.4,5.0,2.0,4.0,3.0,3.0
6-24ч,2026-08-25T22:34:48Z,2026-08-26T15:00:00Z,16.4,3.5,2.0,3.0,1.5,1.5
6-24ч,2026-08-25T22:34:48Z,2026-08-26T18:00:00Z,19.4,2.6,1.0,2.0,1.6,1.6
6-24ч,2026-08-25T22:34:48Z,2026-08-26T21:00:00Z,22.4,1.9,1.0,1.0,0.9,0.9
6-24ч,2026-08-26T04:34:15Z,2026-08-26T12:00:00Z,7.4,4.9,2.0,4.0,2.9,2.9
6-24ч,2026-08-26T04:34:15Z,2026-08-26T15:00:00Z,10.4,3.3,2.0,3.0,1.3,1.3
6-24ч,2026-08-26T04:34:15Z,2026-08-26T18:00:00Z,13.4,2.6,1.0,2.0,1.6,1.6
6-24ч,2026-08-26T04:34:15Z,2026-08-26T21:00:00Z,16.4,2.0,1.0,1.0,1.0,1.0
6-24ч,2026-08-26T04:34:15Z,2026-08-27T00:00:00Z,19.4,2.8,1.0,2.0,1.8,1.8
6-24ч,2026-08-26T04:34:15Z,2026-08-27T03:00:00Z,22.4,2.5,0.0,1.0,2.5,2.5
6-24ч,2026-08-26T10:21:58Z,2026-08-26T18:00:00Z,7.6,2.4,1.0,2.0,1.4,1.4
6-24ч,2026-08-26T10:21:58Z,2026-08-26T21:00:00Z,10.6,2.4,1.0,1.0,1.4,1.4
6-24ч,2026-08-26T10:21:58Z,2026-08-27T00:00:00Z,13.6,2.7,1.0,2.0,1.7,1.7
6-24ч,2026-08-26T10:21:58Z,2026-08-27T03:00:00Z,16.6,2.7,0.0,1.0,2.7,2.7
6-24ч,2026-08-26T10:21:58Z,2026-08-27T06:00:00Z,19.6,4.9,3.0,1.0,1.9,1.9
6-24ч,2026-08-26T10:21:58Z,2026-08-27T09:00:00Z,22.6,5.8,4.0,3.0,1.8,1.8
6-24ч,2026-08-26T16:46:17Z,2026-08-27T00:00:00Z,7.2,2.6,1.0,2.0,1.6,1.6
6-24ч,2026-08-26T16:46:17Z,2026-08-27T03:00:00Z,10.2,2.8,0.0,1.0,2.8,2.8
6-24ч,2026-08-26T16:46:17Z,2026-08-27T06:00:00Z,13.2,4.1,3.0,1.0,1.1,1.1
6-24ч,2026-08-26T16:46:17Z,2026-08-27T09:00:00Z,16.2,6.3,4.0,3.0,2.3,2.3
6-24ч,2026-08-26T16:46:17Z,2026-08-27T12:00:00Z,19.2,5.5,4.0,2.0,1.5,1.5
6-24ч,2026-08-26T16:46:17Z,2026-08-27T15:00:00Z,22.2,4.7,3.0,2.0,1.7,1.7
6-24ч,2026-08-27T03:02:51Z,2026-08-27T12:00:00Z,9.0,5.9,4.0,2.0,1.9,1.9
6-24ч,2026-08-27T03:02:51Z,2026-08-27T15:00:00Z,12.0,4.8,3.0,2.0,1.8,1.8
6-24ч,2026-08-27T03:02:51Z,2026-08-27T18:00:00Z,15.0,4.0,2.0,1.0,2.0,2.0
6-24ч,2026-08-27T03:02:51Z,2026-08-27T21:00:00Z,18.0,3.6,2.0,1.0,1.6,1.6
6-24ч,2026-08-27T03:02:51Z,2026-08-28T00:00:00Z,21.0,3.9,3.0,1.0,0.9,0.9
6-24ч,2026-08-27T03:02:51Z,2026-08-28T03:00:00Z,24.0,4.3,2.0,0.0,2.3,2.3
6-24ч,2026-08-27T14:55:44Z,2026-08-27T21:00:00Z,6.1,3.9,2.0,1.0,1.9,1.9
6-24ч,2026-08-27T14:55:44Z,2026-08-28T00:00:00Z,9.1,4.3,3.0,1.0,1.3,1.3
6-24ч,2026-08-27T14:55:44Z,2026-08-28T03:00:00Z,12.1,4.7,2.0,0.0,2.7,2.7
6-24ч,2026-08-27T14:55:44Z,2026-08-28T06:00:00Z,15.1,6.3,4.0,3.0,2.3,2.3
6-24ч,2026-08-27T14:55:44Z,2026-08-28T09:00:00Z,18.1,6.3,5.0,4.0,1.3,1.3
6-24ч,2026-08-27T14:55:44Z,2026-08-28T12:00:00Z,21.1,6.3,4.0,4.0,2.3,2.3
6-24ч,2026-08-27T20:01:22Z,2026-08-28T03:00:00Z,7.0,4.1,2.0,0.0,2.1,2.1
6-24ч,2026-08-27T20:01:22Z,2026-08-28T06:00:00Z,10.0,6.1,4.0,3.0,2.1,2.1
6-24ч,2026-08-27T20:01:22Z,2026-08-28T09:00:00Z,13.0,6.7,5.0,4.0,1.7,1.7
6-24ч,2026-08-27T20:01:22Z,2026-08-28T12:00:00Z,16.0,6.2,4.0,4.0,2.2,2.2
6-24ч,2026-08-27T20:01:22Z,2026-08-28T15:00:00Z,19.0,5.2,3.0,3.0,2.2,2.2
6-24ч,2026-08-27T20:01:22Z,2026-08-28T18:00:00Z,22.0,3.1,0.0,2.0,3.1,3.1
6-24ч,2026-08-28T00:44:37Z,2026-08-28T09:00:00Z,8.3,6.7,5.0,4.0,1.7,1.7
6-24ч,2026-08-28T00:44:37Z,2026-08-28T12:00:00Z,11.3,6.2,4.0,4.0,2.2,2.2
6-24ч,2026-08-28T00:44:37Z,2026-08-28T15:00:00Z,14.3,5.2,3.0,3.0,2.2,2.2
6-24ч,2026-08-28T00:44:37Z,2026-08-28T18:00:00Z,17.3,3.1,0.0,2.0,3.1,3.1
6-24ч,2026-08-28T00:44:37Z,2026-08-28T21:00:00Z,20.3,2.4,0.0,2.0,2.4,2.4
6-24ч,2026-08-28T06:03:31Z,2026-08-28T15:00:00Z,8.9,4.8,3.0,3.0,1.8,1.8
6-24ч,2026-08-28T06:03:31Z,2026-08-28T18:00:00Z,11.9,3.1,0.0,2.0,3.1,3.1
6-24ч,2026-08-28T06:03:31Z,2026-08-28T21:00:00Z,14.9,2.6,0.0,2.0,2.6,2.6
1-2 дня,2026-08-06T09:50:07Z,2026-08-07T12:00:00Z,26.2,3.3,1.0,1.0,2.3,2.3
1-2 дня,2026-08-06T09:50:07Z,2026-08-07T15:00:00Z,29.2,3.1,1.0,1.0,2.1,2.1
1-2 дня,2026-08-06T09:50:07Z,2026-08-07T18:00:00Z,32.2,2.2,1.0,1.0,1.2,1.2
1-2 дня,2026-08-06T09:50:07Z,2026-08-07T21:00:00Z,35.2,1.5,1.0,1.0,0.5,0.5
1-2 дня,2026-08-06T09:50:07Z,2026-08-08T00:00:00Z,38.2,1.1,1.0,1.0,0.1,0.1
1-2 дня,2026-08-06T09:50:07Z,2026-08-08T03:00:00Z,41.2,2.4,1.0,3.0,1.4,1.4
1-2 дня,2026-08-06T09:50:07Z,2026-08-08T06:00:00Z,44.2,3.0,1.0,3.0,2.0,2.0
1-2 дня,2026-08-06T09:50:07Z,2026-08-08T09:00:00Z,47.2,1.9,1.0,1.0,0.9,0.9
1-2 дня,2026-08-06T09:59:18Z,2026-08-07T12:00:00Z,26.0,3.3,1.0,1.0,2.3,2.3
1-2 дня,2026-08-06T09:59:18Z,2026-08-07T15:00:00Z,29.0,3.1,1.0,1.0,2.1,2.1
1-2 дня,2026-08-06T09:59:18Z,2026-08-07T18:00:00Z,32.0,2.2,1.0,1.0,1.2,1.2
1-2 дня,2026-08-06T09:59:18Z,2026-08-07T21:00:00Z,35.0,1.5,1.0,1.0,0.5,0.5
1-2 дня,2026-08-06T09:59:18Z,2026-08-08T00:00:00Z,38.0,1.1,1.0,1.0,0.1,0.1
1-2 дня,2026-08-06T09:59:18Z,2026-08-08T03:00:00Z,41.0,2.4,1.0,3.0,1.4,1.4
1-2 дня,2026-08-06T09:59:18Z,2026-08-08T06:00:00Z,44.0,3.0,1.0,3.0,2.0,2.0
1-2 дня,2026-08-06T09:59:18Z,2026-08-08T09:00:00Z,47.0,1.9,1.0,1.0,0.9,0.9
1-2 дня,2026-08-06T10:08:26Z,2026-08-07T12:00:00Z,25.9,3.3,1.0,1.0,2.3,2.3
1-2 дня,2026-08-06T10:08:26Z,2026-08-07T15:00:00Z,28.9,3.1,1.0,1.0,2.1,2.1
1-2 дня,2026-08-06T10:08:26Z,2026-08-07T18:00:00Z,31.9,2.2,1.0,1.0,1.2,1.2
1-2 дня,2026-08-06T10:08:26Z,2026-08-07T21:00:00Z,34.9,1.5,1.0,1.0,0.5,0.5
1-2 дня,2026-08-06T10:08:26Z,2026-08-08T00:00:00Z,37.9,1.1,1.0,1.0,0.1,0.1
1-2 дня,2026-08-06T10:08:26Z,2026-08-08T03:00:00Z,40.9,2.4,1.0,3.0,1.4,1.4
1-2 дня,2026-08-06T10:08:26Z,2026-08-08T06:00:00Z,43.9,3.0,1.0,3.0,2.0,2.0
1-2 дня,2026-08-06T10:08:26Z,2026-08-08T09:00:00Z,46.9,1.9,1.0,1.0,0.9,0.9
1-2 дня,2026-08-06T10:47:54Z,2026-08-07T12:00:00Z,25.2,3.3,1.0,1.0,2.3,2.3
1-2 дня,2026-08-06T10:47:54Z,2026-08-07T15:00:00Z,28.2,3.1,1.0,1.0,2.1,2.1
1-2 дня,2026-08-06T10:47:54Z,2026-08-07T18:00:00Z,31.2,2.2,1.0,1.0,1.2,1.2
1-2 дня,2026-08-06T10:47:54Z,2026-08-07T21:00:00Z,34.2,1.5,1.0,1.0,0.5,0.5
1-2 дня,2026-08-06T10:47:54Z,2026-08-08T00:00:00Z,37.2,1.1,1.0,1.0,0.1,0.1
1-2 дня,2026-08-06T10:47:54Z,2026-08-08T03:00:00Z,40.2,2.4,1.0,3.0,1.4,1.4
1-2 дня,2026-08-06T10:47:54Z,2026-08-08T06:00:00Z,43.2,3.0,1.0,3.0,2.0,2.0
1-2 дня,2026-08-06T10:47:54Z,2026-08-08T09:00:00Z,46.2,1.9,1.0,1.0,0.9,0.9
1-2 дня,2026-08-06T11:30:42Z,2026-08-07T12:00:00Z,24.5,3.3,1.0,1.0,2.3,2.3
1-2 дня,2026-08-06T11:30:42Z,2026-08-07T15:00:00Z,27.5,3.1,1.0,1.0,2.1,2.1
1-2 дня,2026-08-06T11:30:42Z,2026-08-07T18:00:00Z,30.5,2.2,1.0,1.0,1.2,1.2
1-2 дня,2026-08-06T11:30:42Z,2026-08-07T21:00:00Z,33.5,1.5,1.0,1.0,0.5,0.5
1-2 дня,2026-08-06T11:30:42Z,2026-08-08T00:00:00Z,36.5,1.1,1.0,1.0,0.1,0.1
1-2 дня,2026-08-06T11:30:42Z,2026-08-08T03:00:00Z,39.5,2.4,1.0,3.0,1.4,1.4
1-2 дня,2026-08-06T11:30:42Z,2026-08-08T06:00:00Z,42.5,3.0,1.0,3.0,2.0,2.0
1-2 дня,2026-08-06T11:30:42Z,2026-08-08T09:00:00Z,45.5,1.9,1.0,1.0,0.9,0.9
1-2 дня,2026-08-06T11:36:01Z,2026-08-07T12:00:00Z,24.4,3.3,1.0,1.0,2.3,2.3
1-2 дня,2026-08-06T11:36:01Z,2026-08-07T15:00:00Z,27.4,3.1,1.0,1.0,2.1,2.1
1-2 дня,2026-08-06T11:36:01Z,2026-08-07T18:00:00Z,30.4,2.2,1.0,1.0,1.2,1.2
1-2 дня,2026-08-06T11:36:01Z,2026-08-07T21:00:00Z,33.4,1.5,1.0,1.0,0.5,0.5
1-2 дня,2026-08-06T11:36:01Z,2026-08-08T00:00:00Z,36.4,1.1,1.0,1.0,0.1,0.1
1-2 дня,2026-08-06T11:36:01Z,2026-08-08T03:00:00Z,39.4,2.4,1.0,3.0,1.4,1.4
1-2 дня,2026-08-06T11:36:01Z,2026-08-08T06:00:00Z,42.4,3.0,1.0,3.0,2.0,2.0
1-2 дня,2026-08-06T11:36:01Z,2026-08-08T09:00:00Z,45.4,1.9,1.0,1.0,0.9,0.9
1-2 дня,2026-08-06T11:44:08Z,2026-08-07T12:00:00Z,24.3,3.3,1.0,1.0,2.3,2.3
1-2 дня,2026-08-06T11:44:08Z,2026-08-07T15:00:00Z,27.3,3.1,1.0,1.0,2.1,2.1
1-2 дня,2026-08-06T11:44:08Z,2026-08-07T18:00:00Z,30.3,2.2,1.0,1.0,1.2,1.2
1-2 дня,2026-08-06T11:44:08Z,2026-08-07T21:00:00Z,33.3,1.5,1.0,1.0,0.5,0.5
1-2 дня,2026-08-06T11:44:08Z,2026-08-08T00:00:00Z,36.3,1.1,1.0,1.0,0.1,0.1
1-2 дня,2026-08-06T11:44:08Z,2026-08-08T03:00:00Z,39.3,2.4,1.0,3.0,1.4,1.4
1-2 дня,2026-08-06T11:44:08Z,2026-08-08T06:00:00Z,42.3,3.0,1.0,3.0,2.0,2.0
1-2 дня,2026-08-06T11:44:08Z,2026-08-08T09:00:00Z,45.3,1.9,1.0,1.0,0.9,0.9
1-2 дня,2026-08-07T01:31:32Z,2026-08-08T03:00:00Z,25.5,0.4,1.0,3.0,-0.6,0.6
1-2 дня,2026-08-07T01:31:32Z,2026-08-08T06:00:00Z,28.5,0.7,1.0,3.0,-0.3,0.3
1-2 дня,2026-08-07T01:31:32Z,2026-08-08T09:00:00Z,31.5,3.2,1.0,1.0,2.2,2.2
1-2 дня,2026-08-07T01:31:32Z,2026-08-08T12:00:00Z,34.5,2.6,2.0,1.0,0.6,0.6
1-2 дня,2026-08-07T01:31:32Z,2026-08-08T15:00:00Z,37.5,2.3,1.0,1.0,1.3,1.3
1-2 дня,2026-08-07T01:31:32Z,2026-08-08T18:00:00Z,40.5,2.4,1.0,1.0,1.4,1.4
1-2 дня,2026-08-07T01:31:32Z,2026-08-08T21:00:00Z,43.5,2.3,2.0,1.0,0.3,0.3
1-2 дня,2026-08-07T01:31:32Z,2026-08-09T00:00:00Z,46.5,1.6,2.0,1.0,-0.4,0.4
1-2 дня,2026-08-07T05:36:00Z,2026-08-08T06:00:00Z,24.4,0.7,1.0,3.0,-0.3,0.3
1-2 дня,2026-08-07T05:36:00Z,2026-08-08T09:00:00Z,27.4,3.2,1.0,1.0,2.2,2.2
1-2 дня,2026-08-07T05:36:00Z,2026-08-08T12:00:00Z,30.4,2.6,2.0,1.0,0.6,0.6
1-2 дня,2026-08-07T05:36:00Z,2026-08-08T15:00:00Z,33.4,2.3,1.0,1.0,1.3,1.3
1-2 дня,2026-08-07T05:36:00Z,2026-08-08T18:00:00Z,36.4,2.4,1.0,1.0,1.4,1.4
1-2 дня,2026-08-07T05:36:00Z,2026-08-08T21:00:00Z,39.4,2.3,2.0,1.0,0.3,0.3
1-2 дня,2026-08-07T05:36:00Z,2026-08-09T00:00:00Z,42.4,1.6,2.0,1.0,-0.4,0.4
1-2 дня,2026-08-07T05:36:00Z,2026-08-09T03:00:00Z,45.4,2.7,2.0,1.0,0.7,0.7
1-2 дня,2026-08-07T06:18:59Z,2026-08-08T09:00:00Z,26.7,3.2,1.0,1.0,2.2,2.2
1-2 дня,2026-08-07T06:18:59Z,2026-08-08T12:00:00Z,29.7,2.6,2.0,1.0,0.6,0.6
1-2 дня,2026-08-07T06:18:59Z,2026-08-08T15:00:00Z,32.7,2.3,1.0,1.0,1.3,1.3
1-2 дня,2026-08-07T06:18:59Z,2026-08-08T18:00:00Z,35.7,2.4,1.0,1.0,1.4,1.4
1-2 дня,2026-08-07T06:18:59Z,2026-08-08T21:00:00Z,38.7,2.3,2.0,1.0,0.3,0.3
1-2 дня,2026-08-07T06:18:59Z,2026-08-09T00:00:00Z,41.7,1.6,2.0,1.0,-0.4,0.4
1-2 дня,2026-08-07T06:18:59Z,2026-08-09T03:00:00Z,44.7,2.7,2.0,1.0,0.7,0.7
1-2 дня,2026-08-07T06:18:59Z,2026-08-09T06:00:00Z,47.7,3.2,2.0,1.0,1.2,1.2
1-2 дня,2026-08-07T07:13:52Z,2026-08-08T09:00:00Z,25.8,3.2,1.0,1.0,2.2,2.2
1-2 дня,2026-08-07T07:13:52Z,2026-08-08T12:00:00Z,28.8,2.6,2.0,1.0,0.6,0.6
1-2 дня,2026-08-07T07:13:52Z,2026-08-08T15:00:00Z,31.8,2.3,1.0,1.0,1.3,1.3
1-2 дня,2026-08-07T07:13:52Z,2026-08-08T18:00:00Z,34.8,2.4,1.0,1.0,1.4,1.4
1-2 дня,2026-08-07T07:13:52Z,2026-08-08T21:00:00Z,37.8,2.3,2.0,1.0,0.3,0.3
1-2 дня,2026-08-07T07:13:52Z,2026-08-09T00:00:00Z,40.8,1.6,2.0,1.0,-0.4,0.4
1-2 дня,2026-08-07T07:13:52Z,2026-08-09T03:00:00Z,43.8,2.7,2.0,1.0,0.7,0.7
1-2 дня,2026-08-07T07:13:52Z,2026-08-09T06:00:00Z,46.8,3.2,2.0,1.0,1.2,1.2
1-2 дня,2026-08-07T10:39:14Z,2026-08-08T12:00:00Z,25.3,1.6,2.0,1.0,-0.4,0.4
1-2 дня,2026-08-07T10:39:14Z,2026-08-08T15:00:00Z,28.3,1.8,1.0,1.0,0.8,0.8
1-2 дня,2026-08-07T10:39:14Z,2026-08-08T18:00:00Z,31.3,2.1,1.0,1.0,1.1,1.1
1-2 дня,2026-08-07T10:39:14Z,2026-08-08T21:00:00Z,34.3,1.7,2.0,1.0,-0.3,0.3
1-2 дня,2026-08-07T10:39:14Z,2026-08-09T00:00:00Z,37.3,2.1,2.0,1.0,0.1,0.1
1-2 дня,2026-08-07T10:39:14Z,2026-08-09T03:00:00Z,40.3,2.9,2.0,1.0,0.9,0.9
1-2 дня,2026-08-07T10:39:14Z,2026-08-09T06:00:00Z,43.3,3.2,2.0,1.0,1.2,1.2
1-2 дня,2026-08-07T10:39:14Z,2026-08-09T09:00:00Z,46.3,3.2,3.0,1.0,0.2,0.2
1-2 дня,2026-08-07T16:51:54Z,2026-08-08T18:00:00Z,25.1,1.4,1.0,1.0,0.4,0.4
1-2 дня,2026-08-07T16:51:54Z,2026-08-08T21:00:00Z,28.1,1.4,2.0,1.0,-0.6,0.6
1-2 дня,2026-08-07T16:51:54Z,2026-08-09T00:00:00Z,31.1,2.4,2.0,1.0,0.4,0.4
1-2 дня,2026-08-07T16:51:54Z,2026-08-09T03:00:00Z,34.1,2.6,2.0,1.0,0.6,0.6
1-2 дня,2026-08-07T16:51:54Z,2026-08-09T06:00:00Z,37.1,3.1,2.0,1.0,1.1,1.1
1-2 дня,2026-08-07T16:51:54Z,2026-08-09T09:00:00Z,40.1,3.5,3.0,1.0,0.5,0.5
1-2 дня,2026-08-07T16:51:54Z,2026-08-09T12:00:00Z,43.1,3.4,2.0,2.0,1.4,1.4
1-2 дня,2026-08-07T16:51:54Z,2026-08-09T15:00:00Z,46.1,2.8,2.0,1.0,0.8,0.8
1-2 дня,2026-08-07T22:45:57Z,2026-08-09T00:00:00Z,25.2,1.9,2.0,1.0,-0.1,0.1
1-2 дня,2026-08-07T22:45:57Z,2026-08-09T03:00:00Z,28.2,2.7,2.0,1.0,0.7,0.7
1-2 дня,2026-08-07T22:45:57Z,2026-08-09T06:00:00Z,31.2,3.4,2.0,1.0,1.4,1.4
1-2 дня,2026-08-07T22:45:57Z,2026-08-09T09:00:00Z,34.2,4.1,3.0,1.0,1.1,1.1
1-2 дня,2026-08-07T22:45:57Z,2026-08-09T12:00:00Z,37.2,4.1,2.0,2.0,2.1,2.1
1-2 дня,2026-08-07T22:45:57Z,2026-08-09T15:00:00Z,40.2,2.9,2.0,1.0,0.9,0.9
1-2 дня,2026-08-07T22:45:57Z,2026-08-09T18:00:00Z,43.2,1.8,0.0,1.0,1.8,1.8
1-2 дня,2026-08-07T22:45:57Z,2026-08-09T21:00:00Z,46.2,2.8,1.0,2.0,1.8,1.8
1-2 дня,2026-08-07T23:19:23Z,2026-08-09T00:00:00Z,24.7,1.9,2.0,1.0,-0.1,0.1
1-2 дня,2026-08-07T23:19:23Z,2026-08-09T03:00:00Z,27.7,2.7,2.0,1.0,0.7,0.7
1-2 дня,2026-08-07T23:19:23Z,2026-08-09T06:00:00Z,30.7,3.4,2.0,1.0,1.4,1.4
1-2 дня,2026-08-07T23:19:23Z,2026-08-09T09:00:00Z,33.7,4.1,3.0,1.0,1.1,1.1
1-2 дня,2026-08-07T23:19:23Z,2026-08-09T12:00:00Z,36.7,4.1,2.0,2.0,2.1,2.1
1-2 дня,2026-08-07T23:19:23Z,2026-08-09T15:00:00Z,39.7,2.9,2.0,1.0,0.9,0.9
1-2 дня,2026-08-07T23:19:23Z,2026-08-09T18:00:00Z,42.7,1.8,0.0,1.0,1.8,1.8
1-2 дня,2026-08-07T23:19:23Z,2026-08-09T21:00:00Z,45.7,2.8,1.0,2.0,1.8,1.8
1-2 дня,2026-08-08T04:50:53Z,2026-08-09T06:00:00Z,25.2,3.8,2.0,1.0,1.8,1.8
1-2 дня,2026-08-08T04:50:53Z,2026-08-09T09:00:00Z,28.2,4.1,3.0,1.0,1.1,1.1
1-2 дня,2026-08-08T04:50:53Z,2026-08-09T12:00:00Z,31.2,4.4,2.0,2.0,2.4,2.4
1-2 дня,2026-08-08T04:50:53Z,2026-08-09T15:00:00Z,34.2,3.0,2.0,1.0,1.0,1.0
1-2 дня,2026-08-08T04:50:53Z,2026-08-09T18:00:00Z,37.2,1.6,0.0,1.0,1.6,1.6
1-2 дня,2026-08-08T04:50:53Z,2026-08-09T21:00:00Z,40.2,2.8,1.0,2.0,1.8,1.8
1-2 дня,2026-08-08T04:50:53Z,2026-08-10T00:00:00Z,43.2,3.3,1.0,2.0,2.3,2.3
1-2 дня,2026-08-08T04:50:53Z,2026-08-10T03:00:00Z,46.2,3.6,2.0,2.0,1.6,1.6
1-2 дня,2026-08-08T10:18:13Z,2026-08-09T12:00:00Z,25.7,3.8,2.0,2.0,1.8,1.8
1-2 дня,2026-08-08T10:18:13Z,2026-08-09T15:00:00Z,28.7,2.3,2.0,1.0,0.3,0.3
1-2 дня,2026-08-08T10:18:13Z,2026-08-09T18:00:00Z,31.7,1.2,0.0,1.0,1.2,1.2
1-2 дня,2026-08-08T10:18:13Z,2026-08-09T21:00:00Z,34.7,2.7,1.0,2.0,1.7,1.7
1-2 дня,2026-08-08T10:18:13Z,2026-08-10T00:00:00Z,37.7,2.9,1.0,2.0,1.9,1.9
1-2 дня,2026-08-08T10:18:13Z,2026-08-10T03:00:00Z,40.7,3.4,2.0,2.0,1.4,1.4
1-2 дня,2026-08-08T10:18:13Z,2026-08-10T06:00:00Z,43.7,3.7,3.0,2.0,0.7,0.7
1-2 дня,2026-08-08T10:18:13Z,2026-08-10T09:00:00Z,46.7,4.9,3.0,3.0,1.9,1.9
1-2 дня,2026-08-08T22:37:20Z,2026-08-10T00:00:00Z,25.4,2.9,1.0,2.0,1.9,1.9
1-2 дня,2026-08-08T22:37:20Z,2026-08-10T03:00:00Z,28.4,3.3,2.0,2.0,1.3,1.3
1-2 дня,2026-08-08T22:37:20Z,2026-08-10T06:00:00Z,31.4,3.8,3.0,2.0,0.8,0.8
1-2 дня,2026-08-08T22:37:20Z,2026-08-10T09:00:00Z,34.4,5.3,3.0,3.0,2.3,2.3
1-2 дня,2026-08-08T22:37:20Z,2026-08-10T12:00:00Z,37.4,4.1,2.0,2.0,2.1,2.1
1-2 дня,2026-08-08T22:37:20Z,2026-08-10T15:00:00Z,40.4,3.8,2.0,2.0,1.8,1.8
1-2 дня,2026-08-08T22:37:20Z,2026-08-10T18:00:00Z,43.4,3.9,2.0,0.0,1.9,1.9
1-2 дня,2026-08-08T22:37:20Z,2026-08-10T21:00:00Z,46.4,4.1,2.0,1.0,2.1,2.1
1-2 дня,2026-08-09T04:59:03Z,2026-08-10T06:00:00Z,25.0,3.8,3.0,2.0,0.8,0.8
1-2 дня,2026-08-09T04:59:03Z,2026-08-10T09:00:00Z,28.0,5.0,3.0,3.0,2.0,2.0
1-2 дня,2026-08-09T04:59:03Z,2026-08-10T12:00:00Z,31.0,4.1,2.0,2.0,2.1,2.1
1-2 дня,2026-08-09T04:59:03Z,2026-08-10T15:00:00Z,34.0,2.9,2.0,2.0,0.9,0.9
1-2 дня,2026-08-09T04:59:03Z,2026-08-10T18:00:00Z,37.0,4.0,2.0,0.0,2.0,2.0
1-2 дня,2026-08-09T04:59:03Z,2026-08-10T21:00:00Z,40.0,4.3,2.0,1.0,2.3,2.3
1-2 дня,2026-08-09T04:59:03Z,2026-08-11T00:00:00Z,43.0,4.4,2.0,1.0,2.4,2.4
1-2 дня,2026-08-09T04:59:03Z,2026-08-11T03:00:00Z,46.0,4.6,2.0,2.0,2.6,2.6
1-2 дня,2026-08-09T10:19:29Z,2026-08-10T12:00:00Z,25.7,4.1,2.0,2.0,2.1,2.1
1-2 дня,2026-08-09T10:19:29Z,2026-08-10T15:00:00Z,28.7,2.9,2.0,2.0,0.9,0.9
1-2 дня,2026-08-09T10:19:29Z,2026-08-10T18:00:00Z,31.7,4.0,2.0,0.0,2.0,2.0
1-2 дня,2026-08-09T10:19:29Z,2026-08-10T21:00:00Z,34.7,4.3,2.0,1.0,2.3,2.3
1-2 дня,2026-08-09T10:19:29Z,2026-08-11T00:00:00Z,37.7,4.4,2.0,1.0,2.4,2.4
1-2 дня,2026-08-09T10:19:29Z,2026-08-11T03:00:00Z,40.7,4.6,2.0,2.0,2.6,2.6
1-2 дня,2026-08-09T10:19:29Z,2026-08-11T06:00:00Z,43.7,5.4,3.0,3.0,2.4,2.4
1-2 дня,2026-08-09T10:19:29Z,2026-08-11T09:00:00Z,46.7,5.7,4.0,3.0,1.7,1.7
1-2 дня,2026-08-09T12:41:38Z,2026-08-10T15:00:00Z,26.3,2.9,2.0,2.0,0.9,0.9
1-2 дня,2026-08-09T12:41:38Z,2026-08-10T18:00:00Z,29.3,4.0,2.0,0.0,2.0,2.0
1-2 дня,2026-08-09T12:41:38Z,2026-08-10T21:00:00Z,32.3,4.3,2.0,1.0,2.3,2.3
1-2 дня,2026-08-09T12:41:38Z,2026-08-11T00:00:00Z,35.3,4.4,2.0,1.0,2.4,2.4
1-2 дня,2026-08-09T12:41:38Z,2026-08-11T03:00:00Z,38.3,4.6,2.0,2.0,2.6,2.6
1-2 дня,2026-08-09T12:41:38Z,2026-08-11T06:00:00Z,41.3,5.4,3.0,3.0,2.4,2.4
1-2 дня,2026-08-09T12:41:38Z,2026-08-11T09:00:00Z,44.3,5.7,4.0,3.0,1.7,1.7
1-2 дня,2026-08-09T12:41:38Z,2026-08-11T12:00:00Z,47.3,4.4,4.0,2.0,0.4,0.4
1-2 дня,2026-08-09T12:45:53Z,2026-08-10T15:00:00Z,26.2,2.9,2.0,2.0,0.9,0.9
1-2 дня,2026-08-09T12:45:53Z,2026-08-10T18:00:00Z,29.2,4.0,2.0,0.0,2.0,2.0
1-2 дня,2026-08-09T12:45:53Z,2026-08-10T21:00:00Z,32.2,4.3,2.0,1.0,2.3,2.3
1-2 дня,2026-08-09T12:45:53Z,2026-08-11T00:00:00Z,35.2,4.4,2.0,1.0,2.4,2.4
1-2 дня,2026-08-09T12:45:53Z,2026-08-11T03:00:00Z,38.2,4.6,2.0,2.0,2.6,2.6
1-2 дня,2026-08-09T12:45:53Z,2026-08-11T06:00:00Z,41.2,5.4,3.0,3.0,2.4,2.4
1-2 дня,2026-08-09T12:45:53Z,2026-08-11T09:00:00Z,44.2,5.7,4.0,3.0,1.7,1.7
1-2 дня,2026-08-09T12:45:53Z,2026-08-11T12:00:00Z,47.2,4.4,4.0,2.0,0.4,0.4
1-2 дня,2026-08-09T12:48:15Z,2026-08-10T15:00:00Z,26.2,2.9,2.0,2.0,0.9,0.9
1-2 дня,2026-08-09T12:48:15Z,2026-08-10T18:00:00Z,29.2,4.0,2.0,0.0,2.0,2.0
1-2 дня,2026-08-09T12:48:15Z,2026-08-10T21:00:00Z,32.2,4.3,2.0,1.0,2.3,2.3
1-2 дня,2026-08-09T12:48:15Z,2026-08-11T00:00:00Z,35.2,4.4,2.0,1.0,2.4,2.4
1-2 дня,2026-08-09T12:48:15Z,2026-08-11T03:00:00Z,38.2,4.6,2.0,2.0,2.6,2.6
1-2 дня,2026-08-09T12:48:15Z,2026-08-11T06:00:00Z,41.2,5.4,3.0,3.0,2.4,2.4
1-2 дня,2026-08-09T12:48:15Z,2026-08-11T09:00:00Z,44.2,5.7,4.0,3.0,1.7,1.7
1-2 дня,2026-08-09T12:48:15Z,2026-08-11T12:00:00Z,47.2,4.4,4.0,2.0,0.4,0.4
1-2 дня,2026-08-09T16:31:44Z,2026-08-10T18:00:00Z,25.5,3.6,2.0,0.0,1.6,1.6
1-2 дня,2026-08-09T16:31:44Z,2026-08-10T21:00:00Z,28.5,4.0,2.0,1.0,2.0,2.0
1-2 дня,2026-08-09T16:31:44Z,2026-08-11T00:00:00Z,31.5,3.9,2.0,1.0,1.9,1.9
1-2 дня,2026-08-09T16:31:44Z,2026-08-11T03:00:00Z,34.5,4.1,2.0,2.0,2.1,2.1
1-2 дня,2026-08-09T16:31:44Z,2026-08-11T06:00:00Z,37.5,5.0,3.0,3.0,2.0,2.0
1-2 дня,2026-08-09T16:31:44Z,2026-08-11T09:00:00Z,40.5,5.4,4.0,3.0,1.4,1.4
1-2 дня,2026-08-09T16:31:44Z,2026-08-11T12:00:00Z,43.5,4.8,4.0,2.0,0.8,0.8
1-2 дня,2026-08-09T16:31:44Z,2026-08-11T15:00:00Z,46.5,4.6,4.0,2.0,0.6,0.6
1-2 дня,2026-08-09T22:39:09Z,2026-08-11T00:00:00Z,25.3,4.0,2.0,1.0,2.0,2.0
1-2 дня,2026-08-09T22:39:09Z,2026-08-11T03:00:00Z,28.3,4.1,2.0,2.0,2.1,2.1
1-2 дня,2026-08-09T22:39:09Z,2026-08-11T06:00:00Z,31.3,4.7,3.0,3.0,1.7,1.7
1-2 дня,2026-08-09T22:39:09Z,2026-08-11T09:00:00Z,34.3,4.3,4.0,3.0,0.3,0.3
1-2 дня,2026-08-09T22:39:09Z,2026-08-11T12:00:00Z,37.3,5.2,4.0,2.0,1.2,1.2
1-2 дня,2026-08-09T22:39:09Z,2026-08-11T15:00:00Z,40.3,5.3,4.0,2.0,1.3,1.3
1-2 дня,2026-08-09T22:39:09Z,2026-08-11T18:00:00Z,43.3,3.4,2.0,2.0,1.4,1.4
1-2 дня,2026-08-09T22:39:09Z,2026-08-11T21:00:00Z,46.3,1.9,1.0,2.0,0.9,0.9
1-2 дня,2026-08-10T05:20:42Z,2026-08-11T06:00:00Z,24.7,4.6,3.0,3.0,1.6,1.6
1-2 дня,2026-08-10T05:20:42Z,2026-08-11T09:00:00Z,27.7,5.1,4.0,3.0,1.1,1.1
1-2 дня,2026-08-10T05:20:42Z,2026-08-11T12:00:00Z,30.7,5.9,4.0,2.0,1.9,1.9
1-2 дня,2026-08-10T05:20:42Z,2026-08-11T15:00:00Z,33.7,5.6,4.0,2.0,1.6,1.6
1-2 дня,2026-08-10T05:20:42Z,2026-08-11T18:00:00Z,36.7,4.9,2.0,2.0,2.9,2.9
1-2 дня,2026-08-10T05:20:42Z,2026-08-11T21:00:00Z,39.7,3.0,1.0,2.0,2.0,2.0
1-2 дня,2026-08-10T05:20:42Z,2026-08-12T00:00:00Z,42.7,1.7,1.0,2.0,0.7,0.7
1-2 дня,2026-08-10T05:20:42Z,2026-08-12T03:00:00Z,45.7,1.0,1.0,2.0,0.0,0.0
1-2 дня,2026-08-10T10:53:28Z,2026-08-11T12:00:00Z,25.1,5.6,4.0,2.0,1.6,1.6
1-2 дня,2026-08-10T10:53:28Z,2026-08-11T15:00:00Z,28.1,4.5,4.0,2.0,0.5,0.5
1-2 дня,2026-08-10T10:53:28Z,2026-08-11T18:00:00Z,31.1,3.8,2.0,2.0,1.8,1.8
1-2 дня,2026-08-10T10:53:28Z,2026-08-11T21:00:00Z,34.1,3.4,1.0,2.0,2.4,2.4
1-2 дня,2026-08-10T10:53:28Z,2026-08-12T00:00:00Z,37.1,2.1,1.0,2.0,1.1,1.1
1-2 дня,2026-08-10T10:53:28Z,2026-08-12T03:00:00Z,40.1,1.8,1.0,2.0,0.8,0.8
1-2 дня,2026-08-10T10:53:28Z,2026-08-12T06:00:00Z,43.1,3.4,2.0,3.0,1.4,1.4
1-2 дня,2026-08-10T10:53:28Z,2026-08-12T09:00:00Z,46.1,4.9,2.0,4.0,2.9,2.9
1-2 дня,2026-08-10T16:52:05Z,2026-08-11T18:00:00Z,25.1,4.3,2.0,2.0,2.3,2.3
1-2 дня,2026-08-10T16:52:05Z,2026-08-11T21:00:00Z,28.1,3.3,1.0,2.0,2.3,2.3
1-2 дня,2026-08-10T16:52:05Z,2026-08-12T00:00:00Z,31.1,2.7,1.0,2.0,1.7,1.7
1-2 дня,2026-08-10T16:52:05Z,2026-08-12T03:00:00Z,34.1,2.9,1.0,2.0,1.9,1.9
1-2 дня,2026-08-10T16:52:05Z,2026-08-12T06:00:00Z,37.1,3.3,2.0,3.0,1.3,1.3
1-2 дня,2026-08-10T16:52:05Z,2026-08-12T09:00:00Z,40.1,4.3,2.0,4.0,2.3,2.3
1-2 дня,2026-08-10T16:52:05Z,2026-08-12T12:00:00Z,43.1,5.1,3.0,4.0,2.1,2.1
1-2 дня,2026-08-10T16:52:05Z,2026-08-12T15:00:00Z,46.1,5.4,4.0,4.0,1.4,1.4
1-2 дня,2026-08-10T22:47:13Z,2026-08-12T00:00:00Z,25.2,2.0,1.0,2.0,1.0,1.0
1-2 дня,2026-08-10T22:47:13Z,2026-08-12T03:00:00Z,28.2,1.9,1.0,2.0,0.9,0.9
1-2 дня,2026-08-10T22:47:13Z,2026-08-12T06:00:00Z,31.2,3.5,2.0,3.0,1.5,1.5
1-2 дня,2026-08-10T22:47:13Z,2026-08-12T09:00:00Z,34.2,4.4,2.0,4.0,2.4,2.4
1-2 дня,2026-08-10T22:47:13Z,2026-08-12T12:00:00Z,37.2,5.1,3.0,4.0,2.1,2.1
1-2 дня,2026-08-10T22:47:13Z,2026-08-12T15:00:00Z,40.2,6.7,4.0,4.0,2.7,2.7
1-2 дня,2026-08-10T22:47:13Z,2026-08-12T18:00:00Z,43.2,6.6,3.0,2.0,3.6,3.6
1-2 дня,2026-08-10T22:47:13Z,2026-08-12T21:00:00Z,46.2,6.3,3.0,1.0,3.3,3.3
1-2 дня,2026-08-11T05:01:49Z,2026-08-12T06:00:00Z,25.0,3.5,2.0,3.0,1.5,1.5
1-2 дня,2026-08-11T05:01:49Z,2026-08-12T09:00:00Z,28.0,4.0,2.0,4.0,2.0,2.0
1-2 дня,2026-08-11T05:01:49Z,2026-08-12T12:00:00Z,31.0,5.0,3.0,4.0,2.0,2.0
1-2 дня,2026-08-11T05:01:49Z,2026-08-12T15:00:00Z,34.0,6.0,4.0,4.0,2.0,2.0
1-2 дня,2026-08-11T05:01:49Z,2026-08-12T18:00:00Z,37.0,6.9,3.0,2.0,3.9,3.9
1-2 дня,2026-08-11T05:01:49Z,2026-08-12T21:00:00Z,40.0,6.8,3.0,1.0,3.8,3.8
1-2 дня,2026-08-11T05:01:49Z,2026-08-13T00:00:00Z,43.0,6.6,3.0,1.0,3.6,3.6
1-2 дня,2026-08-11T05:01:49Z,2026-08-13T03:00:00Z,46.0,7.4,4.0,1.0,3.4,3.4
1-2 дня,2026-08-11T10:38:45Z,2026-08-12T12:00:00Z,25.4,5.8,3.0,4.0,2.8,2.8
1-2 дня,2026-08-11T10:38:45Z,2026-08-12T15:00:00Z,28.4,6.4,4.0,4.0,2.4,2.4
1-2 дня,2026-08-11T10:38:45Z,2026-08-12T18:00:00Z,31.4,6.7,3.0,2.0,3.7,3.7
1-2 дня,2026-08-11T10:38:45Z,2026-08-12T21:00:00Z,34.4,6.5,3.0,1.0,3.5,3.5
1-2 дня,2026-08-11T10:38:45Z,2026-08-13T00:00:00Z,37.4,7.5,3.0,1.0,4.5,4.5
1-2 дня,2026-08-11T10:38:45Z,2026-08-13T03:00:00Z,40.4,7.9,4.0,1.0,3.9,3.9
1-2 дня,2026-08-11T10:38:45Z,2026-08-13T06:00:00Z,43.4,7.6,5.0,2.0,2.6,2.6
1-2 дня,2026-08-11T10:38:45Z,2026-08-13T09:00:00Z,46.4,8.1,4.0,2.0,4.1,4.1
1-2 дня,2026-08-12T10:47:03Z,2026-08-13T12:00:00Z,25.2,7.6,5.0,3.0,2.6,2.6
1-2 дня,2026-08-12T10:47:03Z,2026-08-13T15:00:00Z,28.2,7.4,5.0,4.0,2.4,2.4
1-2 дня,2026-08-12T10:47:03Z,2026-08-13T18:00:00Z,31.2,6.7,4.0,3.0,2.7,2.7
1-2 дня,2026-08-12T10:47:03Z,2026-08-13T21:00:00Z,34.2,6.2,4.0,3.0,2.2,2.2
1-2 дня,2026-08-12T10:47:03Z,2026-08-14T00:00:00Z,37.2,5.6,3.0,3.0,2.6,2.6
1-2 дня,2026-08-12T10:47:03Z,2026-08-14T03:00:00Z,40.2,5.5,3.0,4.0,2.5,2.5
1-2 дня,2026-08-12T10:47:03Z,2026-08-14T06:00:00Z,43.2,5.7,3.0,5.0,2.7,2.7
1-2 дня,2026-08-12T10:47:03Z,2026-08-14T09:00:00Z,46.2,5.6,3.0,4.0,2.6,2.6
1-2 дня,2026-08-12T16:54:57Z,2026-08-13T18:00:00Z,25.1,6.4,4.0,3.0,2.4,2.4
1-2 дня,2026-08-12T16:54:57Z,2026-08-13T21:00:00Z,28.1,6.2,4.0,3.0,2.2,2.2
1-2 дня,2026-08-12T16:54:57Z,2026-08-14T00:00:00Z,31.1,5.8,3.0,3.0,2.8,2.8
1-2 дня,2026-08-12T16:54:57Z,2026-08-14T03:00:00Z,34.1,5.6,3.0,4.0,2.6,2.6
1-2 дня,2026-08-12T16:54:57Z,2026-08-14T06:00:00Z,37.1,6.0,3.0,5.0,3.0,3.0
1-2 дня,2026-08-12T16:54:57Z,2026-08-14T09:00:00Z,40.1,5.6,3.0,4.0,2.6,2.6
1-2 дня,2026-08-12T16:54:57Z,2026-08-14T12:00:00Z,43.1,5.4,3.0,5.0,2.4,2.4
1-2 дня,2026-08-12T16:54:57Z,2026-08-14T15:00:00Z,46.1,4.6,3.0,5.0,1.6,1.6
1-2 дня,2026-08-12T22:50:47Z,2026-08-14T00:00:00Z,25.2,5.3,3.0,3.0,2.3,2.3
1-2 дня,2026-08-12T22:50:47Z,2026-08-14T03:00:00Z,28.2,4.7,3.0,4.0,1.7,1.7
1-2 дня,2026-08-12T22:50:47Z,2026-08-14T06:00:00Z,31.2,5.0,3.0,5.0,2.0,2.0
1-2 дня,2026-08-12T22:50:47Z,2026-08-14T09:00:00Z,34.2,5.1,3.0,4.0,2.1,2.1
1-2 дня,2026-08-12T22:50:47Z,2026-08-14T12:00:00Z,37.2,5.1,3.0,5.0,2.1,2.1
1-2 дня,2026-08-12T22:50:47Z,2026-08-14T15:00:00Z,40.2,4.7,3.0,5.0,1.7,1.7
1-2 дня,2026-08-12T22:50:47Z,2026-08-14T18:00:00Z,43.2,3.7,3.0,4.0,0.7,0.7
1-2 дня,2026-08-12T22:50:47Z,2026-08-14T21:00:00Z,46.2,3.5,2.0,4.0,1.5,1.5
1-2 дня,2026-08-13T05:30:08Z,2026-08-14T06:00:00Z,24.5,4.6,3.0,5.0,1.6,1.6
1-2 дня,2026-08-13T05:30:08Z,2026-08-14T09:00:00Z,27.5,4.8,3.0,4.0,1.8,1.8
1-2 дня,2026-08-13T05:30:08Z,2026-08-14T12:00:00Z,30.5,5.6,3.0,5.0,2.6,2.6
1-2 дня,2026-08-13T05:30:08Z,2026-08-14T15:00:00Z,33.5,4.7,3.0,5.0,1.7,1.7
1-2 дня,2026-08-13T05:30:08Z,2026-08-14T18:00:00Z,36.5,3.9,3.0,4.0,0.9,0.9
1-2 дня,2026-08-13T05:30:08Z,2026-08-14T21:00:00Z,39.5,3.5,2.0,4.0,1.5,1.5
1-2 дня,2026-08-13T05:30:08Z,2026-08-15T00:00:00Z,42.5,3.3,2.0,3.0,1.3,1.3
1-2 дня,2026-08-13T05:30:08Z,2026-08-15T03:00:00Z,45.5,3.5,1.0,3.0,2.5,2.5
1-2 дня,2026-08-13T10:49:01Z,2026-08-14T12:00:00Z,25.2,5.5,3.0,5.0,2.5,2.5
1-2 дня,2026-08-13T10:49:01Z,2026-08-14T15:00:00Z,28.2,5.5,3.0,5.0,2.5,2.5
1-2 дня,2026-08-13T10:49:01Z,2026-08-14T18:00:00Z,31.2,4.3,3.0,4.0,1.3,1.3
1-2 дня,2026-08-13T10:49:01Z,2026-08-14T21:00:00Z,34.2,3.8,2.0,4.0,1.8,1.8
1-2 дня,2026-08-13T10:49:01Z,2026-08-15T00:00:00Z,37.2,3.9,2.0,3.0,1.9,1.9
1-2 дня,2026-08-13T10:49:01Z,2026-08-15T03:00:00Z,40.2,3.8,1.0,3.0,2.8,2.8
1-2 дня,2026-08-13T10:49:01Z,2026-08-15T06:00:00Z,43.2,3.7,2.0,3.0,1.7,1.7
1-2 дня,2026-08-13T10:49:01Z,2026-08-15T09:00:00Z,46.2,3.4,2.0,3.0,1.4,1.4
1-2 дня,2026-08-13T16:36:10Z,2026-08-14T18:00:00Z,25.4,4.3,3.0,4.0,1.3,1.3
1-2 дня,2026-08-13T16:36:10Z,2026-08-14T21:00:00Z,28.4,3.8,2.0,4.0,1.8,1.8
1-2 дня,2026-08-13T16:36:10Z,2026-08-15T00:00:00Z,31.4,4.0,2.0,3.0,2.0,2.0
1-2 дня,2026-08-13T16:36:10Z,2026-08-15T03:00:00Z,34.4,3.6,1.0,3.0,2.6,2.6
1-2 дня,2026-08-13T16:36:10Z,2026-08-15T06:00:00Z,37.4,3.6,2.0,3.0,1.6,1.6
1-2 дня,2026-08-13T16:36:10Z,2026-08-15T09:00:00Z,40.4,2.8,2.0,3.0,0.8,0.8
1-2 дня,2026-08-13T16:36:10Z,2026-08-15T12:00:00Z,43.4,3.6,2.0,3.0,1.6,1.6
1-2 дня,2026-08-13T16:36:10Z,2026-08-15T15:00:00Z,46.4,3.3,1.0,3.0,2.3,2.3
1-2 дня,2026-08-13T16:42:24Z,2026-08-14T18:00:00Z,25.3,4.3,3.0,4.0,1.3,1.3
1-2 дня,2026-08-13T16:42:24Z,2026-08-14T21:00:00Z,28.3,3.8,2.0,4.0,1.8,1.8
1-2 дня,2026-08-13T16:42:24Z,2026-08-15T00:00:00Z,31.3,4.0,2.0,3.0,2.0,2.0
1-2 дня,2026-08-13T16:42:24Z,2026-08-15T03:00:00Z,34.3,3.6,1.0,3.0,2.6,2.6
1-2 дня,2026-08-13T16:42:24Z,2026-08-15T06:00:00Z,37.3,3.6,2.0,3.0,1.6,1.6
1-2 дня,2026-08-13T16:42:24Z,2026-08-15T09:00:00Z,40.3,2.8,2.0,3.0,0.8,0.8
1-2 дня,2026-08-13T16:42:24Z,2026-08-15T12:00:00Z,43.3,3.6,2.0,3.0,1.6,1.6
1-2 дня,2026-08-13T16:42:24Z,2026-08-15T15:00:00Z,46.3,3.3,1.0,3.0,2.3,2.3
1-2 дня,2026-08-13T16:54:22Z,2026-08-14T18:00:00Z,25.1,4.3,3.0,4.0,1.3,1.3
1-2 дня,2026-08-13T16:54:22Z,2026-08-14T21:00:00Z,28.1,3.8,2.0,4.0,1.8,1.8
1-2 дня,2026-08-13T16:54:22Z,2026-08-15T00:00:00Z,31.1,4.0,2.0,3.0,2.0,2.0
1-2 дня,2026-08-13T16:54:22Z,2026-08-15T03:00:00Z,34.1,3.6,1.0,3.0,2.6,2.6
1-2 дня,2026-08-13T16:54:22Z,2026-08-15T06:00:00Z,37.1,3.6,2.0,3.0,1.6,1.6
1-2 дня,2026-08-13T16:54:22Z,2026-08-15T09:00:00Z,40.1,2.8,2.0,3.0,0.8,0.8
1-2 дня,2026-08-13T16:54:22Z,2026-08-15T12:00:00Z,43.1,3.6,2.0,3.0,1.6,1.6
1-2 дня,2026-08-13T16:54:22Z,2026-08-15T15:00:00Z,46.1,3.3,1.0,3.0,2.3,2.3
1-2 дня,2026-08-13T22:52:17Z,2026-08-15T00:00:00Z,25.1,3.6,2.0,3.0,1.6,1.6
1-2 дня,2026-08-13T22:52:17Z,2026-08-15T03:00:00Z,28.1,4.0,1.0,3.0,3.0,3.0
1-2 дня,2026-08-13T22:52:17Z,2026-08-15T06:00:00Z,31.1,3.8,2.0,3.0,1.8,1.8
1-2 дня,2026-08-13T22:52:17Z,2026-08-15T09:00:00Z,34.1,2.8,2.0,3.0,0.8,0.8
1-2 дня,2026-08-13T22:52:17Z,2026-08-15T12:00:00Z,37.1,3.2,2.0,3.0,1.2,1.2
1-2 дня,2026-08-13T22:52:17Z,2026-08-15T15:00:00Z,40.1,2.9,1.0,3.0,1.9,1.9
1-2 дня,2026-08-13T22:52:17Z,2026-08-15T18:00:00Z,43.1,2.0,2.0,3.0,0.0,0.0
1-2 дня,2026-08-13T22:52:17Z,2026-08-15T21:00:00Z,46.1,2.8,2.0,2.0,0.8,0.8
1-2 дня,2026-08-14T05:28:14Z,2026-08-15T06:00:00Z,24.5,3.5,2.0,3.0,1.5,1.5
1-2 дня,2026-08-14T05:28:14Z,2026-08-15T09:00:00Z,27.5,2.9,2.0,3.0,0.9,0.9
1-2 дня,2026-08-14T05:28:14Z,2026-08-15T12:00:00Z,30.5,3.9,2.0,3.0,1.9,1.9
1-2 дня,2026-08-14T05:28:14Z,2026-08-15T15:00:00Z,33.5,3.4,1.0,3.0,2.4,2.4
1-2 дня,2026-08-14T05:28:14Z,2026-08-15T18:00:00Z,36.5,1.8,2.0,3.0,-0.2,0.2
1-2 дня,2026-08-14T05:28:14Z,2026-08-15T21:00:00Z,39.5,2.6,2.0,2.0,0.6,0.6
1-2 дня,2026-08-14T05:28:14Z,2026-08-16T00:00:00Z,42.5,2.6,3.0,2.0,-0.4,0.4
1-2 дня,2026-08-14T05:28:14Z,2026-08-16T03:00:00Z,45.5,2.9,1.0,1.0,1.9,1.9
1-2 дня,2026-08-14T10:44:54Z,2026-08-15T12:00:00Z,25.3,3.1,2.0,3.0,1.1,1.1
1-2 дня,2026-08-14T10:44:54Z,2026-08-15T15:00:00Z,28.3,3.3,1.0,3.0,2.3,2.3
1-2 дня,2026-08-14T10:44:54Z,2026-08-15T18:00:00Z,31.3,2.1,2.0,3.0,0.1,0.1
1-2 дня,2026-08-14T10:44:54Z,2026-08-15T21:00:00Z,34.3,2.5,2.0,2.0,0.5,0.5
1-2 дня,2026-08-14T10:44:54Z,2026-08-16T00:00:00Z,37.3,2.8,3.0,2.0,-0.2,0.2
1-2 дня,2026-08-14T10:44:54Z,2026-08-16T03:00:00Z,40.3,2.9,1.0,1.0,1.9,1.9
1-2 дня,2026-08-14T10:44:54Z,2026-08-16T06:00:00Z,43.3,3.7,2.0,2.0,1.7,1.7
1-2 дня,2026-08-14T10:44:54Z,2026-08-16T09:00:00Z,46.3,2.8,2.0,2.0,0.8,0.8
1-2 дня,2026-08-14T16:48:33Z,2026-08-15T18:00:00Z,25.2,2.2,2.0,3.0,0.2,0.2
1-2 дня,2026-08-14T16:48:33Z,2026-08-15T21:00:00Z,28.2,3.1,2.0,2.0,1.1,1.1
1-2 дня,2026-08-14T16:48:33Z,2026-08-16T00:00:00Z,31.2,3.4,3.0,2.0,0.4,0.4
1-2 дня,2026-08-14T16:48:33Z,2026-08-16T03:00:00Z,34.2,3.6,1.0,1.0,2.6,2.6
1-2 дня,2026-08-14T16:48:33Z,2026-08-16T06:00:00Z,37.2,3.1,2.0,2.0,1.1,1.1
1-2 дня,2026-08-14T16:48:33Z,2026-08-16T09:00:00Z,40.2,2.4,2.0,2.0,0.4,0.4
1-2 дня,2026-08-14T16:48:33Z,2026-08-16T12:00:00Z,43.2,1.4,1.0,2.0,0.4,0.4
1-2 дня,2026-08-14T16:48:33Z,2026-08-16T15:00:00Z,46.2,2.1,1.0,1.0,1.1,1.1
1-2 дня,2026-08-14T22:30:55Z,2026-08-16T00:00:00Z,25.5,3.4,3.0,2.0,0.4,0.4
1-2 дня,2026-08-14T22:30:55Z,2026-08-16T03:00:00Z,28.5,3.6,1.0,1.0,2.6,2.6
1-2 дня,2026-08-14T22:30:55Z,2026-08-16T06:00:00Z,31.5,3.1,2.0,2.0,1.1,1.1
1-2 дня,2026-08-14T22:30:55Z,2026-08-16T09:00:00Z,34.5,2.4,2.0,2.0,0.4,0.4
1-2 дня,2026-08-14T22:30:55Z,2026-08-16T12:00:00Z,37.5,1.4,1.0,2.0,0.4,0.4
1-2 дня,2026-08-14T22:30:55Z,2026-08-16T15:00:00Z,40.5,2.1,1.0,1.0,1.1,1.1
1-2 дня,2026-08-14T22:30:55Z,2026-08-16T18:00:00Z,43.5,2.3,1.0,2.0,1.3,1.3
1-2 дня,2026-08-14T22:30:55Z,2026-08-16T21:00:00Z,46.5,2.2,1.0,2.0,1.2,1.2
1-2 дня,2026-08-15T04:24:15Z,2026-08-16T06:00:00Z,25.6,2.9,2.0,2.0,0.9,0.9
1-2 дня,2026-08-15T04:24:15Z,2026-08-16T09:00:00Z,28.6,1.7,2.0,2.0,-0.3,0.3
1-2 дня,2026-08-15T04:24:15Z,2026-08-16T12:00:00Z,31.6,1.1,1.0,2.0,0.1,0.1
1-2 дня,2026-08-15T04:24:15Z,2026-08-16T15:00:00Z,34.6,1.0,1.0,1.0,0.0,0.0
1-2 дня,2026-08-15T04:24:15Z,2026-08-16T18:00:00Z,37.6,1.1,1.0,2.0,0.1,0.1
1-2 дня,2026-08-15T04:24:15Z,2026-08-16T21:00:00Z,40.6,2.3,1.0,2.0,1.3,1.3
1-2 дня,2026-08-15T04:24:15Z,2026-08-17T00:00:00Z,43.6,2.4,1.0,3.0,1.4,1.4
1-2 дня,2026-08-15T04:24:15Z,2026-08-17T03:00:00Z,46.6,2.6,1.0,1.0,1.6,1.6
1-2 дня,2026-08-15T10:09:15Z,2026-08-16T12:00:00Z,25.8,1.2,1.0,2.0,0.2,0.2
1-2 дня,2026-08-15T10:09:15Z,2026-08-16T15:00:00Z,28.8,1.3,1.0,1.0,0.3,0.3
1-2 дня,2026-08-15T10:09:15Z,2026-08-16T18:00:00Z,31.8,1.3,1.0,2.0,0.3,0.3
1-2 дня,2026-08-15T10:09:15Z,2026-08-16T21:00:00Z,34.8,1.9,1.0,2.0,0.9,0.9
1-2 дня,2026-08-15T10:09:15Z,2026-08-17T00:00:00Z,37.8,2.6,1.0,3.0,1.6,1.6
1-2 дня,2026-08-15T10:09:15Z,2026-08-17T03:00:00Z,40.8,2.4,1.0,1.0,1.4,1.4
1-2 дня,2026-08-15T10:09:15Z,2026-08-17T06:00:00Z,43.8,3.3,2.0,2.0,1.3,1.3
1-2 дня,2026-08-15T10:09:15Z,2026-08-17T09:00:00Z,46.8,3.6,3.0,2.0,0.6,0.6
1-2 дня,2026-08-15T22:29:33Z,2026-08-17T00:00:00Z,25.5,2.1,1.0,3.0,1.1,1.1
1-2 дня,2026-08-15T22:29:33Z,2026-08-17T03:00:00Z,28.5,1.9,1.0,1.0,0.9,0.9
1-2 дня,2026-08-15T22:29:33Z,2026-08-17T06:00:00Z,31.5,1.9,2.0,2.0,-0.1,0.1
1-2 дня,2026-08-15T22:29:33Z,2026-08-17T09:00:00Z,34.5,3.2,3.0,2.0,0.2,0.2
1-2 дня,2026-08-15T22:29:33Z,2026-08-17T12:00:00Z,37.5,2.6,3.0,1.0,-0.4,0.4
1-2 дня,2026-08-15T22:29:33Z,2026-08-17T15:00:00Z,40.5,2.8,1.0,1.0,1.8,1.8
1-2 дня,2026-08-15T22:29:33Z,2026-08-17T18:00:00Z,43.5,1.3,1.0,1.0,0.3,0.3
1-2 дня,2026-08-15T22:29:33Z,2026-08-17T21:00:00Z,46.5,1.3,0.0,1.0,1.3,1.3
1-2 дня,2026-08-16T04:29:41Z,2026-08-17T06:00:00Z,25.5,1.3,2.0,2.0,-0.7,0.7
1-2 дня,2026-08-16T04:29:41Z,2026-08-17T09:00:00Z,28.5,2.3,3.0,2.0,-0.7,0.7
1-2 дня,2026-08-16T04:29:41Z,2026-08-17T12:00:00Z,31.5,2.1,3.0,1.0,-0.9,0.9
1-2 дня,2026-08-16T04:29:41Z,2026-08-17T15:00:00Z,34.5,1.4,1.0,1.0,0.4,0.4
1-2 дня,2026-08-16T04:29:41Z,2026-08-17T18:00:00Z,37.5,2.0,1.0,1.0,1.0,1.0
1-2 дня,2026-08-16T04:29:41Z,2026-08-17T21:00:00Z,40.5,2.1,0.0,1.0,2.1,2.1
1-2 дня,2026-08-16T04:29:41Z,2026-08-18T00:00:00Z,43.5,2.0,1.0,1.0,1.0,1.0
1-2 дня,2026-08-16T04:29:41Z,2026-08-18T03:00:00Z,46.5,1.7,1.0,1.0,0.7,0.7
1-2 дня,2026-08-16T07:21:44Z,2026-08-17T09:00:00Z,25.6,2.3,3.0,2.0,-0.7,0.7
1-2 дня,2026-08-16T07:21:44Z,2026-08-17T12:00:00Z,28.6,2.1,3.0,1.0,-0.9,0.9
1-2 дня,2026-08-16T07:21:44Z,2026-08-17T15:00:00Z,31.6,1.4,1.0,1.0,0.4,0.4
1-2 дня,2026-08-16T07:21:44Z,2026-08-17T18:00:00Z,34.6,2.0,1.0,1.0,1.0,1.0
1-2 дня,2026-08-16T07:21:44Z,2026-08-17T21:00:00Z,37.6,2.1,0.0,1.0,2.1,2.1
1-2 дня,2026-08-16T07:21:44Z,2026-08-18T00:00:00Z,40.6,2.0,1.0,1.0,1.0,1.0
1-2 дня,2026-08-16T07:21:44Z,2026-08-18T03:00:00Z,43.6,1.7,1.0,1.0,0.7,0.7
1-2 дня,2026-08-16T07:21:44Z,2026-08-18T06:00:00Z,46.6,2.6,1.0,2.0,1.6,1.6
1-2 дня,2026-08-16T10:09:47Z,2026-08-17T12:00:00Z,25.8,2.8,3.0,1.0,-0.2,0.2
1-2 дня,2026-08-16T10:09:47Z,2026-08-17T15:00:00Z,28.8,2.8,1.0,1.0,1.8,1.8
1-2 дня,2026-08-16T10:09:47Z,2026-08-17T18:00:00Z,31.8,1.6,1.0,1.0,0.6,0.6
1-2 дня,2026-08-16T10:09:47Z,2026-08-17T21:00:00Z,34.8,1.8,0.0,1.0,1.8,1.8
1-2 дня,2026-08-16T10:09:47Z,2026-08-18T00:00:00Z,37.8,1.5,1.0,1.0,0.5,0.5
1-2 дня,2026-08-16T10:09:47Z,2026-08-18T03:00:00Z,40.8,1.1,1.0,1.0,0.1,0.1
1-2 дня,2026-08-16T10:09:47Z,2026-08-18T06:00:00Z,43.8,1.4,1.0,2.0,0.4,0.4
1-2 дня,2026-08-16T10:09:47Z,2026-08-18T09:00:00Z,46.8,1.3,1.0,3.0,0.3,0.3
1-2 дня,2026-08-16T16:21:00Z,2026-08-17T18:00:00Z,25.6,3.0,1.0,1.0,2.0,2.0
1-2 дня,2026-08-16T16:21:00Z,2026-08-17T21:00:00Z,28.6,1.3,0.0,1.0,1.3,1.3
1-2 дня,2026-08-16T16:21:00Z,2026-08-18T00:00:00Z,31.6,2.1,1.0,1.0,1.1,1.1
1-2 дня,2026-08-16T16:21:00Z,2026-08-18T03:00:00Z,34.6,1.3,1.0,1.0,0.3,0.3
1-2 дня,2026-08-16T16:21:00Z,2026-08-18T06:00:00Z,37.6,2.2,1.0,2.0,1.2,1.2
1-2 дня,2026-08-16T16:21:00Z,2026-08-18T09:00:00Z,40.6,2.6,1.0,3.0,1.6,1.6
1-2 дня,2026-08-16T16:21:00Z,2026-08-18T12:00:00Z,43.6,3.1,2.0,3.0,1.1,1.1
1-2 дня,2026-08-16T16:21:00Z,2026-08-18T15:00:00Z,46.6,3.8,2.0,1.0,1.8,1.8
1-2 дня,2026-08-16T22:29:34Z,2026-08-18T00:00:00Z,25.5,1.5,1.0,1.0,0.5,0.5
1-2 дня,2026-08-16T22:29:34Z,2026-08-18T03:00:00Z,28.5,1.4,1.0,1.0,0.4,0.4
1-2 дня,2026-08-16T22:29:34Z,2026-08-18T06:00:00Z,31.5,1.4,1.0,2.0,0.4,0.4
1-2 дня,2026-08-16T22:29:34Z,2026-08-18T09:00:00Z,34.5,1.6,1.0,3.0,0.6,0.6
1-2 дня,2026-08-16T22:29:34Z,2026-08-18T12:00:00Z,37.5,1.7,2.0,3.0,-0.3,0.3
1-2 дня,2026-08-16T22:29:34Z,2026-08-18T15:00:00Z,40.5,3.0,2.0,1.0,1.0,1.0
1-2 дня,2026-08-16T22:29:34Z,2026-08-18T18:00:00Z,43.5,2.6,1.0,1.0,1.6,1.6
1-2 дня,2026-08-16T22:29:34Z,2026-08-18T21:00:00Z,46.5,2.3,1.0,0.0,1.3,1.3
1-2 дня,2026-08-17T04:35:30Z,2026-08-18T06:00:00Z,25.4,1.2,1.0,2.0,0.2,0.2
1-2 дня,2026-08-17T04:35:30Z,2026-08-18T09:00:00Z,28.4,2.4,1.0,3.0,1.4,1.4
1-2 дня,2026-08-17T04:35:30Z,2026-08-18T12:00:00Z,31.4,2.6,2.0,3.0,0.6,0.6
1-2 дня,2026-08-17T04:35:30Z,2026-08-18T15:00:00Z,34.4,3.1,2.0,1.0,1.1,1.1
1-2 дня,2026-08-17T04:35:30Z,2026-08-18T18:00:00Z,37.4,2.4,1.0,1.0,1.4,1.4
1-2 дня,2026-08-17T04:35:30Z,2026-08-18T21:00:00Z,40.4,2.6,1.0,0.0,1.6,1.6
1-2 дня,2026-08-17T04:35:30Z,2026-08-19T00:00:00Z,43.4,2.8,1.0,1.0,1.8,1.8
1-2 дня,2026-08-17T04:35:30Z,2026-08-19T03:00:00Z,46.4,2.9,2.0,1.0,0.9,0.9
1-2 дня,2026-08-17T10:18:11Z,2026-08-18T12:00:00Z,25.7,2.9,2.0,3.0,0.9,0.9
1-2 дня,2026-08-17T10:18:11Z,2026-08-18T15:00:00Z,28.7,2.8,2.0,1.0,0.8,0.8
1-2 дня,2026-08-17T10:18:11Z,2026-08-18T18:00:00Z,31.7,2.7,1.0,1.0,1.7,1.7
1-2 дня,2026-08-17T10:18:11Z,2026-08-18T21:00:00Z,34.7,2.4,1.0,0.0,1.4,1.4
1-2 дня,2026-08-17T10:18:11Z,2026-08-19T00:00:00Z,37.7,2.5,1.0,1.0,1.5,1.5
1-2 дня,2026-08-17T10:18:11Z,2026-08-19T03:00:00Z,40.7,2.6,2.0,1.0,0.6,0.6
1-2 дня,2026-08-17T10:18:11Z,2026-08-19T06:00:00Z,43.7,3.6,3.0,1.0,0.6,0.6
1-2 дня,2026-08-17T10:18:11Z,2026-08-19T09:00:00Z,46.7,4.0,3.0,1.0,1.0,1.0
1-2 дня,2026-08-17T16:23:45Z,2026-08-18T18:00:00Z,25.6,2.7,1.0,1.0,1.7,1.7
1-2 дня,2026-08-17T16:23:45Z,2026-08-18T21:00:00Z,28.6,2.4,1.0,0.0,1.4,1.4
1-2 дня,2026-08-17T16:23:45Z,2026-08-19T00:00:00Z,31.6,2.5,1.0,1.0,1.5,1.5
1-2 дня,2026-08-17T16:23:45Z,2026-08-19T03:00:00Z,34.6,2.6,2.0,1.0,0.6,0.6
1-2 дня,2026-08-17T16:23:45Z,2026-08-19T06:00:00Z,37.6,3.6,3.0,1.0,0.6,0.6
1-2 дня,2026-08-17T16:23:45Z,2026-08-19T09:00:00Z,40.6,4.0,3.0,1.0,1.0,1.0
1-2 дня,2026-08-17T16:23:45Z,2026-08-19T12:00:00Z,43.6,3.8,3.0,2.0,0.8,0.8
1-2 дня,2026-08-17T16:23:45Z,2026-08-19T15:00:00Z,46.6,3.3,3.0,2.0,0.3,0.3
1-2 дня,2026-08-17T22:31:28Z,2026-08-19T00:00:00Z,25.5,2.5,1.0,1.0,1.5,1.5
1-2 дня,2026-08-17T22:31:28Z,2026-08-19T03:00:00Z,28.5,2.6,2.0,1.0,0.6,0.6
1-2 дня,2026-08-17T22:31:28Z,2026-08-19T06:00:00Z,31.5,3.6,3.0,1.0,0.6,0.6
1-2 дня,2026-08-17T22:31:28Z,2026-08-19T09:00:00Z,34.5,4.0,3.0,1.0,1.0,1.0
1-2 дня,2026-08-17T22:31:28Z,2026-08-19T12:00:00Z,37.5,3.8,3.0,2.0,0.8,0.8
1-2 дня,2026-08-17T22:31:28Z,2026-08-19T15:00:00Z,40.5,3.3,3.0,2.0,0.3,0.3
1-2 дня,2026-08-17T22:31:28Z,2026-08-19T18:00:00Z,43.5,3.1,3.0,1.0,0.1,0.1
1-2 дня,2026-08-17T22:31:28Z,2026-08-19T21:00:00Z,46.5,3.4,2.0,1.0,1.4,1.4
1-2 дня,2026-08-18T04:30:05Z,2026-08-19T06:00:00Z,25.5,3.6,3.0,1.0,0.6,0.6
1-2 дня,2026-08-18T04:30:05Z,2026-08-19T09:00:00Z,28.5,4.0,3.0,1.0,1.0,1.0
1-2 дня,2026-08-18T04:30:05Z,2026-08-19T12:00:00Z,31.5,3.8,3.0,2.0,0.8,0.8
1-2 дня,2026-08-18T04:30:05Z,2026-08-19T15:00:00Z,34.5,3.3,3.0,2.0,0.3,0.3
1-2 дня,2026-08-18T04:30:05Z,2026-08-19T18:00:00Z,37.5,3.1,3.0,1.0,0.1,0.1
1-2 дня,2026-08-18T04:30:05Z,2026-08-19T21:00:00Z,40.5,3.4,2.0,1.0,1.4,1.4
1-2 дня,2026-08-18T04:30:05Z,2026-08-20T00:00:00Z,43.5,4.6,2.0,1.0,2.6,2.6
1-2 дня,2026-08-18T04:30:05Z,2026-08-20T03:00:00Z,46.5,4.9,2.0,2.0,2.9,2.9
1-2 дня,2026-08-18T10:14:55Z,2026-08-19T12:00:00Z,25.8,4.3,3.0,2.0,1.3,1.3
1-2 дня,2026-08-18T10:14:55Z,2026-08-19T15:00:00Z,28.8,3.9,3.0,2.0,0.9,0.9
1-2 дня,2026-08-18T10:14:55Z,2026-08-19T18:00:00Z,31.8,4.8,3.0,1.0,1.8,1.8
1-2 дня,2026-08-18T10:14:55Z,2026-08-19T21:00:00Z,34.8,5.3,2.0,1.0,3.3,3.3
1-2 дня,2026-08-18T10:14:55Z,2026-08-20T00:00:00Z,37.8,5.2,2.0,1.0,3.2,3.2
1-2 дня,2026-08-18T10:14:55Z,2026-08-20T03:00:00Z,40.8,4.2,2.0,2.0,2.2,2.2
1-2 дня,2026-08-18T10:14:55Z,2026-08-20T06:00:00Z,43.8,5.7,2.0,3.0,3.7,3.7
1-2 дня,2026-08-18T10:14:55Z,2026-08-20T09:00:00Z,46.8,4.9,3.0,3.0,1.9,1.9
1-2 дня,2026-08-18T16:27:50Z,2026-08-19T18:00:00Z,25.5,4.3,3.0,1.0,1.3,1.3
1-2 дня,2026-08-18T16:27:50Z,2026-08-19T21:00:00Z,28.5,5.1,2.0,1.0,3.1,3.1
1-2 дня,2026-08-18T16:27:50Z,2026-08-20T00:00:00Z,31.5,5.4,2.0,1.0,3.4,3.4
1-2 дня,2026-08-18T16:27:50Z,2026-08-20T03:00:00Z,34.5,4.1,2.0,2.0,2.1,2.1
1-2 дня,2026-08-18T16:27:50Z,2026-08-20T06:00:00Z,37.5,4.8,2.0,3.0,2.8,2.8
1-2 дня,2026-08-18T16:27:50Z,2026-08-20T09:00:00Z,40.5,4.8,3.0,3.0,1.8,1.8
1-2 дня,2026-08-18T16:27:50Z,2026-08-20T12:00:00Z,43.5,3.8,5.0,3.0,-1.2,1.2
1-2 дня,2026-08-18T16:27:50Z,2026-08-20T15:00:00Z,46.5,5.1,3.0,3.0,2.1,2.1
1-2 дня,2026-08-18T22:31:39Z,2026-08-20T00:00:00Z,25.5,5.1,2.0,1.0,3.1,3.1
1-2 дня,2026-08-18T22:31:39Z,2026-08-20T03:00:00Z,28.5,3.9,2.0,2.0,1.9,1.9
1-2 дня,2026-08-18T22:31:39Z,2026-08-20T06:00:00Z,31.5,5.1,2.0,3.0,3.1,3.1
1-2 дня,2026-08-18T22:31:39Z,2026-08-20T09:00:00Z,34.5,5.0,3.0,3.0,2.0,2.0
1-2 дня,2026-08-18T22:31:39Z,2026-08-20T12:00:00Z,37.5,4.3,5.0,3.0,-0.7,0.7
1-2 дня,2026-08-18T22:31:39Z,2026-08-20T15:00:00Z,40.5,4.4,3.0,3.0,1.4,1.4
1-2 дня,2026-08-18T22:31:39Z,2026-08-20T18:00:00Z,43.5,5.1,3.0,3.0,2.1,2.1
1-2 дня,2026-08-18T22:31:39Z,2026-08-20T21:00:00Z,46.5,5.3,3.0,2.0,2.3,2.3
1-2 дня,2026-08-19T04:31:14Z,2026-08-20T06:00:00Z,25.5,5.2,2.0,3.0,3.2,3.2
1-2 дня,2026-08-19T04:31:14Z,2026-08-20T09:00:00Z,28.5,4.6,3.0,3.0,1.6,1.6
1-2 дня,2026-08-19T04:31:14Z,2026-08-20T12:00:00Z,31.5,4.7,5.0,3.0,-0.3,0.3
1-2 дня,2026-08-19T04:31:14Z,2026-08-20T15:00:00Z,34.5,5.4,3.0,3.0,2.4,2.4
1-2 дня,2026-08-19T04:31:14Z,2026-08-20T18:00:00Z,37.5,5.8,3.0,3.0,2.8,2.8
1-2 дня,2026-08-19T04:31:14Z,2026-08-20T21:00:00Z,40.5,5.2,3.0,2.0,2.2,2.2
1-2 дня,2026-08-19T04:31:14Z,2026-08-21T00:00:00Z,43.5,4.8,3.0,2.0,1.8,1.8
1-2 дня,2026-08-19T04:31:14Z,2026-08-21T03:00:00Z,46.5,4.5,3.0,2.0,1.5,1.5
1-2 дня,2026-08-19T10:14:48Z,2026-08-20T12:00:00Z,25.8,5.3,5.0,3.0,0.3,0.3
1-2 дня,2026-08-19T10:14:48Z,2026-08-20T15:00:00Z,28.8,6.3,3.0,3.0,3.3,3.3
1-2 дня,2026-08-19T10:14:48Z,2026-08-20T18:00:00Z,31.8,5.6,3.0,3.0,2.6,2.6
1-2 дня,2026-08-19T10:14:48Z,2026-08-20T21:00:00Z,34.8,4.6,3.0,2.0,1.6,1.6
1-2 дня,2026-08-19T10:14:48Z,2026-08-21T00:00:00Z,37.8,3.8,3.0,2.0,0.8,0.8
1-2 дня,2026-08-19T10:14:48Z,2026-08-21T03:00:00Z,40.8,3.1,3.0,2.0,0.1,0.1
1-2 дня,2026-08-19T10:14:48Z,2026-08-21T06:00:00Z,43.8,3.4,3.0,2.0,0.4,0.4
1-2 дня,2026-08-19T10:14:48Z,2026-08-21T09:00:00Z,46.8,3.8,4.0,3.0,-0.2,0.2
1-2 дня,2026-08-19T16:28:17Z,2026-08-20T18:00:00Z,25.5,6.0,3.0,3.0,3.0,3.0
1-2 дня,2026-08-19T16:28:17Z,2026-08-20T21:00:00Z,28.5,4.6,3.0,2.0,1.6,1.6
1-2 дня,2026-08-19T16:28:17Z,2026-08-21T00:00:00Z,31.5,4.8,3.0,2.0,1.8,1.8
1-2 дня,2026-08-19T16:28:17Z,2026-08-21T03:00:00Z,34.5,4.1,3.0,2.0,1.1,1.1
1-2 дня,2026-08-19T16:28:17Z,2026-08-21T06:00:00Z,37.5,4.1,3.0,2.0,1.1,1.1
1-2 дня,2026-08-19T16:28:17Z,2026-08-21T09:00:00Z,40.5,4.1,4.0,3.0,0.1,0.1
1-2 дня,2026-08-19T16:28:17Z,2026-08-21T12:00:00Z,43.5,3.5,3.0,5.0,0.5,0.5
1-2 дня,2026-08-19T16:28:17Z,2026-08-21T15:00:00Z,46.5,2.3,2.0,3.0,0.3,0.3
1-2 дня,2026-08-20T04:31:56Z,2026-08-21T06:00:00Z,25.5,4.6,3.0,2.0,1.6,1.6
1-2 дня,2026-08-20T04:31:56Z,2026-08-21T09:00:00Z,28.5,4.8,4.0,3.0,0.8,0.8
1-2 дня,2026-08-20T04:31:56Z,2026-08-21T12:00:00Z,31.5,3.3,3.0,5.0,0.3,0.3
1-2 дня,2026-08-20T04:31:56Z,2026-08-21T15:00:00Z,34.5,3.7,2.0,3.0,1.7,1.7
1-2 дня,2026-08-20T04:31:56Z,2026-08-21T18:00:00Z,37.5,2.6,2.0,3.0,0.6,0.6
1-2 дня,2026-08-20T04:31:56Z,2026-08-21T21:00:00Z,40.5,3.3,2.0,3.0,1.3,1.3
1-2 дня,2026-08-20T04:31:56Z,2026-08-22T00:00:00Z,43.5,3.1,2.0,3.0,1.1,1.1
1-2 дня,2026-08-20T04:31:56Z,2026-08-22T03:00:00Z,46.5,3.0,2.0,3.0,1.0,1.0
1-2 дня,2026-08-20T10:16:10Z,2026-08-21T12:00:00Z,25.7,4.3,3.0,5.0,1.3,1.3
1-2 дня,2026-08-20T10:16:10Z,2026-08-21T15:00:00Z,28.7,4.3,2.0,3.0,2.3,2.3
1-2 дня,2026-08-20T10:16:10Z,2026-08-21T18:00:00Z,31.7,4.0,2.0,3.0,2.0,2.0
1-2 дня,2026-08-20T10:16:10Z,2026-08-21T21:00:00Z,34.7,3.3,2.0,3.0,1.3,1.3
1-2 дня,2026-08-20T10:16:10Z,2026-08-22T00:00:00Z,37.7,3.6,2.0,3.0,1.6,1.6
1-2 дня,2026-08-20T10:16:10Z,2026-08-22T03:00:00Z,40.7,2.9,2.0,3.0,0.9,0.9
1-2 дня,2026-08-20T10:16:10Z,2026-08-22T06:00:00Z,43.7,3.5,3.0,3.0,0.5,0.5
1-2 дня,2026-08-20T10:16:10Z,2026-08-22T09:00:00Z,46.7,3.6,1.0,4.0,2.6,2.6
1-2 дня,2026-08-20T16:31:45Z,2026-08-21T18:00:00Z,25.5,3.8,2.0,3.0,1.8,1.8
1-2 дня,2026-08-20T16:31:45Z,2026-08-21T21:00:00Z,28.5,3.3,2.0,3.0,1.3,1.3
1-2 дня,2026-08-20T16:31:45Z,2026-08-22T00:00:00Z,31.5,3.4,2.0,3.0,1.4,1.4
1-2 дня,2026-08-20T16:31:45Z,2026-08-22T03:00:00Z,34.5,3.2,2.0,3.0,1.2,1.2
1-2 дня,2026-08-20T16:31:45Z,2026-08-22T06:00:00Z,37.5,3.4,3.0,3.0,0.4,0.4
1-2 дня,2026-08-20T16:31:45Z,2026-08-22T09:00:00Z,40.5,3.6,1.0,4.0,2.6,2.6
1-2 дня,2026-08-20T16:31:45Z,2026-08-22T12:00:00Z,43.5,2.9,2.0,3.0,0.9,0.9
1-2 дня,2026-08-20T16:31:45Z,2026-08-22T15:00:00Z,46.5,1.9,2.0,2.0,-0.1,0.1
1-2 дня,2026-08-20T22:34:58Z,2026-08-22T00:00:00Z,25.4,2.7,2.0,3.0,0.7,0.7
1-2 дня,2026-08-20T22:34:58Z,2026-08-22T03:00:00Z,28.4,3.1,2.0,3.0,1.1,1.1
1-2 дня,2026-08-20T22:34:58Z,2026-08-22T06:00:00Z,31.4,3.9,3.0,3.0,0.9,0.9
1-2 дня,2026-08-20T22:34:58Z,2026-08-22T09:00:00Z,34.4,3.6,1.0,4.0,2.6,2.6
1-2 дня,2026-08-20T22:34:58Z,2026-08-22T12:00:00Z,37.4,3.5,2.0,3.0,1.5,1.5
1-2 дня,2026-08-20T22:34:58Z,2026-08-22T15:00:00Z,40.4,2.6,2.0,2.0,0.6,0.6
1-2 дня,2026-08-20T22:34:58Z,2026-08-22T18:00:00Z,43.4,0.5,0.0,2.0,0.5,0.5
1-2 дня,2026-08-20T22:34:58Z,2026-08-22T21:00:00Z,46.4,1.6,0.0,2.0,1.6,1.6
1-2 дня,2026-08-21T04:32:20Z,2026-08-22T06:00:00Z,25.5,3.9,3.0,3.0,0.9,0.9
1-2 дня,2026-08-21T04:32:20Z,2026-08-22T09:00:00Z,28.5,3.7,1.0,4.0,2.7,2.7
1-2 дня,2026-08-21T04:32:20Z,2026-08-22T12:00:00Z,31.5,4.0,2.0,3.0,2.0,2.0
1-2 дня,2026-08-21T04:32:20Z,2026-08-22T15:00:00Z,34.5,2.7,2.0,2.0,0.7,0.7
1-2 дня,2026-08-21T04:32:20Z,2026-08-22T18:00:00Z,37.5,1.4,0.0,2.0,1.4,1.4
1-2 дня,2026-08-21T04:32:20Z,2026-08-22T21:00:00Z,40.5,0.8,0.0,2.0,0.8,0.8
1-2 дня,2026-08-21T04:32:20Z,2026-08-23T00:00:00Z,43.5,1.3,1.0,2.0,0.3,0.3
1-2 дня,2026-08-21T04:32:20Z,2026-08-23T03:00:00Z,46.5,1.8,1.0,2.0,0.8,0.8
1-2 дня,2026-08-21T10:16:50Z,2026-08-22T12:00:00Z,25.7,3.3,2.0,3.0,1.3,1.3
1-2 дня,2026-08-21T10:16:50Z,2026-08-22T15:00:00Z,28.7,2.6,2.0,2.0,0.6,0.6
1-2 дня,2026-08-21T10:16:50Z,2026-08-22T18:00:00Z,31.7,1.0,0.0,2.0,1.0,1.0
1-2 дня,2026-08-21T10:16:50Z,2026-08-22T21:00:00Z,34.7,1.0,0.0,2.0,1.0,1.0
1-2 дня,2026-08-21T10:16:50Z,2026-08-23T00:00:00Z,37.7,1.5,1.0,2.0,0.5,0.5
1-2 дня,2026-08-21T10:16:50Z,2026-08-23T03:00:00Z,40.7,2.3,1.0,2.0,1.3,1.3
1-2 дня,2026-08-21T10:16:50Z,2026-08-23T06:00:00Z,43.7,3.1,2.0,3.0,1.1,1.1
1-2 дня,2026-08-21T10:16:50Z,2026-08-23T09:00:00Z,46.7,4.3,3.0,1.0,1.3,1.3
1-2 дня,2026-08-21T16:30:34Z,2026-08-22T18:00:00Z,25.5,1.0,0.0,2.0,1.0,1.0
1-2 дня,2026-08-21T16:30:34Z,2026-08-22T21:00:00Z,28.5,1.0,0.0,2.0,1.0,1.0
1-2 дня,2026-08-21T16:30:34Z,2026-08-23T00:00:00Z,31.5,1.4,1.0,2.0,0.4,0.4
1-2 дня,2026-08-21T16:30:34Z,2026-08-23T03:00:00Z,34.5,2.1,1.0,2.0,1.1,1.1
1-2 дня,2026-08-21T16:30:34Z,2026-08-23T06:00:00Z,37.5,2.9,2.0,3.0,0.9,0.9
1-2 дня,2026-08-21T16:30:34Z,2026-08-23T09:00:00Z,40.5,4.1,3.0,1.0,1.1,1.1
1-2 дня,2026-08-21T16:30:34Z,2026-08-23T12:00:00Z,43.5,4.3,2.0,2.0,2.3,2.3
1-2 дня,2026-08-21T16:30:34Z,2026-08-23T15:00:00Z,46.5,4.9,2.0,2.0,2.9,2.9
1-2 дня,2026-08-21T22:32:12Z,2026-08-23T00:00:00Z,25.5,1.4,1.0,2.0,0.4,0.4
1-2 дня,2026-08-21T22:32:12Z,2026-08-23T03:00:00Z,28.5,2.1,1.0,2.0,1.1,1.1
1-2 дня,2026-08-21T22:32:12Z,2026-08-23T06:00:00Z,31.5,2.6,2.0,3.0,0.6,0.6
1-2 дня,2026-08-21T22:32:12Z,2026-08-23T09:00:00Z,34.5,3.9,3.0,1.0,0.9,0.9
1-2 дня,2026-08-21T22:32:12Z,2026-08-23T12:00:00Z,37.5,4.6,2.0,2.0,2.6,2.6
1-2 дня,2026-08-21T22:32:12Z,2026-08-23T15:00:00Z,40.5,5.0,2.0,2.0,3.0,3.0
1-2 дня,2026-08-21T22:32:12Z,2026-08-23T18:00:00Z,43.5,4.4,2.0,0.0,2.4,2.4
1-2 дня,2026-08-21T22:32:12Z,2026-08-23T21:00:00Z,46.5,3.9,1.0,0.0,2.9,2.9
1-2 дня,2026-08-22T04:26:43Z,2026-08-23T06:00:00Z,25.6,2.6,2.0,3.0,0.6,0.6
1-2 дня,2026-08-22T04:26:43Z,2026-08-23T09:00:00Z,28.6,3.6,3.0,1.0,0.6,0.6
1-2 дня,2026-08-22T04:26:43Z,2026-08-23T12:00:00Z,31.6,4.1,2.0,2.0,2.1,2.1
1-2 дня,2026-08-22T04:26:43Z,2026-08-23T15:00:00Z,34.6,4.7,2.0,2.0,2.7,2.7
1-2 дня,2026-08-22T04:26:43Z,2026-08-23T18:00:00Z,37.6,4.6,2.0,0.0,2.6,2.6
1-2 дня,2026-08-22T04:26:43Z,2026-08-23T21:00:00Z,40.6,3.9,1.0,0.0,2.9,2.9
1-2 дня,2026-08-22T04:26:43Z,2026-08-24T00:00:00Z,43.6,2.6,2.0,1.0,0.6,0.6
1-2 дня,2026-08-22T04:26:43Z,2026-08-24T03:00:00Z,46.6,2.8,1.0,1.0,1.8,1.8
1-2 дня,2026-08-22T10:09:41Z,2026-08-23T12:00:00Z,25.8,4.3,2.0,2.0,2.3,2.3
1-2 дня,2026-08-22T10:09:41Z,2026-08-23T15:00:00Z,28.8,4.3,2.0,2.0,2.3,2.3
1-2 дня,2026-08-22T10:09:41Z,2026-08-23T18:00:00Z,31.8,4.3,2.0,0.0,2.3,2.3
1-2 дня,2026-08-22T10:09:41Z,2026-08-23T21:00:00Z,34.8,3.4,1.0,0.0,2.4,2.4
1-2 дня,2026-08-22T10:09:41Z,2026-08-24T00:00:00Z,37.8,3.4,2.0,1.0,1.4,1.4
1-2 дня,2026-08-22T10:09:41Z,2026-08-24T03:00:00Z,40.8,3.1,1.0,1.0,2.1,2.1
1-2 дня,2026-08-22T10:09:41Z,2026-08-24T06:00:00Z,43.8,2.9,1.0,2.0,1.9,1.9
1-2 дня,2026-08-22T10:09:41Z,2026-08-24T09:00:00Z,46.8,2.8,1.0,3.0,1.8,1.8
1-2 дня,2026-08-22T16:20:08Z,2026-08-23T18:00:00Z,25.7,4.4,2.0,0.0,2.4,2.4
1-2 дня,2026-08-22T16:20:08Z,2026-08-23T21:00:00Z,28.7,3.1,1.0,0.0,2.1,2.1
1-2 дня,2026-08-22T16:20:08Z,2026-08-24T00:00:00Z,31.7,3.0,2.0,1.0,1.0,1.0
1-2 дня,2026-08-22T16:20:08Z,2026-08-24T03:00:00Z,34.7,2.9,1.0,1.0,1.9,1.9
1-2 дня,2026-08-22T16:20:08Z,2026-08-24T06:00:00Z,37.7,3.0,1.0,2.0,2.0,2.0
1-2 дня,2026-08-22T16:20:08Z,2026-08-24T09:00:00Z,40.7,2.6,1.0,3.0,1.6,1.6
1-2 дня,2026-08-22T16:20:08Z,2026-08-24T12:00:00Z,43.7,1.8,2.0,2.0,-0.2,0.2
1-2 дня,2026-08-22T16:20:08Z,2026-08-24T15:00:00Z,46.7,2.1,1.0,2.0,1.1,1.1
1-2 дня,2026-08-22T22:29:28Z,2026-08-24T00:00:00Z,25.5,3.2,2.0,1.0,1.2,1.2
1-2 дня,2026-08-22T22:29:28Z,2026-08-24T03:00:00Z,28.5,2.9,1.0,1.0,1.9,1.9
1-2 дня,2026-08-22T22:29:28Z,2026-08-24T06:00:00Z,31.5,3.0,1.0,2.0,2.0,2.0
1-2 дня,2026-08-22T22:29:28Z,2026-08-24T09:00:00Z,34.5,2.6,1.0,3.0,1.6,1.6
1-2 дня,2026-08-22T22:29:28Z,2026-08-24T12:00:00Z,37.5,2.4,2.0,2.0,0.4,0.4
1-2 дня,2026-08-22T22:29:28Z,2026-08-24T15:00:00Z,40.5,2.3,1.0,2.0,1.3,1.3
1-2 дня,2026-08-22T22:29:28Z,2026-08-24T18:00:00Z,43.5,2.0,0.0,2.0,2.0,2.0
1-2 дня,2026-08-22T22:29:28Z,2026-08-24T21:00:00Z,46.5,2.4,1.0,1.0,1.4,1.4
1-2 дня,2026-08-23T04:31:06Z,2026-08-24T06:00:00Z,25.5,2.9,1.0,2.0,1.9,1.9
1-2 дня,2026-08-23T04:31:06Z,2026-08-24T09:00:00Z,28.5,2.6,1.0,3.0,1.6,1.6
1-2 дня,2026-08-23T04:31:06Z,2026-08-24T12:00:00Z,31.5,1.9,2.0,2.0,-0.1,0.1
1-2 дня,2026-08-23T04:31:06Z,2026-08-24T15:00:00Z,34.5,2.2,1.0,2.0,1.2,1.2
1-2 дня,2026-08-23T04:31:06Z,2026-08-24T18:00:00Z,37.5,2.1,0.0,2.0,2.1,2.1
1-2 дня,2026-08-23T04:31:06Z,2026-08-24T21:00:00Z,40.5,2.4,1.0,1.0,1.4,1.4
1-2 дня,2026-08-23T04:31:06Z,2026-08-25T00:00:00Z,43.5,2.8,2.0,2.0,0.8,0.8
1-2 дня,2026-08-23T04:31:06Z,2026-08-25T03:00:00Z,46.5,3.3,2.0,1.0,1.3,1.3
1-2 дня,2026-08-23T10:10:14Z,2026-08-24T12:00:00Z,25.8,2.1,2.0,2.0,0.1,0.1
1-2 дня,2026-08-23T10:10:14Z,2026-08-24T15:00:00Z,28.8,1.9,1.0,2.0,0.9,0.9
1-2 дня,2026-08-23T10:10:14Z,2026-08-24T18:00:00Z,31.8,1.8,0.0,2.0,1.8,1.8
1-2 дня,2026-08-23T10:10:14Z,2026-08-24T21:00:00Z,34.8,2.4,1.0,1.0,1.4,1.4
1-2 дня,2026-08-23T10:10:14Z,2026-08-25T00:00:00Z,37.8,3.0,2.0,2.0,1.0,1.0
1-2 дня,2026-08-23T10:10:14Z,2026-08-25T03:00:00Z,40.8,3.7,2.0,1.0,1.7,1.7
1-2 дня,2026-08-23T10:10:14Z,2026-08-25T06:00:00Z,43.8,4.3,2.0,1.0,2.3,2.3
1-2 дня,2026-08-23T10:10:14Z,2026-08-25T09:00:00Z,46.8,4.8,3.0,1.0,1.8,1.8
1-2 дня,2026-08-23T16:21:17Z,2026-08-24T18:00:00Z,25.6,2.3,0.0,2.0,2.3,2.3
1-2 дня,2026-08-23T16:21:17Z,2026-08-24T21:00:00Z,28.6,2.6,1.0,1.0,1.6,1.6
1-2 дня,2026-08-23T16:21:17Z,2026-08-25T00:00:00Z,31.6,3.4,2.0,2.0,1.4,1.4
1-2 дня,2026-08-23T16:21:17Z,2026-08-25T03:00:00Z,34.6,3.8,2.0,1.0,1.8,1.8
1-2 дня,2026-08-23T16:21:17Z,2026-08-25T06:00:00Z,37.6,3.9,2.0,1.0,1.9,1.9
1-2 дня,2026-08-23T16:21:17Z,2026-08-25T09:00:00Z,40.6,4.4,3.0,1.0,1.4,1.4
1-2 дня,2026-08-23T16:21:17Z,2026-08-25T12:00:00Z,43.6,5.3,4.0,2.0,1.3,1.3
1-2 дня,2026-08-23T16:21:17Z,2026-08-25T15:00:00Z,46.6,4.9,3.0,1.0,1.9,1.9
1-2 дня,2026-08-23T22:29:36Z,2026-08-25T00:00:00Z,25.5,4.4,2.0,2.0,2.4,2.4
1-2 дня,2026-08-23T22:29:36Z,2026-08-25T03:00:00Z,28.5,3.9,2.0,1.0,1.9,1.9
1-2 дня,2026-08-23T22:29:36Z,2026-08-25T06:00:00Z,31.5,4.1,2.0,1.0,2.1,2.1
1-2 дня,2026-08-23T22:29:36Z,2026-08-25T09:00:00Z,34.5,4.9,3.0,1.0,1.9,1.9
1-2 дня,2026-08-23T22:29:36Z,2026-08-25T12:00:00Z,37.5,4.9,4.0,2.0,0.9,0.9
1-2 дня,2026-08-23T22:29:36Z,2026-08-25T15:00:00Z,40.5,5.0,3.0,1.0,2.0,2.0
1-2 дня,2026-08-23T22:29:36Z,2026-08-25T18:00:00Z,43.5,3.8,2.0,0.0,1.8,1.8
1-2 дня,2026-08-23T22:29:36Z,2026-08-25T21:00:00Z,46.5,3.3,1.0,1.0,2.3,2.3
1-2 дня,2026-08-24T04:38:48Z,2026-08-25T06:00:00Z,25.4,4.0,2.0,1.0,2.0,2.0
1-2 дня,2026-08-24T04:38:48Z,2026-08-25T09:00:00Z,28.4,4.6,3.0,1.0,1.6,1.6
1-2 дня,2026-08-24T04:38:48Z,2026-08-25T12:00:00Z,31.4,5.1,4.0,2.0,1.1,1.1
1-2 дня,2026-08-24T04:38:48Z,2026-08-25T15:00:00Z,34.4,4.5,3.0,1.0,1.5,1.5
1-2 дня,2026-08-24T04:38:48Z,2026-08-25T18:00:00Z,37.4,4.1,2.0,0.0,2.1,2.1
1-2 дня,2026-08-24T04:38:48Z,2026-08-25T21:00:00Z,40.4,2.9,1.0,1.0,1.9,1.9
1-2 дня,2026-08-24T04:38:48Z,2026-08-26T00:00:00Z,43.4,2.3,2.0,2.0,0.3,0.3
1-2 дня,2026-08-24T04:38:48Z,2026-08-26T03:00:00Z,46.4,0.7,1.0,2.0,-0.3,0.3
1-2 дня,2026-08-24T10:24:38Z,2026-08-25T12:00:00Z,25.6,4.8,4.0,2.0,0.8,0.8
1-2 дня,2026-08-24T10:24:38Z,2026-08-25T15:00:00Z,28.6,4.7,3.0,1.0,1.7,1.7
1-2 дня,2026-08-24T10:24:38Z,2026-08-25T18:00:00Z,31.6,4.1,2.0,0.0,2.1,2.1
1-2 дня,2026-08-24T10:24:38Z,2026-08-25T21:00:00Z,34.6,3.4,1.0,1.0,2.4,2.4
1-2 дня,2026-08-24T10:24:38Z,2026-08-26T00:00:00Z,37.6,2.4,2.0,2.0,0.4,0.4
1-2 дня,2026-08-24T10:24:38Z,2026-08-26T03:00:00Z,40.6,1.3,1.0,2.0,0.3,0.3
1-2 дня,2026-08-24T10:24:38Z,2026-08-26T06:00:00Z,43.6,2.8,1.0,2.0,1.8,1.8
1-2 дня,2026-08-24T10:24:38Z,2026-08-26T09:00:00Z,46.6,3.8,3.0,3.0,0.8,0.8
1-2 дня,2026-08-24T16:34:00Z,2026-08-25T18:00:00Z,25.4,3.9,2.0,0.0,1.9,1.9
1-2 дня,2026-08-24T16:34:00Z,2026-08-25T21:00:00Z,28.4,3.0,1.0,1.0,2.0,2.0
1-2 дня,2026-08-24T16:34:00Z,2026-08-26T00:00:00Z,31.4,2.4,2.0,2.0,0.4,0.4
1-2 дня,2026-08-24T16:34:00Z,2026-08-26T03:00:00Z,34.4,0.8,1.0,2.0,-0.2,0.2
1-2 дня,2026-08-24T16:34:00Z,2026-08-26T06:00:00Z,37.4,3.1,1.0,2.0,2.1,2.1
1-2 дня,2026-08-24T16:34:00Z,2026-08-26T09:00:00Z,40.4,4.4,3.0,3.0,1.4,1.4
1-2 дня,2026-08-24T16:34:00Z,2026-08-26T12:00:00Z,43.4,5.0,2.0,4.0,3.0,3.0
1-2 дня,2026-08-24T16:34:00Z,2026-08-26T15:00:00Z,46.4,4.0,2.0,3.0,2.0,2.0
1-2 дня,2026-08-24T22:34:40Z,2026-08-26T00:00:00Z,25.4,2.6,2.0,2.0,0.6,0.6
1-2 дня,2026-08-24T22:34:40Z,2026-08-26T03:00:00Z,28.4,1.2,1.0,2.0,0.2,0.2
1-2 дня,2026-08-24T22:34:40Z,2026-08-26T06:00:00Z,31.4,2.8,1.0,2.0,1.8,1.8
1-2 дня,2026-08-24T22:34:40Z,2026-08-26T09:00:00Z,34.4,4.3,3.0,3.0,1.3,1.3
1-2 дня,2026-08-24T22:34:40Z,2026-08-26T12:00:00Z,37.4,5.5,2.0,4.0,3.5,3.5
1-2 дня,2026-08-24T22:34:40Z,2026-08-26T15:00:00Z,40.4,3.9,2.0,3.0,1.9,1.9
1-2 дня,2026-08-24T22:34:40Z,2026-08-26T18:00:00Z,43.4,2.9,1.0,2.0,1.9,1.9
1-2 дня,2026-08-24T22:34:40Z,2026-08-26T21:00:00Z,46.4,2.5,1.0,1.0,1.5,1.5
1-2 дня,2026-08-25T04:33:15Z,2026-08-26T06:00:00Z,25.4,1.7,1.0,2.0,0.7,0.7
1-2 дня,2026-08-25T04:33:15Z,2026-08-26T09:00:00Z,28.4,3.9,3.0,3.0,0.9,0.9
1-2 дня,2026-08-25T04:33:15Z,2026-08-26T12:00:00Z,31.4,5.1,2.0,4.0,3.1,3.1
1-2 дня,2026-08-25T04:33:15Z,2026-08-26T15:00:00Z,34.4,3.9,2.0,3.0,1.9,1.9
1-2 дня,2026-08-25T04:33:15Z,2026-08-26T18:00:00Z,37.4,2.9,1.0,2.0,1.9,1.9
1-2 дня,2026-08-25T04:33:15Z,2026-08-26T21:00:00Z,40.4,2.1,1.0,1.0,1.1,1.1
1-2 дня,2026-08-25T04:33:15Z,2026-08-27T00:00:00Z,43.4,2.9,1.0,2.0,1.9,1.9
1-2 дня,2026-08-25T04:33:15Z,2026-08-27T03:00:00Z,46.4,2.8,0.0,1.0,2.8,2.8
1-2 дня,2026-08-25T10:18:20Z,2026-08-26T12:00:00Z,25.7,5.1,2.0,4.0,3.1,3.1
1-2 дня,2026-08-25T10:18:20Z,2026-08-26T15:00:00Z,28.7,3.8,2.0,3.0,1.8,1.8
1-2 дня,2026-08-25T10:18:20Z,2026-08-26T18:00:00Z,31.7,3.0,1.0,2.0,2.0,2.0
1-2 дня,2026-08-25T10:18:20Z,2026-08-26T21:00:00Z,34.7,2.3,1.0,1.0,1.3,1.3
1-2 дня,2026-08-25T10:18:20Z,2026-08-27T00:00:00Z,37.7,2.6,1.0,2.0,1.6,1.6
1-2 дня,2026-08-25T10:18:20Z,2026-08-27T03:00:00Z,40.7,2.6,0.0,1.0,2.6,2.6
1-2 дня,2026-08-25T10:18:20Z,2026-08-27T06:00:00Z,43.7,4.4,3.0,1.0,1.4,1.4
1-2 дня,2026-08-25T10:18:20Z,2026-08-27T09:00:00Z,46.7,5.6,4.0,3.0,1.6,1.6
1-2 дня,2026-08-25T16:33:53Z,2026-08-26T18:00:00Z,25.4,2.8,1.0,2.0,1.8,1.8
1-2 дня,2026-08-25T16:33:53Z,2026-08-26T21:00:00Z,28.4,2.0,1.0,1.0,1.0,1.0
1-2 дня,2026-08-25T16:33:53Z,2026-08-27T00:00:00Z,31.4,1.5,1.0,2.0,0.5,0.5
1-2 дня,2026-08-25T16:33:53Z,2026-08-27T03:00:00Z,34.4,2.2,0.0,1.0,2.2,2.2
1-2 дня,2026-08-25T16:33:53Z,2026-08-27T06:00:00Z,37.4,4.3,3.0,1.0,1.3,1.3
1-2 дня,2026-08-25T16:33:53Z,2026-08-27T09:00:00Z,40.4,5.2,4.0,3.0,1.2,1.2
1-2 дня,2026-08-25T16:33:53Z,2026-08-27T12:00:00Z,43.4,5.6,4.0,2.0,1.6,1.6
1-2 дня,2026-08-25T16:33:53Z,2026-08-27T15:00:00Z,46.4,4.4,3.0,2.0,1.4,1.4
1-2 дня,2026-08-25T22:34:48Z,2026-08-27T00:00:00Z,25.4,2.1,1.0,2.0,1.1,1.1
1-2 дня,2026-08-25T22:34:48Z,2026-08-27T03:00:00Z,28.4,2.2,0.0,1.0,2.2,2.2
1-2 дня,2026-08-25T22:34:48Z,2026-08-27T06:00:00Z,31.4,3.8,3.0,1.0,0.8,0.8
1-2 дня,2026-08-25T22:34:48Z,2026-08-27T09:00:00Z,34.4,5.8,4.0,3.0,1.8,1.8
1-2 дня,2026-08-25T22:34:48Z,2026-08-27T12:00:00Z,37.4,5.6,4.0,2.0,1.6,1.6
1-2 дня,2026-08-25T22:34:48Z,2026-08-27T15:00:00Z,40.4,4.6,3.0,2.0,1.6,1.6
1-2 дня,2026-08-25T22:34:48Z,2026-08-27T18:00:00Z,43.4,3.3,2.0,1.0,1.3,1.3
1-2 дня,2026-08-25T22:34:48Z,2026-08-27T21:00:00Z,46.4,3.5,2.0,1.0,1.5,1.5
1-2 дня,2026-08-26T04:34:15Z,2026-08-27T06:00:00Z,25.4,4.4,3.0,1.0,1.4,1.4
1-2 дня,2026-08-26T04:34:15Z,2026-08-27T09:00:00Z,28.4,5.9,4.0,3.0,1.9,1.9
1-2 дня,2026-08-26T04:34:15Z,2026-08-27T12:00:00Z,31.4,5.6,4.0,2.0,1.6,1.6
1-2 дня,2026-08-26T04:34:15Z,2026-08-27T15:00:00Z,34.4,4.8,3.0,2.0,1.8,1.8
1-2 дня,2026-08-26T04:34:15Z,2026-08-27T18:00:00Z,37.4,3.3,2.0,1.0,1.3,1.3
1-2 дня,2026-08-26T04:34:15Z,2026-08-27T21:00:00Z,40.4,3.4,2.0,1.0,1.4,1.4
1-2 дня,2026-08-26T04:34:15Z,2026-08-28T00:00:00Z,43.4,3.9,3.0,1.0,0.9,0.9
1-2 дня,2026-08-26T04:34:15Z,2026-08-28T03:00:00Z,46.4,4.0,2.0,0.0,2.0,2.0
1-2 дня,2026-08-26T10:21:58Z,2026-08-27T12:00:00Z,25.6,5.3,4.0,2.0,1.3,1.3
1-2 дня,2026-08-26T10:21:58Z,2026-08-27T15:00:00Z,28.6,4.8,3.0,2.0,1.8,1.8
1-2 дня,2026-08-26T10:21:58Z,2026-08-27T18:00:00Z,31.6,3.6,2.0,1.0,1.6,1.6
1-2 дня,2026-08-26T10:21:58Z,2026-08-27T21:00:00Z,34.6,3.4,2.0,1.0,1.4,1.4
1-2 дня,2026-08-26T10:21:58Z,2026-08-28T00:00:00Z,37.6,3.4,3.0,1.0,0.4,0.4
1-2 дня,2026-08-26T10:21:58Z,2026-08-28T03:00:00Z,40.6,3.7,2.0,0.0,1.7,1.7
1-2 дня,2026-08-26T10:21:58Z,2026-08-28T06:00:00Z,43.6,5.1,4.0,3.0,1.1,1.1
1-2 дня,2026-08-26T10:21:58Z,2026-08-28T09:00:00Z,46.6,5.6,5.0,4.0,0.6,0.6
1-2 дня,2026-08-26T16:46:17Z,2026-08-27T18:00:00Z,25.2,3.3,2.0,1.0,1.3,1.3
1-2 дня,2026-08-26T16:46:17Z,2026-08-27T21:00:00Z,28.2,3.2,2.0,1.0,1.2,1.2
1-2 дня,2026-08-26T16:46:17Z,2026-08-28T00:00:00Z,31.2,3.4,3.0,1.0,0.4,0.4
1-2 дня,2026-08-26T16:46:17Z,2026-08-28T03:00:00Z,34.2,3.6,2.0,0.0,1.6,1.6
1-2 дня,2026-08-26T16:46:17Z,2026-08-28T06:00:00Z,37.2,5.5,4.0,3.0,1.5,1.5
1-2 дня,2026-08-26T16:46:17Z,2026-08-28T09:00:00Z,40.2,5.6,5.0,4.0,0.6,0.6
1-2 дня,2026-08-26T16:46:17Z,2026-08-28T12:00:00Z,43.2,5.3,4.0,4.0,1.3,1.3
1-2 дня,2026-08-26T16:46:17Z,2026-08-28T15:00:00Z,46.2,4.5,3.0,3.0,1.5,1.5
1-2 дня,2026-08-27T03:02:51Z,2026-08-28T06:00:00Z,27.0,6.2,4.0,3.0,2.2,2.2
1-2 дня,2026-08-27T03:02:51Z,2026-08-28T09:00:00Z,30.0,6.5,5.0,4.0,1.5,1.5
1-2 дня,2026-08-27T03:02:51Z,2026-08-28T12:00:00Z,33.0,5.9,4.0,4.0,1.9,1.9
1-2 дня,2026-08-27T03:02:51Z,2026-08-28T15:00:00Z,36.0,5.0,3.0,3.0,2.0,2.0
1-2 дня,2026-08-27T03:02:51Z,2026-08-28T18:00:00Z,39.0,3.3,0.0,2.0,3.3,3.3
1-2 дня,2026-08-27T03:02:51Z,2026-08-28T21:00:00Z,42.0,1.6,0.0,2.0,1.6,1.6
1-2 дня,2026-08-27T14:55:44Z,2026-08-28T15:00:00Z,24.1,4.8,3.0,3.0,1.8,1.8
1-2 дня,2026-08-27T14:55:44Z,2026-08-28T18:00:00Z,27.1,3.6,0.0,2.0,3.6,3.6
1-2 дня,2026-08-27T14:55:44Z,2026-08-28T21:00:00Z,30.1,2.1,0.0,2.0,2.1,2.1
1-2 дня,2026-08-27T20:01:22Z,2026-08-28T21:00:00Z,25.0,2.4,0.0,2.0,2.4,2.4
2-3 дня,2026-08-06T09:50:07Z,2026-08-08T12:00:00Z,50.2,2.1,2.0,1.0,0.1,0.1
2-3 дня,2026-08-06T09:50:07Z,2026-08-08T15:00:00Z,53.2,1.6,1.0,1.0,0.6,0.6
2-3 дня,2026-08-06T09:50:07Z,2026-08-08T18:00:00Z,56.2,2.3,1.0,1.0,1.3,1.3
2-3 дня,2026-08-06T09:50:07Z,2026-08-08T21:00:00Z,59.2,2.4,2.0,1.0,0.4,0.4
2-3 дня,2026-08-06T09:50:07Z,2026-08-09T00:00:00Z,62.2,2.3,2.0,1.0,0.3,0.3
2-3 дня,2026-08-06T09:50:07Z,2026-08-09T03:00:00Z,65.2,2.1,2.0,1.0,0.1,0.1
2-3 дня,2026-08-06T09:50:07Z,2026-08-09T06:00:00Z,68.2,2.3,2.0,1.0,0.3,0.3
2-3 дня,2026-08-06T09:50:07Z,2026-08-09T09:00:00Z,71.2,3.3,3.0,1.0,0.3,0.3
2-3 дня,2026-08-06T09:59:18Z,2026-08-08T12:00:00Z,50.0,2.1,2.0,1.0,0.1,0.1
2-3 дня,2026-08-06T09:59:18Z,2026-08-08T15:00:00Z,53.0,1.6,1.0,1.0,0.6,0.6
2-3 дня,2026-08-06T09:59:18Z,2026-08-08T18:00:00Z,56.0,2.3,1.0,1.0,1.3,1.3
2-3 дня,2026-08-06T09:59:18Z,2026-08-08T21:00:00Z,59.0,2.4,2.0,1.0,0.4,0.4
2-3 дня,2026-08-06T09:59:18Z,2026-08-09T00:00:00Z,62.0,2.3,2.0,1.0,0.3,0.3
2-3 дня,2026-08-06T09:59:18Z,2026-08-09T03:00:00Z,65.0,2.1,2.0,1.0,0.1,0.1
2-3 дня,2026-08-06T09:59:18Z,2026-08-09T06:00:00Z,68.0,2.3,2.0,1.0,0.3,0.3
2-3 дня,2026-08-06T09:59:18Z,2026-08-09T09:00:00Z,71.0,3.3,3.0,1.0,0.3,0.3
2-3 дня,2026-08-06T10:08:26Z,2026-08-08T12:00:00Z,49.9,2.1,2.0,1.0,0.1,0.1
2-3 дня,2026-08-06T10:08:26Z,2026-08-08T15:00:00Z,52.9,1.6,1.0,1.0,0.6,0.6
2-3 дня,2026-08-06T10:08:26Z,2026-08-08T18:00:00Z,55.9,2.3,1.0,1.0,1.3,1.3
2-3 дня,2026-08-06T10:08:26Z,2026-08-08T21:00:00Z,58.9,2.4,2.0,1.0,0.4,0.4
2-3 дня,2026-08-06T10:08:26Z,2026-08-09T00:00:00Z,61.9,2.3,2.0,1.0,0.3,0.3
2-3 дня,2026-08-06T10:08:26Z,2026-08-09T03:00:00Z,64.9,2.1,2.0,1.0,0.1,0.1
2-3 дня,2026-08-06T10:08:26Z,2026-08-09T06:00:00Z,67.9,2.3,2.0,1.0,0.3,0.3
2-3 дня,2026-08-06T10:08:26Z,2026-08-09T09:00:00Z,70.9,3.3,3.0,1.0,0.3,0.3
2-3 дня,2026-08-06T10:47:54Z,2026-08-08T12:00:00Z,49.2,2.1,2.0,1.0,0.1,0.1
2-3 дня,2026-08-06T10:47:54Z,2026-08-08T15:00:00Z,52.2,1.6,1.0,1.0,0.6,0.6
2-3 дня,2026-08-06T10:47:54Z,2026-08-08T18:00:00Z,55.2,2.3,1.0,1.0,1.3,1.3
2-3 дня,2026-08-06T10:47:54Z,2026-08-08T21:00:00Z,58.2,2.4,2.0,1.0,0.4,0.4
2-3 дня,2026-08-06T10:47:54Z,2026-08-09T00:00:00Z,61.2,2.3,2.0,1.0,0.3,0.3
2-3 дня,2026-08-06T10:47:54Z,2026-08-09T03:00:00Z,64.2,2.1,2.0,1.0,0.1,0.1
2-3 дня,2026-08-06T10:47:54Z,2026-08-09T06:00:00Z,67.2,2.3,2.0,1.0,0.3,0.3
2-3 дня,2026-08-06T10:47:54Z,2026-08-09T09:00:00Z,70.2,3.3,3.0,1.0,0.3,0.3
2-3 дня,2026-08-06T11:30:42Z,2026-08-08T12:00:00Z,48.5,2.1,2.0,1.0,0.1,0.1
2-3 дня,2026-08-06T11:30:42Z,2026-08-08T15:00:00Z,51.5,1.6,1.0,1.0,0.6,0.6
2-3 дня,2026-08-06T11:30:42Z,2026-08-08T18:00:00Z,54.5,2.3,1.0,1.0,1.3,1.3
2-3 дня,2026-08-06T11:30:42Z,2026-08-08T21:00:00Z,57.5,2.4,2.0,1.0,0.4,0.4
2-3 дня,2026-08-06T11:30:42Z,2026-08-09T00:00:00Z,60.5,2.3,2.0,1.0,0.3,0.3
2-3 дня,2026-08-06T11:30:42Z,2026-08-09T03:00:00Z,63.5,2.1,2.0,1.0,0.1,0.1
2-3 дня,2026-08-06T11:30:42Z,2026-08-09T06:00:00Z,66.5,2.3,2.0,1.0,0.3,0.3
2-3 дня,2026-08-06T11:30:42Z,2026-08-09T09:00:00Z,69.5,3.3,3.0,1.0,0.3,0.3
2-3 дня,2026-08-06T11:36:01Z,2026-08-08T12:00:00Z,48.4,2.1,2.0,1.0,0.1,0.1
2-3 дня,2026-08-06T11:36:01Z,2026-08-08T15:00:00Z,51.4,1.6,1.0,1.0,0.6,0.6
2-3 дня,2026-08-06T11:36:01Z,2026-08-08T18:00:00Z,54.4,2.3,1.0,1.0,1.3,1.3
2-3 дня,2026-08-06T11:36:01Z,2026-08-08T21:00:00Z,57.4,2.4,2.0,1.0,0.4,0.4
2-3 дня,2026-08-06T11:36:01Z,2026-08-09T00:00:00Z,60.4,2.3,2.0,1.0,0.3,0.3
2-3 дня,2026-08-06T11:36:01Z,2026-08-09T03:00:00Z,63.4,2.1,2.0,1.0,0.1,0.1
2-3 дня,2026-08-06T11:36:01Z,2026-08-09T06:00:00Z,66.4,2.3,2.0,1.0,0.3,0.3
2-3 дня,2026-08-06T11:36:01Z,2026-08-09T09:00:00Z,69.4,3.3,3.0,1.0,0.3,0.3
2-3 дня,2026-08-06T11:44:08Z,2026-08-08T12:00:00Z,48.3,2.1,2.0,1.0,0.1,0.1
2-3 дня,2026-08-06T11:44:08Z,2026-08-08T15:00:00Z,51.3,1.6,1.0,1.0,0.6,0.6
2-3 дня,2026-08-06T11:44:08Z,2026-08-08T18:00:00Z,54.3,2.3,1.0,1.0,1.3,1.3
2-3 дня,2026-08-06T11:44:08Z,2026-08-08T21:00:00Z,57.3,2.4,2.0,1.0,0.4,0.4
2-3 дня,2026-08-06T11:44:08Z,2026-08-09T00:00:00Z,60.3,2.3,2.0,1.0,0.3,0.3
2-3 дня,2026-08-06T11:44:08Z,2026-08-09T03:00:00Z,63.3,2.1,2.0,1.0,0.1,0.1
2-3 дня,2026-08-06T11:44:08Z,2026-08-09T06:00:00Z,66.3,2.3,2.0,1.0,0.3,0.3
2-3 дня,2026-08-06T11:44:08Z,2026-08-09T09:00:00Z,69.3,3.3,3.0,1.0,0.3,0.3
2-3 дня,2026-08-07T01:31:32Z,2026-08-09T03:00:00Z,49.5,2.7,2.0,1.0,0.7,0.7
2-3 дня,2026-08-07T01:31:32Z,2026-08-09T06:00:00Z,52.5,3.2,2.0,1.0,1.2,1.2
2-3 дня,2026-08-07T01:31:32Z,2026-08-09T09:00:00Z,55.5,2.9,3.0,1.0,-0.1,0.1
2-3 дня,2026-08-07T01:31:32Z,2026-08-09T12:00:00Z,58.5,1.3,2.0,2.0,-0.7,0.7
2-3 дня,2026-08-07T01:31:32Z,2026-08-09T15:00:00Z,61.5,3.5,2.0,1.0,1.5,1.5
2-3 дня,2026-08-07T01:31:32Z,2026-08-09T18:00:00Z,64.5,4.7,0.0,1.0,4.7,4.7
2-3 дня,2026-08-07T01:31:32Z,2026-08-09T21:00:00Z,67.5,2.8,1.0,2.0,1.8,1.8
2-3 дня,2026-08-07T01:31:32Z,2026-08-10T00:00:00Z,70.5,2.1,1.0,2.0,1.1,1.1
2-3 дня,2026-08-07T05:36:00Z,2026-08-09T06:00:00Z,48.4,3.2,2.0,1.0,1.2,1.2
2-3 дня,2026-08-07T05:36:00Z,2026-08-09T09:00:00Z,51.4,2.9,3.0,1.0,-0.1,0.1
2-3 дня,2026-08-07T05:36:00Z,2026-08-09T12:00:00Z,54.4,1.3,2.0,2.0,-0.7,0.7
2-3 дня,2026-08-07T05:36:00Z,2026-08-09T15:00:00Z,57.4,3.5,2.0,1.0,1.5,1.5
2-3 дня,2026-08-07T05:36:00Z,2026-08-09T18:00:00Z,60.4,4.7,0.0,1.0,4.7,4.7
2-3 дня,2026-08-07T05:36:00Z,2026-08-09T21:00:00Z,63.4,2.8,1.0,2.0,1.8,1.8
2-3 дня,2026-08-07T05:36:00Z,2026-08-10T00:00:00Z,66.4,2.1,1.0,2.0,1.1,1.1
2-3 дня,2026-08-07T05:36:00Z,2026-08-10T03:00:00Z,69.4,2.9,2.0,2.0,0.9,0.9
2-3 дня,2026-08-07T06:18:59Z,2026-08-09T09:00:00Z,50.7,2.9,3.0,1.0,-0.1,0.1
2-3 дня,2026-08-07T06:18:59Z,2026-08-09T12:00:00Z,53.7,1.3,2.0,2.0,-0.7,0.7
2-3 дня,2026-08-07T06:18:59Z,2026-08-09T15:00:00Z,56.7,3.5,2.0,1.0,1.5,1.5
2-3 дня,2026-08-07T06:18:59Z,2026-08-09T18:00:00Z,59.7,4.7,0.0,1.0,4.7,4.7
2-3 дня,2026-08-07T06:18:59Z,2026-08-09T21:00:00Z,62.7,2.8,1.0,2.0,1.8,1.8
2-3 дня,2026-08-07T06:18:59Z,2026-08-10T00:00:00Z,65.7,2.1,1.0,2.0,1.1,1.1
2-3 дня,2026-08-07T06:18:59Z,2026-08-10T03:00:00Z,68.7,2.9,2.0,2.0,0.9,0.9
2-3 дня,2026-08-07T06:18:59Z,2026-08-10T06:00:00Z,71.7,3.7,3.0,2.0,0.7,0.7
2-3 дня,2026-08-07T07:13:52Z,2026-08-09T09:00:00Z,49.8,2.9,3.0,1.0,-0.1,0.1
2-3 дня,2026-08-07T07:13:52Z,2026-08-09T12:00:00Z,52.8,1.3,2.0,2.0,-0.7,0.7
2-3 дня,2026-08-07T07:13:52Z,2026-08-09T15:00:00Z,55.8,3.5,2.0,1.0,1.5,1.5
2-3 дня,2026-08-07T07:13:52Z,2026-08-09T18:00:00Z,58.8,4.7,0.0,1.0,4.7,4.7
2-3 дня,2026-08-07T07:13:52Z,2026-08-09T21:00:00Z,61.8,2.8,1.0,2.0,1.8,1.8
2-3 дня,2026-08-07T07:13:52Z,2026-08-10T00:00:00Z,64.8,2.1,1.0,2.0,1.1,1.1
2-3 дня,2026-08-07T07:13:52Z,2026-08-10T03:00:00Z,67.8,2.9,2.0,2.0,0.9,0.9
2-3 дня,2026-08-07T07:13:52Z,2026-08-10T06:00:00Z,70.8,3.7,3.0,2.0,0.7,0.7
2-3 дня,2026-08-07T10:39:14Z,2026-08-09T12:00:00Z,49.3,3.3,2.0,2.0,1.3,1.3
2-3 дня,2026-08-07T10:39:14Z,2026-08-09T15:00:00Z,52.3,2.7,2.0,1.0,0.7,0.7
2-3 дня,2026-08-07T10:39:14Z,2026-08-09T18:00:00Z,55.3,2.9,0.0,1.0,2.9,2.9
2-3 дня,2026-08-07T10:39:14Z,2026-08-09T21:00:00Z,58.3,1.9,1.0,2.0,0.9,0.9
2-3 дня,2026-08-07T10:39:14Z,2026-08-10T00:00:00Z,61.3,2.7,1.0,2.0,1.7,1.7
2-3 дня,2026-08-07T10:39:14Z,2026-08-10T03:00:00Z,64.3,3.3,2.0,2.0,1.3,1.3
2-3 дня,2026-08-07T10:39:14Z,2026-08-10T06:00:00Z,67.3,3.9,3.0,2.0,0.9,0.9
2-3 дня,2026-08-07T10:39:14Z,2026-08-10T09:00:00Z,70.3,4.6,3.0,3.0,1.6,1.6
2-3 дня,2026-08-07T16:51:54Z,2026-08-09T18:00:00Z,49.1,1.4,0.0,1.0,1.4,1.4
2-3 дня,2026-08-07T16:51:54Z,2026-08-09T21:00:00Z,52.1,1.9,1.0,2.0,0.9,0.9
2-3 дня,2026-08-07T16:51:54Z,2026-08-10T00:00:00Z,55.1,2.7,1.0,2.0,1.7,1.7
2-3 дня,2026-08-07T16:51:54Z,2026-08-10T03:00:00Z,58.1,3.3,2.0,2.0,1.3,1.3
2-3 дня,2026-08-07T16:51:54Z,2026-08-10T06:00:00Z,61.1,3.9,3.0,2.0,0.9,0.9
2-3 дня,2026-08-07T16:51:54Z,2026-08-10T09:00:00Z,64.1,4.6,3.0,3.0,1.6,1.6
2-3 дня,2026-08-07T16:51:54Z,2026-08-10T12:00:00Z,67.1,4.6,2.0,2.0,2.6,2.6
2-3 дня,2026-08-07T16:51:54Z,2026-08-10T15:00:00Z,70.1,4.1,2.0,2.0,2.1,2.1
2-3 дня,2026-08-07T22:45:57Z,2026-08-10T00:00:00Z,49.2,3.2,1.0,2.0,2.2,2.2
2-3 дня,2026-08-07T22:45:57Z,2026-08-10T03:00:00Z,52.2,3.3,2.0,2.0,1.3,1.3
2-3 дня,2026-08-07T22:45:57Z,2026-08-10T06:00:00Z,55.2,3.5,3.0,2.0,0.5,0.5
2-3 дня,2026-08-07T22:45:57Z,2026-08-10T09:00:00Z,58.2,4.2,3.0,3.0,1.2,1.2
2-3 дня,2026-08-07T22:45:57Z,2026-08-10T12:00:00Z,61.2,3.6,2.0,2.0,1.6,1.6
2-3 дня,2026-08-07T22:45:57Z,2026-08-10T15:00:00Z,64.2,3.3,2.0,2.0,1.3,1.3
2-3 дня,2026-08-07T22:45:57Z,2026-08-10T18:00:00Z,67.2,3.8,2.0,0.0,1.8,1.8
2-3 дня,2026-08-07T22:45:57Z,2026-08-10T21:00:00Z,70.2,4.3,2.0,1.0,2.3,2.3
2-3 дня,2026-08-07T23:19:23Z,2026-08-10T00:00:00Z,48.7,3.2,1.0,2.0,2.2,2.2
2-3 дня,2026-08-07T23:19:23Z,2026-08-10T03:00:00Z,51.7,3.3,2.0,2.0,1.3,1.3
2-3 дня,2026-08-07T23:19:23Z,2026-08-10T06:00:00Z,54.7,3.5,3.0,2.0,0.5,0.5
2-3 дня,2026-08-07T23:19:23Z,2026-08-10T09:00:00Z,57.7,4.2,3.0,3.0,1.2,1.2
2-3 дня,2026-08-07T23:19:23Z,2026-08-10T12:00:00Z,60.7,3.6,2.0,2.0,1.6,1.6
2-3 дня,2026-08-07T23:19:23Z,2026-08-10T15:00:00Z,63.7,3.3,2.0,2.0,1.3,1.3
2-3 дня,2026-08-07T23:19:23Z,2026-08-10T18:00:00Z,66.7,3.8,2.0,0.0,1.8,1.8
2-3 дня,2026-08-07T23:19:23Z,2026-08-10T21:00:00Z,69.7,4.3,2.0,1.0,2.3,2.3
2-3 дня,2026-08-08T04:50:53Z,2026-08-10T06:00:00Z,49.2,3.8,3.0,2.0,0.8,0.8
2-3 дня,2026-08-08T04:50:53Z,2026-08-10T09:00:00Z,52.2,4.2,3.0,3.0,1.2,1.2
2-3 дня,2026-08-08T04:50:53Z,2026-08-10T12:00:00Z,55.2,3.6,2.0,2.0,1.6,1.6
2-3 дня,2026-08-08T04:50:53Z,2026-08-10T15:00:00Z,58.2,3.3,2.0,2.0,1.3,1.3
2-3 дня,2026-08-08T04:50:53Z,2026-08-10T18:00:00Z,61.2,3.8,2.0,0.0,1.8,1.8
2-3 дня,2026-08-08T04:50:53Z,2026-08-10T21:00:00Z,64.2,4.3,2.0,1.0,2.3,2.3
2-3 дня,2026-08-08T04:50:53Z,2026-08-11T00:00:00Z,67.2,4.2,2.0,1.0,2.2,2.2
2-3 дня,2026-08-08T04:50:53Z,2026-08-11T03:00:00Z,70.2,4.3,2.0,2.0,2.3,2.3
2-3 дня,2026-08-08T10:18:13Z,2026-08-10T12:00:00Z,49.7,4.5,2.0,2.0,2.5,2.5
2-3 дня,2026-08-08T10:18:13Z,2026-08-10T15:00:00Z,52.7,3.2,2.0,2.0,1.2,1.2
2-3 дня,2026-08-08T10:18:13Z,2026-08-10T18:00:00Z,55.7,3.8,2.0,0.0,1.8,1.8
2-3 дня,2026-08-08T10:18:13Z,2026-08-10T21:00:00Z,58.7,4.1,2.0,1.0,2.1,2.1
2-3 дня,2026-08-08T10:18:13Z,2026-08-11T00:00:00Z,61.7,4.3,2.0,1.0,2.3,2.3
2-3 дня,2026-08-08T10:18:13Z,2026-08-11T03:00:00Z,64.7,4.3,2.0,2.0,2.3,2.3
2-3 дня,2026-08-08T10:18:13Z,2026-08-11T06:00:00Z,67.7,4.8,3.0,3.0,1.8,1.8
2-3 дня,2026-08-08T10:18:13Z,2026-08-11T09:00:00Z,70.7,6.2,4.0,3.0,2.2,2.2
2-3 дня,2026-08-08T22:37:20Z,2026-08-11T00:00:00Z,49.4,4.5,2.0,1.0,2.5,2.5
2-3 дня,2026-08-08T22:37:20Z,2026-08-11T03:00:00Z,52.4,4.8,2.0,2.0,2.8,2.8
2-3 дня,2026-08-08T22:37:20Z,2026-08-11T06:00:00Z,55.4,5.4,3.0,3.0,2.4,2.4
2-3 дня,2026-08-08T22:37:20Z,2026-08-11T09:00:00Z,58.4,5.7,4.0,3.0,1.7,1.7
2-3 дня,2026-08-08T22:37:20Z,2026-08-11T12:00:00Z,61.4,4.4,4.0,2.0,0.4,0.4
2-3 дня,2026-08-08T22:37:20Z,2026-08-11T15:00:00Z,64.4,3.3,4.0,2.0,-0.7,0.7
2-3 дня,2026-08-08T22:37:20Z,2026-08-11T18:00:00Z,67.4,1.5,2.0,2.0,-0.5,0.5
2-3 дня,2026-08-08T22:37:20Z,2026-08-11T21:00:00Z,70.4,0.9,1.0,2.0,-0.1,0.1
2-3 дня,2026-08-09T04:59:03Z,2026-08-11T06:00:00Z,49.0,5.4,3.0,3.0,2.4,2.4
2-3 дня,2026-08-09T04:59:03Z,2026-08-11T09:00:00Z,52.0,5.7,4.0,3.0,1.7,1.7
2-3 дня,2026-08-09T04:59:03Z,2026-08-11T12:00:00Z,55.0,4.4,4.0,2.0,0.4,0.4
2-3 дня,2026-08-09T04:59:03Z,2026-08-11T15:00:00Z,58.0,3.3,4.0,2.0,-0.7,0.7
2-3 дня,2026-08-09T04:59:03Z,2026-08-11T18:00:00Z,61.0,1.5,2.0,2.0,-0.5,0.5
2-3 дня,2026-08-09T04:59:03Z,2026-08-11T21:00:00Z,64.0,0.9,1.0,2.0,-0.1,0.1
2-3 дня,2026-08-09T04:59:03Z,2026-08-12T00:00:00Z,67.0,1.1,1.0,2.0,0.1,0.1
2-3 дня,2026-08-09T04:59:03Z,2026-08-12T03:00:00Z,70.0,3.1,1.0,2.0,2.1,2.1
2-3 дня,2026-08-09T10:19:29Z,2026-08-11T12:00:00Z,49.7,4.4,4.0,2.0,0.4,0.4
2-3 дня,2026-08-09T10:19:29Z,2026-08-11T15:00:00Z,52.7,3.3,4.0,2.0,-0.7,0.7
2-3 дня,2026-08-09T10:19:29Z,2026-08-11T18:00:00Z,55.7,1.5,2.0,2.0,-0.5,0.5
2-3 дня,2026-08-09T10:19:29Z,2026-08-11T21:00:00Z,58.7,0.9,1.0,2.0,-0.1,0.1
2-3 дня,2026-08-09T10:19:29Z,2026-08-12T00:00:00Z,61.7,1.1,1.0,2.0,0.1,0.1
2-3 дня,2026-08-09T10:19:29Z,2026-08-12T03:00:00Z,64.7,3.1,1.0,2.0,2.1,2.1
2-3 дня,2026-08-09T10:19:29Z,2026-08-12T06:00:00Z,67.7,3.7,2.0,3.0,1.7,1.7
2-3 дня,2026-08-09T10:19:29Z,2026-08-12T09:00:00Z,70.7,5.0,2.0,4.0,3.0,3.0
2-3 дня,2026-08-09T12:41:38Z,2026-08-11T15:00:00Z,50.3,3.3,4.0,2.0,-0.7,0.7
2-3 дня,2026-08-09T12:41:38Z,2026-08-11T18:00:00Z,53.3,1.5,2.0,2.0,-0.5,0.5
2-3 дня,2026-08-09T12:41:38Z,2026-08-11T21:00:00Z,56.3,0.9,1.0,2.0,-0.1,0.1
2-3 дня,2026-08-09T12:41:38Z,2026-08-12T00:00:00Z,59.3,1.1,1.0,2.0,0.1,0.1
2-3 дня,2026-08-09T12:41:38Z,2026-08-12T03:00:00Z,62.3,3.1,1.0,2.0,2.1,2.1
2-3 дня,2026-08-09T12:41:38Z,2026-08-12T06:00:00Z,65.3,3.7,2.0,3.0,1.7,1.7
2-3 дня,2026-08-09T12:41:38Z,2026-08-12T09:00:00Z,68.3,5.0,2.0,4.0,3.0,3.0
2-3 дня,2026-08-09T12:41:38Z,2026-08-12T12:00:00Z,71.3,4.5,3.0,4.0,1.5,1.5
2-3 дня,2026-08-09T12:45:53Z,2026-08-11T15:00:00Z,50.2,3.3,4.0,2.0,-0.7,0.7
2-3 дня,2026-08-09T12:45:53Z,2026-08-11T18:00:00Z,53.2,1.5,2.0,2.0,-0.5,0.5
2-3 дня,2026-08-09T12:45:53Z,2026-08-11T21:00:00Z,56.2,0.9,1.0,2.0,-0.1,0.1
2-3 дня,2026-08-09T12:45:53Z,2026-08-12T00:00:00Z,59.2,1.1,1.0,2.0,0.1,0.1
2-3 дня,2026-08-09T12:45:53Z,2026-08-12T03:00:00Z,62.2,3.1,1.0,2.0,2.1,2.1
2-3 дня,2026-08-09T12:45:53Z,2026-08-12T06:00:00Z,65.2,3.7,2.0,3.0,1.7,1.7
2-3 дня,2026-08-09T12:45:53Z,2026-08-12T09:00:00Z,68.2,5.0,2.0,4.0,3.0,3.0
2-3 дня,2026-08-09T12:45:53Z,2026-08-12T12:00:00Z,71.2,4.5,3.0,4.0,1.5,1.5
2-3 дня,2026-08-09T12:48:15Z,2026-08-11T15:00:00Z,50.2,3.3,4.0,2.0,-0.7,0.7
2-3 дня,2026-08-09T12:48:15Z,2026-08-11T18:00:00Z,53.2,1.5,2.0,2.0,-0.5,0.5
2-3 дня,2026-08-09T12:48:15Z,2026-08-11T21:00:00Z,56.2,0.9,1.0,2.0,-0.1,0.1
2-3 дня,2026-08-09T12:48:15Z,2026-08-12T00:00:00Z,59.2,1.1,1.0,2.0,0.1,0.1
2-3 дня,2026-08-09T12:48:15Z,2026-08-12T03:00:00Z,62.2,3.1,1.0,2.0,2.1,2.1
2-3 дня,2026-08-09T12:48:15Z,2026-08-12T06:00:00Z,65.2,3.7,2.0,3.0,1.7,1.7
2-3 дня,2026-08-09T12:48:15Z,2026-08-12T09:00:00Z,68.2,5.0,2.0,4.0,3.0,3.0
2-3 дня,2026-08-09T12:48:15Z,2026-08-12T12:00:00Z,71.2,4.5,3.0,4.0,1.5,1.5
2-3 дня,2026-08-09T16:31:44Z,2026-08-11T18:00:00Z,49.5,5.2,2.0,2.0,3.2,3.2
2-3 дня,2026-08-09T16:31:44Z,2026-08-11T21:00:00Z,52.5,1.4,1.0,2.0,0.4,0.4
2-3 дня,2026-08-09T16:31:44Z,2026-08-12T00:00:00Z,55.5,2.0,1.0,2.0,1.0,1.0
2-3 дня,2026-08-09T16:31:44Z,2026-08-12T03:00:00Z,58.5,2.4,1.0,2.0,1.4,1.4
2-3 дня,2026-08-09T16:31:44Z,2026-08-12T06:00:00Z,61.5,3.8,2.0,3.0,1.8,1.8
2-3 дня,2026-08-09T16:31:44Z,2026-08-12T09:00:00Z,64.5,3.4,2.0,4.0,1.4,1.4
2-3 дня,2026-08-09T16:31:44Z,2026-08-12T12:00:00Z,67.5,3.1,3.0,4.0,0.1,0.1
2-3 дня,2026-08-09T16:31:44Z,2026-08-12T15:00:00Z,70.5,3.9,4.0,4.0,-0.1,0.1
2-3 дня,2026-08-09T22:39:09Z,2026-08-12T00:00:00Z,49.3,3.8,1.0,2.0,2.8,2.8
2-3 дня,2026-08-09T22:39:09Z,2026-08-12T03:00:00Z,52.3,4.4,1.0,2.0,3.4,3.4
2-3 дня,2026-08-09T22:39:09Z,2026-08-12T06:00:00Z,55.3,3.9,2.0,3.0,1.9,1.9
2-3 дня,2026-08-09T22:39:09Z,2026-08-12T09:00:00Z,58.3,4.4,2.0,4.0,2.4,2.4
2-3 дня,2026-08-09T22:39:09Z,2026-08-12T12:00:00Z,61.3,4.9,3.0,4.0,1.9,1.9
2-3 дня,2026-08-09T22:39:09Z,2026-08-12T15:00:00Z,64.3,5.0,4.0,4.0,1.0,1.0
2-3 дня,2026-08-09T22:39:09Z,2026-08-12T18:00:00Z,67.3,5.2,3.0,2.0,2.2,2.2
2-3 дня,2026-08-09T22:39:09Z,2026-08-12T21:00:00Z,70.3,5.4,3.0,1.0,2.4,2.4
2-3 дня,2026-08-10T05:20:42Z,2026-08-12T06:00:00Z,48.7,2.6,2.0,3.0,0.6,0.6
2-3 дня,2026-08-10T05:20:42Z,2026-08-12T09:00:00Z,51.7,4.4,2.0,4.0,2.4,2.4
2-3 дня,2026-08-10T05:20:42Z,2026-08-12T12:00:00Z,54.7,4.9,3.0,4.0,1.9,1.9
2-3 дня,2026-08-10T05:20:42Z,2026-08-12T15:00:00Z,57.7,5.0,4.0,4.0,1.0,1.0
2-3 дня,2026-08-10T05:20:42Z,2026-08-12T18:00:00Z,60.7,5.2,3.0,2.0,2.2,2.2
2-3 дня,2026-08-10T05:20:42Z,2026-08-12T21:00:00Z,63.7,5.4,3.0,1.0,2.4,2.4
2-3 дня,2026-08-10T05:20:42Z,2026-08-13T00:00:00Z,66.7,5.4,3.0,1.0,2.4,2.4
2-3 дня,2026-08-10T05:20:42Z,2026-08-13T03:00:00Z,69.7,5.8,4.0,1.0,1.8,1.8
2-3 дня,2026-08-10T10:53:28Z,2026-08-12T12:00:00Z,49.1,5.9,3.0,4.0,2.9,2.9
2-3 дня,2026-08-10T10:53:28Z,2026-08-12T15:00:00Z,52.1,5.4,4.0,4.0,1.4,1.4
2-3 дня,2026-08-10T10:53:28Z,2026-08-12T18:00:00Z,55.1,5.9,3.0,2.0,2.9,2.9
2-3 дня,2026-08-10T10:53:28Z,2026-08-12T21:00:00Z,58.1,5.5,3.0,1.0,2.5,2.5
2-3 дня,2026-08-10T10:53:28Z,2026-08-13T00:00:00Z,61.1,5.8,3.0,1.0,2.8,2.8
2-3 дня,2026-08-10T10:53:28Z,2026-08-13T03:00:00Z,64.1,6.1,4.0,1.0,2.1,2.1
2-3 дня,2026-08-10T10:53:28Z,2026-08-13T06:00:00Z,67.1,6.4,5.0,2.0,1.4,1.4
2-3 дня,2026-08-10T10:53:28Z,2026-08-13T09:00:00Z,70.1,6.6,4.0,2.0,2.6,2.6
2-3 дня,2026-08-10T16:52:05Z,2026-08-12T18:00:00Z,49.1,5.6,3.0,2.0,2.6,2.6
2-3 дня,2026-08-10T16:52:05Z,2026-08-12T21:00:00Z,52.1,5.5,3.0,1.0,2.5,2.5
2-3 дня,2026-08-10T16:52:05Z,2026-08-13T00:00:00Z,55.1,5.8,3.0,1.0,2.8,2.8
2-3 дня,2026-08-10T16:52:05Z,2026-08-13T03:00:00Z,58.1,6.1,4.0,1.0,2.1,2.1
2-3 дня,2026-08-10T16:52:05Z,2026-08-13T06:00:00Z,61.1,6.4,5.0,2.0,1.4,1.4
2-3 дня,2026-08-10T16:52:05Z,2026-08-13T09:00:00Z,64.1,6.6,4.0,2.0,2.6,2.6
2-3 дня,2026-08-10T16:52:05Z,2026-08-13T12:00:00Z,67.1,7.3,5.0,3.0,2.3,2.3
2-3 дня,2026-08-10T16:52:05Z,2026-08-13T15:00:00Z,70.1,5.2,5.0,4.0,0.2,0.2
2-3 дня,2026-08-10T22:47:13Z,2026-08-13T00:00:00Z,49.2,6.8,3.0,1.0,3.8,3.8
2-3 дня,2026-08-10T22:47:13Z,2026-08-13T03:00:00Z,52.2,7.0,4.0,1.0,3.0,3.0
2-3 дня,2026-08-10T22:47:13Z,2026-08-13T06:00:00Z,55.2,7.3,5.0,2.0,2.3,2.3
2-3 дня,2026-08-10T22:47:13Z,2026-08-13T09:00:00Z,58.2,6.9,4.0,2.0,2.9,2.9
2-3 дня,2026-08-10T22:47:13Z,2026-08-13T12:00:00Z,61.2,6.6,5.0,3.0,1.6,1.6
2-3 дня,2026-08-10T22:47:13Z,2026-08-13T15:00:00Z,64.2,5.1,5.0,4.0,0.1,0.1
2-3 дня,2026-08-10T22:47:13Z,2026-08-13T18:00:00Z,67.2,4.9,4.0,3.0,0.9,0.9
2-3 дня,2026-08-10T22:47:13Z,2026-08-13T21:00:00Z,70.2,4.0,4.0,3.0,0.0,0.0
2-3 дня,2026-08-11T05:01:49Z,2026-08-13T06:00:00Z,49.0,8.1,5.0,2.0,3.1,3.1
2-3 дня,2026-08-11T05:01:49Z,2026-08-13T09:00:00Z,52.0,6.9,4.0,2.0,2.9,2.9
2-3 дня,2026-08-11T05:01:49Z,2026-08-13T12:00:00Z,55.0,6.6,5.0,3.0,1.6,1.6
2-3 дня,2026-08-11T05:01:49Z,2026-08-13T15:00:00Z,58.0,5.1,5.0,4.0,0.1,0.1
2-3 дня,2026-08-11T05:01:49Z,2026-08-13T18:00:00Z,61.0,4.9,4.0,3.0,0.9,0.9
2-3 дня,2026-08-11T05:01:49Z,2026-08-13T21:00:00Z,64.0,4.0,4.0,3.0,0.0,0.0
2-3 дня,2026-08-11T05:01:49Z,2026-08-14T00:00:00Z,67.0,3.1,3.0,3.0,0.1,0.1
2-3 дня,2026-08-11T05:01:49Z,2026-08-14T03:00:00Z,70.0,3.6,3.0,4.0,0.6,0.6
2-3 дня,2026-08-11T10:38:45Z,2026-08-13T12:00:00Z,49.4,7.0,5.0,3.0,2.0,2.0
2-3 дня,2026-08-11T10:38:45Z,2026-08-13T15:00:00Z,52.4,6.3,5.0,4.0,1.3,1.3
2-3 дня,2026-08-11T10:38:45Z,2026-08-13T18:00:00Z,55.4,4.8,4.0,3.0,0.8,0.8
2-3 дня,2026-08-11T10:38:45Z,2026-08-13T21:00:00Z,58.4,3.9,4.0,3.0,-0.1,0.1
2-3 дня,2026-08-11T10:38:45Z,2026-08-14T00:00:00Z,61.4,4.4,3.0,3.0,1.4,1.4
2-3 дня,2026-08-11T10:38:45Z,2026-08-14T03:00:00Z,64.4,4.5,3.0,4.0,1.5,1.5
2-3 дня,2026-08-11T10:38:45Z,2026-08-14T06:00:00Z,67.4,5.1,3.0,5.0,2.1,2.1
2-3 дня,2026-08-11T10:38:45Z,2026-08-14T09:00:00Z,70.4,4.6,3.0,4.0,1.6,1.6
2-3 дня,2026-08-12T10:47:03Z,2026-08-14T12:00:00Z,49.2,5.5,3.0,5.0,2.5,2.5
2-3 дня,2026-08-12T10:47:03Z,2026-08-14T15:00:00Z,52.2,4.9,3.0,5.0,1.9,1.9
2-3 дня,2026-08-12T10:47:03Z,2026-08-14T18:00:00Z,55.2,4.3,3.0,4.0,1.3,1.3
2-3 дня,2026-08-12T10:47:03Z,2026-08-14T21:00:00Z,58.2,4.1,2.0,4.0,2.1,2.1
2-3 дня,2026-08-12T10:47:03Z,2026-08-15T00:00:00Z,61.2,3.6,2.0,3.0,1.6,1.6
2-3 дня,2026-08-12T10:47:03Z,2026-08-15T03:00:00Z,64.2,4.2,1.0,3.0,3.2,3.2
2-3 дня,2026-08-12T10:47:03Z,2026-08-15T06:00:00Z,67.2,3.6,2.0,3.0,1.6,1.6
2-3 дня,2026-08-12T10:47:03Z,2026-08-15T09:00:00Z,70.2,3.3,2.0,3.0,1.3,1.3
2-3 дня,2026-08-12T16:54:57Z,2026-08-14T18:00:00Z,49.1,4.3,3.0,4.0,1.3,1.3
2-3 дня,2026-08-12T16:54:57Z,2026-08-14T21:00:00Z,52.1,4.1,2.0,4.0,2.1,2.1
2-3 дня,2026-08-12T16:54:57Z,2026-08-15T00:00:00Z,55.1,3.6,2.0,3.0,1.6,1.6
2-3 дня,2026-08-12T16:54:57Z,2026-08-15T03:00:00Z,58.1,4.2,1.0,3.0,3.2,3.2
2-3 дня,2026-08-12T16:54:57Z,2026-08-15T06:00:00Z,61.1,3.6,2.0,3.0,1.6,1.6
2-3 дня,2026-08-12T16:54:57Z,2026-08-15T09:00:00Z,64.1,3.3,2.0,3.0,1.3,1.3
2-3 дня,2026-08-12T16:54:57Z,2026-08-15T12:00:00Z,67.1,2.3,2.0,3.0,0.3,0.3
2-3 дня,2026-08-12T16:54:57Z,2026-08-15T15:00:00Z,70.1,2.4,1.0,3.0,1.4,1.4
2-3 дня,2026-08-12T22:50:47Z,2026-08-15T00:00:00Z,49.2,3.5,2.0,3.0,1.5,1.5
2-3 дня,2026-08-12T22:50:47Z,2026-08-15T03:00:00Z,52.2,3.6,1.0,3.0,2.6,2.6
2-3 дня,2026-08-12T22:50:47Z,2026-08-15T06:00:00Z,55.2,3.7,2.0,3.0,1.7,1.7
2-3 дня,2026-08-12T22:50:47Z,2026-08-15T09:00:00Z,58.2,2.6,2.0,3.0,0.6,0.6
2-3 дня,2026-08-12T22:50:47Z,2026-08-15T12:00:00Z,61.2,1.9,2.0,3.0,-0.1,0.1
2-3 дня,2026-08-12T22:50:47Z,2026-08-15T15:00:00Z,64.2,1.9,1.0,3.0,0.9,0.9
2-3 дня,2026-08-12T22:50:47Z,2026-08-15T18:00:00Z,67.2,1.8,2.0,3.0,-0.2,0.2
2-3 дня,2026-08-12T22:50:47Z,2026-08-15T21:00:00Z,70.2,2.4,2.0,2.0,0.4,0.4
2-3 дня,2026-08-13T05:30:08Z,2026-08-15T06:00:00Z,48.5,3.3,2.0,3.0,1.3,1.3
2-3 дня,2026-08-13T05:30:08Z,2026-08-15T09:00:00Z,51.5,2.6,2.0,3.0,0.6,0.6
2-3 дня,2026-08-13T05:30:08Z,2026-08-15T12:00:00Z,54.5,1.9,2.0,3.0,-0.1,0.1
2-3 дня,2026-08-13T05:30:08Z,2026-08-15T15:00:00Z,57.5,1.9,1.0,3.0,0.9,0.9
2-3 дня,2026-08-13T05:30:08Z,2026-08-15T18:00:00Z,60.5,1.8,2.0,3.0,-0.2,0.2
2-3 дня,2026-08-13T05:30:08Z,2026-08-15T21:00:00Z,63.5,2.4,2.0,2.0,0.4,0.4
2-3 дня,2026-08-13T05:30:08Z,2026-08-16T00:00:00Z,66.5,2.4,3.0,2.0,-0.6,0.6
2-3 дня,2026-08-13T05:30:08Z,2026-08-16T03:00:00Z,69.5,2.1,1.0,1.0,1.1,1.1
2-3 дня,2026-08-13T10:49:01Z,2026-08-15T12:00:00Z,49.2,3.6,2.0,3.0,1.6,1.6
2-3 дня,2026-08-13T10:49:01Z,2026-08-15T15:00:00Z,52.2,2.8,1.0,3.0,1.8,1.8
2-3 дня,2026-08-13T10:49:01Z,2026-08-15T18:00:00Z,55.2,1.4,2.0,3.0,-0.6,0.6
2-3 дня,2026-08-13T10:49:01Z,2026-08-15T21:00:00Z,58.2,2.4,2.0,2.0,0.4,0.4
2-3 дня,2026-08-13T10:49:01Z,2026-08-16T00:00:00Z,61.2,2.4,3.0,2.0,-0.6,0.6
2-3 дня,2026-08-13T10:49:01Z,2026-08-16T03:00:00Z,64.2,2.4,1.0,1.0,1.4,1.4
2-3 дня,2026-08-13T10:49:01Z,2026-08-16T06:00:00Z,67.2,3.1,2.0,2.0,1.1,1.1
2-3 дня,2026-08-13T10:49:01Z,2026-08-16T09:00:00Z,70.2,3.3,2.0,2.0,1.3,1.3
2-3 дня,2026-08-13T16:36:10Z,2026-08-15T18:00:00Z,49.4,2.1,2.0,3.0,0.1,0.1
2-3 дня,2026-08-13T16:36:10Z,2026-08-15T21:00:00Z,52.4,2.4,2.0,2.0,0.4,0.4
2-3 дня,2026-08-13T16:36:10Z,2026-08-16T00:00:00Z,55.4,2.4,3.0,2.0,-0.6,0.6
2-3 дня,2026-08-13T16:36:10Z,2026-08-16T03:00:00Z,58.4,2.4,1.0,1.0,1.4,1.4
2-3 дня,2026-08-13T16:36:10Z,2026-08-16T06:00:00Z,61.4,3.1,2.0,2.0,1.1,1.1
2-3 дня,2026-08-13T16:36:10Z,2026-08-16T09:00:00Z,64.4,3.3,2.0,2.0,1.3,1.3
2-3 дня,2026-08-13T16:36:10Z,2026-08-16T12:00:00Z,67.4,2.6,1.0,2.0,1.6,1.6
2-3 дня,2026-08-13T16:36:10Z,2026-08-16T15:00:00Z,70.4,1.5,1.0,1.0,0.5,0.5
2-3 дня,2026-08-13T16:42:24Z,2026-08-15T18:00:00Z,49.3,2.1,2.0,3.0,0.1,0.1
2-3 дня,2026-08-13T16:42:24Z,2026-08-15T21:00:00Z,52.3,2.4,2.0,2.0,0.4,0.4
2-3 дня,2026-08-13T16:42:24Z,2026-08-16T00:00:00Z,55.3,2.4,3.0,2.0,-0.6,0.6
2-3 дня,2026-08-13T16:42:24Z,2026-08-16T03:00:00Z,58.3,2.4,1.0,1.0,1.4,1.4
2-3 дня,2026-08-13T16:42:24Z,2026-08-16T06:00:00Z,61.3,3.1,2.0,2.0,1.1,1.1
2-3 дня,2026-08-13T16:42:24Z,2026-08-16T09:00:00Z,64.3,3.3,2.0,2.0,1.3,1.3
2-3 дня,2026-08-13T16:42:24Z,2026-08-16T12:00:00Z,67.3,2.6,1.0,2.0,1.6,1.6
2-3 дня,2026-08-13T16:42:24Z,2026-08-16T15:00:00Z,70.3,1.5,1.0,1.0,0.5,0.5
2-3 дня,2026-08-13T16:54:22Z,2026-08-15T18:00:00Z,49.1,2.1,2.0,3.0,0.1,0.1
2-3 дня,2026-08-13T16:54:22Z,2026-08-15T21:00:00Z,52.1,2.4,2.0,2.0,0.4,0.4
2-3 дня,2026-08-13T16:54:22Z,2026-08-16T00:00:00Z,55.1,2.4,3.0,2.0,-0.6,0.6
2-3 дня,2026-08-13T16:54:22Z,2026-08-16T03:00:00Z,58.1,2.4,1.0,1.0,1.4,1.4
2-3 дня,2026-08-13T16:54:22Z,2026-08-16T06:00:00Z,61.1,3.1,2.0,2.0,1.1,1.1
2-3 дня,2026-08-13T16:54:22Z,2026-08-16T09:00:00Z,64.1,3.3,2.0,2.0,1.3,1.3
2-3 дня,2026-08-13T16:54:22Z,2026-08-16T12:00:00Z,67.1,2.6,1.0,2.0,1.6,1.6
2-3 дня,2026-08-13T16:54:22Z,2026-08-16T15:00:00Z,70.1,1.5,1.0,1.0,0.5,0.5
2-3 дня,2026-08-13T22:52:17Z,2026-08-16T00:00:00Z,49.1,3.4,3.0,2.0,0.4,0.4
2-3 дня,2026-08-13T22:52:17Z,2026-08-16T03:00:00Z,52.1,3.1,1.0,1.0,2.1,2.1
2-3 дня,2026-08-13T22:52:17Z,2026-08-16T06:00:00Z,55.1,3.1,2.0,2.0,1.1,1.1
2-3 дня,2026-08-13T22:52:17Z,2026-08-16T09:00:00Z,58.1,2.6,2.0,2.0,0.6,0.6
2-3 дня,2026-08-13T22:52:17Z,2026-08-16T12:00:00Z,61.1,1.6,1.0,2.0,0.6,0.6
2-3 дня,2026-08-13T22:52:17Z,2026-08-16T15:00:00Z,64.1,1.6,1.0,1.0,0.6,0.6
2-3 дня,2026-08-13T22:52:17Z,2026-08-16T18:00:00Z,67.1,1.3,1.0,2.0,0.3,0.3
2-3 дня,2026-08-13T22:52:17Z,2026-08-16T21:00:00Z,70.1,2.5,1.0,2.0,1.5,1.5
2-3 дня,2026-08-14T05:28:14Z,2026-08-16T06:00:00Z,48.5,3.3,2.0,2.0,1.3,1.3
2-3 дня,2026-08-14T05:28:14Z,2026-08-16T09:00:00Z,51.5,2.6,2.0,2.0,0.6,0.6
2-3 дня,2026-08-14T05:28:14Z,2026-08-16T12:00:00Z,54.5,1.6,1.0,2.0,0.6,0.6
2-3 дня,2026-08-14T05:28:14Z,2026-08-16T15:00:00Z,57.5,1.6,1.0,1.0,0.6,0.6
2-3 дня,2026-08-14T05:28:14Z,2026-08-16T18:00:00Z,60.5,1.3,1.0,2.0,0.3,0.3
2-3 дня,2026-08-14T05:28:14Z,2026-08-16T21:00:00Z,63.5,2.5,1.0,2.0,1.5,1.5
2-3 дня,2026-08-14T05:28:14Z,2026-08-17T00:00:00Z,66.5,2.8,1.0,3.0,1.8,1.8
2-3 дня,2026-08-14T05:28:14Z,2026-08-17T03:00:00Z,69.5,3.4,1.0,1.0,2.4,2.4
2-3 дня,2026-08-14T10:44:54Z,2026-08-16T12:00:00Z,49.3,2.4,1.0,2.0,1.4,1.4
2-3 дня,2026-08-14T10:44:54Z,2026-08-16T15:00:00Z,52.3,1.9,1.0,1.0,0.9,0.9
2-3 дня,2026-08-14T10:44:54Z,2026-08-16T18:00:00Z,55.3,1.3,1.0,2.0,0.3,0.3
2-3 дня,2026-08-14T10:44:54Z,2026-08-16T21:00:00Z,58.3,2.2,1.0,2.0,1.2,1.2
2-3 дня,2026-08-14T10:44:54Z,2026-08-17T00:00:00Z,61.3,2.3,1.0,3.0,1.3,1.3
2-3 дня,2026-08-14T10:44:54Z,2026-08-17T03:00:00Z,64.3,2.5,1.0,1.0,1.5,1.5
2-3 дня,2026-08-14T10:44:54Z,2026-08-17T06:00:00Z,67.3,3.3,2.0,2.0,1.3,1.3
2-3 дня,2026-08-14T10:44:54Z,2026-08-17T09:00:00Z,70.3,4.0,3.0,2.0,1.0,1.0
2-3 дня,2026-08-14T16:48:33Z,2026-08-16T18:00:00Z,49.2,2.3,1.0,2.0,1.3,1.3
2-3 дня,2026-08-14T16:48:33Z,2026-08-16T21:00:00Z,52.2,2.2,1.0,2.0,1.2,1.2
2-3 дня,2026-08-14T16:48:33Z,2026-08-17T00:00:00Z,55.2,2.3,1.0,3.0,1.3,1.3
2-3 дня,2026-08-14T16:48:33Z,2026-08-17T03:00:00Z,58.2,2.5,1.0,1.0,1.5,1.5
2-3 дня,2026-08-14T16:48:33Z,2026-08-17T06:00:00Z,61.2,3.3,2.0,2.0,1.3,1.3
2-3 дня,2026-08-14T16:48:33Z,2026-08-17T09:00:00Z,64.2,4.0,3.0,2.0,1.0,1.0
2-3 дня,2026-08-14T16:48:33Z,2026-08-17T12:00:00Z,67.2,3.6,3.0,1.0,0.6,0.6
2-3 дня,2026-08-14T16:48:33Z,2026-08-17T15:00:00Z,70.2,3.3,1.0,1.0,2.3,2.3
2-3 дня,2026-08-14T22:30:55Z,2026-08-17T00:00:00Z,49.5,2.3,1.0,3.0,1.3,1.3
2-3 дня,2026-08-14T22:30:55Z,2026-08-17T03:00:00Z,52.5,2.5,1.0,1.0,1.5,1.5
2-3 дня,2026-08-14T22:30:55Z,2026-08-17T06:00:00Z,55.5,3.3,2.0,2.0,1.3,1.3
2-3 дня,2026-08-14T22:30:55Z,2026-08-17T09:00:00Z,58.5,4.0,3.0,2.0,1.0,1.0
2-3 дня,2026-08-14T22:30:55Z,2026-08-17T12:00:00Z,61.5,3.6,3.0,1.0,0.6,0.6
2-3 дня,2026-08-14T22:30:55Z,2026-08-17T15:00:00Z,64.5,3.3,1.0,1.0,2.3,2.3
2-3 дня,2026-08-14T22:30:55Z,2026-08-17T18:00:00Z,67.5,2.7,1.0,1.0,1.7,1.7
2-3 дня,2026-08-14T22:30:55Z,2026-08-17T21:00:00Z,70.5,2.6,0.0,1.0,2.6,2.6
2-3 дня,2026-08-15T04:24:15Z,2026-08-17T06:00:00Z,49.6,3.7,2.0,2.0,1.7,1.7
2-3 дня,2026-08-15T04:24:15Z,2026-08-17T09:00:00Z,52.6,4.0,3.0,2.0,1.0,1.0
2-3 дня,2026-08-15T04:24:15Z,2026-08-17T12:00:00Z,55.6,3.6,3.0,1.0,0.6,0.6
2-3 дня,2026-08-15T04:24:15Z,2026-08-17T15:00:00Z,58.6,3.3,1.0,1.0,2.3,2.3
2-3 дня,2026-08-15T04:24:15Z,2026-08-17T18:00:00Z,61.6,2.7,1.0,1.0,1.7,1.7
2-3 дня,2026-08-15T04:24:15Z,2026-08-17T21:00:00Z,64.6,2.6,0.0,1.0,2.6,2.6
2-3 дня,2026-08-15T04:24:15Z,2026-08-18T00:00:00Z,67.6,2.4,1.0,1.0,1.4,1.4
2-3 дня,2026-08-15T04:24:15Z,2026-08-18T03:00:00Z,70.6,2.2,1.0,1.0,1.2,1.2
2-3 дня,2026-08-15T10:09:15Z,2026-08-17T12:00:00Z,49.8,3.4,3.0,1.0,0.4,0.4
2-3 дня,2026-08-15T10:09:15Z,2026-08-17T15:00:00Z,52.8,3.3,1.0,1.0,2.3,2.3
2-3 дня,2026-08-15T10:09:15Z,2026-08-17T18:00:00Z,55.8,2.6,1.0,1.0,1.6,1.6
2-3 дня,2026-08-15T10:09:15Z,2026-08-17T21:00:00Z,58.8,2.4,0.0,1.0,2.4,2.4
2-3 дня,2026-08-15T10:09:15Z,2026-08-18T00:00:00Z,61.8,2.8,1.0,1.0,1.8,1.8
2-3 дня,2026-08-15T10:09:15Z,2026-08-18T03:00:00Z,64.8,2.7,1.0,1.0,1.7,1.7
2-3 дня,2026-08-15T10:09:15Z,2026-08-18T06:00:00Z,67.8,3.4,1.0,2.0,2.4,2.4
2-3 дня,2026-08-15T10:09:15Z,2026-08-18T09:00:00Z,70.8,3.1,1.0,3.0,2.1,2.1
2-3 дня,2026-08-15T22:29:33Z,2026-08-18T00:00:00Z,49.5,1.8,1.0,1.0,0.8,0.8
2-3 дня,2026-08-15T22:29:33Z,2026-08-18T03:00:00Z,52.5,1.4,1.0,1.0,0.4,0.4
2-3 дня,2026-08-15T22:29:33Z,2026-08-18T06:00:00Z,55.5,1.4,1.0,2.0,0.4,0.4
2-3 дня,2026-08-15T22:29:33Z,2026-08-18T09:00:00Z,58.5,1.9,1.0,3.0,0.9,0.9
2-3 дня,2026-08-15T22:29:33Z,2026-08-18T12:00:00Z,61.5,2.9,2.0,3.0,0.9,0.9
2-3 дня,2026-08-15T22:29:33Z,2026-08-18T15:00:00Z,64.5,2.6,2.0,1.0,0.6,0.6
2-3 дня,2026-08-15T22:29:33Z,2026-08-18T18:00:00Z,67.5,2.8,1.0,1.0,1.8,1.8
2-3 дня,2026-08-15T22:29:33Z,2026-08-18T21:00:00Z,70.5,2.4,1.0,0.0,1.4,1.4
2-3 дня,2026-08-16T04:29:41Z,2026-08-18T06:00:00Z,49.5,2.6,1.0,2.0,1.6,1.6
2-3 дня,2026-08-16T04:29:41Z,2026-08-18T09:00:00Z,52.5,1.9,1.0,3.0,0.9,0.9
2-3 дня,2026-08-16T04:29:41Z,2026-08-18T12:00:00Z,55.5,2.9,2.0,3.0,0.9,0.9
2-3 дня,2026-08-16T04:29:41Z,2026-08-18T15:00:00Z,58.5,2.6,2.0,1.0,0.6,0.6
2-3 дня,2026-08-16T04:29:41Z,2026-08-18T18:00:00Z,61.5,2.8,1.0,1.0,1.8,1.8
2-3 дня,2026-08-16T04:29:41Z,2026-08-18T21:00:00Z,64.5,2.4,1.0,0.0,1.4,1.4
2-3 дня,2026-08-16T04:29:41Z,2026-08-19T00:00:00Z,67.5,2.6,1.0,1.0,1.6,1.6
2-3 дня,2026-08-16T04:29:41Z,2026-08-19T03:00:00Z,70.5,2.5,2.0,1.0,0.5,0.5
2-3 дня,2026-08-16T07:21:44Z,2026-08-18T09:00:00Z,49.6,1.9,1.0,3.0,0.9,0.9
2-3 дня,2026-08-16T07:21:44Z,2026-08-18T12:00:00Z,52.6,2.9,2.0,3.0,0.9,0.9
2-3 дня,2026-08-16T07:21:44Z,2026-08-18T15:00:00Z,55.6,2.6,2.0,1.0,0.6,0.6
2-3 дня,2026-08-16T07:21:44Z,2026-08-18T18:00:00Z,58.6,2.8,1.0,1.0,1.8,1.8
2-3 дня,2026-08-16T07:21:44Z,2026-08-18T21:00:00Z,61.6,2.4,1.0,0.0,1.4,1.4
2-3 дня,2026-08-16T07:21:44Z,2026-08-19T00:00:00Z,64.6,2.6,1.0,1.0,1.6,1.6
2-3 дня,2026-08-16T07:21:44Z,2026-08-19T03:00:00Z,67.6,2.5,2.0,1.0,0.5,0.5
2-3 дня,2026-08-16T07:21:44Z,2026-08-19T06:00:00Z,70.6,3.3,3.0,1.0,0.3,0.3
2-3 дня,2026-08-16T10:09:47Z,2026-08-18T12:00:00Z,49.8,2.4,2.0,3.0,0.4,0.4
2-3 дня,2026-08-16T10:09:47Z,2026-08-18T15:00:00Z,52.8,2.9,2.0,1.0,0.9,0.9
2-3 дня,2026-08-16T10:09:47Z,2026-08-18T18:00:00Z,55.8,2.4,1.0,1.0,1.4,1.4
2-3 дня,2026-08-16T10:09:47Z,2026-08-18T21:00:00Z,58.8,2.3,1.0,0.0,1.3,1.3
2-3 дня,2026-08-16T10:09:47Z,2026-08-19T00:00:00Z,61.8,2.5,1.0,1.0,1.5,1.5
2-3 дня,2026-08-16T10:09:47Z,2026-08-19T03:00:00Z,64.8,2.6,2.0,1.0,0.6,0.6
2-3 дня,2026-08-16T10:09:47Z,2026-08-19T06:00:00Z,67.8,3.4,3.0,1.0,0.4,0.4
2-3 дня,2026-08-16T10:09:47Z,2026-08-19T09:00:00Z,70.8,4.0,3.0,1.0,1.0,1.0
2-3 дня,2026-08-16T16:21:00Z,2026-08-18T18:00:00Z,49.6,3.0,1.0,1.0,2.0,2.0
2-3 дня,2026-08-16T16:21:00Z,2026-08-18T21:00:00Z,52.6,2.3,1.0,0.0,1.3,1.3
2-3 дня,2026-08-16T16:21:00Z,2026-08-19T00:00:00Z,55.6,2.5,1.0,1.0,1.5,1.5
2-3 дня,2026-08-16T16:21:00Z,2026-08-19T03:00:00Z,58.6,2.6,2.0,1.0,0.6,0.6
2-3 дня,2026-08-16T16:21:00Z,2026-08-19T06:00:00Z,61.6,3.4,3.0,1.0,0.4,0.4
2-3 дня,2026-08-16T16:21:00Z,2026-08-19T09:00:00Z,64.7,4.0,3.0,1.0,1.0,1.0
2-3 дня,2026-08-16T16:21:00Z,2026-08-19T12:00:00Z,67.7,4.4,3.0,2.0,1.4,1.4
2-3 дня,2026-08-16T16:21:00Z,2026-08-19T15:00:00Z,70.7,4.9,3.0,2.0,1.9,1.9
2-3 дня,2026-08-16T22:29:34Z,2026-08-19T00:00:00Z,49.5,2.5,1.0,1.0,1.5,1.5
2-3 дня,2026-08-16T22:29:34Z,2026-08-19T03:00:00Z,52.5,2.9,2.0,1.0,0.9,0.9
2-3 дня,2026-08-16T22:29:34Z,2026-08-19T06:00:00Z,55.5,3.4,3.0,1.0,0.4,0.4
2-3 дня,2026-08-16T22:29:34Z,2026-08-19T09:00:00Z,58.5,5.4,3.0,1.0,2.4,2.4
2-3 дня,2026-08-16T22:29:34Z,2026-08-19T12:00:00Z,61.5,5.4,3.0,2.0,2.4,2.4
2-3 дня,2026-08-16T22:29:34Z,2026-08-19T15:00:00Z,64.5,3.8,3.0,2.0,0.8,0.8
2-3 дня,2026-08-16T22:29:34Z,2026-08-19T18:00:00Z,67.5,4.4,3.0,1.0,1.4,1.4
2-3 дня,2026-08-16T22:29:34Z,2026-08-19T21:00:00Z,70.5,4.3,2.0,1.0,2.3,2.3
2-3 дня,2026-08-17T04:35:30Z,2026-08-19T06:00:00Z,49.4,3.6,3.0,1.0,0.6,0.6
2-3 дня,2026-08-17T04:35:30Z,2026-08-19T09:00:00Z,52.4,5.4,3.0,1.0,2.4,2.4
2-3 дня,2026-08-17T04:35:30Z,2026-08-19T12:00:00Z,55.4,5.4,3.0,2.0,2.4,2.4
2-3 дня,2026-08-17T04:35:30Z,2026-08-19T15:00:00Z,58.4,3.8,3.0,2.0,0.8,0.8
2-3 дня,2026-08-17T04:35:30Z,2026-08-19T18:00:00Z,61.4,4.4,3.0,1.0,1.4,1.4
2-3 дня,2026-08-17T04:35:30Z,2026-08-19T21:00:00Z,64.4,4.3,2.0,1.0,2.3,2.3
2-3 дня,2026-08-17T04:35:30Z,2026-08-20T00:00:00Z,67.4,4.8,2.0,1.0,2.8,2.8
2-3 дня,2026-08-17T04:35:30Z,2026-08-20T03:00:00Z,70.4,5.1,2.0,2.0,3.1,3.1
2-3 дня,2026-08-17T10:18:11Z,2026-08-19T12:00:00Z,49.7,3.8,3.0,2.0,0.8,0.8
2-3 дня,2026-08-17T10:18:11Z,2026-08-19T15:00:00Z,52.7,3.3,3.0,2.0,0.3,0.3
2-3 дня,2026-08-17T10:18:11Z,2026-08-19T18:00:00Z,55.7,3.1,3.0,1.0,0.1,0.1
2-3 дня,2026-08-17T10:18:11Z,2026-08-19T21:00:00Z,58.7,3.4,2.0,1.0,1.4,1.4
2-3 дня,2026-08-17T10:18:11Z,2026-08-20T00:00:00Z,61.7,4.6,2.0,1.0,2.6,2.6
2-3 дня,2026-08-17T10:18:11Z,2026-08-20T03:00:00Z,64.7,4.9,2.0,2.0,2.9,2.9
2-3 дня,2026-08-17T10:18:11Z,2026-08-20T06:00:00Z,67.7,5.3,2.0,3.0,3.3,3.3
2-3 дня,2026-08-17T10:18:11Z,2026-08-20T09:00:00Z,70.7,4.7,3.0,3.0,1.7,1.7
2-3 дня,2026-08-17T16:23:45Z,2026-08-19T18:00:00Z,49.6,3.1,3.0,1.0,0.1,0.1
2-3 дня,2026-08-17T16:23:45Z,2026-08-19T21:00:00Z,52.6,3.4,2.0,1.0,1.4,1.4
2-3 дня,2026-08-17T16:23:45Z,2026-08-20T00:00:00Z,55.6,4.6,2.0,1.0,2.6,2.6
2-3 дня,2026-08-17T16:23:45Z,2026-08-20T03:00:00Z,58.6,4.9,2.0,2.0,2.9,2.9
2-3 дня,2026-08-17T16:23:45Z,2026-08-20T06:00:00Z,61.6,5.3,2.0,3.0,3.3,3.3
2-3 дня,2026-08-17T16:23:45Z,2026-08-20T09:00:00Z,64.6,4.7,3.0,3.0,1.7,1.7
2-3 дня,2026-08-17T16:23:45Z,2026-08-20T12:00:00Z,67.6,4.8,5.0,3.0,-0.2,0.2
2-3 дня,2026-08-17T16:23:45Z,2026-08-20T15:00:00Z,70.6,3.5,3.0,3.0,0.5,0.5
2-3 дня,2026-08-17T22:31:28Z,2026-08-20T00:00:00Z,49.5,4.6,2.0,1.0,2.6,2.6
2-3 дня,2026-08-17T22:31:28Z,2026-08-20T03:00:00Z,52.5,4.9,2.0,2.0,2.9,2.9
2-3 дня,2026-08-17T22:31:28Z,2026-08-20T06:00:00Z,55.5,5.3,2.0,3.0,3.3,3.3
2-3 дня,2026-08-17T22:31:28Z,2026-08-20T09:00:00Z,58.5,4.7,3.0,3.0,1.7,1.7
2-3 дня,2026-08-17T22:31:28Z,2026-08-20T12:00:00Z,61.5,4.8,5.0,3.0,-0.2,0.2
2-3 дня,2026-08-17T22:31:28Z,2026-08-20T15:00:00Z,64.5,3.5,3.0,3.0,0.5,0.5
2-3 дня,2026-08-17T22:31:28Z,2026-08-20T18:00:00Z,67.5,3.6,3.0,3.0,0.6,0.6
2-3 дня,2026-08-17T22:31:28Z,2026-08-20T21:00:00Z,70.5,3.4,3.0,2.0,0.4,0.4
2-3 дня,2026-08-18T04:30:05Z,2026-08-20T06:00:00Z,49.5,5.3,2.0,3.0,3.3,3.3
2-3 дня,2026-08-18T04:30:05Z,2026-08-20T09:00:00Z,52.5,4.7,3.0,3.0,1.7,1.7
2-3 дня,2026-08-18T04:30:05Z,2026-08-20T12:00:00Z,55.5,4.8,5.0,3.0,-0.2,0.2
2-3 дня,2026-08-18T04:30:05Z,2026-08-20T15:00:00Z,58.5,3.5,3.0,3.0,0.5,0.5
2-3 дня,2026-08-18T04:30:05Z,2026-08-20T18:00:00Z,61.5,3.6,3.0,3.0,0.6,0.6
2-3 дня,2026-08-18T04:30:05Z,2026-08-20T21:00:00Z,64.5,3.4,3.0,2.0,0.4,0.4
2-3 дня,2026-08-18T04:30:05Z,2026-08-21T00:00:00Z,67.5,2.9,3.0,2.0,-0.1,0.1
2-3 дня,2026-08-18T04:30:05Z,2026-08-21T03:00:00Z,70.5,2.8,3.0,2.0,-0.2,0.2
2-3 дня,2026-08-18T10:14:55Z,2026-08-20T12:00:00Z,49.8,4.6,5.0,3.0,-0.4,0.4
2-3 дня,2026-08-18T10:14:55Z,2026-08-20T15:00:00Z,52.8,6.0,3.0,3.0,3.0,3.0
2-3 дня,2026-08-18T10:14:55Z,2026-08-20T18:00:00Z,55.8,6.4,3.0,3.0,3.4,3.4
2-3 дня,2026-08-18T10:14:55Z,2026-08-20T21:00:00Z,58.8,4.6,3.0,2.0,1.6,1.6
2-3 дня,2026-08-18T10:14:55Z,2026-08-21T00:00:00Z,61.8,5.0,3.0,2.0,2.0,2.0
2-3 дня,2026-08-18T10:14:55Z,2026-08-21T03:00:00Z,64.8,5.1,3.0,2.0,2.1,2.1
2-3 дня,2026-08-18T10:14:55Z,2026-08-21T06:00:00Z,67.8,5.0,3.0,2.0,2.0,2.0
2-3 дня,2026-08-18T10:14:55Z,2026-08-21T09:00:00Z,70.8,5.1,4.0,3.0,1.1,1.1
2-3 дня,2026-08-18T16:27:50Z,2026-08-20T18:00:00Z,49.5,5.5,3.0,3.0,2.5,2.5
2-3 дня,2026-08-18T16:27:50Z,2026-08-20T21:00:00Z,52.5,4.6,3.0,2.0,1.6,1.6
2-3 дня,2026-08-18T16:27:50Z,2026-08-21T00:00:00Z,55.5,5.0,3.0,2.0,2.0,2.0
2-3 дня,2026-08-18T16:27:50Z,2026-08-21T03:00:00Z,58.5,5.1,3.0,2.0,2.1,2.1
2-3 дня,2026-08-18T16:27:50Z,2026-08-21T06:00:00Z,61.5,5.0,3.0,2.0,2.0,2.0
2-3 дня,2026-08-18T16:27:50Z,2026-08-21T09:00:00Z,64.5,5.1,4.0,3.0,1.1,1.1
2-3 дня,2026-08-18T16:27:50Z,2026-08-21T12:00:00Z,67.5,3.8,3.0,5.0,0.8,0.8
2-3 дня,2026-08-18T16:27:50Z,2026-08-21T15:00:00Z,70.5,3.6,2.0,3.0,1.6,1.6
2-3 дня,2026-08-18T22:31:39Z,2026-08-21T00:00:00Z,49.5,4.9,3.0,2.0,1.9,1.9
2-3 дня,2026-08-18T22:31:39Z,2026-08-21T03:00:00Z,52.5,5.1,3.0,2.0,2.1,2.1
2-3 дня,2026-08-18T22:31:39Z,2026-08-21T06:00:00Z,55.5,4.9,3.0,2.0,1.9,1.9
2-3 дня,2026-08-18T22:31:39Z,2026-08-21T09:00:00Z,58.5,4.3,4.0,3.0,0.3,0.3
2-3 дня,2026-08-18T22:31:39Z,2026-08-21T12:00:00Z,61.5,5.1,3.0,5.0,2.1,2.1
2-3 дня,2026-08-18T22:31:39Z,2026-08-21T15:00:00Z,64.5,3.9,2.0,3.0,1.9,1.9
2-3 дня,2026-08-18T22:31:39Z,2026-08-21T18:00:00Z,67.5,4.8,2.0,3.0,2.8,2.8
2-3 дня,2026-08-18T22:31:39Z,2026-08-21T21:00:00Z,70.5,4.1,2.0,3.0,2.1,2.1
2-3 дня,2026-08-19T04:31:14Z,2026-08-21T06:00:00Z,49.5,4.1,3.0,2.0,1.1,1.1
2-3 дня,2026-08-19T04:31:14Z,2026-08-21T09:00:00Z,52.5,4.3,4.0,3.0,0.3,0.3
2-3 дня,2026-08-19T04:31:14Z,2026-08-21T12:00:00Z,55.5,5.1,3.0,5.0,2.1,2.1
2-3 дня,2026-08-19T04:31:14Z,2026-08-21T15:00:00Z,58.5,3.9,2.0,3.0,1.9,1.9
2-3 дня,2026-08-19T04:31:14Z,2026-08-21T18:00:00Z,61.5,4.8,2.0,3.0,2.8,2.8
2-3 дня,2026-08-19T04:31:14Z,2026-08-21T21:00:00Z,64.5,4.1,2.0,3.0,2.1,2.1
2-3 дня,2026-08-19T04:31:14Z,2026-08-22T00:00:00Z,67.5,3.7,2.0,3.0,1.7,1.7
2-3 дня,2026-08-19T04:31:14Z,2026-08-22T03:00:00Z,70.5,3.5,2.0,3.0,1.5,1.5
2-3 дня,2026-08-19T10:14:48Z,2026-08-21T12:00:00Z,49.8,3.3,3.0,5.0,0.3,0.3
2-3 дня,2026-08-19T10:14:48Z,2026-08-21T15:00:00Z,52.8,2.0,2.0,3.0,0.0,0.0
2-3 дня,2026-08-19T10:14:48Z,2026-08-21T18:00:00Z,55.8,3.1,2.0,3.0,1.1,1.1
2-3 дня,2026-08-19T10:14:48Z,2026-08-21T21:00:00Z,58.8,2.0,2.0,3.0,0.0,0.0
2-3 дня,2026-08-19T10:14:48Z,2026-08-22T00:00:00Z,61.8,2.9,2.0,3.0,0.9,0.9
2-3 дня,2026-08-19T10:14:48Z,2026-08-22T03:00:00Z,64.8,3.2,2.0,3.0,1.2,1.2
2-3 дня,2026-08-19T10:14:48Z,2026-08-22T06:00:00Z,67.8,3.6,3.0,3.0,0.6,0.6
2-3 дня,2026-08-19T10:14:48Z,2026-08-22T09:00:00Z,70.8,3.8,1.0,4.0,2.8,2.8
2-3 дня,2026-08-19T16:28:17Z,2026-08-21T18:00:00Z,49.5,2.8,2.0,3.0,0.8,0.8
2-3 дня,2026-08-19T16:28:17Z,2026-08-21T21:00:00Z,52.5,2.0,2.0,3.0,0.0,0.0
2-3 дня,2026-08-19T16:28:17Z,2026-08-22T00:00:00Z,55.5,2.9,2.0,3.0,0.9,0.9
2-3 дня,2026-08-19T16:28:17Z,2026-08-22T03:00:00Z,58.5,3.2,2.0,3.0,1.2,1.2
2-3 дня,2026-08-19T16:28:17Z,2026-08-22T06:00:00Z,61.5,3.6,3.0,3.0,0.6,0.6
2-3 дня,2026-08-19T16:28:17Z,2026-08-22T09:00:00Z,64.5,3.8,1.0,4.0,2.8,2.8
2-3 дня,2026-08-19T16:28:17Z,2026-08-22T12:00:00Z,67.5,2.8,2.0,3.0,0.8,0.8
2-3 дня,2026-08-19T16:28:17Z,2026-08-22T15:00:00Z,70.5,2.2,2.0,2.0,0.2,0.2
2-3 дня,2026-08-20T04:31:56Z,2026-08-22T06:00:00Z,49.5,3.3,3.0,3.0,0.3,0.3
2-3 дня,2026-08-20T04:31:56Z,2026-08-22T09:00:00Z,52.5,3.1,1.0,4.0,2.1,2.1
2-3 дня,2026-08-20T04:31:56Z,2026-08-22T12:00:00Z,55.5,2.3,2.0,3.0,0.3,0.3
2-3 дня,2026-08-20T04:31:56Z,2026-08-22T15:00:00Z,58.5,1.4,2.0,2.0,-0.6,0.6
2-3 дня,2026-08-20T04:31:56Z,2026-08-22T18:00:00Z,61.5,1.6,0.0,2.0,1.6,1.6
2-3 дня,2026-08-20T04:31:56Z,2026-08-22T21:00:00Z,64.5,1.8,0.0,2.0,1.8,1.8
2-3 дня,2026-08-20T04:31:56Z,2026-08-23T00:00:00Z,67.5,1.9,1.0,2.0,0.9,0.9
2-3 дня,2026-08-20T04:31:56Z,2026-08-23T03:00:00Z,70.5,2.6,1.0,2.0,1.6,1.6
2-3 дня,2026-08-20T10:16:10Z,2026-08-22T12:00:00Z,49.7,3.0,2.0,3.0,1.0,1.0
2-3 дня,2026-08-20T10:16:10Z,2026-08-22T15:00:00Z,52.7,1.7,2.0,2.0,-0.3,0.3
2-3 дня,2026-08-20T10:16:10Z,2026-08-22T18:00:00Z,55.7,1.1,0.0,2.0,1.1,1.1
2-3 дня,2026-08-20T10:16:10Z,2026-08-22T21:00:00Z,58.7,1.5,0.0,2.0,1.5,1.5
2-3 дня,2026-08-20T10:16:10Z,2026-08-23T00:00:00Z,61.7,1.7,1.0,2.0,0.7,0.7
2-3 дня,2026-08-20T10:16:10Z,2026-08-23T03:00:00Z,64.7,2.4,1.0,2.0,1.4,1.4
2-3 дня,2026-08-20T10:16:10Z,2026-08-23T06:00:00Z,67.7,3.3,2.0,3.0,1.3,1.3
2-3 дня,2026-08-20T10:16:10Z,2026-08-23T09:00:00Z,70.7,5.3,3.0,1.0,2.3,2.3
2-3 дня,2026-08-20T16:31:45Z,2026-08-22T18:00:00Z,49.5,1.1,0.0,2.0,1.1,1.1
2-3 дня,2026-08-20T16:31:45Z,2026-08-22T21:00:00Z,52.5,1.5,0.0,2.0,1.5,1.5
2-3 дня,2026-08-20T16:31:45Z,2026-08-23T00:00:00Z,55.5,1.7,1.0,2.0,0.7,0.7
2-3 дня,2026-08-20T16:31:45Z,2026-08-23T03:00:00Z,58.5,2.4,1.0,2.0,1.4,1.4
2-3 дня,2026-08-20T16:31:45Z,2026-08-23T06:00:00Z,61.5,3.3,2.0,3.0,1.3,1.3
2-3 дня,2026-08-20T16:31:45Z,2026-08-23T09:00:00Z,64.5,5.3,3.0,1.0,2.3,2.3
2-3 дня,2026-08-20T16:31:45Z,2026-08-23T12:00:00Z,67.5,6.8,2.0,2.0,4.8,4.8
2-3 дня,2026-08-20T16:31:45Z,2026-08-23T15:00:00Z,70.5,5.1,2.0,2.0,3.1,3.1
2-3 дня,2026-08-20T22:34:58Z,2026-08-23T00:00:00Z,49.4,1.7,1.0,2.0,0.7,0.7
2-3 дня,2026-08-20T22:34:58Z,2026-08-23T03:00:00Z,52.4,2.7,1.0,2.0,1.7,1.7
2-3 дня,2026-08-20T22:34:58Z,2026-08-23T06:00:00Z,55.4,3.6,2.0,3.0,1.6,1.6
2-3 дня,2026-08-20T22:34:58Z,2026-08-23T09:00:00Z,58.4,4.1,3.0,1.0,1.1,1.1
2-3 дня,2026-08-20T22:34:58Z,2026-08-23T12:00:00Z,61.4,5.8,2.0,2.0,3.8,3.8
2-3 дня,2026-08-20T22:34:58Z,2026-08-23T15:00:00Z,64.4,4.9,2.0,2.0,2.9,2.9
2-3 дня,2026-08-20T22:34:58Z,2026-08-23T18:00:00Z,67.4,3.9,2.0,0.0,1.9,1.9
2-3 дня,2026-08-20T22:34:58Z,2026-08-23T21:00:00Z,70.4,3.9,1.0,0.0,2.9,2.9
2-3 дня,2026-08-21T04:32:20Z,2026-08-23T06:00:00Z,49.5,2.8,2.0,3.0,0.8,0.8
2-3 дня,2026-08-21T04:32:20Z,2026-08-23T09:00:00Z,52.5,4.1,3.0,1.0,1.1,1.1
2-3 дня,2026-08-21T04:32:20Z,2026-08-23T12:00:00Z,55.5,5.8,2.0,2.0,3.8,3.8
2-3 дня,2026-08-21T04:32:20Z,2026-08-23T15:00:00Z,58.5,4.9,2.0,2.0,2.9,2.9
2-3 дня,2026-08-21T04:32:20Z,2026-08-23T18:00:00Z,61.5,3.9,2.0,0.0,1.9,1.9
2-3 дня,2026-08-21T04:32:20Z,2026-08-23T21:00:00Z,64.5,3.9,1.0,0.0,2.9,2.9
2-3 дня,2026-08-21T04:32:20Z,2026-08-24T00:00:00Z,67.5,3.8,2.0,1.0,1.8,1.8
2-3 дня,2026-08-21T04:32:20Z,2026-08-24T03:00:00Z,70.5,3.6,1.0,1.0,2.6,2.6
2-3 дня,2026-08-21T10:16:50Z,2026-08-23T12:00:00Z,49.7,4.7,2.0,2.0,2.7,2.7
2-3 дня,2026-08-21T10:16:50Z,2026-08-23T15:00:00Z,52.7,6.1,2.0,2.0,4.1,4.1
2-3 дня,2026-08-21T10:16:50Z,2026-08-23T18:00:00Z,55.7,4.9,2.0,0.0,2.9,2.9
2-3 дня,2026-08-21T10:16:50Z,2026-08-23T21:00:00Z,58.7,4.1,1.0,0.0,3.1,3.1
2-3 дня,2026-08-21T10:16:50Z,2026-08-24T00:00:00Z,61.7,4.2,2.0,1.0,2.2,2.2
2-3 дня,2026-08-21T10:16:50Z,2026-08-24T03:00:00Z,64.7,3.9,1.0,1.0,2.9,2.9
2-3 дня,2026-08-21T10:16:50Z,2026-08-24T06:00:00Z,67.7,3.8,1.0,2.0,2.8,2.8
2-3 дня,2026-08-21T10:16:50Z,2026-08-24T09:00:00Z,70.7,3.5,1.0,3.0,2.5,2.5
2-3 дня,2026-08-21T16:30:34Z,2026-08-23T18:00:00Z,49.5,4.6,2.0,0.0,2.6,2.6
2-3 дня,2026-08-21T16:30:34Z,2026-08-23T21:00:00Z,52.5,4.1,1.0,0.0,3.1,3.1
2-3 дня,2026-08-21T16:30:34Z,2026-08-24T00:00:00Z,55.5,4.2,2.0,1.0,2.2,2.2
2-3 дня,2026-08-21T16:30:34Z,2026-08-24T03:00:00Z,58.5,3.9,1.0,1.0,2.9,2.9
2-3 дня,2026-08-21T16:30:34Z,2026-08-24T06:00:00Z,61.5,3.8,1.0,2.0,2.8,2.8
2-3 дня,2026-08-21T16:30:34Z,2026-08-24T09:00:00Z,64.5,3.5,1.0,3.0,2.5,2.5
2-3 дня,2026-08-21T16:30:34Z,2026-08-24T12:00:00Z,67.5,3.1,2.0,2.0,1.1,1.1
2-3 дня,2026-08-21T16:30:34Z,2026-08-24T15:00:00Z,70.5,2.4,1.0,2.0,1.4,1.4
2-3 дня,2026-08-21T22:32:12Z,2026-08-24T00:00:00Z,49.5,2.6,2.0,1.0,0.6,0.6
2-3 дня,2026-08-21T22:32:12Z,2026-08-24T03:00:00Z,52.5,3.3,1.0,1.0,2.3,2.3
2-3 дня,2026-08-21T22:32:12Z,2026-08-24T06:00:00Z,55.5,3.0,1.0,2.0,2.0,2.0
2-3 дня,2026-08-21T22:32:12Z,2026-08-24T09:00:00Z,58.5,2.5,1.0,3.0,1.5,1.5
2-3 дня,2026-08-21T22:32:12Z,2026-08-24T12:00:00Z,61.5,1.6,2.0,2.0,-0.4,0.4
2-3 дня,2026-08-21T22:32:12Z,2026-08-24T15:00:00Z,64.5,1.1,1.0,2.0,0.1,0.1
2-3 дня,2026-08-21T22:32:12Z,2026-08-24T18:00:00Z,67.5,1.1,0.0,2.0,1.1,1.1
2-3 дня,2026-08-21T22:32:12Z,2026-08-24T21:00:00Z,70.5,1.9,1.0,1.0,0.9,0.9
2-3 дня,2026-08-22T04:26:43Z,2026-08-24T06:00:00Z,49.6,2.9,1.0,2.0,1.9,1.9
2-3 дня,2026-08-22T04:26:43Z,2026-08-24T09:00:00Z,52.6,2.5,1.0,3.0,1.5,1.5
2-3 дня,2026-08-22T04:26:43Z,2026-08-24T12:00:00Z,55.6,1.6,2.0,2.0,-0.4,0.4
2-3 дня,2026-08-22T04:26:43Z,2026-08-24T15:00:00Z,58.6,1.1,1.0,2.0,0.1,0.1
2-3 дня,2026-08-22T04:26:43Z,2026-08-24T18:00:00Z,61.6,1.1,0.0,2.0,1.1,1.1
2-3 дня,2026-08-22T04:26:43Z,2026-08-24T21:00:00Z,64.6,1.9,1.0,1.0,0.9,0.9
2-3 дня,2026-08-22T04:26:43Z,2026-08-25T00:00:00Z,67.6,3.9,2.0,2.0,1.9,1.9
2-3 дня,2026-08-22T04:26:43Z,2026-08-25T03:00:00Z,70.6,3.9,2.0,1.0,1.9,1.9
2-3 дня,2026-08-22T10:09:41Z,2026-08-24T12:00:00Z,49.8,2.5,2.0,2.0,0.5,0.5
2-3 дня,2026-08-22T10:09:41Z,2026-08-24T15:00:00Z,52.8,2.0,1.0,2.0,1.0,1.0
2-3 дня,2026-08-22T10:09:41Z,2026-08-24T18:00:00Z,55.8,0.3,0.0,2.0,0.3,0.3
2-3 дня,2026-08-22T10:09:41Z,2026-08-24T21:00:00Z,58.8,3.4,1.0,1.0,2.4,2.4
2-3 дня,2026-08-22T10:09:41Z,2026-08-25T00:00:00Z,61.8,3.9,2.0,2.0,1.9,1.9
2-3 дня,2026-08-22T10:09:41Z,2026-08-25T03:00:00Z,64.8,3.9,2.0,1.0,1.9,1.9
2-3 дня,2026-08-22T10:09:41Z,2026-08-25T06:00:00Z,67.8,3.9,2.0,1.0,1.9,1.9
2-3 дня,2026-08-22T10:09:41Z,2026-08-25T09:00:00Z,70.8,4.2,3.0,1.0,1.2,1.2
2-3 дня,2026-08-22T16:20:08Z,2026-08-24T18:00:00Z,49.7,3.3,0.0,2.0,3.3,3.3
2-3 дня,2026-08-22T16:20:08Z,2026-08-24T21:00:00Z,52.7,3.4,1.0,1.0,2.4,2.4
2-3 дня,2026-08-22T16:20:08Z,2026-08-25T00:00:00Z,55.7,3.9,2.0,2.0,1.9,1.9
2-3 дня,2026-08-22T16:20:08Z,2026-08-25T03:00:00Z,58.7,3.9,2.0,1.0,1.9,1.9
2-3 дня,2026-08-22T16:20:08Z,2026-08-25T06:00:00Z,61.7,3.9,2.0,1.0,1.9,1.9
2-3 дня,2026-08-22T16:20:08Z,2026-08-25T09:00:00Z,64.7,4.2,3.0,1.0,1.2,1.2
2-3 дня,2026-08-22T16:20:08Z,2026-08-25T12:00:00Z,67.7,4.8,4.0,2.0,0.8,0.8
2-3 дня,2026-08-22T16:20:08Z,2026-08-25T15:00:00Z,70.7,4.4,3.0,1.0,1.4,1.4
2-3 дня,2026-08-22T22:29:28Z,2026-08-25T00:00:00Z,49.5,3.3,2.0,2.0,1.3,1.3
2-3 дня,2026-08-22T22:29:28Z,2026-08-25T03:00:00Z,52.5,4.3,2.0,1.0,2.3,2.3
2-3 дня,2026-08-22T22:29:28Z,2026-08-25T06:00:00Z,55.5,4.2,2.0,1.0,2.2,2.2
2-3 дня,2026-08-22T22:29:28Z,2026-08-25T09:00:00Z,58.5,4.7,3.0,1.0,1.7,1.7
2-3 дня,2026-08-22T22:29:28Z,2026-08-25T12:00:00Z,61.5,4.6,4.0,2.0,0.6,0.6
2-3 дня,2026-08-22T22:29:28Z,2026-08-25T15:00:00Z,64.5,4.9,3.0,1.0,1.9,1.9
2-3 дня,2026-08-22T22:29:28Z,2026-08-25T18:00:00Z,67.5,4.3,2.0,0.0,2.3,2.3
2-3 дня,2026-08-22T22:29:28Z,2026-08-25T21:00:00Z,70.5,2.9,1.0,1.0,1.9,1.9
2-3 дня,2026-08-23T04:31:06Z,2026-08-25T06:00:00Z,49.5,3.8,2.0,1.0,1.8,1.8
2-3 дня,2026-08-23T04:31:06Z,2026-08-25T09:00:00Z,52.5,4.7,3.0,1.0,1.7,1.7
2-3 дня,2026-08-23T04:31:06Z,2026-08-25T12:00:00Z,55.5,4.6,4.0,2.0,0.6,0.6
2-3 дня,2026-08-23T04:31:06Z,2026-08-25T15:00:00Z,58.5,4.9,3.0,1.0,1.9,1.9
2-3 дня,2026-08-23T04:31:06Z,2026-08-25T18:00:00Z,61.5,4.3,2.0,0.0,2.3,2.3
2-3 дня,2026-08-23T04:31:06Z,2026-08-25T21:00:00Z,64.5,2.9,1.0,1.0,1.9,1.9
2-3 дня,2026-08-23T04:31:06Z,2026-08-26T00:00:00Z,67.5,3.1,2.0,2.0,1.1,1.1
2-3 дня,2026-08-23T04:31:06Z,2026-08-26T03:00:00Z,70.5,2.2,1.0,2.0,1.2,1.2
2-3 дня,2026-08-23T10:10:14Z,2026-08-25T12:00:00Z,49.8,4.7,4.0,2.0,0.7,0.7
2-3 дня,2026-08-23T10:10:14Z,2026-08-25T15:00:00Z,52.8,4.8,3.0,1.0,1.8,1.8
2-3 дня,2026-08-23T10:10:14Z,2026-08-25T18:00:00Z,55.8,4.3,2.0,0.0,2.3,2.3
2-3 дня,2026-08-23T10:10:14Z,2026-08-25T21:00:00Z,58.8,3.9,1.0,1.0,2.9,2.9
2-3 дня,2026-08-23T10:10:14Z,2026-08-26T00:00:00Z,61.8,3.5,2.0,2.0,1.5,1.5
2-3 дня,2026-08-23T10:10:14Z,2026-08-26T03:00:00Z,64.8,3.3,1.0,2.0,2.3,2.3
2-3 дня,2026-08-23T10:10:14Z,2026-08-26T06:00:00Z,67.8,3.0,1.0,2.0,2.0,2.0
2-3 дня,2026-08-23T10:10:14Z,2026-08-26T09:00:00Z,70.8,4.4,3.0,3.0,1.4,1.4
2-3 дня,2026-08-23T16:21:17Z,2026-08-25T18:00:00Z,49.6,4.4,2.0,0.0,2.4,2.4
2-3 дня,2026-08-23T16:21:17Z,2026-08-25T21:00:00Z,52.6,3.9,1.0,1.0,2.9,2.9
2-3 дня,2026-08-23T16:21:17Z,2026-08-26T00:00:00Z,55.6,3.5,2.0,2.0,1.5,1.5
2-3 дня,2026-08-23T16:21:17Z,2026-08-26T03:00:00Z,58.6,3.3,1.0,2.0,2.3,2.3
2-3 дня,2026-08-23T16:21:17Z,2026-08-26T06:00:00Z,61.6,3.0,1.0,2.0,2.0,2.0
2-3 дня,2026-08-23T16:21:17Z,2026-08-26T09:00:00Z,64.6,4.4,3.0,3.0,1.4,1.4
2-3 дня,2026-08-23T16:21:17Z,2026-08-26T12:00:00Z,67.6,5.9,2.0,4.0,3.9,3.9
2-3 дня,2026-08-23T16:21:17Z,2026-08-26T15:00:00Z,70.6,4.4,2.0,3.0,2.4,2.4
2-3 дня,2026-08-23T22:29:36Z,2026-08-26T00:00:00Z,49.5,1.8,2.0,2.0,-0.2,0.2
2-3 дня,2026-08-23T22:29:36Z,2026-08-26T03:00:00Z,52.5,1.2,1.0,2.0,0.2,0.2
2-3 дня,2026-08-23T22:29:36Z,2026-08-26T06:00:00Z,55.5,1.9,1.0,2.0,0.9,0.9
2-3 дня,2026-08-23T22:29:36Z,2026-08-26T09:00:00Z,58.5,3.6,3.0,3.0,0.6,0.6
2-3 дня,2026-08-23T22:29:36Z,2026-08-26T12:00:00Z,61.5,5.1,2.0,4.0,3.1,3.1
2-3 дня,2026-08-23T22:29:36Z,2026-08-26T15:00:00Z,64.5,4.8,2.0,3.0,2.8,2.8
2-3 дня,2026-08-23T22:29:36Z,2026-08-26T18:00:00Z,67.5,2.0,1.0,2.0,1.0,1.0
2-3 дня,2026-08-23T22:29:36Z,2026-08-26T21:00:00Z,70.5,3.6,1.0,1.0,2.6,2.6
2-3 дня,2026-08-24T04:38:48Z,2026-08-26T06:00:00Z,49.4,1.6,1.0,2.0,0.6,0.6
2-3 дня,2026-08-24T04:38:48Z,2026-08-26T09:00:00Z,52.4,3.6,3.0,3.0,0.6,0.6
2-3 дня,2026-08-24T04:38:48Z,2026-08-26T12:00:00Z,55.4,5.1,2.0,4.0,3.1,3.1
2-3 дня,2026-08-24T04:38:48Z,2026-08-26T15:00:00Z,58.4,4.8,2.0,3.0,2.8,2.8
2-3 дня,2026-08-24T04:38:48Z,2026-08-26T18:00:00Z,61.4,2.0,1.0,2.0,1.0,1.0
2-3 дня,2026-08-24T04:38:48Z,2026-08-26T21:00:00Z,64.4,3.6,1.0,1.0,2.6,2.6
2-3 дня,2026-08-24T04:38:48Z,2026-08-27T00:00:00Z,67.4,2.7,1.0,2.0,1.7,1.7
2-3 дня,2026-08-24T04:38:48Z,2026-08-27T03:00:00Z,70.4,2.4,0.0,1.0,2.4,2.4
2-3 дня,2026-08-24T10:24:38Z,2026-08-26T12:00:00Z,49.6,5.6,2.0,4.0,3.6,3.6
2-3 дня,2026-08-24T10:24:38Z,2026-08-26T15:00:00Z,52.6,4.8,2.0,3.0,2.8,2.8
2-3 дня,2026-08-24T10:24:38Z,2026-08-26T18:00:00Z,55.6,2.8,1.0,2.0,1.8,1.8
2-3 дня,2026-08-24T10:24:38Z,2026-08-26T21:00:00Z,58.6,2.8,1.0,1.0,1.8,1.8
2-3 дня,2026-08-24T10:24:38Z,2026-08-27T00:00:00Z,61.6,2.2,1.0,2.0,1.2,1.2
2-3 дня,2026-08-24T10:24:38Z,2026-08-27T03:00:00Z,64.6,3.3,0.0,1.0,3.3,3.3
2-3 дня,2026-08-24T10:24:38Z,2026-08-27T06:00:00Z,67.6,4.8,3.0,1.0,1.8,1.8
2-3 дня,2026-08-24T10:24:38Z,2026-08-27T09:00:00Z,70.6,5.4,4.0,3.0,1.4,1.4
2-3 дня,2026-08-24T16:34:00Z,2026-08-26T18:00:00Z,49.4,2.9,1.0,2.0,1.9,1.9
2-3 дня,2026-08-24T16:34:00Z,2026-08-26T21:00:00Z,52.4,2.8,1.0,1.0,1.8,1.8
2-3 дня,2026-08-24T16:34:00Z,2026-08-27T00:00:00Z,55.4,2.2,1.0,2.0,1.2,1.2
2-3 дня,2026-08-24T16:34:00Z,2026-08-27T03:00:00Z,58.4,3.3,0.0,1.0,3.3,3.3
2-3 дня,2026-08-24T16:34:00Z,2026-08-27T06:00:00Z,61.4,4.8,3.0,1.0,1.8,1.8
2-3 дня,2026-08-24T16:34:00Z,2026-08-27T09:00:00Z,64.4,5.4,4.0,3.0,1.4,1.4
2-3 дня,2026-08-24T16:34:00Z,2026-08-27T12:00:00Z,67.4,5.3,4.0,2.0,1.3,1.3
2-3 дня,2026-08-24T16:34:00Z,2026-08-27T15:00:00Z,70.4,4.6,3.0,2.0,1.6,1.6
2-3 дня,2026-08-24T22:34:40Z,2026-08-27T00:00:00Z,49.4,2.2,1.0,2.0,1.2,1.2
2-3 дня,2026-08-24T22:34:40Z,2026-08-27T03:00:00Z,52.4,2.5,0.0,1.0,2.5,2.5
2-3 дня,2026-08-24T22:34:40Z,2026-08-27T06:00:00Z,55.4,4.7,3.0,1.0,1.7,1.7
2-3 дня,2026-08-24T22:34:40Z,2026-08-27T09:00:00Z,58.4,5.5,4.0,3.0,1.5,1.5
2-3 дня,2026-08-24T22:34:40Z,2026-08-27T12:00:00Z,61.4,5.8,4.0,2.0,1.8,1.8
2-3 дня,2026-08-24T22:34:40Z,2026-08-27T15:00:00Z,64.4,5.1,3.0,2.0,2.1,2.1
2-3 дня,2026-08-24T22:34:40Z,2026-08-27T18:00:00Z,67.4,3.7,2.0,1.0,1.7,1.7
2-3 дня,2026-08-24T22:34:40Z,2026-08-27T21:00:00Z,70.4,3.9,2.0,1.0,1.9,1.9
2-3 дня,2026-08-25T04:33:15Z,2026-08-27T06:00:00Z,49.4,4.1,3.0,1.0,1.1,1.1
2-3 дня,2026-08-25T04:33:15Z,2026-08-27T09:00:00Z,52.4,5.5,4.0,3.0,1.5,1.5
2-3 дня,2026-08-25T04:33:15Z,2026-08-27T12:00:00Z,55.4,5.8,4.0,2.0,1.8,1.8
2-3 дня,2026-08-25T04:33:15Z,2026-08-27T15:00:00Z,58.4,5.1,3.0,2.0,2.1,2.1
2-3 дня,2026-08-25T04:33:15Z,2026-08-27T18:00:00Z,61.4,3.7,2.0,1.0,1.7,1.7
2-3 дня,2026-08-25T04:33:15Z,2026-08-27T21:00:00Z,64.4,3.9,2.0,1.0,1.9,1.9
2-3 дня,2026-08-25T04:33:15Z,2026-08-28T00:00:00Z,67.4,4.3,3.0,1.0,1.3,1.3
2-3 дня,2026-08-25T04:33:15Z,2026-08-28T03:00:00Z,70.4,4.3,2.0,0.0,2.3,2.3
2-3 дня,2026-08-25T10:18:20Z,2026-08-27T12:00:00Z,49.7,5.9,4.0,2.0,1.9,1.9
2-3 дня,2026-08-25T10:18:20Z,2026-08-27T15:00:00Z,52.7,5.0,3.0,2.0,2.0,2.0
2-3 дня,2026-08-25T10:18:20Z,2026-08-27T18:00:00Z,55.7,4.2,2.0,1.0,2.2,2.2
2-3 дня,2026-08-25T10:18:20Z,2026-08-27T21:00:00Z,58.7,3.8,2.0,1.0,1.8,1.8
2-3 дня,2026-08-25T10:18:20Z,2026-08-28T00:00:00Z,61.7,4.3,3.0,1.0,1.3,1.3
2-3 дня,2026-08-25T10:18:20Z,2026-08-28T03:00:00Z,64.7,5.0,2.0,0.0,3.0,3.0
2-3 дня,2026-08-25T10:18:20Z,2026-08-28T06:00:00Z,67.7,6.5,4.0,3.0,2.5,2.5
2-3 дня,2026-08-25T10:18:20Z,2026-08-28T09:00:00Z,70.7,6.6,5.0,4.0,1.6,1.6
2-3 дня,2026-08-25T16:33:53Z,2026-08-27T18:00:00Z,49.4,3.1,2.0,1.0,1.1,1.1
2-3 дня,2026-08-25T16:33:53Z,2026-08-27T21:00:00Z,52.4,3.8,2.0,1.0,1.8,1.8
2-3 дня,2026-08-25T16:33:53Z,2026-08-28T00:00:00Z,55.4,4.3,3.0,1.0,1.3,1.3
2-3 дня,2026-08-25T16:33:53Z,2026-08-28T03:00:00Z,58.4,5.0,2.0,0.0,3.0,3.0
2-3 дня,2026-08-25T16:33:53Z,2026-08-28T06:00:00Z,61.4,6.5,4.0,3.0,2.5,2.5
2-3 дня,2026-08-25T16:33:53Z,2026-08-28T09:00:00Z,64.4,6.6,5.0,4.0,1.6,1.6
2-3 дня,2026-08-25T16:33:53Z,2026-08-28T12:00:00Z,67.4,6.3,4.0,4.0,2.3,2.3
2-3 дня,2026-08-25T16:33:53Z,2026-08-28T15:00:00Z,70.4,5.4,3.0,3.0,2.4,2.4
2-3 дня,2026-08-25T22:34:48Z,2026-08-28T00:00:00Z,49.4,3.6,3.0,1.0,0.6,0.6
2-3 дня,2026-08-25T22:34:48Z,2026-08-28T03:00:00Z,52.4,3.5,2.0,0.0,1.5,1.5
2-3 дня,2026-08-25T22:34:48Z,2026-08-28T06:00:00Z,55.4,4.8,4.0,3.0,0.8,0.8
2-3 дня,2026-08-25T22:34:48Z,2026-08-28T09:00:00Z,58.4,5.6,5.0,4.0,0.6,0.6
2-3 дня,2026-08-25T22:34:48Z,2026-08-28T12:00:00Z,61.4,5.6,4.0,4.0,1.6,1.6
2-3 дня,2026-08-25T22:34:48Z,2026-08-28T15:00:00Z,64.4,4.3,3.0,3.0,1.3,1.3
2-3 дня,2026-08-25T22:34:48Z,2026-08-28T18:00:00Z,67.4,2.6,0.0,2.0,2.6,2.6
2-3 дня,2026-08-25T22:34:48Z,2026-08-28T21:00:00Z,70.4,2.6,0.0,2.0,2.6,2.6
2-3 дня,2026-08-26T04:34:15Z,2026-08-28T06:00:00Z,49.4,5.3,4.0,3.0,1.3,1.3
2-3 дня,2026-08-26T04:34:15Z,2026-08-28T09:00:00Z,52.4,5.6,5.0,4.0,0.6,0.6
2-3 дня,2026-08-26T04:34:15Z,2026-08-28T12:00:00Z,55.4,5.6,4.0,4.0,1.6,1.6
2-3 дня,2026-08-26T04:34:15Z,2026-08-28T15:00:00Z,58.4,4.3,3.0,3.0,1.3,1.3
2-3 дня,2026-08-26T04:34:15Z,2026-08-28T18:00:00Z,61.4,2.6,0.0,2.0,2.6,2.6
2-3 дня,2026-08-26T04:34:15Z,2026-08-28T21:00:00Z,64.4,2.6,0.0,2.0,2.6,2.6
2-3 дня,2026-08-26T10:21:58Z,2026-08-28T12:00:00Z,49.6,5.4,4.0,4.0,1.4,1.4
2-3 дня,2026-08-26T10:21:58Z,2026-08-28T15:00:00Z,52.6,4.6,3.0,3.0,1.6,1.6
2-3 дня,2026-08-26T10:21:58Z,2026-08-28T18:00:00Z,55.6,3.5,0.0,2.0,3.5,3.5
2-3 дня,2026-08-26T10:21:58Z,2026-08-28T21:00:00Z,58.6,2.2,0.0,2.0,2.2,2.2
2-3 дня,2026-08-26T16:46:17Z,2026-08-28T18:00:00Z,49.2,2.8,0.0,2.0,2.8,2.8
2-3 дня,2026-08-26T16:46:17Z,2026-08-28T21:00:00Z,52.2,2.2,0.0,2.0,2.2,2.2
3-5 дней,2026-08-06T09:50:07Z,2026-08-09T12:00:00Z,74.2,3.4,2.0,2.0,1.4,1.4
3-5 дней,2026-08-06T09:50:07Z,2026-08-09T15:00:00Z,77.2,0.8,2.0,1.0,-1.2,1.2
3-5 дней,2026-08-06T09:50:07Z,2026-08-09T18:00:00Z,80.2,2.7,0.0,1.0,2.7,2.7
3-5 дней,2026-08-06T09:50:07Z,2026-08-09T21:00:00Z,83.2,3.7,1.0,2.0,2.7,2.7
3-5 дней,2026-08-06T09:50:07Z,2026-08-10T00:00:00Z,86.2,4.1,1.0,2.0,3.1,3.1
3-5 дней,2026-08-06T09:50:07Z,2026-08-10T03:00:00Z,89.2,4.3,2.0,2.0,2.3,2.3
3-5 дней,2026-08-06T09:50:07Z,2026-08-10T06:00:00Z,92.2,4.5,3.0,2.0,1.5,1.5
3-5 дней,2026-08-06T09:50:07Z,2026-08-10T09:00:00Z,95.2,5.3,3.0,3.0,2.3,2.3
3-5 дней,2026-08-06T09:50:07Z,2026-08-10T12:00:00Z,98.2,5.9,2.0,2.0,3.9,3.9
3-5 дней,2026-08-06T09:50:07Z,2026-08-10T15:00:00Z,101.2,3.8,2.0,2.0,1.8,1.8
3-5 дней,2026-08-06T09:50:07Z,2026-08-10T18:00:00Z,104.2,3.6,2.0,0.0,1.6,1.6
3-5 дней,2026-08-06T09:50:07Z,2026-08-10T21:00:00Z,107.2,3.3,2.0,1.0,1.3,1.3
3-5 дней,2026-08-06T09:50:07Z,2026-08-11T00:00:00Z,110.2,2.5,2.0,1.0,0.5,0.5
3-5 дней,2026-08-06T09:50:07Z,2026-08-11T03:00:00Z,113.2,3.2,2.0,2.0,1.2,1.2
3-5 дней,2026-08-06T09:50:07Z,2026-08-11T06:00:00Z,116.2,3.1,3.0,3.0,0.1,0.1
3-5 дней,2026-08-06T09:50:07Z,2026-08-11T09:00:00Z,119.2,4.3,4.0,3.0,0.3,0.3
3-5 дней,2026-08-06T09:59:18Z,2026-08-09T12:00:00Z,74.0,3.4,2.0,2.0,1.4,1.4
3-5 дней,2026-08-06T09:59:18Z,2026-08-09T15:00:00Z,77.0,0.8,2.0,1.0,-1.2,1.2
3-5 дней,2026-08-06T09:59:18Z,2026-08-09T18:00:00Z,80.0,2.7,0.0,1.0,2.7,2.7
3-5 дней,2026-08-06T09:59:18Z,2026-08-09T21:00:00Z,83.0,3.7,1.0,2.0,2.7,2.7
3-5 дней,2026-08-06T09:59:18Z,2026-08-10T00:00:00Z,86.0,4.1,1.0,2.0,3.1,3.1
3-5 дней,2026-08-06T09:59:18Z,2026-08-10T03:00:00Z,89.0,4.3,2.0,2.0,2.3,2.3
3-5 дней,2026-08-06T09:59:18Z,2026-08-10T06:00:00Z,92.0,4.5,3.0,2.0,1.5,1.5
3-5 дней,2026-08-06T09:59:18Z,2026-08-10T09:00:00Z,95.0,5.3,3.0,3.0,2.3,2.3
3-5 дней,2026-08-06T09:59:18Z,2026-08-10T12:00:00Z,98.0,5.9,2.0,2.0,3.9,3.9
3-5 дней,2026-08-06T09:59:18Z,2026-08-10T15:00:00Z,101.0,3.8,2.0,2.0,1.8,1.8
3-5 дней,2026-08-06T09:59:18Z,2026-08-10T18:00:00Z,104.0,3.6,2.0,0.0,1.6,1.6
3-5 дней,2026-08-06T09:59:18Z,2026-08-10T21:00:00Z,107.0,3.3,2.0,1.0,1.3,1.3
3-5 дней,2026-08-06T09:59:18Z,2026-08-11T00:00:00Z,110.0,2.5,2.0,1.0,0.5,0.5
3-5 дней,2026-08-06T09:59:18Z,2026-08-11T03:00:00Z,113.0,3.2,2.0,2.0,1.2,1.2
3-5 дней,2026-08-06T09:59:18Z,2026-08-11T06:00:00Z,116.0,3.1,3.0,3.0,0.1,0.1
3-5 дней,2026-08-06T09:59:18Z,2026-08-11T09:00:00Z,119.0,4.3,4.0,3.0,0.3,0.3
3-5 дней,2026-08-06T10:08:26Z,2026-08-09T12:00:00Z,73.9,3.4,2.0,2.0,1.4,1.4
3-5 дней,2026-08-06T10:08:26Z,2026-08-09T15:00:00Z,76.9,0.8,2.0,1.0,-1.2,1.2
3-5 дней,2026-08-06T10:08:26Z,2026-08-09T18:00:00Z,79.9,2.7,0.0,1.0,2.7,2.7
3-5 дней,2026-08-06T10:08:26Z,2026-08-09T21:00:00Z,82.9,3.7,1.0,2.0,2.7,2.7
3-5 дней,2026-08-06T10:08:26Z,2026-08-10T00:00:00Z,85.9,4.1,1.0,2.0,3.1,3.1
3-5 дней,2026-08-06T10:08:26Z,2026-08-10T03:00:00Z,88.9,4.3,2.0,2.0,2.3,2.3
3-5 дней,2026-08-06T10:08:26Z,2026-08-10T06:00:00Z,91.9,4.5,3.0,2.0,1.5,1.5
3-5 дней,2026-08-06T10:08:26Z,2026-08-10T09:00:00Z,94.9,5.3,3.0,3.0,2.3,2.3
3-5 дней,2026-08-06T10:08:26Z,2026-08-10T12:00:00Z,97.9,5.9,2.0,2.0,3.9,3.9
3-5 дней,2026-08-06T10:08:26Z,2026-08-10T15:00:00Z,100.9,3.8,2.0,2.0,1.8,1.8
3-5 дней,2026-08-06T10:08:26Z,2026-08-10T18:00:00Z,103.9,3.6,2.0,0.0,1.6,1.6
3-5 дней,2026-08-06T10:08:26Z,2026-08-10T21:00:00Z,106.9,3.3,2.0,1.0,1.3,1.3
3-5 дней,2026-08-06T10:08:26Z,2026-08-11T00:00:00Z,109.9,2.5,2.0,1.0,0.5,0.5
3-5 дней,2026-08-06T10:08:26Z,2026-08-11T03:00:00Z,112.9,3.2,2.0,2.0,1.2,1.2
3-5 дней,2026-08-06T10:08:26Z,2026-08-11T06:00:00Z,115.9,3.1,3.0,3.0,0.1,0.1
3-5 дней,2026-08-06T10:08:26Z,2026-08-11T09:00:00Z,118.9,4.3,4.0,3.0,0.3,0.3
3-5 дней,2026-08-06T10:47:54Z,2026-08-09T12:00:00Z,73.2,3.4,2.0,2.0,1.4,1.4
3-5 дней,2026-08-06T10:47:54Z,2026-08-09T15:00:00Z,76.2,0.8,2.0,1.0,-1.2,1.2
3-5 дней,2026-08-06T10:47:54Z,2026-08-09T18:00:00Z,79.2,2.7,0.0,1.0,2.7,2.7
3-5 дней,2026-08-06T10:47:54Z,2026-08-09T21:00:00Z,82.2,3.7,1.0,2.0,2.7,2.7
3-5 дней,2026-08-06T10:47:54Z,2026-08-10T00:00:00Z,85.2,4.1,1.0,2.0,3.1,3.1
3-5 дней,2026-08-06T10:47:54Z,2026-08-10T03:00:00Z,88.2,4.3,2.0,2.0,2.3,2.3
3-5 дней,2026-08-06T10:47:54Z,2026-08-10T06:00:00Z,91.2,4.5,3.0,2.0,1.5,1.5
3-5 дней,2026-08-06T10:47:54Z,2026-08-10T09:00:00Z,94.2,5.3,3.0,3.0,2.3,2.3
3-5 дней,2026-08-06T10:47:54Z,2026-08-10T12:00:00Z,97.2,5.9,2.0,2.0,3.9,3.9
3-5 дней,2026-08-06T10:47:54Z,2026-08-10T15:00:00Z,100.2,3.8,2.0,2.0,1.8,1.8
3-5 дней,2026-08-06T10:47:54Z,2026-08-10T18:00:00Z,103.2,3.6,2.0,0.0,1.6,1.6
3-5 дней,2026-08-06T10:47:54Z,2026-08-10T21:00:00Z,106.2,3.3,2.0,1.0,1.3,1.3
3-5 дней,2026-08-06T10:47:54Z,2026-08-11T00:00:00Z,109.2,2.5,2.0,1.0,0.5,0.5
3-5 дней,2026-08-06T10:47:54Z,2026-08-11T03:00:00Z,112.2,3.2,2.0,2.0,1.2,1.2
3-5 дней,2026-08-06T10:47:54Z,2026-08-11T06:00:00Z,115.2,3.1,3.0,3.0,0.1,0.1
3-5 дней,2026-08-06T10:47:54Z,2026-08-11T09:00:00Z,118.2,4.3,4.0,3.0,0.3,0.3
3-5 дней,2026-08-06T11:30:42Z,2026-08-09T12:00:00Z,72.5,3.4,2.0,2.0,1.4,1.4
3-5 дней,2026-08-06T11:30:42Z,2026-08-09T15:00:00Z,75.5,0.8,2.0,1.0,-1.2,1.2
3-5 дней,2026-08-06T11:30:42Z,2026-08-09T18:00:00Z,78.5,2.7,0.0,1.0,2.7,2.7
3-5 дней,2026-08-06T11:30:42Z,2026-08-09T21:00:00Z,81.5,3.7,1.0,2.0,2.7,2.7
3-5 дней,2026-08-06T11:30:42Z,2026-08-10T00:00:00Z,84.5,4.1,1.0,2.0,3.1,3.1
3-5 дней,2026-08-06T11:30:42Z,2026-08-10T03:00:00Z,87.5,4.3,2.0,2.0,2.3,2.3
3-5 дней,2026-08-06T11:30:42Z,2026-08-10T06:00:00Z,90.5,4.5,3.0,2.0,1.5,1.5
3-5 дней,2026-08-06T11:30:42Z,2026-08-10T09:00:00Z,93.5,5.3,3.0,3.0,2.3,2.3
3-5 дней,2026-08-06T11:30:42Z,2026-08-10T12:00:00Z,96.5,5.9,2.0,2.0,3.9,3.9
3-5 дней,2026-08-06T11:30:42Z,2026-08-10T15:00:00Z,99.5,3.8,2.0,2.0,1.8,1.8
3-5 дней,2026-08-06T11:30:42Z,2026-08-10T18:00:00Z,102.5,3.6,2.0,0.0,1.6,1.6
3-5 дней,2026-08-06T11:30:42Z,2026-08-10T21:00:00Z,105.5,3.3,2.0,1.0,1.3,1.3
3-5 дней,2026-08-06T11:30:42Z,2026-08-11T00:00:00Z,108.5,2.5,2.0,1.0,0.5,0.5
3-5 дней,2026-08-06T11:30:42Z,2026-08-11T03:00:00Z,111.5,3.2,2.0,2.0,1.2,1.2
3-5 дней,2026-08-06T11:30:42Z,2026-08-11T06:00:00Z,114.5,3.1,3.0,3.0,0.1,0.1
3-5 дней,2026-08-06T11:30:42Z,2026-08-11T09:00:00Z,117.5,4.3,4.0,3.0,0.3,0.3
3-5 дней,2026-08-06T11:36:01Z,2026-08-09T12:00:00Z,72.4,3.4,2.0,2.0,1.4,1.4
3-5 дней,2026-08-06T11:36:01Z,2026-08-09T15:00:00Z,75.4,0.8,2.0,1.0,-1.2,1.2
3-5 дней,2026-08-06T11:36:01Z,2026-08-09T18:00:00Z,78.4,2.7,0.0,1.0,2.7,2.7
3-5 дней,2026-08-06T11:36:01Z,2026-08-09T21:00:00Z,81.4,3.7,1.0,2.0,2.7,2.7
3-5 дней,2026-08-06T11:36:01Z,2026-08-10T00:00:00Z,84.4,4.1,1.0,2.0,3.1,3.1
3-5 дней,2026-08-06T11:36:01Z,2026-08-10T03:00:00Z,87.4,4.3,2.0,2.0,2.3,2.3
3-5 дней,2026-08-06T11:36:01Z,2026-08-10T06:00:00Z,90.4,4.5,3.0,2.0,1.5,1.5
3-5 дней,2026-08-06T11:36:01Z,2026-08-10T09:00:00Z,93.4,5.3,3.0,3.0,2.3,2.3
3-5 дней,2026-08-06T11:36:01Z,2026-08-10T12:00:00Z,96.4,5.9,2.0,2.0,3.9,3.9
3-5 дней,2026-08-06T11:36:01Z,2026-08-10T15:00:00Z,99.4,3.8,2.0,2.0,1.8,1.8
3-5 дней,2026-08-06T11:36:01Z,2026-08-10T18:00:00Z,102.4,3.6,2.0,0.0,1.6,1.6
3-5 дней,2026-08-06T11:36:01Z,2026-08-10T21:00:00Z,105.4,3.3,2.0,1.0,1.3,1.3
3-5 дней,2026-08-06T11:36:01Z,2026-08-11T00:00:00Z,108.4,2.5,2.0,1.0,0.5,0.5
3-5 дней,2026-08-06T11:36:01Z,2026-08-11T03:00:00Z,111.4,3.2,2.0,2.0,1.2,1.2
3-5 дней,2026-08-06T11:36:01Z,2026-08-11T06:00:00Z,114.4,3.1,3.0,3.0,0.1,0.1
3-5 дней,2026-08-06T11:36:01Z,2026-08-11T09:00:00Z,117.4,4.3,4.0,3.0,0.3,0.3
3-5 дней,2026-08-06T11:44:08Z,2026-08-09T12:00:00Z,72.3,3.4,2.0,2.0,1.4,1.4
3-5 дней,2026-08-06T11:44:08Z,2026-08-09T15:00:00Z,75.3,0.8,2.0,1.0,-1.2,1.2
3-5 дней,2026-08-06T11:44:08Z,2026-08-09T18:00:00Z,78.3,2.7,0.0,1.0,2.7,2.7
3-5 дней,2026-08-06T11:44:08Z,2026-08-09T21:00:00Z,81.3,3.7,1.0,2.0,2.7,2.7
3-5 дней,2026-08-06T11:44:08Z,2026-08-10T00:00:00Z,84.3,4.1,1.0,2.0,3.1,3.1
3-5 дней,2026-08-06T11:44:08Z,2026-08-10T03:00:00Z,87.3,4.3,2.0,2.0,2.3,2.3
3-5 дней,2026-08-06T11:44:08Z,2026-08-10T06:00:00Z,90.3,4.5,3.0,2.0,1.5,1.5
3-5 дней,2026-08-06T11:44:08Z,2026-08-10T09:00:00Z,93.3,5.3,3.0,3.0,2.3,2.3
3-5 дней,2026-08-06T11:44:08Z,2026-08-10T12:00:00Z,96.3,5.9,2.0,2.0,3.9,3.9
3-5 дней,2026-08-06T11:44:08Z,2026-08-10T15:00:00Z,99.3,3.8,2.0,2.0,1.8,1.8
3-5 дней,2026-08-06T11:44:08Z,2026-08-10T18:00:00Z,102.3,3.6,2.0,0.0,1.6,1.6
3-5 дней,2026-08-06T11:44:08Z,2026-08-10T21:00:00Z,105.3,3.3,2.0,1.0,1.3,1.3
3-5 дней,2026-08-06T11:44:08Z,2026-08-11T00:00:00Z,108.3,2.5,2.0,1.0,0.5,0.5
3-5 дней,2026-08-06T11:44:08Z,2026-08-11T03:00:00Z,111.3,3.2,2.0,2.0,1.2,1.2
3-5 дней,2026-08-06T11:44:08Z,2026-08-11T06:00:00Z,114.3,3.1,3.0,3.0,0.1,0.1
3-5 дней,2026-08-06T11:44:08Z,2026-08-11T09:00:00Z,117.3,4.3,4.0,3.0,0.3,0.3
3-5 дней,2026-08-07T01:31:32Z,2026-08-10T03:00:00Z,73.5,2.9,2.0,2.0,0.9,0.9
3-5 дней,2026-08-07T01:31:32Z,2026-08-10T06:00:00Z,76.5,3.7,3.0,2.0,0.7,0.7
3-5 дней,2026-08-07T01:31:32Z,2026-08-10T09:00:00Z,79.5,4.4,3.0,3.0,1.4,1.4
3-5 дней,2026-08-07T01:31:32Z,2026-08-10T12:00:00Z,82.5,5.2,2.0,2.0,3.2,3.2
3-5 дней,2026-08-07T01:31:32Z,2026-08-10T15:00:00Z,85.5,4.7,2.0,2.0,2.7,2.7
3-5 дней,2026-08-07T01:31:32Z,2026-08-10T18:00:00Z,88.5,4.4,2.0,0.0,2.4,2.4
3-5 дней,2026-08-07T01:31:32Z,2026-08-10T21:00:00Z,91.5,4.5,2.0,1.0,2.5,2.5
3-5 дней,2026-08-07T01:31:32Z,2026-08-11T00:00:00Z,94.5,4.3,2.0,1.0,2.3,2.3
3-5 дней,2026-08-07T01:31:32Z,2026-08-11T03:00:00Z,97.5,4.7,2.0,2.0,2.7,2.7
3-5 дней,2026-08-07T01:31:32Z,2026-08-11T06:00:00Z,100.5,5.2,3.0,3.0,2.2,2.2
3-5 дней,2026-08-07T01:31:32Z,2026-08-11T09:00:00Z,103.5,5.3,4.0,3.0,1.3,1.3
3-5 дней,2026-08-07T01:31:32Z,2026-08-11T12:00:00Z,106.5,3.6,4.0,2.0,-0.4,0.4
3-5 дней,2026-08-07T01:31:32Z,2026-08-11T15:00:00Z,109.5,3.4,4.0,2.0,-0.6,0.6
3-5 дней,2026-08-07T01:31:32Z,2026-08-11T18:00:00Z,112.5,3.1,2.0,2.0,1.1,1.1
3-5 дней,2026-08-07T01:31:32Z,2026-08-11T21:00:00Z,115.5,2.3,1.0,2.0,1.3,1.3
3-5 дней,2026-08-07T01:31:32Z,2026-08-12T00:00:00Z,118.5,2.9,1.0,2.0,1.9,1.9
3-5 дней,2026-08-07T05:36:00Z,2026-08-10T06:00:00Z,72.4,3.7,3.0,2.0,0.7,0.7
3-5 дней,2026-08-07T05:36:00Z,2026-08-10T09:00:00Z,75.4,4.4,3.0,3.0,1.4,1.4
3-5 дней,2026-08-07T05:36:00Z,2026-08-10T12:00:00Z,78.4,5.2,2.0,2.0,3.2,3.2
3-5 дней,2026-08-07T05:36:00Z,2026-08-10T15:00:00Z,81.4,4.7,2.0,2.0,2.7,2.7
3-5 дней,2026-08-07T05:36:00Z,2026-08-10T18:00:00Z,84.4,4.4,2.0,0.0,2.4,2.4
3-5 дней,2026-08-07T05:36:00Z,2026-08-10T21:00:00Z,87.4,4.5,2.0,1.0,2.5,2.5
3-5 дней,2026-08-07T05:36:00Z,2026-08-11T00:00:00Z,90.4,4.3,2.0,1.0,2.3,2.3
3-5 дней,2026-08-07T05:36:00Z,2026-08-11T03:00:00Z,93.4,4.7,2.0,2.0,2.7,2.7
3-5 дней,2026-08-07T05:36:00Z,2026-08-11T06:00:00Z,96.4,5.2,3.0,3.0,2.2,2.2
3-5 дней,2026-08-07T05:36:00Z,2026-08-11T09:00:00Z,99.4,5.3,4.0,3.0,1.3,1.3
3-5 дней,2026-08-07T05:36:00Z,2026-08-11T12:00:00Z,102.4,3.6,4.0,2.0,-0.4,0.4
3-5 дней,2026-08-07T05:36:00Z,2026-08-11T15:00:00Z,105.4,3.4,4.0,2.0,-0.6,0.6
3-5 дней,2026-08-07T05:36:00Z,2026-08-11T18:00:00Z,108.4,3.1,2.0,2.0,1.1,1.1
3-5 дней,2026-08-07T05:36:00Z,2026-08-11T21:00:00Z,111.4,2.3,1.0,2.0,1.3,1.3
3-5 дней,2026-08-07T05:36:00Z,2026-08-12T00:00:00Z,114.4,2.9,1.0,2.0,1.9,1.9
3-5 дней,2026-08-07T05:36:00Z,2026-08-12T03:00:00Z,117.4,4.4,1.0,2.0,3.4,3.4
3-5 дней,2026-08-07T06:18:59Z,2026-08-10T09:00:00Z,74.7,4.4,3.0,3.0,1.4,1.4
3-5 дней,2026-08-07T06:18:59Z,2026-08-10T12:00:00Z,77.7,5.2,2.0,2.0,3.2,3.2
3-5 дней,2026-08-07T06:18:59Z,2026-08-10T15:00:00Z,80.7,4.7,2.0,2.0,2.7,2.7
3-5 дней,2026-08-07T06:18:59Z,2026-08-10T18:00:00Z,83.7,4.4,2.0,0.0,2.4,2.4
3-5 дней,2026-08-07T06:18:59Z,2026-08-10T21:00:00Z,86.7,4.5,2.0,1.0,2.5,2.5
3-5 дней,2026-08-07T06:18:59Z,2026-08-11T00:00:00Z,89.7,4.3,2.0,1.0,2.3,2.3
3-5 дней,2026-08-07T06:18:59Z,2026-08-11T03:00:00Z,92.7,4.7,2.0,2.0,2.7,2.7
3-5 дней,2026-08-07T06:18:59Z,2026-08-11T06:00:00Z,95.7,5.2,3.0,3.0,2.2,2.2
3-5 дней,2026-08-07T06:18:59Z,2026-08-11T09:00:00Z,98.7,5.3,4.0,3.0,1.3,1.3
3-5 дней,2026-08-07T06:18:59Z,2026-08-11T12:00:00Z,101.7,3.6,4.0,2.0,-0.4,0.4
3-5 дней,2026-08-07T06:18:59Z,2026-08-11T15:00:00Z,104.7,3.4,4.0,2.0,-0.6,0.6
3-5 дней,2026-08-07T06:18:59Z,2026-08-11T18:00:00Z,107.7,3.1,2.0,2.0,1.1,1.1
3-5 дней,2026-08-07T06:18:59Z,2026-08-11T21:00:00Z,110.7,2.3,1.0,2.0,1.3,1.3
3-5 дней,2026-08-07T06:18:59Z,2026-08-12T00:00:00Z,113.7,2.9,1.0,2.0,1.9,1.9
3-5 дней,2026-08-07T06:18:59Z,2026-08-12T03:00:00Z,116.7,4.4,1.0,2.0,3.4,3.4
3-5 дней,2026-08-07T06:18:59Z,2026-08-12T06:00:00Z,119.7,4.6,2.0,3.0,2.6,2.6
3-5 дней,2026-08-07T07:13:52Z,2026-08-10T09:00:00Z,73.8,4.4,3.0,3.0,1.4,1.4
3-5 дней,2026-08-07T07:13:52Z,2026-08-10T12:00:00Z,76.8,5.2,2.0,2.0,3.2,3.2
3-5 дней,2026-08-07T07:13:52Z,2026-08-10T15:00:00Z,79.8,4.7,2.0,2.0,2.7,2.7
3-5 дней,2026-08-07T07:13:52Z,2026-08-10T18:00:00Z,82.8,4.4,2.0,0.0,2.4,2.4
3-5 дней,2026-08-07T07:13:52Z,2026-08-10T21:00:00Z,85.8,4.5,2.0,1.0,2.5,2.5
3-5 дней,2026-08-07T07:13:52Z,2026-08-11T00:00:00Z,88.8,4.3,2.0,1.0,2.3,2.3
3-5 дней,2026-08-07T07:13:52Z,2026-08-11T03:00:00Z,91.8,4.7,2.0,2.0,2.7,2.7
3-5 дней,2026-08-07T07:13:52Z,2026-08-11T06:00:00Z,94.8,5.2,3.0,3.0,2.2,2.2
3-5 дней,2026-08-07T07:13:52Z,2026-08-11T09:00:00Z,97.8,5.3,4.0,3.0,1.3,1.3
3-5 дней,2026-08-07T07:13:52Z,2026-08-11T12:00:00Z,100.8,3.6,4.0,2.0,-0.4,0.4
3-5 дней,2026-08-07T07:13:52Z,2026-08-11T15:00:00Z,103.8,3.4,4.0,2.0,-0.6,0.6
3-5 дней,2026-08-07T07:13:52Z,2026-08-11T18:00:00Z,106.8,3.1,2.0,2.0,1.1,1.1
3-5 дней,2026-08-07T07:13:52Z,2026-08-11T21:00:00Z,109.8,2.3,1.0,2.0,1.3,1.3
3-5 дней,2026-08-07T07:13:52Z,2026-08-12T00:00:00Z,112.8,2.9,1.0,2.0,1.9,1.9
3-5 дней,2026-08-07T07:13:52Z,2026-08-12T03:00:00Z,115.8,4.4,1.0,2.0,3.4,3.4
3-5 дней,2026-08-07T07:13:52Z,2026-08-12T06:00:00Z,118.8,4.6,2.0,3.0,2.6,2.6
3-5 дней,2026-08-07T10:39:14Z,2026-08-10T12:00:00Z,73.3,4.6,2.0,2.0,2.6,2.6
3-5 дней,2026-08-07T10:39:14Z,2026-08-10T15:00:00Z,76.3,4.1,2.0,2.0,2.1,2.1
3-5 дней,2026-08-07T10:39:14Z,2026-08-10T18:00:00Z,79.3,4.0,2.0,0.0,2.0,2.0
3-5 дней,2026-08-07T10:39:14Z,2026-08-10T21:00:00Z,82.3,4.6,2.0,1.0,2.6,2.6
3-5 дней,2026-08-07T10:39:14Z,2026-08-11T00:00:00Z,85.3,4.4,2.0,1.0,2.4,2.4
3-5 дней,2026-08-07T10:39:14Z,2026-08-11T03:00:00Z,88.3,4.4,2.0,2.0,2.4,2.4
3-5 дней,2026-08-07T10:39:14Z,2026-08-11T06:00:00Z,91.3,5.1,3.0,3.0,2.1,2.1
3-5 дней,2026-08-07T10:39:14Z,2026-08-11T09:00:00Z,94.3,5.9,4.0,3.0,1.9,1.9
3-5 дней,2026-08-07T10:39:14Z,2026-08-11T12:00:00Z,97.3,5.0,4.0,2.0,1.0,1.0
3-5 дней,2026-08-07T10:39:14Z,2026-08-11T15:00:00Z,100.3,3.1,4.0,2.0,-0.9,0.9
3-5 дней,2026-08-07T10:39:14Z,2026-08-11T18:00:00Z,103.3,2.6,2.0,2.0,0.6,0.6
3-5 дней,2026-08-07T10:39:14Z,2026-08-11T21:00:00Z,106.3,1.1,1.0,2.0,0.1,0.1
3-5 дней,2026-08-07T10:39:14Z,2026-08-12T00:00:00Z,109.3,2.1,1.0,2.0,1.1,1.1
3-5 дней,2026-08-07T10:39:14Z,2026-08-12T03:00:00Z,112.3,3.2,1.0,2.0,2.2,2.2
3-5 дней,2026-08-07T10:39:14Z,2026-08-12T06:00:00Z,115.3,3.5,2.0,3.0,1.5,1.5
3-5 дней,2026-08-07T10:39:14Z,2026-08-12T09:00:00Z,118.3,4.1,2.0,4.0,2.1,2.1
3-5 дней,2026-08-07T16:51:54Z,2026-08-10T18:00:00Z,73.1,4.0,2.0,0.0,2.0,2.0
3-5 дней,2026-08-07T16:51:54Z,2026-08-10T21:00:00Z,76.1,4.6,2.0,1.0,2.6,2.6
3-5 дней,2026-08-07T16:51:54Z,2026-08-11T00:00:00Z,79.1,4.4,2.0,1.0,2.4,2.4
3-5 дней,2026-08-07T16:51:54Z,2026-08-11T03:00:00Z,82.1,4.4,2.0,2.0,2.4,2.4
3-5 дней,2026-08-07T16:51:54Z,2026-08-11T06:00:00Z,85.1,5.1,3.0,3.0,2.1,2.1
3-5 дней,2026-08-07T16:51:54Z,2026-08-11T09:00:00Z,88.1,5.9,4.0,3.0,1.9,1.9
3-5 дней,2026-08-07T16:51:54Z,2026-08-11T12:00:00Z,91.1,5.0,4.0,2.0,1.0,1.0
3-5 дней,2026-08-07T16:51:54Z,2026-08-11T15:00:00Z,94.1,3.1,4.0,2.0,-0.9,0.9
3-5 дней,2026-08-07T16:51:54Z,2026-08-11T18:00:00Z,97.1,2.6,2.0,2.0,0.6,0.6
3-5 дней,2026-08-07T16:51:54Z,2026-08-11T21:00:00Z,100.1,1.1,1.0,2.0,0.1,0.1
3-5 дней,2026-08-07T16:51:54Z,2026-08-12T00:00:00Z,103.1,2.1,1.0,2.0,1.1,1.1
3-5 дней,2026-08-07T16:51:54Z,2026-08-12T03:00:00Z,106.1,3.2,1.0,2.0,2.2,2.2
3-5 дней,2026-08-07T16:51:54Z,2026-08-12T06:00:00Z,109.1,3.5,2.0,3.0,1.5,1.5
3-5 дней,2026-08-07T16:51:54Z,2026-08-12T09:00:00Z,112.1,4.1,2.0,4.0,2.1,2.1
3-5 дней,2026-08-07T16:51:54Z,2026-08-12T12:00:00Z,115.1,5.3,3.0,4.0,2.3,2.3
3-5 дней,2026-08-07T16:51:54Z,2026-08-12T15:00:00Z,118.1,5.4,4.0,4.0,1.4,1.4
3-5 дней,2026-08-07T22:45:57Z,2026-08-11T00:00:00Z,73.2,4.2,2.0,1.0,2.2,2.2
3-5 дней,2026-08-07T22:45:57Z,2026-08-11T03:00:00Z,76.2,4.3,2.0,2.0,2.3,2.3
3-5 дней,2026-08-07T22:45:57Z,2026-08-11T06:00:00Z,79.2,5.1,3.0,3.0,2.1,2.1
3-5 дней,2026-08-07T22:45:57Z,2026-08-11T09:00:00Z,82.2,6.1,4.0,3.0,2.1,2.1
3-5 дней,2026-08-07T22:45:57Z,2026-08-11T12:00:00Z,85.2,5.6,4.0,2.0,1.6,1.6
3-5 дней,2026-08-07T22:45:57Z,2026-08-11T15:00:00Z,88.2,4.4,4.0,2.0,0.4,0.4
3-5 дней,2026-08-07T22:45:57Z,2026-08-11T18:00:00Z,91.2,4.3,2.0,2.0,2.3,2.3
3-5 дней,2026-08-07T22:45:57Z,2026-08-11T21:00:00Z,94.2,2.7,1.0,2.0,1.7,1.7
3-5 дней,2026-08-07T22:45:57Z,2026-08-12T00:00:00Z,97.2,5.1,1.0,2.0,4.1,4.1
3-5 дней,2026-08-07T22:45:57Z,2026-08-12T03:00:00Z,100.2,3.5,1.0,2.0,2.5,2.5
3-5 дней,2026-08-07T22:45:57Z,2026-08-12T06:00:00Z,103.2,3.4,2.0,3.0,1.4,1.4
3-5 дней,2026-08-07T22:45:57Z,2026-08-12T09:00:00Z,106.2,5.6,2.0,4.0,3.6,3.6
3-5 дней,2026-08-07T22:45:57Z,2026-08-12T12:00:00Z,109.2,7.1,3.0,4.0,4.1,4.1
3-5 дней,2026-08-07T22:45:57Z,2026-08-12T15:00:00Z,112.2,6.9,4.0,4.0,2.9,2.9
3-5 дней,2026-08-07T22:45:57Z,2026-08-12T18:00:00Z,115.2,6.3,3.0,2.0,3.3,3.3
3-5 дней,2026-08-07T22:45:57Z,2026-08-12T21:00:00Z,118.2,5.8,3.0,1.0,2.8,2.8
3-5 дней,2026-08-07T23:19:23Z,2026-08-11T00:00:00Z,72.7,4.2,2.0,1.0,2.2,2.2
3-5 дней,2026-08-07T23:19:23Z,2026-08-11T03:00:00Z,75.7,4.3,2.0,2.0,2.3,2.3
3-5 дней,2026-08-07T23:19:23Z,2026-08-11T06:00:00Z,78.7,5.1,3.0,3.0,2.1,2.1
3-5 дней,2026-08-07T23:19:23Z,2026-08-11T09:00:00Z,81.7,6.1,4.0,3.0,2.1,2.1
3-5 дней,2026-08-07T23:19:23Z,2026-08-11T12:00:00Z,84.7,5.6,4.0,2.0,1.6,1.6
3-5 дней,2026-08-07T23:19:23Z,2026-08-11T15:00:00Z,87.7,4.4,4.0,2.0,0.4,0.4
3-5 дней,2026-08-07T23:19:23Z,2026-08-11T18:00:00Z,90.7,4.3,2.0,2.0,2.3,2.3
3-5 дней,2026-08-07T23:19:23Z,2026-08-11T21:00:00Z,93.7,2.7,1.0,2.0,1.7,1.7
3-5 дней,2026-08-07T23:19:23Z,2026-08-12T00:00:00Z,96.7,5.1,1.0,2.0,4.1,4.1
3-5 дней,2026-08-07T23:19:23Z,2026-08-12T03:00:00Z,99.7,3.5,1.0,2.0,2.5,2.5
3-5 дней,2026-08-07T23:19:23Z,2026-08-12T06:00:00Z,102.7,3.4,2.0,3.0,1.4,1.4
3-5 дней,2026-08-07T23:19:23Z,2026-08-12T09:00:00Z,105.7,5.6,2.0,4.0,3.6,3.6
3-5 дней,2026-08-07T23:19:23Z,2026-08-12T12:00:00Z,108.7,7.1,3.0,4.0,4.1,4.1
3-5 дней,2026-08-07T23:19:23Z,2026-08-12T15:00:00Z,111.7,6.9,4.0,4.0,2.9,2.9
3-5 дней,2026-08-07T23:19:23Z,2026-08-12T18:00:00Z,114.7,6.3,3.0,2.0,3.3,3.3
3-5 дней,2026-08-07T23:19:23Z,2026-08-12T21:00:00Z,117.7,5.8,3.0,1.0,2.8,2.8
3-5 дней,2026-08-08T04:50:53Z,2026-08-11T06:00:00Z,73.2,5.1,3.0,3.0,2.1,2.1
3-5 дней,2026-08-08T04:50:53Z,2026-08-11T09:00:00Z,76.2,6.1,4.0,3.0,2.1,2.1
3-5 дней,2026-08-08T04:50:53Z,2026-08-11T12:00:00Z,79.2,5.6,4.0,2.0,1.6,1.6
3-5 дней,2026-08-08T04:50:53Z,2026-08-11T15:00:00Z,82.2,4.4,4.0,2.0,0.4,0.4
3-5 дней,2026-08-08T04:50:53Z,2026-08-11T18:00:00Z,85.2,4.3,2.0,2.0,2.3,2.3
3-5 дней,2026-08-08T04:50:53Z,2026-08-11T21:00:00Z,88.2,2.7,1.0,2.0,1.7,1.7
3-5 дней,2026-08-08T04:50:53Z,2026-08-12T00:00:00Z,91.2,5.1,1.0,2.0,4.1,4.1
3-5 дней,2026-08-08T04:50:53Z,2026-08-12T03:00:00Z,94.2,3.5,1.0,2.0,2.5,2.5
3-5 дней,2026-08-08T04:50:53Z,2026-08-12T06:00:00Z,97.2,3.4,2.0,3.0,1.4,1.4
3-5 дней,2026-08-08T04:50:53Z,2026-08-12T09:00:00Z,100.2,5.6,2.0,4.0,3.6,3.6
3-5 дней,2026-08-08T04:50:53Z,2026-08-12T12:00:00Z,103.2,7.1,3.0,4.0,4.1,4.1
3-5 дней,2026-08-08T04:50:53Z,2026-08-12T15:00:00Z,106.2,6.9,4.0,4.0,2.9,2.9
3-5 дней,2026-08-08T04:50:53Z,2026-08-12T18:00:00Z,109.2,6.3,3.0,2.0,3.3,3.3
3-5 дней,2026-08-08T04:50:53Z,2026-08-12T21:00:00Z,112.2,5.8,3.0,1.0,2.8,2.8
3-5 дней,2026-08-08T04:50:53Z,2026-08-13T00:00:00Z,115.2,5.2,3.0,1.0,2.2,2.2
3-5 дней,2026-08-08T04:50:53Z,2026-08-13T03:00:00Z,118.2,4.8,4.0,1.0,0.8,0.8
3-5 дней,2026-08-08T10:18:13Z,2026-08-11T12:00:00Z,73.7,5.6,4.0,2.0,1.6,1.6
3-5 дней,2026-08-08T10:18:13Z,2026-08-11T15:00:00Z,76.7,5.2,4.0,2.0,1.2,1.2
3-5 дней,2026-08-08T10:18:13Z,2026-08-11T18:00:00Z,79.7,4.4,2.0,2.0,2.4,2.4
3-5 дней,2026-08-08T10:18:13Z,2026-08-11T21:00:00Z,82.7,1.8,1.0,2.0,0.8,0.8
3-5 дней,2026-08-08T10:18:13Z,2026-08-12T00:00:00Z,85.7,1.5,1.0,2.0,0.5,0.5
3-5 дней,2026-08-08T10:18:13Z,2026-08-12T03:00:00Z,88.7,3.2,1.0,2.0,2.2,2.2
3-5 дней,2026-08-08T10:18:13Z,2026-08-12T06:00:00Z,91.7,1.9,2.0,3.0,-0.1,0.1
3-5 дней,2026-08-08T10:18:13Z,2026-08-12T09:00:00Z,94.7,4.0,2.0,4.0,2.0,2.0
3-5 дней,2026-08-08T10:18:13Z,2026-08-12T12:00:00Z,97.7,2.9,3.0,4.0,-0.1,0.1
3-5 дней,2026-08-08T10:18:13Z,2026-08-12T15:00:00Z,100.7,6.1,4.0,4.0,2.1,2.1
3-5 дней,2026-08-08T10:18:13Z,2026-08-12T18:00:00Z,103.7,5.9,3.0,2.0,2.9,2.9
3-5 дней,2026-08-08T10:18:13Z,2026-08-12T21:00:00Z,106.7,6.1,3.0,1.0,3.1,3.1
3-5 дней,2026-08-08T10:18:13Z,2026-08-13T00:00:00Z,109.7,6.1,3.0,1.0,3.1,3.1
3-5 дней,2026-08-08T10:18:13Z,2026-08-13T03:00:00Z,112.7,6.1,4.0,1.0,2.1,2.1
3-5 дней,2026-08-08T10:18:13Z,2026-08-13T06:00:00Z,115.7,6.9,5.0,2.0,1.9,1.9
3-5 дней,2026-08-08T10:18:13Z,2026-08-13T09:00:00Z,118.7,7.0,4.0,2.0,3.0,3.0
3-5 дней,2026-08-08T22:37:20Z,2026-08-12T00:00:00Z,73.4,1.1,1.0,2.0,0.1,0.1
3-5 дней,2026-08-08T22:37:20Z,2026-08-12T03:00:00Z,76.4,3.1,1.0,2.0,2.1,2.1
3-5 дней,2026-08-08T22:37:20Z,2026-08-12T06:00:00Z,79.4,3.7,2.0,3.0,1.7,1.7
3-5 дней,2026-08-08T22:37:20Z,2026-08-12T09:00:00Z,82.4,5.0,2.0,4.0,3.0,3.0
3-5 дней,2026-08-08T22:37:20Z,2026-08-12T12:00:00Z,85.4,4.5,3.0,4.0,1.5,1.5
3-5 дней,2026-08-08T22:37:20Z,2026-08-12T15:00:00Z,88.4,4.8,4.0,4.0,0.8,0.8
3-5 дней,2026-08-08T22:37:20Z,2026-08-12T18:00:00Z,91.4,5.3,3.0,2.0,2.3,2.3
3-5 дней,2026-08-08T22:37:20Z,2026-08-12T21:00:00Z,94.4,6.0,3.0,1.0,3.0,3.0
3-5 дней,2026-08-08T22:37:20Z,2026-08-13T00:00:00Z,97.4,6.6,3.0,1.0,3.6,3.6
3-5 дней,2026-08-08T22:37:20Z,2026-08-13T03:00:00Z,100.4,5.8,4.0,1.0,1.8,1.8
3-5 дней,2026-08-08T22:37:20Z,2026-08-13T06:00:00Z,103.4,5.9,5.0,2.0,0.9,0.9
3-5 дней,2026-08-08T22:37:20Z,2026-08-13T09:00:00Z,106.4,6.4,4.0,2.0,2.4,2.4
3-5 дней,2026-08-08T22:37:20Z,2026-08-13T12:00:00Z,109.4,5.9,5.0,3.0,0.9,0.9
3-5 дней,2026-08-08T22:37:20Z,2026-08-13T15:00:00Z,112.4,5.8,5.0,4.0,0.8,0.8
3-5 дней,2026-08-08T22:37:20Z,2026-08-13T18:00:00Z,115.4,5.6,4.0,3.0,1.6,1.6
3-5 дней,2026-08-08T22:37:20Z,2026-08-13T21:00:00Z,118.4,4.9,4.0,3.0,0.9,0.9
3-5 дней,2026-08-09T04:59:03Z,2026-08-12T06:00:00Z,73.0,3.7,2.0,3.0,1.7,1.7
3-5 дней,2026-08-09T04:59:03Z,2026-08-12T09:00:00Z,76.0,5.0,2.0,4.0,3.0,3.0
3-5 дней,2026-08-09T04:59:03Z,2026-08-12T12:00:00Z,79.0,4.5,3.0,4.0,1.5,1.5
3-5 дней,2026-08-09T04:59:03Z,2026-08-12T15:00:00Z,82.0,4.8,4.0,4.0,0.8,0.8
3-5 дней,2026-08-09T04:59:03Z,2026-08-12T18:00:00Z,85.0,5.3,3.0,2.0,2.3,2.3
3-5 дней,2026-08-09T04:59:03Z,2026-08-12T21:00:00Z,88.0,6.0,3.0,1.0,3.0,3.0
3-5 дней,2026-08-09T04:59:03Z,2026-08-13T00:00:00Z,91.0,6.6,3.0,1.0,3.6,3.6
3-5 дней,2026-08-09T04:59:03Z,2026-08-13T03:00:00Z,94.0,5.8,4.0,1.0,1.8,1.8
3-5 дней,2026-08-09T04:59:03Z,2026-08-13T06:00:00Z,97.0,5.9,5.0,2.0,0.9,0.9
3-5 дней,2026-08-09T04:59:03Z,2026-08-13T09:00:00Z,100.0,6.4,4.0,2.0,2.4,2.4
3-5 дней,2026-08-09T04:59:03Z,2026-08-13T12:00:00Z,103.0,5.9,5.0,3.0,0.9,0.9
3-5 дней,2026-08-09T04:59:03Z,2026-08-13T15:00:00Z,106.0,5.8,5.0,4.0,0.8,0.8
3-5 дней,2026-08-09T04:59:03Z,2026-08-13T18:00:00Z,109.0,5.6,4.0,3.0,1.6,1.6
3-5 дней,2026-08-09T04:59:03Z,2026-08-13T21:00:00Z,112.0,4.9,4.0,3.0,0.9,0.9
3-5 дней,2026-08-09T04:59:03Z,2026-08-14T00:00:00Z,115.0,4.9,3.0,3.0,1.9,1.9
3-5 дней,2026-08-09T04:59:03Z,2026-08-14T03:00:00Z,118.0,4.0,3.0,4.0,1.0,1.0
3-5 дней,2026-08-09T10:19:29Z,2026-08-12T12:00:00Z,73.7,4.5,3.0,4.0,1.5,1.5
3-5 дней,2026-08-09T10:19:29Z,2026-08-12T15:00:00Z,76.7,4.8,4.0,4.0,0.8,0.8
3-5 дней,2026-08-09T10:19:29Z,2026-08-12T18:00:00Z,79.7,5.3,3.0,2.0,2.3,2.3
3-5 дней,2026-08-09T10:19:29Z,2026-08-12T21:00:00Z,82.7,6.0,3.0,1.0,3.0,3.0
3-5 дней,2026-08-09T10:19:29Z,2026-08-13T00:00:00Z,85.7,6.6,3.0,1.0,3.6,3.6
3-5 дней,2026-08-09T10:19:29Z,2026-08-13T03:00:00Z,88.7,5.8,4.0,1.0,1.8,1.8
3-5 дней,2026-08-09T10:19:29Z,2026-08-13T06:00:00Z,91.7,5.9,5.0,2.0,0.9,0.9
3-5 дней,2026-08-09T10:19:29Z,2026-08-13T09:00:00Z,94.7,6.4,4.0,2.0,2.4,2.4
3-5 дней,2026-08-09T10:19:29Z,2026-08-13T12:00:00Z,97.7,5.9,5.0,3.0,0.9,0.9
3-5 дней,2026-08-09T10:19:29Z,2026-08-13T15:00:00Z,100.7,5.8,5.0,4.0,0.8,0.8
3-5 дней,2026-08-09T10:19:29Z,2026-08-13T18:00:00Z,103.7,5.6,4.0,3.0,1.6,1.6
3-5 дней,2026-08-09T10:19:29Z,2026-08-13T21:00:00Z,106.7,4.9,4.0,3.0,0.9,0.9
3-5 дней,2026-08-09T10:19:29Z,2026-08-14T00:00:00Z,109.7,4.9,3.0,3.0,1.9,1.9
3-5 дней,2026-08-09T10:19:29Z,2026-08-14T03:00:00Z,112.7,4.0,3.0,4.0,1.0,1.0
3-5 дней,2026-08-09T10:19:29Z,2026-08-14T06:00:00Z,115.7,3.4,3.0,5.0,0.4,0.4
3-5 дней,2026-08-09T10:19:29Z,2026-08-14T09:00:00Z,118.7,3.4,3.0,4.0,0.4,0.4
3-5 дней,2026-08-09T12:41:38Z,2026-08-12T15:00:00Z,74.3,4.8,4.0,4.0,0.8,0.8
3-5 дней,2026-08-09T12:41:38Z,2026-08-12T18:00:00Z,77.3,5.3,3.0,2.0,2.3,2.3
3-5 дней,2026-08-09T12:41:38Z,2026-08-12T21:00:00Z,80.3,6.0,3.0,1.0,3.0,3.0
3-5 дней,2026-08-09T12:41:38Z,2026-08-13T00:00:00Z,83.3,6.6,3.0,1.0,3.6,3.6
3-5 дней,2026-08-09T12:41:38Z,2026-08-13T03:00:00Z,86.3,5.8,4.0,1.0,1.8,1.8
3-5 дней,2026-08-09T12:41:38Z,2026-08-13T06:00:00Z,89.3,5.9,5.0,2.0,0.9,0.9
3-5 дней,2026-08-09T12:41:38Z,2026-08-13T09:00:00Z,92.3,6.4,4.0,2.0,2.4,2.4
3-5 дней,2026-08-09T12:41:38Z,2026-08-13T12:00:00Z,95.3,5.9,5.0,3.0,0.9,0.9
3-5 дней,2026-08-09T12:41:38Z,2026-08-13T15:00:00Z,98.3,5.8,5.0,4.0,0.8,0.8
3-5 дней,2026-08-09T12:41:38Z,2026-08-13T18:00:00Z,101.3,5.6,4.0,3.0,1.6,1.6
3-5 дней,2026-08-09T12:41:38Z,2026-08-13T21:00:00Z,104.3,4.9,4.0,3.0,0.9,0.9
3-5 дней,2026-08-09T12:41:38Z,2026-08-14T00:00:00Z,107.3,4.9,3.0,3.0,1.9,1.9
3-5 дней,2026-08-09T12:41:38Z,2026-08-14T03:00:00Z,110.3,4.0,3.0,4.0,1.0,1.0
3-5 дней,2026-08-09T12:41:38Z,2026-08-14T06:00:00Z,113.3,3.4,3.0,5.0,0.4,0.4
3-5 дней,2026-08-09T12:41:38Z,2026-08-14T09:00:00Z,116.3,3.4,3.0,4.0,0.4,0.4
3-5 дней,2026-08-09T12:41:38Z,2026-08-14T12:00:00Z,119.3,3.0,3.0,5.0,0.0,0.0
3-5 дней,2026-08-09T12:45:53Z,2026-08-12T15:00:00Z,74.2,4.8,4.0,4.0,0.8,0.8
3-5 дней,2026-08-09T12:45:53Z,2026-08-12T18:00:00Z,77.2,5.3,3.0,2.0,2.3,2.3
3-5 дней,2026-08-09T12:45:53Z,2026-08-12T21:00:00Z,80.2,6.0,3.0,1.0,3.0,3.0
3-5 дней,2026-08-09T12:45:53Z,2026-08-13T00:00:00Z,83.2,6.6,3.0,1.0,3.6,3.6
3-5 дней,2026-08-09T12:45:53Z,2026-08-13T03:00:00Z,86.2,5.8,4.0,1.0,1.8,1.8
3-5 дней,2026-08-09T12:45:53Z,2026-08-13T06:00:00Z,89.2,5.9,5.0,2.0,0.9,0.9
3-5 дней,2026-08-09T12:45:53Z,2026-08-13T09:00:00Z,92.2,6.4,4.0,2.0,2.4,2.4
3-5 дней,2026-08-09T12:45:53Z,2026-08-13T12:00:00Z,95.2,5.9,5.0,3.0,0.9,0.9
3-5 дней,2026-08-09T12:45:53Z,2026-08-13T15:00:00Z,98.2,5.8,5.0,4.0,0.8,0.8
3-5 дней,2026-08-09T12:45:53Z,2026-08-13T18:00:00Z,101.2,5.6,4.0,3.0,1.6,1.6
3-5 дней,2026-08-09T12:45:53Z,2026-08-13T21:00:00Z,104.2,4.9,4.0,3.0,0.9,0.9
3-5 дней,2026-08-09T12:45:53Z,2026-08-14T00:00:00Z,107.2,4.9,3.0,3.0,1.9,1.9
3-5 дней,2026-08-09T12:45:53Z,2026-08-14T03:00:00Z,110.2,4.0,3.0,4.0,1.0,1.0
3-5 дней,2026-08-09T12:45:53Z,2026-08-14T06:00:00Z,113.2,3.4,3.0,5.0,0.4,0.4
3-5 дней,2026-08-09T12:45:53Z,2026-08-14T09:00:00Z,116.2,3.4,3.0,4.0,0.4,0.4
3-5 дней,2026-08-09T12:45:53Z,2026-08-14T12:00:00Z,119.2,3.0,3.0,5.0,0.0,0.0
3-5 дней,2026-08-09T12:48:15Z,2026-08-12T15:00:00Z,74.2,4.8,4.0,4.0,0.8,0.8
3-5 дней,2026-08-09T12:48:15Z,2026-08-12T18:00:00Z,77.2,5.3,3.0,2.0,2.3,2.3
3-5 дней,2026-08-09T12:48:15Z,2026-08-12T21:00:00Z,80.2,6.0,3.0,1.0,3.0,3.0
3-5 дней,2026-08-09T12:48:15Z,2026-08-13T00:00:00Z,83.2,6.6,3.0,1.0,3.6,3.6
3-5 дней,2026-08-09T12:48:15Z,2026-08-13T03:00:00Z,86.2,5.8,4.0,1.0,1.8,1.8
3-5 дней,2026-08-09T12:48:15Z,2026-08-13T06:00:00Z,89.2,5.9,5.0,2.0,0.9,0.9
3-5 дней,2026-08-09T12:48:15Z,2026-08-13T09:00:00Z,92.2,6.4,4.0,2.0,2.4,2.4
3-5 дней,2026-08-09T12:48:15Z,2026-08-13T12:00:00Z,95.2,5.9,5.0,3.0,0.9,0.9
3-5 дней,2026-08-09T12:48:15Z,2026-08-13T15:00:00Z,98.2,5.8,5.0,4.0,0.8,0.8
3-5 дней,2026-08-09T12:48:15Z,2026-08-13T18:00:00Z,101.2,5.6,4.0,3.0,1.6,1.6
3-5 дней,2026-08-09T12:48:15Z,2026-08-13T21:00:00Z,104.2,4.9,4.0,3.0,0.9,0.9
3-5 дней,2026-08-09T12:48:15Z,2026-08-14T00:00:00Z,107.2,4.9,3.0,3.0,1.9,1.9
3-5 дней,2026-08-09T12:48:15Z,2026-08-14T03:00:00Z,110.2,4.0,3.0,4.0,1.0,1.0
3-5 дней,2026-08-09T12:48:15Z,2026-08-14T06:00:00Z,113.2,3.4,3.0,5.0,0.4,0.4
3-5 дней,2026-08-09T12:48:15Z,2026-08-14T09:00:00Z,116.2,3.4,3.0,4.0,0.4,0.4
3-5 дней,2026-08-09T12:48:15Z,2026-08-14T12:00:00Z,119.2,3.0,3.0,5.0,0.0,0.0
3-5 дней,2026-08-09T16:31:44Z,2026-08-12T18:00:00Z,73.5,4.8,3.0,2.0,1.8,1.8
3-5 дней,2026-08-09T16:31:44Z,2026-08-12T21:00:00Z,76.5,5.0,3.0,1.0,2.0,2.0
3-5 дней,2026-08-09T16:31:44Z,2026-08-13T00:00:00Z,79.5,5.2,3.0,1.0,2.2,2.2
3-5 дней,2026-08-09T16:31:44Z,2026-08-13T03:00:00Z,82.5,5.4,4.0,1.0,1.4,1.4
3-5 дней,2026-08-09T16:31:44Z,2026-08-13T06:00:00Z,85.5,5.5,5.0,2.0,0.5,0.5
3-5 дней,2026-08-09T16:31:44Z,2026-08-13T09:00:00Z,88.5,6.0,4.0,2.0,2.0,2.0
3-5 дней,2026-08-09T16:31:44Z,2026-08-13T12:00:00Z,91.5,5.1,5.0,3.0,0.1,0.1
3-5 дней,2026-08-09T16:31:44Z,2026-08-13T15:00:00Z,94.5,4.6,5.0,4.0,-0.4,0.4
3-5 дней,2026-08-09T16:31:44Z,2026-08-13T18:00:00Z,97.5,3.9,4.0,3.0,-0.1,0.1
3-5 дней,2026-08-09T16:31:44Z,2026-08-13T21:00:00Z,100.5,3.7,4.0,3.0,-0.3,0.3
3-5 дней,2026-08-09T16:31:44Z,2026-08-14T00:00:00Z,103.5,3.3,3.0,3.0,0.3,0.3
3-5 дней,2026-08-09T16:31:44Z,2026-08-14T03:00:00Z,106.5,3.0,3.0,4.0,0.0,0.0
3-5 дней,2026-08-09T16:31:44Z,2026-08-14T06:00:00Z,109.5,2.8,3.0,5.0,-0.2,0.2
3-5 дней,2026-08-09T16:31:44Z,2026-08-14T09:00:00Z,112.5,2.4,3.0,4.0,-0.6,0.6
3-5 дней,2026-08-09T16:31:44Z,2026-08-14T12:00:00Z,115.5,2.6,3.0,5.0,-0.4,0.4
3-5 дней,2026-08-09T16:31:44Z,2026-08-14T15:00:00Z,118.5,3.4,3.0,5.0,0.4,0.4
3-5 дней,2026-08-09T22:39:09Z,2026-08-13T00:00:00Z,73.3,5.4,3.0,1.0,2.4,2.4
3-5 дней,2026-08-09T22:39:09Z,2026-08-13T03:00:00Z,76.3,5.8,4.0,1.0,1.8,1.8
3-5 дней,2026-08-09T22:39:09Z,2026-08-13T06:00:00Z,79.3,6.1,5.0,2.0,1.1,1.1
3-5 дней,2026-08-09T22:39:09Z,2026-08-13T09:00:00Z,82.3,6.5,4.0,2.0,2.5,2.5
3-5 дней,2026-08-09T22:39:09Z,2026-08-13T12:00:00Z,85.3,6.1,5.0,3.0,1.1,1.1
3-5 дней,2026-08-09T22:39:09Z,2026-08-13T15:00:00Z,88.3,6.2,5.0,4.0,1.2,1.2
3-5 дней,2026-08-09T22:39:09Z,2026-08-13T18:00:00Z,91.3,4.9,4.0,3.0,0.9,0.9
3-5 дней,2026-08-09T22:39:09Z,2026-08-13T21:00:00Z,94.3,4.2,4.0,3.0,0.2,0.2
3-5 дней,2026-08-09T22:39:09Z,2026-08-14T00:00:00Z,97.3,3.8,3.0,3.0,0.8,0.8
3-5 дней,2026-08-09T22:39:09Z,2026-08-14T03:00:00Z,100.3,3.2,3.0,4.0,0.2,0.2
3-5 дней,2026-08-09T22:39:09Z,2026-08-14T06:00:00Z,103.3,3.6,3.0,5.0,0.6,0.6
3-5 дней,2026-08-09T22:39:09Z,2026-08-14T09:00:00Z,106.3,4.3,3.0,4.0,1.3,1.3
3-5 дней,2026-08-09T22:39:09Z,2026-08-14T12:00:00Z,109.3,3.9,3.0,5.0,0.9,0.9
3-5 дней,2026-08-09T22:39:09Z,2026-08-14T15:00:00Z,112.3,2.7,3.0,5.0,-0.3,0.3
3-5 дней,2026-08-09T22:39:09Z,2026-08-14T18:00:00Z,115.3,1.3,3.0,4.0,-1.7,1.7
3-5 дней,2026-08-09T22:39:09Z,2026-08-14T21:00:00Z,118.3,2.2,2.0,4.0,0.2,0.2
3-5 дней,2026-08-10T05:20:42Z,2026-08-13T06:00:00Z,72.7,6.1,5.0,2.0,1.1,1.1
3-5 дней,2026-08-10T05:20:42Z,2026-08-13T09:00:00Z,75.7,6.5,4.0,2.0,2.5,2.5
3-5 дней,2026-08-10T05:20:42Z,2026-08-13T12:00:00Z,78.7,6.1,5.0,3.0,1.1,1.1
3-5 дней,2026-08-10T05:20:42Z,2026-08-13T15:00:00Z,81.7,6.2,5.0,4.0,1.2,1.2
3-5 дней,2026-08-10T05:20:42Z,2026-08-13T18:00:00Z,84.7,4.9,4.0,3.0,0.9,0.9
3-5 дней,2026-08-10T05:20:42Z,2026-08-13T21:00:00Z,87.7,4.2,4.0,3.0,0.2,0.2
3-5 дней,2026-08-10T05:20:42Z,2026-08-14T00:00:00Z,90.7,3.8,3.0,3.0,0.8,0.8
3-5 дней,2026-08-10T05:20:42Z,2026-08-14T03:00:00Z,93.7,3.2,3.0,4.0,0.2,0.2
3-5 дней,2026-08-10T05:20:42Z,2026-08-14T06:00:00Z,96.7,3.6,3.0,5.0,0.6,0.6
3-5 дней,2026-08-10T05:20:42Z,2026-08-14T09:00:00Z,99.7,4.3,3.0,4.0,1.3,1.3
3-5 дней,2026-08-10T05:20:42Z,2026-08-14T12:00:00Z,102.7,3.9,3.0,5.0,0.9,0.9
3-5 дней,2026-08-10T05:20:42Z,2026-08-14T15:00:00Z,105.7,2.7,3.0,5.0,-0.3,0.3
3-5 дней,2026-08-10T05:20:42Z,2026-08-14T18:00:00Z,108.7,1.3,3.0,4.0,-1.7,1.7
3-5 дней,2026-08-10T05:20:42Z,2026-08-14T21:00:00Z,111.7,2.2,2.0,4.0,0.2,0.2
3-5 дней,2026-08-10T05:20:42Z,2026-08-15T00:00:00Z,114.7,2.6,2.0,3.0,0.6,0.6
3-5 дней,2026-08-10T05:20:42Z,2026-08-15T03:00:00Z,117.7,2.7,1.0,3.0,1.7,1.7
3-5 дней,2026-08-10T10:53:28Z,2026-08-13T12:00:00Z,73.1,7.3,5.0,3.0,2.3,2.3
3-5 дней,2026-08-10T10:53:28Z,2026-08-13T15:00:00Z,76.1,5.2,5.0,4.0,0.2,0.2
3-5 дней,2026-08-10T10:53:28Z,2026-08-13T18:00:00Z,79.1,4.3,4.0,3.0,0.3,0.3
3-5 дней,2026-08-10T10:53:28Z,2026-08-13T21:00:00Z,82.1,3.8,4.0,3.0,-0.2,0.2
3-5 дней,2026-08-10T10:53:28Z,2026-08-14T00:00:00Z,85.1,3.3,3.0,3.0,0.3,0.3
3-5 дней,2026-08-10T10:53:28Z,2026-08-14T03:00:00Z,88.1,2.7,3.0,4.0,-0.3,0.3
3-5 дней,2026-08-10T10:53:28Z,2026-08-14T06:00:00Z,91.1,3.5,3.0,5.0,0.5,0.5
3-5 дней,2026-08-10T10:53:28Z,2026-08-14T09:00:00Z,94.1,4.3,3.0,4.0,1.3,1.3
3-5 дней,2026-08-10T10:53:28Z,2026-08-14T12:00:00Z,97.1,3.8,3.0,5.0,0.8,0.8
3-5 дней,2026-08-10T10:53:28Z,2026-08-14T15:00:00Z,100.1,2.5,3.0,5.0,-0.5,0.5
3-5 дней,2026-08-10T10:53:28Z,2026-08-14T18:00:00Z,103.1,1.6,3.0,4.0,-1.4,1.4
3-5 дней,2026-08-10T10:53:28Z,2026-08-14T21:00:00Z,106.1,1.3,2.0,4.0,-0.7,0.7
3-5 дней,2026-08-10T10:53:28Z,2026-08-15T00:00:00Z,109.1,2.1,2.0,3.0,0.1,0.1
3-5 дней,2026-08-10T10:53:28Z,2026-08-15T03:00:00Z,112.1,2.3,1.0,3.0,1.3,1.3
3-5 дней,2026-08-10T10:53:28Z,2026-08-15T06:00:00Z,115.1,2.3,2.0,3.0,0.3,0.3
3-5 дней,2026-08-10T10:53:28Z,2026-08-15T09:00:00Z,118.1,1.4,2.0,3.0,-0.6,0.6
3-5 дней,2026-08-10T16:52:05Z,2026-08-13T18:00:00Z,73.1,4.3,4.0,3.0,0.3,0.3
3-5 дней,2026-08-10T16:52:05Z,2026-08-13T21:00:00Z,76.1,3.8,4.0,3.0,-0.2,0.2
3-5 дней,2026-08-10T16:52:05Z,2026-08-14T00:00:00Z,79.1,3.3,3.0,3.0,0.3,0.3
3-5 дней,2026-08-10T16:52:05Z,2026-08-14T03:00:00Z,82.1,2.7,3.0,4.0,-0.3,0.3
3-5 дней,2026-08-10T16:52:05Z,2026-08-14T06:00:00Z,85.1,3.5,3.0,5.0,0.5,0.5
3-5 дней,2026-08-10T16:52:05Z,2026-08-14T09:00:00Z,88.1,4.3,3.0,4.0,1.3,1.3
3-5 дней,2026-08-10T16:52:05Z,2026-08-14T12:00:00Z,91.1,3.8,3.0,5.0,0.8,0.8
3-5 дней,2026-08-10T16:52:05Z,2026-08-14T15:00:00Z,94.1,2.5,3.0,5.0,-0.5,0.5
3-5 дней,2026-08-10T16:52:05Z,2026-08-14T18:00:00Z,97.1,1.6,3.0,4.0,-1.4,1.4
3-5 дней,2026-08-10T16:52:05Z,2026-08-14T21:00:00Z,100.1,1.3,2.0,4.0,-0.7,0.7
3-5 дней,2026-08-10T16:52:05Z,2026-08-15T00:00:00Z,103.1,2.1,2.0,3.0,0.1,0.1
3-5 дней,2026-08-10T16:52:05Z,2026-08-15T03:00:00Z,106.1,2.3,1.0,3.0,1.3,1.3
3-5 дней,2026-08-10T16:52:05Z,2026-08-15T06:00:00Z,109.1,2.3,2.0,3.0,0.3,0.3
3-5 дней,2026-08-10T16:52:05Z,2026-08-15T09:00:00Z,112.1,1.4,2.0,3.0,-0.6,0.6
3-5 дней,2026-08-10T16:52:05Z,2026-08-15T12:00:00Z,115.1,0.8,2.0,3.0,-1.2,1.2
3-5 дней,2026-08-10T16:52:05Z,2026-08-15T15:00:00Z,118.1,1.9,1.0,3.0,0.9,0.9
3-5 дней,2026-08-10T22:47:13Z,2026-08-14T00:00:00Z,73.2,3.1,3.0,3.0,0.1,0.1
3-5 дней,2026-08-10T22:47:13Z,2026-08-14T03:00:00Z,76.2,3.6,3.0,4.0,0.6,0.6
3-5 дней,2026-08-10T22:47:13Z,2026-08-14T06:00:00Z,79.2,4.6,3.0,5.0,1.6,1.6
3-5 дней,2026-08-10T22:47:13Z,2026-08-14T09:00:00Z,82.2,4.3,3.0,4.0,1.3,1.3
3-5 дней,2026-08-10T22:47:13Z,2026-08-14T12:00:00Z,85.2,4.0,3.0,5.0,1.0,1.0
3-5 дней,2026-08-10T22:47:13Z,2026-08-14T15:00:00Z,88.2,3.5,3.0,5.0,0.5,0.5
3-5 дней,2026-08-10T22:47:13Z,2026-08-14T18:00:00Z,91.2,2.6,3.0,4.0,-0.4,0.4
3-5 дней,2026-08-10T22:47:13Z,2026-08-14T21:00:00Z,94.2,2.3,2.0,4.0,0.3,0.3
3-5 дней,2026-08-10T22:47:13Z,2026-08-15T00:00:00Z,97.2,1.4,2.0,3.0,-0.6,0.6
3-5 дней,2026-08-10T22:47:13Z,2026-08-15T03:00:00Z,100.2,0.6,1.0,3.0,-0.4,0.4
3-5 дней,2026-08-10T22:47:13Z,2026-08-15T06:00:00Z,103.2,0.8,2.0,3.0,-1.2,1.2
3-5 дней,2026-08-10T22:47:13Z,2026-08-15T09:00:00Z,106.2,0.7,2.0,3.0,-1.3,1.3
3-5 дней,2026-08-10T22:47:13Z,2026-08-15T12:00:00Z,109.2,0.6,2.0,3.0,-1.4,1.4
3-5 дней,2026-08-10T22:47:13Z,2026-08-15T15:00:00Z,112.2,2.3,1.0,3.0,1.3,1.3
3-5 дней,2026-08-10T22:47:13Z,2026-08-15T18:00:00Z,115.2,2.8,2.0,3.0,0.8,0.8
3-5 дней,2026-08-10T22:47:13Z,2026-08-15T21:00:00Z,118.2,2.7,2.0,2.0,0.7,0.7
3-5 дней,2026-08-11T05:01:49Z,2026-08-14T06:00:00Z,73.0,4.6,3.0,5.0,1.6,1.6
3-5 дней,2026-08-11T05:01:49Z,2026-08-14T09:00:00Z,76.0,4.3,3.0,4.0,1.3,1.3
3-5 дней,2026-08-11T05:01:49Z,2026-08-14T12:00:00Z,79.0,4.0,3.0,5.0,1.0,1.0
3-5 дней,2026-08-11T05:01:49Z,2026-08-14T15:00:00Z,82.0,3.5,3.0,5.0,0.5,0.5
3-5 дней,2026-08-11T05:01:49Z,2026-08-14T18:00:00Z,85.0,2.6,3.0,4.0,-0.4,0.4
3-5 дней,2026-08-11T05:01:49Z,2026-08-14T21:00:00Z,88.0,2.3,2.0,4.0,0.3,0.3
3-5 дней,2026-08-11T05:01:49Z,2026-08-15T00:00:00Z,91.0,1.4,2.0,3.0,-0.6,0.6
3-5 дней,2026-08-11T05:01:49Z,2026-08-15T03:00:00Z,94.0,0.6,1.0,3.0,-0.4,0.4
3-5 дней,2026-08-11T05:01:49Z,2026-08-15T06:00:00Z,97.0,0.8,2.0,3.0,-1.2,1.2
3-5 дней,2026-08-11T05:01:49Z,2026-08-15T09:00:00Z,100.0,0.7,2.0,3.0,-1.3,1.3
3-5 дней,2026-08-11T05:01:49Z,2026-08-15T12:00:00Z,103.0,0.6,2.0,3.0,-1.4,1.4
3-5 дней,2026-08-11T05:01:49Z,2026-08-15T15:00:00Z,106.0,2.3,1.0,3.0,1.3,1.3
3-5 дней,2026-08-11T05:01:49Z,2026-08-15T18:00:00Z,109.0,2.8,2.0,3.0,0.8,0.8
3-5 дней,2026-08-11T05:01:49Z,2026-08-15T21:00:00Z,112.0,2.7,2.0,2.0,0.7,0.7
3-5 дней,2026-08-11T05:01:49Z,2026-08-16T00:00:00Z,115.0,2.8,3.0,2.0,-0.2,0.2
3-5 дней,2026-08-11T05:01:49Z,2026-08-16T03:00:00Z,118.0,2.8,1.0,1.0,1.8,1.8
3-5 дней,2026-08-11T10:38:45Z,2026-08-14T12:00:00Z,73.4,4.1,3.0,5.0,1.1,1.1
3-5 дней,2026-08-11T10:38:45Z,2026-08-14T15:00:00Z,76.4,3.0,3.0,5.0,0.0,0.0
3-5 дней,2026-08-11T10:38:45Z,2026-08-14T18:00:00Z,79.4,3.1,3.0,4.0,0.1,0.1
3-5 дней,2026-08-11T10:38:45Z,2026-08-14T21:00:00Z,82.4,1.7,2.0,4.0,-0.3,0.3
3-5 дней,2026-08-11T10:38:45Z,2026-08-15T00:00:00Z,85.4,1.4,2.0,3.0,-0.6,0.6
3-5 дней,2026-08-11T10:38:45Z,2026-08-15T03:00:00Z,88.4,1.2,1.0,3.0,0.2,0.2
3-5 дней,2026-08-11T10:38:45Z,2026-08-15T06:00:00Z,91.4,2.1,2.0,3.0,0.1,0.1
3-5 дней,2026-08-11T10:38:45Z,2026-08-15T09:00:00Z,94.4,2.6,2.0,3.0,0.6,0.6
3-5 дней,2026-08-11T10:38:45Z,2026-08-15T12:00:00Z,97.4,2.0,2.0,3.0,0.0,0.0
3-5 дней,2026-08-11T10:38:45Z,2026-08-15T15:00:00Z,100.4,0.7,1.0,3.0,-0.3,0.3
3-5 дней,2026-08-11T10:38:45Z,2026-08-15T18:00:00Z,103.4,1.5,2.0,3.0,-0.5,0.5
3-5 дней,2026-08-11T10:38:45Z,2026-08-15T21:00:00Z,106.4,1.3,2.0,2.0,-0.7,0.7
3-5 дней,2026-08-11T10:38:45Z,2026-08-16T00:00:00Z,109.4,0.3,3.0,2.0,-2.7,2.7
3-5 дней,2026-08-11T10:38:45Z,2026-08-16T03:00:00Z,112.4,1.4,1.0,1.0,0.4,0.4
3-5 дней,2026-08-11T10:38:45Z,2026-08-16T06:00:00Z,115.4,1.8,2.0,2.0,-0.2,0.2
3-5 дней,2026-08-11T10:38:45Z,2026-08-16T09:00:00Z,118.4,2.5,2.0,2.0,0.5,0.5
3-5 дней,2026-08-12T10:47:03Z,2026-08-15T12:00:00Z,73.2,2.3,2.0,3.0,0.3,0.3
3-5 дней,2026-08-12T10:47:03Z,2026-08-15T15:00:00Z,76.2,2.4,1.0,3.0,1.4,1.4
3-5 дней,2026-08-12T10:47:03Z,2026-08-15T18:00:00Z,79.2,2.0,2.0,3.0,0.0,0.0
3-5 дней,2026-08-12T10:47:03Z,2026-08-15T21:00:00Z,82.2,2.2,2.0,2.0,0.2,0.2
3-5 дней,2026-08-12T10:47:03Z,2026-08-16T00:00:00Z,85.2,1.9,3.0,2.0,-1.1,1.1
3-5 дней,2026-08-12T10:47:03Z,2026-08-16T03:00:00Z,88.2,1.6,1.0,1.0,0.6,0.6
3-5 дней,2026-08-12T10:47:03Z,2026-08-16T06:00:00Z,91.2,1.3,2.0,2.0,-0.7,0.7
3-5 дней,2026-08-12T10:47:03Z,2026-08-16T09:00:00Z,94.2,1.9,2.0,2.0,-0.1,0.1
3-5 дней,2026-08-12T10:47:03Z,2026-08-16T12:00:00Z,97.2,1.1,1.0,2.0,0.1,0.1
3-5 дней,2026-08-12T10:47:03Z,2026-08-16T15:00:00Z,100.2,0.9,1.0,1.0,-0.1,0.1
3-5 дней,2026-08-12T10:47:03Z,2026-08-16T18:00:00Z,103.2,1.1,1.0,2.0,0.1,0.1
3-5 дней,2026-08-12T10:47:03Z,2026-08-16T21:00:00Z,106.2,0.6,1.0,2.0,-0.4,0.4
3-5 дней,2026-08-12T10:47:03Z,2026-08-17T00:00:00Z,109.2,0.9,1.0,3.0,-0.1,0.1
3-5 дней,2026-08-12T10:47:03Z,2026-08-17T03:00:00Z,112.2,0.7,1.0,1.0,-0.3,0.3
3-5 дней,2026-08-12T10:47:03Z,2026-08-17T06:00:00Z,115.2,0.6,2.0,2.0,-1.4,1.4
3-5 дней,2026-08-12T10:47:03Z,2026-08-17T09:00:00Z,118.2,0.3,3.0,2.0,-2.7,2.7
3-5 дней,2026-08-12T16:54:57Z,2026-08-15T18:00:00Z,73.1,2.0,2.0,3.0,0.0,0.0
3-5 дней,2026-08-12T16:54:57Z,2026-08-15T21:00:00Z,76.1,2.2,2.0,2.0,0.2,0.2
3-5 дней,2026-08-12T16:54:57Z,2026-08-16T00:00:00Z,79.1,1.9,3.0,2.0,-1.1,1.1
3-5 дней,2026-08-12T16:54:57Z,2026-08-16T03:00:00Z,82.1,1.6,1.0,1.0,0.6,0.6
3-5 дней,2026-08-12T16:54:57Z,2026-08-16T06:00:00Z,85.1,1.3,2.0,2.0,-0.7,0.7
3-5 дней,2026-08-12T16:54:57Z,2026-08-16T09:00:00Z,88.1,1.9,2.0,2.0,-0.1,0.1
3-5 дней,2026-08-12T16:54:57Z,2026-08-16T12:00:00Z,91.1,1.1,1.0,2.0,0.1,0.1
3-5 дней,2026-08-12T16:54:57Z,2026-08-16T15:00:00Z,94.1,0.9,1.0,1.0,-0.1,0.1
3-5 дней,2026-08-12T16:54:57Z,2026-08-16T18:00:00Z,97.1,1.1,1.0,2.0,0.1,0.1
3-5 дней,2026-08-12T16:54:57Z,2026-08-16T21:00:00Z,100.1,0.6,1.0,2.0,-0.4,0.4
3-5 дней,2026-08-12T16:54:57Z,2026-08-17T00:00:00Z,103.1,0.9,1.0,3.0,-0.1,0.1
3-5 дней,2026-08-12T16:54:57Z,2026-08-17T03:00:00Z,106.1,0.7,1.0,1.0,-0.3,0.3
3-5 дней,2026-08-12T16:54:57Z,2026-08-17T06:00:00Z,109.1,0.6,2.0,2.0,-1.4,1.4
3-5 дней,2026-08-12T16:54:57Z,2026-08-17T09:00:00Z,112.1,0.3,3.0,2.0,-2.7,2.7
3-5 дней,2026-08-12T16:54:57Z,2026-08-17T12:00:00Z,115.1,0.8,3.0,1.0,-2.2,2.2
3-5 дней,2026-08-12T16:54:57Z,2026-08-17T15:00:00Z,118.1,1.4,1.0,1.0,0.4,0.4
3-5 дней,2026-08-12T22:50:47Z,2026-08-16T00:00:00Z,73.2,2.4,3.0,2.0,-0.6,0.6
3-5 дней,2026-08-12T22:50:47Z,2026-08-16T03:00:00Z,76.2,2.1,1.0,1.0,1.1,1.1
3-5 дней,2026-08-12T22:50:47Z,2026-08-16T06:00:00Z,79.2,1.9,2.0,2.0,-0.1,0.1
3-5 дней,2026-08-12T22:50:47Z,2026-08-16T09:00:00Z,82.2,1.3,2.0,2.0,-0.7,0.7
3-5 дней,2026-08-12T22:50:47Z,2026-08-16T12:00:00Z,85.2,0.3,1.0,2.0,-0.7,0.7
3-5 дней,2026-08-12T22:50:47Z,2026-08-16T15:00:00Z,88.2,0.6,1.0,1.0,-0.4,0.4
3-5 дней,2026-08-12T22:50:47Z,2026-08-16T18:00:00Z,91.2,1.1,1.0,2.0,0.1,0.1
3-5 дней,2026-08-12T22:50:47Z,2026-08-16T21:00:00Z,94.2,2.1,1.0,2.0,1.1,1.1
3-5 дней,2026-08-12T22:50:47Z,2026-08-17T00:00:00Z,97.2,2.4,1.0,3.0,1.4,1.4
3-5 дней,2026-08-12T22:50:47Z,2026-08-17T03:00:00Z,100.2,2.5,1.0,1.0,1.5,1.5
3-5 дней,2026-08-12T22:50:47Z,2026-08-17T06:00:00Z,103.2,3.4,2.0,2.0,1.4,1.4
3-5 дней,2026-08-12T22:50:47Z,2026-08-17T09:00:00Z,106.2,2.9,3.0,2.0,-0.1,0.1
3-5 дней,2026-08-12T22:50:47Z,2026-08-17T12:00:00Z,109.2,2.8,3.0,1.0,-0.2,0.2
3-5 дней,2026-08-12T22:50:47Z,2026-08-17T15:00:00Z,112.2,2.8,1.0,1.0,1.8,1.8
3-5 дней,2026-08-12T22:50:47Z,2026-08-17T18:00:00Z,115.2,2.4,1.0,1.0,1.4,1.4
3-5 дней,2026-08-12T22:50:47Z,2026-08-17T21:00:00Z,118.2,2.4,0.0,1.0,2.4,2.4
3-5 дней,2026-08-13T05:30:08Z,2026-08-16T06:00:00Z,72.5,1.9,2.0,2.0,-0.1,0.1
3-5 дней,2026-08-13T05:30:08Z,2026-08-16T09:00:00Z,75.5,1.3,2.0,2.0,-0.7,0.7
3-5 дней,2026-08-13T05:30:08Z,2026-08-16T12:00:00Z,78.5,0.3,1.0,2.0,-0.7,0.7
3-5 дней,2026-08-13T05:30:08Z,2026-08-16T15:00:00Z,81.5,0.6,1.0,1.0,-0.4,0.4
3-5 дней,2026-08-13T05:30:08Z,2026-08-16T18:00:00Z,84.5,1.1,1.0,2.0,0.1,0.1
3-5 дней,2026-08-13T05:30:08Z,2026-08-16T21:00:00Z,87.5,2.1,1.0,2.0,1.1,1.1
3-5 дней,2026-08-13T05:30:08Z,2026-08-17T00:00:00Z,90.5,2.4,1.0,3.0,1.4,1.4
3-5 дней,2026-08-13T05:30:08Z,2026-08-17T03:00:00Z,93.5,2.5,1.0,1.0,1.5,1.5
3-5 дней,2026-08-13T05:30:08Z,2026-08-17T06:00:00Z,96.5,3.4,2.0,2.0,1.4,1.4
3-5 дней,2026-08-13T05:30:08Z,2026-08-17T09:00:00Z,99.5,2.9,3.0,2.0,-0.1,0.1
3-5 дней,2026-08-13T05:30:08Z,2026-08-17T12:00:00Z,102.5,2.8,3.0,1.0,-0.2,0.2
3-5 дней,2026-08-13T05:30:08Z,2026-08-17T15:00:00Z,105.5,2.8,1.0,1.0,1.8,1.8
3-5 дней,2026-08-13T05:30:08Z,2026-08-17T18:00:00Z,108.5,2.4,1.0,1.0,1.4,1.4
3-5 дней,2026-08-13T05:30:08Z,2026-08-17T21:00:00Z,111.5,2.4,0.0,1.0,2.4,2.4
3-5 дней,2026-08-13T05:30:08Z,2026-08-18T00:00:00Z,114.5,2.2,1.0,1.0,1.2,1.2
3-5 дней,2026-08-13T05:30:08Z,2026-08-18T03:00:00Z,117.5,1.9,1.0,1.0,0.9,0.9
3-5 дней,2026-08-13T10:49:01Z,2026-08-16T12:00:00Z,73.2,2.6,1.0,2.0,1.6,1.6
3-5 дней,2026-08-13T10:49:01Z,2026-08-16T15:00:00Z,76.2,1.5,1.0,1.0,0.5,0.5
3-5 дней,2026-08-13T10:49:01Z,2026-08-16T18:00:00Z,79.2,0.9,1.0,2.0,-0.1,0.1
3-5 дней,2026-08-13T10:49:01Z,2026-08-16T21:00:00Z,82.2,0.6,1.0,2.0,-0.4,0.4
3-5 дней,2026-08-13T10:49:01Z,2026-08-17T00:00:00Z,85.2,1.1,1.0,3.0,0.1,0.1
3-5 дней,2026-08-13T10:49:01Z,2026-08-17T03:00:00Z,88.2,2.6,1.0,1.0,1.6,1.6
3-5 дней,2026-08-13T10:49:01Z,2026-08-17T06:00:00Z,91.2,3.4,2.0,2.0,1.4,1.4
3-5 дней,2026-08-13T10:49:01Z,2026-08-17T09:00:00Z,94.2,4.0,3.0,2.0,1.0,1.0
3-5 дней,2026-08-13T10:49:01Z,2026-08-17T12:00:00Z,97.2,4.6,3.0,1.0,1.6,1.6
3-5 дней,2026-08-13T10:49:01Z,2026-08-17T15:00:00Z,100.2,3.6,1.0,1.0,2.6,2.6
3-5 дней,2026-08-13T10:49:01Z,2026-08-17T18:00:00Z,103.2,2.4,1.0,1.0,1.4,1.4
3-5 дней,2026-08-13T10:49:01Z,2026-08-17T21:00:00Z,106.2,2.5,0.0,1.0,2.5,2.5
3-5 дней,2026-08-13T10:49:01Z,2026-08-18T00:00:00Z,109.2,2.1,1.0,1.0,1.1,1.1
3-5 дней,2026-08-13T10:49:01Z,2026-08-18T03:00:00Z,112.2,2.0,1.0,1.0,1.0,1.0
3-5 дней,2026-08-13T10:49:01Z,2026-08-18T06:00:00Z,115.2,2.3,1.0,2.0,1.3,1.3
3-5 дней,2026-08-13T10:49:01Z,2026-08-18T09:00:00Z,118.2,2.9,1.0,3.0,1.9,1.9
3-5 дней,2026-08-13T16:36:10Z,2026-08-16T18:00:00Z,73.4,0.9,1.0,2.0,-0.1,0.1
3-5 дней,2026-08-13T16:36:10Z,2026-08-16T21:00:00Z,76.4,0.6,1.0,2.0,-0.4,0.4
3-5 дней,2026-08-13T16:36:10Z,2026-08-17T00:00:00Z,79.4,1.1,1.0,3.0,0.1,0.1
3-5 дней,2026-08-13T16:36:10Z,2026-08-17T03:00:00Z,82.4,2.6,1.0,1.0,1.6,1.6
3-5 дней,2026-08-13T16:36:10Z,2026-08-17T06:00:00Z,85.4,3.4,2.0,2.0,1.4,1.4
3-5 дней,2026-08-13T16:36:10Z,2026-08-17T09:00:00Z,88.4,4.0,3.0,2.0,1.0,1.0
3-5 дней,2026-08-13T16:36:10Z,2026-08-17T12:00:00Z,91.4,4.6,3.0,1.0,1.6,1.6
3-5 дней,2026-08-13T16:36:10Z,2026-08-17T15:00:00Z,94.4,3.6,1.0,1.0,2.6,2.6
3-5 дней,2026-08-13T16:36:10Z,2026-08-17T18:00:00Z,97.4,2.4,1.0,1.0,1.4,1.4
3-5 дней,2026-08-13T16:36:10Z,2026-08-17T21:00:00Z,100.4,2.5,0.0,1.0,2.5,2.5
3-5 дней,2026-08-13T16:36:10Z,2026-08-18T00:00:00Z,103.4,2.1,1.0,1.0,1.1,1.1
3-5 дней,2026-08-13T16:36:10Z,2026-08-18T03:00:00Z,106.4,2.0,1.0,1.0,1.0,1.0
3-5 дней,2026-08-13T16:36:10Z,2026-08-18T06:00:00Z,109.4,2.3,1.0,2.0,1.3,1.3
3-5 дней,2026-08-13T16:36:10Z,2026-08-18T09:00:00Z,112.4,2.9,1.0,3.0,1.9,1.9
3-5 дней,2026-08-13T16:36:10Z,2026-08-18T12:00:00Z,115.4,2.8,2.0,3.0,0.8,0.8
3-5 дней,2026-08-13T16:36:10Z,2026-08-18T15:00:00Z,118.4,2.6,2.0,1.0,0.6,0.6
3-5 дней,2026-08-13T16:42:24Z,2026-08-16T18:00:00Z,73.3,0.9,1.0,2.0,-0.1,0.1
3-5 дней,2026-08-13T16:42:24Z,2026-08-16T21:00:00Z,76.3,0.6,1.0,2.0,-0.4,0.4
3-5 дней,2026-08-13T16:42:24Z,2026-08-17T00:00:00Z,79.3,1.1,1.0,3.0,0.1,0.1
3-5 дней,2026-08-13T16:42:24Z,2026-08-17T03:00:00Z,82.3,2.6,1.0,1.0,1.6,1.6
3-5 дней,2026-08-13T16:42:24Z,2026-08-17T06:00:00Z,85.3,3.4,2.0,2.0,1.4,1.4
3-5 дней,2026-08-13T16:42:24Z,2026-08-17T09:00:00Z,88.3,4.0,3.0,2.0,1.0,1.0
3-5 дней,2026-08-13T16:42:24Z,2026-08-17T12:00:00Z,91.3,4.6,3.0,1.0,1.6,1.6
3-5 дней,2026-08-13T16:42:24Z,2026-08-17T15:00:00Z,94.3,3.6,1.0,1.0,2.6,2.6
3-5 дней,2026-08-13T16:42:24Z,2026-08-17T18:00:00Z,97.3,2.4,1.0,1.0,1.4,1.4
3-5 дней,2026-08-13T16:42:24Z,2026-08-17T21:00:00Z,100.3,2.5,0.0,1.0,2.5,2.5
3-5 дней,2026-08-13T16:42:24Z,2026-08-18T00:00:00Z,103.3,2.1,1.0,1.0,1.1,1.1
3-5 дней,2026-08-13T16:42:24Z,2026-08-18T03:00:00Z,106.3,2.0,1.0,1.0,1.0,1.0
3-5 дней,2026-08-13T16:42:24Z,2026-08-18T06:00:00Z,109.3,2.3,1.0,2.0,1.3,1.3
3-5 дней,2026-08-13T16:42:24Z,2026-08-18T09:00:00Z,112.3,2.9,1.0,3.0,1.9,1.9
3-5 дней,2026-08-13T16:42:24Z,2026-08-18T12:00:00Z,115.3,2.8,2.0,3.0,0.8,0.8
3-5 дней,2026-08-13T16:42:24Z,2026-08-18T15:00:00Z,118.3,2.6,2.0,1.0,0.6,0.6
3-5 дней,2026-08-13T16:54:22Z,2026-08-16T18:00:00Z,73.1,0.9,1.0,2.0,-0.1,0.1
3-5 дней,2026-08-13T16:54:22Z,2026-08-16T21:00:00Z,76.1,0.6,1.0,2.0,-0.4,0.4
3-5 дней,2026-08-13T16:54:22Z,2026-08-17T00:00:00Z,79.1,1.1,1.0,3.0,0.1,0.1
3-5 дней,2026-08-13T16:54:22Z,2026-08-17T03:00:00Z,82.1,2.6,1.0,1.0,1.6,1.6
3-5 дней,2026-08-13T16:54:22Z,2026-08-17T06:00:00Z,85.1,3.4,2.0,2.0,1.4,1.4
3-5 дней,2026-08-13T16:54:22Z,2026-08-17T09:00:00Z,88.1,4.0,3.0,2.0,1.0,1.0
3-5 дней,2026-08-13T16:54:22Z,2026-08-17T12:00:00Z,91.1,4.6,3.0,1.0,1.6,1.6
3-5 дней,2026-08-13T16:54:22Z,2026-08-17T15:00:00Z,94.1,3.6,1.0,1.0,2.6,2.6
3-5 дней,2026-08-13T16:54:22Z,2026-08-17T18:00:00Z,97.1,2.4,1.0,1.0,1.4,1.4
3-5 дней,2026-08-13T16:54:22Z,2026-08-17T21:00:00Z,100.1,2.5,0.0,1.0,2.5,2.5
3-5 дней,2026-08-13T16:54:22Z,2026-08-18T00:00:00Z,103.1,2.1,1.0,1.0,1.1,1.1
3-5 дней,2026-08-13T16:54:22Z,2026-08-18T03:00:00Z,106.1,2.0,1.0,1.0,1.0,1.0
3-5 дней,2026-08-13T16:54:22Z,2026-08-18T06:00:00Z,109.1,2.3,1.0,2.0,1.3,1.3
3-5 дней,2026-08-13T16:54:22Z,2026-08-18T09:00:00Z,112.1,2.9,1.0,3.0,1.9,1.9
3-5 дней,2026-08-13T16:54:22Z,2026-08-18T12:00:00Z,115.1,2.8,2.0,3.0,0.8,0.8
3-5 дней,2026-08-13T16:54:22Z,2026-08-18T15:00:00Z,118.1,2.6,2.0,1.0,0.6,0.6
3-5 дней,2026-08-13T22:52:17Z,2026-08-17T00:00:00Z,73.1,2.8,1.0,3.0,1.8,1.8
3-5 дней,2026-08-13T22:52:17Z,2026-08-17T03:00:00Z,76.1,3.4,1.0,1.0,2.4,2.4
3-5 дней,2026-08-13T22:52:17Z,2026-08-17T06:00:00Z,79.1,3.8,2.0,2.0,1.8,1.8
3-5 дней,2026-08-13T22:52:17Z,2026-08-17T09:00:00Z,82.1,3.7,3.0,2.0,0.7,0.7
3-5 дней,2026-08-13T22:52:17Z,2026-08-17T12:00:00Z,85.1,4.7,3.0,1.0,1.7,1.7
3-5 дней,2026-08-13T22:52:17Z,2026-08-17T15:00:00Z,88.1,3.6,1.0,1.0,2.6,2.6
3-5 дней,2026-08-13T22:52:17Z,2026-08-17T18:00:00Z,91.1,2.5,1.0,1.0,1.5,1.5
3-5 дней,2026-08-13T22:52:17Z,2026-08-17T21:00:00Z,94.1,2.3,0.0,1.0,2.3,2.3
3-5 дней,2026-08-13T22:52:17Z,2026-08-18T00:00:00Z,97.1,2.0,1.0,1.0,1.0,1.0
3-5 дней,2026-08-13T22:52:17Z,2026-08-18T03:00:00Z,100.1,1.6,1.0,1.0,0.6,0.6
3-5 дней,2026-08-13T22:52:17Z,2026-08-18T06:00:00Z,103.1,1.3,1.0,2.0,0.3,0.3
3-5 дней,2026-08-13T22:52:17Z,2026-08-18T09:00:00Z,106.1,3.6,1.0,3.0,2.6,2.6
3-5 дней,2026-08-13T22:52:17Z,2026-08-18T12:00:00Z,109.1,3.1,2.0,3.0,1.1,1.1
3-5 дней,2026-08-13T22:52:17Z,2026-08-18T15:00:00Z,112.1,2.6,2.0,1.0,0.6,0.6
3-5 дней,2026-08-13T22:52:17Z,2026-08-18T18:00:00Z,115.1,2.0,1.0,1.0,1.0,1.0
3-5 дней,2026-08-13T22:52:17Z,2026-08-18T21:00:00Z,118.1,1.8,1.0,0.0,0.8,0.8
3-5 дней,2026-08-14T05:28:14Z,2026-08-17T06:00:00Z,72.5,3.8,2.0,2.0,1.8,1.8
3-5 дней,2026-08-14T05:28:14Z,2026-08-17T09:00:00Z,75.5,3.7,3.0,2.0,0.7,0.7
3-5 дней,2026-08-14T05:28:14Z,2026-08-17T12:00:00Z,78.5,4.7,3.0,1.0,1.7,1.7
3-5 дней,2026-08-14T05:28:14Z,2026-08-17T15:00:00Z,81.5,3.6,1.0,1.0,2.6,2.6
3-5 дней,2026-08-14T05:28:14Z,2026-08-17T18:00:00Z,84.5,2.5,1.0,1.0,1.5,1.5
3-5 дней,2026-08-14T05:28:14Z,2026-08-17T21:00:00Z,87.5,2.3,0.0,1.0,2.3,2.3
3-5 дней,2026-08-14T05:28:14Z,2026-08-18T00:00:00Z,90.5,2.0,1.0,1.0,1.0,1.0
3-5 дней,2026-08-14T05:28:14Z,2026-08-18T03:00:00Z,93.5,1.6,1.0,1.0,0.6,0.6
3-5 дней,2026-08-14T05:28:14Z,2026-08-18T06:00:00Z,96.5,1.3,1.0,2.0,0.3,0.3
3-5 дней,2026-08-14T05:28:14Z,2026-08-18T09:00:00Z,99.5,3.6,1.0,3.0,2.6,2.6
3-5 дней,2026-08-14T05:28:14Z,2026-08-18T12:00:00Z,102.5,3.1,2.0,3.0,1.1,1.1
3-5 дней,2026-08-14T05:28:14Z,2026-08-18T15:00:00Z,105.5,2.6,2.0,1.0,0.6,0.6
3-5 дней,2026-08-14T05:28:14Z,2026-08-18T18:00:00Z,108.5,2.0,1.0,1.0,1.0,1.0
3-5 дней,2026-08-14T05:28:14Z,2026-08-18T21:00:00Z,111.5,1.8,1.0,0.0,0.8,0.8
3-5 дней,2026-08-14T05:28:14Z,2026-08-19T00:00:00Z,114.5,2.2,1.0,1.0,1.2,1.2
3-5 дней,2026-08-14T05:28:14Z,2026-08-19T03:00:00Z,117.5,2.6,2.0,1.0,0.6,0.6
3-5 дней,2026-08-14T10:44:54Z,2026-08-17T12:00:00Z,73.3,3.6,3.0,1.0,0.6,0.6
3-5 дней,2026-08-14T10:44:54Z,2026-08-17T15:00:00Z,76.3,3.3,1.0,1.0,2.3,2.3
3-5 дней,2026-08-14T10:44:54Z,2026-08-17T18:00:00Z,79.3,2.7,1.0,1.0,1.7,1.7
3-5 дней,2026-08-14T10:44:54Z,2026-08-17T21:00:00Z,82.3,2.6,0.0,1.0,2.6,2.6
3-5 дней,2026-08-14T10:44:54Z,2026-08-18T00:00:00Z,85.3,2.4,1.0,1.0,1.4,1.4
3-5 дней,2026-08-14T10:44:54Z,2026-08-18T03:00:00Z,88.3,2.2,1.0,1.0,1.2,1.2
3-5 дней,2026-08-14T10:44:54Z,2026-08-18T06:00:00Z,91.3,2.8,1.0,2.0,1.8,1.8
3-5 дней,2026-08-14T10:44:54Z,2026-08-18T09:00:00Z,94.3,2.9,1.0,3.0,1.9,1.9
3-5 дней,2026-08-14T10:44:54Z,2026-08-18T12:00:00Z,97.3,2.4,2.0,3.0,0.4,0.4
3-5 дней,2026-08-14T10:44:54Z,2026-08-18T15:00:00Z,100.3,2.3,2.0,1.0,0.3,0.3
3-5 дней,2026-08-14T10:44:54Z,2026-08-18T18:00:00Z,103.3,1.8,1.0,1.0,0.8,0.8
3-5 дней,2026-08-14T10:44:54Z,2026-08-18T21:00:00Z,106.3,1.7,1.0,0.0,0.7,0.7
3-5 дней,2026-08-14T10:44:54Z,2026-08-19T00:00:00Z,109.3,1.5,1.0,1.0,0.5,0.5
3-5 дней,2026-08-14T10:44:54Z,2026-08-19T03:00:00Z,112.3,1.7,2.0,1.0,-0.3,0.3
3-5 дней,2026-08-14T10:44:54Z,2026-08-19T06:00:00Z,115.3,2.4,3.0,1.0,-0.6,0.6
3-5 дней,2026-08-14T10:44:54Z,2026-08-19T09:00:00Z,118.3,2.8,3.0,1.0,-0.2,0.2
3-5 дней,2026-08-14T16:48:33Z,2026-08-17T18:00:00Z,73.2,2.7,1.0,1.0,1.7,1.7
3-5 дней,2026-08-14T16:48:33Z,2026-08-17T21:00:00Z,76.2,2.6,0.0,1.0,2.6,2.6
3-5 дней,2026-08-14T16:48:33Z,2026-08-18T00:00:00Z,79.2,2.4,1.0,1.0,1.4,1.4
3-5 дней,2026-08-14T16:48:33Z,2026-08-18T03:00:00Z,82.2,2.2,1.0,1.0,1.2,1.2
3-5 дней,2026-08-14T16:48:33Z,2026-08-18T06:00:00Z,85.2,2.8,1.0,2.0,1.8,1.8
3-5 дней,2026-08-14T16:48:33Z,2026-08-18T09:00:00Z,88.2,2.9,1.0,3.0,1.9,1.9
3-5 дней,2026-08-14T16:48:33Z,2026-08-18T12:00:00Z,91.2,2.4,2.0,3.0,0.4,0.4
3-5 дней,2026-08-14T16:48:33Z,2026-08-18T15:00:00Z,94.2,2.3,2.0,1.0,0.3,0.3
3-5 дней,2026-08-14T16:48:33Z,2026-08-18T18:00:00Z,97.2,1.8,1.0,1.0,0.8,0.8
3-5 дней,2026-08-14T16:48:33Z,2026-08-18T21:00:00Z,100.2,1.7,1.0,0.0,0.7,0.7
3-5 дней,2026-08-14T16:48:33Z,2026-08-19T00:00:00Z,103.2,1.5,1.0,1.0,0.5,0.5
3-5 дней,2026-08-14T16:48:33Z,2026-08-19T03:00:00Z,106.2,1.7,2.0,1.0,-0.3,0.3
3-5 дней,2026-08-14T16:48:33Z,2026-08-19T06:00:00Z,109.2,2.4,3.0,1.0,-0.6,0.6
3-5 дней,2026-08-14T16:48:33Z,2026-08-19T09:00:00Z,112.2,2.8,3.0,1.0,-0.2,0.2
3-5 дней,2026-08-14T16:48:33Z,2026-08-19T12:00:00Z,115.2,3.1,3.0,2.0,0.1,0.1
3-5 дней,2026-08-14T16:48:33Z,2026-08-19T15:00:00Z,118.2,3.9,3.0,2.0,0.9,0.9
3-5 дней,2026-08-14T22:30:55Z,2026-08-18T00:00:00Z,73.5,2.4,1.0,1.0,1.4,1.4
3-5 дней,2026-08-14T22:30:55Z,2026-08-18T03:00:00Z,76.5,2.2,1.0,1.0,1.2,1.2
3-5 дней,2026-08-14T22:30:55Z,2026-08-18T06:00:00Z,79.5,2.8,1.0,2.0,1.8,1.8
3-5 дней,2026-08-14T22:30:55Z,2026-08-18T09:00:00Z,82.5,2.9,1.0,3.0,1.9,1.9
3-5 дней,2026-08-14T22:30:55Z,2026-08-18T12:00:00Z,85.5,2.4,2.0,3.0,0.4,0.4
3-5 дней,2026-08-14T22:30:55Z,2026-08-18T15:00:00Z,88.5,2.3,2.0,1.0,0.3,0.3
3-5 дней,2026-08-14T22:30:55Z,2026-08-18T18:00:00Z,91.5,1.8,1.0,1.0,0.8,0.8
3-5 дней,2026-08-14T22:30:55Z,2026-08-18T21:00:00Z,94.5,1.7,1.0,0.0,0.7,0.7
3-5 дней,2026-08-14T22:30:55Z,2026-08-19T00:00:00Z,97.5,1.5,1.0,1.0,0.5,0.5
3-5 дней,2026-08-14T22:30:55Z,2026-08-19T03:00:00Z,100.5,1.7,2.0,1.0,-0.3,0.3
3-5 дней,2026-08-14T22:30:55Z,2026-08-19T06:00:00Z,103.5,2.4,3.0,1.0,-0.6,0.6
3-5 дней,2026-08-14T22:30:55Z,2026-08-19T09:00:00Z,106.5,2.8,3.0,1.0,-0.2,0.2
3-5 дней,2026-08-14T22:30:55Z,2026-08-19T12:00:00Z,109.5,3.1,3.0,2.0,0.1,0.1
3-5 дней,2026-08-14T22:30:55Z,2026-08-19T15:00:00Z,112.5,3.9,3.0,2.0,0.9,0.9
3-5 дней,2026-08-14T22:30:55Z,2026-08-19T18:00:00Z,115.5,4.3,3.0,1.0,1.3,1.3
3-5 дней,2026-08-14T22:30:55Z,2026-08-19T21:00:00Z,118.5,2.3,2.0,1.0,0.3,0.3
3-5 дней,2026-08-15T04:24:15Z,2026-08-18T06:00:00Z,73.6,2.8,1.0,2.0,1.8,1.8
3-5 дней,2026-08-15T04:24:15Z,2026-08-18T09:00:00Z,76.6,2.9,1.0,3.0,1.9,1.9
3-5 дней,2026-08-15T04:24:15Z,2026-08-18T12:00:00Z,79.6,2.4,2.0,3.0,0.4,0.4
3-5 дней,2026-08-15T04:24:15Z,2026-08-18T15:00:00Z,82.6,2.3,2.0,1.0,0.3,0.3
3-5 дней,2026-08-15T04:24:15Z,2026-08-18T18:00:00Z,85.6,1.8,1.0,1.0,0.8,0.8
3-5 дней,2026-08-15T04:24:15Z,2026-08-18T21:00:00Z,88.6,1.7,1.0,0.0,0.7,0.7
3-5 дней,2026-08-15T04:24:15Z,2026-08-19T00:00:00Z,91.6,1.5,1.0,1.0,0.5,0.5
3-5 дней,2026-08-15T04:24:15Z,2026-08-19T03:00:00Z,94.6,1.7,2.0,1.0,-0.3,0.3
3-5 дней,2026-08-15T04:24:15Z,2026-08-19T06:00:00Z,97.6,2.4,3.0,1.0,-0.6,0.6
3-5 дней,2026-08-15T04:24:15Z,2026-08-19T09:00:00Z,100.6,2.8,3.0,1.0,-0.2,0.2
3-5 дней,2026-08-15T04:24:15Z,2026-08-19T12:00:00Z,103.6,3.1,3.0,2.0,0.1,0.1
3-5 дней,2026-08-15T04:24:15Z,2026-08-19T15:00:00Z,106.6,3.9,3.0,2.0,0.9,0.9
3-5 дней,2026-08-15T04:24:15Z,2026-08-19T18:00:00Z,109.6,4.3,3.0,1.0,1.3,1.3
3-5 дней,2026-08-15T04:24:15Z,2026-08-19T21:00:00Z,112.6,2.3,2.0,1.0,0.3,0.3
3-5 дней,2026-08-15T04:24:15Z,2026-08-20T00:00:00Z,115.6,1.6,2.0,1.0,-0.4,0.4
3-5 дней,2026-08-15T04:24:15Z,2026-08-20T03:00:00Z,118.6,2.4,2.0,2.0,0.4,0.4
3-5 дней,2026-08-15T10:09:15Z,2026-08-18T12:00:00Z,73.8,3.4,2.0,3.0,1.4,1.4
3-5 дней,2026-08-15T10:09:15Z,2026-08-18T15:00:00Z,76.8,3.1,2.0,1.0,1.1,1.1
3-5 дней,2026-08-15T10:09:15Z,2026-08-18T18:00:00Z,79.8,2.7,1.0,1.0,1.7,1.7
3-5 дней,2026-08-15T10:09:15Z,2026-08-18T21:00:00Z,82.8,2.0,1.0,0.0,1.0,1.0
3-5 дней,2026-08-15T10:09:15Z,2026-08-19T00:00:00Z,85.8,1.9,1.0,1.0,0.9,0.9
3-5 дней,2026-08-15T10:09:15Z,2026-08-19T03:00:00Z,88.8,1.9,2.0,1.0,-0.1,0.1
3-5 дней,2026-08-15T10:09:15Z,2026-08-19T06:00:00Z,91.8,2.4,3.0,1.0,-0.6,0.6
3-5 дней,2026-08-15T10:09:15Z,2026-08-19T09:00:00Z,94.8,2.7,3.0,1.0,-0.3,0.3
3-5 дней,2026-08-15T10:09:15Z,2026-08-19T12:00:00Z,97.8,2.9,3.0,2.0,-0.1,0.1
3-5 дней,2026-08-15T10:09:15Z,2026-08-19T15:00:00Z,100.8,2.0,3.0,2.0,-1.0,1.0
3-5 дней,2026-08-15T10:09:15Z,2026-08-19T18:00:00Z,103.8,0.7,3.0,1.0,-2.3,2.3
3-5 дней,2026-08-15T10:09:15Z,2026-08-19T21:00:00Z,106.8,1.6,2.0,1.0,-0.4,0.4
3-5 дней,2026-08-15T10:09:15Z,2026-08-20T00:00:00Z,109.8,1.8,2.0,1.0,-0.2,0.2
3-5 дней,2026-08-15T10:09:15Z,2026-08-20T03:00:00Z,112.8,2.1,2.0,2.0,0.1,0.1
3-5 дней,2026-08-15T10:09:15Z,2026-08-20T06:00:00Z,115.8,2.2,2.0,3.0,0.2,0.2
3-5 дней,2026-08-15T10:09:15Z,2026-08-20T09:00:00Z,118.8,2.3,3.0,3.0,-0.7,0.7
3-5 дней,2026-08-15T22:29:33Z,2026-08-19T00:00:00Z,73.5,2.6,1.0,1.0,1.6,1.6
3-5 дней,2026-08-15T22:29:33Z,2026-08-19T03:00:00Z,76.5,2.5,2.0,1.0,0.5,0.5
3-5 дней,2026-08-15T22:29:33Z,2026-08-19T06:00:00Z,79.5,3.3,3.0,1.0,0.3,0.3
3-5 дней,2026-08-15T22:29:33Z,2026-08-19T09:00:00Z,82.5,4.0,3.0,1.0,1.0,1.0
3-5 дней,2026-08-15T22:29:33Z,2026-08-19T12:00:00Z,85.5,4.4,3.0,2.0,1.4,1.4
3-5 дней,2026-08-15T22:29:33Z,2026-08-19T15:00:00Z,88.5,4.1,3.0,2.0,1.1,1.1
3-5 дней,2026-08-15T22:29:33Z,2026-08-19T18:00:00Z,91.5,4.9,3.0,1.0,1.9,1.9
3-5 дней,2026-08-15T22:29:33Z,2026-08-19T21:00:00Z,94.5,5.2,2.0,1.0,3.2,3.2
3-5 дней,2026-08-15T22:29:33Z,2026-08-20T00:00:00Z,97.5,5.7,2.0,1.0,3.7,3.7
3-5 дней,2026-08-15T22:29:33Z,2026-08-20T03:00:00Z,100.5,5.6,2.0,2.0,3.6,3.6
3-5 дней,2026-08-15T22:29:33Z,2026-08-20T06:00:00Z,103.5,6.1,2.0,3.0,4.1,4.1
3-5 дней,2026-08-15T22:29:33Z,2026-08-20T09:00:00Z,106.5,6.3,3.0,3.0,3.3,3.3
3-5 дней,2026-08-15T22:29:33Z,2026-08-20T12:00:00Z,109.5,5.4,5.0,3.0,0.4,0.4
3-5 дней,2026-08-15T22:29:33Z,2026-08-20T15:00:00Z,112.5,4.4,3.0,3.0,1.4,1.4
3-5 дней,2026-08-15T22:29:33Z,2026-08-20T18:00:00Z,115.5,3.6,3.0,3.0,0.6,0.6
3-5 дней,2026-08-15T22:29:33Z,2026-08-20T21:00:00Z,118.5,3.5,3.0,2.0,0.5,0.5
3-5 дней,2026-08-16T04:29:41Z,2026-08-19T06:00:00Z,73.5,3.3,3.0,1.0,0.3,0.3
3-5 дней,2026-08-16T04:29:41Z,2026-08-19T09:00:00Z,76.5,4.0,3.0,1.0,1.0,1.0
3-5 дней,2026-08-16T04:29:41Z,2026-08-19T12:00:00Z,79.5,4.4,3.0,2.0,1.4,1.4
3-5 дней,2026-08-16T04:29:41Z,2026-08-19T15:00:00Z,82.5,4.1,3.0,2.0,1.1,1.1
3-5 дней,2026-08-16T04:29:41Z,2026-08-19T18:00:00Z,85.5,4.9,3.0,1.0,1.9,1.9
3-5 дней,2026-08-16T04:29:41Z,2026-08-19T21:00:00Z,88.5,5.2,2.0,1.0,3.2,3.2
3-5 дней,2026-08-16T04:29:41Z,2026-08-20T00:00:00Z,91.5,5.7,2.0,1.0,3.7,3.7
3-5 дней,2026-08-16T04:29:41Z,2026-08-20T03:00:00Z,94.5,5.6,2.0,2.0,3.6,3.6
3-5 дней,2026-08-16T04:29:41Z,2026-08-20T06:00:00Z,97.5,6.1,2.0,3.0,4.1,4.1
3-5 дней,2026-08-16T04:29:41Z,2026-08-20T09:00:00Z,100.5,6.3,3.0,3.0,3.3,3.3
3-5 дней,2026-08-16T04:29:41Z,2026-08-20T12:00:00Z,103.5,5.4,5.0,3.0,0.4,0.4
3-5 дней,2026-08-16T04:29:41Z,2026-08-20T15:00:00Z,106.5,4.4,3.0,3.0,1.4,1.4
3-5 дней,2026-08-16T04:29:41Z,2026-08-20T18:00:00Z,109.5,3.6,3.0,3.0,0.6,0.6
3-5 дней,2026-08-16T04:29:41Z,2026-08-20T21:00:00Z,112.5,3.5,3.0,2.0,0.5,0.5
3-5 дней,2026-08-16T04:29:41Z,2026-08-21T00:00:00Z,115.5,3.1,3.0,2.0,0.1,0.1
3-5 дней,2026-08-16T04:29:41Z,2026-08-21T03:00:00Z,118.5,2.1,3.0,2.0,-0.9,0.9
3-5 дней,2026-08-16T07:21:44Z,2026-08-19T09:00:00Z,73.6,4.0,3.0,1.0,1.0,1.0
3-5 дней,2026-08-16T07:21:44Z,2026-08-19T12:00:00Z,76.6,4.4,3.0,2.0,1.4,1.4
3-5 дней,2026-08-16T07:21:44Z,2026-08-19T15:00:00Z,79.6,4.1,3.0,2.0,1.1,1.1
3-5 дней,2026-08-16T07:21:44Z,2026-08-19T18:00:00Z,82.6,4.9,3.0,1.0,1.9,1.9
3-5 дней,2026-08-16T07:21:44Z,2026-08-19T21:00:00Z,85.6,5.2,2.0,1.0,3.2,3.2
3-5 дней,2026-08-16T07:21:44Z,2026-08-20T00:00:00Z,88.6,5.7,2.0,1.0,3.7,3.7
3-5 дней,2026-08-16T07:21:44Z,2026-08-20T03:00:00Z,91.6,5.6,2.0,2.0,3.6,3.6
3-5 дней,2026-08-16T07:21:44Z,2026-08-20T06:00:00Z,94.6,6.1,2.0,3.0,4.1,4.1
3-5 дней,2026-08-16T07:21:44Z,2026-08-20T09:00:00Z,97.6,6.3,3.0,3.0,3.3,3.3
3-5 дней,2026-08-16T07:21:44Z,2026-08-20T12:00:00Z,100.6,5.4,5.0,3.0,0.4,0.4
3-5 дней,2026-08-16T07:21:44Z,2026-08-20T15:00:00Z,103.6,4.4,3.0,3.0,1.4,1.4
3-5 дней,2026-08-16T07:21:44Z,2026-08-20T18:00:00Z,106.6,3.6,3.0,3.0,0.6,0.6
3-5 дней,2026-08-16T07:21:44Z,2026-08-20T21:00:00Z,109.6,3.5,3.0,2.0,0.5,0.5
3-5 дней,2026-08-16T07:21:44Z,2026-08-21T00:00:00Z,112.6,3.1,3.0,2.0,0.1,0.1
3-5 дней,2026-08-16T07:21:44Z,2026-08-21T03:00:00Z,115.6,2.1,3.0,2.0,-0.9,0.9
3-5 дней,2026-08-16T07:21:44Z,2026-08-21T06:00:00Z,118.6,1.1,3.0,2.0,-1.9,1.9
3-5 дней,2026-08-16T10:09:47Z,2026-08-19T12:00:00Z,73.8,4.4,3.0,2.0,1.4,1.4
3-5 дней,2026-08-16T10:09:47Z,2026-08-19T15:00:00Z,76.8,4.9,3.0,2.0,1.9,1.9
3-5 дней,2026-08-16T10:09:47Z,2026-08-19T18:00:00Z,79.8,5.3,3.0,1.0,2.3,2.3
3-5 дней,2026-08-16T10:09:47Z,2026-08-19T21:00:00Z,82.8,5.8,2.0,1.0,3.8,3.8
3-5 дней,2026-08-16T10:09:47Z,2026-08-20T00:00:00Z,85.8,5.2,2.0,1.0,3.2,3.2
3-5 дней,2026-08-16T10:09:47Z,2026-08-20T03:00:00Z,88.8,5.9,2.0,2.0,3.9,3.9
3-5 дней,2026-08-16T10:09:47Z,2026-08-20T06:00:00Z,91.8,8.0,2.0,3.0,6.0,6.0
3-5 дней,2026-08-16T10:09:47Z,2026-08-20T09:00:00Z,94.8,7.4,3.0,3.0,4.4,4.4
3-5 дней,2026-08-16T10:09:47Z,2026-08-20T12:00:00Z,97.8,6.3,5.0,3.0,1.3,1.3
3-5 дней,2026-08-16T10:09:47Z,2026-08-20T15:00:00Z,100.8,4.3,3.0,3.0,1.3,1.3
3-5 дней,2026-08-16T10:09:47Z,2026-08-20T18:00:00Z,103.8,4.1,3.0,3.0,1.1,1.1
3-5 дней,2026-08-16T10:09:47Z,2026-08-20T21:00:00Z,106.8,3.6,3.0,2.0,0.6,0.6
3-5 дней,2026-08-16T10:09:47Z,2026-08-21T00:00:00Z,109.8,3.1,3.0,2.0,0.1,0.1
3-5 дней,2026-08-16T10:09:47Z,2026-08-21T03:00:00Z,112.8,2.6,3.0,2.0,-0.4,0.4
3-5 дней,2026-08-16T10:09:47Z,2026-08-21T06:00:00Z,115.8,2.5,3.0,2.0,-0.5,0.5
3-5 дней,2026-08-16T10:09:47Z,2026-08-21T09:00:00Z,118.8,2.6,4.0,3.0,-1.4,1.4
3-5 дней,2026-08-16T16:21:00Z,2026-08-19T18:00:00Z,73.7,5.3,3.0,1.0,2.3,2.3
3-5 дней,2026-08-16T16:21:00Z,2026-08-19T21:00:00Z,76.7,5.8,2.0,1.0,3.8,3.8
3-5 дней,2026-08-16T16:21:00Z,2026-08-20T00:00:00Z,79.7,5.2,2.0,1.0,3.2,3.2
3-5 дней,2026-08-16T16:21:00Z,2026-08-20T03:00:00Z,82.7,5.9,2.0,2.0,3.9,3.9
3-5 дней,2026-08-16T16:21:00Z,2026-08-20T06:00:00Z,85.7,8.0,2.0,3.0,6.0,6.0
3-5 дней,2026-08-16T16:21:00Z,2026-08-20T09:00:00Z,88.7,7.4,3.0,3.0,4.4,4.4
3-5 дней,2026-08-16T16:21:00Z,2026-08-20T12:00:00Z,91.7,6.3,5.0,3.0,1.3,1.3
3-5 дней,2026-08-16T16:21:00Z,2026-08-20T15:00:00Z,94.7,4.3,3.0,3.0,1.3,1.3
3-5 дней,2026-08-16T16:21:00Z,2026-08-20T18:00:00Z,97.7,4.1,3.0,3.0,1.1,1.1
3-5 дней,2026-08-16T16:21:00Z,2026-08-20T21:00:00Z,100.7,3.6,3.0,2.0,0.6,0.6
3-5 дней,2026-08-16T16:21:00Z,2026-08-21T00:00:00Z,103.7,3.1,3.0,2.0,0.1,0.1
3-5 дней,2026-08-16T16:21:00Z,2026-08-21T03:00:00Z,106.7,2.6,3.0,2.0,-0.4,0.4
3-5 дней,2026-08-16T16:21:00Z,2026-08-21T06:00:00Z,109.7,2.5,3.0,2.0,-0.5,0.5
3-5 дней,2026-08-16T16:21:00Z,2026-08-21T09:00:00Z,112.7,2.6,4.0,3.0,-1.4,1.4
3-5 дней,2026-08-16T16:21:00Z,2026-08-21T12:00:00Z,115.7,2.8,3.0,5.0,-0.2,0.2
3-5 дней,2026-08-16T16:21:00Z,2026-08-21T15:00:00Z,118.7,2.6,2.0,3.0,0.6,0.6
3-5 дней,2026-08-16T22:29:34Z,2026-08-20T00:00:00Z,73.5,4.8,2.0,1.0,2.8,2.8
3-5 дней,2026-08-16T22:29:34Z,2026-08-20T03:00:00Z,76.5,5.1,2.0,2.0,3.1,3.1
3-5 дней,2026-08-16T22:29:34Z,2026-08-20T06:00:00Z,79.5,5.3,2.0,3.0,3.3,3.3
3-5 дней,2026-08-16T22:29:34Z,2026-08-20T09:00:00Z,82.5,5.4,3.0,3.0,2.4,2.4
3-5 дней,2026-08-16T22:29:34Z,2026-08-20T12:00:00Z,85.5,5.0,5.0,3.0,0.0,0.0
3-5 дней,2026-08-16T22:29:34Z,2026-08-20T15:00:00Z,88.5,4.1,3.0,3.0,1.1,1.1
3-5 дней,2026-08-16T22:29:34Z,2026-08-20T18:00:00Z,91.5,3.9,3.0,3.0,0.9,0.9
3-5 дней,2026-08-16T22:29:34Z,2026-08-20T21:00:00Z,94.5,4.1,3.0,2.0,1.1,1.1
3-5 дней,2026-08-16T22:29:34Z,2026-08-21T00:00:00Z,97.5,3.8,3.0,2.0,0.8,0.8
3-5 дней,2026-08-16T22:29:34Z,2026-08-21T03:00:00Z,100.5,3.5,3.0,2.0,0.5,0.5
3-5 дней,2026-08-16T22:29:34Z,2026-08-21T06:00:00Z,103.5,3.9,3.0,2.0,0.9,0.9
3-5 дней,2026-08-16T22:29:34Z,2026-08-21T09:00:00Z,106.5,3.6,4.0,3.0,-0.4,0.4
3-5 дней,2026-08-16T22:29:34Z,2026-08-21T12:00:00Z,109.5,3.9,3.0,5.0,0.9,0.9
3-5 дней,2026-08-16T22:29:34Z,2026-08-21T15:00:00Z,112.5,3.9,2.0,3.0,1.9,1.9
3-5 дней,2026-08-16T22:29:34Z,2026-08-21T18:00:00Z,115.5,4.0,2.0,3.0,2.0,2.0
3-5 дней,2026-08-16T22:29:34Z,2026-08-21T21:00:00Z,118.5,3.5,2.0,3.0,1.5,1.5
3-5 дней,2026-08-17T04:35:30Z,2026-08-20T06:00:00Z,73.4,5.3,2.0,3.0,3.3,3.3
3-5 дней,2026-08-17T04:35:30Z,2026-08-20T09:00:00Z,76.4,5.4,3.0,3.0,2.4,2.4
3-5 дней,2026-08-17T04:35:30Z,2026-08-20T12:00:00Z,79.4,5.0,5.0,3.0,0.0,0.0
3-5 дней,2026-08-17T04:35:30Z,2026-08-20T15:00:00Z,82.4,4.1,3.0,3.0,1.1,1.1
3-5 дней,2026-08-17T04:35:30Z,2026-08-20T18:00:00Z,85.4,3.9,3.0,3.0,0.9,0.9
3-5 дней,2026-08-17T04:35:30Z,2026-08-20T21:00:00Z,88.4,4.1,3.0,2.0,1.1,1.1
3-5 дней,2026-08-17T04:35:30Z,2026-08-21T00:00:00Z,91.4,3.8,3.0,2.0,0.8,0.8
3-5 дней,2026-08-17T04:35:30Z,2026-08-21T03:00:00Z,94.4,3.5,3.0,2.0,0.5,0.5
3-5 дней,2026-08-17T04:35:30Z,2026-08-21T06:00:00Z,97.4,3.9,3.0,2.0,0.9,0.9
3-5 дней,2026-08-17T04:35:30Z,2026-08-21T09:00:00Z,100.4,3.6,4.0,3.0,-0.4,0.4
3-5 дней,2026-08-17T04:35:30Z,2026-08-21T12:00:00Z,103.4,3.9,3.0,5.0,0.9,0.9
3-5 дней,2026-08-17T04:35:30Z,2026-08-21T15:00:00Z,106.4,3.9,2.0,3.0,1.9,1.9
3-5 дней,2026-08-17T04:35:30Z,2026-08-21T18:00:00Z,109.4,4.0,2.0,3.0,2.0,2.0
3-5 дней,2026-08-17T04:35:30Z,2026-08-21T21:00:00Z,112.4,3.5,2.0,3.0,1.5,1.5
3-5 дней,2026-08-17T04:35:30Z,2026-08-22T00:00:00Z,115.4,3.9,2.0,3.0,1.9,1.9
3-5 дней,2026-08-17T04:35:30Z,2026-08-22T03:00:00Z,118.4,3.4,2.0,3.0,1.4,1.4
3-5 дней,2026-08-17T10:18:11Z,2026-08-20T12:00:00Z,73.7,4.8,5.0,3.0,-0.2,0.2
3-5 дней,2026-08-17T10:18:11Z,2026-08-20T15:00:00Z,76.7,3.5,3.0,3.0,0.5,0.5
3-5 дней,2026-08-17T10:18:11Z,2026-08-20T18:00:00Z,79.7,3.6,3.0,3.0,0.6,0.6
3-5 дней,2026-08-17T10:18:11Z,2026-08-20T21:00:00Z,82.7,3.4,3.0,2.0,0.4,0.4
3-5 дней,2026-08-17T10:18:11Z,2026-08-21T00:00:00Z,85.7,2.9,3.0,2.0,-0.1,0.1
3-5 дней,2026-08-17T10:18:11Z,2026-08-21T03:00:00Z,88.7,2.8,3.0,2.0,-0.2,0.2
3-5 дней,2026-08-17T10:18:11Z,2026-08-21T06:00:00Z,91.7,3.1,3.0,2.0,0.1,0.1
3-5 дней,2026-08-17T10:18:11Z,2026-08-21T09:00:00Z,94.7,4.2,4.0,3.0,0.2,0.2
3-5 дней,2026-08-17T10:18:11Z,2026-08-21T12:00:00Z,97.7,4.8,3.0,5.0,1.8,1.8
3-5 дней,2026-08-17T10:18:11Z,2026-08-21T15:00:00Z,100.7,3.8,2.0,3.0,1.8,1.8
3-5 дней,2026-08-17T10:18:11Z,2026-08-21T18:00:00Z,103.7,4.0,2.0,3.0,2.0,2.0
3-5 дней,2026-08-17T10:18:11Z,2026-08-21T21:00:00Z,106.7,4.0,2.0,3.0,2.0,2.0
3-5 дней,2026-08-17T10:18:11Z,2026-08-22T00:00:00Z,109.7,3.7,2.0,3.0,1.7,1.7
3-5 дней,2026-08-17T10:18:11Z,2026-08-22T03:00:00Z,112.7,3.6,2.0,3.0,1.6,1.6
3-5 дней,2026-08-17T10:18:11Z,2026-08-22T06:00:00Z,115.7,3.9,3.0,3.0,0.9,0.9
3-5 дней,2026-08-17T10:18:11Z,2026-08-22T09:00:00Z,118.7,4.1,1.0,4.0,3.1,3.1
3-5 дней,2026-08-17T16:23:45Z,2026-08-20T18:00:00Z,73.6,3.6,3.0,3.0,0.6,0.6
3-5 дней,2026-08-17T16:23:45Z,2026-08-20T21:00:00Z,76.6,3.4,3.0,2.0,0.4,0.4
3-5 дней,2026-08-17T16:23:45Z,2026-08-21T00:00:00Z,79.6,2.9,3.0,2.0,-0.1,0.1
3-5 дней,2026-08-17T16:23:45Z,2026-08-21T03:00:00Z,82.6,2.8,3.0,2.0,-0.2,0.2
3-5 дней,2026-08-17T16:23:45Z,2026-08-21T06:00:00Z,85.6,3.1,3.0,2.0,0.1,0.1
3-5 дней,2026-08-17T16:23:45Z,2026-08-21T09:00:00Z,88.6,4.2,4.0,3.0,0.2,0.2
3-5 дней,2026-08-17T16:23:45Z,2026-08-21T12:00:00Z,91.6,4.8,3.0,5.0,1.8,1.8
3-5 дней,2026-08-17T16:23:45Z,2026-08-21T15:00:00Z,94.6,3.8,2.0,3.0,1.8,1.8
3-5 дней,2026-08-17T16:23:45Z,2026-08-21T18:00:00Z,97.6,4.0,2.0,3.0,2.0,2.0
3-5 дней,2026-08-17T16:23:45Z,2026-08-21T21:00:00Z,100.6,4.0,2.0,3.0,2.0,2.0
3-5 дней,2026-08-17T16:23:45Z,2026-08-22T00:00:00Z,103.6,3.7,2.0,3.0,1.7,1.7
3-5 дней,2026-08-17T16:23:45Z,2026-08-22T03:00:00Z,106.6,3.6,2.0,3.0,1.6,1.6
3-5 дней,2026-08-17T16:23:45Z,2026-08-22T06:00:00Z,109.6,3.9,3.0,3.0,0.9,0.9
3-5 дней,2026-08-17T16:23:45Z,2026-08-22T09:00:00Z,112.6,4.1,1.0,4.0,3.1,3.1
3-5 дней,2026-08-17T16:23:45Z,2026-08-22T12:00:00Z,115.6,2.9,2.0,3.0,0.9,0.9
3-5 дней,2026-08-17T16:23:45Z,2026-08-22T15:00:00Z,118.6,1.6,2.0,2.0,-0.4,0.4
3-5 дней,2026-08-17T22:31:28Z,2026-08-21T00:00:00Z,73.5,2.9,3.0,2.0,-0.1,0.1
3-5 дней,2026-08-17T22:31:28Z,2026-08-21T03:00:00Z,76.5,2.8,3.0,2.0,-0.2,0.2
3-5 дней,2026-08-17T22:31:28Z,2026-08-21T06:00:00Z,79.5,3.1,3.0,2.0,0.1,0.1
3-5 дней,2026-08-17T22:31:28Z,2026-08-21T09:00:00Z,82.5,4.2,4.0,3.0,0.2,0.2
3-5 дней,2026-08-17T22:31:28Z,2026-08-21T12:00:00Z,85.5,4.8,3.0,5.0,1.8,1.8
3-5 дней,2026-08-17T22:31:28Z,2026-08-21T15:00:00Z,88.5,3.8,2.0,3.0,1.8,1.8
3-5 дней,2026-08-17T22:31:28Z,2026-08-21T18:00:00Z,91.5,4.0,2.0,3.0,2.0,2.0
3-5 дней,2026-08-17T22:31:28Z,2026-08-21T21:00:00Z,94.5,4.0,2.0,3.0,2.0,2.0
3-5 дней,2026-08-17T22:31:28Z,2026-08-22T00:00:00Z,97.5,3.7,2.0,3.0,1.7,1.7
3-5 дней,2026-08-17T22:31:28Z,2026-08-22T03:00:00Z,100.5,3.6,2.0,3.0,1.6,1.6
3-5 дней,2026-08-17T22:31:28Z,2026-08-22T06:00:00Z,103.5,3.9,3.0,3.0,0.9,0.9
3-5 дней,2026-08-17T22:31:28Z,2026-08-22T09:00:00Z,106.5,4.1,1.0,4.0,3.1,3.1
3-5 дней,2026-08-17T22:31:28Z,2026-08-22T12:00:00Z,109.5,2.9,2.0,3.0,0.9,0.9
3-5 дней,2026-08-17T22:31:28Z,2026-08-22T15:00:00Z,112.5,1.6,2.0,2.0,-0.4,0.4
3-5 дней,2026-08-17T22:31:28Z,2026-08-22T18:00:00Z,115.5,3.1,0.0,2.0,3.1,3.1
3-5 дней,2026-08-17T22:31:28Z,2026-08-22T21:00:00Z,118.5,1.8,0.0,2.0,1.8,1.8
3-5 дней,2026-08-18T04:30:05Z,2026-08-21T06:00:00Z,73.5,3.1,3.0,2.0,0.1,0.1
3-5 дней,2026-08-18T04:30:05Z,2026-08-21T09:00:00Z,76.5,4.2,4.0,3.0,0.2,0.2
3-5 дней,2026-08-18T04:30:05Z,2026-08-21T12:00:00Z,79.5,4.8,3.0,5.0,1.8,1.8
3-5 дней,2026-08-18T04:30:05Z,2026-08-21T15:00:00Z,82.5,3.8,2.0,3.0,1.8,1.8
3-5 дней,2026-08-18T04:30:05Z,2026-08-21T18:00:00Z,85.5,4.0,2.0,3.0,2.0,2.0
3-5 дней,2026-08-18T04:30:05Z,2026-08-21T21:00:00Z,88.5,4.0,2.0,3.0,2.0,2.0
3-5 дней,2026-08-18T04:30:05Z,2026-08-22T00:00:00Z,91.5,3.7,2.0,3.0,1.7,1.7
3-5 дней,2026-08-18T04:30:05Z,2026-08-22T03:00:00Z,94.5,3.6,2.0,3.0,1.6,1.6
3-5 дней,2026-08-18T04:30:05Z,2026-08-22T06:00:00Z,97.5,3.9,3.0,3.0,0.9,0.9
3-5 дней,2026-08-18T04:30:05Z,2026-08-22T09:00:00Z,100.5,4.1,1.0,4.0,3.1,3.1
3-5 дней,2026-08-18T04:30:05Z,2026-08-22T12:00:00Z,103.5,2.9,2.0,3.0,0.9,0.9
3-5 дней,2026-08-18T04:30:05Z,2026-08-22T15:00:00Z,106.5,1.6,2.0,2.0,-0.4,0.4
3-5 дней,2026-08-18T04:30:05Z,2026-08-22T18:00:00Z,109.5,3.1,0.0,2.0,3.1,3.1
3-5 дней,2026-08-18T04:30:05Z,2026-08-22T21:00:00Z,112.5,1.8,0.0,2.0,1.8,1.8
3-5 дней,2026-08-18T04:30:05Z,2026-08-23T00:00:00Z,115.5,1.6,1.0,2.0,0.6,0.6
3-5 дней,2026-08-18T04:30:05Z,2026-08-23T03:00:00Z,118.5,1.6,1.0,2.0,0.6,0.6
3-5 дней,2026-08-18T10:14:55Z,2026-08-21T12:00:00Z,73.8,3.8,3.0,5.0,0.8,0.8
3-5 дней,2026-08-18T10:14:55Z,2026-08-21T15:00:00Z,76.8,3.6,2.0,3.0,1.6,1.6
3-5 дней,2026-08-18T10:14:55Z,2026-08-21T18:00:00Z,79.8,2.8,2.0,3.0,0.8,0.8
3-5 дней,2026-08-18T10:14:55Z,2026-08-21T21:00:00Z,82.8,3.5,2.0,3.0,1.5,1.5
3-5 дней,2026-08-18T10:14:55Z,2026-08-22T00:00:00Z,85.8,3.1,2.0,3.0,1.1,1.1
3-5 дней,2026-08-18T10:14:55Z,2026-08-22T03:00:00Z,88.8,2.7,2.0,3.0,0.7,0.7
3-5 дней,2026-08-18T10:14:55Z,2026-08-22T06:00:00Z,91.8,2.9,3.0,3.0,-0.1,0.1
3-5 дней,2026-08-18T10:14:55Z,2026-08-22T09:00:00Z,94.8,3.3,1.0,4.0,2.3,2.3
3-5 дней,2026-08-18T10:14:55Z,2026-08-22T12:00:00Z,97.8,3.0,2.0,3.0,1.0,1.0
3-5 дней,2026-08-18T10:14:55Z,2026-08-22T15:00:00Z,100.8,2.8,2.0,2.0,0.8,0.8
3-5 дней,2026-08-18T10:14:55Z,2026-08-22T18:00:00Z,103.8,2.2,0.0,2.0,2.2,2.2
3-5 дней,2026-08-18T10:14:55Z,2026-08-22T21:00:00Z,106.8,2.5,0.0,2.0,2.5,2.5
3-5 дней,2026-08-18T10:14:55Z,2026-08-23T00:00:00Z,109.8,2.1,1.0,2.0,1.1,1.1
3-5 дней,2026-08-18T10:14:55Z,2026-08-23T03:00:00Z,112.8,2.3,1.0,2.0,1.3,1.3
3-5 дней,2026-08-18T10:14:55Z,2026-08-23T06:00:00Z,115.8,2.9,2.0,3.0,0.9,0.9
3-5 дней,2026-08-18T10:14:55Z,2026-08-23T09:00:00Z,118.8,3.2,3.0,1.0,0.2,0.2
3-5 дней,2026-08-18T16:27:50Z,2026-08-21T18:00:00Z,73.5,2.8,2.0,3.0,0.8,0.8
3-5 дней,2026-08-18T16:27:50Z,2026-08-21T21:00:00Z,76.5,3.5,2.0,3.0,1.5,1.5
3-5 дней,2026-08-18T16:27:50Z,2026-08-22T00:00:00Z,79.5,3.1,2.0,3.0,1.1,1.1
3-5 дней,2026-08-18T16:27:50Z,2026-08-22T03:00:00Z,82.5,2.7,2.0,3.0,0.7,0.7
3-5 дней,2026-08-18T16:27:50Z,2026-08-22T06:00:00Z,85.5,2.9,3.0,3.0,-0.1,0.1
3-5 дней,2026-08-18T16:27:50Z,2026-08-22T09:00:00Z,88.5,3.3,1.0,4.0,2.3,2.3
3-5 дней,2026-08-18T16:27:50Z,2026-08-22T12:00:00Z,91.5,3.0,2.0,3.0,1.0,1.0
3-5 дней,2026-08-18T16:27:50Z,2026-08-22T15:00:00Z,94.5,2.8,2.0,2.0,0.8,0.8
3-5 дней,2026-08-18T16:27:50Z,2026-08-22T18:00:00Z,97.5,2.2,0.0,2.0,2.2,2.2
3-5 дней,2026-08-18T16:27:50Z,2026-08-22T21:00:00Z,100.5,2.5,0.0,2.0,2.5,2.5
3-5 дней,2026-08-18T16:27:50Z,2026-08-23T00:00:00Z,103.5,2.1,1.0,2.0,1.1,1.1
3-5 дней,2026-08-18T16:27:50Z,2026-08-23T03:00:00Z,106.5,2.3,1.0,2.0,1.3,1.3
3-5 дней,2026-08-18T16:27:50Z,2026-08-23T06:00:00Z,109.5,2.9,2.0,3.0,0.9,0.9
3-5 дней,2026-08-18T16:27:50Z,2026-08-23T09:00:00Z,112.5,3.2,3.0,1.0,0.2,0.2
3-5 дней,2026-08-18T16:27:50Z,2026-08-23T12:00:00Z,115.5,3.9,2.0,2.0,1.9,1.9
3-5 дней,2026-08-18T16:27:50Z,2026-08-23T15:00:00Z,118.5,4.4,2.0,2.0,2.4,2.4
3-5 дней,2026-08-18T22:31:39Z,2026-08-22T00:00:00Z,73.5,3.7,2.0,3.0,1.7,1.7
3-5 дней,2026-08-18T22:31:39Z,2026-08-22T03:00:00Z,76.5,3.5,2.0,3.0,1.5,1.5
3-5 дней,2026-08-18T22:31:39Z,2026-08-22T06:00:00Z,79.5,3.7,3.0,3.0,0.7,0.7
3-5 дней,2026-08-18T22:31:39Z,2026-08-22T09:00:00Z,82.5,3.5,1.0,4.0,2.5,2.5
3-5 дней,2026-08-18T22:31:39Z,2026-08-22T12:00:00Z,85.5,2.6,2.0,3.0,0.6,0.6
3-5 дней,2026-08-18T22:31:39Z,2026-08-22T15:00:00Z,88.5,1.6,2.0,2.0,-0.4,0.4
3-5 дней,2026-08-18T22:31:39Z,2026-08-22T18:00:00Z,91.5,0.1,0.0,2.0,0.1,0.1
3-5 дней,2026-08-18T22:31:39Z,2026-08-22T21:00:00Z,94.5,1.3,0.0,2.0,1.3,1.3
3-5 дней,2026-08-18T22:31:39Z,2026-08-23T00:00:00Z,97.5,1.3,1.0,2.0,0.3,0.3
3-5 дней,2026-08-18T22:31:39Z,2026-08-23T03:00:00Z,100.5,1.9,1.0,2.0,0.9,0.9
3-5 дней,2026-08-18T22:31:39Z,2026-08-23T06:00:00Z,103.5,2.5,2.0,3.0,0.5,0.5
3-5 дней,2026-08-18T22:31:39Z,2026-08-23T09:00:00Z,106.5,3.3,3.0,1.0,0.3,0.3
3-5 дней,2026-08-18T22:31:39Z,2026-08-23T12:00:00Z,109.5,3.6,2.0,2.0,1.6,1.6
3-5 дней,2026-08-18T22:31:39Z,2026-08-23T15:00:00Z,112.5,3.9,2.0,2.0,1.9,1.9
3-5 дней,2026-08-18T22:31:39Z,2026-08-23T18:00:00Z,115.5,4.1,2.0,0.0,2.1,2.1
3-5 дней,2026-08-18T22:31:39Z,2026-08-23T21:00:00Z,118.5,3.8,1.0,0.0,2.8,2.8
3-5 дней,2026-08-19T04:31:14Z,2026-08-22T06:00:00Z,73.5,3.7,3.0,3.0,0.7,0.7
3-5 дней,2026-08-19T04:31:14Z,2026-08-22T09:00:00Z,76.5,3.5,1.0,4.0,2.5,2.5
3-5 дней,2026-08-19T04:31:14Z,2026-08-22T12:00:00Z,79.5,2.6,2.0,3.0,0.6,0.6
3-5 дней,2026-08-19T04:31:14Z,2026-08-22T15:00:00Z,82.5,1.6,2.0,2.0,-0.4,0.4
3-5 дней,2026-08-19T04:31:14Z,2026-08-22T18:00:00Z,85.5,0.1,0.0,2.0,0.1,0.1
3-5 дней,2026-08-19T04:31:14Z,2026-08-22T21:00:00Z,88.5,1.3,0.0,2.0,1.3,1.3
3-5 дней,2026-08-19T04:31:14Z,2026-08-23T00:00:00Z,91.5,1.3,1.0,2.0,0.3,0.3
3-5 дней,2026-08-19T04:31:14Z,2026-08-23T03:00:00Z,94.5,1.9,1.0,2.0,0.9,0.9
3-5 дней,2026-08-19T04:31:14Z,2026-08-23T06:00:00Z,97.5,2.5,2.0,3.0,0.5,0.5
3-5 дней,2026-08-19T04:31:14Z,2026-08-23T09:00:00Z,100.5,3.3,3.0,1.0,0.3,0.3
3-5 дней,2026-08-19T04:31:14Z,2026-08-23T12:00:00Z,103.5,3.6,2.0,2.0,1.6,1.6
3-5 дней,2026-08-19T04:31:14Z,2026-08-23T15:00:00Z,106.5,3.9,2.0,2.0,1.9,1.9
3-5 дней,2026-08-19T04:31:14Z,2026-08-23T18:00:00Z,109.5,4.1,2.0,0.0,2.1,2.1
3-5 дней,2026-08-19T04:31:14Z,2026-08-23T21:00:00Z,112.5,3.8,1.0,0.0,2.8,2.8
3-5 дней,2026-08-19T04:31:14Z,2026-08-24T00:00:00Z,115.5,3.9,2.0,1.0,1.9,1.9
3-5 дней,2026-08-19T04:31:14Z,2026-08-24T03:00:00Z,118.5,3.6,1.0,1.0,2.6,2.6
3-5 дней,2026-08-19T10:14:48Z,2026-08-22T12:00:00Z,73.8,2.8,2.0,3.0,0.8,0.8
3-5 дней,2026-08-19T10:14:48Z,2026-08-22T15:00:00Z,76.8,2.2,2.0,2.0,0.2,0.2
3-5 дней,2026-08-19T10:14:48Z,2026-08-22T18:00:00Z,79.8,1.9,0.0,2.0,1.9,1.9
3-5 дней,2026-08-19T10:14:48Z,2026-08-22T21:00:00Z,82.8,1.9,0.0,2.0,1.9,1.9
3-5 дней,2026-08-19T10:14:48Z,2026-08-23T00:00:00Z,85.8,1.4,1.0,2.0,0.4,0.4
3-5 дней,2026-08-19T10:14:48Z,2026-08-23T03:00:00Z,88.8,1.6,1.0,2.0,0.6,0.6
3-5 дней,2026-08-19T10:14:48Z,2026-08-23T06:00:00Z,91.8,2.2,2.0,3.0,0.2,0.2
3-5 дней,2026-08-19T10:14:48Z,2026-08-23T09:00:00Z,94.8,3.3,3.0,1.0,0.3,0.3
3-5 дней,2026-08-19T10:14:48Z,2026-08-23T12:00:00Z,97.8,3.0,2.0,2.0,1.0,1.0
3-5 дней,2026-08-19T10:14:48Z,2026-08-23T15:00:00Z,100.8,1.8,2.0,2.0,-0.2,0.2
3-5 дней,2026-08-19T10:14:48Z,2026-08-23T18:00:00Z,103.8,2.0,2.0,0.0,0.0,0.0
3-5 дней,2026-08-19T10:14:48Z,2026-08-23T21:00:00Z,106.8,2.6,1.0,0.0,1.6,1.6
3-5 дней,2026-08-19T10:14:48Z,2026-08-24T00:00:00Z,109.8,2.7,2.0,1.0,0.7,0.7
3-5 дней,2026-08-19T10:14:48Z,2026-08-24T03:00:00Z,112.8,2.8,1.0,1.0,1.8,1.8
3-5 дней,2026-08-19T10:14:48Z,2026-08-24T06:00:00Z,115.8,3.3,1.0,2.0,2.3,2.3
3-5 дней,2026-08-19T10:14:48Z,2026-08-24T09:00:00Z,118.8,4.6,1.0,3.0,3.6,3.6
3-5 дней,2026-08-19T16:28:17Z,2026-08-22T18:00:00Z,73.5,1.9,0.0,2.0,1.9,1.9
3-5 дней,2026-08-19T16:28:17Z,2026-08-22T21:00:00Z,76.5,1.9,0.0,2.0,1.9,1.9
3-5 дней,2026-08-19T16:28:17Z,2026-08-23T00:00:00Z,79.5,1.4,1.0,2.0,0.4,0.4
3-5 дней,2026-08-19T16:28:17Z,2026-08-23T03:00:00Z,82.5,1.6,1.0,2.0,0.6,0.6
3-5 дней,2026-08-19T16:28:17Z,2026-08-23T06:00:00Z,85.5,2.2,2.0,3.0,0.2,0.2
3-5 дней,2026-08-19T16:28:17Z,2026-08-23T09:00:00Z,88.5,3.3,3.0,1.0,0.3,0.3
3-5 дней,2026-08-19T16:28:17Z,2026-08-23T12:00:00Z,91.5,3.0,2.0,2.0,1.0,1.0
3-5 дней,2026-08-19T16:28:17Z,2026-08-23T15:00:00Z,94.5,1.8,2.0,2.0,-0.2,0.2
3-5 дней,2026-08-19T16:28:17Z,2026-08-23T18:00:00Z,97.5,2.0,2.0,0.0,0.0,0.0
3-5 дней,2026-08-19T16:28:17Z,2026-08-23T21:00:00Z,100.5,2.6,1.0,0.0,1.6,1.6
3-5 дней,2026-08-19T16:28:17Z,2026-08-24T00:00:00Z,103.5,2.7,2.0,1.0,0.7,0.7
3-5 дней,2026-08-19T16:28:17Z,2026-08-24T03:00:00Z,106.5,2.8,1.0,1.0,1.8,1.8
3-5 дней,2026-08-19T16:28:17Z,2026-08-24T06:00:00Z,109.5,3.3,1.0,2.0,2.3,2.3
3-5 дней,2026-08-19T16:28:17Z,2026-08-24T09:00:00Z,112.5,4.6,1.0,3.0,3.6,3.6
3-5 дней,2026-08-19T16:28:17Z,2026-08-24T12:00:00Z,115.5,4.2,2.0,2.0,2.2,2.2
3-5 дней,2026-08-19T16:28:17Z,2026-08-24T15:00:00Z,118.5,3.6,1.0,2.0,2.6,2.6
3-5 дней,2026-08-20T04:31:56Z,2026-08-23T06:00:00Z,73.5,3.9,2.0,3.0,1.9,1.9
3-5 дней,2026-08-20T04:31:56Z,2026-08-23T09:00:00Z,76.5,5.7,3.0,1.0,2.7,2.7
3-5 дней,2026-08-20T04:31:56Z,2026-08-23T12:00:00Z,79.5,6.9,2.0,2.0,4.9,4.9
3-5 дней,2026-08-20T04:31:56Z,2026-08-23T15:00:00Z,82.5,4.9,2.0,2.0,2.9,2.9
3-5 дней,2026-08-20T04:31:56Z,2026-08-23T18:00:00Z,85.5,3.4,2.0,0.0,1.4,1.4
3-5 дней,2026-08-20T04:31:56Z,2026-08-23T21:00:00Z,88.5,2.8,1.0,0.0,1.8,1.8
3-5 дней,2026-08-20T04:31:56Z,2026-08-24T00:00:00Z,91.5,3.2,2.0,1.0,1.2,1.2
3-5 дней,2026-08-20T04:31:56Z,2026-08-24T03:00:00Z,94.5,3.4,1.0,1.0,2.4,2.4
3-5 дней,2026-08-20T04:31:56Z,2026-08-24T06:00:00Z,97.5,4.6,1.0,2.0,3.6,3.6
3-5 дней,2026-08-20T04:31:56Z,2026-08-24T09:00:00Z,100.5,5.5,1.0,3.0,4.5,4.5
3-5 дней,2026-08-20T04:31:56Z,2026-08-24T12:00:00Z,103.5,6.1,2.0,2.0,4.1,4.1
3-5 дней,2026-08-20T04:31:56Z,2026-08-24T15:00:00Z,106.5,5.9,1.0,2.0,4.9,4.9
3-5 дней,2026-08-20T04:31:56Z,2026-08-24T18:00:00Z,109.5,5.8,0.0,2.0,5.8,5.8
3-5 дней,2026-08-20T04:31:56Z,2026-08-24T21:00:00Z,112.5,4.6,1.0,1.0,3.6,3.6
3-5 дней,2026-08-20T04:31:56Z,2026-08-25T00:00:00Z,115.5,3.8,2.0,2.0,1.8,1.8
3-5 дней,2026-08-20T04:31:56Z,2026-08-25T03:00:00Z,118.5,4.1,2.0,1.0,2.1,2.1
3-5 дней,2026-08-20T10:16:10Z,2026-08-23T12:00:00Z,73.7,6.8,2.0,2.0,4.8,4.8
3-5 дней,2026-08-20T10:16:10Z,2026-08-23T15:00:00Z,76.7,5.1,2.0,2.0,3.1,3.1
3-5 дней,2026-08-20T10:16:10Z,2026-08-23T18:00:00Z,79.7,4.4,2.0,0.0,2.4,2.4
3-5 дней,2026-08-20T10:16:10Z,2026-08-23T21:00:00Z,82.7,4.1,1.0,0.0,3.1,3.1
3-5 дней,2026-08-20T10:16:10Z,2026-08-24T00:00:00Z,85.7,4.3,2.0,1.0,2.3,2.3
3-5 дней,2026-08-20T10:16:10Z,2026-08-24T03:00:00Z,88.7,3.7,1.0,1.0,2.7,2.7
3-5 дней,2026-08-20T10:16:10Z,2026-08-24T06:00:00Z,91.7,2.8,1.0,2.0,1.8,1.8
3-5 дней,2026-08-20T10:16:10Z,2026-08-24T09:00:00Z,94.7,1.8,1.0,3.0,0.8,0.8
3-5 дней,2026-08-20T10:16:10Z,2026-08-24T12:00:00Z,97.7,2.8,2.0,2.0,0.8,0.8
3-5 дней,2026-08-20T10:16:10Z,2026-08-24T15:00:00Z,100.7,4.8,1.0,2.0,3.8,3.8
3-5 дней,2026-08-20T10:16:10Z,2026-08-24T18:00:00Z,103.7,4.7,0.0,2.0,4.7,4.7
3-5 дней,2026-08-20T10:16:10Z,2026-08-24T21:00:00Z,106.7,4.4,1.0,1.0,3.4,3.4
3-5 дней,2026-08-20T10:16:10Z,2026-08-25T00:00:00Z,109.7,4.3,2.0,2.0,2.3,2.3
3-5 дней,2026-08-20T10:16:10Z,2026-08-25T03:00:00Z,112.7,3.9,2.0,1.0,1.9,1.9
3-5 дней,2026-08-20T10:16:10Z,2026-08-25T06:00:00Z,115.7,4.3,2.0,1.0,2.3,2.3
3-5 дней,2026-08-20T10:16:10Z,2026-08-25T09:00:00Z,118.7,4.3,3.0,1.0,1.3,1.3
3-5 дней,2026-08-20T16:31:45Z,2026-08-23T18:00:00Z,73.5,4.4,2.0,0.0,2.4,2.4
3-5 дней,2026-08-20T16:31:45Z,2026-08-23T21:00:00Z,76.5,4.1,1.0,0.0,3.1,3.1
3-5 дней,2026-08-20T16:31:45Z,2026-08-24T00:00:00Z,79.5,4.3,2.0,1.0,2.3,2.3
3-5 дней,2026-08-20T16:31:45Z,2026-08-24T03:00:00Z,82.5,3.7,1.0,1.0,2.7,2.7
3-5 дней,2026-08-20T16:31:45Z,2026-08-24T06:00:00Z,85.5,2.8,1.0,2.0,1.8,1.8
3-5 дней,2026-08-20T16:31:45Z,2026-08-24T09:00:00Z,88.5,1.8,1.0,3.0,0.8,0.8
3-5 дней,2026-08-20T16:31:45Z,2026-08-24T12:00:00Z,91.5,2.8,2.0,2.0,0.8,0.8
3-5 дней,2026-08-20T16:31:45Z,2026-08-24T15:00:00Z,94.5,4.8,1.0,2.0,3.8,3.8
3-5 дней,2026-08-20T16:31:45Z,2026-08-24T18:00:00Z,97.5,4.7,0.0,2.0,4.7,4.7
3-5 дней,2026-08-20T16:31:45Z,2026-08-24T21:00:00Z,100.5,4.4,1.0,1.0,3.4,3.4
3-5 дней,2026-08-20T16:31:45Z,2026-08-25T00:00:00Z,103.5,4.3,2.0,2.0,2.3,2.3
3-5 дней,2026-08-20T16:31:45Z,2026-08-25T03:00:00Z,106.5,3.9,2.0,1.0,1.9,1.9
3-5 дней,2026-08-20T16:31:45Z,2026-08-25T06:00:00Z,109.5,4.3,2.0,1.0,2.3,2.3
3-5 дней,2026-08-20T16:31:45Z,2026-08-25T09:00:00Z,112.5,4.3,3.0,1.0,1.3,1.3
3-5 дней,2026-08-20T16:31:45Z,2026-08-25T12:00:00Z,115.5,4.9,4.0,2.0,0.9,0.9
3-5 дней,2026-08-20T16:31:45Z,2026-08-25T15:00:00Z,118.5,3.9,3.0,1.0,0.9,0.9
3-5 дней,2026-08-20T22:34:58Z,2026-08-24T00:00:00Z,73.4,3.8,2.0,1.0,1.8,1.8
3-5 дней,2026-08-20T22:34:58Z,2026-08-24T03:00:00Z,76.4,3.6,1.0,1.0,2.6,2.6
3-5 дней,2026-08-20T22:34:58Z,2026-08-24T06:00:00Z,79.4,3.4,1.0,2.0,2.4,2.4
3-5 дней,2026-08-20T22:34:58Z,2026-08-24T09:00:00Z,82.4,2.8,1.0,3.0,1.8,1.8
3-5 дней,2026-08-20T22:34:58Z,2026-08-24T12:00:00Z,85.4,2.2,2.0,2.0,0.2,0.2
3-5 дней,2026-08-20T22:34:58Z,2026-08-24T15:00:00Z,88.4,1.4,1.0,2.0,0.4,0.4
3-5 дней,2026-08-20T22:34:58Z,2026-08-24T18:00:00Z,91.4,1.3,0.0,2.0,1.3,1.3
3-5 дней,2026-08-20T22:34:58Z,2026-08-24T21:00:00Z,94.4,1.8,1.0,1.0,0.8,0.8
3-5 дней,2026-08-20T22:34:58Z,2026-08-25T00:00:00Z,97.4,2.8,2.0,2.0,0.8,0.8
3-5 дней,2026-08-20T22:34:58Z,2026-08-25T03:00:00Z,100.4,2.4,2.0,1.0,0.4,0.4
3-5 дней,2026-08-20T22:34:58Z,2026-08-25T06:00:00Z,103.4,2.8,2.0,1.0,0.8,0.8
3-5 дней,2026-08-20T22:34:58Z,2026-08-25T09:00:00Z,106.4,4.2,3.0,1.0,1.2,1.2
3-5 дней,2026-08-20T22:34:58Z,2026-08-25T12:00:00Z,109.4,4.5,4.0,2.0,0.5,0.5
3-5 дней,2026-08-20T22:34:58Z,2026-08-25T15:00:00Z,112.4,3.3,3.0,1.0,0.3,0.3
3-5 дней,2026-08-20T22:34:58Z,2026-08-25T18:00:00Z,115.4,3.4,2.0,0.0,1.4,1.4
3-5 дней,2026-08-20T22:34:58Z,2026-08-25T21:00:00Z,118.4,3.0,1.0,1.0,2.0,2.0
3-5 дней,2026-08-21T04:32:20Z,2026-08-24T06:00:00Z,73.5,3.4,1.0,2.0,2.4,2.4
3-5 дней,2026-08-21T04:32:20Z,2026-08-24T09:00:00Z,76.5,2.8,1.0,3.0,1.8,1.8
3-5 дней,2026-08-21T04:32:20Z,2026-08-24T12:00:00Z,79.5,2.2,2.0,2.0,0.2,0.2
3-5 дней,2026-08-21T04:32:20Z,2026-08-24T15:00:00Z,82.5,1.4,1.0,2.0,0.4,0.4
3-5 дней,2026-08-21T04:32:20Z,2026-08-24T18:00:00Z,85.5,1.3,0.0,2.0,1.3,1.3
3-5 дней,2026-08-21T04:32:20Z,2026-08-24T21:00:00Z,88.5,1.8,1.0,1.0,0.8,0.8
3-5 дней,2026-08-21T04:32:20Z,2026-08-25T00:00:00Z,91.5,2.8,2.0,2.0,0.8,0.8
3-5 дней,2026-08-21T04:32:20Z,2026-08-25T03:00:00Z,94.5,2.4,2.0,1.0,0.4,0.4
3-5 дней,2026-08-21T04:32:20Z,2026-08-25T06:00:00Z,97.5,2.8,2.0,1.0,0.8,0.8
3-5 дней,2026-08-21T04:32:20Z,2026-08-25T09:00:00Z,100.5,4.2,3.0,1.0,1.2,1.2
3-5 дней,2026-08-21T04:32:20Z,2026-08-25T12:00:00Z,103.5,4.5,4.0,2.0,0.5,0.5
3-5 дней,2026-08-21T04:32:20Z,2026-08-25T15:00:00Z,106.5,3.3,3.0,1.0,0.3,0.3
3-5 дней,2026-08-21T04:32:20Z,2026-08-25T18:00:00Z,109.5,3.4,2.0,0.0,1.4,1.4
3-5 дней,2026-08-21T04:32:20Z,2026-08-25T21:00:00Z,112.5,3.0,1.0,1.0,2.0,2.0
3-5 дней,2026-08-21T04:32:20Z,2026-08-26T00:00:00Z,115.5,2.7,2.0,2.0,0.7,0.7
3-5 дней,2026-08-21T04:32:20Z,2026-08-26T03:00:00Z,118.5,2.7,1.0,2.0,1.7,1.7
3-5 дней,2026-08-21T10:16:50Z,2026-08-24T12:00:00Z,73.7,3.1,2.0,2.0,1.1,1.1
3-5 дней,2026-08-21T10:16:50Z,2026-08-24T15:00:00Z,76.7,2.4,1.0,2.0,1.4,1.4
3-5 дней,2026-08-21T10:16:50Z,2026-08-24T18:00:00Z,79.7,1.9,0.0,2.0,1.9,1.9
3-5 дней,2026-08-21T10:16:50Z,2026-08-24T21:00:00Z,82.7,1.4,1.0,1.0,0.4,0.4
3-5 дней,2026-08-21T10:16:50Z,2026-08-25T00:00:00Z,85.7,1.1,2.0,2.0,-0.9,0.9
3-5 дней,2026-08-21T10:16:50Z,2026-08-25T03:00:00Z,88.7,1.3,2.0,1.0,-0.7,0.7
3-5 дней,2026-08-21T10:16:50Z,2026-08-25T06:00:00Z,91.7,1.8,2.0,1.0,-0.2,0.2
3-5 дней,2026-08-21T10:16:50Z,2026-08-25T09:00:00Z,94.7,2.9,3.0,1.0,-0.1,0.1
3-5 дней,2026-08-21T10:16:50Z,2026-08-25T12:00:00Z,97.7,4.1,4.0,2.0,0.1,0.1
3-5 дней,2026-08-21T10:16:50Z,2026-08-25T15:00:00Z,100.7,4.8,3.0,1.0,1.8,1.8
3-5 дней,2026-08-21T10:16:50Z,2026-08-25T18:00:00Z,103.7,4.3,2.0,0.0,2.3,2.3
3-5 дней,2026-08-21T10:16:50Z,2026-08-25T21:00:00Z,106.7,4.3,1.0,1.0,3.3,3.3
3-5 дней,2026-08-21T10:16:50Z,2026-08-26T00:00:00Z,109.7,3.7,2.0,2.0,1.7,1.7
3-5 дней,2026-08-21T10:16:50Z,2026-08-26T03:00:00Z,112.7,2.6,1.0,2.0,1.6,1.6
3-5 дней,2026-08-21T10:16:50Z,2026-08-26T06:00:00Z,115.7,3.5,1.0,2.0,2.5,2.5
3-5 дней,2026-08-21T10:16:50Z,2026-08-26T09:00:00Z,118.7,3.3,3.0,3.0,0.3,0.3
3-5 дней,2026-08-21T16:30:34Z,2026-08-24T18:00:00Z,73.5,1.9,0.0,2.0,1.9,1.9
3-5 дней,2026-08-21T16:30:34Z,2026-08-24T21:00:00Z,76.5,1.4,1.0,1.0,0.4,0.4
3-5 дней,2026-08-21T16:30:34Z,2026-08-25T00:00:00Z,79.5,1.1,2.0,2.0,-0.9,0.9
3-5 дней,2026-08-21T16:30:34Z,2026-08-25T03:00:00Z,82.5,1.3,2.0,1.0,-0.7,0.7
3-5 дней,2026-08-21T16:30:34Z,2026-08-25T06:00:00Z,85.5,1.8,2.0,1.0,-0.2,0.2
3-5 дней,2026-08-21T16:30:34Z,2026-08-25T09:00:00Z,88.5,2.9,3.0,1.0,-0.1,0.1
3-5 дней,2026-08-21T16:30:34Z,2026-08-25T12:00:00Z,91.5,4.1,4.0,2.0,0.1,0.1
3-5 дней,2026-08-21T16:30:34Z,2026-08-25T15:00:00Z,94.5,4.8,3.0,1.0,1.8,1.8
3-5 дней,2026-08-21T16:30:34Z,2026-08-25T18:00:00Z,97.5,4.3,2.0,0.0,2.3,2.3
3-5 дней,2026-08-21T16:30:34Z,2026-08-25T21:00:00Z,100.5,4.3,1.0,1.0,3.3,3.3
3-5 дней,2026-08-21T16:30:34Z,2026-08-26T00:00:00Z,103.5,3.7,2.0,2.0,1.7,1.7
3-5 дней,2026-08-21T16:30:34Z,2026-08-26T03:00:00Z,106.5,2.6,1.0,2.0,1.6,1.6
3-5 дней,2026-08-21T16:30:34Z,2026-08-26T06:00:00Z,109.5,3.5,1.0,2.0,2.5,2.5
3-5 дней,2026-08-21T16:30:34Z,2026-08-26T09:00:00Z,112.5,3.3,3.0,3.0,0.3,0.3
3-5 дней,2026-08-21T16:30:34Z,2026-08-26T12:00:00Z,115.5,4.2,2.0,4.0,2.2,2.2
3-5 дней,2026-08-21T16:30:34Z,2026-08-26T15:00:00Z,118.5,4.3,2.0,3.0,2.3,2.3
3-5 дней,2026-08-21T22:32:12Z,2026-08-25T00:00:00Z,73.5,3.9,2.0,2.0,1.9,1.9
3-5 дней,2026-08-21T22:32:12Z,2026-08-25T03:00:00Z,76.5,3.9,2.0,1.0,1.9,1.9
3-5 дней,2026-08-21T22:32:12Z,2026-08-25T06:00:00Z,79.5,4.2,2.0,1.0,2.2,2.2
3-5 дней,2026-08-21T22:32:12Z,2026-08-25T09:00:00Z,82.5,3.6,3.0,1.0,0.6,0.6
3-5 дней,2026-08-21T22:32:12Z,2026-08-25T12:00:00Z,85.5,5.1,4.0,2.0,1.1,1.1
3-5 дней,2026-08-21T22:32:12Z,2026-08-25T15:00:00Z,88.5,4.6,3.0,1.0,1.6,1.6
3-5 дней,2026-08-21T22:32:12Z,2026-08-25T18:00:00Z,91.5,4.3,2.0,0.0,2.3,2.3
3-5 дней,2026-08-21T22:32:12Z,2026-08-25T21:00:00Z,94.5,3.3,1.0,1.0,2.3,2.3
3-5 дней,2026-08-21T22:32:12Z,2026-08-26T00:00:00Z,97.5,2.9,2.0,2.0,0.9,0.9
3-5 дней,2026-08-21T22:32:12Z,2026-08-26T03:00:00Z,100.5,1.9,1.0,2.0,0.9,0.9
3-5 дней,2026-08-21T22:32:12Z,2026-08-26T06:00:00Z,103.5,2.3,1.0,2.0,1.3,1.3
3-5 дней,2026-08-21T22:32:12Z,2026-08-26T09:00:00Z,106.5,4.1,3.0,3.0,1.1,1.1
3-5 дней,2026-08-21T22:32:12Z,2026-08-26T12:00:00Z,109.5,4.8,2.0,4.0,2.8,2.8
3-5 дней,2026-08-21T22:32:12Z,2026-08-26T15:00:00Z,112.5,5.1,2.0,3.0,3.1,3.1
3-5 дней,2026-08-21T22:32:12Z,2026-08-26T18:00:00Z,115.5,3.9,1.0,2.0,2.9,2.9
3-5 дней,2026-08-21T22:32:12Z,2026-08-26T21:00:00Z,118.5,3.6,1.0,1.0,2.6,2.6
3-5 дней,2026-08-22T04:26:43Z,2026-08-25T06:00:00Z,73.6,4.2,2.0,1.0,2.2,2.2
3-5 дней,2026-08-22T04:26:43Z,2026-08-25T09:00:00Z,76.6,3.6,3.0,1.0,0.6,0.6
3-5 дней,2026-08-22T04:26:43Z,2026-08-25T12:00:00Z,79.6,5.1,4.0,2.0,1.1,1.1
3-5 дней,2026-08-22T04:26:43Z,2026-08-25T15:00:00Z,82.6,4.6,3.0,1.0,1.6,1.6
3-5 дней,2026-08-22T04:26:43Z,2026-08-25T18:00:00Z,85.6,4.3,2.0,0.0,2.3,2.3
3-5 дней,2026-08-22T04:26:43Z,2026-08-25T21:00:00Z,88.6,3.3,1.0,1.0,2.3,2.3
3-5 дней,2026-08-22T04:26:43Z,2026-08-26T00:00:00Z,91.6,2.9,2.0,2.0,0.9,0.9
3-5 дней,2026-08-22T04:26:43Z,2026-08-26T03:00:00Z,94.6,1.9,1.0,2.0,0.9,0.9
3-5 дней,2026-08-22T04:26:43Z,2026-08-26T06:00:00Z,97.6,2.3,1.0,2.0,1.3,1.3
3-5 дней,2026-08-22T04:26:43Z,2026-08-26T09:00:00Z,100.6,4.1,3.0,3.0,1.1,1.1
3-5 дней,2026-08-22T04:26:43Z,2026-08-26T12:00:00Z,103.6,4.8,2.0,4.0,2.8,2.8
3-5 дней,2026-08-22T04:26:43Z,2026-08-26T15:00:00Z,106.6,5.1,2.0,3.0,3.1,3.1
3-5 дней,2026-08-22T04:26:43Z,2026-08-26T18:00:00Z,109.6,3.9,1.0,2.0,2.9,2.9
3-5 дней,2026-08-22T04:26:43Z,2026-08-26T21:00:00Z,112.6,3.6,1.0,1.0,2.6,2.6
3-5 дней,2026-08-22T04:26:43Z,2026-08-27T00:00:00Z,115.6,3.6,1.0,2.0,2.6,2.6
3-5 дней,2026-08-22T04:26:43Z,2026-08-27T03:00:00Z,118.6,3.6,0.0,1.0,3.6,3.6
3-5 дней,2026-08-22T10:09:41Z,2026-08-25T12:00:00Z,73.8,4.8,4.0,2.0,0.8,0.8
3-5 дней,2026-08-22T10:09:41Z,2026-08-25T15:00:00Z,76.8,4.4,3.0,1.0,1.4,1.4
3-5 дней,2026-08-22T10:09:41Z,2026-08-25T18:00:00Z,79.8,4.3,2.0,0.0,2.3,2.3
3-5 дней,2026-08-22T10:09:41Z,2026-08-25T21:00:00Z,82.8,3.1,1.0,1.0,2.1,2.1
3-5 дней,2026-08-22T10:09:41Z,2026-08-26T00:00:00Z,85.8,2.5,2.0,2.0,0.5,0.5
3-5 дней,2026-08-22T10:09:41Z,2026-08-26T03:00:00Z,88.8,1.9,1.0,2.0,0.9,0.9
3-5 дней,2026-08-22T10:09:41Z,2026-08-26T06:00:00Z,91.8,1.9,1.0,2.0,0.9,0.9
3-5 дней,2026-08-22T10:09:41Z,2026-08-26T09:00:00Z,94.8,4.3,3.0,3.0,1.3,1.3
3-5 дней,2026-08-22T10:09:41Z,2026-08-26T12:00:00Z,97.8,5.6,2.0,4.0,3.6,3.6
3-5 дней,2026-08-22T10:09:41Z,2026-08-26T15:00:00Z,100.8,5.1,2.0,3.0,3.1,3.1
3-5 дней,2026-08-22T10:09:41Z,2026-08-26T18:00:00Z,103.8,3.9,1.0,2.0,2.9,2.9
3-5 дней,2026-08-22T10:09:41Z,2026-08-26T21:00:00Z,106.8,4.2,1.0,1.0,3.2,3.2
3-5 дней,2026-08-22T10:09:41Z,2026-08-27T00:00:00Z,109.8,4.3,1.0,2.0,3.3,3.3
3-5 дней,2026-08-22T10:09:41Z,2026-08-27T03:00:00Z,112.8,3.9,0.0,1.0,3.9,3.9
3-5 дней,2026-08-22T10:09:41Z,2026-08-27T06:00:00Z,115.8,5.6,3.0,1.0,2.6,2.6
3-5 дней,2026-08-22T10:09:41Z,2026-08-27T09:00:00Z,118.8,5.2,4.0,3.0,1.2,1.2
3-5 дней,2026-08-22T16:20:08Z,2026-08-25T18:00:00Z,73.7,4.3,2.0,0.0,2.3,2.3
3-5 дней,2026-08-22T16:20:08Z,2026-08-25T21:00:00Z,76.7,3.1,1.0,1.0,2.1,2.1
3-5 дней,2026-08-22T16:20:08Z,2026-08-26T00:00:00Z,79.7,2.5,2.0,2.0,0.5,0.5
3-5 дней,2026-08-22T16:20:08Z,2026-08-26T03:00:00Z,82.7,1.9,1.0,2.0,0.9,0.9
3-5 дней,2026-08-22T16:20:08Z,2026-08-26T06:00:00Z,85.7,1.9,1.0,2.0,0.9,0.9
3-5 дней,2026-08-22T16:20:08Z,2026-08-26T09:00:00Z,88.7,4.3,3.0,3.0,1.3,1.3
3-5 дней,2026-08-22T16:20:08Z,2026-08-26T12:00:00Z,91.7,5.6,2.0,4.0,3.6,3.6
3-5 дней,2026-08-22T16:20:08Z,2026-08-26T15:00:00Z,94.7,5.1,2.0,3.0,3.1,3.1
3-5 дней,2026-08-22T16:20:08Z,2026-08-26T18:00:00Z,97.7,3.9,1.0,2.0,2.9,2.9
3-5 дней,2026-08-22T16:20:08Z,2026-08-26T21:00:00Z,100.7,4.2,1.0,1.0,3.2,3.2
3-5 дней,2026-08-22T16:20:08Z,2026-08-27T00:00:00Z,103.7,4.3,1.0,2.0,3.3,3.3
3-5 дней,2026-08-22T16:20:08Z,2026-08-27T03:00:00Z,106.7,3.9,0.0,1.0,3.9,3.9
3-5 дней,2026-08-22T16:20:08Z,2026-08-27T06:00:00Z,109.7,5.6,3.0,1.0,2.6,2.6
3-5 дней,2026-08-22T16:20:08Z,2026-08-27T09:00:00Z,112.7,5.2,4.0,3.0,1.2,1.2
3-5 дней,2026-08-22T16:20:08Z,2026-08-27T12:00:00Z,115.7,5.8,4.0,2.0,1.8,1.8
3-5 дней,2026-08-22T16:20:08Z,2026-08-27T15:00:00Z,118.7,4.4,3.0,2.0,1.4,1.4
3-5 дней,2026-08-22T22:29:28Z,2026-08-26T00:00:00Z,73.5,3.1,2.0,2.0,1.1,1.1
3-5 дней,2026-08-22T22:29:28Z,2026-08-26T03:00:00Z,76.5,2.2,1.0,2.0,1.2,1.2
3-5 дней,2026-08-22T22:29:28Z,2026-08-26T06:00:00Z,79.5,2.1,1.0,2.0,1.1,1.1
3-5 дней,2026-08-22T22:29:28Z,2026-08-26T09:00:00Z,82.5,1.6,3.0,3.0,-1.4,1.4
3-5 дней,2026-08-22T22:29:28Z,2026-08-26T12:00:00Z,85.5,4.8,2.0,4.0,2.8,2.8
3-5 дней,2026-08-22T22:29:28Z,2026-08-26T15:00:00Z,88.5,4.2,2.0,3.0,2.2,2.2
3-5 дней,2026-08-22T22:29:28Z,2026-08-26T18:00:00Z,91.5,3.2,1.0,2.0,2.2,2.2
3-5 дней,2026-08-22T22:29:28Z,2026-08-26T21:00:00Z,94.5,2.4,1.0,1.0,1.4,1.4
3-5 дней,2026-08-22T22:29:28Z,2026-08-27T00:00:00Z,97.5,2.4,1.0,2.0,1.4,1.4
3-5 дней,2026-08-22T22:29:28Z,2026-08-27T03:00:00Z,100.5,2.7,0.0,1.0,2.7,2.7
3-5 дней,2026-08-22T22:29:28Z,2026-08-27T06:00:00Z,103.5,4.2,3.0,1.0,1.2,1.2
3-5 дней,2026-08-22T22:29:28Z,2026-08-27T09:00:00Z,106.5,4.9,4.0,3.0,0.9,0.9
3-5 дней,2026-08-22T22:29:28Z,2026-08-27T12:00:00Z,109.5,5.8,4.0,2.0,1.8,1.8
3-5 дней,2026-08-22T22:29:28Z,2026-08-27T15:00:00Z,112.5,4.9,3.0,2.0,1.9,1.9
3-5 дней,2026-08-22T22:29:28Z,2026-08-27T18:00:00Z,115.5,3.4,2.0,1.0,1.4,1.4
3-5 дней,2026-08-22T22:29:28Z,2026-08-27T21:00:00Z,118.5,3.6,2.0,1.0,1.6,1.6
3-5 дней,2026-08-23T04:31:06Z,2026-08-26T06:00:00Z,73.5,2.1,1.0,2.0,1.1,1.1
3-5 дней,2026-08-23T04:31:06Z,2026-08-26T09:00:00Z,76.5,1.6,3.0,3.0,-1.4,1.4
3-5 дней,2026-08-23T04:31:06Z,2026-08-26T12:00:00Z,79.5,4.8,2.0,4.0,2.8,2.8
3-5 дней,2026-08-23T04:31:06Z,2026-08-26T15:00:00Z,82.5,4.2,2.0,3.0,2.2,2.2
3-5 дней,2026-08-23T04:31:06Z,2026-08-26T18:00:00Z,85.5,3.2,1.0,2.0,2.2,2.2
3-5 дней,2026-08-23T04:31:06Z,2026-08-26T21:00:00Z,88.5,2.4,1.0,1.0,1.4,1.4
3-5 дней,2026-08-23T04:31:06Z,2026-08-27T00:00:00Z,91.5,2.4,1.0,2.0,1.4,1.4
3-5 дней,2026-08-23T04:31:06Z,2026-08-27T03:00:00Z,94.5,2.7,0.0,1.0,2.7,2.7
3-5 дней,2026-08-23T04:31:06Z,2026-08-27T06:00:00Z,97.5,4.2,3.0,1.0,1.2,1.2
3-5 дней,2026-08-23T04:31:06Z,2026-08-27T09:00:00Z,100.5,4.9,4.0,3.0,0.9,0.9
3-5 дней,2026-08-23T04:31:06Z,2026-08-27T12:00:00Z,103.5,5.8,4.0,2.0,1.8,1.8
3-5 дней,2026-08-23T04:31:06Z,2026-08-27T15:00:00Z,106.5,4.9,3.0,2.0,1.9,1.9
3-5 дней,2026-08-23T04:31:06Z,2026-08-27T18:00:00Z,109.5,3.4,2.0,1.0,1.4,1.4
3-5 дней,2026-08-23T04:31:06Z,2026-08-27T21:00:00Z,112.5,3.6,2.0,1.0,1.6,1.6
3-5 дней,2026-08-23T04:31:06Z,2026-08-28T00:00:00Z,115.5,3.3,3.0,1.0,0.3,0.3
3-5 дней,2026-08-23T04:31:06Z,2026-08-28T03:00:00Z,118.5,2.9,2.0,0.0,0.9,0.9
3-5 дней,2026-08-23T10:10:14Z,2026-08-26T12:00:00Z,73.8,5.9,2.0,4.0,3.9,3.9
3-5 дней,2026-08-23T10:10:14Z,2026-08-26T15:00:00Z,76.8,4.4,2.0,3.0,2.4,2.4
3-5 дней,2026-08-23T10:10:14Z,2026-08-26T18:00:00Z,79.8,2.4,1.0,2.0,1.4,1.4
3-5 дней,2026-08-23T10:10:14Z,2026-08-26T21:00:00Z,82.8,1.6,1.0,1.0,0.6,0.6
3-5 дней,2026-08-23T10:10:14Z,2026-08-27T00:00:00Z,85.8,2.9,1.0,2.0,1.9,1.9
3-5 дней,2026-08-23T10:10:14Z,2026-08-27T03:00:00Z,88.8,3.9,0.0,1.0,3.9,3.9
3-5 дней,2026-08-23T10:10:14Z,2026-08-27T06:00:00Z,91.8,5.1,3.0,1.0,2.1,2.1
3-5 дней,2026-08-23T10:10:14Z,2026-08-27T09:00:00Z,94.8,5.6,4.0,3.0,1.6,1.6
3-5 дней,2026-08-23T10:10:14Z,2026-08-27T12:00:00Z,97.8,6.1,4.0,2.0,2.1,2.1
3-5 дней,2026-08-23T10:10:14Z,2026-08-27T15:00:00Z,100.8,5.5,3.0,2.0,2.5,2.5
3-5 дней,2026-08-23T10:10:14Z,2026-08-27T18:00:00Z,103.8,4.3,2.0,1.0,2.3,2.3
3-5 дней,2026-08-23T10:10:14Z,2026-08-27T21:00:00Z,106.8,4.0,2.0,1.0,2.0,2.0
3-5 дней,2026-08-23T10:10:14Z,2026-08-28T00:00:00Z,109.8,4.5,3.0,1.0,1.5,1.5
3-5 дней,2026-08-23T10:10:14Z,2026-08-28T03:00:00Z,112.8,4.3,2.0,0.0,2.3,2.3
3-5 дней,2026-08-23T10:10:14Z,2026-08-28T06:00:00Z,115.8,5.1,4.0,3.0,1.1,1.1
3-5 дней,2026-08-23T10:10:14Z,2026-08-28T09:00:00Z,118.8,5.0,5.0,4.0,0.0,0.0
3-5 дней,2026-08-23T16:21:17Z,2026-08-26T18:00:00Z,73.6,2.4,1.0,2.0,1.4,1.4
3-5 дней,2026-08-23T16:21:17Z,2026-08-26T21:00:00Z,76.6,1.6,1.0,1.0,0.6,0.6
3-5 дней,2026-08-23T16:21:17Z,2026-08-27T00:00:00Z,79.6,2.9,1.0,2.0,1.9,1.9
3-5 дней,2026-08-23T16:21:17Z,2026-08-27T03:00:00Z,82.6,3.9,0.0,1.0,3.9,3.9
3-5 дней,2026-08-23T16:21:17Z,2026-08-27T06:00:00Z,85.6,5.1,3.0,1.0,2.1,2.1
3-5 дней,2026-08-23T16:21:17Z,2026-08-27T09:00:00Z,88.6,5.6,4.0,3.0,1.6,1.6
3-5 дней,2026-08-23T16:21:17Z,2026-08-27T12:00:00Z,91.6,6.1,4.0,2.0,2.1,2.1
3-5 дней,2026-08-23T16:21:17Z,2026-08-27T15:00:00Z,94.6,5.5,3.0,2.0,2.5,2.5
3-5 дней,2026-08-23T16:21:17Z,2026-08-27T18:00:00Z,97.6,4.3,2.0,1.0,2.3,2.3
3-5 дней,2026-08-23T16:21:17Z,2026-08-27T21:00:00Z,100.6,4.0,2.0,1.0,2.0,2.0
3-5 дней,2026-08-23T16:21:17Z,2026-08-28T00:00:00Z,103.6,4.5,3.0,1.0,1.5,1.5
3-5 дней,2026-08-23T16:21:17Z,2026-08-28T03:00:00Z,106.6,4.3,2.0,0.0,2.3,2.3
3-5 дней,2026-08-23T16:21:17Z,2026-08-28T06:00:00Z,109.6,5.1,4.0,3.0,1.1,1.1
3-5 дней,2026-08-23T16:21:17Z,2026-08-28T09:00:00Z,112.6,5.0,5.0,4.0,0.0,0.0
3-5 дней,2026-08-23T16:21:17Z,2026-08-28T12:00:00Z,115.6,5.1,4.0,4.0,1.1,1.1
3-5 дней,2026-08-23T16:21:17Z,2026-08-28T15:00:00Z,118.6,4.9,3.0,3.0,1.9,1.9
3-5 дней,2026-08-23T22:29:36Z,2026-08-27T00:00:00Z,73.5,2.7,1.0,2.0,1.7,1.7
3-5 дней,2026-08-23T22:29:36Z,2026-08-27T03:00:00Z,76.5,2.4,0.0,1.0,2.4,2.4
3-5 дней,2026-08-23T22:29:36Z,2026-08-27T06:00:00Z,79.5,4.7,3.0,1.0,1.7,1.7
3-5 дней,2026-08-23T22:29:36Z,2026-08-27T09:00:00Z,82.5,5.6,4.0,3.0,1.6,1.6
3-5 дней,2026-08-23T22:29:36Z,2026-08-27T12:00:00Z,85.5,5.8,4.0,2.0,1.8,1.8
3-5 дней,2026-08-23T22:29:36Z,2026-08-27T15:00:00Z,88.5,5.2,3.0,2.0,2.2,2.2
3-5 дней,2026-08-23T22:29:36Z,2026-08-27T18:00:00Z,91.5,4.6,2.0,1.0,2.6,2.6
3-5 дней,2026-08-23T22:29:36Z,2026-08-27T21:00:00Z,94.5,4.4,2.0,1.0,2.4,2.4
3-5 дней,2026-08-23T22:29:36Z,2026-08-28T00:00:00Z,97.5,5.1,3.0,1.0,2.1,2.1
3-5 дней,2026-08-23T22:29:36Z,2026-08-28T03:00:00Z,100.5,5.1,2.0,0.0,3.1,3.1
3-5 дней,2026-08-23T22:29:36Z,2026-08-28T06:00:00Z,103.5,6.3,4.0,3.0,2.3,2.3
3-5 дней,2026-08-23T22:29:36Z,2026-08-28T09:00:00Z,106.5,5.6,5.0,4.0,0.6,0.6
3-5 дней,2026-08-23T22:29:36Z,2026-08-28T12:00:00Z,109.5,5.4,4.0,4.0,1.4,1.4
3-5 дней,2026-08-23T22:29:36Z,2026-08-28T15:00:00Z,112.5,5.7,3.0,3.0,2.7,2.7
3-5 дней,2026-08-23T22:29:36Z,2026-08-28T18:00:00Z,115.5,4.5,0.0,2.0,4.5,4.5
3-5 дней,2026-08-23T22:29:36Z,2026-08-28T21:00:00Z,118.5,3.9,0.0,2.0,3.9,3.9
3-5 дней,2026-08-24T04:38:48Z,2026-08-27T06:00:00Z,73.4,4.7,3.0,1.0,1.7,1.7
3-5 дней,2026-08-24T04:38:48Z,2026-08-27T09:00:00Z,76.4,5.6,4.0,3.0,1.6,1.6
3-5 дней,2026-08-24T04:38:48Z,2026-08-27T12:00:00Z,79.4,5.8,4.0,2.0,1.8,1.8
3-5 дней,2026-08-24T04:38:48Z,2026-08-27T15:00:00Z,82.4,5.2,3.0,2.0,2.2,2.2
3-5 дней,2026-08-24T04:38:48Z,2026-08-27T18:00:00Z,85.4,4.6,2.0,1.0,2.6,2.6
3-5 дней,2026-08-24T04:38:48Z,2026-08-27T21:00:00Z,88.4,4.4,2.0,1.0,2.4,2.4
3-5 дней,2026-08-24T04:38:48Z,2026-08-28T00:00:00Z,91.4,5.1,3.0,1.0,2.1,2.1
3-5 дней,2026-08-24T04:38:48Z,2026-08-28T03:00:00Z,94.4,5.1,2.0,0.0,3.1,3.1
3-5 дней,2026-08-24T04:38:48Z,2026-08-28T06:00:00Z,97.4,6.3,4.0,3.0,2.3,2.3
3-5 дней,2026-08-24T04:38:48Z,2026-08-28T09:00:00Z,100.4,5.6,5.0,4.0,0.6,0.6
3-5 дней,2026-08-24T04:38:48Z,2026-08-28T12:00:00Z,103.4,5.4,4.0,4.0,1.4,1.4
3-5 дней,2026-08-24T04:38:48Z,2026-08-28T15:00:00Z,106.4,5.7,3.0,3.0,2.7,2.7
3-5 дней,2026-08-24T04:38:48Z,2026-08-28T18:00:00Z,109.4,4.5,0.0,2.0,4.5,4.5
3-5 дней,2026-08-24T04:38:48Z,2026-08-28T21:00:00Z,112.4,3.9,0.0,2.0,3.9,3.9
3-5 дней,2026-08-24T10:24:38Z,2026-08-27T12:00:00Z,73.6,5.3,4.0,2.0,1.3,1.3
3-5 дней,2026-08-24T10:24:38Z,2026-08-27T15:00:00Z,76.6,4.6,3.0,2.0,1.6,1.6
3-5 дней,2026-08-24T10:24:38Z,2026-08-27T18:00:00Z,79.6,4.1,2.0,1.0,2.1,2.1
3-5 дней,2026-08-24T10:24:38Z,2026-08-27T21:00:00Z,82.6,3.9,2.0,1.0,1.9,1.9
3-5 дней,2026-08-24T10:24:38Z,2026-08-28T00:00:00Z,85.6,4.1,3.0,1.0,1.1,1.1
3-5 дней,2026-08-24T10:24:38Z,2026-08-28T03:00:00Z,88.6,4.8,2.0,0.0,2.8,2.8
3-5 дней,2026-08-24T10:24:38Z,2026-08-28T06:00:00Z,91.6,5.6,4.0,3.0,1.6,1.6
3-5 дней,2026-08-24T10:24:38Z,2026-08-28T09:00:00Z,94.6,5.6,5.0,4.0,0.6,0.6
3-5 дней,2026-08-24T10:24:38Z,2026-08-28T12:00:00Z,97.6,5.6,4.0,4.0,1.6,1.6
3-5 дней,2026-08-24T10:24:38Z,2026-08-28T15:00:00Z,100.6,4.8,3.0,3.0,1.8,1.8
3-5 дней,2026-08-24T10:24:38Z,2026-08-28T18:00:00Z,103.6,3.3,0.0,2.0,3.3,3.3
3-5 дней,2026-08-24T10:24:38Z,2026-08-28T21:00:00Z,106.6,2.6,0.0,2.0,2.6,2.6
3-5 дней,2026-08-24T16:34:00Z,2026-08-27T18:00:00Z,73.4,4.1,2.0,1.0,2.1,2.1
3-5 дней,2026-08-24T16:34:00Z,2026-08-27T21:00:00Z,76.4,3.9,2.0,1.0,1.9,1.9
3-5 дней,2026-08-24T16:34:00Z,2026-08-28T00:00:00Z,79.4,4.1,3.0,1.0,1.1,1.1
3-5 дней,2026-08-24T16:34:00Z,2026-08-28T03:00:00Z,82.4,4.8,2.0,0.0,2.8,2.8
3-5 дней,2026-08-24T16:34:00Z,2026-08-28T06:00:00Z,85.4,5.6,4.0,3.0,1.6,1.6
3-5 дней,2026-08-24T16:34:00Z,2026-08-28T09:00:00Z,88.4,5.6,5.0,4.0,0.6,0.6
3-5 дней,2026-08-24T16:34:00Z,2026-08-28T12:00:00Z,91.4,5.6,4.0,4.0,1.6,1.6
3-5 дней,2026-08-24T16:34:00Z,2026-08-28T15:00:00Z,94.4,4.8,3.0,3.0,1.8,1.8
3-5 дней,2026-08-24T16:34:00Z,2026-08-28T18:00:00Z,97.4,3.3,0.0,2.0,3.3,3.3
3-5 дней,2026-08-24T16:34:00Z,2026-08-28T21:00:00Z,100.4,2.6,0.0,2.0,2.6,2.6
3-5 дней,2026-08-24T22:34:40Z,2026-08-28T00:00:00Z,73.4,4.3,3.0,1.0,1.3,1.3
3-5 дней,2026-08-24T22:34:40Z,2026-08-28T03:00:00Z,76.4,4.3,2.0,0.0,2.3,2.3
3-5 дней,2026-08-24T22:34:40Z,2026-08-28T06:00:00Z,79.4,5.4,4.0,3.0,1.4,1.4
3-5 дней,2026-08-24T22:34:40Z,2026-08-28T09:00:00Z,82.4,6.3,5.0,4.0,1.3,1.3
3-5 дней,2026-08-24T22:34:40Z,2026-08-28T12:00:00Z,85.4,6.2,4.0,4.0,2.2,2.2
3-5 дней,2026-08-24T22:34:40Z,2026-08-28T15:00:00Z,88.4,5.0,3.0,3.0,2.0,2.0
3-5 дней,2026-08-24T22:34:40Z,2026-08-28T18:00:00Z,91.4,3.3,0.0,2.0,3.3,3.3
3-5 дней,2026-08-24T22:34:40Z,2026-08-28T21:00:00Z,94.4,2.7,0.0,2.0,2.7,2.7
3-5 дней,2026-08-25T04:33:15Z,2026-08-28T06:00:00Z,73.4,5.4,4.0,3.0,1.4,1.4
3-5 дней,2026-08-25T04:33:15Z,2026-08-28T09:00:00Z,76.4,6.3,5.0,4.0,1.3,1.3
3-5 дней,2026-08-25T04:33:15Z,2026-08-28T12:00:00Z,79.4,6.2,4.0,4.0,2.2,2.2
3-5 дней,2026-08-25T04:33:15Z,2026-08-28T15:00:00Z,82.4,5.0,3.0,3.0,2.0,2.0
3-5 дней,2026-08-25T04:33:15Z,2026-08-28T18:00:00Z,85.4,3.3,0.0,2.0,3.3,3.3
3-5 дней,2026-08-25T04:33:15Z,2026-08-28T21:00:00Z,88.4,2.7,0.0,2.0,2.7,2.7
3-5 дней,2026-08-25T10:18:20Z,2026-08-28T12:00:00Z,73.7,6.3,4.0,4.0,2.3,2.3
3-5 дней,2026-08-25T10:18:20Z,2026-08-28T15:00:00Z,76.7,5.4,3.0,3.0,2.4,2.4
3-5 дней,2026-08-25T10:18:20Z,2026-08-28T18:00:00Z,79.7,3.8,0.0,2.0,3.8,3.8
3-5 дней,2026-08-25T10:18:20Z,2026-08-28T21:00:00Z,82.7,3.6,0.0,2.0,3.6,3.6
3-5 дней,2026-08-25T16:33:53Z,2026-08-28T18:00:00Z,73.4,3.8,0.0,2.0,3.8,3.8
3-5 дней,2026-08-25T16:33:53Z,2026-08-28T21:00:00Z,76.4,3.6,0.0,2.0,3.6,3.6
5-10 дней,2026-08-06T09:50:07Z,2026-08-11T12:00:00Z,122.2,4.1,4.0,2.0,0.1,0.1
5-10 дней,2026-08-06T09:50:07Z,2026-08-11T15:00:00Z,125.2,4.1,4.0,2.0,0.1,0.1
5-10 дней,2026-08-06T09:50:07Z,2026-08-11T18:00:00Z,128.2,4.4,2.0,2.0,2.4,2.4
5-10 дней,2026-08-06T09:50:07Z,2026-08-11T21:00:00Z,131.2,4.3,1.0,2.0,3.3,3.3
5-10 дней,2026-08-06T09:50:07Z,2026-08-12T00:00:00Z,134.2,4.4,1.0,2.0,3.4,3.4
5-10 дней,2026-08-06T09:50:07Z,2026-08-12T03:00:00Z,137.2,4.9,1.0,2.0,3.9,3.9
5-10 дней,2026-08-06T09:50:07Z,2026-08-12T06:00:00Z,140.2,5.4,2.0,3.0,3.4,3.4
5-10 дней,2026-08-06T09:50:07Z,2026-08-12T09:00:00Z,143.2,5.4,2.0,4.0,3.4,3.4
5-10 дней,2026-08-06T09:50:07Z,2026-08-12T12:00:00Z,146.2,4.9,3.0,4.0,1.9,1.9
5-10 дней,2026-08-06T09:50:07Z,2026-08-12T15:00:00Z,149.2,3.6,4.0,4.0,-0.4,0.4
5-10 дней,2026-08-06T09:50:07Z,2026-08-12T18:00:00Z,152.2,2.3,3.0,2.0,-0.7,0.7
5-10 дней,2026-08-06T09:50:07Z,2026-08-12T21:00:00Z,155.2,1.9,3.0,1.0,-1.1,1.1
5-10 дней,2026-08-06T09:50:07Z,2026-08-13T00:00:00Z,158.2,1.9,3.0,1.0,-1.1,1.1
5-10 дней,2026-08-06T09:59:18Z,2026-08-11T12:00:00Z,122.0,4.1,4.0,2.0,0.1,0.1
5-10 дней,2026-08-06T09:59:18Z,2026-08-11T15:00:00Z,125.0,4.1,4.0,2.0,0.1,0.1
5-10 дней,2026-08-06T09:59:18Z,2026-08-11T18:00:00Z,128.0,4.4,2.0,2.0,2.4,2.4
5-10 дней,2026-08-06T09:59:18Z,2026-08-11T21:00:00Z,131.0,4.3,1.0,2.0,3.3,3.3
5-10 дней,2026-08-06T09:59:18Z,2026-08-12T00:00:00Z,134.0,4.4,1.0,2.0,3.4,3.4
5-10 дней,2026-08-06T09:59:18Z,2026-08-12T03:00:00Z,137.0,4.9,1.0,2.0,3.9,3.9
5-10 дней,2026-08-06T09:59:18Z,2026-08-12T06:00:00Z,140.0,5.4,2.0,3.0,3.4,3.4
5-10 дней,2026-08-06T09:59:18Z,2026-08-12T09:00:00Z,143.0,5.4,2.0,4.0,3.4,3.4
5-10 дней,2026-08-06T09:59:18Z,2026-08-12T12:00:00Z,146.0,4.9,3.0,4.0,1.9,1.9
5-10 дней,2026-08-06T09:59:18Z,2026-08-12T15:00:00Z,149.0,3.6,4.0,4.0,-0.4,0.4
5-10 дней,2026-08-06T09:59:18Z,2026-08-12T18:00:00Z,152.0,2.3,3.0,2.0,-0.7,0.7
5-10 дней,2026-08-06T09:59:18Z,2026-08-12T21:00:00Z,155.0,1.9,3.0,1.0,-1.1,1.1
5-10 дней,2026-08-06T09:59:18Z,2026-08-13T00:00:00Z,158.0,1.9,3.0,1.0,-1.1,1.1
5-10 дней,2026-08-06T10:08:26Z,2026-08-11T12:00:00Z,121.9,4.1,4.0,2.0,0.1,0.1
5-10 дней,2026-08-06T10:08:26Z,2026-08-11T15:00:00Z,124.9,4.1,4.0,2.0,0.1,0.1
5-10 дней,2026-08-06T10:08:26Z,2026-08-11T18:00:00Z,127.9,4.4,2.0,2.0,2.4,2.4
5-10 дней,2026-08-06T10:08:26Z,2026-08-11T21:00:00Z,130.9,4.3,1.0,2.0,3.3,3.3
5-10 дней,2026-08-06T10:08:26Z,2026-08-12T00:00:00Z,133.9,4.4,1.0,2.0,3.4,3.4
5-10 дней,2026-08-06T10:08:26Z,2026-08-12T03:00:00Z,136.9,4.9,1.0,2.0,3.9,3.9
5-10 дней,2026-08-06T10:08:26Z,2026-08-12T06:00:00Z,139.9,5.4,2.0,3.0,3.4,3.4
5-10 дней,2026-08-06T10:08:26Z,2026-08-12T09:00:00Z,142.9,5.4,2.0,4.0,3.4,3.4
5-10 дней,2026-08-06T10:08:26Z,2026-08-12T12:00:00Z,145.9,4.9,3.0,4.0,1.9,1.9
5-10 дней,2026-08-06T10:08:26Z,2026-08-12T15:00:00Z,148.9,3.6,4.0,4.0,-0.4,0.4
5-10 дней,2026-08-06T10:08:26Z,2026-08-12T18:00:00Z,151.9,2.3,3.0,2.0,-0.7,0.7
5-10 дней,2026-08-06T10:08:26Z,2026-08-12T21:00:00Z,154.9,1.9,3.0,1.0,-1.1,1.1
5-10 дней,2026-08-06T10:08:26Z,2026-08-13T00:00:00Z,157.9,1.9,3.0,1.0,-1.1,1.1
5-10 дней,2026-08-06T10:47:54Z,2026-08-11T12:00:00Z,121.2,4.1,4.0,2.0,0.1,0.1
5-10 дней,2026-08-06T10:47:54Z,2026-08-11T15:00:00Z,124.2,4.1,4.0,2.0,0.1,0.1
5-10 дней,2026-08-06T10:47:54Z,2026-08-11T18:00:00Z,127.2,4.4,2.0,2.0,2.4,2.4
5-10 дней,2026-08-06T10:47:54Z,2026-08-11T21:00:00Z,130.2,4.3,1.0,2.0,3.3,3.3
5-10 дней,2026-08-06T10:47:54Z,2026-08-12T00:00:00Z,133.2,4.4,1.0,2.0,3.4,3.4
5-10 дней,2026-08-06T10:47:54Z,2026-08-12T03:00:00Z,136.2,4.9,1.0,2.0,3.9,3.9
5-10 дней,2026-08-06T10:47:54Z,2026-08-12T06:00:00Z,139.2,5.4,2.0,3.0,3.4,3.4
5-10 дней,2026-08-06T10:47:54Z,2026-08-12T09:00:00Z,142.2,5.4,2.0,4.0,3.4,3.4
5-10 дней,2026-08-06T10:47:54Z,2026-08-12T12:00:00Z,145.2,4.9,3.0,4.0,1.9,1.9
5-10 дней,2026-08-06T10:47:54Z,2026-08-12T15:00:00Z,148.2,3.6,4.0,4.0,-0.4,0.4
5-10 дней,2026-08-06T10:47:54Z,2026-08-12T18:00:00Z,151.2,2.3,3.0,2.0,-0.7,0.7
5-10 дней,2026-08-06T10:47:54Z,2026-08-12T21:00:00Z,154.2,1.9,3.0,1.0,-1.1,1.1
5-10 дней,2026-08-06T10:47:54Z,2026-08-13T00:00:00Z,157.2,1.9,3.0,1.0,-1.1,1.1
5-10 дней,2026-08-06T11:30:42Z,2026-08-11T12:00:00Z,120.5,4.1,4.0,2.0,0.1,0.1
5-10 дней,2026-08-06T11:30:42Z,2026-08-11T15:00:00Z,123.5,4.1,4.0,2.0,0.1,0.1
5-10 дней,2026-08-06T11:30:42Z,2026-08-11T18:00:00Z,126.5,4.4,2.0,2.0,2.4,2.4
5-10 дней,2026-08-06T11:30:42Z,2026-08-11T21:00:00Z,129.5,4.3,1.0,2.0,3.3,3.3
5-10 дней,2026-08-06T11:30:42Z,2026-08-12T00:00:00Z,132.5,4.4,1.0,2.0,3.4,3.4
5-10 дней,2026-08-06T11:30:42Z,2026-08-12T03:00:00Z,135.5,4.9,1.0,2.0,3.9,3.9
5-10 дней,2026-08-06T11:30:42Z,2026-08-12T06:00:00Z,138.5,5.4,2.0,3.0,3.4,3.4
5-10 дней,2026-08-06T11:30:42Z,2026-08-12T09:00:00Z,141.5,5.4,2.0,4.0,3.4,3.4
5-10 дней,2026-08-06T11:30:42Z,2026-08-12T12:00:00Z,144.5,4.9,3.0,4.0,1.9,1.9
5-10 дней,2026-08-06T11:30:42Z,2026-08-12T15:00:00Z,147.5,3.6,4.0,4.0,-0.4,0.4
5-10 дней,2026-08-06T11:30:42Z,2026-08-12T18:00:00Z,150.5,2.3,3.0,2.0,-0.7,0.7
5-10 дней,2026-08-06T11:30:42Z,2026-08-12T21:00:00Z,153.5,1.9,3.0,1.0,-1.1,1.1
5-10 дней,2026-08-06T11:30:42Z,2026-08-13T00:00:00Z,156.5,1.9,3.0,1.0,-1.1,1.1
5-10 дней,2026-08-06T11:36:01Z,2026-08-11T12:00:00Z,120.4,4.1,4.0,2.0,0.1,0.1
5-10 дней,2026-08-06T11:36:01Z,2026-08-11T15:00:00Z,123.4,4.1,4.0,2.0,0.1,0.1
5-10 дней,2026-08-06T11:36:01Z,2026-08-11T18:00:00Z,126.4,4.4,2.0,2.0,2.4,2.4
5-10 дней,2026-08-06T11:36:01Z,2026-08-11T21:00:00Z,129.4,4.3,1.0,2.0,3.3,3.3
5-10 дней,2026-08-06T11:36:01Z,2026-08-12T00:00:00Z,132.4,4.4,1.0,2.0,3.4,3.4
5-10 дней,2026-08-06T11:36:01Z,2026-08-12T03:00:00Z,135.4,4.9,1.0,2.0,3.9,3.9
5-10 дней,2026-08-06T11:36:01Z,2026-08-12T06:00:00Z,138.4,5.4,2.0,3.0,3.4,3.4
5-10 дней,2026-08-06T11:36:01Z,2026-08-12T09:00:00Z,141.4,5.4,2.0,4.0,3.4,3.4
5-10 дней,2026-08-06T11:36:01Z,2026-08-12T12:00:00Z,144.4,4.9,3.0,4.0,1.9,1.9
5-10 дней,2026-08-06T11:36:01Z,2026-08-12T15:00:00Z,147.4,3.6,4.0,4.0,-0.4,0.4
5-10 дней,2026-08-06T11:36:01Z,2026-08-12T18:00:00Z,150.4,2.3,3.0,2.0,-0.7,0.7
5-10 дней,2026-08-06T11:36:01Z,2026-08-12T21:00:00Z,153.4,1.9,3.0,1.0,-1.1,1.1
5-10 дней,2026-08-06T11:36:01Z,2026-08-13T00:00:00Z,156.4,1.9,3.0,1.0,-1.1,1.1
5-10 дней,2026-08-06T11:44:08Z,2026-08-11T12:00:00Z,120.3,4.1,4.0,2.0,0.1,0.1
5-10 дней,2026-08-06T11:44:08Z,2026-08-11T15:00:00Z,123.3,4.1,4.0,2.0,0.1,0.1
5-10 дней,2026-08-06T11:44:08Z,2026-08-11T18:00:00Z,126.3,4.4,2.0,2.0,2.4,2.4
5-10 дней,2026-08-06T11:44:08Z,2026-08-11T21:00:00Z,129.3,4.3,1.0,2.0,3.3,3.3
5-10 дней,2026-08-06T11:44:08Z,2026-08-12T00:00:00Z,132.3,4.4,1.0,2.0,3.4,3.4
5-10 дней,2026-08-06T11:44:08Z,2026-08-12T03:00:00Z,135.3,4.9,1.0,2.0,3.9,3.9
5-10 дней,2026-08-06T11:44:08Z,2026-08-12T06:00:00Z,138.3,5.4,2.0,3.0,3.4,3.4
5-10 дней,2026-08-06T11:44:08Z,2026-08-12T09:00:00Z,141.3,5.4,2.0,4.0,3.4,3.4
5-10 дней,2026-08-06T11:44:08Z,2026-08-12T12:00:00Z,144.3,4.9,3.0,4.0,1.9,1.9
5-10 дней,2026-08-06T11:44:08Z,2026-08-12T15:00:00Z,147.3,3.6,4.0,4.0,-0.4,0.4
5-10 дней,2026-08-06T11:44:08Z,2026-08-12T18:00:00Z,150.3,2.3,3.0,2.0,-0.7,0.7
5-10 дней,2026-08-06T11:44:08Z,2026-08-12T21:00:00Z,153.3,1.9,3.0,1.0,-1.1,1.1
5-10 дней,2026-08-06T11:44:08Z,2026-08-13T00:00:00Z,156.3,1.9,3.0,1.0,-1.1,1.1
5-10 дней,2026-08-07T01:31:32Z,2026-08-12T03:00:00Z,121.5,4.4,1.0,2.0,3.4,3.4
5-10 дней,2026-08-07T01:31:32Z,2026-08-12T06:00:00Z,124.5,4.6,2.0,3.0,2.6,2.6
5-10 дней,2026-08-07T01:31:32Z,2026-08-12T09:00:00Z,127.5,4.6,2.0,4.0,2.6,2.6
5-10 дней,2026-08-07T01:31:32Z,2026-08-12T12:00:00Z,130.5,4.5,3.0,4.0,1.5,1.5
5-10 дней,2026-08-07T01:31:32Z,2026-08-12T15:00:00Z,133.5,3.2,4.0,4.0,-0.8,0.8
5-10 дней,2026-08-07T01:31:32Z,2026-08-12T18:00:00Z,136.5,2.3,3.0,2.0,-0.7,0.7
5-10 дней,2026-08-07T01:31:32Z,2026-08-12T21:00:00Z,139.5,3.9,3.0,1.0,0.9,0.9
5-10 дней,2026-08-07T01:31:32Z,2026-08-13T00:00:00Z,142.5,5.8,3.0,1.0,2.8,2.8
5-10 дней,2026-08-07T01:31:32Z,2026-08-13T03:00:00Z,145.5,5.9,4.0,1.0,1.9,1.9
5-10 дней,2026-08-07T01:31:32Z,2026-08-13T06:00:00Z,148.5,5.4,5.0,2.0,0.4,0.4
5-10 дней,2026-08-07T01:31:32Z,2026-08-13T09:00:00Z,151.5,4.5,4.0,2.0,0.5,0.5
5-10 дней,2026-08-07T01:31:32Z,2026-08-13T12:00:00Z,154.5,3.6,5.0,3.0,-1.4,1.4
5-10 дней,2026-08-07T05:36:00Z,2026-08-12T06:00:00Z,120.4,4.6,2.0,3.0,2.6,2.6
5-10 дней,2026-08-07T05:36:00Z,2026-08-12T09:00:00Z,123.4,4.6,2.0,4.0,2.6,2.6
5-10 дней,2026-08-07T05:36:00Z,2026-08-12T12:00:00Z,126.4,4.5,3.0,4.0,1.5,1.5
5-10 дней,2026-08-07T05:36:00Z,2026-08-12T15:00:00Z,129.4,3.2,4.0,4.0,-0.8,0.8
5-10 дней,2026-08-07T05:36:00Z,2026-08-12T18:00:00Z,132.4,2.3,3.0,2.0,-0.7,0.7
5-10 дней,2026-08-07T05:36:00Z,2026-08-12T21:00:00Z,135.4,3.9,3.0,1.0,0.9,0.9
5-10 дней,2026-08-07T05:36:00Z,2026-08-13T00:00:00Z,138.4,5.8,3.0,1.0,2.8,2.8
5-10 дней,2026-08-07T05:36:00Z,2026-08-13T03:00:00Z,141.4,5.9,4.0,1.0,1.9,1.9
5-10 дней,2026-08-07T05:36:00Z,2026-08-13T06:00:00Z,144.4,5.4,5.0,2.0,0.4,0.4
5-10 дней,2026-08-07T05:36:00Z,2026-08-13T09:00:00Z,147.4,4.5,4.0,2.0,0.5,0.5
5-10 дней,2026-08-07T05:36:00Z,2026-08-13T12:00:00Z,150.4,3.6,5.0,3.0,-1.4,1.4
5-10 дней,2026-08-07T06:18:59Z,2026-08-12T09:00:00Z,122.7,4.6,2.0,4.0,2.6,2.6
5-10 дней,2026-08-07T06:18:59Z,2026-08-12T12:00:00Z,125.7,4.5,3.0,4.0,1.5,1.5
5-10 дней,2026-08-07T06:18:59Z,2026-08-12T15:00:00Z,128.7,3.2,4.0,4.0,-0.8,0.8
5-10 дней,2026-08-07T06:18:59Z,2026-08-12T18:00:00Z,131.7,2.3,3.0,2.0,-0.7,0.7
5-10 дней,2026-08-07T06:18:59Z,2026-08-12T21:00:00Z,134.7,3.9,3.0,1.0,0.9,0.9
5-10 дней,2026-08-07T06:18:59Z,2026-08-13T00:00:00Z,137.7,5.8,3.0,1.0,2.8,2.8
5-10 дней,2026-08-07T06:18:59Z,2026-08-13T03:00:00Z,140.7,5.9,4.0,1.0,1.9,1.9
5-10 дней,2026-08-07T06:18:59Z,2026-08-13T06:00:00Z,143.7,5.4,5.0,2.0,0.4,0.4
5-10 дней,2026-08-07T06:18:59Z,2026-08-13T09:00:00Z,146.7,4.5,4.0,2.0,0.5,0.5
5-10 дней,2026-08-07T06:18:59Z,2026-08-13T12:00:00Z,149.7,3.6,5.0,3.0,-1.4,1.4
5-10 дней,2026-08-07T07:13:52Z,2026-08-12T09:00:00Z,121.8,4.6,2.0,4.0,2.6,2.6
5-10 дней,2026-08-07T07:13:52Z,2026-08-12T12:00:00Z,124.8,4.5,3.0,4.0,1.5,1.5
5-10 дней,2026-08-07T07:13:52Z,2026-08-12T15:00:00Z,127.8,3.2,4.0,4.0,-0.8,0.8
5-10 дней,2026-08-07T07:13:52Z,2026-08-12T18:00:00Z,130.8,2.3,3.0,2.0,-0.7,0.7
5-10 дней,2026-08-07T07:13:52Z,2026-08-12T21:00:00Z,133.8,3.9,3.0,1.0,0.9,0.9
5-10 дней,2026-08-07T07:13:52Z,2026-08-13T00:00:00Z,136.8,5.8,3.0,1.0,2.8,2.8
5-10 дней,2026-08-07T07:13:52Z,2026-08-13T03:00:00Z,139.8,5.9,4.0,1.0,1.9,1.9
5-10 дней,2026-08-07T07:13:52Z,2026-08-13T06:00:00Z,142.8,5.4,5.0,2.0,0.4,0.4
5-10 дней,2026-08-07T07:13:52Z,2026-08-13T09:00:00Z,145.8,4.5,4.0,2.0,0.5,0.5
5-10 дней,2026-08-07T07:13:52Z,2026-08-13T12:00:00Z,148.8,3.6,5.0,3.0,-1.4,1.4
5-10 дней,2026-08-07T10:39:14Z,2026-08-12T12:00:00Z,121.3,5.3,3.0,4.0,2.3,2.3
5-10 дней,2026-08-07T10:39:14Z,2026-08-12T15:00:00Z,124.3,5.4,4.0,4.0,1.4,1.4
5-10 дней,2026-08-07T10:39:14Z,2026-08-12T18:00:00Z,127.3,5.0,3.0,2.0,2.0,2.0
5-10 дней,2026-08-07T10:39:14Z,2026-08-12T21:00:00Z,130.3,4.9,3.0,1.0,1.9,1.9
5-10 дней,2026-08-07T10:39:14Z,2026-08-13T00:00:00Z,133.3,4.8,3.0,1.0,1.8,1.8
5-10 дней,2026-08-07T10:39:14Z,2026-08-13T03:00:00Z,136.3,5.5,4.0,1.0,1.5,1.5
5-10 дней,2026-08-07T10:39:14Z,2026-08-13T06:00:00Z,139.3,6.2,5.0,2.0,1.2,1.2
5-10 дней,2026-08-07T10:39:14Z,2026-08-13T09:00:00Z,142.3,6.2,4.0,2.0,2.2,2.2
5-10 дней,2026-08-07T10:39:14Z,2026-08-13T12:00:00Z,145.3,5.8,5.0,3.0,0.8,0.8
5-10 дней,2026-08-07T10:39:14Z,2026-08-13T15:00:00Z,148.3,5.0,5.0,4.0,0.0,0.0
5-10 дней,2026-08-07T10:39:14Z,2026-08-13T18:00:00Z,151.3,4.1,4.0,3.0,0.1,0.1
5-10 дней,2026-08-07T10:39:14Z,2026-08-13T21:00:00Z,154.3,3.4,4.0,3.0,-0.6,0.6
5-10 дней,2026-08-07T10:39:14Z,2026-08-14T00:00:00Z,157.3,2.9,3.0,3.0,-0.1,0.1
5-10 дней,2026-08-07T16:51:54Z,2026-08-12T18:00:00Z,121.1,5.0,3.0,2.0,2.0,2.0
5-10 дней,2026-08-07T16:51:54Z,2026-08-12T21:00:00Z,124.1,4.9,3.0,1.0,1.9,1.9
5-10 дней,2026-08-07T16:51:54Z,2026-08-13T00:00:00Z,127.1,4.8,3.0,1.0,1.8,1.8
5-10 дней,2026-08-07T16:51:54Z,2026-08-13T03:00:00Z,130.1,5.5,4.0,1.0,1.5,1.5
5-10 дней,2026-08-07T16:51:54Z,2026-08-13T06:00:00Z,133.1,6.2,5.0,2.0,1.2,1.2
5-10 дней,2026-08-07T16:51:54Z,2026-08-13T09:00:00Z,136.1,6.2,4.0,2.0,2.2,2.2
5-10 дней,2026-08-07T16:51:54Z,2026-08-13T12:00:00Z,139.1,5.8,5.0,3.0,0.8,0.8
5-10 дней,2026-08-07T16:51:54Z,2026-08-13T15:00:00Z,142.1,5.0,5.0,4.0,0.0,0.0
5-10 дней,2026-08-07T16:51:54Z,2026-08-13T18:00:00Z,145.1,4.1,4.0,3.0,0.1,0.1
5-10 дней,2026-08-07T16:51:54Z,2026-08-13T21:00:00Z,148.1,3.4,4.0,3.0,-0.6,0.6
5-10 дней,2026-08-07T16:51:54Z,2026-08-14T00:00:00Z,151.1,2.9,3.0,3.0,-0.1,0.1
5-10 дней,2026-08-07T22:45:57Z,2026-08-13T00:00:00Z,121.2,5.2,3.0,1.0,2.2,2.2
5-10 дней,2026-08-07T22:45:57Z,2026-08-13T03:00:00Z,124.2,4.8,4.0,1.0,0.8,0.8
5-10 дней,2026-08-07T22:45:57Z,2026-08-13T06:00:00Z,127.2,5.3,5.0,2.0,0.3,0.3
5-10 дней,2026-08-07T22:45:57Z,2026-08-13T09:00:00Z,130.2,5.8,4.0,2.0,1.8,1.8
5-10 дней,2026-08-07T22:45:57Z,2026-08-13T12:00:00Z,133.2,6.0,5.0,3.0,1.0,1.0
5-10 дней,2026-08-07T22:45:57Z,2026-08-13T15:00:00Z,136.2,5.3,5.0,4.0,0.3,0.3
5-10 дней,2026-08-07T22:45:57Z,2026-08-13T18:00:00Z,139.2,4.6,4.0,3.0,0.6,0.6
5-10 дней,2026-08-07T22:45:57Z,2026-08-13T21:00:00Z,142.2,4.7,4.0,3.0,0.7,0.7
5-10 дней,2026-08-07T22:45:57Z,2026-08-14T00:00:00Z,145.2,5.0,3.0,3.0,2.0,2.0
5-10 дней,2026-08-07T22:45:57Z,2026-08-14T03:00:00Z,148.2,5.1,3.0,4.0,2.1,2.1
5-10 дней,2026-08-07T22:45:57Z,2026-08-14T06:00:00Z,151.2,5.2,3.0,5.0,2.2,2.2
5-10 дней,2026-08-07T22:45:57Z,2026-08-14T09:00:00Z,154.2,5.8,3.0,4.0,2.8,2.8
5-10 дней,2026-08-07T22:45:57Z,2026-08-14T12:00:00Z,157.2,6.3,3.0,5.0,3.3,3.3
5-10 дней,2026-08-07T23:19:23Z,2026-08-13T00:00:00Z,120.7,5.2,3.0,1.0,2.2,2.2
5-10 дней,2026-08-07T23:19:23Z,2026-08-13T03:00:00Z,123.7,4.8,4.0,1.0,0.8,0.8
5-10 дней,2026-08-07T23:19:23Z,2026-08-13T06:00:00Z,126.7,5.3,5.0,2.0,0.3,0.3
5-10 дней,2026-08-07T23:19:23Z,2026-08-13T09:00:00Z,129.7,5.8,4.0,2.0,1.8,1.8
5-10 дней,2026-08-07T23:19:23Z,2026-08-13T12:00:00Z,132.7,6.0,5.0,3.0,1.0,1.0
5-10 дней,2026-08-07T23:19:23Z,2026-08-13T15:00:00Z,135.7,5.3,5.0,4.0,0.3,0.3
5-10 дней,2026-08-07T23:19:23Z,2026-08-13T18:00:00Z,138.7,4.6,4.0,3.0,0.6,0.6
5-10 дней,2026-08-07T23:19:23Z,2026-08-13T21:00:00Z,141.7,4.7,4.0,3.0,0.7,0.7
5-10 дней,2026-08-07T23:19:23Z,2026-08-14T00:00:00Z,144.7,5.0,3.0,3.0,2.0,2.0
5-10 дней,2026-08-07T23:19:23Z,2026-08-14T03:00:00Z,147.7,5.1,3.0,4.0,2.1,2.1
5-10 дней,2026-08-07T23:19:23Z,2026-08-14T06:00:00Z,150.7,5.2,3.0,5.0,2.2,2.2
5-10 дней,2026-08-07T23:19:23Z,2026-08-14T09:00:00Z,153.7,5.8,3.0,4.0,2.8,2.8
5-10 дней,2026-08-07T23:19:23Z,2026-08-14T12:00:00Z,156.7,6.3,3.0,5.0,3.3,3.3
5-10 дней,2026-08-08T04:50:53Z,2026-08-13T06:00:00Z,121.2,5.3,5.0,2.0,0.3,0.3
5-10 дней,2026-08-08T04:50:53Z,2026-08-13T09:00:00Z,124.2,5.8,4.0,2.0,1.8,1.8
5-10 дней,2026-08-08T04:50:53Z,2026-08-13T12:00:00Z,127.2,6.0,5.0,3.0,1.0,1.0
5-10 дней,2026-08-08T04:50:53Z,2026-08-13T15:00:00Z,130.2,5.3,5.0,4.0,0.3,0.3
5-10 дней,2026-08-08T04:50:53Z,2026-08-13T18:00:00Z,133.2,4.6,4.0,3.0,0.6,0.6
5-10 дней,2026-08-08T04:50:53Z,2026-08-13T21:00:00Z,136.2,4.7,4.0,3.0,0.7,0.7
5-10 дней,2026-08-08T04:50:53Z,2026-08-14T00:00:00Z,139.2,5.0,3.0,3.0,2.0,2.0
5-10 дней,2026-08-08T04:50:53Z,2026-08-14T03:00:00Z,142.2,5.1,3.0,4.0,2.1,2.1
5-10 дней,2026-08-08T04:50:53Z,2026-08-14T06:00:00Z,145.2,5.2,3.0,5.0,2.2,2.2
5-10 дней,2026-08-08T04:50:53Z,2026-08-14T09:00:00Z,148.2,5.8,3.0,4.0,2.8,2.8
5-10 дней,2026-08-08T04:50:53Z,2026-08-14T12:00:00Z,151.2,6.3,3.0,5.0,3.3,3.3
5-10 дней,2026-08-08T10:18:13Z,2026-08-13T12:00:00Z,121.7,7.4,5.0,3.0,2.4,2.4
5-10 дней,2026-08-08T10:18:13Z,2026-08-13T15:00:00Z,124.7,7.1,5.0,4.0,2.1,2.1
5-10 дней,2026-08-08T10:18:13Z,2026-08-13T18:00:00Z,127.7,6.3,4.0,3.0,2.3,2.3
5-10 дней,2026-08-08T10:18:13Z,2026-08-13T21:00:00Z,130.7,5.7,4.0,3.0,1.7,1.7
5-10 дней,2026-08-08T10:18:13Z,2026-08-14T00:00:00Z,133.7,5.2,3.0,3.0,2.2,2.2
5-10 дней,2026-08-08T10:18:13Z,2026-08-14T03:00:00Z,136.7,5.0,3.0,4.0,2.0,2.0
5-10 дней,2026-08-08T10:18:13Z,2026-08-14T06:00:00Z,139.7,4.9,3.0,5.0,1.9,1.9
5-10 дней,2026-08-08T10:18:13Z,2026-08-14T09:00:00Z,142.7,4.5,3.0,4.0,1.5,1.5
5-10 дней,2026-08-08T10:18:13Z,2026-08-14T12:00:00Z,145.7,4.1,3.0,5.0,1.1,1.1
5-10 дней,2026-08-08T10:18:13Z,2026-08-14T15:00:00Z,148.7,3.7,3.0,5.0,0.7,0.7
5-10 дней,2026-08-08T10:18:13Z,2026-08-14T18:00:00Z,151.7,3.4,3.0,4.0,0.4,0.4
5-10 дней,2026-08-08T10:18:13Z,2026-08-14T21:00:00Z,154.7,3.1,2.0,4.0,1.1,1.1
5-10 дней,2026-08-08T10:18:13Z,2026-08-15T00:00:00Z,157.7,2.9,2.0,3.0,0.9,0.9
5-10 дней,2026-08-08T22:37:20Z,2026-08-14T00:00:00Z,121.4,4.9,3.0,3.0,1.9,1.9
5-10 дней,2026-08-08T22:37:20Z,2026-08-14T03:00:00Z,124.4,4.0,3.0,4.0,1.0,1.0
5-10 дней,2026-08-08T22:37:20Z,2026-08-14T06:00:00Z,127.4,3.4,3.0,5.0,0.4,0.4
5-10 дней,2026-08-08T22:37:20Z,2026-08-14T09:00:00Z,130.4,3.4,3.0,4.0,0.4,0.4
5-10 дней,2026-08-08T22:37:20Z,2026-08-14T12:00:00Z,133.4,3.0,3.0,5.0,0.0,0.0
5-10 дней,2026-08-08T22:37:20Z,2026-08-14T15:00:00Z,136.4,2.7,3.0,5.0,-0.3,0.3
5-10 дней,2026-08-08T22:37:20Z,2026-08-14T18:00:00Z,139.4,2.6,3.0,4.0,-0.4,0.4
5-10 дней,2026-08-08T22:37:20Z,2026-08-14T21:00:00Z,142.4,2.8,2.0,4.0,0.8,0.8
5-10 дней,2026-08-08T22:37:20Z,2026-08-15T00:00:00Z,145.4,3.1,2.0,3.0,1.1,1.1
5-10 дней,2026-08-08T22:37:20Z,2026-08-15T03:00:00Z,148.4,3.2,1.0,3.0,2.2,2.2
5-10 дней,2026-08-08T22:37:20Z,2026-08-15T06:00:00Z,151.4,3.2,2.0,3.0,1.2,1.2
5-10 дней,2026-08-08T22:37:20Z,2026-08-15T09:00:00Z,154.4,3.0,2.0,3.0,1.0,1.0
5-10 дней,2026-08-08T22:37:20Z,2026-08-15T12:00:00Z,157.4,2.8,2.0,3.0,0.8,0.8
5-10 дней,2026-08-09T04:59:03Z,2026-08-14T06:00:00Z,121.0,3.4,3.0,5.0,0.4,0.4
5-10 дней,2026-08-09T04:59:03Z,2026-08-14T09:00:00Z,124.0,3.4,3.0,4.0,0.4,0.4
5-10 дней,2026-08-09T04:59:03Z,2026-08-14T12:00:00Z,127.0,3.0,3.0,5.0,0.0,0.0
5-10 дней,2026-08-09T04:59:03Z,2026-08-14T15:00:00Z,130.0,2.7,3.0,5.0,-0.3,0.3
5-10 дней,2026-08-09T04:59:03Z,2026-08-14T18:00:00Z,133.0,2.6,3.0,4.0,-0.4,0.4
5-10 дней,2026-08-09T04:59:03Z,2026-08-14T21:00:00Z,136.0,2.8,2.0,4.0,0.8,0.8
5-10 дней,2026-08-09T04:59:03Z,2026-08-15T00:00:00Z,139.0,3.1,2.0,3.0,1.1,1.1
5-10 дней,2026-08-09T04:59:03Z,2026-08-15T03:00:00Z,142.0,3.2,1.0,3.0,2.2,2.2
5-10 дней,2026-08-09T04:59:03Z,2026-08-15T06:00:00Z,145.0,3.2,2.0,3.0,1.2,1.2
5-10 дней,2026-08-09T04:59:03Z,2026-08-15T09:00:00Z,148.0,3.0,2.0,3.0,1.0,1.0
5-10 дней,2026-08-09T04:59:03Z,2026-08-15T12:00:00Z,151.0,2.8,2.0,3.0,0.8,0.8
5-10 дней,2026-08-09T10:19:29Z,2026-08-14T12:00:00Z,121.7,3.0,3.0,5.0,0.0,0.0
5-10 дней,2026-08-09T10:19:29Z,2026-08-14T15:00:00Z,124.7,2.7,3.0,5.0,-0.3,0.3
5-10 дней,2026-08-09T10:19:29Z,2026-08-14T18:00:00Z,127.7,2.6,3.0,4.0,-0.4,0.4
5-10 дней,2026-08-09T10:19:29Z,2026-08-14T21:00:00Z,130.7,2.8,2.0,4.0,0.8,0.8
5-10 дней,2026-08-09T10:19:29Z,2026-08-15T00:00:00Z,133.7,3.1,2.0,3.0,1.1,1.1
5-10 дней,2026-08-09T10:19:29Z,2026-08-15T03:00:00Z,136.7,3.2,1.0,3.0,2.2,2.2
5-10 дней,2026-08-09T10:19:29Z,2026-08-15T06:00:00Z,139.7,3.2,2.0,3.0,1.2,1.2
5-10 дней,2026-08-09T10:19:29Z,2026-08-15T09:00:00Z,142.7,3.0,2.0,3.0,1.0,1.0
5-10 дней,2026-08-09T10:19:29Z,2026-08-15T12:00:00Z,145.7,2.8,2.0,3.0,0.8,0.8
5-10 дней,2026-08-09T12:41:38Z,2026-08-14T15:00:00Z,122.3,2.7,3.0,5.0,-0.3,0.3
5-10 дней,2026-08-09T12:41:38Z,2026-08-14T18:00:00Z,125.3,2.6,3.0,4.0,-0.4,0.4
5-10 дней,2026-08-09T12:41:38Z,2026-08-14T21:00:00Z,128.3,2.8,2.0,4.0,0.8,0.8
5-10 дней,2026-08-09T12:41:38Z,2026-08-15T00:00:00Z,131.3,3.1,2.0,3.0,1.1,1.1
5-10 дней,2026-08-09T12:41:38Z,2026-08-15T03:00:00Z,134.3,3.2,1.0,3.0,2.2,2.2
5-10 дней,2026-08-09T12:41:38Z,2026-08-15T06:00:00Z,137.3,3.2,2.0,3.0,1.2,1.2
5-10 дней,2026-08-09T12:41:38Z,2026-08-15T09:00:00Z,140.3,3.0,2.0,3.0,1.0,1.0
5-10 дней,2026-08-09T12:41:38Z,2026-08-15T12:00:00Z,143.3,2.8,2.0,3.0,0.8,0.8
5-10 дней,2026-08-09T12:45:53Z,2026-08-14T15:00:00Z,122.2,2.7,3.0,5.0,-0.3,0.3
5-10 дней,2026-08-09T12:45:53Z,2026-08-14T18:00:00Z,125.2,2.6,3.0,4.0,-0.4,0.4
5-10 дней,2026-08-09T12:45:53Z,2026-08-14T21:00:00Z,128.2,2.8,2.0,4.0,0.8,0.8
5-10 дней,2026-08-09T12:45:53Z,2026-08-15T00:00:00Z,131.2,3.1,2.0,3.0,1.1,1.1
5-10 дней,2026-08-09T12:45:53Z,2026-08-15T03:00:00Z,134.2,3.2,1.0,3.0,2.2,2.2
5-10 дней,2026-08-09T12:45:53Z,2026-08-15T06:00:00Z,137.2,3.2,2.0,3.0,1.2,1.2
5-10 дней,2026-08-09T12:45:53Z,2026-08-15T09:00:00Z,140.2,3.0,2.0,3.0,1.0,1.0
5-10 дней,2026-08-09T12:45:53Z,2026-08-15T12:00:00Z,143.2,2.8,2.0,3.0,0.8,0.8
5-10 дней,2026-08-09T12:48:15Z,2026-08-14T15:00:00Z,122.2,2.7,3.0,5.0,-0.3,0.3
5-10 дней,2026-08-09T12:48:15Z,2026-08-14T18:00:00Z,125.2,2.6,3.0,4.0,-0.4,0.4
5-10 дней,2026-08-09T12:48:15Z,2026-08-14T21:00:00Z,128.2,2.8,2.0,4.0,0.8,0.8
5-10 дней,2026-08-09T12:48:15Z,2026-08-15T00:00:00Z,131.2,3.1,2.0,3.0,1.1,1.1
5-10 дней,2026-08-09T12:48:15Z,2026-08-15T03:00:00Z,134.2,3.2,1.0,3.0,2.2,2.2
5-10 дней,2026-08-09T12:48:15Z,2026-08-15T06:00:00Z,137.2,3.2,2.0,3.0,1.2,1.2
5-10 дней,2026-08-09T12:48:15Z,2026-08-15T09:00:00Z,140.2,3.0,2.0,3.0,1.0,1.0
5-10 дней,2026-08-09T12:48:15Z,2026-08-15T12:00:00Z,143.2,2.8,2.0,3.0,0.8,0.8
5-10 дней,2026-08-09T16:31:44Z,2026-08-14T18:00:00Z,121.5,1.9,3.0,4.0,-1.1,1.1
5-10 дней,2026-08-09T16:31:44Z,2026-08-14T21:00:00Z,124.5,1.9,2.0,4.0,-0.1,0.1
5-10 дней,2026-08-09T16:31:44Z,2026-08-15T00:00:00Z,127.5,2.1,2.0,3.0,0.1,0.1
5-10 дней,2026-08-09T16:31:44Z,2026-08-15T03:00:00Z,130.5,1.9,1.0,3.0,0.9,0.9
5-10 дней,2026-08-09T16:31:44Z,2026-08-15T06:00:00Z,133.5,1.7,2.0,3.0,-0.3,0.3
5-10 дней,2026-08-09T16:31:44Z,2026-08-15T09:00:00Z,136.5,2.1,2.0,3.0,0.1,0.1
5-10 дней,2026-08-09T16:31:44Z,2026-08-15T12:00:00Z,139.5,2.5,2.0,3.0,0.5,0.5
5-10 дней,2026-08-09T16:31:44Z,2026-08-15T15:00:00Z,142.5,2.5,1.0,3.0,1.5,1.5
5-10 дней,2026-08-09T16:31:44Z,2026-08-15T18:00:00Z,145.5,2.3,2.0,3.0,0.3,0.3
5-10 дней,2026-08-09T16:31:44Z,2026-08-15T21:00:00Z,148.5,1.8,2.0,2.0,-0.2,0.2
5-10 дней,2026-08-09T16:31:44Z,2026-08-16T00:00:00Z,151.5,1.3,3.0,2.0,-1.7,1.7
5-10 дней,2026-08-09T22:39:09Z,2026-08-15T00:00:00Z,121.3,2.6,2.0,3.0,0.6,0.6
5-10 дней,2026-08-09T22:39:09Z,2026-08-15T03:00:00Z,124.3,2.7,1.0,3.0,1.7,1.7
5-10 дней,2026-08-09T22:39:09Z,2026-08-15T06:00:00Z,127.3,2.6,2.0,3.0,0.6,0.6
5-10 дней,2026-08-09T22:39:09Z,2026-08-15T09:00:00Z,130.3,0.8,2.0,3.0,-1.2,1.2
5-10 дней,2026-08-09T22:39:09Z,2026-08-15T12:00:00Z,133.3,0.4,2.0,3.0,-1.6,1.6
5-10 дней,2026-08-09T22:39:09Z,2026-08-15T15:00:00Z,136.3,1.1,1.0,3.0,0.1,0.1
5-10 дней,2026-08-09T22:39:09Z,2026-08-15T18:00:00Z,139.3,2.1,2.0,3.0,0.1,0.1
5-10 дней,2026-08-09T22:39:09Z,2026-08-15T21:00:00Z,142.3,2.2,2.0,2.0,0.2,0.2
5-10 дней,2026-08-09T22:39:09Z,2026-08-16T00:00:00Z,145.3,2.3,3.0,2.0,-0.7,0.7
5-10 дней,2026-08-09T22:39:09Z,2026-08-16T03:00:00Z,148.3,2.9,1.0,1.0,1.9,1.9
5-10 дней,2026-08-09T22:39:09Z,2026-08-16T06:00:00Z,151.3,3.6,2.0,2.0,1.6,1.6
5-10 дней,2026-08-09T22:39:09Z,2026-08-16T09:00:00Z,154.3,4.0,2.0,2.0,2.0,2.0
5-10 дней,2026-08-09T22:39:09Z,2026-08-16T12:00:00Z,157.3,4.3,1.0,2.0,3.3,3.3
5-10 дней,2026-08-10T05:20:42Z,2026-08-15T06:00:00Z,120.7,2.6,2.0,3.0,0.6,0.6
5-10 дней,2026-08-10T05:20:42Z,2026-08-15T09:00:00Z,123.7,0.8,2.0,3.0,-1.2,1.2
5-10 дней,2026-08-10T05:20:42Z,2026-08-15T12:00:00Z,126.7,0.4,2.0,3.0,-1.6,1.6
5-10 дней,2026-08-10T05:20:42Z,2026-08-15T15:00:00Z,129.7,1.1,1.0,3.0,0.1,0.1
5-10 дней,2026-08-10T05:20:42Z,2026-08-15T18:00:00Z,132.7,2.1,2.0,3.0,0.1,0.1
5-10 дней,2026-08-10T05:20:42Z,2026-08-15T21:00:00Z,135.7,2.2,2.0,2.0,0.2,0.2
5-10 дней,2026-08-10T05:20:42Z,2026-08-16T00:00:00Z,138.7,2.3,3.0,2.0,-0.7,0.7
5-10 дней,2026-08-10T05:20:42Z,2026-08-16T03:00:00Z,141.7,2.9,1.0,1.0,1.9,1.9
5-10 дней,2026-08-10T05:20:42Z,2026-08-16T06:00:00Z,144.7,3.6,2.0,2.0,1.6,1.6
5-10 дней,2026-08-10T05:20:42Z,2026-08-16T09:00:00Z,147.7,4.0,2.0,2.0,2.0,2.0
5-10 дней,2026-08-10T05:20:42Z,2026-08-16T12:00:00Z,150.7,4.3,1.0,2.0,3.3,3.3
5-10 дней,2026-08-10T10:53:28Z,2026-08-15T12:00:00Z,121.1,0.8,2.0,3.0,-1.2,1.2
5-10 дней,2026-08-10T10:53:28Z,2026-08-15T15:00:00Z,124.1,1.9,1.0,3.0,0.9,0.9
5-10 дней,2026-08-10T10:53:28Z,2026-08-15T18:00:00Z,127.1,2.7,2.0,3.0,0.7,0.7
5-10 дней,2026-08-10T10:53:28Z,2026-08-15T21:00:00Z,130.1,2.3,2.0,2.0,0.3,0.3
5-10 дней,2026-08-10T10:53:28Z,2026-08-16T00:00:00Z,133.1,2.3,3.0,2.0,-0.7,0.7
5-10 дней,2026-08-10T10:53:28Z,2026-08-16T03:00:00Z,136.1,2.5,1.0,1.0,1.5,1.5
5-10 дней,2026-08-10T10:53:28Z,2026-08-16T06:00:00Z,139.1,2.9,2.0,2.0,0.9,0.9
5-10 дней,2026-08-10T10:53:28Z,2026-08-16T09:00:00Z,142.1,3.5,2.0,2.0,1.5,1.5
5-10 дней,2026-08-10T10:53:28Z,2026-08-16T12:00:00Z,145.1,4.0,1.0,2.0,3.0,3.0
5-10 дней,2026-08-10T10:53:28Z,2026-08-16T15:00:00Z,148.1,4.2,1.0,1.0,3.2,3.2
5-10 дней,2026-08-10T10:53:28Z,2026-08-16T18:00:00Z,151.1,4.2,1.0,2.0,3.2,3.2
5-10 дней,2026-08-10T10:53:28Z,2026-08-16T21:00:00Z,154.1,4.2,1.0,2.0,3.2,3.2
5-10 дней,2026-08-10T10:53:28Z,2026-08-17T00:00:00Z,157.1,4.1,1.0,3.0,3.1,3.1
5-10 дней,2026-08-10T16:52:05Z,2026-08-15T18:00:00Z,121.1,2.7,2.0,3.0,0.7,0.7
5-10 дней,2026-08-10T16:52:05Z,2026-08-15T21:00:00Z,124.1,2.3,2.0,2.0,0.3,0.3
5-10 дней,2026-08-10T16:52:05Z,2026-08-16T00:00:00Z,127.1,2.3,3.0,2.0,-0.7,0.7
5-10 дней,2026-08-10T16:52:05Z,2026-08-16T03:00:00Z,130.1,2.5,1.0,1.0,1.5,1.5
5-10 дней,2026-08-10T16:52:05Z,2026-08-16T06:00:00Z,133.1,2.9,2.0,2.0,0.9,0.9
5-10 дней,2026-08-10T16:52:05Z,2026-08-16T09:00:00Z,136.1,3.5,2.0,2.0,1.5,1.5
5-10 дней,2026-08-10T16:52:05Z,2026-08-16T12:00:00Z,139.1,4.0,1.0,2.0,3.0,3.0
5-10 дней,2026-08-10T16:52:05Z,2026-08-16T15:00:00Z,142.1,4.2,1.0,1.0,3.2,3.2
5-10 дней,2026-08-10T16:52:05Z,2026-08-16T18:00:00Z,145.1,4.2,1.0,2.0,3.2,3.2
5-10 дней,2026-08-10T16:52:05Z,2026-08-16T21:00:00Z,148.1,4.2,1.0,2.0,3.2,3.2
5-10 дней,2026-08-10T16:52:05Z,2026-08-17T00:00:00Z,151.1,4.1,1.0,3.0,3.1,3.1
5-10 дней,2026-08-10T22:47:13Z,2026-08-16T00:00:00Z,121.2,2.8,3.0,2.0,-0.2,0.2
5-10 дней,2026-08-10T22:47:13Z,2026-08-16T03:00:00Z,124.2,2.8,1.0,1.0,1.8,1.8
5-10 дней,2026-08-10T22:47:13Z,2026-08-16T06:00:00Z,127.2,4.3,2.0,2.0,2.3,2.3
5-10 дней,2026-08-10T22:47:13Z,2026-08-16T09:00:00Z,130.2,4.9,2.0,2.0,2.9,2.9
5-10 дней,2026-08-10T22:47:13Z,2026-08-16T12:00:00Z,133.2,5.2,1.0,2.0,4.2,4.2
5-10 дней,2026-08-10T22:47:13Z,2026-08-16T15:00:00Z,136.2,4.8,1.0,1.0,3.8,3.8
5-10 дней,2026-08-10T22:47:13Z,2026-08-16T18:00:00Z,139.2,4.3,1.0,2.0,3.3,3.3
5-10 дней,2026-08-10T22:47:13Z,2026-08-16T21:00:00Z,142.2,4.3,1.0,2.0,3.3,3.3
5-10 дней,2026-08-10T22:47:13Z,2026-08-17T00:00:00Z,145.2,4.3,1.0,3.0,3.3,3.3
5-10 дней,2026-08-10T22:47:13Z,2026-08-17T03:00:00Z,148.2,3.9,1.0,1.0,2.9,2.9
5-10 дней,2026-08-10T22:47:13Z,2026-08-17T06:00:00Z,151.2,3.4,2.0,2.0,1.4,1.4
5-10 дней,2026-08-10T22:47:13Z,2026-08-17T09:00:00Z,154.2,3.0,3.0,2.0,0.0,0.0
5-10 дней,2026-08-10T22:47:13Z,2026-08-17T12:00:00Z,157.2,2.7,3.0,1.0,-0.3,0.3
5-10 дней,2026-08-11T05:01:49Z,2026-08-16T06:00:00Z,121.0,4.3,2.0,2.0,2.3,2.3
5-10 дней,2026-08-11T05:01:49Z,2026-08-16T09:00:00Z,124.0,4.9,2.0,2.0,2.9,2.9
5-10 дней,2026-08-11T05:01:49Z,2026-08-16T12:00:00Z,127.0,5.2,1.0,2.0,4.2,4.2
5-10 дней,2026-08-11T05:01:49Z,2026-08-16T15:00:00Z,130.0,4.8,1.0,1.0,3.8,3.8
5-10 дней,2026-08-11T05:01:49Z,2026-08-16T18:00:00Z,133.0,4.3,1.0,2.0,3.3,3.3
5-10 дней,2026-08-11T05:01:49Z,2026-08-16T21:00:00Z,136.0,4.3,1.0,2.0,3.3,3.3
5-10 дней,2026-08-11T05:01:49Z,2026-08-17T00:00:00Z,139.0,4.3,1.0,3.0,3.3,3.3
5-10 дней,2026-08-11T05:01:49Z,2026-08-17T03:00:00Z,142.0,3.9,1.0,1.0,2.9,2.9
5-10 дней,2026-08-11T05:01:49Z,2026-08-17T06:00:00Z,145.0,3.4,2.0,2.0,1.4,1.4
5-10 дней,2026-08-11T05:01:49Z,2026-08-17T09:00:00Z,148.0,3.0,3.0,2.0,0.0,0.0
5-10 дней,2026-08-11T05:01:49Z,2026-08-17T12:00:00Z,151.0,2.7,3.0,1.0,-0.3,0.3
5-10 дней,2026-08-11T10:38:45Z,2026-08-16T12:00:00Z,121.4,3.6,1.0,2.0,2.6,2.6
5-10 дней,2026-08-11T10:38:45Z,2026-08-16T15:00:00Z,124.4,4.1,1.0,1.0,3.1,3.1
5-10 дней,2026-08-11T10:38:45Z,2026-08-16T18:00:00Z,127.4,4.1,1.0,2.0,3.1,3.1
5-10 дней,2026-08-11T10:38:45Z,2026-08-16T21:00:00Z,130.4,4.1,1.0,2.0,3.1,3.1
5-10 дней,2026-08-11T10:38:45Z,2026-08-17T00:00:00Z,133.4,4.2,1.0,3.0,3.2,3.2
5-10 дней,2026-08-11T10:38:45Z,2026-08-17T03:00:00Z,136.4,4.3,1.0,1.0,3.3,3.3
5-10 дней,2026-08-11T10:38:45Z,2026-08-17T06:00:00Z,139.4,4.4,2.0,2.0,2.4,2.4
5-10 дней,2026-08-11T10:38:45Z,2026-08-17T09:00:00Z,142.4,4.5,3.0,2.0,1.5,1.5
5-10 дней,2026-08-11T10:38:45Z,2026-08-17T12:00:00Z,145.4,4.3,3.0,1.0,1.3,1.3
5-10 дней,2026-08-11T10:38:45Z,2026-08-17T15:00:00Z,148.4,3.6,1.0,1.0,2.6,2.6
5-10 дней,2026-08-11T10:38:45Z,2026-08-17T18:00:00Z,151.4,2.8,1.0,1.0,1.8,1.8
5-10 дней,2026-08-11T10:38:45Z,2026-08-17T21:00:00Z,154.4,1.9,0.0,1.0,1.9,1.9
5-10 дней,2026-08-11T10:38:45Z,2026-08-18T00:00:00Z,157.4,1.2,1.0,1.0,0.2,0.2
5-10 дней,2026-08-12T10:47:03Z,2026-08-17T12:00:00Z,121.2,0.8,3.0,1.0,-2.2,2.2
5-10 дней,2026-08-12T10:47:03Z,2026-08-17T15:00:00Z,124.2,1.4,1.0,1.0,0.4,0.4
5-10 дней,2026-08-12T10:47:03Z,2026-08-17T18:00:00Z,127.2,1.9,1.0,1.0,0.9,0.9
5-10 дней,2026-08-12T10:47:03Z,2026-08-17T21:00:00Z,130.2,1.6,0.0,1.0,1.6,1.6
5-10 дней,2026-08-12T10:47:03Z,2026-08-18T00:00:00Z,133.2,1.3,1.0,1.0,0.3,0.3
5-10 дней,2026-08-12T10:47:03Z,2026-08-18T03:00:00Z,136.2,1.3,1.0,1.0,0.3,0.3
5-10 дней,2026-08-12T10:47:03Z,2026-08-18T06:00:00Z,139.2,1.6,1.0,2.0,0.6,0.6
5-10 дней,2026-08-12T10:47:03Z,2026-08-18T09:00:00Z,142.2,2.3,1.0,3.0,1.3,1.3
5-10 дней,2026-08-12T10:47:03Z,2026-08-18T12:00:00Z,145.2,2.9,2.0,3.0,0.9,0.9
5-10 дней,2026-08-12T10:47:03Z,2026-08-18T15:00:00Z,148.2,2.7,2.0,1.0,0.7,0.7
5-10 дней,2026-08-12T10:47:03Z,2026-08-18T18:00:00Z,151.2,2.3,1.0,1.0,1.3,1.3
5-10 дней,2026-08-12T10:47:03Z,2026-08-18T21:00:00Z,154.2,2.3,1.0,0.0,1.3,1.3
5-10 дней,2026-08-12T10:47:03Z,2026-08-19T00:00:00Z,157.2,2.4,1.0,1.0,1.4,1.4
5-10 дней,2026-08-12T16:54:57Z,2026-08-17T18:00:00Z,121.1,1.9,1.0,1.0,0.9,0.9
5-10 дней,2026-08-12T16:54:57Z,2026-08-17T21:00:00Z,124.1,1.6,0.0,1.0,1.6,1.6
5-10 дней,2026-08-12T16:54:57Z,2026-08-18T00:00:00Z,127.1,1.3,1.0,1.0,0.3,0.3
5-10 дней,2026-08-12T16:54:57Z,2026-08-18T03:00:00Z,130.1,1.3,1.0,1.0,0.3,0.3
5-10 дней,2026-08-12T16:54:57Z,2026-08-18T06:00:00Z,133.1,1.6,1.0,2.0,0.6,0.6
5-10 дней,2026-08-12T16:54:57Z,2026-08-18T09:00:00Z,136.1,2.3,1.0,3.0,1.3,1.3
5-10 дней,2026-08-12T16:54:57Z,2026-08-18T12:00:00Z,139.1,2.9,2.0,3.0,0.9,0.9
5-10 дней,2026-08-12T16:54:57Z,2026-08-18T15:00:00Z,142.1,2.7,2.0,1.0,0.7,0.7
5-10 дней,2026-08-12T16:54:57Z,2026-08-18T18:00:00Z,145.1,2.3,1.0,1.0,1.3,1.3
5-10 дней,2026-08-12T16:54:57Z,2026-08-18T21:00:00Z,148.1,2.3,1.0,0.0,1.3,1.3
5-10 дней,2026-08-12T16:54:57Z,2026-08-19T00:00:00Z,151.1,2.4,1.0,1.0,1.4,1.4
5-10 дней,2026-08-12T22:50:47Z,2026-08-18T00:00:00Z,121.2,2.2,1.0,1.0,1.2,1.2
5-10 дней,2026-08-12T22:50:47Z,2026-08-18T03:00:00Z,124.2,1.9,1.0,1.0,0.9,0.9
5-10 дней,2026-08-12T22:50:47Z,2026-08-18T06:00:00Z,127.2,2.4,1.0,2.0,1.4,1.4
5-10 дней,2026-08-12T22:50:47Z,2026-08-18T09:00:00Z,130.2,2.7,1.0,3.0,1.7,1.7
5-10 дней,2026-08-12T22:50:47Z,2026-08-18T12:00:00Z,133.2,2.9,2.0,3.0,0.9,0.9
5-10 дней,2026-08-12T22:50:47Z,2026-08-18T15:00:00Z,136.2,2.4,2.0,1.0,0.4,0.4
5-10 дней,2026-08-12T22:50:47Z,2026-08-18T18:00:00Z,139.2,1.9,1.0,1.0,0.9,0.9
5-10 дней,2026-08-12T22:50:47Z,2026-08-18T21:00:00Z,142.2,2.1,1.0,0.0,1.1,1.1
5-10 дней,2026-08-12T22:50:47Z,2026-08-19T00:00:00Z,145.2,2.4,1.0,1.0,1.4,1.4
5-10 дней,2026-08-12T22:50:47Z,2026-08-19T03:00:00Z,148.2,2.6,2.0,1.0,0.6,0.6
5-10 дней,2026-08-12T22:50:47Z,2026-08-19T06:00:00Z,151.2,2.4,3.0,1.0,-0.6,0.6
5-10 дней,2026-08-12T22:50:47Z,2026-08-19T09:00:00Z,154.2,1.3,3.0,1.0,-1.7,1.7
5-10 дней,2026-08-12T22:50:47Z,2026-08-19T12:00:00Z,157.2,0.1,3.0,2.0,-2.9,2.9
5-10 дней,2026-08-13T05:30:08Z,2026-08-18T06:00:00Z,120.5,2.4,1.0,2.0,1.4,1.4
5-10 дней,2026-08-13T05:30:08Z,2026-08-18T09:00:00Z,123.5,2.7,1.0,3.0,1.7,1.7
5-10 дней,2026-08-13T05:30:08Z,2026-08-18T12:00:00Z,126.5,2.9,2.0,3.0,0.9,0.9
5-10 дней,2026-08-13T05:30:08Z,2026-08-18T15:00:00Z,129.5,2.4,2.0,1.0,0.4,0.4
5-10 дней,2026-08-13T05:30:08Z,2026-08-18T18:00:00Z,132.5,1.9,1.0,1.0,0.9,0.9
5-10 дней,2026-08-13T05:30:08Z,2026-08-18T21:00:00Z,135.5,2.1,1.0,0.0,1.1,1.1
5-10 дней,2026-08-13T05:30:08Z,2026-08-19T00:00:00Z,138.5,2.4,1.0,1.0,1.4,1.4
5-10 дней,2026-08-13T05:30:08Z,2026-08-19T03:00:00Z,141.5,2.6,2.0,1.0,0.6,0.6
5-10 дней,2026-08-13T05:30:08Z,2026-08-19T06:00:00Z,144.5,2.4,3.0,1.0,-0.6,0.6
5-10 дней,2026-08-13T05:30:08Z,2026-08-19T09:00:00Z,147.5,1.3,3.0,1.0,-1.7,1.7
5-10 дней,2026-08-13T05:30:08Z,2026-08-19T12:00:00Z,150.5,0.1,3.0,2.0,-2.9,2.9
5-10 дней,2026-08-13T10:49:01Z,2026-08-18T12:00:00Z,121.2,2.8,2.0,3.0,0.8,0.8
5-10 дней,2026-08-13T10:49:01Z,2026-08-18T15:00:00Z,124.2,2.6,2.0,1.0,0.6,0.6
5-10 дней,2026-08-13T10:49:01Z,2026-08-18T18:00:00Z,127.2,1.8,1.0,1.0,0.8,0.8
5-10 дней,2026-08-13T10:49:01Z,2026-08-18T21:00:00Z,130.2,2.0,1.0,0.0,1.0,1.0
5-10 дней,2026-08-13T10:49:01Z,2026-08-19T00:00:00Z,133.2,1.8,1.0,1.0,0.8,0.8
5-10 дней,2026-08-13T10:49:01Z,2026-08-19T03:00:00Z,136.2,1.8,2.0,1.0,-0.2,0.2
5-10 дней,2026-08-13T10:49:01Z,2026-08-19T06:00:00Z,139.2,1.8,3.0,1.0,-1.2,1.2
5-10 дней,2026-08-13T10:49:01Z,2026-08-19T09:00:00Z,142.2,1.4,3.0,1.0,-1.6,1.6
5-10 дней,2026-08-13T10:49:01Z,2026-08-19T12:00:00Z,145.2,1.1,3.0,2.0,-1.9,1.9
5-10 дней,2026-08-13T10:49:01Z,2026-08-19T15:00:00Z,148.2,1.5,3.0,2.0,-1.5,1.5
5-10 дней,2026-08-13T10:49:01Z,2026-08-19T18:00:00Z,151.2,1.9,3.0,1.0,-1.1,1.1
5-10 дней,2026-08-13T10:49:01Z,2026-08-19T21:00:00Z,154.2,2.0,2.0,1.0,0.0,0.0
5-10 дней,2026-08-13T10:49:01Z,2026-08-20T00:00:00Z,157.2,2.0,2.0,1.0,0.0,0.0
5-10 дней,2026-08-13T16:36:10Z,2026-08-18T18:00:00Z,121.4,1.8,1.0,1.0,0.8,0.8
5-10 дней,2026-08-13T16:36:10Z,2026-08-18T21:00:00Z,124.4,2.0,1.0,0.0,1.0,1.0
5-10 дней,2026-08-13T16:36:10Z,2026-08-19T00:00:00Z,127.4,1.8,1.0,1.0,0.8,0.8
5-10 дней,2026-08-13T16:36:10Z,2026-08-19T03:00:00Z,130.4,1.8,2.0,1.0,-0.2,0.2
5-10 дней,2026-08-13T16:36:10Z,2026-08-19T06:00:00Z,133.4,1.8,3.0,1.0,-1.2,1.2
5-10 дней,2026-08-13T16:36:10Z,2026-08-19T09:00:00Z,136.4,1.4,3.0,1.0,-1.6,1.6
5-10 дней,2026-08-13T16:36:10Z,2026-08-19T12:00:00Z,139.4,1.1,3.0,2.0,-1.9,1.9
5-10 дней,2026-08-13T16:36:10Z,2026-08-19T15:00:00Z,142.4,1.5,3.0,2.0,-1.5,1.5
5-10 дней,2026-08-13T16:36:10Z,2026-08-19T18:00:00Z,145.4,1.9,3.0,1.0,-1.1,1.1
5-10 дней,2026-08-13T16:36:10Z,2026-08-19T21:00:00Z,148.4,2.0,2.0,1.0,0.0,0.0
5-10 дней,2026-08-13T16:36:10Z,2026-08-20T00:00:00Z,151.4,2.0,2.0,1.0,0.0,0.0
5-10 дней,2026-08-13T16:42:24Z,2026-08-18T18:00:00Z,121.3,1.8,1.0,1.0,0.8,0.8
5-10 дней,2026-08-13T16:42:24Z,2026-08-18T21:00:00Z,124.3,2.0,1.0,0.0,1.0,1.0
5-10 дней,2026-08-13T16:42:24Z,2026-08-19T00:00:00Z,127.3,1.8,1.0,1.0,0.8,0.8
5-10 дней,2026-08-13T16:42:24Z,2026-08-19T03:00:00Z,130.3,1.8,2.0,1.0,-0.2,0.2
5-10 дней,2026-08-13T16:42:24Z,2026-08-19T06:00:00Z,133.3,1.8,3.0,1.0,-1.2,1.2
5-10 дней,2026-08-13T16:42:24Z,2026-08-19T09:00:00Z,136.3,1.4,3.0,1.0,-1.6,1.6
5-10 дней,2026-08-13T16:42:24Z,2026-08-19T12:00:00Z,139.3,1.1,3.0,2.0,-1.9,1.9
5-10 дней,2026-08-13T16:42:24Z,2026-08-19T15:00:00Z,142.3,1.5,3.0,2.0,-1.5,1.5
5-10 дней,2026-08-13T16:42:24Z,2026-08-19T18:00:00Z,145.3,1.9,3.0,1.0,-1.1,1.1
5-10 дней,2026-08-13T16:42:24Z,2026-08-19T21:00:00Z,148.3,2.0,2.0,1.0,0.0,0.0
5-10 дней,2026-08-13T16:42:24Z,2026-08-20T00:00:00Z,151.3,2.0,2.0,1.0,0.0,0.0
5-10 дней,2026-08-13T16:54:22Z,2026-08-18T18:00:00Z,121.1,1.8,1.0,1.0,0.8,0.8
5-10 дней,2026-08-13T16:54:22Z,2026-08-18T21:00:00Z,124.1,2.0,1.0,0.0,1.0,1.0
5-10 дней,2026-08-13T16:54:22Z,2026-08-19T00:00:00Z,127.1,1.8,1.0,1.0,0.8,0.8
5-10 дней,2026-08-13T16:54:22Z,2026-08-19T03:00:00Z,130.1,1.8,2.0,1.0,-0.2,0.2
5-10 дней,2026-08-13T16:54:22Z,2026-08-19T06:00:00Z,133.1,1.8,3.0,1.0,-1.2,1.2
5-10 дней,2026-08-13T16:54:22Z,2026-08-19T09:00:00Z,136.1,1.4,3.0,1.0,-1.6,1.6
5-10 дней,2026-08-13T16:54:22Z,2026-08-19T12:00:00Z,139.1,1.1,3.0,2.0,-1.9,1.9
5-10 дней,2026-08-13T16:54:22Z,2026-08-19T15:00:00Z,142.1,1.5,3.0,2.0,-1.5,1.5
5-10 дней,2026-08-13T16:54:22Z,2026-08-19T18:00:00Z,145.1,1.9,3.0,1.0,-1.1,1.1
5-10 дней,2026-08-13T16:54:22Z,2026-08-19T21:00:00Z,148.1,2.0,2.0,1.0,0.0,0.0
5-10 дней,2026-08-13T16:54:22Z,2026-08-20T00:00:00Z,151.1,2.0,2.0,1.0,0.0,0.0
5-10 дней,2026-08-13T22:52:17Z,2026-08-19T00:00:00Z,121.1,2.2,1.0,1.0,1.2,1.2
5-10 дней,2026-08-13T22:52:17Z,2026-08-19T03:00:00Z,124.1,2.6,2.0,1.0,0.6,0.6
5-10 дней,2026-08-13T22:52:17Z,2026-08-19T06:00:00Z,127.1,3.1,3.0,1.0,0.1,0.1
5-10 дней,2026-08-13T22:52:17Z,2026-08-19T09:00:00Z,130.1,3.2,3.0,1.0,0.2,0.2
5-10 дней,2026-08-13T22:52:17Z,2026-08-19T12:00:00Z,133.1,3.1,3.0,2.0,0.1,0.1
5-10 дней,2026-08-13T22:52:17Z,2026-08-19T15:00:00Z,136.1,3.2,3.0,2.0,0.2,0.2
5-10 дней,2026-08-13T22:52:17Z,2026-08-19T18:00:00Z,139.1,3.1,3.0,1.0,0.1,0.1
5-10 дней,2026-08-13T22:52:17Z,2026-08-19T21:00:00Z,142.1,2.4,2.0,1.0,0.4,0.4
5-10 дней,2026-08-13T22:52:17Z,2026-08-20T00:00:00Z,145.1,1.6,2.0,1.0,-0.4,0.4
5-10 дней,2026-08-13T22:52:17Z,2026-08-20T03:00:00Z,148.1,1.5,2.0,2.0,-0.5,0.5
5-10 дней,2026-08-13T22:52:17Z,2026-08-20T06:00:00Z,151.1,1.5,2.0,3.0,-0.5,0.5
5-10 дней,2026-08-13T22:52:17Z,2026-08-20T09:00:00Z,154.1,1.0,3.0,3.0,-2.0,2.0
5-10 дней,2026-08-13T22:52:17Z,2026-08-20T12:00:00Z,157.1,0.6,5.0,3.0,-4.4,4.4
5-10 дней,2026-08-14T05:28:14Z,2026-08-19T06:00:00Z,120.5,3.1,3.0,1.0,0.1,0.1
5-10 дней,2026-08-14T05:28:14Z,2026-08-19T09:00:00Z,123.5,3.2,3.0,1.0,0.2,0.2
5-10 дней,2026-08-14T05:28:14Z,2026-08-19T12:00:00Z,126.5,3.1,3.0,2.0,0.1,0.1
5-10 дней,2026-08-14T05:28:14Z,2026-08-19T15:00:00Z,129.5,3.2,3.0,2.0,0.2,0.2
5-10 дней,2026-08-14T05:28:14Z,2026-08-19T18:00:00Z,132.5,3.1,3.0,1.0,0.1,0.1
5-10 дней,2026-08-14T05:28:14Z,2026-08-19T21:00:00Z,135.5,2.4,2.0,1.0,0.4,0.4
5-10 дней,2026-08-14T05:28:14Z,2026-08-20T00:00:00Z,138.5,1.6,2.0,1.0,-0.4,0.4
5-10 дней,2026-08-14T05:28:14Z,2026-08-20T03:00:00Z,141.5,1.5,2.0,2.0,-0.5,0.5
5-10 дней,2026-08-14T05:28:14Z,2026-08-20T06:00:00Z,144.5,1.5,2.0,3.0,-0.5,0.5
5-10 дней,2026-08-14T05:28:14Z,2026-08-20T09:00:00Z,147.5,1.0,3.0,3.0,-2.0,2.0
5-10 дней,2026-08-14T05:28:14Z,2026-08-20T12:00:00Z,150.5,0.6,5.0,3.0,-4.4,4.4
5-10 дней,2026-08-14T10:44:54Z,2026-08-19T12:00:00Z,121.3,3.1,3.0,2.0,0.1,0.1
5-10 дней,2026-08-14T10:44:54Z,2026-08-19T15:00:00Z,124.3,3.9,3.0,2.0,0.9,0.9
5-10 дней,2026-08-14T10:44:54Z,2026-08-19T18:00:00Z,127.3,4.3,3.0,1.0,1.3,1.3
5-10 дней,2026-08-14T10:44:54Z,2026-08-19T21:00:00Z,130.3,2.3,2.0,1.0,0.3,0.3
5-10 дней,2026-08-14T10:44:54Z,2026-08-20T00:00:00Z,133.3,1.6,2.0,1.0,-0.4,0.4
5-10 дней,2026-08-14T10:44:54Z,2026-08-20T03:00:00Z,136.3,2.4,2.0,2.0,0.4,0.4
5-10 дней,2026-08-14T10:44:54Z,2026-08-20T06:00:00Z,139.3,3.6,2.0,3.0,1.6,1.6
5-10 дней,2026-08-14T10:44:54Z,2026-08-20T09:00:00Z,142.3,4.4,3.0,3.0,1.4,1.4
5-10 дней,2026-08-14T10:44:54Z,2026-08-20T12:00:00Z,145.3,4.7,5.0,3.0,-0.3,0.3
5-10 дней,2026-08-14T10:44:54Z,2026-08-20T15:00:00Z,148.3,4.0,3.0,3.0,1.0,1.0
5-10 дней,2026-08-14T10:44:54Z,2026-08-20T18:00:00Z,151.3,3.1,3.0,3.0,0.1,0.1
5-10 дней,2026-08-14T10:44:54Z,2026-08-20T21:00:00Z,154.3,3.0,3.0,2.0,0.0,0.0
5-10 дней,2026-08-14T10:44:54Z,2026-08-21T00:00:00Z,157.3,3.1,3.0,2.0,0.1,0.1
5-10 дней,2026-08-14T16:48:33Z,2026-08-19T18:00:00Z,121.2,4.3,3.0,1.0,1.3,1.3
5-10 дней,2026-08-14T16:48:33Z,2026-08-19T21:00:00Z,124.2,2.3,2.0,1.0,0.3,0.3
5-10 дней,2026-08-14T16:48:33Z,2026-08-20T00:00:00Z,127.2,1.6,2.0,1.0,-0.4,0.4
5-10 дней,2026-08-14T16:48:33Z,2026-08-20T03:00:00Z,130.2,2.4,2.0,2.0,0.4,0.4
5-10 дней,2026-08-14T16:48:33Z,2026-08-20T06:00:00Z,133.2,3.6,2.0,3.0,1.6,1.6
5-10 дней,2026-08-14T16:48:33Z,2026-08-20T09:00:00Z,136.2,4.4,3.0,3.0,1.4,1.4
5-10 дней,2026-08-14T16:48:33Z,2026-08-20T12:00:00Z,139.2,4.7,5.0,3.0,-0.3,0.3
5-10 дней,2026-08-14T16:48:33Z,2026-08-20T15:00:00Z,142.2,4.0,3.0,3.0,1.0,1.0
5-10 дней,2026-08-14T16:48:33Z,2026-08-20T18:00:00Z,145.2,3.1,3.0,3.0,0.1,0.1
5-10 дней,2026-08-14T16:48:33Z,2026-08-20T21:00:00Z,148.2,3.0,3.0,2.0,0.0,0.0
5-10 дней,2026-08-14T16:48:33Z,2026-08-21T00:00:00Z,151.2,3.1,3.0,2.0,0.1,0.1
5-10 дней,2026-08-14T22:30:55Z,2026-08-20T00:00:00Z,121.5,1.6,2.0,1.0,-0.4,0.4
5-10 дней,2026-08-14T22:30:55Z,2026-08-20T03:00:00Z,124.5,2.4,2.0,2.0,0.4,0.4
5-10 дней,2026-08-14T22:30:55Z,2026-08-20T06:00:00Z,127.5,3.6,2.0,3.0,1.6,1.6
5-10 дней,2026-08-14T22:30:55Z,2026-08-20T09:00:00Z,130.5,4.4,3.0,3.0,1.4,1.4
5-10 дней,2026-08-14T22:30:55Z,2026-08-20T12:00:00Z,133.5,4.7,5.0,3.0,-0.3,0.3
5-10 дней,2026-08-14T22:30:55Z,2026-08-20T15:00:00Z,136.5,4.0,3.0,3.0,1.0,1.0
5-10 дней,2026-08-14T22:30:55Z,2026-08-20T18:00:00Z,139.5,3.1,3.0,3.0,0.1,0.1
5-10 дней,2026-08-14T22:30:55Z,2026-08-20T21:00:00Z,142.5,3.0,3.0,2.0,0.0,0.0
5-10 дней,2026-08-14T22:30:55Z,2026-08-21T00:00:00Z,145.5,3.1,3.0,2.0,0.1,0.1
5-10 дней,2026-08-15T04:24:15Z,2026-08-20T06:00:00Z,121.6,3.6,2.0,3.0,1.6,1.6
5-10 дней,2026-08-15T04:24:15Z,2026-08-20T09:00:00Z,124.6,4.4,3.0,3.0,1.4,1.4
5-10 дней,2026-08-15T04:24:15Z,2026-08-20T12:00:00Z,127.6,4.7,5.0,3.0,-0.3,0.3
5-10 дней,2026-08-15T04:24:15Z,2026-08-20T15:00:00Z,130.6,4.0,3.0,3.0,1.0,1.0
5-10 дней,2026-08-15T04:24:15Z,2026-08-20T18:00:00Z,133.6,3.1,3.0,3.0,0.1,0.1
5-10 дней,2026-08-15T04:24:15Z,2026-08-20T21:00:00Z,136.6,3.0,3.0,2.0,0.0,0.0
5-10 дней,2026-08-15T04:24:15Z,2026-08-21T00:00:00Z,139.6,3.1,3.0,2.0,0.1,0.1
5-10 дней,2026-08-15T10:09:15Z,2026-08-20T12:00:00Z,121.8,2.8,5.0,3.0,-2.2,2.2
5-10 дней,2026-08-15T10:09:15Z,2026-08-20T15:00:00Z,124.8,3.3,3.0,3.0,0.3,0.3
5-10 дней,2026-08-15T10:09:15Z,2026-08-20T18:00:00Z,127.8,2.3,3.0,3.0,-0.7,0.7
5-10 дней,2026-08-15T10:09:15Z,2026-08-20T21:00:00Z,130.8,1.9,3.0,2.0,-1.1,1.1
5-10 дней,2026-08-15T10:09:15Z,2026-08-21T00:00:00Z,133.8,1.7,3.0,2.0,-1.3,1.3
5-10 дней,2026-08-15T10:09:15Z,2026-08-21T03:00:00Z,136.8,1.2,3.0,2.0,-1.8,1.8
5-10 дней,2026-08-15T10:09:15Z,2026-08-21T06:00:00Z,139.8,1.1,3.0,2.0,-1.9,1.9
5-10 дней,2026-08-15T10:09:15Z,2026-08-21T09:00:00Z,142.8,2.3,4.0,3.0,-1.7,1.7
5-10 дней,2026-08-15T10:09:15Z,2026-08-21T12:00:00Z,145.8,3.6,3.0,5.0,0.6,0.6
5-10 дней,2026-08-15T10:09:15Z,2026-08-21T15:00:00Z,148.8,3.5,2.0,3.0,1.5,1.5
5-10 дней,2026-08-15T10:09:15Z,2026-08-21T18:00:00Z,151.8,3.1,2.0,3.0,1.1,1.1
5-10 дней,2026-08-15T10:09:15Z,2026-08-21T21:00:00Z,154.8,3.1,2.0,3.0,1.1,1.1
5-10 дней,2026-08-15T10:09:15Z,2026-08-22T00:00:00Z,157.8,3.2,2.0,3.0,1.2,1.2
5-10 дней,2026-08-15T22:29:33Z,2026-08-21T00:00:00Z,121.5,3.1,3.0,2.0,0.1,0.1
5-10 дней,2026-08-15T22:29:33Z,2026-08-21T03:00:00Z,124.5,2.1,3.0,2.0,-0.9,0.9
5-10 дней,2026-08-15T22:29:33Z,2026-08-21T06:00:00Z,127.5,1.1,3.0,2.0,-1.9,1.9
5-10 дней,2026-08-15T22:29:33Z,2026-08-21T09:00:00Z,130.5,1.1,4.0,3.0,-2.9,2.9
5-10 дней,2026-08-15T22:29:33Z,2026-08-21T12:00:00Z,133.5,1.3,3.0,5.0,-1.7,1.7
5-10 дней,2026-08-15T22:29:33Z,2026-08-21T15:00:00Z,136.5,1.5,2.0,3.0,-0.5,0.5
5-10 дней,2026-08-15T22:29:33Z,2026-08-21T18:00:00Z,139.5,1.6,2.0,3.0,-0.4,0.4
5-10 дней,2026-08-15T22:29:33Z,2026-08-21T21:00:00Z,142.5,1.6,2.0,3.0,-0.4,0.4
5-10 дней,2026-08-15T22:29:33Z,2026-08-22T00:00:00Z,145.5,1.6,2.0,3.0,-0.4,0.4
5-10 дней,2026-08-15T22:29:33Z,2026-08-22T03:00:00Z,148.5,1.4,2.0,3.0,-0.6,0.6
5-10 дней,2026-08-15T22:29:33Z,2026-08-22T06:00:00Z,151.5,1.3,3.0,3.0,-1.7,1.7
5-10 дней,2026-08-15T22:29:33Z,2026-08-22T09:00:00Z,154.5,1.8,1.0,4.0,0.8,0.8
5-10 дней,2026-08-15T22:29:33Z,2026-08-22T12:00:00Z,157.5,2.3,2.0,3.0,0.3,0.3
5-10 дней,2026-08-16T04:29:41Z,2026-08-21T06:00:00Z,121.5,1.1,3.0,2.0,-1.9,1.9
5-10 дней,2026-08-16T04:29:41Z,2026-08-21T09:00:00Z,124.5,1.1,4.0,3.0,-2.9,2.9
5-10 дней,2026-08-16T04:29:41Z,2026-08-21T12:00:00Z,127.5,1.3,3.0,5.0,-1.7,1.7
5-10 дней,2026-08-16T04:29:41Z,2026-08-21T15:00:00Z,130.5,1.5,2.0,3.0,-0.5,0.5
5-10 дней,2026-08-16T04:29:41Z,2026-08-21T18:00:00Z,133.5,1.6,2.0,3.0,-0.4,0.4
5-10 дней,2026-08-16T04:29:41Z,2026-08-21T21:00:00Z,136.5,1.6,2.0,3.0,-0.4,0.4
5-10 дней,2026-08-16T04:29:41Z,2026-08-22T00:00:00Z,139.5,1.6,2.0,3.0,-0.4,0.4
5-10 дней,2026-08-16T04:29:41Z,2026-08-22T03:00:00Z,142.5,1.4,2.0,3.0,-0.6,0.6
5-10 дней,2026-08-16T04:29:41Z,2026-08-22T06:00:00Z,145.5,1.3,3.0,3.0,-1.7,1.7
5-10 дней,2026-08-16T04:29:41Z,2026-08-22T09:00:00Z,148.5,1.8,1.0,4.0,0.8,0.8
5-10 дней,2026-08-16T04:29:41Z,2026-08-22T12:00:00Z,151.5,2.3,2.0,3.0,0.3,0.3
5-10 дней,2026-08-16T07:21:44Z,2026-08-21T09:00:00Z,121.6,1.1,4.0,3.0,-2.9,2.9
5-10 дней,2026-08-16T07:21:44Z,2026-08-21T12:00:00Z,124.6,1.3,3.0,5.0,-1.7,1.7
5-10 дней,2026-08-16T07:21:44Z,2026-08-21T15:00:00Z,127.6,1.5,2.0,3.0,-0.5,0.5
5-10 дней,2026-08-16T07:21:44Z,2026-08-21T18:00:00Z,130.6,1.6,2.0,3.0,-0.4,0.4
5-10 дней,2026-08-16T07:21:44Z,2026-08-21T21:00:00Z,133.6,1.6,2.0,3.0,-0.4,0.4
5-10 дней,2026-08-16T07:21:44Z,2026-08-22T00:00:00Z,136.6,1.6,2.0,3.0,-0.4,0.4
5-10 дней,2026-08-16T07:21:44Z,2026-08-22T03:00:00Z,139.6,1.4,2.0,3.0,-0.6,0.6
5-10 дней,2026-08-16T07:21:44Z,2026-08-22T06:00:00Z,142.6,1.3,3.0,3.0,-1.7,1.7
5-10 дней,2026-08-16T07:21:44Z,2026-08-22T09:00:00Z,145.6,1.8,1.0,4.0,0.8,0.8
5-10 дней,2026-08-16T07:21:44Z,2026-08-22T12:00:00Z,148.6,2.3,2.0,3.0,0.3,0.3
5-10 дней,2026-08-16T10:09:47Z,2026-08-21T12:00:00Z,121.8,2.8,3.0,5.0,-0.2,0.2
5-10 дней,2026-08-16T10:09:47Z,2026-08-21T15:00:00Z,124.8,2.6,2.0,3.0,0.6,0.6
5-10 дней,2026-08-16T10:09:47Z,2026-08-21T18:00:00Z,127.8,2.1,2.0,3.0,0.1,0.1
5-10 дней,2026-08-16T10:09:47Z,2026-08-21T21:00:00Z,130.8,1.8,2.0,3.0,-0.2,0.2
5-10 дней,2026-08-16T10:09:47Z,2026-08-22T00:00:00Z,133.8,1.9,2.0,3.0,-0.1,0.1
5-10 дней,2026-08-16T10:09:47Z,2026-08-22T03:00:00Z,136.8,1.8,2.0,3.0,-0.2,0.2
5-10 дней,2026-08-16T10:09:47Z,2026-08-22T06:00:00Z,139.8,1.6,3.0,3.0,-1.4,1.4
5-10 дней,2026-08-16T10:09:47Z,2026-08-22T09:00:00Z,142.8,1.0,1.0,4.0,0.0,0.0
5-10 дней,2026-08-16T10:09:47Z,2026-08-22T12:00:00Z,145.8,0.6,2.0,3.0,-1.4,1.4
5-10 дней,2026-08-16T10:09:47Z,2026-08-22T15:00:00Z,148.8,1.4,2.0,2.0,-0.6,0.6
5-10 дней,2026-08-16T10:09:47Z,2026-08-22T18:00:00Z,151.8,2.4,0.0,2.0,2.4,2.4
5-10 дней,2026-08-16T10:09:47Z,2026-08-22T21:00:00Z,154.8,2.7,0.0,2.0,2.7,2.7
5-10 дней,2026-08-16T10:09:47Z,2026-08-23T00:00:00Z,157.8,2.8,1.0,2.0,1.8,1.8
5-10 дней,2026-08-16T16:21:00Z,2026-08-21T18:00:00Z,121.7,2.1,2.0,3.0,0.1,0.1
5-10 дней,2026-08-16T16:21:00Z,2026-08-21T21:00:00Z,124.7,1.8,2.0,3.0,-0.2,0.2
5-10 дней,2026-08-16T16:21:00Z,2026-08-22T00:00:00Z,127.7,1.9,2.0,3.0,-0.1,0.1
5-10 дней,2026-08-16T16:21:00Z,2026-08-22T03:00:00Z,130.7,1.8,2.0,3.0,-0.2,0.2
5-10 дней,2026-08-16T16:21:00Z,2026-08-22T06:00:00Z,133.7,1.6,3.0,3.0,-1.4,1.4
5-10 дней,2026-08-16T16:21:00Z,2026-08-22T09:00:00Z,136.7,1.0,1.0,4.0,0.0,0.0
5-10 дней,2026-08-16T16:21:00Z,2026-08-22T12:00:00Z,139.7,0.6,2.0,3.0,-1.4,1.4
5-10 дней,2026-08-16T16:21:00Z,2026-08-22T15:00:00Z,142.7,1.4,2.0,2.0,-0.6,0.6
5-10 дней,2026-08-16T16:21:00Z,2026-08-22T18:00:00Z,145.7,2.4,0.0,2.0,2.4,2.4
5-10 дней,2026-08-16T16:21:00Z,2026-08-22T21:00:00Z,148.7,2.7,0.0,2.0,2.7,2.7
5-10 дней,2026-08-16T16:21:00Z,2026-08-23T00:00:00Z,151.7,2.8,1.0,2.0,1.8,1.8
5-10 дней,2026-08-16T22:29:34Z,2026-08-22T00:00:00Z,121.5,3.9,2.0,3.0,1.9,1.9
5-10 дней,2026-08-16T22:29:34Z,2026-08-22T03:00:00Z,124.5,3.4,2.0,3.0,1.4,1.4
5-10 дней,2026-08-16T22:29:34Z,2026-08-22T06:00:00Z,127.5,3.8,3.0,3.0,0.8,0.8
5-10 дней,2026-08-16T22:29:34Z,2026-08-22T09:00:00Z,130.5,3.6,1.0,4.0,2.6,2.6
5-10 дней,2026-08-16T22:29:34Z,2026-08-22T12:00:00Z,133.5,3.4,2.0,3.0,1.4,1.4
5-10 дней,2026-08-16T22:29:34Z,2026-08-22T15:00:00Z,136.5,2.6,2.0,2.0,0.6,0.6
5-10 дней,2026-08-16T22:29:34Z,2026-08-22T18:00:00Z,139.5,1.8,0.0,2.0,1.8,1.8
5-10 дней,2026-08-16T22:29:34Z,2026-08-22T21:00:00Z,142.5,1.3,0.0,2.0,1.3,1.3
5-10 дней,2026-08-16T22:29:34Z,2026-08-23T00:00:00Z,145.5,1.1,1.0,2.0,0.1,0.1
5-10 дней,2026-08-16T22:29:34Z,2026-08-23T03:00:00Z,148.5,1.2,1.0,2.0,0.2,0.2
5-10 дней,2026-08-16T22:29:34Z,2026-08-23T06:00:00Z,151.5,1.6,2.0,3.0,-0.4,0.4
5-10 дней,2026-08-16T22:29:34Z,2026-08-23T09:00:00Z,154.5,2.2,3.0,1.0,-0.8,0.8
5-10 дней,2026-08-16T22:29:34Z,2026-08-23T12:00:00Z,157.5,2.7,2.0,2.0,0.7,0.7
5-10 дней,2026-08-17T04:35:30Z,2026-08-22T06:00:00Z,121.4,3.8,3.0,3.0,0.8,0.8
5-10 дней,2026-08-17T04:35:30Z,2026-08-22T09:00:00Z,124.4,3.6,1.0,4.0,2.6,2.6
5-10 дней,2026-08-17T04:35:30Z,2026-08-22T12:00:00Z,127.4,3.4,2.0,3.0,1.4,1.4
5-10 дней,2026-08-17T04:35:30Z,2026-08-22T15:00:00Z,130.4,2.6,2.0,2.0,0.6,0.6
5-10 дней,2026-08-17T04:35:30Z,2026-08-22T18:00:00Z,133.4,1.8,0.0,2.0,1.8,1.8
5-10 дней,2026-08-17T04:35:30Z,2026-08-22T21:00:00Z,136.4,1.3,0.0,2.0,1.3,1.3
5-10 дней,2026-08-17T04:35:30Z,2026-08-23T00:00:00Z,139.4,1.1,1.0,2.0,0.1,0.1
5-10 дней,2026-08-17T04:35:30Z,2026-08-23T03:00:00Z,142.4,1.2,1.0,2.0,0.2,0.2
5-10 дней,2026-08-17T04:35:30Z,2026-08-23T06:00:00Z,145.4,1.6,2.0,3.0,-0.4,0.4
5-10 дней,2026-08-17T04:35:30Z,2026-08-23T09:00:00Z,148.4,2.2,3.0,1.0,-0.8,0.8
5-10 дней,2026-08-17T04:35:30Z,2026-08-23T12:00:00Z,151.4,2.7,2.0,2.0,0.7,0.7
5-10 дней,2026-08-17T10:18:11Z,2026-08-22T12:00:00Z,121.7,2.9,2.0,3.0,0.9,0.9
5-10 дней,2026-08-17T10:18:11Z,2026-08-22T15:00:00Z,124.7,1.6,2.0,2.0,-0.4,0.4
5-10 дней,2026-08-17T10:18:11Z,2026-08-22T18:00:00Z,127.7,3.1,0.0,2.0,3.1,3.1
5-10 дней,2026-08-17T10:18:11Z,2026-08-22T21:00:00Z,130.7,1.8,0.0,2.0,1.8,1.8
5-10 дней,2026-08-17T10:18:11Z,2026-08-23T00:00:00Z,133.7,1.6,1.0,2.0,0.6,0.6
5-10 дней,2026-08-17T10:18:11Z,2026-08-23T03:00:00Z,136.7,1.6,1.0,2.0,0.6,0.6
5-10 дней,2026-08-17T10:18:11Z,2026-08-23T06:00:00Z,139.7,1.9,2.0,3.0,-0.1,0.1
5-10 дней,2026-08-17T10:18:11Z,2026-08-23T09:00:00Z,142.7,2.4,3.0,1.0,-0.6,0.6
5-10 дней,2026-08-17T10:18:11Z,2026-08-23T12:00:00Z,145.7,2.7,2.0,2.0,0.7,0.7
5-10 дней,2026-08-17T10:18:11Z,2026-08-23T15:00:00Z,148.7,2.2,2.0,2.0,0.2,0.2
5-10 дней,2026-08-17T10:18:11Z,2026-08-23T18:00:00Z,151.7,1.7,2.0,0.0,-0.3,0.3
5-10 дней,2026-08-17T10:18:11Z,2026-08-23T21:00:00Z,154.7,2.2,1.0,0.0,1.2,1.2
5-10 дней,2026-08-17T10:18:11Z,2026-08-24T00:00:00Z,157.7,2.8,2.0,1.0,0.8,0.8
5-10 дней,2026-08-17T16:23:45Z,2026-08-22T18:00:00Z,121.6,3.1,0.0,2.0,3.1,3.1
5-10 дней,2026-08-17T16:23:45Z,2026-08-22T21:00:00Z,124.6,1.8,0.0,2.0,1.8,1.8
5-10 дней,2026-08-17T16:23:45Z,2026-08-23T00:00:00Z,127.6,1.6,1.0,2.0,0.6,0.6
5-10 дней,2026-08-17T16:23:45Z,2026-08-23T03:00:00Z,130.6,1.6,1.0,2.0,0.6,0.6
5-10 дней,2026-08-17T16:23:45Z,2026-08-23T06:00:00Z,133.6,1.9,2.0,3.0,-0.1,0.1
5-10 дней,2026-08-17T16:23:45Z,2026-08-23T09:00:00Z,136.6,2.4,3.0,1.0,-0.6,0.6
5-10 дней,2026-08-17T16:23:45Z,2026-08-23T12:00:00Z,139.6,2.7,2.0,2.0,0.7,0.7
5-10 дней,2026-08-17T16:23:45Z,2026-08-23T15:00:00Z,142.6,2.2,2.0,2.0,0.2,0.2
5-10 дней,2026-08-17T16:23:45Z,2026-08-23T18:00:00Z,145.6,1.7,2.0,0.0,-0.3,0.3
5-10 дней,2026-08-17T16:23:45Z,2026-08-23T21:00:00Z,148.6,2.2,1.0,0.0,1.2,1.2
5-10 дней,2026-08-17T16:23:45Z,2026-08-24T00:00:00Z,151.6,2.8,2.0,1.0,0.8,0.8
5-10 дней,2026-08-17T22:31:28Z,2026-08-23T00:00:00Z,121.5,1.6,1.0,2.0,0.6,0.6
5-10 дней,2026-08-17T22:31:28Z,2026-08-23T03:00:00Z,124.5,1.6,1.0,2.0,0.6,0.6
5-10 дней,2026-08-17T22:31:28Z,2026-08-23T06:00:00Z,127.5,1.9,2.0,3.0,-0.1,0.1
5-10 дней,2026-08-17T22:31:28Z,2026-08-23T09:00:00Z,130.5,2.4,3.0,1.0,-0.6,0.6
5-10 дней,2026-08-17T22:31:28Z,2026-08-23T12:00:00Z,133.5,2.7,2.0,2.0,0.7,0.7
5-10 дней,2026-08-17T22:31:28Z,2026-08-23T15:00:00Z,136.5,2.2,2.0,2.0,0.2,0.2
5-10 дней,2026-08-17T22:31:28Z,2026-08-23T18:00:00Z,139.5,1.7,2.0,0.0,-0.3,0.3
5-10 дней,2026-08-17T22:31:28Z,2026-08-23T21:00:00Z,142.5,2.2,1.0,0.0,1.2,1.2
5-10 дней,2026-08-17T22:31:28Z,2026-08-24T00:00:00Z,145.5,2.8,2.0,1.0,0.8,0.8
5-10 дней,2026-08-18T04:30:05Z,2026-08-23T06:00:00Z,121.5,1.9,2.0,3.0,-0.1,0.1
5-10 дней,2026-08-18T04:30:05Z,2026-08-23T09:00:00Z,124.5,2.4,3.0,1.0,-0.6,0.6
5-10 дней,2026-08-18T04:30:05Z,2026-08-23T12:00:00Z,127.5,2.7,2.0,2.0,0.7,0.7
5-10 дней,2026-08-18T04:30:05Z,2026-08-23T15:00:00Z,130.5,2.2,2.0,2.0,0.2,0.2
5-10 дней,2026-08-18T04:30:05Z,2026-08-23T18:00:00Z,133.5,1.7,2.0,0.0,-0.3,0.3
5-10 дней,2026-08-18T04:30:05Z,2026-08-23T21:00:00Z,136.5,2.2,1.0,0.0,1.2,1.2
5-10 дней,2026-08-18T04:30:05Z,2026-08-24T00:00:00Z,139.5,2.8,2.0,1.0,0.8,0.8
5-10 дней,2026-08-18T10:14:55Z,2026-08-23T12:00:00Z,121.8,3.9,2.0,2.0,1.9,1.9
5-10 дней,2026-08-18T10:14:55Z,2026-08-23T15:00:00Z,124.8,4.4,2.0,2.0,2.4,2.4
5-10 дней,2026-08-18T10:14:55Z,2026-08-23T18:00:00Z,127.8,2.9,2.0,0.0,0.9,0.9
5-10 дней,2026-08-18T10:14:55Z,2026-08-23T21:00:00Z,130.8,2.1,1.0,0.0,1.1,1.1
5-10 дней,2026-08-18T10:14:55Z,2026-08-24T00:00:00Z,133.8,2.6,2.0,1.0,0.6,0.6
5-10 дней,2026-08-18T10:14:55Z,2026-08-24T03:00:00Z,136.8,2.9,1.0,1.0,1.9,1.9
5-10 дней,2026-08-18T10:14:55Z,2026-08-24T06:00:00Z,139.8,3.4,1.0,2.0,2.4,2.4
5-10 дней,2026-08-18T10:14:55Z,2026-08-24T09:00:00Z,142.8,3.8,1.0,3.0,2.8,2.8
5-10 дней,2026-08-18T10:14:55Z,2026-08-24T12:00:00Z,145.8,3.9,2.0,2.0,1.9,1.9
5-10 дней,2026-08-18T10:14:55Z,2026-08-24T15:00:00Z,148.8,3.5,1.0,2.0,2.5,2.5
5-10 дней,2026-08-18T10:14:55Z,2026-08-24T18:00:00Z,151.8,2.9,0.0,2.0,2.9,2.9
5-10 дней,2026-08-18T10:14:55Z,2026-08-24T21:00:00Z,154.8,2.2,1.0,1.0,1.2,1.2
5-10 дней,2026-08-18T10:14:55Z,2026-08-25T00:00:00Z,157.8,1.7,2.0,2.0,-0.3,0.3
5-10 дней,2026-08-18T16:27:50Z,2026-08-23T18:00:00Z,121.5,2.9,2.0,0.0,0.9,0.9
5-10 дней,2026-08-18T16:27:50Z,2026-08-23T21:00:00Z,124.5,2.1,1.0,0.0,1.1,1.1
5-10 дней,2026-08-18T16:27:50Z,2026-08-24T00:00:00Z,127.5,2.6,2.0,1.0,0.6,0.6
5-10 дней,2026-08-18T16:27:50Z,2026-08-24T03:00:00Z,130.5,2.9,1.0,1.0,1.9,1.9
5-10 дней,2026-08-18T16:27:50Z,2026-08-24T06:00:00Z,133.5,3.4,1.0,2.0,2.4,2.4
5-10 дней,2026-08-18T16:27:50Z,2026-08-24T09:00:00Z,136.5,3.8,1.0,3.0,2.8,2.8
5-10 дней,2026-08-18T16:27:50Z,2026-08-24T12:00:00Z,139.5,3.9,2.0,2.0,1.9,1.9
5-10 дней,2026-08-18T16:27:50Z,2026-08-24T15:00:00Z,142.5,3.5,1.0,2.0,2.5,2.5
5-10 дней,2026-08-18T16:27:50Z,2026-08-24T18:00:00Z,145.5,2.9,0.0,2.0,2.9,2.9
5-10 дней,2026-08-18T16:27:50Z,2026-08-24T21:00:00Z,148.5,2.2,1.0,1.0,1.2,1.2
5-10 дней,2026-08-18T16:27:50Z,2026-08-25T00:00:00Z,151.5,1.7,2.0,2.0,-0.3,0.3
5-10 дней,2026-08-18T22:31:39Z,2026-08-24T00:00:00Z,121.5,3.9,2.0,1.0,1.9,1.9
5-10 дней,2026-08-18T22:31:39Z,2026-08-24T03:00:00Z,124.5,3.6,1.0,1.0,2.6,2.6
5-10 дней,2026-08-18T22:31:39Z,2026-08-24T06:00:00Z,127.5,3.9,1.0,2.0,2.9,2.9
5-10 дней,2026-08-18T22:31:39Z,2026-08-24T09:00:00Z,130.5,4.6,1.0,3.0,3.6,3.6
5-10 дней,2026-08-18T22:31:39Z,2026-08-24T12:00:00Z,133.5,4.8,2.0,2.0,2.8,2.8
5-10 дней,2026-08-18T22:31:39Z,2026-08-24T15:00:00Z,136.5,4.7,1.0,2.0,3.7,3.7
5-10 дней,2026-08-18T22:31:39Z,2026-08-24T18:00:00Z,139.5,4.4,0.0,2.0,4.4,4.4
5-10 дней,2026-08-18T22:31:39Z,2026-08-24T21:00:00Z,142.5,4.1,1.0,1.0,3.1,3.1
5-10 дней,2026-08-18T22:31:39Z,2026-08-25T00:00:00Z,145.5,3.8,2.0,2.0,1.8,1.8
5-10 дней,2026-08-18T22:31:39Z,2026-08-25T03:00:00Z,148.5,3.9,2.0,1.0,1.9,1.9
5-10 дней,2026-08-18T22:31:39Z,2026-08-25T06:00:00Z,151.5,4.0,2.0,1.0,2.0,2.0
5-10 дней,2026-08-18T22:31:39Z,2026-08-25T09:00:00Z,154.5,4.1,3.0,1.0,1.1,1.1
5-10 дней,2026-08-18T22:31:39Z,2026-08-25T12:00:00Z,157.5,4.1,4.0,2.0,0.1,0.1
5-10 дней,2026-08-19T04:31:14Z,2026-08-24T06:00:00Z,121.5,3.9,1.0,2.0,2.9,2.9
5-10 дней,2026-08-19T04:31:14Z,2026-08-24T09:00:00Z,124.5,4.6,1.0,3.0,3.6,3.6
5-10 дней,2026-08-19T04:31:14Z,2026-08-24T12:00:00Z,127.5,4.8,2.0,2.0,2.8,2.8
5-10 дней,2026-08-19T04:31:14Z,2026-08-24T15:00:00Z,130.5,4.7,1.0,2.0,3.7,3.7
5-10 дней,2026-08-19T04:31:14Z,2026-08-24T18:00:00Z,133.5,4.4,0.0,2.0,4.4,4.4
5-10 дней,2026-08-19T04:31:14Z,2026-08-24T21:00:00Z,136.5,4.1,1.0,1.0,3.1,3.1
5-10 дней,2026-08-19T04:31:14Z,2026-08-25T00:00:00Z,139.5,3.8,2.0,2.0,1.8,1.8
5-10 дней,2026-08-19T04:31:14Z,2026-08-25T03:00:00Z,142.5,3.9,2.0,1.0,1.9,1.9
5-10 дней,2026-08-19T04:31:14Z,2026-08-25T06:00:00Z,145.5,4.0,2.0,1.0,2.0,2.0
5-10 дней,2026-08-19T04:31:14Z,2026-08-25T09:00:00Z,148.5,4.1,3.0,1.0,1.1,1.1
5-10 дней,2026-08-19T04:31:14Z,2026-08-25T12:00:00Z,151.5,4.1,4.0,2.0,0.1,0.1
5-10 дней,2026-08-19T10:14:48Z,2026-08-24T12:00:00Z,121.8,4.2,2.0,2.0,2.2,2.2
5-10 дней,2026-08-19T10:14:48Z,2026-08-24T15:00:00Z,124.8,3.6,1.0,2.0,2.6,2.6
5-10 дней,2026-08-19T10:14:48Z,2026-08-24T18:00:00Z,127.8,2.4,0.0,2.0,2.4,2.4
5-10 дней,2026-08-19T10:14:48Z,2026-08-24T21:00:00Z,130.8,1.6,1.0,1.0,0.6,0.6
5-10 дней,2026-08-19T10:14:48Z,2026-08-25T00:00:00Z,133.8,1.9,2.0,2.0,-0.1,0.1
5-10 дней,2026-08-19T10:14:48Z,2026-08-25T03:00:00Z,136.8,2.4,2.0,1.0,0.4,0.4
5-10 дней,2026-08-19T10:14:48Z,2026-08-25T06:00:00Z,139.8,3.1,2.0,1.0,1.1,1.1
5-10 дней,2026-08-19T10:14:48Z,2026-08-25T09:00:00Z,142.8,3.9,3.0,1.0,0.9,0.9
5-10 дней,2026-08-19T10:14:48Z,2026-08-25T12:00:00Z,145.8,4.4,4.0,2.0,0.4,0.4
5-10 дней,2026-08-19T10:14:48Z,2026-08-25T15:00:00Z,148.8,3.8,3.0,1.0,0.8,0.8
5-10 дней,2026-08-19T10:14:48Z,2026-08-25T18:00:00Z,151.8,3.1,2.0,0.0,1.1,1.1
5-10 дней,2026-08-19T10:14:48Z,2026-08-25T21:00:00Z,154.8,3.1,1.0,1.0,2.1,2.1
5-10 дней,2026-08-19T10:14:48Z,2026-08-26T00:00:00Z,157.8,3.3,2.0,2.0,1.3,1.3
5-10 дней,2026-08-19T16:28:17Z,2026-08-24T18:00:00Z,121.5,2.4,0.0,2.0,2.4,2.4
5-10 дней,2026-08-19T16:28:17Z,2026-08-24T21:00:00Z,124.5,1.6,1.0,1.0,0.6,0.6
5-10 дней,2026-08-19T16:28:17Z,2026-08-25T00:00:00Z,127.5,1.9,2.0,2.0,-0.1,0.1
5-10 дней,2026-08-19T16:28:17Z,2026-08-25T03:00:00Z,130.5,2.4,2.0,1.0,0.4,0.4
5-10 дней,2026-08-19T16:28:17Z,2026-08-25T06:00:00Z,133.5,3.1,2.0,1.0,1.1,1.1
5-10 дней,2026-08-19T16:28:17Z,2026-08-25T09:00:00Z,136.5,3.9,3.0,1.0,0.9,0.9
5-10 дней,2026-08-19T16:28:17Z,2026-08-25T12:00:00Z,139.5,4.4,4.0,2.0,0.4,0.4
5-10 дней,2026-08-19T16:28:17Z,2026-08-25T15:00:00Z,142.5,3.8,3.0,1.0,0.8,0.8
5-10 дней,2026-08-19T16:28:17Z,2026-08-25T18:00:00Z,145.5,3.1,2.0,0.0,1.1,1.1
5-10 дней,2026-08-19T16:28:17Z,2026-08-25T21:00:00Z,148.5,3.1,1.0,1.0,2.1,2.1
5-10 дней,2026-08-19T16:28:17Z,2026-08-26T00:00:00Z,151.5,3.3,2.0,2.0,1.3,1.3
5-10 дней,2026-08-20T04:31:56Z,2026-08-25T06:00:00Z,121.5,4.5,2.0,1.0,2.5,2.5
5-10 дней,2026-08-20T04:31:56Z,2026-08-25T09:00:00Z,124.5,5.3,3.0,1.0,2.3,2.3
5-10 дней,2026-08-20T04:31:56Z,2026-08-25T12:00:00Z,127.5,5.4,4.0,2.0,1.4,1.4
5-10 дней,2026-08-20T04:31:56Z,2026-08-25T15:00:00Z,130.5,4.3,3.0,1.0,1.3,1.3
5-10 дней,2026-08-20T04:31:56Z,2026-08-25T18:00:00Z,133.5,3.0,2.0,0.0,1.0,1.0
5-10 дней,2026-08-20T04:31:56Z,2026-08-25T21:00:00Z,136.5,2.5,1.0,1.0,1.5,1.5
5-10 дней,2026-08-20T04:31:56Z,2026-08-26T00:00:00Z,139.5,2.4,2.0,2.0,0.4,0.4
5-10 дней,2026-08-20T04:31:56Z,2026-08-26T03:00:00Z,142.5,2.9,1.0,2.0,1.9,1.9
5-10 дней,2026-08-20T04:31:56Z,2026-08-26T06:00:00Z,145.5,3.6,1.0,2.0,2.6,2.6
5-10 дней,2026-08-20T04:31:56Z,2026-08-26T09:00:00Z,148.5,3.9,3.0,3.0,0.9,0.9
5-10 дней,2026-08-20T04:31:56Z,2026-08-26T12:00:00Z,151.5,4.0,2.0,4.0,2.0,2.0
5-10 дней,2026-08-20T10:16:10Z,2026-08-25T12:00:00Z,121.7,4.9,4.0,2.0,0.9,0.9
5-10 дней,2026-08-20T10:16:10Z,2026-08-25T15:00:00Z,124.7,3.9,3.0,1.0,0.9,0.9
5-10 дней,2026-08-20T10:16:10Z,2026-08-25T18:00:00Z,127.7,2.6,2.0,0.0,0.6,0.6
5-10 дней,2026-08-20T10:16:10Z,2026-08-25T21:00:00Z,130.7,2.3,1.0,1.0,1.3,1.3
5-10 дней,2026-08-20T10:16:10Z,2026-08-26T00:00:00Z,133.7,2.4,2.0,2.0,0.4,0.4
5-10 дней,2026-08-20T10:16:10Z,2026-08-26T03:00:00Z,136.7,3.3,1.0,2.0,2.3,2.3
5-10 дней,2026-08-20T10:16:10Z,2026-08-26T06:00:00Z,139.7,4.0,1.0,2.0,3.0,3.0
5-10 дней,2026-08-20T10:16:10Z,2026-08-26T09:00:00Z,142.7,3.2,3.0,3.0,0.2,0.2
5-10 дней,2026-08-20T10:16:10Z,2026-08-26T12:00:00Z,145.7,2.3,2.0,4.0,0.3,0.3
5-10 дней,2026-08-20T10:16:10Z,2026-08-26T15:00:00Z,148.7,2.4,2.0,3.0,0.4,0.4
5-10 дней,2026-08-20T10:16:10Z,2026-08-26T18:00:00Z,151.7,2.8,1.0,2.0,1.8,1.8
5-10 дней,2026-08-20T10:16:10Z,2026-08-26T21:00:00Z,154.7,3.0,1.0,1.0,2.0,2.0
5-10 дней,2026-08-20T10:16:10Z,2026-08-27T00:00:00Z,157.7,3.1,1.0,2.0,2.1,2.1
5-10 дней,2026-08-20T16:31:45Z,2026-08-25T18:00:00Z,121.5,2.6,2.0,0.0,0.6,0.6
5-10 дней,2026-08-20T16:31:45Z,2026-08-25T21:00:00Z,124.5,2.3,1.0,1.0,1.3,1.3
5-10 дней,2026-08-20T16:31:45Z,2026-08-26T00:00:00Z,127.5,2.4,2.0,2.0,0.4,0.4
5-10 дней,2026-08-20T16:31:45Z,2026-08-26T03:00:00Z,130.5,3.3,1.0,2.0,2.3,2.3
5-10 дней,2026-08-20T16:31:45Z,2026-08-26T06:00:00Z,133.5,4.0,1.0,2.0,3.0,3.0
5-10 дней,2026-08-20T16:31:45Z,2026-08-26T09:00:00Z,136.5,3.2,3.0,3.0,0.2,0.2
5-10 дней,2026-08-20T16:31:45Z,2026-08-26T12:00:00Z,139.5,2.3,2.0,4.0,0.3,0.3
5-10 дней,2026-08-20T16:31:45Z,2026-08-26T15:00:00Z,142.5,2.4,2.0,3.0,0.4,0.4
5-10 дней,2026-08-20T16:31:45Z,2026-08-26T18:00:00Z,145.5,2.8,1.0,2.0,1.8,1.8
5-10 дней,2026-08-20T16:31:45Z,2026-08-26T21:00:00Z,148.5,3.0,1.0,1.0,2.0,2.0
5-10 дней,2026-08-20T16:31:45Z,2026-08-27T00:00:00Z,151.5,3.1,1.0,2.0,2.1,2.1
5-10 дней,2026-08-20T22:34:58Z,2026-08-26T00:00:00Z,121.4,2.7,2.0,2.0,0.7,0.7
5-10 дней,2026-08-20T22:34:58Z,2026-08-26T03:00:00Z,124.4,2.7,1.0,2.0,1.7,1.7
5-10 дней,2026-08-20T22:34:58Z,2026-08-26T06:00:00Z,127.4,3.3,1.0,2.0,2.3,2.3
5-10 дней,2026-08-20T22:34:58Z,2026-08-26T09:00:00Z,130.4,3.3,3.0,3.0,0.3,0.3
5-10 дней,2026-08-20T22:34:58Z,2026-08-26T12:00:00Z,133.4,4.0,2.0,4.0,2.0,2.0
5-10 дней,2026-08-20T22:34:58Z,2026-08-26T15:00:00Z,136.4,3.0,2.0,3.0,1.0,1.0
5-10 дней,2026-08-20T22:34:58Z,2026-08-26T18:00:00Z,139.4,2.0,1.0,2.0,1.0,1.0
5-10 дней,2026-08-20T22:34:58Z,2026-08-26T21:00:00Z,142.4,2.3,1.0,1.0,1.3,1.3
5-10 дней,2026-08-20T22:34:58Z,2026-08-27T00:00:00Z,145.4,2.8,1.0,2.0,1.8,1.8
5-10 дней,2026-08-20T22:34:58Z,2026-08-27T03:00:00Z,148.4,2.7,0.0,1.0,2.7,2.7
5-10 дней,2026-08-20T22:34:58Z,2026-08-27T06:00:00Z,151.4,2.8,3.0,1.0,-0.2,0.2
5-10 дней,2026-08-20T22:34:58Z,2026-08-27T09:00:00Z,154.4,3.9,4.0,3.0,-0.1,0.1
5-10 дней,2026-08-20T22:34:58Z,2026-08-27T12:00:00Z,157.4,4.9,4.0,2.0,0.9,0.9
5-10 дней,2026-08-21T04:32:20Z,2026-08-26T06:00:00Z,121.5,3.3,1.0,2.0,2.3,2.3
5-10 дней,2026-08-21T04:32:20Z,2026-08-26T09:00:00Z,124.5,3.3,3.0,3.0,0.3,0.3
5-10 дней,2026-08-21T04:32:20Z,2026-08-26T12:00:00Z,127.5,4.0,2.0,4.0,2.0,2.0
5-10 дней,2026-08-21T04:32:20Z,2026-08-26T15:00:00Z,130.5,3.0,2.0,3.0,1.0,1.0
5-10 дней,2026-08-21T04:32:20Z,2026-08-26T18:00:00Z,133.5,2.0,1.0,2.0,1.0,1.0
5-10 дней,2026-08-21T04:32:20Z,2026-08-26T21:00:00Z,136.5,2.3,1.0,1.0,1.3,1.3
5-10 дней,2026-08-21T04:32:20Z,2026-08-27T00:00:00Z,139.5,2.8,1.0,2.0,1.8,1.8
5-10 дней,2026-08-21T04:32:20Z,2026-08-27T03:00:00Z,142.5,2.7,0.0,1.0,2.7,2.7
5-10 дней,2026-08-21T04:32:20Z,2026-08-27T06:00:00Z,145.5,2.8,3.0,1.0,-0.2,0.2
5-10 дней,2026-08-21T04:32:20Z,2026-08-27T09:00:00Z,148.5,3.9,4.0,3.0,-0.1,0.1
5-10 дней,2026-08-21T04:32:20Z,2026-08-27T12:00:00Z,151.5,4.9,4.0,2.0,0.9,0.9
5-10 дней,2026-08-21T10:16:50Z,2026-08-26T12:00:00Z,121.7,4.2,2.0,4.0,2.2,2.2
5-10 дней,2026-08-21T10:16:50Z,2026-08-26T15:00:00Z,124.7,4.3,2.0,3.0,2.3,2.3
5-10 дней,2026-08-21T10:16:50Z,2026-08-26T18:00:00Z,127.7,2.8,1.0,2.0,1.8,1.8
5-10 дней,2026-08-21T10:16:50Z,2026-08-26T21:00:00Z,130.7,3.3,1.0,1.0,2.3,2.3
5-10 дней,2026-08-21T10:16:50Z,2026-08-27T00:00:00Z,133.7,2.7,1.0,2.0,1.7,1.7
5-10 дней,2026-08-21T10:16:50Z,2026-08-27T03:00:00Z,136.7,2.9,0.0,1.0,2.9,2.9
5-10 дней,2026-08-21T10:16:50Z,2026-08-27T06:00:00Z,139.7,3.1,3.0,1.0,0.1,0.1
5-10 дней,2026-08-21T10:16:50Z,2026-08-27T09:00:00Z,142.7,3.3,4.0,3.0,-0.7,0.7
5-10 дней,2026-08-21T10:16:50Z,2026-08-27T12:00:00Z,145.7,3.3,4.0,2.0,-0.7,0.7
5-10 дней,2026-08-21T10:16:50Z,2026-08-27T15:00:00Z,148.7,2.6,3.0,2.0,-0.4,0.4
5-10 дней,2026-08-21T10:16:50Z,2026-08-27T18:00:00Z,151.7,1.9,2.0,1.0,-0.1,0.1
5-10 дней,2026-08-21T10:16:50Z,2026-08-27T21:00:00Z,154.7,2.0,2.0,1.0,0.0,0.0
5-10 дней,2026-08-21T10:16:50Z,2026-08-28T00:00:00Z,157.7,2.2,3.0,1.0,-0.8,0.8
5-10 дней,2026-08-21T16:30:34Z,2026-08-26T18:00:00Z,121.5,2.8,1.0,2.0,1.8,1.8
5-10 дней,2026-08-21T16:30:34Z,2026-08-26T21:00:00Z,124.5,3.3,1.0,1.0,2.3,2.3
5-10 дней,2026-08-21T16:30:34Z,2026-08-27T00:00:00Z,127.5,2.7,1.0,2.0,1.7,1.7
5-10 дней,2026-08-21T16:30:34Z,2026-08-27T03:00:00Z,130.5,2.9,0.0,1.0,2.9,2.9
5-10 дней,2026-08-21T16:30:34Z,2026-08-27T06:00:00Z,133.5,3.1,3.0,1.0,0.1,0.1
5-10 дней,2026-08-21T16:30:34Z,2026-08-27T09:00:00Z,136.5,3.3,4.0,3.0,-0.7,0.7
5-10 дней,2026-08-21T16:30:34Z,2026-08-27T12:00:00Z,139.5,3.3,4.0,2.0,-0.7,0.7
5-10 дней,2026-08-21T16:30:34Z,2026-08-27T15:00:00Z,142.5,2.6,3.0,2.0,-0.4,0.4
5-10 дней,2026-08-21T16:30:34Z,2026-08-27T18:00:00Z,145.5,1.9,2.0,1.0,-0.1,0.1
5-10 дней,2026-08-21T16:30:34Z,2026-08-27T21:00:00Z,148.5,2.0,2.0,1.0,0.0,0.0
5-10 дней,2026-08-21T16:30:34Z,2026-08-28T00:00:00Z,151.5,2.2,3.0,1.0,-0.8,0.8
5-10 дней,2026-08-21T22:32:12Z,2026-08-27T00:00:00Z,121.5,3.6,1.0,2.0,2.6,2.6
5-10 дней,2026-08-21T22:32:12Z,2026-08-27T03:00:00Z,124.5,3.6,0.0,1.0,3.6,3.6
5-10 дней,2026-08-21T22:32:12Z,2026-08-27T06:00:00Z,127.5,4.6,3.0,1.0,1.6,1.6
5-10 дней,2026-08-21T22:32:12Z,2026-08-27T09:00:00Z,130.5,5.4,4.0,3.0,1.4,1.4
5-10 дней,2026-08-21T22:32:12Z,2026-08-27T12:00:00Z,133.5,5.5,4.0,2.0,1.5,1.5
5-10 дней,2026-08-21T22:32:12Z,2026-08-27T15:00:00Z,136.5,3.9,3.0,2.0,0.9,0.9
5-10 дней,2026-08-21T22:32:12Z,2026-08-27T18:00:00Z,139.5,2.3,2.0,1.0,0.3,0.3
5-10 дней,2026-08-21T22:32:12Z,2026-08-27T21:00:00Z,142.5,2.4,2.0,1.0,0.4,0.4
5-10 дней,2026-08-21T22:32:12Z,2026-08-28T00:00:00Z,145.5,2.9,3.0,1.0,-0.1,0.1
5-10 дней,2026-08-21T22:32:12Z,2026-08-28T03:00:00Z,148.5,3.4,2.0,0.0,1.4,1.4
5-10 дней,2026-08-21T22:32:12Z,2026-08-28T06:00:00Z,151.5,3.7,4.0,3.0,-0.3,0.3
5-10 дней,2026-08-21T22:32:12Z,2026-08-28T09:00:00Z,154.5,3.6,5.0,4.0,-1.4,1.4
5-10 дней,2026-08-21T22:32:12Z,2026-08-28T12:00:00Z,157.5,3.3,4.0,4.0,-0.7,0.7
5-10 дней,2026-08-22T04:26:43Z,2026-08-27T06:00:00Z,121.6,4.6,3.0,1.0,1.6,1.6
5-10 дней,2026-08-22T04:26:43Z,2026-08-27T09:00:00Z,124.6,5.4,4.0,3.0,1.4,1.4
5-10 дней,2026-08-22T04:26:43Z,2026-08-27T12:00:00Z,127.6,5.5,4.0,2.0,1.5,1.5
5-10 дней,2026-08-22T04:26:43Z,2026-08-27T15:00:00Z,130.6,3.9,3.0,2.0,0.9,0.9
5-10 дней,2026-08-22T04:26:43Z,2026-08-27T18:00:00Z,133.6,2.3,2.0,1.0,0.3,0.3
5-10 дней,2026-08-22T04:26:43Z,2026-08-27T21:00:00Z,136.6,2.4,2.0,1.0,0.4,0.4
5-10 дней,2026-08-22T04:26:43Z,2026-08-28T00:00:00Z,139.6,2.9,3.0,1.0,-0.1,0.1
5-10 дней,2026-08-22T04:26:43Z,2026-08-28T03:00:00Z,142.6,3.4,2.0,0.0,1.4,1.4
5-10 дней,2026-08-22T04:26:43Z,2026-08-28T06:00:00Z,145.6,3.7,4.0,3.0,-0.3,0.3
5-10 дней,2026-08-22T04:26:43Z,2026-08-28T09:00:00Z,148.6,3.6,5.0,4.0,-1.4,1.4
5-10 дней,2026-08-22T04:26:43Z,2026-08-28T12:00:00Z,151.6,3.3,4.0,4.0,-0.7,0.7
5-10 дней,2026-08-22T10:09:41Z,2026-08-27T12:00:00Z,121.8,5.8,4.0,2.0,1.8,1.8
5-10 дней,2026-08-22T10:09:41Z,2026-08-27T15:00:00Z,124.8,4.4,3.0,2.0,1.4,1.4
5-10 дней,2026-08-22T10:09:41Z,2026-08-27T18:00:00Z,127.8,3.0,2.0,1.0,1.0,1.0
5-10 дней,2026-08-22T10:09:41Z,2026-08-27T21:00:00Z,130.8,2.7,2.0,1.0,0.7,0.7
5-10 дней,2026-08-22T10:09:41Z,2026-08-28T00:00:00Z,133.8,1.9,3.0,1.0,-1.1,1.1
5-10 дней,2026-08-22T10:09:41Z,2026-08-28T03:00:00Z,136.8,1.6,2.0,0.0,-0.4,0.4
5-10 дней,2026-08-22T10:09:41Z,2026-08-28T06:00:00Z,139.8,1.5,4.0,3.0,-2.5,2.5
5-10 дней,2026-08-22T10:09:41Z,2026-08-28T09:00:00Z,142.8,2.2,5.0,4.0,-2.8,2.8
5-10 дней,2026-08-22T10:09:41Z,2026-08-28T12:00:00Z,145.8,2.7,4.0,4.0,-1.3,1.3
5-10 дней,2026-08-22T10:09:41Z,2026-08-28T15:00:00Z,148.8,2.0,3.0,3.0,-1.0,1.0
5-10 дней,2026-08-22T10:09:41Z,2026-08-28T18:00:00Z,151.8,1.4,0.0,2.0,1.4,1.4
5-10 дней,2026-08-22T10:09:41Z,2026-08-28T21:00:00Z,154.8,2.0,0.0,2.0,2.0,2.0
5-10 дней,2026-08-22T16:20:08Z,2026-08-27T18:00:00Z,121.7,3.0,2.0,1.0,1.0,1.0
5-10 дней,2026-08-22T16:20:08Z,2026-08-27T21:00:00Z,124.7,2.7,2.0,1.0,0.7,0.7
5-10 дней,2026-08-22T16:20:08Z,2026-08-28T00:00:00Z,127.7,1.9,3.0,1.0,-1.1,1.1
5-10 дней,2026-08-22T16:20:08Z,2026-08-28T03:00:00Z,130.7,1.6,2.0,0.0,-0.4,0.4
5-10 дней,2026-08-22T16:20:08Z,2026-08-28T06:00:00Z,133.7,1.5,4.0,3.0,-2.5,2.5
5-10 дней,2026-08-22T16:20:08Z,2026-08-28T09:00:00Z,136.7,2.2,5.0,4.0,-2.8,2.8
5-10 дней,2026-08-22T16:20:08Z,2026-08-28T12:00:00Z,139.7,2.7,4.0,4.0,-1.3,1.3
5-10 дней,2026-08-22T16:20:08Z,2026-08-28T15:00:00Z,142.7,2.0,3.0,3.0,-1.0,1.0
5-10 дней,2026-08-22T16:20:08Z,2026-08-28T18:00:00Z,145.7,1.4,0.0,2.0,1.4,1.4
5-10 дней,2026-08-22T16:20:08Z,2026-08-28T21:00:00Z,148.7,2.0,0.0,2.0,2.0,2.0
5-10 дней,2026-08-22T22:29:28Z,2026-08-28T00:00:00Z,121.5,3.3,3.0,1.0,0.3,0.3
5-10 дней,2026-08-22T22:29:28Z,2026-08-28T03:00:00Z,124.5,2.9,2.0,0.0,0.9,0.9
5-10 дней,2026-08-22T22:29:28Z,2026-08-28T06:00:00Z,127.5,4.6,4.0,3.0,0.6,0.6
5-10 дней,2026-08-22T22:29:28Z,2026-08-28T09:00:00Z,130.5,5.2,5.0,4.0,0.2,0.2
5-10 дней,2026-08-22T22:29:28Z,2026-08-28T12:00:00Z,133.5,5.2,4.0,4.0,1.2,1.2
5-10 дней,2026-08-22T22:29:28Z,2026-08-28T15:00:00Z,136.5,4.0,3.0,3.0,1.0,1.0
5-10 дней,2026-08-22T22:29:28Z,2026-08-28T18:00:00Z,139.5,2.6,0.0,2.0,2.6,2.6
5-10 дней,2026-08-22T22:29:28Z,2026-08-28T21:00:00Z,142.5,2.0,0.0,2.0,2.0,2.0
5-10 дней,2026-08-23T04:31:06Z,2026-08-28T06:00:00Z,121.5,4.6,4.0,3.0,0.6,0.6
5-10 дней,2026-08-23T04:31:06Z,2026-08-28T09:00:00Z,124.5,5.2,5.0,4.0,0.2,0.2
5-10 дней,2026-08-23T04:31:06Z,2026-08-28T12:00:00Z,127.5,5.2,4.0,4.0,1.2,1.2
5-10 дней,2026-08-23T04:31:06Z,2026-08-28T15:00:00Z,130.5,4.0,3.0,3.0,1.0,1.0
5-10 дней,2026-08-23T04:31:06Z,2026-08-28T18:00:00Z,133.5,2.6,0.0,2.0,2.6,2.6
5-10 дней,2026-08-23T04:31:06Z,2026-08-28T21:00:00Z,136.5,2.0,0.0,2.0,2.0,2.0
5-10 дней,2026-08-23T10:10:14Z,2026-08-28T12:00:00Z,121.8,5.1,4.0,4.0,1.1,1.1
5-10 дней,2026-08-23T10:10:14Z,2026-08-28T15:00:00Z,124.8,4.9,3.0,3.0,1.9,1.9
5-10 дней,2026-08-23T10:10:14Z,2026-08-28T18:00:00Z,127.8,3.6,0.0,2.0,3.6,3.6
5-10 дней,2026-08-23T10:10:14Z,2026-08-28T21:00:00Z,130.8,2.9,0.0,2.0,2.9,2.9
5-10 дней,2026-08-23T16:21:17Z,2026-08-28T18:00:00Z,121.6,3.6,0.0,2.0,3.6,3.6
5-10 дней,2026-08-23T16:21:17Z,2026-08-28T21:00:00Z,124.6,2.9,0.0,2.0,2.9,2.9
